step,best_fitness,avg_hamming,avg_l1,avg_entropy,mean,median,std,2%,5%,10%,25%,50%,75%,90%,95%,98%
91,-0.5317344665527344,255.91934204101562,16.323545455932617,353.99261474609375,0.5317345261573792,0.5304809808731079,0.006448461674153805,0.522506285905838,0.5236605167388916,0.5247993052005768,0.5268647372722626,0.5304809808731079,0.5344531387090683,0.5404308259487152,0.5438816398382187,0.5484975385665893
182,-0.5345454812049866,255.8332061767578,18.075708389282227,353.7199925013951,0.5345455408096313,0.5336874425411224,0.006084722932428122,0.525209481716156,0.5260064274072647,0.5276703655719757,0.5305254310369492,0.5336874425411224,0.5383928418159485,0.5428950548171997,0.5467018812894822,0.5486769735813141
273,-0.5363113880157471,255.74266052246094,19.662565231323242,353.44552176339283,0.5363113880157471,0.5353474020957947,0.005382220726460218,0.5282499516010284,0.5294450223445892,0.5309037208557129,0.532360851764679,0.5353474020957947,0.5390263199806213,0.5432808935642243,0.5467018812894822,0.5486769735813141
364,-0.5372424125671387,255.64625549316406,21.113628387451172,353.16648646763394,0.5372424125671387,0.5365602374076843,0.005264383275061846,0.5282499516010284,0.5304653853178024,0.5313115954399109,0.5333039462566376,0.5365602374076843,0.5406810492277145,0.5437939047813416,0.5467048823833466,0.5486769735813141
455,-0.5394128561019897,255.54623413085938,22.490768432617188,352.88255528041293,0.5394128561019897,0.5388572812080383,0.004779853392392397,0.5312921106815338,0.5321148633956909,0.5338471412658692,0.5355511605739594,0.5388572812080383,0.5430906862020493,0.54530770778656,0.5468305885791779,0.5486769735813141
546,-0.5401238799095154,255.4419708251953,23.767810821533203,352.59542410714283,0.5401238799095154,0.539139598608017,0.0046152896247804165,0.5317120385169983,0.5333989024162292,0.5345539927482605,0.5363929718732834,0.539139598608017,0.5433827340602875,0.5462107539176941,0.5473988801240921,0.5496581411361694
637,-0.5408076643943787,255.33163452148438,24.965126037597656,352.30409458705356,0.5408076047897339,0.5406870543956757,0.0047855256125330925,0.5326114284992218,0.5334893703460694,0.5351837873458862,0.5368780940771103,0.5406870543956757,0.5438421666622162,0.5468057215213775,0.5487065762281418,0.5504067897796631
728,-0.5413603782653809,255.21554565429688,26.108253479003906,352.00718906947543,0.5413603782653809,0.5418256521224976,0.0048906877636909485,0.5326114284992218,0.5343560218811035,0.5354916453361511,0.5372164696455002,0.5418256521224976,0.5446362644433975,0.5472301840782166,0.5496745705604553,0.5525941061973572
819,-0.5419703722000122,255.09408569335938,27.196996688842773,351.70516095842635,0.541970431804657,0.5422848463058472,0.0048307995311915874,0.5333860516548157,0.5351033091545105,0.5357243895530701,0.5381956845521927,0.5422848463058472,0.5448318123817444,0.5482336759567261,0.550260329246521,0.5525941061973572
910,-0.54276442527771,254.97024536132812,28.224815368652344,351.4034903390067,0.54276442527771,0.5427907705307007,0.004873885307461023,0.5343671512603759,0.5352960884571075,0.5363383293151855,0.5390080809593201,0.5427907705307007,0.5456045866012573,0.5491933822631836,0.5525870501995087,0.5531519675254821
1001,-0.5435616374015808,254.83538818359375,29.23063850402832,351.08741978236606,0.5435616970062256,0.5433920919895172,0.004825251176953316,0.5343671512603759,0.5360572963953019,0.5372328579425811,0.5405284315347672,0.5433920919895172,0.5467044711112976,0.550265121459961,0.5525870501995087,0.5531519675254821
1092,-0.544159471988678,254.70907592773438,30.179637908935547,350.7855791364397,0.544159471988678,0.5439349114894867,0.004952427465468645,0.5352805113792419,0.5367759734392166,0.5376248478889465,0.5405994802713394,0.5439349114894867,0.5473774373531342,0.5515099346637726,0.5530007988214493,0.5539733064174652
1183,-0.5446621775627136,254.5742950439453,31.107471466064453,350.47354997907365,0.5446622371673584,0.5446601808071136,0.005041922442615032,0.5353828501701355,0.5367857217788696,0.5381054401397705,0.5409756004810333,0.5446601808071136,0.5484363436698914,0.5522761702537536,0.5531379401683807,0.554202550649643
1274,-0.5453329682350159,254.43643188476562,31.98464012145996,350.161629813058,0.5453330278396606,0.5450284481048584,0.0053174146451056,0.5353828501701355,0.5367857217788696,0.538519823551178,0.5418953895568848,0.5450284481048584,0.5486728250980377,0.5530071675777435,0.5542093276977539,0.5545411884784698
1365,-0.5458701848983765,254.2900390625,32.84513854980469,349.8383047921317,0.545870304107666,0.5458630919456482,0.005156879313290119,0.5353828501701355,0.5380961269140243,0.5393033742904663,0.542535275220871,0.5458630919456482,0.548893392086029,0.5531226873397828,0.5542093276977539,0.5545411884784698
1456,-0.5462333559989929,254.13267517089844,33.68388748168945,349.5055411202567,0.5462334156036377,0.5463238954544067,0.005403068847954273,0.5366067099571228,0.5380961269140243,0.5393033742904663,0.542535275220871,0.5463238954544067,0.5491378605365753,0.5532967567443847,0.5544431000947952,0.5581218063831329
1547,-0.5467578172683716,253.98085021972656,34.502342224121094,349.17944771902904,0.5467579364776611,0.5465736091136932,0.005141492933034897,0.5381100046634674,0.5391134679317474,0.5402515292167663,0.5432299673557281,0.5465736091136932,0.5495948195457458,0.5539885818958282,0.5544879198074341,0.5581218063831329
1638,-0.5471816062927246,253.82273864746094,35.30784606933594,348.8438459123884,0.5471816658973694,0.5467914342880249,0.0048859743401408195,0.5391161000728607,0.5397283613681794,0.5412943542003632,0.5437038987874985,0.5467914342880249,0.5497968792915344,0.5539885818958282,0.5544879198074341,0.5581218063831329
1729,-0.547795832157135,253.6558074951172,36.066917419433594,348.5043465750558,0.5477958917617798,0.5472476184368134,0.005202047992497683,0.5393189573287964,0.5399453938007355,0.5419515371322632,0.544048085808754,0.5472476184368134,0.5514635145664215,0.5542209863662719,0.5556373178958893,0.5597616982460022
1820,-0.548274040222168,253.47970581054688,36.81709289550781,348.1539393833705,0.5482740998268127,0.5482038259506226,0.005201444029808044,0.5397172546386719,0.5411109924316406,0.5425776720046998,0.5446222722530365,0.5482038259506226,0.5519465506076813,0.5544356882572175,0.5581002354621887,0.5597616982460022
1911,-0.548519492149353,253.30650329589844,37.537288665771484,347.8100062779018,0.5485196113586426,0.5482038259506226,0.005125929601490498,0.5397284579277039,0.541144672036171,0.5426970362663269,0.544780895113945,0.5482038259506226,0.5522570312023163,0.5544444501399994,0.5581002354621887,0.5597616982460022
2002,-0.5489848852157593,253.1153106689453,38.25242614746094,347.4432067871094,0.5489848852157593,0.5484007894992828,0.005201222375035286,0.5397284579277039,0.541144672036171,0.5433537483215332,0.545526385307312,0.5484007894992828,0.5528833568096161,0.5545070886611938,0.5583511322736741,0.5602089715003967
2093,-0.5492300391197205,252.9346923828125,38.946533203125,347.0892595563616,0.5492300987243652,0.5486240983009338,0.005112395156174898,0.5402731609344482,0.5417516887187958,0.5433537483215332,0.5456713438034058,0.5486240983009338,0.5530099719762802,0.5548539578914642,0.5583511322736741,0.5602089715003967
2184,-0.5495346188545227,252.74879455566406,39.62760925292969,346.7320295061384,0.5495346784591675,0.5488098859786987,0.005169839132577181,0.5402731609344482,0.5417516887187958,0.5433537483215332,0.5461665838956833,0.5488098859786987,0.5530728995800018,0.5549342036247253,0.5596547782421112,0.5602089715003967
2275,-0.5497208833694458,252.57012939453125,40.309226989746094,346.3772495814732,0.5497209429740906,0.5489816069602966,0.005079654511064291,0.5410935235023498,0.5417516887187958,0.5433537483215332,0.5466506481170654,0.5489816069602966,0.5531471967697144,0.5549342036247253,0.5596547782421112,0.5602089715003967
2366,-0.5501314997673035,252.36668395996094,40.96430587768555,346.0008762904576,0.5501315593719482,0.5494190752506256,0.005056391470134258,0.5411536145210266,0.5426597535610199,0.5439117729663849,0.5468861013650894,0.5494190752506256,0.553304523229599,0.5574567496776581,0.5596547782421112,0.5602089715003967
2457,-0.5505356192588806,252.16302490234375,41.610130310058594,345.6231427873884,0.5505356788635254,0.5502057671546936,0.0049686310812830925,0.5411536145210266,0.5429610431194305,0.544066059589386,0.5471999049186707,0.5502057671546936,0.5535780489444733,0.5574567496776581,0.5596547782421112,0.5602089715003967
2548,-0.5509743094444275,251.9514617919922,42.26736831665039,345.2292218889509,0.5509743690490723,0.5511511862277985,0.004783647134900093,0.5427762079238891,0.5435870260000228,0.5448903024196625,0.5474638342857361,0.5511511862277985,0.5540371388196945,0.5574567496776581,0.5596547782421112,0.5602089715003967
2639,-0.5512955188751221,251.7519989013672,42.902671813964844,344.8537161690848,0.5512955188751221,0.5515970587730408,0.0047514066100120544,0.5427762079238891,0.5435870260000228,0.5448903024196625,0.5480528324842453,0.5515970587730408,0.5542301386594772,0.5574567496776581,0.5596547782421112,0.5602089715003967
2730,-0.5514349341392517,251.531005859375,43.51224136352539,344.4582257952009,0.5514349341392517,0.551762044429779,0.004736834205687046,0.542788827419281,0.5437978446483612,0.54493248462677,0.5482088476419449,0.551762044429779,0.5544217675924301,0.557927006483078,0.5596547782421112,0.5602089715003967
2821,-0.5518324375152588,251.30477905273438,44.11716079711914,344.05491856166293,0.5518324375152588,0.5520973801612854,0.004761855583637953,0.543121473789215,0.5442673146724701,0.5453128576278686,0.548338308930397,0.5520973801612854,0.5545163303613663,0.5581098437309265,0.5597678929567337,0.5621447050571442
2912,-0.552193820476532,251.08143615722656,44.7346305847168,343.6502990722656,0.5521938800811768,0.5524770319461823,0.004624578636139631,0.543121473789215,0.5446227073669434,0.5460702061653138,0.5487015247344971,0.5524770319461823,0.554707333445549,0.5581098437309265,0.5597678929567337,0.5621447050571442
3003,-0.5527374744415283,250.85195922851562,45.3286018371582,343.24271065848217,0.5527375340461731,0.5527185201644897,0.0046375892125070095,0.544610641002655,0.5458688259124755,0.5472302734851837,0.549016147851944,0.5527185201644897,0.5549485385417938,0.5592527270317078,0.5600491434335708,0.5621447050571442
3094,-0.5531788468360901,250.615966796875,45.92110061645508,342.8283429827009,0.5531788468360901,0.5532526671886444,0.0046228463761508465,0.5447309124469757,0.5460457682609559,0.5473244369029999,0.5491983890533447,0.5532526671886444,0.5560547411441803,0.5596599698066711,0.5601980954408645,0.5622596859931945
3185,-0.5532969832420349,250.364501953125,46.478729248046875,342.4030543736049,0.5532969832420349,0.5533308386802673,0.004552983213216066,0.5447309124469757,0.5460457682609559,0.5473348438739777,0.5500109791755676,0.5533308386802673,0.5560547411441803,0.5596599698066711,0.5601980954408645,0.5622596859931945
3276,-0.5533843040466309,250.11549377441406,47.03156661987305,341.9784676688058,0.5533843636512756,0.5533308386802673,0.00448588514700532,0.5447309124469757,0.5460457682609559,0.5473586082458496,0.5502013862133026,0.5533308386802673,0.5560547411441803,0.5596599698066711,0.5601980954408645,0.5622596859931945
3367,-0.5536903738975525,249.86488342285156,47.584041595458984,341.5492684500558,0.5536904335021973,0.5535780787467957,0.004521804861724377,0.5458614552021026,0.547122123837471,0.5478002488613128,0.5503076612949371,0.5535780787467957,0.5565800368785858,0.5597803235054016,0.5608488023281097,0.563020635843277
3458,-0.5542839765548706,249.60679626464844,48.1113166809082,341.1167951311384,0.5542839169502258,0.5539821684360504,0.004695273004472256,0.5471169197559357,0.547359573841095,0.5482242166996002,0.5512225776910782,0.5539821684360504,0.5575329512357712,0.5600553691387177,0.5630396634340287,0.5646431601047516
3549,-0.5548087358474731,249.3521728515625,48.645870208740234,340.68416922433033,0.5548087954521179,0.5543041229248047,0.004481867887079716,0.5472746181488037,0.5476144999265671,0.548356169462204,0.5522333234548569,0.5543041229248047,0.5580482482910156,0.5604894697666168,0.5630396634340287,0.5646431601047516
3640,-0.5552839040756226,249.0908203125,49.151519775390625,340.250723702567,0.5552839040756226,0.5546295940876007,0.004422654863446951,0.5473601531982422,0.5482358157634735,0.5497296929359436,0.5526221394538879,0.5546295940876007,0.5581005364656448,0.5610114216804505,0.5636902958154678,0.5649203860759735
3731,-0.5556422472000122,248.844970703125,49.6649169921875,339.8271745954241,0.5556422472000122,0.5546506941318512,0.004327611532062292,0.5473601531982422,0.5491855770349503,0.5503782033920288,0.5530194938182831,0.5546506941318512,0.5581683963537216,0.5621528446674346,0.5646051734685897,0.5653628611564636
3822,-0.556172788143158,248.57919311523438,50.15808868408203,339.38956124441967,0.5561727285385132,0.5551529824733734,0.004257451742887497,0.5478062272071839,0.5501681983470916,0.5512238919734955,0.5536852777004242,0.5551529824733734,0.5583354532718658,0.5624054133892059,0.5646407783031464,0.5654617714881897
3913,-0.5566859245300293,248.30947875976562,50.651153564453125,338.94363839285717,0.5566859841346741,0.5561918318271637,0.00446822214871645,0.5478062272071839,0.5501681983470916,0.5513678908348083,0.5539534538984299,0.5561918318271637,0.5597696304321289,0.5627097964286805,0.5649320930242538,0.565901243686676
4004,-0.5570524334907532,248.03114318847656,51.146217346191406,338.48712158203125,0.557052493095398,0.5567775368690491,0.004353324882686138,0.549195511341095,0.5503163903951644,0.5517263531684875,0.5541409850120544,0.5567775368690491,0.560074046254158,0.5627097964286805,0.5649320930242538,0.565901243686676
4095,-0.5577359795570374,247.749755859375,51.64350891113281,338.02405221121654,0.5577359199523926,0.5572091341018677,0.004525493830442429,0.550189130306244,0.5511863559484482,0.5522745311260223,0.5545010566711426,0.5572091341018677,0.5605152398347855,0.5646063029766083,0.5659108459949493,0.566661719083786
4186,-0.5580722093582153,247.46905517578125,52.13909149169922,337.55897739955356,0.5580721497535706,0.557651162147522,0.004437269177287817,0.550189130306244,0.5513758420944214,0.5528335690498352,0.55462446808815,0.557651162147522,0.5609268546104431,0.5646063029766083,0.5659108459949493,0.566661719083786
4277,-0.5585938692092896,247.1855926513672,52.60817337036133,337.09779139927457,0.5585938692092896,0.5580916106700897,0.004518246278166771,0.550189130306244,0.5517065852880478,0.5539362668991089,0.5554528534412384,0.5580916106700897,0.5613490045070648,0.5653702139854431,0.5666465699672699,0.5671672797203064
4368,-0.5587964057922363,246.90267944335938,53.08301544189453,336.63519287109375,0.5587964057922363,0.5583152770996094,0.004514063708484173,0.5501981520652771,0.5517065852880478,0.5539362668991089,0.5556372553110123,0.5583152770996094,0.5613490045070648,0.5654971241950989,0.566652575135231,0.5671672797203064
4459,-0.5591394901275635,246.5985870361328,53.542057037353516,336.15038626534596,0.5591394305229187,0.5586048066616058,0.004311053082346916,0.5511669504642487,0.5528538733720779,0.5542833566665649,0.5562736988067627,0.5586048066616058,0.5615111440420151,0.5654971241950989,0.566652575135231,0.5671672797203064
4550,-0.5595646500587463,246.2969512939453,54.00359344482422,335.666739327567,0.5595646500587463,0.5591751337051392,0.004217712674289942,0.5528187608718872,0.5540136426687241,0.5546082496643067,0.5564185678958893,0.5591751337051392,0.5624258071184158,0.5659268498420715,0.5666859328746796,0.5674641859531403
4641,-0.5597646236419678,245.98117065429688,54.453765869140625,335.17429896763394,0.5597646236419678,0.5592963099479675,0.004133239388465881,0.5528540575504303,0.554336068034172,0.5546558618545532,0.5565922111272812,0.5592963099479675,0.5625649988651276,0.5659268498420715,0.5666859328746796,0.5674641859531403
4732,-0.56025230884552,245.69149780273438,54.866432189941406,334.71402849469865,0.5602522492408752,0.5599287748336792,0.0042461222037673,0.5528540575504303,0.5544452399015427,0.5546785414218902,0.5569967031478882,0.5599287748336792,0.5627941340208054,0.5666301906108856,0.5671748757362366,0.569857907295227
4823,-0.5605115294456482,245.37704467773438,55.27762222290039,334.22628348214283,0.5605115294456482,0.5601751804351807,0.004229392856359482,0.5533017313480377,0.5544452399015427,0.5546785414218902,0.5573227256536484,0.5601751804351807,0.5633737742900848,0.5666301906108856,0.5674315601587295,0.569857907295227
4914,-0.5609431862831116,245.08636474609375,55.72862243652344,333.7509983607701,0.5609431862831116,0.5604664087295532,0.004509440623223782,0.5533017313480377,0.5544452399015427,0.5554366409778595,0.5576203167438507,0.5604664087295532,0.5637822598218918,0.5667297184467316,0.5692744076251983,0.5703040027618408
5005,-0.5612256526947021,244.78158569335938,56.1510124206543,333.26988002232144,0.5612257122993469,0.5609030723571777,0.004453552421182394,0.5533089661598205,0.5545104026794434,0.5556642293930054,0.5583765059709549,0.5609030723571777,0.5646096915006638,0.5667297184467316,0.5698639154434204,0.5703040027618408
5096,-0.561604917049408,244.45297241210938,56.58709716796875,332.75523158482144,0.561604917049408,0.5609929263591766,0.004408414475619793,0.5545118045806885,0.5546574652194977,0.5563543617725373,0.55848428606987,0.5609929263591766,0.5648597180843353,0.5671875357627869,0.5700594425201416,0.5710860741138458
5187,-0.5620391964912415,244.12451171875,56.97457504272461,332.2544904436384,0.5620391964912415,0.5614155232906342,0.004378334153443575,0.5546237814426422,0.5555583715438843,0.5564695596694946,0.5588324069976807,0.5614155232906342,0.5650120377540588,0.5682132959365844,0.5700594425201416,0.5710860741138458
5278,-0.5623517036437988,243.7846221923828,57.37446212768555,331.7337123325893,0.5623517036437988,0.5619086623191833,0.004408223554491997,0.5546237814426422,0.5556720733642578,0.5566736340522767,0.5591278821229935,0.5619086623191833,0.565196305513382,0.5695674002170563,0.5700594425201416,0.5710860741138458
5369,-0.562742292881012,243.44862365722656,57.779052734375,331.21265956333707,0.5627424120903015,0.5621812641620636,0.004510292783379555,0.5546237814426422,0.5563594192266464,0.5572121381759644,0.5595958828926086,0.5621812641620636,0.5653639733791351,0.5697851836681366,0.5701659977436065,0.5720279014110565
5460,-0.5632308721542358,243.1129150390625,58.15400314331055,330.7008274623326,0.5632308721542358,0.562641978263855,0.004726787097752094,0.5546237814426422,0.5563594192266464,0.5572121381759644,0.5597367584705353,0.562641978263855,0.5666328817605972,0.5698677480220795,0.5703273773193359,0.5720279014110565
5551,-0.5636377930641174,242.7775115966797,58.52214813232422,330.1871599469866,0.5636378526687622,0.5628569424152374,0.004560656379908323,0.556362453699112,0.5571514308452606,0.5581096649169922,0.5601102113723755,0.5628569424152374,0.5673044770956039,0.5699955642223358,0.5703273773193359,0.5720279014110565
5642,-0.5640586018562317,242.43597412109375,58.890533447265625,329.6684090750558,0.5640586018562317,0.5635119378566742,0.004437759052962065,0.556362453699112,0.5576596170663833,0.5586456656455994,0.560693770647049,0.5635119378566742,0.5673930644989014,0.5700273513793945,0.5712162643671036,0.5728539133071899
5733,-0.5643090009689331,242.08047485351562,59.2581787109375,329.1323460170201,0.5643090605735779,0.563772976398468,0.004505892749875784,0.556362453699112,0.5578180611133575,0.5590647041797638,0.5609131455421448,0.563772976398468,0.5675208419561386,0.5700550854206086,0.5716323375701904,0.5737912893295288
5824,-0.5646006464958191,241.73324584960938,59.63863754272461,328.60109165736606,0.5646006464958191,0.5640326738357544,0.0044601112604141235,0.557338330745697,0.5584038257598877,0.5591222405433655,0.5613133162260056,0.5640326738357544,0.5679283738136292,0.5700858056545257,0.5720302283763885,0.5737912893295288
5915,-0.56501305103302,241.38485717773438,60.01154708862305,328.06689017159596,0.5650131106376648,0.5648285448551178,0.0043250275775790215,0.557338330745697,0.5585039377212524,0.5594282865524292,0.5618090778589249,0.5648285448551178,0.5679283738136292,0.5700858056545257,0.5727479666471481,0.5738494682312012
6006,-0.5653135180473328,241.02845764160156,60.364986419677734,327.52901349748885,0.5653135776519775,0.5651437640190125,0.004301812965422869,0.5584184527397156,0.558653324842453,0.5596274614334107,0.5621772706508636,0.5651437640190125,0.5685302913188934,0.5705846130847931,0.5727479666471481,0.5738494682312012
6097,-0.5656870007514954,240.67666625976562,60.734249114990234,326.99168178013394,0.5656871199607849,0.5653164982795715,0.00428247032687068,0.5584184527397156,0.5592609763145446,0.5600322127342224,0.5626002103090286,0.5653164982795715,0.5686887353658676,0.5710803508758545,0.5728844046592713,0.5756733644008637
6188,-0.566457986831665,240.30702209472656,61.08821105957031,326.4368678501674,0.566457986831665,0.5657678246498108,0.004238253924995661,0.5593231987953186,0.5599592119455338,0.5612257182598114,0.5636079013347626,0.5657678246498108,0.5693672001361847,0.5726655185222626,0.5739814907312393,0.5756733644008637
6279,-0.5668106079101562,239.94760131835938,61.430442810058594,325.8980276925223,0.5668106079101562,0.5663024187088013,0.004205969162285328,0.559647741317749,0.5606486588716507,0.5617136538028717,0.5637894123792648,0.5663024187088013,0.5697662830352783,0.5727525770664215,0.5749309748411179,0.5759630787372589
6370,-0.5673201680183411,239.58389282226562,61.7746467590332,325.35074724469865,0.5673201680183411,0.5670889019966125,0.004103256389498711,0.5605534267425537,0.5609428375959397,0.5622840046882629,0.5642601847648621,0.5670889019966125,0.5699431002140045,0.5728386878967285,0.5756618946790695,0.5759630787372589
6461,-0.5675618052482605,239.20884704589844,62.0941047668457,324.8011387416295,0.5675618648529053,0.5672026872634888,0.0040829177014529705,0.5606817138195038,0.5617238104343414,0.5626044571399689,0.5644998848438263,0.5672026872634888,0.5700003653764725,0.5729613542556763,0.5756618946790695,0.5759630787372589
6552,-0.5677530765533447,238.83628845214844,62.43637466430664,324.2429765973772,0.5677530169487,0.567357212305069,0.004049024078994989,0.5606817138195038,0.5622771561145783,0.5627122700214386,0.5646594017744064,0.567357212305069,0.5700318217277527,0.5735853433609008,0.5756618946790695,0.5759630787372589
6643,-0.56816565990448,238.47412109375,62.777366638183594,323.69264439174106,0.56816565990448,0.5678611099720001,0.004028207156807184,0.5606817138195038,0.5622771561145783,0.5632679760456085,0.5650701224803925,0.5678611099720001,0.5710904896259308,0.5739853203296661,0.5756618946790695,0.5759630787372589
6734,-0.5684995651245117,238.07594299316406,63.10995864868164,323.10055106026783,0.5684995651245117,0.5681498050689697,0.0042113615199923515,0.5606817138195038,0.5625382512807846,0.5635536968708038,0.5652958750724792,0.5681498050689697,0.5715730041265488,0.5747409045696259,0.5756695151329041,0.5760885107517243
6825,-0.5688847899436951,237.67578125,63.401695251464844,322.5226048060826,0.5688847899436951,0.5686715841293335,0.004364901687949896,0.5606817138195038,0.5625703811645508,0.5635536968708038,0.565674901008606,0.5686715841293335,0.5722959339618683,0.575137859582901,0.5758860081434249,0.5765426242351532
6916,-0.5696230530738831,237.29598999023438,63.71512985229492,321.9597952706473,0.5696229934692383,0.5691306889057159,0.004271559417247772,0.5614946246147156,0.5626058727502823,0.564434552192688,0.5663078874349594,0.5691306889057159,0.572954848408699,0.575466924905777,0.575966653227806,0.5779993140697479
7007,-0.569890022277832,236.8878631591797,64.00235748291016,321.3760070800781,0.569890022277832,0.5700087547302246,0.004276766907423735,0.5614946246147156,0.5630342930555343,0.564434552192688,0.5663078874349594,0.5700087547302246,0.5731737613677979,0.575466924905777,0.575966653227806,0.5779993140697479
7098,-0.5702791213989258,236.48875427246094,64.3083267211914,320.7914733886719,0.5702791213989258,0.5704521536827087,0.004235231317579746,0.5623819696903228,0.5640517145395278,0.5645707011222839,0.5674425214529037,0.5704521536827087,0.573364719748497,0.575466924905777,0.5761015087366104,0.5785294377803802
7189,-0.5707314014434814,236.08859252929688,64.63662719726562,320.1980721609933,0.5707314014434814,0.5711764693260193,0.004205732606351376,0.5623819696903228,0.5640517145395278,0.5646604537963867,0.567774310708046,0.5711764693260193,0.5738103091716766,0.5756621897220612,0.576551878452301,0.5785294377803802
7280,-0.5710290670394897,235.69032287597656,64.91951751708984,319.6206795828683,0.571029007434845,0.5714253187179565,0.004188497085124254,0.5628475654125213,0.5642215192317963,0.5649302840232849,0.5679059624671936,0.5714253187179565,0.5740641504526138,0.575889939069748,0.5773234635591507,0.5785632002353668
7371,-0.5714716911315918,235.28811645507812,65.19902801513672,319.03869192940846,0.5714716911315918,0.571524441242218,0.00405912846326828,0.5641912877559662,0.5645608574151992,0.5655149936676025,0.5687932074069977,0.571524441242218,0.5744532346725464,0.576218980550766,0.5780151695013046,0.5790143203735352
7462,-0.5720515847206116,234.863525390625,65.4746322631836,318.4354727608817,0.5720515251159668,0.5719667673110962,0.003926509991288185,0.5642748975753784,0.5646653890609741,0.5661823809146881,0.5697103440761566,0.5719667673110962,0.5747456699609756,0.5772585153579712,0.5780168920755386,0.5791357743740082
7553,-0.5726204514503479,234.47096252441406,65.76611328125,317.85534232003346,0.5726203918457031,0.5727923810482025,0.00426589697599411,0.5646624350547791,0.5658069431781769,0.5667808711528778,0.5697103440761566,0.5727923810482025,0.5754993706941605,0.5778546869754791,0.5790732383728028,0.5811946725845337
7644,-0.5732555985450745,234.07203674316406,66.07054901123047,317.2607727050781,0.5732555389404297,0.5731744766235352,0.004205106757581234,0.5655161905288696,0.5663009375333786,0.5678885817527771,0.5704217702150345,0.5731744766235352,0.5759904831647873,0.5790178775787354,0.579680758714676,0.5821406638622284
7735,-0.5739591717720032,233.64620971679688,66.3321533203125,316.65183803013394,0.573959231376648,0.5738140642642975,0.004289885517209768,0.5660096192359925,0.5678243041038513,0.5681782305240631,0.5711103081703186,0.5738140642642975,0.5769602060317993,0.5790760278701782,0.581175896525383,0.5830203211307525
7826,-0.5741441249847412,233.24684143066406,66.59882354736328,316.0706263950893,0.574144184589386,0.5738140642642975,0.004182776436209679,0.5660096192359925,0.5678896725177764,0.569368040561676,0.5712461918592453,0.5738140642642975,0.577006921172142,0.5791262805461883,0.581175896525383,0.5830203211307525
7917,-0.5747106671333313,232.81973266601562,66.84870910644531,315.4643249511719,0.5747106671333313,0.5741607248783112,0.004411450121551752,0.5665193271636962,0.5680701494216919,0.569709324836731,0.5716621726751328,0.5741607248783112,0.5778213292360306,0.5796428859233856,0.5815487623214721,0.5841561543941498
8008,-0.5750062465667725,232.39346313476562,67.10926818847656,314.8540736607143,0.5750062465667725,0.5742389559745789,0.004429110791534185,0.5665193271636962,0.5680701494216919,0.5699027299880981,0.5718868523836136,0.5742389559745789,0.577933669090271,0.5802562236785889,0.5815487623214721,0.5841561543941498
8099,-0.5759304165840149,231.9610595703125,67.3736801147461,314.22938755580356,0.5759303569793701,0.5758543610572815,0.004356577526777983,0.5678422403335571,0.5686988651752471,0.570793890953064,0.572708860039711,0.5758543610572815,0.5790606588125229,0.5811440765857696,0.582599076628685,0.5859411251544953
8190,-0.5764252543449402,231.52023315429688,67.60206604003906,313.608877999442,0.576425313949585,0.5770074427127838,0.00431404123082757,0.5680486702919006,0.569861364364624,0.5711481094360351,0.5733633786439896,0.5770074427127838,0.5792224705219269,0.5811440765857696,0.582599076628685,0.5859411251544953
8281,-0.5771910548210144,231.093017578125,67.83737182617188,312.998788016183,0.5771909952163696,0.5775421857833862,0.004403268452733755,0.5680486702919006,0.5706767588853836,0.5716665804386138,0.5741859376430511,0.5775421857833862,0.5798732340335846,0.5821686506271362,0.585090520977974,0.5870387136936188
8372,-0.5777602195739746,230.68113708496094,68.07787322998047,312.4032200404576,0.5777602195739746,0.5777903497219086,0.004127569496631622,0.570246592760086,0.5714102029800415,0.5720126688480377,0.5746923983097076,0.5777903497219086,0.5803876519203186,0.5829127907752991,0.585090520977974,0.5870387136936188
8463,-0.5782613158226013,230.2373504638672,68.32503509521484,311.7705296107701,0.5782613158226013,0.5779520273208618,0.004150943830609322,0.5710325801372528,0.5716800898313522,0.5733464658260345,0.575408861041069,0.5779520273208618,0.5806716084480286,0.5830769836902618,0.5859742790460587,0.5878376305103302
8554,-0.5785871148109436,229.797607421875,68.5611572265625,311.145743233817,0.5785871744155884,0.5781566798686981,0.00398957310244441,0.5711570167541504,0.5720012038946152,0.5738097310066224,0.5757775157690048,0.5781566798686981,0.5808071345090866,0.5835283994674683,0.5859742790460587,0.5878376305103302
8645,-0.5789352059364319,229.35342407226562,68.7987060546875,310.51112147739957,0.5789352655410767,0.5784640610218048,0.004014506470412016,0.5716829121112823,0.5731545478105545,0.5744531273841857,0.5763441622257233,0.5784640610218048,0.5811141133308411,0.5841942846775054,0.5870605558156967,0.5883883988857269
8736,-0.579110860824585,228.90872192382812,69.03448486328125,309.87935965401783,0.579110860824585,0.5787083208560944,0.004055316559970379,0.5716829121112823,0.5731663823127746,0.5746225714683533,0.5765860229730606,0.5787083208560944,0.5811141133308411,0.5851168096065521,0.5877559393644333,0.5883883988857269
8827,-0.5795365571975708,228.4731903076172,69.25917053222656,309.25943429129467,0.579536497592926,0.5791264474391937,0.004054666962474585,0.5716829121112823,0.5739133656024933,0.5747919976711273,0.576951801776886,0.5791264474391937,0.5818185657262802,0.5857675075531006,0.5877559393644333,0.5883883988857269
8918,-0.5799593925476074,228.02430725097656,69.48517608642578,308.62247140066967,0.5799593925476074,0.5798273086547852,0.004072860814630985,0.5716829121112823,0.5744535565376282,0.5753503739833832,0.5772973448038101,0.5798273086547852,0.581935852766037,0.5858010053634644,0.5878393083810807,0.5887760400772095
9009,-0.5804582238197327,227.5782928466797,69.72777557373047,307.9818333217076,0.5804582238197327,0.5802146792411804,0.004220851697027683,0.5716829121112823,0.5744535565376282,0.5753503739833832,0.5778336375951767,0.5802146792411804,0.5827823579311371,0.5865429103374481,0.5883903563022613,0.5889990067481995
9100,-0.5808429718017578,227.11770629882812,69.96665954589844,307.3207789829799,0.5808429718017578,0.5804028511047363,0.004163041245192289,0.5716829121112823,0.574604743719101,0.5764520704746247,0.5781744569540024,0.5804028511047363,0.5829702913761139,0.5871043920516967,0.5887521117925644,0.5895369863510131
9191,-0.5812959671020508,226.6607208251953,70.17472839355469,306.6803981236049,0.5812959671020508,0.5807856619358063,0.0041489810682833195,0.5717208778858185,0.574604743719101,0.5770666658878326,0.5789182186126709,0.5807856619358063,0.5835380554199219,0.5878520667552948,0.5887824594974518,0.589662014245987
9282,-0.5815207362174988,226.20001220703125,70.38502502441406,306.0271301269531,0.5815207958221436,0.5808613896369934,0.004168144892901182,0.5717208778858185,0.574913290143013,0.5775263428688049,0.579076886177063,0.5808613896369934,0.5840095430612564,0.5880835235118866,0.5887824594974518,0.589662014245987
9373,-0.582358181476593,225.7404022216797,70.5970687866211,305.3781999860491,0.582358181476593,0.5813935399055481,0.004283966030925512,0.5739187979698182,0.5764718621969223,0.5778351306915284,0.579837441444397,0.5813935399055481,0.585240826010704,0.5887531459331512,0.590202334523201,0.5913003098964691
9464,-0.5829790830612183,225.25469970703125,70.81340789794922,304.6929146902902,0.582979142665863,0.5820884704589844,0.004265138879418373,0.5754250073432923,0.5769097685813904,0.577981972694397,0.580177053809166,0.5820884704589844,0.5857160240411758,0.588793158531189,0.5903484553098679,0.5914710855484009
9555,-0.5832185745239258,224.79664611816406,71.02020263671875,304.0384521484375,0.5832186341285706,0.5821686089038849,0.004432800225913525,0.5758483457565308,0.5769097685813904,0.577981972694397,0.580177053809166,0.5821686089038849,0.5861571580171585,0.5890406370162964,0.5912948191165924,0.5922401666641235
9646,-0.5839947462081909,224.33734130859375,71.2325668334961,303.3784920828683,0.5839948058128357,0.5835667848587036,0.004442647099494934,0.5769160974025727,0.5778051048517228,0.5786856770515442,0.5807746797800064,0.5835667848587036,0.5867672860622406,0.5897038459777832,0.5915008842945099,0.5941010475158691
9737,-0.5844154357910156,223.86239624023438,71.4399185180664,302.69982474190846,0.5844154357910156,0.583955854177475,0.004430768080055714,0.5769160974025727,0.5778051048517228,0.5797392964363098,0.581209659576416,0.583955854177475,0.5870875120162964,0.5902074038982391,0.5922559857368469,0.5949566745758057
9828,-0.5850159525871277,223.3850555419922,71.62113952636719,302.03336443219865,0.5850159525871277,0.5846040844917297,0.004681245889514685,0.5769160974025727,0.5778051048517228,0.5797392964363098,0.5813377499580383,0.5846040844917297,0.5886168479919434,0.590863835811615,0.5932997703552246,0.5963225936889649
9919,-0.5853074789047241,222.8993682861328,71.81576538085938,301.34786115373885,0.5853074789047241,0.58497554063797,0.004646592773497105,0.5769686913490295,0.5783198684453964,0.5801138758659363,0.5817328542470932,0.58497554063797,0.5887418687343597,0.5912949323654175,0.5932997703552246,0.5963225936889649
10010,-0.585526168346405,222.42311096191406,72.00919342041016,300.67653111049106,0.5855262875556946,0.58497554063797,0.004604492336511612,0.5776008844375611,0.579113295674324,0.5803708970546723,0.5818033814430237,0.58497554063797,0.5887562483549118,0.5914714932441711,0.5932997703552246,0.5963225936889649
10101,-0.5860326290130615,221.91961669921875,72.19596099853516,299.9698747907366,0.5860326886177063,0.5856173038482666,0.004495653323829174,0.5777982604503632,0.5797447025775909,0.5806577503681183,0.5831548720598221,0.5856173038482666,0.5887956321239471,0.5914714932441711,0.5940981149673462,0.5963981413841247
10192,-0.5863422155380249,221.43099975585938,72.37394714355469,299.2866516113281,0.5863422751426697,0.5858143270015717,0.004528718069195747,0.5777982604503632,0.5801440149545669,0.580863219499588,0.5833995938301086,0.5858143270015717,0.589219331741333,0.59200519323349,0.5940981149673462,0.5971056604385376
10283,-0.5868434309959412,220.94898986816406,72.56404876708984,298.60103498186385,0.5868434906005859,0.5864680409431458,0.004610162228345871,0.5789232861995697,0.5801440149545669,0.580863219499588,0.5836246609687805,0.5864680409431458,0.5899349451065063,0.5929800987243652,0.5947339504957199,0.5971056604385376
10374,-0.5874860882759094,220.47158813476562,72.7504653930664,297.9203098842076,0.5874860882759094,0.5876177549362183,0.00466533750295639,0.5789232861995697,0.5805650174617767,0.5811793863773346,0.5840979069471359,0.5876177549362183,0.5905207842588425,0.5939481616020202,0.594963264465332,0.5971056604385376
10465,-0.5879682898521423,219.97607421875,72.94186401367188,297.21585954938615,0.5879682302474976,0.5880575776100159,0.004857449326664209,0.5791099727153778,0.5806639641523361,0.5817193865776062,0.5844912081956863,0.5880575776100159,0.5908364206552505,0.593992555141449,0.5963602960109711,0.59785404920578
10556,-0.5886257290840149,219.47610473632812,73.1061782836914,296.52197701590404,0.5886257290840149,0.5886274874210358,0.004791685845702887,0.5799859774112701,0.580743208527565,0.5830560743808746,0.5853515118360519,0.5886274874210358,0.5914535075426102,0.5945165812969208,0.5971135854721069,0.5986883842945099
10647,-0.5889999270439148,218.9765167236328,73.26146697998047,295.8299865722656,0.5889999270439148,0.588836282491684,0.004743574652820826,0.5808713579177857,0.5817214787006378,0.5833981096744537,0.5854467749595642,0.588836282491684,0.5916385054588318,0.5949835479259491,0.5973882019519806,0.5992392146587372
10738,-0.5893871784210205,218.48814392089844,73.4368896484375,295.14083426339283,0.5893871784210205,0.589378297328949,0.004645935259759426,0.580876100063324,0.5821946293115616,0.5834979176521301,0.5862589329481125,0.589378297328949,0.5920498073101044,0.5955709159374237,0.5973882019519806,0.5992392146587372
10829,-0.5903195142745972,217.9901885986328,73.59337615966797,294.4446323939732,0.5903195738792419,0.589659571647644,0.005319295916706324,0.5809994792938232,0.5827172040939331,0.5842484593391418,0.5864979177713394,0.589659571647644,0.5929611623287201,0.5971886456012726,0.5998745888471604,0.6027359580993652
10920,-0.5906690955162048,217.5106964111328,73.78034973144531,293.75074550083707,0.5906690359115601,0.589659571647644,0.005496320314705372,0.5817655324935913,0.5834427952766419,0.5843352735042572,0.5865210443735123,0.589659571647644,0.593431293964386,0.597913408279419,0.6003013044595719,0.6036443901062012
11011,-0.5916726589202881,217.02662658691406,73.96881866455078,293.0576389857701,0.5916726589202881,0.5909115672111511,0.005530156195163727,0.5823503959178925,0.5842448830604553,0.5852714002132415,0.5879928916692734,0.5909115672111511,0.5944122076034546,0.5991094231605529,0.6007295429706574,0.6050243866443634
11102,-0.5922691822052002,216.51077270507812,74.10881805419922,292.34676252092635,0.592269241809845,0.5914658904075623,0.005231913179159164,0.5842201590538025,0.5848035693168641,0.5862648546695709,0.5886928886175156,0.5914658904075623,0.5947280526161194,0.5991094231605529,0.6007295429706574,0.6050243866443634
11193,-0.5928785800933838,215.99139404296875,74.2599105834961,291.619149344308,0.5928785800933838,0.5926633477210999,0.005277092102915049,0.5842201590538025,0.5851878106594086,0.5864509046077728,0.5892115831375122,0.5926633477210999,0.5965053588151932,0.599311500787735,0.6012126058340073,0.6050243866443634
11284,-0.5933889746665955,215.48280334472656,74.41043853759766,290.90075247628346,0.5933890342712402,0.5929601192474365,0.005379201844334602,0.584251981973648,0.5853636860847473,0.5871554970741272,0.5896169990301132,0.5929601192474365,0.597124382853508,0.6002964913845062,0.6026799440383911,0.6058530855178833
11375,-0.5939248204231262,214.96408081054688,74.54782104492188,290.17928641183033,0.593924880027771,0.5933492183685303,0.005249952431768179,0.5849141073226929,0.586239019036293,0.5873710989952088,0.5901050418615341,0.5933492183685303,0.5972179621458054,0.6005212903022766,0.6026799440383911,0.6058530855178833
11466,-0.5944607257843018,214.4546356201172,74.71154022216797,289.45056588309154,0.5944607853889465,0.5936517715454102,0.005298707168549299,0.5853811740875244,0.5867927193641662,0.5880422949790954,0.5905845612287521,0.5936517715454102,0.5978155583143234,0.6011644303798676,0.6036309748888016,0.6077545046806335
11557,-0.5948531031608582,213.9624786376953,74.84851837158203,288.75911603655135,0.5948531031608582,0.5941115319728851,0.005246435757726431,0.5853811740875244,0.5867927193641662,0.5889787554740906,0.5908353328704834,0.5941115319728851,0.5980330258607864,0.6014472365379333,0.6036309748888016,0.6077545046806335
11648,-0.595588207244873,213.4448699951172,74.99203491210938,288.03125435965404,0.5955882668495178,0.5954208970069885,0.005610490683466196,0.5853880822658539,0.5872315615415573,0.5894165396690368,0.5914362221956253,0.5954208970069885,0.598720520734787,0.6026956558227539,0.6074982047080993,0.6079081058502197
11739,-0.596123456954956,212.92733764648438,75.12886810302734,287.3075953892299,0.596123456954956,0.5958496332168579,0.005498099140822887,0.5853880822658539,0.5873713105916977,0.5896571457386017,0.5923300385475159,0.5958496332168579,0.5993271619081497,0.6032848358154297,0.6074982047080993,0.6079081058502197
11830,-0.5967026352882385,212.41566467285156,75.26850891113281,286.58815220424106,0.5967026948928833,0.596298098564148,0.005444682203233242,0.5853880822658539,0.5890829622745514,0.5907598733901978,0.5931100845336914,0.596298098564148,0.599660724401474,0.6036298036575317,0.6075911402702332,0.6087720966339112
11921,-0.5969728231430054,211.89376831054688,75.39603424072266,285.85950142996654,0.5969728231430054,0.5963476896286011,0.005199003033339977,0.5891045236587524,0.5898040056228637,0.5910364806652069,0.5933894962072372,0.5963476896286011,0.5999415814876556,0.6036298036575317,0.6075911402702332,0.6087720966339112
12012,-0.5973637700080872,211.36407470703125,75.51748657226562,285.1259286063058,0.5973638296127319,0.5970561802387238,0.005226134788244963,0.5891914415359497,0.5898040056228637,0.591249680519104,0.5935303568840027,0.5970561802387238,0.6003852784633636,0.6043245136737824,0.6075911402702332,0.6087720966339112
12103,-0.5982040166854858,210.8397979736328,75.65182495117188,284.3877694266183,0.5982040762901306,0.5972569584846497,0.00580401998013258,0.5891914415359497,0.5898040056228637,0.591249680519104,0.594621330499649,0.5972569584846497,0.6014279127120972,0.6063105940818787,0.6079343557357788,0.6091510534286498
12194,-0.598711371421814,210.32180786132812,75.78255462646484,283.65475027901783,0.598711371421814,0.5982373952865601,0.005617957096546888,0.589366545677185,0.5899617075920105,0.5916257798671722,0.595252200961113,0.5982373952865601,0.6017574518918991,0.6063105940818787,0.6079343557357788,0.6091510534286498
12285,-0.5994460582733154,209.80010986328125,75.92388153076172,282.9184090750558,0.5994461178779602,0.599209189414978,0.005366208963096142,0.5899662494659423,0.5913072139024734,0.592141580581665,0.5956108421087265,0.599209189414978,0.6032706499099731,0.6063105940818787,0.6079343557357788,0.6091510534286498
12376,-0.6003904342651367,209.26449584960938,76.05680847167969,282.16404942103793,0.6003904938697815,0.6001617312431335,0.005152400117367506,0.5899662494659423,0.5919264763593673,0.5930789351463318,0.5973891913890839,0.6001617312431335,0.6041065454483032,0.6074827075004577,0.6087276071310044,0.6091510534286498
12467,-0.6011604070663452,208.7519073486328,76.18383026123047,281.4320765904018,0.6011604070663452,0.601125568151474,0.004849583841860294,0.5918411076068878,0.5931666821241379,0.595655643939972,0.5982102751731873,0.601125568151474,0.6044420003890991,0.6075995922088623,0.6087770581245422,0.6091510534286498
12558,-0.6015185117721558,208.23756408691406,76.3031997680664,280.7050563267299,0.6015186309814453,0.601352870464325,0.005045131780207157,0.5919151747226715,0.5935219436883926,0.5958463191986084,0.5982694327831268,0.601352870464325,0.6045530140399933,0.6077656149864197,0.6089973628520966,0.6122377181053161
12649,-0.601954460144043,207.70042419433594,76.41426849365234,279.95396641322543,0.6019545197486877,0.6014590263366699,0.005001543089747429,0.5920748734474182,0.5952835977077484,0.5960180342197419,0.598437488079071,0.6014590263366699,0.6049771010875702,0.6079741060733795,0.6090496718883515,0.6122377181053161
12740,-0.6026210784912109,207.16488647460938,76.51732635498047,279.2070094517299,0.6026211380958557,0.6020232141017914,0.004990059416741133,0.5935230946540833,0.5958565592765808,0.5963431417942047,0.5992243736982346,0.6020232141017914,0.6061586141586304,0.6087577700614929,0.6094736814498901,0.6124880158901215
12831,-0.6028760671615601,206.62454223632812,76.62983703613281,278.44995553152904,0.6028760671615601,0.6025121510028839,0.004906426649540663,0.5935230946540833,0.5959137499332428,0.5977873265743255,0.5998234897851944,0.6025121510028839,0.606180340051651,0.6087885141372681,0.6101106494665146,0.6124880158901215
12922,-0.6039119362831116,206.09938049316406,76.73033905029297,277.71179635184154,0.6039119958877563,0.6035715043544769,0.005201172083616257,0.595557541847229,0.5962635338306427,0.5982629179954528,0.6001769006252289,0.6035715043544769,0.6070408821105957,0.6094211876392365,0.6118482798337936,0.6177146923542023
13013,-0.6046079993247986,205.56361389160156,76.82927703857422,276.9605189732143,0.6046079993247986,0.6042582988739014,0.005230415146797895,0.5962703251838684,0.5980239570140838,0.5986917436122894,0.6006494909524918,0.6042582988739014,0.6075468361377716,0.611471974849701,0.6124230116605759,0.6190256452560425
13104,-0.605050265789032,205.01885986328125,76.93769073486328,276.1924264090402,0.605050265789032,0.6049854755401611,0.004858859349042177,0.598274222612381,0.5987090080976486,0.5994088828563691,0.6013969630002975,0.6049854755401611,0.6075468361377716,0.611471974849701,0.6124230116605759,0.6190256452560425
13195,-0.6054767370223999,204.45921325683594,77.03827667236328,275.4142107282366,0.6054767370223999,0.6052364408969879,0.004709701985120773,0.598274222612381,0.5987447321414947,0.6000733971595764,0.6018829941749573,0.6052364408969879,0.6076633036136627,0.611471974849701,0.6124230116605759,0.6190256452560425
13286,-0.6059712767601013,203.94143676757812,77.1617431640625,274.6698434012277,0.6059712767601013,0.6055656671524048,0.004857990425080061,0.5987364888191223,0.5994358032941818,0.6002701044082641,0.6025530397891998,0.6055656671524048,0.6084302514791489,0.6118629276752472,0.613951513171196,0.6192826020717621
13377,-0.606643557548523,203.38294982910156,77.23247528076172,273.89874267578125,0.606643557548523,0.606154590845108,0.004710292909294367,0.5995367848873139,0.6002757906913757,0.6012577950954437,0.6032562553882599,0.606154590845108,0.609150618314743,0.6121363520622254,0.6140168577432632,0.6192826020717621
13468,-0.6072554588317871,202.86537170410156,77.33609771728516,273.16186087472096,0.6072554588317871,0.6063879132270813,0.0048810867592692375,0.5995424616336823,0.6007376998662949,0.6018405199050904,0.6037485301494598,0.6063879132270813,0.6096289306879044,0.6132686734199524,0.6157533049583435,0.6192826020717621
13559,-0.6076631546020508,202.32376098632812,77.43214416503906,272.3962925502232,0.6076632142066956,0.6066654622554779,0.0048851207830011845,0.6000723922252655,0.6012107610702515,0.601884388923645,0.6040022224187851,0.6066654622554779,0.6112149357795715,0.6138726115226746,0.6157533049583435,0.6192826020717621
13650,-0.6082004904747009,201.79022216796875,77.52559661865234,271.63653564453125,0.6082005500793457,0.607037752866745,0.005006803665310144,0.6012740552425384,0.6018621861934662,0.6027261435985565,0.6048850864171982,0.607037752866745,0.6115264892578125,0.615011328458786,0.6190324574708939,0.6202051258087158
13741,-0.6088795065879822,201.25509643554688,77.6074447631836,270.8865312848772,0.6088795065879822,0.6075385808944702,0.005268563982099295,0.6012740552425384,0.6024608373641968,0.6028980374336242,0.6051202565431595,0.6075385808944702,0.6120772361755371,0.6155257046222686,0.6192741513252258,0.6229609715938568
13832,-0.6093044281005859,200.72377014160156,77.69806671142578,270.1360778808594,0.6093044877052307,0.6085435450077057,0.005198392551392317,0.6013735508918763,0.6026038467884064,0.6032226204872131,0.6053268909454346,0.6085435450077057,0.6120772361755371,0.6156027972698211,0.6194795221090317,0.6229609715938568
13923,-0.6100004315376282,200.17123413085938,77.77828979492188,269.3596496582031,0.6100004315376282,0.6092289686203003,0.005200858227908611,0.6025837421417236,0.6029038459062577,0.6040217578411102,0.6061992645263672,0.6092289686203003,0.6130354106426239,0.6180330634117126,0.6194795221090317,0.6229609715938568
14014,-0.6107348203659058,199.61256408691406,77.86869812011719,268.5652117047991,0.6107348799705505,0.6096243262290955,0.0052366433665156364,0.6026143097877502,0.6033610165119171,0.6049352705478668,0.6068301945924759,0.6096243262290955,0.6145036369562149,0.6192051410675049,0.6201825231313706,0.6229609715938568
14105,-0.6110953092575073,199.06561279296875,77.9588851928711,267.7847202845982,0.6110953688621521,0.6104438602924347,0.005227956455200911,0.6026143097877502,0.6033610165119171,0.6049858570098877,0.6074361503124237,0.6104438602924347,0.6145199090242386,0.6192557394504548,0.6209274023771286,0.6229609715938568
14196,-0.6117978096008301,198.49972534179688,78.02045440673828,267.0023847307478,0.6117978692054749,0.6114184260368347,0.005121574737131596,0.6029259753227234,0.6045707821846008,0.6052152335643768,0.6083050221204758,0.6114184260368347,0.6149237155914307,0.6192832827568054,0.6212365955114365,0.6229609715938568
14287,-0.6123164296150208,197.97344970703125,78.12565612792969,266.2362278529576,0.6123164296150208,0.6116807758808136,0.0050842054188251495,0.60336430311203,0.6051298469305039,0.6056018531322479,0.6086530983448029,0.6116807758808136,0.6152752786874771,0.6195113956928253,0.6216054290533066,0.6230568265914918
14378,-0.6126610636711121,197.40283203125,78.18287658691406,265.4385332380022,0.6126611232757568,0.6118867099285126,0.005251756869256496,0.60336430311203,0.6051596760749817,0.6061283946037292,0.6086530983448029,0.6118867099285126,0.6154944896697998,0.6200910210609436,0.6225546926259995,0.6232005023956299
14469,-0.6132642030715942,196.85426330566406,78.2719497680664,264.65066964285717,0.6132642030715942,0.6127431988716125,0.005061668809503317,0.6051243054866791,0.6054517239332199,0.6063462615013122,0.6093136370182037,0.6127431988716125,0.6159414201974869,0.6201716482639312,0.6225546926259995,0.6232005023956299
14560,-0.6141068339347839,196.30813598632812,78.35199737548828,263.86842564174106,0.6141068935394287,0.6142183244228363,0.004886844661086798,0.6056312692165374,0.6065141439437867,0.6077535808086395,0.6107495278120041,0.6142183244228363,0.6176579892635345,0.6209427893161774,0.6229611068964005,0.6232005023956299
14651,-0.6148186922073364,195.75106811523438,78.40485382080078,263.0899353027344,0.6148187518119812,0.6149336397647858,0.005007061176002026,0.6056312692165374,0.6065141439437867,0.6081717371940613,0.6113456338644028,0.6149336397647858,0.6186493337154388,0.6212650239467621,0.6229611068964005,0.6232005023956299
14742,-0.6156604886054993,195.2047119140625,78.49378204345703,262.3017142159598,0.6156604886054993,0.6153057813644409,0.004874298814684153,0.6061719298362732,0.6071748703718185,0.6093184232711792,0.6120917201042175,0.6153057813644409,0.6196070164442062,0.6219304919242858,0.6230972081422805,0.6248713731765747
14833,-0.6164077520370483,194.65159606933594,78.55506134033203,261.5190952845982,0.6164077520370483,0.6159587502479553,0.005045016296207905,0.6061719298362732,0.6086662352085114,0.610292935371399,0.6124382764101028,0.6159587502479553,0.6204961240291595,0.6229659974575043,0.6239964425563812,0.6269530320167541
14924,-0.616911768913269,194.10987854003906,78.62159729003906,260.7440447126116,0.6169118285179138,0.6165453791618347,0.004860169254243374,0.6080045258998871,0.6093336343765259,0.6112536609172821,0.6137987673282623,0.6165453791618347,0.6208446770906448,0.6230578362941742,0.6248747944831848,0.6269530320167541
15015,-0.6174978613853455,193.54745483398438,78.6716079711914,259.9546639578683,0.6174979209899902,0.6167474389076233,0.00503862788900733,0.6086569631099701,0.6101142317056656,0.611341392993927,0.6139004230499268,0.6167474389076233,0.6209680885076523,0.6232265949249267,0.6269431293010712,0.6276724636554718
15106,-0.6179840564727783,192.96153259277344,78.71880340576172,259.1329781668527,0.6179840564727783,0.6176528334617615,0.004911100026220083,0.6086569631099701,0.6101142317056656,0.6119149446487426,0.6146789342164993,0.6176528334617615,0.6212484240531921,0.6233898878097535,0.6269431293010712,0.6276724636554718
15197,-0.6183899641036987,192.41082763671875,78.78209686279297,258.34175763811385,0.6183900237083435,0.6180346012115479,0.004897774197161198,0.6086569631099701,0.6112798184156418,0.6131960928440094,0.6151027828454971,0.6180346012115479,0.6215543448925018,0.6242306709289551,0.627011987566948,0.6277229321002961
15288,-0.6189178228378296,191.85076904296875,78.82799530029297,257.56038556780135,0.6189178228378296,0.6184245049953461,0.004773154854774475,0.6110203719139099,0.611667537689209,0.6137856423854828,0.6154644042253494,0.6184245049953461,0.6220042258501053,0.6248844146728516,0.6271335631608963,0.6278842091560364
15379,-0.6192438006401062,191.32015991210938,78.88732147216797,256.7916041782924,0.6192438006401062,0.6189766824245453,0.0048148296773433685,0.6110203719139099,0.611667537689209,0.613801109790802,0.6155916601419449,0.6189766824245453,0.6224974691867828,0.6251574516296386,0.6276052713394165,0.6279128897190094
15470,-0.6195864677429199,190.77232360839844,78.95773315429688,255.99581473214286,0.6195864677429199,0.6196768283843994,0.00472263665869832,0.6110203719139099,0.611667537689209,0.6140160620212555,0.6159698218107224,0.6196768283843994,0.6228368580341339,0.6251574516296386,0.6276052713394165,0.6279128897190094
15561,-0.6203346252441406,190.24063110351562,79.01175689697266,255.23247855050224,0.6203345656394958,0.6209242343902588,0.004584896843880415,0.61153932929039,0.6135707080364228,0.6147463381290436,0.6170218884944916,0.6209242343902588,0.6232710480690002,0.6264029026031495,0.6276624232530594,0.6281550097465515
15652,-0.6207431554794312,189.6912841796875,79.05480194091797,254.43716430664062,0.6207431554794312,0.621064305305481,0.004561610985547304,0.6118284702301026,0.6137788593769073,0.6153081774711608,0.6178034693002701,0.621064305305481,0.6236810684204102,0.626946485042572,0.6278513640165329,0.6292393803596497
15743,-0.6210241317749023,189.13998413085938,79.10404968261719,253.6487056187221,0.6210241913795471,0.6212956607341766,0.004354987759143114,0.6132402777671814,0.6138138264417649,0.6154119670391083,0.6179866641759872,0.6212956607341766,0.623869851231575,0.626946485042572,0.6278513640165329,0.6292393803596497
15834,-0.6215060949325562,188.60093688964844,79.17399597167969,252.85990251813615,0.6215060949325562,0.6214015483856201,0.004191504791378975,0.6134482204914093,0.6138138264417649,0.6162441611289978,0.6187325716018677,0.6214015483856201,0.6241868436336517,0.6270664691925049,0.6279237449169159,0.6292393803596497
15925,-0.6221449375152588,188.0399932861328,79.21910095214844,252.06097630092077,0.6221449971199036,0.6222321689128876,0.003993249963968992,0.6135054647922515,0.6155718117952347,0.6166606187820435,0.619401216506958,0.6222321689128876,0.6248990297317505,0.6276078462600708,0.6280281603336334,0.6292393803596497
16016,-0.6231139898300171,187.4877471923828,79.26765441894531,251.25935581752233,0.6231139302253723,0.6227770447731018,0.004533314611762762,0.6135054647922515,0.6162162631750107,0.6177668154239655,0.620608001947403,0.6227770447731018,0.6260764002799988,0.628116112947464,0.6305433303117752,0.6323338305950165
16107,-0.623683750629425,186.9558563232422,79.32154846191406,250.4853036063058,0.623683750629425,0.6233075857162476,0.004614633042365313,0.6155362355709076,0.6173958420753479,0.6185709297657013,0.6209736466407776,0.6233075857162476,0.6268503665924072,0.6292186081409454,0.6321887344121933,0.6335167360305786
16198,-0.6241908669471741,186.40634155273438,79.37023162841797,249.69263785226005,0.6241909265518188,0.6242819726467133,0.004568319767713547,0.6155362355709076,0.6174111694097519,0.618969851732254,0.6210649162530899,0.6242819726467133,0.626975417137146,0.6297903597354889,0.6321887344121933,0.6335167360305786
16289,-0.6248971819877625,185.8399200439453,79.39855194091797,248.88912745884485,0.6248971819877625,0.6248916983604431,0.004964885301887989,0.6155362355709076,0.6180777847766876,0.6190394341945649,0.6212957352399826,0.6248916983604431,0.6280368119478226,0.6311035096645355,0.6328607857227325,0.634405289888382
16380,-0.6256805062294006,185.3043670654297,79.45716094970703,248.10400608607702,0.6256805658340454,0.6257945001125336,0.0047182138077914715,0.6166633021831512,0.6189735233783722,0.6195644855499267,0.6223388910293579,0.6257945001125336,0.6285107880830765,0.6312427639961242,0.6335288166999817,0.6349305939674377
16471,-0.6263520121574402,184.7505645751953,79.50639343261719,247.29652404785156,0.6263520121574402,0.6261447668075562,0.0050485339015722275,0.6173877346515656,0.6189918845891953,0.620186573266983,0.6231467872858047,0.6261447668075562,0.6290291398763657,0.6319740593433381,0.634340563416481,0.6388930177688599
16562,-0.6271631717681885,184.19642639160156,79.54491424560547,246.49164472307478,0.6271631121635437,0.6269314885139465,0.005381355062127113,0.6186608183383941,0.6191927820444107,0.6206697821617126,0.6235905587673187,0.6269314885139465,0.6301507353782654,0.6333917915821076,0.6384303122758865,0.6391028809547424
16653,-0.6275660395622253,183.6519775390625,79.57493591308594,245.7065713065011,0.6275660395622253,0.6273269951343536,0.0051787495613098145,0.6186608183383941,0.6196146488189698,0.6214418113231659,0.6240889579057693,0.6273269951343536,0.630524069070816,0.6334136307239533,0.6384303122758865,0.6391028809547424
16744,-0.6280856132507324,183.11749267578125,79.63102722167969,244.9159393310547,0.6280856132507324,0.6274712085723877,0.005290448199957609,0.6186836433410644,0.620244312286377,0.6220467686653137,0.6249016523361206,0.6274712085723877,0.6308833062648773,0.6340052127838135,0.6384654074907303,0.6403193807601929
16835,-0.6284083127975464,182.58970642089844,79.6654052734375,244.14572143554688,0.6284083127975464,0.6283435225486755,0.005197892431169748,0.6187025690078736,0.6202665328979492,0.6223699390888214,0.624971866607666,0.6283435225486755,0.631023108959198,0.6344460606575012,0.6386092334985733,0.6403193807601929
16926,-0.6288467049598694,182.03915405273438,79.68891906738281,243.3524889264788,0.6288466453552246,0.6286381483078003,0.005127642769366503,0.6189718747138977,0.6206903755664825,0.6231447935104371,0.6256822049617767,0.6286381483078003,0.631591722369194,0.634982705116272,0.6386092334985733,0.6403193807601929
17017,-0.6295217871665955,181.47900390625,79.715576171875,242.54673767089844,0.6295217275619507,0.6290472745895386,0.00506729306653142,0.6202860736846924,0.6220697313547134,0.6235870480537414,0.6260520815849304,0.6290472745895386,0.6324343234300613,0.6362048506736755,0.6386092334985733,0.6403193807601929
17108,-0.6301018595695496,180.90423583984375,79.73277282714844,241.72603934151786,0.6301017999649048,0.629662275314331,0.005031908862292767,0.6202860736846924,0.6228621870279312,0.6247390151023865,0.6264448165893555,0.629662275314331,0.6334454268217087,0.6364610910415649,0.6386092334985733,0.6405013358592987
17199,-0.630776047706604,180.34788513183594,79.74945068359375,240.92264665876115,0.6307759881019592,0.6305336356163025,0.005151963327080011,0.622091234922409,0.6235890805721283,0.6248752236366272,0.6269006580114365,0.6305336356163025,0.6344592571258545,0.6367951333522797,0.6388973236083985,0.6425461030006409
17290,-0.6315541863441467,179.82044982910156,79.79598999023438,240.1441388811384,0.631554126739502,0.6314264237880707,0.005057910457253456,0.623326131105423,0.6241408914327622,0.6249821543693542,0.6276210248470306,0.6314264237880707,0.6348698735237122,0.637634003162384,0.639105024933815,0.6425461030006409
17381,-0.6324750781059265,179.27871704101562,79.82689666748047,239.3514883858817,0.6324750781059265,0.6318540573120117,0.005589102394878864,0.6235905063152313,0.6243779331445694,0.6255830526351929,0.628041610121727,0.6318540573120117,0.6360476613044739,0.6389045000076294,0.6426243126392365,0.6469373667240143
17472,-0.6327629089355469,178.7071533203125,79.83318328857422,238.5305459158761,0.6327629089355469,0.6324262917041779,0.005684823729097843,0.6235905063152313,0.6243779331445694,0.6255830526351929,0.6284172534942627,0.6324262917041779,0.6362159550189972,0.6397652149200439,0.6426243126392365,0.6469373667240143
17563,-0.63332200050354,178.15391540527344,79.84864807128906,237.7273690359933,0.63332200050354,0.632754385471344,0.005700535140931606,0.6240999519824981,0.6247584640979766,0.6258902072906494,0.6296646595001221,0.632754385471344,0.636807844042778,0.6405450940132141,0.6428843319416047,0.6469373667240143
17654,-0.6339462995529175,177.62611389160156,79.8901596069336,236.943119594029,0.6339462399482727,0.6334416568279266,0.005638820584863424,0.6243869233131408,0.6257846415042877,0.6270022034645081,0.6299796104431152,0.6334416568279266,0.6375306844711304,0.6414482593536377,0.6451688468456268,0.6469373667240143
17745,-0.6344725489616394,177.06903076171875,79.89216613769531,236.14176286969865,0.6344726085662842,0.634023129940033,0.005391255021095276,0.6257977271080017,0.626837033033371,0.6275949597358703,0.6305298805236816,0.634023129940033,0.6377988755702972,0.6417866766452789,0.6451688468456268,0.6469373667240143
17836,-0.6347947120666504,176.5222930908203,79.9127197265625,235.33546447753906,0.6347947120666504,0.63410884141922,0.00531139736995101,0.6258483135700226,0.6268938183784485,0.6278075218200684,0.6308963894844055,0.63410884141922,0.6381775438785553,0.6422496795654297,0.6451688468456268,0.6469373667240143
17927,-0.63514244556427,175.97470092773438,79.92633056640625,234.5380096435547,0.6351423859596252,0.6347463726997375,0.005132801365107298,0.6260157442092895,0.6271977603435517,0.6294121205806732,0.6317710727453232,0.6347463726997375,0.6384341865777969,0.6422496795654297,0.6451688468456268,0.6469373667240143
18018,-0.6358234882354736,175.44451904296875,79.94051361083984,233.75962829589844,0.6358234286308289,0.6352626383304596,0.0049824281595647335,0.6268622708320618,0.6276090562343597,0.6299469113349915,0.632164716720581,0.6352626383304596,0.6391638368368149,0.6422496795654297,0.6451688468456268,0.6469373667240143
18109,-0.6365074515342712,174.91983032226562,79.95763397216797,232.98116411481584,0.636507511138916,0.6361516118049622,0.005004010628908873,0.6268622708320618,0.6293744772672654,0.63062584400177,0.6330149322748184,0.6361516118049622,0.6399599611759186,0.6425389289855957,0.6461202204227448,0.6469373667240143
18200,-0.6369531154632568,174.38006591796875,79.95736694335938,232.19339643205916,0.6369531154632568,0.6367129981517792,0.004836676176637411,0.6272031283378601,0.6298267811536788,0.6310188412666321,0.6334648877382278,0.6367129981517792,0.6401751935482025,0.6426521182060242,0.6461202204227448,0.6469373667240143
18291,-0.6373669505119324,173.84217834472656,79.97515869140625,231.39407566615515,0.6373669505119324,0.6375158131122589,0.004921298939734697,0.6272031283378601,0.6298267811536788,0.6310188412666321,0.634019136428833,0.6375158131122589,0.641072228550911,0.6435077488422394,0.6462423235177994,0.6470802187919616
18382,-0.6383824944496155,173.28538513183594,79.96892547607422,230.58489118303572,0.6383824944496155,0.6378501653671265,0.004983566701412201,0.6299191951751709,0.6309218227863311,0.632588803768158,0.6349402964115143,0.6378501653671265,0.6414838880300522,0.6458257138729095,0.6471910059452057,0.648389710187912
18473,-0.6391133069992065,172.7311248779297,79.97557830810547,229.7749263218471,0.6391133666038513,0.6390564739704132,0.004830497317016125,0.629944554567337,0.6316497474908829,0.6329867780208588,0.6362320184707642,0.6390564739704132,0.6421746462583542,0.6463465631008148,0.6473760187625885,0.648389710187912
18564,-0.6395050883293152,172.19544982910156,79.98595428466797,228.9791019984654,0.63950514793396,0.6393467485904694,0.004689459223300219,0.630154173374176,0.6322285920381546,0.633944320678711,0.6365568786859512,0.6393467485904694,0.6423858255147934,0.6465548276901245,0.6473760187625885,0.648389710187912
18655,-0.6399086713790894,171.65467834472656,79.9827651977539,228.1800319126674,0.6399086713790894,0.6395537853240967,0.00479707820340991,0.630154173374176,0.6325879037380219,0.634567940235138,0.6365987807512283,0.6395537853240967,0.6427007019519806,0.646802818775177,0.6477399379014969,0.6487001085281372
18746,-0.6407070755958557,171.11228942871094,79.9833984375,227.3792484828404,0.6407070755958557,0.6404296159744263,0.005005544051527977,0.6308456921577453,0.6330079704523086,0.6349918365478515,0.637213721871376,0.6404296159744263,0.6437422782182693,0.647643631696701,0.6486819982528687,0.6503228104114532
18837,-0.6411334872245789,170.57571411132812,79.97843933105469,226.5901598249163,0.6411335468292236,0.6407751142978668,0.005033791530877352,0.6308464479446411,0.6330079704523086,0.6351791620254517,0.6378113925457001,0.6407751142978668,0.6445927619934082,0.6477648437023162,0.6489582121372223,0.6503901600837707
18928,-0.6418064832687378,170.03182983398438,79.95527648925781,225.80042157854353,0.6418066620826721,0.6416631937026978,0.004964856896549463,0.6308464479446411,0.6330079704523086,0.6358591198921204,0.639119565486908,0.6416631937026978,0.6452931314706802,0.6483983039855957,0.6497431963682174,0.6503901600837707
19019,-0.6423431038856506,169.50611877441406,79.96752166748047,225.01130894252233,0.6423430442810059,0.6423943042755127,0.005058386363089085,0.6308464479446411,0.633019682765007,0.6362123966217041,0.6396277099847794,0.6423943042755127,0.6463415771722794,0.6485807716846466,0.6501520127058029,0.6516372120380401
19110,-0.6428312659263611,168.9667510986328,79.94213104248047,224.2311510358538,0.6428312659263611,0.6425431370735168,0.00493344571441412,0.6308483386039734,0.6334227919578552,0.6367307782173157,0.6398605406284332,0.6425431370735168,0.6465795785188675,0.6488979935646058,0.6503910720348358,0.6516372120380401
19201,-0.6431658864021301,168.4630126953125,79.9427719116211,223.47400774274553,0.6431658267974854,0.6429648697376251,0.0047965566627681255,0.6308483386039734,0.6345167249441147,0.6375475049018859,0.6403570771217346,0.6429648697376251,0.6467457562685013,0.649017196893692,0.6503910720348358,0.6516372120380401
19292,-0.643561601638794,167.91441345214844,79.92149353027344,222.68110874720983,0.643561601638794,0.6433679759502411,0.004554277751594782,0.6345380222797394,0.6358647316694259,0.6377533853054047,0.640626385807991,0.6433679759502411,0.6469695419073105,0.6491829812526703,0.6503910720348358,0.6516372120380401
19383,-0.6443522572517395,167.39614868164062,79.91622924804688,221.90754045758928,0.6443521976470947,0.6440781652927399,0.004752353299409151,0.6350126671791076,0.6366496980190277,0.6395317196846009,0.6411238461732864,0.6440781652927399,0.6469970345497131,0.6497640550136566,0.6507332444190979,0.6546919500827789
19474,-0.6449426412582397,166.88888549804688,79.93956756591797,221.1239493233817,0.6449425220489502,0.64457967877388,0.004954872187227011,0.6350821650028229,0.6377156287431717,0.6399257063865662,0.6412683427333832,0.64457967877388,0.6474306881427765,0.650223308801651,0.652103129029274,0.6580124115943908
19565,-0.6458986401557922,166.34979248046875,79.9277572631836,220.3173108782087,0.6458986401557922,0.6458634436130524,0.00495566613972187,0.6350821650028229,0.6398044884204864,0.6407800137996673,0.6424483209848404,0.6458634436130524,0.6483873575925827,0.6518555343151092,0.6548763155937195,0.6580124115943908
19656,-0.6463363766670227,165.82904052734375,79.89826202392578,219.56248692103796,0.6463363766670227,0.6463639736175537,0.004823766183108091,0.6350821650028229,0.6401165455579758,0.641280448436737,0.6429952383041382,0.6463639736175537,0.6486520916223526,0.6518555343151092,0.6548763155937195,0.6580124115943908
19747,-0.6469939947128296,165.30859375,79.88435363769531,218.78526088169642,0.6469939947128296,0.6464521884918213,0.005107576493173838,0.6382308721542358,0.6406445682048798,0.6417741894721984,0.6434084177017212,0.6464521884918213,0.6489321440458298,0.6533780097961426,0.6572934836149216,0.6618964385986328
19838,-0.6476073265075684,164.78195190429688,79.87843322753906,217.99162074497767,0.6476072669029236,0.6470217406749725,0.005238346289843321,0.6382308721542358,0.6411542445421219,0.6422023117542267,0.6441446840763092,0.6470217406749725,0.6500021368265152,0.6546353220939636,0.658026123046875,0.6618964385986328
19929,-0.6483432054519653,164.27301025390625,79.88932800292969,217.20475115094865,0.6483432054519653,0.6472320556640625,0.0055649722926318645,0.6390398907661438,0.6422691822052002,0.6427930414676666,0.6447216123342514,0.6472320556640625,0.650290846824646,0.6558389306068421,0.6586094051599503,0.662798707485199
20020,-0.6487410664558411,163.7523651123047,79.8861083984375,216.410160609654,0.6487410068511963,0.6473920941352844,0.005505196750164032,0.640514291524887,0.6422691822052002,0.6427930414676666,0.6450697034597397,0.6473920941352844,0.6517568379640579,0.6566977977752686,0.6586094051599503,0.662798707485199
20111,-0.649562418460846,163.23269653320312,79.89332580566406,215.61003984723772,0.6495623588562012,0.6482713222503662,0.005685628857463598,0.6405143928527832,0.6422691822052002,0.6432262778282165,0.6460633426904678,0.6482713222503662,0.6520111262798309,0.6572766602039337,0.6592680186033248,0.6636776876449585
20202,-0.6499384641647339,162.72402954101562,79.90072631835938,214.82250322614397,0.6499384045600891,0.6489820778369904,0.005612674169242382,0.641026337146759,0.6424274206161499,0.6441928625106812,0.6465237885713577,0.6489820778369904,0.6528481096029282,0.6572766602039337,0.6592680186033248,0.6636776876449585
20293,-0.6507042646408081,162.21072387695312,79.87217712402344,214.06307983398438,0.6507042646408081,0.6501639783382416,0.005560388322919607,0.6411940979957581,0.6430311590433121,0.644545167684555,0.6471188068389893,0.6501639783382416,0.6533496230840683,0.6575156450271606,0.6619058787822724,0.6636776876449585
20384,-0.6513456702232361,161.69381713867188,79.86581420898438,213.28046090262276,0.6513456106185913,0.650711715221405,0.005539592821151018,0.6411940979957581,0.6439038068056107,0.6446887433528901,0.6476712822914124,0.650711715221405,0.6540657430887222,0.6580489754676819,0.6619058787822724,0.6636776876449585
20475,-0.6519522070884705,161.1915740966797,79.8584213256836,212.5122789655413,0.6519521474838257,0.6518264412879944,0.0053571187891066074,0.6430118381977081,0.6442556619644165,0.6450912237167359,0.6484202742576599,0.6518264412879944,0.6544715017080307,0.6584724843502044,0.6619058787822724,0.6636776876449585
20566,-0.6522347927093506,160.65408325195312,79.82998657226562,211.71022251674108,0.6522347331047058,0.6519106924533844,0.005346844904124737,0.6431528401374816,0.6442556619644165,0.6460144817829132,0.6488069146871567,0.6519106924533844,0.6551497280597687,0.6584834098815918,0.6619235754013062,0.6650304639339447
20657,-0.6529476642608643,160.1856689453125,79.86036682128906,210.95306614467077,0.6529476046562195,0.6525574922561646,0.0055413153022527695,0.6431528401374816,0.6442556619644165,0.6461053013801574,0.6501143425703049,0.6525574922561646,0.6558165401220322,0.6587491989135742,0.6628224074840545,0.668831558227539
20748,-0.6534615755081177,159.66322326660156,79.83533477783203,210.168701171875,0.6534615159034729,0.6526850163936615,0.00550633342936635,0.6437854194641113,0.6447046309709549,0.6465428948402405,0.6502446681261063,0.6526850163936615,0.6565316319465637,0.6600698232650757,0.6636419266462326,0.668831558227539
20839,-0.6539475917816162,159.1621551513672,79.84239959716797,209.38173348563058,0.6539475321769714,0.6532143950462341,0.005371950566768646,0.6437854194641113,0.6451646625995636,0.647702431678772,0.6508026868104935,0.6532143950462341,0.657025158405304,0.6600698232650757,0.6636448442935944,0.668831558227539
20930,-0.6543907523155212,158.67376708984375,79.83954620361328,208.62486703055245,0.654390811920166,0.6538898348808289,0.005389181897044182,0.6437854194641113,0.6465277075767517,0.6484209477901459,0.6511942446231842,0.6538898348808289,0.6573074609041214,0.6606703341007233,0.6650237917900086,0.668831558227539
21021,-0.6548933982849121,158.14569091796875,79.77937316894531,207.84107535226005,0.6548933982849121,0.6543540060520172,0.0051162089221179485,0.6453208804130555,0.6479010879993439,0.6496969878673553,0.6516848802566528,0.6543540060520172,0.6575205475091934,0.6617344737052917,0.6650237917900086,0.668831558227539
21112,-0.6555600762367249,157.60340881347656,79.72913360595703,207.0413861955915,0.6555600762367249,0.6545826494693756,0.005575227551162243,0.6453208804130555,0.6484526365995407,0.6499787211418152,0.6517614275217056,0.6545826494693756,0.658639594912529,0.6624613642692566,0.6652882635593415,0.6697978758811951
21203,-0.6557352542877197,157.11045837402344,79.72063446044922,206.26415361676897,0.6557353138923645,0.6548657417297363,0.005562658421695232,0.6453278374671936,0.6484526365995407,0.6499787211418152,0.6518239080905914,0.6548657417297363,0.6588839143514633,0.6624613642692566,0.6652882635593415,0.6697978758811951
21294,-0.6561297178268433,156.6366729736328,79.71522521972656,205.5125950404576,0.656129777431488,0.6562783420085907,0.00550221698358655,0.6465442931652069,0.6494615882635116,0.6501458883285522,0.6520495712757111,0.6562783420085907,0.6590761542320251,0.662823086977005,0.6652882635593415,0.6697978758811951
21385,-0.6566861867904663,156.130859375,79.67597198486328,204.74656677246094,0.6566861867904663,0.6569629311561584,0.005287655629217625,0.6484149551391601,0.6498730987310409,0.6510972619056702,0.6527969241142273,0.6569629311561584,0.6594460606575012,0.662823086977005,0.6652882635593415,0.6697978758811951
21476,-0.6571242213249207,155.65106201171875,79.6745834350586,203.9920196533203,0.6571241617202759,0.6571179330348969,0.00517944386228919,0.6484629011154175,0.649983537197113,0.6512092649936676,0.6530943810939789,0.6571179330348969,0.660010427236557,0.6631894588470459,0.6652882635593415,0.6697978758811951
21567,-0.6580747365951538,155.15853881835938,79.67366790771484,203.21700395856584,0.6580747365951538,0.6573904156684875,0.0054197306744754314,0.6498844587802887,0.6503958523273468,0.6520342230796814,0.6544405966997147,0.6573904156684875,0.6602432131767273,0.6639585435390473,0.6686777174472809,0.6701301217079162
21658,-0.6585713028907776,154.68801879882812,79.66255950927734,202.47198922293526,0.6585713028907776,0.6581850647926331,0.005419240333139896,0.6498844587802887,0.6503958523273468,0.6525204241275787,0.6548188179731369,0.6581850647926331,0.6609953939914703,0.6643480002880097,0.6688610196113587,0.6708059549331665
21749,-0.6590639352798462,154.22433471679688,79.67443084716797,201.71948024204798,0.6590638756752014,0.6586131453514099,0.005459177307784557,0.650245019197464,0.6519711732864379,0.6536698818206788,0.6550686210393906,0.6586131453514099,0.661329060792923,0.665103280544281,0.6698037445545196,0.67419078707695
21840,-0.6594371795654297,153.73597717285156,79.6555404663086,200.95897347586495,0.6594371199607849,0.6590388119220734,0.005385144148021936,0.6503038597106934,0.6530901968479157,0.6541029214859009,0.6555082052946091,0.6590388119220734,0.6619254946708679,0.6652034878730774,0.6698037445545196,0.67419078707695
21931,-0.6597854495048523,153.24986267089844,79.62445831298828,200.20680672781808,0.6597853899002075,0.6591721177101135,0.0053264121524989605,0.6503038597106934,0.6531313061714172,0.654169249534607,0.656398594379425,0.6591721177101135,0.6623505204916,0.6652034878730774,0.6698037445545196,0.67419078707695
22022,-0.6603045463562012,152.79388427734375,79.63351440429688,199.4613276890346,0.6603044867515564,0.6596106886863708,0.005347243510186672,0.6503038597106934,0.6535953640937805,0.6544391453266144,0.6569856405258179,0.6596106886863708,0.6628027707338333,0.6662087142467499,0.6700240671634674,0.67419078707695
22113,-0.6610867381095886,152.30589294433594,79.58644104003906,198.71369062151228,0.6610866785049438,0.6605374813079834,0.005355264991521835,0.6523049569129944,0.6541301101446152,0.6548246443271637,0.6575837284326553,0.6605374813079834,0.6636216789484024,0.6687427699565888,0.6700240671634674,0.67419078707695
22204,-0.661464512348175,151.8170623779297,79.54635620117188,197.96700831821985,0.661464512348175,0.6606569588184357,0.0053734248504042625,0.6523049569129944,0.6544356971979142,0.6552966415882111,0.6579515337944031,0.6606569588184357,0.6640645563602448,0.6688692450523377,0.6700330138206482,0.67419078707695
22295,-0.661902904510498,151.34010314941406,79.53022003173828,197.22235761369978,0.6619028449058533,0.6610561609268188,0.005378988571465015,0.6539103090763092,0.6548911958932877,0.6555444777011872,0.658531665802002,0.6610561609268188,0.6645387411117554,0.6694212198257447,0.6707608163356781,0.67419078707695
22386,-0.6625560522079468,150.84878540039062,79.50897216796875,196.4571075439453,0.6625560522079468,0.6618131399154663,0.005296181421726942,0.6547997295856476,0.6552196055650711,0.6564791083335877,0.6591491103172302,0.6618131399154663,0.6651510894298553,0.6697502970695496,0.6723161101341247,0.6745344865322113
22477,-0.6628485918045044,150.38426208496094,79.49060821533203,195.7212916782924,0.6628485918045044,0.6624135076999664,0.005234023090451956,0.6547997295856476,0.6555069983005524,0.6567989528179169,0.6591874808073044,0.6624135076999664,0.665812686085701,0.6697502970695496,0.6723161101341247,0.6745344865322113
22568,-0.6633936166763306,149.9059295654297,79.46051025390625,194.9730181012835,0.6633936166763306,0.662827730178833,0.005224679131060839,0.6549122285842895,0.6555663228034974,0.6572049975395202,0.6596246361732483,0.662827730178833,0.6664614379405975,0.6699905276298523,0.6723161101341247,0.6745344865322113
22659,-0.6639827489852905,149.43408203125,79.43511962890625,194.23033360072546,0.6639827489852905,0.6632764935493469,0.005332119297236204,0.6549122285842895,0.6565877020359039,0.6573508858680726,0.6605978161096573,0.6632764935493469,0.667490690946579,0.6714636564254761,0.6724936753511429,0.6747426104545593
22750,-0.6646208167076111,148.9636993408203,79.41110229492188,193.47747148786272,0.6646208167076111,0.6634803414344788,0.005641650408506393,0.6555534231662751,0.6571973443031311,0.6581804633140564,0.6610914170742035,0.6634803414344788,0.668507531285286,0.6722722530364991,0.6744944542646408,0.6787959384918213
22841,-0.665441632270813,148.50335693359375,79.4095458984375,192.722163609096,0.6654416918754578,0.6641112565994263,0.0054119001142680645,0.6565905022621155,0.6573826342821121,0.6591487050056457,0.6617475003004074,0.6641112565994263,0.669475257396698,0.6724707126617432,0.6744944542646408,0.6787959384918213
22932,-0.6659374833106995,148.05877685546875,79.40758514404297,191.9915313720703,0.6659374833106995,0.6645601987838745,0.005353746470063925,0.6572164487838745,0.6582834422588348,0.6592956423759461,0.6623197346925735,0.6645601987838745,0.6699919402599335,0.6728338599205017,0.6747150152921677,0.6787959384918213
23023,-0.6662965416908264,147.6013641357422,79.38887786865234,191.25379943847656,0.6662965416908264,0.6647397875785828,0.005419053602963686,0.6577213108539581,0.6592638522386551,0.6604052543640136,0.6623916923999786,0.6647397875785828,0.6700659096240997,0.6741681933403015,0.6768853485584259,0.6787959384918213
23114,-0.6666086912155151,147.15322875976562,79.38587188720703,190.50807189941406,0.6666087508201599,0.665620744228363,0.005404307972639799,0.6577213108539581,0.6592638522386551,0.6606257915496826,0.6625490486621857,0.665620744228363,0.6703028231859207,0.6745050728321076,0.6768853485584259,0.6787959384918213
23205,-0.6672526597976685,146.69961547851562,79.36514282226562,189.77356175013952,0.6672526597976685,0.66680908203125,0.00540551682934165,0.6587333047389984,0.6592972099781036,0.6606565117835999,0.6627942323684692,0.66680908203125,0.6712155789136887,0.6746962189674377,0.6770595043897629,0.6787959384918213
23296,-0.6677428483963013,146.24571228027344,79.343994140625,189.04078020368303,0.6677428483963013,0.6672970354557037,0.005297215189784765,0.6591871154308319,0.6605106621980668,0.6612469792366028,0.663326770067215,0.6672970354557037,0.6714380383491516,0.6748849034309388,0.6770595043897629,0.6787959384918213
23387,-0.668211042881012,145.78334045410156,79.32958984375,188.29202706473214,0.6682111620903015,0.66847825050354,0.005325371399521828,0.6593925762176513,0.6606255531311035,0.6615717709064484,0.6635728776454926,0.66847825050354,0.6715594083070755,0.6753598570823669,0.6775571763515472,0.6787959384918213
23478,-0.6689271330833435,145.31890869140625,79.28311157226562,187.56358119419642,0.6689270734786987,0.6691928207874298,0.00546088395640254,0.6598735272884368,0.6606926262378693,0.662444943189621,0.663894847035408,0.6691928207874298,0.6720353066921234,0.6756018877029419,0.6780908226966857,0.6795080041885376
23569,-0.669594943523407,144.87106323242188,79.25846099853516,186.8415810721261,0.669594943523407,0.6695230305194855,0.005249953828752041,0.6598735272884368,0.6618645250797272,0.6626941859722137,0.6657183021306992,0.6695230305194855,0.6730997860431671,0.6770687639713288,0.6787945628166199,0.6795761716365815
23660,-0.6700290441513062,144.4325714111328,79.24510192871094,186.11194719587053,0.6700289845466614,0.6700077056884766,0.005237927194684744,0.6598735272884368,0.662237885594368,0.6634541392326355,0.6663624197244644,0.6700077056884766,0.6733539998531342,0.6775741100311279,0.6790582656860351,0.6806361031532288
23751,-0.6705586910247803,143.9860076904297,79.23929595947266,185.3667253766741,0.6705586910247803,0.6703570187091827,0.005365624092519283,0.6598735272884368,0.662407249212265,0.6638863563537598,0.6665496528148651,0.6703570187091827,0.6741342097520828,0.6779678702354431,0.6790582656860351,0.6806361031532288
23842,-0.6709169745445251,143.54940795898438,79.23851776123047,184.6252942766462,0.6709170341491699,0.6706377863883972,0.0052993097342550755,0.6613489055633545,0.6627428770065308,0.6644701063632965,0.6667787134647369,0.6706377863883972,0.6747466623783112,0.6779678702354431,0.679488918185234,0.6811199927330017
23933,-0.6712014079093933,143.10000610351562,79.21699523925781,183.88632202148438,0.6712013483047485,0.6706377863883972,0.005230956245213747,0.6619570815563202,0.6634350955486298,0.6645395934581757,0.6674380302429199,0.6706377863883972,0.6747466623783112,0.6780774235725403,0.6796079307794571,0.6815906226634979
24024,-0.6717826724052429,142.66415405273438,79.20043182373047,183.15813991001673,0.6717826724052429,0.6711957156658173,0.005074990447610617,0.6628082919120789,0.6643586665391922,0.665752249956131,0.668407529592514,0.6711957156658173,0.6749235540628433,0.6783556461334228,0.6806383252143859,0.6817817914485931
24115,-0.6721461415290833,142.22767639160156,79.17296600341797,182.4475838797433,0.6721460819244385,0.6713525056838989,0.005134673323482275,0.6628082919120789,0.664541894197464,0.6657899558544159,0.6689327955245972,0.6713525056838989,0.6762462556362152,0.6790026307106019,0.681136429309845,0.6839970314502716
24206,-0.6727728247642517,141.78265380859375,79.13426971435547,181.7376425606864,0.6727727651596069,0.6722258627414703,0.0050117867067456245,0.6628082919120789,0.6646904706954956,0.6672625124454499,0.6691924184560776,0.6722258627414703,0.6764488220214844,0.6794824421405792,0.6816904008388519,0.6839970314502716
24297,-0.6731790900230408,141.38636779785156,79.13488006591797,181.04961504255022,0.6731790900230408,0.6724713444709778,0.005022640340030193,0.6635110068321228,0.6657613515853882,0.6673883616924285,0.6697768867015839,0.6724713444709778,0.6766561418771744,0.6801183938980102,0.6816904008388519,0.6839970314502716
24388,-0.673826277256012,140.9667510986328,79.1291275024414,180.34209987095423,0.6738263964653015,0.6735363602638245,0.005210516508668661,0.6646603906154632,0.6657745361328125,0.6673883616924285,0.6703120172023773,0.6735363602638245,0.6772193014621735,0.6808776974678039,0.6817776292562485,0.684874781370163
24479,-0.6740782856941223,140.52450561523438,79.11161804199219,179.59822300502233,0.6740782856941223,0.6739071011543274,0.005209927447140217,0.6646603906154632,0.6657745361328125,0.6674796581268311,0.6703120172023773,0.6739071011543274,0.6775606423616409,0.6808776974678039,0.6817776292562485,0.684874781370163
24570,-0.674717366695404,140.09823608398438,79.08575439453125,178.88820321219308,0.6747174263000488,0.6747069954872131,0.005795836914330721,0.6646603906154632,0.6657745361328125,0.6674796581268311,0.6703120172023773,0.6747069954872131,0.677886500954628,0.681410413980484,0.6848817676305771,0.6884138643741607
24661,-0.6754957437515259,139.66360473632812,79.04969787597656,178.18123953683036,0.6754958629608154,0.6758862435817719,0.00592747563496232,0.6652493035793304,0.666641253232956,0.6680738687515259,0.6714455932378769,0.6758862435817719,0.6785790622234344,0.6821267545223236,0.6865576416254043,0.6905136477947235
24752,-0.6759220957756042,139.24403381347656,79.03736877441406,177.48053632463728,0.6759220957756042,0.6764964759349823,0.005716213025152683,0.6652517664432526,0.6674818813800811,0.6686383962631226,0.6723411530256271,0.6764964759349823,0.6787915527820587,0.6821267545223236,0.6865576416254043,0.6905136477947235
24843,-0.6763531565666199,138.8103485107422,79.00952911376953,176.7462615966797,0.6763532161712646,0.6765127182006836,0.005883262027055025,0.666001341342926,0.6677463740110398,0.6688276290893554,0.672748327255249,0.6765127182006836,0.6796356737613678,0.683549302816391,0.6876562535762787,0.6906017923355102
24934,-0.6766467690467834,138.38784790039062,78.97405242919922,176.0540531703404,0.676646888256073,0.6767025589942932,0.005822005216032267,0.666001341342926,0.6680911660194397,0.6697936832904816,0.6729674488306046,0.6767025589942932,0.6800505965948105,0.683549302816391,0.6876562535762787,0.6906017923355102
25025,-0.676945149898529,138.0081329345703,78.98908233642578,175.36115155901228,0.6769452691078186,0.6770554482936859,0.005917568225413561,0.666001341342926,0.6680911660194397,0.6699904084205628,0.6729855090379715,0.6770554482936859,0.6804792881011963,0.6841831564903259,0.6883862733840942,0.6906017923355102
25116,-0.6777663826942444,137.59130859375,78.96786499023438,174.65768214634485,0.6777665019035339,0.6775378584861755,0.005698122084140778,0.6677275967597961,0.6698156952857971,0.6703245639801025,0.674021303653717,0.6775378584861755,0.6807683557271957,0.6853808522224426,0.6883862733840942,0.6906017923355102
25207,-0.678559422492981,137.16282653808594,78.93830108642578,173.9426029750279,0.6785594820976257,0.6779180765151978,0.005984026473015547,0.6677275967597961,0.6701841056346893,0.6707085251808167,0.6748881787061691,0.6779180765151978,0.6817413717508316,0.6865521192550659,0.6890056103467941,0.6914992165565491
25298,-0.6791232228279114,136.7666778564453,78.93175506591797,173.2566201346261,0.6791232228279114,0.6785502135753632,0.0058454773388803005,0.6686610198020935,0.6703233510255814,0.6714931845664978,0.6754937767982483,0.6785502135753632,0.682468831539154,0.6873110890388489,0.689585217833519,0.6914992165565491
25389,-0.679624617099762,136.34507751464844,78.89774322509766,172.54254586356026,0.6796247363090515,0.6801052987575531,0.005648384802043438,0.6686610198020935,0.670712360739708,0.6731075942516327,0.675974428653717,0.6801052987575531,0.682487741112709,0.6879874348640442,0.689585217833519,0.6914992165565491
25480,-0.6801264882087708,135.9314727783203,78.86705017089844,171.84186662946428,0.6801264882087708,0.6802254617214203,0.005580977536737919,0.6701307916641235,0.6719852745532989,0.6733080208301544,0.6764072924852371,0.6802254617214203,0.6829155087471008,0.6887582063674926,0.6904981404542923,0.6917757225036621
25571,-0.6803521513938904,135.50042724609375,78.82672882080078,171.12799944196428,0.6803521513938904,0.6802785694599152,0.005478876642882824,0.6701307916641235,0.6725820392370224,0.6739704608917236,0.6767510771751404,0.6802785694599152,0.6829155087471008,0.6889284074306488,0.6904981404542923,0.6917757225036621
25662,-0.6806880235671997,135.0841522216797,78.79685974121094,170.4279523577009,0.6806880235671997,0.6804525852203369,0.0052796597592532635,0.6704096007347107,0.6730911523103714,0.6741798639297485,0.677084356546402,0.6804525852203369,0.6829881370067596,0.6889284074306488,0.6904981404542923,0.6917757225036621
25753,-0.6810536980628967,134.71499633789062,78.81070709228516,169.752685546875,0.6810537576675415,0.6805379986763,0.005323326215147972,0.6715991139411926,0.6731765270233154,0.6749833226203918,0.6773950904607773,0.6805379986763,0.6832317411899567,0.6889835119247436,0.6904981404542923,0.6917757225036621
25844,-0.6814848184585571,134.32669067382812,78.78543853759766,169.0950448172433,0.6814848184585571,0.6806900203227997,0.005254949443042278,0.6715991139411926,0.6731765270233154,0.6755006074905395,0.6782945394515991,0.6806900203227997,0.683907687664032,0.6894039928913116,0.6906291007995605,0.6920445370674133
25935,-0.6819746494293213,133.93585205078125,78.75785827636719,168.4218270438058,0.6819746494293213,0.6814499199390411,0.005452798679471016,0.6715991139411926,0.6731765270233154,0.6755006074905395,0.6785695850849152,0.6814499199390411,0.6854538917541504,0.6895603656768798,0.691507238149643,0.6925250685214996
26026,-0.6824204921722412,133.53384399414062,78.74693298339844,167.7105429513114,0.6824204921722412,0.6817868947982788,0.005310214590281248,0.6726237285137177,0.6752642720937729,0.6761577129364014,0.6791166961193085,0.6817868947982788,0.6855548024177551,0.6895603656768798,0.691507238149643,0.6941004550457001
26117,-0.6827526688575745,133.13958740234375,78.7254409790039,167.02427891322546,0.6827526688575745,0.6819598078727722,0.0054068490862846375,0.6726434814929962,0.6755009889602661,0.6767594575881958,0.6791709959506989,0.6819598078727722,0.6864632368087769,0.6905026376247406,0.691797423362732,0.6942844545841217
26208,-0.6831246614456177,132.75579833984375,78.70845031738281,166.3512900216239,0.6831247806549072,0.6822884976863861,0.005400301422923803,0.6726434814929962,0.6755383968353271,0.6772234082221985,0.679744079709053,0.6822884976863861,0.6870465278625488,0.6906879723072052,0.6926631212234498,0.6942844545841217
26299,-0.6836072206497192,132.38320922851562,78.69953155517578,165.6849626813616,0.683607280254364,0.6828285455703735,0.005538568831980228,0.6726654899120331,0.6756951153278351,0.6772723317146301,0.6800432205200195,0.6828285455703735,0.6879046708345413,0.6917438745498657,0.6937488853931427,0.6948695600032806
26390,-0.6839694976806641,131.98712158203125,78.6938247680664,164.97357177734375,0.6839694380760193,0.683185338973999,0.005382129456847906,0.6726654899120331,0.6765606939792633,0.6776668667793274,0.6805102974176407,0.683185338973999,0.6880216598510742,0.6917438745498657,0.6937488853931427,0.6948695600032806
26481,-0.6845033764839172,131.6022491455078,78.69181060791016,164.26781354631697,0.6845033168792725,0.6838454306125641,0.005198219325393438,0.6754825341701508,0.6771679878234863,0.6777977526187897,0.68091881275177,0.6838454306125641,0.6883625686168671,0.6917438745498657,0.6937488853931427,0.6948695600032806
26572,-0.684881865978241,131.23890686035156,78.67853546142578,163.62992204938615,0.6848819255828857,0.684425950050354,0.005253014620393515,0.6754825341701508,0.6772299647331238,0.6783664226531982,0.6817953288555145,0.684425950050354,0.6887035518884659,0.6918513774871826,0.6942957103252411,0.6951061880588532
26663,-0.6853156685829163,130.86651611328125,78.67320251464844,162.9414781842913,0.685315728187561,0.6848167777061462,0.0052441079169511795,0.6762707531452179,0.6772299647331238,0.6783664226531982,0.68203105032444,0.6848167777061462,0.688913881778717,0.6926026105880737,0.6942957103252411,0.6951333582401276
26754,-0.6857362389564514,130.52508544921875,78.6837158203125,162.29209463936942,0.6857364177703857,0.6851206719875336,0.005153901409357786,0.6765271842479705,0.6772299647331238,0.6797119736671448,0.68272764980793,0.6851206719875336,0.6890175193548203,0.6926682233810425,0.6946093916893006,0.6967402875423432
26845,-0.6860884428024292,130.1492462158203,78.65226745605469,161.61966378348214,0.6860885620117188,0.6856641471385956,0.005100983660668135,0.6765271842479705,0.6776712447404861,0.67995645403862,0.682857021689415,0.6856641471385956,0.6893633753061295,0.6933233618736268,0.6946602404117584,0.6967402875423432
26936,-0.6868904232978821,129.75535583496094,78.6006088256836,160.96332223074776,0.6868904232978821,0.6872228682041168,0.005246846470981836,0.6765948867797852,0.6776883512735367,0.6803729712963105,0.6832604855298996,0.6872228682041168,0.6900034844875336,0.6937768340110779,0.6951697170734406,0.6981015980243683
27027,-0.6873292326927185,129.39833068847656,78.6008071899414,160.29182870047433,0.6873292326927185,0.6876106560230255,0.005246656481176615,0.6765948867797852,0.6776883512735367,0.681955099105835,0.6838262379169464,0.6876106560230255,0.6904148161411285,0.6938084363937378,0.6967466324567795,0.6994044649600982
27118,-0.6874673962593079,129.03697204589844,78.5975341796875,159.63367353166853,0.6874675154685974,0.6877525150775909,0.005199054721742868,0.6765948867797852,0.6789026737213135,0.68197221159935,0.6838262379169464,0.6877525150775909,0.690612867474556,0.6938084363937378,0.6967466324567795,0.6994044649600982
27209,-0.6880137324333191,128.69329833984375,78.60993194580078,158.96857343401228,0.6880138516426086,0.688065230846405,0.005227551329880953,0.6781563711166382,0.6807600766420364,0.6826773166656495,0.6840020269155502,0.688065230846405,0.6907062381505966,0.6946710228919983,0.69907546043396,0.6997019016742706
27300,-0.6882529854774475,128.33192443847656,78.59546661376953,158.30731419154577,0.6882530450820923,0.688065230846405,0.005184579640626907,0.678178699016571,0.6811533898115159,0.6828128218650817,0.684887558221817,0.688065230846405,0.6908667385578156,0.6961701452732086,0.6990760624408722,0.6997019016742706
27391,-0.6888866424560547,127.96385955810547,78.57134246826172,157.63719831194197,0.6888866424560547,0.6882318258285522,0.005322255659848452,0.678178699016571,0.6813461631536484,0.6828273594379425,0.6854014098644257,0.6882318258285522,0.6921491771936417,0.6967477619647979,0.6990760624408722,0.6997019016742706
27482,-0.6893472075462341,127.58806610107422,78.53966522216797,156.9713614327567,0.6893472075462341,0.6888078451156616,0.005383027717471123,0.6800430524349212,0.6813461631536484,0.6828789591789246,0.6858325004577637,0.6888078451156616,0.6932027637958527,0.6969485759735108,0.6993267625570297,0.6998527872562409
27573,-0.6896482706069946,127.2438735961914,78.53712463378906,156.3210906982422,0.6896482706069946,0.6890988051891327,0.005429584998637438,0.6800550758838654,0.6818993270397187,0.6831165909767151,0.6861802041530609,0.6890988051891327,0.693317711353302,0.6971647500991821,0.6995144695043564,0.701402393579483
27664,-0.6900355219841003,126.91410827636719,78.54891967773438,155.67347063337053,0.6900355815887451,0.6904111504554749,0.005276065785437822,0.680409699678421,0.6820293307304383,0.683151650428772,0.686547189950943,0.6904111504554749,0.6934008300304413,0.6971647500991821,0.6995144695043564,0.701402393579483
27755,-0.6904807090759277,126.55787658691406,78.52338409423828,155.02323477608817,0.6904807090759277,0.6904643476009369,0.005342596210539341,0.6811907720565796,0.6824562191963196,0.6837177991867065,0.6869330108165741,0.6904643476009369,0.6936677098274231,0.6978185176849365,0.6998485743999481,0.701402393579483
27846,-0.6910340189933777,126.17431640625,78.46648406982422,154.35877772739954,0.6910340189933777,0.6907032430171967,0.005356699228286743,0.6819191002845764,0.6830727577209472,0.6838852643966675,0.6873341351747513,0.6907032430171967,0.694191113114357,0.6990887641906738,0.7004327744245529,0.701402393579483
27937,-0.6915302276611328,125.81289672851562,78.44229125976562,153.70355442592077,0.6915302872657776,0.6910898685455322,0.0054314592853188515,0.6819191002845764,0.6830727577209472,0.6846691906452179,0.6873651742935181,0.6910898685455322,0.6954203248023987,0.6997011005878448,0.7005873858928681,0.701402393579483
28028,-0.6919244527816772,125.45234680175781,78.43151092529297,153.0262690952846,0.691924512386322,0.6918092370033264,0.0052825678139925,0.6819191002845764,0.6834657371044159,0.6850461006164551,0.6875100433826447,0.6918092370033264,0.6957290321588516,0.6997264146804809,0.7005873858928681,0.701402393579483
28119,-0.6922776699066162,125.1130142211914,78.43070220947266,152.3774871826172,0.6922776103019714,0.6923339664936066,0.005279853940010071,0.6826871383190155,0.6834657371044159,0.6850461006164551,0.6882733553647995,0.6923339664936066,0.6963531225919724,0.6998356640338897,0.7005873858928681,0.701402393579483
28210,-0.6926589608192444,124.76530456542969,78.40373229980469,151.74970354352678,0.6926588416099548,0.6925022304058075,0.005294354632496834,0.6831318330764771,0.6847239226102829,0.6855600297451019,0.6885678619146347,0.6925022304058075,0.6964483112096786,0.6999725282192231,0.7008091390132904,0.7021849417686462
28301,-0.6933262348175049,124.3976058959961,78.36590576171875,151.0888955252511,0.6933262348175049,0.6927541196346283,0.005427168216556311,0.6837746632099152,0.6847921758890152,0.6865401029586792,0.6898500621318817,0.6927541196346283,0.6969566941261292,0.7000917613506317,0.7014251440763474,0.7053252494335175
28392,-0.6937294602394104,124.06089782714844,78.35835266113281,150.4356188092913,0.6937295794487,0.6934046447277069,0.005561300087720156,0.6837807321548461,0.684970599412918,0.6865401029586792,0.6903277933597565,0.6934046447277069,0.6972352415323257,0.700821328163147,0.7027609139680863,0.7053252494335175
28483,-0.6946841478347778,123.72154235839844,78.33554077148438,149.80287388392858,0.6946842670440674,0.6939586997032166,0.005655042827129364,0.6841253542900085,0.6849785566329956,0.6870659232139588,0.6911259740591049,0.6939586997032166,0.6988654434680939,0.7019511699676514,0.7049615621566773,0.7068975687026977
28574,-0.6950627565383911,123.39927673339844,78.33406066894531,149.1732918875558,0.6950628161430359,0.6945789754390717,0.005687926430255175,0.6847426211833954,0.6851375460624695,0.6870659232139588,0.6917368322610855,0.6945789754390717,0.6991547495126724,0.7020961165428161,0.7053089499473572,0.7068975687026977
28665,-0.6954932808876038,123.05126953125,78.31218719482422,148.53807939801897,0.6954933404922485,0.6951994895935059,0.00577003275975585,0.6847474873065948,0.6860328912734985,0.6872568666934967,0.6921146959066391,0.6951994895935059,0.6995176523923874,0.7021999895572663,0.7056595712900162,0.7085160100460053
28756,-0.6956799030303955,122.74537658691406,78.30680847167969,147.94432067871094,0.6956800222396851,0.6952875256538391,0.005833649542182684,0.6847474873065948,0.6860328912734985,0.6872568666934967,0.6921800971031189,0.6952875256538391,0.699709877371788,0.7028426766395569,0.7056595712900162,0.7085160100460053
28847,-0.695862352848053,122.37718963623047,78.26080322265625,147.28290012904577,0.695862352848053,0.6955077052116394,0.005852671805769205,0.6847474873065948,0.6860328912734985,0.6886628031730652,0.6921800971031189,0.6955077052116394,0.6998357623815536,0.704209691286087,0.7056595712900162,0.7085160100460053
28938,-0.6964950561523438,122.061279296875,78.25045013427734,146.6699436732701,0.6964951157569885,0.6957836151123047,0.005603505298495293,0.686327669620514,0.6883681863546371,0.6897052764892578,0.6925184279680252,0.6957836151123047,0.7002756893634796,0.7042367875576019,0.7056595712900162,0.7085160100460053
29029,-0.6967597603797913,121.7225341796875,78.23678588867188,146.01996721540178,0.696759819984436,0.6960560083389282,0.005635816138237715,0.686327669620514,0.6883681863546371,0.6903260409832,0.6927454769611359,0.6960560083389282,0.7011214941740036,0.7044069290161132,0.705663138628006,0.7085171580314636
29120,-0.6971727013587952,121.42843627929688,78.25497436523438,145.40380641392298,0.6971727013587952,0.6968025267124176,0.005650202743709087,0.686327669620514,0.6884080737829208,0.6904425084590912,0.6933392584323883,0.6968025267124176,0.7012639492750168,0.7045713007450104,0.7059845387935638,0.7085171580314636
29211,-0.6975476145744324,121.1103286743164,78.24867248535156,144.7774396623884,0.6975477337837219,0.697306364774704,0.005592681933194399,0.6881790804862976,0.6885934770107269,0.6904611110687255,0.6934949606657028,0.697306364774704,0.7021938860416412,0.7045713007450104,0.7059845387935638,0.7085171580314636
29302,-0.6977739334106445,120.78507995605469,78.23088073730469,144.1520233154297,0.6977740526199341,0.6973580420017242,0.005745172966271639,0.6882044541835785,0.6885934770107269,0.6904611110687255,0.6935183107852936,0.6973580420017242,0.7021938860416412,0.7050092816352844,0.7069190919399262,0.7096866869926453
29393,-0.6982266306877136,120.48889923095703,78.23303985595703,143.54490225655692,0.6982266306877136,0.6978252232074738,0.005673706531524658,0.6885836684703827,0.6898913323879242,0.6911321341991424,0.6936515271663666,0.6978252232074738,0.7023441344499588,0.7056972503662109,0.707982462644577,0.7096866869926453
29484,-0.6985362768173218,120.18292236328125,78.22892761230469,142.94307381766183,0.698536217212677,0.6986329257488251,0.005642982199788094,0.6885836684703827,0.6898913323879242,0.6911908507347106,0.6943914592266083,0.6986329257488251,0.7027745246887207,0.7059578776359559,0.7082183599472046,0.7096866869926453
29575,-0.6990562081336975,119.8525619506836,78.20651245117188,142.31361825125558,0.6990561485290527,0.6988316178321838,0.0057425289414823055,0.6892322230339051,0.69090735912323,0.692080807685852,0.6950720995664597,0.6988316178321838,0.702942281961441,0.7061764359474182,0.7085658192634583,0.7101173520088195
29666,-0.6995866298675537,119.53704071044922,78.19071197509766,141.68964059012276,0.6995866298675537,0.6996021270751953,0.005758422892540693,0.6892322230339051,0.69090735912323,0.6923436403274537,0.695912092924118,0.6996021270751953,0.7037798762321472,0.7067532300949096,0.7085658192634583,0.7101173520088195
29757,-0.7001305818557739,119.24507141113281,78.20199584960938,141.09022521972656,0.7001306414604187,0.6998113393783569,0.005765972658991814,0.6905714476108551,0.6915561437606812,0.6933646857738495,0.6961274594068527,0.6998113393783569,0.7039372473955154,0.706955474615097,0.7086324840784073,0.7140552496910095
29848,-0.7005033493041992,118.92306518554688,78.18556213378906,140.47180829729353,0.7005032896995544,0.7004905343055725,0.0058433800004422665,0.6905714476108551,0.6915561437606812,0.6934606611728669,0.6962535679340363,0.7004905343055725,0.7042628675699234,0.7072109282016754,0.709061524271965,0.7140552496910095
29939,-0.7006924152374268,118.61640930175781,78.17649841308594,139.87464904785156,0.7006922960281372,0.7004905343055725,0.005849977023899555,0.6905714476108551,0.6915561437606812,0.6935007095336914,0.6967167556285858,0.7004905343055725,0.7044851779937744,0.7078556418418884,0.7103728890419007,0.7140552496910095
30030,-0.7011675834655762,118.31165313720703,78.15704345703125,139.27235412597656,0.7011675238609314,0.7015151083469391,0.005706822033971548,0.6905714476108551,0.6924069881439209,0.6935705542564392,0.6971844434738159,0.7015151083469391,0.704773873090744,0.7080666244029998,0.7103728890419007,0.7140552496910095
30121,-0.7014062404632568,118.01219940185547,78.16073608398438,138.6625257219587,0.7014062404632568,0.7016605734825134,0.005746618378907442,0.6909653234481812,0.6924069881439209,0.6935705542564392,0.6976057291030884,0.7016605734825134,0.7050966322422028,0.708272397518158,0.7103728890419007,0.7140552496910095
30212,-0.7019973397254944,117.69153594970703,78.14413452148438,138.0318843296596,0.7019972205162048,0.7021669745445251,0.0055447169579565525,0.6911936485767365,0.6927386343479156,0.6948285639286041,0.6984524726867676,0.7021669745445251,0.7052897959947586,0.7086316704750061,0.7110504567623138,0.7140552496910095
30303,-0.7023112177848816,117.39852142333984,78.13435363769531,137.44127110072546,0.7023111581802368,0.7024306356906891,0.005573120899498463,0.6911936485767365,0.6927958846092224,0.6948628783226013,0.6989537924528122,0.7024306356906891,0.7057197093963623,0.7092961072921753,0.7110504567623138,0.7148789834976196
30394,-0.7027593851089478,117.08528900146484,78.1181411743164,136.821537562779,0.702759325504303,0.7029274702072144,0.005449187941849232,0.692748658657074,0.6944376647472381,0.6962028622627259,0.6989537924528122,0.7029274702072144,0.7063604444265366,0.7097207307815552,0.7110504567623138,0.7148789834976196
30485,-0.7031933665275574,116.77713775634766,78.1043930053711,136.22459847586495,0.7031933069229126,0.7030310034751892,0.005329829640686512,0.692748658657074,0.6948491185903549,0.6969959199428558,0.699105829000473,0.7030310034751892,0.7070982456207275,0.7099363088607789,0.7127158343791962,0.7148916280269623
30576,-0.7034600377082825,116.48163604736328,78.0993881225586,135.62059892926897,0.7034599781036377,0.7033914625644684,0.005334560293704271,0.6930618667602539,0.6948491185903549,0.6970152914524078,0.6993463337421417,0.7033914625644684,0.7073429375886917,0.7103135824203491,0.7132353961467743,0.7148916280269623
30667,-0.7038474678993225,116.17611694335938,78.07160949707031,135.02533830915178,0.7038474082946777,0.7035942077636719,0.005563102662563324,0.6930618667602539,0.6955957114696503,0.6970156610012055,0.6996053904294968,0.7035942077636719,0.7074178159236908,0.7111503899097443,0.7148792624473572,0.7154031157493591
30758,-0.7040846347808838,115.87490844726562,78.05021667480469,134.4184853690011,0.704084575176239,0.7039116621017456,0.005572911351919174,0.6930618667602539,0.6955957114696503,0.6971543848514556,0.69965760409832,0.7039116621017456,0.7082411646842957,0.7111503899097443,0.7148792624473572,0.7154031157493591
30849,-0.7045730352401733,115.60664367675781,78.06610107421875,133.82293701171875,0.7045730352401733,0.7044897973537445,0.005673346109688282,0.6941130495071411,0.6966782540082932,0.6971543848514556,0.700336366891861,0.7044897973537445,0.7083515971899033,0.7135260105133057,0.7148969262838364,0.7156040930747986
30940,-0.7051784992218018,115.33354187011719,78.07492065429688,133.2322235107422,0.7051784992218018,0.7048189342021942,0.005510733928531408,0.6941130495071411,0.6966782540082932,0.698956835269928,0.7018560320138931,0.7048189342021942,0.7084693014621735,0.7135747671127319,0.7150814205408096,0.7156518435478211
31031,-0.7054487466812134,115.07807922363281,78.10601806640625,132.62657383510046,0.7054486870765686,0.705183207988739,0.005591300316154957,0.6941130495071411,0.6966782540082932,0.6991157829761505,0.7018990218639374,0.705183207988739,0.7089411020278931,0.7136718988418579,0.7154092490673065,0.7164509272575379
31122,-0.7057194113731384,114.79729461669922,78.08827209472656,132.04734802246094,0.7057194709777832,0.7053235769271851,0.005587567109614611,0.6941130495071411,0.6966782540082932,0.6992551743984222,0.7020572125911713,0.7053235769271851,0.7092336416244507,0.7136718988418579,0.7154108047485351,0.7164509272575379
31213,-0.7058945894241333,114.5120849609375,78.09020233154297,131.4594268798828,0.7058945298194885,0.7057178318500519,0.005579282529652119,0.6943695211410522,0.6966782540082932,0.6992551743984222,0.7021753787994385,0.7057178318500519,0.709536999464035,0.7136744260787964,0.7154108047485351,0.7164509272575379
31304,-0.7062789797782898,114.20320892333984,78.06697845458984,130.84154619489397,0.706278920173645,0.7060595750808716,0.005592502187937498,0.6946810472011566,0.6966782540082932,0.6998598575592041,0.7022834569215775,0.7060595750808716,0.7096408754587173,0.7143296360969543,0.7158528119325638,0.7165386414527893
31395,-0.7066593170166016,113.93456268310547,78.06755828857422,130.27404458182198,0.7066593170166016,0.7066388428211212,0.00555484788492322,0.6952374947071075,0.6987156271934509,0.7003427624702454,0.7023637890815735,0.7066388428211212,0.7099293768405914,0.7146078586578369,0.7159431874752045,0.7176359796524048
31486,-0.7069607973098755,113.6494369506836,78.05438232421875,129.68636322021484,0.7069607377052307,0.7068228125572205,0.005623574368655682,0.6952374947071075,0.6987156271934509,0.7003427624702454,0.7028481513261795,0.7068228125572205,0.7106692045927048,0.7149391889572143,0.7159598350524903,0.7176359796524048
31577,-0.7073846459388733,113.39657592773438,78.07369232177734,129.097896030971,0.7073846459388733,0.7070833742618561,0.005589959677308798,0.6962223887443543,0.6987156271934509,0.7007658243179321,0.7034445554018021,0.7070833742618561,0.7119830250740051,0.7152763962745666,0.7164523541927338,0.7176359796524048
31668,-0.7075843811035156,113.12925720214844,78.07817077636719,128.5107639857701,0.7075843214988708,0.7071751952171326,0.00554115092381835,0.6962274610996246,0.6994819819927216,0.7008513391017914,0.7037684619426727,0.7071751952171326,0.7122490257024765,0.7152763962745666,0.7164523541927338,0.7176359796524048
31759,-0.7080259323120117,112.86196899414062,78.07137298583984,127.93477848597935,0.7080258727073669,0.7076668739318848,0.005380284506827593,0.697440904378891,0.6994819819927216,0.7008856058120727,0.7043510675430298,0.7076668739318848,0.7122490257024765,0.7152763962745666,0.7164523541927338,0.7176359796524048
31850,-0.7084618806838989,112.57503509521484,78.04975891113281,127.35316358293805,0.7084619402885437,0.7083592414855957,0.005588719621300697,0.697440904378891,0.6994819819927216,0.7008856058120727,0.7046089172363281,0.7083592414855957,0.7125580310821533,0.7159182667732239,0.7176376014947892,0.7185642015933991
31941,-0.70871502161026,112.30516815185547,78.04798126220703,126.76577431815011,0.7087150812149048,0.7085524797439575,0.005640028510242701,0.6975035810470581,0.6997264295816421,0.701665210723877,0.7047617882490158,0.7085524797439575,0.7126265466213226,0.7161243557929993,0.7180350184440613,0.7191481912136077
32032,-0.709193229675293,112.03177642822266,78.03147888183594,126.18724714006696,0.7091931700706482,0.7087854146957397,0.005537260789424181,0.6980698323249817,0.6998518139123917,0.7020222127437592,0.7051232159137726,0.7087854146957397,0.712876170873642,0.7168231010437012,0.7180350184440613,0.7191481912136077
32123,-0.7094032168388367,111.75525665283203,78.01319885253906,125.59606606619698,0.7094031572341919,0.7091846466064453,0.00560138002038002,0.6980698323249817,0.6998518139123917,0.7020222127437592,0.7054452300071716,0.7091846466064453,0.7136425822973251,0.7168866395950317,0.7185118198394775,0.7191481912136077
32214,-0.7097517848014832,111.49359893798828,78.00225067138672,125.0258047921317,0.7097518444061279,0.709924042224884,0.005503591150045395,0.6983492398262023,0.7008251905441284,0.7028363585472107,0.7062745988368988,0.709924042224884,0.7137032896280289,0.7177309811115264,0.7186050623655319,0.7196986126899719
32305,-0.7102629542350769,111.20159149169922,77.97476196289062,124.4337877546038,0.7102628946304321,0.7104075253009796,0.005349874030798674,0.6997716367244721,0.7012231826782227,0.7037421226501465,0.7068576961755753,0.7104075253009796,0.7137714773416519,0.7178146779537201,0.7191584318876266,0.7198831343650818
32396,-0.7106362581253052,110.90975952148438,77.94132995605469,123.8362056187221,0.7106361985206604,0.7109796404838562,0.005611835513263941,0.7004249227046967,0.7012231826782227,0.7037421226501465,0.7068576961755753,0.7109796404838562,0.7141059041023254,0.7185164332389832,0.7197042524814605,0.7202098619937897
32487,-0.711030125617981,110.64361572265625,77.9337387084961,123.2617917742048,0.7110299468040466,0.7115094065666199,0.005643700715154409,0.7004567503929138,0.7012231826782227,0.7037421226501465,0.7070240676403046,0.7115094065666199,0.7148366570472717,0.7186328589916229,0.7199126213788987,0.7210802245140076
32578,-0.7113026976585388,110.3870849609375,77.9340591430664,122.69786071777344,0.7113025784492493,0.7116543054580688,0.005566286388784647,0.7008882188796997,0.7020934611558914,0.7045715689659119,0.7071700841188431,0.7116543054580688,0.7155090272426605,0.7191651999950409,0.7200707167387008,0.7210802245140076
32669,-0.7116262912750244,110.13349914550781,77.92992401123047,122.14461190359933,0.7116261124610901,0.7117327153682709,0.005413167644292116,0.7012330865859986,0.702881109714508,0.7050504088401794,0.7073662728071213,0.7117327153682709,0.7158475518226624,0.7191651999950409,0.7200707167387008,0.721252988576889
32760,-0.711911141872406,109.86215209960938,77.91404724121094,121.56700025285993,0.7119109630584717,0.7120716869831085,0.005330319050699472,0.7012330865859986,0.702881109714508,0.7052725076675415,0.7079472839832306,0.7120716869831085,0.7158475518226624,0.7191893637180329,0.7202071875333786,0.722204236984253
32851,-0.7122533917427063,109.63534545898438,77.94647979736328,120.97190311976841,0.712253212928772,0.7123599648475647,0.005560726393014193,0.7012330865859986,0.702881109714508,0.7052725076675415,0.7083255499601364,0.7123599648475647,0.7163847535848618,0.7198842883110046,0.7209082156419754,0.7226096391677856
32942,-0.712506115436554,109.3645248413086,77.93392944335938,120.38522447858539,0.7125060558319092,0.7125750780105591,0.005530694033950567,0.7018850100040436,0.703354012966156,0.7052725076675415,0.7084503173828125,0.7125750780105591,0.7164075821638107,0.7198842883110046,0.7220667660236358,0.7226669955253601
33033,-0.7128868103027344,109.10484313964844,77.92542266845703,119.80937957763672,0.7128866314888,0.7130723595619202,0.005559333134442568,0.7025930917263031,0.7039744883775712,0.705997884273529,0.7087341994047165,0.7130723595619202,0.7165286093950272,0.719900929927826,0.7220667660236358,0.7227022361755371
33124,-0.7132290601730347,108.86986541748047,77.93689727783203,119.23027583530971,0.7132290005683899,0.7130723595619202,0.005466296337544918,0.7025930917263031,0.7049788355827331,0.7065223932266236,0.7092475891113281,0.7130723595619202,0.7170911282300949,0.719900929927826,0.7222166180610656,0.7249604845046997
33215,-0.7134743928909302,108.61898803710938,77.94076538085938,118.633547101702,0.7134743332862854,0.7139196395874023,0.005503014195710421,0.7025930917263031,0.7049788355827331,0.706594055891037,0.70957350730896,0.7139196395874023,0.7173194885253906,0.719900929927826,0.7222190022468566,0.725059084892273
33306,-0.7137342691421509,108.37648010253906,77.94686126708984,118.07182965959821,0.7137342095375061,0.7139196395874023,0.005715743638575077,0.7026765513420105,0.7049788355827331,0.7067376255989075,0.70957350730896,0.7139196395874023,0.7173670530319214,0.721755588054657,0.7233892947435379,0.725059084892273
33397,-0.7140333652496338,108.1181869506836,77.93859100341797,117.50728280203683,0.714033305644989,0.7140099406242371,0.0056208036839962006,0.7033324933052063,0.7052643179893494,0.7070205092430115,0.7100094556808472,0.7140099406242371,0.7174627184867859,0.7220735669136047,0.7233892947435379,0.725059084892273
33488,-0.714461624622345,107.87847900390625,77.93328094482422,116.9365964617048,0.7144615054130554,0.714161604642868,0.005535189528018236,0.7033546495437623,0.7065339177846909,0.7074177920818329,0.7104090303182602,0.714161604642868,0.7187844812870026,0.7222015082836151,0.7235289067029953,0.725059084892273
33579,-0.714789867401123,107.62696838378906,77.92294311523438,116.3676027570452,0.714789867401123,0.7144763767719269,0.005472301505506039,0.7052259540557861,0.7068373590707779,0.7082702994346619,0.7106628715991974,0.7144763767719269,0.7194391041994095,0.7222015082836151,0.7235289067029953,0.725059084892273
33670,-0.7150185704231262,107.38087463378906,77.90866088867188,115.8205337524414,0.715018630027771,0.7145463526248932,0.0052406881004571915,0.7065795743465424,0.7074257761240006,0.7084839880466461,0.7107527852058411,0.7145463526248932,0.7194391041994095,0.7222015082836151,0.7235289067029953,0.725059084892273
33761,-0.7153034210205078,107.13813018798828,77.90697479248047,115.26114545549665,0.7153034210205078,0.7146141827106476,0.00513430405408144,0.7074305665493011,0.7079939782619477,0.7085403680801392,0.7112694680690765,0.7146141827106476,0.7195383459329605,0.722260195016861,0.723729807138443,0.725059084892273
33852,-0.7156681418418884,106.92292022705078,77.93499755859375,114.72885240827289,0.7156682014465332,0.7152196168899536,0.005232105031609535,0.7074305665493011,0.7079939782619477,0.7085403680801392,0.7119326889514923,0.7152196168899536,0.7198425233364105,0.7223819017410278,0.7239772498607635,0.7282130575180054
33943,-0.7161718606948853,106.6816177368164,77.93472290039062,114.16587611607143,0.7161719799041748,0.7154278755187988,0.0054038166999816895,0.7074305665493011,0.7079939782619477,0.7088351845741272,0.7119701951742172,0.7154278755187988,0.7202619910240173,0.7229085445404053,0.7248335242271423,0.7282130575180054
34034,-0.7163447141647339,106.44593048095703,77.92315673828125,113.62312752859933,0.7163447737693787,0.715537428855896,0.005372971296310425,0.7074305665493011,0.7079939782619477,0.7088351845741272,0.7119964212179184,0.715537428855896,0.7202919870615005,0.7233953475952148,0.7248335242271423,0.7282130575180054
34125,-0.7165964245796204,106.18742370605469,77.90538787841797,113.0551267351423,0.7165964245796204,0.7158527374267578,0.005364565644413233,0.7074327504634857,0.7084143131971359,0.7088375210762023,0.7127692401409149,0.7158527374267578,0.7203893214464188,0.7235310554504395,0.7248335242271423,0.7282130575180054
34216,-0.7168639898300171,105.95780944824219,77.89031219482422,112.54192679268974,0.7168639898300171,0.7162753045558929,0.005369206890463829,0.707859183549881,0.708514592051506,0.7095232427120208,0.7128395140171051,0.7162753045558929,0.7207880616188049,0.7236867666244506,0.7252375245094299,0.7282130575180054
34307,-0.7169938683509827,105.73432159423828,77.89781951904297,111.9867412022182,0.7169938683509827,0.7169668972492218,0.00531901465728879,0.707859183549881,0.708514592051506,0.7099956631660461,0.7129385471343994,0.7169668972492218,0.7208841294050217,0.7237259268760681,0.7252375245094299,0.7282130575180054
34398,-0.7172619700431824,105.52799987792969,77.91878509521484,111.43903459821429,0.7172619104385376,0.717494010925293,0.0051658437587320805,0.7084331285953521,0.7094785988330841,0.710238778591156,0.7135492861270905,0.717494010925293,0.7208841294050217,0.7237481236457824,0.7252375245094299,0.7282130575180054
34489,-0.7174514532089233,105.31131744384766,77.93032836914062,110.89333779471261,0.7174514532089233,0.7175509035587311,0.005091486033052206,0.7085051512718201,0.7099229753017425,0.7104157745838166,0.7135492861270905,0.7175509035587311,0.7213332802057266,0.7237657189369202,0.7252375245094299,0.7282130575180054
34580,-0.7176312208175659,105.08527374267578,77.9279556274414,110.34304700578961,0.7176312208175659,0.7176320254802704,0.005068356636911631,0.7085051512718201,0.7099229753017425,0.7104157745838166,0.7139464318752289,0.7176320254802704,0.7213332802057266,0.7238138794898987,0.7252375245094299,0.7282130575180054
34671,-0.7180525660514832,104.85546112060547,77.91865539550781,109.802978515625,0.7180526256561279,0.7178638279438019,0.005168416071683168,0.708947217464447,0.7100296139717102,0.7108342766761779,0.7146099507808685,0.7178638279438019,0.7218313366174698,0.7248616576194763,0.7273807406425477,0.7283511817455292
34762,-0.7183881998062134,104.63806915283203,77.92227935791016,109.25840541294643,0.7183881402015686,0.7186863720417023,0.005070848856121302,0.7095166802406311,0.7102367907762528,0.7110127687454224,0.7149144113063812,0.7186863720417023,0.7219173014163971,0.725204873085022,0.7273807406425477,0.7283511817455292
34853,-0.7186750769615173,104.457275390625,77.9599838256836,108.74115862165179,0.7186750173568726,0.7188809812068939,0.005206639412790537,0.7095166802406311,0.710413572192192,0.7114370465278625,0.7151972502470016,0.7188809812068939,0.7219900190830231,0.7263044953346253,0.7273807406425477,0.7286026656627655
34944,-0.7189813256263733,104.26844024658203,77.99730682373047,108.20019967215401,0.7189812660217285,0.7190502882003784,0.005356463138014078,0.7095166802406311,0.710413572192192,0.7114455223083496,0.7153683006763458,0.7190502882003784,0.7222549170255661,0.7269441723823548,0.7274413704872131,0.7299795079231263
35035,-0.7193026542663574,104.067138671875,78.01176452636719,107.68314143589565,0.7193025350570679,0.719316840171814,0.005253760144114494,0.7104098892211914,0.7110216319561005,0.7119317591190338,0.7155857980251312,0.719316840171814,0.7223491668701172,0.7270580768585205,0.7282283395528794,0.7299795079231263
35126,-0.7198476791381836,103.82406616210938,77.99266052246094,107.10936519077846,0.7198477387428284,0.7200400233268738,0.005323281977325678,0.7104098892211914,0.7114570736885071,0.712091714143753,0.7162227630615234,0.7200400233268738,0.7229989916086197,0.7271213293075561,0.7297480523586273,0.7301842188835144
35217,-0.720129668712616,103.58407592773438,77.96253967285156,106.57272229875836,0.7201297283172607,0.7201722860336304,0.0053750621154904366,0.7106595408916473,0.7115085303783417,0.7124348282814026,0.7165383249521255,0.7201722860336304,0.7237488031387329,0.7271213293075561,0.7299570590257645,0.731302740573883
35308,-0.7204756140708923,103.40597534179688,77.99330139160156,106.05636487688336,0.7204756140708923,0.7201874852180481,0.0055364444851875305,0.7106595408916473,0.7116991847753524,0.7131324529647827,0.7170281112194061,0.7201874852180481,0.7238178253173828,0.7274987637996674,0.7299855768680572,0.7321690618991852
35399,-0.7206860184669495,103.18651580810547,77.99400329589844,105.52702331542969,0.720686137676239,0.7201874852180481,0.005538199562579393,0.7106595408916473,0.7119720667600632,0.713563185930252,0.7171574085950851,0.7201874852180481,0.7242820411920547,0.7283966064453125,0.7299855768680572,0.7321690618991852
35490,-0.7211067080497742,102.97407531738281,77.99462127685547,104.99071611676898,0.7211066484451294,0.7204185426235199,0.005484840366989374,0.7108141565322876,0.7128335416316987,0.7140117585659027,0.7174195349216461,0.7204185426235199,0.7249177098274231,0.7285957992076874,0.7302175551652909,0.7321690618991852
35581,-0.7212867736816406,102.7233657836914,77.94817352294922,104.47079358782086,0.7212868332862854,0.7205945551395416,0.0055373297072947025,0.7108141565322876,0.7128335416316987,0.7140117585659027,0.7174195349216461,0.7205945551395416,0.7253610789775848,0.7289146840572357,0.7302175551652909,0.7323960709571838
35672,-0.7216046452522278,102.52169799804688,77.94867706298828,103.95785304478237,0.7216047644615173,0.7210557162761688,0.005588623695075512,0.7108141565322876,0.7129284739494324,0.7145352184772491,0.7175655663013458,0.7210557162761688,0.7255906015634537,0.7297590017318726,0.7309892356395722,0.7323960709571838
35763,-0.7217585444450378,102.33783721923828,77.97734832763672,103.43854086739677,0.7217586040496826,0.7213127315044403,0.005669247824698687,0.7124392175674439,0.7131984889507293,0.7145853042602539,0.7175976186990738,0.7213127315044403,0.7255906015634537,0.7297590017318726,0.7323404848575592,0.7341187024116516
35854,-0.721873939037323,102.14532470703125,77.98776245117188,102.92435782296317,0.7218739986419678,0.7213127315044403,0.005659183952957392,0.712470896244049,0.7131984889507293,0.7145853042602539,0.7178507596254349,0.7213127315044403,0.7259581387042999,0.7297590017318726,0.7323404848575592,0.7341187024116516
35945,-0.7221161723136902,101.94999694824219,78.00853729248047,102.3817858014788,0.7221161723136902,0.7213419377803802,0.005666215438395739,0.7128449749946594,0.7134323626756668,0.7146660506725311,0.7179744243621826,0.7213419377803802,0.7262250185012817,0.7299782574176789,0.7323404848575592,0.7341187024116516
36036,-0.7225340008735657,101.75244140625,78.02385711669922,101.82264818464007,0.7225339412689209,0.7221180200576782,0.005637576803565025,0.7131976699829101,0.7141886532306672,0.7162549078464509,0.7181147336959839,0.7221180200576782,0.7262250185012817,0.7306766331195831,0.7325269430875778,0.7347471046447754
36127,-0.7227140665054321,101.54798126220703,78.02999877929688,101.3081795828683,0.7227140665054321,0.7224250137805939,0.00549514451995492,0.7134424173831939,0.7146202713251114,0.7162900984287262,0.7182221859693527,0.7224250137805939,0.7263869941234589,0.730686354637146,0.7325269430875778,0.7347471046447754
36218,-0.7230474948883057,101.38727569580078,78.07545471191406,100.78941236223493,0.7230474352836609,0.7228065729141235,0.005434507504105568,0.7134424173831939,0.7151081472635269,0.7163020849227906,0.7189148217439651,0.7228065729141235,0.7268231213092804,0.730686354637146,0.7325269430875778,0.7347471046447754
36309,-0.7233313322067261,101.18537139892578,78.07145690917969,100.27284676688058,0.7233313918113708,0.7230772376060486,0.005410841666162014,0.7137357056140899,0.7151967525482178,0.7166974306106567,0.7190718501806259,0.7230772376060486,0.7271848618984222,0.730686354637146,0.7325269430875778,0.7351609539985656
36400,-0.7236282825469971,100.98783874511719,78.08123016357422,99.74096134730748,0.7236282825469971,0.7230824530124664,0.0054535167291760445,0.7142027688026428,0.7162361234426499,0.7172519981861114,0.7190718501806259,0.7230824530124664,0.7272658944129944,0.7314903318881989,0.7325269430875778,0.7351609539985656
36491,-0.7239406704902649,100.78084564208984,78.08061218261719,99.21617126464844,0.7239406704902649,0.7240335047245026,0.00539057282730937,0.7147212386131286,0.7163027167320252,0.7172885537147522,0.7191925197839737,0.7240335047245026,0.7272960096597672,0.7314903318881989,0.7325269430875778,0.7351609539985656
36582,-0.7241745591163635,100.60885620117188,78.10824584960938,98.69159589494977,0.7241745591163635,0.7242874205112457,0.005311755463480949,0.7147365534305572,0.7163027167320252,0.7172885537147522,0.7200676202774048,0.7242874205112457,0.7272960096597672,0.7318634629249573,0.7331754326820373,0.7351609539985656
36673,-0.7246114015579224,100.41178894042969,78.11254119873047,98.16756657191685,0.7246115207672119,0.7245004177093506,0.005552813410758972,0.7149876141548157,0.7163027167320252,0.7173774838447571,0.7202790826559067,0.7245004177093506,0.7282319217920303,0.7323335230350494,0.7340980350971222,0.7364382135868073
36764,-0.7248522043228149,100.20398712158203,78.11522674560547,97.61610303606305,0.7248522043228149,0.7245350480079651,0.005517174955457449,0.7160652720928192,0.7165083289146423,0.7177872657775879,0.7202790826559067,0.7245350480079651,0.7283840328454971,0.7325585186481476,0.7341065227985382,0.7364382135868073
36855,-0.7250648140907288,100.02853393554688,78.13420104980469,97.10175432477679,0.7250649333000183,0.724714070558548,0.005566420964896679,0.7160652720928192,0.7165083289146423,0.7177872657775879,0.7202790826559067,0.724714070558548,0.728745847940445,0.7330939054489136,0.7342483639717102,0.7364382135868073
36946,-0.7253006100654602,99.85404968261719,78.15808868408203,96.57997785295758,0.7253006100654602,0.7247849106788635,0.005695571191608906,0.7160652720928192,0.7167059808969498,0.7177872657775879,0.7202790826559067,0.7247849106788635,0.7287740707397461,0.7333130359649658,0.7345077782869339,0.7365951097011566
37037,-0.7254934310913086,99.68936157226562,78.19635772705078,96.06080627441406,0.7254933714866638,0.7249106168746948,0.005613182671368122,0.7161142075061798,0.7167059808969498,0.718069326877594,0.7215539366006851,0.7249106168746948,0.7290861010551453,0.7333402752876281,0.7345077782869339,0.7365951097011566
37128,-0.7259102463722229,99.51304626464844,78.21630096435547,95.53721073695591,0.7259102463722229,0.7253409922122955,0.005592922680079937,0.7162871932983399,0.7172693639993668,0.7186976671218872,0.7218515127897263,0.7253409922122955,0.7292699068784714,0.7337801158428192,0.7363546699285507,0.7371885311603547
37219,-0.726235568523407,99.32987976074219,78.2232666015625,95.01612091064453,0.726235568523407,0.7267955541610718,0.005544030107557774,0.7167087125778199,0.7172908514738083,0.7188878059387207,0.7220414727926254,0.7267955541610718,0.7299300134181976,0.7337801158428192,0.7363546699285507,0.737471969127655
37310,-0.7265121936798096,99.16468048095703,78.24846649169922,94.50221797398159,0.7265121936798096,0.726819634437561,0.005462536588311195,0.7169520616531372,0.7173822820186615,0.7189736187458038,0.7224012166261673,0.726819634437561,0.7305867373943329,0.7337801158428192,0.7363626748323441,0.737471969127655
37401,-0.7268018126487732,98.98048400878906,78.26219940185547,93.96456037248883,0.7268018126487732,0.7269944846630096,0.005464938934892416,0.7169540071487427,0.7173822820186615,0.7189736187458038,0.7225977182388306,0.7269944846630096,0.7307213693857193,0.7341121435165405,0.7365845441818237,0.737471969127655
37492,-0.7270427346229553,98.79862976074219,78.28189086914062,93.41933877127511,0.7270427942276001,0.727523535490036,0.005549744237214327,0.7169540071487427,0.7181072294712066,0.7190665364265442,0.7227903008460999,0.727523535490036,0.7311642616987228,0.7341121435165405,0.736632427573204,0.737471969127655
37583,-0.7271624803543091,98.61780548095703,78.28205108642578,92.91987064906529,0.7271625399589539,0.727523535490036,0.005582648329436779,0.7169540071487427,0.7181072294712066,0.7190665364265442,0.7229066789150238,0.727523535490036,0.731560155749321,0.7341121435165405,0.7366346508264542,0.7376379776000976
37674,-0.7274240851402283,98.46739196777344,78.33995056152344,92.39225442068917,0.7274240255355835,0.7276123762130737,0.005500982515513897,0.7169540071487427,0.7186904609203338,0.7200384259223938,0.723002701997757,0.7276123762130737,0.731600433588028,0.7342563927173614,0.7366346508264542,0.7376379776000976
37765,-0.7277042865753174,98.29209899902344,78.36156463623047,91.8614992414202,0.7277042865753174,0.7276199162006378,0.005413935054093599,0.7178401279449463,0.7189788490533828,0.7200897455215454,0.7233339250087738,0.7276199162006378,0.731600433588028,0.7342563927173614,0.7366543233394622,0.7379200029373169
37856,-0.7279601097106934,98.11358642578125,78.36514282226562,91.34164646693638,0.7279600501060486,0.7278299629688263,0.005469303112477064,0.7178401279449463,0.7190685421228409,0.7211092412471771,0.7236221134662628,0.7278299629688263,0.7318432033061981,0.7349259376525878,0.7366543233394622,0.7394691038131714
37947,-0.7283190488815308,97.93474578857422,78.37274169921875,90.82813044956752,0.728318989276886,0.7280150949954987,0.005498548969626427,0.7187408661842346,0.7199662953615189,0.7213431239128113,0.7239506989717484,0.7280150949954987,0.7319082319736481,0.7349259376525878,0.7374721825122833,0.7400866651535034
38038,-0.7286314964294434,97.75463104248047,78.37296295166016,90.32893371582031,0.7286314964294434,0.7286067605018616,0.005445157643407583,0.7187408661842346,0.7200406849384308,0.7217099487781524,0.7247048765420914,0.7286067605018616,0.7319082319736481,0.7360617578029632,0.7375428676605225,0.7400866651535034
38129,-0.7289285659790039,97.57831573486328,78.38859558105469,89.81327056884766,0.7289286255836487,0.7289135456085205,0.005344569683074951,0.7199729895591735,0.7210852861404419,0.7218546390533447,0.7248319983482361,0.7289135456085205,0.7321485280990601,0.7360617578029632,0.7375428676605225,0.7400866651535034
38220,-0.729093611240387,97.39665222167969,78.38916778564453,89.30751473563058,0.7290935516357422,0.7289135456085205,0.005428630858659744,0.7199958872795105,0.7210943818092346,0.7219302415847778,0.7248319983482361,0.7289135456085205,0.7335993349552155,0.7360617578029632,0.7375428676605225,0.7400866651535034
38311,-0.729324221611023,97.26935577392578,78.43729400634766,88.82004111153739,0.7293242812156677,0.7291263341903687,0.005340369883924723,0.7199958872795105,0.7210943818092346,0.7223836004734039,0.7259945869445801,0.7291263341903687,0.7335993349552155,0.7362598419189453,0.7382237195968628,0.7400866651535034
38402,-0.7295923233032227,97.10267639160156,78.46321868896484,88.29613930838448,0.7295924425125122,0.7292092144489288,0.00532148964703083,0.720042507648468,0.7214420378208161,0.7229719519615173,0.7261116951704025,0.7292092144489288,0.7336537837982178,0.7362598419189453,0.7382237195968628,0.740423457622528
38493,-0.7297760844230652,96.91279602050781,78.45824432373047,87.7790276663644,0.7297760844230652,0.7294214963912964,0.0054350802674889565,0.720042507648468,0.7218400508165359,0.7234254598617553,0.7261116951704025,0.7294214963912964,0.7337571382522583,0.7365231394767762,0.7388917744159699,0.7437374353408813
38584,-0.7299593687057495,96.76408386230469,78.49281311035156,87.26726967947823,0.7299594283103943,0.7294214963912964,0.00545911118388176,0.7203725385665893,0.7218400508165359,0.723438274860382,0.7266106456518173,0.7294214963912964,0.7340963184833527,0.7371738433837891,0.7388917744159699,0.7437374353408813
38675,-0.7301648259162903,96.64938354492188,78.55211639404297,86.78857857840401,0.7301649451255798,0.7295095920562744,0.005526375956833363,0.7203725385665893,0.7218400508165359,0.7236075460910797,0.726658970117569,0.7295095920562744,0.7344326078891754,0.7373326063156128,0.7389017403125763,0.7437493765354156
38766,-0.7303484678268433,96.49287414550781,78.5688247680664,86.2758058820452,0.7303485870361328,0.7295095920562744,0.005430910270661116,0.7212126731872559,0.7222884058952331,0.7236387848854064,0.726658970117569,0.7295095920562744,0.7346115559339523,0.7373326063156128,0.7389017403125763,0.7437493765354156
38857,-0.7305837869644165,96.3530502319336,78.60269165039062,85.79478563581195,0.730583906173706,0.7295604944229126,0.0055673872120678425,0.7212126731872559,0.7222884058952331,0.7236387848854064,0.7269568592309952,0.7295604944229126,0.7347634732723236,0.7373326063156128,0.7391075104475021,0.7445372474193573
38948,-0.730782151222229,96.20292663574219,78.62155151367188,85.29610988071987,0.730782151222229,0.7297995388507843,0.005498283077031374,0.721830677986145,0.7222884058952331,0.7243832588195801,0.727079376578331,0.7297995388507843,0.7347850650548935,0.7373326063156128,0.7391075104475021,0.7445372474193573
39039,-0.7309382557868958,96.07958984375,78.6772232055664,84.7759519304548,0.7309382557868958,0.7301316559314728,0.0054699331521987915,0.721830677986145,0.7222884058952331,0.7246746182441711,0.7272922247648239,0.7301316559314728,0.7347850650548935,0.737695187330246,0.7391075104475021,0.7445372474193573
39130,-0.7312842607498169,95.96373748779297,78.73322296142578,84.28199659075055,0.7312842011451721,0.7306841611862183,0.005495358724147081,0.7222580456733704,0.7235396772623062,0.724766081571579,0.7273872494697571,0.7306841611862183,0.7348488867282867,0.7381957709789276,0.7396394193172455,0.7445372474193573
39221,-0.7315511703491211,95.83753967285156,78.77985382080078,83.78456333705357,0.7315511107444763,0.7308450639247894,0.005616617389023304,0.7222580456733704,0.7235571593046188,0.724766081571579,0.7274841815233231,0.7308450639247894,0.7348488867282867,0.7388846635818481,0.7415576845407486,0.744559428691864
39312,-0.7317236661911011,95.67985534667969,78.81090545654297,83.25232369559151,0.7317237257957458,0.7309585809707642,0.005577416159212589,0.7222892427444458,0.723609808087349,0.724766081571579,0.7278502881526947,0.7309585809707642,0.7351240664720535,0.7388846635818481,0.7415576845407486,0.744559428691864
39403,-0.7319676876068115,95.51264953613281,78.80485534667969,82.76476287841797,0.7319676876068115,0.7313222885131836,0.00549102621152997,0.7222892427444458,0.723609808087349,0.724929004907608,0.7282868921756744,0.7313222885131836,0.7352118194103241,0.7388846635818481,0.7415576845407486,0.744559428691864
39494,-0.7321673631668091,95.30974578857422,78.765869140625,82.26732199532645,0.7321673631668091,0.7314213216304779,0.005560168065130711,0.7233621060848237,0.7240109324455262,0.724929004907608,0.7282868921756744,0.7314213216304779,0.7356837391853333,0.738939517736435,0.7415576845407486,0.744559428691864
39585,-0.7323074340820312,95.2079849243164,78.83900451660156,81.75424085344586,0.7323074340820312,0.7314213216304779,0.005466051399707794,0.72336953997612,0.7240109324455262,0.7254023432731629,0.7284795790910721,0.7314213216304779,0.7359403669834137,0.738939517736435,0.7415576845407486,0.744559428691864
39676,-0.7325800657272339,95.07432556152344,78.88052368164062,81.22702462332589,0.7325801253318787,0.7322198450565338,0.005387299228459597,0.72336953997612,0.7246641933917999,0.7261919617652893,0.7286176383495331,0.7322198450565338,0.7359403669834137,0.738939517736435,0.7415576845407486,0.744559428691864
39767,-0.7326990962028503,94.94596862792969,78.93285369873047,80.70068795340401,0.7326992154121399,0.7322810292243958,0.005323628894984722,0.72336953997612,0.7246641933917999,0.7263085126876831,0.728954017162323,0.7322810292243958,0.7359403669834137,0.738939517736435,0.7415576845407486,0.744559428691864
39858,-0.7329422831535339,94.8400650024414,78.99327087402344,80.20590536934989,0.7329422831535339,0.7322810292243958,0.005377465859055519,0.72336953997612,0.7246641933917999,0.7263471841812134,0.7294254899024963,0.7322810292243958,0.7368281781673431,0.7390054941177369,0.7415576845407486,0.744559428691864
39949,-0.733180820941925,94.64341735839844,78.97999572753906,79.64349474225726,0.733180820941925,0.7326528429985046,0.005423411726951599,0.72336953997612,0.7246641933917999,0.7265469551086425,0.7295301258563995,0.7326528429985046,0.7372163236141205,0.740108186006546,0.7415576845407486,0.744559428691864
40040,-0.7334979176521301,94.48912048339844,78.99085235595703,79.12869589669364,0.7334979176521301,0.7329825758934021,0.005380439572036266,0.7235631847381592,0.7247354656457901,0.7269050359725953,0.7297943085432053,0.7329825758934021,0.7372548878192902,0.740108186006546,0.7415576845407486,0.7462231314182282
40131,-0.7337111234664917,94.34968566894531,79.01806640625,78.62737492152623,0.7337111830711365,0.7329825758934021,0.005208965390920639,0.7256693661212921,0.7264604270458221,0.7272281408309936,0.7299308925867081,0.7329825758934021,0.7372548878192902,0.740108186006546,0.7415576845407486,0.7462231314182282
40222,-0.7338626980781555,94.22490692138672,79.063720703125,78.12764195033482,0.7338626384735107,0.7331242859363556,0.005166947841644287,0.7256722831726075,0.7264662593603134,0.7273789167404174,0.7299560755491257,0.7331242859363556,0.7377609312534332,0.740108186006546,0.7415576845407486,0.7462231314182282
40313,-0.7339785695075989,94.08749389648438,79.08779907226562,77.63342612130302,0.7339784502983093,0.7332862913608551,0.00529762776568532,0.7256722831726075,0.7264662593603134,0.7273789167404174,0.7299560755491257,0.7332862913608551,0.7377609312534332,0.7405350089073182,0.742953759431839,0.7476200675964355
40404,-0.7342134118080139,93.93666076660156,79.0980453491211,77.13457598005023,0.7342133522033691,0.7340949475765228,0.005256500095129013,0.7256722831726075,0.7268663555383682,0.7274083614349365,0.7299835979938507,0.7340949475765228,0.7378918528556824,0.7405350089073182,0.742953759431839,0.7476200675964355
40495,-0.7343469262123108,93.75467681884766,79.06775665283203,76.64554050990513,0.7343469262123108,0.7340949475765228,0.00531046325340867,0.7256722831726075,0.7268663555383682,0.7274083614349365,0.7304837852716446,0.7340949475765228,0.7379518449306488,0.7409171462059021,0.7433400690555573,0.7476200675964355
40586,-0.7345432043075562,93.56627655029297,79.04100799560547,76.1306621006557,0.7345431447029114,0.7343506515026093,0.005323280114680529,0.7262157726287842,0.7270152360200882,0.7274083614349365,0.7308882027864456,0.7343506515026093,0.7383426874876022,0.7411257922649384,0.7437673568725586,0.7476292920112609
40677,-0.7345772981643677,93.41104888916016,79.0428466796875,75.63866097586495,0.7345773577690125,0.7343506515026093,0.0053312634117901325,0.7262157726287842,0.7270152360200882,0.7274083614349365,0.7308882027864456,0.7343506515026093,0.7383426874876022,0.7411257922649384,0.7437673568725586,0.7476292920112609
40768,-0.7349861860275269,93.27783203125,79.06707000732422,75.14497920445034,0.7349861264228821,0.7349371016025543,0.005290991626679897,0.7262157726287842,0.7270152360200882,0.7280052065849304,0.7313432395458221,0.7349371016025543,0.7386454641819,0.7411257922649384,0.7439223945140838,0.747630295753479
40859,-0.7351456880569458,93.1369857788086,79.09249877929688,74.61088126046317,0.7351457476615906,0.7350793778896332,0.0052293105982244015,0.7262157726287842,0.7270152360200882,0.7289467036724091,0.7313432395458221,0.7350793778896332,0.7387474328279495,0.7411591708660126,0.7439223945140838,0.747630295753479
40950,-0.735275149345398,93.06851959228516,79.17314147949219,74.13381958007812,0.7352750897407532,0.7350793778896332,0.005219549406319857,0.7262196791172028,0.7270152360200882,0.7289846837520599,0.7313432395458221,0.7350793778896332,0.7387474328279495,0.7412286877632142,0.7439223945140838,0.747630295753479
41041,-0.7353984117507935,92.97415161132812,79.25011444091797,73.60435703822544,0.7353983521461487,0.7350881695747375,0.005209727678447962,0.7262196791172028,0.7270152360200882,0.7289846837520599,0.7316765487194061,0.7350881695747375,0.7387474328279495,0.741587907075882,0.7439223945140838,0.747630295753479
41132,-0.735551118850708,92.85140991210938,79.2850112915039,73.13157435825893,0.7355510592460632,0.7350881695747375,0.005126309115439653,0.7264704132080078,0.7279686450958252,0.7290602684020996,0.7318742275238037,0.7350881695747375,0.7391918003559113,0.741587907075882,0.7439223945140838,0.747630295753479
41223,-0.7357956767082214,92.73270416259766,79.31163024902344,72.66046905517578,0.7357956767082214,0.7359660863876343,0.005176325794309378,0.7264704132080078,0.7279686450958252,0.729092925786972,0.7318899184465408,0.7359660863876343,0.7397199869155884,0.7416037201881409,0.7439223945140838,0.7476466059684753
41314,-0.7360230684280396,92.64726257324219,79.38935852050781,72.1595927647182,0.7360230088233948,0.7361012697219849,0.005141695030033588,0.7272519910335541,0.7280712127685547,0.7297790169715881,0.7319999784231186,0.7361012697219849,0.7399342358112335,0.7424740433692932,0.7439223945140838,0.748470573425293
41405,-0.7361422777175903,92.49795532226562,79.39437866210938,71.65399496895927,0.7361423373222351,0.7361781597137451,0.005126810632646084,0.7272519910335541,0.7282590925693512,0.7299378633499145,0.7321972250938416,0.7361781597137451,0.7400150299072266,0.7425392746925354,0.7439223945140838,0.748470573425293
41496,-0.7363224625587463,92.39915466308594,79.44960021972656,71.16991642543248,0.7363224625587463,0.7362825274467468,0.005098408553749323,0.7276374554634094,0.7285719245672226,0.7302473187446594,0.7323369234800339,0.7362825274467468,0.740085780620575,0.7432263195514679,0.7444961696863175,0.748470573425293
41587,-0.7365439534187317,92.32911682128906,79.53437042236328,70.7012198311942,0.7365438938140869,0.7363757491111755,0.0050673591904342175,0.7278882205486298,0.7285719245672226,0.7307617485523223,0.732397049665451,0.7363757491111755,0.740452840924263,0.7433568835258484,0.7446608692407608,0.748470573425293
41678,-0.7367690205574036,92.1399154663086,79.47662353515625,70.2013920375279,0.7367690801620483,0.7366859316825867,0.004985899198800325,0.7279124641418457,0.7295583784580231,0.7311717391014099,0.732397049665451,0.7366859316825867,0.7405853271484375,0.743362957239151,0.745500984787941,0.748470573425293
41769,-0.7369617819786072,92.03634643554688,79.52050018310547,69.70547267368862,0.736961841583252,0.736841470003128,0.0049981833435595036,0.7279124641418457,0.7295583784580231,0.7313670575618744,0.7332465052604675,0.736841470003128,0.7405853271484375,0.7435833156108856,0.745500984787941,0.7490238618850708
41860,-0.737190842628479,91.9435806274414,79.58483123779297,69.18353489467076,0.7371909618377686,0.7370137870311737,0.005002723541110754,0.7279124641418457,0.7295583784580231,0.7313670575618744,0.7338547259569168,0.7370137870311737,0.7405853271484375,0.7440039336681366,0.745500984787941,0.7490263986587524
41951,-0.7374213933944702,91.87350463867188,79.65695190429688,68.68417358398438,0.7374213933944702,0.7371779680252075,0.00498051755130291,0.728418196439743,0.7302224457263946,0.7315364956855774,0.7338547259569168,0.7371779680252075,0.7408129274845123,0.7440039336681366,0.7462700307369232,0.7490263986587524
42042,-0.7375156879425049,91.77220916748047,79.69688415527344,68.19367436000279,0.7375156283378601,0.7371779680252075,0.005005212035030127,0.728418196439743,0.7302224457263946,0.7318022668361663,0.7338547259569168,0.7371779680252075,0.7409016788005829,0.7442713022232056,0.7462700307369232,0.7490263986587524
42133,-0.7376895546913147,91.66658782958984,79.74150085449219,67.69321659633091,0.7376896142959595,0.7373293936252594,0.004984891042113304,0.7290168666839599,0.7304545909166336,0.7318976819515228,0.7338656187057495,0.7373293936252594,0.7411396950483322,0.7442713022232056,0.7476385295391083,0.7490263986587524
42224,-0.7379153966903687,91.53367614746094,79.75875854492188,67.17393166678292,0.7379153966903687,0.7377519607543945,0.004951635841280222,0.7290168666839599,0.7304545909166336,0.7319490373134613,0.7338995635509491,0.7377519607543945,0.7412424981594086,0.7442713022232056,0.7476385295391083,0.7492936277389526
42315,-0.7380659580230713,91.43296813964844,79.79695892333984,66.70127759660993,0.7380658984184265,0.7377519607543945,0.004888718016445637,0.7290168666839599,0.731773754954338,0.7325784087181091,0.7339154779911041,0.7377519607543945,0.7414010465145111,0.7444178998470307,0.7476385295391083,0.7492936277389526
42406,-0.7381992936134338,91.37838745117188,79.8900375366211,66.21004704066685,0.7381994128227234,0.737845242023468,0.004880981519818306,0.7302844190597534,0.731773754954338,0.7325784087181091,0.7339326441287994,0.737845242023468,0.7414637804031372,0.7444178998470307,0.7476385295391083,0.7495576596260071
42497,-0.7384048104286194,91.32250213623047,79.98149108886719,65.69004331316266,0.7384047508239746,0.738029271364212,0.004936557728797197,0.7302872490882873,0.731773754954338,0.7326006054878235,0.7344323545694351,0.738029271364212,0.7415070682764053,0.7445046663284302,0.7476385295391083,0.749812353849411
42588,-0.7385551929473877,91.24799346923828,80.04241943359375,65.2350937979562,0.7385551929473877,0.7381173670291901,0.005001436918973923,0.7302872490882873,0.731773754954338,0.7327059209346771,0.7344323545694351,0.7381173670291901,0.7421025633811951,0.7445890486240387,0.7479980885982513,0.7498542940616608
42679,-0.7388092875480652,91.1396255493164,80.08716583251953,64.70472226824079,0.7388092875480652,0.7382328808307648,0.00515450956299901,0.7302872490882873,0.731773754954338,0.7327515840530395,0.7349382489919662,0.7382328808307648,0.7424962967634201,0.7455355167388916,0.7481801927089691,0.750010005235672
42770,-0.7389633059501648,91.06759643554688,80.14945220947266,64.21820994785854,0.7389633655548096,0.7387472689151764,0.005167321301996708,0.7302872490882873,0.731773754954338,0.7329141318798065,0.7352212518453598,0.7387472689151764,0.7427069395780563,0.7455392241477966,0.7481801927089691,0.7505768990516662
42861,-0.7391675114631653,90.99512481689453,80.20880889892578,63.7160884312221,0.7391676306724548,0.7388353645801544,0.005139429587870836,0.730309317111969,0.7321648091077805,0.7329141318798065,0.7353715598583221,0.7388353645801544,0.7427598088979721,0.7458753049373626,0.7481801927089691,0.7505768990516662
42952,-0.7393282651901245,90.88827514648438,80.25919342041016,63.164703369140625,0.7393283843994141,0.7388353645801544,0.00513408612459898,0.730652949810028,0.7321648091077805,0.7329967737197876,0.7353715598583221,0.7388353645801544,0.7428190112113953,0.7462435364723206,0.7482258200645446,0.7505828046798706
43043,-0.7395049929618835,90.83042907714844,80.3463134765625,62.63902228219168,0.7395049333572388,0.7391628623008728,0.005111170466989279,0.730652949810028,0.7321648091077805,0.7331776022911072,0.7357486337423325,0.7391628623008728,0.7428652495145798,0.7464824557304383,0.7482258200645446,0.7505828046798706
43134,-0.7395974397659302,90.75082397460938,80.41976165771484,62.10302952357701,0.7395975589752197,0.7391628623008728,0.005109697114676237,0.7308210611343384,0.7321648091077805,0.7331776022911072,0.7361346781253815,0.7391628623008728,0.7430265247821808,0.7465384781360627,0.7482258200645446,0.7505828046798706
43225,-0.7397779822349548,90.64823913574219,80.45220947265625,61.58111081804548,0.7397779822349548,0.7392432391643524,0.005169545765966177,0.7310638821125031,0.732286062836647,0.7332039952278138,0.7361346781253815,0.7392432391643524,0.743285059928894,0.7465384781360627,0.7482258200645446,0.7505828046798706
43316,-0.7399354577064514,90.55132293701172,80.49281311035156,61.08171572004046,0.7399355173110962,0.7393277585506439,0.005164683796465397,0.7310638821125031,0.7327442318201065,0.7336135327816009,0.7361346781253815,0.7393277585506439,0.7433379888534546,0.7465384781360627,0.7492807030677795,0.7505828046798706
43407,-0.7400180101394653,90.47552490234375,80.55399322509766,60.5647223336356,0.7400180697441101,0.7393277585506439,0.005169156473129988,0.7310638821125031,0.7327442318201065,0.7338884592056274,0.7361346781253815,0.7393277585506439,0.7433379888534546,0.7466296494007111,0.7492807030677795,0.7517155492305756
43498,-0.7402238249778748,90.43121337890625,80.63911437988281,60.06713594709124,0.7402239441871643,0.739751011133194,0.005112421233206987,0.7310638821125031,0.7330745100975037,0.7340540409088134,0.7363873422145844,0.739751011133194,0.7438529133796692,0.7466296494007111,0.7492807030677795,0.7517155492305756
43589,-0.7403727769851685,90.32706451416016,80.67750549316406,59.54680306570871,0.7403728365898132,0.7399598956108093,0.005117905326187611,0.7310638821125031,0.7330745100975037,0.7340540409088134,0.7366109788417816,0.7399598956108093,0.7438846528530121,0.7469714045524597,0.7492807030677795,0.7517155492305756
43680,-0.7405218482017517,90.29930114746094,80.77767944335938,59.04494258335659,0.7405218482017517,0.7401264905929565,0.00516162533313036,0.7310638821125031,0.7338608980178833,0.7343227922916412,0.7369147390127182,0.7401264905929565,0.7438846528530121,0.7469714045524597,0.7497264504432678,0.7517269587516785
43771,-0.7407079935073853,90.27824401855469,80.89679718017578,58.52180916922433,0.7407081127166748,0.7402130365371704,0.005127827171236277,0.7317285799980163,0.7338715434074402,0.7344048917293549,0.7369454950094223,0.7402130365371704,0.744287982583046,0.7470061361789704,0.7497264504432678,0.7517269587516785
43862,-0.740933358669281,90.23464965820312,80.99515533447266,58.00015912737165,0.7409334778785706,0.7406429052352905,0.005131708923727274,0.7320762515068054,0.7340091407299042,0.7344743430614471,0.7371597439050674,0.7406429052352905,0.744287982583046,0.7472143828868866,0.7497264504432678,0.7517625761032104
43953,-0.741046130657196,90.17760467529297,81.06060791015625,57.51941953386579,0.7410461902618408,0.7407975792884827,0.005151174496859312,0.7320762515068054,0.734013843536377,0.7344743430614471,0.7372801601886749,0.7407975792884827,0.7445634454488754,0.7472143828868866,0.7497264504432678,0.7517625761032104
44044,-0.7412352561950684,90.126953125,81.146728515625,57.00001525878906,0.7412354350090027,0.740889847278595,0.005212718155235052,0.7324024856090545,0.734013843536377,0.7347606122493744,0.7373511791229248,0.740889847278595,0.7449639439582825,0.7472143828868866,0.7497264504432678,0.7535043215751648
44135,-0.7414467930793762,90.08076477050781,81.23085021972656,56.50697381155832,0.7414469122886658,0.7411675155162811,0.005146212875843048,0.7324024856090545,0.7340545207262039,0.7350370705127716,0.7376349717378616,0.7411675155162811,0.7449700236320496,0.7478248119354248,0.7497264504432678,0.7535043215751648
44226,-0.7415884733200073,90.00591278076172,81.28254699707031,56.005292075020925,0.7415885925292969,0.7412062287330627,0.005137758329510689,0.7324318158626556,0.7340545207262039,0.7351748287677765,0.7378112971782684,0.7412062287330627,0.745058462023735,0.7478248119354248,0.7497783839702606,0.7535043215751648
44317,-0.7417020797729492,89.89196014404297,81.30513763427734,55.447238377162385,0.7417022585868835,0.7415249645709991,0.005118637345731258,0.7324318158626556,0.7340545207262039,0.7351748287677765,0.7378112971782684,0.7415249645709991,0.745058462023735,0.7478248119354248,0.7505896985530853,0.7535043215751648
44408,-0.7418872714042664,89.84977722167969,81.39086151123047,54.97034617832729,0.7418873310089111,0.7416639626026154,0.005185694899410009,0.7324318158626556,0.7340545207262039,0.7351748287677765,0.7379141449928284,0.7416639626026154,0.7453757226467133,0.7483959496021271,0.7506274223327637,0.7535043215751648
44499,-0.7419697642326355,89.7714614868164,81.44184112548828,54.455748966761995,0.741969883441925,0.7416639626026154,0.005194773897528648,0.7324318158626556,0.7345495134592056,0.7353725790977478,0.7379141449928284,0.7416639626026154,0.7456620931625366,0.7483959496021271,0.7506274223327637,0.7540686094760894
44590,-0.742283284664154,89.7079849243164,81.51507568359375,53.924778529575896,0.7422834038734436,0.7419931888580322,0.005172901786863804,0.7324318158626556,0.7349282890558243,0.7357985615730286,0.7383638173341751,0.7419931888580322,0.7457275241613388,0.7488084077835083,0.7508817225694656,0.7540686094760894
44681,-0.7425206303596497,89.66056823730469,81.58386993408203,53.436180114746094,0.742520809173584,0.742084264755249,0.005166726186871529,0.7324318158626556,0.7353699833154679,0.7358564734458923,0.7388293445110321,0.742084264755249,0.7457275241613388,0.7493931651115417,0.7508817225694656,0.7540686094760894
44772,-0.7426932454109192,89.57756042480469,81.63986206054688,52.89850834437779,0.7426932454109192,0.742328405380249,0.005022586323320866,0.7344387781620025,0.7353724777698517,0.7361993014812469,0.7389217168092728,0.742328405380249,0.7457275241613388,0.7493931651115417,0.7508817225694656,0.7540686094760894
44863,-0.7428414821624756,89.56617736816406,81.75103759765625,52.35428728376116,0.7428414821624756,0.742636501789093,0.005020129960030317,0.7344387781620025,0.735381680727005,0.7365838050842285,0.739034503698349,0.742636501789093,0.7460189312696457,0.7493945479393005,0.7514610469341279,0.7540686094760894
44954,-0.7429956793785095,89.52484893798828,81.8392105102539,51.8338873726981,0.7429957389831543,0.7430645823478699,0.005053318105638027,0.7344387781620025,0.7357722759246826,0.7365838050842285,0.7391328066587448,0.7430645823478699,0.7460189312696457,0.7493945479393005,0.7514807760715485,0.754135068655014
45045,-0.7430905103683472,89.51305389404297,81.95697021484375,51.30104773385184,0.7430906891822815,0.7430645823478699,0.005026637110859156,0.7344458937644959,0.7357722759246826,0.7365838050842285,0.7394411563873291,0.7430645823478699,0.7460189312696457,0.7497397184371948,0.7514807760715485,0.7542713451385498
45136,-0.7432145476341248,89.57811737060547,82.13949584960938,50.832708086286274,0.7432145476341248,0.7431387901306152,0.004972850903868675,0.7344458937644959,0.7358043968677521,0.7371422708034515,0.7396959662437439,0.7431387901306152,0.7461499869823456,0.7497397184371948,0.7514807760715485,0.7542713451385498
45227,-0.7433592081069946,89.52633666992188,82.21808624267578,50.29491588047573,0.7433593273162842,0.7432736158370972,0.004991999827325344,0.734461977481842,0.7358829915523529,0.7371422708034515,0.7397495806217194,0.7432736158370972,0.7464743852615356,0.7497538268566132,0.7520167827606201,0.754751318693161
45318,-0.7434613108634949,89.46052551269531,82.27526092529297,49.7433591570173,0.7434613108634949,0.7432736158370972,0.004936044104397297,0.7345868098735809,0.7362227261066436,0.7371422708034515,0.73992520570755,0.7432736158370972,0.7464743852615356,0.7497690618038177,0.7520167827606201,0.754751318693161
45409,-0.743589460849762,89.47567749023438,82.41828918457031,49.231668199811665,0.743589460849762,0.7434232234954834,0.0048924097791314125,0.7345868098735809,0.7362445831298828,0.7373090386390686,0.7400750368833542,0.7434232234954834,0.7466000765562057,0.7497690618038177,0.7520167827606201,0.754751318693161
45500,-0.7436607480049133,89.43281555175781,82.48775482177734,48.718069893973215,0.7436607480049133,0.7434901595115662,0.004876226652413607,0.7345868098735809,0.7362589478492737,0.7375276505947113,0.7400750368833542,0.7434901595115662,0.7467750757932663,0.7497690618038177,0.7520167827606201,0.754751318693161
45591,-0.7438344955444336,89.4076919555664,82.58415222167969,48.21571241106306,0.7438346147537231,0.7436795234680176,0.004944622982293367,0.7345868098735809,0.7362589478492737,0.7375276505947113,0.7401112914085388,0.7436795234680176,0.7468711584806442,0.7498014032840729,0.7520167827606201,0.7549937045574188
45682,-0.7440057992935181,89.32474517822266,82.61670684814453,47.703225816999165,0.7440057992935181,0.7438605427742004,0.004990961868315935,0.7347772347927094,0.7366576969623566,0.7375424444675446,0.7402829229831696,0.7438605427742004,0.746894359588623,0.7498725533485413,0.7520471334457397,0.7550150990486145
45773,-0.7442449927330017,89.31537628173828,82.73695373535156,47.17289079938616,0.7442449927330017,0.7440373599529266,0.0049871401861310005,0.7347772347927094,0.7367346018552781,0.7375424444675446,0.7404945343732834,0.7440373599529266,0.7473370283842087,0.7498725533485413,0.7522346258163453,0.7550150990486145
45864,-0.7443474531173706,89.36415100097656,82.90695190429688,46.60538537161691,0.7443475127220154,0.7442042827606201,0.004993395879864693,0.7347772347927094,0.7367346018552781,0.7380971252918244,0.7406763881444931,0.7442042827606201,0.7473370283842087,0.7501698136329651,0.7522346258163453,0.7550150990486145
45955,-0.7444943189620972,89.4449462890625,83.10655975341797,46.086886814662385,0.7444943189620972,0.744385302066803,0.005014212802052498,0.7347772347927094,0.7367346018552781,0.738420844078064,0.7406763881444931,0.744385302066803,0.7473370283842087,0.7507629990577698,0.7530409127473832,0.7550150990486145
46046,-0.7446612119674683,89.4575424194336,83.24871063232422,45.537836347307476,0.744661271572113,0.7444596290588379,0.004976269789040089,0.735561351776123,0.7372028201818466,0.738420844078064,0.7409306615591049,0.7444596290588379,0.7473370283842087,0.7507629990577698,0.7530409127473832,0.7550264596939087
46137,-0.7448141574859619,89.41255187988281,83.32485961914062,44.96423067365374,0.7448142170906067,0.7446026802062988,0.005064723547548056,0.735561351776123,0.7372224032878876,0.7389825999736785,0.7412081062793732,0.7446026802062988,0.7475175857543945,0.751694917678833,0.7530409127473832,0.7550279057025909
46228,-0.7449721097946167,89.3343734741211,83.36338806152344,44.4020140511649,0.7449721693992615,0.7449408769607544,0.005025353282690048,0.735711224079132,0.7372224032878876,0.739203828573227,0.7412081062793732,0.7449408769607544,0.7480646669864655,0.751694917678833,0.7530409127473832,0.7550279057025909
46319,-0.7451891899108887,89.3246078491211,83.4728775024414,43.8647575378418,0.7451891899108887,0.7451159656047821,0.005089489743113518,0.735711224079132,0.737317806482315,0.7393345236778259,0.7413058876991272,0.7451159656047821,0.7485672831535339,0.751982307434082,0.7530409127473832,0.7550279057025909
46410,-0.7453014850616455,89.33610534667969,83.60475158691406,43.31121172223772,0.7453014850616455,0.745307594537735,0.005004185251891613,0.735711224079132,0.7379873782396317,0.7393416404724121,0.7415029853582382,0.745307594537735,0.7485672831535339,0.7522079229354859,0.7530409127473832,0.7550279057025909
46501,-0.7454319596290588,89.39447021484375,83.7798843383789,42.75611005510603,0.7454319596290588,0.7455279529094696,0.004974818788468838,0.7357924067974091,0.7379873782396317,0.7397936344146728,0.7415716350078583,0.7455279529094696,0.748646467924118,0.7522079229354859,0.7530409127473832,0.7550279057025909
46592,-0.7455114722251892,89.40812683105469,83.9124984741211,42.19819368634905,0.7455114126205444,0.7455796003341675,0.004968577064573765,0.7357924067974091,0.7379873782396317,0.7398762822151184,0.7415716350078583,0.7455796003341675,0.7486752867698669,0.7522079229354859,0.7533572167158127,0.7550279057025909
46683,-0.7456184029579163,89.4842758178711,84.11019897460938,41.64480863298689,0.7456183433532715,0.7455995678901672,0.004977765958756208,0.7357924067974091,0.7379873782396317,0.7398763537406922,0.7417760938405991,0.7455995678901672,0.748828187584877,0.752264678478241,0.7533572167158127,0.7550279057025909
46774,-0.7457655668258667,89.53073120117188,84.27845001220703,41.08865410940988,0.7457656264305115,0.7456076741218567,0.004988040309399366,0.7357924067974091,0.7381756842136383,0.7399145483970642,0.7418341487646103,0.7456076741218567,0.7489428222179413,0.7523302853107452,0.7533572167158127,0.7550279057025909
46865,-0.7459480166435242,89.58415222167969,84.45265197753906,40.48520006452288,0.7459479570388794,0.7456076741218567,0.005121228285133839,0.7357924067974091,0.7381756842136383,0.7399145483970642,0.7422254830598831,0.7456076741218567,0.7490822523832321,0.7527534484863281,0.7536423802375793,0.7569907307624817
46956,-0.7460189461708069,89.5824203491211,84.56230163574219,39.94518824986049,0.7460188865661621,0.7456433773040771,0.005085353273898363,0.7357924067974091,0.7390699863433838,0.7400071382522583,0.7422321736812592,0.7456433773040771,0.7490823715925217,0.7527534484863281,0.7536423802375793,0.7569907307624817
47047,-0.7460927963256836,89.61355590820312,84.71405792236328,39.343031202043804,0.7460927367210388,0.7456433773040771,0.005116422660648823,0.7357924067974091,0.7391133546829224,0.7400071382522583,0.7422719150781631,0.7456433773040771,0.7490823715925217,0.752782815694809,0.7547161757946015,0.7569907307624817
47138,-0.7461637854576111,89.61338806152344,84.82013702392578,38.76956067766462,0.7461638450622559,0.7456657290458679,0.005096808075904846,0.7368174886703491,0.7391524255275727,0.7400071382522583,0.7424738109111786,0.7456657290458679,0.7490823715925217,0.752782815694809,0.7547161757946015,0.7569907307624817
47229,-0.7462958097457886,89.70799255371094,85.02365112304688,38.158430916922434,0.7462958693504333,0.7456897497177124,0.005076561588793993,0.7368174886703491,0.7391524255275727,0.7402505338191986,0.7426117658615112,0.7456897497177124,0.7491755187511444,0.7529242217540741,0.7547161757946015,0.7569907307624817
47320,-0.7463903427124023,89.76091766357422,85.18856811523438,37.57138116019113,0.7463904023170471,0.7459397912025452,0.005025647580623627,0.7368174886703491,0.7391524255275727,0.7403238117694855,0.742778405547142,0.7459397912025452,0.7491755187511444,0.7532660961151123,0.7547161757946015,0.7569907307624817
47411,-0.7465450763702393,89.8065185546875,85.35238647460938,36.92560413905552,0.7465451955795288,0.7463675439357758,0.0049554165452718735,0.7371664714813232,0.7396127820014954,0.7404196262359619,0.7428862452507019,0.7463675439357758,0.7491755187511444,0.7532660961151123,0.7547161757946015,0.7569907307624817
47502,-0.7466161847114563,89.85187530517578,85.51578521728516,36.32920510428293,0.7466161847114563,0.7463905811309814,0.00495544821023941,0.7371837615966796,0.7396149158477783,0.7404196262359619,0.7428862452507019,0.7463905811309814,0.7495177835226059,0.7533158302307129,0.754741770029068,0.7569907307624817
47593,-0.7466856837272644,89.9061279296875,85.679931640625,35.73971339634487,0.746685802936554,0.7465600967407227,0.004944545682519674,0.7371837615966796,0.7396699965000153,0.7405090868473053,0.7430249601602554,0.7465600967407227,0.7495177835226059,0.7533158302307129,0.754741770029068,0.7569907307624817
47684,-0.746772050857544,89.92516326904297,85.82524108886719,35.088788168770925,0.746772050857544,0.7467717528343201,0.00489157484844327,0.7371957790851593,0.7396699965000153,0.7408912956714631,0.743262991309166,0.7467717528343201,0.7495340555906296,0.7533158302307129,0.7549565464258194,0.7569907307624817
47775,-0.7468382120132446,89.95516967773438,85.97571563720703,34.48160825456892,0.7468382120132446,0.7468101978302002,0.004860850516706705,0.7377834093570709,0.7396699965000153,0.7411009192466735,0.743262991309166,0.7468101978302002,0.7495340555906296,0.7533158302307129,0.7549565464258194,0.7569907307624817
47866,-0.7469387650489807,90.08234405517578,86.21654510498047,33.886249269757954,0.7469387650489807,0.7468413412570953,0.004833119455724955,0.7377834093570709,0.7399189174175262,0.7413506865501404,0.7433997243642807,0.7468413412570953,0.7495340555906296,0.7534050881862641,0.7549565464258194,0.7569907307624817
47957,-0.7470191121101379,90.2131118774414,86.4655990600586,33.2391676221575,0.7470191121101379,0.7470787465572357,0.004820630419999361,0.7377834093570709,0.7399189174175262,0.7413506865501404,0.7435259819030762,0.7470787465572357,0.7495340555906296,0.7535439550876617,0.7549565464258194,0.7569907307624817
48048,-0.7471553683280945,90.34215545654297,86.71640014648438,32.57713999067034,0.7471553683280945,0.7471129298210144,0.004783201031386852,0.7383681190013885,0.7403865158557892,0.7413506865501404,0.743577167391777,0.7471129298210144,0.7495340555906296,0.754259991645813,0.7549565464258194,0.757434549331665
48139,-0.7473395466804504,90.45480346679688,86.93450164794922,32.00220326014927,0.7473397254943848,0.7472395598888397,0.004772437270730734,0.7383784437179566,0.7405102968215942,0.7414975821971893,0.7437191754579544,0.7472395598888397,0.7498191893100739,0.7543430268764496,0.7550606071949005,0.758057519197464
48230,-0.7474797368049622,90.56771087646484,87.16458892822266,31.318666458129883,0.7474798560142517,0.7472395598888397,0.0048415507189929485,0.7383802080154419,0.7410527110099793,0.7417481005191803,0.7438963502645493,0.7472395598888397,0.7498191893100739,0.7547824919223786,0.7554737955331803,0.7599231457710266
48321,-0.7475324869155884,90.70082092285156,87.41172790527344,30.65678596496582,0.7475324869155884,0.747309684753418,0.004857000894844532,0.7383802080154419,0.7410556226968765,0.7417481005191803,0.7442022860050201,0.747309684753418,0.7498191893100739,0.7547824919223786,0.7557718694210053,0.7599231457710266
48412,-0.7476141452789307,90.85968780517578,87.66458892822266,30.05692563738142,0.7476141452789307,0.7473583519458771,0.004810543265193701,0.739145212173462,0.7410922586917877,0.7419300973415375,0.7442389577627182,0.7473583519458771,0.7498191893100739,0.7547824919223786,0.7557718694210053,0.7599231457710266
48503,-0.7477281093597412,91.04061889648438,87.95185089111328,29.388636997767858,0.7477281093597412,0.7474661767482758,0.00485395360738039,0.739145212173462,0.7410922586917877,0.7422305703163147,0.7442389577627182,0.7474661767482758,0.749930277466774,0.7547992885112762,0.7563822358846665,0.7599231457710266
48594,-0.7478185296058655,91.14010620117188,88.16109466552734,28.69466781616211,0.7478185296058655,0.7474664449691772,0.0048792543821036816,0.739145212173462,0.7410922586917877,0.7423579216003418,0.7443548291921616,0.7474664449691772,0.7500915974378586,0.7548205018043518,0.7563822358846665,0.7599231457710266
48685,-0.7478964328765869,91.23281860351562,88.36846160888672,28.01331193106515,0.7478963732719421,0.7475076913833618,0.004861348308622837,0.7394535720348359,0.7413359701633453,0.7423981308937073,0.7444627285003662,0.7475076913833618,0.7500915974378586,0.7548205018043518,0.7563822358846665,0.7599231457710266
48776,-0.7479962110519409,91.3453369140625,88.59501647949219,27.28070068359375,0.7479962110519409,0.7475076913833618,0.004821663722395897,0.7394535720348359,0.7413359701633453,0.7424521684646607,0.7446324527263641,0.7475076913833618,0.7502108812332153,0.7548205018043518,0.7563822358846665,0.7599231457710266
48867,-0.7480531334877014,91.62918090820312,88.9948501586914,26.617686680385045,0.7480531930923462,0.7475076913833618,0.0048337229527533054,0.7394535720348359,0.7413359701633453,0.7424521684646607,0.7446685880422592,0.7475076913833618,0.7503315210342407,0.7548205018043518,0.7563822358846665,0.7599231457710266
48958,-0.7481687664985657,91.88456726074219,89.35480499267578,25.916501453944615,0.7481687664985657,0.7478470802307129,0.004790916573256254,0.7394535720348359,0.7413359701633453,0.7425454616546631,0.7449101209640503,0.7478470802307129,0.7507546097040176,0.7548205018043518,0.7563822358846665,0.7599231457710266
49049,-0.7482471466064453,92.17401885986328,89.76593780517578,25.178973061697825,0.7482472062110901,0.7478470802307129,0.004790271166712046,0.7394535720348359,0.7413359701633453,0.7425454616546631,0.7450038492679596,0.7478470802307129,0.7507546097040176,0.7551752805709839,0.7563822358846665,0.7599231457710266
49140,-0.7483015060424805,92.66795349121094,90.35590362548828,24.491627284458705,0.7483014464378357,0.7478615641593933,0.00477616349235177,0.7394545352458954,0.7413359701633453,0.7425454616546631,0.7450986504554749,0.7478615641593933,0.7509718984365463,0.7551752805709839,0.7563822358846665,0.7599231457710266
49231,-0.7483869791030884,93.01671600341797,90.82682800292969,23.69795744759696,0.7483869194984436,0.7478936314582825,0.004771257285028696,0.7394555759429932,0.7413359701633453,0.7425454616546631,0.7450986504554749,0.7478936314582825,0.7510754466056824,0.7551752805709839,0.7563822358846665,0.7599231457710266
49322,-0.7484925389289856,93.40872955322266,91.3347396850586,22.901217324393137,0.7484924793243408,0.7479804456233978,0.004841799382120371,0.7394616532325745,0.7413359701633453,0.7425454616546631,0.7452416718006134,0.7479804456233978,0.7510754466056824,0.7554736256599426,0.7563822358846665,0.7599231457710266
49413,-0.7485837936401367,93.77654266357422,91.822265625,22.04886163984026,0.7485839128494263,0.7480887472629547,0.004806786309927702,0.7394616532325745,0.7416364163160324,0.7430680096149445,0.7452592551708221,0.7480887472629547,0.7512345910072327,0.7554736256599426,0.7563822358846665,0.7599231457710266
49504,-0.7486590147018433,94.21046447753906,92.37715911865234,21.255388259887695,0.7486589550971985,0.7482601404190063,0.004816060420125723,0.7395829176902771,0.7416364163160324,0.7430680096149445,0.7454496175050735,0.7482601404190063,0.7514604777097702,0.7556135594844818,0.7563822358846665,0.7599231457710266
49595,-0.74871826171875,94.83269500732422,93.11871337890625,20.403188160487584,0.7487182021141052,0.7482601404190063,0.004797218833118677,0.7395866215229034,0.7416364163160324,0.7430680096149445,0.745794266462326,0.7482601404190063,0.7517343759536743,0.7556135594844818,0.7563822358846665,0.7599231457710266
49686,-0.7487804889678955,95.49188232421875,93.8962631225586,19.597876685006277,0.7487804293632507,0.7482601404190063,0.0047925375401973724,0.7395866215229034,0.7416364163160324,0.7431501924991608,0.745794266462326,0.7482601404190063,0.7517343759536743,0.7557790756225586,0.7568043142557144,0.7599231457710266
49777,-0.7488358616828918,96.2044906616211,94.72128295898438,18.79732867649623,0.7488358020782471,0.7482601404190063,0.004802786745131016,0.7396032226085663,0.7416364163160324,0.7431969523429871,0.745794266462326,0.7482601404190063,0.7517343759536743,0.756117969751358,0.757058784365654,0.7599231457710266
49868,-0.7489174008369446,97.14569854736328,95.78547668457031,17.886979239327566,0.7489173412322998,0.7485259175300598,0.004772152751684189,0.7396032226085663,0.7416364163160324,0.7431969523429871,0.7459886074066162,0.7485259175300598,0.7517343759536743,0.756117969751358,0.7573026269674301,0.7599231457710266
49959,-0.7489567399024963,98.15274047851562,96.92035675048828,16.945119040352957,0.7489566206932068,0.7485259175300598,0.004773791879415512,0.7396032226085663,0.7416364163160324,0.7431969523429871,0.7459886074066162,0.7485259175300598,0.7517343759536743,0.756117969751358,0.7573026269674301,0.7599231457710266
