step,best_fitness,avg_hamming,avg_l1,avg_entropy,mean,median,std,2%,5%,10%,25%,50%,75%,90%,95%,98%
91,-0.533006489276886,341.1401062011719,55.416481018066406,559.8449183872768,0.533006489276886,0.5319340229034424,0.006764811463654041,0.5222832083702087,0.5237058937549591,0.5249135673046113,0.5274211019277573,0.5319340229034424,0.5380536168813705,0.5428856194019318,0.5453235387802124,0.5480058336257935
182,-0.536376953125,340.9315185546875,62.53300094604492,558.8891950334821,0.5363770127296448,0.5359793901443481,0.006441858131438494,0.524885573387146,0.5262149810791016,0.5267725229263306,0.5314210057258606,0.5359793901443481,0.5415297150611877,0.5456525206565856,0.5465226292610168,0.5488528156280518
273,-0.5391329526901245,340.7021484375,68.93021392822266,557.9000680106027,0.5391330122947693,0.5394101142883301,0.006004186812788248,0.5270734190940857,0.5280137300491333,0.5310375273227692,0.5351805090904236,0.5394101142883301,0.5435207039117813,0.5469147682189941,0.5488808512687683,0.5495454859733582
364,-0.5413298010826111,340.4447021484375,74.78358459472656,556.8728986467634,0.5413298010826111,0.5415937602519989,0.005506597924977541,0.5294414663314819,0.5326632559299469,0.5344519972801208,0.5370452553033829,0.5415937602519989,0.5455949157476425,0.5488089084625244,0.5495881617069245,0.55162015914917
455,-0.5428470969200134,340.1738586425781,80.17411041259766,555.8268083844866,0.5428471565246582,0.5425494909286499,0.005667791236191988,0.5315394484996796,0.53352190554142,0.5354665756225586,0.5391011536121368,0.5425494909286499,0.54710753262043,0.5495478510856628,0.5513754576444626,0.5533440744876862
546,-0.5448921322822571,339.8753967285156,85.16847229003906,554.7468523297991,0.5448921322822571,0.5440371036529541,0.005562195088714361,0.5341747164726257,0.5354698717594146,0.5384568095207214,0.5412879437208176,0.5440371036529541,0.5488162040710449,0.5522052526474,0.5543034434318542,0.5570431327819824
637,-0.5467094779014587,339.5545349121094,89.91197204589844,553.6313563755581,0.5467094779014587,0.5459979474544525,0.0059371995739638805,0.5370602345466614,0.5391069710254669,0.5403876662254333,0.5426589548587799,0.5459979474544525,0.5499052405357361,0.554200041294098,0.5566200762987137,0.5577660739421845
728,-0.5489621758460999,339.2137451171875,94.28111267089844,552.501708984375,0.5489621758460999,0.5479814112186432,0.00569835864007473,0.5401930618286133,0.5408557534217835,0.5424290537834168,0.5451811999082565,0.5479814112186432,0.5519311726093292,0.5566298067569733,0.5578042298555375,0.5648309552669525
819,-0.5503482222557068,338.8641357421875,98.57911682128906,551.3466884068081,0.5503482222557068,0.5495397746562958,0.0058816103264689445,0.5408940041065216,0.5420364141464233,0.5437841296195984,0.5466346591711044,0.5495397746562958,0.5536582469940186,0.5572931647300721,0.5613583534955978,0.5656575012207031
910,-0.5513437390327454,338.4943542480469,102.611328125,550.1740025111607,0.5513437390327454,0.5501994490623474,0.005759740248322487,0.5416751682758332,0.5428984701633454,0.5444671452045441,0.5474911034107208,0.5501994490623474,0.5551666766405106,0.5577574670314789,0.5613583534955978,0.5656575012207031
1001,-0.5528320670127869,338.10748291015625,106.45130157470703,548.9798583984375,0.5528321266174316,0.5519469976425171,0.005839038640260696,0.5425255537033081,0.5444449245929718,0.5462055444717407,0.5490672439336777,0.5519469976425171,0.5566622912883759,0.5588047683238984,0.5644219934940338,0.569676810503006
1092,-0.5542587041854858,337.7093505859375,110.12666320800781,547.7753993443081,0.5542587041854858,0.5532948076725006,0.006174688693135977,0.5437037312984466,0.5462345540523529,0.5472325325012207,0.5499752163887024,0.5532948076725006,0.5571260750293732,0.5623363971710206,0.5656842172145844,0.5698876309394836
1183,-0.5556776523590088,337.27606201171875,113.649658203125,546.5274222237723,0.5556776523590088,0.5548228025436401,0.006336274091154337,0.5455835998058319,0.5477136164903641,0.5494673132896424,0.5517428815364838,0.5548228025436401,0.5578735172748566,0.5648917376995086,0.5697897255420685,0.5739776074886322
1274,-0.5569284558296204,336.8133850097656,117.14916229248047,545.217302594866,0.5569284558296204,0.5558550655841827,0.006098778452724218,0.5482509768009186,0.5492993533611298,0.5507221281528473,0.5531774759292603,0.5558550655841827,0.5587525814771652,0.5656769752502442,0.5699232220649719,0.5744551479816437
1365,-0.5585647225379944,336.35162353515625,120.4750747680664,543.9251796177456,0.5585647225379944,0.5573158860206604,0.006324413698166609,0.5485092222690582,0.5508435875177383,0.5520043790340423,0.5542027205228806,0.5573158860206604,0.5606896281242371,0.5676290392875671,0.5725773513317108,0.5746364343166351
1456,-0.5599971413612366,335.8773193359375,123.67489624023438,542.6191755022321,0.5599970817565918,0.5585246682167053,0.006572151556611061,0.5508515954017639,0.5516561090946197,0.5526058375835419,0.5552560985088348,0.5585246682167053,0.5631789565086365,0.5698080956935883,0.5739840716123581,0.5746364343166351
1547,-0.5609577298164368,335.3723449707031,126.73883819580078,541.2741612025669,0.560957670211792,0.5591863691806793,0.006435095798224211,0.5516649889945984,0.5524824380874633,0.5533297896385193,0.5567657649517059,0.5591863691806793,0.564200147986412,0.5700811207294464,0.5742987394332886,0.5750763320922851
1638,-0.5625757575035095,334.85260009765625,129.73976135253906,539.9115251813616,0.5625758171081543,0.5620722770690918,0.006289420183748007,0.5529972982406616,0.5533441185951233,0.5550597667694092,0.5578649640083313,0.5620722770690918,0.567464679479599,0.5711552023887634,0.574460431933403,0.5750763320922851
1729,-0.5636032223701477,334.3161926269531,132.66123962402344,538.5227573939732,0.5636032223701477,0.5630500316619873,0.005997618660330772,0.5543804359436035,0.5553451657295227,0.5564507305622101,0.5588158220052719,0.5630500316619873,0.567586287856102,0.5711552023887634,0.5746291935443878,0.5758562672138214
1820,-0.565307080745697,333.75103759765625,135.46133422851562,537.1055210658482,0.5653071403503418,0.5639964640140533,0.006293579936027527,0.5543804359436035,0.5564516246318817,0.5568708300590515,0.5607773065567017,0.5639964640140533,0.5693470537662506,0.5746702671051025,0.5759475857019425,0.5782451653480529
1911,-0.5673630237579346,333.1658630371094,138.21507263183594,535.6580548967634,0.5673630833625793,0.5669509768486023,0.006250331178307533,0.5568380641937256,0.557341480255127,0.5595362305641174,0.5628967732191086,0.5669509768486023,0.5713556706905365,0.5758102715015412,0.5787769436836243,0.5800770580768585
2002,-0.5686373710632324,332.5872802734375,140.84524536132812,534.2261439732143,0.5686374306678772,0.5679530799388885,0.0060109589248895645,0.5573462510108947,0.5594448953866958,0.5609579801559448,0.5640395283699036,0.5679530799388885,0.5736335515975952,0.5763378798961639,0.5787970125675201,0.581281806230545
2093,-0.569755494594574,331.9881591796875,143.48947143554688,532.7517961774554,0.569755494594574,0.5691492259502411,0.005596498027443886,0.5594597780704498,0.5613671213388443,0.5628035128116607,0.5658574104309082,0.5691492259502411,0.5745033472776413,0.5767168819904327,0.5790801346302032,0.581281806230545
2184,-0.5714734196662903,331.3567199707031,146.03750610351562,531.2354125976562,0.5714734196662903,0.5711110830307007,0.0054654888808727264,0.5623116862773895,0.5628218680620194,0.5646468520164489,0.5672845393419266,0.5711110830307007,0.5754044055938721,0.5794425427913665,0.5805058598518371,0.581442791223526
2275,-0.5729219913482666,330.72027587890625,148.51536560058594,529.7176252092634,0.5729219913482666,0.5732153058052063,0.005566203035414219,0.5638739824295044,0.5641347795724869,0.5661233365535736,0.5686535537242889,0.5732153058052063,0.5772815495729446,0.5800932228565217,0.5815008789300918,0.583196005821228
2366,-0.5745028853416443,330.05328369140625,150.93896484375,528.160906110491,0.5745028853416443,0.5746908187866211,0.0054103718139231205,0.5657377874851227,0.566244900226593,0.567022705078125,0.5699508786201477,0.5746908187866211,0.578696995973587,0.5812981188297272,0.5824197560548783,0.5844331920146942
2457,-0.5760228633880615,329.40325927734375,153.33787536621094,526.6236746651786,0.5760228633880615,0.5755218267440796,0.005551824811846018,0.5660728764533997,0.5676761448383332,0.5683736443519593,0.5721714496612549,0.5755218267440796,0.579773485660553,0.5832253336906433,0.5844654738903046,0.5882254946231842
2548,-0.5770487785339355,328.7372741699219,155.68260192871094,525.0683942522321,0.5770488381385803,0.5770295262336731,0.0055212522856891155,0.5662504673004151,0.5683805167675018,0.569977056980133,0.5732541531324387,0.5770295262336731,0.5810141116380692,0.5837291598320007,0.5863892406225204,0.5888619542121887
2639,-0.5788587331771851,328.0127258300781,157.94317626953125,523.4344046456473,0.5788587331771851,0.5787131786346436,0.005466690752655268,0.5697732234001159,0.5700903743505478,0.5720874667167664,0.574765220284462,0.5787131786346436,0.5824427604675293,0.5859374225139617,0.5887424945831299,0.589748067855835
2730,-0.5805807113647461,327.2977294921875,160.1107940673828,521.8236868722098,0.5805807709693909,0.5801537930965424,0.005563804879784584,0.570093401670456,0.5720985949039459,0.5740746438503266,0.5762080997228622,0.5801537930965424,0.5838914066553116,0.5888680398464203,0.5905879765748978,0.5916921854019165
2821,-0.5814865231513977,326.5909729003906,162.30445861816406,520.2074584960938,0.5814865231513977,0.581219881772995,0.0054351468570530415,0.573849024772644,0.5744248449802398,0.574818241596222,0.5770042091608047,0.581219881772995,0.5847191661596298,0.5888680398464203,0.5912657886743545,0.5934764969348908
2912,-0.5829572677612305,325.8323059082031,164.41229248046875,518.5424019949777,0.5829572677612305,0.582304984331131,0.005664215423166752,0.5739886021614075,0.5747666329145431,0.5755420446395874,0.5786747336387634,0.582304984331131,0.5872836112976074,0.5908611834049224,0.5931167840957642,0.5943504536151886
3003,-0.584052562713623,325.0672912597656,166.4418487548828,516.8740234375,0.584052562713623,0.5830141603946686,0.005914828274399042,0.5749607527256012,0.5754006981849671,0.5764583587646485,0.5799606442451477,0.5830141603946686,0.5888475328683853,0.5913808405399322,0.5934997737407685,0.5973617625236511
3094,-0.5853884816169739,324.28204345703125,168.39906311035156,515.1810738699777,0.5853884816169739,0.5849156677722931,0.005732772406190634,0.5753969013690948,0.5768989861011505,0.578201276063919,0.581281989812851,0.5849156677722931,0.5898090600967407,0.5928942143917084,0.5946207076311112,0.5973617625236511
3185,-0.5868942737579346,323.5157165527344,170.35443115234375,513.5029035295759,0.5868942737579346,0.5865037441253662,0.005472356453537941,0.5769235706329345,0.578973776102066,0.580753618478775,0.5822643041610718,0.5865037441253662,0.5909985899925232,0.5935402989387513,0.5959593951702118,0.5999055314064026
3276,-0.5883558392524719,322.71246337890625,172.25564575195312,511.7856750488281,0.5883558988571167,0.5881018042564392,0.005843492224812508,0.5786197936534881,0.5799626737833024,0.581760710477829,0.5832737386226654,0.5881018042564392,0.5918068736791611,0.5961410641670227,0.5996261268854142,0.6010179531574249
3367,-0.5895355939865112,321.90179443359375,174.1087646484375,510.0589904785156,0.5895355343818665,0.5895650088787079,0.005788022186607122,0.5803059124946595,0.5817635089159012,0.5825293958187103,0.5850611627101898,0.5895650088787079,0.5931358933448792,0.5969544947147369,0.5999572604894639,0.6031378769874572
3458,-0.591339111328125,321.0704345703125,175.97055053710938,508.2890625,0.5913390517234802,0.5910090208053589,0.005525956861674786,0.5803273832798004,0.582759290933609,0.5850730538368225,0.5876154750585556,0.5910090208053589,0.5944504886865616,0.5988231539726258,0.6030892252922058,0.6033249628543854
3549,-0.5924267172813416,320.2481384277344,177.7656707763672,506.5437578473772,0.5924267172813416,0.5925678312778473,0.005110208876430988,0.5837413251399994,0.585582846403122,0.5859195172786713,0.5889380425214767,0.5925678312778473,0.5946703255176544,0.5993490397930146,0.6031391680240631,0.603342661857605
3640,-0.5939801931381226,319.397705078125,179.55096435546875,504.75167410714283,0.5939801335334778,0.5935507714748383,0.00554226990789175,0.584000209569931,0.5859062671661377,0.5872049987316131,0.5900461673736572,0.5935507714748383,0.5970316231250763,0.6030220150947571,0.6033482193946839,0.6058181881904602
3731,-0.5962205529212952,318.5760803222656,181.30938720703125,503.00526646205356,0.5962204933166504,0.5952347815036774,0.0060562752187252045,0.5859356617927551,0.5865843623876572,0.5885887145996094,0.592857152223587,0.5952347815036774,0.6000618189573288,0.603266716003418,0.6050317406654357,0.6085294187068939
3822,-0.5984134674072266,317.7225341796875,182.9210205078125,501.2359139578683,0.5984134674072266,0.5972246527671814,0.006899113766849041,0.5865919601917267,0.5883675158023834,0.5902529299259186,0.5933676064014435,0.5972246527671814,0.6030367761850357,0.6061321496963501,0.6087928175926208,0.6156477415561676
3913,-0.5997505784034729,316.86395263671875,184.51947021484375,499.4598127092634,0.5997505784034729,0.5983229875564575,0.00645839050412178,0.5902436077594757,0.5909336507320404,0.592363154888153,0.5948173850774765,0.5983229875564575,0.6034198254346848,0.6079043328762055,0.6110786586999893,0.6156477415561676
4004,-0.6009731292724609,315.9885559082031,186.11749267578125,497.6518031529018,0.6009731292724609,0.600977897644043,0.006325284950435162,0.5907185697555541,0.5923674285411835,0.5931175053119659,0.5963503569364548,0.600977897644043,0.6041216105222702,0.6092791855335236,0.6125521123409271,0.6156477415561676
4095,-0.6022401452064514,315.0924072265625,187.6900634765625,495.8097229003906,0.6022402048110962,0.6019323766231537,0.006365569774061441,0.5925743198394775,0.5929701805114747,0.5938596069812775,0.5972869694232941,0.6019323766231537,0.6067218035459518,0.6106435298919678,0.6135758489370347,0.6156477415561676
4186,-0.6036856174468994,314.2023620605469,189.23558044433594,493.9842529296875,0.6036856174468994,0.6030188202857971,0.006520516704767942,0.593109667301178,0.5935137927532196,0.5952934801578522,0.5989062786102295,0.6030188202857971,0.6077778488397598,0.6127554833889007,0.6151472717523575,0.6180119717121124
4277,-0.6046715974807739,313.2689208984375,190.72947692871094,492.0967102050781,0.6046715974807739,0.604051023721695,0.006158048752695322,0.5932087695598602,0.5953408807516098,0.5971815526485443,0.5997662842273712,0.604051023721695,0.6084762066602707,0.6130117356777192,0.6156605780124664,0.6180119717121124
4368,-0.6053938269615173,312.3429870605469,192.19015502929688,490.22423880440846,0.6053937673568726,0.6054736375808716,0.006134148687124252,0.5952706158161163,0.5960546672344208,0.5974787414073944,0.600671574473381,0.6054736375808716,0.6094542741775513,0.6135721027851104,0.6168192595243454,0.6180119717121124
4459,-0.6073396801948547,311.39862060546875,193.5623016357422,488.3492126464844,0.6073396801948547,0.6070705652236938,0.00625932402908802,0.5962175190448761,0.5976004779338837,0.5998299777507782,0.6023011356592178,0.6070705652236938,0.6118312627077103,0.6162290811538697,0.618039807677269,0.6192843616008759
4550,-0.6085853576660156,310.4773254394531,194.90232849121094,486.50352260044644,0.6085853576660156,0.6085058748722076,0.006192769389599562,0.597486310005188,0.5989775776863098,0.6012618184089661,0.6031522005796432,0.6085058748722076,0.6128242909908295,0.6170688331127167,0.6190886318683624,0.6193721139431
4641,-0.609609067440033,309.54974365234375,196.27699279785156,484.6308157784598,0.609609067440033,0.6095133125782013,0.006182445678859949,0.5984109282493592,0.6007434666156769,0.6017695069313049,0.6047347486019135,0.6095133125782013,0.6138923913240433,0.6182764053344727,0.6192849278450012,0.6206854164600372
4732,-0.6106210350990295,308.6021423339844,197.5493621826172,482.74974278041293,0.6106209754943848,0.6102697253227234,0.005969509948045015,0.6007452940940857,0.6015921324491501,0.6022936582565308,0.6061388850212097,0.6102697253227234,0.6145657151937485,0.6189353108406067,0.6202465742826462,0.6218654668331146
4823,-0.6124638915061951,307.6455993652344,198.82545471191406,480.8615243094308,0.6124638915061951,0.6128647029399872,0.005799733567982912,0.6010955858230591,0.6021291226148605,0.6042493879795074,0.6085953414440155,0.6128647029399872,0.6168402284383774,0.6193773686885834,0.6211671769618988,0.6251257121562958
4914,-0.6139428615570068,306.66937255859375,200.05970764160156,478.9505135672433,0.6139428615570068,0.6134211421012878,0.0060571772046387196,0.6019491684436798,0.6055375605821609,0.6073394000530243,0.6092919111251831,0.6134211421012878,0.618319571018219,0.621670377254486,0.6251477152109146,0.6261183190345764
5005,-0.6152163147926331,305.6822204589844,201.31155395507812,477.01373291015625,0.6152163147926331,0.6152702867984772,0.005903190933167934,0.6020287370681763,0.6060036331415176,0.6085553705692291,0.6108453869819641,0.6152702867984772,0.6190471053123474,0.6237122893333436,0.6257263600826264,0.6261183190345764
5096,-0.6164490580558777,304.69781494140625,202.49632263183594,475.09227207728793,0.6164489984512329,0.6167370676994324,0.005815582815557718,0.6044829773902893,0.6069611102342606,0.6087927043437957,0.6126596629619598,0.6167370676994324,0.6204827129840851,0.6237122893333436,0.6257263600826264,0.6265430128574371
5187,-0.6175903081893921,303.6991882324219,203.5187225341797,473.1840253557478,0.6175902485847473,0.6179027259349823,0.005491222254931927,0.6061431837081909,0.608636349439621,0.6100907325744629,0.614052414894104,0.6179027259349823,0.6210664808750153,0.6247218430042267,0.6258565187454224,0.6265910863876343
5278,-0.61887526512146,302.68621826171875,204.56143188476562,471.24369158063615,0.61887526512146,0.6187467277050018,0.0058678025379776955,0.6072770881652833,0.6090242624282837,0.6115923404693604,0.6154395490884781,0.6187467277050018,0.6220361590385437,0.6257566571235657,0.6275170087814331,0.6322804403305053
5369,-0.6205597519874573,301.6604919433594,205.64633178710938,469.2661786760603,0.6205597519874573,0.6203642189502716,0.00583710428327322,0.6090030801296235,0.6100714325904846,0.6135955512523651,0.6168718039989471,0.6203642189502716,0.6243963092565536,0.6278139829635621,0.6307602822780609,0.6322804403305053
5460,-0.6221483945846558,300.67938232421875,206.6935272216797,467.3585902622768,0.6221483945846558,0.6214333772659302,0.005495080724358559,0.6136050832271576,0.6141516655683518,0.6153275489807128,0.6182045489549637,0.6214333772659302,0.6263624727725983,0.6288575172424317,0.6313253939151764,0.633159373998642
5551,-0.6231781244277954,299.6736755371094,207.7173614501953,465.4083905901228,0.6231781244277954,0.6233293414115906,0.005493319593369961,0.6138759422302246,0.6141532480716705,0.6165399193763733,0.6185100227594376,0.6233293414115906,0.6271515637636185,0.6304946839809418,0.6316353678703308,0.6342783832550049
5642,-0.624367892742157,298.65777587890625,208.76593017578125,463.4488438197545,0.624367892742157,0.6246481835842133,0.00528676388785243,0.6140276646614075,0.6152085542678833,0.6174273490905762,0.6206218898296356,0.6246481835842133,0.6281494796276093,0.6307996451854706,0.6322725027799606,0.6344998836517334
5733,-0.6255493760108948,297.62109375,209.73524475097656,461.4638366699219,0.62554931640625,0.6254990696907043,0.005678413435816765,0.6140276646614075,0.6168100744485855,0.6183524072170258,0.6218738555908203,0.6254990696907043,0.6293485462665558,0.6322792768478394,0.6342776775360107,0.6349418187141418
5824,-0.6266722083091736,296.6160888671875,210.6748046875,459.52626255580356,0.6266722679138184,0.6265415251255035,0.005866122432053089,0.6146943998336792,0.6169615626335144,0.6185122907161713,0.6226070076227188,0.6265415251255035,0.6313542425632477,0.6339292407035828,0.634935274720192,0.6364594352245331
5915,-0.6282614469528198,295.58380126953125,211.64541625976562,457.5460117885045,0.6282614469528198,0.6276725828647614,0.006200509145855904,0.6148703336715698,0.6189264416694641,0.6210999011993408,0.6238366961479187,0.6276725828647614,0.6323435753583908,0.6368523836135864,0.6386822193861008,0.6409374725818634
6006,-0.6296258568763733,294.5555114746094,212.5360870361328,455.58123779296875,0.6296258568763733,0.6291479468345642,0.006145797204226255,0.6194359028339386,0.6210966944694519,0.6222894668579102,0.6252363175153732,0.6291479468345642,0.6331613212823868,0.6386183857917785,0.6407280325889587,0.6433436143398285
6097,-0.630755603313446,293.5306396484375,213.37930297851562,453.6393607003348,0.630755603313446,0.6301980018615723,0.006192545406520367,0.62047780752182,0.6220250725746155,0.6235355854034423,0.6259543150663376,0.6301980018615723,0.6346864700317383,0.6398522794246674,0.6408785969018936,0.6433436143398285
6188,-0.6321396231651306,292.47747802734375,214.26535034179688,451.63968331473217,0.6321396827697754,0.6319289207458496,0.006064241752028465,0.6224730563163757,0.6235773503780365,0.6243273735046386,0.6269893795251846,0.6319289207458496,0.6361768394708633,0.6405932307243347,0.6424239456653595,0.6438792550563812
6279,-0.633368730545044,291.46441650390625,215.03408813476562,449.7257516043527,0.6333687901496887,0.6334173679351807,0.005935344845056534,0.623830463886261,0.6241374760866165,0.6257036089897156,0.6288081556558609,0.6334173679351807,0.637430265545845,0.6408815562725068,0.6433590620756149,0.6462655007839203
6370,-0.634787380695343,290.4076843261719,215.89617919921875,447.7060546875,0.634787380695343,0.6346308588981628,0.00633101025596261,0.6239830541610718,0.6254858076572418,0.6269843995571136,0.6300856024026871,0.6346308588981628,0.6383993029594421,0.6433848083019257,0.6461050719022751,0.6479587388038636
6461,-0.6360803246498108,289.3776550292969,216.77285766601562,445.7219543457031,0.6360803842544556,0.6360328793525696,0.00646116491407156,0.6247407007217407,0.6263640642166137,0.6271442592144012,0.6310389190912247,0.6360328793525696,0.6404168009757996,0.6453530550003052,0.6464719772338867,0.6485948777198791
6552,-0.6371914744377136,288.3232116699219,217.58543395996094,443.7245875767299,0.6371915936470032,0.6363659799098969,0.006406140048056841,0.6262593913078308,0.6270211666822434,0.628237521648407,0.6329135894775391,0.6363659799098969,0.6413018107414246,0.6455155313014984,0.6470180451869965,0.6497582530975342
6643,-0.6383132934570312,287.2943115234375,218.35044860839844,441.7697492327009,0.638313353061676,0.6383188962936401,0.006090880837291479,0.6262593913078308,0.6270841896533966,0.6296090483665466,0.6346389204263687,0.6383188962936401,0.64199598133564,0.6462573111057281,0.6473620384931564,0.6497582530975342
6734,-0.639355480670929,286.2319030761719,219.07913208007812,439.77515956333707,0.639355480670929,0.6399312913417816,0.006229536607861519,0.6262593913078308,0.6286308228969574,0.6314675390720368,0.6354344636201859,0.6399312913417816,0.6431815922260284,0.6464465260505676,0.6492679834365844,0.6501419734954834
6825,-0.6403368711471558,285.1804504394531,219.86328125,437.7712620326451,0.6403369307518005,0.6409417688846588,0.006003982853144407,0.6283086323738098,0.6302060216665268,0.6328577339649201,0.636247992515564,0.6409417688846588,0.6441780030727386,0.6474256813526154,0.6494364768266678,0.6522441828250884
6916,-0.641632616519928,284.1179504394531,220.51132202148438,435.7926984514509,0.641632616519928,0.6417894661426544,0.006249791476875544,0.6286448895931244,0.6302431613206864,0.6341780185699463,0.6373699605464935,0.6417894661426544,0.6459316611289978,0.6486361384391784,0.6506367117166519,0.6555559635162354
7007,-0.6427755355834961,283.0458679199219,221.1232147216797,433.8055507114955,0.6427754759788513,0.6427631974220276,0.007025429513305426,0.6288553476333618,0.6302508234977722,0.6350966989994049,0.6375302821397781,0.6427631974220276,0.6469426155090332,0.6509083688259125,0.6556007921695709,0.6585349345207214
7098,-0.6442601084709167,281.96160888671875,221.7200164794922,431.8048749651228,0.6442601084709167,0.6438534259796143,0.007207900285720825,0.6288553476333618,0.6340736508369446,0.6364258170127869,0.6395638436079025,0.6438534259796143,0.6488431692123413,0.6551488280296326,0.6582558333873749,0.6606717109680176
7189,-0.6455099582672119,280.9225158691406,222.3629150390625,429.84946986607144,0.6455098986625671,0.6449385285377502,0.006989619228988886,0.6331975877285003,0.63566654920578,0.6374294281005859,0.6403659135103226,0.6449385285377502,0.6500715911388397,0.6553717374801635,0.6585555732250213,0.6606717109680176
7280,-0.6468873620033264,279.8956604003906,222.96377563476562,427.9170663016183,0.6468873620033264,0.6469661295413971,0.00700341584160924,0.6336707293987274,0.6358196526765824,0.6381448090076447,0.6415270566940308,0.6469661295413971,0.650979295372963,0.6567682147026062,0.6585555732250213,0.6606717109680176
7371,-0.648382842540741,278.8059997558594,223.52767944335938,425.9100821358817,0.6483829021453857,0.6484088897705078,0.006684490479528904,0.6365946912765503,0.63779898583889,0.6394275784492492,0.642584040760994,0.6484088897705078,0.6530133038759232,0.6572463393211365,0.6592796176671982,0.6609709000587464
7462,-0.6494377255439758,277.771240234375,224.0856170654297,423.9670671735491,0.6494377255439758,0.6503470242023468,0.00657640490680933,0.6374496972560882,0.6392604976892471,0.6403662681579589,0.6447117030620575,0.6503470242023468,0.6540998220443726,0.6577893257141113,0.6606208890676498,0.6609737074375153
7553,-0.650650143623352,276.77642822265625,224.67262268066406,422.0736519949777,0.6506502032279968,0.6510573923587799,0.006236337125301361,0.6381694269180298,0.6404795974493027,0.6415504932403564,0.6464075595140457,0.6510573923587799,0.6551838219165802,0.6583559215068817,0.6606607675552368,0.6614032852649688
7644,-0.6519863605499268,275.7353210449219,225.13653564453125,420.1587393624442,0.6519863605499268,0.652355432510376,0.006156704854220152,0.6403574597835541,0.6408853441476822,0.6423720121383667,0.6479089856147766,0.652355432510376,0.6561549752950668,0.660006844997406,0.6614139050245285,0.662413934469223
7735,-0.6530716419219971,274.68267822265625,225.64222717285156,418.19586181640625,0.6530716419219971,0.6538030505180359,0.006170779932290316,0.6409091138839722,0.6418159067630768,0.6435880839824677,0.6490495800971985,0.6538030505180359,0.6571231484413147,0.6608613908290863,0.6623930394649505,0.6641709971427917
7826,-0.6542421579360962,273.61474609375,226.12765502929688,416.2180655343192,0.6542422771453857,0.6546646356582642,0.005832578521221876,0.6418198716640472,0.6435280025005341,0.6461218059062958,0.6508467793464661,0.6546646356582642,0.6576567739248276,0.6614316046237946,0.6625553697347641,0.6642391240596771
7917,-0.6557860374450684,272.52545166015625,226.609619140625,414.19886997767856,0.6557860374450684,0.6562208533287048,0.006434399634599686,0.6418700253963471,0.6456431239843369,0.6472480595111847,0.6513270884752274,0.6562208533287048,0.659784734249115,0.6637556672096252,0.6662223219871521,0.6682967507839203
8008,-0.6562802791595459,271.4940490722656,227.0543212890625,412.2909371512277,0.6562803387641907,0.6565371155738831,0.006390141323208809,0.6435119009017944,0.6456431239843369,0.6473447620868683,0.6525228917598724,0.6565371155738831,0.6604326069355011,0.6637989342212677,0.6666759699583054,0.6682967507839203
8099,-0.6575385928153992,270.3893737792969,227.42416381835938,410.30359322684154,0.6575385928153992,0.65724316239357,0.006192677654325962,0.6451117467880249,0.6470258474349976,0.6493349313735962,0.6537818014621735,0.65724316239357,0.6618319749832153,0.6662237405776977,0.6681662768125534,0.6710394644737243
8190,-0.6585603356361389,269.3583068847656,227.93820190429688,408.3576442173549,0.6585603356361389,0.6584338545799255,0.006015068385750055,0.6460249710083008,0.6479304760694504,0.6499614715576172,0.6543893665075302,0.6584338545799255,0.6625830829143524,0.6664125978946686,0.6682516962289811,0.6715021085739136
8281,-0.659746527671814,268.29217529296875,228.3510284423828,406.38743373325894,0.6597466468811035,0.6596285104751587,0.00627609109506011,0.6473991477489471,0.6493209093809128,0.652590137720108,0.6554692387580872,0.6596285104751587,0.6638284176588058,0.6666524589061738,0.6685843348503113,0.6721329617500306
8372,-0.6607336401939392,267.23150634765625,228.76202392578125,404.4268101283482,0.6607336401939392,0.6598085165023804,0.006270488724112511,0.6487022531032562,0.6505234777927399,0.6529104769229889,0.6566914767026901,0.6598085165023804,0.664650484919548,0.6682023048400879,0.6711281478404999,0.6750017261505127
8463,-0.6618797183036804,266.2065124511719,229.15322875976562,402.5073503766741,0.6618797779083252,0.6616680026054382,0.00649592000991106,0.6500519096851349,0.6523843020200729,0.653515899181366,0.6581903100013733,0.6616680026054382,0.6648400723934174,0.6700531005859375,0.6730063080787658,0.6767301869392395
8554,-0.663020670413971,265.192626953125,229.6137237548828,400.5888366699219,0.6630207896232605,0.6628173887729645,0.006660680286586285,0.6507909107208252,0.6526061475276947,0.654575377702713,0.6587039679288864,0.6628173887729645,0.6674845069646835,0.67150377035141,0.6731223195791245,0.6771745312213897
8645,-0.6643803119659424,264.15789794921875,229.9944305419922,398.67047119140625,0.6643803119659424,0.6646139621734619,0.0067185708321630955,0.6507909107208252,0.6537468016147614,0.6573130071163178,0.6595984697341919,0.6646139621734619,0.6687519401311874,0.6722916066646576,0.6737018138170242,0.6799663972854614
8736,-0.6655672788619995,263.1020202636719,230.36070251464844,396.7034432547433,0.6655673980712891,0.6654826402664185,0.00719619682058692,0.6535445880889893,0.6541945159435272,0.6576782584190368,0.66047103703022,0.6654826402664185,0.6699472218751907,0.6736836135387421,0.678424072265625,0.6833397936820984
8827,-0.6669285297393799,262.0418701171875,230.6480255126953,394.76746041434154,0.6669287085533142,0.666386604309082,0.007140293251723051,0.6537519764900207,0.6550592064857483,0.6589661478996277,0.6620560437440872,0.666386604309082,0.6714543551206589,0.6755316317081451,0.6799671560525894,0.6833397936820984
8918,-0.6681075692176819,260.97808837890625,230.9400177001953,392.8116673060826,0.6681075096130371,0.6681219041347504,0.007343045901507139,0.6537519764900207,0.6561442494392395,0.6590785443782806,0.6623875349760056,0.6681219041347504,0.6728728711605072,0.677241712808609,0.6813815385103226,0.6833397936820984
9009,-0.6688458323478699,259.95294189453125,231.23471069335938,390.9157496861049,0.6688457727432251,0.6690548062324524,0.007173104677349329,0.654345510005951,0.6575460702180862,0.6608391642570496,0.6635798960924149,0.6690548062324524,0.6738011538982391,0.6783921658992768,0.6813815385103226,0.6833397936820984
9100,-0.6698437333106995,258.9237976074219,231.52334594726562,389.0033046177455,0.6698436737060547,0.6702094674110413,0.006978124380111694,0.6552592670917511,0.6579533308744431,0.6614372372627259,0.6645078063011169,0.6702094674110413,0.6743598729372025,0.6788734674453736,0.6813815385103226,0.6833397936820984
9191,-0.6706944108009338,257.8929443359375,231.7618408203125,387.1163984026228,0.6706943511962891,0.6709147095680237,0.0068600173108279705,0.6556195628643036,0.6597744405269623,0.6624760150909423,0.665749728679657,0.6709147095680237,0.6754885911941528,0.6796951532363892,0.6813815385103226,0.6833397936820984
9282,-0.6716749668121338,256.88958740234375,232.09033203125,385.21402413504467,0.6716750264167786,0.6717555522918701,0.0066391900181770325,0.6557622408866882,0.6624519884586334,0.6635526537895202,0.667247399687767,0.6717555522918701,0.6763069927692413,0.6804445266723633,0.683172982931137,0.6836161971092224
9373,-0.672991931438446,255.8662567138672,232.3531036376953,383.3198721749442,0.672991931438446,0.672297477722168,0.006376083940267563,0.6607326412200928,0.6632334351539612,0.665776115655899,0.6689489483833313,0.672297477722168,0.6780382394790649,0.6811882793903351,0.6833577632904053,0.684753110408783
9464,-0.6737241744995117,254.84458923339844,232.5478515625,381.46314784458707,0.6737242937088013,0.6739351749420166,0.006272139959037304,0.6615768373012543,0.6632334351539612,0.6661848545074462,0.669233649969101,0.6739351749420166,0.6780382394790649,0.6831010699272155,0.6842745751142502,0.6854078185558319
9555,-0.6745928525924683,253.82363891601562,232.77919006347656,379.5940856933594,0.6745929718017578,0.6741783916950226,0.006349115166813135,0.6624663162231446,0.6638603240251542,0.6671623826026917,0.6696807891130447,0.6741783916950226,0.679193526506424,0.6832169353961944,0.6847362607717514,0.6863287508487701
9646,-0.6757688522338867,252.79664611816406,232.93601989746094,377.7194083077567,0.6757689118385315,0.6749369502067566,0.007335945498198271,0.6624663162231446,0.6638603240251542,0.6683931946754456,0.6715272217988968,0.6749369502067566,0.6805382817983627,0.6847517967224122,0.6870564460754395,0.689631255865097
9737,-0.6771432161331177,251.81417846679688,233.1725311279297,375.8827471051897,0.6771432757377625,0.6761002838611603,0.007510635536164045,0.6631291651725769,0.6640464305877686,0.6690008640289307,0.6723213791847229,0.6761002838611603,0.6814282834529877,0.6877739250659942,0.6893418878316879,0.689631255865097
9828,-0.6779799461364746,250.809326171875,233.36952209472656,374.02557373046875,0.6779799461364746,0.6776711344718933,0.007238870486617088,0.6644892001152038,0.6661978393793107,0.670401531457901,0.6730403900146484,0.6776711344718933,0.6822710633277893,0.6877739250659942,0.6893418878316879,0.6899239611625672
9919,-0.6788641214370728,249.78688049316406,233.547119140625,372.1496058872768,0.6788642406463623,0.6788396835327148,0.006936348974704742,0.6653292059898377,0.6699170082807541,0.6709223210811615,0.6736745834350586,0.6788396835327148,0.6831632554531097,0.687793081998825,0.6894529312849045,0.69199223279953
10010,-0.6798542737960815,248.78746032714844,233.76283264160156,370.2827453613281,0.6798542737960815,0.6797390580177307,0.006951601710170507,0.6684061968326569,0.6703926712274552,0.6716563880443573,0.6748484820127487,0.6797390580177307,0.6839451044797897,0.6890662014484406,0.689643719792366,0.69199223279953
10101,-0.6806415915489197,247.8036651611328,233.951171875,368.45521763392856,0.6806417107582092,0.6805522441864014,0.007022916804999113,0.6684287071228028,0.6708679914474487,0.67186279296875,0.6754193007946014,0.6805522441864014,0.685140460729599,0.6895494639873505,0.691561472415924,0.6936707174777985
10192,-0.6810989379882812,246.84291076660156,234.17298889160156,366.63517107282365,0.6810989379882812,0.6811117827892303,0.006907540839165449,0.6690367162227631,0.6708679914474487,0.67186279296875,0.6767042130231857,0.6811117827892303,0.6855732053518295,0.6896939098834991,0.69195616543293,0.6938329112529754
10283,-0.682456374168396,245.8665008544922,234.35244750976562,364.8142656598772,0.682456374168396,0.6821214258670807,0.0069612059742212296,0.6705795669555664,0.6708773165941239,0.67186279296875,0.6785303801298141,0.6821214258670807,0.6870785504579544,0.6914225459098816,0.6934245496988296,0.6938832497596741
10374,-0.6837307810783386,244.87974548339844,234.45277404785156,363.0214146205357,0.6837306022644043,0.683605968952179,0.006942019332200289,0.6708363199234009,0.6715822249650956,0.6748261094093323,0.6791885197162628,0.683605968952179,0.6879621148109436,0.6927131056785584,0.6938771277666091,0.6958433914184571
10465,-0.6848873496055603,243.93775939941406,234.62435913085938,361.2496861049107,0.6848872900009155,0.6851826906204224,0.006770623382180929,0.6709253787994385,0.6725310027599335,0.6766187191009522,0.6801611334085464,0.6851826906204224,0.689351499080658,0.6934373319149018,0.6951215714216232,0.6959201455116272
10556,-0.6856169104576111,243.0151824951172,234.84237670898438,359.47705078125,0.6856168508529663,0.6861038506031036,0.00657478766515851,0.672295069694519,0.6740286767482757,0.6768470346927643,0.6814874857664108,0.6861038506031036,0.6894599199295044,0.6934373319149018,0.6958356916904449,0.6973342907428741
10647,-0.6864908933639526,242.0146484375,234.93167114257812,357.63841465541293,0.6864908337593079,0.6869083046913147,0.006664006505161524,0.6729111135005951,0.6743903458118439,0.677962738275528,0.6822719126939774,0.6869083046913147,0.690827876329422,0.6951552391052246,0.6973345160484314,0.6984258460998535
10738,-0.6873554587364197,241.05116271972656,235.04969787597656,355.84844970703125,0.6873555183410645,0.6877009868621826,0.006720878183841705,0.6729111135005951,0.6743903458118439,0.6786214351654053,0.6834064275026321,0.6877009868621826,0.6919688284397125,0.6954144239425659,0.6973345160484314,0.698666113615036
10829,-0.6882648468017578,240.11456298828125,235.15908813476562,354.09533255440846,0.6882648468017578,0.6890213489532471,0.006515090353786945,0.674105509519577,0.6762633889913559,0.6797800302505493,0.6841665059328079,0.6890213489532471,0.692473441362381,0.6955764293670654,0.6973345160484314,0.700361829996109
10920,-0.6890198588371277,239.18910217285156,235.30055236816406,352.34652273995533,0.6890198588371277,0.6893889307975769,0.006520075257867575,0.674105509519577,0.6768378108739853,0.6807864248752594,0.6848568767309189,0.6893889307975769,0.693896934390068,0.6958771824836731,0.6991855561733246,0.7006938338279725
11011,-0.6896531581878662,238.27027893066406,235.46697998046875,350.5905325753348,0.6896531581878662,0.6897531747817993,0.006573304068297148,0.6762434160709381,0.6772663742303848,0.6808708250522614,0.6852408647537231,0.6897531747817993,0.6941772252321243,0.6977627813816071,0.6998533040285111,0.7019944405555725
11102,-0.6906161308288574,237.3179931640625,235.51681518554688,348.83228846958707,0.6906161308288574,0.6915655434131622,0.006655448582023382,0.6772857642173767,0.6793312400579452,0.6813105702400207,0.6861322522163391,0.6915655434131622,0.6946848332881927,0.6980261087417603,0.7009213745594025,0.7028596830368042
11193,-0.6914892196655273,236.40785217285156,235.6728515625,347.08841378348217,0.6914891004562378,0.6921021342277527,0.006854539271444082,0.6781860172748566,0.6799147367477417,0.6815919995307922,0.686686635017395,0.6921021342277527,0.695794403553009,0.6994125247001648,0.7020974814891815,0.7050703644752503
11284,-0.6921321153640747,235.51673889160156,235.77474975585938,345.3911655970982,0.6921321153640747,0.6931091547012329,0.007034494075924158,0.6786246359348297,0.6799276679754257,0.6826650023460388,0.6869450509548187,0.6931091547012329,0.696222722530365,0.7011772572994233,0.7042037665843963,0.7065728950500488
11375,-0.6929348111152649,234.59677124023438,235.86793518066406,343.6589050292969,0.6929348111152649,0.6936669647693634,0.007183036766946316,0.6786268377304077,0.6815214186906815,0.6827122330665588,0.6878988742828369,0.6936669647693634,0.6967469304800034,0.7022209167480469,0.7051161229610443,0.7070783221721649
11466,-0.6936324834823608,233.66262817382812,235.902587890625,341.93753487723217,0.6936324238777161,0.6942459642887115,0.007094796281307936,0.6795254063606262,0.681556886434555,0.6852282226085663,0.6886918842792511,0.6942459642887115,0.6972907036542892,0.7025638699531556,0.7058218330144882,0.7071083199977874
11557,-0.6945278644561768,232.80538940429688,236.10076904296875,340.2525155203683,0.6945279836654663,0.6948819160461426,0.007470692042261362,0.679864649772644,0.6817975401878357,0.6855910301208497,0.6895671635866165,0.6948819160461426,0.6986453533172607,0.7038393378257751,0.706590673327446,0.7118028855323791
11648,-0.6951392889022827,231.88978576660156,236.13909912109375,338.5359409877232,0.6951394081115723,0.6954660415649414,0.007347935810685158,0.680309784412384,0.6826448976993561,0.6855910301208497,0.6902007311582565,0.6954660415649414,0.6991464197635651,0.704273909330368,0.706590673327446,0.7118028855323791
11739,-0.6962664127349854,231.01441955566406,236.24005126953125,336.8633030482701,0.6962664127349854,0.6965710818767548,0.007008089683949947,0.682644612789154,0.6847901403903961,0.6875452995300293,0.6921448111534119,0.6965710818767548,0.7006157040596008,0.704273909330368,0.7066720366477967,0.7123380279541015
11830,-0.6971603035926819,230.13377380371094,236.36318969726562,335.15553065708707,0.6971604228019714,0.6970200538635254,0.007053008768707514,0.682644612789154,0.6851617425680161,0.688319981098175,0.6929088234901428,0.6970200538635254,0.7019222676753998,0.7050556838512421,0.7096379578113556,0.7123380279541015
11921,-0.6977978348731995,229.2330780029297,236.3604736328125,333.47406005859375,0.697797954082489,0.6973448693752289,0.00685512088239193,0.6847796499729156,0.6865122228860855,0.6891985654830932,0.6940895617008209,0.6973448693752289,0.7029391825199127,0.7050556838512421,0.709645253419876,0.713137286901474
12012,-0.6987873911857605,228.31195068359375,236.31063842773438,331.78824288504467,0.69878751039505,0.6986485719680786,0.007198837120085955,0.6848126745223999,0.6872781336307525,0.6891985654830932,0.69443279504776,0.6986485719680786,0.7035857886075974,0.7068047523498535,0.7122886836528778,0.7149967670440673
12103,-0.6996739506721497,227.44468688964844,236.29034423828125,330.15856497628346,0.699674129486084,0.6998899877071381,0.00703008845448494,0.6858667171001435,0.6882803559303283,0.6906988024711609,0.6946107745170593,0.6998899877071381,0.703609511256218,0.7092027544975281,0.712506252527237,0.7157680130004883
12194,-0.7003297209739685,226.55934143066406,236.30380249023438,328.48995535714283,0.7003298401832581,0.7002046406269073,0.007388552185148001,0.6866642594337463,0.688821741938591,0.6907624244689942,0.6952102184295654,0.7002046406269073,0.7039244920015335,0.7108667731285095,0.7154045522212982,0.7160813701152802
12285,-0.7010578513145447,225.70510864257812,236.331298828125,326.8755798339844,0.7010579705238342,0.7011107802391052,0.0075781140476465225,0.6866642594337463,0.6889569103717804,0.6915558218955994,0.6957352608442307,0.7011107802391052,0.7046595513820648,0.7110358119010926,0.7154045522212982,0.7160813701152802
12376,-0.7018508911132812,224.83587646484375,236.34422302246094,325.2398594447545,0.701850950717926,0.7018031477928162,0.007535234559327364,0.6879291868209839,0.6896869450807571,0.6921692609786987,0.6965788900852203,0.7018031477928162,0.7054849863052368,0.712262487411499,0.7156983762979507,0.7160813701152802
12467,-0.7028681635856628,223.99349975585938,236.33619689941406,323.6373552594866,0.7028681039810181,0.7028692364692688,0.007617367897182703,0.6896821069717407,0.6908963263034821,0.6928172051906586,0.697540283203125,0.7028692364692688,0.7075893431901932,0.7124978542327881,0.7157718181610108,0.7172500371932983
12558,-0.7036492824554443,223.1440887451172,236.3411102294922,322.0137634277344,0.7036492228507996,0.7033578753471375,0.00749248405918479,0.6905795407295227,0.6917919844388962,0.693853759765625,0.6985395699739456,0.7033578753471375,0.7088172733783722,0.7125794470310212,0.7159006774425507,0.7172710657119751
12649,-0.7043531537055969,222.260009765625,236.33343505859375,320.34637451171875,0.7043530941009521,0.7041910290718079,0.007409834302961826,0.6907024407386779,0.6918185710906982,0.6941097259521485,0.6997903883457184,0.7041910290718079,0.7089429646730423,0.71366947889328,0.71595518887043,0.7205263388156891
12740,-0.7051103115081787,221.39974975585938,236.2841796875,318.7374921526228,0.7051102519035339,0.7052871882915497,0.007224875967949629,0.6917146193981171,0.6928714483976364,0.6955766916275025,0.7001642286777496,0.7052871882915497,0.7100395113229752,0.7143919587135314,0.717150866985321,0.7205263388156891
12831,-0.7059224247932434,220.55027770996094,236.29364013671875,317.0970153808594,0.7059224843978882,0.7055288851261139,0.007209665607661009,0.6917146193981171,0.6928714483976364,0.6967359721660614,0.7010777443647385,0.7055288851261139,0.7109060734510422,0.7149056136608124,0.717568176984787,0.7205263388156891
12922,-0.706714928150177,219.7002716064453,236.24658203125,315.50355747767856,0.7067149877548218,0.7073107957839966,0.007091390434652567,0.6919923162460327,0.6956223011016845,0.6977882564067841,0.7013870179653168,0.7073107957839966,0.7116954922676086,0.7149056136608124,0.7175978064537049,0.7221921718120575
13013,-0.7074934840202332,218.87872314453125,236.24005126953125,313.91992623465404,0.7074935436248779,0.7080308198928833,0.007110073231160641,0.6920394730567933,0.6957129567861557,0.698768961429596,0.7016946077346802,0.7080308198928833,0.7122404128313065,0.7156534850597381,0.7193358957767486,0.7221921718120575
13104,-0.7081550359725952,218.07745361328125,236.29127502441406,312.35280064174106,0.7081550359725952,0.7087846994400024,0.006762555800378323,0.6952558183670043,0.6979685723781586,0.6998098850250244,0.7033213078975677,0.7087846994400024,0.7123748809099197,0.7162964403629303,0.7193358957767486,0.7221921718120575
13195,-0.7088663578033447,217.28533935546875,236.33514404296875,310.78700474330356,0.7088663578033447,0.7093605697154999,0.007029328029602766,0.6965311396121979,0.6979685723781586,0.6998098850250244,0.7041727304458618,0.7093605697154999,0.713977500796318,0.7175362288951874,0.7205157399177551,0.7236925959587097
13286,-0.7096462249755859,216.45608520507812,236.27870178222656,309.21630859375,0.7096462249755859,0.7099310159683228,0.007385975681245327,0.696568466424942,0.6982116520404815,0.6999685227870941,0.7045681923627853,0.7099310159683228,0.714252769947052,0.7180486798286438,0.7211271375417709,0.7246637547016144
13377,-0.7106324434280396,215.6616668701172,236.26246643066406,307.6780700683594,0.7106323838233948,0.7106360495090485,0.007242286112159491,0.6969034612178803,0.6996033966541291,0.7001635134220123,0.7063614726066589,0.7106360495090485,0.7157092541456223,0.7186197936534882,0.7211271375417709,0.7246637547016144
13468,-0.7114756107330322,214.82261657714844,236.21820068359375,306.0878383091518,0.7114755511283875,0.7115475535392761,0.007185040041804314,0.6980203127861023,0.7000345379114151,0.7006195485591888,0.7067397683858871,0.7115475535392761,0.7168691456317902,0.7186197936534882,0.7211736768484116,0.7254761040210724
13559,-0.711948812007904,214.04820251464844,236.26800537109375,304.5536106654576,0.7119488716125488,0.7122773230075836,0.007183820474892855,0.6980251693725585,0.7000345379114151,0.7014663338661193,0.707418367266655,0.7122773230075836,0.7174315899610519,0.7194127321243287,0.7224743962287903,0.7254761040210724
13650,-0.712627112865448,213.25550842285156,236.22984313964844,303.02054704938615,0.7126271724700928,0.7132916152477264,0.0072446162812411785,0.6980473113059997,0.7003139436244965,0.7026260197162628,0.7075481861829758,0.7132916152477264,0.7178426086902618,0.7207030773162841,0.7224743962287903,0.726814775466919
13741,-0.7133961319923401,212.48597717285156,236.2682342529297,301.47852870396207,0.7133962512016296,0.7141220569610596,0.007413050625473261,0.6999980568885803,0.7016720533370971,0.7040690898895263,0.7076768279075623,0.7141220569610596,0.7183656543493271,0.7212061583995819,0.7263990491628647,0.7273674750328064
13832,-0.7139726877212524,211.69143676757812,236.21173095703125,299.95242745535717,0.7139726877212524,0.7145392298698425,0.007564800791442394,0.6999980568885803,0.7020010888576508,0.7051038920879364,0.7079075127840042,0.7145392298698425,0.7183656543493271,0.7226033985614777,0.7264256089925766,0.7306567811965943
13923,-0.7145919799804688,210.92420959472656,236.1720428466797,298.46201869419644,0.714591920375824,0.7149004638195038,0.007478470914065838,0.7003589916229248,0.7024841874837875,0.7052540361881257,0.7092075943946838,0.7149004638195038,0.7187169343233109,0.7250505566596985,0.7267937242984772,0.7306567811965943
14014,-0.7151340842247009,210.12655639648438,236.11477661132812,296.9231262207031,0.7151341438293457,0.7154245972633362,0.0071830726228654385,0.7007924711704254,0.7027457922697067,0.7058659017086029,0.7097458988428116,0.7154245972633362,0.7188947200775146,0.7250505566596985,0.7267937242984772,0.7306567811965943
14105,-0.7159610390663147,209.3511962890625,236.0625,295.4144287109375,0.7159611582756042,0.7163654863834381,0.007354937493801117,0.7020488440990448,0.7027552008628846,0.7063759148120881,0.7108708173036575,0.7163654863834381,0.7200195044279099,0.7256477832794189,0.7272692382335663,0.7318124735355377
14196,-0.7163424491882324,208.6118621826172,236.0786895751953,293.91853986467635,0.716342568397522,0.716716080904007,0.007143554277718067,0.7022409856319427,0.7054514855146408,0.7070809006690979,0.7114352136850357,0.716716080904007,0.7208200097084045,0.7256477832794189,0.7272899508476257,0.7318124735355377
14287,-0.7171198129653931,207.86074829101562,236.04180908203125,292.44425310407365,0.7171199321746826,0.7178147435188293,0.007330642081797123,0.7022409856319427,0.705598708987236,0.7073057413101196,0.7120425552129745,0.7178147435188293,0.7219016253948212,0.7267847895622254,0.7275568187236786,0.732753324508667
14378,-0.7177145481109619,207.13641357421875,236.03585815429688,290.9840654645647,0.7177145481109619,0.7180396914482117,0.007279565557837486,0.7045048069953919,0.7063907593488693,0.707716703414917,0.7126481235027313,0.7180396914482117,0.7224255800247192,0.7267847895622254,0.7275568187236786,0.7328500914573669
14469,-0.7183505892753601,206.39402770996094,235.9814453125,289.5072806222098,0.7183505892753601,0.7190073430538177,0.007220024708658457,0.7056465661525726,0.7069306939840316,0.7079390048980713,0.7138020396232605,0.7190073430538177,0.7225699424743652,0.7271733999252319,0.7297871053218842,0.7332373666763305
14560,-0.7188190221786499,205.63510131835938,235.8800048828125,288.04207502092635,0.7188191413879395,0.71946981549263,0.007115609478205442,0.7056465661525726,0.7069306939840316,0.708858174085617,0.714593380689621,0.71946981549263,0.7231976091861725,0.7271733999252319,0.7298376977443695,0.7332373666763305
14651,-0.7194439768791199,204.9185333251953,235.8572235107422,286.5949401855469,0.7194439768791199,0.71946981549263,0.006971769966185093,0.7064194214344025,0.707318103313446,0.71015864610672,0.7155412137508392,0.71946981549263,0.7234380841255188,0.7273436665534974,0.7307956695556641,0.7332373666763305
14742,-0.7202255725860596,204.19203186035156,235.7793426513672,285.1730390276228,0.7202255725860596,0.7205492258071899,0.007268204353749752,0.7069466817378998,0.7073918461799622,0.71015864610672,0.7158266603946686,0.7205492258071899,0.7258574217557907,0.7284382462501526,0.7327662408351898,0.7363016307353973
14833,-0.7209812998771667,203.44407653808594,235.70712280273438,283.7247837611607,0.7209814190864563,0.7212627232074738,0.007329840213060379,0.7070807075500488,0.7081128984689713,0.7108192026615143,0.716124564409256,0.7212627232074738,0.7264361083507538,0.729142701625824,0.7331922709941864,0.7363016307353973
14924,-0.7218661308288574,202.75607299804688,235.72161865234375,282.3061000279018,0.7218661308288574,0.7223380506038666,0.0067784423008561134,0.7078036618232727,0.7102063745260239,0.7129265010356903,0.7171458899974823,0.7223380506038666,0.7264520227909088,0.7297234535217285,0.7331922709941864,0.7363016307353973
15015,-0.7224592566490173,202.0938262939453,235.74725341796875,280.9297398158482,0.7224592566490173,0.7233102023601532,0.0070995124988257885,0.7079731976985931,0.7102910429239273,0.713243943452835,0.7171458899974823,0.7233102023601532,0.7266426086425781,0.7297759711742401,0.7332980006933212,0.7382936012744904
15106,-0.7230509519577026,201.4000244140625,235.69833374023438,279.5347595214844,0.7230510711669922,0.7235312461853027,0.007048694416880608,0.7079731976985931,0.7102910429239273,0.7148249387741089,0.7183392196893692,0.7235312461853027,0.727721095085144,0.7309078931808471,0.7332980006933212,0.7388064634799957
15197,-0.7237584590911865,200.6898956298828,235.6231231689453,278.11915370396207,0.7237585186958313,0.7247346043586731,0.00685307988896966,0.7079731976985931,0.7125370502471924,0.7160294055938721,0.7189010083675385,0.7247346043586731,0.7278226613998413,0.731063836812973,0.7339242666959762,0.7400797986984253
15288,-0.7240383625030518,200.01780700683594,235.59268188476562,276.77139718191967,0.724038302898407,0.7247346043586731,0.006919938139617443,0.7085582685470581,0.7125370502471924,0.716258305311203,0.7191672176122665,0.7247346043586731,0.7279524207115173,0.7321258783340454,0.7339242666959762,0.7400797986984253
15379,-0.7247225642204285,199.29989624023438,235.53953552246094,275.3331952776228,0.724722683429718,0.725044846534729,0.007046374958008528,0.7089452517032623,0.7143907308578491,0.7162715554237366,0.7196114808320999,0.725044846534729,0.7284550070762634,0.7332075834274292,0.7369470119476318,0.7400797986984253
15470,-0.7252621054649353,198.60951232910156,235.4795379638672,273.9332842145647,0.7252620458602905,0.7254155278205872,0.007072826847434044,0.7094206714630127,0.7144785016775131,0.717056679725647,0.7201525866985321,0.7254155278205872,0.7286137044429779,0.7338102102279663,0.7375158667564392,0.7401824295520782
15561,-0.7256576418876648,197.95057678222656,235.45159912109375,272.5630798339844,0.7256577014923096,0.7254206538200378,0.0069690728560090065,0.7122801089286804,0.7144785016775131,0.7177312731742859,0.7207000255584717,0.7254206538200378,0.7300005108118057,0.7343782365322113,0.7378179550170898,0.7401824295520782
15652,-0.7263076901435852,197.3135986328125,235.44769287109375,271.2376185825893,0.7263076901435852,0.7255935668945312,0.007099894341081381,0.7123968172073364,0.7144785016775131,0.718568754196167,0.7213085144758224,0.7255935668945312,0.7314791232347488,0.7356715619564056,0.7379284471273422,0.7432768416404724
15743,-0.7268257141113281,196.66920471191406,235.42555236816406,269.87939889090404,0.7268256545066833,0.7258610725402832,0.007056339643895626,0.7134216201305389,0.7161130547523499,0.719194233417511,0.7217586934566498,0.7258610725402832,0.7318776994943619,0.7363334357738495,0.738088184595108,0.7432768416404724
15834,-0.72718745470047,196.00704956054688,235.40902709960938,268.47821044921875,0.7271875739097595,0.7265998125076294,0.007106701377779245,0.7134216201305389,0.7161130547523499,0.7192974925041199,0.7220093011856079,0.7265998125076294,0.7318776994943619,0.7369758129119873,0.7397060573101044,0.7432768416404724
15925,-0.7277227640151978,195.3582000732422,235.38587951660156,267.12086704799106,0.7277228832244873,0.727142870426178,0.0072942618280649185,0.713722620010376,0.7163928925991059,0.7192974925041199,0.7220412939786911,0.727142870426178,0.732129693031311,0.7375224590301513,0.7406258434057236,0.7432768416404724
16016,-0.7284135222434998,194.6765899658203,235.2799072265625,265.7561776297433,0.7284135222434998,0.7286512851715088,0.007440114859491587,0.7153411734104157,0.7164106845855713,0.7196244537830353,0.7222705334424973,0.7286512851715088,0.7332882881164551,0.7378931164741516,0.7412977069616318,0.7436093258857727
16107,-0.7288890480995178,194.05258178710938,235.26467895507812,264.40921892438615,0.7288891077041626,0.729137510061264,0.00761821586638689,0.7153411734104157,0.7164106845855713,0.7197812080383301,0.7226836085319519,0.729137510061264,0.7339257448911667,0.738672524690628,0.7422742486000061,0.744149112701416
16198,-0.7293820977210999,193.38002014160156,235.08876037597656,263.0916006905692,0.7293820381164551,0.729137510061264,0.007428825367242098,0.7153884601593018,0.7190871953964233,0.7208680927753448,0.7234553694725037,0.729137510061264,0.7344569712877274,0.738672524690628,0.7422742486000061,0.744149112701416
16289,-0.7299058437347412,192.73431396484375,235.02200317382812,261.77140154157365,0.7299058437347412,0.7297578155994415,0.0073789507150650024,0.7154324376583099,0.7190871953964233,0.721011358499527,0.723750576376915,0.7297578155994415,0.7355811446905136,0.739437460899353,0.7422742486000061,0.744149112701416
16380,-0.7305445075035095,192.09181213378906,234.93736267089844,260.4396493094308,0.7305444478988647,0.7302454710006714,0.007406583055853844,0.7154324376583099,0.7190871953964233,0.7214240312576294,0.7241149842739105,0.7302454710006714,0.735694944858551,0.7399994730949402,0.7422742486000061,0.7448244500160217
16471,-0.7308854460716248,191.4687957763672,234.90318298339844,259.1320146833147,0.7308854460716248,0.7311859130859375,0.007426869589835405,0.7161401057243347,0.7191400527954102,0.7214240312576294,0.7247626483440399,0.7311859130859375,0.7359263002872467,0.7399994730949402,0.7422742486000061,0.7448244500160217
16562,-0.7315081357955933,190.83290100097656,234.8266143798828,257.83042689732144,0.731508195400238,0.7319731414318085,0.007104943506419659,0.7179319953918457,0.7195374548435212,0.7221283674240112,0.7265685200691223,0.7319731414318085,0.7359263002872467,0.7399994730949402,0.7436221152544021,0.7461132287979126
16653,-0.7320793271064758,190.24960327148438,234.81036376953125,256.5765904017857,0.732079267501831,0.7327504456043243,0.007210512179881334,0.7186693954467773,0.7213056325912476,0.722311931848526,0.7269210368394852,0.7327504456043243,0.7364386767148972,0.7421953201293945,0.744101944565773,0.7461132287979126
16744,-0.7328367233276367,189.6465606689453,234.8197784423828,255.2551770891462,0.7328368425369263,0.7330524623394012,0.007123665418475866,0.7186693954467773,0.7220990628004074,0.7232550919055939,0.7286060154438019,0.7330524623394012,0.7382062673568726,0.7422294616699219,0.7447264075279236,0.7461868286132812
16835,-0.7334070205688477,189.04347229003906,234.76986694335938,253.98829868861608,0.7334070801734924,0.7332982122898102,0.007198717445135117,0.7186693954467773,0.7222660481929779,0.7234218120574951,0.7288740277290344,0.7332982122898102,0.7389355152845383,0.7425259590148926,0.7447264075279236,0.7461868286132812
16926,-0.7337527275085449,188.43966674804688,234.72802734375,252.70892987932478,0.7337528467178345,0.7334875166416168,0.007092596497386694,0.7202302265167236,0.7228547126054764,0.7237056136131287,0.7289721071720123,0.7334875166416168,0.7389355152845383,0.7425259590148926,0.7447264075279236,0.7473801183700561
17017,-0.7344009280204773,187.82322692871094,234.64886474609375,251.40831865583147,0.7344009876251221,0.7336657345294952,0.007244563661515713,0.7202302265167236,0.7231851875782013,0.7254409492015839,0.7290287017822266,0.7336657345294952,0.7392904758453369,0.743627393245697,0.7453432470560074,0.7504707419872284
17108,-0.734919548034668,187.2115936279297,234.55072021484375,250.15132577078683,0.7349197268486023,0.734652042388916,0.007157428190112114,0.7223801612854004,0.7235585689544678,0.7261451005935669,0.7296467274427414,0.734652042388916,0.7399662286043167,0.7438965737819672,0.7467693597078323,0.7504707419872284
17199,-0.735442042350769,186.61521911621094,234.52346801757812,248.8631591796875,0.7354421019554138,0.7356892228126526,0.007129696663469076,0.7228228116035461,0.7245675653219223,0.72621089220047,0.7300911545753479,0.7356892228126526,0.7406246066093445,0.7440590798854828,0.7467693597078323,0.7504770541191101
17290,-0.7359799146652222,186.03936767578125,234.47357177734375,247.62674168178015,0.7359799742698669,0.7366911470890045,0.007107660640031099,0.722858555316925,0.7252473115921021,0.7264964342117309,0.7308630049228668,0.7366911470890045,0.7409401088953018,0.7448457717895508,0.7473533064126968,0.7504770541191101
17381,-0.7363463640213013,185.4420928955078,234.38636779785156,246.37410409109933,0.736346423625946,0.7378297746181488,0.006980928126722574,0.722858555316925,0.7252473115921021,0.7272001445293427,0.7312131226062775,0.7378297746181488,0.7409401088953018,0.7448457717895508,0.7473533064126968,0.7504770541191101
17472,-0.7367355227470398,184.84056091308594,234.34217834472656,245.0953412737165,0.7367355823516846,0.7382451891899109,0.006925545167177916,0.7228666543960571,0.7255623489618301,0.7276025831699371,0.7312782108783722,0.7382451891899109,0.74151611328125,0.7448457717895508,0.7473533064126968,0.7504770541191101
17563,-0.7372775077819824,184.26243591308594,234.2699737548828,243.87256077357702,0.737277626991272,0.7384482026100159,0.0067815049551427364,0.7245155072212219,0.72624851167202,0.7281992852687835,0.7316750735044479,0.7384482026100159,0.7416749149560928,0.7455025374889374,0.7473533064126968,0.7504770541191101
17654,-0.7376758456230164,183.68565368652344,234.18536376953125,242.651606968471,0.7376757860183716,0.7384482026100159,0.006883651949465275,0.7245155072212219,0.72624851167202,0.7281992852687835,0.7321326434612274,0.7384482026100159,0.7425563186407089,0.7462697863578797,0.7473533064126968,0.7513892722129821
17745,-0.7381356358528137,183.12098693847656,234.13937377929688,241.41065979003906,0.7381356954574585,0.7388743460178375,0.006888479460030794,0.7245155072212219,0.726314252614975,0.7287840664386749,0.7324697375297546,0.7388743460178375,0.7432686984539032,0.7465715527534484,0.7476260334253311,0.7513892722129821
17836,-0.7385673522949219,182.51693725585938,233.97572326660156,240.19900948660714,0.7385673522949219,0.7388743460178375,0.006800063420087099,0.7262654304504395,0.7269786536693573,0.7288225710391998,0.7337515205144882,0.7388743460178375,0.7437326163053513,0.7469168066978454,0.7488410741090774,0.7518850588798522
17927,-0.7388514280319214,181.93716430664062,233.82894897460938,239.00469970703125,0.7388514876365662,0.739272952079773,0.006700675003230572,0.7263524436950684,0.7271019577980041,0.7290647804737092,0.7339321225881577,0.739272952079773,0.7437326163053513,0.7473272085189819,0.7494940131902694,0.7518862009048461
18018,-0.7393854260444641,181.355712890625,233.72763061523438,237.7828085763114,0.7393853664398193,0.7393735945224762,0.006626823451370001,0.7269869279861451,0.7285290539264679,0.7304268121719361,0.7349299192428589,0.7393735945224762,0.7438358664512634,0.7477716028690338,0.7502769112586976,0.7527724480628967
18109,-0.7398669123649597,180.78260803222656,233.59352111816406,236.57264927455358,0.7398668527603149,0.739886075258255,0.006773792207241058,0.7271053886413574,0.7288207709789276,0.7305665671825409,0.7353454828262329,0.739886075258255,0.74427929520607,0.7491582274436951,0.7504673659801483,0.7542398929595947
18200,-0.7401665449142456,180.21702575683594,233.5039520263672,235.3705814906529,0.7401664853096008,0.740338146686554,0.006757819559425116,0.7274233126640319,0.728821462392807,0.7309207499027253,0.7360674440860748,0.740338146686554,0.7444910407066345,0.7492934107780457,0.7508853673934937,0.7542398929595947
18291,-0.7407265901565552,179.6936492919922,233.4980010986328,234.1949746268136,0.7407264709472656,0.7406852543354034,0.006898216437548399,0.7285700058937072,0.7294637531042099,0.7309207499027253,0.7364772856235504,0.7406852543354034,0.7448593974113464,0.7502759635448456,0.7515231311321259,0.7547886180877685
18382,-0.7412012815475464,179.17269897460938,233.47010803222656,233.01332092285156,0.7412012219429016,0.7411924004554749,0.006924820132553577,0.7288281559944153,0.7300527542829514,0.73127002120018,0.7368279099464417,0.7411924004554749,0.7456257343292236,0.7503250300884247,0.7515231311321259,0.7551115024089813
18473,-0.7415921688079834,178.62045288085938,233.3966522216797,231.80493818010603,0.7415921092033386,0.7415741980075836,0.00671900250017643,0.7309624123573303,0.7314535021781922,0.7323756337165832,0.737069845199585,0.7415741980075836,0.7460326701402664,0.7504041373729706,0.7515231311321259,0.7559646213054657
18564,-0.7420268058776855,178.1069793701172,233.37197875976562,230.61949811662947,0.7420267462730408,0.7418399453163147,0.0065913754515349865,0.7311020469665528,0.7317791104316711,0.7326679229736328,0.7372766137123108,0.7418399453163147,0.7464104890823364,0.7505231738090515,0.7515231311321259,0.7559646213054657
18655,-0.7426438927650452,177.55697631835938,233.25558471679688,229.44791303362166,0.7426438927650452,0.7430033087730408,0.006652537267655134,0.7311020469665528,0.7317791104316711,0.7331218183040619,0.738081693649292,0.7430033087730408,0.7476435750722885,0.7508842647075653,0.7520642340183258,0.7575588393211364
18746,-0.7429183721542358,177.00193786621094,233.14886474609375,228.26055690220423,0.7429183721542358,0.7430568635463715,0.00664331903681159,0.7311020469665528,0.7320860385894775,0.73371422290802,0.7382918000221252,0.7430568635463715,0.7479345202445984,0.7509931325912476,0.7520642340183258,0.758146311044693
18837,-0.7434325814247131,176.4585418701172,233.04669189453125,227.10173688616072,0.7434327006340027,0.7431141138076782,0.006743091624230146,0.7311020469665528,0.7329771786928176,0.7355037808418274,0.7386568039655685,0.7431141138076782,0.748689666390419,0.7515642583370209,0.753106689453125,0.758146311044693
18928,-0.743721067905426,175.93397521972656,232.987060546875,225.92599269321985,0.7437210083007812,0.7431141138076782,0.006797079462558031,0.7312399005889892,0.7331281036138535,0.7356934309005737,0.7387726157903671,0.7431141138076782,0.7487336099147797,0.7519854307174683,0.7543046236038208,0.7581516098976135
19019,-0.7442368268966675,175.41563415527344,232.91355895996094,224.77715410505022,0.7442368268966675,0.7442378401756287,0.00672505097463727,0.7330920457839966,0.7338551878929138,0.7359748244285583,0.7390238046646118,0.7442378401756287,0.7493340224027634,0.7521332383155823,0.7543046236038208,0.7581516098976135
19110,-0.7446764707565308,174.90216064453125,232.8814697265625,223.60477338518416,0.744676411151886,0.7451516091823578,0.006627291440963745,0.7331396460533142,0.7342731326818466,0.7359748244285583,0.7397573739290237,0.7451516091823578,0.7493979632854462,0.7521780490875244,0.7543046236038208,0.7582043230533599
19201,-0.7450376749038696,174.3749542236328,232.7961883544922,222.43858119419642,0.7450376152992249,0.7453031837940216,0.00651568965986371,0.7331396460533142,0.7353909283876419,0.736626797914505,0.7402591407299042,0.7453031837940216,0.7493979632854462,0.7521780490875244,0.755700746178627,0.7587468004226684
19292,-0.745449423789978,173.89112854003906,232.74595642089844,221.3299843924386,0.745449423789978,0.7457216382026672,0.006695713382214308,0.7331396460533142,0.7355089128017426,0.7372007727622986,0.7402591407299042,0.7457216382026672,0.7493979632854462,0.7530821204185486,0.7564995229244232,0.7606044363975525
19383,-0.74575275182724,173.41416931152344,232.7170867919922,220.22301374162947,0.7457526326179504,0.746094673871994,0.006795122288167477,0.7331396460533142,0.7355089128017426,0.7372484087944031,0.7406358867883682,0.746094673871994,0.7504176199436188,0.7539104402065278,0.7564995229244232,0.7606044363975525
19474,-0.7461107969284058,172.93504333496094,232.7017822265625,219.09565080915178,0.7461106181144714,0.746094673871994,0.006846390664577484,0.7331396460533142,0.7355089128017426,0.7372484087944031,0.7413057237863541,0.746094673871994,0.75126913189888,0.7547200918197632,0.7564995229244232,0.7606044363975525
19565,-0.7467451095581055,172.43626403808594,232.61154174804688,217.99235098702567,0.7467451691627502,0.7468560934066772,0.007016978692263365,0.7331396460533142,0.7359847545623779,0.738291198015213,0.7417582422494888,0.7468560934066772,0.7515853345394135,0.7552489340305328,0.7589683890342712,0.7606636750698089
19656,-0.7472120523452759,171.92515563964844,232.51837158203125,216.85721915108817,0.7472120523452759,0.7470823526382446,0.007001025136560202,0.7354014539718627,0.7362326383590698,0.7384007275104523,0.7417582422494888,0.7470823526382446,0.7518187761306763,0.7559999406337738,0.7593142509460449,0.7616278326511383
19747,-0.7476014494895935,171.43028259277344,232.46697998046875,215.71915326799666,0.7476013898849487,0.7475824654102325,0.006848659832030535,0.7354014539718627,0.7362326383590698,0.7385445535182953,0.7423030585050583,0.7475824654102325,0.7518187761306763,0.7562573850154877,0.7593142509460449,0.7616278326511383
19838,-0.7480794191360474,170.8755645751953,232.26380920410156,214.57925633021765,0.7480794787406921,0.7478678524494171,0.0067429631017148495,0.7359920263290405,0.7369539588689804,0.7390734612941742,0.7430986762046814,0.7478678524494171,0.7519929707050323,0.7572326838970185,0.7595075100660325,0.7616278326511383
19929,-0.748614490032196,170.42323303222656,232.20472717285156,213.5248020717076,0.748614490032196,0.7488738000392914,0.007066752295941114,0.7359920263290405,0.7369539588689804,0.7403635621070862,0.7431022822856903,0.7488738000392914,0.7527274340391159,0.7573587477207184,0.7598030656576157,0.7641890263557434
20020,-0.7489256262779236,169.92576599121094,232.0752410888672,212.45303780691964,0.7489255666732788,0.7490237355232239,0.007010964676737785,0.7359920263290405,0.7382677733898163,0.7403799653053283,0.7432580143213272,0.7490237355232239,0.7529725730419159,0.757999062538147,0.7598030656576157,0.7641890263557434
20111,-0.7492539882659912,169.4774169921875,232.0828094482422,211.36486162458147,0.749254047870636,0.7494290769100189,0.006950131617486477,0.7368342769145966,0.7382677733898163,0.7408398211002349,0.7442522943019867,0.7494290769100189,0.7531567811965942,0.757999062538147,0.7598030656576157,0.7641890263557434
20202,-0.7497859001159668,168.96365356445312,231.92630004882812,210.2670397077288,0.749785840511322,0.7496866583824158,0.006920643616467714,0.7375490713119507,0.7385546147823334,0.7411550521850586,0.7450489103794098,0.7496866583824158,0.7537930458784103,0.757999062538147,0.7602096289396286,0.7669089484214783
20293,-0.7501323819160461,168.50048828125,231.8585662841797,209.1880841936384,0.7501323223114014,0.749954342842102,0.006853737402707338,0.7382890915870667,0.7385546147823334,0.7415380716323853,0.7455218732357025,0.749954342842102,0.7537930458784103,0.758070033788681,0.7602096289396286,0.7669089484214783
20384,-0.7504842877388,168.0254364013672,231.74493408203125,208.13936723981584,0.7504842281341553,0.7506827116012573,0.006845151074230671,0.7383567512035369,0.7394390076398849,0.7415380716323853,0.7455655634403229,0.7506827116012573,0.7547351121902466,0.758070033788681,0.7602096289396286,0.7669089484214783
20475,-0.7509438395500183,167.52713012695312,231.6171417236328,207.03575134277344,0.7509438395500183,0.7514147460460663,0.006826215889304876,0.7391161692142486,0.7403182208538055,0.741817981004715,0.7460139691829681,0.7514147460460663,0.7550616264343262,0.758306336402893,0.7631384700536727,0.7669495320320129
20566,-0.7512635588645935,167.04042053222656,231.48037719726562,205.98702566964286,0.7512635588645935,0.751533716917038,0.006784072145819664,0.7391161692142486,0.7403194427490234,0.741817981004715,0.7463216483592987,0.751533716917038,0.7552900314331055,0.7583933353424073,0.7631384700536727,0.7669495320320129
20657,-0.7514961361885071,166.60397338867188,231.4573211669922,204.94193594796317,0.7514961957931519,0.7517476081848145,0.006760126445442438,0.7391161692142486,0.7403194427490234,0.741817981004715,0.7468004673719406,0.7517476081848145,0.7561497539281845,0.7584277033805847,0.7631384700536727,0.7669495320320129
20748,-0.7518179416656494,166.17568969726562,231.36732482910156,203.9475337437221,0.7518180012702942,0.751970648765564,0.006852859631180763,0.7396073174476624,0.740504801273346,0.741817981004715,0.747068002820015,0.751970648765564,0.756663903594017,0.7593856990337372,0.7631384700536727,0.7669495320320129
20839,-0.7520886659622192,165.71482849121094,231.2764129638672,202.8922838483538,0.752088725566864,0.7526113986968994,0.00689376424998045,0.7396073174476624,0.740504801273346,0.7420868456363678,0.747068002820015,0.7526113986968994,0.7572354823350906,0.7594508409500123,0.7631384700536727,0.7669495320320129
20930,-0.7523655295372009,165.26077270507812,231.19252014160156,201.8427254813058,0.7523656487464905,0.753216564655304,0.006925672758370638,0.7396073174476624,0.740504801273346,0.7425383865833283,0.7471264004707336,0.753216564655304,0.7574656158685684,0.7595727622509003,0.7633656948804856,0.7669495320320129
21021,-0.7527644038200378,164.79843139648438,231.0796356201172,200.80106244768416,0.7527645230293274,0.7532891631126404,0.006832323968410492,0.7396073174476624,0.740504801273346,0.7431268215179443,0.7479924708604813,0.7532891631126404,0.7577797472476959,0.7602778196334838,0.7633656948804856,0.7669696390628814
21112,-0.7530707120895386,164.35777282714844,230.9936981201172,199.77301897321428,0.7530707716941833,0.7532891631126404,0.006899932865053415,0.7400985455513001,0.740504801273346,0.7431268215179443,0.7482719123363495,0.7532891631126404,0.7577797472476959,0.7615164995193482,0.7641497313976288,0.7670550382137299
21203,-0.7534506916999817,163.9453887939453,230.97723388671875,198.72537667410714,0.7534505724906921,0.7543119192123413,0.0068155378103256226,0.7403150224685668,0.7424768745899201,0.744298005104065,0.7485582232475281,0.7543119192123413,0.758074089884758,0.7619643211364746,0.7641497313976288,0.7670550382137299
21294,-0.7536662220954895,163.5284423828125,230.9312744140625,197.72642953055245,0.7536662220954895,0.7543119192123413,0.0066643389873206615,0.7413221192359924,0.7426528066396714,0.7446494281291962,0.7492417246103287,0.7543119192123413,0.758074089884758,0.7620930671691895,0.7643739461898804,0.7672285234928131
21385,-0.7542187571525574,163.13633728027344,230.91453552246094,196.72965567452567,0.7542188167572021,0.7544600963592529,0.00661108922213316,0.7426480567455291,0.7435845553874969,0.7466235756874084,0.7494521886110306,0.7544600963592529,0.7586894333362579,0.7622280776500702,0.7665419757366181,0.7684935057163238
21476,-0.7545773983001709,162.71298217773438,230.87802124023438,195.6708483014788,0.7545773983001709,0.7546481490135193,0.006563968025147915,0.7426863086223602,0.7437814950942994,0.7467913329601288,0.749800056219101,0.7546481490135193,0.7586894333362579,0.7622862815856933,0.7665419757366181,0.7691991877555847
21567,-0.7547381520271301,162.30345153808594,230.8623504638672,194.6566380092076,0.7547382116317749,0.755194902420044,0.006531183607876301,0.7431510138511658,0.7440296173095703,0.7467913329601288,0.7499775439500809,0.755194902420044,0.7586894333362579,0.7628814280033112,0.7665419757366181,0.7691991877555847
21658,-0.755125105381012,161.84046936035156,230.73529052734375,193.61511012486048,0.755125105381012,0.7553529739379883,0.006405851803719997,0.7433762621879577,0.7448850125074387,0.7468609631061554,0.7504403442144394,0.7553529739379883,0.7589419931173325,0.7628814280033112,0.7665419757366181,0.7694005358219147
21749,-0.7554662823677063,161.39283752441406,230.60205078125,192.60812377929688,0.7554664015769958,0.7556807100772858,0.00637784693390131,0.7433762621879577,0.7450163811445236,0.7475360870361328,0.7506089955568314,0.7556807100772858,0.7591769397258759,0.7634170830249787,0.7665419757366181,0.7694005358219147
21840,-0.7558056712150574,161.00201416015625,230.57275390625,191.62713405064173,0.7558056116104126,0.7559755444526672,0.006457852199673653,0.7439667367935181,0.745798060297966,0.7477409064769744,0.7508394420146942,0.7559755444526672,0.7593907415866852,0.7634170830249787,0.7669532388448715,0.7708642780780792
21931,-0.7559724450111389,160.552490234375,230.45297241210938,190.60109383719308,0.7559724450111389,0.7559755444526672,0.006556025240570307,0.7439667367935181,0.745798060297966,0.7477409064769744,0.7508394420146942,0.7559755444526672,0.7599741667509079,0.7643134593963623,0.7669532388448715,0.7710936057567597
22022,-0.7562371492385864,160.1507110595703,230.4022979736328,189.60540335518974,0.7562370896339417,0.7562708854675293,0.006562530528753996,0.7439667367935181,0.745798060297966,0.7477409064769744,0.7510727494955063,0.7562708854675293,0.7602616250514984,0.7644470512866974,0.7669532388448715,0.7710936057567597
22113,-0.7565748691558838,159.7626953125,230.359375,188.64074925013952,0.756574809551239,0.7566394209861755,0.00670717703178525,0.7439667367935181,0.745798060297966,0.7481387853622437,0.7511371374130249,0.7566394209861755,0.7613280415534973,0.765229994058609,0.7669532388448715,0.7724300265312195
22204,-0.756878674030304,159.3776092529297,230.30316162109375,187.6668199811663,0.7568786144256592,0.7571265697479248,0.006646544672548771,0.7452140510082245,0.7460025727748871,0.7481387853622437,0.7513157725334167,0.7571265697479248,0.7613545656204224,0.765229994058609,0.7669532388448715,0.7724300265312195
22295,-0.7572419047355652,158.9309844970703,230.18838500976562,186.6209237234933,0.7572418451309204,0.7573544681072235,0.006720962934195995,0.7452140510082245,0.7460025727748871,0.7481387853622437,0.7524996846914291,0.7573544681072235,0.762201800942421,0.7659964442253113,0.767070060968399,0.7724863457679748
22386,-0.7575131058692932,158.52734375,230.10296630859375,185.63916233607702,0.7575131058692932,0.7575898766517639,0.006716439034789801,0.745824990272522,0.7460052907466889,0.7485105931758881,0.7527645230293274,0.7575898766517639,0.762201800942421,0.7665550649166107,0.767070060968399,0.7724953293800354
22477,-0.7578586935997009,158.12513732910156,230.0715789794922,184.61443219866072,0.7578587532043457,0.7577633261680603,0.006770316977053881,0.7458350813388824,0.7460052907466889,0.74991215467453,0.7527645230293274,0.7577633261680603,0.7625358700752258,0.766703850030899,0.7672142267227173,0.7724953293800354
22568,-0.7581802010536194,157.70726013183594,229.96273803710938,183.62059456961495,0.7581802606582642,0.7581629753112793,0.006841370370239019,0.7458350813388824,0.7460052907466889,0.7499516189098359,0.7529283612966537,0.7581629753112793,0.7631724625825882,0.7669552266597748,0.7680950194597245,0.7724953293800354
22659,-0.7585586309432983,157.29229736328125,229.82318115234375,182.6837899344308,0.7585587501525879,0.7586480379104614,0.006622792687267065,0.7464831709861756,0.7472138285636902,0.750167578458786,0.7535538673400879,0.7586480379104614,0.7632098644971848,0.7671510815620423,0.7680950194597245,0.7724953293800354
22750,-0.7587559223175049,156.8887939453125,229.745361328125,181.70807538713728,0.7587558627128601,0.7586480379104614,0.006617298815399408,0.7464831709861756,0.7472138285636902,0.7502502977848053,0.7537796050310135,0.7586480379104614,0.7638411819934845,0.7671510815620423,0.7680950194597245,0.7724953293800354
22841,-0.75900799036026,156.51580810546875,229.68592834472656,180.7594713483538,0.7590080499649048,0.7586480379104614,0.0064902217127382755,0.7471994864940643,0.7488186299800873,0.750554084777832,0.7541337013244629,0.7586480379104614,0.76416976749897,0.7671943128108978,0.7680950194597245,0.7724953293800354
22932,-0.7592790126800537,156.13626098632812,229.60546875,179.80985369001115,0.7592790722846985,0.7594456672668457,0.006475483067333698,0.7474626433849335,0.7489855170249939,0.7505659639835358,0.754369705915451,0.7594456672668457,0.7644328773021698,0.7672616064548492,0.7688695102930069,0.7724953293800354
23023,-0.7594378590583801,155.73641967773438,229.4750518798828,178.88544355119978,0.7594378590583801,0.7595843970775604,0.006485990714281797,0.7474626433849335,0.7489855170249939,0.7506265103816986,0.7547270953655243,0.7595843970775604,0.7644328773021698,0.7673592925071716,0.7689780592918396,0.7727736067771912
23114,-0.7597215175628662,155.34719848632812,229.42271423339844,177.90616934640067,0.7597215175628662,0.7599601149559021,0.006415533367544413,0.748844392299652,0.7498757034540177,0.7511535525321961,0.7547270953655243,0.7599601149559021,0.7644328773021698,0.7684904575347901,0.7692646920681,0.7727736067771912
23205,-0.7600054740905762,154.92787170410156,229.2203826904297,176.98709542410714,0.7600055932998657,0.7599601149559021,0.006477719638496637,0.748844392299652,0.7498757034540177,0.7516197085380554,0.7548605650663376,0.7599601149559021,0.764888197183609,0.7685005784034729,0.7692646920681,0.7728095650672913
23296,-0.7603371739387512,154.5496826171875,229.11558532714844,176.05878557477678,0.7603372931480408,0.7599601149559021,0.00651404308155179,0.7488527131080628,0.7509297817945481,0.7519694089889526,0.7550905048847198,0.7599601149559021,0.7651587724685669,0.7686663091182708,0.770337375998497,0.7740282261371613
23387,-0.7607104182243347,154.1980743408203,229.05982971191406,175.15471758161272,0.7607103586196899,0.7603334486484528,0.006469103042036295,0.7488527131080628,0.7509722590446473,0.7522516191005707,0.7550905048847198,0.7603334486484528,0.7651587724685669,0.7686663091182708,0.7710145890712738,0.7740303456783295
23478,-0.7609090805053711,153.859619140625,229.08982849121094,174.2008536202567,0.7609092593193054,0.760877937078476,0.006432577036321163,0.7488527131080628,0.751162987947464,0.7522516191005707,0.7556803524494171,0.760877937078476,0.7653974145650864,0.7686663091182708,0.7710145890712738,0.7740303456783295
23569,-0.761282205581665,153.48919677734375,229.02609252929688,173.2434823172433,0.761282205581665,0.7614842057228088,0.006476834416389465,0.7488655257225036,0.7511653661727905,0.7522516191005707,0.7564089000225067,0.7614842057228088,0.7658059895038605,0.7686663091182708,0.771942549943924,0.7740386617183685
23660,-0.7616369724273682,153.13380432128906,228.95436096191406,172.3336225237165,0.7616370320320129,0.7618877291679382,0.0064539979211986065,0.7488655257225036,0.7512912780046463,0.7529136776924134,0.7566830962896347,0.7618877291679382,0.7668842226266861,0.7691900610923768,0.771942549943924,0.7740386617183685
23751,-0.7621682286262512,152.76580810546875,228.84539794921875,171.4642094203404,0.7621683478355408,0.7619679272174835,0.006360083818435669,0.7510001361370087,0.7521497249603272,0.7531067967414856,0.7572650015354156,0.7619679272174835,0.7669578492641449,0.7692479014396667,0.7719589412212372,0.7758541584014893
23842,-0.7623654007911682,152.36949157714844,228.69955444335938,170.55106026785714,0.7623654007911682,0.7622324526309967,0.006360038183629513,0.7510001361370087,0.7522433251142502,0.7540118038654328,0.7572650015354156,0.7622324526309967,0.7670837789773941,0.7692788064479827,0.7723463416099549,0.7759573149681092
23933,-0.7626713514328003,151.97976684570312,228.57460021972656,169.6108158656529,0.7626713514328003,0.7634100019931793,0.0063502248376607895,0.751004877090454,0.7530512988567353,0.7545288562774658,0.7572650015354156,0.7634100019931793,0.7671674191951752,0.7695992887020111,0.7724346190690994,0.7759573149681092
24024,-0.7630540132522583,151.62350463867188,228.4839630126953,168.713139125279,0.7630541324615479,0.7634331583976746,0.006212486419826746,0.7527273607254028,0.7534496307373046,0.7549507856369019,0.7581935822963715,0.7634331583976746,0.7676255404949188,0.7702478170394897,0.7724346190690994,0.777973085641861
24115,-0.7632713317871094,151.25157165527344,228.38739013671875,167.8062242780413,0.7632713317871094,0.7634376883506775,0.006153378635644913,0.7527273607254028,0.7540182411670685,0.7550151705741882,0.7585601061582565,0.7634376883506775,0.7677479982376099,0.7704776227474213,0.7724346190690994,0.777973085641861
24206,-0.7633700370788574,150.91146850585938,228.30999755859375,166.93802097865515,0.7633700370788574,0.7634376883506775,0.0061049810610711575,0.7527508962154389,0.7540182411670685,0.7550151705741882,0.7587943375110626,0.7634376883506775,0.7678242623806,0.7704776227474213,0.7724346190690994,0.777973085641861
24297,-0.7636256217956543,150.544677734375,228.1889190673828,166.04183959960938,0.7636256217956543,0.7639996409416199,0.006096294615417719,0.7527834725379944,0.7540182411670685,0.7551858961582184,0.759312629699707,0.7639996409416199,0.7678870260715485,0.7704776227474213,0.7724346190690994,0.777973085641861
24388,-0.7638605833053589,150.18544006347656,228.09237670898438,165.1460898263114,0.7638607025146484,0.7643111646175385,0.0060842446982860565,0.7527834725379944,0.7540182411670685,0.7551858961582184,0.7596549093723297,0.7643111646175385,0.76835897564888,0.7704776227474213,0.7724346190690994,0.777973085641861
24479,-0.7641741633415222,149.86386108398438,228.06390380859375,164.2642081124442,0.7641743421554565,0.7647997140884399,0.006203389726579189,0.752853524684906,0.7540182411670685,0.7551858961582184,0.7601964473724365,0.7647997140884399,0.7684459388256073,0.7707241415977478,0.7744216322898865,0.777973085641861
24570,-0.7644956707954407,149.55084228515625,228.0386199951172,163.40027073451452,0.7644957900047302,0.7649372518062592,0.0063636414706707,0.752853524684906,0.7540182411670685,0.7551858961582184,0.7601964473724365,0.7649372518062592,0.7687079012393951,0.7709035217761994,0.7744848221540451,0.7780185961723327
24661,-0.7648640275001526,149.24444580078125,228.00904846191406,162.56243896484375,0.7648641467094421,0.7650987803936005,0.006259893998503685,0.7531852078437805,0.754677364230156,0.7559768438339234,0.7606874704360962,0.7650987803936005,0.7692342102527618,0.771684217453003,0.7745601892471313,0.7780185961723327
24752,-0.7650745511054993,148.88934326171875,227.8829345703125,161.69756644112724,0.765074610710144,0.76533043384552,0.006329063791781664,0.7531865108013153,0.754677364230156,0.7559807896614075,0.7607307434082031,0.76533043384552,0.7695790529251099,0.7720415413379669,0.7752511203289032,0.7780185961723327
24843,-0.7652702331542969,148.55799865722656,227.80111694335938,160.84006827218192,0.7652702927589417,0.7653942704200745,0.0062494464218616486,0.7543544745445252,0.7551783293485641,0.7560370683670044,0.7607307434082031,0.7653942704200745,0.7699070274829865,0.772274112701416,0.7752511203289032,0.7780185961723327
24934,-0.7655308246612549,148.2234649658203,227.72691345214844,159.95293971470423,0.7655307650566101,0.7655083239078522,0.006253691390156746,0.7543544745445252,0.7551862329244614,0.7565710663795471,0.7609312236309052,0.7655083239078522,0.7700349986553192,0.772439855337143,0.7752511203289032,0.778976503610611
25025,-0.7657874226570129,147.937744140625,227.73538208007812,159.1083766392299,0.7657873630523682,0.765735536813736,0.006211618427187204,0.7544853186607361,0.7555753290653229,0.757303512096405,0.7613295912742615,0.765735536813736,0.7702044248580933,0.7727399110794068,0.7752511203289032,0.778976503610611
25116,-0.765946090221405,147.6265411376953,227.6875,158.27251543317522,0.7659460306167603,0.7660174071788788,0.00618802709504962,0.7544853186607361,0.7555753290653229,0.7578430533409118,0.7613476812839508,0.7660174071788788,0.7702044248580933,0.7727399110794068,0.7752511203289032,0.7790033674240112
25207,-0.7661625742912292,147.30560302734375,227.58627319335938,157.46113804408483,0.7661625742912292,0.7662281692028046,0.0062625827267766,0.7544940602779389,0.755951201915741,0.7578430533409118,0.7613476812839508,0.7662281692028046,0.7707551270723343,0.7734369218349457,0.7755883753299713,0.7790033674240112
25298,-0.7663952708244324,146.9901123046875,227.52627563476562,156.61477661132812,0.7663952708244324,0.7662281692028046,0.006232975050806999,0.7544940602779389,0.755951201915741,0.7587401449680329,0.7615088373422623,0.7662281692028046,0.7709449827671051,0.7734369218349457,0.7759311348199844,0.7790033674240112
25389,-0.7665801644325256,146.61172485351562,227.3447723388672,155.73367745535714,0.7665802240371704,0.7663447558879852,0.006186844315379858,0.7544940602779389,0.7571077048778534,0.75925332903862,0.7616886049509048,0.7663447558879852,0.7709449827671051,0.7740231335163117,0.7759311348199844,0.7790033674240112
25480,-0.7668359279632568,146.27239990234375,227.23402404785156,154.86612592424666,0.7668359279632568,0.7669153213500977,0.00630557956174016,0.7544991981983185,0.7576131582260132,0.75925332903862,0.7616886049509048,0.7669153213500977,0.7712641358375549,0.7745491027832031,0.7774348616600036,0.7790033674240112
25571,-0.7670546770095825,145.97982788085938,227.18807983398438,154.0413338797433,0.7670546174049377,0.7670500576496124,0.006227314472198486,0.7567521703243255,0.7576131582260132,0.75925332903862,0.762132540345192,0.7670500576496124,0.7713505625724792,0.7745491027832031,0.7774348616600036,0.7790033674240112
25662,-0.7673727869987488,145.64122009277344,227.08558654785156,153.1713627406529,0.7673729062080383,0.7674969732761383,0.006050720810890198,0.7567941761016845,0.7578880786895752,0.7594826519489288,0.7626460492610931,0.7674969732761383,0.7715563178062439,0.7745491027832031,0.7774348616600036,0.7790033674240112
25753,-0.7676749229431152,145.34107971191406,227.04966735839844,152.33619035993303,0.7676748633384705,0.7677927613258362,0.0060903700068593025,0.7567941761016845,0.7578880786895752,0.759750247001648,0.7628680765628815,0.7677927613258362,0.7723565101623535,0.7747378766536712,0.7774348616600036,0.7790046322345734
25844,-0.767922043800354,145.05838012695312,227.0298614501953,151.49457659040178,0.767922043800354,0.768073558807373,0.006094693206250668,0.7567941761016845,0.7578880786895752,0.7602729201316833,0.7636301517486572,0.768073558807373,0.7724294066429138,0.7754276335239411,0.7774348616600036,0.7808353984355927
25935,-0.7681553363800049,144.72601318359375,226.8740234375,150.6753932407924,0.7681552171707153,0.768073558807373,0.006145608611404896,0.7567941761016845,0.7579610109329223,0.7603204727172852,0.7636301517486572,0.768073558807373,0.7727593332529068,0.7756375968456268,0.7774348616600036,0.7808353984355927
26026,-0.7682934403419495,144.42538452148438,226.809814453125,149.87147303989954,0.7682933211326599,0.768073558807373,0.006167884916067123,0.7567941761016845,0.7579610109329223,0.7603204727172852,0.7637990266084671,0.768073558807373,0.772847905755043,0.775839114189148,0.7776995748281479,0.7808353984355927
26117,-0.7684539556503296,144.142333984375,226.7545623779297,149.09725952148438,0.76845383644104,0.7681020200252533,0.006063943263143301,0.7571428990364075,0.7590851336717606,0.7606407582759858,0.7637990266084671,0.7681020200252533,0.7728859484195709,0.7759581506252289,0.7776995748281479,0.7808353984355927
26208,-0.7686372995376587,143.83798217773438,226.67213439941406,148.28089686802454,0.7686370611190796,0.7683163583278656,0.005996601656079292,0.7572363662719727,0.7590851336717606,0.7607544839382172,0.7644415646791458,0.7683163583278656,0.7730885744094849,0.7759581506252289,0.7776995748281479,0.7808353984355927
26299,-0.7689010500907898,143.55995178222656,226.6298370361328,147.4792720249721,0.7689009308815002,0.7685660719871521,0.006078994832932949,0.7572363662719727,0.7590851336717606,0.7608537256717682,0.7648185938596725,0.7685660719871521,0.7733061909675598,0.7764720618724823,0.777706292271614,0.7808353984355927
26390,-0.7690759301185608,143.26516723632812,226.55165100097656,146.669677734375,0.7690757513046265,0.7685660719871521,0.006103310268372297,0.7573838233947754,0.7592695951461792,0.7608537256717682,0.7651935368776321,0.7685660719871521,0.7735694199800491,0.7764720618724823,0.7797247350215912,0.7808353984355927
26481,-0.7693694829940796,142.96058654785156,226.45639038085938,145.8569575718471,0.76936936378479,0.7692120373249054,0.006026532035320997,0.757978230714798,0.7597302854061126,0.7611786663532257,0.7651935368776321,0.7692120373249054,0.7735694199800491,0.7765748679637909,0.7797247350215912,0.7808409547805786
26572,-0.769599199295044,142.63748168945312,226.3134307861328,145.07122148786272,0.7695991396903992,0.7695034444332123,0.006030566059052944,0.757978230714798,0.7599551975727081,0.7612843811511993,0.7653895318508148,0.7695034444332123,0.7738162875175476,0.7765748679637909,0.7797247350215912,0.7808576548099517
26663,-0.7698696851730347,142.3139190673828,226.1803436279297,144.2571084158761,0.7698696851730347,0.7697807550430298,0.006065914873033762,0.757978230714798,0.7601310282945632,0.7612843811511993,0.7655526548624039,0.7697807550430298,0.7740186452865601,0.7772246837615967,0.7801048398017884,0.7809710335731507
26754,-0.7699759006500244,141.9717559814453,226.01934814453125,143.41960797991072,0.7699757218360901,0.7697807550430298,0.006096562370657921,0.7579794549942016,0.7601310282945632,0.7612843811511993,0.7655526548624039,0.7697807550430298,0.7742135226726532,0.7772246837615967,0.7801048398017884,0.7809710335731507
26845,-0.7702004909515381,141.69705200195312,225.95770263671875,142.6496800013951,0.7702003717422485,0.7699236571788788,0.006123767234385014,0.7589701795578003,0.7601310282945632,0.7614594995975494,0.7657219618558884,0.7699236571788788,0.7744123637676239,0.7772246837615967,0.7808223992586136,0.782158852815628
26936,-0.7703361511230469,141.4558868408203,225.9950714111328,141.88097054617745,0.7703360915184021,0.77012500166893,0.00605036923661828,0.7589793252944946,0.7607387751340866,0.762115752696991,0.7657219618558884,0.77012500166893,0.7744123637676239,0.7772835671901703,0.7808223992586136,0.782158852815628
27027,-0.7706885933876038,141.18736267089844,225.94210815429688,141.11480058942522,0.770688533782959,0.7706405520439148,0.006049809977412224,0.7589793252944946,0.7607387751340866,0.7626127898693085,0.7664776742458344,0.7706405520439148,0.7748674154281616,0.7779621839523315,0.7808632254600525,0.782158852815628
27118,-0.7707953453063965,140.92697143554688,225.9149932861328,140.32661655970983,0.7707952857017517,0.7706405520439148,0.006021282635629177,0.7589793252944946,0.7607387751340866,0.7626127898693085,0.7668597102165222,0.7706405520439148,0.7748674154281616,0.7779621839523315,0.7808632254600525,0.7821728539466858
27209,-0.7711288332939148,140.68190002441406,225.89398193359375,139.5983625139509,0.7711288332939148,0.7711561322212219,0.005949011538177729,0.7600454413890838,0.7609394669532776,0.7629350304603577,0.7670192867517471,0.7711561322212219,0.7753978669643402,0.7779621839523315,0.7809342235326767,0.7821728539466858
27300,-0.7713616490364075,140.41014099121094,225.83486938476562,138.8156999860491,0.7713617086410522,0.7713145911693573,0.005912334192544222,0.7603752279281616,0.761962154507637,0.762994784116745,0.7675370872020721,0.7713145911693573,0.7758480906486511,0.7795680880546569,0.7809719949960708,0.7821728539466858
27391,-0.7715566754341125,140.13015747070312,225.752685546875,138.0582013811384,0.7715566158294678,0.771626740694046,0.0058568320237100124,0.7616094100475311,0.7621240794658661,0.7631927251815795,0.7675370872020721,0.771626740694046,0.775895744562149,0.7795680880546569,0.7810497045516968,0.7825278270244599
27482,-0.7717164158821106,139.86090087890625,225.7007293701172,137.2769317626953,0.7717165350914001,0.7716827392578125,0.005851545371115208,0.7616094100475311,0.7621240794658661,0.7632177829742431,0.7679334580898285,0.7716827392578125,0.775895744562149,0.7795680880546569,0.7810497045516968,0.7835727155208587
27573,-0.7718377709388733,139.57574462890625,225.60589599609375,136.5048086983817,0.7718378305435181,0.7718766629695892,0.005819754209369421,0.7616122400760651,0.7621240794658661,0.7632177829742431,0.7679334580898285,0.7718766629695892,0.7760235816240311,0.7795680880546569,0.7810497045516968,0.78377556681633
27664,-0.7719734311103821,139.27896118164062,225.4459686279297,135.77220589773995,0.7719734907150269,0.7719004154205322,0.00585539173334837,0.7617519950866699,0.7621240794658661,0.7632177829742431,0.7679334580898285,0.7719004154205322,0.7766640931367874,0.7795680880546569,0.7813256919384003,0.7840310108661651
27755,-0.77217698097229,139.0729522705078,225.51600646972656,135.02170889718192,0.77217698097229,0.7722230553627014,0.005821498576551676,0.7617519950866699,0.7627295106649399,0.7635806918144226,0.7682057619094849,0.7722230553627014,0.776673287153244,0.7797401309013366,0.7813256919384003,0.7840399706363678
27846,-0.7723245024681091,138.82211303710938,225.45468139648438,134.3204803466797,0.7723245024681091,0.7724617421627045,0.005923955701291561,0.7617519950866699,0.7627295106649399,0.7635806918144226,0.7682057619094849,0.7724617421627045,0.7766868323087692,0.780860960483551,0.781342339515686,0.7840475142002106
27937,-0.7724257707595825,138.59251403808594,225.41371154785156,133.63549150739397,0.7724257111549377,0.7727356851100922,0.005938628688454628,0.7617519950866699,0.7627295106649399,0.7635806918144226,0.7682057619094849,0.7727356851100922,0.7767453193664551,0.780860960483551,0.7819999754428864,0.7840475142002106
28028,-0.7725990414619446,138.31932067871094,225.310546875,132.90635899135046,0.7725990414619446,0.7727356851100922,0.005884882062673569,0.7617535650730133,0.7631671100854873,0.7642505645751954,0.7683458626270294,0.7727356851100922,0.7769136279821396,0.780860960483551,0.7819999754428864,0.7840475142002106
28119,-0.7727309465408325,138.07752990722656,225.2608642578125,132.22181483677454,0.7727309465408325,0.7730188965797424,0.0059265694580972195,0.7617535650730133,0.7631671100854873,0.7642505645751954,0.7684800624847412,0.7730188965797424,0.7770137935876846,0.780860960483551,0.7820400089025498,0.7840530169010163
28210,-0.7729999423027039,137.77186584472656,225.1172637939453,131.45447431291853,0.7729998826980591,0.7737405896186829,0.0058970097452402115,0.7622758662700653,0.7632437944412231,0.7642790496349334,0.7686139345169067,0.7737405896186829,0.777423232793808,0.780860960483551,0.7820400089025498,0.7840530169010163
28301,-0.7731489539146423,137.5402069091797,225.10484313964844,130.7330562046596,0.7731488943099976,0.7737405896186829,0.005942498333752155,0.7622758662700653,0.7633794665336608,0.7648449957370758,0.7686830163002014,0.7737405896186829,0.7776010781526566,0.780860960483551,0.7820872157812119,0.7840530169010163
28392,-0.7732735276222229,137.296875,225.07554626464844,129.96996307373047,0.7732734680175781,0.7738286554813385,0.005971213337033987,0.7622758662700653,0.7633794665336608,0.7648449957370758,0.7689240127801895,0.7738286554813385,0.7777366638183594,0.7808906257152557,0.7820872157812119,0.7840644133090973
28483,-0.7734476923942566,137.0695343017578,225.03306579589844,129.28637913295202,0.7734476327896118,0.7741327881813049,0.005985346157103777,0.7622758662700653,0.763600641489029,0.7651582777500152,0.7691866457462311,0.7741327881813049,0.7781145423650742,0.7809387266635894,0.7820872157812119,0.7840644133090973
28574,-0.7736718654632568,136.80865478515625,224.91639709472656,128.60575648716517,0.7736718058586121,0.7742175161838531,0.005925437901169062,0.7629512500762939,0.7638023376464844,0.7653102517127991,0.769425630569458,0.7742175161838531,0.7783946245908737,0.7809387266635894,0.7820921421051026,0.7840644133090973
28665,-0.773798942565918,136.52357482910156,224.75149536132812,127.9202161516462,0.7737988829612732,0.7743124067783356,0.005904807709157467,0.7629860055446624,0.7639140367507935,0.7653102517127991,0.7694294154644012,0.7743124067783356,0.7783946245908737,0.7809387266635894,0.7826613873243332,0.7840644133090973
28756,-0.7739576697349548,136.27252197265625,224.67733764648438,127.18343026297433,0.7739576697349548,0.7744821012020111,0.005900347605347633,0.7629860055446624,0.7639777839183808,0.7653102517127991,0.7694294154644012,0.7744821012020111,0.7785248160362244,0.7809387266635894,0.7826613873243332,0.784071182012558
28847,-0.7740973234176636,136.03282165527344,224.61175537109375,126.46222468784877,0.7740973830223083,0.7744821012020111,0.005914638750255108,0.7632100701332092,0.7639777839183808,0.7653511047363282,0.7694294154644012,0.7744821012020111,0.7788075059652328,0.7809387266635894,0.7826838433742523,0.784071182012558
28938,-0.774308443069458,135.77587890625,224.508544921875,125.74187251499721,0.774308443069458,0.7747602164745331,0.005836114287376404,0.7633867251873017,0.7646913051605224,0.766095507144928,0.7699522376060486,0.7747602164745331,0.7788469046354294,0.7810286760330201,0.7826838433742523,0.784071182012558
29029,-0.7744738459587097,135.5308837890625,224.474853515625,124.9965079171317,0.7744739651679993,0.7749453783035278,0.005852964241057634,0.7633867251873017,0.7646913051605224,0.766095507144928,0.7699522376060486,0.7749453783035278,0.7792050391435623,0.7810286760330201,0.7827033698558807,0.7844033741950989
29120,-0.7746302485466003,135.31214904785156,224.46389770507812,124.27915954589844,0.7746303081512451,0.775143176317215,0.005836294963955879,0.7636476540565491,0.7646950781345367,0.766095507144928,0.770033061504364,0.775143176317215,0.7792819142341614,0.7811015367507934,0.7827033698558807,0.7846296644210815
29211,-0.7748682498931885,135.06277465820312,224.3711700439453,123.56097848074776,0.7748681902885437,0.7752344012260437,0.005954918451607227,0.7636476540565491,0.7647237300872802,0.7662512302398682,0.7709601521492004,0.7752344012260437,0.7793904691934586,0.7812315702438355,0.784270179271698,0.7868695437908173
29302,-0.7750208377838135,134.8355255126953,224.3228759765625,122.85171399797711,0.7750208973884583,0.7753573358058929,0.0060162171721458435,0.7636476540565491,0.7647237300872802,0.766478979587555,0.7709617614746094,0.7753573358058929,0.7796278893947601,0.7813399314880372,0.784270179271698,0.7870342528820038
29393,-0.7752317786216736,134.60708618164062,224.26625061035156,122.15465109688895,0.7752317190170288,0.7754181921482086,0.005888229701668024,0.7637642097473144,0.7655277609825134,0.7670773446559906,0.7712495923042297,0.7754181921482086,0.7796278893947601,0.782037353515625,0.784270179271698,0.7870342528820038
29484,-0.7754201889038086,134.3994903564453,224.2561492919922,121.46859632219586,0.7754201292991638,0.7754424810409546,0.00596191780641675,0.7637642097473144,0.7655277609825134,0.7674424767494201,0.7712830603122711,0.7754424810409546,0.7799810171127319,0.7820668935775756,0.785160118341446,0.7870342528820038
29575,-0.7755469083786011,134.18994140625,224.24546813964844,120.75521523611886,0.7755468487739563,0.7754625678062439,0.005954194348305464,0.7642881488800048,0.765534782409668,0.7676161229610443,0.771396815776825,0.7754625678062439,0.780364453792572,0.7820668935775756,0.785160118341446,0.7870342528820038
29666,-0.7756988406181335,133.94712829589844,224.13742065429688,120.09103175571987,0.7756987810134888,0.7754625678062439,0.0059684705920517445,0.7642912614345551,0.7656881988048554,0.7676161229610443,0.771396815776825,0.7754625678062439,0.7805256396532059,0.7820668935775756,0.785160118341446,0.7870342528820038
29757,-0.775845468044281,133.70948791503906,224.07008361816406,119.41351863316127,0.7758454084396362,0.7756026983261108,0.0059488629922270775,0.7642912614345551,0.7660591900348663,0.7677589356899261,0.771396815776825,0.7756026983261108,0.7805492132902145,0.7821907520294189,0.785160118341446,0.7870342528820038
29848,-0.7759666442871094,133.4803466796875,224.00030517578125,118.74658639090401,0.7759665846824646,0.7756026983261108,0.005936113186180592,0.7645713496208191,0.7660591900348663,0.7677589356899261,0.771396815776825,0.7756026983261108,0.7807947099208832,0.7821931660175323,0.7852750658988953,0.7870342528820038
29939,-0.77608323097229,133.26686096191406,223.9658203125,118.0467027936663,0.77608323097229,0.7758564352989197,0.005927692167460918,0.7646108496189118,0.7660591900348663,0.7677729368209839,0.7714667469263077,0.7758564352989197,0.7808654308319092,0.7827509582042694,0.7852750658988953,0.7871666157245636
30030,-0.7761810421943665,133.04978942871094,223.9156951904297,117.36129869733539,0.7761810421943665,0.776330828666687,0.005916430149227381,0.7646108496189118,0.7660670876502991,0.7680359542369842,0.7714667469263077,0.776330828666687,0.7808912694454193,0.7833460927009582,0.7852750658988953,0.787226722240448
30121,-0.7763038277626038,132.7769775390625,223.75062561035156,116.66398184640067,0.7763038873672485,0.7768117189407349,0.005902871023863554,0.7648388338088989,0.7660670876502991,0.7681411623954773,0.7716792672872543,0.7768117189407349,0.7808912694454193,0.7833460927009582,0.7852750658988953,0.787226722240448
30212,-0.7764919996261597,132.51087951660156,223.59463500976562,115.97126225062779,0.7764919996261597,0.7771533727645874,0.0058883680030703545,0.7651218128204346,0.7660670876502991,0.7681411623954773,0.7718306332826614,0.7771533727645874,0.7808912694454193,0.7833971679210663,0.7852750658988953,0.787226722240448
30303,-0.7767425179481506,132.2503204345703,223.447265625,115.27797263009208,0.7767425775527954,0.7775000929832458,0.005828467197716236,0.7657291340827942,0.7667597770690918,0.7684705376625061,0.7720407396554947,0.7775000929832458,0.7810097485780716,0.7833971679210663,0.7861952126026154,0.7877688229084014
30394,-0.7768778800964355,132.0054473876953,223.345947265625,114.57040841238839,0.7768778204917908,0.7775096595287323,0.00587962381541729,0.7657291340827942,0.7667597770690918,0.7686217606067658,0.7720407396554947,0.7775096595287323,0.7812404185533524,0.7836825489997864,0.7861952126026154,0.7877688229084014
30485,-0.7770400047302246,131.8067626953125,223.32606506347656,113.89095197405133,0.7770399451255798,0.7776498794555664,0.005930530373007059,0.765804135799408,0.767017412185669,0.7686217606067658,0.7720407396554947,0.7776498794555664,0.7815559059381485,0.7836825489997864,0.7861952126026154,0.7877804529666901
30576,-0.777134358882904,131.58131408691406,223.21519470214844,113.2381820678711,0.7771344780921936,0.7777301669120789,0.005937257781624794,0.765804135799408,0.767017412185669,0.7686470925807953,0.7727041244506836,0.7777301669120789,0.781970739364624,0.7841076672077179,0.7861952126026154,0.7877804529666901
30667,-0.7772588133811951,131.39193725585938,223.1978759765625,112.57928030831474,0.7772588133811951,0.777897834777832,0.005886600818485022,0.766311583518982,0.767017412185669,0.7686470925807953,0.7730453908443451,0.777897834777832,0.781970739364624,0.7841291487216949,0.7861952126026154,0.7877804529666901
30758,-0.7773885726928711,131.20364379882812,223.18685913085938,111.89840044294085,0.7773885130882263,0.777897834777832,0.005864297971129417,0.766311583518982,0.767017412185669,0.7693718791007995,0.7730453908443451,0.777897834777832,0.781970739364624,0.7842053294181823,0.786257016658783,0.7877804529666901
30849,-0.7775261998176575,130.99661254882812,223.13949584960938,111.2128437587193,0.777526319026947,0.777897834777832,0.005763182416558266,0.7670115113258362,0.7675796508789062,0.7696712672710418,0.7732863426208496,0.777897834777832,0.781970739364624,0.7842053294181823,0.7862729847431182,0.7877804529666901
30940,-0.7776982188224792,130.8166046142578,223.12220764160156,110.59691946847099,0.777698278427124,0.7779920399188995,0.005767948925495148,0.7670115113258362,0.7676339447498322,0.7697544157505035,0.77334363758564,0.7779920399188995,0.781970739364624,0.7842097282409668,0.7866564095020294,0.7877851128578186
31031,-0.7778229117393494,130.58245849609375,223.02963256835938,109.91832842145648,0.7778229713439941,0.7780789136886597,0.005761594977229834,0.767024040222168,0.7676339447498322,0.7697544157505035,0.7736818194389343,0.7780789136886597,0.7820016443729401,0.7843730747699738,0.7866564095020294,0.7877851128578186
31122,-0.7779321074485779,130.36203002929688,222.9210662841797,109.26171221051898,0.7779322266578674,0.7781432271003723,0.005686993710696697,0.7672649645805358,0.7680229902267456,0.770057201385498,0.7738547325134277,0.7781432271003723,0.7824742496013641,0.7843730747699738,0.7866564095020294,0.7877851128578186
31213,-0.7780770063400269,130.13514709472656,222.8151092529297,108.60924748011998,0.7780770063400269,0.778345137834549,0.005599699914455414,0.7672649645805358,0.7680229902267456,0.7702220916748047,0.7741728872060776,0.778345137834549,0.7824742496013641,0.7843730747699738,0.7866564095020294,0.7877855741977692
31304,-0.778206467628479,129.9398956298828,222.74598693847656,108.00874873570034,0.7782065868377686,0.778391033411026,0.0055482033640146255,0.7676287364959716,0.7683315396308898,0.7704050600528717,0.7744115889072418,0.778391033411026,0.7824994027614594,0.7845505535602569,0.7866564095020294,0.7884525871276855
31395,-0.778367280960083,129.74974060058594,222.71803283691406,107.37347412109375,0.7783672213554382,0.7787180244922638,0.005499635823071003,0.7683373546600342,0.7691500157117843,0.7706105530261993,0.7744115889072418,0.7787180244922638,0.7824994027614594,0.7845505535602569,0.7870413601398468,0.7884525871276855
31486,-0.7784615755081177,129.4987030029297,222.5471649169922,106.72917175292969,0.7784615159034729,0.7789020538330078,0.005491630174219608,0.7683373546600342,0.7691500157117843,0.7707044661045075,0.7744115889072418,0.7789020538330078,0.7824994027614594,0.7846680760383606,0.7874731600284577,0.7884525871276855
31577,-0.7785302400588989,129.34890747070312,222.546875,106.16353389195034,0.7785303592681885,0.7790450751781464,0.005499911028891802,0.7686259758472442,0.769153681397438,0.7707044661045075,0.7744115889072418,0.7790450751781464,0.7824994027614594,0.784691572189331,0.7874731600284577,0.7884525871276855
31668,-0.7785734534263611,129.1409454345703,222.45098876953125,105.55756051199776,0.7785734534263611,0.7790450751781464,0.005535866133868694,0.7686259758472442,0.769153681397438,0.7707044661045075,0.7744442522525787,0.7790450751781464,0.7827501744031906,0.7848482012748719,0.7877645909786224,0.7885118758678437
31759,-0.7786728739738464,128.9184112548828,222.32896423339844,104.94501604352679,0.7786728739738464,0.7790450751781464,0.0055402666330337524,0.7686259758472442,0.7691564053297043,0.7707044661045075,0.7744620442390442,0.7790450751781464,0.7830661237239838,0.7848482012748719,0.7877645909786224,0.7885184621810913
31850,-0.7788037657737732,128.7354278564453,222.29061889648438,104.31192343575614,0.7788037657737732,0.7791250944137573,0.005535630043596029,0.7686446070671081,0.7693659752607346,0.7708620846271514,0.7746856361627579,0.7791250944137573,0.7830661237239838,0.7849490344524384,0.7877645909786224,0.7885321509838105
31941,-0.7789384126663208,128.5323028564453,222.21829223632812,103.68595886230469,0.7789384722709656,0.7794986367225647,0.005578016396611929,0.7687698435783387,0.7693659752607346,0.7708620846271514,0.7748662680387497,0.7794986367225647,0.7831743359565735,0.7852132856845856,0.7877645909786224,0.7885365021228791
32032,-0.7790588140487671,128.35707092285156,222.18829345703125,103.08253152029855,0.7790587544441223,0.7794986367225647,0.005564968567341566,0.7687698435783387,0.7693659752607346,0.7708755731582642,0.7751994282007217,0.7794986367225647,0.7831743359565735,0.7852132856845856,0.7877645909786224,0.7885365021228791
32123,-0.779175341129303,128.1804962158203,222.16160583496094,102.45570591517857,0.779175341129303,0.7794986367225647,0.005508603528141975,0.7687698435783387,0.7693659752607346,0.7715862691402435,0.7751994282007217,0.7794986367225647,0.7834111005067825,0.7852132856845856,0.7877645909786224,0.7885365021228791
32214,-0.7793008089065552,128.00022888183594,222.136962890625,101.8229490007673,0.7793008685112,0.7794986367225647,0.005563938990235329,0.7687698435783387,0.7707047462463379,0.7715862691402435,0.7751994282007217,0.7794986367225647,0.7836743593215942,0.7859475791454316,0.7877645909786224,0.788566665649414
32305,-0.7794064283370972,127.8140869140625,222.0722198486328,101.23743329729352,0.7794064283370972,0.7798388600349426,0.005591166205704212,0.7687698435783387,0.7707308650016784,0.7715862691402435,0.7751994282007217,0.7798388600349426,0.783878967165947,0.7859475791454316,0.7882427096366882,0.788566665649414
32396,-0.7795377373695374,127.67371368408203,222.1023406982422,100.60548182896206,0.7795376777648926,0.7798388600349426,0.005626905709505081,0.7693298590183258,0.7707308650016784,0.7715862691402435,0.7751994282007217,0.7798388600349426,0.783878967165947,0.786322146654129,0.7882427096366882,0.7886058604717254
32487,-0.7796409726142883,127.51339721679688,222.09747314453125,99.98179517473493,0.7796409726142883,0.7798388600349426,0.0056411814875900745,0.7693368256092071,0.7707308650016784,0.7716143786907196,0.7752784341573715,0.7798388600349426,0.7844696640968323,0.786322146654129,0.7882427096366882,0.7886069750785828
32578,-0.7798228859901428,127.33061218261719,222.0325164794922,99.40400150844029,0.7798229455947876,0.7805038392543793,0.005641349125653505,0.769379665851593,0.7707308650016784,0.7716143786907196,0.7752784341573715,0.7805038392543793,0.7846003472805023,0.7866804361343384,0.7882427096366882,0.7886069750785828
32669,-0.7799601554870605,127.16435241699219,222.011962890625,98.79910714285714,0.779960036277771,0.7806319296360016,0.005627405364066362,0.769379665851593,0.7707308650016784,0.771829879283905,0.7754413485527039,0.7806319296360016,0.7846971899271011,0.7866804361343384,0.7882427096366882,0.7889757335186005
32760,-0.7800505757331848,126.98277282714844,221.95803833007812,98.19701167515346,0.7800505757331848,0.7808191776275635,0.005635531153529882,0.769379665851593,0.7708041369915009,0.771829879283905,0.7754413485527039,0.7808191776275635,0.7848641127347946,0.7866804361343384,0.7883227884769439,0.7889757335186005
32851,-0.780151903629303,126.86884307861328,222.0166015625,97.6459241594587,0.780151903629303,0.7808385491371155,0.005620780400931835,0.769379665851593,0.7708041369915009,0.7719434082508088,0.775625079870224,0.7808385491371155,0.7849955409765244,0.7868814766407013,0.7883227884769439,0.7889757335186005
32942,-0.780262291431427,126.71202087402344,221.99452209472656,97.03553336007255,0.7802622318267822,0.7809491455554962,0.0056344885379076,0.769379665851593,0.7708041369915009,0.7721872210502625,0.7758683264255524,0.7809491455554962,0.7850314229726791,0.7870495438575744,0.7883227884769439,0.7892358446121216
33033,-0.7803574800491333,126.49921417236328,221.8795166015625,96.41826411655971,0.7803574204444885,0.7809491455554962,0.005656282417476177,0.769379665851593,0.7708041369915009,0.7721872210502625,0.7758683264255524,0.7809491455554962,0.7850852310657501,0.7871091663837433,0.7885094583034515,0.7892358446121216
33124,-0.7804893255233765,126.2820053100586,221.7349395751953,95.81731414794922,0.7804892659187317,0.7815491259098053,0.005649251863360405,0.769379665851593,0.7708041369915009,0.7721872210502625,0.7759130299091339,0.7815491259098053,0.7850959450006485,0.7871279418468475,0.7886400938034057,0.7892358446121216
33215,-0.7806410789489746,126.114990234375,221.68661499023438,95.23372323172433,0.7806410789489746,0.7816926538944244,0.005647399928420782,0.7697794079780579,0.7711622238159179,0.7721872210502625,0.7763862609863281,0.7816926538944244,0.7851061373949051,0.7872546672821045,0.7886400938034057,0.7892435455322265
33306,-0.7807604074478149,125.92735290527344,221.6237030029297,94.61132049560547,0.7807604074478149,0.7817230820655823,0.005661239381879568,0.7697794079780579,0.7711622238159179,0.7721872210502625,0.7764453589916229,0.7817230820655823,0.7851061373949051,0.7875007927417755,0.7886400938034057,0.7892435455322265
33397,-0.7808171510696411,125.77915954589844,221.62416076660156,94.00994110107422,0.7808172106742859,0.7817405462265015,0.005648963153362274,0.7697832989692688,0.7713613122701645,0.7723283708095551,0.7764453589916229,0.7817405462265015,0.7851061373949051,0.7875007927417755,0.788740336894989,0.7892507886886596
33488,-0.7809671759605408,125.6066665649414,221.57371520996094,93.39439501081195,0.7809671759605408,0.7818501889705658,0.005624376703053713,0.7697832989692688,0.7716849088668823,0.7723283708095551,0.7770189493894577,0.7818501889705658,0.7855522036552429,0.7875539124011993,0.7889865398406982,0.7892507886886596
33579,-0.7810792922973633,125.45314025878906,221.54525756835938,92.8359865461077,0.7810793519020081,0.7818501889705658,0.005621732212603092,0.7700577211380005,0.7718156546354293,0.7725476741790771,0.7770648151636124,0.7818501889705658,0.7855522036552429,0.7875539124011993,0.7891866087913513,0.7893368887901306
33670,-0.7811987996101379,125.22626495361328,221.3785400390625,92.22529057094029,0.7811987400054932,0.7818774878978729,0.005582484416663647,0.7707113575935364,0.7718156546354293,0.7727253496646881,0.7770648151636124,0.7818774878978729,0.7857674360275269,0.7875539124011993,0.7891976207494735,0.7893910956382751
33761,-0.7813305258750916,125.05436706542969,221.3154296875,91.67068917410714,0.7813305854797363,0.7819931507110596,0.005590062588453293,0.7707264232635498,0.7718156546354293,0.7728690922260284,0.7770648151636124,0.7819931507110596,0.7860483080148697,0.7878103613853454,0.7892738431692123,0.7895135283470154
33852,-0.781464695930481,124.95928955078125,221.3951873779297,91.11988285609654,0.7814646363258362,0.7821142077445984,0.005517167039215565,0.7707456994056702,0.7718353658914566,0.7728693008422851,0.7772517800331116,0.7821142077445984,0.7863702923059464,0.7878103613853454,0.7892738431692123,0.7895135283470154
33943,-0.7815238833427429,124.80850219726562,221.3765869140625,90.57068634033203,0.7815238237380981,0.7821536064147949,0.005526217166334391,0.7712313997745514,0.7718353658914566,0.7728693008422851,0.7772517800331116,0.7821536064147949,0.7863702923059464,0.7878103613853454,0.7892878949642181,0.789955244064331
34034,-0.7816022038459778,124.65087890625,221.33212280273438,90.04414694649833,0.7816020846366882,0.7821536064147949,0.005513026379048824,0.7713692259788513,0.7718353658914566,0.7731563806533813,0.7772517800331116,0.7821536064147949,0.7863814532756805,0.7886473774909973,0.7892878949642181,0.789955244064331
34125,-0.7816326022148132,124.48055267333984,221.25926208496094,89.47362409319196,0.7816325426101685,0.7821536064147949,0.005511928349733353,0.7713692259788513,0.7718353658914566,0.7731563806533813,0.7772517800331116,0.7821536064147949,0.7863814532756805,0.7886473774909973,0.7892878949642181,0.789955244064331
34216,-0.7817274928092957,124.36665344238281,221.295166015625,88.95306069510323,0.7817274332046509,0.7821536064147949,0.005530491471290588,0.7713692259788513,0.7718353658914566,0.7735951185226441,0.7776342332363129,0.7821536064147949,0.7865002751350403,0.7887226939201355,0.7894352495670318,0.7906226074695587
34307,-0.7818160653114319,124.18347930908203,221.19593811035156,88.364255632673,0.7818161249160767,0.7822847664356232,0.0055072554387152195,0.7713692259788513,0.7718353658914566,0.7736518859863282,0.7776886820793152,0.7822847664356232,0.7865068167448044,0.7887226939201355,0.7894352495670318,0.7906226074695587
34398,-0.7818642854690552,124.06344604492188,221.22659301757812,87.82434191022601,0.7818642258644104,0.7822847664356232,0.005477280355989933,0.7713960790634156,0.7723778039216995,0.7739501476287842,0.7776886820793152,0.7822847664356232,0.786507323384285,0.7887493550777436,0.7894352495670318,0.7906226074695587
34489,-0.7819588780403137,123.89887237548828,221.161376953125,87.27221243722099,0.7819589376449585,0.7823770344257355,0.005491288378834724,0.7713960790634156,0.7723778039216995,0.7739822268486023,0.7776886820793152,0.7823770344257355,0.7865146100521088,0.7887503206729889,0.7895716011524201,0.7906226074695587
34580,-0.7820672988891602,123.73800659179688,221.091796875,86.71125248500279,0.7820673584938049,0.7828291654586792,0.005514916963875294,0.7713960790634156,0.7723778039216995,0.7743842005729675,0.7776886820793152,0.7828291654586792,0.7866489589214325,0.7887503206729889,0.7895716011524201,0.7913539457321167
34671,-0.7821754217147827,123.58467102050781,221.05531311035156,86.15018790108817,0.7821753621101379,0.7828668355941772,0.005540423095226288,0.7713960790634156,0.7726182252168655,0.7744802236557007,0.7776886820793152,0.7828668355941772,0.7866489589214325,0.7888350248336792,0.7899753332138062,0.7913539457321167
34762,-0.7822527885437012,123.4020767211914,220.95443725585938,85.59738050188336,0.7822527885437012,0.782909631729126,0.005559917073696852,0.7713960790634156,0.7726182252168655,0.7744802236557007,0.7776886820793152,0.782909631729126,0.7869024276733398,0.7888350248336792,0.7899774998426438,0.7913539457321167
34853,-0.7823666334152222,123.19974517822266,220.778564453125,85.07380131312779,0.7823666930198669,0.7830308377742767,0.0055379560217261314,0.7713960790634156,0.7726600140333175,0.7745085954666138,0.7781885266304016,0.7830308377742767,0.7869575023651123,0.7889493346214295,0.7901056408882141,0.7913539457321167
34944,-0.7824481129646301,123.01318359375,220.66188049316406,84.50050136021206,0.7824481725692749,0.7830308377742767,0.005527636967599392,0.7713960790634156,0.7727536529302597,0.7745085954666138,0.7781885266304016,0.7830308377742767,0.7869575023651123,0.7892864286899567,0.7906185477972031,0.7913539457321167
35035,-0.782551109790802,122.87466430664062,220.652099609375,83.92474910191127,0.7825511693954468,0.7832488715648651,0.005527866538614035,0.7715590226650239,0.7727536529302597,0.7745085954666138,0.7781885266304016,0.7832488715648651,0.7869575023651123,0.7892864286899567,0.7906757950782776,0.7913539457321167
35126,-0.7826525568962097,122.72901916503906,220.5841522216797,83.40344347272601,0.7826524972915649,0.7834402024745941,0.005561682861298323,0.771561096906662,0.7727536529302597,0.7745085954666138,0.7781885266304016,0.7834402024745941,0.7869575023651123,0.7892864286899567,0.7906757950782776,0.7913539457321167
35217,-0.7827228307723999,122.59248352050781,220.56317138671875,82.87293134416852,0.7827228307723999,0.7834402024745941,0.005525113549083471,0.7720185399055481,0.772775536775589,0.7745085954666138,0.7785149067640305,0.7834402024745941,0.7869575023651123,0.7892864286899567,0.7906757950782776,0.7913539457321167
35308,-0.7827889919281006,122.44416046142578,220.4879608154297,82.36637551443917,0.7827890515327454,0.7834402024745941,0.005550924688577652,0.7722211146354675,0.772775536775589,0.7745085954666138,0.7785149067640305,0.7834402024745941,0.7869575023651123,0.7892864286899567,0.7907544791698455,0.7918385303020478
35399,-0.7828754782676697,122.30865478515625,220.45040893554688,81.86092158726284,0.7828755974769592,0.7835704684257507,0.005541617516428232,0.7723204159736633,0.7737446635961532,0.7745085954666138,0.778604581952095,0.7835704684257507,0.7870992422103882,0.7892864286899567,0.7911375999450684,0.7920412218570709
35490,-0.7829564213752747,122.16299438476562,220.39173889160156,81.32372392926898,0.7829564809799194,0.7837693393230438,0.00554287014529109,0.7723204159736633,0.7737446635961532,0.7746307134628296,0.778604581952095,0.7837693393230438,0.7871397882699966,0.7893194735050202,0.7913470298051835,0.7920412218570709
35581,-0.7830491662025452,122.03697204589844,220.39080810546875,80.80776105608258,0.7830491662025452,0.7839299142360687,0.005549611058086157,0.7723204159736633,0.7737743139266968,0.7746307134628296,0.7786753624677658,0.7839299142360687,0.7871397882699966,0.7893967211246491,0.7913470298051835,0.7920412218570709
35672,-0.7831336855888367,121.88353729248047,220.31959533691406,80.28465162004743,0.7831336855888367,0.784096360206604,0.005571033339947462,0.7723252618312836,0.7737743139266968,0.7746307134628296,0.7786753624677658,0.784096360206604,0.7871397882699966,0.7901831269264221,0.7913470298051835,0.7920412218570709
35763,-0.7832172513008118,121.7330551147461,220.25772094726562,79.74283272879464,0.783217191696167,0.784096360206604,0.005561566445976496,0.7726675593852996,0.7737788259983063,0.7746307134628296,0.7786753624677658,0.784096360206604,0.7873412817716599,0.790265166759491,0.7913470298051835,0.7920412218570709
35854,-0.7832656502723694,121.58841705322266,220.21661376953125,79.2213112967355,0.7832655906677246,0.7841358184814453,0.005581262055784464,0.7726705646514893,0.7737788259983063,0.7746307134628296,0.7786753624677658,0.7841358184814453,0.7877235412597656,0.7903160214424133,0.7913470298051835,0.7920412218570709
35945,-0.7833550572395325,121.44589233398438,220.15899658203125,78.72665514264789,0.7833551168441772,0.7842342257499695,0.005559105891734362,0.7726705646514893,0.7737788259983063,0.7747251987457275,0.7786753624677658,0.7842342257499695,0.7877738773822784,0.7904098629951477,0.7913470298051835,0.7920412218570709
36036,-0.783490002155304,121.3185043334961,220.15090942382812,78.19332340785435,0.783490002155304,0.7842342257499695,0.005564432591199875,0.7726715457439423,0.7737788259983063,0.7751121282577514,0.7788571417331696,0.7842342257499695,0.7882674336433411,0.7904098629951477,0.7913470298051835,0.7920412218570709
36127,-0.7835091948509216,121.2081298828125,220.15086364746094,77.69314248221261,0.7835091948509216,0.7842850685119629,0.005567234940826893,0.7726715457439423,0.7737788259983063,0.7751121282577514,0.7788571417331696,0.7842850685119629,0.7882674336433411,0.7904098629951477,0.7913470298051835,0.7920412218570709
36218,-0.7835527062416077,121.0744857788086,220.12225341796875,77.15687670026507,0.7835527062416077,0.7842850685119629,0.00558406813070178,0.7726715457439423,0.7737788259983063,0.7755171179771423,0.7788571417331696,0.7842850685119629,0.7882674336433411,0.7904366433620453,0.7913671255111694,0.7924307823181153
36309,-0.7835888266563416,120.9845199584961,220.16796875,76.64845166887555,0.7835888862609863,0.7843255996704102,0.005608968436717987,0.7726715457439423,0.7737788259983063,0.7755171179771423,0.7788571417331696,0.7843255996704102,0.7882674336433411,0.7906887650489807,0.7913671255111694,0.7924307823181153
36400,-0.7836678624153137,120.81305694580078,220.03564453125,76.14808218819755,0.7836679220199585,0.7843255996704102,0.005577235482633114,0.7726715457439423,0.7737788259983063,0.7755171179771423,0.7790631949901581,0.7843255996704102,0.7882674336433411,0.7906887650489807,0.7913671255111694,0.7924307823181153
36491,-0.7837561368942261,120.6877670288086,219.997802734375,75.66071101597377,0.7837560772895813,0.7843255996704102,0.005541267804801464,0.7726830208301544,0.7741086781024933,0.7755581736564636,0.7790631949901581,0.7843255996704102,0.7882674336433411,0.7906887650489807,0.7914410203695297,0.7924328064918518
36582,-0.7838447690010071,120.5568618774414,219.96875,75.16153172084263,0.7838445901870728,0.7844121754169464,0.005544315092265606,0.7726830208301544,0.7741086781024933,0.7755581736564636,0.7794787585735321,0.7844121754169464,0.7883380651473999,0.7906887650489807,0.7914410203695297,0.7924328064918518
36673,-0.7839762568473816,120.4377670288086,219.943359375,74.70684487479073,0.7839763164520264,0.7846224308013916,0.0055310362949967384,0.7733408665657043,0.7741086781024933,0.7755581736564636,0.7794787585735321,0.7846224308013916,0.7885961532592773,0.7906887650489807,0.7914410203695297,0.7932321238517761
36764,-0.7840487360954285,120.29138946533203,219.8710479736328,74.15808432442802,0.7840487957000732,0.7848595678806305,0.0055199493654072285,0.7733468294143677,0.7741086781024933,0.7755581736564636,0.7795431911945343,0.7848595678806305,0.7886742651462555,0.7906887650489807,0.7914410203695297,0.7932321238517761
36855,-0.7841508388519287,120.11552429199219,219.73744201660156,73.64783368791852,0.7841508388519287,0.7848595678806305,0.005518515128642321,0.7737103307247162,0.7741351783275604,0.7767098724842072,0.7796352803707123,0.7848595678806305,0.7887597382068634,0.7909392178058624,0.7920381247997283,0.7932321238517761
36946,-0.784210205078125,119.98625946044922,219.67929077148438,73.1798117501395,0.784210205078125,0.7848595678806305,0.0055204653181135654,0.7737103307247162,0.7741351783275604,0.7767797708511353,0.7796429693698883,0.7848595678806305,0.7887597382068634,0.7910900115966797,0.7920381247997283,0.7932321238517761
37037,-0.7842426896095276,119.87390899658203,219.6788787841797,72.65896606445312,0.7842426300048828,0.7848595678806305,0.005512296222150326,0.773789050579071,0.7741351783275604,0.7768945455551147,0.7796429693698883,0.7848595678806305,0.7887597382068634,0.7910900115966797,0.7920543491840363,0.7932321238517761
37128,-0.7842903137207031,119.79937744140625,219.72317504882812,72.17724718366351,0.7842903733253479,0.7848595678806305,0.005463752895593643,0.773789050579071,0.774393180012703,0.776974880695343,0.7796429693698883,0.7848595678806305,0.7888897955417633,0.7910900115966797,0.7920543491840363,0.7932321238517761
37219,-0.7843522429466248,119.68540954589844,219.693359375,71.68306187220982,0.7843523621559143,0.7849896848201752,0.005459929350763559,0.7741109037399292,0.7744008541107178,0.7769758105278015,0.7799631655216217,0.7849896848201752,0.7888897955417633,0.7911364555358886,0.7920543491840363,0.7932321238517761
37310,-0.7843919992446899,119.59803009033203,219.71591186523438,71.20089067731585,0.7843919992446899,0.785158634185791,0.005467353388667107,0.7741109037399292,0.7744008541107178,0.7770312070846558,0.7799631655216217,0.785158634185791,0.7888897955417633,0.7911364555358886,0.7924585342407227,0.7932321238517761
37401,-0.7844198942184448,119.4825668334961,219.68621826171875,70.71231297084263,0.7844199538230896,0.785158634185791,0.005483150482177734,0.7741109037399292,0.7744008541107178,0.7770312070846558,0.7799631655216217,0.785158634185791,0.7888897955417633,0.7911364555358886,0.7924645155668258,0.7933538556098938
37492,-0.7845079898834229,119.37037658691406,219.67750549316406,70.19272831508091,0.7845079898834229,0.7853738069534302,0.005505455192178488,0.7741109037399292,0.7746455162763596,0.7770312070846558,0.7799631655216217,0.7853738069534302,0.7888897955417633,0.7912880480289459,0.7924645155668258,0.7933538556098938
37583,-0.7845608592033386,119.29257202148438,219.71896362304688,69.72232818603516,0.7845607995986938,0.7853738069534302,0.005466865841299295,0.7741109037399292,0.7747794896364212,0.777067345380783,0.7799631655216217,0.7853738069534302,0.7888897955417633,0.7912880480289459,0.7927197217941284,0.7933538556098938
37674,-0.7846357822418213,119.18798828125,219.7197265625,69.22034563337054,0.7846358418464661,0.785547137260437,0.005477151367813349,0.7741109037399292,0.7747794896364212,0.7772980988025665,0.780058354139328,0.785547137260437,0.7888897955417633,0.7912936985492707,0.7927197217941284,0.7935394883155823
37765,-0.7847344875335693,119.1156997680664,219.77537536621094,68.74132537841797,0.7847344875335693,0.785547137260437,0.0054545835591852665,0.7741151750087738,0.7747794896364212,0.7772980988025665,0.7803360521793365,0.785547137260437,0.7889557182788849,0.7914725482463837,0.7927197217941284,0.7938184666633606
37856,-0.7848304510116577,118.99881744384766,219.72647094726562,68.25931113106864,0.7848304510116577,0.7856176495552063,0.005480689462274313,0.7741151750087738,0.7747794896364212,0.7773504555225372,0.7804518789052963,0.7856176495552063,0.7889557182788849,0.7915050089359283,0.7928800404071807,0.7938184666633606
37947,-0.7848566770553589,118.88660430908203,219.7069854736328,67.76225171770368,0.7848567366600037,0.7856176495552063,0.005469950381666422,0.7741151750087738,0.7747794896364212,0.7773598730564117,0.7805753201246262,0.7856176495552063,0.7889557182788849,0.7915050089359283,0.7928800404071807,0.7938184666633606
38038,-0.7848976254463196,118.7319564819336,219.60096740722656,67.2638190133231,0.7848976254463196,0.7856176495552063,0.005460862535983324,0.7743592226505279,0.774877342581749,0.7774048447608948,0.7805753201246262,0.7856176495552063,0.7889983505010605,0.7915050089359283,0.7928800404071807,0.7938184666633606
38129,-0.7849277257919312,118.60220336914062,219.52590942382812,66.8092280796596,0.7849276661872864,0.7856176495552063,0.005469165742397308,0.7743592226505279,0.774877342581749,0.7774048447608948,0.7805753201246262,0.7856176495552063,0.7891017347574234,0.791708481311798,0.7928800404071807,0.7939089000225067
38220,-0.7849957346916199,118.53207397460938,219.57049560546875,66.36168670654297,0.7849957346916199,0.7856176495552063,0.00542354816570878,0.7743911743164062,0.7754128217697144,0.7774048447608948,0.7808874845504761,0.7856176495552063,0.7891017347574234,0.791708481311798,0.7928800404071807,0.7939089000225067
38311,-0.7850961685180664,118.42257690429688,219.5536651611328,65.90797424316406,0.7850961089134216,0.7862634062767029,0.00543820159509778,0.7743911743164062,0.7754128217697144,0.7774379432201386,0.7808874845504761,0.7862634062767029,0.7893629372119904,0.7919170737266541,0.7928800404071807,0.7939089000225067
38402,-0.7851388454437256,118.32431030273438,219.54788208007812,65.40590286254883,0.7851388454437256,0.7862634062767029,0.005432091187685728,0.7743911743164062,0.7754128217697144,0.7775706291198731,0.7808874845504761,0.7862634062767029,0.7893661558628082,0.7919170737266541,0.7928800404071807,0.7939089000225067
38493,-0.785206139087677,118.26105499267578,219.618896484375,64.89615522112165,0.7852060794830322,0.7862634062767029,0.005434155929833651,0.7743911743164062,0.7754128217697144,0.7775706291198731,0.7809019833803177,0.7862634062767029,0.7893661558628082,0.7919170737266541,0.7931768655776977,0.7939089000225067
38584,-0.7852424383163452,118.14689636230469,219.56756591796875,64.46292495727539,0.7852423787117004,0.7862634062767029,0.005444330163300037,0.7743911743164062,0.7755821853876114,0.7775706291198731,0.7809019833803177,0.7862634062767029,0.78958460688591,0.7920331001281739,0.7931768655776977,0.7939089000225067
38675,-0.7853115797042847,118.0614013671875,219.59182739257812,64.03490012032645,0.7853115797042847,0.7864489853382111,0.005457007326185703,0.774482706785202,0.7756436228752136,0.7775706291198731,0.7809019833803177,0.7864489853382111,0.7899681925773621,0.7920331001281739,0.7931768655776977,0.794014743566513
38766,-0.7853675484657288,117.92658233642578,219.50669860839844,63.544096265520366,0.7853676080703735,0.7864489853382111,0.005455741658806801,0.774486129283905,0.7756436228752136,0.7778708219528199,0.7809019833803177,0.7864489853382111,0.7899681925773621,0.7920331001281739,0.7933925479650498,0.7940663874149323
38857,-0.7854322791099548,117.82030487060547,219.46554565429688,63.06915392194475,0.7854322195053101,0.7864489853382111,0.005470629315823317,0.774486129283905,0.7756436228752136,0.7778708219528199,0.781011700630188,0.7864489853382111,0.7901291698217392,0.7920331001281739,0.7933925479650498,0.7940663874149323
38948,-0.785480797290802,117.75251007080078,219.5044708251953,62.643860408238005,0.785480797290802,0.7864638268947601,0.005468594841659069,0.774486129283905,0.7756436228752136,0.7778708219528199,0.781056210398674,0.7864638268947601,0.7901291698217392,0.7920331001281739,0.7937922030687332,0.7940663874149323
39039,-0.7855209112167358,117.66850280761719,219.50186157226562,62.20987483433315,0.7855209112167358,0.7864638268947601,0.0054664527997374535,0.7746106648445129,0.7757072120904922,0.7778851389884949,0.7811457961797714,0.7864638268947601,0.7901291698217392,0.7921892881393433,0.7937922030687332,0.7940663874149323
39130,-0.7855560183525085,117.55355834960938,219.45538330078125,61.75946044921875,0.7855559587478638,0.7865698039531708,0.005447074770927429,0.7749233090877533,0.7757072120904922,0.7778851389884949,0.7811457961797714,0.7865698039531708,0.7903042286634445,0.7921892881393433,0.7937922030687332,0.7940663874149323
39221,-0.7855996489524841,117.42051696777344,219.3639373779297,61.27516555786133,0.7855995893478394,0.7866503596305847,0.00546174356713891,0.7749233090877533,0.7757136553525925,0.7778851389884949,0.7812713831663132,0.7866503596305847,0.7903042286634445,0.7921892881393433,0.7937976032495498,0.7941994071006775
39312,-0.7856485843658447,117.32417297363281,219.35928344726562,60.79062162126814,0.7856485247612,0.7866536974906921,0.005472422577440739,0.7749233090877533,0.7757154196500778,0.7779847741127014,0.7812713831663132,0.7866536974906921,0.7903042286634445,0.7921892881393433,0.7937976032495498,0.7948611044883728
39403,-0.7857252359390259,117.26870727539062,219.4238739013672,60.32573427472796,0.7857252359390259,0.7867486774921417,0.005469414405524731,0.7749233090877533,0.7758459031581879,0.7781598150730134,0.7813081741333008,0.7867486774921417,0.7903042286634445,0.7922161519527435,0.7937976032495498,0.7948611044883728
39494,-0.785764753818512,117.1291732788086,219.31947326660156,59.83546829223633,0.7857646346092224,0.7867486774921417,0.00547017389908433,0.7749233090877533,0.7758459031581879,0.778160297870636,0.7813119143247604,0.7867486774921417,0.7903042286634445,0.7922161519527435,0.7938001155853271,0.7948611044883728
39585,-0.7858253121376038,117.09310150146484,219.4186248779297,59.390847887311665,0.7858253717422485,0.7868777215480804,0.005451375152915716,0.7754219770431519,0.7758459031581879,0.778160297870636,0.7814110219478607,0.7868777215480804,0.7904082387685776,0.7922161519527435,0.7938001155853271,0.7948611044883728
39676,-0.7858701944351196,116.98979187011719,219.36904907226562,58.95575114658901,0.7858701348304749,0.7869332432746887,0.00545692490413785,0.7754219770431519,0.7758459031581879,0.778160297870636,0.7814110219478607,0.7869332432746887,0.7904558330774307,0.7922161519527435,0.7938058346509933,0.794864501953125
39767,-0.7859251499176025,116.86231994628906,219.28297424316406,58.52162224905832,0.7859251499176025,0.7869332432746887,0.005435133818536997,0.7754219770431519,0.7762098401784897,0.778160297870636,0.7824290543794632,0.7869332432746887,0.7904558330774307,0.7924515962600708,0.7938092023134231,0.794864501953125
39858,-0.7859916687011719,116.81074523925781,219.34242248535156,58.09650094168527,0.7859916687011719,0.7871400117874146,0.005446203052997589,0.7754270613193512,0.7762098401784897,0.778160297870636,0.7825625091791153,0.7871400117874146,0.7904558330774307,0.7924515962600708,0.7938095808029175,0.794864501953125
39949,-0.7860715985298157,116.76963806152344,219.4099578857422,57.66704341343471,0.7860715389251709,0.7871400117874146,0.005403709132224321,0.7754277288913727,0.7765089690685272,0.778160297870636,0.7825625091791153,0.7871400117874146,0.7907030880451202,0.7924515962600708,0.7938095808029175,0.794864501953125
40040,-0.7860940098762512,116.6715316772461,219.37245178222656,57.18067877633231,0.7860939502716064,0.7871400117874146,0.005397025030106306,0.7754277288913727,0.7765089690685272,0.7781610786914825,0.7825625091791153,0.7871400117874146,0.7907030880451202,0.7924521446228028,0.7938095808029175,0.7948646759986877
40131,-0.7861393690109253,116.59892272949219,219.39373779296875,56.77974319458008,0.7861393094062805,0.7871537506580353,0.005368288140743971,0.7758074688911438,0.7765089690685272,0.7781610786914825,0.7825625091791153,0.7871537506580353,0.7907030880451202,0.7924521446228028,0.7938095808029175,0.7948646759986877
40222,-0.786198079586029,116.46556854248047,219.29176330566406,56.33554186139788,0.7861980199813843,0.7871537506580353,0.005380634684115648,0.7758074688911438,0.7765089690685272,0.7781610786914825,0.7825625091791153,0.7871537506580353,0.7907030880451202,0.7924521446228028,0.7938095808029175,0.7948646759986877
40313,-0.7862417697906494,116.34996032714844,219.22669982910156,55.87555095127651,0.7862417101860046,0.7871537506580353,0.0053561655804514885,0.7758074688911438,0.7765864312648774,0.7783361852169037,0.7825625091791153,0.7871537506580353,0.7907030880451202,0.7924521446228028,0.7938095808029175,0.7948646759986877
40404,-0.7863274216651917,116.24259948730469,219.16619873046875,55.415230887276785,0.7863274216651917,0.7871537506580353,0.0053701093420386314,0.7758241641521454,0.7766445279121399,0.7783361852169037,0.7825625091791153,0.7871537506580353,0.7908949702978134,0.7927290439605713,0.7942544370889664,0.7948784446716308
40495,-0.7863729596138,116.1805648803711,219.2168731689453,54.952967507498606,0.7863729000091553,0.7871537506580353,0.00538815651088953,0.7758241641521454,0.7766445279121399,0.7783361852169037,0.7825625091791153,0.7871537506580353,0.7908949702978134,0.7927509367465972,0.7942792415618897,0.7948784446716308
40586,-0.7864238023757935,116.04464721679688,219.11770629882812,54.474727630615234,0.7864238023757935,0.7871537506580353,0.005407830234616995,0.7758241641521454,0.7766445279121399,0.7783361852169037,0.7825625091791153,0.7871537506580353,0.7909267693758011,0.7929083824157714,0.7943473815917969,0.7948806023597718
40677,-0.7864773869514465,115.96914672851562,219.1318817138672,54.01458249773298,0.7864774465560913,0.7871711552143097,0.005441766697913408,0.7758241641521454,0.7766445279121399,0.7783361852169037,0.7825625091791153,0.7871711552143097,0.7910213023424149,0.7930662155151367,0.7943473815917969,0.7948806023597718
40768,-0.7865557670593262,115.90648651123047,219.159423828125,53.59332711356027,0.7865557670593262,0.7871711552143097,0.005443463567644358,0.7758241641521454,0.7766618728637695,0.7783361852169037,0.7825625091791153,0.7871711552143097,0.791299358010292,0.7930662155151367,0.7943473815917969,0.7949327063560486
40859,-0.7865914702415466,115.84720611572266,219.1921844482422,53.1491459437779,0.7865915894508362,0.7872436344623566,0.005439259111881256,0.7758241641521454,0.7769987344741821,0.7783361852169037,0.7825625091791153,0.7872436344623566,0.791299358010292,0.7930662155151367,0.7943473815917969,0.7949327063560486
40950,-0.786641538143158,115.79110717773438,219.23226928710938,52.72572980608259,0.7866415977478027,0.7874950766563416,0.0054691568948328495,0.7758241641521454,0.7769987344741821,0.7783361852169037,0.7825625091791153,0.7874950766563416,0.791299358010292,0.7932589769363403,0.7943473815917969,0.7954522860050202
41041,-0.7867013216018677,115.7561264038086,219.30796813964844,52.278965541294646,0.7867014408111572,0.7874950766563416,0.005497464910149574,0.7758241641521454,0.7769987344741821,0.7783571064472199,0.7825625091791153,0.7874950766563416,0.7913981080055237,0.793514358997345,0.7943473815917969,0.7954522860050202
41132,-0.7867396473884583,115.6598892211914,219.2623291015625,51.861554282052175,0.7867395877838135,0.7876207828521729,0.005494173150509596,0.7758248090744019,0.7769987344741821,0.7783571064472199,0.7826310396194458,0.7876207828521729,0.7913981080055237,0.793514358997345,0.7943473815917969,0.7954522860050202
41223,-0.7867705225944519,115.5749282836914,219.24195861816406,51.42524610246931,0.7867704629898071,0.7877059280872345,0.0054804482497274876,0.7758248090744019,0.7769987344741821,0.7783571064472199,0.7826310396194458,0.7877059280872345,0.7913981080055237,0.793514358997345,0.7943473815917969,0.7954522860050202
41314,-0.7868126034736633,115.53791046142578,219.31414794921875,50.98666490827288,0.7868126034736633,0.7877575755119324,0.005471640732139349,0.7758248090744019,0.7770485073328018,0.7788816154003143,0.7826310396194458,0.7877575755119324,0.7914092540740967,0.793514358997345,0.7943473815917969,0.79545933842659
41405,-0.7868464589118958,115.45048522949219,219.2735595703125,50.574828556605745,0.786846399307251,0.7877575755119324,0.005479622632265091,0.7758259725570679,0.7770485073328018,0.7788816154003143,0.7826310396194458,0.7877575755119324,0.7914092540740967,0.793514358997345,0.7943473815917969,0.7955405902862549
41496,-0.7868770956993103,115.38447570800781,219.2844696044922,50.17676217215402,0.7868772149085999,0.7877575755119324,0.005467825103551149,0.7759629249572754,0.7771724104881287,0.7788816154003143,0.7826310396194458,0.7877575755119324,0.7914092540740967,0.793514358997345,0.7943473815917969,0.7955405902862549
41587,-0.7869293093681335,115.35211944580078,219.35989379882812,49.782632555280415,0.7869293093681335,0.787876546382904,0.005452537909150124,0.7762031173706054,0.7771724104881287,0.7789314687252045,0.7826792448759079,0.787876546382904,0.7914092540740967,0.793514358997345,0.7943473815917969,0.7956911420822144
41678,-0.7869743704795837,115.2911376953125,219.36744689941406,49.37356676374163,0.7869744896888733,0.7878967225551605,0.0054595558904111385,0.7762031173706054,0.7771724104881287,0.7789314687252045,0.7826792448759079,0.7878967225551605,0.7915906608104706,0.793514358997345,0.7943473815917969,0.7956911420822144
41769,-0.7870184183120728,115.23612976074219,219.40463256835938,48.913069588797434,0.7870184183120728,0.7878967225551605,0.005459396168589592,0.7762033486366272,0.7771726310253143,0.7789314687252045,0.7827233672142029,0.7878967225551605,0.7916165143251419,0.793514358997345,0.7943613111972809,0.7956911420822144
41860,-0.7870532274246216,115.2116470336914,219.48968505859375,48.52325657435826,0.7870533466339111,0.7879472374916077,0.005465857218950987,0.7762033486366272,0.7771726310253143,0.7789314687252045,0.7827233672142029,0.7879472374916077,0.7916165143251419,0.793809574842453,0.7943644642829895,0.7956911420822144
41951,-0.7871001958847046,115.18683624267578,219.5787811279297,48.10720716203962,0.7871001958847046,0.7879956960678101,0.005453553982079029,0.7762033486366272,0.7771726310253143,0.7789314687252045,0.7827460318803787,0.7879956960678101,0.7916355133056641,0.793809574842453,0.7943644642829895,0.7957805132865906
42042,-0.7871572971343994,115.08711242675781,219.51260375976562,47.68106460571289,0.7871572971343994,0.7879956960678101,0.005474247969686985,0.7762084984779358,0.7771726310253143,0.7789314687252045,0.7827460318803787,0.7879956960678101,0.7916534096002579,0.793809574842453,0.7948326349258423,0.7957805132865906
42133,-0.7871942520141602,115.00769805908203,219.48988342285156,47.295831952776226,0.7871943712234497,0.7879956960678101,0.005483750719577074,0.776210298538208,0.7771726310253143,0.7789314687252045,0.7827460318803787,0.7879956960678101,0.7916534096002579,0.793809574842453,0.7948326349258423,0.796138231754303
42224,-0.7872244119644165,114.988525390625,219.5713348388672,46.93265151977539,0.7872244119644165,0.7881973683834076,0.005487057846039534,0.776210298538208,0.777180340886116,0.7789314687252045,0.7828340530395508,0.7881973683834076,0.7916534096002579,0.793809574842453,0.7948326349258423,0.7961688995361328
42315,-0.7872712016105652,114.91044616699219,219.55938720703125,46.48832484654018,0.7872711420059204,0.7881973683834076,0.005489084403961897,0.776210298538208,0.777180340886116,0.7789314687252045,0.7828340530395508,0.7881973683834076,0.7918378114700317,0.793809574842453,0.7948326349258423,0.7962315177917481
42406,-0.7872957587242126,114.83373260498047,219.5289306640625,46.0811391557966,0.7872958183288574,0.7882480025291443,0.005477205850183964,0.776210298538208,0.7775687277317047,0.7789314687252045,0.782854899764061,0.7882480025291443,0.7918378114700317,0.7938629508018493,0.7948326349258423,0.7962315177917481
42497,-0.7873255610466003,114.75472259521484,219.51451110839844,45.62497329711914,0.7873256206512451,0.7882480025291443,0.005465260241180658,0.776210298538208,0.777587839961052,0.7790975630283355,0.782854899764061,0.7882480025291443,0.7918378114700317,0.7938629508018493,0.7948326349258423,0.7963580393791199
42588,-0.7873502969741821,114.7008056640625,219.54092407226562,45.138260977608816,0.7873502969741821,0.7883227467536926,0.00546742370352149,0.776210298538208,0.777587839961052,0.7790975630283355,0.782854899764061,0.7883227467536926,0.7918628305196762,0.7938629508018493,0.7948326349258423,0.7963580393791199
42679,-0.7874003648757935,114.6630630493164,219.5958251953125,44.79225158691406,0.7874003648757935,0.7884145975112915,0.005487034097313881,0.776210298538208,0.777587839961052,0.7790975630283355,0.782854899764061,0.7884145975112915,0.7919211089611053,0.7938629508018493,0.7948776513338089,0.7963580393791199
42770,-0.78743577003479,114.6002197265625,219.5895233154297,44.377296447753906,0.78743577003479,0.7884145975112915,0.005482587032020092,0.776210298538208,0.777587839961052,0.7790975630283355,0.7831455171108246,0.7884145975112915,0.7919599413871765,0.794021075963974,0.7948776513338089,0.7963580393791199
42861,-0.7874652147293091,114.656005859375,219.82229614257812,44.03600747244699,0.7874652147293091,0.7884145975112915,0.0054761129431426525,0.776210298538208,0.777587839961052,0.7790975630283355,0.7832473963499069,0.7884145975112915,0.79196897149086,0.794021075963974,0.7948776513338089,0.7963580393791199
42952,-0.7875053286552429,114.55268096923828,219.7572784423828,43.568123953683035,0.7875053286552429,0.7884145975112915,0.005488296039402485,0.7765852046012879,0.7776122182607651,0.7790975630283355,0.7832574546337128,0.7884145975112915,0.7921555042266846,0.794021075963974,0.7949035286903381,0.7963580393791199
43043,-0.7875238656997681,114.52986907958984,219.8355255126953,43.16220201764788,0.7875238060951233,0.7885216772556305,0.005489520728588104,0.7765852046012879,0.7776122182607651,0.7792488396167755,0.7832574546337128,0.7885216772556305,0.7921555042266846,0.794021075963974,0.7949035286903381,0.7963580393791199
43134,-0.7875582575798035,114.5124740600586,219.9317626953125,42.707819257463726,0.7875583171844482,0.7885244488716125,0.005468724295496941,0.7765852046012879,0.7776329576969147,0.7792488396167755,0.7832574546337128,0.7885244488716125,0.792158842086792,0.794021075963974,0.7949035286903381,0.7963588666915894
43225,-0.7875732183456421,114.5284652709961,220.07984924316406,42.32219641549246,0.7875732183456421,0.7885244488716125,0.005456393584609032,0.7768760991096496,0.7776329576969147,0.7794055342674255,0.7832574546337128,0.7885244488716125,0.7921595722436905,0.794021075963974,0.7949035286903381,0.7963588666915894
43316,-0.7876099944114685,114.47984313964844,220.10772705078125,41.873011452811106,0.7876099944114685,0.7886930704116821,0.005461409687995911,0.7768760991096496,0.7778443276882172,0.7794055342674255,0.7832574546337128,0.7886930704116821,0.7921621799468994,0.794021075963974,0.7949035286903381,0.796477677822113
43407,-0.7876472473144531,114.39932250976562,220.06906127929688,41.46691240583147,0.7876472473144531,0.7888493239879608,0.005462374072521925,0.7768760991096496,0.7778443276882172,0.7794055342674255,0.7832704484462738,0.7888493239879608,0.7921621799468994,0.7940361797809601,0.7949181944131851,0.7964825844764709
43498,-0.7876737713813782,114.38343048095703,220.15736389160156,41.077388763427734,0.7876737713813782,0.7889189422130585,0.005454463884234428,0.7768777775764465,0.7778443276882172,0.7794065415859223,0.7833380848169327,0.7889189422130585,0.7921794354915619,0.7940361797809601,0.7949181944131851,0.7964825844764709
43589,-0.7877048850059509,114.36891174316406,220.2509765625,40.65680149623326,0.7877049446105957,0.7889189422130585,0.00546140456572175,0.7769797658920288,0.7778490573167801,0.7794194340705871,0.7833380848169327,0.7889189422130585,0.792485773563385,0.7940693497657776,0.7949922174215317,0.7964825844764709
43680,-0.7877283096313477,114.31256866455078,220.27090454101562,40.22760609218052,0.7877282500267029,0.7889189422130585,0.005464974325150251,0.7769797658920288,0.7778517425060272,0.7796244621276855,0.7833380848169327,0.7889189422130585,0.792485773563385,0.7940693497657776,0.7949922174215317,0.7965315365791321
43771,-0.787748396396637,114.29792022705078,220.360107421875,39.853061131068635,0.787748396396637,0.7889189422130585,0.005455502774566412,0.7769797658920288,0.7778517425060272,0.7796244621276855,0.7833914756774902,0.7889189422130585,0.792485773563385,0.7940693497657776,0.7949922174215317,0.7965315365791321
43862,-0.7877728939056396,114.26896667480469,220.4082489013672,39.43407440185547,0.7877728343009949,0.7889189422130585,0.005450128111988306,0.7769867753982544,0.7779151916503906,0.7797156572341919,0.7833914756774902,0.7889189422130585,0.792485773563385,0.7940693497657776,0.7950386494398117,0.7965315365791321
43953,-0.7878057956695557,114.29158782958984,220.5728759765625,39.034967694963726,0.7878057360649109,0.7889430820941925,0.005450480151921511,0.7769867753982544,0.7779151916503906,0.7797156572341919,0.7833914756774902,0.7889430820941925,0.792485773563385,0.7940693497657776,0.7950386494398117,0.7965378284454345
44044,-0.7878454923629761,114.31266784667969,220.73231506347656,38.67605699811663,0.7878455519676208,0.7889430820941925,0.005439413711428642,0.7769867753982544,0.7779151916503906,0.7797156572341919,0.7837242782115936,0.7889430820941925,0.792485773563385,0.7940693497657776,0.7950386494398117,0.7965378284454345
44135,-0.7878668308258057,114.3309326171875,220.87437438964844,38.27727672031948,0.7878668904304504,0.7889430820941925,0.005424583796411753,0.7772081589698792,0.7779151916503906,0.7797779142856598,0.7837242782115936,0.7889430820941925,0.7925084978342056,0.7940693497657776,0.7950386494398117,0.7965378284454345
44226,-0.7878913879394531,114.2425537109375,220.81594848632812,37.883950914655415,0.7878914475440979,0.7889801561832428,0.005429615266621113,0.7772081589698792,0.7779151916503906,0.7799004256725312,0.7837242782115936,0.7889801561832428,0.7926029115915298,0.7940693497657776,0.7950386494398117,0.7965378284454345
44317,-0.7879287004470825,114.22713470458984,220.8966522216797,37.459734780447825,0.7879288196563721,0.7889801561832428,0.005429404322057962,0.7772081589698792,0.7779151916503906,0.7799004256725312,0.7837441265583038,0.7889801561832428,0.7926749140024185,0.7942256808280945,0.795068433880806,0.7965378284454345
44408,-0.787945568561554,114.2484130859375,221.0582275390625,37.02871649605887,0.7879456281661987,0.7889801561832428,0.005425815936177969,0.7773658728599548,0.7779160499572754,0.7799188613891601,0.7837441265583038,0.7889801561832428,0.7926749140024185,0.7943065404891968,0.795068433880806,0.7965378284454345
44499,-0.7879646420478821,114.27201080322266,221.2173614501953,36.65070996965681,0.7879646420478821,0.7889801561832428,0.005424490198493004,0.7773658728599548,0.7779160499572754,0.7799188613891601,0.7837441265583038,0.7889801561832428,0.7927248328924179,0.7943065404891968,0.795068433880806,0.7965378284454345
44590,-0.7879899144172668,114.27181243896484,221.33436584472656,36.29987226213728,0.7879899740219116,0.7889801561832428,0.00543754268437624,0.7773658728599548,0.7779693007469177,0.7799188613891601,0.7837441265583038,0.7889801561832428,0.7927750051021576,0.7943356990814209,0.795068433880806,0.7965378284454345
44681,-0.7880166172981262,114.24808502197266,221.39076232910156,35.94760513305664,0.788016676902771,0.7890615463256836,0.0054199062287807465,0.7773658728599548,0.7783483654260636,0.7799188613891601,0.7837441265583038,0.7890615463256836,0.7927750051021576,0.7943915128707886,0.795068433880806,0.7965378284454345
44772,-0.788043200969696,114.22105407714844,221.4381561279297,35.55126353672573,0.788043200969696,0.7890615463256836,0.005412890575826168,0.7776394772529602,0.7783483654260636,0.7799188613891601,0.7837441265583038,0.7890615463256836,0.7928143739700317,0.7943980932235718,0.7950715988874435,0.7965378284454345
44863,-0.7880630493164062,114.18012237548828,221.46005249023438,35.135686601911274,0.7880629897117615,0.7891051173210144,0.0054191844537854195,0.7776394772529602,0.7783483654260636,0.7799188613891601,0.7837441265583038,0.7891051173210144,0.7928143739700317,0.7945276319980621,0.7950715988874435,0.7965378284454345
44954,-0.7880998253822327,114.16980743408203,221.54505920410156,34.75145285470145,0.7880997657775879,0.7892222106456757,0.005401254165917635,0.7776889526844024,0.7786730974912643,0.7799188613891601,0.7837441265583038,0.7892222106456757,0.7928143739700317,0.7945276319980621,0.7951923936605454,0.7965378284454345
45045,-0.7881258130073547,114.1505126953125,221.6086883544922,34.371055603027344,0.7881258130073547,0.7892222106456757,0.005401155445724726,0.7776889526844024,0.7786730974912643,0.7799188613891601,0.7837441265583038,0.7892222106456757,0.7928143739700317,0.7945276319980621,0.7951923936605454,0.7965378284454345
45136,-0.7881516814231873,114.15184783935547,221.7217254638672,33.97178213936942,0.7881516814231873,0.7892222106456757,0.005394401960074902,0.7776889526844024,0.7786730974912643,0.7799188613891601,0.7841349244117737,0.7892222106456757,0.7928143739700317,0.7945276319980621,0.7952081352472306,0.7965378284454345
45227,-0.7881768345832825,114.15620422363281,221.84754943847656,33.52431215558733,0.7881767749786377,0.7892581820487976,0.005399300251156092,0.778096787929535,0.7786730974912643,0.7799188613891601,0.7841349244117737,0.7892581820487976,0.792821615934372,0.7945276319980621,0.795446765422821,0.7965378284454345
45318,-0.788195788860321,114.15364837646484,221.945556640625,33.13011659894671,0.7881958484649658,0.7892826497554779,0.0053930566646158695,0.778096787929535,0.7786730974912643,0.7799188613891601,0.7843498587608337,0.7892826497554779,0.792821615934372,0.7945508420467376,0.795446765422821,0.7965378284454345
45409,-0.7882140874862671,114.1861801147461,222.10177612304688,32.748517172677175,0.7882140278816223,0.7892826497554779,0.005382831674069166,0.778096787929535,0.7786730974912643,0.7799188613891601,0.7843498587608337,0.7892826497554779,0.792821615934372,0.7945508420467376,0.795446765422821,0.7965378284454345
45500,-0.7882457375526428,114.18074798583984,222.18606567382812,32.34468814304897,0.7882457971572876,0.789313554763794,0.005373517517000437,0.778102171421051,0.7786730974912643,0.7799188613891601,0.7843498587608337,0.789313554763794,0.7928576767444611,0.7945624649524688,0.795446765422821,0.7965379047393799
45591,-0.7882609367370605,114.16594696044922,222.26504516601562,31.963716779436385,0.7882610559463501,0.7893153131008148,0.005370071157813072,0.778102171421051,0.7786730974912643,0.7799188613891601,0.7843498587608337,0.7893153131008148,0.7928576767444611,0.7945624649524688,0.795446765422821,0.7965379047393799
45682,-0.7882920503616333,114.2294921875,222.4879608154297,31.566581998552596,0.7882921099662781,0.7893710136413574,0.005356903187930584,0.7781293332576752,0.7787800848484039,0.7799188613891601,0.7843498587608337,0.7893710136413574,0.7928576767444611,0.7945624649524688,0.7954562932252884,0.7965379047393799
45773,-0.7883078455924988,114.2982406616211,222.72952270507812,31.229636601039342,0.7883079051971436,0.7893710136413574,0.005364535842090845,0.7781293332576752,0.7787800848484039,0.7799188613891601,0.7843498587608337,0.7893710136413574,0.7929140031337738,0.7946848809719086,0.7954562932252884,0.7965379047393799
45864,-0.7883241176605225,114.3022232055664,222.83236694335938,30.85468319484166,0.7883242964744568,0.7893793284893036,0.0053574019111692905,0.7781295132637024,0.7787800848484039,0.7799964845180511,0.7845062017440796,0.7893793284893036,0.7929140031337738,0.7946848809719086,0.7954562932252884,0.7965379047393799
45955,-0.7883398532867432,114.35328674316406,223.02186584472656,30.479198728288925,0.7883398532867432,0.7894478738307953,0.005348444916307926,0.7781295132637024,0.7788416087627411,0.7799964845180511,0.7845062017440796,0.7894478738307953,0.7929140031337738,0.7946848809719086,0.7954562932252884,0.7965379047393799
46046,-0.7883766293525696,114.43793487548828,223.2954864501953,30.100117002214706,0.7883766293525696,0.7894478738307953,0.005337429232895374,0.7781295132637024,0.7788668066263199,0.7801005780696869,0.7845062017440796,0.7894478738307953,0.7929140031337738,0.7946848809719086,0.7954562932252884,0.7965379047393799
46137,-0.7884090542793274,114.45693969726562,223.43846130371094,29.69681085859026,0.7884091138839722,0.7894484102725983,0.005342881660908461,0.7781295132637024,0.7788984119892121,0.7801005780696869,0.7845478951931,0.7894484102725983,0.7929215431213379,0.7946848809719086,0.7954909473657608,0.7965447068214416
46228,-0.7884241938591003,114.42351531982422,223.4700164794922,29.30915151323591,0.7884242534637451,0.7894484102725983,0.005337974522262812,0.7781295132637024,0.7789456933736801,0.7801005780696869,0.7845478951931,0.7894484102725983,0.7929215431213379,0.7946848809719086,0.7954909473657608,0.7965447068214416
46319,-0.7884647846221924,114.51933288574219,223.74879455566406,28.891726630074636,0.7884649038314819,0.7894484102725983,0.005317818373441696,0.778132621049881,0.7789456933736801,0.7801005780696869,0.7845478951931,0.7894484102725983,0.7929215431213379,0.7947595000267029,0.7954909473657608,0.7965447068214416
46410,-0.7884794473648071,114.62821197509766,224.07435607910156,28.421558380126953,0.7884794473648071,0.7894484102725983,0.0053044892847537994,0.7781329119205475,0.7789456933736801,0.7803255617618561,0.7845478951931,0.7894484102725983,0.7929334342479706,0.7947595000267029,0.7954928457736969,0.7965447068214416
46501,-0.788490891456604,114.5526123046875,224.02133178710938,28.026521682739258,0.788490891456604,0.7894484102725983,0.005306537263095379,0.7781329119205475,0.7789456933736801,0.7803255617618561,0.7845478951931,0.7894484102725983,0.7929514944553375,0.7947595000267029,0.7954928457736969,0.7965447068214416
46592,-0.7885181903839111,114.58302307128906,224.16912841796875,27.649266379220144,0.7885181903839111,0.7894812524318695,0.005301118828356266,0.7781409001350403,0.7789456933736801,0.7803789913654328,0.7847138494253159,0.7894812524318695,0.7929514944553375,0.7947595000267029,0.7954928457736969,0.7966204679012299
46683,-0.7885473966598511,114.69697570800781,224.486328125,27.26615606035505,0.7885473370552063,0.7894812524318695,0.00529786990955472,0.7781409001350403,0.7789456933736801,0.7803789913654328,0.7847138494253159,0.7894812524318695,0.7929703146219254,0.7947752237319946,0.7954928457736969,0.7966204679012299
46774,-0.78856360912323,114.69792938232422,224.58920288085938,26.894406454903738,0.7885635495185852,0.7895675003528595,0.005300125572830439,0.7781409001350403,0.7789456933736801,0.7803845942020416,0.7847138494253159,0.7895675003528595,0.7929703146219254,0.7947752237319946,0.7954928457736969,0.7966204679012299
46865,-0.7885956168174744,114.79915618896484,224.85923767089844,26.578302928379603,0.7885955572128296,0.7895675003528595,0.0053091635927557945,0.7781409001350403,0.7789456933736801,0.7803845942020416,0.7847138494253159,0.7895675003528595,0.7931426763534546,0.7947778165340423,0.7955786883831024,0.7966204679012299
46956,-0.7886112928390503,114.92753601074219,225.20352172851562,26.203251157488143,0.7886112332344055,0.7895675003528595,0.005318230018019676,0.7781409001350403,0.7789456933736801,0.7803912103176117,0.7847138494253159,0.7895675003528595,0.7931745052337646,0.7947778165340423,0.7955786883831024,0.796623330116272
47047,-0.7886386513710022,114.9583969116211,225.35594177246094,25.831727981567383,0.7886387705802917,0.7896373867988586,0.005320749245584011,0.7781409001350403,0.7791318744421005,0.780412369966507,0.7847138494253159,0.7896373867988586,0.7932840585708618,0.7947778165340423,0.7955815017223358,0.7966255784034729
47138,-0.7886658310890198,115.1201171875,225.77850341796875,25.365613664899552,0.7886658310890198,0.7897098958492279,0.005333480890840292,0.7781409001350403,0.7791318744421005,0.7804151892662048,0.7847138494253159,0.7897098958492279,0.7932840585708618,0.794898408651352,0.7956074655056,0.7966255784034729
47229,-0.788701057434082,115.16010284423828,225.9641571044922,24.901255471365793,0.7887011170387268,0.7897761464118958,0.005336815491318703,0.7781409001350403,0.7791318744421005,0.7804151892662048,0.7849061638116837,0.7897761464118958,0.7932856231927872,0.794898408651352,0.7956704318523407,0.7966255784034729
47320,-0.7887144088745117,115.30284118652344,226.33416748046875,24.532284872872488,0.7887143492698669,0.7897761464118958,0.005338020157068968,0.7781409001350403,0.7791318744421005,0.7804151892662048,0.7849061638116837,0.7897761464118958,0.7933145612478256,0.794898408651352,0.7956704318523407,0.7966263151168823
47411,-0.788731038570404,115.43278503417969,226.69459533691406,24.124467032296316,0.7887310981750488,0.7897761464118958,0.005347947124391794,0.7781409001350403,0.7791318744421005,0.7804189562797547,0.7849061638116837,0.7897761464118958,0.7933145612478256,0.794898408651352,0.7956725090742112,0.7966263151168823
47502,-0.7887486219406128,115.59767150878906,227.12454223632812,23.709322248186385,0.788748562335968,0.7897761464118958,0.005351124797016382,0.7782709264755249,0.7791318744421005,0.7805013298988343,0.7849317342042923,0.7897761464118958,0.7933145612478256,0.794898408651352,0.795735341310501,0.7966901600360871
47593,-0.7887652516365051,115.74591827392578,227.49600219726562,23.288522447858536,0.7887652516365051,0.7897761464118958,0.005350930150598288,0.7782709264755249,0.7791318744421005,0.7805013298988343,0.7849612385034561,0.7897761464118958,0.7933540940284729,0.794898408651352,0.795735341310501,0.7966905987262726
47684,-0.7887868881225586,115.8936996459961,227.8720245361328,22.856434413364955,0.7887870073318481,0.7898291945457458,0.00534788565710187,0.7782709264755249,0.7791318744421005,0.7805499851703643,0.7849612385034561,0.7898291945457458,0.7933540940284729,0.794898408651352,0.795735341310501,0.7966931164264679
47775,-0.7888020277023315,115.93199157714844,228.03192138671875,22.523609706333705,0.7888020873069763,0.7898291945457458,0.005351633299142122,0.7782709264755249,0.7791318744421005,0.7806285738945007,0.7849612385034561,0.7898291945457458,0.7933943867683411,0.794898408651352,0.795735341310501,0.7966931164264679
47866,-0.7888105511665344,116.0422592163086,228.3378448486328,22.09637996128627,0.7888104915618896,0.7898291945457458,0.0053567467257380486,0.7782709264755249,0.7791318744421005,0.7806285738945007,0.7850159108638763,0.7898291945457458,0.7934251427650452,0.794898408651352,0.796001985669136,0.7966931164264679
47957,-0.7888168096542358,116.1895980834961,228.7306365966797,21.6510808127267,0.7888169288635254,0.7898291945457458,0.005350547377020121,0.7782709264755249,0.7791318744421005,0.7806285738945007,0.7850159108638763,0.7898291945457458,0.7934703826904297,0.794898408651352,0.796001985669136,0.7966931855678558
48048,-0.7888253331184387,116.33098602294922,229.10755920410156,21.22114290509905,0.7888252139091492,0.7898291945457458,0.005346663761883974,0.7782709264755249,0.7791318744421005,0.780790901184082,0.7850159108638763,0.7898291945457458,0.7934703826904297,0.794898408651352,0.796001985669136,0.7966931855678558
48139,-0.7888422012329102,116.51604461669922,229.55734252929688,20.839238030569895,0.7888421416282654,0.7899326384067535,0.0053455280140042305,0.7782709264755249,0.7791318744421005,0.780790901184082,0.7850159108638763,0.7899326384067535,0.7934703826904297,0.794898408651352,0.796001985669136,0.7966931855678558
48230,-0.788860023021698,116.80361938476562,230.20684814453125,20.531442369733536,0.7888599634170532,0.7899326384067535,0.005342948716133833,0.7782709264755249,0.7791318744421005,0.7808115780353546,0.7851854711771011,0.7899326384067535,0.7934703826904297,0.794898408651352,0.796001985669136,0.7966931855678558
48321,-0.7888737916946411,117.12632751464844,230.93980407714844,20.06946018763951,0.7888738512992859,0.7900201976299286,0.0053382874466478825,0.7782709264755249,0.7791359484195709,0.7808233201503754,0.7851854711771011,0.7900201976299286,0.7934703826904297,0.794898408651352,0.796001985669136,0.7966931855678558
48412,-0.7888819575309753,117.32683563232422,231.43838500976562,19.581100463867188,0.7888820171356201,0.7900201976299286,0.00532572390511632,0.7782733857631683,0.7793086767196655,0.780863231420517,0.7851854711771011,0.7900201976299286,0.7934703826904297,0.794898408651352,0.796001985669136,0.7966931855678558
48503,-0.7888928055763245,117.3587646484375,231.59413146972656,19.184602737426758,0.7888928055763245,0.7900201976299286,0.005329838953912258,0.7782733857631683,0.7793086767196655,0.780863231420517,0.7851854711771011,0.7900201976299286,0.7934703826904297,0.7949083864688873,0.7960059970617295,0.7966931855678558
48594,-0.7889004945755005,117.50994110107422,231.9915008544922,18.749311719621932,0.7889004349708557,0.7900201976299286,0.005328844301402569,0.7782733857631683,0.7793086767196655,0.7809368312358856,0.7851854711771011,0.7900201976299286,0.7934703826904297,0.79501371383667,0.7960059970617295,0.7966931855678558
48685,-0.7889224290847778,117.89071655273438,232.83973693847656,18.31565502711705,0.7889224886894226,0.7900201976299286,0.00531955249607563,0.7782761144638062,0.7793086767196655,0.7809368312358856,0.7851854711771011,0.7900201976299286,0.7934832721948624,0.79501371383667,0.7960580915212632,0.7966931855678558
48776,-0.7889418601989746,118.15049743652344,233.44833374023438,17.859460013253347,0.7889418005943298,0.7900201976299286,0.005308524705469608,0.7782761144638062,0.7793086767196655,0.7809989511966705,0.7852264642715454,0.7900201976299286,0.7934968620538712,0.7950165450572968,0.7960580915212632,0.7966931855678558
48867,-0.7889522314071655,118.4832763671875,234.20529174804688,17.399328776768275,0.7889521718025208,0.7900201976299286,0.005315539892762899,0.7782761144638062,0.7793086767196655,0.7809989511966705,0.7852264642715454,0.7900201976299286,0.7934968620538712,0.7950202524662018,0.7961501061916352,0.7966931855678558
48958,-0.7889707684516907,118.7735595703125,234.86358642578125,16.954134804861887,0.7889707684516907,0.7900201976299286,0.005329063627868891,0.7782761144638062,0.7793086767196655,0.7809989511966705,0.7852264642715454,0.7900201976299286,0.7936146408319473,0.7950202524662018,0.7961501061916352,0.7966931855678558
49049,-0.7889824509620667,119.08499908447266,235.5924072265625,16.446337972368514,0.7889823913574219,0.7900201976299286,0.005328207742422819,0.7782761144638062,0.7793086767196655,0.7809989511966705,0.7852264642715454,0.7900201976299286,0.7936146408319473,0.7950202524662018,0.7961501061916352,0.7966931855678558
49140,-0.788991391658783,119.45282745361328,236.3985137939453,16.0211238861084,0.788991391658783,0.7900201976299286,0.0053306277841329575,0.7782761144638062,0.7793086767196655,0.7809989511966705,0.7852264642715454,0.7900201976299286,0.7936146408319473,0.7950202524662018,0.796210128068924,0.7966931855678558
49231,-0.78900146484375,119.8640365600586,237.32022094726562,15.507208279200963,0.78900146484375,0.7900201976299286,0.005336361937224865,0.7782761144638062,0.7793086767196655,0.7809989511966705,0.7852264642715454,0.7900201976299286,0.7936146408319473,0.7950240194797515,0.7963878154754639,0.7966931855678558
49322,-0.7890145182609558,120.23554992675781,238.14785766601562,15.006846019199916,0.789014458656311,0.7900201976299286,0.00533700454980135,0.7782761144638062,0.7793086767196655,0.7809989511966705,0.7852264642715454,0.7900201976299286,0.79368095099926,0.7950240194797515,0.7964525371789932,0.7966931855678558
49413,-0.7890300750732422,120.6669921875,239.10272216796875,14.416690281459264,0.7890300750732422,0.7900201976299286,0.005346862133592367,0.7782761144638062,0.7793086767196655,0.7809989511966705,0.7852264642715454,0.7900201976299286,0.793691411614418,0.7950521588325501,0.7964721292257309,0.7966931855678558
49504,-0.7890372276306152,121.06586456298828,239.990478515625,13.915191922869,0.7890372276306152,0.7900201976299286,0.0053513082675635815,0.7782761144638062,0.7793086767196655,0.7809989511966705,0.7852264642715454,0.7900201976299286,0.7937723994255066,0.7950521588325501,0.7964721292257309,0.7966931855678558
49595,-0.7890434265136719,121.55990600585938,241.0738067626953,13.434961727687291,0.7890434265136719,0.7900201976299286,0.005355983041226864,0.7782761144638062,0.7793086767196655,0.7809989511966705,0.7852264642715454,0.7900201976299286,0.7937850058078766,0.7950521588325501,0.7965544044971467,0.7966931855678558
49686,-0.7890487313270569,122.2506332397461,242.5256805419922,12.902854238237653,0.7890486717224121,0.7900201976299286,0.005358180496841669,0.7782761144638062,0.7793086767196655,0.7809989511966705,0.7852264642715454,0.7900201976299286,0.7937850058078766,0.7950521588325501,0.7966065257787704,0.7967290508747101
49777,-0.7890601754188538,122.85189056396484,243.79690551757812,12.454540525163923,0.789060115814209,0.7900772988796234,0.005359377712011337,0.7782761144638062,0.7793086767196655,0.7809989511966705,0.7852264642715454,0.7900772988796234,0.7937850058078766,0.7950521588325501,0.7966065257787704,0.7967290508747101
49868,-0.789060652256012,123.44160461425781,245.0817108154297,11.78768607548305,0.7890605926513672,0.7900850176811218,0.005359460134059191,0.7782761144638062,0.7793086767196655,0.7809989511966705,0.7852264642715454,0.7900850176811218,0.7937850058078766,0.7950521588325501,0.7966065257787704,0.7967290508747101
49959,-0.7890670895576477,124.24249267578125,246.75238037109375,11.103547641209193,0.7890670895576477,0.7900850176811218,0.005363035947084427,0.7782761144638062,0.7793086767196655,0.7809989511966705,0.7852264642715454,0.7900850176811218,0.7937850058078766,0.7950521588325501,0.7966065257787704,0.7967290508747101
