step,best_fitness,avg_hamming,avg_l1,avg_entropy,mean,median,std,2%,5%,10%,25%,50%,75%,90%,95%,98%
91,-1155.6199951171875,255.9273223876953,16.362199783325195,353.9960414341518,-1155.6199951171875,-1147.0,206.03726196289062,-1579.16,-1486.0,-1412.0,-1277.75,-1147.0,-1004.25,-918.9999999999998,-848.2,-792.7
182,-1273.8599853515625,255.84912109375,18.107173919677734,353.7329581124442,-1273.8599853515625,-1259.0,173.61451721191406,-1589.46,-1561.9,-1505.7,-1387.0,-1259.0,-1142.5,-1071.6,-1033.0,-981.4000000000001
273,-1343.9000244140625,255.77081298828125,19.705455780029297,353.4673592703683,-1343.9000244140625,-1343.0,163.49497985839844,-1707.06,-1601.85,-1562.8,-1445.5,-1343.0,-1239.0,-1117.7,-1097.9,-1066.8400000000001
364,-1387.739990234375,255.6947784423828,21.172252655029297,353.2069658551897,-1387.739990234375,-1375.0,169.22738647460938,-1839.78,-1688.0,-1579.3,-1478.25,-1375.0,-1273.75,-1214.6,-1138.3,-1076.64
455,-1423.9599609375,255.61801147460938,22.542490005493164,352.9459228515625,-1423.9599609375,-1400.5,166.82595825195312,-1839.78,-1710.15,-1618.5,-1513.25,-1400.5,-1308.0,-1220.8,-1210.1000000000001,-1138.8
546,-1448.260009765625,255.5455322265625,23.839818954467773,352.68824550083707,-1448.260009765625,-1415.0,169.47315979003906,-1839.78,-1740.9,-1688.0,-1551.5,-1415.0,-1336.75,-1248.8999999999999,-1220.9,-1209.5600000000004
637,-1468.1400146484375,255.469970703125,25.037487030029297,352.43150547572543,-1468.1400146484375,-1438.0,169.32998657226562,-1839.78,-1745.65,-1707.3,-1575.25,-1438.0,-1352.75,-1264.8,-1234.5,-1218.8400000000001
728,-1476.5,255.38900756835938,26.190519332885742,352.169189453125,-1476.5,-1443.5,171.78977966308594,-1839.78,-1815.6,-1710.3,-1579.0,-1443.5,-1363.0,-1264.8,-1234.5,-1218.8400000000001
819,-1493.219970703125,255.31199645996094,27.2840576171875,351.9104527064732,-1493.219970703125,-1478.5,169.59837341308594,-1839.78,-1815.6,-1713.4,-1583.25,-1478.5,-1373.75,-1287.6999999999998,-1235.95,-1219.0
910,-1517.3800048828125,255.23255920410156,28.359375,351.6458217075893,-1517.3800048828125,-1500.0,160.87149047851562,-1871.14,-1827.2,-1719.0,-1603.5,-1500.0,-1403.5,-1340.9,-1269.75,-1235.98
1001,-1528.659912109375,255.15711975097656,29.370647430419922,351.3899579729353,-1528.6600341796875,-1507.0,161.08937072753906,-1871.14,-1831.4,-1737.5,-1612.75,-1507.0,-1415.0,-1342.9,-1300.4,-1238.94
1092,-1550.219970703125,255.07310485839844,30.330238342285156,351.1273978097098,-1550.219970703125,-1538.5,156.71202087402344,-1871.14,-1831.4,-1746.1,-1653.25,-1538.5,-1439.0,-1369.9,-1320.6,-1264.42
1183,-1556.419921875,254.9931640625,31.2825927734375,350.86446707589283,-1556.4200439453125,-1550.0,154.35543823242188,-1871.14,-1831.4,-1746.1,-1660.25,-1550.0,-1453.0,-1374.5,-1320.6,-1264.9
1274,-1570.9000244140625,254.9171905517578,32.188201904296875,350.6093444824219,-1570.9000244140625,-1557.0,163.6993865966797,-1881.42,-1840.6,-1786.2,-1670.25,-1557.0,-1455.25,-1376.8,-1340.95,-1264.94
1365,-1579.739990234375,254.83802795410156,33.065040588378906,350.3519505092076,-1579.739990234375,-1560.0,159.58656311035156,-1881.42,-1840.6,-1800.6,-1673.5,-1560.0,-1479.5,-1389.8,-1369.3500000000001,-1264.94
1456,-1586.239990234375,254.75949096679688,33.925048828125,350.092049734933,-1586.239990234375,-1569.0,158.06581115722656,-1881.42,-1840.6,-1800.6,-1682.5,-1569.0,-1489.5,-1394.7,-1369.3500000000001,-1264.94
1547,-1609.47998046875,254.67990112304688,34.78416061401367,349.8278590611049,-1609.47998046875,-1582.5,158.63023376464844,-2001.96,-1871.35,-1827.3,-1702.5,-1582.5,-1507.0,-1427.1999999999998,-1387.9,-1340.4000000000003
1638,-1615.0999755859375,254.6061248779297,35.60301208496094,349.57505580357144,-1615.0999755859375,-1586.0,156.4010467529297,-2001.96,-1871.35,-1827.3,-1702.5,-1586.0,-1520.0,-1427.1999999999998,-1387.9,-1341.3400000000001
1729,-1620.02001953125,254.52162170410156,36.392860412597656,349.31334141322543,-1620.02001953125,-1590.5,154.777587890625,-2001.96,-1871.35,-1827.3,-1709.25,-1590.5,-1520.0,-1456.1,-1389.9,-1368.7800000000002
1820,-1638.199951171875,254.43812561035156,37.177879333496094,349.0493905203683,-1638.199951171875,-1611.0,154.96031188964844,-2001.96,-1879.65,-1831.8,-1722.75,-1611.0,-1530.0,-1476.8,-1394.75,-1385.68
1911,-1642.6400146484375,254.3605499267578,37.942413330078125,348.79232352120533,-1642.6400146484375,-1619.0,154.56640625,-2001.96,-1879.65,-1831.8,-1738.25,-1619.0,-1532.25,-1476.8,-1394.75,-1385.68
2002,-1652.47998046875,254.2717742919922,38.714900970458984,348.51842825753346,-1652.47998046875,-1627.5,158.775146484375,-2049.12,-1914.4,-1871.0,-1751.75,-1627.5,-1542.0,-1476.8,-1410.2,-1385.68
2093,-1656.260009765625,254.19052124023438,39.451377868652344,348.25488717215404,-1656.260009765625,-1627.5,155.1221160888672,-2049.12,-1914.4,-1871.0,-1751.75,-1627.5,-1552.25,-1491.8,-1428.1000000000001,-1389.6000000000001
2184,-1659.39990234375,254.09681701660156,40.1777229309082,347.97899954659596,-1659.4000244140625,-1629.0,154.46714782714844,-2049.12,-1914.4,-1871.0,-1751.75,-1629.0,-1555.75,-1491.8,-1428.1000000000001,-1389.6000000000001
2275,-1668.5399169921875,254.01116943359375,40.88018035888672,347.71456037248885,-1668.5400390625,-1639.0,145.73594665527344,-2049.12,-1914.4,-1871.0,-1751.75,-1639.0,-1569.5,-1507.0,-1476.9,-1428.3200000000002
2366,-1669.3800048828125,253.92550659179688,41.598262786865234,347.4451599121094,-1669.3800048828125,-1639.0,145.1007843017578,-2049.12,-1914.4,-1871.0,-1751.75,-1639.0,-1573.75,-1507.0,-1476.9,-1428.3200000000002
2457,-1675.0399169921875,253.83929443359375,42.31210708618164,347.1692330496652,-1675.0400390625,-1649.0,142.4760284423828,-2049.12,-1914.4,-1871.0,-1758.75,-1649.0,-1580.5,-1523.1999999999998,-1482.7,-1428.3200000000002
2548,-1679.159912109375,253.7510223388672,43.00962448120117,346.8949628557478,-1679.1600341796875,-1657.0,138.64500427246094,-2049.12,-1914.4,-1871.0,-1758.75,-1657.0,-1581.75,-1530.9,-1492.5,-1474.0800000000002
2639,-1683.39990234375,253.6548614501953,43.66230773925781,346.61853463309154,-1683.4000244140625,-1657.0,138.62705993652344,-2049.12,-1914.4,-1871.0,-1773.5,-1657.0,-1584.5,-1532.8,-1492.5,-1474.0800000000002
2730,-1690.0399169921875,253.5618133544922,44.336082458496094,346.3380693708147,-1690.0400390625,-1662.0,138.52127075195312,-2049.12,-1935.3,-1871.5,-1775.5,-1662.0,-1593.75,-1543.8,-1515.8000000000002,-1474.0800000000002
2821,-1696.5399169921875,253.46456909179688,45.0108642578125,346.05255126953125,-1696.5400390625,-1668.0,137.51380920410156,-2049.12,-1952.4,-1876.2,-1775.5,-1668.0,-1609.25,-1553.3,-1515.8000000000002,-1474.0800000000002
2912,-1700.1400146484375,253.36483764648438,45.64622497558594,345.76912580217635,-1700.1400146484375,-1676.5,140.99560546875,-2055.88,-1980.1,-1876.2,-1778.5,-1676.5,-1611.0,-1553.3,-1515.8000000000002,-1474.0800000000002
3003,-1702.739990234375,253.27381896972656,46.3029899597168,345.4877275739397,-1702.739990234375,-1683.0,139.2368927001953,-2055.88,-1980.1,-1876.2,-1778.5,-1683.0,-1611.75,-1566.6,-1524.6,-1474.0800000000002
3094,-1703.97998046875,253.17332458496094,46.94194412231445,345.197998046875,-1703.97998046875,-1685.5,139.45616149902344,-2055.88,-1980.1,-1876.2,-1784.75,-1685.5,-1611.75,-1566.6,-1524.6,-1474.0800000000002
3185,-1708.739990234375,253.06976318359375,47.61176681518555,344.89612252371654,-1708.739990234375,-1692.0,139.42880249023438,-2055.88,-1980.1,-1878.7,-1790.25,-1692.0,-1612.0,-1569.8,-1537.9,-1474.0800000000002
3276,-1712.6400146484375,252.97084045410156,48.24272537231445,344.6044616699219,-1712.6400146484375,-1694.5,138.15081787109375,-2055.88,-1980.1,-1878.7,-1791.0,-1694.5,-1614.25,-1575.3999999999999,-1545.65,-1476.0400000000002
3367,-1713.719970703125,252.87435913085938,48.8561897277832,344.3186253138951,-1713.719970703125,-1694.5,138.5888214111328,-2055.88,-1980.1,-1878.7,-1793.0,-1694.5,-1614.25,-1575.3999999999999,-1545.65,-1476.0400000000002
3458,-1719.419921875,252.77102661132812,49.46985626220703,344.0217546735491,-1719.4200439453125,-1695.5,135.64144897460938,-2055.88,-1980.1,-1883.2,-1799.75,-1695.5,-1626.75,-1582.0,-1553.65,-1515.2400000000002
3549,-1722.02001953125,252.66439819335938,50.06364059448242,343.7231881277902,-1722.02001953125,-1696.5,134.1885986328125,-2055.88,-1980.1,-1883.2,-1799.75,-1696.5,-1629.75,-1592.8999999999999,-1553.65,-1515.2400000000002
3640,-1730.7999267578125,252.56649780273438,50.67449188232422,343.4315447126116,-1730.800048828125,-1705.0,128.33447265625,-2055.88,-1980.1,-1886.4,-1802.75,-1705.0,-1632.5,-1600.6,-1579.65,-1538.5600000000002
3731,-1741.2999267578125,252.453369140625,51.24980163574219,343.1257803780692,-1741.300048828125,-1717.0,129.4171905517578,-2055.88,-1983.9,-1903.8,-1827.75,-1717.0,-1639.0,-1603.7,-1581.15,-1546.8400000000001
3822,-1747.52001953125,252.34356689453125,51.83817672729492,342.82017299107144,-1747.52001953125,-1717.5,135.02870178222656,-2085.28,-2003.4,-1916.8,-1831.5,-1717.5,-1639.0,-1606.7,-1582.95,-1546.8400000000001
3913,-1752.919921875,252.22552490234375,52.43568801879883,342.501961844308,-1752.9200439453125,-1720.0,135.50592041015625,-2085.28,-2025.25,-1937.6,-1838.0,-1720.0,-1647.25,-1606.7,-1582.95,-1553.8600000000001
4004,-1762.43994140625,252.10377502441406,53.03190231323242,342.1788242885045,-1762.43994140625,-1725.5,138.62376403808594,-2099.38,-2049.3,-1979.4,-1848.0,-1725.5,-1661.0,-1607.0,-1593.45,-1572.48
4095,-1764.8599853515625,251.9858856201172,53.62189865112305,341.86082676478793,-1764.8599853515625,-1731.5,137.12388610839844,-2099.38,-2049.3,-1979.4,-1848.0,-1731.5,-1665.75,-1607.0,-1593.45,-1572.48
4186,-1767.3599853515625,251.86842346191406,54.17115020751953,341.5486363002232,-1767.3599853515625,-1738.5,137.4627685546875,-2099.38,-2049.3,-1979.4,-1866.75,-1738.5,-1665.75,-1607.0,-1603.5,-1572.48
4277,-1779.0599365234375,251.74200439453125,54.74989700317383,341.2178039550781,-1779.06005859375,-1751.0,140.36758422851562,-2099.38,-2056.25,-1983.6,-1871.0,-1751.0,-1670.0,-1610.6,-1605.9,-1572.48
4368,-1780.739990234375,251.6162109375,55.35417938232422,340.87625558035717,-1780.739990234375,-1751.0,138.9416961669922,-2099.38,-2056.25,-1983.6,-1871.0,-1751.0,-1682.25,-1614.6,-1606.95,-1572.48
4459,-1782.659912109375,251.4853515625,55.91139602661133,340.5450875418527,-1782.6600341796875,-1751.0,137.57000732421875,-2099.38,-2056.25,-1983.6,-1871.0,-1751.0,-1691.5,-1623.6,-1606.95,-1572.48
4550,-1796.219970703125,251.36708068847656,56.4636116027832,340.22523716517856,-1796.219970703125,-1774.0,135.65283203125,-2099.38,-2056.25,-1990.2,-1879.25,-1774.0,-1695.75,-1641.6,-1607.0,-1593.5800000000002
4641,-1803.219970703125,251.24754333496094,57.027217864990234,339.8948451450893,-1803.219970703125,-1779.0,139.28091430664062,-2118.54,-2080.25,-2001.9,-1887.5,-1779.0,-1697.0,-1646.6,-1607.0,-1605.3400000000001
4732,-1804.719970703125,251.119140625,57.6043586730957,339.5515441894531,-1804.719970703125,-1783.0,138.4702911376953,-2118.54,-2080.25,-2001.9,-1887.5,-1783.0,-1703.25,-1646.6,-1607.0,-1605.3400000000001
4823,-1811.6400146484375,250.9729461669922,58.13269805908203,339.20047869001115,-1811.6400146484375,-1786.5,138.44757080078125,-2118.54,-2080.25,-2001.9,-1900.0,-1786.5,-1709.75,-1646.6,-1607.0,-1605.46
4914,-1817.0399169921875,250.83773803710938,58.67095184326172,338.8544921875,-1817.0400390625,-1789.5,138.22525024414062,-2118.54,-2080.25,-2010.9,-1905.0,-1789.5,-1715.25,-1648.8,-1607.0,-1605.46
5005,-1826.97998046875,250.68531799316406,59.20706558227539,338.4920915876116,-1826.97998046875,-1803.5,139.78419494628906,-2145.44,-2085.7,-2019.5,-1912.75,-1803.5,-1717.0,-1661.9,-1625.95,-1605.46
5096,-1841.0799560546875,250.53176879882812,59.739742279052734,338.1284920828683,-1841.0799560546875,-1831.5,143.0447998046875,-2167.5,-2119.35,-2057.5,-1920.0,-1831.5,-1721.0,-1665.9,-1646.8,-1624.64
5187,-1848.159912109375,250.3683319091797,60.25846481323242,337.75634765625,-1848.1600341796875,-1836.5,145.1564483642578,-2167.5,-2119.35,-2080.5,-1932.25,-1836.5,-1724.25,-1666.0,-1648.9,-1625.98
5278,-1854.419921875,250.21224975585938,60.773033142089844,337.39001028878346,-1854.4200439453125,-1842.5,144.58865356445312,-2167.5,-2119.35,-2080.5,-1935.0,-1842.5,-1731.0,-1687.6,-1660.4,-1625.98
5369,-1860.3199462890625,250.04811096191406,61.29866027832031,337.00775146484375,-1860.3199462890625,-1845.0,142.98866271972656,-2167.5,-2119.35,-2080.5,-1950.0,-1845.0,-1748.5,-1696.9,-1664.2,-1625.98
5460,-1864.1400146484375,249.89730834960938,61.81236267089844,336.64317539760043,-1864.1400146484375,-1845.0,143.32423400878906,-2167.5,-2119.35,-2086.4,-1968.25,-1845.0,-1751.0,-1697.0,-1665.95,-1646.5800000000002
5551,-1867.47998046875,249.73184204101562,62.31767272949219,336.265877859933,-1867.47998046875,-1845.0,140.08837890625,-2167.5,-2119.35,-2086.4,-1968.25,-1845.0,-1772.5,-1705.8,-1695.7,-1646.5800000000002
5642,-1868.8399658203125,249.56817626953125,62.838775634765625,335.87925502232144,-1868.8399658203125,-1846.0,139.5738983154297,-2167.5,-2119.35,-2086.4,-1968.25,-1846.0,-1772.5,-1708.5,-1695.7,-1646.5800000000002
5733,-1879.43994140625,249.40283203125,63.32284927368164,335.5043160574777,-1879.43994140625,-1865.5,143.7077178955078,-2167.5,-2145.45,-2099.0,-1984.5,-1865.5,-1773.0,-1708.5,-1695.7,-1646.5800000000002
5824,-1888.699951171875,249.22625732421875,63.83646011352539,335.1063145228795,-1888.699951171875,-1870.0,145.26145935058594,-2192.26,-2154.6,-2099.4,-1994.75,-1870.0,-1774.5,-1715.3,-1697.0,-1646.5800000000002
5915,-1912.3599853515625,249.04336547851562,64.34400939941406,334.7000732421875,-1912.3599853515625,-1899.0,148.01976013183594,-2205.52,-2168.25,-2107.2,-2011.75,-1899.0,-1786.75,-1717.9,-1703.85,-1696.8600000000001
6006,-1917.3199462890625,248.856689453125,64.83531188964844,334.29239763532365,-1917.3199462890625,-1901.0,144.22093200683594,-2205.52,-2168.25,-2107.2,-2011.75,-1901.0,-1804.5,-1717.9,-1703.85,-1696.8600000000001
6097,-1928.47998046875,248.67062377929688,65.33741760253906,333.8863002232143,-1928.47998046875,-1903.0,141.50897216796875,-2205.52,-2168.25,-2119.8,-2028.5,-1903.0,-1816.5,-1751.0,-1715.75,-1696.8600000000001
6188,-1933.4599609375,248.48324584960938,65.81857299804688,333.4794703892299,-1933.4599609375,-1910.5,138.55226135253906,-2205.52,-2168.25,-2119.8,-2028.5,-1910.5,-1835.25,-1768.9999999999998,-1717.9,-1700.92
6279,-1951.179931640625,248.2974395751953,66.30956268310547,333.0664978027344,-1951.1800537109375,-1939.0,150.54443359375,-2231.36,-2205.0,-2145.9,-2055.5,-1939.0,-1846.5,-1768.9999999999998,-1717.9,-1700.92
6370,-1963.89990234375,248.09161376953125,66.79360961914062,332.6317705426897,-1963.9000244140625,-1978.5,149.62464904785156,-2231.36,-2205.0,-2154.5,-2064.75,-1978.5,-1846.5,-1772.8,-1748.4,-1708.8400000000001
6461,-1973.0999755859375,247.88241577148438,67.25989532470703,332.1989964076451,-1973.0999755859375,-1992.0,150.28814697265625,-2231.36,-2205.0,-2159.7,-2081.25,-1992.0,-1854.5,-1772.8,-1750.95,-1708.8400000000001
6552,-1980.2799072265625,247.67938232421875,67.73854064941406,331.7663269042969,-1980.280029296875,-2000.5,147.3733367919922,-2231.36,-2205.0,-2159.7,-2087.75,-2000.5,-1869.75,-1786.6,-1759.55,-1710.8
6643,-1985.5799560546875,247.46444702148438,68.19244384765625,331.3328857421875,-1985.5799560546875,-2000.5,141.96620178222656,-2231.36,-2205.0,-2159.7,-2087.75,-2000.5,-1872.5,-1793.9,-1771.0,-1750.2000000000003
6734,-1992.47998046875,247.25144958496094,68.64071655273438,330.89660208565846,-1992.47998046875,-2005.5,138.7983856201172,-2231.36,-2205.0,-2159.7,-2096.75,-2005.5,-1886.5,-1796.7,-1782.4,-1759.0200000000002
6825,-2008.179931640625,247.03660583496094,69.09745788574219,330.4549298967634,-2008.1800537109375,-2014.0,140.06336975097656,-2250.88,-2205.8,-2166.1,-2103.75,-2014.0,-1887.75,-1820.9,-1788.9,-1770.78
6916,-2016.5599365234375,246.8091583251953,69.55760955810547,329.9949210030692,-2016.56005859375,-2020.0,141.8591766357422,-2250.88,-2221.0,-2192.3,-2121.25,-2020.0,-1909.75,-1820.9,-1788.9,-1770.78
7007,-2034.2799072265625,246.57244873046875,69.99620819091797,329.53212193080356,-2034.280029296875,-2030.0,145.16783142089844,-2283.22,-2249.8,-2205.4,-2137.75,-2030.0,-1954.0,-1824.6,-1792.8,-1770.78
7098,-2049.239990234375,246.3391571044922,70.45297241210938,329.0671081542969,-2049.239990234375,-2041.0,142.8408966064453,-2327.32,-2274.4,-2221.0,-2145.25,-2041.0,-1969.0,-1842.8999999999999,-1796.85,-1782.76
7189,-2073.659912109375,246.1088409423828,70.91822814941406,328.59472220284596,-2073.659912109375,-2084.0,149.7783203125,-2413.04,-2327.8,-2250.6,-2166.25,-2084.0,-1992.0,-1863.1999999999998,-1819.3,-1792.5600000000002
7280,-2082.239990234375,245.87533569335938,71.36390686035156,328.1240452357701,-2082.239990234375,-2094.5,148.25450134277344,-2413.04,-2327.8,-2250.6,-2176.25,-2094.5,-2001.75,-1870.3999999999999,-1830.7,-1792.5600000000002
7371,-2109.83984375,245.63026428222656,71.81410217285156,327.64190673828125,-2109.840087890625,-2115.5,143.75782775878906,-2413.04,-2355.55,-2274.8,-2200.0,-2115.5,-2020.0,-1890.8,-1846.85,-1805.76
7462,-2112.93994140625,245.37664794921875,72.24513244628906,327.1553737095424,-2112.93994140625,-2115.5,146.1308135986328,-2414.02,-2368.35,-2282.5,-2204.5,-2115.5,-2020.0,-1890.8,-1846.85,-1805.76
7553,-2130.06005859375,245.11473083496094,72.66357421875,326.66161673409596,-2130.06005859375,-2127.5,145.7815399169922,-2416.24,-2413.0,-2328.6,-2221.0,-2127.5,-2034.5,-1956.3999999999999,-1884.65,-1831.2400000000002
7644,-2145.679931640625,244.8520965576172,73.11178588867188,326.15503365652904,-2145.679931640625,-2144.0,151.18397521972656,-2477.76,-2413.05,-2355.3,-2229.5,-2144.0,-2048.75,-1975.8999999999999,-1888.8,-1831.2400000000002
7735,-2150.260009765625,244.57608032226562,73.53034210205078,325.6424778529576,-2150.260009765625,-2145.5,151.36337280273438,-2477.76,-2413.05,-2355.3,-2238.5,-2145.5,-2050.0,-1983.3999999999999,-1888.8,-1831.2400000000002
7826,-2171.02001953125,244.30955505371094,73.93363189697266,325.1400669642857,-2171.02001953125,-2148.0,153.88027954101562,-2515.58,-2415.1,-2394.3,-2251.5,-2148.0,-2084.75,-2000.9,-1953.85,-1843.76
7917,-2182.260009765625,244.04066467285156,74.34544372558594,324.6325422014509,-2182.260009765625,-2169.0,151.36642456054688,-2515.58,-2415.1,-2394.3,-2260.5,-2169.0,-2094.75,-2007.0,-1953.85,-1843.76
8008,-2190.97998046875,243.7600555419922,74.77323913574219,324.1050938197545,-2190.97998046875,-2182.5,146.98739624023438,-2515.58,-2415.1,-2394.3,-2266.0,-2182.5,-2099.0,-2013.9,-1997.7,-1843.76
8099,-2207.9599609375,243.4867706298828,75.19529724121094,323.5873805454799,-2207.9599609375,-2198.0,148.12109375,-2545.1,-2450.65,-2413.0,-2281.75,-2198.0,-2119.5,-2047.7999999999997,-2006.75,-1843.76
8190,-2220.89990234375,243.21990966796875,75.61196899414062,323.07372610909596,-2220.89990234375,-2209.0,149.3066864013672,-2599.08,-2479.55,-2414.1,-2285.5,-2209.0,-2129.0,-2052.7,-2006.75,-1919.3200000000002
8281,-2244.619873046875,242.94320678710938,76.01058197021484,322.5525381905692,-2244.6201171875,-2222.0,157.84864807128906,-2603.12,-2535.45,-2450.1,-2332.5,-2222.0,-2145.75,-2080.7,-2012.9,-1976.8400000000001
8372,-2258.06005859375,242.6519775390625,76.41522979736328,322.01273454938615,-2258.06005859375,-2232.5,161.5110321044922,-2603.12,-2550.2,-2464.4,-2352.75,-2232.5,-2160.75,-2081.6,-2012.9,-1976.8400000000001
8463,-2271.800048828125,242.3362274169922,76.81609344482422,321.4455784388951,-2271.800048828125,-2251.5,156.08837890625,-2603.12,-2550.2,-2464.4,-2368.75,-2251.5,-2178.5,-2090.8,-2052.85,-2005.2600000000004
8554,-2292.919921875,242.0279541015625,77.23052978515625,320.8805585588728,-2292.919921875,-2265.0,169.42742919921875,-2611.96,-2599.15,-2528.7,-2393.0,-2265.0,-2192.75,-2093.7,-2057.75,-2011.1400000000003
8645,-2311.9599609375,241.721923828125,77.60411834716797,320.3306230817522,-2311.9599609375,-2293.0,167.55722045898438,-2611.96,-2599.15,-2535.8,-2407.75,-2293.0,-2215.0,-2122.3999999999996,-2059.9,-2011.1400000000003
8736,-2331.06005859375,241.38551330566406,77.95336151123047,319.75646536690846,-2331.06005859375,-2314.5,170.80648803710938,-2758.06,-2602.05,-2543.1,-2427.0,-2314.5,-2228.75,-2135.2999999999997,-2087.4500000000003,-2012.1000000000001
8827,-2345.139892578125,241.06448364257812,78.35939025878906,319.173086983817,-2345.139892578125,-2328.0,173.1357879638672,-2758.06,-2602.05,-2547.2,-2451.0,-2328.0,-2228.75,-2155.2,-2089.35,-2012.1000000000001
8918,-2369.739990234375,240.73770141601562,78.7502670288086,318.5863996233259,-2369.739990234375,-2366.0,172.8609619140625,-2758.06,-2603.05,-2567.6,-2479.75,-2366.0,-2254.75,-2169.0,-2093.85,-2033.6600000000003
9009,-2377.35986328125,240.41439819335938,79.13572692871094,318.00879342215404,-2377.360107421875,-2376.0,176.45863342285156,-2758.06,-2610.15,-2599.2,-2506.0,-2376.0,-2266.5,-2169.0,-2093.85,-2033.6600000000003
9100,-2428.419921875,240.06625366210938,79.47924041748047,317.4208286830357,-2428.419921875,-2424.0,186.67459106445312,-2877.16,-2811.05,-2604.5,-2540.75,-2424.0,-2315.25,-2207.7,-2150.4,-2088.5400000000004
9191,-2446.97998046875,239.71763610839844,79.8121109008789,316.8267735072545,-2446.97998046875,-2438.5,184.33724975585938,-2877.16,-2811.05,-2686.2,-2554.0,-2438.5,-2319.75,-2214.4,-2185.95,-2148.82
9282,-2468.0400390625,239.3770294189453,80.177490234375,316.2308131626674,-2468.0400390625,-2451.0,190.4653778076172,-2885.38,-2831.2,-2710.2,-2573.5,-2451.0,-2329.0,-2256.8,-2186.95,-2150.78
9373,-2508.739990234375,239.02374267578125,80.52845764160156,315.62459455217635,-2508.739990234375,-2477.0,181.1468963623047,-2885.38,-2836.65,-2777.1,-2633.5,-2477.0,-2373.5,-2290.7999999999997,-2257.0,-2195.78
9464,-2525.139892578125,238.6865997314453,80.89574432373047,315.02352469308033,-2525.139892578125,-2517.5,181.2001190185547,-2891.26,-2868.45,-2797.4,-2644.5,-2517.5,-2412.5,-2290.7999999999997,-2257.0,-2195.78
9555,-2553.02001953125,238.3326873779297,81.23867797851562,314.42137363978793,-2553.02001953125,-2546.0,188.00888061523438,-2921.12,-2885.3,-2823.8,-2673.75,-2546.0,-2428.75,-2312.8,-2264.6,-2195.78
9646,-2592.619873046875,237.968994140625,81.54620361328125,313.8119158063616,-2592.6201171875,-2576.0,175.6129608154297,-2927.78,-2891.65,-2834.7,-2699.0,-2576.0,-2467.0,-2401.7999999999997,-2309.5,-2264.02
9737,-2609.760009765625,237.59507751464844,81.8717269897461,313.18409946986606,-2609.760009765625,-2609.5,178.970947265625,-2967.02,-2904.85,-2868.1,-2714.0,-2609.5,-2476.0,-2414.6,-2341.4,-2264.02
9828,-2625.31982421875,237.22637939453125,82.1959228515625,312.5627920968192,-2625.320068359375,-2610.0,183.63571166992188,-3017.32,-2928.95,-2885.6,-2745.25,-2610.0,-2503.75,-2424.8,-2377.2000000000003,-2279.7000000000003
9919,-2656.89990234375,236.83529663085938,82.51548767089844,311.9235621861049,-2656.89990234375,-2629.0,198.0089111328125,-3034.94,-2974.8,-2921.5,-2777.75,-2629.0,-2530.0,-2429.5,-2401.8,-2279.7000000000003
10010,-2682.679931640625,236.43402099609375,82.84087371826172,311.2662266322545,-2682.679931640625,-2659.0,206.61122131347656,-3133.86,-3017.8,-2963.3,-2812.0,-2659.0,-2538.25,-2440.9,-2422.7,-2377.0400000000004
10101,-2710.579833984375,236.035400390625,83.15023803710938,310.6087210518973,-2710.580078125,-2696.0,214.50341796875,-3323.44,-3076.1,-2973.7,-2824.5,-2696.0,-2552.5,-2466.2,-2424.9,-2408.4000000000005
10192,-2729.099853515625,235.64260864257812,83.44854736328125,309.9637930733817,-2729.10009765625,-2708.0,217.71304321289062,-3323.44,-3098.65,-2983.3,-2857.5,-2708.0,-2574.5,-2501.2,-2424.9,-2408.4000000000005
10283,-2768.4599609375,235.24188232421875,83.76185607910156,309.3011038643973,-2768.4599609375,-2747.5,218.26170349121094,-3346.04,-3207.6,-3020.8,-2879.0,-2747.5,-2610.0,-2542.9,-2502.7000000000003,-2416.88
10374,-2788.239990234375,234.85121154785156,84.07958984375,308.6477966308594,-2788.239990234375,-2774.5,218.42198181152344,-3346.04,-3207.6,-3055.2,-2915.75,-2774.5,-2615.25,-2550.9,-2506.9,-2458.04
10465,-2802.3798828125,234.4668731689453,84.36400604248047,308.01344081333707,-2802.3798828125,-2783.0,217.66000366210938,-3346.04,-3207.6,-3055.2,-2944.0,-2783.0,-2645.5,-2550.9,-2506.9,-2458.04
10556,-2830.760009765625,234.05810546875,84.64807891845703,307.35009329659596,-2830.760009765625,-2819.5,225.10264587402344,-3350.94,-3224.2,-3079.2,-2969.25,-2819.5,-2676.25,-2556.7,-2507.0,-2458.04
10647,-2847.35986328125,233.64981079101562,84.94955444335938,306.67234584263394,-2847.360107421875,-2835.0,216.29391479492188,-3350.94,-3224.2,-3079.2,-2979.25,-2835.0,-2701.25,-2588.8,-2531.7000000000003,-2484.48
10738,-2864.81982421875,233.22254943847656,85.20614624023438,305.99574497767856,-2864.820068359375,-2847.0,211.8337860107422,-3350.94,-3224.2,-3118.3,-2989.25,-2847.0,-2742.0,-2602.6,-2552.9500000000003,-2484.48
10829,-2892.300048828125,232.81427001953125,85.48443603515625,305.3255179268973,-2892.300048828125,-2887.0,212.36178588867188,-3350.94,-3232.75,-3208.1,-3013.5,-2887.0,-2748.75,-2608.4,-2572.05,-2506.32
10920,-2904.47998046875,232.39825439453125,85.78592681884766,304.6354064941406,-2904.47998046875,-2896.5,210.95314025878906,-3390.14,-3324.1,-3208.2,-3015.5,-2896.5,-2752.75,-2617.0,-2573.95,-2532.48
11011,-2930.639892578125,231.99209594726562,86.05311584472656,303.97171892438615,-2930.639892578125,-2935.5,213.93569946289062,-3397.6,-3345.25,-3219.3,-3051.5,-2935.5,-2772.5,-2660.9999999999995,-2608.7,-2572.62
11102,-2967.239990234375,231.55174255371094,86.32836151123047,303.25834001813615,-2967.239990234375,-2963.5,210.63067626953125,-3427.98,-3352.0,-3231.0,-3069.0,-2963.5,-2815.0,-2716.9,-2678.8,-2598.48
11193,-2994.35986328125,231.1138916015625,86.60037994384766,302.55035400390625,-2994.360107421875,-2977.0,208.78363037109375,-3427.98,-3379.55,-3290.0,-3130.75,-2977.0,-2828.5,-2737.5,-2696.3,-2673.34
11284,-3032.260009765625,230.68594360351562,86.86690521240234,301.8490295410156,-3032.260009765625,-3023.0,214.28036499023438,-3427.98,-3390.35,-3325.2,-3180.25,-3023.0,-2893.25,-2747.3999999999996,-2707.7000000000003,-2673.34
11375,-3055.89990234375,230.24661254882812,87.13224792480469,301.13924734933033,-3055.89990234375,-3044.5,204.66580200195312,-3427.98,-3390.35,-3325.2,-3206.25,-3044.5,-2912.5,-2803.2,-2716.95,-2708.32
11466,-3087.02001953125,229.8155059814453,87.39755249023438,300.4363577706473,-3087.02001953125,-3063.5,206.7192840576172,-3479.06,-3397.6,-3351.5,-3219.75,-3063.5,-2955.0,-2826.9,-2766.25,-2715.86
11557,-3105.699951171875,229.37197875976562,87.64568328857422,299.7310311453683,-3105.699951171875,-3102.0,202.24710083007812,-3479.06,-3409.9,-3368.1,-3222.25,-3102.0,-2971.5,-2836.0,-2771.9500000000003,-2715.86
11648,-3122.059814453125,228.8988800048828,87.86827850341797,298.99661690848217,-3122.06005859375,-3114.5,201.58615112304688,-3529.04,-3427.95,-3379.9,-3224.25,-3114.5,-2982.25,-2904.5999999999995,-2772.4500000000003,-2715.86
11739,-3156.9599609375,228.44384765625,88.12055969238281,298.2691170828683,-3156.9599609375,-3164.0,199.16551208496094,-3558.44,-3447.5,-3388.2,-3296.0,-3164.0,-3005.5,-2944.1,-2863.15,-2742.46
11830,-3174.739990234375,227.96600341796875,88.35053253173828,297.5221514020647,-3174.739990234375,-3196.0,205.845947265625,-3591.76,-3529.55,-3410.2,-3324.75,-3196.0,-3008.5,-2952.2999999999997,-2863.15,-2742.46
11921,-3216.159912109375,227.50457763671875,88.56818389892578,296.796377999442,-3216.159912109375,-3218.0,218.49411010742188,-3712.0,-3558.2,-3477.7,-3364.25,-3218.0,-3060.5,-2952.2999999999997,-2910.05,-2773.38
12012,-3252.919921875,227.032958984375,88.79463195800781,296.0628749302455,-3252.919921875,-3242.0,229.16189575195312,-3761.6,-3619.5,-3531.5,-3397.25,-3242.0,-3102.0,-2970.6,-2915.35,-2773.38
12103,-3289.239990234375,226.5605926513672,89.00580596923828,295.3308585030692,-3289.239990234375,-3304.0,235.9498291015625,-3792.9,-3633.1,-3559.4,-3419.5,-3304.0,-3139.0,-2984.8,-2915.35,-2852.4000000000005
12194,-3327.83984375,226.10398864746094,89.21701049804688,294.6093967982701,-3327.840087890625,-3351.5,224.73280334472656,-3850.72,-3713.5,-3588.4,-3440.5,-3351.5,-3177.0,-3045.5,-2966.3,-2895.1600000000003
12285,-3369.679931640625,225.6201629638672,89.45673370361328,293.84315272739957,-3369.679931640625,-3383.0,237.37379455566406,-3888.94,-3793.95,-3645.3,-3502.5,-3383.0,-3203.5,-3087.1,-2982.9,-2951.86
12376,-3386.0400390625,225.14955139160156,89.65360260009766,293.1095232282366,-3386.0400390625,-3387.0,238.42706298828125,-3962.44,-3850.05,-3714.0,-3523.0,-3387.0,-3210.5,-3103.0,-3006.9,-2966.34
12467,-3410.280029296875,224.67434692382812,89.8713607788086,292.3602076939174,-3410.280029296875,-3400.0,242.9785614013672,-3962.44,-3866.05,-3757.4,-3538.25,-3400.0,-3234.0,-3133.9,-3006.9,-2966.34
12558,-3440.099853515625,224.17808532714844,90.08026123046875,291.5870448521205,-3440.10009765625,-3417.0,234.01034545898438,-3962.44,-3887.65,-3764.0,-3570.0,-3417.0,-3305.0,-3156.7,-3100.1000000000004,-2973.86
12649,-3465.85986328125,223.69406127929688,90.27438354492188,290.8367658342634,-3465.860107421875,-3438.5,238.5022430419922,-3962.44,-3887.65,-3782.0,-3602.5,-3438.5,-3337.75,-3183.2,-3100.1000000000004,-2973.86
12740,-3510.419921875,223.20712280273438,90.48297882080078,290.0663626534598,-3510.419921875,-3509.5,244.59347534179688,-4033.04,-3955.3,-3850.1,-3651.5,-3509.5,-3366.75,-3192.4,-3104.0,-2982.82
12831,-3559.659912109375,222.7090301513672,90.67459869384766,289.2937316894531,-3559.659912109375,-3542.0,264.47296142578125,-4119.56,-3987.4,-3867.1,-3713.0,-3542.0,-3409.5,-3259.5,-3139.15,-2982.82
12922,-3593.85986328125,222.21612548828125,90.85309600830078,288.53118896484375,-3593.860107421875,-3585.0,275.38897705078125,-4300.86,-4039.0,-3892.9,-3752.5,-3585.0,-3429.25,-3296.4,-3139.15,-2982.82
13013,-3644.219970703125,221.72792053222656,91.03351593017578,287.77633231026783,-3644.219970703125,-3602.0,291.00787353515625,-4343.98,-4173.3,-3979.6,-3791.5,-3602.0,-3468.0,-3342.4999999999995,-3201.8500000000004,-3083.4400000000005
13104,-3665.559814453125,221.24533081054688,91.24371337890625,287.0111301967076,-3665.56005859375,-3641.0,283.7934875488281,-4343.98,-4173.3,-3988.9,-3811.0,-3641.0,-3504.0,-3386.8999999999996,-3281.9500000000003,-3096.1800000000003
13195,-3699.159912109375,220.74649047851562,91.43540954589844,286.2343270438058,-3699.159912109375,-3661.0,271.00189208984375,-4343.98,-4173.3,-4068.9,-3826.5,-3661.0,-3530.25,-3421.2999999999997,-3350.2000000000003,-3202.8600000000006
13286,-3731.39990234375,220.24623107910156,91.62601470947266,285.4506312779018,-3731.39990234375,-3716.0,264.7388000488281,-4343.98,-4173.3,-4113.2,-3862.0,-3716.0,-3549.0,-3463.7,-3395.75,-3204.78
13377,-3758.47998046875,219.74716186523438,91.79449462890625,284.6850280761719,-3758.47998046875,-3742.5,257.5574951171875,-4343.98,-4201.8,-4116.4,-3894.25,-3742.5,-3583.0,-3486.6,-3404.65,-3284.1600000000003
13468,-3792.599853515625,219.2402801513672,91.97369384765625,283.9031764439174,-3792.60009765625,-3773.5,278.63421630859375,-4396.1,-4221.15,-4133.1,-3939.25,-3773.5,-3586.0,-3513.2999999999997,-3444.9,-3284.1600000000003
13559,-3823.280029296875,218.7273406982422,92.12071990966797,283.1222446986607,-3823.280029296875,-3810.0,278.4169006347656,-4396.1,-4221.15,-4154.8,-3982.0,-3810.0,-3604.5,-3524.0,-3444.9,-3336.96
13650,-3847.260009765625,218.19842529296875,92.27340698242188,282.32438005719865,-3847.260009765625,-3827.0,270.52288818359375,-4396.1,-4298.1,-4178.2,-3983.5,-3827.0,-3661.5,-3579.0,-3492.6000000000004,-3351.6600000000003
13741,-3866.89990234375,217.66015625,92.43163299560547,281.5027770996094,-3866.89990234375,-3846.5,278.6186828613281,-4396.1,-4302.15,-4190.2,-4043.25,-3846.5,-3661.5,-3579.0,-3492.6000000000004,-3351.6600000000003
13832,-3883.93994140625,217.1548614501953,92.57328796386719,280.7312752859933,-3883.93994140625,-3863.0,280.4909362792969,-4396.1,-4302.15,-4202.6,-4067.5,-3863.0,-3661.5,-3579.0,-3492.6000000000004,-3403.96
13923,-3925.83984375,216.63356018066406,92.73534393310547,279.9259033203125,-3925.840087890625,-3908.0,274.5873107910156,-4422.56,-4320.7,-4267.8,-4102.25,-3908.0,-3739.0,-3604.6,-3512.35,-3417.6800000000003
14014,-3947.93994140625,216.12811279296875,92.90097045898438,279.1340593610491,-3947.93994140625,-3921.0,273.9895324707031,-4422.56,-4353.4,-4275.3,-4134.0,-3921.0,-3745.5,-3612.2999999999997,-3577.6,-3418.4
14105,-3968.93994140625,215.58494567871094,93.02824401855469,278.31380353655135,-3968.93994140625,-3962.0,266.2453308105469,-4422.56,-4362.55,-4298.2,-4149.5,-3962.0,-3764.0,-3674.7,-3605.55,-3418.4
14196,-4009.97998046875,215.06222534179688,93.16378784179688,277.51656668526783,-4009.97998046875,-4024.0,254.6403350830078,-4422.56,-4381.55,-4311.6,-4180.0,-4024.0,-3826.5,-3687.7,-3624.9,-3576.4200000000005
14287,-4033.4599609375,214.52755737304688,93.31864166259766,276.6923828125,-4033.4599609375,-4066.0,243.4906463623047,-4422.56,-4381.55,-4311.6,-4189.0,-4066.0,-3864.5,-3708.8,-3662.65,-3595.1600000000003
14378,-4055.219970703125,214.02369689941406,93.46033477783203,275.9116734095982,-4055.219970703125,-4066.0,259.0069580078125,-4587.2,-4425.8,-4362.7,-4211.0,-4066.0,-3876.25,-3737.7999999999997,-3662.65,-3595.1600000000003
14469,-4100.56005859375,213.50257873535156,93.60179901123047,275.1011701311384,-4100.56005859375,-4093.0,262.5616760253906,-4587.2,-4555.5,-4407.3,-4279.75,-4093.0,-3918.75,-3756.8,-3688.35,-3605.9
14560,-4119.8798828125,212.99981689453125,93.7285385131836,274.3254874093192,-4119.8798828125,-4100.5,251.9574737548828,-4587.2,-4555.5,-4407.3,-4291.0,-4100.5,-3949.75,-3771.2999999999997,-3688.35,-3661.86
14651,-4144.35986328125,212.4825439453125,93.84477233886719,273.5444074358259,-4144.35986328125,-4124.5,245.9923095703125,-4597.0,-4565.1,-4426.6,-4316.0,-4124.5,-3961.75,-3826.2,-3744.15,-3675.7400000000002
14742,-4177.7998046875,211.94798278808594,93.961181640625,272.7387477329799,-4177.7998046875,-4170.5,242.4546661376953,-4597.16,-4568.0,-4552.3,-4330.0,-4170.5,-4013.0,-3878.2,-3805.4,-3708.6
14833,-4206.35986328125,211.38906860351562,94.05819702148438,271.90625435965404,-4206.35986328125,-4233.0,235.29421997070312,-4597.16,-4568.5,-4552.3,-4357.25,-4233.0,-4054.0,-3918.2999999999997,-3826.6,-3744.86
14924,-4233.35986328125,210.84173583984375,94.16463470458984,271.07991681780135,-4233.35986328125,-4261.5,243.88967895507812,-4705.24,-4597.0,-4561.4,-4375.0,-4261.5,-4074.75,-3924.4,-3899.7500000000005,-3744.86
15015,-4253.1201171875,210.33082580566406,94.29186248779297,270.27999005998885,-4253.1201171875,-4276.0,251.606201171875,-4843.42,-4608.95,-4567.0,-4395.25,-4276.0,-4080.5,-3928.7,-3899.7500000000005,-3744.86
15106,-4272.85986328125,209.81072998046875,94.39604187011719,269.4857482910156,-4272.85986328125,-4283.5,252.07125854492188,-4843.42,-4704.55,-4571.8,-4409.25,-4283.5,-4087.25,-3987.6,-3906.85,-3744.86
15197,-4303.580078125,209.2885284423828,94.50867462158203,268.6774204799107,-4303.580078125,-4312.0,256.40289306640625,-4843.42,-4772.65,-4597.8,-4450.75,-4312.0,-4124.75,-4009.0,-3906.85,-3745.1400000000003
15288,-4330.7197265625,208.7496337890625,94.59449768066406,267.8737574986049,-4330.72021484375,-4330.0,268.646728515625,-4913.68,-4837.25,-4644.8,-4492.0,-4330.0,-4168.25,-4013.0,-3906.85,-3745.1400000000003
15379,-4371.81982421875,208.2276611328125,94.70339965820312,267.0740748814174,-4371.81982421875,-4357.5,249.77987670898438,-4949.14,-4840.25,-4702.7,-4512.75,-4357.5,-4196.25,-4062.4,-4013.0,-3903.02
15470,-4421.73974609375,207.71554565429688,94.81077575683594,266.2832815987723,-4421.740234375,-4395.0,254.1731414794922,-4981.48,-4914.7,-4788.2,-4558.0,-4395.0,-4267.75,-4127.3,-4057.0,-3906.94
15561,-4455.10009765625,207.20423889160156,94.94699096679688,265.4665091378348,-4455.10009765625,-4416.0,269.97467041015625,-5054.2,-4948.5,-4823.2,-4606.5,-4416.0,-4286.25,-4165.099999999999,-4062.7,-3906.94
15652,-4480.4599609375,206.66064453125,95.02203369140625,264.65465000697543,-4480.4599609375,-4446.0,266.9071044921875,-5054.2,-4948.5,-4881.3,-4653.25,-4446.0,-4302.5,-4181.5,-4073.75,-3939.34
15743,-4499.14013671875,206.1519012451172,95.11534881591797,263.8740713936942,-4499.14013671875,-4478.0,265.2321472167969,-5054.2,-4948.5,-4881.3,-4691.0,-4478.0,-4316.75,-4193.7,-4084.45,-3939.34
15834,-4523.06005859375,205.6396026611328,95.20565795898438,263.0883265904018,-4523.06005859375,-4513.5,268.5399475097656,-5054.2,-4980.05,-4914.4,-4698.0,-4513.5,-4351.0,-4193.7,-4084.9,-3939.34
15925,-4548.27978515625,205.10418701171875,95.28213500976562,262.2724914550781,-4548.27978515625,-4546.0,260.01251220703125,-5054.2,-4980.05,-4914.4,-4710.75,-4546.0,-4386.5,-4193.7,-4084.9,-4071.7000000000003
16016,-4594.7197265625,204.57456970214844,95.373779296875,261.45999581473217,-4594.72021484375,-4571.0,291.33489990234375,-5192.82,-5027.4,-4977.3,-4777.25,-4571.0,-4395.75,-4257.099999999999,-4084.9,-4071.7000000000003
16107,-4616.4599609375,204.0411834716797,95.4733657836914,260.63101632254467,-4616.4599609375,-4606.0,288.6224060058594,-5192.82,-5027.4,-4980.1,-4787.0,-4606.0,-4419.75,-4266.7,-4128.15,-4071.7000000000003
16198,-4639.35986328125,203.52529907226562,95.55219268798828,259.836922781808,-4639.35986328125,-4639.0,282.5577697753906,-5203.6,-5057.4,-4980.1,-4825.0,-4639.0,-4451.0,-4266.7,-4183.45,-4073.6
16289,-4668.77978515625,203.01104736328125,95.65172576904297,259.03516060965404,-4668.77978515625,-4685.0,279.8915100097656,-5203.6,-5097.3,-4982.0,-4856.25,-4685.0,-4495.25,-4309.0,-4224.85,-4073.6
16380,-4692.2197265625,202.49798583984375,95.75869750976562,258.2296883719308,-4692.22021484375,-4693.0,293.6268615722656,-5235.0,-5143.55,-5084.3,-4894.5,-4693.0,-4520.5,-4309.0,-4224.85,-4073.6
16471,-4733.6796875,201.96661376953125,95.8202896118164,257.4193899972098,-4733.68017578125,-4708.0,299.2871398925781,-5333.86,-5213.1,-5123.9,-4923.75,-4708.0,-4567.5,-4332.8,-4269.35,-4127.900000000001
16562,-4772.47998046875,201.44569396972656,95.88927459716797,256.6213923863002,-4772.47998046875,-4752.5,319.3604736328125,-5535.32,-5333.6,-5192.7,-4979.25,-4752.5,-4567.5,-4350.3,-4311.150000000001,-4128.38
16653,-4793.64013671875,200.90476989746094,95.9355239868164,255.81622096470423,-4793.64013671875,-4761.0,309.5234680175781,-5535.32,-5333.6,-5192.7,-4987.5,-4761.0,-4593.5,-4375.9,-4326.35,-4234.22
16744,-4822.6396484375,200.37806701660156,96.01962280273438,254.9976806640625,-4822.64013671875,-4811.0,293.91510009765625,-5535.32,-5333.6,-5192.7,-5003.5,-4811.0,-4654.75,-4416.4,-4334.7,-4275.22
16835,-4859.8798828125,199.85824584960938,96.07868194580078,254.20413861955916,-4859.8798828125,-4849.5,298.0346374511719,-5535.32,-5376.9,-5204.2,-5057.5,-4849.5,-4676.75,-4501.7,-4374.900000000001,-4275.22
16926,-4893.47998046875,199.33729553222656,96.1376724243164,253.41587393624442,-4893.47998046875,-4883.0,308.0145568847656,-5535.32,-5439.0,-5258.3,-5121.5,-4883.0,-4689.0,-4501.7,-4376.65,-4326.18
17017,-4907.02001953125,198.8043212890625,96.17753601074219,252.61462184361048,-4907.02001953125,-4893.5,302.7533874511719,-5535.32,-5439.0,-5334.2,-5127.0,-4893.5,-4703.0,-4505.0,-4395.95,-4334.7
17108,-4924.5,198.28785705566406,96.23902130126953,251.81187656947546,-4924.5,-4917.5,299.9478454589844,-5535.32,-5439.0,-5334.2,-5142.0,-4917.5,-4742.5,-4513.1,-4395.95,-4334.7
17199,-4966.1396484375,197.76473999023438,96.30827331542969,250.9994397844587,-4966.14013671875,-4947.0,296.0288391113281,-5551.42,-5484.8,-5348.1,-5163.5,-4947.0,-4791.75,-4641.4,-4416.7,-4334.7
17290,-4996.3798828125,197.21177673339844,96.35713195800781,250.16668047223772,-4996.3798828125,-4966.5,291.3251037597656,-5551.42,-5484.8,-5360.7,-5186.0,-4966.5,-4804.5,-4646.7,-4472.95,-4410.68
17381,-5028.7197265625,196.67645263671875,96.41548156738281,249.3395254952567,-5028.72021484375,-5017.5,275.09326171875,-5573.86,-5484.8,-5360.9,-5222.0,-5017.5,-4834.0,-4687.599999999999,-4659.25,-4511.9400000000005
17472,-5050.33984375,196.15411376953125,96.44672393798828,248.55742972237724,-5050.33984375,-5063.5,261.13519287109375,-5573.86,-5484.8,-5360.9,-5249.25,-5063.5,-4849.75,-4701.0,-4668.6,-4623.76
17563,-5068.9599609375,195.6625518798828,96.53819274902344,247.7699236188616,-5068.9599609375,-5079.0,259.4608459472656,-5587.58,-5502.55,-5383.2,-5256.25,-5079.0,-4884.25,-4716.8,-4674.9,-4623.76
17654,-5092.8798828125,195.11456298828125,96.5554428100586,246.95826285226005,-5092.8798828125,-5101.0,263.1847229003906,-5587.58,-5502.55,-5426.2,-5287.0,-5101.0,-4888.0,-4773.099999999999,-4699.7,-4623.76
17745,-5123.919921875,194.57424926757812,96.58405303955078,246.14794049944197,-5123.919921875,-5137.0,264.4140319824219,-5665.8,-5563.45,-5477.7,-5316.5,-5137.0,-4935.0,-4798.8,-4704.8,-4674.06
17836,-5145.259765625,194.03773498535156,96.61492156982422,245.33401707240515,-5145.259765625,-5152.5,265.1107482910156,-5670.7,-5587.65,-5485.5,-5327.75,-5152.5,-4950.75,-4807.3,-4741.7,-4679.9400000000005
17927,-5173.1796875,193.53271484375,96.6777572631836,244.53418840680803,-5173.18017578125,-5174.0,267.8907775878906,-5705.24,-5621.3,-5499.1,-5360.0,-5174.0,-4978.5,-4826.1,-4786.7,-4703.46
18018,-5197.9599609375,193.00379943847656,96.69905090332031,243.7299346923828,-5197.9599609375,-5184.0,254.64190673828125,-5705.24,-5665.25,-5519.5,-5367.75,-5184.0,-4998.0,-4876.499999999999,-4790.9,-4733.66
18109,-5214.419921875,192.50621032714844,96.76703643798828,242.9292973109654,-5214.419921875,-5198.5,257.7214050292969,-5717.1,-5665.25,-5564.4,-5396.25,-5198.5,-5006.0,-4879.3,-4800.5,-4733.66
18200,-5246.5,191.99520874023438,96.80919647216797,242.13634163992745,-5246.5,-5247.0,271.766357421875,-5722.14,-5685.45,-5646.5,-5430.25,-5247.0,-5042.25,-4879.3,-4800.5,-4733.66
18291,-5281.1201171875,191.51513671875,96.86337280273438,241.3694588797433,-5281.1201171875,-5323.5,283.38934326171875,-5765.6,-5722.35,-5655.1,-5496.0,-5323.5,-5057.75,-4926.099999999999,-4800.5,-4774.820000000001
18382,-5314.2197265625,191.0111541748047,96.90496063232422,240.57957458496094,-5314.22021484375,-5338.0,283.2563781738281,-5804.72,-5763.1,-5667.0,-5528.75,-5338.0,-5088.75,-4950.099999999999,-4817.15,-4788.74
18473,-5337.5400390625,190.51124572753906,96.9561538696289,239.77924019949776,-5337.5400390625,-5348.0,276.2966003417969,-5804.72,-5763.1,-5688.2,-5550.0,-5348.0,-5121.75,-4960.1,-4862.25,-4817.46
18564,-5374.77978515625,190.02903747558594,97.0311279296875,238.99600219726562,-5374.77978515625,-5380.0,279.17608642578125,-5804.72,-5792.15,-5763.2,-5576.25,-5380.0,-5152.75,-4972.2,-4932.9,-4862.7
18655,-5395.9599609375,189.51693725585938,97.05828857421875,238.20312282017298,-5395.9599609375,-5387.0,271.6998596191406,-5875.28,-5801.1,-5779.0,-5607.0,-5387.0,-5191.0,-5014.7,-4950.95,-4862.92
18746,-5422.10009765625,189.02825927734375,97.09805297851562,237.4333038330078,-5422.10009765625,-5434.0,272.53582763671875,-5875.28,-5803.75,-5779.0,-5652.0,-5434.0,-5202.5,-5016.9,-4950.95,-4862.92
18837,-5453.73974609375,188.48068237304688,97.09628295898438,236.6143341064453,-5453.740234375,-5497.0,279.50640869140625,-5890.48,-5827.35,-5795.3,-5683.25,-5497.0,-5243.5,-5016.9,-4959.5,-4862.92
18928,-5477.7998046875,187.9848175048828,97.11199188232422,235.84485953194755,-5477.7998046875,-5522.0,278.9830322265625,-5963.42,-5862.4,-5798.3,-5696.0,-5522.0,-5264.5,-5085.4,-5000.900000000001,-4864.96
19019,-5504.10009765625,187.47705078125,97.12641906738281,235.06234523228235,-5504.10009765625,-5547.0,290.2568664550781,-6015.62,-5964.05,-5827.7,-5717.75,-5547.0,-5279.5,-5112.2,-5000.900000000001,-4864.96
19110,-5520.1796875,186.95361328125,97.1356430053711,234.25711277553015,-5520.18017578125,-5549.0,296.09686279296875,-6015.62,-5968.8,-5890.6,-5741.0,-5549.0,-5344.5,-5113.5,-5006.6,-4878.68
19201,-5551.6796875,186.45550537109375,97.17376708984375,233.47093200683594,-5551.68017578125,-5560.0,309.1540222167969,-6050.96,-5968.8,-5890.6,-5776.75,-5560.0,-5371.5,-5144.3,-5034.0,-5001.5
19292,-5577.3798828125,185.96270751953125,97.21137237548828,232.67871965680803,-5577.3798828125,-5560.0,302.2894287109375,-6099.7,-5984.45,-5957.6,-5779.0,-5560.0,-5392.75,-5166.599999999999,-5060.150000000001,-5008.88
19383,-5601.580078125,185.46942138671875,97.23137664794922,231.9095960344587,-5601.580078125,-5594.0,295.0240783691406,-6114.4,-6047.15,-5966.2,-5781.0,-5594.0,-5400.75,-5189.7,-5145.15,-5061.06
19474,-5623.15966796875,184.9824676513672,97.2586898803711,231.13843863351005,-5623.16015625,-5620.0,292.60546875,-6114.4,-6047.15,-5968.7,-5793.5,-5620.0,-5424.5,-5205.5,-5153.6,-5083.56
19565,-5654.0,184.47361755371094,97.26117706298828,230.3623264857701,-5654.0,-5631.5,291.2577209472656,-6114.4,-6079.95,-5994.4,-5846.0,-5631.5,-5461.5,-5276.6,-5204.35,-5144.76
19656,-5679.5400390625,183.96878051757812,97.26922607421875,229.57577514648438,-5679.5400390625,-5652.5,296.2703857421875,-6222.64,-6183.1,-6071.8,-5847.25,-5652.5,-5467.75,-5302.7,-5260.3,-5204.4400000000005
19747,-5704.89990234375,183.4905242919922,97.31393432617188,228.79823303222656,-5704.89990234375,-5668.0,290.2073974609375,-6222.64,-6183.1,-6080.9,-5909.0,-5668.0,-5471.75,-5388.4,-5293.15,-5260.3
19838,-5721.919921875,183.0200653076172,97.34919738769531,228.03426252092635,-5721.919921875,-5673.0,297.4984130859375,-6358.08,-6216.3,-6117.6,-5921.25,-5673.0,-5519.5,-5390.8,-5293.15,-5260.3
19929,-5755.6396484375,182.54344177246094,97.38037109375,227.26297433035714,-5755.64013671875,-5715.0,308.3332214355469,-6358.08,-6216.3,-6169.0,-5985.75,-5715.0,-5525.5,-5390.8,-5302.85,-5276.92
20020,-5781.56005859375,182.07347106933594,97.40953826904297,226.50997924804688,-5781.56005859375,-5751.0,300.09429931640625,-6358.08,-6248.3,-6183.1,-5991.5,-5751.0,-5543.5,-5418.099999999999,-5344.75,-5302.4800000000005
20111,-5804.7998046875,181.57542419433594,97.41513061523438,225.72901044573103,-5804.7998046875,-5755.0,312.24871826171875,-6368.16,-6343.75,-6217.5,-6012.0,-5755.0,-5568.75,-5454.0,-5345.95,-5302.4800000000005
20202,-5819.85986328125,181.07174682617188,97.40992736816406,224.94683837890625,-5819.85986328125,-5790.5,303.5088195800781,-6368.16,-6343.75,-6217.5,-6012.0,-5790.5,-5593.5,-5454.0,-5368.8,-5339.26
20293,-5845.5,180.5845947265625,97.40850830078125,224.18407985142298,-5845.5,-5837.0,302.7867126464844,-6453.42,-6343.95,-6240.1,-6066.0,-5837.0,-5617.75,-5474.9,-5391.85,-5344.92
20384,-5869.3798828125,180.13232421875,97.44457244873047,223.44280787876673,-5869.3798828125,-5858.0,295.9575500488281,-6453.42,-6362.05,-6241.7,-6066.0,-5858.0,-5662.0,-5495.5,-5400.6,-5345.98
20475,-5906.7197265625,179.6103973388672,97.42607116699219,222.64971705845423,-5906.72021484375,-5884.0,297.8580017089844,-6453.42,-6363.65,-6263.6,-6116.75,-5884.0,-5706.25,-5557.599999999999,-5400.6,-5345.98
20566,-5932.5,179.13050842285156,97.42249298095703,221.89811052594865,-5932.5,-5908.5,300.658203125,-6511.24,-6376.25,-6342.0,-6159.5,-5908.5,-5736.75,-5561.9,-5423.8,-5369.52
20657,-5951.5400390625,178.66250610351562,97.42707061767578,221.15006801060267,-5951.5400390625,-5953.5,299.6816101074219,-6511.24,-6376.25,-6342.0,-6164.75,-5953.5,-5745.25,-5570.1,-5423.8,-5369.52
20748,-5980.47998046875,178.1887664794922,97.4374771118164,220.39105224609375,-5980.47998046875,-5968.0,303.5307312011719,-6621.42,-6401.55,-6355.2,-6182.0,-5968.0,-5762.0,-5619.0,-5455.85,-5392.54
20839,-5996.35986328125,177.7026824951172,97.43064880371094,219.62269810267858,-5996.35986328125,-5996.5,301.6812438964844,-6621.42,-6450.4,-6376.2,-6193.5,-5996.5,-5783.5,-5639.0,-5523.3,-5392.54
20930,-6010.56005859375,177.23680114746094,97.4261703491211,218.88238743373327,-6010.56005859375,-6018.0,293.4977111816406,-6621.42,-6450.4,-6376.2,-6245.75,-6018.0,-5786.5,-5639.1,-5559.3,-5424.68
21021,-6034.97998046875,176.7633514404297,97.42617797851562,218.12723650251115,-6034.97998046875,-6035.0,295.1131591796875,-6621.42,-6464.35,-6385.0,-6248.25,-6035.0,-5820.0,-5648.1,-5559.3,-5424.68
21112,-6040.39990234375,176.29156494140625,97.43968963623047,217.36407034737724,-6040.39990234375,-6042.0,295.3084716796875,-6621.42,-6499.5,-6424.5,-6248.25,-6042.0,-5820.0,-5656.2,-5561.0,-5505.04
21203,-6058.52001953125,175.81246948242188,97.44151306152344,216.5937957763672,-6058.52001953125,-6051.0,303.87396240234375,-6644.8,-6603.6,-6458.4,-6266.0,-6051.0,-5831.5,-5668.7,-5581.9,-5505.04
21294,-6069.259765625,175.36947631835938,97.48015594482422,215.85372052873885,-6069.259765625,-6067.0,305.334716796875,-6644.8,-6603.6,-6458.4,-6285.5,-6067.0,-5835.75,-5669.9,-5582.2,-5505.06
21385,-6093.9599609375,174.91482543945312,97.48509216308594,215.10405840192522,-6093.9599609375,-6088.5,307.3034362792969,-6669.3,-6615.3,-6464.8,-6311.5,-6088.5,-5868.25,-5669.9,-5582.2,-5559.92
21476,-6113.15966796875,174.44483947753906,97.46210479736328,214.37135532924108,-6113.16015625,-6101.5,310.5336608886719,-6669.3,-6615.3,-6509.7,-6335.75,-6101.5,-5872.0,-5694.4,-5628.6,-5559.92
21567,-6138.8798828125,173.98338317871094,97.45745086669922,213.62794930594308,-6138.8798828125,-6126.0,296.6070861816406,-6669.3,-6615.3,-6509.7,-6341.75,-6126.0,-5977.0,-5723.5,-5682.3,-5561.22
21658,-6154.83984375,173.50131225585938,97.42382049560547,212.88468497140067,-6154.83984375,-6139.0,299.3206787109375,-6669.3,-6615.3,-6519.6,-6359.25,-6139.0,-5977.0,-5723.5,-5682.3,-5562.98
21749,-6176.3798828125,173.04823303222656,97.43978118896484,212.13708278111048,-6176.3798828125,-6164.5,314.45782470703125,-6783.26,-6666.05,-6555.3,-6412.25,-6164.5,-5979.25,-5739.4,-5682.3,-5562.98
21840,-6200.31982421875,172.58566284179688,97.4343490600586,211.3958696637835,-6200.31982421875,-6179.0,321.7668151855469,-6849.66,-6782.75,-6560.4,-6416.75,-6179.0,-5994.0,-5747.3,-5682.3,-5576.72
21931,-6222.33984375,172.1138153076172,97.40885162353516,210.65928649902344,-6222.33984375,-6201.0,326.1006774902344,-6849.66,-6782.75,-6641.3,-6432.75,-6201.0,-6008.5,-5757.0,-5694.5,-5602.4800000000005
22022,-6244.7197265625,171.6825714111328,97.44280242919922,209.92640686035156,-6244.72021484375,-6239.5,320.91180419921875,-6849.66,-6782.75,-6665.8,-6443.0,-6239.5,-6028.75,-5811.7,-5709.25,-5630.4400000000005
22113,-6267.1796875,171.24893188476562,97.45658874511719,209.20079694475447,-6267.18017578125,-6267.5,323.36639404296875,-6849.66,-6782.75,-6700.8,-6478.75,-6267.5,-6050.0,-5869.9,-5709.25,-5640.24
22204,-6292.19970703125,170.8104248046875,97.49418640136719,208.4411359514509,-6292.2001953125,-6292.0,317.7821044921875,-6849.66,-6782.75,-6717.6,-6502.0,-6292.0,-6054.5,-5896.5,-5788.2,-5665.780000000001
22295,-6316.27978515625,170.3519287109375,97.48468780517578,207.6890127999442,-6316.27978515625,-6308.0,313.7837829589844,-6849.66,-6797.8,-6746.1,-6545.5,-6308.0,-6069.5,-5922.8,-5813.35,-5667.98
22386,-6344.19970703125,169.90438842773438,97.48601531982422,206.9569091796875,-6344.2001953125,-6358.5,316.4173583984375,-6891.8,-6837.4,-6773.8,-6557.75,-6358.5,-6076.25,-5972.8,-5845.35,-5789.1
22477,-6371.1396484375,169.44754028320312,97.48069763183594,206.2155042375837,-6371.14013671875,-6379.5,324.9123229980469,-7013.32,-6863.15,-6798.7,-6623.0,-6379.5,-6090.25,-5994.599999999999,-5868.85,-5811.58
22568,-6395.1796875,168.991943359375,97.45539855957031,205.49200221470423,-6395.18017578125,-6405.5,315.9312744140625,-7013.32,-6866.15,-6814.1,-6629.25,-6405.5,-6118.5,-6009.9,-5945.05,-5813.54
22659,-6413.5,168.5450897216797,97.44310760498047,204.76392473493303,-6413.5,-6412.5,317.8807373046875,-7024.1,-6872.15,-6817.2,-6631.75,-6412.5,-6152.25,-6010.6,-5945.05,-5813.54
22750,-6443.419921875,168.10838317871094,97.4338607788086,204.0454820905413,-6443.419921875,-6462.0,322.740234375,-7024.1,-6955.35,-6850.7,-6692.25,-6462.0,-6212.75,-6023.599999999999,-5969.9,-5867.4400000000005
22841,-6468.97998046875,167.6650390625,97.42231750488281,203.32232012067522,-6468.97998046875,-6486.5,327.6314392089844,-7078.22,-6964.5,-6882.8,-6699.75,-6486.5,-6241.5,-6053.799999999999,-5972.8,-5867.4400000000005
22932,-6488.1396484375,167.23837280273438,97.41556549072266,202.60915047781808,-6488.14013671875,-6500.0,322.8035888671875,-7092.04,-7012.55,-6882.8,-6759.0,-6500.0,-6267.75,-6069.599999999999,-6010.95,-5868.08
23023,-6509.2197265625,166.81668090820312,97.41883087158203,201.89181300571985,-6509.22021484375,-6505.5,332.5525817871094,-7092.04,-7012.55,-6940.5,-6806.25,-6505.5,-6267.75,-6083.099999999999,-6024.3,-5868.08
23114,-6530.43994140625,166.39833068847656,97.41548919677734,201.1941898890904,-6530.43994140625,-6507.5,347.43255615234375,-7241.02,-7025.75,-6965.8,-6831.0,-6507.5,-6274.75,-6083.099999999999,-6024.3,-5868.08
23205,-6546.080078125,165.9832305908203,97.4193344116211,200.4942147391183,-6546.080078125,-6521.0,343.7326354980469,-7242.24,-7026.3,-6973.4,-6837.25,-6521.0,-6281.75,-6100.9,-6024.3,-5868.08
23296,-6562.23974609375,165.54544067382812,97.41088104248047,199.77134704589844,-6562.240234375,-6525.0,338.6981201171875,-7242.24,-7092.4,-6973.4,-6837.25,-6525.0,-6321.0,-6115.5,-6024.7,-5970.000000000001
23387,-6581.73974609375,165.12054443359375,97.38824462890625,199.07542419433594,-6581.740234375,-6544.0,343.5062561035156,-7254.52,-7161.2,-6985.9,-6839.75,-6544.0,-6321.0,-6115.5,-6030.7,-6010.24
23478,-6595.5,164.70785522460938,97.39632415771484,198.3700910295759,-6595.5,-6603.5,343.348388671875,-7254.52,-7180.2,-6985.9,-6848.0,-6603.5,-6324.5,-6117.3,-6038.6,-6010.24
23569,-6613.19970703125,164.27703857421875,97.37655639648438,197.65706089564733,-6613.2001953125,-6643.5,340.10955810546875,-7280.36,-7241.05,-6985.9,-6848.0,-6643.5,-6348.5,-6144.7,-6038.6,-6010.24
23660,-6632.580078125,163.84207153320312,97.34520721435547,196.94602966308594,-6632.580078125,-6663.5,332.1290588378906,-7280.36,-7241.05,-7038.7,-6848.0,-6663.5,-6382.75,-6215.3,-6089.3,-6030.6
23751,-6650.52001953125,163.41458129882812,97.32775115966797,196.23561532156808,-6650.52001953125,-6667.5,332.0382385253906,-7280.36,-7241.05,-7042.8,-6854.75,-6667.5,-6395.0,-6215.3,-6139.25,-6038.4400000000005
23842,-6671.1396484375,162.9950408935547,97.33820343017578,195.51211547851562,-6671.14013671875,-6670.5,318.5513610839844,-7280.36,-7241.05,-7042.8,-6854.75,-6670.5,-6425.0,-6222.5,-6184.9,-6141.46
23933,-6685.259765625,162.59312438964844,97.34428405761719,194.8086417061942,-6685.259765625,-6705.0,316.26446533203125,-7280.36,-7241.05,-7105.8,-6894.5,-6705.0,-6431.75,-6258.2,-6190.7,-6141.46
24024,-6702.599609375,162.16970825195312,97.33415222167969,194.0853009905134,-6702.60009765625,-6712.5,320.8522644042969,-7369.24,-7255.3,-7124.7,-6914.75,-6712.5,-6456.0,-6258.2,-6190.7,-6141.46
24115,-6712.31982421875,161.80389404296875,97.34965515136719,193.4298335484096,-6712.31982421875,-6720.0,313.7659606933594,-7369.24,-7255.3,-7124.7,-6914.75,-6720.0,-6466.75,-6266.4,-6196.7,-6181.64
24206,-6740.4599609375,161.4029541015625,97.3539047241211,192.736572265625,-6740.4599609375,-6756.0,320.2459716796875,-7369.24,-7295.15,-7158.3,-6966.5,-6756.0,-6499.0,-6312.5,-6222.35,-6181.64
24297,-6754.8798828125,161.0003662109375,97.36522674560547,192.03389630998885,-6754.8798828125,-6756.0,322.786865234375,-7381.72,-7295.15,-7173.7,-6974.0,-6756.0,-6518.0,-6344.9,-6257.25,-6188.2
24388,-6768.39990234375,160.5923309326172,97.34541320800781,191.35132053920202,-6768.39990234375,-6756.0,322.8362121582031,-7407.2,-7295.15,-7220.4,-6987.0,-6756.0,-6540.25,-6347.3,-6258.7,-6190.16
24479,-6792.19970703125,160.16725158691406,97.31684112548828,190.63964625767298,-6792.2001953125,-6784.0,319.66510009765625,-7417.08,-7305.95,-7243.2,-7003.0,-6784.0,-6559.25,-6417.2,-6258.7,-6190.16
24570,-6817.5400390625,159.75335693359375,97.29399108886719,189.9402792794364,-6817.5400390625,-6815.0,322.7649841308594,-7417.08,-7400.0,-7295.3,-7027.5,-6815.0,-6599.5,-6417.2,-6328.05,-6190.88
24661,-6834.77978515625,159.34805297851562,97.28097534179688,189.24384416852678,-6834.77978515625,-6840.0,316.7181701660156,-7417.08,-7400.0,-7295.3,-7039.5,-6840.0,-6608.75,-6437.599999999999,-6340.55,-6190.96
24752,-6854.02001953125,158.91114807128906,97.23844909667969,188.52804129464286,-6854.02001953125,-6853.5,314.6527099609375,-7417.08,-7400.0,-7295.3,-7048.75,-6853.5,-6617.5,-6469.0,-6389.95,-6190.96
24843,-6877.65966796875,158.49696350097656,97.21379089355469,187.83123779296875,-6877.66015625,-6868.5,327.5080261230469,-7465.92,-7407.5,-7319.7,-7092.25,-6868.5,-6638.75,-6491.2,-6414.650000000001,-6190.96
24934,-6898.23974609375,158.10926818847656,97.21307373046875,187.1545649937221,-6898.240234375,-6914.5,317.3160705566406,-7465.92,-7407.5,-7319.7,-7098.0,-6914.5,-6674.5,-6503.8,-6430.4,-6329.14
25025,-6919.7998046875,157.68946838378906,97.17550659179688,186.45948355538505,-6919.7998046875,-6950.5,317.8706359863281,-7465.92,-7418.0,-7353.5,-7165.5,-6950.5,-6698.5,-6510.4,-6460.0,-6362.460000000001
25116,-6927.419921875,157.29623413085938,97.15524291992188,185.7767835344587,-6927.419921875,-6954.5,315.5065612792969,-7465.92,-7437.25,-7362.2,-7165.5,-6954.5,-6698.5,-6514.6,-6491.35,-6362.460000000001
25207,-6950.43994140625,156.9371795654297,97.16940307617188,185.11711992536272,-6950.43994140625,-6983.5,314.4915771484375,-7465.92,-7437.25,-7392.8,-7183.0,-6983.5,-6721.0,-6521.0,-6496.8,-6458.120000000001
25298,-6966.7197265625,156.55819702148438,97.18229675292969,184.42687116350447,-6966.72021484375,-6990.5,318.84771728515625,-7465.92,-7442.15,-7400.7,-7207.75,-6990.5,-6742.25,-6555.0,-6512.9,-6458.120000000001
25389,-6982.099609375,156.17764282226562,97.16679382324219,183.7641339983259,-6982.10009765625,-6998.0,317.98260498046875,-7465.92,-7442.15,-7407.2,-7209.0,-6998.0,-6758.75,-6585.4,-6514.9,-6458.120000000001
25480,-7001.47998046875,155.78836059570312,97.1507797241211,183.08902849469865,-7001.47998046875,-7041.5,320.36474609375,-7514.38,-7445.85,-7409.8,-7216.0,-7041.5,-6764.25,-6597.8,-6520.6,-6458.120000000001
25571,-7009.56005859375,155.41152954101562,97.15459442138672,182.39532906668526,-7009.56005859375,-7050.5,319.1596374511719,-7514.38,-7445.85,-7409.8,-7229.0,-7050.5,-6778.75,-6597.8,-6520.7,-6458.120000000001
25662,-7022.23974609375,154.9992218017578,97.1162338256836,181.69585963657923,-7022.240234375,-7051.5,312.016357421875,-7515.52,-7446.0,-7416.1,-7229.5,-7051.5,-6787.0,-6602.6,-6520.7,-6506.320000000001
25753,-7048.97998046875,154.60299682617188,97.0820541381836,181.02501351492745,-7048.97998046875,-7080.5,312.2934875488281,-7540.02,-7475.05,-7437.5,-7289.25,-7080.5,-6828.25,-6604.8,-6520.7,-6506.320000000001
25844,-7064.9599609375,154.22508239746094,97.0750961303711,180.3446306501116,-7064.9599609375,-7080.5,315.04254150390625,-7546.88,-7511.0,-7455.8,-7331.25,-7080.5,-6831.25,-6620.3,-6542.7,-6506.320000000001
25935,-7088.8798828125,153.83749389648438,97.04922485351562,179.68370492117745,-7088.8798828125,-7101.0,327.0464782714844,-7737.54,-7527.8,-7475.1,-7352.25,-7101.0,-6851.25,-6639.7,-6584.5,-6506.320000000001
26026,-7113.2998046875,153.45977783203125,97.03302001953125,179.01928492954798,-7113.2998046875,-7116.5,318.63623046875,-7764.44,-7552.6,-7475.1,-7352.25,-7116.5,-6883.75,-6669.3,-6620.2,-6536.68
26117,-7126.759765625,153.10369873046875,97.03282165527344,178.36148289271765,-7126.759765625,-7122.5,316.80078125,-7764.44,-7628.6,-7491.2,-7353.0,-7122.5,-6895.0,-6726.799999999999,-6637.9,-6536.68
26208,-7146.73974609375,152.71632385253906,97.00630950927734,177.68851361955916,-7146.740234375,-7147.0,318.98419189453125,-7764.44,-7628.6,-7523.3,-7414.0,-7147.0,-6902.5,-6754.4,-6640.85,-6619.0
26299,-7165.6796875,152.3529510498047,97.00125885009766,177.0323224748884,-7165.68017578125,-7152.0,308.375244140625,-7764.44,-7628.6,-7526.2,-7418.25,-7152.0,-6933.0,-6788.8,-6640.85,-6619.0
26390,-7182.23974609375,151.98187255859375,96.97528839111328,176.3785901750837,-7182.240234375,-7184.5,307.0174560546875,-7764.44,-7628.6,-7529.5,-7422.25,-7184.5,-6946.75,-6798.0,-6640.85,-6620.4800000000005
26481,-7196.77978515625,151.60877990722656,96.95000457763672,175.72344098772322,-7196.77978515625,-7212.5,300.6154479980469,-7764.44,-7628.6,-7529.5,-7422.25,-7212.5,-6975.0,-6856.0,-6652.25,-6620.72
26572,-7215.080078125,151.2425079345703,96.92516326904297,175.0875462123326,-7215.080078125,-7246.5,301.22747802734375,-7764.44,-7706.5,-7546.2,-7447.5,-7246.5,-6982.0,-6859.599999999999,-6751.8,-6635.42
26663,-7231.5,150.8612823486328,96.9037094116211,174.42406136648995,-7231.5,-7247.0,305.2648010253906,-7764.44,-7712.2,-7575.3,-7475.0,-7247.0,-6995.75,-6878.3,-6756.7,-6635.42
26754,-7241.23974609375,150.46697998046875,96.85414123535156,173.75666155133928,-7241.240234375,-7263.5,309.0765686035156,-7786.9,-7735.1,-7575.3,-7488.25,-7263.5,-7004.0,-6878.3,-6756.7,-6635.42
26845,-7258.6796875,150.09515380859375,96.85797882080078,173.06675938197546,-7258.68017578125,-7306.0,309.2560119628906,-7820.7,-7735.1,-7594.2,-7499.75,-7306.0,-7026.75,-6891.0,-6758.9,-6635.7
26936,-7271.19970703125,149.74423217773438,96.8440170288086,172.42749241420202,-7271.2001953125,-7306.0,304.7936096191406,-7820.7,-7735.1,-7615.1,-7511.0,-7306.0,-7040.5,-6895.0,-6791.45,-6749.72
27027,-7287.7998046875,149.39627075195312,96.83173370361328,171.79088483537947,-7287.7998046875,-7316.0,310.4530029296875,-7820.7,-7738.65,-7663.7,-7528.0,-7316.0,-7050.5,-6905.8,-6791.45,-6749.72
27118,-7313.2998046875,149.03909301757812,96.8183364868164,171.14500209263392,-7313.2998046875,-7325.0,319.6023864746094,-7859.92,-7784.5,-7663.7,-7551.0,-7325.0,-7073.25,-6938.5,-6791.45,-6749.72
27209,-7325.259765625,148.6506805419922,96.77395629882812,170.46962411063058,-7325.259765625,-7325.0,319.94866943359375,-7894.22,-7824.45,-7672.9,-7553.5,-7325.0,-7078.5,-6946.2,-6886.1,-6757.56
27300,-7340.69970703125,148.31393432617188,96.77099609375,169.83397783551897,-7340.7001953125,-7366.5,312.1733093261719,-7906.96,-7825.55,-7672.9,-7563.5,-7366.5,-7089.25,-6957.8,-6888.2,-6761.94
27391,-7346.7197265625,147.98062133789062,96.76531219482422,169.2010737827846,-7346.72021484375,-7367.0,314.3849792480469,-7940.28,-7827.3,-7704.6,-7564.0,-7367.0,-7089.25,-6957.8,-6894.8,-6792.38
27482,-7362.39990234375,147.62118530273438,96.74856567382812,168.54974147251673,-7362.39990234375,-7367.0,320.8548278808594,-7944.2,-7897.3,-7781.6,-7577.0,-7367.0,-7098.5,-6962.7,-6894.8,-6792.38
27573,-7378.2998046875,147.24847412109375,96.71275329589844,167.89630998883928,-7378.2998046875,-7367.5,328.4373779296875,-8101.5,-7904.7,-7815.0,-7628.5,-7367.5,-7113.25,-6981.0,-6894.8,-6792.38
27664,-7388.5,146.92092895507812,96.72575378417969,167.24354989188058,-7388.5,-7383.5,325.0190734863281,-8101.5,-7904.7,-7824.1,-7628.5,-7383.5,-7145.5,-6990.2,-6932.05,-6792.38
27755,-7398.43994140625,146.56346130371094,96.69924926757812,166.5910382952009,-7398.43994140625,-7387.0,321.2142333984375,-8101.5,-7937.2,-7824.1,-7628.5,-7387.0,-7145.5,-7004.5,-6943.5,-6834.16
27846,-7407.6396484375,146.19866943359375,96.6577377319336,165.94876316615515,-7407.64013671875,-7416.0,320.1361999511719,-8101.5,-7937.2,-7828.8,-7628.5,-7416.0,-7155.0,-7035.099999999999,-6943.5,-6834.16
27937,-7435.31982421875,145.8303985595703,96.6213607788086,165.29809788295202,-7435.31982421875,-7433.0,313.1239929199219,-8101.82,-7937.2,-7890.5,-7646.25,-7433.0,-7199.25,-7067.9,-6958.25,-6893.8
28028,-7448.11962890625,145.51483154296875,96.63764190673828,164.67233058384485,-7448.1201171875,-7437.5,312.66082763671875,-8101.82,-7937.2,-7890.5,-7663.75,-7437.5,-7218.0,-7077.8,-6958.25,-6893.8
28119,-7462.81982421875,145.17147827148438,96.61756134033203,164.03909519740515,-7462.81982421875,-7453.0,311.8230285644531,-8101.82,-7937.2,-7890.5,-7689.75,-7453.0,-7219.0,-7077.8,-6990.45,-6943.46
28210,-7480.0400390625,144.8276824951172,96.5888900756836,163.42180742536272,-7480.0400390625,-7453.0,315.1315612792969,-8101.82,-7944.0,-7895.2,-7720.0,-7453.0,-7257.0,-7077.8,-6993.85,-6943.46
28301,-7499.9599609375,144.51492309570312,96.57616424560547,162.82883780343192,-7499.9599609375,-7488.0,317.9598388671875,-8142.14,-8059.7,-7898.0,-7746.0,-7488.0,-7258.5,-7107.9,-7009.05,-6943.46
28392,-7507.2998046875,144.1919708251953,96.58393096923828,162.19447326660156,-7507.2998046875,-7489.5,314.1029968261719,-8142.14,-8059.7,-7898.0,-7746.0,-7489.5,-7268.75,-7129.9,-7009.05,-6943.46
28483,-7522.43994140625,143.87074279785156,96.58460998535156,161.57240077427454,-7522.43994140625,-7489.5,312.73480224609375,-8142.14,-8059.7,-7925.4,-7772.75,-7489.5,-7326.5,-7136.2,-7018.55,-6943.46
28574,-7535.4599609375,143.52993774414062,96.5653305053711,160.92844935825892,-7535.4599609375,-7518.0,320.79632568359375,-8149.98,-8102.2,-7946.5,-7779.75,-7518.0,-7326.5,-7149.8,-7022.35,-6943.46
28665,-7548.1796875,143.22633361816406,96.56393432617188,160.33018057686942,-7548.18017578125,-7519.0,315.94891357421875,-8149.98,-8102.2,-7947.9,-7786.0,-7519.0,-7353.0,-7160.9,-7022.35,-6943.46
28756,-7559.5400390625,142.89431762695312,96.53175354003906,159.7314169747489,-7559.5400390625,-7530.5,313.8309631347656,-8149.98,-8117.4,-7947.9,-7790.0,-7530.5,-7364.5,-7160.9,-7045.8,-6990.06
28847,-7581.11962890625,142.5540771484375,96.52020263671875,159.08502415248327,-7581.1201171875,-7559.5,311.3763732910156,-8198.02,-8126.2,-7948.6,-7796.25,-7559.5,-7386.0,-7182.7,-7136.0,-7008.68
28938,-7593.27978515625,142.22898864746094,96.49998474121094,158.46795872279577,-7593.27978515625,-7572.0,304.7071228027344,-8198.02,-8126.2,-8007.1,-7805.5,-7572.0,-7400.5,-7190.6,-7147.55,-7122.46
29029,-7603.11962890625,141.90341186523438,96.48480987548828,157.8460976736886,-7603.1201171875,-7583.5,303.4594421386719,-8198.02,-8126.2,-8007.1,-7814.5,-7583.5,-7414.0,-7194.6,-7147.55,-7122.46
29120,-7607.31982421875,141.58802795410156,96.48172760009766,157.21326555524553,-7607.31982421875,-7585.5,304.0546569824219,-8198.02,-8126.2,-8007.1,-7814.5,-7585.5,-7414.0,-7194.9,-7161.3,-7137.160000000001
29211,-7620.759765625,141.28392028808594,96.48748016357422,156.59155055454798,-7620.759765625,-7589.5,301.9063415527344,-8199.16,-8155.9,-8021.2,-7814.5,-7589.5,-7420.75,-7256.8,-7190.7,-7137.160000000001
29302,-7628.8798828125,140.9585723876953,96.4634017944336,155.9697766985212,-7628.8798828125,-7607.5,300.5782470703125,-8199.16,-8155.9,-8021.2,-7819.0,-7607.5,-7420.75,-7273.2,-7190.7,-7137.160000000001
29393,-7645.61962890625,140.63868713378906,96.45177459716797,155.34207807268416,-7645.6201171875,-7622.5,302.21978759765625,-8199.16,-8189.15,-8023.0,-7875.5,-7622.5,-7433.5,-7294.1,-7190.7,-7137.160000000001
29484,-7659.599609375,140.30862426757812,96.42185974121094,154.730708530971,-7659.60009765625,-7639.0,303.2566833496094,-8207.22,-8192.3,-8023.0,-7888.5,-7639.0,-7436.5,-7302.2,-7230.900000000001,-7137.160000000001
29575,-7673.02001953125,139.98626708984375,96.40582275390625,154.10058811732702,-7673.02001953125,-7653.0,313.1243591308594,-8220.26,-8202.05,-8041.4,-7905.5,-7653.0,-7441.5,-7302.2,-7230.900000000001,-7137.160000000001
29666,-7688.3798828125,139.66470336914062,96.37528991699219,153.47521100725447,-7688.3798828125,-7703.0,309.8641662597656,-8220.26,-8202.05,-8041.4,-7905.5,-7703.0,-7465.0,-7309.4,-7253.7,-7137.160000000001
29757,-7701.599609375,139.37005615234375,96.3720932006836,152.86612374441964,-7701.60009765625,-7703.0,306.91748046875,-8273.18,-8203.2,-8046.4,-7918.5,-7703.0,-7485.75,-7363.2,-7255.4,-7138.56
29848,-7707.85986328125,139.0596923828125,96.3625259399414,152.24319675990515,-7707.85986328125,-7703.0,303.8208312988281,-8273.18,-8203.5,-8046.4,-7922.5,-7703.0,-7505.0,-7376.299999999999,-7255.4,-7138.56
29939,-7723.0,138.74147033691406,96.3401107788086,151.6291961669922,-7723.0,-7703.0,294.856689453125,-8273.18,-8203.5,-8054.5,-7957.5,-7703.0,-7532.5,-7388.4,-7294.0,-7138.56
30030,-7734.31982421875,138.4285430908203,96.31365203857422,151.0228031703404,-7734.31982421875,-7704.0,298.20550537109375,-8321.2,-8203.75,-8128.4,-7957.5,-7704.0,-7532.5,-7388.4,-7302.6,-7138.56
30121,-7749.35986328125,138.1025390625,96.26962280273438,150.42305864606584,-7749.35986328125,-7704.0,300.6343994140625,-8369.3,-8203.75,-8128.4,-7983.5,-7704.0,-7543.5,-7425.0,-7302.6,-7138.56
30212,-7763.39990234375,137.81976318359375,96.2793197631836,149.82716805594308,-7763.39990234375,-7749.5,303.66656494140625,-8369.3,-8223.15,-8151.3,-7993.0,-7749.5,-7557.25,-7425.0,-7310.2,-7138.56
30303,-7770.35986328125,137.48416137695312,96.23058319091797,149.22267150878906,-7770.35986328125,-7749.5,305.5942687988281,-8369.3,-8223.15,-8151.3,-8006.25,-7749.5,-7557.25,-7425.0,-7314.0,-7138.56
30394,-7778.19970703125,137.1603546142578,96.19410705566406,148.62176731654577,-7778.2001953125,-7762.0,299.0555419921875,-8369.3,-8223.15,-8171.1,-8006.25,-7762.0,-7560.5,-7425.2,-7314.0,-7138.56
30485,-7787.07958984375,136.88656616210938,96.20919799804688,148.01084463936942,-7787.080078125,-7771.0,298.14630126953125,-8369.3,-8223.15,-8171.1,-8009.5,-7771.0,-7572.25,-7432.6,-7314.0,-7138.56
30576,-7805.0400390625,136.58619689941406,96.18998718261719,147.3985813685826,-7805.0400390625,-7794.0,301.97332763671875,-8369.3,-8333.15,-8177.4,-8031.0,-7794.0,-7587.5,-7433.5,-7334.0,-7138.56
30667,-7826.599609375,136.2787628173828,96.17186737060547,146.79889351981026,-7826.60009765625,-7797.5,314.1310119628906,-8482.16,-8339.5,-8204.2,-8044.75,-7797.5,-7631.5,-7433.5,-7334.0,-7176.24
30758,-7840.77978515625,135.94766235351562,96.12474822998047,146.18628147670202,-7840.77978515625,-7833.5,305.6761779785156,-8482.16,-8339.5,-8204.2,-8051.75,-7833.5,-7637.5,-7469.4,-7366.35,-7259.8
30849,-7861.599609375,135.65447998046875,96.12774658203125,145.560054234096,-7861.60009765625,-7889.0,309.78106689453125,-8482.16,-8368.15,-8224.6,-8073.5,-7889.0,-7650.0,-7481.1,-7378.7,-7259.8
30940,-7877.23974609375,135.3750762939453,96.12512969970703,144.96932547433036,-7877.240234375,-7913.5,306.6919250488281,-8539.08,-8368.15,-8257.9,-8089.75,-7913.5,-7661.75,-7494.599999999999,-7388.6,-7330.360000000001
31031,-7892.7998046875,135.06060791015625,96.10711669921875,144.34640066964286,-7892.7998046875,-7913.5,301.15350341796875,-8539.08,-8368.15,-8267.6,-8118.0,-7913.5,-7665.75,-7524.2,-7431.75,-7330.360000000001
31122,-7904.1396484375,134.74685668945312,96.06603240966797,143.7311030796596,-7904.14013671875,-7916.5,300.79998779296875,-8539.08,-8396.9,-8267.6,-8122.5,-7916.5,-7686.75,-7524.2,-7433.05,-7369.56
31213,-7912.69970703125,134.42984008789062,96.0453872680664,143.09872436523438,-7912.7001953125,-7919.5,301.6031188964844,-8539.08,-8396.9,-8267.6,-8153.0,-7919.5,-7703.75,-7550.2,-7433.05,-7369.56
31304,-7924.7197265625,134.15673828125,96.03085327148438,142.5150146484375,-7924.72021484375,-7938.0,295.4621887207031,-8539.08,-8396.9,-8282.0,-8153.0,-7938.0,-7716.5,-7558.4,-7436.85,-7370.320000000001
31395,-7940.15966796875,133.90269470214844,96.0593490600586,141.9287349155971,-7940.16015625,-7951.0,296.0787658691406,-8543.04,-8396.9,-8312.5,-8175.5,-7951.0,-7732.0,-7607.599999999999,-7436.85,-7370.320000000001
31486,-7951.35986328125,133.60842895507812,96.03528594970703,141.33009556361608,-7951.35986328125,-7951.0,300.90924072265625,-8545.12,-8421.6,-8366.5,-8185.5,-7951.0,-7762.0,-7607.599999999999,-7436.85,-7370.320000000001
31577,-7959.2197265625,133.33212280273438,96.0396957397461,140.72930908203125,-7959.22021484375,-7951.0,298.8222961425781,-8545.12,-8452.65,-8366.5,-8187.75,-7951.0,-7791.75,-7619.7,-7436.85,-7370.320000000001
31668,-7969.57958984375,133.0346221923828,96.01766204833984,140.12726048060827,-7969.580078125,-7962.5,300.7434997558594,-8545.12,-8453.25,-8366.5,-8187.75,-7962.5,-7805.75,-7619.7,-7436.85,-7370.320000000001
31759,-7975.6796875,132.76556396484375,96.00846862792969,139.5428728376116,-7975.68017578125,-7962.5,300.8130187988281,-8545.12,-8453.25,-8366.5,-8197.75,-7962.5,-7812.5,-7619.7,-7436.85,-7370.320000000001
31850,-7984.89990234375,132.5081329345703,96.02558135986328,138.95418003627233,-7984.89990234375,-7971.0,299.2699279785156,-8551.6,-8455.2,-8366.5,-8197.75,-7971.0,-7823.75,-7620.9,-7445.55,-7370.72
31941,-7993.83984375,132.21707153320312,95.991943359375,138.36774117606026,-7993.83984375,-7984.0,294.72674560546875,-8551.6,-8455.2,-8371.7,-8204.5,-7984.0,-7823.75,-7630.0,-7445.55,-7390.64
32032,-8006.919921875,131.92626953125,95.96218872070312,137.77202933175224,-8006.919921875,-7991.5,297.97760009765625,-8562.38,-8475.65,-8378.8,-8219.5,-7991.5,-7829.75,-7631.8,-7445.55,-7390.64
32123,-8022.61962890625,131.6632843017578,95.96261596679688,137.1908721923828,-8022.6201171875,-8006.5,297.890380859375,-8581.44,-8545.85,-8378.8,-8224.5,-8006.5,-7835.75,-7642.0,-7522.95,-7432.16
32214,-8031.099609375,131.39520263671875,95.93525695800781,136.64081246512276,-8031.10009765625,-8016.0,300.7265930175781,-8603.62,-8545.85,-8386.3,-8232.5,-8016.0,-7835.75,-7642.0,-7522.95,-7432.16
32305,-8044.759765625,131.0860137939453,95.90164947509766,136.01381138392858,-8044.759765625,-8023.5,296.00067138671875,-8603.62,-8546.8,-8386.3,-8247.0,-8023.5,-7853.5,-7680.0,-7553.35,-7432.16
32396,-8057.11962890625,130.77818298339844,95.86708068847656,135.40956551688058,-8057.1201171875,-8062.5,300.297607421875,-8634.54,-8581.55,-8395.0,-8261.25,-8062.5,-7853.5,-7680.0,-7553.35,-7432.16
32487,-8071.4599609375,130.4800567626953,95.8283920288086,134.81311689104353,-8071.4599609375,-8075.0,301.2943115234375,-8661.08,-8581.55,-8395.0,-8288.25,-8075.0,-7877.75,-7718.799999999999,-7553.35,-7432.16
32578,-8079.6396484375,130.23751831054688,95.83908081054688,134.24891880580358,-8079.64013671875,-8075.0,303.3627624511719,-8665.0,-8581.55,-8449.1,-8295.0,-8075.0,-7889.5,-7718.799999999999,-7553.35,-7432.16
32669,-8095.7197265625,129.9350128173828,95.77235412597656,133.6832013811384,-8095.72021484375,-8115.5,304.046142578125,-8665.62,-8596.45,-8453.1,-8296.0,-8115.5,-7889.5,-7732.9,-7556.7,-7436.92
32760,-8110.599609375,129.62646484375,95.72714233398438,133.08477129255022,-8110.60009765625,-8128.0,300.63885498046875,-8665.64,-8596.45,-8453.1,-8324.5,-8128.0,-7915.0,-7745.9,-7556.7,-7436.92
32851,-8112.69970703125,129.37091064453125,95.70909881591797,132.52825709751673,-8112.7001953125,-8128.0,301.2659606933594,-8697.2,-8596.45,-8454.9,-8324.5,-8128.0,-7916.5,-7745.9,-7556.7,-7436.92
32942,-8124.27978515625,129.0708770751953,95.66230773925781,131.96406991141183,-8124.27978515625,-8140.0,306.0348815917969,-8697.2,-8653.45,-8505.4,-8342.75,-8140.0,-7925.25,-7760.3,-7575.7,-7436.92
33033,-8131.419921875,128.79119873046875,95.64540100097656,131.36990574428015,-8131.419921875,-8156.0,306.3387145996094,-8697.2,-8653.45,-8518.5,-8342.75,-8156.0,-7944.75,-7761.5,-7590.900000000001,-7436.92
33124,-8138.93994140625,128.50929260253906,95.60492706298828,130.80643572126115,-8138.93994140625,-8156.0,307.1061096191406,-8707.26,-8653.45,-8523.4,-8342.75,-8156.0,-7944.75,-7789.9,-7592.8,-7446.72
33215,-8155.259765625,128.227294921875,95.57294464111328,130.21352059500558,-8155.259765625,-8156.5,310.48846435546875,-8757.44,-8655.2,-8528.6,-8357.25,-8156.5,-7966.75,-7815.999999999999,-7592.8,-7446.72
33306,-8167.5,127.9546127319336,95.55059814453125,129.62088121686662,-8167.5,-8156.5,302.7545471191406,-8757.44,-8656.35,-8546.4,-8406.0,-8156.5,-7977.75,-7819.9,-7723.8,-7446.72
33397,-8183.69970703125,127.67906188964844,95.5304183959961,129.03433881487166,-8183.7001953125,-8192.5,306.053466796875,-8757.44,-8700.05,-8579.0,-8406.0,-8192.5,-7991.5,-7833.4,-7723.8,-7446.72
33488,-8195.8193359375,127.45782470703125,95.54595947265625,128.48960658482142,-8195.8203125,-8200.0,305.67633056640625,-8779.12,-8701.65,-8598.1,-8429.0,-8200.0,-7995.0,-7833.799999999999,-7727.1,-7487.18
33579,-8202.919921875,127.17626190185547,95.51847839355469,127.88853236607143,-8202.919921875,-8213.5,303.42803955078125,-8779.58,-8701.65,-8598.1,-8429.0,-8213.5,-7995.0,-7851.4,-7727.1,-7567.540000000001
33670,-8211.2001953125,126.87934875488281,95.48648071289062,127.27153778076172,-8211.2001953125,-8213.5,302.98468017578125,-8808.7,-8701.65,-8598.3,-8432.0,-8213.5,-7996.5,-7858.8,-7727.1,-7596.9400000000005
33761,-8220.7001953125,126.60067749023438,95.4525375366211,126.68610491071429,-8220.7001953125,-8216.5,308.3331298828125,-8814.58,-8701.9,-8610.5,-8441.25,-8216.5,-7996.5,-7891.2,-7727.45,-7605.76
33852,-8233.2802734375,126.28797149658203,95.38629150390625,126.09947531563895,-8233.2802734375,-8219.0,310.4039306640625,-8814.58,-8708.55,-8615.6,-8458.0,-8219.0,-8016.0,-7891.2,-7727.45,-7644.960000000001
33943,-8242.7802734375,126.00883483886719,95.3468017578125,125.51823970249721,-8242.7802734375,-8220.0,308.68133544921875,-8814.58,-8708.55,-8615.6,-8458.0,-8220.0,-8042.5,-7891.2,-7727.45,-7648.880000000001
34034,-8260.080078125,125.75180053710938,95.32766723632812,124.94686017717633,-8260.080078125,-8232.5,313.8632507324219,-8815.46,-8757.6,-8621.1,-8499.0,-8232.5,-8048.75,-7893.0,-7728.0,-7651.4400000000005
34125,-8271.5595703125,125.4986801147461,95.31498718261719,124.3756822858538,-8271.5595703125,-8255.5,310.1282043457031,-8815.46,-8757.6,-8624.1,-8523.5,-8255.5,-8061.5,-7893.0,-7728.0,-7652.6
34216,-8281.6201171875,125.2747802734375,95.33845520019531,123.7979976109096,-8281.6201171875,-8285.5,304.9989929199219,-8815.46,-8757.6,-8624.1,-8523.5,-8285.5,-8073.75,-7894.7,-7729.5,-7657.700000000001
34307,-8289.240234375,124.99565124511719,95.29564666748047,123.2238289969308,-8289.240234375,-8290.0,303.5576477050781,-8816.34,-8757.6,-8624.1,-8526.0,-8290.0,-8084.0,-7923.0,-7729.5,-7657.700000000001
34398,-8303.83984375,124.76396179199219,95.30502319335938,122.6507066999163,-8303.83984375,-8312.5,304.9582214355469,-8819.28,-8779.5,-8664.3,-8530.0,-8312.5,-8099.75,-7926.6,-7773.75,-7682.200000000001
34489,-8318.099609375,124.46392822265625,95.24795532226562,122.03955732073102,-8318.099609375,-8314.5,308.2713317871094,-8931.06,-8779.5,-8705.8,-8530.0,-8314.5,-8099.75,-7986.4,-7790.25,-7682.200000000001
34580,-8325.259765625,124.16614532470703,95.19786834716797,121.44703783307757,-8325.259765625,-8314.5,306.8464050292969,-8931.06,-8803.25,-8705.8,-8535.0,-8314.5,-8103.0,-8000.2,-7790.25,-7682.200000000001
34671,-8336.439453125,123.89468383789062,95.16053009033203,120.88845716203961,-8336.4404296875,-8328.5,307.40069580078125,-8932.3,-8808.45,-8705.8,-8547.25,-8328.5,-8115.0,-8020.5,-7790.25,-7682.200000000001
34762,-8347.419921875,123.62075805664062,95.1144027709961,120.33951023646763,-8347.419921875,-8348.0,306.7075500488281,-8932.3,-8808.45,-8759.8,-8553.25,-8348.0,-8129.0,-8039.099999999999,-7790.25,-7682.200000000001
34853,-8358.740234375,123.3677978515625,95.09806823730469,119.75736236572266,-8358.740234375,-8352.5,305.29559326171875,-8949.94,-8808.45,-8759.8,-8596.75,-8352.5,-8161.75,-8048.2,-7790.25,-7682.200000000001
34944,-8366.6201171875,123.1305160522461,95.08275604248047,119.21061706542969,-8366.6201171875,-8352.5,304.4610900878906,-8969.54,-8808.45,-8759.8,-8596.75,-8352.5,-8178.5,-8050.8,-7795.75,-7682.200000000001
35035,-8368.439453125,122.8846435546875,95.07453155517578,118.63030242919922,-8368.4404296875,-8367.5,304.2177429199219,-8969.54,-8817.95,-8759.8,-8596.75,-8367.5,-8179.0,-8050.8,-7795.75,-7682.200000000001
35126,-8380.080078125,122.6294174194336,95.05036163330078,118.04931640625,-8380.080078125,-8373.0,305.8074645996094,-8969.54,-8837.5,-8760.9,-8602.25,-8373.0,-8204.5,-8050.8,-7795.75,-7682.200000000001
35217,-8386.3798828125,122.41987609863281,95.0688247680664,117.47027369907924,-8386.3798828125,-8373.0,305.310791015625,-8969.7,-8887.15,-8760.9,-8612.75,-8373.0,-8204.5,-8068.0,-7795.75,-7727.280000000001
35308,-8396.099609375,122.1655044555664,95.0400390625,116.9054456438337,-8396.099609375,-8379.0,302.87152099609375,-8969.7,-8887.15,-8760.9,-8622.75,-8379.0,-8206.0,-8069.8,-7878.650000000001,-7766.4800000000005
35399,-8401.51953125,121.94353485107422,95.0341796875,116.35762568882534,-8401.51953125,-8380.5,303.35699462890625,-9005.46,-8887.15,-8760.9,-8631.25,-8380.5,-8213.5,-8083.599999999999,-7878.650000000001,-7766.4800000000005
35490,-8410.2998046875,121.69510650634766,94.99693298339844,115.83233097621373,-8410.2998046875,-8387.5,304.61077880859375,-9005.46,-8887.15,-8760.9,-8650.0,-8387.5,-8213.5,-8083.599999999999,-7878.650000000001,-7767.68
35581,-8421.8994140625,121.43829345703125,94.96698760986328,115.27012743268695,-8421.900390625,-8400.0,300.79510498046875,-9005.46,-8887.15,-8762.3,-8657.0,-8400.0,-8219.5,-8088.6,-7878.650000000001,-7768.160000000001
35672,-8434.3994140625,121.19570922851562,94.94742584228516,114.69893646240234,-8434.400390625,-8409.0,294.0207214355469,-9005.46,-8890.0,-8770.4,-8670.0,-8409.0,-8219.5,-8088.6,-7907.7,-7780.76
35763,-8443.1201171875,120.99517822265625,94.9649887084961,114.15627615792411,-8443.1201171875,-8418.0,296.18988037109375,-9005.46,-8893.95,-8770.4,-8679.5,-8418.0,-8219.5,-8108.8,-7932.400000000001,-7795.46
35854,-8449.8193359375,120.74494171142578,94.92262268066406,113.61111559186664,-8449.8203125,-8419.0,294.24755859375,-9005.46,-8893.95,-8792.1,-8682.25,-8419.0,-8256.0,-8108.8,-7933.4,-7795.46
35945,-8458.099609375,120.55856323242188,94.97274017333984,113.02609143938336,-8458.099609375,-8425.0,294.8327941894531,-9077.24,-8926.25,-8793.5,-8687.5,-8425.0,-8280.5,-8108.8,-7950.2,-7795.46
36036,-8472.1396484375,120.3517074584961,94.98892211914062,112.45787157331195,-8472.1396484375,-8435.5,295.481201171875,-9077.86,-8969.9,-8812.4,-8688.0,-8435.5,-8291.75,-8108.8,-7960.5,-7887.580000000001
36127,-8481.099609375,120.11065673828125,94.96629333496094,111.88376181466239,-8481.099609375,-8445.5,295.6686096191406,-9077.86,-8969.9,-8817.7,-8717.75,-8445.5,-8316.25,-8108.8,-7960.5,-7887.580000000001
36218,-8488.359375,119.8966293334961,94.9751968383789,111.2970461164202,-8488.3603515625,-8445.5,296.56170654296875,-9112.16,-8989.35,-8838.2,-8717.75,-8445.5,-8316.25,-8153.2,-7995.2,-7887.580000000001
36309,-8496.51953125,119.64237213134766,94.94056701660156,110.7237527029855,-8496.51953125,-8445.5,294.0771179199219,-9112.16,-8989.35,-8850.6,-8717.75,-8445.5,-8316.75,-8180.4,-7995.2,-7887.580000000001
36400,-8504.759765625,119.40382385253906,94.91342163085938,110.19148254394531,-8504.759765625,-8457.5,296.7988586425781,-9121.64,-8989.35,-8850.6,-8721.0,-8457.5,-8335.5,-8180.4,-7995.9,-7887.580000000001
36491,-8512.6396484375,119.1855697631836,94.90392303466797,109.63964734758649,-8512.6396484375,-8465.0,296.3848876953125,-9121.64,-8989.35,-8850.6,-8727.25,-8465.0,-8335.5,-8182.2,-7995.9,-7887.580000000001
36582,-8524.01953125,118.96110534667969,94.8939437866211,109.07581656319755,-8524.01953125,-8511.0,301.0519104003906,-9121.64,-8989.35,-8850.6,-8739.25,-8511.0,-8335.5,-8182.2,-7996.7,-7887.580000000001
36673,-8534.3193359375,118.73217010498047,94.8955078125,108.50935581752232,-8534.3203125,-8513.0,303.042236328125,-9121.64,-8989.35,-8867.1,-8757.5,-8513.0,-8342.75,-8194.8,-8023.6,-7887.580000000001
36764,-8542.7998046875,118.50321960449219,94.8613510131836,107.97891562325614,-8542.7998046875,-8519.5,306.16796875,-9121.64,-8989.35,-8928.6,-8760.0,-8519.5,-8345.0,-8194.8,-8023.6,-7887.580000000001
36855,-8551.740234375,118.27619171142578,94.84766387939453,107.42642320905414,-8551.740234375,-8540.5,303.6842956542969,-9121.64,-8991.5,-8928.6,-8760.0,-8540.5,-8345.0,-8194.8,-8044.95,-7947.360000000001
36946,-8566.939453125,118.01640319824219,94.80046081542969,106.8375494820731,-8566.9404296875,-8589.0,304.90203857421875,-9203.4,-9077.0,-8928.6,-8769.0,-8589.0,-8345.0,-8217.699999999999,-8060.25,-7947.360000000001
37037,-8571.1201171875,117.82727813720703,94.80570220947266,106.31411743164062,-8571.1201171875,-8589.0,300.7473449707031,-9203.4,-9077.0,-8928.6,-8769.0,-8589.0,-8345.0,-8217.699999999999,-8060.25,-7964.400000000001
37128,-8581.01953125,117.6126937866211,94.79413604736328,105.76074981689453,-8581.01953125,-8599.5,297.0370788574219,-9203.4,-9077.0,-8947.5,-8776.5,-8599.5,-8353.0,-8250.199999999999,-8094.45,-7964.400000000001
37219,-8590.4599609375,117.3795394897461,94.76884460449219,105.20900290352958,-8590.4599609375,-8601.5,294.9023132324219,-9203.4,-9077.0,-8947.5,-8789.75,-8601.5,-8379.5,-8253.8,-8094.6,-7993.800000000001
37310,-8599.6201171875,117.20116424560547,94.78954315185547,104.68349020821708,-8599.6201171875,-8607.5,299.57940673828125,-9203.4,-9077.0,-8952.2,-8799.5,-8607.5,-8410.25,-8266.9,-8094.6,-7993.800000000001
37401,-8604.8798828125,117.00565338134766,94.80393981933594,104.11082785470145,-8604.8798828125,-8609.0,300.8910217285156,-9219.08,-9077.0,-8952.2,-8807.0,-8609.0,-8410.25,-8266.9,-8094.6,-7993.800000000001
37492,-8618.2998046875,116.74373626708984,94.75646209716797,103.50595964704242,-8618.2998046875,-8619.0,302.0914001464844,-9219.08,-9079.2,-8952.2,-8832.75,-8619.0,-8431.25,-8278.6,-8094.6,-7993.800000000001
37583,-8629.859375,116.52176666259766,94.73119354248047,102.97803388323102,-8629.8603515625,-8628.0,304.0841979980469,-9219.08,-9079.2,-8956.8,-8841.25,-8628.0,-8439.5,-8298.4,-8094.6,-7993.800000000001
37674,-8637.9599609375,116.29851531982422,94.71300506591797,102.40633937290737,-8637.9599609375,-8628.0,309.3172912597656,-9272.74,-9081.95,-9021.0,-8844.25,-8628.0,-8447.0,-8298.4,-8109.8,-7993.800000000001
37765,-8644.83984375,116.06440734863281,94.67533111572266,101.85657283238002,-8644.83984375,-8636.0,307.67681884765625,-9310.1,-9091.45,-9021.0,-8851.75,-8636.0,-8458.75,-8314.2,-8109.8,-7994.4400000000005
37856,-8652.919921875,115.89115905761719,94.6918716430664,101.322995867048,-8652.919921875,-8660.0,307.31451416015625,-9310.1,-9140.85,-9021.0,-8859.0,-8660.0,-8465.25,-8318.6,-8110.3,-7994.4400000000005
37947,-8659.6201171875,115.69746398925781,94.70787048339844,100.75881086077008,-8659.6201171875,-8672.0,303.5565185546875,-9310.1,-9140.85,-9021.0,-8875.25,-8672.0,-8465.25,-8318.6,-8137.8,-7994.88
38038,-8666.33984375,115.47372436523438,94.69441986083984,100.1604505266462,-8666.33984375,-8672.0,300.674560546875,-9310.1,-9140.85,-9021.0,-8884.5,-8672.0,-8474.5,-8318.6,-8148.5,-7995.88
38129,-8676.599609375,115.27873992919922,94.68629455566406,99.62025996616909,-8676.599609375,-8672.0,301.7742614746094,-9310.1,-9177.25,-9021.5,-8903.25,-8672.0,-8485.75,-8344.0,-8148.5,-8028.360000000001
38220,-8680.859375,115.06498718261719,94.66967010498047,99.05183628627232,-8680.8603515625,-8672.0,296.17193603515625,-9310.1,-9177.25,-9021.5,-8904.0,-8672.0,-8485.75,-8344.2,-8175.6,-8058.400000000001
38311,-8687.080078125,114.89921569824219,94.6914291381836,98.52955518450055,-8687.080078125,-8691.5,297.0265808105469,-9310.1,-9185.8,-9022.6,-8906.25,-8691.5,-8496.5,-8344.2,-8175.6,-8058.400000000001
38402,-8694.16015625,114.7213134765625,94.70582580566406,97.96682303292411,-8694.16015625,-8705.5,295.4354553222656,-9310.1,-9185.8,-9022.6,-8913.5,-8705.5,-8509.0,-8346.8,-8175.6,-8058.64
38493,-8699.3193359375,114.5428466796875,94.71311950683594,97.4574225289481,-8699.3203125,-8705.5,296.9024963378906,-9321.86,-9185.8,-9022.9,-8913.5,-8705.5,-8530.75,-8346.8,-8175.6,-8082.16
38584,-8704.7197265625,114.35191345214844,94.70897674560547,96.94322749546596,-8704.7197265625,-8718.0,297.2679748535156,-9321.86,-9185.8,-9041.5,-8916.75,-8718.0,-8533.25,-8346.8,-8176.9,-8082.16
38675,-8710.8798828125,114.1214599609375,94.67100524902344,96.39035034179688,-8710.8798828125,-8718.0,298.8883056640625,-9321.86,-9185.8,-9041.5,-8948.0,-8718.0,-8543.25,-8346.8,-8176.9,-8082.16
38766,-8717.4794921875,113.93199157714844,94.66181182861328,95.8935775756836,-8717.48046875,-8727.5,298.7946472167969,-9321.86,-9203.0,-9041.5,-8955.5,-8727.5,-8548.5,-8354.2,-8176.9,-8082.16
38857,-8728.8798828125,113.7584457397461,94.66649627685547,95.36870574951172,-8728.8798828125,-8727.5,296.41424560546875,-9321.86,-9203.0,-9058.9,-8961.5,-8727.5,-8548.5,-8375.8,-8187.45,-8082.16
38948,-8735.259765625,113.57568359375,94.67216491699219,94.82022748674665,-8735.259765625,-8731.5,294.6170654296875,-9321.86,-9203.0,-9059.0,-8961.5,-8731.5,-8555.5,-8375.8,-8242.15,-8082.16
39039,-8744.6396484375,113.36483001708984,94.64970397949219,94.29167175292969,-8744.6396484375,-8731.5,296.55841064453125,-9322.38,-9203.0,-9059.0,-8975.0,-8731.5,-8582.0,-8375.8,-8242.15,-8082.16
39130,-8749.7001953125,113.18343353271484,94.65255737304688,93.74649919782367,-8749.7001953125,-8747.0,296.273681640625,-9323.4,-9217.65,-9059.0,-8975.5,-8747.0,-8584.0,-8375.8,-8242.15,-8086.92
39221,-8758.8798828125,113.0052719116211,94.66972351074219,93.19270760672433,-8758.8798828125,-8747.0,292.3282470703125,-9395.92,-9217.65,-9059.0,-8980.5,-8747.0,-8596.75,-8375.8,-8248.8,-8134.04
39312,-8766.7001953125,112.7958984375,94.6288070678711,92.67954690115792,-8766.7001953125,-8757.5,294.3733825683594,-9396.06,-9232.85,-9068.5,-8980.5,-8757.5,-8600.75,-8375.8,-8248.8,-8134.04
39403,-8772.66015625,112.61587524414062,94.62397766113281,92.15102931431362,-8772.66015625,-8763.5,295.91436767578125,-9396.06,-9232.85,-9074.5,-8982.0,-8763.5,-8601.0,-8376.6,-8248.8,-8134.04
39494,-8776.919921875,112.4414291381836,94.63449096679688,91.61408015659877,-8776.919921875,-8763.5,297.3374938964844,-9396.06,-9250.85,-9091.6,-8993.75,-8763.5,-8601.0,-8403.6,-8248.8,-8134.04
39585,-8781.83984375,112.25563049316406,94.6447982788086,91.06248474121094,-8781.83984375,-8781.5,297.7206115722656,-9396.06,-9265.85,-9092.0,-8993.75,-8781.5,-8601.0,-8404.8,-8256.6,-8134.04
39676,-8788.9599609375,112.07969665527344,94.6507339477539,90.48544747488839,-8788.9599609375,-8781.5,298.3009033203125,-9396.06,-9266.8,-9135.6,-9005.0,-8781.5,-8605.5,-8432.4,-8256.7,-8134.04
39767,-8796.240234375,111.91565704345703,94.65861511230469,89.954103742327,-8796.240234375,-8781.5,296.7637634277344,-9396.06,-9266.8,-9159.4,-9011.0,-8781.5,-8617.5,-8432.4,-8256.7,-8134.68
39858,-8802.8994140625,111.7621078491211,94.68854522705078,89.41315569196429,-8802.900390625,-8789.0,296.5001220703125,-9396.06,-9266.8,-9159.4,-9012.5,-8789.0,-8617.5,-8436.0,-8266.5,-8134.68
39949,-8813.2998046875,111.54190063476562,94.65072631835938,88.83606392996651,-8813.2998046875,-8808.0,297.33489990234375,-9396.06,-9267.3,-9159.4,-9026.0,-8808.0,-8630.75,-8436.0,-8266.5,-8134.68
40040,-8821.66015625,111.38397979736328,94.6677474975586,88.31612178257534,-8821.66015625,-8808.0,298.5791320800781,-9396.06,-9283.45,-9160.3,-9046.0,-8808.0,-8637.75,-8436.0,-8266.5,-8136.64
40131,-8827.3193359375,111.23798370361328,94.70761108398438,87.73273250034877,-8827.3203125,-8811.5,298.11871337890625,-9396.06,-9340.45,-9162.4,-9046.0,-8811.5,-8657.5,-8436.0,-8266.5,-8136.64
40222,-8838.580078125,111.07241821289062,94.709228515625,87.18964276994977,-8838.580078125,-8827.0,294.3758239746094,-9406.84,-9340.45,-9162.4,-9057.5,-8827.0,-8663.25,-8496.9,-8339.2,-8136.64
40313,-8846.0400390625,110.84520721435547,94.66706085205078,86.62071228027344,-8846.0400390625,-8830.0,291.53485107421875,-9406.84,-9340.45,-9163.2,-9073.0,-8830.0,-8663.25,-8500.3,-8340.6,-8268.32
40404,-8853.9599609375,110.66268157958984,94.66203308105469,86.07903725760323,-8853.9599609375,-8845.5,295.3728942871094,-9450.66,-9340.45,-9204.2,-9078.5,-8845.5,-8663.25,-8500.3,-8342.8,-8268.32
40495,-8867.6396484375,110.47020721435547,94.63735961914062,85.55637686593192,-8867.6396484375,-8859.0,297.5586242675781,-9483.38,-9340.45,-9231.2,-9099.25,-8859.0,-8684.25,-8501.0,-8342.8,-8268.32
40586,-8876.080078125,110.30241394042969,94.64069366455078,84.97903224400112,-8876.080078125,-8868.5,296.0814208984375,-9483.38,-9358.5,-9233.0,-9108.25,-8868.5,-8690.25,-8548.9,-8368.4,-8268.32
40677,-8880.1796875,110.14823150634766,94.6445541381836,84.47847638811383,-8880.1796875,-8872.0,296.2926025390625,-9483.38,-9360.2,-9233.0,-9108.25,-8872.0,-8699.25,-8548.9,-8368.4,-8268.32
40768,-8887.240234375,109.97644805908203,94.63394165039062,83.96024540492466,-8887.240234375,-8875.0,296.2923583984375,-9484.26,-9360.2,-9233.0,-9108.25,-8875.0,-8699.25,-8563.4,-8368.4,-8268.32
40859,-8894.7197265625,109.81587219238281,94.64087677001953,83.42441122872489,-8894.7197265625,-8875.0,295.4000244140625,-9485.9,-9360.2,-9233.0,-9119.75,-8875.0,-8700.25,-8578.5,-8368.4,-8268.32
40950,-8899.2001953125,109.66801452636719,94.66738891601562,82.8800539289202,-8899.2001953125,-8875.0,295.6318359375,-9485.9,-9361.15,-9233.0,-9136.25,-8875.0,-8706.25,-8578.5,-8368.4,-8268.32
41041,-8905.599609375,109.47061157226562,94.64509582519531,82.32736533028739,-8905.599609375,-8882.0,296.7403259277344,-9485.9,-9361.15,-9235.0,-9141.5,-8882.0,-8706.25,-8578.5,-8410.8,-8268.32
41132,-8910.0,109.31684875488281,94.65843963623047,81.80378723144531,-8910.0,-8882.0,295.00885009765625,-9485.9,-9376.35,-9235.0,-9141.75,-8882.0,-8709.25,-8578.5,-8410.8,-8270.44
41223,-8914.33984375,109.1539306640625,94.6712646484375,81.2339368547712,-8914.33984375,-8889.0,294.50689697265625,-9485.9,-9402.75,-9235.0,-9146.75,-8889.0,-8725.0,-8578.5,-8410.8,-8270.44
41314,-8919.419921875,108.99420166015625,94.68103790283203,80.69128308977399,-8919.419921875,-8889.5,295.60809326171875,-9485.9,-9402.75,-9238.6,-9156.0,-8889.5,-8725.0,-8587.1,-8414.7,-8270.44
41405,-8925.439453125,108.82176971435547,94.67797088623047,80.18002210344586,-8925.4404296875,-8914.0,296.894287109375,-9485.9,-9402.75,-9254.6,-9159.5,-8914.0,-8725.0,-8587.1,-8414.7,-8270.44
41496,-8931.080078125,108.6407699584961,94.66280364990234,79.6251242501395,-8931.080078125,-8924.0,292.8509826660156,-9485.9,-9402.75,-9254.6,-9162.0,-8924.0,-8725.0,-8604.4,-8418.9,-8270.44
41587,-8938.7998046875,108.51634979248047,94.68492889404297,79.11558096749442,-8938.7998046875,-8924.0,290.1228942871094,-9553.52,-9402.75,-9254.6,-9162.0,-8924.0,-8745.0,-8617.6,-8448.3,-8270.44
41678,-8945.0595703125,108.40262603759766,94.73551940917969,78.58151681082589,-8945.0595703125,-8924.0,288.99407958984375,-9553.52,-9402.75,-9277.1,-9165.25,-8924.0,-8747.0,-8644.6,-8487.5,-8270.44
41769,-8952.0400390625,108.21244049072266,94.70354461669922,78.04660034179688,-8952.0400390625,-8927.5,288.8932189941406,-9553.52,-9402.75,-9277.1,-9166.25,-8927.5,-8747.0,-8644.9,-8487.5,-8270.44
41860,-8956.7802734375,108.04400634765625,94.68973541259766,77.49515533447266,-8956.7802734375,-8936.0,289.8939208984375,-9553.68,-9406.55,-9282.5,-9166.25,-8936.0,-8751.5,-8644.9,-8487.5,-8270.44
41951,-8959.8193359375,107.88888549804688,94.69042205810547,76.96230861118862,-8959.8203125,-8936.0,288.9940185546875,-9553.68,-9406.55,-9282.5,-9167.0,-8936.0,-8758.0,-8645.199999999999,-8487.5,-8270.44
42042,-8965.8798828125,107.68136596679688,94.65477752685547,76.38785443987165,-8965.8798828125,-8939.5,287.75921630859375,-9553.68,-9417.35,-9282.5,-9167.25,-8939.5,-8796.75,-8652.8,-8487.5,-8270.44
42133,-8971.939453125,107.53597259521484,94.67582702636719,75.82582092285156,-8971.9404296875,-8951.5,287.16387939453125,-9553.68,-9418.05,-9285.2,-9173.75,-8951.5,-8809.5,-8660.9,-8487.5,-8270.44
42224,-8980.1201171875,107.36767578125,94.67223358154297,75.26100049700055,-8980.1201171875,-8972.0,282.0688781738281,-9553.68,-9451.1,-9285.2,-9173.75,-8972.0,-8812.5,-8664.5,-8525.1,-8317.56
42315,-8985.2197265625,107.19869995117188,94.65714263916016,74.72010694231305,-8985.2197265625,-8981.0,285.6675109863281,-9553.68,-9453.35,-9306.6,-9193.5,-8981.0,-8812.5,-8664.5,-8525.1,-8317.56
42406,-8989.5595703125,107.05297088623047,94.67152404785156,74.14794812883649,-8989.5595703125,-8989.0,286.8323974609375,-9554.68,-9453.35,-9306.6,-9193.5,-8989.0,-8812.5,-8675.3,-8526.8,-8317.56
42497,-8992.9794921875,106.89104461669922,94.66973876953125,73.58909497942243,-8992.98046875,-8995.5,288.3849182128906,-9566.44,-9453.35,-9309.3,-9197.5,-8995.5,-8812.5,-8675.3,-8526.8,-8317.56
42588,-9006.66015625,106.79776000976562,94.72472381591797,73.05268968854632,-9006.66015625,-9008.0,286.3795166015625,-9566.44,-9453.35,-9323.6,-9208.75,-9008.0,-8812.5,-8675.3,-8538.4,-8318.6
42679,-9012.66015625,106.64537811279297,94.72821807861328,72.49181365966797,-9012.66015625,-9018.0,286.0705261230469,-9566.44,-9493.25,-9330.8,-9208.75,-9018.0,-8814.75,-8682.4,-8538.4,-8318.6
42770,-9017.939453125,106.53084564208984,94.7625961303711,71.94779096330915,-9017.9404296875,-9026.0,284.79705810546875,-9566.44,-9493.25,-9330.8,-9212.5,-9026.0,-8814.75,-8698.8,-8538.4,-8318.6
42861,-9021.1201171875,106.32942962646484,94.71857452392578,71.38610185895648,-9021.1201171875,-9026.0,284.2236633300781,-9566.48,-9493.25,-9330.8,-9212.5,-9026.0,-8814.75,-8698.8,-8538.4,-8318.6
42952,-9026.6796875,106.17666625976562,94.72221374511719,70.82585035051618,-9026.6796875,-9031.0,285.2654724121094,-9566.48,-9529.35,-9347.4,-9212.5,-9031.0,-8820.25,-8731.4,-8538.4,-8318.6
43043,-9034.33984375,105.99613952636719,94.70108032226562,70.22645677839007,-9034.33984375,-9044.0,284.8315734863281,-9585.1,-9529.35,-9348.1,-9220.5,-9044.0,-8837.0,-8731.8,-8549.8,-8324.88
43134,-9038.83984375,105.83161163330078,94.68480682373047,69.69195338657924,-9038.83984375,-9044.0,283.1019592285156,-9585.1,-9529.35,-9348.7,-9220.5,-9044.0,-8855.75,-8740.8,-8568.1,-8324.88
43225,-9044.2802734375,105.69060516357422,94.6916275024414,69.1362784249442,-9044.2802734375,-9045.5,284.4521484375,-9585.1,-9529.35,-9365.1,-9233.25,-9045.5,-8855.75,-8740.8,-8570.0,-8324.88
43316,-9048.240234375,105.57488250732422,94.72311401367188,68.56734575544085,-9048.240234375,-9045.5,286.41375732421875,-9585.38,-9529.35,-9375.6,-9233.25,-9045.5,-8861.25,-8740.8,-8570.0,-8324.88
43407,-9052.1396484375,105.40025329589844,94.69659423828125,68.00493621826172,-9052.1396484375,-9045.5,287.0303955078125,-9601.14,-9529.35,-9381.3,-9233.5,-9045.5,-8866.5,-8740.8,-8570.0,-8324.88
43498,-9062.439453125,105.2140121459961,94.66078186035156,67.40504673549107,-9062.4404296875,-9052.5,281.8788757324219,-9601.78,-9529.65,-9381.3,-9260.0,-9052.5,-8866.5,-8764.1,-8591.9,-8362.24
43589,-9067.1396484375,105.06602478027344,94.65715026855469,66.86602129255023,-9067.1396484375,-9069.5,280.02435302734375,-9601.78,-9529.65,-9381.3,-9270.25,-9069.5,-8877.75,-8764.7,-8591.9,-8362.24
43680,-9071.0,104.94699096679688,94.68511199951172,66.30201993669782,-9071.0,-9069.5,277.943115234375,-9602.04,-9529.65,-9381.3,-9270.25,-9069.5,-8894.0,-8771.0,-8591.9,-8402.28
43771,-9075.0595703125,104.79893493652344,94.68769073486328,65.74224145071847,-9075.0595703125,-9069.5,279.5205383300781,-9602.04,-9543.1,-9381.3,-9277.0,-9069.5,-8894.0,-8778.199999999999,-8591.9,-8402.28
43862,-9082.3193359375,104.71299743652344,94.73884582519531,65.19348035539899,-9082.3203125,-9084.5,280.5160217285156,-9627.52,-9543.1,-9392.4,-9287.25,-9084.5,-8904.25,-8791.8,-8614.7,-8402.28
43953,-9089.6396484375,104.6048812866211,94.78048706054688,64.62698255266461,-9089.6396484375,-9084.5,281.94921875,-9680.44,-9543.5,-9401.7,-9287.25,-9084.5,-8905.0,-8791.8,-8614.7,-8402.68
44044,-9097.1796875,104.5597915649414,94.87431335449219,64.10115541730609,-9097.1796875,-9090.5,281.5291748046875,-9692.2,-9543.5,-9403.1,-9288.75,-9090.5,-8905.0,-8791.8,-8616.3,-8402.68
44135,-9102.8994140625,104.496337890625,94.94812774658203,63.56327492850168,-9102.900390625,-9090.5,280.9344482421875,-9692.24,-9543.5,-9403.5,-9295.25,-9090.5,-8905.0,-8797.2,-8616.3,-8430.44
44226,-9107.6396484375,104.35582733154297,94.94353485107422,63.02680696759905,-9107.6396484375,-9092.0,279.19915771484375,-9692.24,-9543.5,-9403.5,-9295.5,-9092.0,-8908.5,-8799.0,-8624.6,-8430.44
44317,-9113.919921875,104.24429321289062,94.9736099243164,62.47422899518694,-9113.919921875,-9097.0,281.26092529296875,-9693.44,-9543.5,-9415.2,-9311.0,-9097.0,-8918.75,-8801.9,-8624.9,-8430.44
44408,-9116.5400390625,104.16838836669922,95.03401947021484,61.942910875592915,-9116.5400390625,-9097.0,280.9247741699219,-9693.44,-9543.5,-9415.2,-9317.75,-9097.0,-8919.25,-8801.9,-8653.7,-8430.44
44499,-9121.3193359375,103.9908676147461,95.0072250366211,61.30815505981445,-9121.3203125,-9097.0,277.2656555175781,-9693.44,-9549.2,-9415.2,-9326.25,-9097.0,-8919.25,-8820.7,-8655.0,-8466.0
44590,-9124.4794921875,103.85163116455078,95.0078353881836,60.71721267700195,-9124.48046875,-9099.0,276.55145263671875,-9693.44,-9564.4,-9415.2,-9327.0,-9099.0,-8919.25,-8820.7,-8725.300000000001,-8466.0
44681,-9132.83984375,103.7439193725586,95.03499603271484,60.12579182216099,-9132.83984375,-9107.5,275.42388916015625,-9736.56,-9572.2,-9415.2,-9327.5,-9107.5,-8923.75,-8824.3,-8727.5,-8472.88
44772,-9139.080078125,103.6258773803711,95.06665802001953,59.5620493207659,-9139.080078125,-9124.5,274.4171447753906,-9736.56,-9572.2,-9431.4,-9331.25,-9124.5,-8924.0,-8824.3,-8727.5,-8472.88
44863,-9143.5595703125,103.44115447998047,95.02745819091797,58.9393070765904,-9143.5595703125,-9144.0,275.1207275390625,-9765.96,-9572.2,-9432.3,-9338.25,-9144.0,-8924.0,-8824.3,-8744.6,-8472.88
44954,-9149.0595703125,103.35263061523438,95.07733917236328,58.35075487409319,-9149.0595703125,-9147.5,273.79132080078125,-9765.96,-9577.35,-9432.3,-9341.5,-9147.5,-8926.5,-8839.7,-8752.7,-8472.88
45045,-9154.1396484375,103.2711410522461,95.12360382080078,57.83841977800642,-9154.1396484375,-9147.5,273.16888427734375,-9765.96,-9603.05,-9435.9,-9341.5,-9147.5,-8941.0,-8864.3,-8752.7,-8472.88
45136,-9159.0,103.13846588134766,95.1452407836914,57.1973991394043,-9159.0,-9147.5,273.5892333984375,-9805.16,-9614.45,-9435.9,-9350.75,-9147.5,-8950.75,-8867.9,-8752.7,-8512.2
45227,-9162.8798828125,103.05874633789062,95.19493103027344,56.61378914969308,-9162.8798828125,-9158.0,273.0169982910156,-9805.16,-9620.15,-9435.9,-9350.75,-9158.0,-8950.75,-8867.9,-8752.7,-8639.6
45318,-9168.9599609375,102.89485931396484,95.15644073486328,56.0432379586356,-9168.9599609375,-9158.0,270.6572570800781,-9805.24,-9620.15,-9462.9,-9350.75,-9158.0,-8978.0,-8878.6,-8752.7,-8639.6
45409,-9174.5,102.85885620117188,95.26598358154297,55.43932887486049,-9174.5,-9164.5,273.7489318847656,-9817.12,-9630.35,-9471.2,-9364.25,-9164.5,-8988.5,-8878.6,-8752.7,-8639.6
45500,-9177.8994140625,102.74267578125,95.2740478515625,54.937744140625,-9177.900390625,-9164.5,274.5166015625,-9817.12,-9634.15,-9471.2,-9383.0,-9164.5,-8988.5,-8878.6,-8752.7,-8639.6
45591,-9181.7001953125,102.70440673828125,95.36601257324219,54.342412676130024,-9181.7001953125,-9164.5,273.0758361816406,-9823.32,-9634.15,-9471.2,-9383.0,-9164.5,-8988.5,-8899.4,-8752.7,-8639.68
45682,-9186.599609375,102.64421844482422,95.43238830566406,53.74054118565151,-9186.599609375,-9169.5,272.47418212890625,-9823.32,-9639.85,-9471.2,-9383.0,-9169.5,-8994.5,-8899.4,-8770.1,-8639.76
45773,-9189.0,102.49301147460938,95.41622161865234,53.142969948904856,-9189.0,-9169.5,273.9433898925781,-9839.32,-9656.15,-9471.2,-9383.0,-9169.5,-8994.5,-8899.4,-8770.1,-8640.08
45864,-9195.259765625,102.35047149658203,95.4182357788086,52.49155371529715,-9195.259765625,-9178.5,274.257080078125,-9839.32,-9656.35,-9498.4,-9383.0,-9178.5,-8994.5,-8913.6,-8770.1,-8640.08
45955,-9201.2802734375,102.24323272705078,95.43870544433594,51.86086981637137,-9201.2802734375,-9178.5,276.6033630371094,-9842.08,-9663.25,-9511.8,-9390.0,-9178.5,-9013.75,-8919.9,-8770.1,-8640.08
46046,-9208.359375,102.206787109375,95.53437042236328,51.25014659336635,-9208.3603515625,-9193.5,277.88201904296875,-9842.08,-9668.25,-9519.4,-9407.0,-9193.5,-9026.0,-8919.9,-8770.1,-8640.08
46137,-9213.8798828125,102.10455322265625,95.55647277832031,50.656981876918245,-9213.8798828125,-9193.5,277.7164306640625,-9842.08,-9669.35,-9524.2,-9408.5,-9193.5,-9026.0,-8919.9,-8770.1,-8640.08
46228,-9218.1796875,101.99837493896484,95.57701873779297,50.048096248081755,-9218.1796875,-9195.0,278.267333984375,-9895.12,-9669.45,-9524.2,-9408.5,-9195.0,-9026.25,-8922.6,-8782.2,-8640.08
46319,-9222.5,101.88998413085938,95.59642028808594,49.44660949707031,-9222.5,-9195.0,278.740966796875,-9895.12,-9669.6,-9524.2,-9413.5,-9195.0,-9026.25,-8922.6,-8809.6,-8640.08
46410,-9224.6396484375,101.82816314697266,95.67023468017578,48.80277797154018,-9224.6396484375,-9196.5,277.8359375,-9895.12,-9669.6,-9524.2,-9417.5,-9196.5,-9026.25,-8924.0,-8822.9,-8640.28
46501,-9229.7197265625,101.74886322021484,95.72463989257812,48.190796443394255,-9229.7197265625,-9207.0,276.6049499511719,-9895.12,-9689.55,-9524.2,-9417.5,-9207.0,-9026.25,-8924.0,-8822.9,-8706.92
46592,-9233.9794921875,101.64706420898438,95.75349426269531,47.55984279087612,-9233.98046875,-9207.0,277.091796875,-9895.12,-9689.55,-9526.1,-9426.5,-9207.0,-9038.5,-8924.0,-8822.9,-8706.92
46683,-9238.2197265625,101.51335906982422,95.7503890991211,46.95483888898577,-9238.2197265625,-9212.0,277.5860290527344,-9895.12,-9689.55,-9545.7,-9426.5,-9212.0,-9039.5,-8924.2,-8822.9,-8706.92
46774,-9243.439453125,101.45636749267578,95.82255554199219,46.34306934901646,-9243.4404296875,-9212.0,275.7378234863281,-9895.12,-9689.55,-9547.0,-9438.5,-9212.0,-9059.0,-8924.2,-8838.1,-8708.880000000001
46865,-9249.2197265625,101.27106475830078,95.76046752929688,45.672551836286274,-9249.2197265625,-9214.0,274.1018371582031,-9895.12,-9689.55,-9550.6,-9438.5,-9214.0,-9062.0,-8940.0,-8851.7,-8712.880000000001
46956,-9253.7001953125,101.19123077392578,95.802490234375,45.04523958478655,-9253.7001953125,-9220.0,276.0605163574219,-9895.12,-9689.55,-9567.5,-9438.5,-9220.0,-9063.5,-8943.8,-8851.7,-8713.04
47047,-9256.580078125,101.21941375732422,95.95166015625,44.43501499720982,-9256.580078125,-9227.0,276.26263427734375,-9895.12,-9689.55,-9567.5,-9442.5,-9227.0,-9063.5,-8943.8,-8851.7,-8720.880000000001
47138,-9262.759765625,101.20270538330078,96.0595703125,43.77850668770926,-9262.759765625,-9238.0,272.741943359375,-9895.12,-9689.55,-9572.3,-9442.5,-9238.0,-9076.25,-8943.8,-8851.7,-8721.960000000001
47229,-9269.740234375,101.09854125976562,96.07951354980469,43.05895505632673,-9269.740234375,-9238.0,275.4593200683594,-9895.16,-9689.55,-9602.5,-9461.25,-9238.0,-9084.75,-8973.8,-8851.7,-8721.960000000001
47320,-9274.259765625,101.05760955810547,96.16598510742188,42.3943841116769,-9274.259765625,-9243.5,275.97808837890625,-9895.16,-9689.55,-9603.4,-9468.25,-9243.5,-9084.75,-8973.8,-8851.7,-8725.880000000001
47411,-9277.4794921875,101.04193878173828,96.27906799316406,41.738651275634766,-9277.48046875,-9250.5,276.1526184082031,-9895.16,-9698.1,-9607.4,-9468.25,-9250.5,-9084.75,-8974.8,-8851.7,-8725.960000000001
47502,-9282.080078125,100.94570922851562,96.29004669189453,41.11572047642299,-9282.080078125,-9255.5,275.6937561035156,-9895.4,-9700.2,-9607.4,-9468.25,-9255.5,-9085.25,-8974.8,-8851.7,-8725.960000000001
47593,-9287.7802734375,100.93109893798828,96.39875030517578,40.4730224609375,-9287.7802734375,-9262.5,275.1205139160156,-9895.4,-9700.5,-9607.8,-9468.25,-9262.5,-9088.5,-8974.8,-8851.7,-8752.32
47684,-9289.3193359375,100.96154022216797,96.55757904052734,39.77117810930525,-9289.3203125,-9262.5,275.4879150390625,-9895.48,-9700.8,-9607.8,-9468.25,-9262.5,-9088.5,-8974.8,-8851.7,-8752.32
47775,-9291.51953125,100.96086120605469,96.68550872802734,39.04733875819615,-9291.51953125,-9262.5,276.2364196777344,-9896.08,-9702.6,-9607.8,-9471.25,-9262.5,-9088.5,-8979.0,-8851.7,-8756.24
47866,-9297.1396484375,100.93878936767578,96.7851791381836,38.37380599975586,-9297.1396484375,-9278.0,277.331787109375,-9896.08,-9740.6,-9609.7,-9472.75,-9278.0,-9108.5,-8988.0,-8851.7,-8756.24
47957,-9299.8193359375,100.79485321044922,96.76827239990234,37.61920166015625,-9299.8203125,-9288.0,276.791015625,-9896.08,-9740.6,-9615.1,-9479.75,-9288.0,-9108.5,-9002.4,-8851.7,-8787.6
48048,-9304.51953125,100.83473205566406,96.93843841552734,36.88566371372768,-9304.51953125,-9288.0,275.9454650878906,-9896.08,-9740.7,-9635.1,-9479.75,-9288.0,-9118.75,-9005.0,-8853.0,-8788.24
48139,-9309.83984375,100.85623931884766,97.08373260498047,36.1399176461356,-9309.83984375,-9288.0,275.7193298339844,-9896.08,-9740.7,-9645.2,-9493.75,-9288.0,-9120.0,-9005.0,-8853.0,-8790.2
48230,-9313.2998046875,100.7278060913086,97.08061218261719,35.352721623011995,-9313.2998046875,-9288.0,275.62847900390625,-9896.08,-9768.2,-9645.2,-9495.75,-9288.0,-9138.75,-9008.6,-8854.9,-8790.2
48321,-9315.7001953125,100.732421875,97.21894836425781,34.57836478097098,-9315.7001953125,-9288.0,275.2646789550781,-9896.08,-9768.2,-9645.2,-9495.75,-9288.0,-9140.25,-9008.6,-8854.9,-8796.08
48412,-9317.6201171875,100.86237335205078,97.47313690185547,33.83573068891253,-9317.6201171875,-9288.0,275.2867431640625,-9896.08,-9768.2,-9645.2,-9495.75,-9288.0,-9140.25,-9008.6,-8854.9,-8796.08
48503,-9320.0,100.96062469482422,97.69828796386719,33.066345759800505,-9320.0,-9290.0,275.5794372558594,-9903.92,-9768.2,-9645.2,-9495.75,-9290.0,-9142.75,-9008.6,-8854.9,-8796.08
48594,-9322.66015625,101.06793975830078,97.93094635009766,32.22525378635952,-9322.66015625,-9299.0,275.69610595703125,-9921.56,-9768.2,-9647.3,-9500.25,-9299.0,-9142.75,-9008.6,-8854.9,-8798.04
48685,-9327.439453125,101.17572784423828,98.16008758544922,31.44772747584752,-9327.4404296875,-9311.0,274.1807861328125,-9921.56,-9778.8,-9647.3,-9500.25,-9311.0,-9147.5,-9009.0,-8854.9,-8799.44
48776,-9332.16015625,101.17903900146484,98.28646850585938,30.61540985107422,-9332.16015625,-9329.0,272.8758544921875,-9921.56,-9778.8,-9647.3,-9506.75,-9329.0,-9153.0,-9011.7,-8906.2,-8799.44
48867,-9335.759765625,101.32103729248047,98.55615234375,29.83727972848075,-9335.759765625,-9340.0,271.51214599609375,-9921.56,-9778.8,-9649.1,-9516.75,-9340.0,-9153.0,-9020.1,-8919.5,-8822.960000000001
48958,-9338.359375,101.44111633300781,98.8161392211914,28.878459657941544,-9338.3603515625,-9340.0,271.400634765625,-9921.56,-9779.3,-9649.1,-9516.75,-9340.0,-9156.5,-9027.3,-8919.5,-8823.32
49049,-9341.4794921875,101.50801086425781,99.00326538085938,27.955778666904994,-9341.48046875,-9342.0,272.09613037109375,-9921.56,-9779.7,-9649.1,-9523.25,-9342.0,-9156.5,-9038.1,-8919.5,-8823.32
49140,-9343.5595703125,101.66222381591797,99.2912368774414,27.10367829459054,-9343.5595703125,-9342.0,270.4925537109375,-9921.56,-9779.7,-9649.1,-9528.0,-9342.0,-9156.5,-9038.1,-8932.8,-8823.32
49231,-9347.419921875,101.78498077392578,99.51972198486328,26.310238429478236,-9347.419921875,-9342.0,271.0726013183594,-9921.56,-9779.7,-9649.1,-9532.25,-9342.0,-9156.5,-9038.1,-8932.8,-8823.32
49322,-9351.3193359375,101.94023132324219,99.80819702148438,25.331085205078125,-9351.3203125,-9342.0,270.63250732421875,-9921.56,-9781.6,-9649.1,-9536.25,-9342.0,-9156.5,-9038.1,-8932.8,-8823.32
49413,-9353.740234375,102.10255432128906,100.09725952148438,24.46913800920759,-9353.740234375,-9350.0,270.8082580566406,-9939.2,-9781.6,-9649.1,-9537.25,-9350.0,-9156.5,-9039.0,-8932.8,-8823.32
49504,-9356.83984375,102.34701538085938,100.46147155761719,23.505003792898997,-9356.83984375,-9350.0,269.8444519042969,-9949.4,-9781.6,-9649.1,-9539.5,-9350.0,-9174.5,-9040.8,-8932.8,-8823.32
49595,-9359.6796875,102.87029266357422,101.11388397216797,22.620356968470983,-9359.6796875,-9350.0,271.7626647949219,-9951.36,-9820.5,-9670.1,-9539.5,-9350.0,-9174.5,-9040.8,-8932.8,-8823.32
49686,-9361.7998046875,103.17022705078125,101.5396957397461,21.5594060080392,-9361.7998046875,-9352.0,271.8199157714844,-9951.36,-9831.0,-9670.1,-9540.25,-9352.0,-9174.5,-9059.0,-8932.8,-8823.32
49777,-9363.359375,103.7431411743164,102.24468994140625,20.492164611816406,-9363.3603515625,-9354.0,271.67327880859375,-9951.36,-9831.0,-9670.1,-9540.25,-9354.0,-9176.5,-9059.0,-8932.8,-8823.32
49868,-9365.7001953125,104.14537048339844,102.75788116455078,19.618752888270787,-9365.7001953125,-9356.0,273.3441467285156,-9952.28,-9831.0,-9670.1,-9552.25,-9356.0,-9176.5,-9059.0,-8932.8,-8823.32
49959,-9367.6396484375,104.9934310913086,103.74111938476562,18.664901733398438,-9367.6396484375,-9356.0,274.542236328125,-9958.16,-9832.6,-9670.1,-9552.25,-9356.0,-9176.5,-9059.0,-8932.8,-8825.28
