step,best_fitness,avg_hamming,avg_l1,avg_entropy,mean,median,std,2%,5%,10%,25%,50%,75%,90%,95%,98%
91,-0.5280788540840149,255.9148406982422,16.388904571533203,353.98160661969865,0.5280788540840149,0.5279366374015808,0.007490542717278004,0.5140410029888153,0.5181708037853241,0.5195993781089783,0.5228200703859329,0.5279366374015808,0.5328934192657471,0.5364749550819397,0.5407469511032105,0.5432755517959594
182,-0.532068133354187,255.81524658203125,18.107290267944336,353.69935389927457,0.532068133354187,0.5316256880760193,0.007271912414580584,0.517627227306366,0.5204556047916412,0.5234939575195312,0.5278641879558563,0.5316256880760193,0.5356596261262894,0.5422424376010895,0.5452904105186462,0.5487214124202728
273,-0.5344489812850952,255.7037353515625,19.69170379638672,353.4029105050223,0.5344489812850952,0.5340430438518524,0.007554993033409119,0.5194877195358276,0.5222012788057327,0.5250028967857361,0.52982959151268,0.5340430438518524,0.5395578742027283,0.5439374804496765,0.5461790144443512,0.5529785490036011
364,-0.5360119342803955,255.57749938964844,21.128135681152344,353.09608241489957,0.5360119342803955,0.5346988141536713,0.007039353717118502,0.5239955699443817,0.5262850046157836,0.5280060768127441,0.5307432860136032,0.5346988141536713,0.5405286252498627,0.5452856898307801,0.5497700661420822,0.5534608578681945
455,-0.5368627309799194,255.42950439453125,22.437559127807617,352.7719421386719,0.5368627309799194,0.5356095433235168,0.007199921645224094,0.5248161005973816,0.526292297244072,0.5289003729820252,0.531608060002327,0.5356095433235168,0.5425324141979218,0.5466172158718109,0.5497700661420822,0.5534608578681945
546,-0.5380963683128357,255.27734375,23.701017379760742,352.4389430454799,0.5380963683128357,0.5375435948371887,0.007342016324400902,0.5254724037647247,0.5268210232257843,0.529335880279541,0.5325174033641815,0.5375435948371887,0.5433839708566666,0.5471147775650025,0.5534633934497833,0.5539688420295715
637,-0.5398687720298767,255.10328674316406,24.883289337158203,352.085693359375,0.5398688316345215,0.5399888753890991,0.007135456427931786,0.5263261568546295,0.5290090709924697,0.5305315852165222,0.5343823879957199,0.5399888753890991,0.5452871024608612,0.5476410746574402,0.5534633934497833,0.5539688420295715
728,-0.5410006642341614,254.9211883544922,26.004594802856445,351.72569492885043,0.5410006642341614,0.5411497950553894,0.006825883872807026,0.52955726146698,0.5304342925548553,0.532172691822052,0.5357564091682434,0.5411497950553894,0.5458791106939316,0.5500625193119049,0.5535588324069977,0.5539688420295715
819,-0.5417736172676086,254.73178100585938,27.099437713623047,351.35487147739957,0.5417736172676086,0.5420455932617188,0.006714871618896723,0.52955726146698,0.5313683122396469,0.5328534603118896,0.5367346405982971,0.5420455932617188,0.5465255975723267,0.5504436254501343,0.5535588324069977,0.5539688420295715
910,-0.542610228061676,254.52777099609375,28.145490646362305,350.97034127371654,0.542610228061676,0.5426876842975616,0.006739496719092131,0.52955726146698,0.5315940737724304,0.5331690430641174,0.53809754550457,0.5426876842975616,0.5471236109733582,0.5523402571678162,0.5538909196853637,0.5543772220611572
1001,-0.5431185960769653,254.30755615234375,29.124366760253906,350.5729544503348,0.5431185364723206,0.5429975092411041,0.006741685327142477,0.5301486659049988,0.531631401181221,0.534510749578476,0.5387547761201859,0.5429975092411041,0.5474848747253418,0.552849531173706,0.5539750516414642,0.5548139691352845
1092,-0.544109582901001,254.07620239257812,30.057722091674805,350.16615513392856,0.5441095232963562,0.5435080528259277,0.006650949362665415,0.5309303677082062,0.5345615714788436,0.534967714548111,0.5391102284193039,0.5435080528259277,0.548683762550354,0.5538506627082824,0.5548078835010528,0.5558481693267823
1183,-0.544896125793457,253.8370361328125,30.956504821777344,349.7509198869978,0.544896125793457,0.544827938079834,0.006544950883835554,0.533268791437149,0.5345995992422103,0.5366120994091034,0.5405381619930267,0.544827938079834,0.5489335507154465,0.5538945913314819,0.5558670163154602,0.5571847105026245
1274,-0.5461379289627075,253.5728759765625,31.805139541625977,349.31358119419644,0.5461379289627075,0.5465280115604401,0.006314956117421389,0.53465207695961,0.53614082634449,0.5381829619407654,0.5416053831577301,0.5465280115604401,0.5502845346927643,0.5542601585388184,0.5572049409151077,0.558518441915512
1365,-0.5469852089881897,253.3147430419922,32.64664077758789,348.88026210239957,0.5469852685928345,0.5467835366725922,0.006392122711986303,0.534969607591629,0.5375400066375733,0.5390210390090943,0.5423091799020767,0.5467835366725922,0.5511899441480637,0.5569802165031433,0.558044821023941,0.559279465675354
1456,-0.5475898385047913,253.0371551513672,33.46051788330078,348.42898995535717,0.547589898109436,0.5468938052654266,0.006579509004950523,0.5367680144309998,0.5381476163864136,0.5394470870494843,0.5427781045436859,0.5468938052654266,0.552094578742981,0.5573138952255249,0.5585363507270813,0.5593683004379272
1547,-0.5484104156494141,252.73876953125,34.23689651489258,347.95889718191967,0.5484104156494141,0.5474966764450073,0.007263751234859228,0.5375688791275024,0.5385534584522247,0.5396573126316071,0.5432368516921997,0.5474966764450073,0.5525499582290649,0.5575519382953644,0.5592912346124649,0.5635829365253449
1638,-0.5497869253158569,252.43394470214844,35.0076789855957,347.47882080078125,0.5497869849205017,0.5489343404769897,0.007492956705391407,0.5383258581161499,0.5394539326429367,0.5411443412303925,0.5439987182617188,0.5489343404769897,0.5538788884878159,0.5590364396572113,0.562083724141121,0.5667471957206726
1729,-0.5508664846420288,252.1259765625,35.74711608886719,346.9998517717634,0.5508664846420288,0.5494003891944885,0.007898381911218166,0.5392332875728607,0.5395839363336563,0.541921877861023,0.5456043630838394,0.5494003891944885,0.555569976568222,0.5599843561649323,0.5648088335990906,0.5727566266059876
1820,-0.5520706176757812,251.79441833496094,36.439308166503906,346.5000435965402,0.5520706176757812,0.5504755973815918,0.00778568908572197,0.5396564853191376,0.5411588698625565,0.5425445675849915,0.5474806874990463,0.5504755973815918,0.5570206195116043,0.5605924904346467,0.5661721855401993,0.5727566266059876
1911,-0.5525044202804565,251.47531127929688,37.15000915527344,346.0062822614397,0.5525044202804565,0.5510770678520203,0.007639081683009863,0.5408768796920777,0.5420306116342545,0.5430506110191345,0.5476868450641632,0.5510770678520203,0.5571820735931396,0.5616096377372741,0.5661721855401993,0.5727566266059876
2002,-0.5533297061920166,251.13265991210938,37.85148620605469,345.48803274972096,0.5533297061920166,0.5516879856586456,0.007606967817991972,0.5408768796920777,0.5424211621284485,0.5441074252128602,0.5483391135931015,0.5516879856586456,0.5581474155187607,0.5628995954990387,0.5666345804929733,0.5727566266059876
2093,-0.5546278357505798,250.78146362304688,38.52531814575195,344.9618573869978,0.5546278357505798,0.5532812178134918,0.007610806729644537,0.5430919671058655,0.5437884151935577,0.5465956926345825,0.5490594804286957,0.5532812178134918,0.5589637905359268,0.5661931991577148,0.5682917237281799,0.5727566266059876
2184,-0.5557312369346619,250.4127655029297,39.147159576416016,344.4246346609933,0.5557312369346619,0.5555258095264435,0.007845224812626839,0.5430919671058655,0.5438073158264161,0.5473019659519196,0.5495944321155548,0.5555258095264435,0.5599579215049744,0.5668287396430969,0.5697832971811294,0.5727566266059876
2275,-0.5566695928573608,250.03466796875,39.79364776611328,343.8711896623884,0.5566694736480713,0.5563548505306244,0.0076208352111279964,0.543385980129242,0.5459822714328766,0.5476783990859986,0.5508162975311279,0.5563548505306244,0.560426726937294,0.5670183837413788,0.5700364977121353,0.5727566266059876
2366,-0.5573042035102844,249.64495849609375,40.431156158447266,343.30175345284596,0.5573042035102844,0.5568363070487976,0.0075695691630244255,0.5442208445072174,0.5468492865562439,0.5481568574905396,0.5509189814329147,0.5568363070487976,0.5619315654039383,0.5674645483493805,0.5700364977121353,0.5727566266059876
2457,-0.5583021640777588,249.23724365234375,41.03956985473633,342.7187194824219,0.5583021640777588,0.557904064655304,0.007392300758510828,0.5459994053840638,0.54769047498703,0.5491817235946655,0.5522162765264511,0.557904064655304,0.5635628998279572,0.5683194756507873,0.5700364977121353,0.5727566266059876
2548,-0.559265673160553,248.8422393798828,41.62567901611328,342.15028599330356,0.5592656135559082,0.5586836338043213,0.007137018255889416,0.5474592661857605,0.549055889248848,0.5505190968513489,0.5535713136196136,0.5586836338043213,0.5639905780553818,0.5697571873664856,0.5717749714851379,0.5727566266059876
2639,-0.5602355599403381,248.42518615722656,42.20612335205078,341.5586504255022,0.5602355599403381,0.5593311190605164,0.007443451322615147,0.5481723666191101,0.5497637152671814,0.5509339690208435,0.5539799928665161,0.5593311190605164,0.5647449791431427,0.5708198785781861,0.5727746754884719,0.5753051602840423
2730,-0.5610769391059875,248.0021209716797,42.74457550048828,340.9668491908482,0.5610769987106323,0.560029149055481,0.007432551123201847,0.5481723666191101,0.5505465805530548,0.5519646942615509,0.5553612560033798,0.560029149055481,0.5663697719573975,0.5717917919158936,0.5729140847921371,0.5753051602840423
2821,-0.5620314478874207,247.5772247314453,43.30384063720703,340.36026436941967,0.5620314478874207,0.5610633492469788,0.007949220016598701,0.5481723666191101,0.5505465805530548,0.5526979982852935,0.5555984377861023,0.5610633492469788,0.5680200308561325,0.5728781402111054,0.5747211277484894,0.5779625236988067
2912,-0.5631688833236694,247.15341186523438,43.83717727661133,339.7638593401228,0.5631688833236694,0.5624387562274933,0.007528209593147039,0.5505630707740784,0.5519048750400544,0.5536492586135864,0.5575484782457352,0.5624387562274933,0.5688740760087967,0.5731553196907043,0.5752693057060242,0.5779625236988067
3003,-0.5641810297966003,246.720703125,44.35685348510742,339.1581072126116,0.5641810894012451,0.5637361407279968,0.007287279702723026,0.5514214646816253,0.5533347696065902,0.5551331162452697,0.5582992434501648,0.5637361407279968,0.5697596371173859,0.5731553196907043,0.5757148414850235,0.5784899890422821
3094,-0.5648464560508728,246.25697326660156,44.847328186035156,338.5232413155692,0.5648464560508728,0.5639861524105072,0.006863823160529137,0.5528821623325348,0.5544104218482971,0.5564510345458984,0.5588417798280716,0.5639861524105072,0.5701441317796707,0.5737659931182861,0.5757148414850235,0.5784899890422821
3185,-0.5655616521835327,245.8033447265625,45.34010696411133,337.8971688406808,0.5655616521835327,0.5656450688838959,0.006494184490293264,0.5556024408340454,0.5564589262008667,0.5578487038612365,0.5599813163280487,0.5656450688838959,0.5703001618385315,0.5737659931182861,0.5778288662433624,0.5798134255409241
3276,-0.5660834312438965,245.33396911621094,45.83208465576172,337.2507847377232,0.5660834312438965,0.5659531950950623,0.006421652156859636,0.5557537293434143,0.5572171837091446,0.558224481344223,0.5605559647083282,0.5659531950950623,0.5708270519971848,0.5745011985301971,0.5778288662433624,0.5798134255409241
3367,-0.5665522813796997,244.85203552246094,46.288082122802734,336.60116141183033,0.5665522217750549,0.5660255551338196,0.006294556427747011,0.5560646498203278,0.5579190522432327,0.5586079895496369,0.5613497793674469,0.5660255551338196,0.5715528428554535,0.5745520114898681,0.5778288662433624,0.5799084615707397
3458,-0.5673275589942932,244.36691284179688,46.77427673339844,335.93661063058033,0.5673274993896484,0.5673374533653259,0.006120281293988228,0.5563015127182007,0.5581031650304794,0.5595112264156341,0.562609076499939,0.5673374533653259,0.5721742361783981,0.5745520114898681,0.5784651011228561,0.5799512779712677
3549,-0.5682229399681091,243.8741912841797,47.22835922241211,335.26682826450894,0.5682228803634644,0.5681770145893097,0.00616185599938035,0.5588583874702454,0.5596226453781128,0.5605417668819428,0.5631865710020065,0.5681770145893097,0.5724256783723831,0.5775974690914154,0.5793889731168747,0.5801480865478515
3640,-0.5690515637397766,243.37606811523438,47.671409606933594,334.5932399204799,0.5690515041351318,0.568315327167511,0.006555093452334404,0.5595203340053558,0.5599769622087478,0.5616859793663025,0.5635384321212769,0.568315327167511,0.5727598369121552,0.5784671843051911,0.5799563616514206,0.5827657735347748
3731,-0.5699135661125183,242.8760223388672,48.10083770751953,333.9191676548549,0.5699135661125183,0.5687601566314697,0.006353582721203566,0.5595203340053558,0.5607941687107086,0.5625835239887238,0.5651641190052032,0.5687601566314697,0.5730661451816559,0.5789301812648773,0.5802786260843277,0.5827657735347748
3822,-0.5702946186065674,242.3565216064453,48.498313903808594,333.2323782784598,0.5702945590019226,0.569338321685791,0.006261986680328846,0.5595203340053558,0.5618137359619141,0.5627648174762726,0.5654259920120239,0.569338321685791,0.5735834091901779,0.5794204592704773,0.5812821805477142,0.5827657735347748
3913,-0.5711601972579956,241.85096740722656,48.900787353515625,332.55492728097096,0.5711601972579956,0.5704057812690735,0.00660179415717721,0.560810444355011,0.5619898498058319,0.5630148530006409,0.5660509020090103,0.5704057812690735,0.5760026574134827,0.5808856189250946,0.5823148638010025,0.5839486861228943
4004,-0.5721343159675598,241.32098388671875,49.30955505371094,331.8473118373326,0.5721343755722046,0.5714050233364105,0.006420363672077656,0.5622393107414245,0.5630289256572724,0.5635809898376465,0.5674093961715698,0.5714050233364105,0.5772597193717957,0.5812804698944092,0.5831789344549179,0.5842132413387299
4095,-0.5731803178787231,240.7865753173828,49.68302536010742,331.1417236328125,0.5731803178787231,0.5723360478878021,0.006815590430051088,0.5630569112300873,0.5635030478239059,0.565221107006073,0.5679224729537964,0.5723360478878021,0.5773880332708359,0.5828404784202575,0.5857869684696198,0.5886666321754456
4186,-0.5739424228668213,240.24789428710938,50.084449768066406,330.42346627371654,0.5739424228668213,0.5729764699935913,0.006834616418927908,0.5630569112300873,0.5635787189006806,0.5654346823692322,0.5683783441781998,0.5729764699935913,0.5787865519523621,0.583794504404068,0.5859180390834808,0.5886666321754456
4277,-0.5743589401245117,239.70941162109375,50.471763610839844,329.70660400390625,0.5743589997291565,0.5730643272399902,0.006779463961720467,0.563437683582306,0.5650531828403473,0.5661402463912963,0.5687863975763321,0.5730643272399902,0.5789762437343597,0.5839699625968933,0.5860834389925003,0.5886666321754456
4368,-0.575347363948822,239.1714324951172,50.863792419433594,328.98414829799106,0.5753474235534668,0.574231743812561,0.006948498077690601,0.5641279101371766,0.5652318894863129,0.5663694739341736,0.570744588971138,0.574231743812561,0.5796583294868469,0.5854439616203309,0.5871830135583878,0.5887829482555389
4459,-0.57613205909729,238.60848999023438,51.21072769165039,328.2478506905692,0.57613205909729,0.5747911632061005,0.006799005903303623,0.5652180695533753,0.5660937517881394,0.5678030490875244,0.5713904947042465,0.5747911632061005,0.580940917134285,0.5854439616203309,0.5886691570281982,0.5904623234272003
4550,-0.5768300890922546,238.0580596923828,51.5608024597168,327.52323259626115,0.5768301486968994,0.5764361619949341,0.006762374192476273,0.5657601952552795,0.5663728952407837,0.5681272745132446,0.5718398094177246,0.5764361619949341,0.5813072919845581,0.5858796894550323,0.5887588053941727,0.5904623234272003
4641,-0.5778220891952515,237.50277709960938,51.89023208618164,326.79451642717635,0.5778220891952515,0.5777624845504761,0.006959722377359867,0.5658876895904541,0.5671492576599121,0.568174147605896,0.5725852251052856,0.5777624845504761,0.5823041796684265,0.5870143711566925,0.590480649471283,0.5915582287311554
4732,-0.578589141368866,236.9329071044922,52.22273254394531,326.048086983817,0.5785892009735107,0.5783458054065704,0.006987488828599453,0.5658876895904541,0.5677749574184418,0.5703606963157654,0.5729788392782211,0.5783458054065704,0.583289697766304,0.5879315733909607,0.591247883439064,0.5935325145721435
4823,-0.5796499252319336,236.3511505126953,52.524654388427734,325.29725864955356,0.5796498656272888,0.5791949927806854,0.006821279413998127,0.5677801012992859,0.568620178103447,0.571374487876892,0.5748797208070755,0.5791949927806854,0.5833768546581268,0.5891880035400391,0.59194415807724,0.5940855288505554
4914,-0.5806167721748352,235.7734832763672,52.85245895385742,324.5380379813058,0.5806167721748352,0.5798935890197754,0.007430254947394133,0.5681511175632477,0.5701565742492676,0.5714257717132568,0.5754663348197937,0.5798935890197754,0.5841813236474991,0.5904329776763916,0.5935478210449219,0.5990475857257843
5005,-0.5814898014068604,235.1904296875,53.162498474121094,323.7782941545759,0.5814898014068604,0.5801405906677246,0.00735326437279582,0.5704659295082092,0.5727783650159836,0.5734923005104064,0.576624870300293,0.5801405906677246,0.5847872346639633,0.5914057612419129,0.5967957258224488,0.6022324132919311
5096,-0.5821215510368347,234.59133911132812,53.4777717590332,322.9970703125,0.5821216106414795,0.5806532800197601,0.007188819348812103,0.5711657047271729,0.57307970225811,0.5746919453144074,0.5771131366491318,0.5806532800197601,0.5850249826908112,0.5929745495319366,0.5976956009864807,0.6022324132919311
5187,-0.5830742120742798,233.98992919921875,53.77303695678711,322.2183053152902,0.5830742716789246,0.5814613103866577,0.007211639545857906,0.5711657047271729,0.57307970225811,0.5749782502651215,0.5787602514028549,0.5814613103866577,0.5870778858661652,0.5932761132717133,0.5976956009864807,0.6022324132919311
5278,-0.5839675664901733,233.40150451660156,54.08133316040039,321.4446236746652,0.5839675664901733,0.5821967720985413,0.007125344127416611,0.5727167475223541,0.5730980843305588,0.5759611427783966,0.5798646211624146,0.5821967720985413,0.5883810073137283,0.5939902305603028,0.5984270185232162,0.6022324132919311
5369,-0.5848735570907593,232.79734802246094,54.38113784790039,320.65496826171875,0.5848735570907593,0.5832062363624573,0.00701224897056818,0.5740313816070557,0.5754025340080261,0.5771449387073517,0.5802835822105408,0.5832062363624573,0.5887674689292908,0.5941316246986389,0.598945239186287,0.6027805256843567
5460,-0.5859857201576233,232.2024383544922,54.63587188720703,319.886727469308,0.5859857201576233,0.5847140252590179,0.006603661924600601,0.5766062390804291,0.5770721882581711,0.5785330832004547,0.5810634344816208,0.5847140252590179,0.589745432138443,0.5947266459465027,0.598945239186287,0.6027805256843567
5551,-0.586414098739624,231.59791564941406,54.899845123291016,319.1050240652902,0.5864141583442688,0.5849018394947052,0.006605371832847595,0.5769382739067077,0.5776744306087493,0.5794873714447022,0.5812167227268219,0.5849018394947052,0.5901744514703751,0.5952198386192322,0.5990341037511826,0.6027805256843567
5642,-0.5871930122375488,230.98651123046875,55.17020034790039,318.3094700404576,0.5871930122375488,0.5863179564476013,0.006618472747504711,0.5769382739067077,0.5792988300323486,0.5801374793052674,0.5819614082574844,0.5863179564476013,0.5909371674060822,0.59793820977211,0.6002603650093079,0.6027805256843567
5733,-0.5880290865898132,230.35458374023438,55.404273986816406,317.50013950892856,0.5880290865898132,0.5875177979469299,0.0063492609187960625,0.578410861492157,0.5802693486213684,0.5805501282215119,0.5830711126327515,0.5875177979469299,0.592008426785469,0.5985827267169952,0.6002603650093079,0.6027805256843567
5824,-0.5883927941322327,229.75839233398438,55.665367126464844,316.7213832310268,0.5883927345275879,0.5878363251686096,0.006262993905693293,0.5784133505821228,0.5802693486213684,0.5811955153942108,0.583551213145256,0.5878363251686096,0.5921240150928497,0.5985827267169952,0.6002603650093079,0.6027855610847473
5915,-0.58887779712677,229.1147918701172,55.92393493652344,315.88787841796875,0.58887779712677,0.5883893370628357,0.006336302030831575,0.5784133505821228,0.5802804470062256,0.5818669259548187,0.5836151242256165,0.5883893370628357,0.5924479514360428,0.5987333953380585,0.6002603650093079,0.6042099511623382
6006,-0.5900043845176697,228.47654724121094,56.16876220703125,315.06400408063615,0.5900044441223145,0.5892867147922516,0.006841833237558603,0.5784133505821228,0.5803080797195435,0.5821419477462768,0.5849533826112747,0.5892867147922516,0.5938400775194168,0.599646145105362,0.6012281179428101,0.6045854353904724
6097,-0.5907949805259705,227.84335327148438,56.410587310791016,314.24735369001115,0.5907949805259705,0.5898491144180298,0.006670213770121336,0.5810511445999146,0.5821361809968948,0.582922488451004,0.5867306888103485,0.5898491144180298,0.5940191000699997,0.6004907369613648,0.60275838971138,0.6045854353904724
6188,-0.5914121270179749,227.21829223632812,56.65292739868164,313.4352242606027,0.5914121270179749,0.590424656867981,0.006521035451442003,0.5811073637008667,0.5821792781352997,0.5835341215133667,0.5871110260486603,0.590424656867981,0.5943762958049774,0.6006330788135529,0.6029615283012391,0.6045854353904724
6279,-0.5923929214477539,226.59512329101562,56.88070297241211,312.6253008161272,0.5923929214477539,0.5908651947975159,0.006448367610573769,0.5823206984996796,0.5832677364349366,0.5846369087696075,0.5881654322147369,0.5908651947975159,0.5960332304239273,0.6011831045150757,0.6038755029439926,0.6078819525241852
6370,-0.5931456089019775,225.95875549316406,57.09737777709961,311.8074166434152,0.5931456089019775,0.5919336378574371,0.006575131788849831,0.5823206984996796,0.5832677364349366,0.5856976807117462,0.5882740318775177,0.5919336378574371,0.5974770039319992,0.6015468120574952,0.6042194157838822,0.6078819525241852
6461,-0.5945302248001099,225.31947326660156,57.32075119018555,310.9812447684152,0.5945302844047546,0.5925606489181519,0.007117407862097025,0.5831590628623963,0.5844617187976837,0.5867027103900909,0.5896371603012085,0.5925606489181519,0.5987263023853302,0.6039243221282959,0.6079424798488617,0.6117788159847259
6552,-0.5954523682594299,224.67120361328125,57.539283752441406,310.14449201311385,0.5954524278640747,0.5943402647972107,0.007475952617824078,0.5832711410522461,0.5845850050449372,0.5877493381500244,0.5902799069881439,0.5943402647972107,0.5994624644517899,0.6048560559749604,0.608662685751915,0.612739919424057
6643,-0.5961179137229919,224.02037048339844,57.7529411315918,309.3030351911272,0.5961179733276367,0.5946422517299652,0.0076253716833889484,0.5835572957992554,0.5846076339483262,0.5879012823104859,0.5907216370105743,0.5946422517299652,0.600219339132309,0.6062521815299988,0.612544322013855,0.6148813235759735
6734,-0.5968257188796997,223.36228942871094,57.97468185424805,308.44752720424106,0.5968257188796997,0.5955204963684082,0.007293577305972576,0.5852339792251587,0.5877855211496353,0.5894618153572082,0.5913451611995697,0.5955204963684082,0.6007269471883774,0.6062521815299988,0.612544322013855,0.6148813235759735
6825,-0.5974549651145935,222.72450256347656,58.17592239379883,307.6175842285156,0.5974550247192383,0.5966223776340485,0.007254580967128277,0.5865055906772614,0.5877855211496353,0.5899778127670288,0.592083215713501,0.5966223776340485,0.6008366942405701,0.6062521815299988,0.6126200675964355,0.6159399342536926
6916,-0.5984881520271301,222.07997131347656,58.39612579345703,306.77295357840404,0.5984882116317749,0.5973281860351562,0.0074777621775865555,0.5865223550796509,0.5879076361656189,0.5904211461544037,0.5934680253267288,0.5973281860351562,0.6018746197223663,0.6095820426940918,0.6127827763557434,0.6160084617137909
7007,-0.5993183255195618,221.4115753173828,58.601280212402344,305.9051077706473,0.5993183255195618,0.5981719195842743,0.007389320991933346,0.5879114484786987,0.5901654690504075,0.5910586178302765,0.5938069224357605,0.5981719195842743,0.6022116839885712,0.6102892875671386,0.6142141848802567,0.6160084617137909
7098,-0.5998831987380981,220.7706298828125,58.79050064086914,305.0713631766183,0.5998831987380981,0.5987990498542786,0.007197696249932051,0.5894689559936523,0.5904333323240281,0.5920278608798981,0.5943364650011063,0.5987990498542786,0.6029818803071976,0.6105658888816834,0.6142141848802567,0.6160084617137909
7189,-0.6006544232368469,220.0912628173828,58.97198486328125,304.1913757324219,0.6006544828414917,0.600000262260437,0.007498277351260185,0.5894689559936523,0.5906858772039414,0.5925396919250489,0.5943968594074249,0.600000262260437,0.6042285412549973,0.6124940931797027,0.6149153679609298,0.6167712700366974
7280,-0.6015050411224365,219.44375610351562,59.1647834777832,303.3453107561384,0.6015050411224365,0.6011265516281128,0.007553940638899803,0.5906994485855103,0.5916388690471649,0.5925396919250489,0.5948849469423294,0.6011265516281128,0.6058956533670425,0.6132882297039032,0.6160304993391037,0.6167712700366974
7371,-0.6026161313056946,218.7642364501953,59.325172424316406,302.4747968401228,0.6026161313056946,0.601712554693222,0.007396127097308636,0.5910013151168824,0.591828453540802,0.5935859978199005,0.5967855453491211,0.601712554693222,0.6070169508457184,0.6133376359939575,0.6167351186275483,0.6180057895183563
7462,-0.6034303307533264,218.0996551513672,59.48511505126953,301.6168474469866,0.6034303903579712,0.6022600829601288,0.007213723845779896,0.5920882153511048,0.5925490617752075,0.5943355917930603,0.5979316532611847,0.6022600829601288,0.6078516989946365,0.6133376359939575,0.6167446434497833,0.6190922045707703
7553,-0.6037759184837341,217.43153381347656,59.64319610595703,300.75164794921875,0.6037759780883789,0.6029389202594757,0.007183180656284094,0.5920882153511048,0.5925490617752075,0.5943355917930603,0.5982332229614258,0.6029389202594757,0.6088831275701523,0.6133376359939575,0.6167446434497833,0.6190922045707703
7644,-0.6042336225509644,216.76083374023438,59.79839324951172,299.88297380719865,0.6042336821556091,0.6033676564693451,0.0069631896913051605,0.5925512564182281,0.5941345661878585,0.5954807043075562,0.5999067276716232,0.6033676564693451,0.6091483682394028,0.6134576916694641,0.6167446434497833,0.6190922045707703
7735,-0.6055411696434021,216.06399536132812,59.93880844116211,298.9928676060268,0.6055411696434021,0.6040230691432953,0.006917173974215984,0.5935183596611023,0.5961281925439834,0.5972034275531769,0.6006705164909363,0.6040230691432953,0.6100402474403381,0.6152739286422729,0.6179641157388687,0.6202770006656647
7826,-0.6060330271720886,215.40028381347656,60.10089111328125,298.1290806361607,0.6060329675674438,0.6051436066627502,0.006796879693865776,0.5935183596611023,0.5966762125492096,0.5972738325595855,0.6011493504047394,0.6051436066627502,0.610301285982132,0.6152739286422729,0.6181037127971649,0.6203121614456176
7917,-0.6070992946624756,214.7183837890625,60.24395751953125,297.2512948172433,0.6070993542671204,0.6055853068828583,0.006672766525298357,0.5967312741279602,0.5986624926328659,0.5999204933643341,0.6019240170717239,0.6055853068828583,0.611500471830368,0.6168571054935456,0.6202771097421647,0.6228067266941071
8008,-0.6078414916992188,214.03564453125,60.39228820800781,296.3680419921875,0.6078414916992188,0.6069546043872833,0.006777577567845583,0.5984329485893249,0.5991514980792999,0.6003946542739869,0.6025670021772385,0.6069546043872833,0.6124391257762909,0.6179941654205322,0.6203595578670502,0.6231945741176605
8099,-0.6085317730903625,213.37660217285156,60.53406524658203,295.50909423828125,0.6085317730903625,0.6069546043872833,0.007328047417104244,0.5984329485893249,0.5997916340827942,0.6004249811172485,0.6029473394155502,0.6069546043872833,0.6127641797065735,0.619815856218338,0.6228007555007935,0.623480851650238
8190,-0.6094473004341125,212.68634033203125,60.67473602294922,294.6188398088728,0.6094473004341125,0.6078851521015167,0.007013147696852684,0.5991628408432007,0.5998976349830627,0.6007951855659485,0.604210689663887,0.6078851521015167,0.6139182150363922,0.619815856218338,0.6228007555007935,0.623480851650238
8281,-0.6101038455963135,211.99200439453125,60.79415512084961,293.721670968192,0.6101039052009583,0.6083720922470093,0.007109392434358597,0.5999002385139466,0.600668066740036,0.6024082839488983,0.6053195893764496,0.6083720922470093,0.6139182150363922,0.6204329669475556,0.6235101401805878,0.6247799742221832
8372,-0.6109820604324341,211.31976318359375,60.947628021240234,292.8383309500558,0.6109820008277893,0.6098051071166992,0.0067601511254906654,0.6006756520271301,0.6015977442264557,0.6029523015022278,0.6066248714923859,0.6098051071166992,0.6148379147052765,0.6218501806259156,0.6235194087028504,0.6250727939605712
8463,-0.6116263270378113,210.61988830566406,61.07521438598633,291.93180193219865,0.6116263270378113,0.6099573075771332,0.006865163799375296,0.6010241162776947,0.6020355463027954,0.6032414138317108,0.6072582304477692,0.6099573075771332,0.6158992946147919,0.6223793745040893,0.6247546374797821,0.6262122166156768
8554,-0.6123302578926086,209.9521026611328,61.18208312988281,291.06749180385043,0.6123301982879639,0.6108628213405609,0.006758618634194136,0.6020376312732697,0.6029540300369263,0.6057389140129089,0.6076042950153351,0.6108628213405609,0.6171241104602814,0.6225078463554382,0.6248443216085434,0.6271947157382965
8645,-0.6127343773841858,209.27171325683594,61.2833366394043,290.1913800920759,0.6127343773841858,0.6113289594650269,0.006600947119295597,0.6020376312732697,0.6036703020334244,0.6059204161167144,0.6076877564191818,0.6113289594650269,0.6174041926860809,0.6225733995437622,0.6248443216085434,0.6271947157382965
8736,-0.6135790348052979,208.58935546875,61.37912368774414,289.31365966796875,0.6135790348052979,0.6123044490814209,0.0067800660617649555,0.6020376312732697,0.6050517112016678,0.6069405913352967,0.6085309088230133,0.6123044490814209,0.6180166006088257,0.6236580550670624,0.6269871354103088,0.6279810047149658
8827,-0.6142594218254089,207.90309143066406,61.48786926269531,288.42098127092635,0.6142594218254089,0.6127690076828003,0.007112580351531506,0.6020490157604218,0.6050517112016678,0.6069405913352967,0.608949139714241,0.6127690076828003,0.6193366348743439,0.6236580550670624,0.6272140234708786,0.6312062478065491
8918,-0.61500084400177,207.21261596679688,61.57722091674805,287.5294494628906,0.6150009036064148,0.6134315729141235,0.007023789454251528,0.6028947710990906,0.605100029706955,0.6074819505214691,0.6094075590372086,0.6134315729141235,0.6202163249254227,0.6236580550670624,0.6272140234708786,0.6312062478065491
9009,-0.6159085035324097,206.5298614501953,61.682247161865234,286.64208984375,0.6159084439277649,0.6149609684944153,0.0069555663503706455,0.6029002058506012,0.6067801624536514,0.6079091131687164,0.6110588163137436,0.6149609684944153,0.6203340888023376,0.6252719283103942,0.6280042707920075,0.6312922847270965
9100,-0.6169936656951904,205.81719970703125,61.767852783203125,285.73077392578125,0.6169936656951904,0.6160153746604919,0.0069762906059622765,0.6059115064144135,0.6074730634689331,0.6086189031600953,0.6113659590482712,0.6160153746604919,0.6214621663093567,0.6272537291049958,0.6296625196933746,0.6327187168598175
9191,-0.6176502108573914,205.1332550048828,61.88482666015625,284.8368486676897,0.6176502704620361,0.6171236932277679,0.0069691697135567665,0.6074567234516144,0.607911005616188,0.6088065564632416,0.6125068366527557,0.6171236932277679,0.621905654668808,0.6280465245246887,0.6312079966068268,0.6328333806991577
9282,-0.6183198690414429,204.4581756591797,61.99076843261719,283.9529549734933,0.6183198690414429,0.617717981338501,0.00675539905205369,0.6074567234516144,0.6083618730306626,0.610154789686203,0.6139441430568695,0.617717981338501,0.622361347079277,0.6280465245246887,0.6313216894865036,0.6328333806991577
9373,-0.6191931962966919,203.76651000976562,62.08442687988281,283.0509251185826,0.6191932559013367,0.6184219717979431,0.006952246185392141,0.6078730881214142,0.6091767251491547,0.6110288858413696,0.614331066608429,0.6184219717979431,0.6224359422922134,0.6293246448040009,0.632842630147934,0.6333757376670838
9464,-0.6196755170822144,203.07737731933594,62.171363830566406,282.15318080357144,0.6196755766868591,0.618726372718811,0.006857840809971094,0.6083760511875153,0.6098296970129014,0.6114473044872284,0.6150905191898346,0.618726372718811,0.623329684138298,0.6296003222465515,0.632842630147934,0.6333757376670838
9555,-0.620875895023346,202.40745544433594,62.230655670166016,281.2887878417969,0.6208759546279907,0.6195732057094574,0.007034820504486561,0.6093341815471649,0.611449584364891,0.6126343011856079,0.6157052367925644,0.6195732057094574,0.6259859055280685,0.6321424722671509,0.633281797170639,0.6352584111690521
9646,-0.6216663718223572,201.7193603515625,62.31682586669922,280.38797869001115,0.621666431427002,0.6205964684486389,0.0068853809498250484,0.6113878214359283,0.6118798375129699,0.6137326300144196,0.6171768307685852,0.6205964684486389,0.6262523531913757,0.6328594088554382,0.634914430975914,0.6364528894424438
9737,-0.6221434473991394,201.02098083496094,62.4089469909668,279.4775826590402,0.6221434473991394,0.620699554681778,0.007099569775164127,0.6118010902404785,0.6133639395236969,0.6142407238483429,0.6171768307685852,0.620699554681778,0.6271981000900269,0.6332099318504334,0.6364428520202636,0.6372220456600189
9828,-0.6226717233657837,200.33348083496094,62.495914459228516,278.5750994001116,0.6226717829704285,0.6214725375175476,0.007119558751583099,0.6118154621124268,0.6133639395236969,0.6149017632007598,0.6175415366888046,0.6214725375175476,0.6272847056388855,0.6333805680274963,0.6366805523633957,0.6373657405376434
9919,-0.6231361031532288,199.65069580078125,62.563941955566406,277.6837463378906,0.6231361627578735,0.6218131184577942,0.007146660704165697,0.6118523788452148,0.6133639395236969,0.6151488840579986,0.6177859902381897,0.6218131184577942,0.6275376081466675,0.633953434228897,0.6366805523633957,0.6373657405376434
10010,-0.6241455078125,198.96803283691406,62.630882263183594,276.78880092075894,0.6241455674171448,0.622913122177124,0.007418465800583363,0.6118785238265991,0.6138655751943588,0.6156499087810516,0.6184277385473251,0.622913122177124,0.6280630975961685,0.6353353500366211,0.6373572826385498,0.639268319606781
10101,-0.6247283816337585,198.28729248046875,62.699241638183594,275.8965148925781,0.6247284412384033,0.6234522461891174,0.00768303545191884,0.6125910532474518,0.614235571026802,0.6158308446407318,0.61883245408535,0.6234522461891174,0.629191517829895,0.6365071117877961,0.6377887398004531,0.6408496046066284
10192,-0.6252050399780273,197.6103057861328,62.772216796875,275.0035182407924,0.6252050995826721,0.6239016056060791,0.007681210990995169,0.6131027781963349,0.6148745357990265,0.6165377795696259,0.6191892027854919,0.6239016056060791,0.629331037402153,0.6366853892803193,0.6395077258348465,0.6411903250217438
10283,-0.6259967684745789,196.9216766357422,62.840553283691406,274.1024082728795,0.6259968280792236,0.6245991587638855,0.007693618535995483,0.6142287814617157,0.6158698409795761,0.6171873867511749,0.6197965890169144,0.6245991587638855,0.6325949877500534,0.6368149042129516,0.6395077258348465,0.6411903250217438
10374,-0.6267910003662109,196.23118591308594,62.885475158691406,273.2078159877232,0.6267909407615662,0.6262974441051483,0.0075302631594240665,0.6158785986900329,0.6165469735860825,0.6177811741828918,0.6202860623598099,0.6262974441051483,0.6325949877500534,0.637260228395462,0.6407016098499299,0.6418378496170044
10465,-0.6273059844970703,195.56777954101562,62.94322204589844,272.3364693777902,0.6273060441017151,0.6263576447963715,0.007391934748739004,0.6165524899959565,0.6173146396875382,0.6179223001003266,0.6211873590946198,0.6263576447963715,0.6328178644180298,0.6373399496078491,0.6408473044633866,0.6427455806732177
10556,-0.6279668807983398,194.8916015625,62.99165344238281,271.45271955217635,0.6279668807983398,0.627212792634964,0.0073313033208251,0.6169439101219177,0.6176746815443039,0.6191604912281037,0.6217966824769974,0.627212792634964,0.6332188546657562,0.6385452151298523,0.6412094205617904,0.6427455806732177
10647,-0.628838837146759,194.2178192138672,63.05457305908203,270.5624346051897,0.628838837146759,0.6279247403144836,0.007167859002947807,0.6175918412208558,0.6188486605882645,0.6198275685310364,0.6227379888296127,0.6279247403144836,0.6334301084280014,0.6395702064037323,0.6418521791696549,0.6430836582183838
10738,-0.6296415328979492,193.55096435546875,63.11387634277344,269.67969185965404,0.6296415328979492,0.6282928884029388,0.0076402053236961365,0.6175918412208558,0.6188486605882645,0.6198275685310364,0.6239489316940308,0.6282928884029388,0.6345571130514145,0.6412412464618683,0.6430811166763306,0.6463907134532928
10829,-0.6306419372558594,192.88995361328125,63.17013931274414,268.7987627301897,0.6306419372558594,0.6288313865661621,0.007663527503609657,0.6188307893276215,0.6198262572288513,0.6217965245246887,0.6250143349170685,0.6288313865661621,0.6350170373916626,0.6425994157791137,0.6435992002487183,0.6465673387050629
10920,-0.6310912370681763,192.21078491210938,63.22576904296875,267.9002205984933,0.631091296672821,0.6291897296905518,0.007531038951128721,0.6198141312599182,0.6209836274385452,0.6221221864223481,0.6257366389036179,0.6291897296905518,0.6350170373916626,0.6426150381565094,0.6445291697978973,0.6480033934116364
11011,-0.6314118504524231,191.53355407714844,63.27365493774414,267.0068926130022,0.6314118504524231,0.6293041706085205,0.0077984873205423355,0.6198141312599182,0.6209836274385452,0.6221221864223481,0.6257366389036179,0.6293041706085205,0.6363198757171631,0.643029797077179,0.6465084314346313,0.6480033934116364
11102,-0.6322326064109802,190.84486389160156,63.32343673706055,266.08951677594865,0.6322326064109802,0.6312762200832367,0.007797923404723406,0.6203747856616973,0.6211359769105911,0.623296856880188,0.6261860728263855,0.6312762200832367,0.6367989182472229,0.6435844838619232,0.6465084314346313,0.6492873275279999
11193,-0.6329655647277832,190.20375061035156,63.3659782409668,265.2385995047433,0.6329655647277832,0.6326002776622772,0.007991037331521511,0.6209992158412934,0.6218779712915421,0.6236593544483184,0.6267722696065903,0.6326002776622772,0.6389288753271103,0.6445144474506378,0.6465084314346313,0.6492873275279999
11284,-0.6334225535392761,189.5127410888672,63.398311614990234,264.331778390067,0.6334226131439209,0.6330947875976562,0.007843158207833767,0.6211374986171723,0.6221420228481293,0.6245083332061767,0.6270701438188553,0.6330947875976562,0.6391366571187973,0.644769686460495,0.6465084314346313,0.6492873275279999
11375,-0.63414067029953,188.81690979003906,63.43899917602539,263.4064679827009,0.6341407299041748,0.6338859498500824,0.007685360033065081,0.6211374986171723,0.6222009986639023,0.6249458432197571,0.6278068721294403,0.6338859498500824,0.6398358941078186,0.6448041200637817,0.6465835809707642,0.6492873275279999
11466,-0.6349619030952454,188.15711975097656,63.507633209228516,262.5132533482143,0.6349619030952454,0.6342427730560303,0.007730037439614534,0.6221438074111938,0.6240964233875275,0.6260849237442017,0.628521740436554,0.6342427730560303,0.6406794786453247,0.6463996112346649,0.648437038064003,0.6505597102642059
11557,-0.6355270147323608,187.47740173339844,63.5390510559082,261.6130589076451,0.6355270147323608,0.6343357563018799,0.00748166348785162,0.6232988893985748,0.6245289504528045,0.626827073097229,0.6296363025903702,0.6343357563018799,0.640816330909729,0.6464097499847412,0.648437038064003,0.6505597102642059
11648,-0.6360814571380615,186.7823944091797,63.562721252441406,260.6951206752232,0.6360815167427063,0.6347610652446747,0.0071772499941289425,0.6248072731494904,0.6262848198413848,0.6281240880489349,0.6304001659154892,0.6347610652446747,0.6411206126213074,0.6465100169181823,0.648437038064003,0.6505597102642059
11739,-0.6367742419242859,186.12142944335938,63.585113525390625,259.81741768973217,0.6367743015289307,0.6362377405166626,0.0073988474905490875,0.6250640606880188,0.6262848198413848,0.62819704413414,0.630531907081604,0.6362377405166626,0.6425839215517044,0.6472594618797303,0.649136808514595,0.6514883530139923
11830,-0.6375678777694702,185.4452362060547,63.594913482666016,258.9298575265067,0.6375679969787598,0.6370581686496735,0.0074829221703112125,0.6259288322925568,0.6268717050552368,0.6287812352180481,0.6306981593370438,0.6370581686496735,0.6431013941764832,0.6481279611587525,0.6505405515432358,0.6518478047847748
11921,-0.637919008731842,184.7840118408203,63.61237716674805,258.05364990234375,0.6379190683364868,0.6372927129268646,0.007348176091909409,0.6265084016323089,0.6270349264144898,0.6290417611598969,0.6317041367292404,0.6372927129268646,0.6432194858789444,0.6481279611587525,0.6505405515432358,0.6518478047847748
12012,-0.6384681463241577,184.10726928710938,63.630001068115234,257.1582249232701,0.6384681463241577,0.6377772688865662,0.007100505754351616,0.6270087051391602,0.6288015305995941,0.6299334168434143,0.6325087994337082,0.6377772688865662,0.6434903591871262,0.6481279611587525,0.6505405515432358,0.6518478047847748
12103,-0.6390848159790039,183.46177673339844,63.656494140625,256.2930167061942,0.6390848755836487,0.6380863189697266,0.007364600896835327,0.6270230150222779,0.6288015305995941,0.6304793357849121,0.6328226327896118,0.6380863189697266,0.6446059942245483,0.6484863877296447,0.6507116883993149,0.6551667904853821
12194,-0.6397110819816589,182.80224609375,63.69125747680664,255.40069144112724,0.6397110819816589,0.6384864449501038,0.007324479054659605,0.6270919418334961,0.6288015305995941,0.6308771908283234,0.6334921568632126,0.6384864449501038,0.6456087529659271,0.6492248415946961,0.651809674501419,0.6551667904853821
12285,-0.6402814984321594,182.1517333984375,63.71336364746094,254.52783857073103,0.6402814984321594,0.6389202773571014,0.007438664324581623,0.6270919418334961,0.6288015305995941,0.6312424302101135,0.6343540251255035,0.6389202773571014,0.6462913453578949,0.65009046792984,0.6519074141979218,0.6561109209060669
12376,-0.6411320567131042,181.46949768066406,63.74264144897461,253.61209760393416,0.641132116317749,0.6415442228317261,0.007308924105018377,0.627582139968872,0.6298670887947082,0.6324355661869049,0.6350338757038116,0.6415442228317261,0.646806001663208,0.6502488255500793,0.6519074141979218,0.6561109209060669
12467,-0.6418145895004272,180.7947998046875,63.753047943115234,252.7153799874442,0.641814649105072,0.6415442228317261,0.007345161400735378,0.6287756252288819,0.631243085861206,0.6333809077739716,0.6357428729534149,0.6415442228317261,0.6472446024417877,0.650857150554657,0.6538871109485627,0.6570596289634705
12558,-0.6426267027854919,180.1332550048828,63.76771926879883,251.82880292619978,0.6426267027854919,0.6431281864643097,0.0071576423943042755,0.6312212765216827,0.6325100928544998,0.6336954951286315,0.6366626620292664,0.6431281864643097,0.6479040682315826,0.6518130302429199,0.6543039798736572,0.6570596289634705
12649,-0.6430293321609497,179.49497985839844,63.78480911254883,250.9638955252511,0.6430293321609497,0.6433753967285156,0.007081872317939997,0.6314262247085571,0.6325725823640823,0.6341237187385559,0.6370834708213806,0.6433753967285156,0.6480549871921539,0.6518130302429199,0.6549364745616912,0.6570596289634705
12740,-0.6434582471847534,178.84375,63.79923629760742,250.07955278669084,0.6434582471847534,0.6435987055301666,0.007196631282567978,0.6316443943977356,0.6325725823640823,0.6346572518348694,0.6373794674873352,0.6435987055301666,0.648220881819725,0.6524631261825562,0.6554457902908325,0.6579486393928528
12831,-0.6441436409950256,178.1788787841797,63.81853485107422,249.17432948521204,0.6441435813903809,0.643866091966629,0.007515163626521826,0.6325585103034973,0.6331676691770554,0.6351997494697571,0.6376179903745651,0.643866091966629,0.6486538201570511,0.6540830850601196,0.6567322671413421,0.6581175327301025
12922,-0.6451787948608398,177.55531311035156,63.834251403808594,248.32317461286272,0.6451787352561951,0.6453951895236969,0.007698844652622938,0.6330761623382568,0.6341460824012757,0.6361689329147339,0.6382419764995575,0.6453951895236969,0.6497543454170227,0.6551646530628205,0.6579533278942108,0.6601310646533965
13013,-0.6457070708274841,176.92922973632812,63.85200119018555,247.4678213936942,0.6457070708274841,0.6463826596736908,0.007716835476458073,0.6336457562446595,0.6349674105644226,0.6363629341125489,0.6385695040225983,0.6463826596736908,0.6502953171730042,0.6553972959518433,0.6581411361694336,0.6603468990325928
13104,-0.6461445689201355,176.28643798828125,63.85525894165039,246.6034218924386,0.6461445689201355,0.6468813717365265,0.00757208839058876,0.6349967539310455,0.6361407101154327,0.6370684146881104,0.6386966109275818,0.6468813717365265,0.6506249010562897,0.6565638542175293,0.6587398260831833,0.6603468990325928
13195,-0.6465774178504944,175.6564178466797,63.86977005004883,245.74940054757255,0.6465775370597839,0.646989107131958,0.00736847473308444,0.6349967539310455,0.6366895377635956,0.6378166615962982,0.6398874372243881,0.646989107131958,0.6514951884746552,0.6565638542175293,0.6589085161685944,0.6603468990325928
13286,-0.6471707224845886,175.0129852294922,63.87653732299805,244.87603759765625,0.6471707224845886,0.6470089852809906,0.007274111732840538,0.6363588762283325,0.6373615205287934,0.6383111596107482,0.6408150494098663,0.6470089852809906,0.6519339680671692,0.6565638542175293,0.6589085161685944,0.6603468990325928
13377,-0.6477866768836975,174.36328125,63.868282318115234,243.99977111816406,0.6477867364883423,0.6475936770439148,0.007176106795668602,0.6364478039741516,0.6379787057638169,0.6388688206672668,0.6419317126274109,0.6475936770439148,0.6528309136629105,0.6568389415740967,0.6589085161685944,0.6603667414188384
13468,-0.6482816934585571,173.73204040527344,63.8450927734375,243.14883422851562,0.6482816934585571,0.6483529210090637,0.007315421011298895,0.6374179875850677,0.6381377279758453,0.6391913771629334,0.6429213285446167,0.6483529210090637,0.6534182578325272,0.6580158054828644,0.6600407212972641,0.6643406641483307
13559,-0.6489862203598022,173.10321044921875,63.8618278503418,242.28128487723214,0.6489862203598022,0.6492248177528381,0.007334685418754816,0.6374179875850677,0.6381377279758453,0.639439582824707,0.6433755606412888,0.6492248177528381,0.6538629233837128,0.6593254327774047,0.6605542123317718,0.664787870645523
13650,-0.6497408747673035,172.4903106689453,63.878196716308594,241.4318084716797,0.6497409343719482,0.6493484377861023,0.007322761695832014,0.6383374845981598,0.6390549659729003,0.639946711063385,0.6442563086748123,0.6493484377861023,0.6543921381235123,0.6600517332553864,0.6637150287628174,0.664787870645523
13741,-0.6503036618232727,171.8468780517578,63.86895751953125,240.55532836914062,0.6503036618232727,0.6493929028511047,0.0076878988184034824,0.6383399319648743,0.6391909778118133,0.6399528563022614,0.6445260494947433,0.6493929028511047,0.6553128063678741,0.6610610961914063,0.6645086467266083,0.666092414855957
13832,-0.6506655216217041,171.20712280273438,63.873741149902344,239.68095179966517,0.6506655216217041,0.6495354473590851,0.007561348844319582,0.6384917235374451,0.639723128080368,0.6416424214839935,0.6446292251348495,0.6495354473590851,0.6553128063678741,0.6611217141151429,0.6645086467266083,0.666092414855957
13923,-0.6513676047325134,170.58619689941406,63.87354278564453,238.83084542410714,0.6513676643371582,0.6508046388626099,0.00721687451004982,0.6398406946659088,0.641522866487503,0.6427325248718262,0.6455782949924469,0.6508046388626099,0.6555180847644806,0.6614567339420319,0.6645086467266083,0.666092414855957
14014,-0.6517661213874817,169.984375,63.89326477050781,237.9912327357701,0.6517661213874817,0.651505708694458,0.007156079169362783,0.6399486720561981,0.641522866487503,0.6427325248718262,0.6462821960449219,0.651505708694458,0.6564760953187943,0.6615168154239655,0.6645086467266083,0.666092414855957
14105,-0.6522462368011475,169.35240173339844,63.888282775878906,237.1252659388951,0.6522461771965027,0.651878148317337,0.007040421012789011,0.6407289230823516,0.6416467875242233,0.6435876548290252,0.6468946188688278,0.651878148317337,0.6569983065128326,0.6615168154239655,0.6645086467266083,0.6662672626972198
14196,-0.6526191830635071,168.7361602783203,63.88996505737305,236.2760947091239,0.6526191830635071,0.6520471274852753,0.007025116588920355,0.6407289230823516,0.6419893145561218,0.6443963170051574,0.6473833620548248,0.6520471274852753,0.657550185918808,0.6615168154239655,0.6648077189922332,0.666689110994339
14287,-0.6532028317451477,168.10264587402344,63.869503021240234,235.41348484584265,0.6532028317451477,0.6529586315155029,0.0071356589905917645,0.6407450914382935,0.6429353952407837,0.644741415977478,0.6475937962532043,0.6529586315155029,0.657983124256134,0.663687390089035,0.6648077189922332,0.6700636732578278
14378,-0.6538383364677429,167.48886108398438,63.8659782409668,234.56150599888392,0.6538383364677429,0.6533324718475342,0.007202159613370895,0.6427899062633514,0.6438153326511383,0.6453578650951386,0.6476050615310669,0.6533324718475342,0.6588138043880463,0.6639218986034393,0.6657166391611099,0.670898494720459
14469,-0.6541871428489685,166.89369201660156,63.85765075683594,233.74272809709822,0.6541871428489685,0.6538951992988586,0.007171237841248512,0.6427899062633514,0.6438153326511383,0.6457728922367096,0.6481493562459946,0.6538951992988586,0.6592339873313904,0.6642906963825226,0.6657166391611099,0.670898494720459
14560,-0.6544893980026245,166.29322814941406,63.848121643066406,232.91268920898438,0.6544894576072693,0.6540481150150299,0.0071458700112998486,0.6427899062633514,0.6439435303211212,0.6460415601730347,0.6489146947860718,0.6540481150150299,0.6592339873313904,0.6645759344100952,0.6662909537553787,0.670898494720459
14651,-0.6552091240882874,165.68661499023438,63.843505859375,232.0738024030413,0.6552091240882874,0.6551560163497925,0.007206897251307964,0.6436333429813385,0.6458072006702423,0.6464437484741211,0.6491787433624268,0.6551560163497925,0.659670501947403,0.6646047115325928,0.6675805985927582,0.6712881517410278
14742,-0.6557903289794922,165.05499267578125,63.79511642456055,231.22422354561942,0.6557902693748474,0.6551560163497925,0.0074979932978749275,0.6445985519886017,0.6460418939590454,0.6469354748725891,0.649639829993248,0.6551560163497925,0.66050785779953,0.6661600768566132,0.6708953082561493,0.6719738459587097
14833,-0.6565545797348022,164.46876525878906,63.785057067871094,230.4037344796317,0.6565545797348022,0.6555975675582886,0.007577954791486263,0.6447453773021699,0.6461922347545623,0.6474495530128479,0.6511015594005585,0.6555975675582886,0.6608142703771591,0.6672794640064239,0.6713076710700989,0.6743393099308014
14924,-0.6570209860801697,163.87828063964844,63.78278732299805,229.57223510742188,0.6570210456848145,0.6555975675582886,0.007600330747663975,0.6460098004341126,0.6465963661670685,0.6481641829013824,0.651193380355835,0.6555975675582886,0.6611725389957428,0.66827512383461,0.6719549894332886,0.6743393099308014
15015,-0.6575735211372375,163.25848388671875,63.74836349487305,228.72109985351562,0.6575736403465271,0.6565195620059967,0.007816844619810581,0.6465262842178344,0.6473350465297699,0.6481937527656555,0.6521324217319489,0.6565195620059967,0.661432147026062,0.6708998084068298,0.6735212713479996,0.6748701202869415
15106,-0.6582781672477722,162.64927673339844,63.70859146118164,227.8994881766183,0.6582782864570618,0.656740665435791,0.007870177738368511,0.6466328096389771,0.6486903607845307,0.6498504698276519,0.6521940231323242,0.656740665435791,0.6636305451393127,0.671007227897644,0.6735212713479996,0.6759424185752869
15197,-0.6587813496589661,162.03306579589844,63.67387008666992,227.0525643484933,0.6587813496589661,0.6569208800792694,0.007817180827260017,0.6473582935333252,0.64970463514328,0.6504842400550842,0.652635395526886,0.6569208800792694,0.663945883512497,0.671007227897644,0.6735212713479996,0.6759424185752869
15288,-0.6593685746192932,161.4303741455078,63.64572525024414,226.21705191476005,0.6593685150146484,0.6576231718063354,0.007625901605933905,0.6489488339424133,0.6498533993959427,0.6506543278694152,0.6534706950187683,0.6576231718063354,0.6641514301300049,0.671007227897644,0.6735212713479996,0.6759424185752869
15379,-0.6599323749542236,160.83523559570312,63.627662658691406,225.3876233782087,0.6599323749542236,0.6590210795402527,0.007616667076945305,0.6489488339424133,0.6504956662654877,0.6508738398551941,0.6539920419454575,0.6590210795402527,0.6647700220346451,0.6713130593299865,0.6738939344882965,0.6759424185752869
15470,-0.6606425046920776,160.28582763671875,63.64223098754883,224.588134765625,0.6606424450874329,0.6601945161819458,0.007706101983785629,0.6489588117599487,0.6505149751901627,0.6513831377029419,0.6543316841125488,0.6601945161819458,0.6661627292633057,0.6719452202320099,0.6738939344882965,0.6759424185752869
15561,-0.6609634757041931,159.71109008789062,63.6424446105957,223.76297869001115,0.6609635353088379,0.6601973474025726,0.007605255115777254,0.6492716944217682,0.6505149751901627,0.6515717208385468,0.6546138375997543,0.6601973474025726,0.666936606168747,0.6719452202320099,0.6738939344882965,0.6759424185752869
15652,-0.6615540385246277,159.12738037109375,63.62223434448242,222.9421168736049,0.6615540385246277,0.6612284779548645,0.007960508577525616,0.6501942956447602,0.650524690747261,0.6515717208385468,0.6555143296718597,0.6612284779548645,0.666998878121376,0.6726023197174072,0.6749168574810028,0.6775162315368652
15743,-0.6620307564735413,158.54856872558594,63.60908126831055,222.12369864327567,0.662030816078186,0.6613424122333527,0.007656955625861883,0.6504689931869507,0.6506671696901322,0.6531594157218933,0.6559693962335587,0.6613424122333527,0.6670800298452377,0.6726023197174072,0.6749168574810028,0.6775162315368652
15834,-0.662445068359375,157.96383666992188,63.57619094848633,221.30914960588728,0.662445068359375,0.6615591049194336,0.007575019728392363,0.6504689931869507,0.6508667945861817,0.6534804165363312,0.6561331748962402,0.6615591049194336,0.6673495024442673,0.6734777212142944,0.6749168574810028,0.6775162315368652
15925,-0.6630525588989258,157.38523864746094,63.5589714050293,220.48917061941964,0.6630526185035706,0.661789059638977,0.007426105905324221,0.6508692085742951,0.6531311810016632,0.6541274070739747,0.6571536958217621,0.661789059638977,0.6676155477762222,0.6739168286323547,0.6749168574810028,0.6775162315368652
16016,-0.6632664203643799,156.82870483398438,63.55379867553711,219.6905997140067,0.6632664203643799,0.6623736619949341,0.007262484170496464,0.6524360358715058,0.6533625960350037,0.6545866131782532,0.6575188487768173,0.6623736619949341,0.6676155477762222,0.6739168286323547,0.6749168574810028,0.6775162315368652
16107,-0.6637939214706421,156.27305603027344,63.533546447753906,218.890864780971,0.6637939214706421,0.66416797041893,0.0071858796291053295,0.6524360358715058,0.6538035094738006,0.6552304685115814,0.6576813161373138,0.66416797041893,0.6684599220752716,0.6739168286323547,0.6751470357179642,0.6775162315368652
16198,-0.6640987992286682,155.70501708984375,63.51503372192383,218.08297729492188,0.6640987992286682,0.6644138693809509,0.007256544195115566,0.6524360358715058,0.6539842545986175,0.6554665565490723,0.6577480137348175,0.6644138693809509,0.6686153560876846,0.6744294166564941,0.6759655982255935,0.6781175887584686
16289,-0.6645380854606628,155.13656616210938,63.4973258972168,217.27339390345983,0.6645382046699524,0.6644138693809509,0.0070097618736326694,0.6541520953178406,0.6552652150392533,0.655900651216507,0.6588713824748993,0.6644138693809509,0.6689138859510422,0.6745673656463623,0.6760808616876602,0.6781175887584686
16380,-0.6651910543441772,154.58299255371094,63.47180938720703,216.4836164202009,0.665191113948822,0.6647045910358429,0.006934397853910923,0.6544155406951905,0.6556189835071564,0.6566634356975556,0.6596582233905792,0.6647045910358429,0.6695408523082733,0.6745673656463623,0.6777255207300186,0.6785926580429077
16471,-0.6657549738883972,154.0147247314453,63.47564697265625,215.6562739780971,0.6657550930976868,0.665075421333313,0.00707966135814786,0.6546312582492828,0.6556189835071564,0.6566634356975556,0.6601611226797104,0.665075421333313,0.669552743434906,0.6747641980648041,0.6780954390764237,0.680731258392334
16562,-0.6661971807479858,153.4762420654297,63.45878219604492,214.88734218052454,0.6661971211433411,0.6650781631469727,0.007031191606074572,0.6559219074249267,0.6562038660049438,0.6580474674701691,0.6608583629131317,0.6650781631469727,0.6704249829053879,0.6747641980648041,0.6788389176130295,0.683983392715454
16653,-0.6666339039802551,152.92715454101562,63.4337043762207,214.09625026157923,0.6666339039802551,0.6657352149486542,0.0071476539596915245,0.6559219074249267,0.6562038660049438,0.6580474674701691,0.6608830094337463,0.6657352149486542,0.6717550754547119,0.6759943544864655,0.6788389176130295,0.683983392715454
16744,-0.667277455329895,152.38250732421875,63.41834259033203,213.3125959123884,0.6672773957252502,0.6661413908004761,0.0074958764016628265,0.6560599184036255,0.656626358628273,0.6591538071632386,0.6609117984771729,0.6661413908004761,0.6720054745674133,0.6770108878612519,0.6815450459718704,0.6848678946495056
16835,-0.6679614782333374,151.83216857910156,63.38787078857422,212.5312238420759,0.6679614186286926,0.6671331524848938,0.007628568448126316,0.6564829099178314,0.6569193303585052,0.6595365405082703,0.6611805707216263,0.6671331524848938,0.6731947660446167,0.6781504213809967,0.6815450459718704,0.6848678946495056
16926,-0.6685205101966858,151.29879760742188,63.3822135925293,211.74119349888392,0.6685205101966858,0.6677494049072266,0.007350323721766472,0.6567059504985809,0.6583887219429017,0.6601821601390838,0.6623859703540802,0.6677494049072266,0.6734435260295868,0.6781504213809967,0.6815450459718704,0.6848678946495056
17017,-0.6689907908439636,150.77088928222656,63.379791259765625,210.95601327078683,0.6689907908439636,0.6684699058532715,0.0071870144456624985,0.6568053686618804,0.6587055921554565,0.6608546912670136,0.663407027721405,0.6684699058532715,0.6736246347427368,0.6781841158866883,0.6815450459718704,0.6848678946495056
17108,-0.6695173382759094,150.22442626953125,63.347618103027344,210.17865862165178,0.6695173382759094,0.6687579452991486,0.007201280910521746,0.6568053686618804,0.6587055921554565,0.6611815869808197,0.6638090759515762,0.6687579452991486,0.6742015182971954,0.6787524163722992,0.6815450459718704,0.6848678946495056
17199,-0.6697596311569214,149.70138549804688,63.35484313964844,209.39671325683594,0.6697596907615662,0.6689087450504303,0.007058922201395035,0.6571326351165772,0.6604181975126266,0.6614210844039917,0.6639929711818695,0.6689087450504303,0.6744119822978973,0.6787524163722992,0.6815450459718704,0.6848678946495056
17290,-0.6702244281768799,149.16375732421875,63.31303405761719,208.6321062360491,0.6702245473861694,0.6695504784584045,0.0071091363206505775,0.6587233304977417,0.6611733675003052,0.6619274020195007,0.6641083359718323,0.6695504784584045,0.6750987023115158,0.6795545637607575,0.683776319026947,0.6848678946495056
17381,-0.6703703999519348,148.6068572998047,63.264102935791016,207.84417288643974,0.6703704595565796,0.6698969006538391,0.00707757705822587,0.6587304258346558,0.6614331334829331,0.6620079636573791,0.6641083359718323,0.6698969006538391,0.6750987023115158,0.6795560896396637,0.683776319026947,0.6848678946495056
17472,-0.6706831455230713,148.07254028320312,63.27291488647461,207.04066685267858,0.6706832051277161,0.6703119575977325,0.007172196637839079,0.6587304258346558,0.6614331334829331,0.6620079636573791,0.665167823433876,0.6703119575977325,0.6755253076553345,0.6812003076076507,0.683776319026947,0.6848678946495056
17563,-0.6711886525154114,147.55337524414062,63.26740646362305,206.26798793247767,0.6711887121200562,0.6711169183254242,0.0071175843477249146,0.6587304258346558,0.6615773290395737,0.6625099837779999,0.665524885058403,0.6711169183254242,0.6763498038053513,0.6814815163612366,0.6839735597372055,0.6848678946495056
17654,-0.6715914607048035,147.0074005126953,63.233760833740234,205.47735813685827,0.6715915203094482,0.6715061068534851,0.007189943455159664,0.6587304258346558,0.6615773290395737,0.6628789067268371,0.6661430299282074,0.6715061068534851,0.6767667382955551,0.6814815163612366,0.6841558605432511,0.6848678946495056
17745,-0.6721328496932983,146.46868896484375,63.215728759765625,204.69020080566406,0.6721327900886536,0.6721424162387848,0.00703679071739316,0.6597651171684266,0.6620238482952118,0.663155484199524,0.6665164977312088,0.6721424162387848,0.6775128692388535,0.6818101406097412,0.6841558605432511,0.6848678946495056
17836,-0.6725243926048279,145.93621826171875,63.19538497924805,203.9062979561942,0.6725243330001831,0.6723946928977966,0.006949389819055796,0.6607620799541474,0.6620238482952118,0.6639395713806152,0.666788637638092,0.6723946928977966,0.6775128692388535,0.6822685062885284,0.6845590829849243,0.6848678946495056
17927,-0.6731030941009521,145.39833068847656,63.178096771240234,203.12214878627233,0.6731030941009521,0.6730216145515442,0.006949359085410833,0.6607620799541474,0.6623191088438034,0.6640617907047272,0.6675561219453812,0.6730216145515442,0.6780524104833603,0.6826841175556183,0.6847432762384414,0.6851211392879486
18018,-0.6737425327301025,144.8577423095703,63.130802154541016,202.33440290178572,0.6737425327301025,0.6732447147369385,0.006547920871526003,0.661511880159378,0.6638984173536301,0.6658410787582397,0.6694582551717758,0.6732447147369385,0.6781430095434189,0.6835238456726074,0.6847432762384414,0.6851211392879486
18109,-0.6741673946380615,144.33982849121094,63.08955383300781,201.58233424595423,0.6741673350334167,0.6733027100563049,0.006666417233645916,0.6620142543315888,0.664061751961708,0.6661272764205932,0.6696450412273407,0.6733027100563049,0.679113358259201,0.6839682698249817,0.6848754584789276,0.6872818183898926
18200,-0.6747295260429382,143.81582641601562,63.05740737915039,200.81653485979353,0.6747294664382935,0.6739136576652527,0.006716242525726557,0.6620142543315888,0.66483014523983,0.6662183284759522,0.6698615998029709,0.6739136576652527,0.6803762465715408,0.6840256690979004,0.685122013092041,0.6872818183898926
18291,-0.6750276684761047,143.291748046875,63.03802490234375,200.0392325265067,0.67502760887146,0.6740491688251495,0.006881115958094597,0.6620142543315888,0.66483014523983,0.6664038062095642,0.6698615998029709,0.6740491688251495,0.6809717416763306,0.6847066342830658,0.6861324638128281,0.6886119890213013
18382,-0.6754223704338074,142.78514099121094,63.02182388305664,199.28521074567522,0.6754224300384521,0.6744727790355682,0.006780623458325863,0.6648569691181183,0.6652750730514526,0.6666444182395935,0.6700043380260468,0.6744727790355682,0.6811437755823135,0.6847066342830658,0.6861324638128281,0.6886119890213013
18473,-0.675993800163269,142.28436279296875,63.0129280090332,198.5240434919085,0.675993800163269,0.6753838360309601,0.0065657296217978,0.664959716796875,0.6659296840429306,0.6677446365356445,0.6715752631425858,0.6753838360309601,0.6811648905277252,0.6847066342830658,0.6861963927745819,0.6889484596252441
18564,-0.6764450073242188,141.79336547851562,63.00228500366211,197.78131103515625,0.676444947719574,0.6755702495574951,0.0067307245917618275,0.664959716796875,0.6666400909423829,0.6683104038238525,0.6719862222671509,0.6755702495574951,0.6815331280231476,0.6852949559688568,0.6873118221759796,0.6889484596252441
18655,-0.6769202947616577,141.29917907714844,62.98227310180664,197.0327606201172,0.6769201755523682,0.6761595606803894,0.00672144116833806,0.664959716796875,0.6670671105384827,0.6686863243579865,0.6725016087293625,0.6761595606803894,0.6818972378969193,0.6856970667839051,0.6885179102420806,0.6908560776710511
18746,-0.6771535873413086,140.78518676757812,62.936058044433594,196.28110831124442,0.6771536469459534,0.6761595606803894,0.006811146624386311,0.6652662658691406,0.6676658749580383,0.6693145155906677,0.6725016087293625,0.6761595606803894,0.6821332573890686,0.6863721370697021,0.6886902749538422,0.6908560776710511
18837,-0.6775117516517639,140.28314208984375,62.90699005126953,195.52593340192522,0.6775116920471191,0.6769713759422302,0.006804413162171841,0.6652662658691406,0.6677782297134399,0.6696520566940307,0.6725016087293625,0.6769713759422302,0.6828426420688629,0.6869877696037292,0.6886902749538422,0.6908560776710511
18928,-0.6779725551605225,139.7901153564453,62.89030456542969,194.78055899483817,0.6779726147651672,0.6775869131088257,0.006805162876844406,0.6660402774810791,0.6683075547218322,0.6698575854301453,0.6728859841823578,0.6775869131088257,0.683038055896759,0.687345665693283,0.6900905400514603,0.6908560776710511
19019,-0.6787054538726807,139.291748046875,62.8574333190918,194.03341238839286,0.6787053942680359,0.6781663298606873,0.006716765929013491,0.6661086797714233,0.6683075547218322,0.6705615401268006,0.6735258847475052,0.6781663298606873,0.6836556941270828,0.6875675320625305,0.690541273355484,0.6923322451114654
19110,-0.6789971590042114,138.7930450439453,62.82740020751953,193.28721400669642,0.6789972186088562,0.6785144209861755,0.006639314815402031,0.6662297821044922,0.6687055796384811,0.6711290061473847,0.6737627983093262,0.6785144209861755,0.6837585121393204,0.6885182619094848,0.690541273355484,0.6923322451114654
19201,-0.6792331337928772,138.304443359375,62.79767990112305,192.55331420898438,0.6792332530021667,0.6787494719028473,0.006777617149055004,0.6676669573783874,0.6687055796384811,0.6712362170219421,0.6737627983093262,0.6787494719028473,0.6840144544839859,0.6885182619094848,0.690541273355484,0.6943100821971894
19292,-0.6800060868263245,137.80628967285156,62.767242431640625,191.8114297049386,0.680006206035614,0.6792222559452057,0.006888820324093103,0.6676669573783874,0.6690436840057373,0.671446567773819,0.6750674247741699,0.6792222559452057,0.685857504606247,0.6885749638080597,0.6909009158611298,0.6945480346679688
19383,-0.6803224086761475,137.32723999023438,62.7665901184082,191.06726728166853,0.6803224086761475,0.6794798672199249,0.007134513929486275,0.6682440149784088,0.6690723240375519,0.671510511636734,0.6753305345773697,0.6794798672199249,0.685857504606247,0.6888876914978027,0.6930676132440567,0.6953961086273194
19474,-0.680806040763855,136.8210906982422,62.746402740478516,190.30572073800224,0.6808061003684998,0.6799412667751312,0.007218713406473398,0.6682440149784088,0.6690723240375519,0.6722389459609985,0.6760134845972061,0.6799412667751312,0.6860087662935257,0.6899585723876953,0.6930676132440567,0.6953961086273194
19565,-0.6812704205513,136.36105346679688,62.7407341003418,189.59293038504464,0.6812705397605896,0.6804804503917694,0.007322254590690136,0.6682440149784088,0.6690723240375519,0.6725010573863983,0.6763795018196106,0.6804804503917694,0.6869326829910278,0.6912940680980683,0.6943169862031937,0.6953961086273194
19656,-0.6817211508750916,135.9042510986328,62.741050720214844,188.87393188476562,0.6817213296890259,0.6812364757061005,0.007219206541776657,0.6682561075687409,0.6712394952774048,0.6725415527820587,0.6763795018196106,0.6812364757061005,0.6872968077659607,0.691689133644104,0.6943169862031937,0.6953961086273194
19747,-0.6820670962333679,135.40008544921875,62.70454406738281,188.11668178013392,0.6820670962333679,0.6814025342464447,0.007422297261655331,0.6685640037059783,0.672131672501564,0.6725440502166748,0.6763795018196106,0.6814025342464447,0.6875519007444382,0.6926150441169738,0.6952789008617402,0.6966306591033935
19838,-0.6823226809501648,134.94024658203125,62.69083786010742,187.3945792061942,0.6823226809501648,0.6816341280937195,0.0075264256447553635,0.6685640037059783,0.672131672501564,0.6725440502166748,0.6766187846660614,0.6816341280937195,0.6876194477081299,0.6937913239002228,0.6952883571386337,0.6966553258895873
19929,-0.6826111674308777,134.4622802734375,62.67205810546875,186.65462602887834,0.6826112270355225,0.6816341280937195,0.0073814429342746735,0.6691085839271546,0.6722791314125061,0.674428403377533,0.676892414689064,0.6816341280937195,0.6876874715089798,0.6937913239002228,0.6952883571386337,0.6966553258895873
20020,-0.6828287243843079,133.98013305664062,62.639034271240234,185.9165278843471,0.6828288435935974,0.6816341280937195,0.007458256091922522,0.6691085839271546,0.6723055481910706,0.6752080321311951,0.6770921945571899,0.6816341280937195,0.6876874715089798,0.6937913239002228,0.6953247904777526,0.6987280893325806
20111,-0.6832227110862732,133.52748107910156,62.62835693359375,185.20675441196985,0.6832228302955627,0.6823156476020813,0.00739892665296793,0.6711250436306,0.6725277125835418,0.6752080321311951,0.6771781146526337,0.6823156476020813,0.6878460496664047,0.6939111948013306,0.6953869849443436,0.6987280893325806
20202,-0.6836567521095276,133.0520782470703,62.588623046875,184.47894941057478,0.6836568713188171,0.6830151677131653,0.007363679353147745,0.6711622059345246,0.6736219555139542,0.6754723310470581,0.6773121654987335,0.6830151677131653,0.6891956031322479,0.6939653217792511,0.6953869849443436,0.6987280893325806
20293,-0.6840314269065857,132.58255004882812,62.548892974853516,183.76934596470423,0.6840314269065857,0.6832192540168762,0.007628357037901878,0.6711622059345246,0.6736219555139542,0.6754723310470581,0.6779630184173584,0.6832192540168762,0.6896795034408569,0.6953233480453491,0.6974062770605087,0.6995453977584839
20384,-0.6844523549079895,132.15774536132812,62.5458869934082,183.0881849016462,0.6844523549079895,0.683353841304779,0.007693509571254253,0.6711622059345246,0.6746323198080063,0.6758924186229706,0.6780867278575897,0.683353841304779,0.6898853778839111,0.6955373227596283,0.6980816096067428,0.6995453977584839
20475,-0.6850952506065369,131.7156219482422,62.528961181640625,182.39069257463728,0.6850953102111816,0.6837224662303925,0.007444664370268583,0.6722886335849761,0.6752846419811249,0.6762219846248627,0.6792752742767334,0.6837224662303925,0.6906548142433167,0.6955373227596283,0.6980816096067428,0.699552435874939
20566,-0.6853207349777222,131.25247192382812,62.50044250488281,181.66501944405692,0.6853207945823669,0.6837674975395203,0.0074900370091199875,0.6723925495147705,0.6752846419811249,0.6765367090702057,0.6795075237751007,0.6837674975395203,0.6908338814973831,0.6957636117935181,0.6980859637260437,0.699552435874939
20657,-0.6855712532997131,130.7889404296875,62.4576416015625,180.95848301478796,0.6855713129043579,0.6839687824249268,0.007369788363575935,0.673608523607254,0.6761386334896088,0.6770519614219666,0.6797198504209518,0.6839687824249268,0.6908338814973831,0.695770537853241,0.6988019943237305,0.699846601486206
20748,-0.6858621835708618,130.31973266601562,62.4148063659668,180.24745614188058,0.6858621835708618,0.6843652427196503,0.007214490789920092,0.6736782109737396,0.6761386334896088,0.6770519614219666,0.6803081929683685,0.6843652427196503,0.6910374015569687,0.695770537853241,0.6988019943237305,0.699846601486206
20839,-0.6864198446273804,129.84568786621094,62.36129379272461,179.53673226492745,0.6864197254180908,0.6849342584609985,0.007110445760190487,0.6736782109737396,0.6764422804117203,0.6780903697013855,0.6804863810539246,0.6849342584609985,0.692070797085762,0.6967474699020386,0.6988019943237305,0.699846601486206
20930,-0.6869457364082336,129.40304565429688,62.3271598815918,178.84330095563615,0.6869456768035889,0.686191976070404,0.0071194907650351524,0.6736782109737396,0.6766871988773346,0.6784433841705322,0.6811911463737488,0.686191976070404,0.6928751915693283,0.6972612857818603,0.6988209217786789,0.7003324770927429
21021,-0.6872389316558838,128.97142028808594,62.3040771484375,178.16759381975447,0.6872389912605286,0.686191976070404,0.007121091242879629,0.6736782109737396,0.6776645421981812,0.6796465218067169,0.681639701128006,0.686191976070404,0.6936027854681015,0.6972612857818603,0.6995416760444642,0.7003324770927429
21112,-0.6874424815177917,128.51947021484375,62.26475524902344,177.47283935546875,0.6874424815177917,0.686191976070404,0.007082429248839617,0.6736782109737396,0.6779155880212784,0.6800804734230042,0.6817057430744171,0.686191976070404,0.6936027854681015,0.6974021136760712,0.6995416760444642,0.7003324770927429
21203,-0.6877213716506958,128.04501342773438,62.22030258178711,176.7423858642578,0.6877214312553406,0.6864151060581207,0.007131698075681925,0.6755251574516297,0.6779155880212784,0.6800804734230042,0.6817180812358856,0.6864151060581207,0.6936599314212799,0.6977806448936462,0.6995416760444642,0.7003397905826568
21294,-0.6879640221595764,127.59019470214844,62.175601959228516,176.04626246861048,0.6879640221595764,0.6865916550159454,0.007260877639055252,0.6755251574516297,0.6787116527557373,0.6800804734230042,0.6817180812358856,0.6865916550159454,0.6939168274402618,0.6987965166568756,0.7002600073814392,0.7010022127628326
21385,-0.6883375644683838,127.15755462646484,62.156558990478516,175.36158316476005,0.6883376836776733,0.6869825720787048,0.0076570529490709305,0.6755251574516297,0.6787116527557373,0.6800804734230042,0.6817180812358856,0.6869825720787048,0.6942096054553986,0.6989198088645935,0.701002499461174,0.7022570645809173
21476,-0.6886207461357117,126.73930358886719,62.15336608886719,174.68538120814733,0.6886208057403564,0.6875549554824829,0.007700049784034491,0.6755251574516297,0.6787116527557373,0.6801268458366394,0.6826473921537399,0.6875549554824829,0.694261759519577,0.6989816069602967,0.701002499461174,0.7022570645809173
21567,-0.6891005039215088,126.31780242919922,62.149147033691406,173.99114118303572,0.6891005039215088,0.6876687109470367,0.007642407435923815,0.6755251574516297,0.6789089232683182,0.6804651856422425,0.6828678548336029,0.6876687109470367,0.6958164572715759,0.699558025598526,0.7011025995016098,0.7022570645809173
21658,-0.6893656253814697,125.87725830078125,62.10435485839844,173.31392560686385,0.6893656253814697,0.6882984042167664,0.007629227824509144,0.6755251574516297,0.6798960953950882,0.6806008994579316,0.6830634921789169,0.6882984042167664,0.6958164572715759,0.6999864995479583,0.7011909931898117,0.7032749617099762
21749,-0.6897820234298706,125.4333267211914,62.071075439453125,172.6129433768136,0.6897820234298706,0.6884751617908478,0.007636763155460358,0.6755251574516297,0.6800250858068466,0.6808997452259063,0.6834318488836288,0.6884751617908478,0.6970879882574081,0.7001799881458283,0.7013594508171082,0.7038356637954711
21840,-0.6902048587799072,125.00172424316406,62.0415153503418,171.9241681780134,0.6902047991752625,0.6887239515781403,0.007564749103039503,0.6774031138420105,0.6800250858068466,0.6815608382225037,0.6840737760066986,0.6887239515781403,0.6973110735416412,0.7001799881458283,0.7015037417411805,0.7053085696697236
21931,-0.6907169818878174,124.54447174072266,61.9939079284668,171.21857343401228,0.6907169818878174,0.6893889009952545,0.007560084108263254,0.6787256443500519,0.6800339251756669,0.6815940082073212,0.6846189200878143,0.6893889009952545,0.6973287165164948,0.7004218697547913,0.703849783539772,0.7053085696697236
22022,-0.6909353733062744,124.10939025878906,61.95581817626953,170.52814592633928,0.6909353733062744,0.6898539960384369,0.007596059702336788,0.6789047956466675,0.6808867812156677,0.681632798910141,0.6846189200878143,0.6898539960384369,0.6973287165164948,0.7011350154876709,0.703849783539772,0.7053085696697236
22113,-0.6914033889770508,123.7003173828125,61.94376754760742,169.85337611607142,0.6914035081863403,0.6912821233272552,0.007570556830614805,0.6790744388103485,0.6814954936504364,0.6827079892158509,0.6847244948148727,0.6912821233272552,0.6973287165164948,0.7014661133289337,0.7047099500894547,0.706506439447403
22204,-0.6919496059417725,123.29271697998047,61.93216323852539,169.18224225725447,0.6919497847557068,0.6915097832679749,0.007469768635928631,0.6795538401603699,0.6816506266593934,0.683012193441391,0.6851680278778076,0.6915097832679749,0.69737109541893,0.7022520959377289,0.7047099500894547,0.7065282106399536
22295,-0.6922286152839661,122.85563659667969,61.8909797668457,168.50794982910156,0.6922286152839661,0.6915964782238007,0.0074364664033055305,0.6795538401603699,0.682144382596016,0.683012193441391,0.6856945753097534,0.6915964782238007,0.6974325776100159,0.7024422764778138,0.7047099500894547,0.7065282106399536
22386,-0.6925771832466125,122.44967651367188,61.8714485168457,167.84347316196985,0.6925773024559021,0.6916861236095428,0.0076059624552726746,0.6801882588863373,0.682144382596016,0.683012193441391,0.6864461004734039,0.6916861236095428,0.6974325776100159,0.7035841941833496,0.7053103595972061,0.7077358829975128
22477,-0.6929966807365417,122.02072143554688,61.83338165283203,167.15209306989397,0.6929967403411865,0.6918656229972839,0.007348496001213789,0.6815202987194061,0.6827326714992523,0.6841537714004516,0.6876500695943832,0.6918656229972839,0.6975726336240768,0.7035841941833496,0.7053103595972061,0.7077358829975128
22568,-0.6933181881904602,121.62872314453125,61.82525634765625,166.4918692452567,0.693318247795105,0.6922129988670349,0.007281515747308731,0.6815202987194061,0.6827326714992523,0.6843486666679383,0.6880459934473038,0.6922129988670349,0.6983581632375717,0.7035841941833496,0.7053103595972061,0.7077477598190307
22659,-0.693578839302063,121.18270111083984,61.77798843383789,165.78536769321985,0.6935788989067078,0.6930087208747864,0.0074308267794549465,0.6815202987194061,0.6828271210193634,0.6843515753746032,0.6880459934473038,0.6930087208747864,0.6996162831783295,0.7041195750236511,0.7055155664682389,0.7077569580078125
22750,-0.693841814994812,120.78022766113281,61.76896286010742,165.11739458356584,0.6938418745994568,0.6930666565895081,0.007242378778755665,0.6815202987194061,0.6828271210193634,0.6852878570556641,0.6886483728885651,0.6930666565895081,0.6996162831783295,0.7041195750236511,0.7055433481931687,0.7077569580078125
22841,-0.6940526366233826,120.39188385009766,61.7548828125,164.46136474609375,0.6940526366233826,0.6932770013809204,0.00724646495655179,0.6816002070903778,0.6834937661886216,0.6852878570556641,0.6886483728885651,0.6932770013809204,0.6996162831783295,0.704390799999237,0.7055433481931687,0.7077569580078125
22932,-0.6943252682685852,119.97807312011719,61.72157669067383,163.79483686174666,0.6943252682685852,0.6934078931808472,0.007188696879893541,0.6816002070903778,0.6841859996318818,0.6861187994480134,0.6887929886579514,0.6934078931808472,0.6997751742601395,0.704390799999237,0.7058146297931671,0.7090955400466918
23023,-0.6945147514343262,119.60384368896484,61.71570587158203,163.16396004813058,0.6945147514343262,0.6938230991363525,0.007241083774715662,0.6816002070903778,0.6841859996318818,0.6863678157329559,0.6888417601585388,0.6938230991363525,0.6999096274375916,0.704390799999237,0.7058554291725159,0.7100885510444641
23114,-0.6949468851089478,119.2046127319336,61.684791564941406,162.50518580845423,0.6949468851089478,0.6938230991363525,0.007120360620319843,0.6830503487586975,0.6843981087207794,0.6865421831607819,0.6889114230871201,0.6938230991363525,0.7010470777750015,0.7046839475631714,0.7066023051738739,0.7100885510444641
23205,-0.6952844858169556,118.78319549560547,61.63248825073242,161.83869280133928,0.6952844858169556,0.6943112909793854,0.00700435321778059,0.6840304565429688,0.6853453189134597,0.6872691154479981,0.6895157247781754,0.6943112909793854,0.7010908126831055,0.7047711074352264,0.7066023051738739,0.7100885510444641
23296,-0.6956084966659546,118.39051055908203,61.60552215576172,161.18995012555803,0.6956084966659546,0.6943112909793854,0.006977221462875605,0.6840304565429688,0.6859362661838532,0.6879842758178711,0.6897845715284348,0.6943112909793854,0.7015040069818497,0.7047711074352264,0.7066023051738739,0.710366302728653
23387,-0.6958918571472168,117.99433135986328,61.58384704589844,160.52876717703683,0.6958918571472168,0.6945542693138123,0.007139883935451508,0.6840304565429688,0.6863706082105636,0.6879842758178711,0.6898238956928253,0.6945542693138123,0.7015040069818497,0.7050863921642303,0.7091514110565186,0.7103901481628417
23478,-0.6962948441505432,117.59119415283203,61.56531524658203,159.854252406529,0.6962947845458984,0.695567786693573,0.007128853816539049,0.6842685532569885,0.6865494459867477,0.688180947303772,0.6905815005302429,0.695567786693573,0.7017942368984222,0.7058115839958191,0.7092014670372009,0.7103901481628417
23569,-0.6968413591384888,117.20729064941406,61.553619384765625,159.1930193219866,0.6968414187431335,0.6963629722595215,0.0070281317457556725,0.6842685532569885,0.6870245158672332,0.6889431893825531,0.6913931667804718,0.6963629722595215,0.7028564512729645,0.7066536247730255,0.7092014670372009,0.7110148131847381
23660,-0.6972101926803589,116.82182312011719,61.55426025390625,158.52263750348772,0.6972103714942932,0.6964833736419678,0.007008927874267101,0.6848314869403839,0.6878973841667175,0.689081609249115,0.6918455213308334,0.6964833736419678,0.7028564512729645,0.7075372993946075,0.7092100977897644,0.7117228066921234
23751,-0.6974003911018372,116.4326400756836,61.51960372924805,157.88833618164062,0.6974005103111267,0.6964833736419678,0.007023549173027277,0.6848314869403839,0.6885649293661118,0.6891520261764527,0.6922059655189514,0.6964833736419678,0.7033564299345016,0.7075372993946075,0.7092444658279419,0.7117228066921234
23842,-0.6978051662445068,116.05029296875,61.50108337402344,157.2466823032924,0.6978052258491516,0.6969161331653595,0.00695503456518054,0.6848314869403839,0.6885649293661118,0.6900636911392212,0.6924109309911728,0.6969161331653595,0.7040473818778992,0.7075372993946075,0.7101872622966766,0.7117228066921234
23933,-0.6980003118515015,115.67327117919922,61.468692779541016,156.6176975795201,0.698000431060791,0.6970261931419373,0.006905130110681057,0.6865237641334534,0.6885779827833176,0.6900636911392212,0.6924590170383453,0.6970261931419373,0.704264223575592,0.7075372993946075,0.7101872622966766,0.7119161343574524
24024,-0.6981390118598938,115.28801727294922,61.4350700378418,155.98040989467077,0.6981391310691833,0.6970261931419373,0.006906686816364527,0.6865237641334534,0.6888647854328156,0.6901183009147644,0.6930057108402252,0.6970261931419373,0.704264223575592,0.7075461447238922,0.7106283664703369,0.7122177159786224
24115,-0.6984667778015137,114.8962631225586,61.39378356933594,155.3365195138114,0.6984668970108032,0.6972509324550629,0.006990696769207716,0.6865237641334534,0.689147824048996,0.6905236363410949,0.6933961808681488,0.6972509324550629,0.7044546455144882,0.7091708064079285,0.7106283664703369,0.7122177159786224
24206,-0.6986172199249268,114.49247741699219,61.3538932800293,154.6782967703683,0.6986173391342163,0.6977562010288239,0.006941831670701504,0.6865237641334534,0.689147824048996,0.6907121419906617,0.69346022605896,0.6977562010288239,0.7044546455144882,0.7091708064079285,0.7106283664703369,0.7122177159786224
24297,-0.6989713311195374,114.12679290771484,61.330406188964844,154.04918779645647,0.6989713907241821,0.6977562010288239,0.00685068778693676,0.6884876525402069,0.6897238910198211,0.6915590345859528,0.6937668174505234,0.6977562010288239,0.7047558724880219,0.7091708064079285,0.7106283664703369,0.7122228789329529
24388,-0.6992915868759155,113.75663757324219,61.30485534667969,153.4263698032924,0.6992915868759155,0.6978764235973358,0.006847177166491747,0.6884876525402069,0.6897238910198211,0.6919165194034577,0.6942554265260696,0.6978764235973358,0.7047558724880219,0.7091708064079285,0.7110977500677109,0.7137054419517517
24479,-0.6995213031768799,113.36620330810547,61.2790412902832,152.77511596679688,0.6995212435722351,0.6981418132781982,0.006826573051512241,0.6884876525402069,0.6897238910198211,0.6923960626125336,0.6943949609994888,0.6981418132781982,0.7047600746154785,0.7091708064079285,0.7111214458942413,0.7137054419517517
24570,-0.6998869180679321,113.00096893310547,61.27406692504883,152.13962881905692,0.6998870372772217,0.6982787847518921,0.006853235885500908,0.6884876525402069,0.691412091255188,0.6926488697528839,0.6945495754480362,0.6982787847518921,0.7047600746154785,0.7094241380691528,0.711779648065567,0.7142791700363159
24661,-0.7001278400421143,112.60238647460938,61.22188949584961,151.49969482421875,0.7001279592514038,0.6989004909992218,0.00687038479372859,0.6884876525402069,0.691412091255188,0.6930135428905487,0.6948791295289993,0.6989004909992218,0.7048479169607162,0.7099752247333526,0.7121943712234498,0.7142791700363159
24752,-0.7003593444824219,112.26087188720703,61.21474075317383,150.88753182547433,0.7003595232963562,0.6989004909992218,0.006973912939429283,0.6884876525402069,0.691412091255188,0.6933088898658752,0.6950012296438217,0.6989004909992218,0.704848513007164,0.7105740010738373,0.7122909784317016,0.7142791700363159
24843,-0.7006192803382874,111.88729095458984,61.18937301635742,150.25445556640625,0.7006193399429321,0.6993388533592224,0.007062864024192095,0.6884876525402069,0.691412091255188,0.6933088898658752,0.6950012296438217,0.6993388533592224,0.70511794090271,0.7111257314682007,0.7130132794380188,0.7142791700363159
24934,-0.7010538578033447,111.5107192993164,61.1520881652832,149.62349591936385,0.7010539174079895,0.6995505094528198,0.007090484723448753,0.6884876525402069,0.691478157043457,0.6933903336524964,0.6950701177120209,0.6995505094528198,0.7061446756124496,0.7116804361343384,0.7130132794380188,0.7142791700363159
25025,-0.7013896107673645,111.12535095214844,61.12363052368164,148.96014404296875,0.7013896107673645,0.6995505094528198,0.007115836255252361,0.6885156679153442,0.6929013103246688,0.6938008964061737,0.695545107126236,0.6995505094528198,0.7067404836416245,0.7116804361343384,0.7130132794380188,0.7142791700363159
25116,-0.701623797416687,110.75995635986328,61.093135833740234,148.3343048095703,0.7016239166259766,0.6996759176254272,0.006984468083828688,0.6885156679153442,0.6930446267127991,0.6945331990718842,0.696036770939827,0.6996759176254272,0.7067404836416245,0.7116804361343384,0.7130132794380188,0.7142791700363159
25207,-0.7018493413925171,110.40892791748047,61.0855712890625,147.711669921875,0.7018495202064514,0.6997339427471161,0.007052231580018997,0.6885382020473481,0.6930446267127991,0.6945331990718842,0.696160301566124,0.6997339427471161,0.7075014412403107,0.7121106624603272,0.7135688215494156,0.7142791700363159
25298,-0.7021360397338867,110.07325744628906,61.072975158691406,147.11680167061942,0.7021361589431763,0.7007840275764465,0.007073653396219015,0.6889368939399719,0.6930446267127991,0.6945331990718842,0.6964371353387833,0.7007840275764465,0.7087175846099854,0.7122462093830109,0.7135688215494156,0.7142791700363159
25389,-0.7023198008537292,109.7373046875,61.061431884765625,146.50828988211495,0.7023198008537292,0.7012960314750671,0.007144459057599306,0.6897696232795716,0.6930446267127991,0.6946744859218598,0.6966562271118164,0.7012960314750671,0.7087175846099854,0.7122462093830109,0.7142814874649048,0.7150876641273498
25480,-0.7026868462562561,109.3823471069336,61.01273727416992,145.90884399414062,0.7026868462562561,0.7013133466243744,0.0070469263009727,0.6897696232795716,0.6940325170755386,0.6950197219848633,0.6968986541032791,0.7013133466243744,0.708866074681282,0.7124681532382965,0.7142814874649048,0.7150876641273498
25571,-0.7030024528503418,109.01040649414062,60.98040771484375,145.26488603864397,0.7030024528503418,0.7013133466243744,0.007059789728373289,0.6899719643592834,0.6940325170755386,0.6954372823238373,0.6974341422319412,0.7013133466243744,0.7090797573328018,0.7125522017478942,0.7143747448921204,0.7153098070621491
25662,-0.7031501531600952,108.67562866210938,60.9751091003418,144.65325055803572,0.7031501531600952,0.7019685506820679,0.006998967844992876,0.6905916595458984,0.6940880656242371,0.6955274879932404,0.6974341422319412,0.7019685506820679,0.7090950012207031,0.712674081325531,0.7143747448921204,0.7153098070621491
25753,-0.7036057710647583,108.32926940917969,60.95623779296875,144.0440194266183,0.7036058902740479,0.7022147178649902,0.007016435265541077,0.6910237371921539,0.6947485238313675,0.695871216058731,0.6976313889026642,0.7022147178649902,0.7092840373516083,0.7133710563182831,0.7147624164819717,0.7153098070621491
25844,-0.7038406133651733,107.98265838623047,60.937278747558594,143.4300079345703,0.7038406133651733,0.7025801539421082,0.007024810183793306,0.6919508826732635,0.6953905671834946,0.6961193740367889,0.6979297250509262,0.7025801539421082,0.709473505616188,0.7135680615901947,0.7150944828987121,0.7166264843940735
25935,-0.7039425373077393,107.6563949584961,60.926841735839844,142.83624485560827,0.7039426565170288,0.7025801539421082,0.007029077969491482,0.6919508826732635,0.6954061388969421,0.6961927771568298,0.6979775875806808,0.7025801539421082,0.709473505616188,0.7135680615901947,0.715119817852974,0.7166264843940735
26026,-0.7042112350463867,107.33424377441406,60.921119689941406,142.2324676513672,0.7042112946510315,0.7028641700744629,0.00704013928771019,0.6919508826732635,0.6954061388969421,0.6962398171424866,0.6987237483263016,0.7028641700744629,0.7098413407802582,0.7137062311172485,0.7163792699575424,0.7167585813999175
26117,-0.7044157385826111,106.97389221191406,60.87313461303711,141.62191772460938,0.7044156789779663,0.7031125724315643,0.007074618246406317,0.6919508826732635,0.6956858605146408,0.6967880606651307,0.6987237483263016,0.7031125724315643,0.7098413407802582,0.7137395977973938,0.7165294349193573,0.7176344633102417
26208,-0.7045215368270874,106.64683532714844,60.87489700317383,141.01715305873327,0.7045215368270874,0.703202873468399,0.007033968344330788,0.6927849400043488,0.6956858605146408,0.6968008697032928,0.6990611106157303,0.703202873468399,0.7103928923606873,0.7137395977973938,0.7165294349193573,0.7176344633102417
26299,-0.7047430276870728,106.32128143310547,60.859397888183594,140.4245387486049,0.704742968082428,0.703202873468399,0.007111836224794388,0.6935250854492188,0.6956858605146408,0.6970433473587037,0.6991179287433624,0.703202873468399,0.7104968130588531,0.7149642765522003,0.7168979912996292,0.7191353738307953
26390,-0.7050318717956543,105.99775695800781,60.84148406982422,139.84034075055803,0.7050319910049438,0.7035596370697021,0.007108594756573439,0.6935250854492188,0.6956858605146408,0.6973463714122772,0.6993131935596466,0.7035596370697021,0.7108683884143829,0.7150691747665405,0.7169212162494659,0.7191353738307953
26481,-0.7052075266838074,105.65997314453125,60.8066291809082,139.25964137486048,0.7052075862884521,0.7036476731300354,0.007149837911128998,0.6935250854492188,0.6956858605146408,0.6973463714122772,0.6999620646238327,0.7036476731300354,0.7110764682292938,0.7152395367622375,0.717616292834282,0.7191353738307953
26572,-0.7054939270019531,105.32463836669922,60.78948974609375,138.6413312639509,0.7054939866065979,0.7036476731300354,0.007249007932841778,0.6935250854492188,0.6956858605146408,0.6974766194820404,0.6999620646238327,0.7036476731300354,0.7116820067167282,0.7152677953243256,0.717616292834282,0.7191353738307953
26663,-0.7058092355728149,104.97643280029297,60.74866485595703,138.03618730817522,0.7058092355728149,0.7040311396121979,0.007175970356911421,0.6935250854492188,0.6961861670017242,0.6976641595363617,0.7003377377986908,0.7040311396121979,0.7118623703718185,0.7152677953243256,0.717650082707405,0.7200866222381592
26754,-0.7060495018959045,104.65132141113281,60.74051284790039,137.43781389508928,0.7060495018959045,0.7043554484844208,0.007185961585491896,0.6941280782222747,0.6961861670017242,0.6976641595363617,0.7006798833608627,0.7043554484844208,0.7118623703718185,0.7153376817703248,0.7185512214899064,0.7200866222381592
26845,-0.7062203884124756,104.3062973022461,60.707969665527344,136.8183310372489,0.7062204480171204,0.7043554484844208,0.007178402505815029,0.6941280782222747,0.6961861670017242,0.698006945848465,0.7009525895118713,0.7043554484844208,0.7121370136737823,0.7156039714813233,0.7185512214899064,0.7200866222381592
26936,-0.7063037753105164,103.95905303955078,60.66532897949219,136.22540501185827,0.7063037753105164,0.7044538855552673,0.007142515387386084,0.6943763315677642,0.6961861670017242,0.6981654644012452,0.7009858340024948,0.7044538855552673,0.7121370136737823,0.7156039714813233,0.7185512214899064,0.7200866222381592
27027,-0.7066085934638977,103.64082336425781,60.657867431640625,135.62944902692522,0.7066086530685425,0.7046709060668945,0.007147601805627346,0.6943763315677642,0.6966295361518859,0.6984468340873718,0.7011413127183914,0.7046709060668945,0.7121370136737823,0.7156039714813233,0.7191275984048844,0.7211373710632324
27118,-0.7067599296569824,103.32276916503906,60.63991165161133,135.04125322614397,0.7067598700523376,0.7052537798881531,0.007065875921398401,0.6943763315677642,0.6966295361518859,0.6993428528308868,0.7012826651334763,0.7052537798881531,0.7127026617527008,0.7163956522941589,0.7191275984048844,0.7211373710632324
27209,-0.7069624066352844,102.99539947509766,60.606422424316406,134.45384216308594,0.706962525844574,0.7058431208133698,0.007171853445470333,0.6943763315677642,0.6966295361518859,0.6993428528308868,0.7018676102161407,0.7058431208133698,0.7127026617527008,0.716554981470108,0.719685360789299,0.7211629557609558
27300,-0.7072394490242004,102.69682312011719,60.6086311340332,133.87923322405135,0.7072395086288452,0.706076055765152,0.007193890865892172,0.6943763315677642,0.6966295361518859,0.6994335234165192,0.7021614760160446,0.706076055765152,0.7130737453699112,0.7168264210224151,0.719685360789299,0.7211629557609558
27391,-0.7076553702354431,102.40396118164062,60.611900329589844,133.307373046875,0.7076554298400879,0.7064133286476135,0.007224598433822393,0.6956450080871582,0.6974091440439224,0.6997512221336365,0.7024801224470139,0.7064133286476135,0.7131498157978058,0.7183774948120117,0.7206615895032883,0.7221581876277924
27482,-0.707854151725769,102.085693359375,60.58313751220703,132.7374049595424,0.707854151725769,0.7066639065742493,0.007125725969672203,0.6956450080871582,0.6976511627435684,0.6997512221336365,0.7028362154960632,0.7066639065742493,0.7132061570882797,0.7183774948120117,0.7206615895032883,0.7221581876277924
27573,-0.7082220315933228,101.78913116455078,60.57558059692383,132.17711530412947,0.7082220315933228,0.7068279683589935,0.007101347669959068,0.6961963057518006,0.6976511627435684,0.7001013159751892,0.7031921297311783,0.7068279683589935,0.7135647237300873,0.7185559272766113,0.7206615895032883,0.7221581876277924
27664,-0.708619236946106,101.49276733398438,60.57463073730469,131.6083243233817,0.7086192965507507,0.7071057856082916,0.007184213493019342,0.6961963057518006,0.6976511627435684,0.7011779606342315,0.7037691324949265,0.7071057856082916,0.7138799279928207,0.7189296007156372,0.7206615895032883,0.722175874710083
27755,-0.708843469619751,101.18849182128906,60.553218841552734,131.03924124581474,0.708843469619751,0.7075835168361664,0.007230537477880716,0.6961963057518006,0.6976511627435684,0.7013622403144837,0.7039279788732529,0.7075835168361664,0.7138799279928207,0.7193855941295624,0.7206615895032883,0.7222080993652343
27846,-0.7091231942176819,100.8593978881836,60.504127502441406,130.46146065848214,0.7091233730316162,0.7075835168361664,0.007168566808104515,0.6966765403747559,0.6979797661304474,0.7017776429653168,0.7039279788732529,0.7075835168361664,0.7142540216445923,0.7196950137615203,0.7206615895032883,0.7222452664375305
27937,-0.7095138430595398,100.56207275390625,60.48499298095703,129.89882877894811,0.7095139026641846,0.7086126804351807,0.007101070135831833,0.6966765403747559,0.6998097330331803,0.7019149661064148,0.7040294259786606,0.7086126804351807,0.7145755738019943,0.7196950137615203,0.7211183249950409,0.7222452664375305
28028,-0.7097866535186768,100.26373291015625,60.477027893066406,129.34134347098214,0.7097866535186768,0.708682119846344,0.006985667627304792,0.6976402306556702,0.7012765407562256,0.7020804345607757,0.7041762471199036,0.708682119846344,0.7145755738019943,0.7196950137615203,0.7212678283452988,0.7222452664375305
28119,-0.7100204229354858,99.95413970947266,60.45010757446289,128.78336552211218,0.7100205421447754,0.7089878022670746,0.006919536739587784,0.6976402306556702,0.7012765407562256,0.7024769902229309,0.7045976966619492,0.7089878022670746,0.7145964503288269,0.7196950137615203,0.7214151322841644,0.7222452664375305
28210,-0.7102348208427429,99.67082977294922,60.443111419677734,128.218510219029,0.7102348208427429,0.7090588510036469,0.006871532648801804,0.6976402306556702,0.7017106801271439,0.7029947876930237,0.7050266265869141,0.7090588510036469,0.7154486328363419,0.7196950137615203,0.7214151322841644,0.7222452664375305
28301,-0.7103231549263,99.39765167236328,60.44221115112305,127.67269897460938,0.7103231549263,0.7091158628463745,0.006873577367514372,0.6976402306556702,0.7017106801271439,0.7029947876930237,0.7050955295562744,0.7091158628463745,0.7154571264982224,0.7196950137615203,0.7214317589998245,0.7222452664375305
28392,-0.7106694579124451,99.08029174804688,60.4043083190918,127.09302629743304,0.7106695771217346,0.7092914283275604,0.006857555825263262,0.698311949968338,0.7017106801271439,0.7032488048076629,0.7054723054170609,0.7092914283275604,0.7168078720569611,0.7196950137615203,0.7221451938152313,0.7240656352043152
28483,-0.7108517289161682,98.7823715209961,60.36474609375,126.53960200718471,0.7108517289161682,0.70961794257164,0.006868133787065744,0.698311949968338,0.7017106801271439,0.7032488048076629,0.7054723054170609,0.70961794257164,0.7170514762401581,0.7196950137615203,0.7221451938152313,0.7240656352043152
28574,-0.7110569477081299,98.49252319335938,60.34977340698242,125.99443926130023,0.7110570669174194,0.70961794257164,0.006667352747172117,0.6998565602302551,0.7027672231197357,0.703765618801117,0.7055985033512115,0.70961794257164,0.7171104848384857,0.7196950137615203,0.7221451938152313,0.7240656352043152
28665,-0.7113288640975952,98.203369140625,60.32594680786133,125.45059749058315,0.7113290429115295,0.7101500332355499,0.006756311282515526,0.6998565602302551,0.7027672231197357,0.703765618801117,0.7055985033512115,0.7101500332355499,0.7171237021684647,0.7206881701946258,0.7221566081047058,0.7240656352043152
28756,-0.7115476727485657,97.89521789550781,60.2956428527832,124.87801034109933,0.7115478515625,0.7101500332355499,0.006796197034418583,0.6998565602302551,0.7027672231197357,0.7039454877376556,0.7061280608177185,0.7101500332355499,0.7173986583948135,0.7211691617965699,0.7221566081047058,0.7240656352043152
28847,-0.711750328540802,97.63165283203125,60.2946662902832,124.34720393589565,0.7117503881454468,0.7104439735412598,0.0068574100732803345,0.6998565602302551,0.703225040435791,0.7041885256767273,0.7064917236566544,0.7104439735412598,0.7174722701311111,0.7214198231697082,0.7231446087360383,0.7257334303855896
28938,-0.711873471736908,97.35908508300781,60.28413391113281,123.81047930036273,0.7118735313415527,0.7104439735412598,0.006948848720639944,0.6998565602302551,0.703225040435791,0.7041885256767273,0.7065467536449432,0.7104439735412598,0.7180727869272232,0.721612137556076,0.7234817236661911,0.7257513380050659
29029,-0.7120598554611206,97.05365753173828,60.234928131103516,123.25916399274554,0.7120599150657654,0.7105412781238556,0.00694632763043046,0.6998565602302551,0.703548014163971,0.7043794751167297,0.706834226846695,0.7105412781238556,0.7183387875556946,0.721612137556076,0.7234817236661911,0.7257513380050659
29120,-0.7123135328292847,96.79824829101562,60.23438262939453,122.72916303362165,0.7123135924339294,0.7107927203178406,0.006804901175200939,0.6998565602302551,0.7039560794830322,0.7045267999172211,0.7071690410375595,0.7107927203178406,0.7183387875556946,0.721612137556076,0.7234817236661911,0.7257513380050659
29211,-0.7123895287513733,96.50912475585938,60.21407699584961,122.1729234967913,0.7123895883560181,0.7107927203178406,0.006782559212297201,0.7003617119789124,0.7039560794830322,0.7050284922122956,0.707244411110878,0.7107927203178406,0.7183387875556946,0.721612137556076,0.7235031515359879,0.7257513380050659
29302,-0.7125007510185242,96.24481964111328,60.21636199951172,121.6317138671875,0.712500810623169,0.7107927203178406,0.006784858647733927,0.7031494510173798,0.7039560794830322,0.7050293624401093,0.707244411110878,0.7107927203178406,0.7183798551559448,0.721612137556076,0.7237946897745132,0.7257513380050659
29393,-0.7126772403717041,95.99825286865234,60.227378845214844,121.11522783551898,0.7126772999763489,0.7110149264335632,0.0067835478112101555,0.7031494510173798,0.7039560794830322,0.7050293624401093,0.7072963714599609,0.7110149264335632,0.7183798551559448,0.721612137556076,0.7244426995515824,0.7257513380050659
29484,-0.7128697037696838,95.72899627685547,60.21686935424805,120.5718765258789,0.7128697037696838,0.7113770246505737,0.00678591150790453,0.7031833732128143,0.7041719883680344,0.7051618218421936,0.7072963714599609,0.7113770246505737,0.7184167355298996,0.7220886528491974,0.7244426995515824,0.7261538004875183
29575,-0.713083028793335,95.45709228515625,60.209373474121094,120.0308085850307,0.7130829691886902,0.7117109894752502,0.0068492344580590725,0.7031833732128143,0.704519921541214,0.705314552783966,0.7074975669384003,0.7117109894752502,0.7184167355298996,0.7227910041809082,0.7245615035295486,0.7274310493469238
29666,-0.7133347988128662,95.17288970947266,60.18144989013672,119.47697230747768,0.7133347988128662,0.7120884954929352,0.006885725539177656,0.7031833732128143,0.704519921541214,0.705709171295166,0.7077054679393768,0.7120884954929352,0.7185702472925186,0.7227910041809082,0.7245615035295486,0.7274975371360779
29757,-0.7134628295898438,94.92732238769531,60.190574645996094,118.95059422084263,0.713462769985199,0.7125020027160645,0.006895958445966244,0.7031833732128143,0.704519921541214,0.705774188041687,0.7078478634357452,0.7125020027160645,0.7187326550483704,0.7227910041809082,0.7249955862760544,0.7274975371360779
29848,-0.713743269443512,94.6578598022461,60.18909454345703,118.39843423025948,0.7137432098388672,0.7129977941513062,0.006957620847970247,0.7035913848876953,0.705160504579544,0.7062858641147614,0.7078936100006104,0.7129977941513062,0.7188311666250229,0.7238615214824676,0.7251194238662719,0.7285899090766906
29939,-0.7139440178871155,94.39481353759766,60.181724548339844,117.86427743094308,0.7139439582824707,0.7136605978012085,0.006846327800303698,0.7036120331287384,0.705322551727295,0.7063750684261322,0.7084867805242538,0.7136605978012085,0.7188311666250229,0.7239040493965149,0.7251988679170609,0.7285899090766906
30030,-0.7141802906990051,94.127685546875,60.16187286376953,117.33732604980469,0.7141802310943604,0.7137542366981506,0.006871683523058891,0.7036120331287384,0.705322551727295,0.7065297365188599,0.7086288332939148,0.7137542366981506,0.7188311666250229,0.7239040493965149,0.72590953707695,0.7285899090766906
30121,-0.7143693566322327,93.83307647705078,60.1311149597168,116.77933175223214,0.7143692970275879,0.7137793302536011,0.006906023249030113,0.7036120331287384,0.705322551727295,0.7067603170871735,0.7089329361915588,0.7137793302536011,0.7188311666250229,0.7246297895908356,0.7268336057662964,0.7285899090766906
30212,-0.714488685131073,93.57283782958984,60.1237907409668,116.24041639055524,0.7144886255264282,0.7137793302536011,0.006909227464348078,0.7036400258541107,0.705322551727295,0.7067603170871735,0.708968460559845,0.7137793302536011,0.719193235039711,0.7246297895908356,0.7268336057662964,0.7285899090766906
30303,-0.7146485447883606,93.32412719726562,60.1280632019043,115.70948246547154,0.7146486043930054,0.7137793302536011,0.006863140966743231,0.703762104511261,0.7054233580827713,0.7067603170871735,0.7091628760099411,0.7137793302536011,0.7192036509513855,0.7246297895908356,0.727433717250824,0.7285899090766906
30394,-0.714904248714447,93.0217514038086,60.0774040222168,115.15962764195034,0.7149041891098022,0.7137835025787354,0.006922136060893536,0.703762104511261,0.7062617987394333,0.7068512320518494,0.7092143595218658,0.7137835025787354,0.7198778688907623,0.724982738494873,0.727433717250824,0.7285899090766906
30485,-0.7150560617446899,92.76774597167969,60.063377380371094,114.63869912283761,0.7150560617446899,0.7137835025787354,0.007014683447778225,0.703762104511261,0.7062617987394333,0.7068512320518494,0.7094374001026154,0.7137835025787354,0.7198778688907623,0.7255073249340057,0.727433717250824,0.7285899090766906
30576,-0.715218186378479,92.5256576538086,60.06813430786133,114.11107090541294,0.7152183055877686,0.7140523195266724,0.006961144506931305,0.703762104511261,0.7064961522817612,0.7070376634597778,0.7098028510808945,0.7140523195266724,0.7207243293523788,0.7255073249340057,0.7275107234716416,0.7285899090766906
30667,-0.7153342962265015,92.25831604003906,60.05347442626953,113.56961713518415,0.7153342962265015,0.7140523195266724,0.006969125010073185,0.703762104511261,0.7064961522817612,0.7070391118526459,0.7098348140716553,0.7140523195266724,0.7208365797996521,0.7255073249340057,0.7275153130292893,0.7285899090766906
30758,-0.7155131101608276,92.03912353515625,60.06526184082031,113.06294577462333,0.7155129909515381,0.7145130932331085,0.006944300606846809,0.703762104511261,0.7064961522817612,0.7070391118526459,0.7099146842956543,0.7145130932331085,0.7210079580545425,0.7258055329322814,0.7275153130292893,0.7285899090766906
30849,-0.7158552408218384,91.79779815673828,60.0653190612793,112.54902757917132,0.7158552408218384,0.7150715291500092,0.007005190476775169,0.703762104511261,0.7065327882766723,0.7071206033229828,0.7106238305568695,0.7150715291500092,0.7211129814386368,0.7264446139335632,0.7280227065086364,0.7285899090766906
30940,-0.7162140011787415,91.5278091430664,60.036529541015625,112.02057756696429,0.7162139415740967,0.715686023235321,0.006971166469156742,0.7048582160472869,0.7067584365606308,0.7076377749443055,0.7106596529483795,0.715686023235321,0.7211129814386368,0.7267249703407288,0.7281367808580399,0.7293842470645905
31031,-0.7163445949554443,91.2752914428711,60.014522552490234,111.51684243338448,0.7163446545600891,0.7161357700824738,0.007000724319368601,0.7048582160472869,0.7067584365606308,0.7076377749443055,0.7106596529483795,0.7161357700824738,0.7211129814386368,0.7267249703407288,0.7283626973628998,0.7299233961105347
31122,-0.7165449261665344,91.05194854736328,60.02801513671875,110.9867662702288,0.7165449261665344,0.7161593437194824,0.006975409109145403,0.7059664189815521,0.7070821017026901,0.7082604348659516,0.7113175690174103,0.7161593437194824,0.7214254587888718,0.7267249703407288,0.7283626973628998,0.7299233961105347
31213,-0.716767430305481,90.81163787841797,60.017852783203125,110.48162950788226,0.7167674899101257,0.7164150178432465,0.006986405700445175,0.7059664189815521,0.7073832601308823,0.7082604348659516,0.7113175690174103,0.7164150178432465,0.7222935110330582,0.7267249703407288,0.7283626973628998,0.7299233961105347
31304,-0.716882050037384,90.57345581054688,60.02210235595703,109.96213640485492,0.7168821096420288,0.7164150178432465,0.007080101408064365,0.7059759986400604,0.7073832601308823,0.7082604348659516,0.7114500254392624,0.7164150178432465,0.7225682586431503,0.7267249703407288,0.7285720527172088,0.7305632627010346
31395,-0.717128574848175,90.30458068847656,59.9846305847168,109.43714686802456,0.7171286940574646,0.7164150178432465,0.007136390544474125,0.7059759986400604,0.7079036623239517,0.7091322839260101,0.7116406559944153,0.7164150178432465,0.7225682586431503,0.7275120854377747,0.7293047398328781,0.7313384246826172
31486,-0.7172654271125793,90.04918670654297,59.957763671875,108.91620309012276,0.7172653675079346,0.7164150178432465,0.00712930504232645,0.7059759986400604,0.7079036623239517,0.7093113362789154,0.7116686105728149,0.7164150178432465,0.7229577153921127,0.7275509715080262,0.7293047398328781,0.7313384246826172
31577,-0.7173863053321838,89.81830596923828,59.961212158203125,108.40015193394252,0.7173863053321838,0.7164150178432465,0.007200931198894978,0.7059759986400604,0.7081333696842194,0.7093113362789154,0.7116860747337341,0.7164150178432465,0.7229577153921127,0.7276780843734741,0.7298043936491012,0.7315966081619263
31668,-0.71757972240448,89.55235290527344,59.92380142211914,107.87130192347935,0.71757972240448,0.7166201770305634,0.007119577378034592,0.7076676285266876,0.7081945240497589,0.7093113362789154,0.7121003568172455,0.7166201770305634,0.7229577153921127,0.7278388619422913,0.7298043936491012,0.7315966081619263
31759,-0.7178786993026733,89.30660247802734,59.9239387512207,107.33627646309989,0.7178786396980286,0.7171507477760315,0.006954938638955355,0.7076676285266876,0.7082622140645981,0.7097507655620575,0.7125128656625748,0.7171507477760315,0.723079115152359,0.7278388619422913,0.7298043936491012,0.7315966081619263
31850,-0.7181605100631714,89.07166290283203,59.9111442565918,106.83840833391461,0.7181604504585266,0.7174515724182129,0.006939043290913105,0.7076676285266876,0.7082622140645981,0.7099715113639832,0.7131110578775406,0.7174515724182129,0.723405510187149,0.7278388619422913,0.7298842340707778,0.7324435901641846
31941,-0.7182576060295105,88.85531616210938,59.92714309692383,106.33105904715401,0.7182575464248657,0.7174515724182129,0.006889842916280031,0.7076676285266876,0.7093801170587539,0.7104582786560059,0.7131149917840958,0.7174515724182129,0.7235059142112732,0.7278388619422913,0.7298842340707778,0.7324435901641846
32032,-0.7183563113212585,88.6231460571289,59.91061019897461,105.8242427280971,0.7183563709259033,0.717495322227478,0.0068370080552995205,0.7081867849826813,0.7093801170587539,0.7104723513126373,0.7132177650928497,0.717495322227478,0.7235059142112732,0.7278388619422913,0.7298842340707778,0.7324435901641846
32123,-0.7185015678405762,88.4066390991211,59.92266845703125,105.31171090262276,0.7185015678405762,0.717495322227478,0.006807252764701843,0.7081867849826813,0.7094257980585098,0.710479611158371,0.7132727056741714,0.717495322227478,0.7236650735139847,0.7278388619422913,0.7298842340707778,0.7324435901641846
32214,-0.7186414003372192,88.19107818603516,59.93138122558594,104.8025392804827,0.718641459941864,0.7176671028137207,0.006810138002038002,0.7081867849826813,0.7094257980585098,0.7106645166873932,0.7132727056741714,0.7176671028137207,0.7240013778209686,0.7278388619422913,0.7298842340707778,0.7324435901641846
32305,-0.7188204526901245,87.96236419677734,59.926422119140625,104.30035291399274,0.7188205122947693,0.7176671028137207,0.006835847161710262,0.7081867849826813,0.7094257980585098,0.7111660480499268,0.7134247422218323,0.7176671028137207,0.7240013778209686,0.7284189462661743,0.7299447566270828,0.732517056465149
32396,-0.7190326452255249,87.72484588623047,59.92045593261719,103.78744070870536,0.7190326452255249,0.7178063988685608,0.006943199783563614,0.7081867849826813,0.7094257980585098,0.7112256348133087,0.7138891816139221,0.7178063988685608,0.7240013778209686,0.7291529178619385,0.7305902689695358,0.732517056465149
32487,-0.7192309498786926,87.50352478027344,59.9170036315918,103.29220363071987,0.7192308902740479,0.7178298234939575,0.006880138535052538,0.7081867849826813,0.7094257980585098,0.7112256348133087,0.7141520977020264,0.7178298234939575,0.7242415547370911,0.7294247865676879,0.7306218415498733,0.7334962391853332
32578,-0.71933513879776,87.27876281738281,59.9130859375,102.79029519217355,0.7193350791931152,0.7179648280143738,0.006879298947751522,0.7081867849826813,0.709723737835884,0.7112256348133087,0.7141766101121902,0.7179648280143738,0.7242415547370911,0.7294247865676879,0.7306247472763061,0.7334962391853332
32669,-0.7194676995277405,87.03235626220703,59.88850021362305,102.27103424072266,0.7194676995277405,0.7179648280143738,0.006798599846661091,0.7082527327537537,0.710420873761177,0.7118828892707825,0.7141766101121902,0.7179648280143738,0.7242415547370911,0.7294247865676879,0.7306247472763061,0.7334962391853332
32760,-0.719630777835846,86.79805755615234,59.883277893066406,101.75976235525948,0.7196308970451355,0.718291699886322,0.006765431724488735,0.7086464917659759,0.7109013438224793,0.7121426701545716,0.7141766101121902,0.718291699886322,0.7245349138975143,0.7294597864151001,0.7321204304695129,0.7334962391853332
32851,-0.7197502851486206,86.60111999511719,59.900611877441406,101.27611759730748,0.7197502255439758,0.7184176743030548,0.006758281961083412,0.7086464917659759,0.7109013438224793,0.7121426701545716,0.7142066359519958,0.7184176743030548,0.7245349138975143,0.7294597864151001,0.7321204304695129,0.7335517203807831
32942,-0.719903826713562,86.39628601074219,59.90646743774414,100.78496442522321,0.7199037075042725,0.7185661792755127,0.006668323650956154,0.7105325746536255,0.7115429997444153,0.7124467670917511,0.7145242840051651,0.7185661792755127,0.7245349138975143,0.7294597864151001,0.7321204304695129,0.7335517203807831
33033,-0.7200492024421692,86.16920471191406,59.887847900390625,100.29090554373605,0.7200492024421692,0.7188915014266968,0.006677827797830105,0.710597470998764,0.711693412065506,0.7129886627197266,0.7146524637937546,0.7188915014266968,0.7245791107416153,0.7299113750457764,0.7321204304695129,0.7335517203807831
33124,-0.7201830744743347,85.95862579345703,59.89848327636719,99.7961196899414,0.7201830148696899,0.7191425561904907,0.006720262113958597,0.710597470998764,0.711906635761261,0.7130361795425415,0.7146524637937546,0.7191425561904907,0.7245899438858032,0.7301722288131713,0.7325149953365326,0.7335870373249054
33215,-0.7203805446624756,85.74908447265625,59.89497375488281,99.30493818010602,0.7203804850578308,0.7192656099796295,0.006720830220729113,0.710597470998764,0.711906635761261,0.7131627261638641,0.7149118632078171,0.7192656099796295,0.7251051962375641,0.7301722288131713,0.7328765749931335,0.7337342953681946
33306,-0.7205491662025452,85.52326202392578,59.877891540527344,98.81540352957589,0.7205491662025452,0.7192656099796295,0.006729180458933115,0.710597470998764,0.711906635761261,0.7135960996150971,0.7151340246200562,0.7192656099796295,0.7257260382175446,0.7301722288131713,0.7328765749931335,0.7337342953681946
33397,-0.7206422090530396,85.320556640625,59.88628387451172,98.32273537772042,0.7206421494483948,0.7192656099796295,0.006767365615814924,0.710597470998764,0.7121919542551041,0.7135960996150971,0.7151340246200562,0.7192656099796295,0.7257260382175446,0.7305794835090638,0.7328765749931335,0.7337342953681946
33488,-0.7207129001617432,85.12519073486328,59.90739059448242,97.83311026436942,0.7207129001617432,0.7192656099796295,0.006774926092475653,0.7106141149997711,0.7121919542551041,0.7135960996150971,0.7152386903762817,0.7192656099796295,0.7258204221725464,0.7305794835090638,0.7328765749931335,0.7342491042613983
33579,-0.7208102941513062,84.89836120605469,59.88560485839844,97.33697182791573,0.7208102345466614,0.7192656099796295,0.006774708162993193,0.7106141149997711,0.7121919542551041,0.7135960996150971,0.7154248207807541,0.7192656099796295,0.7258204221725464,0.7305794835090638,0.7328765749931335,0.7344124257564545
33670,-0.7209917902946472,84.69828796386719,59.9007682800293,96.83961922781808,0.720991849899292,0.7195598185062408,0.006772574037313461,0.7106141149997711,0.7123614877462388,0.7136613011360169,0.7154752463102341,0.7195598185062408,0.7258204221725464,0.7305794835090638,0.7328765749931335,0.7344124257564545
33761,-0.7211167812347412,84.48326110839844,59.88241195678711,96.3593030657087,0.7211167216300964,0.7195868790149689,0.0067138271406292915,0.7108818197250366,0.7123614877462388,0.7137171864509583,0.7158025205135345,0.7195868790149689,0.7258204221725464,0.7306211113929748,0.7328765749931335,0.7344124257564545
33852,-0.7212975025177002,84.29542541503906,59.90547180175781,95.86969430106026,0.7212975025177002,0.7199826836585999,0.006720273289829493,0.7109574055671692,0.7123664766550064,0.7137171864509583,0.715915322303772,0.7199826836585999,0.7258204221725464,0.7313150763511658,0.733302715420723,0.7344124257564545
33943,-0.7214364409446716,84.08163452148438,59.90031433105469,95.36311340332031,0.7214364409446716,0.7199826836585999,0.006730210967361927,0.7109574055671692,0.7123664766550064,0.7141357481479644,0.7161722034215927,0.7199826836585999,0.7258204221725464,0.731599760055542,0.733302715420723,0.7355421245098114
34034,-0.7216633558273315,83.86852264404297,59.87744140625,94.88951982770648,0.7216633558273315,0.7204719483852386,0.006658062804490328,0.7109667444229126,0.7130326628684998,0.7145828068256378,0.7164482474327087,0.7204719483852386,0.7261618822813034,0.731599760055542,0.733302715420723,0.7355421245098114
34125,-0.7218074798583984,83.69104766845703,59.9013786315918,94.41929190499442,0.7218075394630432,0.7208489775657654,0.006688439287245274,0.7109667444229126,0.7130905896425247,0.7146795809268951,0.7164482474327087,0.7208489775657654,0.7267654538154602,0.7318973779678345,0.7336776405572891,0.7356153500080108
34216,-0.7219094038009644,83.44782257080078,59.86299133300781,93.92137254987445,0.7219094634056091,0.7209231555461884,0.006688773166388273,0.7109667444229126,0.7130905896425247,0.7146795809268951,0.7166285961866379,0.7209231555461884,0.7267654538154602,0.7319213509559631,0.7336776405572891,0.7356153500080108
34307,-0.7220661640167236,83.25096893310547,59.87773132324219,93.42250170026507,0.722066342830658,0.7212312817573547,0.006700863596051931,0.7109667444229126,0.7130905896425247,0.7147835969924927,0.7166591584682465,0.7212312817573547,0.7267654538154602,0.7319213509559631,0.733696672320366,0.7356320798397065
34398,-0.722145140171051,83.04443359375,59.86624526977539,92.94990648542132,0.7221452593803406,0.7212773859500885,0.006685647647827864,0.7109667444229126,0.7130905896425247,0.7147835969924927,0.7170846164226532,0.7212773859500885,0.7267654538154602,0.7319213509559631,0.733696672320366,0.7356320798397065
34489,-0.7222563028335571,82.84342956542969,59.857505798339844,92.46458435058594,0.7222564220428467,0.7212773859500885,0.006770013365894556,0.7109667444229126,0.7130905896425247,0.7147835969924927,0.7171732932329178,0.7212773859500885,0.7267654538154602,0.7325920045375824,0.7347793400287628,0.7360600101947784
34580,-0.722400963306427,82.65809631347656,59.870567321777344,91.97566768101284,0.7224009037017822,0.7212773859500885,0.0068128760904073715,0.7109667444229126,0.7130912125110627,0.7147835969924927,0.7172612845897675,0.7212773859500885,0.7268097549676895,0.7325920045375824,0.7348325103521347,0.7366051745414733
34671,-0.7225701212882996,82.4656982421875,59.878746032714844,91.49995640345982,0.7225700616836548,0.7215434908866882,0.006854349747300148,0.7126216304302215,0.7130912125110627,0.7147835969924927,0.7177107632160187,0.7215434908866882,0.7268097549676895,0.7325920045375824,0.7360683143138885,0.7366051745414733
34762,-0.7227529883384705,82.272705078125,59.876930236816406,91.0309579031808,0.7227528095245361,0.7215434908866882,0.006863602437078953,0.7126216304302215,0.7130912125110627,0.7147835969924927,0.7179289758205414,0.7215434908866882,0.7274435311555862,0.7332083582878113,0.7360683143138885,0.7366051745414733
34853,-0.722804069519043,82.07672119140625,59.8689079284668,90.56188310895648,0.7228039503097534,0.7216731905937195,0.006867104675620794,0.7126327359676361,0.7132078051567078,0.7148710131645203,0.7179289758205414,0.7216731905937195,0.7274435311555862,0.7332083582878113,0.736070665717125,0.7367471742630005
34944,-0.7228783965110779,81.88929748535156,59.869850158691406,90.08861105782645,0.7228783965110779,0.7216731905937195,0.006836713757365942,0.7129955995082855,0.713211578130722,0.715045040845871,0.7179289758205414,0.7216731905937195,0.7274435311555862,0.7332083582878113,0.736070665717125,0.7367471742630005
35035,-0.7229835391044617,81.6917724609375,59.855224609375,89.63506862095424,0.7229835391044617,0.7218288779258728,0.006833321414887905,0.7130117845535279,0.7138165175914765,0.7157336235046386,0.7179289758205414,0.7218288779258728,0.7274435311555862,0.7334173917770386,0.736070665717125,0.7367471742630005
35126,-0.7231127023696899,81.51896667480469,59.863792419433594,89.1780014038086,0.7231127023696899,0.7219526767730713,0.006814001593738794,0.7130456054210663,0.7138165175914765,0.7158203899860383,0.71813103556633,0.7219526767730713,0.7277776300907135,0.7334173917770386,0.736070665717125,0.7373956966400147
35217,-0.7233065366744995,81.32466125488281,59.847808837890625,88.70841653006417,0.7233066558837891,0.7225690186023712,0.00681699113920331,0.7131047189235687,0.7138376951217651,0.7159961938858033,0.71813103556633,0.7225690186023712,0.7277776300907135,0.7334173917770386,0.736070665717125,0.7373956966400147
35308,-0.723522961139679,81.10884094238281,59.808677673339844,88.24838147844586,0.7235229015350342,0.7228053510189056,0.00680620688945055,0.7135149502754211,0.7141649335622787,0.7160757422447205,0.7182374149560928,0.7228053510189056,0.7279666364192963,0.7337726712226867,0.736070665717125,0.7373956966400147
35399,-0.7236903309822083,80.9311294555664,59.819366455078125,87.78086853027344,0.7236903309822083,0.7231558561325073,0.006740248296409845,0.7135149502754211,0.7151510149240494,0.7162109017372131,0.7184846699237823,0.7231558561325073,0.7281221896409988,0.7337934136390686,0.736070665717125,0.7373956966400147
35490,-0.7238855361938477,80.75465393066406,59.821189880371094,87.3267800467355,0.7238856554031372,0.7235288023948669,0.006753162480890751,0.7135149502754211,0.7152098566293716,0.7162760019302368,0.7184846699237823,0.7235288023948669,0.7289567589759827,0.7337934136390686,0.736070665717125,0.7373956966400147
35581,-0.7239715456962585,80.57473754882812,59.82490539550781,86.85990033830915,0.7239715456962585,0.7235288023948669,0.006732910871505737,0.7135149502754211,0.7152098566293716,0.7162760019302368,0.7186219394207001,0.7235288023948669,0.7289567589759827,0.7337934136390686,0.736070665717125,0.7376194751262665
35672,-0.7241187691688538,80.38900756835938,59.81772232055664,86.39855303083148,0.724118709564209,0.7237350642681122,0.006737666670233011,0.7135149502754211,0.7152098566293716,0.7162760019302368,0.7188941687345505,0.7237350642681122,0.7291233390569687,0.7337934136390686,0.736070665717125,0.7376194751262665
35763,-0.7242860198020935,80.201416015625,59.8067741394043,85.945798601423,0.7242860198020935,0.7237350642681122,0.006690466310828924,0.7135429728031158,0.7152098566293716,0.7162760019302368,0.7191817462444305,0.7237350642681122,0.7296348363161087,0.7337934136390686,0.736070665717125,0.7376194751262665
35854,-0.7244393825531006,80.02024841308594,59.81203079223633,85.47246769496373,0.7244393825531006,0.7237350642681122,0.006756755523383617,0.7135429728031158,0.7152098566293716,0.7162760019302368,0.7192867547273636,0.7237350642681122,0.7296348363161087,0.7337934136390686,0.7365444540977478,0.7376194751262665
35945,-0.7245713472366333,79.84825897216797,59.81965255737305,85.0330581665039,0.7245712876319885,0.7240654230117798,0.006739582866430283,0.7149426543712616,0.7152098566293716,0.7162760019302368,0.7192867547273636,0.7240654230117798,0.7296348363161087,0.7337934136390686,0.7365444540977478,0.7376194751262665
36036,-0.7246750593185425,79.67803192138672,59.82898712158203,84.56035723005023,0.7246749997138977,0.7240654230117798,0.006706013809889555,0.7149426543712616,0.7152098566293716,0.7168773531913757,0.7196249216794968,0.7240654230117798,0.7296348363161087,0.7341273128986359,0.7365444540977478,0.7376194751262665
36127,-0.7248337864875793,79.51504516601562,59.85616683959961,84.09338269914899,0.7248339056968689,0.724604994058609,0.006736519280821085,0.7149474251270295,0.7152098566293716,0.7170186519622803,0.7196249216794968,0.724604994058609,0.7299682348966599,0.7341379344463349,0.7367441236972809,0.7376194751262665
36218,-0.7249002456665039,79.31794738769531,59.83521270751953,83.6226087297712,0.7249003052711487,0.7247942090034485,0.006700679659843445,0.7149474251270295,0.7152098566293716,0.7171603143215179,0.7197516858577728,0.7247942090034485,0.7299682348966599,0.7341379344463349,0.7367441236972809,0.7376204395294189
36309,-0.7249730229377747,79.16580200195312,59.85335922241211,83.18331037248883,0.7249729633331299,0.7247942090034485,0.006678933743387461,0.7149474251270295,0.7152098566293716,0.7173567473888397,0.7197553962469101,0.7247942090034485,0.7299977838993073,0.7341379344463349,0.7367441236972809,0.7376204395294189
36400,-0.7251208424568176,78.98426055908203,59.849273681640625,82.718991960798,0.7251209020614624,0.7247942090034485,0.006734367925673723,0.7150110363960266,0.7161080598831177,0.7174389660358429,0.7199753820896149,0.7247942090034485,0.7299977838993073,0.7349585652351379,0.7367517322301864,0.7376204395294189
36491,-0.7252181768417358,78.82797241210938,59.86091613769531,82.29679107666016,0.7252181768417358,0.7247942090034485,0.006693616043776274,0.7150110363960266,0.7161080598831177,0.7174389660358429,0.7201535701751709,0.7247942090034485,0.7299977838993073,0.7349585652351379,0.7369985014200211,0.7376204395294189
36582,-0.7253156304359436,78.65711975097656,59.86288833618164,81.85078866141183,0.7253156900405884,0.7247942090034485,0.0066923233680427074,0.7150110363960266,0.7161080598831177,0.7175231337547302,0.7204373925924301,0.7247942090034485,0.7300123572349548,0.7349585652351379,0.7369985014200211,0.7376838445663452
36673,-0.7254083156585693,78.49044799804688,59.8625602722168,81.40557752336774,0.7254083752632141,0.7248349785804749,0.006655496545135975,0.7150110363960266,0.7161080598831177,0.7177101969718933,0.7204373925924301,0.7248349785804749,0.7300123572349548,0.7349708914756775,0.7369985014200211,0.7376838445663452
36764,-0.7255030870437622,78.32136535644531,59.84653091430664,80.96714237758091,0.725503146648407,0.7248349785804749,0.006645600311458111,0.7150110363960266,0.7161080598831177,0.7178316116333008,0.7204373925924301,0.7248349785804749,0.7300123572349548,0.7350397109985352,0.7370885759592056,0.7376901805400848
36855,-0.7256511449813843,78.14750671386719,59.84901809692383,80.51551600864956,0.7256512641906738,0.7248349785804749,0.0066331131383776665,0.7150241184234619,0.7161191910505295,0.7178316116333008,0.7205282598733902,0.7248349785804749,0.7300123572349548,0.7350536942481994,0.7371212661266326,0.7378803133964539
36946,-0.7256884574890137,78.0308837890625,59.89629364013672,80.08728681291852,0.725688636302948,0.7248349785804749,0.0066472566686570644,0.7150241184234619,0.7161191910505295,0.7178316116333008,0.72055384516716,0.7248349785804749,0.7300123572349548,0.7355847716331482,0.7373587757349014,0.7381321883201599
37037,-0.7257909774780273,77.87248992919922,59.9108772277832,79.63159833635602,0.7257911562919617,0.7248349785804749,0.006586224306374788,0.7150323033332825,0.7163839668035508,0.7185623109340668,0.7207434624433517,0.7248349785804749,0.7300123572349548,0.7365152716636658,0.7373587757349014,0.7381321883201599
37128,-0.7258741855621338,77.74688720703125,59.94926071166992,79.19427926199776,0.7258743047714233,0.72486811876297,0.006545418407768011,0.7152652680873871,0.7163839668035508,0.7185623109340668,0.7209917306900024,0.72486811876297,0.7300123572349548,0.736559247970581,0.7373587757349014,0.7381321883201599
37219,-0.7260057926177979,77.62175750732422,59.9919319152832,78.75026484898159,0.7260058522224426,0.7250782549381256,0.006590156350284815,0.7152652680873871,0.7163839668035508,0.7185623109340668,0.7209917306900024,0.7250782549381256,0.7307630032300949,0.7367826938629151,0.7373587757349014,0.7381321883201599
37310,-0.7261593341827393,77.46624755859375,60.00786590576172,78.27990395682198,0.7261594533920288,0.7251850366592407,0.006692211143672466,0.7155942416191101,0.7163839668035508,0.7186065018177032,0.7209917306900024,0.7251850366592407,0.7308688759803772,0.7368183851242065,0.7378753185272217,0.7387875938415527
37401,-0.7262188792228699,77.27739715576172,59.98966598510742,77.82763126918248,0.7262189388275146,0.7254803478717804,0.006681231316179037,0.7155942416191101,0.7163839668035508,0.7186282694339752,0.7210668623447418,0.7254803478717804,0.7309790551662445,0.7368183851242065,0.7378753185272217,0.7387875938415527
37492,-0.7262823581695557,77.10314178466797,59.97014617919922,77.37265886579242,0.7262824177742004,0.7256704568862915,0.006646029185503721,0.7159350204467774,0.7173742979764939,0.7186282694339752,0.7210668623447418,0.7256704568862915,0.7309790551662445,0.7368183851242065,0.7378753185272217,0.7387875938415527
37583,-0.7264479398727417,76.94256591796875,59.977657318115234,76.90171922956195,0.7264480590820312,0.7258155941963196,0.006705456878989935,0.7159350204467774,0.7173742979764939,0.7186282694339752,0.7210668623447418,0.7258155941963196,0.7311574667692184,0.7371156573295593,0.7386200487613678,0.7389385318756103
37674,-0.7265228033065796,76.802978515625,60.006446838378906,76.46340942382812,0.7265229821205139,0.7259464263916016,0.006698342971503735,0.7159350204467774,0.7173794567584991,0.7186282694339752,0.7213686853647232,0.7259464263916016,0.7311574667692184,0.7371171534061431,0.7386200487613678,0.7389385318756103
37765,-0.7267359495162964,76.66741943359375,60.02078628540039,76.03751700265067,0.7267360687255859,0.726141482591629,0.00680508092045784,0.7159350204467774,0.7173794567584991,0.7186282694339752,0.7216734290122986,0.726141482591629,0.7319167107343674,0.7371171534061431,0.7386200487613678,0.739216400384903
37856,-0.7268261313438416,76.51795959472656,60.032745361328125,75.60464041573661,0.7268261909484863,0.7261759638786316,0.006826117634773254,0.7159350204467774,0.71738241314888,0.7186282694339752,0.7216734290122986,0.7261759638786316,0.7319732904434204,0.7372868001461029,0.7386200487613678,0.739216400384903
37947,-0.7269287109375,76.35566711425781,60.02787780761719,75.15971374511719,0.7269287109375,0.7262778878211975,0.006830757483839989,0.716248345375061,0.71738241314888,0.718708735704422,0.7219713777303696,0.7262778878211975,0.7319732904434204,0.7376657664775849,0.7387260615825653,0.739216400384903
38038,-0.7269936203956604,76.21044158935547,60.034889221191406,74.75982012067523,0.72699373960495,0.7263853251934052,0.006825975142419338,0.716248345375061,0.71738241314888,0.718708735704422,0.7221298962831497,0.7263853251934052,0.7319732904434204,0.7376657664775849,0.7387423694133759,0.739216400384903
38129,-0.7270494699478149,76.04693603515625,60.0310173034668,74.32040841238839,0.7270495891571045,0.7263853251934052,0.006812025792896748,0.716248345375061,0.71738241314888,0.7188697338104248,0.7221298962831497,0.7263853251934052,0.7319732904434204,0.7376657664775849,0.7387423694133759,0.739216400384903
38220,-0.7271089553833008,75.93604278564453,60.067138671875,73.88525063650948,0.7271090745925903,0.7263853251934052,0.006780216004699469,0.7165442633628846,0.7174005508422852,0.7188841044902802,0.722220242023468,0.7263853251934052,0.7319732904434204,0.7376657664775849,0.7388617277145386,0.7392550694942475
38311,-0.7271860241889954,75.79479217529297,60.073604583740234,73.45097133091518,0.7271860241889954,0.7263853251934052,0.006838636472821236,0.7165442633628846,0.7175436675548553,0.718934828042984,0.722220242023468,0.7263853251934052,0.7320762127637863,0.7376657664775849,0.7388620167970658,0.7404267704486847
38402,-0.7272679209709167,75.68279266357422,60.11175537109375,73.02852848597935,0.7272679805755615,0.7264442145824432,0.006888642907142639,0.7165442633628846,0.7175436675548553,0.719194519519806,0.722220242023468,0.7264442145824432,0.7320762127637863,0.7376657664775849,0.7392379432916641,0.7404267704486847
38493,-0.7273619174957275,75.56285095214844,60.14555358886719,72.60512215750558,0.7273619771003723,0.7265669405460358,0.006885433569550514,0.7165442633628846,0.7175436675548553,0.7192608714103699,0.7223816514015198,0.7265669405460358,0.7320762127637863,0.7378610491752624,0.7393635749816895,0.7404267704486847
38584,-0.7274094223976135,75.39430236816406,60.140045166015625,72.14334542410714,0.7274095416069031,0.7266059517860413,0.0068671852350234985,0.7165442633628846,0.7175436675548553,0.7192610144615174,0.7223816514015198,0.7266059517860413,0.7320762127637863,0.7378610491752624,0.7393635749816895,0.7404267704486847
38675,-0.7275570631027222,75.27658081054688,60.172340393066406,71.70837293352399,0.7275571227073669,0.7268192768096924,0.00689973309636116,0.7165442633628846,0.7175436675548553,0.7192610144615174,0.7223816514015198,0.7268192768096924,0.7323620319366455,0.7378943562507629,0.7394596099853515,0.7416145312786102
38766,-0.7276251316070557,75.14278411865234,60.20581817626953,71.25729588099888,0.7276251912117004,0.7268965840339661,0.006875433959066868,0.7165442633628846,0.7184112668037415,0.7196251630783081,0.7223816514015198,0.7268965840339661,0.7323620319366455,0.7378943562507629,0.7394596099853515,0.7416145312786102
38857,-0.7277454733848572,74.9832992553711,60.18397903442383,70.83138820103237,0.7277455925941467,0.7270499467849731,0.006849559023976326,0.7165442633628846,0.7184112668037415,0.7196251630783081,0.7225020080804825,0.7270499467849731,0.7325126379728317,0.7382110714912414,0.7394678890705109,0.7416145312786102
38948,-0.7278239130973816,74.85995483398438,60.2050895690918,70.42461286272321,0.7278240323066711,0.7270678877830505,0.0068387724459171295,0.7165442633628846,0.7184199869632721,0.7196251630783081,0.7226208746433258,0.7270678877830505,0.7325126379728317,0.7382110714912414,0.7394678890705109,0.7416145312786102
39039,-0.7279422879219055,74.72594451904297,60.219505310058594,69.99475860595703,0.7279422879219055,0.7273969650268555,0.006843340117484331,0.7165442633628846,0.7184199869632721,0.7197268426418304,0.7226757407188416,0.7273969650268555,0.7325126379728317,0.7382565259933471,0.7395034432411194,0.7416145312786102
39130,-0.7280191779136658,74.62416076660156,60.24948501586914,69.57684217180524,0.7280191779136658,0.7273969650268555,0.006806978955864906,0.7165442633628846,0.7184199869632721,0.7197938024997711,0.7226757407188416,0.7273969650268555,0.7325126379728317,0.7382908344268799,0.7395034432411194,0.7416145312786102
39221,-0.728113055229187,74.51644897460938,60.294795989990234,69.14739009312221,0.7281131148338318,0.727556973695755,0.00681418227031827,0.7168720746040345,0.7184331119060516,0.7198554158210755,0.7227949500083923,0.727556973695755,0.7328384816646576,0.7382908344268799,0.7396705418825149,0.7416145312786102
39312,-0.7281701564788818,74.38340759277344,60.31088638305664,68.70940290178571,0.7281701564788818,0.7276045083999634,0.006774276494979858,0.7168720746040345,0.7185297310352325,0.7199172496795654,0.7227949500083923,0.7276045083999634,0.7328384816646576,0.7382908344268799,0.7396705418825149,0.7416145312786102
39403,-0.7283227443695068,74.277099609375,60.34580993652344,68.29481288364956,0.7283227443695068,0.7276045083999634,0.006744254846125841,0.71689857006073,0.7192688077688217,0.7199172496795654,0.7228491753339767,0.7276045083999634,0.7328384816646576,0.7382908344268799,0.7405100673437118,0.7416145312786102
39494,-0.7284142971038818,74.14928436279297,60.359249114990234,67.8530752999442,0.7284142971038818,0.727685809135437,0.006741407327353954,0.71689857006073,0.7192786753177642,0.7201976835727691,0.7228491753339767,0.727685809135437,0.7328384816646576,0.7382908344268799,0.7405119717121125,0.7416145312786102
39585,-0.7285178899765015,74.04920196533203,60.40742492675781,67.41830444335938,0.7285178303718567,0.727685809135437,0.006726990453898907,0.7174866092205048,0.7192786753177642,0.7201976835727691,0.7232740968465805,0.727685809135437,0.7328384816646576,0.738730400800705,0.7405119717121125,0.7416145312786102
39676,-0.7285791635513306,73.9515380859375,60.442848205566406,67.02113451276507,0.7285792827606201,0.727685809135437,0.006739753298461437,0.7174866092205048,0.7193013519048691,0.7202069699764252,0.7232740968465805,0.727685809135437,0.733190044760704,0.738730400800705,0.7405119717121125,0.7416145312786102
39767,-0.7287135720252991,73.76240539550781,60.41230773925781,66.56989397321429,0.7287136912345886,0.727685809135437,0.0067343516275286674,0.7186888229846954,0.7195818334817886,0.7202069699764252,0.7233847677707672,0.727685809135437,0.7332256436347961,0.7387563049793243,0.7405119717121125,0.7416145312786102
39858,-0.7287498116493225,73.6670150756836,60.4478759765625,66.17081614903041,0.7287498712539673,0.7276932299137115,0.0067360056564211845,0.7186888229846954,0.7195818334817886,0.7202069699764252,0.7233847677707672,0.7276932299137115,0.7332361042499542,0.7388575315475464,0.7405119717121125,0.7416145312786102
39949,-0.7288614511489868,73.51757049560547,60.44880676269531,65.71777670724052,0.7288616299629211,0.7277831435203552,0.006734036840498447,0.7186888229846954,0.7196964919567108,0.7203088760375976,0.7237230837345123,0.7277831435203552,0.733242928981781,0.7388766586780549,0.7405119717121125,0.7416145312786102
40040,-0.7289167046546936,73.37887573242188,60.45646667480469,65.28283037458148,0.7289167642593384,0.7277831435203552,0.006716164294630289,0.7187018132209778,0.7197526723146439,0.7206188082695008,0.7237230837345123,0.7277831435203552,0.7336058616638184,0.7388922810554505,0.7406504124402999,0.7416145312786102
40131,-0.7290207743644714,73.22631072998047,60.44306945800781,64.82996858869281,0.7290207743644714,0.727919727563858,0.006757844239473343,0.7187018132209778,0.7200187504291534,0.7206383347511292,0.7237603962421417,0.727919727563858,0.7338148206472397,0.7389499485492707,0.7406547874212265,0.7420139229297638
40222,-0.7290875315666199,73.07303619384766,60.4271354675293,64.3922756740025,0.7290875315666199,0.7282397150993347,0.006717248819768429,0.7187018132209778,0.7200187504291534,0.7206383347511292,0.7237603962421417,0.7282397150993347,0.7338148206472397,0.7389499485492707,0.7407334953546524,0.7420139229297638
40313,-0.7291514277458191,72.97430419921875,60.453758239746094,63.988809313092915,0.7291515469551086,0.7282620668411255,0.006686817388981581,0.7192871654033661,0.7200317144393921,0.7206504702568054,0.7239346504211426,0.7282620668411255,0.7338148206472397,0.7389499485492707,0.7407334953546524,0.7420139229297638
40404,-0.729198157787323,72.85931396484375,60.47041320800781,63.5839832850865,0.7291982173919678,0.7282620668411255,0.006665229331701994,0.7192871654033661,0.7204428076744079,0.7210921704769134,0.7239577323198318,0.7282620668411255,0.7338286191225052,0.7389499485492707,0.7407334953546524,0.7420139229297638
40495,-0.7292757034301758,72.75155639648438,60.497188568115234,63.15716062273298,0.7292758226394653,0.7282782793045044,0.00666894530877471,0.7196550476551056,0.7204428076744079,0.7210921704769134,0.7239577323198318,0.7282782793045044,0.7338363379240036,0.7389499485492707,0.7411752253770828,0.7420139229297638
40586,-0.7293587923049927,72.67758178710938,60.563941955566406,62.74153682163784,0.7293587327003479,0.7285129725933075,0.006644811015576124,0.7196550476551056,0.7204428076744079,0.7210921704769134,0.724139854311943,0.7285129725933075,0.7338363379240036,0.7390730082988739,0.7413429886102676,0.7420139229297638
40677,-0.7294532060623169,72.5645980834961,60.59037399291992,62.326463426862446,0.7294532656669617,0.7288857102394104,0.0066442061215639114,0.7196550476551056,0.7204522013664245,0.721118301153183,0.7244841307401657,0.7288857102394104,0.7340119183063507,0.7391727805137634,0.7413429886102676,0.7420139229297638
40768,-0.729549765586853,72.51513671875,60.6815185546875,61.90719495500837,0.729549765586853,0.7291831970214844,0.006616273429244757,0.7196550476551056,0.7204522013664245,0.721118301153183,0.72478948533535,0.7291831970214844,0.7340205013751984,0.7391727805137634,0.7413429886102676,0.7420139229297638
40859,-0.7296360731124878,72.39954376220703,60.70207977294922,61.48896735055106,0.729636013507843,0.7291831970214844,0.006609888281673193,0.7196550476551056,0.7204522013664245,0.7213738262653351,0.725130558013916,0.7291831970214844,0.7341330051422119,0.7391727805137634,0.7415870070457459,0.7421649539470673
40950,-0.7297167778015137,72.27538299560547,60.711055755615234,61.02769960675921,0.7297167181968689,0.7292710840702057,0.006640518084168434,0.7196550476551056,0.7204522013664245,0.7217084467411041,0.725130558013916,0.7292710840702057,0.7341330051422119,0.7391727805137634,0.7415870070457459,0.7422488343715667
41041,-0.7297786474227905,72.21626281738281,60.78310012817383,60.603204999651226,0.7297785878181458,0.7293815314769745,0.0066399541683495045,0.7196550476551056,0.7204522013664245,0.7217827916145325,0.725130558013916,0.7293815314769745,0.7345466911792755,0.7391727805137634,0.7415870070457459,0.7428849470615387
41132,-0.7298503518104553,72.11249542236328,60.823097229003906,60.151801518031526,0.7298502922058105,0.7294045984745026,0.006619914434850216,0.7196550476551056,0.7206126302480698,0.7218320488929748,0.725130558013916,0.7294045984745026,0.7345466911792755,0.7391727805137634,0.7416161119937896,0.7428849470615387
41223,-0.7299483418464661,71.98430633544922,60.828880310058594,59.704189845493865,0.7299482822418213,0.7294222116470337,0.006603314075618982,0.7196868300437927,0.7206858456134796,0.7218722879886628,0.725130558013916,0.7294222116470337,0.7348978221416473,0.739180737733841,0.7416363269090652,0.7428849470615387
41314,-0.7300277352333069,71.86105346679688,60.84306335449219,59.27900913783482,0.7300277948379517,0.7294222116470337,0.006567677948623896,0.7196868300437927,0.7211069613695145,0.7220120310783387,0.725130558013916,0.7294222116470337,0.7348978221416473,0.739180737733841,0.7416376620531082,0.7430071949958801
41405,-0.7301175594329834,71.73479461669922,60.84591293334961,58.830850328717915,0.7301174998283386,0.7294222116470337,0.006552216596901417,0.7204293704032898,0.721124243736267,0.7220120310783387,0.7252017557621002,0.7294222116470337,0.7348978221416473,0.7392174303531647,0.7416376620531082,0.7430071949958801
41496,-0.7301548719406128,71.62191772460938,60.855865478515625,58.42222595214844,0.7301547527313232,0.7294222116470337,0.0065685175359249115,0.7204293704032898,0.721124243736267,0.7220120310783387,0.7252017557621002,0.7294222116470337,0.7348978221416473,0.7392174303531647,0.7417814761400223,0.7430162549018859
41587,-0.7302263975143433,71.48978424072266,60.857200622558594,57.983136313302175,0.730226457118988,0.7294300496578217,0.00658872677013278,0.7204293704032898,0.721124243736267,0.7220120310783387,0.7252896875143051,0.7294300496578217,0.7350182086229324,0.7392793297767639,0.7417814761400223,0.7430182361602783
41678,-0.7302766442298889,71.4288101196289,60.923004150390625,57.5815064566476,0.7302766442298889,0.7294838428497314,0.006603723391890526,0.7204293704032898,0.721124243736267,0.7221305847167969,0.7252896875143051,0.7294838428497314,0.7350182086229324,0.7393198311328888,0.7417814761400223,0.7430182361602783
41769,-0.7303047180175781,71.33049774169922,60.9509391784668,57.12726647513254,0.7303046584129333,0.7294897735118866,0.006608886178582907,0.7204293704032898,0.721124243736267,0.7221545338630676,0.7252896875143051,0.7294897735118866,0.7350182086229324,0.7393198311328888,0.7417814761400223,0.7430217862129211
41860,-0.7303335666656494,71.24645233154297,60.99794387817383,56.6874989100865,0.7303333878517151,0.7294897735118866,0.0066055115312337875,0.720613077878952,0.721124243736267,0.7221545338630676,0.7252896875143051,0.7294897735118866,0.7350182086229324,0.7393198311328888,0.7417814761400223,0.7430217862129211
41951,-0.7304219007492065,71.15609741210938,61.03464126586914,56.27605983189174,0.7304219603538513,0.729515939950943,0.006615846883505583,0.720613077878952,0.721134266257286,0.7221545338630676,0.7253388613462448,0.729515939950943,0.7351725995540619,0.7393198311328888,0.741848960518837,0.7430346417427063
42042,-0.7304672598838806,71.05567932128906,61.066192626953125,55.85145568847656,0.7304672002792358,0.729515939950943,0.006627902388572693,0.720613077878952,0.7215409994125366,0.7223231673240662,0.7253388613462448,0.729515939950943,0.7355822622776031,0.7394029676914216,0.741848960518837,0.7430346417427063
42133,-0.7305519580841064,70.96691131591797,61.105831146240234,55.42591094970703,0.7305519580841064,0.7296674847602844,0.006586755160242319,0.7207061874866486,0.7215583860874176,0.7223487019538879,0.7254103869199753,0.7296674847602844,0.7355822622776031,0.739686906337738,0.741848960518837,0.7430346417427063
42224,-0.7306389212608337,70.86180877685547,61.121334075927734,55.01571764264788,0.7306389808654785,0.7296674847602844,0.00660116458311677,0.7207681047916412,0.7215589255094528,0.7223487019538879,0.7254103869199753,0.7296674847602844,0.7356152236461639,0.739686906337738,0.7420655608177185,0.7430346417427063
42315,-0.7307235598564148,70.75929260253906,61.13871765136719,54.600673130580354,0.7307235598564148,0.7299173176288605,0.006565777584910393,0.7207681047916412,0.7217122882604599,0.7223672568798065,0.7254103869199753,0.7299173176288605,0.7356152236461639,0.739686906337738,0.7420655608177185,0.7430346417427063
42406,-0.7307636737823486,70.6733627319336,61.17319107055664,54.185528891427175,0.7307636737823486,0.7300440073013306,0.006571272853761911,0.7207681047916412,0.7217160940170289,0.7223672568798065,0.7254103869199753,0.7300440073013306,0.7356152236461639,0.739686906337738,0.7420655608177185,0.7430346417427063
42497,-0.73087078332901,70.60429382324219,61.22736740112305,53.76688276018415,0.7308708429336548,0.7300440073013306,0.006610818672925234,0.7207741606235504,0.7217160940170289,0.7224489212036133,0.7254103869199753,0.7300440073013306,0.7356152236461639,0.7400330185890198,0.7420678824186325,0.7430346417427063
42588,-0.7309352159500122,70.46058654785156,61.209503173828125,53.31698390415737,0.7309350371360779,0.7300440073013306,0.006615265738219023,0.7207741606235504,0.7221066892147064,0.7224489212036133,0.7254103869199753,0.7300440073013306,0.7356152236461639,0.7400330185890198,0.7424261212348938,0.7436209869384766
42679,-0.7309912443161011,70.30615997314453,61.175804138183594,52.87809262956892,0.7309913039207458,0.730078250169754,0.0066044023260474205,0.7213063573837281,0.7221066892147064,0.7226150512695313,0.7254103869199753,0.730078250169754,0.7356353402137756,0.7400330185890198,0.7424261212348938,0.7436212706565857
42770,-0.7311065793037415,70.23321533203125,61.21818542480469,52.46009336199079,0.7311065196990967,0.730078250169754,0.006558977533131838,0.7213063573837281,0.7221613943576812,0.7231445193290711,0.7256283760070801,0.730078250169754,0.7358590811491013,0.7400330185890198,0.7424261212348938,0.7436212706565857
42861,-0.7311897873878479,70.14258575439453,61.24236297607422,52.034084865025115,0.7311897873878479,0.7301553189754486,0.006560498382896185,0.721319625377655,0.7222383081912994,0.7232147336006165,0.7256822884082794,0.7301553189754486,0.7358590811491013,0.7400330185890198,0.7424417793750763,0.7436509394645691
42952,-0.7312496304512024,70.03129577636719,61.23844909667969,51.64158630371094,0.7312496304512024,0.7302146255970001,0.006576367653906345,0.721319625377655,0.7222383081912994,0.7233576714992523,0.7256822884082794,0.7302146255970001,0.7365010231733322,0.7400330185890198,0.7427130669355393,0.7436509394645691
43043,-0.7312971949577332,69.92213439941406,61.2458610534668,51.20170702253069,0.7312972545623779,0.7302146255970001,0.006567560136318207,0.7219290435314178,0.7222383081912994,0.7233576714992523,0.7256822884082794,0.7302146255970001,0.7365010231733322,0.740116274356842,0.7427130669355393,0.7436509394645691
43134,-0.7313316464424133,69.8357925415039,61.279361724853516,50.77898406982422,0.7313317060470581,0.7305002212524414,0.006567246746271849,0.7219443917274475,0.7222383081912994,0.7233576714992523,0.7256822884082794,0.7305002212524414,0.7365010231733322,0.7404679656028748,0.7427130669355393,0.7436509394645691
43225,-0.7313557267189026,69.74386596679688,61.30771255493164,50.35499899727957,0.7313556671142578,0.7305002212524414,0.006566652096807957,0.7219443917274475,0.7222383081912994,0.7233595490455628,0.7257096618413925,0.7305002212524414,0.7365513890981674,0.7406941294670105,0.7427159011363983,0.7436509394645691
43316,-0.7314245700836182,69.69670104980469,61.372802734375,49.96084540230887,0.7314245104789734,0.7305230498313904,0.006585064809769392,0.7219443917274475,0.7222383081912994,0.7233595490455628,0.7257116883993149,0.7305230498313904,0.7365513890981674,0.7406941294670105,0.742952686548233,0.7439076042175293
43407,-0.7314644455909729,69.60403442382812,61.39655685424805,49.513414655412944,0.7314644455909729,0.7305230498313904,0.006590804550796747,0.7219443917274475,0.7222383081912994,0.7233595490455628,0.7258052676916122,0.7305230498313904,0.7365513890981674,0.7406941294670105,0.742952686548233,0.7439076042175293
43498,-0.7315128445625305,69.50944519042969,61.416114807128906,49.09558704921177,0.7315128445625305,0.7310430705547333,0.0065971193835139275,0.7219443917274475,0.7222383081912994,0.7235144972801208,0.7258162945508957,0.7310430705547333,0.7365513890981674,0.7406941294670105,0.742952686548233,0.7439076042175293
43589,-0.7315496802330017,69.39745330810547,61.419307708740234,48.660955156598774,0.7315497398376465,0.7310430705547333,0.006601154338568449,0.7219443917274475,0.7222383081912994,0.7235144972801208,0.7259257882833481,0.7310430705547333,0.7365513890981674,0.7406941294670105,0.742952686548233,0.7439076042175293
43680,-0.7316041588783264,69.33761596679688,61.46833801269531,48.23085566929409,0.7316041588783264,0.7312479913234711,0.006599048152565956,0.7219443917274475,0.7222383081912994,0.7235144972801208,0.7259257882833481,0.7312479913234711,0.7365513890981674,0.7406941294670105,0.742952686548233,0.7439076042175293
43771,-0.7316842675209045,69.25321960449219,61.49856948852539,47.82845251900809,0.7316843271255493,0.7312479913234711,0.006563115399330854,0.7219500935077667,0.7226085007190705,0.7235250174999237,0.7262277007102966,0.7312479913234711,0.7365513890981674,0.7406941294670105,0.742952686548233,0.7439076042175293
43862,-0.7317262887954712,69.1716537475586,61.532371520996094,47.396436418805806,0.7317264080047607,0.7312479913234711,0.006604503374546766,0.7219500935077667,0.7226085007190705,0.7235250174999237,0.7262277007102966,0.7312479913234711,0.7365513890981674,0.7412385821342469,0.742952686548233,0.7447871804237366
43953,-0.731806755065918,69.13286590576172,61.605709075927734,46.96079799107143,0.7318068742752075,0.7312479913234711,0.00663728779181838,0.7219531297683716,0.7226085007190705,0.7239150762557983,0.7262281626462936,0.7312479913234711,0.7367966920137405,0.7412385821342469,0.7430248647928238,0.7450064325332642
44044,-0.7318481206893921,69.07894897460938,61.66448211669922,46.56515557425363,0.7318481206893921,0.7312479913234711,0.00665090000256896,0.7219531297683716,0.7226085007190705,0.7239150762557983,0.7264459282159805,0.7312479913234711,0.7367966920137405,0.7412585854530335,0.7430248647928238,0.7450064325332642
44135,-0.7319227457046509,69.0271224975586,61.722877502441406,46.16189793178013,0.7319228649139404,0.731364905834198,0.0066388859413564205,0.7221371877193451,0.7226154804229736,0.7240996181964874,0.7265830188989639,0.731364905834198,0.7368063777685165,0.7412601113319397,0.7431082457304001,0.7451419496536255
44226,-0.7319523692131042,68.92045593261719,61.727073669433594,45.703336988176616,0.7319523692131042,0.731364905834198,0.006623259745538235,0.7221379518508911,0.7226893723011016,0.7240996181964874,0.7265830188989639,0.731364905834198,0.7368063777685165,0.7412601113319397,0.7431086957454681,0.7451419496536255
44317,-0.7319719791412354,68.89188385009766,61.813804626464844,45.28204182216099,0.7319719791412354,0.7313956916332245,0.006634006276726723,0.7221379518508911,0.7227917492389679,0.7240996181964874,0.7265830188989639,0.7313956916332245,0.7368063777685165,0.7412601113319397,0.7431086957454681,0.7451419496536255
44408,-0.7320167422294617,68.81244659423828,61.85382080078125,44.81808689662388,0.7320167422294617,0.7314428687095642,0.006666385103017092,0.7221379518508911,0.7227917492389679,0.7240996181964874,0.7265830188989639,0.7314428687095642,0.7368063777685165,0.7412601113319397,0.7436246663331986,0.7451419496536255
44499,-0.7320449948310852,68.7404556274414,61.89926528930664,44.36155755179269,0.7320449352264404,0.7314428687095642,0.006660220678895712,0.7221412134170532,0.7227962523698807,0.7240996181964874,0.7265830188989639,0.7314428687095642,0.7370638847351074,0.7412601113319397,0.7436246663331986,0.7451521134376525
44590,-0.7321067452430725,68.7389144897461,61.9981803894043,43.95284761701311,0.7321066856384277,0.7314428687095642,0.0066301957704126835,0.7221412134170532,0.7231169044971466,0.7240996181964874,0.7266372442245483,0.7314428687095642,0.7370638847351074,0.7412601113319397,0.7436246663331986,0.745635302066803
44681,-0.732175350189209,68.629638671875,61.99250411987305,43.495923723493306,0.7321754693984985,0.7314428687095642,0.006659887731075287,0.7221412134170532,0.7231169044971466,0.7240996181964874,0.7266372442245483,0.7314428687095642,0.7370638847351074,0.7412601113319397,0.7436311990022659,0.745635302066803
44772,-0.732220470905304,68.50326538085938,61.97021484375,43.04876436505999,0.732220470905304,0.7314569056034088,0.006665105931460857,0.7221475291252136,0.7231229066848754,0.7240996181964874,0.7266372442245483,0.7314569056034088,0.7371461391448975,0.7412601113319397,0.74413303732872,0.745635302066803
44863,-0.7323052287101746,68.44786071777344,62.02326583862305,42.606105259486604,0.7323052883148193,0.7314569056034088,0.0066656009294092655,0.7221475291252136,0.7231285691261291,0.7241142570972443,0.7268793284893036,0.7314569056034088,0.7371461391448975,0.7412601113319397,0.74413303732872,0.7456427335739135
44954,-0.7323322296142578,68.3774185180664,62.050636291503906,42.1948356628418,0.7323322892189026,0.7314569056034088,0.0066595664247870445,0.7225397109985352,0.7231433629989624,0.7241142570972443,0.7268793284893036,0.7314569056034088,0.7371461391448975,0.7412601113319397,0.74413303732872,0.7456427335739135
45045,-0.7324174046516418,68.36801147460938,62.15827560424805,41.734540121895925,0.7324174642562866,0.7314983010292053,0.006633494049310684,0.7225512301921845,0.7232471436262131,0.7241142570972443,0.7271917760372162,0.7314983010292053,0.7372785359621048,0.7413807034492492,0.74413303732872,0.7456427335739135
45136,-0.7324790954589844,68.30452728271484,62.20589828491211,41.29011590140207,0.7324790954589844,0.7314983010292053,0.006616044323891401,0.7231436502933503,0.7235046982765198,0.7241142570972443,0.7271917760372162,0.7314983010292053,0.7372785359621048,0.7414592921733856,0.7445041179656983,0.7457485771179199
45227,-0.7325037121772766,68.25297546386719,62.2560920715332,40.868241446358816,0.7325037121772766,0.7316451370716095,0.006610951852053404,0.7232569861412048,0.7235046982765198,0.7243453979492187,0.7272082716226578,0.7316451370716095,0.7372785359621048,0.7414592921733856,0.7445041179656983,0.746092802286148
45318,-0.7325472831726074,68.24198150634766,62.34218215942383,40.4479604448591,0.7325472831726074,0.7316451370716095,0.006611284799873829,0.7232569861412048,0.7235046982765198,0.724814647436142,0.7272082716226578,0.7316451370716095,0.7372785359621048,0.7414592921733856,0.7445041179656983,0.7463161134719849
45409,-0.7326042056083679,68.20096588134766,62.407859802246094,39.99230194091797,0.7326042056083679,0.7316451370716095,0.006599515210837126,0.7234004521369934,0.7236259520053864,0.724814647436142,0.7272082716226578,0.7316451370716095,0.7372785359621048,0.7414592921733856,0.744619557261467,0.7463161134719849
45500,-0.7326707243919373,68.15876007080078,62.468326568603516,39.526995522635325,0.7326708436012268,0.7316451370716095,0.00661859754472971,0.7235735821723938,0.7238777607679368,0.724814647436142,0.7273142635822296,0.7316451370716095,0.7373709678649902,0.7414592921733856,0.744619557261467,0.7467330884933472
45591,-0.7327255010604858,68.13438415527344,62.56068801879883,39.04340199061802,0.7327254414558411,0.7320406436920166,0.006622145418077707,0.7235735821723938,0.7238777607679368,0.724814647436142,0.7273142635822296,0.7320406436920166,0.7373709678649902,0.7415342330932617,0.744619557261467,0.7467330884933472
45682,-0.7327802777290344,68.0784683227539,62.6081428527832,38.583666120256694,0.7327802181243896,0.7320406436920166,0.006637589540332556,0.7235735821723938,0.7239192098379135,0.724814647436142,0.7273142635822296,0.7320406436920166,0.73758465051651,0.7415342330932617,0.744619557261467,0.7467488372325897
45773,-0.7328271865844727,68.02428436279297,62.646026611328125,38.14727619716099,0.7328271269798279,0.7320456802845001,0.006685352418571711,0.7235735821723938,0.7239192098379135,0.724814647436142,0.7273142635822296,0.7320456802845001,0.7379439026117325,0.7415342330932617,0.7450760185718537,0.7467488372325897
45864,-0.7328891754150391,67.94223022460938,62.67149353027344,37.62215641566685,0.7328891158103943,0.7320456802845001,0.006677481345832348,0.7235735821723938,0.7239192098379135,0.724814647436142,0.7275519073009491,0.7320456802845001,0.7379439026117325,0.7415342330932617,0.7450760185718537,0.7467488372325897
45955,-0.7329440116882324,67.92095947265625,62.75187301635742,37.138699122837615,0.7329439520835876,0.7323834598064423,0.006695312913507223,0.7235735821723938,0.7239192098379135,0.724814647436142,0.7275519073009491,0.7323834598064423,0.7379439026117325,0.7415342330932617,0.7450760185718537,0.7467656958103179
46046,-0.7329682111740112,67.96614074707031,62.899635314941406,36.736754826136995,0.7329681515693665,0.7323834598064423,0.006704524625092745,0.7235735821723938,0.7239192098379135,0.724814647436142,0.7275519073009491,0.7323834598064423,0.7379439026117325,0.7415342330932617,0.7453059703111649,0.7467656958103179
46137,-0.7330000996589661,67.9744873046875,63.010684967041016,36.26700919015067,0.7330000996589661,0.7323834598064423,0.006702810060232878,0.7235735821723938,0.7239192098379135,0.7251318991184235,0.7275519073009491,0.7323834598064423,0.737983912229538,0.7415795147418975,0.7453212469816208,0.7467656958103179
46228,-0.7330362796783447,67.95148468017578,63.079078674316406,35.807760511125835,0.7330362200737,0.7323834598064423,0.006689486559480429,0.7235735821723938,0.7240185856819152,0.7251318991184235,0.7275519073009491,0.7323834598064423,0.737983912229538,0.7416036009788514,0.7453212469816208,0.7467656958103179
46319,-0.7330857515335083,68.00292205810547,63.23273849487305,35.405998774937224,0.7330858111381531,0.7323834598064423,0.006693530362099409,0.723627564907074,0.7240717798471451,0.7251318991184235,0.7277421206235886,0.7323834598064423,0.7380304038524628,0.7417869806289673,0.7453212469816208,0.7467656958103179
46410,-0.7331100106239319,67.99134063720703,63.3229866027832,35.00861195155552,0.7331100702285767,0.7323838472366333,0.006694612558931112,0.723627564907074,0.7240717798471451,0.7251440465450287,0.7277421206235886,0.7323838472366333,0.7380304038524628,0.7417869806289673,0.7453212469816208,0.7467656958103179
46501,-0.7331341505050659,67.97006225585938,63.40605545043945,34.540867941720144,0.7331341505050659,0.7323838472366333,0.0066826725378632545,0.723627564907074,0.7240717798471451,0.7251481890678406,0.7277421206235886,0.7323838472366333,0.7380304038524628,0.7417869806289673,0.7453212469816208,0.7467656958103179
46592,-0.7331623435020447,67.95375061035156,63.4892692565918,34.06452941894531,0.7331624627113342,0.7323838472366333,0.006682314444333315,0.723627564907074,0.7240717798471451,0.7252139210700989,0.7277421206235886,0.7323838472366333,0.7380304038524628,0.741803538799286,0.7453212469816208,0.7467656958103179
46683,-0.7332395911216736,67.90848541259766,63.546119689941406,33.53832844325474,0.7332395911216736,0.7324733138084412,0.00673265103250742,0.723627564907074,0.7241691887378693,0.7252139210700989,0.7279279083013535,0.7324733138084412,0.7380304038524628,0.7420885980129243,0.7453244745731353,0.7470188558101654
46774,-0.7332956790924072,67.88397979736328,63.618431091308594,33.09718404497419,0.7332956790924072,0.7324733138084412,0.0067472876980900764,0.7238807249069213,0.7241759836673737,0.7254835903644562,0.7280139327049255,0.7324733138084412,0.738158330321312,0.7425968766212463,0.7453418940305709,0.7470195508003235
46865,-0.7333232760429382,67.91132354736328,63.74507141113281,32.592872619628906,0.7333232760429382,0.7325813174247742,0.0067459773272275925,0.7238807249069213,0.7242654830217361,0.7254835903644562,0.7280139327049255,0.7325813174247742,0.738158330321312,0.7425968766212463,0.7456156730651855,0.7470195508003235
46956,-0.733363151550293,67.88277435302734,63.806846618652344,32.13390840802874,0.7333632707595825,0.7325813174247742,0.006752878427505493,0.7238807928562164,0.7242654830217361,0.7254835903644562,0.7280416041612625,0.7325813174247742,0.738158330321312,0.7425968766212463,0.7456156730651855,0.747055766582489
47047,-0.7333851456642151,67.94918060302734,63.965030670166016,31.651733670915878,0.7333851456642151,0.7325813174247742,0.006748768500983715,0.7240152406692505,0.7242654830217361,0.7254835903644562,0.7280416041612625,0.7325813174247742,0.738158330321312,0.7425968766212463,0.7456201791763306,0.7470618629455567
47138,-0.7334140539169312,68.02055358886719,64.13587188720703,31.186106273106166,0.7334140539169312,0.732634961605072,0.00674757594242692,0.72406991481781,0.7242672264575958,0.7254835903644562,0.7280615717172623,0.732634961605072,0.738158330321312,0.7425968766212463,0.7456201791763306,0.7470618629455567
47229,-0.7334519624710083,68.01480865478516,64.23282623291016,30.65069580078125,0.7334519028663635,0.732634961605072,0.006744316779077053,0.7241318905353546,0.7242808908224105,0.7255697965621948,0.7280615717172623,0.732634961605072,0.738158330321312,0.7425968766212463,0.7456201791763306,0.7470618629455567
47320,-0.7335001826286316,68.03286743164062,64.34534454345703,30.185621534075057,0.7335003018379211,0.732634961605072,0.006734324619174004,0.7241318905353546,0.7243140161037445,0.7256163597106934,0.7280615717172623,0.732634961605072,0.738158330321312,0.7425968766212463,0.7456201791763306,0.747284882068634
47411,-0.7335361242294312,68.01299285888672,64.41989135742188,29.670796258108957,0.7335362434387207,0.7327119708061218,0.006741495802998543,0.7241320776939392,0.7243646949529647,0.7256163597106934,0.7281311899423599,0.7327119708061218,0.738158330321312,0.7425968766212463,0.7459047734737396,0.747284882068634
47502,-0.7335771918296814,68.05642700195312,64.55744171142578,29.152026312691824,0.7335771918296814,0.7327119708061218,0.006738524418324232,0.7241333019733429,0.7243646949529647,0.7256163597106934,0.728188082575798,0.7327119708061218,0.738158330321312,0.7425968766212463,0.7460247337818146,0.747284882068634
47593,-0.733607292175293,67.99974060058594,64.59504699707031,28.66151019505092,0.7336074113845825,0.7327119708061218,0.006732170004397631,0.7241333019733429,0.7243646949529647,0.7256163597106934,0.728188082575798,0.7327119708061218,0.738158330321312,0.7426488041877747,0.7460268795490265,0.747284882068634
47684,-0.7336375117301941,68.09706115722656,64.78988647460938,28.118035180228098,0.7336374521255493,0.733027994632721,0.006730092689394951,0.7241333019733429,0.7244271874427796,0.7256163597106934,0.7282614409923553,0.733027994632721,0.7382470667362213,0.7426488041877747,0.7461135178804398,0.7475091278553009
47775,-0.7336622476577759,68.18999481201172,64.96671295166016,27.65716688973563,0.7336622476577759,0.733027994632721,0.0067472937516868114,0.7241437578201294,0.7244271874427796,0.7256163597106934,0.7282614409923553,0.733027994632721,0.7382470667362213,0.7426488041877747,0.7465288013219833,0.7475091278553009
47866,-0.7336822152137756,68.33435821533203,65.19662475585938,27.200765337262833,0.7336821556091309,0.733027994632721,0.006742741912603378,0.7241437578201294,0.7244394183158874,0.7256163597106934,0.7282614409923553,0.733027994632721,0.7382470667362213,0.7426488041877747,0.7465288013219833,0.7475091278553009
47957,-0.7337003350257874,68.37258911132812,65.32695007324219,26.66901206970215,0.7337002754211426,0.733027994632721,0.0067481412552297115,0.7243244278430939,0.7244394183158874,0.7256163597106934,0.7282614409923553,0.733027994632721,0.7382470667362213,0.7426488041877747,0.7465323805809021,0.7475145041942597
48048,-0.7337315082550049,68.50627136230469,65.550537109375,26.18831879752023,0.7337315082550049,0.733027994632721,0.0067176190204918385,0.7243244278430939,0.7244394183158874,0.7259564101696014,0.7282614409923553,0.733027994632721,0.7382470667362213,0.7426488041877747,0.7465323805809021,0.7475168025493621
48139,-0.7337477207183838,68.70407104492188,65.83562469482422,25.68588365827288,0.733747661113739,0.733027994632721,0.00671278964728117,0.7243244278430939,0.7245242416858673,0.7259564101696014,0.7282614409923553,0.733027994632721,0.7382470667362213,0.7426488041877747,0.7465323805809021,0.7475168025493621
48230,-0.733781635761261,68.83168029785156,66.05030822753906,25.18255833217076,0.7337815761566162,0.733027994632721,0.006692284718155861,0.7243244278430939,0.7245991885662079,0.7259564101696014,0.7282614409923553,0.733027994632721,0.7382470667362213,0.7426488041877747,0.7465323805809021,0.7475168025493621
48321,-0.7338120937347412,68.92875671386719,66.24665069580078,24.606353759765625,0.7338120937347412,0.733027994632721,0.0066989148035645485,0.7243244278430939,0.7245991885662079,0.7259564101696014,0.728534460067749,0.733027994632721,0.7382470667362213,0.7426488041877747,0.7465323805809021,0.7475168025493621
48412,-0.73384028673172,69.05229187011719,66.47525024414062,24.01775578090123,0.7338401675224304,0.733027994632721,0.00671025924384594,0.7243274939060211,0.7248996376991272,0.7259564101696014,0.728534460067749,0.733027994632721,0.7384102046489716,0.7426488041877747,0.7465323805809021,0.7478522658348083
48503,-0.7338683009147644,69.20408630371094,66.7177505493164,23.519476209368026,0.7338683605194092,0.7330385446548462,0.006695715710520744,0.7244046568870545,0.724900633096695,0.725994211435318,0.7286281883716583,0.7330385446548462,0.7384102046489716,0.7426488041877747,0.7465323805809021,0.7478522658348083
48594,-0.7338832020759583,69.35897064208984,66.9701919555664,22.886351449148997,0.733883261680603,0.7330385446548462,0.006689403671771288,0.7244046568870545,0.724900633096695,0.725994211435318,0.72866190969944,0.7330385446548462,0.7384102046489716,0.7426488041877747,0.7465323805809021,0.7478522658348083
48685,-0.7339004874229431,69.65093994140625,67.34644317626953,22.352068764822825,0.7339006066322327,0.7330385446548462,0.006690207868814468,0.7244046568870545,0.7249165415763855,0.725994211435318,0.7287124544382095,0.7330385446548462,0.7384579926729202,0.7426488041877747,0.7465323805809021,0.7478522658348083
48776,-0.7339358329772949,69.73533630371094,67.51720428466797,21.789533070155553,0.7339358329772949,0.7330863773822784,0.006681068800389767,0.7244046568870545,0.7249887853860855,0.7261226892471313,0.7287881523370743,0.7330863773822784,0.7385002821683884,0.7426488041877747,0.7465323805809021,0.7478522658348083
48867,-0.733965277671814,69.9930648803711,67.85505676269531,21.25998796735491,0.733965277671814,0.7330892086029053,0.006694096606224775,0.7244061982631683,0.7249887853860855,0.7261557519435883,0.72897869348526,0.7330892086029053,0.7385002821683884,0.7426488041877747,0.7465323805809021,0.7478522658348083
48958,-0.7339878678321838,70.27595520019531,68.22309112548828,20.74488639831543,0.7339878082275391,0.7330892086029053,0.006708403117954731,0.7244061982631683,0.7249887853860855,0.7261572003364563,0.72897869348526,0.7330892086029053,0.7385002821683884,0.7428139209747314,0.7465323805809021,0.7478584873676299
49049,-0.7340121269226074,70.49198913574219,68.54435729980469,20.05178233555385,0.7340120673179626,0.7330892086029053,0.00671547744423151,0.7244061982631683,0.7249887853860855,0.7261572003364563,0.72897869348526,0.7330892086029053,0.7385002821683884,0.7428139209747314,0.7465323805809021,0.7478584873676299
49140,-0.7340409755706787,70.89384460449219,69.04073333740234,19.381669453212194,0.7340409159660339,0.7331992983818054,0.006721549201756716,0.7244078314304352,0.7249887853860855,0.7261572003364563,0.72897869348526,0.7331992983818054,0.7385002821683884,0.7430707693099976,0.7465323805809021,0.7478700387477875
49231,-0.7340663075447083,71.1592025756836,69.39317321777344,18.863245282854354,0.7340661883354187,0.7333175241947174,0.006709306500852108,0.7244078314304352,0.7249887853860855,0.7261572003364563,0.7289866954088211,0.7333175241947174,0.7385036796331406,0.7430707693099976,0.7465323805809021,0.7478700387477875
49322,-0.7340784072875977,71.6278305053711,69.93827056884766,18.29696410042899,0.7340782880783081,0.7333175241947174,0.006713820155709982,0.7244078314304352,0.7250083208084106,0.7261572003364563,0.7289866954088211,0.7333175241947174,0.7385036796331406,0.743480134010315,0.7465323805809021,0.7478700387477875
49413,-0.7341187596321106,71.98468780517578,70.3946304321289,17.605133874075754,0.7341187000274658,0.7333440482616425,0.006715971045196056,0.7244078314304352,0.725113469362259,0.7261572003364563,0.7289914786815643,0.7333440482616425,0.7385036796331406,0.743480134010315,0.74671451151371,0.7478700387477875
49504,-0.7341326475143433,72.45600128173828,70.97107696533203,16.882582800728933,0.7341325879096985,0.7333440482616425,0.006704865954816341,0.724703632593155,0.725113469362259,0.7261572003364563,0.7290073782205582,0.7333440482616425,0.7385036796331406,0.743480134010315,0.74671451151371,0.7478700387477875
49595,-0.7341508269309998,73.0484619140625,71.65618133544922,16.213235446384974,0.734150767326355,0.7333440482616425,0.00670894980430603,0.7248771178722382,0.725113469362259,0.7261572003364563,0.7290305197238922,0.7333440482616425,0.7385053932666779,0.7435227453708648,0.7467298448085785,0.7478700387477875
49686,-0.7341687083244324,73.68370056152344,72.37789916992188,15.671862057277135,0.7341687083244324,0.7333805561065674,0.006719736382365227,0.7248771178722382,0.725113469362259,0.7261572003364563,0.7290305197238922,0.7333805561065674,0.7385213077068329,0.7435227453708648,0.7467298448085785,0.7478700387477875
49777,-0.7341812252998352,74.50868225097656,73.29518127441406,15.000706536429268,0.7341812252998352,0.7333805561065674,0.006717084441334009,0.7248771178722382,0.725113469362259,0.7261572003364563,0.7290614545345306,0.7333805561065674,0.7385639548301697,0.7435227453708648,0.7467298448085785,0.7478700387477875
49868,-0.7341946363449097,75.52337646484375,74.4092025756836,14.3160674231393,0.7341946363449097,0.7333817481994629,0.006722677033394575,0.7248771178722382,0.725113469362259,0.7261572003364563,0.7290771007537842,0.7333817481994629,0.7385899424552917,0.7435309648513794,0.7467298448085785,0.7478700387477875
49959,-0.7342079281806946,76.60749053955078,75.58648681640625,13.723015921456474,0.7342079877853394,0.7333817481994629,0.006726320367306471,0.7248771178722382,0.725113469362259,0.7261572003364563,0.7290771007537842,0.7333817481994629,0.7385899424552917,0.7435309648513794,0.7467298448085785,0.7478700387477875
