step,best_fitness,avg_hamming,avg_l1,avg_entropy,mean,median,std,2%,5%,10%,25%,50%,75%,90%,95%,98%
91,-0.5325107574462891,255.9209442138672,16.399751663208008,353.9874747140067,0.5325106978416443,0.5323680937290192,0.005145416595041752,0.5218871986865997,0.5243832558393479,0.5256524920463562,0.5295143872499466,0.5323680937290192,0.5356817692518234,0.5383400678634643,0.5411304235458374,0.544509527683258
182,-0.5354790091514587,255.84249877929688,18.129722595214844,353.7251674107143,0.535478949546814,0.5351857542991638,0.005273191258311272,0.5260092723369598,0.5279061198234558,0.52910076379776,0.5318928956985474,0.5351857542991638,0.538107305765152,0.5416431844234466,0.5445413529872895,0.5460409188270569
273,-0.5371798872947693,255.761962890625,19.72081184387207,353.45992170061385,0.5371798276901245,0.5367036163806915,0.004877310246229172,0.5279183149337768,0.5288876980543137,0.5310107350349427,0.5343049764633179,0.5367036163806915,0.5396878719329834,0.54400794506073,0.5454887360334396,0.5460409188270569
364,-0.5381758213043213,255.6829071044922,21.1490421295166,353.1999206542969,0.5381757616996765,0.537424772977829,0.004863257519900799,0.5288320124149323,0.5304840505123138,0.5318120837211608,0.5354976654052734,0.537424772977829,0.5412247776985168,0.5444993138313293,0.5455501556396485,0.547861112356186
455,-0.5389100909233093,255.60116577148438,22.52147674560547,352.9330357142857,0.5389100909233093,0.5376895666122437,0.004726705607026815,0.5308559846878051,0.5312514841556549,0.5338105082511901,0.5360213816165924,0.5376895666122437,0.541692703962326,0.5451084911823273,0.5459692984819412,0.5482574415206909
546,-0.5396291017532349,255.51979064941406,23.798416137695312,352.6697038922991,0.5396291613578796,0.5385746955871582,0.004654332064092159,0.5312589621543884,0.5334011286497116,0.534136301279068,0.5364336520433426,0.5385746955871582,0.5432844460010529,0.5456072568893433,0.5478162348270417,0.5485247957706452
637,-0.5399655699729919,255.44491577148438,24.997751235961914,352.4124232700893,0.5399655699729919,0.5396442115306854,0.004439047072082758,0.5319733476638794,0.5338580161333084,0.5351789057254791,0.5368973016738892,0.5396442115306854,0.5432844460010529,0.5456072568893433,0.5478162348270417,0.5485247957706452
728,-0.540260374546051,255.36593627929688,26.158281326293945,352.14880807059154,0.540260374546051,0.5400418341159821,0.004246892407536507,0.5327328824996949,0.5341274827718735,0.5354945182800293,0.537339448928833,0.5400418341159821,0.5432844460010529,0.5459499895572663,0.5478162348270417,0.5485247957706452
819,-0.5407046675682068,255.2841339111328,27.244478225708008,351.887451171875,0.5407046675682068,0.5405462384223938,0.003937720786780119,0.5340763092041015,0.5351809591054917,0.5361687004566192,0.5377445667982101,0.5405462384223938,0.5433442294597626,0.5459499895572663,0.5478162348270417,0.5485247957706452
910,-0.5412726998329163,255.20596313476562,28.287342071533203,351.62923322405135,0.5412726998329163,0.540937066078186,0.0038572456687688828,0.5351821911334992,0.5361290067434311,0.5365303158760071,0.5380869060754776,0.540937066078186,0.5439514219760895,0.5463460743427276,0.5478162348270417,0.5485247957706452
1001,-0.5416738986968994,255.12405395507812,29.28447151184082,351.36907958984375,0.5416738986968994,0.5410899519920349,0.0038544165436178446,0.5351821911334992,0.5361589610576629,0.537286913394928,0.5388417094945908,0.5410899519920349,0.5441626012325287,0.5465263843536377,0.547997710108757,0.5505034506320954
1092,-0.5418651700019836,255.04437255859375,30.25691795349121,351.1098894391741,0.5418651700019836,0.5411347448825836,0.003876317059621215,0.5357461678981781,0.5364700943231583,0.5374488890171051,0.5388417094945908,0.5411347448825836,0.5442897826433182,0.5466178834438324,0.5482253342866897,0.5505034506320954
1183,-0.5424069166183472,254.9601287841797,31.1789493560791,350.8489336286272,0.5424069762229919,0.5419670939445496,0.00399059196934104,0.5359108769893646,0.5367928087711334,0.5374598205089569,0.5391263961791992,0.5419670939445496,0.5446703135967255,0.5476326107978821,0.5485722899436951,0.5508048093318939
1274,-0.5427257418632507,254.87806701660156,32.09202575683594,350.587411063058,0.5427258014678955,0.5420391857624054,0.004143772181123495,0.5364712285995483,0.5372929751873017,0.5377461731433868,0.5394417643547058,0.5420391857624054,0.5451512187719345,0.5480089724063874,0.5502531617879868,0.5539347290992737
1365,-0.543021559715271,254.79473876953125,32.959720611572266,350.32874843052457,0.543021559715271,0.5424502789974213,0.004123338032513857,0.5367879414558411,0.5373502254486084,0.53808953166008,0.5402157753705978,0.5424502789974213,0.5455242544412613,0.5482389748096466,0.5505100041627884,0.5539347290992737
1456,-0.5433129072189331,254.7101593017578,33.797706604003906,350.0708966936384,0.5433129072189331,0.5432389378547668,0.004175018984824419,0.5367879414558411,0.5374542206525803,0.5381736576557159,0.5403544753789902,0.5432389378547668,0.5456205308437347,0.5484846413135529,0.5507282525300979,0.5539347290992737
1547,-0.5435160398483276,254.62930297851562,34.63576126098633,349.8123692103795,0.5435160398483276,0.5435300469398499,0.004197059199213982,0.5367879414558411,0.5374542206525803,0.5381999790668488,0.5405345857143402,0.5435300469398499,0.5459500700235367,0.5485189199447632,0.5507282525300979,0.5539347290992737
1638,-0.5437044501304626,254.544189453125,35.4343376159668,349.5512259347098,0.5437045097351074,0.5439049601554871,0.004105034749954939,0.5367879414558411,0.537454503774643,0.5383704721927642,0.5409615933895111,0.5439049601554871,0.5459500700235367,0.5485189199447632,0.5507282525300979,0.5539347290992737
1729,-0.5437794327735901,254.45932006835938,36.21784973144531,349.2910417829241,0.5437794923782349,0.5439345836639404,0.004065759014338255,0.5367879414558411,0.537454503774643,0.538800185918808,0.5410633981227875,0.5439345836639404,0.5459500700235367,0.5485189199447632,0.5507282525300979,0.5539347290992737
1820,-0.5439320206642151,254.37939453125,36.98820495605469,349.033926827567,0.5439320206642151,0.5439345836639404,0.004118157550692558,0.5372892355918885,0.5378523707389832,0.538917064666748,0.5410633981227875,0.5439345836639404,0.5459556728601456,0.549980741739273,0.5518134325742722,0.5539347290992737
1911,-0.5440804362297058,254.29246520996094,37.7275390625,348.7738255092076,0.5440804958343506,0.5439887642860413,0.004114711657166481,0.5372892355918885,0.5378523707389832,0.5389454960823059,0.5410967171192169,0.5439887642860413,0.5460724830627441,0.549980741739273,0.5518134325742722,0.5539347290992737
2002,-0.5441175699234009,254.21128845214844,38.45686721801758,348.5190691266741,0.5441175699234009,0.5439887642860413,0.004087474197149277,0.5372892355918885,0.5378523707389832,0.5390963971614837,0.5413799285888672,0.5439887642860413,0.5460724830627441,0.549980741739273,0.5518769651651383,0.5539347290992737
2093,-0.5444620251655579,254.1256561279297,39.176143646240234,348.2584664481027,0.5444620251655579,0.5441021919250488,0.003964600618928671,0.5373518419265747,0.5388130098581314,0.5395058155059814,0.5416546016931534,0.5441021919250488,0.5463548302650452,0.5502661049365998,0.5518769651651383,0.5539347290992737
2184,-0.5446097254753113,254.04100036621094,39.882869720458984,347.99632045200894,0.544609785079956,0.5441562533378601,0.003945274278521538,0.5373518419265747,0.5388130098581314,0.5395058155059814,0.5419250428676605,0.5441562533378601,0.5464581996202469,0.5502661049365998,0.5518769651651383,0.5539347290992737
2275,-0.5447232127189636,253.95545959472656,40.58998489379883,347.73264857700894,0.5447232723236084,0.5441562533378601,0.0038947327993810177,0.5378626275062561,0.5388534456491471,0.5400119066238404,0.5419752299785614,0.5441562533378601,0.5465392768383026,0.5502661049365998,0.5518769651651383,0.5539347290992737
2366,-0.5448296070098877,253.8759765625,41.297542572021484,347.4737548828125,0.5448296070098877,0.5442458391189575,0.003869923297315836,0.5378626275062561,0.5388534456491471,0.5400119066238404,0.5422344207763672,0.5442458391189575,0.5465392768383026,0.5502661049365998,0.5518769651651383,0.5539347290992737
2457,-0.544901967048645,253.7908172607422,41.98947525024414,347.2064426967076,0.5449020266532898,0.5443325638771057,0.003844234626740217,0.5381411433219909,0.5388534456491471,0.5400119066238404,0.5422615110874176,0.5443325638771057,0.5466390997171402,0.5502661049365998,0.5518769651651383,0.5539347290992737
2548,-0.5450192093849182,253.70277404785156,42.631465911865234,346.9476885114397,0.545019268989563,0.5447422862052917,0.0038236360996961594,0.5381411433219909,0.5388534456491471,0.5401464462280273,0.5423575341701508,0.5447422862052917,0.5469640493392944,0.5502661049365998,0.5518769651651383,0.5539347290992737
2639,-0.5451017618179321,253.613037109375,43.27136993408203,346.6852242606027,0.5451017618179321,0.5447422862052917,0.0038693349342793226,0.5381411433219909,0.5388534456491471,0.5404862821102142,0.5423575341701508,0.5447422862052917,0.547650545835495,0.5505209267139435,0.5520546644926071,0.5539347290992737
2730,-0.545322835445404,253.53070068359375,43.90974807739258,346.42593819754467,0.5453228950500488,0.5450661182403564,0.0038516512140631676,0.5381411433219909,0.539427787065506,0.5409645020961762,0.5428842455148697,0.5450661182403564,0.5478435903787613,0.5507338523864747,0.5520546644926071,0.5539347290992737
2821,-0.5453500151634216,253.44708251953125,44.53254699707031,346.1655840192522,0.5453500747680664,0.5450661182403564,0.0038311148528009653,0.5381411433219909,0.539427787065506,0.5409645020961762,0.5430870801210403,0.5450661182403564,0.5478435903787613,0.5507338523864747,0.5520546644926071,0.5539347290992737
2912,-0.5454848408699036,253.35595703125,45.14394760131836,345.8979971749442,0.5454848408699036,0.5451889634132385,0.003761852625757456,0.5381411433219909,0.5395084500312806,0.541013765335083,0.5432553589344025,0.5451889634132385,0.5479610115289688,0.5507338523864747,0.5520546644926071,0.5539347290992737
3003,-0.545539140701294,253.2646026611328,45.77307891845703,345.6270446777344,0.5455392003059387,0.5451889634132385,0.003686194308102131,0.5388322615623474,0.5401734352111817,0.541013765335083,0.5432553589344025,0.5451889634132385,0.5479610115289688,0.5507338523864747,0.5520546644926071,0.5539347290992737
3094,-0.5457785725593567,253.17474365234375,46.34305953979492,345.37032209123885,0.5457786321640015,0.5453120172023773,0.003716804087162018,0.5388322615623474,0.5405001550912857,0.5410945653915405,0.5433269590139389,0.5453120172023773,0.548039048910141,0.5508858501911164,0.5521495163440704,0.5539347290992737
3185,-0.5459460616111755,253.0856170654297,46.95120620727539,345.10386875697543,0.5459460616111755,0.5454626083374023,0.003721128683537245,0.5390441560745239,0.5407478302717209,0.5415196537971496,0.5438583046197891,0.5454626083374023,0.5480575561523438,0.5508858501911164,0.5521495163440704,0.5539347290992737
3276,-0.5459840893745422,252.99285888671875,47.546199798583984,344.83138602120533,0.5459840893745422,0.5454626083374023,0.003697681473568082,0.5390441560745239,0.5407478302717209,0.5415196537971496,0.5439363121986389,0.5454626083374023,0.5480575561523438,0.5508858501911164,0.5521495163440704,0.5539347290992737
3367,-0.5460254549980164,252.8980712890625,48.1130485534668,344.5612095424107,0.5460254549980164,0.5454626083374023,0.0036861426196992397,0.5390441560745239,0.5407478302717209,0.5415196537971496,0.5439945608377457,0.5454626083374023,0.5481542944908142,0.5508858501911164,0.5521495163440704,0.5539347290992737
3458,-0.5461033582687378,252.81488037109375,48.692440032958984,344.2996738978795,0.546103298664093,0.5455180108547211,0.0036266969982534647,0.5390441560745239,0.5409154683351517,0.5416281223297119,0.5440679490566254,0.5455180108547211,0.5481542944908142,0.5508858501911164,0.5521495163440704,0.5539347290992737
3549,-0.5462650656700134,252.72079467773438,49.26946258544922,344.0248325892857,0.5462650656700134,0.5455611348152161,0.003788142232224345,0.5390441560745239,0.5409154683351517,0.5416281223297119,0.544092208147049,0.5455611348152161,0.5482798963785172,0.5509607672691346,0.552826976776123,0.5551362180709839
3640,-0.5463137030601501,252.62335205078125,49.84319305419922,343.7469482421875,0.5463137626647949,0.5455611348152161,0.003785578301176429,0.5390441560745239,0.5409154683351517,0.5418356120586395,0.544092208147049,0.5455611348152161,0.548510268330574,0.5509607672691346,0.552826976776123,0.5551362180709839
3731,-0.5465038418769836,252.53314208984375,50.40883255004883,343.47425624302457,0.5465038418769836,0.5456629991531372,0.003638260532170534,0.5407423341274261,0.5410990238189697,0.5419801115989685,0.5441752374172211,0.5456629991531372,0.5485158562660217,0.5509607672691346,0.552826976776123,0.5551362180709839
3822,-0.5465038418769836,252.43153381347656,50.962554931640625,343.1944318498884,0.5465038418769836,0.5456629991531372,0.003638260532170534,0.5407423341274261,0.5410990238189697,0.5419801115989685,0.5441752374172211,0.5456629991531372,0.5485158562660217,0.5509607672691346,0.552826976776123,0.5551362180709839
3913,-0.5465734601020813,252.3395233154297,51.51451110839844,342.919677734375,0.5465734601020813,0.5456629991531372,0.0037216837517917156,0.5407423341274261,0.5410990238189697,0.5419801115989685,0.5441752374172211,0.5456629991531372,0.5485730469226837,0.5512850463390351,0.5536887377500535,0.5551362180709839
4004,-0.5466112494468689,252.25123596191406,52.06675720214844,342.6490696498326,0.5466112494468689,0.5456629991531372,0.0037492820993065834,0.5407423341274261,0.5410990238189697,0.5421156704425811,0.5441752374172211,0.5456629991531372,0.548873096704483,0.5514791309833527,0.5536887377500535,0.5551362180709839
4095,-0.5466537475585938,252.15374755859375,52.605281829833984,342.37166922433033,0.546653687953949,0.5457537770271301,0.0037251063622534275,0.5407423341274261,0.5410990238189697,0.5421156704425811,0.5442290306091309,0.5457537770271301,0.548873096704483,0.5514791309833527,0.5536887377500535,0.5551362180709839
4186,-0.5466985106468201,252.05245971679688,53.12488555908203,342.0956377301897,0.5466985106468201,0.5458521246910095,0.0037209433503448963,0.5407423341274261,0.5415383160114289,0.5421224892139435,0.5442290306091309,0.5458521246910095,0.5490762740373611,0.5514791309833527,0.5536887377500535,0.5551362180709839
4277,-0.5468576550483704,251.958984375,53.6613883972168,341.8168204171317,0.5468577146530151,0.5460330843925476,0.003653338411822915,0.5409198439121247,0.5415654480457306,0.5421224892139435,0.5443820804357529,0.5460330843925476,0.5492153018712997,0.5514791309833527,0.5536887377500535,0.5551362180709839
4368,-0.5470985174179077,251.85140991210938,54.161964416503906,341.5321524483817,0.5470985174179077,0.5464088320732117,0.003696903819218278,0.5409198439121247,0.5416311323642731,0.5430224418640137,0.5447003245353699,0.5464088320732117,0.5497308373451233,0.5518861472606659,0.5539459466934205,0.5551362180709839
4459,-0.5472264885902405,251.74493408203125,54.66436767578125,341.2456316266741,0.5472264289855957,0.5464747548103333,0.003658491186797619,0.5409198439121247,0.5418428510427475,0.5433169603347778,0.5448858290910721,0.5464747548103333,0.54977847635746,0.5518861472606659,0.5539459466934205,0.5551362180709839
4550,-0.5472320318222046,251.6382293701172,55.182559967041016,340.954842703683,0.5472320318222046,0.5464747548103333,0.0036530261859297752,0.5409198439121247,0.5419311285018921,0.5433169603347778,0.5448858290910721,0.5464747548103333,0.54977847635746,0.5518861472606659,0.5539459466934205,0.5551362180709839
4641,-0.5473850965499878,251.5486297607422,55.6765251159668,340.6861267089844,0.5473851561546326,0.5466864705085754,0.003680295078083873,0.5409198439121247,0.5419311285018921,0.5433169603347778,0.5449395179748535,0.5466864705085754,0.5499146282672882,0.5518861472606659,0.5539459466934205,0.5551362180709839
4732,-0.547565221786499,251.45986938476562,56.166603088378906,340.41721888950894,0.547565221786499,0.5470595955848694,0.003739712294191122,0.5410124826431274,0.5419311285018921,0.5438781082630157,0.5450520217418671,0.5470595955848694,0.5499807000160217,0.5520579040050506,0.5546057462692261,0.5568978238105774
4823,-0.5476546287536621,251.3720245361328,56.661399841308594,340.14935302734375,0.5476546287536621,0.5472511947154999,0.0036955797113478184,0.5410124826431274,0.5419665753841401,0.543989109992981,0.5450858026742935,0.5472511947154999,0.5499807000160217,0.5520579040050506,0.5546057462692261,0.5568978238105774
4914,-0.5478732585906982,251.27041625976562,57.14022445678711,339.8702872140067,0.5478732585906982,0.5473982095718384,0.0038182891439646482,0.5410124826431274,0.5419665753841401,0.543989109992981,0.5451382845640182,0.5473982095718384,0.5505120754241943,0.5523456811904908,0.5546665370464325,0.5568978238105774
5005,-0.5479997992515564,251.1748504638672,57.63352966308594,339.5875941685268,0.5479997396469116,0.5475300550460815,0.0037525941152125597,0.5413287484645843,0.5421266943216324,0.5439958572387695,0.5452139377593994,0.5475300550460815,0.5505926758050919,0.5523456811904908,0.5546665370464325,0.5568978238105774
5096,-0.5480687618255615,251.07180786132812,58.12875747680664,339.2965087890625,0.5480688214302063,0.5476135015487671,0.003781672799959779,0.5413287484645843,0.5421266943216324,0.5439958572387695,0.5452139377593994,0.5476135015487671,0.5507583320140839,0.5525198638439178,0.5546665370464325,0.5568978238105774
5187,-0.5481128692626953,250.98387145996094,58.6162223815918,339.0264195033482,0.5481129288673401,0.5476135015487671,0.003826193744316697,0.5413287484645843,0.5421266943216324,0.5439958572387695,0.5452139377593994,0.5476135015487671,0.5508935302495956,0.5528717160224914,0.5546665370464325,0.5568978238105774
5278,-0.548278272151947,250.89453125,59.097930908203125,338.7521449497768,0.5482782125473022,0.5476778447628021,0.003777170553803444,0.5415525186061859,0.5430718004703522,0.5440568089485168,0.5453433841466904,0.5476778447628021,0.5509510934352875,0.553700453042984,0.5548548698425293,0.5568978238105774
5369,-0.5484565496444702,250.7943878173828,59.5543212890625,338.4745832170759,0.5484565496444702,0.5477376282215118,0.0038205436430871487,0.5415525186061859,0.5433278381824493,0.5441144227981567,0.5454200208187103,0.5477376282215118,0.5512262135744095,0.5539338707923889,0.5548548698425293,0.5568978238105774
5460,-0.5484626889228821,250.69529724121094,60.00591278076172,338.19810703822543,0.5484626889228821,0.5477376282215118,0.003814731491729617,0.5415525186061859,0.5433278381824493,0.5441144227981567,0.5454200208187103,0.5477376282215118,0.5512262135744095,0.5539338707923889,0.5548548698425293,0.5568978238105774
5551,-0.5485309362411499,250.5724334716797,60.46192169189453,337.8939514160156,0.5485309362411499,0.5477376282215118,0.003821932477876544,0.5415525186061859,0.5433278381824493,0.5441144227981567,0.5455247312784195,0.5477376282215118,0.551267996430397,0.5539338707923889,0.5548548698425293,0.5568978238105774
5642,-0.5486612319946289,250.46200561523438,60.9034423828125,337.6002415248326,0.5486612915992737,0.5479694902896881,0.0038310966920107603,0.5415525186061859,0.5433278381824493,0.5441144227981567,0.5455651581287384,0.5479694902896881,0.5513584017753601,0.5540024280548096,0.5548548698425293,0.5568978238105774
5733,-0.5486615896224976,250.3682861328125,61.34794616699219,337.3304530552455,0.5486615896224976,0.5479694902896881,0.0038308091461658478,0.5415525186061859,0.5433278381824493,0.5441144227981567,0.5455651581287384,0.5479694902896881,0.5513584017753601,0.5540024280548096,0.5548548698425293,0.5568978238105774
5824,-0.5487141013145447,250.27085876464844,61.78900146484375,337.0532706124442,0.5487140417098999,0.548060804605484,0.003797254990786314,0.541975075006485,0.5434198021888733,0.5441144227981567,0.5455651581287384,0.548060804605484,0.5513584017753601,0.5540024280548096,0.5548548698425293,0.5568978238105774
5915,-0.5488449931144714,250.1641082763672,62.23177719116211,336.7647966657366,0.5488449335098267,0.5481734275817871,0.0038275988772511482,0.541975075006485,0.5439123421907425,0.5443890452384949,0.5455761551856995,0.5481734275817871,0.5514189600944519,0.5541621208190918,0.5550946533679962,0.5568978238105774
6006,-0.5488635897636414,250.04969787597656,62.69709396362305,336.45849609375,0.5488635897636414,0.5481734275817871,0.0038400180637836456,0.541975075006485,0.5439123421907425,0.5443890452384949,0.5455761551856995,0.5481734275817871,0.5515369176864624,0.5541621208190918,0.5550946533679962,0.5568978238105774
6097,-0.5490188002586365,249.91871643066406,63.114830017089844,336.1506042480469,0.5490188002586365,0.5483480989933014,0.0038293004035949707,0.541975075006485,0.5439919471740723,0.544577956199646,0.5457318723201752,0.5483480989933014,0.5518468171358109,0.5544117569923401,0.5553499698638916,0.5568978238105774
6188,-0.5491131544113159,249.80580139160156,63.52186965942383,335.8616376604353,0.5491131544113159,0.548796683549881,0.0037462601903826,0.5433117043972016,0.5439959168434143,0.5447275698184967,0.5459116995334625,0.548796683549881,0.5518468171358109,0.5544117569923401,0.5553499698638916,0.5568978238105774
6279,-0.5491462349891663,249.69227600097656,63.95292282104492,335.5643964494978,0.549146294593811,0.548796683549881,0.0037670666351914406,0.5433117043972016,0.5439959168434143,0.5447275698184967,0.5459116995334625,0.548796683549881,0.5519136935472488,0.5544117569923401,0.5553499698638916,0.5568978238105774
6370,-0.5493074059486389,249.57601928710938,64.38390350341797,335.2625645228795,0.5493074059486389,0.5492967069149017,0.003820850048214197,0.5433117043972016,0.5439959168434143,0.5447275698184967,0.546008288860321,0.5492967069149017,0.5520830005407333,0.5546077966690064,0.5553499698638916,0.5568978238105774
6461,-0.5493160486221313,249.4791717529297,64.81127166748047,334.98160661969865,0.5493160486221313,0.5492967069149017,0.003811138914898038,0.5433117043972016,0.5439959168434143,0.5449121534824372,0.546008288860321,0.5492967069149017,0.5520830005407333,0.5546077966690064,0.5553499698638916,0.5568978238105774
6552,-0.5493260622024536,249.37811279296875,65.21796417236328,334.6994846888951,0.5493260622024536,0.5492967069149017,0.003808682318776846,0.5433117043972016,0.5439959168434143,0.5449121534824372,0.546008288860321,0.5492967069149017,0.5520830005407333,0.5546077966690064,0.5553499698638916,0.5568978238105774
6643,-0.5493607521057129,249.2681884765625,65.64000701904297,334.4078674316406,0.5493607521057129,0.5494889616966248,0.0037971308920532465,0.5433117043972016,0.5439959168434143,0.5449121534824372,0.546008288860321,0.5494889616966248,0.5520830005407333,0.5546077966690064,0.5553499698638916,0.5568978238105774
6734,-0.5494763851165771,249.15113830566406,66.07172393798828,334.1007603236607,0.5494764447212219,0.5496793389320374,0.0038060378283262253,0.5433117043972016,0.5439959168434143,0.5449121534824372,0.5461080223321915,0.5496793389320374,0.5521629303693771,0.5546077966690064,0.5553499698638916,0.5568978238105774
6825,-0.5496283769607544,249.0302276611328,66.49024200439453,333.79099818638394,0.5496284365653992,0.5497111082077026,0.0038862493820488453,0.5433117043972016,0.5439959168434143,0.5449412345886231,0.5463187843561172,0.5497111082077026,0.5524704605340958,0.5548667907714844,0.555444848537445,0.5568978238105774
6916,-0.5496748089790344,248.93011474609375,66.92073822021484,333.49894060407365,0.5496748089790344,0.5497907996177673,0.0038615784142166376,0.5433117043972016,0.5439959168434143,0.5449412345886231,0.5465476363897324,0.5497907996177673,0.5524704605340958,0.5548667907714844,0.555444848537445,0.5568978238105774
7007,-0.5497112274169922,248.81546020507812,67.33060455322266,333.1950988769531,0.549711287021637,0.5497907996177673,0.0038493440952152014,0.5433179819583893,0.5439959168434143,0.5449412345886231,0.5465476363897324,0.5497907996177673,0.5524704605340958,0.5548667907714844,0.555444848537445,0.5568978238105774
7098,-0.5497230887413025,248.69757080078125,67.73909759521484,332.8933410644531,0.5497231483459473,0.5497907996177673,0.0038397489115595818,0.5433179819583893,0.5439959168434143,0.5449412345886231,0.5467098206281662,0.5497907996177673,0.5524704605340958,0.5548667907714844,0.555444848537445,0.5568978238105774
7189,-0.5497691035270691,248.5817108154297,68.15320587158203,332.5878121512277,0.5497691631317139,0.5497907996177673,0.003802650608122349,0.5433179819583893,0.5439959168434143,0.5449412345886231,0.5468067526817322,0.5497907996177673,0.5524704605340958,0.5548667907714844,0.555444848537445,0.5568978238105774
7280,-0.5499429106712341,248.47726440429688,68.53871154785156,332.30616542271207,0.5499428510665894,0.5498728454113007,0.003993270453065634,0.5433222460746765,0.5439959168434143,0.545077508687973,0.5468067526817322,0.5498728454113007,0.5525635927915573,0.5550824224948883,0.5562192022800445,0.5578282713890076
7371,-0.5501521229743958,248.3647003173828,68.94770812988281,332.00191388811385,0.5501521229743958,0.549963116645813,0.004080338403582573,0.5433222460746765,0.5441138088703156,0.545077508687973,0.547112837433815,0.549963116645813,0.552815169095993,0.555252081155777,0.5564885556697845,0.5580653619766235
7462,-0.5503056049346924,248.238037109375,69.33659362792969,331.6938956124442,0.5503055453300476,0.5501702427864075,0.004039644729346037,0.543331241607666,0.5441138088703156,0.5452170312404633,0.547253355383873,0.5501702427864075,0.5531047284603119,0.5552976787090301,0.5564885556697845,0.5580653619766235
7553,-0.5503372550010681,248.1181640625,69.71748352050781,331.39561680385043,0.5503373146057129,0.5503862500190735,0.0040444908663630486,0.543331241607666,0.5441138088703156,0.5452170312404633,0.547253355383873,0.5503862500190735,0.5531047284603119,0.5552976787090301,0.5564885556697845,0.5580653619766235
7644,-0.5505044460296631,247.98910522460938,70.09980010986328,331.08248029436385,0.5505044460296631,0.5506342947483063,0.004070617258548737,0.543331241607666,0.5441138088703156,0.5452170312404633,0.5473772436380386,0.5506342947483063,0.553725466132164,0.5553528547286988,0.5564885556697845,0.5580653619766235
7735,-0.5506759285926819,247.86154174804688,70.48334503173828,330.7681230817522,0.5506759881973267,0.5508831441402435,0.004062407650053501,0.543331241607666,0.5441138088703156,0.5453480780124664,0.5474438369274139,0.5508831441402435,0.5538771748542786,0.5554281115531922,0.5565220206975937,0.5580653619766235
7826,-0.5507473349571228,247.74005126953125,70.85151672363281,330.4639805385045,0.550747275352478,0.5508831441402435,0.004090111702680588,0.5433347165584564,0.5441138088703156,0.5453906178474426,0.5475309193134308,0.5508831441402435,0.5538771748542786,0.5554281115531922,0.5565692692995071,0.5591979789733886
7917,-0.5508572459220886,247.6337432861328,71.21734619140625,330.1775687081473,0.5508572459220886,0.5509858131408691,0.004043201450258493,0.5433347165584564,0.5444725036621094,0.5457126259803772,0.5475309193134308,0.5509858131408691,0.5539000630378723,0.5554281115531922,0.5565692692995071,0.5591979789733886
8008,-0.5508704781532288,247.49905395507812,71.58209991455078,329.8648463657924,0.5508705377578735,0.5509858131408691,0.00401996448636055,0.5439816629886627,0.5444897651672364,0.5457126259803772,0.5475309193134308,0.5509858131408691,0.5539000630378723,0.5554281115531922,0.5565692692995071,0.5591979789733886
8099,-0.5508884191513062,247.38388061523438,71.98065948486328,329.55100795200894,0.5508884191513062,0.5509858131408691,0.003998695407062769,0.5439816629886627,0.5444897651672364,0.5457325339317322,0.5475309193134308,0.5509858131408691,0.5539000630378723,0.5554281115531922,0.5565692692995071,0.5591979789733886
8190,-0.550910234451294,247.25558471679688,72.35353088378906,329.2367248535156,0.550910234451294,0.5509858131408691,0.004008481279015541,0.5439816629886627,0.5444897651672364,0.5457325339317322,0.5475309193134308,0.5509858131408691,0.5539303719997406,0.5554281115531922,0.5565692692995071,0.5591979789733886
8281,-0.5510257482528687,247.12063598632812,72.72004699707031,328.91198294503346,0.5510257482528687,0.5511531829833984,0.004053427372127771,0.5439816629886627,0.5444897651672364,0.5457325339317322,0.5475309193134308,0.5511531829833984,0.5540248155593872,0.5556609749794006,0.5578348338603973,0.5591979789733886
8372,-0.5511193871498108,246.999267578125,73.10968780517578,328.5960954938616,0.5511193871498108,0.5511531829833984,0.003927107434719801,0.5444558930397033,0.5453844964504242,0.5461364209651947,0.5476046502590179,0.5511531829833984,0.5540248155593872,0.5556609749794006,0.5578348338603973,0.5591979789733886
8463,-0.551163375377655,246.89540100097656,73.47994995117188,328.3050842285156,0.5511634349822998,0.5511531829833984,0.003857837989926338,0.5449216222763061,0.5455676853656769,0.5463551104068756,0.5476046502590179,0.5511531829833984,0.5540248155593872,0.5556609749794006,0.5578348338603973,0.5591979789733886
8554,-0.551163375377655,246.7730712890625,73.84709930419922,327.98938424246654,0.5511634349822998,0.5511531829833984,0.003857837989926338,0.5449216222763061,0.5455676853656769,0.5463551104068756,0.5476046502590179,0.5511531829833984,0.5540248155593872,0.5556609749794006,0.5578348338603973,0.5591979789733886
8645,-0.5511980056762695,246.65330505371094,74.20635986328125,327.684814453125,0.5511980652809143,0.5511531829833984,0.0038170749321579933,0.545389506816864,0.5457205951213837,0.5466605305671692,0.5476346462965012,0.5511531829833984,0.5540248155593872,0.5556609749794006,0.5578348338603973,0.5591979789733886
8736,-0.5512403249740601,246.51409912109375,74.58330535888672,327.3462916782924,0.5512402057647705,0.5511531829833984,0.0037858732976019382,0.545389506816864,0.5457205951213837,0.5466605305671692,0.5483061075210571,0.5511531829833984,0.5540248155593872,0.5556609749794006,0.5578348338603973,0.5591979789733886
8827,-0.5512403249740601,246.37770080566406,74.9267807006836,327.02308436802457,0.5512402057647705,0.5511531829833984,0.0037858732976019382,0.545389506816864,0.5457205951213837,0.5466605305671692,0.5483061075210571,0.5511531829833984,0.5540248155593872,0.5556609749794006,0.5578348338603973,0.5591979789733886
8918,-0.5512403249740601,246.2428436279297,75.280029296875,326.7015904017857,0.5512402057647705,0.5511531829833984,0.0037858732976019382,0.545389506816864,0.5457205951213837,0.5466605305671692,0.5483061075210571,0.5511531829833984,0.5540248155593872,0.5556609749794006,0.5578348338603973,0.5591979789733886
9009,-0.551331639289856,246.10830688476562,75.6351318359375,326.37548828125,0.551331639289856,0.5513767004013062,0.0037727225571870804,0.545389506816864,0.5457205951213837,0.5466605305671692,0.5483787059783936,0.5513767004013062,0.5541544854640961,0.5556609749794006,0.5578348338603973,0.5591979789733886
9100,-0.5514416098594666,245.98770141601562,75.99394226074219,326.0640389578683,0.5514416694641113,0.5514246225357056,0.0038250864017754793,0.545389506816864,0.5457205951213837,0.5466605305671692,0.5483787059783936,0.5514246225357056,0.5542847365140915,0.5559009790420533,0.5578348338603973,0.5591979789733886
9191,-0.5515938401222229,245.8505401611328,76.35248565673828,325.73263113839283,0.5515938401222229,0.5514246225357056,0.003921482712030411,0.545404405593872,0.5457205951213837,0.5466605305671692,0.5487347990274429,0.5514246225357056,0.5543206185102463,0.5562322974205017,0.5580488264560699,0.5601957702636718
9282,-0.5516673922538757,245.73779296875,76.73499298095703,325.4163251604353,0.5516673922538757,0.5514577925205231,0.003903931239619851,0.545404405593872,0.5457205951213837,0.5466605305671692,0.5489314645528793,0.5514577925205231,0.5543206185102463,0.5564715325832367,0.5580488264560699,0.5601957702636718
9373,-0.5517336130142212,245.60470581054688,77.09994506835938,325.0850742885045,0.5517336130142212,0.5514577925205231,0.0040091704577207565,0.545404405593872,0.5457205951213837,0.5466625809669494,0.5489314645528793,0.5514577925205231,0.5543206185102463,0.5565176188945771,0.5582168757915497,0.5616639113426208
9464,-0.5517336130142212,245.45773315429688,77.45358276367188,324.7427760532924,0.5517336130142212,0.5514577925205231,0.0040091704577207565,0.545404405593872,0.5457205951213837,0.5466625809669494,0.5489314645528793,0.5514577925205231,0.5543206185102463,0.5565176188945771,0.5582168757915497,0.5616639113426208
9555,-0.5517410039901733,245.3220672607422,77.81523132324219,324.407461983817,0.5517410039901733,0.5514577925205231,0.00400519510731101,0.545404405593872,0.5457205951213837,0.5466625809669494,0.5489314645528793,0.5514577925205231,0.5543206185102463,0.5565176188945771,0.5582168757915497,0.5616639113426208
9646,-0.5517907738685608,245.18394470214844,78.14849853515625,324.0763680594308,0.5517907738685608,0.5514577925205231,0.0040403394959867,0.545404405593872,0.5457205951213837,0.5466625809669494,0.5489314645528793,0.5514577925205231,0.5543871223926544,0.5566918611526489,0.5582168757915497,0.5616639113426208
9737,-0.5517907738685608,245.0570831298828,78.527099609375,323.74356515066967,0.5517907738685608,0.5514577925205231,0.0040403394959867,0.545404405593872,0.5457205951213837,0.5466625809669494,0.5489314645528793,0.5514577925205231,0.5543871223926544,0.5566918611526489,0.5582168757915497,0.5616639113426208
9828,-0.5518192648887634,244.90374755859375,78.85821533203125,323.3981410435268,0.5518193244934082,0.5514577925205231,0.004017809871584177,0.545404405593872,0.5457205951213837,0.5466663539409637,0.5490308552980423,0.5514577925205231,0.5543871223926544,0.5566918611526489,0.5582168757915497,0.5616639113426208
9919,-0.5519347786903381,244.76016235351562,79.19330596923828,323.0607430594308,0.5519347786903381,0.5516141355037689,0.003942892886698246,0.545536642074585,0.5461097598075867,0.5467398405075073,0.5491150170564651,0.5516141355037689,0.554443746805191,0.5566918611526489,0.5582168757915497,0.5616639113426208
10010,-0.5519609451293945,244.632568359375,79.51599884033203,322.74583653041293,0.5519610047340393,0.551768034696579,0.0039330958388745785,0.545536642074585,0.5461097598075867,0.5467398405075073,0.5491150170564651,0.551768034696579,0.554443746805191,0.5566918611526489,0.5582168757915497,0.5616639113426208
10101,-0.5521112680435181,244.4823760986328,79.84190368652344,322.4014456612723,0.5521113276481628,0.551827609539032,0.004070189315825701,0.545536642074585,0.5461097598075867,0.5467398405075073,0.5491150170564651,0.551827609539032,0.554656982421875,0.5571268975734711,0.5592272400856018,0.5621575558185578
10192,-0.5521742701530457,244.333740234375,80.17142486572266,322.0580836704799,0.5521743297576904,0.5519842207431793,0.004070851020514965,0.545536642074585,0.5463276684284211,0.5467600405216217,0.5491150170564651,0.5519842207431793,0.5547311007976532,0.5571268975734711,0.5592272400856018,0.5621575558185578
10283,-0.5524281859397888,244.20001220703125,80.51078796386719,321.72591291155135,0.5524282455444336,0.5521084368228912,0.004440261051058769,0.5455685830116273,0.5463967442512512,0.5468341112136841,0.5491625517606735,0.5521084368228912,0.5548435002565384,0.5574545562267303,0.5602287471294403,0.5622652065753937
10374,-0.5525440573692322,244.05282592773438,80.86782836914062,321.3700387137277,0.5525440573692322,0.5522066950798035,0.0043541789054870605,0.5455685830116273,0.5466790646314621,0.5470265686511994,0.5495079159736633,0.5522066950798035,0.5548435002565384,0.5574545562267303,0.5602287471294403,0.5622652065753937
10465,-0.5525440573692322,243.92129516601562,81.18983459472656,321.0433567592076,0.5525440573692322,0.5522066950798035,0.0043541789054870605,0.5455685830116273,0.5466790646314621,0.5470265686511994,0.5495079159736633,0.5522066950798035,0.5548435002565384,0.5574545562267303,0.5602287471294403,0.5622652065753937
10556,-0.5527157187461853,243.75567626953125,81.5125503540039,320.6844482421875,0.5527157783508301,0.5523939430713654,0.004359634593129158,0.5455685830116273,0.5466790646314621,0.5471920013427735,0.5496956408023834,0.5523939430713654,0.5550840049982071,0.5578457713127136,0.5602287471294403,0.5622652065753937
10647,-0.552803635597229,243.62811279296875,81.83639526367188,320.364501953125,0.552803635597229,0.5523939430713654,0.004437407478690147,0.5455685830116273,0.5466790646314621,0.5471920013427735,0.5496956408023834,0.5523939430713654,0.5550840049982071,0.5580550074577332,0.5616771310567856,0.5622652065753937
10738,-0.5529659390449524,243.48391723632812,82.15040588378906,320.0234941755022,0.5529659390449524,0.5527251064777374,0.004378568381071091,0.5461180114746094,0.5468381345272064,0.5477470517158508,0.5498088300228119,0.5527251064777374,0.5551701337099075,0.5580550074577332,0.5616771310567856,0.5622652065753937
10829,-0.5529912710189819,243.31471252441406,82.47694396972656,319.6505693708147,0.5529912710189819,0.5528362393379211,0.004376429598778486,0.5461180114746094,0.5468381345272064,0.5477470517158508,0.5498088300228119,0.5528362393379211,0.5551701337099075,0.5580550074577332,0.5616771310567856,0.5622652065753937
10920,-0.5530587434768677,243.17713928222656,82.804931640625,319.30931309291293,0.5530588030815125,0.5528362393379211,0.004400197882205248,0.5461180114746094,0.5468381345272064,0.5477470517158508,0.5498871952295303,0.5528362393379211,0.5556421875953674,0.5580550074577332,0.5616771310567856,0.5622652065753937
11011,-0.5532355308532715,243.0406494140625,83.14803314208984,318.9647216796875,0.5532355308532715,0.5529586970806122,0.004261711146682501,0.5468340659141541,0.5472009301185607,0.5483869314193726,0.5500297099351883,0.5529586970806122,0.5556421875953674,0.5580550074577332,0.5616771310567856,0.5622652065753937
11102,-0.5532355308532715,242.89808654785156,83.43385314941406,318.6392909458705,0.5532355308532715,0.5529586970806122,0.004261711146682501,0.5468340659141541,0.5472009301185607,0.5483869314193726,0.5500297099351883,0.5529586970806122,0.5556421875953674,0.5580550074577332,0.5616771310567856,0.5622652065753937
11193,-0.5532836318016052,242.75888061523438,83.77952575683594,318.28796822684154,0.5532836318016052,0.5529586970806122,0.0042178151197731495,0.5468340659141541,0.5474035143852234,0.5484752953052521,0.5500642359256744,0.5529586970806122,0.5556421875953674,0.5580550074577332,0.5616771310567856,0.5622652065753937
11284,-0.5535470247268677,242.61158752441406,84.09278869628906,317.9419642857143,0.5535470843315125,0.5532945394515991,0.00407040398567915,0.5472062873840332,0.5477834343910217,0.5489541113376617,0.5506785959005356,0.5532945394515991,0.5557076632976532,0.5580550074577332,0.5616771310567856,0.5622652065753937
11375,-0.5535804629325867,242.4772186279297,84.40255737304688,317.6105259486607,0.5535804629325867,0.5532945394515991,0.004053190350532532,0.5472062873840332,0.5477834343910217,0.5489541113376617,0.550840824842453,0.5532945394515991,0.5557076632976532,0.5580550074577332,0.5616771310567856,0.5622652065753937
11466,-0.5537137985229492,242.3408203125,84.70960998535156,317.27960205078125,0.553713858127594,0.5535505414009094,0.004091495182365179,0.5472062873840332,0.5477834343910217,0.5489541113376617,0.5508444458246231,0.5535505414009094,0.555900052189827,0.5582550585269928,0.5616771310567856,0.5622652065753937
11557,-0.5538319945335388,242.2030792236328,85.0365982055664,316.936279296875,0.553831934928894,0.553861677646637,0.00404353579506278,0.5472062873840332,0.5483099043369293,0.5491511166095734,0.5510625392198563,0.553861677646637,0.5560454875230789,0.5582550585269928,0.5616771310567856,0.5622652065753937
11648,-0.5538696646690369,242.03367614746094,85.34677124023438,316.563973563058,0.5538696050643921,0.553861677646637,0.003998957574367523,0.5474060583114624,0.5483896732330322,0.5493061900138855,0.5510625392198563,0.553861677646637,0.5560454875230789,0.5582550585269928,0.5616771310567856,0.5622652065753937
11739,-0.5538769364356995,241.8794708251953,85.6413803100586,316.213858468192,0.5538768768310547,0.553861677646637,0.003995055332779884,0.5474060583114624,0.5483896732330322,0.5493061900138855,0.5510625392198563,0.553861677646637,0.5560454875230789,0.5582550585269928,0.5616771310567856,0.5622652065753937
11830,-0.5539416670799255,241.71324157714844,85.9622802734375,315.8342808314732,0.5539416670799255,0.5538753271102905,0.0040319934487342834,0.5474060583114624,0.5483896732330322,0.5493061900138855,0.5510625392198563,0.5538753271102905,0.5560454875230789,0.5590666234493256,0.5616771310567856,0.5622652065753937
11921,-0.5540447235107422,241.57859802246094,86.27715301513672,315.49695260184154,0.5540447235107422,0.5539038181304932,0.003960842732340097,0.5477766823768616,0.548479899764061,0.5493670105934143,0.5510625392198563,0.5539038181304932,0.5560454875230789,0.5590666234493256,0.5616771310567856,0.5622652065753937
12012,-0.5541005730628967,241.44415283203125,86.61875915527344,315.1444614955357,0.5541005730628967,0.5539038181304932,0.00393692497164011,0.5477766823768616,0.548479899764061,0.5493670105934143,0.5514302849769592,0.5539038181304932,0.5560454875230789,0.5590666234493256,0.5616771310567856,0.5622652065753937
12103,-0.5541291832923889,241.27960205078125,86.91531372070312,314.7747541155134,0.5541291832923889,0.5539038181304932,0.0038912780582904816,0.5483265089988708,0.5489449739456177,0.5493670105934143,0.5514302849769592,0.5539038181304932,0.5560454875230789,0.5590666234493256,0.5616771310567856,0.5622652065753937
12194,-0.5541391372680664,241.12960815429688,87.22789764404297,314.4157932826451,0.5541391968727112,0.5539038181304932,0.003882195334881544,0.5483741450309754,0.5489449739456177,0.5493670105934143,0.5514302849769592,0.5539038181304932,0.5560454875230789,0.5590666234493256,0.5616771310567856,0.5622652065753937
12285,-0.5542964339256287,240.9814910888672,87.51915740966797,314.0641828264509,0.5542964339256287,0.5541491508483887,0.003907451871782541,0.5483741450309754,0.5489449739456177,0.5493670105934143,0.5514552593231201,0.5541491508483887,0.556211531162262,0.5592646181583405,0.5616771310567856,0.5622652065753937
12376,-0.5543717741966248,240.8482666015625,87.81565856933594,313.73055158342635,0.5543717741966248,0.5541491508483887,0.003910696599632502,0.5483920645713806,0.5489688724279403,0.5493670105934143,0.5514552593231201,0.5541491508483887,0.5562804639339447,0.5600513279438019,0.5616771310567856,0.5622652065753937
12467,-0.5545024275779724,240.7053680419922,88.14862823486328,313.3652648925781,0.5545024275779724,0.5541635751724243,0.00400757510215044,0.5483920645713806,0.5489688724279403,0.5493670105934143,0.5517080128192902,0.5541635751724243,0.556445837020874,0.5601566731929779,0.5621560782194137,0.5630147516727447
12558,-0.5545313954353333,240.5582733154297,88.46565246582031,313.00223650251115,0.5545313954353333,0.5541866421699524,0.0040142349898815155,0.5483920645713806,0.5489688724279403,0.5493670105934143,0.5517080128192902,0.5541866421699524,0.5564996302127838,0.5601566731929779,0.5621560782194137,0.5630147516727447
12649,-0.554554283618927,240.399658203125,88.75678253173828,312.64024571010043,0.554554283618927,0.5542532503604889,0.00399665255099535,0.5483920645713806,0.5489688724279403,0.5493670105934143,0.5517080128192902,0.5542532503604889,0.5564996302127838,0.5601566731929779,0.5621560782194137,0.5630147516727447
12740,-0.554554283618927,240.24440002441406,89.05428314208984,312.2755388532366,0.554554283618927,0.5542532503604889,0.00399665255099535,0.5483920645713806,0.5489688724279403,0.5493670105934143,0.5517080128192902,0.5542532503604889,0.5564996302127838,0.5601566731929779,0.5621560782194137,0.5630147516727447
12831,-0.5546378493309021,240.0772247314453,89.35419464111328,311.8934108189174,0.5546378493309021,0.5543424189090729,0.0040356991812586784,0.5483920645713806,0.5489688724279403,0.5493670105934143,0.5517080128192902,0.5543424189090729,0.5566076338291168,0.5601880848407745,0.5621560782194137,0.5630147516727447
12922,-0.5547845959663391,239.9169464111328,89.62342834472656,311.5333993094308,0.5547845959663391,0.5544198155403137,0.0039927843026816845,0.5484826624393463,0.5492810398340225,0.550006103515625,0.5520403236150742,0.5544198155403137,0.5566757023334503,0.5602121710777282,0.5621560782194137,0.5630147516727447
13013,-0.5548090934753418,239.75502014160156,89.91735076904297,311.1533769880022,0.5548090934753418,0.5544198155403137,0.004013031255453825,0.5484826624393463,0.5492810398340225,0.550006103515625,0.5520403236150742,0.5544198155403137,0.5566757023334503,0.5602121710777282,0.5621560782194137,0.5630147516727447
13104,-0.5551208853721619,239.59320068359375,90.21781921386719,310.7807094029018,0.5551209449768066,0.5546655654907227,0.004070549737662077,0.5489529144763946,0.549350792169571,0.5500659346580505,0.5521562695503235,0.5546655654907227,0.5573774874210358,0.5604812800884247,0.5621676743030548,0.5630147516727447
13195,-0.5551350116729736,239.40931701660156,90.49728393554688,310.3877519880022,0.5551350116729736,0.5546655654907227,0.004060132894665003,0.5489529144763946,0.549350792169571,0.5500659346580505,0.552410438656807,0.5546655654907227,0.5573774874210358,0.5604812800884247,0.5621676743030548,0.5630147516727447
13286,-0.5552801489830017,239.233642578125,90.77489471435547,310.00757271902904,0.5552801489830017,0.5547311007976532,0.0039923046715557575,0.5489690744876862,0.549367755651474,0.5505026578903198,0.5528261661529541,0.5547311007976532,0.5575161129236221,0.5604812800884247,0.5621676743030548,0.5630147516727447
13377,-0.5552953481674194,239.0691375732422,91.04692077636719,309.6386936732701,0.5552953481674194,0.5547311007976532,0.003981613554060459,0.5489690744876862,0.549367755651474,0.5505026578903198,0.5528261661529541,0.5547311007976532,0.5575161129236221,0.5604812800884247,0.5621676743030548,0.5630147516727447
13468,-0.5553512573242188,238.896240234375,91.34078979492188,309.2479901994978,0.5553513169288635,0.5547311007976532,0.003961376380175352,0.5489690744876862,0.549549812078476,0.5506171882152557,0.5528762489557266,0.5547311007976532,0.5575161129236221,0.5604812800884247,0.5621676743030548,0.5630147516727447
13559,-0.5553580522537231,238.7145233154297,91.6053466796875,308.86360822405135,0.5553581118583679,0.5547311007976532,0.0039654988795518875,0.5489690744876862,0.549549812078476,0.5506171882152557,0.5528762489557266,0.5547311007976532,0.5578785836696625,0.5604812800884247,0.5621676743030548,0.5630147516727447
13650,-0.5553580522537231,238.53125,91.88139343261719,308.467529296875,0.5553581118583679,0.5547311007976532,0.0039654988795518875,0.5489690744876862,0.549549812078476,0.5506171882152557,0.5528762489557266,0.5547311007976532,0.5578785836696625,0.5604812800884247,0.5621676743030548,0.5630147516727447
13741,-0.5553986430168152,238.36314392089844,92.17491912841797,308.07742745535717,0.55539870262146,0.5547988414764404,0.003941831178963184,0.5489690744876862,0.549549812078476,0.5506171882152557,0.5530593544244766,0.5547988414764404,0.5578785836696625,0.5604812800884247,0.5621676743030548,0.5630147516727447
13832,-0.5554885864257812,238.1877899169922,92.45368194580078,307.6965114048549,0.5554885864257812,0.5549195408821106,0.003926861099898815,0.5492908871173858,0.5497092962265014,0.5507697761058807,0.5530593544244766,0.5549195408821106,0.5580556094646454,0.5604812800884247,0.5621676743030548,0.5630147516727447
13923,-0.5555269718170166,238.03994750976562,92.72370147705078,307.3370797293527,0.5555269718170166,0.5549195408821106,0.003930614795535803,0.5492908871173858,0.5497092962265014,0.5508556842803956,0.5530593544244766,0.5549195408821106,0.5581124424934387,0.5604812800884247,0.5621676743030548,0.5630147516727447
14014,-0.5555468797683716,237.850341796875,92.99703979492188,306.9304853166853,0.5555468797683716,0.555005669593811,0.003924950957298279,0.5492908871173858,0.5497092962265014,0.5508556842803956,0.5530593544244766,0.555005669593811,0.5581124424934387,0.5604812800884247,0.5621676743030548,0.5630147516727447
14105,-0.5556183457374573,237.68994140625,93.29813385009766,306.54296875,0.5556183457374573,0.5550702810287476,0.003923740237951279,0.5492908871173858,0.5497092962265014,0.5508953750133514,0.5530652552843094,0.5550702810287476,0.5581996142864227,0.5604812800884247,0.5621676743030548,0.5630147516727447
14196,-0.5556466579437256,237.52304077148438,93.5838851928711,306.15457589285717,0.5556467175483704,0.5550702810287476,0.003899798495694995,0.5492908871173858,0.5497092962265014,0.5508953750133514,0.5532220304012299,0.5550702810287476,0.5581996142864227,0.5604812800884247,0.5621676743030548,0.5630147516727447
14287,-0.5557660460472107,237.36087036132812,93.85977172851562,305.7792532784598,0.5557660460472107,0.5551585555076599,0.003934414125978947,0.5492908871173858,0.5497092962265014,0.5508953750133514,0.5532685667276382,0.5551585555076599,0.5583211481571198,0.5605476260185241,0.5621676743030548,0.5630147516727447
14378,-0.5558410286903381,237.208984375,94.16295623779297,305.3959306989397,0.5558411478996277,0.5551585555076599,0.004048069007694721,0.5492908871173858,0.5497092962265014,0.5508953750133514,0.5532685667276382,0.5551585555076599,0.5585527569055557,0.560740613937378,0.5622390449047089,0.5638824772834777
14469,-0.5559821724891663,237.0392303466797,94.44983673095703,305.0005885532924,0.555982232093811,0.5553736090660095,0.004018070176243782,0.5492908871173858,0.5500495731830597,0.5511954724788666,0.5533363819122314,0.5553736090660095,0.5590852648019791,0.5614481806755066,0.5622390449047089,0.5638824772834777
14560,-0.5561003088951111,236.8710479736328,94.73764038085938,304.6092049734933,0.5561003088951111,0.5554706156253815,0.0039964159950613976,0.5492908871173858,0.5500495731830597,0.5514374852180481,0.5535016059875488,0.5554706156253815,0.5592059195041656,0.5614481806755066,0.5622390449047089,0.5638824772834777
14651,-0.5563698410987854,236.7055206298828,95.02882385253906,304.2132829938616,0.5563698410987854,0.5555385649204254,0.0044066328555345535,0.5492908871173858,0.5500495731830597,0.5514374852180481,0.5537327975034714,0.5555385649204254,0.5593247413635254,0.5615667581558228,0.5622876316308976,0.5657132685184478
14742,-0.556378185749054,236.54185485839844,95.32952880859375,303.8138732910156,0.556378185749054,0.5555385649204254,0.004400756675750017,0.5492908871173858,0.5500495731830597,0.5514374852180481,0.5537327975034714,0.5555385649204254,0.5593247413635254,0.5615667581558228,0.5622876316308976,0.5657132685184478
14833,-0.5565738677978516,236.35635375976562,95.60435485839844,303.4053475516183,0.5565738677978516,0.5556384325027466,0.00455089844763279,0.5492908871173858,0.5500495731830597,0.5514374852180481,0.5537327975034714,0.5556384325027466,0.5594523549079895,0.5620886623859406,0.563040241599083,0.567526160478592
14924,-0.5567987561225891,236.17172241210938,95.8720932006836,302.99550083705356,0.5567987561225891,0.555933028459549,0.004559312481433153,0.5492908871173858,0.5500495731830597,0.5516331434249878,0.5538662374019623,0.555933028459549,0.5600684136152267,0.562156492471695,0.563040241599083,0.567526160478592
15015,-0.5569131970405579,235.99288940429688,96.14633178710938,302.5913391113281,0.5569131970405579,0.5561025440692902,0.004546780604869127,0.5495184850692749,0.550085186958313,0.5516331434249878,0.553901195526123,0.5561025440692902,0.5601609200239182,0.562156492471695,0.563040241599083,0.567526160478592
15106,-0.5570234060287476,235.80508422851562,96.39396667480469,302.1902770996094,0.5570234060287476,0.5562169551849365,0.00455758860334754,0.5495184850692749,0.550085186958313,0.5516331434249878,0.5539717674255371,0.5562169551849365,0.5601969808340073,0.5621713995933533,0.563040241599083,0.567526160478592
15197,-0.5570930242538452,235.62059020996094,96.65766143798828,301.78096662248885,0.5570930242538452,0.5563331246376038,0.004592462442815304,0.5495184850692749,0.550085186958313,0.5516331434249878,0.5539717674255371,0.5563331246376038,0.5602836906909943,0.5622396349906922,0.563040241599083,0.567526160478592
15288,-0.5571485757827759,235.43838500976562,96.93228149414062,301.36141531808033,0.5571485757827759,0.5564532279968262,0.004554345738142729,0.5495184850692749,0.550085186958313,0.5517270803451538,0.5541899502277374,0.5564532279968262,0.5602836906909943,0.5622396349906922,0.563040241599083,0.567526160478592
15379,-0.5571978092193604,235.24807739257812,97.20133972167969,300.9440176827567,0.5571978688240051,0.5564843714237213,0.004541854839771986,0.5495184850692749,0.550085186958313,0.5517270803451538,0.5542468875646591,0.5564843714237213,0.5602836906909943,0.5622396349906922,0.563040241599083,0.567526160478592
15470,-0.557328999042511,235.05096435546875,97.46439361572266,300.51949201311385,0.557328999042511,0.5567043423652649,0.004508889280259609,0.5496269118785858,0.550085186958313,0.5526278257369995,0.5542891025543213,0.5567043423652649,0.5604265779256821,0.5622396349906922,0.563040241599083,0.567526160478592
15561,-0.5575065612792969,234.83856201171875,97.71992492675781,300.0807102748326,0.5575066208839417,0.5572870075702667,0.004571183118969202,0.5496269118785858,0.550085186958313,0.5526278257369995,0.5542891025543213,0.5572870075702667,0.5605646669864655,0.5623083591461182,0.5638747870922088,0.567526160478592
15652,-0.5575350522994995,234.638427734375,97.98161315917969,299.6503208705357,0.5575350522994995,0.5572870075702667,0.004550616256892681,0.5496269118785858,0.550085186958313,0.5526278257369995,0.5544133931398392,0.5572870075702667,0.5605646669864655,0.5623083591461182,0.5638747870922088,0.567526160478592
15743,-0.5577171444892883,234.4239959716797,98.22904968261719,299.2160949707031,0.5577171444892883,0.5573935210704803,0.00441871490329504,0.5497154247760773,0.551197600364685,0.5528796374797821,0.5545661747455597,0.5573935210704803,0.5605646669864655,0.5623083591461182,0.5638747870922088,0.567526160478592
15834,-0.5577254295349121,234.22731018066406,98.49140167236328,298.7903355189732,0.5577254891395569,0.5573935210704803,0.0044064815156161785,0.5497154247760773,0.5515875279903412,0.5528796374797821,0.5545661747455597,0.5573935210704803,0.5605646669864655,0.5623083591461182,0.5638747870922088,0.567526160478592
15925,-0.5577616095542908,234.04051208496094,98.74748992919922,298.3821062360491,0.5577616691589355,0.5573935210704803,0.004379835445433855,0.5500583064556122,0.5515875279903412,0.5528796374797821,0.5546289086341858,0.5573935210704803,0.5605646669864655,0.5623083591461182,0.5638747870922088,0.567526160478592
16016,-0.5578411221504211,233.8712158203125,99.0338363647461,297.97559029715404,0.5578411221504211,0.5573935210704803,0.00425773486495018,0.551405200958252,0.5516516357660294,0.5530174851417542,0.5546289086341858,0.5573935210704803,0.5605646669864655,0.5623083591461182,0.5638747870922088,0.567526160478592
16107,-0.5579061508178711,233.68492126464844,99.311279296875,297.54821341378346,0.5579062104225159,0.5575338006019592,0.004278996959328651,0.551405200958252,0.5516516357660294,0.5530174851417542,0.5546289086341858,0.5575338006019592,0.5605646669864655,0.5625869333744049,0.5638747870922088,0.567526160478592
16198,-0.5579061508178711,233.48577880859375,99.54582977294922,297.13460867745533,0.5579062104225159,0.5575338006019592,0.004278996959328651,0.551405200958252,0.5516516357660294,0.5530174851417542,0.5546289086341858,0.5575338006019592,0.5605646669864655,0.5625869333744049,0.5638747870922088,0.567526160478592
16289,-0.5579813122749329,233.3144073486328,99.83238220214844,296.7161560058594,0.5579813122749329,0.5576723217964172,0.004243597853928804,0.551405200958252,0.5516516357660294,0.5530174851417542,0.5546796917915344,0.5576723217964172,0.5605646669864655,0.5625869333744049,0.5638747870922088,0.567526160478592
16380,-0.5580788850784302,233.09417724609375,100.0475845336914,296.2746146065848,0.558078944683075,0.5577996075153351,0.004232130479067564,0.551405200958252,0.5516516357660294,0.5530174851417542,0.5548056662082672,0.5577996075153351,0.5606407523155212,0.5625869333744049,0.5638747870922088,0.567526160478592
16471,-0.5582371354103088,232.89364624023438,100.29483032226562,295.84371512276783,0.5582370758056641,0.5579332709312439,0.004189785569906235,0.551603307723999,0.5526774048805236,0.5532489895820618,0.5549518018960953,0.5579332709312439,0.5606729239225388,0.5628405570983886,0.5644218862056732,0.567526160478592
16562,-0.5582483410835266,232.68075561523438,100.5331802368164,295.4043448311942,0.5582482814788818,0.5581044554710388,0.004189132712781429,0.551603307723999,0.5526774048805236,0.5532489895820618,0.5549518018960953,0.5581044554710388,0.5606729239225388,0.5628405570983886,0.5644218862056732,0.567526160478592
16653,-0.5583333373069763,232.4763641357422,100.79769897460938,294.9549037388393,0.5583333373069763,0.5582384467124939,0.004134826362133026,0.5516512870788575,0.552781343460083,0.553658789396286,0.5550659596920013,0.5582384467124939,0.5606729239225388,0.5628405570983886,0.5644218862056732,0.567526160478592
16744,-0.558564305305481,232.26181030273438,101.04500579833984,294.5071541922433,0.5585642457008362,0.5585334897041321,0.004202220123261213,0.5516512870788575,0.552781343460083,0.553658789396286,0.5553843677043915,0.5585334897041321,0.5607986450195312,0.562928581237793,0.564971286058426,0.567526160478592
16835,-0.558684766292572,232.0738067626953,101.30113983154297,294.0826198032924,0.5586848258972168,0.5586286187171936,0.004263080656528473,0.5516512870788575,0.552781343460083,0.553658789396286,0.5553843677043915,0.5586286187171936,0.5615604221820831,0.5629723846912384,0.564971286058426,0.567526160478592
16926,-0.558743417263031,231.8326416015625,101.5313949584961,293.6095624651228,0.558743417263031,0.5586286187171936,0.004205881152302027,0.5517328310012818,0.5528398096561432,0.5539628863334656,0.5554023683071136,0.5586286187171936,0.5615604221820831,0.5629723846912384,0.564971286058426,0.567526160478592
17017,-0.5587766766548157,231.6334686279297,101.75563049316406,293.1829354422433,0.5587766766548157,0.5586286187171936,0.004165153484791517,0.5527045822143555,0.5528878659009934,0.5539628863334656,0.5555035322904587,0.5586286187171936,0.5615604221820831,0.5629723846912384,0.564971286058426,0.567526160478592
17108,-0.5589543581008911,231.43324279785156,102.00856018066406,292.7360403878348,0.5589543581008911,0.5588096976280212,0.004176666494458914,0.5527045822143555,0.5528878659009934,0.5540031790733337,0.555600956082344,0.5588096976280212,0.5615903437137604,0.5630827248096466,0.5653801709413528,0.567526160478592
17199,-0.5591124892234802,231.22482299804688,102.28166961669922,292.26990182059154,0.5591124296188354,0.5592652857303619,0.004123979713767767,0.5527045822143555,0.5528878659009934,0.5541235208511353,0.5560665428638458,0.5592652857303619,0.5615903437137604,0.5630827248096466,0.5653801709413528,0.567526160478592
17290,-0.5592201948165894,231.00628662109375,102.4999008178711,291.82165091378346,0.5592201948165894,0.5593134760856628,0.004131120163947344,0.5527045822143555,0.5528878659009934,0.5541235208511353,0.5561157166957855,0.5593134760856628,0.5617185086011887,0.5633671998977661,0.5653801709413528,0.567526160478592
17381,-0.5592731833457947,230.78834533691406,102.76188659667969,291.3525652204241,0.5592731833457947,0.5593134760856628,0.004158572759479284,0.5527045822143555,0.5528878659009934,0.5542693793773651,0.5561157166957855,0.5593134760856628,0.5619167685508728,0.5635692775249481,0.5653801709413528,0.567526160478592
17472,-0.559469997882843,230.59075927734375,103.02374267578125,290.90115792410717,0.5594699382781982,0.5594386458396912,0.004354928620159626,0.5527045822143555,0.5528878659009934,0.5542693793773651,0.5561157166957855,0.5594386458396912,0.5619872510433197,0.5639021515846252,0.5656826913356781,0.5712897908687592
17563,-0.559600830078125,230.36093139648438,103.24994659423828,290.4281093052455,0.5596007704734802,0.5595335066318512,0.004242178983986378,0.5527606582641602,0.553668138384819,0.5545671701431274,0.5566056221723557,0.5595335066318512,0.5619872510433197,0.5639021515846252,0.5656826913356781,0.5712897908687592
17654,-0.5596489310264587,230.16969299316406,103.51569366455078,289.981192452567,0.5596489906311035,0.5595335066318512,0.004297348205000162,0.5527606582641602,0.553668138384819,0.5545671701431274,0.5566056221723557,0.5595335066318512,0.5619872510433197,0.5644473791122436,0.5665225446224212,0.5712897908687592
17745,-0.5598090887069702,229.95729064941406,103.77738952636719,289.5081307547433,0.5598090887069702,0.5595335066318512,0.004450525157153606,0.5527606582641602,0.5539774000644684,0.5545671701431274,0.5566056221723557,0.5595335066318512,0.5621019005775452,0.5649809896945953,0.5672608077526092,0.572267792224884
17836,-0.5598872900009155,229.7505645751953,104.0387954711914,289.0447562081473,0.5598872900009155,0.5596165359020233,0.00442054308950901,0.5527606582641602,0.5539774000644684,0.5546823143959045,0.5567453801631927,0.5596165359020233,0.5621019005775452,0.5649809896945953,0.5672608077526092,0.572267792224884
17927,-0.5601097345352173,229.49484252929688,104.26912689208984,288.5330592564174,0.5601097345352173,0.5599241554737091,0.004520094022154808,0.5527606582641602,0.5539774000644684,0.5550521075725555,0.5568821281194687,0.5599241554737091,0.5623134672641754,0.5655257523059845,0.5676403313875198,0.572267792224884
18018,-0.5603280663490295,229.26593017578125,104.49800109863281,288.05721173967635,0.5603281259536743,0.5600501298904419,0.004550377372652292,0.5528645741939545,0.5542834728956223,0.5553908228874207,0.5573262423276901,0.5600501298904419,0.5626144260168076,0.5659945487976075,0.5682825654745102,0.572267792224884
18109,-0.5603833794593811,229.040283203125,104.7469711303711,287.5787440708705,0.5603834390640259,0.5600501298904419,0.004507017321884632,0.5528645741939545,0.5543944567441941,0.5554038166999817,0.5574352592229843,0.5600501298904419,0.5626144260168076,0.5659945487976075,0.5682825654745102,0.572267792224884
18200,-0.5604684352874756,228.82513427734375,104.98023986816406,287.1171177455357,0.5604684352874756,0.560154914855957,0.004528819117695093,0.5528645741939545,0.5543944567441941,0.5554038166999817,0.5574352592229843,0.560154914855957,0.5629354119300842,0.5659945487976075,0.5682825654745102,0.572267792224884
18291,-0.5605095028877258,228.59933471679688,105.22578430175781,286.6284877232143,0.5605095028877258,0.5602912306785583,0.0044988240115344524,0.5534919488430023,0.5543944567441941,0.5554038166999817,0.5574352592229843,0.5602912306785583,0.5629354119300842,0.5659945487976075,0.5682825654745102,0.572267792224884
18382,-0.5606608390808105,228.36788940429688,105.47600555419922,286.13473074776783,0.5606608390808105,0.5605097711086273,0.004521726164966822,0.5534919488430023,0.5543944567441941,0.5557140469551086,0.5574352592229843,0.5605097711086273,0.5629766136407852,0.5665274500846863,0.5682825654745102,0.572267792224884
18473,-0.5607745051383972,228.12144470214844,105.68263244628906,285.6460527692522,0.560774564743042,0.5605971217155457,0.004462207201868296,0.5534919488430023,0.5543944567441941,0.5557140469551086,0.5577428191900253,0.5605971217155457,0.5629766136407852,0.5665274500846863,0.5682825654745102,0.572267792224884
18564,-0.5608558058738708,227.91326904296875,105.92781829833984,285.17325265066967,0.5608558058738708,0.5606527030467987,0.004407525062561035,0.5534919488430023,0.5543944567441941,0.5557140469551086,0.5579879581928253,0.5606527030467987,0.5629766136407852,0.5665274500846863,0.5682825654745102,0.572267792224884
18655,-0.5609319806098938,227.67945861816406,106.1557846069336,284.6778041294643,0.5609320998191833,0.5606755018234253,0.004385285545140505,0.5534919488430023,0.5543944567441941,0.5557140469551086,0.5580654442310333,0.5606755018234253,0.5629766136407852,0.5665274500846863,0.5682825654745102,0.572267792224884
18746,-0.561166524887085,227.43234252929688,106.38727569580078,284.1658630371094,0.561166524887085,0.5607657432556152,0.004551334772258997,0.5534919488430023,0.5543944567441941,0.5557140469551086,0.558199867606163,0.5607657432556152,0.5630417019128799,0.5672707676887512,0.5712688058614731,0.572267792224884
18837,-0.5613315105438232,227.2068328857422,106.62885284423828,283.6831490652902,0.5613315105438232,0.5607657432556152,0.004410678520798683,0.5536976909637451,0.5549395740032196,0.5562590599060059,0.5583015531301498,0.5607657432556152,0.5631743222475052,0.5672707676887512,0.5712688058614731,0.572267792224884
18928,-0.5614885687828064,226.9822235107422,106.86595916748047,283.2009800502232,0.5614885687828064,0.5608360767364502,0.0044367313385009766,0.5536976909637451,0.5552062511444091,0.5562923073768615,0.5586106777191162,0.5608360767364502,0.5631916970014572,0.5673009634017945,0.5712688058614731,0.572267792224884
19019,-0.5617050528526306,226.7501678466797,107.07667541503906,282.71517072405135,0.5617051124572754,0.561274915933609,0.0044734785333275795,0.5536976909637451,0.5552062511444091,0.5562923073768615,0.5588537752628326,0.561274915933609,0.5636156350374222,0.5677894115447998,0.5712688058614731,0.572267792224884
19110,-0.5618480443954468,226.5314178466797,107.31895446777344,282.2262398856027,0.561847984790802,0.5613670349121094,0.0044436976313591,0.5542829263210297,0.5555737435817718,0.5567149758338928,0.5589518547058105,0.5613670349121094,0.563920795917511,0.5680065631866456,0.5712688058614731,0.572267792224884
19201,-0.5619395971298218,226.29029846191406,107.5146713256836,281.73975917271207,0.5619395971298218,0.5614676475524902,0.004410033579915762,0.5546314740180969,0.5556264042854309,0.5567397832870483,0.5591496378183365,0.5614676475524902,0.563920795917511,0.5680065631866456,0.5712688058614731,0.572267792224884
19292,-0.5620583891868591,226.06640625,107.75707244873047,281.2450212751116,0.5620583891868591,0.5614676475524902,0.004466721322387457,0.5549360370635986,0.5561497867107391,0.5567485213279724,0.5591496378183365,0.5614676475524902,0.5642681121826172,0.5681803941726684,0.5712688058614731,0.572267792224884
19383,-0.5620996952056885,225.83473205566406,107.96405792236328,280.76649693080356,0.5620996952056885,0.5616046190261841,0.004455568268895149,0.5549360370635986,0.5561497867107391,0.5567485213279724,0.559280201792717,0.5616046190261841,0.5642681121826172,0.5681803941726684,0.5712688058614731,0.572267792224884
19474,-0.5622552037239075,225.586181640625,108.18721008300781,280.2513166155134,0.5622551441192627,0.561724454164505,0.0045317052863538265,0.5549360370635986,0.5561497867107391,0.5567485213279724,0.5593176186084747,0.561724454164505,0.564411923289299,0.5686801552772522,0.5715234935283661,0.5725616657733917
19565,-0.562345564365387,225.34658813476562,108.41594696044922,279.7457929338728,0.562345564365387,0.5619086623191833,0.004542735405266285,0.5549360370635986,0.5562628626823425,0.5567485213279724,0.5593176186084747,0.5619086623191833,0.5645422488451004,0.5686801552772522,0.5715234935283661,0.5725616657733917
19656,-0.5626798272132874,225.1103057861328,108.638427734375,279.24269321986606,0.5626798868179321,0.5619614124298096,0.004615931771695614,0.5561771678924561,0.5563058018684387,0.5568939924240113,0.559421181678772,0.5619614124298096,0.5649430155754089,0.5688227415084839,0.5716773808002472,0.5729922437667847
19747,-0.5626798272132874,224.88551330566406,108.87903594970703,278.73577880859375,0.5626798868179321,0.5619614124298096,0.004615931771695614,0.5561771678924561,0.5563058018684387,0.5568939924240113,0.559421181678772,0.5619614124298096,0.5649430155754089,0.5688227415084839,0.5716773808002472,0.5729922437667847
19838,-0.5627834796905518,224.6388397216797,109.08997344970703,278.2348153250558,0.5627834796905518,0.5621225833892822,0.004623535089194775,0.5562517023086548,0.5564173460006714,0.5571032881736755,0.559421181678772,0.5621225833892822,0.565603032708168,0.5688227415084839,0.5716773808002472,0.5729922437667847
19929,-0.5631375908851624,224.3975372314453,109.3037338256836,277.7288251604353,0.5631376504898071,0.5623783469200134,0.004692733753472567,0.5562517023086548,0.5564173460006714,0.557392930984497,0.5600552260875702,0.5623783469200134,0.5662552416324615,0.5704253792762757,0.5721886992454529,0.5729922437667847
20020,-0.5632936358451843,224.1259307861328,109.4985580444336,277.187744140625,0.5632936358451843,0.5625683963298798,0.004651735071092844,0.5562945866584778,0.5567447006702423,0.5576468110084534,0.5603930354118347,0.5625683963298798,0.5662552416324615,0.5705783247947693,0.5721886992454529,0.5729922437667847
20111,-0.5636226534843445,223.8658905029297,109.67475891113281,276.6736319405692,0.5636227130889893,0.5628173053264618,0.004689541645348072,0.5562945866584778,0.5568490505218506,0.5580423235893249,0.5604392439126968,0.5628173053264618,0.5667870342731476,0.5707473576068878,0.5722686976194382,0.5729922437667847
20202,-0.5636226534843445,223.63124084472656,109.91088104248047,276.1524919782366,0.5636227130889893,0.5628173053264618,0.004689541645348072,0.5562945866584778,0.5568490505218506,0.5580423235893249,0.5604392439126968,0.5628173053264618,0.5667870342731476,0.5707473576068878,0.5722686976194382,0.5729922437667847
20293,-0.5639360547065735,223.3876495361328,110.13887023925781,275.6234915597098,0.5639360547065735,0.5629200339317322,0.004689110442996025,0.5568518114089965,0.5572866320610046,0.5583134353160858,0.5606541186571121,0.5629200339317322,0.5669390112161636,0.5712818682193757,0.5725572794675827,0.5746761071681976
20384,-0.5639972686767578,223.13836669921875,110.33242797851562,275.11621529715404,0.5639972686767578,0.5629467964172363,0.004660841077566147,0.5568518114089965,0.5572866320610046,0.5583134353160858,0.560695230960846,0.5629467964172363,0.5669390112161636,0.5712818682193757,0.5725572794675827,0.5746761071681976
20475,-0.5643011331558228,222.8966522216797,110.5511474609375,274.597900390625,0.5643011927604675,0.5630872249603271,0.004506911616772413,0.5576609921455383,0.5580650180578232,0.5593190431594849,0.5607770532369614,0.5630872249603271,0.5671123415231705,0.571529996395111,0.5725572794675827,0.5746761071681976
20566,-0.564464271068573,222.66050720214844,110.76277923583984,274.08324759347096,0.5644643306732178,0.5635127425193787,0.004518850706517696,0.5576609921455383,0.5580650180578232,0.5593190431594849,0.5608291476964951,0.5635127425193787,0.5674532800912857,0.571529996395111,0.5725572794675827,0.5746761071681976
20657,-0.5645468831062317,222.38880920410156,110.96208190917969,273.5390886579241,0.5645468235015869,0.5636475086212158,0.004477267619222403,0.5576609921455383,0.5580650180578232,0.5593190431594849,0.5610437542200089,0.5636475086212158,0.5674532800912857,0.571529996395111,0.5725572794675827,0.5746761071681976
20748,-0.564631462097168,222.13104248046875,111.16931915283203,273.0047825404576,0.5646315217018127,0.5637475252151489,0.004469592124223709,0.5576609921455383,0.5580650180578232,0.5595627069473267,0.5613381564617157,0.5637475252151489,0.5674532800912857,0.571529996395111,0.5725572794675827,0.5746761071681976
20839,-0.5649033784866333,221.85198974609375,111.36429595947266,272.45332990373885,0.5649033784866333,0.564344733953476,0.004425629507750273,0.5576733136177063,0.5582336872816086,0.5595627069473267,0.5614771246910095,0.564344733953476,0.5680090039968491,0.571529996395111,0.5725572794675827,0.5746761071681976
20930,-0.5650925040245056,221.57821655273438,111.54027557373047,271.92142159598217,0.5650925636291504,0.5646727681159973,0.004410048946738243,0.5580698335170746,0.5585525542497635,0.5598278880119324,0.5615396201610565,0.5646727681159973,0.5680728554725647,0.5716706275939941,0.5726366966962815,0.5746761071681976
21021,-0.5654148459434509,221.33758544921875,111.75041961669922,271.40675136021207,0.5654148459434509,0.5648984909057617,0.004258247558027506,0.5585582709312439,0.5595343858003616,0.5606992900371551,0.5620736181735992,0.5648984909057617,0.5681747794151306,0.5716808199882507,0.5726366966962815,0.5746761071681976
21112,-0.565525233745575,221.0450439453125,111.9322738647461,270.84371076311385,0.565525233745575,0.5649791955947876,0.004293731413781643,0.5585582709312439,0.5595343858003616,0.5606992900371551,0.5620736181735992,0.5649791955947876,0.5683654248714447,0.5717330157756806,0.5726366966962815,0.5746761071681976
21203,-0.5659807920455933,220.8193359375,112.17936706542969,270.3098842075893,0.5659807920455933,0.5654851198196411,0.00455655250698328,0.5585582709312439,0.5595637083053588,0.5607280969619751,0.5623741149902344,0.5654851198196411,0.5688887238502502,0.5722836911678314,0.5736782014369964,0.5753372621536255
21294,-0.5660219788551331,220.570556640625,112.39037322998047,269.7708260672433,0.5660219788551331,0.5656670928001404,0.004512753803282976,0.5591924238204956,0.5598425090312957,0.5608383774757385,0.5623741149902344,0.5656670928001404,0.5688887238502502,0.5722836911678314,0.5736782014369964,0.5753372621536255
21385,-0.566106379032135,220.318359375,112.6187744140625,269.2127380371094,0.5661064386367798,0.5658524036407471,0.004509360995143652,0.5591924238204956,0.5598425090312957,0.5608383774757385,0.5626737177371979,0.5658524036407471,0.5690337866544724,0.5722836911678314,0.5736782014369964,0.5753372621536255
21476,-0.5663416385650635,220.0312957763672,112.79937744140625,268.6476048060826,0.5663416981697083,0.5662108957767487,0.0044975741766393185,0.5591924238204956,0.5598425090312957,0.5608383774757385,0.5628168284893036,0.5662108957767487,0.5692270845174789,0.5722836911678314,0.5736782014369964,0.5753372621536255
21567,-0.5666633248329163,219.78988647460938,113.00407409667969,268.1200735909598,0.5666633248329163,0.5665152966976166,0.004710341803729534,0.5591924238204956,0.5598425090312957,0.5608383774757385,0.5628674030303955,0.5665152966976166,0.5697616189718246,0.5726457297801971,0.5746931999921798,0.5756529116630554
21658,-0.5668463110923767,219.51087951660156,113.19926452636719,267.55334908621654,0.5668463110923767,0.5665878653526306,0.004589735064655542,0.5595378935337066,0.5603269666433335,0.561043518781662,0.56291863322258,0.5665878653526306,0.5702332854270935,0.5726457297801971,0.5746931999921798,0.5756529116630554
21749,-0.5670560598373413,219.23326110839844,113.3896484375,266.98558262416293,0.5670560002326965,0.566806435585022,0.00460999459028244,0.5595378935337066,0.5603269666433335,0.561043518781662,0.5632217079401016,0.566806435585022,0.5707471072673798,0.572823303937912,0.5746931999921798,0.5756529116630554
21840,-0.5672021508216858,218.96249389648438,113.5992660522461,266.41210501534596,0.567202091217041,0.5669570863246918,0.004621162079274654,0.5595378935337066,0.5603269666433335,0.561043518781662,0.5634320676326752,0.5669570863246918,0.571000799536705,0.572823303937912,0.5746931999921798,0.5756529116630554
21931,-0.5675420165061951,218.70907592773438,113.79853057861328,265.8630937848772,0.5675420165061951,0.5671050250530243,0.004700541961938143,0.559844092130661,0.560842114686966,0.5615916550159454,0.5636475682258606,0.5671050250530243,0.571000799536705,0.5730249285697937,0.5752393633127213,0.5791705977916718
22022,-0.5676552653312683,218.4324188232422,113.97799682617188,265.3072422572545,0.5676553249359131,0.5673171281814575,0.004673185758292675,0.559844092130661,0.560842114686966,0.5621111929416657,0.5637724846601486,0.5673171281814575,0.5712631791830063,0.5730249285697937,0.5752393633127213,0.5791705977916718
22113,-0.5679000616073608,218.1945037841797,114.20503234863281,264.7631181989397,0.5679000616073608,0.5675905346870422,0.00494557898491621,0.559844092130661,0.560842114686966,0.5622085273265839,0.5637724846601486,0.5675905346870422,0.5713081955909729,0.5736744046211243,0.575344729423523,0.5794015347957611
22204,-0.5682764053344727,217.95201110839844,114.40422058105469,264.23016357421875,0.5682764053344727,0.5677057206630707,0.005072896368801594,0.5600562584400177,0.5609054207801819,0.5623662352561951,0.5643973648548126,0.5677057206630707,0.5713776499032974,0.5741494059562683,0.5757604897022247,0.5824314689636231
22295,-0.5685096383094788,217.6538848876953,114.55274963378906,263.6598467145647,0.5685096979141235,0.5680247247219086,0.005094470921903849,0.5600562584400177,0.5609054207801819,0.5625032663345337,0.5654377341270447,0.5680247247219086,0.5715495049953461,0.5745401501655578,0.5763124644756317,0.5824314689636231
22386,-0.5686953067779541,217.35826110839844,114.73479461669922,263.06883457728793,0.5686953067779541,0.5680895447731018,0.005107695236802101,0.5600562584400177,0.5611718952655792,0.5625327825546265,0.5655377209186554,0.5680895447731018,0.5716643780469894,0.5747314691543579,0.5769396930932998,0.5824314689636231
22477,-0.5687351226806641,217.05894470214844,114.90235900878906,262.4783630371094,0.5687351822853088,0.5680895447731018,0.005061643663793802,0.5600562584400177,0.562115204334259,0.5626577913761139,0.5655377209186554,0.5680895447731018,0.5716643780469894,0.5747314691543579,0.5769396930932998,0.5824314689636231
22568,-0.5690299272537231,216.76406860351562,115.09751892089844,261.8699733189174,0.5690299868583679,0.5683772563934326,0.005143444985151291,0.5600562584400177,0.562115204334259,0.5631642878055573,0.5657836198806763,0.5683772563934326,0.5718144476413727,0.5753456354141235,0.5791758030653,0.5824314689636231
22659,-0.5691918730735779,216.47731018066406,115.29808807373047,261.2738778250558,0.5691918730735779,0.5684663653373718,0.005138431675732136,0.5607568919658661,0.562217402458191,0.5632349133491517,0.5658361315727234,0.5684663653373718,0.5718144476413727,0.5754773378372192,0.5791758030653,0.5824314689636231
22750,-0.569499135017395,216.1861114501953,115.44934844970703,260.7010803222656,0.5694991946220398,0.5689935386180878,0.005096291191875935,0.5607568919658661,0.562217402458191,0.5632587611675263,0.5667164772748947,0.5689935386180878,0.5723471939563751,0.5754773378372192,0.5791758030653,0.5824314689636231
22841,-0.5699213147163391,215.8965301513672,115.6470947265625,260.0934622628348,0.5699213147163391,0.5692355334758759,0.0052390978671610355,0.5607568919658661,0.5626665741205216,0.5635790526866913,0.5668632388114929,0.5692355334758759,0.5726976841688156,0.575675904750824,0.5793805211782456,0.5846940851211547
22932,-0.5701956748962402,215.5927276611328,115.82103729248047,259.48301478794644,0.5701956748962402,0.5695273578166962,0.00511975958943367,0.5621218764781952,0.5632358133792877,0.5636438965797425,0.5669707655906677,0.5695273578166962,0.5727737247943878,0.575675904750824,0.5793805211782456,0.5846940851211547
23023,-0.5705580115318298,215.27719116210938,115.98665618896484,258.86900111607144,0.5705580115318298,0.5698918402194977,0.0051802038215100765,0.5626642525196075,0.5632440745830536,0.5636476039886474,0.5670164376497269,0.5698918402194977,0.5729456841945648,0.5767090916633606,0.5802211105823517,0.5846940851211547
23114,-0.5706841945648193,214.99374389648438,116.18190002441406,258.2665448869978,0.5706841945648193,0.5702669620513916,0.0051890090107917786,0.5626642525196075,0.5632440745830536,0.5636476039886474,0.5670967996120453,0.5702669620513916,0.5729893147945404,0.5767090916633606,0.5802211105823517,0.5846940851211547
23205,-0.5712010264396667,214.69540405273438,116.37006378173828,257.64342825753346,0.571200966835022,0.5711020231246948,0.0050597465597093105,0.5626642525196075,0.5632440745830536,0.5644729971885681,0.5679329633712769,0.5711020231246948,0.5735726356506348,0.5767734110355377,0.5802211105823517,0.5846940851211547
23296,-0.5713097453117371,214.42718505859375,116.56320190429688,257.062744140625,0.5713097453117371,0.5712678730487823,0.005032380577176809,0.5626642525196075,0.5632599860429763,0.5657185316085815,0.5679816454648972,0.5712678730487823,0.5735726356506348,0.5783429980278015,0.5802211105823517,0.5846940851211547
23387,-0.5716550946235657,214.12716674804688,116.72726440429688,256.4609941755022,0.5716550946235657,0.5715115070343018,0.004894863348454237,0.5632254683971405,0.563628938794136,0.5664159595966339,0.5681086033582687,0.5715115070343018,0.5741450041532516,0.5783429980278015,0.5802211105823517,0.5846940851211547
23478,-0.5719378590583801,213.81924438476562,116.89923095703125,255.83849443708147,0.5719378590583801,0.5717540085315704,0.004744007717818022,0.5632254683971405,0.564540696144104,0.5666167736053467,0.5689007043838501,0.5717540085315704,0.5741450041532516,0.5783429980278015,0.5802211105823517,0.5846940851211547
23569,-0.572200357913971,213.52499389648438,117.06429290771484,255.24188450404577,0.5722004175186157,0.5718601047992706,0.004618902690708637,0.5632254683971405,0.5657813549041748,0.5668452501296997,0.5692033767700195,0.5718601047992706,0.5746754109859467,0.5783429980278015,0.5802211105823517,0.5846940851211547
23660,-0.5724442005157471,213.2284698486328,117.2409439086914,254.62267412458147,0.5724442005157471,0.5720011591911316,0.004772203974425793,0.5632254683971405,0.5657813549041748,0.5669872462749481,0.569377601146698,0.5720011591911316,0.5748991668224335,0.578481125831604,0.5818235993385314,0.5846940851211547
23751,-0.5726428031921387,212.93836975097656,117.42179870605469,254.01998029436385,0.5726428031921387,0.5720691680908203,0.004639006219804287,0.5642845499515533,0.5662573665380478,0.5671836793422699,0.5694533884525299,0.5720691680908203,0.5752710700035095,0.5784984767436981,0.5818235993385314,0.5846940851211547
23842,-0.5728610754013062,212.64346313476562,117.6073989868164,253.4009508405413,0.5728610754013062,0.5724302232265472,0.004523735027760267,0.5645817577838897,0.5662573665380478,0.5679143309593201,0.569892168045044,0.5724302232265472,0.5753283500671387,0.5784984767436981,0.5818235993385314,0.5846940851211547
23933,-0.5730988383293152,212.33828735351562,117.77607727050781,252.7817600795201,0.5730987787246704,0.5726949274539948,0.004362381529062986,0.5647677397727966,0.5671855449676514,0.5682762503623963,0.5702670365571976,0.5726949274539948,0.5753283500671387,0.5784984767436981,0.5818235993385314,0.5846940851211547
24024,-0.5735200643539429,212.06874084472656,117.98080444335938,252.17590550013952,0.5735200643539429,0.572926789522171,0.004187350627034903,0.5668282496929169,0.5680693864822388,0.5689452469348908,0.5708652585744858,0.572926789522171,0.57548388838768,0.5793762087821961,0.5820295989513398,0.5846940851211547
24115,-0.573628842830658,211.75137329101562,118.12433624267578,251.55465698242188,0.5736289024353027,0.5729498267173767,0.004234523978084326,0.5668282496929169,0.5681685358285904,0.5689554452896118,0.5708652585744858,0.5729498267173767,0.57554891705513,0.5797405540943146,0.5820295989513398,0.5846940851211547
24206,-0.5737512707710266,211.45018005371094,118.29351806640625,250.94568961007255,0.5737512707710266,0.5729582905769348,0.00431210920214653,0.5668282496929169,0.5681685358285904,0.5689554452896118,0.5708652585744858,0.5729582905769348,0.5755851715803146,0.5802142143249511,0.5820295989513398,0.5846940851211547
24297,-0.5739136934280396,211.15953063964844,118.48393249511719,250.30675179617745,0.5739136934280396,0.5729582905769348,0.004389735404402018,0.5675175094604492,0.5681732267141342,0.5689554452896118,0.5708652585744858,0.5729582905769348,0.575626328587532,0.5809268593788147,0.5824858009815216,0.5847335135936736
24388,-0.5739977359771729,210.87611389160156,118.65187072753906,249.70208086286272,0.5739977955818176,0.5730293393135071,0.004355625715106726,0.5675175094604492,0.5687041968107224,0.568970650434494,0.5709980726242065,0.5730293393135071,0.575626328587532,0.5809268593788147,0.5824858009815216,0.5847335135936736
24479,-0.574284553527832,210.5776824951172,118.82396697998047,249.06998552594865,0.5742846131324768,0.5732032656669617,0.004620170686393976,0.5675175094604492,0.5687041968107224,0.568970650434494,0.5709980726242065,0.5732032656669617,0.5764531046152115,0.5812537193298339,0.5844053208827973,0.5852981173992157
24570,-0.5745595693588257,210.2454071044922,118.9635238647461,248.42645917619978,0.5745595693588257,0.5734493434429169,0.004589062184095383,0.5675175094604492,0.5687451541423798,0.5693847477436066,0.5713701695203781,0.5734493434429169,0.5775722414255142,0.5812537193298339,0.5844053208827973,0.5852981173992157
24661,-0.5747352838516235,209.9600372314453,119.1689453125,247.77921840122767,0.5747353434562683,0.5740305185317993,0.004570066463202238,0.5675175094604492,0.5688350349664688,0.5694857895374298,0.5713812410831451,0.5740305185317993,0.5775989294052124,0.5812537193298339,0.5844053208827973,0.5852981173992157
24752,-0.5749440789222717,209.6630401611328,119.35028839111328,247.14263262067522,0.5749441385269165,0.5741824805736542,0.004509754944592714,0.5687326765060425,0.5689706474542617,0.5696467578411102,0.5714303106069565,0.5741824805736542,0.5776402056217194,0.5815600275993347,0.5844053208827973,0.5852981173992157
24843,-0.57532799243927,209.35287475585938,119.50385284423828,246.50438363211495,0.5753280520439148,0.5746026039123535,0.004321469459682703,0.5689377951622009,0.5694888561964035,0.5702967464923858,0.5719822645187378,0.5746026039123535,0.5778961330652237,0.5815600275993347,0.5844053208827973,0.5852981173992157
24934,-0.5754348039627075,209.0435333251953,119.64341735839844,245.8705291748047,0.5754348635673523,0.5746861100196838,0.00433586910367012,0.5689377951622009,0.569566497206688,0.5704697489738464,0.5720968544483185,0.5746861100196838,0.5780215859413147,0.5817964971065521,0.5844053208827973,0.5852981173992157
25025,-0.575641930103302,208.70233154296875,119.79906463623047,245.1901593889509,0.5756419897079468,0.5747478008270264,0.004273078870028257,0.5694906961917877,0.5701880753040314,0.5709012269973754,0.5723651647567749,0.5747478008270264,0.5783533155918121,0.5817964971065521,0.5844053208827973,0.5852981173992157
25116,-0.5757391452789307,208.38235473632812,119.97407531738281,244.52564348493303,0.5757391452789307,0.5748421847820282,0.004316022619605064,0.5694906961917877,0.5701880753040314,0.5709012269973754,0.5723651647567749,0.5748421847820282,0.5787350535392761,0.5817964971065521,0.5844053208827973,0.5852981173992157
25207,-0.5761595368385315,208.07763671875,120.14692687988281,243.8720921107701,0.5761595368385315,0.5755705237388611,0.00453980965539813,0.5694906961917877,0.5701880753040314,0.5712979793548584,0.57256218791008,0.5755705237388611,0.5792376846075058,0.5825248599052429,0.5847504526376724,0.5861074304580689
25298,-0.5765104293823242,207.76995849609375,120.29930877685547,243.2363499232701,0.576510488986969,0.5755958557128906,0.004798577167093754,0.5695676255226135,0.5704788625240326,0.5713803827762604,0.5727465152740479,0.5755958557128906,0.5794003307819366,0.5838399410247803,0.5853150099515915,0.5864995324611664
25389,-0.5772943496704102,207.47117614746094,120.4521255493164,242.60506112234933,0.5772944092750549,0.5765604972839355,0.004943130537867546,0.5702909994125366,0.570908522605896,0.5714440107345581,0.572958379983902,0.5765604972839355,0.5803010761737823,0.5846860110759735,0.5858624249696731,0.5868792724609375
25480,-0.5775057077407837,207.15802001953125,120.61074829101562,241.94580950055803,0.5775057077407837,0.5770722329616547,0.004908233415335417,0.5702909994125366,0.570908522605896,0.5714440107345581,0.573546290397644,0.5770722329616547,0.580396294593811,0.5846860110759735,0.5858624249696731,0.5868792724609375
25571,-0.5777652859687805,206.8547821044922,120.7870864868164,241.2809099469866,0.5777652859687805,0.5775790214538574,0.0048471856862306595,0.5702909994125366,0.5713522464036942,0.5719973862171173,0.5740677565336227,0.5775790214538574,0.5806357860565186,0.5846860110759735,0.5858624249696731,0.5868792724609375
25662,-0.5780673027038574,206.5510711669922,120.96333312988281,240.6107657296317,0.5780673623085022,0.5777023434638977,0.00469978479668498,0.5710283792018891,0.571419283747673,0.5723724961280823,0.5746045857667923,0.5777023434638977,0.5810779482126236,0.5846860110759735,0.5858624249696731,0.5868792724609375
25753,-0.5783642530441284,206.2505645751953,121.12226867675781,239.95921543666296,0.5783642530441284,0.5777958035469055,0.004666990600526333,0.5713624012470245,0.5714452743530274,0.5723950982093811,0.5749201327562332,0.5777958035469055,0.5815446674823761,0.5847342014312744,0.5861191391944885,0.5868821930885315
25844,-0.5786381363868713,205.9238739013672,121.29427337646484,239.24766322544642,0.5786381363868713,0.5781230032444,0.004694489762187004,0.5713624012470245,0.5720080256462097,0.5724005818367004,0.5750700682401657,0.5781230032444,0.5816172957420349,0.584886509180069,0.5865092903375626,0.5869872760772705
25935,-0.5788332223892212,205.57635498046875,121.4301528930664,238.5493621826172,0.5788332223892212,0.5789312720298767,0.004725262522697449,0.5713624012470245,0.5720094531774521,0.5724005818367004,0.5750827193260193,0.5789312720298767,0.5817530751228333,0.5852989614009857,0.5866958677768708,0.5869872760772705
26026,-0.5794159770011902,205.2623748779297,121.59931182861328,237.87003217424666,0.579416036605835,0.5791926383972168,0.005128754768520594,0.5713624012470245,0.5723139613866806,0.5731028556823731,0.5762071758508682,0.5791926383972168,0.5823933929204941,0.5858749091625214,0.5868775546550751,0.5879316174983978
26117,-0.579727053642273,204.9303436279297,121.74565124511719,237.17069353376115,0.579727053642273,0.5792861580848694,0.005043307784944773,0.5713624012470245,0.5723898321390152,0.5739347338676453,0.5763328224420547,0.5792861580848694,0.5826235115528107,0.5861352443695068,0.5868775546550751,0.5879316174983978
26208,-0.5798615217208862,204.59165954589844,121.8935775756836,236.4645276750837,0.5798615217208862,0.5793634355068207,0.005008629988878965,0.5713624012470245,0.5723898321390152,0.5739347338676453,0.5765903890132904,0.5793634355068207,0.5830587446689606,0.5861352443695068,0.5868775546550751,0.5879316174983978
26299,-0.5799592733383179,204.25625610351562,122.02914428710938,235.76883806501115,0.5799592733383179,0.5793634355068207,0.004959273152053356,0.5713624012470245,0.5723898321390152,0.5739347338676453,0.5766829997301102,0.5793634355068207,0.5830587446689606,0.5861352443695068,0.5868775546550751,0.5879316174983978
26390,-0.5801872611045837,203.95359802246094,122.19490814208984,235.0972181047712,0.5801873207092285,0.5795412957668304,0.0050047533586621284,0.5714202237129211,0.5723898321390152,0.5739347338676453,0.5768215954303741,0.5795412957668304,0.5837908238172531,0.5864592313766479,0.5868849039077759,0.5891126608848571
26481,-0.5809206366539001,203.60630798339844,122.3125,234.40396336146765,0.5809206366539001,0.5800438523292542,0.0062095546163618565,0.5714202237129211,0.5723898321390152,0.5739347338676453,0.577166274189949,0.5800438523292542,0.5844104886054993,0.5867054224014282,0.5891389548778534,0.5946503329277039
26572,-0.5811358690261841,203.2496337890625,122.42510986328125,233.70271955217635,0.5811358690261841,0.580350399017334,0.006182333920150995,0.5714202237129211,0.5723898321390152,0.5746718525886536,0.577516570687294,0.580350399017334,0.5846351832151413,0.5867054224014282,0.5891389548778534,0.5946503329277039
26663,-0.581551730632782,202.87127685546875,122.53536987304688,232.96885463169642,0.581551730632782,0.5812832415103912,0.006193201057612896,0.5717456185817719,0.5725905656814575,0.5751226663589477,0.5776759833097458,0.5812832415103912,0.5847521722316742,0.5868894219398498,0.59096599817276,0.5946503329277039
26754,-0.5820580720901489,202.57003784179688,122.7010726928711,232.30009024483817,0.5820581316947937,0.58181431889534,0.006089820526540279,0.5723169505596161,0.5727409362792969,0.5755209743976593,0.5780687630176544,0.58181431889534,0.5852931141853333,0.5869871973991394,0.59096599817276,0.5946503329277039
26845,-0.5823404788970947,202.21693420410156,122.81768798828125,231.6016562325614,0.5823404788970947,0.581831306219101,0.006249845027923584,0.5723169505596161,0.5727409362792969,0.5755209743976593,0.5782806873321533,0.581831306219101,0.5855643004179001,0.5879500865936279,0.591971093416214,0.5946503329277039
26936,-0.5829553008079529,201.8788604736328,122.94384765625,230.8973432268415,0.5829552412033081,0.5830597281455994,0.006352313794195652,0.5723169505596161,0.5727409362792969,0.5755209743976593,0.5784823894500732,0.5830597281455994,0.5864112973213196,0.5891366243362427,0.5924629658460617,0.5946503329277039
27027,-0.5831990242004395,201.57154846191406,123.11895751953125,230.1943642752511,0.5831990242004395,0.583119809627533,0.006162160076200962,0.5727758955955505,0.5747117131948472,0.5761635482311249,0.5787426680326462,0.583119809627533,0.5864969342947006,0.5896467804908753,0.5924629658460617,0.5946503329277039
27118,-0.5836939811706543,201.24330139160156,123.28075408935547,229.4726322719029,0.5836939811706543,0.5833171308040619,0.006242088507860899,0.5739612472057343,0.5751611530780792,0.5762114226818085,0.5791055709123611,0.5833171308040619,0.5866836756467819,0.5910064220428467,0.5943488121032715,0.5977842831611633
27209,-0.5842942595481873,200.8828125,123.39413452148438,228.7280491420201,0.5842942595481873,0.5839459896087646,0.0061705405823886395,0.5739612472057343,0.5755408018827438,0.577171927690506,0.5806084275245667,0.5839459896087646,0.5870307385921478,0.5917556881904602,0.5943488121032715,0.5977842831611633
27300,-0.5847763419151306,200.5606231689453,123.53364562988281,228.0329829624721,0.5847763419151306,0.5841409862041473,0.006217443849891424,0.573974975347519,0.5755408018827438,0.5777183830738067,0.5810673832893372,0.5841409862041473,0.5873767137527466,0.5924699664115906,0.5944404870271682,0.5977842831611633
27391,-0.585215151309967,200.20201110839844,123.66264343261719,227.28758675711495,0.585215151309967,0.5850045382976532,0.00605572247877717,0.5750950407981873,0.5762522399425507,0.5784048736095428,0.5816237181425095,0.5850045382976532,0.5885715335607529,0.5924699664115906,0.5944404870271682,0.5977842831611633
27482,-0.5854349732398987,199.86215209960938,123.77804565429688,226.58502851213728,0.5854349732398987,0.5855770111083984,0.006015211343765259,0.5750950407981873,0.5762522399425507,0.5784610033035278,0.5817332714796066,0.5855770111083984,0.588653564453125,0.5924699664115906,0.5944404870271682,0.5977842831611633
27573,-0.5857958197593689,199.56126403808594,123.92251586914062,225.89710126604353,0.5857958793640137,0.585702121257782,0.005980339832603931,0.5750950407981873,0.5762522399425507,0.5787877082824707,0.5822736322879791,0.585702121257782,0.5887481868267059,0.5934505879878997,0.5945724189281464,0.5977842831611633
27664,-0.5863395929336548,199.2242889404297,124.0607681274414,225.1687295096261,0.5863396525382996,0.5859406590461731,0.005699027329683304,0.577338547706604,0.578471040725708,0.5798025965690613,0.582441046833992,0.5859406590461731,0.5888252556324005,0.5937384605407715,0.5956732481718063,0.5977842831611633
27755,-0.586689293384552,198.86180114746094,124.19282531738281,224.40484183175224,0.586689293384552,0.5866515338420868,0.005647861398756504,0.5776904249191284,0.5787251144647598,0.5802426815032959,0.5828950703144073,0.5866515338420868,0.5891702473163605,0.5941985011100769,0.5963936239480973,0.5977842831611633
27846,-0.587192177772522,198.50364685058594,124.30386352539062,223.66054207938058,0.5871922373771667,0.5869994461536407,0.00569569319486618,0.5778951609134674,0.5788181155920029,0.5805541634559631,0.5831478834152222,0.5869994461536407,0.5895502865314484,0.5944445073604584,0.5963936239480973,0.5977842831611633
27937,-0.5875652432441711,198.15478515625,124.42304229736328,222.92363630022322,0.5875652432441711,0.5871880650520325,0.005579255986958742,0.5782732820510864,0.5793564736843109,0.5814588367938995,0.5840466469526291,0.5871880650520325,0.590429812669754,0.5944445073604584,0.5963936239480973,0.5977842831611633
28028,-0.5881378650665283,197.81036376953125,124.53443908691406,222.21044921875,0.5881379246711731,0.5876659452915192,0.005609755404293537,0.5782732820510864,0.5793564736843109,0.5819590866565705,0.584621250629425,0.5876659452915192,0.5910966098308563,0.5946372926235199,0.5965483993291855,0.6012091255187988
28119,-0.5883361101150513,197.42599487304688,124.62460327148438,221.4422890799386,0.5883360505104065,0.5877488851547241,0.0055820825509727,0.5788039016723633,0.5805233359336853,0.5821725308895112,0.5847023874521255,0.5877488851547241,0.5912027806043625,0.594760411977768,0.5965483993291855,0.6012091255187988
28210,-0.5887624025344849,197.0708465576172,124.76102447509766,220.67493765694755,0.5887624621391296,0.5886339247226715,0.005523625761270523,0.5788039016723633,0.5813030034303666,0.582301926612854,0.5852589309215546,0.5886339247226715,0.5916187316179276,0.5952347874641418,0.5967677414417267,0.6012091255187988
28301,-0.5891099572181702,196.7393341064453,124.87153625488281,219.97119140625,0.5891100168228149,0.5887362658977509,0.005366573575884104,0.5803807950019837,0.5814900547266006,0.5830472767353058,0.5858569890260696,0.5887362658977509,0.5917881429195404,0.595646756887436,0.5967677414417267,0.6012091255187988
28392,-0.5893886685371399,196.40846252441406,124.99504852294922,219.24791608537947,0.5893886089324951,0.5887478291988373,0.005251480732113123,0.5814796280860901,0.5822540044784545,0.5838375866413117,0.5859849601984024,0.5887478291988373,0.5920538008213043,0.5958379566669464,0.5968831956386567,0.6012091255187988
28483,-0.5898938775062561,196.06942749023438,125.11930847167969,218.49817112513952,0.5898939371109009,0.5890185236930847,0.005172762554138899,0.5821802830696106,0.5830586284399033,0.5843165636062622,0.5864818543195724,0.5890185236930847,0.593581035733223,0.5960456728935242,0.5977017015218735,0.6012091255187988
28574,-0.5900760293006897,195.70960998535156,125.23124694824219,217.74767194475447,0.5900760889053345,0.5894593894481659,0.005095313768833876,0.5821802830696106,0.5831725269556045,0.5844070672988891,0.5869498252868652,0.5894593894481659,0.593581035733223,0.5960456728935242,0.5977017015218735,0.6012091255187988
28665,-0.5903418064117432,195.37374877929688,125.3609619140625,216.99357386997767,0.5903417468070984,0.5895150005817413,0.004762805067002773,0.5835422456264496,0.5841539621353149,0.5846437811851501,0.5871970802545547,0.5895150005817413,0.593581035733223,0.5960456728935242,0.5977017015218735,0.6012091255187988
28756,-0.590695858001709,195.0201873779297,125.46493530273438,216.23980276925224,0.590695858001709,0.5898559987545013,0.004922941327095032,0.5835422456264496,0.5843290448188782,0.5847160518169403,0.5872370153665543,0.5898559987545013,0.5937640219926834,0.5965597450733184,0.5983207166194916,0.6012091255187988
28847,-0.5911474227905273,194.67518615722656,125.56524658203125,215.51234436035156,0.5911474823951721,0.5898967087268829,0.00504714110866189,0.5835422456264496,0.5843290448188782,0.5854377746582031,0.5874801576137543,0.5898967087268829,0.5943486243486404,0.5975649178028106,0.5994175791740417,0.6012091255187988
28938,-0.5912047624588013,194.34974670410156,125.68680572509766,214.7834014892578,0.591204822063446,0.5899330675601959,0.00499578844755888,0.5839203500747681,0.5844072103500366,0.5854377746582031,0.5875730514526367,0.5899330675601959,0.5943486243486404,0.5975649178028106,0.5994175791740417,0.6012091255187988
29029,-0.5917029976844788,193.9898223876953,125.79167175292969,214.01409040178572,0.5917030572891235,0.5909263491630554,0.005188159644603729,0.5840886211395264,0.5846091926097869,0.586064338684082,0.587803304195404,0.5909263491630554,0.5944028943777084,0.5977638006210327,0.6007435023784637,0.6022655439376831
29120,-0.591858446598053,193.64198303222656,125.89630126953125,213.25830296107702,0.5918585062026978,0.5909426808357239,0.005173186771571636,0.5840886211395264,0.5846091926097869,0.5863979160785675,0.5879749059677124,0.5909426808357239,0.5945657938718796,0.598211133480072,0.6007435023784637,0.6022655439376831
29211,-0.5924867391586304,193.31776428222656,126.0279769897461,212.5083727155413,0.5924867391586304,0.5919038653373718,0.0051617990247905254,0.5843365335464478,0.5849600672721863,0.5868088185787201,0.5889173150062561,0.5919038653373718,0.5955382883548737,0.5988016724586487,0.601145601272583,0.6022655439376831
29302,-0.5928192138671875,192.9488983154297,126.13198852539062,211.73328726632255,0.5928192734718323,0.5928918421268463,0.00506263691931963,0.5844092845916748,0.5851752638816834,0.5869623780250549,0.5892685353755951,0.5928918421268463,0.5958686321973801,0.5988016724586487,0.601145601272583,0.6022655439376831
29393,-0.5936848521232605,192.5723114013672,126.2378158569336,210.93041338239397,0.59368497133255,0.5933520793914795,0.0051836357451975346,0.5846154618263245,0.5855648040771484,0.5871994316577911,0.589897096157074,0.5933520793914795,0.597027376294136,0.6005896091461181,0.6012380361557007,0.6038239324092864
29484,-0.5941820740699768,192.24063110351562,126.37457275390625,210.16502816336495,0.5941821336746216,0.5936272740364075,0.005274269264191389,0.5849666380882264,0.5863868445158005,0.5878198623657227,0.5905132591724396,0.5936272740364075,0.5977198481559753,0.6010784447193146,0.6022602677345276,0.6052312660217285
29575,-0.5946683883666992,191.8769073486328,126.47184753417969,209.38655308314733,0.5946685075759888,0.5941297113895416,0.005265297833830118,0.5851034545898437,0.5863868445158005,0.5886364281177521,0.5908989757299423,0.5941297113895416,0.5982243120670319,0.6011473655700683,0.6022602677345276,0.6052312660217285
29666,-0.5949863791465759,191.53338623046875,126.58065032958984,208.6037118094308,0.5949864387512207,0.5946362912654877,0.00518964184448123,0.5851814937591553,0.5865001797676086,0.5887105941772461,0.5914352089166641,0.5946362912654877,0.5984482616186142,0.6011473655700683,0.6022602677345276,0.6052312660217285
29757,-0.5955526828765869,191.1923370361328,126.7056884765625,207.81507437569755,0.5955526232719421,0.5952073335647583,0.0052711921744048595,0.5851814937591553,0.5865001797676086,0.5889824867248535,0.5918137282133102,0.5952073335647583,0.5991820245981216,0.6017114043235778,0.6031900584697724,0.6065154075622559
29848,-0.5959296822547913,190.84046936035156,126.80938720703125,207.02622985839844,0.5959296822547913,0.5955681204795837,0.005192849785089493,0.5863650345802307,0.5885943442583084,0.5898971617221832,0.5924582183361053,0.5955681204795837,0.5993393808603287,0.6021597862243653,0.6038155347108841,0.6071278047561646
29939,-0.596178412437439,190.49600219726562,126.92082977294922,206.24666704450334,0.596178412437439,0.5960467159748077,0.005376455839723349,0.5863650345802307,0.5885943442583084,0.5899469435214997,0.5924582183361053,0.5960467159748077,0.5995761007070541,0.6023045301437377,0.605245304107666,0.6077882504463196
30030,-0.5963909029960632,190.1182098388672,126.99127197265625,205.4622541155134,0.5963909029960632,0.596276044845581,0.0054128412157297134,0.5863650345802307,0.5885943442583084,0.5899469435214997,0.5925746560096741,0.596276044845581,0.600032314658165,0.6031072199344635,0.605245304107666,0.6077882504463196
30121,-0.5972669720649719,189.7126922607422,127.04380798339844,204.6480669294085,0.5972670316696167,0.5970476865768433,0.005580272991210222,0.5863650345802307,0.5885943442583084,0.5913048982620239,0.5936091095209122,0.5970476865768433,0.6007907390594482,0.6037506520748138,0.607146966457367,0.6095530807971954
30212,-0.5977804660797119,189.32904052734375,127.11207580566406,203.8581041608538,0.5977804660797119,0.5980003178119659,0.005560922436416149,0.5864280974864959,0.5895594954490662,0.591600900888443,0.5937185436487198,0.5980003178119659,0.6011818051338196,0.6050920248031616,0.607146966457367,0.6095530807971954
30303,-0.5981410145759583,189.02964782714844,127.23854064941406,203.12420436314173,0.5981410145759583,0.5982590317726135,0.005689804907888174,0.5864280974864959,0.5895594954490662,0.591600900888443,0.5939024835824966,0.5982590317726135,0.6013454645872116,0.6054173767566681,0.6077729970216751,0.6095530807971954
30394,-0.5987430214881897,188.67373657226562,127.33704376220703,202.31258719308036,0.5987430214881897,0.5984466075897217,0.005896188318729401,0.5864280974864959,0.5896122127771377,0.5924722671508789,0.5947446227073669,0.5984466075897217,0.6019004881381989,0.6064988970756531,0.6081851065158844,0.6132047474384308
30485,-0.5990385413169861,188.2918701171875,127.42366790771484,201.49491010393416,0.5990386009216309,0.5987208187580109,0.005853816866874695,0.586876939535141,0.5899813652038575,0.5924722671508789,0.5948836356401443,0.5987208187580109,0.6029554456472397,0.606539922952652,0.6081851065158844,0.6132047474384308
30576,-0.599453330039978,187.9468536376953,127.53495788574219,200.69566999162947,0.599453330039978,0.5991869270801544,0.0056763747707009315,0.5896372616291046,0.5907368838787079,0.5926059484481812,0.5950790792703629,0.5991869270801544,0.603067621588707,0.6067820608615875,0.6081851065158844,0.6132047474384308
30667,-0.5998307466506958,187.66258239746094,127.69326782226562,199.94049726213728,0.5998307466506958,0.5995802581310272,0.005586511921137571,0.5896372616291046,0.5914037495851516,0.5926059484481812,0.595770075917244,0.5995802581310272,0.6035015434026718,0.6067820608615875,0.6081851065158844,0.6132047474384308
30758,-0.6005682349205017,187.31307983398438,127.78925323486328,199.1555677141462,0.6005682349205017,0.6006486415863037,0.005418142769485712,0.5905295670032501,0.5926626145839691,0.5935624122619629,0.596503347158432,0.6006486415863037,0.6039688587188721,0.6072261989116668,0.6081851065158844,0.6132047474384308
30849,-0.6007825136184692,186.97845458984375,127.90367126464844,198.35477120535714,0.600782573223114,0.6008590459823608,0.005407612770795822,0.5905295670032501,0.5926626145839691,0.5935954511165619,0.5970904231071472,0.6008590459823608,0.6047473549842834,0.6073743402957916,0.6081851065158844,0.6132047474384308
30940,-0.6015146970748901,186.59735107421875,127.97779846191406,197.53497532435827,0.6015147566795349,0.6015476882457733,0.005895211827009916,0.5914626848697663,0.5933314323425293,0.5935954511165619,0.5977820158004761,0.6015476882457733,0.6054995208978653,0.607869130373001,0.6121534556150436,0.6151334238052368
31031,-0.6020236611366272,186.27392578125,128.10000610351562,196.75451006208147,0.602023720741272,0.6017067134380341,0.005779938772320747,0.5933514022827149,0.5935938030481338,0.5945290684700012,0.5980346649885178,0.6017067134380341,0.6055871248245239,0.6082726180553436,0.6133715361356735,0.6151334238052368
31122,-0.6026181578636169,185.9705810546875,128.24124145507812,195.95772007533483,0.6026181578636169,0.6021223366260529,0.005700087174773216,0.5934717273712158,0.5936297327280045,0.595780348777771,0.5987459719181061,0.6021223366260529,0.605724573135376,0.6097369432449341,0.614903774857521,0.6162992668151855
31213,-0.6034439206123352,185.6261444091797,128.3172607421875,195.1829790387835,0.6034439206123352,0.6029565632343292,0.006067083217203617,0.593598073720932,0.5942193955183029,0.595943421125412,0.5990040898323059,0.6029565632343292,0.6065120697021484,0.6120657086372375,0.6149188637733459,0.6167344689369202
31304,-0.6038917899131775,185.290771484375,128.425537109375,194.38635035923548,0.6038918495178223,0.6035380065441132,0.005877986084669828,0.593598073720932,0.5945452123880386,0.5969483137130738,0.5995410531759262,0.6035380065441132,0.6068246215581894,0.6120657086372375,0.6149188637733459,0.6167344689369202
31395,-0.6047669649124146,184.91427612304688,128.5058135986328,193.54349408830916,0.6047670245170593,0.6045710444450378,0.005891028326004744,0.5936305820941925,0.5958961457014084,0.5979748249053956,0.6008128523826599,0.6045710444450378,0.6073761582374573,0.6133385181427002,0.6151688575744629,0.6177856612205506
31486,-0.6053484082221985,184.60023498535156,128.62493896484375,192.73463439941406,0.6053484082221985,0.6046904921531677,0.006235274486243725,0.5936305820941925,0.5966302901506424,0.59829181432724,0.6015191227197647,0.6046904921531677,0.6077765971422195,0.6143809735774994,0.616311776638031,0.618156599998474
31577,-0.6057491302490234,184.25352478027344,128.72097778320312,191.91298130580358,0.6057491898536682,0.6049572229385376,0.006091918796300888,0.5941051077842713,0.5966302901506424,0.5990804314613343,0.6023663282394409,0.6049572229385376,0.6079432219266891,0.6143809735774994,0.616311776638031,0.618156599998474
31668,-0.6062463521957397,183.9190673828125,128.8225860595703,191.08832223074776,0.606246292591095,0.6055164933204651,0.006154756527394056,0.5941051077842713,0.59764204621315,0.6002812206745147,0.6023663282394409,0.6055164933204651,0.6092236489057541,0.6147042214870453,0.6167615532875061,0.6186221480369568
31759,-0.60643470287323,183.57542419433594,128.92759704589844,190.26211983816964,0.60643470287323,0.6056017279624939,0.006108659785240889,0.5941051077842713,0.598289942741394,0.6004900634288788,0.602462887763977,0.6056017279624939,0.6092236489057541,0.6149040400981903,0.6167615532875061,0.6186221480369568
31850,-0.6069867610931396,183.24456787109375,129.00906372070312,189.46719578334265,0.6069867610931396,0.6063496768474579,0.006127235479652882,0.595828161239624,0.598289942741394,0.6005675137043,0.602941632270813,0.6063496768474579,0.6102741807699203,0.614928913116455,0.6177933037281036,0.6186221480369568
31941,-0.6072953343391418,182.87606811523438,129.09036254882812,188.61241149902344,0.6072953343391418,0.6066119372844696,0.00599023699760437,0.5964599514007568,0.59850515127182,0.6009609460830688,0.603724405169487,0.6066119372844696,0.6113670170307159,0.614928913116455,0.6177933037281036,0.6186221480369568
32032,-0.6075804829597473,182.56393432617188,129.23074340820312,187.79031808035714,0.6075805425643921,0.6067013740539551,0.005962223745882511,0.5975326585769654,0.5987065076828003,0.6010187983512878,0.603889599442482,0.6067013740539551,0.6114611476659775,0.615510618686676,0.6177933037281036,0.6186221480369568
32123,-0.6082946062088013,182.21453857421875,129.28842163085938,186.97273690359933,0.6082946062088013,0.6071596145629883,0.0059455703012645245,0.5975364017486572,0.5991658449172974,0.6011724829673767,0.6045796573162079,0.6071596145629883,0.6116805076599121,0.6163326263427734,0.6184254288673401,0.6199679148197174
32214,-0.6086505651473999,181.8827362060547,129.37918090820312,186.17364065987724,0.6086505651473999,0.6076065599918365,0.006019403226673603,0.5975364017486572,0.5991658449172974,0.6019949853420258,0.6046692430973053,0.6076065599918365,0.6128715872764587,0.6167190372943878,0.6184254288673401,0.6199679148197174
32305,-0.609779953956604,181.50917053222656,129.43247985839844,185.341552734375,0.609779953956604,0.6087682247161865,0.005874128080904484,0.5980674886703491,0.6020401686429977,0.6031409680843354,0.6059869229793549,0.6087682247161865,0.6144864112138748,0.617655199766159,0.6187397003173828,0.6199679148197174
32396,-0.6100000739097595,181.14634704589844,129.49560546875,184.5041046142578,0.6100001335144043,0.6088407337665558,0.005897634197026491,0.5980674886703491,0.6020401686429977,0.6035399198532104,0.6060809642076492,0.6088407337665558,0.6144864112138748,0.6178037643432617,0.6187397003173828,0.6199679148197174
32487,-0.6104816794395447,180.85150146484375,129.6239776611328,183.71328735351562,0.6104816794395447,0.609753429889679,0.006020941771566868,0.5980674886703491,0.6020401686429977,0.6035399198532104,0.6060863137245178,0.609753429889679,0.6152925789356232,0.6180148243904113,0.6190875798463822,0.620270141363144
32578,-0.6110405325889587,180.50570678710938,129.6971893310547,182.8885454450335,0.6110405325889587,0.6106773316860199,0.005979393608868122,0.599178032875061,0.6020401686429977,0.6037512481212616,0.6068824827671051,0.6106773316860199,0.615463137626648,0.6185315012931824,0.6194843381643296,0.620270141363144
32669,-0.6119911670684814,180.19175720214844,129.79624938964844,182.06984383719308,0.6119911670684814,0.612143486738205,0.006034681107848883,0.6005062341690064,0.602373456954956,0.6043500900268555,0.6071819067001343,0.612143486738205,0.6164885759353638,0.61919464468956,0.620239508152008,0.6241239452362061
32760,-0.6124110221862793,179.8529052734375,129.89720153808594,181.21607099260603,0.6124110817909241,0.6123517453670502,0.005969478748738766,0.6012349307537079,0.6036956816911697,0.6055728316307067,0.6073209494352341,0.6123517453670502,0.6165199875831604,0.6192332446575165,0.6211557537317276,0.6253758478164673
32851,-0.6130537390708923,179.53773498535156,129.99758911132812,180.40418352399553,0.6130537986755371,0.613348126411438,0.005991810467094183,0.6019377505779266,0.6036956816911697,0.6057213008403778,0.6092413067817688,0.613348126411438,0.6175146698951721,0.620048063993454,0.6227464437484741,0.6253758478164673
32942,-0.6132436394691467,179.20823669433594,130.07870483398438,179.58816528320312,0.6132436394691467,0.6133784055709839,0.0058675892651081085,0.6020835173130036,0.603731656074524,0.6061136245727539,0.6094886362552643,0.6133784055709839,0.6176760941743851,0.6202803790569306,0.6227464437484741,0.6253758478164673
33033,-0.6136937737464905,178.8657684326172,130.14500427246094,178.74989318847656,0.6136937737464905,0.6138448119163513,0.005997953470796347,0.6020835173130036,0.603731656074524,0.6061532676219941,0.6097700893878937,0.6138448119163513,0.618018239736557,0.6210825145244598,0.6237883985042572,0.6276476871967316
33124,-0.6140433549880981,178.54278564453125,130.23455810546875,177.9207044328962,0.6140432953834534,0.6143193542957306,0.005837489850819111,0.602420289516449,0.6045918136835098,0.6061532676219941,0.6098127365112305,0.6143193542957306,0.6180706024169922,0.6210825145244598,0.6237883985042572,0.6276476871967316
33215,-0.6147283315658569,178.22332763671875,130.32765197753906,177.10109165736608,0.6147283315658569,0.6146053075790405,0.005893602501600981,0.6046179401874542,0.605828833580017,0.607213807106018,0.6099926829338074,0.6146053075790405,0.618531733751297,0.6225760579109192,0.6253839492797851,0.6280183398723602
33306,-0.6151259541511536,177.89674377441406,130.4129180908203,176.27499389648438,0.6151259541511536,0.614747554063797,0.005908530205488205,0.6046179401874542,0.6060607105493545,0.6079556524753571,0.6103588789701462,0.614747554063797,0.6188408881425858,0.6228004217147827,0.6266130834817887,0.6283009397983551
33397,-0.6160158514976501,177.57347106933594,130.48074340820312,175.45562962123327,0.6160159111022949,0.6160145103931427,0.006406776607036591,0.6046179401874542,0.6060607105493545,0.6080161511898041,0.6118582189083099,0.6160145103931427,0.6192084103822708,0.6246031999588013,0.6280237376689911,0.6290841543674469
33488,-0.6162207126617432,177.23646545410156,130.54876708984375,174.60508510044642,0.6162207722663879,0.6160362958908081,0.00635406794026494,0.6046179401874542,0.6060607105493545,0.6089091956615448,0.6119731068611145,0.6160362958908081,0.6193601787090302,0.6246031999588013,0.6280237376689911,0.6290841543674469
33579,-0.6162775158882141,176.91664123535156,130.62918090820312,173.77062116350447,0.6162775754928589,0.6160362958908081,0.006307269912213087,0.6046214890480042,0.6060607105493545,0.6089091956615448,0.6119731068611145,0.6160362958908081,0.6193601787090302,0.6246031999588013,0.6280237376689911,0.6290841543674469
33670,-0.6167256236076355,176.5963134765625,130.7179412841797,172.92339651925224,0.6167256832122803,0.6162384152412415,0.006180705968290567,0.6058678090572357,0.6073023557662964,0.6089547038078308,0.6124099493026733,0.6162384152412415,0.6199146658182144,0.6263721227645874,0.6283058196306228,0.6290841543674469
33761,-0.6173800826072693,176.32269287109375,130.85423278808594,172.09972490583147,0.6173801422119141,0.6167732775211334,0.0062748948112130165,0.6058678090572357,0.607462877035141,0.609764838218689,0.6142012029886246,0.6167732775211334,0.6206462532281876,0.6273240745067596,0.6286720752716064,0.6305638813972473
33852,-0.618095338344574,176.03553771972656,130.9601287841797,171.28858511788505,0.6180953979492188,0.6176613569259644,0.006118871737271547,0.6074407660961151,0.6085800528526306,0.6099068105220795,0.6144513636827469,0.6176613569259644,0.6216428130865097,0.627653855085373,0.6286720752716064,0.6305638813972473
33943,-0.618904709815979,175.71343994140625,131.02825927734375,170.45484270368303,0.6189048290252686,0.618553102016449,0.006137369200587273,0.607605723142624,0.6089395195245743,0.611747682094574,0.6150308847427368,0.618553102016449,0.6224210113286972,0.6283112645149231,0.6291056782007217,0.6314391350746155
34034,-0.619460940361023,175.398193359375,131.1114501953125,169.61178588867188,0.619460940361023,0.6189197897911072,0.006180505733937025,0.607605723142624,0.6092364579439163,0.6121582388877869,0.6157644391059875,0.6189197897911072,0.623741090297699,0.628436154127121,0.6298251897096634,0.6314565467834473
34125,-0.6199009418487549,175.0731964111328,131.19052124023438,168.75336347307478,0.6199009418487549,0.6190023422241211,0.006298064719885588,0.607605723142624,0.6099605083465576,0.6122320115566253,0.6158695369958878,0.6190023422241211,0.6243591606616974,0.6284680783748626,0.6304364502429962,0.6314565467834473
34216,-0.6205368638038635,174.76881408691406,131.28460693359375,167.9022478376116,0.6205368638038635,0.6196877062320709,0.006320873275399208,0.6086025488376617,0.6104138404130935,0.6124295949935913,0.6161377280950546,0.6196877062320709,0.6254810988903046,0.6287893712520599,0.6305903911590576,0.6316599869728088
34307,-0.6212694644927979,174.45574951171875,131.38037109375,167.0367649623326,0.6212694644927979,0.6209724545478821,0.006381784100085497,0.6086025488376617,0.6105789870023728,0.6134246230125427,0.6166160404682159,0.6209724545478821,0.6258580982685089,0.6291415512561798,0.6314618110656738,0.6332245659828186
34398,-0.6216780543327332,174.15139770507812,131.47723388671875,166.20326668875558,0.6216781735420227,0.6217497289180756,0.006208071485161781,0.6099014234542847,0.6121276319026947,0.6136454343795776,0.617352768778801,0.6217497289180756,0.6258580982685089,0.6291415512561798,0.6315106213092804,0.6343301796913147
34489,-0.6219692230224609,173.82254028320312,131.5553436279297,165.33858598981584,0.6219692230224609,0.6219484508037567,0.0060881138779222965,0.610425214767456,0.6133147299289703,0.6144780158996582,0.6174379736185074,0.6219484508037567,0.6260291486978531,0.6298177599906921,0.631793686747551,0.6343301796913147
34580,-0.622914731502533,173.49795532226562,131.60919189453125,164.4864763532366,0.6229147911071777,0.6223249733448029,0.006539766676723957,0.6121385717391967,0.6136508166790009,0.6151578664779663,0.6179064065217972,0.6223249733448029,0.6278843879699707,0.6314828336238861,0.6343321412801742,0.6382649850845337
34671,-0.623579204082489,173.22616577148438,131.7294464111328,163.6487056187221,0.623579204082489,0.6227588355541229,0.00639329943805933,0.613432559967041,0.6144300282001496,0.6159467577934266,0.6181348264217377,0.6227588355541229,0.6283316314220428,0.6326644659042359,0.6345610469579697,0.6382649850845337
34762,-0.6242769360542297,172.94149780273438,131.82781982421875,162.80899265834265,0.624276876449585,0.6232342720031738,0.006178075447678566,0.6136478686332703,0.615504789352417,0.6170437633991241,0.6189513951539993,0.6232342720031738,0.6286205351352692,0.6326644659042359,0.6345610469579697,0.6382649850845337
34853,-0.6249392032623291,172.64381408691406,131.91152954101562,161.97730582101005,0.6249391436576843,0.6240456104278564,0.006571042817085981,0.6144457840919495,0.6161975890398026,0.6172615826129914,0.6189513951539993,0.6240456104278564,0.6296254843473434,0.6340391635894775,0.6353436917066574,0.6391100323200226
34944,-0.6255119442939758,172.38536071777344,132.03424072265625,161.14488874162947,0.6255119442939758,0.6254105865955353,0.006392255425453186,0.6158115327358246,0.6168640911579132,0.6177300691604615,0.6202704012393951,0.6254105865955353,0.6296254843473434,0.6340391635894775,0.6382652997970581,0.6395319712162018
35035,-0.6260406374931335,172.1179656982422,132.13458251953125,160.33101109095983,0.6260406970977783,0.625738650560379,0.006225886754691601,0.6162094604969025,0.6172727018594741,0.618474006652832,0.6215255856513977,0.625738650560379,0.6299569755792618,0.6342647850513459,0.6382652997970581,0.6395319712162018
35126,-0.6265428066253662,171.84896850585938,132.23370361328125,159.53514753069197,0.6265428066253662,0.6260264813899994,0.006124007049947977,0.6162094604969025,0.6181343406438827,0.6188343167304993,0.6218662858009338,0.6260264813899994,0.630609929561615,0.6346129536628723,0.6382652997970581,0.6395319712162018
35217,-0.6270216703414917,171.54847717285156,132.3002166748047,158.7163827078683,0.6270216703414917,0.6263505816459656,0.006267215125262737,0.6162094604969025,0.6183846771717072,0.6195241212844849,0.6221425980329514,0.6263505816459656,0.6317734271287918,0.6352287471294403,0.6382652997970581,0.6395319712162018
35308,-0.6273984909057617,171.26458740234375,132.3858184814453,157.87639508928572,0.6273984909057617,0.6274607181549072,0.00623607961460948,0.6162094604969025,0.6187231659889221,0.6195627689361572,0.622335359454155,0.6274607181549072,0.6318971216678619,0.635601818561554,0.6382652997970581,0.6395319712162018
35399,-0.6277837157249451,170.96949768066406,132.45626831054688,157.05362156459265,0.6277837157249451,0.6276371479034424,0.006198949180543423,0.6162094604969025,0.6187231659889221,0.6199700951576232,0.622490406036377,0.6276371479034424,0.6333002001047134,0.635601818561554,0.6382652997970581,0.6395319712162018
35490,-0.6283724308013916,170.7056121826172,132.54656982421875,156.24190630231584,0.6283723711967468,0.6279931962490082,0.006377187091857195,0.6162094604969025,0.6187231659889221,0.6204397678375244,0.6230437159538269,0.6279931962490082,0.6336325705051422,0.6362874329090118,0.639122822880745,0.6405722892284393
35581,-0.6289874315261841,170.42869567871094,132.63514709472656,155.3884037562779,0.6289874911308289,0.6288485527038574,0.006368601229041815,0.6162926399707794,0.6195992678403854,0.6212915360927582,0.6235699504613876,0.6288485527038574,0.6337895393371582,0.6373199343681335,0.6395381420850754,0.641446818113327
35672,-0.6291767954826355,170.13623046875,132.6975860595703,154.5698024204799,0.6291767358779907,0.6289649605751038,0.006353265605866909,0.6170946764945984,0.6195992678403854,0.6212915360927582,0.6247469931840897,0.6289649605751038,0.6338111311197281,0.6374188601970673,0.6397352993488312,0.641446818113327
35763,-0.6300279498100281,169.89804077148438,132.80691528320312,153.78151375906808,0.6300279498100281,0.6302690505981445,0.006206410005688667,0.619795138835907,0.6204561591148376,0.6219294488430023,0.6257372200489044,0.6302690505981445,0.6342890858650208,0.6382954955101013,0.6398716926574707,0.641446818113327
35854,-0.6305981278419495,169.60089111328125,132.8753204345703,152.9330095563616,0.6305981278419495,0.630795031785965,0.006043856497853994,0.6199646425247193,0.6212262779474258,0.6223888754844665,0.6259780824184418,0.630795031785965,0.6345697790384293,0.6385399580001831,0.6405680775642395,0.641446818113327
35945,-0.6312600374221802,169.29315185546875,132.92605590820312,152.0949946812221,0.631260097026825,0.6314190030097961,0.006009761244058609,0.6208400237560272,0.6218515515327454,0.6225342094898224,0.6260465681552887,0.6314190030097961,0.6356376707553864,0.6391682028770447,0.6408286988735199,0.6428952157497406
36036,-0.6317893266677856,169.00540161132812,133.0003204345703,151.25201416015625,0.6317893862724304,0.6319578886032104,0.005984834861010313,0.6208400237560272,0.6218515515327454,0.6229764759540558,0.6274543851613998,0.6319578886032104,0.6361976861953735,0.6403286397457123,0.6411669045686722,0.6428952157497406
36127,-0.6324847936630249,168.7482452392578,133.10433959960938,150.3999285016741,0.6324848532676697,0.6320422291755676,0.0058858348056674,0.62241614818573,0.6230008870363235,0.6245765149593353,0.6286938637495041,0.6320422291755676,0.6366366893053055,0.6403286397457123,0.6411669045686722,0.6435681736469269
36218,-0.6331151723861694,168.51417541503906,133.22561645507812,149.55538940429688,0.6331151723861694,0.6329274773597717,0.0059734731912612915,0.62241614818573,0.6234736442565918,0.6248230993747711,0.6291376650333405,0.6329274773597717,0.6367997378110886,0.6407977223396302,0.6421607106924057,0.6461373686790466
36309,-0.6335529088973999,168.26309204101562,133.32164001464844,148.73034885951452,0.6335528492927551,0.6337358057498932,0.006371228024363518,0.62241614818573,0.6234736442565918,0.6249816417694092,0.6292429268360138,0.6337358057498932,0.6369947642087936,0.6412522315979003,0.6434226840734482,0.6493620109558106
36400,-0.6341054439544678,167.97750854492188,133.37742614746094,147.9116952078683,0.6341054439544678,0.6342280805110931,0.006477395072579384,0.6224595355987549,0.623585507273674,0.6250165343284607,0.6294730752706528,0.6342280805110931,0.6382950395345688,0.6421373009681701,0.6436797499656677,0.6493620109558106
36491,-0.6345697045326233,167.7341766357422,133.46156311035156,147.13219996861048,0.6345697641372681,0.6343774497509003,0.006658373400568962,0.6224595355987549,0.623585507273674,0.6258667349815369,0.6303573697805405,0.6343774497509003,0.6385407149791718,0.6426116049289703,0.6444691896438599,0.6502771735191345
36582,-0.6354516744613647,167.50262451171875,133.57528686523438,146.28513663155692,0.6354516744613647,0.6351057887077332,0.007112096529453993,0.6224595355987549,0.623585507273674,0.6258667349815369,0.6308271288871765,0.6351057887077332,0.6399683356285095,0.6440053164958954,0.6464577913284302,0.6502771735191345
36673,-0.6360588073730469,167.27676391601562,133.6776885986328,145.50129045758928,0.6360588669776917,0.6353964805603027,0.007135381456464529,0.6224595355987549,0.6237515389919281,0.6266523361206054,0.6311588436365128,0.6353964805603027,0.6411750912666321,0.6441577494144439,0.6470324754714966,0.6503981459140777
36764,-0.6365317106246948,166.98387145996094,133.70062255859375,144.69426836286272,0.6365317702293396,0.6371264159679413,0.007132353726774454,0.6224595355987549,0.6237515389919281,0.6266523361206054,0.6311588436365128,0.6371264159679413,0.6413949429988861,0.6441577494144439,0.6470324754714966,0.6503981459140777
36855,-0.6370452046394348,166.71311950683594,133.76397705078125,143.87617928641183,0.6370452046394348,0.6371433734893799,0.006995411589741707,0.6229137563705445,0.6247579962015152,0.6282516598701477,0.632583275437355,0.6371433734893799,0.6416347324848175,0.6453437447547913,0.6482385188341141,0.6503981459140777
36946,-0.6378817558288574,166.45025634765625,133.85110473632812,143.01856994628906,0.6378817558288574,0.6381657421588898,0.006712194997817278,0.6247988092899323,0.6262911498546601,0.629720401763916,0.6327499747276306,0.6381657421588898,0.6420448273420334,0.6465711236000061,0.6497146606445312,0.6504874587059021
37037,-0.6383702158927917,166.21444702148438,133.93910217285156,142.2111053466797,0.6383702158927917,0.6382186412811279,0.006578428205102682,0.6250024354457855,0.6282809883356094,0.6305408358573914,0.6334543824195862,0.6382186412811279,0.6425356566905975,0.6469352126121521,0.6497146606445312,0.6504874587059021
37128,-0.6387455463409424,165.98587036132812,134.04257202148438,141.394038609096,0.6387455463409424,0.6383046507835388,0.00648680841550231,0.6254196512699127,0.6282809883356094,0.6308903872966767,0.6338374614715576,0.6383046507835388,0.6433825790882111,0.6469352126121521,0.6497146606445312,0.6504874587059021
37219,-0.6395763754844666,165.7373809814453,134.12429809570312,140.5623299734933,0.6395763754844666,0.6389404535293579,0.006487611215561628,0.6254460668563843,0.6282993257045746,0.6311523616313934,0.6356981247663498,0.6389404535293579,0.6436122357845306,0.6473273992538452,0.6497146606445312,0.6538215637207031
37310,-0.6403027176856995,165.5277862548828,134.24314880371094,139.7372567313058,0.6403026580810547,0.6398195922374725,0.006418996956199408,0.6265850973129272,0.6303413689136506,0.6325725078582763,0.6359899193048477,0.6398195922374725,0.6443609893321991,0.6479856967926025,0.6507889926433563,0.6548460102081298
37401,-0.6407922506332397,165.33065795898438,134.37347412109375,138.92325265066964,0.6407922506332397,0.6406565308570862,0.006639560218900442,0.6265850973129272,0.6303413689136506,0.6325725078582763,0.6360280513763428,0.6406565308570862,0.6453592926263809,0.6484416127204895,0.6514770925045014,0.6548460102081298
37492,-0.6411691308021545,165.08111572265625,134.4429168701172,138.1042022705078,0.6411691308021545,0.6413313746452332,0.006582112517207861,0.6279948258399963,0.6303413689136506,0.6328478038311005,0.6370773613452911,0.6413313746452332,0.6453592926263809,0.649740481376648,0.6515022933483123,0.6548460102081298
37583,-0.6422765851020813,164.77743530273438,134.4714813232422,137.24488612583704,0.6422765851020813,0.6422784328460693,0.006946900859475136,0.6283818292617798,0.6307509630918503,0.6333285868167877,0.6374716013669968,0.6422784328460693,0.6469889432191849,0.6510580062866211,0.6534696102142334,0.6561617779731751
37674,-0.6428764462471008,164.54469299316406,134.56027221679688,136.4074489048549,0.6428764462471008,0.6433374583721161,0.00688365800306201,0.6295468521118164,0.6324394464492797,0.633558166027069,0.638110414147377,0.6433374583721161,0.6473493874073029,0.6523972272872924,0.6538099616765976,0.6561617779731751
37765,-0.6436040997505188,164.3198699951172,134.6558837890625,135.57658168247767,0.6436040997505188,0.6436933279037476,0.006640447769314051,0.6295468521118164,0.6326082080602646,0.6354229807853699,0.6390365660190582,0.6436933279037476,0.6479717642068863,0.6527281999588013,0.654013043642044,0.6561617779731751
37856,-0.6440421938896179,164.14454650878906,134.7939453125,134.76456778390067,0.6440422534942627,0.6440115571022034,0.006549246609210968,0.6295468521118164,0.6344660609960556,0.6356354236602784,0.6396296620368958,0.6440115571022034,0.6482542157173157,0.6527281999588013,0.6547151178121566,0.6561617779731751
37947,-0.6444963216781616,163.93011474609375,134.89076232910156,133.9611097063337,0.6444963216781616,0.6447689533233643,0.006522525101900101,0.6303369081020356,0.6350531995296478,0.6368455290794373,0.6396296620368958,0.6447689533233643,0.648517295718193,0.6533794164657593,0.6547151178121566,0.6561617779731751
38038,-0.6449531316757202,163.69760131835938,134.9727783203125,133.11837768554688,0.6449531316757202,0.6451030969619751,0.006317326333373785,0.6303369081020356,0.6353414177894592,0.6377269089221954,0.6411163657903671,0.6451030969619751,0.648517295718193,0.6534870624542236,0.6547151178121566,0.6561617779731751
38129,-0.6459271907806396,163.47216796875,135.05076599121094,132.311274937221,0.6459271907806396,0.6461026072502136,0.006702879443764687,0.6303369081020356,0.6356463849544525,0.6382766962051392,0.6418668180704117,0.6461026072502136,0.6501406580209732,0.654366010427475,0.6561685621738433,0.6586678493022918
38220,-0.6464918255805969,163.2691192626953,135.1552734375,131.50347246442522,0.6464918255805969,0.6465378403663635,0.0065535251051187515,0.6328844177722931,0.6361200988292695,0.6382766962051392,0.6420402824878693,0.6465378403663635,0.6503297090530396,0.6552361607551574,0.6565680861473083,0.6586678493022918
38311,-0.6474517583847046,163.06268310546875,135.25111389160156,130.6778826032366,0.6474517583847046,0.6473860442638397,0.006333773955702782,0.6356062197685242,0.6372905731201172,0.638742595911026,0.6433630883693695,0.6473860442638397,0.6516265422105789,0.6553685367107391,0.6574669897556304,0.6589280188083648
38402,-0.647989809513092,162.81602478027344,135.3159637451172,129.8328356061663,0.647989809513092,0.6479191184043884,0.006689747795462608,0.6356062197685242,0.6373400419950486,0.6389116287231446,0.6435934603214264,0.6479191184043884,0.6525923907756805,0.6565094351768493,0.6577931016683578,0.6612651991844177
38493,-0.6483405828475952,162.58261108398438,135.38352966308594,129.0178702218192,0.6483407020568848,0.6479774415493011,0.006472612265497446,0.636441285610199,0.6382375866174698,0.6402901649475098,0.6441606134176254,0.6479774415493011,0.6527135819196701,0.6565094351768493,0.6577931016683578,0.6612651991844177
38584,-0.6487107872962952,162.3684844970703,135.4639892578125,128.19631413051061,0.6487108469009399,0.6482704877853394,0.006245756987482309,0.6365095257759095,0.6387102782726288,0.6406434178352356,0.6445490717887878,0.6482704877853394,0.6532385945320129,0.6565550208091736,0.6577931016683578,0.6612651991844177
38675,-0.6494674682617188,162.16848754882812,135.55409240722656,127.3983154296875,0.6494674682617188,0.6488819718360901,0.006298824213445187,0.6373151922225953,0.638921993970871,0.6411995530128479,0.6453053951263428,0.6488819718360901,0.6542485505342484,0.656945812702179,0.6589871317148208,0.6622153377532959
38766,-0.6503244638442993,161.97569274902344,135.64671325683594,126.61058044433594,0.6503245830535889,0.6495895683765411,0.006589675787836313,0.6387046504020691,0.6396672904491425,0.6419731974601746,0.6458939909934998,0.6495895683765411,0.6545781642198563,0.6588934004306793,0.6612266182899476,0.6649630784988403
38857,-0.6509813070297241,161.7856903076172,135.75917053222656,125.78529139927456,0.6509813666343689,0.6512404680252075,0.006576915271580219,0.6387046504020691,0.6397189319133758,0.6434319734573364,0.6460812389850616,0.6512404680252075,0.6552415788173676,0.6590704679489136,0.6619229018688202,0.6649630784988403
38948,-0.6513866782188416,161.59535217285156,135.8589324951172,124.970458984375,0.6513867378234863,0.6520522832870483,0.0065436093136668205,0.6387409663200379,0.641826617717743,0.6434319734573364,0.6460812389850616,0.6520522832870483,0.6556530445814133,0.6597334504127502,0.6621658444404602,0.6649630784988403
39039,-0.6522930860519409,161.39060974121094,135.9339141845703,124.1746106828962,0.6522930860519409,0.6525348722934723,0.006063190754503012,0.6418357181549073,0.6434212505817414,0.6443361878395081,0.6479835659265518,0.6525348722934723,0.6563013643026352,0.6598012626171113,0.6621658444404602,0.6649630784988403
39130,-0.6528993844985962,161.1669158935547,136.01043701171875,123.32514081682477,0.6528993844985962,0.6533032059669495,0.006292889825999737,0.6418357181549073,0.6440529197454452,0.6446211218833924,0.6482565402984619,0.6533032059669495,0.6565722972154617,0.6610079169273376,0.6644395291805267,0.6671507334709167
39221,-0.6533184051513672,160.93589782714844,136.059814453125,122.52793448311942,0.6533184051513672,0.653863251209259,0.006281211972236633,0.6418357181549073,0.6440529197454452,0.6452379345893859,0.6485186219215393,0.653863251209259,0.6570301949977875,0.6610079169273376,0.6644395291805267,0.6671507334709167
39312,-0.653918445110321,160.78805541992188,136.19007873535156,121.74107142857143,0.653918445110321,0.6543574333190918,0.006285354029387236,0.6418357181549073,0.6441272109746933,0.6453887224197388,0.6494994610548019,0.6543574333190918,0.6583928912878036,0.6615204215049744,0.6644395291805267,0.6671507334709167
39403,-0.6544052958488464,160.59765625,136.28257751464844,120.92193712506976,0.6544052958488464,0.6545074880123138,0.00624585896730423,0.6418357181549073,0.6441272109746933,0.6453887224197388,0.6501933634281158,0.6545074880123138,0.6590092033147812,0.6615204215049744,0.6644395291805267,0.6671507334709167
39494,-0.6547873020172119,160.352783203125,136.33111572265625,120.07217189243862,0.6547873020172119,0.654880702495575,0.00651377672329545,0.6418357181549073,0.6441724538803101,0.6463952600955963,0.6501933634281158,0.654880702495575,0.6590092033147812,0.6619403243064881,0.6655583143234253,0.6695105910301209
39585,-0.6552326679229736,160.18222045898438,136.4268798828125,119.30530548095703,0.6552326083183289,0.6558088064193726,0.006464628502726555,0.6418357181549073,0.6447939068078995,0.6470297813415528,0.6509883999824524,0.6558088064193726,0.6592000722885132,0.6630768179893494,0.6655583143234253,0.6695105910301209
39676,-0.655971884727478,160.02650451660156,136.53392028808594,118.52595629010882,0.655971884727478,0.6559315025806427,0.0066623990423977375,0.6428050875663758,0.645002493262291,0.6477585017681122,0.6521775871515274,0.6559315025806427,0.6603804379701614,0.6649523317813874,0.6664438635110855,0.6695105910301209
39767,-0.6565185189247131,159.80264282226562,136.58355712890625,117.69371141706195,0.6565185785293579,0.6563654541969299,0.006729970220476389,0.6428050875663758,0.6461700618267059,0.6477585017681122,0.6527354717254639,0.6563654541969299,0.661009892821312,0.6654238045215607,0.6671632707118988,0.6695105910301209
39858,-0.6571699976921082,159.66622924804688,136.71556091308594,116.90653555733817,0.6571700572967529,0.6567628681659698,0.006742611061781645,0.6428050875663758,0.6468445181846618,0.6485697984695434,0.6529458910226822,0.6567628681659698,0.6618485450744629,0.6655308067798614,0.6685343861579895,0.6698646354675293
39949,-0.6578050255775452,159.48451232910156,136.80081176757812,116.12202998570034,0.6578049659729004,0.657282829284668,0.006848595105111599,0.6428050875663758,0.6468445181846618,0.6485697984695434,0.6533292829990387,0.657282829284668,0.6635877937078476,0.6663192689418793,0.6685343861579895,0.6698646354675293
40040,-0.6580320000648499,159.29249572753906,136.8710479736328,115.30509512765067,0.6580319404602051,0.657282829284668,0.006827918812632561,0.6428050875663758,0.6468445181846618,0.6495510816574097,0.6533292829990387,0.657282829284668,0.6637480556964874,0.6666532158851624,0.6685375571250916,0.6698646354675293
40131,-0.6590095162391663,159.15603637695312,137.00296020507812,114.50680977957589,0.659009575843811,0.6582711040973663,0.007016391959041357,0.6438646292686463,0.6482415109872818,0.650416225194931,0.6537382006645203,0.6582711040973663,0.6646986603736877,0.6684900283813476,0.6696053504943847,0.6707286739349365
40222,-0.6595620512962341,158.9986114501953,137.10667419433594,113.73256356375558,0.6595620512962341,0.658654659986496,0.006769497413188219,0.6463216543197632,0.6482415109872818,0.6509609580039978,0.6549938023090363,0.658654659986496,0.6647494435310364,0.6685820817947388,0.6697361290454864,0.671693240404129
40313,-0.6603512167930603,158.84031677246094,137.2131805419922,112.9347414289202,0.6603512763977051,0.659898579120636,0.006442893296480179,0.6465799558162689,0.6504535436630249,0.6529220521450043,0.6561699956655502,0.659898579120636,0.6650650352239609,0.6695085644721985,0.6702755630016327,0.671693240404129
40404,-0.6606709361076355,158.70713806152344,137.34754943847656,112.12353188650948,0.6606709361076355,0.6603866517543793,0.006445745006203651,0.6465799558162689,0.6504535436630249,0.6531017303466797,0.6565825939178467,0.6603866517543793,0.6650650352239609,0.6695522427558899,0.6707196533679962,0.6721059083938599
40495,-0.6612773537635803,158.563232421875,137.45443725585938,111.34682355608258,0.6612772941589355,0.661111056804657,0.006363268941640854,0.6477226150035859,0.6509984970092774,0.6531267821788788,0.6569873988628387,0.661111056804657,0.6652750074863434,0.6696207880973816,0.6710998505353928,0.6733865451812744
40586,-0.6616773009300232,158.39186096191406,137.54054260253906,110.56729452950614,0.6616773009300232,0.6615116000175476,0.0064734541811048985,0.6477226150035859,0.6509984970092774,0.6531267821788788,0.6570602208375931,0.6615116000175476,0.6654765009880066,0.6704421758651733,0.671704825758934,0.6733865451812744
40677,-0.6622233986854553,158.24830627441406,137.65414428710938,109.7890145438058,0.6622233390808105,0.6622869968414307,0.006584872957319021,0.6504267656803131,0.6516645282506943,0.6531267821788788,0.6579571217298508,0.6622869968414307,0.6664319336414337,0.6704421758651733,0.6721080362796783,0.6737941598892212
40768,-0.6630488634109497,158.12799072265625,137.76678466796875,109.02532523018974,0.6630488038063049,0.6629301905632019,0.007303772494196892,0.6504687392711639,0.6516726076602936,0.6541453838348389,0.658769965171814,0.6629301905632019,0.6666580438613892,0.6711031079292298,0.6743985533714294,0.6760357713699341
40859,-0.6636286973953247,157.96493530273438,137.8599090576172,108.2155532836914,0.6636287569999695,0.6634481251239777,0.007234860677272081,0.6513724398612976,0.6521925777196884,0.6546706318855285,0.6594235152006149,0.6634481251239777,0.6678785383701324,0.6713008940219879,0.6743985533714294,0.6760357713699341
40950,-0.6638237833976746,157.79046630859375,137.93336486816406,107.43239266531808,0.6638237833976746,0.6638509631156921,0.007252722512930632,0.6513724398612976,0.6521925777196884,0.6552426397800446,0.6594235152006149,0.6638509631156921,0.6686659455299377,0.6713008940219879,0.6743985533714294,0.6760357713699341
41041,-0.66464763879776,157.655517578125,138.04583740234375,106.65523311070034,0.6646476984024048,0.6645616292953491,0.007059348747134209,0.6513724398612976,0.653156167268753,0.6561293363571167,0.6608691066503525,0.6645616292953491,0.6689432859420776,0.6713914394378662,0.6743985533714294,0.6760357713699341
41132,-0.6653512716293335,157.51898193359375,138.15142822265625,105.87237112862724,0.6653512716293335,0.6649476289749146,0.006917829159647226,0.6513724398612976,0.6533342182636261,0.6564143896102905,0.6619077920913696,0.6649476289749146,0.6698965728282928,0.6731218874454499,0.6747516632080078,0.6760357713699341
41223,-0.6657910943031311,157.3843994140625,138.2672882080078,105.07405853271484,0.6657910943031311,0.6662407517433167,0.006783159915357828,0.6513724398612976,0.654655984044075,0.6573190093040466,0.6621401160955429,0.6662407517433167,0.6699609309434891,0.6731218874454499,0.6747516632080078,0.6760357713699341
41314,-0.666176974773407,157.24765014648438,138.3819580078125,104.26394980294364,0.666176974773407,0.6670833826065063,0.006773009430617094,0.6514005887508393,0.654655984044075,0.6573190093040466,0.6621851921081543,0.6670833826065063,0.67017962038517,0.6734188556671142,0.674903753399849,0.6760357713699341
41405,-0.6665652990341187,157.12615966796875,138.50669860839844,103.46797398158482,0.6665652990341187,0.6670833826065063,0.006662316620349884,0.6537989950180054,0.6547182440757752,0.658483374118805,0.6622218787670135,0.6670833826065063,0.670711874961853,0.673796272277832,0.674903753399849,0.6814215838909149
41496,-0.6676127314567566,156.99266052246094,138.61148071289062,102.65292794363839,0.6676127910614014,0.6678411066532135,0.006777722388505936,0.6537989950180054,0.6560687363147736,0.6589566349983216,0.663954883813858,0.6678411066532135,0.671493649482727,0.6741368174552917,0.6778676092624665,0.6814215838909149
41587,-0.6681526303291321,156.8638153076172,138.7080078125,101.87119838169643,0.6681526303291321,0.6682541072368622,0.006666674744337797,0.6537989950180054,0.6569870710372925,0.6591081857681275,0.6644186526536942,0.6682541072368622,0.6723280102014542,0.6747587203979493,0.6778676092624665,0.6814215838909149
41678,-0.6686962246894836,156.73460388183594,138.83233642578125,101.03724997384208,0.6686962842941284,0.6684980690479279,0.006830899976193905,0.6537989950180054,0.6573328226804733,0.6601609528064728,0.6647298038005829,0.6684980690479279,0.6730210036039352,0.6759631752967834,0.6789993703365326,0.6814215838909149
41769,-0.6692946553230286,156.59764099121094,138.93382263183594,100.22366986955915,0.6692947149276733,0.6692577600479126,0.0068261087872087955,0.6542828619480133,0.6586144596338273,0.6607491552829743,0.665192499756813,0.6692577600479126,0.6733627319335938,0.67762531042099,0.6805512607097626,0.6830228686332702
41860,-0.6701366901397705,156.47352600097656,139.03530883789062,99.43379211425781,0.6701366901397705,0.6700358986854553,0.006865098141133785,0.6559610116481781,0.6586810201406479,0.6611658096313476,0.6656208336353302,0.6700358986854553,0.6740983873605728,0.679011219739914,0.6805512607097626,0.6830228686332702
41951,-0.6706756949424744,156.30372619628906,139.1064453125,98.61281367710659,0.6706758141517639,0.6712496280670166,0.006793460808694363,0.657009904384613,0.6589803397655487,0.6622229993343354,0.6661692410707474,0.6712496280670166,0.6741942912340164,0.6790471017360687,0.6809502750635147,0.6835992836952209
42042,-0.6710466146469116,156.20726013183594,139.24627685546875,97.81847163609096,0.6710466146469116,0.6713263392448425,0.006631700787693262,0.6583144903182984,0.6611174374818802,0.6625326693058013,0.6669809073209763,0.6713263392448425,0.6741942912340164,0.6790471017360687,0.6813370198011398,0.6835992836952209
42133,-0.6713129878044128,156.07957458496094,139.3550262451172,97.0235116141183,0.6713130474090576,0.6721122860908508,0.006574027705937624,0.6583144903182984,0.6611512839794159,0.6628815174102783,0.667087122797966,0.6721122860908508,0.6744530946016312,0.6790471017360687,0.6813370198011398,0.6835992836952209
42224,-0.6718764901161194,155.90940856933594,139.4092254638672,96.22949981689453,0.6718766093254089,0.6723942756652832,0.006598347332328558,0.6583144903182984,0.6620729237794876,0.6642877638339997,0.6673718094825745,0.6723942756652832,0.676472932100296,0.6790471017360687,0.6814696937799454,0.6845307898521423
42315,-0.6725273728370667,155.83163452148438,139.55584716796875,95.43702697753906,0.6725273728370667,0.6729253530502319,0.0066287945955991745,0.6583308792114257,0.6620729237794876,0.6645427167415618,0.6679265797138214,0.6729253530502319,0.6769544780254364,0.6801064133644104,0.6830225825309754,0.6862074637413025
42406,-0.6732249855995178,155.68548583984375,139.62808227539062,94.65208217075893,0.673224925994873,0.673244297504425,0.006903352215886116,0.6583308792114257,0.6623486280441284,0.6647262811660767,0.669113501906395,0.673244297504425,0.6774067729711533,0.6815452694892883,0.6844126939773559,0.6862074637413025
42497,-0.6735325455665588,155.60910034179688,139.7740478515625,93.88898577008929,0.6735325455665588,0.6737463772296906,0.006964968517422676,0.6583308792114257,0.6623534232378006,0.6647262811660767,0.669113501906395,0.6737463772296906,0.6779932081699371,0.6824771165847778,0.6844126939773559,0.6862264180183411
42588,-0.6739503145217896,155.47671508789062,139.86155700683594,93.13306427001953,0.6739504337310791,0.6740525364875793,0.006928073242306709,0.6583308792114257,0.6623944848775863,0.6647262811660767,0.669532984495163,0.6740525364875793,0.6785895824432373,0.6824771165847778,0.6844126939773559,0.6862264180183411
42679,-0.6744583249092102,155.33738708496094,139.94894409179688,92.33173261369977,0.6744584441184998,0.674584150314331,0.006789572071284056,0.6583308792114257,0.6625159382820129,0.6664981126785279,0.6703221499919891,0.674584150314331,0.6787533164024353,0.6830446362495423,0.6844126939773559,0.686231163740158
42770,-0.6747573614120483,155.25584411621094,140.07308959960938,91.55376543317523,0.6747573614120483,0.6751173436641693,0.006760369520634413,0.6583308792114257,0.663028672337532,0.6667818784713745,0.6706657707691193,0.6751173436641693,0.678949162364006,0.6831581473350525,0.6844126939773559,0.686231163740158
42861,-0.6753225326538086,155.18191528320312,140.22633361816406,90.7482408796038,0.6753226518630981,0.6754894852638245,0.006852357182651758,0.6589206981658936,0.6644482463598251,0.6670298755168915,0.6712593734264374,0.6754894852638245,0.6793338805437088,0.684211528301239,0.6862014174461365,0.6883457469940185
42952,-0.6758766770362854,155.05520629882812,140.31521606445312,89.95226069859096,0.675876796245575,0.6761345863342285,0.0069024935364723206,0.6589206981658936,0.6657494753599167,0.6670298755168915,0.6721956878900528,0.6761345863342285,0.6802283078432083,0.684416127204895,0.6862014174461365,0.6883457469940185
43043,-0.6763024926185608,154.91799926757812,140.39305114746094,89.1744624546596,0.6763025522232056,0.6764871776103973,0.007025584112852812,0.6589206981658936,0.6657494753599167,0.6671719789505005,0.6725811064243317,0.6764871776103973,0.681105226278305,0.6845800399780273,0.6862014174461365,0.6901134276390075
43134,-0.676694929599762,154.86093139648438,140.54470825195312,88.41463361467633,0.6766950488090515,0.6767849028110504,0.007109613157808781,0.6612345373630524,0.6657494753599167,0.6671719789505005,0.6725811064243317,0.6767849028110504,0.6820320636034012,0.6857743084430694,0.6865087538957596,0.6901134276390075
43225,-0.677262544631958,154.73826599121094,140.63406372070312,87.59316035679409,0.677262544631958,0.6775453388690948,0.007066789548844099,0.6619533288478852,0.6658959805965423,0.6671719789505005,0.6729895025491714,0.6775453388690948,0.6827473938465118,0.6857743084430694,0.6878996253013611,0.6901134276390075
43316,-0.6778953671455383,154.60336303710938,140.71328735351562,86.76580810546875,0.6778953671455383,0.6778885424137115,0.006756988819688559,0.6621907591819763,0.6666308641433716,0.668647563457489,0.673282578587532,0.6778885424137115,0.6828299760818481,0.686153358221054,0.6878996253013611,0.6901134276390075
43407,-0.6786695718765259,154.53465270996094,140.84115600585938,86.01112474714007,0.6786695122718811,0.6787723898887634,0.006582216825336218,0.6662368929386139,0.6679581940174103,0.670198631286621,0.6741229295730591,0.6787723898887634,0.6837697327136993,0.686153358221054,0.6887987136840821,0.6903494679927826
43498,-0.6791694760322571,154.48117065429688,140.98948669433594,85.22627694266183,0.6791694760322571,0.6793991327285767,0.0065113999880850315,0.6670395767688752,0.6684747010469436,0.6704108476638794,0.6741229295730591,0.6793991327285767,0.6841186583042145,0.6865515053272248,0.6894735068082809,0.6903494679927826
43589,-0.6797298789024353,154.39730834960938,141.10311889648438,84.46264103480748,0.6797299981117249,0.6800947189331055,0.00662465114146471,0.6673655188083649,0.6685508131980896,0.6704108476638794,0.6758152395486832,0.6800947189331055,0.6845712512731552,0.6878930747509002,0.6899926394224167,0.69108891248703
43680,-0.6803594827651978,154.30548095703125,141.21060180664062,83.66433606828961,0.6803594827651978,0.6802650392055511,0.006521377246826887,0.6673655188083649,0.6691090166568756,0.6709003567695617,0.6766037195920944,0.6802650392055511,0.6850310266017914,0.6886816442012786,0.6899926394224167,0.69108891248703
43771,-0.680796205997467,154.236572265625,141.3370819091797,82.90565272739956,0.680796205997467,0.6807918846607208,0.006492353975772858,0.6679544341564179,0.6691090166568756,0.6718593835830688,0.6771222651004791,0.6807918846607208,0.6856602728366852,0.6889390408992767,0.6900014370679856,0.6917155039310455
43862,-0.6812068819999695,154.14376831054688,141.43630981445312,82.13246045793805,0.6812068819999695,0.681656539440155,0.006332285702228546,0.667980033159256,0.6691090166568756,0.6720785617828369,0.6773701012134552,0.681656539440155,0.685929611325264,0.6892313182353973,0.6905658543109894,0.6917155039310455
43953,-0.6814839839935303,154.11106872558594,141.5938720703125,81.36677660260882,0.6814839839935303,0.6821934878826141,0.006359451450407505,0.667980033159256,0.6691090166568756,0.6720785617828369,0.6778735220432281,0.6821934878826141,0.685929611325264,0.6895021080970765,0.6907474160194397,0.6934797751903534
44044,-0.6821572780609131,154.04879760742188,141.72840881347656,80.593503679548,0.6821573376655579,0.6829794645309448,0.006466141436249018,0.667980033159256,0.6699130266904831,0.6730637371540069,0.6785502582788467,0.6829794645309448,0.6864103972911835,0.690030837059021,0.6928492814302445,0.6939175355434418
44135,-0.6826923489570618,153.96470642089844,141.84490966796875,79.81313650948661,0.6826924085617065,0.683579832315445,0.006262899376451969,0.667980033159256,0.6702671617269516,0.674318540096283,0.6792749911546707,0.683579832315445,0.6864852607250214,0.690030837059021,0.6931910663843155,0.6939175355434418
44226,-0.6830752491950989,153.89549255371094,141.9701690673828,79.0275399344308,0.6830751895904541,0.6838047504425049,0.006221870891749859,0.6685808062553406,0.6718654274940491,0.6744225144386291,0.6792749911546707,0.6838047504425049,0.6868079900741577,0.690339720249176,0.6932416707277298,0.6942162573337555
44317,-0.6835159659385681,153.83396911621094,142.099365234375,78.28869737897601,0.6835159063339233,0.6838047504425049,0.006287014111876488,0.6687640118598938,0.6718654274940491,0.6744696795940399,0.679998517036438,0.6838047504425049,0.6876706779003143,0.6906086683273316,0.6934878498315811,0.6942162573337555
44408,-0.684006929397583,153.74574279785156,142.21669006347656,77.45481218610492,0.684006929397583,0.6843595206737518,0.0063874004408717155,0.6703566014766693,0.6720888078212738,0.6744696795940399,0.6801325231790543,0.6843595206737518,0.6886067092418671,0.6911377906799316,0.6940906882286072,0.6948301231861115
44499,-0.6845382452011108,153.69598388671875,142.36322021484375,76.66332135881696,0.6845382452011108,0.6846542954444885,0.006115392316132784,0.6730367410182952,0.6743900746107101,0.6760959148406982,0.6802375465631485,0.6846542954444885,0.6887496411800385,0.6919429063796997,0.694115087389946,0.6948301231861115
44590,-0.6854009628295898,153.62249755859375,142.47116088867188,75.88237980433873,0.6854010224342346,0.6862489581108093,0.0062237991951406,0.6731953430175781,0.6744195014238358,0.676367849111557,0.6816413402557373,0.6862489581108093,0.6892075687646866,0.6939111709594726,0.6958707511425019,0.6975128126144409
44681,-0.6861606240272522,153.60092163085938,142.63125610351562,75.10079847063336,0.686160683631897,0.6871987581253052,0.006125775631517172,0.6731953430175781,0.6744195014238358,0.6769446015357972,0.6828613579273224,0.6871987581253052,0.6897359788417816,0.69402294754982,0.6961489468812943,0.698105856180191
44772,-0.6864510774612427,153.57598876953125,142.7802734375,74.32736533028739,0.6864511966705322,0.6872047781944275,0.005885652266442776,0.6738343334197998,0.6761280864477157,0.679059624671936,0.6828613579273224,0.6872047781944275,0.6901630014181137,0.69402294754982,0.6961489468812943,0.698105856180191
44863,-0.686838686466217,153.50820922851562,142.89923095703125,73.54877253941127,0.6868386268615723,0.6872961521148682,0.0060971882194280624,0.6738343334197998,0.6761280864477157,0.679368770122528,0.6829724758863449,0.6872961521148682,0.6904545724391937,0.6943993330001831,0.6975023984909058,0.6998159730434418
44954,-0.6873396039009094,153.44107055664062,143.02655029296875,72.72584424700055,0.687339723110199,0.6874180436134338,0.0060389102436602116,0.6743169963359833,0.6764706104993821,0.6798181056976318,0.683577686548233,0.6874180436134338,0.690732941031456,0.6950001835823059,0.6975484728813172,0.6998159730434418
45045,-0.688220202922821,153.36798095703125,143.13124084472656,71.94883837018695,0.688220202922821,0.6880213618278503,0.005712397862225771,0.6782020127773285,0.6795742273330688,0.6806004226207734,0.6844170093536377,0.6880213618278503,0.692447617650032,0.6953173041343689,0.6981230854988099,0.6998159730434418
45136,-0.6886497139930725,153.36610412597656,143.30821228027344,71.13945770263672,0.6886497735977173,0.6880353689193726,0.005824110470712185,0.6782195591926574,0.6795742273330688,0.6809079229831696,0.6846432983875275,0.6880353689193726,0.6936239004135132,0.6970428824424744,0.6986438035964966,0.6998159730434418
45227,-0.6889930367469788,153.26345825195312,143.38592529296875,70.33109501429966,0.6889930963516235,0.6882731020450592,0.006052046548575163,0.6782195591926574,0.6795742273330688,0.6811156034469604,0.6847816556692123,0.6882731020450592,0.6940324157476425,0.6977821469306946,0.6991322457790374,0.6999493098258972
45318,-0.6893616914749146,153.19471740722656,143.49583435058594,69.52218845912388,0.6893616318702698,0.6886110305786133,0.006109145004302263,0.6786671257019044,0.6795786023139954,0.6811156034469604,0.6852435767650604,0.6886110305786133,0.694280281662941,0.6980711460113526,0.6995199531316757,0.7003613519668579
45409,-0.6895259022712708,153.230224609375,143.7013397216797,68.74536568777901,0.6895259022712708,0.6887329816818237,0.0061228289268910885,0.6786671257019044,0.6795786023139954,0.6815436840057373,0.6853256672620773,0.6887329816818237,0.6945197135210037,0.6980711460113526,0.6995199531316757,0.7003613519668579
45500,-0.6899986267089844,153.18377685546875,143.84413146972656,67.92053549630302,0.6899986267089844,0.6893212497234344,0.006030991207808256,0.6791115868091583,0.6798061758279801,0.6820343494415283,0.6855438947677612,0.6893212497234344,0.694625660777092,0.6980711460113526,0.6995199531316757,0.7003613519668579
45591,-0.6906097531318665,153.09835815429688,143.9241943359375,67.12706320626395,0.6906097531318665,0.690518856048584,0.005819389596581459,0.6793982183933258,0.6805658966302872,0.6826473951339722,0.6866816729307175,0.690518856048584,0.6946865022182465,0.6981070518493653,0.6998194366693496,0.7009628617763519
45682,-0.6909642815589905,153.0126495361328,144.01092529296875,66.30836159842355,0.6909642815589905,0.6907252073287964,0.005905601195991039,0.6794839680194855,0.680587175488472,0.6826473951339722,0.6868304908275604,0.6907252073287964,0.6947035193443298,0.6990768194198609,0.7003742039203644,0.7014506065845489
45773,-0.6915115118026733,152.98097229003906,144.15623474121094,65.49380220685687,0.6915116310119629,0.6918853521347046,0.005970403552055359,0.6798145246505737,0.6805904597043991,0.6826473951339722,0.6877602338790894,0.6918853521347046,0.6956971138715744,0.6990768194198609,0.7003742039203644,0.7014506065845489
45864,-0.6920877695083618,152.96102905273438,144.3169403076172,64.6699583871024,0.6920877695083618,0.6924645602703094,0.005901775788515806,0.6798145246505737,0.6807031810283661,0.6839737474918366,0.6884767413139343,0.6924645602703094,0.6964082717895508,0.699520468711853,0.7008470833301544,0.7015518939495087
45955,-0.6925668716430664,152.95106506347656,144.47152709960938,63.87673568725586,0.6925668120384216,0.6929380893707275,0.005749164614826441,0.6807062816619873,0.6820215851068496,0.6852731883525849,0.6885206401348114,0.6929380893707275,0.6967261582612991,0.6996907234191895,0.7009495735168457,0.7021499478816986
46046,-0.6929377317428589,152.94625854492188,144.64198303222656,63.02437537057059,0.6929376721382141,0.6932922303676605,0.0057117217220366,0.6811502492427826,0.6828019082546234,0.6858864903450013,0.6885206401348114,0.6932922303676605,0.6971523761749268,0.7002514004707336,0.7011575907468796,0.7023185765743256
46137,-0.6933654546737671,152.91165161132812,144.77951049804688,62.21278871808733,0.6933653354644775,0.6936055719852448,0.005777997896075249,0.6820092499256134,0.6828195363283157,0.6858864903450013,0.6894433796405792,0.6936055719852448,0.6972418278455734,0.7011590421199798,0.7021548062562942,0.7034238100051879
46228,-0.6938561201095581,152.87864685058594,144.92356872558594,61.37942123413086,0.6938560605049133,0.6936499774456024,0.005963929463177919,0.6820092499256134,0.6841698706150054,0.6865969300270081,0.689574658870697,0.6936499774456024,0.698162853717804,0.7014527320861816,0.7033887535333634,0.7058492827415467
46319,-0.6946337819099426,152.83409118652344,145.05062866210938,60.485726492745535,0.6946337223052979,0.6950879693031311,0.006134706549346447,0.6820156157016755,0.6846297174692154,0.6869602620601654,0.6897933185100555,0.6950879693031311,0.6991528570652008,0.70223308801651,0.7041861534118652,0.7060700607299805
46410,-0.6950989961624146,152.79246520996094,145.17730712890625,59.649522508893696,0.6950991153717041,0.6954310834407806,0.006043091882020235,0.6828297662734986,0.6865238785743714,0.6873705863952637,0.6902052760124207,0.6954310834407806,0.6995543390512466,0.7022661328315735,0.7045838117599488,0.7060700607299805
46501,-0.6953415274620056,152.8129425048828,145.36195373535156,58.869045802525115,0.6953414678573608,0.6954923272132874,0.006057586520910263,0.6828297662734986,0.6865238785743714,0.68795126080513,0.6905163079500198,0.6954923272132874,0.699956938624382,0.7029437899589539,0.705217969417572,0.7067520081996918
46592,-0.6958013772964478,152.80416870117188,145.51541137695312,58.07260186331613,0.6958013772964478,0.6958549320697784,0.005944464821368456,0.6845136940479278,0.6865238785743714,0.6888156652450561,0.6908690184354782,0.6958549320697784,0.7005828469991684,0.7034627020359039,0.7060512244701386,0.7070635223388672
46683,-0.6961056590080261,152.7516632080078,145.62283325195312,57.25715964181082,0.6961056590080261,0.6962140500545502,0.005991914309561253,0.6853355062007904,0.6865489274263382,0.6888156652450561,0.6912219822406769,0.6962140500545502,0.7009794265031815,0.7045446574687958,0.7060512244701386,0.7070635223388672
46774,-0.696512758731842,152.71578979492188,145.75418090820312,56.384264264787944,0.696512758731842,0.6963639259338379,0.00578160397708416,0.6855113220214843,0.6879587262868881,0.6888572573661804,0.6923832148313522,0.6963639259338379,0.7011258453130722,0.7045446574687958,0.7060512244701386,0.7070635223388672
46865,-0.6969339847564697,152.71591186523438,145.9248809814453,55.49782453264509,0.696933925151825,0.6968599259853363,0.00580110726878047,0.686837170124054,0.6880799651145935,0.6896610081195831,0.6930240392684937,0.6968599259853363,0.7015087902545929,0.7045463263988495,0.706064647436142,0.7088594722747803
46956,-0.6975106596946716,152.73951721191406,146.1043701171875,54.67571095057896,0.6975106000900269,0.697131872177124,0.005723718088120222,0.686837170124054,0.6887407898902893,0.6905094623565674,0.6937176436185837,0.697131872177124,0.7017188519239426,0.7054732322692872,0.7067959159612656,0.7093005800247192
47047,-0.6979148983955383,152.75604248046875,146.2751007080078,53.791774204799104,0.6979148983955383,0.6974703073501587,0.005620514042675495,0.6884734225273133,0.6900048553943634,0.6907104551792145,0.6939470171928406,0.6974703073501587,0.7017188519239426,0.705688226222992,0.708042049407959,0.7093005800247192
47138,-0.6984096169471741,152.83895874023438,146.51065063476562,52.93087714059012,0.6984095573425293,0.6983610391616821,0.00562311103567481,0.6884734225273133,0.6900259673595428,0.690836238861084,0.694531261920929,0.6983610391616821,0.7017775624990463,0.7060732960700988,0.708042049407959,0.7093005800247192
47229,-0.6988002061843872,152.85287475585938,146.68365478515625,52.06450435093471,0.6988002061843872,0.6985369920730591,0.005526530556380749,0.6884734225273133,0.690226548910141,0.6928812086582183,0.6952070593833923,0.6985369920730591,0.7025466561317444,0.7060732960700988,0.708042049407959,0.7093005800247192
47320,-0.6989668607711792,152.888916015625,146.88597106933594,51.14814213344029,0.698966920375824,0.6986392736434937,0.005535757169127464,0.6884734225273133,0.690226548910141,0.6928812086582183,0.6952925026416779,0.6986392736434937,0.7027582377195358,0.7060732960700988,0.708042049407959,0.7093005800247192
47411,-0.6992184519767761,152.91346740722656,147.0717315673828,50.2830570765904,0.6992184519767761,0.6987710893154144,0.0056832460686564445,0.6884734225273133,0.690226548910141,0.6928812086582183,0.6953710317611694,0.6987710893154144,0.7029036432504654,0.7067094445228577,0.7088727474212646,0.7096780681610108
47502,-0.6995530724525452,152.9159698486328,147.2314453125,49.46110316685268,0.6995530724525452,0.6991766691207886,0.005574472714215517,0.6888433599472046,0.6907107770442963,0.6928812086582183,0.6957621574401855,0.6991766691207886,0.7036342024803162,0.707653421163559,0.7088727474212646,0.7096780681610108
47593,-0.7000303268432617,152.9101104736328,147.38502502441406,48.55762808663504,0.7000303864479065,0.699705183506012,0.005640937481075525,0.6902073240280151,0.690841817855835,0.6932388842105865,0.6962710618972778,0.699705183506012,0.7042665034532547,0.707782655954361,0.7093116581439972,0.7102821516990662
47684,-0.700171947479248,152.86776733398438,147.49964904785156,47.633287702287944,0.7001718878746033,0.7000364661216736,0.005677842069417238,0.6902073240280151,0.690841817855835,0.6932518124580384,0.696453332901001,0.7000364661216736,0.7044415026903152,0.708221048116684,0.7094672620296478,0.7102821516990662
47775,-0.7003999352455139,152.90170288085938,147.69338989257812,46.72274671282087,0.7003998756408691,0.7006478905677795,0.0056586298160254955,0.6902073240280151,0.6910214602947236,0.6937502503395081,0.696453332901001,0.7006478905677795,0.7046048939228058,0.708221048116684,0.7094672620296478,0.7102821516990662
47866,-0.7007246017456055,152.9440155029297,147.8829803466797,45.85561752319336,0.7007246613502502,0.7012218832969666,0.005623082630336285,0.6902116918563843,0.691178297996521,0.6937934517860412,0.6971205770969391,0.7012218832969666,0.7046048939228058,0.708221048116684,0.7094980955123902,0.7106159937381744
47957,-0.7010223269462585,153.05038452148438,148.14295959472656,44.92565754481724,0.7010223269462585,0.7014712691307068,0.005565214902162552,0.6908471691608429,0.6913255631923676,0.6939347565174103,0.6973459422588348,0.7014712691307068,0.7052519768476486,0.7085396409034729,0.7094980955123902,0.7106159937381744
48048,-0.7015330195426941,153.0635528564453,148.30870056152344,43.99297605242048,0.7015329599380493,0.7018860578536987,0.0054533095099031925,0.6908471691608429,0.6925936549901962,0.694753223657608,0.6980030834674835,0.7018860578536987,0.7055119276046753,0.7088004589080811,0.7103744804859161,0.7109872055053711
48139,-0.7018492221832275,153.14332580566406,148.54290771484375,43.0963009425572,0.7018491625785828,0.702032595872879,0.005626134108752012,0.6908471691608429,0.6925973743200302,0.6949011862277985,0.6981113851070404,0.702032595872879,0.7056694030761719,0.7095110952854157,0.7109885394573212,0.7125177454948425
48230,-0.702155590057373,153.11618041992188,148.66822814941406,42.17492076328823,0.7021555304527283,0.7020398676395416,0.005641493946313858,0.6908999741077423,0.6935813218355179,0.6952046394348145,0.6981939822435379,0.7020398676395416,0.7061028629541397,0.7095110952854157,0.7109885394573212,0.7125177454948425
48321,-0.7025988698005676,153.1111602783203,148.8140869140625,41.19139644077846,0.7025988101959229,0.702376663684845,0.0055190823040902615,0.6926250338554383,0.6945950031280518,0.6953864097595215,0.6985067427158356,0.702376663684845,0.7064866125583649,0.7100268423557281,0.7110482692718506,0.7125177454948425
48412,-0.7028928995132446,153.13558959960938,148.9899139404297,40.22755323137556,0.7028928995132446,0.7025098204612732,0.00563783198595047,0.6929089188575744,0.6945950031280518,0.6956382036209107,0.6986069530248642,0.7025098204612732,0.7065717875957489,0.7103838503360749,0.7114212423563003,0.7125879991054535
48503,-0.7033300399780273,153.22634887695312,149.23719787597656,39.27249363490513,0.7033300995826721,0.7026781737804413,0.005721464287489653,0.6932792246341706,0.6952191889286041,0.6966449320316315,0.6989390552043915,0.7026781737804413,0.707037553191185,0.7107989847660064,0.7125188291072846,0.7143359518051148
48594,-0.7036670446395874,153.32064819335938,149.48297119140625,38.30667986188616,0.7036669850349426,0.7041430175304413,0.005834681447595358,0.6932792246341706,0.6952191889286041,0.6968529701232911,0.6990154832601547,0.7041430175304413,0.7072907090187073,0.7114295363426208,0.71258385181427,0.7146021378040314
48685,-0.704109787940979,153.5176239013672,149.82684326171875,37.33727209908621,0.704109787940979,0.7047035992145538,0.005941150244325399,0.6947999954223633,0.6959174782037735,0.6969260990619659,0.6992264986038208,0.7047035992145538,0.707933783531189,0.7122213006019592,0.7143209487199783,0.715755056142807
48776,-0.7043517827987671,153.66749572753906,150.1271209716797,36.33674512590681,0.7043517827987671,0.7050408124923706,0.005945760756731033,0.6948052144050598,0.6960784614086151,0.6969804406166077,0.6993112564086914,0.7050408124923706,0.7082792818546295,0.7122213006019592,0.7143209487199783,0.715755056142807
48867,-0.7047361731529236,153.84262084960938,150.4580841064453,35.26010240827288,0.7047361135482788,0.7055644392967224,0.006008193362504244,0.6948298823833465,0.6961056679487229,0.6969804406166077,0.6994638890028,0.7055644392967224,0.708746999502182,0.7126145601272583,0.7143209487199783,0.715755056142807
48958,-0.7049841284751892,154.0603485107422,150.83261108398438,34.22963878086635,0.704984188079834,0.7055644392967224,0.005981165915727615,0.6952463328838349,0.6961056679487229,0.6971888780593872,0.700101375579834,0.7055644392967224,0.7092987895011902,0.7126145601272583,0.7145840108394623,0.715755056142807
49049,-0.7051568627357483,154.24168395996094,151.16802978515625,33.10186277117048,0.7051568627357483,0.7057314217090607,0.005925883073359728,0.6958118331432342,0.6964783698320389,0.6971888780593872,0.7004146873950958,0.7057314217090607,0.7094167470932007,0.7126145601272583,0.714617645740509,0.7165135431289673
49140,-0.705502986907959,154.47674560546875,151.556396484375,32.09355190822056,0.705502986907959,0.7058785557746887,0.005714091472327709,0.6958158051967621,0.6966189444065094,0.6984946250915527,0.7013315856456757,0.7058785557746887,0.7098591774702072,0.7126145601272583,0.714617645740509,0.7165135431289673
49231,-0.7057651281356812,154.74349975585938,151.99508666992188,30.914996010916575,0.7057651281356812,0.705978661775589,0.005764762405306101,0.696472829580307,0.6971911579370499,0.6985037326812744,0.7013875842094421,0.705978661775589,0.7101656347513199,0.7129620671272278,0.7146368652582169,0.7166753542423249
49322,-0.705953061580658,155.02561950683594,152.42990112304688,29.73376601082938,0.705953061580658,0.706417977809906,0.005709528923034668,0.696472829580307,0.6974880337715149,0.6988260567188262,0.7019815444946289,0.706417977809906,0.7103046476840973,0.7131834030151367,0.7146441102027893,0.7166753542423249
49413,-0.7062021493911743,155.22323608398438,152.78707885742188,28.669015066964285,0.7062020897865295,0.7070344686508179,0.005649071652442217,0.696472829580307,0.6979950487613678,0.6988846898078919,0.702185645699501,0.7070344686508179,0.7103046476840973,0.7132813811302186,0.7151903659105301,0.7166753542423249
49504,-0.7064265012741089,155.4762420654297,153.20436096191406,27.381240027291433,0.7064265608787537,0.7071457803249359,0.005630993749946356,0.6971379148960114,0.6979950487613678,0.6993462979793549,0.7022973299026489,0.7071457803249359,0.7103591859340668,0.7136027336120605,0.7151903659105301,0.7166904509067535
49595,-0.7066125273704529,155.94960021972656,153.83860778808594,26.151700156075613,0.7066125273704529,0.7071457803249359,0.00550858536735177,0.6971379148960114,0.698261308670044,0.6998699069023132,0.7025177627801895,0.7071457803249359,0.7103591859340668,0.7136027336120605,0.7151903659105301,0.7177633142471314
49686,-0.706803023815155,156.36460876464844,154.42225646972656,24.955768585205078,0.7068031430244446,0.7072285413742065,0.0054323249496519566,0.6971578454971313,0.6984003216028214,0.6998699069023132,0.7027060240507126,0.7072285413742065,0.7103591859340668,0.7139035880565643,0.7151903659105301,0.7177633142471314
49777,-0.7069435715675354,156.90496826171875,155.12258911132812,23.670935222080775,0.7069435119628906,0.7072361409664154,0.005389261059463024,0.6971578454971313,0.6991246074438096,0.7001709401607513,0.7027436196804047,0.7072361409664154,0.7103591859340668,0.7140433609485626,0.715203058719635,0.7177633142471314
49868,-0.7070217132568359,157.4810791015625,155.87269592285156,22.289114815848215,0.7070216536521912,0.7072361409664154,0.005289196968078613,0.6971578454971313,0.6991246074438096,0.7001709401607513,0.7027436196804047,0.7072361409664154,0.7103591859340668,0.7140433609485626,0.715203058719635,0.7177633142471314
49959,-0.7071086168289185,158.31394958496094,156.87953186035156,20.994622911725724,0.7071086168289185,0.7072392404079437,0.005253316834568977,0.6980380058288574,0.6993947446346283,0.7001709401607513,0.7027436196804047,0.7072392404079437,0.7103591859340668,0.7141093313694,0.7152132123708725,0.7177633142471314
