step,best_fitness,avg_hamming,avg_l1,avg_entropy,mean,median,std,2%,5%,10%,25%,50%,75%,90%,95%,98%
91,-0.5312476754188538,341.14398193359375,55.39787292480469,559.8528791155134,0.5312477350234985,0.5304996073246002,0.005385815165936947,0.5215698993206024,0.5234877645969391,0.5249581396579742,0.5277793109416962,0.5304996073246002,0.5346736311912537,0.5381924748420716,0.5420858979225158,0.5425668740272522
182,-0.5347723960876465,340.9464416503906,62.51289367675781,558.9141584123884,0.5347724556922913,0.5340445041656494,0.005020418204367161,0.5274357521533966,0.5280883371829986,0.5285199880599976,0.5310061275959015,0.5340445041656494,0.5376104265451431,0.5422972619533539,0.5439318746328354,0.5459350848197937
273,-0.5368779897689819,340.7431335449219,68.92613983154297,557.9647914341518,0.5368779301643372,0.5365911424160004,0.004800118040293455,0.5285087037086487,0.529821851849556,0.531159633398056,0.5334435552358627,0.5365911424160004,0.5406459271907806,0.5436226844787597,0.5441703587770462,0.5477817630767822
364,-0.538479745388031,340.52691650390625,74.77717590332031,556.997297014509,0.538479745388031,0.5380190312862396,0.004670753143727779,0.5304336988925934,0.5311942547559738,0.532800143957138,0.5351298600435257,0.5380190312862396,0.5419488847255707,0.5449526071548462,0.54668148458004,0.5477817630767822
455,-0.5397779941558838,340.30584716796875,80.17098999023438,556.0248761858259,0.539777934551239,0.5392727255821228,0.004957927856594324,0.5309173429012298,0.5325590997934342,0.5344845950603485,0.5361684560775757,0.5392727255821228,0.5431453585624695,0.5460360288619995,0.5478056311607361,0.550686787366867
546,-0.5406717658042908,340.07012939453125,85.23272705078125,555.0296020507812,0.5406717658042908,0.5404612720012665,0.004831446800380945,0.5324892508983612,0.5344957917928695,0.5349145293235779,0.536762461066246,0.5404612720012665,0.5440608859062195,0.5467086374759674,0.5485704272985459,0.550686787366867
637,-0.5416982769966125,339.83355712890625,89.93367004394531,554.0450701032366,0.5416982173919678,0.5410101115703583,0.004962609615176916,0.5344738364219666,0.5352525979280471,0.5358127593994141,0.5376193821430206,0.5410101115703583,0.5451664179563522,0.5480278253555297,0.5506850898265838,0.5541849255561828
728,-0.5427818894386292,339.5879821777344,94.46145629882812,553.0383649553571,0.5427818894386292,0.5424112677574158,0.005044116638600826,0.5350655579566955,0.5356570094823837,0.5367561399936676,0.5386243909597397,0.5424112677574158,0.5462635159492493,0.5492220640182495,0.5509003549814224,0.5541849255561828
819,-0.5440459847450256,339.330810546875,98.74236297607422,552.0201241629464,0.5440460443496704,0.5437001585960388,0.004962177947163582,0.5352583754062653,0.5366901248693466,0.5375757098197937,0.5405759364366531,0.5437001585960388,0.5469343960285187,0.5506953835487366,0.5532097309827805,0.5556841826438904
910,-0.544816255569458,339.0514831542969,102.81704711914062,550.9754900251116,0.544816255569458,0.5446215867996216,0.0044522760435938835,0.5371196722984314,0.5381727427244186,0.5392974376678467,0.5415746420621872,0.5446215867996216,0.547068178653717,0.5506953835487366,0.5532097309827805,0.5556841826438904
1001,-0.5455495715141296,338.7651062011719,106.61156463623047,549.9377964564732,0.5455495715141296,0.5454722940921783,0.004506670869886875,0.5371196722984314,0.5391435891389846,0.5405738592147827,0.5425731241703033,0.5454722940921783,0.5484449565410614,0.5511989891529083,0.5539833456277847,0.5556841826438904
1092,-0.5461453199386597,338.4888000488281,110.35537719726562,548.9040440150669,0.5461453199386597,0.5460006594657898,0.0044619678519666195,0.5387626230716706,0.5392999529838562,0.5407095193862915,0.5428647845983505,0.5460006594657898,0.5492551773786545,0.5513816118240357,0.5542259573936462,0.5559496092796326
1183,-0.5472521185874939,338.1984558105469,113.89091491699219,547.8660539899554,0.5472521781921387,0.5469495356082916,0.004380474332720041,0.5392428886890411,0.5402628630399704,0.5416443645954132,0.5443788766860962,0.5469495356082916,0.5503994524478912,0.5524616837501526,0.5555867463350296,0.5564195215702057
1274,-0.5477274656295776,337.89801025390625,117.31675720214844,546.8066842215402,0.5477274656295776,0.547137975692749,0.004170752130448818,0.5398312640190125,0.5416398257017135,0.542685866355896,0.545119047164917,0.547137975692749,0.5507888942956924,0.5524616837501526,0.5555867463350296,0.5564195215702057
1365,-0.5485755205154419,337.5989990234375,120.6895751953125,545.7488316127232,0.5485755205154419,0.5480190813541412,0.0039957319386303425,0.5417036044597626,0.5428567439317703,0.5437813818454742,0.54596146941185,0.5480190813541412,0.5511424243450165,0.5537905991077423,0.5559639751911163,0.5572153496742248
1456,-0.5491810441017151,337.2810974121094,123.9241943359375,544.6668875558036,0.5491810441017151,0.5485958755016327,0.004260119516402483,0.5417334771156311,0.5428567439317703,0.5438660085201263,0.5461871922016144,0.5485958755016327,0.5515698492527008,0.5549442827701568,0.5564204603433609,0.5574101662635803
1547,-0.5497893691062927,336.95428466796875,127.05714416503906,543.5718645368304,0.5497894287109375,0.5496605634689331,0.004302000626921654,0.5424991488456726,0.5433822304010392,0.5442670464515686,0.5464897453784943,0.5496605634689331,0.552509993314743,0.5559369206428528,0.5564883083105088,0.5574101662635803
1638,-0.5505649447441101,336.6239929199219,130.13551330566406,542.4739815848214,0.5505650043487549,0.5507588088512421,0.0042406367138028145,0.5428577506542206,0.5447406142950058,0.5453550338745117,0.547522097826004,0.5507588088512421,0.5537805557250977,0.5559987008571625,0.5572128832340241,0.5587302315235138
1729,-0.5512460470199585,336.2792663574219,133.12464904785156,541.3568812779018,0.5512460470199585,0.550836056470871,0.00473871361464262,0.5431300115585327,0.5450169414281845,0.5454544067382813,0.5479778349399567,0.550836056470871,0.5540382564067841,0.557222592830658,0.5603537410497665,0.5612441205978393
1820,-0.5521764159202576,335.9261169433594,136.10643005371094,540.2168579101562,0.5521764159202576,0.5513532161712646,0.0050995731726288795,0.5431812262535095,0.545178759098053,0.5459050536155701,0.5486429929733276,0.5513532161712646,0.5556699633598328,0.5599412560462952,0.5608173429965972,0.5619106268882751
1911,-0.5537551045417786,335.568359375,138.9224395751953,539.0857718331473,0.5537551045417786,0.5531578660011292,0.004866866394877434,0.545051382780075,0.5464969277381897,0.5479928195476532,0.5501280725002289,0.5531578660011292,0.5568913221359253,0.5607528150081634,0.5616038203239441,0.5630737376213074
2002,-0.5546704530715942,335.1990051269531,141.77732849121094,537.9210117885044,0.5546704530715942,0.5541377663612366,0.004965691361576319,0.547229505777359,0.5479842007160187,0.5486456394195557,0.5507873892784119,0.5541377663612366,0.5577015280723572,0.5612683296203613,0.5626452565193176,0.5662879145145416
2093,-0.555364727973938,334.8244323730469,144.48573303222656,536.7619192940848,0.555364727973938,0.5549578368663788,0.00452265702188015,0.5480087292194367,0.5490214318037033,0.5500942707061768,0.5522838830947876,0.5549578368663788,0.5578108727931976,0.5612683296203613,0.5626452565193176,0.5662879145145416
2184,-0.5560013651847839,334.4349365234375,147.16270446777344,535.5742797851562,0.5560013055801392,0.5557024478912354,0.004773925524204969,0.5480087292194367,0.5490214318037033,0.5501716494560241,0.5525428205728531,0.5557024478912354,0.5589340925216675,0.5622324049472809,0.5639503419399261,0.5678405594825745
2275,-0.557337760925293,334.0461120605469,149.84072875976562,534.3824811662946,0.5573377013206482,0.5566139221191406,0.00489857466891408,0.5481084978580475,0.5505151867866516,0.5519747614860535,0.5543908178806305,0.5566139221191406,0.560886412858963,0.5633149862289428,0.5663351804018021,0.5689284515380859
2366,-0.5580776929855347,333.6319885253906,152.37655639648438,533.1736798967634,0.5580776333808899,0.5572482347488403,0.005031474865972996,0.5490338003635407,0.5505899608135223,0.5523390829563141,0.5546745359897614,0.5572482347488403,0.5616695135831833,0.5639871001243592,0.5678534984588623,0.5693756604194641
2457,-0.5586711168289185,333.2275695800781,154.91488647460938,531.9697701590402,0.5586710572242737,0.5579594969749451,0.004810752347111702,0.5497691655158996,0.5522721141576767,0.5529080927371979,0.5554628223180771,0.5579594969749451,0.5619454830884933,0.5639871001243592,0.5682905942201615,0.5693756604194641
2548,-0.5590966939926147,332.8161926269531,157.44680786132812,530.7451695033482,0.55909663438797,0.5586439967155457,0.00483284005895257,0.5505792224407196,0.5523261606693268,0.5529080927371979,0.5556436479091644,0.5586439967155457,0.5622900724411011,0.564857441186905,0.5688159108161926,0.5693756604194641
2639,-0.560050368309021,332.40277099609375,159.87037658691406,529.5311889648438,0.560050368309021,0.5599962770938873,0.004813726060092449,0.5508933258056641,0.5528273701667785,0.5538961887359619,0.5563845932483673,0.5599962770938873,0.5629753470420837,0.5672085881233215,0.5688159108161926,0.5693756604194641
2730,-0.5607632398605347,331.9801330566406,162.21058654785156,528.3128313337054,0.5607632398605347,0.5604690313339233,0.004521800205111504,0.5530201017856597,0.5546827852725983,0.555168628692627,0.5569005608558655,0.5604690313339233,0.5633004605770111,0.5676202356815339,0.5688159108161926,0.5693756604194641
2821,-0.5612961649894714,331.5230712890625,164.52001953125,527.0384957449777,0.5612961649894714,0.5612308382987976,0.004485046956688166,0.5539733695983887,0.5549913108348846,0.555209219455719,0.5573700368404388,0.5612308382987976,0.564060315489769,0.567875063419342,0.5689360111951828,0.5696474623680114
2912,-0.5619880557060242,331.05865478515625,166.72991943359375,525.7744227818081,0.561988115310669,0.5625797212123871,0.004432295449078083,0.5547049260139465,0.5551418721675873,0.5555708527565002,0.558794766664505,0.5625797212123871,0.564667671918869,0.5682682752609253,0.5692270040512085,0.5696474623680114
3003,-0.5630356669425964,330.5938415527344,168.9055938720703,524.5110212053571,0.5630356669425964,0.5627544522285461,0.004727572668343782,0.5551435494422913,0.5552114546298981,0.5563269078731536,0.5598201602697372,0.5627544522285461,0.5663791000843048,0.5691798627376556,0.5708215951919555,0.5720054471492767
3094,-0.5640695691108704,330.1106872558594,171.083251953125,523.2135881696429,0.5640695691108704,0.5637276470661163,0.004669527988880873,0.5563236081600189,0.5564924955368042,0.5586286067962647,0.5610515773296356,0.5637276470661163,0.5669317692518234,0.5694743990898132,0.5717516273260117,0.5737961864471436
3185,-0.5650606155395508,329.6291809082031,173.29034423828125,521.9013061523438,0.5650606155395508,0.5647449791431427,0.00457608699798584,0.5564159679412842,0.5573861598968506,0.5595145881175995,0.5624260306358337,0.5647449791431427,0.5682986974716187,0.5708295345306397,0.5724712073802948,0.5737961864471436
3276,-0.5659075975418091,329.1384582519531,175.47552490234375,520.5693795340402,0.5659075975418091,0.5656415820121765,0.004670015536248684,0.5569028520584106,0.5588326990604401,0.5598029673099518,0.56275874376297,0.5656415820121765,0.569163054227829,0.5717613279819489,0.573212006688118,0.5757178854942322
3367,-0.566861629486084,328.63848876953125,177.54344177246094,519.2517351422991,0.566861629486084,0.5663458108901978,0.004911558236926794,0.5586271941661834,0.5595185399055481,0.5611023068428039,0.5637266784906387,0.5663458108901978,0.5694245994091034,0.572016566991806,0.5740676283836365,0.5774419903755188
3458,-0.5674158930778503,328.1459655761719,179.59530639648438,517.9365757533482,0.5674158334732056,0.5667406320571899,0.0048302775248885155,0.5588383889198303,0.5605548769235611,0.5625977337360382,0.5640537887811661,0.5667406320571899,0.5705243051052094,0.5725142061710358,0.5741151452064515,0.5774419903755188
3549,-0.5681707262992859,327.631103515625,181.62107849121094,516.5853184291294,0.5681707859039307,0.5676364302635193,0.004741096403449774,0.5594330286979675,0.5613309472799302,0.5630878686904908,0.5647917985916138,0.5676364302635193,0.5708991289138794,0.5735442161560058,0.5757207036018371,0.5779989540576934
3640,-0.5686467885971069,327.1261291503906,183.59690856933594,515.2559552873884,0.5686467885971069,0.5685343742370605,0.004927306901663542,0.5595171427726746,0.5613309472799302,0.5632792353630066,0.5657275915145874,0.5685343742370605,0.5711642205715179,0.5743214368820191,0.5764548599720001,0.5809427714347839
3731,-0.5693472027778625,326.5949401855469,185.4644775390625,513.9117693219866,0.5693473219871521,0.5692334175109863,0.0046021114103496075,0.5611343085765839,0.5627593547105789,0.564289528131485,0.5663509368896484,0.5692334175109863,0.5712445378303528,0.5744815647602082,0.5773798674345016,0.5809427714347839
3822,-0.5703504681587219,326.0759582519531,187.37815856933594,512.5622907366071,0.5703504681587219,0.5700667500495911,0.004405933432281017,0.5630903792381287,0.5642021983861923,0.5656160533428192,0.5670474320650101,0.5700667500495911,0.5725877285003662,0.5759498715400696,0.577932259440422,0.5809427714347839
3913,-0.5711752772331238,325.5329284667969,189.2202911376953,511.1986563546317,0.5711753368377686,0.5704749226570129,0.004462519660592079,0.5637227165699005,0.5645359873771667,0.5664422869682312,0.567856565117836,0.5704749226570129,0.5739434063434601,0.5775235056877136,0.5783731192350388,0.5809427714347839
4004,-0.5715101957321167,324.9851379394531,191.0503387451172,509.8157741001674,0.5715102553367615,0.5709854662418365,0.004490387160331011,0.563732635974884,0.5645359873771667,0.5667317330837249,0.5684811323881149,0.5709854662418365,0.5742167979478836,0.5776819825172425,0.5783731192350388,0.5809427714347839
4095,-0.5725852847099304,324.4095153808594,192.81622314453125,508.40621076311385,0.5725853443145752,0.5719814896583557,0.0048106699250638485,0.5640520811080932,0.5658928126096725,0.5669830739498138,0.5692627429962158,0.5719814896583557,0.5757148861885071,0.5780686020851136,0.5797002494335175,0.5854522776603699
4186,-0.5734128952026367,323.8499450683594,194.63113403320312,506.9990452357701,0.5734129548072815,0.5733711421489716,0.004739284515380859,0.5642003321647644,0.5665990561246872,0.5671548128128052,0.5702956020832062,0.5733711421489716,0.5765611380338669,0.5786077857017518,0.5809714138507843,0.5854522776603699
4277,-0.5742980241775513,323.2876892089844,196.46185302734375,505.5760716029576,0.5742979645729065,0.5739116966724396,0.004625258967280388,0.5657559192180633,0.5670614123344422,0.5690378665924072,0.5714362859725952,0.5739116966724396,0.5774296373128891,0.5796339273452759,0.5819765329360962,0.5854522776603699
4368,-0.5755817294120789,322.71112060546875,198.08486938476562,504.1855948311942,0.5755817890167236,0.5749253630638123,0.004969094414263964,0.5671592307090759,0.5680065482854844,0.5703836977481842,0.5725875794887543,0.5749253630638123,0.5780853927135468,0.5809364736080169,0.5854749262332917,0.5882825684547425
4459,-0.5764235854148865,322.1230163574219,199.75726318359375,502.7695050920759,0.5764236450195312,0.5754449367523193,0.005231693387031555,0.567373844385147,0.5693326771259308,0.5714260816574097,0.5731493383646011,0.5754449367523193,0.578585147857666,0.5832233011722565,0.5869654685258865,0.5899505162239075
4550,-0.5771155953407288,321.5162658691406,201.41268920898438,501.31457083565846,0.5771156549453735,0.5765345692634583,0.0051278006285429,0.5677060317993164,0.5704508543014526,0.5721343874931335,0.5736394822597504,0.5765345692634583,0.5794707536697388,0.5837383389472961,0.5869654685258865,0.5899505162239075
4641,-0.5776991248130798,320.9179992675781,203.0620574951172,499.86793300083707,0.5776991248130798,0.5772270858287811,0.005153290927410126,0.5681893956661225,0.570915874838829,0.5723327338695526,0.5740137547254562,0.5772270858287811,0.5801544636487961,0.5839121401309967,0.5873548746109009,0.5899505162239075
4732,-0.5787948966026306,320.2774963378906,204.68931579589844,498.3571079799107,0.5787949562072754,0.5785300731658936,0.005024149548262358,0.5715128540992737,0.5721919298171997,0.5728485226631165,0.5751026272773743,0.5785300731658936,0.5817681849002838,0.5855075895786286,0.5873548746109009,0.5899505162239075
4823,-0.5798180103302002,319.67596435546875,206.2581024169922,496.9170357840402,0.579818069934845,0.5791458487510681,0.005246340297162533,0.5715128540992737,0.572338929772377,0.5734343945980072,0.5759353637695312,0.5791458487510681,0.5833136439323425,0.587022215127945,0.5885972261428833,0.5905052876472473
4914,-0.5808150172233582,319.0582275390625,207.82371520996094,495.44864327566967,0.5808150768280029,0.5802703499794006,0.0051582008600234985,0.5721821761131287,0.5728724420070648,0.5745944976806641,0.5774116069078445,0.5802703499794006,0.5841237306594849,0.5880861818790436,0.5893050491809845,0.5909136474132538
5005,-0.5814906358718872,318.4334716796875,209.36326599121094,493.9752851213728,0.581490695476532,0.5809131562709808,0.005146766547113657,0.5728762078285218,0.5733254283666611,0.5746480345726013,0.5783377885818481,0.5809131562709808,0.5849719792604446,0.5888056695461273,0.5909090042114258,0.5915046656131744
5096,-0.5825492739677429,317.8122253417969,210.8632354736328,492.5158037458147,0.5825492739677429,0.5814307034015656,0.005158807151019573,0.5733264815807343,0.5746325314044952,0.5762388348579407,0.578932374715805,0.5814307034015656,0.5861529111862183,0.5893384337425231,0.5912928283214569,0.5922233176231384
5187,-0.5834870934486389,317.1684265136719,212.3144073486328,491.02435302734375,0.5834870934486389,0.5823155641555786,0.005261512007564306,0.5742942929267884,0.5761961936950684,0.577764219045639,0.5796073526144028,0.5823155641555786,0.5870401412248611,0.5912887275218963,0.592144501209259,0.5945304381847382
5278,-0.5845245718955994,316.47906494140625,213.73533630371094,489.4594988141741,0.5845245718955994,0.5834342539310455,0.005456692073494196,0.5751028442382813,0.5777772933244705,0.5785417795181275,0.5806010067462921,0.5834342539310455,0.5885737240314484,0.5919580101966858,0.5944979935884476,0.5971359574794769
5369,-0.5850740671157837,315.8276062011719,215.15525817871094,487.9601527622768,0.5850740671157837,0.5843379497528076,0.005426231771707535,0.5766746628284455,0.5778233915567398,0.5788557231426239,0.5808025151491165,0.5843379497528076,0.5886343866586685,0.5920906126499176,0.5946014046669006,0.5973861968517303
5460,-0.5855672955513,315.16265869140625,216.5690155029297,486.4469473702567,0.5855672359466553,0.5854522883892059,0.005156791303306818,0.5778846549987793,0.5785574793815613,0.5793391108512879,0.58136947453022,0.5854522883892059,0.5888115912675858,0.5920906126499176,0.5946014046669006,0.5973861968517303
5551,-0.5866918563842773,314.4789123535156,217.9043426513672,484.91353498186385,0.5866918563842773,0.5864652991294861,0.005144751630723476,0.5788823544979096,0.5796338319778442,0.5804234921932221,0.5821322202682495,0.5864652991294861,0.5901722609996796,0.5933230936527252,0.5962199807167053,0.597992285490036
5642,-0.5873913764953613,313.7797546386719,219.2182159423828,483.353262765067,0.5873913168907166,0.5874038636684418,0.004850390832871199,0.5789456725120544,0.5800934880971909,0.5812108874320984,0.5832889825105667,0.5874038636684418,0.5909309685230255,0.5934287011623383,0.5962199807167053,0.597992285490036
5733,-0.5884301066398621,313.11529541015625,220.55482482910156,481.8359157017299,0.5884300470352173,0.5883698165416718,0.004605120979249477,0.5801069438457489,0.5808088451623916,0.58202965259552,0.5857681781053543,0.5883698165416718,0.5919288992881775,0.5940533459186554,0.5962199807167053,0.597992285490036
5824,-0.5891149044036865,312.4058532714844,221.90574645996094,480.24734933035717,0.5891149044036865,0.5893668532371521,0.004484786652028561,0.5803286528587341,0.5815749704837799,0.582668912410736,0.5861763507127762,0.5893668532371521,0.5921705663204193,0.5941644728183746,0.5962199807167053,0.597992285490036
5915,-0.5902201533317566,311.7254333496094,223.2334442138672,478.6968427385603,0.5902200937271118,0.590364396572113,0.00446430966258049,0.5817718410491943,0.5832614421844482,0.5840931892395019,0.5865349769592285,0.590364396572113,0.5935857594013214,0.59576336145401,0.5977752029895782,0.5987700915336609
6006,-0.5910420417785645,311.0111999511719,224.52146911621094,477.1025957380022,0.5910420417785645,0.5911535918712616,0.004363137297332287,0.5832354259490967,0.584072270989418,0.5857914626598358,0.5880948603153229,0.5911535918712616,0.5940344780683517,0.5971067070960998,0.5979773849248886,0.5988757407665253
6097,-0.5919622778892517,310.2891540527344,225.7886962890625,475.504141671317,0.5919622778892517,0.5919487476348877,0.004752499517053366,0.5833474576473237,0.5849002629518509,0.5862937927246094,0.5885578840970993,0.5919487476348877,0.5948867648839951,0.5979783236980438,0.5999329715967179,0.6020639336109161
6188,-0.5928454399108887,309.5775451660156,227.00730895996094,473.91971697126115,0.5928454399108887,0.5924855768680573,0.00487084174528718,0.5833474576473237,0.5858730733394623,0.5869000136852265,0.5892043262720108,0.5924855768680573,0.5961975157260895,0.5990475833415985,0.5999600976705551,0.6053732526302338
6279,-0.5938382744789124,308.8696594238281,228.23147583007812,472.34478759765625,0.5938382148742676,0.5937210619449615,0.004760602954775095,0.5835829913616181,0.5863251179456711,0.5878427624702454,0.5904220044612885,0.5937210619449615,0.597389817237854,0.5997686386108398,0.6001212477684021,0.6053732526302338
6370,-0.5945287346839905,308.1420593261719,229.46835327148438,470.72845458984375,0.5945286154747009,0.5944232642650604,0.00447693420574069,0.5862469065189362,0.5875641793012619,0.5888104319572449,0.5921070426702499,0.5944232642650604,0.5975117087364197,0.5999092936515809,0.602014172077179,0.6053732526302338
6461,-0.5953224301338196,307.4185485839844,230.6787109375,469.1143319266183,0.5953223705291748,0.5950021743774414,0.004653275944292545,0.587331336736679,0.5878470122814179,0.5894704639911652,0.5921383202075958,0.5950021743774414,0.5978398323059082,0.6001879692077637,0.6034735649824142,0.6062019741535186
6552,-0.5959744453430176,306.6876220703125,231.84552001953125,467.51782662527904,0.5959744453430176,0.5958794355392456,0.004418633878231049,0.5877416706085206,0.588656660914421,0.590285187959671,0.5931812524795532,0.5958794355392456,0.598122164607048,0.601823365688324,0.6034735649824142,0.6062019741535186
6643,-0.5973185300827026,305.9626770019531,232.92005920410156,465.9478323800223,0.5973185896873474,0.5966713130474091,0.004804653115570545,0.5893618202209473,0.5912681818008423,0.5920201063156127,0.5939111113548279,0.5966713130474091,0.5997868776321411,0.6034356892108917,0.6067653924226761,0.6096361827850342
6734,-0.5979824066162109,305.24017333984375,234.06942749023438,464.3457685198103,0.5979824662208557,0.5975180864334106,0.00482539925724268,0.5902835607528687,0.5912911266088485,0.5920201063156127,0.594866544008255,0.5975180864334106,0.6005537658929825,0.6041318655014039,0.6067653924226761,0.6096361827850342
6825,-0.5988448858261108,304.50299072265625,235.15997314453125,462.74312482561385,0.5988448858261108,0.5983709990978241,0.005180325824767351,0.5903039312362671,0.5916519492864609,0.5926077842712403,0.5953026562929153,0.5983709990978241,0.6018400490283966,0.6062234520912171,0.6086269795894623,0.6104553270339966
6916,-0.5995759963989258,303.7542724609375,236.14364624023438,461.15614536830356,0.5995759963989258,0.5991539359092712,0.005037377588450909,0.5907182705402374,0.5919475853443146,0.5928444862365723,0.5961507260799408,0.5991539359092712,0.6023093312978745,0.6062234520912171,0.6086269795894623,0.6104553270339966
7007,-0.6007211804389954,303.0218200683594,237.19540405273438,459.5579092843192,0.6007211804389954,0.6005686223506927,0.0048700920306146145,0.5907182705402374,0.5927353620529174,0.5945317208766937,0.5979127436876297,0.6005686223506927,0.6035983264446259,0.6067952394485474,0.6093439877033233,0.6116827869415283
7098,-0.6015622615814209,302.2706298828125,238.2002410888672,457.9423130580357,0.6015623211860657,0.601376473903656,0.004778243601322174,0.5920017588138581,0.5937090218067169,0.5951014995574951,0.5989350229501724,0.601376473903656,0.6046517491340637,0.607475221157074,0.6096604943275452,0.6119035458564758
7189,-0.6027588844299316,301.5048522949219,239.13697814941406,456.3255702427455,0.6027588844299316,0.6025351285934448,0.0049214777536690235,0.5930420804023743,0.5945681780576706,0.5973743915557861,0.5991872251033783,0.6025351285934448,0.6057399809360504,0.6086263418197632,0.6104927778244018,0.61297518491745
7280,-0.6039373874664307,300.7323913574219,240.06027221679688,454.69319806780135,0.6039373874664307,0.6035395860671997,0.004710143897682428,0.5965080618858337,0.5973832964897156,0.5981913328170776,0.6001385450363159,0.6035395860671997,0.6065793484449387,0.6099994063377381,0.612943360209465,0.6134614109992981
7371,-0.6046773195266724,299.9618835449219,241.00009155273438,453.05990164620533,0.6046773791313171,0.6036514937877655,0.004798995330929756,0.597472403049469,0.5983356893062591,0.599026882648468,0.6013347506523132,0.6036514937877655,0.607642412185669,0.610575532913208,0.6134635925292968,0.6168908369541168
7462,-0.6053655743598938,299.1674499511719,241.99609375,451.3640441894531,0.6053655743598938,0.6050947904586792,0.004738595336675644,0.597629371881485,0.598490834236145,0.5995342612266541,0.6020430475473404,0.6050947904586792,0.608281284570694,0.6119881570339203,0.6134635925292968,0.617590035200119
7553,-0.6063148975372314,298.38250732421875,242.92034912109375,449.7088405064174,0.6063148975372314,0.605512946844101,0.005147816147655249,0.597629371881485,0.598904287815094,0.5996580302715302,0.6024516820907593,0.605512946844101,0.6097339242696762,0.6134732007980347,0.6154758542776108,0.617590035200119
7644,-0.6076698303222656,297.6284484863281,243.78994750976562,448.11659022739957,0.6076697707176208,0.6075143218040466,0.0048671746626496315,0.5989582085609436,0.6006119757890701,0.6020523726940155,0.6040233671665192,0.6075143218040466,0.610989972949028,0.6136845886707306,0.6162935763597488,0.617590035200119
7735,-0.6081899404525757,296.8492736816406,244.68084716796875,446.46372767857144,0.6081899404525757,0.6081646084785461,0.004777347669005394,0.6000343120098114,0.6017262727022171,0.6022982478141785,0.6047064810991287,0.6081646084785461,0.6112222522497177,0.6141192615032196,0.6168080717325211,0.617804058790207
7826,-0.6093811392784119,296.06787109375,245.62686157226562,444.79174368722096,0.6093810796737671,0.6092942953109741,0.004604096058756113,0.6017012941837311,0.6023010611534119,0.6034943580627441,0.6058503687381744,0.6092942953109741,0.6127391755580902,0.6159391641616822,0.6175892353057861,0.6181227123737335
7917,-0.610119104385376,295.3194274902344,246.60781860351562,443.141854422433,0.6101190447807312,0.6095831990242004,0.004534746520221233,0.6022175979614258,0.6029903054237366,0.6048120200634003,0.6068731844425201,0.6095831990242004,0.6131875067949295,0.6163118720054627,0.617773962020874,0.6189319014549255
8008,-0.6110824346542358,294.53790283203125,247.4195556640625,441.50765119280135,0.6110824942588806,0.6106586158275604,0.004374765790998936,0.6030133247375489,0.604735067486763,0.6058209359645843,0.6081174910068512,0.6106586158275604,0.6134658008813858,0.617598557472229,0.6181436568498612,0.6191664123535157
8099,-0.6124226450920105,293.7562255859375,248.2775115966797,439.8529619489397,0.6124227046966553,0.6120368540287018,0.004948927089571953,0.6030133247375489,0.6053490549325943,0.6064030289649963,0.6090581119060516,0.6120368540287018,0.6160361766815186,0.6189345717430115,0.6205784618854523,0.6241338956356048
8190,-0.6136093139648438,292.93511962890625,249.06045532226562,438.1602216448103,0.613609254360199,0.6132284700870514,0.00465791393071413,0.6055135011672974,0.6064057230949402,0.607571417093277,0.6106869727373123,0.6132284700870514,0.6167683750391006,0.6191506683826447,0.6215253233909607,0.6241338956356048
8281,-0.614425778388977,292.1274719238281,249.79197692871094,436.51368931361606,0.6144258379936218,0.6137588918209076,0.004723331891000271,0.6055264127254486,0.6064900130033493,0.6081221222877502,0.6117096245288849,0.6137588918209076,0.6175314784049988,0.6212710201740265,0.6226053237915039,0.6241338956356048
8372,-0.6151208281517029,291.3464660644531,250.6272430419922,434.8441598074777,0.6151208281517029,0.6149871051311493,0.004692946560680866,0.606302809715271,0.6072663813829422,0.6084326684474946,0.6120112538337708,0.6149871051311493,0.6182005256414413,0.6215122818946839,0.6230610370635986,0.6241338956356048
8463,-0.615768313407898,290.5487365722656,251.4918670654297,433.12523978097096,0.615768313407898,0.6158734261989594,0.004572667647153139,0.6073216629028321,0.6081003874540329,0.6098493933677673,0.6123683452606201,0.6158734261989594,0.6189977675676346,0.6219165921211243,0.6231703490018845,0.6241338956356048
8554,-0.6168739199638367,289.7362976074219,252.2144317626953,431.4514378138951,0.6168739199638367,0.616956353187561,0.0048799109645187855,0.6085816371440887,0.6093898266553879,0.6109012722969055,0.6133082360029221,0.616956353187561,0.6205347031354904,0.6230637550354003,0.624339359998703,0.6261048805713654
8645,-0.6180638670921326,288.9542541503906,252.92910766601562,429.8092346191406,0.6180638670921326,0.6180423498153687,0.004583859350532293,0.610286512374878,0.6112098723649979,0.6120375037193299,0.6142202913761139,0.6180423498153687,0.6214817613363266,0.6235855937004089,0.6248333275318145,0.6261497867107392
8736,-0.6190342307090759,288.13311767578125,253.6643524169922,428.11291067940846,0.6190342903137207,0.619002491235733,0.00418899767100811,0.6118799793720245,0.6126708209514617,0.613646787405014,0.616061344742775,0.619002491235733,0.6219815909862518,0.6240840792655945,0.625579297542572,0.6261497867107392
8827,-0.6197825074195862,287.27996826171875,254.313720703125,426.37740652901783,0.6197826266288757,0.6195092797279358,0.004242287017405033,0.612051774263382,0.6133396446704864,0.6145184278488159,0.6166069060564041,0.6195092797279358,0.6228439211845398,0.6247760117053985,0.62610522210598,0.6278777742385864
8918,-0.6204752922058105,286.4604187011719,255.01498413085938,424.67630876813615,0.6204752922058105,0.6203778684139252,0.004348572809249163,0.6124426519870758,0.6143962442874908,0.6149540901184082,0.6172983050346375,0.6203778684139252,0.6232972145080566,0.6255806684494019,0.6277810245752334,0.631519867181778
9009,-0.62155681848526,285.6275634765625,255.7472686767578,422.9373474121094,0.62155681848526,0.6214885413646698,0.004438587464392185,0.6143924152851105,0.6148802280426026,0.6160633385181427,0.6183424890041351,0.6214885413646698,0.6240826547145844,0.6277822077274322,0.6294474482536316,0.6316783428192139
9100,-0.6223136782646179,284.8221130371094,256.4650573730469,421.23839896065846,0.6223136782646179,0.6221404373645782,0.004596346523612738,0.6146518838405609,0.616035521030426,0.6171735107898713,0.6185710728168488,0.6221404373645782,0.624895840883255,0.6288177073001862,0.631051653623581,0.6316783428192139
9191,-0.6237545013427734,284.0011291503906,257.1242980957031,419.55191911969865,0.6237545013427734,0.6234893500804901,0.004997910000383854,0.6160645651817321,0.6164983034133911,0.6177367568016052,0.6194485127925873,0.6234893500804901,0.6273344457149506,0.6313834726810456,0.6333887815475464,0.6341838884353638
9282,-0.6244747638702393,283.1927490234375,257.74664306640625,417.8845955984933,0.6244747638702393,0.6240520477294922,0.00494580902159214,0.6161985087394715,0.6177391707897186,0.6179339230060578,0.6204675585031509,0.6240520477294922,0.6277135014533997,0.6316747426986694,0.633855527639389,0.6347370553016662
9373,-0.6257706880569458,282.3721923828125,258.379638671875,416.18331037248885,0.6257707476615906,0.6253843605518341,0.005025915801525116,0.6178288531303405,0.6182456314563751,0.6190002024173736,0.6217847317457199,0.6253843605518341,0.6289033740758896,0.6335317492485046,0.6346009910106659,0.6349210274219513
9464,-0.6269263625144958,281.5841369628906,259.1178894042969,414.4854736328125,0.6269263625144958,0.6272147297859192,0.005180634558200836,0.6179144561290741,0.6187564909458161,0.6192571520805359,0.6234930157661438,0.6272147297859192,0.6311183869838715,0.6340335011482239,0.6347586423158645,0.635521092414856
9555,-0.6276865601539612,280.7777404785156,259.65380859375,412.85096522739957,0.6276865601539612,0.6282443106174469,0.0051389760337769985,0.6179144561290741,0.6188105493783951,0.620081114768982,0.6235997229814529,0.6282443106174469,0.6319899260997772,0.6340335011482239,0.6347586423158645,0.635521092414856
9646,-0.6288785934448242,279.9285888671875,260.1809387207031,411.1350533621652,0.6288787126541138,0.628849446773529,0.004743919242173433,0.6187898802757263,0.6209803014993668,0.6218647122383117,0.6257681101560593,0.628849446773529,0.6330320835113525,0.6346648931503296,0.6355061173439026,0.6368410468101502
9737,-0.6297463774681091,279.0844421386719,260.7503356933594,409.4149823869978,0.6297464370727539,0.6301029324531555,0.004364710301160812,0.620620846748352,0.6217608273029327,0.6232451975345612,0.6269067823886871,0.6301029324531555,0.6333054751157761,0.6347665607929229,0.6355647444725037,0.6368410468101502
9828,-0.6308783292770386,278.23748779296875,261.2845458984375,407.70703560965404,0.6308783888816833,0.6313577890396118,0.004376214928925037,0.6219672632217407,0.6234455049037934,0.6250409960746766,0.6273170858621597,0.6313577890396118,0.6341737806797028,0.6365517914295197,0.636913725733757,0.6393083679676056
9919,-0.6317765712738037,277.42425537109375,261.89398193359375,405.9896153041295,0.6317765712738037,0.6317473948001862,0.005070318467915058,0.6222469019889831,0.623896700143814,0.6255556225776673,0.6284471452236176,0.6317473948001862,0.6346857696771622,0.6368462443351746,0.6380231857299805,0.6405702018737792
10010,-0.6331387758255005,276.55963134765625,262.3597412109375,404.2682451520647,0.6331387758255005,0.6330872178077698,0.005502340383827686,0.6234358918666839,0.6255393505096436,0.6270536780357361,0.6295119076967239,0.6330872178077698,0.6362144947052002,0.6387054145336151,0.641403877735138,0.6476357078552246
10101,-0.6339697241783142,275.74066162109375,262.8565979003906,402.61132376534596,0.6339697241783142,0.6336608529090881,0.005517184268683195,0.6251001250743866,0.6266037285327911,0.6276760399341583,0.6301137804985046,0.6336608529090881,0.6368209421634674,0.6404808282852172,0.6433884888887406,0.6479152703285217
10192,-0.6348605155944824,274.95654296875,263.3381652832031,401.00626046316967,0.6348605155944824,0.6345916390419006,0.005741813685745001,0.6251001250743866,0.6266037285327911,0.6282085418701172,0.6306857764720917,0.6345916390419006,0.6372314095497131,0.6422115921974182,0.6453350365161896,0.6479152703285217
10283,-0.6357154250144958,274.1887512207031,263.9548034667969,399.3506774902344,0.6357154250144958,0.6354731321334839,0.005764493718743324,0.6251001250743866,0.6266037285327911,0.6282085418701172,0.631923496723175,0.6354731321334839,0.6393214166164398,0.6428174912929535,0.6453350365161896,0.6479152703285217
10374,-0.6368283033370972,273.34033203125,264.3811340332031,397.65576607840404,0.6368283033370972,0.6363757848739624,0.0056742713786661625,0.6266110920906067,0.6280857264995575,0.6301076292991639,0.6331533640623093,0.6363757848739624,0.6405796408653259,0.6430868327617645,0.6476028263568878,0.6487746357917785
10465,-0.6378569006919861,272.5175476074219,264.8280029296875,395.99190412248885,0.6378569602966309,0.6371299922466278,0.005648853722959757,0.6281150245666504,0.6301253885030746,0.6311660468578338,0.6337450444698334,0.6371299922466278,0.6413019001483917,0.6463374614715576,0.6479010581970215,0.649267520904541
10556,-0.6385027766227722,271.67584228515625,265.347900390625,394.2631530761719,0.638502836227417,0.6375177502632141,0.005493431817740202,0.6296799969673157,0.6303545534610748,0.6322913110256195,0.6344457268714905,0.6375177502632141,0.6426858603954315,0.6463374614715576,0.6479010581970215,0.649267520904541
10647,-0.6394761800765991,270.87677001953125,265.8248596191406,392.5914524623326,0.6394761204719543,0.6389018297195435,0.0054842629469931126,0.6298882067203522,0.6314396649599076,0.6329678058624267,0.6355437338352203,0.6389018297195435,0.6433540731668472,0.646617078781128,0.648229056596756,0.6493068909645081
10738,-0.6404771208763123,270.0589599609375,266.2564697265625,390.9232744489397,0.6404771208763123,0.6405434310436249,0.005325908772647381,0.6307130348682404,0.6323593497276306,0.6345636487007141,0.6359613388776779,0.6405434310436249,0.6450500339269638,0.6476728022098541,0.6484524428844451,0.6493068909645081
10829,-0.6410589218139648,269.23455810546875,266.71917724609375,389.22788783482144,0.6410589814186096,0.6415264904499054,0.005098565481603146,0.6315714025497436,0.6337984740734101,0.634836208820343,0.6367723494768143,0.6415264904499054,0.6452024281024933,0.6476946830749511,0.6487697690725327,0.6493068909645081
10920,-0.6419193744659424,268.4038391113281,267.126220703125,387.54052734375,0.6419193744659424,0.6422141790390015,0.004634359385818243,0.6338100159168243,0.6349743485450745,0.6357979774475098,0.6386266946792603,0.6422141790390015,0.6453209072351456,0.6479463934898376,0.6489443510770798,0.6493068909645081
11011,-0.6423968076705933,267.5766906738281,267.5451965332031,385.8406023297991,0.642396867275238,0.6424378454685211,0.004479213617742062,0.6345919680595398,0.6353262364864349,0.6359981656074524,0.6390210092067719,0.6424378454685211,0.6457589864730835,0.6482187986373902,0.6491971135139465,0.6494463992118835
11102,-0.6438336968421936,266.72979736328125,267.8561096191406,384.1681605747768,0.6438336968421936,0.6439871490001678,0.004312042146921158,0.6356983745098114,0.6363539874553681,0.6377654075622559,0.6408353298902512,0.6439871490001678,0.6466755270957947,0.6492001056671143,0.6502796173095703,0.6521913504600525
11193,-0.6446273922920227,265.93212890625,268.31549072265625,382.49405343191967,0.6446273922920227,0.6450406610965729,0.004236274398863316,0.6366139662265777,0.6383621692657471,0.6389748513698578,0.6416177600622177,0.6450406610965729,0.6472245454788208,0.6495620846748352,0.6511938452720643,0.6541859138011933
11284,-0.645767867565155,265.12939453125,268.71051025390625,380.82425798688615,0.6457679271697998,0.6455236971378326,0.004703942686319351,0.6372752547264099,0.6389499694108963,0.6400578141212463,0.6428457647562027,0.6455236971378326,0.6477342545986176,0.6512014031410217,0.6542155414819717,0.6579074382781982
11375,-0.6467329859733582,264.3334045410156,269.16851806640625,379.1318795340402,0.6467330455780029,0.6464683711528778,0.004681503400206566,0.6377856779098511,0.6399470627307892,0.6419222354888916,0.6437057256698608,0.6464683711528778,0.6495611369609833,0.6521807134151458,0.6552181392908096,0.6579074382781982
11466,-0.6472988128662109,263.4874267578125,269.4665832519531,377.44839913504467,0.6472988128662109,0.6466479599475861,0.004734810441732407,0.6378674614429474,0.6402483135461807,0.6423639357089996,0.6439639925956726,0.6466479599475861,0.6502885818481445,0.653953468799591,0.6552181392908096,0.6579074382781982
11557,-0.6480827331542969,262.65667724609375,269.77099609375,375.77176339285717,0.6480826735496521,0.6473614573478699,0.0049288710579276085,0.6394324505329132,0.641290283203125,0.642410397529602,0.6451066732406616,0.6473614573478699,0.6505951881408691,0.6542526543140411,0.6577044486999511,0.6584073281288146
11648,-0.6491698026657104,261.87066650390625,270.1793518066406,374.11705235072543,0.6491697430610657,0.6486371159553528,0.0051011075265705585,0.6394424903392791,0.6414592504501343,0.6431655347347259,0.6459403187036514,0.6486371159553528,0.6521162837743759,0.6565172672271729,0.6581351399421692,0.6615788960456848
11739,-0.6503846645355225,261.0090026855469,270.4228210449219,372.4252450125558,0.6503846049308777,0.6497357487678528,0.004904128145426512,0.6420218157768249,0.6425602227449417,0.6450330972671509,0.6470125615596771,0.6497357487678528,0.6529269963502884,0.6576557576656341,0.6591808259487152,0.6621320617198944
11830,-0.6511400938034058,260.18707275390625,270.6864318847656,370.7815246582031,0.651140034198761,0.6504418551921844,0.0052004046738147736,0.6420218157768249,0.643321481347084,0.6454920053482056,0.6471105217933655,0.6504418551921844,0.6538069248199463,0.6579420566558838,0.6600339978933334,0.6629569506645203
11921,-0.652080774307251,259.3984375,271.04400634765625,369.13223702566967,0.652080774307251,0.6516271233558655,0.004903700202703476,0.6438505911827087,0.6455028504133224,0.6465339303016663,0.6489488184452057,0.6516271233558655,0.6541919559240341,0.658449649810791,0.6621467798948288,0.6633250629901886
12012,-0.6529430747032166,258.57177734375,271.28790283203125,367.4753679547991,0.6529431939125061,0.6525416374206543,0.004781085066497326,0.6446759903430939,0.6457740813493729,0.6469197154045105,0.649590402841568,0.6525416374206543,0.6551951766014099,0.659541517496109,0.6621467798948288,0.6633250629901886
12103,-0.6542189717292786,257.7301330566406,271.4837341308594,365.7986101422991,0.6542189717292786,0.6539210677146912,0.004548141732811928,0.6464696264266968,0.647265350818634,0.6488656461238861,0.6511066406965256,0.6539210677146912,0.6576621681451797,0.6599306702613831,0.6626277804374695,0.6633250629901886
12194,-0.6550037860870361,256.931640625,271.75103759765625,364.1823207310268,0.6550037264823914,0.654381513595581,0.004882932174950838,0.6464709568023682,0.6478203535079956,0.6492865264415741,0.651554524898529,0.654381513595581,0.6580206751823425,0.6612124145030975,0.6632893651723861,0.6671476292610169
12285,-0.6558303833007812,256.13616943359375,272.0774230957031,362.5353742327009,0.6558303833007812,0.6552008390426636,0.004733243025839329,0.647469789981842,0.6488695323467255,0.6503467440605164,0.6521705538034439,0.6552008390426636,0.6590996235609055,0.6621415376663208,0.663459113240242,0.6671476292610169
12376,-0.6567794680595398,255.3615264892578,272.4151916503906,360.901602608817,0.6567794680595398,0.6566053330898285,0.004818629939109087,0.6478070056438446,0.6492995023727417,0.6510360240936279,0.6539464294910431,0.6566053330898285,0.6598764359951019,0.6629836440086365,0.6656416952610016,0.6671476292610169
12467,-0.6582423448562622,254.5666961669922,272.7190246582031,359.2565002441406,0.658242404460907,0.6577847898006439,0.005061091855168343,0.6488503837585449,0.6495138943195343,0.6520631313323975,0.6549427807331085,0.6577847898006439,0.6614939570426941,0.6656184732913971,0.6671397060155868,0.668553682565689
12558,-0.6590652465820312,253.7638702392578,272.9309997558594,357.6366402762277,0.6590654253959656,0.6583135724067688,0.0048777577467262745,0.6493860101699829,0.6526263535022736,0.6537757515907288,0.6553944498300552,0.6583135724067688,0.6618029475212097,0.6659955620765686,0.6673221498727798,0.6686802804470062
12649,-0.6597039699554443,253.0122528076172,273.23876953125,356.0336696079799,0.6597040295600891,0.6595859229564667,0.004773284308612347,0.6493860101699829,0.6526492536067963,0.6544540524482727,0.6569731682538986,0.6595859229564667,0.6624163836240768,0.6662062346935272,0.6676242977380753,0.6686802804470062
12740,-0.6613009572029114,252.20477294921875,273.51580810546875,354.37574986049106,0.6613009572029114,0.6609891653060913,0.005291614681482315,0.6496528315544129,0.6538188874721527,0.6553052008152008,0.6576220840215683,0.6609891653060913,0.6648472249507904,0.6675817370414734,0.6694271832704544,0.6736980736255646
12831,-0.6619336009025574,251.41978454589844,273.75958251953125,352.75862775530135,0.6619336605072021,0.6618049144744873,0.00517060374841094,0.6526793324947358,0.6544738709926605,0.6561279714107513,0.6584555208683014,0.6618049144744873,0.665240153670311,0.6676988244056702,0.6694271832704544,0.6762349998950958
12922,-0.6627522706985474,250.59872436523438,273.9364318847656,351.0999973842076,0.6627523303031921,0.6626266837120056,0.005232385825365782,0.6543543708324432,0.6550425142049789,0.6569858253002167,0.6597344130277634,0.6626266837120056,0.6657315492630005,0.6686440348625183,0.6704859673976898,0.6762349998950958
13013,-0.6636993288993835,249.79940795898438,274.1745910644531,349.44138881138394,0.6636993288993835,0.6633751094341278,0.004885511938482523,0.6550342392921448,0.6565027445554733,0.657402491569519,0.6608042269945145,0.6633751094341278,0.6663072109222412,0.669955575466156,0.6733662784099579,0.6762349998950958
13104,-0.6649563312530518,249.01316833496094,274.37957763671875,347.82749720982144,0.6649563312530518,0.6641190052032471,0.00515557499602437,0.6550342392921448,0.6570833444595336,0.659001499414444,0.661514937877655,0.6641190052032471,0.6679216921329498,0.6728500366210938,0.6735767245292663,0.677110720872879
13195,-0.6659426689147949,248.27139282226562,274.6590576171875,346.2190246582031,0.6659426689147949,0.6656372845172882,0.005337539594620466,0.6555571484565735,0.6570833444595336,0.660165297985077,0.6621894240379333,0.6656372845172882,0.6693464815616608,0.6735152125358581,0.6747531652450561,0.6773040080070496
13286,-0.6667424440383911,247.50253295898438,274.8256530761719,344.65787615094865,0.6667425036430359,0.6660773158073425,0.005562798585742712,0.6570845174789429,0.6590109914541245,0.6606158912181854,0.6625165194272995,0.6660773158073425,0.6700090318918228,0.6739620983600616,0.6770989567041397,0.6784920358657837
13377,-0.6674184799194336,246.73260498046875,274.99041748046875,343.0911167689732,0.6674185395240784,0.6668365001678467,0.005342086311429739,0.6587231874465942,0.6590310156345367,0.661029314994812,0.6631976664066315,0.6668365001678467,0.6704081594944,0.6743819952011109,0.6770989567041397,0.6784920358657837
13468,-0.6680055856704712,245.9903106689453,275.1858215332031,341.5560389927455,0.6680055856704712,0.6676172912120819,0.005111840087920427,0.6590275514125824,0.6604429960250855,0.6622573614120484,0.664372444152832,0.6676172912120819,0.6708092093467712,0.6747106790542603,0.6770989567041397,0.6784920358657837
13559,-0.6688108444213867,245.2034149169922,275.299072265625,339.96339634486606,0.6688109636306763,0.6688805520534515,0.005143553949892521,0.6600437474250793,0.6606243401765823,0.6624722003936767,0.6650833040475845,0.6688805520534515,0.6719959527254105,0.6754805326461792,0.6780311435461044,0.6789260411262512
13650,-0.6700912117958069,244.45675659179688,275.55474853515625,338.3529793875558,0.6700911521911621,0.6703599691390991,0.004747378174215555,0.6604626655578614,0.6624484360218048,0.664012897014618,0.6665225028991699,0.6703599691390991,0.6734747439622879,0.6762218475341797,0.6780311435461044,0.6789421951770782
13741,-0.6710472702980042,243.66983032226562,275.70367431640625,336.7509068080357,0.6710472106933594,0.6706564128398895,0.004885230679064989,0.6611797142028809,0.6634292632341385,0.664538961648941,0.6676272004842758,0.6706564128398895,0.674351692199707,0.6773567199707031,0.6784834295511246,0.6798628854751587
13832,-0.6716960072517395,242.88197326660156,275.8470458984375,335.1246643066406,0.6716959476470947,0.6717366874217987,0.004743930418044329,0.6631632828712464,0.6640646934509278,0.6653650164604187,0.6684544086456299,0.6717366874217987,0.6746605932712555,0.6779826402664184,0.6785474687814712,0.6812637722492217
13923,-0.6722135543823242,242.1204071044922,275.95367431640625,333.56382533482144,0.672213613986969,0.6721587777137756,0.004802210722118616,0.6634887611865997,0.664482593536377,0.6655347585678101,0.6688355356454849,0.6721587777137756,0.6754936426877975,0.6780659914016723,0.6798795074224472,0.6812637722492217
14014,-0.6731422543525696,241.35372924804688,276.0716247558594,331.9929417201451,0.6731420159339905,0.6730888187885284,0.004749819170683622,0.66407217502594,0.664866441488266,0.6674205183982849,0.6704505532979965,0.6730888187885284,0.6762607395648956,0.6785672843456269,0.6809635788202286,0.6841541457176209
14105,-0.6741633415222168,240.59201049804688,276.191650390625,330.4305725097656,0.6741632223129272,0.6741672456264496,0.004803355783224106,0.6648704659938812,0.6670661330223083,0.6679869413375854,0.6705896556377411,0.6741672456264496,0.6773206740617752,0.6800235331058502,0.6833085060119629,0.6843319344520569
14196,-0.6750967502593994,239.79876708984375,276.2131652832031,328.8519941057478,0.6750966906547546,0.6752171218395233,0.004898550920188427,0.6670876407623291,0.6674544900655747,0.6686369240283966,0.6707035899162292,0.6752171218395233,0.6781425774097443,0.6815052926540375,0.6839234054088592,0.6843507432937622
14287,-0.6759098172187805,239.0601348876953,276.2874755859375,327.3580976213728,0.6759097576141357,0.6755019724369049,0.004965833853930235,0.6673785352706909,0.6676012694835662,0.6696697115898133,0.6727630645036697,0.6755019724369049,0.6790903806686401,0.6833402395248414,0.6843241512775421,0.6847641825675964
14378,-0.6770845651626587,238.3618927001953,276.4681091308594,325.8464093889509,0.6770844459533691,0.6768801212310791,0.005005968268960714,0.6674903750419616,0.6687947183847427,0.6710772335529327,0.6736578494310379,0.6768801212310791,0.6805151551961899,0.6841071367263794,0.6849704384803772,0.6878065025806427
14469,-0.6780697703361511,237.62277221679688,276.5605163574219,324.314705984933,0.6780697107315063,0.6780236661434174,0.0052909450605511665,0.6679809236526489,0.671051761507988,0.6716260552406311,0.6741838604211807,0.6780236661434174,0.680914580821991,0.6844277322292328,0.6878140956163407,0.6884023487567902
14560,-0.6784512400627136,236.85829162597656,276.66949462890625,322.7421395438058,0.6784511804580688,0.6783852875232697,0.005347392521798611,0.6679809236526489,0.671051761507988,0.6723656415939331,0.6745986342430115,0.6783852875232697,0.6815072000026703,0.6849880218505859,0.6881368160247803,0.6904965889453888
14651,-0.6791365146636963,236.1284637451172,276.8181457519531,321.1897626604353,0.679136335849762,0.6790401041507721,0.005287569016218185,0.6688398897647858,0.6714204102754593,0.6726432681083679,0.6751559674739838,0.6790401041507721,0.6826230585575104,0.6862171292304993,0.6881368160247803,0.6904965889453888
14742,-0.6797739863395691,235.38026428222656,276.89056396484375,319.6570826939174,0.6797739267349243,0.6796093583106995,0.005268061067909002,0.6711055743694305,0.6718788057565689,0.6732096672058105,0.6759787797927856,0.6796093583106995,0.6836566030979156,0.6869424164295197,0.6883793920278549,0.6913818311691284
14833,-0.680905818939209,234.61212158203125,276.8994445800781,318.12239728655135,0.680905818939209,0.68056321144104,0.005053926259279251,0.6713175642490387,0.6731728851795197,0.6748738646507263,0.677347868680954,0.68056321144104,0.684140682220459,0.6878307640552521,0.6888620823621749,0.6922440600395202
14924,-0.6814302206039429,233.90811157226562,277.05389404296875,316.60196358816967,0.6814302206039429,0.6807833015918732,0.004728223662823439,0.6724019753932953,0.6738289594650269,0.675833261013031,0.6784449815750122,0.6807833015918732,0.6841986179351807,0.6878307640552521,0.6888620823621749,0.6922440600395202
15015,-0.6823956370353699,233.1571807861328,277.1284484863281,315.0326930454799,0.6823956966400146,0.6822935342788696,0.005070915911346674,0.6724019753932953,0.6742442071437835,0.6766158938407898,0.679044172167778,0.6822935342788696,0.6853118538856506,0.6889166414737702,0.6921079576015472,0.6927129995822906
15106,-0.6830763220787048,232.45652770996094,277.22918701171875,313.55189296177457,0.6830763816833496,0.6827380359172821,0.005268068052828312,0.6733676648139953,0.675060686469078,0.6771597385406494,0.6793578863143921,0.6827380359172821,0.6867310255765915,0.6901852369308472,0.6925704210996628,0.6942015612125396
15197,-0.6841363310813904,231.71466064453125,277.2253112792969,312.03619384765625,0.6841363310813904,0.6835750341415405,0.0054578473791480064,0.6737058711051941,0.6758938699960708,0.6779046356678009,0.6803644895553589,0.6835750341415405,0.6876485496759415,0.6916152238845825,0.6927266061306,0.6942540156841278
15288,-0.6848589777946472,231.01429748535156,277.340576171875,310.53451102120533,0.684859037399292,0.684627503156662,0.005305863451212645,0.6737058711051941,0.6769982933998108,0.6790411233901977,0.6813538670539856,0.684627503156662,0.6881608963012695,0.6916152238845825,0.6931653410196305,0.695738570690155
15379,-0.6857133507728577,230.311279296875,277.3740539550781,309.0830296107701,0.6857133507728577,0.685338020324707,0.005553776863962412,0.6763604640960693,0.6782358855009079,0.6794227242469788,0.6815478950738907,0.685338020324707,0.6888543665409088,0.6925774276256561,0.6942910760641098,0.6980874896049499
15470,-0.6868005394935608,229.57455444335938,277.3807373046875,307.57883998325894,0.686800479888916,0.6862839460372925,0.005251429043710232,0.6787155091762542,0.6794252932071686,0.680167043209076,0.683122992515564,0.6862839460372925,0.6903047114610672,0.6932093918323516,0.6945498496294021,0.6980874896049499
15561,-0.6875891089439392,228.88763427734375,277.4709167480469,306.10487147739957,0.687589168548584,0.6872523427009583,0.005275264848023653,0.6787389719486236,0.6795548141002655,0.6806781351566314,0.6833880841732025,0.6872523427009583,0.6910070478916168,0.69386146068573,0.696456915140152,0.6995558059215545
15652,-0.6880455017089844,228.21742248535156,277.59539794921875,304.6340070452009,0.6880455017089844,0.6880407333374023,0.00509605323895812,0.6794030642509461,0.6807780176401138,0.6815562784671784,0.6841850429773331,0.6880407333374023,0.6915760040283203,0.69386146068573,0.696456915140152,0.6995558059215545
15743,-0.6887660622596741,227.50399780273438,277.64239501953125,303.1393781389509,0.6887661218643188,0.6887793242931366,0.005254058632999659,0.6794030642509461,0.6807780176401138,0.6822622299194336,0.6851001232862473,0.6887793242931366,0.6922261267900467,0.6957506239414215,0.6978670835494996,0.6995558059215545
15834,-0.6896763443946838,226.85440063476562,277.7774963378906,301.70011247907365,0.6896763443946838,0.6895400881767273,0.0053734928369522095,0.6794030642509461,0.681549894809723,0.6827348411083222,0.686385303735733,0.6895400881767273,0.6927325278520584,0.6964577198028564,0.6995446056127548,0.7000625467300415
15925,-0.6903027892112732,226.1754608154297,277.8466796875,300.2249494280134,0.6903027296066284,0.6899989247322083,0.005366830620914698,0.6794030642509461,0.6826220124959945,0.683759617805481,0.686502680182457,0.6899989247322083,0.6934090107679367,0.6976343214511871,0.6996270298957825,0.7005953907966613
16016,-0.6911551356315613,225.4976806640625,277.9085388183594,298.76382882254467,0.6911550760269165,0.6909495890140533,0.0054023778066039085,0.6815581059455872,0.6826220124959945,0.6841468274593353,0.6872204542160034,0.6909495890140533,0.6945693790912628,0.6979151248931885,0.6999944865703582,0.7012160909175873
16107,-0.6919090747833252,224.81610107421875,277.947998046875,297.30582101004467,0.6919091939926147,0.6915031671524048,0.005607120227068663,0.6825938189029693,0.6828214168548584,0.685169905424118,0.6882675290107727,0.6915031671524048,0.6954892128705978,0.6996143817901611,0.7008089125156403,0.7044693875312805
16198,-0.6924724578857422,224.12045288085938,277.9854431152344,295.82349940708707,0.6924724578857422,0.6922463178634644,0.005621019750833511,0.6826335680484772,0.6839148104190826,0.685538113117218,0.6883020102977753,0.6922463178634644,0.6961506307125092,0.6998842835426331,0.7009373396635056,0.7049433469772339
16289,-0.6929019689559937,223.4497833251953,278.02001953125,294.37357003348217,0.6929019689559937,0.6926278471946716,0.005501766223460436,0.6833145821094513,0.6845025360584259,0.6859903335571289,0.6890170127153397,0.6926278471946716,0.6964685320854187,0.6998842835426331,0.701311394572258,0.7049433469772339
16380,-0.6935518980026245,222.79336547851562,278.11822509765625,292.89583478655135,0.6935518383979797,0.6931279897689819,0.005458197556436062,0.6838437569141388,0.6853540152311325,0.6865476489067077,0.6895963251590729,0.6931279897689819,0.697318360209465,0.7005734324455262,0.7016890794038773,0.705790913105011
16471,-0.694194495677948,222.14781188964844,278.1697082519531,291.492431640625,0.694194495677948,0.6941654980182648,0.0054372032172977924,0.6838448178768158,0.6859371423721313,0.6874793946743012,0.6903506219387054,0.6941654980182648,0.6977056860923767,0.7009542167186738,0.7042160004377365,0.7058552253246307
16562,-0.6952879428863525,221.529296875,278.30023193359375,290.08053152901783,0.6952878832817078,0.6953445672988892,0.005520508624613285,0.6841916072368622,0.6865597665309906,0.6879304468631744,0.6911642700433731,0.6953445672988892,0.6990601122379303,0.7016246676445007,0.7044781565666198,0.7073703300952912
16653,-0.6963237524032593,220.84356689453125,278.2795715332031,288.6415056501116,0.6963236927986145,0.6964265406131744,0.005391365848481655,0.6862547719478607,0.6875362455844879,0.6895470738410949,0.692682757973671,0.6964265406131744,0.7000065743923187,0.7023622810840606,0.7057625085115433,0.7086909222602844
16744,-0.6971510052680969,220.1596221923828,278.2382507324219,287.2109680175781,0.6971510052680969,0.6965959966182709,0.005597098730504513,0.68659548163414,0.6881410181522369,0.6898088872432708,0.6931324005126953,0.6965959966182709,0.7009307891130447,0.7045943021774292,0.7073624223470688,0.7086909222602844
16835,-0.6980087161064148,219.4913330078125,278.23553466796875,285.78417532784596,0.69800865650177,0.6976227462291718,0.005553085822612047,0.6880950140953064,0.6894615888595581,0.691023188829422,0.6941531300544739,0.6976227462291718,0.7021196782588959,0.705352246761322,0.7077518552541733,0.7086909222602844
16926,-0.6987049579620361,218.86563110351562,278.2812194824219,284.4037388392857,0.6987049579620361,0.6983124315738678,0.005645685363560915,0.6881493520736695,0.6895928800106048,0.691212671995163,0.6946554780006409,0.6983124315738678,0.7027460485696793,0.7073165893554687,0.7083853721618653,0.709049198627472
17017,-0.6997374296188354,218.31378173828125,278.4662780761719,283.037100655692,0.6997374892234802,0.6995460093021393,0.005902888253331184,0.6893376994132996,0.6896912455558777,0.6927088379859925,0.6951902657747269,0.6995460093021393,0.7044889628887177,0.7083309113979339,0.7096090584993362,0.710742654800415
17108,-0.7002149820327759,217.6623992919922,278.4243469238281,281.66686575753346,0.7002149820327759,0.6995545029640198,0.006035595666617155,0.6893376994132996,0.6910071641206741,0.6928793668746949,0.6958775371313095,0.6995545029640198,0.7047186195850372,0.7086700201034546,0.7106328278779983,0.7123274397850037
17199,-0.7009904384613037,217.045654296875,278.40716552734375,280.34459141322543,0.7009904980659485,0.7009260356426239,0.005888460669666529,0.6894647359848023,0.6916721075773239,0.6934022426605224,0.6968908458948135,0.7009260356426239,0.7048944532871246,0.7087311804294586,0.7106328278779983,0.7123274397850037
17290,-0.7018849849700928,216.4224395751953,278.4299621582031,278.9793178013393,0.7018849849700928,0.7017872631549835,0.005748760886490345,0.691040176153183,0.6927491247653961,0.6944114625453949,0.6978855282068253,0.7017872631549835,0.7056937515735626,0.7089117050170899,0.711263331770897,0.7132982563972473
17381,-0.7021662592887878,215.7925262451172,278.42437744140625,277.6042218889509,0.7021661996841431,0.7023317813873291,0.005687030032277107,0.6910676729679107,0.6927491247653961,0.6944144904613495,0.6982574760913849,0.7023317813873291,0.7060160636901855,0.7089117050170899,0.711263331770897,0.7132982563972473
17472,-0.7028375267982483,215.17889404296875,278.46734619140625,276.2166094098772,0.7028374671936035,0.7027607262134552,0.005799622740596533,0.6910676729679107,0.6932318329811096,0.6956436574459076,0.6988746821880341,0.7027607262134552,0.7065915465354919,0.7103465020656585,0.7123272895812989,0.7138852500915527
17563,-0.7035254240036011,214.6054229736328,278.54144287109375,274.885750906808,0.7035254836082458,0.7037985324859619,0.005769837647676468,0.6910676729679107,0.6933078229427337,0.6959320724010467,0.6994475573301315,0.7037985324859619,0.7073668241500854,0.711283415555954,0.7124919533729553,0.7138852500915527
17654,-0.7041686773300171,213.98690795898438,278.5389404296875,273.53101893833707,0.7041686177253723,0.7045367956161499,0.005940181668847799,0.6910676729679107,0.6933078229427337,0.6974871098995209,0.7000161707401276,0.7045367956161499,0.7079496085643768,0.7120498597621918,0.7133147895336152,0.7162133634090424
17745,-0.7046578526496887,213.38548278808594,278.5317687988281,272.184090750558,0.7046579122543335,0.7054349780082703,0.005819486919790506,0.6922355377674103,0.6947573781013489,0.6975085318088532,0.7008054852485657,0.7054349780082703,0.7083918154239655,0.7121775150299072,0.7133147895336152,0.7162133634090424
17836,-0.7055631279945374,212.8160858154297,278.619384765625,270.8429173060826,0.7055631279945374,0.7064484357833862,0.0058556003496050835,0.6937098133563996,0.6962596595287323,0.6976816892623902,0.7018590122461319,0.7064484357833862,0.708673283457756,0.7123144745826722,0.713945883512497,0.7176870691776276
17927,-0.7061352133750916,212.20191955566406,278.6219787597656,269.4838169642857,0.7061352729797363,0.7065882682800293,0.005758669227361679,0.693790831565857,0.6973476022481918,0.6992576122283936,0.7023971378803253,0.7065882682800293,0.7091613858938217,0.7132361829280853,0.7145129203796386,0.7189246559143067
18018,-0.7070657014846802,211.6239776611328,278.6108093261719,268.18489728655135,0.707065761089325,0.7067431211471558,0.006240508519113064,0.6961336517333985,0.6976121217012405,0.6995184421539307,0.7032346427440643,0.7067431211471558,0.7101350426673889,0.7140040755271911,0.7189194202423096,0.7192931532859802
18109,-0.7076284885406494,211.0780792236328,278.6565856933594,266.92074148995533,0.7076284289360046,0.707128643989563,0.00621385220438242,0.6963529908657073,0.6978128403425217,0.700299859046936,0.7034361362457275,0.707128643989563,0.711189940571785,0.7155278205871582,0.7189318299293518,0.7222569477558136
18200,-0.7081425786018372,210.53048706054688,278.68927001953125,265.64730398995533,0.7081424593925476,0.7073631882667542,0.0063081285916268826,0.6963659584522247,0.6986582756042481,0.700299859046936,0.7038083970546722,0.7073631882667542,0.7122469544410706,0.716688072681427,0.7191615402698517,0.7222569477558136
18291,-0.7085553407669067,209.93153381347656,278.6366882324219,264.3500322614397,0.7085554003715515,0.7076523900032043,0.006002551876008511,0.6975993204116822,0.6986582756042481,0.7010212898254394,0.7051558345556259,0.7076523900032043,0.7125109285116196,0.716688072681427,0.7191615402698517,0.7222569477558136
18382,-0.70921391248703,209.34226989746094,278.6175537109375,263.0292184012277,0.7092140316963196,0.7089806795120239,0.006126664113253355,0.6975993204116822,0.6986582756042481,0.7015999138355256,0.7055323868989944,0.7089806795120239,0.7130846530199051,0.7171838521957398,0.7192131161689759,0.7227282202243804
18473,-0.7099005579948425,208.77316284179688,278.612548828125,261.7371085030692,0.7099004983901978,0.7103059589862823,0.006080654915422201,0.6980514872074127,0.7001758873462677,0.7019907772541046,0.7056278139352798,0.7103059589862823,0.7138406485319138,0.7175698757171631,0.7192131161689759,0.7227282202243804
18564,-0.7104109525680542,208.2056884765625,278.6184387207031,260.43894740513394,0.710411012172699,0.7109009623527527,0.0060119288973510265,0.6991066682338715,0.7010287463665008,0.7030145287513733,0.7065071761608124,0.7109009623527527,0.7144871056079865,0.7176855385303498,0.7192131161689759,0.7234190213680267
18655,-0.7111629247665405,207.64505004882812,278.6098937988281,259.16392299107144,0.7111629247665405,0.7115353941917419,0.006210448686033487,0.7010336792469025,0.7014227509498596,0.7033406555652618,0.7068915665149689,0.7115353941917419,0.7148609757423401,0.7192165613174438,0.7215241074562073,0.7251640725135803
18746,-0.7121102809906006,207.06396484375,278.5197448730469,257.91270228794644,0.7121102809906006,0.7124105095863342,0.006169533357024193,0.7010449528694153,0.7018863648176193,0.7044712841510773,0.7073798924684525,0.7124105095863342,0.7157202064990997,0.7200397372245788,0.7220018476247787,0.7251640725135803
18837,-0.7126579284667969,206.49652099609375,278.4801025390625,256.64158630371094,0.7126579284667969,0.7127217054367065,0.006269240751862526,0.7010664594173431,0.7027665793895721,0.7044712841510773,0.708605945110321,0.7127217054367065,0.716263934969902,0.720945292711258,0.7227422446012497,0.7252660024166108
18928,-0.7135990858078003,205.96856689453125,278.4873046875,255.41638837541853,0.7135991454124451,0.7132260203361511,0.0068345204927027225,0.7014109182357788,0.7034034967422486,0.7046009123325347,0.7096545249223709,0.7132260203361511,0.7174227237701416,0.7220588207244873,0.7251662760972977,0.7298982310295105
19019,-0.7140448093414307,205.40646362304688,278.4233093261719,254.18348693847656,0.7140448689460754,0.7134768664836884,0.006752448622137308,0.7017459166049957,0.7034198015928268,0.7057901799678803,0.7100438624620438,0.7134768664836884,0.7179479897022247,0.7227222740650177,0.7251662760972977,0.7300090396404266
19110,-0.7148398160934448,204.86927795410156,278.4135437011719,252.91804722377233,0.7148398756980896,0.7141209840774536,0.006717198062688112,0.7030210435390473,0.7044155329465867,0.7068336129188537,0.7103287279605865,0.7141209840774536,0.7197729796171188,0.7246217727661133,0.7252738326787949,0.7300090396404266
19201,-0.71578049659729,204.32347106933594,278.3923645019531,251.65928649902344,0.71578049659729,0.7150295674800873,0.00659885723143816,0.7030210435390473,0.7048610359430313,0.7069432258605957,0.7119072377681732,0.7150295674800873,0.7203624546527863,0.7248410165309906,0.7252738326787949,0.7300090396404266
19292,-0.7164497971534729,203.79287719726562,278.3625793457031,250.45218767438615,0.7164497971534729,0.71570685505867,0.006486311089247465,0.7034428405761719,0.7048776507377624,0.7089273869991303,0.7122872769832611,0.71570685505867,0.7212129831314087,0.7248410165309906,0.7252738326787949,0.7300090396404266
19383,-0.7171633839607239,203.24337768554688,278.32476806640625,249.19651576450892,0.7171633243560791,0.7172196209430695,0.006432617548853159,0.7044400012493134,0.7054694533348084,0.7103468120098114,0.712962418794632,0.7172196209430695,0.721818134188652,0.7248625695705414,0.7257770121097564,0.7308773195743561
19474,-0.7177683711051941,202.7416534423828,278.36285400390625,247.9745352608817,0.7177684903144836,0.7177244126796722,0.006219491362571716,0.7044400012493134,0.7063196063041687,0.7113248348236084,0.7141762971878052,0.7177244126796722,0.7224186509847641,0.7249966323375702,0.7262378215789795,0.7308773195743561
19565,-0.7180296778678894,202.23143005371094,278.3699951171875,246.77338518415178,0.718029797077179,0.7177497744560242,0.006154034286737442,0.704881956577301,0.7068597733974457,0.7113248348236084,0.714531272649765,0.7177497744560242,0.7229544520378113,0.7253177523612976,0.7262940496206284,0.7308773195743561
19656,-0.7185992002487183,201.73997497558594,278.391845703125,245.59320068359375,0.7185993790626526,0.7183318138122559,0.005901395808905363,0.7068697154521942,0.7076911449432373,0.7118456542491913,0.7153102159500122,0.7183318138122559,0.7230362445116043,0.7254059195518494,0.7262940496206284,0.7308773195743561
19747,-0.719417154788971,201.2245635986328,278.4014892578125,244.37137712751115,0.7194173336029053,0.7191146314144135,0.005933783948421478,0.7069718205928802,0.7082690954208374,0.7122200429439545,0.7158039212226868,0.7191146314144135,0.7233734726905823,0.7262290418148041,0.7291654855012893,0.7313460600376129
19838,-0.7200460433959961,200.724609375,278.4020690917969,243.16275896344865,0.7200461030006409,0.7195762395858765,0.006127906031906605,0.7069718205928802,0.7097297787666321,0.712663859128952,0.7165074497461319,0.7195762395858765,0.7246418595314026,0.7272017538547516,0.7295689791440964,0.7327355015277862
19929,-0.7204105257987976,200.2149658203125,278.39471435546875,241.93792070661272,0.7204105854034424,0.7204234600067139,0.006077409256249666,0.7071213173866272,0.7097893357276917,0.7127013564109802,0.7165558338165283,0.7204234600067139,0.7248849123716354,0.7282054126262665,0.7296109855175018,0.7327355015277862
20020,-0.7210927605628967,199.68695068359375,278.3245544433594,240.74115644182478,0.7210928201675415,0.7206362187862396,0.006168099120259285,0.7071213173866272,0.709798926115036,0.7131012141704559,0.7177177369594574,0.7206362187862396,0.7254625707864761,0.729159826040268,0.731346282362938,0.7328704118728637
20111,-0.721552312374115,199.20217895507812,278.3251037597656,239.57664489746094,0.7215524315834045,0.7219713926315308,0.005937129724770784,0.7090478801727295,0.7118139714002609,0.7145135402679443,0.7179407179355621,0.7219713926315308,0.7254625707864761,0.7292789697647095,0.7316733449697495,0.7328704118728637
20202,-0.7221305966377258,198.71322631835938,278.2889404296875,238.41102818080358,0.7221306562423706,0.7222829461097717,0.005746172275394201,0.709965102672577,0.7130193591117859,0.7145135402679443,0.7181808352470398,0.7222829461097717,0.7256810069084167,0.7292832970619202,0.7319230645895004,0.7330729699134827
20293,-0.7229002714157104,198.19847106933594,278.24420166015625,237.21688842773438,0.7229003310203552,0.7230092585086823,0.005965682677924633,0.709965102672577,0.7130193591117859,0.7145963251590729,0.7192151844501495,0.7230092585086823,0.7267916649580002,0.7304500102996826,0.7327498167753219,0.7333780205249787
20384,-0.7236509323120117,197.7082977294922,278.24749755859375,236.01441955566406,0.7236509919166565,0.7238360345363617,0.005920596420764923,0.7126932072639466,0.7137897491455079,0.7155431151390076,0.7197804003953934,0.7238360345363617,0.7272303253412247,0.7322470903396606,0.7333789557218552,0.7347838187217712
20475,-0.7242782711982727,197.21600341796875,278.2024230957031,234.86358860560827,0.7242783308029175,0.7243012487888336,0.006054455880075693,0.7129761576652527,0.7141566932201385,0.7164974689483643,0.7201816141605377,0.7243012487888336,0.7280250191688538,0.7325996339321137,0.7334317982196807,0.7350024390220642
20566,-0.7248445749282837,196.7714385986328,278.24456787109375,233.72454180036272,0.7248446941375732,0.7247834205627441,0.005841159261763096,0.7132450151443481,0.715137729048729,0.7173361659049988,0.7209587097167969,0.7247834205627441,0.7287283837795258,0.7325996339321137,0.7334317982196807,0.737873386144638
20657,-0.7252195477485657,196.31719970703125,278.2716369628906,232.58422633579798,0.7252196669578552,0.7248799204826355,0.0058920918963849545,0.7132450151443481,0.7151734828948975,0.7179449200630188,0.7213449776172638,0.7248799204826355,0.728933721780777,0.7327690541744232,0.7338491767644882,0.7382162380218505
20748,-0.7257386445999146,195.86962890625,278.268798828125,231.4727739606585,0.7257387042045593,0.7258375883102417,0.006033784709870815,0.7132450151443481,0.7163703948259353,0.7179449200630188,0.721586599946022,0.7258375883102417,0.7292536646127701,0.7330778479576111,0.7369810611009597,0.7382162380218505
20839,-0.7263522148132324,195.40403747558594,278.222900390625,230.34727696010046,0.726352334022522,0.7264325618743896,0.005837167613208294,0.7138068151473999,0.7163703948259353,0.7189576387405395,0.7225938886404037,0.7264325618743896,0.7300376147031784,0.7330778479576111,0.7376250803470612,0.7382162380218505
20930,-0.7270728945732117,194.95750427246094,278.2679443359375,229.21896362304688,0.7270728349685669,0.7268849909305573,0.006013336591422558,0.7151793801784515,0.7168526202440262,0.7189576387405395,0.7229175567626953,0.7268849909305573,0.7316030710935593,0.7344366908073425,0.7376250803470612,0.7388462114334107
21021,-0.7276062369346619,194.49105834960938,278.26971435546875,228.05378069196428,0.7276061773300171,0.728137880563736,0.006059060804545879,0.7151793801784515,0.7177957564592361,0.7200302839279175,0.7231307327747345,0.728137880563736,0.7319637089967728,0.7351042032241821,0.7379142433404923,0.738901537656784
21112,-0.7279613614082336,194.04135131835938,278.30718994140625,226.90199061802454,0.7279613614082336,0.728246659040451,0.006375707220286131,0.7151991820335388,0.7177957564592361,0.7201411128044128,0.7233899980783463,0.728246659040451,0.7322582602500916,0.7358090877532959,0.7389298528432846,0.7407916498184204
21203,-0.7285547256469727,193.60662841796875,278.3383483886719,225.79110281808036,0.7285547852516174,0.7289505004882812,0.006149005144834518,0.7164075326919556,0.7195129126310349,0.7207926392555237,0.7239519208669662,0.7289505004882812,0.7324196100234985,0.7358090877532959,0.7389318138360977,0.7424371647834778
21294,-0.7291350960731506,193.15444946289062,278.31903076171875,224.68241228376115,0.7291352152824402,0.7295012474060059,0.006088429596275091,0.7188002848625183,0.7200754642486572,0.7218451559543609,0.7244416028261185,0.7295012474060059,0.7325335592031479,0.736443042755127,0.7399918019771576,0.7440039825439453
21385,-0.7295519113540649,192.71983337402344,278.32861328125,223.59427097865515,0.7295519113540649,0.7298893332481384,0.006024424452334642,0.7195765876770019,0.7203499227762222,0.7223470985889435,0.7251077890396118,0.7298893332481384,0.7330371737480164,0.736707615852356,0.7399918019771576,0.7440039825439453
21476,-0.7302088737487793,192.26699829101562,278.3100280761719,222.46893310546875,0.7302088141441345,0.7304200232028961,0.0062939682975411415,0.7195765876770019,0.72079618871212,0.7224145293235779,0.7252390086650848,0.7304200232028961,0.7340065836906433,0.7381566643714905,0.7417183309793473,0.7444078969955444
21567,-0.7308273315429688,191.82196044921875,278.33416748046875,221.29864065987724,0.730827271938324,0.7307421565055847,0.006202206946909428,0.7205031061172485,0.7209820806980133,0.7226337254047394,0.726033553481102,0.7307421565055847,0.7347449213266373,0.7384889900684357,0.7417183309793473,0.7444078969955444
21658,-0.7312149405479431,191.37635803222656,278.3136291503906,220.17627171107702,0.7312150001525879,0.7310050427913666,0.006288433913141489,0.7205031061172485,0.7211674392223358,0.7229842901229858,0.7261850833892822,0.7310050427913666,0.7349799871444702,0.739885938167572,0.7417183309793473,0.7444078969955444
21749,-0.7317367196083069,190.95059204101562,278.3445129394531,219.04654148646765,0.7317366600036621,0.731753945350647,0.006374428980052471,0.7205031061172485,0.7211674392223358,0.7229842901229858,0.7272829413414001,0.731753945350647,0.7351567298173904,0.7401082932949066,0.7424542337656022,0.7446642124652862
21840,-0.7325649857521057,190.5014190673828,278.29754638671875,217.94014848981584,0.7325649261474609,0.7323519587516785,0.0063311695121228695,0.7206315112113952,0.7211878418922424,0.7233501553535462,0.7285386174917221,0.7323519587516785,0.7373810559511185,0.7409111261367798,0.7424542337656022,0.7446642124652862
21931,-0.732941746711731,190.09457397460938,278.3127746582031,216.85515485491072,0.7329415678977966,0.7327246963977814,0.006569848861545324,0.7206315112113952,0.7211878418922424,0.7233501553535462,0.728786051273346,0.7327246963977814,0.7381452172994614,0.741270798444748,0.744415682554245,0.7449744534492493
22022,-0.7336311340332031,189.68540954589844,278.32427978515625,215.79493277413505,0.7336309552192688,0.7338637113571167,0.006437808740884066,0.7206322813034057,0.7219841241836548,0.7247086644172669,0.7293288260698318,0.7338637113571167,0.7384398728609085,0.741270798444748,0.744415682554245,0.7449744534492493
22113,-0.7339818477630615,189.26622009277344,278.34002685546875,214.67478724888392,0.7339818477630615,0.7340075373649597,0.006375179626047611,0.7211958026885986,0.7232194453477859,0.7247086644172669,0.729737788438797,0.7340075373649597,0.7389609962701797,0.7418494522571564,0.744415682554245,0.7449744534492493
22204,-0.7345802187919617,188.83587646484375,278.2994689941406,213.60538373674666,0.7345802187919617,0.73478102684021,0.006350532174110413,0.7220902156829834,0.7233830392360687,0.7247420668601989,0.7299767434597015,0.73478102684021,0.7395089864730835,0.7420933723449707,0.744415682554245,0.7449744534492493
22295,-0.7349854707717896,188.43145751953125,278.2857666015625,212.54510280064173,0.7349854111671448,0.7357286214828491,0.0062002320773899555,0.7221214663982392,0.7238479524850845,0.7271104216575622,0.7306778728961945,0.7357286214828491,0.7398187667131424,0.7420933723449707,0.744415682554245,0.7449744534492493
22386,-0.7355812191963196,188.03782653808594,278.3082275390625,211.47241864885603,0.7355811595916748,0.7362696528434753,0.006319871637970209,0.723268883228302,0.7238731443881988,0.7271915078163147,0.7309555113315582,0.7362696528434753,0.7402646690607071,0.7434816598892212,0.7456795454025269,0.7464091944694519
22477,-0.7363786697387695,187.63218688964844,278.2963562011719,210.42059326171875,0.7363786101341248,0.7371165752410889,0.0065269689075648785,0.7237030053138733,0.7247263669967652,0.7287921249866486,0.7320308536291122,0.7371165752410889,0.7404412627220154,0.744401890039444,0.7462758302688599,0.7475264298915862
22568,-0.7372421026229858,187.2576141357422,278.3216247558594,209.3688703264509,0.7372421026229858,0.7379236817359924,0.006599669810384512,0.7238701140880585,0.7256063103675843,0.7287921249866486,0.7322252988815308,0.7379236817359924,0.7413641065359116,0.7455206096172333,0.7464108288288116,0.7509150338172913
22659,-0.7376626133918762,186.84725952148438,278.29730224609375,208.29981122698103,0.737662672996521,0.7383648753166199,0.006523418240249157,0.725606940984726,0.7269181728363037,0.7288959860801697,0.7329283952713013,0.7383648753166199,0.7415140122175217,0.7455375373363495,0.7466302156448364,0.7509150338172913
22750,-0.737984836101532,186.4654541015625,278.3251953125,207.24854387555803,0.7379848957061768,0.738740861415863,0.006457795854657888,0.725606940984726,0.7279908806085587,0.7288959860801697,0.7338068336248398,0.738740861415863,0.7416527718305588,0.7455375373363495,0.7473945319652557,0.7509150338172913
22841,-0.7381883263587952,186.06451416015625,278.2945556640625,206.21097237723214,0.7381883263587952,0.738740861415863,0.006318613886833191,0.7258099675178528,0.7280524641275405,0.7288959860801697,0.7343163043260574,0.738740861415863,0.7420347034931183,0.7455375373363495,0.7473945319652557,0.7509150338172913
22932,-0.7388143539428711,185.64268493652344,278.19989013671875,205.18834795270647,0.7388144135475159,0.7390342354774475,0.006373575888574123,0.7267522788047791,0.7280524641275405,0.7309671521186829,0.7347419559955597,0.7390342354774475,0.74232017993927,0.745724755525589,0.7498653411865235,0.7532432258129119
23023,-0.7394289970397949,185.240234375,278.16607666015625,204.16458565848214,0.7394289970397949,0.7392285168170929,0.006324252113699913,0.7267539823055267,0.729230934381485,0.7313711285591126,0.7354883998632431,0.7392285168170929,0.7426964342594147,0.7466231107711792,0.7498653411865235,0.7532432258129119
23114,-0.7401376366615295,184.8335723876953,278.0917663574219,203.17231968470983,0.7401375770568848,0.7403391301631927,0.006358375772833824,0.7267539823055267,0.730605399608612,0.7316805601119996,0.7361767292022705,0.7403391301631927,0.7439461350440979,0.7475465476512909,0.7508200973272323,0.7533388471603394
23205,-0.7404333353042603,184.46530151367188,278.1060791015625,202.14664568219865,0.7404332756996155,0.7409151494503021,0.00642477348446846,0.7267539823055267,0.730605399608612,0.7320895433425904,0.7362079620361328,0.7409151494503021,0.7442311644554138,0.7475465476512909,0.7525278896093368,0.7534024000167846
23296,-0.7408533096313477,184.10147094726562,278.1638488769531,201.08976091657365,0.7408532500267029,0.7415451109409332,0.0063355048187077045,0.7267539823055267,0.7307084828615189,0.7326922535896301,0.7367543578147888,0.7415451109409332,0.7443511039018631,0.7483893990516662,0.7525278896093368,0.7534024000167846
23387,-0.7412207126617432,183.67568969726562,278.0677185058594,200.04938180106026,0.7412207126617432,0.7416000962257385,0.006506794597953558,0.7267539823055267,0.7307084828615189,0.7326922535896301,0.7371500432491302,0.7416000962257385,0.7446097731590271,0.7494672238826752,0.7532150626182557,0.7534024000167846
23478,-0.7416349053382874,183.30677795410156,278.0456237792969,199.0310341971261,0.7416349053382874,0.7417279183864594,0.006495581474155188,0.7267539823055267,0.7309699475765228,0.7328548491001129,0.7380853295326233,0.7417279183864594,0.7455330789089203,0.7495994567871094,0.7532224535942078,0.7547236335277557
23569,-0.7421204447746277,182.92425537109375,278.0179443359375,198.0098658970424,0.7421204447746277,0.7419388592243195,0.006400205194950104,0.7306315612792968,0.7319486439228058,0.7334764122962951,0.7385490983724594,0.7419388592243195,0.7456663697957993,0.7504991292953491,0.7532843589782715,0.7553562998771668
23660,-0.7428440451622009,182.5449676513672,277.9632568359375,197.04051208496094,0.7428441643714905,0.7426245808601379,0.006421856582164764,0.7314240121841431,0.7327330768108368,0.7345694422721862,0.7389587163925171,0.7426245808601379,0.7469767481088638,0.7508672893047332,0.7533517688512802,0.7561791348457336
23751,-0.743303656578064,182.1993408203125,278.0146789550781,196.01797485351562,0.7433035969734192,0.7429839074611664,0.006435689982026815,0.7314240121841431,0.7328185230493546,0.7358902275562287,0.7390545308589935,0.7429839074611664,0.7478903383016586,0.7513447523117065,0.7533517688512802,0.7561791348457336
23842,-0.7435830235481262,181.85638427734375,278.0358581542969,195.0469251360212,0.743583083152771,0.7437167167663574,0.006541328504681587,0.7314240121841431,0.7328185230493546,0.7358902275562287,0.7393375933170319,0.7437167167663574,0.7479735612869263,0.7518589854240417,0.7533840477466583,0.7567621207237244
23933,-0.7441520690917969,181.50326538085938,278.0195617675781,194.05533708844865,0.7441518902778625,0.7450205683708191,0.006320199463516474,0.7314678287506103,0.7341322720050811,0.7360302805900574,0.7396802306175232,0.7450205683708191,0.748195618391037,0.7518589854240417,0.7533840477466583,0.7567621207237244
24024,-0.7444114685058594,181.15126037597656,278.0469665527344,193.03064836774553,0.7444114685058594,0.7451958656311035,0.006331135053187609,0.7314879775047303,0.7344808220863343,0.7363386988639832,0.7396802306175232,0.7451958656311035,0.7490609735250473,0.7523857951164246,0.7533840477466583,0.7576297807693482
24115,-0.74484783411026,180.81517028808594,278.1150207519531,192.00303431919642,0.7448478937149048,0.7452117502689362,0.006336529739201069,0.7314879775047303,0.7356101959943772,0.7368658006191253,0.7400946021080017,0.7452117502689362,0.7494167387485504,0.75272216796875,0.7547234416007995,0.7577714347839355
24206,-0.7453399300575256,180.44349670410156,278.0549621582031,191.03566414969308,0.7453399896621704,0.7455950975418091,0.006468301173299551,0.7314879775047303,0.7356193631887435,0.7369473218917847,0.7405910193920135,0.7455950975418091,0.7497402429580688,0.7536096036434173,0.7553811371326447,0.7586358237266541
24297,-0.7457325458526611,180.09573364257812,278.04571533203125,190.04072788783483,0.7457325458526611,0.745649129152298,0.006497668568044901,0.731867892742157,0.7356193631887435,0.7376372754573822,0.7409573048353195,0.745649129152298,0.7498983293771744,0.7538658618927002,0.7560528725385666,0.7587800180912018
24388,-0.7460061311721802,179.73719787597656,278.03106689453125,189.04630388532365,0.7460062503814697,0.746272087097168,0.0064217583276331425,0.731867892742157,0.7362714886665345,0.7388132393360138,0.741583526134491,0.746272087097168,0.7499835640192032,0.7538658618927002,0.7560528725385666,0.7587800180912018
24479,-0.7463782429695129,179.4048614501953,278.031005859375,188.1037336077009,0.7463782429695129,0.7465509176254272,0.006281392648816109,0.7325973212718964,0.7368515312671662,0.7389608263969422,0.7419900298118591,0.7465509176254272,0.7501355558633804,0.7542580962181091,0.7563557863235474,0.7587800180912018
24570,-0.7468693852424622,179.0275421142578,277.9523010253906,187.1294424874442,0.7468694448471069,0.747315376996994,0.006396942306309938,0.7325999927520752,0.7372743606567382,0.7391795992851258,0.7424161434173584,0.747315376996994,0.7501355558633804,0.7549751222133636,0.7583865910768509,0.7609626960754394
24661,-0.7472456693649292,178.73329162597656,278.0061950683594,186.20038495744978,0.747245728969574,0.7479621767997742,0.006378438789397478,0.7325999927520752,0.7372743606567382,0.7391795992851258,0.7432063519954681,0.7479621767997742,0.7505780756473541,0.7554746627807617,0.7583865910768509,0.7609626960754394
24752,-0.7477158904075623,178.380126953125,277.94110107421875,185.24847848074776,0.7477158904075623,0.7481198906898499,0.006211088504642248,0.7362403202056885,0.7372743606567382,0.7401533246040344,0.744065597653389,0.7481198906898499,0.7511042356491089,0.7560658574104309,0.7583865910768509,0.7609626960754394
24843,-0.7482009530067444,178.02468872070312,277.8954772949219,184.2902330671038,0.7482010722160339,0.7488030195236206,0.006284860894083977,0.7362770295143127,0.7372743606567382,0.7402119278907776,0.7442341297864914,0.7488030195236206,0.7520639598369598,0.7562385499477386,0.7593974173069,0.7609626960754394
24934,-0.7484179735183716,177.6935577392578,277.8966979980469,183.30835832868303,0.7484180927276611,0.7488030195236206,0.0062804510816931725,0.7366678094863892,0.7372743606567382,0.7402119278907776,0.7442341297864914,0.7488030195236206,0.7524562627077103,0.7570698440074921,0.7593974173069,0.7610071814060211
25025,-0.748754620552063,177.3878173828125,277.95208740234375,182.35156032017298,0.7487546801567078,0.7488512992858887,0.006251335144042969,0.7366678094863892,0.7377768218517303,0.7402509391307831,0.7442341297864914,0.7488512992858887,0.7532423734664917,0.7570698440074921,0.7593974173069,0.7610071814060211
25116,-0.7490776777267456,177.0894012451172,278.0080871582031,181.4033922467913,0.7490776181221008,0.7494973838329315,0.006216683425009251,0.7366678094863892,0.7382393568754196,0.7409594535827637,0.7443597167730331,0.7494973838329315,0.7533823400735855,0.7571041345596313,0.7594842821359634,0.7611589646339416
25207,-0.7494415044784546,176.75576782226562,277.97369384765625,180.4332733154297,0.749441385269165,0.7496108710765839,0.006205634213984013,0.7366678094863892,0.7400781780481338,0.742202889919281,0.7444355189800262,0.7496108710765839,0.7535593956708908,0.7572190165519714,0.7599691867828369,0.7611589646339416
25298,-0.7500128149986267,176.4145965576172,277.92633056640625,179.50458417619978,0.7500127553939819,0.7500387132167816,0.006330766715109348,0.7366678094863892,0.7401423126459121,0.7428315460681916,0.7453127205371857,0.7500387132167816,0.7540953904390335,0.759040379524231,0.7605342984199523,0.7620238590240479
25389,-0.7503602504730225,176.15419006347656,278.0592041015625,178.5729500906808,0.7503602504730225,0.7503896653652191,0.006202639080584049,0.736669133901596,0.7401888698339463,0.7432179033756257,0.7463514059782028,0.7503896653652191,0.7540953904390335,0.759040379524231,0.7605342984199523,0.7620238590240479
25480,-0.7507032752037048,175.7974090576172,277.9794616699219,177.62198093959265,0.7507032752037048,0.7506690919399261,0.006050371564924717,0.7385404253005982,0.7401888698339463,0.7437238216400146,0.7471746504306793,0.7506690919399261,0.754139631986618,0.759040379524231,0.7607390522956848,0.7623277068138122
25571,-0.7509939670562744,175.47552490234375,277.941162109375,176.6927773611886,0.7509939670562744,0.7511708736419678,0.006280730478465557,0.7385404253005982,0.7401888698339463,0.7439544320106506,0.7472818493843079,0.7511708736419678,0.7543486058712006,0.7592545807361603,0.7608055859804154,0.7649162542819977
25662,-0.7513509392738342,175.1503143310547,277.91998291015625,175.7655029296875,0.751350998878479,0.7513231039047241,0.006309190299361944,0.7385404253005982,0.7409305930137634,0.7439544320106506,0.7474029511213303,0.7513231039047241,0.7555437684059143,0.7592545807361603,0.7609368532896041,0.7649162542819977
25753,-0.7518112063407898,174.85452270507812,277.92230224609375,174.86820765904017,0.7518112063407898,0.7522854506969452,0.006291073281317949,0.7390292799472808,0.74103362262249,0.7439544320106506,0.747785285115242,0.7522854506969452,0.7561638951301575,0.7594686686992645,0.761356720328331,0.7652278614044189
25844,-0.7522796392440796,174.56727600097656,277.9551696777344,173.97458975655692,0.7522796392440796,0.7530087232589722,0.006471352186053991,0.7390292799472808,0.74103362262249,0.7439544320106506,0.7481689006090164,0.7530087232589722,0.7563449591398239,0.7601771473884582,0.7628923177719116,0.7659024679660797
25935,-0.752848744392395,174.29949951171875,278.0067138671875,173.099360874721,0.752848744392395,0.7534543871879578,0.006581258028745651,0.7398173296451569,0.7425513297319413,0.7439544320106506,0.7487680912017822,0.7534543871879578,0.7569116801023483,0.7608114659786225,0.7634125262498855,0.7677528381347656
26026,-0.7532567977905273,173.994873046875,277.9863586425781,172.20148577008928,0.7532568573951721,0.7538467645645142,0.006495351437479258,0.7410059750080109,0.7426263004541397,0.7439878582954407,0.7489906549453735,0.7538467645645142,0.7570198029279709,0.7608114659786225,0.7634125262498855,0.7677528381347656
26117,-0.7536532282829285,173.71229553222656,278.0120849609375,171.28147452218192,0.7536532878875732,0.7544026374816895,0.0065361736342310905,0.7411872231960297,0.7435307413339615,0.7441378951072692,0.7490161061286926,0.7544026374816895,0.7573854327201843,0.7610601127147675,0.7638616174459457,0.7677528381347656
26208,-0.7542810440063477,173.43344116210938,278.0276184082031,170.39640372140067,0.7542811036109924,0.755188912153244,0.006407925859093666,0.741281145811081,0.7435307413339615,0.7467313885688782,0.7497585415840149,0.755188912153244,0.7583782076835632,0.7618093609809875,0.7638616174459457,0.7677528381347656
26299,-0.7546378374099731,173.1904296875,278.1147155761719,169.51416015625,0.7546378970146179,0.7556861639022827,0.006500761024653912,0.7418934106826782,0.7435682058334351,0.7467313885688782,0.7499718368053436,0.7556861639022827,0.7587297558784485,0.762917959690094,0.7639718651771545,0.7677528381347656
26390,-0.7551063895225525,172.9213409423828,278.14788818359375,168.63182939801897,0.755106508731842,0.7561536729335785,0.006343922112137079,0.7424319362640381,0.7436649084091187,0.7469394683837891,0.7502799779176712,0.7561536729335785,0.7588824927806854,0.7629188537597656,0.766623467206955,0.7677528381347656
26481,-0.7554948329925537,172.642822265625,278.1728515625,167.7602037702288,0.7554948329925537,0.7562787234783173,0.006406053435057402,0.7429424107074738,0.7436649084091187,0.7469394683837891,0.7509740442037582,0.7562787234783173,0.7592413872480392,0.7634155631065369,0.767587149143219,0.7685276329517364
26572,-0.7557400465011597,172.3522186279297,278.1698913574219,166.8603995186942,0.7557399868965149,0.7564677894115448,0.006337183061987162,0.7429424107074738,0.7439765155315399,0.748069965839386,0.7512460500001907,0.7564677894115448,0.7593037337064743,0.7638442397117615,0.767587149143219,0.7685276329517364
26663,-0.7561572194099426,172.06829833984375,278.1680908203125,165.96961539132255,0.7561572194099426,0.7566327154636383,0.006218154914677143,0.7429424107074738,0.7457443416118622,0.7484218955039978,0.7520419657230377,0.7566327154636383,0.7593447268009186,0.7639680147171021,0.7675911873579025,0.768648271560669
26754,-0.7564997673034668,171.76300048828125,278.1614990234375,165.0491703578404,0.7564997673034668,0.756907731294632,0.0061358013190329075,0.7441568660736084,0.747323352098465,0.7484218955039978,0.7531469762325287,0.756907731294632,0.7595731317996979,0.7639680147171021,0.7675911873579025,0.7698909997940063
26845,-0.7568615674972534,171.5086212158203,278.1968078613281,164.17252458844865,0.7568615674972534,0.757290780544281,0.006056250538676977,0.745647087097168,0.7479210674762726,0.7490171074867249,0.7533078789710999,0.757290780544281,0.7601025700569153,0.7642049789428711,0.7675911873579025,0.7698909997940063
26936,-0.757230281829834,171.23851013183594,278.2174987792969,163.28794860839844,0.7572304010391235,0.7575899064540863,0.005993999540805817,0.7458342480659484,0.7479210674762726,0.7492430448532105,0.7533078789710999,0.7575899064540863,0.7605835199356079,0.7642049789428711,0.7675911873579025,0.7698909997940063
27027,-0.7574194073677063,170.9576416015625,278.1812744140625,162.4675750732422,0.7574195265769958,0.7577679455280304,0.005954773165285587,0.7462096655368805,0.7479210674762726,0.7493207216262817,0.7540740370750427,0.7577679455280304,0.7607251703739166,0.7642049789428711,0.7678291290998459,0.7698909997940063
27118,-0.7578368782997131,170.71981811523438,278.2215576171875,161.62641034807478,0.7578369379043579,0.7583625316619873,0.005916065536439419,0.7462096655368805,0.7479210674762726,0.7495787143707275,0.7541759014129639,0.7583625316619873,0.7614993453025818,0.7642049789428711,0.7678291290998459,0.7698909997940063
27209,-0.7581124901771545,170.43533325195312,278.1947937011719,160.76068551199776,0.7581124901771545,0.7585618793964386,0.005794701632112265,0.7473779594898224,0.7484495997428894,0.7500044405460358,0.7544513940811157,0.7585618793964386,0.7614993453025818,0.7642049789428711,0.7678428620100022,0.7714323902130127
27300,-0.7585394382476807,170.19708251953125,278.2471923828125,159.9393310546875,0.7585394382476807,0.7586647868156433,0.005732766818255186,0.7483292579650879,0.7490613162517548,0.7512393116950988,0.754995122551918,0.7586647868156433,0.7617527693510056,0.7653905332088471,0.7685783684253693,0.7714323902130127
27391,-0.7588668465614319,169.89785766601562,278.19842529296875,159.06566510881697,0.7588669657707214,0.7589231133460999,0.005928462836891413,0.7483292579650879,0.7490613162517548,0.7512393116950988,0.754995122551918,0.7589231133460999,0.7620243728160858,0.7663792133331299,0.7685783684253693,0.7714323902130127
27482,-0.7592397928237915,169.61502075195312,278.1495056152344,158.23543875558036,0.759239912033081,0.7590640187263489,0.00585501454770565,0.7484661221504212,0.7497603595256805,0.7528419315814971,0.754995122551918,0.7590640187263489,0.7631868422031403,0.7664874970912934,0.7692868530750274,0.7714323902130127
27573,-0.7593528628349304,169.3551025390625,278.1576232910156,157.37564304896765,0.7593528032302856,0.759115606546402,0.005874356254935265,0.7487355208396912,0.7497603595256805,0.7529381155967713,0.7552605271339417,0.759115606546402,0.7631868422031403,0.7666893839836121,0.7693424373865128,0.7714609980583191
27664,-0.7598632574081421,169.07864379882812,278.1364440917969,156.50645664760046,0.7598631381988525,0.7593278586864471,0.005814969539642334,0.7487369239330292,0.7497603595256805,0.7532397150993347,0.7554188668727875,0.7593278586864471,0.7640441507101059,0.7667472124099731,0.7693424373865128,0.7714609980583191
27755,-0.7602568864822388,168.816650390625,278.1440124511719,155.6567644391741,0.7602568864822388,0.7599742114543915,0.005799269303679466,0.7487610602378845,0.7509144902229309,0.7533465385437011,0.7556613236665726,0.7599742114543915,0.7650037705898285,0.7669862508773804,0.7693539828062057,0.7714609980583191
27846,-0.7606377005577087,168.55404663085938,278.1301574707031,154.8167463030134,0.7606378197669983,0.7605495452880859,0.005797617137432098,0.7497755742073059,0.751512861251831,0.7533465385437011,0.7558164894580841,0.7605495452880859,0.7652979791164398,0.7674332201480866,0.771083065867424,0.7726168656349182
27937,-0.7611329555511475,168.2835235595703,278.0972595214844,154.01217433384485,0.7611329555511475,0.7609045505523682,0.0057953898794949055,0.7497755742073059,0.7525450825691223,0.7540218651294708,0.7564173936843872,0.7609045505523682,0.7653531730175018,0.7680041432380676,0.771083065867424,0.7726168656349182
28028,-0.761374294757843,168.04714965820312,278.10357666015625,153.2226104736328,0.7613742351531982,0.7613336741924286,0.005766223184764385,0.7497755742073059,0.7525450825691223,0.7540218651294708,0.7566739171743393,0.7613336741924286,0.7653531730175018,0.7680635452270508,0.771083065867424,0.7726334595680237
28119,-0.7616376280784607,167.80279541015625,278.10931396484375,152.392085484096,0.7616377472877502,0.7617440223693848,0.0056983958929777145,0.7497755742073059,0.7525450825691223,0.7540871500968933,0.7575536668300629,0.7617440223693848,0.7654440104961395,0.7680635452270508,0.771083065867424,0.7726334595680237
28210,-0.761857271194458,167.53762817382812,278.0892028808594,151.56896754673548,0.761857271194458,0.761850893497467,0.0056264037266373634,0.7509291052818299,0.7525450825691223,0.7540871500968933,0.758465439081192,0.761850893497467,0.7654440104961395,0.7681521296501159,0.771083065867424,0.7726456654071808
28301,-0.7621510028839111,167.30960083007812,278.1375732421875,150.75797162737166,0.7621510028839111,0.7622213065624237,0.005625177174806595,0.7509291052818299,0.752623873949051,0.754975038766861,0.7586308419704437,0.7622213065624237,0.7656264752149582,0.7684358179569244,0.7712219953536987,0.7726456654071808
28392,-0.7623409032821655,167.0453643798828,278.10552978515625,149.92809404645647,0.7623408436775208,0.7629528939723969,0.00557135371491313,0.7509291052818299,0.7536628723144532,0.7550598382949829,0.7588416934013367,0.7629528939723969,0.7656955868005753,0.7690344750881195,0.7712219953536987,0.7726456654071808
28483,-0.762624979019165,166.80941772460938,278.1083679199219,149.11874171665735,0.762624979019165,0.7629528939723969,0.005453402642160654,0.7525146174430847,0.7536628723144532,0.7550735533237457,0.758849710226059,0.7629528939723969,0.7661146074533463,0.769105863571167,0.7712344825267792,0.7735223793983459
28574,-0.762927234172821,166.54415893554688,278.0385437011719,148.32196698869978,0.762927234172821,0.7630926072597504,0.005613642744719982,0.7525146174430847,0.7536628723144532,0.755603414773941,0.7592840939760208,0.7630926072597504,0.7662306129932404,0.7692334055900574,0.7712344825267792,0.7767428660392761
28665,-0.7632095217704773,166.31234741210938,278.0437316894531,147.49444362095423,0.7632095217704773,0.7632159888744354,0.0056905546225607395,0.7534549713134766,0.753900808095932,0.755603414773941,0.7592840939760208,0.7632159888744354,0.7672855257987976,0.7698551654815674,0.7721211165189743,0.7767428660392761
28756,-0.7634313702583313,166.08984375,278.0896301269531,146.66190447126115,0.7634313106536865,0.7633337378501892,0.005678948014974594,0.7536713159084321,0.754289048910141,0.7560832262039184,0.7594786733388901,0.7633337378501892,0.7676386684179306,0.7706022381782531,0.7721211165189743,0.7767535078525544
28847,-0.7636923789978027,165.80300903320312,277.9671630859375,145.8802991594587,0.7636923789978027,0.7637016475200653,0.005645557772368193,0.7536713159084321,0.7543846309185028,0.7560832262039184,0.7596386224031448,0.7637016475200653,0.7676742970943451,0.7706022381782531,0.7721211165189743,0.7767535078525544
28938,-0.7640699744224548,165.5658721923828,277.9537048339844,145.07688685825892,0.7640700340270996,0.7640247941017151,0.005584262311458588,0.7543855464458465,0.7556248217821121,0.7561902046203614,0.759904146194458,0.7640247941017151,0.76802197098732,0.7712136566638946,0.7722635269165039,0.7767535078525544
29029,-0.7644844055175781,165.348876953125,277.9739990234375,144.28063746861048,0.7644844055175781,0.7640842795372009,0.005724649876356125,0.7552930438518524,0.7559164613485336,0.7561982274055481,0.7606912106275558,0.7640842795372009,0.7682845592498779,0.7718143284320831,0.7728720247745514,0.7767682635784149
29120,-0.764921247959137,165.05555725097656,277.84735107421875,143.47265407017298,0.764921247959137,0.7642692923545837,0.005640577990561724,0.7554022753238678,0.7561946034431457,0.7577134490013122,0.7610152810811996,0.7642692923545837,0.7686801850795746,0.7721099078655242,0.772913682460785,0.7777076542377472
29211,-0.7653074264526367,164.81353759765625,277.8226318359375,142.67791312081474,0.765307605266571,0.7648258209228516,0.005560420453548431,0.7554022753238678,0.7561946034431457,0.7578746855258942,0.7616982161998749,0.7648258209228516,0.76872918009758,0.7721316277980804,0.7750581055879593,0.7777076542377472
29302,-0.7655357122421265,164.6246337890625,277.8777160644531,141.94226946149553,0.7655358910560608,0.765187680721283,0.005662481766194105,0.7554022753238678,0.7561946034431457,0.7578868448734284,0.761801153421402,0.765187680721283,0.76872918009758,0.7724745988845825,0.7750581055879593,0.7777076542377472
29393,-0.7659716606140137,164.401123046875,277.87030029296875,141.19361877441406,0.7659716606140137,0.7656684219837189,0.005619713105261326,0.7556560957431793,0.7561946034431457,0.7593272030353546,0.7619569301605225,0.7656684219837189,0.7695932686328888,0.7728282392024994,0.7750581055879593,0.7777076542377472
29484,-0.7662509083747864,164.21693420410156,277.9363708496094,140.45805140904017,0.7662508487701416,0.7663231790065765,0.005608996842056513,0.7560842621326447,0.7571044266223907,0.7593272030353546,0.7624225467443466,0.7663231790065765,0.7696599066257477,0.7732662081718444,0.7750581055879593,0.7777076542377472
29575,-0.7666071057319641,163.95738220214844,277.8331298828125,139.70910426548548,0.7666071057319641,0.7668881714344025,0.005749489180743694,0.7560842621326447,0.7575089275836945,0.7593272030353546,0.7624795883893967,0.7668881714344025,0.7707092612981796,0.7739276230335236,0.7756624251604081,0.7781519567966461
29666,-0.7669671177864075,163.71363830566406,277.8150634765625,138.90274265834265,0.7669670581817627,0.7676513195037842,0.005656806752085686,0.7575011348724365,0.7578100860118866,0.7595741331577301,0.7625301480293274,0.7676513195037842,0.7710091769695282,0.7739276230335236,0.7756624251604081,0.7781519567966461
29757,-0.767223060131073,163.52386474609375,277.8662109375,138.15899004255022,0.7672230005264282,0.7676513195037842,0.00584142841398716,0.7577173781394958,0.7579557687044144,0.7595741331577301,0.7630021870136261,0.7676513195037842,0.771142303943634,0.7739276230335236,0.777702522277832,0.7797708344459534
29848,-0.7676048278808594,163.31210327148438,277.8641357421875,137.40797642299108,0.7676048278808594,0.7676626443862915,0.005559342913329601,0.7577431511878967,0.7579557687044144,0.7603407442569733,0.7639030069112778,0.7676626443862915,0.771290197968483,0.7739276230335236,0.777702522277832,0.7797708344459534
29939,-0.7678555846214294,163.09498596191406,277.8504943847656,136.65408325195312,0.7678555846214294,0.7679769098758698,0.0055641368962824345,0.7577431511878967,0.7580453366041183,0.7605890929698944,0.7639030069112778,0.7679769098758698,0.7713886350393295,0.7741958498954773,0.7777302116155624,0.7797708344459534
30030,-0.7682855725288391,162.90386962890625,277.8925476074219,135.90269688197546,0.7682855129241943,0.7680731415748596,0.005500016268342733,0.7578369188308716,0.7590310841798782,0.7611624896526337,0.7645819932222366,0.7680731415748596,0.7716402560472488,0.7749613642692565,0.7777302116155624,0.7797708344459534
30121,-0.7687656879425049,162.69735717773438,277.9168395996094,135.1166752406529,0.7687656879425049,0.7683257460594177,0.005468182265758514,0.7578369188308716,0.7594095706939697,0.7616293966770172,0.7650990784168243,0.7683257460594177,0.7721416801214218,0.7751535177230835,0.7778854757547379,0.7797708344459534
30212,-0.7689041495323181,162.48976135253906,277.9325866699219,134.35125950404577,0.7689040899276733,0.7684834897518158,0.005415292456746101,0.7580436992645264,0.7594262719154358,0.7617017209529877,0.7650990784168243,0.7684834897518158,0.7723125964403152,0.7751535177230835,0.7778854757547379,0.7797708344459534
30303,-0.7691514492034912,162.29226684570312,277.9700927734375,133.593021937779,0.7691514492034912,0.7695708870887756,0.005412427708506584,0.7590720224380493,0.760230952501297,0.7619473218917847,0.7650990784168243,0.7695708870887756,0.7723125964403152,0.7751594185829163,0.7778854757547379,0.7811990010738373
30394,-0.7693507075309753,162.1000518798828,278.0015869140625,132.8528289794922,0.7693507671356201,0.7695708870887756,0.005405948031693697,0.7590720224380493,0.760230952501297,0.7623291075229645,0.7655489891767502,0.7695708870887756,0.7725568264722824,0.775277316570282,0.7781305521726608,0.7811990010738373
30485,-0.7695725560188293,161.89935302734375,278.0159912109375,132.10242571149553,0.7695726156234741,0.7705146074295044,0.005476490128785372,0.7591724562644958,0.760230952501297,0.7623452305793762,0.7655489891767502,0.7705146074295044,0.773046225309372,0.775277316570282,0.7783734112977981,0.7811990010738373
30576,-0.769709050655365,161.6673126220703,277.9825744628906,131.34072875976562,0.7697091102600098,0.7705146074295044,0.005377000663429499,0.7591724562644958,0.7603200495243072,0.7631174862384796,0.7658073455095291,0.7705146074295044,0.7730742841959,0.7757109761238098,0.7783734112977981,0.7811990010738373
30667,-0.7699030041694641,161.44847106933594,277.97314453125,130.5497044154576,0.7699030041694641,0.7705981433391571,0.005332496482878923,0.7597215926647186,0.7603200495243072,0.7631174862384796,0.7666836380958557,0.7705981433391571,0.7734749019145966,0.7759634375572204,0.7783734112977981,0.7811990010738373
30758,-0.770159125328064,161.26239013671875,277.98712158203125,129.8396715436663,0.7701590657234192,0.7708036601543427,0.005332940258085728,0.7597215926647186,0.7605525195598603,0.7632139921188354,0.7667762339115143,0.7708036601543427,0.7739240974187851,0.7774057745933532,0.7783734112977981,0.7811990010738373
30849,-0.7704603672027588,161.05126953125,277.9720153808594,129.10421752929688,0.7704604268074036,0.7710207998752594,0.005280226469039917,0.7603215265274048,0.7618184566497803,0.7638399362564087,0.7668703943490982,0.7710207998752594,0.7740039229393005,0.7774776577949524,0.7790114015340805,0.7812236642837525
30940,-0.770706295967102,160.84695434570312,277.9537658691406,128.4155556815011,0.7707063555717468,0.7710207998752594,0.005287237465381622,0.7603215265274048,0.7618184566497803,0.7642277121543884,0.7669822573661804,0.7710207998752594,0.7741421014070511,0.7774776577949524,0.7790114015340805,0.7812236642837525
31031,-0.770933210849762,160.61341857910156,277.87371826171875,127.6747055053711,0.770933210849762,0.7712419927120209,0.005347562953829765,0.7606259644031524,0.7624989748001099,0.7642277121543884,0.7669822573661804,0.7712419927120209,0.7747674584388733,0.7775870203971863,0.7791333138942719,0.7819103360176086
31122,-0.7711495757102966,160.43885803222656,277.9413146972656,126.93618338448661,0.7711495757102966,0.7716991603374481,0.005274776369333267,0.7606259644031524,0.7627986311912537,0.7642277121543884,0.7671730071306229,0.7716991603374481,0.7747674584388733,0.7775870203971863,0.7791333138942719,0.7819103360176086
31213,-0.77139812707901,160.2386932373047,277.93792724609375,126.17495400565011,0.7713981866836548,0.7719312906265259,0.005292888265103102,0.7606259644031524,0.7627986311912537,0.7647147715091706,0.7675632238388062,0.7719312906265259,0.7749497890472412,0.7778790652751922,0.7793056339025497,0.7819103360176086
31304,-0.7716560363769531,160.0396270751953,277.93780517578125,125.43346514020648,0.7716560959815979,0.7721147537231445,0.005434970371425152,0.7614666378498077,0.7627986311912537,0.7647147715091706,0.7676988542079926,0.7721147537231445,0.7749497890472412,0.7782080352306366,0.7805467277765274,0.7837906050682067
31395,-0.7718534469604492,159.8965301513672,278.0304260253906,124.7412588936942,0.771853506565094,0.7722121477127075,0.005375129170715809,0.7617823421955109,0.7637768775224686,0.7648596704006195,0.7677201628684998,0.7722121477127075,0.7752140760421753,0.7782080352306366,0.7805467277765274,0.7837974405288696
31486,-0.7720162868499756,159.73265075683594,278.0775146484375,124.05071585518974,0.7720162868499756,0.7722228169441223,0.005340763833373785,0.7617823421955109,0.7638177037239074,0.7655964016914367,0.7678127437829971,0.7722228169441223,0.7756258249282837,0.7782080352306366,0.7805467277765274,0.7837974405288696
31577,-0.7723498940467834,159.5811767578125,278.1417541503906,123.3477292742048,0.7723499536514282,0.7724030315876007,0.005488668102771044,0.7617823421955109,0.7643117517232895,0.7657941281795502,0.768329381942749,0.7724030315876007,0.7757231444120407,0.7783935189247131,0.781939572095871,0.7848785901069641
31668,-0.7726080417633057,159.42408752441406,278.19549560546875,122.64317103794643,0.7726079821586609,0.7724900841712952,0.005487775430083275,0.7625981986522674,0.7643117517232895,0.7657941281795502,0.7686469107866287,0.7724900841712952,0.7760472744703293,0.7793998122215271,0.7820141464471817,0.7848785901069641
31759,-0.7728857398033142,159.26229858398438,278.2527770996094,121.9371566772461,0.772885799407959,0.7731402814388275,0.005370606668293476,0.7628002977371215,0.7646122068166733,0.7658425331115722,0.7692622542381287,0.7731402814388275,0.7760472744703293,0.7793998122215271,0.7820141464471817,0.7848785901069641
31850,-0.773263156414032,159.1033935546875,278.3018493652344,121.22655596051898,0.773263156414032,0.7735930979251862,0.005250567104667425,0.7638440728187561,0.7648596405982971,0.7665567576885224,0.7698693722486496,0.7735930979251862,0.7762649357318878,0.7793998122215271,0.7820141464471817,0.7848785901069641
31941,-0.7734727263450623,158.87802124023438,278.2075500488281,120.48606654575893,0.7734727263450623,0.7737078964710236,0.005322498269379139,0.7638440728187561,0.7648596405982971,0.7667097687721253,0.7700034379959106,0.7737078964710236,0.7765775471925735,0.779851496219635,0.7820141464471817,0.7850686001777649
32032,-0.7737061381340027,158.7051544189453,278.2273864746094,119.81963348388672,0.7737061381340027,0.7743198871612549,0.005405215546488762,0.7638440728187561,0.7648596405982971,0.7667097687721253,0.7700034379959106,0.7743198871612549,0.7775588035583496,0.7799068868160248,0.7821643143892288,0.7858604884147644
32123,-0.7738634943962097,158.49119567871094,278.16436767578125,119.09851510184151,0.7738634347915649,0.7744140625,0.005430961959064007,0.7638773679733276,0.7648596405982971,0.7667097687721253,0.7700034379959106,0.7744140625,0.7775588035583496,0.7804148972034455,0.7825550228357315,0.7858604884147644
32214,-0.774013876914978,158.30813598632812,278.1546936035156,118.43007005964007,0.7740138173103333,0.7744140625,0.005355208646506071,0.7638773679733276,0.7648596405982971,0.7669055998325348,0.7700074762105942,0.7744140625,0.7775796055793762,0.7804148972034455,0.7825550228357315,0.7858604884147644
32305,-0.7743014097213745,158.1108856201172,278.0953063964844,117.7748783656529,0.7743013501167297,0.7744497060775757,0.005373956169933081,0.7638773679733276,0.7656684815883636,0.7669055998325348,0.7708519399166107,0.7744497060775757,0.7778847813606262,0.7805486023426056,0.7825550228357315,0.7858604884147644
32396,-0.7745951414108276,157.92514038085938,278.0773620605469,117.09217834472656,0.7745950818061829,0.7745257616043091,0.005296117626130581,0.7642849588394165,0.7663418710231781,0.7673412740230561,0.7710497081279755,0.7745257616043091,0.7782187610864639,0.7805486023426056,0.7831106752157211,0.7858604884147644
32487,-0.7747204899787903,157.72801208496094,278.0011291503906,116.4533451625279,0.7747204303741455,0.7748512327671051,0.005274822004139423,0.7642849588394165,0.766409695148468,0.7673412740230561,0.7710497081279755,0.7748512327671051,0.7782187610864639,0.7805486023426056,0.7831106752157211,0.7858696365356446
32578,-0.7749277949333191,157.58297729492188,278.0592346191406,115.77066149030414,0.7749278545379639,0.7752153277397156,0.005296035669744015,0.7655713510513306,0.766409695148468,0.7678118705749511,0.7710497081279755,0.7752153277397156,0.7783321738243103,0.7806120455265045,0.7833603113889694,0.7858696365356446
32669,-0.7751569747924805,157.45223999023438,278.1335754394531,115.11194283621651,0.7751570343971252,0.7758770883083344,0.0053113047033548355,0.7655713510513306,0.766409695148468,0.7686997890472412,0.7711835950613022,0.7758770883083344,0.7784512490034103,0.7808242201805115,0.7833603113889694,0.7862362337112426
32760,-0.7755540013313293,157.30136108398438,278.1693420410156,114.46038055419922,0.7755538821220398,0.7764782905578613,0.005403251852840185,0.7656488060951233,0.76707763671875,0.7688291966915131,0.7711835950613022,0.7764782905578613,0.7788631469011307,0.7815556168556214,0.7833876013755798,0.7871316206455231
32851,-0.775886058807373,157.1414794921875,278.1824035644531,113.78099169049945,0.7758859395980835,0.776740163564682,0.005397616885602474,0.7656488060951233,0.7678730964660645,0.769104290008545,0.7714398205280304,0.776740163564682,0.7794872522354126,0.781934130191803,0.7833876013755798,0.7871316206455231
32942,-0.7761980891227722,156.99774169921875,278.2308349609375,113.11847141810826,0.7761980295181274,0.7770980298519135,0.005334782879799604,0.7656488060951233,0.7683390706777573,0.7693861067295075,0.7717278003692627,0.7770980298519135,0.7795441150665283,0.7824692487716675,0.7845804512500762,0.7871316206455231
33033,-0.7764426469802856,156.83555603027344,278.22857666015625,112.48368290492466,0.7764425873756409,0.7772307991981506,0.005232055671513081,0.7656488060951233,0.7683390706777573,0.7694380819797516,0.7726591676473618,0.7772307991981506,0.7795441150665283,0.7827035129070282,0.7845804512500762,0.7871316206455231
33124,-0.7765397429466248,156.6424560546875,278.1529541015625,111.81824057442802,0.77653968334198,0.7772557735443115,0.005113404244184494,0.7679028630256652,0.7685003876686096,0.7696106195449829,0.7726591676473618,0.7772557735443115,0.7795441150665283,0.7827035129070282,0.7845804512500762,0.7871316206455231
33215,-0.7767751812934875,156.4914093017578,278.16864013671875,111.1792962210519,0.7767751216888428,0.7772754728794098,0.0050469194538891315,0.767998309135437,0.7692691296339035,0.7696290910243988,0.7730195224285126,0.7772754728794098,0.7797635346651077,0.7827035129070282,0.7851998656988144,0.7871316206455231
33306,-0.7769683003425598,156.28646850585938,278.0792541503906,110.49911717006138,0.7769681811332703,0.7773512303829193,0.0051240939646959305,0.767998309135437,0.7692691296339035,0.7697304248809814,0.7730195224285126,0.7773512303829193,0.7800608724355698,0.7829627215862274,0.7851998656988144,0.7871316206455231
33397,-0.7772326469421387,156.15155029296875,278.1236572265625,109.85855429513114,0.7772325873374939,0.7781271040439606,0.005074339918792248,0.767998309135437,0.7694341778755188,0.7705541372299194,0.773518979549408,0.7781271040439606,0.7805890738964081,0.7829627215862274,0.7851998656988144,0.7871386694908142
33488,-0.7775141596794128,155.9626922607422,278.05224609375,109.22146279471261,0.7775141000747681,0.7781667113304138,0.005185903050005436,0.767998309135437,0.7694341778755188,0.7708216369152069,0.7736185789108276,0.7781667113304138,0.7809024155139923,0.7832688927650452,0.7851998656988144,0.7877558565139771
33579,-0.777719259262085,155.88328552246094,278.2125244140625,108.5413567679269,0.777719259262085,0.7784861922264099,0.005134714301675558,0.7680344545841217,0.7694341778755188,0.7708216369152069,0.7740112692117691,0.7784861922264099,0.7809024155139923,0.7833680152893067,0.7851998656988144,0.7877558565139771
33670,-0.7778676152229309,155.7613525390625,278.27886962890625,107.90087127685547,0.7778677344322205,0.7785947322845459,0.0051313103176653385,0.7680344545841217,0.7694341778755188,0.7709466755390167,0.7740112692117691,0.7785947322845459,0.7809729278087616,0.7833680152893067,0.7852640360593796,0.7877558565139771
33761,-0.7780006527900696,155.57928466796875,278.2030944824219,107.27326202392578,0.7780005931854248,0.7787099480628967,0.005187550559639931,0.7680344545841217,0.7696615219116211,0.7709466755390167,0.7740112692117691,0.7787099480628967,0.7810741364955902,0.7834763884544372,0.7852990865707398,0.788254816532135
33852,-0.7781365513801575,155.43832397460938,278.23968505859375,106.61095646449498,0.7781364917755127,0.7788421511650085,0.005134493578225374,0.7684005439281464,0.7698221981525422,0.7712216556072236,0.7740112692117691,0.7788421511650085,0.7812009155750275,0.7841549515724182,0.7855007499456406,0.788254816532135
33943,-0.7783448696136475,155.291259765625,278.2444763183594,105.96666826520648,0.7783449292182922,0.7789725959300995,0.005135146901011467,0.7684005439281464,0.7700051307678223,0.7718034207820892,0.7740112692117691,0.7789725959300995,0.7820208519697189,0.7841549515724182,0.7855007499456406,0.788254816532135
34034,-0.7785140872001648,155.12200927734375,278.20721435546875,105.3351582118443,0.7785140872001648,0.7789725959300995,0.005118414759635925,0.7694218027591705,0.7706585615873337,0.7718034207820892,0.7742715030908585,0.7789725959300995,0.7823653668165207,0.7841549515724182,0.7855578273534775,0.7882579672336578
34125,-0.7786980867385864,154.98524475097656,278.2147521972656,104.74117279052734,0.7786980271339417,0.7792454361915588,0.004996961448341608,0.7698016011714935,0.7709893316030503,0.7719452738761902,0.7749931216239929,0.7792454361915588,0.7823653668165207,0.7841549515724182,0.7855578273534775,0.7882579672336578
34216,-0.7789171934127808,154.84971618652344,278.2420959472656,104.11204419817243,0.7789172530174255,0.7797529995441437,0.005025818943977356,0.7698016011714935,0.7709987103939057,0.7719452738761902,0.7751923501491547,0.7797529995441437,0.7823653668165207,0.7844031929969788,0.787247508764267,0.7886468780040741
34307,-0.7790840864181519,154.75811767578125,278.34613037109375,103.51689038957868,0.7790839672088623,0.7798075377941132,0.00502424780279398,0.7701042950153351,0.7709987103939057,0.7722634375095367,0.7752971947193146,0.7798075377941132,0.7824975848197937,0.7846096158027649,0.7872589826583862,0.7892992293834686
34398,-0.7793267369270325,154.64666748046875,278.41510009765625,102.91010175432477,0.7793267965316772,0.7798075377941132,0.004994486924260855,0.7701042950153351,0.7712526887655258,0.7726446151733398,0.7760153710842133,0.7798075377941132,0.7826796025037766,0.7847447156906128,0.7872589826583862,0.7892992293834686
34489,-0.7795341610908508,154.52374267578125,278.4522399902344,102.28073120117188,0.7795341610908508,0.7798357009887695,0.004980417899787426,0.7701042950153351,0.7712526887655258,0.7726446151733398,0.7763155549764633,0.7798357009887695,0.782860517501831,0.7850599110126495,0.7872589826583862,0.7892992293834686
34580,-0.7797217965126038,154.4142608642578,278.5284729003906,101.64392634800502,0.7797219157218933,0.7799452543258667,0.004835262894630432,0.7707298791408539,0.7712581157684326,0.7728610038757324,0.7764445096254349,0.7799452543258667,0.782860517501831,0.785097348690033,0.7872589826583862,0.7902832472324371
34671,-0.7799068093299866,154.32594299316406,278.6180725097656,101.08209882463727,0.7799069285392761,0.7800995707511902,0.004936642479151487,0.7707298791408539,0.7716021001338959,0.7728610038757324,0.776752769947052,0.7800995707511902,0.7829543054103851,0.7855635523796082,0.7882974535226822,0.791041898727417
34762,-0.7801317572593689,154.20028686523438,278.6727600097656,100.42385973249164,0.7801316976547241,0.7803059816360474,0.004934629425406456,0.7709978210926056,0.7722776591777801,0.773554515838623,0.777056485414505,0.7803059816360474,0.7831444442272186,0.7857956886291504,0.7882974535226822,0.791041898727417
34853,-0.7803357243537903,154.0728302001953,278.69732666015625,99.7988531930106,0.7803356647491455,0.7803404033184052,0.005007346160709858,0.7709978210926056,0.7724273443222046,0.7735830426216126,0.7771704196929932,0.7803404033184052,0.7835032939910889,0.7862707257270813,0.7882974535226822,0.791041898727417
34944,-0.7804749608039856,153.9907684326172,278.79193115234375,99.22652980259487,0.7804749011993408,0.7803525328636169,0.004986520856618881,0.7712560629844666,0.7724366843700409,0.7735830426216126,0.7773501574993134,0.7803525328636169,0.7836690992116928,0.7862707257270813,0.7882974535226822,0.791041898727417
35035,-0.780576765537262,153.81723022460938,278.7379455566406,98.60293797084263,0.7805767059326172,0.7805052399635315,0.004996851552277803,0.7712560629844666,0.7725421190261841,0.7735830426216126,0.7773501574993134,0.7805052399635315,0.783951073884964,0.7864448547363281,0.7886583775281906,0.791041898727417
35126,-0.7808432579040527,153.7476806640625,278.8721923828125,98.00613294328961,0.780843198299408,0.7809350192546844,0.005018763244152069,0.7721390151977539,0.7726420760154724,0.7738130271434784,0.777646616101265,0.7809350192546844,0.7841008603572845,0.7867507338523865,0.7899765938520431,0.791041898727417
35217,-0.780992329120636,153.62644958496094,278.9117736816406,97.38809095110211,0.7809924483299255,0.781091958284378,0.004967197775840759,0.7723786818981171,0.7726420760154724,0.7738130271434784,0.7777931839227676,0.781091958284378,0.7842184007167816,0.7867507338523865,0.7899765938520431,0.791041898727417
35308,-0.7811685800552368,153.51698303222656,278.9714660644531,96.7678473336356,0.7811686992645264,0.7813069820404053,0.004998620133846998,0.7723786818981171,0.7726484000682831,0.7740183115005493,0.7781663686037064,0.7813069820404053,0.7842184007167816,0.7867507338523865,0.7899765938520431,0.7912096929550171
35399,-0.781326174736023,153.3404083251953,278.8922119140625,96.12812805175781,0.7813262343406677,0.7815025150775909,0.005035224836319685,0.7723786818981171,0.7726484000682831,0.7740183115005493,0.7781663686037064,0.7815025150775909,0.7844027131795883,0.7872444748878479,0.7899765938520431,0.7912096929550171
35490,-0.7814794778823853,153.19515991210938,278.85589599609375,95.54645538330078,0.7814795970916748,0.7818342447280884,0.005058789625763893,0.7723786818981171,0.7726709365844726,0.7740183115005493,0.7783741056919098,0.7818342447280884,0.7845122963190079,0.7872444748878479,0.7899961858987808,0.7912096929550171
35581,-0.7817040681838989,153.11207580566406,278.9656677246094,94.95053209577289,0.7817041873931885,0.7818342447280884,0.005097163375467062,0.7725579500198364,0.7735075622797012,0.7743451654911041,0.7784349471330643,0.7818342447280884,0.7846068143844604,0.7876224637031555,0.7903672635555268,0.7913727807998657
35672,-0.7819145321846008,153.01905822753906,279.04827880859375,94.36337062290737,0.7819145917892456,0.7820261120796204,0.005226189270615578,0.7725579500198364,0.7735075622797012,0.7743451654911041,0.7784586250782013,0.7820261120796204,0.7849082797765732,0.7883664786815643,0.7905149400234223,0.7913727807998657
35763,-0.782103419303894,152.89666748046875,279.0662841796875,93.78543962751117,0.782103419303894,0.782436192035675,0.00526761868968606,0.7725579500198364,0.7735075622797012,0.7743490815162659,0.7784586250782013,0.782436192035675,0.7850103676319122,0.7883664786815643,0.7911724537611008,0.7923172068595886
35854,-0.782275378704071,152.76087951660156,279.05816650390625,93.1759534563337,0.7822753190994263,0.7829720079898834,0.005217866040766239,0.7725579500198364,0.7735167920589447,0.7750880181789398,0.7789328545331955,0.7829720079898834,0.7854051291942596,0.7883664786815643,0.7911724537611008,0.7923172068595886
35945,-0.7825407385826111,152.71380615234375,279.2220153808594,92.58674948556083,0.7825407385826111,0.783137708902359,0.005222279578447342,0.7726175308227539,0.7736535936594009,0.7753299653530121,0.7789328545331955,0.783137708902359,0.7855238914489746,0.7885707497596741,0.7911956667900085,0.7929524886608124
36036,-0.7826930284500122,152.5763397216797,279.20635986328125,91.99164145333427,0.7826930284500122,0.7832388579845428,0.005212247837334871,0.7726175308227539,0.7736535936594009,0.7753299653530121,0.7791081368923187,0.7832388579845428,0.7859577089548111,0.7885707497596741,0.7911956667900085,0.7929524886608124
36127,-0.7827762961387634,152.49107360839844,279.30340576171875,91.39867183140346,0.7827763557434082,0.7833294570446014,0.005171073134988546,0.7726401913166047,0.7740429908037185,0.7758401095867157,0.7792731821537018,0.7833294570446014,0.7859577089548111,0.7898112714290619,0.7911956667900085,0.7929524886608124
36218,-0.7828914523124695,152.4098358154297,279.38360595703125,90.83787100655692,0.7828914523124695,0.7833294570446014,0.0051629734225571156,0.7726401913166047,0.7740429908037185,0.7761139690876007,0.7793664187192917,0.7833294570446014,0.7862257361412048,0.7898112714290619,0.7911956667900085,0.7929524886608124
36309,-0.7831647992134094,152.2742919921875,279.36663818359375,90.25737762451172,0.7831647992134094,0.783771276473999,0.005010602530092001,0.7727566838264466,0.7747970819473267,0.7769632518291474,0.7794736474752426,0.783771276473999,0.7864727824926376,0.7898112714290619,0.7911956667900085,0.7929524886608124
36400,-0.7833284735679626,152.15354919433594,279.3734130859375,89.70793151855469,0.7833284735679626,0.7839945256710052,0.00498907919973135,0.7727566838264466,0.7749443113803863,0.777426826953888,0.7794736474752426,0.7839945256710052,0.7866643220186234,0.7898112714290619,0.7911956667900085,0.7929524886608124
36491,-0.7835040092468262,152.05947875976562,279.4130554199219,89.14053998674665,0.7835040092468262,0.7842127680778503,0.005035618785768747,0.7729254961013794,0.7749443113803863,0.777426826953888,0.779506504535675,0.7842127680778503,0.786999374628067,0.7898414731025696,0.7911956667900085,0.7929524886608124
36582,-0.7836136221885681,151.96788024902344,279.4755554199219,88.56952776227679,0.7836137413978577,0.7842127680778503,0.005001349840313196,0.7737068808078766,0.7750012159347535,0.7774598300457001,0.7795510292053223,0.7842127680778503,0.7871102392673492,0.7898414731025696,0.7911956667900085,0.7929524886608124
36673,-0.7837743759155273,151.86044311523438,279.5114440917969,87.98984854561942,0.7837744355201721,0.7843182682991028,0.004939147736877203,0.7741092264652252,0.7751343965530395,0.7776612997055053,0.779877245426178,0.7843182682991028,0.7874114960432053,0.7898414731025696,0.7913151443004608,0.7929524886608124
36764,-0.7838764786720276,151.80380249023438,279.630615234375,87.47429874965123,0.7838765978813171,0.7843822240829468,0.004917855374515057,0.7741092264652252,0.7753106892108917,0.7776612997055053,0.7799057960510254,0.7843822240829468,0.787549614906311,0.7898414731025696,0.7913151443004608,0.7929524886608124
36855,-0.7840083241462708,151.72947692871094,279.7197265625,86.93427276611328,0.7840083241462708,0.7843822240829468,0.004930231254547834,0.7741092264652252,0.7753106892108917,0.7777591466903686,0.7803662121295929,0.7843822240829468,0.7876182049512863,0.7898414731025696,0.7913701266050339,0.7938747644424439
36946,-0.7842231392860413,151.6321563720703,279.7587585449219,86.36090196881976,0.784223198890686,0.7845862209796906,0.0048758056946098804,0.7747918939590455,0.7761826068162918,0.7777912259101868,0.7804681211709976,0.7845862209796906,0.7876293063163757,0.7898861646652222,0.791558176279068,0.7938747644424439
37037,-0.784458577632904,151.52523803710938,279.779541015625,85.7949970790318,0.7844586372375488,0.7849123179912567,0.00484126340597868,0.7752016019821167,0.7761826068162918,0.7782805740833283,0.7808695584535599,0.7849123179912567,0.787764772772789,0.7902489304542542,0.791558176279068,0.7938747644424439
37128,-0.784510612487793,151.41737365722656,279.80828857421875,85.22744532993862,0.7845106720924377,0.7849123179912567,0.00481798592954874,0.7752056801319123,0.7761826068162918,0.7782805740833283,0.7810108214616776,0.7849123179912567,0.7879566252231598,0.7902489304542542,0.791558176279068,0.7938747644424439
37219,-0.7846390604972839,151.27154541015625,279.7552185058594,84.63117109026227,0.7846390008926392,0.7849123179912567,0.004797274246811867,0.7752056801319123,0.77682965695858,0.7782805740833283,0.781172126531601,0.7849123179912567,0.7879566252231598,0.7902489304542542,0.7916258692741394,0.7938747644424439
37310,-0.7847892642021179,151.1829071044922,279.8158264160156,84.02201298304966,0.7847893238067627,0.7849353551864624,0.004798331763595343,0.7752056801319123,0.7774277806282044,0.7782805740833283,0.7812420427799225,0.7849353551864624,0.788177102804184,0.7904631137847901,0.7927432388067246,0.7938747644424439
37401,-0.7849026918411255,151.05490112304688,279.77996826171875,83.49700164794922,0.7849027514457703,0.7849353551864624,0.004790871869772673,0.7755147993564606,0.7774277806282044,0.7789540350437164,0.7813392877578735,0.7849353551864624,0.788177102804184,0.790510356426239,0.7927634716033936,0.7939011943340302
37492,-0.7850817441940308,150.9215545654297,279.7423400878906,82.94162314278739,0.785081684589386,0.785325437784195,0.004739881493151188,0.7755147993564606,0.777521088719368,0.7789540350437164,0.7813392877578735,0.785325437784195,0.788208618760109,0.7905975818634033,0.7927634716033936,0.7939011943340302
37583,-0.7852044701576233,150.7639923095703,279.65234375,82.41343906947544,0.7852044701576233,0.785545825958252,0.004678912926465273,0.7755147993564606,0.777521088719368,0.7790905654430389,0.7815564572811127,0.785545825958252,0.7883395254611969,0.7907609283924103,0.7927634716033936,0.7939011943340302
37674,-0.7852835655212402,150.66744995117188,279.66912841796875,81.88128335135323,0.7852835059165955,0.785545825958252,0.004694034811109304,0.7755147993564606,0.7776887565851212,0.7790905654430389,0.7815564572811127,0.785545825958252,0.7883395254611969,0.7907609283924103,0.7927634716033936,0.7948311805725098
37765,-0.7853988409042358,150.55369567871094,279.67523193359375,81.28165435791016,0.7853987812995911,0.7859005928039551,0.0046728868037462234,0.7760690176486968,0.7776887565851212,0.7795476675033569,0.7815692871809006,0.7859005928039551,0.7884004712104797,0.7907609283924103,0.7927634716033936,0.7948311805725098
37856,-0.7855485081672668,150.46986389160156,279.7190246582031,80.75742776053292,0.7855485677719116,0.7859005928039551,0.004647651221603155,0.7760690176486968,0.7776887565851212,0.77995845079422,0.781965434551239,0.7859005928039551,0.7888801991939545,0.7908299803733826,0.7927634716033936,0.7948311805725098
37947,-0.7856478095054626,150.35818481445312,279.6990051269531,80.20751953125,0.7856477499008179,0.786005973815918,0.004717586562037468,0.7760690176486968,0.7779650688171387,0.77995845079422,0.781965434551239,0.786005973815918,0.7889097630977631,0.7908299803733826,0.7929693579673767,0.7948461043834686
38038,-0.7857911586761475,150.26849365234375,279.73455810546875,79.6480734688895,0.7857911586761475,0.786005973815918,0.004710458684712648,0.7760836207866668,0.7779650688171387,0.780198049545288,0.7822616249322891,0.786005973815918,0.7893790602684021,0.7912161648273468,0.7929693579673767,0.794860211610794
38129,-0.7858837842941284,150.20339965820312,279.8338623046875,79.09070369175502,0.7858837842941284,0.7862500548362732,0.0047461665235459805,0.7760836207866668,0.7779650688171387,0.780198049545288,0.7822616249322891,0.7862500548362732,0.7893790602684021,0.7913735568523407,0.7934937000274658,0.794860211610794
38220,-0.7860158085823059,150.08877563476562,279.82867431640625,78.54113006591797,0.7860158681869507,0.7864804267883301,0.0047102272510528564,0.7764153254032135,0.7779650688171387,0.7802376270294189,0.7825073152780533,0.7864804267883301,0.7895362079143524,0.7913735568523407,0.7934937000274658,0.794860211610794
38311,-0.786180317401886,149.99942016601562,279.8614196777344,77.9926038469587,0.786180317401886,0.7866303324699402,0.004720328375697136,0.7768569624423981,0.7779650688171387,0.7802865743637085,0.7825338691473007,0.7866303324699402,0.7895886152982712,0.7915623605251312,0.7934937000274658,0.7960981488227844
38402,-0.7863137722015381,149.88812255859375,279.8557434082031,77.466796875,0.7863138318061829,0.7867106795310974,0.00470254709944129,0.7769218575954437,0.7783299922943115,0.7802865743637085,0.7827312350273132,0.7867106795310974,0.7896431535482407,0.7915623605251312,0.7934960901737214,0.7961067748069763
38493,-0.7864120602607727,149.83775329589844,279.957763671875,76.94066183907645,0.7864120006561279,0.7867266833782196,0.00464507145807147,0.7769218575954437,0.7795342803001404,0.7806072235107422,0.7829409539699554,0.7867266833782196,0.7899011969566345,0.7915623605251312,0.7934960901737214,0.7961122393608093
38584,-0.786544144153595,149.7682342529297,280.0255432128906,76.4307883126395,0.7865440845489502,0.7868486046791077,0.004606231115758419,0.777714899778366,0.7797371923923493,0.7806072235107422,0.7829409539699554,0.7868486046791077,0.7901645004749298,0.7917723894119263,0.7934960901737214,0.7961122393608093
38675,-0.7867963910102844,149.68714904785156,280.05963134765625,75.89315577915737,0.7867963314056396,0.78701451420784,0.004531124606728554,0.777714899778366,0.7797371923923493,0.7809092998504639,0.7834213823080063,0.78701451420784,0.7902602851390839,0.7917723894119263,0.7941565662622452,0.7961122393608093
38766,-0.7869499921798706,149.60292053222656,280.1011657714844,75.36330086844308,0.7869499921798706,0.787097156047821,0.004503537900745869,0.7777269196510315,0.7797371923923493,0.7810466408729553,0.7834963351488113,0.787097156047821,0.790363222360611,0.7917723894119263,0.7942425459623337,0.7961122393608093
38857,-0.7871590852737427,149.49244689941406,280.0894775390625,74.79618072509766,0.7871590256690979,0.7871536612510681,0.004549557808786631,0.7777269196510315,0.7797371923923493,0.7813325941562652,0.7837409228086472,0.7871536612510681,0.7903781980276108,0.7923606395721435,0.7942425459623337,0.7975190806388855
38948,-0.7872355580329895,149.4312286376953,280.1762390136719,74.27090563092914,0.7872355580329895,0.7871536612510681,0.00451773451641202,0.7777269196510315,0.7797412931919098,0.7813368976116181,0.7837577760219574,0.7871536612510681,0.7904906421899796,0.7923606395721435,0.7942909240722656,0.7975190806388855
39039,-0.7873637080192566,149.29212951660156,280.10076904296875,73.68841552734375,0.7873637676239014,0.7871536612510681,0.004540495108813047,0.7777269196510315,0.7804749548435211,0.7817332983016968,0.7837577760219574,0.7871536612510681,0.7907219082117081,0.7923841357231141,0.7943360507488251,0.7975190806388855
39130,-0.787445068359375,149.23239135742188,280.1763000488281,73.2216044834682,0.7874450087547302,0.7872577905654907,0.0045186723582446575,0.7777269196510315,0.7804749548435211,0.7818204641342164,0.783918634057045,0.7872577905654907,0.7907219082117081,0.7928386628627777,0.7943360507488251,0.7975190806388855
39221,-0.7875168919563293,149.15110778808594,280.2142333984375,72.67084285191127,0.7875169515609741,0.7872865498065948,0.004517880268394947,0.7777269196510315,0.7804749548435211,0.7818609118461609,0.784295454621315,0.7872865498065948,0.7907904386520386,0.7928386628627777,0.7943360507488251,0.7975190806388855
39312,-0.7876031994819641,149.12261962890625,280.35406494140625,72.12818254743304,0.7876031994819641,0.7873633503913879,0.004515768028795719,0.7777269196510315,0.7804749548435211,0.781884765625,0.7845647633075714,0.7873633503913879,0.7907960265874863,0.7928386628627777,0.7943360507488251,0.7975259435176849
39403,-0.7876890897750854,149.06524658203125,280.4331359863281,71.61444963727679,0.7876891493797302,0.7874926328659058,0.004552800208330154,0.7777269196510315,0.7804842293262482,0.781884765625,0.7846007198095322,0.7874926328659058,0.7908543348312378,0.7928386628627777,0.7944441467523575,0.7975456643104554
39494,-0.7879063487052917,149.016357421875,280.5269775390625,71.09920501708984,0.7879063487052917,0.7876442074775696,0.0045182304456830025,0.7789033508300781,0.78050037920475,0.7824470460414886,0.784979909658432,0.7876442074775696,0.7908543348312378,0.7930983424186706,0.7958020031452179,0.7975456643104554
39585,-0.788090705871582,148.89613342285156,280.4717102050781,70.61388724190849,0.7880907654762268,0.7877091765403748,0.004455032292753458,0.7790439200401306,0.78050037920475,0.7824802696704865,0.7852303385734558,0.7877091765403748,0.7909254729747772,0.7936192274093627,0.7958020031452179,0.7975456643104554
39676,-0.788187563419342,148.81715393066406,280.49713134765625,70.12830134800502,0.788187563419342,0.787763237953186,0.004469113424420357,0.7790439200401306,0.78050037920475,0.7825082957744598,0.7852524816989899,0.787763237953186,0.7917477935552597,0.7938184618949891,0.7958020031452179,0.7975456643104554
39767,-0.7882773280143738,148.7222442626953,280.48785400390625,69.61375645228794,0.7882773876190186,0.7880613207817078,0.004453163128346205,0.7797297286987305,0.78050037920475,0.7825082957744598,0.7852524816989899,0.7880613207817078,0.79188571870327,0.7938184618949891,0.7960256487131119,0.7975456643104554
39858,-0.788356602191925,148.69642639160156,280.6258544921875,69.11585562569755,0.788356602191925,0.7881281971931458,0.0044339606538414955,0.7797297286987305,0.7819865942001343,0.7829251646995544,0.7854340076446533,0.7881281971931458,0.79188571870327,0.7938184618949891,0.7961924821138382,0.7975456643104554
39949,-0.7885302305221558,148.65878295898438,280.74859619140625,68.58743177141461,0.7885302901268005,0.7885337173938751,0.004392957780510187,0.779733145236969,0.7821524381637573,0.7831267595291138,0.7854340076446533,0.7885337173938751,0.7919484972953796,0.7938295006752014,0.7961924821138382,0.7975456643104554
40040,-0.7886770367622375,148.61683654785156,280.8464660644531,68.11040823800224,0.7886769771575928,0.7886801660060883,0.004383979830890894,0.7799282550811768,0.7821524381637573,0.7831369698047638,0.7854340076446533,0.7886801660060883,0.7919484972953796,0.7938295006752014,0.7961948841810227,0.7975456643104554
40131,-0.788745105266571,148.54510498046875,280.8832702636719,67.60780661446708,0.7887451648712158,0.7888076901435852,0.004346894100308418,0.7799282550811768,0.782345113158226,0.7833218157291413,0.7854340076446533,0.7888076901435852,0.7919484972953796,0.7938295006752014,0.7961948841810227,0.7975456643104554
40222,-0.7888506054878235,148.49412536621094,280.98260498046875,67.07638876778739,0.7888506054878235,0.7888188660144806,0.0043321941047906876,0.7799282550811768,0.7823516756296158,0.7834920525550843,0.7856151759624481,0.7888188660144806,0.792305663228035,0.7942827880382538,0.7961948841810227,0.7975456643104554
40313,-0.7889634370803833,148.42063903808594,281.0286865234375,66.57641928536552,0.7889634966850281,0.7889426946640015,0.004362331237643957,0.779929723739624,0.7823516756296158,0.7837234973907471,0.785939633846283,0.7889426946640015,0.7924488484859467,0.7945166826248169,0.7961948841810227,0.7975456643104554
40404,-0.7890739440917969,148.34750366210938,281.0696716308594,66.09091676984515,0.7890737652778625,0.7892148494720459,0.004312427714467049,0.779929723739624,0.7823516756296158,0.7841035425662994,0.7860573828220367,0.7892148494720459,0.7924488484859467,0.7945166826248169,0.7963719487190246,0.7975456643104554
40495,-0.7891571521759033,148.30325317382812,281.1656494140625,65.62538146972656,0.7891570925712585,0.7892148494720459,0.004306802526116371,0.779929723739624,0.7823516756296158,0.7841834127902985,0.7862723022699356,0.7892148494720459,0.7924488484859467,0.794526195526123,0.7963926613330841,0.7976797211170197
40586,-0.7892663478851318,148.2386016845703,281.2200622558594,65.11840166364398,0.7892663478851318,0.7892148494720459,0.004259239882230759,0.7805522465705872,0.7826314568519592,0.7841834127902985,0.7863397151231766,0.7892148494720459,0.7924488484859467,0.794526195526123,0.7964171051979065,0.7976797211170197
40677,-0.7894419431686401,148.13270568847656,281.18243408203125,64.59208297729492,0.7894418835639954,0.7895303666591644,0.004315666854381561,0.7817159414291381,0.7826494157314301,0.7841834127902985,0.7863931804895401,0.7895303666591644,0.7924848347902298,0.7945428252220154,0.7976685255765915,0.7989178919792175
40768,-0.789530336856842,148.0686492919922,281.2412414550781,64.07869556971959,0.7895302772521973,0.7896355390548706,0.004334400873631239,0.7817159414291381,0.7826494157314301,0.7841834127902985,0.786653682589531,0.7896355390548706,0.7924848347902298,0.7948118031024933,0.7976685255765915,0.7989331805706024
40859,-0.7896170020103455,148.01889038085938,281.2978210449219,63.642707279750276,0.7896169424057007,0.7896355390548706,0.0043202415108680725,0.781779260635376,0.7826494157314301,0.7843693435192108,0.786653682589531,0.7896355390548706,0.7924848347902298,0.7948118031024933,0.7976685255765915,0.7989331805706024
40950,-0.7898088097572327,147.99732971191406,281.4247741699219,63.13579831804548,0.7898086309432983,0.7897972166538239,0.004295214544981718,0.781779260635376,0.7826494157314301,0.7846056699752808,0.7868631929159164,0.7897972166538239,0.7926427572965622,0.7949939250946045,0.7976685255765915,0.7989331805706024
41041,-0.7899578809738159,147.9633331298828,281.5467224121094,62.576703207833425,0.7899578809738159,0.7898793518543243,0.004233058542013168,0.782241187095642,0.7833913952112198,0.7846486091613769,0.7869775295257568,0.7898793518543243,0.7928788065910339,0.7952524363994599,0.7976685255765915,0.7989331805706024
41132,-0.7900646328926086,147.92689514160156,281.6481018066406,62.07720674787249,0.7900645732879639,0.7902118563652039,0.004250969737768173,0.782241187095642,0.784082779288292,0.7846486091613769,0.7871287912130356,0.7902118563652039,0.7930494993925095,0.7952843427658081,0.7976685255765915,0.7989331805706024
41223,-0.790186882019043,147.87582397460938,281.7192077636719,61.561862400599885,0.7901869416236877,0.7902143597602844,0.0042030238546431065,0.7825931811332703,0.7841824382543564,0.7846486091613769,0.7876216322183609,0.7902143597602844,0.7930526584386826,0.7952843427658081,0.7976686030626297,0.7989331805706024
41314,-0.7902848720550537,147.86932373046875,281.8792419433594,61.127168382917134,0.7902848720550537,0.7903055250644684,0.0041808150708675385,0.7825931811332703,0.7843831151723861,0.784688138961792,0.7876216322183609,0.7903055250644684,0.7930763065814972,0.7954189777374268,0.7976686030626297,0.7992500686645507
41405,-0.790374755859375,147.87088012695312,282.0540771484375,60.63340214320591,0.790374755859375,0.7903654873371124,0.0041659437119960785,0.7825931811332703,0.7843831151723861,0.7851513743400573,0.7877202033996582,0.7903654873371124,0.7931578457355499,0.7954189777374268,0.7976686030626297,0.7992500686645507
41496,-0.790473222732544,147.86314392089844,282.2021179199219,60.183837890625,0.7904731631278992,0.7903877794742584,0.0041985600255429745,0.7832796454429627,0.7844326734542847,0.7851669311523437,0.7878627181053162,0.7903877794742584,0.7932628989219666,0.7954786598682404,0.7981394022703171,0.7992543601989746
41587,-0.7906470894813538,147.79176330566406,282.2353210449219,59.66886847359793,0.7906469702720642,0.7904394865036011,0.004170467611402273,0.7832877826690674,0.7844326734542847,0.7853351533412933,0.7878627181053162,0.7904394865036011,0.7934936285018921,0.7958155989646911,0.7981394022703171,0.7992543601989746
41678,-0.7907313108444214,147.7418212890625,282.3023376464844,59.156419481549946,0.7907312512397766,0.7904394865036011,0.004095328971743584,0.7833155679702759,0.7844835937023162,0.7853351533412933,0.7878627181053162,0.7904394865036011,0.7934936285018921,0.7958791136741639,0.7981394022703171,0.7992543601989746
41769,-0.7908593416213989,147.6592559814453,282.28973388671875,58.70828792027065,0.7908592224121094,0.7904960513114929,0.004072496201843023,0.7843533802032471,0.7847983449697494,0.7853351533412933,0.7879158556461334,0.7904960513114929,0.7939096242189407,0.7958791136741639,0.7981394022703171,0.7992543601989746
41860,-0.7909513711929321,147.6015167236328,282.34417724609375,58.20553697858538,0.7909513115882874,0.7906590104103088,0.004072398878633976,0.7843533802032471,0.7848053425550461,0.7856009483337403,0.7879158556461334,0.7906590104103088,0.7940035909414291,0.7959035694599151,0.7981394022703171,0.7992543601989746
41951,-0.7910783290863037,147.57273864746094,282.4380798339844,57.71019853864397,0.7910782694816589,0.7908461093902588,0.004008096177130938,0.7843536305427551,0.7848053425550461,0.7857876658439636,0.7880982309579849,0.7908461093902588,0.7940035909414291,0.7959035694599151,0.7981394022703171,0.7992543601989746
42042,-0.791158139705658,147.49407958984375,282.42999267578125,57.228150503976,0.7911580801010132,0.7910223305225372,0.003972076345235109,0.7843536305427551,0.7848317295312881,0.7858587801456451,0.788106232881546,0.7910223305225372,0.7940035909414291,0.7959035694599151,0.7981394022703171,0.7992543601989746
42133,-0.7912415862083435,147.4967498779297,282.6005554199219,56.64875793457031,0.791241466999054,0.7912367284297943,0.003966605290770531,0.7843794322013855,0.7848317295312881,0.785912960767746,0.7881328016519547,0.7912367284297943,0.794048398733139,0.7960952579975128,0.7981394022703171,0.7992543601989746
42224,-0.7913338541984558,147.46160888671875,282.6907653808594,56.15985870361328,0.791333794593811,0.7912760376930237,0.003980918321758509,0.7843794322013855,0.7848317295312881,0.785912960767746,0.7882374674081802,0.7912760376930237,0.794048398733139,0.7963781177997589,0.7984746426343918,0.7992951905727387
42315,-0.7914051413536072,147.40115356445312,282.7330017089844,55.63388933454241,0.791405200958252,0.7912760376930237,0.003975065425038338,0.7844669342041015,0.7848317295312881,0.785912960767746,0.7884760648012161,0.7912760376930237,0.7941914051771164,0.7963781177997589,0.7984746426343918,0.7997467195987702
42406,-0.7914420962333679,147.3173065185547,282.7260437011719,55.11295700073242,0.7914420962333679,0.7912760376930237,0.003984278533607721,0.7845453238487243,0.7848317295312881,0.785912960767746,0.7884760648012161,0.7912760376930237,0.7943424731492996,0.7963985502719879,0.7984746426343918,0.7997467195987702
42497,-0.7915209531784058,147.30418395996094,282.8445129394531,54.65985706874302,0.7915210127830505,0.7912760376930237,0.003966556861996651,0.7847845005989075,0.7848436683416367,0.785999083518982,0.7887266278266907,0.7912760376930237,0.7943424731492996,0.7966881394386292,0.7984746426343918,0.7997467195987702
42588,-0.7915819883346558,147.31283569335938,283.01678466796875,54.18499319893973,0.791581928730011,0.791390597820282,0.003962867893278599,0.7847845005989075,0.7848436683416367,0.7862371563911438,0.7887616604566574,0.791390597820282,0.7943424731492996,0.7967305898666381,0.7984746426343918,0.7997467195987702
42679,-0.7916936278343201,147.2344207763672,283.0085144042969,53.71671077183315,0.7916935682296753,0.7915307581424713,0.003976577892899513,0.7847845005989075,0.7848436683416367,0.7862371563911438,0.7887616604566574,0.7915307581424713,0.7943424731492996,0.7967887401580811,0.7984746426343918,0.7999293255805969
42770,-0.7917616367340088,147.27685546875,283.2640075683594,53.23354285103934,0.791761577129364,0.7916839718818665,0.003973687067627907,0.7847845005989075,0.7848436683416367,0.7862371563911438,0.7890008240938187,0.7916839718818665,0.7943424731492996,0.796793520450592,0.7984746426343918,0.7999293255805969
42861,-0.7918388247489929,147.20272827148438,283.27813720703125,52.6957037789481,0.7918387651443481,0.7918720841407776,0.003976752981543541,0.7847845005989075,0.7848436683416367,0.786348307132721,0.7890008240938187,0.7918720841407776,0.7946348935365677,0.7969138026237488,0.798505163192749,0.7999293255805969
42952,-0.7919142842292786,147.18572998046875,283.3868408203125,52.19359534127371,0.7919142246246338,0.791882336139679,0.003956696949899197,0.7847845005989075,0.7848436683416367,0.786348307132721,0.7893464863300323,0.791882336139679,0.7946348935365677,0.7969138026237488,0.798505163192749,0.7999293255805969
43043,-0.7920243144035339,147.13412475585938,283.4281311035156,51.72462517874582,0.7920243144035339,0.7920675873756409,0.00392164196819067,0.7848439991474152,0.7858057051897049,0.786356794834137,0.7893464863300323,0.7920675873756409,0.7947636246681213,0.7970418870449066,0.798505163192749,0.7999293255805969
43134,-0.7921417355537415,147.07191467285156,283.4470520019531,51.25414603097098,0.7921417951583862,0.7921904921531677,0.003922468051314354,0.7848439991474152,0.7858395099639892,0.7866593658924103,0.7896067649126053,0.7921904921531677,0.794811025261879,0.7970850706100464,0.798505163192749,0.7999293255805969
43225,-0.7922044992446899,147.1344451904297,283.6996765136719,50.85305186680385,0.7922044992446899,0.7921904921531677,0.003916901536285877,0.7848439991474152,0.7859994649887085,0.78668994307518,0.7896067649126053,0.7921904921531677,0.794811025261879,0.7970853388309479,0.7986350387334824,0.7999293255805969
43316,-0.7923248410224915,147.1258087158203,283.8342590332031,50.38184629167829,0.7923247814178467,0.7924438714981079,0.0038824917282909155,0.7848439991474152,0.7859994649887085,0.78668994307518,0.7896689474582672,0.7924438714981079,0.7952115833759308,0.7970853388309479,0.7986350387334824,0.7999293255805969
43407,-0.7924696207046509,147.1377716064453,284.0051574707031,49.916975838797434,0.7924695611000061,0.7925177216529846,0.0038778167217969894,0.7848439991474152,0.786084058880806,0.7875547528266906,0.7897628843784332,0.7925177216529846,0.7952115833759308,0.7973200142383575,0.7990220665931702,0.7999293255805969
43498,-0.7925706505775452,147.13650512695312,284.1524353027344,49.44857842581613,0.7925704717636108,0.792618989944458,0.0038833264261484146,0.7853398633003235,0.786084058880806,0.7875547528266906,0.7897628843784332,0.792618989944458,0.7956182956695557,0.7973200142383575,0.7992946565151214,0.7999293255805969
43589,-0.7926743030548096,147.08995056152344,284.2148132324219,48.888969966343474,0.7926742434501648,0.7927401661872864,0.003901048796251416,0.7853398633003235,0.786084058880806,0.7875547528266906,0.7899263799190521,0.7927401661872864,0.7956182956695557,0.797462010383606,0.7995293617248536,0.8000829827785492
43680,-0.79274982213974,147.11318969726562,284.3953552246094,48.46995108468192,0.7927498817443848,0.7927401661872864,0.003874225541949272,0.7853398633003235,0.7865553259849548,0.7876444339752198,0.7899263799190521,0.7927401661872864,0.7956182956695557,0.7976641058921814,0.7995293617248536,0.8000829827785492
43771,-0.7928395867347717,147.09295654296875,284.5068664550781,47.99017116001674,0.7928395867347717,0.7930084764957428,0.0038412397261708975,0.7853398633003235,0.7867300689220429,0.7877632021903992,0.7899263799190521,0.7930084764957428,0.7956182956695557,0.7976641058921814,0.7995293617248536,0.8000829827785492
43862,-0.7929078340530396,147.08447265625,284.6327819824219,47.471428462437224,0.79290771484375,0.7932217717170715,0.003828134387731552,0.7853398633003235,0.7867300689220429,0.787823498249054,0.7899996936321259,0.7932217717170715,0.7956258207559586,0.7976641058921814,0.7995498478412628,0.8000829827785492
43953,-0.7929965257644653,147.09715270996094,284.7845458984375,46.99728175571987,0.7929964661598206,0.7933849692344666,0.003806884167715907,0.785341317653656,0.7867429792881012,0.787838625907898,0.7899996936321259,0.7933849692344666,0.7958735078573227,0.7977770566940308,0.7995498478412628,0.8000829827785492
44044,-0.7930551767349243,147.16244506835938,285.0329284667969,46.59733036586216,0.7930551171302795,0.7933849692344666,0.0038057747296988964,0.785341317653656,0.7871721923351288,0.7878474116325378,0.7902009636163712,0.7933849692344666,0.7960405349731445,0.7978152513504029,0.7995498478412628,0.8000829827785492
44135,-0.7931292653083801,147.09605407714844,285.032958984375,46.150701250348774,0.7931291460990906,0.7933849692344666,0.0037651369348168373,0.7854770684242248,0.7871721923351288,0.7886473715305329,0.7902009636163712,0.7933849692344666,0.7960902452468872,0.7978152513504029,0.7996074914932251,0.8000829827785492
44226,-0.7932236790657043,147.0708465576172,285.1308898925781,45.655424390520366,0.7932237386703491,0.7934552431106567,0.003755417186766863,0.7860209476947785,0.7871721923351288,0.7887217760086059,0.7902009636163712,0.7934552431106567,0.796217530965805,0.7978306472301483,0.7996074914932251,0.8000829827785492
44317,-0.7932884097099304,147.11181640625,285.3435363769531,45.18830435616629,0.7932883501052856,0.7934552431106567,0.003738017985597253,0.7860209476947785,0.7871721923351288,0.7887217760086059,0.7905253916978836,0.7934552431106567,0.796217530965805,0.7979042828083038,0.7996074914932251,0.8000829827785492
44408,-0.7933542728424072,147.1335906982422,285.5203857421875,44.75069046020508,0.7933542132377625,0.7934552431106567,0.0037726042792201042,0.7860276675224305,0.7875439882278442,0.7887217760086059,0.7905253916978836,0.7934552431106567,0.796217530965805,0.7979042828083038,0.7996074914932251,0.8000829827785492
44499,-0.7934064269065857,147.13014221191406,285.6575012207031,44.23740441458566,0.7934063673019409,0.7935364842414856,0.0037732988130301237,0.7860276675224305,0.7875439882278442,0.7887217760086059,0.7905253916978836,0.7935364842414856,0.7962304055690765,0.7979042828083038,0.7996074914932251,0.8000829827785492
44590,-0.7935131788253784,147.17410278320312,285.8870849609375,43.72684369768415,0.7935131192207336,0.7935364842414856,0.003744186135008931,0.7863261866569519,0.787588369846344,0.7887497782707215,0.7905607372522354,0.7935364842414856,0.7962304055690765,0.7982740759849548,0.7996074914932251,0.8000829827785492
44681,-0.7935268878936768,147.16151428222656,285.9885559082031,43.21313803536551,0.793526828289032,0.7935364842414856,0.003738900413736701,0.7863261866569519,0.787588369846344,0.7887497782707215,0.7905607372522354,0.7935364842414856,0.7962304055690765,0.7982740759849548,0.7996074914932251,0.8000983452796936
44772,-0.7936001420021057,147.169921875,286.1296081542969,42.75999069213867,0.7936001420021057,0.7936325371265411,0.003687083488330245,0.7863261866569519,0.787588369846344,0.788808923959732,0.7905607372522354,0.7936325371265411,0.7963108420372009,0.7982740759849548,0.7996074914932251,0.8000983452796936
44863,-0.7936455607414246,147.2491455078125,286.4071044921875,42.37964902605329,0.7936455011367798,0.7936325371265411,0.0036793812178075314,0.7863261866569519,0.7876703768968583,0.7888108193874359,0.7907914966344833,0.7936325371265411,0.7963108420372009,0.7982740759849548,0.7998805701732635,0.8000983452796936
44954,-0.7937200665473938,147.24130249023438,286.5115966796875,41.895177023751394,0.793720006942749,0.7937320470809937,0.003695856314152479,0.7863261866569519,0.7876703768968583,0.7888108193874359,0.7908104360103607,0.7937320470809937,0.7965157330036163,0.7982740759849548,0.7999219208955765,0.8001593184471131
45045,-0.7937643527984619,147.27674865722656,286.7151184082031,41.41448865618025,0.7937643527984619,0.7937963008880615,0.0036643161438405514,0.7863261866569519,0.7883170545101166,0.7889147281646729,0.790864035487175,0.7937963008880615,0.7965157330036163,0.7982740759849548,0.7999219208955765,0.8001593184471131
45136,-0.7938507795333862,147.40870666503906,287.1145324707031,40.93138231549944,0.7938507199287415,0.7938503921031952,0.0036664605140686035,0.7868153917789459,0.7883170545101166,0.7889147281646729,0.7910887151956558,0.7938503921031952,0.7965157330036163,0.7982740759849548,0.7999219208955765,0.8005968761444092
45227,-0.7939233183860779,147.40780639648438,287.2294006347656,40.53059877668108,0.7939232587814331,0.7939299941062927,0.003675671061500907,0.7868153917789459,0.7883635431528091,0.7890635192394256,0.7913290560245514,0.7939299941062927,0.7965157330036163,0.7982740759849548,0.7999219208955765,0.8010036158561706
45318,-0.7939971685409546,147.38978576660156,287.3092041015625,40.086691175188335,0.7939972877502441,0.7939935326576233,0.0037022430915385485,0.7868153917789459,0.7886071979999543,0.7892262399196625,0.7914397567510605,0.7939935326576233,0.7965157330036163,0.7984032094478607,0.7999219208955765,0.8010979795455933
45409,-0.7941222786903381,147.5003662109375,287.6573791503906,39.607281821114675,0.7941223382949829,0.7942262589931488,0.0037575028836727142,0.7868153917789459,0.7886471182107926,0.7892643928527832,0.791572630405426,0.7942262589931488,0.796699658036232,0.7985465466976166,0.8000849932432175,0.8011122345924377
45500,-0.79420405626297,147.6621551513672,288.09429931640625,39.13853509085519,0.7942039966583252,0.7942262589931488,0.0037329753395169973,0.7868153917789459,0.788758271932602,0.7892706036567688,0.791620284318924,0.7942262589931488,0.796699658036232,0.7991715610027313,0.8001544266939163,0.8011122345924377
45591,-0.7943007349967957,147.75393676757812,288.3853759765625,38.67162431989397,0.7943008542060852,0.7943142652511597,0.0037605646066367626,0.7868153917789459,0.788758271932602,0.7893859386444092,0.7919126451015472,0.7943142652511597,0.7968429327011108,0.7994953572750092,0.8001948803663254,0.8011122345924377
45682,-0.7943766713142395,147.75311279296875,288.5182800292969,38.1093384878976,0.7943766713142395,0.7943142652511597,0.003740478539839387,0.7868153917789459,0.788758271932602,0.7893859386444092,0.7919855713844299,0.7943142652511597,0.7969343811273575,0.7995437741279602,0.800325745344162,0.8011122345924377
45773,-0.7944558262825012,147.76473999023438,288.6605224609375,37.628440856933594,0.7944559454917908,0.7943384349346161,0.0037341322749853134,0.7868182718753814,0.788758271932602,0.7896424114704133,0.7919855713844299,0.7943384349346161,0.7969699651002884,0.7995836734771729,0.8003373086452484,0.8011122345924377
45864,-0.7945458889007568,147.73272705078125,288.7171630859375,37.19310433523996,0.7945458292961121,0.7944652438163757,0.0037442571483552456,0.7868182718753814,0.788758271932602,0.7896424114704133,0.7919855713844299,0.7944652438163757,0.7972380071878433,0.7995836734771729,0.8005300015211105,0.8011122345924377
45955,-0.7946231961250305,147.80860900878906,288.9939270019531,36.7733998979841,0.7946231961250305,0.7947329580783844,0.0037508197128772736,0.7868234276771545,0.788758271932602,0.7896424114704133,0.7919855713844299,0.7947329580783844,0.7976552546024323,0.7995836734771729,0.8005737721920013,0.801744258403778
46046,-0.79471355676651,147.80862426757812,289.1180419921875,36.2822254725865,0.7947136759757996,0.7948786616325378,0.0037861326709389687,0.7868234276771545,0.7887750148773194,0.789645791053772,0.7920824736356735,0.7948786616325378,0.7976931482553482,0.7996918201446533,0.8006009668111801,0.801744258403778
46137,-0.7947868704795837,147.90707397460938,289.4379577636719,35.79398890904018,0.7947869896888733,0.7950352728366852,0.0037879638839513063,0.7868234276771545,0.7887750148773194,0.7899273574352265,0.7922010719776154,0.7950352728366852,0.7976931482553482,0.7996918201446533,0.8006009668111801,0.801744258403778
46228,-0.7948494553565979,147.97262573242188,289.68426513671875,35.302682059151785,0.7948494553565979,0.7950352728366852,0.0037612183950841427,0.7869046211242676,0.7887944161891938,0.7900273144245148,0.7922010719776154,0.7950352728366852,0.7978276461362839,0.7996918201446533,0.8006136298179627,0.801744258403778
46319,-0.7949404716491699,148.02365112304688,289.9104309082031,34.78860691615513,0.7949404120445251,0.7950352728366852,0.0037859913427382708,0.7869046211242676,0.788797527551651,0.7900323510169983,0.7922010719776154,0.7950352728366852,0.7979154735803604,0.7996918201446533,0.801206374168396,0.801851270198822
46410,-0.7950137257575989,148.05882263183594,290.10247802734375,34.26331656319754,0.7950137257575989,0.7951090335845947,0.003779997583478689,0.7871050930023193,0.7895120143890381,0.7900352418422699,0.7922720611095428,0.7951090335845947,0.7979154735803604,0.7997667074203492,0.801206374168396,0.801851270198822
46501,-0.7951102256774902,148.11888122558594,290.3363037109375,33.80068588256836,0.7951102256774902,0.7951090335845947,0.0037726375740021467,0.7871050930023193,0.7896650731563568,0.7900808453559875,0.7923251986503601,0.7951090335845947,0.7979154735803604,0.8000786781311036,0.801206374168396,0.801851270198822
46592,-0.7951719760894775,148.18431091308594,290.5834655761719,33.30954279218401,0.7951719760894775,0.7952066659927368,0.003772819647565484,0.7871050930023193,0.7897676289081573,0.7900808453559875,0.7925205528736115,0.7952066659927368,0.7980433255434036,0.8000974178314209,0.801386421918869,0.801851270198822
46683,-0.7952184081077576,148.33401489257812,291.00140380859375,32.838322503226145,0.7952185273170471,0.7952896952629089,0.0037838101852685213,0.7871050930023193,0.7897676289081573,0.7900808453559875,0.7925205528736115,0.7952896952629089,0.7980433255434036,0.8000974178314209,0.801386421918869,0.801851270198822
46774,-0.7953048348426819,148.450927734375,291.3486022949219,32.34705434526716,0.7953048944473267,0.7952896952629089,0.003772159805521369,0.7871057939529419,0.7897676289081573,0.7902454495429992,0.792887419462204,0.7952896952629089,0.7980433255434036,0.8000974178314209,0.801386421918869,0.801851270198822
46865,-0.7953694462776184,148.45761108398438,291.4753723144531,31.82202911376953,0.7953695058822632,0.7953226268291473,0.0037416615523397923,0.7876831436157227,0.7897676289081573,0.7905409812927247,0.7929486185312271,0.7953226268291473,0.7980539351701736,0.8000974178314209,0.8014073550701142,0.801851270198822
46956,-0.7954780459403992,148.45997619628906,291.5896301269531,31.322540283203125,0.7954780459403992,0.7953268587589264,0.0036980770528316498,0.7876947593688964,0.7900170028209687,0.7906488895416259,0.7929486185312271,0.7953268587589264,0.798069640994072,0.8001032292842865,0.8014073550701142,0.801851270198822
47047,-0.7955427169799805,148.58428955078125,291.94964599609375,30.80712400163923,0.7955427765846252,0.7953671216964722,0.0036630299873650074,0.7876980543136597,0.7900170028209687,0.7908125042915344,0.7931071370840073,0.7953671216964722,0.7982805371284485,0.8001061022281647,0.8014073550701142,0.801851270198822
47138,-0.7955740094184875,148.76922607421875,292.42681884765625,30.340045383998326,0.7955741286277771,0.7955284118652344,0.003652820596471429,0.7885296738147736,0.7900170028209687,0.7908125042915344,0.7932505309581757,0.7955284118652344,0.7984030842781067,0.8001061022281647,0.8014073550701142,0.801851270198822
47229,-0.7956457138061523,148.81451416015625,292.6343688964844,29.824123655046737,0.7956458330154419,0.7955284118652344,0.00363467657007277,0.7885296738147736,0.7900246560573578,0.7908125042915344,0.7932616621255875,0.7955284118652344,0.7984030842781067,0.8002371668815613,0.8015797138214111,0.801999579668045
47320,-0.7956751585006714,148.91795349121094,292.9560852050781,29.33035687037877,0.7956752777099609,0.7956982254981995,0.0036484028678387403,0.7885296738147736,0.7900246560573578,0.7908125042915344,0.793277844786644,0.7956982254981995,0.7984030842781067,0.8009633600711823,0.8015797138214111,0.8020015323162079
47411,-0.7957145571708679,149.02294921875,293.2729187011719,28.8053708757673,0.7957145571708679,0.7956982254981995,0.0036614853888750076,0.7885296738147736,0.7900246560573578,0.7908125042915344,0.793277844786644,0.7956982254981995,0.7984136492013931,0.8009737193584442,0.8018404871225357,0.8021800994873047
47502,-0.7957728505134583,149.14321899414062,293.6376037597656,28.341529301234655,0.7957728505134583,0.7959524989128113,0.0036506596952676773,0.7885296738147736,0.7902044415473938,0.7908125042915344,0.793365940451622,0.7959524989128113,0.7984424233436584,0.8009737193584442,0.8018404871225357,0.8021800994873047
47593,-0.7958350777626038,149.2583465576172,293.9710388183594,27.846565791538783,0.7958351373672485,0.7960728406906128,0.003628455800935626,0.7885340321063995,0.7902044415473938,0.7908125042915344,0.7933988720178604,0.7960728406906128,0.7984424233436584,0.8009737193584442,0.8018404871225357,0.8021827328205109
47684,-0.7958745956420898,149.44798278808594,294.4707946777344,27.359661102294922,0.7958747148513794,0.7961740493774414,0.0036044346634298563,0.7885340321063995,0.7903949320316315,0.7908251166343689,0.7934739589691162,0.7961740493774414,0.7984424233436584,0.8009737193584442,0.8018404871225357,0.8021827328205109
47775,-0.7958946228027344,149.58724975585938,294.86395263671875,26.78527287074498,0.7958946228027344,0.7961812615394592,0.0035998865496367216,0.7885340321063995,0.7903949320316315,0.7908271551132202,0.7935108244419098,0.7961812615394592,0.7984424233436584,0.8009737193584442,0.8018404871225357,0.8021827328205109
47866,-0.7959341406822205,149.7757110595703,295.3521728515625,26.364883150373185,0.7959341406822205,0.7961812615394592,0.003561450866982341,0.7886141157150268,0.7904025405645371,0.7911484003067016,0.7935108244419098,0.7961812615394592,0.798525258898735,0.8009737193584442,0.8018404871225357,0.8021827328205109
47957,-0.795997142791748,149.97787475585938,295.8729248046875,25.801544734409877,0.7959972620010376,0.7963660657405853,0.0035579402465373278,0.7886141157150268,0.7904025405645371,0.7911484003067016,0.7935611605644226,0.7963660657405853,0.7985392957925797,0.8009737193584442,0.8018404871225357,0.8021827328205109
48048,-0.7960345149040222,150.1475372314453,296.3172302246094,25.29995209830148,0.7960346341133118,0.7963660657405853,0.003547763219103217,0.788629457950592,0.7904025405645371,0.7911484003067016,0.7935611605644226,0.7963660657405853,0.7985605746507645,0.800993925333023,0.8018404871225357,0.8021827328205109
48139,-0.7960665822029114,150.3450164794922,296.8224182128906,24.673100335257395,0.7960666418075562,0.7963660657405853,0.0035331915132701397,0.788629457950592,0.7904025405645371,0.7911872506141663,0.7935611605644226,0.7963660657405853,0.7985605746507645,0.800993925333023,0.8018404871225357,0.8021827328205109
48230,-0.7960845828056335,150.59010314941406,297.41888427734375,24.194027491978236,0.7960845232009888,0.7963660657405853,0.003526159795001149,0.7888851881027221,0.7904025405645371,0.7912672877311706,0.7935611605644226,0.7963660657405853,0.7987076938152313,0.800993925333023,0.8018404871225357,0.8021827328205109
48321,-0.7961148619651794,150.86944580078125,298.0787048339844,23.708069120134628,0.7961148619651794,0.7963660657405853,0.003527084132656455,0.7888851881027221,0.7907714039087296,0.7912672877311706,0.7935611605644226,0.7963660657405853,0.7987076938152313,0.8011206328868866,0.8019372671842575,0.8021827328205109
48412,-0.7961315512657166,151.07568359375,298.6107177734375,23.24375561305455,0.7961316108703613,0.7963660657405853,0.0035254613030701876,0.7888851881027221,0.7907714039087296,0.7913550078868866,0.7935611605644226,0.7963660657405853,0.7987076938152313,0.8011206328868866,0.8019372671842575,0.8021827328205109
48503,-0.7961445450782776,151.29110717773438,299.14874267578125,22.649296351841517,0.7961445450782776,0.7963660657405853,0.003515831893309951,0.7888851881027221,0.7907856166362762,0.7914583444595337,0.7935611605644226,0.7963660657405853,0.7987076938152313,0.8011206328868866,0.8019372671842575,0.8021827328205109
48594,-0.7961613535881042,151.51829528808594,299.7096862792969,22.069910321916854,0.796161413192749,0.7963660657405853,0.0035141771659255028,0.7888851881027221,0.7907856166362762,0.7914583444595337,0.7935611605644226,0.7963660657405853,0.7987076938152313,0.8011206328868866,0.8019372671842575,0.8021827328205109
48685,-0.7961955070495605,151.81494140625,300.4133605957031,21.548183713640487,0.7961954474449158,0.7963858842849731,0.0035246070474386215,0.7888881993293763,0.7907856166362762,0.7914583444595337,0.7935611605644226,0.7963858842849731,0.7987973093986511,0.8011206328868866,0.8019372671842575,0.8023532390594482
48776,-0.7962268590927124,152.14881896972656,301.1796569824219,21.048529488699778,0.7962268590927124,0.7963858842849731,0.003530458314344287,0.7888881993293763,0.7907856166362762,0.7914633631706238,0.793651893734932,0.7963858842849731,0.7989866137504578,0.8011206328868866,0.8019372671842575,0.8023532390594482
48867,-0.7962381839752197,152.45423889160156,301.9074401855469,20.433088847569056,0.7962382435798645,0.7963858842849731,0.0035323784686625004,0.7888881993293763,0.7907856166362762,0.7914669632911682,0.793651893734932,0.7963858842849731,0.7989866137504578,0.8011206328868866,0.8019431084394455,0.8023532390594482
48958,-0.7962508797645569,152.73602294921875,302.5842590332031,19.85426194327218,0.7962509393692017,0.7963858842849731,0.003544826526194811,0.7888881993293763,0.7907866358757019,0.7914669632911682,0.793651893734932,0.7963858842849731,0.7989866137504578,0.8011206328868866,0.8021518766880036,0.802663584947586
49049,-0.7962787747383118,153.06741333007812,303.36236572265625,19.324564252580917,0.7962787747383118,0.7963858842849731,0.0035346492659300566,0.7888881993293763,0.7907866358757019,0.7914669632911682,0.7938002645969391,0.7963858842849731,0.7989866137504578,0.8011206328868866,0.8021518766880036,0.802663584947586
49140,-0.7962985038757324,153.43768310546875,304.2070007324219,18.81477846418108,0.796298623085022,0.7963858842849731,0.003531751222908497,0.7888881993293763,0.7908686637878418,0.7914669632911682,0.7938002645969391,0.7963858842849731,0.7990143001079559,0.8011206328868866,0.80215425491333,0.802663584947586
49231,-0.7963192462921143,153.9225311279297,305.287353515625,18.17873818533761,0.7963193655014038,0.796444833278656,0.0035418046172708273,0.7888881993293763,0.7908686637878418,0.7915326416492462,0.7938002645969391,0.796444833278656,0.7990143001079559,0.8011206328868866,0.8022144824266434,0.802663584947586
49322,-0.7963306307792664,154.37567138671875,306.3235778808594,17.448496409824916,0.7963306307792664,0.7964487671852112,0.0035448207054287195,0.7888881993293763,0.7908686637878418,0.7915326416492462,0.7938002645969391,0.7964487671852112,0.7990143001079559,0.8011206328868866,0.8022144824266434,0.802663584947586
49413,-0.7963525056838989,154.76832580566406,307.21112060546875,16.8622407913208,0.7963525652885437,0.7965008020401001,0.003549765795469284,0.7888881993293763,0.7908686637878418,0.7915326416492462,0.7938002645969391,0.7965008020401001,0.7990143001079559,0.8011206328868866,0.8022144824266434,0.802663584947586
49504,-0.796364426612854,155.22714233398438,308.24090576171875,16.215656552995956,0.7963646054267883,0.7965008020401001,0.0035493604373186827,0.7888881993293763,0.7908686637878418,0.7915326416492462,0.7938002645969391,0.7965008020401001,0.7990143001079559,0.8011206328868866,0.8022144824266434,0.802663584947586
49595,-0.7963796257972717,155.6870880126953,309.2652587890625,15.607010568891253,0.7963796854019165,0.7965008020401001,0.003558523254469037,0.7888910758495331,0.7908692955970764,0.7915326416492462,0.7938002645969391,0.7965008020401001,0.7990143001079559,0.8014293789863587,0.8022144824266434,0.802663584947586
49686,-0.7963796257972717,156.32615661621094,310.63861083984375,14.958734239850726,0.7963796854019165,0.7965008020401001,0.003558523254469037,0.7888910758495331,0.7908692955970764,0.7915326416492462,0.7938002645969391,0.7965008020401001,0.7990143001079559,0.8014293789863587,0.8022144824266434,0.802663584947586
49777,-0.7963846921920776,156.97068786621094,312.0267333984375,14.293825422014509,0.796384871006012,0.7965008020401001,0.003557217540219426,0.7888910758495331,0.7908692955970764,0.7915326416492462,0.7938906997442245,0.7965008020401001,0.7990143001079559,0.8014293789863587,0.8022144824266434,0.802663584947586
49868,-0.7963846921920776,157.50189208984375,313.2166748046875,13.422986711774554,0.796384871006012,0.7965008020401001,0.0035571539774537086,0.788891133069992,0.7908692955970764,0.7915326416492462,0.7938906997442245,0.7965008020401001,0.7990143001079559,0.8014293789863587,0.8022144824266434,0.802663584947586
49959,-0.79638671875,158.0999755859375,314.49163818359375,12.77899169921875,0.7963868975639343,0.7965008020401001,0.0035547884181141853,0.788891133069992,0.7908692955970764,0.7915326416492462,0.7938906997442245,0.7965008020401001,0.7990143001079559,0.8014293789863587,0.8022144824266434,0.802663584947586
