step,best_fitness,avg_hamming,avg_l1,avg_entropy,mean,median,std,2%,5%,10%,25%,50%,75%,90%,95%,98%
91,-0.5313718914985657,341.1496276855469,55.4006233215332,559.8613804408482,0.5313718914985657,0.5309066772460938,0.005134709179401398,0.5239066052436828,0.524834007024765,0.5256227612495422,0.527435764670372,0.5309066772460938,0.5349145233631134,0.538285207748413,0.5404308766126633,0.5419382631778717
182,-0.5350527167320251,340.9653625488281,62.6010627746582,558.9349103655134,0.5350526571273804,0.5347966551780701,0.004993116948753595,0.5265776431560516,0.5288715243339539,0.529721200466156,0.5317556262016296,0.5347966551780701,0.5378736406564713,0.540734589099884,0.5426031798124313,0.5464069187641144
273,-0.5369892120361328,340.7908020019531,68.98722839355469,558.0320696149554,0.5369892120361328,0.5359843373298645,0.005277775693684816,0.5297149348258973,0.5301985234022141,0.5315224885940552,0.5333974063396454,0.5359843373298645,0.5394685715436935,0.5419720232486724,0.5496781378984451,0.5525881350040436
364,-0.5380238890647888,340.61419677734375,74.8205795288086,557.1254185267857,0.538023829460144,0.5371523201465607,0.005569093395024538,0.529848861694336,0.5312602192163467,0.5322598278522491,0.5347778648138046,0.5371523201465607,0.54041887819767,0.5429022908210754,0.5500097543001174,0.5546610176563262
455,-0.5385972261428833,340.43280029296875,80.17244720458984,556.2164132254464,0.5385972261428833,0.5376218557357788,0.005381111521273851,0.5309760797023774,0.5321516841650009,0.5328328788280488,0.5350767374038696,0.5376218557357788,0.5404756963253021,0.5442041873931885,0.5500097543001174,0.5546610176563262
546,-0.53961181640625,340.25738525390625,85.14906311035156,555.3217686244419,0.5396118760108948,0.5391131341457367,0.005286956671625376,0.5309760797023774,0.5332633703947067,0.5346703112125397,0.5359897315502167,0.5391131341457367,0.5411798357963562,0.5468307852745056,0.5500097543001174,0.5546610176563262
637,-0.5402209162712097,340.0767822265625,89.86665344238281,554.4197998046875,0.5402208566665649,0.5395934283733368,0.005068478640168905,0.5338880693912507,0.534413281083107,0.5348419368267059,0.5365156531333923,0.5395934283733368,0.5417012721300125,0.546981930732727,0.5500097543001174,0.5546610176563262
728,-0.5409619212150574,339.90234375,94.35730743408203,553.5263933454241,0.5409619212150574,0.5403786301612854,0.004867767449468374,0.5347248768806457,0.535005983710289,0.5359144806861877,0.5373202562332153,0.5403786301612854,0.5429266095161438,0.5476649582386017,0.5500750422477723,0.5546610176563262
819,-0.5412366390228271,339.7157897949219,98.53462219238281,552.6308070591518,0.5412366390228271,0.5404007136821747,0.0047408402897417545,0.5347248768806457,0.535876339673996,0.5363841950893402,0.537713348865509,0.5404007136821747,0.5434068441390991,0.5476649582386017,0.5500750422477723,0.5546610176563262
910,-0.5414735078811646,339.5409240722656,102.552734375,551.7483956473214,0.5414735078811646,0.5404405295848846,0.004658576101064682,0.5351910281181336,0.5361368477344512,0.5366720795631409,0.5381666868925095,0.5404405295848846,0.5436149686574936,0.5476649582386017,0.5500750422477723,0.5546610176563262
1001,-0.5419530868530273,339.3663024902344,106.43663787841797,550.8665945870536,0.5419530868530273,0.540736198425293,0.004679327365010977,0.5351910281181336,0.5361368477344512,0.5368692219257355,0.5387665629386902,0.540736198425293,0.5442918688058853,0.5480344593524933,0.5500750422477723,0.5546610176563262
1092,-0.5421457290649414,339.19256591796875,110.20423126220703,549.9820382254464,0.5421457290649414,0.5410523414611816,0.004621696658432484,0.5357623958587646,0.5361555635929107,0.5372782707214355,0.5388994812965393,0.5410523414611816,0.5442918688058853,0.5480344593524933,0.5515895187854767,0.5546610176563262
1183,-0.5429867506027222,339.0144348144531,113.76277923583984,549.1045532226562,0.5429867506027222,0.541662871837616,0.005070227198302746,0.5360511469841004,0.5363976687192917,0.5379336655139924,0.5397747755050659,0.541662871837616,0.545492872595787,0.5484354317188264,0.5518828183412552,0.5559892737865448
1274,-0.5432564616203308,338.8326416015625,117.32261657714844,548.2023489815848,0.5432564616203308,0.5422368347644806,0.004979295190423727,0.5360511469841004,0.5372995585203171,0.5382353305816651,0.5403378456830978,0.5422368347644806,0.5455270260572433,0.5484354317188264,0.5518828183412552,0.5559892737865448
1365,-0.5435163974761963,338.6591491699219,120.6721420288086,547.3295462472098,0.5435163378715515,0.542609840631485,0.005003848113119602,0.5360511469841004,0.5372995585203171,0.5384476721286774,0.5403804033994675,0.542609840631485,0.5459158420562744,0.5499339878559113,0.5518828183412552,0.5559892737865448
1456,-0.5437323451042175,338.49090576171875,123.9203109741211,546.4678344726562,0.5437323451042175,0.5432921648025513,0.004943524952977896,0.5370001065731048,0.5376814931631089,0.538693231344223,0.5403804033994675,0.5432921648025513,0.5463016480207443,0.5499339878559113,0.5518828183412552,0.5559892737865448
1547,-0.5438921451568604,338.3204650878906,127.00336456298828,545.6181204659598,0.5438920855522156,0.543372631072998,0.004888078197836876,0.5370001065731048,0.5384594470262527,0.5389258384704589,0.5404459536075592,0.543372631072998,0.5463016480207443,0.5499339878559113,0.5533936709165573,0.5559892737865448
1638,-0.544119119644165,338.1581726074219,130.10263061523438,544.7648228236607,0.5441190600395203,0.5435512363910675,0.004798332694917917,0.5370001065731048,0.5384852647781372,0.5395448863506317,0.5405707508325577,0.5435512363910675,0.5465052276849747,0.5499339878559113,0.5533936709165573,0.5559892737865448
1729,-0.5441691279411316,337.9870910644531,133.12953186035156,543.9005911690848,0.5441690683364868,0.5437316000461578,0.004755837377160788,0.5378853273391724,0.5387047439813614,0.5395838916301727,0.5405707508325577,0.5437316000461578,0.5465052276849747,0.5499339878559113,0.5533936709165573,0.5559892737865448
1820,-0.5444319844245911,337.8197937011719,136.068359375,543.0373011997768,0.5444319844245911,0.5439308285713196,0.004721352830529213,0.5378853273391724,0.5393315941095352,0.5397964596748352,0.540927454829216,0.5439308285713196,0.5470070242881775,0.5499339878559113,0.5533936709165573,0.5559892737865448
1911,-0.5445498824119568,337.65960693359375,139.05422973632812,542.1686662946429,0.5445498824119568,0.5440303385257721,0.004784052260220051,0.5378853273391724,0.5393315941095352,0.5397964596748352,0.540927454829216,0.5440303385257721,0.5471684336662292,0.5501363158226014,0.5533936709165573,0.5559892737865448
2002,-0.5446754097938538,337.4922790527344,141.89964294433594,541.3068934849331,0.5446754097938538,0.5441105961799622,0.004744110628962517,0.5386133420467377,0.5393447399139404,0.5397964596748352,0.5410886257886887,0.5441105961799622,0.5473701059818268,0.5501363158226014,0.5533936709165573,0.5559892737865448
2093,-0.5449079275131226,337.3215637207031,144.7377166748047,540.4309953962054,0.5449078679084778,0.5442949831485748,0.004724766127765179,0.5387658333778381,0.5393697559833527,0.5400944948196411,0.5411475598812103,0.5442949831485748,0.5474005341529846,0.5507560670375824,0.5533936709165573,0.5559892737865448
2184,-0.5449809432029724,337.1448669433594,147.49290466308594,539.5470668247768,0.5449808239936829,0.5444142520427704,0.004680451471358538,0.5387658333778381,0.5395542949438095,0.5402365386486053,0.5412660986185074,0.5444142520427704,0.5474005341529846,0.5507560670375824,0.5533936709165573,0.5559892737865448
2275,-0.5450075268745422,336.97991943359375,150.18994140625,538.6844395228794,0.5450075268745422,0.5446636080741882,0.004689214751124382,0.5387658333778381,0.5395542949438095,0.5402365386486053,0.5412660986185074,0.5446636080741882,0.5474005341529846,0.5507560670375824,0.5533936709165573,0.5559892737865448
2366,-0.5450461506843567,336.8295593261719,152.76663208007812,537.8539428710938,0.5450461506843567,0.5448105335235596,0.004686577245593071,0.5387658333778381,0.5395542949438095,0.5402365386486053,0.5412660986185074,0.5448105335235596,0.5474005341529846,0.5507560670375824,0.5533936709165573,0.5559892737865448
2457,-0.5452443361282349,336.65936279296875,155.30873107910156,536.9950735909598,0.5452443361282349,0.5449365377426147,0.004621498286724091,0.5387658333778381,0.5395542949438095,0.5403556287288666,0.5418271720409393,0.5449365377426147,0.5474293529987335,0.5507560670375824,0.5533936709165573,0.5559892737865448
2548,-0.5454067587852478,336.5138244628906,157.90638732910156,536.1511317661831,0.545406699180603,0.5450853705406189,0.0045392876490950584,0.5389890217781067,0.5398070603609085,0.5404135167598725,0.5419235676527023,0.5450853705406189,0.5475294589996338,0.5507560670375824,0.5533936709165573,0.5559892737865448
2639,-0.5454292893409729,336.35198974609375,160.41529846191406,535.2980085100446,0.5454292297363281,0.5450853705406189,0.004518948495388031,0.5389890217781067,0.5398070603609085,0.5404135167598725,0.5420440882444382,0.5450853705406189,0.5475294589996338,0.5507560670375824,0.5533936709165573,0.5559892737865448
2730,-0.545543372631073,336.1786804199219,162.8799285888672,534.4236711774554,0.545543372631073,0.5452270209789276,0.004487563390284777,0.5389890217781067,0.5398070603609085,0.5404135167598725,0.5422545820474625,0.5452270209789276,0.5476312637329102,0.5507560670375824,0.5533936709165573,0.5559892737865448
2821,-0.545551061630249,336.0035400390625,165.29446411132812,533.5536847795759,0.545551061630249,0.5452270209789276,0.004482651595026255,0.5389890217781067,0.5398070603609085,0.5404135167598725,0.5423477590084076,0.5452270209789276,0.5476312637329102,0.5507560670375824,0.5533936709165573,0.5559892737865448
2912,-0.5455722808837891,335.8447265625,167.70028686523438,532.7044677734375,0.5455722808837891,0.5452270209789276,0.004460805095732212,0.5391052138805389,0.5401097536087036,0.5404518008232116,0.5423477590084076,0.5452270209789276,0.5476312637329102,0.5507560670375824,0.5533936709165573,0.5559892737865448
3003,-0.5456535220146179,335.6810607910156,169.98617553710938,531.8661499023438,0.5456534624099731,0.545422375202179,0.00441988417878747,0.5391052138805389,0.5401097536087036,0.5404674112796783,0.5426438003778458,0.545422375202179,0.5476312637329102,0.5507560670375824,0.5533936709165573,0.5559892737865448
3094,-0.5457072257995605,335.5230407714844,172.2455596923828,531.0305262974331,0.5457071661949158,0.545422375202179,0.00441366620361805,0.5395276868343353,0.5401097536087036,0.5404674112796783,0.5426607131958008,0.545422375202179,0.5477608442306519,0.5507560670375824,0.5533936709165573,0.5559892737865448
3185,-0.5457305312156677,335.3433837890625,174.4837646484375,530.1570260184152,0.545730471611023,0.545422375202179,0.004391766618937254,0.5395276868343353,0.5403553605079651,0.5404678761959076,0.5426607131958008,0.545422375202179,0.5477608442306519,0.5507560670375824,0.5533936709165573,0.5559892737865448
3276,-0.5457934141159058,335.18670654296875,176.70843505859375,529.3175920758929,0.5457934141159058,0.545422375202179,0.004329954739660025,0.5398528933525085,0.5403838485479355,0.5410819590091706,0.5426789075136185,0.545422375202179,0.5477608442306519,0.5507560670375824,0.5533936709165573,0.5559892737865448
3367,-0.5458197593688965,335.0161437988281,178.98910522460938,528.4305419921875,0.5458197593688965,0.545422375202179,0.004316427279263735,0.5398528933525085,0.5403838485479355,0.5410819590091706,0.5429459065198898,0.545422375202179,0.5477608442306519,0.5507560670375824,0.5533936709165573,0.5559892737865448
3458,-0.5458373427391052,334.8521423339844,181.1813201904297,527.5747157505581,0.5458372831344604,0.545422375202179,0.0043302010744810104,0.5398528933525085,0.5403838485479355,0.5410819590091706,0.5429459065198898,0.545422375202179,0.5477608442306519,0.5507560670375824,0.5533936709165573,0.5559892737865448
3549,-0.5458915829658508,334.6698913574219,183.35723876953125,526.6866891043527,0.5458915829658508,0.5455877482891083,0.004350025672465563,0.5398528933525085,0.5403838485479355,0.5410819590091706,0.5429459065198898,0.5455877482891083,0.5478881597518921,0.5507560670375824,0.5533936709165573,0.5559892737865448
3640,-0.5459040403366089,334.5057067871094,185.3954620361328,525.8555123465402,0.5459040403366089,0.5455877482891083,0.004335890989750624,0.5398528933525085,0.5403838485479355,0.5412425816059112,0.5429459065198898,0.5455877482891083,0.5478881597518921,0.5507560670375824,0.5533936709165573,0.5559892737865448
3731,-0.5459631085395813,334.346923828125,187.49578857421875,525.0051007952009,0.5459631085395813,0.5456416606903076,0.004307671450078487,0.5398528933525085,0.5403838485479355,0.5412425816059112,0.5431695729494095,0.5456416606903076,0.5478881597518921,0.5507560670375824,0.5533936709165573,0.5559892737865448
3822,-0.5459647178649902,334.1881103515625,189.69515991210938,524.1343035016741,0.5459647178649902,0.5456416606903076,0.004306337796151638,0.5398528933525085,0.5403838485479355,0.5412425816059112,0.5431695729494095,0.5456416606903076,0.5478881597518921,0.5507560670375824,0.5533936709165573,0.5559892737865448
3913,-0.5460333824157715,334.03741455078125,191.66717529296875,523.3313075474331,0.5460333824157715,0.545747697353363,0.004322985652834177,0.5398528933525085,0.5403838485479355,0.5412425816059112,0.5431695729494095,0.545747697353363,0.5480553805828094,0.5507560670375824,0.5533936709165573,0.5559892737865448
4004,-0.5461344718933105,333.8772277832031,193.6636199951172,522.4971487862723,0.5461344718933105,0.5458738803863525,0.004289629403501749,0.5398528933525085,0.5403838485479355,0.5412425816059112,0.543326660990715,0.5458738803863525,0.5480553805828094,0.5507560670375824,0.5533936709165573,0.5559892737865448
4095,-0.546285092830658,333.7231750488281,195.7047576904297,521.6455950055804,0.5462850332260132,0.5458738803863525,0.004468110390007496,0.5398528933525085,0.5403838485479355,0.5412425816059112,0.543326660990715,0.5458738803863525,0.5482148379087448,0.5514185309410096,0.5540614873170853,0.5569855058193207
4186,-0.5463293790817261,333.5547790527344,197.6158905029297,520.8096662248884,0.5463293790817261,0.5458738803863525,0.004385336767882109,0.5399916315078735,0.5403838485479355,0.5412425816059112,0.543326660990715,0.5458738803863525,0.5482148379087448,0.5514185309410096,0.5540614873170853,0.5569855058193207
4277,-0.5464603304862976,333.39300537109375,199.56336975097656,519.9640328543527,0.5464602708816528,0.5458738803863525,0.004238451365381479,0.5403774750232696,0.5411362648010254,0.5420092105865478,0.543450802564621,0.5458738803863525,0.5482148379087448,0.5514185309410096,0.5540614873170853,0.5569855058193207
4368,-0.5464949011802673,333.2191162109375,201.43505859375,519.1161063058036,0.5464948415756226,0.5458798110485077,0.004216284025460482,0.5406662440299987,0.5411466181278228,0.5420092105865478,0.543450802564621,0.5458798110485077,0.5482148379087448,0.5514185309410096,0.5540614873170853,0.5569855058193207
4459,-0.5465301275253296,333.09027099609375,203.29481506347656,518.3349522181919,0.5465301275253296,0.5458798110485077,0.004190186969935894,0.5406662440299987,0.5411466181278228,0.5421943366527557,0.5434974730014801,0.5458798110485077,0.5482148379087448,0.5514185309410096,0.5540614873170853,0.5569855058193207
4550,-0.5468191504478455,332.91461181640625,205.25802612304688,517.4513724190848,0.5468190908432007,0.5462686419487,0.004143245983868837,0.5406662440299987,0.5412447482347489,0.5423663318157196,0.5441396981477737,0.5462686419487,0.5484748780727386,0.5515892267227173,0.5540614873170853,0.5569855058193207
4641,-0.5468374490737915,332.77154541015625,207.1704559326172,516.6188703264509,0.5468374490737915,0.5462688207626343,0.004137516021728516,0.5406662440299987,0.5412447482347489,0.5423663318157196,0.5441396981477737,0.5462688207626343,0.5484748780727386,0.5515892267227173,0.5540614873170853,0.5569855058193207
4732,-0.5468553900718689,332.6345520019531,209.00953674316406,515.8149152483259,0.5468553304672241,0.5463343560695648,0.004134662915021181,0.5406662440299987,0.5412447482347489,0.5423663318157196,0.5441396981477737,0.5463343560695648,0.5484748780727386,0.5515892267227173,0.5540614873170853,0.5569855058193207
4823,-0.5469405055046082,332.4643859863281,210.83352661132812,514.9606148856027,0.5469405055046082,0.546432226896286,0.004065928515046835,0.5410026860237122,0.5415518313646317,0.5424935817718506,0.5444412231445312,0.546432226896286,0.5484748780727386,0.5515892267227173,0.5540614873170853,0.5569855058193207
4914,-0.5471403002738953,332.29248046875,212.60374450683594,514.1085292271206,0.5471403002738953,0.5468631982803345,0.004098385106772184,0.5410026860237122,0.5415518313646317,0.5425977110862732,0.5446580052375793,0.5468631982803345,0.5486525744199753,0.5516831517219544,0.5556082218885422,0.5569855058193207
5005,-0.5472246408462524,332.1241760253906,214.33721923828125,513.2755998883929,0.5472246408462524,0.5469091534614563,0.004075492266565561,0.5410026860237122,0.5415518313646317,0.542635154724121,0.5446902364492416,0.5469091534614563,0.5486525744199753,0.5516831517219544,0.5556082218885422,0.5569855058193207
5096,-0.5473389029502869,331.9679870605469,216.15805053710938,512.4346923828125,0.5473389625549316,0.5469440221786499,0.004089623689651489,0.5410026860237122,0.5415518313646317,0.542635154724121,0.5447749197483063,0.5469440221786499,0.5490655601024628,0.5517923355102539,0.5556082218885422,0.5569855058193207
5187,-0.5473389029502869,331.80865478515625,217.8718719482422,511.6134817940848,0.5473389625549316,0.5469440221786499,0.004089623689651489,0.5410026860237122,0.5415518313646317,0.542635154724121,0.5447749197483063,0.5469440221786499,0.5490655601024628,0.5517923355102539,0.5556082218885422,0.5569855058193207
5278,-0.5473389029502869,331.6495666503906,219.7263641357422,510.7379150390625,0.5473389625549316,0.5469440221786499,0.004089623689651489,0.5410026860237122,0.5415518313646317,0.542635154724121,0.5447749197483063,0.5469440221786499,0.5490655601024628,0.5517923355102539,0.5556082218885422,0.5569855058193207
5369,-0.5474914908409119,331.4915771484375,221.34703063964844,509.92567225864957,0.5474914312362671,0.5470578372478485,0.004013983067125082,0.5410026860237122,0.5415518313646317,0.5426780402660369,0.5451283156871796,0.5470578372478485,0.5490655601024628,0.5517923355102539,0.5556082218885422,0.5569855058193207
5460,-0.5475298762321472,331.3383483886719,223.10719299316406,509.0834306989397,0.5475298762321472,0.5470578372478485,0.003954582381993532,0.5415809428691865,0.5421938627958298,0.5426780402660369,0.5451283156871796,0.5470578372478485,0.5490655601024628,0.5517923355102539,0.5556082218885422,0.5569855058193207
5551,-0.5476037859916687,331.16510009765625,224.71910095214844,508.25048828125,0.5476037859916687,0.5471088886260986,0.003979052882641554,0.5415809428691865,0.5421938627958298,0.5426780402660369,0.5451283156871796,0.5471088886260986,0.5496452450752258,0.5518506467342377,0.5556082218885422,0.5569855058193207
5642,-0.547783613204956,331.00177001953125,226.27293395996094,507.4480895996094,0.547783613204956,0.5472012460231781,0.004171880427747965,0.5415809428691865,0.5421938627958298,0.5426780402660369,0.5451283156871796,0.5472012460231781,0.5497380346059799,0.5520102798938751,0.5557876646518707,0.5582720494270325
5733,-0.547783613204956,330.8154602050781,227.93540954589844,506.57928466796875,0.547783613204956,0.5472012460231781,0.004171880427747965,0.5415809428691865,0.5421938627958298,0.5426780402660369,0.5451283156871796,0.5472012460231781,0.5497380346059799,0.5520102798938751,0.5557876646518707,0.5582720494270325
5824,-0.5481857657432556,330.67291259765625,229.60447692871094,505.76111275809154,0.5481857061386108,0.5474015474319458,0.00420843530446291,0.5415809428691865,0.54238141477108,0.5434929132461548,0.5457725822925568,0.5474015474319458,0.5499235391616821,0.552520489692688,0.5565804451704025,0.5582978391647339
5915,-0.5482124090194702,330.505126953125,231.26690673828125,504.89889090401783,0.5482123494148254,0.5474015474319458,0.004179716110229492,0.5415809428691865,0.54238141477108,0.5439593017101287,0.5457725822925568,0.5474015474319458,0.5499235391616821,0.552520489692688,0.5565804451704025,0.5582978391647339
6006,-0.5483296513557434,330.3736877441406,232.9651336669922,504.0763724190848,0.5483296513557434,0.547552227973938,0.004205516539514065,0.5415809428691865,0.54238141477108,0.5439593017101287,0.5458344966173172,0.547552227973938,0.5499442964792252,0.5537653565406799,0.5565804451704025,0.5582978391647339
6097,-0.5483595132827759,330.2206726074219,234.55809020996094,503.25669642857144,0.5483595132827759,0.547552227973938,0.004172001965343952,0.5415809428691865,0.5426596105098724,0.5441656887531281,0.5458344966173172,0.547552227973938,0.5499442964792252,0.5537653565406799,0.5565804451704025,0.5582978391647339
6188,-0.5483765602111816,330.0772399902344,236.1948699951172,502.43507167271207,0.5483765602111816,0.5476647615432739,0.00417127413675189,0.5415809428691865,0.5426596105098724,0.5441656887531281,0.5458344966173172,0.5476647615432739,0.5499442964792252,0.5537653565406799,0.5565804451704025,0.5582978391647339
6279,-0.5483902096748352,329.9283447265625,237.755126953125,501.61547415597096,0.5483902096748352,0.5476647615432739,0.004166578408330679,0.5415809428691865,0.5426596105098724,0.5441656887531281,0.5458344966173172,0.5476647615432739,0.5499442964792252,0.5537653565406799,0.5565804451704025,0.5582978391647339
6370,-0.5483902096748352,329.7626647949219,239.33212280273438,500.7681230817522,0.5483902096748352,0.5476647615432739,0.004166578408330679,0.5415809428691865,0.5426596105098724,0.5441656887531281,0.5458344966173172,0.5476647615432739,0.5499442964792252,0.5537653565406799,0.5565804451704025,0.5582978391647339
6461,-0.5483902096748352,329.5965881347656,240.8589630126953,499.92422921316967,0.5483902096748352,0.5476647615432739,0.004166578408330679,0.5415809428691865,0.5426596105098724,0.5441656887531281,0.5458344966173172,0.5476647615432739,0.5499442964792252,0.5537653565406799,0.5565804451704025,0.5582978391647339
6552,-0.5484391450881958,329.4571838378906,242.45703125,499.1089826311384,0.5484391450881958,0.5476647615432739,0.004116587340831757,0.5415809428691865,0.5433463901281357,0.5444928646087647,0.546063169836998,0.5476647615432739,0.5499442964792252,0.5537653565406799,0.5565804451704025,0.5582978391647339
6643,-0.5486985445022583,329.3049621582031,244.00833129882812,498.2817862374442,0.5486985445022583,0.547825425863266,0.004198773298412561,0.5422238969802856,0.5434991121292114,0.5446362435817719,0.5461903214454651,0.547825425863266,0.5500588566064835,0.5541425049304962,0.5576226890087128,0.5593002045154571
6734,-0.5488219261169434,329.1533203125,245.53683471679688,497.4549996512277,0.5488219261169434,0.5478459298610687,0.00422287080436945,0.5422238969802856,0.5434991121292114,0.5446478307247162,0.5462494194507599,0.5478459298610687,0.5503570437431335,0.5546255707740784,0.5576226890087128,0.5593002045154571
6825,-0.5488676428794861,328.98895263671875,247.1070098876953,496.5825936453683,0.5488676428794861,0.5479142069816589,0.004222435411065817,0.5422238969802856,0.5434991121292114,0.5446478307247162,0.5462494194507599,0.5479142069816589,0.5506470799446106,0.5546255707740784,0.5576226890087128,0.5593002045154571
6916,-0.5489033460617065,328.844970703125,248.62677001953125,495.764168875558,0.5489033460617065,0.5479142069816589,0.004180923104286194,0.5427011454105377,0.5439864784479141,0.5446960389614105,0.5462494194507599,0.5479142069816589,0.5506470799446106,0.5546255707740784,0.5576226890087128,0.5593002045154571
7007,-0.5489339232444763,328.7013244628906,250.16259765625,494.9266924176897,0.5489338636398315,0.5479142069816589,0.004157692659646273,0.5427011454105377,0.5439864784479141,0.5447328984737396,0.546268880367279,0.5479142069816589,0.5506470799446106,0.5546255707740784,0.5576226890087128,0.5593002045154571
7098,-0.5491185188293457,328.548095703125,251.64012145996094,494.0978785923549,0.5491185188293457,0.5479943156242371,0.004226370714604855,0.5427011454105377,0.5439864784479141,0.5447328984737396,0.546517476439476,0.5479943156242371,0.5511607229709625,0.5556156218051911,0.5576226890087128,0.5593002045154571
7189,-0.5491185188293457,328.40679931640625,253.13626098632812,493.2874668666295,0.5491185188293457,0.5479943156242371,0.004226370714604855,0.5427011454105377,0.5439864784479141,0.5447328984737396,0.546517476439476,0.5479943156242371,0.5511607229709625,0.5556156218051911,0.5576226890087128,0.5593002045154571
7280,-0.5491229891777039,328.2613525390625,254.64007568359375,492.4574497767857,0.5491229891777039,0.5479943156242371,0.004222181160002947,0.5427011454105377,0.5439864784479141,0.5447328984737396,0.546517476439476,0.5479943156242371,0.5511607229709625,0.5556156218051911,0.5576226890087128,0.5593002045154571
7371,-0.5492873787879944,328.1103210449219,256.1231384277344,491.6234610421317,0.5492873191833496,0.548173725605011,0.004193293396383524,0.5427011454105377,0.5441743522882462,0.544749653339386,0.5467499643564224,0.548173725605011,0.5514454245567322,0.5556156218051911,0.5576226890087128,0.5593002045154571
7462,-0.5492873787879944,327.9670715332031,257.4969787597656,490.8372105189732,0.5492873191833496,0.548173725605011,0.004193293396383524,0.5427011454105377,0.5441743522882462,0.544749653339386,0.5467499643564224,0.548173725605011,0.5514454245567322,0.5556156218051911,0.5576226890087128,0.5593002045154571
7553,-0.5492873787879944,327.7688903808594,258.8875427246094,489.9542759486607,0.5492873191833496,0.548173725605011,0.004193293396383524,0.5427011454105377,0.5441743522882462,0.544749653339386,0.5467499643564224,0.548173725605011,0.5514454245567322,0.5556156218051911,0.5576226890087128,0.5593002045154571
7644,-0.5493653416633606,327.6402893066406,260.30450439453125,489.15721348353793,0.5493652820587158,0.5482331216335297,0.004165151156485081,0.5427011454105377,0.5441743522882462,0.545129245519638,0.5468840003013611,0.5482331216335297,0.5514454245567322,0.5556156218051911,0.5576226890087128,0.5593002045154571
7735,-0.5493653416633606,327.4726257324219,261.6806640625,488.3218470982143,0.5493652820587158,0.5482331216335297,0.004165151156485081,0.5427011454105377,0.5441743522882462,0.545129245519638,0.5468840003013611,0.5482331216335297,0.5514454245567322,0.5556156218051911,0.5576226890087128,0.5593002045154571
7826,-0.5493847727775574,327.3100891113281,263.02191162109375,487.5021667480469,0.5493847727775574,0.5482331216335297,0.0041412473656237125,0.5429937171936036,0.5446373134851455,0.5451607167720794,0.5468840003013611,0.5482331216335297,0.5514454245567322,0.5556156218051911,0.5576226890087128,0.5593002045154571
7917,-0.5494343042373657,327.1809387207031,264.3968505859375,486.71631295340404,0.549434244632721,0.5483254194259644,0.004137436859309673,0.5429937171936036,0.5446373134851455,0.5451607167720794,0.5468840003013611,0.5483254194259644,0.5514454245567322,0.5556156218051911,0.5576226890087128,0.5593002045154571
8008,-0.5494920611381531,327.0143737792969,265.76324462890625,485.87890189034596,0.5494920015335083,0.5484110713005066,0.004115226212888956,0.5429937171936036,0.5446373134851455,0.5451607167720794,0.5469113290309906,0.5484110713005066,0.5514454245567322,0.5556156218051911,0.5576226890087128,0.5593002045154571
8099,-0.5495034456253052,326.8570861816406,267.175537109375,485.0306701660156,0.5495034456253052,0.5484110713005066,0.004118559416383505,0.5429937171936036,0.5446373134851455,0.5451607167720794,0.5469113290309906,0.5484110713005066,0.5514454245567322,0.5556156218051911,0.5576226890087128,0.5593002045154571
8190,-0.5495674014091492,326.6898193359375,268.4693298339844,484.20471627371654,0.5495674014091492,0.5485264360904694,0.004100184887647629,0.5429937171936036,0.5446373134851455,0.5451607167720794,0.5469578057527542,0.5485264360904694,0.5514454245567322,0.5556156218051911,0.5576226890087128,0.5593002045154571
8281,-0.5495977401733398,326.54193115234375,269.7903747558594,483.4009922572545,0.5495977997779846,0.5486544668674469,0.004084610380232334,0.5429937171936036,0.5446373134851455,0.5451607167720794,0.5470627397298813,0.5486544668674469,0.5514454245567322,0.5556156218051911,0.5576226890087128,0.5593002045154571
8372,-0.5496020913124084,326.3752136230469,271.1398620605469,482.5627964564732,0.5496021509170532,0.5486544668674469,0.004081920254975557,0.5429937171936036,0.5446373134851455,0.5451607167720794,0.5470627397298813,0.5486544668674469,0.5514454245567322,0.5556156218051911,0.5576226890087128,0.5593002045154571
8463,-0.5496020913124084,326.2221374511719,272.4483947753906,481.75230625697543,0.5496021509170532,0.5486544668674469,0.004081920254975557,0.5429937171936036,0.5446373134851455,0.5451607167720794,0.5470627397298813,0.5486544668674469,0.5514454245567322,0.5556156218051911,0.5576226890087128,0.5593002045154571
8554,-0.5496020913124084,326.0566101074219,273.75836181640625,480.91016932896207,0.5496021509170532,0.5486544668674469,0.004081920254975557,0.5429937171936036,0.5446373134851455,0.5451607167720794,0.5470627397298813,0.5486544668674469,0.5514454245567322,0.5556156218051911,0.5576226890087128,0.5593002045154571
8645,-0.5496020913124084,325.9130554199219,275.13568115234375,480.0758841378348,0.5496021509170532,0.5486544668674469,0.004081920254975557,0.5429937171936036,0.5446373134851455,0.5451607167720794,0.5470627397298813,0.5486544668674469,0.5514454245567322,0.5556156218051911,0.5576226890087128,0.5593002045154571
8736,-0.5496020913124084,325.7593078613281,276.42364501953125,479.25575474330356,0.5496021509170532,0.5486544668674469,0.004081920254975557,0.5429937171936036,0.5446373134851455,0.5451607167720794,0.5470627397298813,0.5486544668674469,0.5514454245567322,0.5556156218051911,0.5576226890087128,0.5593002045154571
8827,-0.5496212244033813,325.6114501953125,277.67279052734375,478.4699401855469,0.5496212244033813,0.5487856268882751,0.004075140692293644,0.5429937171936036,0.5446373134851455,0.5451607167720794,0.5470627397298813,0.5487856268882751,0.5514454245567322,0.5556156218051911,0.5576226890087128,0.5593002045154571
8918,-0.5496212244033813,325.4197082519531,278.9237976074219,477.6050327845982,0.5496212244033813,0.5487856268882751,0.004075140692293644,0.5429937171936036,0.5446373134851455,0.5451607167720794,0.5470627397298813,0.5487856268882751,0.5514454245567322,0.5556156218051911,0.5576226890087128,0.5593002045154571
9009,-0.5496212244033813,325.27301025390625,280.2588806152344,476.7574680873326,0.5496212244033813,0.5487856268882751,0.004075140692293644,0.5429937171936036,0.5446373134851455,0.5451607167720794,0.5470627397298813,0.5487856268882751,0.5514454245567322,0.5556156218051911,0.5576226890087128,0.5593002045154571
9100,-0.5496212244033813,325.1329650878906,281.584716796875,475.9315883091518,0.5496212244033813,0.5487856268882751,0.004075140692293644,0.5429937171936036,0.5446373134851455,0.5451607167720794,0.5470627397298813,0.5487856268882751,0.5514454245567322,0.5556156218051911,0.5576226890087128,0.5593002045154571
9191,-0.549644410610199,324.96624755859375,282.79571533203125,475.11364310128346,0.5496443510055542,0.5487856268882751,0.004034376237541437,0.5437619590759277,0.5446373134851455,0.5451607167720794,0.5470627397298813,0.5487856268882751,0.5514454245567322,0.5556156218051911,0.5576226890087128,0.5593002045154571
9282,-0.549663245677948,324.81500244140625,284.0715637207031,474.2771562848772,0.5496633052825928,0.5487856268882751,0.004011405166238546,0.5438624560832978,0.5447327971458436,0.545339971780777,0.5470627397298813,0.5487856268882751,0.5514454245567322,0.5556156218051911,0.5576226890087128,0.5593002045154571
9373,-0.549663245677948,324.6669616699219,285.3806457519531,473.4413757324219,0.5496633052825928,0.5487856268882751,0.004011405166238546,0.5438624560832978,0.5447327971458436,0.545339971780777,0.5470627397298813,0.5487856268882751,0.5514454245567322,0.5556156218051911,0.5576226890087128,0.5593002045154571
9464,-0.549663245677948,324.501708984375,286.6404113769531,472.58619907924106,0.5496633052825928,0.5487856268882751,0.004011405166238546,0.5438624560832978,0.5447327971458436,0.545339971780777,0.5470627397298813,0.5487856268882751,0.5514454245567322,0.5556156218051911,0.5576226890087128,0.5593002045154571
9555,-0.5497763752937317,324.33660888671875,287.93927001953125,471.7125680106027,0.5497764348983765,0.5488774478435516,0.003982786554843187,0.5441398167610169,0.5447503805160523,0.5453714311122895,0.5471015572547913,0.5488774478435516,0.551603227853775,0.5556156218051911,0.5576226890087128,0.5593002045154571
9646,-0.5497936606407166,324.18023681640625,289.2392578125,470.8489772251674,0.5497936010360718,0.5488774478435516,0.003958131652325392,0.5447049212455749,0.5447972565889359,0.5453714311122895,0.5471015572547913,0.5488774478435516,0.551603227853775,0.5556156218051911,0.5576226890087128,0.5593002045154571
9737,-0.5497936606407166,324.0115661621094,290.43768310546875,470.0081307547433,0.5497936010360718,0.5488774478435516,0.003958131652325392,0.5447049212455749,0.5447972565889359,0.5453714311122895,0.5471015572547913,0.5488774478435516,0.551603227853775,0.5556156218051911,0.5576226890087128,0.5593002045154571
9828,-0.5498815774917603,323.8445739746094,291.7193603515625,469.1420331682478,0.5498815774917603,0.5489036738872528,0.003975513391196728,0.5447049212455749,0.5447972565889359,0.5453714311122895,0.5472507774829865,0.5489036738872528,0.5516980290412903,0.5556156218051911,0.5576226890087128,0.5593002045154571
9919,-0.5498899817466736,323.7136535644531,292.9810485839844,468.32730974469865,0.5498899221420288,0.5489036738872528,0.003965198993682861,0.5447449994087219,0.5450525134801865,0.5453714311122895,0.5472507774829865,0.5489036738872528,0.5516980290412903,0.5556156218051911,0.5576226890087128,0.5593002045154571
10010,-0.5498899817466736,323.5307312011719,294.0697937011719,467.4962855747768,0.5498899221420288,0.5489036738872528,0.003965198993682861,0.5447449994087219,0.5450525134801865,0.5453714311122895,0.5472507774829865,0.5489036738872528,0.5516980290412903,0.5556156218051911,0.5576226890087128,0.5593002045154571
10101,-0.5498899817466736,323.4080810546875,295.3485107421875,466.69881766183033,0.5498899221420288,0.5489036738872528,0.003965198993682861,0.5447449994087219,0.5450525134801865,0.5453714311122895,0.5472507774829865,0.5489036738872528,0.5516980290412903,0.5556156218051911,0.5576226890087128,0.5593002045154571
10192,-0.5498899817466736,323.2615966796875,296.48602294921875,465.9068821498326,0.5498899221420288,0.5489036738872528,0.003965198993682861,0.5447449994087219,0.5450525134801865,0.5453714311122895,0.5472507774829865,0.5489036738872528,0.5516980290412903,0.5556156218051911,0.5576226890087128,0.5593002045154571
10283,-0.5500403642654419,323.1184387207031,297.667236328125,465.0745152064732,0.5500403642654419,0.5496703386306763,0.004069630056619644,0.5447449994087219,0.5450525134801865,0.5453714311122895,0.5472507774829865,0.5496703386306763,0.5517886132001877,0.5558265089988709,0.5577097326517105,0.5593002045154571
10374,-0.5500608682632446,322.96624755859375,298.9171447753906,464.2001429966518,0.5500608682632446,0.5496703386306763,0.004058236721903086,0.5447449994087219,0.5450525134801865,0.5453714311122895,0.5473460853099823,0.5496703386306763,0.5517886132001877,0.5558265089988709,0.5577097326517105,0.5593002045154571
10465,-0.5500608682632446,322.79803466796875,300.150634765625,463.3202122279576,0.5500608682632446,0.5496703386306763,0.004058236721903086,0.5447449994087219,0.5450525134801865,0.5453714311122895,0.5473460853099823,0.5496703386306763,0.5517886132001877,0.5558265089988709,0.5577097326517105,0.5593002045154571
10556,-0.5500676035881042,322.6387939453125,301.2967529296875,462.5083705357143,0.5500676035881042,0.5496703386306763,0.00405341200530529,0.5447449994087219,0.5450525134801865,0.5453714311122895,0.547433078289032,0.5496703386306763,0.5517886132001877,0.5558265089988709,0.5577097326517105,0.5593002045154571
10647,-0.5500676035881042,322.47900390625,302.5135192871094,461.64537266322543,0.5500676035881042,0.5496703386306763,0.00405341200530529,0.5447449994087219,0.5450525134801865,0.5453714311122895,0.547433078289032,0.5496703386306763,0.5517886132001877,0.5558265089988709,0.5577097326517105,0.5593002045154571
10738,-0.5500676035881042,322.3327941894531,303.8301086425781,460.7533438546317,0.5500676035881042,0.5496703386306763,0.00405341200530529,0.5447449994087219,0.5450525134801865,0.5453714311122895,0.547433078289032,0.5496703386306763,0.5517886132001877,0.5558265089988709,0.5577097326517105,0.5593002045154571
10829,-0.5500676035881042,322.2223815917969,304.9923400878906,459.99161202566967,0.5500676035881042,0.5496703386306763,0.00405341200530529,0.5447449994087219,0.5450525134801865,0.5453714311122895,0.547433078289032,0.5496703386306763,0.5517886132001877,0.5558265089988709,0.5577097326517105,0.5593002045154571
10920,-0.5501589179039001,322.1020812988281,306.1942138671875,459.19261387416293,0.5501589179039001,0.5497739911079407,0.004025264643132687,0.5447449994087219,0.5450525134801865,0.5453714311122895,0.5475701987743378,0.5497739911079407,0.5517886132001877,0.5558265089988709,0.5577097326517105,0.5593002045154571
11011,-0.5502806901931763,321.94158935546875,307.35662841796875,458.3252519880022,0.5502806901931763,0.5498000085353851,0.004069644026458263,0.5447449994087219,0.5450525134801865,0.5453714311122895,0.5476982593536377,0.5498000085353851,0.551870808005333,0.5563253998756409,0.5577097326517105,0.5593002045154571
11102,-0.5503624081611633,321.8327941894531,308.60113525390625,457.5212969098772,0.5503624081611633,0.5498382449150085,0.004023165907710791,0.5447731745243073,0.5451659888029099,0.545507276058197,0.5477882623672485,0.5498382449150085,0.551870808005333,0.5563253998756409,0.5577097326517105,0.5593002045154571
11193,-0.5503624081611633,321.6841735839844,309.7031555175781,456.69706072126115,0.5503624081611633,0.5498382449150085,0.004023165907710791,0.5447731745243073,0.5451659888029099,0.545507276058197,0.5477882623672485,0.5498382449150085,0.551870808005333,0.5563253998756409,0.5577097326517105,0.5593002045154571
11284,-0.5503624081611633,321.5361328125,310.8471374511719,455.84192330496654,0.5503624081611633,0.5498382449150085,0.004023165907710791,0.5447731745243073,0.5451659888029099,0.545507276058197,0.5477882623672485,0.5498382449150085,0.551870808005333,0.5563253998756409,0.5577097326517105,0.5593002045154571
11375,-0.5505130290985107,321.39947509765625,311.9610595703125,455.0461687360491,0.5505130887031555,0.5499247312545776,0.0040361154824495316,0.5447731745243073,0.5451659888029099,0.545507276058197,0.5478345900774002,0.5499247312545776,0.5522538423538208,0.5563253998756409,0.5577097326517105,0.5593002045154571
11466,-0.5506473779678345,321.2351989746094,313.0716552734375,454.1862574986049,0.5506473779678345,0.5499614775180817,0.004041644744575024,0.5447731745243073,0.5451659888029099,0.5460204601287841,0.5479461699724197,0.5499614775180817,0.5524181872606277,0.5563253998756409,0.5577097326517105,0.5593002045154571
11557,-0.5506593585014343,321.0668640136719,314.188720703125,453.3211233956473,0.5506593585014343,0.5503152310848236,0.0040404098108410835,0.5447731745243073,0.5451659888029099,0.5460204601287841,0.5479461699724197,0.5503152310848236,0.5524181872606277,0.5563253998756409,0.5577097326517105,0.5593002045154571
11648,-0.550672709941864,320.9147033691406,315.3135681152344,452.4675598144531,0.550672709941864,0.5503152310848236,0.004035663325339556,0.5447731745243073,0.5451659888029099,0.5460204601287841,0.5479461699724197,0.5503152310848236,0.5524181872606277,0.5563253998756409,0.5577097326517105,0.5593002045154571
11739,-0.5506870150566101,320.7672424316406,316.3581237792969,451.66925048828125,0.5506870150566101,0.5503152310848236,0.0040053874254226685,0.5447731745243073,0.5451659888029099,0.5460204601287841,0.5479461699724197,0.5503152310848236,0.5524181872606277,0.5563253998756409,0.5577097326517105,0.5593002045154571
11830,-0.5507508516311646,320.62054443359375,317.4260559082031,450.8619297572545,0.5507508516311646,0.5506595373153687,0.004019561689347029,0.5447731745243073,0.5451659888029099,0.5460204601287841,0.5479461699724197,0.5506595373153687,0.5526942163705826,0.5563253998756409,0.5579268306493759,0.5593002045154571
11921,-0.5507580041885376,320.5251159667969,318.55474853515625,450.08324759347096,0.5507580041885376,0.5506595373153687,0.004016822203993797,0.5447731745243073,0.5451659888029099,0.5460204601287841,0.5479461699724197,0.5506595373153687,0.5526942163705826,0.5563253998756409,0.5579268306493759,0.5593002045154571
12012,-0.5507923364639282,320.3921813964844,319.642822265625,449.27478463309154,0.5507923364639282,0.5507004857063293,0.004011007025837898,0.5447731745243073,0.5451659888029099,0.5460204601287841,0.5480013191699982,0.5507004857063293,0.5526942163705826,0.5563253998756409,0.5579268306493759,0.5593002045154571
12103,-0.5508632063865662,320.22320556640625,320.7008056640625,448.4205889020647,0.5508631467819214,0.5507004857063293,0.003959024790674448,0.5447731745243073,0.5451659888029099,0.5461754918098449,0.5481152534484863,0.5507004857063293,0.5526942163705826,0.5563253998756409,0.5579268306493759,0.5593002045154571
12194,-0.5508745312690735,320.0798645019531,321.8981628417969,447.54039219447543,0.5508745312690735,0.5507004857063293,0.003946585580706596,0.5447731745243073,0.5451659888029099,0.546436870098114,0.5481152534484863,0.5507004857063293,0.5526942163705826,0.5563253998756409,0.5579268306493759,0.5593002045154571
12285,-0.5509998202323914,319.9261474609375,322.8905334472656,446.7455575125558,0.5509998202323914,0.5507559180259705,0.003987116739153862,0.5447731745243073,0.5451659888029099,0.546436870098114,0.5481851398944855,0.5507559180259705,0.553045928478241,0.5565446078777313,0.5579268306493759,0.5593002045154571
12376,-0.551042377948761,319.78094482421875,324.03387451171875,445.88407244001115,0.551042377948761,0.5508477091789246,0.003975116182118654,0.5447731745243073,0.5451659888029099,0.546436870098114,0.548213928937912,0.5508477091789246,0.553045928478241,0.5565446078777313,0.5579268306493759,0.5593002045154571
12467,-0.5511123538017273,319.616455078125,325.0803527832031,445.02122279575894,0.5511123538017273,0.5508477091789246,0.004025555215775967,0.5447731745243073,0.5451659888029099,0.546436870098114,0.548213928937912,0.5508477091789246,0.5533612966537476,0.5567192256450653,0.5579268306493759,0.5593002045154571
12558,-0.5511123538017273,319.4816589355469,326.2622375488281,444.15930611746654,0.5511123538017273,0.5508477091789246,0.004025555215775967,0.5447731745243073,0.5451659888029099,0.546436870098114,0.548213928937912,0.5508477091789246,0.5533612966537476,0.5567192256450653,0.5579268306493759,0.5593002045154571
12649,-0.5511123538017273,319.3327941894531,327.392578125,443.2789045061384,0.5511123538017273,0.5508477091789246,0.004025555215775967,0.5447731745243073,0.5451659888029099,0.546436870098114,0.548213928937912,0.5508477091789246,0.5533612966537476,0.5567192256450653,0.5579268306493759,0.5593002045154571
12740,-0.5511451959609985,319.1513366699219,328.3650817871094,442.4228820800781,0.5511451959609985,0.5508477091789246,0.003998730331659317,0.5447731745243073,0.5451659888029099,0.546436870098114,0.5482610017061234,0.5508477091789246,0.5533612966537476,0.5567192256450653,0.5579268306493759,0.5593002045154571
12831,-0.5511515140533447,318.98345947265625,329.4322814941406,441.54554530552457,0.5511515736579895,0.5508477091789246,0.003995111212134361,0.5447731745243073,0.5451659888029099,0.546436870098114,0.5482610017061234,0.5508477091789246,0.5533612966537476,0.5567192256450653,0.5579268306493759,0.5593002045154571
12922,-0.5511515140533447,318.8022766113281,330.36968994140625,440.7115042550223,0.5511515736579895,0.5508477091789246,0.003995111212134361,0.5447731745243073,0.5451659888029099,0.546436870098114,0.5482610017061234,0.5508477091789246,0.5533612966537476,0.5567192256450653,0.5579268306493759,0.5593002045154571
13013,-0.5511515140533447,318.6505126953125,331.3603210449219,439.90899658203125,0.5511515736579895,0.5508477091789246,0.003995111212134361,0.5447731745243073,0.5451659888029099,0.546436870098114,0.5482610017061234,0.5508477091789246,0.5533612966537476,0.5567192256450653,0.5579268306493759,0.5593002045154571
13104,-0.5512157082557678,318.5139465332031,332.4166259765625,439.08272443498885,0.551215648651123,0.5509572923183441,0.003954987972974777,0.5449275326728821,0.5453232407569886,0.5468607902526855,0.5482610017061234,0.5509572923183441,0.5533612966537476,0.5567192256450653,0.5579268306493759,0.5593002045154571
13195,-0.5512157082557678,318.3570251464844,333.41448974609375,438.2393886021205,0.551215648651123,0.5509572923183441,0.003954987972974777,0.5449275326728821,0.5453232407569886,0.5468607902526855,0.5482610017061234,0.5509572923183441,0.5533612966537476,0.5567192256450653,0.5579268306493759,0.5593002045154571
13286,-0.5512601733207703,318.22418212890625,334.40087890625,437.4469517299107,0.5512601733207703,0.5510238111019135,0.003964914474636316,0.5449275326728821,0.5453232407569886,0.5468607902526855,0.5482610017061234,0.5510238111019135,0.5537462532520294,0.5567192256450653,0.5579268306493759,0.5593002045154571
13377,-0.5512601733207703,318.0922546386719,335.3809509277344,436.66023908342635,0.5512601733207703,0.5510238111019135,0.003964914474636316,0.5449275326728821,0.5453232407569886,0.5468607902526855,0.5482610017061234,0.5510238111019135,0.5537462532520294,0.5567192256450653,0.5579268306493759,0.5593002045154571
13468,-0.5512601733207703,317.93707275390625,336.3955993652344,435.81827218191967,0.5512601733207703,0.5510238111019135,0.003964914474636316,0.5449275326728821,0.5453232407569886,0.5468607902526855,0.5482610017061234,0.5510238111019135,0.5537462532520294,0.5567192256450653,0.5579268306493759,0.5593002045154571
13559,-0.5512601733207703,317.7720031738281,337.3928527832031,434.9526672363281,0.5512601733207703,0.5510238111019135,0.003964914474636316,0.5449275326728821,0.5453232407569886,0.5468607902526855,0.5482610017061234,0.5510238111019135,0.5537462532520294,0.5567192256450653,0.5579268306493759,0.5593002045154571
13650,-0.5512601733207703,317.6106262207031,338.4027404785156,434.0880693708147,0.5512601733207703,0.5510238111019135,0.003964914474636316,0.5449275326728821,0.5453232407569886,0.5468607902526855,0.5482610017061234,0.5510238111019135,0.5537462532520294,0.5567192256450653,0.5579268306493759,0.5593002045154571
13741,-0.5512601733207703,317.477783203125,339.40478515625,433.2803737095424,0.5512601733207703,0.5510238111019135,0.003964914474636316,0.5449275326728821,0.5453232407569886,0.5468607902526855,0.5482610017061234,0.5510238111019135,0.5537462532520294,0.5567192256450653,0.5579268306493759,0.5593002045154571
13832,-0.5512620210647583,317.31121826171875,340.4393310546875,432.39505876813615,0.5512620210647583,0.5510238111019135,0.003962292801588774,0.5449275326728821,0.5453232407569886,0.5468607902526855,0.5482610017061234,0.5510238111019135,0.5537462532520294,0.5567192256450653,0.5579268306493759,0.5593002045154571
13923,-0.5512704253196716,317.20758056640625,341.5282897949219,431.5619158063616,0.5512703657150269,0.5510238111019135,0.003964480012655258,0.5449275326728821,0.5453232407569886,0.5468607902526855,0.5482610017061234,0.5510238111019135,0.5537462532520294,0.5567192256450653,0.5579268306493759,0.5593002045154571
14014,-0.5514016151428223,317.0278625488281,342.4729919433594,430.70360020228793,0.5514016151428223,0.5511855781078339,0.003960167523473501,0.5449275326728821,0.5453232407569886,0.5468607902526855,0.5483532845973969,0.5511855781078339,0.5537957847118378,0.5567192256450653,0.5579268306493759,0.5593002045154571
14105,-0.5514016151428223,316.8582763671875,343.3879699707031,429.8676234654018,0.5514016151428223,0.5511855781078339,0.003960167523473501,0.5449275326728821,0.5453232407569886,0.5468607902526855,0.5483532845973969,0.5511855781078339,0.5537957847118378,0.5567192256450653,0.5579268306493759,0.5593002045154571
14196,-0.5514219999313354,316.7042541503906,344.3977355957031,428.99572317940846,0.5514219999313354,0.5511855781078339,0.003932134248316288,0.5449275326728821,0.5456520736217498,0.5468945860862732,0.5483532845973969,0.5511855781078339,0.5537957847118378,0.5567192256450653,0.5579268306493759,0.5593002045154571
14287,-0.5514569282531738,316.56427001953125,345.418701171875,428.1444745744978,0.5514569282531738,0.5511855781078339,0.003910360392183065,0.5449275326728821,0.5456520736217498,0.5468945860862732,0.5485551804304123,0.5511855781078339,0.5537957847118378,0.5567192256450653,0.5579268306493759,0.5593002045154571
14378,-0.5514898896217346,316.4821472167969,346.4989929199219,427.3617030552455,0.5514899492263794,0.5511855781078339,0.0038944329135119915,0.5449275326728821,0.5456520736217498,0.5468945860862732,0.5488089472055435,0.5511855781078339,0.5537957847118378,0.5567192256450653,0.5579268306493759,0.5593002045154571
14469,-0.5514994263648987,316.3426208496094,347.47198486328125,426.5289786202567,0.5514994263648987,0.5511855781078339,0.003883040975779295,0.5449275326728821,0.5456520736217498,0.5469744861125946,0.5488089472055435,0.5511855781078339,0.5537957847118378,0.5567192256450653,0.5579268306493759,0.5593002045154571
14560,-0.5515703558921814,316.20477294921875,348.451171875,425.68772670200894,0.5515703558921814,0.5511855781078339,0.003996472340077162,0.5449275326728821,0.5456520736217498,0.5469744861125946,0.5488089472055435,0.5511855781078339,0.5537957847118378,0.556788444519043,0.5585915118455886,0.5599789786338806
14651,-0.5515894293785095,316.03509521484375,349.39544677734375,424.816903250558,0.5515893697738647,0.5512665808200836,0.003991239704191685,0.5449275326728821,0.5456520736217498,0.5469744861125946,0.5488089472055435,0.5512665808200836,0.5537957847118378,0.556788444519043,0.5585915118455886,0.5599789786338806
14742,-0.5515894293785095,315.87945556640625,350.3479309082031,423.94430106026783,0.5515893697738647,0.5512665808200836,0.003991239704191685,0.5449275326728821,0.5456520736217498,0.5469744861125946,0.5488089472055435,0.5512665808200836,0.5537957847118378,0.556788444519043,0.5585915118455886,0.5599789786338806
14833,-0.5516476631164551,315.73785400390625,351.3319091796875,423.0992344447545,0.5516476631164551,0.5512665808200836,0.003929113503545523,0.5450814759731293,0.5461606860160828,0.5472025454044342,0.5489763021469116,0.5512665808200836,0.5537957847118378,0.556788444519043,0.5585915118455886,0.5599789786338806
14924,-0.5516685843467712,315.6132507324219,352.35321044921875,422.251473563058,0.5516685247421265,0.5512665808200836,0.003920250106602907,0.5450814759731293,0.5461606860160828,0.5472025454044342,0.5489763021469116,0.5512665808200836,0.5537957847118378,0.556788444519043,0.5585915118455886,0.5599789786338806
15015,-0.5517086982727051,315.4656982421875,353.3357238769531,421.38643537248885,0.5517086982727051,0.5513382256031036,0.003901283023878932,0.5450814759731293,0.5461606860160828,0.5472025454044342,0.5493757873773575,0.5513382256031036,0.5537957847118378,0.556788444519043,0.5585915118455886,0.5599789786338806
15106,-0.5517086982727051,315.32080078125,354.3595275878906,420.48704746791293,0.5517086982727051,0.5513382256031036,0.003901283023878932,0.5450814759731293,0.5461606860160828,0.5472025454044342,0.5493757873773575,0.5513382256031036,0.5537957847118378,0.556788444519043,0.5585915118455886,0.5599789786338806
15197,-0.55171799659729,315.1712646484375,355.3143615722656,419.62918962751115,0.5517179369926453,0.5513382256031036,0.003895734902471304,0.5450814759731293,0.5461606860160828,0.5472025454044342,0.5495895147323608,0.5513382256031036,0.5537957847118378,0.556788444519043,0.5585915118455886,0.5599789786338806
15288,-0.55171799659729,314.9971008300781,356.1826477050781,418.7732456752232,0.5517179369926453,0.5513382256031036,0.003895734902471304,0.5450814759731293,0.5461606860160828,0.5472025454044342,0.5495895147323608,0.5513382256031036,0.5537957847118378,0.556788444519043,0.5585915118455886,0.5599789786338806
15379,-0.55171799659729,314.8825988769531,357.1156311035156,417.9789254324777,0.5517179369926453,0.5513382256031036,0.003895734902471304,0.5450814759731293,0.5461606860160828,0.5472025454044342,0.5495895147323608,0.5513382256031036,0.5537957847118378,0.556788444519043,0.5585915118455886,0.5599789786338806
15470,-0.55171799659729,314.7308044433594,358.0583190917969,417.10231236049106,0.5517179369926453,0.5513382256031036,0.003895734902471304,0.5450814759731293,0.5461606860160828,0.5472025454044342,0.5495895147323608,0.5513382256031036,0.5537957847118378,0.556788444519043,0.5585915118455886,0.5599789786338806
15561,-0.5518336296081543,314.55718994140625,358.9546203613281,416.2012154715402,0.5518336296081543,0.5513933300971985,0.004006502218544483,0.5450814759731293,0.5461606860160828,0.5472025454044342,0.5495895147323608,0.5513933300971985,0.5539210140705109,0.5571033895015717,0.5591871351003647,0.5603899896144867
15652,-0.5518389940261841,314.3876647949219,359.83282470703125,415.33011300223217,0.5518389344215393,0.5513933300971985,0.004004032351076603,0.5450814759731293,0.5461606860160828,0.5472025454044342,0.5495895147323608,0.5513933300971985,0.5539210140705109,0.5571033895015717,0.5591871351003647,0.5603899896144867
15743,-0.5518389940261841,314.2738342285156,360.7957763671875,414.4976109095982,0.5518389344215393,0.5513933300971985,0.004004032351076603,0.5450814759731293,0.5461606860160828,0.5472025454044342,0.5495895147323608,0.5513933300971985,0.5539210140705109,0.5571033895015717,0.5591871351003647,0.5603899896144867
15834,-0.5518479347229004,314.1287841796875,361.7021789550781,413.6620788574219,0.5518478751182556,0.5514009892940521,0.004002413246780634,0.5450814759731293,0.5461606860160828,0.5472025454044342,0.5495895147323608,0.5514009892940521,0.5539210140705109,0.5571033895015717,0.5591871351003647,0.5603899896144867
15925,-0.5518479347229004,313.9767150878906,362.6827087402344,412.7508632114955,0.5518478751182556,0.5514009892940521,0.004002413246780634,0.5450814759731293,0.5461606860160828,0.5472025454044342,0.5495895147323608,0.5514009892940521,0.5539210140705109,0.5571033895015717,0.5591871351003647,0.5603899896144867
16016,-0.5519048571586609,313.8204650878906,363.6024475097656,411.8876473563058,0.5519047975540161,0.5514009892940521,0.004103008192032576,0.5450814759731293,0.5461606860160828,0.5472025454044342,0.5495895147323608,0.5514009892940521,0.5539210140705109,0.5576477646827698,0.5595128804445266,0.56094158411026
16107,-0.5519048571586609,313.6910095214844,364.4973449707031,411.0620814732143,0.5519047975540161,0.5514009892940521,0.004103008192032576,0.5450814759731293,0.5461606860160828,0.5472025454044342,0.5495895147323608,0.5514009892940521,0.5539210140705109,0.5576477646827698,0.5595128804445266,0.56094158411026
16198,-0.5519048571586609,313.5307922363281,365.3695068359375,410.2199271065848,0.5519047975540161,0.5514009892940521,0.004103008192032576,0.5450814759731293,0.5461606860160828,0.5472025454044342,0.5495895147323608,0.5514009892940521,0.5539210140705109,0.5576477646827698,0.5595128804445266,0.56094158411026
16289,-0.5519048571586609,313.36663818359375,366.20172119140625,409.369393484933,0.5519047975540161,0.5514009892940521,0.004103008192032576,0.5450814759731293,0.5461606860160828,0.5472025454044342,0.5495895147323608,0.5514009892940521,0.5539210140705109,0.5576477646827698,0.5595128804445266,0.56094158411026
16380,-0.5519928336143494,313.2226867675781,367.0374755859375,408.52896990094865,0.5519927740097046,0.5514043867588043,0.004120766185224056,0.5450814759731293,0.5461606860160828,0.5472025454044342,0.5495895147323608,0.5514043867588043,0.55402010679245,0.5576477646827698,0.5595128804445266,0.56094158411026
16471,-0.5520193576812744,313.101806640625,368.0136413574219,407.64901297433033,0.5520192980766296,0.5514043867588043,0.004095176234841347,0.5450814759731293,0.5461606860160828,0.5474614500999451,0.5495895147323608,0.5514043867588043,0.55402010679245,0.5576477646827698,0.5595128804445266,0.56094158411026
16562,-0.5520529747009277,312.9226379394531,368.925048828125,406.71719796316967,0.5520529747009277,0.5514256358146667,0.0041000922210514545,0.5450814759731293,0.5461606860160828,0.5474614500999451,0.5495895147323608,0.5514256358146667,0.55402010679245,0.5576477646827698,0.5595128804445266,0.56094158411026
16653,-0.5520529747009277,312.790771484375,369.8538513183594,405.8530796595982,0.5520529747009277,0.5514256358146667,0.0041000922210514545,0.5450814759731293,0.5461606860160828,0.5474614500999451,0.5495895147323608,0.5514256358146667,0.55402010679245,0.5576477646827698,0.5595128804445266,0.56094158411026
16744,-0.5520567297935486,312.652099609375,370.74493408203125,405.0032217843192,0.5520566701889038,0.5514256358146667,0.004091758280992508,0.5450814759731293,0.5461606860160828,0.5474614500999451,0.5495895147323608,0.5514256358146667,0.55402010679245,0.5576477646827698,0.5595128804445266,0.56094158411026
16835,-0.5520567297935486,312.5315246582031,371.66278076171875,404.1592799595424,0.5520566701889038,0.5514256358146667,0.004091758280992508,0.5450814759731293,0.5461606860160828,0.5474614500999451,0.5495895147323608,0.5514256358146667,0.55402010679245,0.5576477646827698,0.5595128804445266,0.56094158411026
16926,-0.5520750880241394,312.3868408203125,372.6056213378906,403.25901576450894,0.5520750284194946,0.5514256358146667,0.004136278294026852,0.5450814759731293,0.5461606860160828,0.5474614500999451,0.5495895147323608,0.5514256358146667,0.55402010679245,0.5576477646827698,0.5595128804445266,0.5615580701828004
17017,-0.5520955920219421,312.2426452636719,373.53289794921875,402.3795471191406,0.5520955324172974,0.5514256358146667,0.004133132752031088,0.5450814759731293,0.5461606860160828,0.5474614500999451,0.5495895147323608,0.5514256358146667,0.55402010679245,0.5576477646827698,0.5595128804445266,0.5615580701828004
17108,-0.5521089434623718,312.0636291503906,374.36407470703125,401.4824654715402,0.5521089434623718,0.5514256358146667,0.004138531628996134,0.5450814759731293,0.5461606860160828,0.5474614500999451,0.5495895147323608,0.5514256358146667,0.5541806519031525,0.5576477646827698,0.5595128804445266,0.5615580701828004
17199,-0.5521432757377625,311.948974609375,375.2746887207031,400.6499590192522,0.5521432757377625,0.5514256358146667,0.004096151329576969,0.5450814759731293,0.5467718362808227,0.5476491808891296,0.5495895147323608,0.5514256358146667,0.5541806519031525,0.5576477646827698,0.5595128804445266,0.5615580701828004
17290,-0.5521462559700012,311.824462890625,376.1234436035156,399.8139910016741,0.5521462559700012,0.5514256358146667,0.0040935007855296135,0.5450814759731293,0.5467718362808227,0.5476491808891296,0.5495895147323608,0.5514256358146667,0.5541806519031525,0.5576477646827698,0.5595128804445266,0.5615580701828004
17381,-0.5521462559700012,311.65142822265625,376.9485168457031,398.9038565499442,0.5521462559700012,0.5514256358146667,0.0040935007855296135,0.5450814759731293,0.5467718362808227,0.5476491808891296,0.5495895147323608,0.5514256358146667,0.5541806519031525,0.5576477646827698,0.5595128804445266,0.5615580701828004
17472,-0.5521462559700012,311.4973449707031,377.87542724609375,397.97428240094865,0.5521462559700012,0.5514256358146667,0.0040935007855296135,0.5450814759731293,0.5467718362808227,0.5476491808891296,0.5495895147323608,0.5514256358146667,0.5541806519031525,0.5576477646827698,0.5595128804445266,0.5615580701828004
17563,-0.5521640777587891,311.3341064453125,378.69647216796875,397.0843244280134,0.5521640777587891,0.5514256358146667,0.004076262470334768,0.5450814759731293,0.5467718362808227,0.5477252960205078,0.5495895147323608,0.5514256358146667,0.5541806519031525,0.5576477646827698,0.5595128804445266,0.5615580701828004
17654,-0.5521640777587891,311.1618957519531,379.4956970214844,396.19744873046875,0.5521640777587891,0.5514256358146667,0.004076262470334768,0.5450814759731293,0.5467718362808227,0.5477252960205078,0.5495895147323608,0.5514256358146667,0.5541806519031525,0.5576477646827698,0.5595128804445266,0.5615580701828004
17745,-0.5521885752677917,310.9800109863281,380.2779541015625,395.3093741280692,0.552188515663147,0.5514256358146667,0.004037274047732353,0.545827329158783,0.5467972666025162,0.5477252960205078,0.5495895147323608,0.5514256358146667,0.5541806519031525,0.5576477646827698,0.5595128804445266,0.5615580701828004
17836,-0.5522195100784302,310.84625244140625,381.1690368652344,394.44491141183033,0.5522194504737854,0.5514602661132812,0.004035614896565676,0.545827329158783,0.5467972666025162,0.5477252960205078,0.5495895147323608,0.5514602661132812,0.5541806519031525,0.5576477646827698,0.5595128804445266,0.5615580701828004
17927,-0.5522195100784302,310.7250671386719,382.0508728027344,393.58421543666293,0.5522194504737854,0.5514602661132812,0.004035614896565676,0.545827329158783,0.5467972666025162,0.5477252960205078,0.5495895147323608,0.5514602661132812,0.5541806519031525,0.5576477646827698,0.5595128804445266,0.5615580701828004
18018,-0.5523436665534973,310.59747314453125,382.960693359375,392.7049255371094,0.5523436665534973,0.5514602661132812,0.003899861127138138,0.5461682331562042,0.5468996942043305,0.5477995634078979,0.5498383641242981,0.5514602661132812,0.5541806519031525,0.5576477646827698,0.5595128804445266,0.5615580701828004
18109,-0.552378237247467,310.4381103515625,383.7268981933594,391.859366280692,0.5523781776428223,0.55152827501297,0.0038777498994022608,0.5461682331562042,0.5468996942043305,0.5477995634078979,0.5498952865600586,0.55152827501297,0.5541806519031525,0.5576477646827698,0.5595128804445266,0.5615580701828004
18200,-0.552406907081604,310.27618408203125,384.6013488769531,390.92376708984375,0.5524068474769592,0.55152827501297,0.0038524530827999115,0.5461682331562042,0.5468996942043305,0.5477995634078979,0.5499215126037598,0.55152827501297,0.5541806519031525,0.5576477646827698,0.5595128804445266,0.5615580701828004
18291,-0.5525363683700562,310.09893798828125,385.4678955078125,389.9658508300781,0.5525363683700562,0.5515826642513275,0.003832342801615596,0.5462305641174316,0.5472109138965606,0.548353785276413,0.5499786585569382,0.5515826642513275,0.5543584674596786,0.5576477646827698,0.5595128804445266,0.5615580701828004
18382,-0.5525653958320618,309.9313049316406,386.29248046875,389.0274440220424,0.5525653958320618,0.5515922605991364,0.0038027733098715544,0.5466252493858338,0.5472109138965606,0.548353785276413,0.5499786585569382,0.5515922605991364,0.5543584674596786,0.5576477646827698,0.5595128804445266,0.5615580701828004
18473,-0.5525814890861511,309.8124694824219,387.1586608886719,388.1634041922433,0.5525814890861511,0.5516857504844666,0.0037987539544701576,0.5466252493858338,0.5472109138965606,0.548353785276413,0.5499786585569382,0.5516857504844666,0.5543584674596786,0.5576477646827698,0.5595128804445266,0.5615580701828004
18564,-0.5526278614997864,309.62322998046875,388.0297546386719,387.158211844308,0.5526278614997864,0.5516857504844666,0.003809378482401371,0.5466252493858338,0.5472109138965606,0.548353785276413,0.5499786585569382,0.5516857504844666,0.5547805279493332,0.5576477646827698,0.5595128804445266,0.5615580701828004
18655,-0.5526278614997864,309.4634704589844,388.83233642578125,386.2694745744978,0.5526278614997864,0.5516857504844666,0.003809378482401371,0.5466252493858338,0.5472109138965606,0.548353785276413,0.5499786585569382,0.5516857504844666,0.5547805279493332,0.5576477646827698,0.5595128804445266,0.5615580701828004
18746,-0.552649199962616,309.2926940917969,389.5901184082031,385.3773716517857,0.5526491403579712,0.5516857504844666,0.003793262643739581,0.5466252493858338,0.5472109138965606,0.548353785276413,0.5500057190656662,0.5516857504844666,0.5547805279493332,0.5576477646827698,0.5595128804445266,0.5615580701828004
18837,-0.5526962876319885,309.1190185546875,390.3591613769531,384.4820643833705,0.5526962280273438,0.5518048107624054,0.0037599802017211914,0.5466252493858338,0.5472109138965606,0.5488282322883606,0.5501461625099182,0.5518048107624054,0.5547805279493332,0.5576477646827698,0.5595128804445266,0.5615580701828004
18928,-0.5526962876319885,309.00054931640625,391.2559509277344,383.59088134765625,0.5526962280273438,0.5518048107624054,0.0037599802017211914,0.5466252493858338,0.5472109138965606,0.5488282322883606,0.5501461625099182,0.5518048107624054,0.5547805279493332,0.5576477646827698,0.5595128804445266,0.5615580701828004
19019,-0.5528618693351746,308.84979248046875,392.0925598144531,382.6694859095982,0.5528618097305298,0.5520107448101044,0.003643732750788331,0.5468618941307067,0.5476451396942139,0.5490830719470978,0.5503538101911545,0.5520107448101044,0.5547805279493332,0.5576477646827698,0.5595128804445266,0.5615580701828004
19110,-0.5530006289482117,308.66265869140625,392.8288879394531,381.7339521135603,0.5530005693435669,0.5520107448101044,0.003681166796013713,0.5468618941307067,0.5478000998497009,0.5492128133773804,0.5505604892969131,0.5520107448101044,0.555572047829628,0.5579602062702179,0.5600685358047486,0.5615580701828004
19201,-0.5530006289482117,308.5242614746094,393.6224365234375,380.8536638532366,0.5530005693435669,0.5520107448101044,0.003681166796013713,0.5468618941307067,0.5478000998497009,0.5492128133773804,0.5505604892969131,0.5520107448101044,0.555572047829628,0.5579602062702179,0.5600685358047486,0.5615580701828004
19292,-0.5530006289482117,308.3240051269531,394.3409729003906,379.9180908203125,0.5530005693435669,0.5520107448101044,0.003681166796013713,0.5468618941307067,0.5478000998497009,0.5492128133773804,0.5505604892969131,0.5520107448101044,0.555572047829628,0.5579602062702179,0.5600685358047486,0.5615580701828004
19383,-0.5530052185058594,308.15338134765625,395.1383056640625,378.9813319614955,0.5530051589012146,0.5520107448101044,0.0036769977305084467,0.5468618941307067,0.5478000998497009,0.5492128133773804,0.5505604892969131,0.5520107448101044,0.555572047829628,0.5579602062702179,0.5600685358047486,0.5615580701828004
19474,-0.5531176924705505,307.99151611328125,395.9751281738281,378.0338570731027,0.5531176328659058,0.552242785692215,0.0036287240218371153,0.5468618941307067,0.5478000998497009,0.549699604511261,0.550739124417305,0.552242785692215,0.555572047829628,0.5579602062702179,0.5600685358047486,0.5615580701828004
19565,-0.5532143712043762,307.81109619140625,396.8207702636719,377.0383867536272,0.5532143712043762,0.5523124039173126,0.0036277729086577892,0.5468618941307067,0.5483841568231582,0.5497264742851258,0.550739124417305,0.5523124039173126,0.5555827617645264,0.5579602062702179,0.5600685358047486,0.5615580701828004
19656,-0.553215742111206,307.6872863769531,397.6829833984375,376.13797869001115,0.5532156825065613,0.5523442625999451,0.003627412486821413,0.5468618941307067,0.5483841568231582,0.5497264742851258,0.550739124417305,0.5523442625999451,0.5555827617645264,0.5579602062702179,0.5600685358047486,0.5615580701828004
19747,-0.5532533526420593,307.5426940917969,398.4891357421875,375.22520664760043,0.5532532930374146,0.5524781048297882,0.003618685295805335,0.5468618941307067,0.5483841568231582,0.5497264742851258,0.550739124417305,0.5524781048297882,0.5555827617645264,0.5579602062702179,0.5600685358047486,0.5615580701828004
19838,-0.5534674525260925,307.3806457519531,399.26544189453125,374.31993321010043,0.5534674525260925,0.553064614534378,0.003536442294716835,0.548159407377243,0.5491534888744354,0.5498556733131409,0.5508670508861542,0.553064614534378,0.5557306259870529,0.5585478782653809,0.5600685358047486,0.5615580701828004
19929,-0.55353182554245,307.19158935546875,400.0215759277344,373.37442888532365,0.55353182554245,0.5531850159168243,0.003468568902462721,0.5488146841526031,0.5492214143276215,0.5499009490013123,0.5509065985679626,0.5531850159168243,0.5557306259870529,0.5585478782653809,0.5600685358047486,0.5615580701828004
20020,-0.5535804629325867,307.0000915527344,400.7532653808594,372.43175833565846,0.5535804629325867,0.5531850159168243,0.003441442735493183,0.5488446223735809,0.5494801163673401,0.5499248743057251,0.5509838610887527,0.5531850159168243,0.5557306259870529,0.5585478782653809,0.5600685358047486,0.5615580701828004
20111,-0.5536388754844666,306.85394287109375,401.5323181152344,371.5234854561942,0.5536388754844666,0.5532715320587158,0.003435267833992839,0.5488446223735809,0.5494801163673401,0.5499248743057251,0.5510528236627579,0.5532715320587158,0.5557306259870529,0.5585478782653809,0.5600685358047486,0.5615580701828004
20202,-0.5537527203559875,306.6562194824219,402.2758483886719,370.5542428152902,0.5537527203559875,0.5532715320587158,0.0035702132154256105,0.5488446223735809,0.5494801163673401,0.5499248743057251,0.5510528236627579,0.5532715320587158,0.5563023835420609,0.5586220562458039,0.5602103620767593,0.5624783766269684
20293,-0.5538740754127502,306.53759765625,403.117431640625,369.66947283063615,0.5538740754127502,0.5533902049064636,0.003669990226626396,0.5488446223735809,0.5494801163673401,0.5499363422393799,0.5510774403810501,0.5533902049064636,0.5563213527202606,0.5592024147510528,0.5607509046792984,0.5624988079071045
20384,-0.5539602637290955,306.3803405761719,403.97174072265625,368.7110813685826,0.5539602041244507,0.5535494685173035,0.003634863533079624,0.5488446223735809,0.5494801163673401,0.5499363422393799,0.5512374937534332,0.5535494685173035,0.5563213527202606,0.5592024147510528,0.5607509046792984,0.5624988079071045
20475,-0.5540291666984558,306.2109375,404.7048034667969,367.78138950892856,0.5540291666984558,0.5536312162876129,0.003601635340601206,0.5488446223735809,0.5498350381851196,0.5500018477439881,0.5513427704572678,0.5536312162876129,0.5563213527202606,0.5592024147510528,0.5607509046792984,0.5624988079071045
20566,-0.5540491938591003,306.0525207519531,405.5289001464844,366.7993382045201,0.5540491342544556,0.5536312162876129,0.003583882935345173,0.5488446223735809,0.5498350381851196,0.5500018477439881,0.5513835698366165,0.5536312162876129,0.5563213527202606,0.5592024147510528,0.5607509046792984,0.5624988079071045
20657,-0.5540498495101929,305.8686218261719,406.2276916503906,365.8464093889509,0.5540497899055481,0.5536312162876129,0.003582875244319439,0.548866251707077,0.5498350381851196,0.5500018477439881,0.5513835698366165,0.5536312162876129,0.5563213527202606,0.5592024147510528,0.5607509046792984,0.5624988079071045
20748,-0.5542270541191101,305.6705017089844,407.0300598144531,364.8075910295759,0.5542270541191101,0.5537527799606323,0.00352244614623487,0.5491959643363953,0.5499028265476227,0.5501735925674438,0.5514885485172272,0.5537527799606323,0.5563964545726776,0.5592024147510528,0.5607509046792984,0.5624988079071045
20839,-0.5542675852775574,305.51873779296875,407.86175537109375,363.8164760044643,0.5542675852775574,0.553778201341629,0.0035320569295436144,0.5491959643363953,0.5499028265476227,0.5501735925674438,0.5514885485172272,0.553778201341629,0.5564748346805573,0.5592024147510528,0.5607509046792984,0.5624988079071045
20930,-0.5542914271354675,305.3415832519531,408.6194152832031,362.84352329799106,0.5542913675308228,0.553778201341629,0.003517834935337305,0.5491959643363953,0.5499028265476227,0.5501735925674438,0.5515580475330353,0.553778201341629,0.5564748346805573,0.5592024147510528,0.5607509046792984,0.5624988079071045
21021,-0.554367184638977,305.1675109863281,409.3885498046875,361.85819353376115,0.554367184638977,0.553844690322876,0.0035221888683736324,0.5491959643363953,0.5499028265476227,0.5501735925674438,0.5515724420547485,0.553844690322876,0.5565706193447113,0.5592024147510528,0.5607509046792984,0.5624988079071045
21112,-0.5544284582138062,305.0017395019531,410.08416748046875,360.943359375,0.5544284582138062,0.5539385974407196,0.003501160768792033,0.5491959643363953,0.5499028265476227,0.5501735925674438,0.5516526848077774,0.5539385974407196,0.5565706193447113,0.5592024147510528,0.5607509046792984,0.5624988079071045
21203,-0.5545453429222107,304.7735900878906,410.77520751953125,359.8982413155692,0.5545452833175659,0.5539385974407196,0.0035186598543077707,0.5495684981346131,0.5499259948730468,0.550574254989624,0.5517469495534897,0.5539385974407196,0.5567076951265335,0.5595359385013581,0.5609239488840103,0.5624988079071045
21294,-0.5546302795410156,304.6121826171875,411.5425720214844,358.93697248186385,0.5546302199363708,0.5540597438812256,0.00349171063862741,0.5495684981346131,0.5499259948730468,0.5506771981716156,0.5518210083246231,0.5540597438812256,0.5567076951265335,0.5595359385013581,0.5609239488840103,0.5624988079071045
21385,-0.5546302795410156,304.41217041015625,412.2854309082031,357.91331263950894,0.5546302199363708,0.5540597438812256,0.00349171063862741,0.5495684981346131,0.5499259948730468,0.5506771981716156,0.5518210083246231,0.5540597438812256,0.5567076951265335,0.5595359385013581,0.5609239488840103,0.5624988079071045
21476,-0.5546327829360962,304.2386169433594,413.0119934082031,356.93941824776783,0.5546327829360962,0.5540597438812256,0.003491024486720562,0.5495684981346131,0.5499259948730468,0.5506771981716156,0.5518210083246231,0.5540597438812256,0.5567076951265335,0.5595359385013581,0.5609239488840103,0.5624988079071045
21567,-0.5546442866325378,304.0668640136719,413.87908935546875,355.88010951450894,0.5546442270278931,0.5540597438812256,0.003481675870716572,0.5495684981346131,0.5499259948730468,0.5506771981716156,0.5518893301486969,0.5540597438812256,0.5567076951265335,0.5595359385013581,0.5609239488840103,0.5624988079071045
21658,-0.5547041893005371,303.9316711425781,414.6347351074219,354.9542759486607,0.5547041893005371,0.5540597438812256,0.003434780053794384,0.5495684981346131,0.5499259948730468,0.5507470548152924,0.5521139055490494,0.5540597438812256,0.5567076951265335,0.5595359385013581,0.5609239488840103,0.5624988079071045
21749,-0.5547795295715332,303.7705383300781,415.39276123046875,353.96270751953125,0.554779589176178,0.5543403029441833,0.0034088182728737593,0.549590277671814,0.549936854839325,0.5507470548152924,0.552240252494812,0.5543403029441833,0.5567076951265335,0.5595359385013581,0.5609239488840103,0.5624988079071045
21840,-0.5547795295715332,303.6212158203125,416.22247314453125,352.9773167201451,0.554779589176178,0.5543403029441833,0.0034088182728737593,0.549590277671814,0.549936854839325,0.5507470548152924,0.552240252494812,0.5543403029441833,0.5567076951265335,0.5595359385013581,0.5609239488840103,0.5624988079071045
21931,-0.5547991991043091,303.4331970214844,416.9786682128906,351.9494410923549,0.5547991991043091,0.5544390082359314,0.003401641035452485,0.549590277671814,0.549936854839325,0.5507470548152924,0.552240252494812,0.5544390082359314,0.5567076951265335,0.5595359385013581,0.5609239488840103,0.5624988079071045
22022,-0.5549381971359253,303.29052734375,417.7380065917969,350.9892839704241,0.5549381971359253,0.5545947253704071,0.0034657723736017942,0.549590277671814,0.549936854839325,0.5507470548152924,0.552240252494812,0.5545947253704071,0.5570480823516846,0.5595359385013581,0.5609239488840103,0.5624988079071045
22113,-0.555077075958252,303.16156005859375,418.5630798339844,350.02665056501115,0.5550771355628967,0.5547215938568115,0.0034379535354673862,0.549590277671814,0.5501791536808014,0.5510356068611145,0.5523143261671066,0.5547215938568115,0.5573371648788452,0.5595359385013581,0.5609239488840103,0.5624988079071045
22204,-0.5553783774375916,302.9709777832031,419.3707275390625,348.95518275669644,0.5553783178329468,0.5551454424858093,0.003568071173503995,0.549590277671814,0.5501791536808014,0.5512252390384674,0.5530742406845093,0.5551454424858093,0.5574379414319992,0.5600747227668762,0.562260064482689,0.5635666012763977
22295,-0.5555729269981384,302.8367614746094,420.1795959472656,347.96383231026783,0.5555728673934937,0.5552859306335449,0.0037135344464331865,0.549590277671814,0.5501791536808014,0.5512252390384674,0.5531254857778549,0.5552859306335449,0.5575810223817825,0.560685795545578,0.562317967414856,0.5646017515659332
22386,-0.5556503534317017,302.6993103027344,420.94049072265625,347.0096653529576,0.5556503534317017,0.5553574860095978,0.00368099263869226,0.549678772687912,0.5501791536808014,0.5512252390384674,0.5531401932239532,0.5553574860095978,0.5576695799827576,0.560685795545578,0.562317967414856,0.5646017515659332
22477,-0.555651843547821,302.52008056640625,421.64593505859375,346.00494384765625,0.555651843547821,0.5554170608520508,0.003680870169773698,0.549678772687912,0.5501791536808014,0.5512252390384674,0.5531401932239532,0.5554170608520508,0.5576695799827576,0.560685795545578,0.562317967414856,0.5646017515659332
22568,-0.5557439923286438,302.352783203125,422.3641662597656,345.01414271763394,0.5557439923286438,0.555501252412796,0.003682362614199519,0.5496977174282074,0.5504634499549865,0.5512252390384674,0.5532044321298599,0.555501252412796,0.5579593777656555,0.560685795545578,0.562317967414856,0.5646017515659332
22659,-0.5558724403381348,302.2047424316406,423.1219482421875,344.036376953125,0.5558724403381348,0.5556045472621918,0.0036023349966853857,0.5496977174282074,0.550550764799118,0.5514532685279846,0.553295373916626,0.5556045472621918,0.5579593777656555,0.560685795545578,0.562317967414856,0.5646017515659332
22750,-0.5558730363845825,302.01275634765625,423.84246826171875,342.990243094308,0.5558730363845825,0.5556045472621918,0.0036012744531035423,0.5497175192832947,0.550550764799118,0.5514532685279846,0.553295373916626,0.5556045472621918,0.5579593777656555,0.560685795545578,0.562317967414856,0.5646017515659332
22841,-0.5558971762657166,301.84295654296875,424.6636962890625,341.8849443708147,0.5558971166610718,0.5556045472621918,0.0035856023896485567,0.5497175192832947,0.550550764799118,0.5514532685279846,0.5533331632614136,0.5556045472621918,0.5579593777656555,0.560685795545578,0.562317967414856,0.5646017515659332
22932,-0.5560587048530579,301.635498046875,425.3627624511719,340.8047834123884,0.5560587048530579,0.5557030141353607,0.003560426412150264,0.5497175192832947,0.550550764799118,0.5515868425369262,0.553735613822937,0.5557030141353607,0.5583897531032562,0.560685795545578,0.562317967414856,0.5646017515659332
23023,-0.5561318397521973,301.4789733886719,426.1224060058594,339.79029628208707,0.5561318397521973,0.5560543835163116,0.0035351801197975874,0.5497175192832947,0.550550764799118,0.5515868425369262,0.5537852495908737,0.5560543835163116,0.5583897531032562,0.560685795545578,0.562317967414856,0.5646017515659332
23114,-0.5561396479606628,301.29827880859375,426.8717956542969,338.75758579799106,0.5561396479606628,0.5560543835163116,0.0035272922832518816,0.5497175192832947,0.550550764799118,0.5515868425369262,0.5537852495908737,0.5560543835163116,0.5583897531032562,0.560685795545578,0.562317967414856,0.5646017515659332
23205,-0.5562507510185242,301.0667419433594,427.4629821777344,337.71544102260043,0.5562507510185242,0.556151270866394,0.003628393169492483,0.5497175192832947,0.550550764799118,0.5515868425369262,0.5537852495908737,0.556151270866394,0.5584658682346344,0.5608178317546845,0.5628379166126252,0.5646017515659332
23296,-0.5563483238220215,300.9018859863281,428.2704162597656,336.6393737792969,0.5563483238220215,0.556151270866394,0.00364502752199769,0.5497175192832947,0.5507041603326798,0.5517550826072692,0.5539331585168839,0.556151270866394,0.5584658682346344,0.5608178317546845,0.5628379166126252,0.5648087573051452
23387,-0.5563483238220215,300.71942138671875,429.0446472167969,335.5385960170201,0.5563483238220215,0.556151270866394,0.00364502752199769,0.5497175192832947,0.5507041603326798,0.5517550826072692,0.5539331585168839,0.556151270866394,0.5584658682346344,0.5608178317546845,0.5628379166126252,0.5648087573051452
23478,-0.5564675331115723,300.5573425292969,429.8848571777344,334.4110761369978,0.5564675331115723,0.5562462210655212,0.0035078818909823895,0.550504640340805,0.5514649629592896,0.5521405220031739,0.5542241930961609,0.5562462210655212,0.5584658682346344,0.5608178317546845,0.5628379166126252,0.5648087573051452
23569,-0.5564675331115723,300.3720703125,430.60235595703125,333.3372017996652,0.5564675331115723,0.5562462210655212,0.0035078818909823895,0.550504640340805,0.5514649629592896,0.5521405220031739,0.5542241930961609,0.5562462210655212,0.5584658682346344,0.5608178317546845,0.5628379166126252,0.5648087573051452
23660,-0.5567156672477722,300.19281005859375,431.32861328125,332.2871834891183,0.556715726852417,0.5563026368618011,0.0036441620904952288,0.550504640340805,0.5514649629592896,0.5521405220031739,0.5543436855077744,0.5563026368618011,0.5588758885860443,0.562261825799942,0.563914132118225,0.5648087573051452
23751,-0.5567668080329895,300.03875732421875,432.0325012207031,331.2754647391183,0.5567668676376343,0.5563026368618011,0.003672146238386631,0.550504640340805,0.5514649629592896,0.5521405220031739,0.5543436855077744,0.5563026368618011,0.5589696615934372,0.562261825799942,0.563914132118225,0.5648087573051452
23842,-0.5569228529930115,299.85064697265625,432.7518615722656,330.19662039620533,0.5569227933883667,0.5563395619392395,0.003640655893832445,0.550504640340805,0.5514649629592896,0.5528556108474731,0.5545241087675095,0.5563395619392395,0.5592042058706284,0.562261825799942,0.563914132118225,0.5648087573051452
23933,-0.5570038557052612,299.6870422363281,433.50927734375,329.08213588169644,0.5570038557052612,0.5564756691455841,0.0036501081194728613,0.550504640340805,0.5514649629592896,0.5528556108474731,0.5545241087675095,0.5564756691455841,0.5593453049659729,0.562261825799942,0.563914132118225,0.5648087573051452
24024,-0.5570905804634094,299.550537109375,434.2776794433594,328.0503627232143,0.5570906400680542,0.5565994083881378,0.0037784173619002104,0.550504640340805,0.5514649629592896,0.5528556108474731,0.5545241087675095,0.5565994083881378,0.5593453049659729,0.5623107016086578,0.564294496178627,0.565894867181778
24115,-0.5574682950973511,299.41839599609375,435.05438232421875,327.0291224888393,0.5574682950973511,0.5571769177913666,0.003819631179794669,0.5510278773307801,0.5515929639339447,0.5529244899749756,0.5547532439231873,0.5571769177913666,0.5595273077487946,0.5628226518630981,0.5645958065986634,0.5664943575859069
24206,-0.5576657652854919,299.27313232421875,435.8266906738281,325.96715872628346,0.5576657056808472,0.557450920343399,0.0037055560387670994,0.5510278773307801,0.5515929639339447,0.5529244899749756,0.5555444061756134,0.557450920343399,0.5595273077487946,0.5628226518630981,0.5645958065986634,0.5664943575859069
24297,-0.5577771067619324,299.1604919433594,436.6735534667969,324.9107360839844,0.5577771067619324,0.5575359165668488,0.0036148414947092533,0.5512345409393311,0.5524722754955291,0.5536804914474487,0.5555843561887741,0.5575359165668488,0.5595273077487946,0.5628226518630981,0.5645958065986634,0.5664943575859069
24388,-0.5579646825790405,299.0072021484375,437.4404296875,323.8248508998326,0.5579646229743958,0.5576479434967041,0.0036441669799387455,0.5512345409393311,0.5524722754955291,0.5536804914474487,0.5556790977716446,0.5576479434967041,0.5600301176309586,0.5628226518630981,0.5645958065986634,0.5664943575859069
24479,-0.5582672357559204,298.83367919921875,438.1403503417969,322.7331978934152,0.5582672357559204,0.5577465295791626,0.0034254963975399733,0.552735447883606,0.5537222981452942,0.5543414413928985,0.5559026598930359,0.5577465295791626,0.5602903217077255,0.5632206976413727,0.5645958065986634,0.5664943575859069
24570,-0.5583744049072266,298.6550598144531,438.8720397949219,321.6227286202567,0.5583744049072266,0.5578436553478241,0.00337413651868701,0.55291335105896,0.5538826197385788,0.5545283377170562,0.5559982657432556,0.5578436553478241,0.5602903217077255,0.5632206976413727,0.5645958065986634,0.5664943575859069
24661,-0.5586175322532654,298.528076171875,439.6706237792969,320.54884556361606,0.5586174726486206,0.5579425692558289,0.003312594024464488,0.55291335105896,0.5538826197385788,0.5547608017921448,0.5563577711582184,0.5579425692558289,0.5604548752307892,0.5632206976413727,0.5645958065986634,0.5664943575859069
24752,-0.558749794960022,298.3414306640625,440.3506774902344,319.4688066755022,0.5587497353553772,0.5580711662769318,0.0033846781589090824,0.55291335105896,0.5538826197385788,0.5549891710281372,0.5563577711582184,0.5580711662769318,0.5609156489372253,0.5635697305202484,0.565109446644783,0.5664943575859069
24843,-0.5588744282722473,298.1508483886719,441.07110595703125,318.35874720982144,0.5588744878768921,0.5584466755390167,0.0033398985397070646,0.55291335105896,0.5538826197385788,0.5549891710281372,0.5565969496965408,0.5584466755390167,0.5609156489372253,0.5635697305202484,0.565109446644783,0.5664943575859069
24934,-0.5588801503181458,298.0047607421875,441.8638610839844,317.2740042550223,0.558880090713501,0.5584466755390167,0.003327936865389347,0.55291335105896,0.5538826197385788,0.5549891710281372,0.5565969496965408,0.5584466755390167,0.5609156489372253,0.5635697305202484,0.565109446644783,0.5664943575859069
25025,-0.5589346289634705,297.85821533203125,442.58270263671875,316.1971740722656,0.5589345693588257,0.5585885345935822,0.0033184881322085857,0.55291335105896,0.5538826197385788,0.5549891710281372,0.5565969496965408,0.5585885345935822,0.5609156489372253,0.5635697305202484,0.565109446644783,0.5664943575859069
25116,-0.5592740178108215,297.73150634765625,443.36895751953125,315.10416521344865,0.5592739582061768,0.5587120950222015,0.003540758742019534,0.55291335105896,0.5538826197385788,0.5555267453193664,0.5567524880170822,0.5587120950222015,0.5611641705036163,0.5639333963394165,0.5651942521333695,0.5670645785331726
25207,-0.5594648718833923,297.5515441894531,444.03033447265625,314.0303737095424,0.5594648122787476,0.5587991774082184,0.0033811491448432207,0.5538364613056183,0.5547707974910736,0.5555844366550445,0.5573654770851135,0.5587991774082184,0.561336562037468,0.5639333963394165,0.5651942521333695,0.5670645785331726
25298,-0.559628427028656,297.3333435058594,444.6789855957031,312.8729160853795,0.5596283674240112,0.5588639080524445,0.003291834844276309,0.5542450392246246,0.5549525558948517,0.5556858241558075,0.5576553493738174,0.5588639080524445,0.5613582730293274,0.5639333963394165,0.5651942521333695,0.5670645785331726
25389,-0.5597977042198181,297.2060241699219,445.38067626953125,311.81773158482144,0.5597977042198181,0.5589016675949097,0.003271476598456502,0.5542450392246246,0.5555804252624512,0.5559288024902344,0.5577486455440521,0.5589016675949097,0.5618436932563782,0.5643024027347565,0.5651942521333695,0.5670645785331726
25480,-0.5597977042198181,297.05615234375,446.1181335449219,310.7311314174107,0.5597977042198181,0.5589016675949097,0.003271476598456502,0.5542450392246246,0.5555804252624512,0.5559288024902344,0.5577486455440521,0.5589016675949097,0.5618436932563782,0.5643024027347565,0.5651942521333695,0.5670645785331726
25571,-0.5599725246429443,296.8837585449219,446.8335876464844,309.5678405761719,0.5599724650382996,0.5590750575065613,0.0033394789788872004,0.5544279372692108,0.5555804252624512,0.5559288024902344,0.5577705651521683,0.5590750575065613,0.5623625367879868,0.5645090937614441,0.56618732213974,0.5670645785331726
25662,-0.5600067973136902,296.72601318359375,447.5559997558594,308.4822692871094,0.5600067973136902,0.5590750575065613,0.0033104405738413334,0.5545030331611633,0.5555804252624512,0.5559288024902344,0.5577880889177322,0.5590750575065613,0.5623625367879868,0.5645090937614441,0.56618732213974,0.5670645785331726
25753,-0.5603071451187134,296.5583190917969,448.3215637207031,307.2787780761719,0.5603071451187134,0.559515655040741,0.0034993363078683615,0.5550890064239502,0.5555844634771347,0.5563757479190826,0.5578676611185074,0.559515655040741,0.5626834034919739,0.5651111900806427,0.5666765630245209,0.5685125637054443
25844,-0.5604058504104614,296.3987121582031,449.07012939453125,306.1441737583705,0.5604058504104614,0.5596202611923218,0.0034872035030275583,0.5550890064239502,0.5555844634771347,0.5563757479190826,0.5580314993858337,0.5596202611923218,0.5627086907625198,0.5651111900806427,0.5666765630245209,0.5685125637054443
25935,-0.560722827911377,296.2505798339844,449.8058166503906,305.03444126674106,0.560722827911377,0.5599589645862579,0.0039604599587619305,0.5550890064239502,0.5555844634771347,0.5564814805984497,0.5580651313066483,0.5599589645862579,0.5628028213977814,0.5652459323406219,0.5669493257999421,0.5706935799121857
26026,-0.5611028075218201,296.1274719238281,450.5323791503906,303.9832676478795,0.5611027479171753,0.5601548254489899,0.004209882114082575,0.5550890064239502,0.5557625740766525,0.5565489828586578,0.5580661445856094,0.5601548254489899,0.5633406639099121,0.5664254903793335,0.567904943227768,0.5712713599205017
26117,-0.5613454580307007,295.9726257324219,451.1488037109375,302.9306858607701,0.5613453984260559,0.5605401992797852,0.0041473316960036755,0.5551302492618561,0.5559375166893006,0.5566238164901733,0.5585651248693466,0.5605401992797852,0.563623920083046,0.5664254903793335,0.567904943227768,0.5712713599205017
26208,-0.5615711212158203,295.7729187011719,451.7461853027344,301.79989188058033,0.5615710616111755,0.5606671869754791,0.004118895623832941,0.5551302492618561,0.5564573854207993,0.5573730945587159,0.5588824898004532,0.5606671869754791,0.5638996660709381,0.5666900992393493,0.5691977918148041,0.5712713599205017
26299,-0.5623292922973633,295.5747375488281,452.3550109863281,300.63953944614957,0.5623292922973633,0.5611081123352051,0.0044845580123364925,0.5561083054542542,0.5567036509513855,0.5575353860855102,0.5595059990882874,0.5611081123352051,0.5645187497138977,0.5679169416427613,0.5703124791383744,0.5739107263088227
26390,-0.5625870823860168,295.3958740234375,452.98114013671875,299.5242919921875,0.5625870823860168,0.5612676739692688,0.004437553696334362,0.5566193342208863,0.5569467186927796,0.5577351093292237,0.5598684549331665,0.5612676739692688,0.5652710050344467,0.5679169416427613,0.5703124791383744,0.5739107263088227
26481,-0.5629380941390991,295.2214660644531,453.6718444824219,298.36730521065846,0.5629380941390991,0.5615589618682861,0.004655870143324137,0.5567713749408721,0.557048237323761,0.5577351093292237,0.55996935069561,0.5615589618682861,0.565797746181488,0.5693651080131531,0.5712911814451218,0.5747190237045288
26572,-0.5631912350654602,295.02496337890625,454.31494140625,297.18591744559154,0.5631912350654602,0.5624667704105377,0.004824345000088215,0.5567713749408721,0.5574162840843201,0.5579622745513916,0.5600094646215439,0.5624667704105377,0.565797746181488,0.5700648307800293,0.5714065134525299,0.5770694851875305
26663,-0.5633217692375183,294.82550048828125,454.9533996582031,296.0138026646205,0.5633217692375183,0.5626931488513947,0.004820165690034628,0.5569110405445099,0.5575409412384034,0.5581253647804261,0.5600094646215439,0.5626931488513947,0.565797746181488,0.5703622877597809,0.5720223605632782,0.5770694851875305
26754,-0.5635914206504822,294.6636962890625,455.67401123046875,294.8396257672991,0.5635914206504822,0.562746673822403,0.00473028514534235,0.5569110405445099,0.5579632520675659,0.5588936388492585,0.5601991415023804,0.562746673822403,0.5658577084541321,0.5703622877597809,0.5720223605632782,0.5770694851875305
26845,-0.5639419555664062,294.4695739746094,456.3262634277344,293.66983468191967,0.5639419555664062,0.5633130669593811,0.004723180551081896,0.5569110405445099,0.5579632520675659,0.5588947117328644,0.5606635957956314,0.5633130669593811,0.5659787356853485,0.5712618231773376,0.5720223605632782,0.5770694851875305
26936,-0.5644721984863281,294.2930908203125,457.00244140625,292.4767804827009,0.5644721984863281,0.5636526644229889,0.004913113545626402,0.557593755722046,0.558777391910553,0.5596039295196533,0.560857430100441,0.5636526644229889,0.5669365376234055,0.5712905585765838,0.5728848874568939,0.5775374031066894
27027,-0.5646960139274597,294.15960693359375,457.748046875,291.3165806361607,0.5646960139274597,0.5638428926467896,0.004868063144385815,0.557593755722046,0.5588594973087311,0.5597209334373474,0.5608653724193573,0.5638428926467896,0.5673331171274185,0.5712905585765838,0.5728848874568939,0.5775374031066894
27118,-0.5650469660758972,293.9742126464844,458.42431640625,290.12513514927457,0.5650469064712524,0.5641905069351196,0.004743530414998531,0.5585170912742615,0.559151467680931,0.5599755823612214,0.5613304227590561,0.5641905069351196,0.5677722692489624,0.5712905585765838,0.5728848874568939,0.5775374031066894
27209,-0.5652744174003601,293.8001708984375,459.0782165527344,288.94876534598217,0.5652743577957153,0.5644282400608063,0.004645753651857376,0.5590204954147339,0.559848353266716,0.5602270841598511,0.56184983253479,0.5644282400608063,0.5678864419460297,0.5712905585765838,0.5728848874568939,0.5775374031066894
27300,-0.56547611951828,293.6058349609375,459.7278747558594,287.74247087751115,0.56547611951828,0.5645215511322021,0.004708470776677132,0.5590204954147339,0.559848353266716,0.5602270841598511,0.5621595829725266,0.5645215511322021,0.5682061910629272,0.5713109374046326,0.5737759858369827,0.5775374031066894
27391,-0.5659717917442322,293.4529113769531,460.39947509765625,286.6039297921317,0.5659717321395874,0.5652396380901337,0.004921372514218092,0.559133802652359,0.5599355280399323,0.5602673292160034,0.5623158663511276,0.5652396380901337,0.5683843195438385,0.5714041948318481,0.5767746269702911,0.5783595395088196
27482,-0.56625896692276,293.2180480957031,460.9349060058594,285.366952078683,0.56625896692276,0.5656915009021759,0.0048591564409434795,0.559133802652359,0.560017392039299,0.5606201529502869,0.5626248568296432,0.5656915009021759,0.568484291434288,0.571627676486969,0.5767746269702911,0.5783595395088196
27573,-0.5666021704673767,293.0941162109375,461.6651916503906,284.1974312918527,0.5666021108627319,0.5662263929843903,0.005029382184147835,0.559133802652359,0.560017392039299,0.5606959164142609,0.5629341155290604,0.5662263929843903,0.5687695890665054,0.5720570921897888,0.5775323748588562,0.5797003543376923
27664,-0.5670196413993835,292.9169006347656,462.30242919921875,282.9747227260045,0.5670196413993835,0.5665510892868042,0.005143777467310429,0.5596328663825989,0.5604950189590454,0.5608516275882721,0.5633542984724045,0.5665510892868042,0.570097804069519,0.572776061296463,0.5776422202587128,0.5800977075099945
27755,-0.5674214363098145,292.66497802734375,462.8472900390625,281.68788364955356,0.5674214363098145,0.5667645931243896,0.004997626878321171,0.5597379922866821,0.560703980922699,0.5621908485889435,0.5637300908565521,0.5667645931243896,0.5703143775463104,0.5728223025798798,0.5776422202587128,0.5800977075099945
27846,-0.5677782893180847,292.54937744140625,463.62799072265625,280.4542977469308,0.5677782297134399,0.5671912431716919,0.0050286948680877686,0.5597379922866821,0.5612508594989777,0.5622716069221496,0.564115509390831,0.5671912431716919,0.5707350522279739,0.5731337547302247,0.5777686059474945,0.5800977075099945
27937,-0.5680163502693176,292.3935546875,464.2942199707031,279.25281197684154,0.5680163502693176,0.5671912431716919,0.005455764941871166,0.5597379922866821,0.5612508594989777,0.5622716069221496,0.564115509390831,0.5671912431716919,0.5707350522279739,0.5768144726753235,0.5795097440481186,0.5808600616455079
28028,-0.5681743621826172,292.2092590332031,464.9067687988281,278.02794102260043,0.568174421787262,0.5673665106296539,0.0053867558017373085,0.5597379922866821,0.5612508594989777,0.5623626351356507,0.5644286572933197,0.5673665106296539,0.5712662935256958,0.5768144726753235,0.5795097440481186,0.5808600616455079
28119,-0.5682623386383057,292.005859375,465.5128479003906,276.77203369140625,0.5682623982429504,0.5675525069236755,0.005303173325955868,0.5610095477104187,0.5617417365312576,0.5623626351356507,0.5644286572933197,0.5675525069236755,0.5712662935256958,0.5768144726753235,0.5795097440481186,0.5808600616455079
28210,-0.5686160326004028,291.8525085449219,466.21588134765625,275.5564749581473,0.5686160326004028,0.5678550004959106,0.005187183618545532,0.5613538205623627,0.5622333616018296,0.5629480540752411,0.5646981298923492,0.5678550004959106,0.5712934285402298,0.5768144726753235,0.5795097440481186,0.5808600616455079
28301,-0.5691887736320496,291.678955078125,466.8660888671875,274.3125217982701,0.5691887140274048,0.5680118203163147,0.005589705426245928,0.5619376683235169,0.5623644411563873,0.5632162868976593,0.5651882886886597,0.5680118203163147,0.5713193863630295,0.5775330543518067,0.5800108820199966,0.5836287140846252
28392,-0.5697786808013916,291.4956970214844,467.48651123046875,273.05753435407365,0.5697786211967468,0.5684194564819336,0.005453811027109623,0.5619376683235169,0.5623644411563873,0.5640785157680511,0.5670175552368164,0.5684194564819336,0.571589469909668,0.5775330543518067,0.5800108820199966,0.5836287140846252
28483,-0.5704455971717834,291.3466491699219,468.18994140625,271.8159702845982,0.5704455375671387,0.5690535008907318,0.006008998490869999,0.5619376683235169,0.5623644411563873,0.5642664730548859,0.5671324133872986,0.5690535008907318,0.5726390331983566,0.5775585889816284,0.5803083658218384,0.58820565700531
28574,-0.5708807706832886,291.176025390625,468.85809326171875,270.56309727260043,0.5708807706832886,0.5694489777088165,0.006140013691037893,0.5619376683235169,0.5623644411563873,0.5642664730548859,0.5672198534011841,0.5694489777088165,0.5733211189508438,0.5778588891029358,0.5817984163761138,0.58820565700531
28665,-0.5712930560112,291.0018615722656,469.4501037597656,269.3860866001674,0.5712931156158447,0.570059597492218,0.0062622022815048695,0.5619793260097503,0.5634384870529174,0.5645610868930817,0.5676427781581879,0.570059597492218,0.5735442340373993,0.5795355021953583,0.5833486795425415,0.5893480110168458
28756,-0.5719053149223328,290.8903503417969,470.1964416503906,268.1844744001116,0.5719053149223328,0.5708220601081848,0.0062535228207707405,0.562000275850296,0.5642408907413483,0.5648937046527862,0.5681124627590179,0.5708220601081848,0.5755177438259125,0.5800226151943206,0.584638187289238,0.5893480110168458
28847,-0.5723795294761658,290.74627685546875,470.8199462890625,266.9637189592634,0.572379469871521,0.5712737441062927,0.006183477584272623,0.5637416768074036,0.5645050078630447,0.5648937046527862,0.5682113766670227,0.5712737441062927,0.5760273784399033,0.5803829193115234,0.584638187289238,0.5893480110168458
28938,-0.573119580745697,290.5595397949219,471.4451904296875,265.71214076450894,0.573119580745697,0.5714603066444397,0.006572482641786337,0.5639903092384339,0.5648917108774185,0.5659104943275451,0.5683787018060684,0.5714603066444397,0.5767818838357925,0.5825311303138733,0.5863562941551208,0.5909368896484375
29029,-0.5732496380805969,290.39129638671875,472.07244873046875,264.4629647391183,0.5732496380805969,0.5714603066444397,0.006470342632383108,0.5646410703659057,0.5651754230260849,0.5665163993835449,0.5684017688035965,0.5714603066444397,0.5767818838357925,0.5825311303138733,0.5863562941551208,0.5909368896484375
29120,-0.5733950734138489,290.2075500488281,472.6893615722656,263.1880580357143,0.5733950734138489,0.5716021656990051,0.006452331785112619,0.5646410703659057,0.5651754230260849,0.5665163993835449,0.568885326385498,0.5716021656990051,0.5769114792346954,0.5825311303138733,0.5863562941551208,0.5909368896484375
29211,-0.5737658143043518,290.0376892089844,473.3374328613281,261.89974103655135,0.5737658143043518,0.5719680190086365,0.006557831075042486,0.5646410703659057,0.5651754230260849,0.5671609878540039,0.5692919939756393,0.5719680190086365,0.57700215280056,0.5832035541534424,0.5882285237312317,0.5909368896484375
29302,-0.5742067694664001,289.8428039550781,473.9038391113281,260.5967102050781,0.5742068290710449,0.5725049078464508,0.006606596987694502,0.5649232017993927,0.5651754230260849,0.5673727989196777,0.5694729834794998,0.5725049078464508,0.5775529593229294,0.5832075238227844,0.5882285237312317,0.5909368896484375
29393,-0.5748351812362671,289.6484375,474.4640197753906,259.33548409598217,0.5748351812362671,0.5731606483459473,0.006368912290781736,0.5651718342304229,0.5665469765663147,0.5677109479904174,0.5702167749404907,0.5731606483459473,0.5777182728052139,0.5832075238227844,0.5882285237312317,0.5909368896484375
29484,-0.5752784013748169,289.43023681640625,474.9683837890625,258.0486363002232,0.5752784013748169,0.5735166966915131,0.006429335568100214,0.5660894966125488,0.5671934008598327,0.5680985450744629,0.5702601373195648,0.5735166966915131,0.5783795416355133,0.5834984064102173,0.5882285237312317,0.5909368896484375
29575,-0.5756843090057373,289.16851806640625,475.470947265625,256.65896388462613,0.5756843090057373,0.5742385685443878,0.006144861690700054,0.5664101266860961,0.5673792839050293,0.5694726526737213,0.5710977017879486,0.5742385685443878,0.5783795416355133,0.5834984064102173,0.5882285237312317,0.5909368896484375
29666,-0.5760404467582703,289.0266418457031,476.1628112792969,255.33516148158483,0.5760404467582703,0.5748331546783447,0.005991026293486357,0.5673064184188843,0.5692261308431625,0.5698769092559814,0.571219727396965,0.5748331546783447,0.5795908868312836,0.5834984064102173,0.5882285237312317,0.5909368896484375
29757,-0.5762872099876404,288.89300537109375,476.8251647949219,254.1114741734096,0.5762872695922852,0.5748331546783447,0.005887105595320463,0.5673064184188843,0.5692695647478103,0.5700942397117614,0.5719806253910065,0.5748331546783447,0.5799334794282913,0.5834984064102173,0.5882285237312317,0.5909368896484375
29848,-0.5767454504966736,288.7182312011719,477.4077453613281,252.86162894112724,0.5767453908920288,0.5760403871536255,0.005852948874235153,0.5680512571334839,0.5694795101881027,0.5701085329055786,0.572452113032341,0.5760403871536255,0.5805926024913788,0.5846015870571136,0.588272151350975,0.5909368896484375
29939,-0.577332079410553,288.52850341796875,477.98187255859375,251.52644566127233,0.5773320198059082,0.5762410163879395,0.006619282066822052,0.5680512571334839,0.5694795101881027,0.5702473521232605,0.5726289600133896,0.5762410163879395,0.581682950258255,0.5851458549499512,0.5888024121522903,0.5917183828353881
30030,-0.5778353214263916,288.3238220214844,478.58770751953125,250.1487753731864,0.5778353214263916,0.5768289864063263,0.006443995516747236,0.5680512571334839,0.5694795101881027,0.5711592257022857,0.5733499228954315,0.5768289864063263,0.5818099528551102,0.5851458549499512,0.5888024121522903,0.5917183828353881
30121,-0.5782943964004517,288.17291259765625,479.17889404296875,248.90797424316406,0.5782943964004517,0.5771935880184174,0.006085035856813192,0.5696577644348144,0.5714418083429337,0.57206951379776,0.5745112299919128,0.5771935880184174,0.5818099528551102,0.5851458549499512,0.5888024121522903,0.5917183828353881
30212,-0.5784267783164978,287.9927673339844,479.75457763671875,247.6009259905134,0.578426718711853,0.5774182081222534,0.006030004005879164,0.5696577644348144,0.5714418083429337,0.5723873019218445,0.5750084519386292,0.5774182081222534,0.5818099528551102,0.5851458549499512,0.5888024121522903,0.5917183828353881
30303,-0.5789811015129089,287.8262023925781,480.3614807128906,246.28650556291853,0.5789810419082642,0.5775031447410583,0.005969143006950617,0.5710246312618256,0.5716016471385956,0.5726133406162262,0.5752788633108139,0.5775031447410583,0.5824220776557922,0.5861195206642151,0.5888024121522903,0.5917183828353881
30394,-0.579548180103302,287.66107177734375,480.929931640625,244.98500497000558,0.579548180103302,0.5781339406967163,0.0058090584352612495,0.5710246312618256,0.5725090742111206,0.5733025312423706,0.5760626345872879,0.5781339406967163,0.5826597660779953,0.5861195206642151,0.5888024121522903,0.5917183828353881
30485,-0.5799201130867004,287.5048522949219,481.5308837890625,243.7180393763951,0.5799201130867004,0.578733503818512,0.005680847447365522,0.5717314982414246,0.5726189821958542,0.5736446857452393,0.5762664377689362,0.578733503818512,0.5829141139984131,0.5861195206642151,0.5888024121522903,0.5917183828353881
30576,-0.580448567867279,287.3252258300781,482.0714416503906,242.40987287248885,0.580448567867279,0.5798377990722656,0.005519308615475893,0.5724889612197877,0.5730848670005798,0.5747748017311096,0.577232152223587,0.5798377990722656,0.5829141139984131,0.5861195206642151,0.5888073354959488,0.5932839369773865
30667,-0.581192672252655,287.183349609375,482.69158935546875,241.12843104771204,0.581192672252655,0.5804013609886169,0.0057610576041042805,0.5729056143760681,0.5736600637435914,0.5752537727355957,0.577460989356041,0.5804013609886169,0.5832452923059464,0.5868290603160858,0.5910802364349366,0.5960207521915436
30758,-0.5819535255432129,286.9967956542969,483.2713928222656,239.79019383021765,0.5819535255432129,0.5815777778625488,0.005582520272582769,0.5735651445388794,0.5746603012084961,0.5752812683582306,0.5786808431148529,0.5815777778625488,0.5838253498077393,0.5882942616939545,0.5910802364349366,0.5960207521915436
30849,-0.5825110673904419,286.82666015625,483.8448791503906,238.46034240722656,0.5825110673904419,0.5818338990211487,0.005550075322389603,0.5740826916694641,0.5752934515476227,0.5771409928798675,0.5791098177433014,0.5818338990211487,0.585071250796318,0.5887182116508484,0.5927860081195832,0.5967623281478882
30940,-0.5829314589500427,286.65130615234375,484.39324951171875,237.1148681640625,0.582931399345398,0.5827331840991974,0.005490692798048258,0.5745005822181701,0.5752934515476227,0.5771409928798675,0.5796368718147278,0.5827331840991974,0.5855324566364288,0.5887182116508484,0.5927860081195832,0.5967623281478882
31031,-0.5838573575019836,286.44219970703125,484.8860778808594,235.77030072893416,0.5838573575019836,0.5830614864826202,0.005971203558146954,0.5752830862998962,0.5762027978897095,0.577582198381424,0.5798746943473816,0.5830614864826202,0.585966557264328,0.5911048412322998,0.5948903411626816,0.6001957023143768
31122,-0.5850917100906372,286.2845153808594,485.4693603515625,234.41871861049108,0.5850917100906372,0.5835994184017181,0.006101912818849087,0.5753122758865357,0.5773133724927902,0.5791173815727234,0.5814678370952606,0.5835994184017181,0.5878778845071793,0.5941293954849243,0.5955120146274566,0.6008393740653992
31213,-0.5854290723800659,286.10736083984375,486.02587890625,233.04559762137276,0.5854290723800659,0.5844516456127167,0.005952402483671904,0.5758482599258423,0.5775940209627152,0.5791784286499023,0.5821701735258102,0.5844516456127167,0.5878778845071793,0.5941293954849243,0.5955120146274566,0.6008393740653992
31304,-0.585983395576477,285.92169189453125,486.56903076171875,231.6816885811942,0.585983395576477,0.5850297808647156,0.00584639934822917,0.5768988287448883,0.5790575295686722,0.5797074198722839,0.5823971927165985,0.5850297808647156,0.5885260850191116,0.594728970527649,0.5963849931955337,0.6008393740653992
31395,-0.5865869522094727,285.76708984375,487.1348571777344,230.34901864188058,0.5865868926048279,0.5854749381542206,0.006239491980522871,0.5785179841518402,0.5790799260139465,0.5802617311477661,0.5825909525156021,0.5854749381542206,0.5889651775360107,0.5949021339416504,0.5987777680158615,0.6041889107227325
31486,-0.5874969363212585,285.6573486328125,487.71484375,229.12653241838728,0.5874968767166138,0.5867072939872742,0.0064004468731582165,0.5785179841518402,0.5790799260139465,0.5804479241371154,0.58284030854702,0.5867072939872742,0.5900377780199051,0.5952347457408905,0.5999519765377045,0.6045787298679351
31577,-0.588013768196106,285.48895263671875,488.1784973144531,227.87464250837053,0.588013768196106,0.5869942903518677,0.006329559721052647,0.5786858248710632,0.5796280145645142,0.5814790844917297,0.583363950252533,0.5869942903518677,0.5910504758358002,0.595434945821762,0.5999519765377045,0.6045787298679351
31668,-0.5882644057273865,285.37200927734375,488.8206787109375,226.5427507672991,0.5882643461227417,0.5872766077518463,0.006244363263249397,0.5786887288093567,0.5796280145645142,0.5814790844917297,0.5845050662755966,0.5872766077518463,0.5910504758358002,0.595434945821762,0.5999519765377045,0.6045787298679351
31759,-0.5888614058494568,285.221435546875,489.3623046875,225.2062050955636,0.588861346244812,0.5876818299293518,0.00650443322956562,0.5786887288093567,0.5796280145645142,0.5814790844917297,0.5850011557340622,0.5876818299293518,0.5913467854261398,0.5987776339054107,0.6022640347480774,0.6053085172176361
31850,-0.5892290472984314,285.0492858886719,489.8927307128906,223.8320574079241,0.5892290472984314,0.588089644908905,0.0063790869899094105,0.578690664768219,0.5805013358592988,0.582795137166977,0.58503457903862,0.588089644908905,0.5920573472976685,0.5987776339054107,0.6022640347480774,0.6053085172176361
31941,-0.5899895429611206,284.876220703125,490.45428466796875,222.4152112688337,0.5899895429611206,0.5888767242431641,0.0063464222475886345,0.578690664768219,0.5813950955867767,0.5832698762416839,0.5857151746749878,0.5888767242431641,0.5927382558584213,0.5987776339054107,0.6022640347480774,0.6053085172176361
32032,-0.5903234481811523,284.7712097167969,491.0627746582031,221.11275373186385,0.5903234481811523,0.5889784693717957,0.00630988972261548,0.5790330791473388,0.5813950955867767,0.5835403501987457,0.5860331952571869,0.5889784693717957,0.5929134786128998,0.5987776339054107,0.6022640347480774,0.6053085172176361
32123,-0.5906314253807068,284.6697998046875,491.69085693359375,219.80738612583704,0.590631365776062,0.5900619626045227,0.006287368014454842,0.5790330791473388,0.5813950955867767,0.583940041065216,0.5865449011325836,0.5900619626045227,0.5932483673095703,0.5987776339054107,0.6022640347480774,0.6053085172176361
32214,-0.5912525057792664,284.4897155761719,492.1880798339844,218.43441118512834,0.5912525057792664,0.5910063087940216,0.006272135302424431,0.5794147109985351,0.5832886904478073,0.5846830487251282,0.5865646004676819,0.5910063087940216,0.5942592620849609,0.5996611297130585,0.6022640347480774,0.6053085172176361
32305,-0.5918498039245605,284.3565979003906,492.7474365234375,217.11347307477678,0.5918498039245605,0.5918177962303162,0.006268275901675224,0.5804254150390625,0.5832886904478073,0.5846830487251282,0.5869477093219757,0.5918177962303162,0.5957351624965668,0.6010741293430328,0.6022640347480774,0.6053085172176361
32396,-0.5929426550865173,284.1927490234375,493.2780456542969,215.7245592389788,0.5929425954818726,0.592638373374939,0.006571553181856871,0.5819520342350006,0.5835530310869217,0.5850127577781677,0.587106317281723,0.592638373374939,0.5971486568450928,0.6015488624572753,0.6042937815189362,0.6073138999938965
32487,-0.5934805870056152,284.0523681640625,493.7786560058594,214.45238167898995,0.5934805870056152,0.5926970839500427,0.006622254382818937,0.5827443742752075,0.5842145711183548,0.5854288339614868,0.5882689356803894,0.5926970839500427,0.598519891500473,0.6021129488945007,0.6048960953950882,0.6073138999938965
32578,-0.5943843126296997,283.9163818359375,494.2958679199219,213.1841299874442,0.5943843126296997,0.5939895510673523,0.0066529070027172565,0.5833942341804504,0.5842145711183548,0.5855705976486206,0.5893954038619995,0.5939895510673523,0.5987635403871536,0.6030234038829804,0.606824341416359,0.6083096182346344
32669,-0.595278799533844,283.7552490234375,494.8018493652344,211.8190155029297,0.5952787399291992,0.5954810678958893,0.006463535595685244,0.5839618575572968,0.585687780380249,0.5869473874568939,0.5907792896032333,0.5954810678958893,0.5997706353664398,0.6041162073612213,0.606824341416359,0.6083096182346344
32760,-0.5957046747207642,283.5522155761719,495.2171630859375,210.42417907714844,0.5957046747207642,0.595767080783844,0.006360584869980812,0.5839989078044892,0.585687780380249,0.5869473874568939,0.5915434211492538,0.595767080783844,0.5998668074607849,0.6042241871356964,0.606824341416359,0.6083096182346344
32851,-0.5963992476463318,283.42254638671875,495.7850646972656,209.04114641462053,0.596399188041687,0.5961726903915405,0.006056786980479956,0.5846450054645538,0.5862484812736511,0.5883740901947021,0.5925804078578949,0.5961726903915405,0.6000699400901794,0.6048017680644989,0.606824341416359,0.6083096182346344
32942,-0.5969614386558533,283.3188171386719,496.36346435546875,207.72364371163505,0.5969613790512085,0.5972690880298615,0.005976933520287275,0.5853982591629028,0.5869415313005447,0.5884596943855286,0.592870831489563,0.5972690880298615,0.6009886562824249,0.6049543976783752,0.606824341416359,0.6083096182346344
33033,-0.5977553725242615,283.2321472167969,496.9631652832031,206.40504455566406,0.5977553129196167,0.5979421138763428,0.0063152010552585125,0.5853982591629028,0.5869415313005447,0.589002525806427,0.594254344701767,0.5979421138763428,0.601466178894043,0.6065536081790924,0.6088849067687988,0.6090917980670929
33124,-0.5981384515762329,283.0729675292969,497.4247741699219,205.03273228236608,0.5981384515762329,0.5981404483318329,0.005999076645821333,0.5871185004711151,0.5874935507774353,0.5893331646919251,0.5946113914251328,0.5981404483318329,0.601590484380722,0.6065608859062195,0.6088849067687988,0.6090917980670929
33215,-0.5986430048942566,282.94476318359375,497.9374084472656,203.76096670968192,0.5986429452896118,0.5983902215957642,0.0057478477247059345,0.5871185004711151,0.5889585882425308,0.5910530149936676,0.5954342484474182,0.5983902215957642,0.6016407012939453,0.6069244801998138,0.6088849067687988,0.6090917980670929
33306,-0.5990926027297974,282.8133544921875,498.4469909667969,202.40863909040178,0.5990926027297974,0.5987823009490967,0.0055264439433813095,0.5871185004711151,0.5890266507863998,0.5917874813079834,0.5965616405010223,0.5987823009490967,0.6018228232860565,0.6069244801998138,0.6088849067687988,0.6090917980670929
33397,-0.5997225642204285,282.6573791503906,498.85906982421875,201.13445172991072,0.5997225642204285,0.5990150570869446,0.005162578076124191,0.5882746720314026,0.5916310161352157,0.594608473777771,0.5969845354557037,0.5990150570869446,0.6026197969913483,0.6074120938777924,0.6088849067687988,0.6090917980670929
33488,-0.6004754900932312,282.5242919921875,499.3901672363281,199.73363603864397,0.6004754900932312,0.5998965203762054,0.005458469968289137,0.5882746720314026,0.5918453842401504,0.5951561212539673,0.5973188430070877,0.5998965203762054,0.6043192893266678,0.6078851461410523,0.6089273661375045,0.6097258532047272
33579,-0.6010072827339172,282.3486328125,499.8337097167969,198.34328133719308,0.6010072827339172,0.6003307104110718,0.0050551313906908035,0.5903790509700775,0.5950652748346329,0.5955540716648102,0.5978454798460007,0.6003307104110718,0.6048122197389603,0.6078851461410523,0.6089273661375045,0.6097258532047272
33670,-0.6016817092895508,282.1773376464844,500.2541809082031,197.01312691824776,0.6016817092895508,0.6005546450614929,0.005411441903561354,0.5921137738227844,0.5952609032392502,0.5958836197853088,0.5980227887630463,0.6005546450614929,0.6057621538639069,0.6079167187213897,0.6090207189321518,0.615367214679718
33761,-0.6024255752563477,282.0015869140625,500.6518859863281,195.67298017229353,0.6024256348609924,0.6014380753040314,0.005509084090590477,0.592565336227417,0.5955145329236984,0.5969176292419434,0.598489448428154,0.6014380753040314,0.6059769243001938,0.6089317739009857,0.6117161303758621,0.615367214679718
33852,-0.6026975512504578,281.86627197265625,501.14453125,194.29568917410714,0.6026975512504578,0.6016062200069427,0.0054129334166646,0.5934119594097137,0.5955590397119522,0.5971818566322327,0.598655641078949,0.6016062200069427,0.6061760187149048,0.6090303242206574,0.6117161303758621,0.615367214679718
33943,-0.6035128831863403,281.7401123046875,501.62890625,193.00223650251115,0.6035128831863403,0.602349579334259,0.005446065217256546,0.5954477488994598,0.5959013760089874,0.5978655397891999,0.5998701006174088,0.602349579334259,0.6066077649593353,0.6092043697834015,0.6137160956859589,0.6174352073669434
34034,-0.603920042514801,281.6002197265625,502.0804138183594,191.64830453055245,0.6039199829101562,0.602912575006485,0.005480323918163776,0.5954477488994598,0.5959013760089874,0.5978898942470551,0.6003690958023071,0.602912575006485,0.6073638200759888,0.6102087080478669,0.6137160956859589,0.6174352073669434
34125,-0.6048704981803894,281.48486328125,502.5838928222656,190.30734252929688,0.6048704981803894,0.604873776435852,0.005927895195782185,0.5954477488994598,0.5959013760089874,0.5979490637779236,0.6006694734096527,0.604873776435852,0.6078978478908539,0.6125601589679718,0.6160423636436463,0.6190245401859283
34216,-0.6054850816726685,281.321533203125,502.98052978515625,188.97859409877233,0.6054850816726685,0.6057405471801758,0.0058331056497991085,0.5957699799537659,0.596931791305542,0.5984164476394653,0.6010314524173737,0.6057405471801758,0.6088929176330566,0.6137000799179078,0.6160423636436463,0.6190245401859283
34307,-0.6067554354667664,281.16619873046875,503.3785400390625,187.6246599469866,0.6067553758621216,0.6067033410072327,0.0057320361956954,0.5971594786643982,0.5979901731014252,0.6003678560256958,0.6021602153778076,0.6067033410072327,0.6105078011751175,0.6139567017555236,0.6167327523231506,0.6197999155521393
34398,-0.6072877049446106,281.04510498046875,503.8290100097656,186.26703098842077,0.6072877049446106,0.6071797609329224,0.005661092232912779,0.5981191956996917,0.5996878236532212,0.6004056215286255,0.6027921438217163,0.6071797609329224,0.6106748133897781,0.6145517885684967,0.6185944706201554,0.6202534854412078
34489,-0.6080889105796814,280.9414978027344,504.3240051269531,184.9677995954241,0.6080887913703918,0.607367992401123,0.005554580129683018,0.5989813590049744,0.6001626670360565,0.6013924539089203,0.6040796190500259,0.607367992401123,0.6118065416812897,0.6155455529689788,0.6185944706201554,0.6202534854412078
34580,-0.608895480632782,280.88690185546875,504.859375,183.70716857910156,0.6088954210281372,0.6078968942165375,0.0055075883865356445,0.5998782420158386,0.6006697297096253,0.6019315004348755,0.6046561449766159,0.6078968942165375,0.6122914254665375,0.6168173551559448,0.6185944706201554,0.6202534854412078
34671,-0.609602689743042,280.7718505859375,505.3298034667969,182.3904091971261,0.609602689743042,0.6091487407684326,0.0053044590167701244,0.6007938396930694,0.6014341950416565,0.6027129709720611,0.6056713908910751,0.6091487407684326,0.6133805066347122,0.6168173551559448,0.6197107523679733,0.6210973107814789
34762,-0.6104559302330017,280.6905517578125,505.8415222167969,181.1265651157924,0.6104558706283569,0.6103649735450745,0.005737303290516138,0.6009628891944885,0.6017893612384796,0.6036559164524078,0.6064634472131729,0.6103649735450745,0.6140384376049042,0.6177222728729248,0.6207112461328507,0.6218960058689117
34853,-0.6115545630455017,280.5699462890625,506.28662109375,179.81487819126673,0.6115544438362122,0.610930860042572,0.0062125627882778645,0.6016592884063721,0.602588027715683,0.6037371635437012,0.6069573014974594,0.610930860042572,0.6160305291414261,0.6206292152404785,0.6222369343042373,0.6253212189674378
34944,-0.6126108765602112,280.4356384277344,506.6821594238281,178.49046325683594,0.6126108765602112,0.6116630733013153,0.006099177990108728,0.6016592884063721,0.6027006536722184,0.6048875987529755,0.6089787483215332,0.6116630733013153,0.6166627705097198,0.6207356631755829,0.622704929113388,0.6253212189674378
35035,-0.6137111186981201,280.2872619628906,507.028564453125,177.20919363839286,0.6137110590934753,0.6137249767780304,0.006011476740241051,0.6024064791202545,0.6046208828687668,0.6056540966033935,0.6102180182933807,0.6137249767780304,0.6173849999904633,0.621719366312027,0.6241574883460999,0.6260675144195557
35126,-0.614495038986206,280.1872253417969,507.49822998046875,175.90713500976562,0.6144950985908508,0.6146972477436066,0.006210543215274811,0.6024064791202545,0.6046208828687668,0.6067974865436554,0.6109040379524231,0.6146972477436066,0.6185756027698517,0.622682523727417,0.6252727448940277,0.6278590035438537
35217,-0.6150833368301392,280.1177673339844,508.0002746582031,174.6578826904297,0.6150833368301392,0.6148498952388763,0.005936780478805304,0.6033753323554992,0.6056581020355225,0.6078502178192139,0.611213356256485,0.6148498952388763,0.618681788444519,0.622682523727417,0.6252727448940277,0.6278590035438537
35308,-0.6156339049339294,280.035888671875,508.4813537597656,173.3819340297154,0.6156338453292847,0.6154341995716095,0.005770460236817598,0.6033753323554992,0.6069122791290283,0.6089454114437103,0.6114954650402069,0.6154341995716095,0.6189024150371552,0.6231182217597961,0.6254558831453323,0.6278590035438537
35399,-0.6162096858024597,279.9296569824219,508.8936462402344,172.09998212541853,0.6162096858024597,0.6156063377857208,0.005964603275060654,0.6033753323554992,0.6069122791290283,0.6089454114437103,0.612151175737381,0.6156063377857208,0.6202815920114517,0.6239599585533142,0.6264192909002304,0.6278590035438537
35490,-0.6167697310447693,279.7561950683594,509.1653137207031,170.81254141671317,0.6167696714401245,0.6162330210208893,0.00563394371420145,0.6039818239212036,0.6086902022361755,0.6105056643486023,0.6133196204900742,0.6162330210208893,0.620690643787384,0.6239599585533142,0.6264192909002304,0.6278590035438537
35581,-0.6172844171524048,279.58135986328125,509.4380798339844,169.50193786621094,0.6172844171524048,0.6166846752166748,0.005713971797376871,0.6065471613407135,0.6089576095342636,0.610939908027649,0.6134468168020248,0.6166846752166748,0.6213412880897522,0.6254362225532532,0.6270101308822632,0.6291593825817108
35672,-0.6181023120880127,279.4964599609375,509.8544006347656,168.27479771205358,0.6181022524833679,0.617264062166214,0.00564539572224021,0.6085610473155976,0.610136964917183,0.611280483007431,0.6142323464155197,0.617264062166214,0.6227266043424606,0.6258497714996338,0.6273590594530105,0.6291593825817108
35763,-0.6187737584114075,279.3284606933594,510.1552429199219,166.99371337890625,0.6187737584114075,0.6185359358787537,0.005630049388855696,0.6085610473155976,0.61065713763237,0.611280483007431,0.6147872507572174,0.6185359358787537,0.622977614402771,0.6264272630214691,0.62789788544178,0.6291593825817108
35854,-0.619603157043457,279.2049255371094,510.49127197265625,165.789790562221,0.619603157043457,0.6197229623794556,0.006250155624002218,0.6085610473155976,0.6108227074146271,0.611280483007431,0.6147872507572174,0.6197229623794556,0.6241406798362732,0.6273859083652497,0.6290671318769455,0.6315114569664002
35945,-0.6203951239585876,279.1161193847656,510.899658203125,164.5971221923828,0.6203950643539429,0.6206975877285004,0.006074578035622835,0.6096033537387848,0.6109276235103607,0.6116698265075684,0.6155998706817627,0.6206975877285004,0.6247276067733765,0.62784703373909,0.6293215692043305,0.632212723493576
36036,-0.6208196878433228,278.98834228515625,511.23016357421875,163.33172389439173,0.6208196878433228,0.6206975877285004,0.0055741299875080585,0.6109963023662567,0.6116740345954895,0.6136360108852387,0.6168216168880463,0.6206975877285004,0.6247276067733765,0.62784703373909,0.6293215692043305,0.632212723493576
36127,-0.6217305660247803,278.8546447753906,511.5866394042969,161.998295375279,0.6217305660247803,0.621945708990097,0.0052865659818053246,0.6110352802276612,0.6127402663230896,0.6150201380252838,0.6183138787746429,0.621945708990097,0.625298947095871,0.6284860670566559,0.6297319561243058,0.6324389541149139
36218,-0.6224506497383118,278.79815673828125,512.0518188476562,160.78791155133928,0.622450590133667,0.6224442422389984,0.005369112361222506,0.6110352802276612,0.6140579760074616,0.6154479622840882,0.6192294657230377,0.6224442422389984,0.6258888989686966,0.6293192684650422,0.631264066696167,0.6334351432323456
36309,-0.6229349970817566,278.6773681640625,512.4014892578125,159.48981148856026,0.6229349970817566,0.6228695511817932,0.005349531304091215,0.611865599155426,0.6146596968173981,0.6156246900558472,0.6197343170642853,0.6228695511817932,0.6264511793851852,0.6294766366481781,0.6314943045377731,0.6334351432323456
36400,-0.6239769458770752,278.60272216796875,512.8189697265625,158.2572784423828,0.6239768862724304,0.6234898865222931,0.005211409647017717,0.6144517302513123,0.6154466032981872,0.6172347486019134,0.6204545497894287,0.6234898865222931,0.6276801526546478,0.6312734603881835,0.6325024276971817,0.6344958364963531
36491,-0.6251908540725708,278.52069091796875,513.217529296875,157.0057089669364,0.625190794467926,0.6243994235992432,0.005748755298554897,0.6159085810184479,0.6169358730316162,0.6182330310344696,0.6206998378038406,0.6243994235992432,0.6290460824966431,0.6324350953102111,0.6350796073675156,0.6394286549091339
36582,-0.6257044672966003,278.4828796386719,513.6905517578125,155.8375745500837,0.6257044076919556,0.6254670023918152,0.0057005202397704124,0.6159459173679351,0.6175114274024963,0.6184554040431977,0.6218204945325851,0.6254670023918152,0.6293414980173111,0.6325271546840667,0.6350796073675156,0.6394286549091339
36673,-0.6260514259338379,278.3807678222656,514.0464477539062,154.64073617117745,0.6260514259338379,0.625789612531662,0.005692514590919018,0.6168739759922027,0.6175114274024963,0.6191091477870941,0.6220596581697464,0.625789612531662,0.6294899135828018,0.6325271546840667,0.6350796073675156,0.6394286549091339
36764,-0.6267805695533752,278.3054504394531,514.441650390625,153.44536699567522,0.6267805695533752,0.6264192461967468,0.00548664852976799,0.616962696313858,0.6178608059883117,0.6196499645709992,0.6230779737234116,0.6264192461967468,0.630206748843193,0.6329921603202819,0.6350796073675156,0.6394286549091339
36855,-0.6274183392524719,278.2094421386719,514.8046264648438,152.17139979771204,0.6274183392524719,0.6271747350692749,0.005818587262183428,0.6177259254455566,0.6184490889310836,0.6196499645709992,0.6231870949268341,0.6271747350692749,0.6312745660543442,0.634368634223938,0.6352250844240188,0.6423662602901459
36946,-0.628587543964386,278.16668701171875,515.2589721679688,150.91620091029577,0.628587543964386,0.6276050209999084,0.006330255884677172,0.6181071650981903,0.619154092669487,0.6206660449504853,0.6239670217037201,0.6276050209999084,0.6324904710054398,0.6365262150764466,0.6422418832778931,0.6429883790016174
37037,-0.6290580630302429,278.05487060546875,515.568115234375,149.7155478341239,0.6290580630302429,0.6280413866043091,0.006267156917601824,0.6181071650981903,0.6202924758195877,0.6218177318572998,0.6244058907032013,0.6280413866043091,0.6333901882171631,0.6365262150764466,0.6422418832778931,0.6429883790016174
37128,-0.6303322911262512,278.0047302246094,515.9791870117188,148.50608389718192,0.6303322911262512,0.6309533417224884,0.006201805081218481,0.6194777750968933,0.6206758707761765,0.6228678405284882,0.6254991888999939,0.6309533417224884,0.6344044804573059,0.6376767754554749,0.6422418832778931,0.6429883790016174
37219,-0.6310175061225891,277.9681701660156,516.4143676757812,147.36470903669084,0.6310175061225891,0.6312824785709381,0.00601375475525856,0.6198938393592834,0.6206758707761765,0.6232013821601867,0.6263920217752457,0.6312824785709381,0.634986624121666,0.6385411143302917,0.6422418832778931,0.6429883790016174
37310,-0.6318707466125488,277.8752746582031,516.7233276367188,146.24314444405692,0.6318707466125488,0.6320543587207794,0.006334233097732067,0.6206031596660614,0.6212175041437149,0.6233399748802185,0.6270979046821594,0.6320543587207794,0.635968491435051,0.6399188280105591,0.6425086498260498,0.64404226064682
37401,-0.6330537796020508,277.75006103515625,517.0074462890625,144.9759303501674,0.6330537796020508,0.6328747272491455,0.006263854447752237,0.621634554862976,0.6233471453189849,0.6248241782188415,0.628554180264473,0.6328747272491455,0.6373635828495026,0.6422449707984924,0.6437602818012238,0.6461210370063781
37492,-0.6341986060142517,277.68670654296875,517.3848876953125,143.83380562918526,0.6341985464096069,0.6342619061470032,0.006875464227050543,0.621634554862976,0.6233471453189849,0.6258698880672455,0.6289687752723694,0.6342619061470032,0.6390109062194824,0.6434950351715087,0.6445315599441528,0.6473383402824402
37583,-0.6345910429954529,277.5799865722656,517.6815795898438,142.62152753557478,0.6345909833908081,0.6343318819999695,0.006823438219726086,0.6232940840721131,0.6242350399494171,0.6262224614620209,0.6294132322072983,0.6343318819999695,0.6395231783390045,0.6437327682971954,0.6455289036035537,0.6473383402824402
37674,-0.6353556513786316,277.4596862792969,517.9268798828125,141.45952715192522,0.6353557109832764,0.6350133121013641,0.006812811363488436,0.6232940840721131,0.6258033663034439,0.6275173783302307,0.6302979588508606,0.6350133121013641,0.6396981924772263,0.6445788383483887,0.645933136343956,0.6495569801330566
37765,-0.6356909871101379,277.4412841796875,518.3905029296875,140.24758911132812,0.6356909871101379,0.6351653933525085,0.006844507995992899,0.6238236618041992,0.6258242040872574,0.6275173783302307,0.6302979588508606,0.6351653933525085,0.6398984044790268,0.6454356431961059,0.647106820344925,0.6496683669090271
37856,-0.6360368132591248,277.4123840332031,518.8232421875,139.04529026576452,0.63603675365448,0.6352975070476532,0.006931713316589594,0.6238236618041992,0.6258242040872574,0.6276397407054901,0.6303394436836243,0.6352975070476532,0.6410784721374512,0.6454356431961059,0.647106820344925,0.6496683669090271
37947,-0.6366232633590698,277.3413391113281,519.1637573242188,137.8600311279297,0.6366232633590698,0.6360228657722473,0.006923230364918709,0.6238236618041992,0.6263391464948654,0.6281487286090851,0.6314759999513626,0.6360228657722473,0.6420949399471283,0.6455263078212738,0.6476219892501831,0.6496683669090271
38038,-0.6375259160995483,277.3173828125,519.5944213867188,136.6712908063616,0.6375259160995483,0.6373763382434845,0.006666743662208319,0.6240805006027221,0.6267959475517273,0.6289025545120239,0.6332147717475891,0.6373763382434845,0.6421682685613632,0.6455263078212738,0.6476219892501831,0.6517820191383362
38129,-0.6380457282066345,277.23785400390625,519.9009399414062,135.50025285993303,0.6380456686019897,0.6380117535591125,0.006767380516976118,0.6240805006027221,0.6280034899711608,0.6292659103870392,0.633649468421936,0.6380117535591125,0.6421682685613632,0.6455263078212738,0.647893077135086,0.653452318906784
38220,-0.6387367844581604,277.154052734375,520.2169799804688,134.30232456752233,0.6387368440628052,0.6393015384674072,0.0067553091794252396,0.6244577074050903,0.6280936926603318,0.630100405216217,0.6344435960054398,0.6393015384674072,0.6433606445789337,0.6458817899227143,0.648273253440857,0.653452318906784
38311,-0.6394354104995728,277.0544128417969,520.49462890625,133.1607404436384,0.6394354104995728,0.6396737396717072,0.006493756081908941,0.6258783125877381,0.628953155875206,0.6309760808944702,0.6350613981485367,0.6396737396717072,0.6435603648424149,0.6461065948009491,0.648273253440857,0.653452318906784
38402,-0.6397782564163208,276.98828125,520.8199462890625,132.04674421037947,0.6397782564163208,0.6401062607765198,0.006662729661911726,0.6258783125877381,0.628953155875206,0.6310057997703552,0.6350613981485367,0.6401062607765198,0.6436690390110016,0.6469717264175415,0.6509571939706802,0.653452318906784
38493,-0.6405372023582458,276.9136962890625,521.1040649414062,130.89656720842635,0.6405371427536011,0.64117231965065,0.006498483940958977,0.6283614480495453,0.6292878299951553,0.6320922255516053,0.6353942900896072,0.64117231965065,0.644735723733902,0.6479567408561706,0.6509571939706802,0.653452318906784
38584,-0.6412286162376404,276.8189697265625,521.3829345703125,129.67208862304688,0.6412285566329956,0.6414624452590942,0.006187313236296177,0.6290580201148986,0.6301450312137604,0.6329194664955139,0.6380492299795151,0.6414624452590942,0.644735723733902,0.6493650496006012,0.6515666425228119,0.6539066815376282
38675,-0.6424731612205505,276.7147216796875,521.594482421875,128.63030569893974,0.6424731612205505,0.6421046853065491,0.005979212000966072,0.6299144339561462,0.6326434135437011,0.63486248254776,0.6396002322435379,0.6421046853065491,0.645336240530014,0.6509845793247223,0.6521588057279587,0.6539748549461365
38766,-0.6430932879447937,276.683837890625,521.9414672851562,127.5506569998605,0.6430932879447937,0.6427136659622192,0.005986224394291639,0.6308122754096985,0.6329570531845092,0.6356207728385925,0.6399424076080322,0.6427136659622192,0.6459107398986816,0.6520362734794617,0.6533645689487457,0.6553032541275025
38857,-0.6437644362449646,276.5989990234375,522.19091796875,126.4483413696289,0.6437643766403198,0.6436482071876526,0.006336829625070095,0.6308122754096985,0.6329570531845092,0.6356207728385925,0.6401415169239044,0.6436482071876526,0.6473659723997116,0.6521279215812683,0.6552939474582672,0.6565955114364624
38948,-0.6442511677742004,276.5549621582031,522.5316162109375,125.37114606584821,0.6442511677742004,0.6438470184803009,0.006569724064320326,0.6308122754096985,0.6336791276931762,0.6356207728385925,0.6405196189880371,0.6438470184803009,0.6493557393550873,0.6522725403308869,0.655327570438385,0.6573631536960601
39039,-0.6448987126350403,276.46063232421875,522.7698364257812,124.22271837506976,0.6448987126350403,0.64434415102005,0.006687435321509838,0.6308122754096985,0.6337377160787583,0.6356207728385925,0.6408986300230026,0.64434415102005,0.6499565690755844,0.6530493438243866,0.6555785685777664,0.6582222998142242
39130,-0.6457690000534058,276.4258728027344,523.1340942382812,123.06158011300224,0.6457690000534058,0.6458329558372498,0.0068534077145159245,0.6308122754096985,0.6345202088356018,0.6356207728385925,0.6411665976047516,0.6458329558372498,0.6507894098758698,0.654458898305893,0.6568901062011718,0.6582222998142242
39221,-0.6462395787239075,276.3935241699219,523.4749145507812,121.97934940883091,0.6462395787239075,0.6466703116893768,0.006759371608495712,0.633199372291565,0.635072547197342,0.6367309033870697,0.6415479332208633,0.6466703116893768,0.6508033573627472,0.6552952051162719,0.6579283386468887,0.6587135982513428
39312,-0.6466071009635925,276.3841857910156,523.8622436523438,120.9404057094029,0.6466071009635925,0.6471008956432343,0.006717677228152752,0.633199372291565,0.635072547197342,0.6372328937053681,0.641997680068016,0.6471008956432343,0.6509346514940262,0.6552952051162719,0.6579283386468887,0.6587135982513428
39403,-0.6475934982299805,276.32489013671875,524.139404296875,119.80430930001395,0.6475933790206909,0.6481326818466187,0.006501328200101852,0.6340766620635986,0.6359919130802154,0.6384802758693695,0.6432060599327087,0.6481326818466187,0.652140349149704,0.6555800378322602,0.6579283386468887,0.6587135982513428
39494,-0.6482861638069153,276.3455810546875,524.5587158203125,118.7699704851423,0.6482861042022705,0.6490698754787445,0.006566961295902729,0.6343245482444764,0.636507773399353,0.6396698176860809,0.6432349383831024,0.6490698754787445,0.6529376953840256,0.6565482199192048,0.6581934273242951,0.659477891921997
39585,-0.6492385268211365,276.2859191894531,524.8336791992188,117.71376582554409,0.6492384672164917,0.6502098143100739,0.0068755983375012875,0.6354445004463196,0.6380510985851288,0.6398112952709198,0.6439058482646942,0.6502098143100739,0.6530821621417999,0.6579369127750396,0.6591821074485779,0.6624118256568908
39676,-0.650155246257782,276.21893310546875,525.0867919921875,116.68859318324498,0.650155246257782,0.6510374248027802,0.006638797000050545,0.6357529759407043,0.6385310143232346,0.6407704591751099,0.6458781659603119,0.6510374248027802,0.6537759751081467,0.6581003606319428,0.6600218415260315,0.6637447535991668
39767,-0.6508124470710754,276.1708679199219,525.3518676757812,115.67212350027901,0.6508124470710754,0.651748776435852,0.006669377908110619,0.6362601888179779,0.6388553857803345,0.642471045255661,0.6464917957782745,0.651748776435852,0.6545547544956207,0.6582783579826355,0.6626195192337037,0.6642843401432037
39858,-0.6516523361206055,276.0961608886719,525.591552734375,114.6115471976144,0.6516522169113159,0.6522589325904846,0.006646356079727411,0.637813206911087,0.6399775266647338,0.6430526554584504,0.6475548297166824,0.6522589325904846,0.6557508409023285,0.6600975573062897,0.6630086421966552,0.6642843401432037
39949,-0.6519606709480286,276.07061767578125,525.9209594726562,113.55193110874721,0.6519606113433838,0.652323842048645,0.0067067272029817104,0.637813206911087,0.6399896383285523,0.6430526554584504,0.6477257460355759,0.652323842048645,0.6565623432397842,0.6600975573062897,0.6630418241024018,0.6642843401432037
40040,-0.652367353439331,276.088134765625,526.3275756835938,112.51395634242466,0.6523672938346863,0.6528432965278625,0.006568462122231722,0.637813206911087,0.6400805950164795,0.6440733134746551,0.6486675590276718,0.6528432965278625,0.656734436750412,0.6600975573062897,0.6630418241024018,0.6642843401432037
40131,-0.6531830430030823,276.0964660644531,526.7069091796875,111.51385280064174,0.6531830430030823,0.6536523103713989,0.006975614465773106,0.6394129037857056,0.6413987934589386,0.6451142191886902,0.6487399190664291,0.6536523103713989,0.6571046411991119,0.6629807114601135,0.6648690104484558,0.6670216310024262
40222,-0.653749406337738,276.0361328125,526.9619750976562,110.43675231933594,0.6537493467330933,0.6543444991111755,0.006598030682653189,0.6395017743110657,0.6424941629171371,0.645526134967804,0.6500396132469177,0.6543444991111755,0.6578080356121063,0.6629807114601135,0.6648690104484558,0.6670216310024262
40313,-0.6542476415634155,275.99761962890625,527.249267578125,109.39622170584542,0.6542476415634155,0.6546462178230286,0.006376709323376417,0.642404500246048,0.6438649356365204,0.6464107692241668,0.6505221128463745,0.6546462178230286,0.6578080356121063,0.6630715012550354,0.6648690104484558,0.6670216310024262
40404,-0.6546980738639832,275.9806213378906,527.5526733398438,108.39861297607422,0.6546980738639832,0.6548965275287628,0.00620895205065608,0.642404500246048,0.6438649356365204,0.6468586683273315,0.6509312093257904,0.6548965275287628,0.6579481959342957,0.6630715012550354,0.6648690104484558,0.6670216310024262
40495,-0.655198335647583,276.0085754394531,527.947998046875,107.35927472795758,0.6551982760429382,0.6552557647228241,0.006142646539956331,0.6425750374794006,0.6451842606067657,0.64716876745224,0.6511148065328598,0.6552557647228241,0.6588921546936035,0.6633389711380004,0.6648690104484558,0.6670216310024262
40586,-0.6560474634170532,275.9704895019531,528.2210083007812,106.33686174665179,0.6560474634170532,0.6556477546691895,0.00562817370519042,0.644861261844635,0.6471843779087066,0.6492810845375061,0.653046652674675,0.6556477546691895,0.6589997112751007,0.6636684119701386,0.6649285793304444,0.6670216310024262
40677,-0.656710147857666,275.9671630859375,528.5784301757812,105.2671617780413,0.656710147857666,0.6567056179046631,0.00574436504393816,0.6455131959915161,0.6473757505416871,0.6495105266571045,0.6541238576173782,0.6567056179046631,0.6600444316864014,0.6645754337310791,0.6654543340206146,0.6682544219493866
40768,-0.6574574112892151,275.937744140625,528.8814086914062,104.1634521484375,0.6574574708938599,0.6573077440261841,0.005849066656082869,0.6470820033550262,0.6476002871990204,0.6500204145908356,0.6545238494873047,0.6573077440261841,0.6608282774686813,0.6649303913116456,0.6666585564613342,0.6694189739227295
40859,-0.6580850481987,275.8568115234375,529.057373046875,103.17224557059151,0.6580850481987,0.6574994921684265,0.00611428078263998,0.6473072957992554,0.6492119371891022,0.6506240546703339,0.6546139419078827,0.6574994921684265,0.6614749729633331,0.6655489504337311,0.6687603175640107,0.6711308622360229
40950,-0.6584867835044861,275.81695556640625,529.31494140625,102.14278193882534,0.6584867238998413,0.6578618288040161,0.006036635022610426,0.6473072957992554,0.6500606507062912,0.6508307039737702,0.6548880636692047,0.6578618288040161,0.6619845330715179,0.6655489504337311,0.6693259388208389,0.6711308622360229
41041,-0.6590439677238464,275.80584716796875,529.6134033203125,101.1296866280692,0.6590439677238464,0.6584582030773163,0.006222354248166084,0.6475959861278534,0.6500606507062912,0.6508307039737702,0.6556806713342667,0.6584582030773163,0.6625749468803406,0.6665783822536469,0.6704713732004166,0.6724508738517762
41132,-0.6599282622337341,275.78668212890625,529.892333984375,100.12013244628906,0.6599282026290894,0.6600360870361328,0.00596318393945694,0.6486462581157685,0.6506391018629074,0.6520658016204834,0.6560425609350204,0.6600360870361328,0.6627361178398132,0.6668058454990388,0.6708831548690796,0.6739840602874756
41223,-0.6605023741722107,275.7447204589844,530.1446533203125,99.08575330461774,0.6605023145675659,0.6613203883171082,0.006012702826410532,0.6486462581157685,0.6506391018629074,0.6520658016204834,0.6565126925706863,0.6613203883171082,0.6638004779815674,0.6688712537288666,0.6708831548690796,0.6739840602874756
41314,-0.6611449122428894,275.7190246582031,530.4385375976562,98.1073728288923,0.6611448526382446,0.6616207659244537,0.0060400026850402355,0.649557968378067,0.6506391018629074,0.6521874487400054,0.657712772488594,0.6616207659244537,0.6642985045909882,0.6688712537288666,0.6709642350673676,0.6739840602874756
41405,-0.6621886491775513,275.7508239746094,530.8104858398438,97.0673097882952,0.6621886491775513,0.6622032225131989,0.006023837719112635,0.6504294812679291,0.6515228182077408,0.6542946934700012,0.6586700975894928,0.6622032225131989,0.6661015748977661,0.6704689860343933,0.6728861808776856,0.6739840602874756
41496,-0.662945568561554,275.8046875,531.2138061523438,96.15032741001674,0.662945568561554,0.663023054599762,0.006381964311003685,0.65113205909729,0.6517247676849365,0.654534375667572,0.6593393683433533,0.663023054599762,0.6668240278959274,0.6706631720066071,0.6731706023216247,0.6751815748214721
41587,-0.6636911630630493,275.75042724609375,531.4252319335938,95.13469914027623,0.6636911630630493,0.6636491417884827,0.006284652277827263,0.65113205909729,0.6517247676849365,0.655680799484253,0.6600028723478317,0.6636491417884827,0.6677097678184509,0.6715330123901367,0.6731706023216247,0.6751815748214721
41678,-0.6644029021263123,275.7120056152344,531.65478515625,94.13460758754185,0.664402961730957,0.6646765470504761,0.005995340179651976,0.6516232192516327,0.6556024491786957,0.6565292358398438,0.6605245769023895,0.6646765470504761,0.6685711294412613,0.6725966453552246,0.6735649347305298,0.6751815748214721
41769,-0.6651462316513062,275.68328857421875,531.9163818359375,93.09660121372768,0.6651462316513062,0.6655615270137787,0.006204075179994106,0.6516232192516327,0.6561658769845963,0.6569212913513184,0.6610833704471588,0.6655615270137787,0.6688689142465591,0.6731822729110718,0.6744085878133774,0.6769522833824158
41860,-0.665486752986908,275.6653137207031,532.19189453125,92.1090316772461,0.665486752986908,0.6659604907035828,0.006145836319774389,0.6531039690971374,0.6565299570560456,0.65698122382164,0.661735862493515,0.6659604907035828,0.6695956736803055,0.6731822729110718,0.6744085878133774,0.6769522833824158
41951,-0.6659641265869141,275.6888732910156,532.5343017578125,91.09635380336216,0.6659641265869141,0.6660392582416534,0.006022625602781773,0.6536051738262176,0.6569475293159485,0.6589523434638977,0.6620734483003616,0.6660392582416534,0.6700150966644287,0.6737610638141632,0.6753908634185791,0.6782034015655518
42042,-0.6665233969688416,275.67486572265625,532.7932739257812,90.19480569022042,0.6665233373641968,0.666296124458313,0.006167828105390072,0.6536051738262176,0.6569685369729996,0.659366887807846,0.6620734483003616,0.666296124458313,0.6709150969982147,0.6740080654621124,0.6773099780082703,0.6782034015655518
42133,-0.6669606566429138,275.6315002441406,532.9976806640625,89.21273803710938,0.666960597038269,0.6667725741863251,0.006194004323333502,0.6536051738262176,0.6569685369729996,0.659366887807846,0.662323072552681,0.6667725741863251,0.671515703201294,0.6743283808231354,0.6773099780082703,0.6782034015655518
42224,-0.6674538850784302,275.66375732421875,533.3560180664062,88.27038247244698,0.6674538254737854,0.6670784652233124,0.005953957326710224,0.656138424873352,0.6576867669820785,0.6601805746555328,0.6628812849521637,0.6670784652233124,0.6725659668445587,0.6743283808231354,0.6773099780082703,0.6782034015655518
42315,-0.6682502627372742,275.6471862792969,533.6151123046875,87.3286634172712,0.6682502627372742,0.6683689653873444,0.005829964764416218,0.6572702991962432,0.6589986830949783,0.6602966010570526,0.664082482457161,0.6683689653873444,0.6727824509143829,0.6750840306282043,0.677797657251358,0.6792401552200318
42406,-0.6687211990356445,275.6047668457031,533.7921752929688,86.43394470214844,0.6687211990356445,0.6691921949386597,0.005645285826176405,0.6576767456531525,0.6590356945991516,0.6608781695365906,0.6651933193206787,0.6691921949386597,0.6727824509143829,0.6750840306282043,0.6784696280956268,0.679469324350357
42497,-0.6696712970733643,275.56793212890625,534.0030517578125,85.57683563232422,0.669671356678009,0.6700037121772766,0.006017429754137993,0.6576767456531525,0.6590356945991516,0.6621159493923188,0.6654456555843353,0.6700037121772766,0.6738545894622803,0.6767303466796875,0.6791739135980606,0.6806883776187896
42588,-0.6704384684562683,275.4388732910156,534.0098876953125,84.6941637311663,0.6704384684562683,0.6711126267910004,0.006267843768000603,0.6576767456531525,0.6601319432258606,0.6626062154769897,0.6660588085651398,0.6711126267910004,0.6750949323177338,0.6785246074199677,0.680348864197731,0.6825098407268524
42679,-0.6710768938064575,275.4253845214844,534.2520751953125,83.74697766985211,0.6710768938064575,0.6714535355567932,0.006173252128064632,0.6581531178951263,0.6604549705982208,0.66409330368042,0.6663660258054733,0.6714535355567932,0.6754124611616135,0.6787024915218354,0.6804331362247467,0.6829012155532836
42770,-0.6716049313545227,275.3796081542969,534.4271850585938,82.81484985351562,0.6716049313545227,0.6723880469799042,0.006226932164281607,0.6584112679958344,0.6625122725963593,0.664225047826767,0.6663660258054733,0.6723880469799042,0.6759346425533295,0.6795712053775788,0.6804331362247467,0.6829012155532836
42861,-0.6721951961517334,275.36041259765625,534.6798095703125,81.87838745117188,0.6721952557563782,0.67296302318573,0.006078657228499651,0.6592779815196991,0.6625122725963593,0.6646224856376648,0.6666974574327469,0.67296302318573,0.6762668937444687,0.6801624476909638,0.6817886471748352,0.6829012155532836
42952,-0.673033595085144,275.3562316894531,534.9237670898438,80.9843521118164,0.673033595085144,0.673950731754303,0.006136556621640921,0.6603619742393494,0.6630050063133239,0.6654256641864776,0.66754150390625,0.673950731754303,0.6779531985521317,0.6807500064373017,0.6817886471748352,0.6834674143791198
43043,-0.6733096241950989,275.3017272949219,535.0640869140625,80.10359300885882,0.6733096241950989,0.6742294430732727,0.006189711391925812,0.6603619742393494,0.6644229024648667,0.6654363989830017,0.6679418683052063,0.6742294430732727,0.6779860854148865,0.6814985275268555,0.6822363317012787,0.6836280465126038
43134,-0.6739169359207153,275.3435974121094,535.402099609375,79.22598266601562,0.6739169359207153,0.6747808158397675,0.006034457124769688,0.6616416084766388,0.6651878982782364,0.6662767887115478,0.6693113446235657,0.6747808158397675,0.6785670220851898,0.6817166149616242,0.6822407484054566,0.6837587237358094
43225,-0.6743441820144653,275.2626953125,535.4857177734375,78.36877877371651,0.6743441820144653,0.6752992868423462,0.0060554565861821175,0.6616416084766388,0.6653056770563126,0.6663422644138336,0.6695606112480164,0.6752992868423462,0.6789108961820602,0.6817878246307373,0.6822562605142594,0.6844128549098969
43316,-0.6751818060874939,275.2270202636719,535.6903686523438,77.38822719029018,0.6751817464828491,0.6757534146308899,0.005900806747376919,0.6616547012329101,0.666282194852829,0.6670587301254273,0.6717984974384308,0.6757534146308899,0.6794760823249817,0.6818744659423828,0.6830742001533509,0.6849832534790039
43407,-0.6756901144981384,275.2234802246094,535.9368286132812,76.54520525251117,0.6756900548934937,0.6763164103031158,0.0059264847077429295,0.6616547012329101,0.666282194852829,0.667170375585556,0.6721426993608475,0.6763164103031158,0.6795539557933807,0.6822217583656311,0.6837862253189086,0.6852078938484192
43498,-0.675872266292572,275.2107849121094,536.1607055664062,75.65626852852958,0.6758722066879272,0.6764044165611267,0.005847983993589878,0.6616547012329101,0.666282194852829,0.6674585998058319,0.6722278445959091,0.6764044165611267,0.6798677444458008,0.6822217583656311,0.6837862253189086,0.6852078938484192
43589,-0.6766911149024963,275.1856689453125,536.3442993164062,74.80797249930245,0.6766911745071411,0.677111953496933,0.005820868536829948,0.6621325743198395,0.667397865653038,0.6695901095867157,0.673301488161087,0.677111953496933,0.6803162097930908,0.6837843716144562,0.6862573206424714,0.687264803647995
43680,-0.6770713925361633,275.1308898925781,536.497802734375,73.81324550083706,0.6770714521408081,0.6774781942367554,0.005758331157267094,0.6621325743198395,0.6695161312818527,0.6702505350112915,0.6735439747571945,0.6774781942367554,0.6803162097930908,0.6839686632156372,0.6866683334112167,0.687264803647995
43771,-0.677621066570282,275.134765625,536.7429809570312,72.9574704851423,0.677621066570282,0.6779251396656036,0.005669287871569395,0.6659075105190277,0.6695279508829117,0.6705819845199585,0.6737249046564102,0.6779251396656036,0.6815049946308136,0.6847320616245269,0.6872340828180313,0.6878229093551635
43862,-0.6779890656471252,275.1622619628906,537.0650024414062,71.9925765991211,0.6779890656471252,0.678197830915451,0.005688236095011234,0.6664494919776917,0.6700073271989823,0.6713642716407776,0.6738808453083038,0.678197830915451,0.6816417872905731,0.6862777829170227,0.6873581379652023,0.6878490447998047
43953,-0.6785273551940918,275.147705078125,537.249755859375,71.23809051513672,0.6785273551940918,0.6783721446990967,0.005636177957057953,0.6673052525520324,0.6705190777778626,0.6718900084495545,0.67474365234375,0.6783721446990967,0.6816417872905731,0.68723823428154,0.6876108646392822,0.6894229900836945
44044,-0.6790330410003662,275.1330871582031,537.4522094726562,70.3871579851423,0.679033100605011,0.6789181232452393,0.005623493809252977,0.6673052525520324,0.6705840468406677,0.6720402479171753,0.6754325330257416,0.6789181232452393,0.6832332909107208,0.68723823428154,0.6876419454813003,0.6894229900836945
44135,-0.6792895197868347,275.0730895996094,537.5675659179688,69.51078142438617,0.6792894601821899,0.6792009770870209,0.005555305164307356,0.6673052525520324,0.6713831692934036,0.6728403389453887,0.6755941063165665,0.6792009770870209,0.6834490895271301,0.68723823428154,0.6876419454813003,0.6896853709220886
44226,-0.6797218322753906,275.0741882324219,537.802490234375,68.56974247523716,0.6797218322753906,0.6792607605457306,0.005654912907630205,0.6673052525520324,0.6719345986843109,0.6731010556221009,0.6757808327674866,0.6792607605457306,0.683736115694046,0.6873350262641906,0.6886181533336639,0.6905784928798675
44317,-0.680120587348938,275.0779113769531,538.0311889648438,67.70972333635602,0.680120587348938,0.6801063418388367,0.005623595789074898,0.6673052525520324,0.6719345986843109,0.6731010556221009,0.6763436794281006,0.6801063418388367,0.6842836439609528,0.6873350262641906,0.6886181533336639,0.6905784928798675
44408,-0.6807190775871277,275.0941162109375,538.2750854492188,66.8779296875,0.6807190775871277,0.6805766224861145,0.005604487378150225,0.6695684266090393,0.6719345986843109,0.6740761458873749,0.6770975291728973,0.6805766224861145,0.6850301325321198,0.687540602684021,0.6890001833438874,0.6913015377521515
44499,-0.6812179684638977,275.0762634277344,538.4571533203125,66.02638735089984,0.6812179684638977,0.6816893219947815,0.0055898637510836124,0.6704257106781006,0.672042441368103,0.6746684074401855,0.6772496700286865,0.6816893219947815,0.6853100657463074,0.6883798062801361,0.6905337840318679,0.6913015377521515
44590,-0.6817838549613953,275.0010986328125,538.5347290039062,65.18598284040179,0.6817838549613953,0.6822868585586548,0.005753657780587673,0.6704257106781006,0.6720934033393859,0.6746684074401855,0.6773902475833893,0.6822868585586548,0.6863141059875488,0.6889783799648285,0.6905337840318679,0.6913015377521515
44681,-0.6823047995567322,275.0426330566406,538.8543701171875,64.26824569702148,0.682304859161377,0.6825370788574219,0.005834339652210474,0.6720592021942139,0.6729230374097824,0.6751883625984192,0.6777550280094147,0.6825370788574219,0.6867525577545166,0.6896092355251312,0.6907953679561615,0.6929418754577636
44772,-0.6827762126922607,275.10467529296875,539.1947631835938,63.34702355521066,0.682776153087616,0.6836746037006378,0.005727269221097231,0.6725231754779816,0.6737812936306,0.6752555251121521,0.6779400110244751,0.6836746037006378,0.6871870458126068,0.6896092355251312,0.6909698277711869,0.6929418754577636
44863,-0.6834082007408142,275.1355895996094,539.479736328125,62.46197836739676,0.6834081411361694,0.6840797066688538,0.005696800537407398,0.6725231754779816,0.6742250382900238,0.6759446144104004,0.6789029240608215,0.6840797066688538,0.6879011541604996,0.6900130867958069,0.6917667150497436,0.6936865949630737
44954,-0.6837092638015747,275.1729736328125,539.764404296875,61.65713228498186,0.6837092041969299,0.6840797066688538,0.0057203383184969425,0.6725231754779816,0.6742250382900238,0.6759446144104004,0.6790173947811127,0.6840797066688538,0.6882597953081131,0.6906481623649597,0.6917667150497436,0.6936865949630737
45045,-0.684224009513855,275.1949157714844,540.0145263671875,60.77888107299805,0.6842239499092102,0.6845644116401672,0.005235676188021898,0.6737122678756714,0.6750406175851822,0.6763443350791931,0.6810768842697144,0.6845644116401672,0.6882597953081131,0.6906481623649597,0.6917667150497436,0.6936865949630737
45136,-0.6844686269760132,275.2288818359375,540.2684936523438,59.995177677699495,0.6844686269760132,0.6848329603672028,0.005161036271601915,0.6737122678756714,0.6758992701768876,0.6770536541938782,0.6814250349998474,0.6848329603672028,0.688872367143631,0.690725302696228,0.6917667150497436,0.6936865949630737
45227,-0.68519127368927,275.21453857421875,540.4481811523438,59.170439038957866,0.6851912140846252,0.6856794357299805,0.005388141144067049,0.6737122678756714,0.6758992701768876,0.6779694855213165,0.6818061172962189,0.6856794357299805,0.6891658902168274,0.6914149403572083,0.6934277832508087,0.694180064201355
45318,-0.6856886744499207,275.16864013671875,540.568115234375,58.21620505196707,0.6856887936592102,0.685949444770813,0.005216095596551895,0.6739995157718659,0.6764453411102295,0.6789576053619385,0.6824445128440857,0.685949444770813,0.6895231157541275,0.6915798664093018,0.6936461865901947,0.6947245514392852
45409,-0.686063289642334,275.1552429199219,540.7347412109375,57.46422358921596,0.686063289642334,0.685949444770813,0.005214361008256674,0.6740300822257995,0.6764453411102295,0.6792472064495086,0.6834684908390045,0.685949444770813,0.6895854622125626,0.6919581532478333,0.694117596745491,0.6959724605083466
45500,-0.6863912343978882,275.1683044433594,540.9420776367188,56.65753446306501,0.6863912343978882,0.6871444284915924,0.005186909809708595,0.6746510994434357,0.6764453411102295,0.6792472064495086,0.6834684908390045,0.6871444284915924,0.6896592229604721,0.6922243893146515,0.6952538579702378,0.6962325704097748
45591,-0.6868190169334412,275.0337829589844,540.886962890625,55.78308323451451,0.6868189573287964,0.6875467896461487,0.005381823051720858,0.674926005601883,0.6764453411102295,0.6792472064495086,0.683793842792511,0.6875467896461487,0.6898878216743469,0.6926895976066589,0.6954587817192077,0.6972462403774261
45682,-0.687461256980896,275.0270690917969,541.0657958984375,55.013148716517854,0.6874611973762512,0.6880779266357422,0.005448703188449144,0.674926005601883,0.6782231211662293,0.67966428399086,0.6842640489339828,0.6880779266357422,0.6907681822776794,0.6948264300823211,0.6958986669778824,0.6972462403774261
45773,-0.6879597902297974,275.02252197265625,541.2432861328125,54.27057702200754,0.6879597902297974,0.6881840229034424,0.0054764458909630775,0.6752428364753723,0.6782231211662293,0.6803453385829925,0.6847824901342392,0.6881840229034424,0.6919841915369034,0.6949158489704133,0.6961892426013947,0.6979843091964721
45864,-0.6884175539016724,275.0249328613281,541.4523315429688,53.33418001447405,0.6884175539016724,0.688626766204834,0.005571078509092331,0.6756814920902252,0.6790628105401992,0.681571239233017,0.6848170906305313,0.688626766204834,0.6922388076782227,0.6950492680072784,0.6976295709609985,0.6987508535385132
45955,-0.6886841058731079,275.0660095214844,541.7354736328125,52.45341927664621,0.6886841058731079,0.6889133751392365,0.005514025688171387,0.6756814920902252,0.6790628105401992,0.6824132025241851,0.6851317584514618,0.6889133751392365,0.6923984289169312,0.6951518356800079,0.6976295709609985,0.6987508535385132
46046,-0.6889553070068359,275.07208251953125,541.9261474609375,51.651890345982146,0.6889553070068359,0.6892765462398529,0.00552103528752923,0.6756814920902252,0.6794424206018448,0.6824448943138123,0.6851317584514618,0.6892765462398529,0.6927668899297714,0.6953392922878265,0.6976295709609985,0.6987508535385132
46137,-0.6893815994262695,275.102294921875,542.1866455078125,50.69749450683594,0.6893815994262695,0.6897057890892029,0.005405139178037643,0.6761597084999085,0.6805195212364197,0.6825760006904602,0.6860103607177734,0.6897057890892029,0.6929754614830017,0.6960036218166351,0.6978287756443023,0.6987508535385132
46228,-0.689691960811615,275.0901184082031,542.3485717773438,49.86932155064174,0.6896919012069702,0.689940869808197,0.005338801071047783,0.6761782586574554,0.6813890099525451,0.6836126625537873,0.6860103607177734,0.689940869808197,0.6933550089597702,0.6960234642028809,0.6978287756443023,0.6988237524032592
46319,-0.6902443766593933,275.109375,542.5641479492188,49.00542068481445,0.6902443766593933,0.6905592978000641,0.005422343034297228,0.6761782586574554,0.6815695852041245,0.6840973496437073,0.6864742785692215,0.6905592978000641,0.6935484111309052,0.6968026101589203,0.6984964549541474,0.700186505317688
46410,-0.6904077529907227,275.1858215332031,542.8995361328125,48.17277581351144,0.6904077529907227,0.691259503364563,0.00544173875823617,0.6761782586574554,0.6818706572055817,0.6840973496437073,0.6864742785692215,0.691259503364563,0.6937219947576523,0.6972260773181915,0.698892542719841,0.700186505317688
46501,-0.6910379528999329,275.1731262207031,543.056396484375,47.359134674072266,0.6910380125045776,0.6918827295303345,0.005589807406067848,0.6761782586574554,0.6818706572055817,0.6843562185764313,0.6873320043087006,0.6918827295303345,0.6948924958705902,0.6978300094604493,0.698892542719841,0.7004408752918243
46592,-0.6914767622947693,275.15789794921875,543.2113037109375,46.54172842843192,0.6914767026901245,0.6920985877513885,0.005465828347951174,0.6774410498142243,0.6819103360176086,0.6851941287517548,0.687771201133728,0.6920985877513885,0.6952541470527649,0.6978300094604493,0.6996781885623932,0.7010618555545807
46683,-0.691767156124115,275.1739501953125,543.4186401367188,45.70107650756836,0.6917670965194702,0.6922540664672852,0.005462862551212311,0.6781852793693542,0.6819103360176086,0.6851941287517548,0.6878769397735596,0.6922540664672852,0.6953862011432648,0.6978300094604493,0.6996781885623932,0.701450207233429
46774,-0.6922159194946289,275.2015686035156,543.6553344726562,44.88926805768694,0.6922159194946289,0.6926031112670898,0.005341845098882914,0.678355747461319,0.6834655702114105,0.6856865525245667,0.688369020819664,0.6926031112670898,0.6958261430263519,0.6979224801063537,0.6996781885623932,0.701450207233429
46865,-0.6926587224006653,275.1946105957031,543.8167114257812,44.13189588274275,0.6926587224006653,0.6933957040309906,0.005339476745575666,0.6802610158920288,0.6835046589374543,0.6856865525245667,0.6889757215976715,0.6933957040309906,0.6966326683759689,0.6985664010047913,0.700106343626976,0.701450207233429
46956,-0.6930891275405884,275.2052917480469,544.0252685546875,43.279840741838726,0.6930890679359436,0.6943013668060303,0.005319805815815926,0.6802610158920288,0.6835046589374543,0.6856865525245667,0.6897159963846207,0.6943013668060303,0.697061687707901,0.698958832025528,0.700106343626976,0.701450207233429
47047,-0.6936061978340149,275.2273864746094,544.2403564453125,42.40430286952427,0.6936061978340149,0.6944086253643036,0.005088244564831257,0.6821607613563537,0.6840644955635071,0.6868397474288941,0.6908800005912781,0.6944086253643036,0.6973681896924973,0.6993837118148803,0.7008283734321594,0.702153617143631
47138,-0.6939769983291626,275.1883239746094,544.3103637695312,41.64226531982422,0.6939769983291626,0.6944086253643036,0.00525285117328167,0.6821607613563537,0.6840644955635071,0.687528669834137,0.691357284784317,0.6944086253643036,0.6973681896924973,0.7001130998134613,0.7011706203222274,0.7037328469753266
47229,-0.6942967772483826,275.1910095214844,544.4765014648438,40.84203338623047,0.6942967176437378,0.6948358118534088,0.005203578155487776,0.6821607613563537,0.6854932755231857,0.6877741813659668,0.6916659623384476,0.6948358118534088,0.6977131366729736,0.7002211391925812,0.7017148941755295,0.7037328469753266
47320,-0.6947996020317078,275.2460021972656,544.7561645507812,39.95258549281529,0.6947996020317078,0.6951716244220734,0.005115717649459839,0.6821607613563537,0.6864286988973618,0.6881676197052002,0.6919620335102081,0.6951716244220734,0.6984027177095413,0.7003287255764008,0.7017148941755295,0.7037328469753266
47411,-0.694937527179718,275.2421875,544.917724609375,39.188042231968474,0.6949374675750732,0.6955591440200806,0.005169296637177467,0.6821607613563537,0.6864286988973618,0.6881676197052002,0.6919620335102081,0.6955591440200806,0.6986699849367142,0.7003287255764008,0.7017148941755295,0.7037328469753266
47502,-0.6952335238456726,275.3471984863281,545.29345703125,38.30824715750558,0.6952334642410278,0.6962148249149323,0.00522566307336092,0.6821607613563537,0.6864286988973618,0.6881676197052002,0.6921922117471695,0.6962148249149323,0.6989433914422989,0.7007217943668366,0.7029050022363663,0.7038724434375763
47593,-0.6953927874565125,275.3309631347656,545.4348754882812,37.45391028267996,0.6953927278518677,0.6962148249149323,0.005302154924720526,0.6821607613563537,0.6864286988973618,0.6881676197052002,0.6921924352645874,0.6962148249149323,0.6993604451417923,0.7009226083755493,0.7029050022363663,0.7039546298980713
47684,-0.6958244442939758,275.23944091796875,545.416748046875,36.56394522530692,0.6958245038986206,0.6968247294425964,0.005238983780145645,0.6821607613563537,0.6868704497814179,0.6896421849727631,0.6925222277641296,0.6968247294425964,0.6995914280414581,0.7009226083755493,0.7029050022363663,0.7051261687278748
47775,-0.6960646510124207,275.25689697265625,545.608642578125,35.821817125592915,0.6960646510124207,0.6968467831611633,0.0051656425930559635,0.6834291207790375,0.6878947615623474,0.6896421849727631,0.6925222277641296,0.6968467831611633,0.6999430358409882,0.7010532319545746,0.7029050022363663,0.7051261687278748
47866,-0.6963506937026978,275.2564697265625,545.7576293945312,35.124088287353516,0.6963506937026978,0.6968472898006439,0.005213833414018154,0.6853822958469391,0.6878947615623474,0.6897065043449402,0.6929567605257034,0.6968472898006439,0.7001333683729172,0.7014194250106811,0.7042784541845322,0.7068449544906616
47957,-0.6966230273246765,275.3019104003906,546.0079345703125,34.210284096854075,0.6966230273246765,0.6972544491291046,0.005294070579111576,0.6853822958469391,0.6878947615623474,0.6897262930870056,0.6931674480438232,0.6972544491291046,0.7002353668212891,0.7017687261104584,0.7042784541845322,0.7070526897907257
48048,-0.6969853639602661,275.3011169433594,546.1713256835938,33.27232333592006,0.6969853639602661,0.6972582936286926,0.0051812417805194855,0.6855381405353547,0.6890546202659606,0.6904691636562348,0.6933870315551758,0.6972582936286926,0.7002478837966919,0.7020552396774292,0.7043978214263916,0.7078036034107208
48139,-0.6973375678062439,275.3045959472656,546.3236694335938,32.43401527404785,0.6973375082015991,0.6977800130844116,0.0051818108186125755,0.6857268965244293,0.6891065329313278,0.6908822417259216,0.6937917619943619,0.6977800130844116,0.7007535248994827,0.7027555465698242,0.7053289532661438,0.7078036034107208
48230,-0.6975816488265991,275.2689208984375,546.4100952148438,31.622610637119838,0.6975816488265991,0.6977800130844116,0.005272873677313328,0.6857268965244293,0.6891065329313278,0.6913095593452454,0.6937917619943619,0.6977800130844116,0.7011519372463226,0.7039200603961945,0.705346193909645,0.7083274185657501
48321,-0.6977940797805786,275.3549499511719,546.7260131835938,30.847846712384904,0.6977940201759338,0.6979140043258667,0.005284426733851433,0.6857268965244293,0.6891065329313278,0.6913279294967651,0.694225400686264,0.6979140043258667,0.7014033198356628,0.7039200603961945,0.705346193909645,0.7083274185657501
48412,-0.6980876326560974,275.4064636230469,546.986083984375,29.951219286237443,0.6980876326560974,0.6983052492141724,0.005271108355373144,0.6857268965244293,0.6891065329313278,0.6916445910930633,0.6951941102743149,0.6983052492141724,0.7014806419610977,0.7039200603961945,0.705346193909645,0.7083274185657501
48503,-0.6983305811882019,275.42431640625,547.1808471679688,29.185725620814733,0.6983305811882019,0.6983052492141724,0.005345714744180441,0.6857268965244293,0.6898430556058883,0.6916445910930633,0.6951941102743149,0.6983052492141724,0.7019482851028442,0.7041293501853942,0.705346193909645,0.7086717963218689
48594,-0.6985873579978943,275.4314270019531,547.343505859375,28.2454286302839,0.6985872983932495,0.6990450918674469,0.005376877728849649,0.6863508629798889,0.6898588955402374,0.6916445910930633,0.6954753696918488,0.6990450918674469,0.7024806290864944,0.7043296575546265,0.7061341792345047,0.7086717963218689
48685,-0.6986400485038757,275.5320739746094,547.7006225585938,27.45743179321289,0.6986401081085205,0.6990450918674469,0.005387946497648954,0.6863508629798889,0.6898588955402374,0.6918129801750184,0.6954753696918488,0.6990450918674469,0.7025195211172104,0.7043385148048401,0.7061341792345047,0.7086717963218689
48776,-0.6988276243209839,275.60321044921875,547.9823608398438,26.629635129656112,0.6988276243209839,0.6995765268802643,0.0053384266793727875,0.6863508629798889,0.6898732662200928,0.6918129801750184,0.6959206014871597,0.6995765268802643,0.7025195211172104,0.7043385148048401,0.7061341792345047,0.7086717963218689
48867,-0.6990548372268677,275.5718078613281,548.0660400390625,25.82752309526716,0.6990548372268677,0.6998587250709534,0.005319828633219004,0.6867013061046601,0.690061503648758,0.6918129801750184,0.6963166147470474,0.6998587250709534,0.7026584148406982,0.705018937587738,0.706449294090271,0.7090659308433532
48958,-0.6992093324661255,275.58599853515625,548.2488403320312,24.811296463012695,0.6992092728614807,0.6999227702617645,0.00526441540569067,0.6868736064434051,0.6900652766227722,0.6921968221664428,0.6963166147470474,0.6999227702617645,0.7028161436319351,0.705018937587738,0.706449294090271,0.7090659308433532
49049,-0.699347972869873,275.6629333496094,548.531005859375,24.00587327139718,0.699347972869873,0.7001399397850037,0.0052656494081020355,0.6868736064434051,0.690451654791832,0.6921968221664428,0.6965980231761932,0.7001399397850037,0.7032178193330765,0.705018937587738,0.706449294090271,0.7090659308433532
49140,-0.699580192565918,275.7162170410156,548.777099609375,23.14384514944894,0.699580192565918,0.7002075016498566,0.005170299205929041,0.6869794619083405,0.691309580206871,0.6934130132198334,0.6966699957847595,0.7002075016498566,0.7033009976148605,0.705018937587738,0.706449294090271,0.7090659308433532
49231,-0.6996991634368896,275.7202453613281,548.933837890625,22.34933171953474,0.6996991038322449,0.7002205550670624,0.005207127891480923,0.6869794619083405,0.691309580206871,0.6934130132198334,0.6967529654502869,0.7002205550670624,0.7033360451459885,0.7052505850791931,0.706449294090271,0.7090659308433532
49322,-0.699807345867157,275.8352355957031,549.3062133789062,21.35518482753209,0.699807345867157,0.7002677917480469,0.005256958305835724,0.6869794619083405,0.691309580206871,0.6934130132198334,0.6967529654502869,0.7002677917480469,0.703527420759201,0.7052505850791931,0.706449294090271,0.7090659308433532
49413,-0.6999049782752991,275.8924865722656,549.5573120117188,20.411733082362584,0.6999049186706543,0.7002677917480469,0.005240423604846001,0.6869794619083405,0.691309580206871,0.6934130132198334,0.6971743553876877,0.7002677917480469,0.7036681473255157,0.7052505850791931,0.706449294090271,0.7090659308433532
49504,-0.7000046968460083,275.9185791015625,549.7505493164062,19.524433953421457,0.7000046968460083,0.7002677917480469,0.005228851456195116,0.6869794619083405,0.6920605331659317,0.6934281527996063,0.6972490400075912,0.7002677917480469,0.7036993503570557,0.7052505850791931,0.706449294090271,0.7090659308433532
49595,-0.7000923156738281,276.0411682128906,550.133544921875,18.660219192504883,0.7000923156738281,0.7006065249443054,0.005241738632321358,0.6869794619083405,0.6920605331659317,0.6935098350048066,0.6972490400075912,0.7006065249443054,0.70382159948349,0.705293846130371,0.706449294090271,0.7090659308433532
49686,-0.7001568078994751,276.05841064453125,550.306396484375,17.641631535121373,0.7001568078994751,0.7006065249443054,0.005235329736024141,0.6869794619083405,0.6920605331659317,0.6935098350048066,0.6973192691802979,0.7006065249443054,0.70382159948349,0.7053156197071075,0.706449294090271,0.7090659308433532
49777,-0.7002100348472595,276.08551025390625,550.5029907226562,16.671407290867396,0.7002099752426147,0.7006065249443054,0.005294082220643759,0.6869794619083405,0.6920605331659317,0.6935098350048066,0.6973848193883896,0.7006065249443054,0.70382159948349,0.7053156197071075,0.7073396056890487,0.7094542288780212
49868,-0.7002549171447754,276.2009582519531,550.8450927734375,15.64445195879255,0.7002549171447754,0.7006065249443054,0.005338422954082489,0.6869794619083405,0.6920605331659317,0.6935098350048066,0.6973848193883896,0.7006065249443054,0.7040126621723175,0.705519288778305,0.7073609530925751,0.7094542288780212
49959,-0.700272798538208,275.9921875,550.5576782226562,14.47398008619036,0.700272798538208,0.7006065249443054,0.005330638028681278,0.6869794619083405,0.6920605331659317,0.6935098350048066,0.6974328309297562,0.7006065249443054,0.7040126621723175,0.705519288778305,0.7073609530925751,0.7094542288780212
