step,best_fitness,avg_hamming,avg_l1,avg_entropy,mean,median,std,2%,5%,10%,25%,50%,75%,90%,95%,98%
91,-563.739990234375,255.9228515625,16.403879165649414,353.98799787248885,-563.739990234375,-543.5,102.71705627441406,-813.24,-727.65,-695.8,-629.0,-543.5,-494.75,-433.29999999999995,-408.55,-398.5200000000001
182,-632.0,255.84463500976562,18.155405044555664,353.7234148297991,-632.0,-622.0,92.29875183105469,-838.34,-813.15,-769.7,-684.0,-622.0,-570.0,-513.9,-507.70000000000005,-477.76000000000005
273,-656.3399658203125,255.7699737548828,19.777019500732422,353.4595947265625,-656.3400268554688,-650.5,87.65719604492188,-838.34,-816.05,-776.2,-720.0,-650.5,-595.75,-542.9,-527.95,-512.9
364,-675.0399780273438,255.69287109375,21.234081268310547,353.19913591657365,-675.0399780273438,-662.0,82.47386932373047,-855.44,-817.4,-778.8,-724.75,-662.0,-612.75,-573.8,-555.3000000000001,-533.86
455,-700.5199584960938,255.6125946044922,22.580562591552734,352.93643624441967,-700.52001953125,-692.0,81.48367309570312,-877.4,-844.05,-813.3,-752.0,-692.0,-636.75,-598.0,-589.95,-578.86
546,-715.1199951171875,255.53736877441406,23.865140914916992,352.67713710239957,-715.1199951171875,-709.0,76.6783218383789,-877.4,-845.5,-816.1,-768.25,-709.0,-655.0,-626.8,-602.75,-595.7800000000001
637,-729.9599609375,255.4635467529297,25.084339141845703,352.42025320870533,-729.9600219726562,-717.0,80.56462097167969,-972.12,-875.1,-838.4,-770.75,-717.0,-680.25,-645.8,-624.85,-597.74
728,-744.3399658203125,255.38551330566406,26.221752166748047,352.1604919433594,-744.3400268554688,-732.5,77.60015106201172,-972.12,-875.1,-842.2,-782.5,-732.5,-686.0,-649.0,-643.6,-624.5600000000001
819,-750.0999755859375,255.30990600585938,27.304080963134766,351.90563528878346,-750.0999755859375,-742.5,76.42388153076172,-972.12,-877.75,-845.1,-794.25,-742.5,-692.75,-669.5999999999999,-645.85,-629.4600000000002
910,-756.1799926757812,255.24154663085938,28.36064910888672,351.6556091308594,-756.1799926757812,-753.0,74.74160766601562,-972.12,-877.75,-855.5,-795.25,-753.0,-706.0,-670.9,-646.0,-641.88
1001,-765.8999633789062,255.1597137451172,29.37651824951172,351.39159720284596,-765.9000244140625,-754.5,73.27297973632812,-972.12,-892.25,-874.1,-801.25,-754.5,-712.75,-682.9,-667.0,-665.6000000000001
1092,-775.4199829101562,255.08334350585938,30.353912353515625,351.1338806152344,-775.4199829101562,-763.5,74.0113754272461,-972.12,-897.1,-875.1,-819.0,-763.5,-725.5,-683.0,-667.0,-665.6000000000001
1183,-779.8999633789062,255.0060577392578,31.278228759765625,350.87809099469865,-779.9000244140625,-769.5,74.10701751708984,-972.12,-898.05,-876.1,-832.0,-769.5,-728.5,-683.0,-667.0,-665.6000000000001
1274,-785.0999755859375,254.92820739746094,32.179744720458984,350.62088448660717,-785.0999755859375,-770.5,69.9151611328125,-972.12,-898.05,-876.1,-832.0,-770.5,-737.5,-704.0999999999998,-682.95,-667.0
1365,-787.7000122070312,254.8447265625,33.06473159790039,350.3580801827567,-787.7000122070312,-772.0,69.22954559326172,-972.12,-898.05,-876.1,-832.5,-772.0,-745.0,-706.0,-682.95,-667.0
1456,-794.6599731445312,254.767333984375,33.944210052490234,350.0984584263393,-794.6599731445312,-786.0,69.7961654663086,-972.12,-899.95,-879.5,-840.25,-786.0,-751.75,-714.5,-687.0,-667.0
1547,-799.6599731445312,254.6847381591797,34.78935241699219,349.83238002232144,-799.6599731445312,-791.5,70.03302764892578,-972.12,-919.85,-884.8,-846.0,-791.5,-754.75,-715.9,-705.45,-686.6000000000001
1638,-804.5599975585938,254.6068878173828,35.637081146240234,349.5690133231027,-804.5599975585938,-795.0,71.43602752685547,-978.18,-955.05,-892.5,-856.25,-795.0,-758.75,-717.8,-706.0,-686.6000000000001
1729,-805.9599609375,254.52392578125,36.43647766113281,349.3064182826451,-805.9600219726562,-797.0,70.9843521118164,-978.18,-955.05,-892.5,-856.25,-797.0,-759.0,-717.8,-706.0,-686.6000000000001
1820,-813.8999633789062,254.442626953125,37.21689224243164,349.0449741908482,-813.9000244140625,-800.0,76.32542419433594,-995.22,-972.3,-899.8,-865.0,-800.0,-767.0,-720.6999999999999,-706.0,-686.6000000000001
1911,-818.5199584960938,254.35824584960938,37.99542999267578,348.7778015136719,-818.52001953125,-806.5,76.35672760009766,-995.22,-972.3,-908.1,-867.0,-806.5,-767.0,-723.6999999999999,-707.9,-690.5200000000001
2002,-821.739990234375,254.27088928222656,38.748382568359375,348.50852748325894,-821.739990234375,-811.5,76.77312469482422,-1006.46,-972.3,-908.1,-870.5,-811.5,-770.5,-723.6999999999999,-707.9,-690.5200000000001
2093,-823.5799560546875,254.19082641601562,39.49555969238281,348.24401419503346,-823.5800170898438,-811.5,74.96080780029297,-1006.46,-972.3,-908.1,-870.5,-811.5,-773.75,-728.5,-709.9,-690.7800000000001
2184,-826.5799560546875,254.10589599609375,40.24756622314453,347.9709036690848,-826.5800170898438,-818.0,75.06346893310547,-1006.46,-972.3,-918.0,-872.0,-818.0,-774.0,-729.9,-710.85,-690.9200000000001
2275,-827.3999633789062,254.01478576660156,40.98227310180664,347.6935817173549,-827.4000244140625,-819.0,75.01986694335938,-1006.46,-972.3,-918.0,-872.0,-819.0,-774.0,-729.9,-710.85,-690.9200000000001
2366,-829.5,253.92465209960938,41.70597839355469,347.4125671386719,-829.5,-827.0,73.91975402832031,-1006.46,-972.3,-918.0,-872.0,-827.0,-777.0,-732.6999999999999,-714.8,-690.9200000000001
2457,-830.3399658203125,253.8329620361328,42.385643005371094,347.13741193498885,-830.3400268554688,-830.5,73.73482513427734,-1006.46,-972.3,-918.0,-872.0,-830.5,-777.0,-732.6999999999999,-714.8,-690.9200000000001
2548,-831.7999877929688,253.74847412109375,43.08803176879883,346.8644278390067,-831.7999877929688,-832.0,72.5621109008789,-1006.46,-972.3,-918.0,-872.0,-832.0,-777.25,-735.6999999999999,-720.7,-707.6600000000001
2639,-833.4400024414062,253.6494598388672,43.787498474121094,346.5757489885603,-833.4400024414062,-832.0,71.2265853881836,-1006.46,-972.3,-918.0,-872.5,-832.0,-777.25,-753.8999999999999,-723.85,-710.94
2730,-838.9199829101562,253.5547332763672,44.45778274536133,346.29408482142856,-838.9199829101562,-835.0,76.09844970703125,-1029.22,-978.45,-945.3,-875.25,-835.0,-781.0,-756.8,-728.75,-714.9200000000001
2821,-845.239990234375,253.4587860107422,45.104679107666016,346.0144609723772,-845.239990234375,-836.5,77.58455657958984,-1041.02,-987.95,-948.7,-876.25,-836.5,-794.5,-761.6999999999999,-728.75,-714.9200000000001
2912,-853.3800048828125,253.35292053222656,45.7802848815918,345.71641322544644,-853.3800048828125,-842.0,79.12089538574219,-1091.42,-1007.15,-957.2,-881.0,-842.0,-800.75,-772.5,-754.45,-720.88
3003,-856.5399780273438,253.25302124023438,46.412452697753906,345.4308428083147,-856.5399780273438,-843.5,77.58226776123047,-1091.42,-1007.15,-957.2,-884.25,-843.5,-805.75,-774.0,-758.9,-728.84
3094,-861.1199951171875,253.14927673339844,47.04559326171875,345.1366620744978,-861.1199951171875,-851.0,79.32670593261719,-1091.42,-1007.15,-968.0,-897.25,-851.0,-805.75,-774.0,-758.9,-728.84
3185,-862.8999633789062,253.04701232910156,47.68751907348633,344.84010532924106,-862.9000244140625,-853.5,81.03018188476562,-1091.42,-1029.55,-968.0,-897.25,-853.5,-809.25,-774.0,-758.9,-728.84
3276,-870.239990234375,252.93092346191406,48.29867935180664,344.53456333705356,-870.239990234375,-862.5,82.68230438232422,-1091.42,-1041.35,-978.9,-901.0,-862.5,-818.0,-779.8,-767.5500000000001,-728.84
3367,-872.6799926757812,252.8158721923828,48.919376373291016,344.2262050083705,-872.6799926757812,-864.0,83.8224105834961,-1091.42,-1041.35,-987.9,-908.25,-864.0,-818.0,-779.8,-767.5500000000001,-728.84
3458,-874.0199584960938,252.69996643066406,49.551082611083984,343.9101126534598,-874.02001953125,-864.0,82.51532745361328,-1091.42,-1041.35,-987.9,-908.25,-864.0,-819.5,-781.8,-768.0,-753.5000000000001
3549,-875.260009765625,252.58717346191406,50.1577033996582,343.603262765067,-875.260009765625,-865.0,82.27558898925781,-1091.42,-1041.35,-987.9,-908.25,-865.0,-819.75,-781.8,-768.0,-753.5000000000001
3640,-876.7799682617188,252.47068786621094,50.753761291503906,343.29410226004467,-876.780029296875,-865.0,80.88245391845703,-1091.42,-1041.35,-987.9,-908.25,-865.0,-825.0,-788.3,-773.7,-758.9
3731,-877.97998046875,252.35247802734375,51.35019302368164,342.9825701032366,-877.97998046875,-866.5,80.16545104980469,-1091.42,-1041.35,-987.9,-908.25,-866.5,-825.0,-796.1999999999999,-773.7,-758.9
3822,-879.1199951171875,252.2105255126953,51.90629577636719,342.6513933454241,-879.1199951171875,-867.0,80.06350708007812,-1091.42,-1041.35,-987.9,-912.0,-867.0,-825.0,-796.4,-774.95,-767.72
3913,-883.239990234375,252.09133911132812,52.47243118286133,342.33717564174106,-883.239990234375,-870.5,82.23212432861328,-1091.42,-1067.25,-997.0,-916.5,-870.5,-825.0,-797.0,-774.95,-767.84
4004,-884.9599609375,251.96900939941406,53.05132293701172,342.01602608816967,-884.9600219726562,-870.5,82.72374725341797,-1091.42,-1067.25,-997.0,-927.25,-870.5,-825.0,-797.0,-774.95,-768.0
4095,-891.0999755859375,251.83966064453125,53.632965087890625,341.6820722307478,-891.0999755859375,-878.0,81.34770202636719,-1091.42,-1067.25,-1007.4,-932.25,-878.0,-834.25,-799.9,-788.5,-769.96
4186,-896.0,251.7091522216797,54.192413330078125,341.35398646763394,-896.0,-883.5,81.25700378417969,-1091.42,-1067.25,-1020.9,-935.0,-883.5,-840.0,-801.6999999999999,-788.5,-769.96
4277,-897.0999755859375,251.5791015625,54.766963958740234,341.0163312639509,-897.0999755859375,-884.0,80.7403793334961,-1091.42,-1067.25,-1020.9,-935.0,-884.0,-844.0,-801.6999999999999,-790.9,-769.96
4368,-907.6199951171875,251.44638061523438,55.3273811340332,340.6794128417969,-907.6199951171875,-892.5,80.41116333007812,-1112.0,-1074.8,-1032.6,-948.5,-892.5,-847.5,-821.5999999999999,-799.0,-792.9200000000001
4459,-914.0399780273438,251.30360412597656,55.872337341308594,340.335684640067,-914.0399780273438,-898.0,82.74646759033203,-1112.0,-1074.8,-1040.3,-956.75,-898.0,-853.5,-821.5999999999999,-801.85,-792.9200000000001
4550,-920.0199584960938,251.155517578125,56.40390396118164,339.9869689941406,-920.02001953125,-905.5,83.009765625,-1112.0,-1074.8,-1040.3,-960.5,-905.5,-861.75,-825.0,-804.85,-796.9200000000001
4641,-926.5,250.99990844726562,56.9554328918457,339.62418474469865,-926.5,-911.5,84.5870590209961,-1112.0,-1091.0,-1067.3,-968.0,-911.5,-868.0,-828.5999999999999,-812.6,-798.88
4732,-930.0,250.84249877929688,57.492149353027344,339.26366751534596,-930.0,-918.5,83.69790649414062,-1112.0,-1091.0,-1067.3,-970.5,-918.5,-869.75,-828.5999999999999,-812.6,-798.88
4823,-931.1199951171875,250.6767120361328,58.006675720214844,338.8956821986607,-931.1199951171875,-918.5,82.51524353027344,-1112.0,-1091.0,-1067.3,-970.5,-918.5,-870.75,-839.0999999999999,-812.7,-801.94
4914,-932.5799560546875,250.52146911621094,58.53242111206055,338.53546142578125,-932.5800170898438,-918.5,81.28126525878906,-1112.0,-1091.0,-1067.3,-970.5,-918.5,-880.0,-839.0999999999999,-816.8,-804.88
5005,-933.6199951171875,250.3423614501953,59.044639587402344,338.1505562918527,-933.6199951171875,-918.5,80.35394287109375,-1112.0,-1091.0,-1067.3,-978.0,-918.5,-880.0,-839.6999999999999,-821.75,-806.96
5096,-934.3999633789062,250.1596221923828,59.54990005493164,337.7594473702567,-934.4000244140625,-919.5,80.026123046875,-1112.0,-1091.0,-1067.3,-978.0,-919.5,-882.5,-839.6999999999999,-821.75,-806.96
5187,-939.1599731445312,249.98147583007812,60.0693473815918,337.3680681501116,-939.1599731445312,-929.5,79.01793670654297,-1112.0,-1091.0,-1067.3,-980.25,-929.5,-885.75,-845.4,-825.5500000000001,-806.96
5278,-945.6399536132812,249.8121795654297,60.6027717590332,336.97896902901783,-945.6400146484375,-932.5,81.41160583496094,-1113.46,-1091.0,-1070.2,-988.25,-932.5,-890.5,-856.0999999999999,-830.75,-812.88
5369,-955.0,249.6079559326172,61.08515548706055,336.56714303152904,-955.0,-937.5,84.2112808227539,-1158.62,-1112.0,-1090.1,-995.5,-937.5,-897.0,-864.4,-838.85,-825.74
5460,-958.6399536132812,249.412109375,61.58395004272461,336.15916660853793,-958.6400146484375,-943.5,81.30738067626953,-1158.62,-1112.0,-1090.1,-995.5,-943.5,-903.75,-867.0,-856.5500000000001,-838.94
5551,-960.4199829101562,249.21505737304688,62.06381607055664,335.7543640136719,-960.4199829101562,-943.5,81.50634002685547,-1158.62,-1112.0,-1090.1,-1013.0,-943.5,-903.75,-867.0,-857.0,-847.88
5642,-973.3800048828125,249.00132751464844,62.546085357666016,335.32864815848217,-973.3800048828125,-955.5,82.10381317138672,-1183.12,-1112.4,-1091.0,-1029.75,-955.5,-917.25,-870.8,-858.9,-852.9
5733,-976.1399536132812,248.8015594482422,63.060001373291016,334.9025094168527,-976.1400146484375,-958.5,82.38204193115234,-1183.12,-1113.8,-1091.0,-1029.75,-958.5,-918.75,-870.8,-858.9,-852.9
5824,-983.6799926757812,248.58840942382812,63.525634765625,334.47607857840404,-983.6799926757812,-966.0,82.5098648071289,-1183.12,-1146.1,-1091.6,-1040.0,-966.0,-926.5,-873.6999999999999,-864.7,-852.9
5915,-991.5999755859375,248.38568115234375,63.983482360839844,334.0634024483817,-991.5999755859375,-966.0,89.75778198242188,-1196.38,-1159.25,-1103.0,-1043.5,-966.0,-929.5,-888.5999999999999,-867.0,-858.96
6006,-996.0,248.17303466796875,64.4648208618164,333.629874093192,-996.0,-978.0,86.80219268798828,-1196.38,-1159.25,-1103.0,-1043.5,-978.0,-933.0,-896.5,-873.75,-866.96
6097,-1006.1599731445312,247.9531707763672,64.92819213867188,333.1919468470982,-1006.1599731445312,-987.0,87.27378845214844,-1196.38,-1159.25,-1116.0,-1054.0,-987.0,-949.0,-902.8,-883.5,-867.0
6188,-1013.6599731445312,247.72312927246094,65.36990356445312,332.7520533970424,-1013.6599731445312,-1003.5,88.10984802246094,-1196.38,-1163.05,-1136.6,-1074.5,-1003.5,-952.5,-913.8,-884.95,-868.96
6279,-1022.5599975585938,247.50575256347656,65.81333923339844,332.31903076171875,-1022.5599975585938,-1013.5,88.78482818603516,-1242.44,-1183.3,-1142.4,-1081.5,-1013.5,-956.75,-920.6999999999999,-896.4000000000001,-878.8000000000001
6370,-1027.02001953125,247.26747131347656,66.27079772949219,331.8582676478795,-1027.02001953125,-1014.5,85.12425994873047,-1242.44,-1183.3,-1142.4,-1081.5,-1014.5,-959.75,-928.5999999999999,-912.5,-896.76
6461,-1036.9000244140625,247.0352020263672,66.74183654785156,331.39589146205356,-1036.9000244140625,-1022.5,89.5580825805664,-1264.24,-1183.3,-1148.4,-1090.25,-1022.5,-971.0,-942.8,-917.85,-902.88
6552,-1045.8399658203125,246.79891967773438,67.2076187133789,330.925528390067,-1045.8399658203125,-1038.0,89.0361328125,-1264.24,-1189.3,-1158.4,-1095.5,-1038.0,-973.75,-952.6999999999999,-924.85,-912.6800000000001
6643,-1052.52001953125,246.5529022216797,67.63668823242188,330.45865740094865,-1052.52001953125,-1043.0,92.4228744506836,-1277.22,-1196.85,-1158.4,-1100.5,-1043.0,-983.75,-956.9,-924.85,-912.9200000000001
6734,-1059.280029296875,246.31285095214844,68.07057189941406,329.99767630440846,-1059.280029296875,-1044.5,91.89157104492188,-1277.22,-1200.65,-1177.1,-1112.5,-1044.5,-989.0,-959.9,-948.7500000000001,-914.96
6825,-1073.4000244140625,246.05096435546875,68.49372863769531,329.51094709123885,-1073.4000244140625,-1051.5,100.46979522705078,-1329.16,-1276.25,-1201.8,-1134.5,-1051.5,-1003.75,-963.9,-948.7500000000001,-914.96
6916,-1091.52001953125,245.77783203125,68.90748596191406,329.0156685965402,-1091.52001953125,-1079.0,101.6965560913086,-1329.16,-1276.25,-1232.5,-1153.5,-1079.0,-1012.75,-971.0,-956.65,-921.86
7007,-1103.0399169921875,245.5061492919922,69.2925033569336,328.5303867885045,-1103.0400390625,-1088.5,99.75439453125,-1329.16,-1276.25,-1239.4,-1163.25,-1088.5,-1024.0,-984.3,-963.8,-950.98
7098,-1112.219970703125,245.2447967529297,69.72557830810547,328.0333164760045,-1112.219970703125,-1098.0,97.92513275146484,-1329.16,-1276.45,-1240.3,-1170.25,-1098.0,-1048.75,-1001.5999999999999,-969.7,-950.98
7189,-1120.0399169921875,244.95468139648438,70.13070678710938,327.51304408482144,-1120.0400390625,-1107.5,100.68693542480469,-1338.54,-1285.25,-1240.3,-1177.25,-1107.5,-1049.0,-1003.3999999999999,-970.95,-950.98
7280,-1131.93994140625,244.67416381835938,70.5295639038086,327.0075378417969,-1131.93994140625,-1129.0,102.93889617919922,-1414.52,-1299.55,-1258.6,-1184.5,-1129.0,-1061.5,-1006.9,-977.95,-969.6200000000001
7371,-1148.239990234375,244.3896484375,70.93101501464844,326.4929896763393,-1148.239990234375,-1139.5,104.08535766601562,-1414.52,-1329.4,-1274.2,-1214.5,-1139.5,-1075.5,-1024.9,-981.8,-969.84
7462,-1165.8599853515625,244.0835418701172,71.31632232666016,325.9553789411272,-1165.8599853515625,-1161.5,107.19943237304688,-1414.52,-1354.25,-1328.1,-1237.25,-1161.5,-1081.75,-1039.6,-1017.6,-977.86
7553,-1170.5,243.78997802734375,71.70880889892578,325.42782156808033,-1170.5,-1163.5,103.86341857910156,-1414.52,-1354.25,-1328.1,-1237.25,-1163.5,-1094.0,-1040.9,-1022.75,-981.9200000000001
7644,-1183.52001953125,243.49266052246094,72.0730209350586,324.9097377232143,-1183.52001953125,-1174.0,102.66951751708984,-1414.52,-1355.5,-1328.1,-1249.75,-1174.0,-1112.75,-1057.8,-1028.8,-997.6800000000001
7735,-1195.52001953125,243.17945861816406,72.44482421875,324.36651611328125,-1195.52001953125,-1186.0,106.0910415649414,-1440.18,-1385.15,-1332.5,-1258.25,-1186.0,-1125.5,-1061.8,-1028.8,-997.6800000000001
7826,-1202.02001953125,242.8784637451172,72.83119201660156,323.82303292410717,-1202.02001953125,-1193.5,105.39801025390625,-1440.18,-1385.15,-1337.8,-1264.25,-1193.5,-1137.5,-1067.1999999999998,-1042.9,-997.6800000000001
7917,-1211.760009765625,242.57606506347656,73.19189453125,323.29041835239957,-1211.760009765625,-1204.0,102.18631744384766,-1440.18,-1400.35,-1345.8,-1266.25,-1204.0,-1151.25,-1078.5,-1055.8,-1040.14
8008,-1219.1199951171875,242.2740936279297,73.572265625,322.7473711286272,-1219.1199951171875,-1211.0,106.7432632446289,-1449.22,-1408.3,-1354.5,-1279.5,-1211.0,-1155.5,-1078.5,-1055.8,-1040.14
8099,-1230.6400146484375,241.9575653076172,73.92259979248047,322.2003914969308,-1230.6400146484375,-1212.5,111.36557006835938,-1468.12,-1440.45,-1400.8,-1287.0,-1212.5,-1157.5,-1101.9,-1067.6,-1050.9200000000003
8190,-1240.719970703125,241.6415557861328,74.3022689819336,321.63448660714283,-1240.719970703125,-1237.5,113.38863372802734,-1468.12,-1440.45,-1408.6,-1307.0,-1237.5,-1164.75,-1102.9,-1067.6,-1051.2000000000003
8281,-1252.780029296875,241.30787658691406,74.6391372680664,321.07056100027904,-1252.780029296875,-1250.5,110.0538558959961,-1468.12,-1440.45,-1414.2,-1333.0,-1250.5,-1173.5,-1112.9,-1095.8500000000001,-1059.8
8372,-1262.0399169921875,240.97479248046875,74.96705627441406,320.50613839285717,-1262.0400390625,-1259.5,111.92273712158203,-1468.12,-1440.45,-1419.1,-1342.75,-1259.5,-1178.5,-1112.9,-1095.8500000000001,-1059.8
8463,-1270.9000244140625,240.6532745361328,75.30931091308594,319.94645036969865,-1270.9000244140625,-1264.5,108.23331451416016,-1468.12,-1440.45,-1419.1,-1347.0,-1264.5,-1196.0,-1130.3999999999999,-1099.65,-1059.8
8554,-1289.5399169921875,240.31222534179688,75.64967346191406,319.3647766113281,-1289.5400390625,-1286.0,114.78365325927734,-1531.54,-1469.8,-1440.2,-1363.0,-1286.0,-1206.25,-1162.4999999999998,-1113.9,-1067.8400000000001
8645,-1302.1400146484375,239.97695922851562,75.97438049316406,318.79097638811385,-1302.1400146484375,-1301.5,116.04637145996094,-1531.54,-1469.8,-1444.5,-1380.25,-1301.5,-1210.5,-1162.4999999999998,-1124.45,-1067.8400000000001
8736,-1320.719970703125,239.63055419921875,76.30823516845703,318.2025451660156,-1320.719970703125,-1318.5,108.61206817626953,-1531.54,-1493.55,-1453.6,-1399.5,-1318.5,-1247.5,-1176.9,-1148.55,-1113.48
8827,-1330.3599853515625,239.2920684814453,76.61920928955078,317.6321280343192,-1330.3599853515625,-1335.5,108.05152130126953,-1531.54,-1493.55,-1459.1,-1405.75,-1335.5,-1256.75,-1190.6999999999998,-1159.95,-1113.48
8918,-1346.260009765625,238.94534301757812,76.91944885253906,317.05713326590404,-1346.260009765625,-1345.5,113.37156677246094,-1605.16,-1532.35,-1469.4,-1419.25,-1345.5,-1270.25,-1194.7,-1173.3500000000001,-1130.76
9009,-1358.5599365234375,238.6143341064453,77.24344635009766,316.4865025111607,-1358.56005859375,-1359.5,107.35355377197266,-1605.16,-1532.35,-1486.5,-1434.25,-1359.5,-1275.5,-1207.0,-1186.6,-1173.74
9100,-1372.3800048828125,238.25753784179688,77.56144714355469,315.88992745535717,-1372.3800048828125,-1375.5,108.11473846435547,-1625.08,-1558.85,-1491.1,-1442.5,-1375.5,-1279.0,-1238.8,-1194.65,-1178.9
9191,-1382.7999267578125,237.9102020263672,77.84272003173828,315.3114667619978,-1382.800048828125,-1380.0,107.64897155761719,-1625.08,-1576.6,-1512.7,-1452.25,-1380.0,-1295.25,-1239.0,-1211.85,-1187.78
9282,-1392.0799560546875,237.57171630859375,78.18598175048828,314.7118443080357,-1392.0799560546875,-1399.0,105.34046173095703,-1625.08,-1576.6,-1528.2,-1459.25,-1399.0,-1304.75,-1258.9,-1231.55,-1194.8600000000001
9373,-1407.919921875,237.2232666015625,78.49462890625,314.1140877859933,-1407.9200439453125,-1409.0,105.91380310058594,-1629.1,-1607.3,-1555.3,-1482.75,-1409.0,-1326.0,-1271.7,-1250.55,-1234.48
9464,-1419.7999267578125,236.8970947265625,78.81246948242188,313.5367693219866,-1419.800048828125,-1418.0,111.2396469116211,-1643.24,-1613.8,-1559.7,-1492.5,-1418.0,-1329.75,-1288.0,-1258.6,-1234.48
9555,-1441.739990234375,236.55218505859375,79.09210205078125,312.95021275111606,-1441.739990234375,-1430.0,118.40672302246094,-1658.7,-1634.45,-1593.5,-1525.0,-1430.0,-1360.75,-1289.8,-1272.3,-1241.3400000000001
9646,-1452.679931640625,236.2060089111328,79.3798828125,312.3567374093192,-1452.6800537109375,-1452.5,117.19281768798828,-1658.7,-1635.4,-1607.6,-1530.0,-1452.5,-1371.75,-1295.3999999999999,-1272.8,-1241.3400000000001
9737,-1471.1199951171875,235.83920288085938,79.66578674316406,311.7419128417969,-1471.1199951171875,-1478.0,108.99874877929688,-1658.7,-1640.75,-1613.3,-1537.0,-1478.0,-1397.0,-1321.7,-1289.95,-1275.8600000000001
9828,-1482.1199951171875,235.4747314453125,79.93384552001953,311.1352757045201,-1482.1199951171875,-1486.5,111.20559692382812,-1701.82,-1655.0,-1629.5,-1554.0,-1486.5,-1406.5,-1325.6,-1295.8,-1287.8600000000001
9919,-1496.659912109375,235.1150360107422,80.2212142944336,310.51957048688615,-1496.6600341796875,-1508.0,114.46233367919922,-1701.82,-1655.1,-1635.3,-1581.0,-1508.0,-1413.0,-1326.0,-1295.8,-1287.8600000000001
10010,-1516.199951171875,234.7432403564453,80.5063705444336,309.88941737583707,-1516.199951171875,-1524.5,122.23084259033203,-1759.78,-1708.75,-1660.7,-1607.0,-1524.5,-1431.25,-1341.0,-1307.8,-1288.98
10101,-1523.8399658203125,234.386962890625,80.78287506103516,309.2841055733817,-1523.8399658203125,-1530.5,119.37033081054688,-1759.78,-1708.75,-1677.4,-1607.0,-1530.5,-1441.5,-1357.8,-1313.5,-1288.98
10192,-1536.9000244140625,234.02064514160156,81.07091522216797,308.65804181780135,-1536.9000244140625,-1546.0,121.16241455078125,-1798.02,-1743.8,-1690.2,-1612.25,-1546.0,-1459.75,-1359.8,-1331.9,-1313.8
10283,-1548.3800048828125,233.65248107910156,81.32587432861328,308.0407453264509,-1548.3800048828125,-1552.0,127.66313171386719,-1799.28,-1760.9,-1709.3,-1633.25,-1552.0,-1459.75,-1363.7,-1335.8,-1326.98
10374,-1557.1199951171875,233.29859924316406,81.59800720214844,307.43492344447543,-1557.1199951171875,-1570.0,127.23933410644531,-1799.28,-1760.9,-1709.3,-1642.25,-1570.0,-1470.25,-1381.1,-1349.3,-1326.98
10465,-1576.5999755859375,232.9362030029297,81.86067962646484,306.8176923479353,-1576.5999755859375,-1587.0,129.2536163330078,-1813.92,-1782.8,-1722.1,-1662.0,-1587.0,-1477.25,-1406.5,-1381.1000000000001,-1337.96
10556,-1589.0399169921875,232.5865020751953,82.14360809326172,306.20792497907365,-1589.0400390625,-1591.0,123.59490203857422,-1813.92,-1782.8,-1723.5,-1672.25,-1591.0,-1488.75,-1430.8,-1406.25,-1381.0800000000002
10647,-1605.239990234375,232.22059631347656,82.41866302490234,305.5805358886719,-1605.239990234375,-1606.0,125.0308837890625,-1859.62,-1798.05,-1744.6,-1691.0,-1606.0,-1509.75,-1442.8,-1414.9,-1391.8
10738,-1621.159912109375,231.84124755859375,82.68226623535156,304.94175502232144,-1621.1600341796875,-1618.0,132.4809112548828,-1890.2,-1834.3,-1780.2,-1704.25,-1618.0,-1525.75,-1442.8,-1414.9,-1391.8
10829,-1636.47998046875,231.47047424316406,82.92684936523438,304.3240966796875,-1636.47998046875,-1629.0,137.9837188720703,-1901.18,-1859.25,-1804.0,-1729.25,-1629.0,-1545.0,-1443.9,-1424.5,-1406.7
10920,-1642.199951171875,231.11083984375,83.16259765625,303.7137669154576,-1642.199951171875,-1634.0,136.29298400878906,-1901.18,-1859.25,-1813.5,-1729.75,-1634.0,-1554.25,-1470.9999999999998,-1428.8,-1412.88
11011,-1655.419921875,230.7471923828125,83.43147277832031,303.0832039969308,-1655.4200439453125,-1650.5,133.0847930908203,-1909.02,-1859.25,-1813.5,-1742.25,-1650.5,-1578.0,-1475.8,-1440.5,-1412.88
11102,-1666.219970703125,230.3818817138672,83.6773910522461,302.46219744001115,-1666.219970703125,-1662.5,129.79989624023438,-1909.02,-1865.6,-1815.0,-1747.5,-1662.5,-1595.5,-1479.6,-1441.95,-1428.5600000000002
11193,-1680.7799072265625,230.02459716796875,83.91320037841797,301.85331072126115,-1680.780029296875,-1680.0,135.23036193847656,-1959.18,-1900.4,-1859.0,-1759.5,-1680.0,-1601.0,-1497.1,-1457.15,-1428.5600000000002
11284,-1695.739990234375,229.6685333251953,84.16576385498047,301.23536900111606,-1695.739990234375,-1698.5,130.6262969970703,-1959.18,-1900.4,-1859.0,-1771.75,-1698.5,-1615.25,-1528.6,-1475.9,-1430.52
11375,-1707.5,229.3159942626953,84.41015625,300.62098911830356,-1707.5,-1715.5,127.20050811767578,-1959.18,-1900.4,-1859.5,-1787.25,-1715.5,-1626.5,-1543.4999999999998,-1509.45,-1452.76
11466,-1719.239990234375,228.95858764648438,84.65099334716797,299.99747140066967,-1719.239990234375,-1727.0,125.0072021484375,-1959.18,-1909.2,-1894.2,-1801.75,-1727.0,-1637.75,-1543.4999999999998,-1514.75,-1473.5600000000002
11557,-1726.1199951171875,228.59152221679688,84.8884048461914,299.37166486467635,-1726.1199951171875,-1730.0,124.94049072265625,-1959.18,-1940.15,-1897.3,-1802.5,-1730.0,-1639.5,-1550.6999999999998,-1515.0,-1498.5
11648,-1738.159912109375,228.24618530273438,85.12987518310547,298.7627912248884,-1738.1600341796875,-1742.0,126.528076171875,-1988.14,-1947.6,-1901.7,-1812.25,-1742.0,-1645.75,-1555.0,-1525.8,-1509.2800000000002
11739,-1751.89990234375,227.88397216796875,85.3676528930664,298.1341857910156,-1751.9000244140625,-1754.0,125.94352722167969,-1988.14,-1964.2,-1910.4,-1832.25,-1754.0,-1662.75,-1604.6999999999998,-1528.85,-1514.18
11830,-1767.659912109375,227.52609252929688,85.5782699584961,297.52510724748885,-1767.6600341796875,-1764.0,128.4779510498047,-1995.56,-1981.35,-1943.4,-1859.5,-1764.0,-1674.0,-1612.3,-1554.6,-1524.9600000000003
11921,-1773.8399658203125,227.16897583007812,85.80497741699219,296.8986249651228,-1773.8399658203125,-1773.0,127.52770233154297,-1995.56,-1981.35,-1943.4,-1859.5,-1773.0,-1684.0,-1612.3,-1555.0,-1527.9000000000003
12012,-1784.739990234375,226.800048828125,86.00596618652344,296.2786298479353,-1784.739990234375,-1778.0,128.71734619140625,-1995.56,-1981.35,-1951.8,-1887.75,-1778.0,-1703.5,-1625.7999999999997,-1555.0,-1545.5400000000002
12103,-1796.3800048828125,226.4587860107422,86.24516296386719,295.6700003487723,-1796.3800048828125,-1790.5,132.8347625732422,-2024.08,-1981.35,-1959.3,-1899.0,-1790.5,-1720.5,-1636.1,-1555.0,-1546.18
12194,-1807.5,226.0904083251953,86.44771575927734,295.0487758091518,-1807.5,-1815.5,133.09503173828125,-2076.02,-1988.35,-1959.5,-1899.25,-1815.5,-1722.75,-1641.5,-1580.65,-1546.18
12285,-1813.93994140625,225.74822998046875,86.68242645263672,294.4422127859933,-1813.93994140625,-1829.5,132.82220458984375,-2076.02,-1988.35,-1964.2,-1900.0,-1829.5,-1724.5,-1641.5,-1595.3,-1548.14
12376,-1826.1199951171875,225.4040985107422,86.90104675292969,293.8379603794643,-1826.1199951171875,-1848.0,128.522705078125,-2076.02,-1988.35,-1968.4,-1903.25,-1848.0,-1737.0,-1646.5,-1603.85,-1548.82
12467,-1842.2799072265625,225.04925537109375,87.11842346191406,293.2097429547991,-1842.280029296875,-1854.5,139.45730590820312,-2078.12,-2047.1,-2006.2,-1948.5,-1854.5,-1737.0,-1646.5,-1603.85,-1552.74
12558,-1855.179931640625,224.70742797851562,87.31742858886719,292.61574009486606,-1855.1800537109375,-1864.0,143.07908630371094,-2135.12,-2073.15,-2008.1,-1955.25,-1864.0,-1769.0,-1664.0,-1605.9,-1552.74
12649,-1867.760009765625,224.3459930419922,87.5346908569336,291.9839390345982,-1867.760009765625,-1874.0,141.68614196777344,-2154.72,-2076.5,-2021.0,-1970.25,-1874.0,-1777.0,-1668.9,-1627.25,-1603.5600000000002
12740,-1874.0599365234375,223.99951171875,87.74248504638672,291.37520926339283,-1874.06005859375,-1876.5,141.70156860351562,-2166.48,-2088.35,-2031.7,-1972.25,-1876.5,-1789.75,-1683.6999999999998,-1641.9,-1603.5600000000002
12831,-1894.419921875,223.6374969482422,87.92790985107422,290.7588544573103,-1894.4200439453125,-1900.5,135.2831268310547,-2166.48,-2088.35,-2047.2,-1981.0,-1900.5,-1804.5,-1724.6999999999998,-1667.65,-1603.5600000000002
12922,-1910.8599853515625,223.2842254638672,88.15058135986328,290.13026210239957,-1910.8599853515625,-1912.0,134.1500701904297,-2174.32,-2134.0,-2055.9,-1998.25,-1912.0,-1829.75,-1733.9,-1709.1000000000001,-1603.88
13013,-1927.97998046875,222.93768310546875,88.34373474121094,289.52872140066967,-1927.97998046875,-1921.0,130.5481414794922,-2239.34,-2153.6,-2073.3,-2009.25,-1921.0,-1836.25,-1749.0,-1728.85,-1709.6000000000001
13104,-1936.3599853515625,222.58856201171875,88.52422332763672,288.9248788016183,-1936.3599853515625,-1946.5,133.81468200683594,-2239.34,-2165.4,-2082.4,-2020.25,-1946.5,-1837.75,-1749.0,-1730.75,-1711.5600000000002
13195,-1942.739990234375,222.23684692382812,88.72677612304688,288.30529349190846,-1942.739990234375,-1946.5,138.39447021484375,-2284.12,-2173.35,-2090.5,-2035.25,-1946.5,-1846.0,-1774.1999999999998,-1730.75,-1711.5600000000002
13286,-1949.4599609375,221.8902587890625,88.93475341796875,287.69168962751115,-1949.4599609375,-1959.5,138.95297241210938,-2284.12,-2183.3,-2131.2,-2037.25,-1959.5,-1851.0,-1777.9,-1730.75,-1711.5600000000002
13377,-1954.2799072265625,221.5331573486328,89.12614440917969,287.06947544642856,-1954.280029296875,-1959.5,141.03892517089844,-2284.12,-2190.95,-2136.2,-2042.5,-1959.5,-1851.0,-1781.5,-1730.75,-1711.5600000000002
13468,-1965.5999755859375,221.19032287597656,89.32172393798828,286.46229771205356,-1965.5999755859375,-1965.0,142.62376403808594,-2284.12,-2190.95,-2173.0,-2052.25,-1965.0,-1871.25,-1788.3,-1736.7,-1711.5600000000002
13559,-1975.5599365234375,220.87831115722656,89.5527572631836,285.8641793387277,-1975.56005859375,-1976.0,140.66580200195312,-2284.12,-2228.55,-2180.3,-2052.25,-1976.0,-1877.25,-1789.9,-1757.55,-1730.7
13650,-1985.0799560546875,220.53453063964844,89.76138305664062,285.2425275530134,-1985.0799560546875,-1987.5,135.80224609375,-2284.12,-2228.55,-2180.3,-2056.25,-1987.5,-1889.0,-1793.6,-1770.95,-1748.5800000000002
13741,-1992.7799072265625,220.20452880859375,89.97716522216797,284.640869140625,-1992.780029296875,-1992.0,131.28172302246094,-2284.12,-2239.0,-2180.3,-2058.25,-1992.0,-1906.0,-1833.7,-1770.95,-1748.5800000000002
13832,-2005.419921875,219.85958862304688,90.17721557617188,284.0168936593192,-2005.4200439453125,-1994.0,135.86936950683594,-2284.12,-2239.2,-2185.4,-2083.0,-1994.0,-1919.75,-1833.7,-1776.65,-1748.5800000000002
13923,-2012.260009765625,219.5502471923828,90.4013900756836,283.4313485281808,-2012.260009765625,-1994.0,140.5258331298828,-2290.64,-2243.9,-2201.3,-2106.0,-1994.0,-1920.75,-1833.7,-1776.65,-1748.5800000000002
14014,-2017.2999267578125,219.2428436279297,90.61054229736328,282.8471025739397,-2017.300048828125,-1994.0,144.23081970214844,-2322.34,-2262.15,-2207.0,-2106.0,-1994.0,-1920.75,-1833.7,-1776.65,-1748.5800000000002
14105,-2025.0799560546875,218.90574645996094,90.78075408935547,282.24815586635043,-2025.0799560546875,-2021.5,145.9786834716797,-2322.34,-2284.3,-2225.3,-2113.5,-2021.5,-1920.75,-1833.7,-1776.65,-1755.8600000000001
14196,-2034.0799560546875,218.55755615234375,90.9576644897461,281.6431230817522,-2034.0799560546875,-2031.0,145.1581573486328,-2322.34,-2290.05,-2229.1,-2131.75,-2031.0,-1931.5,-1833.7,-1801.85,-1757.96
14287,-2044.0198974609375,218.240478515625,91.1540756225586,281.05296543666293,-2044.02001953125,-2047.5,141.9724578857422,-2322.34,-2291.2,-2239.4,-2131.75,-2047.5,-1950.5,-1854.6,-1822.9,-1776.6200000000001
14378,-2053.159912109375,217.90638732910156,91.34779357910156,280.4440133231027,-2053.159912109375,-2053.5,140.12835693359375,-2322.34,-2291.2,-2244.8,-2140.0,-2053.5,-1970.75,-1867.6999999999998,-1823.3,-1776.6200000000001
14469,-2060.760009765625,217.5720672607422,91.53374481201172,279.8371276855469,-2060.760009765625,-2062.5,138.58543395996094,-2322.34,-2291.2,-2244.8,-2140.0,-2062.5,-1978.25,-1867.6999999999998,-1833.5,-1776.6200000000001
14560,-2068.719970703125,217.26934814453125,91.73359680175781,279.25750732421875,-2068.719970703125,-2074.0,138.7591552734375,-2322.34,-2291.2,-2244.8,-2161.75,-2074.0,-1984.5,-1878.4999999999998,-1833.5,-1776.6200000000001
14651,-2075.579833984375,216.944580078125,91.90899658203125,278.6679251534598,-2075.580078125,-2082.5,137.04745483398438,-2322.34,-2291.2,-2244.8,-2181.25,-2082.5,-1985.5,-1882.8,-1833.5,-1776.6200000000001
14742,-2084.5,216.62416076660156,92.094482421875,278.0713631766183,-2084.5,-2090.0,136.68389892578125,-2322.34,-2295.05,-2263.0,-2185.0,-2090.0,-1992.75,-1884.7,-1833.5,-1808.9600000000003
14833,-2095.719970703125,216.29608154296875,92.26942443847656,277.47518048967635,-2095.719970703125,-2094.0,135.16175842285156,-2341.54,-2298.25,-2281.3,-2189.75,-2094.0,-2002.75,-1913.7999999999997,-1857.75,-1814.94
14924,-2111.639892578125,215.9756317138672,92.43095397949219,276.88721139090404,-2111.639892578125,-2094.0,136.94383239746094,-2368.52,-2341.7,-2297.2,-2215.5,-2094.0,-2015.75,-1944.0,-1884.85,-1857.52
15015,-2121.139892578125,215.6475372314453,92.6055908203125,276.2856924874442,-2121.139892578125,-2099.5,132.527587890625,-2368.52,-2343.6,-2301.3,-2225.0,-2099.5,-2022.75,-1959.6999999999998,-1906.65,-1861.74
15106,-2127.780029296875,215.323486328125,92.78943634033203,275.6865888323103,-2127.780029296875,-2099.5,139.41236877441406,-2394.16,-2358.5,-2330.0,-2229.75,-2099.5,-2022.75,-1959.6999999999998,-1907.95,-1887.2200000000003
15197,-2137.820068359375,214.9932098388672,92.95381164550781,275.0982971191406,-2137.820068359375,-2112.5,140.94305419921875,-2394.16,-2358.5,-2341.2,-2246.0,-2112.5,-2025.5,-1959.6999999999998,-1907.95,-1887.2200000000003
15288,-2147.33984375,214.6905059814453,93.14689636230469,274.5109601702009,-2147.340087890625,-2129.5,139.81539916992188,-2423.26,-2369.15,-2345.2,-2246.25,-2129.5,-2061.75,-1975.7,-1914.65,-1888.98
15379,-2158.06005859375,214.3594512939453,93.33686065673828,273.9041966029576,-2158.06005859375,-2145.5,139.10879516601562,-2423.26,-2371.05,-2347.8,-2262.5,-2145.5,-2071.0,-1993.1,-1942.5500000000002,-1906.6200000000001
15470,-2172.5,214.0331573486328,93.51054382324219,273.3052062988281,-2172.5,-2156.5,139.1248779296875,-2423.26,-2394.1,-2359.0,-2269.5,-2156.5,-2082.0,-1998.4999999999998,-1942.5500000000002,-1906.6200000000001
15561,-2180.619873046875,213.70541381835938,93.6985092163086,272.69703456333707,-2180.6201171875,-2176.0,141.02877807617188,-2424.26,-2395.05,-2368.0,-2276.0,-2176.0,-2088.75,-1998.4999999999998,-1942.5500000000002,-1906.8600000000001
15652,-2190.639892578125,213.37290954589844,93.86766815185547,272.09146554129467,-2190.639892578125,-2188.5,136.50732421875,-2424.26,-2395.05,-2368.0,-2284.25,-2188.5,-2100.25,-2015.6,-1945.4,-1906.8600000000001
15743,-2200.119873046875,213.06492614746094,94.04977416992188,271.5034833635603,-2200.1201171875,-2189.0,137.51307678222656,-2486.58,-2396.65,-2372.2,-2291.5,-2189.0,-2108.75,-2023.0,-1953.65,-1909.94
15834,-2208.679931640625,212.74644470214844,94.22089385986328,270.91601998465404,-2208.679931640625,-2199.5,136.33502197265625,-2499.32,-2409.7,-2383.8,-2296.75,-2199.5,-2114.25,-2040.1,-1972.85,-1946.2000000000003
15925,-2214.139892578125,212.43182373046875,94.38929748535156,270.3358633858817,-2214.139892578125,-2208.5,136.0974578857422,-2499.32,-2409.7,-2383.8,-2306.5,-2208.5,-2122.0,-2051.9,-1972.85,-1946.2000000000003
16016,-2223.93994140625,212.1285400390625,94.544921875,269.7666538783482,-2223.93994140625,-2213.5,130.03990173339844,-2499.32,-2423.35,-2394.1,-2306.5,-2213.5,-2133.75,-2071.2999999999997,-2021.3500000000001,-1973.98
16107,-2227.43994140625,211.8262481689453,94.72494506835938,269.17956107003346,-2227.43994140625,-2214.0,129.99624633789062,-2499.32,-2431.6,-2396.4,-2306.5,-2214.0,-2133.75,-2072.9,-2028.95,-1973.98
16198,-2232.3798828125,211.49179077148438,94.85893249511719,268.58438546316967,-2232.3798828125,-2222.5,127.38443756103516,-2499.32,-2431.6,-2396.4,-2308.0,-2222.5,-2144.25,-2075.6,-2054.75,-1989.66
16289,-2239.739990234375,211.19374084472656,95.0381088256836,268.0006321498326,-2239.739990234375,-2226.5,132.9759063720703,-2526.46,-2471.45,-2401.5,-2308.0,-2226.5,-2154.0,-2081.9,-2054.75,-1989.66
16380,-2244.33984375,210.87025451660156,95.19103240966797,267.4031982421875,-2244.340087890625,-2241.5,133.4348602294922,-2526.46,-2471.45,-2402.1,-2329.0,-2241.5,-2156.75,-2081.9,-2054.75,-1989.66
16471,-2249.419921875,210.54930114746094,95.36194610595703,266.7913513183594,-2249.419921875,-2251.0,132.18609619140625,-2526.46,-2471.45,-2402.1,-2336.5,-2251.0,-2160.5,-2083.9,-2054.75,-1989.66
16562,-2256.83984375,210.24560546875,95.536376953125,266.2040536063058,-2256.840087890625,-2256.5,131.1702423095703,-2526.46,-2471.45,-2421.2,-2346.25,-2256.5,-2168.5,-2083.9,-2064.55,-2011.5600000000002
16653,-2262.43994140625,209.93829345703125,95.70624542236328,265.61029052734375,-2262.43994140625,-2262.0,130.2346649169922,-2526.46,-2471.45,-2421.2,-2347.25,-2262.0,-2174.0,-2083.9,-2064.75,-2030.18
16744,-2270.579833984375,209.6445770263672,95.87843322753906,265.0314025878906,-2270.580078125,-2276.0,130.3148651123047,-2526.46,-2471.45,-2423.4,-2350.0,-2276.0,-2181.0,-2098.3999999999996,-2064.75,-2030.7
16835,-2277.300048828125,209.32191467285156,96.04108428955078,264.4305201939174,-2277.300048828125,-2279.0,131.40460205078125,-2526.46,-2471.45,-2448.8,-2365.0,-2279.0,-2199.5,-2105.6,-2064.75,-2030.7
16926,-2282.0,209.01551818847656,96.19908142089844,263.8498753138951,-2282.0,-2294.5,132.44825744628906,-2526.46,-2495.2,-2456.6,-2371.0,-2294.5,-2199.5,-2114.2999999999997,-2064.75,-2030.7
17017,-2292.4599609375,208.6850128173828,96.32024383544922,263.270263671875,-2292.4599609375,-2298.5,136.69297790527344,-2556.6,-2525.05,-2463.7,-2378.5,-2298.5,-2200.5,-2132.1,-2069.75,-2030.7
17108,-2297.280029296875,208.37867736816406,96.4765625,262.68959263392856,-2297.280029296875,-2303.0,138.13912963867188,-2635.2,-2526.2,-2463.7,-2378.5,-2303.0,-2205.5,-2133.1,-2069.75,-2030.7
17199,-2302.800048828125,208.0879669189453,96.65453338623047,262.1139875139509,-2302.800048828125,-2303.0,139.796630859375,-2635.2,-2549.3,-2487.8,-2385.25,-2303.0,-2205.5,-2134.9,-2076.8,-2030.7
17290,-2310.820068359375,207.78860473632812,96.82243347167969,261.5283987862723,-2310.820068359375,-2303.5,137.3316650390625,-2635.2,-2549.3,-2495.4,-2389.0,-2303.5,-2209.75,-2145.9,-2107.55,-2072.94
17381,-2316.5,207.49435424804688,96.98131561279297,260.9685320172991,-2316.5,-2308.0,134.1150665283203,-2635.2,-2549.3,-2499.2,-2396.0,-2308.0,-2209.75,-2152.5,-2128.4500000000003,-2072.94
17472,-2320.260009765625,207.19647216796875,97.13282775878906,260.3883754185268,-2320.260009765625,-2308.0,132.97454833984375,-2635.2,-2549.3,-2499.2,-2396.0,-2308.0,-2229.25,-2152.5,-2128.4500000000003,-2072.94
17563,-2332.83984375,206.88790893554688,97.29041290283203,259.8036586216518,-2332.840087890625,-2336.5,132.83596801757812,-2635.2,-2555.3,-2504.9,-2417.75,-2336.5,-2234.0,-2159.0,-2145.0,-2098.48
17654,-2338.39990234375,206.6119842529297,97.45372772216797,259.250985281808,-2338.39990234375,-2342.5,130.72467041015625,-2635.2,-2555.3,-2504.9,-2418.5,-2342.5,-2246.0,-2170.1,-2147.85,-2128.86
17745,-2344.0,206.32240295410156,97.59758758544922,258.6969691685268,-2344.0,-2350.5,128.56336975097656,-2635.2,-2555.3,-2513.6,-2424.25,-2350.5,-2246.5,-2179.2999999999997,-2153.95,-2145.0
17836,-2353.639892578125,206.0533905029297,97.78590393066406,258.133309500558,-2353.639892578125,-2351.5,131.6593017578125,-2645.3,-2561.15,-2540.0,-2424.25,-2351.5,-2250.75,-2189.2999999999997,-2161.85,-2147.94
17927,-2358.83984375,205.7881317138672,97.95946502685547,257.5781032017299,-2358.840087890625,-2351.5,132.19635009765625,-2645.3,-2565.9,-2540.6,-2437.25,-2351.5,-2266.0,-2189.2999999999997,-2161.85,-2147.94
18018,-2363.320068359375,205.48858642578125,98.12452697753906,257.00113351004467,-2363.320068359375,-2357.0,131.02044677734375,-2645.3,-2569.7,-2541.5,-2437.25,-2357.0,-2281.75,-2189.7,-2161.85,-2147.94
18109,-2368.0400390625,205.19259643554688,98.27482604980469,256.4296657017299,-2368.0400390625,-2363.0,129.29771423339844,-2645.3,-2569.7,-2541.5,-2437.25,-2363.0,-2294.5,-2189.7,-2161.85,-2147.94
18200,-2374.579833984375,204.90232849121094,98.46015167236328,255.83700125558036,-2374.580078125,-2363.5,131.19117736816406,-2660.12,-2603.65,-2555.0,-2451.0,-2363.5,-2296.75,-2203.0,-2170.9,-2147.94
18291,-2381.02001953125,204.6383056640625,98.62950134277344,255.29493713378906,-2381.02001953125,-2382.5,130.46630859375,-2660.12,-2603.65,-2555.2,-2469.25,-2382.5,-2303.75,-2205.8,-2170.9,-2147.94
18382,-2384.760009765625,204.36302185058594,98.79618072509766,254.7287379673549,-2384.760009765625,-2388.0,130.3943328857422,-2660.12,-2603.65,-2555.2,-2473.75,-2388.0,-2304.0,-2205.8,-2170.9,-2152.84
18473,-2391.300048828125,204.0890350341797,98.96614837646484,254.16756548200334,-2391.300048828125,-2393.0,132.03489685058594,-2666.5,-2635.6,-2556.0,-2474.25,-2393.0,-2309.5,-2205.8,-2179.55,-2167.7000000000003
18564,-2397.5400390625,203.77821350097656,99.10501861572266,253.5859832763672,-2397.5400390625,-2399.0,134.22625732421875,-2682.18,-2647.9,-2571.4,-2474.25,-2399.0,-2309.5,-2218.6,-2179.55,-2167.7000000000003
18655,-2404.0400390625,203.48680114746094,99.23754119873047,253.01205226353235,-2404.0400390625,-2400.5,132.36593627929688,-2682.18,-2647.9,-2596.6,-2483.25,-2400.5,-2319.75,-2231.6,-2205.05,-2167.7000000000003
18746,-2410.419921875,203.21456909179688,99.4089584350586,252.44217790876115,-2410.419921875,-2404.5,131.70680236816406,-2682.18,-2647.9,-2596.6,-2494.5,-2404.5,-2327.0,-2235.7,-2206.0,-2167.7000000000003
18837,-2413.5,202.92327880859375,99.563232421875,251.87520708356584,-2413.5,-2412.0,132.59898376464844,-2682.18,-2647.9,-2596.6,-2499.25,-2412.0,-2327.0,-2235.7,-2206.3,-2167.82
18928,-2420.300048828125,202.62181091308594,99.70771789550781,251.29535348074776,-2420.300048828125,-2419.0,130.2001953125,-2682.18,-2647.9,-2604.0,-2500.25,-2419.0,-2327.0,-2236.0,-2214.9,-2187.66
19019,-2428.0400390625,202.3502655029297,99.86636352539062,250.74835641043526,-2428.0400390625,-2420.5,126.1750259399414,-2691.64,-2647.9,-2610.3,-2501.0,-2420.5,-2345.5,-2259.9,-2235.25,-2204.96
19110,-2434.300048828125,202.0565948486328,100.02494049072266,250.16369846888952,-2434.300048828125,-2434.0,126.0601806640625,-2691.64,-2647.9,-2610.3,-2504.5,-2434.0,-2345.5,-2261.0,-2236.0,-2204.96
19201,-2439.579833984375,201.7637939453125,100.16201782226562,249.59910583496094,-2439.580078125,-2436.0,126.12455749511719,-2691.64,-2647.9,-2610.3,-2523.0,-2436.0,-2354.25,-2261.0,-2241.7,-2204.96
19292,-2445.419921875,201.47061157226562,100.30719757080078,249.02817862374442,-2445.419921875,-2441.0,128.77796936035156,-2691.64,-2647.9,-2622.2,-2530.5,-2441.0,-2354.25,-2261.0,-2241.7,-2204.96
19383,-2452.43994140625,201.2035675048828,100.45404815673828,248.48216029575892,-2452.43994140625,-2443.0,129.8213653564453,-2691.64,-2647.9,-2624.0,-2558.25,-2443.0,-2374.0,-2261.0,-2241.7,-2204.96
19474,-2460.260009765625,200.92564392089844,100.60914611816406,247.92015947614397,-2460.260009765625,-2448.0,129.21762084960938,-2723.48,-2666.75,-2635.8,-2558.25,-2448.0,-2383.75,-2289.9,-2242.65,-2204.96
19565,-2462.97998046875,200.6356964111328,100.74369049072266,247.3550742013114,-2462.97998046875,-2455.5,128.6765594482422,-2723.48,-2666.75,-2643.1,-2558.25,-2455.5,-2383.75,-2302.6,-2242.65,-2204.96
19656,-2468.739990234375,200.3278045654297,100.86908721923828,246.7702353341239,-2468.739990234375,-2463.5,128.6616973876953,-2723.48,-2666.75,-2643.1,-2565.0,-2463.5,-2383.75,-2317.8,-2244.9,-2204.96
19747,-2473.0400390625,200.04078674316406,101.01488494873047,246.19818769182478,-2473.0400390625,-2475.0,126.26883697509766,-2723.48,-2666.75,-2643.1,-2565.0,-2475.0,-2385.0,-2325.7,-2266.9,-2204.96
19838,-2485.39990234375,199.73397827148438,101.14801788330078,245.61581420898438,-2485.39990234375,-2482.0,127.34244537353516,-2747.1,-2692.0,-2649.7,-2570.75,-2482.0,-2387.5,-2327.8,-2304.5,-2204.96
19929,-2491.31982421875,199.44369506835938,101.28328704833984,245.04645647321428,-2491.320068359375,-2484.5,127.95295715332031,-2752.04,-2711.6,-2649.7,-2574.25,-2484.5,-2404.25,-2327.8,-2305.2,-2204.96
20020,-2496.139892578125,199.18199157714844,101.4543685913086,244.48045349121094,-2496.139892578125,-2492.0,128.06202697753906,-2754.14,-2711.6,-2649.7,-2581.75,-2492.0,-2408.75,-2337.6,-2318.5,-2204.96
20111,-2497.280029296875,198.9029998779297,101.61238861083984,243.90667070661272,-2497.280029296875,-2492.0,127.61434173583984,-2754.14,-2711.6,-2649.7,-2581.75,-2492.0,-2415.5,-2337.6,-2318.5,-2214.96
20202,-2504.52001953125,198.60653686523438,101.74357604980469,243.33719526018416,-2504.52001953125,-2496.5,131.51315307617188,-2761.24,-2730.95,-2679.2,-2596.75,-2496.5,-2416.25,-2337.6,-2318.5,-2224.8
20293,-2512.0400390625,198.3306427001953,101.92768859863281,242.74783979143416,-2512.0400390625,-2511.5,127.47398376464844,-2761.24,-2730.95,-2679.2,-2596.75,-2511.5,-2427.75,-2350.9,-2318.85,-2262.04
20384,-2515.56005859375,198.04608154296875,102.05024719238281,242.19615391322546,-2515.56005859375,-2518.0,127.47041320800781,-2761.24,-2730.95,-2679.2,-2596.75,-2518.0,-2439.25,-2350.9,-2318.85,-2262.04
20475,-2521.31982421875,197.7672119140625,102.22276306152344,241.6180201939174,-2521.320068359375,-2529.0,125.76023864746094,-2761.24,-2743.3,-2679.2,-2596.75,-2529.0,-2449.25,-2351.9,-2318.85,-2288.5000000000005
20566,-2525.06005859375,197.478515625,102.35758972167969,241.04520743233817,-2525.06005859375,-2529.0,124.39572143554688,-2761.24,-2743.3,-2679.2,-2599.5,-2529.0,-2453.0,-2363.7,-2318.85,-2288.5000000000005
20657,-2529.119873046875,197.21652221679688,102.51266479492188,240.47865513392858,-2529.1201171875,-2534.5,124.53628540039062,-2761.24,-2743.3,-2688.1,-2601.75,-2534.5,-2453.0,-2363.7,-2327.6,-2291.4400000000005
20748,-2534.119873046875,196.88377380371094,102.61856079101562,239.86976187569755,-2534.1201171875,-2534.5,123.17355346679688,-2769.98,-2743.55,-2689.4,-2610.75,-2534.5,-2453.0,-2367.7,-2328.55,-2292.88
20839,-2542.219970703125,196.5881805419922,102.73023986816406,239.30655779157365,-2542.219970703125,-2545.0,120.10234069824219,-2769.98,-2743.55,-2693.2,-2616.25,-2545.0,-2474.0,-2388.7,-2328.55,-2292.88
20930,-2547.56005859375,196.29119873046875,102.8425064086914,238.7347869873047,-2547.56005859375,-2547.5,122.15607452392578,-2769.98,-2744.5,-2698.6,-2626.75,-2547.5,-2484.75,-2388.7,-2328.55,-2292.88
21021,-2552.719970703125,196.01930236816406,102.98674774169922,238.1751207624163,-2552.719970703125,-2552.0,122.49482727050781,-2801.34,-2744.5,-2722.1,-2642.0,-2552.0,-2484.75,-2394.4,-2333.75,-2302.88
21112,-2556.199951171875,195.73312377929688,103.12674713134766,237.59441702706474,-2556.199951171875,-2556.0,123.15737915039062,-2801.6,-2748.3,-2723.4,-2642.25,-2556.0,-2487.75,-2394.8,-2333.75,-2319.54
21203,-2561.02001953125,195.42547607421875,103.26233673095703,236.98418971470423,-2561.02001953125,-2557.0,120.41934204101562,-2801.6,-2754.2,-2727.2,-2643.0,-2557.0,-2492.75,-2403.8,-2367.4,-2319.66
21294,-2567.199951171875,195.12881469726562,103.3828125,236.39988708496094,-2567.199951171875,-2561.0,120.47663116455078,-2801.6,-2758.1,-2737.6,-2648.0,-2561.0,-2494.75,-2418.2,-2367.4,-2328.82
21385,-2570.159912109375,194.84042358398438,103.50543975830078,235.8305947440011,-2570.159912109375,-2562.0,117.6535415649414,-2801.6,-2758.1,-2737.6,-2648.0,-2562.0,-2496.0,-2435.5,-2376.75,-2334.7000000000003
21476,-2575.81982421875,194.57666015625,103.66483306884766,235.26654924665178,-2575.820068359375,-2569.5,121.30386352539062,-2804.54,-2760.45,-2743.1,-2651.25,-2569.5,-2496.0,-2435.5,-2376.75,-2334.7000000000003
21567,-2579.280029296875,194.26321411132812,103.76646423339844,234.67745099748885,-2579.280029296875,-2571.5,122.20549011230469,-2817.76,-2770.6,-2744.4,-2651.25,-2571.5,-2502.0,-2442.4,-2385.55,-2334.7000000000003
21658,-2584.780029296875,193.97669982910156,103.88553619384766,234.11160278320312,-2584.780029296875,-2580.0,121.39213562011719,-2817.76,-2771.55,-2749.0,-2652.5,-2580.0,-2505.5,-2442.4,-2385.55,-2334.7000000000003
21749,-2590.0400390625,193.68548583984375,104.03730010986328,233.51512363978796,-2590.0400390625,-2581.5,123.5181655883789,-2817.76,-2801.15,-2758.1,-2673.25,-2581.5,-2507.0,-2444.8,-2385.55,-2334.7000000000003
21840,-2598.079833984375,193.38238525390625,104.15711212158203,232.91953604561942,-2598.080078125,-2590.5,132.27537536621094,-2905.86,-2804.35,-2763.3,-2676.0,-2590.5,-2509.5,-2444.8,-2385.55,-2334.7000000000003
21931,-2601.3798828125,193.1034698486328,104.29114532470703,232.34481157575334,-2601.3798828125,-2590.5,133.627685546875,-2905.86,-2804.35,-2770.1,-2684.75,-2590.5,-2510.0,-2444.8,-2385.55,-2355.28
22022,-2609.179931640625,192.818359375,104.39899444580078,231.77760314941406,-2609.179931640625,-2599.5,134.84877014160156,-2905.86,-2812.95,-2771.2,-2697.25,-2599.5,-2519.0,-2444.8,-2385.55,-2355.28
22113,-2612.3798828125,192.52757263183594,104.53280639648438,231.1862509591239,-2612.3798828125,-2602.5,134.152587890625,-2905.86,-2812.95,-2771.2,-2711.25,-2602.5,-2519.0,-2444.8,-2394.55,-2356.26
22204,-2616.47998046875,192.24462890625,104.6347885131836,230.6304430280413,-2616.47998046875,-2608.5,134.5757293701172,-2905.86,-2812.95,-2783.7,-2716.0,-2608.5,-2523.5,-2444.8,-2394.55,-2356.26
22295,-2619.079833984375,191.93768310546875,104.75641632080078,230.02978733607702,-2619.080078125,-2612.0,135.71255493164062,-2905.86,-2812.95,-2799.3,-2716.25,-2612.0,-2523.5,-2444.8,-2394.55,-2356.26
22386,-2625.300048828125,191.67074584960938,104.8995590209961,229.46038600376673,-2625.300048828125,-2623.0,138.7097930908203,-2948.66,-2818.65,-2802.1,-2720.75,-2623.0,-2537.0,-2444.8,-2420.65,-2356.26
22477,-2630.419921875,191.39198303222656,105.040283203125,228.87928336007255,-2630.419921875,-2626.0,137.12171936035156,-2948.66,-2839.55,-2803.1,-2720.75,-2626.0,-2537.0,-2456.5,-2420.8,-2386.8
22568,-2636.239990234375,191.12106323242188,105.1674575805664,228.31512669154577,-2636.239990234375,-2639.5,135.4261474609375,-2948.66,-2839.55,-2804.0,-2736.25,-2639.5,-2543.25,-2468.2,-2420.8,-2386.8
22659,-2640.239990234375,190.84628295898438,105.30900573730469,227.73291669573103,-2640.239990234375,-2640.5,135.79898071289062,-2948.66,-2840.5,-2804.7,-2736.25,-2640.5,-2550.25,-2468.2,-2420.8,-2386.8
22750,-2644.800048828125,190.54978942871094,105.41094970703125,227.14963858468192,-2644.800048828125,-2645.0,135.4659423828125,-2948.66,-2840.5,-2808.3,-2738.25,-2645.0,-2550.25,-2484.6,-2420.8,-2386.8
22841,-2650.3798828125,190.2388916015625,105.51639556884766,226.5387725830078,-2650.3798828125,-2650.0,132.02377319335938,-2948.66,-2840.5,-2808.3,-2738.25,-2650.0,-2558.0,-2495.1,-2426.75,-2394.64
22932,-2655.719970703125,189.93313598632812,105.62224578857422,225.9415065220424,-2655.719970703125,-2660.5,132.7777862548828,-2948.66,-2851.05,-2811.4,-2742.75,-2660.5,-2558.0,-2495.1,-2426.75,-2394.64
23023,-2663.119873046875,189.66712951660156,105.76162719726562,225.3711438860212,-2663.1201171875,-2669.5,134.1976318359375,-2981.94,-2851.05,-2836.3,-2756.75,-2669.5,-2560.0,-2502.2999999999997,-2477.7,-2394.64
23114,-2669.239990234375,189.345703125,105.85901641845703,224.75902230398995,-2669.239990234375,-2669.5,131.1048583984375,-2982.32,-2851.05,-2836.3,-2760.25,-2669.5,-2577.0,-2502.5,-2481.8,-2449.88
23205,-2672.35986328125,189.07176208496094,105.99186706542969,224.17963518415178,-2672.360107421875,-2678.0,131.08245849609375,-2982.32,-2851.05,-2836.3,-2760.25,-2678.0,-2589.0,-2502.5,-2481.8,-2449.88
23296,-2674.219970703125,188.75897216796875,106.08863830566406,223.58734130859375,-2674.219970703125,-2681.0,130.08985900878906,-2982.32,-2851.05,-2836.3,-2761.25,-2681.0,-2590.0,-2516.5,-2484.85,-2449.88
23387,-2681.260009765625,188.4345245361328,106.16275024414062,222.98287309919084,-2681.260009765625,-2683.0,132.54611206054688,-2982.32,-2871.6,-2840.1,-2771.5,-2683.0,-2593.5,-2516.5,-2484.85,-2449.88
23478,-2687.83984375,188.11776733398438,106.24065399169922,222.39622497558594,-2687.840087890625,-2690.5,132.40858459472656,-3021.52,-2894.2,-2840.1,-2771.5,-2690.5,-2596.25,-2529.9,-2497.9,-2480.26
23569,-2690.06005859375,187.8397216796875,106.35140228271484,221.82123020717077,-2690.06005859375,-2692.5,131.68666076660156,-3021.52,-2894.2,-2844.1,-2771.5,-2692.5,-2596.25,-2534.7,-2497.9,-2487.1200000000003
23660,-2696.300048828125,187.5595245361328,106.47128295898438,221.25116838727678,-2696.300048828125,-2696.0,129.04530334472656,-3021.52,-2894.2,-2845.4,-2771.5,-2696.0,-2605.75,-2543.2,-2497.9,-2488.4
23751,-2702.56005859375,187.24627685546875,106.56436157226562,220.6389879499163,-2702.56005859375,-2703.0,128.31488037109375,-3021.52,-2917.55,-2853.1,-2777.75,-2703.0,-2616.0,-2556.6,-2502.75,-2488.56
23842,-2707.099853515625,186.9773406982422,106.68315124511719,220.07298932756697,-2707.10009765625,-2706.5,125.98780822753906,-3021.52,-2917.55,-2853.1,-2780.0,-2706.5,-2616.75,-2556.6,-2502.75,-2488.58
23933,-2712.179931640625,186.69192504882812,106.77862548828125,219.4971640450614,-2712.179931640625,-2706.5,125.45146179199219,-3021.52,-2917.55,-2872.9,-2781.75,-2706.5,-2626.75,-2566.1,-2515.5,-2488.7200000000003
24024,-2716.31982421875,186.42112731933594,106.9087142944336,218.90606035505022,-2716.320068359375,-2712.5,125.54631805419922,-3021.52,-2917.55,-2881.1,-2791.0,-2712.5,-2629.75,-2572.4,-2515.5,-2488.7200000000003
24115,-2719.419921875,186.1230010986328,107.0167465209961,218.31208147321428,-2719.419921875,-2719.0,125.09597778320312,-3021.52,-2917.55,-2881.1,-2791.0,-2719.0,-2630.0,-2573.2999999999997,-2515.6,-2488.7200000000003
24206,-2724.85986328125,185.8507537841797,107.14830017089844,217.73597499302454,-2724.860107421875,-2719.0,127.68492889404297,-3021.52,-2917.55,-2885.5,-2806.75,-2719.0,-2636.0,-2573.2999999999997,-2515.6,-2488.7200000000003
24297,-2730.52001953125,185.52952575683594,107.22877502441406,217.11619349888392,-2730.52001953125,-2722.0,128.4686279296875,-3021.52,-2917.55,-2890.4,-2817.0,-2722.0,-2645.5,-2573.2999999999997,-2515.65,-2498.8
24388,-2738.099853515625,185.2191925048828,107.34798431396484,216.4912850516183,-2738.10009765625,-2728.0,129.67300415039062,-3021.52,-2929.9,-2905.0,-2829.25,-2728.0,-2648.75,-2573.2999999999997,-2527.05,-2498.8
24479,-2747.139892578125,184.92166137695312,107.44264221191406,215.89088221958704,-2747.139892578125,-2736.0,133.9410400390625,-3021.52,-2979.1,-2917.9,-2845.75,-2736.0,-2653.25,-2573.2999999999997,-2527.75,-2507.82
24570,-2752.97998046875,184.6249542236328,107.54536437988281,215.2807399204799,-2752.97998046875,-2748.5,130.23324584960938,-3021.52,-2979.1,-2917.9,-2845.75,-2748.5,-2663.25,-2583.6,-2534.65,-2507.82
24661,-2757.179931640625,184.34100341796875,107.66820526123047,214.67489406040735,-2757.179931640625,-2751.5,130.33428955078125,-3021.52,-2979.1,-2917.9,-2850.25,-2751.5,-2666.25,-2589.4,-2534.95,-2522.52
24752,-2759.280029296875,184.03309631347656,107.74970245361328,214.06883893694197,-2759.280029296875,-2751.5,130.34854125976562,-3021.52,-2979.1,-2920.6,-2850.25,-2751.5,-2667.75,-2589.4,-2534.95,-2522.52
24843,-2761.699951171875,183.73330688476562,107.83879852294922,213.48265511648995,-2761.699951171875,-2752.5,131.49574279785156,-3021.52,-2979.1,-2928.9,-2859.75,-2752.5,-2677.0,-2589.4,-2534.95,-2522.52
24934,-2764.179931640625,183.47286987304688,107.98019409179688,212.88019016810827,-2764.179931640625,-2754.0,131.81800842285156,-3021.52,-2979.1,-2928.9,-2859.75,-2754.0,-2678.5,-2589.4,-2534.95,-2522.52
25025,-2770.780029296875,183.1565399169922,108.05585479736328,212.27148655482702,-2770.780029296875,-2755.0,130.9876708984375,-3021.52,-2993.3,-2946.1,-2871.5,-2755.0,-2692.75,-2609.5,-2538.8,-2522.52
25116,-2774.85986328125,182.8882293701172,108.18114471435547,211.68908909388952,-2774.860107421875,-2764.0,132.15914916992188,-3022.64,-2993.3,-2948.2,-2871.5,-2764.0,-2693.5,-2611.2999999999997,-2545.95,-2534.28
25207,-2778.659912109375,182.5840606689453,108.26925659179688,211.0868900844029,-2778.659912109375,-2766.5,131.48179626464844,-3022.64,-2999.55,-2948.2,-2882.5,-2766.5,-2693.5,-2625.5,-2557.7,-2536.2400000000002
25298,-2783.219970703125,182.2561798095703,108.3310546875,210.47039140973772,-2783.219970703125,-2771.5,129.5977325439453,-3022.64,-2999.55,-2959.7,-2882.5,-2771.5,-2693.5,-2625.5,-2571.75,-2548.92
25389,-2788.599853515625,181.9468231201172,108.40513610839844,209.8741694859096,-2788.60009765625,-2780.0,127.1764907836914,-3024.6,-3010.15,-2959.7,-2884.25,-2780.0,-2696.5,-2634.2,-2584.95,-2576.36
25480,-2795.47998046875,181.64476013183594,108.492431640625,209.2758505684989,-2795.47998046875,-2794.0,125.93328094482422,-3024.8,-3010.15,-2966.7,-2886.0,-2794.0,-2705.75,-2645.1,-2591.65,-2578.96
25571,-2801.179931640625,181.37908935546875,108.62690734863281,208.66690281459265,-2801.179931640625,-2804.0,124.42952728271484,-3075.76,-3010.15,-2966.7,-2886.0,-2804.0,-2711.5,-2657.0,-2591.65,-2578.96
25662,-2804.719970703125,181.06234741210938,108.69817352294922,208.0644313267299,-2804.719970703125,-2804.0,124.76290130615234,-3075.76,-3010.15,-2966.7,-2887.0,-2804.0,-2719.5,-2657.0,-2597.7,-2578.96
25753,-2810.099853515625,180.7873992919922,108.81482696533203,207.46305193219865,-2810.10009765625,-2808.0,122.06543731689453,-3075.76,-3010.15,-2966.7,-2887.75,-2808.0,-2726.25,-2663.4,-2633.5,-2591.7000000000003
25844,-2813.47998046875,180.51414489746094,108.9206314086914,206.86889866420202,-2813.47998046875,-2811.0,122.06895446777344,-3075.76,-3012.05,-2973.0,-2891.5,-2811.0,-2726.25,-2665.8,-2644.5,-2597.58
25935,-2818.31982421875,180.19534301757812,108.9834213256836,206.25854710170202,-2818.320068359375,-2814.5,123.1594009399414,-3075.76,-3023.3,-2974.5,-2896.75,-2814.5,-2731.5,-2665.8,-2644.5,-2597.62
26026,-2822.099853515625,179.8973846435547,109.07987213134766,205.63616725376673,-2822.10009765625,-2816.5,123.99004364013672,-3075.76,-3027.1,-2996.3,-2900.5,-2816.5,-2733.75,-2665.8,-2644.5,-2605.84
26117,-2824.89990234375,179.58421325683594,109.13453674316406,205.0487779889788,-2824.89990234375,-2819.0,124.4983901977539,-3075.8,-3027.1,-2996.3,-2906.75,-2819.0,-2733.75,-2665.8,-2644.5,-2605.84
26208,-2828.619873046875,179.28244018554688,109.22103118896484,204.43654087611608,-2828.6201171875,-2819.0,123.04127502441406,-3075.8,-3027.1,-2996.3,-2910.5,-2819.0,-2745.25,-2675.7,-2644.5,-2605.84
26299,-2833.0,179.01473999023438,109.31840515136719,203.85750688825334,-2833.0,-2822.5,124.41937255859375,-3113.96,-3029.1,-2996.3,-2912.0,-2822.5,-2745.25,-2677.8,-2644.8,-2622.5
26390,-2839.43994140625,178.723388671875,109.41683197021484,203.2377188546317,-2839.43994140625,-2827.5,125.242431640625,-3113.96,-3032.6,-3010.6,-2922.75,-2827.5,-2752.75,-2683.4,-2644.8,-2622.5
26481,-2843.059814453125,178.4208984375,109.5093994140625,202.60166713169642,-2843.06005859375,-2833.5,124.67596435546875,-3113.96,-3032.6,-3010.6,-2932.75,-2833.5,-2756.75,-2693.0,-2646.9,-2623.48
26572,-2847.099853515625,178.13873291015625,109.60702514648438,202.00267464773995,-2847.10009765625,-2834.5,123.04978942871094,-3113.96,-3032.6,-3010.6,-2936.25,-2834.5,-2758.0,-2698.5,-2662.2,-2623.48
26663,-2851.93994140625,177.8453369140625,109.7028579711914,201.38792419433594,-2851.93994140625,-2838.5,123.58598327636719,-3125.72,-3044.2,-3018.6,-2940.75,-2838.5,-2760.0,-2708.9,-2662.5,-2623.7200000000003
26754,-2856.239990234375,177.5569305419922,109.77069854736328,200.8015420096261,-2856.239990234375,-2846.0,126.9656753540039,-3126.06,-3050.85,-3024.3,-2944.5,-2846.0,-2760.0,-2708.9,-2662.5,-2623.7200000000003
26845,-2860.739990234375,177.26889038085938,109.85475158691406,200.1925005231585,-2860.739990234375,-2849.5,127.1796875,-3126.06,-3050.85,-3027.2,-2944.5,-2849.5,-2770.25,-2708.9,-2666.8,-2623.7200000000003
26936,-2865.419921875,176.98548889160156,109.93331909179688,199.59813363211495,-2865.419921875,-2864.5,126.47309112548828,-3126.06,-3066.05,-3027.2,-2949.5,-2864.5,-2776.5,-2709.9,-2672.7,-2641.64
27027,-2871.5,176.69032287597656,110.03169250488281,198.9649374825614,-2871.5,-2864.5,127.65081787109375,-3127.08,-3066.05,-3031.1,-2951.25,-2864.5,-2783.0,-2711.7,-2692.9500000000003,-2641.64
27118,-2875.179931640625,176.3956298828125,110.1062240600586,198.35225568498885,-2875.179931640625,-2864.5,126.62190246582031,-3127.08,-3066.05,-3040.1,-2954.25,-2864.5,-2803.75,-2726.1,-2692.9500000000003,-2641.64
27209,-2880.579833984375,176.09608459472656,110.18122100830078,197.73228672572546,-2880.580078125,-2875.0,125.39268493652344,-3127.08,-3066.05,-3040.5,-2960.75,-2875.0,-2805.0,-2727.7,-2693.2,-2644.94
27300,-2884.219970703125,175.7949981689453,110.25796508789062,197.10946219308036,-2884.219970703125,-2882.5,124.2662124633789,-3127.08,-3066.45,-3045.2,-2960.75,-2882.5,-2805.0,-2727.7,-2693.55,-2644.94
27391,-2889.4599609375,175.50030517578125,110.3363037109375,196.49668666294642,-2889.4599609375,-2887.0,123.21350860595703,-3127.08,-3083.55,-3045.4,-2970.25,-2887.0,-2812.5,-2731.6,-2696.4,-2644.94
27482,-2894.4599609375,175.17987060546875,110.40284729003906,195.84761483328683,-2894.4599609375,-2890.0,125.59907531738281,-3127.38,-3083.55,-3056.0,-2971.5,-2890.0,-2814.0,-2731.6,-2696.4,-2657.7400000000002
27573,-2898.0,174.86038208007812,110.45702362060547,195.22904532296317,-2898.0,-2890.0,125.02279663085938,-3129.34,-3100.65,-3056.1,-2975.25,-2890.0,-2821.75,-2732.0,-2698.9,-2658.98
27664,-2902.9599609375,174.56272888183594,110.5483627319336,194.58231026785714,-2902.9599609375,-2891.5,124.2213363647461,-3133.26,-3100.65,-3062.2,-2986.0,-2891.5,-2826.0,-2732.9,-2699.0,-2658.98
27755,-2909.199951171875,174.25885009765625,110.62841033935547,193.9456285749163,-2909.199951171875,-2897.5,123.66431427001953,-3133.26,-3100.65,-3064.9,-2990.25,-2897.5,-2831.5,-2754.5,-2715.25,-2684.46
27846,-2915.059814453125,173.94717407226562,110.6852035522461,193.33450971330916,-2915.06005859375,-2915.5,122.30575561523438,-3133.26,-3106.35,-3064.9,-2990.25,-2915.5,-2832.75,-2759.7,-2715.45,-2696.2200000000003
27937,-2919.35986328125,173.6514892578125,110.75161743164062,192.708980015346,-2919.360107421875,-2919.0,123.38529205322266,-3176.38,-3113.9,-3073.2,-3004.75,-2919.0,-2832.75,-2759.7,-2715.45,-2696.94
28028,-2922.97998046875,173.29632568359375,110.7885971069336,192.03438459123885,-2922.97998046875,-2924.5,122.267822265625,-3176.38,-3129.1,-3073.2,-3007.75,-2924.5,-2832.75,-2773.5,-2724.4,-2696.94
28119,-2926.619873046875,172.98468017578125,110.84957885742188,191.4161158970424,-2926.6201171875,-2924.5,124.28948211669922,-3176.38,-3130.25,-3079.8,-3010.5,-2924.5,-2841.25,-2773.5,-2724.9,-2700.86
28210,-2931.139892578125,172.67288208007812,110.92042541503906,190.77723911830358,-2931.139892578125,-2927.5,123.0827407836914,-3176.38,-3130.25,-3079.8,-3010.5,-2927.5,-2856.5,-2773.5,-2731.75,-2700.86
28301,-2935.33984375,172.3877716064453,110.99407196044922,190.16853986467635,-2935.340087890625,-2929.5,122.46707153320312,-3176.38,-3154.7,-3079.8,-3015.0,-2929.5,-2858.0,-2785.7999999999997,-2731.75,-2700.86
28392,-2939.0400390625,172.06744384765625,111.03955078125,189.54949515206474,-2939.0400390625,-2931.5,121.06270599365234,-3176.38,-3154.7,-3079.8,-3024.5,-2931.5,-2859.75,-2795.1,-2755.75,-2700.86
28483,-2944.619873046875,171.76516723632812,111.10324096679688,188.93399701799666,-2944.6201171875,-2940.5,121.9388198852539,-3176.46,-3154.7,-3088.3,-3028.25,-2940.5,-2860.0,-2796.9,-2755.75,-2700.86
28574,-2947.639892578125,171.44895935058594,111.15898132324219,188.2862265450614,-2947.639892578125,-2941.0,120.9899673461914,-3176.46,-3154.7,-3100.2,-3035.25,-2941.0,-2860.0,-2796.9,-2779.3,-2731.38
28665,-2952.83984375,171.15301513671875,111.2310791015625,187.65655735560827,-2952.840087890625,-2951.5,122.72813415527344,-3176.5,-3154.7,-3110.7,-3046.25,-2951.5,-2872.25,-2798.7,-2779.3,-2731.38
28756,-2960.199951171875,170.87612915039062,111.3218994140625,187.0325164794922,-2960.199951171875,-2959.0,126.05752563476562,-3250.58,-3168.35,-3110.7,-3049.0,-2959.0,-2873.0,-2801.4,-2780.65,-2741.1800000000003
28847,-2962.33984375,170.58438110351562,111.38988494873047,186.41590445382255,-2962.340087890625,-2960.5,127.48735046386719,-3250.58,-3169.05,-3118.5,-3049.0,-2960.5,-2873.0,-2801.4,-2780.85,-2741.1800000000003
28938,-2966.52001953125,170.24966430664062,111.43614196777344,185.74622453962053,-2966.52001953125,-2962.5,126.06913757324219,-3250.58,-3169.05,-3118.5,-3053.25,-2962.5,-2878.25,-2801.5,-2780.85,-2746.9
29029,-2969.219970703125,169.95370483398438,111.51837158203125,185.11629813058036,-2969.219970703125,-2967.0,123.9109878540039,-3250.58,-3169.05,-3118.5,-3053.25,-2967.0,-2881.25,-2805.9,-2786.7,-2746.9
29120,-2973.5,169.64768981933594,111.57041931152344,184.50744846888952,-2973.5,-2971.5,125.35697174072266,-3250.58,-3182.35,-3133.4,-3059.25,-2971.5,-2882.0,-2805.9,-2786.7,-2746.9
29211,-2979.099853515625,169.3701629638672,111.6672134399414,183.86053030831474,-2979.10009765625,-2973.0,123.56961822509766,-3276.06,-3182.35,-3137.1,-3061.25,-2973.0,-2882.0,-2814.4,-2801.9,-2750.82
29302,-2982.89990234375,169.06259155273438,111.7042465209961,183.2464556012835,-2982.89990234375,-2975.5,122.62712097167969,-3276.06,-3182.35,-3137.1,-3062.75,-2975.5,-2888.25,-2816.8,-2801.9,-2750.82
29393,-2988.119873046875,168.79261779785156,111.8044662475586,182.62621416364397,-2988.1201171875,-2981.0,121.58110046386719,-3276.06,-3182.55,-3137.1,-3065.25,-2981.0,-2892.0,-2835.6,-2805.7,-2774.34
29484,-2994.760009765625,168.49093627929688,111.85580444335938,181.99843052455358,-2994.760009765625,-2986.0,119.85391998291016,-3276.06,-3186.2,-3139.2,-3070.0,-2986.0,-2915.0,-2841.4,-2816.45,-2787.0
29575,-2997.679931640625,168.20579528808594,111.9388427734375,181.34979901994978,-2997.679931640625,-2987.5,120.63067626953125,-3276.06,-3186.2,-3151.8,-3071.25,-2987.5,-2915.0,-2841.4,-2816.85,-2787.0
29666,-3001.219970703125,167.89801025390625,111.99446868896484,180.7189658028739,-3001.219970703125,-2990.0,120.858642578125,-3276.06,-3186.2,-3151.8,-3074.0,-2990.0,-2916.0,-2846.5,-2819.85,-2787.0
29757,-3007.139892578125,167.62152099609375,112.07994079589844,180.08731515066964,-3007.139892578125,-3002.0,122.691162109375,-3304.06,-3186.2,-3151.8,-3091.75,-3002.0,-2922.5,-2852.4,-2819.85,-2787.0
29848,-3011.780029296875,167.37001037597656,112.17264556884766,179.4773406982422,-3011.780029296875,-3002.0,120.05220031738281,-3304.06,-3186.2,-3158.1,-3091.75,-3002.0,-2928.75,-2864.7,-2833.9,-2799.7400000000002
29939,-3016.219970703125,167.05662536621094,112.21080017089844,178.8397718157087,-3016.219970703125,-3010.5,120.58164978027344,-3307.1,-3209.8,-3168.6,-3095.5,-3010.5,-2931.25,-2867.8,-2833.9,-2816.4
30030,-3019.219970703125,166.7100067138672,112.2359619140625,178.1606205531529,-3019.219970703125,-3010.5,123.79535675048828,-3307.98,-3230.95,-3175.2,-3097.0,-3010.5,-2931.25,-2867.8,-2835.9,-2816.4
30121,-3023.5400390625,166.39788818359375,112.27281188964844,177.52239336286272,-3023.5400390625,-3028.0,122.84123229980469,-3307.98,-3230.95,-3176.4,-3097.0,-3028.0,-2934.25,-2874.7,-2846.45,-2816.4
30212,-3030.239990234375,166.10186767578125,112.31275939941406,176.89309692382812,-3030.239990234375,-3028.0,121.20132446289062,-3307.98,-3230.95,-3189.0,-3108.0,-3028.0,-2936.5,-2890.5,-2852.7,-2833.62
30303,-3034.919921875,165.81573486328125,112.36715698242188,176.26529802594865,-3034.919921875,-3028.0,122.31080627441406,-3307.98,-3231.9,-3189.0,-3125.0,-3028.0,-2938.0,-2890.5,-2852.7,-2833.62
30394,-3037.239990234375,165.52249145507812,112.39683532714844,175.64381626674108,-3037.239990234375,-3029.5,121.45402526855469,-3307.98,-3246.15,-3189.0,-3125.0,-3029.5,-2938.75,-2892.0,-2862.85,-2833.62
30485,-3040.43994140625,165.19749450683594,112.41764831542969,175.00182015555245,-3040.43994140625,-3032.0,120.60425567626953,-3307.98,-3249.2,-3189.0,-3128.25,-3032.0,-2950.0,-2899.0,-2876.3,-2833.62
30576,-3044.9599609375,164.8806610107422,112.4566879272461,174.34537179129464,-3044.9599609375,-3034.5,120.93624877929688,-3307.98,-3254.35,-3189.0,-3129.75,-3034.5,-2959.75,-2901.8,-2876.65,-2846.36
30667,-3049.239990234375,164.5627899169922,112.48572540283203,173.70540727887834,-3049.239990234375,-3038.5,121.30821228027344,-3307.98,-3261.0,-3189.0,-3135.5,-3038.5,-2961.5,-2901.8,-2884.6,-2846.36
30758,-3051.199951171875,164.27005004882812,112.52860260009766,173.08106122698103,-3051.199951171875,-3042.0,121.0281753540039,-3307.98,-3261.0,-3189.0,-3137.0,-3042.0,-2961.5,-2901.8,-2884.6,-2846.88
30849,-3053.9599609375,163.96896362304688,112.55050659179688,172.4776872907366,-3053.9599609375,-3045.0,123.26726531982422,-3356.08,-3261.45,-3189.0,-3138.0,-3045.0,-2962.0,-2901.8,-2892.2,-2846.88
30940,-3057.659912109375,163.67605590820312,112.5831527709961,171.86072431291853,-3057.659912109375,-3047.5,124.7112808227539,-3356.08,-3261.45,-3190.4,-3138.0,-3047.5,-2964.25,-2906.5,-2892.2,-2850.8
31031,-3061.159912109375,163.3706817626953,112.62775421142578,171.21631731305803,-3061.159912109375,-3049.5,122.46711730957031,-3356.08,-3261.45,-3190.4,-3138.75,-3049.5,-2971.5,-2909.7,-2898.7,-2869.62
31122,-3065.699951171875,163.0635986328125,112.65862274169922,170.58580235072546,-3065.699951171875,-3053.0,119.92452239990234,-3356.08,-3273.8,-3190.4,-3139.25,-3053.0,-2973.75,-2912.9,-2898.7,-2869.66
31213,-3071.559814453125,162.7559051513672,112.69425964355469,169.95211138044084,-3071.56005859375,-3062.0,121.1576919555664,-3356.08,-3281.4,-3204.8,-3158.75,-3062.0,-2977.75,-2912.9,-2898.9,-2869.66
31304,-3075.0400390625,162.43295288085938,112.7236557006836,169.2868870326451,-3075.0400390625,-3069.0,121.44125366210938,-3360.16,-3281.4,-3204.8,-3158.75,-3069.0,-2981.0,-2929.2,-2898.9,-2869.66
31395,-3077.739990234375,162.12527465820312,112.75863647460938,168.64319937569755,-3077.739990234375,-3074.5,121.10966491699219,-3360.4,-3281.4,-3219.2,-3158.75,-3074.5,-2984.25,-2929.2,-2898.9,-2869.9
31486,-3082.260009765625,161.8306427001953,112.79322814941406,168.00790405273438,-3082.260009765625,-3077.0,121.373779296875,-3360.4,-3281.4,-3222.2,-3158.75,-3077.0,-2992.25,-2930.0,-2901.85,-2869.9
31577,-3089.4599609375,161.52606201171875,112.8314437866211,167.34597996303015,-3089.4599609375,-3080.0,124.35613250732422,-3360.4,-3289.9,-3260.4,-3160.5,-3080.0,-3002.5,-2944.7,-2901.85,-2869.9
31668,-3093.47998046875,161.21051025390625,112.8495101928711,166.7037113734654,-3093.47998046875,-3088.5,125.61604309082031,-3360.72,-3307.0,-3260.4,-3176.25,-3088.5,-3002.5,-2944.7,-2907.55,-2869.9
31759,-3096.760009765625,160.89761352539062,112.86801147460938,166.06558663504464,-3096.760009765625,-3095.5,125.07502746582031,-3360.72,-3307.0,-3260.4,-3176.5,-3095.5,-3004.5,-2944.7,-2907.55,-2876.86
31850,-3102.39990234375,160.58624267578125,112.90355682373047,165.40647452218192,-3102.39990234375,-3102.0,124.08231353759766,-3360.72,-3307.0,-3260.4,-3179.75,-3102.0,-3011.75,-2951.2999999999997,-2921.7,-2898.56
31941,-3106.35986328125,160.27537536621094,112.94196319580078,164.7332981654576,-3106.360107421875,-3104.5,125.57838439941406,-3360.72,-3326.15,-3260.4,-3191.25,-3104.5,-3019.25,-2951.4,-2921.7,-2898.56
32032,-3110.219970703125,159.98095703125,112.99209594726562,164.08272007533483,-3110.219970703125,-3104.5,128.8446044921875,-3360.72,-3326.75,-3260.4,-3191.25,-3104.5,-3019.25,-2952.0,-2929.6,-2910.32
32123,-3115.0400390625,159.64794921875,113.00679016113281,163.4114772251674,-3115.0400390625,-3108.0,127.46316528320312,-3360.72,-3326.75,-3264.5,-3194.0,-3108.0,-3023.0,-2963.5,-2929.6,-2915.2200000000003
32214,-3120.639892578125,159.37649536132812,113.0546646118164,162.77954755510603,-3120.639892578125,-3117.0,126.82401275634766,-3361.48,-3326.75,-3264.9,-3201.75,-3117.0,-3031.5,-2969.8,-2938.55,-2915.2200000000003
32305,-3124.739990234375,159.0953369140625,113.09740447998047,162.1490718296596,-3124.739990234375,-3123.5,125.87435150146484,-3361.48,-3330.55,-3268.1,-3207.5,-3123.5,-3033.75,-2977.0,-2938.65,-2915.7400000000002
32396,-3130.43994140625,158.77700805664062,113.09712219238281,161.49567522321428,-3130.43994140625,-3126.5,126.78653717041016,-3377.16,-3339.9,-3295.3,-3211.0,-3126.5,-3036.25,-2980.0,-2954.7,-2915.7400000000002
32487,-3132.739990234375,158.50550842285156,113.1503677368164,160.86954389299666,-3132.739990234375,-3131.0,124.97868347167969,-3377.16,-3339.9,-3295.3,-3211.0,-3131.0,-3036.25,-2985.4,-2958.8,-2915.7400000000002
32578,-3135.579833984375,158.21205139160156,113.1895980834961,160.2191380092076,-3135.580078125,-3131.0,123.74749755859375,-3377.16,-3339.9,-3295.3,-3211.0,-3131.0,-3037.0,-2991.8,-2963.75,-2949.66
32669,-3139.419921875,157.87240600585938,113.18905639648438,159.5448760986328,-3139.419921875,-3131.0,123.57606506347656,-3381.08,-3339.9,-3301.6,-3218.75,-3131.0,-3040.5,-2999.4,-2963.75,-2949.66
32760,-3143.33984375,157.56483459472656,113.20417022705078,158.88142830984933,-3143.340087890625,-3132.0,126.00215911865234,-3409.98,-3363.75,-3301.6,-3218.75,-3132.0,-3050.5,-2999.4,-2963.75,-2949.66
32851,-3147.47998046875,157.25477600097656,113.22451782226562,158.21939086914062,-3147.47998046875,-3142.0,126.65382385253906,-3417.82,-3379.1,-3301.6,-3224.25,-3142.0,-3052.5,-2999.4,-2963.75,-2949.66
32942,-3152.419921875,156.95262145996094,113.24657440185547,157.55048261369978,-3152.419921875,-3145.0,127.23082733154297,-3417.82,-3379.1,-3308.4,-3225.25,-3145.0,-3053.0,-2999.4,-2979.2,-2949.66
33033,-3157.139892578125,156.64187622070312,113.2589340209961,156.88582502092635,-3157.139892578125,-3145.0,125.73814392089844,-3417.82,-3379.1,-3308.8,-3226.0,-3145.0,-3057.25,-3009.8,-2979.25,-2949.66
33124,-3162.679931640625,156.3615264892578,113.3018798828125,156.23832484654017,-3162.679931640625,-3145.5,125.5741958618164,-3418.9,-3379.1,-3308.8,-3230.0,-3145.5,-3068.25,-3019.0,-2982.9,-2949.66
33215,-3166.159912109375,156.08412170410156,113.35063171386719,155.57825360979353,-3166.159912109375,-3145.5,126.6473617553711,-3418.9,-3379.1,-3326.8,-3230.0,-3145.5,-3068.75,-3022.7,-2982.9,-2949.66
33306,-3171.139892578125,155.7769317626953,113.3698959350586,154.92815508161272,-3171.139892578125,-3156.5,128.05015563964844,-3430.66,-3400.45,-3343.5,-3244.75,-3156.5,-3070.75,-3022.9,-3007.7,-2949.66
33397,-3174.699951171875,155.47579956054688,113.3714828491211,154.28862871442522,-3174.699951171875,-3156.5,127.68135833740234,-3430.66,-3400.45,-3343.5,-3250.0,-3156.5,-3075.0,-3022.9,-3008.0,-2980.38
33488,-3179.159912109375,155.14149475097656,113.33975219726562,153.6462903703962,-3179.159912109375,-3164.5,127.30245208740234,-3430.66,-3400.45,-3343.5,-3253.5,-3164.5,-3087.25,-3032.9,-3010.9,-2980.38
33579,-3181.579833984375,154.8515625,113.3582992553711,153.00856454031808,-3181.580078125,-3168.5,127.17800903320312,-3430.66,-3406.15,-3343.5,-3253.5,-3168.5,-3089.0,-3033.2,-3010.9,-2980.38
33670,-3186.239990234375,154.55897521972656,113.36566925048828,152.36182948521204,-3186.239990234375,-3168.5,128.11871337890625,-3458.1,-3406.15,-3343.5,-3276.0,-3168.5,-3091.25,-3040.7,-3010.9,-2980.38
33761,-3189.199951171875,154.26695251464844,113.38887023925781,151.70316859654017,-3189.199951171875,-3185.0,127.20841979980469,-3458.1,-3406.15,-3343.5,-3276.0,-3185.0,-3091.25,-3043.7,-3010.9,-2980.38
33852,-3195.02001953125,153.96510314941406,113.41993713378906,151.0155072893415,-3195.02001953125,-3185.0,123.90699005126953,-3458.1,-3406.15,-3343.5,-3284.75,-3185.0,-3101.75,-3054.6,-3025.25,-3007.56
33943,-3199.33984375,153.69371032714844,113.46475219726562,150.35375104631697,-3199.340087890625,-3185.0,124.31214141845703,-3458.1,-3414.75,-3348.0,-3293.25,-3185.0,-3106.5,-3057.7,-3037.75,-3007.56
34034,-3200.35986328125,153.4025421142578,113.48355102539062,149.6927730015346,-3200.360107421875,-3185.0,123.86593627929688,-3458.1,-3414.75,-3348.0,-3293.25,-3185.0,-3110.25,-3057.7,-3039.65,-3007.56
34125,-3202.97998046875,153.0738525390625,113.47518920898438,148.99624633789062,-3202.97998046875,-3189.0,122.86244201660156,-3458.26,-3414.75,-3348.9,-3293.25,-3189.0,-3110.25,-3062.8,-3039.65,-3007.56
34216,-3207.5400390625,152.80154418945312,113.5103988647461,148.3656485421317,-3207.5400390625,-3189.0,124.2051773071289,-3458.26,-3424.25,-3357.5,-3295.5,-3189.0,-3112.5,-3062.8,-3039.65,-3007.64
34307,-3210.0400390625,152.53662109375,113.54129791259766,147.7293919154576,-3210.0400390625,-3197.0,123.83625793457031,-3458.26,-3424.25,-3357.5,-3300.25,-3197.0,-3112.5,-3062.8,-3039.65,-3022.34
34398,-3214.5,152.21829223632812,113.54041290283203,147.07036481584822,-3214.5,-3207.0,123.83363342285156,-3459.1,-3424.25,-3357.5,-3301.75,-3207.0,-3127.25,-3069.8,-3039.65,-3022.34
34489,-3217.599853515625,151.96034240722656,113.58557891845703,146.4211164202009,-3217.60009765625,-3207.0,123.06672668457031,-3459.1,-3424.25,-3358.4,-3304.25,-3207.0,-3127.25,-3071.8,-3050.8,-3022.34
34580,-3220.679931640625,151.70416259765625,113.6323471069336,145.78472028459822,-3220.679931640625,-3210.5,123.52601623535156,-3469.88,-3427.1,-3358.4,-3305.25,-3210.5,-3128.0,-3073.8,-3050.8,-3022.34
34671,-3224.659912109375,151.42234802246094,113.6378402709961,145.1433606828962,-3224.659912109375,-3222.5,123.21925354003906,-3469.88,-3429.7,-3363.3,-3306.25,-3222.5,-3136.0,-3077.6,-3050.8,-3022.78
34762,-3226.559814453125,151.13534545898438,113.65608978271484,144.487064906529,-3226.56005859375,-3222.5,122.6242446899414,-3469.88,-3437.3,-3363.3,-3306.25,-3222.5,-3138.5,-3079.4,-3062.4,-3022.78
34853,-3231.679931640625,150.83729553222656,113.66206359863281,143.8428737095424,-3231.679931640625,-3224.5,122.60179901123047,-3469.88,-3437.3,-3363.9,-3308.25,-3224.5,-3144.5,-3079.4,-3064.9,-3022.78
34944,-3236.059814453125,150.57850646972656,113.68905639648438,143.2126181466239,-3236.06005859375,-3228.0,122.78117370605469,-3484.58,-3438.1,-3372.9,-3319.25,-3228.0,-3151.25,-3090.7999999999997,-3067.75,-3022.82
35035,-3240.659912109375,150.30043029785156,113.69873046875,142.5660640171596,-3240.659912109375,-3236.0,122.86946868896484,-3503.2,-3438.1,-3372.9,-3322.75,-3236.0,-3154.25,-3090.7999999999997,-3067.75,-3022.82
35126,-3244.780029296875,149.98382568359375,113.66829681396484,141.92608424595423,-3244.780029296875,-3239.0,122.22279357910156,-3503.2,-3459.0,-3372.9,-3323.0,-3239.0,-3154.25,-3095.6,-3068.0,-3057.0
35217,-3247.85986328125,149.71142578125,113.68632507324219,141.2701176234654,-3247.860107421875,-3239.0,122.7389144897461,-3519.2,-3459.05,-3376.7,-3332.5,-3239.0,-3155.0,-3108.9,-3068.0,-3057.0
35308,-3250.419921875,149.4114227294922,113.68971252441406,140.5891854422433,-3250.419921875,-3239.0,121.62139129638672,-3519.2,-3459.05,-3376.7,-3336.0,-3239.0,-3159.0,-3111.7,-3068.0,-3062.88
35399,-3254.559814453125,149.13314819335938,113.70625305175781,139.93011910574776,-3254.56005859375,-3243.0,121.52639770507812,-3519.2,-3459.05,-3383.4,-3339.25,-3243.0,-3160.5,-3116.9,-3077.5,-3062.88
35490,-3258.659912109375,148.87677001953125,113.74977111816406,139.27360098702567,-3258.659912109375,-3251.5,121.6678466796875,-3519.2,-3462.55,-3389.8,-3339.25,-3251.5,-3161.75,-3116.9,-3077.5,-3062.88
35581,-3262.719970703125,148.5955352783203,113.74821472167969,138.6443612234933,-3262.719970703125,-3258.5,120.86100769042969,-3519.2,-3462.55,-3389.8,-3339.25,-3258.5,-3165.0,-3116.9,-3089.65,-3062.88
35672,-3265.260009765625,148.32424926757812,113.78885650634766,137.9650159563337,-3265.260009765625,-3259.5,121.81539916992188,-3522.14,-3474.3,-3397.6,-3340.75,-3259.5,-3166.0,-3117.8,-3090.95,-3067.78
35763,-3267.679931640625,148.06402587890625,113.82568359375,137.32278878348214,-3267.679931640625,-3259.5,120.7440185546875,-3522.14,-3474.3,-3397.6,-3347.0,-3259.5,-3168.75,-3126.1,-3101.45,-3067.78
35854,-3272.3798828125,147.78501892089844,113.82254791259766,136.69592503138952,-3272.3798828125,-3261.5,120.42356872558594,-3522.54,-3474.9,-3397.6,-3351.25,-3261.5,-3174.5,-3126.1,-3103.9,-3075.62
35945,-3275.599853515625,147.518310546875,113.84638214111328,136.04186357770647,-3275.60009765625,-3265.0,121.21261596679688,-3522.54,-3474.9,-3413.8,-3365.25,-3265.0,-3174.5,-3126.9,-3103.9,-3087.38
36036,-3279.239990234375,147.21820068359375,113.82317352294922,135.39859226771765,-3279.239990234375,-3272.0,122.0493392944336,-3522.74,-3499.6,-3414.0,-3366.25,-3272.0,-3188.0,-3133.2,-3103.9,-3087.62
36127,-3283.2998046875,146.97679138183594,113.87934875488281,134.7094247000558,-3283.300048828125,-3273.5,121.3636245727539,-3522.74,-3499.6,-3414.0,-3370.25,-3273.5,-3190.25,-3134.9,-3111.85,-3101.34
36218,-3286.43994140625,146.7186737060547,113.8819808959961,134.06871686662947,-3286.43994140625,-3275.0,123.56207275390625,-3534.5,-3511.5,-3439.2,-3370.25,-3275.0,-3191.75,-3134.9,-3113.9,-3101.34
36309,-3291.619873046875,146.42474365234375,113.87191009521484,133.4220690046038,-3291.6201171875,-3280.5,125.27838897705078,-3608.16,-3511.5,-3439.6,-3372.5,-3280.5,-3192.75,-3139.5,-3115.9,-3103.3
36400,-3293.81982421875,146.1306915283203,113.8667221069336,132.7299586704799,-3293.820068359375,-3281.0,124.52191162109375,-3612.08,-3511.5,-3443.2,-3374.25,-3281.0,-3194.5,-3145.0,-3119.85,-3103.3
36491,-3296.0,145.87673950195312,113.88436889648438,132.0923309326172,-3296.0,-3283.0,124.79911804199219,-3612.08,-3511.5,-3444.2,-3378.75,-3283.0,-3202.5,-3155.7999999999997,-3119.85,-3103.3
36582,-3300.0,145.6293487548828,113.92382049560547,131.42502920968192,-3300.0,-3288.0,125.29812622070312,-3612.08,-3521.6,-3444.2,-3383.25,-3288.0,-3207.25,-3163.4,-3119.85,-3103.3
36673,-3302.81982421875,145.38906860351562,113.96659088134766,130.77205330984933,-3302.820068359375,-3289.0,126.31843566894531,-3616.08,-3521.6,-3456.3,-3383.25,-3289.0,-3213.25,-3163.4,-3124.75,-3103.3
36764,-3304.83984375,145.0854949951172,113.96215057373047,130.07630920410156,-3304.840087890625,-3298.0,126.3676986694336,-3616.08,-3521.6,-3458.1,-3388.25,-3298.0,-3218.0,-3163.4,-3124.75,-3103.34
36855,-3310.579833984375,144.79617309570312,113.9560546875,129.42886897495814,-3310.580078125,-3299.0,124.82405090332031,-3616.08,-3521.6,-3458.1,-3392.75,-3299.0,-3220.5,-3167.8,-3124.75,-3107.26
36946,-3315.099853515625,144.4996337890625,113.9403076171875,128.76102883475167,-3315.10009765625,-3301.5,124.81831359863281,-3616.08,-3521.6,-3458.1,-3400.25,-3301.5,-3221.75,-3167.8,-3130.65,-3107.86
37037,-3317.260009765625,144.22610473632812,113.9643783569336,128.03397914341517,-3317.260009765625,-3303.0,125.08202362060547,-3616.08,-3521.6,-3465.3,-3403.25,-3303.0,-3227.75,-3167.8,-3130.85,-3107.86
37128,-3320.659912109375,143.93600463867188,113.95341491699219,127.3649411882673,-3320.659912109375,-3305.0,126.35372161865234,-3616.08,-3521.6,-3465.3,-3407.0,-3305.0,-3231.5,-3168.9,-3133.7,-3109.82
37219,-3323.739990234375,143.65963745117188,113.96248626708984,126.69145965576172,-3323.739990234375,-3308.5,125.53657531738281,-3616.08,-3533.4,-3468.0,-3413.75,-3308.5,-3231.5,-3171.6,-3156.25,-3117.66
37310,-3327.739990234375,143.4302520751953,113.99835968017578,126.05098506382534,-3327.739990234375,-3321.5,122.6984634399414,-3616.08,-3535.3,-3468.0,-3417.0,-3321.5,-3231.75,-3172.9,-3157.65,-3129.76
37401,-3330.81982421875,143.13894653320312,113.981689453125,125.39572579520089,-3330.820068359375,-3328.0,122.6382827758789,-3616.28,-3535.3,-3468.3,-3417.0,-3328.0,-3232.0,-3173.0,-3163.7,-3141.64
37492,-3332.9599609375,142.9018096923828,114.03084564208984,124.72861044747489,-3332.9599609375,-3328.0,122.26912689208984,-3616.28,-3537.2,-3479.2,-3417.0,-3328.0,-3232.0,-3173.0,-3163.7,-3150.82
37583,-3336.099853515625,142.63523864746094,114.0280990600586,124.08642033168248,-3336.10009765625,-3328.0,122.55387115478516,-3616.48,-3537.2,-3482.3,-3420.5,-3328.0,-3235.25,-3183.7999999999997,-3163.7,-3155.9
37674,-3339.760009765625,142.40000915527344,114.05403900146484,123.45274244035993,-3339.760009765625,-3331.0,124.31397247314453,-3617.88,-3537.2,-3482.3,-3428.75,-3331.0,-3248.75,-3194.9,-3163.8,-3155.9
37765,-3344.619873046875,142.12176513671875,114.03492736816406,122.79771641322544,-3344.6201171875,-3333.5,124.3580093383789,-3617.88,-3546.85,-3499.2,-3428.75,-3333.5,-3256.0,-3205.9,-3165.9,-3157.86
37856,-3348.760009765625,141.88046264648438,114.06796264648438,122.13472747802734,-3348.760009765625,-3335.5,124.60867309570312,-3617.88,-3565.1,-3499.2,-3437.0,-3335.5,-3257.75,-3207.9,-3167.9,-3157.86
37947,-3351.219970703125,141.60104370117188,114.0556640625,121.46307264055524,-3351.219970703125,-3339.0,124.76158905029297,-3617.88,-3565.1,-3499.2,-3437.0,-3339.0,-3259.0,-3207.9,-3172.65,-3157.86
38038,-3355.0400390625,141.31280517578125,114.03055572509766,120.8008804321289,-3355.0400390625,-3344.0,123.9000244140625,-3617.88,-3567.0,-3501.8,-3437.0,-3344.0,-3259.0,-3211.5,-3172.95,-3163.98
38129,-3356.39990234375,141.0770721435547,114.04613494873047,120.1597900390625,-3356.39990234375,-3344.0,124.02072143554688,-3617.88,-3567.0,-3512.3,-3437.0,-3344.0,-3259.0,-3218.7,-3172.95,-3163.98
38220,-3359.179931640625,140.81275939941406,114.03720092773438,119.49679456438336,-3359.179931640625,-3345.5,126.18790435791016,-3617.88,-3567.0,-3515.5,-3441.0,-3345.5,-3259.75,-3218.7,-3179.65,-3163.98
38311,-3362.780029296875,140.55740356445312,114.04336547851562,118.83659144810268,-3362.780029296875,-3356.5,124.96531677246094,-3623.76,-3567.0,-3515.5,-3444.75,-3356.5,-3263.5,-3218.7,-3192.35,-3163.98
38402,-3366.0400390625,140.30979919433594,114.05204010009766,118.17715127127511,-3366.0400390625,-3360.0,124.36421203613281,-3623.76,-3567.0,-3515.5,-3444.75,-3360.0,-3267.0,-3219.7,-3192.35,-3163.98
38493,-3368.159912109375,140.14572143554688,114.14859008789062,117.52932739257812,-3368.159912109375,-3360.0,124.67731475830078,-3623.76,-3567.0,-3520.1,-3448.5,-3360.0,-3273.75,-3219.7,-3192.35,-3163.98
38584,-3371.97998046875,139.88511657714844,114.1449966430664,116.86643436976841,-3371.97998046875,-3360.0,122.88214111328125,-3623.76,-3567.3,-3520.1,-3455.75,-3360.0,-3282.75,-3220.9,-3197.8,-3169.86
38675,-3375.760009765625,139.624267578125,114.13582611083984,116.21644701276507,-3375.760009765625,-3372.5,123.77367401123047,-3680.6,-3567.3,-3520.1,-3464.0,-3372.5,-3282.75,-3223.8,-3201.8,-3175.7400000000002
38766,-3381.599853515625,139.38136291503906,114.13999938964844,115.5629643031529,-3381.60009765625,-3376.5,123.8848648071289,-3680.6,-3574.3,-3528.6,-3467.5,-3376.5,-3298.25,-3226.5,-3206.55,-3175.7400000000002
38857,-3385.7998046875,139.12123107910156,114.12932586669922,114.92379651750836,-3385.800048828125,-3383.5,122.37622833251953,-3680.6,-3576.2,-3528.6,-3478.25,-3383.5,-3305.5,-3230.6,-3213.7,-3193.38
38948,-3388.159912109375,138.82049560546875,114.0942611694336,114.21984100341797,-3388.159912109375,-3387.0,121.77681732177734,-3680.6,-3576.5,-3528.6,-3478.25,-3387.0,-3307.0,-3232.0,-3215.9,-3206.2400000000002
39039,-3390.780029296875,138.55606079101562,114.08537292480469,113.54427555629185,-3390.780029296875,-3388.5,121.897216796875,-3680.88,-3576.5,-3534.0,-3478.25,-3388.5,-3307.0,-3245.4,-3215.9,-3206.2400000000002
39130,-3393.0400390625,138.27978515625,114.05989837646484,112.88154602050781,-3393.0400390625,-3389.5,123.85530853271484,-3680.88,-3576.5,-3543.3,-3478.25,-3389.5,-3307.0,-3245.4,-3215.9,-3206.2400000000002
39221,-3395.760009765625,138.05996704101562,114.0953369140625,112.22369166782924,-3395.760009765625,-3389.5,124.57079315185547,-3680.88,-3591.7,-3547.1,-3478.25,-3389.5,-3307.0,-3247.8,-3215.9,-3206.6
39312,-3398.39990234375,137.81219482421875,114.0912094116211,111.57196589878627,-3398.39990234375,-3392.0,124.2029800415039,-3680.88,-3591.8,-3547.1,-3483.0,-3392.0,-3307.0,-3248.9,-3215.9,-3206.6
39403,-3401.579833984375,137.5706329345703,114.08224487304688,110.91932787214007,-3401.580078125,-3396.0,123.95710754394531,-3680.88,-3591.8,-3548.3,-3486.75,-3396.0,-3307.0,-3254.0,-3216.0,-3206.6
39494,-3404.780029296875,137.30487060546875,114.06637573242188,110.23441314697266,-3404.780029296875,-3396.0,122.43157958984375,-3680.88,-3592.6,-3551.2,-3486.75,-3396.0,-3314.5,-3263.9,-3234.05,-3206.76
39585,-3407.239990234375,137.0528564453125,114.0550537109375,109.57563127790179,-3407.239990234375,-3401.0,122.43611145019531,-3681.04,-3594.5,-3553.4,-3490.0,-3401.0,-3314.5,-3265.8,-3234.05,-3206.76
39676,-3409.85986328125,136.83505249023438,114.07244110107422,108.91632298060826,-3409.860107421875,-3406.0,122.2078628540039,-3681.04,-3609.7,-3555.2,-3496.25,-3406.0,-3315.0,-3265.8,-3235.0,-3213.62
39767,-3414.059814453125,136.63543701171875,114.10553741455078,108.26971762520927,-3414.06005859375,-3409.0,123.65555572509766,-3681.6,-3609.7,-3557.1,-3499.75,-3409.0,-3315.0,-3271.4,-3235.0,-3213.62
39858,-3416.83984375,136.35330200195312,114.07150268554688,107.5656269618443,-3416.840087890625,-3412.0,123.7712173461914,-3681.6,-3609.7,-3561.1,-3499.75,-3412.0,-3318.5,-3273.8,-3235.0,-3213.62
39949,-3418.47998046875,136.10845947265625,114.06707000732422,106.8924059186663,-3418.47998046875,-3417.5,123.62261199951172,-3681.6,-3625.6,-3561.1,-3505.75,-3417.5,-3319.25,-3279.4,-3238.85,-3213.78
40040,-3421.739990234375,135.83509826660156,114.0414047241211,106.21482413155692,-3421.739990234375,-3417.5,121.52246856689453,-3681.6,-3625.6,-3561.1,-3505.75,-3417.5,-3330.5,-3281.8,-3253.1,-3213.78
40131,-3423.0,135.53562927246094,113.96089172363281,105.57101549421039,-3423.0,-3417.5,121.63264465332031,-3681.6,-3625.6,-3565.6,-3505.75,-3417.5,-3330.5,-3281.8,-3253.1,-3213.86
40222,-3426.199951171875,135.286865234375,113.94401550292969,104.89341081891742,-3426.199951171875,-3418.0,119.99424743652344,-3681.6,-3625.6,-3569.2,-3511.5,-3418.0,-3335.75,-3287.4,-3262.6,-3234.52
40313,-3430.5,135.03749084472656,113.92271423339844,104.23222242082868,-3430.5,-3418.0,120.470947265625,-3681.6,-3637.5,-3571.6,-3513.75,-3418.0,-3342.75,-3291.9,-3263.5,-3235.98
40404,-3434.02001953125,134.85267639160156,113.97843933105469,103.57962690080915,-3434.02001953125,-3418.0,121.64859008789062,-3713.94,-3651.1,-3577.6,-3513.75,-3418.0,-3343.0,-3293.9,-3273.0,-3235.98
40495,-3437.81982421875,134.62669372558594,113.99253845214844,102.90704236711774,-3437.820068359375,-3422.5,122.90495300292969,-3713.94,-3651.1,-3596.1,-3513.75,-3422.5,-3346.5,-3293.9,-3273.0,-3243.82
40586,-3439.919921875,134.38296508789062,113.98639678955078,102.23338208879743,-3439.919921875,-3426.0,122.3788070678711,-3713.94,-3653.4,-3596.1,-3513.75,-3426.0,-3357.75,-3293.9,-3273.0,-3243.82
40677,-3442.579833984375,134.20790100097656,114.03598022460938,101.5891353062221,-3442.580078125,-3427.5,122.67241668701172,-3713.94,-3653.4,-3596.1,-3513.75,-3427.5,-3359.75,-3293.9,-3273.7,-3250.6800000000003
40768,-3445.219970703125,133.96031188964844,114.0123291015625,100.93495287214007,-3445.219970703125,-3430.0,122.89740753173828,-3713.94,-3661.1,-3600.0,-3513.75,-3430.0,-3366.75,-3295.7,-3273.7,-3250.6800000000003
40859,-3449.7998046875,133.7276611328125,114.01776885986328,100.26275852748326,-3449.800048828125,-3438.0,123.385009765625,-3714.46,-3661.1,-3600.0,-3517.0,-3438.0,-3366.75,-3296.0,-3281.6,-3261.46
40950,-3451.5400390625,133.48622131347656,114.0024185180664,99.57127053397042,-3451.5400390625,-3438.0,122.84204864501953,-3714.46,-3661.1,-3600.0,-3519.25,-3438.0,-3375.25,-3296.0,-3281.6,-3261.46
41041,-3453.419921875,133.25247192382812,114.00445556640625,98.87992531912667,-3453.419921875,-3441.0,123.78886413574219,-3714.46,-3661.1,-3610.5,-3521.0,-3441.0,-3375.25,-3296.0,-3281.6,-3261.46
41132,-3455.7998046875,133.04312133789062,114.0054931640625,98.24803597586495,-3455.800048828125,-3446.0,123.58535766601562,-3714.46,-3661.1,-3610.5,-3525.5,-3446.0,-3376.0,-3297.8,-3281.6,-3261.46
41223,-3459.4599609375,132.79640197753906,113.9756088256836,97.58738490513393,-3459.4599609375,-3450.5,123.02995300292969,-3714.46,-3661.9,-3610.5,-3531.0,-3450.5,-3376.0,-3314.0,-3281.6,-3261.5
41314,-3462.8798828125,132.55740356445312,113.97348022460938,96.87743704659599,-3462.8798828125,-3451.0,122.57392120361328,-3714.46,-3673.3,-3616.0,-3540.0,-3451.0,-3378.5,-3321.2,-3292.45,-3272.98
41405,-3465.719970703125,132.3579864501953,114.00653839111328,96.18322317940849,-3465.719970703125,-3454.5,122.40188598632812,-3714.46,-3673.3,-3621.4,-3547.25,-3454.5,-3378.5,-3321.2,-3293.95,-3272.98
41496,-3468.239990234375,132.1360321044922,114.01518249511719,95.50689588274274,-3468.239990234375,-3454.5,122.79805755615234,-3714.46,-3673.3,-3621.4,-3547.25,-3454.5,-3379.75,-3321.2,-3293.95,-3279.86
41587,-3469.579833984375,131.8935089111328,113.99646759033203,94.82095336914062,-3469.580078125,-3454.5,123.083251953125,-3714.46,-3673.3,-3622.3,-3553.0,-3454.5,-3380.75,-3322.0,-3293.95,-3279.86
41678,-3471.239990234375,131.64373779296875,113.95964050292969,94.15518624441964,-3471.239990234375,-3454.5,122.1715316772461,-3714.46,-3673.3,-3622.3,-3553.0,-3454.5,-3389.0,-3322.0,-3293.95,-3279.9
41769,-3473.0400390625,131.3963623046875,113.92155456542969,93.47772979736328,-3473.0400390625,-3458.0,122.66448974609375,-3714.46,-3679.65,-3626.4,-3554.5,-3458.0,-3389.75,-3322.0,-3303.45,-3279.9
41860,-3475.760009765625,131.17059326171875,113.91143798828125,92.80450657435826,-3475.760009765625,-3460.0,122.16710662841797,-3714.46,-3679.65,-3639.2,-3554.5,-3460.0,-3392.25,-3331.0,-3303.7,-3279.9
41951,-3479.179931640625,130.9470977783203,113.90904235839844,92.09273856026786,-3479.179931640625,-3461.5,122.13610076904297,-3715.44,-3679.8,-3639.7,-3557.0,-3461.5,-3393.0,-3331.8,-3313.3,-3279.9
42042,-3481.159912109375,130.75289916992188,113.91618347167969,91.48302023751395,-3481.159912109375,-3465.5,121.24897766113281,-3715.68,-3685.5,-3639.7,-3562.5,-3465.5,-3393.75,-3338.7,-3313.3,-3279.9
42133,-3484.059814453125,130.6007843017578,113.98886108398438,90.8182623726981,-3484.06005859375,-3478.0,120.45304870605469,-3715.68,-3693.1,-3641.5,-3562.5,-3478.0,-3399.25,-3338.7,-3317.8,-3292.7400000000002
42224,-3486.260009765625,130.41648864746094,114.00037384033203,90.14198957170758,-3486.260009765625,-3489.0,120.54224395751953,-3723.52,-3693.1,-3641.5,-3563.75,-3489.0,-3402.5,-3338.7,-3317.8,-3292.7400000000002
42315,-3489.260009765625,130.18006896972656,113.98759460449219,89.41203308105469,-3489.260009765625,-3490.5,120.05828094482422,-3723.52,-3693.5,-3641.5,-3564.75,-3490.5,-3402.5,-3341.9,-3323.7,-3292.7400000000002
42406,-3493.760009765625,129.98507690429688,114.01200103759766,88.70091247558594,-3493.760009765625,-3492.0,118.96504974365234,-3723.8,-3696.3,-3641.5,-3576.0,-3492.0,-3403.0,-3347.4,-3338.25,-3298.62
42497,-3496.35986328125,129.76870727539062,114.00237274169922,88.05463300432477,-3496.360107421875,-3492.0,118.71398162841797,-3737.52,-3709.6,-3645.1,-3576.0,-3492.0,-3404.5,-3350.9,-3338.45,-3298.9
42588,-3498.780029296875,129.53982543945312,113.97584533691406,87.38155147007534,-3498.780029296875,-3493.5,120.23815155029297,-3737.52,-3721.0,-3646.1,-3577.75,-3493.5,-3411.0,-3350.9,-3338.45,-3298.9
42679,-3501.739990234375,129.26634216308594,113.90325164794922,86.7009528023856,-3501.739990234375,-3496.5,120.09576416015625,-3738.08,-3721.0,-3646.5,-3580.25,-3496.5,-3414.5,-3351.9,-3341.85,-3319.58
42770,-3503.260009765625,129.07421875,113.90914916992188,86.04446193150112,-3503.260009765625,-3496.5,120.62732696533203,-3738.08,-3721.0,-3659.2,-3581.5,-3496.5,-3414.5,-3359.4,-3341.85,-3319.58
42861,-3506.099853515625,128.84031677246094,113.90312194824219,85.30755942208427,-3506.10009765625,-3502.0,120.63536071777344,-3738.08,-3721.0,-3660.0,-3581.5,-3502.0,-3414.5,-3361.8,-3341.85,-3322.94
42952,-3507.9599609375,128.67552185058594,113.93212890625,84.6424800327846,-3507.9599609375,-3503.0,121.53394317626953,-3738.08,-3721.0,-3669.4,-3584.25,-3503.0,-3417.75,-3361.8,-3341.85,-3322.94
43043,-3510.35986328125,128.44192504882812,113.92300415039062,83.90150560651507,-3510.360107421875,-3504.0,121.5312728881836,-3738.2,-3721.0,-3669.4,-3584.25,-3504.0,-3418.75,-3362.0,-3346.75,-3325.88
43134,-3513.139892578125,128.287109375,113.95365905761719,83.25862993512835,-3513.139892578125,-3507.5,122.03278350830078,-3738.2,-3721.0,-3669.4,-3591.5,-3507.5,-3418.75,-3362.0,-3352.9,-3332.7400000000002
43225,-3517.239990234375,128.03684997558594,113.91636657714844,82.53111812046596,-3517.239990234375,-3507.5,123.01560974121094,-3757.8,-3743.2,-3669.8,-3593.0,-3507.5,-3422.0,-3368.2999999999997,-3352.9,-3332.7400000000002
43316,-3519.419921875,127.81238555908203,113.88176727294922,81.85809544154576,-3519.419921875,-3511.5,122.61339569091797,-3757.8,-3747.0,-3677.0,-3599.0,-3511.5,-3422.0,-3371.8,-3352.9,-3332.7400000000002
43407,-3521.93994140625,127.61494445800781,113.87725830078125,81.17775508335659,-3521.93994140625,-3517.0,122.24604797363281,-3757.8,-3747.0,-3677.0,-3599.0,-3517.0,-3431.5,-3372.0,-3353.95,-3332.7400000000002
43498,-3522.579833984375,127.3887939453125,113.85852813720703,80.4776142665318,-3522.580078125,-3517.0,122.22047424316406,-3760.74,-3747.1,-3677.0,-3599.0,-3517.0,-3435.0,-3374.0,-3353.95,-3332.7400000000002
43589,-3525.739990234375,127.19068908691406,113.85224151611328,79.82981654575893,-3525.739990234375,-3517.0,122.36238861083984,-3771.52,-3747.1,-3677.0,-3599.0,-3517.0,-3440.0,-3374.0,-3353.95,-3332.7400000000002
43680,-3528.35986328125,126.9606704711914,113.8074951171875,79.14791761125836,-3528.360107421875,-3517.0,123.36016845703125,-3777.4,-3759.2,-3677.0,-3601.75,-3517.0,-3442.5,-3374.0,-3359.7,-3332.7400000000002
43771,-3530.260009765625,126.69863891601562,113.7593994140625,78.40277753557477,-3530.260009765625,-3521.0,123.35652923583984,-3777.4,-3759.2,-3677.5,-3611.0,-3521.0,-3449.0,-3375.8,-3359.7,-3332.7400000000002
43862,-3533.89990234375,126.523193359375,113.76139831542969,77.72888292585101,-3533.89990234375,-3525.0,121.17395782470703,-3777.4,-3759.2,-3679.3,-3611.0,-3525.0,-3449.5,-3382.0,-3360.65,-3332.7400000000002
43953,-3536.219970703125,126.30705261230469,113.7371826171875,77.06952776227679,-3536.219970703125,-3528.5,121.61846160888672,-3777.4,-3759.2,-3682.5,-3611.75,-3528.5,-3449.5,-3382.0,-3366.85,-3332.7400000000002
44044,-3538.5400390625,126.12588500976562,113.7616195678711,76.38345009940011,-3538.5400390625,-3530.0,121.43791961669922,-3777.56,-3763.2,-3683.3,-3611.75,-3530.0,-3451.75,-3382.0,-3368.9,-3332.7400000000002
44135,-3540.8798828125,125.95512390136719,113.78952026367188,75.65431322370257,-3540.8798828125,-3534.0,120.27803802490234,-3777.56,-3763.2,-3683.3,-3611.75,-3534.0,-3459.5,-3383.8,-3370.9,-3332.7400000000002
44226,-3543.579833984375,125.73081970214844,113.74760437011719,74.96984427315849,-3543.580078125,-3540.5,120.99357604980469,-3787.36,-3763.3,-3696.1,-3616.75,-3540.5,-3461.25,-3383.8,-3370.9,-3342.54
44317,-3545.639892578125,125.60874938964844,113.81305694580078,74.28058733258929,-3545.639892578125,-3541.5,121.55546569824219,-3787.36,-3763.3,-3699.6,-3617.0,-3541.5,-3461.25,-3383.8,-3370.9,-3342.54
44408,-3548.33984375,125.48995971679688,113.87616729736328,73.6191166469029,-3548.340087890625,-3547.0,121.2794418334961,-3787.36,-3763.3,-3702.3,-3621.5,-3547.0,-3462.75,-3384.0,-3373.85,-3342.7000000000003
44499,-3550.0,125.28763580322266,113.87728118896484,72.87787192208427,-3550.0,-3552.0,120.78882598876953,-3787.36,-3763.3,-3702.3,-3627.75,-3552.0,-3464.25,-3391.8,-3377.8,-3348.58
44590,-3551.52001953125,125.10810089111328,113.89620971679688,72.12615857805524,-3551.52001953125,-3552.5,122.1520004272461,-3787.36,-3773.3,-3702.3,-3627.75,-3552.5,-3464.25,-3394.5,-3377.8,-3348.58
44681,-3554.079833984375,124.8546142578125,113.82676696777344,71.37940325055804,-3554.080078125,-3552.5,121.44650268554688,-3787.36,-3779.0,-3702.3,-3632.25,-3552.5,-3465.0,-3397.7,-3377.95,-3366.2200000000003
44772,-3555.89990234375,124.64982604980469,113.80679321289062,70.66052137102399,-3555.89990234375,-3554.0,121.85108947753906,-3804.22,-3779.0,-3705.6,-3636.0,-3554.0,-3465.0,-3397.7,-3380.85,-3366.3
44863,-3558.31982421875,124.4865493774414,113.8187255859375,69.96299961635044,-3558.320068359375,-3554.0,121.75909423828125,-3804.74,-3779.0,-3706.0,-3636.75,-3554.0,-3465.0,-3407.6,-3381.95,-3376.1000000000004
44954,-3560.31982421875,124.32472229003906,113.83626556396484,69.26934596470424,-3560.320068359375,-3555.0,122.24727630615234,-3828.26,-3779.45,-3706.0,-3636.75,-3555.0,-3465.0,-3408.9,-3384.85,-3376.26
45045,-3562.179931640625,124.03182983398438,113.7412109375,68.4896240234375,-3562.179931640625,-3555.5,121.99256896972656,-3828.26,-3779.45,-3706.0,-3639.25,-3555.5,-3466.75,-3408.9,-3389.75,-3376.46
45136,-3565.239990234375,123.7909164428711,113.67739868164062,67.73157065255302,-3565.239990234375,-3559.0,120.8857421875,-3828.26,-3779.45,-3706.0,-3639.25,-3559.0,-3469.75,-3414.0,-3394.5,-3381.36
45227,-3567.179931640625,123.55274963378906,113.61064147949219,67.01337432861328,-3567.179931640625,-3561.5,121.74854278564453,-3828.26,-3779.45,-3709.6,-3641.0,-3561.5,-3470.0,-3414.0,-3394.6,-3381.36
45318,-3569.219970703125,123.38573455810547,113.62781524658203,66.30076163155692,-3569.219970703125,-3561.5,121.2699966430664,-3828.26,-3779.45,-3716.1,-3641.0,-3561.5,-3478.5,-3414.0,-3395.0,-3381.7200000000003
45409,-3571.239990234375,123.1830062866211,113.60488891601562,65.57542528424945,-3571.239990234375,-3561.5,121.00265502929688,-3828.26,-3780.25,-3717.7,-3641.0,-3561.5,-3482.75,-3414.0,-3395.0,-3381.7200000000003
45500,-3572.919921875,122.98785400390625,113.59430694580078,64.84178979056222,-3572.919921875,-3565.0,120.08769226074219,-3828.26,-3780.25,-3719.5,-3641.0,-3565.0,-3489.75,-3417.6,-3398.8,-3381.7200000000003
45591,-3574.719970703125,122.77572631835938,113.55329132080078,64.11985288347516,-3574.719970703125,-3565.0,121.18457794189453,-3828.26,-3784.05,-3721.4,-3644.5,-3565.0,-3490.25,-3417.6,-3398.8,-3381.96
45682,-3576.119873046875,122.54908752441406,113.5091781616211,63.3796637398856,-3576.1201171875,-3565.0,121.33822631835938,-3828.26,-3784.05,-3722.3,-3647.0,-3565.0,-3493.0,-3417.6,-3406.6,-3381.96
45773,-3578.079833984375,122.43537139892578,113.56484985351562,62.66880907331194,-3578.080078125,-3566.5,121.21491241455078,-3828.26,-3784.05,-3722.3,-3647.25,-3566.5,-3497.5,-3417.6,-3406.6,-3389.94
45864,-3580.33984375,122.2169189453125,113.52669525146484,61.902247837611604,-3580.340087890625,-3570.5,121.25586700439453,-3834.14,-3784.45,-3722.3,-3648.75,-3570.5,-3498.5,-3426.6,-3406.6,-3389.94
45955,-3582.719970703125,122.07476806640625,113.55209350585938,61.16823468889509,-3582.719970703125,-3574.5,121.68394470214844,-3838.06,-3786.35,-3723.2,-3651.75,-3574.5,-3501.25,-3426.7,-3408.9,-3389.94
46046,-3584.7998046875,121.95182800292969,113.59723663330078,60.41610663277762,-3584.800048828125,-3582.0,121.43138122558594,-3838.06,-3809.15,-3740.3,-3651.75,-3582.0,-3501.25,-3428.0,-3408.9,-3389.94
46137,-3586.099853515625,121.76383972167969,113.60235595703125,59.6418833051409,-3586.10009765625,-3582.0,120.93655395507812,-3838.06,-3809.55,-3740.3,-3651.75,-3582.0,-3504.25,-3431.6,-3411.75,-3395.82
46228,-3588.5400390625,121.62213897705078,113.63090515136719,58.8911143711635,-3588.5400390625,-3582.0,120.31895446777344,-3843.94,-3809.55,-3743.3,-3655.75,-3582.0,-3504.25,-3435.8,-3415.8,-3406.78
46319,-3591.219970703125,121.43008422851562,113.60807800292969,58.13899775913784,-3591.219970703125,-3584.5,120.13563537597656,-3843.94,-3819.35,-3746.7,-3655.75,-3584.5,-3505.0,-3436.0,-3427.95,-3408.98
46410,-3593.659912109375,121.2899169921875,113.6429672241211,57.359710693359375,-3593.659912109375,-3585.0,119.98176574707031,-3843.94,-3823.15,-3746.7,-3658.75,-3585.0,-3505.0,-3443.2999999999997,-3427.95,-3408.98
46501,-3595.159912109375,121.1353988647461,113.66885375976562,56.501498631068635,-3595.159912109375,-3587.0,120.4217300415039,-3848.34,-3823.15,-3746.7,-3658.75,-3587.0,-3505.0,-3443.2999999999997,-3427.95,-3408.98
46592,-3597.31982421875,120.97879791259766,113.67652893066406,55.73381314958845,-3597.320068359375,-3588.5,120.51969146728516,-3848.34,-3823.15,-3746.7,-3661.75,-3588.5,-3505.0,-3444.9,-3431.8,-3426.64
46683,-3599.33984375,120.79043579101562,113.6523208618164,54.909764426095144,-3599.340087890625,-3590.0,119.43527221679688,-3848.34,-3823.15,-3753.8,-3661.75,-3590.0,-3505.0,-3454.7999999999997,-3433.9,-3426.64
46774,-3601.619873046875,120.60428619384766,113.6200180053711,54.15561512538365,-3601.6201171875,-3593.5,119.14275360107422,-3865.98,-3823.15,-3754.7,-3669.0,-3593.5,-3506.5,-3455.9,-3434.95,-3431.9
46865,-3603.2998046875,120.41850280761719,113.59622955322266,53.37160219464983,-3603.300048828125,-3593.5,118.64978790283203,-3865.98,-3825.05,-3754.7,-3669.0,-3593.5,-3516.25,-3455.9,-3435.95,-3431.9
46956,-3606.739990234375,120.19086456298828,113.54608917236328,52.577265058244976,-3606.739990234375,-3595.0,118.08790588378906,-3865.98,-3825.05,-3764.4,-3673.25,-3595.0,-3528.0,-3471.2999999999997,-3435.95,-3431.9
47047,-3609.199951171875,120.10888671875,113.62544250488281,51.81410162789481,-3609.199951171875,-3595.0,117.74744415283203,-3872.14,-3825.05,-3764.4,-3677.75,-3595.0,-3528.25,-3473.9,-3435.95,-3431.9
47138,-3610.5,119.9599380493164,113.6390380859375,50.99357114519392,-3610.5,-3595.0,117.65411376953125,-3872.14,-3825.05,-3764.4,-3677.75,-3595.0,-3528.25,-3473.9,-3441.95,-3431.9
47229,-3612.02001953125,119.77136993408203,113.62344360351562,50.13667351858957,-3612.02001953125,-3598.5,117.3620834350586,-3872.14,-3825.05,-3764.4,-3681.25,-3598.5,-3528.25,-3474.9,-3441.95,-3431.94
47320,-3613.8798828125,119.58267211914062,113.5871810913086,49.34686115809849,-3613.8798828125,-3600.5,117.84075927734375,-3876.06,-3825.05,-3764.4,-3681.25,-3600.5,-3528.25,-3474.9,-3442.0,-3431.94
47411,-3615.4599609375,119.49779510498047,113.6709213256836,48.56519372122629,-3615.4599609375,-3605.0,117.86334228515625,-3876.06,-3825.05,-3764.5,-3684.25,-3605.0,-3528.25,-3474.9,-3442.0,-3431.94
47502,-3617.260009765625,119.35772705078125,113.69355010986328,47.77542386736189,-3617.260009765625,-3609.0,117.54672241210938,-3876.06,-3831.05,-3764.5,-3693.0,-3609.0,-3528.25,-3475.9,-3454.35,-3438.86
47593,-3618.9599609375,119.20332336425781,113.70427703857422,46.8810909816197,-3618.9599609375,-3609.0,116.90824890136719,-3879.98,-3831.25,-3764.5,-3693.0,-3609.0,-3530.5,-3475.9,-3456.9,-3438.86
47684,-3620.599853515625,119.12230682373047,113.78544616699219,46.0039187840053,-3620.60009765625,-3610.0,116.19355010986328,-3879.98,-3831.25,-3764.5,-3693.0,-3610.0,-3535.0,-3487.1,-3461.75,-3453.56
47775,-3622.260009765625,118.99801635742188,113.8183364868164,45.1818482535226,-3622.260009765625,-3615.5,116.67609405517578,-3881.94,-3831.25,-3769.1,-3696.5,-3615.5,-3535.0,-3488.2,-3461.85,-3453.56
47866,-3624.4599609375,118.94712829589844,113.92941284179688,44.35878535679409,-3624.4599609375,-3616.0,116.3495101928711,-3885.86,-3840.35,-3769.1,-3696.5,-3616.0,-3539.25,-3489.0,-3462.95,-3453.56
47957,-3625.260009765625,118.8546142578125,113.9869613647461,43.49083273751395,-3625.260009765625,-3616.0,116.5696029663086,-3889.78,-3840.35,-3769.1,-3696.5,-3616.0,-3539.25,-3489.9,-3462.95,-3453.56
48048,-3626.9599609375,118.7651138305664,114.0612564086914,42.591705322265625,-3626.9599609375,-3616.5,117.38848876953125,-3909.38,-3850.45,-3770.3,-3696.5,-3616.5,-3539.75,-3489.9,-3462.95,-3453.56
48139,-3629.0,118.55274963378906,114.00481414794922,41.708891187395366,-3629.0,-3619.0,117.76969146728516,-3909.38,-3850.45,-3773.5,-3698.25,-3619.0,-3539.75,-3496.9,-3462.95,-3453.56
48230,-3631.02001953125,118.33871459960938,113.96182250976562,40.765924726213726,-3631.02001953125,-3622.0,117.42597961425781,-3909.38,-3850.45,-3774.1,-3698.25,-3622.0,-3545.0,-3496.9,-3462.95,-3453.56
48321,-3632.4599609375,118.24406433105469,114.04557800292969,39.80113329206194,-3632.4599609375,-3625.0,117.73108673095703,-3909.38,-3854.25,-3778.1,-3701.75,-3625.0,-3548.0,-3497.9,-3463.0,-3459.44
48412,-3634.079833984375,118.18729400634766,114.137451171875,38.85911560058594,-3634.080078125,-3630.0,118.27008819580078,-3917.66,-3859.05,-3778.1,-3704.0,-3630.0,-3548.0,-3497.9,-3463.0,-3459.56
48503,-3636.260009765625,118.05099487304688,114.1689682006836,37.88829803466797,-3636.260009765625,-3630.0,117.99047088623047,-3917.66,-3859.35,-3778.1,-3712.0,-3630.0,-3550.5,-3503.4,-3474.4,-3459.96
48594,-3637.099853515625,118.01904296875,114.29580688476562,36.891375405447825,-3637.10009765625,-3631.0,118.19547271728516,-3921.58,-3859.35,-3778.1,-3714.0,-3631.0,-3550.5,-3503.4,-3474.4,-3459.96
48685,-3637.9599609375,118.02375030517578,114.45807647705078,35.9425413949149,-3637.9599609375,-3631.5,118.37692260742188,-3921.58,-3859.4,-3788.6,-3714.0,-3631.5,-3550.5,-3503.4,-3474.4,-3459.96
48776,-3639.97998046875,118.10559844970703,114.70512390136719,34.91530282156808,-3639.97998046875,-3633.5,119.25711822509766,-3921.58,-3859.45,-3788.6,-3723.5,-3633.5,-3551.0,-3503.4,-3474.55,-3461.96
48867,-3640.9599609375,118.13433837890625,114.88282775878906,33.88571275983538,-3640.9599609375,-3633.5,119.85765838623047,-3921.58,-3861.35,-3788.8,-3723.5,-3633.5,-3552.5,-3503.5,-3474.55,-3461.96
48958,-3642.119873046875,118.17752838134766,115.07743835449219,32.94118635995047,-3642.1201171875,-3633.5,119.56640625,-3921.58,-3861.35,-3788.8,-3723.75,-3633.5,-3552.5,-3504.0,-3474.55,-3462.98
49049,-3643.199951171875,118.18903350830078,115.24760437011719,31.789769308907644,-3643.199951171875,-3635.5,119.93623352050781,-3925.5,-3861.35,-3793.3,-3723.75,-3635.5,-3552.5,-3504.0,-3474.75,-3462.98
49140,-3645.079833984375,118.20468139648438,115.4280014038086,30.657820292881556,-3645.080078125,-3642.5,120.32179260253906,-3929.42,-3868.15,-3793.4,-3724.25,-3642.5,-3558.75,-3505.8,-3476.85,-3462.98
49231,-3646.619873046875,118.2403793334961,115.61702728271484,29.58584485735212,-3646.6201171875,-3643.0,120.29695892333984,-3933.38,-3868.15,-3793.4,-3724.25,-3643.0,-3561.75,-3507.6,-3476.85,-3463.98
49322,-3647.760009765625,118.24043273925781,115.76927947998047,28.510161536080496,-3647.760009765625,-3644.5,120.34252166748047,-3933.38,-3868.15,-3797.4,-3724.25,-3644.5,-3562.75,-3509.4,-3476.85,-3463.98
49413,-3649.059814453125,118.41796112060547,116.10552978515625,27.363095147269114,-3649.06005859375,-3646.0,120.28706359863281,-3937.3,-3868.15,-3797.4,-3724.25,-3646.0,-3562.75,-3513.0,-3477.95,-3463.98
49504,-3650.81982421875,118.44208526611328,116.29141235351562,26.25066293988909,-3650.820068359375,-3650.5,120.82461547851562,-3939.26,-3868.15,-3801.0,-3726.5,-3650.5,-3562.75,-3514.7999999999997,-3477.95,-3463.98
49595,-3651.85986328125,118.494384765625,116.50057983398438,25.07419994899205,-3651.860107421875,-3650.5,121.43228149414062,-3939.26,-3868.15,-3802.2,-3726.5,-3650.5,-3562.75,-3514.7999999999997,-3477.95,-3463.98
49686,-3652.9599609375,118.69223022460938,116.84825134277344,23.985530853271484,-3652.9599609375,-3652.5,122.06021881103516,-3941.22,-3871.15,-3802.2,-3726.5,-3652.5,-3562.75,-3518.3999999999996,-3477.95,-3463.98
49777,-3654.219970703125,118.96479797363281,117.26377868652344,22.84145082746233,-3654.219970703125,-3652.5,122.6799545288086,-3941.22,-3874.45,-3813.1,-3726.5,-3652.5,-3562.75,-3518.3999999999996,-3478.0,-3463.98
49868,-3655.0,119.3422622680664,117.79771423339844,21.638665063040598,-3655.0,-3652.5,122.59387969970703,-3941.22,-3874.45,-3813.3,-3726.5,-3652.5,-3562.75,-3519.0,-3478.0,-3466.94
49959,-3655.919921875,119.67294311523438,118.28634643554688,20.32784026009696,-3655.919921875,-3652.5,122.25798034667969,-3941.22,-3874.45,-3813.3,-3726.5,-3652.5,-3564.5,-3521.2,-3478.0,-3470.86
