step,best_fitness,avg_hamming,avg_l1,avg_entropy,mean,median,std,2%,5%,10%,25%,50%,75%,90%,95%,98%
91,-590.97998046875,255.92190551757812,16.378623962402344,353.989493233817,-590.97998046875,-577.0,99.33186340332031,-816.78,-779.8,-709.5,-652.0,-577.0,-521.0,-468.7,-450.0,-431.90000000000003
182,-648.5999755859375,255.845703125,18.14690399169922,353.7252764020647,-648.5999755859375,-646.5,93.9552001953125,-855.4,-815.05,-787.8,-696.25,-646.5,-580.5,-539.5999999999999,-508.8,-479.6600000000001
273,-670.0,255.76718139648438,19.705636978149414,353.46432059151783,-670.0,-670.0,90.13534545898438,-875.62,-816.05,-795.1,-720.5,-670.0,-592.0,-559.1999999999999,-535.85,-521.6000000000001
364,-687.47998046875,255.68896484375,21.17288589477539,353.2013201032366,-687.47998046875,-684.5,84.6935043334961,-875.62,-817.5,-796.4,-731.5,-684.5,-642.25,-584.0999999999998,-545.7,-525.9200000000001
455,-705.4199829101562,255.6138916015625,22.538633346557617,352.94244384765625,-705.4199829101562,-694.5,87.13738250732422,-925.68,-856.0,-805.1,-754.25,-694.5,-655.5,-596.8,-582.2,-557.88
546,-717.1199951171875,255.54051208496094,23.828012466430664,352.6857386997768,-717.1199951171875,-709.0,81.05606079101562,-925.68,-856.0,-806.9,-766.5,-709.0,-663.0,-636.8,-598.95,-581.7
637,-724.9199829101562,255.46238708496094,25.04924774169922,352.42313058035717,-724.9199829101562,-712.0,79.1121597290039,-925.68,-874.05,-815.1,-769.75,-712.0,-673.25,-644.9,-605.8,-592.6400000000001
728,-739.0799560546875,255.3860321044922,26.2082462310791,352.16385759626115,-739.0800170898438,-722.0,79.80158233642578,-925.68,-876.55,-831.9,-780.0,-722.0,-682.75,-652.5,-628.0,-597.9
819,-749.2999877929688,255.309814453125,27.28353500366211,351.9096156529018,-749.2999877929688,-739.0,81.70783233642578,-959.5,-906.75,-854.1,-787.25,-739.0,-692.5,-662.9,-640.85,-597.9
910,-753.1799926757812,255.2357940673828,28.32818603515625,351.65526035853793,-753.1799926757812,-741.5,78.42313385009766,-959.5,-906.75,-854.1,-787.25,-741.5,-702.75,-675.9,-652.75,-613.58
1001,-765.47998046875,255.15957641601562,29.368499755859375,351.3922424316406,-765.47998046875,-760.5,81.14893341064453,-975.18,-925.7,-861.4,-804.5,-760.5,-713.0,-686.5,-661.85,-613.58
1092,-773.239990234375,255.08148193359375,30.330322265625,351.13551548549106,-773.239990234375,-765.5,76.99507904052734,-975.18,-925.7,-875.9,-807.0,-765.5,-716.5,-695.6999999999999,-681.95,-658.7
1183,-777.1799926757812,254.9982452392578,31.281652450561523,350.8700648716518,-777.1799926757812,-766.5,75.4320068359375,-975.18,-925.7,-875.9,-815.25,-766.5,-727.0,-696.9,-686.75,-658.7
1274,-783.760009765625,254.91969299316406,32.17839050292969,350.6148027692522,-783.760009765625,-769.0,72.6727066040039,-975.18,-925.7,-884.2,-817.0,-769.0,-735.0,-702.9,-692.75,-680.5600000000001
1365,-784.9199829101562,254.8427734375,33.05948257446289,350.3581804547991,-784.9199829101562,-770.5,72.861328125,-975.18,-925.7,-884.2,-817.5,-770.5,-735.0,-702.9,-692.85,-680.5600000000001
1456,-789.6799926757812,254.7587890625,33.92967224121094,350.09197998046875,-789.6799926757812,-773.0,75.65208435058594,-984.98,-940.0,-887.1,-820.75,-773.0,-736.75,-710.9,-695.85,-687.86
1547,-795.5599975585938,254.670654296875,34.76583480834961,349.82571847098217,-795.5599975585938,-776.0,76.91778564453125,-989.88,-959.8,-897.9,-834.0,-776.0,-740.5,-713.9,-702.95,-692.94
1638,-799.5799560546875,254.59059143066406,35.58925247192383,349.5672127859933,-799.5800170898438,-780.0,77.07765197753906,-989.88,-959.8,-897.9,-849.5,-780.0,-741.0,-714.0,-702.95,-692.94
1729,-800.7000122070312,254.50865173339844,36.38886642456055,349.30675833565846,-800.7000122070312,-780.0,77.01512908935547,-989.88,-959.8,-897.9,-851.5,-780.0,-747.75,-714.0,-702.95,-692.94
1820,-804.5399780273438,254.43197631835938,37.185909271240234,349.04639979771207,-804.5399780273438,-786.5,76.42623138427734,-989.88,-959.8,-897.9,-854.25,-786.5,-753.5,-716.9,-702.95,-692.94
1911,-806.5199584960938,254.35977172851562,37.98346710205078,348.7889186314174,-806.52001953125,-792.0,75.05777740478516,-989.88,-959.8,-897.9,-854.25,-792.0,-754.75,-726.9,-706.8,-692.94
2002,-808.0599975585938,254.27279663085938,38.75016403198242,348.5168195452009,-808.0599975585938,-794.0,75.00517272949219,-989.88,-959.8,-897.9,-855.0,-794.0,-755.75,-728.8,-706.8,-692.94
2093,-813.9199829101562,254.18894958496094,39.49227523803711,348.2522713797433,-813.9199829101562,-798.5,74.1574935913086,-989.88,-971.2,-907.5,-855.25,-798.5,-765.0,-733.5999999999999,-713.65,-701.76
2184,-816.4599609375,254.1046905517578,40.18804931640625,347.99261474609375,-816.4600219726562,-804.0,74.78133392333984,-989.88,-971.2,-921.4,-856.75,-804.0,-765.75,-733.5999999999999,-713.65,-701.76
2275,-821.760009765625,254.01596069335938,40.92143630981445,347.7177472795759,-821.760009765625,-810.0,75.90811920166016,-989.88,-971.2,-932.0,-868.25,-810.0,-766.75,-738.9,-713.65,-701.76
2366,-825.4199829101562,253.93057250976562,41.633785247802734,347.4475795200893,-825.4199829101562,-815.0,75.6489486694336,-989.88,-971.2,-932.0,-872.5,-815.0,-767.75,-738.9,-726.35,-702.74
2457,-827.3200073242188,253.8365020751953,42.32720184326172,347.17110770089283,-827.3200073242188,-816.0,74.9871826171875,-989.88,-971.2,-932.0,-874.25,-816.0,-771.25,-740.8,-726.35,-702.74
2548,-829.1599731445312,253.74693298339844,43.01009750366211,346.8973301478795,-829.1599731445312,-816.5,75.84849548339844,-989.88,-971.2,-932.4,-875.75,-816.5,-775.0,-740.8,-726.35,-702.74
2639,-833.1599731445312,253.65757751464844,43.679237365722656,346.62486049107144,-833.1599731445312,-825.5,76.10778045654297,-989.88,-971.2,-936.3,-878.5,-825.5,-776.75,-741.0,-728.9,-702.74
2730,-833.739990234375,253.5741729736328,44.38142013549805,346.3472202845982,-833.739990234375,-825.5,75.9164810180664,-989.88,-971.2,-936.3,-878.5,-825.5,-777.5,-741.0,-728.9,-702.74
2821,-836.5599975585938,253.4757080078125,45.03010177612305,346.0661141531808,-836.5599975585938,-826.0,78.06859588623047,-1002.62,-975.45,-939.6,-884.5,-826.0,-777.5,-741.0,-728.9,-702.74
2912,-838.0999755859375,253.38099670410156,45.682979583740234,345.7830243791853,-838.0999755859375,-826.5,76.77948760986328,-1002.62,-975.45,-939.6,-884.5,-826.5,-778.75,-748.1999999999999,-729.95,-706.9200000000001
3003,-840.6199951171875,253.2858123779297,46.34041976928711,345.49776349748885,-840.6199951171875,-833.0,76.84318542480469,-1002.62,-975.45,-940.5,-888.0,-833.0,-782.0,-748.1999999999999,-729.95,-706.9200000000001
3094,-846.47998046875,253.19091796875,46.981727600097656,345.2105930873326,-846.47998046875,-834.0,79.87183380126953,-1033.16,-989.65,-952.7,-894.5,-834.0,-786.0,-755.8,-737.95,-726.6000000000001
3185,-848.6399536132812,253.09226989746094,47.603694915771484,344.92411150251115,-848.6400146484375,-834.0,77.7398910522461,-1033.16,-989.65,-952.7,-894.5,-834.0,-796.5,-757.8,-740.9,-736.8000000000001
3276,-850.739990234375,252.9835662841797,48.24224853515625,344.62220546177457,-850.739990234375,-839.5,79.40599822998047,-1033.16,-1002.25,-960.2,-897.5,-839.5,-796.5,-757.8,-740.9,-736.8000000000001
3367,-854.5999755859375,252.8806610107422,48.837379455566406,344.3311680385045,-854.5999755859375,-847.5,81.0198745727539,-1041.58,-1008.2,-971.4,-900.25,-847.5,-798.75,-758.9,-748.6,-737.98
3458,-857.6599731445312,252.77032470703125,49.43250274658203,344.0334036690848,-857.6599731445312,-852.0,79.44673919677734,-1041.58,-1008.2,-971.4,-900.25,-852.0,-803.0,-764.4,-753.75,-737.98
3549,-865.4599609375,252.65016174316406,50.03559875488281,343.7189200265067,-865.4600219726562,-854.5,82.0439453125,-1055.3,-1031.1,-990.3,-915.0,-854.5,-805.75,-765.0,-756.0,-740.94
3640,-870.199951171875,252.54843139648438,50.62397384643555,343.42618233816967,-870.2000122070312,-855.5,80.46427154541016,-1055.3,-1031.1,-990.3,-922.0,-855.5,-810.0,-768.6999999999999,-757.9,-748.84
3731,-870.760009765625,252.4402313232422,51.19949722290039,343.1283700125558,-870.760009765625,-857.5,80.30767059326172,-1055.3,-1031.1,-990.3,-922.0,-857.5,-810.0,-768.6999999999999,-757.9,-748.84
3822,-875.5,252.3393096923828,51.80082702636719,342.82979910714283,-875.5,-861.5,84.38796997070312,-1070.16,-1033.4,-1002.3,-926.75,-861.5,-814.75,-774.4,-758.95,-755.86
3913,-881.699951171875,252.22503662109375,52.38163757324219,342.5185067313058,-881.7000122070312,-864.5,86.92623138427734,-1070.16,-1041.35,-1007.1,-938.25,-864.5,-816.75,-782.1999999999999,-758.95,-755.86
4004,-883.3200073242188,252.09779357910156,52.971214294433594,342.1917027064732,-883.3200073242188,-865.5,86.56995391845703,-1070.16,-1041.35,-1007.1,-939.25,-865.5,-818.5,-782.3,-764.7,-755.86
4095,-883.5799560546875,251.97677612304688,53.55160903930664,341.8703874860491,-883.5800170898438,-866.5,86.42107391357422,-1070.16,-1041.35,-1007.1,-939.25,-866.5,-818.5,-782.3,-764.7,-755.86
4186,-884.2799682617188,251.85675048828125,54.12408447265625,341.551513671875,-884.280029296875,-866.5,85.5837631225586,-1070.16,-1041.35,-1007.1,-939.25,-866.5,-823.5,-782.3,-768.8,-759.98
4277,-890.219970703125,251.73910522460938,54.701744079589844,341.2285810198103,-890.219970703125,-873.5,89.48771667480469,-1079.64,-1048.35,-1010.0,-941.25,-873.5,-825.75,-785.6999999999999,-768.8,-759.98
4368,-892.2999877929688,251.6147918701172,55.25495910644531,340.90684291294644,-892.2999877929688,-876.0,88.6846694946289,-1079.64,-1048.35,-1010.0,-941.25,-876.0,-826.0,-785.6999999999999,-768.8,-759.98
4459,-894.6799926757812,251.48793029785156,55.82882308959961,340.5697457449777,-894.6799926757812,-877.5,87.69741821289062,-1079.64,-1048.35,-1010.0,-945.25,-877.5,-832.25,-785.6999999999999,-768.8,-759.98
4550,-899.3599853515625,251.35560607910156,56.41043472290039,340.2248055594308,-899.3599853515625,-879.5,86.87214660644531,-1079.64,-1053.1,-1028.3,-947.5,-879.5,-840.75,-799.8,-771.75,-761.96
4641,-902.8399658203125,251.21482849121094,56.972320556640625,339.8749346051897,-902.8400268554688,-884.5,85.49639892578125,-1079.64,-1053.1,-1028.3,-952.25,-884.5,-845.25,-803.9,-774.85,-764.94
4732,-905.5599975585938,251.06825256347656,57.532135009765625,339.5186854771205,-905.5599975585938,-896.5,83.63412475585938,-1079.64,-1053.1,-1028.3,-952.25,-896.5,-851.25,-806.6999999999999,-797.25,-764.94
4823,-906.1399536132812,250.9275360107422,58.058536529541016,339.1726640973772,-906.1400146484375,-898.0,83.43836212158203,-1079.64,-1053.1,-1028.3,-952.25,-898.0,-853.75,-806.6999999999999,-797.25,-764.94
4914,-907.6799926757812,250.7930908203125,58.621559143066406,338.8239266531808,-907.6799926757812,-898.0,82.59053039550781,-1079.64,-1053.1,-1028.3,-954.5,-898.0,-854.75,-810.5999999999999,-799.9,-764.94
5005,-908.0599975585938,250.64588928222656,59.141258239746094,338.47254725864957,-908.0599975585938,-898.0,82.19912719726562,-1079.64,-1053.1,-1028.3,-954.5,-898.0,-854.75,-817.3,-799.9,-764.94
5096,-912.9199829101562,250.49319458007812,59.664527893066406,338.1110185895647,-912.9199829101562,-899.0,81.37329864501953,-1079.64,-1053.1,-1031.2,-963.25,-899.0,-855.75,-825.5,-803.95,-774.8000000000001
5187,-914.5799560546875,250.34266662597656,60.21455383300781,337.7408011300223,-914.5800170898438,-901.0,82.50335693359375,-1079.64,-1053.1,-1033.1,-970.25,-901.0,-855.75,-825.5,-803.95,-774.8000000000001
5278,-917.8999633789062,250.17840576171875,60.7370491027832,337.3634687151228,-917.9000244140625,-906.5,83.29063415527344,-1079.64,-1053.1,-1033.1,-973.5,-906.5,-857.75,-825.5,-803.95,-774.8000000000001
5369,-921.3399658203125,250.03085327148438,61.2795295715332,336.9957362583705,-921.3400268554688,-910.0,83.24845123291016,-1079.64,-1054.05,-1034.7,-976.25,-910.0,-860.75,-826.0,-803.95,-794.6000000000001
5460,-925.4400024414062,249.8604278564453,61.774436950683594,336.6149640764509,-925.4400024414062,-914.5,80.72785186767578,-1079.64,-1054.05,-1034.7,-980.5,-914.5,-867.75,-826.0,-810.8,-797.94
5551,-935.2799682617188,249.69369506835938,62.27140426635742,336.2326224190848,-935.280029296875,-921.0,82.7829818725586,-1149.22,-1070.4,-1048.5,-985.25,-921.0,-872.0,-842.5,-826.0,-808.7800000000001
5642,-939.5199584960938,249.52557373046875,62.773216247558594,335.85145786830356,-939.52001953125,-924.0,80.38326263427734,-1149.22,-1070.4,-1048.5,-985.25,-924.0,-879.75,-845.6999999999999,-826.95,-808.7800000000001
5733,-943.2799682617188,249.34756469726562,63.2859001159668,335.4549865722656,-943.280029296875,-935.5,79.58380889892578,-1149.22,-1070.4,-1053.1,-990.75,-935.5,-881.5,-854.8,-838.0,-808.7800000000001
5824,-948.0599975585938,249.1765594482422,63.7865104675293,335.0646667480469,-948.0599975585938,-940.5,78.65071868896484,-1149.22,-1070.4,-1054.1,-1002.75,-940.5,-890.5,-863.0999999999999,-838.0,-825.44
5915,-957.3800048828125,249.00372314453125,64.28852081298828,334.67445591517856,-957.3800048828125,-947.5,78.38134765625,-1160.2,-1078.7,-1055.3,-1007.25,-947.5,-900.25,-868.9,-855.0,-838.0
6006,-961.3399658203125,248.81024169921875,64.77997589111328,334.25736345563615,-961.3400268554688,-951.0,78.875244140625,-1160.2,-1093.95,-1058.1,-1008.5,-951.0,-902.5,-869.0,-863.95,-838.0
6097,-968.5399780273438,248.62107849121094,65.26353454589844,333.84852382114957,-968.5399780273438,-954.0,76.67391204833984,-1160.2,-1093.95,-1058.1,-1020.0,-954.0,-913.75,-880.4,-867.85,-862.5000000000001
6188,-970.9599609375,248.42425537109375,65.78663635253906,333.4174150739397,-970.9600219726562,-957.0,77.717041015625,-1160.2,-1131.4,-1059.5,-1020.0,-957.0,-914.0,-880.4,-867.85,-862.5000000000001
6279,-975.3800048828125,248.22584533691406,66.24504852294922,333.0072937011719,-975.3800048828125,-961.0,80.50040435791016,-1170.9,-1139.5,-1064.6,-1026.5,-961.0,-917.75,-885.5999999999999,-868.95,-862.5000000000001
6370,-978.97998046875,248.0199737548828,66.7185287475586,332.5796683175223,-978.97998046875,-965.0,81.59815979003906,-1170.9,-1139.5,-1070.8,-1033.25,-965.0,-919.25,-885.9,-868.95,-862.5000000000001
6461,-987.5999755859375,247.8052215576172,67.17694854736328,332.14502389090404,-987.5999755859375,-971.0,83.5173110961914,-1208.14,-1149.55,-1097.5,-1041.0,-971.0,-924.75,-892.0,-869.0,-864.96
6552,-995.219970703125,247.59161376953125,67.66643524169922,331.698739188058,-995.219970703125,-981.0,80.18435668945312,-1208.14,-1149.55,-1102.5,-1047.25,-981.0,-939.75,-906.6999999999999,-900.0500000000001,-867.9
6643,-1009.8200073242188,247.37875366210938,68.14568328857422,331.25732857840404,-1009.8200073242188,-1002.5,82.00382232666016,-1215.04,-1160.5,-1121.1,-1055.75,-1002.5,-950.75,-912.6999999999999,-903.0,-881.74
6734,-1012.6399536132812,247.17596435546875,68.59904479980469,330.8329424176897,-1012.6400146484375,-1004.0,82.79547882080078,-1215.04,-1170.2,-1131.8,-1058.25,-1004.0,-951.75,-913.9,-903.0,-881.74
6825,-1015.8800048828125,246.94276428222656,69.04015350341797,330.3775111607143,-1015.8800048828125,-1005.0,81.33587646484375,-1215.04,-1170.2,-1131.8,-1059.0,-1005.0,-952.0,-921.0,-906.85,-902.96
6916,-1016.5599975585938,246.71324157714844,69.4787826538086,329.92457362583707,-1016.5599975585938,-1005.0,80.84940338134766,-1215.04,-1170.2,-1131.8,-1059.0,-1005.0,-956.5,-921.0,-906.85,-902.96
7007,-1027.699951171875,246.4654998779297,69.92586517333984,329.44906180245533,-1027.699951171875,-1010.0,85.50748443603516,-1217.26,-1175.7,-1140.0,-1070.0,-1010.0,-967.75,-932.9,-909.7,-902.96
7098,-1030.52001953125,246.21475219726562,70.33824920654297,328.9806562151228,-1030.52001953125,-1015.0,84.75983428955078,-1217.26,-1175.7,-1140.0,-1071.5,-1015.0,-969.5,-935.9,-909.7,-902.96
7189,-1034.0799560546875,245.97410583496094,70.78263854980469,328.5088544573103,-1034.0799560546875,-1024.5,84.18131256103516,-1217.26,-1175.7,-1149.6,-1077.25,-1024.5,-970.0,-944.6999999999999,-931.4000000000001,-903.94
7280,-1040.699951171875,245.71847534179688,71.21563720703125,328.0230233328683,-1040.699951171875,-1034.5,82.37869262695312,-1217.26,-1175.7,-1149.6,-1083.0,-1034.5,-983.0,-946.8,-934.25,-903.94
7371,-1048.5399169921875,245.4639434814453,71.65321350097656,327.534903390067,-1048.5400390625,-1041.0,85.79608917236328,-1230.46,-1215.1,-1158.2,-1100.5,-1041.0,-994.25,-949.6999999999999,-934.25,-903.94
7462,-1052.97998046875,245.22006225585938,72.07709503173828,327.06532505580356,-1052.97998046875,-1046.5,84.6561279296875,-1230.46,-1215.1,-1161.0,-1103.25,-1046.5,-1002.0,-960.8,-941.65,-903.94
7553,-1067.6600341796875,244.94973754882812,72.48455047607422,326.56738717215404,-1067.6600341796875,-1054.0,91.13893127441406,-1262.14,-1230.55,-1204.4,-1119.25,-1054.0,-1007.5,-961.0,-944.85,-919.6800000000001
7644,-1072.7999267578125,244.68234252929688,72.92566680908203,326.05609130859375,-1072.800048828125,-1061.0,90.13933563232422,-1262.14,-1230.55,-1204.4,-1120.25,-1061.0,-1010.75,-965.5,-944.85,-919.7
7735,-1079.47998046875,244.42550659179688,73.3510971069336,325.5552498953683,-1079.47998046875,-1064.0,86.49687957763672,-1262.14,-1230.55,-1204.4,-1123.0,-1064.0,-1025.25,-979.3,-951.95,-941.5600000000001
7826,-1086.02001953125,244.1514892578125,73.76520538330078,325.043221609933,-1086.02001953125,-1070.0,86.91409301757812,-1262.14,-1242.55,-1215.2,-1138.25,-1070.0,-1030.5,-984.6999999999999,-965.75,-951.5200000000001
7917,-1097.419921875,243.87725830078125,74.1805419921875,324.53088814871654,-1097.4200439453125,-1080.5,88.84032440185547,-1262.14,-1251.1,-1220.1,-1155.75,-1080.5,-1039.75,-993.0999999999999,-970.75,-951.5200000000001
8008,-1103.0799560546875,243.59182739257812,74.58824157714844,324.0081133161272,-1103.0799560546875,-1092.5,88.2653579711914,-1262.14,-1251.1,-1220.1,-1163.75,-1092.5,-1047.75,-993.0999999999999,-970.75,-951.6000000000001
8099,-1112.5599365234375,243.29721069335938,74.99153900146484,323.4702584402902,-1112.56005859375,-1099.5,88.77108764648438,-1318.28,-1253.25,-1237.4,-1174.25,-1099.5,-1050.0,-1004.6999999999999,-978.65,-965.86
8190,-1124.3800048828125,243.00930786132812,75.40974426269531,322.9339686802455,-1124.3800048828125,-1109.0,90.60726165771484,-1333.72,-1263.85,-1241.1,-1178.25,-1109.0,-1057.5,-1028.8,-984.85,-971.88
8281,-1128.6199951171875,242.69223022460938,75.80538940429688,322.3758326939174,-1128.6199951171875,-1113.0,92.74909210205078,-1341.56,-1318.7,-1242.5,-1184.25,-1113.0,-1057.5,-1028.8,-984.85,-971.88
8372,-1137.43994140625,242.3765411376953,76.20700073242188,321.8117414202009,-1137.43994140625,-1121.0,89.78478240966797,-1341.56,-1318.7,-1251.7,-1202.75,-1121.0,-1062.75,-1035.6,-1026.95,-984.74
8463,-1146.8599853515625,242.06459045410156,76.61280822753906,321.24253627232144,-1146.8599853515625,-1142.5,90.3309555053711,-1341.56,-1318.7,-1258.3,-1217.0,-1142.5,-1077.5,-1035.6,-1026.95,-984.74
8554,-1157.0799560546875,241.75868225097656,77.01183319091797,320.68430873325894,-1157.0799560546875,-1147.0,88.64363098144531,-1369.04,-1332.05,-1262.0,-1217.5,-1147.0,-1095.5,-1054.9,-1030.95,-1025.9000000000003
8645,-1166.7999267578125,241.44903564453125,77.39918518066406,320.12532697405135,-1166.800048828125,-1155.5,84.70596313476562,-1369.04,-1332.05,-1263.8,-1219.25,-1155.5,-1103.5,-1058.8,-1043.75,-1030.98
8736,-1181.199951171875,241.1354217529297,77.77328491210938,319.5648760114397,-1181.199951171875,-1175.5,89.23082733154297,-1371.68,-1344.0,-1318.5,-1231.0,-1175.5,-1109.0,-1075.1999999999998,-1052.55,-1037.8600000000001
8827,-1195.8399658203125,240.79641723632812,78.1404037475586,318.98905290876115,-1195.8399658203125,-1200.5,89.42860412597656,-1371.68,-1344.0,-1318.5,-1244.75,-1200.5,-1127.25,-1090.0,-1052.55,-1037.8600000000001
8918,-1202.199951171875,240.48114013671875,78.52935028076172,318.41884068080356,-1202.199951171875,-1203.5,86.61905670166016,-1371.68,-1344.0,-1318.5,-1248.0,-1203.5,-1141.5,-1098.5,-1058.7,-1038.98
9009,-1210.760009765625,240.15447998046875,78.88636016845703,317.8479309082031,-1210.760009765625,-1212.5,86.48146057128906,-1405.1,-1363.3,-1323.4,-1258.0,-1212.5,-1146.75,-1100.9,-1067.55,-1038.98
9100,-1231.760009765625,239.8411102294922,79.25028228759766,317.2814374651228,-1231.760009765625,-1223.5,105.35066223144531,-1468.96,-1416.05,-1355.8,-1274.0,-1223.5,-1163.0,-1103.8,-1084.15,-1038.98
9191,-1242.97998046875,239.4927520751953,79.61476135253906,316.6794956752232,-1242.97998046875,-1228.5,114.89935302734375,-1566.84,-1450.35,-1363.6,-1288.25,-1228.5,-1179.5,-1123.8,-1098.3,-1052.72
9282,-1254.3399658203125,239.1558380126953,79.98556518554688,316.0907069614955,-1254.3399658203125,-1236.5,112.68426513671875,-1566.84,-1450.35,-1385.2,-1296.75,-1236.5,-1192.75,-1144.0,-1103.85,-1067.7
9373,-1262.3399658203125,238.81874084472656,80.34242248535156,315.5003444126674,-1262.3399658203125,-1245.0,113.46693420410156,-1566.84,-1450.35,-1405.2,-1310.5,-1245.0,-1192.75,-1144.0,-1103.85,-1094.5400000000002
9464,-1279.219970703125,238.47491455078125,80.69190979003906,314.9004647391183,-1279.219970703125,-1259.5,118.64540100097656,-1658.4,-1457.9,-1405.2,-1333.5,-1259.5,-1200.75,-1162.3,-1143.8,-1094.5400000000002
9555,-1285.280029296875,238.113037109375,81.02450561523438,314.28855678013394,-1285.280029296875,-1270.5,119.26885986328125,-1658.4,-1457.9,-1409.9,-1337.75,-1270.5,-1203.75,-1166.6,-1143.8,-1094.5400000000002
9646,-1296.3599853515625,237.73916625976562,81.36693572998047,313.6586652483259,-1296.3599853515625,-1276.5,116.74112701416016,-1658.4,-1475.1,-1436.3,-1351.25,-1276.5,-1217.25,-1179.7,-1155.4,-1094.5400000000002
9737,-1308.5599365234375,237.37295532226562,81.71735382080078,313.0254429408482,-1308.56005859375,-1286.0,113.04418182373047,-1658.4,-1477.75,-1439.7,-1356.0,-1286.0,-1240.0,-1198.9,-1176.95,-1143.0200000000002
9828,-1324.179931640625,237.00283813476562,82.03390502929688,312.4052734375,-1324.1800537109375,-1306.0,118.38136291503906,-1658.4,-1508.95,-1473.1,-1386.0,-1306.0,-1246.5,-1198.9,-1176.95,-1143.0200000000002
9919,-1330.159912109375,236.61558532714844,82.34685516357422,311.7645961216518,-1330.1600341796875,-1308.5,116.02342224121094,-1658.4,-1508.95,-1474.1,-1394.0,-1308.5,-1250.25,-1217.7,-1191.8,-1155.76
10010,-1339.219970703125,236.21942138671875,82.63687133789062,311.12203107561385,-1339.219970703125,-1325.5,113.75944519042969,-1658.4,-1509.9,-1475.2,-1399.25,-1325.5,-1254.5,-1220.7,-1205.6,-1176.8600000000001
10101,-1355.919921875,235.8271484375,82.96330261230469,310.4618443080357,-1355.9200439453125,-1338.5,112.46659851074219,-1658.4,-1563.1,-1492.3,-1416.5,-1338.5,-1270.25,-1230.5,-1217.9,-1209.76
10192,-1374.239990234375,235.4116973876953,83.2686538696289,309.790047781808,-1374.239990234375,-1369.0,112.60924530029297,-1658.4,-1565.45,-1507.7,-1440.25,-1369.0,-1283.0,-1231.9,-1217.9,-1209.76
10283,-1383.8199462890625,234.99302673339844,83.55973815917969,309.116202218192,-1383.8199462890625,-1377.0,113.35285186767578,-1658.4,-1574.15,-1515.1,-1450.5,-1377.0,-1301.25,-1240.6,-1217.9,-1209.76
10374,-1397.1400146484375,234.58367919921875,83.8568344116211,308.4515947614397,-1397.1400146484375,-1395.5,111.7683334350586,-1658.4,-1578.45,-1526.7,-1460.5,-1395.5,-1319.25,-1254.7,-1230.75,-1215.88
10465,-1420.0599365234375,234.17742919921875,84.12977600097656,307.79793875558033,-1420.06005859375,-1414.0,111.34690856933594,-1658.4,-1606.05,-1563.6,-1495.5,-1414.0,-1336.75,-1275.7,-1241.95,-1225.96
10556,-1435.0,233.777587890625,84.43592834472656,307.13563755580356,-1435.0,-1438.5,112.40756225585938,-1666.24,-1607.9,-1576.1,-1507.5,-1438.5,-1351.0,-1276.9,-1251.5,-1230.9
10647,-1446.0799560546875,233.37828063964844,84.7224349975586,306.47945731026783,-1446.0799560546875,-1445.5,108.39286804199219,-1709.36,-1626.6,-1578.7,-1509.5,-1445.5,-1370.5,-1308.8,-1273.2,-1250.68
10738,-1462.679931640625,232.9580078125,85.02233123779297,305.78711373465404,-1462.6800537109375,-1458.5,113.06846618652344,-1727.42,-1667.2,-1606.1,-1530.0,-1458.5,-1386.5,-1316.7,-1285.4,-1251.98
10829,-1473.52001953125,232.5386199951172,85.30010986328125,305.1131286621094,-1473.52001953125,-1477.5,114.2776870727539,-1727.42,-1667.2,-1607.3,-1532.5,-1477.5,-1392.75,-1316.7,-1285.65,-1257.88
10920,-1493.199951171875,232.13400268554688,85.60167694091797,304.43297903878346,-1493.199951171875,-1484.0,118.68959045410156,-1748.02,-1709.15,-1657.2,-1564.25,-1484.0,-1412.25,-1340.9,-1308.9,-1273.68
11011,-1500.2799072265625,231.689697265625,85.88662719726562,303.7135271344866,-1500.280029296875,-1491.0,117.55432891845703,-1748.02,-1709.15,-1659.4,-1568.25,-1491.0,-1419.5,-1350.8,-1328.0,-1273.68
11102,-1512.239990234375,231.25018310546875,86.1391372680664,303.016122000558,-1512.239990234375,-1502.5,113.90699005126953,-1748.02,-1712.3,-1663.1,-1586.25,-1502.5,-1440.5,-1369.6,-1339.05,-1302.42
11193,-1530.5799560546875,230.82537841796875,86.39139556884766,302.3336704799107,-1530.5799560546875,-1524.5,113.20054626464844,-1749.66,-1723.2,-1667.5,-1597.0,-1524.5,-1460.5,-1392.4999999999998,-1363.65,-1302.74
11284,-1550.0999755859375,230.37254333496094,86.63573455810547,301.6219482421875,-1550.0999755859375,-1532.0,119.25505828857422,-1832.18,-1732.2,-1712.6,-1630.5,-1532.0,-1476.5,-1403.8999999999999,-1370.65,-1343.2200000000003
11375,-1560.7799072265625,229.90496826171875,86.88367462158203,300.8898228236607,-1560.780029296875,-1539.5,122.36164093017578,-1866.48,-1749.8,-1721.2,-1644.0,-1539.5,-1480.75,-1426.6,-1370.65,-1356.74
11466,-1571.5799560546875,229.46092224121094,87.12622833251953,300.182373046875,-1571.5799560546875,-1547.5,112.6495590209961,-1866.48,-1749.8,-1721.2,-1644.0,-1547.5,-1490.75,-1453.6,-1426.25,-1385.7
11557,-1585.0,229.0243682861328,87.38636779785156,299.4699183872768,-1585.0,-1557.5,119.68583679199219,-1866.48,-1793.0,-1741.5,-1657.0,-1557.5,-1493.25,-1455.9,-1426.3500000000001,-1411.18
11648,-1590.4000244140625,228.56683349609375,87.62001037597656,298.7488534109933,-1590.4000244140625,-1567.0,117.41354370117188,-1866.48,-1793.0,-1741.5,-1660.0,-1567.0,-1500.5,-1456.9,-1434.95,-1411.18
11739,-1605.43994140625,228.10536193847656,87.84844207763672,298.0270734514509,-1605.43994140625,-1594.0,110.67857360839844,-1866.48,-1793.0,-1741.5,-1665.75,-1594.0,-1521.0,-1477.9,-1456.2,-1412.0
11830,-1625.2999267578125,227.64120483398438,88.0720443725586,297.298583984375,-1625.300048828125,-1615.0,112.59382629394531,-1890.36,-1831.8,-1776.8,-1715.5,-1615.0,-1541.75,-1494.6,-1460.8,-1433.8400000000001
11921,-1635.47998046875,227.17234802246094,88.2798080444336,296.57274082728793,-1635.47998046875,-1620.0,109.30227661132812,-1890.36,-1845.1,-1784.1,-1718.75,-1620.0,-1555.0,-1512.3,-1494.8,-1458.3400000000001
12012,-1653.0399169921875,226.68504333496094,88.46875762939453,295.83140345982144,-1653.0400390625,-1631.5,121.67143249511719,-1939.24,-1847.95,-1795.9,-1733.0,-1631.5,-1567.25,-1520.7,-1503.75,-1463.2400000000002
12103,-1662.8399658203125,226.22607421875,88.6907958984375,295.0996529715402,-1662.8399658203125,-1656.5,118.30719757080078,-1939.24,-1847.95,-1795.9,-1737.0,-1656.5,-1573.5,-1526.8,-1512.45,-1495.5800000000004
12194,-1677.7799072265625,225.7493133544922,88.9183349609375,294.35382080078125,-1677.780029296875,-1672.0,122.27940368652344,-1952.0,-1868.1,-1822.6,-1745.25,-1672.0,-1585.25,-1530.6,-1512.45,-1495.5800000000004
12285,-1691.3399658203125,225.2686004638672,89.14397430419922,293.59458705357144,-1691.3399658203125,-1692.0,121.72750091552734,-1952.0,-1874.75,-1846.1,-1754.0,-1692.0,-1608.25,-1543.6,-1520.05,-1496.3600000000001
12376,-1706.719970703125,224.80580139160156,89.37089538574219,292.8610403878348,-1706.719970703125,-1705.5,122.5583267211914,-2001.16,-1914.7,-1852.3,-1783.25,-1705.5,-1627.25,-1566.3,-1526.7,-1498.3200000000002
12467,-1720.47998046875,224.32669067382812,89.58153533935547,292.11131068638394,-1720.47998046875,-1720.0,121.36222839355469,-2001.16,-1914.7,-1856.6,-1789.25,-1720.0,-1630.5,-1572.9,-1546.0,-1498.3200000000002
12558,-1739.739990234375,223.8721466064453,89.79093933105469,291.38232857840404,-1739.739990234375,-1729.5,120.2310791015625,-2001.16,-1950.85,-1876.5,-1801.25,-1729.5,-1666.0,-1603.3,-1568.95,-1498.3200000000002
12649,-1755.199951171875,223.37879943847656,90.00869750976562,290.6068899972098,-1755.199951171875,-1746.0,121.6214599609375,-2009.18,-1968.6,-1912.2,-1845.25,-1746.0,-1678.25,-1606.0,-1594.6000000000001,-1498.66
12740,-1772.52001953125,222.8873291015625,90.18408966064453,289.8527047293527,-1772.52001953125,-1755.5,122.60174560546875,-2009.18,-1971.45,-1936.3,-1855.0,-1755.5,-1693.5,-1618.0,-1596.95,-1558.7800000000002
12831,-1786.199951171875,222.3894500732422,90.36124420166016,289.090567452567,-1786.199951171875,-1768.5,124.02555847167969,-2017.02,-1999.1,-1940.1,-1878.0,-1768.5,-1708.75,-1628.7,-1603.6,-1558.7800000000002
12922,-1800.659912109375,221.9082794189453,90.5478744506836,288.3421107700893,-1800.6600341796875,-1787.5,116.39924621582031,-2018.02,-1999.1,-1950.0,-1880.0,-1787.5,-1722.75,-1662.1,-1628.5,-1595.72
13013,-1824.0999755859375,221.4097442626953,90.72218322753906,287.5672520228795,-1824.0999755859375,-1823.5,118.47974395751953,-2071.04,-2018.05,-1972.0,-1910.5,-1823.5,-1734.5,-1678.0,-1638.5,-1603.8400000000001
13104,-1839.739990234375,220.91720581054688,90.89677429199219,286.811043875558,-1839.739990234375,-1847.5,120.89115905761719,-2071.04,-2019.2,-1998.1,-1933.75,-1847.5,-1740.5,-1686.7,-1652.75,-1603.8400000000001
13195,-1855.179931640625,220.43133544921875,91.0915756225586,286.04662649972096,-1855.1800537109375,-1861.5,125.09222412109375,-2074.74,-2053.25,-2018.1,-1944.5,-1861.5,-1760.75,-1695.0,-1675.5500000000002,-1603.8400000000001
13286,-1870.8199462890625,219.91893005371094,91.27565002441406,285.25025721958707,-1870.8199462890625,-1875.5,125.53257751464844,-2160.62,-2071.1,-2022.1,-1949.0,-1875.5,-1778.0,-1715.9,-1678.0,-1629.98
13377,-1889.7999267578125,219.41941833496094,91.44075012207031,284.4774257114955,-1889.800048828125,-1886.0,130.42445373535156,-2191.4,-2130.55,-2059.3,-1961.75,-1886.0,-1792.75,-1722.0,-1690.5,-1677.0800000000002
13468,-1896.43994140625,218.92466735839844,91.59552764892578,283.7134050641741,-1896.43994140625,-1903.5,131.31179809570312,-2191.4,-2145.75,-2059.3,-1986.25,-1903.5,-1794.5,-1722.0,-1690.95,-1678.0
13559,-1909.9599609375,218.40419006347656,91.72798156738281,282.93079049246654,-1909.9599609375,-1911.5,126.02498626708984,-2191.4,-2145.75,-2061.1,-1998.25,-1911.5,-1808.75,-1746.1999999999998,-1714.75,-1689.82
13650,-1916.3399658203125,217.8798370361328,91.88204956054688,282.1349661690848,-1916.3399658203125,-1914.5,123.83159637451172,-2191.4,-2145.75,-2071.2,-1999.25,-1914.5,-1811.75,-1753.3999999999999,-1721.9,-1689.82
13741,-1932.919921875,217.3782196044922,92.03736877441406,281.3596496582031,-1932.9200439453125,-1931.5,126.32471466064453,-2218.56,-2166.3,-2081.3,-2006.0,-1931.5,-1838.75,-1770.3,-1747.95,-1721.3600000000001
13832,-1955.760009765625,216.8511505126953,92.20409393310547,280.55259486607144,-1955.760009765625,-1951.0,147.2603302001953,-2284.82,-2219.4,-2154.2,-2029.0,-1951.0,-1853.75,-1782.8999999999999,-1752.75,-1721.52
13923,-1970.219970703125,216.34031677246094,92.3589096069336,279.76624843052457,-1970.219970703125,-1962.0,146.03662109375,-2284.82,-2219.4,-2166.8,-2036.0,-1962.0,-1875.25,-1791.5,-1752.75,-1721.6000000000001
14014,-1982.2799072265625,215.82998657226562,92.51148986816406,278.9789472307478,-1982.280029296875,-1977.5,142.17391967773438,-2284.82,-2246.6,-2183.8,-2040.5,-1977.5,-1880.75,-1818.8,-1772.0,-1742.5800000000002
14105,-1987.8199462890625,215.31552124023438,92.65773010253906,278.1946803501674,-1987.8199462890625,-1978.5,142.2353973388672,-2284.82,-2246.6,-2183.8,-2061.75,-1978.5,-1881.75,-1818.8,-1772.0,-1742.5800000000002
14196,-2001.97998046875,214.8115234375,92.80045318603516,277.42297799246654,-2001.97998046875,-1987.0,143.83982849121094,-2284.82,-2248.5,-2198.4,-2073.0,-1987.0,-1900.75,-1826.5,-1783.7,-1752.38
14287,-2013.39990234375,214.3029022216797,92.94706726074219,276.6418892996652,-2013.4000244140625,-2013.5,142.38925170898438,-2303.44,-2258.2,-2211.7,-2078.25,-2013.5,-1916.75,-1839.8,-1805.8500000000001,-1752.38
14378,-2037.0799560546875,213.79608154296875,93.08367919921875,275.8589128766741,-2037.0799560546875,-2032.0,141.96214294433594,-2377.92,-2263.0,-2234.1,-2120.0,-2032.0,-1943.0,-1848.1999999999998,-1826.75,-1806.3600000000001
14469,-2046.5799560546875,213.2701873779297,93.22937774658203,275.0568324497768,-2046.5799560546875,-2034.5,136.81857299804688,-2377.92,-2301.1,-2236.3,-2120.0,-2034.5,-1953.25,-1870.1999999999998,-1841.0,-1831.8
14560,-2061.56005859375,212.76246643066406,93.3487319946289,274.2810320172991,-2061.56005859375,-2051.0,136.70738220214844,-2423.12,-2301.85,-2248.8,-2135.75,-2051.0,-1967.5,-1899.6,-1852.8,-1839.8400000000001
14651,-2081.179931640625,212.23370361328125,93.43622589111328,273.493172781808,-2081.179931640625,-2067.5,136.26219177246094,-2423.12,-2318.45,-2258.4,-2157.5,-2067.5,-1988.75,-1916.3,-1853.95,-1840.82
14742,-2096.599853515625,211.73995971679688,93.56379699707031,272.72786603655135,-2096.60009765625,-2070.5,136.88966369628906,-2423.12,-2318.45,-2283.2,-2189.5,-2070.5,-2001.25,-1920.6,-1870.9,-1852.92
14833,-2114.139892578125,211.21656799316406,93.6649169921875,271.9404514857701,-2114.139892578125,-2094.5,141.3690185546875,-2429.64,-2377.35,-2296.4,-2199.25,-2094.5,-2029.5,-1945.1,-1909.15,-1863.78
14924,-2132.179931640625,210.6824188232422,93.7789306640625,271.1298261369978,-2132.179931640625,-2120.0,137.62901306152344,-2429.64,-2377.35,-2318.8,-2215.0,-2120.0,-2040.5,-1980.8999999999999,-1921.4,-1892.42
15015,-2151.3798828125,210.15318298339844,93.88446807861328,270.3328595842634,-2151.3798828125,-2143.5,139.62062072753906,-2461.32,-2423.3,-2339.2,-2236.75,-2143.5,-2051.25,-1986.8,-1961.2,-1914.76
15106,-2166.3798828125,209.63499450683594,94.0186996459961,269.5241132463728,-2166.3798828125,-2148.0,136.49525451660156,-2461.32,-2423.3,-2352.1,-2250.75,-2148.0,-2072.25,-1992.7,-1973.4,-1929.7
15197,-2184.079833984375,209.12449645996094,94.12523651123047,268.73587472098217,-2184.080078125,-2159.5,144.2958526611328,-2478.32,-2461.05,-2389.0,-2264.25,-2159.5,-2077.0,-1999.9,-1982.55,-1929.7
15288,-2198.780029296875,208.58375549316406,94.22750854492188,267.92112949916293,-2198.780029296875,-2188.0,139.1580810546875,-2513.6,-2462.25,-2390.2,-2275.0,-2188.0,-2097.75,-2039.8999999999999,-1998.85,-1973.3400000000001
15379,-2214.619873046875,208.05810546875,94.3270034790039,267.1170000348772,-2214.6201171875,-2204.5,139.33209228515625,-2537.12,-2469.3,-2411.9,-2285.25,-2204.5,-2114.75,-2058.0,-2015.3,-1998.8400000000001
15470,-2221.599853515625,207.5524139404297,94.42577362060547,266.3422372000558,-2221.60009765625,-2207.5,139.38314819335938,-2537.12,-2513.35,-2443.9,-2294.75,-2207.5,-2119.0,-2059.9,-2034.2,-2001.96
15561,-2236.9599609375,207.02903747558594,94.53040313720703,265.5386526925223,-2236.9599609375,-2232.5,142.3451385498047,-2537.12,-2513.35,-2461.1,-2330.25,-2232.5,-2123.75,-2068.1,-2038.8,-2018.94
15652,-2251.719970703125,206.4829559326172,94.61139678955078,264.71932111467635,-2251.719970703125,-2242.5,142.2487335205078,-2543.16,-2513.35,-2461.1,-2357.75,-2242.5,-2135.5,-2076.6,-2038.8,-2018.94
15743,-2257.85986328125,205.94561767578125,94.70120239257812,263.91027396065846,-2257.860107421875,-2242.5,140.782958984375,-2543.16,-2513.35,-2462.2,-2363.25,-2242.5,-2145.75,-2079.9,-2049.45,-2025.8600000000001
15834,-2274.3798828125,205.4234619140625,94.7982177734375,263.11392647879467,-2274.3798828125,-2257.0,131.50982666015625,-2543.16,-2513.35,-2462.2,-2372.5,-2257.0,-2188.25,-2084.9,-2075.9,-2034.92
15925,-2291.4599609375,204.8967742919922,94.88182830810547,262.3126700265067,-2291.4599609375,-2278.5,132.36166381835938,-2551.06,-2520.35,-2464.3,-2387.25,-2278.5,-2205.0,-2102.4,-2079.95,-2055.88
16016,-2306.02001953125,204.37600708007812,94.97128295898438,261.5075901576451,-2306.02001953125,-2296.0,133.9818572998047,-2554.38,-2543.2,-2500.9,-2402.0,-2296.0,-2209.0,-2147.7999999999997,-2080.95,-2068.92
16107,-2319.219970703125,203.84422302246094,95.03997802734375,260.7068307059152,-2319.219970703125,-2306.5,126.49368286132812,-2554.38,-2543.2,-2500.9,-2403.5,-2306.5,-2221.75,-2163.1,-2127.25,-2098.62
16198,-2330.47998046875,203.30360412597656,95.11609649658203,259.8906773158482,-2330.47998046875,-2317.5,129.27392578125,-2573.82,-2547.2,-2509.4,-2419.75,-2317.5,-2225.0,-2163.1,-2130.85,-2110.84
16289,-2351.4599609375,202.75389099121094,95.194091796875,259.05763462611606,-2351.4599609375,-2353.5,132.3167724609375,-2614.32,-2551.15,-2520.1,-2460.5,-2353.5,-2252.25,-2178.2,-2148.55,-2119.66
16380,-2363.159912109375,202.2187042236328,95.27632141113281,258.2370038713728,-2363.159912109375,-2365.5,126.55889129638672,-2614.32,-2551.15,-2520.1,-2462.5,-2365.5,-2272.0,-2201.0,-2148.55,-2119.88
16471,-2378.320068359375,201.70138549804688,95.36893463134766,257.4310738699777,-2378.320068359375,-2376.0,137.44598388671875,-2630.78,-2556.35,-2525.7,-2464.5,-2376.0,-2288.75,-2208.2999999999997,-2149.5,-2126.86
16562,-2397.06005859375,201.15789794921875,95.42668914794922,256.61240931919644,-2397.06005859375,-2399.0,140.26295471191406,-2670.12,-2614.35,-2542.0,-2488.5,-2399.0,-2302.75,-2229.7999999999997,-2170.2,-2146.86
16653,-2411.0400390625,200.6422576904297,95.49580383300781,255.81612941196985,-2411.0400390625,-2406.5,140.00592041015625,-2670.12,-2621.2,-2581.9,-2502.25,-2406.5,-2308.0,-2239.4,-2201.85,-2154.94
16744,-2422.919921875,200.10800170898438,95.56659698486328,254.9994397844587,-2422.919921875,-2418.0,144.11708068847656,-2726.52,-2630.55,-2606.1,-2514.75,-2418.0,-2320.5,-2252.0,-2201.85,-2181.46
16835,-2440.699951171875,199.5684051513672,95.60646057128906,254.18990870884485,-2440.699951171875,-2440.5,145.0256805419922,-2726.52,-2642.4,-2615.6,-2532.25,-2440.5,-2343.75,-2260.2,-2215.35,-2181.46
16926,-2451.85986328125,199.03822326660156,95.63097381591797,253.4078151157924,-2451.860107421875,-2447.0,143.70066833496094,-2726.52,-2669.3,-2621.9,-2540.25,-2447.0,-2347.75,-2274.0,-2218.85,-2183.96
17017,-2464.33984375,198.51869201660156,95.6965103149414,252.60951450892858,-2464.340087890625,-2465.0,144.8032684326172,-2729.2,-2670.2,-2630.1,-2555.25,-2465.0,-2351.75,-2285.8,-2251.55,-2209.48
17108,-2472.719970703125,197.9751434326172,95.73837280273438,251.7948237827846,-2472.719970703125,-2466.5,144.90460205078125,-2746.84,-2693.95,-2634.2,-2565.75,-2466.5,-2357.25,-2304.6,-2263.45,-2230.0
17199,-2490.239990234375,197.4448699951172,95.78466033935547,250.9868643624442,-2490.239990234375,-2481.0,144.55435180664062,-2782.12,-2713.55,-2670.3,-2582.25,-2481.0,-2384.75,-2313.6,-2275.9,-2252.54
17290,-2508.699951171875,196.9285125732422,95.84488677978516,250.18881007603235,-2508.699951171875,-2497.5,140.72146606445312,-2782.12,-2717.35,-2682.2,-2603.0,-2497.5,-2412.5,-2340.5,-2285.9,-2267.9
17381,-2519.099853515625,196.4239044189453,95.92428588867188,249.3963841029576,-2519.10009765625,-2520.0,136.47860717773438,-2782.12,-2717.35,-2682.2,-2617.25,-2520.0,-2418.5,-2348.5,-2334.25,-2275.84
17472,-2527.83984375,195.9176483154297,95.99562072753906,248.5939004080636,-2527.840087890625,-2535.0,136.2860107421875,-2782.12,-2724.95,-2684.9,-2618.75,-2535.0,-2426.5,-2350.8,-2334.25,-2275.84
17563,-2538.079833984375,195.43101501464844,96.0712661743164,247.82506670270647,-2538.080078125,-2539.5,136.13043212890625,-2800.74,-2744.5,-2699.0,-2627.0,-2539.5,-2442.75,-2361.7999999999997,-2340.55,-2285.64
17654,-2554.06005859375,194.92416381835938,96.12236785888672,247.0378199986049,-2554.06005859375,-2552.5,145.88563537597656,-2898.74,-2799.05,-2713.9,-2642.0,-2552.5,-2447.5,-2365.3999999999996,-2340.55,-2285.64
17745,-2580.9599609375,194.39964294433594,96.1646499633789,246.23314557756697,-2580.9599609375,-2573.0,146.3772430419922,-2898.74,-2857.1,-2772.1,-2670.0,-2573.0,-2470.0,-2397.9,-2343.85,-2331.0800000000004
17836,-2599.199951171875,193.8955078125,96.21061706542969,245.44944763183594,-2599.199951171875,-2604.5,145.4869842529297,-2898.74,-2878.65,-2775.0,-2698.0,-2604.5,-2489.0,-2410.2999999999997,-2378.55,-2332.98
17927,-2612.099853515625,193.39805603027344,96.26972961425781,244.66725376674108,-2612.10009765625,-2612.5,143.7144775390625,-2935.28,-2891.2,-2799.9,-2698.5,-2612.5,-2504.5,-2440.0,-2396.15,-2347.7000000000003
18018,-2619.5,192.90513610839844,96.31671905517578,243.90219116210938,-2619.5,-2617.5,140.76126098632812,-2935.28,-2891.2,-2817.2,-2701.0,-2617.5,-2515.5,-2459.8999999999996,-2396.35,-2358.78
18109,-2637.9599609375,192.36199951171875,96.33509063720703,243.09540012904577,-2637.9599609375,-2639.0,138.90219116210938,-2935.28,-2898.05,-2830.7,-2716.25,-2639.0,-2535.75,-2470.9,-2429.85,-2396.7400000000002
18200,-2646.199951171875,191.84364318847656,96.37142944335938,242.2978515625,-2646.199951171875,-2646.5,142.1314239501953,-2935.28,-2899.25,-2847.0,-2742.25,-2646.5,-2538.25,-2470.9,-2434.8,-2403.6
18291,-2655.699951171875,191.35455322265625,96.42985534667969,241.52264186314173,-2655.699951171875,-2662.5,142.1209716796875,-2949.5,-2910.3,-2868.1,-2743.25,-2662.5,-2543.25,-2475.5,-2445.75,-2407.88
18382,-2664.719970703125,190.8405303955078,96.46865844726562,240.73343767438615,-2664.719970703125,-2665.0,137.76683044433594,-2949.5,-2910.3,-2868.1,-2750.75,-2665.0,-2557.0,-2500.5,-2463.95,-2407.88
18473,-2678.3798828125,190.344970703125,96.50946044921875,239.95746721540178,-2678.3798828125,-2668.5,137.2993621826172,-2960.28,-2935.05,-2879.3,-2768.75,-2668.5,-2574.5,-2506.8,-2469.7,-2445.1200000000003
18564,-2698.02001953125,189.85194396972656,96.57711791992188,239.15734645298548,-2698.02001953125,-2695.5,137.95440673828125,-2974.06,-2936.65,-2898.5,-2788.75,-2695.5,-2584.5,-2515.8,-2477.6,-2462.66
18655,-2708.33984375,189.3422393798828,96.60777282714844,238.36410304478235,-2708.340087890625,-2707.5,138.8062744140625,-2977.06,-2949.55,-2898.5,-2799.0,-2707.5,-2603.5,-2530.2,-2500.8,-2462.66
18746,-2719.5400390625,188.8579559326172,96.64590454101562,237.59713091169084,-2719.5400390625,-2711.5,140.94427490234375,-2980.46,-2961.65,-2918.4,-2812.25,-2711.5,-2612.0,-2548.5,-2506.9,-2462.66
18837,-2733.8798828125,188.3413848876953,96.67990112304688,236.79566519601005,-2733.8798828125,-2731.0,146.42037963867188,-3003.1,-2974.15,-2937.0,-2841.0,-2731.0,-2614.5,-2557.0,-2506.9,-2462.66
18928,-2744.159912109375,187.84397888183594,96.70343017578125,236.02510724748885,-2744.159912109375,-2734.0,148.77391052246094,-3003.1,-2974.15,-2952.7,-2868.25,-2734.0,-2630.5,-2557.0,-2506.9,-2467.9
19019,-2760.719970703125,187.34779357910156,96.73198699951172,235.25203813825334,-2760.719970703125,-2758.5,144.43067932128906,-3003.1,-2980.15,-2961.4,-2878.5,-2758.5,-2641.0,-2575.7,-2526.35,-2467.98
19110,-2768.06005859375,186.84725952148438,96.76278686523438,234.47701154436385,-2768.06005859375,-2762.0,144.50140380859375,-3008.3,-2990.35,-2969.5,-2880.5,-2762.0,-2651.0,-2575.9,-2556.45,-2507.8
19201,-2781.81982421875,186.3427276611328,96.7780532836914,233.6995566231864,-2781.820068359375,-2769.0,148.8574981689453,-3062.5,-3008.2,-2983.7,-2906.5,-2769.0,-2657.75,-2587.1,-2560.95,-2545.98
19292,-2793.659912109375,185.8415985107422,96.7900619506836,232.92730276925224,-2793.659912109375,-2795.0,145.01318359375,-3062.5,-3012.55,-2997.4,-2906.5,-2795.0,-2679.25,-2598.7,-2569.0,-2556.76
19383,-2802.5400390625,185.3352508544922,96.79991149902344,232.1417519705636,-2802.5400390625,-2803.0,147.94732666015625,-3063.48,-3039.55,-3008.3,-2919.5,-2803.0,-2686.0,-2602.2999999999997,-2569.0,-2556.76
19474,-2817.139892578125,184.8448944091797,96.82946014404297,231.36593627929688,-2817.139892578125,-2814.0,146.48194885253906,-3090.14,-3050.6,-3013.1,-2931.75,-2814.0,-2713.75,-2609.7,-2569.0,-2556.76
19565,-2830.919921875,184.34716796875,96.86094665527344,230.57830810546875,-2830.919921875,-2817.5,149.64695739746094,-3090.14,-3062.2,-3024.5,-2959.25,-2817.5,-2715.5,-2635.3999999999996,-2574.7,-2556.76
19656,-2839.199951171875,183.8533477783203,96.86227416992188,229.81394522530692,-2839.199951171875,-2823.0,143.46922302246094,-3090.14,-3062.2,-3024.5,-2959.25,-2823.0,-2732.75,-2665.7,-2601.3,-2556.76
19747,-2853.179931640625,183.36135864257812,96.87665557861328,229.047611781529,-2853.179931640625,-2843.0,143.28053283691406,-3097.14,-3067.05,-3039.8,-2970.25,-2843.0,-2752.75,-2678.5,-2611.75,-2556.76
19838,-2869.659912109375,182.88673400878906,96.90553283691406,228.29213169642858,-2869.659912109375,-2875.0,150.091796875,-3104.92,-3090.3,-3062.4,-2974.75,-2875.0,-2772.0,-2680.8,-2611.75,-2562.88
19929,-2886.699951171875,182.3850860595703,96.92698669433594,227.5096217564174,-2886.699951171875,-2895.0,149.6875762939453,-3150.0,-3096.05,-3067.3,-2999.75,-2895.0,-2789.0,-2686.9,-2626.9500000000003,-2562.88
20020,-2900.31982421875,181.8667449951172,96.90338897705078,226.72662789481026,-2900.320068359375,-2903.0,145.28564453125,-3150.04,-3105.45,-3083.4,-3009.75,-2903.0,-2792.5,-2712.7,-2681.85,-2606.92
20111,-2915.760009765625,181.38006591796875,96.91272735595703,225.96978977748327,-2915.760009765625,-2912.0,148.68772888183594,-3185.52,-3150.1,-3096.1,-3025.25,-2912.0,-2808.0,-2716.9,-2701.95,-2622.6800000000003
20202,-2929.699951171875,180.9026336669922,96.91484069824219,225.2157701764788,-2929.699951171875,-2922.5,144.13844299316406,-3185.52,-3150.1,-3108.3,-3033.75,-2922.5,-2823.0,-2747.7,-2715.95,-2700.4200000000005
20293,-2936.89990234375,180.4297332763672,96.92955780029297,224.4660361153739,-2936.89990234375,-2942.0,146.0980987548828,-3210.02,-3153.4,-3112.6,-3048.25,-2942.0,-2830.25,-2748.9,-2731.25,-2708.26
20384,-2946.31982421875,179.96507263183594,96.93610382080078,223.7305624825614,-2946.320068359375,-2942.0,147.1522979736328,-3210.02,-3180.15,-3128.5,-3066.5,-2942.0,-2838.0,-2756.0,-2744.85,-2716.2400000000002
20475,-2954.699951171875,179.47869873046875,96.93434143066406,222.97171238490515,-2954.699951171875,-2944.5,146.78953552246094,-3210.02,-3180.15,-3141.0,-3069.75,-2944.5,-2844.5,-2756.9,-2744.85,-2716.2400000000002
20566,-2968.43994140625,178.9912872314453,96.95116424560547,222.19320024762834,-2968.43994140625,-2975.0,147.4623565673828,-3229.62,-3201.1,-3158.6,-3076.0,-2975.0,-2851.25,-2763.2999999999997,-2744.85,-2716.26
20657,-2979.760009765625,178.5118408203125,96.96200561523438,221.4357190813337,-2979.760009765625,-2986.0,149.3706817626953,-3229.62,-3208.35,-3180.3,-3091.0,-2986.0,-2856.5,-2764.0,-2748.8,-2731.7000000000003
20748,-2993.47998046875,178.01942443847656,96.96802520751953,220.6586630684989,-2993.47998046875,-3004.0,152.71302795410156,-3315.18,-3225.15,-3196.7,-3099.75,-3004.0,-2860.0,-2789.5,-2755.45,-2733.66
20839,-3001.679931640625,177.56024169921875,96.97648620605469,219.91462053571428,-3001.679931640625,-3004.0,148.86476135253906,-3315.18,-3232.05,-3196.9,-3109.0,-3004.0,-2888.75,-2820.8999999999996,-2764.0,-2744.44
20930,-3012.280029296875,177.07415771484375,96.98619842529297,219.14144243512834,-3012.280029296875,-3011.0,149.34156799316406,-3328.02,-3309.3,-3197.2,-3113.5,-3011.0,-2897.75,-2827.5,-2785.55,-2763.84
21021,-3022.35986328125,176.62420654296875,97.01204681396484,218.39939444405692,-3022.360107421875,-3013.0,147.53646850585938,-3328.02,-3309.3,-3200.8,-3127.0,-3013.0,-2906.5,-2843.5,-2785.55,-2763.88
21112,-3034.099853515625,176.15350341796875,97.00383758544922,217.65604945591517,-3034.10009765625,-3032.5,147.4344940185547,-3328.02,-3309.3,-3221.4,-3150.0,-3032.5,-2911.75,-2853.9,-2821.35,-2775.64
21203,-3046.97998046875,175.7254180908203,97.03001403808594,216.92935834612166,-3046.97998046875,-3048.5,146.1385040283203,-3328.02,-3309.3,-3225.3,-3155.0,-3048.5,-2934.5,-2854.9,-2833.8,-2776.98
21294,-3061.099853515625,175.25128173828125,97.02657318115234,216.17842973981584,-3061.10009765625,-3060.5,146.78314208984375,-3330.42,-3310.25,-3238.9,-3174.0,-3060.5,-2945.0,-2857.7,-2845.65,-2789.7400000000002
21385,-3068.919921875,174.78662109375,97.03858184814453,215.4199720110212,-3068.919921875,-3064.0,146.74021911621094,-3330.42,-3310.25,-3269.1,-3174.75,-3064.0,-2972.75,-2884.1,-2851.7,-2789.7400000000002
21476,-3084.139892578125,174.3347930908203,97.05089569091797,214.6768755231585,-3084.139892578125,-3075.5,154.6903839111328,-3400.66,-3329.55,-3299.1,-3192.75,-3075.5,-2980.0,-2884.1,-2851.7,-2789.7400000000002
21567,-3092.33984375,173.86148071289062,97.03583526611328,213.92733110700334,-3092.340087890625,-3083.0,150.7837677001953,-3400.66,-3329.55,-3299.1,-3196.25,-3083.0,-2982.5,-2899.0,-2854.85,-2829.1400000000003
21658,-3100.919921875,173.38792419433594,97.0186767578125,213.17422703334265,-3100.919921875,-3102.0,147.80653381347656,-3400.66,-3329.55,-3299.1,-3208.0,-3102.0,-2982.5,-2921.6,-2867.95,-2845.6800000000003
21749,-3113.179931640625,172.93539428710938,97.01342010498047,212.4398956298828,-3113.179931640625,-3120.5,144.921875,-3400.66,-3337.15,-3309.1,-3221.25,-3120.5,-3001.75,-2934.8,-2875.9,-2866.7200000000003
21840,-3120.39990234375,172.4844207763672,97.00838470458984,211.70418221609933,-3120.39990234375,-3123.5,145.0149688720703,-3400.66,-3340.4,-3310.5,-3229.25,-3123.5,-3008.25,-2934.8,-2900.65,-2866.7200000000003
21931,-3130.85986328125,172.0113525390625,96.99530792236328,210.94700186593192,-3130.860107421875,-3129.0,146.0041046142578,-3433.7,-3340.95,-3315.0,-3230.25,-3129.0,-3014.5,-2939.2999999999997,-2900.65,-2875.82
22022,-3145.179931640625,171.56678771972656,96.99618530273438,210.23034885951452,-3145.179931640625,-3154.5,149.00962829589844,-3433.92,-3360.2,-3315.9,-3245.0,-3154.5,-3018.0,-2941.8,-2900.65,-2875.82
22113,-3153.4599609375,171.1099090576172,96.98135375976562,209.4948992047991,-3153.4599609375,-3168.0,148.497314453125,-3440.78,-3383.85,-3325.3,-3247.25,-3168.0,-3018.0,-2962.8,-2900.65,-2875.82
22204,-3162.619873046875,170.6523895263672,96.99383544921875,208.73579624720983,-3162.6201171875,-3179.5,145.40383911132812,-3440.78,-3383.85,-3337.2,-3258.5,-3179.5,-3042.0,-2991.0,-2931.4,-2888.56
22295,-3167.81982421875,170.231201171875,96.99933624267578,208.03111703055245,-3167.820068359375,-3190.5,145.8169708251953,-3440.78,-3400.45,-3339.1,-3260.75,-3190.5,-3051.0,-2998.2999999999997,-2931.4,-2888.64
22386,-3179.52001953125,169.79248046875,97.01481628417969,207.29285539899553,-3179.52001953125,-3203.0,148.82522583007812,-3466.26,-3419.7,-3383.3,-3274.5,-3203.0,-3051.0,-3000.8,-2939.65,-2893.9
22477,-3189.239990234375,169.3467254638672,97.01998138427734,206.5464150565011,-3189.239990234375,-3207.5,146.6407928466797,-3466.26,-3419.7,-3390.4,-3278.25,-3207.5,-3061.25,-3007.8,-2973.25,-2900.76
22568,-3196.159912109375,168.8939971923828,97.0063247680664,205.8181871686663,-3196.159912109375,-3208.5,148.525390625,-3480.66,-3441.3,-3391.0,-3285.25,-3208.5,-3074.0,-3012.2999999999997,-2979.9,-2914.7200000000003
22659,-3205.93994140625,168.46368408203125,97.00980377197266,205.09112548828125,-3205.93994140625,-3208.5,144.8880157470703,-3480.66,-3441.3,-3400.9,-3292.5,-3208.5,-3118.25,-3026.1,-2990.6,-2939.5
22750,-3220.219970703125,168.03179931640625,97.0109634399414,204.3688725062779,-3220.219970703125,-3214.5,142.07818603515625,-3489.48,-3466.35,-3433.7,-3306.0,-3214.5,-3125.75,-3036.0,-2998.6,-2981.1600000000003
22841,-3225.280029296875,167.61691284179688,97.02607727050781,203.66184997558594,-3225.280029296875,-3221.0,141.8820037841797,-3489.48,-3466.35,-3441.1,-3306.0,-3221.0,-3125.75,-3036.0,-2998.6,-2981.1600000000003
22932,-3235.139892578125,167.18948364257812,97.03868865966797,202.93925040108817,-3235.139892578125,-3229.0,136.9021453857422,-3507.12,-3473.3,-3451.0,-3307.5,-3229.0,-3147.75,-3050.2,-3029.85,-2990.92
23023,-3244.0400390625,166.76182556152344,97.01766204833984,202.24922834123885,-3244.0400390625,-3234.0,138.987548828125,-3549.26,-3481.35,-3451.3,-3325.0,-3234.0,-3148.25,-3065.3999999999996,-3029.85,-2990.92
23114,-3251.739990234375,166.31781005859375,96.9892349243164,201.53661891392298,-3251.739990234375,-3239.5,142.54595947265625,-3549.26,-3488.5,-3464.2,-3336.0,-3239.5,-3150.5,-3065.3999999999996,-3029.85,-2990.92
23205,-3262.33984375,165.90394592285156,96.99207305908203,200.84193420410156,-3262.340087890625,-3266.5,146.70291137695312,-3549.26,-3498.4,-3467.3,-3350.5,-3266.5,-3158.5,-3065.3999999999996,-3029.85,-2990.92
23296,-3271.43994140625,165.47055053710938,96.98277282714844,200.11881365094865,-3271.43994140625,-3266.5,145.60243225097656,-3562.32,-3508.1,-3479.2,-3363.25,-3266.5,-3158.5,-3100.7999999999997,-3050.85,-2993.86
23387,-3280.619873046875,165.02537536621094,96.96176147460938,199.39224243164062,-3280.6201171875,-3273.5,146.18630981445312,-3562.32,-3548.05,-3484.1,-3364.0,-3273.5,-3167.0,-3111.7999999999997,-3065.25,-3026.2000000000003
23478,-3292.35986328125,164.61070251464844,96.96247100830078,198.6829092843192,-3292.360107421875,-3282.0,138.5573272705078,-3562.32,-3548.05,-3484.1,-3381.25,-3282.0,-3187.5,-3121.5,-3082.5,-3047.9
23569,-3305.059814453125,164.22946166992188,96.96887969970703,198.01331438337053,-3305.06005859375,-3288.5,141.7664794921875,-3578.38,-3559.15,-3487.1,-3400.75,-3288.5,-3207.0,-3136.8,-3098.2,-3047.9
23660,-3312.219970703125,163.79383850097656,96.94694519042969,197.29745483398438,-3312.219970703125,-3294.0,146.43296813964844,-3637.28,-3576.1,-3506.0,-3404.75,-3294.0,-3209.0,-3144.9,-3098.2,-3047.9
23751,-3325.9599609375,163.35609436035156,96.93333435058594,196.56205531529017,-3325.9599609375,-3316.0,148.74185180664062,-3637.28,-3576.1,-3535.3,-3423.75,-3316.0,-3221.0,-3159.9,-3115.15,-3047.9
23842,-3334.4599609375,162.93978881835938,96.9107894897461,195.87213788713728,-3334.4599609375,-3316.0,149.62742614746094,-3637.28,-3578.3,-3561.1,-3430.75,-3316.0,-3226.75,-3159.9,-3134.1,-3082.2000000000003
23933,-3340.0,162.5224151611328,96.90982055664062,195.169926234654,-3340.0,-3326.0,150.7840118408203,-3637.28,-3584.65,-3561.1,-3446.0,-3326.0,-3227.75,-3159.9,-3134.1,-3082.2000000000003
24024,-3349.81982421875,162.1040802001953,96.88778686523438,194.47552926199776,-3349.820068359375,-3342.0,154.43609619140625,-3651.7,-3584.65,-3563.2,-3456.0,-3342.0,-3229.0,-3170.7999999999997,-3134.1,-3082.2000000000003
24115,-3363.919921875,161.69261169433594,96.89159393310547,193.77066911969865,-3363.919921875,-3352.5,155.14862060546875,-3651.7,-3584.65,-3563.2,-3474.5,-3352.5,-3248.75,-3170.7999999999997,-3134.1,-3082.2000000000003
24206,-3370.85986328125,161.29794311523438,96.89586639404297,193.08058602469308,-3370.860107421875,-3362.5,153.58425903320312,-3651.7,-3599.0,-3563.2,-3479.75,-3362.5,-3257.0,-3170.7999999999997,-3148.3,-3104.56
24297,-3378.97998046875,160.88624572753906,96.89588928222656,192.3643057686942,-3378.97998046875,-3372.5,151.65692138671875,-3654.64,-3607.55,-3574.2,-3482.5,-3372.5,-3266.5,-3183.3999999999996,-3148.3,-3108.48
24388,-3389.31982421875,160.50714111328125,96.9065933227539,191.69791957310267,-3389.320068359375,-3381.0,156.32875061035156,-3699.36,-3637.85,-3595.2,-3492.5,-3381.0,-3281.25,-3193.2999999999997,-3148.3,-3108.48
24479,-3399.199951171875,160.09124755859375,96.88018798828125,190.99738202776228,-3399.199951171875,-3397.0,154.46612548828125,-3703.28,-3655.6,-3597.8,-3504.0,-3397.0,-3284.75,-3227.1,-3155.65,-3116.32
24570,-3406.33984375,159.6684112548828,96.85340881347656,190.29241943359375,-3406.340087890625,-3410.5,151.77650451660156,-3717.2,-3655.6,-3597.8,-3505.5,-3410.5,-3300.75,-3233.3999999999996,-3157.55,-3116.32
24661,-3414.89990234375,159.2763671875,96.86337280273438,189.6148223876953,-3414.89990234375,-3422.5,151.33370971679688,-3728.12,-3655.6,-3605.1,-3522.75,-3422.5,-3308.5,-3239.5,-3158.5,-3130.7200000000003
24752,-3430.3798828125,158.8676300048828,96.83773803710938,188.92525373186385,-3430.3798828125,-3429.5,151.5324249267578,-3736.94,-3667.6,-3626.6,-3529.5,-3429.5,-3319.0,-3257.3999999999996,-3158.7,-3130.7200000000003
24843,-3440.139892578125,158.4756317138672,96.82234191894531,188.2468981061663,-3440.139892578125,-3442.5,152.9637908935547,-3736.94,-3672.35,-3637.6,-3532.25,-3442.5,-3323.25,-3257.3999999999996,-3158.9,-3152.64
24934,-3446.739990234375,158.0889129638672,96.82565307617188,187.57032557896204,-3446.739990234375,-3446.5,151.39825439453125,-3766.34,-3672.35,-3637.6,-3540.0,-3446.5,-3341.0,-3261.7,-3158.9,-3152.64
25025,-3458.81982421875,157.68455505371094,96.80242156982422,186.88306318010603,-3458.820068359375,-3453.0,144.9102783203125,-3783.26,-3717.5,-3643.1,-3547.75,-3453.0,-3355.0,-3287.9,-3234.85,-3198.6
25116,-3467.659912109375,157.2818145751953,96.7914810180664,186.18396214076452,-3467.659912109375,-3462.0,145.4476776123047,-3783.26,-3727.25,-3665.5,-3553.25,-3462.0,-3355.0,-3303.0,-3239.75,-3217.62
25207,-3473.5400390625,156.90591430664062,96.8021469116211,185.50482395717077,-3473.5400390625,-3462.0,145.12176513671875,-3783.26,-3727.25,-3671.5,-3564.0,-3462.0,-3360.75,-3303.0,-3239.75,-3217.66
25298,-3482.85986328125,156.51197814941406,96.7935562133789,184.81771632603235,-3482.860107421875,-3467.5,142.45799255371094,-3783.26,-3727.25,-3685.6,-3579.5,-3467.5,-3379.5,-3303.9,-3287.2000000000003,-3217.66
25389,-3486.280029296875,156.1439971923828,96.81173706054688,184.13893127441406,-3486.280029296875,-3470.5,139.7982177734375,-3783.26,-3727.25,-3685.6,-3579.5,-3470.5,-3386.0,-3312.7,-3302.3,-3217.66
25480,-3493.83984375,155.7694091796875,96.7959213256836,183.47478594098772,-3493.840087890625,-3491.0,141.36744689941406,-3788.16,-3740.85,-3691.4,-3595.5,-3491.0,-3393.25,-3316.2999999999997,-3302.75,-3233.34
25571,-3503.7998046875,155.4044189453125,96.795654296875,182.81958661760603,-3503.800048828125,-3503.5,146.0938720703125,-3788.16,-3763.65,-3711.6,-3607.75,-3503.5,-3395.75,-3318.8,-3302.75,-3233.34
25662,-3513.599853515625,155.01287841796875,96.77517700195312,182.14165823800224,-3513.60009765625,-3515.0,143.01168823242188,-3796.12,-3783.15,-3726.1,-3617.5,-3515.0,-3400.75,-3323.5,-3303.95,-3288.02
25753,-3525.39990234375,154.6378631591797,96.75807189941406,181.48775809151786,-3525.39990234375,-3526.0,145.70428466796875,-3808.34,-3788.4,-3728.2,-3625.0,-3526.0,-3409.75,-3342.6,-3303.95,-3297.82
25844,-3536.419921875,154.22967529296875,96.72988891601562,180.78445870535714,-3536.419921875,-3531.0,146.9911651611328,-3825.46,-3788.7,-3750.0,-3633.25,-3531.0,-3425.0,-3342.6,-3303.95,-3297.82
25935,-3542.760009765625,153.83274841308594,96.71468353271484,180.0794459751674,-3542.760009765625,-3537.0,150.43472290039062,-3849.0,-3802.3,-3750.0,-3637.0,-3537.0,-3425.0,-3342.6,-3304.95,-3300.94
26026,-3552.2998046875,153.47079467773438,96.71823120117188,179.40691920689173,-3552.300048828125,-3558.5,151.8996124267578,-3851.94,-3808.85,-3750.0,-3651.0,-3558.5,-3434.0,-3342.6,-3304.95,-3302.9
26117,-3560.599853515625,153.07887268066406,96.70526123046875,178.70567103794642,-3560.60009765625,-3569.0,151.82350158691406,-3851.94,-3825.0,-3781.4,-3658.5,-3569.0,-3445.75,-3370.6,-3310.7,-3302.9
26208,-3564.4599609375,152.68399047851562,96.65668487548828,178.05175563267298,-3564.4599609375,-3570.5,152.05081176757812,-3851.94,-3825.0,-3785.4,-3677.25,-3570.5,-3457.25,-3370.6,-3310.7,-3302.9
26299,-3569.919921875,152.29432678222656,96.62028503417969,177.38280160086495,-3569.919921875,-3573.5,158.36607360839844,-3898.04,-3826.3,-3790.1,-3677.25,-3573.5,-3457.25,-3370.6,-3310.7,-3302.9
26390,-3578.699951171875,151.92201232910156,96.60389709472656,176.7239270891462,-3578.699951171875,-3585.0,156.1740264892578,-3900.64,-3826.3,-3790.1,-3681.0,-3585.0,-3457.25,-3389.6,-3329.7,-3308.88
26481,-3591.260009765625,151.56809997558594,96.59993743896484,176.06194196428572,-3591.260009765625,-3586.0,155.71856689453125,-3934.16,-3844.55,-3792.1,-3689.25,-3586.0,-3468.0,-3398.8,-3347.6,-3329.62
26572,-3602.419921875,151.20431518554688,96.5897445678711,175.4090794154576,-3602.419921875,-3591.5,163.9019317626953,-4040.0,-3846.7,-3810.6,-3692.0,-3591.5,-3483.25,-3398.8,-3347.6,-3329.62
26663,-3610.33984375,150.82533264160156,96.5680160522461,174.74666486467635,-3610.340087890625,-3602.5,165.34878540039062,-4040.0,-3912.25,-3825.0,-3705.75,-3602.5,-3483.25,-3403.5,-3361.35,-3339.42
26754,-3618.079833984375,150.457763671875,96.56533813476562,174.06505475725447,-3618.080078125,-3607.0,162.7440185546875,-4040.0,-3912.25,-3825.0,-3715.25,-3607.0,-3494.25,-3410.7,-3376.25,-3339.9
26845,-3623.83984375,150.08575439453125,96.54135131835938,173.4173366001674,-3623.840087890625,-3620.0,161.78526306152344,-4040.0,-3912.25,-3825.4,-3722.75,-3620.0,-3495.75,-3412.8,-3390.3,-3348.7200000000003
26936,-3633.2998046875,149.7161102294922,96.52190399169922,172.74915640694755,-3633.300048828125,-3631.5,162.05645751953125,-4040.0,-3917.75,-3831.0,-3729.75,-3631.5,-3519.5,-3420.0,-3390.3,-3361.7400000000002
27027,-3640.619873046875,149.32826232910156,96.48633575439453,172.06269182477678,-3640.6201171875,-3645.0,160.38040161132812,-4040.0,-3917.75,-3844.0,-3736.25,-3645.0,-3527.75,-3435.9,-3398.6,-3361.7400000000002
27118,-3644.679931640625,148.98614501953125,96.49525451660156,171.41193062918526,-3644.679931640625,-3647.0,159.12924194335938,-4040.0,-3917.75,-3844.0,-3740.5,-3647.0,-3527.75,-3435.9,-3398.6,-3361.7400000000002
27209,-3653.93994140625,148.61566162109375,96.47782897949219,170.75226484026228,-3653.93994140625,-3658.0,161.4571533203125,-4040.64,-3917.75,-3844.0,-3759.5,-3658.0,-3528.0,-3435.9,-3406.0,-3390.8
27300,-3660.579833984375,148.23353576660156,96.43775177001953,170.0834721156529,-3660.580078125,-3664.5,159.95062255859375,-4040.72,-3917.75,-3845.5,-3759.5,-3664.5,-3536.5,-3466.8,-3410.85,-3390.8
27391,-3667.85986328125,147.83963012695312,96.40544128417969,169.39002554757255,-3667.860107421875,-3679.0,160.4797821044922,-4040.72,-3917.75,-3854.7,-3775.25,-3679.0,-3542.5,-3466.8,-3415.6,-3390.8
27482,-3672.7998046875,147.49319458007812,96.40235900878906,168.7417231968471,-3672.800048828125,-3679.0,160.89866638183594,-4040.72,-3921.65,-3871.6,-3775.25,-3679.0,-3553.75,-3466.8,-3425.5,-3390.8
27573,-3681.47998046875,147.11570739746094,96.38818359375,168.04366193498885,-3681.47998046875,-3696.0,161.86880493164062,-4040.72,-3977.7,-3893.6,-3775.5,-3696.0,-3566.25,-3466.8,-3425.9,-3390.8
27664,-3689.059814453125,146.83912658691406,96.43938446044922,167.4286368233817,-3689.06005859375,-3699.0,161.2754669189453,-4076.1,-3982.45,-3893.6,-3775.5,-3699.0,-3574.5,-3475.8,-3451.9,-3390.8
27755,-3693.0400390625,146.49856567382812,96.41539764404297,166.80738830566406,-3693.0400390625,-3701.0,156.41732788085938,-4076.1,-3982.45,-3893.6,-3775.5,-3701.0,-3587.75,-3499.8,-3464.4,-3390.8
27846,-3704.760009765625,146.13441467285156,96.39615631103516,166.1346217564174,-3704.760009765625,-3704.5,155.42510986328125,-4076.1,-3996.7,-3899.7,-3782.75,-3704.5,-3592.0,-3520.6,-3473.55,-3447.6400000000003
27937,-3714.599853515625,145.77996826171875,96.37644958496094,165.47523280552454,-3714.60009765625,-3708.0,155.73715209960938,-4076.1,-4003.35,-3899.7,-3807.0,-3708.0,-3593.5,-3524.6,-3480.75,-3463.32
28028,-3725.7998046875,145.40414428710938,96.3313980102539,164.8136487688337,-3725.800048828125,-3719.0,161.78089904785156,-4076.1,-4040.9,-3951.5,-3821.0,-3719.0,-3614.5,-3524.6,-3480.75,-3463.32
28119,-3735.8798828125,145.0701141357422,96.33280181884766,164.1714106968471,-3735.8798828125,-3728.5,157.79913330078125,-4081.78,-4040.9,-3951.5,-3821.0,-3728.5,-3621.5,-3544.2,-3515.2000000000003,-3468.44
28210,-3741.35986328125,144.72259521484375,96.29227447509766,163.56248692103796,-3741.360107421875,-3729.0,155.96707153320312,-4081.78,-4040.9,-3951.5,-3822.0,-3729.0,-3623.5,-3545.0,-3520.8,-3480.76
28301,-3749.0,144.34580993652344,96.24842071533203,162.90450613839286,-3749.0,-3737.0,155.86705017089844,-4081.78,-4040.9,-3951.5,-3842.25,-3737.0,-3630.5,-3554.0,-3522.7,-3480.8
28392,-3756.35986328125,143.99383544921875,96.22682189941406,162.25680324009485,-3756.360107421875,-3753.0,158.01446533203125,-4118.04,-4059.15,-3951.5,-3843.0,-3753.0,-3642.5,-3554.0,-3522.7,-3507.9
28483,-3762.119873046875,143.632568359375,96.1871337890625,161.61309160505022,-3762.1201171875,-3754.0,159.62733459472656,-4118.04,-4059.15,-3967.9,-3853.5,-3754.0,-3650.25,-3554.0,-3522.7,-3507.9
28574,-3772.43994140625,143.27127075195312,96.15231323242188,160.9564426967076,-3772.43994140625,-3770.5,163.07859802246094,-4120.76,-4082.45,-4006.5,-3861.75,-3770.5,-3651.75,-3558.9,-3544.7,-3520.92
28665,-3778.699951171875,142.94677734375,96.14015197753906,160.32306780133928,-3778.699951171875,-3781.5,160.03903198242188,-4120.76,-4082.45,-4006.5,-3861.75,-3781.5,-3667.5,-3583.8999999999996,-3544.7,-3520.92
28756,-3784.139892578125,142.59059143066406,96.1064682006836,159.66980198451452,-3784.139892578125,-3793.0,158.48570251464844,-4120.76,-4082.45,-4006.5,-3861.75,-3793.0,-3667.5,-3593.2,-3554.3,-3520.92
28847,-3791.52001953125,142.23548889160156,96.06970977783203,159.0236576625279,-3791.52001953125,-3806.5,159.66561889648438,-4120.76,-4110.4,-4030.1,-3874.0,-3806.5,-3667.5,-3598.7,-3554.3,-3520.92
28938,-3794.8798828125,141.88107299804688,96.02059173583984,158.39859226771765,-3794.8798828125,-3806.5,160.21713256835938,-4120.76,-4110.4,-4031.5,-3877.5,-3806.5,-3667.5,-3598.7,-3554.8,-3532.8
29029,-3802.579833984375,141.5348358154297,95.98828125,157.75815909249442,-3802.580078125,-3806.5,156.6093292236328,-4120.76,-4110.4,-4031.5,-3893.5,-3806.5,-3688.25,-3612.9,-3571.9,-3532.8
29120,-3810.639892578125,141.22152709960938,95.9770736694336,157.13687351771765,-3810.639892578125,-3810.0,156.42164611816406,-4148.2,-4120.0,-4031.5,-3899.5,-3810.0,-3706.5,-3612.9,-3582.5,-3532.8
29211,-3818.099853515625,140.90138244628906,95.95407104492188,156.5220663888114,-3818.10009765625,-3812.0,154.96881103515625,-4148.2,-4120.35,-4031.5,-3906.0,-3812.0,-3707.75,-3622.9,-3585.85,-3568.0800000000004
29302,-3823.099853515625,140.60958862304688,95.9619140625,155.92849949428015,-3823.10009765625,-3816.5,155.369140625,-4158.94,-4120.35,-4031.5,-3906.0,-3816.5,-3718.0,-3622.9,-3585.85,-3568.0800000000004
29393,-3829.559814453125,140.2897186279297,95.94642639160156,155.30839102608817,-3829.56005859375,-3816.5,153.5485076904297,-4158.94,-4120.35,-4031.5,-3908.5,-3816.5,-3726.5,-3642.1,-3595.5,-3568.52
29484,-3836.419921875,139.96621704101562,95.92868041992188,154.68136596679688,-3836.419921875,-3822.5,155.5361328125,-4158.94,-4120.35,-4054.4,-3920.0,-3822.5,-3730.5,-3656.5,-3595.5,-3568.52
29575,-3844.35986328125,139.65570068359375,95.93153381347656,154.04998779296875,-3844.360107421875,-3834.5,156.9196319580078,-4170.7,-4120.45,-4054.4,-3959.75,-3834.5,-3730.5,-3656.5,-3604.55,-3582.52
29666,-3851.739990234375,139.35321044921875,95.94564819335938,153.42400251116072,-3851.739990234375,-3851.5,157.61343383789062,-4205.58,-4120.45,-4054.4,-3965.5,-3851.5,-3743.75,-3658.9,-3632.55,-3582.7200000000003
29757,-3860.159912109375,139.0469970703125,95.93193817138672,152.82666887555803,-3860.159912109375,-3856.0,155.47654724121094,-4205.58,-4120.85,-4058.9,-3965.5,-3856.0,-3751.0,-3681.7,-3633.4,-3582.7200000000003
29848,-3866.89990234375,138.7078399658203,95.91461181640625,152.17394801548548,-3866.89990234375,-3863.0,153.16519165039062,-4205.58,-4120.85,-4058.9,-3965.5,-3863.0,-3760.0,-3689.2999999999997,-3633.4,-3582.7200000000003
29939,-3873.33984375,138.40818786621094,95.90387725830078,151.58856637137276,-3873.340087890625,-3873.0,158.76454162597656,-4234.36,-4122.35,-4071.9,-3969.25,-3873.0,-3760.0,-3689.2999999999997,-3633.4,-3582.7200000000003
30030,-3877.039794921875,138.117431640625,95.90543365478516,150.99274553571428,-3877.0400390625,-3876.5,156.8722381591797,-4234.36,-4122.35,-4071.9,-3969.25,-3876.5,-3761.5,-3695.4,-3656.8,-3590.84
30121,-3883.699951171875,137.8129119873047,95.91517639160156,150.3443821498326,-3883.699951171875,-3882.0,151.57916259765625,-4234.36,-4122.35,-4080.6,-3971.0,-3882.0,-3761.5,-3698.7,-3669.4,-3633.42
30212,-3890.139892578125,137.50624084472656,95.9030990600586,149.72131129673548,-3890.139892578125,-3892.5,151.41796875,-4234.36,-4122.35,-4080.6,-3990.75,-3892.5,-3779.0,-3698.7,-3669.4,-3633.42
30303,-3896.619873046875,137.17868041992188,95.85173034667969,149.11138698032923,-3896.6201171875,-3892.5,152.25962829589844,-4234.36,-4145.15,-4080.6,-4002.5,-3892.5,-3781.0,-3707.5,-3682.35,-3633.42
30394,-3902.39990234375,136.88211059570312,95.85051727294922,148.4871346609933,-3902.39990234375,-3902.5,153.5414581298828,-4252.52,-4178.55,-4080.6,-4002.5,-3902.5,-3786.0,-3707.9,-3682.35,-3633.42
30485,-3907.539794921875,136.55897521972656,95.82305145263672,147.86668178013392,-3907.5400390625,-3902.5,154.62937927246094,-4278.0,-4184.25,-4107.2,-4003.0,-3902.5,-3792.75,-3708.9,-3682.35,-3633.42
30576,-3917.52001953125,136.25384521484375,95.81700897216797,147.24461364746094,-3917.52001953125,-3913.0,153.48768615722656,-4278.0,-4194.7,-4118.2,-4015.25,-3913.0,-3799.75,-3725.7999999999997,-3698.95,-3655.96
30667,-3921.93994140625,135.98695373535156,95.82679748535156,146.65949140276228,-3921.93994140625,-3920.5,154.50933837890625,-4278.0,-4194.7,-4135.9,-4015.25,-3920.5,-3799.75,-3727.0,-3707.5,-3655.96
30758,-3927.419921875,135.65956115722656,95.78378295898438,146.0391104561942,-3927.419921875,-3925.5,156.6283721923828,-4278.26,-4222.25,-4135.9,-4029.5,-3925.5,-3813.25,-3727.0,-3707.5,-3655.96
30849,-3933.35986328125,135.36322021484375,95.78083038330078,145.42171151297433,-3933.360107421875,-3937.0,155.5664825439453,-4278.26,-4222.25,-4135.9,-4029.5,-3937.0,-3816.75,-3727.0,-3707.5,-3656.56
30940,-3937.239990234375,135.07489013671875,95.7662582397461,144.82249450683594,-3937.239990234375,-3937.0,154.37034606933594,-4278.26,-4222.25,-4135.9,-4031.75,-3937.0,-3816.75,-3738.2999999999997,-3707.5,-3670.7200000000003
31031,-3944.31982421875,134.7882080078125,95.77684783935547,144.19502476283483,-3944.320068359375,-3940.5,153.40847778320312,-4278.26,-4222.25,-4138.6,-4044.5,-3940.5,-3819.25,-3743.5,-3726.5,-3670.92
31122,-3949.659912109375,134.5033416748047,95.76620483398438,143.5954807826451,-3949.659912109375,-3948.5,154.84361267089844,-4291.38,-4222.25,-4140.4,-4050.25,-3948.5,-3819.25,-3743.5,-3726.5,-3670.92
31213,-3956.02001953125,134.1949920654297,95.73102569580078,142.98810250418526,-3956.02001953125,-3950.5,153.53872680664062,-4291.38,-4222.25,-4140.4,-4056.5,-3950.5,-3838.0,-3760.2999999999997,-3729.0,-3670.92
31304,-3962.33984375,133.90939331054688,95.73058319091797,142.38612365722656,-3962.340087890625,-3966.5,152.25341796875,-4310.08,-4222.25,-4140.4,-4058.25,-3966.5,-3840.75,-3766.8,-3743.4,-3670.92
31395,-3971.31982421875,133.6332244873047,95.74927520751953,141.7677263532366,-3971.320068359375,-3970.5,153.4918670654297,-4310.36,-4222.25,-4174.1,-4060.25,-3970.5,-3850.75,-3785.1,-3746.85,-3670.92
31486,-3975.699951171875,133.40237426757812,95.77783966064453,141.1961212158203,-3975.699951171875,-3970.5,153.84449768066406,-4310.36,-4227.55,-4185.9,-4060.25,-3970.5,-3850.75,-3786.9,-3757.3,-3670.92
31577,-3981.760009765625,133.0835723876953,95.72664642333984,140.60879952566964,-3981.760009765625,-3977.0,156.32235717773438,-4311.44,-4257.15,-4185.9,-4060.5,-3977.0,-3862.0,-3788.8,-3758.95,-3736.5800000000004
31668,-3985.079833984375,132.81668090820312,95.73737335205078,140.00887625558036,-3985.080078125,-3979.0,156.49169921875,-4311.44,-4257.15,-4185.9,-4062.0,-3979.0,-3862.0,-3788.8,-3765.65,-3736.5800000000004
31759,-3993.81982421875,132.5238800048828,95.71757507324219,139.40147181919642,-3993.820068359375,-4004.0,154.36004638671875,-4342.8,-4257.15,-4191.3,-4071.75,-4004.0,-3888.5,-3789.0,-3780.65,-3748.34
31850,-3997.83984375,132.22048950195312,95.69050598144531,138.7959943498884,-3997.840087890625,-4013.5,154.79583740234375,-4342.8,-4257.15,-4204.1,-4078.5,-4013.5,-3893.25,-3790.8,-3783.5,-3754.2200000000003
31941,-4001.139892578125,131.9208984375,95.66434478759766,138.1916983468192,-4001.139892578125,-4015.5,154.2085723876953,-4342.8,-4257.15,-4211.3,-4089.25,-4015.5,-3893.25,-3799.1,-3783.5,-3754.2200000000003
32032,-4006.93994140625,131.62913513183594,95.64933776855469,137.58069501604353,-4006.93994140625,-4015.5,149.6253204345703,-4342.8,-4257.15,-4211.3,-4089.25,-4015.5,-3897.0,-3811.0,-3788.9,-3764.82
32123,-4010.35986328125,131.3238983154297,95.61534881591797,136.98626491001673,-4010.360107421875,-4023.5,151.23204040527344,-4354.56,-4259.55,-4211.3,-4091.5,-4023.5,-3897.0,-3812.8,-3790.8,-3764.82
32214,-4018.679931640625,131.04495239257812,95.60063171386719,136.38480268205916,-4018.679931640625,-4031.0,152.9695281982422,-4354.56,-4297.55,-4237.1,-4096.25,-4031.0,-3901.75,-3816.9,-3791.0,-3783.44
32305,-4023.079833984375,130.75997924804688,95.58815002441406,135.77877589634485,-4023.080078125,-4031.0,154.30882263183594,-4397.02,-4298.3,-4237.1,-4096.25,-4031.0,-3902.0,-3825.1,-3799.55,-3786.38
32396,-4028.539794921875,130.49998474121094,95.5856704711914,135.2031969342913,-4028.5400390625,-4032.0,153.79794311523438,-4397.22,-4298.3,-4238.5,-4099.0,-4032.0,-3913.25,-3825.1,-3799.55,-3786.38
32487,-4034.659912109375,130.2283477783203,95.57914733886719,134.60934012276786,-4034.659912109375,-4033.0,154.84852600097656,-4397.22,-4342.6,-4244.2,-4103.25,-4033.0,-3914.75,-3832.9,-3808.4,-3786.38
32578,-4043.639892578125,129.9547119140625,95.56129455566406,134.0285884312221,-4043.639892578125,-4039.0,155.0606689453125,-4397.22,-4355.1,-4252.3,-4113.5,-4039.0,-3935.0,-3852.0,-3815.65,-3790.92
32669,-4050.81982421875,129.66354370117188,95.544189453125,133.43274797712053,-4050.820068359375,-4049.0,154.18478393554688,-4408.22,-4355.1,-4252.3,-4123.25,-4049.0,-3944.5,-3854.9,-3817.9,-3790.92
32760,-4055.43994140625,129.42648315429688,95.56336975097656,132.86463710239954,-4055.43994140625,-4053.5,153.87991333007812,-4419.42,-4376.95,-4252.3,-4123.25,-4053.5,-3944.5,-3862.7,-3817.9,-3796.8
32851,-4058.559814453125,129.1560821533203,95.54842376708984,132.2842254638672,-4058.56005859375,-4053.5,154.11473083496094,-4419.42,-4376.95,-4255.2,-4131.0,-4053.5,-3944.5,-3864.8,-3817.9,-3796.8
32942,-4067.47998046875,128.86781311035156,95.51134490966797,131.68507167271204,-4067.47998046875,-4074.0,156.93536376953125,-4440.12,-4376.95,-4259.9,-4138.25,-4074.0,-3944.5,-3864.8,-3817.9,-3801.0
33033,-4073.039794921875,128.5941619873047,95.49781799316406,131.09308515276228,-4073.0400390625,-4089.5,155.24502563476562,-4440.28,-4396.15,-4259.9,-4140.0,-4089.5,-3960.75,-3878.7,-3851.4,-3815.82
33124,-4076.3798828125,128.3189239501953,95.47699737548828,130.50575038364954,-4076.3798828125,-4089.5,156.12940979003906,-4440.28,-4396.15,-4270.8,-4141.5,-4089.5,-3960.75,-3883.2,-3855.2,-3815.82
33215,-4084.35986328125,128.03375244140625,95.43707275390625,129.93632071358817,-4084.360107421875,-4092.5,157.38502502441406,-4440.28,-4396.15,-4303.6,-4163.25,-4092.5,-3962.75,-3883.2,-3862.65,-3836.58
33306,-4088.139892578125,127.71991729736328,95.38446044921875,129.31251634870256,-4088.139892578125,-4092.5,159.73216247558594,-4454.6,-4396.15,-4303.6,-4170.75,-4092.5,-3962.75,-3883.2,-3862.65,-3839.94
33397,-4093.4599609375,127.4853286743164,95.40546417236328,128.73235866001673,-4093.4599609375,-4095.5,158.04559326171875,-4478.12,-4396.15,-4303.6,-4170.75,-4095.5,-3967.75,-3897.9,-3872.85,-3839.94
33488,-4101.919921875,127.23809814453125,95.39519500732422,128.18392072405135,-4101.919921875,-4101.5,157.46141052246094,-4478.12,-4396.15,-4303.6,-4194.25,-4101.5,-3977.75,-3897.9,-3872.85,-3840.98
33579,-4106.419921875,126.98272705078125,95.39130401611328,127.61906215122768,-4106.419921875,-4101.5,155.36256408691406,-4478.12,-4396.15,-4303.6,-4210.25,-4101.5,-3984.75,-3904.6,-3883.6,-3862.54
33670,-4109.93994140625,126.71341705322266,95.36332702636719,127.05806950160435,-4109.93994140625,-4109.0,155.24346923828125,-4478.12,-4396.15,-4303.6,-4211.25,-4109.0,-3985.5,-3907.8,-3887.4,-3862.54
33761,-4114.23974609375,126.48809814453125,95.37285614013672,126.51080867222377,-4114.240234375,-4109.0,154.27276611328125,-4478.12,-4396.15,-4309.7,-4214.5,-4109.0,-3991.5,-3926.5,-3900.35,-3865.94
33852,-4120.83984375,126.21493530273438,95.34750366210938,125.9068581717355,-4120.83984375,-4112.5,152.90374755859375,-4478.12,-4396.15,-4309.7,-4223.25,-4112.5,-4017.0,-3931.6,-3905.1,-3865.94
33943,-4125.27978515625,125.9360122680664,95.31310272216797,125.33190046037946,-4125.27978515625,-4112.5,152.7448272705078,-4484.1,-4396.15,-4309.7,-4223.25,-4112.5,-4018.75,-3936.5,-3916.45,-3865.94
34034,-4130.64013671875,125.65717315673828,95.28585815429688,124.73019191196987,-4130.64013671875,-4115.0,155.37196350097656,-4489.98,-4396.35,-4316.2,-4227.25,-4115.0,-4027.75,-3936.5,-3916.45,-3865.94
34125,-4133.83984375,125.3890380859375,95.26468658447266,124.16148594447544,-4133.83984375,-4115.0,155.11415100097656,-4489.98,-4396.35,-4319.9,-4228.0,-4115.0,-4027.75,-3936.5,-3916.65,-3875.7400000000002
34216,-4142.73974609375,125.14743041992188,95.25980377197266,123.59585462297711,-4142.740234375,-4131.5,152.94375610351562,-4489.98,-4423.35,-4319.9,-4238.25,-4131.5,-4033.5,-3944.9,-3927.95,-3905.1400000000003
34307,-4145.0,124.9172592163086,95.26107788085938,123.06322479248047,-4145.0,-4138.0,152.76629638671875,-4489.98,-4423.35,-4319.9,-4238.25,-4138.0,-4033.5,-3944.9,-3927.95,-3905.7400000000002
34398,-4151.2998046875,124.63915252685547,95.21871185302734,122.4693123953683,-4151.2998046875,-4148.0,154.4342498779297,-4495.24,-4450.75,-4319.9,-4245.0,-4148.0,-4033.5,-3948.6,-3931.9,-3916.52
34489,-4156.14013671875,124.4086685180664,95.2247543334961,121.89347076416016,-4156.14013671875,-4159.0,156.06857299804688,-4495.24,-4484.25,-4319.9,-4266.0,-4159.0,-4035.75,-3952.6,-3931.9,-3916.52
34580,-4160.6201171875,124.13933563232422,95.19061279296875,121.33320072719029,-4160.6201171875,-4159.0,156.59307861328125,-4495.24,-4484.25,-4327.1,-4271.0,-4159.0,-4059.25,-3953.0,-3931.9,-3916.52
34671,-4164.52001953125,123.86572265625,95.15481567382812,120.75389862060547,-4164.52001953125,-4161.5,153.4951171875,-4495.24,-4484.25,-4328.7,-4274.25,-4161.5,-4065.25,-3961.2999999999997,-3949.7,-3927.3
34762,-4169.39990234375,123.6185302734375,95.14249420166016,120.1812765938895,-4169.39990234375,-4168.0,154.14987182617188,-4495.24,-4484.3,-4336.4,-4274.25,-4168.0,-4065.25,-3973.7,-3949.7,-3939.0600000000004
34853,-4174.85986328125,123.38542938232422,95.14569091796875,119.61685180664062,-4174.85986328125,-4172.5,156.0093536376953,-4495.28,-4484.3,-4342.7,-4275.75,-4172.5,-4065.25,-3981.8999999999996,-3952.85,-3942.98
34944,-4177.81982421875,123.15558624267578,95.14934539794922,119.0468510219029,-4177.81982421875,-4172.5,157.58486938476562,-4540.36,-4484.3,-4342.7,-4275.75,-4172.5,-4070.5,-3983.0,-3954.9,-3942.98
35035,-4181.65966796875,122.92276000976562,95.13949584960938,118.51418086460659,-4181.66015625,-4182.0,157.1280517578125,-4540.36,-4484.3,-4352.9,-4278.0,-4182.0,-4071.25,-3983.4,-3957.85,-3942.98
35126,-4185.5,122.67295837402344,95.12505340576172,117.91314152308873,-4185.5,-4182.0,156.21731567382812,-4540.36,-4484.3,-4388.0,-4278.5,-4182.0,-4076.5,-3986.7,-3959.9,-3951.8
35217,-4190.759765625,122.41634368896484,95.09492492675781,117.35005841936383,-4190.759765625,-4202.0,155.81875610351562,-4540.36,-4490.15,-4388.0,-4281.25,-4202.0,-4076.5,-3990.0,-3959.9,-3951.8
35308,-4196.31982421875,122.14140319824219,95.04911804199219,116.77209581647601,-4196.31982421875,-4204.0,156.3955078125,-4540.36,-4490.15,-4389.7,-4282.5,-4204.0,-4076.5,-3999.0,-3973.2,-3951.8
35399,-4200.5400390625,121.89134979248047,95.03516387939453,116.18115888323102,-4200.5400390625,-4204.0,156.91299438476562,-4540.48,-4497.5,-4389.7,-4299.5,-4204.0,-4076.5,-4005.4,-3977.8,-3951.8
35490,-4205.5400390625,121.63489532470703,95.01393127441406,115.59369223458427,-4205.5400390625,-4204.0,155.78846740722656,-4540.48,-4507.7,-4406.6,-4308.25,-4204.0,-4078.5,-4012.6,-3977.8,-3956.7000000000003
35581,-4210.259765625,121.394287109375,94.99435424804688,115.0306418282645,-4210.259765625,-4205.5,155.97100830078125,-4540.48,-4507.7,-4421.5,-4313.25,-4205.5,-4080.0,-4015.8,-3983.7,-3956.7000000000003
35672,-4214.43994140625,121.1441879272461,94.96807861328125,114.4800534929548,-4214.43994140625,-4210.0,155.76158142089844,-4540.48,-4507.7,-4421.5,-4321.0,-4210.0,-4103.75,-4027.7,-3983.7,-3956.7000000000003
35763,-4219.19970703125,120.90104675292969,94.94552612304688,113.92246682303292,-4219.2001953125,-4211.0,153.6719207763672,-4540.48,-4507.7,-4424.3,-4324.75,-4211.0,-4112.25,-4035.2999999999997,-3989.5,-3956.7000000000003
35854,-4222.23974609375,120.65357971191406,94.92981719970703,113.33288465227399,-4222.240234375,-4211.0,155.3876495361328,-4541.08,-4513.4,-4444.1,-4334.5,-4211.0,-4113.0,-4036.9,-3989.5,-3956.7000000000003
35945,-4224.43994140625,120.4051742553711,94.90129852294922,112.7808107648577,-4224.43994140625,-4211.0,154.12937927246094,-4541.08,-4513.8,-4444.1,-4334.5,-4211.0,-4116.75,-4036.9,-3997.1,-3961.42
36036,-4227.1201171875,120.17453002929688,94.89588165283203,112.2120110648019,-4227.1201171875,-4213.5,152.8447723388672,-4541.08,-4514.05,-4444.1,-4334.5,-4213.5,-4122.25,-4036.9,-4003.7,-3961.42
36127,-4231.19970703125,119.94637298583984,94.87670135498047,111.6506587437221,-4231.2001953125,-4222.5,153.1091766357422,-4571.74,-4534.05,-4444.1,-4334.5,-4222.5,-4122.25,-4048.1,-4026.8,-3968.28
36218,-4236.0400390625,119.72826385498047,94.85778045654297,111.11851610456195,-4236.0400390625,-4229.0,152.5607452392578,-4571.74,-4534.05,-4454.1,-4334.5,-4229.0,-4122.25,-4067.0,-4032.5,-3970.2400000000002
36309,-4243.43994140625,119.42648315429688,94.78514099121094,110.52616228376117,-4243.43994140625,-4237.5,153.2862091064453,-4577.62,-4534.4,-4455.0,-4342.0,-4237.5,-4126.0,-4068.9,-4032.9500000000003,-3979.0600000000004
36400,-4247.14013671875,119.21965789794922,94.78799438476562,109.97429765973773,-4247.14013671875,-4237.5,153.04954528808594,-4577.62,-4551.05,-4455.0,-4342.0,-4237.5,-4131.5,-4068.9,-4032.9500000000003,-4002.5800000000004
36491,-4250.64013671875,119.00882720947266,94.78498077392578,109.43289293561664,-4250.64013671875,-4239.5,153.07504272460938,-4582.52,-4571.25,-4455.0,-4342.0,-4239.5,-4131.5,-4068.9,-4032.9500000000003,-4003.42
36582,-4255.9599609375,118.75672149658203,94.74813079833984,108.86972154889789,-4255.9599609375,-4251.5,155.78555297851562,-4618.12,-4571.55,-4455.0,-4342.0,-4251.5,-4131.5,-4077.9,-4032.9500000000003,-4003.42
36673,-4261.06005859375,118.50592803955078,94.70782470703125,108.29924665178571,-4261.06005859375,-4260.5,155.7952880859375,-4618.12,-4571.55,-4455.0,-4347.25,-4260.5,-4143.5,-4077.9,-4032.9500000000003,-4003.42
36764,-4265.080078125,118.2702865600586,94.67736053466797,107.72721317836216,-4265.080078125,-4263.5,155.69769287109375,-4618.22,-4571.55,-4460.3,-4360.0,-4263.5,-4143.5,-4083.5,-4032.9500000000003,-4003.42
36855,-4268.85986328125,118.05603790283203,94.67059326171875,107.17400578090123,-4268.85986328125,-4269.5,154.22398376464844,-4618.22,-4571.55,-4473.1,-4360.0,-4269.5,-4148.75,-4090.9,-4039.7,-4015.1800000000003
36946,-4273.419921875,117.7968521118164,94.61626434326172,106.59877559116909,-4273.419921875,-4276.5,154.74961853027344,-4618.22,-4571.55,-4473.1,-4360.5,-4276.5,-4148.75,-4091.0,-4059.2,-4015.1800000000003
37037,-4278.60009765625,117.58431243896484,94.61386108398438,106.0280511038644,-4278.60009765625,-4278.0,154.9972381591797,-4618.22,-4572.65,-4483.4,-4360.5,-4278.0,-4155.0,-4107.2,-4059.6,-4015.1800000000003
37128,-4282.85986328125,117.33209991455078,94.57288360595703,105.46976688929966,-4282.85986328125,-4278.0,156.18643188476562,-4622.14,-4604.05,-4483.4,-4360.5,-4278.0,-4155.75,-4109.9,-4075.2,-4015.1800000000003
37219,-4286.10009765625,117.12797546386719,94.57921600341797,104.90762874058315,-4286.10009765625,-4282.0,155.7705078125,-4622.14,-4605.05,-4483.4,-4360.5,-4282.0,-4159.75,-4109.9,-4075.2,-4040.6600000000003
37310,-4291.89990234375,116.88260650634766,94.54236602783203,104.3545663016183,-4291.89990234375,-4298.5,156.59823608398438,-4626.06,-4605.65,-4504.7,-4360.5,-4298.5,-4163.75,-4111.8,-4075.2,-4040.6600000000003
37401,-4294.27978515625,116.67870330810547,94.54527282714844,103.7928946358817,-4294.27978515625,-4298.5,154.78753662109375,-4626.06,-4605.65,-4504.7,-4366.5,-4298.5,-4179.75,-4111.8,-4075.2,-4040.6600000000003
37492,-4297.7197265625,116.486572265625,94.55838775634766,103.24896240234375,-4297.72021484375,-4299.0,154.97412109375,-4626.06,-4605.65,-4504.7,-4366.5,-4299.0,-4179.75,-4114.7,-4075.2,-4040.98
37583,-4302.47998046875,116.27083587646484,94.54508972167969,102.71615273611886,-4302.47998046875,-4300.0,152.7313690185547,-4626.06,-4605.65,-4504.7,-4366.5,-4300.0,-4192.75,-4122.5,-4075.2,-4040.98
37674,-4308.83984375,116.0890121459961,94.57113647460938,102.160886492048,-4308.83984375,-4300.5,152.52748107910156,-4636.54,-4618.05,-4520.3,-4406.25,-4300.5,-4207.25,-4124.8,-4080.9,-4040.98
37765,-4312.580078125,115.8643798828125,94.55033874511719,101.58715711321149,-4312.580078125,-4300.5,152.90940856933594,-4636.54,-4618.05,-4525.9,-4406.25,-4300.5,-4207.25,-4124.8,-4090.95,-4040.98
37856,-4315.47998046875,115.6884994506836,94.56327819824219,101.06358882359096,-4315.47998046875,-4310.0,153.63043212890625,-4656.14,-4618.05,-4525.9,-4406.25,-4310.0,-4207.25,-4124.8,-4093.85,-4040.98
37947,-4318.56005859375,115.48600769042969,94.56785583496094,100.50154767717633,-4318.56005859375,-4315.5,154.21966552734375,-4663.08,-4618.5,-4525.9,-4407.0,-4315.5,-4207.25,-4124.8,-4097.8,-4040.98
38038,-4323.43994140625,115.25871276855469,94.53803253173828,99.92771693638393,-4323.43994140625,-4325.5,151.04710388183594,-4663.08,-4628.8,-4525.9,-4408.5,-4325.5,-4208.0,-4135.7,-4109.4,-4071.82
38129,-4328.419921875,115.063720703125,94.53435516357422,99.3841062273298,-4328.419921875,-4330.0,150.46795654296875,-4663.08,-4628.8,-4530.9,-4416.0,-4330.0,-4208.0,-4145.8,-4118.9,-4071.82
38220,-4333.080078125,114.86119079589844,94.52118682861328,98.84927041190011,-4333.080078125,-4330.5,150.71566772460938,-4663.08,-4628.8,-4530.9,-4425.5,-4330.5,-4208.0,-4154.5,-4132.25,-4071.82
38311,-4336.9599609375,114.63455963134766,94.48969268798828,98.3051005772182,-4336.9599609375,-4335.0,150.62196350097656,-4667.38,-4628.8,-4530.9,-4432.5,-4335.0,-4221.25,-4159.5,-4132.25,-4071.82
38402,-4340.9599609375,114.4316177368164,94.48802947998047,97.7344491141183,-4340.9599609375,-4336.0,149.0777587890625,-4667.38,-4632.6,-4530.9,-4434.5,-4336.0,-4226.25,-4164.0,-4132.25,-4071.82
38493,-4345.33984375,114.2293930053711,94.48020935058594,97.16963849748883,-4345.33984375,-4338.5,150.54376220703125,-4686.68,-4644.95,-4539.9,-4434.5,-4338.5,-4226.25,-4164.0,-4132.75,-4100.42
38584,-4348.419921875,114.0301742553711,94.48615264892578,96.59679739815849,-4348.419921875,-4338.5,149.72308349609375,-4686.68,-4644.95,-4539.9,-4434.5,-4338.5,-4236.75,-4169.9,-4135.85,-4100.42
38675,-4350.60009765625,113.82547760009766,94.47130584716797,96.04162924630302,-4350.60009765625,-4338.5,148.90365600585938,-4686.68,-4644.95,-4540.8,-4434.5,-4338.5,-4243.0,-4169.9,-4135.85,-4100.42
38766,-4352.419921875,113.63227844238281,94.4703598022461,95.4890888759068,-4352.419921875,-4339.0,148.70643615722656,-4686.68,-4644.95,-4540.8,-4446.5,-4339.0,-4243.0,-4169.9,-4135.85,-4100.42
38857,-4357.580078125,113.42227172851562,94.44867706298828,94.94970158168248,-4357.580078125,-4339.0,147.67681884765625,-4686.68,-4663.2,-4540.8,-4446.5,-4339.0,-4260.5,-4174.0,-4145.35,-4127.46
38948,-4361.6796875,113.21318054199219,94.42329406738281,94.39726257324219,-4361.68017578125,-4343.5,147.84072875976562,-4686.68,-4663.2,-4576.4,-4453.0,-4343.5,-4267.5,-4180.3,-4145.35,-4127.46
39039,-4364.7197265625,113.0364990234375,94.42440795898438,93.86980765206474,-4364.72021484375,-4352.0,148.02114868164062,-4701.38,-4667.35,-4576.4,-4453.0,-4352.0,-4273.25,-4185.5,-4145.35,-4127.46
39130,-4366.759765625,112.82146453857422,94.39617156982422,93.31758880615234,-4366.759765625,-4358.5,148.0751190185547,-4701.38,-4674.05,-4576.4,-4453.0,-4358.5,-4273.25,-4186.9,-4145.35,-4127.46
39221,-4371.759765625,112.62081909179688,94.38391876220703,92.76231602260044,-4371.759765625,-4360.0,149.2747802734375,-4701.38,-4675.2,-4576.4,-4462.5,-4360.0,-4276.25,-4186.9,-4148.85,-4129.42
39312,-4374.7197265625,112.45980072021484,94.40696716308594,92.22772761753627,-4374.72021484375,-4360.0,149.0956268310547,-4701.38,-4675.2,-4576.4,-4473.0,-4360.0,-4276.25,-4190.8,-4148.95,-4129.42
39403,-4378.97998046875,112.29631042480469,94.42298126220703,91.70230865478516,-4378.97998046875,-4365.5,149.71112060546875,-4701.38,-4679.35,-4576.4,-4473.0,-4365.5,-4276.25,-4193.5,-4148.95,-4129.42
39494,-4382.2998046875,112.09601593017578,94.403564453125,91.16748591831752,-4382.2998046875,-4367.0,149.046875,-4701.38,-4679.35,-4576.4,-4473.75,-4367.0,-4287.75,-4193.5,-4173.4,-4129.42
39585,-4387.4599609375,111.96468353271484,94.46101379394531,90.62259674072266,-4387.4599609375,-4369.0,149.17977905273438,-4701.38,-4679.35,-4576.4,-4473.75,-4369.0,-4288.0,-4193.5,-4173.9,-4129.42
39676,-4389.7998046875,111.785400390625,94.45280456542969,90.09510803222656,-4389.7998046875,-4370.5,148.68052673339844,-4707.26,-4679.35,-4576.4,-4477.25,-4370.5,-4293.0,-4193.5,-4183.5,-4129.98
39767,-4393.43994140625,111.56864166259766,94.42802429199219,89.50383540562221,-4393.43994140625,-4387.5,149.27728271484375,-4707.26,-4679.35,-4576.4,-4481.0,-4387.5,-4293.0,-4193.5,-4183.5,-4129.98
39858,-4396.83984375,111.36003875732422,94.39938354492188,88.9745374407087,-4396.83984375,-4395.5,148.97312927246094,-4709.22,-4679.35,-4576.4,-4484.0,-4395.5,-4293.0,-4205.6,-4183.5,-4129.98
39949,-4401.35986328125,111.1550521850586,94.36863708496094,88.41306740897042,-4401.35986328125,-4395.5,147.71786499023438,-4709.22,-4686.15,-4576.4,-4497.25,-4395.5,-4293.0,-4207.8,-4185.95,-4173.12
40040,-4404.10009765625,110.97509765625,94.35517883300781,87.8903078351702,-4404.10009765625,-4397.0,148.30889892578125,-4709.22,-4686.15,-4580.9,-4504.25,-4397.0,-4293.0,-4207.8,-4185.95,-4173.12
40131,-4407.97998046875,110.7919692993164,94.3458251953125,87.3484126499721,-4407.97998046875,-4403.0,149.4365997314453,-4709.46,-4689.05,-4593.3,-4511.75,-4403.0,-4302.0,-4207.8,-4186.95,-4182.92
40222,-4411.69970703125,110.5850830078125,94.3210678100586,86.77583421979632,-4411.7001953125,-4408.0,148.4818115234375,-4709.46,-4690.75,-4593.3,-4514.25,-4408.0,-4308.0,-4207.8,-4193.65,-4182.92
40313,-4415.15966796875,110.43811798095703,94.33708953857422,86.25269535609654,-4415.16015625,-4414.0,147.0055694580078,-4709.46,-4690.75,-4599.6,-4514.25,-4414.0,-4308.0,-4230.3,-4193.65,-4183.12
40404,-4418.6201171875,110.30241394042969,94.35752868652344,85.75516292027065,-4418.6201171875,-4415.5,146.30255126953125,-4709.46,-4690.75,-4601.1,-4520.25,-4415.5,-4308.0,-4240.9,-4207.3,-4184.1
40495,-4420.97998046875,110.07958984375,94.30352783203125,85.22360556466239,-4420.97998046875,-4415.5,146.4045867919922,-4716.32,-4705.1,-4601.1,-4521.5,-4415.5,-4308.0,-4247.4,-4207.3,-4184.14
40586,-4423.8798828125,109.90866088867188,94.30419158935547,84.69429561070034,-4423.8798828125,-4416.5,146.85682678222656,-4732.02,-4705.55,-4601.1,-4525.0,-4416.5,-4317.75,-4247.4,-4207.3,-4184.14
40677,-4427.6201171875,109.73751831054688,94.3126449584961,84.1333247593471,-4427.6201171875,-4416.5,145.4582977294922,-4732.02,-4705.55,-4601.1,-4526.0,-4416.5,-4319.75,-4256.1,-4221.3,-4187.94
40768,-4431.23974609375,109.60195922851562,94.34809875488281,83.60914938790458,-4431.240234375,-4418.0,146.11024475097656,-4732.02,-4705.55,-4639.8,-4526.0,-4418.0,-4322.0,-4259.7,-4221.3,-4187.94
40859,-4433.7197265625,109.45986938476562,94.376708984375,83.08017948695591,-4433.72021484375,-4431.0,146.28541564941406,-4732.02,-4705.55,-4639.8,-4535.0,-4431.0,-4322.0,-4259.7,-4221.3,-4187.94
40950,-4437.81982421875,109.3085708618164,94.38365936279297,82.54290662493024,-4437.81982421875,-4433.5,145.18907165527344,-4732.02,-4705.65,-4639.8,-4535.75,-4433.5,-4332.0,-4259.7,-4221.3,-4187.94
41041,-4441.33984375,109.15233612060547,94.39759826660156,82.00330243791852,-4441.33984375,-4435.0,144.27774047851562,-4733.0,-4705.65,-4639.8,-4537.25,-4435.0,-4340.25,-4262.8,-4229.85,-4187.94
41132,-4445.1201171875,108.9529037475586,94.37440490722656,81.43642098563058,-4445.1201171875,-4437.0,142.74874877929688,-4733.0,-4718.55,-4639.8,-4537.25,-4437.0,-4344.25,-4273.5,-4230.7,-4201.72
41223,-4448.580078125,108.76166534423828,94.33837890625,80.92653002057757,-4448.580078125,-4455.0,143.4288787841797,-4733.08,-4726.15,-4639.8,-4538.75,-4455.0,-4344.25,-4273.7,-4230.7,-4207.6
41314,-4450.56005859375,108.63642120361328,94.37461853027344,80.39637538364956,-4450.56005859375,-4455.0,143.8683624267578,-4737.2,-4726.15,-4639.8,-4543.25,-4455.0,-4344.25,-4273.7,-4230.7,-4207.6
41405,-4453.23974609375,108.45734405517578,94.3606185913086,79.83288138253349,-4453.240234375,-4455.0,143.92623901367188,-4747.02,-4726.15,-4639.8,-4551.0,-4455.0,-4344.25,-4273.7,-4247.8,-4207.6
41496,-4456.6201171875,108.33741760253906,94.41291809082031,79.30135781424386,-4456.6201171875,-4457.5,143.22958374023438,-4748.14,-4729.15,-4639.8,-4551.0,-4457.5,-4347.25,-4273.7,-4247.8,-4207.6
41587,-4460.6796875,108.19275665283203,94.43866729736328,78.74971335274833,-4460.68017578125,-4463.0,142.82086181640625,-4748.14,-4729.15,-4639.8,-4552.0,-4463.0,-4348.75,-4275.8,-4262.05,-4211.52
41678,-4462.52001953125,107.9955062866211,94.4092788696289,78.19734845842633,-4462.52001953125,-4463.0,141.9560089111328,-4748.14,-4729.65,-4639.8,-4552.0,-4463.0,-4348.75,-4289.7,-4262.05,-4211.52
41769,-4465.97998046875,107.83206939697266,94.41747283935547,77.64942278180804,-4465.97998046875,-4463.5,142.7310028076172,-4748.14,-4729.65,-4657.5,-4554.75,-4463.5,-4356.0,-4289.7,-4262.05,-4211.52
41860,-4469.65966796875,107.68561553955078,94.4333724975586,77.08465903145927,-4469.66015625,-4467.5,142.6549072265625,-4755.0,-4729.65,-4657.5,-4567.5,-4467.5,-4356.0,-4295.5,-4262.05,-4211.52
41951,-4472.64013671875,107.52751159667969,94.42960357666016,76.55280194963727,-4472.64013671875,-4469.0,142.66159057617188,-4755.36,-4729.65,-4657.5,-4567.5,-4469.0,-4370.25,-4295.5,-4262.05,-4211.52
42042,-4475.69970703125,107.32903289794922,94.38438415527344,76.02258191789899,-4475.7001953125,-4472.0,141.24139404296875,-4755.36,-4729.65,-4657.5,-4567.5,-4472.0,-4374.25,-4295.5,-4262.05,-4211.52
42133,-4477.73974609375,107.18785858154297,94.40422058105469,75.50538526262555,-4477.740234375,-4472.0,140.4674835205078,-4755.52,-4732.5,-4657.5,-4569.5,-4472.0,-4374.25,-4295.5,-4262.65,-4238.18
42224,-4482.0,107.00585174560547,94.37931823730469,74.97216905866351,-4482.0,-4476.0,141.57591247558594,-4756.5,-4739.8,-4657.5,-4573.5,-4476.0,-4382.5,-4297.8,-4262.65,-4238.18
42315,-4485.4599609375,106.85377502441406,94.38888549804688,74.40370832170758,-4485.4599609375,-4478.0,141.32264709472656,-4781.34,-4739.8,-4657.5,-4573.5,-4478.0,-4392.5,-4298.7,-4262.65,-4238.18
42406,-4488.65966796875,106.74467468261719,94.45085906982422,73.82992444719586,-4488.66015625,-4483.0,141.73983764648438,-4781.34,-4739.8,-4657.5,-4573.5,-4483.0,-4392.5,-4316.3,-4264.9,-4241.12
42497,-4492.23974609375,106.60543823242188,94.46836853027344,73.27077266148159,-4492.240234375,-4490.5,142.30868530273438,-4781.34,-4739.85,-4702.0,-4573.5,-4490.5,-4396.5,-4320.7,-4264.9,-4241.12
42588,-4494.60009765625,106.46179962158203,94.4692153930664,72.71953364780971,-4494.60009765625,-4494.0,141.03836059570312,-4781.34,-4739.85,-4703.5,-4576.0,-4494.0,-4396.5,-4320.7,-4286.8,-4258.26
42679,-4497.6201171875,106.28941345214844,94.44990539550781,72.1663796561105,-4497.6201171875,-4494.0,142.1351318359375,-4781.38,-4739.85,-4703.5,-4587.5,-4494.0,-4396.5,-4320.7,-4286.9,-4258.26
42770,-4501.10009765625,106.15866088867188,94.4705810546875,71.64220646449498,-4501.10009765625,-4495.0,141.08128356933594,-4781.38,-4739.85,-4708.3,-4598.0,-4495.0,-4400.75,-4320.7,-4287.25,-4258.26
42861,-4504.43994140625,105.98126220703125,94.44686126708984,71.08763776506696,-4504.43994140625,-4495.0,141.060791015625,-4781.38,-4740.2,-4708.3,-4598.25,-4495.0,-4400.75,-4320.9,-4292.75,-4258.26
42952,-4507.080078125,105.76641845703125,94.38926696777344,70.53940800258091,-4507.080078125,-4499.5,140.39675903320312,-4781.38,-4740.25,-4708.3,-4598.25,-4499.5,-4400.75,-4321.9,-4292.75,-4272.02
43043,-4508.5400390625,105.60870361328125,94.3825912475586,69.94862038748605,-4508.5400390625,-4501.0,140.0687255859375,-4781.46,-4740.25,-4708.3,-4598.25,-4501.0,-4407.25,-4321.9,-4292.8,-4272.14
43134,-4510.10009765625,105.45496368408203,94.37670135498047,69.40697043282645,-4510.10009765625,-4504.0,139.9676055908203,-4781.46,-4745.0,-4708.3,-4598.25,-4504.0,-4407.25,-4321.9,-4292.8,-4272.14
43225,-4512.4599609375,105.21446990966797,94.29706573486328,68.83407919747489,-4512.4599609375,-4506.5,141.99903869628906,-4811.7,-4754.5,-4712.2,-4598.25,-4506.5,-4411.75,-4321.9,-4292.8,-4272.14
43316,-4515.73974609375,105.1156234741211,94.3474349975586,68.2515618460519,-4515.740234375,-4508.0,140.8557891845703,-4811.7,-4754.5,-4723.8,-4602.25,-4508.0,-4417.25,-4338.9,-4313.9,-4272.14
43407,-4517.259765625,104.97074890136719,94.3417739868164,67.73348018101284,-4517.259765625,-4508.5,141.35739135742188,-4811.7,-4761.6,-4723.8,-4603.25,-4508.5,-4417.25,-4338.9,-4313.9,-4272.14
43498,-4520.85986328125,104.85895538330078,94.39537048339844,67.14367566789899,-4520.85986328125,-4510.0,140.77769470214844,-4811.7,-4762.55,-4723.8,-4604.75,-4510.0,-4428.5,-4348.2,-4317.65,-4286.84
43589,-4523.6201171875,104.70268249511719,94.39086151123047,66.5688945225307,-4523.6201171875,-4510.0,140.97076416015625,-4811.7,-4762.55,-4726.5,-4612.0,-4510.0,-4430.75,-4348.2,-4317.65,-4286.84
43680,-4526.23974609375,104.58676147460938,94.43585968017578,66.0291519165039,-4526.240234375,-4514.5,140.41738891601562,-4811.7,-4762.6,-4726.5,-4623.75,-4514.5,-4443.25,-4349.9,-4319.55,-4286.84
43771,-4528.919921875,104.39030456542969,94.38916015625,65.43749564034599,-4528.919921875,-4519.0,140.07859802246094,-4811.7,-4765.45,-4726.5,-4623.75,-4519.0,-4447.0,-4349.9,-4321.45,-4286.84
43862,-4533.02001953125,104.31427764892578,94.46499633789062,64.85241045270648,-4533.02001953125,-4520.5,139.2496337890625,-4811.7,-4765.45,-4726.5,-4630.25,-4520.5,-4447.0,-4359.9,-4321.45,-4291.860000000001
43953,-4535.4599609375,104.25570678710938,94.56352233886719,64.26296615600586,-4535.4599609375,-4525.5,139.3855438232422,-4811.7,-4765.6,-4726.5,-4631.75,-4525.5,-4447.0,-4360.1,-4321.45,-4291.860000000001
44044,-4538.06005859375,104.10248565673828,94.55335998535156,63.69602911812918,-4538.06005859375,-4528.5,138.2887420654297,-4811.7,-4767.5,-4726.5,-4631.75,-4528.5,-4449.25,-4361.0,-4321.55,-4298.72
44135,-4541.27978515625,104.02550506591797,94.63336181640625,63.08787046160017,-4541.27978515625,-4533.5,138.9188995361328,-4811.7,-4767.65,-4728.0,-4631.75,-4533.5,-4449.25,-4361.0,-4321.55,-4298.88
44226,-4545.06005859375,103.89537048339844,94.64795684814453,62.52685546875,-4545.06005859375,-4536.5,139.17002868652344,-4811.7,-4776.25,-4728.0,-4642.25,-4536.5,-4450.0,-4361.0,-4336.85,-4304.76
44317,-4546.35986328125,103.75621795654297,94.64950561523438,61.97789055960519,-4546.35986328125,-4536.5,138.5843048095703,-4811.7,-4776.25,-4740.9,-4642.25,-4536.5,-4450.0,-4363.7,-4342.55,-4315.54
44408,-4549.65966796875,103.57898712158203,94.60541534423828,61.386076245989116,-4549.66015625,-4538.5,139.5323028564453,-4811.7,-4776.35,-4740.9,-4649.25,-4538.5,-4450.0,-4364.0,-4351.55,-4315.54
44499,-4552.419921875,103.44219970703125,94.61328125,60.81831686837332,-4552.419921875,-4540.0,139.6134796142578,-4817.82,-4776.35,-4740.9,-4654.0,-4540.0,-4456.75,-4370.3,-4360.55,-4315.54
44590,-4557.81982421875,103.25971221923828,94.56551361083984,60.25817053658621,-4557.81982421875,-4549.0,139.7205352783203,-4845.26,-4782.05,-4740.9,-4670.5,-4549.0,-4462.0,-4370.3,-4360.55,-4315.54
44681,-4559.419921875,103.22174072265625,94.65741729736328,59.6796624319894,-4559.419921875,-4554.0,139.4421844482422,-4845.26,-4782.05,-4740.9,-4673.5,-4554.0,-4462.0,-4374.6,-4360.55,-4315.54
44772,-4561.93994140625,103.11530303955078,94.6771240234375,59.13534600394113,-4561.93994140625,-4554.0,138.552001953125,-4845.26,-4783.65,-4740.9,-4673.5,-4554.0,-4471.5,-4378.6,-4360.55,-4331.22
44863,-4564.259765625,103.05390167236328,94.74742889404297,58.61476189749582,-4564.259765625,-4560.0,139.1936492919922,-4845.26,-4788.4,-4741.3,-4675.25,-4560.0,-4471.5,-4378.6,-4360.55,-4331.22
44954,-4567.23974609375,102.98299407958984,94.81537628173828,58.048745836530415,-4567.240234375,-4560.0,138.86338806152344,-4845.26,-4788.4,-4742.4,-4678.5,-4560.0,-4476.75,-4378.6,-4360.55,-4331.22
45045,-4570.97998046875,102.87754821777344,94.86356353759766,57.417692456926616,-4570.97998046875,-4564.0,137.72894287109375,-4849.26,-4788.4,-4742.4,-4678.5,-4564.0,-4484.75,-4386.2,-4360.55,-4331.38
45136,-4572.85986328125,102.79165649414062,94.91036987304688,56.84718758719308,-4572.85986328125,-4566.0,137.6957550048828,-4853.18,-4788.4,-4743.0,-4678.5,-4566.0,-4489.25,-4386.2,-4360.55,-4339.22
45227,-4575.6796875,102.63760375976562,94.89266967773438,56.22960935320173,-4575.68017578125,-4566.0,137.48670959472656,-4853.18,-4789.2,-4743.0,-4680.75,-4566.0,-4489.25,-4405.0,-4363.4,-4339.42
45318,-4577.85986328125,102.5644760131836,94.95899963378906,55.62935420445034,-4577.85986328125,-4570.5,136.98919677734375,-4853.18,-4789.2,-4743.0,-4687.25,-4570.5,-4489.25,-4406.5,-4363.4,-4339.62
45409,-4580.33984375,102.4366683959961,94.96501922607422,55.02216175624302,-4580.33984375,-4577.5,136.8090057373047,-4857.1,-4789.2,-4743.0,-4687.25,-4577.5,-4489.75,-4406.5,-4363.4,-4339.62
45500,-4582.080078125,102.38605499267578,95.05329132080078,54.40314374651228,-4582.080078125,-4579.0,136.3658905029297,-4857.1,-4789.2,-4743.0,-4688.0,-4579.0,-4492.25,-4406.5,-4372.55,-4344.52
45591,-4584.06005859375,102.2697525024414,95.05977630615234,53.82540948050363,-4584.06005859375,-4580.0,134.55235290527344,-4857.1,-4789.2,-4743.0,-4688.0,-4580.0,-4496.75,-4408.3,-4372.55,-4345.16
45682,-4586.10009765625,102.10208892822266,95.03075408935547,53.178005763462615,-4586.10009765625,-4585.5,134.85655212402344,-4862.26,-4798.7,-4755.6,-4688.5,-4585.5,-4503.5,-4408.3,-4372.75,-4345.16
45773,-4587.77978515625,102.0560531616211,95.12935638427734,52.57157189505441,-4587.77978515625,-4587.5,134.19244384765625,-4862.26,-4798.7,-4755.6,-4688.5,-4587.5,-4503.5,-4417.3,-4374.65,-4345.16
45864,-4589.259765625,101.97917938232422,95.19546508789062,51.95873369489397,-4589.259765625,-4588.5,134.41558837890625,-4862.26,-4798.7,-4755.6,-4692.0,-4588.5,-4503.5,-4420.9,-4374.65,-4345.16
45955,-4591.7197265625,101.83335876464844,95.19140625,51.30898012433733,-4591.72021484375,-4595.0,134.43594360351562,-4862.26,-4812.1,-4755.6,-4694.0,-4595.0,-4503.5,-4420.9,-4377.85,-4358.88
46046,-4593.81982421875,101.73641204833984,95.22259521484375,50.70637512207031,-4593.81982421875,-4597.0,135.0584716796875,-4862.34,-4814.0,-4755.8,-4707.25,-4597.0,-4503.5,-4420.9,-4377.85,-4362.8
46137,-4596.0400390625,101.66754150390625,95.2771224975586,50.09375490461077,-4596.0400390625,-4597.0,134.24462890625,-4862.62,-4814.0,-4755.8,-4707.75,-4597.0,-4503.5,-4421.599999999999,-4377.85,-4362.8
46228,-4598.65966796875,101.56005859375,95.30268096923828,49.46655872889927,-4598.66015625,-4600.0,133.94142150878906,-4866.54,-4814.0,-4755.8,-4708.5,-4600.0,-4511.5,-4421.599999999999,-4377.85,-4362.8
46319,-4601.06005859375,101.46399688720703,95.35433197021484,48.78386034284319,-4601.06005859375,-4601.0,134.57762145996094,-4888.22,-4814.0,-4774.4,-4708.5,-4601.0,-4517.75,-4421.599999999999,-4387.95,-4362.8
46410,-4603.31982421875,101.33317565917969,95.35022735595703,48.153372628348215,-4603.31982421875,-4602.5,134.3818359375,-4888.22,-4814.0,-4774.4,-4712.25,-4602.5,-4518.5,-4423.0,-4390.85,-4362.8
46501,-4604.60009765625,101.24906158447266,95.39128875732422,47.486572810581755,-4604.60009765625,-4606.0,134.30703735351562,-4888.22,-4814.1,-4774.4,-4712.25,-4606.0,-4518.5,-4428.4,-4390.85,-4362.8
46592,-4606.65966796875,101.19524383544922,95.46096801757812,46.91547557285854,-4606.66015625,-4611.0,133.9447021484375,-4888.22,-4814.1,-4774.4,-4712.25,-4611.0,-4518.5,-4428.4,-4392.9,-4372.6
46683,-4608.65966796875,101.07112884521484,95.47801971435547,46.205387115478516,-4608.66015625,-4614.0,134.27175903320312,-4888.22,-4814.1,-4781.9,-4714.0,-4614.0,-4520.75,-4428.4,-4392.9,-4372.6
46774,-4610.23974609375,100.99960327148438,95.52769470214844,45.549526759556365,-4610.240234375,-4619.5,134.38035583496094,-4898.02,-4816.15,-4781.9,-4714.0,-4619.5,-4520.75,-4434.4,-4392.9,-4372.6
46865,-4611.6201171875,100.88488006591797,95.53793334960938,44.86291285923549,-4611.6201171875,-4620.0,134.41278076171875,-4898.02,-4816.15,-4782.1,-4714.0,-4620.0,-4520.75,-4434.6,-4392.9,-4372.6
46956,-4614.06005859375,100.8666763305664,95.64550018310547,44.1905882699149,-4614.06005859375,-4621.0,133.48324584960938,-4898.02,-4819.35,-4789.3,-4714.0,-4621.0,-4526.5,-4438.2,-4392.9,-4372.6
47047,-4615.64013671875,100.83269500732422,95.73918151855469,43.517245701381135,-4615.64013671875,-4623.0,133.1492919921875,-4898.02,-4819.55,-4789.3,-4714.0,-4623.0,-4526.5,-4438.2,-4392.9,-4372.76
47138,-4618.6201171875,100.7582778930664,95.79682159423828,42.885611397879465,-4618.6201171875,-4625.0,132.34091186523438,-4898.02,-4819.85,-4789.6,-4714.0,-4625.0,-4528.5,-4438.2,-4396.8,-4372.84
47229,-4621.14013671875,100.64215087890625,95.80781555175781,42.229518345424104,-4621.14013671875,-4625.0,131.56808471679688,-4898.02,-4823.65,-4789.6,-4720.25,-4625.0,-4528.5,-4456.2,-4396.85,-4373.52
47320,-4623.06005859375,100.67459869384766,95.95598602294922,41.631382533482146,-4623.06005859375,-4626.0,131.1599578857422,-4898.34,-4823.75,-4793.2,-4724.75,-4626.0,-4530.75,-4456.2,-4406.0,-4392.14
47411,-4625.31982421875,100.58753204345703,96.00726318359375,40.87671661376953,-4625.31982421875,-4627.5,131.3416748046875,-4898.34,-4829.45,-4793.2,-4724.75,-4627.5,-4533.5,-4456.2,-4406.0,-4392.14
47502,-4626.83984375,100.61296081542969,96.15391540527344,40.25704574584961,-4626.83984375,-4632.5,130.99905395507812,-4898.34,-4835.15,-4793.2,-4724.75,-4632.5,-4533.5,-4456.7,-4406.0,-4392.14
47593,-4629.2998046875,100.51117706298828,96.18012237548828,39.48014450073242,-4629.2998046875,-4635.0,131.31051635742188,-4898.34,-4838.05,-4793.2,-4732.25,-4635.0,-4534.0,-4457.0,-4406.0,-4392.14
47684,-4630.83984375,100.45655822753906,96.25067138671875,38.78510611397879,-4630.83984375,-4635.5,131.7863311767578,-4898.34,-4838.05,-4795.0,-4736.5,-4635.5,-4535.5,-4460.599999999999,-4406.0,-4392.14
47775,-4633.27978515625,100.43622589111328,96.35285186767578,38.09539903913225,-4633.27978515625,-4636.5,130.46173095703125,-4898.38,-4838.15,-4795.0,-4736.5,-4636.5,-4536.75,-4461.2,-4406.0,-4392.46
47866,-4634.73974609375,100.37432861328125,96.41742706298828,37.287976946149556,-4634.740234375,-4638.0,130.59767150878906,-4898.7,-4838.4,-4795.0,-4736.5,-4638.0,-4536.75,-4461.2,-4415.5,-4392.46
47957,-4636.15966796875,100.44044494628906,96.6028060913086,36.613216400146484,-4636.16015625,-4647.0,130.5240020751953,-4898.7,-4838.6,-4795.0,-4736.5,-4647.0,-4542.0,-4461.2,-4415.5,-4392.46
48048,-4638.14013671875,100.46691131591797,96.7337875366211,35.99062292916434,-4638.14013671875,-4647.5,130.35736083984375,-4898.82,-4844.3,-4795.0,-4738.75,-4647.5,-4545.5,-4461.9,-4415.5,-4392.46
48139,-4639.69970703125,100.51393127441406,96.91336822509766,35.164107186453684,-4639.7001953125,-4647.5,130.0926055908203,-4900.78,-4845.25,-4804.0,-4738.75,-4647.5,-4545.5,-4464.8,-4421.2,-4392.46
48230,-4641.15966796875,100.64018249511719,97.15435028076172,34.480497632707866,-4641.16015625,-4649.5,130.22300720214844,-4902.74,-4845.75,-4804.0,-4741.25,-4649.5,-4545.5,-4465.0,-4421.8,-4392.46
48321,-4642.8798828125,100.6261215209961,97.25383758544922,33.758658272879465,-4642.8798828125,-4649.5,129.47079467773438,-4902.74,-4846.7,-4804.0,-4741.25,-4649.5,-4554.0,-4465.0,-4423.7,-4396.46
48412,-4644.259765625,100.68545532226562,97.4327621459961,32.94320133754185,-4644.259765625,-4652.5,129.58314514160156,-4902.74,-4854.3,-4804.0,-4741.25,-4652.5,-4554.0,-4465.0,-4423.7,-4396.46
48503,-4646.23974609375,100.71998596191406,97.59379577636719,32.12092590332031,-4646.240234375,-4652.5,129.68777465820312,-4904.7,-4860.25,-4804.0,-4742.25,-4652.5,-4557.75,-4466.8,-4423.8,-4396.46
48594,-4647.5400390625,100.74207305908203,97.74427032470703,31.36525453839983,-4647.5400390625,-4653.0,129.11129760742188,-4904.78,-4860.3,-4804.0,-4742.25,-4653.0,-4557.75,-4466.8,-4429.5,-4396.46
48685,-4649.3798828125,100.84105682373047,97.95880126953125,30.586693627493723,-4649.3798828125,-4655.5,129.1961212158203,-4904.78,-4868.05,-4804.0,-4742.25,-4655.5,-4558.5,-4468.6,-4431.4,-4396.46
48776,-4651.6796875,100.80316925048828,98.04354858398438,29.74003001621791,-4651.68017578125,-4657.0,129.62452697753906,-4904.78,-4868.75,-4808.3,-4744.0,-4657.0,-4564.25,-4468.6,-4437.1,-4396.46
48867,-4653.35986328125,100.95700073242188,98.3209457397461,28.97391836983817,-4653.35986328125,-4657.0,129.74147033691406,-4904.78,-4868.75,-4812.1,-4747.75,-4657.0,-4564.25,-4468.6,-4439.25,-4396.46
48958,-4654.2998046875,101.17311096191406,98.6568832397461,28.170037950788224,-4654.2998046875,-4657.0,129.86520385742188,-4904.78,-4868.75,-4812.1,-4748.5,-4657.0,-4564.25,-4468.6,-4443.05,-4396.46
49049,-4655.47998046875,101.2915267944336,98.91156768798828,27.21278054373605,-4655.47998046875,-4657.0,129.93409729003906,-4906.74,-4868.75,-4816.6,-4748.5,-4657.0,-4565.75,-4468.6,-4451.6,-4396.46
49140,-4657.02001953125,101.38968658447266,99.13338470458984,26.28926031930106,-4657.02001953125,-4657.0,130.39454650878906,-4906.82,-4872.55,-4818.4,-4752.25,-4657.0,-4573.0,-4473.5,-4451.6,-4398.42
49231,-4659.1201171875,101.56707000732422,99.4271469116211,25.372729982648575,-4659.1201171875,-4657.0,129.6875,-4906.82,-4872.55,-4824.7,-4752.25,-4657.0,-4573.75,-4491.3,-4457.3,-4398.42
49322,-4660.259765625,101.60868835449219,99.58642578125,24.538834163120814,-4660.259765625,-4657.0,129.5147705078125,-4906.82,-4872.55,-4831.9,-4755.0,-4657.0,-4575.0,-4493.099999999999,-4457.55,-4398.42
49413,-4661.73974609375,101.79329681396484,99.89579010009766,23.509545734950475,-4661.740234375,-4657.0,129.8197021484375,-4906.82,-4872.55,-4837.3,-4758.0,-4657.0,-4576.5,-4493.099999999999,-4457.65,-4398.42
49504,-4663.080078125,102.08786010742188,100.30343627929688,22.613910675048828,-4663.080078125,-4660.0,129.6282958984375,-4906.82,-4872.55,-4837.3,-4758.0,-4660.0,-4578.75,-4493.7,-4457.95,-4398.42
49595,-4665.14013671875,102.23918151855469,100.58187103271484,21.581350599016464,-4665.14013671875,-4662.5,129.6033935546875,-4908.78,-4872.55,-4837.3,-4758.25,-4662.5,-4580.5,-4493.7,-4460.35,-4398.42
49686,-4667.52001953125,102.73735046386719,101.19612884521484,20.58499472481864,-4667.52001953125,-4663.5,129.22225952148438,-4908.78,-4872.55,-4837.3,-4758.25,-4663.5,-4580.5,-4494.7,-4464.15,-4412.14
49777,-4669.259765625,103.1494369506836,101.73314666748047,19.634606225149973,-4669.259765625,-4666.0,129.02259826660156,-4908.78,-4872.55,-4837.3,-4759.5,-4666.0,-4581.25,-4498.8,-4464.15,-4421.9400000000005
49868,-4670.7197265625,103.71154022216797,102.41980743408203,18.676170894077845,-4670.72021484375,-4666.0,129.39930725097656,-4908.78,-4872.55,-4837.3,-4761.75,-4666.0,-4581.25,-4498.8,-4464.15,-4421.9400000000005
49959,-4671.580078125,104.28453063964844,103.11229705810547,17.765291213989258,-4671.580078125,-4666.0,129.48716735839844,-4908.78,-4873.05,-4837.3,-4764.5,-4666.0,-4581.5,-4498.8,-4464.15,-4421.9400000000005
