step,best_fitness,avg_hamming,avg_l1,avg_entropy,mean,median,std,2%,5%,10%,25%,50%,75%,90%,95%,98%
91,-0.5278533101081848,255.9123992919922,16.380718231201172,353.9800763811384,0.5278533697128296,0.5281291306018829,0.006624939385801554,0.5128956687450409,0.5161951512098313,0.5202717244625091,0.5235907584428787,0.5281291306018829,0.5327039361000061,0.5358568787574768,0.5386754184961319,0.5397796583175659
182,-0.5315372347831726,255.80189514160156,18.12171745300293,353.6859566824777,0.5315372347831726,0.5311248004436493,0.006519338581711054,0.5192087948322296,0.5219235062599182,0.5237916827201843,0.5270598381757736,0.5311248004436493,0.5350888669490814,0.5403688371181488,0.5428801238536834,0.5448940896987915
273,-0.533801257610321,255.6707000732422,19.679222106933594,353.37252371651783,0.533801257610321,0.5332492589950562,0.006745670456439257,0.5219611465930939,0.5235799729824067,0.5254465579986572,0.5286547541618347,0.5332492589950562,0.5388875007629395,0.5428972959518432,0.5450771033763886,0.5458672642707825
364,-0.535295307636261,255.5161895751953,21.12572479248047,353.03602818080356,0.535295307636261,0.5349028706550598,0.006239228416234255,0.5249641180038452,0.52537322640419,0.527763956785202,0.5312699675559998,0.5349028706550598,0.5392586886882782,0.5436691761016845,0.5454704344272614,0.547405149936676
455,-0.5364694595336914,255.34017944335938,22.46977424621582,352.6767011369978,0.5364693999290466,0.5359327793121338,0.0063930694013834,0.5252037847042084,0.5262228459119797,0.5278254747390747,0.5322634428739548,0.5359327793121338,0.5409451127052307,0.5454637289047242,0.5459508240222931,0.547405149936676
546,-0.5380648970603943,255.14202880859375,23.759572982788086,352.294669015067,0.5380648970603943,0.5376627147197723,0.006676408462226391,0.527072571516037,0.5278158754110336,0.5299824178218842,0.5329113453626633,0.5376627147197723,0.5428126603364944,0.5459608912467957,0.5488721311092377,0.5499612152576446
637,-0.5395006537437439,254.92567443847656,24.93041229248047,351.89978463309154,0.5395007133483887,0.5389831066131592,0.00712691992521286,0.5278056335449218,0.528416097164154,0.5311857759952545,0.5340689569711685,0.5389831066131592,0.5448858886957169,0.5476807594299317,0.5500249803066254,0.5535410332679748
728,-0.5409504771232605,254.68380737304688,26.02815818786621,351.4815107073103,0.5409505367279053,0.5407747030258179,0.007054197136312723,0.5278249680995941,0.5303978025913239,0.5317936658859252,0.5354366600513458,0.5407747030258179,0.545578807592392,0.5489187002182007,0.5524083822965622,0.5545770967006683
819,-0.5425630807876587,254.4166717529297,27.068950653076172,351.03924560546875,0.5425630807876587,0.5424150824546814,0.006698189303278923,0.5285663378238677,0.5320444434881211,0.5337608873844146,0.5385080873966217,0.5424150824546814,0.5465390831232071,0.5506083309650421,0.5536788016557693,0.5545877075195312
910,-0.5438423752784729,254.13844299316406,28.06511116027832,350.5862775530134,0.5438423752784729,0.544105052947998,0.006725480780005455,0.5305516242980957,0.5323852449655533,0.5360268592834473,0.5392585098743439,0.544105052947998,0.5475232750177383,0.552184385061264,0.5544200956821441,0.561390837430954
1001,-0.5452810525894165,253.84144592285156,29.025432586669922,350.1144104003906,0.5452809929847717,0.5453451871871948,0.006724510341882706,0.5305869913101197,0.5333704590797425,0.5380540072917939,0.5410681515932083,0.5453451871871948,0.5491855889558792,0.5542171359062195,0.5557593464851379,0.561390837430954
1092,-0.5467956066131592,253.52976989746094,29.95629119873047,349.6276201520647,0.5467956066131592,0.5467690229415894,0.007129227742552757,0.5305869913101197,0.5337832510471344,0.5380730748176574,0.5425145030021667,0.5467690229415894,0.5519612431526184,0.555220103263855,0.5576553910970687,0.561567429304123
1183,-0.5479185581207275,253.193603515625,30.80370330810547,349.12157767159596,0.5479184985160828,0.5476455688476562,0.006923147011548281,0.532517751455307,0.5366424918174744,0.5395266950130463,0.543328657746315,0.5476455688476562,0.552470251917839,0.5559452652931214,0.5582352131605148,0.561567429304123
1274,-0.5495057702064514,252.8313446044922,31.644939422607422,348.5872235979353,0.5495058298110962,0.5496877729892731,0.006536467000842094,0.5367174029350281,0.5385475665330887,0.5414990961551667,0.5448257029056549,0.5496877729892731,0.5537503212690353,0.5575385093688965,0.5601255863904953,0.5615710234642028
1365,-0.5508527755737305,252.46470642089844,32.46208190917969,348.04687064034596,0.5508527159690857,0.5518836975097656,0.006010542158037424,0.5372371327877045,0.5401890873908997,0.5422789692878723,0.5471908152103424,0.5518836975097656,0.554393857717514,0.5576821506023407,0.5603640526533127,0.5625186729431152
1456,-0.5517930388450623,252.08026123046875,33.230857849121094,347.4937962123326,0.5517930388450623,0.5525250136852264,0.005917718634009361,0.5385306525230408,0.5402082324028015,0.544208562374115,0.5484026819467545,0.5525250136852264,0.5554190129041672,0.5589186310768127,0.5613718330860138,0.5625186729431152
1547,-0.5529031753540039,251.67254638671875,33.984981536865234,346.91308157784596,0.5529031753540039,0.5529457330703735,0.006009051110595465,0.5390071582794189,0.5416230291128159,0.5456174075603485,0.5490648448467255,0.5529457330703735,0.556677371263504,0.5613725781440735,0.5623772770166398,0.5630660569667816
1638,-0.5538720488548279,251.25961303710938,34.71940612792969,346.3287658691406,0.5538720488548279,0.5537821650505066,0.005703469272702932,0.5416300904750824,0.5433914721012115,0.546059513092041,0.5505453944206238,0.5537821650505066,0.5572278648614883,0.561554080247879,0.5625010937452316,0.5646509718894959
1729,-0.5549627542495728,250.8292236328125,35.43610382080078,345.7244655064174,0.5549627542495728,0.5547683835029602,0.005338239949196577,0.5434112405776977,0.5452757805585862,0.548574560880661,0.5520266890525818,0.5547683835029602,0.5581208616495132,0.5615564942359924,0.5639106214046479,0.5657503545284271
1820,-0.5557897686958313,250.39198303222656,36.13197708129883,345.1149640764509,0.5557897686958313,0.5554927587509155,0.005332568660378456,0.5446444070339203,0.5459908723831177,0.5490249872207642,0.5525214374065399,0.5554927587509155,0.5595205724239349,0.5630415499210357,0.5644053012132645,0.5657503545284271
1911,-0.5573906302452087,249.92420959472656,36.81050109863281,344.4722246442522,0.557390570640564,0.5571275353431702,0.00571222510188818,0.5460012865066528,0.5486427307128906,0.5508571982383728,0.5535174161195755,0.5571275353431702,0.5615673363208771,0.5651198744773864,0.5671012192964554,0.567447909116745
2002,-0.5586750507354736,249.4472198486328,37.454410552978516,343.82613699776783,0.5586750507354736,0.5587817132472992,0.005910065025091171,0.5460012865066528,0.5503428697586059,0.5522125780582428,0.5542722195386887,0.5587817132472992,0.5630418062210083,0.5667076110839844,0.5674532860517502,0.5698651516437531
2093,-0.5603674054145813,248.9592742919922,38.080322265625,343.165518624442,0.5603674054145813,0.5607935190200806,0.006119556725025177,0.5503239822387695,0.5516927868127823,0.5526692509651184,0.5554286986589432,0.5607935190200806,0.5644944608211517,0.5676873803138733,0.5702193915843964,0.5721339726448059
2184,-0.5613235235214233,248.45889282226562,38.703163146972656,342.4896458217076,0.5613235235214233,0.5614878833293915,0.006025151815265417,0.5517085254192352,0.552363446354866,0.5532366693019867,0.5570780336856842,0.5614878833293915,0.5654362589120865,0.5685707867145539,0.5720144271850586,0.573090889453888
2275,-0.5624619722366333,247.94931030273438,39.2957878112793,341.80657958984375,0.5624619722366333,0.562706708908081,0.005965929012745619,0.5517270720005035,0.5525969684123992,0.5540098369121551,0.5582596808671951,0.562706708908081,0.5666870921850204,0.570517635345459,0.5721590101718903,0.573090889453888
2366,-0.5635938048362732,247.42420959472656,39.87228775024414,341.1108965192522,0.5635938048362732,0.5635952353477478,0.006625080015510321,0.5517270720005035,0.5531669497489929,0.5545054733753204,0.5589921027421951,0.5635952353477478,0.5676407516002655,0.5720196485519409,0.5735846757888794,0.5774951446056366
2457,-0.564823567867279,246.89276123046875,40.41660690307617,340.4097377232143,0.5648236274719238,0.5653365850448608,0.006951536983251572,0.5517270720005035,0.5539714187383652,0.5554804146289826,0.5598591864109039,0.5653365850448608,0.5686652362346649,0.5733936905860901,0.5774953454732895,0.5819900512695313
2548,-0.5655626654624939,246.34524536132812,40.98731231689453,339.68338884626115,0.5655627250671387,0.5658924281597137,0.006749154068529606,0.5519107961654663,0.554274144768715,0.5562349677085876,0.5610128492116928,0.5658924281597137,0.5689816474914551,0.5737395882606506,0.5774953454732895,0.5819900512695313
2639,-0.5667402744293213,245.78846740722656,41.51753234863281,338.95233154296875,0.5667403340339661,0.5667037069797516,0.006529269274324179,0.5544644188880921,0.5563010066747666,0.5585125982761383,0.5624084770679474,0.5667037069797516,0.5705292820930481,0.5759903013706207,0.5775035798549653,0.5819900512695313
2730,-0.5683982968330383,245.23056030273438,42.037071228027344,338.22056797572543,0.5683982968330383,0.5678858160972595,0.006853891536593437,0.5569206178188324,0.5581324934959412,0.5596557259559631,0.5642978399991989,0.5678858160972595,0.5719027668237686,0.5774957716464997,0.5807423114776611,0.5829174160957337
2821,-0.5694882273674011,244.6426544189453,42.51725769042969,337.46534511021207,0.5694881677627563,0.5688293278217316,0.00666092848405242,0.5569501066207886,0.5590372622013092,0.5617428302764893,0.5654312968254089,0.5688293278217316,0.5735827088356018,0.5775037169456482,0.5807423114776611,0.5829174160957337
2912,-0.5711501836776733,244.04376220703125,43.0097541809082,336.69181169782365,0.5711501836776733,0.571036696434021,0.00690452428534627,0.5569501066207886,0.5613471031188965,0.5632600247859955,0.5659160017967224,0.571036696434021,0.5763704776763916,0.5805752873420715,0.5820046067237854,0.5837856531143188
3003,-0.5723066329956055,243.43206787109375,43.460914611816406,335.908926827567,0.5723065733909607,0.572469025850296,0.006788189057260752,0.560783326625824,0.5622373640537262,0.5644060909748078,0.5666866451501846,0.572469025850296,0.5772280842065811,0.5807089567184448,0.5834411710500718,0.5880319535732269
3094,-0.573269784450531,242.81436157226562,43.901451110839844,335.1198512486049,0.573269784450531,0.5732392966747284,0.006527936086058617,0.5616119086742402,0.5622373640537262,0.5652527689933777,0.5686359703540802,0.5732392966747284,0.5777217745780945,0.5819500923156739,0.5836987793445587,0.5880319535732269
3185,-0.5747692584991455,242.19149780273438,44.3693962097168,334.3172171456473,0.5747693181037903,0.5743501484394073,0.006395964417606592,0.563357412815094,0.5645219951868057,0.5664189159870148,0.5697924047708511,0.5743501484394073,0.5783941447734833,0.5822607994079589,0.5864644080400467,0.5893318128585815
3276,-0.5753860473632812,241.56080627441406,44.80611038208008,333.5071716308594,0.5753859877586365,0.5753632187843323,0.006321269553154707,0.5640395915508271,0.5660354614257812,0.5670355677604675,0.5701588094234467,0.5753632187843323,0.5798364132642746,0.5828086197376251,0.5864644080400467,0.5893318128585815
3367,-0.5766120553016663,240.92599487304688,45.235050201416016,332.6924394880022,0.576612114906311,0.5760298073291779,0.006411181762814522,0.5657822704315185,0.5662275314331054,0.5684168219566346,0.5719906389713287,0.5760298073291779,0.5807603746652603,0.5848667085170746,0.5880759954452515,0.5897783577442169
3458,-0.5774498581886292,240.27572631835938,45.63418197631836,331.8679417201451,0.5774498581886292,0.5772409439086914,0.0063251047395169735,0.5657822704315185,0.5668317973613739,0.5688557088375091,0.5732311457395554,0.5772409439086914,0.581754207611084,0.5863652646541595,0.5890255868434906,0.5897783577442169
3549,-0.5784664750099182,239.62977600097656,46.02139663696289,331.04830496651783,0.5784664750099182,0.5779750943183899,0.005960734095424414,0.5684356021881104,0.5688003450632095,0.570204246044159,0.5746535360813141,0.5779750943183899,0.5825980305671692,0.5873948216438294,0.5890255868434906,0.5907525813579559
3640,-0.5796077847480774,238.96884155273438,46.40624237060547,330.2098388671875,0.5796077847480774,0.5795249044895172,0.00626593129709363,0.5684356021881104,0.5696252703666687,0.5713189959526062,0.5756177753210068,0.5795249044895172,0.5833708494901657,0.5886236727237701,0.5898202002048493,0.5927161037921905
3731,-0.5805184245109558,238.2930908203125,46.76700973510742,329.3621303013393,0.580518364906311,0.5801145434379578,0.006136338226497173,0.5695809996128083,0.5711452186107635,0.5724994599819183,0.5759035646915436,0.5801145434379578,0.5842739343643188,0.5888271391391754,0.5909434586763382,0.59279958486557
3822,-0.5816937685012817,237.60719299316406,47.12582778930664,328.49886213030135,0.581693708896637,0.5812692940235138,0.0067478446289896965,0.5696600556373597,0.5715164572000504,0.573257052898407,0.5773954838514328,0.5812692940235138,0.5852953493595123,0.590945965051651,0.5928556621074677,0.5961288118362427
3913,-0.5829734206199646,236.91586303710938,47.46528244018555,327.63296944754467,0.5829734206199646,0.5827212929725647,0.007029090542346239,0.5696600556373597,0.5719277024269104,0.5735084772109985,0.577910453081131,0.5827212929725647,0.5869591385126114,0.5914301455020905,0.595891997218132,0.5984167885780335
4004,-0.5842814445495605,236.22743225097656,47.82613754272461,326.7613002232143,0.5842813849449158,0.5835699439048767,0.006952553987503052,0.5715258276462555,0.5732801377773284,0.5752193927764893,0.5803156197071075,0.5835699439048767,0.588508203625679,0.5930544018745423,0.5968414604663849,0.5990709042549133
4095,-0.585231363773346,235.53350830078125,48.18234634399414,325.8806719098772,0.5852314233779907,0.5845461487770081,0.006907429080456495,0.5728119111061096,0.574744138121605,0.5761480510234833,0.5810455530881882,0.5845461487770081,0.5890312194824219,0.5957757353782653,0.5975221425294877,0.5990709042549133
4186,-0.5863823294639587,234.8306884765625,48.51093673706055,324.99366542271207,0.5863823890686035,0.585911750793457,0.006682893261313438,0.5742529094219208,0.5756167888641357,0.5781084895133972,0.5818631947040558,0.585911750793457,0.5905962437391281,0.5957757353782653,0.5975221425294877,0.6003549015522003
4277,-0.5878576040267944,234.10565185546875,48.82353973388672,324.087890625,0.5878574848175049,0.5872776210308075,0.006829103920608759,0.5752593517303467,0.5776886731386185,0.5791541337966919,0.5827506482601166,0.5872776210308075,0.5927931070327759,0.5961921811103821,0.5998192578554153,0.6014243912696838
4368,-0.5890151858329773,233.38116455078125,49.13860321044922,323.1793430873326,0.5890151858329773,0.5890181958675385,0.006919317878782749,0.5760582613945008,0.5782048404216766,0.5794973015785218,0.5838556885719299,0.5890181958675385,0.5933442264795303,0.5975685775279999,0.6003721326589584,0.6029530000686646
4459,-0.5896971821784973,232.6505584716797,49.4388313293457,322.2658996582031,0.5896972417831421,0.5898240804672241,0.006742785684764385,0.577696213722229,0.5794099986553192,0.5807633876800538,0.5854323506355286,0.5898240804672241,0.5938591808080673,0.5984570920467377,0.6011171162128448,0.6041458427906037
4550,-0.5906121730804443,231.92274475097656,49.72791290283203,321.35414341517856,0.5906121730804443,0.5906320214271545,0.006731395144015551,0.5786521649360656,0.5799651831388474,0.5814156293869018,0.5860678851604462,0.5906320214271545,0.5954170972108841,0.59991934299469,0.6019612938165665,0.6041697919368744
4641,-0.5917654633522034,231.16893005371094,49.993896484375,320.4227861676897,0.5917654633522034,0.591841459274292,0.006406791973859072,0.5800439560413361,0.5813716769218444,0.5829359889030457,0.5872852206230164,0.591841459274292,0.595878466963768,0.6000717997550964,0.6029628545045853,0.6054665219783782
4732,-0.5924816131591797,230.4294891357422,50.251251220703125,319.50218418666293,0.5924816131591797,0.5921798348426819,0.006389184854924679,0.5800439560413361,0.581616273522377,0.5840991079807282,0.58894844353199,0.5921798348426819,0.5961020588874817,0.6004589021205902,0.6041800111532212,0.6062076878547669
4823,-0.5932585597038269,229.69161987304688,50.509033203125,318.58309064592635,0.5932586193084717,0.5927005410194397,0.006460839416831732,0.5813245117664337,0.5821536213159562,0.5854513704776764,0.5890551954507828,0.5927005410194397,0.5971574485301971,0.6019342303276062,0.6042286217212677,0.6070863294601441
4914,-0.5941524505615234,228.952392578125,50.756858825683594,317.66255841936385,0.5941525101661682,0.5940784513950348,0.0066966223530471325,0.5813245117664337,0.5831449687480926,0.5854513704776764,0.589392751455307,0.5940784513950348,0.5989366769790649,0.6023922204971314,0.6042286217212677,0.6070863294601441
5005,-0.5947854518890381,228.19569396972656,50.989036560058594,316.72732979910717,0.5947855114936829,0.5948302745819092,0.006454083602875471,0.5831758773326874,0.5851531028747559,0.5859752774238587,0.5899131596088409,0.5948302745819092,0.5992762297391891,0.602665001153946,0.6064506471157074,0.6070947408676147
5096,-0.5953764319419861,227.43922424316406,51.25258255004883,315.7797589983259,0.5953764915466309,0.5950493812561035,0.00647331215441227,0.5846663582324981,0.5856136530637741,0.5870917975902558,0.5906060338020325,0.5950493812561035,0.5999156534671783,0.6028875946998596,0.60695840716362,0.6083002758026123
5187,-0.596050500869751,226.6968994140625,51.480525970458984,314.8511962890625,0.596050500869751,0.5959930717945099,0.006258038338273764,0.5852306818962097,0.5863964706659317,0.5888253450393677,0.5919933319091797,0.5959930717945099,0.6000444293022156,0.6042957007884979,0.60695840716362,0.6083002758026123
5278,-0.5972224473953247,225.9377899169922,51.68384552001953,313.91138131277904,0.5972224473953247,0.596794068813324,0.006431735120713711,0.5867572402954102,0.5887072533369064,0.5891807079315186,0.5932656675577164,0.596794068813324,0.6011044532060623,0.604843819141388,0.6086073666810989,0.6128670704364777
5369,-0.598457396030426,225.15838623046875,51.88612747192383,312.9495936802455,0.598457396030426,0.5974308848381042,0.006552196107804775,0.5884287703037262,0.5888235419988632,0.5895622253417969,0.5943882167339325,0.5974308848381042,0.6021456271409988,0.6072764277458191,0.6124611377716065,0.6139395749568939
5460,-0.5993021726608276,224.39686584472656,52.076805114746094,312.0072457449777,0.5993021726608276,0.5985852479934692,0.006509647238999605,0.5884310781955719,0.5888237476348877,0.5897092223167419,0.5950967967510223,0.5985852479934692,0.6029446125030518,0.6082626342773437,0.6124611377716065,0.6139395749568939
5551,-0.6004911065101624,223.64120483398438,52.308258056640625,311.0568062918527,0.6004911065101624,0.600273996591568,0.006443833466619253,0.5885710430145263,0.5897657334804535,0.593575257062912,0.5961034148931503,0.600273996591568,0.6037192046642303,0.6099930047988892,0.6127205044031143,0.6151179885864257
5642,-0.601666271686554,222.87863159179688,52.542781829833984,310.0967494419643,0.6016663312911987,0.6010456681251526,0.006558462977409363,0.5890854823589325,0.5908532023429871,0.5946960628032685,0.5973314046859741,0.6010456681251526,0.6044032722711563,0.611799669265747,0.6139619708061218,0.6152285838127136
5733,-0.6025128960609436,222.098388671875,52.71939468383789,309.1286403111049,0.6025129556655884,0.6018191576004028,0.0063220965676009655,0.5912239170074463,0.5937350153923034,0.5951181948184967,0.5978473275899887,0.6018191576004028,0.6065852046012878,0.611799669265747,0.6139619708061218,0.6152285838127136
5824,-0.6036819815635681,221.32073974609375,52.91053009033203,308.15877423967635,0.6036819219589233,0.6034486889839172,0.0062212576158344746,0.5932748973369598,0.5950653553009033,0.5962601065635681,0.5989881753921509,0.6034486889839172,0.6078826189041138,0.6129854500293732,0.6151207029819489,0.6158443105220794
5915,-0.6044719815254211,220.5453643798828,53.0658073425293,307.1997724260603,0.6044719815254211,0.6037352979183197,0.006304446142166853,0.5932748973369598,0.5960606515407563,0.5966320276260376,0.5993927270174026,0.6037352979183197,0.60942143201828,0.6142369151115418,0.6152918934822083,0.61630695104599
6006,-0.6056299209594727,219.75607299804688,53.24814224243164,306.2140197753906,0.6056299805641174,0.604251354932785,0.006477193906903267,0.5947335815429687,0.5961949825286865,0.5982776522636414,0.6006534993648529,0.604251354932785,0.6103181838989258,0.6152632892131805,0.616304811835289,0.6184486246109009
6097,-0.6065055727958679,218.96209716796875,53.40491485595703,305.22831072126115,0.6065055727958679,0.6059543788433075,0.006561582908034325,0.5947335815429687,0.5966215789318084,0.5985355973243713,0.6016421616077423,0.6059543788433075,0.6104881763458252,0.6157815217971802,0.6177764624357224,0.6196926295757293
6188,-0.6073276996612549,218.1630859375,53.571964263916016,304.2358616420201,0.6073277592658997,0.6069980561733246,0.006528068799525499,0.5966162943840027,0.5983663469552993,0.5996190071105957,0.6022386103868484,0.6069980561733246,0.6108199954032898,0.6164139866828918,0.619701823592186,0.6212011766433716
6279,-0.6081410646438599,217.3833465576172,53.726261138916016,303.2638854980469,0.6081411242485046,0.6080659329891205,0.006465792655944824,0.5979602408409118,0.5987246572971344,0.60019953250885,0.6029290109872818,0.6080659329891205,0.6119134575128555,0.617554223537445,0.6200913935899734,0.6218995845317841
6370,-0.6086669564247131,216.59999084472656,53.8876838684082,302.28401838030135,0.6086670160293579,0.6085177063941956,0.006549910642206669,0.5984087324142456,0.5997344195842743,0.6008610665798187,0.6035118848085403,0.6085177063941956,0.6125193685293198,0.6176827371120454,0.6200913935899734,0.623307831287384
6461,-0.609386682510376,215.81951904296875,54.02680969238281,301.315185546875,0.6093867421150208,0.6092487871646881,0.006577230524271727,0.5984087324142456,0.5999435067176819,0.6012141942977905,0.6041625887155533,0.6092487871646881,0.6139341592788696,0.6176827371120454,0.6218858033418655,0.623307831287384
6552,-0.6102706789970398,215.02734375,54.15705871582031,300.3277849469866,0.6102707386016846,0.6099394261837006,0.006792576517909765,0.5997043228149415,0.6008762687444686,0.6026806235313416,0.6047272384166718,0.6099394261837006,0.6146232634782791,0.6190728664398193,0.6218868404626846,0.6245350468158721
6643,-0.6111332178115845,214.2484893798828,54.31538391113281,299.3479745047433,0.611133337020874,0.6104479730129242,0.006704713683575392,0.5998506772518158,0.6015428751707077,0.6028663158416748,0.6064647883176804,0.6104479730129242,0.6148595213890076,0.6200095593929291,0.6224598944187164,0.6260524880886078
6734,-0.6123501658439636,213.45359802246094,54.440616607666016,298.3592006138393,0.6123502254486084,0.6117375493049622,0.00645486731082201,0.6015327179431915,0.6028533846139907,0.6043514311313629,0.6086204051971436,0.6117375493049622,0.615310400724411,0.6211686551570892,0.6243956536054611,0.6260524880886078
6825,-0.6131079196929932,212.6602020263672,54.57045364379883,297.36864798409596,0.6131078600883484,0.6124144792556763,0.006346981041133404,0.6028785371780395,0.6040753573179245,0.6052439630031585,0.6087748557329178,0.6124144792556763,0.615818440914154,0.621803879737854,0.6255847930908203,0.6277358210086822
6916,-0.6141386032104492,211.87991333007812,54.679141998291016,296.3932538713728,0.614138662815094,0.6143456101417542,0.006362375803291798,0.6038567698001862,0.6049361228942871,0.6058124244213104,0.6096226722002029,0.6143456101417542,0.6175580024719238,0.6219921052455902,0.6255847930908203,0.6316334652900696
7007,-0.614995002746582,211.08505249023438,54.799888610839844,295.3992178780692,0.6149950623512268,0.6147514283657074,0.0062523772940039635,0.6043672370910644,0.6057484447956085,0.608534038066864,0.610116720199585,0.6147514283657074,0.6195992678403854,0.622459352016449,0.6259199023246765,0.6316334652900696
7098,-0.6156963109970093,210.29425048828125,54.91312026977539,294.41273280552457,0.6156963109970093,0.6152280271053314,0.006202567368745804,0.6049355912208557,0.6059662401676178,0.6085351288318634,0.6109150350093842,0.6152280271053314,0.6198473274707794,0.6227616429328918,0.6259199023246765,0.6316334652900696
7189,-0.6165205240249634,209.49334716796875,55.0198974609375,293.41151210239957,0.6165205240249634,0.6160413324832916,0.006388056091964245,0.6052515614032745,0.6068022906780243,0.6087940335273743,0.611380010843277,0.6160413324832916,0.6198811382055283,0.6242719054222107,0.6287370532751083,0.6320898163318635
7280,-0.6171682476997375,208.69187927246094,55.13323211669922,292.40623692103793,0.6171682476997375,0.6169082820415497,0.006355630699545145,0.6063646101951599,0.6076278448104858,0.6093892455101013,0.6122539788484573,0.6169082820415497,0.6204725950956345,0.6242859601974488,0.6287370532751083,0.6320898163318635
7371,-0.617706298828125,207.92044067382812,55.23970031738281,291.43516322544644,0.617706298828125,0.6173285245895386,0.006309828720986843,0.6063646101951599,0.6079926192760468,0.6099348187446594,0.6138504892587662,0.6173285245895386,0.6207953244447708,0.624667477607727,0.6293158292770386,0.632991464138031
7462,-0.6187911033630371,207.115234375,55.31266403198242,290.43807111467635,0.6187911033630371,0.6182489991188049,0.005975961219519377,0.607454354763031,0.6109470725059509,0.6117066264152526,0.6151929944753647,0.6182489991188049,0.6216144263744354,0.6271121442317963,0.629350233078003,0.633919118642807
7553,-0.6193134784698486,206.30526733398438,55.393707275390625,289.4233703613281,0.6193134784698486,0.6184855401515961,0.0060419198125600815,0.6087275683879853,0.6109470725059509,0.6133222877979279,0.6152895838022232,0.6184855401515961,0.622416615486145,0.6280469536781311,0.6304458260536194,0.633919118642807
7644,-0.6201713681221008,205.5307159423828,55.503883361816406,288.43835013253346,0.6201713681221008,0.6196255087852478,0.005701038520783186,0.6104146349430084,0.6132274687290191,0.613951975107193,0.6160159558057785,0.6196255087852478,0.6233391612768173,0.6280469536781311,0.6315859794616699,0.6344588506221771
7735,-0.6210432052612305,204.7384490966797,55.5693359375,287.4509974888393,0.6210432648658752,0.620158851146698,0.006083755753934383,0.6124776494503021,0.613328817486763,0.6141664862632752,0.6166287511587143,0.620158851146698,0.6237860172986984,0.6289962410926819,0.6331112027168274,0.6368142104148865
7826,-0.621885359287262,203.9687042236328,55.67127227783203,286.4721418108259,0.621885359287262,0.621147483587265,0.006132175214588642,0.6124776494503021,0.6138863384723663,0.6146161496639252,0.617495059967041,0.621147483587265,0.6254857927560806,0.6291473567485809,0.6335303366184235,0.6368142104148865
7917,-0.6224266290664673,203.19593811035156,55.7671012878418,285.48922293526783,0.6224265694618225,0.6218079328536987,0.0060092853382229805,0.6132139873504638,0.6141786634922027,0.6151918232440948,0.6180141568183899,0.6218079328536987,0.6256265789270401,0.6291473567485809,0.6344734400510788,0.6368142104148865
8008,-0.6232205033302307,202.38604736328125,55.84031677246094,284.4734322684152,0.6232205033302307,0.6223055124282837,0.006050460040569305,0.613953332901001,0.6142661273479462,0.6160795748233795,0.6186424046754837,0.6223055124282837,0.6263643205165863,0.6314975142478942,0.6349908441305161,0.6380468153953552
8099,-0.6240732669830322,201.59251403808594,55.928131103515625,283.4679216657366,0.6240732669830322,0.6232360005378723,0.006106814835220575,0.613953332901001,0.6151894181966782,0.6171427130699157,0.6202043294906616,0.6232360005378723,0.627331554889679,0.6322988867759705,0.6349908441305161,0.6380468153953552
8190,-0.6248348951339722,200.80506896972656,55.99595642089844,282.47194126674106,0.6248349547386169,0.6237819492816925,0.006329305469989777,0.6146808183193206,0.6165047347545624,0.6178414165973664,0.6209721267223358,0.6237819492816925,0.627910241484642,0.6344977557659149,0.6368511855602265,0.6393116056919098
8281,-0.6258945465087891,200.00149536132812,56.044864654541016,281.46254185267856,0.6258946061134338,0.6252410113811493,0.006569975055754185,0.6147185862064362,0.616726741194725,0.6180392920970916,0.6214435398578644,0.6252410113811493,0.6288036853075027,0.6360766291618347,0.6391091257333755,0.6419455587863921
8372,-0.6264683604240417,199.21466064453125,56.0964469909668,280.471182686942,0.6264684200286865,0.6260914206504822,0.006613270845264196,0.6156075084209442,0.6171297818422318,0.6184331059455872,0.6219833642244339,0.6260914206504822,0.6292679458856583,0.6360916495323181,0.6392689496278763,0.6439484667778015
8463,-0.6271983981132507,198.43115234375,56.16817855834961,279.4745309012277,0.6271983981132507,0.626399427652359,0.006649757735431194,0.6167153179645538,0.6182971745729446,0.6197239637374878,0.6230380833148956,0.626399427652359,0.6295584291219711,0.6368878185749054,0.641068109869957,0.6439484667778015
8554,-0.6278518438339233,197.64071655273438,56.22537612915039,278.4734322684152,0.6278518438339233,0.626791924238205,0.006844234652817249,0.6171199417114258,0.6184860587120056,0.6197256147861481,0.6230380833148956,0.626791924238205,0.6308731883764267,0.6370686650276184,0.6418853372335434,0.6439484667778015
8645,-0.6286827325820923,196.8437957763672,56.2503547668457,277.4796404157366,0.6286827325820923,0.6275949478149414,0.006929285824298859,0.6171418464183808,0.6193117558956146,0.6210290908813476,0.6239016652107239,0.6275949478149414,0.6321591436862946,0.6387131810188293,0.6423829317092895,0.6439484667778015
8736,-0.6295263171195984,196.0618133544922,56.309425354003906,276.4833679199219,0.6295263171195984,0.6285748481750488,0.006749788764864206,0.6182884156703949,0.6196372240781785,0.6214569509029388,0.6249399781227112,0.6285748481750488,0.6331700831651688,0.6390486717224121,0.6423829317092895,0.6439484667778015
8827,-0.630237877368927,195.287109375,56.368526458740234,275.49290684291293,0.630237877368927,0.62957763671875,0.0064353602938354015,0.6210555458068847,0.6214776009321212,0.6221100986003876,0.6255249977111816,0.62957763671875,0.6336910426616669,0.6390486717224121,0.6430758118629456,0.6439484667778015
8918,-0.6311080455780029,194.5183868408203,56.42299270629883,274.505606515067,0.6311080455780029,0.6310278475284576,0.006367039866745472,0.6210555458068847,0.621490341424942,0.6221644699573516,0.6268353164196014,0.6310278475284576,0.6339778304100037,0.6403138160705566,0.6435456931591034,0.6459009647369385
9009,-0.631999135017395,193.75144958496094,56.46603775024414,273.53112357003346,0.631999135017395,0.6317708492279053,0.006223698146641254,0.6216600680351257,0.6222829818725586,0.6232509613037109,0.6277184337377548,0.6317708492279053,0.6354489624500275,0.6416801631450653,0.6439598441123963,0.6459009647369385
9100,-0.6323638558387756,192.9926300048828,56.488155364990234,272.570077078683,0.6323639154434204,0.6318323910236359,0.006262222770601511,0.622036361694336,0.6224422812461853,0.6233936369419097,0.6277964264154434,0.6318323910236359,0.6360951364040375,0.642362654209137,0.6445231437683105,0.6459108376502991
9191,-0.6328607201576233,192.2274932861328,56.52354431152344,271.5900181361607,0.6328607797622681,0.6321093142032623,0.006387398112565279,0.6220416998863221,0.6224422812461853,0.6233936369419097,0.62818343937397,0.6321093142032623,0.6368965357542038,0.642362654209137,0.645060396194458,0.646590873003006
9282,-0.6335338950157166,191.4675750732422,56.55496597290039,270.61737060546875,0.6335339546203613,0.6327046155929565,0.006135311909019947,0.6221619129180909,0.6233891040086746,0.6264945685863494,0.6298552006483078,0.6327046155929565,0.6377986967563629,0.6423847675323486,0.645060396194458,0.6472694861888886
9373,-0.6342161893844604,190.69345092773438,56.586090087890625,269.6245553152902,0.63421630859375,0.633630096912384,0.005925948731601238,0.6237886238098145,0.6242198944091797,0.6270742833614349,0.6306068003177643,0.633630096912384,0.6379245519638062,0.6425226986408233,0.6461491733789444,0.647583920955658
9464,-0.6352035999298096,189.91015625,56.61152648925781,268.6223711286272,0.6352037191390991,0.6349635720252991,0.005698395427316427,0.6241097223758697,0.6265415161848068,0.6287069141864776,0.6318145841360092,0.6349635720252991,0.6383222043514252,0.6439429819583893,0.6461595386266709,0.6479676139354705
9555,-0.635667085647583,189.13104248046875,56.64166259765625,267.62488228934154,0.635667085647583,0.6351447701454163,0.005685070995241404,0.6249365437030793,0.6270353585481644,0.6291420459747314,0.6320933699607849,0.6351447701454163,0.6383590400218964,0.6439826607704162,0.6472623914480209,0.6497468972206115
9646,-0.6361090540885925,188.37709045410156,56.655906677246094,266.66194806780135,0.6361090540885925,0.6354680359363556,0.005768700037151575,0.6265413701534271,0.6285901963710785,0.6295712947845459,0.6321672946214676,0.6354680359363556,0.6385404765605927,0.6449602007865906,0.6472623914480209,0.651882518529892
9737,-0.6367641091346741,187.6023406982422,56.671173095703125,265.6743643624442,0.6367641687393188,0.6360379755496979,0.005686442833393812,0.6267580366134644,0.6288043886423111,0.6306661427021026,0.6327313333749771,0.6360379755496979,0.6394281089305878,0.6450987815856933,0.6472623914480209,0.6524099659919739
9828,-0.6375038027763367,186.83009338378906,56.6743278503418,264.6928972516741,0.6375038623809814,0.6364071369171143,0.006150743458420038,0.6277276754379273,0.62955162525177,0.630756425857544,0.6335889399051666,0.6364071369171143,0.6398370563983917,0.6460626304149628,0.6495775312185288,0.6531466639041901
9919,-0.6383877992630005,186.0634765625,56.69039535522461,263.71083286830356,0.6383877992630005,0.6377184092998505,0.006246429402381182,0.6277336812019348,0.63075992166996,0.6317559361457825,0.6341167092323303,0.6377184092998505,0.6406394988298416,0.6477245569229126,0.6512870401144027,0.6568525564670563
10010,-0.6388789415359497,185.31239318847656,56.72254180908203,262.7339651925223,0.6388790607452393,0.6379764676094055,0.006349319592118263,0.6277336812019348,0.63075992166996,0.6319475531578064,0.6349440515041351,0.6379764676094055,0.6413387209177017,0.6492990136146546,0.6523290991783142,0.6568525564670563
10101,-0.6392947435379028,184.5549774169922,56.76370620727539,261.7467520577567,0.6392948031425476,0.6383556127548218,0.006280518136918545,0.628536913394928,0.63075992166996,0.6321640014648438,0.6356608867645264,0.6383556127548218,0.6418223232030869,0.6494622111320496,0.6525262236595154,0.6568525564670563
10192,-0.6399561166763306,183.81463623046875,56.794830322265625,260.77962384905135,0.6399561762809753,0.639173150062561,0.006386470980942249,0.62854452252388,0.6315768778324127,0.6326701164245605,0.6361960172653198,0.639173150062561,0.6422992795705795,0.6498920559883118,0.6531200289726258,0.6568525564670563
10283,-0.6404839754104614,183.0741729736328,56.81884765625,259.8147539411272,0.6404840350151062,0.6396360695362091,0.00637122942134738,0.6306047916412354,0.6320838510990143,0.6328664541244506,0.6366115212440491,0.6396360695362091,0.64321269094944,0.6498920559883118,0.654186925292015,0.6568828403949738
10374,-0.6411442160606384,182.3274383544922,56.81745910644531,258.85313197544644,0.641144335269928,0.6403965353965759,0.006658167112618685,0.6306047916412354,0.6320838510990143,0.6332667887210846,0.637447789311409,0.6403965353965759,0.643961489200592,0.6498920559883118,0.6568534702062607,0.6569307446479797
10465,-0.6418440341949463,181.58554077148438,56.833717346191406,257.89024135044644,0.6418440937995911,0.6409148871898651,0.006529365666210651,0.6319622969627381,0.6326739102602005,0.6332863330841064,0.6378170549869537,0.6409148871898651,0.6447208821773529,0.6506625771522522,0.6568534702062607,0.6569307446479797
10556,-0.6425442099571228,180.845947265625,56.8234748840332,256.9356035505022,0.6425442695617676,0.6412275731563568,0.006757358554750681,0.632433967590332,0.63297358751297,0.6347025454044342,0.6380392014980316,0.6412275731563568,0.6450235247612,0.6541541457176209,0.656883493065834,0.6582259047031402
10647,-0.6431312561035156,180.08863830566406,56.83781433105469,255.94982038225447,0.6431313157081604,0.6416102647781372,0.0067309485748410225,0.632433967590332,0.63297358751297,0.6357933819293976,0.6391545534133911,0.6416102647781372,0.6461910307407379,0.6541541457176209,0.6569453567266464,0.6615360069274903
10738,-0.6437302231788635,179.363037109375,56.8454704284668,255.00155639648438,0.6437303423881531,0.6428754925727844,0.0065038008615374565,0.632974056005478,0.6347026437520981,0.6371659696102142,0.6396170109510422,0.6428754925727844,0.6462480872869492,0.6550191760063171,0.6577496081590652,0.6615360069274903
10829,-0.6443679928779602,178.63279724121094,56.84851837158203,254.04969569614954,0.6443679928779602,0.6434709429740906,0.006518669426441193,0.6334520769119263,0.6347026437520981,0.6374025702476501,0.6403962075710297,0.6434709429740906,0.6466253846883774,0.6554267644882202,0.6577496081590652,0.6622799491882324
10920,-0.6449732184410095,177.8896026611328,56.8544807434082,253.0827178955078,0.6449732780456543,0.643995463848114,0.006357668433338404,0.6346759939193726,0.6363676369190217,0.6385112524032592,0.6408998668193817,0.643995463848114,0.6470785588026047,0.6559557497501374,0.6582114040851593,0.6622799491882324
11011,-0.6456893682479858,177.15794372558594,56.88203430175781,252.11224583217077,0.6456893682479858,0.6444790065288544,0.00639957282692194,0.6347027027606964,0.6367140650749207,0.6388805091381073,0.6421053856611252,0.6444790065288544,0.6481930911540985,0.6567866504192352,0.6582114040851593,0.6622799491882324
11102,-0.6460978388786316,176.44215393066406,56.8699836730957,251.17897469656808,0.6460977792739868,0.6451226472854614,0.006306037772446871,0.6348804521560669,0.6367140650749207,0.6391800999641418,0.6423994600772858,0.6451226472854614,0.6483070850372314,0.6567888259887695,0.6588074326515198,0.6622799491882324
11193,-0.6466697454452515,175.7163848876953,56.86788558959961,250.2310028076172,0.6466697454452515,0.6460506319999695,0.006457505282014608,0.6366318941116333,0.6372663795948028,0.639266037940979,0.6427752077579498,0.6460506319999695,0.6489442884922028,0.6568839251995087,0.661519467830658,0.6623815870285035
11284,-0.647082507610321,175.00274658203125,56.865753173828125,249.28977530343192,0.647082507610321,0.6462468802928925,0.006540006957948208,0.6367994034290314,0.6379680782556534,0.6393076360225678,0.6429412364959717,0.6462468802928925,0.6495845019817352,0.6570029079914093,0.6620441496372222,0.6624201655387878
11375,-0.6476930975914001,174.31314086914062,56.8674201965332,248.37144034249442,0.6476930379867554,0.6468510627746582,0.006414308678358793,0.6373158729076386,0.6385089516639709,0.6393285870552063,0.6435562968254089,0.6468510627746582,0.6501019150018692,0.6579055249691009,0.6620441496372222,0.6624201655387878
11466,-0.6480068564414978,173.62063598632812,56.84687423706055,247.45898219517298,0.648006796836853,0.6474530398845673,0.006426943466067314,0.6373158729076386,0.6386539757251739,0.6398613691329956,0.643925741314888,0.6474530398845673,0.6505899429321289,0.6579055249691009,0.6622822880744934,0.6624725484848022
11557,-0.6485227942466736,172.90570068359375,56.8332633972168,246.5145481654576,0.6485227942466736,0.6482149064540863,0.006367700174450874,0.6383217096328735,0.6386589676141738,0.6398729920387268,0.6444800645112991,0.6482149064540863,0.65108323097229,0.6579055249691009,0.6622822880744934,0.6624725484848022
11648,-0.649319589138031,172.21722412109375,56.83802032470703,245.5958491734096,0.649319589138031,0.64893838763237,0.0063363974913954735,0.6386547636985779,0.6394409239292145,0.641894006729126,0.6458191871643066,0.64893838763237,0.6515882760286331,0.6585084021091462,0.6624212563037872,0.6640140998363495
11739,-0.6499078869819641,171.52452087402344,56.83277130126953,244.6721932547433,0.6499078869819641,0.6492347121238708,0.006253149826079607,0.6394444108009338,0.6400303184986115,0.6422869980335235,0.6461905688047409,0.6492347121238708,0.6520216763019562,0.6585084021091462,0.6633277297019958,0.665691077709198
11830,-0.6505770683288574,170.8290557861328,56.81748962402344,243.75086103166853,0.6505770683288574,0.649603545665741,0.006532950792461634,0.6396406769752503,0.6414079308509827,0.6433417975902558,0.6467697620391846,0.649603545665741,0.6526306569576263,0.6600358068943024,0.6640652984380722,0.6674883496761322
11921,-0.6510598063468933,170.13844299316406,56.8144416809082,242.83357892717635,0.6510598063468933,0.6504562199115753,0.0066815027967095375,0.6403687524795533,0.6423917144536972,0.6434102773666381,0.6475858688354492,0.6504562199115753,0.6528581529855728,0.6600358068943024,0.6666552215814591,0.6682757198810577
12012,-0.6516353487968445,169.4537811279297,56.80718994140625,241.92004612513952,0.6516354084014893,0.6506348848342896,0.006477498449385166,0.6419223582744599,0.6426796734333038,0.6448439598083496,0.6480538845062256,0.6506348848342896,0.6535328477621078,0.6600682377815247,0.6666552215814591,0.6682757198810577
12103,-0.6523075699806213,168.78196716308594,56.793212890625,241.0214625767299,0.6523075103759766,0.6515026092529297,0.006459096446633339,0.6419311392307282,0.6426796734333038,0.6456918120384216,0.6487349420785904,0.6515026092529297,0.6541644781827927,0.6603962659835816,0.6666552215814591,0.6682757198810577
12194,-0.6527149677276611,168.09872436523438,56.77519989013672,240.11807468959265,0.6527149677276611,0.6516307890415192,0.006444826722145081,0.6425991082191467,0.6447363168001174,0.6458913207054138,0.649206668138504,0.6516307890415192,0.6541967540979385,0.6604697227478028,0.667476800084114,0.6699095511436463
12285,-0.653057873249054,167.4159698486328,56.76273727416992,239.20210920061385,0.653057873249054,0.6519351005554199,0.006363729014992714,0.6433124995231628,0.64484543800354,0.6464979112148285,0.6493141651153564,0.6519351005554199,0.6548777222633362,0.6604697227478028,0.667476800084114,0.6699095511436463
12376,-0.6536380052566528,166.76622009277344,56.764671325683594,238.3174787248884,0.6536380052566528,0.6524449586868286,0.006368125788867474,0.644787585735321,0.6456928551197052,0.6469877362251282,0.6500005573034286,0.6524449586868286,0.6553335636854172,0.6608685493469239,0.6682046443223953,0.6713222002983094
12467,-0.6540647745132446,166.08792114257812,56.762939453125,237.40303693498885,0.6540648937225342,0.6527916789054871,0.0062611401081085205,0.6448165583610534,0.6458958446979522,0.6480205535888672,0.6503673195838928,0.6527916789054871,0.6558233797550201,0.6608685493469239,0.6682209134101867,0.6713222002983094
12558,-0.654556393623352,165.41204833984375,56.76388168334961,236.4872109549386,0.6545564532279968,0.6536000072956085,0.0063141523860394955,0.6448165583610534,0.6465306043624878,0.6485396265983582,0.6508888453245163,0.6536000072956085,0.6566338837146759,0.6624788403511048,0.6682209134101867,0.6715821361541748
12649,-0.6552309393882751,164.73977661132812,56.73748016357422,235.59076145717077,0.6552309393882751,0.6542052924633026,0.006276017986238003,0.6457602715492249,0.6471504688262939,0.648703932762146,0.6513375341892242,0.6542052924633026,0.6572604477405548,0.6635791003704071,0.6682209134101867,0.6715821361541748
12740,-0.655495285987854,164.0757598876953,56.7261848449707,234.68997410365515,0.6554952263832092,0.654632031917572,0.006199370604008436,0.6465268385410309,0.6471527636051178,0.648703932762146,0.6515489220619202,0.654632031917572,0.6573109924793243,0.6636463701725006,0.6682209134101867,0.6715821361541748
12831,-0.6561198234558105,163.40525817871094,56.70269775390625,233.78763253348214,0.6561198234558105,0.6549032926559448,0.006143428850919008,0.6472237730026245,0.6485649168491363,0.6491866290569306,0.6525947153568268,0.6549032926559448,0.6589517444372177,0.664327758550644,0.6700057029724121,0.6715821361541748
12922,-0.6564741134643555,162.7340850830078,56.66814422607422,232.89251273018974,0.6564741730690002,0.6552666425704956,0.006224854849278927,0.6472237730026245,0.6485649168491363,0.6491866290569306,0.6525947153568268,0.6552666425704956,0.6590984463691711,0.6659885287284851,0.6701483190059662,0.6716102349758148
13013,-0.6569998264312744,162.05789184570312,56.64506530761719,231.98226274762834,0.6569997668266296,0.6560406684875488,0.006331641227006912,0.6472237730026245,0.6486870348453522,0.6496858716011047,0.652962401509285,0.6560406684875488,0.659290224313736,0.6659885287284851,0.6713695138692856,0.6742771768569946
13104,-0.6575650572776794,161.40740966796875,56.63700485229492,231.092289515904,0.6575650572776794,0.6564526259899139,0.0066743469797074795,0.6472237730026245,0.648766478896141,0.650388914346695,0.653280720114708,0.6564526259899139,0.659605860710144,0.6661875724792481,0.671571797132492,0.6743356299400329
13195,-0.658056378364563,160.74827575683594,56.620018005371094,230.19762311662947,0.6580563187599182,0.6569248139858246,0.006556508131325245,0.6478014898300171,0.6491073489189148,0.6519105017185212,0.6541519314050674,0.6569248139858246,0.659975066781044,0.6661875724792481,0.6727147728204728,0.6743356299400329
13286,-0.6584329605102539,160.10076904296875,56.59005355834961,229.31421116420202,0.6584330201148987,0.6572299897670746,0.006601451430469751,0.6478014898300171,0.6491073489189148,0.6523788511753082,0.6542097330093384,0.6572299897670746,0.6609190106391907,0.6684234619140625,0.6727147728204728,0.6743356299400329
13377,-0.658810019493103,159.43572998046875,56.56513595581055,228.41312081473214,0.658810019493103,0.6580939292907715,0.006854834035038948,0.6480672669410705,0.6492173254489899,0.6523809731006622,0.6542097330093384,0.6580939292907715,0.6611336171627045,0.6685596704483032,0.67354816198349,0.6753300201892852
13468,-0.6593056321144104,158.78109741210938,56.54241180419922,227.5185089111328,0.6593056321144104,0.6584590077400208,0.006748352199792862,0.6487619292736053,0.6504269361495971,0.6525044500827789,0.6550970822572708,0.6584590077400208,0.6612296402454376,0.6697065830230713,0.67354816198349,0.6753300201892852
13559,-0.6600606441497803,158.15145874023438,56.524112701416016,226.6530478341239,0.660060703754425,0.6590233147144318,0.006954064127057791,0.6487619292736053,0.6517783790826798,0.6528501868247986,0.6559225022792816,0.6590233147144318,0.6618478894233704,0.6698722898960113,0.6743626773357392,0.6807629227638244
13650,-0.6603721380233765,157.50970458984375,56.51226806640625,225.7680206298828,0.660372257232666,0.6591155230998993,0.006909218616783619,0.649117820262909,0.6517783790826798,0.6535364985466003,0.6562810689210892,0.6591155230998993,0.662299856543541,0.6698722898960113,0.6752780079841614,0.6807629227638244
13741,-0.6609323024749756,156.87689208984375,56.48722457885742,224.8970663888114,0.6609323024749756,0.6598027348518372,0.006899017374962568,0.6492550313472748,0.651817137002945,0.6536057531833649,0.6568953394889832,0.6598027348518372,0.6631744205951691,0.6712139308452606,0.6752780079841614,0.6807629227638244
13832,-0.6616392135620117,156.2530059814453,56.46324157714844,224.03606959751673,0.6616392731666565,0.65993732213974,0.006991127505898476,0.6504695618152618,0.6526291728019714,0.6538163363933563,0.657776266336441,0.65993732213974,0.6641268879175186,0.6712238073349,0.6764494210481644,0.6807629227638244
13923,-0.6621255278587341,155.6155242919922,56.45183563232422,223.14969961983817,0.6621255278587341,0.6606149971485138,0.006774328649044037,0.6517801034450531,0.6527974963188171,0.6558929860591889,0.6582466959953308,0.6606149971485138,0.6641542166471481,0.6715081810951233,0.6764494210481644,0.6807629227638244
14014,-0.6624142527580261,155.00440979003906,56.434547424316406,222.30386788504464,0.6624143123626709,0.6608500182628632,0.00683521619066596,0.6517801034450531,0.6532076835632324,0.6560884296894074,0.6583873480558395,0.6608500182628632,0.6642710566520691,0.6715306043624878,0.6776191323995591,0.6808550918102264
14105,-0.6627659201622009,154.3755340576172,56.40210723876953,221.44383021763392,0.6627660393714905,0.6613254249095917,0.006773949600756168,0.6517801034450531,0.6532444417476654,0.6561850070953369,0.6588310450315475,0.6613254249095917,0.6650248616933823,0.6715664267539978,0.6776191323995591,0.6808550918102264
14196,-0.6631941795349121,153.75018310546875,56.37580871582031,220.57652064732142,0.6631941795349121,0.6620427966117859,0.0067707207053899765,0.6517886412143707,0.6532444417476654,0.6561850070953369,0.6588844656944275,0.6620427966117859,0.6659929007291794,0.6715664267539978,0.6776191323995591,0.6808550918102264
14287,-0.6637279391288757,153.12478637695312,56.331764221191406,219.72364371163505,0.6637279391288757,0.6623862385749817,0.006869734730571508,0.6522828602790832,0.6556702256202698,0.6565431475639343,0.6593967378139496,0.6623862385749817,0.6665990203619003,0.6715664267539978,0.6804912358522415,0.6814524710178376
14378,-0.6640758514404297,152.51792907714844,56.31754684448242,218.8782021658761,0.6640758514404297,0.6628947556018829,0.006795862689614296,0.6532433509826661,0.6556702256202698,0.6566559076309204,0.659793496131897,0.6628947556018829,0.6673351526260376,0.6716425776481629,0.680495348572731,0.6818696534633636
14469,-0.6645088791847229,151.90219116210938,56.27850341796875,218.02281188964844,0.6645088791847229,0.6632066071033478,0.006821074523031712,0.6532433509826661,0.6559912294149399,0.6568243145942688,0.6607277989387512,0.6632066071033478,0.6673351526260376,0.6716719627380372,0.6811281144618988,0.6826813542842864
14560,-0.6649633646011353,151.2678680419922,56.22747039794922,217.15895298549108,0.6649633646011353,0.6638708412647247,0.006795502733439207,0.6544665682315827,0.6559912294149399,0.6587927043437958,0.6611606031656265,0.6638708412647247,0.6674210578203201,0.6724491596221924,0.6815035045146942,0.6830537521839142
14651,-0.6654244661331177,150.66033935546875,56.20096969604492,216.30994306291853,0.6654245257377625,0.6639492213726044,0.006641612388193607,0.6559367763996125,0.6565562903881073,0.6591455101966858,0.6612625867128372,0.6639492213726044,0.6682929396629333,0.6724629342556,0.6815035045146942,0.6830537521839142
14742,-0.6657747626304626,150.0429229736328,56.1718635559082,215.45056806291853,0.6657748222351074,0.6646050810813904,0.006757922470569611,0.6560589754581452,0.657029926776886,0.6593577682971954,0.6613563597202301,0.6646050810813904,0.6682929396629333,0.6724629342556,0.6818886280059815,0.6856864714622497
14833,-0.6661961078643799,149.4559783935547,56.15168380737305,214.62120492117745,0.6661962270736694,0.6649397313594818,0.0068459417670965195,0.6566522526741028,0.6589866042137146,0.6594277620315552,0.6614096611738205,0.6649397313594818,0.6684066653251648,0.6724629342556,0.6818886280059815,0.6860578000545502
14924,-0.6666846871376038,148.8588409423828,56.125465393066406,213.7816118512835,0.6666847467422485,0.6654710471630096,0.0068174079060554504,0.6566522526741028,0.6589866042137146,0.6594277620315552,0.6617043614387512,0.6654710471630096,0.669307291507721,0.6728032529354095,0.6818886280059815,0.6860578000545502
15015,-0.6670026779174805,148.24197387695312,56.060211181640625,212.94267926897322,0.6670027375221252,0.6660071611404419,0.006797332316637039,0.6566522526741028,0.6589866042137146,0.6594442427158356,0.6628010869026184,0.6660071611404419,0.6693519204854965,0.6759716928005218,0.6827145367860794,0.6860578000545502
15106,-0.6672519445419312,147.6523895263672,56.02399826049805,212.1258806501116,0.6672519445419312,0.6663492023944855,0.0068640997633337975,0.6579530644416809,0.6589968621730804,0.6594442427158356,0.6630030274391174,0.6663492023944855,0.6693981289863586,0.6763326287269593,0.6827145367860794,0.6865414464473725
15197,-0.6674160361289978,147.06234741210938,55.99675750732422,211.28930446079798,0.667415976524353,0.6664669513702393,0.006847953423857689,0.6579549634456634,0.659265547990799,0.6603347718715668,0.663154661655426,0.6664669513702393,0.6695340275764465,0.6763326287269593,0.6827145367860794,0.6881069028377533
15288,-0.6678575873374939,146.45530700683594,55.959659576416016,210.44031851632255,0.6678575873374939,0.6668130159378052,0.006869532633572817,0.6579549634456634,0.659265547990799,0.6603347718715668,0.6636693775653839,0.6668130159378052,0.6701638400554657,0.6766970574855805,0.6827145367860794,0.6881069028377533
15379,-0.6680903434753418,145.85585021972656,55.91922378540039,209.60325622558594,0.6680903434753418,0.6668721735477448,0.006740819662809372,0.6590184116363526,0.6594300657510758,0.660882294178009,0.6639683693647385,0.6668721735477448,0.6702539175748825,0.6766970574855805,0.6829727441072464,0.6881069028377533
15470,-0.6683881878852844,145.2684326171875,55.89567184448242,208.7660893031529,0.6683881282806396,0.6673155128955841,0.006694144103676081,0.6590184116363526,0.6594300657510758,0.6613024890422821,0.6641652584075928,0.6673155128955841,0.6704502403736115,0.6766970574855805,0.6829727441072464,0.6881069028377533
15561,-0.6687110662460327,144.6724395751953,55.8651123046875,207.91900416782923,0.6687109470367432,0.6677709817886353,0.006778387352824211,0.6592954635620117,0.6594312101602554,0.6613734841346741,0.6645039319992065,0.6677709817886353,0.67072893679142,0.6766970574855805,0.6842404752969742,0.6881069028377533
15652,-0.6690447330474854,144.09536743164062,55.82434844970703,207.10939025878906,0.6690446734428406,0.6685559749603271,0.0067514460533857346,0.6593754887580872,0.6596991956233978,0.6617210924625396,0.6648342907428741,0.6685559749603271,0.6709719300270081,0.6766970574855805,0.6842404752969742,0.6885132145881653
15743,-0.6695802211761475,143.51551818847656,55.765403747558594,206.30301775251115,0.6695801615715027,0.6688119173049927,0.006725140381604433,0.6600415086746216,0.66081503033638,0.662086832523346,0.6654193848371506,0.6688119173049927,0.6713906526565552,0.6766970574855805,0.6848567217588425,0.6890903139114379
15834,-0.6701107025146484,142.94442749023438,55.71919250488281,205.4966997419085,0.6701107025146484,0.6692941784858704,0.00695800269022584,0.6600415086746216,0.66081503033638,0.6627140402793884,0.6659537702798843,0.6692941784858704,0.6719510704278946,0.677044701576233,0.6876887172460556,0.6894484412670135
15925,-0.6706156134605408,142.36888122558594,55.67729949951172,204.6787828717913,0.6706156730651855,0.6697331964969635,0.0070321219973266125,0.6600415086746216,0.6611045658588409,0.6629567861557006,0.6662405729293823,0.6697331964969635,0.6727696508169174,0.6780564486980438,0.6881047636270523,0.6894484412670135
16016,-0.6709657311439514,141.80857849121094,55.63895797729492,203.88678414481026,0.6709657311439514,0.6697331964969635,0.006891265977174044,0.6607197391986847,0.6618397265672684,0.6630388140678406,0.6672027707099915,0.6697331964969635,0.673118382692337,0.6790346503257751,0.6881047636270523,0.6894484412670135
16107,-0.6712435483932495,141.2368927001953,55.59776306152344,203.07720729282923,0.6712436079978943,0.670048713684082,0.006972313858568668,0.6607197391986847,0.6618397265672684,0.6636103630065918,0.6674143373966217,0.670048713684082,0.6733818799257278,0.6815627098083497,0.6882263004779816,0.6894484412670135
16198,-0.6715186834335327,140.6792755126953,55.564640045166016,202.27307346888952,0.6715186238288879,0.6706565022468567,0.006884603761136532,0.6607197391986847,0.6618397265672684,0.6643001437187195,0.6678902059793472,0.6706565022468567,0.6736033111810684,0.6815627098083497,0.6882263004779816,0.6894484412670135
16289,-0.6719464659690857,140.11199951171875,55.540283203125,201.45584760393416,0.6719464063644409,0.6711675524711609,0.006896089296787977,0.6607197391986847,0.6618397265672684,0.6644514679908753,0.6680736094713211,0.6711675524711609,0.6745243221521378,0.6824092149734498,0.6882542192935943,0.6894802141189575
16380,-0.6725032925605774,139.55633544921875,55.485618591308594,200.68253217424666,0.6725032329559326,0.6713944375514984,0.00685119116678834,0.6625920259952545,0.66304252743721,0.6651059031486511,0.6682766675949097,0.6713944375514984,0.6751033514738083,0.6826689720153809,0.6894466936588287,0.6898388314247131
16471,-0.6727709770202637,139.021728515625,55.463218688964844,199.9031481061663,0.6727709174156189,0.6714834570884705,0.0068496898747980595,0.6625920259952545,0.6643036425113678,0.6654534578323364,0.6684409379959106,0.6714834570884705,0.6753064095973969,0.6826689720153809,0.6894466936588287,0.6906272006034851
16562,-0.6731178164482117,138.4917449951172,55.439815521240234,199.12674386160714,0.6731177568435669,0.6717094779014587,0.006901436019688845,0.6625920259952545,0.6643036425113678,0.6659883737564087,0.6684583127498627,0.6717094779014587,0.6757414638996124,0.6826689720153809,0.6894466936588287,0.6906272006034851
16653,-0.6734620332717896,137.95152282714844,55.412349700927734,198.3424290248326,0.6734620928764343,0.6725107431411743,0.006989210844039917,0.6625920259952545,0.6643036425113678,0.6662925481796265,0.6687353998422623,0.6725107431411743,0.6757672876119614,0.6827866911888123,0.6894508570432663,0.6913412833213806
16744,-0.673907458782196,137.39622497558594,55.3603630065918,197.55255126953125,0.6739075183868408,0.6734203100204468,0.007146343123167753,0.6625920259952545,0.6643651574850082,0.6663571834564209,0.6697899997234344,0.6734203100204468,0.6760237067937851,0.6827961623668671,0.6903408497571946,0.6928300380706787
16835,-0.6742657423019409,136.85658264160156,55.32181930541992,196.77430289132255,0.6742657423019409,0.6734630465507507,0.007070490159094334,0.6626052451133728,0.6654594570398331,0.667289674282074,0.669984370470047,0.6734630465507507,0.6772708296775818,0.6827961623668671,0.6909930050373078,0.6936310148239135
16926,-0.6746691465377808,136.3116455078125,55.28926086425781,195.97855704171317,0.6746692061424255,0.6738089025020599,0.006938558537513018,0.66424360871315,0.6668902516365052,0.667716646194458,0.67010498046875,0.6738089025020599,0.6772708296775818,0.6827961623668671,0.6918215870857238,0.6939214420318603
17017,-0.6750115752220154,135.784912109375,55.240352630615234,195.2156742640904,0.6750115156173706,0.6741601228713989,0.006872671190649271,0.6653851652145386,0.6671897768974304,0.6680431485176086,0.6705969572067261,0.6741601228713989,0.6774304211139679,0.6827961623668671,0.6918215870857238,0.6939214420318603
17108,-0.6753829717636108,135.24412536621094,55.196651458740234,194.4388144356864,0.6753830909729004,0.6743188202381134,0.0067243813537061214,0.6655692005157471,0.6673775255680084,0.6684142410755157,0.6709958761930466,0.6743188202381134,0.6775634735822678,0.6827961623668671,0.6918685853481292,0.6939214420318603
17199,-0.6755944490432739,134.70977783203125,55.152320861816406,193.66329084123885,0.6755945086479187,0.6748830378055573,0.006762703415006399,0.6655692005157471,0.6673775255680084,0.6686349213123322,0.6709958761930466,0.6748830378055573,0.6776138246059418,0.6839881896972657,0.6918685853481292,0.6939214420318603
17290,-0.6761194467544556,134.17713928222656,55.123069763183594,192.88491821289062,0.6761195659637451,0.6755979955196381,0.00680627953261137,0.6655692005157471,0.6675326764583588,0.6692170917987823,0.6714532673358917,0.6755979955196381,0.6780189573764801,0.6841313660144807,0.692376309633255,0.6943681442737579
17381,-0.6764308214187622,133.6630401611328,55.093746185302734,192.12454659598214,0.6764307618141174,0.6757762432098389,0.007058949209749699,0.6655692005157471,0.6676144987344742,0.6692170917987823,0.6715105473995209,0.6757762432098389,0.6783429235219955,0.6841313660144807,0.6937425822019577,0.6951035034656524
17472,-0.6768444776535034,133.1291961669922,55.043800354003906,191.35428946358817,0.6768445372581482,0.6761527955532074,0.00703548826277256,0.6655692005157471,0.6676144987344742,0.6692993819713593,0.6723582595586777,0.6761527955532074,0.679125502705574,0.6841313660144807,0.6937425822019577,0.6951035034656524
17563,-0.6771493554115295,132.59153747558594,54.9921760559082,190.57518441336495,0.6771494150161743,0.6762399971485138,0.007101960945874453,0.6655692005157471,0.6676144987344742,0.6692993819713593,0.6733456552028656,0.6762399971485138,0.6793864369392395,0.6841313660144807,0.6937425822019577,0.6958958983421326
17654,-0.6773077249526978,132.08987426757812,54.95696258544922,189.83406938825334,0.677307665348053,0.6762963533401489,0.007056913338601589,0.6656669044494629,0.6676144987344742,0.6695111453533172,0.6734084486961365,0.6762963533401489,0.6795204728841782,0.6841313660144807,0.6937425822019577,0.6958958983421326
17745,-0.6775006055831909,131.584228515625,54.92908477783203,189.08791024344308,0.6775006055831909,0.6763145327568054,0.0069108204916119576,0.6663262069225311,0.6683971405029296,0.6699083268642425,0.6737096458673477,0.6763145327568054,0.6795554906129837,0.6841313660144807,0.6937425822019577,0.6958958983421326
17836,-0.6778561472892761,131.06459045410156,54.877140045166016,188.3371342250279,0.6778562068939209,0.6764161884784698,0.006721244193613529,0.6679298281669617,0.6692616224288941,0.6714369058609009,0.6737650036811829,0.6764161884784698,0.6795554906129837,0.684388417005539,0.6939636111259461,0.6958958983421326
17927,-0.6780919432640076,130.54612731933594,54.83754348754883,187.57491193498885,0.6780919432640076,0.6772975921630859,0.006640387233346701,0.6679298281669617,0.6699934363365173,0.6716854810714722,0.6739350855350494,0.6772975921630859,0.6799870580434799,0.684388417005539,0.6939963400363922,0.6958958983421326
18018,-0.6783493161201477,130.06674194335938,54.81764602661133,186.84356907435827,0.6783493161201477,0.677425742149353,0.006577750667929649,0.6684118676185608,0.6701229602098465,0.6721555352210998,0.6742538213729858,0.677425742149353,0.6804424226284027,0.684388417005539,0.6939963400363922,0.6960027933120727
18109,-0.6786242723464966,129.57835388183594,54.81529235839844,186.08655875069755,0.6786242723464966,0.6777529716491699,0.006544696632772684,0.6684118676185608,0.6706935405731201,0.6722146928310394,0.6747571527957916,0.6777529716491699,0.6805744022130966,0.684388417005539,0.6946442365646363,0.696581666469574
18200,-0.6790362596511841,129.09817504882812,54.811912536621094,185.34620230538505,0.6790362596511841,0.6779395341873169,0.0066582742147147655,0.6684118676185608,0.6712610304355622,0.6728746592998505,0.6754577308893204,0.6779395341873169,0.6805744022130966,0.6858208239078523,0.6959797233343125,0.6975405478477478
18291,-0.6792736649513245,128.6090850830078,54.77786636352539,184.615966796875,0.6792736053466797,0.6779395341873169,0.006635857280343771,0.6684432983398437,0.6713062196969986,0.673134195804596,0.6755472123622894,0.6779395341873169,0.6812538653612137,0.6869334578514099,0.696012219786644,0.6975405478477478
18382,-0.6795176267623901,128.1239776611328,54.74061965942383,183.8997301374163,0.6795176863670349,0.6781566739082336,0.00652663130313158,0.6700133430957794,0.6713062196969986,0.6736439824104309,0.6756544411182404,0.6781566739082336,0.6812538653612137,0.688994038105011,0.696012219786644,0.6975405478477478
18473,-0.6800462007522583,127.62423706054688,54.70541763305664,183.15487016950334,0.6800461411476135,0.6789771318435669,0.00687322998419404,0.6700133430957794,0.6727635860443115,0.6738699972629547,0.6756983697414398,0.6789771318435669,0.6819681376218796,0.688994038105011,0.6969611555337906,0.6998842191696167
18564,-0.6804397702217102,127.14208984375,54.66998291015625,182.42735726492745,0.6804397702217102,0.6792492866516113,0.006942316889762878,0.6701238822937011,0.6729775160551071,0.673884516954422,0.6761350035667419,0.6792492866516113,0.6820192486047745,0.688994038105011,0.6973909288644791,0.7010518729686737
18655,-0.6807725429534912,126.65815734863281,54.6319580078125,181.70396205357142,0.680772602558136,0.6793884336948395,0.007029274944216013,0.6701238822937011,0.6729775160551071,0.6742597699165345,0.676520049571991,0.6793884336948395,0.6824693232774734,0.6891610324382782,0.6980361849069595,0.7010518729686737
18746,-0.6810582876205444,126.17761993408203,54.59854507446289,180.97930908203125,0.6810583472251892,0.6798649430274963,0.006984548643231392,0.6701238822937011,0.6729775160551071,0.6743420243263245,0.6770759522914886,0.6798649430274963,0.6827526986598969,0.6891610324382782,0.6980361849069595,0.7010518729686737
18837,-0.6814884543418884,125.68987274169922,54.555442810058594,180.25415910993303,0.6814885139465332,0.6799032092094421,0.007297441363334656,0.6712692940235138,0.673394626379013,0.6746017575263977,0.6772956252098083,0.6799032092094421,0.6834180057048798,0.6939189791679382,0.6997238487005234,0.7014348244667054
18928,-0.6815944314002991,125.22586822509766,54.53577423095703,179.53302437918526,0.6815945506095886,0.6801089644432068,0.007230145391076803,0.6712692940235138,0.673661756515503,0.674781197309494,0.6774323284626007,0.6801089644432068,0.6834180057048798,0.6939189791679382,0.6997238487005234,0.7014348244667054
19019,-0.6817450523376465,124.75556945800781,54.50016403198242,178.81532723563058,0.6817450523376465,0.6804677248001099,0.007249830290675163,0.6712692940235138,0.673661756515503,0.674781197309494,0.6775675415992737,0.6804677248001099,0.683591291308403,0.6939189791679382,0.6997238487005234,0.7014348244667054
19110,-0.6820453405380249,124.27947235107422,54.46233367919922,178.09432329450334,0.6820453405380249,0.6808741092681885,0.00716822175309062,0.6712692940235138,0.673661756515503,0.6749344825744629,0.6779005229473114,0.6808741092681885,0.6836877763271332,0.6939189791679382,0.6997238487005234,0.7014348244667054
19201,-0.6821997165679932,123.81409454345703,54.4263801574707,177.38352748325892,0.6821997761726379,0.6810028254985809,0.007194635458290577,0.6719735157489777,0.673661756515503,0.6750673294067383,0.6780526638031006,0.6810028254985809,0.6837896406650543,0.6941076517105103,0.6997238487005234,0.7014614021778106
19292,-0.6824459433555603,123.34363555908203,54.3864631652832,176.67513820103235,0.6824460029602051,0.6813953518867493,0.007112600840628147,0.6728947198390961,0.673661756515503,0.675132828950882,0.6780953705310822,0.6813953518867493,0.6839699745178223,0.6941076517105103,0.6997238487005234,0.7014614021778106
19383,-0.682745635509491,122.88334655761719,54.35455322265625,175.97703988211495,0.6827455163002014,0.6815125346183777,0.007033440284430981,0.6728947198390961,0.6737113922834397,0.6758825182914734,0.6783933639526367,0.6815125346183777,0.6844324171543121,0.6941470563411712,0.6997375935316086,0.7014614021778106
19474,-0.6829839944839478,122.4218978881836,54.32283020019531,175.2666495186942,0.682983934879303,0.6816472709178925,0.007036843337118626,0.6728947198390961,0.6737113922834397,0.6760734379291534,0.6786534339189529,0.6816472709178925,0.684615284204483,0.6941655397415162,0.7002781867980957,0.7014614021778106
19565,-0.6833329796791077,121.96195983886719,54.2855110168457,174.5679670061384,0.6833329796791077,0.6818411946296692,0.00721985287964344,0.6729074597358704,0.6743973404169082,0.6766500532627105,0.6787323206663132,0.6818411946296692,0.6850232630968094,0.6941655397415162,0.7014086693525314,0.7028219056129456
19656,-0.6835746765136719,121.51825714111328,54.276817321777344,173.8623504638672,0.6835746765136719,0.6820961833000183,0.007314198184758425,0.6729833376407623,0.674410143494606,0.6769100666046143,0.6788526475429535,0.6820961833000183,0.6858749240636826,0.6941655397415162,0.7027848064899445,0.703370807170868
19747,-0.6837632656097412,121.0680923461914,54.24591064453125,173.16360909598214,0.6837632656097412,0.6822981238365173,0.0073757353238761425,0.6729833376407623,0.674410143494606,0.6769100666046143,0.6794202327728271,0.6822981238365173,0.6858749240636826,0.6941655397415162,0.7027848064899445,0.704743103981018
19838,-0.6838732957839966,120.6075668334961,54.19165802001953,172.46822466169084,0.6838732361793518,0.6825737953186035,0.007339076139032841,0.6729833376407623,0.6744139432907105,0.6771104276180268,0.6794202327728271,0.6825737953186035,0.6858749240636826,0.6941655397415162,0.7027848064899445,0.704743103981018
19929,-0.6841726303100586,120.12712097167969,54.1399040222168,171.74693516322546,0.6841726899147034,0.6829780340194702,0.007298613432794809,0.6729833376407623,0.6758959621191025,0.6771104276180268,0.6795695126056671,0.6829780340194702,0.6862595677375793,0.6941655397415162,0.7027996808290482,0.704743103981018
20020,-0.6843814849853516,119.68299102783203,54.09944152832031,171.06348746163505,0.6843814849853516,0.6831214129924774,0.007370988838374615,0.6729833376407623,0.6758959621191025,0.6771104276180268,0.6803039908409119,0.6831214129924774,0.6862595677375793,0.6941655397415162,0.703519630432129,0.7048687803745269
20111,-0.6846303343772888,119.23512268066406,54.06626892089844,170.36997985839844,0.684630274772644,0.6832996010780334,0.007244490087032318,0.6739047956466675,0.6761916160583497,0.6775311350822448,0.6804178953170776,0.6832996010780334,0.686540275812149,0.6941655397415162,0.703519630432129,0.7048770749568939
20202,-0.6848584413528442,118.78601837158203,54.03068542480469,169.66565813337053,0.6848583817481995,0.6836206614971161,0.007191420532763004,0.674542076587677,0.6761916160583497,0.6780894637107849,0.6805960386991501,0.6836206614971161,0.68710657954216,0.6941655397415162,0.703519630432129,0.7048770749568939
20293,-0.6851401925086975,118.3476791381836,54.01777648925781,168.97264971051897,0.6851403117179871,0.6839054226875305,0.007085098419338465,0.674542076587677,0.6770096600055695,0.6786893606185913,0.6811622977256775,0.6839054226875305,0.6875341236591339,0.6941655397415162,0.703519630432129,0.7048770749568939
20384,-0.6854569911956787,117.91234588623047,53.9921875,168.28921508789062,0.6854569315910339,0.6842568218708038,0.007159330882132053,0.6750615394115448,0.6771432042121888,0.6788878738880157,0.6811622977256775,0.6842568218708038,0.6875341236591339,0.6945146322250366,0.7035764455795288,0.7049375903606415
20475,-0.6857736110687256,117.46128845214844,53.947898864746094,167.5892072405134,0.6857735514640808,0.6845550239086151,0.00709442887455225,0.6759464168548583,0.6771432042121888,0.6788878738880157,0.68135005235672,0.6845550239086151,0.6879986077547073,0.6945146322250366,0.7035764455795288,0.7049375903606415
20566,-0.6860981583595276,117.05927276611328,53.949951171875,166.9160919189453,0.6860981583595276,0.6848581433296204,0.007000313140451908,0.6759464168548583,0.6784394592046737,0.6793587863445282,0.6815160661935806,0.6848581433296204,0.6882935464382172,0.6945146322250366,0.7035764455795288,0.7049375903606415
20657,-0.6862496733665466,116.61849212646484,53.907588958740234,166.2353036063058,0.6862496733665466,0.6849510967731476,0.0069575561210513115,0.6759464168548583,0.6787005364894867,0.6793587863445282,0.6823757737874985,0.6849510967731476,0.6882935464382172,0.6945536613464356,0.7043646007776261,0.7049375903606415
20748,-0.6864428520202637,116.18247985839844,53.87501907348633,165.5529065813337,0.6864427924156189,0.6853589415550232,0.006946842651814222,0.6759464168548583,0.6787236392498016,0.6795329689979553,0.6824152320623398,0.6853589415550232,0.6884260475635529,0.6945536613464356,0.7043646007776261,0.7049444890022277
20839,-0.6867689490318298,115.75949096679688,53.851505279541016,164.8697771344866,0.6867689490318298,0.6853854060173035,0.006930163130164146,0.6759504401683807,0.6793215841054916,0.6800242960453033,0.6828758120536804,0.6853854060173035,0.688875138759613,0.6945536613464356,0.7043707519769669,0.7058922231197358
20930,-0.6870430111885071,115.31919860839844,53.81065368652344,164.19547598702567,0.6870430111885071,0.6854648888111115,0.007066408172249794,0.6762317550182343,0.6793591409921647,0.6802779316902161,0.6828775405883789,0.6854648888111115,0.688875138759613,0.6945536613464356,0.7049730956554413,0.7065919589996338
21021,-0.6874172687530518,114.89205932617188,53.762359619140625,163.53620038713728,0.6874172687530518,0.6857358813285828,0.006931099109351635,0.6762317550182343,0.6795386970043182,0.6812235534191131,0.6837508082389832,0.6857358813285828,0.6893705725669861,0.6945536613464356,0.7049730956554413,0.7065919589996338
21112,-0.6875944137573242,114.4688720703125,53.71847152709961,162.88177708217077,0.6875942945480347,0.6859720647335052,0.006976319942623377,0.6762317550182343,0.6801402747631073,0.6812235534191131,0.6837508082389832,0.6859720647335052,0.6895933896303177,0.6945536613464356,0.7054374158382416,0.7065919589996338
21203,-0.6878749132156372,114.05322265625,53.68571090698242,162.21729823521204,0.6878749132156372,0.6864163875579834,0.006925293244421482,0.6762453103065491,0.6805001974105835,0.6813626766204834,0.6837508082389832,0.6864163875579834,0.6898134648799896,0.6945536613464356,0.7055613100528717,0.7070827627182007
21294,-0.6881028413772583,113.63327026367188,53.65660095214844,161.54391479492188,0.6881029009819031,0.6866986453533173,0.007009848952293396,0.6762453103065491,0.6807209193706513,0.6814946949481964,0.68398118019104,0.6866986453533173,0.6899497807025909,0.6945536613464356,0.7055613100528717,0.7083917713165283
21385,-0.6883366107940674,113.2236099243164,53.62321090698242,160.88673182896204,0.6883365511894226,0.6867243945598602,0.006958151236176491,0.6792850410938263,0.6809316515922547,0.6815520465373993,0.6842387616634369,0.6867243945598602,0.6900237202644348,0.6945536613464356,0.7058907091617584,0.7083917713165283
21476,-0.6885627508163452,112.81415557861328,53.57406234741211,160.24791608537947,0.6885628700256348,0.6868866980075836,0.007007683161646128,0.6793211090564728,0.6812080174684525,0.6821306228637696,0.6843021661043167,0.6868866980075836,0.690181314945221,0.6945536613464356,0.7068305343389512,0.7086555039882659
21567,-0.6887850761413574,112.41576385498047,53.551292419433594,159.60448346819197,0.6887850761413574,0.687089741230011,0.007205585483461618,0.6793211090564728,0.6812080174684525,0.682585471868515,0.6846113055944443,0.687089741230011,0.6904424130916595,0.6946334600448609,0.7068537175655365,0.7094806325435639
21658,-0.688992440700531,111.9762191772461,53.48588562011719,158.9295654296875,0.688992440700531,0.6873884201049805,0.007290760520845652,0.6793211090564728,0.6812080174684525,0.6827407896518707,0.6846335679292679,0.6873884201049805,0.6907728314399719,0.6949060201644899,0.706903600692749,0.7094806325435639
21749,-0.6892117857933044,111.5660629272461,53.45547866821289,158.26845005580358,0.6892116665840149,0.6877267360687256,0.00725903594866395,0.6793211090564728,0.6812080174684525,0.6833615183830262,0.6848632395267487,0.6877267360687256,0.6907728314399719,0.6949060201644899,0.706903600692749,0.709510281085968
21840,-0.6895978450775146,111.1561508178711,53.4246711730957,157.610111781529,0.6895978450775146,0.6885441541671753,0.007138719782233238,0.6793358159065247,0.681538662314415,0.6837111592292786,0.6852657347917557,0.6885441541671753,0.6914353221654892,0.6949060201644899,0.706903600692749,0.709510281085968
21931,-0.689661979675293,110.77063751220703,53.40591812133789,156.96776471819197,0.6896619200706482,0.6885955333709717,0.007125661708414555,0.6793358159065247,0.6816737115383148,0.6837389886379241,0.6852657347917557,0.6885955333709717,0.6914353221654892,0.6949621856212617,0.706903600692749,0.709510281085968
22022,-0.6899629235267639,110.38513946533203,53.38180160522461,156.3445325578962,0.6899629235267639,0.6888861656188965,0.0070123388431966305,0.6798967516422272,0.6821183294057847,0.6840328812599182,0.6856908351182938,0.6888861656188965,0.6917547285556793,0.6949621856212617,0.706903600692749,0.709510281085968
22113,-0.6901749968528748,109.98565673828125,53.35501480102539,155.68994358607702,0.6901748776435852,0.6891694664955139,0.007027295883744955,0.6804710054397582,0.6833067059516906,0.6840328812599182,0.6860206127166748,0.6891694664955139,0.6918537318706512,0.6949621856212617,0.7093704462051391,0.709510281085968
22204,-0.6905157566070557,109.5770263671875,53.31534957885742,155.03998238699776,0.6905156970024109,0.6894903182983398,0.007131142076104879,0.6804710054397582,0.683453494310379,0.6841170191764832,0.6863927692174911,0.6894903182983398,0.6920283138751984,0.6971139073371888,0.7093722313642502,0.7111404955387115
22295,-0.6906866431236267,109.1598892211914,53.2588005065918,154.39343479701452,0.6906866431236267,0.6895282864570618,0.007210299372673035,0.6804710054397582,0.6837178736925125,0.6841596603393555,0.6864097565412521,0.6895282864570618,0.6923040449619293,0.6971139073371888,0.7093722313642502,0.7119724655151367
22386,-0.690805971622467,108.7802734375,53.24205017089844,153.7547324044364,0.6908059120178223,0.6896164417266846,0.007178065367043018,0.6804710054397582,0.6840088665485382,0.6841596603393555,0.6864872127771378,0.6896164417266846,0.6923040449619293,0.6971139073371888,0.7093722313642502,0.7119724655151367
22477,-0.6909701228141785,108.3881607055664,53.21012496948242,153.11443437848772,0.6909701824188232,0.6898511648178101,0.00713134603574872,0.6804710054397582,0.6840293079614639,0.6844334006309509,0.6867994070053101,0.6898511648178101,0.692781925201416,0.6971139073371888,0.7093722313642502,0.7119724655151367
22568,-0.6911715269088745,108.01406860351562,53.18340301513672,152.49823434012276,0.6911714673042297,0.6898511648178101,0.0072102672420442104,0.6804710054397582,0.6840293079614639,0.6844334006309509,0.6869720965623856,0.6898511648178101,0.6933355778455734,0.6987417936325073,0.7093722313642502,0.7119946658611298
22659,-0.6914200186729431,107.65515899658203,53.18745040893555,151.87679617745536,0.6914201378822327,0.6904055774211884,0.00713393883779645,0.6816885566711426,0.6840417087078094,0.6845590651035309,0.6870867758989334,0.6904055774211884,0.6935901343822479,0.6987417936325073,0.7094335913658142,0.7119946658611298
22750,-0.6916340589523315,107.28681182861328,53.17423629760742,151.25228227887834,0.6916342377662659,0.6904118359088898,0.007130180019885302,0.6816885566711426,0.6840787827968597,0.6850302755832672,0.6872678995132446,0.6904118359088898,0.6937258541584015,0.6988431453704834,0.7094335913658142,0.7119946658611298
22841,-0.6918087601661682,106.92701721191406,53.16946792602539,150.63829694475447,0.6918087601661682,0.6904570758342743,0.007065082900226116,0.682177700996399,0.6840787827968597,0.6850302755832672,0.6875207722187042,0.6904570758342743,0.6937338709831238,0.6988866329193116,0.7094993382692337,0.7119946658611298
22932,-0.6920536756515503,106.54320526123047,53.13977813720703,149.99640764508928,0.6920537352561951,0.6908597946166992,0.007084657903760672,0.682177700996399,0.6840787827968597,0.685302448272705,0.6886231154203415,0.6908597946166992,0.6937338709831238,0.6988866329193116,0.7095086991786956,0.7138343644142151
23023,-0.6922826766967773,106.19540405273438,53.13441848754883,149.39530072893416,0.6922827363014221,0.6909023523330688,0.007004823535680771,0.6830317115783692,0.6841886341571808,0.6859276533126831,0.6887428909540176,0.6909023523330688,0.6937338709831238,0.6988866329193116,0.7095086991786956,0.7138343644142151
23114,-0.6923946738243103,105.84989166259766,53.121456146240234,148.80376761300224,0.6923946142196655,0.6909292340278625,0.006955606862902641,0.6830317115783692,0.6851673722267151,0.6863771855831147,0.6887428909540176,0.6909292340278625,0.6937438100576401,0.6988866329193116,0.7095086991786956,0.7138343644142151
23205,-0.6926570534706116,105.4469223022461,53.068511962890625,148.17178344726562,0.6926569938659668,0.6910769045352936,0.0069260974414646626,0.6830398678779602,0.6852016508579254,0.6864855408668518,0.6887877285480499,0.6910769045352936,0.6938503533601761,0.7012882292270661,0.7095086991786956,0.7138343644142151
23296,-0.692923903465271,105.08097839355469,53.049293518066406,147.54995945521765,0.692923903465271,0.6912628710269928,0.0069236475974321365,0.6844335746765137,0.6854137897491455,0.6866804122924804,0.6889333724975586,0.6912628710269928,0.693968802690506,0.7013578832149506,0.7095086991786956,0.7138343644142151
23387,-0.6930596232414246,104.72112274169922,53.02970504760742,146.93134198869978,0.6930595636367798,0.6914577484130859,0.00695883110165596,0.6844335746765137,0.6854137897491455,0.6868636250495911,0.6889903694391251,0.6914577484130859,0.6939840763807297,0.7013578832149506,0.7099355340003968,0.7147808229923248
23478,-0.6932046413421631,104.34915924072266,53.00275802612305,146.31180245535714,0.6932046413421631,0.6915870606899261,0.006950407288968563,0.6844335746765137,0.6861355245113373,0.6870714426040649,0.6891935616731644,0.6915870606899261,0.6939840763807297,0.7013578832149506,0.7099355340003968,0.7147808229923248
23569,-0.6934254765510559,103.97254180908203,52.95002365112305,145.70050484793526,0.6934254169464111,0.6916467845439911,0.006919190287590027,0.6851054358482361,0.6861659288406372,0.6871208488941193,0.6894725412130356,0.6916467845439911,0.6942150145769119,0.7014554798603059,0.7106935083866119,0.7147808229923248
23660,-0.6936626434326172,103.5879135131836,52.893550872802734,145.0846426827567,0.6936626434326172,0.6921683251857758,0.006870521232485771,0.6851054358482361,0.6861659288406372,0.6871208488941193,0.6897694915533066,0.6921683251857758,0.6951080411672592,0.7014554798603059,0.7106935083866119,0.7147808229923248
23751,-0.6938068866729736,103.22038269042969,52.856109619140625,144.4791521344866,0.6938068270683289,0.6925167441368103,0.006936527788639069,0.6851054358482361,0.6861659288406372,0.6871208488941193,0.6899014264345169,0.6925167441368103,0.6951870322227478,0.7014554798603059,0.7110322713851929,0.714890456199646
23842,-0.6938826441764832,102.88766479492188,52.85898208618164,143.8891100202288,0.6938825845718384,0.6926319301128387,0.0069096083752810955,0.6851054358482361,0.6861659288406372,0.6871208488941193,0.6901806145906448,0.6926319301128387,0.6951870322227478,0.7014554798603059,0.7110322713851929,0.714890456199646
23933,-0.6940385103225708,102.51795196533203,52.80665969848633,143.29103524344308,0.694038450717926,0.692754864692688,0.0069912029430270195,0.6851054358482361,0.6861659288406372,0.6874747216701508,0.6901806145906448,0.692754864692688,0.695306658744812,0.7014554798603059,0.7120432615280151,0.714890456199646
24024,-0.6942746043205261,102.13702392578125,52.767635345458984,142.67072187151228,0.6942746043205261,0.6929166913032532,0.0069517893716692924,0.6851054358482361,0.6861726939678192,0.6880893409252167,0.6905500590801239,0.6929166913032532,0.6954755783081055,0.7014554798603059,0.7120432615280151,0.7150736904144287
24115,-0.6944501996040344,101.78987884521484,52.746002197265625,142.0789337158203,0.6944501399993896,0.6930843591690063,0.00695313373580575,0.6851426124572754,0.6861726939678192,0.6880893409252167,0.6908398568630219,0.6930843591690063,0.6959061026573181,0.7014554798603059,0.7125612050294876,0.7151114463806152
24206,-0.6947680711746216,101.41532897949219,52.69096374511719,141.47991943359375,0.6947680711746216,0.693245530128479,0.006991186644881964,0.6851426124572754,0.6862666308879852,0.6880965948104858,0.6912441849708557,0.693245530128479,0.6962275952100754,0.7016800582408905,0.7125612050294876,0.7151134598255158
24297,-0.6949345469474792,101.05854034423828,52.6556396484375,140.8799111502511,0.6949345469474792,0.6936927735805511,0.007006704807281494,0.6852033638954163,0.6864654004573822,0.6880965948104858,0.6912441849708557,0.6936927735805511,0.6963371634483337,0.7016800582408905,0.7133779644966125,0.715650680065155
24388,-0.6951874494552612,100.69036102294922,52.597511291503906,140.28403799874442,0.6951874494552612,0.6938919723033905,0.007003128528594971,0.686249623298645,0.6874806314706803,0.688447105884552,0.6912441849708557,0.6938919723033905,0.6964335888624191,0.7017291069030762,0.7133779644966125,0.715650680065155
24479,-0.6953632831573486,100.34977722167969,52.566349029541016,139.6947958809989,0.6953632831573486,0.6939226686954498,0.006925155408680439,0.686249623298645,0.6876956909894943,0.6886078119277954,0.6914658099412918,0.6939226686954498,0.6964869648218155,0.7017291069030762,0.7133779644966125,0.715650680065155
24570,-0.6954635381698608,100.01577758789062,52.568756103515625,139.0968235560826,0.6954635381698608,0.694193035364151,0.0068888552486896515,0.686249623298645,0.6877191513776779,0.6891168594360352,0.6914658099412918,0.694193035364151,0.696512296795845,0.7017291069030762,0.7133779644966125,0.715650680065155
24661,-0.6956003904342651,99.66570281982422,52.528751373291016,138.50922502790178,0.6956004500389099,0.6942870020866394,0.006886865012347698,0.686249623298645,0.6877191513776779,0.6891168594360352,0.691541314125061,0.6942870020866394,0.6968176364898682,0.7030214488506318,0.7133779644966125,0.715650680065155
24752,-0.6957683563232422,99.30233764648438,52.49597930908203,137.89979553222656,0.6957683563232422,0.6943409740924835,0.006818610709160566,0.6862645721435547,0.6877191513776779,0.6893500983715057,0.6918503791093826,0.6943409740924835,0.6968176364898682,0.7030214488506318,0.7140025317668914,0.715650680065155
24843,-0.6959284543991089,98.96770477294922,52.46765899658203,137.3193359375,0.6959283947944641,0.694577544927597,0.006897653453052044,0.6866382825374603,0.6877191513776779,0.6896135330200195,0.6921785324811935,0.694577544927597,0.6970909535884857,0.7030214488506318,0.7140356868505477,0.7161097073554993
24934,-0.6961063742637634,98.64583587646484,52.454429626464844,136.75350516183036,0.6961063146591187,0.6949177086353302,0.006839805282652378,0.6866382825374603,0.6880210816860199,0.6896135330200195,0.6925319582223892,0.6949177086353302,0.6971624493598938,0.7030214488506318,0.7140356868505477,0.7161097073554993
25025,-0.6961933970451355,98.28717803955078,52.39628601074219,136.16561453683036,0.6961933374404907,0.6950378715991974,0.006886313669383526,0.6866382825374603,0.688526725769043,0.6896135330200195,0.6925682425498962,0.6950378715991974,0.6973187625408173,0.7030220746994019,0.7141522884368896,0.7161097073554993
25116,-0.6962664723396301,97.9797592163086,52.392398834228516,135.60387965611048,0.6962664127349854,0.6950378715991974,0.006866762414574623,0.6866382825374603,0.688526725769043,0.6896135330200195,0.6926024109125137,0.6950378715991974,0.6974340081214905,0.7030220746994019,0.7141522884368896,0.7161097073554993
25207,-0.6964977383613586,97.66829681396484,52.37782669067383,135.0358407156808,0.6964977383613586,0.6953384578227997,0.0068159690126776695,0.6872916233539581,0.6886587858200073,0.6900479614734649,0.692693829536438,0.6953384578227997,0.6974974572658539,0.7030220746994019,0.7141522884368896,0.7161205232143402
25298,-0.6965978741645813,97.35111999511719,52.36684036254883,134.4610094342913,0.6965978741645813,0.6954165101051331,0.006790484767407179,0.6872916233539581,0.6886587858200073,0.6900479614734649,0.6929345428943634,0.6954165101051331,0.6974974572658539,0.7030644893646241,0.7141522884368896,0.7161205232143402
25389,-0.6967594027519226,97.04981994628906,52.36776351928711,133.89747401646204,0.6967594027519226,0.695728600025177,0.006723479833453894,0.6872916233539581,0.688875624537468,0.6901789009571075,0.6930173635482788,0.695728600025177,0.697625994682312,0.7030644893646241,0.7141522884368896,0.7161205232143402
25480,-0.6970032453536987,96.72834777832031,52.34757614135742,133.32913425990515,0.6970032453536987,0.695728600025177,0.006883176974952221,0.6885183799266815,0.6888790756464005,0.6907405972480773,0.6932614743709564,0.695728600025177,0.6977809071540833,0.7032691836357118,0.7152078181505204,0.7174092209339141
25571,-0.6971389651298523,96.42060852050781,52.33201599121094,132.76910400390625,0.6971389651298523,0.6959052979946136,0.006912915036082268,0.6885258877277374,0.6888790756464005,0.6915741741657258,0.6936423927545547,0.6959052979946136,0.6978144496679306,0.7032691836357118,0.7154215842485427,0.7174092209339141
25662,-0.697221577167511,96.08026885986328,52.27865982055664,132.20245361328125,0.697221577167511,0.6959156692028046,0.006896886974573135,0.6885258877277374,0.6888790756464005,0.6915741741657258,0.6936423927545547,0.6959156692028046,0.6978144496679306,0.7032691836357118,0.7154215842485427,0.7174092209339141
25753,-0.69735187292099,95.76644134521484,52.24782180786133,131.64802987234933,0.6973519921302795,0.6960774660110474,0.006914891768246889,0.6885258877277374,0.6888790756464005,0.6916202008724213,0.6942574381828308,0.6960774660110474,0.6979442685842514,0.7032691836357118,0.7154662907123566,0.7174092209339141
25844,-0.697529137134552,95.45661163330078,52.2338981628418,131.087886265346,0.697529137134552,0.6962714791297913,0.006936564575880766,0.6885258877277374,0.6888790756464005,0.6916202008724213,0.694368526339531,0.6962714791297913,0.6982621550559998,0.7032691836357118,0.7161719381809235,0.7174092209339141
25935,-0.6976721882820129,95.10892486572266,52.1918830871582,130.4973384312221,0.6976721286773682,0.6963625848293304,0.006895352154970169,0.6885266137123108,0.6896958529949189,0.6917045295238495,0.694368526339531,0.6963625848293304,0.6983053833246231,0.7035884201526643,0.7161719381809235,0.7174092209339141
26026,-0.6978328824043274,94.78398132324219,52.15296173095703,129.92798941476005,0.6978328227996826,0.6964491903781891,0.006914259400218725,0.6885515284538269,0.690678060054779,0.6917045295238495,0.694368526339531,0.6964491903781891,0.6983731240034103,0.7035884201526643,0.7161719381809235,0.7181754183769226
26117,-0.6979301571846008,94.48761749267578,52.141929626464844,129.38221849714006,0.6979302167892456,0.6966611742973328,0.006893546786159277,0.6885515284538269,0.690678060054779,0.6917045295238495,0.694368526339531,0.6966611742973328,0.6984870880842209,0.7035884201526643,0.7161719381809235,0.7181754183769226
26208,-0.6980041861534119,94.16496276855469,52.104366302490234,128.8228530883789,0.6980042457580566,0.6966692507266998,0.00689328508451581,0.6885515284538269,0.690678060054779,0.6920823693275452,0.694368526339531,0.6966692507266998,0.6988831162452698,0.7041462659835817,0.7161719381809235,0.7181754183769226
26299,-0.6982528567314148,93.86103057861328,52.08872985839844,128.25952366420202,0.6982529163360596,0.6969090104103088,0.0069712805561721325,0.6890515983104706,0.6911326974630356,0.6921092391014099,0.6946403533220291,0.6969090104103088,0.6990661770105362,0.7041462659835817,0.7161719381809235,0.7187017238140107
26390,-0.6983355283737183,93.55728149414062,52.076499938964844,127.69371904645648,0.698335587978363,0.696969598531723,0.006959885358810425,0.6890569508075715,0.6911326974630356,0.6921092391014099,0.6946403533220291,0.696969598531723,0.6993626952171326,0.7042272925376893,0.7161719381809235,0.7189183402061462
26481,-0.6984498500823975,93.24459075927734,52.059383392333984,127.11827523367745,0.6984499096870422,0.6973491609096527,0.006937670987099409,0.6890569508075715,0.6911326974630356,0.6921092391014099,0.6946403533220291,0.6973491609096527,0.6993626952171326,0.7042272925376893,0.7161719381809235,0.7189183402061462
26572,-0.698606550693512,92.938720703125,52.0387077331543,126.56197357177734,0.698606550693512,0.6973591446876526,0.006889305543154478,0.6890569508075715,0.6914734065532684,0.692151790857315,0.694762647151947,0.6973591446876526,0.6995636522769928,0.7042272925376893,0.7161920875310898,0.7189183402061462
26663,-0.6987133622169495,92.64389038085938,52.03263473510742,126.0023934500558,0.698713481426239,0.6974359750747681,0.0069259656593203545,0.6890569508075715,0.6914734065532684,0.692151790857315,0.6948868781328201,0.6974359750747681,0.6996938288211823,0.7042272925376893,0.7164710760116577,0.7189183402061462
26754,-0.6988755464553833,92.35295104980469,52.021549224853516,125.4441898890904,0.6988756060600281,0.6975547671318054,0.007004966959357262,0.6890569508075715,0.6914975374937058,0.6921809613704681,0.6951080560684204,0.6975547671318054,0.6997884809970856,0.7042272925376893,0.7164710760116577,0.71921395778656
26845,-0.699025571346283,92.05432891845703,52.006370544433594,124.89643859863281,0.6990255117416382,0.6976856589317322,0.0070346808061003685,0.6890569508075715,0.6914975374937058,0.6930308818817139,0.6951085925102234,0.6976856589317322,0.6999577879905701,0.7043638110160828,0.7164710760116577,0.7193216121196747
26936,-0.6991717219352722,91.76361846923828,51.98587417602539,124.37101527622768,0.6991716623306274,0.6978018283843994,0.007007904350757599,0.6901731395721435,0.6915472954511642,0.6930308818817139,0.695130467414856,0.6978018283843994,0.7000136971473694,0.7043638110160828,0.7170363605022431,0.7193216121196747
27027,-0.6992710828781128,91.47091674804688,51.974029541015625,123.82009887695312,0.6992710828781128,0.6978749632835388,0.007015614304691553,0.6902925348281861,0.691828390955925,0.6930308818817139,0.6953736841678619,0.6978749632835388,0.700099527835846,0.7043638110160828,0.7170363605022431,0.7208252680301667
27118,-0.6994068622589111,91.17494201660156,51.96260070800781,123.2698255266462,0.6994068622589111,0.6978749632835388,0.006960163824260235,0.6911567270755767,0.691828390955925,0.6930768311023712,0.6958090215921402,0.6978749632835388,0.7005438804626465,0.7043638110160828,0.7170363605022431,0.7208252680301667
27209,-0.6995684504508972,90.9090805053711,51.97029113769531,122.7379891531808,0.6995683908462524,0.698157787322998,0.006912684999406338,0.6911906158924103,0.692100179195404,0.6935571789741516,0.6961138546466827,0.698157787322998,0.7005438804626465,0.7043638110160828,0.7171278357505798,0.7208252680301667
27300,-0.6996855735778809,90.59369659423828,51.92505645751953,122.19239916120257,0.6996856927871704,0.6983185708522797,0.006945282686501741,0.6911906158924103,0.692100179195404,0.6935571789741516,0.6961697489023209,0.6983185708522797,0.7005438804626465,0.7056609272956849,0.7179323554039001,0.7208252680301667
27391,-0.6998318433761597,90.3163833618164,51.9150390625,121.6685540335519,0.6998318433761597,0.6983721256256104,0.006978336721658707,0.6911906158924103,0.692100179195404,0.6943085968494416,0.6962063610553741,0.6983721256256104,0.7005438804626465,0.7056939005851747,0.7190916657447814,0.7208252680301667
27482,-0.6999954581260681,90.01628875732422,51.890220642089844,121.12967245919364,0.6999955773353577,0.6986372470855713,0.007030060514807701,0.6911906158924103,0.692100179195404,0.6943085968494416,0.6962063610553741,0.6986372470855713,0.7009469717741013,0.7056939005851747,0.7190916657447814,0.7208252680301667
27573,-0.700084388256073,89.71624755859375,51.859317779541016,120.59975760323661,0.7000843286514282,0.6986372470855713,0.007008768152445555,0.6911906158924103,0.692166656255722,0.6943085968494416,0.6963308751583099,0.6986372470855713,0.7010564208030701,0.7056939005851747,0.7190916657447814,0.7208252680301667
27664,-0.7001768350601196,89.44052124023438,51.841514587402344,120.07195826939174,0.7001768350601196,0.6987821161746979,0.006989159155637026,0.6911906158924103,0.692166656255722,0.6943715989589692,0.6963764429092407,0.6987821161746979,0.7013327181339264,0.7056939005851747,0.7190916657447814,0.7208252680301667
27755,-0.7002191543579102,89.17085266113281,51.84380340576172,119.54687935965401,0.7002192139625549,0.6989254057407379,0.006968863774091005,0.6911906158924103,0.6922774463891983,0.6943715989589692,0.6963764429092407,0.6989254057407379,0.7013327181339264,0.7056939005851747,0.7190916657447814,0.7208252680301667
27846,-0.7003551125526428,88.87359619140625,51.80264663696289,119.01868874686105,0.7003552317619324,0.6989868581295013,0.007009224500507116,0.6911906158924103,0.692489504814148,0.6945023119449616,0.6963764429092407,0.6989868581295013,0.7013416588306427,0.7058943510055543,0.7190916657447814,0.7208252680301667
27937,-0.7005183100700378,88.60487365722656,51.79553985595703,118.500241960798,0.7005183696746826,0.6991244554519653,0.006956879049539566,0.6911907196044922,0.6925528794527054,0.6947468400001526,0.6963881254196167,0.6991244554519653,0.7015387713909149,0.7058943510055543,0.7190916657447814,0.7208252680301667
28028,-0.700632631778717,88.33419799804688,51.78936004638672,117.9677015032087,0.700632631778717,0.6992744207382202,0.0069547430612146854,0.6911907196044922,0.6927265435457229,0.6947468400001526,0.6964747905731201,0.6992744207382202,0.7015604674816132,0.7058943510055543,0.7190916657447814,0.7208252680301667
28119,-0.7007645964622498,88.04463958740234,51.755924224853516,117.44305419921875,0.7007645964622498,0.6994075775146484,0.0068940939381718636,0.6919322085380554,0.6927707672119141,0.6951474547386169,0.6968723833560944,0.6994075775146484,0.7015604674816132,0.7064189910888673,0.7190916657447814,0.7208252680301667
28210,-0.700893223285675,87.78079986572266,51.752952575683594,116.9197028023856,0.7008931636810303,0.699414849281311,0.00681763980537653,0.6926586997509002,0.6937370657920837,0.6954149007797241,0.6969663202762604,0.699414849281311,0.7017503678798676,0.7064189910888673,0.7190916657447814,0.7208252680301667
28301,-0.7009411454200745,87.50138092041016,51.72919845581055,116.39377811976841,0.7009410858154297,0.699414849281311,0.006870591081678867,0.6926586997509002,0.6937370657920837,0.6954149007797241,0.6971400678157806,0.699414849281311,0.7017503678798676,0.7064189910888673,0.7195064634084701,0.721038064956665
28392,-0.7011315822601318,87.23702239990234,51.715843200683594,115.88089425223214,0.7011315822601318,0.6998148560523987,0.006825577467679977,0.6927775692939758,0.6937370657920837,0.6954149007797241,0.6973609030246735,0.6998148560523987,0.702452152967453,0.7064189910888673,0.7195064634084701,0.7210698866844177
28483,-0.7013437747955322,86.93724822998047,51.670562744140625,115.35600062779018,0.7013437151908875,0.7000609338283539,0.00680560665205121,0.6927775692939758,0.6944772243499756,0.6955211877822876,0.6977984011173248,0.7000609338283539,0.7029651254415512,0.7064189910888673,0.7201378822326661,0.7210698866844177
28574,-0.7015106678009033,86.68315124511719,51.657470703125,114.85718754359654,0.7015105485916138,0.7002414762973785,0.006824824959039688,0.6927775692939758,0.6944772243499756,0.6955211877822876,0.697848379611969,0.7002414762973785,0.7030366510152817,0.7064189910888673,0.7202576667070388,0.7210698866844177
28665,-0.7016621232032776,86.44054412841797,51.657432556152344,114.3604965209961,0.7016620635986328,0.7002732753753662,0.006807240657508373,0.6927775692939758,0.6944772243499756,0.6958365559577941,0.6979135572910309,0.7002732753753662,0.7030825763940811,0.7072625994682313,0.7205744236707687,0.7210698866844177
28756,-0.7017872333526611,86.17809295654297,51.65058898925781,113.84651838030133,0.7017872333526611,0.7003238201141357,0.006821664981544018,0.6927775692939758,0.6944772243499756,0.6959779262542725,0.6982010900974274,0.7003238201141357,0.7030825763940811,0.7075059294700623,0.7205744236707687,0.7213038897514343
28847,-0.7019175291061401,85.91218566894531,51.642276763916016,113.32702309744698,0.7019175887107849,0.7003802359104156,0.006795152090489864,0.6935430443286896,0.6952719449996948,0.6960117876529693,0.6984165608882904,0.7003802359104156,0.7030825763940811,0.7075059294700623,0.72062146961689,0.7216960716247559
28938,-0.7020062208175659,85.6310806274414,51.6032600402832,112.80835723876953,0.7020062208175659,0.7004033923149109,0.006784229539334774,0.6935430443286896,0.6952719449996948,0.6964152693748474,0.6985091716051102,0.7004033923149109,0.7030825763940811,0.7075059294700623,0.72062146961689,0.7216960716247559
29029,-0.7020832896232605,85.35684204101562,51.57181167602539,112.28926086425781,0.7020832896232605,0.7004803717136383,0.006756859831511974,0.6935430443286896,0.6953986406326294,0.6966990292072296,0.6985734850168228,0.7004803717136383,0.7031529992818832,0.7075059294700623,0.72062146961689,0.7216960716247559
29120,-0.7021777033805847,85.10413360595703,51.57069778442383,111.78461238316127,0.7021775841712952,0.7004803717136383,0.006815118249505758,0.6935530686378479,0.6953986406326294,0.6966990292072296,0.6987038403749466,0.7004803717136383,0.7031529992818832,0.7075205266475678,0.7210073620080948,0.7220146417617798
29211,-0.70231693983078,84.83515167236328,51.54935073852539,111.27535138811383,0.7023169994354248,0.7007583379745483,0.006789332255721092,0.6935530686378479,0.6953986406326294,0.6966990292072296,0.6987534016370773,0.7007583379745483,0.7032135277986526,0.7075205266475678,0.7210073620080948,0.7220146417617798
29302,-0.702439546585083,84.57386779785156,51.54182052612305,110.73867688860211,0.702439546585083,0.7009792029857635,0.006829076912254095,0.6935530686378479,0.6953986406326294,0.6966990292072296,0.6988876461982727,0.7009792029857635,0.7033134251832962,0.7075205266475678,0.7211061924695968,0.7220146417617798
29393,-0.7025128602981567,84.32022094726562,51.52981948852539,110.2426986694336,0.702512800693512,0.7009792029857635,0.0068503692746162415,0.6935530686378479,0.6953986406326294,0.6967508971691132,0.6988876461982727,0.7009792029857635,0.7033134251832962,0.7077230870723725,0.7215093582868576,0.7220146417617798
29484,-0.7025686502456665,84.05094909667969,51.51572036743164,109.71484810965401,0.7025685906410217,0.7010778188705444,0.0068302457220852375,0.6935530686378479,0.6953986406326294,0.6967508971691132,0.6988876461982727,0.7010778188705444,0.7033134251832962,0.7077230870723725,0.7215093582868576,0.7220146417617798
29575,-0.7026951909065247,83.81287384033203,51.5173454284668,109.20613970075335,0.7026951313018799,0.7014870643615723,0.00679452158510685,0.693755657672882,0.6954414188861847,0.6967508971691132,0.6988876461982727,0.7014870643615723,0.7034298181533813,0.7077713608741761,0.7215093582868576,0.7220146417617798
29666,-0.7027863264083862,83.5560302734375,51.50436019897461,108.69500514439174,0.7027862668037415,0.7015884518623352,0.006825311109423637,0.693755657672882,0.6954414188861847,0.6968054950237275,0.6992157697677612,0.7015884518623352,0.7034298181533813,0.7077713608741761,0.7216977953910828,0.7226009285449981
29757,-0.7029417753219604,83.30072021484375,51.486446380615234,108.1988754272461,0.7029417157173157,0.7017326354980469,0.006844247225672007,0.693755657672882,0.6954414188861847,0.6968054950237275,0.6993667185306549,0.7017326354980469,0.7039213478565216,0.7077713608741761,0.7218533158302307,0.7226193761825561
29848,-0.7030354142189026,83.0463638305664,51.473411560058594,107.69815717424665,0.7030354142189026,0.7018271684646606,0.00683470768854022,0.693755657672882,0.6954515516757965,0.6972039639949799,0.6993667185306549,0.7018271684646606,0.7039213478565216,0.7077713608741761,0.7218868881464005,0.7228283965587616
29939,-0.7031592130661011,82.78668975830078,51.42824172973633,107.21509443010602,0.7031592726707458,0.7019168436527252,0.006803277414292097,0.693755657672882,0.6954515516757965,0.6977041959762573,0.6996526122093201,0.7019168436527252,0.7039761245250702,0.7089441299438477,0.7218868881464005,0.7228283965587616
30030,-0.7032902240753174,82.52671813964844,51.41089630126953,106.70308794294085,0.7032901644706726,0.7019246518611908,0.006796347443014383,0.6953648066520691,0.695721960067749,0.6977041959762573,0.6996921598911285,0.7019246518611908,0.7040569931268692,0.7089441299438477,0.7218868881464005,0.7228349828720093
30121,-0.7034890055656433,82.2990951538086,51.41301727294922,106.21255057198661,0.7034889459609985,0.7020200788974762,0.006784589495509863,0.695383814573288,0.695721960067749,0.6978861808776855,0.7001609653234482,0.7020200788974762,0.7040918171405792,0.7089441299438477,0.7226119965314866,0.723235331773758
30212,-0.7035850286483765,82.08336639404297,51.4388542175293,105.71014622279576,0.7035850286483765,0.7021190226078033,0.006801533047109842,0.695383814573288,0.695721960067749,0.6981923937797546,0.7001609653234482,0.7021190226078033,0.7042844891548157,0.7090445220470429,0.7226119965314866,0.723235331773758
30303,-0.703633189201355,81.83952331542969,51.434879302978516,105.21307373046875,0.7036331295967102,0.7021643221378326,0.00677104527130723,0.695383814573288,0.695721960067749,0.6981923937797546,0.7001806646585464,0.7021643221378326,0.7042844891548157,0.7090445220470429,0.7226119965314866,0.723235331773758
30394,-0.703732430934906,81.5871353149414,51.418052673339844,104.71581159319196,0.703732430934906,0.7022867798805237,0.006786431185901165,0.695383814573288,0.695721960067749,0.6981923937797546,0.7002478092908859,0.7022867798805237,0.7043547630310059,0.7090445220470429,0.7226119965314866,0.723235331773758
30485,-0.7037866711616516,81.33393096923828,51.39640426635742,104.2207761492048,0.7037867903709412,0.7022868990898132,0.006775764282792807,0.695383814573288,0.695721960067749,0.6981923937797546,0.7002478092908859,0.7022868990898132,0.70438551902771,0.7090445220470429,0.7226119965314866,0.723235331773758
30576,-0.70388263463974,81.09552764892578,51.393882751464844,103.71648297991071,0.7038826942443848,0.7023752927780151,0.006795973517000675,0.695383814573288,0.695721960067749,0.6981923937797546,0.7004246860742569,0.7023752927780151,0.70438551902771,0.7090445220470429,0.7226119965314866,0.723235331773758
30667,-0.704007089138031,80.8322525024414,51.3511962890625,103.23134504045758,0.704007089138031,0.7026356160640717,0.006808160804212093,0.695383814573288,0.695721960067749,0.6987646222114563,0.7006563544273376,0.7026356160640717,0.70438551902771,0.709711790084839,0.7228457689285278,0.7234652435779572
30758,-0.7040591239929199,80.60163116455078,51.342594146728516,102.75023651123047,0.7040591239929199,0.7027718722820282,0.006789896637201309,0.695383814573288,0.695721960067749,0.6988720715045929,0.7007938325405121,0.7027718722820282,0.7044834643602371,0.709711790084839,0.7228457689285278,0.7234652435779572
30849,-0.7041006088256836,80.38815307617188,51.338375091552734,102.29786028180804,0.7041006684303284,0.7027718722820282,0.006793178617954254,0.695383814573288,0.695721960067749,0.6988720715045929,0.700812041759491,0.7027718722820282,0.7045483589172363,0.709711790084839,0.7228457689285278,0.7234695112705231
30940,-0.7041805982589722,80.13798522949219,51.30720520019531,101.80809674944196,0.7041806578636169,0.7028495371341705,0.006758955307304859,0.695383814573288,0.695721960067749,0.6991274893283844,0.7009632736444473,0.7028495371341705,0.7045483589172363,0.709711790084839,0.7228457689285278,0.7234695112705231
31031,-0.7043436765670776,79.88007354736328,51.27909469604492,101.3127692086356,0.7043437361717224,0.7029644548892975,0.006854180246591568,0.695383814573288,0.6961341261863708,0.6991664886474609,0.7009632736444473,0.7029644548892975,0.7046396136283875,0.709711790084839,0.7233021467924118,0.7241920745372772
31122,-0.704474151134491,79.63793182373047,51.25082015991211,100.84520939418248,0.7044742107391357,0.703069657087326,0.006803289987146854,0.6954426741600037,0.6961768716573715,0.6991664886474609,0.7009632736444473,0.703069657087326,0.7047392874956131,0.709711790084839,0.7233021467924118,0.7241920745372772
31213,-0.7045732140541077,79.39423370361328,51.231529235839844,100.33512878417969,0.7045732140541077,0.7031448781490326,0.006878461688756943,0.695692640542984,0.6961768716573715,0.6991664886474609,0.7010293304920197,0.7031448781490326,0.704827755689621,0.7098996400833131,0.7233021467924118,0.7241920745372772
31304,-0.7046473622322083,79.14472961425781,51.18844223022461,99.86427198137555,0.7046473026275635,0.7032014429569244,0.006956137251108885,0.695692640542984,0.6962753564119339,0.6991664886474609,0.7010640650987625,0.7032014429569244,0.7050348818302155,0.7099302053451539,0.7235809624195099,0.7243678951263428
31395,-0.7047110795974731,78.93856048583984,51.19808578491211,99.4038314819336,0.7047110795974731,0.7032463848590851,0.006969688925892115,0.695692640542984,0.6962753564119339,0.6993287622928619,0.7012400180101395,0.7032463848590851,0.7050348818302155,0.7099302053451539,0.7237480163574219,0.7246298837661743
31486,-0.7048302292823792,78.75006866455078,51.2218132019043,98.95680345807757,0.7048302292823792,0.7033588886260986,0.007009935099631548,0.695692640542984,0.6962753564119339,0.6994934201240539,0.7013930082321167,0.7033588886260986,0.7050648480653763,0.7099302053451539,0.7241346418857575,0.7247919654846191
31577,-0.7048933506011963,78.50663757324219,51.19276809692383,98.46863991873605,0.7048933506011963,0.7034328579902649,0.007030388340353966,0.695692640542984,0.6962753564119339,0.6994934201240539,0.7015402168035507,0.7034328579902649,0.7052029669284821,0.7099910020828248,0.7241476386785507,0.7247930896282196
31668,-0.7049692869186401,78.27898406982422,51.182350158691406,97.99296569824219,0.7049692273139954,0.7034732699394226,0.00702905748039484,0.6956952130794525,0.6962753564119339,0.6998084545135498,0.7015402168035507,0.7034732699394226,0.7052029669284821,0.7104644000530244,0.7241476386785507,0.7247930896282196
31759,-0.7050319314002991,78.08512115478516,51.206504821777344,97.51779283796039,0.7050320506095886,0.7034732699394226,0.007020969409495592,0.6956952130794525,0.6965833365917206,0.6998084545135498,0.7016262114048004,0.7034732699394226,0.7052029669284821,0.7104644000530244,0.7241476386785507,0.7247930896282196
31850,-0.7050722241401672,77.84298706054688,51.17618179321289,97.02706582205636,0.7050721645355225,0.7034732699394226,0.007044125348329544,0.6956952130794525,0.6965833365917206,0.6998254597187042,0.701730415225029,0.7034732699394226,0.7053598314523697,0.7104644000530244,0.7241476386785507,0.7248051691055298
31941,-0.7051705718040466,77.62696075439453,51.173316955566406,96.5568095615932,0.7051705718040466,0.7035676538944244,0.007095280569046736,0.6957045006752014,0.6965833365917206,0.6998254597187042,0.701730415225029,0.7035676538944244,0.7054023891687393,0.7123752057552338,0.7245191514492035,0.7248051691055298
32032,-0.7052891254425049,77.41643524169922,51.172874450683594,96.09427751813617,0.7052891254425049,0.7038830518722534,0.007056165486574173,0.6959414315223694,0.6966860949993133,0.6998380124568939,0.7018443644046783,0.7038830518722534,0.7054966986179352,0.7123752057552338,0.7245191514492035,0.7248051691055298
32123,-0.7053573727607727,77.18983459472656,51.15538024902344,95.6227798461914,0.7053573727607727,0.7040310502052307,0.007024758495390415,0.6961691820621491,0.6970481783151626,0.6998380124568939,0.7018443644046783,0.7040310502052307,0.7054966986179352,0.7123752057552338,0.7245191514492035,0.7248051691055298
32214,-0.7054356932640076,76.97725677490234,51.150081634521484,95.15279824393136,0.7054358124732971,0.7041741609573364,0.007061815820634365,0.6961698973178864,0.6970481783151626,0.6998380124568939,0.7018842399120331,0.7041741609573364,0.7055207043886185,0.7123752057552338,0.7247049957513809,0.7258647727966309
32305,-0.7055180668830872,76.73866271972656,51.123836517333984,94.67432294573102,0.7055181264877319,0.7042474150657654,0.007019464857876301,0.6961698973178864,0.6970481783151626,0.6998380124568939,0.7020551115274429,0.7042474150657654,0.705548569560051,0.7123752057552338,0.7247049957513809,0.7258647727966309
32396,-0.7055891752243042,76.5225601196289,51.10494613647461,94.21295383998326,0.7055892944335938,0.7042835652828217,0.006991968490183353,0.6961698973178864,0.6970539510250091,0.7001447916030884,0.702101930975914,0.7042835652828217,0.7055687308311462,0.7123752057552338,0.7247049957513809,0.7258647727966309
32487,-0.7056572437286377,76.30892181396484,51.10733413696289,93.7342507498605,0.7056573629379272,0.7043298184871674,0.0069609349593520164,0.6966801333427429,0.6970892012119293,0.7001447916030884,0.7021689414978027,0.7043298184871674,0.7055687308311462,0.7123752057552338,0.7247049957513809,0.7258647727966309
32578,-0.7057527899742126,76.06502532958984,51.06465148925781,93.24850790841239,0.7057527899742126,0.704382598400116,0.006976372562348843,0.6968727195262909,0.6974993407726288,0.700591915845871,0.7021689414978027,0.704382598400116,0.7058838605880737,0.7123752057552338,0.7247049957513809,0.7259421980381012
32669,-0.7058132290840149,75.83648681640625,51.042877197265625,92.76051984514508,0.7058132886886597,0.704382598400116,0.006950830575078726,0.697058629989624,0.6975799679756165,0.700591915845871,0.7022089660167694,0.704382598400116,0.7060277014970779,0.7123752057552338,0.7247049957513809,0.7259421980381012
32760,-0.7058558464050293,75.6446762084961,51.04466247558594,92.30822317940849,0.7058558464050293,0.704382598400116,0.006936502642929554,0.697058629989624,0.6975799679756165,0.700591915845871,0.702438697218895,0.704382598400116,0.7062235772609711,0.7123752057552338,0.7247049957513809,0.7259421980381012
32851,-0.7059346437454224,75.4586410522461,51.05317306518555,91.86438424246651,0.7059347629547119,0.7045007050037384,0.006944078486412764,0.6970611572265625,0.6975799679756165,0.7009092271327972,0.7025168836116791,0.7045007050037384,0.7062235772609711,0.7123752057552338,0.724742466211319,0.7259421980381012
32942,-0.7060155272483826,75.23817443847656,51.0301513671875,91.41083090645927,0.7060156464576721,0.7045007050037384,0.006917532067745924,0.6970611572265625,0.6975799679756165,0.7009097874164582,0.7025168836116791,0.7045007050037384,0.7066615670919418,0.7123752057552338,0.724742466211319,0.7259421980381012
33033,-0.7060790657997131,75.01404571533203,51.008724212646484,90.94090162004743,0.7060791850090027,0.7047577798366547,0.0068853506818413734,0.6970611572265625,0.698532783985138,0.70091912150383,0.7025547325611115,0.7047577798366547,0.7066615670919418,0.7123801469802857,0.724742466211319,0.7259421980381012
33124,-0.7061602473258972,74.79925537109375,50.99085235595703,90.47320447649274,0.7061604261398315,0.7049022614955902,0.006855542305856943,0.6970611572265625,0.698532783985138,0.70091912150383,0.7025654017925262,0.7049022614955902,0.7068333923816681,0.7123801469802857,0.724742466211319,0.7259421980381012
33215,-0.7062128782272339,74.64002990722656,51.028438568115234,90.02171216692243,0.7062129974365234,0.7049025297164917,0.00686125922948122,0.6970611572265625,0.698532783985138,0.70091912150383,0.7025654017925262,0.7049025297164917,0.7069272398948669,0.7123801469802857,0.7247498035430908,0.7259421980381012
33306,-0.7062628269195557,74.39137268066406,50.98611831665039,89.5267584664481,0.7062628269195557,0.7049025297164917,0.006859607994556427,0.6974200868606567,0.698532783985138,0.70091912150383,0.7025654017925262,0.7049025297164917,0.7069272398948669,0.7123928487300873,0.7247498035430908,0.7259421980381012
33397,-0.7063896059989929,74.19866180419922,50.99162292480469,89.05530984061105,0.7063896059989929,0.7051089406013489,0.006851646117866039,0.6975311875343323,0.6986259162425995,0.70091912150383,0.7026491016149521,0.7051089406013489,0.7069272398948669,0.7123928487300873,0.7249551475048065,0.7259421980381012
33488,-0.7064725160598755,74.009765625,50.98971939086914,88.61101422991071,0.7064725756645203,0.7051089406013489,0.006808229722082615,0.697572660446167,0.6986259162425995,0.70091912150383,0.7030060887336731,0.7051089406013489,0.7069272398948669,0.7123928487300873,0.7249551475048065,0.7259421980381012
33579,-0.7065560817718506,73.81188201904297,50.97576141357422,88.16571044921875,0.7065560221672058,0.7051822543144226,0.0067827762104570866,0.6975751972198486,0.6986259162425995,0.70091912150383,0.7031457126140594,0.7051822543144226,0.7070944458246231,0.7123928487300873,0.724965226650238,0.7259421980381012
33670,-0.7066807150840759,73.61852264404297,50.97004318237305,87.72763933454242,0.7066808342933655,0.7053589224815369,0.006754864938557148,0.698554892539978,0.698924794793129,0.700919795036316,0.7032044231891632,0.7053589224815369,0.7070944458246231,0.712426644563675,0.725020456314087,0.7259421980381012
33761,-0.7067493796348572,73.39574432373047,50.948951721191406,87.24635641915458,0.7067493200302124,0.7054259777069092,0.006753747351467609,0.698554892539978,0.698924794793129,0.700919795036316,0.7033213973045349,0.7054259777069092,0.7070944458246231,0.712426644563675,0.725020456314087,0.7260112392902375
33852,-0.7068072557449341,73.21532440185547,50.962066650390625,86.791990007673,0.7068073153495789,0.7054259777069092,0.006801361218094826,0.698554892539978,0.698924794793129,0.700919795036316,0.703398123383522,0.7054259777069092,0.7070944458246231,0.7125145614147187,0.7255566835403442,0.7260112392902375
33943,-0.7068634629249573,73.01659393310547,50.94477844238281,86.35152762276786,0.7068634629249573,0.7054870128631592,0.0067837913520634174,0.698554892539978,0.6998892784118652,0.700919795036316,0.703398123383522,0.7054870128631592,0.707229271531105,0.7125145614147187,0.7255566835403442,0.7260112392902375
34034,-0.7069340348243713,72.80658721923828,50.92842102050781,85.90749686104911,0.7069340348243713,0.7056051790714264,0.006798634305596352,0.698554892539978,0.6999173790216446,0.700919795036316,0.703398123383522,0.7056051790714264,0.7074231654405594,0.7125145614147187,0.7256830364465714,0.7260112392902375
34125,-0.7070536017417908,72.6023178100586,50.9127082824707,85.4659402029855,0.7070536613464355,0.7056516706943512,0.006757804192602634,0.698554892539978,0.7000212848186493,0.7018230974674224,0.7035240530967712,0.7056516706943512,0.7074231654405594,0.7125145614147187,0.7256830364465714,0.7262014889717102
34216,-0.7071008086204529,72.39911651611328,50.89223098754883,85.01217324393136,0.7071009278297424,0.7056528925895691,0.006747314240783453,0.698554892539978,0.7000212848186493,0.7018707454204559,0.7035240530967712,0.7056528925895691,0.7074231654405594,0.7125145614147187,0.7256830364465714,0.7262014889717102
34307,-0.7071627378463745,72.19440460205078,50.86860275268555,84.56056649344308,0.7071628570556641,0.7056729197502136,0.0067471666261553764,0.6985583174228668,0.7000212848186493,0.7018707454204559,0.7037224769592285,0.7056729197502136,0.7076411545276642,0.7125145614147187,0.7256855249404908,0.7263670301437378
34398,-0.7072677612304688,72.01288604736328,50.86382293701172,84.12892804827008,0.7072678208351135,0.7056916952133179,0.006809412036091089,0.6985583174228668,0.7000212848186493,0.7018707454204559,0.703973650932312,0.7056916952133179,0.7076411545276642,0.7125145614147187,0.7256964862346649,0.7264030194282531
34489,-0.7073304653167725,71.80721282958984,50.83785629272461,83.68610055106026,0.7073305249214172,0.7059159278869629,0.006796937435865402,0.6986843109130859,0.7000212848186493,0.7018707454204559,0.7040109932422638,0.7059159278869629,0.7079182267189026,0.7125145614147187,0.7256964862346649,0.7264030194282531
34580,-0.7074106931686401,71.61394500732422,50.828086853027344,83.24418531145368,0.7074108123779297,0.7059682011604309,0.006807287223637104,0.6986843109130859,0.7000212848186493,0.7020687460899353,0.7040109932422638,0.7059682011604309,0.7079182267189026,0.7125145614147187,0.7262045681476593,0.7264030194282531
34671,-0.7074325680732727,71.44664764404297,50.843162536621094,82.81490652901786,0.7074326276779175,0.7059682011604309,0.006814645137637854,0.6988227105140686,0.7000250458717346,0.7020687460899353,0.7040109932422638,0.7059682011604309,0.7079877406358719,0.7125145614147187,0.7262045681476593,0.7264030194282531
34762,-0.707510232925415,71.2650375366211,50.8442268371582,82.37815856933594,0.7075102925300598,0.7059893310070038,0.006844001822173595,0.6988227105140686,0.7000250458717346,0.7020687460899353,0.7041177153587341,0.7059893310070038,0.7082183212041855,0.7125145614147187,0.7262045681476593,0.7275197649002075
34853,-0.7075944542884827,71.05011749267578,50.814815521240234,81.90983254568917,0.7075945138931274,0.7061205804347992,0.00687665119767189,0.6988343787193299,0.7000250458717346,0.7020687460899353,0.7041653692722321,0.7061205804347992,0.7082183212041855,0.7127163708209993,0.7262045681476593,0.7275197649002075
34944,-0.7076287865638733,70.86812591552734,50.81039047241211,81.46350860595703,0.7076288461685181,0.7061205804347992,0.006872990634292364,0.6988343787193299,0.7000250458717346,0.7020687460899353,0.7043894231319427,0.7061205804347992,0.7082183212041855,0.7127163708209993,0.7262062847614288,0.7275197649002075
35035,-0.7076808214187622,70.67779541015625,50.79252624511719,81.04103524344308,0.7076808214187622,0.7062432765960693,0.006855204235762358,0.6988343787193299,0.7000250458717346,0.7020687460899353,0.7044689804315567,0.7062432765960693,0.7082183212041855,0.7127163708209993,0.7262062847614288,0.7275197649002075
35126,-0.7077375054359436,70.48886108398438,50.772769927978516,80.60207911900112,0.7077375650405884,0.7063473761081696,0.006829892285168171,0.6993714237213134,0.7000250458717346,0.7021614789962769,0.7044689804315567,0.7063473761081696,0.7083946466445923,0.7127163708209993,0.7262062847614288,0.7275197649002075
35217,-0.7077999711036682,70.3029556274414,50.757476806640625,80.16792406354632,0.7077999711036682,0.7065429091453552,0.0068269954062998295,0.6993714237213134,0.7000250458717346,0.7021614789962769,0.7045402228832245,0.7065429091453552,0.7083946466445923,0.7127163708209993,0.7262124001979828,0.7275197649002075
35308,-0.7078750729560852,70.1308822631836,50.764732360839844,79.7296872820173,0.70787513256073,0.7065657377243042,0.006840298883616924,0.699405837059021,0.7002039343118668,0.70267094373703,0.7045402228832245,0.7065657377243042,0.7083946466445923,0.7127163708209993,0.7264905631542206,0.7278110754489898
35399,-0.7079170942306519,69.95711517333984,50.76304626464844,79.29953002929688,0.7079171538352966,0.7066248059272766,0.006830271799117327,0.6995573592185974,0.7002039343118668,0.70267094373703,0.7045402228832245,0.7066248059272766,0.7083946466445923,0.7127163708209993,0.7264905631542206,0.7278110754489898
35490,-0.7079523801803589,69.77987670898438,50.75859069824219,78.86602565220424,0.7079525589942932,0.7067058980464935,0.006852263584733009,0.6995573592185974,0.7002039343118668,0.70267094373703,0.7045402228832245,0.7067058980464935,0.7083946466445923,0.7127163708209993,0.726550167798996,0.7278110754489898
35581,-0.7080156803131104,69.59384155273438,50.74339294433594,78.44433702741351,0.7080156803131104,0.7067058980464935,0.006826154422014952,0.6995573592185974,0.7002039343118668,0.7028135657310486,0.7045485079288483,0.7067058980464935,0.7084669172763824,0.7127163708209993,0.726550167798996,0.7278110754489898
35672,-0.7080721855163574,69.37975311279297,50.70060348510742,78.00784519740513,0.708072304725647,0.7067996561527252,0.006838829722255468,0.6995640313625335,0.7002039343118668,0.7028135657310486,0.7045878767967224,0.7067996561527252,0.7085608392953873,0.7128377556800843,0.726550167798996,0.7278110754489898
35763,-0.7081329822540283,69.16781616210938,50.66642761230469,77.54085431780133,0.7081329822540283,0.7068638205528259,0.006857261992990971,0.6995640313625335,0.7002039343118668,0.7031154751777648,0.7046232521533966,0.7068638205528259,0.7086130976676941,0.7129007756710054,0.726550167798996,0.7278110754489898
35854,-0.7082023620605469,69.00328063964844,50.66133117675781,77.10816519601005,0.7082023024559021,0.7068638205528259,0.006816044449806213,0.6995640313625335,0.7008111357688904,0.7031154751777648,0.7048156261444092,0.7068638205528259,0.7088394612073898,0.7129007756710054,0.726550167798996,0.7278110754489898
35945,-0.7082608342170715,68.84248352050781,50.6699104309082,76.68600463867188,0.7082609534263611,0.7068745493888855,0.006800141651183367,0.6995640313625335,0.7012614160776138,0.7031154751777648,0.7048156261444092,0.7068745493888855,0.708856001496315,0.7129007756710054,0.726550167798996,0.7278133344650268
36036,-0.7083007097244263,68.66395568847656,50.647891998291016,76.2644282749721,0.7083007097244263,0.7069026231765747,0.006793579086661339,0.6995709228515625,0.7012614160776138,0.7031154751777648,0.7048725634813309,0.7069026231765747,0.70902419090271,0.7129007756710054,0.7269235491752625,0.7278133344650268
36127,-0.7083685398101807,68.47863006591797,50.62962341308594,75.8282939365932,0.7083685398101807,0.7069168388843536,0.006772071123123169,0.6995709228515625,0.7012614160776138,0.7031336307525635,0.7049051970243454,0.7069168388843536,0.70902419090271,0.7134079813957216,0.7271502792835236,0.7278133344650268
36218,-0.7084037065505981,68.31285858154297,50.62021255493164,75.41952950613839,0.7084037661552429,0.7069295346736908,0.00677740341052413,0.6995709228515625,0.7012614160776138,0.7031336307525635,0.7052924633026123,0.7069295346736908,0.70902419090271,0.7134079813957216,0.7273145914077759,0.7278133344650268
36309,-0.7084888815879822,68.11798095703125,50.59622573852539,74.96453421456474,0.708488941192627,0.7069803476333618,0.00677100382745266,0.699870228767395,0.7012614160776138,0.7032519698143005,0.7053024619817734,0.7069803476333618,0.7092180401086807,0.7134079813957216,0.7273145914077759,0.7278134548664092
36400,-0.7085408568382263,67.95580291748047,50.59568786621094,74.55992126464844,0.7085409760475159,0.7071022987365723,0.0067580160684883595,0.699870228767395,0.7012614160776138,0.7032519698143005,0.7053024619817734,0.7071022987365723,0.7092180401086807,0.7134079813957216,0.7273145914077759,0.7278134548664092
36491,-0.7085831165313721,67.81198120117188,50.61301040649414,74.15969521658761,0.7085832357406616,0.7071022987365723,0.006733526010066271,0.7003291177749634,0.701265960931778,0.7034443378448486,0.7053024619817734,0.7071022987365723,0.7092180401086807,0.7134079813957216,0.7273145914077759,0.7278134548664092
36582,-0.7086079120635986,67.64945983886719,50.60087203979492,73.747804914202,0.7086080312728882,0.7071809470653534,0.006728596519678831,0.7003291177749634,0.701265960931778,0.7034443378448486,0.7053024619817734,0.7071809470653534,0.7092180401086807,0.7134079813957216,0.7273145914077759,0.7278134548664092
36673,-0.7086666226387024,67.49999237060547,50.606258392333984,73.3150133405413,0.7086666226387024,0.7071809470653534,0.0067022754810750484,0.7007980537414551,0.7014593303203582,0.7034443378448486,0.7053632736206055,0.7071809470653534,0.7092345058917999,0.7134079813957216,0.7273145914077759,0.7278134548664092
36764,-0.7087318301200867,67.33979034423828,50.59721374511719,72.89651271275112,0.7087318301200867,0.7072965502738953,0.0067038158886134624,0.7007980537414551,0.7014593303203582,0.7034873247146607,0.705431655049324,0.7072965502738953,0.7092621028423309,0.7134079813957216,0.7276557445526123,0.7278172028064728
36855,-0.7087569832801819,67.16798400878906,50.58559036254883,72.49203600202289,0.7087570428848267,0.7072965502738953,0.0067107486538589,0.7007988357543945,0.7014593303203582,0.7034873247146607,0.7055296450853348,0.7072965502738953,0.7092621028423309,0.7134079813957216,0.7276557445526123,0.7278479278087616
36946,-0.7088201642036438,66.99262237548828,50.57065200805664,72.06620134626117,0.708820104598999,0.7072965502738953,0.006738092750310898,0.7007988357543945,0.7014593303203582,0.7034873247146607,0.7055296450853348,0.7072965502738953,0.7093908488750458,0.7134079813957216,0.7276878774166107,0.7280097305774689
37037,-0.7088490724563599,66.85132598876953,50.583892822265625,71.67674473353794,0.7088491320610046,0.7073703110218048,0.006748481187969446,0.7007988357543945,0.7014593303203582,0.7038482427597046,0.705622985959053,0.7073703110218048,0.7093908488750458,0.7134079813957216,0.7276878774166107,0.7280097305774689
37128,-0.7089030146598816,66.69066619873047,50.57051086425781,71.27026476178851,0.7089029550552368,0.707473486661911,0.006745942868292332,0.7007988357543945,0.7014593303203582,0.7038847744464874,0.7057592272758484,0.707473486661911,0.7094766497612,0.7134079813957216,0.7276878774166107,0.7280097305774689
37219,-0.7089384198188782,66.51655578613281,50.55457305908203,70.85098702566964,0.7089384198188782,0.7075650990009308,0.006727203726768494,0.7007988357543945,0.7017513126134872,0.7039495766162872,0.7058247476816177,0.7075650990009308,0.7094785124063492,0.7138376176357271,0.7276878774166107,0.7280097305774689
37310,-0.7089634537696838,66.35682678222656,50.545684814453125,70.43706948416573,0.7089634537696838,0.7075961828231812,0.006719796918332577,0.7007988357543945,0.7017513126134872,0.7039495766162872,0.7058247476816177,0.7075961828231812,0.7094785124063492,0.7138376176357271,0.7276878774166107,0.7280097305774689
37401,-0.7090513706207275,66.18500518798828,50.5388069152832,70.01215362548828,0.7090513110160828,0.7076019942760468,0.00673677958548069,0.7007988357543945,0.7017513126134872,0.7039495766162872,0.7058905512094498,0.7076019942760468,0.7097368538379669,0.7138376176357271,0.7276878774166107,0.7284368085861206
37492,-0.709097146987915,66.0274429321289,50.54133605957031,69.56836482456752,0.7090972065925598,0.7076019942760468,0.006747097242623568,0.7007988357543945,0.7017513126134872,0.703995656967163,0.7058905512094498,0.7076019942760468,0.7097368538379669,0.7138376176357271,0.7278012216091156,0.7285366940498352
37583,-0.7091640830039978,65.884521484375,50.54869079589844,69.14978899274554,0.7091641426086426,0.7077041566371918,0.0067453933879733086,0.7008032965660095,0.7017513126134872,0.703995656967163,0.7060502469539642,0.7077041566371918,0.709742397069931,0.7138572871685029,0.7278142690658569,0.7285366940498352
37674,-0.709216296672821,65.72176361083984,50.53446578979492,68.73942456926618,0.7092162370681763,0.7077122628688812,0.006733320187777281,0.7008032965660095,0.7017513126134872,0.7041017353534699,0.7062021046876907,0.7077122628688812,0.709742397069931,0.7138572871685029,0.7278225183486938,0.7285857605934143
37765,-0.7092705368995667,65.52110290527344,50.48176193237305,68.31534794398716,0.7092705368995667,0.7077122628688812,0.00671742856502533,0.7008032965660095,0.7017513126134872,0.7041017353534699,0.7062021046876907,0.7077122628688812,0.7097657918930054,0.7138572871685029,0.7278225183486938,0.7285857605934143
37856,-0.7093122601509094,65.38231658935547,50.48154067993164,67.92895398821149,0.7093122005462646,0.7077443897724152,0.006718535907566547,0.7010585010051728,0.7017513126134872,0.7041017353534699,0.7062021046876907,0.7077443897724152,0.7098109722137451,0.7138572871685029,0.7278225183486938,0.7285857605934143
37947,-0.7093497514724731,65.24667358398438,50.501338958740234,67.5002212524414,0.7093496918678284,0.7078332006931305,0.006702559534460306,0.7010711848735809,0.7017513126134872,0.7042198479175568,0.7064186930656433,0.7078332006931305,0.7098192125558853,0.7138572871685029,0.7278525292873382,0.7285857605934143
38038,-0.7094050645828247,65.10333251953125,50.51362228393555,67.09302248273578,0.7094050645828247,0.7079056799411774,0.006677009630948305,0.7010869693756103,0.7018639832735062,0.7042198479175568,0.7064186930656433,0.7079056799411774,0.7098192125558853,0.7138572871685029,0.7278525292873382,0.7286039853096008
38129,-0.709426999092102,64.9452133178711,50.50315856933594,66.6848030090332,0.7094270586967468,0.7079056799411774,0.0066956584341824055,0.7010869693756103,0.7018639832735062,0.7042701661586761,0.7064186930656433,0.7079056799411774,0.7098194658756256,0.7138572871685029,0.727873831987381,0.7288196361064911
38220,-0.7094483971595764,64.7728042602539,50.47886657714844,66.29407337733677,0.7094483971595764,0.7079056799411774,0.006695856340229511,0.701410516500473,0.7018639832735062,0.7042701661586761,0.7064186930656433,0.7079056799411774,0.7098194658756256,0.7138572871685029,0.727873831987381,0.7289805042743683
38311,-0.7095157504081726,64.65323638916016,50.5058479309082,65.88565281459263,0.7095157504081726,0.7079056799411774,0.006690402049571276,0.701410516500473,0.7018639832735062,0.7042701661586761,0.70655857026577,0.7079056799411774,0.7102315276861191,0.7138572871685029,0.727873831987381,0.7289805042743683
38402,-0.7095425128936768,64.50437927246094,50.51011657714844,65.44134303501674,0.7095426321029663,0.7079498469829559,0.006697610020637512,0.701410516500473,0.7018639832735062,0.7042701661586761,0.706578865647316,0.7079498469829559,0.7102315276861191,0.7139021813869477,0.727873831987381,0.7289805042743683
38493,-0.7095577716827393,64.33863830566406,50.49030685424805,65.00987134660993,0.7095578908920288,0.7079498469829559,0.006703756749629974,0.701410516500473,0.7018639832735062,0.7045366704463959,0.706578865647316,0.7079498469829559,0.7102315276861191,0.7142980217933655,0.727873831987381,0.7290000140666961
38584,-0.7096152901649475,64.197021484375,50.49653625488281,64.62317221505302,0.7096154093742371,0.7079679667949677,0.006683209910988808,0.7014875042438508,0.7018962025642395,0.7045366704463959,0.706708237528801,0.7079679667949677,0.7102315276861191,0.7142980217933655,0.727975869178772,0.7290000140666961
38675,-0.7096439003944397,64.09353637695312,50.54234313964844,64.19826453072685,0.709644079208374,0.7081026434898376,0.006676138378679752,0.7014875042438508,0.7018962025642395,0.7045366704463959,0.706708237528801,0.7081026434898376,0.7102315276861191,0.7142980217933655,0.727975869178772,0.7290000140666961
38766,-0.709674060344696,63.95536422729492,50.55849075317383,63.7877927507673,0.7096741199493408,0.708119809627533,0.006676316261291504,0.7017168319225311,0.7018969029188156,0.7045366704463959,0.7068298906087875,0.708119809627533,0.7102315276861191,0.7142980217933655,0.727975869178772,0.7290000140666961
38857,-0.7097269296646118,63.82720184326172,50.564537048339844,63.38768550327846,0.7097269296646118,0.708251953125,0.006678864359855652,0.7017168319225311,0.7020355463027954,0.7045366704463959,0.7070239186286926,0.708251953125,0.7102315276861191,0.7143104791641236,0.7282011210918427,0.7290000140666961
38948,-0.709746241569519,63.713134765625,50.58266067504883,63.00350407191685,0.7097463011741638,0.708251953125,0.006672820076346397,0.7017168319225311,0.7020424902439117,0.7045376241207123,0.7070239186286926,0.708251953125,0.7103230953216553,0.7143104791641236,0.7282011210918427,0.7290000140666961
39039,-0.7097851634025574,63.56072998046875,50.57815933227539,62.585162026541575,0.7097852230072021,0.7084565758705139,0.00668299337849021,0.701719138622284,0.7020424902439117,0.7045376241207123,0.7070239186286926,0.7084565758705139,0.7103230953216553,0.7143255949020387,0.7282011210918427,0.7290229904651642
39130,-0.709805428981781,63.395938873291016,50.556060791015625,62.1491688319615,0.7098055481910706,0.7084565758705139,0.006686279084533453,0.701719138622284,0.7020424902439117,0.7045376241207123,0.7070376425981522,0.7084565758705139,0.7103230953216553,0.7143255949020387,0.7282773375511169,0.7290229904651642
39221,-0.7098358273506165,63.27972412109375,50.57219696044922,61.778360094342915,0.7098358273506165,0.7084565758705139,0.006695577409118414,0.701719138622284,0.7020424902439117,0.7048524618148804,0.7070376425981522,0.7084565758705139,0.7103530764579773,0.7143273651599885,0.7282773375511169,0.7290229904651642
39312,-0.7098518013954163,63.16389083862305,50.59278106689453,61.37665285382952,0.709851861000061,0.7084565758705139,0.006699856370687485,0.7017705416679383,0.7020424902439117,0.7048524618148804,0.7070434540510178,0.7084565758705139,0.7104365825653076,0.7143391251564027,0.7282773375511169,0.7291908550262451
39403,-0.7098931074142456,63.008209228515625,50.570987701416016,60.96013968331473,0.7098931074142456,0.7085585296154022,0.006694159470498562,0.7017775094509124,0.7022262662649155,0.7048820197582245,0.7070434540510178,0.7085585296154022,0.7104365825653076,0.7143576264381409,0.7282773375511169,0.7292355346679688
39494,-0.7099377512931824,62.85845184326172,50.56534957885742,60.54195295061384,0.7099377512931824,0.7085585296154022,0.006677748169749975,0.7017775094509124,0.7023087561130523,0.7048820197582245,0.7070434540510178,0.7085585296154022,0.7105343639850616,0.7143576264381409,0.7282773375511169,0.7292355346679688
39585,-0.7099630832672119,62.74736022949219,50.59370422363281,60.13335909162249,0.7099630832672119,0.7085730731487274,0.006680299062281847,0.7017775094509124,0.7023087561130523,0.7048820197582245,0.7071121633052826,0.7085730731487274,0.7105343639850616,0.7143576264381409,0.7282773375511169,0.7292355346679688
39676,-0.709989607334137,62.64518356323242,50.62311935424805,59.76850509643555,0.7099895477294922,0.7085730731487274,0.006688933353871107,0.7018854558467865,0.7023087561130523,0.7048820197582245,0.7071121633052826,0.7085730731487274,0.7106151878833771,0.7143576264381409,0.7285821318626404,0.7292355346679688
39767,-0.7100445628166199,62.50476837158203,50.61856460571289,59.35006059919085,0.7100443840026855,0.7085730731487274,0.006686494220048189,0.7020066034793854,0.7023087561130523,0.7048820197582245,0.7071744799613953,0.7085730731487274,0.7106979638338089,0.7145344376564027,0.7285821318626404,0.7293003726005555
39858,-0.7100712656974792,62.36688232421875,50.6093635559082,58.96465737479074,0.7100712656974792,0.7086229920387268,0.006675440818071365,0.7020066034793854,0.7023087561130523,0.7048820197582245,0.7071840018033981,0.7086229920387268,0.7106979638338089,0.7145344376564027,0.7285821318626404,0.7293003726005555
39949,-0.7101269960403442,62.23807144165039,50.6103401184082,58.570474352155415,0.710127055644989,0.7086540460586548,0.006673866417258978,0.7020066034793854,0.7023087561130523,0.705078411102295,0.7072750478982925,0.7086540460586548,0.7106979638338089,0.7145552873611452,0.7286079525947571,0.7293003726005555
40040,-0.7101531624794006,62.077022552490234,50.58211898803711,58.18127114432199,0.7101532220840454,0.7086926698684692,0.00667908787727356,0.7021290361881256,0.7023390889167785,0.705078411102295,0.7072750478982925,0.7086926698684692,0.7107314020395279,0.7145552873611452,0.7286079525947571,0.7293003726005555
40131,-0.7101960778236389,61.9455680847168,50.58735656738281,57.76122610909598,0.7101960778236389,0.7087059020996094,0.0066618178971111774,0.7021290361881256,0.7032221585512162,0.705078411102295,0.70734703540802,0.7087059020996094,0.7107314020395279,0.7145552873611452,0.7286079525947571,0.729437700510025
40222,-0.710220217704773,61.8079833984375,50.583274841308594,57.35211345127651,0.7102202773094177,0.7087059020996094,0.006663261912763119,0.7021290361881256,0.7032221585512162,0.7051884770393372,0.70734703540802,0.7087059020996094,0.7107314020395279,0.7146047472953797,0.7286079525947571,0.729437700510025
40313,-0.7102538347244263,61.70081329345703,50.601768493652344,56.95637021745954,0.7102537751197815,0.7087059020996094,0.006648576818406582,0.7021290361881256,0.7032221585512162,0.7051884770393372,0.7073810547590256,0.7087059020996094,0.710864394903183,0.7146047472953797,0.7286079525947571,0.729437700510025
40404,-0.710286557674408,61.59950637817383,50.62395477294922,56.593297140938894,0.710286557674408,0.7087133526802063,0.006638322025537491,0.7021290361881256,0.7032221585512162,0.7051884770393372,0.7073810547590256,0.7087133526802063,0.710864394903183,0.7146047472953797,0.7286079525947571,0.729437700510025
40495,-0.7103129625320435,61.42961120605469,50.591426849365234,56.173536028180806,0.7103129625320435,0.7087133526802063,0.006636511068791151,0.7022381508350373,0.7032221585512162,0.7052579879760742,0.7074055969715118,0.7087133526802063,0.7108766287565231,0.7146047472953797,0.7287190794944763,0.729437700510025
40586,-0.7103384137153625,61.350093841552734,50.629459381103516,55.8017692565918,0.7103384137153625,0.7087948322296143,0.0066264718770980835,0.7022400736808777,0.7032221585512162,0.7052579879760742,0.7074055969715118,0.7087948322296143,0.7109391987323761,0.7146047472953797,0.7287190794944763,0.729437700510025
40677,-0.7103809714317322,61.22311019897461,50.63264083862305,55.38674872262137,0.710381031036377,0.7088631987571716,0.006631569936871529,0.7022884392738342,0.7035424262285233,0.7052579879760742,0.7074261009693146,0.7088631987571716,0.7109391987323761,0.7146411180496217,0.7287248015403748,0.729437700510025
40768,-0.7104036808013916,61.10624694824219,50.63932800292969,54.983721596854075,0.7104035019874573,0.7089035511016846,0.00663321977481246,0.7022884392738342,0.7035424262285233,0.7052579879760742,0.707483097910881,0.7089035511016846,0.7109391987323761,0.7146754503250123,0.7287248015403748,0.729437700510025
40859,-0.7104356288909912,61.00519943237305,50.66340637207031,54.59606606619699,0.710435688495636,0.7089035511016846,0.006631447002291679,0.7023182940483094,0.7035493135452271,0.7052579879760742,0.7075434625148773,0.7089035511016846,0.7110115140676498,0.7146754503250123,0.7289388477802277,0.729437700510025
40950,-0.7104509472846985,60.8570671081543,50.63631820678711,54.17482049124582,0.7104509472846985,0.7089035511016846,0.006642327643930912,0.7023182940483094,0.7035493135452271,0.7052579879760742,0.7075434625148773,0.7089035511016846,0.7110158205032349,0.7146754503250123,0.7289388477802277,0.7294463241100311
41041,-0.7104745507240295,60.717681884765625,50.6271858215332,53.786465236118865,0.7104745507240295,0.7089035511016846,0.006641657091677189,0.7023182940483094,0.7035493135452271,0.7052579879760742,0.7075434625148773,0.7089035511016846,0.7110158205032349,0.7146754503250123,0.7289457589387893,0.7295570158958435
41132,-0.7105087041854858,60.62374496459961,50.65930938720703,53.39038303920201,0.7105088233947754,0.7089366316795349,0.0066625801846385,0.7023182940483094,0.7035637438297272,0.7052579879760742,0.7075434625148773,0.7089366316795349,0.7110158205032349,0.7147781968116762,0.7289457589387893,0.7295570158958435
41223,-0.7105321288108826,60.492828369140625,50.6481819152832,52.990591866629465,0.7105322480201721,0.7090267241001129,0.006651876028627157,0.7023887395858764,0.7035637438297272,0.7052579879760742,0.7075434625148773,0.7090267241001129,0.711079478263855,0.7147781968116762,0.7289457589387893,0.7295570158958435
41314,-0.710560142993927,60.38703536987305,50.667789459228516,52.59563936505999,0.7105602025985718,0.7090267241001129,0.0066483463160693645,0.7025815010070801,0.7035637438297272,0.7052579879760742,0.7075980752706528,0.7090267241001129,0.7110901176929474,0.7147781968116762,0.7289457589387893,0.7295570158958435
41405,-0.7105893492698669,60.23114013671875,50.631858825683594,52.191921779087615,0.7105893492698669,0.7090267241001129,0.00664824852719903,0.7025815010070801,0.7035637438297272,0.7053807854652405,0.7075980752706528,0.7090267241001129,0.7110901176929474,0.7148092567920686,0.7289457589387893,0.7295570158958435
41496,-0.7106202244758606,60.15483093261719,50.67002868652344,51.81908525739397,0.7106202840805054,0.7090327143669128,0.006638845428824425,0.7026093053817749,0.7036527574062348,0.7053807854652405,0.7076355367898941,0.7090327143669128,0.7111349552869797,0.7148092567920686,0.7289457589387893,0.7295570158958435
41587,-0.7106475830078125,60.05595016479492,50.69207000732422,51.406154087611604,0.7106476426124573,0.7090327143669128,0.00662984000518918,0.7026093339920044,0.7036527574062348,0.7053807854652405,0.7076558619737625,0.7090327143669128,0.7112159430980682,0.7148201823234559,0.7289457589387893,0.7295570158958435
41678,-0.7106757760047913,59.970924377441406,50.722633361816406,51.02276720319475,0.710675835609436,0.7090327143669128,0.00662074564024806,0.7026117718219758,0.7036527574062348,0.7053807854652405,0.7078368365764618,0.7090327143669128,0.7112717777490616,0.7149105727672578,0.7289457589387893,0.7295570158958435
41769,-0.7106897830963135,59.924461364746094,50.791770935058594,50.65489142281668,0.7106898427009583,0.7090327143669128,0.006623168010264635,0.7026117718219758,0.7036527574062348,0.7053807854652405,0.7078368365764618,0.7090327143669128,0.7112717777490616,0.7149105727672578,0.7290928989648819,0.7295570158958435
41860,-0.7107193470001221,59.82686996459961,50.8104248046875,50.29801504952567,0.7107194662094116,0.7090327143669128,0.006623017601668835,0.7026117718219758,0.7036527574062348,0.7053807854652405,0.7078419327735901,0.7090327143669128,0.7112717777490616,0.7149105727672578,0.7290928989648819,0.7295570158958435
41951,-0.7107323408126831,59.76617431640625,50.86331558227539,49.89632633754185,0.7107324004173279,0.7090327143669128,0.006621429231017828,0.7026259076595306,0.7036527574062348,0.7053807854652405,0.7078419327735901,0.7090327143669128,0.7112717777490616,0.7149105727672578,0.7290928989648819,0.7295570158958435
42042,-0.710759699344635,59.66806411743164,50.87644958496094,49.50841467721121,0.7107597589492798,0.7091005146503448,0.006608818657696247,0.7026259076595306,0.7036863058805466,0.7053807854652405,0.7078419327735901,0.7091005146503448,0.7112717777490616,0.7149105727672578,0.7290928989648819,0.7295570158958435
42133,-0.710773766040802,59.60770034790039,50.936309814453125,49.11839839390346,0.7107737064361572,0.7091005146503448,0.006605420261621475,0.7026263213157654,0.7036863058805466,0.7053807854652405,0.7078421115875244,0.7091005146503448,0.7112720012664795,0.7149105727672578,0.7290928989648819,0.7295609295368195
42224,-0.7108026146888733,59.46124267578125,50.90895462036133,48.71536527361189,0.7108026742935181,0.7091668844223022,0.00659558642655611,0.7026263213157654,0.7036863058805466,0.7053807854652405,0.7078421115875244,0.7091668844223022,0.7113552242517471,0.7149105727672578,0.7290928989648819,0.7295609295368195
42315,-0.710833728313446,59.32767105102539,50.8908805847168,48.29044451032366,0.7108336687088013,0.7091668844223022,0.006601705681532621,0.7027556467056274,0.7036863058805466,0.7053807854652405,0.7078430503606796,0.7091668844223022,0.7113552242517471,0.7149105727672578,0.7291691273450851,0.7295662081241607
42406,-0.7108595967292786,59.21549606323242,50.8947639465332,47.857836042131694,0.7108595967292786,0.7092238068580627,0.0066001154482364655,0.7028293550014496,0.7036863058805466,0.7055740237236023,0.7078430503606796,0.7092238068580627,0.7113552242517471,0.7149129986763002,0.7292051136493682,0.7295662081241607
42497,-0.7108811736106873,59.0968132019043,50.88883972167969,47.4500607081822,0.7108811140060425,0.7092238068580627,0.0066155376844108105,0.7028293550014496,0.7036863058805466,0.7055740237236023,0.7078430503606796,0.7092238068580627,0.7114605009555817,0.7149129986763002,0.7292139410972596,0.7300125384330749
42588,-0.710904598236084,59.01789855957031,50.93342208862305,47.03180422101702,0.710904598236084,0.709246039390564,0.006634495686739683,0.7028293550014496,0.7036863058805466,0.7055740237236023,0.7078607529401779,0.709246039390564,0.7114605009555817,0.7149129986763002,0.7294479131698608,0.7300125384330749
42679,-0.7109257578849792,58.94075012207031,50.966941833496094,46.627608163016184,0.710925817489624,0.709246039390564,0.006635709665715694,0.7028293550014496,0.7036863058805466,0.7055740237236023,0.7080537378787994,0.709246039390564,0.7114605009555817,0.7149129986763002,0.7294479131698608,0.7300125384330749
42770,-0.7109479308128357,58.89005661010742,51.026485443115234,46.242740631103516,0.7109479308128357,0.70937779545784,0.006623296998441219,0.7029090845584869,0.7036863058805466,0.7055740237236023,0.7080537378787994,0.70937779545784,0.7114605009555817,0.7149129986763002,0.7294479131698608,0.7300125384330749
42861,-0.7109686136245728,58.8501091003418,51.09716796875,45.855413164411274,0.7109687328338623,0.70937779545784,0.006614689715206623,0.7029090845584869,0.7039627462625504,0.7055740237236023,0.7080734968185425,0.70937779545784,0.7114605009555817,0.7149129986763002,0.7294479131698608,0.7300125384330749
42952,-0.7109800577163696,58.746437072753906,51.114776611328125,45.483100346156526,0.7109800577163696,0.70937779545784,0.006610594689846039,0.7029090845584869,0.7039627462625504,0.7055740237236023,0.7080734968185425,0.70937779545784,0.7114605009555817,0.7149129986763002,0.7294479131698608,0.7300125384330749
43043,-0.7109993100166321,58.67616653442383,51.16353988647461,45.0820688520159,0.7109993100166321,0.70937779545784,0.006606366951018572,0.7029090845584869,0.7039627462625504,0.705583143234253,0.7081322520971298,0.70937779545784,0.7114605009555817,0.7149129986763002,0.7294598042964935,0.7300125384330749
43134,-0.711008608341217,58.59992599487305,51.19453048706055,44.70892170497349,0.711008608341217,0.70937779545784,0.00660288380458951,0.7029090845584869,0.7039627462625504,0.705583143234253,0.7081322520971298,0.70937779545784,0.7114605009555817,0.7149129986763002,0.7294598042964935,0.7300125384330749
43225,-0.7110293507575989,58.513694763183594,51.22004699707031,44.296514238630024,0.7110294103622437,0.70937779545784,0.006610602140426636,0.7029090845584869,0.7039627462625504,0.705583143234253,0.708136573433876,0.70937779545784,0.711472749710083,0.7149129986763002,0.7294996112585068,0.7300186550617218
43316,-0.7110506892204285,58.44222640991211,51.255062103271484,43.881334577287944,0.7110507488250732,0.70937779545784,0.006606961600482464,0.7029090845584869,0.7039627462625504,0.705583143234253,0.7081448137760162,0.70937779545784,0.711472749710083,0.7149943232536318,0.7294996112585068,0.7300186550617218
43407,-0.7110596895217896,58.364933013916016,51.27281188964844,43.49204962594168,0.7110597491264343,0.70937779545784,0.0066136084496974945,0.7029869484901429,0.7039627462625504,0.705583143234253,0.7081448137760162,0.70937779545784,0.711472749710083,0.7149943232536318,0.7294996112585068,0.7300186550617218
43498,-0.7110812067985535,58.28038024902344,51.2900276184082,43.12685176304409,0.711081326007843,0.70937779545784,0.0066057415679097176,0.7029869484901429,0.7041101962327957,0.705583143234253,0.7081448137760162,0.70937779545784,0.711472749710083,0.7149943232536318,0.7294996112585068,0.7300186550617218
43589,-0.7110967636108398,58.19158935546875,51.30202102661133,42.76378304617746,0.7110968828201294,0.70937779545784,0.0066042798571288586,0.7029869484901429,0.7041101962327957,0.705583143234253,0.7081857323646545,0.70937779545784,0.711472749710083,0.7149943232536318,0.7294996112585068,0.7300186550617218
43680,-0.7111121416091919,58.15117645263672,51.37055587768555,42.40088163103376,0.7111121416091919,0.70937779545784,0.006601851433515549,0.7029869484901429,0.7041101962327957,0.705583143234253,0.7082206606864929,0.70937779545784,0.7115217596292496,0.7150205016136171,0.7294996112585068,0.7300186550617218
43771,-0.7111315131187439,58.07366943359375,51.395591735839844,42.005215236118865,0.7111315727233887,0.70937779545784,0.006602266803383827,0.7029869484901429,0.7041101962327957,0.705583143234253,0.7082274407148361,0.70937779545784,0.7115222364664078,0.7150205016136171,0.7295028567314148,0.7300186550617218
43862,-0.711151659488678,57.95456314086914,51.385738372802734,41.58056150163923,0.7111515998840332,0.70937779545784,0.0066095078364014626,0.7029869484901429,0.7041101962327957,0.7056483745574951,0.7082274407148361,0.70937779545784,0.7115222364664078,0.7150205016136171,0.7295403420925141,0.73002077460289
43953,-0.7111765742301941,57.87009048461914,51.400943756103516,41.18831307547433,0.7111765146255493,0.7095236778259277,0.00660330057144165,0.7029869484901429,0.7041101962327957,0.7056483745574951,0.7082296013832092,0.7095236778259277,0.7116665244102478,0.7150205016136171,0.7295403420925141,0.73002077460289
44044,-0.7111896872520447,57.76874923706055,51.408103942871094,40.77793720790318,0.7111898064613342,0.7095236778259277,0.006601475644856691,0.7030097877979279,0.7041101962327957,0.7056483745574951,0.7082598209381104,0.7095236778259277,0.7116665244102478,0.7150280654430391,0.7295403420925141,0.73002077460289
44135,-0.7112064361572266,57.67644500732422,51.413307189941406,40.41762161254883,0.7112064361572266,0.7095922827720642,0.006600263994187117,0.7030172324180604,0.7041101962327957,0.7056483745574951,0.708274319767952,0.7095922827720642,0.7116665244102478,0.7150280654430391,0.7295403420925141,0.73002077460289
44226,-0.7112253904342651,57.60755157470703,51.43879318237305,40.00900050571987,0.7112255692481995,0.70965576171875,0.0065992530435323715,0.7030172324180604,0.7041449069976806,0.7057651579380035,0.708274319767952,0.70965576171875,0.711822584271431,0.7150280654430391,0.7295403420925141,0.73002077460289
44317,-0.7112337946891785,57.5168571472168,51.45380783081055,39.597486223493306,0.711233913898468,0.70965576171875,0.006598482374101877,0.7030705046653748,0.7041449069976806,0.7057651579380035,0.708274319767952,0.70965576171875,0.711822584271431,0.7150327265262605,0.7295403420925141,0.73002077460289
44408,-0.7112500071525574,57.4502067565918,51.478424072265625,39.231052943638396,0.7112500071525574,0.70965576171875,0.006590979639440775,0.7031812715530396,0.7041449069976806,0.7057651579380035,0.708274319767952,0.70965576171875,0.711843729019165,0.7150327265262605,0.7295403420925141,0.73002077460289
44499,-0.7112565636634827,57.38990020751953,51.518856048583984,38.86203711373465,0.7112565636634827,0.70965576171875,0.006589732598513365,0.7032526516914368,0.7041449069976806,0.7057651579380035,0.708274319767952,0.70965576171875,0.711843729019165,0.7150976896286012,0.7295403420925141,0.73002077460289
44590,-0.7112699747085571,57.3636589050293,51.59267044067383,38.44725799560547,0.7112699151039124,0.70965576171875,0.006581102032214403,0.7032526516914368,0.7041449069976806,0.7061583161354065,0.7083195596933365,0.70965576171875,0.711843729019165,0.7150976896286012,0.7295403420925141,0.73002077460289
44681,-0.7112812399864197,57.292701721191406,51.62171173095703,38.04600088936942,0.7112812995910645,0.70965576171875,0.006574215833097696,0.7032526516914368,0.704320952296257,0.7061583161354065,0.7083265632390976,0.70965576171875,0.711843729019165,0.7150976896286012,0.7295403420925141,0.73002077460289
44772,-0.711292564868927,57.19911575317383,51.62587356567383,37.62668718610491,0.7112924456596375,0.70965576171875,0.006573057267814875,0.7032526516914368,0.704320952296257,0.7061583161354065,0.7083478569984436,0.70965576171875,0.711843729019165,0.7150976896286012,0.7295403420925141,0.73002077460289
44863,-0.7113041281700134,57.12348937988281,51.649864196777344,37.21472930908203,0.7113041877746582,0.70965576171875,0.006571317557245493,0.7032526516914368,0.704320952296257,0.7061583161354065,0.7083756625652313,0.70965576171875,0.711843729019165,0.7151135206222535,0.7295487225055695,0.73002077460289
44954,-0.7113102674484253,57.05777359008789,51.67837905883789,36.82252829415457,0.7113103270530701,0.70965576171875,0.006567290984094143,0.7032878923416138,0.704320952296257,0.7061583161354065,0.7083756625652313,0.70965576171875,0.711843729019165,0.7151135206222535,0.7295487225055695,0.73002077460289
45045,-0.7113178372383118,56.99971008300781,51.71449661254883,36.39950016566685,0.7113178372383118,0.70965576171875,0.006567632779479027,0.7032878923416138,0.704320952296257,0.7061583161354065,0.7084027081727982,0.70965576171875,0.711864560842514,0.7151135206222535,0.7296100467443466,0.73002077460289
45136,-0.7113308310508728,56.97354507446289,51.79133224487305,35.996232169015066,0.7113308906555176,0.70965576171875,0.006557069253176451,0.7033296239376068,0.704320952296257,0.7061583161354065,0.7084039449691772,0.70965576171875,0.7118751853704453,0.7151135206222535,0.7296100467443466,0.73002077460289
45227,-0.7113472819328308,56.93274688720703,51.84879684448242,35.58616093226841,0.7113473415374756,0.7097344994544983,0.006548098288476467,0.7033297598361969,0.704320952296257,0.7061583161354065,0.7084100097417831,0.7097344994544983,0.7118751853704453,0.7151135206222535,0.7296100467443466,0.73002077460289
45318,-0.7113561034202576,56.889488220214844,51.89688491821289,35.16694368634905,0.7113562226295471,0.7098279297351837,0.006549274083226919,0.7033297598361969,0.704320952296257,0.7061583161354065,0.7084100097417831,0.7098279297351837,0.7118767499923706,0.7151135206222535,0.7296153426170349,0.73002077460289
45409,-0.7113675475120544,56.869651794433594,51.96697235107422,34.78633553641183,0.7113675475120544,0.709833025932312,0.006542921531945467,0.7033878672122955,0.704320952296257,0.7061583161354065,0.7084100097417831,0.709833025932312,0.7118767499923706,0.7151135206222535,0.7296153426170349,0.73002077460289
45500,-0.7113779783248901,56.801212310791016,51.99089050292969,34.336897713797434,0.7113780379295349,0.709833025932312,0.0065376353450119495,0.7033878672122955,0.7043295204639435,0.7061583161354065,0.7084253877401352,0.709833025932312,0.7118767499923706,0.7151135206222535,0.7296153426170349,0.73002077460289
45591,-0.7113890051841736,56.754791259765625,52.0435791015625,33.888780866350444,0.7113890051841736,0.7098453640937805,0.006545820739120245,0.7033878672122955,0.7043295204639435,0.7061583161354065,0.7084975093603134,0.7098453640937805,0.7118767499923706,0.7151309847831727,0.7296251237392426,0.73002077460289
45682,-0.7113942503929138,56.738033294677734,52.11311340332031,33.5107364654541,0.7113942503929138,0.7098453640937805,0.006547452881932259,0.7033878672122955,0.7043295204639435,0.7061583161354065,0.7085093110799789,0.7098453640937805,0.7118767499923706,0.7151309847831727,0.7296626091003418,0.73002077460289
45773,-0.7114046812057495,56.65447998046875,52.13479995727539,33.09534127371652,0.7114047408103943,0.7098662555217743,0.006545316427946091,0.7033878672122955,0.7043295204639435,0.7061583161354065,0.7085093110799789,0.7098662555217743,0.7119678556919098,0.7151309847831727,0.7296626091003418,0.73002077460289
45864,-0.7114170789718628,56.5791015625,52.147247314453125,32.68497766767229,0.7114170789718628,0.7098848223686218,0.0065460228361189365,0.7033878672122955,0.7043295204639435,0.7061593651771545,0.7085151523351669,0.7098848223686218,0.7119678556919098,0.7151309847831727,0.7296626091003418,0.73002077460289
45955,-0.7114223837852478,56.520362854003906,52.18217086791992,32.25436128888811,0.7114224433898926,0.7098848223686218,0.00654474226757884,0.7033878672122955,0.7043295204639435,0.7061593651771545,0.7085187584161758,0.7098848223686218,0.7119678556919098,0.7151309847831727,0.7296626091003418,0.7300215518474579
46046,-0.7114410400390625,56.45787048339844,52.2103385925293,31.854033606392996,0.7114410400390625,0.7098848223686218,0.006554765626788139,0.7033878672122955,0.7043295204639435,0.7061593651771545,0.7085521519184113,0.7098848223686218,0.7119678556919098,0.7151594638824464,0.7296626091003418,0.7300215518474579
46137,-0.7114529013633728,56.49371337890625,52.33393859863281,31.43591526576451,0.711452841758728,0.7098962664604187,0.006554211024194956,0.7033878672122955,0.7043295204639435,0.7061593651771545,0.7085555195808411,0.7098962664604187,0.7119930684566498,0.7151594638824464,0.7296775758266449,0.7300215518474579
46228,-0.7114627957344055,56.53281021118164,52.46630859375,31.037168775285995,0.7114627957344055,0.709900826215744,0.00655168853700161,0.7033878672122955,0.7043295204639435,0.7061593651771545,0.7086361348628998,0.709900826215744,0.7119930684566498,0.7151594638824464,0.7296775758266449,0.7300215518474579
46319,-0.7114670872688293,56.553043365478516,52.57499313354492,30.646166120256698,0.7114670276641846,0.709900826215744,0.006550823338329792,0.7033878672122955,0.7043295204639435,0.7061593651771545,0.7086361348628998,0.709900826215744,0.7119930684566498,0.7151594638824464,0.7296775758266449,0.7300215518474579
46410,-0.711474597454071,56.59537124633789,52.69214630126953,30.268260410853795,0.7114744782447815,0.7099442481994629,0.006551822647452354,0.7033878672122955,0.7043295204639435,0.7061593651771545,0.7086361348628998,0.7099442481994629,0.7119967043399811,0.7151594638824464,0.7296782374382019,0.7300232434272766
46501,-0.7114890813827515,56.586788177490234,52.76634216308594,29.861025401524135,0.7114889621734619,0.7099565863609314,0.006554649211466312,0.7033878672122955,0.7043295204639435,0.7061647295951843,0.7086745947599411,0.7099565863609314,0.7119967043399811,0.7151594638824464,0.7296861946582794,0.7300293183326722
46592,-0.7114952206611633,56.55290222167969,52.819976806640625,29.450268064226425,0.7114951610565186,0.7099565863609314,0.006558281369507313,0.7033878672122955,0.7044905036687851,0.7061647295951843,0.7086745947599411,0.7099565863609314,0.7120081037282944,0.7151738405227662,0.7296861946582794,0.7300293183326722
46683,-0.7115029096603394,56.56825637817383,52.9111442565918,29.082915714808873,0.7115029096603394,0.7099565863609314,0.00655685318633914,0.7033878672122955,0.7044905036687851,0.706166124343872,0.7086745947599411,0.7099565863609314,0.7120081037282944,0.7151738405227662,0.7296861946582794,0.7300293183326722
46774,-0.7115090489387512,56.62603759765625,53.05139923095703,28.66402871268136,0.7115089893341064,0.7099688649177551,0.006554736290127039,0.7033878672122955,0.7044905036687851,0.706166124343872,0.7086911350488663,0.7099688649177551,0.7120081037282944,0.7151738405227662,0.7296861946582794,0.7300293183326722
46865,-0.7115174531936646,56.5521125793457,53.058189392089844,28.260928290230886,0.7115173935890198,0.7099688649177551,0.00655284384265542,0.7033878672122955,0.7045914649963378,0.7061758875846863,0.7086911350488663,0.7099688649177551,0.7120081037282944,0.7151738405227662,0.7296974062919617,0.7300293183326722
46956,-0.7115230560302734,56.544029235839844,53.13351821899414,27.845442635672434,0.7115230560302734,0.7099688649177551,0.006551448721438646,0.7033879733085633,0.7047005802392959,0.7061758875846863,0.708698645234108,0.7099688649177551,0.7120081037282944,0.7151738405227662,0.7296974062919617,0.7300293183326722
47047,-0.7115296721458435,56.51707458496094,53.199249267578125,27.3890803200858,0.7115296721458435,0.7100048661231995,0.0065515111200511456,0.7033879733085633,0.7047005802392959,0.7061758875846863,0.708698645234108,0.7100048661231995,0.712020069360733,0.7151738405227662,0.7296974062919617,0.7300293183326722
47138,-0.7115354537963867,56.53636169433594,53.292335510253906,26.983333587646484,0.7115355134010315,0.7100048661231995,0.0065475646406412125,0.7033884501457215,0.704700967669487,0.7061834216117859,0.708698645234108,0.7100048661231995,0.712020069360733,0.7151738405227662,0.7296974062919617,0.7300293183326722
47229,-0.711541473865509,56.616031646728516,53.4571647644043,26.516141619001115,0.7115415334701538,0.7100126445293427,0.00654806150123477,0.7033884501457215,0.704700967669487,0.7061834216117859,0.7086998224258423,0.7100126445293427,0.712020069360733,0.7151738405227662,0.729739648103714,0.7300293183326722
47320,-0.7115505933761597,56.72076416015625,53.63395309448242,26.125143596104213,0.7115505933761597,0.7100128531455994,0.006543823983520269,0.7033884501457215,0.704700967669487,0.7061834216117859,0.7087399512529373,0.7100128531455994,0.712020069360733,0.7151738405227662,0.729739648103714,0.7300293183326722
47411,-0.7115604877471924,56.72584915161133,53.719512939453125,25.686501366751536,0.7115604281425476,0.7100128531455994,0.006542013958096504,0.7033884501457215,0.7047013193368912,0.7061834216117859,0.7087399512529373,0.7100128531455994,0.7120421975851059,0.7151738405227662,0.729739648103714,0.7300293183326722
47502,-0.7115678191184998,56.833106994628906,53.9106559753418,25.271217891148158,0.7115678191184998,0.7100128531455994,0.006543457508087158,0.7033884501457215,0.7047013193368912,0.7061834216117859,0.7087959349155426,0.7100128531455994,0.7120421975851059,0.7151738405227662,0.729739648103714,0.7300293183326722
47593,-0.7115800380706787,56.84189224243164,53.99882507324219,24.80002158028739,0.7115799784660339,0.7100128531455994,0.00654295738786459,0.7033884501457215,0.7047013193368912,0.7061834216117859,0.7088217288255692,0.7100128531455994,0.712128609418869,0.7152900338172914,0.729739648103714,0.7300293183326722
47684,-0.7115911841392517,56.87137222290039,54.1127815246582,24.34164047241211,0.7115912437438965,0.7100128531455994,0.006551145110279322,0.7033884501457215,0.7047013193368912,0.7061834216117859,0.7088217288255692,0.7100128531455994,0.7121348530054092,0.715310710668564,0.7297549366950988,0.7301561319828034
47775,-0.7116034030914307,56.92964172363281,54.2537841796875,23.865443093436106,0.7116034030914307,0.7100128531455994,0.006551186088472605,0.7033884501457215,0.704701629281044,0.7062052547931671,0.7088387608528137,0.7100128531455994,0.7122217863798141,0.715310710668564,0.7298300206661225,0.7301561319828034
47866,-0.7116092443466187,57.040550231933594,54.43452072143555,23.450220108032227,0.7116092443466187,0.7100128531455994,0.006549632642418146,0.7033884501457215,0.7047091037034988,0.7062052547931671,0.7088823020458221,0.7100128531455994,0.7122257798910141,0.7153140366077424,0.729844507575035,0.7301561319828034
47957,-0.7116163372993469,57.123722076416016,54.595855712890625,22.975836072649276,0.7116163372993469,0.7100128531455994,0.006551611702889204,0.703399270772934,0.7047091037034988,0.7062052547931671,0.7088823020458221,0.7100128531455994,0.7122368216514587,0.7153140366077424,0.7298511803150177,0.7301561319828034
48048,-0.7116215825080872,57.19361114501953,54.74420166015625,22.49017415727888,0.7116217017173767,0.7100128531455994,0.006555029656738043,0.7034181380271911,0.704778864979744,0.7062109410762787,0.7088823020458221,0.7100128531455994,0.7122368216514587,0.7153140366077424,0.7298521161079407,0.7301843452453614
48139,-0.7116280794143677,57.328922271728516,54.95618438720703,22.008215767996653,0.7116281390190125,0.7100463211536407,0.006553567014634609,0.7034509754180909,0.704778864979744,0.7062109410762787,0.7088823020458221,0.7100463211536407,0.7122368216514587,0.7154193401336671,0.7298521161079407,0.7301843452453614
48230,-0.7116365432739258,57.52305603027344,55.22945785522461,21.496688025338308,0.7116366028785706,0.7100463211536407,0.006553846411406994,0.7034509754180909,0.7047902464866638,0.7062109410762787,0.7088823020458221,0.7100463211536407,0.7122915983200073,0.7154193401336671,0.7298521161079407,0.7301843452453614
48321,-0.7116397619247437,57.61846923828125,55.40157699584961,21.012162344796316,0.7116397619247437,0.7100463211536407,0.0065537733025848866,0.7034509754180909,0.7047902464866638,0.7062109410762787,0.7088851779699326,0.7100463211536407,0.7122915983200073,0.7154193401336671,0.7298965096473694,0.7301843452453614
48412,-0.7116497159004211,57.64966583251953,55.51324462890625,20.52286502293178,0.7116497159004211,0.7100640833377838,0.006551808211952448,0.7034509754180909,0.7048152655363082,0.7062150657176971,0.7088851779699326,0.7100640833377838,0.7122915983200073,0.7154193401336671,0.7298965096473694,0.7301843452453614
48503,-0.7116546630859375,57.7348747253418,55.678977966308594,20.026978628976003,0.7116547226905823,0.7100640833377838,0.006549712270498276,0.7034509754180909,0.7048152655363082,0.7062150657176971,0.7088851779699326,0.7100640833377838,0.7122915983200073,0.7154193401336671,0.7298965096473694,0.7301843929290771
48594,-0.7116618156433105,57.934967041015625,55.949195861816406,19.53773852757045,0.7116618156433105,0.7100640833377838,0.006553421728312969,0.7034509754180909,0.7048152655363082,0.7062150657176971,0.7088851779699326,0.7100640833377838,0.7122915983200073,0.7154193401336671,0.7298965096473694,0.7301843929290771
48685,-0.7116648554801941,58.0673942565918,56.14945983886719,19.050308227539062,0.7116649150848389,0.7100640833377838,0.006553590297698975,0.7034509754180909,0.7048152655363082,0.7062150657176971,0.7088851779699326,0.7100640833377838,0.7122915983200073,0.7154193401336671,0.7298965096473694,0.7301843929290771
48776,-0.7116726636886597,58.24606704711914,56.405914306640625,18.61867550441197,0.7116727232933044,0.7100640833377838,0.00655076839029789,0.7034509754180909,0.7048152655363082,0.7062368988990784,0.7088897377252579,0.7100640833377838,0.7122915983200073,0.7154361844062807,0.7298971533775329,0.7301843929290771
48867,-0.7116836309432983,58.44279479980469,56.675235748291016,18.138119016374862,0.7116836309432983,0.7100640833377838,0.0065436940640211105,0.7034509754180909,0.7048152655363082,0.706239378452301,0.7088897377252579,0.7100640833377838,0.7122962921857834,0.7154361844062807,0.7298971533775329,0.7301843929290771
48958,-0.7116923332214355,58.669464111328125,56.981300354003906,17.597278594970703,0.7116922736167908,0.7100640833377838,0.006543997675180435,0.7034509754180909,0.7048152655363082,0.706239378452301,0.7089008390903473,0.7100640833377838,0.7122983187437057,0.7154361844062807,0.7298971533775329,0.7301843929290771
49049,-0.7116979956626892,59.008140563964844,57.385005950927734,17.129855973379954,0.7116979956626892,0.7100640833377838,0.00654267892241478,0.7034509754180909,0.7048152655363082,0.706239378452301,0.7089394778013229,0.7100640833377838,0.7122983187437057,0.7154361844062807,0.7298971533775329,0.7301843929290771
49140,-0.7117047905921936,59.31922149658203,57.76807403564453,16.587060383387975,0.7117047905921936,0.7100640833377838,0.006541732233017683,0.7034509754180909,0.7048152655363082,0.706239378452301,0.7089394778013229,0.7100640833377838,0.712520033121109,0.7154361844062807,0.7298971533775329,0.7301843929290771
49231,-0.7117065191268921,59.59818649291992,58.1205940246582,16.037909780229842,0.7117066383361816,0.7100678384304047,0.006541592534631491,0.7034509754180909,0.7048152655363082,0.706239378452301,0.7089394778013229,0.7100678384304047,0.7125220596790314,0.7154361844062807,0.7298971533775329,0.7301843929290771
49322,-0.7117118835449219,59.9591064453125,58.569419860839844,15.47386223929269,0.7117118239402771,0.7100813984870911,0.006539805792272091,0.7034509754180909,0.7048152655363082,0.7062424182891845,0.7089394778013229,0.7100813984870911,0.7125220596790314,0.7154361844062807,0.7298971533775329,0.7301843929290771
49413,-0.7117165327072144,60.513858795166016,59.1954231262207,14.931350435529437,0.7117164731025696,0.7100813984870911,0.006539730820804834,0.7034509754180909,0.7048152655363082,0.7062424182891845,0.7089394778013229,0.7100813984870911,0.7125220596790314,0.7154907941818238,0.7298971533775329,0.7302229452133179
49504,-0.7117242217063904,60.78181457519531,59.54469680786133,14.272528648376465,0.7117243409156799,0.7100813984870911,0.006555254105478525,0.7034509754180909,0.7048152655363082,0.7062424182891845,0.7089394778013229,0.7100813984870911,0.7125336229801178,0.7154907941818238,0.7298971533775329,0.7302229452133179
49595,-0.7117310166358948,61.39090347290039,60.21781921386719,13.743985448564802,0.71173095703125,0.7101086974143982,0.0065555693581700325,0.7034509754180909,0.7048152655363082,0.7062424182891845,0.7089394778013229,0.7101086974143982,0.7125336229801178,0.7154907941818238,0.7298971533775329,0.7302229452133179
49686,-0.711735188961029,62.078155517578125,60.98248291015625,13.086937768118721,0.7117350697517395,0.7101086974143982,0.006556846667081118,0.7034509754180909,0.7048152655363082,0.7062424182891845,0.7089394778013229,0.7101086974143982,0.7125336229801178,0.7154907941818238,0.7298971533775329,0.7302456438541413
49777,-0.7117378115653992,62.655792236328125,61.636451721191406,12.55721936907087,0.7117377519607544,0.7101086974143982,0.0065569267608225346,0.7034509754180909,0.7048152655363082,0.7062424182891845,0.7089394778013229,0.7101086974143982,0.7125336229801178,0.7154930472373964,0.7298971533775329,0.7302456438541413
49868,-0.7117404937744141,63.54776382446289,62.59989929199219,12.048431124006,0.7117404341697693,0.7101086974143982,0.006555793806910515,0.7034509754180909,0.7048152655363082,0.7062424182891845,0.7089394778013229,0.7101086974143982,0.7125336229801178,0.7154930472373964,0.7298971533775329,0.7302456438541413
49959,-0.7117531299591064,64.71896362304688,63.824974060058594,11.535333360944476,0.7117531299591064,0.7101086974143982,0.006558673921972513,0.7034509754180909,0.7048152655363082,0.7062424182891845,0.7089394778013229,0.7101086974143982,0.7125336229801178,0.7155655741691591,0.7298971533775329,0.7302456438541413
