512 4
0
33
49
72
185
1
325
383
415
476
2
86
187
218
415
3
25
43
261
468
4
76
294
338
380
5
91
457
458
466
6
154
192
303
472
7
170
197
293
493
8
170
371
452
482
1
9
438
474
505
10
18
84
162
409
11
170
276
384
438
12
61
66
91
383
13
110
152
192
326
14
21
286
383
395
15
43
77
100
311
11
16
348
386
495
17
214
316
360
492
18
154
196
362
488
19
43
233
299
301
20
416
417
459
460
21
62
92
132
411
22
130
141
155
350
23
71
219
261
436
2
24
85
464
474
25
36
42
123
315
26
88
130
237
492
27
117
151
255
268
28
118
360
476
493
29
197
294
326
345
30
96
103
333
342
31
132
215
340
440
4
32
93
393
412
33
84
325
402
456
34
223
301
404
477
35
145
287
403
446
3
5
36
199
395
37
120
268
340
422
5
38
199
347
389
39
187
226
294
429
40
228
290
326
384
41
150
235
399
429
42
213
233
264
361
43
107
226
418
505
32
44
183
256
361
45
117
173
213
407
40
46
78
235
367
47
165
331
341
496
0
9
48
402
434
49
171
192
206
282
7
50
298
394
505
32
51
102
325
504
0
34
52
319
332
53
61
212
349
419
54
76
202
206
221
14
55
144
347
484
34
56
180
213
326
57
95
319
323
349
58
106
288
433
501
59
61
70
201
350
60
297
426
498
501
26
61
141
396
406
24
62
208
419
435
63
66
131
435
464
64
110
188
229
450
27
35
65
115
213
59
66
304
388
511
11
67
69
216
486
46
68
266
320
419
69
96
151
356
502
8
50
70
384
455
71
165
298
368
415
72
93
112
170
266
53
73
383
487
508
74
141
261
334
379
75
158
295
343
481
76
201
324
454
455
77
116
166
209
498
61
78
393
401
414
79
189
241
242
456
7
58
80
291
382
81
87
126
190
376
2
82
142
156
274
83
104
265
289
505
2
84
137
269
448
70
85
125
248
289
29
86
258
264
449
48
87
107
298
384
88
93
294
451
476
75
89
298
316
500
33
90
120
179
325
91
125
430
435
471
92
175
311
348
465
88
93
293
328
430
30
76
94
153
274
43
95
154
224
419
45
96
211
223
431
97
308
316
325
421
98
147
294
435
484
64
68
99
179
381
36
100
149
207
434
28
101
128
371
506
78
102
160
305
463
93
103
204
212
493
104
106
256
297
480
105
234
242
321
436
106
118
198
265
325
6
107
371
489
499
47
108
166
394
417
109
123
133
189
500
30
105
110
395
400
21
35
111
157
306
21
103
112
164
412
48
113
126
450
475
114
259
370
415
464
19
71
115
120
419
93
116
132
397
508
81
117
189
288
368
118
168
288
312
461
105
119
261
294
412
26
65
120
159
500
121
163
316
376
500
122
194
218
327
407
2
123
253
259
423
63
124
125
250
409
125
157
359
374
444
76
126
241
411
475
100
127
279
399
505
60
128
321
372
455
98
129
130
198
398
49
130
216
240
300
49
80
131
386
418
25
98
132
197
405
48
133
486
490
503
134
142
170
306
440
114
135
231
370
412
32
83
136
191
482
60
100
137
170
397
138
183
192
390
509
19
114
139
154
242
30
140
377
412
500
20
141
179
393
432
142
239
259
384
470
104
116
128
143
175
125
144
191
313
419
145
245
414
434
505
146
149
213
391
401
45
147
207
469
483
148
183
216
259
490
20
121
149
380
390
145
150
209
315
441
69
151
165
329
331
6
11
87
152
405
11
29
153
167
396
83
154
272
426
438
85
155
342
426
439
22
61
94
156
204
3
157
175
321
451
24
117
158
224
461
159
237
256
277
410
80
116
160
334
465
43
82
161
185
401
75
119
162
273
465
38
163
176
398
459
88
158
164
188
500
165
179
385
459
497
94
166
202
361
450
110
156
167
192
449
114
168
234
378
454
161
169
299
304
464
170
250
327
351
494
121
171
316
400
487
172
238
317
389
438
173
263
296
307
416
49
115
174
225
401
22
175
271
281
502
50
105
113
176
421
177
180
214
224
437
114
178
264
265
407
5
54
179
233
379
180
340
369
386
396
20
181
268
331
407
4
182
235
457
484
20
108
183
301
370
132
184
251
350
464
159
185
202
214
269
31
95
186
467
493
187
195
242
278
510
19
188
232
369
465
61
149
189
299
401
71
90
190
384
458
31
185
191
219
452
75
124
151
192
306
4
150
190
193
449
194
339
350
404
502
48
105
195
254
395
134
196
217
429
447
62
158
197
247
330
71
164
198
445
463
108
199
227
341
473
48
200
248
315
503
83
201
310
372
509
80
202
351
427
490
54
110
203
394
395
36
204
281
346
366
53
88
144
205
416
96
129
206
422
429
207
212
337
384
454
29
52
202
208
466
8
67
74
209
367
93
210
307
425
471
98
99
211
360
453
197
212
223
233
293
20
135
157
191
213
214
305
367
391
394
17
69
189
215
425
198
216
282
402
411
117
152
191
217
465
70
197
218
251
394
57
87
140
219
330
74
76
100
220
371
221
300
336
402
418
70
120
222
266
356
19
104
127
223
452
87
156
186
224
478
103
225
357
479
480
7
80
226
361
380
30
227
290
413
449
91
192
228
420
445
173
192
229
308
349
76
93
230
363
433
103
132
160
231
372
121
160
232
426
443
160
209
233
333
349
65
88
215
234
502
87
88
235
241
506
137
236
253
363
438
117
199
237
253
387
102
219
238
276
352
2
35
208
239
447
240
292
321
394
507
38
136
168
240
241
85
98
242
255
361
31
235
243
412
505
23
244
250
430
486
32
233
245
287
391
36
203
246
261
410
222
223
230
231
247
222
231
248
463
488
65
132
238
249
251
94
97
250
300
390
185
251
337
402
446
70
175
207
252
338
31
188
253
447
506
46
87
135
254
308
255
296
351
462
491
101
230
256
375
387
94
211
257
315
422
258
422
474
508
509
141
198
215
236
259
65
69
158
260
333
102
246
261
452
490
262
390
406
416
433
16
263
308
405
450
22
34
264
284
295
23
80
150
265
457
95
247
266
338
507
267
412
423
437
482
77
268
287
407
444
123
182
269
378
485
11
75
163
270
420
31
219
271
351
404
9
79
272
445
495
41
106
273
362
414
192
198
274
299
471
58
273
275
420
487
23
276
302
310
484
128
261
277
297
420
40
153
202
278
486
178
184
247
279
400
10
239
280
293
434
15
110
154
281
469
42
102
282
337
363
39
283
335
356
492
32
77
284
331
362
141
212
258
285
489
112
286
364
456
492
49
129
249
287
361
28
135
231
288
371
25
34
190
289
402
191
209
264
290
485
0
291
394
436
441
76
146
261
292
467
11
25
241
293
463
0
14
97
294
332
91
102
268
295
464
180
190
206
277
296
115
157
297
435
501
25
72
181
230
298
292
299
415
455
475
14
300
354
405
438
59
142
167
301
401
10
110
111
216
302
66
167
303
315
340
73
146
156
279
304
51
235
301
305
331
116
241
289
306
329
234
307
375
434
447
3
21
75
308
404
126
270
309
390
396
32
310
358
432
499
13
155
311
434
487
14
184
197
312
495
89
157
292
313
455
201
314
317
342
461
99
205
279
315
320
126
316
363
394
443
8
52
178
222
317
76
141
205
318
332
34
271
319
342
408
140
320
382
395
443
73
168
231
321
484
174
240
322
440
507
24
323
351
385
456
209
324
364
388
391
70
98
144
318
325
326
345
357
378
393
25
327
362
369
489
141
223
236
328
383
64
329
366
380
484
255
306
330
452
498
29
123
206
331
370
171
219
332
422
432
100
207
279
333
484
184
334
371
442
501
226
313
335
427
465
60
70
336
345
355
96
251
252
305
337
78
338
398
405
492
25
181
339
439
462
109
215
308
340
373
135
191
294
341
478
35
70
190
301
342
41
90
96
162
343
139
294
344
367
486
4
90
207
345
357
13
75
102
117
346
185
347
417
445
495
205
214
348
380
444
12
259
349
480
506
69
169
174
350
450
63
105
153
351
371
12
210
226
352
357
256
342
353
379
395
190
291
354
377
472
9
274
355
369
482
12
87
356
477
496
160
277
278
357
461
1
12
129
358
391
14
39
323
359
412
33
40
326
360
396
80
143
190
320
361
33
68
173
248
362
33
122
289
363
420
57
229
283
364
420
158
169
365
386
501
177
213
310
366
492
228
367
421
472
503
25
368
381
433
499
240
321
343
369
507
92
142
200
255
370
222
244
268
288
371
45
56
290
372
393
273
279
304
336
373
126
237
374
443
497
191
227
340
368
375
81
150
246
252
376
48
122
377
391
456
144
301
311
378
411
54
114
379
444
484
29
144
340
380
418
30
191
278
381
436
72
170
214
382
438
143
325
347
383
416
33
243
317
384
502
279
301
385
397
412
85
278
349
386
401
279
329
387
389
458
66
257
351
388
394
32
33
42
197
389
86
224
297
390
455
79
148
292
391
502
329
368
384
386
392
45
138
370
393
415
51
144
154
366
394
35
107
155
335
395
17
73
95
104
396
255
365
397
412
442
54
97
127
164
398
4
119
233
243
399
137
319
395
400
489
36
327
379
401
464
125
263
313
402
430
179
197
374
403
486
19
217
220
225
404
63
228
358
405
414
12
89
231
293
406
148
236
310
407
482
84
109
308
333
408
41
185
238
370
409
257
303
404
410
448
21
24
385
411
489
167
171
205
240
412
197
273
365
413
449
134
323
326
395
414
20
119
159
245
415
147
182
230
365
416
14
75
201
417
499
76
363
390
402
418
214
416
419
433
500
17
74
169
233
420
256
305
364
421
481
163
328
336
394
422
19
328
409
423
431
30
31
62
107
424
12
269
312
373
425
287
313
426
470
495
127
335
427
474
507
7
83
124
132
428
10
59
395
429
433
149
322
330
374
430
126
185
198
221
431
109
156
397
403
432
172
322
433
438
450
199
434
436
461
511
210
350
362
387
435
7
19
114
405
436
115
190
235
409
437
257
322
348
356
438
3
147
219
297
439
313
374
440
477
504
35
46
265
330
441
75
138
178
210
442
193
326
410
432
443
66
135
241
272
444
22
107
259
318
445
396
411
446
478
502
9
158
430
435
447
128
172
176
424
448
29
294
350
449
471
3
86
132
392
450
27
29
70
313
451
59
149
200
212
452
44
309
423
453
508
75
204
282
382
454
148
300
379
396
455
130
157
350
456
457
46
199
327
433
457
3
91
287
304
458
133
150
314
400
459
91
100
294
307
460
118
171
229
446
461
169
225
332
423
462
105
273
386
404
463
251
266
296
381
464
40
219
245
358
465
117
133
367
389
466
43
243
287
392
467
31
207
329
468
473
223
284
291
312
469
233
341
366
373
470
105
125
250
421
471
154
170
183
318
472
6
175
258
383
473
161
263
434
474
478
90
221
260
331
475
28
30
166
183
476
1
250
344
477
496
193
214
375
448
478
316
362
467
479
498
116
231
341
456
480
12
23
135
337
481
161
191
212
263
482
97
281
481
483
501
43
192
416
484
494
85
128
189
412
485
182
225
444
486
501
36
356
397
430
487
166
256
413
482
488
74
115
166
412
489
40
124
471
473
490
62
73
392
412
491
17
64
290
460
492
44
78
155
488
493
164
276
395
494
500
29
273
335
403
495
1
71
261
452
496
103
127
264
267
497
45
137
258
484
498
107
129
151
383
499
27
124
198
273
500
56
228
374
457
501
122
276
365
449
502
105
123
231
340
503
23
244
277
338
504
55
304
493
505
507
26
46
71
283
506
222
393
417
458
507
36
102
357
439
508
166
183
332
349
509
84
106
170
259
510
15
168
258
455
511
0.1501794308423996
0.15908977389335632
0.6207378506660461
0.35633689165115356
0.9972765445709229
0.013623388484120369
0.18592339754104614
0.8040400743484497
0.354866087436676
0.8979032635688782
0.8673936128616333
0.3107244074344635
0.5527881979942322
0.8876158595085144
0.3336580693721771
0.34423360228538513
0.6361005902290344
0.9062883853912354
0.1525433361530304
0.7695173025131226
0.7331213355064392
0.01727055199444294
0.008425038307905197
0.45376574993133545
0.22738128900527954
0.1279660016298294
0.33334916830062866
0.9413129091262817
0.9415605664253235
0.28835976123809814
0.45977646112442017
0.846287190914154
0.00971957203000784
0.3978272080421448
0.30532413721084595
0.29053032398223877
0.49031320214271545
0.5672670006752014
0.32211244106292725
0.5454214215278625
0.5129073262214661
0.42932790517807007
0.36578208208084106
0.9094765186309814
0.884641170501709
0.02792426384985447
0.9220553040504456
0.4702377915382385
0.4155177175998688
0.7131940126419067
0.7844398617744446
0.47190171480178833
0.8585759401321411
0.6091023087501526
0.5856680274009705
0.35988444089889526
0.5860455632209778
0.9798409342765808
0.9241791367530823
0.8375745415687561
0.12393003702163696
0.4199376702308655
0.3524702787399292
0.3651743233203888
0.21825450658798218
0.23146174848079681
0.766546905040741
0.7903655171394348
0.8048543334007263
0.06542624533176422
0.7359638214111328
0.4041360318660736
0.39367255568504333
0.8756200075149536
0.22876235842704773
0.9325107336044312
0.9910804629325867
0.5382746458053589
0.7117760181427002
0.795568585395813
0.7746404409408569
0.4609985053539276
0.6990012526512146
0.7240583896636963
0.7570091485977173
0.061906520277261734
0.8431745171546936
0.46814775466918945
0.9994277954101562
0.5696424841880798
0.14539863169193268
0.7505162954330444
0.0028214510530233383
0.7860614657402039
0.7563801407814026
0.6684703230857849
0.6320334076881409
0.776587188243866
0.9775423407554626
0.5822952389717102
0.11364707350730896
0.32941120862960815
0.38841429352760315
0.7862695455551147
0.8166545033454895
0.4348357021808624
0.21802954375743866
0.1682688444852829
0.439126193523407
0.01936139538884163
0.4281105101108551
0.1643258035182953
0.178477942943573
0.832054615020752
0.9520166516304016
0.1844988316297531
0.8687509298324585
0.2532375752925873
0.6716720461845398
0.5254011154174805
0.17846375703811646
0.0706545040011406
0.9257717728614807
0.4288991689682007
0.37811198830604553
0.8343958854675293
0.516922116279602
0.5064710378646851
0.30979475378990173
0.8607766032218933
0.45829758048057556
0.4794476628303528
0.7793701887130737
0.16520699858665466
0.5844221115112305
0.7236591577529907
0.4943767488002777
0.987101674079895
0.6646322011947632
0.21924303472042084
0.0931859090924263
0.8367986679077148
0.31729647517204285
0.6589439511299133
0.13427650928497314
0.0682486891746521
0.4479416310787201
0.26311132311820984
0.7186900973320007
0.25930899381637573
0.2529021203517914
0.05388403311371803
0.4771155118942261
0.5084196329116821
0.4620964229106903
0.3856962025165558
0.04984525218605995
0.8132500052452087
0.4574211835861206
0.2384360134601593
0.6993340253829956
0.10693220049142838
0.3990095257759094
0.027738872915506363
0.42225122451782227
0.576919674873352
0.00175219657830894
0.5272048711776733
0.39389118552207947
0.5196623206138611
0.5733293890953064
0.9842926263809204
0.38092637062072754
0.17494672536849976
0.8237714767456055
0.7803694605827332
0.3221437335014343
0.7606848478317261
0.7373545169830322
0.4967070519924164
0.2680785059928894
0.04871091619133949
0.5731907486915588
0.061418674886226654
0.4394523501396179
0.06332212686538696
0.9111703038215637
0.7102766036987305
0.5617194771766663
0.07301746308803558
0.38203930854797363
0.2924825847148895
0.9277578592300415
0.1815042793750763
0.23678666353225708
0.9208988547325134
0.1536751240491867
0.20210570096969604
0.6405720710754395
0.6744340062141418
0.5521194338798523
0.5630720853805542
0.4867232143878937
0.43303734064102173
0.4258037209510803
0.7737317085266113
0.6517550945281982
0.2539975345134735
0.7027537822723389
0.8648829460144043
0.03198789805173874
0.3267359137535095
0.5014216303825378
0.40345272421836853
0.3076639175415039
0.21042005717754364
0.3690732419490814
0.05997483804821968
0.6643131971359253
0.7365977764129639
0.9675856828689575
0.9141384363174438
0.334176629781723
0.7156734466552734
0.6829900145530701
0.649987518787384
0.20256076753139496
0.721311628818512
0.8266274929046631
0.935452401638031
0.5869329571723938
0.3485170304775238
0.4598238170146942
0.9689499139785767
0.25258195400238037
0.046922966837882996
0.7481794357299805
0.14700062572956085
0.5078393816947937
0.3656173348426819
0.8555186986923218
0.2626189887523651
0.6561695337295532
0.21210862696170807
0.23257242143154144
0.9535554051399231
0.8952197432518005
0.17860430479049683
0.0021303510293364525
0.3844728171825409
0.3910926282405853
0.9058681130409241
0.04504935070872307
0.7893998026847839
0.3346560597419739
0.20930877327919006
0.5701478719711304
0.16695740818977356
0.4048573672771454
0.7126632928848267
0.13221238553524017
0.6421912312507629
0.7654493451118469
0.935007631778717
0.8309555649757385
0.7125822305679321
0.5719771385192871
0.3307144045829773
0.18345418572425842
0.6569570302963257
0.1520974040031433
0.10311282426118851
0.8301296234130859
0.6881184577941895
0.4731824994087219
0.3649264872074127
0.9603829383850098
0.9216564297676086
0.7022370100021362
0.9245027899742126
0.6441240310668945
0.7403880953788757
0.1583046019077301
0.828773558139801
0.33203738927841187
0.9648065567016602
0.932855486869812
0.7203701138496399
0.5564245581626892
0.6063677072525024
0.5116541385650635
0.5071346759796143
0.15553101897239685
0.7513179779052734
0.9500786662101746
0.3434828519821167
0.9917919039726257
0.949138879776001
0.481805682182312
0.06976310163736343
0.8947110176086426
0.9197730422019958
0.7169870138168335
0.6591194272041321
0.8714576363563538
0.729347288608551
0.4941789507865906
0.5548573732376099
0.2529976963996887
0.9700046181678772
0.3993861973285675
0.24013856053352356
0.5916505455970764
0.5700978636741638
0.5068343281745911
0.3077443838119507
0.3438161015510559
0.9148239493370056
0.6111754775047302
0.05871627479791641
0.3165093958377838
0.10078734159469604
0.5495202541351318
0.1657925248146057
0.7812350988388062
0.3192009925842285
0.1104433611035347
0.6870028376579285
0.7549439668655396
0.24250560998916626
0.32103368639945984
0.3487149178981781
0.9498191475868225
0.867375910282135
0.9253746867179871
0.47327789664268494
0.5878039598464966
0.24009625613689423
0.2735801637172699
0.5198479294776917
0.5546346306800842
0.022478051483631134
0.4203278124332428
0.5387431979179382
0.7545854449272156
0.05842145159840584
0.8573514223098755
0.39408764243125916
0.2863668203353882
0.7623624801635742
0.5253971815109253
0.5700926184654236
0.7401252388954163
0.9464238286018372
0.5308680534362793
0.6803460717201233
0.26683032512664795
0.11205263435840607
0.2588978707790375
0.3136841654777527
0.9134728908538818
0.9390740990638733
0.7944504022598267
0.17827430367469788
0.49255669116973877
0.09612703323364258
0.8669204115867615
0.3457198739051819
0.23864346742630005
0.40273067355155945
0.6661726832389832
0.7267395257949829
0.5589626431465149
0.3380081355571747
0.0873449370265007
0.3355848789215088
0.6527879238128662
0.17038102447986603
0.963829755783081
0.7221971154212952
0.40415385365486145
0.4848105311393738
0.6303510069847107
0.8482869863510132
0.08037851005792618
0.6958083510398865
0.235277459025383
0.9717736840248108
0.7388730049133301
0.6239757537841797
0.7206093072891235
0.7877967953681946
0.39446547627449036
0.11809919029474258
0.5362245440483093
0.8153521418571472
0.9254807233810425
0.8977928161621094
0.23128220438957214
0.16029545664787292
0.8998414278030396
0.050964780151844025
0.5187973380088806
0.8570853471755981
0.5811883211135864
0.465466171503067
0.4023270606994629
0.8159490823745728
0.6273667216300964
0.471388041973114
0.8488972783088684
0.19530363380908966
0.7376489043235779
0.336556077003479
0.4372590184211731
0.22711066901683807
0.7047187089920044
0.7471893429756165
0.7963544726371765
0.21250098943710327
0.9947130680084229
0.7761817574501038
0.9494907855987549
0.9357254505157471
0.8527623414993286
0.055433887988328934
0.0695761889219284
0.16342326998710632
0.2199253886938095
0.7560056447982788
0.34978291392326355
0.8368709087371826
0.4394489526748657
0.772074818611145
0.23527482151985168
0.05209997668862343
0.26600128412246704
0.33602485060691833
0.4976078271865845
0.6656911969184875
0.5202010273933411
0.8497942686080933
0.7407817840576172
0.7366650104522705
0.0004284823953639716
0.7717472910881042
0.16982845962047577
0.1953461468219757
0.3984231650829315
0.6111626625061035
0.0802277997136116
0.47807788848876953
0.4876721203327179
0.12504985928535461
0.07821235060691833
0.5537049770355225
0.9127103090286255
0.7730925679206848
0.45111405849456787
0.5645921230316162
0.8052979707717896
0.08265874534845352
0.09011431783437729
0.13271284103393555
0.42558616399765015
0.4142291843891144
0.7103880047798157
0.5754849314689636
0.7457191348075867
0.016983022913336754
0.4836543798446655
0.9723777174949646
0.35826846957206726
0.30007877945899963
0.22682146728038788
0.2397470623254776
0.554988443851471
0.3304373025894165
0.28396663069725037
0.717997670173645
0.04030369967222214
0.7738344073295593
0.5648316740989685
0.0900535136461258
0.689789891242981
0.7054242491722107
0.6420808434486389
0.4260995090007782
0.9542574882507324
0.5879877805709839
0.8415412306785583
0.8011121153831482
0.6817246675491333
0.6379526257514954
0.1792084276676178
0.753527045249939
0.9428707957267761
0.6790436506271362
0.45394864678382874
0.3270665407180786
0.4959041178226471
0.17177918553352356
0.7394741773605347
0.2202698290348053
0.8390788435935974
0.054303187876939774
0.5008653402328491
0.5456231236457825
0.8311007618904114
0.096165731549263
0.8704691529273987
0.012826895341277122
0.9561954736709595
0.4528646469116211
0.46500685811042786
0.8119677901268005
0.5918474793434143
0.5834870338439941
0.014151767827570438
0.010483643040060997
0.4532942771911621
0.5803726315498352
0.32006052136421204
0.10894420742988586
0.42090240120887756
0.5302984118461609
0.322383850812912
0.9623607397079468
0.5756722092628479
0.7344837784767151
0.4866233170032501
0.3234606385231018
0.9015438556671143
0.38436761498451233
0.7169082760810852
0.5829818844795227
0.07963258773088455
0.5998512506484985
0.6034613847732544
0.46521228551864624
0.9888706207275391
0.4372180700302124
0.684005081653595
0.14724917709827423
0.3120206892490387
0.6460665464401245
0.24921849370002747
0.03981306776404381
0.6330162882804871
0.16542063653469086
0.961853563785553
0.5037278532981873
0.722426176071167
0.9269694089889526
0.3727933168411255
0.5691601037979126
0.7600929141044617
0.8192074298858643
0.5095059275627136
0.7871212959289551
0.8570459485054016
0.3211495578289032
0.7583644986152649
0.3497578799724579
0.3789161741733551
0.870003879070282
0.26726412773132324
0.6896809935569763
0.715244710445404
0.5420390367507935
0.5171738266944885
0.2910815477371216
0.34911417961120605
0.08809765428304672
0.12848109006881714
0.9374117851257324
0.19903655350208282
0.0007035398157313466
0.4544493854045868
0.8057956695556641
0.4217391014099121
0.5678123831748962
0.25234681367874146
0.8819377422332764
0.48021283745765686
0.5716872811317444
0.04696892946958542
0.799379289150238
0.9682201743125916
0.7923312783241272
0.9837391972541809
0.5133851766586304
0.13717450201511383
0.2855775058269501
0.6875951886177063
0.2267758548259735
0.9253267049789429
0.9683918952941895
0.1820371150970459
0.4946449398994446
0.2653783857822418
0.9028278589248657
0.32459786534309387
0.15805548429489136
0.6082525849342346
0.26965615153312683
0.9589414000511169
0.8150648474693298
0.08194374293088913
0.9420020580291748
0.9038642048835754
0.16233165562152863
0.06614061444997787
0.132310688495636
0.082635797560215
0.4536072611808777
0.4581651985645294
0.9297741055488586
0.037297967821359634
0.07330054044723511
0.582594633102417
0.25397250056266785
0.887438178062439
0.6003609299659729
0.3535902202129364
0.8161820769309998
0.7416490316390991
0.9901185035705566
0.23547810316085815
0.27324071526527405
0.03849651291966438
0.2999727725982666
0.9360796213150024
0.6074369549751282
0.3295019567012787
0.5117437243461609
0.04149108752608299
0.10949032753705978
0.05478449538350105
0.5114142894744873
0.8760354518890381
0.5916749238967896
0.3691457509994507
0.2704892158508301
0.6437093615531921
0.06522364169359207
0.6991592645645142
0.3096538782119751
0.8681091070175171
0.3562852740287781
0.1550741344690323
0.6942280530929565
0.09636113792657852
0.1239856481552124
0.7868862152099609
0.8507092595100403
0.27988651394844055
0.6009204983711243
0.4203120172023773
0.8962985873222351
0.9634855389595032
0.550469160079956
0.918095588684082
0.11534392833709717
0.8113999366760254
0.09777314960956573
0.2453370988368988
0.7952333688735962
0.1825110763311386
0.9829979538917542
0.5531142354011536
0.05199749022722244
0.7564108371734619
0.4859068691730499
0.07855274528265
0.5031567215919495
0.5915879011154175
0.6776174306869507
0.7917888760566711
0.21874158084392548
0.7948232889175415
0.6722550988197327
0.17104925215244293
0.16648048162460327
0.7725198864936829
0.20019283890724182
0.0043355319648981094
0.7858060002326965
0.9393223524093628
0.06316553056240082
0.8026081323623657
0.039997197687625885
0.6535495519638062
0.6895149946212769
0.389514684677124
0.9262076020240784
0.9836734533309937
0.8457785844802856
0.3825831413269043
0.06563317775726318
0.3650820255279541
0.7812407612800598
0.6321133971214294
0.3005135953426361
0.9361807703971863
0.1115436851978302
0.5122079849243164
0.6094160676002502
0.7981309294700623
0.6736268997192383
0.07527544349431992
0.029732855036854744
0.393023818731308
0.7142213582992554
0.593411386013031
0.8501102924346924
0.08282967656850815
0.980543315410614
0.40769270062446594
0.8613295555114746
0.7929054498672485
0.8094096183776855
0.8760107755661011
0.7364599704742432
0.6524254083633423
0.2688300907611847
0.81368088722229
0.885230541229248
0.5792657136917114
0.3038124442100525
0.257806658744812
0.4702959656715393
0.4756000339984894
0.5322758555412292
0.6920194029808044
0.6217625737190247
0.1703367531299591
0.2830637991428375
0.9102829098701477
0.15163016319274902
0.5274986624717712
0.40248820185661316
0.18178556859493256
0.2467041313648224
0.9809901118278503
0.7946257591247559
0.2478000521659851
0.13527661561965942
0.46636441349983215
0.791684091091156
0.27110350131988525
0.46913838386535645
0.9304817914962769
0.2195095717906952
0.6206730008125305
0.4823567867279053
0.8028269410133362
0.3028411269187927
0.6384162306785583
0.19390609860420227
0.05939595773816109
0.5069617629051208
0.8898630738258362
0.03010466881096363
0.9862813353538513
0.8956089019775391
0.7955880761146545
0.9112433195114136
0.26849794387817383
0.3785204291343689
0.13502006232738495
0.7417356371879578
0.15777049958705902
0.8654268980026245
0.8699560165405273
0.43647468090057373
0.8898012638092041
0.7857059836387634
0.8148019313812256
0.026799911633133888
0.12356042116880417
0.16695091128349304
0.22020143270492554
0.4606937766075134
0.5892569422721863
0.3880472779273987
0.31187987327575684
0.30268141627311707
0.9047315120697021
0.9496765732765198
0.4902245104312897
0.7063562870025635
0.14969414472579956
0.9195283055305481
0.5129846334457397
0.44276162981987
0.8042024970054626
0.016655389219522476
0.227203831076622
0.5550230741500854
0.8033280968666077
0.39339345693588257
0.7462262511253357
0.9021724462509155
0.8462926745414734
0.7897542119026184
0.6390283107757568
0.09052088856697083
0.10484981536865234
0.21342751383781433
0.38448432087898254
0.39055168628692627
0.47747525572776794
0.3071720600128174
0.2918926477432251
0.6530097723007202
0.10226127505302429
0.5014857053756714
0.15618066489696503
0.8635857105255127
0.36655500531196594
0.28124701976776123
0.8403153419494629
0.987990140914917
0.8839805126190186
0.9543032646179199
0.3635191321372986
0.6113111972808838
0.051155246794223785
0.7704280614852905
0.04938271641731262
0.028760412707924843
0.9257582426071167
0.18543648719787598
0.971214234828949
0.9520226716995239
0.016252489760518074
0.146943598985672
0.3758643865585327
0.9561030864715576
0.7763649225234985
0.7413588762283325
0.1304621547460556
0.29244211316108704
0.18671022355556488
0.42697012424468994
0.35179033875465393
0.6255229711532593
0.33577582240104675
0.8745865225791931
0.3610391318798065
0.5821630358695984
0.09468356519937515
0.2052604705095291
0.9931045174598694
0.786872923374176
0.2843286693096161
0.7625584602355957
0.6389495730400085
0.319847971200943
0.2884155809879303
0.5241925120353699
0.20293377339839935
0.7233536839485168
0.955467939376831
0.1503203958272934
0.4810410141944885
0.846435546875
0.37751689553260803
0.5474406480789185
0.3040846586227417
0.07791073620319366
0.10842400044202805
0.8636099696159363
0.25949060916900635
0.7472802996635437
0.9754750728607178
0.3410419821739197
0.19457238912582397
0.007102296222001314
0.49613842368125916
0.03484003245830536
0.33045756816864014
0.3550691604614258
0.7153345346450806
0.2808546721935272
0.3985467255115509
0.3257584571838379
0.3983519375324249
0.5875242352485657
0.8632898330688477
0.7493178248405457
0.15573295950889587
0.8368593454360962
0.6725044846534729
0.1660248339176178
0.27035099267959595
0.58428555727005
0.28849464654922485
0.6014644503593445
0.7723917365074158
0.5173388719558716
0.3569805324077606
0.846867024898529
0.9361187219619751
0.3918346166610718
0.07217160612344742
0.6697473526000977
0.3071938753128052
0.8170743584632874
0.5838874578475952
0.9956796765327454
0.3506404161453247
0.1279057115316391
0.899177610874176
0.24163135886192322
0.718201220035553
0.6679261922836304
0.5099717378616333
0.36448192596435547
0.40259191393852234
0.7751171588897705
0.8888100981712341
0.04781899228692055
0.6613789200782776
0.7087772488594055
0.9099276661872864
0.40779009461402893
0.8922209143638611
0.07822271436452866
0.738028347492218
0.7696293592453003
0.5044341087341309
0.7150024771690369
0.4382205307483673
0.7846975922584534
0.9558530449867249
0.5349544882774353
0.6492303013801575
0.1194857805967331
0.5294127464294434
0.7482643127441406
0.28997722268104553
0.38764500617980957
0.40775611996650696
0.9311395883560181
0.1894892156124115
0.0455690361559391
0.041874270886182785
0.6862924098968506
0.4024010896682739
0.3927536904811859
0.923352062702179
0.3405834436416626
0.049453746527433395
0.2891243100166321
0.6016268730163574
0.3940456509590149
0.8323273062705994
0.04456343874335289
0.1535453051328659
0.6619078516960144
0.855164647102356
0.9167245030403137
0.011601823382079601
0.915267825126648
0.5397350192070007
0.888346791267395
0.7651327252388
0.9218131303787231
0.113150954246521
0.43759509921073914
0.8063693642616272
0.05520327761769295
0.49678072333335876
0.25148749351501465
0.4453528821468353
0.050107426941394806
0.04274338111281395
0.41209039092063904
0.5274561047554016
0.24785646796226501
0.33023127913475037
0.7626333832740784
0.3398425281047821
0.6857989430427551
0.47116199135780334
0.38561365008354187
0.29671669006347656
0.9046086072921753
0.5485318899154663
0.5585801005363464
0.44308924674987793
0.7962952256202698
0.771630585193634
0.6235613822937012
0.9986002445220947
0.9761757254600525
0.9257570505142212
0.37072354555130005
0.8147909045219421
0.2241070419549942
0.4722430408000946
0.9274811744689941
0.8847380876541138
0.8050243854522705
0.11271373182535172
0.97223961353302
0.7126597166061401
0.21895673871040344
0.4181640148162842
0.3863205909729004
0.5093597769737244
0.2951403260231018
0.4496718943119049
0.9749212265014648
0.2895081639289856
0.7295538783073425
0.5471992492675781
0.8558282852172852
0.38162514567375183
0.6279545426368713
0.1408979743719101
0.41719886660575867
0.41956019401550293
0.37348368763923645
0.4842875301837921
0.9442755579948425
0.729254424571991
0.5537108778953552
0.36520394682884216
0.1216370090842247
0.834987223148346
0.15088199079036713
0.8091117143630981
0.3863948881626129
0.7555621266365051
0.3130165934562683
0.4685235321521759
0.4427511394023895
0.05973784253001213
0.042348429560661316
0.0017501089023426175
0.16193416714668274
0.791709303855896
0.9227922558784485
0.5465583801269531
0.042576465755701065
0.2816174328327179
0.7514747381210327
0.7172800302505493
0.19212593138217926
0.18749156594276428
0.0666460245847702
0.3016491234302521
0.20835164189338684
0.5299670100212097
0.7007526159286499
0.5142355561256409
0.4056956470012665
0.7134324312210083
0.8192135095596313
0.05114658921957016
0.708661675453186
0.5997089743614197
0.10112719237804413
0.1526307463645935
0.20178398489952087
0.24535077810287476
0.09070206433534622
0.9003551602363586
0.9002330303192139
0.35171234607696533
0.37767159938812256
0.5243107080459595
0.5804235935211182
0.8717770576477051
0.42666950821876526
0.8342698216438293
0.9755427241325378
0.9660129547119141
0.18467488884925842
0.5869782567024231
0.9041934013366699
0.3533395528793335
0.30853983759880066
0.3714126646518707
0.4111495912075043
0.2568606436252594
0.22734622657299042
0.25611066818237305
0.0019507393008098006
0.9197953939437866
0.8948830962181091
0.7011748552322388
0.3276475965976715
0.34008991718292236
0.18259945511817932
0.26200243830680847
0.6805744767189026
0.507820188999176
0.12481033802032471
0.32728251814842224
0.6467698216438293
0.4874195158481598
0.6791543364524841
0.6776618957519531
0.5351304411888123
0.8771533370018005
0.9291012287139893
0.06466899067163467
0.37150928378105164
0.4787127375602722
0.050635870546102524
0.43947699666023254
0.24494262039661407
0.2978307902812958
0.6254205703735352
0.8850507736206055
0.25986847281455994
0.726749837398529
0.40606385469436646
0.014003273099660873
0.30285879969596863
0.7739319205284119
0.088831827044487
0.3628945052623749
0.694462239742279
0.5997258424758911
0.9842185974121094
0.49585437774658203
0.8030835390090942
0.7539039850234985
0.943250298500061
0.14965005218982697
0.4293760061264038
0.10254915803670883
0.23238471150398254
0.5573108196258545
0.4261154532432556
0.3561663031578064
0.7952987551689148
0.760691225528717
0.990108847618103
0.7907575964927673
0.9887633919715881
0.22575418651103973
0.046574849635362625
0.2738814055919647
0.4021589159965515
0.4680067002773285
0.7853723168373108
0.06871868669986725
0.21651823818683624
0.4419713616371155
0.06531483680009842
0.15938036143779755
0.08284566551446915
0.6317623853683472
0.9716089367866516
0.505947470664978
0.14388763904571533
0.8823589086532593
0.0724821537733078
0.0850599929690361
0.015651367604732513
0.025769654661417007
0.8220570087432861
0.45668262243270874
0.52679443359375
0.9878652095794678
0.14754745364189148
0.004705301020294428
0.5749557614326477
0.8213306665420532
0.9878788590431213
0.9418931603431702
0.8803974986076355
0.03951530158519745
0.9369635581970215
0.35508108139038086
0.5957131385803223
0.6590580940246582
0.06131090596318245
0.006160086486488581
0.8588228225708008
0.9743883013725281
0.5714340806007385
0.12400669604539871
0.8635312914848328
0.5875756740570068
0.10987702012062073
0.30520281195640564
0.580666720867157
0.6726865768432617
0.95596843957901
0.26658734679222107
0.17958618700504303
0.20579154789447784
0.8430169224739075
0.9293857216835022
0.31427431106567383
0.3726622462272644
0.002157582901418209
0.019445572048425674
0.47419342398643494
0.9247255921363831
0.025774812325835228
0.6499192118644714
0.803728461265564
0.6038581132888794
0.06132986769080162
0.9345387816429138
0.07845031470060349
0.5577285289764404
0.48792892694473267
0.006468245759606361
0.16061629354953766
0.6269378066062927
0.14874078333377838
0.38758715987205505
0.6281957626342773
0.5044408440589905
0.7040762305259705
0.7047315835952759
0.8207753300666809
0.5415855646133423
0.3037187159061432
0.8570666313171387
0.37465590238571167
0.694771945476532
0.9721280336380005
0.6840348839759827
0.9025655388832092
0.4230457544326782
0.05994710698723793
0.9176927804946899
0.7505642175674438
0.1042172834277153
0.5770896673202515
0.7328834533691406
0.23660749197006226
0.16609659790992737
0.5923961400985718
0.24575065076351166
0.7456563115119934
0.6386516094207764
0.5026535987854004
0.27629104256629944
0.783474862575531
0.48240721225738525
0.576561450958252
0.5712763071060181
0.8893558382987976
0.31067726016044617
0.6780520081520081
0.04195895045995712
0.5861948728561401
0.23080779612064362
0.16266842186450958
0.15612605214118958
0.7834426760673523
0.4003174304962158
0.443683385848999
0.23929297924041748
0.8126997351646423
0.9145761132240295
0.9013420939445496
0.11636501550674438
0.6439296007156372
0.34647607803344727
0.8018462657928467
0.15789279341697693
0.8576023578643799
0.2484636902809143
0.5346070528030396
0.5942107439041138
0.06768505275249481
0.758248507976532
0.3621028959751129
0.5067847371101379
0.45331430435180664
0.2340882569551468
0.5502921938896179
0.7180835008621216
0.2567494213581085
0.9795867204666138
0.6903226375579834
0.7580693364143372
0.3780178129673004
0.6614199876785278
0.555967390537262
0.945486843585968
0.09099570661783218
0.2607916295528412
0.3720911741256714
0.7098127603530884
0.9074205756187439
0.843015193939209
0.9285094141960144
0.3534051179885864
0.5460450649261475
0.9500488042831421
0.9255936741828918
0.31898197531700134
0.3957076966762543
0.5578487515449524
0.15308959782123566
0.16969214379787445
0.2344699501991272
0.8944053649902344
0.06628108769655228
0.06912919878959656
0.2757185101509094
0.636763870716095
0.6098393201828003
0.9505645632743835
0.9251059889793396
0.15015500783920288
0.0044051893055438995
0.21997696161270142
0.5221772193908691
0.43412452936172485
0.7724709510803223
0.14443138241767883
0.29908323287963867
0.6748523712158203
0.5708674788475037
0.482695072889328
0.4832313358783722
0.950725257396698
0.4578040838241577
0.23968379199504852
0.09140090644359589
0.7950447797775269
0.8548980951309204
0.10066527128219604
0.7427352070808411
0.7789496183395386
0.6283783316612244
0.1484498828649521
0.5464344024658203
0.08708612620830536
0.8017067313194275
0.7109267711639404
0.4254594147205353
0.17343571782112122
0.4457072913646698
0.5167684555053711
0.5951966643333435
0.4779781699180603
0.9201605916023254
0.7147073149681091
0.7754921913146973
0.49116140604019165
0.6851364374160767
0.07420597225427628
0.3447146713733673
0.7133392095565796
0.8866408467292786
0.1086178570985794
0.8549397587776184
0.6807869076728821
0.11992712318897247
0.21959522366523743
0.040236059576272964
0.09985318034887314
0.870171070098877
0.5837520956993103
0.998633086681366
0.24046923220157623
0.8663804531097412
0.9722656011581421
0.49093690514564514
0.8212411403656006
0.08150144666433334
0.5797448754310608
0.46493828296661377
0.840247392654419
0.26118773221969604
0.16885079443454742
0.9824100732803345
0.34016111493110657
0.634685218334198
0.8839024305343628
0.15767142176628113
0.14240695536136627
0.40813103318214417
0.8440715074539185
0.1746545433998108
0.5787937045097351
0.8590607643127441
0.5401941537857056
0.22927440702915192
0.06146560609340668
0.47322115302085876
0.095056913793087
0.32746580243110657
0.5542492866516113
0.6165770888328552
0.757164716720581
0.20517371594905853
0.23741315305233002
0.1664995700120926
0.8555225133895874
0.96062171459198
0.20648346841335297
0.6211126446723938
0.9107653498649597
0.38727107644081116
0.05121993273496628
0.37985917925834656
0.20816916227340698
0.33809199929237366
0.752985417842865
0.2008380889892578
0.18106460571289062
0.13898442685604095
0.7089263200759888
0.2315538376569748
0.9241148829460144
0.5968957543373108
0.7765401601791382
0.9064456820487976
0.3635885715484619
0.9298382997512817
0.24328693747520447
0.5528994798660278
0.3155238926410675
0.7952895760536194
0.45650890469551086
0.41577136516571045
0.19674402475357056
0.09773638844490051
0.7444401979446411
0.4874660074710846
0.11466658115386963
0.865221381187439
0.5068500638008118
0.6038844585418701
0.027487408369779587
0.8972474932670593
0.5766804814338684
0.4066416025161743
0.22833877801895142
0.08847719430923462
0.7534761428833008
0.15310777723789215
0.4571463465690613
0.25206610560417175
0.9561222791671753
0.008474709466099739
0.6196938157081604
0.8712533712387085
0.08507568389177322
0.9523797631263733
0.4536164402961731
0.35677921772003174
0.4530830383300781
0.92768394947052
0.01864289492368698
0.34626075625419617
0.6387542486190796
0.30132347345352173
0.7408570647239685
0.4705655872821808
0.06424344331026077
0.23682640492916107
0.234399676322937
0.6735630035400391
0.33467161655426025
0.9775639176368713
0.3619143068790436
0.5410276055335999
0.6805961728096008
0.629273533821106
0.5924630165100098
0.16158753633499146
0.351673424243927
0.7959710359573364
0.5796303749084473
0.24605229496955872
0.9716899991035461
0.638433039188385
0.8508223295211792
0.1317148506641388
0.4354257881641388
0.6525534987449646
0.9609389901161194
0.5889536142349243
0.5547119975090027
0.44818198680877686
0.09670998901128769
0.8031163811683655
0.8542637228965759
0.9415348768234253
0.33767977356910706
0.3859085738658905
0.5110321044921875
0.6234021186828613
0.2998897433280945
0.07465973496437073
0.4831272065639496
0.042319346219301224
0.9509698748588562
0.16549314558506012
0.6495473384857178
0.3443915545940399
0.8263953924179077
0.09691338241100311
0.2694282531738281
0.9929682612419128
0.36340510845184326
0.018407559022307396
0.5311566591262817
0.8530300259590149
0.27254921197891235
0.9423336386680603
0.9247758388519287
0.07348009198904037
0.6259515285491943
0.5192223191261292
0.017160117626190186
0.952900767326355
0.13852673768997192
0.4542466402053833
0.39598339796066284
0.7205120921134949
0.9294123649597168
0.2560737133026123
0.6539570689201355
0.925976574420929
0.02607795223593712
0.6460846066474915
0.5030109286308289
0.8148073554039001
0.2962281405925751
0.07902056723833084
0.2700619697570801
0.26282232999801636
0.22523750364780426
0.5567269325256348
0.42717504501342773
0.175821915268898
0.43210649490356445
0.9080151915550232
0.8093480467796326
0.021141575649380684
0.8820878863334656
0.694475531578064
0.8921632170677185
0.1655121147632599
0.5040481686592102
0.43484944105148315
0.4739234745502472
0.955531120300293
0.10128564387559891
0.5539448261260986
0.9517112970352173
0.5824063420295715
0.9034096598625183
0.9217687845230103
0.2622374892234802
0.28272545337677
0.4226604104042053
0.9640120267868042
0.595666766166687
0.12894947826862335
0.5118590593338013
0.5496374368667603
0.49213019013404846
0.24361786246299744
0.07990304380655289
0.9579351544380188
0.3644229769706726
0.548283576965332
0.958187460899353
0.13026998937129974
0.9708770513534546
0.5041777491569519
0.9937036037445068
0.24055318534374237
0.7443419098854065
0.3359059691429138
0.618849515914917
0.8497693538665771
0.0791744515299797
0.9939614534378052
0.9189609289169312
0.8245892524719238
0.08227300643920898
0.7608471512794495
0.8418049812316895
0.8142523169517517
0.0045951916836202145
0.561984658241272
0.11084241420030594
0.22814738750457764
0.598163902759552
0.7318256497383118
0.34639906883239746
0.21747304499149323
0.059164080768823624
0.21269308030605316
0.1559978872537613
0.7037093043327332
0.27777794003486633
0.292961984872818
0.8640459775924683
0.6843722462654114
0.30697038769721985
0.5826672315597534
0.5178496837615967
0.40364211797714233
0.9108885526657104
0.19676625728607178
0.551517903804779
0.5577222108840942
0.1416984498500824
0.23517365753650665
0.14915406703948975
0.21670958399772644
0.13929851353168488
0.42881155014038086
0.13868524134159088
0.399375855922699
0.6914647221565247
0.7621472477912903
0.7817462682723999
0.8438557386398315
0.015407995320856571
0.09792207181453705
0.49463626742362976
0.5855938196182251
0.6409144997596741
0.6496712565422058
0.9256584644317627
0.11747253686189651
0.6792752146720886
0.4803851544857025
0.8497279286384583
0.26399335265159607
0.19037578999996185
0.09151941537857056
0.46185988187789917
0.06834930926561356
0.10955673456192017
0.18479345738887787
0.12516850233078003
0.023309366777539253
0.4918243885040283
0.3603668212890625
0.8090611696243286
0.9634327292442322
0.27669939398765564
0.5163925290107727
0.29773256182670593
0.42925116419792175
0.11138158291578293
0.1535784900188446
0.49441924691200256
0.4677436947822571
0.7281606793403625
0.0934511348605156
0.509796142578125
0.23281718790531158
0.0747576355934143
0.5136008262634277
0.031504545360803604
0.9415496587753296
0.854906439781189
0.030901798978447914
0.770139753818512
0.7821514010429382
0.6393806338310242
0.5379922986030579
0.04013996571302414
0.4394948184490204
0.980095624923706
0.9648541212081909
0.09002862125635147
0.22544603049755096
0.06777166575193405
0.12641219794750214
0.9775869250297546
0.48975417017936707
0.5028398036956787
0.6312694549560547
0.2757077217102051
0.6456510424613953
0.7678054571151733
0.339295893907547
0.6367378234863281
0.26063650846481323
0.20940884947776794
0.7516348361968994
0.5186148285865784
0.8869693279266357
0.9793721437454224
0.17515721917152405
0.43805813789367676
0.03249512240290642
0.3315446376800537
0.9305331110954285
0.7813010215759277
0.16317005455493927
0.7854894399642944
0.8025060892105103
0.5315262079238892
0.41444265842437744
0.6777600049972534
0.8131070733070374
0.2740354537963867
0.8922730684280396
0.0984414592385292
0.42593783140182495
0.9158226251602173
0.9039788842201233
0.4737546741962433
0.11937117576599121
0.42163369059562683
0.18791860342025757
0.0807279571890831
0.6627395153045654
0.412079393863678
0.43977591395378113
0.9761444926261902
0.07136470079421997
0.42873361706733704
0.8944798111915588
0.9901385307312012
0.7886183857917786
0.9894975423812866
0.9609580039978027
0.34756168723106384
0.1433912217617035
0.9994205236434937
0.48145592212677
0.694318413734436
0.6299015283584595
0.8004915118217468
0.8814274072647095
0.24656549096107483
0.8093376159667969
0.18340523540973663
0.8590804934501648
0.9406490921974182
0.10381023585796356
0.7097103595733643
0.16661390662193298
0.9980340600013733
0.9566296339035034
0.6560555696487427
0.885723888874054
0.6715065240859985
0.5740942358970642
0.49618425965309143
0.5901398658752441
0.8477163314819336
0.2261933982372284
0.7478400468826294
0.21305713057518005
0.4423448145389557
0.20039330422878265
0.706174373626709
0.08527003973722458
0.0872027575969696
0.37522467970848083
0.36437633633613586
0.6091245412826538
0.9747151732444763
0.4923112094402313
0.1871403455734253
0.6893121600151062
0.8427532911300659
0.16476216912269592
0.38773176074028015
0.28733253479003906
0.74578857421875
0.10670293867588043
0.418430894613266
0.7125720977783203
0.6593896746635437
0.7454525232315063
0.7281039357185364
0.37074267864227295
0.10155525803565979
0.8128225803375244
0.8556160926818848
0.31690898537635803
0.6936310529708862
0.41512271761894226
0.9151780009269714
0.9406856894493103
0.5976951122283936
0.02888728864490986
0.4562200903892517
0.40684905648231506
0.6393064260482788
0.6445966958999634
0.951111912727356
0.4108055830001831
0.22734078764915466
0.6396189332008362
0.2772887349128723
0.3567112684249878
0.2693215012550354
0.6168563365936279
0.13513413071632385
0.5423704385757446
0.24301639199256897
0.1603011041879654
0.9177003502845764
0.9441179037094116
0.4726186990737915
0.9715337753295898
0.34960415959358215
0.17267514765262604
0.9731376767158508
0.6137750744819641
0.27262082695961
0.08947829157114029
0.09242157638072968
0.6541131734848022
0.16947199404239655
0.0029872131999582052
0.40952762961387634
0.9209657907485962
0.8145310282707214
0.7325456142425537
0.1378193199634552
0.31747567653656006
0.9190511703491211
0.8661444783210754
0.8635717630386353
0.7015306949615479
0.21035732328891754
0.049393266439437866
0.4878198802471161
0.2943496108055115
0.4551554322242737
0.3503250777721405
0.8189218640327454
0.5319226980209351
0.4561755657196045
0.4943046569824219
0.9372515082359314
0.2153121829032898
0.7290862798690796
0.3193478286266327
0.7949379086494446
0.9607548713684082
0.9205603003501892
0.49975764751434326
0.009554186835885048
0.6428161859512329
0.5169801712036133
0.8764516711235046
0.7321710586547852
0.4973393380641937
0.09933332353830338
0.7486227750778198
0.4867737293243408
0.5653975605964661
0.07164604216814041
0.024985335767269135
0.8046637773513794
0.12966033816337585
0.8060295581817627
0.5877689123153687
0.011127025820314884
0.7583146691322327
0.964608907699585
0.5528930425643921
0.8698468208312988
0.6193403005599976
0.8127344846725464
0.9886345863342285
0.46252310276031494
0.13272134959697723
0.3499967157840729
0.9640809893608093
0.6383834481239319
0.7028948068618774
0.23086313903331757
0.8602657318115234
0.5572292804718018
0.7251739501953125
0.5544130802154541
0.36695596575737
0.4031345248222351
0.09290295839309692
0.9979466199874878
0.3547935485839844
0.9926470518112183
0.6874006986618042
0.27400436997413635
0.20583036541938782
0.7128055095672607
0.18557193875312805
0.5364746451377869
0.8241202235221863
0.061876166611909866
0.5679373145103455
0.657313346862793
0.5829362273216248
0.6118975281715393
0.8315821886062622
0.6730619668960571
0.20163579285144806
0.9012454748153687
0.673870325088501
0.6138873100280762
0.8237327933311462
0.9441319108009338
0.7104435563087463
0.1996147185564041
0.7067915797233582
0.40654247999191284
0.6894329190254211
0.957834780216217
0.3881012201309204
0.8609632849693298
0.7047700881958008
0.9574348330497742
0.164104625582695
0.49619588255882263
0.8174422383308411
0.4690907299518585
0.13227127492427826
0.28581058979034424
0.26231649518013
0.827729344367981
0.9422891736030579
0.4611808955669403
0.7652574777603149
0.5928484797477722
0.1656295657157898
0.1181042492389679
0.11865422129631042
0.5535328984260559
0.3227161169052124
0.5028455257415771
0.1689697504043579
0.7321363091468811
0.929562509059906
0.8552626967430115
0.2730177342891693
0.8565914034843445
0.7367314696311951
0.135700061917305
0.15644165873527527
0.8654991984367371
0.4425088167190552
0.6573308706283569
0.8938660025596619
0.8985691070556641
0.7263950705528259
0.27614811062812805
0.11870481073856354
0.3864772915840149
0.7456915378570557
0.8962126970291138
0.22830019891262054
0.9984810948371887
0.42286059260368347
0.08839898556470871
0.9616313576698303
0.24383866786956787
0.01814817078411579
0.19705511629581451
0.6759850382804871
0.4265541732311249
0.7957339882850647
0.3287625014781952
0.5287699699401855
0.744100034236908
0.10128393024206161
0.7568389773368835
0.10910637676715851
0.24537548422813416
0.9956757426261902
0.009748796001076698
0.8718971014022827
0.9429775476455688
0.7405378818511963
0.047757070511579514
0.28017380833625793
0.21533255279064178
0.6379646062850952
0.8069107532501221
0.18605338037014008
0.8187627196311951
0.5647125244140625
0.4226383864879608
0.2596217095851898
0.8925789594650269
0.35542362928390503
0.5696519017219543
0.6281759738922119
0.14879031479358673
0.8436236381530762
0.8694942593574524
0.29636040329933167
0.6001187562942505
0.969613254070282
0.5437250733375549
0.08203942328691483
0.126906618475914
0.9938210248947144
0.24030618369579315
0.1909048706293106
0.8804655075073242
0.13529473543167114
0.2163163721561432
0.742551863193512
0.8672959804534912
0.9194977879524231
0.734380304813385
0.06199386343359947
0.8613680601119995
0.27649810910224915
0.8800126910209656
0.7322700023651123
0.7635882496833801
0.6096197962760925
0.12974156439304352
0.11333511769771576
0.8208074569702148
0.44644489884376526
0.06225961446762085
0.9046770930290222
0.5320692658424377
0.3340628743171692
0.9967414140701294
0.645961582660675
0.6618483662605286
0.8216042518615723
0.36603662371635437
0.2586096227169037
0.3421173095703125
0.2720860242843628
0.18676695227622986
0.769483745098114
0.01764245145022869
0.4508468806743622
0.44383323192596436
0.31559404730796814
0.7095149159431458
0.5951928496360779
0.821237325668335
0.28143948316574097
0.07587284594774246
0.8903741240501404
0.998013973236084
0.8364859223365784
0.2749229371547699
0.6371827125549316
0.2824915945529938
0.435861736536026
0.5300065279006958
0.5968838930130005
0.3860805034637451
0.7985206842422485
0.5377112627029419
0.7951978445053101
0.8425925374031067
0.3961004316806793
0.14995035529136658
0.9238590002059937
0.4085914194583893
0.35039687156677246
0.03566202148795128
0.1999470293521881
0.3450440764427185
0.8098886013031006
0.3273559808731079
0.7088665962219238
0.048951636999845505
0.15185248851776123
0.9512630105018616
0.4685710370540619
0.7334892153739929
0.12817353010177612
0.0558837428689003
0.18620991706848145
0.572636604309082
0.29868876934051514
0.4753802418708801
0.7264149785041809
0.6637893915176392
0.8875322341918945
0.22311237454414368
0.4255448579788208
0.19578580558300018
0.9314805865287781
0.7757947444915771
0.877232015132904
0.5732543468475342
0.8560237884521484
0.15403489768505096
0.2906153202056885
0.6244673132896423
0.0255543552339077
0.2843082547187805
0.8559795022010803
0.8673745393753052
0.9177035689353943
0.6735293865203857
0.5013216733932495
0.9726930260658264
0.1567535102367401
0.3681435286998749
0.4809790253639221
0.8406009674072266
0.3993183970451355
0.01996440254151821
0.5390060544013977
0.46576881408691406
0.7148770093917847
0.1981743425130844
0.5673545002937317
0.8771255016326904
0.38861557841300964
0.6534675359725952
0.40773725509643555
0.40484827756881714
0.9288216829299927
0.9517099857330322
0.9870642423629761
0.9985835552215576
0.2030140906572342
0.08249200880527496
0.8015068769454956
0.24205593764781952
0.15738114714622498
0.401289165019989
0.1770520806312561
0.8638648986816406
0.7500389218330383
0.6755514740943909
0.6690447926521301
0.967426061630249
0.6468554735183716
0.6613180041313171
0.8868358731269836
0.7461484670639038
0.43737274408340454
0.4296107590198517
0.8733271956443787
0.22472965717315674
0.3790369927883148
0.558441162109375
0.10771343111991882
0.35220497846603394
0.03675749525427818
0.2800465226173401
0.03423275053501129
0.010330800898373127
0.9875927567481995
0.4872160851955414
0.16660800576210022
0.3474787175655365
0.4413284957408905
0.8756928443908691
0.7240712642669678
0.2103731781244278
0.1685977280139923
0.1082305833697319
0.8759073615074158
0.605983555316925
0.8536259531974792
0.3667241036891937
0.6879357695579529
0.9650523662567139
0.8698616027832031
0.02437005378305912
0.4650002419948578
0.6632048487663269
0.7700902819633484
0.9264451861381531
0.9717535376548767
0.8316642642021179
0.7057269811630249
0.2536720335483551
0.11818407475948334
0.642604410648346
0.10312571376562119
0.2815506160259247
0.46679526567459106
0.7716087102890015
0.4019637107849121
0.08628867566585541
0.6885086297988892
0.6135355830192566
0.011438167653977871
0.7032634615898132
0.4000532925128937
0.8576747179031372
0.2323821634054184
0.39798641204833984
0.8355687260627747
0.9945024847984314
0.4056377112865448
0.9937436580657959
0.22748243808746338
0.11930906027555466
0.9708163738250732
0.19455090165138245
0.001212208648212254
0.8811814785003662
0.36348700523376465
0.5901739597320557
0.6729832291603088
0.25213563442230225
0.120334692299366
0.5916077494621277
0.42899593710899353
0.02799270488321781
0.6360576152801514
0.5457438826560974
0.8130407929420471
0.4703945517539978
0.7071912884712219
0.30955350399017334
0.09625663608312607
0.47706082463264465
0.8131109476089478
0.4163821339607239
0.9395367503166199
0.6073684096336365
0.22244136035442352
0.49361157417297363
0.6984277963638306
0.8373767137527466
0.301085889339447
0.529697060585022
0.10465347021818161
0.4613712728023529
0.04950423538684845
0.5836824178695679
0.48945367336273193
0.28971877694129944
0.007630093023180962
0.4666409194469452
0.3357645273208618
0.9806570410728455
0.674764096736908
0.4797242283821106
0.4112316370010376
0.17074134945869446
0.7447931170463562
0.4230104982852936
0.8984712362289429
0.11086595803499222
0.009004132822155952
0.2751776874065399
0.11726515740156174
0.10487049072980881
0.12544173002243042
0.35346031188964844
0.7354301810264587
0.3159189522266388
0.43203091621398926
0.9863125085830688
0.02253272384405136
0.04827459529042244
0.7628350257873535
0.4696129858493805
0.17829570174217224
0.2774902284145355
0.8208378553390503
0.05503333732485771
0.623881459236145
0.7506321668624878
0.362272709608078
0.012486287392675877
0.740553081035614
0.5996357202529907
0.2624302804470062
0.7639395594596863
0.6727584004402161
0.8045868873596191
0.4069201946258545
0.24318793416023254
0.5619709491729736
0.7645068764686584
0.3852708339691162
0.9047756791114807
0.8101359605789185
0.06486376374959946
0.07537494599819183
0.6314021348953247
0.32966408133506775
0.09548001736402512
0.45350804924964905
0.5712924599647522
0.7442174553871155
0.6012922525405884
0.585686445236206
0.12865261733531952
0.5840964913368225
0.9822206497192383
0.033599067479372025
0.8932181596755981
0.049260396510362625
0.10478353500366211
0.29165732860565186
0.7944245338439941
0.7301502823829651
0.5487314462661743
0.4569959044456482
0.08701907098293304
0.4985983967781067
0.836239755153656
0.8734580874443054
0.645438015460968
0.6267632246017456
0.920211911201477
0.0959034413099289
0.33900776505470276
0.29665523767471313
0.6573367714881897
0.04097006842494011
0.6608192324638367
0.2828366160392761
0.11993245035409927
0.044050734490156174
0.2394135445356369
0.49083706736564636
0.6748012900352478
0.19859609007835388
0.3187846839427948
0.9408528208732605
0.03067895583808422
0.059132467955350876
0.3697444796562195
0.6154845356941223
0.6864232420921326
0.9829677939414978
0.3356323838233948
0.36202794313430786
0.6208806037902832
0.1968119740486145
0.028569746762514114
0.6128436923027039
0.0232008658349514
0.28465110063552856
0.5885001420974731
0.5161880254745483
0.8157080411911011
0.9584078192710876
0.8441553711891174
0.029789209365844727
0.9598036408424377
0.9775499105453491
0.0383446104824543
0.5972077250480652
0.1258343756198883
0.3244325816631317
0.24214687943458557
0.6237127184867859
0.02210956998169422
0.915603756904602
0.5810871720314026
0.3487088680267334
0.25315913558006287
0.3909890055656433
0.38650861382484436
0.6638479232788086
0.46339383721351624
0.36579087376594543
0.45901545882225037
0.08610191941261292
0.5954974889755249
0.6574768424034119
0.5230008363723755
0.01529568713158369
0.22644954919815063
0.4578343629837036
0.08212625980377197
0.08020885288715363
0.07036273181438446
0.2376440465450287
0.49836549162864685
0.6944347023963928
0.871564507484436
0.320555180311203
0.7453081607818604
0.1819503754377365
0.5248526334762573
0.49963200092315674
0.40544500946998596
0.742202639579773
0.9338584542274475
0.34092220664024353
0.40550464391708374
0.0771273821592331
0.9858829379081726
0.6742017865180969
0.6615892648696899
0.4830380976200104
0.808060884475708
0.6326227188110352
0.8646027445793152
0.25093239545822144
0.28169891238212585
0.7635416984558105
0.7425697445869446
0.927518367767334
0.2907170057296753
0.03432947397232056
0.5871259570121765
0.8568915128707886
0.21338693797588348
0.4960983395576477
0.8467000722885132
0.8019508719444275
0.43388596177101135
0.8233010768890381
0.49274393916130066
0.6170798540115356
0.9712785482406616
0.7266964912414551
0.30160143971443176
0.4801579713821411
0.5475836396217346
0.8418634533882141
0.1347568929195404
0.8831340074539185
0.6043460369110107
0.40632662177085876
0.9574087262153625
0.8942791223526001
0.2732776701450348
0.1898069977760315
0.3382200300693512
0.12355365604162216
0.3529958128929138
0.7772309184074402
0.021570825949311256
0.5491427779197693
0.3520592153072357
0.22213131189346313
0.22224831581115723
0.8020066022872925
0.46734657883644104
0.7789371013641357
0.4651164710521698
0.9637454152107239
0.9754106402397156
0.11492687463760376
0.1371062695980072
0.4174953103065491
0.664078950881958
0.582869827747345
0.7338275909423828
0.8626948595046997
0.2250964641571045
0.27421966195106506
0.33480361104011536
0.15219728648662567
0.2718488872051239
0.7943735718727112
0.819754958152771
0.5507364273071289
0.3660266399383545
0.8206327557563782
0.8690495491027832
0.6361610293388367
0.5185851454734802
0.08364038914442062
0.6713651418685913
0.7115185260772705
0.37143972516059875
0.596700131893158
0.7388187646865845
0.44441741704940796
0.8415333032608032
0.7760814428329468
0.1923873871564865
0.32413509488105774
0.4222695231437683
0.21025989949703217
0.6378819346427917
0.20559948682785034
0.45295244455337524
0.9495431780815125
0.6975551843643188
0.2737394869327545
0.38436198234558105
0.05590713396668434
0.8158149123191833
0.31781408190727234
0.5774171948432922
0.03508971258997917
0.8647204637527466
0.19589823484420776
0.8726344704627991
0.5301989316940308
0.42240381240844727
0.05844317376613617
0.35885608196258545
0.9159753918647766
0.2147049456834793
0.44098538160324097
0.7591097354888916
0.7636293768882751
0.4160517752170563
0.8127025961875916
0.46508947014808655
0.2310006022453308
0.13364267349243164
0.03673950210213661
0.9150704741477966
0.6031131744384766
0.6241006255149841
0.8154839873313904
0.7699289917945862
0.12396533042192459
0.3224213123321533
0.7082061767578125
0.026943231001496315
0.5211802124977112
0.4788283705711365
0.8634272217750549
0.3851090669631958
0.01357171032577753
0.5835015177726746
0.4756699204444885
0.4166051745414734
0.7222970128059387
0.918273389339447
0.2632090151309967
0.8105014562606812
0.0268215574324131
0.301570326089859
0.22841119766235352
0.9979106187820435
0.6204879283905029
0.652891993522644
0.3706391453742981
0.4892638325691223
0.11745374649763107
0.3806406557559967
0.09240404516458511
0.044460635632276535
0.4706081449985504
0.612744152545929
0.06793713569641113
0.02893257327377796
0.20041705667972565
0.043109241873025894
0.2008884996175766
0.24089573323726654
0.4499589502811432
0.05199722945690155
0.33488035202026367
0.051197346299886703
0.5831209421157837
0.10165288299322128
0.6344579458236694
0.7034580707550049
0.4454856812953949
0.21202047169208527
0.9162980318069458
0.3608648478984833
0.7033805251121521
0.8207018971443176
0.34303244948387146
0.11289075762033463
0.3171685039997101
0.5063128471374512
0.5774355530738831
0.5700989365577698
0.30843809247016907
0.5588119029998779
0.8258851766586304
0.3260684311389923
0.9158828258514404
0.2982059717178345
0.13690005242824554
0.16148139536380768
0.20353059470653534
0.8310165405273438
0.6445649862289429
0.9211388230323792
0.7698348164558411
0.016044821590185165
0.5769695043563843
0.7330207228660583
0.1693427562713623
0.4020666778087616
0.25065913796424866
0.263486385345459
0.2568338215351105
0.6371712684631348
0.014604510739445686
0.04015526920557022
0.34252408146858215
0.5145533680915833
0.9860556125640869
0.6431134939193726
0.27203285694122314
0.2017274796962738
0.07928791642189026
0.4550594389438629
0.903458297252655
0.575390100479126
0.9893394708633423
0.718695342540741
0.48212411999702454
0.5130804181098938
0.19505608081817627
0.6878735423088074
0.5432514548301697
0.000514161423780024
0.05940952152013779
0.827160656452179
0.946358323097229
0.1569516509771347
0.6566236615180969
0.17168249189853668
0.008199495263397694
0.7885584235191345
0.9285112619400024
0.5055197477340698
0.652636706829071
0.9235308766365051
0.6965153217315674
0.2264147251844406
0.6491259932518005
0.29715290665626526
0.06825554370880127
0.4803504943847656
0.3052392899990082
0.0037097500171512365
0.9802528619766235
0.874648928642273
0.3143395185470581
0.6076381802558899
0.8936606645584106
0.044632356613874435
0.8250726461410522
0.4349845349788666
0.8793010115623474
0.09516005218029022
0.36530306935310364
0.23994620144367218
0.7550656795501709
0.18972665071487427
0.4374808371067047
0.946845531463623
0.9802979230880737
0.4442330300807953
0.5398205518722534
0.17456486821174622
0.4448820650577545
0.8881744742393494
0.00321212038397789
0.6384547352790833
0.5586779117584229
0.13527917861938477
0.4234483242034912
0.832156777381897
0.8180637955665588
0.4304109215736389
0.5238524675369263
0.07900260388851166
0.6879141330718994
0.5926993489265442
0.9996224641799927
0.9675048589706421
0.8420727252960205
0.7279463410377502
0.6124396324157715
0.9595001339912415
0.7766218185424805
0.5183926224708557
0.7509072422981262
0.7456680536270142
0.4339442849159241
0.1746896356344223
0.9360200762748718
0.653836190700531
0.935312807559967
0.7953495383262634
0.08373317122459412
0.3452306389808655
0.3902263343334198
0.34988638758659363
0.6573858857154846
0.1106623187661171
0.1654745638370514
0.168032705783844
0.09439689666032791
0.6625581979751587
0.014291398227214813
0.3285219371318817
0.9558833241462708
0.2730890214443207
0.5237098336219788
0.05133331939578056
0.06342580169439316
0.5591565370559692
0.282216340303421
0.3739038407802582
0.4072638154029846
0.9139862656593323
0.9611014723777771
0.7320067286491394
0.27691131830215454
0.7767651677131653
0.09639745205640793
0.3448302149772644
0.2328709214925766
0.3773357570171356
0.014064748771488667
0.5269016027450562
0.011235907673835754
0.7816274762153625
0.8107857704162598
0.5675496459007263
0.7514593005180359
0.5692239999771118
0.12909913063049316
0.6885608434677124
0.0813775435090065
0.6497093439102173
0.7850297093391418
0.2658567428588867
0.7731930017471313
0.840593159198761
0.5738565325737
0.5958189964294434
0.8271864056587219
0.06260780990123749
0.39700600504875183
0.12589269876480103
0.7370151877403259
0.13018973171710968
0.21823184192180634
0.05172343552112579
0.4820674657821655
0.6492764949798584
0.39859044551849365
0.5277132987976074
0.8803231120109558
0.9645630717277527
0.821821391582489
0.10641264915466309
0.540636420249939
0.8825427293777466
0.9672098159790039
0.8780121803283691
0.4516470432281494
0.6510712504386902
0.8229746222496033
0.2165328711271286
0.879461407661438
0.7472817897796631
0.8550277352333069
0.9139202237129211
0.16923806071281433
0.23892366886138916
0.5319849252700806
0.14757604897022247
0.7334797978401184
0.2957654893398285
0.27512356638908386
0.20124991238117218
0.6369200348854065
0.4117756187915802
0.47927770018577576
0.9344488978385925
0.7756129503250122
0.7739494442939758
0.5746725797653198
0.46234384179115295
0.11315962672233582
0.4352947771549225
0.49303069710731506
0.802172064781189
0.6470929384231567
0.726110577583313
0.19536340236663818
0.03169363737106323
0.3578406274318695
0.2653142511844635
0.8081833720207214
0.9003404378890991
0.9826943278312683
0.2370620220899582
0.9966475963592529
0.864112377166748
0.42895936965942383
0.7837877869606018
0.07682263851165771
0.7488483190536499
0.08252542465925217
0.7616426348686218
0.8947048187255859
0.7033800482749939
0.2516656219959259
0.15492595732212067
0.7958275675773621
0.18827563524246216
0.9452141523361206
0.07389732450246811
0.3530502915382385
0.006825039628893137
0.649151086807251
0.3337081968784332
0.47508013248443604
0.8581738471984863
0.5980530977249146
0.8664479851722717
0.42611366510391235
0.1269969493150711
0.6595319509506226
0.04847879335284233
0.2239501178264618
0.3701234757900238
0.007322391029447317
0.7592174410820007
0.06820157915353775
0.29177194833755493
0.06381581723690033
0.07491126656532288
0.7747645378112793
0.7710136771202087
0.3377130925655365
0.7812217473983765
0.46279940009117126
0.7698737978935242
0.569875180721283
0.45629990100860596
0.8408295512199402
0.8283402919769287
0.06539614498615265
0.15434537827968597
0.8552549481391907
0.23937833309173584
0.9862598776817322
0.3400771915912628
0.6611347794532776
0.8650251030921936
0.4161207377910614
0.48343217372894287
0.7854359745979309
0.8315920233726501
0.9782135486602783
0.46399950981140137
0.5656217336654663
0.34892475605010986
0.4407588541507721
0.4796559512615204
0.3488100469112396
0.8893437385559082
0.7838000059127808
0.5075823068618774
0.015995196998119354
0.3854948580265045
0.7063559889793396
0.2516894042491913
0.9704034328460693
0.40671584010124207
0.9447557926177979
0.6300506591796875
0.5506005883216858
0.143255352973938
0.6192843317985535
0.3113807141780853
0.19781892001628876
0.2179061770439148
0.797727108001709
0.15941570699214935
0.32909131050109863
0.04161074757575989
0.6479688286781311
0.43988949060440063
0.6682489514350891
0.3883379101753235
0.2644990384578705
0.24158315360546112
0.13880254328250885
0.8841553926467896
0.30042633414268494
0.5474554896354675
0.19043578207492828
0.19873161613941193
0.9978052377700806
0.6666439771652222
0.5952643156051636
0.09782985597848892
0.27110815048217773
0.489064484834671
0.28826144337654114
0.8194153904914856
0.4743005335330963
0.4172389507293701
0.6924681663513184
0.3301112949848175
0.8087095618247986
0.0868472084403038
0.7153273224830627
0.5179567337036133
0.10354474186897278
0.5097209811210632
0.5898284912109375
0.11882073432207108
0.08824008703231812
0.16288132965564728
0.5278812050819397
0.23534011840820312
0.6355940699577332
0.3941763639450073
0.7033130526542664
0.5785185694694519
0.03402384743094444
0.1908508837223053
0.416659951210022
0.4659458100795746
0.5076389908790588
0.45570871233940125
0.7052537202835083
0.09294746071100235
0.24250450730323792
0.9649948477745056
0.18202704191207886
0.9387441277503967
0.19655770063400269
0.4999259114265442
0.627657413482666
0.3611561059951782
0.002140800002962351
0.5877768993377686
0.37285926938056946
0.3153889775276184
0.7104026079177856
0.047759249806404114
0.3328559994697571
0.5264096856117249
0.4543067514896393
0.699730634689331
0.23530754446983337
0.49949952960014343
0.3321342170238495
0.3740110397338867
0.46814823150634766
0.5016656517982483
0.4023514986038208
0.8043447136878967
0.6243667602539062
0.1638420969247818
0.3637268543243408
0.88991779088974
0.8169762492179871
0.9768180847167969
0.8226704001426697
0.8101549744606018
0.3431980311870575
0.47880759835243225
0.3968818187713623
0.050674717873334885
0.7056680917739868
0.32762598991394043
0.7042245268821716
0.11456797271966934
0.19146157801151276
0.8939304947853088
0.5023873448371887
0.3584709167480469
0.3869537115097046
0.08667942881584167
0.4354633688926697
0.5536468625068665
0.3514462411403656
0.706308901309967
0.011307199485599995
0.7727653980255127
0.9911817312240601
0.2853342890739441
0.9549704194068909
0.44728419184684753
0.3559272289276123
0.5973761677742004
0.5367501378059387
0.5188000798225403
0.9481732845306396
0.9608606100082397
0.9211879372596741
0.01899954117834568
0.4432081878185272
0.9004915952682495
0.7548572421073914
0.22633428871631622
0.06784138083457947
0.3869132995605469
0.8604623675346375
0.024796346202492714
0.8873609304428101
0.5236226320266724
0.16811035573482513
0.946476399898529
0.034754566848278046
0.15970957279205322
0.8018412590026855
0.7049978375434875
0.09865820407867432
0.7903894186019897
0.4864552915096283
0.698602557182312
0.06892543286085129
0.20960764586925507
0.9203280210494995
0.051008135080337524
0.3705720603466034
0.9793570637702942
0.3663579821586609
0.8062232732772827
0.5051741003990173
0.16857779026031494
0.8291853666305542
0.3294788599014282
0.2902319133281708
0.18171972036361694
0.8024724125862122
0.4018268883228302
0.851574718952179
0.5261641144752502
0.02437446266412735
0.10497837513685226
0.7774720788002014
0.7919171452522278
0.5402424335479736
0.5500261783599854
0.22348327934741974
0.35809990763664246
0.8472914099693298
0.20484799146652222
0.0681956559419632
0.3626370131969452
0.8321172595024109
0.9139901399612427
0.6839703321456909
0.6689165234565735
0.6722179651260376
0.6066379547119141
0.6892097592353821
0.2835635840892792
0.7842452526092529
0.0067606172524392605
0.7863662838935852
0.24586665630340576
0.8255905508995056
0.3954411447048187
0.41514477133750916
0.6102557182312012
0.40620630979537964
0.5114671587944031
0.7375216484069824
0.3021026849746704
0.41784894466400146
0.3780418634414673
0.44129055738449097
0.4267209768295288
0.258981317281723
0.11033392697572708
0.2138897031545639
0.16763493418693542
0.9344370365142822
0.7414166331291199
0.7038111090660095
0.9995827674865723
0.45492473244667053
0.8319218754768372
0.5432368516921997
0.26031622290611267
0.48771798610687256
0.3600490093231201
0.45421102643013
0.817042350769043
0.0359821617603302
0.816265881061554
0.3869287967681885
0.11999876797199249
0.37327882647514343
0.5201885104179382
0.3961532711982727
0.29734647274017334
0.07293388247489929
0.16319085657596588
0.735763669013977
0.7693115472793579
0.10582844167947769
0.1407288759946823
0.44546443223953247
0.0157165490090847
0.12869107723236084
0.1111815869808197
0.1361749768257141
0.5891939401626587
0.9497444033622742
0.410452663898468
0.2043122798204422
0.2507052719593048
0.3485523760318756
0.6808107495307922
0.9672685861587524
0.6994510889053345
0.935965359210968
0.7691475749015808
0.9179452657699585
0.18603739142417908
0.050025444477796555
0.21809640526771545
0.24734467267990112
0.40001600980758667
0.6771224141120911
0.9071991443634033
0.8505458235740662
0.2510356307029724
0.5853714346885681
0.8090238571166992
0.7395628690719604
0.5344739556312561
0.5617609024047852
0.6828431487083435
0.047643307596445084
0.6521833539009094
0.05832712724804878
0.3542042374610901
0.21725794672966003
0.5550316572189331
0.14251960813999176
0.3797979950904846
0.6015147566795349
0.27582505345344543
0.4806085228919983
0.04176699370145798
0.80576491355896
0.20106573402881622
0.38565725088119507
0.308414101600647
0.2753467261791229
0.931498646736145
0.8181097507476807
0.6453486680984497
0.457494854927063
0.004213096108287573
0.7671757936477661
0.6635833382606506
0.11263354122638702
0.14448364078998566
0.44119229912757874
0.056237172335386276
0.044449582695961
0.5518258213996887
0.5374733805656433
0.9687749743461609
0.9611961245536804
0.2421712577342987
0.42772066593170166
0.5517558455467224
0.9940909147262573
0.6855742931365967
0.8912322521209717
0.07540804892778397
0.8854855298995972
0.4262465834617615
0.9077155590057373
0.2145172357559204
0.960839033126831
0.47097527980804443
0.734773576259613
0.28622621297836304
0.671238362789154
0.6816727519035339
0.24472011625766754
0.4345669150352478
0.0016713107470422983
0.8369848728179932
0.6305593848228455
0.19197584688663483
0.3181859850883484
0.7646216154098511
0.04058671370148659
0.5385514497756958
0.8412145376205444
0.9997842907905579
0.037355031818151474
0.014676762744784355
0.18041422963142395
0.9472900629043579
0.3792858123779297
0.029806161299347878
0.4546665549278259
0.23268772661685944
0.6533045768737793
0.9415225386619568
0.9165085554122925
0.633059024810791
0.9913040995597839
0.1532483547925949
0.33414211869239807
0.19061560928821564
0.37629711627960205
0.9255453944206238
0.5756797790527344
0.6695137619972229
0.8694236278533936
0.24852992594242096
0.019165970385074615
0.661496639251709
0.8606669306755066
0.6020656824111938
0.1060544028878212
0.27520257234573364
0.583380401134491
0.2861565351486206
0.5328348278999329
0.17512018978595734
0.22545461356639862
0.5330510139465332
0.08432619273662567
0.7280734181404114
0.013505236245691776
0.58708655834198
0.25070807337760925
0.9291259050369263
0.5696060061454773
0.2802085280418396
0.1604442149400711
0.2985129654407501
0.07155304402112961
0.4581651985645294
0.9051111340522766
0.8981656432151794
0.8089432716369629
0.7444485425949097
0.08113838732242584
0.400314599275589
0.7952877283096313
0.9082258343696594
0.031734902411699295
0.7371740341186523
0.5539381504058838
0.9083700776100159
0.9781410098075867
0.5138093829154968
0.7056381106376648
0.8298747539520264
0.1290602684020996
0.07455876469612122
0.6355807781219482
0.18994998931884766
0.2320474237203598
0.9169390201568604
0.13899961113929749
0.44915369153022766
0.06265418976545334
0.6544737219810486
0.5115910768508911
0.7911560535430908
0.9544861316680908
0.6349751949310303
0.5659840703010559
0.5606764554977417
0.4480625092983246
0.7535269856452942
0.5267800688743591
0.8207737803459167
0.9688263535499573
0.18611375987529755
0.6357386112213135
0.49200060963630676
0.3798217177391052
0.2153121531009674
0.37486401200294495
0.4735254943370819
0.7722811102867126
0.652772843837738
0.8419060707092285
0.8196245431900024
0.7014877796173096
0.06390179693698883
0.9705912470817566
0.5789332985877991
0.3240230679512024
0.7589856386184692
0.09100331366062164
0.6612853407859802
0.22335398197174072
0.0428428053855896
0.7379398345947266
0.6082404851913452
0.38313084840774536
0.7244697213172913
0.5425593852996826
0.7423275113105774
0.08001396059989929
0.12220921367406845
0.9185397624969482
0.7509947419166565
0.6791906952857971
0.8285483121871948
0.06141304969787598
0.2999733090400696
0.3149907886981964
0.7292882204055786
0.6753029227256775
0.566676914691925
0.6210647225379944
0.9358705878257751
0.7257577180862427
0.46492913365364075
0.009240367449820042
0.9146327972412109
0.7089030742645264
0.10486289858818054
0.6176903247833252
0.5287700891494751
0.14743824303150177
0.7175390720367432
0.6219305396080017
0.673194944858551
0.16110222041606903
0.6907653212547302
0.6642946004867554
0.6472569108009338
0.019906219094991684
0.5260419249534607
0.797130823135376
0.6884318590164185
0.3889508843421936
0.990625262260437
0.27572017908096313
0.7040197253227234
0.4287894070148468
0.496328204870224
0.20481416583061218
0.1556563675403595
0.030579572543501854
0.16660937666893005
0.5778771638870239
0.196682408452034
0.813395082950592
0.11457397788763046
0.20492538809776306
0.2528490126132965
0.29081782698631287
0.7335822582244873
0.8807083964347839
0.08656029403209686
0.035859689116477966
0.2593865692615509
0.43559399247169495
0.7936705350875854
0.6070953011512756
0.1785377562046051
0.05719159543514252
0.22974838316440582
0.7793073654174805
0.09980955719947815
0.3325405716896057
0.8282023072242737
0.4263496696949005
0.42737746238708496
0.5510218143463135
0.34968647360801697
0.12811985611915588
0.7082358002662659
0.5007153153419495
0.2290029078722
0.6959387063980103
0.13463972508907318
0.32597023248672485
0.598030149936676
0.66820228099823
0.05995606258511543
0.6525729894638062
0.521327555179596
0.776021420955658
0.5439724922180176
0.6206203103065491
0.3010658621788025
0.7124679684638977
0.5559595823287964
0.4662421643733978
0.0520794540643692
0.1501186192035675
0.13479381799697876
0.6727173328399658
0.676888108253479
0.11589673906564713
0.3906119465827942
0.4997628331184387
0.3245995044708252
0.2926948666572571
0.33758294582366943
0.21879859268665314
0.29670000076293945
0.12911823391914368
0.820621907711029
0.7368118166923523
0.8586261868476868
0.5217471122741699
0.031213171780109406
0.7336295247077942
0.3264482617378235
0.2006126344203949
0.6292108297348022
0.9031580686569214
0.2854706943035126
0.5110052824020386
0.7463516592979431
0.3184506893157959
0.6752358078956604
0.8132641911506653
0.04513516649603844
0.9054304957389832
0.3022347390651703
0.14733649790287018
0.9044414758682251
0.3198483884334564
0.8380916118621826
0.5830876231193542
0.838783323764801
0.5261201858520508
0.9812797904014587
0.8671108484268188
0.6222750544548035
0.3169035017490387
0.7084768414497375
0.8011845350265503
0.434052050113678
0.92030930519104
0.8126546740531921
0.8346151113510132
0.11617878079414368
0.6337100863456726
0.7319707274436951
0.6351908445358276
0.11044440418481827
0.27281662821769714
0.4056490659713745
0.4742947518825531
0.6536377668380737
0.42482632398605347
0.992550790309906
0.268902987241745
0.5958074331283569
0.9361559152603149
0.7040778398513794
0.4754278361797333
0.8282796144485474
0.26752734184265137
0.11388296633958817
0.9165260791778564
0.2900344133377075
0.718787431716919
0.4992848336696625
0.4560464918613434
0.2698705196380615
0.07113631814718246
0.2033218890428543
0.43741223216056824
0.5237301588058472
0.6172997355461121
0.38916516304016113
0.5341469645500183
0.46239668130874634
0.4926106929779053
0.23343046009540558
0.9235469102859497
0.26227837800979614
0.10437004268169403
0.5060707330703735
0.6842683553695679
0.2744959890842438
0.39534786343574524
0.285116046667099
0.20921865105628967
0.9451608061790466
0.1753951758146286
0.4895069897174835
0.2902247905731201
0.7070831060409546
0.756100594997406
0.35561320185661316
0.47639375925064087
0.0042652832344174385
0.1772232949733734
0.027036523446440697
0.8712294101715088
0.8245460391044617
0.48666107654571533
0.16825537383556366
0.7048489451408386
0.7690773010253906
0.5917315483093262
0.27306613326072693
0.5339537858963013
0.032367970794439316
0.17689959704875946
0.11381359398365021
0.7903193831443787
0.5593446493148804
0.6964776515960693
0.929738461971283
0.6364948749542236
0.6430344581604004
0.3805868625640869
0.32904720306396484
0.5262531638145447
0.006512939464300871
0.6406801342964172
0.0008747505489736795
0.3442419171333313
0.14726224541664124
0.7279563546180725
0.7897230982780457
0.6167013049125671
0.34144672751426697
0.32970574498176575
0.48032188415527344
0.813729465007782
0.5098199844360352
0.34547674655914307
0.5419939160346985
0.3505829870700836
0.6042305827140808
0.15415894985198975
0.9235943555831909
0.4502562880516052
0.6846827268600464
0.7666736245155334
0.3738282024860382
0.5870094299316406
0.16311538219451904
0.2629234194755554
0.7967999577522278
0.2987940311431885
0.616451621055603
0.2809373736381531
0.1745663285255432
0.42464762926101685
0.9167276620864868
0.6592949628829956
0.8857682347297668
0.2174578309059143
0.024741368368268013
0.8014070391654968
0.7751949429512024
0.8884230256080627
0.24845048785209656
0.23626898229122162
0.7908989787101746
0.6647694110870361
0.17375686764717102
0.012938806787133217
0.06575160473585129
0.12043765187263489
0.06184303015470505
0.1210935190320015
0.23731642961502075
0.02141227200627327
0.3408011794090271
0.7736888527870178
0.3928285539150238
0.3241903781890869
0.2349083423614502
0.5199936032295227
0.08022763580083847
0.3139233887195587
0.4492601156234741
0.5421133637428284
0.5170624852180481
0.8500049710273743
0.6866288185119629
0.9179937243461609
0.5334939956665039
0.013630591332912445
0.3595390319824219
0.19432692229747772
0.04494857043027878
0.6667410135269165
0.9501581192016602
0.7748469114303589
0.1667810082435608
0.05222626402974129
0.7817719578742981
0.10413070023059845
0.7163856625556946
0.7660654187202454
0.574016273021698
0.403790146112442
0.6732886433601379
0.5998128652572632
0.08541493117809296
0.5850138664245605
0.7988372445106506
0.7136073112487793
0.14025618135929108
0.32614758610725403
0.2809754014015198
0.75516676902771
0.5017090439796448
0.06240801513195038
0.03890946879982948
0.7265792489051819
0.6402791738510132
0.34212183952331543
0.6571884751319885
0.9865238666534424
0.9933415055274963
0.6904926896095276
0.3439277708530426
0.8543956875801086
0.8249111771583557
0.34464800357818604
0.6681007742881775
0.13198992609977722
0.18340569734573364
0.24675433337688446
0.9392130374908447
0.3906559944152832
0.9848021864891052
0.7462030053138733
0.23650690913200378
0.21231065690517426
0.13256649672985077
0.5966682434082031
0.730370044708252
0.9513095617294312
0.993109941482544
0.09225913137197495
0.920229971408844
0.16263000667095184
0.9410251975059509
0.9922332167625427
0.4374428391456604
0.0027931001968681812
0.741939902305603
0.597438395023346
0.8555367588996887
0.29872485995292664
0.8697425127029419
0.7004799246788025
0.6671617031097412
0.6476020812988281
0.8770227432250977
0.7543322443962097
0.9907200932502747
0.5107276439666748
0.5686174631118774
0.6360397934913635
0.44694778323173523
0.1338483989238739
0.376268595457077
0.28842872381210327
0.8809362053871155
0.08218562602996826
0.6893746852874756
0.12196870148181915
0.1825103610754013
0.6290006041526794
0.3244781494140625
0.05589701235294342
0.2782626450061798
0.8965237140655518
0.9280818104743958
0.440341979265213
0.4603284001350403
0.24486088752746582
0.29793569445610046
0.27856048941612244
0.6384946703910828
0.20622874796390533
0.8894184827804565
0.48248806595802307
0.711797297000885
0.7773976922035217
0.960491418838501
0.0931033343076706
0.36252912878990173
0.7459567785263062
0.6466965079307556
0.6695443391799927
0.8878769874572754
0.29609182476997375
0.4436488151550293
0.24712307751178741
0.1636056900024414
0.7893229722976685
0.7655240893363953
0.6390115022659302
0.6369191408157349
0.6059365272521973
0.9605047702789307
0.8869485855102539
0.15176475048065186
0.5656359195709229
0.8972117304801941
0.16027666628360748
0.9131330251693726
0.5278601050376892
0.7275521755218506
0.2288699597120285
0.8319515585899353
0.05344146862626076
0.671834409236908
0.13708513975143433
0.5679379105567932
0.7952224612236023
0.7097136378288269
0.866642415523529
0.5092032551765442
0.4495786428451538
0.052834346890449524
0.21586112678050995
0.11189507693052292
0.886214017868042
0.367777943611145
0.10659327358007431
0.2604370713233948
0.1443811058998108
0.3135206699371338
0.0703873410820961
0.26115208864212036
0.3513145446777344
0.7316347360610962
0.2906169891357422
0.7214259505271912
0.9981536269187927
0.7142401933670044
0.20136477053165436
0.7844763398170471
0.08490079641342163
0.2068968266248703
0.734447717666626
0.9921541810035706
0.12069673091173172
0.36763110756874084
0.04636165872216225
0.6900903582572937
0.24201855063438416
0.6106137633323669
0.3718246817588806
0.4503892660140991
0.3955031633377075
0.5288606882095337
0.918383777141571
0.7560322880744934
0.4848632514476776
0.2734687924385071
0.9727147817611694
0.9099041223526001
0.978246808052063
0.19037719070911407
0.24236702919006348
0.46363574266433716
0.14690150320529938
0.4319939911365509
0.562508761882782
0.1181308850646019
0.9173113703727722
0.4554714262485504
0.7814444303512573
0.29341647028923035
0.1270580142736435
0.679073691368103
0.21132972836494446
0.35827943682670593
0.9791902303695679
0.19167302548885345
0.8276334404945374
0.5226330757141113
0.187185138463974
0.6867464184761047
0.5105045437812805
0.33422526717185974
0.10987278074026108
0.7785835266113281
0.40190574526786804
0.1728595495223999
0.06748199462890625
0.24388156831264496
0.23071449995040894
0.3881453573703766
0.583272397518158
0.7750986814498901
0.33530381321907043
0.18783210217952728
0.6159785985946655
0.7420927286148071
0.5982516407966614
0.9194137454032898
0.23747432231903076
0.6542326807975769
0.5572190880775452
0.6106788516044617
0.5850872993469238
0.9357779026031494
0.2711619436740875
0.5358015298843384
0.6756802201271057
0.902402400970459
0.9990087151527405
0.4842507243156433
0.37599438428878784
0.20487166941165924
0.8601990938186646
0.29299789667129517
0.5776246190071106
0.12618710100650787
0.5469468832015991
0.15156210958957672
0.5649539232254028
0.7157005071640015
0.01554910372942686
0.33842113614082336
0.421735554933548
0.6507061719894409
0.5970232486724854
0.18599668145179749
0.04436667263507843
0.8632118105888367
0.47176864743232727
0.33923131227493286
0.3390904664993286
0.5267907381057739
0.16857615113258362
0.9146681427955627
0.27058759331703186
0.2671225965023041
0.4156518876552582
0.09396528452634811
0.46436259150505066
0.031027985736727715
0.7584506869316101
0.6481796503067017
0.3677479326725006
0.4911617040634155
0.46105924248695374
0.014643237926065922
0.884756326675415
0.9640419483184814
0.9846552014350891
0.32270342111587524
0.16878794133663177
0.6927553415298462
0.43721288442611694
0.9334312081336975
0.19956208765506744
0.005564550869166851
0.4037936329841614
0.6129228472709656
0.7653327584266663
0.8049643635749817
0.6389652490615845
0.7604513168334961
0.3537259101867676
0.7500953078269958
0.38871634006500244
0.024044625461101532
0.9641008377075195
0.10833128541707993
0.582935631275177
0.5701334476470947
0.24256260693073273
0.6799879670143127
0.8421874642372131
0.8222976922988892
0.8720088005065918
0.8787809014320374
0.6260938048362732
0.3634103834629059
0.31680870056152344
0.26171213388442993
0.9550244808197021
0.7602874636650085
0.7544808387756348
0.16126109659671783
0.3833860754966736
0.8818089962005615
0.8586239814758301
0.5064460635185242
0.5652434229850769
0.9701897501945496
0.2280614972114563
0.6864083409309387
0.07906948775053024
0.08490030467510223
0.761981725692749
0.548968493938446
0.43399080634117126
0.12675835192203522
0.3763076364994049
0.6406630277633667
0.014322115108370781
0.13056060671806335
0.911990761756897
0.12039368599653244
0.6179323792457581
0.6081976294517517
0.6216835379600525
0.5685145258903503
0.6295581459999084
0.4454314708709717
0.6551079750061035
0.5457542538642883
0.1518940031528473
0.43948134779930115
0.33353739976882935
0.9122154116630554
0.6217929124832153
0.37311089038848877
0.23317214846611023
0.07791657000780106
0.8409464359283447
0.5898053646087646
0.7569836378097534
0.9364547729492188
0.392749547958374
0.5142931342124939
0.504130482673645
0.43593358993530273
0.14345315098762512
0.5847522616386414
0.3109655976295471
0.7838829755783081
0.29020607471466064
0.4408884048461914
0.08794241398572922
0.38430970907211304
0.8250702023506165
0.4462223947048187
0.10589977353811264
0.9998202323913574
0.7374488711357117
0.16974635422229767
0.8159381151199341
0.20180930197238922
0.30713918805122375
0.011429719626903534
0.7604189515113831
0.7092780470848083
0.8455998301506042
0.8036494851112366
0.48029008507728577
0.95777428150177
0.8412835001945496
0.9337155222892761
0.7115583419799805
0.0429784432053566
0.7704377174377441
0.6407320499420166
0.6429444551467896
0.21622978150844574
0.338753879070282
0.8919376134872437
0.02142295055091381
0.15268205106258392
0.2820737063884735
0.41990309953689575
0.05890439450740814
0.3109724521636963
0.19069455564022064
0.866832435131073
0.7544959783554077
0.5716036558151245
0.5355613231658936
0.5689287185668945
0.3690086901187897
0.38119301199913025
0.609625518321991
0.5694888234138489
0.8018777966499329
0.1657285988330841
0.054177746176719666
0.5250279903411865
0.7212143540382385
0.6827288866043091
0.48764315247535706
0.5680536031723022
0.8210052847862244
0.7495666146278381
0.6214902400970459
0.35229676961898804
0.3184107542037964
0.9358019232749939
0.5506214499473572
0.6796050071716309
0.06179899722337723
0.1683569699525833
0.04049208387732506
0.09852328896522522
0.8369206190109253
0.1747419834136963
0.2581157684326172
0.8834648728370667
0.5811979174613953
0.11146270483732224
0.02007848396897316
0.3968524634838104
0.8849114775657654
0.4917364716529846
0.38422706723213196
0.8451248407363892
0.11310894042253494
0.11992190778255463
0.3755215108394623
0.3330572843551636
0.5544165372848511
0.8815433382987976
0.7474873661994934
0.5150755047798157
0.15041248500347137
0.42974933981895447
0.8369107246398926
0.39164620637893677
0.3606572449207306
0.07028242200613022
0.7262792587280273
0.6132303476333618
0.28579407930374146
0.29318779706954956
0.3840550482273102
0.6796542406082153
0.8881682753562927
0.412433922290802
0.8409397602081299
0.8527674674987793
0.04793205112218857
0.39491695165634155
0.7019699215888977
0.6497820019721985
0.9530923366546631
0.6338149309158325
0.050990890711545944
0.3348810076713562
0.943844199180603
0.20622241497039795
0.49004825949668884
0.6974731683731079
0.4961838126182556
0.9966154098510742
0.5294895768165588
0.6049013733863831
0.07120638340711594
0.2571348249912262
0.19325309991836548
0.05744095891714096
0.5153529644012451
0.05605236440896988
0.36097875237464905
0.48503103852272034
0.5875135660171509
0.904597818851471
0.5879991054534912
0.9651768803596497
0.8688248991966248
0.18791334331035614
0.8754060864448547
0.6378790736198425
0.08924328535795212
0.5916308760643005
0.3276776671409607
0.1265707165002823
0.3967900276184082
0.4956609904766083
0.021834824234247208
0.43302881717681885
0.26334771513938904
0.9014712572097778
0.6394167542457581
0.14369326829910278
0.3098211884498596
0.12891937792301178
0.5278757214546204
0.41684138774871826
0.5997182726860046
0.9046306014060974
0.302577406167984
0.31562814116477966
0.9012132287025452
0.3299676775932312
0.323391854763031
0.3040332794189453
0.6898345947265625
0.5169270038604736
0.1911018192768097
0.0966905876994133
0.809577226638794
0.38477659225463867
0.10859980434179306
0.9678865671157837
0.5551671385765076
0.8403259515762329
0.208503857254982
0.32494106888771057
0.7045556306838989
0.7679399251937866
0.2756253182888031
0.9966047406196594
0.10452433675527573
0.4095858037471771
0.837202787399292
0.5257734656333923
0.02082689478993416
0.45815807580947876
0.5030109286308289
0.5566231608390808
0.114043228328228
0.7602629661560059
0.9759009480476379
0.15368984639644623
0.21900054812431335
0.7554317116737366
0.02314567379653454
0.7854652404785156
0.3214089274406433
0.7484953999519348
0.26929622888565063
0.4470594823360443
0.20990119874477386
0.7006261944770813
0.06768070161342621
0.7543620467185974
0.6432909965515137
0.17549365758895874
0.9776299595832825
0.48060932755470276
0.8253136277198792
0.6184638142585754
0.022689232602715492
0.06298918277025223
0.7868961691856384
0.7012072801589966
0.9504380226135254
0.30023619532585144
0.6828033328056335
0.3777782618999481
0.44603681564331055
0.47592756152153015
0.9474407434463501
0.9618035554885864
0.9428713917732239
0.6773850321769714
0.9313094019889832
0.630021870136261
0.1730322539806366
0.9871178269386292
0.4405834972858429
0.613008975982666
0.1603817641735077
0.7680299282073975
0.4253854751586914
0.4534635841846466
0.2916305661201477
0.22650347650051117
0.2004300206899643
0.8386361002922058
0.23310990631580353
0.8385843634605408
0.938319742679596
0.458842396736145
0.05011960119009018
0.9055987596511841
0.8361178636550903
0.12605378031730652
0.9555086493492126
0.4309093654155731
0.5123223662376404
0.9465374946594238
0.8155452013015747
0.6720739006996155
0.3958640992641449
0.3212396800518036
0.8036783337593079
0.07980161905288696
0.6792638301849365
0.6886981129646301
0.6278222799301147
0.12531433999538422
0.2998234033584595
0.6246806383132935
0.59366774559021
0.2551044821739197
0.5046612024307251
0.8097061514854431
0.31799593567848206
0.6844022274017334
0.23964674770832062
0.3598898947238922
0.38490626215934753
0.9536601305007935
0.052409578114748
0.46460601687431335
0.15392707288265228
0.7119189500808716
0.06630554050207138
0.37088385224342346
0.10672954469919205
0.4274982810020447
0.5132703185081482
0.24346067011356354
0.24568037688732147
0.8867494463920593
0.6139432787895203
0.7459713220596313
0.4979206621646881
0.06547598540782928
0.9290873408317566
0.5136016607284546
0.022249966859817505
0.4273965060710907
0.8670950531959534
0.7888731956481934
0.4828309118747711
0.8174808025360107
0.8558799028396606
0.24054165184497833
0.2512350380420685
0.6457379460334778
0.4063224196434021
0.9771908521652222
0.7529480457305908
0.1788504272699356
0.7317949533462524
0.5725692510604858
0.6292878985404968
0.26628535985946655
0.4104630649089813
0.6123934388160706
0.2818642556667328
0.7439990043640137
0.09198640286922455
0.8679205775260925
0.7036914825439453
0.6390843987464905
0.01157765369862318
0.270371675491333
0.6739691495895386
0.3231564164161682
0.8152142763137817
0.74241703748703
0.6303004026412964
0.6724894642829895
0.39443492889404297
0.16076068580150604
0.2954654395580292
0.5770432353019714
0.270965039730072
0.7955823540687561
0.6151249408721924
0.8302146792411804
0.2247401624917984
0.9281067252159119
0.32395368814468384
0.7107052206993103
0.6865885853767395
0.4168597161769867
0.9172689318656921
0.4163185954093933
0.029623979702591896
0.21382123231887817
0.05420953035354614
0.6068207025527954
0.4313995838165283
0.8982046842575073
0.8117866516113281
0.6304613351821899
0.9029274582862854
0.12446601688861847
0.7943358421325684
0.2251880019903183
0.48653581738471985
0.01654762588441372
0.6352959871292114
0.3918944001197815
0.8487359285354614
0.8297810554504395
0.2149457335472107
0.01739688776433468
0.6240909099578857
0.299418568611145
0.9079640507698059
0.8491777181625366
0.35004091262817383
0.3401372730731964
0.28929242491722107
0.18249954283237457
0.009516941383481026
0.744686484336853
0.6367799043655396
0.7826287150382996
0.25055819749832153
0.6871479749679565
0.01642492786049843
0.5937689542770386
0.6365731358528137
0.02571473829448223
0.40304455161094666
0.6670129299163818
0.8619871139526367
0.8921259045600891
0.6937815546989441
0.3210884630680084
0.7240940928459167
0.6856458187103271
0.5047372579574585
0.2478487193584442
0.014089086093008518
0.8212160468101501
0.9917540550231934
0.14495915174484253
0.762424111366272
0.5601992607116699
0.2498897761106491
0.39220720529556274
0.07455668598413467
0.6099715232849121
0.12611904740333557
0.9405917525291443
0.7489829063415527
0.8319953083992004
0.47830730676651
0.017851196229457855
0.6512453556060791
0.016696162521839142
0.2283187359571457
0.21776007115840912
0.0737299993634224
0.37023046612739563
0.59364253282547
0.5570864677429199
0.10644810646772385
0.02062377706170082
0.08232174068689346
0.2877133786678314
0.42180079221725464
0.2983475923538208
0.4836081266403198
0.40788114070892334
0.9521386027336121
0.9485254883766174
0.4371875524520874
0.21701546013355255
0.6666567921638489
0.08620895445346832
0.01985798589885235
0.8458864092826843
0.4818275570869446
0.40345773100852966
0.5154784917831421
0.04764045029878616
0.4991251230239868
0.9359197616577148
0.4812870919704437
0.35800325870513916
0.7137714624404907
0.36126625537872314
0.6816771030426025
0.9237958192825317
0.580992579460144
0.5479176640510559
0.1222231462597847
0.17600639164447784
0.25108951330184937
0.08915237337350845
0.257252037525177
0.8736956119537354
0.38989436626434326
0.5551649928092957
0.46419569849967957
0.958324670791626
0.979302704334259
0.6708846092224121
0.5307126641273499
0.7282187938690186
0.6191113591194153
0.6468926072120667
0.4999930262565613
0.48554936051368713
0.49444907903671265
0.7132548093795776
0.9156280755996704
0.22393642365932465
0.0790700912475586
0.902398943901062
0.8387865424156189
0.8695142269134521
0.15657979249954224
0.1022399365901947
0.8690398335456848
0.8126757740974426
0.13596656918525696
0.21469810605049133
0.8182191848754883
0.2935755252838135
0.7188700437545776
0.4817890226840973
0.19643336534500122
0.6056666374206543
0.9363757967948914
0.7321246266365051
0.019744548946619034
0.5345669388771057
0.2180100381374359
0.6333860754966736
0.67693692445755
0.28901970386505127
0.6826651692390442
0.6101701855659485
0.3126624822616577
0.27787014842033386
0.1968826949596405
0.4332471489906311
0.2592286765575409
0.5548659563064575
0.30927255749702454
0.38779354095458984
0.3311011791229248
0.7522232532501221
0.35757169127464294
0.5488055348396301
0.8424672484397888
0.2827783524990082
0.5789578557014465
0.5806125998497009
0.997871994972229
0.0017046149587258697
0.09836963564157486
0.6318842768669128
0.4348638653755188
0.7812209129333496
0.6556829810142517
0.6430759429931641
0.0626843199133873
0.9342612624168396
0.7798670530319214
0.9918718934059143
0.5509132146835327
0.8903266787528992
0.3223287761211395
0.8263852596282959
0.5753524899482727
0.042906202375888824
0.18472552299499512
0.7319534420967102
0.21281921863555908
0.8531812429428101
0.4408802390098572
0.9404351711273193
0.903497040271759
0.3832385838031769
0.728279173374176
0.8124576807022095
0.533200740814209
0.911001980304718
0.8750213384628296
0.4110781252384186
0.2138761579990387
0.7479942440986633
0.2145490050315857
0.010904858820140362
0.9998424053192139
0.4833983778953552
0.46777108311653137
0.26817214488983154
0.8351529240608215
0.450743168592453
0.18102315068244934
0.330687552690506
0.9412756562232971
0.03511950746178627
0.6905410885810852
0.39138320088386536
0.6288086771965027
0.7796552777290344
0.8101868033409119
0.9259515404701233
0.9124248027801514
0.7407328486442566
0.6527310013771057
0.09648741781711578
0.8148187398910522
0.7187793850898743
0.6584535241127014
0.877673864364624
0.4774169623851776
0.7151489853858948
0.26599228382110596
0.5460808277130127
0.045603036880493164
0.8739730715751648
0.9807946681976318
0.3479122519493103
0.5289989709854126
0.10815802216529846
0.28632253408432007
0.08591464906930923
0.44263648986816406
0.6791942119598389
0.7617443799972534
0.5075728297233582
0.05870693176984787
0.2620237171649933
0.6152439713478088
0.8956115245819092
0.25379225611686707
0.6531419157981873
0.37555745244026184
0.5774039626121521
0.21884505450725555
0.8926301598548889
0.45447176694869995
0.6319444179534912
0.5717344880104065
0.0338452085852623
0.5107563138008118
0.49296149611473083
0.5651370882987976
0.012325955554842949
0.5577477216720581
0.30410489439964294
0.4678627848625183
0.802943229675293
0.6903898119926453
0.949832022190094
0.13024693727493286
0.03423190861940384
0.5729047656059265
0.35971692204475403
0.8554403781890869
0.6638961434364319
0.0829869881272316
0.14852075278759003
0.41070467233657837
0.7395985722541809
0.2957420349121094
0.15513592958450317
0.9143478274345398
0.3533448278903961
0.9536297917366028
0.814811110496521
0.9250311851501465
0.783565878868103
0.34933099150657654
0.6161212921142578
0.5448305010795593
0.7778894901275635
0.5478067398071289
0.9704549312591553
0.632213830947876
0.9552356004714966
0.842660665512085
0.29200777411460876
0.813042938709259
0.025664467364549637
0.7682149410247803
0.9667909145355225
0.5206495523452759
0.41294509172439575
0.4109295904636383
0.6910908818244934
0.545687198638916
0.09260238707065582
0.8999533653259277
0.25311291217803955
0.5476821660995483
0.8821304440498352
0.5546579957008362
0.7612611651420593
0.313108891248703
0.2831555902957916
0.7324453592300415
0.25885966420173645
0.81644606590271
0.42752891778945923
0.5772241950035095
0.8450216054916382
0.3695157766342163
0.252116858959198
0.8483487367630005
0.39678308367729187
0.9444466829299927
0.13689778745174408
0.505517840385437
0.4129185676574707
0.9301499724388123
0.9100202918052673
0.9478541612625122
0.5250712633132935
0.029660264030098915
0.8039889931678772
0.1320779025554657
0.9944751858711243
0.21975435316562653
0.34194710850715637
0.4587453007698059
0.6462233662605286
0.8010563254356384
0.1801649034023285
0.598678469657898
0.640440821647644
0.5111974477767944
0.3572206497192383
0.08726470917463303
0.6375941634178162
0.11321047693490982
0.2648400068283081
0.4455941617488861
0.7304865717887878
0.8391685485839844
0.8607723712921143
0.3436620235443115
0.08555200695991516
0.14418631792068481
0.6591299176216125
0.5968372821807861
0.27270373702049255
0.9064377546310425
0.07878801971673965
0.926731288433075
0.7994090914726257
0.9518044590950012
0.502124011516571
0.7290924191474915
0.26175934076309204
0.11028797924518585
0.11270789802074432
0.8291526436805725
0.9637943506240845
0.34053587913513184
0.15192417800426483
0.9893122911453247
0.7493259906768799
0.9078632593154907
0.9490085244178772
0.8827166557312012
0.7355571389198303
0.12522360682487488
0.7889182567596436
0.8424859046936035
0.8612393140792847
0.552656888961792
0.5882276892662048
0.10927732288837433
0.5191492438316345
0.5070993900299072
0.3732685148715973
0.9927905201911926
0.04051261767745018
0.8854276537895203
0.8968168497085571
0.9609357118606567
0.6744636297225952
0.681040346622467
0.8896486163139343
0.41482284665107727
0.9667171835899353
0.5648864507675171
0.6261232495307922
0.9083781242370605
0.2677250802516937
0.2941688895225525
0.7942788600921631
0.7969385981559753
0.882636308670044
0.08535387367010117
0.902012825012207
0.582209050655365
0.5477717518806458
0.4020644724369049
0.46807920932769775
0.41889530420303345
0.13364160060882568
0.8155413866043091
0.6435141563415527
0.5233054161071777
0.829140305519104
0.41552305221557617
0.07554233819246292
0.26508137583732605
0.8044689297676086
0.5412946343421936
0.382168710231781
0.17040976881980896
0.25047460198402405
0.5616039037704468
0.21244683861732483
0.5307870507240295
0.45965927839279175
0.03888413682579994
0.33161234855651855
0.10672440379858017
0.9079200625419617
0.5200182199478149
0.135935440659523
0.06512141972780228
0.9224812388420105
0.4650237560272217
0.877473771572113
0.2824379801750183
0.6598218083381653
0.8140702843666077
0.11163858324289322
0.5828817486763
0.02804720774292946
0.08110502362251282
0.4926985800266266
0.32176968455314636
0.9128935933113098
0.8335188627243042
0.15237700939178467
0.7857304811477661
0.2014763355255127
0.3663765788078308
0.5461242198944092
0.7674548625946045
0.32924753427505493
0.9120244979858398
0.7551332712173462
0.37797024846076965
0.5994646549224854
0.9308642148971558
0.7314615249633789
0.6204755902290344
0.5708211064338684
0.41501128673553467
0.8061200976371765
0.24966897070407867
0.6917561292648315
0.41526782512664795
0.5584334135055542
0.39491114020347595
0.7655577063560486
0.5796403884887695
0.15499535202980042
0.04548291116952896
0.8018588423728943
0.048554569482803345
0.7738673686981201
0.9235818386077881
0.35569220781326294
0.9174973964691162
0.7295093536376953
0.4745630621910095
0.15694840252399445
0.37587881088256836
0.5586627125740051
0.1582093983888626
0.2765410542488098
0.35984349250793457
0.7263680696487427
0.04943452775478363
0.1962558925151825
0.5160228610038757
0.6219229102134705
0.4026515483856201
0.05819946527481079
0.899410605430603
0.9882933497428894
0.829823911190033
0.848683774471283
0.4925011396408081
0.19885419309139252
0.9628939032554626
0.9850509166717529
0.9426307082176208
0.7637510895729065
0.01734842173755169
0.4923546314239502
0.8472560048103333
0.6987252235412598
0.8116102814674377
0.3995250165462494
0.07509966194629669
0.22300978004932404
0.8924872875213623
0.4741581082344055
0.7110106945037842
0.46251726150512695
0.7603991031646729
0.9614580273628235
0.2555074691772461
0.34422555565834045
0.30982744693756104
0.7594229578971863
0.8046563863754272
0.7556383013725281
0.9735744595527649
0.7282418012619019
0.6827507615089417
0.7123081684112549
0.8750962615013123
0.4218079149723053
0.877793550491333
0.6383349299430847
0.4042174816131592
0.5363423824310303
0.22660642862319946
0.6907142996788025
0.8427401781082153
0.3848988115787506
0.3136134147644043
0.25020265579223633
0.4831870198249817
0.9259242415428162
0.8252120018005371
0.41324055194854736
0.9673254489898682
0.7849673628807068
0.3022731840610504
0.9119954109191895
0.14288073778152466
0.007565100211650133
0.22884096205234528
0.5302573442459106
0.22434549033641815
0.6000479459762573
0.5654326677322388
0.8580538630485535
0.4227520823478699
0.5196886658668518
0.9990856051445007
0.5268197059631348
0.5841647386550903
0.257717102766037
0.5616025924682617
0.8256522417068481
0.4284692704677582
0.05227040871977806
0.7594946026802063
0.37256118655204773
0.8730232119560242
0.19748394191265106
0.9533421397209167
0.12532149255275726
0.49943333864212036
0.11691266298294067
0.3839171528816223
0.7420145273208618
0.7044050693511963
0.7303125858306885
0.7982019186019897
0.6168285608291626
0.46294984221458435
0.9580578804016113
0.9566100239753723
0.5628244876861572
0.1051139160990715
0.6420226693153381
0.7742581963539124
0.9188082814216614
0.8217413425445557
0.9098120927810669
0.7209251523017883
0.14732672274112701
0.7245457172393799
0.3671885132789612
0.2692364752292633
0.8392007350921631
0.2562785744667053
0.9698357582092285
0.6235892176628113
0.6132616400718689
0.8561692237854004
0.28878724575042725
0.9503622651100159
0.769692063331604
0.6106097102165222
0.01769964024424553
0.33550500869750977
0.20902927219867706
0.08477401733398438
0.6978541612625122
0.30025118589401245
0.3001684844493866
0.7615290880203247
0.7240427136421204
0.9712992906570435
0.779793381690979
0.4537256360054016
0.35945409536361694
0.4387584626674652
0.9283382892608643
0.3267180621623993
0.7494187355041504
0.6960114240646362
0.5112833976745605
0.3811953365802765
0.31098052859306335
0.7803478837013245
0.5508381724357605
0.6268295049667358
0.22629116475582123
0.381669282913208
0.6827760934829712
0.3595810830593109
0.6633530259132385
0.6483244895935059
0.40872201323509216
0.3699008524417877
0.44229862093925476
0.6902402639389038
0.28837186098098755
0.5435047149658203
0.7217233777046204
0.4224919080734253
0.9848333597183228
0.6935523152351379
0.696173369884491
0.005499762482941151
0.7729747295379639
0.6299000382423401
0.32311955094337463
0.8042068481445312
0.7803836464881897
0.21494488418102264
0.7910173535346985
0.5159077644348145
0.8126878142356873
0.2628239095211029
0.7507640719413757
0.5688225030899048
0.7589951157569885
0.9691425561904907
0.22816841304302216
0.2629057466983795
0.17167820036411285
0.7990859746932983
0.08467143028974533
0.25967639684677124
0.6413519978523254
0.34368300437927246
0.4662318825721741
0.17321637272834778
0.6272888779640198
0.3851490616798401
0.8313655853271484
0.5414872765541077
0.9502444863319397
0.06690909713506699
0.3918341398239136
0.6799644231796265
0.33420130610466003
0.20424285531044006
0.3899192810058594
0.9949288368225098
0.7325280904769897
0.6487370729446411
0.555115282535553
0.7898132801055908
0.7001860737800598
0.5407577157020569
0.8165152668952942
0.4204128682613373
0.14466136693954468
0.6596336960792542
0.4252069294452667
0.9545835852622986
0.3181384801864624
0.5903445482254028
0.7934381365776062
0.40661153197288513
0.9816957712173462
0.8946726322174072
0.1270819753408432
0.4253776967525482
0.03601304069161415
0.4165199100971222
0.49452686309814453
0.06434564292430878
0.12245249003171921
0.8111600875854492
0.3698148727416992
0.41357237100601196
0.5507601499557495
0.9519177079200745
0.05177435278892517
0.06986138969659805
0.6420150399208069
0.39129072427749634
0.35643070936203003
0.16170421242713928
0.5223817825317383
0.5222178101539612
0.2705615758895874
0.34860125184059143
0.39251887798309326
0.634511411190033
0.8726826906204224
0.3175410330295563
0.44085103273391724
0.273654967546463
0.3220004439353943
0.7749727368354797
0.11833642423152924
0.5099380612373352
0.6499033570289612
0.139145627617836
0.5171584486961365
0.07503281533718109
0.2924029529094696
0.8839792013168335
0.36729079484939575
0.8664063215255737
0.17844511568546295
0.25893521308898926
0.875381350517273
0.06108008325099945
0.04209982976317406
0.702083170413971
0.898819625377655
0.183012455701828
0.10949704796075821
0.8101045489311218
0.7810721397399902
0.2395540028810501
0.7243350148200989
0.5622899532318115
0.3758135139942169
0.24503068625926971
0.9035966396331787
0.30530276894569397
0.4222891628742218
0.43300673365592957
0.40827885270118713
0.4657440781593323
0.5690866112709045
0.12575066089630127
0.26874038577079773
0.5507895350456238
0.930966317653656
0.9070099592208862
0.7099228501319885
0.021857503801584244
0.30427369475364685
0.8227002024650574
0.5411509275436401
0.015206740237772465
0.3805599510669708
0.3431844711303711
0.4413033425807953
0.26418182253837585
0.29616525769233704
0.3601982295513153
0.2659109830856323
0.5296433568000793
0.2658444046974182
0.23464824259281158
0.9655382037162781
0.3778952658176422
0.6358023881912231
0.6608418822288513
0.47560328245162964
0.7062777280807495
0.059303682297468185
0.41310006380081177
0.9975581169128418
0.17429697513580322
0.11019236594438553
0.8453953862190247
0.6873423457145691
0.37745705246925354
0.6991351842880249
0.28887489438056946
0.6363565921783447
0.11500262469053268
0.7888561487197876
0.30799561738967896
0.05006619915366173
0.7062926292419434
0.8103642463684082
0.5402975082397461
0.915729820728302
0.2174772322177887
0.607448935508728
0.30216631293296814
0.8034551739692688
0.7778726816177368
0.10704102367162704
0.09406102448701859
0.4441429674625397
0.07891219854354858
0.37184008955955505
0.5162543058395386
0.6334471702575684
0.18814826011657715
0.5954315066337585
0.5851572155952454
0.632756233215332
0.34781715273857117
0.20871396362781525
0.3075661361217499
0.6202563643455505
0.5220372080802917
0.3630726635456085
0.9906471371650696
0.872130274772644
0.18268583714962006
0.8194013237953186
0.17827627062797546
0.8838123679161072
0.937464714050293
0.6900883913040161
0.7711225152015686
0.6214104294776917
0.07548872381448746
0.1696815937757492
0.5073130130767822
0.4437178373336792
0.9326757788658142
0.859544575214386
0.30018651485443115
0.48344868421554565
0.7024602890014648
0.828800618648529
0.7525191307067871
0.7386986017227173
0.5614616870880127
0.7883399724960327
0.7274258732795715
0.014602595008909702
0.5661899447441101
0.8411298394203186
0.3192320168018341
0.7617082595825195
0.6106336712837219
0.14271576702594757
0.8135589361190796
0.23291902244091034
0.37223803997039795
0.15127699077129364
0.5863461494445801
0.5679846405982971
0.2190888375043869
0.7666506767272949
0.4787006080150604
0.05191454663872719
0.7432287931442261
0.5821585059165955
0.4060540795326233
0.9028026461601257
0.11223243921995163
0.9478626251220703
0.5297428965568542
0.6137900948524475
0.795536994934082
0.17008917033672333
0.6836603879928589
0.31915411353111267
0.7682867646217346
0.6304306983947754
0.6142711639404297
0.28599926829338074
0.15260955691337585
0.6918964982032776
0.7380260825157166
0.0036698728799819946
0.9250794649124146
0.4019424319267273
0.9262011051177979
0.18156522512435913
0.5212238430976868
0.5651062726974487
0.07716142386198044
0.9487143754959106
0.9223382472991943
0.9487382769584656
0.6262030601501465
0.10899722576141357
0.48354554176330566
0.04876090958714485
0.12124383449554443
0.6732631325721741
0.7703126072883606
0.35378435254096985
0.17135877907276154
0.7582504749298096
0.8318167328834534
0.0857328325510025
0.9521903991699219
0.14981716871261597
0.5101582407951355
0.5997892618179321
0.21402554214000702
0.17597246170043945
0.26705700159072876
0.8443206548690796
0.24379438161849976
0.830935001373291
0.01943599060177803
0.824274480342865
0.6079216599464417
0.7971203327178955
0.7073599696159363
0.7031540870666504
0.03210297226905823
0.6682712435722351
0.535910964012146
0.3197319209575653
0.7350048422813416
0.9449146389961243
0.9616315364837646
0.12961642444133759
0.03600877895951271
0.9019997715950012
0.38254883885383606
0.3364826738834381
0.05100114271044731
0.1235281452536583
0.46082064509391785
0.17234447598457336
0.617350161075592
0.13633279502391815
0.442515105009079
0.7315331101417542
0.24097469449043274
0.2977510094642639
0.05738338455557823
0.42937397956848145
0.8235198855400085
0.7160478234291077
0.9098654985427856
0.2227601259946823
0.34032702445983887
0.5982316136360168
0.7283931970596313
0.23242664337158203
0.3120071291923523
0.18936461210250854
0.16533619165420532
0.24745768308639526
0.956048309803009
0.5654109716415405
0.999422550201416
0.5449556112289429
0.5442452430725098
0.11823051422834396
0.2575516104698181
0.9303137063980103
0.04455875605344772
0.9142686128616333
0.3224262595176697
0.7412154674530029
0.7245647311210632
0.4250187873840332
0.8294891715049744
0.6999419331550598
0.4797484278678894
0.14389564096927643
0.39155369997024536
0.6751683950424194
0.3857194185256958
0.18347622454166412
0.3936561942100525
0.0907253697514534
0.6533904075622559
0.09285258501768112
0.6937651634216309
0.35722851753234863
0.706727921962738
0.7591736316680908
0.33786308765411377
0.6848510503768921
0.6315814852714539
0.4881918430328369
0.15215228497982025
0.9729562401771545
0.4278285503387451
0.8642021417617798
0.7443488240242004
0.7047379016876221
0.8145278692245483
0.6920687556266785
0.9116615056991577
0.9132519364356995
0.37718409299850464
0.4506777226924896
0.45898592472076416
0.0014934091595932841
0.55601966381073
0.1627873033285141
0.696782112121582
0.25165775418281555
0.21053332090377808
0.3013133406639099
0.5616678595542908
0.6120229959487915
0.14876236021518707
0.9803169965744019
0.24371622502803802
0.8742473721504211
0.2781912088394165
0.3175010681152344
0.9790916442871094
0.7304871678352356
0.9565750360488892
0.32096242904663086
0.6884962916374207
0.19658753275871277
0.3128398656845093
0.7178820967674255
0.8414772152900696
0.19680824875831604
0.8129602670669556
0.2791062593460083
0.12906959652900696
0.48330655694007874
0.8922874331474304
0.5792357921600342
0.6358557939529419
0.46467846632003784
0.08224079757928848
0.3126668632030487
0.7185211777687073
0.9393081665039062
0.6205810904502869
0.7497157454490662
0.22563914954662323
0.6897196173667908
0.981785774230957
0.5240523815155029
0.6107731461524963
0.7968211770057678
0.6329435706138611
0.04300208389759064
0.14029519259929657
0.5268688201904297
0.8002715110778809
0.24954858422279358
0.2540585398674011
0.7207047343254089
0.568747341632843
0.6720477342605591
0.8706204295158386
0.9037776589393616
0.8308017253875732
0.45381253957748413
0.6408464312553406
0.3093898296356201
0.907060444355011
0.1858273446559906
0.145710751414299
0.13671883940696716
0.8000131249427795
0.5390142798423767
0.18443794548511505
0.5017021298408508
0.1626826524734497
0.822743833065033
0.8307490944862366
0.37283849716186523
0.7015134692192078
0.3217483460903168
0.30632221698760986
0.7901276350021362
0.09166108816862106
0.5382661819458008
0.8635246157646179
0.09986783564090729
0.4662550985813141
0.7912130951881409
0.7612754702568054
0.0656626746058464
0.297542542219162
0.539034903049469
0.12781748175621033
0.877096951007843
0.4182908535003662
0.7495074272155762
0.1352800577878952
0.15280981361865997
0.07342755794525146
0.4220983386039734
0.8617586493492126
0.9832488894462585
0.287266343832016
0.001685719471424818
0.6021316647529602
0.7288352847099304
0.5965217351913452
0.08741499483585358
0.7813193202018738
0.5458568334579468
0.853180468082428
0.7370306849479675
0.28432923555374146
0.04838654771447182
0.9593694806098938
0.6435642242431641
0.4691246747970581
0.1512386053800583
0.7207819819450378
0.09021992981433868
0.8777015805244446
0.9335318207740784
0.7710778713226318
0.2866870164871216
0.7396361827850342
0.6182218194007874
0.42315858602523804
0.28989189863204956
0.6211772561073303
0.6470511555671692
0.06502918154001236
0.48288848996162415
0.6772804856300354
0.9418851733207703
0.8565247654914856
0.9274313449859619
0.7465955018997192
0.010657950304448605
0.6385948657989502
0.9049830436706543
0.6106927394866943
0.7078505158424377
0.0727667510509491
0.15237146615982056
0.9614416360855103
0.9197074174880981
0.5536938905715942
0.04173027351498604
0.8748395442962646
0.2967168092727661
0.5118337273597717
0.13491903245449066
0.7154962420463562
0.5538703203201294
0.2807479500770569
0.4964149296283722
0.28942176699638367
0.977933943271637
0.1810798943042755
0.33563026785850525
0.9827467203140259
0.12937882542610168
0.272088885307312
0.07474633306264877
0.9394236207008362
0.013426756486296654
0.8462395668029785
0.07194303721189499
0.26610052585601807
0.25397494435310364
0.8165411353111267
0.4249398410320282
0.37145140767097473
0.6609747409820557
0.497837632894516
0.2899536192417145
0.6970441341400146
0.11268080770969391
0.11216722428798676
0.7033717632293701
0.5470848679542542
0.8558558821678162
0.9610262513160706
0.6146168112754822
0.4640270173549652
0.5318800210952759
0.6117436289787292
0.11861201375722885
0.5545828938484192
0.479791522026062
0.5102502107620239
0.4423021674156189
0.7743321657180786
0.9610801935195923
0.24062205851078033
0.9108572006225586
0.3946000933647156
0.9370878338813782
0.45295146107673645
0.5402344465255737
0.6603643894195557
0.28310298919677734
0.6194206476211548
0.09790793806314468
0.026494327932596207
0.32335469126701355
0.6267328262329102
0.22363267838954926
0.4493364691734314
0.01163063570857048
0.22832195460796356
0.6329545974731445
0.25813713669776917
0.32533034682273865
0.9264262318611145
0.3382536768913269
0.23575203120708466
0.22592315077781677
0.21310965716838837
0.13312603533267975
0.2615247666835785
0.4294160008430481
0.681833028793335
0.5061956644058228
0.9071744680404663
0.3814370632171631
0.9309654235839844
0.5530092716217041
0.6237414479255676
0.4230513870716095
0.5054019689559937
0.08438725024461746
0.9944606423377991
0.39590275287628174
0.23022107779979706
0.8866804838180542
0.7301443219184875
0.4071879982948303
0.0706884115934372
0.3135125935077667
0.6340652704238892
0.6437501311302185
0.8945643901824951
0.15522637963294983
0.4917997717857361
0.8795421123504639
0.06841221451759338
0.23470088839530945
0.4079676568508148
0.9267621040344238
0.2725203335285187
0.5825356841087341
0.9519681334495544
0.6768254637718201
0.5639735460281372
0.4462282359600067
0.5525370836257935
0.4073416590690613
0.49472329020500183
0.9623948931694031
0.8210356831550598
0.6620094180107117
0.14933110773563385
0.3586444556713104
0.567052960395813
0.6527073979377747
0.8418155312538147
0.20632155239582062
0.34909412264823914
0.674965500831604
0.603790283203125
0.5326652526855469
0.5494422912597656
0.07450136542320251
0.9702352285385132
0.8710634708404541
0.5931017398834229
0.3390859365463257
0.7092154622077942
0.3955717086791992
0.21287848055362701
0.1430157870054245
0.3166200518608093
0.6962834000587463
0.9666949510574341
0.13065926730632782
0.33792123198509216
0.4689037501811981
0.002065475797280669
0.7141887545585632
0.06879310309886932
0.8241809606552124
0.5047569274902344
0.35738158226013184
0.3323579728603363
0.1807890683412552
0.780846357345581
0.872706413269043
0.8432656526565552
0.9777095913887024
0.7299590110778809
0.8453236222267151
0.32045018672943115
0.7075831890106201
0.3400595784187317
0.6010349988937378
0.014971336349844933
0.3969017565250397
0.3192499577999115
0.3545524775981903
0.8591132760047913
0.5280019640922546
0.7209076881408691
0.32119473814964294
0.15838807821273804
0.2516446113586426
0.41669008135795593
0.5813816785812378
0.47134605050086975
0.7998294830322266
0.1852998286485672
0.5323606729507446
0.40269935131073
0.25256016850471497
0.5475054979324341
0.3021869659423828
0.22971929609775543
0.7690370678901672
0.09237949550151825
0.9054042100906372
0.639905571937561
0.5175169110298157
0.6961286664009094
0.7096158862113953
0.5765365362167358
0.7217816710472107
0.8157608509063721
0.114959716796875
0.6614898443222046
0.014314857311546803
0.359587699174881
0.39772215485572815
0.36657971143722534
0.67439866065979
0.012685290537774563
0.33732935786247253
0.6150500774383545
0.7450276017189026
0.38536539673805237
0.7876496911048889
0.09162423759698868
0.627770721912384
0.5016015768051147
0.7044864892959595
0.6333101391792297
0.12792439758777618
0.3554106652736664
0.9771771430969238
0.2543329894542694
0.5102199912071228
0.4069436490535736
0.081180639564991
0.2742513120174408
0.8803675770759583
0.9456536769866943
0.018333980813622475
0.6208169460296631
0.5357056260108948
0.6312631368637085
0.7710322141647339
0.7406573295593262
0.2150471955537796
0.19047297537326813
0.5461169481277466
0.47565948963165283
0.6818541884422302
0.37383389472961426
0.7884067893028259
0.5360743999481201
0.44147077202796936
0.29617953300476074
0.7472039461135864
0.7405788898468018
0.723163366317749
0.755268394947052
0.5437139272689819
0.7572135329246521
0.906362771987915
0.3496158719062805
0.3261524736881256
0.8683034777641296
0.26651400327682495
0.6784251928329468
0.3898701071739197
0.469375878572464
0.13310998678207397
0.941178560256958
0.6336094737052917
0.8790252208709717
0.9110500812530518
0.1135391891002655
0.8813942670822144
0.44408491253852844
0.5213714838027954
0.5742698907852173
0.590790867805481
0.46538984775543213
0.5637595653533936
0.6750564575195312
0.46447592973709106
0.8843321204185486
0.9912583827972412
0.16552947461605072
0.8999952077865601
0.9480608701705933
0.049358680844306946
0.5852388739585876
0.8859900236129761
0.03170967474579811
0.05486417934298515
0.9274919629096985
0.552370548248291
0.9217351078987122
0.7197239995002747
0.920893669128418
0.6623197197914124
0.30290699005126953
0.2404775321483612
0.19991470873355865
0.8030897378921509
0.320206880569458
0.5055156946182251
0.5268296599388123
0.060468968003988266
0.35846075415611267
0.29097458720207214
0.9277222752571106
0.18880173563957214
0.25250035524368286
0.9912382960319519
0.9961010217666626
0.25845035910606384
0.20952141284942627
0.15876176953315735
0.21317218244075775
0.49282732605934143
0.8665897250175476
0.37963131070137024
0.04757239669561386
0.5779922008514404
0.09404755383729935
0.6527683734893799
0.8436315059661865
0.4679986238479614
0.43029138445854187
0.5915154814720154
0.999737560749054
0.15674404799938202
0.9434171915054321
0.49382737278938293
0.6496184468269348
0.10148537904024124
0.39233097434043884
0.7727802991867065
0.936529815196991
0.6329185366630554
0.5947915315628052
0.3371557593345642
0.9492860436439514
0.8019071817398071
0.07157055288553238
0.8867525458335876
0.8140336275100708
0.9291150569915771
0.27023008465766907
0.7260777354240417
0.8126690983772278
0.6099943518638611
0.5874505043029785
0.9783772230148315
0.6655181050300598
0.17598406970500946
0.9621949791908264
0.02844986878335476
0.13289660215377808
0.841930091381073
0.6416292786598206
0.6521518230438232
0.24361811578273773
0.4527870714664459
0.5229973793029785
0.45691046118736267
0.31359875202178955
0.49453333020210266
0.8176330327987671
0.551958441734314
0.172311931848526
0.8719466328620911
0.029813073575496674
0.7546374201774597
0.698891818523407
0.5728337168693542
0.06000271067023277
0.1124933511018753
0.3549145758152008
0.827614426612854
0.5428834557533264
0.3922778367996216
0.3307427763938904
0.46026238799095154
0.2826293110847473
0.6271880269050598
0.20784834027290344
0.7293221354484558
0.3403662145137787
0.3702640235424042
0.4855368435382843
0.3405657708644867
0.9317964315414429
0.32939478754997253
0.08682658523321152
0.8431100249290466
0.3722296953201294
0.28383031487464905
0.8334574103355408
0.9005237221717834
0.024449244141578674
0.0712873786687851
0.9965633749961853
0.07055231183767319
0.7069724798202515
0.045426443219184875
0.3643699586391449
0.6263365745544434
0.46825307607650757
0.862671971321106
0.3902405798435211
0.5962076783180237
0.004945854656398296
0.25036853551864624
0.4067470133304596
0.610066294670105
0.019658589735627174
0.2932957410812378
0.4580151438713074
0.2239806205034256
0.8018315434455872
0.3213435411453247
0.5556626319885254
0.0061187236569821835
0.5552881956100464
0.5134563446044922
0.9420986771583557
0.5242142081260681
0.007906741462647915
0.867437481880188
0.6809695959091187
0.5223889946937561
0.3949311077594757
0.5223391652107239
0.3114054203033447
0.7264577150344849
0.7786174416542053
0.36829546093940735
0.9876910448074341
0.2365848571062088
0.9208373427391052
0.3307284414768219
0.4034951627254486
0.07857125997543335
0.728175938129425
0.969454288482666
0.13296709954738617
0.14335770905017853
0.6594998836517334
0.6857098340988159
0.2505000829696655
0.6994531154632568
0.9566260576248169
0.1655929982662201
0.3623383939266205
0.5926072001457214
0.45689770579338074
0.5052444338798523
0.4396681785583496
0.6098560094833374
0.08932185173034668
0.18659047782421112
0.7061513066291809
0.9125137329101562
0.3851683437824249
0.31823086738586426
0.4169919788837433
0.774698793888092
0.12084846198558807
0.04029032588005066
0.395741730928421
0.472041517496109
0.7602119445800781
0.8077260851860046
0.4153119921684265
0.8638656139373779
0.1901371031999588
0.8473325967788696
0.5891039967536926
0.044130533933639526
0.6747315526008606
0.1408349871635437
0.8648608326911926
0.764661967754364
0.22490674257278442
0.8552425503730774
0.08670993894338608
0.6214116215705872
0.2505674362182617
0.6776230931282043
0.3269822299480438
0.9778863787651062
0.4799950122833252
0.9832078814506531
0.2251242995262146
0.3022657632827759
0.46440786123275757
0.9578222036361694
0.5130786299705505
0.6395865678787231
0.3839356005191803
0.08644470572471619
0.40661683678627014
0.7964494824409485
0.3137955665588379
0.838357150554657
0.044251762330532074
0.6671205759048462
0.732650637626648
0.19655074179172516
0.3640892505645752
0.7082022428512573
0.9914801120758057
0.5894270539283752
0.8202793002128601
0.9859689474105835
0.8233142495155334
0.4476405680179596
0.4328768253326416
0.2592746317386627
0.5396067500114441
0.1753261238336563
0.7587572336196899
0.883529543876648
0.16823557019233704
0.7203219532966614
0.2204478532075882
0.2527931332588196
0.8085163831710815
0.24878470599651337
0.7888681888580322
0.15261854231357574
0.797642707824707
0.7246479392051697
0.2854194641113281
0.5177983641624451
0.2697298228740692
0.8859613537788391
0.3551643192768097
0.2757638990879059
0.8908160328865051
0.2733243703842163
0.5055617690086365
0.29112643003463745
0.45948171615600586
0.7035707831382751
0.39257052540779114
0.5780319571495056
0.3531850576400757
0.951458215713501
0.8724343180656433
0.013840734958648682
0.12703576683998108
0.9736009240150452
0.5892289876937866
0.6968382596969604
0.7504178881645203
0.3068344295024872
0.24500353634357452
0.18465164303779602
0.3174397349357605
0.5655645132064819
0.8250375986099243
0.002498398534953594
0.03310006111860275
0.7867499589920044
0.499985933303833
0.40057066082954407
0.06823694705963135
0.9559209942817688
0.6720300912857056
0.7598125338554382
0.042588915675878525
0.13120527565479279
0.12731339037418365
0.140997976064682
0.35028600692749023
0.7930305004119873
0.3310565650463104
0.6987775564193726
0.21795359253883362
0.3239862322807312
0.6289142966270447
0.10518590360879898
0.6110041737556458
0.6805518865585327
0.5749419927597046
0.6948983669281006
0.3966921865940094
0.9421192407608032
0.8057611584663391
0.9671765565872192
0.5230482816696167
0.21315976977348328
0.6531016826629639
0.9617869257926941
0.7510321736335754
0.8458495140075684
0.8798112273216248
0.2615905702114105
0.6045575141906738
0.9602343440055847
0.24816274642944336
0.9892656207084656
0.7387099266052246
0.9999218583106995
0.45343130826950073
0.7537195682525635
0.5198409557342529
0.06638254225254059
0.9629844427108765
0.03842536732554436
0.9840191602706909
0.09019076824188232
0.6664819121360779
0.3512692153453827
0.38880062103271484
0.024117201566696167
0.7780418395996094
0.8662720918655396
0.8221893906593323
0.8761262893676758
0.8705329895019531
0.3192751705646515
0.9118585586547852
0.08970863372087479
0.6476127505302429
0.6295076608657837
0.8240176439285278
0.16965162754058838
0.4302482604980469
0.10645172744989395
0.9949408769607544
0.5401754975318909
0.21766522526741028
0.38187509775161743
0.5443503260612488
0.276921808719635
0.7092974185943604
0.6886748671531677
0.4332885146141052
0.11531022191047668
0.72320556640625
0.906773030757904
0.5433024168014526
0.5913527607917786
0.3938676118850708
0.6614681482315063
0.39327022433280945
0.023371338844299316
0.7681869268417358
0.8448910713195801
0.4530462324619293
0.6968895792961121
0.5353640913963318
0.20806579291820526
0.9550811052322388
0.1451611965894699
0.7732821702957153
0.4106071889400482
0.3544948995113373
0.44945117831230164
0.05797646939754486
0.5442625284194946
0.054701466113328934
0.2847777307033539
0.5382741093635559
0.7047607898712158
0.7459371089935303
0.060210440307855606
0.6468881368637085
0.3493677079677582
0.8924857378005981
0.7560040950775146
0.31768643856048584
0.7034836411476135
0.8800312876701355
0.3827635645866394
0.7770090699195862
0.44258254766464233
0.5964913964271545
0.3158964216709137
0.32359522581100464
0.8214091062545776
0.8675490021705627
0.35882052779197693
0.2336982935667038
0.3045576512813568
0.31856104731559753
0.9273226261138916
0.9399421215057373
0.831400454044342
0.3176082372665405
0.37747806310653687
0.6743179559707642
0.5668452978134155
0.9924799799919128
0.5783923268318176
0.718126118183136
0.043468475341796875
0.8443233370780945
0.19405268132686615
0.13259486854076385
0.6296879649162292
0.7079327702522278
0.27655214071273804
0.020441249012947083
0.9049448370933533
0.8349820971488953
0.7796422243118286
0.4946283996105194
0.2121095061302185
0.045236337929964066
0.9182982444763184
0.6271522641181946
0.545601487159729
0.3259957432746887
0.6031643152236938
0.17985033988952637
0.8295911550521851
0.4181685149669647
0.460953950881958
0.5774221420288086
0.5521451830863953
0.6467378735542297
0.13584263622760773
0.8682472109794617
0.7890385389328003
0.08355935662984848
0.4191783666610718
0.04000937566161156
0.5345886945724487
0.8089143633842468
0.5559548735618591
0.555621862411499
0.5671750903129578
0.8840209245681763
0.17828117311000824
0.36232706904411316
0.08185942471027374
0.6240504384040833
0.7636289000511169
0.5814175009727478
0.38634252548217773
0.3409882187843323
0.6808992624282837
0.9798340201377869
0.37820878624916077
0.34276533126831055
0.5771969556808472
0.0020903951954096556
0.6836985945701599
0.7990843653678894
0.48926302790641785
0.1717066764831543
0.4554927945137024
0.4372832179069519
0.5219497680664062
0.8410166501998901
0.14730770885944366
0.046792369335889816
0.7864199280738831
0.9223713278770447
0.08682635426521301
0.36557379364967346
0.5795968770980835
0.5291450619697571
0.4427664875984192
0.6595627665519714
0.700974702835083
0.9261204600334167
0.6232495903968811
0.6419312953948975
0.9252302050590515
0.5671778917312622
0.875490128993988
0.9860991835594177
0.8383602499961853
0.049368057399988174
0.5637415647506714
0.6939839124679565
0.9902785420417786
0.8353601694107056
0.6186976432800293
0.887353777885437
0.20189043879508972
0.9516645073890686
0.6170693635940552
0.4117097556591034
0.30872640013694763
0.9656108021736145
0.01424737460911274
0.12765923142433167
0.007299133576452732
0.17222826182842255
0.029375232756137848
0.23435206711292267
0.8068028688430786
0.03035357967019081
0.3549755811691284
0.30364876985549927
0.9863486289978027
0.5104233026504517
0.1508815586566925
0.4347169101238251
0.5852921009063721
0.9799193143844604
0.4140496253967285
0.5024698972702026
0.08371695876121521
0.03216744586825371
0.08510184288024902
0.44320952892303467
0.47227922081947327
0.004549408331513405
0.9761452078819275
0.38232821226119995
0.038328975439071655
0.67924964427948
0.45016613602638245
0.914768397808075
0.48792898654937744
0.7800863981246948
0.5790011286735535
0.8552218675613403
0.7833212018013
0.030001157894730568
0.36581316590309143
0.4230387210845947
0.058354318141937256
0.6176392436027527
0.9972223043441772
0.8318170309066772
0.24609103798866272
0.415515273809433
0.2744825482368469
0.8218190670013428
0.6140683889389038
0.5212021470069885
0.21716910600662231
0.3571213483810425
0.9159508347511292
0.35336533188819885
0.8713244795799255
0.5651160478591919
0.9572201371192932
0.3992752432823181
0.9132611155509949
0.3623362183570862
0.8141217231750488
0.8376355767250061
0.21569624543190002
0.4984322488307953
0.964948296546936
0.9436854124069214
0.9606191515922546
0.7145138382911682
0.2944958209991455
0.2587492763996124
0.3161090016365051
0.2210846245288849
0.30086061358451843
0.5393840670585632
0.7532786130905151
0.8831251859664917
0.9557765126228333
0.7322391271591187
0.7550630569458008
0.011683011427521706
0.4740895926952362
0.15504638850688934
0.9537432789802551
0.9258096218109131
0.8251550197601318
0.6098729372024536
0.4249420464038849
0.04872565343976021
0.010861110873520374
0.3960278332233429
0.08484136313199997
0.4439677298069
0.1879112869501114
0.5822464227676392
0.4247312545776367
0.46224239468574524
0.9534115195274353
0.007140374276787043
0.9749218225479126
0.7096690535545349
0.7527324557304382
0.9641863703727722
0.5928056240081787
0.3208802044391632
0.9711846709251404
0.08092355728149414
0.5773544311523438
0.58004230260849
0.9222760796546936
0.7414621114730835
0.09323948621749878
0.93077152967453
0.14662621915340424
0.7154470682144165
0.7684950828552246
0.8889297842979431
0.9618725180625916
0.7287136316299438
0.9943792819976807
0.648413360118866
0.892794668674469
0.8549526929855347
0.9525749087333679
0.49585533142089844
0.20795664191246033
0.20561031997203827
0.978272557258606
0.05853382498025894
0.9262121915817261
0.8632178902626038
0.6763731241226196
0.3412875235080719
0.9169912934303284
0.31804507970809937
0.6393870115280151
0.022221697494387627
0.8453464508056641
0.5812637209892273
0.6961051225662231
0.30258908867836
0.17042875289916992
0.5938327312469482
0.7213582992553711
0.8999330401420593
0.837864100933075
0.5850322842597961
0.5101516246795654
0.328704297542572
0.5996218919754028
0.8964539766311646
0.7238041758537292
0.5169538259506226
0.31697356700897217
0.9768725037574768
0.7686389088630676
0.8500137329101562
0.8321897387504578
0.6563905477523804
0.7454140186309814
0.003265318926423788
0.6350749731063843
0.44904014468193054
0.2070552408695221
0.8033149242401123
0.7885617017745972
0.28560104966163635
0.8858939409255981
0.9178566336631775
0.27592021226882935
0.6826393008232117
0.7079852223396301
0.9508405327796936
0.787305474281311
0.6862035393714905
0.38193851709365845
0.7166854739189148
0.7994144558906555
0.8378977179527283
0.06647995114326477
0.3955104351043701
0.4933551251888275
0.03709191083908081
0.30295416712760925
0.43787306547164917
0.6407876014709473
0.023466097190976143
0.06207172945141792
0.49991750717163086
0.7255221605300903
0.23314575850963593
0.1610630601644516
0.7839437127113342
0.7356348633766174
0.46314936876296997
0.09408604353666306
0.4275703728199005
0.7160802483558655
0.5676144361495972
0.40785783529281616
0.8498912453651428
0.283149778842926
0.48364442586898804
0.01306550670415163
0.17699034512043
0.08243799954652786
0.17516498267650604
0.8751310706138611
0.7430229187011719
0.11311084777116776
0.8639668822288513
0.9901967644691467
0.40650510787963867
0.7244359850883484
0.0005140512948855758
0.29037290811538696
0.20886152982711792
0.8871321678161621
0.6620132923126221
0.42083343863487244
0.43254414200782776
0.23692980408668518
0.5414089560508728
0.7252072095870972
0.3319493532180786
0.741797685623169
0.4024786353111267
0.25653666257858276
0.4798141121864319
0.5021998286247253
0.7646077871322632
0.7556781768798828
0.40876853466033936
0.34879183769226074
0.9699294567108154
0.3265778124332428
0.3510085642337799
0.04798893630504608
0.23608841001987457
0.37213224172592163
0.5565367341041565
0.5063163638114929
0.11287140846252441
0.9233761429786682
0.009696895256638527
0.20215004682540894
0.7753459215164185
0.7395561337471008
0.9384264945983887
0.114420086145401
0.7949135303497314
0.534554660320282
0.03727913275361061
0.6168279647827148
0.4166797697544098
0.5838659405708313
0.13306407630443573
0.05516398698091507
0.02642812207341194
0.6223859786987305
0.21186384558677673
0.8381690382957458
0.9282181859016418
0.1902572363615036
0.48420703411102295
0.619091272354126
0.8206321597099304
0.0160067081451416
0.4087029993534088
0.7917570471763611
0.24794764816761017
0.6712809205055237
0.06901249289512634
0.9290294051170349
0.6789320707321167
0.3004363775253296
0.9409310221672058
0.865456759929657
0.11876795440912247
0.30804091691970825
0.4922744035720825
0.4136051535606384
0.43689262866973877
0.4670965373516083
0.32999393343925476
0.1729343682527542
0.41180986166000366
0.8341720700263977
0.8864768147468567
0.4797988831996918
0.16059520840644836
0.7669252157211304
0.4106861352920532
0.6747313141822815
0.896964430809021
0.7923275232315063
0.13668328523635864
0.6674880981445312
0.6150921583175659
0.05025244876742363
0.9245074391365051
0.5954447388648987
0.19872242212295532
0.0864219218492508
0.23982906341552734
0.8924866914749146
0.5037724375724792
0.5272350907325745
0.9746887683868408
0.348805695772171
0.39056137204170227
0.5688320994377136
0.6570413112640381
0.847896933555603
0.5350870490074158
0.8018893599510193
0.6946962475776672
0.6767703294754028
0.22348740696907043
0.43344491720199585
0.591269850730896
0.5804402232170105
0.17009000480175018
0.5244683027267456
0.25501272082328796
0.8793431520462036
0.4535616338253021
0.6239262223243713
0.7487359046936035
0.9429996013641357
0.2861999273300171
0.4291906952857971
0.5847940444946289
0.07493774592876434
0.9337173104286194
0.45915594696998596
0.4576666057109833
0.3765847682952881
0.5036877393722534
0.043784987181425095
0.3831368386745453
0.954463005065918
0.27153676748275757
0.9168745875358582
0.6757383942604065
0.48194804787635803
0.4122926890850067
0.22695577144622803
0.6376079320907593
0.4671827256679535
0.6442788243293762
0.038755662739276886
0.02063535712659359
0.2979157567024231
0.3515421748161316
0.7166407108306885
0.17410172522068024
0.10186909884214401
0.5685804486274719
0.9421587586402893
0.2307463437318802
0.21769432723522186
0.2967512607574463
0.47021472454071045
0.4410416781902313
0.8688083291053772
0.025031765922904015
0.6696164608001709
0.06673156470060349
0.03340403363108635
0.12647609412670135
0.02131091058254242
0.7519105076789856
0.8820346593856812
0.7173064351081848
0.6864325404167175
0.9820048213005066
0.11573754996061325
0.482064425945282
0.48711225390434265
0.8101673126220703
0.07855404913425446
0.5857959985733032
0.0839894562959671
0.10677304118871689
0.7668308019638062
0.5315638184547424
0.9111238121986389
0.6890054941177368
0.4446449279785156
0.9273788928985596
0.7280175089836121
0.03392629697918892
0.2788679599761963
0.6582098007202148
0.37862610816955566
0.9155687093734741
0.2060684710741043
0.6052542924880981
0.6229772567749023
0.2747955322265625
0.8420754671096802
0.5534785985946655
0.6920686364173889
0.4410877823829651
0.8802094459533691
0.14337246119976044
0.7279831171035767
0.25022172927856445
0.6000498533248901
0.5628600716590881
0.7453200817108154
0.31119731068611145
0.22763225436210632
0.05511808767914772
0.19972991943359375
0.636657178401947
0.4560232162475586
0.46084585785865784
0.6148632764816284
0.15254461765289307
0.34049609303474426
0.882320761680603
0.02804914303123951
0.09083089977502823
0.9855093359947205
0.2785531282424927
0.16826535761356354
0.9404228329658508
0.00529726967215538
0.22924527525901794
0.2375398427248001
0.6809243559837341
0.28342369198799133
0.6398797035217285
0.5477786660194397
0.969228208065033
0.1756320744752884
0.8817926645278931
0.8717494606971741
0.8284612894058228
0.5731902122497559
0.5189001560211182
0.13795436918735504
0.33339402079582214
0.24419912695884705
0.1419711858034134
0.7207716107368469
0.37185126543045044
0.6101922392845154
0.6652253866195679
0.3491387963294983
0.8168123364448547
0.22218120098114014
0.04495259001851082
0.5781040787696838
0.39252200722694397
0.3189932405948639
0.08907381445169449
0.4792366325855255
0.8932070136070251
0.45125091075897217
0.658830463886261
0.26571571826934814
0.7633053064346313
0.5627588033676147
0.20746520161628723
0.23086276650428772
0.228352889418602
0.7574374675750732
0.9471785426139832
0.28805142641067505
0.6403092741966248
0.440608948469162
0.518997848033905
0.9383627772331238
0.7327144145965576
0.8640623092651367
0.3695802390575409
0.8393664956092834
0.0888853594660759
0.7522859573364258
0.437981516122818
0.2528916001319885
0.7740338444709778
0.25543737411499023
0.3905312418937683
0.826324999332428
0.6312001347541809
0.6430693864822388
0.7866302132606506
0.8026113510131836
0.4446662664413452
0.44677990674972534
0.4293504059314728
0.04639190062880516
0.5009121894836426
0.7653065323829651
0.6255170702934265
0.06611312180757523
0.6072099804878235
0.21829839050769806
0.06814887374639511
0.2694858908653259
0.8744331002235413
0.4359533488750458
0.06582649052143097
0.37524548172950745
0.3922906517982483
0.04799109697341919
0.4109680950641632
0.04634489864110947
0.22971437871456146
0.5727940797805786
0.6822900772094727
0.9304736852645874
0.46523889899253845
0.509792149066925
0.9149664640426636
0.054018571972846985
0.560289740562439
0.05881746485829353
0.8353370428085327
0.7080850005149841
0.3196888566017151
0.13779032230377197
0.6887990236282349
0.5601579546928406
0.28162622451782227
0.5533139109611511
0.3902846872806549
0.5663162469863892
0.8523241281509399
0.12449954450130463
0.6910628080368042
0.48729392886161804
0.9893348217010498
0.45102858543395996
0.6572521924972534
0.5303321480751038
0.5300460457801819
0.2996067702770233
0.37448766827583313
0.998328685760498
0.3064393699169159
0.8763431310653687
0.36789408326148987
0.4796704351902008
0.5835520625114441
0.5505833029747009
0.7942292094230652
0.9666866064071655
0.9950880408287048
0.4898765981197357
0.4696354568004608
0.09155216068029404
0.1854107826948166
0.9773821234703064
0.4846707880496979
0.4420682191848755
0.4213183522224426
0.953021764755249
0.9281598925590515
0.04092860966920853
0.45454517006874084
0.9214581251144409
0.972001314163208
0.5547823309898376
0.2594220042228699
0.7515846490859985
0.5389511585235596
0.0947708711028099
0.7357835173606873
0.8626894950866699
0.5851759910583496
0.9248870611190796
0.23448681831359863
0.12807925045490265
0.9630101919174194
0.5444119572639465
0.5883432626724243
0.9691198468208313
0.37498950958251953
0.938935399055481
0.28086206316947937
0.4766247570514679
0.6751257181167603
0.6811574697494507
0.6175147294998169
0.43326184153556824
0.6105114817619324
0.010324548929929733
0.5422772169113159
0.6502839922904968
0.49826163053512573
0.13942557573318481
0.7817647457122803
0.38047629594802856
0.46757301688194275
0.006560774985700846
0.6379398107528687
0.018276693299412727
0.07480937242507935
0.2352902591228485
0.6500239372253418
0.032407987862825394
0.9264866709709167
0.1670733541250229
0.7313452959060669
0.7168371677398682
0.7436420321464539
0.10123711824417114
0.8926166892051697
0.9800724983215332
0.4814804196357727
0.3531129062175751
0.4665317237377167
0.24600595235824585
0.9400151371955872
0.6280901432037354
0.7497523427009583
0.9045097231864929
0.40596723556518555
0.283909410238266
0.17546246945858002
0.24269512295722961
0.10644803941249847
0.9573545455932617
0.8327395915985107
0.7123587131500244
0.2577972710132599
0.3021945357322693
0.5933570265769958
0.5658813714981079
0.9184459447860718
0.3935829997062683
0.025814032182097435
0.874510645866394
0.4837390184402466
0.7519960999488831
0.18481725454330444
0.9674548506736755
0.06537702679634094
0.8590098023414612
0.7315601706504822
0.17811329662799835
0.10499443858861923
0.11515757441520691
0.17470403015613556
0.46630215644836426
0.3531078100204468
0.6675021052360535
0.028465451672673225
0.25497397780418396
0.15461985766887665
0.06982221454381943
0.7327136993408203
0.7778526544570923
0.9859665036201477
0.5640286803245544
0.22648896276950836
0.19166262447834015
0.8768370151519775
0.5839212536811829
0.47186028957366943
0.9037308096885681
0.09631465375423431
0.7931938767433167
0.7173525094985962
0.6228382587432861
0.031659457832574844
0.45467016100883484
0.2382361888885498
0.6424439549446106
0.35231927037239075
0.2119467705488205
0.024009007960557938
0.6276379823684692
0.896247923374176
0.7931638360023499
0.12527909874916077
0.6995815634727478
0.3339035212993622
0.4154837727546692
0.5146819353103638
0.49561694264411926
0.9537191987037659
0.285523384809494
0.9119531512260437
0.8004691004753113
0.09286365658044815
0.49095210433006287
0.790762186050415
0.23173964023590088
0.745122492313385
0.1324605494737625
0.11403576284646988
0.30953890085220337
0.1248447448015213
0.993872880935669
0.9571719765663147
0.6346723437309265
0.06620009988546371
0.7476541996002197
0.02936777099967003
0.47599518299102783
0.01869145594537258
0.227849543094635
0.8279196619987488
0.8570618033409119
0.02834687940776348
0.7659443020820618
0.9649545550346375
0.31902244687080383
0.845111608505249
0.1526498645544052
0.9500553607940674
0.9490180015563965
0.9172150492668152
0.8127552270889282
0.21925178170204163
0.9778117537498474
0.3803466856479645
0.735573410987854
0.01427597925066948
0.6007224321365356
0.04308285936713219
0.20422476530075073
0.5431289672851562
0.03992791101336479
0.9266132116317749
0.11635448783636093
0.03639502823352814
0.31570354104042053
0.9668838381767273
0.20177043974399567
0.7620007395744324
0.09685764461755753
0.07115693390369415
0.3183150887489319
0.5475915670394897
0.5942701697349548
0.10478459298610687
0.727203369140625
0.9490901231765747
0.5803443789482117
0.8402546048164368
0.39502736926078796
0.9649490118026733
0.5640192031860352
0.10682046413421631
0.20882673561573029
0.5602008104324341
0.45426610112190247
0.22190572321414948
0.13444563746452332
0.055340997874736786
0.15122556686401367
0.41574710607528687
0.7934303879737854
0.7458817958831787
0.6915392875671387
0.5825211405754089
0.45288097858428955
0.863463819026947
0.5813474655151367
0.6261031031608582
0.7169573307037354
0.915634036064148
0.24187563359737396
0.026150833815336227
0.5214381217956543
0.5046634674072266
0.22979117929935455
0.6085293292999268
0.5650973916053772
0.9543544054031372
0.7448514699935913
0.016449950635433197
0.5237864255905151
0.21418233215808868
0.19223831593990326
0.5281241536140442
0.14415861666202545
0.831200897693634
0.7920235991477966
0.2985200583934784
0.7969268560409546
0.18016879260540009
0.7350924611091614
0.26925644278526306
0.1901164948940277
0.6366795897483826
0.7202128767967224
0.04314868152141571
0.12824377417564392
0.23839953541755676
0.07246256619691849
0.9751068353652954
0.6612963676452637
0.28101596236228943
0.2849521040916443
0.8684025406837463
0.9519997239112854
0.19556450843811035
0.36857402324676514
0.8299093246459961
0.2981794476509094
0.36142396926879883
0.5682066082954407
0.7543864250183105
0.6920763254165649
0.7302834391593933
0.8338810205459595
0.6205849647521973
0.367774099111557
0.7442560195922852
0.043260589241981506
0.1773536652326584
0.0022361876908689737
0.4731465280056
0.9032820463180542
0.08459196239709854
0.31295496225357056
0.3971976637840271
0.5923362970352173
0.31051376461982727
0.7265456914901733
0.0001932142477016896
0.08307431638240814
0.13487984240055084
0.7444375157356262
0.701427698135376
0.46804818511009216
0.7615020275115967
0.5074794292449951
0.8969398140907288
0.11367485672235489
0.4850008189678192
0.125401571393013
0.9550788402557373
0.012617154978215694
0.8572755455970764
0.9504823684692383
0.7926487922668457
0.735863447189331
0.40349167585372925
0.9297880530357361
0.15793944895267487
0.7642435431480408
0.834271252155304
0.22899633646011353
0.4399791359901428
0.7249924540519714
0.27981239557266235
0.3102228045463562
0.1212194561958313
0.9765036702156067
0.9238834381103516
0.09454896301031113
0.5240290760993958
0.9081373810768127
0.8481643795967102
0.5419008731842041
0.8024144172668457
0.47678908705711365
0.04799510911107063
0.8732372522354126
0.3457653820514679
0.06846409291028976
0.8024641871452332
0.9853441715240479
0.9976179003715515
0.236045241355896
0.41510534286499023
0.8815944194793701
0.7320801615715027
0.7720109820365906
0.5222100615501404
0.25085264444351196
0.3949349522590637
0.33492258191108704
0.9115839600563049
0.6053377985954285
0.8771414756774902
0.7314658761024475
0.1979014277458191
0.8290755152702332
0.8193345665931702
0.06621960550546646
0.26037824153900146
0.3668693006038666
0.22393018007278442
0.04599442332983017
0.30310365557670593
0.9117227792739868
0.6977471709251404
0.10008540749549866
0.4292615056037903
0.5927421450614929
0.8584195375442505
0.550269365310669
0.013052418828010559
0.6964064240455627
0.8099433779716492
0.8816433548927307
0.9416124224662781
0.07157545536756516
0.5293668508529663
0.6170292496681213
0.2048453539609909
0.8215199112892151
0.5235621333122253
0.9417195916175842
0.7921020984649658
0.9542735815048218
0.5938310623168945
0.1858060508966446
0.7115116715431213
0.6249030232429504
0.9812419414520264
0.20328189432621002
0.9581707119941711
0.48635149002075195
0.7460202574729919
0.3068488836288452
0.7291871905326843
0.6229060888290405
0.6909846663475037
0.9474492073059082
0.04702514782547951
0.04808028042316437
0.40411877632141113
0.24867963790893555
0.6040260791778564
0.9931681156158447
0.9515286087989807
0.01962241344153881
0.0273554977029562
0.44101107120513916
0.7589378952980042
0.7651373744010925
0.676332950592041
0.0344136543571949
0.6824581027030945
0.37821733951568604
0.22704964876174927
0.7036774158477783
0.775142252445221
0.5220386385917664
0.5569090247154236
0.6781764030456543
0.33374398946762085
0.06951135396957397
0.05798228830099106
0.25036296248435974
0.7292578220367432
0.5801195502281189
0.6146306991577148
0.008858740329742432
0.6894609332084656
0.4024266302585602
0.25157275795936584
0.19950510561466217
0.7954767346382141
0.6682344079017639
0.915897011756897
0.14157967269420624
0.502255916595459
0.13465622067451477
0.3847281336784363
0.1766294538974762
0.2841953635215759
0.6832355260848999
0.396985799074173
0.8230918049812317
0.6390953063964844
0.29621437191963196
0.45598939061164856
0.060040462762117386
0.9117957949638367
0.8924755454063416
0.6855461597442627
0.15461811423301697
0.6976412534713745
0.12444119155406952
0.4166427552700043
0.9100787043571472
0.7124073505401611
0.76962810754776
0.03949419781565666
0.7359046936035156
0.2883768677711487
0.0202482882887125
0.9166471362113953
0.5242186188697815
0.10853838920593262
0.8822705149650574
0.2355271875858307
0.6168753504753113
0.8715716004371643
0.975928783416748
0.6174983382225037
0.6037940382957458
0.8483880162239075
0.26208722591400146
0.3582113981246948
0.5699297785758972
0.16791662573814392
0.10578104853630066
0.91251140832901
0.5666388273239136
0.5979044437408447
0.17868271470069885
0.6978080868721008
0.11516458541154861
0.6062841415405273
0.9128325581550598
0.27985382080078125
0.6619764566421509
0.47776374220848083
0.4851398468017578
0.4716232120990753
0.18681763112545013
0.3371230363845825
0.29320085048675537
0.31673598289489746
0.06932426244020462
0.7304890751838684
0.4561235308647156
0.055078618228435516
0.3889724612236023
0.5443301200866699
0.25707441568374634
0.6310796141624451
0.0569702573120594
0.9433101415634155
0.21500080823898315
0.6079956293106079
0.73219895362854
0.4397997260093689
0.5815438628196716
0.5294492840766907
0.9103013277053833
0.715158224105835
0.06268185377120972
0.9056397676467896
0.735770583152771
0.10139206796884537
0.39673247933387756
0.3535318672657013
0.5381707549095154
0.9219256043434143
0.9607083201408386
0.09011057019233704
0.24442610144615173
0.5891771912574768
0.093351811170578
0.9396926760673523
0.12496274709701538
0.4934687316417694
0.4416530430316925
0.19435381889343262
0.10522844642400742
0.5397913455963135
0.6991870999336243
0.6922687292098999
0.30525124073028564
0.4163223206996918
0.37678077816963196
0.200110524892807
0.1497916579246521
0.06087582930922508
0.39006704092025757
0.502384603023529
0.28174424171447754
0.8864675164222717
0.46324363350868225
0.012448922730982304
0.9618775844573975
0.8500556945800781
0.5333633422851562
0.6153493523597717
0.4614315927028656
0.427275687456131
0.2690141201019287
0.5866410732269287
0.5051532983779907
0.31036868691444397
0.8932356238365173
0.43248268961906433
0.2107752114534378
0.7053956985473633
0.927524209022522
0.10433696210384369
0.4023062288761139
0.2775114178657532
0.47727668285369873
0.36195108294487
0.9276325702667236
0.7893970012664795
0.4929814338684082
0.12462243437767029
0.7520828247070312
0.26160284876823425
0.0015101928729563951
0.7949993014335632
0.45666664838790894
0.2990885078907013
0.5848370790481567
0.2974300980567932
0.841005802154541
0.6531964540481567
0.5427107214927673
0.7489017248153687
0.5200739502906799
0.570356547832489
0.7799833416938782
0.7415850162506104
0.39424046874046326
0.8262885808944702
0.22238090634346008
0.12069447338581085
0.1722259819507599
0.7365697026252747
0.9303674697875977
0.18614575266838074
0.925771176815033
0.1943715661764145
0.4365769624710083
0.2781732380390167
0.1822354644536972
0.575629472732544
0.48449933528900146
0.24473144114017487
0.8409633040428162
0.6300971508026123
0.9200701117515564
0.5146558880805969
0.8253006339073181
0.571624755859375
0.3266589343547821
0.7774232625961304
0.31277182698249817
0.40810176730155945
0.7140273451805115
0.9252136945724487
0.17603251338005066
0.06391658633947372
0.43606606125831604
0.09407268464565277
0.6603582501411438
0.33906885981559753
0.303189754486084
0.25990521907806396
0.9011938571929932
0.6905274987220764
0.05326666682958603
0.45377299189567566
0.5923875570297241
0.3904803693294525
0.9686453938484192
0.5208941102027893
0.29470914602279663
0.06674982607364655
0.3053337037563324
0.8101841807365417
0.6788777112960815
0.9312949776649475
0.28391873836517334
0.9813594222068787
0.4798843562602997
0.40713340044021606
0.42011943459510803
0.47726330161094666
0.49471786618232727
0.5962551236152649
0.10713893920183182
0.24511562287807465
0.6584900617599487
0.6220945119857788
0.5624579787254333
0.10108557343482971
0.7928434610366821
0.33805060386657715
0.8921316266059875
0.700312077999115
0.9387831091880798
0.842598557472229
0.19239382445812225
0.1419944167137146
0.8500585556030273
0.7522358894348145
0.7831352353096008
0.35321536660194397
0.9761030673980713
0.39607250690460205
0.37123164534568787
0.6696852445602417
0.8431472182273865
0.10123921185731888
0.15529054403305054
0.9430601596832275
0.27520105242729187
0.6848833560943604
0.24509167671203613
0.5836244821548462
0.4414302706718445
0.2472439855337143
0.6747099161148071
0.7568058371543884
0.05942468345165253
0.9485142827033997
0.03617830574512482
0.8896099328994751
0.44540783762931824
0.45394885540008545
0.5308533906936646
0.8494642376899719
0.5109783411026001
0.004058117978274822
0.2468518167734146
0.47894957661628723
0.5876917839050293
0.5738770961761475
0.2344307154417038
0.11705029755830765
0.025432966649532318
0.8757060766220093
0.9897669553756714
0.4139645993709564
0.6024370193481445
0.48314493894577026
0.7046303749084473
0.328363835811615
0.7648069262504578
0.9212918877601624
0.564312219619751
0.9315471649169922
0.8920480608940125
0.41753089427948
0.6311399340629578
0.15312306582927704
0.8060330748558044
0.585468053817749
0.5026264786720276
0.04792781546711922
0.6233828067779541
0.3571661710739136
0.2756062150001526
0.3826944828033447
0.9765405058860779
0.2930167317390442
0.3234240412712097
0.30360493063926697
0.3709768056869507
0.3317490220069885
0.2482873946428299
0.6829401254653931
0.08939171582460403
0.2721231281757355
0.010932615958154202
0.8100029230117798
0.17398345470428467
0.0027674243319779634
0.22071996331214905
0.5320043563842773
0.5171388387680054
0.22931520640850067
0.7733075022697449
0.8565630316734314
0.41106534004211426
0.2666206955909729
0.19464629888534546
0.4247356653213501
0.5975935459136963
0.8883467316627502
0.7413487434387207
0.621623158454895
0.46659597754478455
0.965119481086731
0.9417595267295837
0.24344702064990997
0.8947189450263977
0.2403389811515808
0.5217258930206299
0.5342151522636414
0.2746431231498718
0.0014911371981725097
0.6736958026885986
0.5156787037849426
0.8515480160713196
0.20405535399913788
0.49119433760643005
0.00604650005698204
0.6681129932403564
0.20316563546657562
0.3431277871131897
0.3663184940814972
0.14935360848903656
0.8065982460975647
0.6342096924781799
0.8419443964958191
0.8207049369812012
0.9716745018959045
0.4372415244579315
0.6225764751434326
0.4861447811126709
0.1357690989971161
0.7955210208892822
0.11074420809745789
0.6799401044845581
0.14238674938678741
0.14692921936511993
0.6330140233039856
0.22061687707901
0.8973314166069031
0.45963379740715027
0.41453367471694946
0.42968228459358215
0.0756208747625351
0.5983858704566956
0.6319370269775391
0.09992967545986176
0.9257128238677979
0.22030772268772125
0.9606847763061523
0.2950758934020996
0.05842750892043114
0.7243527173995972
0.7096563577651978
0.9173394441604614
0.7157543301582336
0.19899101555347443
0.30499503016471863
0.5120427012443542
0.2559063732624054
0.99744713306427
0.11955049633979797
0.8233326077461243
0.4728652834892273
0.2879062294960022
0.9585662484169006
0.915593683719635
0.21484491229057312
0.27071815729141235
0.9311066269874573
0.3930246829986572
0.4916228652000427
0.5406798124313354
0.16975972056388855
0.008639456704258919
0.29684966802597046
0.8343918919563293
0.6980388164520264
0.36802005767822266
0.3078365623950958
0.8191655278205872
0.8111229538917542
0.17041827738285065
0.09799040853977203
0.39081212878227234
0.25930607318878174
0.8000705242156982
0.38907700777053833
0.18859563767910004
0.053544364869594574
0.7505301237106323
0.5600840449333191
0.3219311535358429
0.46801039576530457
0.492106556892395
0.9090782403945923
0.4798310697078705
0.8940426111221313
0.5931524634361267
0.4990798234939575
0.6132283210754395
0.7154394388198853
0.31656551361083984
0.5876637697219849
0.9449508190155029
0.9510986804962158
0.2027931660413742
0.8714931011199951
0.5622474551200867
0.43802547454833984
0.30343103408813477
0.47950613498687744
0.7085495591163635
0.3899238407611847
0.7167211174964905
0.6133605241775513
0.006771542597562075
0.7062349915504456
0.3869868218898773
0.15281051397323608
0.2306932806968689
0.02250918187201023
0.6341930627822876
0.26207882165908813
0.715684175491333
0.888481616973877
0.5252522826194763
0.6502252221107483
0.7724863886833191
0.3827761113643646
0.14648394286632538
0.29061490297317505
0.7603740096092224
0.9886201024055481
0.8747377395629883
0.3434555232524872
0.17179183661937714
0.3022457957267761
0.1809917390346527
0.6408520340919495
0.7817218899726868
0.9897215962409973
0.966289758682251
0.14204518496990204
0.6681113839149475
0.6265556216239929
0.9663335084915161
0.9115918874740601
0.9369585514068604
0.273444801568985
0.8409755825996399
0.3523554503917694
0.9836025834083557
0.970005989074707
0.6485133171081543
0.8268647193908691
0.08136892318725586
0.8152356743812561
0.44109463691711426
0.2575294077396393
0.6895645260810852
0.12384236603975296
0.4223394989967346
0.10944101959466934
0.7521870136260986
0.2748647630214691
0.7548969984054565
0.38524407148361206
0.10560858249664307
0.09957768768072128
0.17439429461956024
0.358654260635376
0.4630548655986786
0.5854328870773315
0.20945604145526886
0.6788575649261475
0.5721532106399536
0.9848158955574036
0.5158224701881409
0.7204771041870117
0.32017603516578674
0.8211325407028198
0.2590358257293701
0.6962567567825317
0.27902156114578247
0.39096954464912415
0.8221358060836792
0.2113812267780304
0.16638347506523132
0.8100972175598145
0.7501588463783264
0.8341281414031982
0.16043829917907715
0.9652343988418579
0.5611517429351807
0.21152940392494202
0.536266565322876
0.9024921655654907
0.2801991105079651
0.25956740975379944
0.8370361924171448
0.4873429536819458
0.42152708768844604
0.8301432728767395
0.951124906539917
0.4447108805179596
0.3811284899711609
0.804816484451294
0.06813612580299377
0.5738415718078613
0.3686496615409851
0.8221817016601562
0.09285038709640503
0.9401509761810303
0.6653845310211182
0.15723125636577606
0.1021602600812912
0.9412215352058411
0.11073420941829681
0.5666228532791138
0.8277285099029541
0.008036352694034576
0.42581647634506226
0.6467317938804626
0.0884927436709404
0.8192852735519409
0.07282602787017822
0.125478133559227
0.8891118764877319
0.3272961974143982
0.9557444453239441
0.08206675946712494
0.5026315450668335
0.38152965903282166
0.913455605506897
0.5379164814949036
0.5895345211029053
0.29086431860923767
0.8137391805648804
0.6918815970420837
0.9047423005104065
0.6323461532592773
0.8721620440483093
0.2400948405265808
0.8787159323692322
0.8696940541267395
0.7718716263771057
0.9161018133163452
0.9734780788421631
0.3886060118675232
0.5395529270172119
0.3364059329032898
0.38717371225357056
0.295584112405777
0.3568609356880188
0.0210210382938385
0.3724640905857086
0.8646659851074219
0.9830424785614014
0.2119598537683487
0.704142689704895
0.37709179520606995
0.9486832022666931
0.6514970064163208
0.7450491189956665
0.7925208806991577
0.3070414960384369
0.37479692697525024
0.50850510597229
0.6617472767829895
0.3977416753768921
0.15931205451488495
0.010926764458417892
0.10014815628528595
0.8496062159538269
0.6274330019950867
0.3867441415786743
0.9234405755996704
0.09871242195367813
0.6815590262413025
0.5957610607147217
0.5776697397232056
0.3017115890979767
0.6609587073326111
0.11733537167310715
0.34349504113197327
0.0017876598285511136
0.30330267548561096
0.9383746385574341
0.6929182410240173
0.9121655225753784
0.6776431202888489
0.8758006691932678
0.3616834282875061
0.28973710536956787
0.24904239177703857
0.7549993991851807
0.2960895895957947
0.4211832284927368
0.12487844377756119
0.7256520390510559
0.2069331556558609
0.4681825339794159
0.7626059055328369
0.6852761507034302
0.04775923117995262
0.47974228858947754
0.5098857283592224
0.44466787576675415
0.043756015598773956
0.6394012570381165
0.2770305871963501
0.36179396510124207
0.42918601632118225
0.11753883212804794
0.9672865867614746
0.015887396410107613
0.14331084489822388
0.49250397086143494
0.11502763628959656
0.02414388582110405
0.030041972175240517
0.34749123454093933
0.08646764606237411
0.48359814286231995
0.10591112077236176
0.6018126010894775
0.07573244720697403
0.07494188100099564
0.10857007652521133
0.56110018491745
0.8872677683830261
0.9995394349098206
0.7682834267616272
0.8061007261276245
0.32383695244789124
0.1292046159505844
0.9117335081100464
0.6303448677062988
0.5626969337463379
0.3859451711177826
0.7203066349029541
0.7429402470588684
0.5516591668128967
0.7767930626869202
0.3458266854286194
0.32025861740112305
0.3671165108680725
0.6545541882514954
0.23184482753276825
0.71119225025177
0.9290333390235901
0.94209885597229
0.8192743062973022
0.6591652631759644
0.09865149855613708
0.6618897318840027
0.943708062171936
0.6507078409194946
0.6400665640830994
0.9296865463256836
0.06940343976020813
0.51633220911026
0.10381508618593216
0.22317619621753693
0.871511697769165
0.9933425188064575
0.33446040749549866
0.5079964399337769
0.6539280414581299
0.6200860738754272
0.5430088639259338
0.8044471740722656
0.6820068955421448
0.48821166157722473
0.9089909195899963
0.15275238454341888
0.6151406168937683
0.5577534437179565
0.17506955564022064
0.9395017623901367
0.55018150806427
0.11318330466747284
0.47408321499824524
0.5758028626441956
0.7390220165252686
0.5047195553779602
0.36639460921287537
0.524501621723175
0.2323586493730545
0.8558306097984314
0.34611865878105164
0.12741346657276154
0.5567402243614197
0.6892648339271545
0.12406675517559052
0.5713684558868408
0.8971243500709534
0.704634428024292
0.9018024206161499
0.5633875131607056
0.5713663697242737
0.9848358631134033
0.9695929288864136
0.9952600598335266
0.86272794008255
0.7627549767494202
0.21258054673671722
0.7256870269775391
0.5812345147132874
0.6877015829086304
0.3759181499481201
0.6823862791061401
0.36245134472846985
0.19110806286334991
0.6629824042320251
0.8779752254486084
0.07794154435396194
0.39667102694511414
0.8286870718002319
0.10831146687269211
0.06957166641950607
0.15745992958545685
0.03165357932448387
0.7747885584831238
0.15247957408428192
0.6076945662498474
0.3668929934501648
0.8178161382675171
0.2170948088169098
0.60018390417099
0.24952135980129242
0.45669469237327576
0.03091370314359665
0.4798487722873688
0.16725173592567444
0.7729343175888062
0.6397567391395569
0.5992485880851746
0.6609792113304138
0.11081084609031677
0.7679615616798401
0.8316309452056885
0.700158417224884
0.966910183429718
0.4661720395088196
0.31880900263786316
0.45887088775634766
0.5911524891853333
0.02506856620311737
0.4211374521255493
0.7609812617301941
0.572776734828949
0.7924841642379761
0.3983813524246216
0.7413246035575867
0.3378838002681732
0.8641390204429626
0.9504975080490112
0.030891545116901398
0.7452619075775146
0.7182392477989197
0.584003746509552
0.8459795713424683
0.6768292784690857
0.08485741913318634
0.903959333896637
0.35824692249298096
0.2928065061569214
0.9417427778244019
0.11226268857717514
0.10546166449785233
0.14409713447093964
0.9662869572639465
0.18917743861675262
0.9668822288513184
0.5269052982330322
0.9679073095321655
0.07763543725013733
0.2902761697769165
0.8869122266769409
0.11285767704248428
0.5265764594078064
0.8402571082115173
0.2823205292224884
0.8648735880851746
0.1712905317544937
0.6593068242073059
0.9515275359153748
0.5182445049285889
0.6510130763053894
0.9950924515724182
0.6196914315223694
0.25807222723960876
0.5783599019050598
0.26726409792900085
0.5229302644729614
0.4496280252933502
0.8923864364624023
0.29118356108665466
0.8688022494316101
0.1171497106552124
0.5285577178001404
0.4468078315258026
0.09881807863712311
0.2278759926557541
0.4324113428592682
0.08570647239685059
0.6541107296943665
0.08160682022571564
0.2137361317873001
0.809615969657898
0.5474234819412231
0.4806540012359619
0.1783943921327591
0.652056872844696
0.7537315487861633
0.4640747308731079
0.39570415019989014
0.664522647857666
0.8153671026229858
0.59757000207901
0.11524967849254608
0.7688133120536804
0.5933830142021179
0.16023807227611542
0.16081452369689941
0.36837854981422424
0.618899405002594
0.7234269976615906
0.7357380390167236
0.9759388566017151
0.49228259921073914
0.09267900139093399
0.07153324037790298
0.8122731447219849
0.5688726902008057
0.36600226163864136
0.6065030097961426
0.75300133228302
0.7471112608909607
0.8019633293151855
0.10817955434322357
0.014863656833767891
0.6368198394775391
0.05210854858160019
0.9611510634422302
0.6561457514762878
0.47781500220298767
0.41272905468940735
0.5521211624145508
0.7598296403884888
0.7714319825172424
0.8358342051506042
0.2789040803909302
0.9139105081558228
0.4356237053871155
0.4640657901763916
0.5307433009147644
0.48125356435775757
0.8308764100074768
0.7183794379234314
0.0030082124285399914
0.08122575283050537
0.05858023464679718
0.15261001884937286
0.8920400142669678
0.26329219341278076
0.7723565697669983
0.9557937383651733
0.7670252919197083
0.2875310182571411
0.4442487359046936
0.9120603799819946
0.8245970606803894
0.09089355915784836
0.9341363906860352
0.09120643883943558
0.5688544511795044
0.2917206585407257
0.6312299966812134
0.05946256220340729
0.10531574487686157
0.7302438616752625
0.8208742737770081
0.5274812579154968
0.3270503878593445
0.6620065569877625
0.34926125407218933
0.4383659064769745
0.36017683148384094
0.26542389392852783
0.6917210221290588
0.1019897609949112
0.6331467628479004
0.1323181837797165
0.17737139761447906
0.49841809272766113
0.8387936353683472
0.04576603323221207
0.528525710105896
0.1563938409090042
0.01742645353078842
0.6923081874847412
0.022513100877404213
0.4695773124694824
0.31188660860061646
0.3864632546901703
0.7313650250434875
0.917800784111023
0.42192643880844116
0.7504429221153259
0.7646147012710571
0.5040789842605591
0.45636141300201416
0.7456150650978088
0.34649237990379333
0.026196377351880074
0.037606507539749146
0.8184309601783752
0.695376992225647
0.016306407749652863
0.1682557314634323
0.2525586485862732
0.8623162508010864
0.33421042561531067
0.16737031936645508
0.8971800804138184
0.3829636871814728
0.3906412720680237
0.2523370087146759
0.5578147172927856
0.012349454686045647
0.309964120388031
0.07279631495475769
0.051185689866542816
0.8893426060676575
0.45373472571372986
0.4685510993003845
0.7714360952377319
0.13403308391571045
0.289360374212265
0.2903951108455658
0.27858486771583557
0.5566863417625427
0.32917338609695435
0.9221738576889038
0.9365460872650146
0.12400505691766739
0.6601124405860901
0.8693604469299316
0.22238579392433167
0.9060296416282654
0.37401995062828064
0.34911659359931946
0.5307872891426086
0.1554248183965683
0.6973484754562378
0.40085193514823914
0.5843473672866821
0.3486410081386566
0.7833447456359863
0.25246280431747437
0.30369946360588074
0.6493334174156189
0.26819249987602234
0.23351936042308807
0.24831029772758484
0.06047474592924118
0.2740051746368408
0.12761741876602173
0.8880963325500488
0.8584432005882263
0.6534603238105774
0.6336445212364197
0.9532985687255859
0.9396041631698608
0.3150283992290497
0.2062801718711853
0.18449829518795013
0.630706787109375
0.9468970894813538
0.18846090137958527
0.8948700428009033
0.20594458281993866
0.16748201847076416
0.6381683349609375
0.8533253073692322
0.0917237401008606
0.09212072193622589
0.9018946290016174
0.07667667418718338
0.49989041686058044
0.2492329180240631
0.22602708637714386
0.893743097782135
0.006563825067132711
0.8984270691871643
0.00858885794878006
0.13637858629226685
0.7157370448112488
0.3592912554740906
0.3032718300819397
0.7295710444450378
0.13581646978855133
0.3665804862976074
0.1835290938615799
0.11654265224933624
0.015225619077682495
0.48358353972435
0.26687267422676086
0.5086650252342224
0.22204725444316864
0.14120624959468842
0.581378161907196
0.7318674921989441
0.9180467128753662
0.34545618295669556
0.9978501796722412
0.814919650554657
0.4716377258300781
0.6443777680397034
0.9879796504974365
0.20172347128391266
0.3776243031024933
0.350385844707489
0.4403005838394165
0.9795570373535156
0.1448768526315689
0.6242126822471619
0.2774825096130371
0.5205919742584229
0.36704713106155396
0.6409978866577148
0.5321298837661743
0.8552759289741516
0.5998498797416687
0.3173501193523407
0.4193778932094574
0.3701428771018982
0.4642818570137024
0.14035972952842712
0.15282036364078522
0.4750758707523346
0.6881691813468933
0.6750311851501465
0.18247759342193604
0.39688605070114136
0.9503913521766663
0.5605824589729309
0.6337100267410278
0.9795957803726196
0.7898285388946533
0.4386526346206665
0.9969842433929443
0.4361957907676697
0.41724342107772827
0.9185032844543457
0.7731630206108093
0.37296062707901
0.9493033289909363
0.9094421863555908
0.312965452671051
0.7184464931488037
0.5915520787239075
0.731463611125946
0.9452986121177673
0.16697615385055542
0.40084585547447205
0.5727804899215698
0.9877678751945496
0.4232288897037506
0.006783819757401943
0.2617356777191162
0.1302034556865692
0.9808567762374878
0.9521248936653137
0.04924574866890907
0.8362952470779419
0.30834925174713135
0.8200706839561462
0.6555269956588745
0.8702757358551025
0.62082439661026
0.6894097328186035
0.24965864419937134
0.17264783382415771
0.4649880826473236
0.16125154495239258
0.9640278816223145
0.1987484097480774
0.4368927776813507
0.5239675641059875
0.6750102639198303
0.3976091742515564
0.6908533573150635
0.593702495098114
0.6702772974967957
0.12075147032737732
0.23061618208885193
0.49942725896835327
0.41619110107421875
0.1389244645833969
0.44028139114379883
0.7732997536659241
0.5304315686225891
0.4760001599788666
0.5089473128318787
0.6717297434806824
0.44543206691741943
0.5293211340904236
0.5243811011314392
0.46313178539276123
0.10700477659702301
0.8201926350593567
0.8472062349319458
0.09134430438280106
0.9908226728439331
0.019719982519745827
0.5588363409042358
0.28851377964019775
0.1909191608428955
0.44715291261672974
0.6608991622924805
0.6489365100860596
0.9437149167060852
0.729056179523468
0.4745766818523407
0.548802375793457
0.4740774631500244
0.9672237038612366
0.6166878938674927
0.43127667903900146
0.06302985548973083
0.03493836894631386
0.2706773281097412
0.6049839854240417
0.549920916557312
0.2052621990442276
0.8217544555664062
0.08273795247077942
0.14666584134101868
0.38526925444602966
0.9546321630477905
0.9235485792160034
0.900985062122345
0.8599123954772949
0.20833942294120789
0.4899568259716034
0.4495532810688019
0.5397246479988098
0.8278883695602417
0.17601962387561798
0.7799951434135437
0.6644651889801025
0.8486940264701843
0.24570167064666748
0.20897096395492554
0.04229344427585602
0.059170711785554886
0.6446110010147095
0.22447845339775085
0.13484929502010345
0.4429163634777069
0.45248860120773315
0.01449497602880001
0.2924236059188843
0.5708804726600647
0.4620228409767151
0.37366771697998047
0.2860092520713806
0.54605633020401
0.42344704270362854
0.04390404373407364
0.9286299347877502
0.9644570350646973
0.8528474569320679
0.9219565391540527
0.32802459597587585
0.27150487899780273
0.3546888530254364
0.2868393659591675
0.30817723274230957
0.3865223228931427
0.24824738502502441
0.32619670033454895
0.48538216948509216
0.025142256170511246
0.9463514089584351
0.4533730447292328
0.19242052733898163
0.5041007995605469
0.42278629541397095
0.5230599641799927
0.6126961708068848
0.19109900295734406
0.5311725735664368
0.22518712282180786
0.49599701166152954
0.9625762104988098
0.45064789056777954
0.853575587272644
0.4637761414051056
0.14616110920906067
0.015432816930115223
0.6876543164253235
0.33783161640167236
0.33175575733184814
0.09512411057949066
0.8518243432044983
0.6602168083190918
0.06823483109474182
0.34290245175361633
0.8662288784980774
0.19073162972927094
0.7345036864280701
0.6704241037368774
0.07057508826255798
0.5891749858856201
0.4984913170337677
0.45083895325660706
0.5910816788673401
0.05510266125202179
0.14523792266845703
0.43784162402153015
0.8301059007644653
0.7512667179107666
0.4104793667793274
0.11776555329561234
0.2553229331970215
0.7240397930145264
0.2411613017320633
0.9152966737747192
0.6829162836074829
0.01971973292529583
0.12237010896205902
0.6036059856414795
0.3095035254955292
0.47310853004455566
0.4026787281036377
0.8497911691665649
0.782026469707489
0.7682468295097351
0.8197712302207947
0.39482882618904114
0.5187405347824097
0.088191919028759
0.5846119523048401
0.021326597779989243
0.47444936633110046
0.7755224108695984
0.4252611994743347
0.8441086411476135
0.2235126793384552
0.40366488695144653
0.10186927765607834
0.8086481094360352
0.07788051664829254
0.15079350769519806
0.9495121240615845
0.38284826278686523
0.22664910554885864
0.2435605525970459
0.2095896154642105
0.830270528793335
0.6780441403388977
0.9355471134185791
0.3201742470264435
0.3992820382118225
0.0494304820895195
0.45720282196998596
0.9040288329124451
0.18710708618164062
0.4274296760559082
0.4737432599067688
0.6401738524436951
0.29760223627090454
0.35934507846832275
0.5865537524223328
0.46680182218551636
0.4293171465396881
0.14103534817695618
0.9602437019348145
0.4345324635505676
0.08592381328344345
0.7325612902641296
0.05888031795620918
0.0004102580714970827
0.42461976408958435
0.5254701375961304
0.059857726097106934
0.4911938011646271
0.3868793249130249
0.7906592488288879
0.521426796913147
0.15248505771160126
0.29922065138816833
0.5158369541168213
0.8058776259422302
0.4358818531036377
0.1134156808257103
0.541152834892273
0.7476916909217834
0.8238978981971741
0.3407694399356842
0.35049256682395935
0.38245177268981934
0.6556450724601746
0.13078519701957703
0.12492362409830093
0.4410247802734375
0.7014238834381104
0.332554429769516
0.8317475318908691
0.4291992485523224
0.021304577589035034
0.9036036729812622
0.7585575580596924
0.1826394945383072
0.67085862159729
0.6737369894981384
0.3344367742538452
0.948833703994751
0.21519730985164642
0.013481241650879383
0.6832368969917297
0.44190114736557007
0.29624319076538086
0.2505587041378021
0.7895203828811646
0.24012428522109985
0.23777680099010468
0.25067487359046936
0.0760154277086258
0.613527238368988
0.6226685643196106
0.7516737580299377
0.2962304651737213
0.8778488636016846
0.08098814636468887
0.4684109687805176
0.6255651712417603
0.3393406569957733
0.35571733117103577
0.32616791129112244
0.002314421348273754
0.858755350112915
0.08553317934274673
0.6414934396743774
0.16806209087371826
0.044992562383413315
0.19504868984222412
0.5538248419761658
0.9516818523406982
0.3233855068683624
0.3762264847755432
0.9221447110176086
0.9103987216949463
0.2907401919364929
0.3179332911968231
0.6467260122299194
0.6228947639465332
0.1755259782075882
0.69877028465271
0.14542093873023987
0.786305844783783
0.42905092239379883
0.32059964537620544
0.8718916773796082
0.8781205415725708
0.7244827747344971
0.6089938879013062
0.6194498538970947
0.7602176666259766
0.5576303005218506
0.5238665342330933
0.13128620386123657
0.08238406479358673
0.2168741524219513
0.5729780793190002
0.7246832847595215
0.9889526963233948
0.26531708240509033
0.20928147435188293
0.9663779735565186
0.7606706619262695
0.616474449634552
0.7110491394996643
0.5923489928245544
0.7821353077888489
0.30488380789756775
0.8511849045753479
0.16311891376972198
0.5018545389175415
0.28739532828330994
0.7434366941452026
0.7686319947242737
0.0772148072719574
0.9810519218444824
0.16539593040943146
0.16856905817985535
0.7848390936851501
0.014019528403878212
0.30897605419158936
0.3183366358280182
0.890416145324707
0.0029775979928672314
0.8017527461051941
0.11981817334890366
0.17824280261993408
0.8084273934364319
0.6786382794380188
0.9469939470291138
0.37784841656684875
0.680036187171936
0.30188173055648804
0.6558787226676941
0.37989145517349243
0.9920624494552612
0.32084161043167114
0.5404473543167114
0.05709047242999077
0.07634460180997849
0.4542483985424042
0.8613276481628418
0.12062076479196548
0.2672308385372162
0.03232641890645027
0.8176770210266113
0.09834764897823334
0.18945951759815216
0.15988658368587494
0.705657958984375
0.5028321146965027
0.8991942405700684
0.9272337555885315
0.13395628333091736
0.711122453212738
0.31601935625076294
0.9071604609489441
0.8087902665138245
0.0521496944129467
0.990233838558197
0.1039995327591896
0.6939972639083862
0.3005879521369934
0.18612152338027954
0.15801601111888885
0.7613164782524109
0.057894401252269745
0.6615215539932251
0.8439520597457886
0.8721054196357727
0.3624612092971802
0.3286095857620239
0.23694375157356262
0.1675398349761963
0.7584583163261414
0.5606528520584106
0.8155156970024109
0.09329263120889664
0.2495076060295105
0.8520374894142151
0.9762898683547974
0.541784405708313
0.9177780151367188
0.33301252126693726
0.04589713364839554
0.9845616221427917
0.5286434292793274
0.5996683835983276
0.39781326055526733
0.8929591774940491
0.18456339836120605
0.3439304530620575
0.3993127942085266
0.35236459970474243
0.43528592586517334
0.40448352694511414
0.9812816381454468
0.8099573850631714
0.9703627824783325
0.14913307130336761
0.7253095507621765
0.48237624764442444
0.046494610607624054
0.9077135324478149
0.5900256633758545
0.37232980132102966
0.03172881901264191
0.2302224338054657
0.21580609679222107
0.9503639340400696
0.9217597246170044
0.33501842617988586
0.32855483889579773
0.07401694357395172
0.5486633777618408
0.8738596439361572
0.2556580901145935
0.8843307495117188
0.7110859751701355
0.8746475577354431
0.9231858849525452
0.9730982780456543
0.7696692943572998
0.01403354573994875
0.1749088615179062
0.4577232301235199
0.6896401643753052
0.7422429919242859
0.39404696226119995
0.4179917573928833
0.6108984351158142
0.9234815239906311
0.7446734309196472
0.5058222413063049
0.7962126135826111
0.388356477022171
0.03328772634267807
0.6626606583595276
0.7213724255561829
0.44142821431159973
0.19375942647457123
0.09726749360561371
0.09006017446517944
0.3810980021953583
0.2585480511188507
0.7346451878547668
0.33216506242752075
0.19646908342838287
0.5576013922691345
0.26697826385498047
0.23505376279354095
0.4855882227420807
0.05363105610013008
0.09747548401355743
0.604981005191803
0.17066055536270142
0.7983648180961609
0.16963493824005127
0.07912824302911758
0.5146580934524536
0.8589656949043274
0.6363494396209717
0.5659806132316589
0.006047358270734549
0.13146600127220154
0.22482864558696747
0.6478819251060486
0.9888011813163757
0.9653177261352539
0.6935723423957825
0.9745316505432129
0.9552377462387085
0.9307407140731812
0.7341290712356567
0.9725487232208252
0.25489500164985657
0.7979291081428528
0.6701671481132507
0.11397866904735565
0.9319546222686768
0.35131219029426575
0.055201541632413864
0.23208007216453552
0.9978116154670715
0.4654342532157898
0.27178049087524414
0.028958337381482124
0.6234939694404602
0.7537906765937805
0.19660751521587372
0.9351548552513123
0.5026829242706299
0.7564870119094849
0.5240490436553955
0.17234446108341217
0.7525810599327087
0.44644874334335327
0.8084943890571594
0.12403649836778641
0.87578946352005
0.44714900851249695
0.41710102558135986
0.03400757536292076
0.7515624761581421
0.9368793368339539
0.9895102381706238
0.8381364345550537
0.5748382210731506
0.7666698694229126
0.6025850772857666
0.02241957001388073
0.34681573510169983
0.9965089559555054
0.9780588746070862
0.5678058862686157
0.5046727657318115
0.017454376444220543
0.5748815536499023
0.1484425663948059
0.9649561643600464
0.4142497479915619
0.4073314070701599
0.6805137991905212
0.6656250953674316
0.2604385316371918
0.8221259117126465
0.003231210634112358
0.899583101272583
0.7181978225708008
0.11494271457195282
0.9539284110069275
0.18878774344921112
0.6298157572746277
0.5024944543838501
0.08771272003650665
0.8518164753913879
0.4266549348831177
0.9455010890960693
0.759847104549408
0.16704106330871582
0.33595961332321167
0.5831570625305176
0.1969321221113205
0.44489458203315735
0.8790677785873413
0.825056791305542
0.9926336407661438
0.19488860666751862
0.5937579870223999
0.669987678527832
0.1980239450931549
0.40250784158706665
0.7002810835838318
0.037138454616069794
0.37738096714019775
0.22005240619182587
0.16119252145290375
0.07350417971611023
0.2679431438446045
0.17278173565864563
0.21004439890384674
0.9529122710227966
0.31014159321784973
0.7585893273353577
0.895108163356781
0.044064249843358994
0.002187617588788271
0.7619518041610718
0.18458859622478485
0.6248672008514404
0.4312416911125183
0.25562185049057007
0.5440424680709839
0.47689273953437805
0.2589488923549652
0.7108811736106873
0.829879641532898
0.07051026076078415
0.7894697785377502
0.5576314330101013
0.7255672812461853
0.5156251788139343
0.8706520795822144
0.4009650647640228
0.6639829874038696
0.08731582015752792
0.09849211573600769
0.3917540907859802
0.8690930008888245
0.10681351274251938
0.28841713070869446
0.21112099289894104
0.6205973029136658
0.03633320704102516
0.8838801980018616
0.6052670478820801
0.8773655891418457
0.13751713931560516
0.6589717268943787
0.1280723661184311
0.834199070930481
0.6771262288093567
0.09760232269763947
0.8444600701332092
0.09139054268598557
0.9963687062263489
0.7838004231452942
0.9075474739074707
0.349890798330307
0.6963074803352356
0.6716341376304626
0.36003831028938293
0.016785429790616035
0.2544986605644226
0.8309965133666992
0.6922653317451477
0.5511143803596497
0.7223071455955505
0.24997587502002716
0.17963285744190216
0.04110349714756012
0.03890403360128403
0.7780607342720032
0.040375854820013046
0.14005407691001892
0.20178289711475372
0.8697801828384399
0.2545606791973114
0.3751439154148102
0.3564588129520416
0.12776586413383484
0.7323590517044067
0.3928180932998657
0.08448419719934464
0.9910402894020081
0.6377221941947937
0.16684307157993317
0.9838466644287109
0.019087329506874084
0.9659436345100403
0.7618423700332642
0.8432181477546692
0.43022921681404114
0.8297508358955383
0.16632534563541412
0.23182658851146698
0.8683022856712341
0.591869592666626
0.7187066078186035
0.5454365015029907
0.720065176486969
0.6542816162109375
0.8348661661148071
0.8352672457695007
0.9772586226463318
0.5173503160476685
0.9707999229431152
0.3565910756587982
0.5635611414909363
0.8325228691101074
0.9501304030418396
0.30445030331611633
0.05015454441308975
0.543975293636322
0.8851107954978943
0.22481565177440643
0.7130650877952576
0.734230101108551
0.19228880107402802
0.19143639504909515
0.14147144556045532
0.5128932595252991
0.2277987003326416
0.43694671988487244
0.3608205020427704
0.6807549595832825
0.8214982151985168
0.30113011598587036
0.9546842575073242
0.2884843945503235
0.7790748476982117
0.6109640002250671
0.6138168573379517
0.4368649125099182
0.21564677357673645
0.0013860444305464625
0.8003765344619751
0.011127812787890434
0.773739218711853
0.7166369557380676
0.489020437002182
0.9912803173065186
0.45145997405052185
0.9808052778244019
0.16965362429618835
0.4294581413269043
0.2164343148469925
0.7678811550140381
0.5818208456039429
0.5429046154022217
0.7202397584915161
0.45483386516571045
0.4861230254173279
0.8503826856613159
0.8947712779045105
0.10561289638280869
0.026375308632850647
0.11887872219085693
0.9275076985359192
0.8139789700508118
0.6968348622322083
0.7157022953033447
0.8992483019828796
0.08582708239555359
0.22918646037578583
0.17594358325004578
0.6339554190635681
0.18676522374153137
0.8212218880653381
0.7285510897636414
0.6054215431213379
0.6600767374038696
0.559094250202179
0.4861299395561218
0.8785123229026794
0.802419900894165
0.13783584535121918
0.2587871849536896
0.551232099533081
0.6744703650474548
0.33952444791793823
0.18136924505233765
0.5487858057022095
0.8884872198104858
0.819520115852356
0.1706283837556839
0.1987738162279129
0.051653143018484116
0.9595375061035156
0.49647408723831177
0.746755063533783
0.2911171615123749
0.16244854032993317
0.49846959114074707
0.878092348575592
0.7332818508148193
0.04013557732105255
0.7943117022514343
0.6746881604194641
0.6298279166221619
0.05648811534047127
0.28442850708961487
0.674670934677124
0.8645340204238892
0.7909103035926819
0.8770673274993896
0.14044156670570374
0.1703159511089325
0.38693276047706604
0.04518746957182884
0.8359168171882629
0.48583221435546875
0.008827485144138336
0.3092985153198242
0.3591359555721283
0.2256024181842804
0.38353627920150757
0.49803033471107483
0.666900634765625
0.3290766477584839
0.6109309196472168
0.4555596113204956
0.09585165232419968
0.24345408380031586
0.031924713402986526
0.5580750107765198
0.0692497119307518
0.32244420051574707
0.037577059119939804
0.11125904321670532
0.12471313029527664
0.9249634742736816
0.9288913011550903
0.9511136412620544
0.20469489693641663
0.5696532726287842
0.2661222219467163
0.35432693362236023
0.1213572695851326
0.6755948662757874
0.2524387240409851
0.621120035648346
0.13747993111610413
0.19353188574314117
0.33602869510650635
0.17434576153755188
0.2490529865026474
0.669488787651062
0.17062047123908997
0.27971529960632324
0.3068836033344269
0.5068383812904358
0.01753835380077362
0.23138634860515594
0.8079913258552551
0.9700623154640198
0.2172018438577652
0.8176926970481873
0.43657130002975464
0.8055857419967651
0.6859419345855713
0.6303362846374512
0.4265934228897095
0.162510484457016
0.8117711544036865
0.05967160314321518
0.20488058030605316
0.467063844203949
0.47449690103530884
0.41687077283859253
0.6238851547241211
0.12623895704746246
0.8518332839012146
0.9968023300170898
0.32202401757240295
0.8170041441917419
0.7927977442741394
0.567828357219696
0.6172768473625183
0.6137518882751465
0.988394021987915
0.24147553741931915
0.07492269575595856
0.8014188408851624
0.80698162317276
0.024806808680295944
0.7670456171035767
0.8000685572624207
0.039833229035139084
0.249773308634758
0.18871517479419708
0.1786826103925705
0.17363114655017853
0.6457796692848206
0.24392461776733398
0.3515513837337494
0.6367577910423279
0.6367515325546265
0.03748594969511032
0.5422129034996033
0.6051166653633118
0.9742573499679565
0.3892016112804413
0.805986762046814
0.2101001888513565
0.057707060128450394
0.9520017504692078
0.6461926698684692
0.5580113530158997
0.5898565649986267
0.5522089004516602
0.9860822558403015
0.5666771531105042
0.7126534581184387
0.43539994955062866
0.8572848439216614
0.6458193063735962
0.7796661853790283
0.02728334814310074
0.189198836684227
0.2598017752170563
0.7674321532249451
0.1262291520833969
0.4423464834690094
0.3768235146999359
0.5629124641418457
0.19803068041801453
0.21356332302093506
0.49822503328323364
0.47537657618522644
0.04057928919792175
0.2461688369512558
0.17634086310863495
0.2083093672990799
0.7499841451644897
0.963810920715332
0.554195761680603
0.7632325291633606
0.6273690462112427
0.2872956693172455
0.5165401101112366
0.515372097492218
0.015701008960604668
0.5294315218925476
0.5795072317123413
0.8803587555885315
0.6943190693855286
0.09521126747131348
0.7370270490646362
0.6917161345481873
0.46562013030052185
0.034015875309705734
0.7220101356506348
0.001401935936883092
0.17363759875297546
0.5107247829437256
0.19043608009815216
0.1088985726237297
0.6596696972846985
0.5465072989463806
0.2955358028411865
0.6997209787368774
0.37670275568962097
0.256966769695282
0.8953542113304138
0.45340433716773987
0.9181313514709473
0.3005378544330597
0.7808339595794678
0.17995958030223846
0.0041215079836547375
0.527927577495575
0.0603146068751812
0.4383520781993866
0.44756677746772766
0.7974997758865356
0.14712846279144287
0.6420679092407227
0.3732622265815735
0.41772088408470154
0.8513538241386414
0.27574431896209717
0.20922429859638214
0.8250165581703186
0.6940773725509644
0.848784863948822
0.8853061199188232
0.18295715749263763
0.6012955904006958
0.5470010042190552
0.20289289951324463
0.2286466509103775
0.7265549302101135
0.17120932042598724
0.2155022770166397
0.24847695231437683
0.15744516253471375
0.07843966037034988
0.7499620318412781
0.6753308176994324
0.6794125437736511
0.8316594958305359
0.48840388655662537
0.31477513909339905
0.38677290081977844
0.12001518160104752
0.9581354856491089
0.448134183883667
0.7317420840263367
0.39253485202789307
0.6510664224624634
0.06721577048301697
0.9038394689559937
0.7800538539886475
0.20135211944580078
0.6192381381988525
0.2990632951259613
0.5074253082275391
0.35706403851509094
0.34669357538223267
0.6355095505714417
0.41433286666870117
0.9377074837684631
0.33970901370048523
0.5367336273193359
0.26165440678596497
0.0785779133439064
0.39034348726272583
0.3849096894264221
0.9190640449523926
0.35728541016578674
0.8994935154914856
0.8318924307823181
0.6910281181335449
0.20816734433174133
0.5287057161331177
0.07018555700778961
0.37164410948753357
0.32257869839668274
0.931678295135498
0.8495361804962158
0.2991359531879425
0.8440401554107666
0.9281696677207947
0.7038999795913696
0.4631823003292084
0.9845003485679626
0.7228685021400452
0.8081335425376892
0.970893144607544
0.9887925982475281
0.870701253414154
0.8677025437355042
0.3390679657459259
0.381879985332489
0.3587852716445923
0.34652528166770935
0.009905010461807251
0.47210171818733215
0.3712635040283203
0.7263762354850769
0.025975331664085388
0.6718297004699707
0.16458819806575775
0.6256567239761353
0.3556990921497345
0.06614720821380615
0.4676538109779358
0.37049394845962524
0.650783896446228
0.3152836859226227
0.16521459817886353
0.8004947900772095
0.8875986337661743
0.7502737045288086
0.3385465145111084
0.3836882412433624
0.5325855612754822
0.7813180088996887
0.8382365107536316
0.1283886730670929
0.6924521327018738
0.3671998679637909
0.11966806650161743
0.6052894592285156
0.6142204999923706
0.22033877670764923
0.9307780265808105
0.8646420240402222
0.5474194288253784
0.11565021425485611
0.7662876844406128
0.9429258108139038
0.7522917985916138
0.7893328070640564
0.412960946559906
0.1408250480890274
0.42506861686706543
0.714036226272583
0.7549276947975159
0.2246253490447998
0.6651243567466736
0.6663804650306702
0.869435727596283
0.5834652781486511
0.48131728172302246
0.701036274433136
0.6093524098396301
0.7278453707695007
0.0958838015794754
0.6003340482711792
0.8904311060905457
0.7006599307060242
0.400995671749115
0.9063091278076172
0.22163446247577667
0.1803012490272522
0.2018294632434845
0.3168361485004425
0.2609770894050598
0.2744990587234497
0.8058372735977173
0.22634989023208618
0.394856721162796
0.40513280034065247
0.40138480067253113
0.5781494975090027
0.5902727246284485
0.006471959874033928
0.5173972845077515
0.13144010305404663
0.7456268668174744
0.9900687336921692
0.06431546807289124
0.46124503016471863
0.4478233754634857
0.4933946430683136
0.9858739972114563
0.6409911513328552
0.3643597960472107
0.9152259230613708
0.3513041138648987
0.33284425735473633
0.3042130768299103
0.6041675209999084
0.16831709444522858
0.8949356079101562
0.09459459781646729
0.7048488855361938
0.8159669637680054
0.24272985756397247
0.5289878249168396
0.149932861328125
0.5902263522148132
0.03075781837105751
0.6737000942230225
0.2513771653175354
0.2035057544708252
0.7642603516578674
0.07763070613145828
0.9001560211181641
0.8097983002662659
0.4732426702976227
0.9831781983375549
0.2201354056596756
0.3944627642631531
0.49377334117889404
0.5666143298149109
0.10825303196907043
0.6896092295646667
0.06821179389953613
0.4294915795326233
0.5435205698013306
0.4190501868724823
0.8723862171173096
0.21892307698726654
0.33621281385421753
0.5608406662940979
0.20721814036369324
0.49436843395233154
0.7691997289657593
0.5144716501235962
0.6109824776649475
0.34934842586517334
0.9718626141548157
0.4233342409133911
0.033078208565711975
0.24583368003368378
0.003418650245293975
0.6203120350837708
0.019297104328870773
0.38741400837898254
0.37834131717681885
0.47047439217567444
0.6116835474967957
0.865556001663208
0.17754554748535156
0.7994937896728516
0.6897922158241272
0.6215121150016785
0.7257444858551025
0.4997255504131317
0.6080813407897949
0.9356622099876404
0.18757610023021698
0.052269529551267624
0.13370734453201294
0.625710129737854
0.8766852021217346
0.46642276644706726
0.7205418944358826
0.4328763782978058
0.48137757182121277
0.932416558265686
0.6293125152587891
0.08625155687332153
0.8121582269668579
0.9240220189094543
0.45144814252853394
0.5489060878753662
0.5276855230331421
0.11748828738927841
0.8627460598945618
0.6829884052276611
0.4305567443370819
0.5414391160011292
0.7963499426841736
0.4925996959209442
0.018203090876340866
0.22883865237236023
0.18798010051250458
0.36446359753608704
0.09210562705993652
0.831497073173523
0.2641860246658325
0.16653597354888916
0.3697975277900696
0.26667457818984985
0.03152680769562721
0.39484354853630066
0.26699721813201904
0.7373996376991272
0.9591962099075317
0.4353407621383667
0.5564160943031311
0.7894970178604126
0.03267041593790054
0.18662580847740173
0.2937714457511902
0.28119903802871704
0.28659504652023315
0.7367100119590759
0.40575793385505676
0.6787137985229492
0.7214971780776978
0.5469139814376831
0.8419983983039856
0.4390715956687927
0.4372267723083496
0.43197008967399597
0.35724982619285583
0.3058794438838959
0.8903874158859253
0.74837327003479
0.4977480471134186
0.34886273741722107
0.04437856376171112
0.38350093364715576
0.17454099655151367
0.5292304754257202
0.09456268697977066
0.5852009654045105
0.9833753108978271
0.5735496878623962
0.061935391277074814
0.17552082240581512
0.7635834813117981
0.8494067788124084
0.7301320433616638
0.45566073060035706
0.36575791239738464
0.8295280933380127
0.5965175628662109
0.26013386249542236
0.9479132294654846
0.7082415819168091
0.021559113636612892
0.16903220117092133
0.9067203998565674
0.7490194439888
0.7328925728797913
0.10917247831821442
0.3604164123535156
0.9002344012260437
0.7955633401870728
0.44985252618789673
0.1732557862997055
0.23544718325138092
0.24688667058944702
0.12874244153499603
0.03457566350698471
0.5510647296905518
0.7787957191467285
0.5352699756622314
0.4977402687072754
0.502387523651123
0.8904007077217102
0.4026254117488861
0.6114651560783386
0.7270454168319702
0.7872872948646545
0.31544220447540283
0.8873465657234192
0.8738154172897339
0.6350889801979065
0.14957426488399506
0.09389788657426834
0.20806223154067993
0.22213172912597656
0.61705082654953
0.5849654674530029
0.1801595687866211
0.8777101039886475
0.7161223888397217
0.30379003286361694
0.794498860836029
0.6938937902450562
0.6892182230949402
0.31006792187690735
0.8054448366165161
0.9865831732749939
0.7927486300468445
0.12785376608371735
0.7463446259498596
0.9846771955490112
0.8093742728233337
0.8320252299308777
0.23631474375724792
0.28810393810272217
0.7938486933708191
0.28878703713417053
0.7746503949165344
0.6052024364471436
0.6580464243888855
0.99862140417099
0.8500359058380127
0.12537117302417755
0.7096241116523743
0.8940222263336182
0.208388552069664
0.7719323039054871
0.5093571543693542
0.7374851107597351
0.8285380005836487
0.6538193225860596
0.346386194229126
0.5727850198745728
0.18182894587516785
0.1751708686351776
0.9046460390090942
0.02637433633208275
0.2745122015476227
0.49332812428474426
0.7756554484367371
0.5640864372253418
0.8727461099624634
0.6916916370391846
0.15300893783569336
0.25600576400756836
0.7244648337364197
0.8300328850746155
0.1640230268239975
0.4674946069717407
0.5253056883811951
0.1984756886959076
0.897675096988678
0.8393522500991821
0.8731412887573242
0.4557643234729767
0.3432742655277252
0.13957679271697998
0.17473822832107544
0.7822102904319763
0.016912464052438736
0.7281848192214966
0.4649527072906494
0.8135528564453125
0.21989372372627258
0.6958529949188232
0.4512407183647156
0.6217164397239685
0.20848184823989868
0.6789063215255737
0.8462074398994446
0.24893826246261597
0.7907704710960388
0.7966049313545227
0.23441019654273987
0.6528545618057251
0.04295266792178154
0.2551269233226776
0.8991440534591675
0.08111497014760971
0.0277551356703043
0.5829587578773499
0.5890294909477234
0.8514941930770874
0.7527281045913696
0.973443865776062
0.5791724920272827
0.9737182855606079
0.3292819559574127
0.2369856834411621
0.49768707156181335
0.233008474111557
0.19846871495246887
0.9051694273948669
0.16257049143314362
0.5495465397834778
0.33666011691093445
0.43006056547164917
0.9701777100563049
0.8578329086303711
0.02405860275030136
0.2955954670906067
0.9614017009735107
0.7717216610908508
0.012505853548645973
0.373048335313797
0.627314031124115
0.17597165703773499
0.8960555195808411
0.21490411460399628
0.080507293343544
0.3442092835903168
0.2802622616291046
0.023604219779372215
0.7946518659591675
0.3087920546531677
0.4642285406589508
0.5606461763381958
0.5922428369522095
0.15071862936019897
0.7371189594268799
0.12602685391902924
0.723178505897522
0.9907693862915039
0.003407964948564768
0.6117196083068848
0.568749189376831
0.8554913997650146
0.3743574321269989
0.44284024834632874
0.14500699937343597
0.9988304972648621
0.836785078048706
0.6490345597267151
0.6598610877990723
0.7424334287643433
0.5147533416748047
0.5877851843833923
0.28315627574920654
0.49610427021980286
0.6435681581497192
0.4984976351261139
0.8263800144195557
0.6622682213783264
0.12347397208213806
0.31714385747909546
0.5963939428329468
0.6743447780609131
0.6095722317695618
0.943919837474823
0.5829797983169556
0.19529564678668976
0.8285715579986572
0.48280617594718933
0.6509170532226562
0.2893029451370239
0.7413837909698486
0.5950866341590881
0.42585134506225586
0.3542822003364563
0.6857784390449524
0.05385160446166992
0.09428480267524719
0.8783295750617981
0.8092240691184998
0.6685202717781067
0.15545113384723663
0.22162295877933502
0.9290679693222046
0.41616177558898926
0.7682719230651855
0.23331958055496216
0.07647804170846939
0.3297719955444336
0.1777762919664383
0.7083589434623718
0.5401962995529175
0.6672672033309937
0.7932016849517822
0.10621267557144165
0.4163416922092438
0.5143790245056152
0.6096139550209045
0.6081767082214355
0.037287838757038116
0.6418671607971191
0.005654587876051664
0.9763650298118591
0.3454885482788086
0.9824033975601196
0.6124675869941711
0.4550243616104126
0.04628618434071541
0.7716386914253235
0.536236584186554
0.20498158037662506
0.5452343821525574
0.8888808488845825
0.4639328122138977
0.2280849665403366
0.7454898357391357
0.22558817267417908
0.2591525614261627
0.5902122259140015
0.34606802463531494
0.400802344083786
0.5722511410713196
0.48031899333000183
0.5025411248207092
0.5078481435775757
0.903852641582489
0.5303612351417542
0.4084615409374237
0.26577866077423096
0.47766947746276855
0.7356100082397461
0.22637808322906494
0.857119619846344
0.4586479365825653
0.016245828941464424
0.8377619981765747
0.26731500029563904
0.7192550301551819
0.5026610493659973
0.3585891127586365
0.592339038848877
0.9722655415534973
0.1507042497396469
0.948854923248291
0.5706380009651184
0.3296908438205719
0.11236190795898438
0.5967767238616943
0.05503489822149277
0.2066660225391388
0.4296697676181793
0.8264022469520569
0.5760817527770996
0.675980269908905
0.300989031791687
0.34106022119522095
0.5894112586975098
0.5162782669067383
0.6594799160957336
0.7210378050804138
0.9841194748878479
0.1374511420726776
0.3246346116065979
0.8544216752052307
0.13447724282741547
0.6292057633399963
0.7153911590576172
0.8758360743522644
0.4854646623134613
0.6324993371963501
0.2892719805240631
0.7062126994132996
0.3986849784851074
0.6103364825248718
0.5411396026611328
0.7406525611877441
0.3558681905269623
0.33857452869415283
0.9707674384117126
0.33529528975486755
0.5685635209083557
0.7246999144554138
0.16850681602954865
0.7764173746109009
0.3743125796318054
0.3128789961338043
0.11993847787380219
0.05517192184925079
0.881779670715332
0.8208938837051392
0.6040301322937012
0.3284803032875061
0.6846712231636047
0.5042902231216431
0.7170916795730591
0.45107707381248474
0.9105697274208069
0.9092941880226135
0.00684764189645648
0.7585894465446472
0.05702521279454231
0.837203323841095
0.41897910833358765
0.9148638248443604
0.3004026412963867
0.1481502503156662
0.17811737954616547
0.58931565284729
0.04632122069597244
0.5808349847793579
0.9713107943534851
0.8968639969825745
0.3902111351490021
0.7293335199356079
0.9898256063461304
0.47304391860961914
0.28812742233276367
0.27350860834121704
0.0010280228452757
0.4529772996902466
0.6352604031562805
0.16460251808166504
0.9462330937385559
0.9645867943763733
0.9142604470252991
0.4818556308746338
0.8292399048805237
0.40570616722106934
0.5146908164024353
0.7396279573440552
0.5897988677024841
0.7489655613899231
0.9521939158439636
0.3931746184825897
0.8599188923835754
0.05675869807600975
0.4229356050491333
0.7032820582389832
0.9201774597167969
0.26594051718711853
0.7407721877098083
0.0661090612411499
0.8126152753829956
0.5180172920227051
0.10031721740961075
0.8816129565238953
0.34536904096603394
0.07790878415107727
0.6989530920982361
0.32267364859580994
0.8672802448272705
0.2903415858745575
0.2476096749305725
0.7633567452430725
0.09537453204393387
0.006458935793489218
0.7697988748550415
0.662926197052002
0.9921032190322876
0.30807459354400635
0.6401693820953369
0.8210286498069763
0.08390576392412186
0.36098140478134155
0.6158771514892578
0.26013419032096863
0.05264939367771149
0.4377676248550415
0.5570155382156372
0.340679794549942
0.9663981795310974
0.0940660685300827
0.9733702540397644
0.9121366739273071
0.36558759212493896
0.19228142499923706
0.9869138598442078
0.2337244600057602
0.854838490486145
0.7189375758171082
0.2696298360824585
0.32265955209732056
0.7518120408058167
0.25911182165145874
0.4817916452884674
0.30128371715545654
0.6516231298446655
0.0857723206281662
0.46361079812049866
0.35506686568260193
0.7188039422035217
0.9377849698066711
0.9443696737289429
0.11601684242486954
0.16487455368041992
0.5546561479568481
0.6799961924552917
0.2092411369085312
0.9608463644981384
0.9485270977020264
0.24861733615398407
0.15934434533119202
0.444364070892334
0.4341062307357788
0.4336497485637665
0.5889425277709961
0.4709089994430542
0.5088478326797485
0.28270331025123596
0.6837790012359619
0.0011349829146638513
0.767312228679657
0.2730068564414978
0.6414315700531006
0.7272112369537354
0.6964419484138489
0.3988831341266632
0.7026985287666321
0.9161309003829956
0.7377073764801025
0.37199246883392334
0.5546874403953552
0.8456546068191528
0.5008664727210999
0.7246899604797363
0.6892780065536499
0.4301210939884186
0.43777137994766235
0.4363330900669098
0.7656751275062561
0.33598750829696655
0.4818881154060364
0.022398872300982475
0.3854101598262787
0.36148756742477417
0.14432798326015472
0.8816359043121338
0.9077866673469543
0.7786130905151367
0.5756531357765198
0.9849032163619995
0.11021416634321213
0.38179007172584534
0.6379828453063965
0.3491796851158142
0.3523889482021332
0.6223911046981812
0.47010791301727295
0.9828414916992188
0.07675819844007492
0.9529381990432739
0.022104259580373764
0.17474180459976196
0.8724074959754944
0.5107628107070923
0.796462893486023
0.21132393181324005
0.8620495796203613
0.10735679417848587
0.4639314115047455
0.9629882574081421
0.661412239074707
0.8645128607749939
0.5188204050064087
0.34940609335899353
0.9030369520187378
0.889118492603302
0.3575485646724701
0.8942710757255554
0.3204648494720459
0.873455822467804
0.513426661491394
0.36856159567832947
0.3922197222709656
0.2269856333732605
0.8933284878730774
0.5341769456863403
0.14928196370601654
0.6250512599945068
0.3580225706100464
0.13934743404388428
0.9752665162086487
0.16713190078735352
0.7087575197219849
0.3600701689720154
0.8069204688072205
0.35662826895713806
0.2567940056324005
0.7672929763793945
0.7428475618362427
0.027369238436222076
0.7462352514266968
0.7373107671737671
0.5279453992843628
0.28113579750061035
0.6306224465370178
0.6650915741920471
0.0646161213517189
0.27289512753486633
0.013578884303569794
0.6777308583259583
0.05667803809046745
0.9878871440887451
0.8671375513076782
0.09808400273323059
0.4441155791282654
0.24952052533626556
0.20818988978862762
0.3691563606262207
0.09006019681692123
0.9395397305488586
0.700986921787262
0.7050929069519043
0.2961101830005646
0.5128719806671143
0.439426988363266
0.5858174562454224
0.9207812547683716
0.3319564163684845
0.47559085488319397
0.6725963950157166
0.9118561744689941
0.6836390495300293
0.1569214016199112
0.05494201183319092
0.8238781094551086
0.029064122587442398
0.9724320769309998
0.05671358108520508
0.5760878324508667
0.8349581956863403
0.971300482749939
0.8941283822059631
0.4179648458957672
0.4860464632511139
0.7315915822982788
0.8542789816856384
0.3603946268558502
0.5692117214202881
0.9856731295585632
0.5395558476448059
0.6639801263809204
0.18914949893951416
0.9415327310562134
0.8046665787696838
0.5118962526321411
0.9650449156761169
0.3283010423183441
0.4599279463291168
0.16129454970359802
0.8062682747840881
0.22551479935646057
0.7592931389808655
0.13674481213092804
0.4498897194862366
0.752206563949585
0.8760451078414917
0.627734363079071
0.40905970335006714
0.08170914649963379
0.20875538885593414
0.419840931892395
0.901526927947998
0.1208401694893837
0.4157905578613281
0.0520218200981617
0.31550660729408264
0.854744553565979
0.6026972532272339
0.8251761794090271
0.263223797082901
0.1933022290468216
0.7835759520530701
0.7345575094223022
0.11520698666572571
0.10647813975811005
0.9891496896743774
0.3312201201915741
0.9002254009246826
0.36847060918807983
0.09492218494415283
0.7596793174743652
0.381533682346344
0.42483314871788025
0.3223762512207031
0.5063539147377014
0.928835928440094
0.7717919945716858
0.4265888035297394
0.3752065598964691
0.8858184814453125
0.5314799547195435
0.422561913728714
0.1969894915819168
0.5362197160720825
0.7367115020751953
0.7686673998832703
0.3310927152633667
0.5871203541755676
0.29769232869148254
0.4311518669128418
0.6549375653266907
0.31851205229759216
0.7601963877677917
0.7065156102180481
0.036991387605667114
0.8810808658599854
0.6251069903373718
0.9835785627365112
0.33989518880844116
0.932108998298645
0.48043540120124817
0.3674783706665039
0.6572200655937195
0.788691520690918
0.17809289693832397
0.6859201192855835
0.7481623291969299
0.8983415365219116
0.7669677138328552
0.6835719347000122
0.8433642387390137
0.6308512091636658
0.979158878326416
0.5960069894790649
0.28324466943740845
0.7822339534759521
0.22783352434635162
0.37195461988449097
0.04719104245305061
0.4958811104297638
0.020926110446453094
0.027275944128632545
0.09346377849578857
0.4808104336261749
0.12743115425109863
0.8634408116340637
0.1944064348936081
0.4058094322681427
0.03037922829389572
0.37419426441192627
0.1549346148967743
0.9190437197685242
0.5391858220100403
0.33667945861816406
0.7762263417243958
0.4819760322570801
0.37198469042778015
0.4232020974159241
0.6725033521652222
0.15645763278007507
0.8632825613021851
0.5744941830635071
0.03699458763003349
0.4739034175872803
0.9878190159797668
0.817421555519104
0.8983440399169922
0.05795123800635338
0.5556930899620056
0.847743809223175
0.7844617962837219
0.7625440359115601
0.5381307601928711
0.2546234428882599
0.023159081116318703
0.9856513142585754
0.18951137363910675
0.8537554144859314
0.45313796401023865
0.6881182789802551
0.4435928463935852
0.8043222427368164
0.3302275836467743
0.8269230127334595
0.08548987656831741
0.5903517603874207
0.9573254585266113
0.28589922189712524
0.4630294442176819
0.7279518246650696
0.41972464323043823
0.9731144905090332
0.2304716408252716
0.8662702441215515
0.6861456632614136
0.8192518949508667
0.7583368420600891
0.08615456521511078
0.9183585047721863
0.7041382193565369
0.07313720881938934
0.5681871771812439
0.9640325903892517
0.14505159854888916
0.09000204503536224
0.7912033796310425
0.6594485640525818
0.5634123086929321
0.08510065823793411
0.4996456503868103
0.38635241985321045
0.8509093523025513
0.4312099516391754
0.8483769297599792
0.33709198236465454
0.2997280955314636
0.26100873947143555
0.5076857805252075
0.45512935519218445
0.031358182430267334
0.310545414686203
0.048431504517793655
0.25384756922721863
0.3752810060977936
0.5057395100593567
0.2725050151348114
0.4604730010032654
0.9950418472290039
0.6255162358283997
0.2779039144515991
0.038989562541246414
0.9112554788589478
0.0857546329498291
0.9932781457901001
0.6787622570991516
0.15456174314022064
0.00967667531222105
0.08053312450647354
0.07688408344984055
0.3653790354728699
0.30516186356544495
0.14811213314533234
0.6113730072975159
0.19803425669670105
0.05727045610547066
0.21872374415397644
0.7740547060966492
0.5495873093605042
0.43741726875305176
0.5670557022094727
0.14793163537979126
0.8293049335479736
0.9227152466773987
0.9278437495231628
0.5929135680198669
0.21460680663585663
0.644548773765564
0.5913524627685547
0.8288957476615906
0.7087835669517517
0.6206051111221313
0.9733937382698059
0.3396280109882355
0.7257550954818726
0.8345350623130798
0.2804611623287201
0.07990840077400208
0.9038646221160889
0.5388475656509399
0.4699854850769043
0.9538635015487671
0.8500489592552185
0.804355263710022
0.5257664918899536
0.8273757696151733
0.6735454797744751
0.8098629713058472
0.3626868426799774
0.9726547598838806
0.6298177242279053
0.04471655189990997
0.6133496761322021
0.4178137183189392
0.7769862413406372
0.19241181015968323
0.24880215525627136
0.790306806564331
0.5386339426040649
0.8632135987281799
0.7518953680992126
0.289522647857666
0.44507473707199097
0.8401578068733215
0.8163405656814575
0.000706584716681391
0.9703093767166138
0.988925039768219
0.06081472709774971
0.15793579816818237
0.45523500442504883
0.15104633569717407
0.5922465920448303
0.1314215362071991
0.5578522682189941
0.2849029004573822
0.8584796190261841
0.7585786581039429
0.37951377034187317
0.057416755706071854
0.1804232895374298
0.006302052643150091
0.6974902749061584
0.024708334356546402
0.1597965657711029
0.11793042719364166
0.18071302771568298
0.642615556716919
0.7007982134819031
0.8525822162628174
0.563453197479248
0.6833891868591309
0.846645712852478
0.11873914301395416
0.5974737405776978
0.4315372109413147
0.4437501132488251
0.5098954439163208
0.7549025416374207
0.5624366402626038
0.47651606798171997
0.07604686170816422
0.0011472266633063555
0.5488178133964539
0.16431428492069244
0.1759723424911499
0.8898372054100037
0.35692301392555237
0.5781521797180176
0.50831139087677
0.6408892273902893
0.8049461841583252
0.15524445474147797
0.5563908815383911
0.5752651691436768
0.8113433122634888
0.6934168338775635
0.7443995475769043
0.01704203151166439
0.8653103113174438
0.2856498062610626
0.5217028260231018
0.4083230793476105
0.9476340413093567
0.4304012060165405
0.6662473678588867
0.5169199109077454
0.18558014929294586
0.14983010292053223
0.982673168182373
0.4955962002277374
0.8120617866516113
0.47974732518196106
0.6666918992996216
0.4837466776371002
0.9952627420425415
0.701386570930481
0.7945099472999573
0.35700929164886475
0.36698898673057556
0.8510302901268005
0.5174564719200134
0.05303796008229256
0.5749891996383667
0.5731514096260071
0.059048183262348175
0.9367910027503967
0.13830332458019257
0.7556378245353699
0.20546188950538635
0.06161805987358093
0.8685978651046753
0.9277143478393555
0.492756187915802
0.1815924495458603
0.5057307481765747
0.4434419870376587
0.7355793714523315
0.14368726313114166
0.5379713177680969
0.48506855964660645
0.11682410538196564
0.7083922028541565
0.7833767533302307
0.7028867602348328
0.9371307492256165
0.4039233326911926
0.6623046398162842
0.30788686871528625
0.8573440909385681
0.1253642439842224
0.005208845250308514
0.2660387456417084
0.4077220559120178
0.2665688693523407
0.5583105087280273
0.08871419727802277
0.4316757619380951
0.29565733671188354
0.21029607951641083
0.22537633776664734
0.6730687618255615
0.9309401512145996
0.2897949516773224
0.8266977071762085
0.504725456237793
0.01034112460911274
0.5165358781814575
0.6018067598342896
0.9878135919570923
0.3664742410182953
0.8088819980621338
0.006389396730810404
0.6141245365142822
0.867864727973938
0.7692687511444092
0.5821216702461243
0.9209825992584229
0.787229061126709
0.602342426776886
0.6337153911590576
0.07934366166591644
0.8866900205612183
0.3256373703479767
0.06830240041017532
0.22542032599449158
0.7475139498710632
0.24911195039749146
0.42899006605148315
0.13921205699443817
0.8804235458374023
0.162989541888237
0.621045708656311
0.475055992603302
0.044619120657444
0.2465416043996811
0.6797814965248108
0.7208191752433777
0.5935500860214233
0.11847575008869171
0.0007860409677959979
0.862827718257904
0.6267870664596558
0.9731861352920532
0.9254234433174133
0.7582730650901794
0.42858457565307617
0.5095838308334351
0.6535148620605469
0.37171363830566406
0.3605751693248749
0.12959130108356476
0.7548201680183411
0.30927905440330505
0.5160150527954102
0.3717312812805176
0.8473806977272034
0.5022627115249634
0.3345874547958374
0.01999664679169655
0.27390703558921814
0.2388211041688919
0.9213583469390869
0.11599097400903702
0.8541268110275269
0.12566030025482178
0.38475680351257324
0.41990289092063904
0.508084774017334
0.4623711109161377
0.8454452753067017
0.3400162160396576
0.22705012559890747
0.8209828734397888
0.5542844533920288
0.4869610667228699
0.6789204478263855
0.6382723450660706
0.2876681089401245
0.0392182320356369
0.4834417998790741
0.8437278866767883
0.7252379059791565
0.8055819869041443
0.6673501133918762
0.3524473309516907
0.6373674869537354
0.1261405050754547
0.7819644808769226
0.19086110591888428
0.10910893231630325
0.26509636640548706
0.08921857923269272
0.40535619854927063
0.310804158449173
0.8087707757949829
0.3212423324584961
0.07991987466812134
0.8811538219451904
0.4376932680606842
0.9525236487388611
0.6914807558059692
0.2360920011997223
0.7970281839370728
0.7899658679962158
0.8524928092956543
0.6657245755195618
0.34093165397644043
0.9969183206558228
0.0026782851200550795
0.975072979927063
0.25272178649902344
0.7640296816825867
0.6414946913719177
0.3801831305027008
0.2414969652891159
0.44308650493621826
0.034064967185258865
0.3278622031211853
0.7028201818466187
0.28473085165023804
0.012529694475233555
0.45642685890197754
0.27931973338127136
0.6114431023597717
0.9034094214439392
0.6789129972457886
0.8655231595039368
0.28255128860473633
0.888826847076416
0.24780061841011047
0.051562123000621796
0.9653087854385376
0.4486280381679535
0.14401601254940033
0.42960217595100403
0.006154706701636314
0.36387935280799866
0.24554218351840973
0.7581002712249756
0.27874892950057983
0.8814369440078735
0.06099078059196472
0.740261971950531
0.12807558476924896
0.7240124344825745
0.5528161525726318
0.834746241569519
0.23840853571891785
0.053131330758333206
0.3431738018989563
0.3785398602485657
0.22549624741077423
0.9529713988304138
0.9121249318122864
0.597147524356842
0.9870935082435608
0.8065219521522522
0.9587995409965515
0.18371616303920746
0.950075089931488
0.39388301968574524
0.7036681175231934
0.15503743290901184
0.2407747060060501
0.7174211740493774
0.6908353567123413
0.13761940598487854
0.6425337791442871
0.15315774083137512
0.6130418181419373
0.8468300104141235
0.7552034258842468
0.6809313893318176
0.8170540928840637
0.1000601053237915
0.7988107204437256
0.6740054488182068
0.30993783473968506
0.916604220867157
0.0345490425825119
0.4819280207157135
0.41155701875686646
0.46649789810180664
0.85378497838974
0.2733251452445984
0.6570212244987488
0.8637751936912537
0.8066746592521667
0.7279868721961975
0.34256160259246826
0.49939391016960144
0.19727225601673126
0.6608960032463074
0.780676543712616
0.9724646210670471
0.5626562833786011
0.7872228622436523
0.006890475284308195
0.6069252490997314
0.8972861170768738
0.08572729676961899
0.3314652740955353
0.6745822429656982
0.39866918325424194
0.9188893437385559
0.48857080936431885
0.5989922881126404
0.20850151777267456
0.016275523230433464
0.2088349312543869
0.10901340842247009
0.5237057209014893
0.7602773308753967
0.14799900352954865
0.7066766023635864
0.3572370111942291
0.9039644598960876
0.8212975263595581
0.7681725025177002
0.6762376427650452
0.7620776891708374
0.8269768357276917
0.3106348216533661
0.8491146564483643
0.8287432789802551
0.8711233735084534
0.9528477191925049
0.05664054676890373
0.15878412127494812
0.19248564541339874
0.8687195777893066
0.32325491309165955
0.6492732167243958
0.21713228523731232
0.621620774269104
0.9101209044456482
0.9920765161514282
0.062002524733543396
0.6591231822967529
0.4234848618507385
0.3345283567905426
0.9428362250328064
0.2437802106142044
0.4178614020347595
0.4755575954914093
0.19764454662799835
0.41558101773262024
0.7281414270401001
0.9891323447227478
0.7373906373977661
0.6878904104232788
0.437211275100708
0.10850289463996887
0.23839430510997772
0.025884388014674187
0.41292285919189453
0.8170046210289001
0.44118455052375793
0.623264491558075
0.988609254360199
0.5575554966926575
0.2289087474346161
0.5422213673591614
0.336354523897171
0.09539306163787842
0.4029998481273651
0.1357836276292801
0.285642147064209
0.3674185574054718
0.2599799335002899
0.017432909458875656
0.8087266087532043
0.8289085626602173
0.557155966758728
0.47757402062416077
0.33405816555023193
0.6065685153007507
0.9381891489028931
0.9943013191223145
0.35491570830345154
0.4985956847667694
0.1699673980474472
0.2837558686733246
0.03920282423496246
0.5429989695549011
0.7931547164916992
0.7590798735618591
0.902514636516571
0.32969340682029724
0.3446527421474457
0.29891204833984375
0.7706626653671265
0.7881267070770264
0.924266517162323
0.46003103256225586
0.34492573142051697
0.13289088010787964
0.6594949960708618
0.292964905500412
0.2722700536251068
0.711532711982727
0.10474488884210587
0.0011182514717802405
0.6782035231590271
0.6563402414321899
0.016804883256554604
0.444270521402359
0.867923378944397
0.5748980045318604
0.6971831321716309
0.9859419465065002
0.9237188100814819
0.01817832887172699
0.12282536923885345
0.8007699847221375
0.953131377696991
0.1507803201675415
0.8307081460952759
0.4536703824996948
0.7421374320983887
0.8065860867500305
0.29152053594589233
0.8424617052078247
0.7663273215293884
0.191520094871521
0.07463627308607101
0.8933546543121338
0.20009006559848785
0.6838908791542053
0.39759743213653564
0.8304226398468018
0.6499360203742981
0.3744010627269745
0.32536888122558594
0.24871475994586945
0.06619314104318619
0.03834479674696922
0.915462076663971
0.19267508387565613
0.28895992040634155
0.24746300280094147
0.6681828498840332
0.5025826692581177
0.40935611724853516
0.6069476008415222
0.7558069229125977
0.05842896178364754
0.9848909974098206
0.20445369184017181
0.12407857924699783
0.9626763463020325
0.9319967031478882
0.11089832335710526
0.8944453001022339
0.044054239988327026
0.4145369529724121
0.4996635913848877
0.6299697756767273
0.7018802762031555
0.6726477146148682
0.9333438277244568
0.8456340432167053
0.5337047576904297
0.13992205262184143
0.9773037433624268
0.46064335107803345
0.29294392466545105
0.41007906198501587
0.7704539895057678
0.5308576822280884
0.15654700994491577
0.39900705218315125
0.07511588931083679
0.47684240341186523
0.1578715443611145
0.5714206099510193
0.6973576545715332
0.5161558985710144
0.6398294568061829
0.4017089903354645
0.8005158305168152
0.41742485761642456
0.6041252613067627
0.316905677318573
0.35697683691978455
0.7236960530281067
0.7936135530471802
0.008607801049947739
0.40430641174316406
0.15956997871398926
0.37385815382003784
0.7869502902030945
0.12274481356143951
0.7693986296653748
0.12999486923217773
0.22543251514434814
0.045196957886219025
0.33643588423728943
0.2107468992471695
0.35233524441719055
0.7183259129524231
0.36102861166000366
0.44941583275794983
0.970772385597229
0.3472183644771576
0.7485358715057373
0.6408737301826477
0.3865121901035309
0.022840645164251328
0.9779451489448547
0.34268754720687866
0.8384623527526855
0.5207796692848206
0.017364362254738808
0.9569000005722046
0.4648295044898987
0.7158327102661133
0.233380526304245
0.6663451194763184
0.24181708693504333
0.49958592653274536
0.5430328845977783
0.05511863902211189
0.40270155668258667
0.3962942361831665
0.9429160952568054
0.7453161478042603
0.24294856190681458
0.21639038622379303
0.1591944396495819
0.9796343445777893
0.40721964836120605
0.09907359629869461
0.9355579614639282
0.20463483035564423
0.8726101517677307
0.8444964289665222
0.3968179523944855
0.0056417835876345634
0.24847260117530823
0.3479050099849701
0.9249759912490845
0.3415263593196869
0.6570302248001099
0.08726731687784195
0.8415640592575073
0.8346090912818909
0.20063133537769318
0.7151890397071838
0.7893208265304565
0.47427481412887573
0.11645639687776566
0.6297869682312012
0.13822443783283234
0.8660476803779602
0.39837151765823364
0.9339706301689148
0.07516954839229584
0.29136335849761963
0.8227075338363647
0.35426416993141174
0.5041965246200562
0.9402655363082886
0.010116145014762878
0.26622846722602844
0.23633067309856415
0.013768133707344532
0.3593024015426636
0.12854991853237152
0.33600351214408875
0.01435767114162445
0.9989632964134216
0.7202571630477905
0.8932565450668335
0.10239570587873459
0.18970952928066254
0.8634914755821228
0.6556714177131653
0.7710458040237427
0.69423508644104
0.8260730504989624
0.24824762344360352
0.6317182779312134
0.6709061861038208
0.9547474384307861
0.6522883176803589
0.7480355501174927
0.7394821047782898
0.1866215169429779
0.04135984182357788
0.5290623903274536
0.7455606460571289
0.6773714423179626
0.5349670648574829
0.05619223043322563
0.7024276852607727
0.5666958093643188
0.9173381328582764
0.04309680685400963
0.8645046949386597
0.989058792591095
0.24173682928085327
0.6658440828323364
0.059897202998399734
0.7423440217971802
0.9726994037628174
0.10225598514080048
0.31045231223106384
0.5387685894966125
0.7588586211204529
0.6585968732833862
0.320603609085083
0.7516764998435974
0.8938523530960083
0.8924723267555237
0.020179754123091698
0.3886813521385193
0.4538121521472931
0.054979678243398666
0.04776785895228386
0.08781478554010391
0.28930649161338806
0.1787588894367218
0.23234759271144867
0.21297171711921692
0.032134443521499634
0.4234585165977478
0.032838091254234314
0.4934971332550049
0.33855730295181274
0.6811389923095703
0.0843069925904274
0.6298103928565979
0.5213155746459961
0.022898247465491295
0.44893258810043335
0.20151273906230927
0.41700780391693115
0.6419031023979187
0.30536070466041565
0.7350754141807556
0.6655310392379761
0.6816689968109131
0.2867929935455322
0.6656642556190491
0.4291210472583771
0.31732177734375
0.9792224168777466
0.5345252752304077
0.07250267267227173
0.41531065106391907
0.8078626394271851
0.38492798805236816
0.8270161747932434
0.06687849760055542
0.9484423398971558
0.942459225654602
0.3408803343772888
0.7646161317825317
0.1644521951675415
0.1256648600101471
0.5531002283096313
0.7568715810775757
0.49834758043289185
0.6170055866241455
0.007496820297092199
0.0069856299087405205
0.20105792582035065
0.34446394443511963
0.39135465025901794
0.3306185007095337
0.4988561272621155
0.20570561289787292
0.20411980152130127
0.1976321041584015
0.48102688789367676
0.09925558418035507
0.0730229914188385
0.6454172134399414
0.9370357990264893
0.7221426367759705
0.11063277721405029
0.2263185828924179
0.11149270832538605
0.7579749226570129
0.1373361200094223
0.7089425325393677
0.2484394609928131
0.4002710282802582
0.6528325080871582
0.7741156816482544
0.06549008935689926
0.3093012571334839
0.7359135746955872
0.2016260325908661
0.6067517399787903
0.10932748764753342
0.2171759456396103
0.8837366700172424
0.4313659965991974
0.021839775145053864
0.6108290553092957
0.12593358755111694
0.5567120313644409
0.8941609859466553
0.3549918532371521
0.5758541822433472
0.8775393962860107
0.5251686573028564
0.9854253530502319
0.4280807077884674
0.7503764629364014
0.16804102063179016
0.4658396244049072
0.3712134063243866
0.4225693941116333
0.791350245475769
0.508163332939148
0.12443095445632935
0.5940850377082825
0.7061458826065063
0.007830348797142506
0.8469058871269226
0.5909885764122009
0.9155488014221191
0.767505407333374
0.3121393322944641
0.20533597469329834
0.28378239274024963
0.7909754514694214
0.007282935082912445
0.4708321690559387
0.042866893112659454
0.24605032801628113
0.4380548298358917
0.004856033716350794
0.5627168416976929
0.32000455260276794
0.5590894818305969
0.9431042075157166
0.3672233521938324
0.5127342343330383
0.2516894042491913
0.4318177402019501
0.9500556588172913
0.9547638297080994
0.26456689834594727
0.6082440614700317
0.5263752937316895
0.830532431602478
0.24272121489048004
0.21980856359004974
0.7982476353645325
0.14352211356163025
0.5678893327713013
0.6806270480155945
0.08903255313634872
0.694159209728241
0.4040551781654358
0.07827896624803543
0.9410539865493774
0.26676273345947266
0.9201198220252991
0.5377024412155151
0.28119707107543945
0.7873418927192688
0.017870765179395676
0.49669045209884644
0.5966031551361084
0.8194403648376465
0.5297970771789551
0.3069591224193573
0.9436348080635071
0.9879462718963623
0.21523292362689972
0.8928473591804504
0.9377004504203796
0.22592930495738983
0.5460179448127747
0.15765388309955597
0.838314414024353
0.0603947639465332
0.3068500757217407
0.787147581577301
0.4713280200958252
0.967138409614563
0.4268779754638672
0.6582131385803223
0.7891831398010254
0.2541908621788025
0.8525461554527283
0.18327443301677704
0.9480996131896973
0.9473422169685364
0.9707299470901489
0.25400450825691223
0.682601809501648
0.8363460898399353
0.07172314822673798
0.6850724220275879
0.5140536427497864
0.5056944489479065
0.09001542627811432
0.21582314372062683
0.43221908807754517
0.2731401026248932
0.7590405941009521
0.6379500031471252
0.0848657414317131
0.12559688091278076
0.7562323212623596
0.6342146992683411
0.052776969969272614
0.5909944772720337
0.6384791135787964
0.6438303589820862
0.22674354910850525
0.2745230197906494
0.3099183738231659
0.8092485070228577
0.43089208006858826
0.47186988592147827
0.9554791450500488
0.26350435614585876
0.8152785897254944
0.4834572672843933
0.7934768795967102
0.80873703956604
0.7656989097595215
0.7467531561851501
0.5160291194915771
0.7481991648674011
0.5079526305198669
0.8396074175834656
0.19731129705905914
0.4813050329685211
0.16354288160800934
0.12857192754745483
0.587204098701477
0.17481517791748047
0.39934104681015015
0.020151246339082718
0.4002660810947418
0.694683313369751
0.8319987058639526
0.28881099820137024
0.5271471738815308
0.9234399795532227
0.19891750812530518
0.9639319777488708
0.8395460247993469
0.4503057897090912
0.4404466152191162
0.40196382999420166
0.1102905422449112
0.14870315790176392
0.5009903311729431
0.748100996017456
0.7586408853530884
0.6414936184883118
0.1810007095336914
0.19238311052322388
0.19645985960960388
0.17070144414901733
0.45375296473503113
0.2992823123931885
0.33207809925079346
0.2667786777019501
0.7659408450126648
0.23555892705917358
0.5723430514335632
0.09020315110683441
0.24971728026866913
0.11009067296981812
0.22247451543807983
0.7985425591468811
0.651561439037323
0.799314022064209
0.5846160650253296
0.19821831583976746
0.19062386453151703
0.3337647616863251
0.2298688292503357
0.9454889297485352
0.9460344314575195
0.15881454944610596
0.5544537901878357
0.0020892333704978228
0.9897292256355286
0.18538418412208557
0.8059707880020142
0.3270708918571472
0.9045516848564148
0.863970935344696
0.6947824954986572
0.6240255236625671
0.9580784440040588
0.4295312166213989
0.0317702442407608
0.7585254311561584
0.7019917368888855
0.9597302675247192
0.8852531909942627
0.6847790479660034
0.07502498477697372
0.00953168235719204
0.9458289742469788
0.03235479071736336
0.2423866242170334
0.389352023601532
0.6732485294342041
0.8722043633460999
0.6697779893875122
0.8091702461242676
0.8944015502929688
0.015870481729507446
0.04108131304383278
0.770883321762085
0.3152674734592438
0.24557705223560333
0.38480815291404724
0.47755691409111023
0.8646532297134399
0.6576839089393616
0.660850465297699
0.9567360281944275
0.14281412959098816
0.4478631019592285
0.49846887588500977
0.6943384408950806
0.24160520732402802
0.6777471303939819
0.9371569156646729
0.6156725287437439
0.5786265730857849
0.029750298708677292
0.8892082571983337
0.43017855286598206
0.9915378093719482
0.5057264566421509
0.3797016143798828
0.3342859745025635
0.4302626848220825
0.7852404713630676
0.11626986414194107
0.09705066680908203
0.09870228916406631
0.41488367319107056
0.4349866807460785
0.13247759640216827
0.4372120201587677
0.28486889600753784
0.11137261241674423
0.24650676548480988
0.15462499856948853
0.18099351227283478
0.9742961525917053
0.6641133427619934
0.4517948031425476
0.6152735352516174
0.5327925682067871
0.04118890315294266
0.5272408723831177
0.9428154230117798
0.9794887900352478
0.6803199648857117
0.9804834127426147
0.22147198021411896
0.03905320540070534
0.32869893312454224
0.24247705936431885
0.5232391357421875
0.028789158910512924
0.7458120584487915
0.21079066395759583
0.9167090654373169
0.24088439345359802
0.4111030399799347
0.8061100840568542
0.9689443111419678
0.48925328254699707
0.6447622776031494
0.08682309836149216
0.24083949625492096
0.4836413860321045
0.27760615944862366
0.5947312712669373
0.6425034999847412
0.5365981459617615
0.8635105490684509
0.3446565568447113
0.9542064070701599
0.5689106583595276
0.8719885349273682
0.6425061821937561
0.31356579065322876
0.661486029624939
0.34327468276023865
0.47623804211616516
0.8516831994056702
0.39844295382499695
0.9319272637367249
0.9484373331069946
0.9265976548194885
0.16411249339580536
0.7311172485351562
0.6893245577812195
0.5922216176986694
0.7618047595024109
0.7240240573883057
0.5494756102561951
0.10626830905675888
0.1548718512058258
0.7081342935562134
0.9649021029472351
0.500342845916748
0.7459405064582825
0.7403859496116638
0.36906933784484863
0.38885214924812317
0.9588872194290161
0.4674152433872223
0.3843178451061249
0.04730282351374626
0.7068935036659241
0.836669385433197
0.875228226184845
0.6143776774406433
0.0022325790487229824
0.8647710680961609
0.8701480031013489
0.0008814689354039729
0.9087461829185486
0.8507302403450012
0.1076490730047226
0.8606235384941101
0.5804139971733093
0.7991260290145874
0.4763568341732025
0.7540659308433533
0.32502681016921997
0.35207584500312805
0.0033202138729393482
0.3408297002315521
0.928499162197113
0.5903689861297607
0.6446534395217896
0.6781888008117676
0.3729580342769623
0.5596158504486084
0.2969828248023987
0.2290576696395874
0.0899186059832573
0.6626749038696289
0.5922065377235413
0.023041361942887306
0.4786101281642914
0.9498798847198486
0.18262805044651031
0.7775992155075073
0.19005317986011505
0.23860414326190948
0.875914990901947
0.22066162526607513
0.8376131653785706
0.5931687355041504
0.07715564221143723
0.19225375354290009
0.5775482654571533
0.7870509028434753
0.027168095111846924
0.3636162281036377
0.0759938508272171
0.9463689923286438
0.8903560042381287
0.464227557182312
0.8149256706237793
0.9722766280174255
0.28426146507263184
0.23203206062316895
0.5559439659118652
0.8255842924118042
0.4942103922367096
0.4901886582374573
0.5417876243591309
0.5858557224273682
0.07949582487344742
0.9951149225234985
0.5755944848060608
0.9341017603874207
0.11962319165468216
0.7591409683227539
0.12240619212388992
0.8895301818847656
0.6540377140045166
0.6839355230331421
0.20396223664283752
0.8510489463806152
0.7219185829162598
0.9991855025291443
0.4897902309894562
0.2497795820236206
0.4009118378162384
0.7417352199554443
0.12162104994058609
0.6518486142158508
0.361833781003952
0.5942914485931396
0.35869932174682617
0.8762807846069336
0.22786052525043488
0.06309805065393448
0.6224907636642456
0.17278528213500977
0.10349135845899582
0.44095033407211304
0.4908761978149414
0.6180662512779236
0.2066064476966858
0.03307989612221718
0.404351145029068
0.33088237047195435
0.993097186088562
0.465498685836792
0.9832839965820312
0.16266193985939026
0.43404799699783325
0.25802239775657654
0.22633764147758484
0.21320833265781403
0.6018918752670288
0.4176066815853119
0.18276658654212952
0.614401638507843
0.3556774854660034
0.8314192295074463
0.1591101586818695
0.4198269546031952
0.5357008576393127
0.5925034284591675
0.8410881161689758
0.37243419885635376
0.016088899224996567
0.9242293834686279
0.2276717722415924
0.9873676300048828
0.14508402347564697
0.9104002118110657
0.5694913268089294
0.38719120621681213
0.5393307209014893
0.15420833230018616
0.6862446069717407
0.5849511623382568
0.3371133506298065
0.5539044737815857
0.16095103323459625
0.5317907333374023
0.3922922909259796
0.10472816228866577
0.5843950510025024
0.43299734592437744
0.22400183975696564
0.14644648134708405
0.12786032259464264
0.6400304436683655
0.07286950200796127
0.8809096217155457
0.8976118564605713
0.5557810664176941
0.6204912662506104
0.8728727698326111
0.5056681036949158
0.9687267541885376
0.37356647849082947
0.35070231556892395
0.6345791816711426
0.7826279401779175
0.8895278573036194
0.194301038980484
0.10764075070619583
0.17516906559467316
0.9068769812583923
0.2944186329841614
0.2635515630245209
0.04899594560265541
0.34132862091064453
0.9841515421867371
0.973271369934082
0.48796090483665466
0.12046927958726883
0.8098184466362
0.7452652454376221
0.19459658861160278
0.3474143445491791
0.7541760802268982
0.3084734082221985
0.08238397538661957
0.447814017534256
0.21873906254768372
0.10502047836780548
0.9370002150535583
0.8748966455459595
0.28331467509269714
0.41880324482917786
0.9317450523376465
0.09885869175195694
0.28206580877304077
0.9870041012763977
0.7693007588386536
0.2616073489189148
0.7452583909034729
0.1976756751537323
0.45475855469703674
0.9926627278327942
0.2714991867542267
0.4125281572341919
0.8207509517669678
0.5736849904060364
0.6792309284210205
0.9571742415428162
0.1869109719991684
0.16465237736701965
0.2409794181585312
0.10902466624975204
0.32137051224708557
0.49205607175827026
0.769544780254364
0.4001089036464691
0.6613573431968689
0.08462931215763092
0.42139947414398193
0.5388802289962769
0.5090209245681763
0.5808104276657104
0.05506100505590439
0.6749192476272583
0.7544652819633484
0.0813688412308693
0.917998731136322
0.2981594204902649
0.7111251950263977
0.6919495463371277
0.4131459891796112
0.28262603282928467
0.5254051089286804
0.8271605968475342
0.5692145824432373
0.6311830282211304
0.8283500075340271
0.770700216293335
0.7651193141937256
0.1135811135172844
0.879971981048584
0.6986961364746094
0.3905847668647766
0.7209547758102417
0.33381596207618713
0.999951958656311
0.4139553904533386
0.5655269026756287
0.23286126554012299
0.4179665744304657
0.6311722993850708
0.6310610771179199
0.763508141040802
0.37424236536026
0.9402544498443604
0.521547257900238
0.2996247112751007
0.25150832533836365
0.4337359368801117
0.37662866711616516
0.6860501170158386
0.00840672105550766
0.4296220541000366
0.48810482025146484
0.9352748394012451
0.8788747787475586
0.3448680341243744
0.9190877079963684
0.9944812059402466
0.2846297323703766
0.07020018249750137
0.053327254951000214
0.17025014758110046
0.6879421472549438
0.5048434138298035
0.664610743522644
0.4452631175518036
0.9206501245498657
0.903186023235321
0.1845436841249466
0.6152487397193909
0.7448939681053162
0.8003963232040405
0.3393685817718506
0.6081627607345581
0.8471056818962097
0.7839053869247437
0.01688203029334545
0.7461177706718445
0.08188861608505249
0.1658220738172531
0.4850788712501526
0.9713323712348938
0.28589296340942383
0.05638285353779793
0.9885061979293823
0.02904243767261505
0.9123324751853943
0.7722402811050415
0.36163997650146484
0.08453407138586044
0.13748379051685333
0.19262203574180603
0.43380406498908997
0.22124524414539337
0.7180519104003906
0.4867761433124542
0.9203758835792542
0.5620315670967102
0.34892892837524414
0.07388405501842499
0.46787673234939575
0.7624371647834778
0.5311056971549988
0.20116692781448364
0.9614802598953247
0.7297006845474243
0.4291467070579529
0.008531122468411922
0.6545352339744568
0.3720981180667877
0.8741404414176941
0.4156293570995331
0.7554636597633362
0.8216725587844849
0.8208290338516235
0.8482375741004944
0.10274136066436768
0.14512737095355988
0.8015076518058777
0.645954430103302
0.3078458607196808
0.3798515498638153
0.6135643124580383
0.9089901447296143
0.29160934686660767
0.36554768681526184
0.8459203839302063
0.2562936842441559
0.4232815206050873
0.9031909704208374
0.44242382049560547
0.26276466250419617
0.17996752262115479
0.7182098627090454
0.24544046819210052
0.9803833961486816
0.2312714010477066
0.2298191785812378
0.029529115185141563
0.20672908425331116
0.3178756833076477
0.8201997876167297
0.31350329518318176
0.017664780840277672
0.19785986840724945
0.2703576385974884
0.10836836695671082
0.31366926431655884
0.19074822962284088
0.2367895096540451
0.32671165466308594
0.6752338409423828
0.6712042689323425
0.8819241523742676
0.9239214062690735
0.5509130954742432
0.18270407617092133
0.09211267530918121
0.8885427117347717
0.774692714214325
0.8901306390762329
0.4565683901309967
0.25569137930870056
0.40497925877571106
0.6138465404510498
0.08821497112512589
0.05376030132174492
0.15437453985214233
0.4693385064601898
0.351193904876709
0.8943095803260803
0.6891269683837891
0.8008232712745667
0.4647253751754761
0.5742582082748413
0.882533848285675
0.038837455213069916
0.1897100806236267
0.6081647276878357
0.6414583325386047
0.33777496218681335
0.6648417115211487
0.4230230748653412
0.025620214641094208
0.17855308949947357
0.20949378609657288
0.6332150101661682
0.7983635663986206
0.901192307472229
0.324837327003479
0.008728466928005219
0.0652395710349083
0.9339697957038879
0.8307730555534363
0.6156326532363892
0.9245927929878235
0.5844346284866333
0.5573422908782959
0.8353620171546936
0.5103003978729248
0.9929726719856262
0.3151015341281891
0.7996062636375427
0.7141336798667908
0.8413090705871582
0.06300167739391327
0.5213097929954529
0.9565827250480652
0.8564186692237854
0.8301474452018738
0.425150990486145
0.5734835267066956
0.6645973920822144
0.6579280495643616
0.2784649133682251
0.3043380677700043
0.079805389046669
0.5936769247055054
0.7757663130760193
0.41387641429901123
0.7742847204208374
0.8603429198265076
0.4325626492500305
0.14621394872665405
0.16162198781967163
0.15184758603572845
0.010115016251802444
0.06985432654619217
0.8909474611282349
0.16821475327014923
0.3257061541080475
0.05115647614002228
0.9529708623886108
0.5741544961929321
0.375994473695755
0.6679487824440002
0.9729927182197571
0.5705949664115906
0.654516875743866
0.5495044589042664
0.4537672996520996
0.05127819627523422
0.1721792072057724
0.4523325264453888
0.1321047842502594
0.3926672339439392
0.8123642206192017
0.8824154138565063
0.01706758327782154
0.029172668233513832
0.4507649838924408
0.23449362814426422
0.361926794052124
0.31469884514808655
0.50523442029953
0.9775679707527161
0.6472429633140564
0.5624498724937439
0.0857236385345459
0.5475470423698425
0.7318326830863953
0.8871808052062988
0.9988020062446594
0.43495357036590576
0.02885148860514164
0.9587715268135071
0.4958820939064026
0.27767452597618103
0.5477879047393799
0.3264399468898773
0.8928355574607849
0.8286485075950623
0.6849694848060608
0.8318967223167419
0.5722058415412903
0.48932963609695435
0.9976772665977478
0.7385210394859314
0.40355515480041504
0.8537371754646301
0.014737994410097599
0.004114044830203056
0.05810510739684105
0.2380058318376541
0.7300840616226196
0.9312626719474792
0.23223046958446503
0.2822493612766266
0.18724000453948975
0.6539639234542847
0.024521684274077415
0.17669577896595
0.9275532960891724
0.2030365765094757
0.3396874964237213
0.9649458527565002
0.3383307158946991
0.6463004350662231
0.8288475871086121
0.9302181005477905
0.40527766942977905
0.5493460893630981
0.45041513442993164
0.7759357690811157
0.6341021656990051
0.17477969825267792
0.031792689114809036
0.17888927459716797
0.3840964138507843
0.7310484647750854
0.2835301160812378
0.8252477049827576
0.24481827020645142
0.24083542823791504
0.3144116699695587
0.5516278743743896
0.7972095012664795
0.018958231434226036
0.2713099420070648
0.6692293882369995
0.9370688199996948
0.113211490213871
0.36909812688827515
0.7118542790412903
0.24117068946361542
0.9606639742851257
0.6668869853019714
0.3885383605957031
0.3809733986854553
0.8319427967071533
0.43331047892570496
0.5856490135192871
0.6354873180389404
0.9251286387443542
0.6697750687599182
0.14955471456050873
0.42627596855163574
0.30231595039367676
0.4102082848548889
0.7412768602371216
0.12213298678398132
0.791178822517395
0.8723825812339783
0.9871269464492798
0.9995479583740234
0.230862557888031
0.9928786158561707
0.459338515996933
0.06922290474176407
0.8359100818634033
0.6452104449272156
0.3374777138233185
0.38892871141433716
0.36132994294166565
0.7256214618682861
0.22776326537132263
0.5013293027877808
0.16696485877037048
0.15812289714813232
0.4616805613040924
0.6964824199676514
0.07301125675439835
0.8205653429031372
0.10792882740497589
0.7793371081352234
0.08963833004236221
0.8989154100418091
0.1125972792506218
0.193100243806839
0.06993354856967926
0.19435065984725952
0.8322420716285706
0.5028906464576721
0.20298022031784058
0.7234731316566467
0.4656399190425873
0.4805324077606201
0.6576745510101318
0.6192898154258728
0.6359269022941589
0.09670993685722351
0.39765000343322754
0.2095654010772705
0.12599164247512817
0.9337456226348877
0.6313145756721497
0.23369775712490082
0.7102010846138
0.3010263741016388
0.36008310317993164
0.8980230689048767
0.19547207653522491
0.7908977270126343
0.6347709894180298
0.8925727605819702
0.18595625460147858
0.496080607175827
0.5184530019760132
0.9871200919151306
0.1830650269985199
0.00014769230620004237
0.9744577407836914
0.6562840342521667
0.5168594717979431
0.1951306313276291
0.034059446305036545
0.5060693621635437
0.833507239818573
0.5579623579978943
0.8435888886451721
0.857230544090271
0.4165568947792053
0.5009543299674988
0.9629095792770386
0.7575496435165405
0.37882986664772034
0.9052839279174805
0.6482241749763489
0.17088623344898224
0.6414632797241211
0.5712985396385193
0.09349963814020157
0.5303623676300049
0.7802738547325134
0.4495187997817993
0.38876745104789734
0.5276013612747192
0.985597550868988
0.11135881394147873
0.7081121206283569
0.5120834112167358
0.3309118449687958
0.31469547748565674
0.3505454659461975
0.18366065621376038
0.27577635645866394
0.3627084195613861
0.5171275734901428
0.6963217854499817
0.1419191062450409
0.001575652277097106
0.40379658341407776
0.028407029807567596
0.4068816900253296
0.26843613386154175
0.4611097276210785
0.7023440003395081
0.005580360535532236
0.5125831961631775
0.21089260280132294
0.6293603777885437
0.28149938583374023
0.6651531457901001
0.6436322331428528
0.60721355676651
0.24181458353996277
0.2799411118030548
0.7197055220603943
0.5529468059539795
0.925885021686554
0.680368959903717
0.22740750014781952
0.1678345948457718
0.9964435696601868
0.19223682582378387
0.3683044910430908
0.7558372616767883
0.195480078458786
0.19234472513198853
0.6651161909103394
0.763454020023346
0.9967572093009949
0.7616021037101746
0.4572559893131256
0.36366409063339233
0.8799852728843689
0.4827490448951721
0.22196128964424133
0.9777583479881287
0.8330476880073547
0.13377141952514648
0.9102665781974792
0.7055715918540955
0.6224879622459412
0.797922670841217
0.4228374660015106
0.5755895972251892
0.16121777892112732
0.13178399205207825
0.43275079131126404
0.45169392228126526
0.3107878863811493
0.8661376237869263
0.6326067447662354
0.5567488670349121
0.8309858441352844
0.11451311409473419
0.4086466431617737
0.36094653606414795
0.15289784967899323
0.2425767183303833
0.7282795310020447
0.7438910007476807
0.9595268964767456
0.054385121911764145
0.9694764018058777
0.49266746640205383
0.41495293378829956
0.6720539331436157
0.64069664478302
0.41798698902130127
0.26174503564834595
0.9189034700393677
0.2477828413248062
0.5735601186752319
0.22732266783714294
0.4448978900909424
0.6804752349853516
0.8340718746185303
0.07551715523004532
0.4325176179409027
0.6982629299163818
0.6228962540626526
0.6264150142669678
0.01804208755493164
0.09411091357469559
0.3224145770072937
0.8063328862190247
0.5453319549560547
0.25522035360336304
0.8021277189254761
0.29672402143478394
0.8620797991752625
0.8515580892562866
0.5716602802276611
0.40939566493034363
0.23734214901924133
0.18892188370227814
0.7166062593460083
0.3824017643928528
0.6313251852989197
0.6729839444160461
0.3040696680545807
0.9732964634895325
0.6240960955619812
0.3737131655216217
0.8288673162460327
0.6837872266769409
0.1678258776664734
0.34597328305244446
0.8104392886161804
0.03120531141757965
0.30699196457862854
0.107740119099617
0.5958050489425659
0.0029350328259170055
0.17646721005439758
0.07492688298225403
0.4974428713321686
0.11350426822900772
0.6292592287063599
0.1983582079410553
0.9345678687095642
0.6875559091567993
0.24273662269115448
0.6691591739654541
0.14455576241016388
0.655750036239624
0.08716077357530594
0.3820817172527313
0.08951591700315475
0.602140486240387
0.6559716463088989
0.5885769128799438
0.5327845215797424
0.8576746582984924
0.18315552175045013
0.8472127318382263
0.4799143671989441
0.7987743616104126
0.7984458804130554
0.04482477530837059
0.28783202171325684
0.16986168920993805
0.7582406997680664
0.23675131797790527
0.9043586850166321
0.3665795624256134
0.7986419796943665
0.048996347934007645
0.5876602530479431
0.18792003393173218
0.3390205502510071
0.5969815850257874
0.27321672439575195
0.6423234343528748
0.333111971616745
0.2305901199579239
0.28133442997932434
0.4958948791027069
0.6785336136817932
0.9640679955482483
0.7074163556098938
0.16839699447155
0.11493448168039322
0.10018410533666611
0.5209698677062988
0.5624364614486694
0.11039319634437561
0.5575966238975525
0.5119972825050354
0.5408440232276917
0.25354719161987305
0.5920102596282959
0.7125802040100098
0.7291650176048279
0.5209217667579651
0.220840185880661
0.8751851320266724
0.7572160363197327
0.8339638113975525
0.7269848585128784
0.013159924186766148
0.08468076586723328
0.21613003313541412
0.5834425091743469
0.2787019610404968
0.32592758536338806
0.37600767612457275
0.12391927093267441
0.054924335330724716
0.6748679280281067
0.22878046333789825
0.46208739280700684
0.032465610653162
0.8312426805496216
0.5896973609924316
0.6425098180770874
0.8928882479667664
0.5374114513397217
0.8896759748458862
0.6939418911933899
0.5656706094741821
0.8720134496688843
0.7514601349830627
0.8047820329666138
0.13908834755420685
0.18979501724243164
0.07638178020715714
0.6321297287940979
0.48704320192337036
0.5724911093711853
0.924239993095398
0.04391627386212349
0.8584803342819214
0.888760507106781
0.0917697474360466
0.11824478954076767
0.1874127835035324
0.0025714284274727106
0.8950838446617126
0.9604993462562561
0.5429620146751404
0.9456981420516968
0.5106268525123596
0.04465923458337784
0.7552574872970581
0.7614740133285522
0.7393174171447754
0.6132581830024719
0.5049654841423035
0.6895172595977783
0.3990878760814667
0.008969034068286419
0.3686465322971344
0.6791309118270874
0.7880111336708069
0.6863829493522644
0.6230893135070801
0.431176096200943
0.7087042927742004
0.41994374990463257
0.9362990260124207
0.025725996121764183
0.8846737742424011
0.7219392657279968
0.05981889367103577
0.1053907722234726
0.7681185603141785
0.763066828250885
0.6849187016487122
0.31473612785339355
0.7563914060592651
0.24612292647361755
0.0220484621822834
0.4057248830795288
0.3231118619441986
0.003973991610109806
0.30540263652801514
0.17522893846035004
0.7218037247657776
0.695579469203949
0.4351431727409363
0.01566062495112419
0.07087679952383041
0.001177423051558435
0.9868283867835999
0.2616090774536133
0.8174511194229126
0.4629850685596466
0.5896333456039429
0.30738598108291626
0.5616113543510437
0.1492788940668106
0.296395868062973
0.7484774589538574
0.9349888563156128
0.5041624307632446
0.21359004080295563
0.8850338459014893
0.0747605413198471
0.8767020106315613
0.522339940071106
0.19972796738147736
0.8911577463150024
0.4250360131263733
0.6580138802528381
0.4420698285102844
0.9252138733863831
0.41018956899642944
0.7093193531036377
0.9724135994911194
0.18813170492649078
0.4999948740005493
0.5645942091941833
0.8661392331123352
0.48121562600135803
0.7471122145652771
0.2852815091609955
0.7155622243881226
0.5256937742233276
0.992395281791687
0.7656012773513794
0.7471896409988403
0.44720080494880676
0.9918693900108337
0.857404351234436
0.05349912494421005
0.7389571666717529
0.737115740776062
0.9653403759002686
0.526000440120697
0.3403606414794922
0.8306725025177002
0.9265746474266052
0.5286868214607239
0.25195255875587463
0.6550189256668091
0.5222256183624268
0.8421874642372131
0.20168457925319672
0.5629891753196716
0.7448338866233826
0.29502415657043457
0.1873306930065155
0.8879484534263611
0.7919454574584961
0.3333532214164734
0.5096921920776367
0.48177048563957214
0.5296927094459534
0.6408820748329163
0.4484698176383972
0.5322375297546387
0.5042042136192322
0.5233164429664612
0.6776581406593323
0.013006129302084446
0.49025723338127136
0.8431116938591003
0.2512431740760803
0.8200057744979858
0.1737598180770874
0.8276789784431458
0.030457904562354088
0.2535945773124695
0.9513601064682007
0.07374372333288193
0.5989537835121155
0.2563735842704773
0.07560689002275467
0.2254219502210617
0.04996291548013687
0.08573216944932938
0.8865064978599548
0.6660065650939941
0.8516059517860413
0.5496273636817932
0.4047415256500244
0.6938881874084473
0.38003459572792053
0.9540942907333374
0.11633417010307312
0.9178825616836548
0.21833349764347076
0.7826504707336426
0.9088675379753113
0.7632879614830017
0.633586049079895
0.025830445811152458
0.8876065611839294
0.7434883117675781
0.30726706981658936
0.364193856716156
0.8544686436653137
0.7420476078987122
0.9742985367774963
0.9796071648597717
0.2797410488128662
0.17503799498081207
0.216207817196846
0.9984275102615356
0.4310682415962219
0.5889605283737183
0.33424559235572815
0.5468822121620178
0.3748754858970642
0.15868854522705078
0.3984587788581848
0.08268618583679199
0.06887037307024002
0.9633954167366028
0.6944336295127869
0.10535167902708054
0.41172412037849426
0.1831527203321457
0.41546502709388733
0.9084699749946594
0.5985397100448608
0.16916176676750183
0.4087185561656952
0.22211597859859467
0.7481886744499207
0.028488917276263237
0.877059817314148
0.5057481527328491
0.2340451031923294
0.9649712443351746
0.8596166968345642
0.4048721194267273
0.805048406124115
0.3273029327392578
0.2568246126174927
0.08035171777009964
0.17039072513580322
0.25166332721710205
0.7211275100708008
0.9946405291557312
0.8702048659324646
0.4095005393028259
0.5932891964912415
0.24102309346199036
0.9879334568977356
0.05778753012418747
0.012823264114558697
0.9802667498588562
0.5719054937362671
0.3056638240814209
0.5164632797241211
0.3658747971057892
0.9130557775497437
0.0777595192193985
0.2612115740776062
0.541481614112854
0.009959922172129154
0.8302891254425049
0.634389340877533
0.1359270066022873
0.2211202085018158
0.4266405403614044
0.11861656606197357
0.689062237739563
0.022251427173614502
0.1099773645401001
0.8980474472045898
0.45081955194473267
0.39449888467788696
0.7600386738777161
0.5764606595039368
0.422967791557312
0.8735040426254272
0.5341730117797852
0.23738838732242584
0.6701872944831848
0.493331640958786
0.5350434184074402
0.8688547015190125
0.5421195030212402
0.9599047899246216
0.8448089361190796
0.16630719602108002
0.7969909310340881
0.6857671141624451
0.5249036550521851
0.8325204253196716
0.6181493401527405
0.09916560351848602
0.7117896676063538
0.9433667659759521
0.18124908208847046
0.010384957306087017
0.22663474082946777
0.18282249569892883
0.0910823717713356
0.9594639539718628
0.4774424135684967
0.8951391577720642
0.7675723433494568
0.6384044885635376
0.021686628460884094
0.31787750124931335
0.6204683184623718
0.7580764889717102
0.4847489595413208
0.7528475522994995
0.1333061158657074
0.6116922497749329
0.48128262162208557
0.14677593111991882
0.06565551459789276
0.33160969614982605
0.278599351644516
0.8777440786361694
0.5553072690963745
0.1773323267698288
0.6752908229827881
0.7959641814231873
0.6640199422836304
0.6275599598884583
0.7869497537612915
0.07676943391561508
0.6363125443458557
0.43182939291000366
0.7243041396141052
0.5823972821235657
0.30859237909317017
0.39321714639663696
0.2230193316936493
0.6665559411048889
0.6654620170593262
0.9118790030479431
0.3644289970397949
0.08144975453615189
0.5917078256607056
0.5783841609954834
0.44901761412620544
0.8518826961517334
0.5958606600761414
0.3196485638618469
0.893550455570221
0.24846774339675903
0.8292912244796753
0.05671478807926178
0.41573798656463623
0.12243610620498657
0.03359873965382576
0.13653692603111267
0.6922948360443115
0.4874483048915863
0.3778049647808075
0.11917968094348907
0.9370181560516357
0.06985373795032501
0.8970364928245544
0.9578348994255066
0.2358780801296234
0.6171037554740906
0.5749354362487793
0.22967350482940674
0.4969465136528015
0.9760603904724121
0.3684123158454895
0.8213740587234497
0.4603765904903412
0.5169004797935486
0.09584525972604752
0.5052271485328674
0.18933241069316864
0.5133846402168274
0.8642790913581848
0.4868682324886322
0.3719315528869629
0.472090482711792
0.7737630009651184
0.97267746925354
0.3993091881275177
0.08726784586906433
0.00029411763534881175
0.10211853682994843
0.6372368931770325
0.5133771896362305
0.3917778432369232
0.10123855620622635
0.8882124423980713
0.4714013338088989
0.49372899532318115
0.5852965712547302
0.06994718313217163
0.6249768137931824
0.8998782634735107
0.05576041713356972
0.2711561918258667
0.3413739800453186
0.33105987310409546
0.901490330696106
0.21422432363033295
0.025405436754226685
0.6270155906677246
0.48273342847824097
0.5336627960205078
0.7784793376922607
0.11174757033586502
0.20918476581573486
0.9248062372207642
0.5404799580574036
0.22756043076515198
0.8853400349617004
0.2799030542373657
0.24902166426181793
0.8969278335571289
0.093170166015625
0.8000226616859436
0.2934313714504242
0.9849528670310974
0.918796956539154
0.25090768933296204
0.48675739765167236
0.9722450971603394
0.8656308650970459
0.1385985165834427
0.5643925070762634
0.2767735421657562
0.2910633981227875
0.20708546042442322
0.8705194592475891
0.20294949412345886
0.1876969337463379
0.05506701022386551
0.22452948987483978
0.49673527479171753
0.45459428429603577
0.24785596132278442
0.35509514808654785
0.4480338394641876
0.7569592595100403
0.2034781128168106
0.05753624066710472
0.250987708568573
0.06421516835689545
0.9002403020858765
0.7569125890731812
0.14484962821006775
0.5917635560035706
0.2678873538970947
0.885820746421814
0.8305911421775818
0.6137912273406982
0.9717138409614563
0.10319773107767105
0.8733992576599121
0.11772830039262772
0.5928190350532532
0.23404215276241302
0.43581610918045044
0.20770235359668732
0.12973590195178986
0.9272735714912415
0.9921038150787354
0.8230227828025818
0.3698912560939789
0.48651713132858276
0.954192042350769
0.8586079478263855
0.48132893443107605
0.96058189868927
0.8979583382606506
0.3126418888568878
0.12509800493717194
0.044145502150058746
0.1263210028409958
0.9001652598381042
0.12675414979457855
0.7701362371444702
0.660733699798584
0.9429354667663574
0.5850080251693726
0.3027316629886627
0.5872237086296082
0.01541406475007534
0.3858738839626312
0.0879025012254715
0.1844906061887741
0.9329524636268616
0.36161118745803833
0.07705079019069672
0.4392758309841156
0.09409449994564056
0.3417479395866394
0.20386698842048645
0.10612787306308746
0.7097049355506897
0.9796119332313538
0.28012824058532715
0.531090259552002
0.5066847205162048
0.9444719552993774
0.8279601335525513
0.880424439907074
0.46694034337997437
0.4812685549259186
0.08448650687932968
0.13957099616527557
0.3404804468154907
0.3468583822250366
0.2711103856563568
0.8643158078193665
0.11871015280485153
0.30011245608329773
0.5479839444160461
0.7560222148895264
0.5558686852455139
0.261830598115921
0.5017262697219849
0.5420559644699097
0.8452714681625366
0.920975923538208
0.869036078453064
0.8024680018424988
0.152988001704216
0.9040095210075378
0.10724802315235138
0.8813929557800293
0.9467660188674927
0.3928479552268982
0.7822974920272827
0.8076284527778625
0.14508333802223206
0.361654132604599
0.3620559871196747
0.15077194571495056
0.64009690284729
0.0058858441188931465
0.3341640830039978
0.8315379023551941
0.8895511627197266
0.08274468034505844
0.7262856364250183
0.5601586699485779
0.4572199881076813
0.6746232509613037
0.6636909246444702
0.49030783772468567
0.9115148186683655
0.19722643494606018
0.4460737109184265
0.16857555508613586
0.6971085071563721
0.42621368169784546
0.870171844959259
0.73625248670578
0.11349107325077057
0.2832881510257721
0.3718055784702301
0.7011401653289795
0.5639083981513977
0.03866034001111984
0.5198133587837219
0.8409843444824219
0.6721380949020386
0.5040538907051086
0.40556612610816956
0.43468475341796875
0.9632316827774048
0.4180266857147217
0.2629152834415436
0.306986004114151
0.46395426988601685
0.3644151985645294
0.7184686660766602
0.007772027514874935
0.7080526351928711
0.0664752870798111
0.4888904094696045
0.9302895069122314
0.12079200148582458
0.34000203013420105
0.9303756356239319
0.6186850666999817
0.6128203272819519
0.4184856116771698
0.1077304556965828
0.3578919768333435
0.4140140116214752
0.22090493142604828
0.42944762110710144
0.6395677924156189
0.9431760311126709
0.3758438527584076
0.4894478917121887
0.5658953785896301
0.98700350522995
0.43609362840652466
0.7656118869781494
0.15081726014614105
0.9539213180541992
0.629632294178009
0.36364245414733887
0.4721563458442688
0.2159670740365982
0.038351062685251236
0.4791196286678314
0.6186596751213074
0.22057323157787323
0.5295692682266235
0.5878214240074158
0.971494197845459
0.8700369000434875
0.8821805119514465
0.9252759218215942
0.1695120930671692
0.15457656979560852
0.6772063374519348
0.2540613114833832
0.6955531239509583
0.03766842931509018
0.7751572728157043
0.873839795589447
0.29764965176582336
0.014071607030928135
0.7255859971046448
0.6134291291236877
0.0010584830306470394
0.9394250512123108
0.23583920300006866
0.21057289838790894
0.3956105411052704
0.6674649119377136
0.4005088210105896
0.7090193629264832
0.35179170966148376
0.16657796502113342
0.39687854051589966
0.4180922210216522
0.5839888453483582
0.44425609707832336
0.8484984040260315
0.5559930801391602
0.620563805103302
0.13718360662460327
0.8610314726829529
0.589080810546875
0.35916951298713684
0.6240105628967285
0.05406244844198227
0.01028355211019516
0.26124298572540283
0.48695436120033264
0.7806003093719482
0.09297337383031845
0.7779255509376526
0.06626804172992706
0.955599844455719
0.2664041519165039
0.4618096649646759
0.8668403625488281
0.6809553503990173
0.6358811259269714
0.9680206179618835
0.39079001545906067
0.37947049736976624
0.5494762063026428
0.21085579693317413
0.8149678707122803
0.41966909170150757
0.7061456441879272
0.19557492434978485
0.2122073918581009
0.6185207962989807
0.2650115191936493
0.5670469403266907
0.5198869705200195
0.20301631093025208
0.07926913350820541
0.8682759404182434
0.5745042562484741
0.556881308555603
0.32061323523521423
0.08195915818214417
0.3116261661052704
0.17698819935321808
0.1579337865114212
0.9379536509513855
0.1763754040002823
0.2972877621650696
0.8084767460823059
0.6614344120025635
0.6552475690841675
0.5234249830245972
0.7103258371353149
0.7529800534248352
0.6534340977668762
0.5912289619445801
0.5889185667037964
0.6953502297401428
0.003764955559745431
0.543561577796936
0.7503613233566284
0.8192269802093506
0.4103012979030609
0.432307630777359
0.0941595658659935
0.624167263507843
0.4436832368373871
0.4933570623397827
0.8211968541145325
0.5593330264091492
0.8241297602653503
0.5919525027275085
0.5086137652397156
0.13951145112514496
0.9342257976531982
0.28513312339782715
0.27466633915901184
0.5509043335914612
0.5453760623931885
0.8035977482795715
0.3095337450504303
0.8276468515396118
0.9731450080871582
0.1522337943315506
0.26202526688575745
0.1841280311346054
0.3642614483833313
0.14501143991947174
0.4955293536186218
0.16792809963226318
0.2506103217601776
0.032912034541368484
0.9840500950813293
0.397519588470459
0.28564539551734924
0.004474027547985315
0.2287125587463379
0.3288872539997101
0.8543405532836914
0.9077578186988831
0.3173963129520416
0.26221713423728943
0.09610195457935333
0.8535909652709961
0.47629672288894653
0.1764235496520996
0.8090563416481018
0.5489955544471741
0.8017296195030212
0.6417224407196045
0.8958548903465271
0.04067472368478775
0.5724686980247498
0.4143364727497101
0.7697521448135376
0.6324520111083984
0.28336334228515625
0.424217164516449
0.8707210421562195
0.3190370202064514
0.19301992654800415
0.6552735567092896
0.16291169822216034
0.1682557463645935
0.5552902221679688
0.2592882513999939
0.5708432793617249
0.012542924843728542
0.5952066779136658
0.8139215111732483
0.037028152495622635
0.40077677369117737
0.39449647068977356
0.16385923326015472
0.22822226583957672
0.839356005191803
0.1469556838274002
0.9759904742240906
0.4166434109210968
0.1980103999376297
0.16908149421215057
5.904710997128859e-05
0.005048761609941721
0.825518786907196
0.8509456515312195
0.8012222647666931
0.7778491377830505
0.5172162652015686
0.5515514016151428
0.7170844674110413
0.06227412074804306
0.7656990885734558
0.3153105080127716
0.9152330160140991
0.28208720684051514
0.8440402150154114
0.9106603264808655
0.9165372848510742
0.414917528629303
0.7485538721084595
0.056307338178157806
0.24481171369552612
0.25008705258369446
0.15385720133781433
0.016283346340060234
0.3635956346988678
0.6578677296638489
0.9081749320030212
0.5498186945915222
0.6158870458602905
0.3948875665664673
0.046807944774627686
0.12980344891548157
0.382440984249115
0.5001375675201416
0.28569114208221436
0.6854179501533508
0.9194651246070862
0.29423099756240845
0.5832645297050476
0.8616865873336792
0.9677425622940063
0.5984230041503906
0.6853956580162048
0.5208840370178223
0.5171226859092712
0.8642828464508057
0.4397675395011902
0.16497328877449036
0.35525044798851013
0.8833834528923035
0.9835426211357117
0.1906493604183197
0.4375535249710083
0.2769213318824768
0.16177169978618622
0.07035420089960098
0.3371860086917877
0.09512786567211151
0.2772262990474701
0.05178961902856827
0.12208113074302673
0.5410791635513306
0.38006648421287537
0.25200262665748596
0.3407450020313263
0.837252140045166
0.623157799243927
0.06756161153316498
0.4889204800128937
0.6445380449295044
0.988525390625
0.181665301322937
0.9806863069534302
0.1528943032026291
0.6218324899673462
0.3573262691497803
0.26745083928108215
0.16924874484539032
0.6238118410110474
0.9040675163269043
0.7514508366584778
0.8527257442474365
0.1054019182920456
0.1285008043050766
0.30792418122291565
0.8137378096580505
0.6123399138450623
0.32483598589897156
0.34356316924095154
0.06960397958755493
0.5096322894096375
0.03218580782413483
0.22342269122600555
0.18754969537258148
0.8681811690330505
0.8604108691215515
0.04154694452881813
0.5966930985450745
0.041800130158662796
0.379935622215271
0.5665003657341003
0.9683899879455566
0.6514534950256348
0.557206392288208
0.675001323223114
0.5159788131713867
0.3837275505065918
0.11356079578399658
0.19734221696853638
0.10892728716135025
0.7580748796463013
0.2889178395271301
0.32006382942199707
0.11442089080810547
0.8466209769248962
0.8874991536140442
0.4572547674179077
0.8362902998924255
0.600053608417511
0.49582439661026
0.058446988463401794
0.29060062766075134
0.7235386967658997
0.26390013098716736
0.13300563395023346
0.3496224582195282
0.41529273986816406
0.9599131941795349
0.4177871346473694
0.0026652764063328505
0.35181689262390137
0.8341349363327026
0.5575061440467834
0.4149831533432007
0.23076915740966797
0.03223956376314163
0.44473159313201904
0.6557104587554932
0.4741614758968353
0.7663561105728149
0.2726530432701111
0.9749366044998169
0.6715592741966248
0.5004744529724121
0.3584369719028473
0.3417985439300537
0.6932735443115234
0.9838456511497498
0.36914145946502686
0.46000245213508606
0.31860625743865967
0.4652459919452667
0.701946496963501
0.6593462824821472
0.8767215013504028
0.6307966113090515
0.8717178702354431
0.709837019443512
0.24674668908119202
0.9795032739639282
0.24414269626140594
0.5738762617111206
0.011761864647269249
0.8623009920120239
0.8236315846443176
0.6470375061035156
0.35417649149894714
0.5882699489593506
0.7857847809791565
0.3742879629135132
0.15882064402103424
0.15763767063617706
0.34405696392059326
0.4279934763908386
0.8354914784431458
0.12891149520874023
0.5373781323432922
0.817838728427887
0.6947188377380371
0.9182947874069214
0.224977046251297
0.20025615394115448
0.542262613773346
0.03297742083668709
0.551699697971344
0.4551129937171936
0.12036485224962234
0.3082195818424225
0.2336653172969818
0.8862753510475159
0.6584031581878662
0.09018459916114807
0.24678172171115875
0.8717119097709656
0.8087708353996277
0.3175031244754791
0.6895903944969177
0.9448136687278748
0.28575971722602844
0.35788577795028687
0.02569635771214962
0.5357961654663086
0.02516656368970871
0.4217599928379059
0.3777197599411011
0.5913658142089844
0.8529170155525208
0.3335079252719879
0.7618457078933716
0.8825634717941284
0.5207102298736572
0.35117942094802856
0.1595229059457779
0.1679636836051941
0.009818646125495434
0.5428764224052429
0.46661409735679626
0.8144410252571106
0.7164397835731506
0.041958000510931015
0.12010464072227478
0.2932863235473633
0.5103306174278259
0.4023517966270447
0.7170417904853821
0.14498117566108704
0.4574147164821625
0.8968738317489624
0.48437631130218506
0.5019270777702332
0.3082408010959625
0.6818511486053467
0.6128708124160767
0.796958327293396
0.37893664836883545
0.27023831009864807
0.6706864237785339
0.3069417178630829
0.4610837697982788
0.7785195708274841
0.4459817707538605
0.2225905805826187
0.6541194915771484
0.9451794624328613
0.30589741468429565
0.6494542956352234
0.44782063364982605
0.0445220060646534
0.3147948384284973
0.7168281674385071
0.06605806201696396
0.5658196806907654
0.22036626935005188
0.7629793286323547
0.2791050374507904
0.2319437861442566
0.6981052756309509
0.464801549911499
0.20110560953617096
0.37998855113983154
0.4681752622127533
0.7141205072402954
0.6011799573898315
0.0005994809325784445
0.048678766936063766
0.4378170967102051
0.6763556599617004
0.7167553901672363
0.44511324167251587
0.8230715990066528
0.5035325288772583
0.46854498982429504
0.17432498931884766
0.23631545901298523
0.18657240271568298
0.8668239116668701
0.9300472736358643
0.8911946415901184
0.3629428446292877
0.517360270023346
0.7820824980735779
0.20179803669452667
0.554859459400177
0.4511870741844177
0.8685287237167358
0.3702031970024109
0.3229323625564575
0.555902898311615
0.2558673918247223
0.7709766030311584
0.684262216091156
0.8665465116500854
0.5449188947677612
0.11252723634243011
0.7192941308021545
0.7217329740524292
0.8559715151786804
0.26993420720100403
0.7410995960235596
0.833602786064148
0.6976210474967957
0.02002859115600586
0.6537986993789673
0.1602490097284317
0.9945439696311951
0.8544875383377075
0.917815089225769
0.3995947241783142
0.8601248860359192
0.2692936658859253
0.46840107440948486
0.4413652718067169
0.36501678824424744
0.7734167575836182
0.8773781657218933
0.5398809313774109
0.4875960052013397
0.11802168190479279
0.8571070432662964
0.07949045300483704
0.80826336145401
0.41803207993507385
0.38916799426078796
0.8720868229866028
0.05024050176143646
0.3792397677898407
0.7844852209091187
0.6631619930267334
0.628476619720459
0.6017017364501953
0.5899600982666016
0.5179142951965332
0.7041738629341125
0.1726224422454834
0.9946144819259644
0.2905293405056
0.33790987730026245
0.24264833331108093
0.28619036078453064
0.23560287058353424
0.3401506543159485
0.4173704981803894
0.4225870668888092
0.7208151817321777
0.8610150218009949
0.4186863899230957
0.1803428828716278
0.8947005271911621
0.9968746900558472
0.0719073936343193
0.7216670513153076
0.1596919298171997
0.8685367703437805
0.04640521481633186
0.16164058446884155
0.5787056088447571
0.2723432779312134
0.539539635181427
0.42418012022972107
0.8316782116889954
0.5674432516098022
0.8810536861419678
0.6169989705085754
0.7239988446235657
0.35795751214027405
0.7520820498466492
0.6656877398490906
0.4340566396713257
0.6504858732223511
0.2265704870223999
0.4576449692249298
0.6944057941436768
0.9916244745254517
0.044061802327632904
0.8538969159126282
0.5099172592163086
0.38877636194229126
0.5958476662635803
0.979884147644043
0.893176794052124
0.731935977935791
0.0346451960504055
0.7174776792526245
0.7000052332878113
0.31105470657348633
0.9276875257492065
0.6694574356079102
0.5117111802101135
0.6384170055389404
0.26106226444244385
0.5516220331192017
0.8490272164344788
0.7647106647491455
0.9278597831726074
0.9840781688690186
0.03477252647280693
0.6714720726013184
0.39597007632255554
0.5803783535957336
0.8966361880302429
0.43747925758361816
0.002495639491826296
0.10084139555692673
0.6208124756813049
0.858449399471283
0.8154464364051819
0.16346494853496552
0.7247833609580994
0.41687074303627014
0.5106903910636902
0.42867404222488403
0.4623917043209076
0.33440038561820984
0.26123934984207153
0.8826339840888977
0.032545290887355804
0.7622226476669312
0.7285935878753662
0.2593752443790436
0.21029554307460785
0.5882150530815125
0.6878325343132019
0.37159883975982666
0.5436844825744629
0.14076584577560425
0.2574397027492523
0.6987171769142151
0.06878171116113663
0.5401440262794495
0.9591432809829712
0.21185976266860962
0.938323974609375
0.4565610885620117
0.9198933243751526
0.27065327763557434
0.457205593585968
0.6372700333595276
0.5135771632194519
0.44848036766052246
0.025153135880827904
0.160215362906456
0.2879498600959778
0.8127222061157227
0.7123520374298096
0.36425647139549255
0.929410457611084
0.2385764718055725
0.2617052495479584
0.6050724387168884
0.38230371475219727
0.24927663803100586
0.6595049500465393
0.11258143931627274
0.10248064249753952
0.7359463572502136
0.41040244698524475
0.3207457363605499
0.5740616321563721
0.12086639553308487
0.5970739722251892
0.5890727043151855
0.9817595481872559
0.13395662605762482
0.7459127306938171
0.07298301160335541
0.40903499722480774
0.8185408115386963
0.46187788248062134
0.349519282579422
0.6226562261581421
0.288938969373703
0.47755786776542664
0.944038450717926
0.15246903896331787
0.855573296546936
0.7680875658988953
0.844109296798706
0.8689645528793335
0.634154200553894
0.3758557140827179
0.9436815977096558
0.6783908009529114
0.5463223457336426
0.42867591977119446
0.30454859137535095
0.44634607434272766
0.11176962405443192
0.18173176050186157
0.9014168381690979
0.018440425395965576
0.12666462361812592
0.06759106367826462
0.5359763503074646
0.5931209325790405
0.13472625613212585
0.1421533077955246
0.20847074687480927
0.5099711418151855
0.27024123072624207
0.7109885811805725
0.3667319118976593
0.785481870174408
0.6416377425193787
0.7150253057479858
0.3677387833595276
0.6709278225898743
0.4907943308353424
0.9141000509262085
0.48344677686691284
0.6574875712394714
0.1902085542678833
0.9584106802940369
0.9143669605255127
0.410107284784317
0.1239423006772995
0.24801109731197357
0.09725446254014969
0.4174456298351288
0.4595370888710022
0.2485141009092331
0.5320751667022705
0.8592286705970764
0.3444628417491913
0.47270992398262024
0.019963735714554787
0.877106785774231
0.5338636040687561
0.9571093320846558
0.30514439940452576
0.8139658570289612
0.16578252613544464
0.2602080702781677
0.08352592587471008
0.810047447681427
0.6846611499786377
0.5764284729957581
0.9336410760879517
0.24385236203670502
0.6764736175537109
0.621906578540802
0.6131028532981873
0.7283661365509033
0.11078358441591263
0.4551050066947937
0.9548112154006958
0.9313349723815918
0.8292368054389954
0.7660201787948608
0.6601561903953552
0.012131301686167717
0.3951694369316101
0.03044472075998783
0.0438183955848217
0.37570589780807495
0.5544027090072632
0.8795992732048035
0.23513492941856384
0.23808377981185913
0.4167032241821289
0.967058002948761
0.10449352860450745
0.4400888681411743
0.697909951210022
0.20928391814231873
0.46277281641960144
0.583192765712738
0.5717122554779053
0.5194112062454224
0.9071462750434875
0.9290899038314819
0.8473965525627136
0.6206130981445312
0.9515992999076843
0.582649827003479
0.8633431196212769
0.06661154329776764
0.85364830493927
0.20109301805496216
0.5254926085472107
0.4804939329624176
0.97539883852005
0.5362982153892517
0.3931395411491394
0.3278152644634247
0.9345847368240356
0.8072323799133301
0.17847363650798798
0.21413546800613403
0.20442815124988556
0.751257598400116
0.050383493304252625
0.9619183540344238
0.24258404970169067
0.8994637727737427
0.37167540192604065
0.28608596324920654
0.699254035949707
0.33364593982696533
0.5024191737174988
0.9444715976715088
0.7919541597366333
0.24900047481060028
0.7383025884628296
0.33535802364349365
0.9859833121299744
0.2635567784309387
0.400961697101593
0.5862597823143005
0.5678444504737854
0.18403445184230804
0.9435964822769165
0.837249755859375
0.35365283489227295
0.8484607338905334
0.35354360938072205
0.13701774179935455
0.5995612144470215
0.7638231515884399
0.8232476711273193
0.8076534271240234
0.6659448146820068
0.1367618292570114
0.42072030901908875
0.18055707216262817
0.4920669496059418
0.242797389626503
0.2022697925567627
0.4882507920265198
0.8155452609062195
0.4763847291469574
0.893689751625061
0.2251211404800415
0.108594611287117
0.9612545371055603
0.17387408018112183
0.7503123879432678
0.02839084528386593
0.25618499517440796
0.7433980703353882
0.4122749865055084
0.37648317217826843
0.6521346569061279
0.32877200841903687
0.7737293243408203
0.2889399230480194
0.792628824710846
0.12361054122447968
0.020575067028403282
0.25027841329574585
0.6476554870605469
0.9899759888648987
0.27123960852622986
0.20516574382781982
0.5197909474372864
0.37176060676574707
0.5495217442512512
0.791081964969635
0.02094586007297039
0.84909987449646
0.3401126265525818
0.3691527843475342
0.6354297399520874
0.9274735450744629
0.4701763093471527
0.8766852617263794
0.9044346213340759
0.8103938698768616
0.1291690170764923
0.16675585508346558
0.8710358142852783
0.5681372284889221
0.1337050050497055
0.7161998152732849
0.4165189564228058
0.77491694688797
0.2090056836605072
0.3133212924003601
0.40449339151382446
0.8012470006942749
0.06173764169216156
0.9777749180793762
0.9660407900810242
0.07036405801773071
0.38148462772369385
0.08076559007167816
0.8683028817176819
0.4655854105949402
0.7013366222381592
0.12242964655160904
0.056010473519563675
0.586496889591217
0.7560925483703613
0.253128319978714
0.2442777454853058
0.6846978664398193
0.8221440315246582
0.4433063566684723
0.7168548703193665
0.9434464573860168
0.74478679895401
0.46708792448043823
0.008556337095797062
0.02392677590250969
0.8182048797607422
0.3246636390686035
0.38472968339920044
0.7109156847000122
0.29624730348587036
0.7616981863975525
0.6050436496734619
0.7676472067832947
0.8725572228431702
0.673248827457428
0.1845242977142334
0.3158891499042511
0.3021640181541443
0.963380753993988
0.8505260348320007
0.9035404324531555
0.052041925489902496
0.4298326075077057
0.0938943549990654
0.4163215756416321
0.1778121292591095
0.29779255390167236
0.749447226524353
0.34352055191993713
0.4741106629371643
0.31217414140701294
0.5653539896011353
0.41738539934158325
0.8306627869606018
0.538762092590332
0.8547825813293457
0.4853212237358093
0.7112900614738464
0.5304881930351257
0.6994724273681641
0.7330703139305115
0.7523581385612488
0.4892377555370331
0.20217734575271606
0.19071152806282043
0.5703442096710205
0.7983136773109436
0.7330007553100586
0.24950696527957916
0.8628618121147156
0.2389936000108719
0.2984403669834137
0.7548920512199402
0.31505584716796875
0.19959500432014465
0.056765325367450714
0.8930950164794922
0.5892119407653809
0.364957720041275
0.17961011826992035
0.31568822264671326
0.46241238713264465
0.44421684741973877
0.4413982331752777
0.12310467660427094
0.40283623337745667
0.8872414827346802
0.31160202622413635
0.8689470291137695
0.40906205773353577
0.4997197389602661
0.4672450125217438
0.5476706624031067
0.9566754698753357
0.8582946062088013
0.7163935899734497
0.9630711078643799
0.7704055905342102
0.6200021505355835
0.15390384197235107
0.11793871968984604
0.45929884910583496
0.9040398001670837
0.3792991042137146
0.4515649974346161
0.014549451880156994
0.5335504412651062
0.9615097045898438
0.3513515293598175
0.13661053776741028
0.2455950379371643
0.4349202811717987
0.4155150353908539
0.19354568421840668
0.3012121617794037
0.0022726082243025303
0.4727785587310791
0.22162775695323944
0.9357149600982666
0.5800601840019226
0.7414400577545166
0.2166595309972763
0.19610056281089783
0.07187245786190033
0.7313941121101379
0.15191292762756348
0.7416073083877563
0.47349125146865845
0.56804358959198
0.5205060243606567
0.47266626358032227
0.7434238791465759
0.4638065695762634
0.09519871324300766
0.5962797999382019
0.9665387868881226
0.08352182805538177
0.7836522459983826
0.003879908937960863
0.7827421426773071
0.440076619386673
0.9320481419563293
0.2545751631259918
0.03852246701717377
0.19205179810523987
0.3257715106010437
0.13213956356048584
0.280496209859848
0.21448591351509094
0.9778807163238525
0.5972782969474792
0.22612318396568298
0.19184401631355286
0.6564643383026123
0.3701351284980774
0.9651334285736084
0.9164748787879944
0.8826928734779358
0.37505707144737244
0.25826287269592285
0.25810614228248596
0.4471791684627533
0.9563677310943604
0.9739092588424683
0.7816387414932251
0.6401432156562805
0.9148776531219482
0.8555479049682617
0.796904444694519
0.4551604688167572
0.584179162979126
0.11973568052053452
0.04953770339488983
0.7363678812980652
0.5430440306663513
0.1916857361793518
0.39910998940467834
0.8493582606315613
0.5324662923812866
0.7388599514961243
0.42142608761787415
0.8783271908760071
0.7356995940208435
0.6343494653701782
0.6499607563018799
0.7151482701301575
0.5327845811843872
0.29545071721076965
0.022313851863145828
0.32954731583595276
0.9770922660827637
0.6725049614906311
0.40610384941101074
0.46464452147483826
0.2323552668094635
0.8169171214103699
0.9370959401130676
0.0727834403514862
0.8313840627670288
0.41497570276260376
0.2702632248401642
0.5567166209220886
0.017573006451129913
0.8264632821083069
0.004004009533673525
0.13658958673477173
0.7509779334068298
0.17516353726387024
0.42335590720176697
0.2825390100479126
0.6525134444236755
0.36204078793525696
0.08491365611553192
0.996197521686554
0.19173818826675415
0.20830167829990387
0.14621615409851074
0.12805646657943726
0.4728119671344757
0.7577877044677734
0.5618568062782288
0.5263160467147827
0.35593563318252563
0.9769012928009033
0.5334000587463379
0.8223658204078674
0.4099946916103363
0.20926931500434875
0.558522641658783
0.2022210657596588
0.16102235019207
0.3259785771369934
0.2663974165916443
0.20285242795944214
0.9976067543029785
0.6048758029937744
0.11826372146606445
0.3773222863674164
0.18482744693756104
0.7282403111457825
0.9927211403846741
0.9642659425735474
0.09130049496889114
0.7650761008262634
0.19807836413383484
0.24149231612682343
0.10379782319068909
0.004944089334458113
0.5874745845794678
0.20700250566005707
0.33196818828582764
0.6484225392341614
0.09092740714550018
0.8324066996574402
0.1925952285528183
0.5172103047370911
0.8631184697151184
0.7097411155700684
0.7584782242774963
0.8927727937698364
0.15232841670513153
0.9488701820373535
0.49338722229003906
0.08489353954792023
0.7677124738693237
0.10515942424535751
0.1602107584476471
0.013347506523132324
0.8594157695770264
0.9913883805274963
0.521510899066925
0.2575250566005707
0.952039897441864
0.8024877309799194
0.21718531847000122
0.9086130857467651
0.7704796195030212
0.9611577987670898
0.5361794233322144
0.7108334898948669
0.5507867932319641
0.153496652841568
0.6733776330947876
0.34144270420074463
0.8935642838478088
0.7949978709220886
0.06193409860134125
0.9824815988540649
0.6858001947402954
0.799293041229248
0.18901267647743225
0.02536424994468689
0.5878104567527771
0.5069788098335266
0.2785721719264984
0.4276842474937439
0.1942526251077652
0.5205497145652771
0.9280740022659302
0.8441983461380005
0.09004312008619308
0.04538050666451454
0.059783581644296646
0.5861589312553406
0.8203144073486328
0.7911873459815979
0.7778303623199463
0.7643321752548218
0.22481276094913483
0.6570993661880493
0.008351110853254795
0.8416853547096252
0.31756091117858887
0.09838453680276871
0.08958514779806137
0.7341920137405396
0.8547676801681519
0.8920277953147888
0.14336887001991272
0.38586875796318054
0.6062034964561462
0.15478256344795227
0.7443792819976807
0.9408376812934875
0.42733436822891235
0.5175222754478455
0.09150838106870651
0.4659159481525421
0.7727340459823608
0.5071612000465393
0.39792078733444214
0.0839117243885994
0.3753126859664917
0.4469960927963257
0.884142279624939
0.929184079170227
0.9392967820167542
0.1788797229528427
0.5430949926376343
0.5933989882469177
0.4655005633831024
0.24627695977687836
0.2969414293766022
0.8019259572029114
0.27558228373527527
0.06086549535393715
0.7048953771591187
0.4402613043785095
0.013272952288389206
0.8710318803787231
0.07273320853710175
0.861278235912323
0.26552292704582214
0.3988931477069855
0.3765673339366913
0.004850043915212154
0.09932378679513931
0.5931470990180969
0.6842159628868103
0.4463043510913849
0.23525506258010864
0.7900311946868896
0.4918191432952881
0.5274898409843445
0.42399847507476807
0.5605257153511047
0.09238234907388687
0.4367519021034241
0.2884763479232788
0.36554786562919617
0.6019683480262756
0.7845865488052368
0.09331319481134415
0.6875436902046204
0.028775975108146667
0.5168997645378113
0.44477203488349915
0.7313215732574463
0.7401742339134216
0.21520324051380157
0.7711580991744995
0.2411387860774994
0.12402349710464478
0.6087412238121033
0.7338840961456299
0.7331280708312988
0.6058049201965332
0.5122208595275879
0.9800914525985718
0.09281878173351288
0.862221360206604
0.5155701637268066
0.20517949759960175
0.2988100051879883
0.2866074740886688
0.9211437106132507
0.08918361365795135
0.6895259618759155
0.12395411729812622
0.7366294264793396
0.08113928139209747
0.4773963689804077
0.9702310562133789
0.9902035593986511
0.8090984225273132
0.5231128931045532
0.4261922538280487
0.17428581416606903
0.4096808135509491
0.9212831258773804
0.335003525018692
0.42124199867248535
0.10769082605838776
0.6903723478317261
0.305336058139801
0.1990102231502533
0.899023175239563
0.875059962272644
0.7135636806488037
0.2470652014017105
0.5612377524375916
0.4309919476509094
0.06321478635072708
0.07394707202911377
0.824678897857666
0.7073798775672913
0.2535189390182495
0.7714543342590332
0.8887248039245605
0.9536431431770325
0.6759469509124756
0.4903346002101898
0.261422723531723
0.7011902332305908
0.16395103931427002
0.38403749465942383
0.10787039995193481
0.19897505640983582
0.5729637145996094
0.11131180822849274
0.6425734162330627
0.5438212156295776
0.8427268266677856
0.5476608276367188
0.9030022621154785
0.8427141904830933
0.21665765345096588
0.9165452122688293
0.5356300473213196
0.23643776774406433
0.9391857385635376
0.784595787525177
0.3942129611968994
0.7190005779266357
0.12475527822971344
0.5437101125717163
0.7201977968215942
0.7313193082809448
0.4969336986541748
0.8111110329627991
0.018625730648636818
0.23659996688365936
0.6008816361427307
0.9740872383117676
0.3555096387863159
0.27419325709342957
0.24695320427417755
0.7244114875793457
0.908761739730835
0.37811315059661865
0.7032923698425293
0.48361217975616455
0.7499365210533142
0.2926396131515503
0.4902978539466858
0.10749800503253937
0.1976909190416336
0.22666172683238983
0.3717794120311737
0.8961657285690308
0.11772871762514114
0.7665265202522278
0.3921493887901306
0.6694504618644714
0.16957508027553558
0.7264951467514038
0.2992618680000305
0.9456855654716492
0.45102107524871826
0.9142698049545288
0.07968038320541382
0.8302163481712341
0.08061394095420837
0.7598247528076172
0.381073534488678
0.4045349061489105
0.42329537868499756
0.47176462411880493
0.7628955245018005
0.9154587388038635
0.26569241285324097
0.17062032222747803
0.9395272135734558
0.22293169796466827
0.1703595072031021
0.5311720371246338
0.04641071334481239
0.9316385388374329
0.7047417163848877
0.7949079275131226
0.7572083473205566
0.7069087624549866
0.48792505264282227
0.9094024896621704
0.8484572172164917
0.41833725571632385
0.08399374037981033
0.28006744384765625
0.6794297695159912
0.7149871587753296
0.4097272753715515
0.5553473830223083
0.5689393877983093
0.46058470010757446
0.8940994739532471
0.012903579510748386
0.9065966010093689
0.22670483589172363
0.9751554131507874
0.6089091300964355
0.6013047695159912
0.8715765476226807
0.9547528028488159
0.9400436878204346
0.3589739203453064
0.49847427010536194
0.2450900375843048
0.2855946123600006
0.2877812087535858
0.5146971344947815
0.46733763813972473
0.5258401036262512
0.6208615303039551
0.9540372490882874
0.1908540278673172
0.4863346219062805
0.5391581654548645
0.7947022914886475
0.08959107100963593
0.5355228185653687
0.14343507587909698
0.23811645805835724
0.6811614632606506
0.18964846432209015
0.7108063101768494
0.39367184042930603
0.1397096961736679
0.034829653799533844
0.9093034863471985
0.6028979420661926
0.6017002463340759
0.3290218710899353
0.532189667224884
0.7568373680114746
0.027430543676018715
0.39911213517189026
0.3035293221473694
0.8270447254180908
0.555547297000885
0.19802001118659973
0.40442195534706116
0.07008142024278641
0.172983780503273
0.828676700592041
0.3743896186351776
0.49274343252182007
0.4913389980792999
0.8541876077651978
0.8158137798309326
0.20117387175559998
0.5313703417778015
0.9999924302101135
0.13097545504570007
0.31423160433769226
0.6283646821975708
0.3832665979862213
0.6440330743789673
0.8612180352210999
0.9035624861717224
0.8113707304000854
0.8331151604652405
0.28130674362182617
0.8480873703956604
0.2318846434354782
0.23944410681724548
0.6650547981262207
0.04240866377949715
0.3462822437286377
0.08029551804065704
0.18043574690818787
0.03361864015460014
0.25600099563598633
0.7462513446807861
0.8769299983978271
0.15056324005126953
0.9565199613571167
0.7009707093238831
0.9059867858886719
0.7793327569961548
0.37148791551589966
0.19335368275642395
0.3889884948730469
0.8861908316612244
0.6819242238998413
0.9599437117576599
0.6292977333068848
0.41772374510765076
0.9746189713478088
0.6520208120346069
0.5540193915367126
0.19150379300117493
0.6707143187522888
0.2895546555519104
0.8401585817337036
0.6203294992446899
0.16427356004714966
0.7740164399147034
0.09107724577188492
0.47849851846694946
0.24997574090957642
0.3383125960826874
0.7478864789009094
0.22725671529769897
0.6409632563591003
0.33076611161231995
0.5170601606369019
0.17954330146312714
0.4316379427909851
0.5843589305877686
0.9472619891166687
0.24067175388336182
0.33625802397727966
0.3144243061542511
0.3042612373828888
0.4393671154975891
0.44304290413856506
0.17703339457511902
0.5066081881523132
0.825290858745575
0.030018053948879242
0.35745227336883545
0.43263229727745056
0.019159261137247086
0.4996494948863983
0.1830669790506363
0.12723904848098755
0.7699103355407715
0.5323790311813354
0.028058508411049843
0.9909425973892212
0.9863942265510559
0.22431908547878265
0.23171260952949524
0.5648646354675293
0.8281221389770508
0.1222890168428421
0.32162579894065857
0.4666009545326233
0.25666579604148865
0.9199577569961548
0.08398840576410294
0.09287403523921967
0.5869576334953308
0.04098254442214966
0.5017385482788086
0.8633983731269836
0.6710426807403564
0.24372492730617523
0.5579376816749573
0.017739392817020416
0.6329942345619202
0.5127755403518677
0.73839271068573
0.9586445093154907
0.6411536931991577
0.3003435432910919
0.31589242815971375
0.5486944317817688
0.7704612016677856
0.2615904211997986
0.9720033407211304
0.671890139579773
0.5766443014144897
0.28614163398742676
0.4117978513240814
0.5067805051803589
0.25580543279647827
0.8228906989097595
0.5007327795028687
0.961795449256897
0.4949793219566345
0.8655164837837219
0.26666560769081116
0.9515523314476013
0.4389784038066864
0.039485521614551544
0.8654335737228394
0.23226121068000793
0.8494880795478821
0.4356367886066437
0.40534311532974243
0.5978302359580994
0.26591336727142334
0.0061682164669036865
0.9611342549324036
0.3630412817001343
0.6150261163711548
0.8880974054336548
0.6349277496337891
0.8990801572799683
0.6572816967964172
0.24738694727420807
0.5819694995880127
0.29901161789894104
0.8974128365516663
0.5042582750320435
0.5643561482429504
0.9440993666648865
0.3248025178909302
0.20891760289669037
0.5397628545761108
0.8950899243354797
0.6889727711677551
0.1877449005842209
0.9844332933425903
0.6668141484260559
0.9283132553100586
0.6047016382217407
0.46418872475624084
0.8913556337356567
0.5078846216201782
0.6058262586593628
0.29521071910858154
0.24800018966197968
0.12079042941331863
0.9838877320289612
0.22046157717704773
0.15422029793262482
0.4338230490684509
0.2330276519060135
0.5898101925849915
0.9901825189590454
0.3007470667362213
0.3304827809333801
0.43105262517929077
0.5858253240585327
0.03669676557183266
0.12769146263599396
0.6018410325050354
0.2506812810897827
0.528049886226654
0.5911504030227661
0.9071387648582458
0.20538124442100525
0.8859668374061584
0.14027807116508484
0.2489776611328125
0.7128942608833313
0.004511607810854912
0.43703752756118774
0.557091236114502
0.5895281434059143
0.8979530334472656
0.9715439081192017
0.3321896195411682
0.6427963376045227
0.16115282475948334
0.11328921467065811
0.9961190223693848
0.17545366287231445
0.9182544350624084
0.027097435668110847
0.13069035112857819
0.4759388864040375
0.4170399010181427
0.7218422889709473
0.3379063606262207
0.08450537919998169
0.2915230989456177
0.15069925785064697
0.45887133479118347
0.1908787339925766
0.20995274186134338
0.6514070630073547
0.9629117846488953
0.18375147879123688
0.05922559276223183
0.03643966093659401
0.74752277135849
0.10720375925302505
0.9335695505142212
0.3674398362636566
0.6738315224647522
0.15409252047538757
0.6462706327438354
0.7369641065597534
0.7888367772102356
0.7230128645896912
0.5007873773574829
0.702064037322998
0.3643184006214142
0.3197932839393616
0.21670982241630554
0.05046690255403519
0.2623917758464813
0.18263575434684753
0.906345784664154
0.6864251494407654
0.8457016348838806
0.5297836065292358
0.6159668564796448
0.25962549448013306
0.12407230585813522
0.2628004252910614
0.5413787961006165
0.4604882597923279
0.09906825423240662
0.1223689392209053
0.13964901864528656
0.8152491450309753
0.48004525899887085
0.26516637206077576
0.32748687267303467
0.27079275250434875
0.35954177379608154
0.9140735268592834
0.3934619426727295
0.7010381817817688
0.9560098648071289
0.03510865941643715
0.417636901140213
0.8066463470458984
0.2344355434179306
0.443109393119812
0.8518718481063843
0.4173031747341156
0.24295587837696075
0.33571547269821167
0.5868765711784363
0.8435523509979248
0.3024471700191498
0.79799884557724
0.8434032797813416
0.951816976070404
0.8645608425140381
0.16940629482269287
0.22807185351848602
0.18491414189338684
0.4110594093799591
0.008837454952299595
0.8113933801651001
0.8757272362709045
0.3342045843601227
0.9968762397766113
0.9935811758041382
0.7250040769577026
0.8930858969688416
0.70784592628479
0.1974612921476364
0.7195059061050415
0.4784851670265198
0.2848057448863983
0.7759130001068115
0.18792986869812012
0.9081249237060547
0.7711037993431091
0.3094763457775116
0.5177364945411682
0.6664546728134155
0.667205274105072
0.10290665179491043
0.3244905471801758
0.08694266527891159
0.003966605756431818
0.8031195998191833
0.03983096033334732
0.691881537437439
0.15879251062870026
0.408308207988739
0.527416467666626
0.24628303945064545
0.8060338497161865
0.5847969055175781
0.8524771928787231
0.6800702810287476
0.8801555633544922
0.22855746746063232
0.7195155620574951
0.159232035279274
0.6091853976249695
0.8874784111976624
0.14190658926963806
0.9464007616043091
0.1963529735803604
0.8427879214286804
0.1397331953048706
0.17300757765769958
0.3932473659515381
0.4563029110431671
0.5109869837760925
0.06525763869285583
0.4024169147014618
0.9571348428726196
0.8197065591812134
0.016924764961004257
0.4057431221008301
0.7115159630775452
0.5926130414009094
0.11467369645833969
0.017741601914167404
0.39592161774635315
0.6746408343315125
0.6660118103027344
0.22990331053733826
0.7867961525917053
0.8487858772277832
0.7896605730056763
0.8879287242889404
0.4651819169521332
0.719071090221405
0.29100722074508667
0.43112871050834656
0.795558512210846
0.045661766082048416
0.8052708506584167
0.3411221504211426
0.5181339979171753
0.18977037072181702
0.2759169638156891
0.23879386484622955
0.36450156569480896
0.5722131133079529
0.6879479289054871
0.009270843118429184
0.3411216735839844
0.4979519546031952
0.2846027910709381
0.3717043101787567
0.1835172176361084
0.9387581944465637
0.1627805233001709
0.05314672365784645
0.18612805008888245
0.7877851128578186
0.8765157461166382
0.20437057316303253
0.25697842240333557
0.6700536012649536
0.034949686378240585
0.09173434227705002
0.3213421404361725
0.18253667652606964
0.2960794270038605
0.17291070520877838
0.001722553395666182
0.5573548674583435
0.4202931523323059
0.06622495502233505
0.8053995966911316
0.6169444918632507
0.8283477425575256
0.4438905417919159
0.6953073143959045
0.6549107432365417
0.07331100851297379
0.8419222235679626
0.4671054184436798
0.002276569837704301
0.6337855458259583
0.03764330968260765
0.20870216190814972
0.2388080358505249
0.6404270529747009
0.3753855526447296
0.9793093800544739
0.31669291853904724
0.410759299993515
0.540459394454956
0.41783350706100464
0.32925188541412354
0.24226482212543488
0.9050262570381165
0.033927615731954575
0.5204052329063416
0.6634571552276611
0.5380182266235352
0.6846839785575867
0.14228232204914093
0.32107871770858765
0.1323104351758957
0.5590659379959106
0.9860738515853882
0.12938158214092255
0.43038055300712585
0.4337051212787628
0.8565227389335632
0.4095340073108673
0.9023749232292175
0.9640235900878906
0.5641027688980103
0.4097883701324463
0.3884693384170532
0.40531080961227417
0.2192228138446808
0.6575600504875183
0.7295566201210022
0.047459013760089874
0.856605589389801
0.0517834909260273
0.7896804213523865
0.4785780906677246
0.9353461861610413
0.9722599983215332
0.0815965086221695
0.7437219023704529
0.27892789244651794
0.9420149326324463
0.6799134016036987
0.13100160658359528
0.6536644101142883
0.8297173380851746
0.972808301448822
0.8616734743118286
0.6607434153556824
0.7892131805419922
0.5093156695365906
0.7754027247428894
0.026251615956425667
0.7249928116798401
0.652859628200531
0.40074825286865234
0.8793424367904663
0.5855594277381897
0.4702484607696533
0.5261054039001465
0.1801469624042511
0.97233647108078
0.7385013103485107
0.7525424957275391
0.3444289565086365
0.30738550424575806
0.9724767208099365
0.9447273015975952
0.2753010094165802
0.3983248472213745
0.6737011671066284
0.16310109198093414
0.7326000928878784
0.6901848316192627
0.6335647702217102
0.5458438992500305
0.031446103006601334
0.4977969825267792
0.12366525083780289
0.26750150322914124
0.8214192390441895
0.5338351130485535
0.31728437542915344
0.2805214822292328
0.853694498538971
0.6246696710586548
0.3988998234272003
0.19391536712646484
0.7791298031806946
0.8733792901039124
0.031133560463786125
0.9443118572235107
0.8779338598251343
0.9494757652282715
0.29755720496177673
0.5271462798118591
0.9252965450286865
0.38895368576049805
0.8318158984184265
0.21990880370140076
0.43755945563316345
0.055008918046951294
0.9323832988739014
0.6957817673683167
0.5831605792045593
0.091964952647686
0.972888708114624
0.2884114384651184
0.8547833561897278
0.5717089176177979
0.2670469284057617
0.006222882308065891
0.08527276664972305
0.3563288152217865
0.325105220079422
0.0070211198180913925
0.3160591721534729
0.5500096678733826
0.39628615975379944
0.8139662742614746
0.48213815689086914
0.5976868271827698
0.5716530084609985
0.6350395679473877
0.059444181621074677
0.906903862953186
0.8595225214958191
0.7857764363288879
0.9854732155799866
0.7978811860084534
0.03519829362630844
0.586035430431366
0.3679042458534241
0.605107307434082
0.2385653406381607
0.6018031239509583
0.45173487067222595
0.7393126487731934
0.876990020275116
0.0922856330871582
0.06682491302490234
0.8097056746482849
0.875461220741272
0.1236245334148407
0.30159449577331543
0.39410290122032166
0.39091482758522034
0.9424382448196411
0.4193873107433319
0.8425549268722534
0.07288812845945358
0.9852624535560608
0.5015771985054016
0.4612208306789398
0.32853853702545166
0.1484590321779251
0.2349797934293747
0.07085616141557693
0.8094876408576965
0.15767623484134674
0.40065133571624756
0.7881070971488953
0.2627601623535156
0.2993065416812897
0.8998981714248657
0.3373256325721741
0.714234471321106
0.34244075417518616
0.43785417079925537
0.11487942188978195
0.8238964676856995
0.2810606360435486
0.42328721284866333
0.10538757592439651
0.9087115526199341
0.9618645310401917
0.5609311461448669
0.42003417015075684
0.5845033526420593
0.2527315616607666
0.2964133620262146
0.0913500264286995
0.7889778017997742
0.30726686120033264
0.609575092792511
0.43508586287498474
0.37521377205848694
0.8402275443077087
0.08770591765642166
0.27102649211883545
0.37405654788017273
0.09066257625818253
0.13563628494739532
0.30809545516967773
0.5834432244300842
0.04967617243528366
0.5134140253067017
0.15057475864887238
0.06399164348840714
0.9517039656639099
0.7515524625778198
0.7078046202659607
0.5374102592468262
0.22036275267601013
0.8188918828964233
0.6042507886886597
0.5986135005950928
0.292485773563385
0.14270150661468506
0.5999944806098938
0.7947332262992859
0.8328577876091003
0.28498345613479614
0.0070878383703529835
0.15094009041786194
0.3287029266357422
0.25970494747161865
0.2506410479545593
0.5324698686599731
0.05179658532142639
0.6959670186042786
0.010862991213798523
0.5030356645584106
0.7222546935081482
0.3330635726451874
0.12234018743038177
0.6216036081314087
0.9040857553482056
0.38792991638183594
0.5948169827461243
0.25982391834259033
0.6081618666648865
0.30664709210395813
0.2081354707479477
0.6646296977996826
0.8779006600379944
0.3907884657382965
0.9424222707748413
0.9203234910964966
0.9755764603614807
0.7622500061988831
0.14243897795677185
0.590232789516449
0.7264553308486938
0.6056902408599854
0.3677685260772705
0.7138338088989258
0.7793397307395935
0.7212024331092834
0.2062554806470871
0.04198656231164932
0.7153199911117554
0.9883290529251099
0.7042266726493835
0.4133932590484619
0.7521976232528687
0.33304935693740845
0.12410539388656616
0.7367013096809387
0.9446151852607727
0.938202977180481
0.9603411555290222
0.1969069391489029
0.11728840321302414
0.9131351113319397
0.1357763260602951
0.7620853185653687
0.7890819907188416
0.9143736362457275
0.7549589276313782
0.628629207611084
0.327534556388855
0.8246972560882568
0.22706292569637299
0.17453980445861816
0.9356846213340759
0.9545496702194214
0.2282554805278778
0.4163883328437805
0.45343974232673645
0.5019719004631042
0.9137722253799438
0.6410070061683655
0.8174999952316284
0.4937337338924408
0.4825248122215271
0.9254323840141296
0.2478756457567215
0.18401671946048737
0.6086389422416687
0.0027071780059486628
0.6291994452476501
0.36036717891693115
0.029784321784973145
0.23055599629878998
0.17904920876026154
0.9433026313781738
0.980480432510376
0.2805132269859314
0.8895729780197144
0.4470919966697693
0.8401205539703369
0.40273478627204895
0.06018722429871559
0.2288811057806015
0.8852077126502991
0.20898400247097015
0.09685012698173523
0.7473483681678772
0.7819264531135559
0.4853488802909851
0.17483492195606232
0.4830617308616638
0.5900068283081055
0.6483274698257446
0.024319948628544807
0.027979513630270958
0.36257404088974
0.05113343894481659
0.1211138442158699
0.07851838320493698
0.5158494114875793
0.7024824023246765
0.8483194708824158
0.8137421607971191
0.3804577887058258
0.9393386840820312
0.19746363162994385
0.8330778479576111
0.43281230330467224
0.42188945412635803
0.7914838194847107
0.9078537225723267
0.7290083765983582
0.7193998098373413
0.409220814704895
0.6014177203178406
0.8080198764801025
0.5392636656761169
0.518396258354187
0.06196931377053261
0.36382192373275757
0.8944981694221497
0.6650764346122742
0.11015772074460983
0.8967113494873047
0.7656586766242981
0.2225927710533142
0.108143150806427
0.6054539680480957
0.5039099454879761
0.1541755646467209
0.6853501796722412
0.5468212962150574
0.19961680471897125
0.9729282259941101
0.1824062168598175
0.42229342460632324
0.5592752695083618
0.11971190571784973
0.4147386848926544
0.5999842286109924
0.3889383375644684
0.5301870703697205
0.6515251994132996
0.8413212299346924
0.7165101766586304
0.8004293441772461
0.3621838092803955
0.7491105198860168
0.12359588593244553
0.5081208944320679
0.657284140586853
0.595568835735321
0.280679851770401
0.4930327236652374
0.5806851983070374
0.8876623511314392
0.7160583138465881
0.9138864874839783
0.981518030166626
0.9776385426521301
0.9176011085510254
0.3279092609882355
0.2368752509355545
0.9192317128181458
0.6530811786651611
0.08687358349561691
0.9191426634788513
0.6300669312477112
0.5701701641082764
0.8612859845161438
0.005452973768115044
0.2641682028770447
0.06589871644973755
0.7299332022666931
0.25613313913345337
0.9832935929298401
0.7202963829040527
0.2506532371044159
0.0016003602650016546
0.1285449117422104
0.5716673731803894
0.6907936334609985
0.23372362554073334
0.1361081600189209
0.6969477534294128
0.002649144269526005
0.8778617978096008
0.7436097264289856
0.47323617339134216
0.3688897490501404
0.8144782781600952
0.004460212774574757
0.39076268672943115
0.03564136475324631
0.7054208517074585
0.2424112856388092
0.6951121091842651
0.04739445075392723
0.656250536441803
0.9300784468650818
0.08034905046224594
0.3373279869556427
0.5869325995445251
0.5118781328201294
0.848792314529419
0.3106672167778015
0.852097749710083
0.2867451012134552
0.8501042127609253
0.8927726149559021
0.8315109610557556
0.37808072566986084
0.8559131622314453
0.17553845047950745
0.6948167681694031
0.9767378568649292
0.6165585517883301
0.4187588691711426
0.3328153192996979
0.0770900696516037
0.6709513664245605
0.3599775731563568
0.8257428407669067
0.5298643112182617
0.6854634881019592
0.9152084589004517
0.5468716621398926
0.8521947264671326
0.5095420479774475
0.9532402753829956
0.7388417720794678
0.3665895462036133
0.6420217752456665
0.8847951292991638
0.6413652896881104
0.6102020144462585
0.7609961628913879
0.7098283767700195
0.22849836945533752
0.31618162989616394
0.43845540285110474
0.10256698727607727
0.49847063422203064
0.1454334557056427
0.042603086680173874
0.8396043181419373
0.9771005511283875
0.9508931636810303
0.8291745185852051
0.9332577586174011
0.8743776082992554
0.2556714117527008
0.979347825050354
0.9260358214378357
0.8843249678611755
0.9010705947875977
0.4009375274181366
0.6636655330657959
0.8653632402420044
0.7437779307365417
0.9027481079101562
0.7422655820846558
0.8171430826187134
0.9838098287582397
0.24414107203483582
0.5463780760765076
0.937795877456665
0.8785384893417358
0.20910528302192688
0.7256497144699097
0.33664628863334656
0.7758185863494873
0.03212951868772507
0.5506207346916199
0.11120670288801193
0.8157362341880798
0.4906576871871948
0.05809227377176285
0.4831482768058777
0.27637994289398193
0.2204580008983612
0.8656631708145142
0.8469725251197815
0.964664101600647
0.09205136448144913
0.2958056628704071
0.32003575563430786
0.28421416878700256
0.01708228513598442
0.18786384165287018
0.38563188910484314
0.44774872064590454
0.7236201167106628
0.8391152024269104
0.5070153474807739
0.9523859024047852
0.4831116497516632
0.9140055775642395
0.31696617603302
0.4025839865207672
0.9787347316741943
0.8443413972854614
0.8879512548446655
0.01346711814403534
0.5335074663162231
0.8742512464523315
0.4537619948387146
0.9296301603317261
0.19153130054473877
0.7662153840065002
0.6582823991775513
0.5139967799186707
0.0031300573609769344
0.6708120107650757
0.8506899476051331
0.5133284330368042
0.26786357164382935
0.26479241251945496
0.5261148810386658
0.3884357511997223
0.6744273900985718
0.19857393205165863
0.10896995663642883
0.35457509756088257
0.2646854817867279
0.751024067401886
0.6588138341903687
0.4845719039440155
0.5846320390701294
0.7291739583015442
0.8020963668823242
0.3672720193862915
0.978240430355072
0.3343921899795532
0.8963765501976013
0.6366772055625916
0.3280585706233978
0.24639983475208282
0.9321698546409607
0.8224068284034729
0.09302237629890442
0.9303308129310608
0.17508739233016968
0.28704580664634705
0.002976080169901252
0.28562188148498535
0.3767606317996979
0.9123345017433167
0.045328423380851746
0.49361875653266907
0.6934777498245239
0.5544010996818542
0.9144741296768188
0.0898490622639656
0.6462972164154053
0.8038516044616699
0.29954859614372253
0.5670770406723022
0.005277410615235567
0.4874647557735443
0.8118036985397339
0.3507992923259735
0.6143640875816345
0.3809376060962677
0.6053608059883118
0.8419919013977051
0.5397307872772217
0.2869308292865753
0.8080707788467407
0.6463640332221985
0.42174264788627625
0.4674011170864105
0.36014407873153687
0.6197268962860107
0.7518964409828186
0.7338946461677551
0.12623219192028046
0.2922099232673645
0.9738519787788391
0.20574133098125458
0.2770337164402008
0.6975354552268982
0.2894906997680664
0.5008644461631775
0.356870174407959
0.12203887104988098
0.03949986770749092
0.48787474632263184
0.9082112312316895
0.8948076367378235
0.3802541196346283
0.1177307665348053
0.7131692171096802
0.24196816980838776
0.6495324969291687
0.09218432754278183
0.931671142578125
0.6555501818656921
0.7171488404273987
0.42146334052085876
0.5867956280708313
0.0041499328799545765
0.2948364019393921
0.8908010125160217
0.01530121173709631
0.84747713804245
0.18049566447734833
0.7845998406410217
0.914969801902771
0.13898321986198425
0.6393492817878723
0.7703206539154053
0.8679635524749756
0.03866448625922203
0.7321779727935791
0.3342440724372864
0.7822182178497314
0.6071800589561462
0.9137281179428101
0.582862377166748
0.20427754521369934
0.9212206602096558
0.9949150681495667
0.7857803106307983
0.37657010555267334
0.47936731576919556
0.7324154376983643
0.8820080757141113
0.03259727731347084
0.9200272560119629
0.5559492111206055
0.1392679512500763
0.6456936001777649
0.31384533643722534
0.3817422688007355
0.3310651481151581
0.3702712059020996
0.20215116441249847
0.2829415798187256
0.16758985817432404
0.44195663928985596
0.4206415116786957
0.9927665591239929
0.9167678356170654
0.6452427506446838
0.5806260704994202
0.521129310131073
0.3528716266155243
0.23401203751564026
0.7756134271621704
0.5657467246055603
0.868995189666748
0.20480753481388092
0.8665096759796143
0.5386147499084473
0.33789578080177307
0.4814353883266449
0.7673490047454834
0.012368950992822647
0.6790732145309448
0.39709216356277466
0.6733582019805908
0.8485435247421265
0.43720144033432007
0.815189003944397
0.8632807731628418
0.9341556429862976
0.1351400762796402
0.8218326568603516
0.6054970026016235
0.7241083979606628
0.33135053515434265
0.1814032793045044
0.2177334874868393
0.2084217667579651
0.24300670623779297
0.9746802449226379
0.10900937765836716
0.18348154425621033
0.26963356137275696
0.1470472514629364
0.1795162707567215
0.7192641496658325
0.12032273411750793
0.4700954556465149
0.4824070930480957
0.5460200309753418
0.8047863841056824
0.5811000466346741
0.8781362175941467
0.792436957359314
0.12594588100910187
0.7713423371315002
0.25924593210220337
0.9559794068336487
0.8665093183517456
0.42091476917266846
0.7062041759490967
0.3950415551662445
0.6289893984794617
0.9168471097946167
0.949792742729187
0.9605107307434082
0.7057743668556213
0.030168119817972183
0.01135635282844305
0.49336761236190796
0.4810938835144043
0.6762705445289612
0.9549627900123596
0.05906230956315994
0.3162824809551239
0.722282886505127
0.6753591299057007
0.21627195179462433
0.6038079261779785
0.39070963859558105
0.8766496777534485
0.9393824934959412
0.024781210348010063
0.37505903840065
0.1523955762386322
0.985312283039093
0.4244605600833893
0.745962381362915
0.02844809740781784
0.5432606339454651
0.8470048308372498
0.40699678659439087
0.1732054501771927
0.2820650637149811
0.13748176395893097
0.6086179614067078
0.6083452701568604
0.7867724895477295
0.925918459892273
0.7436500191688538
0.7804402112960815
0.021788043901324272
0.10536680370569229
0.27171650528907776
0.2848333418369293
0.84720379114151
0.5807222723960876
0.378650963306427
0.4574356973171234
0.17376209795475006
0.730363130569458
0.24928568303585052
0.040405698120594025
0.7253648042678833
0.3638792335987091
0.9624468684196472
0.0773431584239006
0.9476526975631714
0.5838108062744141
0.459655225276947
0.4784368574619293
0.904022753238678
0.2343875914812088
0.28492626547813416
0.36148765683174133
0.2793084681034088
0.9870610237121582
0.874613344669342
0.649657666683197
0.9415242671966553
0.23752205073833466
0.6603371500968933
0.9914764761924744
0.431041955947876
0.6051971912384033
0.9264503121376038
0.848760724067688
0.4986676573753357
0.1372195929288864
0.8047483563423157
0.198117196559906
0.8774274587631226
0.8116639852523804
0.9136174917221069
0.9182652235031128
0.6311439275741577
0.29639726877212524
0.03555155172944069
0.8830856084823608
0.7701087594032288
0.359186589717865
0.663057804107666
0.7612738013267517
0.20692534744739532
0.21653468906879425
0.3550567626953125
0.5561200380325317
0.24026741087436676
0.5076961517333984
0.39633888006210327
0.779028058052063
0.3066730499267578
0.4572618901729584
0.6709727644920349
0.5190518498420715
0.6917610764503479
0.7288448810577393
0.20356377959251404
0.4539269804954529
0.09770479053258896
0.5969272255897522
0.4923318326473236
0.14900843799114227
0.7276439070701599
0.6327646374702454
0.469585120677948
0.10265379399061203
0.25816088914871216
0.667003333568573
0.8887056708335876
0.29014116525650024
0.2700696885585785
0.4280739426612854
0.18965893983840942
0.508059024810791
0.014506478793919086
0.7992820143699646
0.41319018602371216
0.6531417369842529
0.6517722010612488
0.7725604772567749
0.5692496299743652
0.5604748129844666
0.07621516287326813
0.357999712228775
0.9434918165206909
0.9839513301849365
0.46650633215904236
0.1529889553785324
0.764582633972168
0.8944330811500549
0.6274653077125549
0.8885327577590942
0.3111175000667572
0.42843499779701233
0.4371371567249298
0.5544150471687317
0.4048630893230438
0.3538466691970825
0.18811145424842834
0.3895722031593323
0.7337005734443665
0.4335062503814697
0.001209073350764811
0.5267797112464905
0.7030394077301025
0.6480857729911804
0.42679449915885925
0.6099631786346436
0.9506744146347046
0.420059472322464
0.7335027456283569
0.3734123706817627
0.5849902033805847
0.18927614390850067
0.3767201602458954
0.3209651708602905
0.03749300539493561
0.09467663615942001
0.5937962532043457
0.2565024793148041
0.9694328308105469
0.5494521856307983
0.10472814738750458
0.353580504655838
0.08779650926589966
0.831058144569397
0.6128782629966736
0.21137899160385132
0.22954660654067993
0.06351654976606369
0.680375874042511
0.8499470353126526
0.0610920712351799
0.6747090220451355
0.2906118333339691
0.534354031085968
0.20634809136390686
0.5813533067703247
0.1071268618106842
0.745206892490387
0.7665926218032837
0.4958483874797821
0.31749483942985535
0.856330156326294
0.3439066410064697
0.8631783723831177
0.526401162147522
0.3313593864440918
0.26310744881629944
0.7527080178260803
0.352867066860199
0.6618967652320862
0.8038688898086548
0.6555841565132141
0.24487732350826263
0.23203791677951813
0.8650424480438232
0.44489148259162903
0.5148018598556519
0.10822900384664536
0.33658790588378906
0.6025300025939941
0.2767939269542694
0.2975916564464569
0.6874921321868896
0.19180239737033844
0.1213192343711853
0.7181382775306702
0.8014224171638489
0.9145579934120178
0.5303341746330261
0.6446511149406433
0.7937143445014954
0.4755697250366211
0.4528768062591553
0.07683402299880981
0.06013716384768486
0.7458747625350952
0.21513862907886505
0.17344766855239868
0.32817068696022034
0.5107350945472717
0.5094627141952515
0.8975367546081543
0.13838829100131989
0.7881984710693359
0.6177740097045898
0.8397753834724426
0.9171370267868042
0.6815569996833801
0.09579819440841675
0.5200394988059998
0.6496990919113159
0.13853591680526733
0.2989709973335266
0.07416597753763199
0.2667061984539032
0.05271407589316368
0.08394619077444077
0.055868782103061676
0.7578794360160828
0.6731924414634705
0.10186231881380081
0.8001136779785156
0.34923654794692993
0.9862744808197021
0.489065557718277
0.17537960410118103
0.12896621227264404
0.4934558868408203
0.6355913877487183
0.6513593196868896
0.4017103612422943
0.701198399066925
0.3938229978084564
0.7406572699546814
0.8847594857215881
0.44968560338020325
0.3496329188346863
0.7975703477859497
0.3466458320617676
0.4395894408226013
0.4621407389640808
0.19513407349586487
0.8245210647583008
0.010710104368627071
0.40704813599586487
0.2732173502445221
0.8278437256813049
0.7019719481468201
0.1943589299917221
0.20112043619155884
0.24164770543575287
0.6588205695152283
0.8343452215194702
0.5996595025062561
0.03877946734428406
0.6831977963447571
0.7066737413406372
0.11131712049245834
0.8172160983085632
0.8751487731933594
0.7810161709785461
0.05858137086033821
0.8065868616104126
0.43887174129486084
0.007227801717817783
0.9874593019485474
0.06248803436756134
0.33027392625808716
0.9566554427146912
0.6837546825408936
0.8548840880393982
0.2216285914182663
0.13157092034816742
0.1138167530298233
0.7207714915275574
0.520745575428009
0.08625645190477371
0.43374043703079224
0.3355889618396759
0.9008620381355286
0.8140321969985962
0.24495066702365875
0.9344966411590576
0.26611995697021484
0.4505007863044739
0.7700179815292358
0.4733273983001709
0.5576574206352234
0.5921444892883301
0.049564361572265625
0.2516438663005829
0.7644333839416504
0.7212611436843872
0.6550077795982361
0.6833752393722534
0.002578428713604808
0.32400235533714294
0.4339836835861206
0.5294591784477234
0.13433429598808289
0.3560662567615509
0.4946720600128174
0.7395555377006531
0.054439060389995575
0.8697522878646851
0.5047462582588196
0.9167033433914185
0.4280710816383362
0.6894644498825073
0.33514073491096497
0.4108036458492279
0.2975822687149048
0.5329577326774597
0.5058206915855408
0.10317178070545197
0.2943405508995056
0.5882525444030762
0.5296396613121033
0.7767143845558167
0.11348772794008255
0.3867425322532654
0.48690903186798096
0.29237815737724304
0.3378010392189026
0.48673662543296814
0.8427973389625549
0.8121124505996704
0.4928673505783081
0.5110833644866943
0.35558098554611206
0.3649044334888458
0.39470916986465454
0.7331752181053162
0.8767716288566589
0.9024812579154968
0.8230310678482056
0.114300437271595
0.6561053395271301
0.9518643021583557
0.8651041984558105
0.7204580307006836
0.3567115068435669
0.8264051675796509
0.5703251361846924
0.35586538910865784
0.8736443519592285
0.030424538999795914
0.932641863822937
0.38859954476356506
0.34469959139823914
0.3558577001094818
0.08327405154705048
0.483594685792923
0.1999964416027069
0.06204437464475632
0.2286360114812851
0.1443708837032318
0.670045793056488
0.46699368953704834
0.7398194074630737
0.7117173671722412
0.869862973690033
0.31701526045799255
0.563007652759552
0.5378109216690063
0.0843239575624466
0.5830827355384827
0.08786594122648239
0.06662826240062714
0.9119405150413513
0.45089271664619446
0.3293346166610718
0.4623652994632721
0.49957969784736633
0.23236645758152008
0.8994319438934326
0.4575527310371399
0.035694822669029236
0.9535782337188721
0.25764399766921997
0.49608513712882996
0.08600834757089615
0.3238019347190857
0.7269986271858215
0.09819632768630981
0.42824888229370117
0.875725507736206
0.6681527495384216
0.3091779947280884
0.3911575675010681
0.7315529584884644
0.7989153861999512
0.5456975698471069
0.8544110059738159
0.04140124469995499
0.15364889800548553
0.45718446373939514
0.04338579997420311
0.036738842725753784
0.11021941155195236
0.7842315435409546
0.7928253412246704
0.9074159860610962
0.4923469126224518
0.7786288857460022
0.22088313102722168
0.15633215010166168
0.30896270275115967
0.00802098773419857
0.48607832193374634
0.8098143339157104
0.7188463807106018
0.6554863452911377
0.4138183295726776
0.21126756072044373
0.574415385723114
0.26684632897377014
0.2074047327041626
0.3806518018245697
0.233351469039917
0.6510704755783081
0.757725179195404
0.3252197802066803
0.25493693351745605
0.9426307678222656
0.8666950464248657
0.9522109031677246
0.4832167625427246
0.25853490829467773
0.3836756944656372
0.01511790044605732
0.7223724126815796
0.9212873578071594
0.7095921635627747
0.17901167273521423
0.011086726561188698
0.8340185284614563
0.20431949198246002
0.14563286304473877
0.30883556604385376
0.1300446093082428
0.14155778288841248
0.7611181735992432
0.08872420340776443
0.35359814763069153
0.40143144130706787
0.3898743689060211
0.704741358757019
0.989268958568573
0.07154621183872223
0.14479178190231323
0.28685489296913147
0.09261298179626465
0.9976606965065002
0.2659459412097931
0.2838268578052521
0.13697198033332825
0.5261257886886597
0.5687401294708252
0.059958718717098236
0.624457836151123
0.783356249332428
0.7555240988731384
0.5195983052253723
0.3512590527534485
0.03443797305226326
0.12594623863697052
0.15794360637664795
0.7298485040664673
0.9296982288360596
0.20214135944843292
0.11716290563344955
0.11731650680303574
0.41899964213371277
0.3707888424396515
0.02662007138133049
0.5689252018928528
0.13605765998363495
0.14010360836982727
0.15804865956306458
0.5061488747596741
0.558649480342865
0.5798112750053406
0.504645824432373
0.721154510974884
0.1397596299648285
0.4727400541305542
0.11473206430673599
0.5974748134613037
0.24250568449497223
0.6888468265533447
0.3460969030857086
0.8275803923606873
0.7677701711654663
0.9650838971138
0.9768918752670288
0.3559502065181732
0.9822858572006226
0.5222126841545105
0.7423043251037598
0.35224899649620056
0.43311965465545654
0.06812719255685806
0.20757389068603516
0.5770589709281921
0.5638457536697388
0.37841469049453735
0.35271579027175903
0.5605954527854919
0.7606210708618164
0.5605732202529907
0.6497389674186707
0.45180588960647583
0.11366281658411026
0.6505613327026367
0.6083762049674988
0.3243614435195923
0.32670825719833374
0.6625383496284485
0.20338967442512512
0.006450492888689041
0.8527806401252747
0.4478003680706024
0.24852587282657623
0.6870641708374023
0.3997952342033386
0.44059088826179504
0.2882569134235382
0.5324237942695618
0.0469859279692173
0.1814599335193634
0.6627010703086853
0.16016064584255219
0.1138739362359047
0.33522066473960876
0.6880007982254028
0.17271821200847626
0.6053202748298645
0.5735151767730713
0.6875510215759277
0.45862558484077454
0.324085533618927
0.12892454862594604
0.4757288992404938
0.5477558970451355
0.21410541236400604
0.5714690685272217
0.27489563822746277
0.2668657600879669
0.22180116176605225
0.0952134057879448
0.6587093472480774
0.5464403033256531
0.35795703530311584
0.22556817531585693
0.6411213874816895
0.5742443203926086
0.2677929997444153
0.24871404469013214
0.5906660556793213
0.4616929292678833
0.23289796710014343
0.4892286956310272
0.09490882605314255
0.6698828339576721
0.5667160749435425
0.94004225730896
0.36962154507637024
0.3118995726108551
0.6492174863815308
0.8768193125724792
0.8673163652420044
0.8288114070892334
0.05127232149243355
0.2135193645954132
0.10917297005653381
0.12386627495288849
0.539774477481842
0.596321702003479
0.42197468876838684
0.6947313547134399
0.5657286047935486
0.2002391368150711
0.38738149404525757
0.3464580178260803
0.6615579128265381
0.025130541995167732
0.18414649367332458
0.3958917558193207
0.3630758821964264
0.2628394663333893
0.7673534154891968
0.23416754603385925
0.4400830566883087
0.5177080035209656
0.32653293013572693
0.17688101530075073
0.8709920048713684
0.8646978735923767
0.7192438840866089
0.7007271647453308
0.5405817031860352
0.10719224810600281
0.007878437638282776
0.3120262026786804
0.3402038812637329
0.560269832611084
0.06804138422012329
0.5194805264472961
0.8437288403511047
0.9188346266746521
0.4886864423751831
0.39811229705810547
0.7319774031639099
0.5879319906234741
0.5244474411010742
0.7566946148872375
0.8700672388076782
0.03723381087183952
0.4425385594367981
0.35132652521133423
0.22598813474178314
0.6597789525985718
0.8660535216331482
0.45413529872894287
0.3025239408016205
0.32200098037719727
0.46532803773880005
0.9369948506355286
0.845734715461731
0.8497276902198792
0.0781387910246849
0.4416368305683136
0.33870989084243774
0.7871941924095154
0.8599359393119812
0.4074251055717468
0.8466638922691345
0.08044861257076263
0.9525474905967712
0.2735951244831085
0.6494896411895752
0.08066850900650024
0.5751586556434631
0.11853291094303131
0.21401873230934143
0.8856984376907349
0.038415148854255676
0.45753213763237
0.38769781589508057
0.6028088331222534
0.15234412252902985
0.9034882187843323
0.6548594236373901
0.21525061130523682
0.02345922403037548
0.2579909563064575
0.553907036781311
0.16238221526145935
0.04465308412909508
0.533512532711029
0.6922017335891724
0.6771564483642578
0.5543180704116821
0.619737982749939
0.010835188440978527
0.7591216564178467
0.7393094897270203
0.9253215193748474
0.900233805179596
0.8980563282966614
0.2541326582431793
0.3967105448246002
0.45538458228111267
0.7268849015235901
0.3223818838596344
0.39042648673057556
0.7227940559387207
0.635585606098175
0.989238440990448
0.5217705965042114
0.8146395087242126
0.8957850337028503
0.37849390506744385
0.1984483301639557
0.5515291094779968
0.8670157790184021
0.604361891746521
0.031934790313243866
0.6248124241828918
0.4856396019458771
0.37862199544906616
0.25940844416618347
0.9944530725479126
0.5746852159500122
0.984471321105957
0.37888649106025696
0.6313557028770447
0.059217970818281174
0.19816753268241882
0.13805855810642242
0.20175495743751526
0.4924176335334778
0.66729336977005
0.748502254486084
0.8686855435371399
0.7604719996452332
0.7412116527557373
0.8017359972000122
0.6718681454658508
0.05360899865627289
0.6665661334991455
0.33209145069122314
0.5098512768745422
0.8304799795150757
0.9709246158599854
0.5117932558059692
0.8774081468582153
0.9284184575080872
0.9123398065567017
0.8330791592597961
0.8230101466178894
0.5435133576393127
0.7166963815689087
0.6674795746803284
0.7548738718032837
0.5065740942955017
0.24421632289886475
0.4855194091796875
0.686615526676178
0.2850111424922943
0.8107796311378479
0.32882922887802124
0.797508955001831
0.5710949897766113
0.5397320985794067
0.6688828468322754
0.7267397046089172
0.39762136340141296
0.41574060916900635
0.9647201299667358
0.17408721148967743
0.36611244082450867
0.07099311053752899
0.19656924903392792
0.2549462914466858
0.6538271903991699
0.2578414976596832
0.12659132480621338
0.12135549634695053
0.8044803738594055
0.3263928294181824
0.4464494585990906
0.1926795393228531
0.9188615679740906
0.7686142325401306
0.5957875847816467
0.3842388391494751
0.641653299331665
0.7528144121170044
0.6435459852218628
0.9632663726806641
0.0398627370595932
0.5497097373008728
0.8020234704017639
0.03249119967222214
0.9111588001251221
0.6888126134872437
0.7778614163398743
0.9664456844329834
0.2845032811164856
0.1439191997051239
0.7415168285369873
0.9786885380744934
0.39621108770370483
0.09018798172473907
0.4744598865509033
0.5379621386528015
0.25531429052352905
0.8125498294830322
0.6253874897956848
0.7801306843757629
0.4227236211299896
0.9808430075645447
0.2564748227596283
0.28818798065185547
0.08818765729665756
0.699686586856842
0.6723920106887817
0.41266289353370667
0.5795124769210815
0.7588751912117004
0.9207625985145569
0.6290284395217896
0.7153603434562683
0.9909825325012207
0.9705251455307007
0.18590250611305237
0.545003354549408
0.2636021375656128
0.8276704549789429
0.7230890989303589
0.40298226475715637
0.5145015120506287
0.4284370541572571
0.6037611365318298
0.5529717206954956
0.6321418881416321
0.13360731303691864
0.6710039973258972
0.7766386270523071
0.5782056450843811
0.4822072684764862
0.12125459313392639
0.19620390236377716
0.3865189254283905
0.8720231652259827
0.24146705865859985
0.6333943009376526
0.1221730038523674
0.6748268008232117
0.7214639186859131
0.21110646426677704
0.512958824634552
0.7831522226333618
0.580321192741394
0.27501434087753296
0.3109033405780792
0.5910242795944214
0.9892232418060303
0.4613661766052246
0.8206637501716614
0.4473828673362732
0.5378856062889099
0.6117936372756958
0.021932339295744896
0.9881823658943176
0.057838357985019684
0.2771878242492676
0.851101279258728
0.4917783737182617
0.7445359826087952
0.1328698694705963
0.9698529243469238
0.41102176904678345
0.0015846870373934507
0.156964972615242
0.2096196413040161
0.8622474074363708
0.21880745887756348
0.23963673412799835
0.5772502422332764
0.648972749710083
0.549595296382904
0.7972257137298584
0.31258898973464966
0.3634940981864929
0.8000028133392334
0.709505021572113
0.853620171546936
0.23622368276119232
0.1461264044046402
0.38072746992111206
0.27016642689704895
0.8168901801109314
0.11723978072404861
0.6611310243606567
0.6694634556770325
0.3621818721294403
0.15429896116256714
0.007082187570631504
0.025787871330976486
0.004592691548168659
0.982059121131897
0.22457534074783325
0.9627203941345215
0.15079663693904877
0.0545353963971138
0.7681706547737122
0.7700287103652954
0.5834489464759827
0.3534700870513916
0.6250610947608948
0.08549455553293228
0.3269612491130829
0.9737167358398438
0.6568203568458557
0.6928371787071228
0.7864547967910767
0.7256904244422913
0.0013986086705699563
0.09444522112607956
0.8235946297645569
0.15146853029727936
0.4220936596393585
0.6011900305747986
0.0406440831720829
0.303800493478775
0.09972040355205536
0.2712794840335846
0.41876858472824097
0.5251909494400024
0.44471803307533264
0.2388845831155777
0.16684465110301971
0.5942733883857727
0.12701641023159027
0.6656967997550964
0.5440612435340881
0.8735092282295227
0.897846519947052
0.5110893249511719
0.9689697623252869
0.6097612977027893
0.15162986516952515
0.598768413066864
0.9304165244102478
0.2546374797821045
0.5300918817520142
0.28630122542381287
0.10859048366546631
0.6807155609130859
0.6582222580909729
0.500643789768219
0.9091102480888367
0.6336459517478943
0.08853531628847122
0.9857977032661438
0.7069299817085266
0.5771538019180298
0.71854168176651
0.601222813129425
0.04940807819366455
0.7770200371742249
0.7659786343574524
0.499695748090744
0.11970190703868866
0.8549116253852844
0.5213912725448608
0.15596620738506317
0.34398049116134644
0.7563358545303345
0.8914114236831665
0.9272623658180237
0.8188680410385132
0.9459148645401001
0.5494546294212341
0.1335880607366562
0.39485999941825867
0.9050781726837158
0.93272465467453
0.4619341492652893
0.28445467352867126
0.10027086734771729
0.25732898712158203
0.6154776215553284
0.7780424952507019
0.022419273853302002
0.6538174748420715
0.4689173698425293
0.5006617903709412
0.10068759322166443
0.8497381210327148
0.32901647686958313
0.38686224818229675
0.16496074199676514
0.3007621467113495
0.2120666652917862
0.6668225526809692
0.9815552830696106
0.38110509514808655
0.16767235100269318
0.2695125937461853
0.11770227551460266
0.12018191814422607
0.7158235311508179
0.27994611859321594
0.3681522011756897
0.006958994083106518
0.6027835011482239
0.5908199548721313
0.247549906373024
0.5327407717704773
0.6389459371566772
0.8833296298980713
0.14878146350383759
0.2636001706123352
0.20667219161987305
0.39182499051094055
0.3389274477958679
0.5713277459144592
0.6407620906829834
0.6490673422813416
0.13906168937683105
0.24875959753990173
0.9586402177810669
0.15740951895713806
0.5115399956703186
0.1983364075422287
0.8534277677536011
0.28104448318481445
0.6452089548110962
0.34428614377975464
0.6875636577606201
0.3084671199321747
0.10529559850692749
0.5595389604568481
0.7500532269477844
0.5305395126342773
0.36164629459381104
0.2780994176864624
0.39823296666145325
0.2767414152622223
0.11505962163209915
0.17323295772075653
0.559891402721405
0.15434320271015167
0.83723384141922
0.40313783288002014
0.23266272246837616
0.4196039140224457
0.16549052298069
0.4522804617881775
0.12242796272039413
0.9151657819747925
0.8906726837158203
0.474450021982193
0.026137791574001312
0.9795416593551636
0.16831545531749725
0.6361948847770691
0.7573342323303223
0.8514934182167053
0.7501068115234375
