512 4
0
151
152
163
291
1
17
269
286
450
2
33
133
304
499
3
192
344
348
485
4
29
364
386
390
5
138
197
324
374
6
74
297
373
508
7
201
308
377
453
4
8
110
166
368
9
309
324
401
427
10
40
204
416
500
11
119
207
273
338
9
12
395
484
507
13
261
264
363
474
14
51
81
130
449
15
241
257
344
387
16
79
202
290
447
17
85
300
392
468
18
230
308
329
495
19
49
335
389
415
20
52
132
146
447
21
95
184
326
355
19
22
105
436
452
23
39
69
274
337
24
243
257
362
375
13
25
63
455
488
26
178
201
322
421
27
51
215
225
444
28
259
298
338
380
29
122
418
475
501
30
238
257
283
495
2
31
223
438
446
1
32
211
278
295
33
256
263
371
436
34
54
107
128
292
35
69
133
420
437
36
62
166
210
454
37
110
260
321
437
21
38
86
117
137
39
64
71
156
480
40
68
78
229
236
41
186
259
296
472
42
297
307
338
384
43
60
91
176
474
44
202
283
323
400
45
88
137
213
351
33
44
46
313
395
47
81
149
267
346
15
48
98
123
216
49
102
260
367
505
50
237
333
415
507
41
51
151
156
295
37
52
76
209
262
17
53
107
371
430
54
91
227
256
459
55
83
146
252
388
56
224
234
255
348
57
83
133
397
407
58
168
206
428
455
21
59
197
204
243
9
60
135
197
333
48
57
61
115
222
62
185
238
267
278
58
63
179
352
439
52
64
353
471
484
65
207
301
311
340
21
66
110
227
412
67
122
231
457
511
68
217
299
431
457
69
96
105
291
467
17
25
70
103
382
14
71
87
96
351
72
105
203
235
382
73
144
256
342
363
74
211
290
369
391
29
75
89
107
489
59
76
167
194
486
32
76
77
462
487
78
277
292
467
485
79
90
375
396
443
80
102
389
391
489
0
81
139
282
440
1
3
82
209
377
83
157
270
337
472
20
84
128
300
308
85
92
219
369
428
86
108
151
364
454
48
87
183
267
407
88
148
183
207
234
89
209
236
334
415
39
59
90
237
345
91
119
143
166
485
66
86
92
114
504
87
93
181
444
511
10
43
94
461
510
95
103
421
441
486
78
96
125
265
487
97
318
431
440
454
63
98
284
412
425
99
136
179
336
438
100
142
350
450
492
101
254
283
382
468
102
331
413
476
480
20
103
114
237
379
104
229
259
426
499
66
105
343
427
437
44
85
106
342
434
107
111
114
151
487
108
349
389
426
496
24
109
234
369
503
110
113
192
268
452
111
131
179
236
310
112
275
296
318
436
113
147
148
223
483
11
114
138
279
317
52
81
115
194
339
116
168
206
373
439
117
183
266
345
490
118
148
400
421
433
119
294
346
384
481
80
120
161
306
459
121
188
233
393
417
122
125
202
244
300
123
150
386
457
511
70
124
185
197
225
58
71
125
140
367
126
215
332
351
405
90
127
369
480
506
58
128
168
455
507
17
93
129
187
275
130
136
240
289
431
81
124
131
202
362
51
54
132
138
306
117
133
217
422
479
117
134
147
166
332
135
177
252
449
451
68
136
220
323
407
12
137
301
338
454
116
138
293
319
403
8
139
239
252
294
31
140
151
160
286
28
89
141
249
291
142
208
214
356
492
123
143
168
203
387
19
50
144
289
350
145
176
219
374
436
122
146
301
423
425
147
184
280
362
508
74
148
186
392
474
149
223
427
464
480
38
150
228
243
429
53
75
151
322
460
152
166
410
413
452
54
123
153
375
431
5
154
348
465
483
155
158
186
242
436
78
99
156
381
418
102
109
157
191
461
99
158
308
427
465
125
159
375
476
506
63
109
160
358
431
161
164
259
276
438
131
161
162
178
296
73
163
171
199
506
164
311
377
456
476
21
44
165
275
298
6
166
245
472
482
75
167
202
222
264
155
168
284
448
490
14
169
221
386
410
119
142
146
170
393
42
124
171
453
460
151
168
172
349
366
120
173
181
231
369
174
264
306
452
491
175
178
181
452
492
68
176
296
346
414
13
106
177
350
442
175
178
205
294
440
101
148
179
389
474
180
181
222
450
461
11
60
63
126
181
144
182
277
396
439
38
104
183
240
303
69
154
184
371
446
185
195
285
292
466
154
155
186
272
294
60
175
187
239
460
188
201
267
430
459
46
189
329
356
361
190
263
286
304
324
87
191
284
445
461
130
192
380
457
461
88
193
335
394
398
26
172
194
322
465
195
236
241
413
434
102
196
243
274
469
129
197
348
375
419
99
198
221
288
316
20
199
210
314
326
133
198
200
226
502
129
201
246
384
438
7
19
202
255
511
89
203
214
234
308
119
204
315
414
426
205
295
349
441
444
175
178
206
428
492
207
237
265
374
425
133
140
208
321
471
47
155
209
248
352
69
70
117
210
279
136
161
211
301
497
58
174
209
212
457
17
179
199
213
309
105
214
226
312
334
215
268
340
435
472
36
131
216
334
361
57
217
396
428
466
218
295
345
377
415
89
219
286
381
496
36
70
220
257
323
192
221
298
305
438
58
222
284
400
489
167
181
223
412
462
151
183
224
347
412
37
225
413
416
477
69
211
226
249
300
128
227
310
362
376
156
181
204
228
378
89
188
229
253
403
51
121
230
316
441
222
231
260
289
358
130
232
257
435
473
99
125
233
234
438
118
234
263
424
471
235
323
338
377
452
236
248
257
321
362
47
145
237
303
463
64
101
238
323
507
41
154
171
239
259
69
209
237
240
274
124
181
235
241
256
2
74
242
329
401
210
243
250
344
399
13
244
252
254
292
20
23
145
245
398
156
165
246
316
374
166
247
439
452
501
51
127
248
461
490
107
114
249
346
375
23
171
185
250
391
63
251
265
382
440
121
141
215
230
252
176
198
253
410
475
254
324
354
357
465
18
182
255
318
445
256
262
288
429
511
6
68
257
350
373
258
329
378
476
498
185
188
259
437
444
17
86
104
127
260
166
222
261
426
453
1
262
280
311
477
162
183
243
263
452
214
242
264
279
494
6
81
245
265
460
9
217
266
356
467
103
267
320
429
450
198
268
374
398
497
4
101
269
426
465
205
270
322
504
506
271
340
362
403
481
6
170
219
272
487
136
234
235
273
293
274
290
440
465
488
10
33
244
275
425
77
153
276
357
419
1
176
277
375
407
164
172
257
268
278
228
279
369
458
506
126
137
222
280
317
137
190
281
371
412
103
194
267
282
374
96
283
288
358
391
246
284
337
456
493
80
148
285
424
462
1
132
286
358
368
4
186
287
321
443
61
200
288
377
457
7
16
244
282
289
138
226
271
290
292
84
282
291
458
472
167
256
292
326
343
48
158
293
389
494
294
335
350
449
505
26
254
295
328
390
218
267
296
356
415
28
98
177
251
297
135
283
298
373
469
76
200
299
447
493
185
258
300
363
487
124
301
317
434
452
16
32
129
285
302
219
303
354
374
447
27
41
210
242
304
202
250
260
305
390
3
190
306
314
419
82
295
307
402
442
18
97
308
501
509
1
87
309
337
384
179
256
310
439
475
0
121
181
311
385
209
219
312
449
464
6
115
189
313
485
102
314
358
456
499
3
49
60
204
315
177
201
316
400
403
75
80
197
317
489
161
167
221
318
345
67
215
319
418
444
57
125
134
264
320
3
269
297
321
444
160
284
322
327
496
42
245
323
339
345
115
155
302
324
345
193
250
260
325
363
162
225
326
374
488
0
67
142
327
462
3
328
398
412
468
20
133
329
480
491
76
143
154
182
330
49
138
331
364
503
130
164
332
335
476
22
103
244
333
445
94
108
334
350
443
124
241
277
335
485
167
310
336
476
503
171
221
337
379
414
27
338
393
400
455
1
128
304
317
339
87
93
122
340
400
43
81
341
362
371
138
332
342
350
388
138
171
329
343
385
86
183
219
344
441
65
227
345
441
500
201
227
328
346
504
111
142
333
346
347
33
143
326
348
385
76
349
445
455
495
1
263
278
350
415
1
167
333
351
505
18
184
296
352
454
241
296
353
472
486
68
270
314
324
354
77
107
288
355
489
165
196
263
356
426
18
125
357
372
510
135
193
195
312
358
39
129
158
359
404
35
89
132
244
360
26
43
113
361
426
123
186
361
362
435
15
94
121
318
363
116
364
373
436
440
10
217
310
365
475
355
366
429
454
477
235
307
317
367
486
61
168
314
368
379
120
188
369
397
482
40
364
370
387
388
41
90
248
371
381
84
144
174
319
372
144
191
244
373
446
52
110
354
374
439
78
287
337
375
427
104
289
340
376
506
140
307
352
377
481
39
157
262
378
481
13
306
312
379
446
139
191
337
380
382
277
293
308
314
381
30
58
143
382
403
67
237
280
373
383
299
380
384
451
475
49
328
385
440
444
14
110
294
362
386
109
162
174
214
387
8
30
280
388
421
178
338
389
486
503
390
400
411
428
495
15
204
286
303
391
90
104
110
392
429
293
317
349
393
441
55
244
246
394
463
30
131
395
422
474
116
246
293
396
456
67
351
357
397
434
50
102
370
398
471
7
85
129
331
399
88
97
177
208
400
112
285
370
401
450
200
247
402
427
479
189
219
341
369
403
81
207
306
404
505
93
167
405
454
477
4
122
137
233
406
2
50
261
407
436
3
123
238
275
408
28
246
299
409
426
99
231
268
380
410
45
149
176
259
411
14
65
143
178
412
18
263
332
413
485
30
71
133
308
414
164
196
415
419
440
6
146
165
250
416
79
280
320
362
417
185
418
432
450
510
46
236
392
419
495
30
49
130
158
420
10
21
108
421
473
182
358
403
422
491
142
241
351
423
462
1
13
280
379
424
141
170
326
335
425
163
223
308
426
438
44
83
279
328
427
116
134
349
428
480
62
67
106
245
429
125
376
430
475
485
58
319
425
431
492
154
184
432
441
481
5
58
108
232
433
32
98
108
351
434
96
108
109
288
435
75
341
357
436
458
126
142
199
330
437
46
81
314
438
468
93
106
240
284
439
69
215
315
440
504
219
281
403
408
441
106
304
388
442
444
60
167
308
443
444
38
81
394
408
444
18
171
353
411
445
8
276
315
446
494
25
27
29
33
447
108
151
197
264
448
158
277
305
449
471
84
135
357
382
450
301
328
443
451
484
29
116
280
372
452
283
367
453
482
497
27
36
162
364
454
70
106
161
455
490
51
65
225
307
456
139
181
296
389
457
33
43
114
212
458
132
147
164
378
459
215
241
283
460
482
196
283
315
386
461
82
211
212
415
462
42
152
331
463
488
67
265
302
441
464
71
75
317
422
465
160
282
453
466
497
2
275
342
467
485
172
175
193
468
475
37
149
181
407
469
49
180
231
268
470
77
152
261
411
471
109
222
330
350
472
10
359
425
473
483
14
238
362
421
474
41
177
428
475
490
126
284
294
401
476
65
70
348
377
477
103
265
303
478
479
14
187
188
479
498
37
68
188
397
480
93
281
313
434
481
17
121
172
389
482
1
22
346
388
483
136
249
336
346
484
47
203
326
427
485
219
400
466
483
486
19
136
182
487
509
142
160
178
384
488
118
231
333
489
503
140
345
374
444
490
271
297
315
405
491
81
191
299
358
492
17
232
428
467
493
251
307
367
494
497
57
221
362
453
495
25
107
109
124
496
235
321
323
359
497
86
159
443
488
498
65
76
161
403
499
71
230
240
429
500
40
345
360
431
501
56
147
377
467
502
5
102
181
439
503
257
416
451
487
504
166
219
272
369
505
152
180
199
222
506
292
337
437
454
507
4
78
110
279
508
30
184
217
375
509
208
308
396
445
510
42
95
185
386
511
0.22288566827774048
0.5665483474731445
0.3479141891002655
0.29697880148887634
0.5344498157501221
0.2734892666339874
0.7015095353126526
0.49001404643058777
0.8794324994087219
0.7343974709510803
0.9745028614997864
0.536426305770874
0.22058790922164917
0.7698466777801514
0.29564207792282104
0.020118040964007378
0.4694403111934662
0.5683034062385559
0.010008305311203003
0.29287075996398926
0.14372605085372925
0.740298867225647
0.4394514858722687
0.7347244620323181
0.6313217282295227
0.08579181879758835
0.8798704147338867
0.6905809640884399
0.2657409906387329
0.1320672482252121
0.1875654011964798
0.5076910257339478
0.021285386756062508
0.31278103590011597
0.443956583738327
0.887036144733429
0.09680109471082687
0.32489311695098877
0.9189700484275818
0.4884507358074188
0.7014208436012268
0.2771788239479065
0.4744738042354584
0.7714208960533142
0.8140246868133545
0.9984111785888672
0.2740527391433716
0.9776148796081543
0.3540130853652954
0.6099023222923279
0.18203285336494446
0.6520662307739258
0.8662169575691223
0.11406471580266953
0.9845746159553528
0.7729005217552185
0.058378834277391434
0.14979201555252075
0.3726538121700287
0.9118200540542603
0.6270154118537903
0.822279691696167
0.9560704827308655
0.08383377641439438
0.00845285877585411
0.3809179663658142
0.15543366968631744
0.21463549137115479
0.06891816854476929
0.9203243255615234
0.9721792340278625
0.5029247403144836
0.4982580840587616
0.4454340636730194
0.020812923088669777
0.43900802731513977
0.7718000411987305
0.7440892457962036
0.6587802767753601
0.7489051818847656
0.1039128452539444
0.6206284761428833
0.3612939417362213
0.28623104095458984
0.10105042159557343
0.47859907150268555
0.9910666346549988
0.7140023112297058
0.5324464440345764
0.6437827944755554
0.711212694644928
0.7338772416114807
0.1943431943655014
0.025790615007281303
0.6117252111434937
0.7178963422775269
0.5806337594985962
0.23664137721061707
0.7872674465179443
0.4441774785518646
0.35644158720970154
0.814456582069397
0.5579594969749451
0.7177654504776001
0.6341214179992676
0.26335686445236206
0.48659223318099976
0.5534431338310242
0.2087838351726532
0.8714016079902649
0.6011158227920532
0.5316916704177856
0.7550262212753296
0.6577665209770203
0.5706445574760437
0.0727132260799408
0.688335657119751
0.1842413991689682
0.8584797382354736
0.5804905295372009
0.9987355470657349
0.6897296905517578
0.9889574646949768
0.1979084461927414
0.0877838209271431
0.9855846166610718
0.9197570085525513
0.9712381362915039
0.30909085273742676
0.18949253857135773
0.9294126629829407
0.3771367073059082
0.5371021032333374
0.019389668479561806
0.3016177713871002
0.6826896667480469
0.4250674843788147
0.6852342486381531
0.45059865713119507
0.12598317861557007
0.8628133535385132
0.0020135778468102217
0.6073211431503296
0.2645152509212494
0.7409685254096985
0.15595054626464844
0.5048177242279053
0.638332188129425
0.4833303391933441
0.7428725957870483
0.8460658192634583
0.4903466999530792
0.4539760947227478
0.08491553366184235
0.1890803575515747
0.1625484973192215
0.8391839861869812
0.08063364028930664
0.4555406868457794
0.3051688075065613
0.6899011731147766
0.6206403374671936
0.8761626482009888
0.3483811318874359
0.9628703594207764
0.41910284757614136
0.9251377582550049
0.807479977607727
0.4008830487728119
0.08405576646327972
0.8074496984481812
0.25926873087882996
0.7802687287330627
0.9972981810569763
0.2519000768661499
0.1463300883769989
0.7032245397567749
0.2523757219314575
0.041468918323516846
0.8709617853164673
0.8286811113357544
0.5633324384689331
0.33287349343299866
0.9257429838180542
0.564601719379425
0.9262407422065735
0.9399212598800659
0.6028752326965332
0.5834493637084961
0.046928662806749344
0.37537574768066406
0.7491121292114258
0.08632519096136093
0.6524794697761536
0.23424947261810303
0.6829926371574402
0.9114122986793518
0.27953770756721497
0.21496376395225525
0.915534257888794
0.21233250200748444
0.504388689994812
0.9868049621582031
0.6977664232254028
0.11864251643419266
0.02286340482532978
0.8279419541358948
0.4837295413017273
0.7734236717224121
0.5747448801994324
0.9634125232696533
0.9430957436561584
0.06732490658760071
0.21353186666965485
0.7238742113113403
0.5710694193840027
0.39791804552078247
0.7283066511154175
0.935516357421875
0.6499932408332825
0.0508405938744545
0.8806585073471069
0.9358196258544922
0.8220480680465698
0.089585080742836
0.24651606380939484
0.3129669725894928
0.15501251816749573
0.37354978919029236
0.26829490065574646
0.9706500768661499
0.6416096687316895
0.122419573366642
0.38656312227249146
0.970011293888092
0.4917791187763214
0.19477011263370514
0.6607019305229187
0.06728683412075043
0.5254897475242615
0.8599397540092468
0.5945156812667847
0.7138761281967163
0.7276366353034973
0.2546035647392273
0.5555687546730042
0.21681775152683258
0.1554507464170456
0.20478758215904236
0.15978017449378967
0.5447820425033569
0.31646665930747986
0.5427829027175903
0.8877650499343872
0.37579160928726196
0.7435101866722107
0.28613001108169556
0.8346624970436096
0.11279970407485962
0.0059726303443312645
0.8737982511520386
0.9013187885284424
0.049948275089263916
0.21320447325706482
0.0524035282433033
0.9878719449043274
0.2814379334449768
0.7756527066230774
0.565021812915802
0.400653213262558
0.3649964928627014
0.007855367846786976
0.01740160584449768
0.6717768907546997
0.017015324905514717
0.2973589599132538
0.10735750198364258
0.03906827047467232
0.48840978741645813
0.4905787706375122
0.3735590875148773
0.010598682798445225
0.7492873072624207
0.39866185188293457
0.5186870098114014
0.3267589509487152
0.2521815299987793
0.49006664752960205
0.9705848097801208
0.8698902726173401
0.07371969521045685
0.886160671710968
0.7935545444488525
0.9586434364318848
0.7591869235038757
0.1637929230928421
0.022394714877009392
0.058027006685733795
0.9710533618927002
0.32910847663879395
0.7984450459480286
0.2085355520248413
0.8353919386863708
0.2945220470428467
0.040948353707790375
0.02703484520316124
0.8639276027679443
0.4241938889026642
0.3189091682434082
0.28354763984680176
0.681922972202301
0.443104088306427
0.9235563278198242
0.3187626898288727
0.21088530123233795
0.2301316261291504
0.3564459979534149
0.4194323718547821
0.8090429902076721
0.5640630722045898
0.2053169459104538
0.6120325922966003
0.12374328076839447
0.7277050614356995
0.5928579568862915
0.34211787581443787
0.1361982673406601
0.936083972454071
0.508041501045227
0.5582850575447083
0.5456439852714539
0.9175488352775574
0.8960201144218445
0.5621551871299744
0.11223100870847702
0.7551348805427551
0.35443809628486633
0.21121741831302643
0.7556660175323486
0.8585484623908997
0.7961836457252502
0.5750712156295776
0.25817570090293884
0.4487028121948242
0.5523886680603027
0.6303954124450684
0.7008675336837769
0.3695712089538574
0.7152190804481506
0.8154829144477844
0.041203565895557404
0.7261074185371399
0.358173131942749
0.6584069132804871
0.9071558117866516
0.9661896824836731
0.49439871311187744
0.001662134425714612
0.6980502009391785
0.5134187936782837
0.16487014293670654
0.703220546245575
0.08755644410848618
0.1766449213027954
0.5391759276390076
0.7624503970146179
0.9157973527908325
0.09710511565208435
0.40849778056144714
0.864298403263092
0.7237628698348999
0.42793023586273193
0.12749412655830383
0.25568193197250366
0.36101099848747253
0.6528089046478271
0.9971975088119507
0.33332663774490356
0.9560140371322632
0.24313294887542725
0.6170148849487305
0.47642216086387634
0.9473308324813843
0.19042612612247467
0.6860544085502625
0.8090381026268005
0.925136387348175
0.3452375531196594
0.798322319984436
0.0591430589556694
0.1293671578168869
0.3137562870979309
0.6307494640350342
0.11887185275554657
0.11822164803743362
0.6169686913490295
0.412750244140625
0.3625561594963074
0.764071524143219
0.8007691502571106
0.5691604614257812
0.132630854845047
0.1290627121925354
0.16220970451831818
0.5346484184265137
0.47779953479766846
0.9983097910881042
0.08501702547073364
0.9831918478012085
0.695141077041626
0.4324178099632263
0.4683893322944641
0.33442479372024536
0.7620763182640076
0.41666582226753235
0.9145146608352661
0.6044936776161194
0.23539014160633087
0.29182764887809753
0.3359634280204773
0.8763724565505981
0.5458518266677856
0.9479075074195862
0.9983388185501099
0.44063475728034973
0.4874842166900635
0.3381288945674896
0.48098260164260864
0.7371203899383545
0.4426593482494354
0.5322485566139221
0.23252663016319275
0.3292659521102905
0.8574467897415161
0.8276482224464417
0.7725573182106018
0.9953656196594238
0.20135842263698578
0.3027507960796356
0.9985634684562683
0.9115647077560425
0.3962816596031189
0.0902220606803894
0.4182215631008148
0.5985267162322998
0.6844881772994995
0.8185314536094666
0.7385244369506836
0.4638446569442749
0.7932451963424683
0.8840854167938232
0.33989089727401733
0.73128741979599
0.042203374207019806
0.7158176898956299
0.9876570105552673
0.5385531783103943
0.5245872735977173
0.19141657650470734
0.29997244477272034
0.48809337615966797
0.9074445366859436
0.6187602877616882
0.3196570873260498
0.5971449017524719
0.4501975178718567
0.8069361448287964
0.5763202905654907
0.3118879497051239
0.8223533630371094
0.844735860824585
0.41205134987831116
0.2257697880268097
0.969810426235199
0.09831136465072632
0.5368462800979614
0.19949227571487427
0.308870404958725
0.1852106899023056
0.8021137714385986
0.871707022190094
0.19661471247673035
0.7380800843238831
0.016757529228925705
0.19741235673427582
0.06265714019536972
0.879326581954956
0.4372504949569702
0.5575782060623169
0.12178543955087662
0.03492278605699539
0.8444504737854004
0.5963907837867737
0.6156101822853088
0.38312944769859314
0.9084224700927734
0.2795816659927368
0.6041070818901062
0.9507558345794678
0.006431060843169689
0.12426859885454178
0.217010959982872
0.6736135482788086
0.0858260840177536
0.21386510133743286
0.05889720842242241
0.6587784290313721
0.25453487038612366
0.5272583365440369
0.039081428200006485
0.8333275318145752
0.7027225494384766
0.6073139309883118
0.9202347993850708
0.38173675537109375
0.8024535775184631
0.9294487833976746
0.41867953538894653
0.6709154844284058
0.40917861461639404
0.007889507338404655
0.49162960052490234
0.3518381714820862
0.17844872176647186
0.4824387729167938
0.44562193751335144
0.9307881593704224
0.544717013835907
0.46543607115745544
0.7637131214141846
0.35784614086151123
0.13488620519638062
0.5024778842926025
0.32010000944137573
0.6103965044021606
0.2721211910247803
0.6443224549293518
0.012267960235476494
0.11145291477441788
0.15179631114006042
0.06687558442354202
0.4368348717689514
0.2259845733642578
0.44529029726982117
0.5066041350364685
0.9217187762260437
0.6788007616996765
0.9815412759780884
0.6609296798706055
0.21820062398910522
0.4448736310005188
0.18141992390155792
0.2205432951450348
0.23467746376991272
0.11870864033699036
0.48870471119880676
0.7200903296470642
0.5543321967124939
0.20189997553825378
0.8788944482803345
0.5846537351608276
0.34843114018440247
0.4230639338493347
0.708112895488739
0.4319384694099426
0.7451432943344116
0.6547598838806152
0.31044840812683105
0.5615891814231873
0.6149868369102478
0.2187793105840683
0.9054862856864929
0.7132364511489868
0.15183228254318237
0.968336820602417
0.7066453695297241
0.5788009762763977
0.4458240568637848
0.7605752348899841
0.8721737265586853
0.7152893543243408
0.492777019739151
0.04030574485659599
0.7949585914611816
0.5590360760688782
0.4955698847770691
0.4651396572589874
0.590566873550415
0.9046519994735718
0.4599691927433014
0.848784327507019
0.744895339012146
0.16736996173858643
0.29977837204933167
0.5741065144538879
0.556793212890625
0.736886739730835
0.6157676577568054
0.8328126072883606
0.5920590162277222
0.7547280192375183
0.6295795440673828
0.25347384810447693
0.822209894657135
0.6217378973960876
0.5002733469009399
0.2962181270122528
0.05447658523917198
0.2039470672607422
0.44859910011291504
0.7630847096443176
0.29074129462242126
0.6568633913993835
0.26633602380752563
0.1823849081993103
0.7034979462623596
0.30084818601608276
0.17430360615253448
0.5859245657920837
0.6649188995361328
0.4104248881340027
0.8858426213264465
0.683802604675293
0.009160306304693222
0.7044510245323181
0.49604344367980957
0.04940739646553993
0.07098857313394547
0.7214349508285522
0.7995947599411011
0.383670836687088
0.20087185502052307
0.38739868998527527
0.9396937489509583
0.37856048345565796
0.013362049125134945
0.5502644777297974
0.4219319820404053
0.7672445774078369
0.58651202917099
0.6223393678665161
0.8564019799232483
0.7933229804039001
0.7400504946708679
0.7052772641181946
0.9281414151191711
0.09265457093715668
0.9142507314682007
0.23117849230766296
0.2716788351535797
0.8950360417366028
0.6093630194664001
0.7907062768936157
0.05483299866318703
0.3003915846347809
0.34838274121284485
0.6753771901130676
0.029094835743308067
0.873608410358429
0.08059307932853699
0.11872470378875732
0.812778651714325
0.552725076675415
0.7463191747665405
0.8256773352622986
0.151002436876297
0.60580974817276
0.8278595209121704
0.38980281352996826
0.8076289892196655
0.34957700967788696
0.20100584626197815
0.012439502403140068
0.2516101002693176
0.7584635019302368
0.1305660456418991
0.7157535552978516
0.4801912307739258
0.787998378276825
0.10953734070062637
0.8998085856437683
0.9701074957847595
0.25862133502960205
0.05386493727564812
0.5352541208267212
0.4848746359348297
0.07404673099517822
0.7566774487495422
0.9697780013084412
0.6362212300300598
0.4328763782978058
0.9611862897872925
0.06298314034938812
0.5404359102249146
0.7546232342720032
0.16743391752243042
0.3753250539302826
0.8898882865905762
0.8169606328010559
0.44022804498672485
0.7439517378807068
0.12487737834453583
0.9477198123931885
0.6684392690658569
0.3284739553928375
0.3996075391769409
0.3027411699295044
0.49053341150283813
0.6823145747184753
0.8510013818740845
0.6609935164451599
0.22214478254318237
0.3987404704093933
0.02086750976741314
0.028557170182466507
0.3928687572479248
0.8317177295684814
0.6599870324134827
0.3666589558124542
0.3184890151023865
0.7643280625343323
0.6365946531295776
0.1258017122745514
0.1504930555820465
0.875209629535675
0.02284572459757328
0.8062505125999451
0.9397180080413818
0.8582816123962402
0.7492271661758423
0.7565985918045044
0.6702215075492859
0.4452808201313019
0.9684370756149292
0.6557995080947876
0.16678816080093384
0.36901605129241943
0.5949398875236511
0.18216875195503235
0.5182055830955505
0.883847177028656
0.19307391345500946
0.35024234652519226
0.5923436880111694
0.16450472176074982
0.4047686457633972
0.12827417254447937
0.2990867495536804
0.5728968977928162
0.20342093706130981
0.024034682661294937
0.9026003479957581
0.6664267778396606
0.33779454231262207
0.02074780873954296
0.9851630926132202
0.1750802993774414
0.040403012186288834
0.9247013330459595
0.26873016357421875
0.4616803824901581
0.39703768491744995
0.8296242952346802
0.9751189351081848
0.6505194902420044
0.48631104826927185
0.5457093119621277
0.3070802688598633
0.6025976538658142
0.7659428119659424
0.7482895255088806
0.04322652146220207
0.5695964097976685
0.7547317147254944
0.5464910268783569
0.15408316254615784
0.23122091591358185
0.8862094879150391
0.5841480493545532
0.5455426573753357
0.010854399763047695
0.5368716716766357
0.37411797046661377
0.8705279231071472
0.32145124673843384
0.1830621063709259
0.5937286615371704
0.45685461163520813
0.563387930393219
0.23788298666477203
0.1961057484149933
0.2836958169937134
0.09661048650741577
0.23066262900829315
0.7866446375846863
0.7128021121025085
0.5261815786361694
0.8026657104492188
0.2111053615808487
0.19670413434505463
0.8627092242240906
0.8980258107185364
0.08249549567699432
0.6209788918495178
0.9742688536643982
0.36531516909599304
0.9889944791793823
0.5220755338668823
0.4889135956764221
0.5658292770385742
0.1673644781112671
0.24757273495197296
0.6948490738868713
0.5749948024749756
0.2694648504257202
0.9457143545150757
0.8646364808082581
0.29241612553596497
0.374338299036026
0.5072479248046875
0.6392468810081482
0.877194344997406
0.14159804582595825
0.5300204157829285
0.03549208119511604
0.7815973162651062
0.24838761985301971
0.8752850294113159
0.5816391110420227
0.5655648708343506
0.24717946350574493
0.02865709736943245
0.4041692018508911
0.9608305096626282
0.3654663860797882
0.27442657947540283
0.3038988709449768
0.25409388542175293
0.3950759470462799
0.4024319052696228
0.7215515971183777
0.8987828493118286
0.30938905477523804
0.4731447398662567
0.5723249912261963
0.930537223815918
0.8679113984107971
0.6361382603645325
0.25043317675590515
0.35305914282798767
0.4557611644268036
0.07921138405799866
0.5894196629524231
0.6094532608985901
0.14856673777103424
0.39882269501686096
0.8243567943572998
0.5358896255493164
0.23713462054729462
0.19561415910720825
0.9110779762268066
0.5719785094261169
0.2514675259590149
0.16854532063007355
0.9674668312072754
0.5522154569625854
0.8220618963241577
0.33205074071884155
0.6704514026641846
0.8058687448501587
0.819176971912384
0.6241867542266846
0.3247206509113312
0.24788273870944977
0.35062047839164734
0.6891888976097107
0.7363729476928711
0.7011919617652893
0.5027360320091248
0.4076852798461914
0.7397624254226685
0.8051068782806396
0.24311071634292603
0.6088812351226807
0.038438718765974045
0.597102701663971
0.6741339564323425
0.29474937915802
0.662467360496521
0.9929805994033813
0.9375364184379578
0.832132875919342
0.2943280339241028
0.6554481983184814
0.7837451696395874
0.6137464046478271
0.2770540714263916
0.2271704524755478
0.7892871499061584
0.7325774431228638
0.2941230535507202
0.5803208947181702
0.11858569830656052
0.8361162543296814
0.6641135215759277
0.9754120707511902
0.2094741016626358
0.8916198015213013
0.08187977224588394
0.7823400497436523
0.7081664204597473
0.21190819144248962
0.22278523445129395
0.6517434120178223
0.29994910955429077
0.3845580518245697
0.13046133518218994
0.8900803327560425
0.554067850112915
0.50661301612854
0.9719825983047485
0.29269272089004517
0.9404257535934448
0.7329074144363403
0.23077763617038727
0.9204620122909546
0.07278986275196075
0.12655094265937805
0.05083051696419716
0.11139877140522003
0.6311054229736328
0.4835469126701355
0.5511724352836609
0.9760013818740845
0.026353755965828896
0.3391871154308319
0.041862063109874725
0.520946204662323
0.6446027159690857
0.10538909584283829
0.9011220932006836
0.5758382081985474
0.523003876209259
0.050580065697431564
0.008957212790846825
0.35000380873680115
0.41829606890678406
0.14242121577262878
0.022627022117376328
0.43154987692832947
0.5030956268310547
0.46766582131385803
0.7124364972114563
0.16252052783966064
0.2660622298717499
0.31749436259269714
0.546940803527832
0.1831969916820526
0.9579657316207886
0.17043282091617584
0.06355201452970505
0.7686749696731567
0.6421043276786804
0.42990121245384216
0.9375450015068054
0.976357638835907
0.46082746982574463
0.03884749114513397
0.8240411281585693
0.8492876887321472
0.7655253410339355
0.2879399359226227
0.8757528066635132
0.5281778573989868
0.6895979046821594
0.4922977685928345
0.5160192251205444
0.49357378482818604
0.821978747844696
0.9549340605735779
0.6988632678985596
0.16287283599376678
0.4143841564655304
0.05659877881407738
0.6935668587684631
0.1188061386346817
0.09994468837976456
0.8409686088562012
0.5978482961654663
0.3548128604888916
0.20719194412231445
0.9058540463447571
0.0794680118560791
0.553475022315979
0.6648262739181519
0.6636556386947632
0.5657827258110046
0.5831892490386963
0.4645768702030182
0.937415599822998
0.6164842844009399
0.6124724745750427
0.40285709500312805
0.24668444693088531
0.12349598109722137
0.8591131567955017
0.7278454899787903
0.6783748865127563
0.7431250810623169
0.3664637506008148
0.9172895550727844
0.025487899780273438
0.5785436034202576
0.8665769696235657
0.015423210337758064
0.08926590532064438
0.29144707322120667
0.27632829546928406
0.3040587902069092
0.5492150187492371
0.24742412567138672
0.47413235902786255
0.6601900458335876
0.22641602158546448
0.564918041229248
0.8863651752471924
0.9342435598373413
0.18157730996608734
0.015186408534646034
0.13221576809883118
0.01662486046552658
0.37078070640563965
0.8946940302848816
0.3958647847175598
0.6310811638832092
0.12838704884052277
0.19227583706378937
0.9555065035820007
0.8430345058441162
0.6802290678024292
0.261396199464798
0.8724419474601746
0.9303228259086609
0.8214192390441895
0.5249940752983093
0.1288100779056549
0.40257367491722107
0.45826175808906555
0.0289009939879179
0.8670602440834045
0.4680430591106415
0.8661836981773376
0.8184232115745544
0.6838434934616089
0.43810170888900757
0.7315894961357117
0.1364283710718155
0.40360984206199646
0.35122665762901306
0.7213454246520996
0.6997230648994446
0.5421468615531921
0.9296380281448364
0.9361630082130432
0.13210366666316986
0.6780705451965332
0.10831516236066818
0.793549656867981
0.9002256393432617
0.2859882116317749
0.06986051052808762
0.6777649521827698
0.8551831841468811
0.39484360814094543
0.514475405216217
0.37393608689308167
0.12244731932878494
0.8853846192359924
0.24735549092292786
0.5747601389884949
0.07789346575737
0.6096093654632568
0.3546401560306549
0.6276974081993103
0.5980246067047119
0.7369245886802673
0.5527785420417786
0.24457795917987823
0.33420225977897644
0.026894668117165565
0.2169899344444275
0.9906630516052246
0.4871985614299774
0.7464585304260254
0.30226802825927734
0.5713928937911987
0.1867881417274475
0.6080222129821777
0.163602814078331
0.6039661169052124
0.09661148488521576
0.8147167563438416
0.533825159072876
0.6746809482574463
0.0329400859773159
0.4807531237602234
0.5972891449928284
0.9241170287132263
0.9550453424453735
0.40223565697669983
0.3834691047668457
0.689094603061676
0.21249064803123474
0.1094401627779007
0.9791522026062012
0.7396361827850342
0.3225243389606476
0.5885821580886841
0.1388072818517685
0.712501049041748
0.9149695038795471
0.2164812684059143
0.48182445764541626
0.018833216279745102
0.3815370798110962
0.6961138844490051
0.8575878739356995
0.16523650288581848
0.6280481815338135
0.9251463413238525
0.1830366998910904
0.7759671807289124
0.08065582811832428
4.28727908001747e-05
0.03145763650536537
0.9909855723381042
0.47846952080726624
0.04292912781238556
0.45489373803138733
0.08987922966480255
0.47007474303245544
0.12755252420902252
0.06996586173772812
0.05333603918552399
0.6798387765884399
0.46900811791419983
0.8410747051239014
0.16209174692630768
0.2280690222978592
0.9945907592773438
0.6236146092414856
0.5846855640411377
0.6834743618965149
0.9307425022125244
0.519232988357544
0.4587556719779968
0.4640835225582123
0.7736322283744812
0.9433846473693848
0.8216333985328674
0.12929201126098633
0.8681895732879639
0.9732421040534973
0.2919518053531647
0.9137994050979614
0.13682863116264343
0.29855144023895264
0.07970821112394333
0.776213526725769
0.5654293894767761
0.42202937602996826
0.21189838647842407
0.7002920508384705
0.03759990632534027
0.03922167047858238
0.6010036468505859
0.38481447100639343
0.7080621123313904
0.43313074111938477
0.7872169613838196
0.20212623476982117
0.9699364900588989
0.9349237680435181
0.011927541345357895
0.23859557509422302
0.5300568342208862
0.5839385390281677
0.7877439260482788
0.06919664889574051
0.31396472454071045
0.8494935631752014
0.22585345804691315
0.6827980279922485
0.6415778398513794
0.40123704075813293
0.9090123176574707
0.30361059308052063
0.3855069875717163
0.7533906698226929
0.9109092950820923
0.6352344751358032
0.7703651785850525
0.7775766849517822
0.34633103013038635
0.610557496547699
0.8126450777053833
0.05669965595006943
0.5658056735992432
0.946941077709198
0.4666332006454468
0.6722059845924377
0.2823095917701721
0.727082371711731
0.33646273612976074
0.6330918669700623
0.9250476360321045
0.6501002311706543
0.4635449945926666
0.11230876296758652
0.19143915176391602
0.03897526115179062
0.5515828728675842
0.09970345348119736
0.37309908866882324
0.7229632139205933
0.4383425712585449
0.08625604212284088
0.9719443321228027
0.7919313907623291
0.4296785295009613
0.9237796068191528
0.02999030612409115
0.03917235508561134
0.8126861453056335
0.7524884343147278
0.13030828535556793
0.5375454425811768
0.07572215795516968
0.5463285446166992
0.861321210861206
0.22363656759262085
0.7789983749389648
0.8351356983184814
0.07892154157161713
0.17697425186634064
0.7427453994750977
0.32147151231765747
0.8300072550773621
0.06272926926612854
0.3552926480770111
0.592410683631897
0.5823380351066589
0.63722825050354
0.6466394662857056
0.7545818090438843
0.36289355158805847
0.12356162816286087
0.3753873109817505
0.41873350739479065
0.42153578996658325
0.21985895931720734
0.3599252700805664
0.8438680171966553
0.8908624053001404
0.0231978390365839
0.11196226626634598
0.8587191700935364
0.05284157395362854
0.6994047164916992
0.8814325928688049
0.9512559771537781
0.017277712002396584
0.7203813791275024
0.3193214535713196
0.7697369456291199
0.4790884852409363
0.03979082405567169
0.35897862911224365
0.9811244606971741
0.9077526926994324
0.8092324137687683
0.28346890211105347
0.0806671679019928
0.17368091642856598
0.6116568446159363
0.2855794131755829
0.5398726463317871
0.19652050733566284
0.16748639941215515
0.5352413654327393
0.7102571725845337
0.5793907642364502
0.6387841105461121
0.02592078037559986
0.22623276710510254
0.10562340915203094
0.5192520618438721
0.49898761510849
0.5114737153053284
0.8082646131515503
0.6773274540901184
0.046503469347953796
0.13187362253665924
0.35423511266708374
0.8070268034934998
0.6752451658248901
0.32704898715019226
0.22398802638053894
0.8222849369049072
0.5103822946548462
0.7984493374824524
0.7768864035606384
0.5338582396507263
0.31089454889297485
0.19423499703407288
0.4784224331378937
0.5557039380073547
0.14551039040088654
0.005238634534180164
0.01404954306781292
0.8938392400741577
0.09696309268474579
0.6298270225524902
0.163558229804039
0.25285330414772034
0.5864619016647339
0.614984393119812
0.889560341835022
0.47852659225463867
0.8127887845039368
0.8164129257202148
0.3056296110153198
0.31274667382240295
0.6213148236274719
0.5819153785705566
0.9372307062149048
0.8547541499137878
0.9994037747383118
0.32769566774368286
0.878761351108551
0.1332712322473526
0.6287234425544739
0.4342494308948517
0.28612786531448364
0.6868569850921631
0.9232370257377625
0.6446784734725952
0.8364109992980957
0.9066362977027893
0.6603085398674011
0.2027972936630249
0.18523898720741272
0.04707574471831322
0.3255617022514343
0.2319997400045395
0.6939904689788818
0.3069939911365509
0.9108417630195618
0.20496688783168793
0.6259627938270569
0.6441888213157654
0.3554820716381073
0.7189760804176331
0.6383324265480042
0.889052152633667
0.2540716826915741
0.8087793588638306
0.30551475286483765
0.13667432963848114
0.3523791432380676
0.32045331597328186
0.9044485092163086
0.10325384140014648
0.9317731261253357
0.19411803781986237
0.3093034327030182
0.9746899604797363
0.5056752562522888
0.1562800258398056
0.21797192096710205
0.294216126203537
0.43764129281044006
0.9693925380706787
0.8919786214828491
0.6448403000831604
0.11420785635709763
0.4746472239494324
0.8950788378715515
0.49174007773399353
0.46313154697418213
0.6547685861587524
0.49570783972740173
0.3511633276939392
0.7557408809661865
0.8487130403518677
0.12748907506465912
0.12378659844398499
0.9547775387763977
0.13028547167778015
0.43846556544303894
0.45289918780326843
0.49683213233947754
0.36418789625167847
0.07288531959056854
0.9686719179153442
0.23932363092899323
0.06618259847164154
0.9311841726303101
0.6389694809913635
0.6858627200126648
0.5362783670425415
0.6228209137916565
0.6616804003715515
0.5134606957435608
0.15740638971328735
0.7676191926002502
0.1399785876274109
0.8677099347114563
0.5592462420463562
0.017103582620620728
0.4115199148654938
0.6551056504249573
0.2882295548915863
0.7151526212692261
0.5978294014930725
0.20367072522640228
0.617877185344696
0.6768333911895752
0.40464159846305847
0.5328425765037537
0.9050869345664978
0.9509463310241699
0.6965148448944092
0.5929762721061707
0.10548229515552521
0.8140932321548462
0.3464047908782959
0.8920129537582397
0.6768390536308289
0.879660427570343
0.7477835416793823
0.28175270557403564
0.9778472781181335
0.3983652889728546
0.6653661727905273
0.6574394106864929
0.6732069849967957
0.5614928007125854
0.45959338545799255
0.8549737334251404
0.34295421838760376
0.912836492061615
0.40655073523521423
0.9939318299293518
0.0026712827384471893
0.8243582248687744
0.2888505458831787
0.4433705508708954
0.04577398672699928
0.10777366161346436
0.9621542692184448
0.08613503724336624
0.24986697733402252
0.5033526420593262
0.6546419262886047
0.941733181476593
0.7274147868156433
0.3186013996601105
0.8544246554374695
0.01711702160537243
0.8223979473114014
0.4891968071460724
0.5016529560089111
0.49396631121635437
0.015874076634645462
0.3280569911003113
0.7822555899620056
0.9382597804069519
0.8133544921875
0.8185595273971558
0.9186965227127075
0.8344510197639465
0.719201385974884
0.6741747856140137
0.5514205098152161
0.06331939250230789
0.25135454535484314
0.23765477538108826
0.9156081080436707
0.9701812863349915
0.8123588562011719
0.47734326124191284
0.7971622943878174
0.19895440340042114
0.3717838525772095
0.6522020101547241
0.10044379532337189
0.17418456077575684
0.38865992426872253
0.16392605006694794
0.6283561587333679
0.5942187905311584
0.7244201302528381
0.04983622580766678
0.14755044877529144
0.3341052234172821
0.4363563060760498
0.6733635067939758
0.8022570013999939
0.8250812888145447
0.97408527135849
0.41305118799209595
0.9354089498519897
0.4301561415195465
0.6538891196250916
0.14246052503585815
0.5762020945549011
0.5349823832511902
0.2231168895959854
0.43148744106292725
0.6412026286125183
0.14881625771522522
0.07813838869333267
0.3914184868335724
0.46669188141822815
0.07269805669784546
0.8731380105018616
0.11666905134916306
0.6704212427139282
0.8486648201942444
0.22659526765346527
0.879226803779602
0.864569365978241
0.13322266936302185
0.22117064893245697
0.05039789527654648
0.4939734935760498
0.622073233127594
0.6216529011726379
0.5905024409294128
0.3908154368400574
0.668444812297821
0.4841131567955017
0.9749785661697388
0.6969799995422363
0.9276535511016846
0.2936996817588806
0.3083436191082001
0.43720492720603943
0.9661421775817871
0.20107203722000122
0.05723092332482338
0.6153250336647034
0.9159620404243469
0.8940678834915161
0.0007937566260807216
0.26349204778671265
0.3810005187988281
0.23195001482963562
0.45943793654441833
0.8559927344322205
0.02761426940560341
0.10796073079109192
0.2583710253238678
0.16717034578323364
0.8554961085319519
0.38185280561447144
0.21317227184772491
0.7274194955825806
0.09689304977655411
0.572274923324585
0.01832706667482853
0.5079219341278076
0.9155371785163879
0.7078452706336975
0.7970794439315796
0.11658462136983871
0.4874231517314911
0.5458024144172668
0.6811258792877197
0.8197644948959351
0.12911644577980042
0.33338528871536255
0.7127608060836792
0.9345753192901611
0.6407280564308167
0.5454453825950623
0.20229798555374146
0.6105010509490967
0.9570097923278809
0.734001636505127
0.5520633459091187
0.573980987071991
0.5078662633895874
0.9565203785896301
0.9627417922019958
0.474537193775177
0.17394797503948212
0.706851601600647
0.1824919581413269
0.4486260414123535
0.8702185153961182
0.8961480259895325
0.7073613405227661
0.9863103032112122
0.629540741443634
0.8601868748664856
0.12296096235513687
0.5711498260498047
0.9242116212844849
0.2717129588127136
0.28763383626937866
0.9778399467468262
0.2653493881225586
0.04780760034918785
0.7644570469856262
0.4461500346660614
0.6455656886100769
0.9166108965873718
0.7884374260902405
0.7238704562187195
0.4889085590839386
0.1826290488243103
0.9977923035621643
0.8197016716003418
0.1945657730102539
0.7444428205490112
0.8774980902671814
0.402353435754776
0.621533989906311
0.6224994659423828
0.30531108379364014
0.7447657585144043
0.4635159969329834
0.0916360542178154
0.6071615815162659
0.18931663036346436
0.8815210461616516
0.8516733050346375
0.01176767610013485
0.7386723756790161
0.5417964458465576
0.04541708901524544
0.7192390561103821
0.8706416487693787
0.9718900918960571
0.6285437345504761
0.7513010501861572
0.8601138591766357
0.06610623747110367
0.10920396447181702
0.5497039556503296
0.16572989523410797
0.47021496295928955
0.7893925905227661
0.38743892312049866
0.9187610745429993
0.93431156873703
0.3872362971305847
0.2757250666618347
0.6629296541213989
0.4293948709964752
0.9655850529670715
0.2929076552391052
0.14363296329975128
0.42580291628837585
0.7467421293258667
0.12744304537773132
0.5716160535812378
0.11172174662351608
0.5149446129798889
0.5607903599739075
0.7921575903892517
0.060927122831344604
0.8441401124000549
0.18782024085521698
0.7232855558395386
0.2870767116546631
0.6932056546211243
0.9965813755989075
0.7187848091125488
0.7143454551696777
0.9599950313568115
0.4088965654373169
0.27389124035835266
0.6621289849281311
0.292513906955719
0.5005866289138794
0.5794277787208557
0.47519606351852417
0.9695916771888733
0.5737963318824768
0.5675188302993774
0.6615484952926636
0.9730692505836487
0.10451019555330276
0.6664613485336304
0.6340488195419312
0.9176287651062012
0.1789790689945221
0.03310215473175049
0.012582874856889248
0.8968616724014282
0.33550164103507996
0.06380926072597504
0.8585556149482727
0.8949903845787048
0.5310545563697815
0.6892324686050415
0.2146657258272171
0.5455234050750732
0.27892544865608215
0.23624059557914734
0.5283098220825195
0.41486144065856934
0.6432843208312988
0.480577677488327
0.30769217014312744
0.24137741327285767
0.9856777787208557
0.5392485857009888
0.24042965471744537
0.6379076242446899
0.9289824962615967
0.395801305770874
0.14499026536941528
0.3062799274921417
0.9728955626487732
0.7171304821968079
0.5074812173843384
0.26693418622016907
0.04945961385965347
0.14014434814453125
0.7728099822998047
0.9894753694534302
0.05341460183262825
0.02552061341702938
0.45039254426956177
0.08702340722084045
0.7602629065513611
0.9968706369400024
0.059694815427064896
0.31549540162086487
0.8470844626426697
0.5770039558410645
0.707915723323822
0.7130881547927856
0.37198925018310547
0.9117519855499268
0.3611033856868744
0.7147384881973267
0.7074142694473267
0.7742419838905334
0.366550475358963
0.8267608284950256
0.8978487253189087
0.23064076900482178
0.5091629028320312
0.3862755596637726
0.23393847048282623
0.7390292882919312
0.7311343550682068
0.09842615574598312
0.9549086093902588
0.326994925737381
0.5069074630737305
0.25873643159866333
0.17685724794864655
0.1009906604886055
0.6738409996032715
0.045308154076337814
0.010178537108004093
0.23522989451885223
0.9938331246376038
0.3293330669403076
0.4913065731525421
0.8480324745178223
0.05230439081788063
0.9139977097511292
0.9016938209533691
0.5887124538421631
0.8694372773170471
0.9812361001968384
0.8564204573631287
0.8154577612876892
0.73089200258255
0.7416359782218933
0.4190489947795868
0.5838767886161804
0.7035815715789795
0.03691476956009865
0.482280969619751
0.80353182554245
0.8561463356018066
0.465647429227829
0.1609286516904831
0.3831731379032135
0.15747199952602386
0.24385786056518555
0.6555674076080322
0.13896885514259338
0.9276467561721802
0.014229757711291313
0.4612560272216797
0.47236430644989014
0.8098688721656799
0.6164110898971558
0.8128336668014526
0.779155433177948
0.914760410785675
0.9508271813392639
0.7046964168548584
0.39194345474243164
0.37664371728897095
0.571006715297699
0.7070993185043335
0.9590322375297546
0.3583697974681854
0.11332152783870697
0.18146604299545288
0.9246122241020203
0.14968465268611908
0.7614012360572815
0.6973105072975159
0.9830068349838257
0.10862262547016144
0.555152952671051
0.10189713537693024
0.42090049386024475
0.7276268005371094
0.22989556193351746
0.6276232004165649
0.7036330103874207
0.8955144286155701
0.6091212034225464
0.7930694818496704
0.06973905116319656
0.3165702521800995
0.8889144659042358
0.7144502997398376
0.7504631280899048
0.044459085911512375
0.18928955495357513
0.9282279014587402
0.6430962681770325
0.8948098421096802
0.07341837137937546
0.37049931287765503
0.15381783246994019
0.22707146406173706
0.17535445094108582
0.8740149140357971
0.04813573509454727
0.7362120747566223
0.5657162070274353
0.17385968565940857
0.4503103196620941
0.032965242862701416
0.22089938819408417
0.08226405829191208
0.05078795179724693
0.42800721526145935
0.44486770033836365
0.7676461935043335
0.4079807996749878
0.3413616418838501
0.40165960788726807
0.18799903988838196
0.7165005207061768
0.6603931188583374
0.8754487633705139
0.4876618981361389
0.7859522700309753
0.3413688540458679
0.06594306975603104
0.007618449162691832
0.5244321227073669
0.673629641532898
0.3132314085960388
0.5582401752471924
0.3983469009399414
0.09358321875333786
0.1619628518819809
0.1956789493560791
0.13691918551921844
0.8639730215072632
0.8046642541885376
0.3344484269618988
0.4718616306781769
0.3886420726776123
0.702648401260376
0.5445640087127686
0.9383610486984253
0.3889038860797882
0.3880218267440796
0.3608822822570801
0.2561873495578766
0.7914825677871704
0.26892000436782837
0.6508509516716003
0.5002776980400085
0.5427425503730774
0.6474394798278809
0.8608759045600891
0.22065497934818268
0.9597381353378296
0.14231115579605103
0.3623363971710205
0.3782311975955963
0.18132545053958893
0.33808207511901855
0.02305319532752037
0.5250611901283264
0.6638436913490295
0.27424654364585876
0.15649497509002686
0.48669126629829407
0.012130324728786945
0.1721823811531067
0.8658019304275513
0.39233168959617615
0.00045670795952901244
0.5130993127822876
0.9540814161300659
0.5654134154319763
0.5475046038627625
0.49021613597869873
0.3952334523200989
0.8376274704933167
0.07236891984939575
0.0835140123963356
0.06969261914491653
0.39181840419769287
0.38290077447891235
0.09211792796850204
0.0659995973110199
0.6529744863510132
0.26470041275024414
0.7811800837516785
0.3077448606491089
0.05825680494308472
0.027613287791609764
0.9021098017692566
0.6312841176986694
0.7620216608047485
0.940532922744751
0.6792944073677063
0.8756497502326965
0.7975457310676575
0.5559731125831604
0.0518430694937706
0.12586669623851776
0.7983230352401733
0.9684751033782959
0.11839216202497482
0.430053174495697
0.409223735332489
0.2469051480293274
0.10626620799303055
0.02785535529255867
0.9312869906425476
0.13432160019874573
0.17762218415737152
0.7468923926353455
0.58807373046875
0.8462931513786316
0.7800361514091492
0.671742856502533
0.4293607771396637
0.5731449127197266
0.11339112371206284
0.8327863216400146
0.7643314003944397
0.539858341217041
0.5764296054840088
0.08668363839387894
0.7356308102607727
0.33561527729034424
0.724506139755249
0.41852784156799316
0.6926655173301697
0.6308526396751404
0.237106055021286
0.8185730576515198
0.8312678933143616
0.511290431022644
0.06037824973464012
0.3461191654205322
0.9166914224624634
0.6177863478660583
0.34927451610565186
0.21736501157283783
0.039360903203487396
0.7698943614959717
0.13529649376869202
0.8437962532043457
0.1963956505060196
0.23154272139072418
0.523620069026947
0.32853963971138
0.09905500710010529
0.5435926914215088
0.6806383728981018
0.11164875328540802
0.9579272270202637
0.42114850878715515
0.008528150618076324
0.4280044734477997
0.5835851430892944
0.5174282193183899
0.43653634190559387
0.34462296962738037
0.5160427093505859
0.36428534984588623
0.8843139410018921
0.21236220002174377
0.5065418481826782
0.4847286343574524
0.7530127763748169
0.9601557850837708
0.9427646398544312
0.806881308555603
0.5563884973526001
0.6975541710853577
0.8010032773017883
0.028582854196429253
0.277100145816803
0.04409836232662201
0.9109021425247192
0.1260538101196289
0.26833242177963257
0.9397686123847961
0.17608928680419922
0.17444320023059845
0.6664258241653442
0.8087561726570129
0.32965612411499023
0.9836022853851318
0.7695369720458984
0.9498701095581055
0.6741930842399597
0.4192545711994171
0.7899793386459351
0.16949371993541718
0.6110915541648865
0.4523872137069702
0.7135759592056274
0.9531277418136597
0.4756387174129486
0.13101395964622498
0.561628520488739
0.04903928190469742
0.8185375928878784
0.17397920787334442
0.940055787563324
0.08301594853401184
0.13617049157619476
0.7879347801208496
0.5932045578956604
0.8182461261749268
0.16966386139392853
0.27716967463493347
0.16805270314216614
0.712688684463501
0.9828413724899292
0.4064711332321167
0.1992228478193283
0.8775981664657593
0.3129301965236664
0.12066002935171127
0.9684309363365173
0.8479336500167847
0.027940943837165833
0.5828997492790222
0.2255466729402542
0.09755463153123856
0.2706703245639801
0.11695890873670578
0.0008144162711687386
0.5730718374252319
0.40668925642967224
0.23115025460720062
0.3358902931213379
0.4497114419937134
0.7035924196243286
0.7570902705192566
0.021894605830311775
0.4287016689777374
0.07738599926233292
0.5657086372375488
0.09911303222179413
0.8205237984657288
0.70906662940979
0.7369429469108582
0.2944147288799286
0.25285327434539795
0.22584261000156403
0.563556969165802
0.5959477424621582
0.6923622488975525
0.18618035316467285
0.6857003569602966
0.3333108127117157
0.8297723531723022
0.9771077036857605
0.7709290385246277
0.6803570985794067
0.9333427548408508
0.7165876030921936
0.3089160621166229
0.7785525321960449
0.5590978860855103
0.9085254669189453
0.7617287635803223
0.969311535358429
0.4057946801185608
0.9276478290557861
0.38674306869506836
0.4999731183052063
0.4900500774383545
0.20884250104427338
0.09239312261343002
0.07039175927639008
0.5049035549163818
0.4248191714286804
0.006628779694437981
0.3342343270778656
0.6210077404975891
0.3476209044456482
0.32635757327079773
0.7229186296463013
0.9262279272079468
0.8395794034004211
0.3197387456893921
0.5648353099822998
0.5145572423934937
0.08598024398088455
0.9696439504623413
0.045842159539461136
0.8097000122070312
0.37042275071144104
0.8873047828674316
0.897627055644989
0.6289759278297424
0.16758564114570618
0.2998236417770386
0.14805416762828827
0.8614894151687622
0.2323216050863266
0.46072089672088623
0.038811568170785904
0.8422108888626099
0.5818858742713928
0.2585724890232086
0.7462512850761414
0.6609700918197632
0.5389090776443481
0.5880233645439148
0.41891154646873474
0.6664932370185852
0.7003822326660156
0.42548999190330505
0.34324198961257935
0.3660135567188263
0.23714317381381989
0.6133199334144592
0.6003820300102234
0.14928562939167023
0.5425900220870972
0.4852568507194519
0.6356120705604553
0.22237388789653778
0.2756475806236267
0.3965252637863159
0.05168349668383598
0.04565365985035896
0.1687886267900467
0.18663407862186432
0.954268217086792
0.9034234285354614
0.41808027029037476
0.8033914566040039
0.7649933099746704
0.36802738904953003
0.690268337726593
0.8765679597854614
0.3004693388938904
0.8672180771827698
0.6344457268714905
0.8034541010856628
0.26996877789497375
0.19846788048744202
0.037647612392902374
0.23457257449626923
0.8416948318481445
0.1401190161705017
0.7847599983215332
0.9060157537460327
0.40473073720932007
0.9412771463394165
0.33202993869781494
0.498719185590744
0.8402944207191467
0.9153048396110535
0.7802424430847168
0.5214921236038208
0.5705992579460144
0.39178532361984253
0.5132564306259155
0.9992005825042725
0.7919516563415527
0.04749850556254387
0.84906005859375
0.7234954237937927
0.3156884014606476
0.35012534260749817
0.902281641960144
0.37608298659324646
0.4649128317832947
0.06078425794839859
0.3205854296684265
0.14786110818386078
0.41490310430526733
0.28907960653305054
0.3873608112335205
0.03687606379389763
0.07155786454677582
0.5383260250091553
0.06076562777161598
0.9999435544013977
0.13502104580402374
0.21695184707641602
0.392403244972229
0.7757536172866821
0.5616287589073181
0.17765285074710846
0.784652054309845
0.8216606974601746
0.8214690089225769
0.33523228764533997
0.8607102632522583
0.9827991127967834
0.12286271154880524
0.7549281120300293
0.5286542773246765
0.006079507526010275
0.08361588418483734
0.7560399174690247
0.4847271144390106
0.8611685037612915
0.9194729924201965
0.4485680162906647
0.9239745140075684
0.932158887386322
0.3855302035808563
0.007437276188284159
0.19309762120246887
0.4739983081817627
0.8566074967384338
0.047191690653562546
0.7499704957008362
0.4651894271373749
0.1626497507095337
0.7716627717018127
0.3202175199985504
0.6231940984725952
0.3536786437034607
0.6830065250396729
0.9233149886131287
0.11691935360431671
0.7079624533653259
0.42273619771003723
0.6995593309402466
0.5766586661338806
0.8375883102416992
0.06680254638195038
0.26876381039619446
0.08468745648860931
0.40176162123680115
0.7240756154060364
0.23300312459468842
0.6154080033302307
0.24635866284370422
0.19194911420345306
0.9696876406669617
0.34407299757003784
0.646403968334198
0.06826091557741165
0.6621010303497314
0.4941154718399048
0.9163233637809753
0.7797068357467651
0.40784287452697754
0.9254711270332336
0.9946706295013428
0.3892848491668701
0.0016798898577690125
0.7170138955116272
0.5155516266822815
0.8042275905609131
0.44039812684059143
0.08338866382837296
0.5865961909294128
0.46353447437286377
0.5559728145599365
0.7662684321403503
0.7658941745758057
0.5853563547134399
0.39669591188430786
0.588199257850647
0.33180341124534607
0.20157548785209656
0.8123294115066528
0.8138797879219055
0.6351232528686523
0.6339941620826721
0.23475246131420135
0.3907203674316406
0.35602298378944397
0.20449002087116241
0.12432260066270828
0.9445656538009644
0.3834598958492279
0.017026687040925026
0.5740464329719543
0.48136529326438904
0.4319407045841217
0.799401044845581
0.06372655928134918
0.2861620783805847
0.8655381202697754
0.3502454459667206
0.0953117087483406
0.08117060363292694
0.12806770205497742
0.647438645362854
0.10874825716018677
0.6108127236366272
0.46712392568588257
0.7733157873153687
0.804702877998352
0.12888526916503906
0.21511304378509521
0.6190271377563477
0.141863614320755
0.1054215356707573
0.7398326396942139
0.3957095444202423
0.25794002413749695
0.6134969592094421
0.4548393487930298
0.7274017930030823
0.4626743197441101
0.5394567251205444
0.6437332630157471
0.10547306388616562
0.9869927763938904
0.852297842502594
0.9794535636901855
0.4469180107116699
0.6607047915458679
0.9451220631599426
0.9073353409767151
0.8439973592758179
0.10225249826908112
0.07388769835233688
0.4725143611431122
0.03947414457798004
0.5582296848297119
0.02188677154481411
0.18197382986545563
0.4791204333305359
0.5716336369514465
0.4359227418899536
0.843782901763916
0.2578207850456238
0.6642414331436157
0.14128407835960388
0.20434127748012543
0.23062041401863098
0.06460767239332199
0.31084540486335754
0.6171589493751526
0.26995038986206055
0.5627998113632202
0.8781472444534302
0.6289804577827454
0.4438641369342804
0.9823359847068787
0.28665924072265625
0.8153087496757507
0.2069891095161438
0.4969041347503662
0.9756259322166443
0.7483876943588257
0.010938025079667568
0.4587114155292511
0.6285191178321838
0.9236635565757751
0.821687638759613
0.070938840508461
0.5920572876930237
0.8917100429534912
0.8873414397239685
0.9684372544288635
0.2520751655101776
0.025673065334558487
0.48640865087509155
0.5644331574440002
0.3030853569507599
0.6278490424156189
0.32152727246284485
0.7854145765304565
0.6567550301551819
0.0810689777135849
0.3476165533065796
0.9926058650016785
0.5464375615119934
0.5587305426597595
0.5171687602996826
0.1729009598493576
0.5344175100326538
0.17242810130119324
0.3055291175842285
0.9909393787384033
0.4541521966457367
0.10154786705970764
0.019378527998924255
0.7980230450630188
0.7096219062805176
0.822485089302063
0.5460984110832214
0.29081955552101135
0.8724139332771301
0.4644223749637604
0.1937728226184845
0.6355791091918945
0.023700637742877007
0.9102710485458374
0.128342866897583
0.16388383507728577
0.29703718423843384
0.4441247582435608
0.11001821607351303
0.11489013582468033
0.8277221918106079
0.12373033165931702
0.27546262741088867
0.9827033281326294
0.3612281084060669
0.2690487504005432
0.8117387294769287
0.12628482282161713
0.22123226523399353
0.8982122540473938
0.17936308681964874
0.8356587290763855
0.4993179142475128
0.21222561597824097
0.020158380270004272
0.7588233351707458
0.46795910596847534
0.085512176156044
0.7253459692001343
0.1838829666376114
0.05302681773900986
0.42092084884643555
0.5017134547233582
0.8052230477333069
0.13139140605926514
0.5617508888244629
0.08090709894895554
0.05522686615586281
0.33532610535621643
0.14528322219848633
0.4543904960155487
0.7582877278327942
0.743794858455658
0.6865962743759155
0.7694463133811951
0.426973819732666
0.6178886294364929
0.7193837761878967
0.7034237384796143
0.8934272527694702
0.414249449968338
0.06441015750169754
0.3459148108959198
0.9284857511520386
0.6483472585678101
0.9953466057777405
0.25040626525878906
0.37615400552749634
0.24231114983558655
0.4562223553657532
0.5213901996612549
0.25560909509658813
0.14353835582733154
0.6036241054534912
0.9239609837532043
0.29865702986717224
0.17533208429813385
0.7185197472572327
0.7301138639450073
0.8618159294128418
0.6560608148574829
0.8443005084991455
0.9555842280387878
0.007953173480927944
0.6311623454093933
0.22092163562774658
0.9788171052932739
0.03544401749968529
0.39086073637008667
0.4388875961303711
0.524962842464447
0.54297935962677
0.02305433712899685
0.07244366407394409
0.19239677488803864
0.2586779296398163
0.9362761378288269
0.46023815870285034
0.8199210166931152
0.06544423848390579
0.9766830205917358
0.42901793122291565
0.4596792459487915
0.2391553819179535
0.18561525642871857
0.5139342546463013
0.08889011293649673
0.01998393051326275
0.7693790793418884
0.17162010073661804
0.7437556982040405
0.26949843764305115
0.00419910904020071
0.7343998551368713
0.37925130128860474
0.8529679179191589
0.4298520088195801
0.6184396743774414
0.8211259245872498
0.357670396566391
0.7658118605613708
0.5926192402839661
0.5809713006019592
0.618420422077179
0.9532397389411926
0.7468430399894714
0.2804608643054962
0.007393176201730967
0.2690328061580658
0.03594188392162323
0.8090372681617737
0.537446916103363
0.6981001496315002
0.4124079942703247
0.48563146591186523
0.1668742448091507
0.46475592255592346
0.5521975159645081
0.9544996619224548
0.34292492270469666
0.5764763951301575
0.15499277412891388
0.30333712697029114
0.6143859624862671
0.9117445349693298
0.5812633037567139
0.34305301308631897
0.26970916986465454
0.2673705220222473
0.35008493065834045
0.13452912867069244
0.5049331784248352
0.3694828152656555
0.28189361095428467
0.3988713026046753
0.2713664174079895
0.004487489815801382
0.82550448179245
0.7066810727119446
0.6107262969017029
0.39295390248298645
0.38437923789024353
0.14408038556575775
0.7255862355232239
0.5223061442375183
0.35121744871139526
0.535232663154602
0.261372447013855
0.019526204094290733
0.2685052752494812
0.10703364759683609
0.3830795884132385
0.49577322602272034
0.38149067759513855
0.4122759997844696
0.8700739741325378
0.94943767786026
0.4656880795955658
0.37711572647094727
0.13948117196559906
0.20164071023464203
0.842371940612793
0.7834426760673523
0.06681116670370102
0.4469318687915802
0.8247531652450562
0.9480945467948914
0.6557559967041016
0.6636690497398376
0.4517618417739868
0.21867437660694122
0.7568496465682983
0.8116178512573242
0.3959408402442932
0.2899058759212494
0.68677818775177
0.6045099496841431
0.13837392628192902
0.7556456327438354
0.07200663536787033
0.7824701070785522
0.18666940927505493
0.9591034054756165
0.03651253134012222
0.9879018068313599
0.5816817283630371
0.0461113378405571
0.1813577115535736
0.10910675674676895
0.377402663230896
0.15718711912631989
0.46151041984558105
0.4830484688282013
0.3653660714626312
0.4423491954803467
0.34619882702827454
0.975709080696106
0.3385964035987854
0.024912089109420776
0.33067071437835693
0.8580265045166016
0.2058175951242447
0.7796697616577148
0.885704517364502
0.4262060821056366
0.5036932826042175
0.5992728471755981
0.6172289848327637
0.8831604719161987
0.7609922289848328
0.528817892074585
0.81404709815979
0.5874481797218323
0.3101682662963867
0.698787271976471
0.47047343850135803
0.3875991702079773
0.46618154644966125
0.5545771718025208
0.21716873347759247
0.47653716802597046
0.7670632004737854
0.1908268928527832
0.7037425637245178
0.9897037148475647
0.32328906655311584
0.17495377361774445
0.5787770748138428
0.4183901250362396
0.9679125547409058
0.9773918390274048
0.9640211462974548
0.6611191630363464
0.4871763586997986
0.552071213722229
0.6802129149436951
0.47223761677742004
0.5559067130088806
0.382370263338089
0.6140565872192383
0.20114420354366302
0.20445466041564941
0.7993923425674438
0.4683508574962616
0.2494335025548935
0.33759626746177673
0.6198168992996216
0.8769972324371338
0.645573079586029
0.9475927352905273
0.4803791046142578
0.18360351026058197
0.012842708267271519
0.08510598540306091
0.9322513341903687
0.9518592953681946
0.45804306864738464
0.9705702066421509
0.0043065245263278484
0.8362522721290588
0.7505146861076355
0.9501323103904724
0.104746513068676
0.32112306356430054
0.13542553782463074
0.06587770581245422
0.18716935813426971
0.2895301878452301
0.04374556615948677
0.8558629751205444
0.034239936619997025
0.7506371736526489
0.8915233016014099
0.8439075946807861
0.4467066526412964
0.6000378727912903
0.5339529514312744
0.9637640118598938
0.4354817867279053
0.6144224405288696
0.013951500877737999
0.8880559802055359
0.5914872884750366
0.6067085862159729
0.6073155999183655
0.32833048701286316
0.5303282141685486
0.6382439136505127
0.371005117893219
0.3444395959377289
0.5491954684257507
0.5562446713447571
0.5517718195915222
0.33813273906707764
0.6791377663612366
0.606950044631958
0.7171592712402344
0.0293110478669405
0.7281664609909058
0.22966459393501282
0.5093885660171509
0.18919163942337036
0.05552797019481659
0.13656887412071228
0.7014714479446411
0.7827927470207214
0.7870290279388428
0.14152248203754425
0.17871861159801483
0.4353470802307129
0.4943731427192688
0.9131101369857788
0.8045000433921814
0.5503395795822144
0.4824644923210144
0.9694574475288391
0.5126290321350098
0.4357799291610718
0.11609476804733276
0.8862000107765198
0.3240432143211365
0.21670004725456238
0.7160549759864807
0.7147107124328613
0.9190865159034729
0.7166153788566589
0.24504131078720093
0.7015558481216431
0.15470699965953827
0.9607955813407898
0.1286211758852005
0.5101291537284851
0.8129358291625977
0.09792408347129822
0.37122979760169983
0.5826316475868225
0.9602196216583252
0.14509530365467072
0.5732239484786987
0.49990060925483704
0.6681843400001526
0.3806270956993103
0.3986191749572754
0.3178333044052124
0.46277251839637756
0.9337131977081299
0.18645353615283966
0.4412345290184021
0.22173139452934265
0.7109052538871765
0.29977673292160034
0.12942959368228912
0.6112731695175171
0.7571012377738953
0.20844317972660065
0.46699827909469604
0.6782593727111816
0.143441304564476
0.9364079833030701
0.486192524433136
0.10922782123088837
0.6069905757904053
0.20455747842788696
0.8858892321586609
0.8408344388008118
0.6371681094169617
0.7882564663887024
0.8726469874382019
0.08004351705312729
0.9720310568809509
0.3348051905632019
0.8848757743835449
0.2157791703939438
0.1298905462026596
0.84968501329422
0.31836840510368347
0.2623726427555084
0.661392092704773
0.9085061550140381
0.45349180698394775
0.31130415201187134
0.33674144744873047
0.12190598994493484
0.8333941698074341
0.32024747133255005
0.36655381321907043
0.450705885887146
0.5412855744361877
0.20857542753219604
0.0355796180665493
0.5666900277137756
0.6963622570037842
0.634177029132843
0.7716437578201294
0.26738011837005615
0.06390320509672165
0.43895167112350464
0.03475344181060791
0.2034391611814499
0.9266424179077148
0.03732713311910629
0.6097258925437927
0.9113845229148865
0.7870190143585205
0.1202017143368721
0.044168032705783844
0.282865434885025
0.6232958436012268
0.1028108075261116
0.9025422930717468
0.45785093307495117
0.5783120393753052
0.34371334314346313
0.7450389862060547
0.7553046941757202
0.07045377790927887
0.4023883640766144
0.42231741547584534
0.2158629298210144
0.9401966333389282
0.4342752993106842
0.7321670651435852
0.016869140788912773
0.5682055354118347
0.6813102960586548
0.12703487277030945
0.9814197421073914
0.5953952670097351
0.5260151624679565
0.8174161911010742
0.9915395379066467
0.2748391926288605
0.27752208709716797
0.9988288283348083
0.5660625100135803
0.7392063736915588
0.3372572958469391
0.9018667340278625
0.4416891038417816
0.4939339756965637
0.5387400984764099
0.38442108035087585
0.3762546181678772
0.64649897813797
0.7787543535232544
0.7949631214141846
0.17978274822235107
0.8253676295280457
0.763487696647644
0.3703936040401459
0.36897510290145874
0.7124192118644714
0.4678894877433777
0.47875991463661194
0.8183472752571106
0.9572713375091553
0.7045135498046875
0.06425347179174423
0.05636150762438774
0.5403445959091187
0.3114915192127228
0.08127851039171219
0.6952671408653259
0.9560506343841553
0.21457432210445404
0.46992188692092896
0.12638461589813232
0.15750537812709808
0.44870054721832275
0.13283394277095795
0.21671262383460999
0.4843205511569977
0.08082859963178635
0.3644144833087921
0.13411113619804382
0.9143327474594116
0.43522483110427856
0.5702828168869019
0.187029168009758
0.9991267323493958
0.24418503046035767
0.1641644835472107
0.3715173006057739
0.25038763880729675
0.7311642169952393
0.0972762331366539
0.0657220408320427
0.5117105841636658
0.03910132125020027
0.7475504279136658
0.21922524273395538
0.059207815676927567
0.056650735437870026
0.8513298034667969
0.899799108505249
0.6439814567565918
0.8265747427940369
0.10749560594558716
0.6456642150878906
0.5165897011756897
0.49059703946113586
0.925670862197876
0.9383558630943298
0.9823862314224243
0.38174793124198914
0.18118049204349518
0.681048572063446
0.8744254112243652
0.4872957468032837
0.4150320887565613
0.8155565857887268
0.06828591227531433
0.05465429648756981
0.6708834171295166
0.09114480018615723
0.7537997364997864
0.89751136302948
0.018024830147624016
0.810024082660675
0.13040955364704132
0.27032390236854553
0.887168824672699
0.08648320287466049
0.6702346801757812
0.3964122533798218
0.9200626015663147
0.8389320373535156
0.766302764415741
0.633272111415863
0.9980332255363464
0.48233339190483093
0.793752133846283
0.6134440302848816
0.49641796946525574
0.2590100169181824
0.9108811020851135
0.07299806922674179
0.5021108388900757
0.6719862222671509
0.5789989829063416
0.7858525514602661
0.3024996221065521
0.0883631780743599
0.5981636047363281
0.8632233738899231
0.667170524597168
0.6355572938919067
0.6871173977851868
0.13875845074653625
0.049897123128175735
0.5140461325645447
0.5611300468444824
0.4359419047832489
0.6319259405136108
0.5191165208816528
0.05930348113179207
0.7047750949859619
0.01176863256841898
0.7663766145706177
0.7707403898239136
0.01136899832636118
0.8078966736793518
0.9756495356559753
0.8801583647727966
0.7621281743049622
0.6735521554946899
0.9549009203910828
0.42648255825042725
0.1790107637643814
0.015112328343093395
0.33934375643730164
0.009054032154381275
0.3808128833770752
0.03589501231908798
0.11428303271532059
0.5849940180778503
0.40842199325561523
0.5461658239364624
0.994381308555603
0.541462779045105
0.9379293918609619
0.3595360815525055
0.292074590921402
0.5673398971557617
0.9471102356910706
0.17516353726387024
0.28903043270111084
0.9142224192619324
0.9309813976287842
0.5735925436019897
0.36941593885421753
0.6207113862037659
0.141659215092659
0.0005324378143996
0.7235881686210632
0.8789407014846802
0.09931106865406036
0.7009466290473938
0.0516197606921196
0.6905429363250732
0.5012494921684265
0.9255072474479675
0.5052729249000549
0.846365213394165
0.7960241436958313
0.7200120091438293
0.8402899503707886
0.6046903729438782
0.9027644395828247
0.10618185997009277
0.2161846160888672
0.9010738730430603
0.08438927680253983
0.2616164982318878
0.8150720596313477
0.4331505596637726
0.07523364573717117
0.7511796951293945
0.039550479501485825
0.7394440174102783
0.09350085258483887
0.17509756982326508
0.25597792863845825
0.5548786520957947
0.6250795125961304
0.2784571051597595
0.07718564569950104
0.3531278967857361
0.4698144495487213
0.48027971386909485
0.1015574187040329
0.587321400642395
0.9395186901092529
0.14845949411392212
0.41243627667427063
0.46761801838874817
0.22341807186603546
0.16177350282669067
0.4075528681278229
0.21946419775485992
0.5639290809631348
0.9207205772399902
0.15260544419288635
0.7276691198348999
0.5295059680938721
0.9588561058044434
0.21235688030719757
0.6042460203170776
0.38990405201911926
0.14239463210105896
0.9893896579742432
0.3729138970375061
0.15800023078918457
0.20470084249973297
0.9194485545158386
0.03488192707300186
0.9045745134353638
0.06940966844558716
0.5234367251396179
0.7581950426101685
0.2164534479379654
0.5020471811294556
0.9185440540313721
0.17369528114795685
0.7391590476036072
0.6666829586029053
0.19873768091201782
0.5249769687652588
0.6092039346694946
0.732426106929779
0.419406533241272
0.9999580979347229
0.05879868194460869
0.6975215077400208
0.7383214235305786
0.11401142925024033
0.6702893376350403
0.4051401615142822
0.16766619682312012
0.9341275691986084
0.6774576902389526
0.36984071135520935
0.5705822110176086
0.7083091139793396
0.6096615791320801
0.29801124334335327
0.33876731991767883
0.5168315768241882
0.5801788568496704
0.14890886843204498
0.9640296697616577
0.06753896176815033
0.06489548087120056
0.31980660557746887
0.19574469327926636
0.059305429458618164
0.4295852780342102
0.16774170100688934
0.09427306056022644
0.4213831126689911
0.6433432698249817
0.8892422318458557
0.7021802067756653
0.8480445742607117
0.5027024745941162
0.4748890697956085
0.23517818748950958
0.7507452368736267
0.43121546506881714
0.807674765586853
0.6694222688674927
0.4689287543296814
0.7226115465164185
0.9904550313949585
0.9597808718681335
0.5132309794425964
0.3495699465274811
0.09180635958909988
0.8048110604286194
0.46478384733200073
0.9375970959663391
0.9279384016990662
0.775786280632019
0.9656133651733398
0.1608799397945404
0.47343212366104126
0.42819222807884216
0.8453188538551331
0.6243915557861328
0.9707069993019104
0.7765677571296692
0.567449152469635
0.7214893698692322
0.7218900322914124
0.929966151714325
0.20400914549827576
0.11550818383693695
0.6230425238609314
0.07242167741060257
0.32612910866737366
0.9446440935134888
0.7755133509635925
0.4626806676387787
0.405902236700058
0.1163623183965683
0.5319099426269531
0.2009221613407135
0.7070781588554382
0.17639154195785522
0.6877249479293823
0.6055014729499817
0.786372184753418
0.9005376696586609
0.3232984244823456
0.5093566179275513
0.6488303542137146
0.16169272363185883
0.4897434413433075
0.3335816264152527
0.1501985490322113
0.7451459169387817
0.7222031950950623
0.6779592037200928
0.11599178612232208
0.3279559016227722
0.5675159096717834
0.4128223657608032
0.26874223351478577
0.6911249160766602
0.36982035636901855
0.6351844668388367
0.06975771486759186
0.09588051587343216
0.13675019145011902
0.48379331827163696
0.8000074625015259
0.9242235422134399
0.984058678150177
0.05304059758782387
0.7607293725013733
0.26773184537887573
0.12539426982402802
0.9060743451118469
0.05496186017990112
0.2387419193983078
0.5914152264595032
0.5446812510490417
0.1981009840965271
0.9648213982582092
0.1731848120689392
0.5966507196426392
0.22238358855247498
0.5558847188949585
0.1379864364862442
0.9597269892692566
0.14760807156562805
0.015682712197303772
0.4696594178676605
0.3183939754962921
0.8050098419189453
0.6576971411705017
0.5592561960220337
0.49012234807014465
0.5218216180801392
0.5410012006759644
0.6669756770133972
0.5467455387115479
0.6179468035697937
0.22198371589183807
0.49397748708724976
0.5103031992912292
0.7260618805885315
0.16457876563072205
0.5424186587333679
0.5507093667984009
0.4450961947441101
0.5462276935577393
0.803149938583374
0.5634899139404297
0.37500718235969543
0.93047034740448
0.6069369912147522
0.8469492793083191
0.37338799238204956
0.8039854764938354
0.5213035345077515
0.0009484657202847302
0.7486218810081482
0.6877779960632324
0.9051386713981628
0.8931404948234558
0.12431883066892624
0.1299772560596466
0.6967633962631226
0.02724127471446991
0.29763999581336975
0.4815223515033722
0.5251708626747131
0.6261569857597351
0.6297072172164917
0.10393913090229034
0.16875949501991272
0.25153401494026184
0.0054589807987213135
0.14241041243076324
0.10777702182531357
0.6567959785461426
0.37536850571632385
0.9163633584976196
0.4367269277572632
0.9601376056671143
0.2686154842376709
0.3455033004283905
0.4306620955467224
0.002279682317748666
0.5019588470458984
0.0018908941419795156
0.05644676089286804
0.8177716732025146
0.3514018654823303
0.3040391802787781
0.5996993780136108
0.8443111777305603
0.8196353912353516
0.11453644931316376
0.360053688287735
0.5680398941040039
0.9995452165603638
0.20401093363761902
0.8131064772605896
0.09830306470394135
0.29200199246406555
0.5681858062744141
0.308877557516098
0.012006579898297787
0.6503856182098389
0.5830467939376831
0.18331320583820343
0.4122377634048462
0.15368202328681946
0.7874383330345154
0.862805187702179
0.43525266647338867
0.013274207711219788
0.4265318810939789
0.9918896555900574
0.8311055302619934
0.3051300346851349
0.4591117203235626
0.43542832136154175
0.07891868054866791
0.620945155620575
0.9935513734817505
0.8354612588882446
0.8768593072891235
0.7304960489273071
0.789746105670929
0.31621798872947693
0.3050251007080078
0.5847470760345459
0.3429478108882904
0.7960367202758789
0.48080992698669434
0.5869655013084412
0.5543137788772583
0.69407719373703
0.025877125561237335
0.5052822828292847
0.8340120315551758
0.10662523657083511
0.07607663422822952
0.5208026766777039
0.007219246122986078
0.9981232285499573
0.9150583148002625
0.5898133516311646
0.4264972507953644
0.9602436423301697
0.646990954875946
0.04549964889883995
0.25871405005455017
0.18437157571315765
0.10357090830802917
0.41830378770828247
0.3555247187614441
0.8538166284561157
0.3341737687587738
0.683684766292572
0.8356651663780212
0.3109065890312195
0.25717005133628845
0.48529696464538574
0.8396660089492798
0.4373505413532257
0.7612326145172119
0.6704022288322449
0.8960887789726257
0.8132421970367432
0.9144518971443176
0.6275418400764465
0.27207958698272705
0.5997236371040344
0.6745060682296753
0.6532045602798462
0.012176692485809326
0.19695857167243958
0.4462941288948059
0.7749790549278259
0.7119802236557007
0.7730185389518738
0.4527197778224945
0.9531802535057068
0.6997721791267395
0.07710691541433334
0.2382255494594574
0.7021113038063049
0.029236191883683205
0.26378172636032104
0.15771999955177307
0.6357359886169434
0.7484015822410583
0.21066240966320038
0.9451515078544617
0.37547042965888977
0.6263432502746582
0.5062205791473389
0.6897692680358887
0.5770864486694336
0.48160696029663086
0.9649770259857178
0.7320412993431091
0.8663007020950317
0.2814601957798004
0.5509148240089417
0.9232912063598633
0.8805995583534241
0.7994199991226196
0.9660693407058716
0.9610403180122375
0.5505189299583435
0.5531670451164246
0.04829574003815651
0.850724458694458
0.8854082822799683
0.029173575341701508
0.8011260032653809
0.8815404176712036
0.5086319446563721
0.6516221165657043
0.9189897775650024
0.7598553895950317
0.4302077889442444
0.8363074660301208
0.59128338098526
0.856299638748169
0.21565985679626465
0.12519687414169312
0.3869767487049103
0.7560809254646301
0.5764995813369751
0.28524139523506165
0.02278636023402214
0.9948630332946777
0.6765035390853882
0.19500459730625153
0.5218594074249268
0.5349187850952148
0.10235100239515305
0.6376627087593079
0.9426606297492981
0.2883577048778534
0.8918535113334656
0.17543330788612366
0.5041409134864807
0.37694525718688965
0.5406199097633362
0.24606746435165405
0.04026724025607109
0.7963665127754211
0.1600739061832428
0.7504560351371765
0.18803763389587402
0.2894875109195709
0.0164165161550045
0.7301241159439087
0.5525279641151428
0.7746864557266235
0.09480331093072891
0.5396203994750977
0.20510748028755188
0.9668823480606079
0.5702990293502808
0.15952326357364655
0.8838937282562256
0.11668051779270172
0.15307438373565674
0.18936114013195038
0.5698695778846741
0.8780882358551025
0.1250721961259842
0.7020743489265442
0.26303011178970337
0.06840690225362778
0.45171236991882324
0.7559105753898621
0.03469470143318176
0.8026456832885742
0.7958800196647644
0.7916452884674072
0.438427209854126
0.1440054029226303
0.3483002483844757
0.7049509882926941
0.6218219995498657
0.18880708515644073
0.5284002423286438
0.5082074403762817
0.5706199407577515
0.8108041286468506
0.5144274830818176
0.2254471778869629
0.179391548037529
0.3756246864795685
0.4655155539512634
0.8632535338401794
0.3700604736804962
0.022929860278964043
0.5699520111083984
0.00107851333450526
0.32021811604499817
0.3040982782840729
0.2593267560005188
0.061496712267398834
0.9929513335227966
0.15648944675922394
0.9478831887245178
0.335780531167984
0.5039827227592468
0.2286750078201294
0.43708929419517517
0.6466274857521057
0.8122847080230713
0.23328432440757751
0.5315374135971069
0.9067202806472778
0.8357470035552979
0.9083308577537537
0.5294247269630432
0.2866811156272888
0.8940525054931641
0.569107711315155
0.004509255290031433
0.6614791750907898
0.5388206839561462
0.04928446561098099
0.852893590927124
0.6299313306808472
0.8518945574760437
0.4228043258190155
0.7584969997406006
0.48068004846572876
0.09663715958595276
0.7218119502067566
0.8358007073402405
0.11788543313741684
0.09507035464048386
0.08518614619970322
0.9458999037742615
0.3036963939666748
0.424717515707016
0.48821014165878296
0.23000869154930115
0.4905584454536438
0.9675038456916809
0.3841463029384613
0.5909006595611572
0.24142290651798248
0.11671125888824463
0.5720706582069397
0.6399385929107666
0.5588494539260864
0.7556744813919067
0.24763217568397522
0.5410906672477722
0.46407660841941833
0.3593499958515167
0.5493971705436707
0.6029595732688904
0.42815783619880676
0.11768873035907745
0.6833868026733398
0.3428739309310913
0.8725265860557556
0.8096698522567749
0.32417526841163635
0.8807467818260193
0.8864967823028564
0.4889538884162903
0.7392917275428772
0.6684116125106812
0.6028625965118408
0.6346449255943298
0.5244884490966797
0.8758930563926697
0.6736873388290405
0.39469659328460693
0.03993746638298035
0.23195014894008636
0.22207282483577728
0.33197227120399475
0.7840814590454102
0.8626037240028381
0.6728776097297668
0.22437308728694916
0.34131479263305664
0.7017701864242554
0.4629566967487335
0.00929837767034769
0.4831806719303131
0.44292283058166504
0.9733047485351562
0.036146312952041626
0.5392325520515442
0.00779907638207078
0.008195006288588047
0.3470592200756073
0.9921411275863647
0.7923954725265503
0.5266488790512085
0.9078050255775452
0.9374040961265564
0.5754199624061584
0.961494505405426
0.6060271263122559
0.017361123114824295
0.26083752512931824
0.8094137907028198
0.7503186464309692
0.49329572916030884
0.8451663255691528
0.35419878363609314
0.11902770400047302
0.06250999867916107
0.5278608202934265
0.16223034262657166
0.2425396591424942
0.14155559241771698
0.7455810904502869
0.01349063590168953
0.17133235931396484
0.13488103449344635
0.8653550744056702
0.9153398871421814
0.8080053329467773
0.762474000453949
0.7971975803375244
0.7854787707328796
0.4405715763568878
0.7024184465408325
0.9677445292472839
0.010388018563389778
0.43630820512771606
0.41038811206817627
0.4293377995491028
0.20706288516521454
0.875641942024231
0.9742063283920288
0.3236713707447052
0.046416301280260086
0.614332377910614
0.7317658066749573
0.3621344268321991
0.12778156995773315
0.19182685017585754
0.6596157550811768
0.6536356210708618
0.36074429750442505
0.13891158998012543
0.2412608414888382
0.9898248314857483
0.2299111932516098
0.37600579857826233
0.040611304342746735
0.525258481502533
0.582226037979126
0.9104668498039246
0.775363028049469
0.7216252684593201
0.6196840405464172
0.028609422966837883
0.3574698269367218
0.8770114779472351
0.45491817593574524
0.6157321333885193
0.70401930809021
0.8307843804359436
0.499748170375824
0.43431439995765686
0.01870134100317955
0.9896827340126038
0.3945252597332001
0.12220100313425064
0.6008560657501221
0.7493391633033752
0.15160006284713745
0.2176193743944168
0.7271130681037903
0.6157304644584656
0.7571963667869568
0.3649670481681824
0.7794013619422913
0.06503120064735413
0.7654672861099243
0.1676717847585678
0.3041422963142395
0.4479258358478546
0.5731832981109619
0.027593417093157768
0.5637920498847961
0.41905727982521057
0.8815922737121582
0.13776911795139313
0.18627633154392242
0.09216402471065521
0.3101669251918793
0.11385359615087509
0.19148604571819305
0.7218114733695984
0.8123300671577454
0.14749789237976074
0.05328290909528732
0.002041518921032548
0.5267863869667053
0.07574191689491272
0.3684260845184326
0.8570656180381775
0.9136568307876587
0.15765506029129028
0.6859013438224792
0.0153251513838768
0.7083620429039001
0.31004998087882996
0.5885168313980103
0.5335417985916138
0.7963821291923523
0.5563324093818665
0.6444546580314636
0.8142313361167908
0.5860103964805603
0.6510940194129944
0.12251193821430206
0.04276858642697334
0.4752887189388275
0.9660603404045105
0.6428844928741455
0.27223068475723267
0.8101553320884705
0.9568808674812317
0.3295644521713257
0.6162203550338745
0.3271973431110382
0.5121583342552185
0.668972909450531
0.6864113211631775
0.10547610372304916
0.5629470348358154
0.8087632656097412
0.879631757736206
0.41258135437965393
0.031840499490499496
0.9330996870994568
0.6710577607154846
0.09700185805559158
0.197127103805542
0.7338148355484009
0.18361978232860565
0.8364839553833008
0.4140169024467468
0.0130802346393466
0.6794486045837402
0.0810839831829071
0.2510104477405548
0.6491112112998962
0.8634694218635559
0.6574312448501587
0.1329428255558014
0.8243750929832458
0.5104512572288513
0.2372511774301529
0.24179336428642273
0.043735817074775696
0.0035366022493690252
0.011435190215706825
0.9886859059333801
0.4117721915245056
0.09230009466409683
0.19676841795444489
0.41922181844711304
0.9182652831077576
0.40078938007354736
0.10717257857322693
0.5851350426673889
0.900191068649292
0.011751124635338783
0.23158641159534454
0.3531854748725891
0.23558494448661804
0.10166297107934952
0.34562456607818604
0.439484179019928
0.6079093813896179
0.9996616244316101
0.4164555072784424
0.759964644908905
0.18245448172092438
0.17727556824684143
0.06666531413793564
0.1539105474948883
0.08349369466304779
0.699698269367218
0.2348002940416336
0.5327688455581665
0.6382042169570923
0.8699648976325989
0.8896743655204773
0.27092111110687256
0.43125301599502563
0.12302011251449585
0.43853476643562317
0.6203190088272095
0.4379553198814392
0.1342976689338684
0.871139645576477
0.8071812391281128
0.795194685459137
0.9647178649902344
0.8854658603668213
0.9418714642524719
0.48525670170783997
0.6569738984107971
0.21075695753097534
0.439808189868927
0.7689912915229797
0.3548954427242279
0.6945032477378845
0.2680199444293976
0.33593955636024475
0.9581537246704102
0.6550776362419128
0.9549974203109741
0.8295164108276367
0.8099676966667175
0.8707559108734131
0.8280194401741028
0.4291340410709381
0.9987396001815796
0.6445865631103516
0.6789332032203674
0.12132322043180466
0.9087962508201599
0.8999447822570801
0.6458166241645813
0.11887164413928986
0.4843061566352844
0.9428201913833618
0.6222370862960815
0.9527406692504883
0.36370351910591125
0.1206553727388382
0.86384117603302
0.1708916574716568
0.26900380849838257
0.5397199988365173
0.16922008991241455
0.28872567415237427
0.5019650459289551
0.4491419196128845
0.48317959904670715
0.1683158278465271
0.3590587377548218
0.998695433139801
0.28679323196411133
0.27071094512939453
0.14208921790122986
0.1613500565290451
0.27942875027656555
0.6251741647720337
0.8713721632957458
0.37546196579933167
0.26052960753440857
0.010814818553626537
0.7318518757820129
0.21059803664684296
0.43942657113075256
0.4620921313762665
0.32082244753837585
0.26207271218299866
0.8270732164382935
0.9128240346908569
0.5510300993919373
0.2666260600090027
0.4337133467197418
0.5364803671836853
0.08797486871480942
0.04115226864814758
0.4170651137828827
0.8565381765365601
0.6342885494232178
0.371548593044281
0.17123444378376007
0.9963092803955078
0.7559871673583984
0.20400205254554749
0.2025029957294464
0.9635013937950134
0.8185256719589233
0.4449761211872101
0.3642362952232361
0.7973775267601013
0.9075901508331299
0.5658950209617615
0.8425211906433105
0.7329831123352051
0.6925733685493469
0.9983834624290466
0.9845500588417053
0.46010905504226685
0.005025799851864576
0.9351757168769836
0.07378347218036652
0.8916705250740051
0.5745847225189209
0.15924231708049774
0.3698713779449463
0.37875184416770935
0.5825113654136658
0.46552833914756775
0.553706169128418
0.12970353662967682
0.03841044008731842
0.1704508662223816
0.7553166151046753
0.011950820684432983
0.2640739977359772
0.2632610499858856
0.6022424697875977
0.8769112825393677
0.884431004524231
0.6632003784179688
0.7234529852867126
0.5526785850524902
0.2402847707271576
0.4336141049861908
0.47152790427207947
0.12254536151885986
0.569141149520874
0.06982576847076416
0.9518266916275024
0.3231222331523895
0.047130685299634933
0.8697405457496643
0.9367074966430664
0.5941746234893799
0.6418908834457397
0.23704858124256134
0.9299513697624207
0.19453878700733185
0.5585638284683228
0.06822407990694046
0.9960570335388184
0.22787277400493622
0.7247413992881775
0.7878494262695312
0.9836775660514832
0.5713918805122375
0.3008410632610321
0.17102378606796265
0.7796527743339539
0.19390270113945007
0.19655458629131317
0.9093178510665894
0.4453805685043335
0.7954697608947754
0.31790968775749207
0.1676180064678192
0.6483303308486938
0.6584694981575012
0.19178245961666107
0.10806465148925781
0.19613967835903168
0.631736695766449
0.8778579831123352
0.6220976114273071
0.6667429804801941
0.8171640038490295
0.8009047508239746
0.14220094680786133
0.18408265709877014
0.3371659219264984
0.46613386273384094
0.531939685344696
0.9492298364639282
0.7702606916427612
0.006066205911338329
0.3441585600376129
0.9352502822875977
0.44960448145866394
0.27373313903808594
0.8337934017181396
0.5658212304115295
0.42012789845466614
0.8722518682479858
0.6834666728973389
0.23135842382907867
0.7658270001411438
0.7388754487037659
0.06398501992225647
0.5862956047058105
0.41968944668769836
0.8303453326225281
0.6575201153755188
0.36372673511505127
0.3599720895290375
0.1676597148180008
0.27467894554138184
0.640489399433136
0.0456056073307991
0.2831473648548126
0.9352245926856995
0.8119744658470154
0.23637983202934265
0.00745837576687336
0.20615823566913605
0.45425933599472046
0.517747163772583
0.20486152172088623
0.3704357147216797
0.17715173959732056
0.7041742205619812
0.4783247709274292
0.8272746801376343
0.3410206139087677
0.7748188376426697
0.19710339605808258
0.36417409777641296
0.06308522075414658
0.14512202143669128
0.40032243728637695
0.08814068138599396
0.9809526205062866
0.7406989932060242
0.7388447523117065
0.5638309121131897
0.05126344412565231
0.3226429224014282
0.16690027713775635
0.4670904278755188
0.9639891982078552
0.2932061553001404
0.16373838484287262
0.6802731156349182
0.16383087635040283
0.6337835192680359
0.3816221356391907
0.7027040123939514
0.3698369264602661
0.9108683466911316
0.38703453540802
0.6165463924407959
0.7958747744560242
0.8496057987213135
0.688977837562561
0.8104497194290161
0.0003922492905985564
0.28456196188926697
0.5660749673843384
0.9418768286705017
0.6737375855445862
0.6331383585929871
0.43705543875694275
0.4179946482181549
0.06857220828533173
0.38694897294044495
0.9307699799537659
0.9402727484703064
0.6133249402046204
0.9708825349807739
0.7303018569946289
0.8378817439079285
0.7336108684539795
0.5347068309783936
0.8867586851119995
0.8094329237937927
0.1958887130022049
0.5987072587013245
0.3969186842441559
0.8613176345825195
0.9446567893028259
0.14407183229923248
0.5878981947898865
0.34334316849708557
0.9282887578010559
0.6047587990760803
0.014774656854569912
0.9322289228439331
0.1408146470785141
0.4551398456096649
0.6131896376609802
0.0740092396736145
0.0062907058745622635
0.9610158801078796
0.7404623627662659
0.9709008932113647
0.9809501767158508
0.2894412875175476
0.40500733256340027
0.016759101301431656
0.5643641948699951
0.2780469059944153
0.6526287198066711
0.25915998220443726
0.5320760011672974
0.05304493382573128
0.8333668112754822
0.6324691772460938
0.9294294714927673
0.39270707964897156
0.08272266387939453
0.5494366884231567
0.45265287160873413
0.7910365462303162
0.1514754593372345
0.5291256904602051
0.56280118227005
0.4030856490135193
0.945372462272644
0.972265899181366
0.4211735725402832
0.9050089716911316
0.01250357087701559
0.4568891227245331
0.14108365774154663
0.16644854843616486
0.5859367847442627
0.0024786123540252447
0.6484963893890381
0.35527077317237854
0.6477971076965332
0.9342216849327087
0.7245727181434631
0.1994677484035492
0.6179023385047913
0.23432442545890808
0.13675659894943237
0.33985576033592224
0.6151002049446106
0.1592126339673996
0.9108841419219971
0.4285293221473694
0.5048924684524536
0.26155421137809753
0.003810076741501689
0.87932288646698
0.032198164612054825
0.7615693807601929
0.3941018879413605
0.362434059381485
0.5473412871360779
0.14580346643924713
0.41029781103134155
0.3952169120311737
0.23920100927352905
0.7906574010848999
0.7994361519813538
0.3967253863811493
0.6573832035064697
0.24200716614723206
0.3435845971107483
0.40342310070991516
0.42780864238739014
0.4615413546562195
0.8431400656700134
0.1499824970960617
0.8050735592842102
0.22275586426258087
0.4009174108505249
0.2937222123146057
0.8777443170547485
0.7162522673606873
0.8565060496330261
0.3105742633342743
0.5386464595794678
0.6336140036582947
0.926665186882019
0.4312240779399872
0.0941285565495491
0.17587822675704956
0.445343941450119
0.3841441571712494
0.26482993364334106
0.1477564126253128
0.7066688537597656
0.3964884877204895
0.578147292137146
0.9883099794387817
0.7196251153945923
0.9185381531715393
0.4067518711090088
0.8078619837760925
0.24315576255321503
0.28143659234046936
0.5122184753417969
0.709558367729187
0.471531480550766
0.491674542427063
0.7998958826065063
0.2410227507352829
0.15252268314361572
0.20948845148086548
0.007319354452192783
0.9924665093421936
0.88407301902771
0.7679504156112671
0.009973333217203617
0.19491080939769745
0.7039175033569336
0.6361227035522461
0.8727104663848877
0.5513631701469421
0.8106827735900879
0.5414451360702515
0.21212558448314667
0.1376030445098877
0.7234575748443604
0.42068424820899963
0.5389055609703064
0.5399264693260193
0.771907389163971
0.3447681963443756
0.28600481152534485
0.4902382791042328
0.8047244548797607
0.12081096321344376
0.6164889335632324
0.9359516501426697
0.6147329807281494
0.2761840224266052
0.2930682897567749
0.7444597482681274
0.8077910542488098
0.7247333526611328
0.4638087749481201
0.8825945258140564
0.24980904161930084
0.08648274838924408
0.986544668674469
0.5293149948120117
0.5722760558128357
0.2620638310909271
0.1913563758134842
0.5882202386856079
0.2382400780916214
0.2520436644554138
0.5662830471992493
0.07015296071767807
0.21811307966709137
0.0856708511710167
0.046416036784648895
0.8317139148712158
0.6436386108398438
0.8448049426078796
0.9169608950614929
0.8813669681549072
0.28299418091773987
0.07900997996330261
0.47035378217697144
0.05524996668100357
0.600665807723999
0.2159719169139862
0.09161408245563507
0.3649497926235199
0.0939059928059578
0.2549687325954437
0.7215582132339478
0.909477174282074
0.4041586220264435
0.6477782130241394
0.6437476873397827
0.3964090347290039
0.6181858777999878
0.5305883884429932
0.8183910250663757
0.00039862902485765517
0.25234290957450867
0.3457641899585724
0.05386273190379143
0.737557590007782
0.45847854018211365
0.19469806551933289
0.8621798157691956
0.48548129200935364
0.3365488052368164
0.636666476726532
0.3915666937828064
0.8806270956993103
0.7931586503982544
0.6388270258903503
0.8338490128517151
0.672532320022583
0.5013629198074341
0.4603483974933624
0.29797470569610596
0.19859066605567932
0.2362726777791977
0.5624829530715942
0.416839063167572
0.14651483297348022
0.06576628983020782
0.9407535791397095
0.8514118790626526
0.1600847989320755
0.932645320892334
0.6062015295028687
0.354831725358963
0.6134187579154968
0.6051707863807678
0.6888478994369507
0.2695130407810211
0.8641439080238342
0.61561119556427
0.05083180591464043
0.3273061513900757
0.7800732254981995
0.47088614106178284
0.6656391024589539
0.7416602373123169
0.03701182082295418
0.6656531095504761
0.23142927885055542
0.12718573212623596
0.06541044265031815
0.6002520322799683
0.7646576166152954
0.8690217733383179
0.25404825806617737
0.6565123200416565
0.801598310470581
0.24944062530994415
0.587406575679779
0.6888017058372498
0.2230733186006546
0.9379292726516724
0.8281964659690857
0.9950959086418152
0.44040754437446594
0.909295916557312
0.6307700872421265
0.22102786600589752
0.4773519039154053
0.014030154794454575
0.5187161564826965
0.6849197149276733
0.38016894459724426
0.815191388130188
0.30580779910087585
0.16570863127708435
0.28466853499412537
0.19327545166015625
0.40391215682029724
0.21322716772556305
0.8613888025283813
0.11754267662763596
0.018960246816277504
0.6608779430389404
0.6953389048576355
0.7808893322944641
0.5342322587966919
0.5684643983840942
0.627051591873169
0.03836315497756004
0.4190588593482971
0.6677530407905579
0.9151487946510315
0.4397124648094177
0.8347944021224976
0.8499090075492859
0.8541549444198608
0.5357785820960999
0.40238091349601746
0.13810546696186066
0.8108471035957336
0.14599615335464478
0.8713279366493225
0.991878092288971
0.6196810603141785
0.24273939430713654
0.8632762432098389
0.3891010582447052
0.8949949145317078
0.5979094505310059
0.664773166179657
0.7934575080871582
0.3706313669681549
0.4911499619483948
0.6411022543907166
0.26136088371276855
0.10401029139757156
0.5513429045677185
0.7022945880889893
0.9846423268318176
0.09653248637914658
0.18519581854343414
0.38409632444381714
0.5543085932731628
0.5039643049240112
0.5199314951896667
0.30269473791122437
0.052514541894197464
0.9674326777458191
0.3546138405799866
0.8993075489997864
0.1492261439561844
0.4542524218559265
0.06334308534860611
0.12908901274204254
0.4088878929615021
0.8749105930328369
0.4327775239944458
0.4109206795692444
0.9844163656234741
0.5026820302009583
0.4475718140602112
0.8412494659423828
0.8063694834709167
0.7761306762695312
0.034800268709659576
0.8055816888809204
0.19763092696666718
0.7219507694244385
0.3443085551261902
0.9535194039344788
0.7241619825363159
0.9593595862388611
0.5329788327217102
0.9249401688575745
0.9464221596717834
0.5751693844795227
0.9346833229064941
0.5345447063446045
0.5963324308395386
0.2999096214771271
0.8079418540000916
0.9722844362258911
0.5687006711959839
0.4523886442184448
0.34660422801971436
0.7636681199073792
0.6874216198921204
0.4523891508579254
0.14319472014904022
0.5553622245788574
0.08145225793123245
0.48084935545921326
0.6189162731170654
0.25801709294319153
0.1443108171224594
0.47689032554626465
0.16356833279132843
0.2219022959470749
0.7072228193283081
0.29069381952285767
0.7660965323448181
0.83779376745224
0.8558419346809387
0.7988746762275696
0.47129732370376587
0.7617565393447876
0.15644918382167816
0.9066827297210693
0.22513733804225922
0.40027880668640137
0.2831301689147949
0.2882855534553528
0.8449161052703857
0.15793170034885406
0.9929424524307251
0.37406009435653687
0.3619519770145416
0.951194167137146
0.26389509439468384
0.04177434369921684
0.9115033149719238
0.4224826395511627
0.2999407649040222
0.509673535823822
0.31963640451431274
0.5405306220054626
0.36687615513801575
0.15936222672462463
0.9825425744056702
0.7339315414428711
0.07846291363239288
0.12282978743314743
0.1514918953180313
0.3330051302909851
0.6699626445770264
0.9147512912750244
0.7540329098701477
0.8626697063446045
0.20119130611419678
0.972966194152832
0.9652025699615479
0.769515872001648
0.2661519944667816
0.01029164157807827
0.250828355550766
0.13602767884731293
0.24557355046272278
0.8378651738166809
0.1759556531906128
0.41291555762290955
0.7845065593719482
0.9085302352905273
0.5858514904975891
0.3423953056335449
0.036275122314691544
0.9964831471443176
0.9900895953178406
0.17694419622421265
0.9769728779792786
0.8485280275344849
0.3989275097846985
0.7986655235290527
0.3444206416606903
0.2880304753780365
0.3352843225002289
0.8468010425567627
0.7624147534370422
0.8153867125511169
0.9210306406021118
0.12592752277851105
0.5702094435691833
0.26462796330451965
0.010902377776801586
0.4207339286804199
0.9384229779243469
0.32469040155410767
0.520317792892456
0.29610130190849304
0.1907891482114792
0.3019883632659912
0.5651214122772217
0.43301674723625183
0.7342206835746765
0.6802043318748474
0.05656329542398453
0.7910318970680237
0.8827780485153198
0.4707616865634918
0.8952264189720154
0.50562983751297
0.6162734627723694
0.11753204464912415
0.14521947503089905
0.26300686597824097
0.1230681836605072
0.38784968852996826
0.849492609500885
0.6423063278198242
0.3970794081687927
0.8495034575462341
0.32173314690589905
0.8801347613334656
0.7950714826583862
0.7801388502120972
0.2681167423725128
0.11440691351890564
0.7208275198936462
0.6829065680503845
0.6544222235679626
0.5747677087783813
0.4399304986000061
0.20522665977478027
0.5045688152313232
0.7540085911750793
0.9097317457199097
0.09923657029867172
0.5313448905944824
0.5941301584243774
0.8602197170257568
0.16583092510700226
0.9578858613967896
0.0062256003729999065
0.14127737283706665
0.12791728973388672
0.8200321793556213
0.14952746033668518
0.6661190986633301
0.5330060124397278
0.5103511810302734
0.8125448226928711
0.15803925693035126
0.36389002203941345
0.9365348219871521
0.353389173746109
0.8971537947654724
0.163994699716568
0.02165919542312622
0.8276922702789307
0.08390835672616959
0.31955963373184204
0.5353680849075317
0.2500045597553253
0.4397473931312561
0.8001802563667297
0.34754234552383423
0.18913304805755615
0.3716421127319336
0.02289225347340107
0.40760746598243713
0.3017503619194031
0.06363783776760101
0.9983829855918884
0.7076172232627869
0.314860463142395
0.4186847507953644
0.4652794301509857
0.6247536540031433
0.890622615814209
0.09730814397335052
0.963520884513855
0.15592226386070251
0.27244922518730164
0.16562697291374207
0.2220824509859085
0.8663061857223511
0.7294884920120239
0.5862928628921509
0.03565148636698723
0.7855245471000671
0.743574321269989
0.8203030824661255
0.0555189847946167
0.39791339635849
0.30175137519836426
0.011803978122770786
0.6216091513633728
0.11587224900722504
0.4114861786365509
0.8911238312721252
0.329511433839798
0.2828100025653839
0.864445686340332
0.8552432060241699
0.9312036037445068
0.9921666383743286
0.7370961308479309
0.9008433222770691
0.60329669713974
0.8645286560058594
0.834132194519043
0.8491783738136292
0.6481207013130188
0.19644281268119812
0.85164475440979
0.8235503435134888
0.05567353591322899
0.09378308057785034
0.019316023215651512
0.6980970501899719
0.19916389882564545
0.9909034371376038
0.4159314036369324
0.2112836092710495
0.8330106735229492
0.7753263711929321
0.3722732365131378
0.3923838436603546
0.7809231877326965
0.050322212278842926
0.6306395530700684
0.9961322546005249
0.9505841135978699
0.26506683230400085
0.6995608806610107
0.7691878080368042
0.37557730078697205
0.6000083684921265
0.14974182844161987
0.6068059206008911
0.7041499018669128
0.5161259174346924
0.29203858971595764
0.5621435642242432
0.8218477964401245
0.8854386210441589
0.3338274657726288
0.9313883185386658
0.010740934871137142
0.12623409926891327
0.34175562858581543
0.2565801441669464
0.004468575119972229
0.4716269373893738
0.3022480905056
0.6703539490699768
0.6026449203491211
0.0734475702047348
0.5799098610877991
0.7705835700035095
0.48121172189712524
0.17816276848316193
0.6468533277511597
0.9809589982032776
0.12046978622674942
0.9951133728027344
0.052689749747514725
0.5069875717163086
0.6016985774040222
0.5673910975456238
0.5204480290412903
0.04196928068995476
0.2832046449184418
0.991425633430481
0.008450695313513279
0.7218515276908875
0.8293871879577637
0.4093073010444641
0.5710338950157166
0.80450040102005
0.6632315516471863
0.23703733086585999
0.3087073564529419
0.5029251575469971
0.7309901118278503
0.6540074944496155
0.8827673196792603
0.8486143350601196
0.34734010696411133
0.5302925705909729
0.11373566091060638
0.7654268741607666
0.1305208057165146
0.46898791193962097
0.01059893798083067
0.0734550729393959
0.2903568148612976
0.12338670343160629
0.4170914590358734
0.6242573261260986
0.5474435091018677
0.08467403054237366
0.02316991798579693
0.613882303237915
0.7290534377098083
0.5704739689826965
0.3415774405002594
0.8345773816108704
0.9902123212814331
0.9523633718490601
0.24745160341262817
0.9811130166053772
0.16928057372570038
0.09842517971992493
0.7700555324554443
0.8067842125892639
0.6583771109580994
0.284870445728302
0.07670877873897552
0.9077261090278625
0.32153910398483276
0.9450854063034058
0.10520163923501968
0.9679473638534546
0.519440770149231
0.49597498774528503
0.8017975687980652
0.781032145023346
0.15355437994003296
0.24513857066631317
0.1640666127204895
0.711245596408844
0.869105875492096
0.15729260444641113
0.7981083393096924
0.8105303049087524
0.6242836117744446
0.10955478996038437
0.6391858458518982
0.7068985104560852
0.14582973718643188
0.4435592591762543
0.44647547602653503
0.7716454863548279
0.9945991635322571
0.06463977694511414
0.44025719165802
0.3427634537220001
0.928428590297699
0.8441974520683289
0.03406952694058418
0.152872696518898
0.22004802525043488
0.3810034692287445
0.7877873778343201
0.632048487663269
0.6364766955375671
0.6907047629356384
0.724587082862854
0.9423649311065674
0.8791184425354004
0.6799309849739075
0.9962194561958313
0.7777889966964722
0.9721565842628479
0.9907379150390625
0.23926590383052826
0.26854896545410156
0.24984271824359894
0.7508475184440613
0.22452716529369354
0.057895999401807785
0.7863845229148865
0.5157308578491211
0.17445895075798035
0.03067857399582863
0.1467147171497345
0.9316438436508179
0.9556267857551575
0.8500576615333557
0.9991108179092407
0.7893045544624329
0.2288336306810379
0.045123785734176636
0.5995384454727173
0.8216827511787415
0.00954744964838028
0.6943039894104004
0.9783638715744019
0.2452692687511444
0.8256840109825134
0.8483757972717285
0.2713504135608673
0.5183090567588806
0.831633448600769
0.7590382695198059
0.53371262550354
0.0939599871635437
0.3925107419490814
0.5901819467544556
0.9681223630905151
0.8939296007156372
0.33466821908950806
0.9567646384239197
0.08605024218559265
0.5313682556152344
0.871019721031189
0.2894441783428192
0.5225710868835449
0.23227857053279877
0.1334473043680191
0.39987242221832275
0.5316373705863953
0.8107808232307434
0.24369879066944122
0.20770320296287537
0.4260128140449524
0.5230216383934021
0.7840312719345093
0.46616077423095703
0.8914250135421753
0.43257594108581543
0.8264992833137512
0.16745327413082123
0.0022812525276094675
0.3453301191329956
0.31975501775741577
0.3969787359237671
0.15140165388584137
0.11890506744384766
0.18857048451900482
0.2884346544742584
0.6271384954452515
0.507254421710968
0.9568014144897461
0.9523775577545166
0.17908799648284912
0.0991695299744606
0.27463728189468384
0.5618039965629578
0.5763617753982544
0.7711073756217957
0.5435584187507629
0.39571860432624817
0.07185076177120209
0.7879383563995361
0.9380806088447571
0.9270070791244507
0.5224999189376831
0.5827273726463318
0.08487672358751297
0.25512102246284485
0.39718976616859436
0.5851507782936096
0.22789350152015686
0.21394145488739014
0.07866625487804413
0.023730378597974777
0.16755670309066772
0.9536630511283875
0.8973750472068787
0.8594047427177429
0.267659068107605
0.9599800109863281
0.2941097915172577
0.4896654188632965
0.300841361284256
0.800184965133667
0.35915642976760864
0.513302743434906
0.7756790518760681
0.08902841806411743
0.3295232355594635
0.6426756381988525
0.7309086322784424
0.42350566387176514
0.8341128826141357
0.9810510873794556
0.2506524622440338
0.2733347713947296
0.924177885055542
0.664449155330658
0.036032192409038544
0.7249247431755066
0.43151864409446716
0.023869428783655167
0.44613608717918396
0.6371665596961975
0.057113997638225555
0.4608789086341858
0.9667535424232483
0.7364458441734314
0.9753369688987732
0.8237945437431335
0.8445221185684204
0.5278818607330322
0.7563207745552063
0.8358404040336609
0.41778820753097534
0.32166415452957153
0.7606605291366577
0.5754401087760925
0.6752331852912903
0.47974884510040283
0.8374846577644348
0.3721614480018616
0.07864769548177719
0.671789824962616
0.9370166063308716
0.3930358290672302
0.7987987995147705
0.04748477786779404
0.14853504300117493
0.69962078332901
0.20057910680770874
0.3804749548435211
0.5542722940444946
0.09290991723537445
0.38723477721214294
0.8250612616539001
0.09312751889228821
0.24971404671669006
0.9263181090354919
0.9867022037506104
0.80736243724823
0.02942303940653801
0.8511705994606018
0.7015187740325928
0.3073544502258301
0.5385021567344666
0.7177166938781738
0.20788279175758362
0.6726335883140564
0.6457687020301819
0.004407819360494614
0.6912379264831543
0.7405334115028381
0.5867199897766113
0.5520939826965332
0.8484426736831665
0.2458035945892334
0.14859290421009064
0.024448158219456673
0.8586167693138123
0.5403475761413574
0.8160006403923035
0.5448474884033203
0.38321810960769653
0.1819913536310196
0.495162695646286
0.6822436451911926
0.22444294393062592
0.3544153571128845
0.4609306752681732
0.9822894930839539
0.528999924659729
0.5256209373474121
0.9645327925682068
0.13236410915851593
0.8906130790710449
0.39896973967552185
0.26854369044303894
0.6837091445922852
0.9712165594100952
0.16976585984230042
0.4177895188331604
0.3873862326145172
0.18415561318397522
0.31155925989151
0.19154833257198334
0.5427300930023193
0.9045137166976929
0.5130438804626465
0.11587847769260406
0.842407763004303
0.3651486933231354
0.7323470115661621
0.8292887210845947
0.8012821078300476
0.779119610786438
0.5578799843788147
0.4997994601726532
0.893484890460968
0.7238902449607849
0.37266987562179565
0.9300612211227417
0.11759160459041595
0.26717662811279297
0.3286953568458557
0.7241830229759216
0.35096853971481323
0.00034396510454826057
0.6972442865371704
0.4250927269458771
0.7498786449432373
0.3253227472305298
0.1369408667087555
0.5515032410621643
0.4703865051269531
0.9794833660125732
0.4189469516277313
0.8060422539710999
0.8977228403091431
0.5854722857475281
0.6109309196472168
0.4978073835372925
0.013191350735723972
0.1945909708738327
0.1463983654975891
0.956060528755188
0.5520698428153992
0.8183210492134094
0.3550734519958496
0.7788477540016174
0.6533607840538025
0.8521162271499634
0.5822369456291199
0.2386271357536316
0.14832304418087006
0.5911647081375122
0.9908513426780701
0.48126980662345886
0.285015344619751
0.7182387709617615
0.6736961007118225
0.09181028604507446
0.9262564778327942
0.9029848575592041
0.2661842107772827
0.9654493927955627
0.7008051872253418
0.5067822933197021
0.5097348690032959
0.22841688990592957
0.23312346637248993
0.8831304311752319
0.8142710328102112
0.10180430114269257
0.8346865773200989
0.6298654079437256
0.890988826751709
0.6447333097457886
0.45350533723831177
0.0460924357175827
0.013489452190697193
0.8316453695297241
0.30723243951797485
0.41648316383361816
0.8376684188842773
0.3409608006477356
0.586586058139801
0.6242333054542542
0.8902943730354309
0.36763808131217957
0.4770433008670807
0.002958060707896948
0.8488993048667908
0.8928150534629822
0.2626456022262573
0.16662602126598358
0.032528750598430634
0.9709787964820862
0.07757117599248886
0.18922491371631622
0.7069085240364075
0.1258104145526886
0.028071103617548943
0.13766111433506012
0.1244109719991684
0.9929107427597046
0.7106354832649231
0.8269094228744507
0.3994097113609314
0.4287355840206146
0.6616414785385132
0.02047147788107395
0.061051443219184875
0.37314149737358093
0.6983069181442261
0.5553436875343323
0.539014995098114
0.4803180992603302
0.3616369962692261
0.41104981303215027
0.13141056895256042
0.11412917077541351
0.40341508388519287
0.7609642148017883
0.615001916885376
0.3591848611831665
0.4141339361667633
0.5056538581848145
0.5003272294998169
0.3768693804740906
0.36768245697021484
0.8862040638923645
0.42631420493125916
0.825781524181366
0.4477689862251282
0.8231031894683838
0.5370969176292419
0.2448376566171646
0.13207991421222687
0.01372277271002531
0.9520590901374817
0.573154628276825
0.8751357197761536
0.6399192214012146
0.6070584654808044
0.916424572467804
0.6311360597610474
0.8498504161834717
0.23029211163520813
0.08588290959596634
0.9001731872558594
0.03153209760785103
0.7123348712921143
0.5602000951766968
0.13833025097846985
0.3797222077846527
0.1881607174873352
0.6846281290054321
0.1945052593946457
0.9789714217185974
0.5730829238891602
0.592067539691925
0.4026964008808136
0.8788729906082153
0.5756931900978088
0.7094522714614868
0.4212839901447296
0.7958909869194031
0.3677356243133545
0.07400035858154297
0.6410217881202698
0.9159307479858398
0.8196337819099426
0.22192782163619995
0.5545811057090759
0.3531203269958496
0.702731728553772
0.8375340104103088
0.4081874191761017
0.37112510204315186
0.945402204990387
0.23993244767189026
0.4124811589717865
0.5922577977180481
0.6035053730010986
0.4571472704410553
0.3804444670677185
0.3920100927352905
0.6047194600105286
0.41419973969459534
0.7199122905731201
0.5008683204650879
0.6724915504455566
0.6513531804084778
0.6214954257011414
0.25932690501213074
0.6698827743530273
0.9675827026367188
0.603355348110199
0.09333042055368423
0.12320851534605026
0.5013719797134399
0.007685454096645117
0.9858094453811646
0.1791542023420334
0.3710801899433136
0.4152127802371979
0.20861224830150604
0.5330803394317627
0.25324174761772156
0.6212811470031738
0.8014513254165649
0.3949570059776306
0.9855313301086426
0.22938992083072662
0.295491099357605
0.39392510056495667
0.023493491113185883
0.737674355506897
0.7193966507911682
0.47459930181503296
0.897772490978241
0.15526820719242096
0.5566622614860535
0.33714139461517334
0.6989819407463074
0.9300364851951599
0.0033807072322815657
0.8562626242637634
0.4584527313709259
0.21996712684631348
0.8993068337440491
0.7467008233070374
0.2733115553855896
0.1061771959066391
0.3678622245788574
0.5216394662857056
0.23688854277133942
0.04207577928900719
0.36156201362609863
0.05892954766750336
0.4271191954612732
0.5553668737411499
0.9558815360069275
0.6698969602584839
0.12720973789691925
0.9391651153564453
0.20303399860858917
0.44350865483283997
0.29064542055130005
0.3141499161720276
0.8497193455696106
0.17756031453609467
0.24754206836223602
0.577048122882843
0.9302559494972229
0.04248412325978279
0.5166885256767273
0.33334359526634216
0.9147440195083618
0.10282934457063675
0.4425419867038727
0.838431179523468
0.8000884652137756
0.6124811172485352
0.8828715682029724
0.03791961073875427
0.949913501739502
0.27201834321022034
0.6053894758224487
0.9370079040527344
0.3389342725276947
0.7580632567405701
0.06149844825267792
0.3957766890525818
0.42617160081863403
0.5801061987876892
0.6907685399055481
0.645204484462738
0.9623658061027527
0.5528078675270081
0.9977207779884338
0.6808289885520935
0.4677901268005371
0.611417829990387
0.4931466281414032
0.9745258092880249
0.7898188829421997
0.8118139505386353
0.5195749402046204
0.7926491498947144
0.6359294652938843
0.5415976047515869
0.9650047421455383
0.6951378583908081
0.7956891655921936
0.17642530798912048
0.6704654693603516
0.11976928263902664
0.9265943765640259
0.5730466842651367
0.9344673752784729
0.2912260591983795
0.01567942090332508
0.9755792021751404
0.15239833295345306
0.4489973485469818
0.5406184196472168
0.9487313628196716
0.07449672371149063
0.651864767074585
0.1461092084646225
0.6054363250732422
0.40142616629600525
0.7554824352264404
0.6629780530929565
0.9631962180137634
0.7051635384559631
0.9177892804145813
0.5188785791397095
0.8244670033454895
0.13408902287483215
0.09256131947040558
0.20843490958213806
0.9641863703727722
0.6687468886375427
0.6169998049736023
0.6724779605865479
0.19118627905845642
0.4235925078392029
0.43763843178749084
0.4184863865375519
0.7845172882080078
0.5336642861366272
0.12365220487117767
0.505428671836853
0.6926260590553284
0.6580412983894348
0.3396875262260437
0.6684768199920654
0.9902204871177673
0.8736380934715271
0.1402146816253662
0.00016020608018152416
0.39428064227104187
0.7078923583030701
0.5412746667861938
0.888790488243103
0.5227339863777161
0.8609335422515869
0.950657844543457
0.687348484992981
0.3106529414653778
0.8474696278572083
0.9889458417892456
0.855843722820282
0.6840683221817017
0.43643873929977417
0.782343327999115
0.2778118848800659
0.8783532977104187
0.5619921684265137
0.85445237159729
0.46426573395729065
0.8730227947235107
0.731859028339386
0.9219422340393066
0.40869438648223877
0.5022960305213928
0.5053947567939758
0.26811376214027405
0.4035254418849945
0.7485527992248535
0.8813377618789673
0.68486487865448
0.014549597166478634
0.16863995790481567
0.08904319256544113
0.7527806758880615
0.28389906883239746
0.9059240221977234
0.07034991681575775
0.546599805355072
0.6762418746948242
0.489237517118454
0.09981705248355865
0.8223073482513428
0.7943151593208313
0.260173499584198
0.05022876709699631
0.29866623878479004
0.6446243524551392
0.5964040756225586
0.5848985910415649
0.3785157799720764
0.45377370715141296
0.5412085056304932
0.35772159695625305
0.3078150153160095
0.16849355399608612
0.4654845893383026
0.6482272148132324
0.6749006509780884
0.471998393535614
0.253322571516037
0.6807956695556641
0.3600926101207733
0.5503236055374146
0.9796298742294312
0.037303484976291656
0.32808512449264526
0.5920308232307434
0.7256336808204651
0.7902275323867798
0.293984055519104
0.8266355991363525
0.4596721827983856
0.1437879055738449
0.25462257862091064
0.5587537288665771
0.9245335459709167
0.2215752750635147
0.20444267988204956
0.5142850279808044
0.02620895393192768
0.22811341285705566
0.6093350648880005
0.009429213590919971
0.8123188614845276
0.8959987759590149
0.17765435576438904
0.0022094848100095987
0.04651864990592003
0.8535714149475098
0.1882447749376297
0.07648145407438278
0.07199190557003021
0.42279478907585144
0.2521538734436035
0.5592315196990967
0.9564952254295349
0.035983867943286896
0.7278895974159241
0.21827450394630432
0.487132728099823
0.4176202714443207
0.7845652103424072
0.7112299203872681
0.7824923992156982
0.7166343331336975
0.0730854794383049
0.7631176114082336
0.6601611971855164
0.3519403338432312
0.4015465974807739
0.588677704334259
0.7161961793899536
0.9377816915512085
0.44475576281547546
0.264313280582428
0.028359971940517426
0.07391967624425888
0.3499146103858948
0.11252826452255249
0.21536076068878174
0.6105360984802246
0.929474949836731
0.9170167446136475
0.47199273109436035
0.7038606405258179
0.23097743093967438
0.7106388807296753
0.8374170660972595
0.9381858110427856
0.5034907460212708
0.9623688459396362
0.34870338439941406
0.558849036693573
0.9780453443527222
0.07860662043094635
0.12768256664276123
0.9442811012268066
0.11644871532917023
0.04249151796102524
0.7497720122337341
0.14620737731456757
0.7551878690719604
0.14505241811275482
0.24234969913959503
0.16934829950332642
0.6916571855545044
0.25964292883872986
0.797051191329956
0.3265121281147003
0.20268301665782928
0.7598539590835571
0.5363321900367737
0.12274352461099625
0.9334877133369446
0.1478136032819748
0.7078671455383301
0.9811954498291016
0.5897858738899231
0.3053395450115204
0.7217190265655518
0.7524080872535706
0.6568495631217957
0.027249936014413834
0.2752145528793335
0.7991611361503601
0.7464140057563782
0.23201245069503784
0.3848785161972046
0.5977853536605835
0.8332969546318054
0.6474003195762634
0.5602920651435852
0.9185213446617126
0.11357788741588593
0.7029262185096741
0.2016882598400116
0.5678836703300476
0.4257239103317261
0.2765144109725952
0.9952080249786377
0.2457394301891327
0.46663200855255127
0.7876158356666565
0.6726928353309631
0.017741195857524872
0.8847938776016235
0.9270809292793274
0.7975515723228455
0.3534122705459595
0.8480345606803894
0.7872881889343262
0.32541894912719727
0.4830942153930664
0.9175511002540588
0.0319523960351944
0.9167638421058655
0.1738785207271576
0.9059115052223206
0.4954473078250885
0.04955851286649704
0.033199891448020935
0.7945342659950256
0.3773682713508606
0.9983476996421814
0.2600482106208801
0.3758395314216614
0.23362843692302704
0.11904406547546387
0.21966177225112915
0.08513467013835907
0.7559794187545776
0.10641023516654968
0.5406965017318726
0.5692111849784851
0.7421927452087402
0.5665847063064575
0.7646681666374207
0.9765135645866394
0.18084372580051422
0.23853351175785065
0.679271936416626
0.10127194225788116
0.4418751001358032
0.35993868112564087
0.6914551258087158
0.3432331681251526
0.35273393988609314
0.0974714532494545
0.40583324432373047
0.8871423006057739
0.521252453327179
0.26122209429740906
0.20393957197666168
0.48254290223121643
0.3138105869293213
0.9059587121009827
0.46499255299568176
0.5228142142295837
0.19138523936271667
0.6911453008651733
0.5310789942741394
0.10210735350847244
0.7215266823768616
0.17408664524555206
0.01974683813750744
0.500534176826477
0.8113796710968018
0.9833741188049316
0.9840973615646362
0.023854948580265045
0.7121115326881409
0.2456398457288742
0.07271818071603775
0.2569579482078552
0.24652375280857086
0.5208253860473633
0.27211993932724
0.6426017880439758
0.4937397241592407
0.2873944640159607
0.5124883651733398
0.6066387295722961
0.5399159789085388
0.1062675192952156
0.8268381953239441
0.7858343720436096
0.017771361395716667
0.7405967712402344
0.9349526762962341
0.3476336896419525
0.16995537281036377
0.6251057386398315
0.1432058960199356
0.38855937123298645
0.9308924674987793
0.3794634938240051
0.9313898682594299
0.5450117588043213
0.6161405444145203
0.552130937576294
0.9619866013526917
0.29266002774238586
0.13615572452545166
0.587918221950531
0.9520301222801208
0.02792685106396675
0.9732772707939148
0.9737575650215149
0.8154818415641785
0.9091870784759521
0.9359252452850342
0.8949123024940491
0.5265141129493713
0.32612594962120056
0.6026538014411926
0.5932316184043884
0.5130894184112549
0.7439488768577576
0.03901664540171623
0.9080085158348083
0.5505465269088745
0.9927754998207092
0.38811713457107544
0.6370896697044373
0.14348049461841583
0.8647595643997192
0.9675060510635376
0.1885722428560257
0.5767703056335449
0.9127928018569946
0.3399694859981537
0.43644559383392334
0.9158498048782349
0.3038848638534546
0.5260586142539978
0.2492106705904007
0.5462155938148499
0.7890516519546509
0.7896608114242554
0.26855236291885376
0.2426661103963852
0.5570040345191956
0.48404330015182495
0.6270425319671631
0.08011224865913391
0.5862109661102295
0.3873424530029297
0.9863141179084778
0.3074643909931183
0.27971023321151733
0.34272170066833496
0.4685191214084625
0.6892720460891724
0.7090815901756287
0.8201544284820557
0.9250714778900146
0.8999519348144531
0.821492612361908
0.40263476967811584
0.06935644149780273
0.3079212009906769
0.4350442886352539
0.27930015325546265
0.29228878021240234
0.7741609215736389
0.597305178642273
0.27112284302711487
0.16110342741012573
0.3311266303062439
0.4429110586643219
0.08217445760965347
0.3519609570503235
0.9249621629714966
0.08202849328517914
0.4960252046585083
0.05602526292204857
0.677610456943512
0.659913957118988
0.46947646141052246
0.27093327045440674
0.3329874277114868
0.3890077769756317
0.15490449965000153
0.321111798286438
0.9494951963424683
0.5740479826927185
0.026965072378516197
0.8816642761230469
0.6408917903900146
0.9688001275062561
0.35507330298423767
0.4374845325946808
0.25437918305397034
0.2895520031452179
0.09787113964557648
0.07568025588989258
0.868269145488739
0.21963828802108765
0.4268815815448761
0.24822436273097992
0.7414834499359131
0.1726660281419754
0.22526223957538605
0.0028303624130785465
0.24130238592624664
0.7228976488113403
0.26851603388786316
0.33778563141822815
0.24520041048526764
0.3646048307418823
0.7495315670967102
0.731019139289856
0.4534585475921631
0.2223219871520996
0.9684475660324097
0.09808431565761566
0.8458444476127625
0.17189845442771912
0.01365993358194828
0.5266252160072327
0.6268563866615295
0.07586196064949036
0.4997476041316986
0.8639249205589294
0.4413079023361206
0.855119526386261
0.3009321987628937
0.9132079482078552
0.08730655908584595
0.3999496102333069
0.059117600321769714
0.9977723360061646
0.7776523232460022
0.13617375493049622
0.9971944689750671
0.30964452028274536
0.7776952385902405
0.2211679220199585
0.6202145218849182
0.5410720109939575
0.8342381715774536
0.9135197401046753
0.025289474055171013
0.07099661976099014
0.820052981376648
0.19815529882907867
0.8243940472602844
0.6828306317329407
0.8452057242393494
0.9694673418998718
0.48372554779052734
0.15145190060138702
0.49492281675338745
0.5206661224365234
0.4716109335422516
0.7351121306419373
0.9872210621833801
0.18702343106269836
0.8613763451576233
0.10753771662712097
0.8840487599372864
0.07440350949764252
0.34421810507774353
0.3955158293247223
0.846394419670105
0.8834080696105957
0.5694460272789001
0.340736985206604
0.5582525730133057
0.5019069910049438
0.2074439823627472
0.5444135069847107
0.5268547534942627
0.1830812692642212
0.835827648639679
0.2179761379957199
0.8459369540214539
0.08858397603034973
0.9567241072654724
0.1767701506614685
0.5031834244728088
0.45779871940612793
0.26940447092056274
0.23782864212989807
0.9845801591873169
0.0899253636598587
0.758451521396637
0.056031350046396255
0.8620388507843018
0.3267408013343811
0.3994758129119873
0.15237107872962952
0.514809250831604
0.04582202062010765
0.30996567010879517
0.4893958866596222
0.7091346383094788
0.21742507815361023
0.6737450361251831
0.17980287969112396
0.5274118781089783
0.421271413564682
0.39072227478027344
0.5501256585121155
0.31742721796035767
0.06684594601392746
0.7908070087432861
0.25276023149490356
0.03392573818564415
0.6186814308166504
0.5106802582740784
0.6692238450050354
0.3861173391342163
0.506251871585846
0.8268170952796936
0.9957286715507507
0.11877302080392838
0.6189655661582947
0.06629875302314758
0.6532536149024963
0.6924565434455872
0.7405073642730713
0.46137574315071106
0.5050352811813354
0.7363148927688599
0.9269051551818848
0.8981227278709412
0.9793682098388672
0.20578938722610474
0.09146947413682938
0.7911754250526428
0.1416655033826828
0.47141972184181213
0.4594877064228058
0.010659227147698402
0.3099042475223541
0.752067506313324
0.8291739225387573
0.37447312474250793
0.02071637474000454
0.41036519408226013
0.31828150153160095
0.08709641546010971
0.45074763894081116
0.32391810417175293
0.2066373974084854
0.41899117827415466
0.036243461072444916
0.08494801819324493
0.6508592963218689
0.448544979095459
0.2028317153453827
0.265214741230011
0.7268586754798889
0.7535386681556702
0.6961364150047302
0.09045227617025375
0.3275415599346161
0.8469001054763794
0.005656913388520479
0.8848327398300171
0.1645706295967102
0.7520031332969666
0.8308971524238586
0.5308119058609009
0.5960882306098938
0.3693367540836334
0.22696428000926971
0.7089454531669617
0.2771962881088257
0.9496675729751587
0.06993970274925232
0.5191082954406738
0.018364498391747475
0.8309052586555481
0.01837543584406376
0.13241785764694214
0.897912859916687
0.42951396107673645
0.4469713270664215
0.9227962493896484
0.9898780584335327
0.5943583250045776
0.6595964431762695
0.5082948207855225
0.7006655931472778
0.5870100259780884
0.979557991027832
0.9897937774658203
0.08319137990474701
0.11448650062084198
0.316743940114975
0.48067158460617065
0.6691320538520813
0.5087421536445618
0.6897487640380859
0.8370419144630432
0.6123172640800476
0.18249255418777466
0.7055034041404724
0.5865111351013184
0.07353147119283676
0.12621574103832245
0.8057090640068054
0.4842996895313263
0.023548811674118042
0.2720467448234558
0.6818327307701111
0.8768850564956665
0.9839829802513123
0.49327459931373596
0.7081001996994019
0.5993859767913818
0.4013459384441376
0.6310955286026001
0.9952446222305298
0.3254799246788025
0.8666442036628723
0.4399071931838989
0.4985183775424957
0.5320946574211121
0.6939073204994202
0.6103115677833557
0.002702618483453989
0.5058907270431519
0.6620898842811584
0.05632966756820679
0.9807154536247253
0.7294027805328369
0.04475707188248634
0.9618131518363953
0.4653216302394867
0.9257815480232239
0.49632585048675537
0.8301774263381958
0.4156847298145294
0.11504555493593216
0.31397172808647156
0.5160361528396606
0.07583021372556686
0.16945672035217285
0.9408408999443054
0.9751948118209839
0.004510215017944574
0.8960562348365784
0.20612874627113342
0.4987584352493286
0.43657657504081726
0.24863244593143463
0.7721976637840271
0.7080479264259338
0.41435056924819946
0.7717713117599487
0.755996584892273
0.0755976215004921
0.7191117405891418
0.32124266028404236
0.14600403606891632
0.5493941307067871
0.5797274112701416
0.5582746267318726
0.11171950399875641
0.21603186428546906
0.15928621590137482
0.5411946773529053
0.3646748960018158
0.34451425075531006
0.5007036328315735
0.7799788117408752
0.9947625994682312
0.0771113932132721
0.6554141640663147
0.945016622543335
0.7470060586929321
0.4203728437423706
0.4789128601551056
0.2333558052778244
0.8532548546791077
0.9502784013748169
0.7205924987792969
0.6241446137428284
0.3670063018798828
0.2397429496049881
0.25437283515930176
0.8753546476364136
0.7293426394462585
0.5423833131790161
0.03674441576004028
0.7462007999420166
0.06176057085394859
0.930844783782959
0.031035052612423897
0.6886193156242371
0.24521133303642273
0.9575102925300598
0.43930891156196594
0.4916248321533203
0.000654753705020994
0.8953031301498413
0.2667907774448395
0.5094853043556213
0.10931137949228287
0.7310044169425964
0.6734759211540222
0.12422560155391693
0.11219269782304764
0.3070451319217682
0.5880637764930725
0.6950017809867859
0.1161116287112236
0.25689178705215454
0.216222882270813
0.9170021414756775
0.6946886777877808
0.667460024356842
0.06327880173921585
0.38607165217399597
0.3725508749485016
0.6018130779266357
0.20663486421108246
0.48641112446784973
0.8359929919242859
0.3251378536224365
0.902167022228241
0.7084758877754211
0.8695122599601746
0.11582759767770767
0.8563250303268433
0.46140608191490173
0.8652355074882507
0.1773250848054886
0.06780438870191574
0.691599428653717
0.5283064842224121
0.12541913986206055
0.41207757592201233
0.5931464433670044
0.41956982016563416
0.7633813619613647
0.6788291931152344
0.22953301668167114
0.5581486225128174
0.8745384812355042
0.822704553604126
0.6215769052505493
0.7806202173233032
0.7967208623886108
0.7116279006004333
0.20583127439022064
0.7824252247810364
0.4899161458015442
0.09823322296142578
0.090176060795784
0.423675000667572
0.7937911152839661
0.583900511264801
0.3931107819080353
0.2742697298526764
0.5137560963630676
0.5562759637832642
0.28153088688850403
0.9481865167617798
0.9206728339195251
0.6021231412887573
0.6957442760467529
0.759905219078064
0.6115755438804626
0.7194476127624512
0.8463703393936157
0.6642895936965942
0.6592147946357727
0.044091224670410156
0.0035772493574768305
0.1795208603143692
0.1501096785068512
0.6932847499847412
0.36242252588272095
0.9698116779327393
0.5770549178123474
0.011806917376816273
0.9420343041419983
0.8566176295280457
0.44166329503059387
0.6999067068099976
0.9920266270637512
0.18802091479301453
0.001432720571756363
0.19324621558189392
0.46391212940216064
0.9305099844932556
0.1796211302280426
0.5461152791976929
0.3692609369754791
0.255866676568985
0.013828465715050697
0.5781036019325256
0.16574284434318542
0.04058155044913292
0.7036544680595398
0.7053479552268982
0.6018980145454407
0.9762737154960632
0.6538023948669434
0.30323535203933716
0.9902790188789368
0.5895228385925293
0.366437703371048
0.3499276638031006
0.6370405554771423
0.7076424956321716
0.24257245659828186
0.33135178685188293
0.5255833268165588
0.8006609082221985
0.35336336493492126
0.10182537883520126
0.4464833438396454
0.24686160683631897
0.7928842306137085
0.6395905613899231
0.9281140565872192
0.03978516161441803
0.25113001465797424
0.8730947375297546
0.7106547355651855
0.9701947569847107
0.9477910399436951
0.16925030946731567
0.7223849296569824
0.7490212917327881
0.3964124321937561
0.8633904457092285
0.25246599316596985
0.5872259140014648
0.434201180934906
0.5197213888168335
0.7191465497016907
0.17705799639225006
0.4292917847633362
0.09929998219013214
0.10821498930454254
0.4006606936454773
0.5285441875457764
0.4946521520614624
0.12055260688066483
0.5508700013160706
0.7716450691223145
0.36296823620796204
0.1024843156337738
0.1992069035768509
0.3036370277404785
0.2580568492412567
0.7511616349220276
0.10787559300661087
0.7870025038719177
0.04304533079266548
0.7332534790039062
0.6243782639503479
0.7152557373046875
0.024753695353865623
0.4965302646160126
0.3037891387939453
0.25940966606140137
0.5605713129043579
0.20918205380439758
0.22207964956760406
0.2694861590862274
0.3721494972705841
0.15393677353858948
0.08464090526103973
0.07736802846193314
0.7576618790626526
0.14774516224861145
0.37143373489379883
0.6659913659095764
0.13345834612846375
0.7868571877479553
0.20851482450962067
0.7854410409927368
0.4117124378681183
0.11486837267875671
0.8576359748840332
0.9659467935562134
0.2536001205444336
0.8236782550811768
0.5473093390464783
0.6493226289749146
0.9084091782569885
0.8096114993095398
0.7635131478309631
0.947691798210144
0.4860685169696808
0.8920279741287231
0.9069890975952148
0.6190398931503296
0.8546153903007507
0.1583927869796753
0.8756192922592163
0.7972805500030518
0.05402125418186188
0.7520511150360107
0.7745090126991272
0.7103002071380615
0.05627463757991791
0.4324142634868622
0.31770771741867065
0.41514313220977783
0.9738671183586121
0.6983690857887268
0.13718324899673462
0.8595141768455505
0.06755463033914566
0.5102883577346802
0.9168639779090881
0.44647422432899475
0.2337794005870819
0.27757757902145386
0.47377750277519226
0.08229247480630875
0.5331690311431885
0.26612481474876404
0.7156617045402527
0.41309788823127747
0.8655799627304077
0.2897883951663971
0.28827300667762756
0.7059041261672974
0.41915228962898254
0.3502437472343445
0.4023653268814087
0.5410959124565125
0.7170204520225525
0.2338470220565796
0.19554203748703003
0.07191117107868195
0.969645082950592
0.7327537536621094
0.7013154029846191
0.6630507707595825
0.19945935904979706
0.9910612106323242
0.7813319563865662
0.9550423622131348
0.6575227975845337
0.5735541582107544
0.653886616230011
0.6256237626075745
0.949676513671875
0.933098316192627
0.8463428020477295
0.47702834010124207
0.36223894357681274
0.6003665924072266
0.35149040818214417
0.7927061915397644
0.9269494414329529
0.13968883454799652
0.9205571413040161
0.21656717360019684
0.08047923445701599
0.9497522115707397
0.4056563377380371
0.5590013265609741
0.3569453954696655
0.06830795109272003
0.02744653820991516
0.7495917081832886
0.6161620020866394
0.634667694568634
0.30601227283477783
0.07571110874414444
0.4989219605922699
0.8744595646858215
0.7892601490020752
0.7808257937431335
0.521372377872467
0.5988713502883911
0.6391851305961609
0.6689583659172058
0.3167901337146759
0.4763762652873993
0.28813856840133667
0.544710099697113
0.6833015084266663
0.7488494515419006
0.03495469689369202
0.9513171315193176
0.02597612887620926
0.7516469955444336
0.45319071412086487
0.5963782072067261
0.6206401586532593
0.39357826113700867
0.13947847485542297
0.1567014753818512
0.2631666362285614
0.5037786364555359
0.34665900468826294
0.1865270882844925
0.6043577790260315
0.40582332015037537
0.007308045867830515
0.4651298224925995
0.8530578017234802
0.040490470826625824
0.18719209730625153
0.27845659852027893
0.04459068551659584
0.549124538898468
0.73061603307724
0.20457857847213745
0.43304818868637085
0.15541145205497742
0.9898791313171387
0.025202205404639244
0.7205542325973511
0.994792640209198
0.9588504433631897
0.6086764931678772
0.5392005443572998
0.2774064838886261
0.9316200017929077
0.8965434432029724
0.431314080953598
0.7301452159881592
0.44205406308174133
0.41160669922828674
0.22897613048553467
0.18888325989246368
0.10604432970285416
0.01911800168454647
0.7616183161735535
0.09546664357185364
0.8010753393173218
0.5006546378135681
0.1597382128238678
0.40640750527381897
0.7190753221511841
0.878441572189331
0.08320032805204391
0.5492128133773804
0.3289383053779602
0.933903694152832
0.6624463200569153
0.6621423363685608
0.08857053518295288
0.14772851765155792
0.5494029521942139
0.24751709401607513
0.9348164796829224
0.36417660117149353
0.4402935206890106
0.6348123550415039
0.3860248625278473
0.6168330311775208
0.4139631688594818
0.3747583031654358
0.721077561378479
0.18611618876457214
0.4050443172454834
0.7118440270423889
0.6226776838302612
0.22544357180595398
0.8414900898933411
0.7184929251670837
0.687582790851593
0.4580233693122864
0.03198717162013054
0.6460067629814148
0.6951504349708557
0.6667320132255554
0.7187788486480713
0.8432044386863708
0.7921988368034363
0.035396549850702286
0.21446272730827332
0.5141011476516724
0.3773237466812134
0.30994024872779846
0.3252684772014618
0.7886536121368408
0.40028199553489685
0.03623557835817337
0.08903733640909195
0.7609944939613342
0.16415755450725555
0.860352098941803
0.38600167632102966
0.6683478355407715
0.9326027631759644
0.36479562520980835
0.09707336872816086
0.7441449761390686
0.9388265013694763
0.6892679929733276
0.6507257223129272
0.6791411638259888
0.07023315876722336
0.31348055601119995
0.008297711610794067
0.1186574399471283
0.9971476197242737
0.8677634596824646
0.5988614559173584
0.3536679148674011
0.6920691728591919
0.5075700283050537
0.6271361112594604
0.5037134289741516
0.18847429752349854
0.2507610023021698
0.8611219525337219
0.6738975048065186
0.3463316559791565
0.3220979869365692
0.43039143085479736
0.8219999670982361
0.46691638231277466
0.22985364496707916
0.03571322560310364
0.7654087543487549
0.03840608894824982
0.14451594650745392
0.3962649405002594
0.6746371388435364
0.4021284878253937
0.37593817710876465
0.7064641714096069
0.4089587926864624
0.37870466709136963
0.898537814617157
0.987773060798645
0.4944083094596863
0.7809556722640991
0.6511619091033936
0.105329230427742
0.319904088973999
0.18898791074752808
0.8769508600234985
0.4644845724105835
0.3956385850906372
0.34365859627723694
0.40988123416900635
0.27013522386550903
0.8258653283119202
0.38055557012557983
0.3342471718788147
0.6067927479743958
0.502637505531311
0.15759815275669098
0.7041646838188171
0.7103476524353027
0.5128488540649414
0.09138240665197372
0.9888709187507629
0.8385164737701416
0.7244117856025696
0.9963808059692383
0.11016994714736938
0.4903320074081421
0.28374871611595154
0.6062300205230713
0.9191529750823975
0.6135879158973694
0.9668844938278198
0.269995778799057
0.5841333866119385
0.7318273782730103
0.6842827200889587
0.8921759128570557
0.6437012553215027
0.8181392550468445
0.14912119507789612
0.9727746844291687
0.28690335154533386
0.3488526940345764
0.4360295236110687
0.23650172352790833
0.8012962341308594
0.43990156054496765
0.3001094162464142
0.09783560782670975
0.32366254925727844
0.3513626158237457
0.1401427537202835
0.24334529042243958
0.29511964321136475
0.09506398439407349
0.25835737586021423
0.21456079185009003
0.907189130783081
0.7682938575744629
0.5151606798171997
0.6846041679382324
0.14302986860275269
0.07452802360057831
0.17103728652000427
0.5128562450408936
0.44379687309265137
0.25956034660339355
0.8482294082641602
0.9191873073577881
0.6168306469917297
0.43921563029289246
0.5387412309646606
0.28909796476364136
0.6109241843223572
0.9690470695495605
0.3803061544895172
0.7182520627975464
0.7095128297805786
0.9603955745697021
0.4234479069709778
0.019427411258220673
0.8175491690635681
0.13147255778312683
0.6038572192192078
0.8594788908958435
0.5971711277961731
0.6999703049659729
0.1736205667257309
0.27095869183540344
0.7518360018730164
0.23029841482639313
0.015965016558766365
0.4653920531272888
0.6544874310493469
0.7401034235954285
0.063469797372818
0.5950037837028503
0.7206453084945679
0.562286376953125
0.6414074897766113
0.07604217529296875
0.782433032989502
0.19367796182632446
0.5711752772331238
0.18145155906677246
0.42343950271606445
0.1213025450706482
0.38726434111595154
0.647698700428009
0.05266108736395836
0.1333206743001938
0.571100652217865
0.49896514415740967
0.36883994936943054
0.20542247593402863
0.9025182127952576
0.16401852667331696
0.2117415964603424
0.2504131495952606
0.5789231657981873
0.2837567627429962
0.3819512724876404
0.15534187853336334
0.8759162425994873
0.14539986848831177
0.4251529574394226
0.5379174947738647
0.973074197769165
0.8364965319633484
0.6678116917610168
0.2247420698404312
0.7194942235946655
0.15772055089473724
0.42472779750823975
0.0893264189362526
0.32076913118362427
0.1212850883603096
0.30632978677749634
0.17691650986671448
0.810784637928009
0.612839937210083
0.023111706599593163
0.9767050743103027
0.03034195862710476
0.2587924897670746
0.19303905963897705
0.8727127313613892
0.6386156678199768
0.10617300122976303
0.4837953448295593
0.3356923758983612
0.4679059386253357
0.29091277718544006
0.08670624345541
0.45317158102989197
0.7306891083717346
0.6294838786125183
0.4117504954338074
0.4577554166316986
0.3049411177635193
0.32581254839897156
0.8687683939933777
0.15771307051181793
0.7541598677635193
0.8728474974632263
0.4833689033985138
0.7455143928527832
0.5936393737792969
0.08762552589178085
0.7425810098648071
0.042118582874536514
0.8880550265312195
0.5131072998046875
0.7859641313552856
0.46031150221824646
0.1652977466583252
0.750356137752533
0.6407160758972168
0.4031689763069153
0.24077776074409485
0.2766270637512207
0.4738839268684387
0.26917701959609985
0.952366054058075
0.5622277855873108
0.48352378606796265
0.1706838309764862
0.9484129548072815
0.3265503942966461
0.9755138158798218
0.6523355841636658
0.27711039781570435
0.7989447712898254
0.5329853296279907
0.7690920829772949
0.6683902144432068
0.3635888993740082
0.050563666969537735
0.7184857130050659
0.9895015954971313
0.7567976713180542
0.4436745345592499
0.35138896107673645
0.47909286618232727
0.7558361291885376
0.3884022533893585
0.33149629831314087
0.09222502261400223
0.8576287627220154
0.6016291379928589
0.571456789970398
0.5315004587173462
0.4176269471645355
0.3382742702960968
0.8309319615364075
0.586559534072876
0.8511917591094971
0.18050533533096313
0.4664511978626251
0.2946851849555969
0.7993476390838623
0.7096343040466309
0.014855993911623955
0.273400217294693
0.0419398695230484
0.3311960697174072
0.84428471326828
0.3666481375694275
0.7443560361862183
0.031172074377536774
0.22544240951538086
0.5017187595367432
0.18994392454624176
0.2699172794818878
0.0994766429066658
0.421572208404541
0.045427605509757996
0.6248628497123718
0.38200095295906067
0.14348526298999786
0.9025648832321167
0.5338050723075867
0.4523791968822479
0.3295384347438812
0.7163237929344177
0.1085602194070816
0.5284879803657532
0.5126021504402161
0.5489206910133362
0.4248709976673126
0.9400284290313721
0.6948734521865845
0.7825111746788025
0.26368826627731323
0.020986881107091904
0.36853012442588806
0.20731301605701447
0.3960427939891815
0.26953935623168945
0.7453835010528564
0.4417884945869446
0.2575293481349945
0.8292945623397827
0.39628171920776367
0.38213860988616943
0.1310165524482727
0.732833206653595
0.27864739298820496
0.6165744066238403
0.21989706158638
0.44649118185043335
0.27339625358581543
0.8168421387672424
0.6809249520301819
0.3002649247646332
0.26052993535995483
0.9301097989082336
0.4713933765888214
0.20288601517677307
0.4579862654209137
0.0020471729803830385
0.05112161487340927
0.023194406181573868
0.2704075872898102
0.7836097478866577
0.11454158276319504
0.979380190372467
0.7109572291374207
0.1977895200252533
0.5330886840820312
0.43405377864837646
0.6028854846954346
0.018911998718976974
0.7299574613571167
0.20273981988430023
0.7125788331031799
0.5677515268325806
0.3785344064235687
0.5376939177513123
0.3710600733757019
0.18457435071468353
0.026602379977703094
0.9565418362617493
0.0113295279443264
0.2292960286140442
0.7368903160095215
0.1025761142373085
0.9982886910438538
0.4408702254295349
0.9390661120414734
0.5513015985488892
0.17676502466201782
0.02902890183031559
0.5072525143623352
0.32787033915519714
0.8093920946121216
0.7908996939659119
0.14267882704734802
0.3511698544025421
0.4480300843715668
0.335424542427063
0.9630460143089294
0.7144990563392639
0.8182839155197144
0.004841049201786518
0.5506214499473572
0.3318851590156555
0.32020270824432373
0.3666287362575531
0.8900364637374878
0.8148483037948608
0.26564523577690125
0.05314203351736069
0.10853278636932373
0.5487940907478333
0.5534176826477051
0.9040719866752625
0.3937351107597351
0.4959624409675598
0.8135173916816711
0.03912695124745369
0.38441693782806396
0.4403962790966034
0.41076597571372986
0.29898205399513245
0.08225682377815247
0.20812317728996277
0.07415187358856201
0.7891473770141602
0.050768811255693436
0.7499030232429504
0.21212849020957947
0.6928740739822388
0.8327588438987732
0.5887710452079773
0.5160684585571289
0.5829194188117981
0.1847723126411438
0.028955994173884392
0.692935049533844
0.00022579333744943142
0.21479514241218567
0.026569565758109093
0.8875017762184143
0.9978238940238953
0.9122905135154724
0.3206537365913391
0.42064762115478516
0.8418251276016235
0.040742356330156326
0.32239335775375366
0.6874843835830688
0.8411861062049866
0.391092449426651
0.684169590473175
0.20022724568843842
0.5461283326148987
0.37118497490882874
0.843605101108551
0.08512824028730392
0.7751338481903076
0.47284817695617676
0.8876577019691467
0.20494428277015686
0.8433987498283386
0.15813426673412323
0.5687179565429688
0.22915585339069366
0.5028897523880005
0.5707754492759705
0.22131194174289703
0.9915858507156372
0.03376111015677452
0.6714280843734741
0.6527779698371887
0.07930373400449753
0.042666610330343246
0.7391033172607422
0.5812479257583618
0.21987470984458923
0.5516851544380188
0.368687242269516
0.16512463986873627
0.6656991243362427
0.5029377937316895
0.8229713439941406
0.9862879514694214
0.4723540246486664
0.9879445433616638
0.8304228186607361
0.7156174182891846
0.2270304411649704
0.530749499797821
0.7192246913909912
0.8985068202018738
0.5387514233589172
0.17721040546894073
0.04690186679363251
0.6890639066696167
0.6504164338111877
0.5075801610946655
0.07494412362575531
0.7343278527259827
0.6464452743530273
0.7938098311424255
0.39747488498687744
0.8763577342033386
0.029187675565481186
0.7440032362937927
0.3036518394947052
0.03747067600488663
0.7537416815757751
0.07445961982011795
0.7978272438049316
0.006067477632313967
0.4720832109451294
0.4680091440677643
0.2694108486175537
0.8042078614234924
0.8369815945625305
0.4398399591445923
0.9935019612312317
0.48825061321258545
0.8847711086273193
0.6587334871292114
0.43641847372055054
0.9019174575805664
0.7458479404449463
0.19689857959747314
0.28234320878982544
0.7234001755714417
0.5669593214988708
0.1001196950674057
0.7941015958786011
0.45429471135139465
0.5048757195472717
0.842931866645813
0.4815150499343872
0.5385491847991943
0.6500095129013062
0.9612651467323303
0.893635094165802
0.46209943294525146
0.04056406021118164
0.17089694738388062
0.03445448726415634
0.45922186970710754
0.686953067779541
0.9515191316604614
0.7376638054847717
0.15169991552829742
0.4881700277328491
0.45252010226249695
0.30082598328590393
0.13334524631500244
0.5862986445426941
0.5462310910224915
0.37058666348457336
0.14095716178417206
0.56673663854599
0.5036280751228333
0.45028889179229736
0.9348707795143127
0.9824830889701843
0.2848137319087982
0.9925211668014526
0.5467156767845154
0.9591091275215149
0.4384627938270569
0.728200376033783
0.07159198820590973
0.248141810297966
0.7138466238975525
0.8150467872619629
0.11166565120220184
0.11216975748538971
0.05350882187485695
0.07088425755500793
0.5300464630126953
0.7013228535652161
0.40140971541404724
0.14801670610904694
0.3394075632095337
0.17722274363040924
0.13850249350070953
0.9052922129631042
0.43158113956451416
0.18830841779708862
0.7022703289985657
0.8978659510612488
0.9182557463645935
0.782585859298706
0.4180518090724945
0.9019078612327576
0.8505669832229614
0.6993743777275085
0.8858996629714966
0.8160816431045532
0.35945162177085876
0.7014636397361755
0.47670894861221313
0.2912397086620331
0.08741238713264465
0.09124026447534561
0.45135411620140076
0.5182439088821411
0.7135692238807678
0.6754266023635864
0.815014660358429
0.9385837316513062
0.5530305504798889
0.7887747287750244
0.3488801121711731
0.6093553304672241
0.6889187097549438
0.07802429795265198
0.6603686213493347
0.48699840903282166
0.9271798729896545
0.6063310503959656
0.8768628239631653
0.6402541995048523
0.11802475154399872
0.6579371690750122
0.35511893033981323
0.7385358810424805
0.8493553400039673
0.523298978805542
0.30894145369529724
0.3713536262512207
0.09210336953401566
0.9938088655471802
0.19264650344848633
0.463113009929657
0.6981997489929199
0.36654651165008545
0.8521799445152283
0.6574609279632568
0.0803358405828476
0.13119664788246155
0.9963613748550415
0.15347741544246674
0.08679888397455215
0.007478291634470224
0.8264884948730469
0.7558023929595947
0.5156395435333252
0.10384874790906906
0.27890515327453613
0.9126573801040649
0.8213455080986023
0.40764519572257996
0.7649662494659424
0.16933970153331757
0.3655998110771179
0.38721415400505066
0.8682087063789368
0.9348968863487244
0.4782520830631256
0.35357666015625
0.4303535223007202
0.884192705154419
0.4290817975997925
0.10481919348239899
0.006131399888545275
0.6656679511070251
0.22986562550067902
0.5204777717590332
0.9407617449760437
0.17499396204948425
0.6426523923873901
0.147255539894104
0.6470556259155273
0.8935661315917969
0.4066639244556427
0.6595305800437927
0.4827311933040619
0.3495698869228363
0.8888657093048096
0.2971994876861572
0.7991387248039246
0.9876217246055603
0.44760429859161377
0.8562495708465576
0.7755916118621826
0.4642745852470398
0.7341053485870361
0.9313997030258179
0.9209369421005249
0.6084911823272705
0.2487371861934662
0.9954155683517456
0.7054930925369263
0.8106153607368469
0.8241892457008362
0.35685211420059204
0.9895373582839966
0.2969355881214142
0.09398498386144638
0.9450467228889465
0.41851603984832764
0.12615181505680084
0.8685203194618225
0.6076469421386719
0.06300701946020126
0.6027777791023254
0.7358317375183105
0.6792362928390503
0.5968847870826721
0.13127049803733826
0.5055996179580688
0.9818854928016663
0.4883805513381958
0.7581067085266113
0.26031842827796936
0.6788403987884521
0.06926965713500977
0.712353527545929
0.7725510001182556
0.5085241794586182
0.597877025604248
0.7746117115020752
0.19748832285404205
0.4435386061668396
0.8010295629501343
0.02262038365006447
0.6627517938613892
0.3258781433105469
0.4536978602409363
0.07359085232019424
0.7389634847640991
0.5241478085517883
0.3279948830604553
0.8381497859954834
0.48223787546157837
0.7674041390419006
0.8536145687103271
0.752121090888977
0.21788644790649414
0.17412883043289185
0.3576710820198059
0.19526761770248413
0.17911791801452637
0.49164777994155884
0.841769278049469
0.743512749671936
0.0037225582636892796
0.8934926986694336
0.6993687152862549
0.2159459888935089
0.288485050201416
0.08403508365154266
0.053903017193078995
0.5999939441680908
0.8218023777008057
0.891587495803833
0.19253213703632355
0.5042245388031006
0.8276658654212952
0.9069658517837524
0.9648301601409912
0.8970158100128174
0.9896612763404846
0.28857851028442383
0.9543372392654419
0.44231414794921875
0.9908572435379028
0.24628588557243347
0.5122931599617004
0.7966140508651733
0.6368852257728577
0.3136851489543915
0.9753230214118958
0.09002696722745895
0.3501477837562561
0.5300571918487549
0.37378403544425964
0.47647902369499207
0.13985958695411682
0.6337953209877014
0.2746562063694
0.9797629714012146
0.2588442862033844
0.8865610361099243
0.4062385559082031
0.7244062423706055
0.7291901111602783
0.6101646423339844
0.07404305785894394
0.3816468119621277
0.7360596060752869
0.717684268951416
0.2206205278635025
0.9764495491981506
0.2628970444202423
0.8412665724754333
0.8991360664367676
0.33186110854148865
0.31799042224884033
0.2857557237148285
0.7282741665840149
0.8440116047859192
0.14014270901679993
0.6298090219497681
0.9405189156532288
0.025831231847405434
0.4785155653953552
0.1909492015838623
0.4782189428806305
0.6114410758018494
0.4320085644721985
0.674921452999115
0.18930307030677795
0.7875838279724121
0.3909778892993927
0.33797913789749146
0.24265322089195251
0.9350645542144775
0.12667815387248993
0.38679057359695435
0.3345756530761719
0.3857502341270447
0.6971782445907593
0.7457355856895447
0.2539030909538269
0.8156087398529053
0.005960067268460989
0.37514951825141907
0.5497462749481201
0.33503392338752747
0.7382031083106995
0.6541893482208252
0.30432936549186707
0.18288205564022064
0.5780269503593445
0.5009915828704834
0.059997960925102234
0.9079263806343079
0.08125117421150208
0.33825263381004333
0.8122485280036926
0.013546379283070564
0.043428122997283936
0.3513767421245575
0.301220178604126
0.40140002965927124
0.957247257232666
0.921076238155365
0.281349778175354
0.9924374222755432
0.8606846332550049
0.7698680758476257
0.03458624333143234
0.25777727365493774
0.5139479041099548
0.9128715395927429
0.08079089969396591
0.4703373908996582
0.5070375204086304
0.9614659547805786
0.4728194773197174
0.6845893859863281
0.6826713681221008
0.8375930786132812
0.6264163255691528
0.23576322197914124
0.785891056060791
0.2873256504535675
0.1741389036178589
0.1941571980714798
0.11617129296064377
0.4071657061576843
0.2701641917228699
0.41832050681114197
0.050854820758104324
0.666667103767395
0.6270760893821716
0.8157947063446045
0.9021122455596924
0.4490005671977997
0.07038145512342453
0.9529868364334106
0.08051025867462158
0.564620852470398
0.8745521306991577
0.3034583032131195
0.14088137447834015
0.6648715734481812
0.6145039200782776
0.5737873315811157
0.06693865358829498
0.19292062520980835
0.2096451222896576
0.5695313215255737
0.9632102847099304
0.6964195370674133
0.04086345434188843
0.983675479888916
0.4730011820793152
0.7972052693367004
0.8099895715713501
0.8608094453811646
0.7848089933395386
0.9166666865348816
0.0759773775935173
0.5450466871261597
0.15386229753494263
0.9743860363960266
0.3405205011367798
0.43954575061798096
0.8735004663467407
0.3181851804256439
0.0025077604223042727
0.8307654857635498
0.10458051413297653
0.843535840511322
0.017109625041484833
0.5266339182853699
0.7857485413551331
0.023227578029036522
0.27109789848327637
0.12914800643920898
0.6598982214927673
0.4346495270729065
0.3094290494918823
0.07326974719762802
0.254148930311203
0.802793562412262
0.6488450765609741
0.17854522168636322
0.08637989312410355
0.05823386460542679
0.5045151114463806
0.32099053263664246
0.4338323175907135
0.85160231590271
0.8252133727073669
0.01598200388252735
0.598929226398468
0.8441316485404968
0.9692867994308472
0.5774281620979309
0.9908366799354553
0.05885268747806549
0.14195136725902557
0.11235985159873962
0.29041680693626404
0.6846708655357361
0.09848899394273758
0.10998539626598358
0.5804263353347778
0.6012263298034668
0.7020406723022461
0.4049873352050781
0.22229957580566406
0.76750648021698
0.6535654067993164
0.06196063011884689
0.44542816281318665
0.380632221698761
0.281002402305603
0.7333163022994995
0.9806911945343018
0.2739510238170624
0.06332635879516602
0.7158350348472595
0.8412512540817261
0.9085841178894043
0.361662358045578
0.7086091041564941
0.26223424077033997
0.03469835966825485
0.9640951752662659
0.5230484008789062
0.9690425395965576
0.7365752458572388
0.732597291469574
0.9191597104072571
0.877829372882843
0.6370306015014648
0.8128562569618225
0.4240660071372986
0.37773358821868896
0.16109032928943634
0.2907031178474426
0.19057807326316833
0.22284117341041565
0.7296264171600342
0.39860936999320984
0.9449725151062012
0.1693495512008667
0.45796358585357666
0.8817608952522278
0.5115943551063538
0.7382281422615051
0.7880178689956665
0.21634119749069214
0.04364053159952164
0.6796472668647766
0.04246193543076515
0.8402590751647949
0.3482438325881958
0.49911555647850037
0.986419677734375
0.22298942506313324
0.740073561668396
0.4590945243835449
0.46970894932746887
0.2762148678302765
0.060370367020368576
0.06252291798591614
0.5893178582191467
0.05046604573726654
0.9049429893493652
0.003370746038854122
0.626482367515564
0.9826409816741943
0.14020104706287384
0.8703093528747559
0.6660944223403931
0.5725540518760681
0.1823347806930542
0.23246091604232788
0.6425214409828186
0.6317173838615417
0.8342868089675903
0.1096099242568016
0.7164163589477539
0.31700563430786133
0.43081673979759216
0.7594878673553467
0.528007447719574
0.4033920466899872
0.9175111055374146
0.008225887082517147
0.7770279049873352
0.0856354832649231
0.21542710065841675
0.8842762112617493
0.6744465231895447
0.8369906544685364
0.13449865579605103
0.6063321828842163
0.7120209336280823
0.8958398699760437
0.3023914098739624
0.4495861828327179
0.435911625623703
0.8329207301139832
0.21043574810028076
0.5733729004859924
0.7705838680267334
0.1480853110551834
0.6593644022941589
0.2917974591255188
0.37920206785202026
0.5524121522903442
0.8246627449989319
0.007585654966533184
0.5985737442970276
0.8707168698310852
0.5836601853370667
0.2258620709180832
0.8382224440574646
0.3199257552623749
0.48368024826049805
0.5270562767982483
0.7807587385177612
0.4180975556373596
0.965724766254425
0.9841555953025818
0.17902404069900513
0.7617056965827942
0.7145715355873108
0.566888689994812
0.9370052814483643
0.7736157178878784
0.3944607079029083
0.6746905446052551
0.512770414352417
0.38164860010147095
0.44821780920028687
0.9896951913833618
0.7274604439735413
0.47243398427963257
0.9233546853065491
0.06978123635053635
0.7753186821937561
0.46323561668395996
0.4244588315486908
0.43760305643081665
0.042105305939912796
0.5787910223007202
0.1088901162147522
0.641367495059967
0.7933528423309326
0.01693950779736042
0.7430301904678345
0.02875622734427452
0.5114151835441589
0.2575211226940155
0.23466432094573975
0.4206334054470062
0.2667117714881897
0.8591511249542236
0.0694064348936081
0.7821454405784607
0.3416751027107239
0.051873259246349335
0.9276005029678345
0.8669743537902832
0.9932705760002136
0.10953327268362045
0.8893888592720032
0.6346685886383057
0.8970726132392883
0.8193393349647522
0.6210491061210632
0.9572826623916626
0.41266241669654846
0.31738317012786865
0.9376700520515442
0.14664289355278015
0.2233520746231079
0.7686322331428528
0.7009073495864868
0.6272754669189453
0.6198310256004333
0.7928476333618164
0.41295257210731506
0.0532463863492012
0.012271830812096596
0.30239588022232056
0.022921254858374596
0.9319015741348267
0.6096653938293457
0.43526923656463623
0.7129989862442017
0.7535436153411865
0.6296020150184631
0.9936550259590149
0.9406349658966064
0.8729690313339233
0.9585806727409363
0.24597066640853882
0.18754909932613373
0.9659652709960938
0.5619258880615234
0.7102051377296448
0.07295572757720947
0.49205684661865234
0.8876937031745911
0.7635900378227234
0.8284746408462524
0.260601282119751
0.021649450063705444
0.6765369772911072
0.056510742753744125
0.34447088837623596
0.6856325268745422
0.3994808495044708
0.14224743843078613
0.16592247784137726
0.4975871443748474
0.42629843950271606
0.06806819140911102
0.37398144602775574
0.05658380687236786
0.1410951465368271
0.45556092262268066
0.9411951899528503
0.48019498586654663
0.6890170574188232
0.5939813852310181
0.034429650753736496
0.5037053823471069
0.03256724774837494
0.37440288066864014
0.46103495359420776
0.4772610366344452
0.4949457049369812
0.48574987053871155
0.5875542759895325
0.9871495962142944
0.6859927773475647
0.864010751247406
0.14576242864131927
0.9197388291358948
0.0033864714205265045
0.14336515963077545
0.6746384501457214
0.4311126470565796
0.893724262714386
0.8585217595100403
0.7029790282249451
0.04906308278441429
0.238237664103508
0.9058699607849121
0.46777063608169556
0.6452729105949402
0.9767621159553528
0.7535572052001953
0.37055253982543945
0.6470904350280762
0.34185317158699036
0.382081001996994
0.5541672110557556
0.590617835521698
0.6995894908905029
0.050908349454402924
0.13306796550750732
0.5877001881599426
0.952231764793396
0.7391552925109863
0.09962214529514313
0.4267688989639282
0.9606596231460571
0.7387487292289734
0.6836007833480835
0.9812371134757996
0.3801388144493103
0.8746498227119446
0.07371631264686584
0.985368549823761
0.758569061756134
0.569191038608551
0.5356406569480896
0.4920722246170044
0.609574019908905
0.41439497470855713
0.9956331253051758
0.33913126587867737
0.7062477469444275
0.14909735321998596
0.7128774523735046
0.3237053155899048
0.24555350840091705
0.6853967308998108
0.30298736691474915
0.06764478236436844
0.23277929425239563
0.8355811834335327
0.014318249188363552
0.9688752889633179
0.4856520891189575
0.703928530216217
0.00786112155765295
0.6338537335395813
0.6452707052230835
0.982237696647644
0.4610738158226013
0.7416919469833374
0.5214831829071045
0.005769405048340559
0.4176933765411377
0.8086289167404175
0.09907379746437073
0.8585621118545532
0.23076120018959045
0.4766216576099396
0.7829912900924683
0.6371217966079712
0.9457340836524963
0.43651270866394043
0.07853984087705612
0.20764808356761932
0.42254576086997986
0.8546887040138245
0.07341381162405014
0.11867983639240265
0.9000471234321594
0.35010001063346863
0.10377486795186996
0.8999143242835999
0.6548151969909668
0.571239709854126
0.03011460416018963
0.12563219666481018
0.2899044156074524
0.31829509139060974
0.6696890592575073
0.15766747295856476
0.3435516655445099
0.7283986210823059
0.7257192134857178
0.36772799491882324
0.6721687912940979
0.9911007881164551
0.6215431094169617
0.9439725875854492
0.13010330498218536
0.7283852696418762
0.42217400670051575
0.14859510958194733
0.07929177582263947
0.15264751017093658
0.18449944257736206
0.12764059007167816
0.3235926926136017
0.5127317905426025
0.1611052304506302
0.7404271364212036
0.8772339820861816
0.13274091482162476
0.5897291898727417
0.014947092160582542
0.1744716316461563
0.4033174216747284
0.47790709137916565
0.7431619763374329
0.2882824242115021
0.8675062656402588
0.17627005279064178
0.8753079771995544
0.015370220877230167
0.010121000930666924
0.19126278162002563
0.4038105010986328
0.2181968092918396
0.015250863507390022
0.45892709493637085
0.3556818664073944
0.9735507369041443
0.5690119862556458
0.21749494969844818
0.34970101714134216
0.5033186674118042
0.8704923391342163
0.6409110426902771
0.43019217252731323
0.0794389620423317
0.2432575821876526
0.1421067863702774
0.3994055688381195
0.29391565918922424
0.018276335671544075
0.03912080079317093
0.7436296939849854
0.5180129408836365
0.9219939112663269
0.5361170768737793
0.5417675375938416
0.1597200334072113
0.2941879630088806
0.6402843594551086
0.9982583522796631
0.15994344651699066
0.003121809335425496
0.6454582810401917
0.7038791179656982
0.16931544244289398
0.4528759717941284
0.5732291340827942
0.6088728308677673
0.6561117768287659
0.2631802558898926
0.20443256199359894
0.9301831126213074
0.006994854658842087
0.15343858301639557
0.707247257232666
0.4900496304035187
0.3798660933971405
0.8482697010040283
0.48731428384780884
0.15941870212554932
0.8446367979049683
0.04965195804834366
0.4013831913471222
0.03851651772856712
0.6254760026931763
0.7158737778663635
0.7773292064666748
0.9318397641181946
0.2911953330039978
0.09068137407302856
0.25106948614120483
0.5608476996421814
0.9409894943237305
0.393298476934433
0.24672368168830872
0.6121329069137573
0.018521906808018684
0.4970241189002991
0.8632963299751282
0.6456988453865051
0.5838335752487183
0.29881522059440613
0.6984138488769531
0.1652946174144745
0.011710010468959808
0.5237325429916382
0.7764065265655518
0.3655625879764557
0.4605103135108948
0.5138335227966309
0.9095287919044495
0.4099031686782837
0.9337227940559387
0.9880046844482422
0.0970771461725235
0.40784478187561035
0.8657313585281372
0.5072063207626343
0.9518775939941406
0.9559915661811829
0.4047015309333801
0.41727375984191895
0.7043349146842957
0.07526583969593048
0.8798215389251709
0.09086134284734726
0.08441001921892166
0.1380639225244522
0.12956863641738892
0.01864033006131649
0.41973745822906494
0.8878194093704224
0.7906322479248047
0.4424002766609192
0.8515360951423645
0.09965356439352036
0.8031554222106934
0.4031272828578949
0.605597972869873
0.1092425286769867
0.4557730257511139
0.9748001098632812
0.10944278538227081
0.7624312043190002
0.7559896111488342
0.30597516894340515
0.9212597608566284
0.5708962082862854
0.9120755791664124
0.032998956739902496
0.3987557888031006
0.7085055708885193
0.6836073994636536
0.22886808216571808
0.8258209824562073
0.7956126928329468
0.7927249670028687
0.22893434762954712
0.6806343793869019
0.49734023213386536
0.48232388496398926
0.2674581706523895
0.8567616939544678
0.676673948764801
0.4394422769546509
0.7562167048454285
0.2772913873195648
0.3495227098464966
0.11719392240047455
0.5344899892807007
0.48667123913764954
0.16305580735206604
0.3607237935066223
0.3600144386291504
0.17165128886699677
0.9880309700965881
0.4230469763278961
0.8439393043518066
0.5754987597465515
0.40863165259361267
0.8080468773841858
0.3834174871444702
0.46236735582351685
0.10547841340303421
0.003212515264749527
0.17698994278907776
0.6097967028617859
0.03424769639968872
0.026475919410586357
0.341794490814209
0.41393741965293884
0.4416251480579376
0.09625974297523499
0.384687602519989
0.09264931827783585
0.5911686420440674
0.32137331366539
0.40099966526031494
0.9413350224494934
0.935672402381897
0.5962203741073608
0.3287205696105957
0.7820786833763123
0.34224942326545715
0.20949669182300568
0.8601243495941162
0.7362238764762878
0.6658115386962891
0.2574327290058136
0.31885749101638794
0.8742274045944214
0.24560114741325378
0.6070178151130676
0.9455983638763428
0.3455548882484436
0.6051015853881836
0.7778966426849365
0.9585930705070496
0.1770724654197693
0.21314820647239685
0.6194058656692505
0.774997889995575
0.5842181444168091
0.07244772464036942
0.8102982044219971
0.7258164882659912
0.8837530016899109
0.34244832396507263
0.3854424059391022
0.15103518962860107
0.6251634359359741
0.5903810262680054
0.07878487557172775
0.2799637019634247
0.8588694334030151
0.5407187342643738
0.33420097827911377
0.13658250868320465
0.8215183019638062
0.11349489539861679
0.5101589560508728
0.7471314668655396
0.15587599575519562
0.10482388734817505
0.7660388350486755
0.5314094424247742
0.08387789130210876
0.12436196953058243
0.799543023109436
0.21521314978599548
0.08798279613256454
0.6999778151512146
0.16198374330997467
0.5493297576904297
0.26275354623794556
0.917683482170105
0.2341214418411255
0.8618757128715515
0.027157394215464592
0.955597460269928
0.4676250219345093
0.8823781609535217
0.6500224471092224
0.14460991322994232
0.8365563154220581
0.1530279517173767
0.23167894780635834
0.6526833176612854
0.7084038257598877
0.07477202266454697
0.7130809426307678
0.6419141888618469
0.8994412422180176
0.5119516253471375
0.7980441451072693
0.6895511746406555
0.1578788012266159
0.8195765614509583
0.5449728965759277
0.6510795950889587
0.7894690632820129
0.8116801977157593
0.7061723470687866
0.3986683487892151
0.23823627829551697
0.8101865649223328
0.6873489022254944
0.059303101152181625
0.618481457233429
0.6280367970466614
0.2653990685939789
0.8522520661354065
0.417219340801239
0.11156724393367767
0.6638215184211731
0.16120335459709167
0.4381638467311859
0.060058992356061935
0.8784134387969971
0.8946224451065063
0.5946136116981506
0.32744356989860535
0.16059984266757965
0.5410049557685852
0.824400782585144
0.6115723848342896
0.3828390836715698
0.10366396605968475
0.6980226039886475
0.03478298708796501
0.42087724804878235
0.023670855909585953
0.1764904260635376
0.6152671575546265
0.9524514079093933
0.6687536835670471
0.8392623662948608
0.9829692244529724
0.5534266233444214
0.7269682884216309
0.007843592204153538
0.47971776127815247
0.9249411821365356
0.869909942150116
0.22585824131965637
0.8509652614593506
0.20003244280815125
0.844304084777832
0.5818840861320496
0.8125776052474976
0.6625714302062988
0.9693077206611633
0.00925244390964508
0.457793265581131
0.6423259377479553
0.420587956905365
0.24101221561431885
0.8794552683830261
0.39473336935043335
0.743566632270813
0.360178679227829
0.956923246383667
0.3538905084133148
0.6441056132316589
0.048455946147441864
0.22593025863170624
0.14371757209300995
0.7946465611457825
0.10330278426408768
0.5303856730461121
0.6151779890060425
0.12880590558052063
0.11313048750162125
0.9938536882400513
0.6784785985946655
0.12864179909229279
0.37409132719039917
0.25084739923477173
0.11778730154037476
0.07529742270708084
0.975131630897522
0.7667878270149231
0.02036038599908352
0.6785428524017334
0.4863244295120239
0.38087978959083557
0.5443074107170105
0.6381005644798279
0.07599268853664398
0.31154391169548035
0.688542366027832
0.2672615349292755
0.13299208879470825
0.7081027626991272
0.25675585865974426
0.05199802294373512
0.7624688744544983
0.19155722856521606
0.22562402486801147
0.1561480462551117
0.37851905822753906
0.6309496760368347
0.11619986593723297
0.43727585673332214
0.854708194732666
0.8754223585128784
0.7186834812164307
0.10817459225654602
0.9729093909263611
0.38869866728782654
0.4858747720718384
0.003408591728657484
0.3090350925922394
0.8012837171554565
0.2941085994243622
0.5180040597915649
0.25872644782066345
0.2292902171611786
0.30184370279312134
0.6449564099311829
0.07667993754148483
0.2031097561120987
0.47206205129623413
0.7675712704658508
0.18092581629753113
0.46780839562416077
0.5736898183822632
0.23246262967586517
0.3778282105922699
0.043074000626802444
0.9345934391021729
0.8829439282417297
0.1330493539571762
0.6945506930351257
0.5861862897872925
0.05671575292944908
0.39574241638183594
0.30639785528182983
0.43199050426483154
0.9794337749481201
0.0554378516972065
0.3697030544281006
0.6715202927589417
0.7861417531967163
0.30983978509902954
0.866736114025116
0.9707676768302917
0.4804077446460724
0.6660409569740295
0.43440669775009155
0.7087135910987854
0.09947121143341064
0.5509172081947327
0.4176611602306366
0.010223950259387493
0.41948920488357544
0.41816508769989014
0.8209142684936523
0.8671844005584717
0.48276087641716003
0.35082894563674927
0.1752638965845108
0.936510443687439
0.9354474544525146
0.9920687079429626
0.3341544270515442
0.8173189759254456
0.5267483592033386
0.11393836885690689
0.7017289996147156
0.7925640940666199
0.5600662231445312
0.4708380103111267
0.9926578998565674
0.836902379989624
0.4966317117214203
0.027574924752116203
0.37215253710746765
0.9798634648323059
0.5980534553527832
0.4642506241798401
0.2834949195384979
0.782442033290863
0.5247387290000916
0.5399158000946045
0.5993244647979736
0.34351974725723267
0.060903389006853104
0.7600817084312439
0.34552904963493347
0.7976397275924683
0.2944405972957611
0.6723687052726746
0.18527646362781525
0.34651291370391846
0.7694492936134338
0.5356847047805786
0.9456554651260376
0.21589896082878113
0.014854127541184425
0.5424283742904663
0.1876814365386963
0.04678681120276451
0.46050354838371277
0.58720463514328
0.19887866079807281
0.034819286316633224
0.36093956232070923
0.6265090703964233
0.9327205419540405
0.26632094383239746
0.7250670194625854
0.7680562734603882
0.5924777388572693
0.9894787669181824
0.07290244847536087
0.2735537588596344
0.9653629064559937
0.6789498925209045
0.007129623554646969
0.06238172948360443
0.1381254643201828
0.8062204122543335
0.3467474579811096
0.9981241226196289
0.230252206325531
0.018434669822454453
0.20589834451675415
0.1868753433227539
0.9209672212600708
0.7668536901473999
0.5803062319755554
0.09561511129140854
0.8432458639144897
0.7682462930679321
0.8233616352081299
0.049819327890872955
0.24668727815151215
0.7601971626281738
0.8114346861839294
0.718545138835907
0.14655792713165283
0.41532814502716064
0.9328345656394958
0.29376694560050964
0.7986385226249695
0.49966201186180115
0.17958836257457733
0.41847434639930725
0.7672932147979736
0.11944960802793503
0.637062668800354
0.6833494901657104
0.22564363479614258
0.21725434064865112
0.11080591380596161
0.9654268026351929
0.04861213639378548
0.3754124939441681
0.1414777636528015
0.37698736786842346
0.16291353106498718
0.5095993876457214
0.7352420687675476
0.6649285554885864
0.8214727640151978
0.23265713453292847
0.4638949930667877
0.4987166225910187
0.7023734450340271
0.10417945683002472
0.9147205352783203
0.4714429974555969
0.3965916335582733
0.5855651497840881
0.28269168734550476
0.7895596027374268
0.6200845241546631
0.9557265639305115
0.5055672526359558
0.3317824602127075
0.12465935200452805
0.34283000230789185
0.23273688554763794
0.7279336452484131
0.4356023073196411
0.8711909055709839
0.838742733001709
0.2677172124385834
0.575374960899353
0.31947505474090576
0.23238080739974976
0.3437625765800476
0.9414787292480469
0.5711111426353455
0.5174087882041931
0.34913966059684753
0.7958228588104248
0.8822631239891052
0.5636041760444641
0.7150885462760925
0.3383277952671051
0.6372087597846985
0.00675191218033433
0.5740238428115845
0.5280186533927917
0.34442654252052307
0.1495434194803238
0.30591076612472534
0.1465001106262207
0.7862148284912109
0.24344876408576965
0.7789735794067383
0.5657597184181213
0.15156367421150208
0.20950521528720856
0.6307587623596191
0.06220325827598572
0.9147486686706543
0.851779043674469
0.6512583494186401
0.6964461207389832
0.04301539435982704
0.251808762550354
0.8042762875556946
0.12484217435121536
0.5476475954055786
0.035197995603084564
0.8106415271759033
0.7374436855316162
0.021095311269164085
0.7709836959838867
0.008965110406279564
0.7860649824142456
0.6316239237785339
0.4046599864959717
0.6253517866134644
0.07220903784036636
0.586015522480011
0.07142641395330429
0.3860044479370117
0.24852852523326874
0.4797588884830475
0.3358931839466095
0.8862223625183105
0.6919077038764954
0.5348173379898071
0.8002796173095703
0.34035539627075195
0.6837480068206787
0.07114951312541962
0.7846328616142273
0.30751344561576843
0.6936284899711609
0.013975792564451694
0.7068575620651245
0.62934410572052
0.3022603392601013
0.021291458979249
0.21194837987422943
0.22245928645133972
0.26101183891296387
0.6859338283538818
0.6738308072090149
0.002205748576670885
0.4172811508178711
0.7379719018936157
0.16562384366989136
0.7407903075218201
0.08567787706851959
0.2509535849094391
0.40914976596832275
0.5317552089691162
0.6225109100341797
0.24202485382556915
0.19583295285701752
0.3933165967464447
0.027686119079589844
0.6153936386108398
0.0922248587012291
0.8099959492683411
0.9760223031044006
0.4982872009277344
0.22583574056625366
0.7838974595069885
0.638373613357544
0.2645364999771118
0.3207903206348419
0.5692406892776489
0.7225176692008972
0.04597506299614906
0.07390973716974258
0.7411329746246338
0.502453625202179
0.01304082665592432
0.4988746643066406
0.0020332292187958956
0.21630510687828064
0.3544734716415405
0.10463086515665054
0.45975345373153687
0.5174639821052551
0.04037957265973091
0.1566036492586136
0.7315515279769897
0.7091137766838074
0.4429715871810913
0.42222994565963745
0.32901883125305176
0.965579092502594
0.9833731651306152
0.3420310914516449
0.9920759797096252
0.7035283446311951
0.8366763591766357
0.13568134605884552
0.9796597361564636
0.7517166137695312
0.6867849826812744
0.45822304487228394
0.33323583006858826
0.27987366914749146
0.12170016765594482
0.42151185870170593
0.10165571421384811
0.5302333235740662
0.8487852811813354
0.1341811716556549
0.9009379744529724
0.9327741265296936
0.8466960191726685
0.3321531414985657
0.5701017379760742
0.4725661873817444
0.2015131413936615
0.25245586037635803
0.7055187225341797
0.9544569849967957
0.9033975601196289
0.1621144413948059
0.4943331480026245
0.1865077167749405
0.5483880639076233
0.579888105392456
0.029205862432718277
0.766213595867157
0.8707678914070129
0.010688917711377144
0.9361545443534851
0.030979368835687637
0.4118833839893341
0.23677317798137665
0.017972758039832115
0.8826109766960144
0.7155168056488037
0.1950930953025818
0.7756251096725464
0.7429162263870239
0.18477948009967804
0.4747852087020874
0.488044798374176
0.2535403072834015
0.36415165662765503
0.7991764545440674
0.31150200963020325
0.3668016493320465
0.11161503195762634
0.6902628540992737
0.23894473910331726
0.7235820889472961
0.9634877443313599
0.7132218480110168
0.7430019974708557
0.7374123930931091
0.7894569635391235
0.9297351241111755
0.37897470593452454
0.16628046333789825
0.6050953269004822
0.9099876284599304
0.7555232048034668
0.07489588856697083
0.5840907692909241
0.07649823278188705
0.25446534156799316
0.3144999146461487
0.2914081811904907
0.41006848216056824
0.8481751680374146
0.056715842336416245
0.024167776107788086
0.01090964488685131
0.4887371063232422
0.003012582892552018
0.5006707310676575
0.8713918328285217
0.352193146944046
0.8599010705947876
0.2549797296524048
0.6591073274612427
0.1482885777950287
0.37699344754219055
0.48224425315856934
0.8446153998374939
0.8771753311157227
0.7871375679969788
0.5796364545822144
0.9232780337333679
0.9723124504089355
0.41975146532058716
0.6055185794830322
0.7210241556167603
0.4584605395793915
0.7298876047134399
0.7371696829795837
0.30953744053840637
0.26340803503990173
0.08673114329576492
0.5120495557785034
0.10058485716581345
0.34598416090011597
0.16979382932186127
0.8448787927627563
0.7082065939903259
0.8150004148483276
0.8847804665565491
0.8842074275016785
0.16026993095874786
0.13691574335098267
0.16938576102256775
0.5544018149375916
0.6244120597839355
0.9134485125541687
0.05389383062720299
0.9845999479293823
0.6798338294029236
0.5784841179847717
0.44732171297073364
0.9933786988258362
0.377063125371933
0.9329290390014648
0.46965357661247253
0.701032817363739
0.2531234323978424
0.5821329951286316
0.6110878586769104
0.9300998449325562
0.3288169205188751
0.0692487433552742
0.6907414793968201
0.07786045968532562
0.2816719710826874
0.6264439821243286
0.14223001897335052
0.7598055005073547
0.8643120527267456
0.9011586308479309
0.022101882845163345
0.7595627307891846
0.22982190549373627
0.6467700004577637
0.8429870009422302
0.6522471308708191
0.40061137080192566
0.5762850642204285
0.7184398174285889
0.06091168150305748
0.9654923677444458
0.546815812587738
0.4705926775932312
0.2093188762664795
0.04118200019001961
0.96670001745224
0.1029403805732727
0.8205363154411316
0.9775562286376953
0.8784064650535583
0.771281898021698
0.4031623899936676
0.05814720317721367
0.6239655017852783
0.3628798723220825
0.655941903591156
0.41445687413215637
0.27928459644317627
0.7916294932365417
0.3352225720882416
0.5802292823791504
0.37094295024871826
0.2812013030052185
0.28764280676841736
0.762664258480072
0.6292722225189209
0.2713913023471832
0.5225021839141846
0.4917489290237427
0.6254607439041138
0.14714476466178894
0.7381018996238708
0.6287549138069153
0.32553353905677795
0.31636467576026917
0.953147828578949
0.9421714544296265
0.3995400071144104
0.9758646488189697
0.7218031883239746
0.8626176118850708
0.08438149839639664
0.045692745596170425
0.9616434574127197
0.5711260437965393
0.1979358047246933
0.7187774181365967
0.7817137837409973
0.16132263839244843
0.028440523892641068
0.6667605638504028
0.5918353199958801
0.05631545931100845
0.8218346238136292
0.4292769730091095
0.762986421585083
0.9988467693328857
0.5401528477668762
0.5755819082260132
0.7452647686004639
0.5686357021331787
0.6814619302749634
0.39554181694984436
0.9323816895484924
0.8452143669128418
0.5241092443466187
0.14243240654468536
0.40085774660110474
0.7747328877449036
0.7294615507125854
0.1248927116394043
0.7018986344337463
0.45451876521110535
0.7849116921424866
0.009760629385709763
0.2652652859687805
0.294597864151001
0.7923436760902405
0.7687181830406189
0.7308077216148376
0.1893877238035202
0.48488324880599976
0.35751834511756897
0.7131116986274719
0.43350306153297424
0.3665677309036255
0.4163580536842346
0.8941064476966858
0.24720272421836853
0.9014498591423035
0.8660001754760742
0.3784470558166504
0.8048779368400574
0.5555492639541626
0.6130343675613403
0.7037128210067749
0.3717069625854492
0.539898157119751
0.319976806640625
0.5240699052810669
0.6560267806053162
0.17841504514217377
0.3339928984642029
0.6985107660293579
0.5810050368309021
0.6088773608207703
0.9455541372299194
0.49684756994247437
0.01946045272052288
0.45350778102874756
0.03656488656997681
0.8434149026870728
0.5470906496047974
0.6789319515228271
0.482742041349411
0.6855848431587219
0.3131767809391022
0.020501824095845222
0.8125791549682617
0.2527696192264557
0.40613454580307007
0.5955688953399658
0.3373863399028778
0.8138827085494995
0.21474534273147583
0.363657683134079
0.11463183909654617
0.2284369319677353
0.09349522739648819
0.4266227185726166
0.2944157123565674
0.946619987487793
0.7324694395065308
0.7396365404129028
0.5961399674415588
0.11214104294776917
0.6639332175254822
0.006838509347289801
0.08516731858253479
0.1618773341178894
0.112877257168293
0.348166823387146
0.36992698907852173
0.3522343039512634
0.3663569390773773
0.43506065011024475
0.37285634875297546
0.4743054211139679
0.0817190557718277
0.4660604000091553
0.3606703579425812
0.30948734283447266
0.2228422611951828
0.9596052765846252
0.7981036305427551
0.9182528853416443
0.24712254106998444
0.4101235866546631
0.7969343066215515
0.42123010754585266
0.3709643483161926
0.11712846159934998
0.3764282464981079
0.8847973942756653
0.8024375438690186
0.7236799597740173
0.34457841515541077
0.5956479907035828
0.5262958407402039
0.24015364050865173
0.3911053240299225
0.7272273302078247
0.680851936340332
0.7179926633834839
0.3263772428035736
0.41108155250549316
0.9690373539924622
0.249753937125206
0.38978514075279236
0.07736438512802124
0.6626550555229187
0.03578472137451172
0.9492401480674744
0.09301864355802536
0.07929230481386185
0.17069777846336365
0.8780853748321533
0.6134958267211914
0.25841304659843445
0.6605827212333679
0.820501983165741
0.42053064703941345
0.620598316192627
0.10315226018428802
0.4059031903743744
0.21638043224811554
0.17214687168598175
0.8226444125175476
0.7282219529151917
0.5222377777099609
0.6083730459213257
0.9341957569122314
0.648613452911377
0.3799770474433899
0.1138434112071991
0.17438805103302002
0.6070157885551453
0.4912789762020111
0.16707845032215118
0.4693305194377899
0.9977272152900696
0.48585301637649536
0.0012646432733163238
0.021438181400299072
0.8092941045761108
0.8781769275665283
0.9683067202568054
0.1176789402961731
0.37899091839790344
0.967778742313385
0.494024395942688
0.6802858114242554
0.8540533781051636
0.10510873049497604
0.7250664234161377
0.7523019909858704
0.3805837333202362
0.9423092603683472
0.5790462493896484
0.4906871020793915
0.33841583132743835
0.578162431716919
0.5720837712287903
0.4653547704219818
0.3260791301727295
0.8927279710769653
0.9160580635070801
0.44424551725387573
0.47170767188072205
0.21010158956050873
0.29100632667541504
0.709339439868927
0.06048508733510971
0.34508389234542847
0.6889305710792542
0.3579956293106079
0.8105244040489197
0.4041316509246826
0.6183309555053711
0.33511146903038025
0.8625021576881409
0.9074916243553162
0.1734774112701416
0.6293253302574158
0.2329268604516983
0.895163893699646
0.46772512793540955
0.24376584589481354
0.06519243866205215
0.8564973473548889
0.7479195594787598
0.6602537035942078
0.6133126020431519
0.9961525201797485
0.5923536419868469
0.871044933795929
0.2758938670158386
0.2510710656642914
0.4952717423439026
0.27556583285331726
0.028503622859716415
0.13583946228027344
0.8155475854873657
0.44962552189826965
0.15897341072559357
0.8161814212799072
0.8424301743507385
0.08250635862350464
0.37868648767471313
0.18082843720912933
0.19989131391048431
0.5242445468902588
0.6384860873222351
0.6661887168884277
0.9839189052581787
0.738864541053772
0.9053964018821716
0.5554368495941162
0.29987454414367676
0.14759373664855957
0.007180223241448402
0.37123703956604004
0.4335915446281433
0.2806163728237152
0.38501784205436707
0.3145841956138611
0.5973976254463196
0.7318658828735352
0.09154350310564041
0.9542120695114136
0.21019475162029266
0.9385434985160828
0.05077873170375824
0.17831923067569733
0.797661304473877
0.43926802277565
0.6860737204551697
0.4704709053039551
0.7562406063079834
0.08294007927179337
0.8044629693031311
0.7135698795318604
0.11066146939992905
0.2710634469985962
0.9323407411575317
0.855548620223999
0.9448250532150269
0.22799740731716156
0.515418291091919
0.7603287696838379
0.0720837265253067
0.14927938580513
0.6636236310005188
0.9444481134414673
0.050309713929891586
0.26305368542671204
0.9398655295372009
0.9819986820220947
0.09211412817239761
0.5086159706115723
0.6375340223312378
0.8671920895576477
0.7513694167137146
0.769666314125061
0.8117349147796631
0.6477925181388855
0.20504175126552582
0.34958767890930176
0.7503833174705505
0.8069654107093811
0.22402630746364594
0.5009583830833435
0.12998217344284058
0.18860232830047607
0.4751724302768707
0.27703869342803955
0.6412806510925293
0.6881961822509766
0.48320046067237854
0.11644357442855835
0.5371373891830444
0.2487662434577942
0.09346633404493332
0.4936673939228058
0.8244991898536682
0.03803975135087967
0.8381500840187073
0.7223336696624756
0.5070419311523438
0.4729383885860443
0.7263941764831543
0.03599979355931282
0.6656292080879211
0.760033369064331
0.050517912954092026
0.6135312914848328
0.4276006817817688
0.9885361194610596
0.6532076001167297
0.18954046070575714
0.23544621467590332
0.9542674422264099
0.09163748472929001
0.11531500518321991
0.34003275632858276
0.42586031556129456
0.3362249732017517
0.8874040842056274
0.7569208145141602
0.1569848507642746
0.5683746933937073
0.5700846910476685
0.2623791992664337
0.11840017139911652
0.3250829875469208
0.4883975386619568
0.9496224522590637
0.17780013382434845
0.7731159329414368
0.6946242451667786
0.7374334335327148
0.8849254250526428
0.6036635637283325
0.10052262991666794
0.11141636967658997
0.3001765310764313
0.041562650352716446
0.3799322843551636
0.31531229615211487
0.14167127013206482
0.143415629863739
0.276551216840744
0.7849817872047424
0.2139209657907486
0.9900089502334595
0.493341863155365
0.9225336313247681
0.4413774013519287
0.507038950920105
0.6090883016586304
0.30318930745124817
0.2607267200946808
0.5094298124313354
0.9297341704368591
0.4514736235141754
0.021434182301163673
0.21609310805797577
0.9367566108703613
0.8781740665435791
0.95970219373703
0.5399037599563599
0.5401793122291565
0.8518473505973816
0.1417722851037979
0.7948923110961914
0.6834595799446106
0.8745657205581665
0.9656288623809814
0.5729901194572449
0.969989001750946
0.5553882122039795
0.19099287688732147
0.32662010192871094
0.48099443316459656
0.2930709421634674
0.8446990847587585
0.8168448805809021
0.6176408529281616
0.08884137123823166
0.04277508705854416
0.005855572409927845
0.23604142665863037
0.7600405812263489
0.5973573923110962
0.2649664878845215
0.5554957985877991
0.4704051613807678
0.7238260507583618
0.5304849743843079
0.46516141295433044
0.37458735704421997
0.6779170036315918
0.6397294402122498
0.41487303376197815
0.7699218392372131
0.5598191022872925
0.773506224155426
0.5591898560523987
0.2793096899986267
0.3256063461303711
0.3181600570678711
0.9263718128204346
0.11615660786628723
0.5514294505119324
0.44748416543006897
0.8316032290458679
0.813962459564209
0.23349715769290924
0.16174301505088806
0.2571723759174347
0.2320604920387268
0.933228611946106
0.35144516825675964
0.5955026149749756
0.46587735414505005
0.28158921003341675
0.28655967116355896
0.4168492555618286
0.7450997829437256
0.21817995607852936
0.8706001043319702
0.8783776164054871
0.9915838241577148
0.9577316045761108
0.3307676613330841
0.8984388709068298
0.2995721995830536
0.9949787855148315
0.9583237767219543
0.9407697916030884
0.9854072332382202
0.5487614274024963
0.0559791661798954
0.39867597818374634
0.16129076480865479
0.7544674277305603
0.2305293083190918
0.9111553430557251
0.5078984498977661
0.5144297480583191
0.13893234729766846
0.45350053906440735
0.16182467341423035
0.27995720505714417
0.5582857728004456
0.7749142646789551
0.8097087740898132
0.010959632694721222
0.7732025384902954
0.7179920077323914
0.7818944454193115
0.5323944091796875
0.0034789296332746744
0.28452858328819275
0.17343544960021973
0.5739457011222839
0.4343150556087494
0.8559332489967346
0.8680542707443237
0.18236985802650452
0.2137940675020218
0.48573893308639526
0.7564713954925537
0.3347233831882477
0.9975429177284241
0.2854103147983551
0.8957213163375854
0.38348984718322754
0.18452085554599762
0.10514006018638611
0.4446142017841339
0.8338416814804077
0.05477051064372063
0.6358175277709961
0.3516623079776764
0.5197736620903015
0.0931795984506607
0.22261422872543335
0.06022080406546593
0.7881228923797607
0.5239126682281494
0.10713937878608704
0.9844799637794495
0.6681481599807739
0.984618067741394
0.02187502197921276
0.8102695345878601
0.010534283705055714
0.29129040241241455
0.8418192267417908
0.33462417125701904
0.39395153522491455
0.47975292801856995
0.3552546203136444
0.2763923108577728
0.3844241499900818
0.39440879225730896
0.6447429656982422
0.09292091429233551
0.27998867630958557
0.698840320110321
0.9493396878242493
0.5875210762023926
0.936734139919281
0.8277649879455566
0.5373660922050476
0.41777127981185913
0.3436362147331238
0.7576526403427124
0.1268761307001114
0.06505748629570007
0.3800867795944214
0.10737726092338562
0.24648699164390564
0.903386652469635
0.27247804403305054
0.4657638669013977
0.2870580852031708
0.664516270160675
0.5797091722488403
0.4110073447227478
0.023720653727650642
0.5212969779968262
0.6802677512168884
0.7301638126373291
0.9029780626296997
0.2370915561914444
0.31784960627555847
0.2381976693868637
0.6641249060630798
0.8157070875167847
0.08420078456401825
0.20772598683834076
0.08290865272283554
0.31648436188697815
0.819007158279419
0.31688806414604187
0.7076590657234192
0.05129653587937355
0.5429105162620544
0.5574268102645874
0.6736829876899719
0.44121357798576355
0.7298846244812012
0.6188085079193115
0.6098906397819519
0.5110961198806763
0.7667267918586731
0.004203236661851406
0.17898817360401154
0.6350165009498596
0.6791924238204956
0.5464950799942017
0.7433198690414429
0.3211037218570709
0.9904379844665527
0.8748220801353455
0.8553910851478577
0.7449285387992859
0.13248850405216217
0.02796984650194645
0.7584453821182251
0.40382495522499084
0.753243088722229
0.12539321184158325
0.3137427270412445
0.042565371841192245
0.656455397605896
0.4793970286846161
0.6702457666397095
0.3228250741958618
0.5295117497444153
0.04971054196357727
0.06995995342731476
0.8866136074066162
0.11949894577264786
0.5463322997093201
0.501954972743988
0.7287344336509705
0.1438441127538681
0.02223140187561512
0.7543743252754211
0.17572033405303955
0.9745724201202393
0.01499241590499878
0.4207131564617157
0.7577908039093018
0.830377995967865
0.9417277574539185
0.2592966854572296
0.9108958840370178
0.500007688999176
0.23588213324546814
0.497530460357666
0.8549681305885315
0.6038398742675781
0.5646199584007263
0.7558906674385071
0.25481361150741577
0.8044586181640625
0.42759788036346436
0.9835476875305176
0.6275842785835266
0.1972692608833313
0.0011886912398040295
0.6700007915496826
0.8266314268112183
0.9752716422080994
0.4531610608100891
0.975024402141571
0.0910978615283966
0.27815788984298706
0.7588978409767151
0.5931638479232788
0.23533327877521515
0.4718233048915863
0.5781235098838806
0.3453045189380646
0.6441876888275146
0.5394638776779175
0.7993416786193848
0.5824149250984192
0.7651551961898804
0.833829402923584
0.23903211951255798
0.9164988398551941
0.711054265499115
0.6791316866874695
0.8759351372718811
0.7646352052688599
0.8294797539710999
0.8130001425743103
0.8311216831207275
0.012208809144794941
0.1729326844215393
0.9249805808067322
0.2469072937965393
0.4178363084793091
0.5108790397644043
0.9195119738578796
0.342864453792572
0.9246118068695068
0.8817949295043945
0.31246381998062134
0.1954798698425293
0.5391472578048706
0.02964816614985466
0.8343535661697388
0.13650251924991608
0.6580778956413269
0.807153046131134
0.07981346547603607
0.7218282222747803
0.05155981332063675
0.16967467963695526
0.7432019114494324
0.6356844902038574
0.028773169964551926
0.10680621862411499
0.6492513418197632
0.956462025642395
0.5230990648269653
0.4022715985774994
0.8856320977210999
0.22746329009532928
0.049712538719177246
0.7370495200157166
0.3693910539150238
0.752403974533081
0.9915760159492493
0.9641565680503845
0.8418564796447754
0.7447060942649841
0.012933311052620411
0.5664427280426025
0.7625687122344971
0.19220003485679626
0.3050437867641449
0.8107942938804626
0.036378249526023865
0.5755891799926758
0.6098739504814148
0.677567720413208
0.6603758931159973
0.43312716484069824
0.8115217089653015
0.9140682816505432
0.8969706892967224
0.28238096833229065
0.9101274013519287
0.285855770111084
0.11065535247325897
0.5756656527519226
0.19721604883670807
0.7897195816040039
0.5745086669921875
0.051484111696481705
0.11472653597593307
0.2587612569332123
0.6983959674835205
0.07786960899829865
0.5035050511360168
0.8725486397743225
0.8490139842033386
0.3258848786354065
0.189034566283226
0.06995117664337158
0.4769165813922882
0.45225006341934204
0.6019538640975952
0.9416587352752686
0.22778470814228058
0.5504090785980225
0.6988163590431213
0.8259629011154175
0.418849915266037
0.3216117322444916
0.07654299587011337
0.4209030568599701
0.33122289180755615
0.39607635140419006
0.5860893726348877
0.8850916028022766
0.7082144618034363
0.7147336602210999
0.03737468272447586
0.34004515409469604
0.7358055114746094
0.20550143718719482
0.6893620491027832
0.029860952869057655
0.7455247044563293
0.7633293271064758
0.9232831597328186
0.5407326221466064
0.6768807768821716
0.9095595479011536
0.6588678956031799
0.3314734995365143
0.055727601051330566
0.33595722913742065
0.09139806777238846
0.339314341545105
0.6211358904838562
0.8376511335372925
0.9685656428337097
0.649181067943573
0.9352394342422485
0.3589653968811035
0.5258468985557556
0.539245069026947
0.6943848729133606
0.9914262294769287
0.9164332747459412
0.14940953254699707
0.7124730348587036
0.22136379778385162
0.5400545001029968
0.35596105456352234
0.9544869065284729
0.42298662662506104
0.7157581448554993
0.39141109585762024
0.25922587513923645
0.9126839637756348
0.36884552240371704
0.3122696280479431
0.43023109436035156
0.6778101921081543
0.36266544461250305
0.24034079909324646
0.41353893280029297
0.9572988748550415
0.30888181924819946
0.8822654485702515
0.7495167255401611
0.09417020529508591
0.6705886125564575
0.7716379165649414
0.1447933465242386
0.44792282581329346
0.38954928517341614
0.358599454164505
0.5139602422714233
0.668832540512085
0.5376652479171753
0.7464643716812134
0.9793262481689453
0.9105138778686523
0.19159908592700958
0.008859853260219097
0.3462425470352173
0.3683994710445404
0.7383607625961304
0.26448825001716614
0.6666355133056641
0.5290156006813049
0.7940055131912231
0.20202645659446716
0.5194408893585205
0.22663350403308868
0.7716638445854187
0.5547038912773132
0.21605528891086578
0.6990640759468079
0.4813860356807709
0.9090726971626282
0.5588499903678894
0.09992269426584244
0.4208603501319885
0.8905633091926575
0.16373223066329956
0.03598897531628609
0.6903154253959656
0.9160821437835693
0.0239645317196846
0.8062359094619751
0.23443694412708282
0.7021681070327759
0.7926753759384155
0.10752350836992264
0.24480053782463074
0.9145070910453796
0.18270663917064667
0.4157896637916565
0.9112385511398315
0.1110149547457695
0.08880738168954849
0.1065821424126625
0.49234455823898315
0.5928647518157959
0.06624098122119904
0.7567179203033447
0.1823732554912567
0.814231276512146
0.05577224865555763
0.22630523145198822
0.09001602977514267
0.2493869811296463
0.010336607694625854
0.9248389601707458
0.19203777611255646
0.5935227870941162
0.3199724555015564
0.27969303727149963
0.903934895992279
0.9443898797035217
0.5833204984664917
0.7111669778823853
0.23710320889949799
0.3125321865081787
0.3642145097255707
0.10824780911207199
0.5024587512016296
0.4146572947502136
0.2552926242351532
0.8419446349143982
0.6257340908050537
0.8162930011749268
0.12082783877849579
0.1462821215391159
0.23238642513751984
0.3610537648200989
0.8222495913505554
0.38048508763313293
0.49619215726852417
0.0894375741481781
0.9802868962287903
0.2525854706764221
0.11696042120456696
0.4679047763347626
0.4643222987651825
0.2889355421066284
0.9317294955253601
0.2668481469154358
0.7044776678085327
0.4384574890136719
0.8106725215911865
0.37108510732650757
0.7124388217926025
0.14602988958358765
0.577182412147522
0.354305237531662
0.3342767357826233
0.452132910490036
0.11758089065551758
0.1345980316400528
0.7220555543899536
0.11363759636878967
0.8600418567657471
0.8193111419677734
0.9539183974266052
0.7190720438957214
0.2277965396642685
0.04987865313887596
0.3009825646877289
0.4049144685268402
0.532965898513794
0.47514623403549194
0.9509446620941162
0.8024791479110718
0.25441139936447144
0.668595552444458
0.7727424502372742
0.5092411041259766
0.532871663570404
0.4513044059276581
0.2860088050365448
0.9914638996124268
0.7884307503700256
0.278414249420166
0.7905856370925903
0.9999253749847412
0.6946201920509338
0.5695459246635437
0.27906543016433716
0.15644514560699463
0.16382178664207458
0.5990156531333923
0.32013460993766785
0.1504395455121994
0.312004029750824
0.7071411609649658
0.6651155948638916
0.7635158896446228
0.22805841267108917
0.1862524449825287
0.6736830472946167
0.5427320003509521
0.7403541803359985
0.32998034358024597
0.7259541153907776
0.7760841846466064
0.8008089065551758
0.8825603723526001
0.2939841151237488
0.20002418756484985
0.5945785045623779
0.6362648010253906
0.7219381332397461
0.6431235074996948
0.44818979501724243
0.2606249153614044
0.7841247320175171
0.9165322780609131
0.5292165279388428
0.04426661133766174
0.599764883518219
0.434065043926239
0.219027578830719
0.1256946474313736
0.9227617979049683
0.04630118981003761
0.6950311064720154
0.6192202568054199
0.17164866626262665
0.999340832233429
0.32318535447120667
0.009722243994474411
0.9760652780532837
0.07794918119907379
0.5652093291282654
0.24823623895645142
0.06408397108316422
0.9857425093650818
0.32760927081108093
0.15732093155384064
0.9808850288391113
0.6876461505889893
0.22004911303520203
0.13912884891033173
0.5515468120574951
0.22509481012821198
0.603508472442627
0.10371019691228867
0.6256152987480164
0.5526934862136841
0.2745746970176697
0.3149215877056122
0.9904024004936218
0.6641383171081543
0.6732213497161865
0.3231666386127472
0.895069420337677
0.23398122191429138
0.4448315501213074
0.10740051418542862
0.8639431595802307
0.5248737931251526
0.4787302315235138
0.712827205657959
0.7796988487243652
0.9475489854812622
0.6747678518295288
0.9180988073348999
0.43050700426101685
0.7933053970336914
0.17747631669044495
0.4623566269874573
0.2982728183269501
0.20337118208408356
0.2080162912607193
0.04518091306090355
0.705001950263977
0.8596065044403076
0.5729336142539978
0.38752228021621704
0.3689758777618408
0.9633598923683167
0.8560345768928528
0.8283634185791016
0.9979082345962524
0.9206683039665222
0.6354204416275024
0.9264814853668213
0.11591842025518417
0.018174197524785995
0.5293906331062317
0.5132059454917908
0.06680117547512054
0.05846663936972618
0.17916707694530487
0.552505612373352
0.8794147372245789
0.5598969459533691
0.3189699649810791
0.11233505606651306
0.3234674632549286
0.9424917101860046
0.5394607186317444
0.6386827826499939
0.6648839116096497
0.4152609705924988
0.5813213586807251
0.7239705920219421
0.8007637858390808
0.9843133091926575
0.913537859916687
0.8013577461242676
0.5988196134567261
0.9011093974113464
0.9511560201644897
0.549506425857544
0.527586042881012
0.6894326210021973
0.12534107267856598
0.7998066544532776
0.26188603043556213
0.5705606937408447
0.6635581254959106
0.9844273328781128
0.5102169513702393
0.36769750714302063
0.6939778923988342
0.6825428605079651
0.12907959520816803
0.40502628684043884
0.08605863898992538
0.20660091936588287
0.20523196458816528
0.7503345012664795
0.8042633533477783
0.29350146651268005
0.6240382790565491
0.07662580162286758
0.5965343713760376
0.6476596593856812
0.010854281485080719
0.003506694221869111
0.010390596464276314
0.10716363787651062
0.794246256351471
0.18634338676929474
0.43272852897644043
0.847227156162262
0.8106029629707336
0.8252508044242859
0.6613218188285828
0.3652523159980774
0.10925980657339096
0.8649482131004333
0.2012237012386322
0.19551388919353485
0.11160408705472946
0.3101038336753845
0.21584652364253998
0.830545961856842
0.325483500957489
0.7062962651252747
0.8558724522590637
0.5425584316253662
0.6470242738723755
0.3826366662979126
0.08982852101325989
0.7499087452888489
0.8351980447769165
0.4063270688056946
0.5827296376228333
0.655560314655304
0.5143430829048157
0.07616164535284042
0.8398550152778625
0.70303875207901
0.9642473459243774
0.6900538206100464
0.865375280380249
0.7035092711448669
0.5909830927848816
0.5968750715255737
0.5429993867874146
0.1493690013885498
0.41688627004623413
0.0824197381734848
0.21645529568195343
0.5030696988105774
0.9973047971725464
0.5054360628128052
0.8002817034721375
0.7674986124038696
0.05242608115077019
0.9439074993133545
0.5264142155647278
0.09417873620986938
0.670975387096405
0.7582467198371887
0.40833261609077454
0.8135042786598206
0.06823364645242691
0.7001883387565613
0.8358302116394043
0.7383482456207275
0.5838531255722046
0.7415304780006409
0.9562262296676636
0.8944948315620422
0.8464987874031067
0.7109911441802979
0.3513686954975128
0.2565540373325348
0.11437047272920609
0.1660694181919098
0.13144558668136597
0.7737715840339661
0.8649684190750122
0.19603672623634338
0.5277705788612366
0.3374152183532715
0.22721055150032043
0.21262870728969574
0.0694180428981781
0.8048200011253357
0.17336811125278473
0.9543998837471008
0.7998591661453247
0.8845952749252319
0.5034940242767334
0.17138327658176422
0.6303942799568176
0.9439844489097595
0.5639846324920654
0.1689557135105133
0.5340601801872253
0.11727694422006607
0.6300432682037354
0.7439376711845398
0.11244448274374008
0.6088523268699646
0.13150745630264282
0.27107200026512146
0.5809013247489929
0.3376873731613159
0.8269265294075012
0.9255636930465698
0.22498317062854767
0.41060158610343933
0.21657134592533112
0.6443731784820557
0.365066260099411
0.4927598536014557
0.37081122398376465
0.8800097107887268
0.5271634459495544
0.8149387836456299
0.42342445254325867
0.31140193343162537
0.5388951301574707
0.3992493152618408
0.42698657512664795
0.4965991973876953
0.44986408948898315
0.5939764380455017
0.8585563898086548
0.32872119545936584
0.19106023013591766
0.2275649607181549
0.9363726377487183
0.16407410800457
0.9817200899124146
0.5322261452674866
0.63323974609375
0.985828697681427
0.07824210077524185
0.891812264919281
0.9864427447319031
0.4622008502483368
0.3036993741989136
0.9373800158500671
0.5706481337547302
0.11679860949516296
0.6452537178993225
0.17709973454475403
0.010478205047547817
0.2167908102273941
0.48528772592544556
0.6034196615219116
0.8614305257797241
0.899425745010376
0.19403500854969025
0.5043870806694031
0.8750888705253601
0.6489604711532593
0.9214330315589905
0.5064125657081604
0.602039098739624
0.5760657787322998
0.6462406516075134
0.002733581466600299
0.345645934343338
0.4683948755264282
0.1827530413866043
0.6773326396942139
0.804585874080658
0.12891098856925964
0.13844405114650726
0.7987183332443237
0.5552737712860107
0.57602459192276
0.9549515247344971
0.7946717739105225
0.4834398031234741
0.0758858397603035
0.2029450386762619
0.2525476813316345
0.9882888793945312
0.15462489426136017
0.18118296563625336
0.34705302119255066
0.5154941082000732
0.9955740571022034
0.26747938990592957
0.1650141477584839
0.8326094746589661
0.6148467063903809
0.34767648577690125
0.9740818738937378
0.8893998265266418
0.07903698831796646
0.15553215146064758
0.3817143142223358
0.565257728099823
0.12697839736938477
0.8375518321990967
0.7876508831977844
0.9683237075805664
0.43041902780532837
0.18262283504009247
0.30153346061706543
0.18034249544143677
0.6848388910293579
0.9050723910331726
0.0514916256070137
0.9143050312995911
0.7888469696044922
0.4784671664237976
0.2127065807580948
0.890171229839325
0.6413207650184631
0.7204058170318604
0.9898911118507385
0.26588237285614014
0.2465004324913025
0.7871685028076172
0.1658526360988617
0.7712008357048035
0.14485803246498108
0.05145508423447609
0.8524037599563599
0.6002868413925171
0.7995991706848145
0.9575278162956238
0.628842294216156
0.897214949131012
0.21397265791893005
0.03294435515999794
0.9893603324890137
0.41624030470848083
0.45586735010147095
0.4198094308376312
0.03508512303233147
0.2985558807849884
0.5922926068305969
0.4648466408252716
0.0826772078871727
0.12190263718366623
0.5237348675727844
0.2882246971130371
0.770446240901947
0.8581427335739136
0.6500477194786072
0.7477875351905823
0.3169560432434082
0.8079395294189453
0.4105657637119293
0.9629327058792114
0.6046329140663147
0.7914358377456665
0.4714226722717285
0.23739513754844666
0.6527751684188843
0.7079994082450867
0.34014275670051575
0.9959127902984619
0.7928181886672974
0.09156560152769089
0.2165367156267166
0.9570620656013489
0.8371232151985168
0.4525320529937744
0.7157836556434631
0.2882997691631317
0.9344674944877625
0.10950390994548798
0.7466503977775574
0.3093230724334717
0.8996913433074951
0.2577822804450989
0.4331502914428711
0.7866388559341431
0.7089747190475464
0.11971663683652878
0.5908319354057312
0.8875102400779724
0.480638325214386
0.4099824130535126
0.12006521970033646
0.4689180552959442
0.3033464848995209
0.08369383960962296
0.4412466883659363
0.20098736882209778
0.7236319184303284
0.9767317175865173
0.583217203617096
0.5720975995063782
0.13201433420181274
0.809893012046814
0.5727282166481018
0.37197747826576233
0.1927863210439682
0.15719890594482422
0.17096905410289764
0.7524808645248413
0.7075017094612122
0.3612186908721924
0.5007190108299255
0.500739574432373
0.3591121435165405
0.7268626689910889
0.0758153423666954
0.25784528255462646
0.3195907175540924
0.5624175071716309
0.7821303606033325
0.6876211166381836
0.8734228014945984
0.8993121385574341
0.3754328191280365
0.3297746777534485
0.33441731333732605
0.7723835110664368
0.8462454676628113
0.934233546257019
0.7619104981422424
0.7430340051651001
0.042826250195503235
0.6974401473999023
0.7633771896362305
0.3416258990764618
0.2974978983402252
0.04623905196785927
0.9420455098152161
0.9326615929603577
0.9111316800117493
0.9099228978157043
0.8908076882362366
0.15765444934368134
0.6746992468833923
0.5285694003105164
0.43975093960762024
0.8887825608253479
0.10170287638902664
0.7354294061660767
0.9012032151222229
0.2698606550693512
0.1390511840581894
0.5906804800033569
0.528623104095459
0.15482309460639954
0.07468882948160172
0.4872707426548004
0.20511038601398468
0.1352137327194214
0.17198580503463745
0.7715354561805725
0.7645343542098999
0.7452852725982666
0.3801114857196808
0.43161240220069885
0.26505446434020996
0.2130894809961319
0.9147753119468689
0.3085222542285919
0.3022977411746979
0.10714484751224518
0.23753239214420319
0.09450720250606537
0.6711997389793396
0.41433900594711304
0.7163175940513611
0.6187452673912048
0.1838083118200302
0.46234285831451416
0.5604708194732666
0.09078165143728256
0.634128987789154
0.2321733981370926
0.32438820600509644
0.86032634973526
0.8038623929023743
0.026329100131988525
0.26578420400619507
0.5297809839248657
0.1422727108001709
0.31285807490348816
0.8308955430984497
0.421090304851532
0.43401196599006653
0.6162846684455872
0.8114149570465088
0.37536153197288513
0.3097198009490967
0.9589289426803589
0.5624169707298279
0.1395021229982376
0.44296345114707947
0.6704661250114441
0.20960663259029388
0.5535907745361328
0.507443368434906
0.9696984887123108
0.1146429255604744
0.228024423122406
0.5077560544013977
0.43848109245300293
0.14031767845153809
0.10862600058317184
0.7665179371833801
0.8637996315956116
0.2826623320579529
0.7813605666160583
0.8206713199615479
0.5102512240409851
0.03151286765933037
0.3119361698627472
0.8362943530082703
0.44052281975746155
0.7700278162956238
0.7718088030815125
0.3252621293067932
0.2556435763835907
0.12764959037303925
0.4508136510848999
0.9618867635726929
0.7589166164398193
0.865610659122467
0.5233221650123596
0.8551900386810303
0.8454561233520508
0.5309939980506897
0.030695175752043724
0.7642081379890442
0.6378304362297058
0.16910548508167267
0.9005129933357239
0.17161695659160614
0.3315337002277374
0.2767285108566284
0.8102220892906189
0.16644634306430817
0.5669401288032532
0.820865273475647
0.17569689452648163
0.3409416377544403
0.34939953684806824
0.34664231538772583
0.2528488337993622
0.6234226822853088
0.539079487323761
0.42512276768684387
0.8820967078208923
0.8705084323883057
0.7358270287513733
0.008671517483890057
0.7483215928077698
0.8511863946914673
0.9279661178588867
0.5747922658920288
0.8103082776069641
0.3367983400821686
0.6715043783187866
0.4595024287700653
0.6655944585800171
0.5375717282295227
0.39881837368011475
0.9181176424026489
0.7119669318199158
0.14423026144504547
0.1415521800518036
0.7919747233390808
0.23656520247459412
0.7060068845748901
0.10237636417150497
0.23700352013111115
0.27300599217414856
0.010672067292034626
0.030654625967144966
0.7560248374938965
0.8728643655776978
0.9643009901046753
0.9817835092544556
0.20186272263526917
0.3368062674999237
0.19340479373931885
0.09932338446378708
0.6079748272895813
0.624829113483429
0.5456708669662476
0.27714335918426514
0.26113462448120117
0.1432647705078125
0.2657868564128876
0.04136377573013306
0.5373954176902771
0.7778785824775696
0.040244072675704956
0.44137996435165405
0.6287286877632141
0.7980191707611084
0.7452037334442139
0.6498712301254272
0.26112502813339233
0.2743438482284546
0.4512476921081543
0.2257688343524933
0.6429473757743835
0.9665599465370178
0.3627922236919403
0.8503966331481934
0.4430805444717407
0.8165632486343384
0.12900005280971527
0.4663158655166626
0.06699065119028091
0.9917421936988831
0.5082165598869324
0.0875885859131813
0.43032005429267883
0.722750723361969
0.4683205783367157
0.8532094359397888
0.9563807249069214
0.3423963487148285
0.9690538644790649
0.11137091368436813
0.26502448320388794
0.3506985902786255
0.1265280544757843
0.21606823801994324
0.5368415117263794
0.26489880681037903
0.5866057276725769
0.0828772783279419
0.7765899300575256
0.08639752119779587
0.4417920708656311
0.18169301748275757
0.3554892838001251
0.6749551892280579
0.7370781302452087
0.6190609335899353
0.11723152548074722
0.3237361013889313
0.8642439246177673
0.6307902932167053
0.8668577075004578
0.3597920835018158
0.605201780796051
0.5565285086631775
0.13122203946113586
0.609637439250946
0.03762980177998543
0.2896818518638611
0.7214310765266418
0.7674002647399902
0.0299167949706316
0.00490072974935174
0.33511295914649963
0.6694449186325073
0.6520218253135681
0.011787322349846363
0.9731338620185852
0.07741773873567581
0.5800660252571106
0.872234582901001
0.6364898085594177
0.11647408455610275
0.5116817951202393
0.22612601518630981
0.4113016426563263
0.8588923811912537
0.8362922072410583
0.6080809235572815
0.7282570004463196
0.901225209236145
0.5450937747955322
0.7275114059448242
0.15966075658798218
0.9950223565101624
0.13874471187591553
0.48735591769218445
0.0738428458571434
0.7211672067642212
0.8363248109817505
0.8223633170127869
0.4691781997680664
0.6475841403007507
0.5915760397911072
0.43983855843544006
0.23311667144298553
0.9144996404647827
0.5384870171546936
0.36927810311317444
0.6301999688148499
0.17330265045166016
0.6692548394203186
0.9172979593276978
0.13203278183937073
0.7440605759620667
0.8166124224662781
0.8232936859130859
0.07492931932210922
0.7169128656387329
0.9032061696052551
0.40673431754112244
0.7099552154541016
0.4422077536582947
0.5355589985847473
0.21284866333007812
0.37694859504699707
0.3707454204559326
0.5352944135665894
0.979216992855072
0.14819234609603882
0.8966370820999146
0.6493172645568848
0.4230956733226776
0.02762511931359768
0.31726714968681335
0.7228845357894897
0.9061456918716431
0.1727992594242096
0.1612546443939209
0.43733036518096924
0.980684220790863
0.18797166645526886
0.40915101766586304
0.9886260032653809
0.6446988582611084
0.15274101495742798
0.738524317741394
0.18556061387062073
0.5990262031555176
0.1602226346731186
0.28470492362976074
0.7419293522834778
0.04775811731815338
0.8899872899055481
0.5512898564338684
0.32635992765426636
0.7877616882324219
0.08819393068552017
0.958808183670044
0.2094660997390747
0.38026487827301025
0.7523252964019775
0.38890722393989563
0.4881804585456848
0.7925845384597778
0.7291327714920044
0.8566827178001404
0.95505291223526
0.8369336724281311
0.17585046589374542
0.9180281162261963
0.16183902323246002
0.8646141290664673
0.5821948647499084
0.13612985610961914
0.9800727963447571
0.489683598279953
0.18885555863380432
0.897709310054779
0.6546190977096558
0.033352576196193695
0.7175990343093872
0.09701715409755707
0.427641898393631
0.4231735169887543
0.16379815340042114
0.31615495681762695
0.8003126978874207
0.8452706336975098
0.5145629048347473
0.37360838055610657
0.8661919236183167
0.6552510857582092
0.5973401665687561
0.8024343252182007
0.9746591448783875
0.37344086170196533
0.6715927124023438
0.4384738802909851
0.09356339275836945
0.6150404214859009
0.4621368646621704
0.07328995317220688
0.8723915815353394
0.4970932900905609
0.8550478219985962
0.72234708070755
0.39765840768814087
0.34386077523231506
0.7623838186264038
0.05155738443136215
0.21693016588687897
0.16739626228809357
0.38710498809814453
0.37955746054649353
0.7894890904426575
0.785112202167511
0.4931474030017853
0.11551705002784729
0.29705777764320374
0.05269254744052887
0.44291380047798157
0.7575651407241821
0.10397619009017944
0.7198693156242371
0.23844164609909058
0.2822737991809845
0.5895596742630005
0.3699764907360077
0.16459430754184723
0.06648197025060654
0.07315055280923843
0.47280266880989075
0.48462969064712524
0.8095749020576477
0.2695600390434265
0.7893484234809875
0.9701581597328186
0.5766465067863464
0.9634080529212952
0.0284655150026083
0.49543431401252747
0.018223688006401062
0.5385646820068359
0.31233304738998413
0.07772055268287659
0.5670007467269897
0.8029135465621948
0.6261078119277954
0.9905974268913269
0.6904922127723694
0.40817779302597046
0.5931787490844727
0.07438839972019196
0.4909282326698303
0.109007328748703
0.7405034303665161
0.027972038835287094
0.8674158453941345
0.9504560828208923
0.5439680218696594
0.7104024291038513
0.5600560307502747
0.34090375900268555
0.42300695180892944
0.7055913209915161
0.566921591758728
0.3550820052623749
0.6750304102897644
0.21286402642726898
0.8544015288352966
0.16272173821926117
0.7648025155067444
0.6071536540985107
0.7994126081466675
0.8013964295387268
0.8513836860656738
0.8118944764137268
0.2690897285938263
0.15912939608097076
0.25164082646369934
0.29938003420829773
0.2959565818309784
0.3098621964454651
0.37375396490097046
0.9715230464935303
0.4385790526866913
0.415945827960968
0.9133481383323669
0.8330305218696594
0.7833966612815857
0.6291431784629822
0.38710784912109375
0.12584705650806427
0.4119829535484314
0.3584963381290436
0.37188422679901123
0.31576910614967346
0.7822551131248474
0.3262876868247986
0.30014657974243164
0.627843976020813
0.7977181673049927
0.8850531578063965
0.7032452821731567
0.9110396504402161
0.38925138115882874
0.41100889444351196
0.4823112487792969
0.838056743144989
0.2451571226119995
0.7972017526626587
0.07522871345281601
0.7413811087608337
0.6202539205551147
0.5072412490844727
0.45233309268951416
0.6349905133247375
0.45188966393470764
0.27284476161003113
0.3917611837387085
0.3269829750061035
0.1723874807357788
0.837771475315094
0.7157034873962402
0.25739097595214844
0.28954336047172546
0.9836331009864807
0.04306885227560997
0.5145485997200012
0.5669682621955872
0.7247048020362854
0.01245795376598835
0.3177809417247772
0.47237634658813477
0.47971823811531067
0.4845312535762787
0.7661939859390259
0.9691858887672424
0.9904488325119019
0.25704309344291687
0.7423902153968811
0.03653854876756668
0.10126467049121857
0.4425814747810364
0.7144960165023804
0.8241021037101746
0.7881613373756409
0.7996933460235596
0.19847919046878815
0.8961312174797058
0.32501012086868286
0.8042614459991455
0.34439605474472046
0.07151152938604355
0.016323568299412727
0.2448490858078003
0.6414695382118225
0.5473183989524841
0.48446542024612427
0.29409754276275635
0.04614945873618126
0.08562302589416504
0.5379276871681213
0.20656070113182068
0.05040597915649414
0.42781057953834534
0.49715250730514526
0.9446329474449158
0.689701497554779
0.40715092420578003
0.3956841826438904
0.8125050067901611
0.46372589468955994
0.7531072497367859
0.8007197380065918
0.8148962259292603
0.818138062953949
0.38605883717536926
0.3650515675544739
0.914448082447052
0.3927294909954071
0.3927094042301178
0.678600013256073
0.3496782183647156
0.8646188974380493
0.06815258413553238
0.8229285478591919
0.6631240248680115
0.7835245132446289
0.893677830696106
0.12483712285757065
0.679278552532196
0.362840473651886
0.5137796401977539
0.41411733627319336
0.8468102216720581
0.5403891801834106
0.6420143842697144
0.6725939512252808
0.4205871820449829
0.7662818431854248
0.13676084578037262
0.5227604508399963
0.5766589641571045
0.44240084290504456
0.12277378141880035
0.8150899410247803
0.23370790481567383
0.4088810980319977
0.5795621275901794
0.09196444600820541
0.5815087556838989
0.044040609151124954
0.31756681203842163
0.9076679944992065
0.9183720946311951
0.35855022072792053
0.3154458701610565
0.7454861402511597
0.8136560916900635
0.04475373774766922
0.3430352807044983
0.048736900091171265
0.12437108159065247
0.7169341444969177
0.1396597921848297
0.38992685079574585
0.4010772705078125
0.21335476636886597
0.8864619731903076
0.9467266201972961
0.24278704822063446
0.4158671200275421
0.674018919467926
0.8722513914108276
0.028445184230804443
0.5490197539329529
0.6068055629730225
0.14415687322616577
0.5929273366928101
0.22519651055335999
0.5794862508773804
0.49011343717575073
0.46953368186950684
0.4600377082824707
0.6554449200630188
0.5447226762771606
0.7483999133110046
0.16230373084545135
0.780204176902771
0.7324527502059937
0.42420297861099243
0.9171346426010132
0.24155893921852112
0.20194102823734283
0.7449892163276672
0.8333051204681396
0.7201430797576904
0.8591625094413757
0.42691171169281006
0.2749515473842621
0.9815673232078552
0.7650066614151001
0.7065680623054504
0.1349797546863556
0.16906675696372986
0.66389000415802
0.4350442886352539
0.3620828688144684
0.8889637589454651
0.19637176394462585
0.7267711758613586
0.3753418028354645
0.06020414084196091
0.20322313904762268
0.2338622808456421
0.04601842164993286
0.9212928414344788
0.598275899887085
0.780105710029602
0.48431381583213806
0.7009353041648865
0.6166040897369385
0.6823198199272156
0.8721764087677002
0.10632158070802689
0.3200487792491913
0.21905416250228882
0.36672356724739075
0.3253853917121887
0.7758309841156006
0.023175392299890518
0.3328201472759247
0.06883484125137329
0.9839003682136536
0.15604600310325623
0.5311897397041321
0.31662389636039734
0.015055306255817413
0.026670128107070923
0.8298890590667725
0.8293151259422302
0.26683518290519714
0.2666909098625183
0.7787125110626221
0.03311590105295181
0.22421905398368835
0.11022470146417618
0.3625046908855438
0.44392332434654236
0.2735121250152588
0.5520408153533936
0.6567808985710144
0.9454519748687744
0.3099222183227539
0.5135572552680969
0.4777112603187561
0.5687920451164246
0.6168503165245056
0.08330599963665009
0.4160369038581848
0.21823005378246307
0.9548245668411255
0.7586450576782227
0.020254578441381454
0.5815786719322205
0.9980692863464355
0.3600154221057892
0.4619995951652527
0.1691218465566635
0.9166558980941772
0.00016000098548829556
0.6431352496147156
0.6123679280281067
0.4504767656326294
0.46677660942077637
0.5400018095970154
0.4749169647693634
0.34284508228302
0.7514731884002686
0.7483068108558655
0.03879368305206299
0.0975690484046936
0.7537707090377808
0.8461402654647827
0.7138758301734924
0.8760195970535278
0.8515704870223999
0.7740654349327087
0.745768666267395
0.23155970871448517
0.7216467261314392
0.4203735589981079
0.8087106943130493
0.6460869312286377
0.3136674463748932
0.402718186378479
0.19685499370098114
0.7280818819999695
0.9151298999786377
0.9101980328559875
0.18896271288394928
0.6691750884056091
0.20095719397068024
0.05084628611803055
0.14314784109592438
0.9442340135574341
0.6293326616287231
0.38205912709236145
0.19710029661655426
0.5917516350746155
0.18406938016414642
0.861074686050415
0.40623342990875244
0.9378160238265991
0.015884894877672195
0.3326302766799927
0.8502769470214844
0.7875080704689026
0.37675073742866516
0.35903453826904297
0.056211162358522415
0.9343146681785583
0.26027241349220276
0.8916029334068298
0.11789865791797638
0.09134526550769806
0.012453678995370865
0.5255364179611206
0.9961233735084534
0.8447778224945068
0.3861229717731476
0.518362820148468
0.9772115349769592
0.6394358277320862
0.20793204009532928
0.10177640616893768
0.3302682638168335
0.9272178411483765
0.8401786684989929
0.013909181579947472
0.7671000957489014
0.6700906157493591
0.299763947725296
0.2658049762248993
0.2319999784231186
0.8422392010688782
0.6166161298751831
0.20406270027160645
0.08290749788284302
0.6872860193252563
0.02650541625916958
0.5774056315422058
0.40299728512763977
0.8207030892372131
0.8910377025604248
0.8821302056312561
0.6587700843811035
0.7259029746055603
0.860992968082428
0.10291849821805954
0.7657590508460999
0.17148633301258087
0.35561683773994446
0.4082033932209015
0.024194998666644096
0.3575730323791504
0.14981625974178314
0.7089667320251465
0.4398917555809021
0.3203750252723694
0.4255935549736023
0.8419418334960938
0.5666224360466003
0.467395156621933
0.19846205413341522
0.8263614177703857
0.9042307734489441
0.7679945826530457
0.8606492877006531
0.08435981720685959
0.8750662207603455
0.8508896231651306
0.45414990186691284
0.3472033441066742
0.7868072390556335
0.45099806785583496
0.8875026702880859
0.9245337843894958
0.6699662208557129
0.6413360834121704
0.2840595543384552
0.5634894371032715
0.09751293063163757
0.020778903737664223
0.5509195327758789
0.4939613938331604
0.6648404598236084
0.6820935010910034
0.7572901248931885
0.21285688877105713
0.25533586740493774
0.8206390142440796
0.0898548811674118
0.765934944152832
0.05176439508795738
0.8140029311180115
0.4902786314487457
0.4892537593841553
0.7174301743507385
0.190982848405838
0.36921799182891846
0.9371042847633362
0.7852359414100647
0.12921804189682007
0.6220672130584717
0.04406654089689255
0.17155389487743378
0.0006473430548794568
0.3781444728374481
0.4286050796508789
0.96220463514328
0.3176773488521576
0.3114229738712311
0.2937261462211609
0.9701704382896423
0.881851315498352
0.6725962162017822
0.7709444761276245
0.5777431726455688
0.3226715624332428
0.2622755467891693
0.7975651621818542
0.793411135673523
0.996710479259491
0.5463504791259766
0.3107329308986664
0.16458377242088318
0.33342546224594116
0.29050660133361816
0.990348219871521
0.47763592004776
0.9296450614929199
0.5778094530105591
0.3614884316921234
0.9529874920845032
0.352044016122818
0.388083279132843
0.43717750906944275
0.09586814790964127
0.9371494054794312
0.8305778503417969
0.10848608613014221
0.8935892581939697
0.6504808068275452
0.8387709259986877
0.6787996888160706
0.20366919040679932
0.873073160648346
0.5222346186637878
0.45127418637275696
0.7041487097740173
0.9146061539649963
0.4616799056529999
0.8751380443572998
0.4865909814834595
0.43931353092193604
0.1861967295408249
0.18226774036884308
0.4264654517173767
0.46717405319213867
0.20872874557971954
0.39474594593048096
0.9047960042953491
0.7709222435951233
0.5645768046379089
0.4821067750453949
0.34247642755508423
0.991309642791748
0.5530615448951721
0.0039835162460803986
0.2573130428791046
0.8688229322433472
0.08963806927204132
0.040974993258714676
0.40399202704429626
0.2885383367538452
0.5986015796661377
0.06718263030052185
0.9920452833175659
0.31127092242240906
0.7524727582931519
0.46753424406051636
0.7125524878501892
0.5331482291221619
0.21265050768852234
0.31861868500709534
0.8082137107849121
0.4255480170249939
0.6275205016136169
0.38709884881973267
0.6818973422050476
0.7039170861244202
0.9465389251708984
0.3025015592575073
0.4115394949913025
0.31169387698173523
0.6398830413818359
0.4832269549369812
0.9327431321144104
0.02757873386144638
0.6293714046478271
0.20284296572208405
0.7239744663238525
0.6623315811157227
0.9042508602142334
0.40814945101737976
0.06260300427675247
0.8916602730751038
0.4124738574028015
0.838513970375061
0.10638297349214554
0.07221821695566177
0.2378866970539093
0.9848269820213318
0.6864437460899353
0.712654709815979
0.6464741826057434
0.3585592210292816
0.4394264221191406
0.31769824028015137
0.5563850998878479
0.28311678767204285
0.7707041501998901
0.6171237826347351
0.33216163516044617
0.2737361788749695
0.8823865652084351
0.5669482350349426
0.6774677634239197
0.7987903356552124
0.34760773181915283
0.21159571409225464
0.3857184946537018
0.3607339560985565
0.35987499356269836
0.1149558424949646
0.5660873055458069
0.4399145245552063
0.17005422711372375
0.17692333459854126
0.09764943271875381
0.7963716983795166
0.13128112256526947
0.6051194071769714
0.17112712562084198
0.3798389136791229
0.0062054856680333614
0.8017005324363708
0.03776649385690689
0.39932262897491455
0.333455890417099
0.35195380449295044
0.33107686042785645
0.2402547001838684
0.8000099062919617
0.30924591422080994
0.06940203905105591
0.6151573657989502
0.14926454424858093
0.7731184363365173
0.20813173055648804
0.7687208652496338
0.7532140016555786
0.4337202310562134
0.012540018185973167
0.47300606966018677
0.18047469854354858
0.044760990887880325
0.38174912333488464
0.08770135790109634
0.1897965967655182
0.05853495001792908
0.8200684189796448
0.21312014758586884
0.08660311251878738
0.5913956761360168
0.9229606986045837
0.9205123782157898
0.7751147747039795
0.8610755801200867
0.5040732026100159
0.10437862575054169
0.711016833782196
0.11509121209383011
0.25416454672813416
0.2280232310295105
0.5756878852844238
0.3146247863769531
0.6574819684028625
0.8107388615608215
0.6719874739646912
0.7505847811698914
0.318107008934021
0.12491162121295929
0.7648985385894775
0.5035809278488159
0.5910241603851318
0.617500901222229
0.23728540539741516
0.3276410400867462
0.6707499027252197
0.8465971946716309
0.8968001008033752
0.4192626476287842
0.5532003045082092
0.09111449867486954
0.3075864613056183
0.3327447772026062
0.32162582874298096
0.052171602845191956
0.6281026005744934
0.6688045263290405
0.8381468057632446
0.796739935874939
0.5953068733215332
0.4653257429599762
0.8177732825279236
0.9552804231643677
0.08421144634485245
0.41483035683631897
0.5510393381118774
0.027880895882844925
0.11695247888565063
0.0685741975903511
0.20612093806266785
0.7171201705932617
0.09011897444725037
0.9614061713218689
0.12070208787918091
0.2705100476741791
0.7078143358230591
0.06652847677469254
0.12247668951749802
0.4840097725391388
0.8566899299621582
0.6059477925300598
0.3594992160797119
0.9543126225471497
0.3874098062515259
0.1972789466381073
0.24438825249671936
0.5889064073562622
0.6054366230964661
0.7798438668251038
0.003480108454823494
0.04569333419203758
0.13285236060619354
0.4808368980884552
0.15067853033542633
0.9509802460670471
0.0781431570649147
0.6486033797264099
0.4414641857147217
0.05789806693792343
0.4788453280925751
0.8680163025856018
0.43275657296180725
0.21939510107040405
0.9605284929275513
0.32647204399108887
0.17023524641990662
0.7480934262275696
0.9652329087257385
0.9934518933296204
0.9335324764251709
0.27933749556541443
0.45427340269088745
0.0108669837936759
0.8792639374732971
0.8574746251106262
0.12004119902849197
0.7743043899536133
0.578441321849823
0.07061275839805603
0.5791407227516174
0.5848004221916199
0.6588609218597412
0.33801406621932983
0.11443054676055908
0.5692211389541626
0.8831019401550293
0.09754738956689835
0.34754863381385803
0.20953376591205597
0.8836981654167175
0.7626363635063171
0.21107320487499237
0.9486432075500488
0.02465938962996006
0.7520546913146973
0.1944587081670761
0.8795669078826904
0.8857994675636292
0.89164137840271
0.3616484999656677
0.669452965259552
0.3282317519187927
0.6457968950271606
0.23321925103664398
0.35961616039276123
0.3112364113330841
0.8229218125343323
0.6948234438896179
0.8041274547576904
0.34823206067085266
0.6163172125816345
0.5904408097267151
0.12859641015529633
0.8273912072181702
0.47854310274124146
0.9006030559539795
0.3968239724636078
0.5376783609390259
0.6722202301025391
0.12444023787975311
0.14602261781692505
0.34310513734817505
0.865764319896698
0.9908307194709778
0.39760684967041016
0.025037987157702446
0.45821526646614075
0.3546891510486603
0.650781512260437
0.8722825646400452
0.31912362575531006
0.05425768718123436
0.010331226512789726
0.6775745153427124
0.2935419976711273
0.16348664462566376
0.37783345580101013
0.5816891193389893
0.6501333713531494
0.0856495127081871
0.39887967705726624
0.5049778819084167
0.37681105732917786
0.8371347784996033
0.6361353993415833
0.666287362575531
0.377727746963501
0.547478973865509
0.4472525715827942
0.3622865080833435
0.9178628325462341
0.041153792291879654
0.5466760993003845
0.6546042561531067
0.8972471952438354
0.40501004457473755
0.07486093044281006
0.567385733127594
0.9396342635154724
0.8242948651313782
0.6960259675979614
0.06891380995512009
0.8038287162780762
0.020892027765512466
0.8272049427032471
0.22051560878753662
0.45508721470832825
0.7577130198478699
0.8489500284194946
0.31990888714790344
0.8110732436180115
0.18518158793449402
0.889783501625061
0.8759027123451233
0.16093342006206512
0.1364876925945282
0.4893532693386078
0.26262882351875305
0.07664067298173904
0.032753318548202515
0.9408864974975586
0.5851132273674011
0.40853434801101685
0.8393856883049011
0.7139881253242493
0.0061919852159917355
0.7619572877883911
0.33644476532936096
0.8974064588546753
0.1244988888502121
0.09197426587343216
0.6042410135269165
0.5913644433021545
0.5928084850311279
0.04954108968377113
0.824159562587738
0.07868357747793198
0.8604304194450378
0.0234538447111845
0.2765564024448395
0.39904195070266724
0.33022916316986084
0.8035169839859009
0.09307170659303665
0.1928781419992447
0.29377812147140503
0.6171373128890991
0.41546446084976196
0.23981283605098724
0.6616923213005066
0.9967854619026184
0.792931079864502
0.5655275583267212
0.8254283666610718
0.505110502243042
0.33344486355781555
0.7042226195335388
0.07556191086769104
0.27997156977653503
0.20049284398555756
0.3609885573387146
0.8842642903327942
0.6417208313941956
0.039677366614341736
0.7355085611343384
0.4958036243915558
0.2079017609357834
0.6163032054901123
0.42340898513793945
0.6996680498123169
0.07297848165035248
0.6917799115180969
0.8349599838256836
0.6008009314537048
0.5116194486618042
0.7989732027053833
0.7091476321220398
0.28018903732299805
0.36968544125556946
0.6486502885818481
0.47399038076400757
0.48900124430656433
0.5522096753120422
0.6154316663742065
0.6983861923217773
0.8988595008850098
0.7613471746444702
0.11083327233791351
0.7598714232444763
0.2744625210762024
0.5536054372787476
0.8541725873947144
0.10477682203054428
0.2652931809425354
0.6887847781181335
0.7749982476234436
0.7916579842567444
0.7196199297904968
0.8240176439285278
0.40458980202674866
0.00726314727216959
0.7343730330467224
0.2739138603210449
0.18504157662391663
0.3483842611312866
0.5468368530273438
0.11395695805549622
0.4581476151943207
0.14865732192993164
0.5444632768630981
0.3777473568916321
0.31737083196640015
0.710204541683197
0.7631607055664062
0.5260860919952393
0.5732253193855286
0.8180230855941772
0.7544559240341187
0.3532804250717163
0.28111907839775085
0.48778584599494934
0.07307154685258865
0.838228166103363
0.4387834966182709
0.16895036399364471
0.28132984042167664
0.9023180603981018
0.0822712853550911
0.7895135283470154
0.2868524491786957
0.8039166927337646
0.9764994978904724
0.6976761817932129
0.9965881109237671
0.5068186521530151
0.7824047803878784
0.6210550665855408
0.19599540531635284
0.4040510654449463
0.3344527781009674
0.712337076663971
0.2349661886692047
0.3705865740776062
0.9775228500366211
0.4993738830089569
0.17786133289337158
0.805579423904419
0.8672603964805603
0.8886634707450867
0.31891191005706787
0.8591123819351196
0.17803841829299927
0.1125030592083931
0.21419480443000793
0.3061276376247406
0.49736225605010986
0.4280294179916382
0.2613167464733124
0.8590577244758606
0.8620811104774475
0.6585901379585266
0.36774560809135437
0.7558379173278809
0.2982070744037628
0.2845495641231537
0.6873555183410645
0.18082141876220703
0.32867491245269775
0.36758923530578613
0.6067745089530945
0.9285491108894348
0.2831694781780243
0.4509797990322113
0.33070385456085205
0.20104454457759857
0.36827680468559265
0.42711636424064636
0.18504959344863892
0.9943066239356995
0.888390839099884
0.26849162578582764
0.9283336400985718
0.05615588277578354
0.4073600471019745
0.44456496834754944
0.7821311354637146
0.8543411493301392
0.25927305221557617
0.7140869498252869
0.28419411182403564
0.20864863693714142
0.8831673264503479
0.97897869348526
0.15430434048175812
0.8486114144325256
0.9311091899871826
0.7914125919342041
0.8375581502914429
0.05710695683956146
0.15514713525772095
0.175383061170578
0.09647814929485321
0.5003575086593628
0.32496964931488037
0.7086803317070007
0.5741488337516785
0.8739041090011597
0.9760222434997559
0.20062492787837982
0.6555766463279724
0.2700042724609375
0.8851386904716492
0.4440973401069641
0.20535992085933685
0.7875456213951111
0.8054476976394653
0.6599981188774109
0.6029312610626221
0.4957903027534485
0.7386239171028137
0.34223392605781555
0.9204272627830505
0.2166060507297516
0.617365300655365
0.09275522828102112
0.6779480576515198
0.281717449426651
0.44399791955947876
0.7397894859313965
0.23666630685329437
0.946174681186676
0.46204060316085815
0.4195655286312103
0.4265347123146057
0.7788408398628235
0.9622488021850586
0.30435121059417725
0.3033773601055145
0.16947565972805023
0.6397600173950195
0.6251983642578125
0.2012091875076294
0.9027655124664307
0.6354033350944519
0.575844943523407
0.7056741118431091
0.26178330183029175
0.978107750415802
0.19131556153297424
0.9081665873527527
0.024076953530311584
0.2884645462036133
0.1438370943069458
0.07843901962041855
0.49377772212028503
0.5288906693458557
0.4712478220462799
0.9831622838973999
0.6991831064224243
0.5124056935310364
0.5428842306137085
0.49849608540534973
0.11425885558128357
0.8351754546165466
0.12941554188728333
0.7433265447616577
0.1436566859483719
0.9911144375801086
0.7107879519462585
0.1578715294599533
0.22154009342193604
0.3107222020626068
0.20228180289268494
0.0015251410659402609
0.42007607221603394
0.07483437657356262
0.05295169726014137
0.6950982809066772
0.86276775598526
0.49569597840309143
0.08702685683965683
0.237596333026886
0.5519593358039856
0.8331588506698608
0.24925048649311066
0.1169910877943039
0.21002976596355438
0.8463359475135803
0.6210035681724548
0.13229843974113464
0.9402411580085754
0.864511251449585
0.15361225605010986
0.5434504151344299
0.2717086970806122
0.1892995983362198
0.5231204628944397
0.9937693476676941
0.21161040663719177
0.909771203994751
0.09776311367750168
0.9473861455917358
0.9986668229103088
0.6926089525222778
0.4259982705116272
0.45207422971725464
0.44896602630615234
0.11138118803501129
0.639183759689331
0.4741162061691284
0.4620833992958069
0.8401176333427429
0.7178955078125
0.012323246337473392
0.30373281240463257
0.029624534770846367
0.7423118352890015
0.6702932715415955
0.7892588973045349
0.017077740281820297
0.15990319848060608
0.16260948777198792
0.975460410118103
0.7599652409553528
0.5459141731262207
0.7598176002502441
0.4669208824634552
0.2728961706161499
0.21348682045936584
0.5615644454956055
0.6379703879356384
0.6743781566619873
0.8468222618103027
0.6556863784790039
0.5235318541526794
0.7138387560844421
0.4333910644054413
0.7414957284927368
0.5268608331680298
0.11836458742618561
0.12474285811185837
0.2547266483306885
0.22436489164829254
0.6333234310150146
0.7127351760864258
0.12264199554920197
0.4906894862651825
0.9416660070419312
0.6014536619186401
0.8144645094871521
0.6296566128730774
0.07807575911283493
0.37118861079216003
0.3720620274543762
0.7587432265281677
0.9809868931770325
0.28602689504623413
0.6514907479286194
0.036002930253744125
0.9180079102516174
0.4699620008468628
0.028217628598213196
0.6536190509796143
0.40747955441474915
0.26915833353996277
0.2803042531013489
0.5320778489112854
0.6156015992164612
0.7673823833465576
0.8896728157997131
0.07393306493759155
0.7712495923042297
0.304688036441803
0.01844017021358013
0.5509413480758667
0.4261946678161621
0.6366140842437744
0.2448945939540863
0.16643404960632324
0.5124112963676453
0.23154816031455994
0.5417131185531616
0.08942202478647232
0.38298410177230835
0.5480359792709351
0.4433026909828186
0.22427302598953247
0.24793989956378937
0.24795518815517426
0.8690953254699707
0.2060132920742035
0.28174343705177307
0.49723485112190247
0.41963404417037964
0.35959941148757935
0.2474631816148758
0.7728386521339417
0.2376311868429184
0.3152826428413391
0.7127934098243713
0.6813891530036926
0.544977068901062
0.8610228300094604
0.8281663060188293
0.1070745661854744
0.7088295221328735
0.38330361247062683
0.3532545268535614
0.15419365465641022
0.19318337738513947
0.9952422976493835
0.3690164089202881
0.41745641827583313
0.7925488948822021
0.17799820005893707
0.1190909668803215
0.1840982437133789
0.8963896036148071
0.24512764811515808
0.07317258417606354
0.2550613582134247
0.7781926989555359
0.5476799011230469
0.5060469508171082
0.32085925340652466
0.1438666582107544
0.8148401975631714
0.11450028419494629
0.18761755526065826
0.9492859244346619
0.40354400873184204
0.34402725100517273
0.90582674741745
0.9487755298614502
0.6747629046440125
0.7191773056983948
0.965106725692749
0.34419241547584534
0.39222854375839233
0.7659212350845337
0.889198899269104
0.5805370807647705
0.1959257870912552
0.2222377359867096
0.45939162373542786
0.9302864074707031
0.9877629280090332
0.520530641078949
0.40024757385253906
0.8855444192886353
0.912087619304657
0.10595158487558365
0.36583128571510315
0.9881622195243835
0.47693032026290894
0.7135030627250671
0.208166241645813
0.008832507766783237
0.9540415406227112
0.22093632817268372
0.3503513038158417
0.1327461153268814
0.1907423585653305
0.9615024924278259
0.18296800553798676
0.7442145943641663
0.357288122177124
0.6682649850845337
0.2359934151172638
0.7863197326660156
0.5728603601455688
0.936331033706665
0.10345558077096939
0.42255881428718567
0.5039783120155334
0.0014392072334885597
0.8390291333198547
0.9023173451423645
0.21824218332767487
0.8569372296333313
0.049815449863672256
0.29785794019699097
0.4579709768295288
0.8064665198326111
0.8415690660476685
0.9787151217460632
0.28157809376716614
0.10133432596921921
0.958073079586029
0.27071842551231384
0.646713137626648
0.7605476379394531
0.6847707033157349
0.38925978541374207
0.5250024199485779
0.6981479525566101
0.44392016530036926
0.4809224605560303
0.9627736806869507
0.7181928753852844
0.03274641931056976
0.8695793151855469
0.7186177372932434
0.9133872389793396
0.08376454561948776
0.6695238947868347
0.4475947916507721
0.09695028513669968
0.21840481460094452
0.34019240736961365
0.899933397769928
0.9885601997375488
0.8184774518013
0.15062972903251648
0.4275340437889099
0.7971444725990295
0.7657830119132996
0.5841556191444397
0.2449219971895218
0.18302351236343384
0.10416358709335327
0.7388330698013306
0.7098968029022217
0.5929015278816223
0.24885132908821106
0.6375899910926819
0.5358626246452332
0.8176977634429932
0.29594114422798157
0.12155921757221222
0.31063684821128845
0.25617268681526184
0.8340856432914734
0.26389649510383606
0.7724137902259827
0.9044243097305298
0.9034538865089417
0.7875996232032776
0.5775122046470642
0.01800062134861946
0.28685295581817627
0.6558518409729004
0.9579945802688599
0.9453108310699463
0.7137356996536255
0.9655424952507019
0.7634558081626892
0.42229562997817993
0.34650087356567383
0.008783423341810703
0.5632776021957397
0.7037704586982727
0.2096102386713028
0.10499419271945953
0.7940751910209656
0.4077625274658203
0.5793129205703735
0.5070517063140869
0.1758018583059311
0.7418186664581299
0.8705413341522217
0.22889867424964905
0.7404082417488098
0.3480776846408844
0.3958396017551422
0.6011852622032166
0.5505573153495789
0.6919280290603638
0.89206862449646
0.554945707321167
0.1841113269329071
0.15800581872463226
0.07190859317779541
0.21673524379730225
0.032853759825229645
0.13666747510433197
0.1275089532136917
0.22507613897323608
0.08364345878362656
0.6002077460289001
0.5465073585510254
0.7321271896362305
0.7287662029266357
0.3496532738208771
0.9920347929000854
0.027963189408183098
0.08170337229967117
0.2962922155857086
0.2833222448825836
0.8688996434211731
0.5678548216819763
0.795042872428894
0.7251166105270386
0.8837032318115234
0.9979479908943176
0.2926589250564575
0.7646846175193787
0.4577779173851013
0.9396088719367981
0.22927840054035187
0.8021115660667419
0.849108874797821
0.7176854014396667
0.0020697293803095818
0.010736385360360146
0.7490490674972534
0.21090243756771088
0.9458908438682556
0.8315227627754211
0.6370572447776794
0.6890036463737488
0.047374047338962555
0.6059828400611877
0.8197227716445923
0.07190306484699249
0.6097086071968079
0.5457367897033691
0.13076527416706085
0.5799049735069275
0.7254475355148315
0.9275702834129333
0.30873194336891174
0.015492317266762257
0.11844513565301895
0.49532169103622437
0.974685549736023
0.6798535585403442
0.13596847653388977
0.7856466174125671
0.7734839916229248
0.0897437259554863
0.7200031876564026
0.02140554040670395
0.34064826369285583
0.5097726583480835
0.4476760923862457
0.6860690116882324
0.21063296496868134
0.2568753659725189
0.30493634939193726
0.9943689703941345
0.638054609298706
0.8319401144981384
0.05449255183339119
0.16238954663276672
0.0458977185189724
0.8770279288291931
0.8194844126701355
0.18447361886501312
0.7998446822166443
0.3917287290096283
0.5462325811386108
0.8224331140518188
0.001413519261404872
0.15124234557151794
0.16281527280807495
0.7330511212348938
0.19498568773269653
0.20520490407943726
0.8518276810646057
0.4865064322948456
0.01628330908715725
0.6589784026145935
0.7121194005012512
0.14684124290943146
0.818594217300415
0.9711849093437195
0.36503157019615173
0.823210597038269
0.11677949130535126
0.7630816102027893
0.28796616196632385
0.7416113615036011
0.41581836342811584
0.13131719827651978
0.054266780614852905
0.03424791619181633
0.28255823254585266
0.7768591642379761
0.46357813477516174
0.15098601579666138
0.3357662558555603
0.7417769432067871
0.9982150793075562
0.2742677927017212
0.3743748068809509
0.22508370876312256
0.256731241941452
0.6667097806930542
0.4260050356388092
0.9957372546195984
0.7171916961669922
0.3656269907951355
0.5266672372817993
0.19615183770656586
0.2866230309009552
0.10965405404567719
0.360355406999588
0.05676160380244255
0.49261733889579773
0.9735780358314514
0.7178857922554016
0.6749488711357117
0.5875520706176758
0.736473798751831
0.393533319234848
0.42824864387512207
0.05481467396020889
0.2627018392086029
0.5031684637069702
0.7436348795890808
0.4430300295352936
0.8342185020446777
0.09661591798067093
0.04003607854247093
0.6817681789398193
0.5723685026168823
0.47559648752212524
0.6016555428504944
0.4682028591632843
0.8749004602432251
0.5087031722068787
0.047311197966337204
0.5627763867378235
0.12834247946739197
0.2149774730205536
0.8562393188476562
0.9383701086044312
0.4546163082122803
0.6709235906600952
0.17229560017585754
0.31511014699935913
0.2849390506744385
0.8018446564674377
0.4601564109325409
0.3613015115261078
0.7938333749771118
0.15116971731185913
0.35198938846588135
0.5196375250816345
0.8386402130126953
0.3644213080406189
0.4333375096321106
0.029425835236907005
0.7901827096939087
0.07460524886846542
0.2803838551044464
0.476375013589859
0.08333770185709
0.10016485303640366
0.053194355219602585
0.3520408272743225
0.9331385493278503
0.64471834897995
0.6700224876403809
0.9787027835845947
0.6532289385795593
0.7760813236236572
0.5631928443908691
0.19108255207538605
0.5842313766479492
0.18297383189201355
0.9577662944793701
0.022429533302783966
0.7831405401229858
0.1444181501865387
0.054634664207696915
0.6749626994132996
0.34469854831695557
0.36314669251441956
0.15303978323936462
0.09704108536243439
0.9886622428894043
0.4170577824115753
0.7097445726394653
0.8575894832611084
0.14215373992919922
0.44130370020866394
0.39069032669067383
0.7255198955535889
0.7657896280288696
0.7190398573875427
0.7724745869636536
0.5513270497322083
0.9444668889045715
0.668300986289978
0.04723193868994713
0.40996992588043213
0.664392352104187
0.7822068929672241
0.9517382979393005
0.2043057233095169
0.1505037099123001
0.9126891493797302
0.016210222616791725
0.6000373959541321
0.768096923828125
0.5881822109222412
0.8999901413917542
0.10308275371789932
0.8373503684997559
0.5896310806274414
0.7254469394683838
0.6571710109710693
0.30910781025886536
0.6498417258262634
0.2414095401763916
0.2787257134914398
0.05957283079624176
0.11373227089643478
0.8354921340942383
0.700051486492157
0.20295783877372742
0.3771206736564636
0.583800196647644
0.24712342023849487
0.24191975593566895
0.3086145520210266
0.44525346159935
0.7830657362937927
0.11359217017889023
0.5338118672370911
0.13090844452381134
0.9648411273956299
0.42879483103752136
0.844380259513855
0.00838912557810545
0.2952953577041626
0.048197194933891296
0.2849212884902954
0.29827433824539185
0.8911443948745728
0.4043050706386566
0.3209087550640106
0.7839668393135071
0.6655060648918152
0.5669320821762085
0.2740074396133423
0.2601337134838104
0.042126260697841644
0.13177424669265747
0.6767676472663879
0.5401967167854309
0.7580215930938721
0.06485749036073685
0.027469690889120102
0.44170698523521423
0.19047382473945618
0.031161043792963028
0.7735429406166077
0.4616852104663849
0.15379685163497925
0.662768542766571
0.8588318228721619
0.17186002433300018
0.0974799320101738
0.7407574653625488
0.09189216047525406
0.6655256152153015
0.7270327210426331
0.2946293354034424
0.6270506381988525
0.9028303623199463
0.9974119663238525
0.3212723731994629
0.2538861334323883
0.173247292637825
0.1502845138311386
0.7043786644935608
0.8279426097869873
0.9920289516448975
0.4461469352245331
0.724436342716217
0.18693959712982178
0.9970693588256836
0.3285089433193207
0.6950669288635254
0.32915738224983215
0.7431191205978394
0.7943177819252014
0.9762022495269775
0.14812026917934418
0.5770841836929321
0.9128206372261047
0.5920195579528809
0.45891252160072327
0.12815488874912262
0.9105848073959351
0.8580597043037415
0.6495127081871033
0.5486586093902588
0.11143681406974792
0.9256051778793335
0.4620695412158966
0.061727363616228104
0.7871718406677246
0.7244084477424622
0.573143720626831
0.03357350081205368
0.06711556762456894
0.6500324010848999
0.8150027394294739
0.885522723197937
0.44779103994369507
0.6062353849411011
0.317681223154068
0.612714409828186
0.6925808787345886
0.21403147280216217
0.6927073001861572
0.3269052505493164
0.026196129620075226
0.13833467662334442
0.9457684755325317
0.9977902770042419
0.15550030767917633
0.9069504737854004
0.5914691686630249
0.7265316247940063
0.271267831325531
0.6953888535499573
0.04401755332946777
0.3241850733757019
0.9850148558616638
0.41351157426834106
0.41277173161506653
0.7383949160575867
0.2018565833568573
0.9575991630554199
0.7335024476051331
0.026359809562563896
0.3862987160682678
0.3473012447357178
0.5157927870750427
0.12877146899700165
0.5826361179351807
0.9620348811149597
0.12657760083675385
0.8743840456008911
0.5406568050384521
0.4469672441482544
0.1544262319803238
0.4437592625617981
0.5906425714492798
0.9963682293891907
0.22246053814888
0.7290679812431335
0.9032061696052551
0.15823957324028015
0.7418547868728638
0.7208510637283325
0.9317691326141357
0.49814775586128235
0.9867188930511475
0.6833603382110596
0.14224694669246674
0.3876470625400543
0.3281029462814331
0.5769680142402649
0.5093103051185608
0.7462430000305176
0.21098880469799042
0.7239593267440796
0.7870628237724304
0.9064041376113892
0.7825645804405212
0.6102749705314636
0.8922716975212097
0.42606914043426514
0.5593551397323608
0.48917442560195923
0.3997734487056732
0.1658274084329605
0.6870594024658203
0.5259513258934021
0.7260646224021912
0.606814444065094
0.18549217283725739
0.007174710743129253
0.6339768171310425
0.2316177934408188
0.5129062533378601
0.7142850756645203
0.8151283264160156
0.05224849283695221
0.10148797929286957
0.4775839149951935
0.894000232219696
0.3696516454219818
0.9168732762336731
0.8888615965843201
0.6270126700401306
0.7808953523635864
0.39708906412124634
0.4551756680011749
0.35093697905540466
0.32792145013809204
0.7433200478553772
0.8849951028823853
0.3017165958881378
0.891261875629425
0.24632342159748077
0.15393240749835968
0.5028084516525269
0.837096631526947
0.7754005789756775
0.4423477351665497
0.11971495300531387
0.9281558394432068
0.6024255752563477
0.6095864772796631
0.5371280312538147
0.6718854904174805
0.33927488327026367
0.08010591566562653
0.2871999144554138
0.905826985836029
0.7235435247421265
0.7594776153564453
0.6808240413665771
0.5337333679199219
0.6458092331886292
0.2429010570049286
0.975827693939209
0.07007540762424469
0.9691675305366516
0.7453736066818237
0.8809294104576111
0.19490033388137817
0.0864916518330574
0.7217363119125366
0.6288760900497437
0.3877796530723572
0.08287759870290756
0.07397471368312836
0.6256807446479797
0.8264147043228149
0.1918940395116806
0.8965638279914856
0.7999654412269592
0.5537442564964294
0.894777238368988
0.6222391128540039
0.6265442371368408
0.4651443064212799
0.2617865204811096
0.4207659065723419
0.5970261693000793
0.7851413488388062
0.3697673976421356
0.6048727631568909
0.8870352506637573
0.03171292692422867
0.7399789690971375
0.18280401825904846
0.7416521310806274
0.17633980512619019
0.4719914495944977
0.43801742792129517
0.4800944924354553
0.9218306541442871
0.6794930696487427
0.5581873655319214
0.5736420154571533
0.866550087928772
0.22055725753307343
0.531096339225769
0.8568044900894165
0.7117799520492554
0.10182584822177887
0.3330300748348236
0.16078896820545197
0.6131769418716431
0.8563946485519409
0.32511821389198303
0.9602470397949219
0.6784723401069641
0.2939986288547516
0.5951797962188721
0.25966206192970276
0.309674471616745
0.5414649248123169
0.1147172823548317
0.08502544462680817
0.7346706986427307
0.7616770267486572
0.07149765640497208
0.08626633137464523
0.8508071303367615
0.8509597778320312
0.462298184633255
0.6508129239082336
0.519490659236908
0.18495787680149078
0.23787298798561096
0.8328440189361572
0.36031171679496765
0.42951613664627075
0.7384346127510071
0.807207465171814
0.0861392393708229
0.2984272539615631
0.03682209923863411
0.5912820100784302
0.6578225493431091
0.5547661185264587
0.6288029551506042
0.3591323792934418
0.7425144910812378
0.4320170283317566
0.2390521615743637
0.7473036646842957
0.004010469187051058
0.8647888898849487
0.967082142829895
0.5967534184455872
0.14712664484977722
0.5327955484390259
0.5966985821723938
0.3605829179286957
0.2558943033218384
0.06737392395734787
0.6588782668113708
0.10584014654159546
0.026082951575517654
0.0017965459264814854
0.5442478656768799
0.6965964436531067
0.7869167327880859
0.916614830493927
0.9608405828475952
0.2235133945941925
0.819516122341156
0.7219387292861938
0.7840173244476318
0.8892369270324707
0.34101057052612305
0.48643648624420166
0.5842885971069336
0.5135170221328735
0.8247067332267761
0.3797697126865387
0.41673386096954346
0.7468215227127075
0.6130252480506897
0.1389971524477005
0.6834519505500793
0.14680349826812744
0.6404641270637512
0.9470092058181763
0.3420758843421936
0.33372148871421814
0.5047141313552856
0.5635780692100525
0.9466294646263123
0.5830578804016113
0.10659558326005936
0.4366419315338135
0.31128957867622375
0.1319102793931961
0.37512442469596863
0.5255739092826843
0.7343053817749023
0.4164062440395355
0.41402649879455566
0.9096684455871582
0.10543231666088104
0.3978453576564789
0.5869360566139221
0.544983446598053
0.797976553440094
0.7758445739746094
0.819280207157135
0.36268553137779236
0.072774738073349
0.25112977623939514
0.7510448694229126
0.9161431193351746
0.24999389052391052
0.5332328081130981
0.5693187713623047
0.9315992593765259
0.5767439603805542
0.0950840413570404
0.39613091945648193
0.4772017300128937
0.07140062004327774
0.31588825583457947
0.712205708026886
0.08579736948013306
0.3932255804538727
0.7257267832756042
0.4684455692768097
0.41900280117988586
0.02481403760612011
0.5900472402572632
0.23667243123054504
0.08133052289485931
0.682907223701477
0.5374712347984314
0.839928388595581
0.08844202011823654
0.5372872948646545
0.7325069904327393
0.4247380793094635
0.5621914267539978
0.49446529150009155
0.9830725789070129
0.9211658239364624
0.06225597485899925
0.174679696559906
0.7692080736160278
0.7751151323318481
0.12413734197616577
0.21002574265003204
0.3552103340625763
0.608895480632782
0.7307102084159851
0.3556758463382721
0.28606268763542175
0.794750452041626
0.5407460927963257
0.6020672917366028
0.6345046758651733
0.6470699310302734
0.9973264932632446
0.8318748474121094
0.7586479187011719
0.20138166844844818
0.9108545780181885
0.3666125535964966
0.5796371102333069
0.42916107177734375
0.9677842259407043
0.397624671459198
0.03483108431100845
0.3600340783596039
0.565654993057251
0.9179202318191528
0.8794907927513123
0.44824233651161194
0.6686732172966003
0.16594457626342773
0.6046375632286072
0.36255404353141785
0.8576857447624207
0.33816108107566833
0.5589997172355652
0.6767479181289673
0.8403189182281494
0.9558089971542358
0.11978595703840256
0.5401560068130493
0.3580576479434967
0.794373095035553
0.571375846862793
0.46714264154434204
0.2859565019607544
0.7098055481910706
0.5058991312980652
0.1051088348031044
0.6272696852684021
0.05338723957538605
0.45532459020614624
0.587558388710022
0.6284093856811523
0.5167267918586731
0.24156440794467926
0.10554280877113342
0.16617809236049652
0.6062684059143066
0.5725306272506714
0.1926906257867813
0.6404765248298645
0.7894465327262878
0.6112029552459717
0.8265217542648315
0.4602925479412079
0.19993488490581512
0.18079298734664917
0.5313814282417297
0.8181226253509521
0.04489338770508766
0.07965020835399628
0.6676208972930908
0.9140644669532776
0.5015981793403625
0.014624801464378834
0.43209609389305115
0.24317653477191925
0.17113693058490753
0.4408034086227417
0.7649850845336914
0.039688318967819214
0.1779043972492218
0.09257367253303528
0.2029079645872116
0.4090280830860138
0.12264452129602432
0.9629815816879272
0.49923285841941833
0.22650614380836487
0.04569992423057556
0.5068710446357727
0.27122294902801514
0.4484151303768158
0.7078385353088379
0.2375280112028122
0.5975238084793091
0.944290816783905
0.0401260182261467
0.48760849237442017
0.9413784146308899
0.004787128884345293
0.2284306436777115
0.21633854508399963
0.08075697720050812
0.6892690062522888
0.10726172477006912
0.769465446472168
0.3664538860321045
0.6848433613777161
0.07060389965772629
0.3914519250392914
0.6271870136260986
0.742582380771637
0.4015811085700989
0.10836140811443329
0.8250930905342102
0.3559197783470154
0.4233756959438324
0.3091278076171875
0.574012041091919
0.5221135020256042
0.08373542129993439
0.5390370488166809
0.9695917963981628
0.3764091432094574
0.2544551193714142
0.4842614531517029
0.9642202854156494
0.8646926879882812
0.6151518821716309
0.9704796671867371
0.9239048957824707
0.6846623420715332
0.06909643858671188
0.510047197341919
0.2809344530105591
0.3290891945362091
0.20047569274902344
0.933423638343811
0.612022876739502
0.881229043006897
0.17149975895881653
0.8899624347686768
0.20824319124221802
0.6916651725769043
0.9545088410377502
0.4437486529350281
0.6914868354797363
0.9602144956588745
0.767020046710968
0.6402998566627502
0.1896352916955948
0.5769479274749756
0.3768892288208008
0.3401285409927368
0.9044752717018127
0.7898669838905334
0.035777997225522995
0.34012019634246826
0.24141651391983032
0.8302735686302185
0.380999356508255
0.559598445892334
0.3183805048465729
0.7273786067962646
0.2907492518424988
0.8542358875274658
0.8092369437217712
0.9866350889205933
0.6148999333381653
0.7821727991104126
0.18878474831581116
0.05168062821030617
0.9033670425415039
0.6161222457885742
0.5000145435333252
0.40581151843070984
0.659718930721283
0.3277152478694916
0.09705996513366699
0.7706907987594604
0.6634597778320312
0.35918760299682617
0.009409168735146523
0.6073670387268066
0.6036431789398193
0.13371019065380096
0.5087515115737915
0.49317336082458496
0.22843116521835327
0.5682705640792847
0.3972533047199249
0.4742814004421234
0.49330997467041016
0.973284125328064
0.023771492764353752
0.47433042526245117
0.08414441347122192
0.7474600672721863
0.04420386627316475
0.6723445653915405
0.5335828065872192
0.6948539018630981
0.8896413445472717
0.770514726638794
0.9670488238334656
0.028400590643286705
0.6679793000221252
0.8839250206947327
0.054357510060071945
0.07802050560712814
0.7864803671836853
0.6390700340270996
0.1445789337158203
0.9273863434791565
0.9021759629249573
0.43616434931755066
0.9348071217536926
0.3932633399963379
0.3044741749763489
0.9135677218437195
0.17611002922058105
0.4948916733264923
0.8267947435379028
0.5068311095237732
0.15714436769485474
0.3528010845184326
0.6311933398246765
0.7330812811851501
0.06809993088245392
0.9886870980262756
0.365558922290802
0.032183848321437836
0.20929621160030365
0.7920560240745544
0.4569474458694458
0.5278109908103943
0.2597908079624176
0.00040179540519602597
0.3244848847389221
0.2201026976108551
0.5295900106430054
0.24787794053554535
0.22191187739372253
0.2853749096393585
0.18336480855941772
0.8221993446350098
0.23328854143619537
0.2787397503852844
0.14829093217849731
0.15152642130851746
0.4070548415184021
0.21273988485336304
0.1627783626317978
0.2507604658603668
0.8934062719345093
0.40422528982162476
0.626124918460846
0.7624551653862
0.9661736488342285
0.8457168936729431
0.7060578465461731
0.8030052781105042
0.1214904934167862
0.67839115858078
0.5173928737640381
0.4692947566509247
0.24816158413887024
0.9050905704498291
0.10282138735055923
0.3820631504058838
0.8824673891067505
0.8030909895896912
0.7767057418823242
0.5107670426368713
0.33315789699554443
0.898902177810669
0.994958758354187
0.7355275750160217
0.709999144077301
0.5197427868843079
0.8794009685516357
0.9323781728744507
0.047587040811777115
0.5426610708236694
0.44655537605285645
0.09896275401115417
0.4481635093688965
0.0762491375207901
0.8675721287727356
0.8034541010856628
0.6606764793395996
0.2922806143760681
0.7763521671295166
0.3767504096031189
0.4170994162559509
0.4369101822376251
0.10624437779188156
0.325043648481369
0.5788446664810181
0.02243797294795513
0.3315613269805908
0.3839188814163208
0.6198062300682068
0.9521563053131104
0.6442118883132935
0.7073832750320435
0.05008372664451599
0.5761754512786865
0.08041757345199585
0.6276125311851501
0.7218659520149231
0.9547433853149414
0.6835353374481201
0.8642974495887756
0.20402361452579498
0.7740350365638733
0.5728838443756104
0.9119543433189392
0.7052040696144104
0.0921742394566536
0.23178011178970337
0.12213938683271408
0.9000396728515625
0.4706874191761017
0.8525577783584595
0.2826017439365387
0.8586792349815369
0.023115117102861404
0.9707821011543274
0.160879984498024
0.11517079919576645
0.6574727296829224
0.496533066034317
0.004291646182537079
0.4033718407154083
0.8538012504577637
0.38495850563049316
0.25979772210121155
0.5035127997398376
0.10941392183303833
0.954631507396698
0.9247947335243225
0.6763262748718262
0.7281012535095215
0.914381742477417
0.13500891625881195
0.28505924344062805
0.9720590114593506
0.09127353876829147
0.3512398600578308
0.7518386840820312
0.23485133051872253
0.8787310123443604
0.40953800082206726
0.6630903482437134
0.505543053150177
0.2812957763671875
0.5256680846214294
0.9361932873725891
0.47196996212005615
0.5194621682167053
0.2808571755886078
0.2813105583190918
0.6207618117332458
0.9415180683135986
0.3271631896495819
0.7764583826065063
0.8968028426170349
0.5196119546890259
0.12232670933008194
0.46001821756362915
0.36912253499031067
0.9616950154304504
0.1790107637643814
0.23673848807811737
0.8846717476844788
0.5189945101737976
0.8695535063743591
0.34883835911750793
0.9547279477119446
0.03489910438656807
0.3114579916000366
0.9730523824691772
0.19378559291362762
0.4136906862258911
0.019325634464621544
0.05825061723589897
0.3088410198688507
0.3670381009578705
0.653340756893158
0.2535075545310974
0.031713731586933136
0.333854079246521
0.4525258541107178
0.9473816156387329
0.2831132411956787
0.5393688678741455
0.06591318547725677
0.9446902871131897
0.19634217023849487
0.6695551872253418
0.812167763710022
0.316842257976532
0.08394027501344681
0.8284284472465515
0.1821562796831131
0.9285101890563965
0.9651878476142883
0.19839629530906677
0.1558743119239807
0.43516188859939575
0.4335792660713196
0.6504887342453003
0.43549129366874695
0.16004285216331482
0.908709704875946
0.3703064024448395
0.6831104159355164
0.4586630165576935
0.27954062819480896
0.9097157120704651
0.8403823971748352
0.4122432768344879
0.4775600731372833
0.8934239745140076
0.14318981766700745
0.06142357364296913
0.9892202615737915
0.9767947793006897
0.976858913898468
0.4218878149986267
0.3589814305305481
0.47799092531204224
0.2578304708003998
0.17184151709079742
0.585325300693512
0.7376589179039001
0.06513192504644394
0.6843551993370056
0.9256042242050171
0.3173823952674866
0.3727388381958008
0.9274759292602539
0.24921157956123352
0.6073756217956543
0.11219161003828049
0.5282898545265198
0.582265317440033
0.7939711809158325
0.7060219049453735
0.5488806366920471
0.08480136096477509
0.9239006638526917
0.2940104007720947
0.052308205515146255
0.602045476436615
0.6014065146446228
0.7603910565376282
0.5743285417556763
0.4190560579299927
0.08100847899913788
0.18686796724796295
0.3567700684070587
0.8743638396263123
0.3708600699901581
0.7978547215461731
0.6904727816581726
0.916138231754303
0.15425428748130798
0.476139634847641
0.6596513390541077
0.2172723114490509
0.4822874367237091
0.27674251794815063
0.2905251085758209
0.5862777829170227
0.5791459679603577
0.17998844385147095
0.6918244361877441
0.5009534358978271
0.828964114189148
0.30712124705314636
0.45044150948524475
0.45290130376815796
0.5030226707458496
0.05573820695281029
0.5460876226425171
0.2983144521713257
0.30731073021888733
0.6331057548522949
0.4717927575111389
0.6079558730125427
0.5570391416549683
0.0002229329402325675
0.9162697792053223
0.574237585067749
0.07677106559276581
0.06377514451742172
0.9151058197021484
0.5958544015884399
0.3848990201950073
0.99785977602005
0.7469830513000488
0.37652838230133057
0.3706655502319336
0.007733292877674103
0.6824972629547119
0.48709818720817566
0.31810468435287476
0.44108161330223083
0.11017262190580368
0.1436699479818344
0.022329499945044518
0.10605185478925705
0.45478105545043945
0.5449337363243103
0.01000900287181139
0.3479835093021393
0.539375364780426
0.5917879939079285
0.24565128982067108
0.3678728938102722
0.24054044485092163
0.5676418542861938
0.44023042917251587
0.9433856010437012
0.831769585609436
0.7870997786521912
0.7969502210617065
0.9183963537216187
0.595149040222168
0.2882910668849945
0.6914272904396057
0.3780435025691986
0.23412330448627472
0.6815318465232849
0.506835401058197
0.1657131165266037
0.8878067135810852
0.7448464632034302
0.8073021769523621
0.079457126557827
0.60617995262146
0.2226249724626541
0.2659023702144623
0.9097099900245667
0.6378275752067566
0.2783772647380829
0.6014595031738281
0.08066685497760773
0.8023485541343689
0.804513156414032
0.2331000715494156
0.3756729066371918
0.8213918209075928
0.6901671290397644
0.7292108535766602
0.04140808805823326
0.5997886061668396
0.5320948958396912
0.24281126260757446
0.8726149797439575
0.02046346105635166
0.45644649863243103
0.7620024085044861
0.08606141060590744
0.9503302574157715
0.7924064993858337
0.36679384112358093
0.8199397921562195
0.47957897186279297
0.931140661239624
0.9065287113189697
0.878607451915741
0.05509088933467865
0.006401857826858759
0.7483774423599243
0.2393835037946701
0.5129339694976807
0.3603760600090027
0.5321303606033325
0.7521299123764038
0.5598295331001282
0.5705944299697876
0.6582145690917969
0.8481218218803406
0.007094881031662226
0.7465287446975708
0.9794143438339233
0.6559005975723267
0.09568116068840027
0.10224546492099762
0.7293543815612793
0.029924800619482994
0.8596370816230774
0.5888306498527527
0.8088688850402832
0.9116272926330566
0.4802766740322113
0.04285429045557976
0.2691161334514618
0.19309434294700623
0.3429700434207916
0.4579417407512665
0.6031355261802673
0.7053947448730469
0.996599555015564
0.17627757787704468
0.3464868664741516
0.5969515442848206
0.36802616715431213
0.2281036674976349
0.859149694442749
0.5713119506835938
0.20808370411396027
0.8307192325592041
0.8142356276512146
0.14776979386806488
0.6209865212440491
0.5978919863700867
0.6620741486549377
0.21619901061058044
0.8012330532073975
0.8576865792274475
0.4929909408092499
0.8002795577049255
0.42195194959640503
0.8005339503288269
0.4610353112220764
0.16163146495819092
0.1330307424068451
0.28988775610923767
0.30739283561706543
0.1475975513458252
0.5395404100418091
0.1844208538532257
0.3043375611305237
0.8387886881828308
0.3108140528202057
0.33353951573371887
0.7570551037788391
0.0909171849489212
0.3487382233142853
0.5594499707221985
0.18273970484733582
0.35692957043647766
0.7185647487640381
0.43084362149238586
0.05660368129611015
0.16221299767494202
0.9317006468772888
0.6847658157348633
0.39366814494132996
0.17071105539798737
0.4528273344039917
0.976945698261261
0.06165718659758568
0.3864016532897949
0.5992859601974487
0.07131665199995041
0.6947981119155884
0.5501124262809753
0.6734240055084229
0.35174089670181274
0.2352936714887619
0.12027252465486526
0.04316802695393562
0.24448297917842865
0.9971213340759277
0.5395592451095581
0.049335263669490814
0.42591625452041626
0.35296136140823364
0.6734249591827393
0.024698562920093536
0.7471171021461487
0.8039945363998413
0.5831092596054077
0.09436892718076706
0.6301039457321167
0.45716503262519836
0.9741080403327942
0.6544658541679382
0.8008148074150085
0.7749898433685303
0.09808274358510971
0.883563220500946
0.35168376564979553
0.7196831703186035
0.45429179072380066
0.8582515120506287
0.4489589035511017
0.261043906211853
0.40976205468177795
0.5081414580345154
0.04053974524140358
0.4387182295322418
0.4674382507801056
0.2115478813648224
0.6445475220680237
0.766044557094574
0.17840974032878876
0.6277763843536377
0.32963699102401733
0.29000359773635864
0.628472626209259
0.42204952239990234
0.5724332332611084
0.37956541776657104
0.6610950827598572
0.03578910604119301
0.23602020740509033
0.03295411914587021
0.19413191080093384
0.47009027004241943
0.7763522267341614
0.49375975131988525
0.8618783950805664
8.962525316746905e-05
0.11297891288995743
0.8095943927764893
0.11252046376466751
0.6523441672325134
0.2773247957229614
0.793349027633667
0.16132575273513794
0.3027476668357849
0.4934440553188324
0.6348354816436768
0.6824331283569336
0.530807375907898
0.3103632926940918
0.4059406816959381
0.5708411335945129
0.31436628103256226
0.6080604195594788
0.5807017683982849
0.739260196685791
0.4078831076622009
0.18862630426883698
0.6983252763748169
0.0507686473429203
0.19316139817237854
0.8298639059066772
0.38814860582351685
0.45917484164237976
0.5251656770706177
0.048509299755096436
0.22364769876003265
0.4678930640220642
0.760841429233551
0.8106980919837952
0.7401988506317139
0.258495569229126
0.6173564195632935
0.5225257873535156
0.32301080226898193
0.7609398365020752
0.4317118525505066
0.6404202580451965
0.8306740522384644
0.07476615905761719
0.10675282031297684
0.7676419615745544
0.4444483816623688
0.7901007533073425
0.6729915738105774
0.7385220527648926
0.9086114168167114
0.08837635070085526
0.21455878019332886
0.9792119860649109
0.7851290106773376
0.36332428455352783
0.6653317809104919
0.36542701721191406
0.7942657470703125
0.8602121472358704
0.67755526304245
0.21556277573108673
0.8620011210441589
0.2872835397720337
0.5361046195030212
0.24736259877681732
0.6081370711326599
0.15623003244400024
0.8867601752281189
0.012231460772454739
0.13265307247638702
0.5659046173095703
0.5163179039955139
0.7282396554946899
0.6603697538375854
0.5983175039291382
0.7861389517784119
0.16503512859344482
0.8163257241249084
0.02285989373922348
0.30121713876724243
0.4362484812736511
0.2685859799385071
0.04020935297012329
0.45051127672195435
0.4844226539134979
0.2865186631679535
0.9948574304580688
0.4685323238372803
0.9322057366371155
0.7607633471488953
0.023049790412187576
0.008664065971970558
0.7298638820648193
0.9899814128875732
0.5265774130821228
0.6110824942588806
0.8829293847084045
0.013628726825118065
0.6899406909942627
0.01918746903538704
0.6241055727005005
0.5811449885368347
0.8711702823638916
0.8858568072319031
0.9642652273178101
0.5292086005210876
0.11730100214481354
0.584650456905365
0.15749220550060272
0.6965975761413574
0.06649000942707062
0.4902724325656891
0.870877206325531
0.3828064203262329
0.2617727518081665
0.420770525932312
0.5710132122039795
0.21733836829662323
0.791023850440979
0.48455315828323364
0.14008930325508118
0.18265913426876068
0.321760892868042
0.37155717611312866
0.9992921352386475
0.06729930639266968
0.2818982005119324
0.21325814723968506
0.9718679785728455
0.7772083878517151
0.8423640727996826
0.12379814684391022
0.8612260222434998
0.1921701431274414
0.409538209438324
0.5677682757377625
0.38438400626182556
0.8333191275596619
0.9043145179748535
0.08396930247545242
0.5639750957489014
0.4089192748069763
0.5833553075790405
0.46197089552879333
0.24133387207984924
0.01523562427610159
0.68541020154953
0.22561605274677277
0.5757288932800293
0.46784234046936035
0.7051085829734802
0.7535714507102966
0.9698719382286072
0.5821673274040222
0.126516193151474
0.9460391402244568
0.8513101935386658
0.3172632157802582
0.44206807017326355
0.17908139526844025
0.04307733103632927
0.8681333661079407
0.12661808729171753
0.09257230162620544
0.75788414478302
0.8815531730651855
0.5566390156745911
0.5546960234642029
0.8613306879997253
0.896073043346405
0.6022198796272278
0.6140053868293762
0.7574756741523743
0.5257045030593872
0.44787606596946716
0.07091178745031357
0.664047122001648
0.8106706142425537
0.4039393663406372
0.2847757339477539
0.9455614686012268
0.5215177536010742
0.9880437254905701
0.6091644167900085
0.3411886692047119
0.33295875787734985
0.07715221494436264
0.7631105184555054
0.8917895555496216
0.5286134481430054
0.8187785744667053
0.5658309459686279
0.94422447681427
0.8357263803482056
0.36729347705841064
0.49978572130203247
0.5877365469932556
0.706926703453064
0.9145022630691528
0.9339810013771057
0.904843270778656
0.002129752654582262
0.3940015137195587
0.9370556473731995
0.6082108020782471
0.02388009987771511
0.20450939238071442
0.2627754211425781
0.007019657641649246
0.8332118391990662
0.31605833768844604
0.2663017809391022
0.3077529966831207
0.5767498016357422
0.7754198312759399
0.7098070383071899
0.09333297610282898
0.41777536273002625
0.5415211319923401
0.7044619917869568
0.5926992893218994
0.8049719929695129
0.12225469201803207
0.1119953989982605
0.8619067668914795
0.6717243790626526
0.575044572353363
0.02093391679227352
0.2674272656440735
0.31094440817832947
0.08737057447433472
0.7501652240753174
0.8455061912536621
0.9996675252914429
0.5126775503158569
0.2587133049964905
0.948646068572998
0.34753042459487915
0.8726561069488525
0.6428000926971436
0.05307374894618988
0.7186119556427002
0.14732229709625244
0.4117704927921295
0.10018067806959152
0.14182445406913757
0.15962471067905426
0.38823840022087097
0.4553796350955963
0.6775364875793457
0.8644057512283325
0.34171709418296814
0.10063266009092331
0.19176191091537476
0.7021759152412415
0.15423937141895294
0.8829265236854553
0.684053361415863
0.7348858714103699
0.1289251446723938
0.33720195293426514
0.4675549268722534
0.2568892240524292
0.8542152047157288
0.9256540536880493
0.7020435333251953
0.30853480100631714
0.6432652473449707
0.9820389151573181
0.6652358770370483
0.7081939578056335
0.9887507557868958
0.09698130935430527
0.7309356331825256
0.8490167856216431
0.14428070187568665
0.040265925228595734
0.8455464243888855
0.7664108276367188
0.32916197180747986
0.3238767385482788
0.5191726684570312
0.6943550705909729
0.0973021611571312
0.5026664137840271
0.7324644327163696
0.4475868344306946
0.6937918066978455
0.8919671773910522
0.19324900209903717
0.9375593662261963
0.3203482925891876
0.5157818794250488
0.29642584919929504
0.2870647609233856
0.6280338764190674
0.8469101786613464
0.653053343296051
0.7585259079933167
0.5637896656990051
0.4558524489402771
0.3759283423423767
0.9293604493141174
0.1676250845193863
0.6075959205627441
0.7361326217651367
0.6427076458930969
0.3000795543193817
0.6461998820304871
0.22146224975585938
0.36457645893096924
0.3829561769962311
0.7522081136703491
0.7164041996002197
0.3476164937019348
0.663882851600647
0.8119490742683411
0.6987590193748474
0.02854222059249878
0.5657035708427429
0.06847046315670013
0.9374836683273315
0.08815176039934158
0.4087986946105957
0.703576922416687
0.3293209969997406
0.8433654308319092
0.7756124138832092
0.13739247620105743
0.1678595244884491
0.39697885513305664
0.03999989852309227
0.2841387689113617
0.46531304717063904
0.3784765303134918
0.5845189094543457
0.3553878664970398
0.15015552937984467
0.49890193343162537
0.3317210078239441
0.30671530961990356
0.9442762136459351
0.08272937685251236
0.8608303070068359
0.7244023680686951
0.9181534647941589
0.017367422580718994
0.36533457040786743
0.7320601940155029
0.3177282214164734
0.14587359130382538
0.009259050711989403
0.8555262088775635
0.35002824664115906
0.3107437491416931
0.4752286672592163
0.042072396725416183
0.8506433367729187
0.12975038588047028
0.4277074635028839
0.4153392016887665
0.7179520130157471
0.4248759150505066
0.26492825150489807
0.5468146800994873
0.23205821216106415
0.6876359581947327
0.9344087839126587
0.3518744707107544
0.16242358088493347
0.7860180139541626
0.5344029664993286
0.3728185296058655
0.789367139339447
0.8600069880485535
0.9279274344444275
0.22653162479400635
0.5241844058036804
0.6016748547554016
0.18544024229049683
0.9602003693580627
0.02818991430103779
0.2715403437614441
0.8480778932571411
0.32851532101631165
0.8300206065177917
0.2515641748905182
0.6178829073905945
0.22526825964450836
0.5928829908370972
0.8294408321380615
0.8641825914382935
0.821437418460846
0.8845518827438354
0.7596319317817688
0.6705514192581177
0.7825151085853577
0.3099965453147888
0.5163539052009583
0.12344973534345627
0.0007423004135489464
0.5009075403213501
0.6854032278060913
0.9958547353744507
0.25688329339027405
0.30079522728919983
0.1466079205274582
0.01507007610052824
0.9819858074188232
0.24918553233146667
0.9812164902687073
0.915723979473114
0.05314391106367111
0.6718133091926575
0.8160763382911682
0.49322259426116943
0.5608556866645813
0.586821436882019
0.5462527275085449
0.809112548828125
0.6143100261688232
0.9382439255714417
0.05794481933116913
0.6602240204811096
0.2183275669813156
0.9453606605529785
0.9533347487449646
0.13546884059906006
0.1488967090845108
0.58792644739151
0.12520666420459747
0.8113914728164673
0.4219840466976166
0.9587114453315735
0.4313153326511383
0.19919154047966003
0.8765454292297363
0.07134494930505753
0.15939611196517944
0.19323688745498657
0.9245902895927429
0.4384557008743286
0.33912593126296997
0.032223302870988846
0.4123443365097046
0.9775177836418152
0.0867396891117096
0.5868685245513916
0.7196576595306396
0.3471558094024658
0.13819865882396698
0.4238748848438263
0.6772403120994568
0.8630499243736267
0.4823579788208008
0.8653052449226379
0.8039808869361877
0.3806345462799072
0.7081012725830078
0.9421558380126953
0.4472154676914215
0.2952825129032135
0.3565661311149597
0.8426954746246338
0.6872403621673584
0.2158956080675125
0.8937676548957825
0.7213517427444458
0.002229498466476798
0.9717444181442261
0.3547002673149109
0.22291043400764465
0.5328113436698914
0.20961903035640717
0.27501997351646423
0.3746487498283386
0.46587899327278137
0.46942633390426636
0.31056681275367737
0.01137885544449091
0.8786841630935669
0.5905806422233582
0.3174930214881897
0.9907608032226562
0.5653084516525269
0.6909859776496887
0.4974411129951477
0.23401427268981934
0.4283994138240814
0.9039175510406494
0.6641671061515808
0.6617928147315979
0.08888599276542664
0.8792970180511475
0.6221498847007751
0.9957731366157532
0.7603669762611389
0.08709535747766495
0.5507333278656006
0.3474697768688202
0.5451428294181824
0.6380162239074707
0.028096551075577736
0.25759467482566833
0.40378493070602417
0.99702388048172
0.01877281814813614
0.6808990836143494
0.1197132095694542
0.2564091682434082
0.11982133984565735
0.7336240410804749
0.6345437169075012
0.20442016422748566
0.20999136567115784
0.94087815284729
0.9538323879241943
0.22832846641540527
0.6547485589981079
0.5866506695747375
0.15586180984973907
0.8237149119377136
0.5624326467514038
0.694563627243042
0.18384605646133423
0.3225465416908264
0.6039392948150635
0.306673526763916
0.3748975694179535
0.2725256085395813
0.4496844410896301
0.7822014093399048
0.11589673906564713
0.7863795161247253
0.4320339262485504
0.6751577258110046
0.8361279368400574
0.11503122001886368
0.9673882126808167
0.02737225405871868
0.3370286226272583
0.39476197957992554
0.0574994757771492
0.4551089406013489
0.1525198221206665
0.9477993845939636
0.5306851863861084
0.20329080522060394
0.2520521581172943
0.29176947474479675
0.6323434114456177
0.44267287850379944
0.12256127595901489
0.36829236149787903
0.8029680848121643
0.896695613861084
0.6724227666854858
0.11816971004009247
0.3736713230609894
0.32071906328201294
0.4629441201686859
0.7090596556663513
0.24796274304389954
0.6929976344108582
0.538568913936615
0.18700088560581207
0.6752426028251648
0.46867576241493225
0.25727978348731995
0.4920376241207123
0.7567991018295288
0.7023901343345642
0.6192925572395325
0.5211851596832275
0.1470058262348175
0.47199878096580505
0.0596686527132988
0.9321095943450928
0.2022930532693863
0.5092605948448181
0.5531506538391113
0.9413325786590576
0.5395714640617371
0.3490792512893677
0.80320143699646
0.40796348452568054
0.13236647844314575
0.01191502995789051
0.6581900715827942
0.5056778788566589
0.1610872596502304
0.7112615704536438
0.6866946816444397
0.49227261543273926
0.36988112330436707
0.3045000433921814
0.5061243176460266
0.5099304914474487
0.3264453113079071
0.6267595291137695
0.14235113561153412
0.8311967849731445
0.31995442509651184
0.05480775609612465
0.2437610626220703
0.9348306655883789
0.3625580072402954
0.5142698884010315
0.8801290988922119
0.07959771901369095
0.8314123749732971
0.8515506982803345
0.8451672196388245
0.17004245519638062
0.20489434897899628
0.16899627447128296
0.3540944755077362
0.6163287162780762
0.23153255879878998
0.13912652432918549
0.7996758818626404
0.9402868747711182
0.9236733317375183
0.2594381868839264
0.48372170329093933
0.554832398891449
0.6342813968658447
0.8358989357948303
0.7103367447853088
0.8417969942092896
0.5607831478118896
0.5782723426818848
0.17246171832084656
0.14442379772663116
0.8584801554679871
0.5838162899017334
0.34650036692619324
0.6584385633468628
0.6465441584587097
0.48118820786476135
0.9810996055603027
0.9274218678474426
0.5845533609390259
0.16921019554138184
0.4930116832256317
0.044328734278678894
0.6459524035453796
0.8982774019241333
0.49747100472450256
0.2786898612976074
0.8662166595458984
0.7099418044090271
0.1908537596464157
0.9955375790596008
0.35379758477211
0.5266647934913635
0.6091198325157166
0.11620867997407913
0.6227898597717285
0.16555246710777283
0.22795066237449646
0.5239653587341309
0.7772977948188782
0.48664504289627075
0.9697540998458862
0.6728313565254211
0.9642339944839478
0.3657403588294983
0.33844172954559326
0.5517454147338867
0.6102421879768372
0.30232736468315125
0.5450852513313293
0.05022084712982178
0.9744274616241455
0.7734872698783875
0.8418174982070923
0.6977660059928894
0.5774047374725342
0.5464589595794678
0.3498065173625946
0.858016312122345
0.6595350503921509
0.7437828183174133
0.10227090120315552
0.6045075058937073
0.9478915333747864
0.590718150138855
0.5945886373519897
0.16418786346912384
0.8489859104156494
0.12217142432928085
0.2680399417877197
0.007235843688249588
0.2769313454627991
0.651503324508667
0.8910205960273743
0.8469762802124023
0.9478198289871216
0.3312874138355255
0.796507716178894
0.7592055201530457
0.5317133665084839
0.04996423050761223
0.9317650198936462
0.9789585471153259
0.09192269295454025
0.5732287168502808
0.4553588330745697
0.9701116681098938
0.011883886530995369
0.7241846323013306
0.8333887457847595
0.08984926342964172
0.45491376519203186
0.36812010407447815
0.6971296072006226
0.45241329073905945
0.8075017333030701
0.35828062891960144
0.3251856863498688
0.10364168137311935
0.6281388401985168
0.6293275952339172
0.851489245891571
0.1260601133108139
0.2047908753156662
0.2075897604227066
0.6863482594490051
0.08150664716959
0.7211282849311829
0.17114509642124176
0.600358784198761
0.8265435099601746
0.9548124074935913
0.3446972072124481
0.5374405980110168
0.8431432843208313
0.3020296096801758
0.4024752378463745
0.8521498441696167
0.20733512938022614
0.10022454708814621
0.9191227555274963
0.9727932214736938
0.18589195609092712
0.24284596741199493
0.34068167209625244
0.8756744861602783
0.47597259283065796
0.6632717251777649
0.5428181290626526
0.977074384689331
0.041238535195589066
0.3638193607330322
0.6218863129615784
0.7261707782745361
0.5117818117141724
0.586447536945343
0.8119239807128906
0.432157039642334
0.005774104967713356
0.4712907671928406
0.9902161955833435
0.06727136671543121
0.16208675503730774
0.6992104649543762
0.2621303200721741
0.4461056888103485
0.23577269911766052
0.33159714937210083
0.10864850878715515
0.6151817440986633
0.9866154789924622
0.9482381939888
0.20019882917404175
0.45602935552597046
0.15580514073371887
0.03786113113164902
0.019214458763599396
0.7538754940032959
0.6240546107292175
0.6844704151153564
0.5855924487113953
0.1457916647195816
0.3121205270290375
0.9951708316802979
0.9981105327606201
0.7956342697143555
0.05784676969051361
0.24392041563987732
0.9917759299278259
0.6550571918487549
0.9602020978927612
0.5527729988098145
0.18708691000938416
0.43970605731010437
0.783691942691803
0.2525303065776825
0.9299785494804382
0.4097761809825897
0.48451557755470276
0.2789360284805298
0.08020807802677155
0.07101912796497345
0.6315098404884338
0.9128668904304504
0.5227309465408325
0.28714096546173096
0.9052714705467224
0.11114951968193054
0.32989636063575745
0.7913135290145874
0.9927195310592651
0.2574966847896576
0.7432606816291809
0.3780815601348877
0.9841765761375427
0.4366963803768158
0.6224846839904785
0.6271597146987915
0.5892685055732727
0.6526238322257996
0.5120982527732849
0.11944764107465744
0.8065680861473083
0.6474747657775879
0.2906155288219452
0.7984460592269897
0.6709041595458984
0.5083527565002441
0.8117445707321167
0.46046727895736694
0.41714128851890564
0.053499795496463776
0.401218980550766
0.30183807015419006
0.9601287245750427
0.958499550819397
0.34069129824638367
0.8565645217895508
0.7974559664726257
0.2517806887626648
0.3504577577114105
0.09088549762964249
0.19094280898571014
0.7068536877632141
0.6019752025604248
0.7817133665084839
0.7421721816062927
0.2032039314508438
0.8447219133377075
0.8024076819419861
0.10112699121236801
0.42279329895973206
0.9095811247825623
0.35999083518981934
0.9874887466430664
0.8733728528022766
0.9501054286956787
0.962049663066864
0.7220731973648071
0.9834946990013123
0.46321552991867065
0.3506433963775635
0.22614362835884094
0.3789905309677124
0.128273144364357
0.5461683869361877
0.02591414749622345
0.8083820939064026
0.4465472102165222
0.24845443665981293
0.4012078642845154
0.6800909638404846
0.44156092405319214
0.7681839466094971
0.00678575923666358
0.20121444761753082
0.07902196794748306
0.1640966683626175
0.5848824977874756
0.5750934481620789
0.9786974191665649
0.9599298238754272
0.9309818744659424
0.2605324685573578
0.9947111010551453
0.3441857695579529
0.6478326320648193
0.6676915287971497
0.1433716118335724
0.7085977792739868
0.8137604594230652
0.8480242490768433
0.4491761326789856
0.9600068926811218
0.13808709383010864
0.9350725412368774
0.5677465200424194
0.09066924452781677
0.9970898032188416
0.034988660365343094
0.6711320281028748
0.7689498066902161
0.3021964430809021
0.7658831477165222
0.08608614653348923
0.8829238414764404
0.3689718246459961
0.1694277673959732
0.9558237195014954
0.7178728580474854
0.3174608051776886
0.7967706918716431
0.7510462999343872
0.0048141153529286385
0.0444687195122242
0.9164754152297974
0.4556301236152649
0.6828618049621582
0.12503652274608612
0.434263676404953
0.45978662371635437
0.7271260619163513
0.7092332243919373
0.4338805377483368
0.9137531518936157
0.8141977190971375
0.8128162622451782
0.774583101272583
0.042070966213941574
0.7935492396354675
0.5954601764678955
0.6952812075614929
0.5413715243339539
0.5820436477661133
0.3049907982349396
0.7038507461547852
0.7292019724845886
0.6174976229667664
0.1819968819618225
0.3851749002933502
0.2259775698184967
0.12629452347755432
0.7524224519729614
0.2039344310760498
0.30335524678230286
0.8572192192077637
0.12025661766529083
0.9376744031906128
0.8628930449485779
0.49988266825675964
0.610503613948822
0.8632799386978149
0.521172285079956
0.19670508801937103
0.8793479204177856
0.04030817374587059
0.8370192646980286
0.856218695640564
0.8720492720603943
0.5216418504714966
0.5676312446594238
0.14439670741558075
0.8877207040786743
0.6422390341758728
0.34990590810775757
0.5634990334510803
0.23026332259178162
0.6230372190475464
0.4088948369026184
0.02796187996864319
0.5587402582168579
0.2103840559720993
0.7683497667312622
0.41392165422439575
0.19451342523097992
0.9345653057098389
0.4509567320346832
0.11555209755897522
0.28544268012046814
0.28441178798675537
0.5772712826728821
0.6780787110328674
0.7795220017433167
0.33761879801750183
0.5509579181671143
0.361570805311203
0.5182349681854248
0.9148004055023193
0.9988868832588196
0.19448602199554443
0.6518868207931519
0.32936450839042664
0.07624179124832153
0.6862771511077881
0.4462699294090271
0.14010082185268402
0.43001559376716614
0.21364375948905945
0.8898324370384216
0.681444525718689
0.4107556939125061
0.7621150612831116
0.2118651121854782
0.13131575286388397
0.6569303870201111
0.742350697517395
0.12314915657043457
0.5014771819114685
0.43297621607780457
0.9402970671653748
0.052363574504852295
0.30289992690086365
0.4019002318382263
0.25821441411972046
0.609416663646698
0.21845358610153198
0.027239222079515457
0.6709117889404297
0.7503315210342407
0.7994446158409119
0.4502425491809845
0.5851250290870667
0.5054334402084351
0.8423011302947998
0.20287127792835236
0.25256967544555664
0.07792571932077408
0.33522602915763855
0.5771098732948303
0.7873782515525818
0.042589202523231506
0.38092416524887085
0.6146987080574036
0.850358784198761
0.9037953019142151
0.9453260898590088
0.023978786543011665
0.9311259388923645
0.8682290315628052
0.7339663505554199
0.8516815304756165
0.7551406621932983
0.6887543797492981
0.20833805203437805
0.02226807363331318
0.21983227133750916
0.86695396900177
0.7619045972824097
0.7793203592300415
0.6516240239143372
0.6354222893714905
0.6826433539390564
0.8328332901000977
0.6006523966789246
0.1971665918827057
0.0962371900677681
0.11138748377561569
0.11084543168544769
0.010716915130615234
0.2737354338169098
0.5002663135528564
0.8895126581192017
0.9263361096382141
0.3818156123161316
0.03028937801718712
0.24998213350772858
0.27304700016975403
0.6736738085746765
0.712557315826416
0.24363936483860016
0.30223968625068665
0.14722809195518494
0.682773232460022
0.05540632829070091
0.4622816741466522
0.2611199617385864
0.23603883385658264
0.9051408171653748
0.9620087146759033
0.5553906559944153
0.17563042044639587
0.06077318638563156
0.6290373802185059
0.7962728142738342
0.48966360092163086
0.4361386299133301
0.7968941926956177
0.48645129799842834
0.9611080288887024
0.4684535264968872
0.3336312174797058
0.01893220841884613
0.035092663019895554
0.9652146697044373
0.30037999153137207
0.3574763238430023
0.5914000868797302
0.94188392162323
0.44940370321273804
0.3458153009414673
0.014052079990506172
0.5306388735771179
0.8047764897346497
0.9406241178512573
0.18443889915943146
0.9847255945205688
0.05424027144908905
0.778442919254303
0.9170467257499695
0.259645015001297
0.11332835257053375
0.11533789336681366
0.8626941442489624
0.7363601922988892
0.18480919301509857
0.10305348038673401
0.32940244674682617
0.3703802824020386
0.5947275161743164
0.05471387133002281
0.44472673535346985
0.17816509306430817
0.5312348008155823
0.26915204524993896
0.21710319817066193
0.9153436422348022
0.2674076557159424
0.9154329895973206
0.24500136077404022
0.6599008440971375
0.25077539682388306
0.9010377526283264
0.8500499129295349
0.7291427254676819
0.8673880696296692
0.8764408826828003
0.7097805738449097
0.08067478984594345
0.27419623732566833
0.158620223402977
0.3637833297252655
0.8891893029212952
0.5259210467338562
0.9196645021438599
0.7196286916732788
0.41197946667671204
0.39648348093032837
0.38132476806640625
0.534671425819397
0.019011253491044044
0.17038936913013458
0.49367424845695496
0.5906825661659241
0.7560696005821228
0.046624042093753815
0.47692593932151794
0.19184233248233795
0.8956430554389954
0.49257928133010864
0.019897986203432083
0.12070134282112122
0.8140339255332947
0.7798974514007568
0.8188815116882324
0.8800110816955566
0.41172391176223755
0.8010768890380859
0.6318726539611816
0.24373003840446472
0.4688362181186676
0.8650433421134949
0.2067405879497528
0.5852121710777283
0.4803282916545868
0.10858610272407532
0.5860222578048706
0.1412671059370041
0.9252380132675171
0.8174741864204407
0.22488480806350708
0.7104690074920654
0.4082256555557251
0.7177220582962036
0.10295616835355759
0.9012528657913208
0.9952422380447388
0.8916563391685486
0.8922640085220337
0.04154535010457039
0.8411229252815247
0.39621612429618835
0.9448134899139404
0.8828802704811096
0.7119882106781006
0.03685924410820007
0.24028274416923523
0.14703761041164398
0.864456295967102
0.503221333026886
0.21449056267738342
0.6405219435691833
0.987159013748169
0.03156782314181328
0.4185866415500641
0.7483734488487244
0.851608157157898
0.6303181648254395
0.26326239109039307
0.8014436960220337
0.27533432841300964
0.4641854763031006
0.20819447934627533
0.974816620349884
0.6805732846260071
0.5131750702857971
0.9220719933509827
0.3405209481716156
0.4250383675098419
0.3378758728504181
0.4254526197910309
0.8105652928352356
0.6077728271484375
0.06164883077144623
0.40426334738731384
0.3300652503967285
0.559697687625885
0.27898016571998596
0.2348652333021164
0.7447294592857361
0.33962973952293396
0.017397908493876457
0.4445895850658417
0.7213048934936523
0.9727337956428528
0.010624307207763195
0.8291391730308533
0.5437319278717041
0.5823644399642944
0.07105915993452072
0.6575565338134766
0.7000141143798828
0.9234382510185242
0.8223580121994019
0.7584769129753113
0.6974877119064331
0.49497190117836
0.7262202501296997
0.937851071357727
0.29161781072616577
0.7550987005233765
0.6818941235542297
0.10758698731660843
0.764543354511261
0.3240422010421753
0.5341466069221497
0.29021957516670227
0.8078100681304932
0.44445666670799255
0.31810471415519714
0.010393321514129639
0.9703741073608398
0.3611217737197876
0.7211629152297974
0.23962244391441345
0.24224251508712769
0.7930745482444763
0.7917657494544983
0.7310131192207336
0.07915905863046646
0.9034746885299683
0.2798995077610016
0.7479417324066162
0.8730464577674866
0.08658889681100845
0.4679739773273468
0.21714945137500763
0.3308100700378418
0.944279670715332
0.944368839263916
0.2672624886035919
0.4548535943031311
0.7984048128128052
0.2835199534893036
0.9314166903495789
0.41852715611457825
0.30108439922332764
0.33074671030044556
0.07887805998325348
0.9051216244697571
0.8317515254020691
0.5753037929534912
0.34177082777023315
0.01319795846939087
0.7127624750137329
0.058897700160741806
0.7297486662864685
0.9726939797401428
0.7730699777603149
0.28205835819244385
0.42398184537887573
0.012999465689063072
0.6359971165657043
0.464590460062027
0.27003923058509827
0.5327418446540833
0.6060682535171509
0.578051745891571
0.11468992382287979
0.18075048923492432
0.9646528959274292
0.942452609539032
0.7318914532661438
0.5270389914512634
0.03870772197842598
0.6051688194274902
0.8161910176277161
0.17227986454963684
0.38861706852912903
0.25494086742401123
0.06290794163942337
0.9524796009063721
0.5059882402420044
0.93632972240448
0.07921935617923737
0.02101668156683445
0.3613501489162445
0.921665608882904
0.7140504717826843
0.9569375514984131
0.9453288912773132
0.0007518035708926618
0.7616136074066162
0.18289496004581451
0.7176857590675354
0.791750967502594
0.31280240416526794
0.7559006810188293
0.25340619683265686
0.9235178232192993
0.6761106252670288
0.09260406345129013
0.5572984218597412
0.6109577417373657
0.8866519927978516
0.12840421497821808
0.8734630346298218
0.2079143226146698
0.10705000162124634
0.16187267005443573
0.9146337509155273
0.016201479360461235
0.35725149512290955
0.948733925819397
0.8562511205673218
0.10040809214115143
0.0961829125881195
0.36600369215011597
0.8628473877906799
0.024334846064448357
0.10298549383878708
0.7734979391098022
0.8396120667457581
0.1991754025220871
0.6891897320747375
0.7221224308013916
0.06162251904606819
0.10210458934307098
0.9020070433616638
0.6318330764770508
0.11482207477092743
0.8407907485961914
0.6526018977165222
0.004319783765822649
0.11225934326648712
0.6019452214241028
0.7526971101760864
0.6751217246055603
0.6599401235580444
0.8002804517745972
0.7701113224029541
0.4730837345123291
0.7310645580291748
0.23552650213241577
0.9089335203170776
0.9656562805175781
0.6199884414672852
0.5413316488265991
0.20765922963619232
0.9249834418296814
0.027602355927228928
0.6991872191429138
0.9884296655654907
0.1394706517457962
0.052028097212314606
0.5165072679519653
0.47058114409446716
0.6637450456619263
0.14314545691013336
0.595969557762146
0.7235400676727295
0.5992762446403503
0.11212986707687378
0.6087598204612732
0.6000718474388123
0.7954269051551819
0.038160696625709534
0.8211526274681091
0.7533819675445557
0.8907701969146729
0.32876408100128174
0.6977877616882324
0.7432976961135864
0.30782443284988403
0.7682831287384033
0.2914774417877197
0.28864508867263794
0.08715877681970596
0.48970547318458557
0.23273518681526184
0.9700942635536194
0.3770647644996643
0.7253336310386658
0.49833759665489197
0.19649074971675873
0.02784210443496704
0.2277769148349762
0.6544023752212524
0.14191560447216034
0.47089728713035583
0.4012871980667114
0.4491371810436249
0.05534273758530617
0.6081399321556091
0.14158804714679718
0.9013329744338989
0.5953776836395264
0.6672109961509705
0.12377677857875824
0.91954505443573
0.061369799077510834
0.2887978255748749
0.7220256328582764
0.005121332593262196
0.5767529606819153
0.655345618724823
0.45768430829048157
0.6798155307769775
0.45970049500465393
0.14090344309806824
0.03990408033132553
0.8790042400360107
0.7976986765861511
0.8686372637748718
0.20984283089637756
0.9559752941131592
0.8427476286888123
0.6075014472007751
0.45795461535453796
0.11011765897274017
0.966052234172821
0.757100522518158
0.9692746996879578
0.09970724582672119
0.6473454833030701
0.4155125319957733
0.08749805390834808
0.7882912158966064
0.5576335191726685
0.2568798065185547
0.8501228094100952
0.6747115254402161
0.6696487069129944
0.8304607272148132
0.2697739005088806
0.7910436987876892
0.9857497215270996
0.13662487268447876
0.3325533866882324
0.6345199346542358
0.16530658304691315
0.5615360140800476
0.015718620270490646
0.6705676913261414
0.9284537434577942
0.1426631510257721
0.9142282605171204
0.7221288681030273
0.08326853066682816
0.6326704621315002
0.12785330414772034
0.22631949186325073
0.04932207614183426
0.8082757592201233
0.3382813036441803
0.24172890186309814
0.5895871520042419
0.2199985682964325
0.4379884898662567
0.8594086766242981
0.5961757302284241
0.8659003973007202
0.06224764138460159
0.0968623161315918
0.6192654967308044
0.2739264965057373
0.8043298721313477
0.07805271446704865
0.020663093775510788
0.6521597504615784
0.8802969455718994
0.5025408864021301
0.03818340599536896
0.7481131553649902
0.4268142580986023
0.7656476497650146
0.7558566331863403
0.669689953327179
0.8838943243026733
0.8224956393241882
0.5538063049316406
0.3059401214122772
0.7897809147834778
0.05946163833141327
0.5551824569702148
0.42020657658576965
0.11720753461122513
0.5392864346504211
0.7513265013694763
0.9886633157730103
0.07958093285560608
0.7284668684005737
0.06237393245100975
0.9136646389961243
0.7580054998397827
0.3610230088233948
0.9490805864334106
0.27195513248443604
0.8991854786872864
0.869700014591217
0.7733535170555115
0.36568647623062134
0.401106059551239
0.041746776551008224
0.510648787021637
0.7446284890174866
0.2685626149177551
0.6324511766433716
0.6252825856208801
0.4287736415863037
0.39298108220100403
0.5469075441360474
0.3057907819747925
0.9036352634429932
0.5702193975448608
0.5867528915405273
0.00884352158755064
0.46464991569519043
0.7311359643936157
0.05632348358631134
0.4004947245121002
0.4455149173736572
0.4519238770008087
0.4167192876338959
0.8713434934616089
0.9251229763031006
0.8572781085968018
0.1678142547607422
0.7576953172683716
0.04350835457444191
0.8994442224502563
0.4746849238872528
0.032920952886343
0.49652019143104553
0.6268836855888367
0.862127959728241
0.006460343953222036
0.7081831097602844
0.8267627954483032
0.8657130599021912
0.6845769882202148
0.0917663723230362
0.2697864770889282
0.9771677255630493
0.9808211326599121
0.38330763578414917
0.8794631361961365
0.4745306372642517
0.977523684501648
0.5703001618385315
0.897973358631134
0.023187968879938126
0.8814964294433594
0.09780357778072357
0.38668641448020935
0.9182673096656799
0.6223824620246887
0.17327511310577393
0.8030336499214172
0.08194884657859802
0.4930160343647003
0.16890040040016174
0.5252836346626282
0.8004215359687805
0.9725354909896851
0.6198363304138184
0.2804816961288452
0.6379849314689636
0.18171730637550354
0.002306346781551838
0.09477853775024414
0.8488209247589111
0.9942853450775146
0.5213994383811951
0.3782898187637329
0.9214193820953369
0.6515336036682129
0.17711934447288513
0.3680104911327362
0.2320259064435959
0.8019654154777527
0.9725491404533386
0.597905695438385
0.9299353957176208
0.7632572650909424
0.8502702713012695
0.6487301588058472
0.20897938311100006
0.9783933162689209
0.293719083070755
0.06668838113546371
0.818015992641449
0.6666480898857117
0.02544497512280941
0.9694662690162659
0.890048086643219
0.8148158192634583
0.663390040397644
0.5249959230422974
0.9888023734092712
0.5202702879905701
0.27995431423187256
0.6498462557792664
0.3220283091068268
0.011673731729388237
0.36524322628974915
0.5351835489273071
0.9652411341667175
0.25660213828086853
0.6468396782875061
0.45120152831077576
0.7619104981422424
0.6403751969337463
0.13618390262126923
0.3884831368923187
0.5440256595611572
0.9500847458839417
0.8849529027938843
0.3909022808074951
0.15425823628902435
0.5036230683326721
0.5408965349197388
0.8615602254867554
0.6773891448974609
0.3902842104434967
0.5232856273651123
0.3321475386619568
0.45577409863471985
0.1382696032524109
0.7979232668876648
0.10497445613145828
0.09981710463762283
0.07339844107627869
0.8309139013290405
0.6606149077415466
0.15161055326461792
0.10721632093191147
0.06304927915334702
0.26153942942619324
0.3690279424190521
0.7311924695968628
0.9815676212310791
0.28891250491142273
0.34101608395576477
0.09139395505189896
0.5165636539459229
0.04776947945356369
0.8134818077087402
0.6875193119049072
0.28318536281585693
0.529956042766571
0.019308483228087425
0.309396892786026
0.43618080019950867
0.6154616475105286
0.8977511525154114
0.9967746138572693
0.17124108970165253
0.551544725894928
0.9859494566917419
0.5177057981491089
0.32338953018188477
0.5200080275535583
0.7298372387886047
0.6315028071403503
0.5101245641708374
0.28528842329978943
0.5387789011001587
0.4153701663017273
0.45957767963409424
0.38014093041419983
0.8074777126312256
0.30927774310112
0.1779370903968811
0.2607726752758026
0.062000665813684464
0.5677738189697266
0.36470556259155273
0.4364067316055298
0.14733317494392395
0.6588314771652222
0.5700812935829163
0.623731791973114
0.9010384678840637
0.9235213994979858
0.027386577799916267
0.22483797371387482
0.2609263062477112
0.1915246844291687
0.8697069883346558
0.8408493399620056
0.14743585884571075
0.6003421545028687
0.9651737213134766
0.7153374552726746
0.4151022434234619
0.8471986651420593
0.00993136502802372
0.9809333086013794
0.546497642993927
0.19193214178085327
0.6266995668411255
0.5585272312164307
0.8134337663650513
0.7309262156486511
0.20535603165626526
0.028336113318800926
0.06465620547533035
0.6550665497779846
0.4732535481452942
0.2923568785190582
0.3029429316520691
0.08143976330757141
0.17471987009048462
0.8886768221855164
0.18176276981830597
0.773363471031189
0.03657533600926399
0.4103173315525055
0.8283414840698242
0.12483400851488113
0.5729869604110718
0.8850918412208557
0.2608586251735687
0.5234686136245728
0.5135351419448853
0.8122125267982483
0.098166823387146
0.16453002393245697
0.11766047775745392
0.8272286653518677
0.3075680136680603
0.7834327220916748
0.8739921450614929
0.8588498830795288
0.4210929274559021
0.12221893668174744
0.7175002098083496
0.8584408164024353
0.054527077823877335
0.603360116481781
0.23776498436927795
0.772692859172821
0.35184985399246216
0.6426766514778137
0.5405985713005066
0.3867543637752533
0.7607287764549255
0.6044379472732544
0.6969298720359802
0.44822826981544495
0.17166447639465332
0.5388021469116211
0.666801929473877
0.5844287872314453
0.8760850429534912
0.9196085333824158
0.262994647026062
0.30091139674186707
0.9155768752098083
0.23896165192127228
0.495003342628479
0.49002474546432495
0.30071669816970825
0.494789719581604
0.8840919137001038
0.09218931943178177
0.2374362200498581
0.7629039883613586
0.5761072039604187
0.5213847756385803
0.5155915021896362
0.11512643843889236
0.8607460856437683
0.6625269055366516
0.369314044713974
0.3455536365509033
0.9397498965263367
0.7357815504074097
0.8793620467185974
0.17029154300689697
0.4643855094909668
0.8589444160461426
0.38351958990097046
0.18213266134262085
0.7157386541366577
0.7901178002357483
0.6041827201843262
0.3301503658294678
0.5835457444190979
0.016348613426089287
0.9023516774177551
0.713430643081665
0.6871757507324219
0.034267645329236984
0.6998155117034912
0.4095856249332428
0.40797674655914307
0.7527005076408386
0.9799346923828125
0.12674520909786224
0.5536373257637024
0.08514871448278427
0.5301259160041809
0.7518793940544128
0.4786260724067688
0.9615797400474548
0.13209162652492523
0.2966177463531494
0.6248581409454346
0.2763826847076416
0.24546922743320465
0.9616714119911194
0.6744460463523865
0.42183220386505127
0.5159658789634705
0.41175732016563416
0.37273767590522766
0.37627723813056946
0.09656383842229843
0.3871845602989197
0.9116381406784058
0.5512385964393616
0.45620131492614746
0.29011693596839905
0.08996874839067459
0.3364185392856598
0.7714004516601562
0.7800319194793701
0.7366117238998413
0.12970586121082306
0.8758520483970642
0.43436917662620544
0.3264501988887787
0.6839926838874817
0.20267774164676666
0.011593126691877842
0.031983017921447754
0.46822893619537354
0.5521181225776672
0.8269144892692566
0.1489751935005188
0.6286091804504395
0.9188862442970276
0.4759044945240021
0.1643671691417694
0.8180046081542969
0.876028299331665
0.012564451433718204
0.26044872403144836
0.2799244225025177
0.6952795386314392
0.18029813468456268
0.9055353999137878
0.7279247045516968
0.671112060546875
0.20946192741394043
0.25414055585861206
0.085456982254982
0.5893893837928772
0.9180324673652649
0.028004899621009827
0.2987912595272064
0.6045751571655273
0.22857284545898438
0.7526165843009949
0.9569077491760254
0.834431529045105
0.8050960302352905
0.30484864115715027
0.869052529335022
0.44021061062812805
0.4617229402065277
0.0675179585814476
0.3059968054294586
0.510945200920105
0.5923098921775818
0.5899175405502319
0.1486867368221283
0.17238257825374603
0.30143240094184875
0.5384616851806641
0.6107074618339539
0.505151093006134
0.517612636089325
0.4556175172328949
0.29917415976524353
0.6602599620819092
0.10763976722955704
0.3791252374649048
0.43052035570144653
0.8267644047737122
0.5537843108177185
0.21765831112861633
0.7324867248535156
0.6260198950767517
0.9865207076072693
0.6899582147598267
0.2840181589126587
0.09636848419904709
0.8547114133834839
0.6336180567741394
0.19424262642860413
0.08757386356592178
0.023991325870156288
0.4871540069580078
0.3155595064163208
0.6245661377906799
0.7549149990081787
0.26582157611846924
0.3325958847999573
0.9957259297370911
0.4610157310962677
0.8922055959701538
0.9465733170509338
0.0036294846795499325
0.691593587398529
0.24759604036808014
0.4362136125564575
0.15108667314052582
0.10751426964998245
0.4608394205570221
0.2103693038225174
0.24017705023288727
0.5607129335403442
0.5861461162567139
0.45323291420936584
0.5106927156448364
0.6196116805076599
0.45444387197494507
0.7791882753372192
0.13653871417045593
0.9949694275856018
0.8567159175872803
0.2659534215927124
0.18204644322395325
0.762345016002655
0.03807627037167549
0.3476261496543884
0.893868625164032
0.4429682791233063
0.45732229948043823
0.19170896708965302
0.1933726668357849
0.21136072278022766
0.4644068479537964
0.24426943063735962
0.28919658064842224
0.42320704460144043
0.36274832487106323
0.5428905487060547
0.663913369178772
0.028483731672167778
0.9920355677604675
0.2303617000579834
0.6011280417442322
0.7763632535934448
0.7074384093284607
0.5287254452705383
0.714728057384491
0.5747649669647217
0.7304491400718689
0.6075673699378967
0.29406583309173584
0.9886714816093445
0.22043584287166595
0.9122390151023865
0.8700966835021973
0.4582766592502594
0.26228711009025574
0.19094066321849823
0.7881119251251221
0.7867534160614014
0.24365228414535522
0.7992094159126282
0.9586302042007446
0.07939859479665756
0.42469438910484314
0.03589369356632233
0.3707523047924042
0.06867577880620956
0.6911798119544983
0.429212749004364
0.4160950183868408
0.32165202498435974
0.6434704661369324
0.047119081020355225
0.22570259869098663
0.6195465326309204
0.5932468175888062
0.39326050877571106
0.317104697227478
0.22030088305473328
0.31269583106040955
0.47034934163093567
0.298690527677536
0.08577735722064972
0.6649287343025208
0.19455178081989288
0.5233966708183289
0.41782495379447937
0.8277913331985474
0.14981836080551147
0.4192938804626465
0.8238561749458313
0.6694181561470032
0.19261552393436432
0.043921612203121185
0.8516689538955688
0.19229139387607574
0.06306594610214233
0.9687415361404419
0.5149348378181458
0.4043763279914856
0.7491236925125122
0.06293345242738724
0.2604188621044159
0.1714763194322586
0.07684501260519028
0.80888432264328
0.5179857611656189
0.047971829771995544
0.410101979970932
0.8331450819969177
0.5659713745117188
0.02940746583044529
0.272434800863266
0.5078006982803345
0.7231114506721497
0.4089965224266052
0.893211841583252
0.3571246862411499
0.24558742344379425
0.6500149965286255
0.7645223140716553
0.910490095615387
0.47701457142829895
0.07115990668535233
0.4850071370601654
0.6556336879730225
0.054862938821315765
0.5624588131904602
0.609623372554779
0.23362576961517334
0.1283465474843979
0.36824941635131836
0.2803266942501068
0.6648182272911072
0.4064857065677643
0.2653925120830536
0.9265327453613281
0.27016764879226685
0.3501672148704529
0.5052281618118286
0.4608133137226105
0.9354854822158813
0.1982831209897995
0.5348164439201355
0.8948672413825989
0.9674507975578308
0.5879846811294556
0.8423441648483276
0.5672411918640137
0.2369333654642105
0.3975382149219513
0.05138329416513443
0.03708912432193756
0.8552865982055664
0.5032163262367249
0.10774664580821991
0.8818520307540894
0.7412707805633545
0.6439659595489502
0.4688885509967804
0.13171905279159546
0.789027214050293
0.29478195309638977
0.09700868278741837
0.38978737592697144
0.0316786915063858
0.6592999696731567
0.40777114033699036
0.4205639660358429
0.3234131336212158
0.2565985321998596
0.7391499876976013
0.011089849285781384
0.2417728155851364
0.6014086008071899
0.06083975359797478
0.4776257574558258
0.10520756244659424
0.7113543152809143
0.9410540461540222
0.10843853652477264
0.15499094128608704
0.9033398032188416
0.35928821563720703
0.5300124287605286
0.9418626427650452
0.40271466970443726
0.9943569302558899
0.6879850625991821
0.13080431520938873
0.8685694336891174
0.18285299837589264
0.18790897727012634
0.9185139536857605
0.020978087559342384
0.7868825793266296
0.9217724204063416
0.47492122650146484
0.20419344305992126
0.44665300846099854
0.458622545003891
0.8086453080177307
0.050971608608961105
0.12902191281318665
0.17970886826515198
0.8978525996208191
0.7447013258934021
0.23732779920101166
0.9669303894042969
0.8811741471290588
0.32125046849250793
0.1236225888133049
0.4589124917984009
0.006790106650441885
0.7784127593040466
0.49359047412872314
0.21133098006248474
0.7748780846595764
0.8139234185218811
0.3001798987388611
0.7703940868377686
0.7553496360778809
0.2816261351108551
0.9560379981994629
0.46022582054138184
0.23990941047668457
0.4663539230823517
0.7675222754478455
0.9669862389564514
0.660256564617157
0.4806795120239258
0.25150763988494873
0.49813708662986755
0.6591295599937439
0.2737979590892792
0.3056505024433136
0.38019701838493347
0.8622493743896484
0.3119087219238281
0.35567277669906616
0.3468547463417053
0.3099746108055115
0.10567999631166458
0.2529982030391693
0.30945584177970886
0.7401246428489685
0.6491308808326721
0.043971575796604156
0.6871959567070007
0.6248156428337097
0.8916002511978149
0.6301597356796265
0.2336636483669281
0.25134024024009705
0.5158504247665405
0.647986650466919
0.7559307217597961
0.7905339598655701
0.7476586699485779
0.8535528182983398
0.1321127861738205
0.5924001336097717
0.20095403492450714
0.1500452160835266
0.47648733854293823
0.8210313320159912
0.32286983728408813
0.9582666754722595
0.4456307590007782
0.9484147429466248
0.6231667995452881
0.15764649212360382
0.7701813578605652
0.45645150542259216
0.054704852402210236
0.3912859857082367
0.3581118583679199
0.6442829370498657
0.9282276630401611
0.387597918510437
0.06974411010742188
0.4374578595161438
0.0023614170495420694
0.9611572623252869
0.9347078800201416
0.18624037504196167
0.16097718477249146
0.45900747179985046
0.4919114410877228
0.19261138141155243
0.37853026390075684
0.3967301845550537
0.7962929606437683
0.8493073582649231
0.80635666847229
0.9662050008773804
0.8473394513130188
0.782196581363678
0.8790862560272217
0.5247142910957336
0.5604522228240967
0.7456088662147522
0.24306365847587585
0.0732913389801979
0.5432732701301575
0.22877366840839386
0.2841925323009491
0.6429716944694519
0.7822008728981018
0.8339956402778625
0.6918954253196716
0.0013872201088815928
0.12657439708709717
0.8363673686981201
0.5793336033821106
0.9568279981613159
0.17015936970710754
0.36332517862319946
0.6091477870941162
0.06272243708372116
0.443155974149704
0.6953097581863403
0.4740946292877197
0.36426296830177307
0.10466504096984863
0.6733287572860718
0.2886751890182495
0.5360038876533508
0.7349403500556946
0.7658540606498718
0.879945695400238
0.5557374954223633
0.950171947479248
0.753538191318512
0.41621920466423035
0.2825963795185089
0.0895814374089241
0.9447669982910156
0.7457777857780457
0.33196812868118286
0.8085264563560486
0.05066376179456711
0.7512458562850952
0.7350742816925049
0.0737096518278122
0.25155824422836304
0.3924510180950165
0.6168802380561829
0.23655378818511963
0.8303980827331543
0.3639255166053772
0.14067402482032776
0.859135091304779
0.19032146036624908
0.4680960476398468
0.14573660492897034
0.9884858727455139
0.38968876004219055
0.37120920419692993
0.1774069368839264
0.9067502617835999
0.8263619542121887
0.7666707038879395
0.07092960178852081
0.6700248122215271
0.5501344203948975
0.726000189781189
0.7112549543380737
0.4278530776500702
0.08830205351114273
0.24353894591331482
0.2599793076515198
0.6201162934303284
0.3253573179244995
0.46662843227386475
0.8997906446456909
0.755835771560669
0.39374780654907227
0.5891095399856567
0.20660965144634247
0.5239483118057251
0.9257093667984009
0.5617550015449524
0.8451564908027649
0.04912722855806351
0.17433352768421173
0.6667200326919556
0.6298073530197144
0.7009906768798828
0.9525924324989319
0.46118447184562683
0.49631497263908386
0.46391192078590393
0.8719482421875
0.9500373601913452
0.41968584060668945
0.5491816401481628
0.3809494376182556
0.6253449320793152
0.8499038815498352
0.6115738153457642
0.26529061794281006
0.7794317007064819
0.4575139284133911
0.8095823526382446
0.028600824996829033
0.39947110414505005
0.6599457859992981
0.9615093469619751
0.6607147455215454
0.5382100343704224
0.47243908047676086
0.40588852763175964
0.2038627713918686
0.3240037262439728
0.28187820315361023
0.1838804930448532
0.04904542863368988
0.6145397424697876
0.9161691665649414
0.7426477074623108
0.60310959815979
0.22193525731563568
0.559761106967926
0.2370106726884842
0.9969373941421509
0.23126913607120514
0.6645385026931763
0.6561025381088257
0.7533862590789795
0.4223424196243286
0.5946681499481201
0.9501437544822693
0.2863790690898895
0.4082433581352234
0.6521706581115723
0.35552382469177246
0.4452626705169678
0.8406351804733276
0.6782122850418091
0.7754724025726318
0.773972749710083
0.8765240907669067
0.18156100809574127
0.668046236038208
0.874782919883728
0.7491751909255981
0.5631323456764221
0.9646810293197632
0.8733463287353516
0.27706998586654663
0.03028612583875656
0.10312669724225998
0.8950760960578918
0.79543536901474
0.9915006756782532
0.7981330752372742
0.6527515649795532
0.21319584548473358
0.08444637060165405
0.11582621932029724
0.4500229060649872
0.3248821794986725
0.6934680938720703
0.2827174663543701
0.33640801906585693
0.335445374250412
0.49410417675971985
0.04947209358215332
0.4190526604652405
0.8300380706787109
0.20590047538280487
0.3450782001018524
0.12909230589866638
0.8370298743247986
0.26636141538619995
0.97039794921875
0.771436870098114
0.7407323122024536
0.08912891149520874
0.5979271531105042
0.8318969011306763
0.040516916662454605
0.12632541358470917
0.09233458340167999
0.2309141457080841
0.6965480446815491
0.8129474520683289
0.5628032684326172
0.010426485911011696
0.8790777921676636
0.007351366337388754
0.44911864399909973
0.43313270807266235
0.09264160692691803
0.008937763050198555
0.7249464988708496
0.1616196632385254
0.9404531121253967
0.12646329402923584
0.819720983505249
0.8949270844459534
0.4878687858581543
0.10770037025213242
0.8939664959907532
0.13259418308734894
0.4978204369544983
0.026933148503303528
0.5747140645980835
0.004767182283103466
0.4186427593231201
0.2948376536369324
0.34799066185951233
0.39507001638412476
0.6043661832809448
0.971207857131958
0.4286649823188782
0.07317661494016647
0.09107383340597153
0.15898366272449493
0.37885889410972595
0.5031728148460388
0.13488388061523438
0.7282188534736633
0.21573296189308167
0.716737687587738
0.4133332073688507
0.42008349299430847
0.8094709515571594
0.7983309030532837
0.15332628786563873
0.7390447854995728
0.2214793860912323
0.7570101618766785
0.5945330858230591
0.23739135265350342
0.05353885516524315
0.5828602313995361
0.0810859203338623
0.6102624535560608
0.59496009349823
0.07057607173919678
0.33526885509490967
0.03675875440239906
0.5807455778121948
0.6688827872276306
0.36766064167022705
0.1254078447818756
0.6029960513114929
0.9972305297851562
0.3836669921875
0.8107293248176575
0.7515929937362671
0.9936380982398987
0.18993787467479706
0.1630168855190277
0.6289673447608948
0.35157325863838196
0.01918543130159378
0.9692533016204834
0.24677254259586334
0.08351828157901764
0.30484265089035034
0.0066644176840782166
0.9780175089836121
0.46574220061302185
0.6343926787376404
0.13924089074134827
0.781395435333252
0.904777467250824
0.8371742367744446
0.052774567157030106
0.1521652489900589
0.8629226684570312
0.3486839532852173
0.1261741667985916
0.5636035203933716
0.6626471877098083
0.27563029527664185
0.8843030333518982
0.0908467024564743
0.6541248559951782
0.28677845001220703
0.9311664700508118
0.07400111854076385
0.059628311544656754
0.14966779947280884
0.7565729022026062
0.49260544776916504
0.994514524936676
0.778835117816925
0.7810981869697571
0.6158633232116699
0.2421216070652008
0.9925057888031006
0.9147825837135315
0.7101431488990784
0.08285947144031525
0.8146307468414307
0.3296387493610382
0.7138066291809082
0.28574931621551514
0.7634645104408264
0.35357439517974854
0.9652386903762817
0.1503736823797226
0.09173879772424698
0.08144672960042953
0.6437501311302185
0.9054305553436279
0.09147521108388901
0.4924541711807251
0.12329693138599396
0.07318301498889923
0.43420910835266113
0.9403464198112488
0.49647605419158936
0.3766651451587677
0.29153624176979065
0.8191014528274536
0.867330014705658
0.5163791179656982
0.03870181739330292
0.3591550290584564
0.8857919573783875
0.9251032471656799
0.3796771764755249
0.9733678102493286
0.05632925406098366
0.29852476716041565
0.7855754494667053
0.08362623304128647
0.5459504127502441
0.7839000821113586
0.008184093981981277
0.8094946146011353
0.1294378787279129
0.11979139596223831
0.9974057674407959
0.8761909604072571
0.8599053621292114
0.6591472625732422
0.3020772337913513
0.17755520343780518
0.5528595447540283
0.4771708846092224
0.3038707375526428
0.9045255184173584
0.3552412986755371
0.35028427839279175
0.1532173454761505
0.8890602588653564
0.7083113193511963
0.6021701693534851
0.49251589179039
0.9936643242835999
0.7701756954193115
0.360188364982605
0.30522823333740234
0.7134163975715637
0.702808141708374
0.7103010416030884
0.3865002989768982
0.27306655049324036
0.027026008814573288
0.2905017137527466
0.2512636184692383
0.4435169994831085
0.061018206179142
0.18282121419906616
0.44490954279899597
0.295678973197937
0.5771799683570862
0.3202190101146698
0.1785154789686203
0.4864518642425537
0.2481139600276947
0.6134566068649292
0.3323815166950226
0.13696128129959106
0.2569636106491089
0.4889189898967743
0.6749703288078308
0.18644307553768158
0.5623674392700195
0.1859978288412094
0.7307907342910767
0.663736879825592
0.6561700701713562
0.7823406457901001
0.8714262247085571
0.9597522616386414
0.7307794094085693
0.8829922676086426
0.6103197932243347
0.41726383566856384
0.8960055112838745
0.28631019592285156
0.6431056261062622
0.8948416709899902
0.2860887050628662
0.091029591858387
0.5935055017471313
0.4719969928264618
0.6195289492607117
0.03396805375814438
0.9990631937980652
0.31923672556877136
0.8643575310707092
0.4075873792171478
0.0025112004950642586
0.011526534333825111
0.2122362107038498
0.48167717456817627
0.09350037574768066
0.6538737416267395
0.30623549222946167
0.6682973504066467
0.4702041745185852
0.9676616787910461
0.3865039348602295
0.07508385181427002
0.36219263076782227
0.4537172019481659
0.5496382713317871
0.7530666589736938
0.30323490500450134
0.1395559161901474
0.5969942808151245
0.16596363484859467
0.746557354927063
0.11525648832321167
0.5958590507507324
0.720778226852417
0.3616390526294708
0.2996724247932434
0.8790915608406067
0.6503822803497314
0.9131752252578735
0.6598340272903442
0.7489153146743774
0.7703197598457336
0.8703932762145996
0.9512913227081299
0.3868076205253601
0.7127261757850647
0.20747902989387512
0.26786860823631287
0.7272348999977112
0.20582996308803558
0.8424409031867981
0.3257129490375519
0.19964583218097687
0.024229299277067184
0.5968344211578369
0.4043821394443512
0.19721035659313202
0.42050278186798096
0.06456998735666275
0.8933132886886597
0.4435889422893524
0.1688813418149948
0.2044810801744461
0.9085049033164978
0.8858545422554016
0.5378418564796448
0.437243789434433
0.5560478568077087
0.3273521959781647
0.15788473188877106
0.9325158596038818
0.9756092429161072
0.4577498435974121
0.8355593681335449
0.19269627332687378
0.4962664544582367
0.25383052229881287
0.007049682084470987
0.16947141289710999
0.9128885269165039
0.06626914441585541
0.21059349179267883
0.8787501454353333
0.14981725811958313
0.7640805244445801
0.11648865044116974
0.8583541512489319
0.4857530891895294
0.15035280585289001
0.8336043357849121
0.569586992263794
0.604724645614624
0.44766342639923096
0.3630940318107605
0.38623979687690735
0.5302289724349976
0.08697356283664703
0.2699471116065979
0.24233071506023407
0.0029423930682241917
0.0663711428642273
0.7884595990180969
0.14188523590564728
0.23411764204502106
0.6206732392311096
0.7965506315231323
0.009450442157685757
0.5710453391075134
0.9385436773300171
0.3984646499156952
0.34668925404548645
0.1389043629169464
0.25341856479644775
0.2198725938796997
0.5702324509620667
0.8503835797309875
0.20157505571842194
0.7373372316360474
0.11665943264961243
0.8859315514564514
0.7591980695724487
0.6690359711647034
0.40342146158218384
0.09623292088508606
0.5997269153594971
0.3472222089767456
0.37197184562683105
0.3047066032886505
0.5058103203773499
0.9694331884384155
0.5164052844047546
0.5607045292854309
0.08415108919143677
0.15819129347801208
0.29686638712882996
0.7715981006622314
0.167252317070961
0.8860703110694885
0.6183178424835205
0.5879239439964294
0.7458530068397522
0.44752076268196106
0.41555067896842957
0.2938292324542999
0.4288312494754791
0.39636653661727905
0.15754957497119904
0.8062307238578796
0.5928716063499451
0.988784670829773
0.09097305685281754
0.6394027471542358
0.44041430950164795
0.07347869127988815
0.7880250215530396
0.4957156479358673
0.25693878531455994
0.6349014043807983
0.7308463454246521
0.3657601773738861
0.8493044972419739
0.6542181968688965
0.2579238712787628
0.999950110912323
0.6154136061668396
0.12257587909698486
0.9985628128051758
0.9565086960792542
0.9664708375930786
0.7961775064468384
0.7309012413024902
0.5296937227249146
0.23983390629291534
0.36797836422920227
0.11932225525379181
0.6934561729431152
0.41032421588897705
0.9885048866271973
0.4008852541446686
0.4359912872314453
0.8314875960350037
0.38342276215553284
0.8324607014656067
0.772239625453949
0.660608172416687
0.5466300845146179
0.16350050270557404
0.013585936278104782
0.1145360991358757
0.055798161774873734
0.6669792532920837
0.20461545884609222
0.785125195980072
0.5340509414672852
0.8230136632919312
0.11774249374866486
0.15466775000095367
0.29129907488822937
0.16343936324119568
0.4277958571910858
0.6560349464416504
0.879338800907135
0.7141430974006653
0.6145471334457397
0.513556182384491
0.39485713839530945
0.9299424290657043
0.7138112187385559
0.14248770475387573
0.4283498227596283
0.9524555206298828
0.22143231332302094
0.019863072782754898
0.2090168297290802
0.28909215331077576
0.25093722343444824
0.7117180824279785
0.48379582166671753
0.27343103289604187
0.15824945271015167
0.0467437319457531
0.5611767172813416
0.2770085036754608
0.4179289937019348
0.17093525826931
0.863402783870697
0.2698267102241516
0.5892746448516846
0.7072854042053223
0.6872095465660095
0.17532634735107422
0.08986455202102661
0.15989556908607483
0.5238164663314819
0.7003116607666016
0.1458200216293335
0.6176577210426331
0.4294419288635254
0.1781562864780426
0.32038286328315735
0.1861605942249298
0.3902491331100464
0.4232763350009918
0.21744436025619507
0.4211772680282593
0.45064660906791687
0.06647650897502899
0.005718568339943886
0.8339375257492065
0.5417994260787964
0.9259498119354248
0.8887787461280823
0.8701527714729309
0.940737783908844
0.1491888016462326
0.7424492835998535
0.7006440162658691
0.7857795357704163
0.04369918629527092
0.08780203759670258
0.40104588866233826
0.8508884310722351
0.21199290454387665
0.7016531825065613
0.06436900049448013
0.1341392546892166
0.42510324716567993
0.3537546992301941
0.42063167691230774
0.10289689898490906
0.7536829710006714
0.8874568343162537
0.02495388314127922
0.09653334319591522
0.4208056330680847
0.7276884913444519
0.20868688821792603
0.9634831547737122
0.237339586019516
0.6437489986419678
0.4070315361022949
0.7998970746994019
0.6230874061584473
0.6101195812225342
0.39151111245155334
0.7073336243629456
0.49252939224243164
0.7508851289749146
0.21797533333301544
0.5661943554878235
0.2931656241416931
0.668455958366394
0.8017193078994751
0.3496147692203522
0.07008868455886841
0.8819156885147095
0.3643691837787628
0.4124282896518707
0.3837625980377197
0.16552580893039703
0.054683685302734375
0.6449987292289734
0.1567271500825882
0.5040080547332764
0.4452321231365204
0.07019747048616409
0.8215945363044739
0.15232673287391663
0.6437432169914246
0.49047645926475525
0.27525731921195984
0.566203773021698
0.03201543539762497
0.5249069333076477
0.045369479805231094
0.7402635216712952
0.488295316696167
0.9096488952636719
0.40514329075813293
0.615740954875946
0.24368910491466522
0.30692824721336365
0.6180119514465332
0.3075598180294037
0.6986439228057861
0.32824721932411194
0.5854673981666565
0.370991587638855
0.46900713443756104
0.3670521080493927
0.3446734845638275
0.8323584198951721
0.7324733734130859
0.9011611342430115
0.15442197024822235
0.015211958438158035
0.8657588958740234
0.054047591984272
0.9019061923027039
0.7606307864189148
0.7690775990486145
0.7165959477424622
0.8385827541351318
0.39413753151893616
0.47623416781425476
0.14858469367027283
0.28926804661750793
0.3607543706893921
0.8722114562988281
0.6476379036903381
0.8925600051879883
0.2955385744571686
0.6111878156661987
0.6928574442863464
0.5147677063941956
0.4559008479118347
0.5774163603782654
0.513321042060852
0.4666018784046173
0.019906362518668175
0.6788157224655151
0.099401094019413
0.14394624531269073
0.9782878160476685
0.2867755591869354
0.4672490358352661
0.7178303003311157
0.36616891622543335
0.3477359712123871
0.9100215435028076
0.7948685884475708
0.4696137607097626
0.44777733087539673
0.8508829474449158
0.09810015559196472
0.041052889078855515
0.03552383556962013
0.9656241536140442
0.0519883818924427
0.8408113718032837
0.7109350562095642
0.15954774618148804
0.9998091459274292
0.3625214099884033
0.0142362704500556
0.1552295833826065
0.6012971997261047
0.031221317127346992
0.9011399149894714
0.3588833212852478
0.6748297810554504
0.8101058006286621
0.9970458149909973
0.2683635652065277
0.362615704536438
0.8778650164604187
0.5939191579818726
0.5082553625106812
0.39876148104667664
0.07358692586421967
0.6334578394889832
0.027740037068724632
0.8092127442359924
0.1332567036151886
0.019121771678328514
0.3345092833042145
0.9455788135528564
0.06618480384349823
0.44174879789352417
0.5985847115516663
0.5261659026145935
0.23353686928749084
0.5454234480857849
0.8712660670280457
0.8291761875152588
0.7066901326179504
0.39564529061317444
0.43777987360954285
0.16841880977153778
0.154783234000206
0.5588364005088806
0.5016168355941772
0.43567824363708496
0.3695923089981079
0.2718910276889801
0.13556338846683502
0.891916036605835
0.78256756067276
0.08348333835601807
0.022018862888216972
0.19688142836093903
0.9658194780349731
0.9957731366157532
0.887529194355011
0.8483549356460571
0.6305497884750366
0.18427608907222748
0.4726055860519409
0.8398392200469971
0.3408564329147339
0.22376634180545807
0.19105184078216553
0.4498704671859741
0.10849378257989883
0.9010354280471802
0.5200016498565674
0.34972962737083435
0.11547059565782547
0.17958079278469086
0.5607385635375977
0.04314403608441353
0.8870649933815002
0.3371419906616211
0.23327268660068512
0.4564555883407593
0.7469671368598938
0.49159809947013855
0.8843996524810791
0.8654313087463379
0.6436748504638672
0.5398358702659607
0.7373921275138855
0.722200870513916
0.2022954374551773
0.29205945134162903
0.7993965148925781
0.9479889273643494
0.6017614006996155
0.07312530279159546
0.031531695276498795
0.49618658423423767
0.7657527923583984
0.047352384775877
0.4172300100326538
0.25978076457977295
0.3479606807231903
0.2698713541030884
0.15395458042621613
0.04541371390223503
0.9896272420883179
0.3977772891521454
0.37172195315361023
0.35078537464141846
0.45379966497421265
0.26744183897972107
0.5273372530937195
0.657380223274231
0.4417734444141388
0.08231484889984131
0.47866177558898926
0.6826432347297668
0.6438316106796265
0.25577524304389954
0.030274370685219765
0.39948534965515137
0.41140690445899963
0.1710781455039978
0.399465411901474
0.38539233803749084
0.28423306345939636
0.06857243925333023
0.7482955455780029
0.36220863461494446
0.030192982405424118
0.9790025353431702
0.36687809228897095
0.5722940564155579
0.9046480655670166
0.12743023037910461
0.4477769732475281
0.673869252204895
0.8031948208808899
0.07386462390422821
0.6799293756484985
0.6416850090026855
0.9551990628242493
0.06518647074699402
0.2344033271074295
0.6179072856903076
0.6359842419624329
0.9805805087089539
0.34868037700653076
0.1500900387763977
0.2569308876991272
0.3384181559085846
0.33646130561828613
0.6850519776344299
0.8446925282478333
0.6253069043159485
0.5692566633224487
0.08410819619894028
0.004958274774253368
0.8471940159797668
0.6647626757621765
0.9525191187858582
0.4482438266277313
0.00804175715893507
0.4049879014492035
0.2628951668739319
0.48446181416511536
0.805773913860321
0.29044434428215027
0.3270483911037445
0.5897415280342102
0.9251698851585388
0.4402106702327728
0.8395869135856628
0.5339394211769104
0.07060109823942184
0.4374888837337494
0.44164079427719116
0.8067794442176819
0.7637054920196533
0.5346824526786804
0.001176598947495222
0.11949189752340317
0.20544002950191498
0.1523897498846054
0.002583083463832736
0.37543976306915283
0.9754871129989624
0.2109573930501938
0.6412152051925659
0.647408127784729
0.6730719208717346
0.4081692397594452
0.37991413474082947
0.5478088855743408
0.41757041215896606
0.3224630653858185
0.07705876231193542
0.010798150673508644
0.7451850771903992
0.11486651748418808
0.03274612873792648
0.17162473499774933
0.005703171715140343
0.5642774105072021
0.8970314860343933
0.48771345615386963
0.39818811416625977
0.04688844084739685
0.6590731143951416
0.26854759454727173
0.4769148528575897
0.17380255460739136
0.8189036250114441
0.09429106116294861
0.5746630430221558
0.666223406791687
0.6999235153198242
0.30527040362358093
0.8051700592041016
0.15649501979351044
0.9837873578071594
0.5430039167404175
0.36244380474090576
0.43436452746391296
0.8199622631072998
0.9191571474075317
0.9112235903739929
0.5625941753387451
0.48242324590682983
0.7756112813949585
0.7776605486869812
0.3478788435459137
0.2335219532251358
0.8376314043998718
0.1779032200574875
0.42514312267303467
0.3424001634120941
0.0004945911350660026
0.00030210160184651613
0.07309193164110184
0.5880659818649292
0.9588750004768372
0.30247846245765686
0.5252541303634644
0.897605836391449
0.7443559169769287
0.8854802846908569
0.054553572088479996
0.37065544724464417
0.8184613585472107
0.42636531591415405
0.5640976428985596
0.5969208478927612
0.43674880266189575
0.9838486313819885
0.8690869212150574
0.6587473750114441
0.2357616424560547
0.4811101257801056
0.7172724008560181
0.6155533790588379
0.8612242937088013
0.0038291087839752436
0.6444919109344482
0.964861273765564
0.3550671935081482
0.3167937994003296
0.4532151222229004
0.5688278675079346
0.2863225042819977
0.6919174790382385
0.06605245172977448
0.5533829927444458
0.7348384261131287
0.8317712545394897
0.9785212874412537
0.4359988272190094
0.32574185729026794
0.21537624299526215
0.4060366749763489
0.6898876428604126
