512 4
0
11
328
350
367
1
85
137
259
324
2
112
308
327
388
3
252
261
334
348
4
117
166
255
485
5
140
176
354
358
6
15
48
95
107
7
232
263
274
429
8
56
316
338
511
9
129
212
284
353
10
38
257
478
491
11
198
367
452
470
12
109
400
416
482
13
98
130
273
301
14
28
76
434
493
6
15
235
286
402
16
210
309
369
510
17
88
188
344
473
18
50
124
277
379
19
213
392
399
442
20
30
325
398
417
15
16
21
326
503
22
87
173
248
268
23
65
278
346
443
24
70
244
373
443
25
197
398
412
445
26
38
43
366
389
27
138
320
379
437
28
156
197
384
422
29
221
244
310
488
30
49
142
293
442
4
31
210
281
474
32
164
180
305
394
33
143
176
274
304
34
191
278
284
423
35
161
240
375
403
36
108
292
315
485
12
37
163
164
196
38
160
269
368
373
39
143
179
306
495
40
87
355
381
431
28
41
245
373
437
42
101
108
233
300
43
55
105
355
460
17
44
291
342
404
35
45
76
218
491
46
166
190
367
405
47
84
191
471
483
48
301
359
428
430
49
57
185
242
315
27
50
108
378
475
31
51
138
251
309
52
195
265
379
485
53
115
140
263
416
48
54
95
333
433
46
55
140
382
391
56
95
282
330
342
57
116
296
390
418
20
58
264
394
447
59
187
261
310
467
60
183
207
276
399
61
100
126
247
507
62
130
339
441
447
3
63
200
399
481
64
95
255
322
483
65
243
299
334
372
66
288
385
407
460
67
91
228
426
453
68
141
176
374
421
59
69
123
265
314
8
70
80
114
432
34
71
169
344
350
8
18
72
257
423
23
73
132
244
345
74
76
200
284
312
75
171
275
360
411
76
128
326
340
385
77
217
262
371
500
78
97
142
195
499
79
144
146
148
309
26
80
143
409
464
80
81
200
327
421
9
82
182
282
465
83
208
215
276
507
2
84
254
297
372
85
190
268
385
451
86
255
278
347
419
54
87
208
423
478
39
64
69
88
288
89
174
224
258
323
13
51
90
238
406
40
91
109
238
273
60
92
229
315
496
12
88
93
162
480
3
94
137
244
407
95
329
434
453
475
96
129
249
350
455
28
97
168
242
463
41
88
98
356
396
62
71
99
367
497
100
113
263
312
466
101
112
138
419
434
101
102
211
264
364
27
60
78
103
402
50
104
140
350
434
105
163
217
240
260
39
106
157
184
346
25
82
107
210
387
108
186
303
389
505
12
109
234
262
503
72
110
376
389
493
20
40
111
290
455
44
112
159
288
354
69
113
290
309
328
114
222
245
260
493
18
115
187
297
327
23
64
116
283
360
37
117
291
306
381
43
118
213
248
293
46
117
119
396
430
36
43
120
321
480
4
87
121
193
511
82
122
420
450
493
16
69
123
183
200
124
281
327
363
450
9
38
125
348
381
75
126
167
208
383
89
127
233
450
479
116
128
246
375
447
108
129
249
362
382
119
130
355
431
491
69
101
131
228
401
20
132
252
256
408
96
115
133
233
332
43
134
183
248
265
135
215
237
366
510
87
95
136
198
363
15
137
253
373
475
116
138
241
263
277
4
139
268
276
356
14
84
122
140
336
141
312
407
453
502
59
142
173
290
418
4
26
143
245
403
137
144
166
178
205
99
145
218
299
303
146
348
354
439
458
113
116
147
289
316
146
148
151
351
379
4
129
149
178
287
150
340
388
469
470
32
56
151
199
447
152
161
246
260
482
97
153
224
393
450
100
154
272
343
431
65
91
132
155
328
31
141
156
185
254
157
180
237
354
478
34
158
361
411
460
84
159
174
194
412
63
160
287
374
448
128
129
161
364
476
162
403
432
475
478
1
8
62
163
456
111
164
199
265
356
6
142
165
202
358
144
166
190
273
430
82
119
167
199
268
41
168
255
353
439
130
169
256
466
469
4
170
194
310
475
34
91
111
171
254
139
172
228
240
394
173
250
341
348
509
76
174
283
285
385
175
283
387
447
481
176
302
337
387
412
172
177
181
212
498
4
178
216
263
426
173
179
282
454
471
119
164
180
290
302
56
181
297
488
499
87
182
192
434
446
183
238
244
390
436
92
184
217
310
496
159
185
366
453
457
186
268
312
416
491
148
150
187
271
487
19
115
188
223
351
49
158
189
376
405
108
190
212
231
472
49
148
191
274
403
53
192
336
444
472
148
193
263
352
478
26
139
194
287
430
162
181
195
298
480
9
196
293
428
483
37
197
315
336
451
108
198
307
375
446
143
167
187
199
232
200
245
283
332
428
201
311
336
392
497
6
202
226
300
402
203
285
287
369
387
63
182
204
253
429
26
153
205
427
489
60
180
206
359
446
91
111
207
218
346
28
113
151
189
208
16
209
319
355
448
59
203
210
312
503
79
100
211
389
434
26
34
134
212
260
176
213
362
421
425
198
214
225
377
422
90
215
314
435
508
182
210
216
356
372
217
231
232
260
418
53
218
249
458
466
6
169
219
386
446
12
163
220
264
445
98
163
221
237
282
222
451
457
461
509
42
203
223
342
400
191
224
261
359
427
164
215
225
263
433
32
76
101
226
381
5
227
356
368
464
74
161
228
267
424
0
229
292
402
452
39
187
230
402
423
83
231
295
300
333
50
171
232
385
457
113
121
233
307
479
136
221
234
243
391
65
141
180
235
435
89
122
236
413
475
227
230
237
262
497
125
159
209
238
277
49
212
239
307
349
222
240
345
444
465
63
84
150
241
380
6
145
165
229
242
233
243
315
342
368
10
13
244
323
360
30
51
75
245
421
186
213
218
246
415
57
247
327
336
423
11
248
308
417
481
77
231
249
426
456
183
204
250
288
359
77
161
198
251
387
19
145
252
278
390
94
95
253
275
479
254
273
331
439
474
62
255
359
475
488
150
167
226
256
307
127
200
257
385
418
29
258
306
337
442
82
103
259
290
444
188
204
256
259
260
86
151
261
320
386
262
329
361
366
435
219
263
276
295
507
231
264
310
420
442
68
158
265
360
406
251
266
284
307
463
49
124
267
311
451
160
226
268
381
421
93
269
379
466
473
187
203
206
270
509
25
26
128
155
271
19
32
272
370
441
26
273
335
362
463
42
92
127
274
442
83
87
187
270
275
156
276
407
453
486
5
116
127
171
277
76
192
239
278
369
81
92
182
279
458
280
293
329
374
461
281
380
382
387
417
218
282
316
492
495
39
155
172
283
446
11
60
107
185
284
141
285
286
320
426
31
216
286
288
344
22
102
176
287
477
184
206
264
288
337
29
134
289
442
466
38
54
290
291
465
245
285
291
331
381
14
292
306
391
489
186
213
243
293
419
65
80
201
294
443
261
287
295
445
478
13
294
296
323
478
88
185
297
302
503
41
218
232
298
366
299
325
369
421
496
188
246
300
365
435
301
441
448
458
483
15
18
38
302
484
161
171
189
303
365
8
204
304
376
403
111
161
279
305
478
40
154
306
330
401
269
302
307
383
474
186
234
308
376
418
41
299
309
407
480
109
238
310
434
462
127
297
311
329
505
141
150
295
312
446
4
30
215
313
488
44
105
314
377
468
51
186
315
331
387
45
309
316
360
469
131
279
317
479
484
188
318
379
403
496
45
67
319
397
476
121
320
425
487
502
139
203
321
460
471
105
160
193
322
387
111
165
177
323
330
164
264
318
324
384
86
91
325
376
462
66
103
194
326
399
103
263
327
363
486
86
98
328
361
408
16
66
138
301
329
37
121
127
219
330
9
331
373
398
493
303
332
363
367
461
89
330
333
383
502
92
141
238
334
404
44
56
154
304
335
2
17
107
121
336
126
241
315
337
474
129
134
235
329
338
53
130
339
348
427
202
224
289
340
500
20
257
314
341
467
47
146
153
342
370
117
148
210
343
494
230
243
344
384
419
163
208
340
345
416
158
346
387
429
471
21
102
347
398
492
77
79
318
348
491
197
271
294
349
430
27
77
93
144
350
14
162
351
356
486
278
310
352
397
464
111
251
353
447
464
17
81
167
354
504
99
129
228
293
355
20
74
102
179
356
31
127
261
357
447
205
358
365
393
421
37
109
219
257
359
179
211
360
364
474
25
30
118
221
361
10
282
362
446
493
74
107
320
363
364
106
320
341
364
418
156
191
365
399
445
120
267
337
366
404
5
123
223
367
497
13
21
155
359
368
57
72
97
206
369
98
126
155
298
370
139
236
270
363
371
262
285
372
434
458
33
93
218
268
373
163
271
292
374
411
217
310
375
400
403
182
219
262
376
391
38
180
293
325
377
378
394
452
455
457
64
144
195
251
379
111
196
256
380
398
130
375
381
413
455
77
87
95
238
382
145
288
383
456
469
179
290
366
384
441
22
142
223
226
385
28
127
227
366
386
122
145
151
324
387
98
275
279
295
388
235
365
389
448
501
110
236
390
408
409
243
306
391
397
487
19
286
331
392
429
203
365
393
405
464
14
133
394
471
501
189
219
309
395
511
196
318
391
396
420
10
397
425
444
464
10
94
148
398
454
245
336
348
399
473
69
364
400
417
433
220
401
428
444
465
73
166
190
376
402
127
244
250
346
403
26
27
87
256
404
73
105
111
250
405
300
303
345
403
406
21
405
407
416
463
371
385
408
474
479
200
248
364
409
465
130
230
385
410
488
98
174
255
332
411
104
385
388
412
443
45
186
275
310
413
108
258
365
414
435
74
78
275
377
415
8
56
416
420
488
24
33
340
382
417
6
52
125
277
418
165
334
373
381
419
121
164
365
420
489
21
49
340
382
421
84
202
242
372
422
35
126
251
423
467
117
126
164
216
424
0
367
425
467
491
43
81
199
207
426
143
218
256
404
427
48
108
253
428
429
192
224
429
479
506
143
145
199
306
430
17
304
337
353
431
132
181
320
396
432
29
126
160
423
433
91
348
433
434
473
224
353
409
435
504
22
336
349
436
501
137
169
237
285
437
251
274
355
438
460
72
167
179
439
477
14
231
311
440
489
60
231
294
308
441
24
87
177
442
462
214
401
433
443
484
2
76
257
327
444
180
260
404
405
445
106
353
374
446
495
136
166
192
205
447
66
107
428
448
507
66
268
449
467
495
0
6
216
335
450
47
48
79
206
451
40
322
379
452
454
22
169
182
345
453
226
259
270
277
454
130
258
261
436
455
55
154
296
391
456
19
35
130
273
457
71
84
193
458
474
14
219
344
456
459
263
346
459
460
496
51
77
408
461
499
142
223
390
462
503
65
124
135
306
463
116
461
464
495
496
137
221
361
451
465
61
327
365
402
466
147
219
278
454
467
49
104
232
465
468
87
129
215
469
470
220
251
309
311
470
221
257
333
394
471
37
68
74
387
472
325
348
456
473
486
158
258
308
447
474
93
175
298
364
475
123
134
385
476
506
93
94
404
434
477
119
398
428
433
478
50
402
403
478
479
50
96
187
308
480
22
70
383
481
508
47
384
390
447
482
3
146
287
483
504
180
247
259
481
484
19
208
277
485
489
79
120
364
409
486
114
126
322
332
487
16
221
259
427
488
29
68
257
425
489
127
275
358
448
490
103
225
317
378
491
14
351
439
481
492
165
414
446
485
493
24
41
51
198
494
149
278
280
478
495
80
138
209
289
496
72
118
351
492
497
6
204
252
339
498
21
133
287
436
499
93
109
311
406
500
48
67
110
319
501
9
29
102
173
502
32
62
79
234
503
57
159
373
383
504
182
229
360
453
505
81
164
214
385
506
281
368
448
501
507
171
256
282
433
508
59
334
448
482
509
54
262
335
345
510
99
182
183
419
511
0.19509513676166534
0.8111254572868347
0.42882052063941956
0.347322016954422
0.4633423686027527
0.5406537652015686
0.36324167251586914
0.1215444877743721
0.14296576380729675
0.3850608170032501
0.18237392604351044
0.2201891541481018
0.11868232488632202
0.49334517121315
0.02924998477101326
0.305832177400589
0.7998794317245483
0.7742953300476074
0.12540803849697113
0.39554840326309204
0.04152601584792137
0.40222397446632385
0.4244828522205353
0.40018704533576965
0.45249977707862854
0.5288770794868469
0.07310237735509872
0.7124809622764587
0.22113069891929626
0.5112287998199463
0.04601723700761795
0.0935220941901207
0.5099595189094543
0.04422780126333237
0.7301675081253052
0.07344507426023483
0.4926917850971222
0.0067719523794949055
0.8442248106002808
0.09463141113519669
0.9330740571022034
0.5226627588272095
0.8880242109298706
0.0769999697804451
0.20354630053043365
0.8158910870552063
0.4893038272857666
0.519393801689148
0.5638508796691895
0.38399410247802734
0.2663881182670593
0.18842333555221558
0.6107891798019409
0.6542589664459229
0.6499131321907043
0.12853451073169708
0.8600545525550842
0.9544903635978699
0.2809298038482666
0.3335723578929901
0.8133247494697571
0.30582648515701294
0.3900831937789917
0.4494938850402832
0.021453071385622025
0.6389058828353882
0.30070388317108154
0.24206331372261047
0.7120015025138855
0.6168933510780334
0.9766550064086914
0.09027905017137527
0.9099619388580322
0.8575161099433899
0.31410476565361023
0.122532419860363
0.7457041144371033
0.6403414011001587
0.06996174901723862
0.010462854988873005
0.9899689555168152
0.14638572931289673
0.5441047549247742
0.15729492902755737
0.8597341179847717
0.27058085799217224
0.018767399713397026
0.679641842842102
0.2803361415863037
0.2544170618057251
0.5324522256851196
0.9021276831626892
0.4227445721626282
0.6447261571884155
0.8227089047431946
0.11036521941423416
0.23545433580875397
0.9309640526771545
0.3666452467441559
0.5914787650108337
0.27312907576560974
0.4729120433330536
0.6058351993560791
0.27034473419189453
0.2763454020023346
0.13551340997219086
0.6479890942573547
0.2596372961997986
0.8080434799194336
0.233118936419487
0.7469645142555237
0.823895275592804
0.7745270133018494
0.8152889013290405
0.0811956375837326
0.5441975593566895
0.4150256812572479
0.42179858684539795
0.761557936668396
0.39553168416023254
0.9771412014961243
0.7479159235954285
0.09267660975456238
0.2662205398082733
0.7275596261024475
0.15220721065998077
0.039490461349487305
0.13735109567642212
0.7315947413444519
0.25889497995376587
0.7825902104377747
0.09332022070884705
0.9691019058227539
0.9079651832580566
0.9424677491188049
0.5768364071846008
0.4119117558002472
0.08744525909423828
0.010030611418187618
0.7017362117767334
0.6632199287414551
0.8111815452575684
0.9965523481369019
0.4582032263278961
0.5739380717277527
0.25608932971954346
0.7054187059402466
0.5029366612434387
0.9572242498397827
0.16656288504600525
0.938595175743103
0.18250413239002228
0.6199871301651001
0.4467174708843231
0.9086551666259766
0.42002397775650024
0.5814018249511719
0.832034707069397
0.37649503350257874
0.28992706537246704
0.775507926940918
0.292826384305954
0.12723492085933685
0.8124966025352478
0.23286883533000946
0.7319166660308838
0.7774646282196045
0.8368542790412903
0.7472718358039856
0.13695016503334045
0.9726750254631042
0.1012890562415123
0.1925431489944458
0.8614572286605835
0.03912241756916046
0.583028256893158
0.7281761169433594
0.21016672253608704
0.9210383892059326
0.7125499844551086
0.3770475685596466
0.8878577947616577
0.8841456174850464
0.7832627892494202
0.7735945582389832
0.6168704032897949
0.3559534251689911
0.32365456223487854
0.6585176587104797
0.3235250413417816
0.8802512288093567
0.6482192873954773
0.018616562709212303
0.5436984896659851
0.18753591179847717
0.13253222405910492
0.5918280482292175
0.06641477346420288
0.42164838314056396
0.8931863903999329
0.5335215926170349
0.7283094525337219
0.9332818984985352
0.2886825203895569
0.5885934829711914
0.35057154297828674
0.8038933873176575
0.32949233055114746
0.14900662004947662
0.978324294090271
0.9778592586517334
0.9803234338760376
0.1440504640340805
0.5515809059143066
0.5542194843292236
0.5892294049263
0.7638694643974304
0.6372870206832886
0.1477111279964447
0.08164950460195541
0.13604722917079926
0.8551909327507019
0.577304482460022
0.12783794105052948
0.4354991614818573
0.4646419882774353
0.8658366799354553
0.4046144187450409
0.9979047179222107
0.05046679824590683
0.3349938690662384
0.9678196907043457
0.46301430463790894
0.8967766165733337
0.48193201422691345
0.916155993938446
0.686318576335907
0.2272675633430481
0.9452669620513916
0.21291042864322662
0.06655178964138031
0.9632181525230408
0.8983199000358582
0.977344810962677
0.6189126968383789
0.5457433462142944
0.4520856738090515
0.826382040977478
0.6417827010154724
0.4535571038722992
0.17911583185195923
0.23741240799427032
0.44143807888031006
0.3040674924850464
0.2889452874660492
0.8180482387542725
0.8536452054977417
0.847814679145813
0.08705757558345795
0.37425199151039124
0.32997843623161316
0.3300139009952545
0.21208800375461578
0.547859787940979
0.7331915497779846
0.2416771501302719
0.4982967972755432
0.02913845144212246
0.2047661542892456
0.7877245545387268
0.11265268176794052
0.8950640559196472
0.8248459100723267
0.6001424193382263
0.9235640168190002
0.4167390763759613
0.6015946269035339
0.9741286039352417
0.3800942599773407
0.3200792670249939
0.7314808964729309
0.08516716212034225
0.1547868549823761
0.5641565322875977
0.7934278249740601
0.9755704998970032
0.4401838779449463
0.0060530733317136765
0.32080143690109253
0.9376620054244995
0.3636831045150757
0.4571963846683502
0.6951616406440735
0.3619236648082733
0.054655954241752625
0.27043670415878296
0.545974612236023
0.3266618251800537
0.7162252068519592
0.4013839066028595
0.4792075455188751
0.1697685569524765
0.513706386089325
0.9546963572502136
0.22979657351970673
0.5031919479370117
0.8122206330299377
0.07716309279203415
0.674116313457489
0.6684933304786682
0.4590091407299042
0.5830046534538269
0.7384161949157715
0.1467922329902649
0.9876859784126282
0.6051054000854492
0.6088120341300964
0.7612005472183228
0.6409992575645447
0.5422679781913757
0.7883340120315552
0.02612038142979145
0.8970299959182739
0.7280856966972351
0.5018661022186279
0.6502965688705444
0.2699183225631714
0.11558830738067627
0.9910303950309753
0.03646508976817131
0.03735872358083725
0.6602799296379089
0.9628902673721313
0.38170260190963745
0.132762148976326
0.7891045808792114
0.5087693333625793
0.1718582957983017
0.6010056138038635
0.9844508171081543
0.5252510905265808
0.6430751085281372
0.4337906241416931
0.7277048826217651
0.7425253987312317
0.12410882115364075
0.8749261498451233
0.6802530288696289
0.8805907368659973
0.7817847728729248
0.3163316249847412
0.7737506628036499
0.6481294631958008
0.7507747411727905
0.638812243938446
0.3929085433483124
0.9247706532478333
0.38447535037994385
0.6207804679870605
0.11636880040168762
0.5512659549713135
0.0442257858812809
0.14723685383796692
0.46599847078323364
0.22972853481769562
0.1740923374891281
0.09928927570581436
0.854780375957489
0.5421123504638672
0.5900849103927612
0.15289613604545593
0.7055556774139404
0.8900327682495117
0.6775121688842773
0.36322444677352905
0.6596434712409973
0.45287925004959106
0.039964448660612106
0.7664693593978882
0.7960667014122009
0.3944077491760254
0.7043728232383728
0.29849061369895935
0.07800845056772232
0.3870636820793152
0.2504890561103821
0.6567976474761963
0.5197514891624451
0.6891416907310486
0.12866589426994324
0.1337960809469223
0.36639073491096497
0.32444271445274353
0.278361439704895
0.7185163497924805
0.48164477944374084
0.5517964363098145
0.2680358588695526
0.6702680587768555
0.07400454580783844
0.7172544002532959
0.7559274435043335
0.6213369965553284
0.6601186394691467
0.09068910777568817
0.36696550250053406
0.5579695105552673
0.7085206508636475
0.4962923526763916
0.6008639931678772
0.07221262902021408
0.009356255643069744
0.6792067289352417
0.010298875160515308
0.118308886885643
0.40437477827072144
0.07810136675834656
0.5538548827171326
0.007978027686476707
0.3892548978328705
0.5043049454689026
0.4244770407676697
0.16659629344940186
0.23060443997383118
0.240781769156456
0.9899424314498901
0.870705783367157
0.1950843334197998
0.0661940798163414
0.21165767312049866
0.11704379320144653
0.7276167273521423
0.7166618704795837
0.9077495336532593
0.02775263786315918
0.41469407081604004
0.4249614179134369
0.7133363485336304
0.43916407227516174
0.009056063368916512
0.28095388412475586
0.4081304967403412
0.4660905599594116
0.43813836574554443
0.8649844527244568
0.41623324155807495
0.21317163109779358
0.8948236107826233
0.6110804080963135
0.5617972612380981
0.30574098229408264
0.1376844048500061
0.4978460967540741
0.31461185216903687
0.5483901500701904
0.030377887189388275
0.4896215796470642
0.08040141314268112
0.7999243140220642
0.9384446740150452
0.5092608332633972
0.46611925959587097
0.12648729979991913
0.9411126971244812
0.8784646987915039
0.20610639452934265
0.3031310439109802
0.0963965579867363
0.2567707598209381
0.17581792175769806
0.7655897736549377
0.854244589805603
0.08641193062067032
0.6702849268913269
0.6224961876869202
0.0181807242333889
0.46785199642181396
0.12637820839881897
0.1357111781835556
0.24937765300273895
0.7192329168319702
0.3242831230163574
0.556626558303833
0.19270533323287964
0.6917111873626709
0.38307318091392517
0.44878098368644714
0.7897884249687195
0.5698949098587036
0.006683102808892727
0.2910355031490326
0.15896007418632507
0.5010611414909363
0.8582576513290405
0.375764936208725
0.014133812859654427
0.9981563687324524
0.03812381252646446
0.1783851832151413
0.015327440574765205
0.9795591235160828
0.6101822853088379
0.33500322699546814
0.6626472473144531
0.8933889269828796
0.5483048558235168
0.26545941829681396
0.6486479043960571
0.4933924973011017
0.10088671743869781
0.15694668889045715
0.33269643783569336
0.6042820811271667
0.5992915630340576
0.9051728248596191
0.9670063853263855
0.42880979180336
0.5657726526260376
0.8112720251083374
0.5742926001548767
0.4969291388988495
0.8490081429481506
0.3557267487049103
0.13789454102516174
0.03986789286136627
0.7669101357460022
0.7605791687965393
0.3413101136684418
0.8625749945640564
0.31224358081817627
0.11738414317369461
0.15952233970165253
0.5287914872169495
0.2317444384098053
0.29369887709617615
0.1303408145904541
0.2518998384475708
0.9688920974731445
0.7389506697654724
0.82957923412323
0.5449196100234985
0.9688435792922974
0.05561435595154762
0.2423601597547531
0.3590022027492523
0.5116830468177795
0.2141207903623581
0.6734467148780823
0.10571446269750595
0.18913863599300385
0.16962718963623047
0.10634246468544006
0.1201276183128357
0.822550892829895
0.6527974605560303
0.6730390787124634
0.9016714692115784
0.28541961312294006
0.7732166647911072
0.3173876702785492
0.6981619596481323
0.6856900453567505
0.15319222211837769
0.6702674031257629
0.9169893264770508
0.5342632532119751
0.5485807657241821
0.8599308729171753
0.636220395565033
0.22109228372573853
0.9023599624633789
0.18072466552257538
0.7593545913696289
0.7757048010826111
0.4976501166820526
0.6554602980613708
0.3071381449699402
0.7988261580467224
0.420764684677124
0.7985938787460327
0.9377734661102295
0.8690118193626404
0.9092241525650024
0.08133585005998611
0.4259604811668396
0.6113693118095398
0.8449739813804626
0.11782196909189224
0.41144177317619324
0.3593475818634033
0.8873445391654968
0.18790817260742188
0.4934893846511841
0.40506792068481445
0.5093699097633362
0.593174159526825
0.7426751255989075
0.670635461807251
0.3626416027545929
0.9518535733222961
0.3892589211463928
0.3915652930736542
0.3977576494216919
0.4643329083919525
0.6649777293205261
0.4229966402053833
0.7372839450836182
0.7214823961257935
0.08860450237989426
0.39317548274993896
0.0864158496260643
0.7803256511688232
0.6917034983634949
0.32165634632110596
0.36616629362106323
0.2473490834236145
0.3148180842399597
0.5958261489868164
0.569203794002533
0.39979287981987
0.04103923961520195
0.07286074012517929
0.48657116293907166
0.013103685341775417
0.8752846121788025
0.9878377318382263
0.6949349045753479
0.6401564478874207
0.28217875957489014
0.7228294610977173
0.8366904854774475
0.7429236173629761
0.7934648990631104
0.8816816806793213
0.03222192823886871
0.7279911041259766
0.9953792691230774
0.7428872585296631
0.4720837473869324
0.752879798412323
0.3670314848423004
0.3268369138240814
0.07407078146934509
0.30554670095443726
0.2577716112136841
0.8955476880073547
0.6240070462226868
0.9720801115036011
0.8804705142974854
0.9322928786277771
0.26677772402763367
0.8483783006668091
0.3783203959465027
0.8491121530532837
0.6315916776657104
0.7579912543296814
0.8491542339324951
0.3478984832763672
0.24912482500076294
0.7231191992759705
0.07149448245763779
0.3666607737541199
0.6127027869224548
0.5971893072128296
0.6395501494407654
0.1405573934316635
0.1803652048110962
0.9125940203666687
0.46769967675209045
0.8640010952949524
0.9942160844802856
0.43512892723083496
0.6649931073188782
0.9481975436210632
0.716587245464325
0.26476219296455383
0.03319546580314636
0.3380065858364105
0.2640950381755829
0.1355692744255066
0.14277775585651398
0.43187621235847473
0.7842862606048584
0.3681681156158447
0.9983111023902893
0.3394235074520111
0.44830626249313354
0.5942500233650208
0.33671891689300537
0.9604443907737732
0.9080374836921692
0.6773086190223694
0.8734156489372253
0.6133691072463989
0.7181468605995178
0.27293023467063904
0.13092149794101715
0.7673144936561584
0.676499605178833
0.9857208132743835
0.3828205168247223
0.09296582639217377
0.8446679711341858
0.7601467967033386
0.07091789692640305
0.6981576681137085
0.11974070221185684
0.6606358885765076
0.8113996386528015
0.6685097813606262
0.38101258873939514
0.6835718750953674
0.41227373480796814
0.8602498173713684
0.21633504331111908
0.25691595673561096
0.10775327682495117
0.1598653346300125
0.4578589200973511
0.2402498722076416
0.8270595669746399
0.30645713210105896
0.2691928744316101
0.4101381003856659
0.56243896484375
0.25145530700683594
0.8666877746582031
0.7101708650588989
0.22960606217384338
0.4561455249786377
0.9255457520484924
0.6649425625801086
0.4919392168521881
0.13087886571884155
0.6115245223045349
0.49214157462120056
0.5255813598632812
0.9189064502716064
0.609863817691803
0.387821763753891
0.6070901155471802
0.9895563721656799
0.7220667004585266
0.7694984078407288
0.6250839233398438
0.28614890575408936
0.7167791128158569
0.9791461229324341
0.9760777950286865
0.32756492495536804
0.8701121807098389
0.05116010084748268
0.12158875167369843
0.791861891746521
0.9352705478668213
0.8837254047393799
0.33052539825439453
0.43167734146118164
0.5407201647758484
0.0001641680719330907
0.13259077072143555
0.3622812330722809
0.7259088158607483
0.11793779581785202
0.7645182609558105
0.1051631048321724
0.0749933198094368
0.7984935641288757
0.05396990850567818
0.5093895196914673
0.3990990221500397
0.1492399126291275
0.5652031898498535
0.3915151059627533
0.015733225271105766
0.2861998379230499
0.8075395226478577
0.7528899908065796
0.6643845438957214
0.6828902959823608
0.08412665128707886
0.9873723387718201
0.8907992839813232
0.25153255462646484
0.5875959992408752
0.5536333322525024
0.893264889717102
0.8183000683784485
0.0630725845694542
0.655612051486969
0.29963815212249756
0.07256976515054703
0.5556899309158325
0.2943021059036255
0.9221875071525574
0.015475363470613956
0.22144456207752228
0.1577983945608139
0.9787537455558777
0.9485392570495605
0.29899582266807556
0.046105943620204926
0.03676725551486015
0.26856744289398193
0.9493032097816467
0.10239922255277634
0.9319528341293335
0.8544909954071045
0.20280484855175018
0.5999411940574646
0.5448253154754639
0.09840721637010574
0.3340265154838562
0.8338364362716675
0.36592140793800354
0.33850324153900146
0.8849397301673889
0.2362411469221115
0.10658985376358032
0.48524966835975647
0.24888168275356293
0.9131823778152466
0.6580498814582825
0.2038879096508026
0.27192485332489014
0.6569681763648987
0.9614769816398621
0.7226663827896118
0.8965661525726318
0.26037606596946716
0.45849597454071045
0.13164882361888885
0.7881996631622314
0.7177132964134216
0.7270886898040771
0.31266817450523376
0.3448452055454254
0.6944522261619568
0.4792429804801941
0.2600940763950348
0.010565458796918392
0.681969165802002
0.9739233255386353
0.9826324582099915
0.8397951722145081
0.7261373996734619
0.7764434218406677
0.5898911356925964
0.022376766428351402
0.6305871605873108
0.6628386378288269
0.8377448916435242
0.07841756194829941
0.11494674533605576
0.5206575989723206
0.5181539058685303
0.8642142415046692
0.9969082474708557
0.2658557891845703
0.0970643162727356
0.17776015400886536
0.5240887403488159
0.32905083894729614
0.9723609685897827
0.18357424437999725
0.05770302191376686
0.8267214894294739
0.788815975189209
0.23743665218353271
0.8729018568992615
0.6165321469306946
0.830470621585846
0.8891434669494629
0.6150273084640503
0.7732548117637634
0.8264399170875549
0.30213016271591187
0.2211257666349411
0.1986270248889923
0.4609171450138092
0.044171012938022614
0.5534845590591431
0.9746628403663635
0.8478220701217651
0.6892497539520264
0.7868574857711792
0.20030242204666138
0.2903152108192444
0.21920150518417358
0.09894391149282455
0.40493297576904297
0.39952218532562256
0.7349261045455933
0.5280562043190002
0.6018730401992798
0.19014319777488708
0.042142339050769806
0.7891040444374084
0.4783182144165039
0.1994916796684265
0.8065967559814453
0.32588136196136475
0.23407664895057678
0.5144959092140198
0.46970507502555847
0.9480657577514648
0.40023672580718994
0.4579525589942932
0.09446810930967331
0.2562336027622223
0.9305633902549744
0.585511326789856
0.5978772044181824
0.3598858118057251
0.2604403793811798
0.08278167992830276
0.9862929582595825
0.17296336591243744
0.8089653849601746
0.8274881839752197
0.677716851234436
0.5294849872589111
0.1794130653142929
0.7214012145996094
0.8083598613739014
0.1004529595375061
0.8339823484420776
0.9009510278701782
0.32168886065483093
0.16135720908641815
0.8078634142875671
0.18393103778362274
0.18121306598186493
0.5573930740356445
0.6316080093383789
0.1070844903588295
0.34119468927383423
0.6964399814605713
0.2675763666629791
0.516680121421814
0.09736372530460358
0.35122013092041016
0.042478978633880615
0.2964112460613251
0.2920248210430145
0.38893312215805054
0.0910210981965065
0.6965137124061584
0.7376669049263
0.14942194521427155
0.1201891228556633
0.12598101794719696
0.7376684546470642
0.06649176776409149
0.5063191652297974
0.5388922691345215
0.9577210545539856
0.35805433988571167
0.5266030430793762
0.6156296730041504
0.4238393008708954
0.9784931540489197
0.8050743937492371
0.14514867961406708
0.5076507925987244
0.8830719590187073
0.18147991597652435
0.7601616978645325
0.7168024182319641
0.49953171610832214
0.7592781186103821
0.9907618165016174
0.880242109298706
0.14449326694011688
0.2916283905506134
0.5536112189292908
0.8405091762542725
0.21194888651371002
0.9177573919296265
0.8767799735069275
0.41588181257247925
0.6122692823410034
0.5889478921890259
0.4617590606212616
0.74856036901474
0.29845309257507324
0.8727931976318359
0.7484890818595886
0.7954474091529846
0.0045676566660404205
0.5883314609527588
0.8009355664253235
0.7973194718360901
0.8827873468399048
0.2376498281955719
0.11881373822689056
0.691402792930603
0.7934726476669312
0.9225040674209595
0.326687753200531
0.23502600193023682
0.718264102935791
0.2650510370731354
0.9889889359474182
0.36951684951782227
0.7491099834442139
0.5941727757453918
0.6192461848258972
0.38983216881752014
0.4315434396266937
0.9178047776222229
0.30805301666259766
0.8997969627380371
0.24843105673789978
0.44619888067245483
0.9675866365432739
0.3376888930797577
0.2908182740211487
0.7867141962051392
0.8221459984779358
0.8788533210754395
0.5774459838867188
0.5696251392364502
0.7998201251029968
0.5544423460960388
0.2906036674976349
0.7128421068191528
0.098121277987957
0.009551291354000568
0.3968108892440796
0.8952375054359436
0.9800595641136169
0.4293991029262543
0.7148863077163696
0.635890543460846
0.8250935673713684
0.9461653828620911
0.3036867678165436
0.11706066131591797
0.2589386999607086
0.2705278694629669
0.2213228940963745
0.42669665813446045
0.7918038368225098
0.40655410289764404
0.38717418909072876
0.6826316714286804
0.3716583847999573
0.1648077815771103
0.4561343491077423
0.9080032110214233
0.20143477618694305
0.7126561999320984
0.9856264591217041
0.8013637065887451
0.00466094771400094
0.8270574808120728
0.7301539182662964
0.5343649387359619
0.33938756585121155
0.5800673961639404
0.37795963883399963
0.016452156007289886
0.164223775267601
0.6537883877754211
0.836351215839386
0.633988618850708
0.20342814922332764
0.8636423349380493
0.23289163410663605
0.9801511764526367
0.8689254522323608
0.9469218850135803
0.6516880393028259
0.9017138481140137
0.1300453394651413
0.22585104405879974
0.9184885025024414
0.04258238524198532
0.2163897454738617
0.7105473875999451
0.12182671576738358
0.7554023265838623
0.6308526396751404
0.693730354309082
0.6103630065917969
0.3117009997367859
0.40482839941978455
0.5484916567802429
0.34851744771003723
0.7384389042854309
0.5026110410690308
0.1375826895236969
0.3732266128063202
0.07770458608865738
0.9037262201309204
0.38019564747810364
0.11702071130275726
0.48124828934669495
0.3129882514476776
0.050604671239852905
0.4227498471736908
0.19512005150318146
0.9027640223503113
0.23712895810604095
0.5104565620422363
0.1355598121881485
0.5272644758224487
0.8227038979530334
0.5223598480224609
0.47434818744659424
0.5027341246604919
0.967316210269928
0.3481447100639343
0.3326825797557831
0.5633460283279419
0.48500415682792664
0.3876887857913971
0.41474831104278564
0.8894343376159668
0.07764272391796112
0.02969418466091156
0.10298404097557068
0.7732799649238586
0.2516471743583679
0.3869268000125885
0.33966779708862305
0.801750898361206
0.8484907746315002
0.5144978761672974
0.6196091175079346
0.15143482387065887
0.9585309624671936
0.7784944176673889
0.8163906335830688
0.2530756890773773
0.7607662677764893
0.7587196826934814
0.5815725326538086
0.07033359259366989
0.5868545174598694
0.8505197167396545
0.16431796550750732
0.7526947855949402
0.14758189022541046
0.7460503578186035
0.1808350384235382
0.6235231161117554
0.5988895297050476
0.8483572602272034
0.12302318215370178
0.33008521795272827
0.8225296139717102
0.9035146236419678
0.2241273820400238
0.8712059855461121
0.05692477896809578
0.4428081214427948
0.337198942899704
0.8703491687774658
0.05147264525294304
0.8369001150131226
0.9357425570487976
0.3038508892059326
0.15747229754924774
0.36025407910346985
0.4482766389846802
0.043224260210990906
0.7279095649719238
0.7823933362960815
0.04630516096949577
0.13765662908554077
0.21863339841365814
0.3084116578102112
0.7165708541870117
0.9528199434280396
0.004154454451054335
0.1008036881685257
0.987884521484375
0.7758264541625977
0.5580609440803528
0.658793568611145
0.396456778049469
0.9605987668037415
0.5951073169708252
0.43558648228645325
0.23732724785804749
0.8052976131439209
0.7225528359413147
0.5888463258743286
0.6155931949615479
0.655589759349823
0.3066815733909607
0.12120683491230011
0.4353006184101105
0.5820087194442749
0.3538731336593628
0.33680424094200134
0.678885281085968
0.6716347932815552
0.6409390568733215
0.70260089635849
0.6466249823570251
0.0061248899437487125
0.8111324310302734
0.6918426752090454
0.10682263225317001
0.5264063477516174
0.5637964010238647
0.11366111040115356
0.41013526916503906
0.03563760593533516
0.1048220694065094
0.27010875940322876
0.14472270011901855
0.9247156381607056
0.6569815278053284
0.7014432549476624
0.37530040740966797
0.88814377784729
0.5329033136367798
0.6728994846343994
0.7750954031944275
0.8634244799613953
0.5624021291732788
0.25429773330688477
0.8810935020446777
0.662065863609314
0.012724324129521847
0.1405966877937317
0.9208122491836548
0.029077274724841118
0.47907400131225586
0.10197829455137253
0.14804404973983765
0.3232600688934326
0.7886255979537964
0.9978880286216736
0.8380810022354126
0.8258665204048157
0.3904573917388916
0.5569479465484619
0.42729514837265015
0.19584183394908905
0.2410455346107483
0.026438843458890915
0.1518515646457672
0.8280025124549866
0.4075087010860443
0.4800330400466919
0.6572642922401428
0.5635086297988892
0.5864377617835999
0.49015989899635315
0.027146674692630768
0.03560629114508629
0.3176778256893158
0.8091996312141418
0.28723594546318054
0.522095799446106
0.34464555978775024
0.8950461745262146
0.6207361817359924
0.3888276517391205
0.6558229327201843
0.20435595512390137
0.9239661693572998
0.6354528069496155
0.3543846607208252
0.7868004441261292
0.6855642795562744
0.03165227174758911
0.040491584688425064
0.06377077847719193
0.287660151720047
0.8376551270484924
0.7102726101875305
0.9810736775398254
0.5144633650779724
0.2128460705280304
0.5222122669219971
0.4152974784374237
0.8111732006072998
0.24318170547485352
0.5719464421272278
0.6871864199638367
0.0007725399336777627
0.5071056485176086
0.49269020557403564
0.280595064163208
0.9923359751701355
0.2576272785663605
0.7936747670173645
0.24283911287784576
0.39962339401245117
0.14285719394683838
0.1772458255290985
0.738710343837738
0.26689597964286804
0.864719569683075
0.5956133008003235
0.835586428642273
0.8813849687576294
0.04206397011876106
0.6327472925186157
0.7873963713645935
0.7326935529708862
0.2503800690174103
0.09030530601739883
0.32962170243263245
0.4552699029445648
0.6343144178390503
0.5608618855476379
0.7563839554786682
0.4605935513973236
0.286648690700531
0.5455639362335205
0.9012617468833923
0.6698291897773743
0.20039303600788116
0.9463041424751282
0.6769020557403564
0.6215353608131409
0.37568724155426025
0.05337721109390259
0.460726261138916
0.30535888671875
0.9702984094619751
0.7870222926139832
0.15095877647399902
0.9202658534049988
0.139516681432724
0.5049367547035217
0.5288426280021667
0.42071425914764404
0.7698637843132019
0.2785942256450653
0.07804152369499207
0.3097250461578369
0.5622333884239197
0.6868901252746582
0.9521667957305908
0.8204684257507324
0.09953343123197556
0.5779803991317749
0.8129469156265259
0.5291860699653625
0.6708751916885376
0.5578336715698242
0.7615385055541992
0.8718776106834412
0.9166691303253174
0.8483902215957642
0.12343631684780121
0.19549770653247833
0.02565985918045044
0.6712750196456909
0.6583367586135864
0.8932134509086609
0.22069597244262695
0.23264800012111664
0.2280842512845993
0.2399427443742752
0.22216084599494934
0.6682090163230896
0.5684679746627808
0.04240133613348007
0.4508093595504761
0.1457231342792511
0.9473932385444641
0.7589704990386963
0.7786876559257507
0.8850764036178589
0.929606556892395
0.8026865720748901
0.7407665252685547
0.6538960933685303
0.4444359838962555
0.8655189275741577
0.05854802951216698
0.1223214864730835
0.1237332820892334
0.8526454567909241
0.10117024928331375
0.1480732411146164
0.3809795677661896
0.7812616229057312
0.47768571972846985
0.5983436703681946
0.1693614274263382
0.96926349401474
0.28481346368789673
0.40532663464546204
0.10931257903575897
0.19125524163246155
0.40108823776245117
0.9294838905334473
0.4030701816082001
0.5855812430381775
0.11203206330537796
0.5817641615867615
0.7137255668640137
0.1356494277715683
0.15663199126720428
0.2463766485452652
0.9434860944747925
0.5235413908958435
0.8521957993507385
0.23934033513069153
0.04290606081485748
0.10594654828310013
0.7609655857086182
0.3145773112773895
0.9307141304016113
0.2499403953552246
0.775860607624054
0.8416064381599426
0.7271100282669067
0.5113443732261658
0.7807473540306091
0.8975220322608948
0.9414772987365723
0.7440012097358704
0.6475962996482849
0.5947414636611938
0.6053533554077148
0.027171719819307327
0.7333810925483704
0.758704662322998
0.7162901163101196
0.6661834716796875
0.32333892583847046
0.8751218318939209
0.9211320281028748
0.09729968756437302
0.9437415599822998
0.09307295829057693
0.5287229418754578
0.46081411838531494
0.05160008743405342
0.9238987565040588
0.9680220484733582
0.4270554482936859
0.4917440116405487
0.6747809648513794
0.8427509069442749
0.42552921175956726
0.5905140042304993
0.511721670627594
0.06878078728914261
0.8326625823974609
0.8099488019943237
0.2774426341056824
0.22577817738056183
0.4664921760559082
0.4417058229446411
0.8410276174545288
0.14165431261062622
0.0458364300429821
0.6481086611747742
0.8133217096328735
0.5088748931884766
0.2013549655675888
0.47396954894065857
0.5627208352088928
0.5693754553794861
0.33715030550956726
0.2384423464536667
0.187312513589859
0.009247374720871449
0.8533115386962891
0.6517835259437561
0.6466180682182312
0.826563835144043
0.3737574815750122
0.39904749393463135
0.7392656803131104
0.6971797943115234
0.14359617233276367
0.616493284702301
0.2507045269012451
0.5015864968299866
0.8864602446556091
0.9012452363967896
0.6518878936767578
0.2724727690219879
0.8778142929077148
0.28182223439216614
0.21368445456027985
0.0678960531949997
0.2806326746940613
0.34459444880485535
0.4715579152107239
0.3478473424911499
0.3604349195957184
0.19381627440452576
0.8061038851737976
0.8478708267211914
0.3280179798603058
0.4854113757610321
0.24456806480884552
0.45604071021080017
0.2806423306465149
0.611200213432312
0.9501714110374451
0.8712738752365112
0.8114076852798462
0.6885630488395691
0.20225240290164948
0.05610744282603264
0.07475097477436066
0.3097993731498718
0.8596617579460144
0.4205617904663086
0.6266778707504272
0.13668181002140045
0.39593690633773804
0.5901191830635071
0.08770082145929337
0.9912596940994263
0.4384896159172058
0.4154885709285736
0.6199851632118225
0.2229805290699005
0.8487111926078796
0.9570863842964172
0.06877788156270981
0.22511403262615204
0.9769091606140137
0.3641187846660614
0.15533307194709778
0.04778994247317314
0.6739040613174438
0.2874152362346649
0.263842910528183
0.8279120326042175
0.02904612012207508
0.19732408225536346
0.932382345199585
0.22314055263996124
0.6418157815933228
0.18961961567401886
0.07870139926671982
0.5674390196800232
0.6468744874000549
0.6455274224281311
0.1546475738286972
0.8947165608406067
0.2551099956035614
0.5775584578514099
0.5422408580780029
0.4192162752151489
0.2608106732368469
0.984736442565918
0.6869790554046631
0.6503896117210388
0.2957221567630768
0.48868122696876526
0.40521058440208435
0.3957861065864563
0.31797900795936584
0.9825774431228638
0.22360920906066895
0.7819306254386902
0.2521134912967682
0.43615877628326416
0.10804198682308197
0.8407383561134338
0.9122471809387207
0.39411911368370056
0.9072516560554504
0.25441890954971313
0.043166112154722214
0.5467290878295898
0.29940927028656006
0.4284106194972992
0.5153563618659973
0.2696993947029114
0.9100022912025452
0.7833194136619568
0.9142904281616211
0.3656960725784302
0.49572238326072693
0.2272508591413498
0.2809394299983978
0.7190967798233032
0.735929012298584
0.6628437638282776
0.7448161244392395
0.14700986444950104
0.45307525992393494
0.40863344073295593
0.12788809835910797
0.44830286502838135
0.8307037353515625
0.9246259331703186
0.8736464977264404
0.8050034046173096
0.0036313750315457582
0.7443927526473999
0.6991552710533142
0.6751513481140137
0.7463874816894531
0.21857137978076935
0.022309526801109314
0.5489710569381714
0.5878371596336365
0.7019761204719543
0.8186957240104675
0.9708408713340759
0.20100481808185577
0.7428641319274902
0.3696536719799042
0.5239007472991943
0.16394607722759247
0.00190904235932976
0.4841088056564331
0.5772122740745544
0.5805087685585022
0.3370283842086792
0.24042461812496185
0.4165286719799042
0.7832438945770264
0.6796472072601318
0.5544881820678711
0.667698085308075
0.8131163716316223
0.1525954008102417
0.8272914886474609
0.9655510187149048
0.4632117748260498
0.181742861866951
0.48376739025115967
0.38961559534072876
0.6905612349510193
0.08290955424308777
0.006097354926168919
0.9278767704963684
0.518031895160675
0.16148298978805542
0.8813925981521606
0.6746920943260193
0.2640036642551422
0.4672548770904541
0.9746994972229004
0.6368013024330139
0.4252796471118927
0.1956082284450531
0.5507259368896484
0.7513318657875061
0.5535985231399536
0.5170961022377014
0.16194798052310944
0.8446824550628662
0.5454536080360413
0.301513671875
0.7065213918685913
0.30793851613998413
0.6661353707313538
0.260025292634964
0.6190369129180908
0.5025015473365784
0.030133554711937904
0.9926473498344421
0.21086052060127258
0.28024324774742126
0.9032310843467712
0.6676759719848633
0.4413217306137085
0.6707028150558472
0.31809693574905396
0.37305861711502075
0.18206049501895905
0.8216261267662048
0.42017585039138794
0.9559133052825928
0.800447940826416
0.1387118697166443
0.17048870027065277
0.6874924302101135
0.8835165500640869
0.9841470718383789
0.7351439595222473
0.20823314785957336
0.5843278169631958
0.18363437056541443
0.928642749786377
0.24060772359371185
0.06312483549118042
0.430148720741272
0.8368387818336487
0.6098957061767578
0.5656894445419312
0.4877622425556183
0.06754456460475922
0.9251687526702881
0.6835500597953796
0.3460962772369385
0.07468996942043304
0.26306968927383423
0.6219409108161926
0.3824460506439209
0.051744457334280014
0.1429375559091568
0.4962835907936096
0.44353553652763367
0.9036753177642822
0.5417555570602417
0.07447268068790436
0.30960649251937866
0.39179548621177673
0.008194911293685436
0.6044935584068298
0.4351857006549835
0.6422948837280273
0.18831157684326172
0.2598872780799866
0.04221627488732338
0.725974440574646
0.6849292516708374
0.6194413900375366
3.361365816090256e-05
0.28535667061805725
0.023201486095786095
0.35484734177589417
0.39844730496406555
0.42183947563171387
0.20263983309268951
0.306413471698761
0.937782347202301
0.3548978269100189
0.15396402776241302
0.9539302587509155
0.03244251385331154
0.24839122593402863
0.8452404141426086
0.28954312205314636
0.8476446866989136
0.49652689695358276
0.1500483602285385
0.3523868918418884
0.7678834795951843
0.2706596851348877
0.05949681997299194
0.6707518696784973
0.43028831481933594
0.14811959862709045
0.5358731150627136
0.9491621851921082
0.365181565284729
0.39598873257637024
0.8098563551902771
0.30395734310150146
0.3470623791217804
0.4479929506778717
0.07262066751718521
0.3270806074142456
0.650571346282959
0.585225522518158
0.1546028107404709
0.44510871171951294
0.3865942060947418
0.06577369570732117
0.1595735102891922
0.4806060492992401
0.8340083956718445
0.4650120735168457
0.42240583896636963
0.40274837613105774
0.503251850605011
0.7828944325447083
0.546139121055603
0.9828553199768066
0.9232473373413086
0.2873260974884033
0.2885475754737854
0.8227354884147644
0.18074755370616913
0.8859259486198425
0.8355661034584045
0.8053069710731506
0.2825498580932617
0.7960124015808105
0.1325836181640625
0.8684329986572266
0.9906895160675049
0.3763274848461151
0.9231280088424683
0.05342990159988403
0.42033445835113525
0.6746547222137451
0.015089110471308231
0.3811332583427429
0.6380389332771301
0.13477517664432526
0.813715934753418
0.03465169295668602
0.504033625125885
0.5956171751022339
0.5962697863578796
0.403592586517334
0.10046327114105225
0.3129883110523224
0.15625344216823578
0.7407301068305969
0.6704687476158142
0.9471269249916077
0.9535321593284607
0.4503903388977051
0.8906603455543518
0.16957668960094452
0.9237935543060303
0.021921422332525253
0.4761967360973358
0.650180459022522
0.051903460174798965
0.20342616736888885
0.3423153758049011
0.7985284328460693
0.37505489587783813
0.5603165626525879
0.7247248291969299
0.41873058676719666
0.5378625988960266
0.6547793745994568
0.9145258069038391
0.4013238549232483
0.905795693397522
0.48273158073425293
0.4955664873123169
0.961485743522644
0.6050205230712891
0.8015058040618896
0.3852096199989319
0.7285163998603821
0.3901257812976837
0.6048156023025513
0.3363457918167114
0.7806187868118286
0.2909797728061676
0.6005464792251587
0.20076696574687958
0.6562017798423767
0.08882682025432587
0.06081768125295639
0.5156311988830566
0.6019175052642822
0.6709270477294922
0.6412275433540344
0.7121061086654663
0.649014949798584
0.5041403770446777
0.964560329914093
0.7121821045875549
0.554979681968689
0.8736042976379395
0.8225857615470886
0.6456471085548401
0.24498644471168518
0.5430958867073059
0.7133927345275879
0.9718955159187317
0.502559244632721
0.12437132745981216
0.487946093082428
0.8152387142181396
0.8642202019691467
0.3230989873409271
0.5486577153205872
0.23944124579429626
0.5245215892791748
0.0763360932469368
0.8771977424621582
0.4420645534992218
0.09371151775121689
0.5393630862236023
0.12227166444063187
0.6443073153495789
0.24185998737812042
0.3951042890548706
0.4618052542209625
0.8830640316009521
0.32168522477149963
0.17666283249855042
0.5847402811050415
0.5425194501876831
0.8382204174995422
0.49745500087738037
0.46494853496551514
0.0017771797720342875
0.05751223862171173
0.696308970451355
0.5701522827148438
0.3790786564350128
0.11431698501110077
0.3885396718978882
0.29476723074913025
0.546992301940918
0.28601932525634766
0.2042076289653778
0.38759052753448486
0.7076789140701294
0.859900712966919
0.42384129762649536
0.6848382353782654
0.18686453998088837
0.5110862255096436
0.039238616824150085
0.748238742351532
0.15203633904457092
0.30591997504234314
0.057541027665138245
0.07879675179719925
0.951287031173706
0.7914268970489502
0.2462044656276703
0.9630492329597473
0.03713620826601982
0.07461585104465485
0.07348199933767319
0.7346980571746826
0.9352843761444092
0.10505304485559464
0.03145196661353111
0.7896762490272522
0.4812997877597809
0.2552129030227661
0.7931041717529297
0.6755197644233704
0.32998034358024597
0.038858477026224136
0.28107720613479614
0.36649277806282043
0.5560926198959351
0.8102233409881592
0.2258250117301941
0.018862618133425713
0.7474146485328674
0.3795211613178253
0.7627465724945068
0.3123283386230469
0.05812053009867668
0.29838889837265015
0.5424254536628723
0.576386570930481
0.7966901063919067
0.9322013258934021
0.224810391664505
0.12009992450475693
0.3204938471317291
0.24376538395881653
0.661121666431427
0.3528633415699005
0.16057142615318298
0.8726770877838135
0.8787580132484436
0.02481720596551895
0.41825026273727417
0.5022965669631958
0.09465494006872177
0.9718161225318909
0.19224317371845245
0.21749843657016754
0.7327231168746948
0.4373783469200134
0.3491877615451813
0.7480788826942444
0.3356439471244812
0.031763315200805664
0.9101267457008362
0.013418467715382576
0.034612514078617096
0.0032890946604311466
0.2822956442832947
0.29022592306137085
0.6622085571289062
0.7020222544670105
0.8851780295372009
0.12032965570688248
0.5982608795166016
0.4779728651046753
0.6763929128646851
0.48589372634887695
0.03635232150554657
0.9020182490348816
0.42309805750846863
0.45799320936203003
0.8825981020927429
0.35841262340545654
0.30216893553733826
0.8262868523597717
0.4329654574394226
0.1584097146987915
0.27918562293052673
0.0399787500500679
0.8000187873840332
0.9151319861412048
0.7529598474502563
0.7975797653198242
0.689008891582489
0.6276282668113708
0.7294787168502808
0.00036197449662722647
0.5325964689254761
0.780299723148346
0.49800610542297363
0.798529326915741
0.9642457962036133
0.6661997437477112
0.23579640686511993
0.0235142782330513
0.2558191120624542
0.36588120460510254
0.49152806401252747
0.6724798083305359
0.16185738146305084
0.9656429290771484
0.7528103590011597
0.5386121869087219
0.9434391260147095
0.6851770281791687
0.7536292672157288
0.4241271913051605
0.3608565926551819
0.9492688179016113
0.6639518141746521
0.7748560309410095
0.8965919613838196
0.48123806715011597
0.8531171083450317
0.9290857911109924
0.7927563786506653
0.9162593483924866
0.08094842731952667
0.9965489506721497
0.780989944934845
0.01830337382853031
0.6008146405220032
0.5665292143821716
0.23536774516105652
0.8850787281990051
0.6224391460418701
0.4392955005168915
0.7422890067100525
0.22675226628780365
0.8499506115913391
0.609971284866333
0.5311359763145447
0.3871822655200958
0.3508509397506714
0.2687956690788269
0.5463435053825378
0.6158177256584167
0.269146203994751
0.03652985021471977
0.2825355529785156
0.6887484192848206
0.7993010878562927
0.5118190050125122
0.661554217338562
0.19560129940509796
0.12436190992593765
0.8034412264823914
0.27280643582344055
0.07008116692304611
0.7221493721008301
0.12366528809070587
0.09561549127101898
0.372285932302475
0.9269071221351624
0.11269558221101761
0.9918210506439209
0.6974913477897644
0.18150435388088226
0.1389133632183075
0.627933919429779
0.16409192979335785
0.9347045421600342
0.5071243643760681
0.7787517309188843
0.24627575278282166
0.8179149627685547
0.6449411511421204
0.7969748377799988
0.305052787065506
0.5529091358184814
0.7569623589515686
0.454211950302124
0.6434780955314636
0.5653990507125854
0.189064159989357
0.6802643537521362
0.8135963082313538
0.8565323948860168
0.3451773524284363
0.36502909660339355
0.8145216703414917
0.9738826155662537
0.1641387939453125
0.3895399868488312
0.851194441318512
0.47278353571891785
0.943730354309082
0.9245559573173523
0.6561049818992615
0.4316980540752411
0.8369985222816467
0.1308525651693344
0.020917266607284546
0.13398602604866028
0.2295803427696228
0.42644211649894714
0.8904428482055664
0.35338661074638367
0.20617659389972687
0.5375329256057739
0.8860849738121033
0.7037302255630493
0.17284636199474335
0.21591781079769135
0.8582719564437866
0.7686102986335754
0.5203931927680969
0.5182121396064758
0.9223672747612
0.9685562252998352
0.4869384169578552
0.43873122334480286
0.27847930788993835
0.6076880097389221
0.3143143951892853
0.09161346405744553
0.8978726267814636
0.9679756760597229
0.5855119824409485
0.9694649577140808
0.4612770676612854
0.3841787874698639
0.4514576494693756
0.8501129746437073
0.34063059091567993
0.5734572410583496
0.47399047017097473
0.8326545357704163
0.21004830300807953
0.49010002613067627
0.03614377975463867
0.3296697735786438
0.8414245247840881
0.5544167757034302
0.7445418834686279
0.9728379249572754
0.4154622256755829
0.4325520992279053
0.5069873332977295
0.2624054253101349
0.7678131461143494
0.9787159562110901
0.01279904693365097
0.2691552937030792
0.3884032964706421
0.8278710246086121
0.30329379439353943
0.5691177845001221
0.861701250076294
0.6430531144142151
0.12957336008548737
0.1417464315891266
0.16987644135951996
0.6545814871788025
0.06676146388053894
0.6265192627906799
0.42796608805656433
0.576352059841156
0.9658623337745667
0.5403865575790405
0.0007737208507023752
0.8841648697853088
0.5808692574501038
0.4890804588794708
0.1312575787305832
0.2925121486186981
0.7078384757041931
0.2715992331504822
0.7528054714202881
0.12208916246891022
0.4570792019367218
0.04250479117035866
0.9707990884780884
0.7940081357955933
0.08785819262266159
0.9558704495429993
0.1800636500120163
0.036105189472436905
0.5981627106666565
0.5806076526641846
0.20072120428085327
0.5414468050003052
0.6394612789154053
0.33586427569389343
0.1684308648109436
0.8004228472709656
0.39876583218574524
0.009190339595079422
0.4980858862400055
0.8344655632972717
0.48886391520500183
0.22537310421466827
0.3988493084907532
0.9933529496192932
0.19749779999256134
0.2303108423948288
0.18748237192630768
0.196227565407753
0.2862117886543274
0.7840164303779602
0.2352679818868637
0.07634831964969635
0.4812609553337097
0.2671113610267639
0.10022859275341034
0.518297553062439
0.6955891251564026
0.09180011600255966
0.915899395942688
0.3299257159233093
0.1475081443786621
0.6717703342437744
0.3156537711620331
0.002885540248826146
0.7773402333259583
0.3483430743217468
0.649699330329895
0.38133472204208374
0.5874958038330078
0.5038283467292786
0.09002066403627396
0.06563089042901993
0.31386813521385193
0.49447259306907654
0.7800114750862122
0.4678131937980652
0.7608548402786255
0.5907055139541626
0.6570247411727905
0.729624330997467
0.3765884041786194
0.04081755876541138
0.8180572986602783
0.7703495025634766
0.8112421035766602
0.9194039702415466
0.8541231751441956
0.4966353178024292
0.9685953855514526
0.4389946758747101
0.45024681091308594
0.20892132818698883
0.678846538066864
0.6071773767471313
0.8578804731369019
0.35942596197128296
0.1970006674528122
0.7530545592308044
0.13517117500305176
0.8748705983161926
0.7901113033294678
0.6843303442001343
0.5561203360557556
0.4335583448410034
0.08232814073562622
0.12894539535045624
0.5775691866874695
0.9840472340583801
0.8746347427368164
0.8296411633491516
0.47601282596588135
0.6837224364280701
0.5977367162704468
0.4494863450527191
0.2105596959590912
0.9808518886566162
0.18988929688930511
0.6919339895248413
0.4089820086956024
0.04876796528697014
0.12499609589576721
0.267970472574234
0.5352350473403931
0.016994304955005646
0.5172017812728882
0.3254709541797638
0.12534166872501373
0.24174752831459045
0.03651418909430504
0.15332096815109253
0.6634619235992432
0.025633184239268303
0.6167027950286865
0.0777650997042656
0.6585615873336792
0.6971723437309265
0.8887674808502197
0.8604760766029358
0.9902024269104004
0.9771004319190979
0.1895279586315155
0.17977075278759003
0.22502434253692627
0.2225015014410019
0.817152202129364
0.24035072326660156
0.7120120525360107
0.07308865338563919
0.3768191337585449
0.33816301822662354
0.7647162675857544
0.7393512725830078
0.21755492687225342
0.90012127161026
0.01580357924103737
0.9246325492858887
0.3797576427459717
0.8895310163497925
0.7883128523826599
0.2857029438018799
0.13067302107810974
0.9581226706504822
0.012068906798958778
0.48601803183555603
0.4459841847419739
0.8265992999076843
0.6132127046585083
0.9485559463500977
0.23833279311656952
0.3945460319519043
0.2547491192817688
0.807523250579834
0.7734200954437256
0.41756361722946167
0.167139932513237
0.2899925410747528
0.23757153749465942
0.7876462340354919
0.41357752680778503
0.9515849947929382
0.3951457738876343
0.4893063008785248
0.9054310917854309
0.8964758515357971
0.5175095200538635
0.9611341953277588
0.267282634973526
0.25547099113464355
0.690714955329895
0.040460772812366486
0.64107745885849
0.9588614702224731
0.7308673858642578
0.2888331413269043
0.4144482910633087
0.7062981724739075
0.9400777220726013
0.8846927285194397
0.2610163986682892
0.8124563694000244
0.9459867477416992
0.9263320565223694
0.6268814206123352
0.31712764501571655
0.12643136084079742
0.9631694555282593
0.6624961495399475
0.8404607176780701
0.05375723913311958
0.28519874811172485
0.24910907447338104
0.33156469464302063
0.674046516418457
0.04189296439290047
0.6430303454399109
0.0777498409152031
0.12200693786144257
0.19698667526245117
0.7588552832603455
0.6617205739021301
0.47252926230430603
0.15685731172561646
0.46799230575561523
0.2568715512752533
0.9473710060119629
0.22239871323108673
0.4740149676799774
0.09077043831348419
0.42382845282554626
0.64797043800354
0.7724080681800842
0.22391337156295776
0.9177523255348206
0.3529931306838989
0.05733874440193176
0.37482479214668274
0.03017502650618553
0.5611743330955505
0.2991742491722107
0.7466087937355042
0.8675147294998169
0.36427563428878784
0.5026279091835022
0.03401005640625954
0.5058597922325134
0.5489121675491333
0.42176076769828796
0.296220064163208
0.01738305389881134
0.3806491494178772
0.42057564854621887
0.3656272292137146
0.7192332148551941
0.03369820863008499
0.6502472758293152
0.4085071086883545
0.5248820781707764
0.7987015843391418
0.4189698100090027
0.18335238099098206
0.6814157962799072
0.8632150888442993
0.23004035651683807
0.13441847264766693
0.5734269618988037
0.035514626652002335
0.8961197733879089
0.2825130522251129
0.8909385800361633
0.8153135180473328
0.6537710428237915
0.45062685012817383
0.7545152902603149
0.993659496307373
0.08792533725500107
0.763918936252594
0.3625997006893158
0.4310853183269501
0.8359839916229248
0.4799426198005676
0.14842362701892853
0.25158655643463135
0.856494128704071
0.9584337472915649
0.628353476524353
0.8226011991500854
0.6450830101966858
0.1831168681383133
0.7467887997627258
0.3323228061199188
0.041252151131629944
0.6503342390060425
0.38448575139045715
0.016059519723057747
0.4091322124004364
0.32648682594299316
0.2987465262413025
0.5556526780128479
0.5453566312789917
0.4106306731700897
0.00973166711628437
0.9796822667121887
0.6337075233459473
0.9824455380439758
0.2304467409849167
0.42672041058540344
0.06023548170924187
0.9800415635108948
0.07933514565229416
0.5951441526412964
0.3323974907398224
0.7892327308654785
0.20898738503456116
0.5651149153709412
0.6615468859672546
0.468438059091568
0.19860030710697174
0.7257165312767029
0.7813389301300049
0.4208177328109741
0.6533458232879639
0.23255302011966705
0.22358867526054382
0.33989208936691284
0.24256528913974762
0.2789195477962494
0.5911155939102173
0.5520436763763428
0.8341566920280457
0.2549097239971161
0.4211621880531311
0.5349583625793457
0.6523916721343994
0.7273450493812561
0.6768711805343628
0.826336681842804
0.06968756765127182
0.6833491325378418
0.0011036964133381844
0.7341978549957275
0.2517109513282776
0.7184523344039917
0.9562689661979675
0.08846251666545868
0.08229529112577438
0.06879384815692902
0.11115021258592606
0.07898204028606415
0.10358090698719025
0.24191203713417053
0.5900157690048218
0.016087643802165985
0.6786540746688843
0.3233635127544403
0.3596668243408203
0.6310511827468872
0.15611302852630615
0.21326781809329987
0.22690565884113312
0.5238742232322693
0.5376482605934143
0.1749648004770279
0.790600061416626
0.7370654940605164
0.9429755210876465
0.048673115670681
0.8300577402114868
0.5201991200447083
0.7951185703277588
0.7201518416404724
0.20041655004024506
0.7246966361999512
0.6316352486610413
0.25932055711746216
0.380401074886322
0.23987966775894165
0.7912311553955078
0.8148626089096069
0.7952194213867188
0.025104761123657227
0.8162254095077515
0.43617314100265503
0.7247987985610962
0.8667159676551819
0.03870644047856331
0.536129891872406
0.37655535340309143
0.8918429017066956
0.917241632938385
0.3275572955608368
0.5895102024078369
0.6714809536933899
0.5111684799194336
0.6604880094528198
0.9564427137374878
0.6821892857551575
0.29800423979759216
0.7351551651954651
0.7144366502761841
0.1098317801952362
0.26842033863067627
0.8795182108879089
0.7042124271392822
0.5081567168235779
0.1286696344614029
0.6830921769142151
0.397678941488266
0.38068845868110657
0.5174268484115601
0.7286239266395569
0.8651983141899109
0.9776148796081543
0.9443118572235107
0.9941517114639282
0.499232679605484
0.4881899058818817
0.1387452483177185
0.11895689368247986
0.8165014386177063
0.6589648127555847
0.7543720602989197
0.8985252380371094
0.1126801148056984
0.6100793480873108
0.6332210302352905
0.6179107427597046
0.6943690180778503
0.6433186531066895
0.4601818919181824
0.4336604177951813
0.33420881628990173
0.6318891048431396
0.6684045791625977
0.4945739209651947
0.9124965667724609
0.10527011752128601
0.16895392537117004
0.96855628490448
0.6243953108787537
0.6708669662475586
0.7249459028244019
0.7848156690597534
0.034240659326314926
0.07977917790412903
0.29623669385910034
0.8754208087921143
0.022385789081454277
0.9372747540473938
0.6255007982254028
0.6626222133636475
0.8053935170173645
0.16239185631275177
0.5784957408905029
0.22217845916748047
0.6358535885810852
0.8953234553337097
0.643004834651947
0.7991518378257751
0.8796159625053406
0.5919697880744934
0.7724246382713318
0.8346279859542847
0.7846724987030029
0.3153359889984131
0.7192546129226685
0.06509798020124435
0.9233561754226685
0.9431872367858887
0.808649480342865
0.5892773866653442
0.1139155849814415
0.9417972564697266
0.22423218190670013
0.052471429109573364
0.531685471534729
0.1623765528202057
0.6232646703720093
0.12493060529232025
0.4367973506450653
0.7119125127792358
0.48608118295669556
0.18733198940753937
0.6881932020187378
0.05325467139482498
0.7930170297622681
0.9483239054679871
0.8089768290519714
0.7856318354606628
0.23779559135437012
0.6309474110603333
0.19336354732513428
0.9034211039543152
0.1144062727689743
0.6842504739761353
0.4241974651813507
0.44864341616630554
0.7908485531806946
0.9315682053565979
0.24848593771457672
0.4053545594215393
0.439045786857605
0.6663723587989807
0.5128493309020996
0.056043386459350586
0.31757935881614685
0.6268293857574463
0.5378144383430481
0.8826645612716675
0.35990461707115173
0.5657525658607483
0.09317021816968918
0.10050292313098907
0.395374596118927
0.8387284278869629
0.27699530124664307
0.708444356918335
0.010450825095176697
0.5312373042106628
0.3618910014629364
0.9556695818901062
0.21460354328155518
0.5698035955429077
0.771697998046875
0.5452653169631958
0.11991209536790848
0.17743811011314392
0.8906248807907104
0.8177928328514099
0.6882051229476929
0.8744408488273621
0.08355709165334702
0.1781202107667923
0.12256082892417908
0.24949891865253448
0.5478038191795349
0.5271689891815186
0.1283978968858719
0.4743778705596924
0.48776838183403015
0.8339909911155701
0.5331365466117859
0.5908058881759644
0.21057799458503723
0.7924922108650208
0.17960475385189056
0.28870517015457153
0.4734613597393036
0.11569615453481674
0.16437560319900513
0.2747431993484497
0.9035651683807373
0.32695242762565613
0.8851855993270874
0.015617407858371735
0.1297750174999237
0.9761618375778198
0.6360074281692505
0.1228189542889595
0.8878500461578369
0.029233261942863464
0.808319091796875
0.46863672137260437
0.3626614511013031
0.5927876830101013
0.8128059506416321
0.10648147016763687
0.519646942615509
0.6937419772148132
0.739811897277832
0.7643157839775085
0.005707971286028624
0.295372873544693
0.24942825734615326
0.941939115524292
0.7528232336044312
0.29288285970687866
0.8119681477546692
0.32828637957572937
0.389305979013443
0.5688309669494629
0.43264612555503845
0.47967833280563354
0.7338648438453674
0.14240162074565887
0.7337769269943237
0.922391414642334
0.9345170855522156
0.4761657118797302
0.7153854966163635
0.9526112079620361
0.12897317111492157
0.1456977277994156
0.3530869483947754
0.6767500042915344
0.9665158987045288
0.6806297898292542
0.9995418787002563
0.7305105924606323
0.7219123244285583
0.47280004620552063
0.6227508783340454
0.7281527519226074
0.8564262986183167
0.6718522310256958
0.18063057959079742
0.9218811392784119
0.7199801206588745
0.6178187727928162
0.6189203262329102
0.23732616007328033
0.2384069859981537
0.6867601871490479
0.638131856918335
0.5704381465911865
0.5603842735290527
0.08621124178171158
0.006208229344338179
0.7013156414031982
0.4508149027824402
0.7473119497299194
0.2879646420478821
0.23667581379413605
0.17210564017295837
0.09213341772556305
0.4786830246448517
0.36657068133354187
0.19477634131908417
0.4524403214454651
0.6689668893814087
0.753923237323761
0.25465378165245056
0.9779580235481262
0.26658862829208374
0.8087629079818726
0.3683394491672516
0.12936392426490784
0.05489198863506317
0.29604634642601013
0.2908088266849518
0.4960343837738037
0.37825194001197815
0.6491897702217102
0.24430808424949646
0.3235059976577759
0.20021091401576996
0.9252718687057495
0.33365166187286377
0.6669074892997742
0.4707864224910736
0.38164782524108887
0.38004088401794434
0.1518152356147766
0.7835251092910767
0.9731771349906921
0.9678895473480225
0.25765109062194824
0.9289071559906006
0.36887893080711365
0.6683558225631714
0.830705463886261
0.9296117424964905
0.2966325879096985
0.2246854454278946
0.889800488948822
0.5937852263450623
0.6838451027870178
0.5763781070709229
0.4244363307952881
0.2269688993692398
0.34164899587631226
0.4454347789287567
0.3920779228210449
0.8118828535079956
0.5505402684211731
0.710196316242218
0.1447332799434662
0.7498497366905212
0.25365886092185974
0.8328084945678711
0.7982911467552185
0.7799670100212097
0.38044050335884094
0.2726748287677765
0.1417670100927353
0.38520899415016174
0.5612197518348694
0.2955690622329712
0.9441326260566711
0.9675581455230713
0.22202226519584656
0.6320468783378601
0.6185524463653564
0.6559578776359558
0.1608191281557083
0.288048654794693
0.5508958101272583
0.3103627562522888
0.30241212248802185
0.4261411428451538
0.6296278238296509
0.027960963547229767
0.5613647699356079
0.24422885477542877
0.1812337189912796
0.7596125602722168
0.6987279057502747
0.5821831822395325
0.8672876358032227
0.38061434030532837
0.3322468101978302
0.8617008328437805
0.7793117761611938
0.387632817029953
0.9113680720329285
0.04464564099907875
0.6269016861915588
0.9433068633079529
0.024076126515865326
0.3746976852416992
0.12010563164949417
0.23858676850795746
0.8714190125465393
0.9376810193061829
0.279073029756546
0.9727105498313904
0.052727874368429184
0.10470830649137497
0.08759194612503052
0.9498744606971741
0.8716012835502625
0.2735496163368225
0.8029730319976807
0.9226319193840027
0.35474255681037903
0.8385705947875977
0.4657520353794098
0.5774675011634827
0.8219046592712402
0.47494545578956604
0.3953317105770111
0.3438573479652405
0.5989672541618347
0.4244673550128937
0.7636953592300415
0.11452984064817429
0.4247276782989502
0.5917112827301025
0.7172482013702393
0.5815854668617249
0.8031550645828247
0.5911484360694885
0.9632927775382996
0.3205640912055969
0.9911665320396423
0.5382116436958313
0.7340900897979736
0.8695758581161499
0.6581882238388062
0.43473872542381287
0.7755370736122131
0.2859167158603668
0.7682420015335083
0.02583221159875393
0.5914901494979858
0.11110025644302368
0.2458203136920929
0.28119271993637085
0.9662472009658813
0.9549567699432373
0.3668099343776703
0.06209566444158554
0.9793877005577087
0.5718634724617004
0.550126850605011
0.9184243083000183
0.9864698052406311
0.23480257391929626
0.061212558299303055
0.6102372407913208
0.45191189646720886
0.2057749480009079
0.9604458808898926
0.8842456340789795
0.2693096101284027
0.4425669014453888
0.23709458112716675
0.4119175374507904
0.21298947930335999
0.042732540518045425
0.12022921442985535
0.10557615756988525
0.3705442547798157
0.8567643761634827
0.3452691435813904
0.9846551418304443
0.28265953063964844
0.26447203755378723
0.3809138238430023
0.3272479176521301
0.48797231912612915
0.8905948400497437
0.7678975462913513
0.3293588161468506
0.5760163068771362
0.0023468213621526957
0.3390207290649414
0.6506351828575134
0.6954078674316406
0.4652835428714752
0.5897523760795593
0.19556619226932526
0.9898403286933899
0.21920152008533478
0.3280872404575348
0.9182168841362
0.6560718417167664
0.1888749599456787
0.05935700610280037
0.9363021850585938
0.6252707839012146
0.732637882232666
0.34728744626045227
0.9957600235939026
0.8483558297157288
0.9265129566192627
0.18679116666316986
0.46900302171707153
0.4609968066215515
0.24186640977859497
0.7075775265693665
0.8085318207740784
0.32647719979286194
0.6151449680328369
0.7095747590065002
0.4971121549606323
0.2940462529659271
0.20438753068447113
0.8120810389518738
0.9314404726028442
0.08562769740819931
0.19802364706993103
0.655813455581665
0.6548591256141663
0.5404811501502991
0.905275285243988
0.23763543367385864
0.8848775029182434
0.15806794166564941
0.6350972056388855
0.04789706692099571
0.36967897415161133
0.4147768020629883
0.6332389116287231
0.482351690530777
0.4155484735965729
0.6341038346290588
0.6853152513504028
0.9049741625785828
0.3215181231498718
0.1332927942276001
0.5899016857147217
0.3493945896625519
0.04654865339398384
0.9639415144920349
0.03644607588648796
0.2664355933666229
0.6957616806030273
0.9410451054573059
0.6828114986419678
0.8392212986946106
0.5458102226257324
0.3655620217323303
0.6319390535354614
0.6436988711357117
0.7191445827484131
0.7561207413673401
0.6649351716041565
0.7334936261177063
0.4805566966533661
0.08079106360673904
0.32873156666755676
0.8793594241142273
0.386004775762558
0.21106858551502228
0.6809650659561157
0.9265831112861633
0.11067453026771545
0.3282372057437897
0.3936157822608948
0.5775461792945862
0.8491917252540588
0.8077940344810486
0.9393190741539001
0.06507765501737595
0.7425317764282227
0.4512939751148224
0.19513608515262604
0.4800516664981842
0.3420981466770172
0.2153516262769699
0.519016683101654
0.050816576927900314
0.7667953372001648
0.9599850177764893
0.5909326076507568
0.7915396690368652
0.6854732036590576
0.17862915992736816
0.7271016240119934
0.32039761543273926
0.24296246469020844
0.42070889472961426
0.16885384917259216
0.6593295931816101
0.6804941892623901
0.9349575638771057
0.7595873475074768
0.6568117141723633
0.35691648721694946
0.181094691157341
0.5018572211265564
0.3663622736930847
0.6781818866729736
0.9759100079536438
0.7912877202033997
0.06668254733085632
0.02486262656748295
0.7435578107833862
0.1456747055053711
0.004947087727487087
0.8230615854263306
0.41411301493644714
0.17494916915893555
0.4102785885334015
0.028594644740223885
0.8070096969604492
0.7620559930801392
0.25640279054641724
0.5405761003494263
0.34676095843315125
0.4582201838493347
0.7917391657829285
0.7887487411499023
0.9739188551902771
0.9491246938705444
0.36328941583633423
0.055040646344423294
0.6023796200752258
0.5628147125244141
0.11006824672222137
0.29805755615234375
0.9991142153739929
0.4765271246433258
0.23079420626163483
0.08309774845838547
0.42247143387794495
0.47387242317199707
0.7940043210983276
0.9940122365951538
0.18327118456363678
0.043641477823257446
0.4477423429489136
0.4424412250518799
0.1510617733001709
0.04914606735110283
0.6186597347259521
0.606544554233551
0.6967121362686157
0.8224453926086426
0.30030229687690735
0.8243805766105652
0.5302608013153076
0.01646166667342186
0.9739726185798645
0.3116874694824219
0.039965804666280746
0.4443664848804474
0.9917418360710144
0.8562683463096619
0.6107509136199951
0.1939435601234436
0.97389817237854
0.4175223410129547
0.7719449996948242
0.8091259002685547
0.23182722926139832
0.20288024842739105
0.35873180627822876
0.5529824495315552
0.9599987864494324
0.5727891325950623
0.8646617531776428
0.8151118159294128
0.4083791673183441
0.438401460647583
0.8261735439300537
0.7309278249740601
0.9133889675140381
0.48787349462509155
0.6676310300827026
0.24628199636936188
0.8845806121826172
0.025004500523209572
0.943252444267273
0.9535711407661438
0.5979403257369995
0.2603975832462311
0.42984697222709656
0.1207159236073494
0.5907251238822937
0.7156680226325989
0.8447470664978027
0.7603623867034912
0.4927571713924408
0.16399875283241272
0.2246316820383072
0.4068572521209717
0.7298867106437683
0.014475150965154171
0.26703763008117676
0.9287800192832947
0.8986271023750305
0.08549383282661438
0.5503510236740112
0.07103632390499115
0.5131655335426331
0.8388417959213257
0.6876962780952454
0.2146773636341095
0.6656014323234558
0.1368911862373352
0.7032781839370728
0.454117089509964
0.5842925906181335
0.884429395198822
0.7959304451942444
0.5530590415000916
0.4235975742340088
0.14045557379722595
0.2524901330471039
0.6377135515213013
0.45177575945854187
0.7171292901039124
0.7297958135604858
0.2965736389160156
0.5561336874961853
0.7794290781021118
0.6172958016395569
0.615252673625946
0.875248908996582
0.7141544818878174
0.14665360748767853
0.8535679578781128
0.7083883881568909
0.11189016699790955
0.42901426553726196
0.7821212410926819
0.5889267921447754
0.9262850880622864
0.7246164083480835
0.02940388396382332
0.7175672650337219
0.000762731593567878
0.21698614954948425
0.772957444190979
0.2054106593132019
0.5004370808601379
0.915860116481781
0.8799015283584595
0.6322066187858582
0.9004521369934082
0.8852934241294861
0.11236795783042908
0.4407729208469391
0.16604870557785034
0.721396267414093
0.6633385419845581
0.9261263608932495
0.07888391613960266
0.5508327484130859
0.1929333508014679
0.7980404496192932
0.5793891549110413
0.32295653223991394
0.4790799617767334
0.573076069355011
0.5580767393112183
0.029942208901047707
0.6347845196723938
0.8994545936584473
0.8366418480873108
0.9206421971321106
0.4497966468334198
0.7702778577804565
0.4121788442134857
0.4723320007324219
0.5030658841133118
0.9836242198944092
0.9932145476341248
0.9075181484222412
0.08161751925945282
0.8038035035133362
0.2451903522014618
0.40974822640419006
0.17429038882255554
0.16044530272483826
0.8208261728286743
0.6285208463668823
0.6556205153465271
0.23404014110565186
0.04696556553244591
0.9368841648101807
0.11636518687009811
0.13218167424201965
0.0772450789809227
0.2862926125526428
0.009468364529311657
0.7885698676109314
0.20887301862239838
0.21532657742500305
0.9807096123695374
0.01192224770784378
0.43449994921684265
0.995470404624939
0.2814055383205414
0.4285737872123718
0.3445155620574951
0.911320149898529
0.4568493664264679
0.12264436483383179
0.2899617552757263
0.0736527144908905
0.21757039427757263
0.7594379782676697
0.009606670588254929
0.5723341703414917
0.3049929440021515
0.9269953370094299
0.8857571482658386
0.06735303997993469
0.5207259058952332
0.08050259947776794
0.5675873756408691
0.19320647418498993
0.10688691586256027
0.6257245540618896
0.2593352496623993
0.4303959310054779
0.9487967491149902
0.18580281734466553
0.4269345998764038
0.5174321532249451
0.1974131166934967
0.054480038583278656
0.2931888699531555
0.31974098086357117
0.8315936326980591
0.1298329085111618
0.6802533864974976
0.355474591255188
0.863334059715271
0.30431798100471497
0.797069787979126
0.80259108543396
0.7555396556854248
0.921371579170227
0.24694330990314484
0.06560291349887848
0.18888987600803375
0.8455502986907959
0.7727025151252747
0.7255135774612427
0.28272077441215515
0.6166996955871582
0.9435660243034363
0.08799610286951065
0.17907921969890594
0.03293102607131004
0.4372563660144806
0.3665030002593994
0.7613328695297241
0.702982485294342
0.16022823750972748
0.27390357851982117
0.5326363444328308
0.9514671564102173
0.02185004949569702
0.11991250514984131
0.2764805555343628
0.09235396236181259
0.9729681611061096
0.7447657585144043
0.9723482728004456
0.06283742934465408
0.3901247978210449
0.148909330368042
0.5169690847396851
0.5374343395233154
0.7571324110031128
0.9999135732650757
0.7269061803817749
0.763690710067749
0.6261298060417175
0.9912602305412292
0.5315426588058472
0.30997681617736816
0.6952708959579468
0.07323072850704193
0.4593127369880676
0.35179752111434937
0.43629059195518494
0.9721002578735352
0.7161725759506226
0.27234408259391785
0.8376129865646362
0.4638919532299042
0.42780330777168274
0.1750430017709732
0.7870274782180786
0.8386369347572327
0.6056872606277466
0.9796891808509827
0.553211510181427
0.4215796887874603
0.8808453679084778
0.7642574310302734
0.24453194439411163
0.34981203079223633
0.6249617338180542
0.08450998365879059
0.8410452008247375
0.4559987485408783
0.6787940263748169
0.8570091724395752
0.2279750555753708
0.5900387167930603
0.20581209659576416
0.2238379865884781
0.5053322315216064
0.5104581117630005
0.6734052896499634
0.5397794246673584
0.4208388924598694
0.3932551145553589
0.04740956053137779
0.8034653663635254
0.13606052100658417
0.4752797782421112
0.6827677488327026
0.18072590231895447
0.7485376000404358
0.25318944454193115
0.45265963673591614
0.28647539019584656
0.576844334602356
0.9140660762786865
0.3322596848011017
0.4810470938682556
0.30664944648742676
0.6733149886131287
0.03273113816976547
0.16947053372859955
0.6596998572349548
0.9633457660675049
0.6432229280471802
0.9030892252922058
0.1748032122850418
0.658682644367218
0.6195255517959595
0.08451370894908905
0.022131171077489853
0.8600515723228455
0.3405168950557709
0.5073366761207581
0.6814296841621399
0.5039169192314148
0.11917456984519958
0.30233603715896606
0.95914626121521
0.9988629221916199
0.8721045255661011
0.27984488010406494
0.5969300866127014
0.7078611850738525
0.15688471496105194
0.9823951721191406
0.6041597127914429
0.2323582023382187
0.6268960237503052
0.08608530461788177
0.17334112524986267
0.521445095539093
0.36255505681037903
0.5218585729598999
0.8019767999649048
0.8596897125244141
0.352264940738678
0.4281177222728729
0.9628909826278687
0.5715722441673279
0.4133259356021881
0.7212845683097839
0.5489721298217773
0.4705805480480194
0.2563439607620239
0.010783306322991848
0.8191984295845032
0.20350711047649384
0.4849141240119934
0.930036187171936
0.985238254070282
0.9017903804779053
0.519758939743042
0.7101473808288574
0.2793501317501068
0.6640715599060059
0.7556028366088867
0.9420589208602905
0.5854589939117432
0.5078519582748413
0.7027170062065125
0.0014562553260475397
0.31961339712142944
0.05681972950696945
0.344365656375885
0.6732116937637329
0.6682331562042236
0.29312586784362793
0.7874467968940735
0.2163810133934021
0.570999026298523
0.6228686571121216
0.8103155493736267
0.3689877986907959
0.141302689909935
0.5739482641220093
0.8488829731941223
0.9249438643455505
0.7672311663627625
0.5582319498062134
0.514386773109436
0.1558256298303604
0.3075316250324249
0.22085747122764587
0.8260136842727661
0.1207103282213211
0.7646555304527283
0.6644281148910522
0.936526358127594
0.6367111802101135
0.12993298470973969
0.8898017406463623
0.41821715235710144
0.22048243880271912
0.3650002181529999
0.4218536615371704
0.11611197888851166
0.6451799273490906
0.5578486323356628
0.14901144802570343
0.5967360138893127
0.06759227067232132
0.4982500374317169
0.6231174468994141
0.6324498057365417
0.7532678246498108
0.5987908244132996
0.5209500193595886
0.5279130935668945
0.3923565745353699
0.2534400224685669
0.7946563959121704
0.5472891330718994
0.9995108246803284
0.9671891927719116
0.6100231409072876
0.8326477408409119
0.31982889771461487
0.6375167369842529
0.12426193803548813
0.6193384528160095
0.3022720217704773
0.15865936875343323
0.0698169395327568
0.9734373092651367
0.9276242256164551
0.022902950644493103
0.8327666521072388
0.4051704704761505
0.6649582386016846
0.9965928196907043
0.6006467342376709
0.9026507139205933
0.8931756019592285
0.3793092668056488
0.1310328245162964
0.6525384187698364
0.6635239124298096
0.9049341678619385
0.7922788262367249
0.4914056658744812
0.7618392109870911
0.7366876602172852
0.4335037171840668
0.19312117993831635
0.4705550968647003
0.37888047099113464
0.449153333902359
0.3251805007457733
0.33348530530929565
0.322501003742218
0.1349761188030243
0.7919296026229858
0.13389405608177185
0.2933148443698883
0.00045761940418742597
0.15207920968532562
0.12240276485681534
0.26059260964393616
0.2955654561519623
0.7604414820671082
0.4280596077442169
0.35509252548217773
0.7461263537406921
0.7778342366218567
0.14469507336616516
0.9374621510505676
0.9849802255630493
0.14490513503551483
0.12755180895328522
0.5018928647041321
0.6786964535713196
0.5260593891143799
0.9980784058570862
0.08165384829044342
0.05870453268289566
0.380760133266449
0.9487290382385254
0.02151140756905079
0.8680785894393921
0.5009253025054932
0.03976427763700485
0.7100906372070312
0.4144821763038635
0.8494600057601929
0.6419544219970703
0.3164560794830322
0.5229977369308472
0.040364574640989304
0.5581786632537842
0.5787294507026672
0.3718421757221222
0.17122118175029755
0.5655051469802856
0.6647107005119324
0.33195436000823975
0.3371405601501465
0.7120845913887024
0.0856776088476181
0.01192521769553423
0.9678856134414673
0.9622825980186462
0.7641297578811646
0.7811182737350464
0.5623108744621277
0.2171625792980194
0.4821963310241699
0.5541702508926392
0.287583589553833
0.6225550174713135
0.831705629825592
0.5883128643035889
0.0825466588139534
0.6257197856903076
0.7172014713287354
0.659894585609436
0.032103851437568665
0.5312274098396301
0.8432062864303589
0.26476606726646423
0.08111882209777832
0.7514426112174988
0.07261873036623001
0.997244656085968
0.5208154320716858
0.8817158341407776
0.650128960609436
0.07432975620031357
0.6971220374107361
0.9001951813697815
0.6597186923027039
0.7520942687988281
0.1281781643629074
0.37858325242996216
0.6784790754318237
0.3459165096282959
0.2534186840057373
0.3242088258266449
0.6897695660591125
0.26927220821380615
0.3980754613876343
0.18445342779159546
0.21457217633724213
0.5392729043960571
0.37189173698425293
0.45230919122695923
0.4044302701950073
0.8303888440132141
0.24296320974826813
0.7578648328781128
0.8790159225463867
0.12254585325717926
0.2793332040309906
0.0503416545689106
0.46260973811149597
0.8968209028244019
0.613524854183197
0.8606282472610474
0.9627318382263184
0.9345439672470093
0.7344931960105896
0.529274046421051
0.19645661115646362
0.4012817442417145
0.3467558026313782
0.07721439003944397
0.8761612772941589
0.10669129341840744
0.7421472668647766
0.4930739104747772
0.3826802670955658
0.2646794021129608
0.8329625129699707
0.510503888130188
0.4505915343761444
0.7190538048744202
0.9393239617347717
0.7480272650718689
0.833884596824646
0.2401311695575714
0.38871657848358154
0.6748145818710327
0.8128660321235657
0.03962469846010208
0.45293697714805603
0.3717215061187744
0.8599585890769958
0.7138888239860535
0.7838080525398254
0.4333851635456085
0.10686711221933365
0.6260305643081665
0.09563576430082321
0.20089176297187805
0.2781500816345215
0.9415703415870667
0.11352741718292236
0.09169270843267441
0.8712630867958069
0.9662426114082336
0.4432327151298523
0.30082929134368896
0.7886861562728882
0.5178903341293335
0.040854670107364655
0.43848150968551636
0.4821413457393646
0.2639788091182709
0.12780535221099854
0.10847179591655731
0.8109580278396606
0.3188745677471161
0.506666362285614
0.7079238891601562
0.23225897550582886
0.9121001362800598
0.7233363389968872
0.6930923461914062
0.48916691541671753
0.643720805644989
0.7207383513450623
0.1429620385169983
0.6376133561134338
0.5296832919120789
0.014817669987678528
0.20421470701694489
0.36060869693756104
0.6407861709594727
0.5449703931808472
0.4071107804775238
0.7162662148475647
0.9373408555984497
0.04607786238193512
0.32004302740097046
0.3933473527431488
0.36415523290634155
0.8421554565429688
0.0393027663230896
0.18159128725528717
0.39805087447166443
0.16637906432151794
0.9550408720970154
0.7301008105278015
0.9177794456481934
0.16657531261444092
0.5085432529449463
0.14129889011383057
0.7366800308227539
0.1403329223394394
0.9549925923347473
0.9886491298675537
0.8076761960983276
0.020283132791519165
0.8742716908454895
0.09188724309206009
0.2209610491991043
0.07625225931406021
0.14356602728366852
0.2005997896194458
0.6175945401191711
0.4590126872062683
0.6046627759933472
0.9594541192054749
0.7250533103942871
0.02046103961765766
0.8522101640701294
0.5705620646476746
0.014895157888531685
0.7610077261924744
0.08967041224241257
0.3407713770866394
0.17755559086799622
0.5278449654579163
0.9928267002105713
0.17418472468852997
0.5010049939155579
0.45086923241615295
0.2548588216304779
0.8394333124160767
0.5169191956520081
0.1905549317598343
0.9761081337928772
0.7918661832809448
0.26394885778427124
0.25238826870918274
0.9054884910583496
0.4623180627822876
0.2555443048477173
0.017543906345963478
0.8834388852119446
0.3232491910457611
0.47622355818748474
0.009899330325424671
0.22034917771816254
0.6682832837104797
0.8495361804962158
0.4736742377281189
0.7587034702301025
0.42056339979171753
0.5801209807395935
0.1219949722290039
0.10265345126390457
0.8386545777320862
0.03264476731419563
0.43664348125457764
0.3587742745876312
0.6237157583236694
0.060097139328718185
0.142612487077713
0.36609551310539246
0.3260546922683716
0.6140131950378418
0.33998334407806396
0.835090160369873
0.2151438146829605
0.9273569583892822
0.4631645381450653
0.4723890721797943
0.4229939877986908
0.2798537611961365
0.7661290168762207
0.316193550825119
0.4484911262989044
0.49257874488830566
0.6842893362045288
0.6533441543579102
0.3270910680294037
0.332570880651474
0.0405515618622303
0.998160183429718
0.4682316482067108
0.8057318329811096
0.49787822365760803
0.06470227986574173
0.6836020946502686
0.8730723857879639
0.5773071646690369
0.33052486181259155
0.8053913712501526
0.8294106721878052
0.44002869725227356
0.9267404079437256
0.08271715044975281
0.535682201385498
0.12297523021697998
0.295593798160553
0.13646146655082703
0.8317162394523621
0.5209193825721741
0.6714858412742615
0.8393877148628235
0.8709329962730408
0.3053262531757355
0.19809627532958984
0.15932773053646088
0.7783365249633789
0.2544524371623993
0.8866248726844788
0.9158959984779358
0.8352311253547668
0.46246808767318726
0.8606643676757812
0.2907121777534485
0.208206444978714
0.2871132493019104
0.18578219413757324
0.9872148036956787
0.6572028994560242
0.48561525344848633
0.2393985539674759
0.7664748430252075
0.008082902990281582
0.0007096057524904609
0.8864143490791321
0.7239582538604736
0.5658972859382629
0.8110018372535706
0.7249028086662292
0.692938506603241
0.9303722977638245
0.23413799703121185
0.516363799571991
0.4942365884780884
0.18529567122459412
0.8567114472389221
0.010522261261940002
0.6127780079841614
0.33982357382774353
0.45964065194129944
0.9772767424583435
0.014400478452444077
0.26975297927856445
0.795682966709137
0.951832115650177
0.7830160856246948
0.12420349568128586
0.9079185128211975
0.8709965348243713
0.7864984273910522
0.6125436425209045
0.3096344470977783
0.9495640993118286
0.46556538343429565
0.39403706789016724
0.20389899611473083
0.6334611773490906
0.2998528778553009
0.010047074407339096
0.040900278836488724
0.24604694545269012
0.8086476922035217
0.7445458173751831
0.38556748628616333
0.0020622897427529097
0.3234546184539795
0.30385398864746094
0.5822223424911499
0.11516322940587997
0.5056003928184509
0.19696609675884247
0.5828241109848022
0.3738173842430115
0.4057319462299347
0.11846034973859787
0.9603922367095947
0.0827460065484047
0.9357813000679016
0.9848317503929138
0.04444609954953194
0.9672494530677795
0.8399560451507568
0.1778387725353241
0.5678585171699524
0.4317232370376587
0.5267502665519714
0.7636218667030334
0.7236676216125488
0.12517625093460083
0.03810681775212288
0.20954127609729767
0.92595374584198
0.5284680724143982
0.7759339809417725
0.5355944037437439
0.21846111118793488
0.18413911759853363
0.8378943800926208
0.541563093662262
0.983221709728241
0.3210148811340332
0.532170295715332
0.6002553105354309
0.17130188643932343
0.9156172871589661
0.7127513885498047
0.5508716702461243
0.5346689224243164
0.037728454917669296
0.5033473968505859
0.6575894355773926
0.736833930015564
0.9311676025390625
0.4707692563533783
0.9709171652793884
0.7582060694694519
0.297926664352417
0.732304573059082
0.02662852220237255
0.27088549733161926
0.5287043452262878
0.969010591506958
0.5221071839332581
0.5563273429870605
0.7046299576759338
0.9224028587341309
0.9374039173126221
0.8461517691612244
0.47616106271743774
0.7678921818733215
0.9579001069068909
0.19766496121883392
0.16921688616275787
0.8042252063751221
0.5161542296409607
0.5796473622322083
0.3744172751903534
0.9519961476325989
0.5890526175498962
0.2572861313819885
0.6632463932037354
0.5869811773300171
0.7373030185699463
0.8936938643455505
0.7703824043273926
0.7746307849884033
0.8356995582580566
0.8025994896888733
0.05234319716691971
0.8156424760818481
0.5492211580276489
0.4537063241004944
0.5979732871055603
0.7868924736976624
0.2081984132528305
0.41224247217178345
0.8151485323905945
0.0672326609492302
0.19371186196804047
0.8842049241065979
0.21434681117534637
0.7276890277862549
0.8256118893623352
0.22048965096473694
0.4770248234272003
0.5704677104949951
0.147086501121521
0.9256506562232971
0.2983826696872711
0.5211830139160156
0.13303923606872559
0.5242102742195129
0.9123315811157227
0.3330919146537781
0.5368149876594543
0.44976118206977844
0.6465561985969543
0.8984336256980896
0.5147051811218262
0.0709611251950264
0.2990976870059967
0.7033891677856445
0.8144083619117737
0.03212066739797592
0.00899041723459959
0.4797776937484741
0.8495113849639893
0.7949671745300293
0.8523512482643127
0.1058507189154625
0.22365547716617584
0.31351998448371887
0.39290860295295715
0.1613413393497467
0.9435997009277344
0.627440869808197
0.2050551325082779
0.07220499217510223
0.787394106388092
0.43865731358528137
0.168185755610466
0.4927135705947876
0.6490039825439453
0.3699609637260437
0.7642414569854736
0.2221304476261139
0.47324442863464355
0.5220556855201721
0.42250195145606995
0.2954031527042389
0.9503968358039856
0.5271285772323608
0.8116398453712463
0.04193496331572533
0.5827203392982483
0.7773230075836182
0.9296616911888123
0.2091248780488968
0.11358756572008133
0.8580281138420105
0.23436476290225983
0.5540369749069214
0.7604886293411255
0.28211647272109985
0.26849302649497986
0.7414135932922363
0.8147727251052856
0.020181890577077866
0.007774334400892258
0.18905474245548248
0.09519794583320618
0.620162308216095
0.6123340725898743
0.5043769478797913
0.4950384497642517
0.18869489431381226
0.058162935078144073
0.5558080077171326
0.6277312636375427
0.6946901679039001
0.4657638370990753
0.9927017688751221
0.2948150038719177
0.4355062246322632
0.09155125916004181
0.30888301134109497
0.014231299981474876
0.2935498356819153
0.1829727441072464
0.6760396361351013
0.12368549406528473
0.05878409370779991
0.3921944499015808
0.1650698035955429
0.9311226606369019
0.835314154624939
0.9255833625793457
0.8280068635940552
0.3947427272796631
0.8230498433113098
0.16906718909740448
0.8960931897163391
0.6351214051246643
0.2003949135541916
0.2866204082965851
0.021480919793248177
0.016910657286643982
0.755029559135437
0.08218132704496384
0.7455589771270752
0.4486222267150879
0.8704421520233154
0.2786419987678528
0.5324378609657288
0.004146335180848837
0.6638991236686707
0.48282527923583984
0.37488222122192383
0.03455762937664986
0.20740589499473572
0.8958706259727478
0.8583198189735413
0.06007380411028862
0.18896737694740295
0.5874521732330322
0.8622504472732544
0.2241942137479782
0.32924002408981323
0.21600200235843658
0.6239024996757507
0.3237709403038025
0.34292590618133545
0.21202436089515686
0.8447876572608948
0.019807716831564903
0.1975250095129013
0.3444782495498657
0.6047052145004272
0.8717365860939026
0.14923422038555145
0.875870406627655
0.6575537323951721
0.4882502555847168
0.07167661190032959
0.89133220911026
0.5196177363395691
0.6358921527862549
0.8665499687194824
0.590211033821106
0.2507891058921814
0.6280301213264465
0.18525484204292297
0.3254668414592743
0.5711820125579834
0.7386138439178467
0.05698475241661072
0.01675211638212204
0.315369576215744
0.14738556742668152
0.6348423957824707
0.17799513041973114
0.40492305159568787
0.6805897355079651
0.7232706546783447
0.019427912309765816
0.8474686741828918
0.3567485213279724
0.19577477872371674
0.775661051273346
0.21234381198883057
0.6218227744102478
0.7266941070556641
0.3468706011772156
0.880617082118988
0.49025818705558777
0.030315611511468887
0.25951331853866577
0.5081688761711121
0.23825693130493164
0.9771191477775574
0.9404097199440002
0.4641559422016144
0.48522520065307617
0.12091061472892761
0.5991972088813782
0.0892963707447052
0.6582919359207153
0.3302323520183563
0.053887855261564255
0.08031175285577774
0.8252414464950562
0.8559063076972961
0.25995269417762756
0.8143850564956665
0.7164863348007202
0.536212682723999
0.983830451965332
0.2414153665304184
0.3962436616420746
0.9816796183586121
0.335112065076828
0.241515651345253
0.8704089522361755
0.6253758072853088
0.249069482088089
0.9821808338165283
0.23060433566570282
0.1292516589164734
0.08593451976776123
0.4291495382785797
0.4221276044845581
0.25755491852760315
0.7394235134124756
0.9996784925460815
0.42636609077453613
0.48195135593414307
0.6153618693351746
0.2533719837665558
0.5072057843208313
0.04194057732820511
0.37081992626190186
0.5035935044288635
0.20987612009048462
0.809734582901001
0.7893650531768799
0.24749483168125153
0.13762284815311432
0.6793457269668579
0.2955484688282013
0.24546228349208832
0.2094174474477768
0.02076147496700287
0.5526823997497559
0.3671334981918335
0.10841444879770279
0.08063502609729767
0.80717933177948
0.6141169667243958
0.6442158222198486
0.640902578830719
0.20356599986553192
0.03667007386684418
0.9135788679122925
0.25181126594543457
0.3101752698421478
0.6239808797836304
0.9537445902824402
0.9436937570571899
0.24275162816047668
0.09048109501600266
0.5043261051177979
0.5928199887275696
0.7071983218193054
0.0030788539443165064
0.07279051095247269
0.002467165933921933
0.9860438108444214
0.21272453665733337
0.18916402757167816
0.8058943748474121
0.4923836886882782
0.6374330520629883
0.35138675570487976
0.8547481298446655
0.3774135410785675
0.45073482394218445
0.9549475908279419
0.8776565194129944
0.5342106223106384
0.766227662563324
0.6113396883010864
0.5117475986480713
0.44465699791908264
0.8163232207298279
0.26070961356163025
0.46362870931625366
0.8877708315849304
0.36181238293647766
0.2003740817308426
0.6912074685096741
0.8197252750396729
0.33376020193099976
0.929301381111145
0.1948554813861847
0.05580616369843483
0.1477043330669403
0.8779172301292419
0.637954831123352
0.7486359477043152
0.13761542737483978
0.8722952008247375
0.7073692679405212
0.025200437754392624
0.04717228561639786
0.8236208558082581
0.448779821395874
0.9663189053535461
0.2821657657623291
0.708380401134491
0.41033896803855896
0.6016697883605957
0.6844176054000854
0.4870503842830658
0.5610111951828003
0.0054037198424339294
0.9647302031517029
0.8278133869171143
0.630739688873291
0.6791278719902039
0.004416567739099264
0.1585756093263626
0.09108074009418488
0.07197271287441254
0.9283441305160522
0.014042336493730545
0.8444367051124573
0.6560208797454834
0.9898394346237183
0.9257019758224487
0.23428979516029358
0.7010969519615173
0.1919090300798416
0.9505396485328674
0.7286467552185059
0.32972946763038635
0.7444917559623718
0.8216151595115662
0.5467756986618042
0.32914793491363525
0.8178417682647705
0.9362441897392273
0.5345465540885925
0.291886568069458
0.5182819366455078
0.9549534916877747
0.33896902203559875
0.7567804455757141
0.9015756845474243
0.04658769443631172
0.6859058737754822
0.933117687702179
0.5015794634819031
0.5885373950004578
0.4868377447128296
0.4626147449016571
0.9461694359779358
0.7313562035560608
0.11180698126554489
0.6103503108024597
0.11344733834266663
0.8814671039581299
0.14294962584972382
0.7096475958824158
0.46318885684013367
0.32627207040786743
0.8895016312599182
0.05999913066625595
0.9227686524391174
0.2445996105670929
0.44728168845176697
0.470043420791626
0.052453719079494476
0.7115342617034912
0.6292212605476379
0.7208820581436157
0.5320072770118713
0.11814066767692566
0.07674391567707062
0.9140815734863281
0.11711390316486359
0.1784409135580063
0.2191135138273239
0.2237795889377594
0.05584268644452095
0.5857840180397034
0.6348934173583984
0.8556513786315918
0.0061609442345798016
0.4743787944316864
0.06341932713985443
0.5927519798278809
0.4107922315597534
0.705294668674469
0.6352636814117432
0.7836185693740845
0.5001292824745178
0.694311797618866
0.7350857853889465
0.5741804242134094
0.7355648279190063
0.4153059720993042
0.7187964916229248
0.4511069655418396
0.28933459520339966
0.924796998500824
0.8220109939575195
0.4805314242839813
0.20652183890342712
0.4898166060447693
0.9947086572647095
0.47733309864997864
0.17882806062698364
0.7625544667243958
0.36151593923568726
0.2134564369916916
0.26188719272613525
0.26532992720603943
0.7534737586975098
0.2666415870189667
0.20930632948875427
0.5994915962219238
0.9463393688201904
0.37592774629592896
0.015859238803386688
0.8207329511642456
0.21183118224143982
0.3337115943431854
0.6396939754486084
0.8685104250907898
0.366791307926178
0.475312739610672
0.5363763570785522
0.7147471308708191
0.651738703250885
0.4761987030506134
0.9432369470596313
0.8834308385848999
0.9619929194450378
0.9128857851028442
0.5694468021392822
0.6861265897750854
0.35603782534599304
0.8656381368637085
0.3253578841686249
0.740721583366394
0.5740442872047424
0.9587458968162537
0.11088501662015915
0.91130530834198
0.927463710308075
0.13766786456108093
0.29124510288238525
0.735750138759613
0.5196477770805359
0.44111233949661255
0.5234877467155457
0.9886709451675415
0.0025297466199845076
0.8981820940971375
0.9434256553649902
0.3786123991012573
0.6264222860336304
0.5939635038375854
0.8899011611938477
0.5308757424354553
0.4857887923717499
0.7905130386352539
0.9595565795898438
0.6433058381080627
0.7305745482444763
0.634038507938385
0.6892470121383667
0.14709772169589996
0.45075514912605286
0.21330122649669647
0.8220557570457458
0.9438582062721252
0.2642976641654968
0.9685288667678833
0.3227592706680298
0.22970741987228394
0.1607404202222824
0.8527531623840332
0.6211137771606445
0.2757405936717987
0.8390727639198303
0.7684804797172546
0.15084436535835266
0.030523834750056267
0.7951003909111023
0.570429265499115
0.16449736058712006
0.34728893637657166
0.10254620760679245
0.39699482917785645
0.33832889795303345
0.2728784382343292
0.359732985496521
0.5254058241844177
0.7116348743438721
0.8767808079719543
0.7799845337867737
0.8644629120826721
0.4898678958415985
0.3895263075828552
0.8484128713607788
0.8645539879798889
0.5336526036262512
0.937004566192627
0.2488967478275299
0.8545301556587219
0.24671941995620728
0.06135243922472
0.2861669361591339
0.04572979360818863
0.28567004203796387
0.21391348540782928
0.6119143962860107
0.6655957698822021
0.1433420479297638
0.7614930868148804
0.825942873954773
0.5776755809783936
0.41339775919914246
0.5749576687812805
0.2601129412651062
0.5036193132400513
0.7183672785758972
0.5968550443649292
0.6768233180046082
0.7300518155097961
0.7194734215736389
0.15836811065673828
0.9361589550971985
0.2318560630083084
0.6054121255874634
0.43192964792251587
0.5347986817359924
0.9695134162902832
0.9405038952827454
0.5593138933181763
0.6412101984024048
0.9447466135025024
0.21315298974514008
0.6590445041656494
0.09167692810297012
0.0217597596347332
0.97906494140625
0.5225356221199036
0.42109429836273193
0.24965955317020416
0.6428205966949463
0.9485911130905151
0.5435410737991333
0.9893926978111267
0.6819901466369629
0.18178300559520721
0.8380982875823975
0.0562124028801918
0.43318453431129456
0.8795441389083862
0.47438111901283264
0.75606369972229
0.23047111928462982
0.3729301393032074
0.4401291012763977
0.5606830716133118
0.8987312316894531
0.6039071083068848
0.6323124766349792
0.3919796943664551
0.5140858888626099
0.2388017475605011
0.17747093737125397
0.10019902139902115
0.8639497756958008
0.1696922481060028
0.1716657429933548
0.9614973068237305
0.145450159907341
0.7605462670326233
0.8624035120010376
0.5520026087760925
0.9986229538917542
0.8379507660865784
0.48824217915534973
0.611207902431488
0.7889696955680847
0.9067258238792419
0.7335098385810852
0.5549731254577637
0.03149939328432083
0.5045051574707031
0.5135368704795837
0.10502543300390244
0.25495800375938416
0.49270981550216675
0.949738621711731
0.6341162919998169
0.5001655220985413
0.01666019670665264
0.2907862663269043
0.6655412316322327
0.7630953788757324
0.7916337251663208
0.17915377020835876
0.21187403798103333
0.7288501858711243
0.015591543167829514
0.5214154124259949
0.5552727580070496
0.5936209559440613
0.6195616722106934
0.05153689533472061
0.47091007232666016
0.4671683609485626
0.9087703824043274
0.2854122519493103
0.4237048923969269
0.8943198323249817
0.6631841659545898
0.03523183614015579
0.9519755244255066
0.25020402669906616
0.10853476822376251
0.1966814547777176
0.28614407777786255
0.6926088333129883
0.7548187971115112
0.5124667286872864
0.36512887477874756
0.130534365773201
0.6459512114524841
0.72388756275177
0.49136942625045776
0.9894355535507202
0.7970896363258362
0.303292840719223
0.9423676133155823
0.9641910195350647
0.5240012407302856
0.5745730400085449
0.7836406230926514
0.9840815663337708
0.6481409668922424
0.4741095304489136
0.7656404376029968
0.017031345516443253
0.4347306191921234
0.8166999816894531
0.04693541303277016
0.4175746440887451
0.22039097547531128
0.14133012294769287
0.930397093296051
0.8772196173667908
0.5186609625816345
0.4075832962989807
0.5833317041397095
0.45702067017555237
0.8364599347114563
0.5352190136909485
0.7639998197555542
0.876586377620697
0.7157996296882629
0.3627333343029022
0.6849852204322815
0.8515998721122742
0.7023428678512573
0.004702042322605848
0.6182454228401184
0.12006960064172745
0.7039159536361694
0.4995216429233551
0.23640620708465576
0.7253803014755249
0.4486446976661682
0.3269699811935425
0.4607331454753876
0.4941626787185669
0.6318984031677246
0.5826936364173889
0.8877776861190796
0.49826356768608093
0.5888445377349854
0.4542941153049469
0.28313472867012024
0.6505486369132996
0.06483461707830429
0.9778198003768921
0.6406600475311279
0.9679328799247742
0.6296014189720154
0.8442692160606384
0.9574868083000183
0.5082252621650696
0.053542256355285645
0.8818696141242981
0.11683421581983566
0.3460618555545807
0.35429954528808594
0.33158808946609497
0.6883569955825806
0.7214801907539368
0.3910554051399231
0.5999218821525574
0.6351370215415955
0.3021400272846222
0.6181191802024841
0.11950086802244186
0.5336893200874329
0.9088359475135803
0.6100354790687561
0.22930018603801727
0.3350972831249237
0.9527539610862732
0.8455674052238464
0.8881065845489502
0.17513929307460785
0.3991040885448456
0.6904802918434143
0.5317468047142029
0.2616375982761383
0.7452028393745422
0.3870032727718353
0.4182545840740204
0.1402827352285385
0.12758833169937134
0.4844018220901489
0.2670080363750458
0.8220229148864746
0.5085550546646118
0.6695597171783447
0.28346383571624756
0.6227726936340332
0.03463974595069885
0.5594595670700073
0.4216499924659729
0.7110679745674133
0.6187039017677307
0.9361881017684937
0.0051098535768687725
0.2610735297203064
0.6498289704322815
0.6165671944618225
0.4656977653503418
0.008192482404410839
0.04568622633814812
0.4958851933479309
0.918383002281189
0.8703433871269226
0.1744850128889084
0.6579725742340088
0.6938633322715759
0.32904723286628723
0.9266668558120728
0.7699262499809265
0.7266988754272461
0.0019989472348243
0.647856593132019
0.6620438694953918
0.5625098347663879
0.5735858082771301
0.6171324849128723
0.6180566549301147
0.008406925946474075
0.941083550453186
0.8474629521369934
0.8567090034484863
0.6078429818153381
0.1765616089105606
0.4323047697544098
0.32478559017181396
0.793967604637146
0.1237008273601532
0.579277515411377
0.7090964913368225
0.4958459436893463
0.720453679561615
0.3891718089580536
0.28455960750579834
0.545914351940155
0.8032118082046509
0.46587038040161133
0.4470202624797821
0.9621385335922241
0.9431318044662476
0.14743439853191376
0.9931803345680237
0.3234020471572876
0.8511165380477905
0.05758758634328842
0.7317773103713989
0.8572164177894592
0.3305942416191101
0.2925105690956116
0.030621781945228577
0.7231046557426453
0.6575028300285339
0.5927353501319885
0.748492419719696
0.3801816403865814
0.5942145586013794
0.5079511404037476
0.35186681151390076
0.5211225748062134
0.6824525594711304
0.07295414060354233
0.01513591781258583
0.5064499378204346
0.45103156566619873
0.6196169853210449
0.10046631842851639
0.667232871055603
0.893595814704895
0.2551734745502472
0.25652629137039185
0.7428823709487915
0.5736978054046631
0.12905080616474152
0.7752828001976013
0.7826142311096191
0.23836006224155426
0.9219767451286316
0.3249817192554474
0.35937562584877014
0.40850332379341125
0.737998902797699
0.298134446144104
0.3676210045814514
0.8847233057022095
0.7594044208526611
0.8948172926902771
0.6445872783660889
0.20314495265483856
0.3928290903568268
0.2860933840274811
0.8484572172164917
0.35783663392066956
0.11941047012805939
0.7790072560310364
0.6497761607170105
0.3842529356479645
0.33319780230522156
0.3097418546676636
0.8036538362503052
0.6157608032226562
0.058295756578445435
0.7766626477241516
0.02357569895684719
0.21234042942523956
0.9784679412841797
0.4217604696750641
0.44822728633880615
0.5580188035964966
0.06807952374219894
0.06540581583976746
0.5067365169525146
0.0726555809378624
0.5359964966773987
0.41687244176864624
0.04739680886268616
0.555151641368866
0.777099072933197
0.5827186703681946
0.640953779220581
0.832583487033844
0.45287591218948364
0.7397048473358154
0.06627603620290756
0.41326794028282166
0.7575181722640991
0.023309562355279922
0.11757651716470718
0.5321672558784485
0.9766368269920349
0.1851944923400879
0.88921719789505
0.6997301578521729
0.040910329669713974
0.43135544657707214
0.9915923476219177
0.3212530016899109
0.2027437835931778
0.5949897170066833
0.6553658246994019
0.35531747341156006
0.9533843398094177
0.606842041015625
0.22313211858272552
0.46677178144454956
0.4217503070831299
0.2746035158634186
0.6401415467262268
0.10205245763063431
0.922193706035614
0.5379010438919067
0.997602105140686
0.15740981698036194
0.34259048104286194
0.9286701679229736
0.9510850310325623
0.9387083053588867
0.2196955382823944
0.09572630375623703
0.8779346346855164
0.990624189376831
0.917481541633606
0.6860246062278748
0.37441250681877136
0.40386122465133667
0.6418236494064331
0.0771869570016861
0.8680503368377686
0.1792757660150528
0.7234877347946167
0.7212955951690674
0.45022207498550415
0.7745810151100159
0.779674232006073
0.1278509944677353
0.879166841506958
0.8316482305526733
0.3925623595714569
0.8437870144844055
0.2206490933895111
0.2441844642162323
0.8260700106620789
0.17982016503810883
0.9587348103523254
0.9357373118400574
0.1614634394645691
0.9475150108337402
0.990929901599884
0.06780407577753067
0.9096866250038147
0.960442841053009
0.9755752086639404
0.33336585760116577
0.22279562056064606
0.5858646631240845
0.704355776309967
0.5699386596679688
0.3264107406139374
0.9592165350914001
0.733977198600769
0.8044621348381042
0.45054930448532104
0.847871720790863
0.25739505887031555
0.4260353446006775
0.2516624927520752
0.34521880745887756
0.0002565696486271918
0.27649542689323425
0.12042012065649033
0.3105117082595825
0.17518942058086395
0.7316961288452148
0.19222645461559296
0.38713711500167847
0.7790061235427856
0.6925483345985413
0.4795599579811096
0.3027648627758026
0.12543170154094696
0.3371286392211914
0.10208170861005783
0.07812578231096268
0.9962239861488342
0.5208152532577515
0.362261027097702
0.018940966576337814
0.3897467851638794
0.8590760231018066
0.4182588458061218
0.472741961479187
0.9809465408325195
0.9150522947311401
0.5079004764556885
0.8403114080429077
0.7766927480697632
0.8424573540687561
0.097169890999794
0.4538908302783966
0.9332259297370911
0.31867948174476624
0.4891554117202759
0.8527758121490479
0.9458379745483398
0.7709603309631348
0.08221480250358582
0.631614089012146
0.9046195149421692
0.5833426117897034
0.9917567372322083
0.07092704623937607
0.9162725806236267
0.34359073638916016
0.18236933648586273
0.7817370891571045
0.4251442849636078
0.24672849476337433
0.6705722808837891
0.6551713347434998
0.01426633633673191
0.2126040905714035
0.3467912971973419
0.3843591511249542
0.31471091508865356
0.05727718025445938
0.5767414569854736
0.033676352351903915
0.8634241819381714
0.2572579085826874
0.46108755469322205
0.7421781420707703
0.1974235624074936
0.8431434631347656
0.16998492181301117
0.5964396595954895
0.853403627872467
0.6981025338172913
0.6810582876205444
0.26844683289527893
0.4944661259651184
0.5862505435943604
0.6827142834663391
0.09597868472337723
0.7447503209114075
0.45461609959602356
0.16852600872516632
0.07213055342435837
0.9705753922462463
0.08114684373140335
0.7065686583518982
0.4338570535182953
0.1426294445991516
0.5233224034309387
0.7804977893829346
0.17181862890720367
0.37074485421180725
0.667281985282898
0.4952073395252228
0.44751977920532227
0.056991711258888245
0.8625825643539429
0.09494374692440033
0.20744061470031738
0.3460567891597748
0.553737998008728
0.5624483227729797
0.5401605367660522
0.3537994623184204
0.7963084578514099
0.3410877585411072
0.39614149928092957
0.19298124313354492
0.11676626652479172
0.4269065856933594
0.9734541177749634
0.021081184968352318
0.8889967203140259
0.4240410327911377
0.27632367610931396
0.30505990982055664
0.6067950129508972
0.5785349011421204
0.32655781507492065
0.24535217881202698
0.9867976307868958
0.9227325916290283
0.25499966740608215
0.39409977197647095
0.5269683599472046
0.3288228511810303
0.32572007179260254
0.2653617858886719
0.001299980329349637
0.3405376076698303
0.2791576385498047
0.7708443999290466
0.857319176197052
0.5553629398345947
0.6002733707427979
0.9484790563583374
0.13143126666545868
0.932666540145874
0.3179551362991333
0.7372863292694092
0.05270976945757866
0.4729694724082947
0.831900954246521
0.6084231734275818
0.5649622082710266
0.9586004614830017
0.16785986721515656
0.8365275859832764
0.590448260307312
0.4752652943134308
0.6694825887680054
0.4273327589035034
0.22303499281406403
0.61834317445755
0.291618674993515
0.45524123311042786
0.6959309577941895
0.3123221695423126
0.7695281505584717
0.588905930519104
0.478267103433609
0.9534698128700256
0.19765789806842804
0.42243561148643494
0.234243243932724
0.8110939860343933
0.6992195844650269
0.3038308620452881
0.8131129741668701
0.4399474561214447
0.9603018164634705
0.047948647290468216
0.5654557347297668
0.8636870980262756
0.8871060013771057
0.8305895328521729
0.604223906993866
0.7907151579856873
0.6674124598503113
0.09985101968050003
0.08394980430603027
0.8568793535232544
0.4004255533218384
0.7036473751068115
0.008209801279008389
0.02755330130457878
0.8683903217315674
0.9740899801254272
0.6612581610679626
0.004956970922648907
0.5467223525047302
0.08117175102233887
0.5271701812744141
0.2398420125246048
0.11669286340475082
0.9918911457061768
0.6854295134544373
0.2925134599208832
0.5747279524803162
0.0328475646674633
0.22343777120113373
0.6750434637069702
0.6426815390586853
0.5574786067008972
0.6707953214645386
0.751513659954071
0.023952491581439972
0.36200714111328125
0.27726200222969055
0.8756642937660217
0.48013603687286377
0.243477463722229
0.6041255593299866
0.42017343640327454
0.8053467869758606
0.18337246775627136
0.27839896082878113
0.9768118858337402
0.8098800182342529
0.9271010756492615
0.06160968542098999
0.7282217741012573
0.9782911539077759
0.5431578159332275
0.0562719851732254
0.024789374321699142
0.8280268907546997
0.47806090116500854
0.07404685765504837
0.08720900118350983
0.3300018310546875
0.6725062131881714
0.5779213309288025
0.0788457989692688
0.9071528315544128
0.36657559871673584
0.5725159645080566
0.12096400558948517
0.7677011489868164
0.8255673050880432
0.4196745455265045
0.10293694585561752
0.7367611527442932
0.552351176738739
0.2561369240283966
0.08116891235113144
0.8630829453468323
0.03172868862748146
0.6654781103134155
0.9898061752319336
0.9516316652297974
0.5349838733673096
0.350189208984375
0.18523329496383667
0.5969036817550659
0.6528766751289368
0.2895612120628357
0.27055901288986206
0.6165128946304321
0.8881006836891174
0.803878128528595
0.6431116461753845
0.8615711331367493
0.25806599855422974
0.11318472772836685
0.2279731035232544
0.4699527323246002
0.7459522485733032
0.7454505562782288
0.4095419645309448
0.47772836685180664
0.8094686269760132
0.792155385017395
0.38595378398895264
0.15575315058231354
0.3433941602706909
0.573405921459198
0.27500104904174805
0.6817970275878906
0.8008386492729187
0.9847939014434814
0.661460816860199
0.5374768376350403
0.9719067215919495
0.18813776969909668
0.7650454640388489
0.536649227142334
0.3898893892765045
0.6958715915679932
0.5391165614128113
0.6117493510246277
0.13170410692691803
0.6439400315284729
0.30077701807022095
0.3928574025630951
0.5935449004173279
0.3632987141609192
0.4223560094833374
0.5350844860076904
0.8402676582336426
0.031132465228438377
0.7486778497695923
0.8246902823448181
0.119009830057621
0.6002461314201355
0.2518775165081024
0.9535859227180481
0.01842491142451763
0.3302689790725708
0.5235608220100403
0.5380803346633911
0.7531517148017883
0.4150716960430145
0.4365508258342743
0.17346619069576263
0.4073442220687866
0.8466694951057434
0.5640600919723511
0.8768365979194641
0.8441277742385864
0.6223553419113159
0.22763071954250336
0.9005617499351501
0.1180713027715683
0.9366961717605591
0.06339432299137115
0.400410532951355
0.8356574177742004
0.09975731372833252
0.6502272486686707
0.30439522862434387
0.27377545833587646
0.44054701924324036
0.7601994872093201
0.8599156737327576
0.16581682860851288
0.21131618320941925
0.18837036192417145
0.05918334797024727
0.19323723018169403
0.12936025857925415
0.8424877524375916
0.4199618101119995
0.3805598318576813
0.1259073168039322
0.5175857543945312
0.6165314316749573
0.24360670149326324
0.7735183835029602
0.5343309044837952
0.06513409316539764
0.1970495730638504
0.2691040337085724
0.5514088869094849
0.5576394200325012
0.7999544739723206
0.9075713157653809
0.11951706558465958
0.45812398195266724
0.23767222464084625
0.7013280391693115
0.17245322465896606
0.7846615314483643
0.14513108134269714
0.6307821273803711
0.8405458927154541
0.06012413650751114
0.537696897983551
0.03158292919397354
0.4353884160518646
0.7010853886604309
0.7024022936820984
0.6011796593666077
0.47404807806015015
0.3154694437980652
0.005476005841046572
0.28829917311668396
0.6169422268867493
0.6400178074836731
0.8367118239402771
0.601060688495636
0.18886272609233856
0.5928658246994019
0.8107964992523193
0.08413312584161758
0.40417343378067017
0.9332128167152405
0.4429355561733246
0.42196497321128845
0.7824307084083557
0.9645634889602661
0.6150844097137451
0.7274085283279419
0.9578985571861267
0.1888066828250885
0.8952882289886475
0.18508599698543549
0.23735977709293365
0.5193275809288025
0.46843254566192627
0.2749708592891693
0.5151450037956238
0.10719446837902069
0.07693354785442352
0.5502389669418335
0.6071887612342834
0.9210150837898254
0.6900532245635986
0.6672003269195557
0.9979034662246704
0.3779592216014862
0.5939717292785645
0.7633001804351807
0.08996594697237015
0.8105466961860657
0.24358922243118286
0.792786180973053
0.6765349507331848
0.9524376392364502
0.8792818784713745
0.9405472874641418
0.9743502736091614
0.2801240086555481
0.9503815174102783
0.6888642907142639
0.01181142870336771
0.6577295660972595
0.9383075833320618
0.1607377827167511
0.49859315156936646
0.6765896081924438
0.3613240420818329
0.07862774282693863
0.8339155912399292
0.7072398662567139
0.07831276953220367
0.7461172938346863
0.31717705726623535
0.7663143873214722
0.32206740975379944
0.06019435077905655
0.09855230152606964
0.8426499962806702
0.16064445674419403
0.3859362006187439
0.6772758364677429
0.22693440318107605
0.33966323733329773
0.33666810393333435
0.7954108715057373
0.04080872982740402
0.8498037457466125
0.5163425803184509
0.42828842997550964
0.6373864412307739
0.17131675779819489
0.567625105381012
0.7719677686691284
0.9417769312858582
0.8349341750144958
0.16389180719852448
0.0004487955884542316
0.08872421085834503
0.29261961579322815
0.3584543764591217
0.35130369663238525
0.5577991008758545
0.5491958856582642
0.33725494146347046
0.7167072892189026
0.5733516216278076
0.31929975748062134
0.33175840973854065
0.6294136643409729
0.9335456490516663
0.32804760336875916
0.11641422659158707
0.15112437307834625
0.14186632633209229
0.42170944809913635
0.888310432434082
0.9696840643882751
0.5693492889404297
0.8298840522766113
0.8246328830718994
0.647326648235321
0.934831440448761
0.37373822927474976
0.3316815197467804
0.8868159651756287
0.4359619915485382
0.8790988922119141
0.6660820841789246
0.696052610874176
0.8739033937454224
0.4022078514099121
0.3466128706932068
0.8524288535118103
0.01603018492460251
0.2180921584367752
0.945709764957428
0.18174408376216888
0.4140186309814453
0.00975493062287569
0.009658691473305225
0.11855980008840561
0.7325659990310669
0.75517737865448
0.75589519739151
0.9938263297080994
0.451286256313324
0.15387572348117828
0.29035598039627075
0.0931573435664177
0.5047409534454346
0.7936477065086365
0.4879068434238434
0.8878761529922485
0.26527610421180725
0.7219725251197815
0.6382401585578918
0.8246746063232422
0.5590190291404724
0.7438687086105347
0.06299352645874023
0.8820309042930603
0.4537269175052643
0.058822307735681534
0.828235387802124
0.7417139410972595
0.05979974940419197
0.4591710865497589
0.7257857322692871
0.21199709177017212
0.41981741786003113
0.8228842616081238
0.31450822949409485
0.1792553812265396
0.21497976779937744
0.7735446691513062
0.19488269090652466
0.12111377716064453
0.7516700625419617
0.2215871512889862
0.39852312207221985
0.05451048165559769
0.22367563843727112
0.16436754167079926
0.13334456086158752
0.5577247738838196
0.02704494446516037
0.4128575921058655
0.8861470222473145
0.596970796585083
0.4615461826324463
0.8484302163124084
0.4854438602924347
0.701442301273346
0.9532613754272461
0.5295462608337402
0.7987185120582581
0.6870776414871216
0.5925748348236084
0.6313716173171997
0.6563085317611694
0.8205586671829224
0.22729824483394623
0.7249475717544556
0.8378110527992249
0.1888471096754074
0.8240705728530884
0.5059514045715332
0.878271758556366
0.9600852727890015
0.28065353631973267
0.7304344773292542
0.8094162344932556
0.9315760135650635
0.17209771275520325
0.09047170728445053
0.28138235211372375
0.5264472365379333
0.11836017668247223
0.7027514576911926
0.09269814938306808
0.37489306926727295
0.7167046666145325
0.8732892274856567
0.3827907145023346
0.04720911756157875
0.20398588478565216
0.30305391550064087
0.12565676867961884
0.5001737475395203
0.8625331521034241
0.6779752969741821
0.33251795172691345
0.19967815279960632
0.7867349982261658
0.07532793283462524
0.78388512134552
0.3806826174259186
0.4888598322868347
0.1852451115846634
0.19496123492717743
0.1502542644739151
0.005743955262005329
0.2747138738632202
0.03636476397514343
0.8095219731330872
0.5194410681724548
0.920347273349762
0.40847763419151306
0.0721346065402031
0.0787079930305481
0.1676057130098343
0.07537851482629776
0.9032195210456848
0.7870002388954163
0.12880085408687592
0.40935060381889343
0.7009641528129578
0.1600833237171173
0.4128461182117462
0.4024686813354492
0.5972908735275269
0.46420818567276
0.08018813282251358
0.43204715847969055
0.1333654224872589
0.7485215663909912
0.9613253474235535
0.7345304489135742
0.5342532992362976
0.4194899797439575
0.7796330451965332
0.8977071046829224
0.9191665053367615
0.888870358467102
0.764254093170166
0.9937730431556702
0.21237650513648987
0.7684600353240967
0.9125343561172485
0.23143933713436127
0.6632028818130493
0.36538976430892944
0.6228498220443726
0.1601216197013855
0.22729118168354034
0.56756591796875
0.8634037375450134
0.7947248220443726
0.46185818314552307
0.19128094613552094
0.6105194091796875
0.9125494360923767
0.17212562263011932
0.9137508869171143
0.013095024041831493
0.5074326395988464
0.25920483469963074
0.41019755601882935
0.04678875207901001
0.8013810515403748
0.05761752650141716
0.41216036677360535
0.5501857995986938
0.5995383858680725
0.5132993459701538
0.22220809757709503
0.5001413226127625
0.1686466634273529
0.9708176255226135
0.28916123509407043
0.5057433843612671
0.7132437825202942
0.7854338884353638
0.3891136646270752
0.6004378795623779
0.6727381944656372
0.7392921447753906
0.8906139135360718
0.7445683479309082
0.08956006169319153
0.4934985339641571
0.46099647879600525
0.10398414731025696
0.8955145478248596
0.9573224186897278
0.15631230175495148
0.9643049836158752
0.4682861864566803
0.7634297013282776
0.4564695954322815
0.30747997760772705
0.4272821843624115
0.5393227934837341
0.7920598983764648
0.3062179684638977
0.7544506788253784
0.8733372688293457
0.19181470572948456
0.6008173823356628
0.9192041754722595
0.9043126702308655
0.0932965874671936
0.864699125289917
0.5886003971099854
0.5104377865791321
0.8216797709465027
0.34970030188560486
0.7851153016090393
0.8656492829322815
0.8774816989898682
0.8669936656951904
0.5597296357154846
0.5299267172813416
0.09167192131280899
0.985487163066864
0.5400984883308411
0.6254081726074219
0.5130826234817505
0.06406790018081665
0.40279510617256165
0.07537039369344711
0.3991609215736389
0.7700729966163635
0.2681213617324829
0.5523669123649597
0.8980340957641602
0.012937734834849834
0.42322295904159546
0.8194348216056824
0.20160426199436188
0.19278407096862793
0.5602753162384033
0.7640131711959839
0.3455859124660492
0.7207139730453491
0.995879590511322
0.6988679766654968
0.9562675952911377
0.6377174854278564
0.8665302395820618
0.9214178919792175
0.6894230246543884
0.5766118764877319
0.2927630841732025
0.5386888384819031
0.30203691124916077
0.6703264117240906
0.593080997467041
0.8794308304786682
0.9119826555252075
0.7770198583602905
0.0047994800843298435
0.0329311229288578
0.4240102469921112
0.7251648306846619
0.9156074523925781
0.33755847811698914
0.5720352530479431
0.3912408947944641
0.877275824546814
0.014500996097922325
0.28480392694473267
0.3853846788406372
0.1653115302324295
0.37891772389411926
0.09814845025539398
0.40117424726486206
0.3551889657974243
0.8701809644699097
0.1595495045185089
0.6256844997406006
0.949005126953125
0.21740391850471497
0.5053803324699402
0.829529345035553
0.9065514802932739
0.4414251744747162
0.8028358221054077
0.7239502668380737
0.41289079189300537
0.8308815360069275
0.08255024254322052
0.4093603491783142
0.16089124977588654
0.6528834700584412
0.7485100626945496
0.15135373175144196
0.9634259343147278
0.14626535773277283
0.8729821443557739
0.17120443284511566
0.5718350410461426
0.38368484377861023
0.5239726901054382
0.28277307748794556
0.0023907427676022053
0.7447673082351685
0.470670223236084
0.9395538568496704
0.6282113194465637
0.22541658580303192
0.08163238316774368
0.3150092363357544
0.39021486043930054
0.4286050796508789
0.4373318552970886
0.7051703333854675
0.7432582378387451
0.9399837851524353
0.9205279350280762
0.48213380575180054
0.7133913636207581
0.8679370880126953
0.7485551834106445
0.12234742194414139
0.20377658307552338
0.341869980096817
0.21992948651313782
0.7583504319190979
0.056711845099925995
0.20424452424049377
0.24231714010238647
0.4219404458999634
0.442877858877182
0.19936637580394745
0.977203369140625
0.6784676313400269
0.6890929341316223
0.03056994639337063
0.31684377789497375
0.32840579748153687
0.6707945466041565
0.5938339829444885
0.3928125500679016
0.8906692862510681
0.35332760214805603
0.03555683419108391
0.9136314392089844
0.7756170630455017
0.7465587854385376
0.5652939677238464
0.8251250386238098
0.49392005801200867
0.041564229875802994
0.04752359539270401
0.2875094711780548
0.1460118293762207
0.7199384570121765
0.5944945812225342
0.5446080565452576
0.26067084074020386
0.17933504283428192
0.486963152885437
0.8542217016220093
0.807929515838623
0.5862556099891663
0.7835195660591125
0.9259190559387207
0.6104283928871155
0.4372939467430115
0.8274945616722107
0.44451990723609924
0.44648292660713196
0.7826492786407471
0.6281030178070068
0.3544248044490814
0.8373037576675415
0.738010048866272
0.5151556134223938
0.7679481506347656
0.6603423953056335
0.5043922662734985
0.6573122143745422
0.10993972420692444
0.20552213490009308
0.6321324110031128
0.31593912839889526
0.8404926657676697
0.9133786559104919
0.6230085492134094
0.40019428730010986
0.18805313110351562
0.5167620778083801
0.8758265376091003
0.13104192912578583
0.6425406336784363
0.1431163251399994
0.6151162981987
0.7534911036491394
0.44613197445869446
0.05498681962490082
0.9354276657104492
0.12739352881908417
0.9579930901527405
0.5659439563751221
0.1935119926929474
0.3937564492225647
0.4067841172218323
0.3416201174259186
0.7295932173728943
0.9904892444610596
0.9855928421020508
0.2763291895389557
0.0870862752199173
0.35027608275413513
0.7120548486709595
0.6011936664581299
0.33989396691322327
0.5256571769714355
0.720622181892395
0.07643555849790573
0.6302283406257629
0.3119213879108429
0.21840150654315948
0.11218393594026566
0.9737356305122375
0.6024042367935181
0.9325649738311768
0.8562260270118713
0.06305592507123947
0.33647069334983826
0.7256655693054199
0.8696269392967224
0.15404582023620605
0.7317371368408203
0.5925949215888977
0.4959506392478943
0.8380185961723328
0.660413920879364
0.9449030160903931
0.056525323539972305
0.17864544689655304
0.29954153299331665
0.8381060361862183
0.3110799193382263
0.9011520743370056
0.6170559525489807
0.4392891228199005
0.805408775806427
0.9117119908332825
0.7501880526542664
0.8240561485290527
0.9154930710792542
0.496158629655838
0.01870589889585972
0.4011654853820801
0.5810660719871521
0.1523502767086029
0.6754475235939026
0.2000034600496292
0.3036864995956421
0.3573179543018341
0.07226987928152084
0.1847459077835083
0.6293396353721619
0.7555773854255676
0.3390774428844452
0.17149430513381958
0.3590613007545471
0.013658883981406689
0.9987801909446716
0.9808275103569031
0.09844143688678741
0.5318429470062256
0.04356979951262474
0.7441796660423279
0.9652425050735474
0.8448071479797363
0.7625673413276672
0.369479238986969
0.6571984887123108
0.6571669578552246
0.14628750085830688
0.5216337442398071
0.42447251081466675
0.9534793496131897
0.3670327067375183
0.5847058296203613
0.6177922487258911
0.12923967838287354
0.9903974533081055
0.6160865426063538
0.9857911467552185
0.792180061340332
0.808241605758667
0.4870746433734894
0.7376229763031006
0.31331193447113037
0.7571036219596863
0.8134394884109497
0.7213106751441956
0.5576466917991638
0.20354971289634705
0.9426819086074829
0.7170799374580383
0.5076990127563477
0.2922249436378479
0.2430601418018341
0.9676151871681213
0.40747448801994324
0.7382924556732178
0.9179391860961914
0.7736219763755798
0.646578848361969
0.07594886422157288
0.8201836347579956
0.6923788785934448
0.2816261947154999
0.3789776861667633
0.36574989557266235
0.4005085229873657
0.3413528501987457
0.5952348709106445
0.24178405106067657
0.2913164496421814
0.5529447197914124
0.3132709860801697
0.8731645345687866
0.7685458660125732
0.711888313293457
0.028761230409145355
0.9105441570281982
0.6328758001327515
0.3733845055103302
0.7497904896736145
0.6246373653411865
0.07347100228071213
0.9410289525985718
0.14839790761470795
0.4121052622795105
0.015911970287561417
0.7943935394287109
0.10357359051704407
0.7200324535369873
0.3087384104728699
0.456096351146698
0.7597609162330627
0.7850459814071655
0.6596440672874451
0.06635940819978714
0.8060394525527954
0.28261831402778625
0.3660423457622528
0.2839367687702179
0.2592705190181732
0.10384120792150497
0.30104658007621765
0.4161231517791748
0.9072915315628052
0.38451555371284485
0.32590392231941223
0.5915436744689941
0.5970456004142761
0.5552920699119568
0.8427966237068176
0.5523002743721008
0.15467587113380432
0.3911399841308594
0.054987553507089615
0.39015862345695496
0.06580870598554611
0.46240267157554626
0.33875927329063416
0.01277308352291584
0.43820956349372864
0.9668359756469727
0.7804983258247375
0.5817486047744751
0.3164297342300415
0.9027699828147888
0.5634764432907104
0.7786638736724854
0.11478781700134277
0.6748103499412537
0.4723503291606903
0.8036584854125977
0.7335345149040222
0.40721338987350464
0.9932886362075806
0.8442405462265015
0.13568422198295593
0.8326354026794434
0.9628974199295044
0.63863205909729
0.14657773077487946
0.8944783806800842
0.7724016308784485
0.81707364320755
0.6826654076576233
0.27265700697898865
0.8853314518928528
0.5993373394012451
0.3969402015209198
0.32170745730400085
0.18483932316303253
0.42451927065849304
0.5630664229393005
0.9590862989425659
0.8509550094604492
0.2673148512840271
0.8408492803573608
0.7458450794219971
0.3248000144958496
0.7222274541854858
0.46613892912864685
0.1462755799293518
0.699153482913971
0.3584861159324646
0.8409717679023743
0.05729611590504646
0.20411300659179688
0.12270215898752213
0.35067376494407654
0.7087875604629517
0.13709482550621033
0.054503433406353
0.2164423018693924
0.5751700401306152
0.416841596364975
0.9588716626167297
0.3941606879234314
0.541622519493103
0.8287842869758606
0.13368643820285797
0.8682978749275208
0.5463958978652954
0.9391475915908813
0.4355453848838806
0.7420552968978882
0.8614622354507446
0.5561566352844238
0.9866939187049866
0.5763660073280334
0.7173300981521606
0.3038558065891266
0.5140931010246277
0.7568745017051697
0.08941556513309479
0.8908179402351379
0.27991983294487
0.48954400420188904
0.2997351884841919
0.6047091484069824
0.4993438124656677
0.027148693799972534
0.4932834208011627
0.5923943519592285
0.7383055686950684
0.7053890824317932
0.36845889687538147
0.993710994720459
0.09279081225395203
0.5580164194107056
0.7215679883956909
0.01152019388973713
0.37113386392593384
0.015584368258714676
0.31172677874565125
0.8892211318016052
0.30260756611824036
0.6069616079330444
0.7880350351333618
0.8535428047180176
0.6442399024963379
0.07167305052280426
0.6808801293373108
0.4040250778198242
0.7212154865264893
0.38829535245895386
0.09592434763908386
0.865716278553009
0.22185419499874115
0.12555083632469177
0.0422300286591053
0.6190705299377441
0.019983915612101555
0.08717098087072372
0.09497985988855362
0.22404494881629944
0.6978976130485535
0.2792395055294037
0.3833214342594147
0.9540113806724548
0.5026122331619263
0.3953411877155304
0.4873419404029846
0.4479530155658722
0.46528083086013794
0.37634652853012085
0.08119640499353409
0.14175617694854736
0.840712308883667
0.38825011253356934
0.8999064564704895
0.9472411274909973
0.8025374412536621
0.3264213800430298
0.9729359149932861
0.8002175688743591
0.08284245431423187
0.112714022397995
0.3401344120502472
0.38906627893447876
0.006486794911324978
0.5429783463478088
0.2413467913866043
0.6974811553955078
0.5674777030944824
0.9716469049453735
0.26322856545448303
0.36188915371894836
0.7773219347000122
0.3379848897457123
0.3474750220775604
0.569935142993927
0.8757351040840149
0.507347583770752
0.46280860900878906
0.6779308319091797
0.03743217885494232
0.8005163669586182
0.13458561897277832
0.5035824775695801
0.4832572340965271
0.9364579916000366
0.6365607976913452
0.16586819291114807
0.6751812100410461
0.6198519468307495
0.8363133072853088
0.029171405360102654
0.2579856216907501
0.9364179372787476
0.770917534828186
0.7360880374908447
0.6758022308349609
0.013322722166776657
0.7513917684555054
0.3652724027633667
0.3197697103023529
0.44924551248550415
0.7895733714103699
0.029003802686929703
0.9311610460281372
0.31755268573760986
0.9790506958961487
0.8217584490776062
0.8996629118919373
0.8701282143592834
0.5214292407035828
0.5246608853340149
0.4682159721851349
0.5243229269981384
0.9706017374992371
0.8147614002227783
0.765190064907074
0.1282765120267868
0.3350427448749542
0.7967912554740906
0.15461456775665283
0.22809287905693054
0.9268136620521545
0.10716468840837479
0.03651430830359459
0.17452317476272583
0.1918482482433319
0.9822450876235962
0.9807626605033875
0.9971203207969666
0.24309761822223663
0.4524458646774292
0.7744693160057068
0.0032927226275205612
0.171610027551651
0.8631824254989624
0.9516716003417969
0.5866394639015198
0.18447719514369965
0.1858704835176468
0.8043813109397888
0.5542237758636475
0.4696873724460602
0.3326561450958252
0.3182206451892853
0.7859402894973755
0.3012876510620117
0.7233372926712036
0.3779461085796356
0.8463805317878723
0.5105109214782715
0.3293769359588623
0.7527840733528137
0.6978206634521484
0.5340420007705688
0.8934344053268433
0.6752011775970459
0.31019818782806396
0.4200907349586487
0.3490447402000427
0.8344892263412476
0.7999618649482727
0.5366402864456177
0.6692638397216797
0.05294707044959068
0.7541854977607727
0.951093316078186
0.7560338377952576
0.7904894351959229
0.7958259582519531
0.011595291085541248
0.14011256396770477
0.203358456492424
0.3376413583755493
0.105049267411232
0.5486410856246948
0.08565748482942581
0.9283163547515869
0.6518869400024414
0.8422114849090576
0.829338788986206
0.19500477612018585
0.09675201773643494
0.5302060842514038
0.42336151003837585
0.1523398458957672
0.991141676902771
0.46215835213661194
0.5638149380683899
0.6386963129043579
0.9089644551277161
0.16951115429401398
0.514575183391571
0.19432364404201508
0.7794120907783508
0.8045622706413269
0.5107198357582092
0.24060244858264923
0.7604942321777344
0.9360458850860596
0.6146523952484131
0.6059595346450806
0.3832888603210449
0.19895905256271362
0.8561967015266418
0.8332778215408325
0.5893497467041016
0.4493108093738556
0.2615790367126465
0.133307084441185
0.18263980746269226
0.8957936763763428
0.7568004131317139
0.9614168405532837
0.43539267778396606
0.04995447024703026
0.9892929792404175
0.23377171158790588
0.2345048487186432
0.09485466778278351
0.9312540888786316
0.8820471167564392
0.2297404259443283
0.38529184460639954
0.5468329787254333
0.40464192628860474
0.07205522060394287
0.8332489132881165
0.16011522710323334
0.3343735337257385
0.5235315561294556
0.8011568188667297
0.7337501049041748
0.8892917037010193
0.585195779800415
0.24434970319271088
0.7099174857139587
0.583592414855957
0.40377292037010193
0.0156602393835783
0.10316972434520721
0.7321447134017944
0.022599278017878532
0.9253107309341431
0.5188692212104797
0.8733881711959839
0.6987546682357788
0.09465662389993668
0.20228450000286102
0.8670758605003357
0.5262799859046936
0.3018023371696472
0.1991618424654007
0.920136570930481
0.5148150324821472
0.0762816071510315
0.8004478216171265
0.12052333354949951
0.2468837946653366
0.4419794976711273
0.9298052787780762
0.75025475025177
0.4656469225883484
0.4661807715892792
0.17438539862632751
0.19917505979537964
0.13731203973293304
0.730944037437439
0.6993003487586975
0.0942130908370018
0.25832948088645935
0.2726774215698242
0.3493503928184509
0.09264108538627625
0.5027454495429993
0.1520320028066635
0.7458401918411255
0.39183321595191956
0.5716912746429443
0.22659829258918762
0.6673454642295837
0.6808027029037476
0.21602310240268707
0.6202840209007263
0.21732239425182343
0.7190874814987183
0.14774537086486816
0.83647620677948
0.9663730263710022
0.5268516540527344
0.3364615738391876
0.2502039670944214
0.724564254283905
0.28254276514053345
0.22264349460601807
0.44311094284057617
0.8855388164520264
0.8936619162559509
0.9480539560317993
0.3561619520187378
0.7837417125701904
0.866495668888092
0.99239182472229
0.7515619397163391
0.9060609936714172
0.1552634984254837
0.18695895373821259
0.058180470019578934
0.8097353577613831
0.6090231537818909
0.7830106019973755
0.49213647842407227
0.24539045989513397
0.019597090780735016
0.9766837954521179
0.16681893169879913
0.9213513731956482
0.11952988058328629
0.9849504828453064
0.3235281705856323
0.7906895875930786
0.15620362758636475
0.29653868079185486
0.8899414539337158
0.5334588289260864
0.9112486243247986
0.3862525522708893
0.8448153138160706
0.9532509446144104
0.00876906979829073
0.4133308231830597
0.09043484926223755
0.5570374131202698
0.7121100425720215
0.20888426899909973
0.533610999584198
0.4828758239746094
0.6124204993247986
0.18567600846290588
0.004896398168057203
0.7213888764381409
0.8402283787727356
0.06225407123565674
0.1695655882358551
0.5381454825401306
0.484396755695343
0.46701472997665405
0.6583952903747559
0.7965458035469055
0.6031908392906189
0.6578642725944519
0.0011490979231894016
0.25804662704467773
0.7861260175704956
0.8385508060455322
0.9898423552513123
0.8137950301170349
0.635662853717804
0.6889544129371643
0.5393111109733582
0.9975221753120422
0.9777101278305054
0.20574134588241577
0.4871944189071655
0.30371779203414917
0.9371138215065002
0.830504298210144
0.6389541625976562
0.7954854965209961
0.5465511679649353
0.20631593465805054
0.48928260803222656
0.0678437277674675
0.8174480199813843
0.4679540991783142
0.9446866512298584
0.27881407737731934
0.0902453139424324
0.8237344622612
0.7430028915405273
0.06494083255529404
0.5001895427703857
0.43653610348701477
0.29494667053222656
0.3437471091747284
0.1810285747051239
0.47322791814804077
0.18546296656131744
0.9150229096412659
0.6979870796203613
0.24527156352996826
0.9014456272125244
0.3873879909515381
0.28832748532295227
0.19936403632164001
0.17707279324531555
0.5774013996124268
0.3573160469532013
0.11222802847623825
0.9940935373306274
0.5416646599769592
0.42225369811058044
0.769609808921814
0.4695514738559723
0.2327391654253006
0.389290452003479
0.33528932929039
0.968131959438324
0.01980416476726532
0.08082567155361176
0.6789559125900269
0.49184367060661316
0.15347151458263397
0.5930136442184448
0.8658337593078613
0.30074381828308105
0.9654176235198975
0.4967927634716034
0.211681067943573
0.27797672152519226
0.31730690598487854
0.13532289862632751
0.038005467504262924
0.23421086370944977
0.7056699991226196
0.2406393140554428
0.7560911774635315
0.6724425554275513
0.13744646310806274
0.11401532590389252
0.5777179002761841
0.2180577516555786
0.7517125010490417
0.38373705744743347
0.5326079726219177
0.10992343723773956
0.8771575093269348
0.8326767683029175
0.1307624727487564
0.3237970471382141
0.7270196080207825
0.30094924569129944
0.7427685856819153
0.597556471824646
0.06822824478149414
0.7497528791427612
0.8646398186683655
0.3570649027824402
0.749332845211029
0.8054195046424866
0.3920673131942749
0.11705150455236435
0.3677021265029907
0.41265323758125305
0.15515637397766113
0.19443319737911224
0.9933827519416809
0.08106212317943573
0.6955748200416565
0.4602873921394348
0.016766153275966644
0.2565895617008209
0.24317829310894012
0.9288269281387329
0.8999326229095459
0.3867191970348358
0.5526056885719299
0.8500326871871948
0.809739351272583
0.8808574080467224
0.8691803812980652
0.6949273347854614
0.7031557559967041
0.2211671620607376
0.2657739520072937
0.2423655241727829
0.13342855870723724
0.5964102745056152
0.7818300127983093
0.18874084949493408
0.22108051180839539
0.3577038645744324
0.13774190843105316
0.35165849328041077
0.27460920810699463
0.8868582844734192
0.06877674907445908
0.2225610613822937
0.07443930953741074
0.3023871183395386
0.31075212359428406
0.5715572834014893
0.42950114607810974
0.2891311049461365
0.20112326741218567
0.6109715700149536
0.04233155772089958
0.43396827578544617
0.0035286485217511654
0.8537906408309937
0.6830893754959106
0.02616805210709572
0.4543341100215912
0.9952078461647034
0.014838882721960545
0.4596090614795685
0.7792034149169922
0.6755111813545227
0.7140880227088928
0.4726967513561249
0.14949263632297516
0.343559205532074
0.10988112539052963
0.9418962001800537
0.47669732570648193
0.6513832807540894
0.3008391261100769
0.7676013112068176
0.7555540800094604
0.7625910639762878
0.39450693130493164
0.402091920375824
0.3933132290840149
0.7686374187469482
0.7471187710762024
0.5834999084472656
0.5627244114875793
0.9419828653335571
0.4940221905708313
0.7762300372123718
0.883719265460968
0.3856210708618164
0.03354506194591522
0.8934901356697083
0.30572518706321716
0.004790133330971003
0.7230468988418579
0.6811797618865967
0.44511425495147705
0.36049017310142517
0.528083086013794
0.7629036903381348
0.23860497772693634
0.53315269947052
0.4200305640697479
0.21009010076522827
0.8251252174377441
0.8919613361358643
0.2335284799337387
0.19132806360721588
0.7895388007164001
0.4764140546321869
0.8888287544250488
0.6515344977378845
0.31662026047706604
0.4061121642589569
0.36682605743408203
0.0794471800327301
0.6929695010185242
0.7176156640052795
0.916382372379303
0.8063175678253174
0.644387423992157
0.628694474697113
0.1482071727514267
0.07495954632759094
0.3455512821674347
0.16061848402023315
0.7563350200653076
0.4809070825576782
0.6462947130203247
0.16830244660377502
0.8693728446960449
0.5289875268936157
0.9079738855361938
0.7990855574607849
0.3081371486186981
0.019147319719195366
0.6323938369750977
0.6732885241508484
0.6496027112007141
0.2541958689689636
0.25876861810684204
0.5953516960144043
0.8759140372276306
0.2705105245113373
0.17057737708091736
0.33525440096855164
0.17002306878566742
0.23294393718242645
0.19939956068992615
0.645294725894928
0.8504960536956787
0.7104780077934265
0.2947631776332855
0.18952597677707672
0.1850905418395996
0.33240261673927307
0.020882166922092438
0.7383466958999634
0.6582911610603333
0.6921185255050659
0.6523536443710327
0.42886093258857727
0.9087755084037781
0.9541542530059814
0.753243625164032
0.9486345648765564
0.6336180567741394
0.7051022052764893
0.5114227533340454
0.846085786819458
0.5938014984130859
0.05449052155017853
0.0556308776140213
0.3091965317726135
0.1312873661518097
0.8065898418426514
0.6475606560707092
0.19790709018707275
0.7120105624198914
0.5120593309402466
0.12967853248119354
0.6457743048667908
0.9003782272338867
0.24362342059612274
0.7055333852767944
0.9617400169372559
0.59712153673172
0.6064243316650391
0.34059786796569824
0.3579322099685669
0.27743157744407654
0.6864606142044067
0.47995251417160034
0.30313828587532043
0.4822443127632141
0.04053385928273201
0.13274961709976196
0.9582987427711487
0.3168444335460663
0.10401461273431778
0.005232109688222408
0.7436729669570923
0.517640233039856
0.7323537468910217
0.511934757232666
0.6340147852897644
0.7231903672218323
0.6838904619216919
0.7230494022369385
0.08891566097736359
0.9501485824584961
0.9343653917312622
0.31910908222198486
0.4195416271686554
0.9181776642799377
0.5638258457183838
0.3999238908290863
0.17684689164161682
0.4415139853954315
0.2509043514728546
0.3487461507320404
0.32383161783218384
0.37911415100097656
0.1598498672246933
0.9236758947372437
0.39382120966911316
0.41763246059417725
0.958714485168457
0.21959726512432098
0.20312270522117615
0.16734451055526733
0.9662937521934509
0.3078955411911011
0.3944195508956909
0.2160922884941101
0.5335372090339661
0.77625972032547
0.2462509423494339
0.8850005865097046
0.9485357999801636
0.7295433282852173
0.39224985241889954
0.2587006688117981
0.46070289611816406
0.34027400612831116
0.9851643443107605
0.07740744203329086
0.5978630185127258
0.2113293558359146
0.6340281963348389
0.45313742756843567
0.22263969480991364
0.6094529032707214
0.2543903589248657
0.5586580634117126
0.055962178856134415
0.8727949857711792
0.04401867091655731
0.23450303077697754
0.8342267870903015
0.2859446406364441
0.5137540102005005
0.30474838614463806
0.6840775012969971
0.21587620675563812
0.4473186731338501
0.973414957523346
0.06444132328033447
0.351157546043396
0.19957594573497772
0.3917258381843567
0.566078782081604
0.896261990070343
0.1966821253299713
0.09595141559839249
0.946628212928772
0.38045331835746765
0.366640567779541
0.4330446422100067
0.7989725470542908
0.3274737000465393
0.4958827495574951
0.8350070714950562
0.14839555323123932
0.47567060589790344
0.44386228919029236
0.9251697659492493
0.820732057094574
0.7867109179496765
0.4259908199310303
0.5475205183029175
0.9407306909561157
0.3588516414165497
0.9848603010177612
0.010365387424826622
0.9774952530860901
0.5743309855461121
0.11633706092834473
0.02944283001124859
0.7705339193344116
0.2605079114437103
0.05146888270974159
0.10112939029932022
0.8206431865692139
0.8267103433609009
0.9433172941207886
0.2840604782104492
0.25393930077552795
0.641360878944397
0.44730237126350403
0.2688552141189575
0.9155855178833008
0.609325647354126
0.9921061396598816
0.16325058043003082
0.9820519685745239
0.5546505451202393
0.6881707310676575
0.31983035802841187
0.05637529864907265
0.2719835937023163
0.8817573189735413
0.5068026781082153
0.32486850023269653
0.47042563557624817
0.1016005128622055
0.2216174155473709
0.31514278054237366
0.31452807784080505
0.9185575842857361
0.09124382585287094
0.5731095671653748
0.22030074894428253
0.31874197721481323
0.68068927526474
0.7237576246261597
0.878251314163208
0.3605669140815735
0.5421823263168335
0.8994989395141602
0.20774845778942108
0.6034673452377319
0.7366335391998291
0.505601167678833
0.7403535842895508
0.8361642956733704
0.18621738255023956
0.9501132369041443
0.8411450386047363
0.786716639995575
0.9002754092216492
0.2019154578447342
0.7979158759117126
0.6703696846961975
0.8304547667503357
0.5978254675865173
0.639049232006073
0.28940513730049133
0.5764006972312927
0.7381719350814819
0.6270899772644043
0.9324943423271179
0.6483013033866882
0.03388871252536774
0.40848860144615173
0.6539745926856995
0.5159392952919006
0.547868549823761
0.8298950791358948
0.18927063047885895
0.3502092659473419
0.5625711679458618
0.38010677695274353
0.06491318345069885
0.9657262563705444
0.10828407853841782
0.6886770725250244
0.3589608371257782
0.945593535900116
0.25500303506851196
0.8407875299453735
0.7668282985687256
0.8798857927322388
0.014887363649904728
0.8747994303703308
0.7580174803733826
0.11622543632984161
0.39002400636672974
0.19596607983112335
0.02083468995988369
0.958787739276886
0.33657416701316833
0.6073089838027954
0.9799001812934875
0.3255167603492737
0.7065528035163879
0.22575755417346954
0.6137133836746216
0.7857792973518372
0.14084738492965698
0.2295234054327011
0.008058415725827217
0.726725161075592
0.7571823596954346
0.19484663009643555
0.8999283313751221
0.4535670578479767
0.8550900816917419
0.4597453474998474
0.8024033904075623
0.6756904125213623
0.6203727126121521
0.4019039273262024
0.36514702439308167
0.6108991503715515
0.012074451893568039
0.3800361454486847
0.7479518055915833
0.8966160416603088
0.22950725257396698
0.613398551940918
0.07374977320432663
0.7717298865318298
0.11171726137399673
0.09984791278839111
0.2994307577610016
0.8071630597114563
0.7938811182975769
0.9879305958747864
0.3133431077003479
0.5593961477279663
0.07354998588562012
0.43079233169555664
0.3698011040687561
0.26815423369407654
0.6352013349533081
0.39126884937286377
0.8394014239311218
0.841027021408081
0.8262494802474976
0.36486756801605225
0.4769734740257263
0.1336492896080017
0.5355322360992432
0.7246187925338745
0.055550143122673035
0.5809328556060791
0.5600380301475525
0.8036155700683594
0.8978214263916016
0.3586033582687378
0.17516358196735382
0.3452050983905792
0.07324293255805969
0.591640830039978
0.9061910510063171
0.38957589864730835
0.13224992156028748
0.8127818703651428
0.03983474522829056
0.017493868246674538
0.5286141037940979
0.8225885033607483
0.2077101469039917
0.4918183982372284
0.8350924253463745
0.6294547915458679
0.6838859915733337
0.39089664816856384
0.5752063393592834
0.6982697248458862
0.595840334892273
0.6880832314491272
0.31032228469848633
0.0770946741104126
0.642711877822876
0.2155667394399643
0.039866287261247635
0.7702054381370544
0.04105129465460777
0.450040727853775
0.2929089665412903
0.7049949169158936
0.005936414003372192
0.9584933519363403
0.713341236114502
0.5035219788551331
0.5001254677772522
0.2511363923549652
0.36037346720695496
0.16109836101531982
0.537441611289978
0.22902478277683258
0.6032137274742126
0.6884301900863647
0.8763242959976196
0.5498571395874023
0.23913702368736267
0.35135751962661743
0.7466005086898804
0.4467618763446808
0.9599278569221497
0.19832903146743774
0.37556222081184387
0.1934516876935959
0.46066397428512573
0.8808368444442749
0.8772181868553162
0.28139734268188477
0.5229063630104065
0.4264899790287018
0.18908214569091797
0.3470092713832855
0.16631175577640533
0.9019383192062378
0.014187287539243698
0.5357515215873718
0.3781525492668152
0.7818159461021423
0.5216278433799744
0.9141156673431396
0.4318842887878418
0.4959682524204254
0.7360767722129822
0.7615016102790833
0.44213616847991943
0.7436539530754089
0.5894153714179993
0.5204029083251953
0.14578604698181152
0.7948494553565979
0.2585066258907318
0.8898349404335022
0.34245482087135315
0.7961406707763672
0.7285490036010742
0.20712794363498688
0.975928008556366
0.588832437992096
0.41765958070755005
0.6049305200576782
0.4978064000606537
0.41400718688964844
0.9885343909263611
0.09185201674699783
0.4406009316444397
0.1366044133901596
0.02654263935983181
0.7325323820114136
0.7427409291267395
0.5333983898162842
0.6058130264282227
0.3630201518535614
0.02224346064031124
0.3521329462528229
0.02186785824596882
0.47085270285606384
0.5461186170578003
0.09959784895181656
0.788812518119812
0.31381353735923767
0.31072309613227844
0.8089125752449036
0.4686959683895111
0.08524446934461594
0.2667119801044464
0.5468384027481079
0.5956346988677979
0.16732099652290344
0.3868545591831207
0.5848490595817566
0.7396381497383118
0.15629303455352783
0.10484407097101212
0.7703633308410645
0.3405532240867615
0.30579715967178345
0.0921255499124527
0.958892285823822
0.8262969851493835
0.6023146510124207
0.65822434425354
0.9752699136734009
0.9438101649284363
0.7921184301376343
0.5295721888542175
0.9300920963287354
0.335088312625885
0.7221305966377258
0.5570276975631714
0.27249518036842346
0.4259644150733948
0.7820574045181274
0.019387250766158104
0.016077863052487373
0.9461334943771362
0.9017155170440674
0.6126587390899658
0.009501354768872261
0.9819932579994202
0.8886739611625671
0.603630542755127
0.751125156879425
0.37144750356674194
0.198946014046669
0.8557418584823608
0.15361690521240234
0.272778183221817
0.6180281043052673
0.5991339683532715
0.39205050468444824
0.9620099067687988
0.8968415260314941
0.24423004686832428
0.44599202275276184
0.07803581655025482
0.8955110311508179
0.6104616522789001
0.8393921256065369
0.14832714200019836
0.4454475939273834
0.8350280523300171
0.027597641572356224
0.8251014351844788
0.33882781863212585
0.30548182129859924
0.09949149936437607
0.6052509546279907
0.639884352684021
0.775740921497345
0.9942531585693359
0.15237507224082947
0.2928338050842285
0.5324711799621582
0.6471767425537109
0.3244200050830841
0.23591038584709167
0.731498658657074
0.5671051740646362
0.40508297085762024
0.05342774838209152
0.2551806569099426
0.24990834295749664
0.7600449323654175
0.8218587636947632
0.8227401375770569
0.9193091988563538
0.9927359819412231
0.5143214464187622
0.6971189975738525
0.8504581451416016
0.24057574570178986
0.05256491154432297
0.2712486684322357
0.044104937463998795
0.8762099742889404
0.8490070700645447
0.8401126265525818
0.9842776656150818
0.1434599608182907
0.38707420229911804
0.41699129343032837
0.6551762223243713
0.76481032371521
0.440356969833374
0.7535586953163147
0.030685199424624443
0.987895131111145
0.7883004546165466
0.6953429579734802
0.4308091104030609
0.16101676225662231
0.3590635657310486
0.5868306756019592
0.31466448307037354
0.6475387811660767
0.06376241147518158
0.5630965828895569
0.060178957879543304
0.7686847448348999
0.7512407898902893
0.8419531583786011
0.20772859454154968
0.24848821759223938
0.43582701683044434
0.0805169865489006
0.7010961174964905
0.9979129433631897
0.6120551228523254
0.6603373289108276
0.5760573744773865
0.6766833066940308
0.9619478583335876
0.14582787454128265
0.8430302739143372
0.6276820302009583
0.8502306938171387
0.8846973180770874
0.5912376642227173
0.9683250784873962
0.0973985344171524
0.9007285237312317
0.07060245424509048
0.09601451456546783
0.30735838413238525
0.06942484527826309
0.3308034837245941
0.5195870995521545
0.18248918652534485
0.9776831269264221
0.45325830578804016
0.11445172876119614
0.4000663161277771
0.7794162034988403
0.9963065981864929
0.28240278363227844
0.23943565785884857
0.9138652086257935
0.6485562324523926
0.052697934210300446
0.9030426740646362
0.1820310652256012
0.09009617567062378
0.3605291247367859
0.27734366059303284
0.12988783419132233
0.49015817046165466
0.7765867710113525
0.6251598000526428
0.3555607199668884
0.5517844557762146
0.9970519542694092
0.14391979575157166
0.8235822319984436
0.25353890657424927
0.023048993200063705
0.5204398036003113
0.12153913080692291
0.9131267666816711
0.0586765818297863
0.06144363805651665
0.32140567898750305
0.6461328864097595
0.5253347754478455
0.11813012510538101
0.011712947860360146
0.4586889445781708
0.4240792989730835
0.058000583201646805
0.3614116609096527
0.07209376990795135
0.9856514930725098
0.18215662240982056
0.704572856426239
0.14468424022197723
0.8439648747444153
0.7172848582267761
0.5823343396186829
0.04297400638461113
0.9960072636604309
0.5403790473937988
0.679374098777771
0.7324419617652893
0.5850661396980286
0.2377956211566925
0.46428269147872925
0.5662630796432495
0.45833849906921387
0.07410188764333725
0.35903170704841614
0.9052634239196777
0.3526979088783264
0.8478767275810242
0.6462758779525757
0.5254680514335632
0.279631108045578
0.043256402015686035
0.8920329809188843
0.6716604828834534
0.34431490302085876
0.1323469579219818
0.1476389616727829
0.41737860441207886
0.33187317848205566
0.19643539190292358
0.1145772933959961
0.2557136118412018
0.24393928050994873
0.4463312327861786
0.5924350619316101
0.03493839129805565
0.9503927230834961
0.4480980336666107
0.4862102270126343
0.7019311785697937
0.16364283859729767
0.7667645812034607
0.47790706157684326
0.4232959747314453
0.12608034908771515
0.6572935581207275
0.9672049283981323
0.7394234538078308
0.0089453449472785
0.5398949384689331
0.2976759970188141
0.5019187331199646
0.23291358351707458
0.6867617964744568
0.8186982274055481
0.9933417439460754
0.9795874953269958
0.7626206874847412
0.925256609916687
0.15927036106586456
0.9905905723571777
0.6701592803001404
0.06208521127700806
0.29972800612449646
0.23046624660491943
0.5897946357727051
0.840617299079895
0.7725909948348999
0.2412974089384079
0.09990603476762772
0.08231192827224731
0.614958643913269
0.8788204193115234
0.06810760498046875
0.12570947408676147
0.7241142988204956
0.3967455327510834
0.7907952070236206
0.8643057346343994
0.4631926715373993
0.029222989454865456
0.3661990761756897
0.04771393910050392
0.7594201564788818
0.76460200548172
0.37628173828125
0.7580663561820984
0.055013325065374374
0.6219304203987122
0.1803659200668335
0.1297542005777359
0.9946713447570801
0.6459276676177979
0.8488765358924866
0.35851696133613586
0.8430219888687134
0.710888147354126
0.8480201959609985
0.8578366041183472
0.359768807888031
0.2083689570426941
0.2076760083436966
0.11196360737085342
0.4329216778278351
0.012778006494045258
0.7117041349411011
0.15701642632484436
0.3509410321712494
0.5336396098136902
0.12343942373991013
0.4219493269920349
0.6028028726577759
0.9447042346000671
0.01868315041065216
0.16887381672859192
0.5350503325462341
0.9693196415901184
0.9906408786773682
0.7413947582244873
0.7755867838859558
0.932488739490509
0.399050772190094
0.6939442157745361
0.6570203304290771
0.5734285116195679
0.6760647892951965
0.20249442756175995
0.15775345265865326
0.1273512840270996
0.6348180770874023
0.155070498585701
0.7319902181625366
0.6370440125465393
0.8919433951377869
0.2196579873561859
0.8904542326927185
0.210732564330101
0.5986526608467102
0.2704228460788727
0.5786512494087219
0.4488540291786194
0.24338464438915253
0.12382009625434875
0.6707995533943176
0.40193864703178406
0.7459444403648376
0.07815741747617722
0.6413567662239075
0.5097737312316895
0.9208264350891113
0.6322266459465027
0.2768907845020294
0.3970288932323456
0.2389402538537979
0.34486913681030273
0.33509308099746704
0.894809901714325
0.5869037508964539
0.4842240810394287
0.14795050024986267
0.27817869186401367
0.2948964238166809
0.8569818139076233
0.4438784420490265
0.6361185908317566
0.5379183888435364
0.2474820464849472
0.09267444163560867
0.38562941551208496
0.2295868694782257
0.8584570288658142
0.9693471193313599
0.158538356423378
0.5741715431213379
0.5899342894554138
0.7695854902267456
0.6058816313743591
0.3868372142314911
0.4443783462047577
0.385805606842041
0.5218728184700012
0.4944765567779541
0.9445193409919739
0.6442431211471558
0.21530437469482422
0.614811897277832
0.917744517326355
0.5059877634048462
0.5588328838348389
0.7301990389823914
0.7848683595657349
0.5660976767539978
0.0018960246816277504
0.9695151448249817
0.10217785835266113
0.6877593994140625
0.2513584792613983
0.9332392811775208
0.4230719804763794
0.7395160794258118
0.45994412899017334
0.34360483288764954
0.6810557842254639
0.5002049207687378
0.5091567635536194
0.45972391963005066
0.3510948121547699
0.10883652418851852
0.6591320633888245
0.5124872922897339
0.09374896436929703
0.7986962199211121
0.570441484451294
0.7926572561264038
0.5305843353271484
0.5584554672241211
0.2963276505470276
0.37373432517051697
0.9725027680397034
0.8716613054275513
0.9707064032554626
0.49952125549316406
0.9854193925857544
0.9706199169158936
0.26101022958755493
0.4033496081829071
0.9744673371315002
0.2603559195995331
0.7964377403259277
0.9727006554603577
0.31580591201782227
0.11690905690193176
0.16262272000312805
0.2819635570049286
0.21603181958198547
0.9946624636650085
0.1764586716890335
0.08877554535865784
0.0479867123067379
0.043703820556402206
0.2869769334793091
0.9616809487342834
0.44078049063682556
0.0002729122352320701
0.6536319255828857
0.6032576560974121
0.9473869204521179
0.651437520980835
0.07856635749340057
0.46524059772491455
0.2802504003047943
0.9028018116950989
0.08692686259746552
0.13939188420772552
0.4668244421482086
0.5104656219482422
0.5507997274398804
0.38104376196861267
0.884864091873169
0.1652452051639557
0.9101048707962036
0.2701593041419983
0.7379191517829895
0.4454423189163208
0.7263702750205994
0.723227858543396
0.2922760248184204
0.4367692172527313
0.7852519154548645
0.3788539171218872
0.4437123239040375
0.02664540708065033
0.6511632800102234
0.22214052081108093
0.4398525357246399
0.41074636578559875
0.3803803324699402
0.12344309687614441
0.847148060798645
0.21001750230789185
0.5118436217308044
0.9029879570007324
0.020556865260004997
0.3062831163406372
0.13417305052280426
0.9098842144012451
0.8879578113555908
0.23502840101718903
0.6871386170387268
0.39907392859458923
0.18476559221744537
0.259465754032135
0.10022137314081192
0.8378733992576599
0.33671653270721436
0.6327821016311646
0.327426940202713
0.48434504866600037
0.9760668277740479
0.9124484658241272
0.6947307586669922
0.8499304056167603
0.27639707922935486
0.06890276074409485
0.1565585732460022
0.24261786043643951
0.37221384048461914
0.009568827226758003
0.6261988878250122
0.7065972089767456
0.14266753196716309
0.4403843879699707
0.2606126070022583
0.00969682727009058
0.5741404294967651
0.3755531907081604
0.8611001968383789
0.07882290333509445
0.15234270691871643
0.16296415030956268
0.7685341238975525
0.6206769943237305
0.013995147310197353
0.06922055035829544
0.5560067296028137
0.8425832986831665
0.7930692434310913
0.6288242340087891
0.005544108804315329
0.19702360033988953
0.10536836087703705
0.49811744689941406
0.3410339653491974
0.9600620865821838
0.9016932249069214
0.785513162612915
0.7187967896461487
0.2945252060890198
0.5052853226661682
0.1701887547969818
0.7739999890327454
0.9772824645042419
0.10298176109790802
0.6608161926269531
0.40716180205345154
0.0028837479185312986
0.12238717079162598
0.14374573528766632
0.8353683352470398
0.27709028124809265
0.9268518686294556
0.3479437828063965
0.615371584892273
0.17129068076610565
0.32946646213531494
0.42152997851371765
0.2921164035797119
0.5947582721710205
0.6650574803352356
0.01112283393740654
0.31395554542541504
0.33149611949920654
0.1478658765554428
0.7068528532981873
0.2563864588737488
0.8309774398803711
0.9201242327690125
0.3720512092113495
0.07437961548566818
0.6715362071990967
0.891843318939209
0.34090253710746765
0.6690894365310669
0.2696444094181061
0.6988819241523743
0.27788153290748596
0.3685513734817505
0.14064747095108032
0.8069452047348022
0.6380190849304199
0.4261859357357025
0.7441438436508179
0.9303073287010193
0.6501026153564453
0.18815021216869354
0.6965569853782654
0.4750153422355652
0.9724118113517761
0.5162618160247803
0.014980331994593143
0.6938698887825012
0.9629130959510803
0.36520472168922424
0.5478165149688721
0.9115346670150757
0.3578226566314697
0.43598124384880066
0.06964445859193802
0.7610227465629578
0.7152906060218811
0.10257554054260254
0.12564820051193237
0.8188649415969849
0.9715605974197388
0.07251540571451187
0.9296037554740906
0.9530577659606934
0.32375019788742065
0.7161166071891785
0.03182559087872505
0.6504808664321899
0.34866705536842346
0.9561765789985657
0.9998211860656738
0.09272115677595139
0.6930301189422607
0.2531232535839081
0.06559926271438599
0.8785908222198486
0.7257640957832336
0.032605964690446854
0.7997757196426392
0.09435200691223145
0.8864192366600037
0.2554948329925537
0.2496967762708664
0.6663476824760437
0.3279303312301636
0.42861390113830566
0.5173319578170776
0.5093916058540344
0.13227714598178864
0.17168517410755157
0.827194333076477
0.671038031578064
0.6597588062286377
0.7189730405807495
0.11261847615242004
0.6737393140792847
0.6145311594009399
0.3572983741760254
0.4208073616027832
0.17921967804431915
0.005381906405091286
0.9845729470252991
0.371077299118042
0.835513710975647
0.9010788202285767
0.3216485381126404
0.6515657901763916
0.5550832152366638
0.49633583426475525
0.9230367541313171
0.5632847547531128
0.7699537873268127
0.3754688799381256
0.6889911890029907
0.9907881617546082
0.8869463801383972
0.24515731632709503
0.9072902798652649
0.869150698184967
0.693125307559967
0.15879346430301666
0.5895285606384277
0.19624987244606018
0.06427817046642303
0.9568594694137573
0.5867497324943542
0.46882152557373047
0.90556401014328
0.3868502676486969
0.1143854632973671
0.27552586793899536
0.33243221044540405
0.6434229016304016
0.13367556035518646
0.6604159474372864
0.5004405379295349
0.6389177441596985
0.15485940873622894
0.5797852873802185
0.498696506023407
0.2845119535923004
0.9743332862854004
0.1901962161064148
0.16776569187641144
0.5021111369132996
0.22953380644321442
0.8095428347587585
0.8413602113723755
0.21360410749912262
0.6579961180686951
0.3861997425556183
0.6333096623420715
0.2779806852340698
0.22091761231422424
0.3470637798309326
0.396517276763916
0.4080306887626648
0.772337794303894
0.3026551604270935
0.10089609771966934
0.9668622016906738
0.9993011951446533
0.9417731761932373
0.3349175751209259
0.23566493391990662
0.3681129515171051
0.6084551215171814
0.06108596920967102
0.5458276867866516
0.39620083570480347
0.30002331733703613
0.9124400615692139
0.8666337728500366
0.11924638599157333
0.017146900296211243
0.22381289303302765
0.3795713484287262
0.6441875696182251
0.23061145842075348
0.16465230286121368
0.3007269501686096
0.6489616632461548
0.9984878897666931
0.24829834699630737
0.8330581784248352
0.49906814098358154
0.041607510298490524
0.5751727223396301
0.9503840208053589
0.45588287711143494
0.8537383675575256
0.24844782054424286
0.5021936893463135
0.49925437569618225
0.29542526602745056
0.04457353800535202
0.7781887054443359
0.32112917304039
0.6861546635627747
0.5969822406768799
0.8487747311592102
0.36129826307296753
0.8096614480018616
0.6837647557258606
0.22321578860282898
0.7248514890670776
0.9143850803375244
0.5981660485267639
0.9143939018249512
0.9461692571640015
0.2534811496734619
0.5698160529136658
0.15308234095573425
0.8552064299583435
0.05079907923936844
0.11394812911748886
0.019387878477573395
0.8428647518157959
0.10683023929595947
0.493804007768631
0.5149471759796143
0.5259374380111694
0.7161362171173096
0.7252501845359802
0.450064480304718
0.7941871285438538
0.9684270024299622
0.22471341490745544
0.8400055170059204
0.35972562432289124
0.42857447266578674
0.07594756036996841
0.6727063059806824
0.5654825568199158
0.9267236590385437
0.013518674299120903
0.24574057757854462
0.08041549474000931
0.14108923077583313
0.9608058333396912
0.6830708384513855
0.9617539644241333
0.6319389343261719
0.011911087669432163
0.7499377727508545
0.26953089237213135
0.2697286903858185
0.652472972869873
0.5507898330688477
0.15304413437843323
0.42390909790992737
0.1022721603512764
0.07054563611745834
0.7637264728546143
0.6564046144485474
0.3383371829986572
0.8366811871528625
0.9560841917991638
0.9980764389038086
0.7616263628005981
0.45933660864830017
0.09613379836082458
0.8827069997787476
0.7742818593978882
0.14849282801151276
0.9869692325592041
0.08825976401567459
0.7076214551925659
0.8595970869064331
0.5278877019882202
0.8776642084121704
0.5831305980682373
0.8340229988098145
0.5610236525535583
0.11653028428554535
0.9531873464584351
0.7580128908157349
0.12419538199901581
0.25536006689071655
0.7805625796318054
0.39604583382606506
0.10482314229011536
0.7600865960121155
0.9039452075958252
0.0705149695277214
0.0551762580871582
0.9218608736991882
0.3625732958316803
0.6105566024780273
0.15140259265899658
0.6689809560775757
0.8786320090293884
0.03366320952773094
0.6041878461837769
0.14838279783725739
0.02528766356408596
0.5250368118286133
0.8440412878990173
0.8643410205841064
0.07891067117452621
0.1529606580734253
0.34434974193573
0.29218003153800964
0.019412493333220482
0.39670446515083313
0.38485074043273926
0.13924618065357208
0.8260595798492432
0.32539185881614685
0.1855783611536026
0.8193076252937317
0.7727844715118408
0.14562050998210907
0.5766353011131287
0.540439784526825
0.49227070808410645
0.3336464762687683
0.9905310869216919
0.9676724672317505
0.1411181092262268
0.9846026301383972
0.6943869590759277
0.9476777911186218
0.580673336982727
0.8147178888320923
0.2567657232284546
0.47347939014434814
0.6859134435653687
0.9021943807601929
0.320636123418808
0.22345605492591858
0.5970225930213928
0.06767170131206512
0.1470196545124054
0.263073593378067
0.9204442501068115
0.8357906937599182
0.17424064874649048
0.33633989095687866
0.833238422870636
0.6139868497848511
0.06988582760095596
0.9683468341827393
0.606784462928772
0.5150930285453796
0.5697470903396606
0.8257348537445068
0.863039493560791
0.9405649900436401
0.9538348913192749
0.6284782886505127
0.7324133515357971
0.42476755380630493
0.5234644412994385
0.42996659874916077
0.5495337247848511
0.25245052576065063
0.8034994602203369
0.6756584644317627
0.07674215734004974
0.7881943583488464
0.25241202116012573
0.42982152104377747
0.24280381202697754
0.657444417476654
0.08855514228343964
0.15471479296684265
0.06871347874403
0.6394470930099487
0.39494675397872925
0.19013643264770508
0.7994431853294373
0.9488577842712402
0.44405558705329895
0.6007422208786011
0.36987102031707764
0.062091853469610214
0.5619494318962097
0.6072508692741394
0.03559295833110809
0.8202468752861023
0.9929971098899841
0.9848015308380127
0.7123833894729614
0.7105500102043152
0.22738946974277496
0.3697414994239807
0.5963374972343445
0.4503518342971802
0.14687201380729675
0.9690077304840088
0.1865457445383072
0.24854283034801483
0.20944708585739136
0.45783549547195435
0.8460642099380493
0.9528217911720276
0.0445733405649662
0.6947031021118164
0.9606800079345703
0.9716678261756897
0.5953109860420227
0.9499362707138062
0.4171711206436157
0.9073079824447632
0.9303649663925171
0.8753504753112793
0.5872556567192078
0.12627972662448883
0.7143146395683289
0.5244902968406677
0.2027147263288498
0.8158448338508606
0.6864845156669617
0.8507158160209656
0.6833289265632629
0.8224269151687622
0.1589708924293518
0.5468950271606445
0.2991398870944977
0.49560487270355225
0.7576461434364319
0.5135922431945801
0.3579525053501129
0.43402373790740967
0.5731406211853027
0.4855871796607971
0.2736437916755676
0.8690662980079651
0.5476366877555847
0.38563576340675354
0.1143365353345871
0.7736129760742188
0.754602313041687
0.06749604642391205
0.7945247292518616
0.9544100165367126
0.08924584835767746
0.7774263620376587
0.8913780450820923
0.6253727078437805
0.6315391063690186
0.7998592257499695
0.3282180428504944
0.17442575097084045
0.7486889958381653
0.018197311088442802
0.5201778411865234
0.06045278161764145
0.2772911489009857
0.2943896949291229
0.7671658396720886
0.5314298272132874
0.9420405030250549
0.00474627735093236
0.7930867075920105
0.7199774384498596
0.7437840104103088
0.09555814415216446
0.07902005314826965
0.5822532773017883
0.29587921500205994
0.7516337037086487
0.9981788992881775
0.976955235004425
0.3777034282684326
0.9556910991668701
0.2923995554447174
0.6844861507415771
0.6100951433181763
0.3383113145828247
0.018756184726953506
0.7253115773200989
0.7577993273735046
0.22256383299827576
0.9914615750312805
0.982281506061554
0.39415425062179565
0.6748192310333252
0.5126838684082031
0.40663641691207886
0.054591190069913864
0.8319032192230225
0.9838693737983704
0.4008313715457916
0.257637083530426
0.700340986251831
0.4266798794269562
0.45081934332847595
0.5261527299880981
0.742870032787323
0.5604691505432129
0.5762893557548523
0.8114787936210632
0.9184522032737732
0.3508184850215912
0.8464013338088989
0.15135253965854645
0.2813311517238617
0.08046436309814453
0.735736072063446
0.45346012711524963
0.8802341818809509
0.21718838810920715
0.04287441074848175
0.7381944060325623
0.4132343530654907
0.39476388692855835
0.22757543623447418
0.9533592462539673
0.6798352599143982
0.6988010406494141
0.06587622314691544
0.04914103075861931
0.6153147220611572
0.2590928375720978
0.15481063723564148
0.8646144270896912
0.8373211026191711
0.5364781022071838
0.08300326764583588
0.7785258889198303
0.23907969892024994
0.40299686789512634
0.7326370477676392
0.49831482768058777
0.8934539556503296
0.028980249539017677
0.08985066413879395
0.7780390381813049
0.8037522435188293
0.1492658406496048
0.5481602549552917
0.3224434554576874
0.5641144514083862
0.07425307482481003
0.2326737642288208
0.6111517548561096
0.07025298476219177
0.7891954779624939
0.34763672947883606
0.6691533923149109
0.16278627514839172
0.40918171405792236
0.44253018498420715
0.9041959643363953
0.49899426102638245
0.9141228795051575
0.9212340712547302
0.19998730719089508
0.4572070240974426
0.2582649886608124
0.20234696567058563
0.3265296220779419
0.2791505455970764
0.7698262333869934
0.5016139149665833
0.29891330003738403
0.15835045278072357
0.6743204593658447
0.4771934747695923
0.7298014760017395
0.6113600730895996
0.7451179623603821
0.11763428896665573
0.008088165894150734
0.83232581615448
0.012848096899688244
0.5300026535987854
0.13428589701652527
0.35636529326438904
0.7903743386268616
0.4644695222377777
0.10472818464040756
0.06041092425584793
0.2254784256219864
0.08780589699745178
0.18443584442138672
0.34849944710731506
0.46761617064476013
0.5863638520240784
0.9064280986785889
0.8732460141181946
0.564292311668396
0.31669139862060547
0.6359049081802368
0.23488570749759674
0.15346649289131165
0.7263442277908325
0.27277660369873047
0.1301639974117279
0.4705265760421753
0.6610573530197144
0.42228350043296814
0.15091457962989807
0.12134260684251785
0.24167124927043915
0.7783545851707458
0.34682315587997437
0.8631373643875122
0.5715821981430054
0.6582837104797363
0.7397741079330444
0.9688771963119507
0.30408352613449097
0.6543959975242615
0.505913257598877
0.4562472999095917
0.9077147841453552
0.26783791184425354
0.40508949756622314
0.07693218439817429
0.8737728595733643
0.3069995939731598
0.7391864061355591
0.2178114354610443
0.2429559975862503
0.5714925527572632
0.7580744028091431
0.9662086367607117
0.9943469166755676
0.3760245740413666
0.6686517000198364
0.4256170988082886
0.21704719960689545
0.35867518186569214
0.8192747831344604
0.23650050163269043
0.768189549446106
0.4652920365333557
0.4776627719402313
0.8446803689002991
0.9196420311927795
0.6112610697746277
0.6018773317337036
0.8830552101135254
0.017734194174408913
0.27909737825393677
0.14305047690868378
0.8178631663322449
0.2989582419395447
0.05238538980484009
0.5859313607215881
0.5144755244255066
0.33727219700813293
0.5469404458999634
0.0021148701198399067
0.4722597002983093
0.9543251991271973
0.2335359901189804
0.28171926736831665
0.10346924513578415
0.33642300963401794
0.13855955004692078
0.9608781337738037
0.32613351941108704
0.2605556845664978
0.8490068912506104
0.6624915599822998
0.5633634924888611
0.6874149441719055
0.4618558883666992
0.7265821099281311
0.3918789029121399
0.07560035586357117
0.6412333250045776
0.8665494918823242
0.16985103487968445
0.855208694934845
0.220397487282753
0.8819913268089294
0.9225236177444458
0.5432927012443542
0.492239773273468
0.45168086886405945
0.6632022261619568
0.5104478001594543
0.3265579342842102
0.30960434675216675
0.10148700326681137
0.4472445249557495
0.8489826917648315
0.6425771117210388
0.271411657333374
0.24196739494800568
0.32052481174468994
0.030705053359270096
0.23223507404327393
0.9774945974349976
0.24119038879871368
0.9588169455528259
0.833012044429779
0.9426578879356384
0.3604740500450134
0.6604752540588379
0.9534679651260376
0.31373491883277893
0.7069038152694702
0.43445926904678345
0.916474461555481
0.6204017400741577
0.6358489990234375
0.05295346677303314
0.48830753564834595
0.7474488615989685
0.8312526941299438
0.8448255658149719
0.9160091280937195
0.6669239401817322
0.26538214087486267
0.05516207218170166
0.9485528469085693
0.9007753133773804
0.25867608189582825
0.7651503086090088
0.7830860018730164
0.5626050233840942
0.2159499228000641
0.6661243438720703
0.699639618396759
0.14005246758460999
0.34161487221717834
0.7470874190330505
0.1396331638097763
0.6002385020256042
0.4515334963798523
0.7535250782966614
0.29528146982192993
0.46589475870132446
0.6351735591888428
0.6999085545539856
0.7771099209785461
0.3617507517337799
0.9537934064865112
0.32033267617225647
0.3725501596927643
0.06269402801990509
0.16686564683914185
0.44025784730911255
0.5270520448684692
0.3179282248020172
0.13893269002437592
0.13111019134521484
0.9965705871582031
0.914649486541748
0.14444220066070557
0.907701313495636
0.08048967272043228
0.44179007411003113
0.7985902428627014
0.005131157580763102
0.9367326498031616
0.4103783965110779
0.7469154596328735
0.11772087961435318
0.7410539388656616
0.6632080078125
0.603527843952179
0.18051853775978088
0.20763929188251495
0.5415205955505371
0.34635668992996216
0.7098199725151062
0.38383808732032776
0.4225018620491028
0.24153435230255127
0.08425895869731903
0.7135964632034302
0.5020706653594971
0.1924135386943817
0.8064595460891724
0.21138015389442444
0.7370125651359558
0.3457956314086914
0.7788890600204468
0.8571184277534485
0.7652360200881958
0.2205195426940918
0.047709982842206955
0.6328327059745789
0.14265312254428864
0.9437715411186218
0.9287439584732056
0.931978702545166
0.06148025393486023
0.3957572281360626
0.3055824041366577
0.9913458824157715
0.7327641844749451
0.9272444844245911
0.37657395005226135
0.3434198200702667
0.785275399684906
0.4188123047351837
0.8818471431732178
0.34948837757110596
0.8911005854606628
0.9605280756950378
0.3100399971008301
0.4624668061733246
0.7047321200370789
0.44918376207351685
0.7492619156837463
0.6962268352508545
0.17579194903373718
0.08530798554420471
0.48681914806365967
0.6803471446037292
0.11494789272546768
0.20005536079406738
0.09679709374904633
0.6145382523536682
0.46073445677757263
0.7492145299911499
0.18733243644237518
0.5880019664764404
0.031759995967149734
0.20123450458049774
0.8887686729431152
0.7991913557052612
0.35982540249824524
0.41466400027275085
0.07358238101005554
0.33092594146728516
0.5324708819389343
0.09850075840950012
0.21805647015571594
0.894041895866394
0.6478666663169861
0.09975716471672058
0.3901180326938629
0.8777888417243958
0.7496030926704407
0.8611510992050171
0.05306394398212433
0.5647813081741333
0.8820479512214661
0.7189391255378723
0.4723542034626007
0.05003783851861954
0.9130184054374695
0.2744307518005371
0.9751793146133423
0.4771769046783447
0.6170244216918945
0.9562555551528931
0.4616888165473938
0.46780526638031006
0.48816606402397156
0.5745434761047363
0.2500196099281311
0.592911958694458
0.9555525779724121
0.40961262583732605
0.10604207962751389
0.03677668422460556
0.2263403683900833
0.7648645639419556
0.46919962763786316
0.18945768475532532
0.5339582562446594
0.3597065508365631
0.004576733335852623
0.14479006826877594
0.19827312231063843
0.7033397555351257
0.013352948240935802
0.7571021318435669
0.2194628119468689
0.8150535225868225
0.9164952635765076
0.08871719241142273
0.6497904658317566
0.5072802901268005
0.709553062915802
0.3174225091934204
0.1710948497056961
0.7017927169799805
0.7593830227851868
0.49915629625320435
0.5381166934967041
0.7473135590553284
0.18879334628582
0.3811131715774536
0.8891374468803406
0.9816225171089172
0.23464879393577576
0.3205377459526062
0.5100340843200684
0.2591007947921753
0.17828401923179626
0.34815841913223267
0.4746532440185547
0.14076122641563416
0.3360447883605957
0.25088784098625183
0.6308020353317261
0.6135044097900391
0.17650671303272247
0.5833490490913391
0.10258922725915909
0.3032458424568176
0.2550063133239746
0.46138593554496765
0.13928182423114777
0.049135971814394
0.08853796124458313
0.3794620633125305
0.6922813653945923
0.920112669467926
0.7802478075027466
0.8190109729766846
0.9579068422317505
0.7787355184555054
0.5264121294021606
0.6700848937034607
0.23267331719398499
0.4469694197177887
0.7420278191566467
0.3052152395248413
0.48733362555503845
0.9329252243041992
0.451067179441452
0.3498906195163727
0.055439312011003494
0.5526782870292664
0.30446091294288635
0.6593624949455261
0.6516337990760803
0.7532746195793152
0.6713749766349792
0.1869249939918518
0.03406282886862755
0.6824456453323364
0.7873259782791138
0.4580155909061432
0.7611356973648071
0.8692439794540405
0.04110947623848915
0.03903067857027054
0.6104887127876282
0.5412144660949707
0.16907790303230286
0.06106261536478996
0.27311840653419495
0.11044611781835556
0.8949980139732361
0.3499786853790283
0.019568316638469696
0.33383432030677795
0.910074770450592
0.7403296232223511
0.5722641944885254
0.939082145690918
0.2618381679058075
0.6601924300193787
0.8257068991661072
0.8757368326187134
0.7417899370193481
0.16251258552074432
0.7778847813606262
0.5503383278846741
0.5176788568496704
0.810702383518219
0.39679527282714844
0.07765935361385345
0.5627647638320923
0.9251419305801392
0.971290111541748
0.25150030851364136
0.11044766008853912
0.20182493329048157
0.9306430220603943
0.023345207795500755
0.7781785726547241
0.11137411743402481
0.7739354372024536
0.06489487737417221
0.9528571367263794
0.6922287344932556
0.5686161518096924
0.1739271730184555
0.8099249601364136
0.4730037450790405
0.47542300820350647
0.26814723014831543
0.6667993068695068
0.17347285151481628
0.9787949323654175
0.6061816811561584
0.6563373804092407
0.9347349405288696
0.29597997665405273
0.4079625606536865
0.2648050785064697
0.026254361495375633
0.2502654790878296
0.47922685742378235
0.24243538081645966
0.08701148629188538
0.41397833824157715
0.23009221255779266
0.9201346039772034
0.6468179821968079
0.8291181921958923
0.5881993770599365
0.8966168165206909
0.48637524247169495
0.25761961936950684
0.04854010045528412
0.5383608937263489
0.09175360202789307
0.2989999055862427
0.2376178801059723
0.5410684943199158
0.2709365487098694
0.8895646333694458
0.7922401428222656
0.023318596184253693
0.8605114817619324
0.5882830619812012
0.5948206782341003
0.650532066822052
0.5542640089988708
0.9291576743125916
0.33926063776016235
0.30578768253326416
0.6918177604675293
0.5963292121887207
0.34392648935317993
0.83536696434021
0.5970926880836487
0.22060233354568481
0.6518034934997559
0.047352686524391174
0.8300361633300781
0.4723338782787323
0.7114157676696777
0.3071519434452057
0.6682888269424438
0.8007373809814453
0.7760217785835266
0.2868446409702301
0.8157869577407837
0.1153457909822464
0.19014638662338257
0.10490448772907257
0.9779412150382996
0.9769470691680908
0.9260299205780029
0.7163230776786804
0.32922470569610596
0.8346512317657471
0.48223045468330383
0.600202739238739
0.8945481181144714
0.2905758321285248
0.3052726686000824
0.25965484976768494
0.6740829944610596
0.229066401720047
0.9632106423377991
0.43378427624702454
0.8911231160163879
0.20384658873081207
0.8563644886016846
0.08529570698738098
0.8924353718757629
0.9279261827468872
0.8581189513206482
0.06449037790298462
0.7428882122039795
0.5316212177276611
0.6664044260978699
0.9314817190170288
0.16369138658046722
0.6423794627189636
0.8005366325378418
0.4772326648235321
0.04061541706323624
0.07522502541542053
0.9782856702804565
0.04636348411440849
0.14399318397045135
0.676507294178009
0.8482826352119446
0.23090317845344543
0.9487268924713135
0.7142301201820374
0.6170304417610168
0.018083348870277405
0.6670992970466614
0.6491206288337708
0.12220728397369385
0.9516361355781555
0.9622995257377625
0.45035016536712646
0.28240343928337097
0.5303860902786255
0.5555068254470825
0.7143152356147766
0.9804378151893616
0.18142542243003845
0.2006179690361023
0.38194704055786133
0.16164889931678772
0.3162133991718292
0.7716991305351257
0.2605990171432495
0.4669204354286194
0.8786171674728394
0.3610894978046417
0.6244081854820251
0.958569347858429
0.3972642421722412
0.2672886252403259
0.21736028790473938
0.8629568219184875
0.2731945812702179
0.34576451778411865
0.11235447227954865
0.014155018143355846
0.4444318413734436
0.9948279857635498
0.9098556041717529
0.6460115909576416
0.619252622127533
0.1986951231956482
0.4909306466579437
0.12850771844387054
0.022841954603791237
0.034044068306684494
0.650720477104187
0.403045654296875
0.9125991463661194
0.3705816864967346
0.11117947846651077
0.5777037143707275
0.3414517641067505
0.11699798703193665
0.3373403251171112
0.3223165273666382
0.4299696385860443
0.36351561546325684
0.49358972907066345
0.5694884657859802
0.5564739108085632
0.2731564939022064
0.8326444029808044
0.7451984882354736
0.22024762630462646
0.17229756712913513
0.7999960780143738
0.11303399503231049
0.026986293494701385
0.07781370729207993
0.2645799219608307
0.30109667778015137
0.8157880306243896
0.22046314179897308
0.20773321390151978
0.09431549161672592
0.5803223848342896
0.75095534324646
0.6685354113578796
0.6806892156600952
0.4431292414665222
0.2895764112472534
0.6978046894073486
0.634304940700531
0.4726146459579468
0.13431541621685028
0.9533708691596985
0.6954860091209412
0.5060834884643555
0.3224165737628937
0.7854766845703125
0.696186900138855
0.8164095282554626
0.16059955954551697
0.7497255802154541
0.31816551089286804
0.46097898483276367
0.5612960457801819
0.8418349027633667
0.4039885699748993
0.18275582790374756
0.08144545555114746
0.9163218140602112
0.36783063411712646
0.7344486117362976
0.07049912214279175
0.4268935024738312
0.5485144257545471
0.3490818738937378
0.2519717812538147
0.27015483379364014
0.6796015501022339
0.9686656594276428
0.3093751072883606
0.39829692244529724
0.8818958401679993
0.6486136317253113
0.06788799166679382
0.14242056012153625
0.2387421727180481
0.7014942765235901
0.01511085033416748
0.2582188546657562
0.5495632886886597
0.19975034892559052
0.3888804018497467
0.22008128464221954
0.7639090418815613
0.22589027881622314
0.7744928598403931
0.46476322412490845
0.938596785068512
0.27163204550743103
0.6280063390731812
0.945960521697998
0.9513716101646423
0.6472582221031189
0.8033809661865234
0.5467591881752014
0.9086800813674927
0.302856981754303
0.49007678031921387
0.16045112907886505
0.04187837988138199
0.22103671729564667
0.8749828338623047
0.09055563807487488
0.2601478397846222
0.9067093133926392
0.268845796585083
0.9438443183898926
0.4017685353755951
0.9074294567108154
0.7651641368865967
0.4021734297275543
0.9677926898002625
0.6975437998771667
0.9408626556396484
0.3788910210132599
0.7760868072509766
0.6734666228294373
0.8972733616828918
0.4970013201236725
0.5136322379112244
0.2116086483001709
0.05002608150243759
0.7909521460533142
0.6999516487121582
0.665335476398468
0.8356814384460449
0.13519032299518585
0.4018835723400116
0.18396520614624023
0.5480343103408813
0.7440099120140076
0.23266683518886566
0.23343998193740845
0.203896626830101
0.04031750559806824
0.8721179366111755
0.5601365566253662
0.8732606768608093
0.13803598284721375
0.8707990050315857
0.5346232056617737
0.8699705004692078
0.16926908493041992
0.5531922578811646
0.6028965711593628
0.7599290609359741
0.4717303514480591
0.9522237181663513
0.6617520451545715
0.4221474826335907
0.23872897028923035
0.9388784170150757
0.9582506418228149
0.4620116055011749
0.48929211497306824
0.06267105042934418
0.7474015355110168
0.7376407384872437
0.4779033660888672
0.1799508035182953
0.16926711797714233
0.5080605149269104
0.09761089831590652
0.7886651754379272
0.15331000089645386
0.7638043165206909
0.9520968794822693
0.19334959983825684
0.8611504435539246
0.6876915693283081
0.8802351355552673
0.12377914041280746
0.4589637815952301
0.14054493606090546
0.9527636170387268
0.4453314542770386
0.38138309121131897
0.5488577485084534
0.03531624376773834
0.607629120349884
0.8649900555610657
0.12857559323310852
0.47500747442245483
0.36500272154808044
0.6744426488876343
0.8271864652633667
0.7356644868850708
0.3272530138492584
0.1698664128780365
0.5824506878852844
0.32632681727409363
0.3621140718460083
0.02793063223361969
0.32974696159362793
0.3802833557128906
0.41117602586746216
0.593700647354126
0.29755786061286926
0.012109952047467232
0.8869227766990662
0.8004096150398254
0.9141709208488464
0.22484709322452545
0.5785329341888428
0.8765886425971985
0.06143612787127495
0.3735758364200592
0.1561271697282791
0.613814115524292
0.6009756922721863
0.2931133210659027
0.7269963026046753
0.6207588911056519
0.48069652915000916
0.7147436141967773
0.8993871808052063
0.6795066595077515
0.04642554745078087
0.9027016162872314
0.6404420137405396
0.7200186252593994
0.45312994718551636
0.9763301610946655
0.9575372338294983
0.6880634427070618
0.2160482406616211
0.655063271522522
0.009662519209086895
0.8749340772628784
0.11646727472543716
0.47139087319374084
0.8025640249252319
0.5689001083374023
0.8557193875312805
0.6907632350921631
0.8243139982223511
0.07450257986783981
0.6364902257919312
0.4840609133243561
0.6449422836303711
0.16876961290836334
0.7210385799407959
0.2092263251543045
0.8905885815620422
0.1834210455417633
0.05913584306836128
0.34810182452201843
0.25842395424842834
0.0546238012611866
0.165418341755867
0.882763147354126
0.8748068809509277
0.5274285078048706
0.0169635359197855
0.781306266784668
0.9747849702835083
0.4503137171268463
0.8183275461196899
0.9568613767623901
0.7241548895835876
0.5354737639427185
0.7657352685928345
0.26924967765808105
0.6946548819541931
0.4419904053211212
0.5110060572624207
0.9418331980705261
0.02091347426176071
0.8129775524139404
0.7404046654701233
0.49232804775238037
0.9667182564735413
0.34661513566970825
0.2570929527282715
0.307739794254303
0.3390049636363983
0.6508776545524597
0.7752494812011719
0.6485641598701477
0.15978296101093292
0.8266164064407349
0.04930276796221733
0.9228760004043579
0.23617872595787048
0.5755595564842224
0.7963753938674927
0.21076153218746185
0.8470408320426941
0.49131080508232117
0.11840838193893433
0.7351119518280029
0.8219290971755981
0.7042105197906494
0.3000849187374115
0.2679329216480255
0.8306142091751099
0.651177167892456
0.630623996257782
0.5910204648971558
0.9851981401443481
0.24668452143669128
0.908824622631073
0.33537548780441284
0.6893425583839417
0.3002537488937378
0.5645692944526672
0.9529467225074768
0.8924247622489929
0.9580405354499817
0.9545072317123413
0.8882502317428589
0.9296140074729919
0.9472777843475342
0.022449174895882607
0.4955451488494873
0.9633025527000427
0.8019449710845947
0.7532913684844971
0.7799579501152039
0.6118420958518982
0.3194448947906494
0.9238135814666748
0.4514487385749817
0.12801191210746765
0.10767431557178497
0.7163637280464172
0.20730316638946533
0.21804320812225342
0.8876243233680725
0.9267371892929077
0.5017758011817932
0.4097251892089844
0.6773861050605774
0.7756206393241882
0.3403083384037018
0.9839590191841125
0.7000654339790344
0.8513718843460083
0.47831863164901733
0.4253584146499634
0.9806456565856934
0.6082760691642761
0.3861192762851715
0.19021856784820557
0.7662121057510376
0.6682635545730591
0.9502061605453491
0.373524934053421
0.4918019473552704
0.7151578664779663
0.9061726927757263
0.23645001649856567
0.4962046444416046
0.3836672902107239
0.04642704874277115
0.6132570505142212
0.6757685542106628
0.8782368898391724
0.4443020522594452
0.8580067753791809
0.292438805103302
0.38101720809936523
0.7185673713684082
0.36130109429359436
0.37470823526382446
0.478292852640152
0.49569734930992126
0.1948702335357666
0.7914862632751465
0.7774152159690857
0.11592905223369598
0.49057865142822266
0.8728920817375183
0.7314452528953552
0.6720858216285706
0.22563932836055756
0.5832218527793884
0.33624914288520813
0.29783838987350464
0.5272477269172668
0.5126705169677734
0.832256019115448
0.6088294982910156
0.9909743666648865
0.5006203651428223
0.7937753200531006
0.7982767224311829
0.9087578654289246
0.024605464190244675
0.8068740963935852
0.6235975623130798
0.8599774241447449
0.8680782318115234
0.6121768951416016
0.2550700306892395
0.2682221233844757
0.6628887057304382
0.6948884725570679
0.7012448906898499
0.2497061938047409
0.5911515951156616
0.3698698580265045
0.977796196937561
0.601638913154602
0.5945265293121338
0.628355860710144
0.6622259616851807
0.3360546827316284
0.6897820830345154
0.1485765129327774
0.19758298993110657
0.4552847146987915
0.43857529759407043
0.6586722731590271
0.1441468745470047
0.2695120573043823
0.15199777483940125
0.9267458319664001
0.6614693403244019
0.6493856310844421
0.9705420732498169
0.5674005150794983
0.31995999813079834
0.784384548664093
0.16523690521717072
0.7752683758735657
0.7335179448127747
0.24253226816654205
0.8317676782608032
0.21669098734855652
0.8036989569664001
0.14236527681350708
0.5869171619415283
0.4854988157749176
0.07604113966226578
0.9250482320785522
0.46754810214042664
0.7141841053962708
0.597291886806488
0.6523860692977905
0.5166407823562622
0.9308240413665771
0.40126511454582214
0.7686294913291931
0.2784407138824463
0.9906387329101562
0.4565528631210327
0.11694567650556564
0.8646306395530701
0.7379031777381897
0.6805051565170288
0.684443473815918
0.6153950095176697
0.5881867408752441
0.9950254559516907
0.5502382516860962
0.5409242510795593
0.8301243782043457
0.8253657817840576
0.018877588212490082
0.021957170218229294
0.832845151424408
0.15177974104881287
0.903573215007782
0.09110409766435623
0.033035758882761
0.45540592074394226
0.5994776487350464
0.34892699122428894
0.4764799177646637
0.6983353495597839
0.7920538783073425
0.7722111344337463
0.12140459567308426
0.9281840920448303
0.9472600817680359
0.7096190452575684
0.6974825859069824
0.5191107988357544
0.3349418640136719
0.7307936549186707
0.08197634667158127
0.08464712649583817
0.563633382320404
0.23614540696144104
0.5864061713218689
0.5963088274002075
0.43260061740875244
0.011317554861307144
0.680413544178009
0.19180504977703094
0.9569499492645264
0.40738916397094727
0.6716610193252563
0.9275751709938049
0.16472509503364563
0.2790510952472687
0.7347133159637451
0.7470828294754028
0.5182746052742004
0.19738346338272095
0.8011330962181091
0.20027023553848267
0.8956372737884521
0.9618675708770752
0.8263013958930969
0.2756936848163605
0.536154568195343
0.23381567001342773
0.4349217116832733
0.49090680480003357
0.2932250499725342
0.6322621703147888
0.6071234345436096
0.4708954393863678
0.7180292010307312
0.10177929699420929
0.3296951353549957
0.7529076337814331
0.9644211530685425
0.6694139838218689
0.6515311002731323
0.038847122341394424
0.6662977337837219
0.8494693040847778
0.7582088112831116
0.7613394260406494
0.9580572843551636
0.48636293411254883
0.8266859650611877
0.02750380150973797
0.9569677710533142
0.03312009200453758
0.3134521245956421
0.26938340067863464
0.0850987434387207
0.7307494282722473
0.4704529345035553
0.06034715473651886
0.16854076087474823
0.03165511414408684
0.3848755359649658
0.054998692125082016
0.5719109177589417
0.13084250688552856
0.24009542167186737
0.3705695569515228
0.6426788568496704
0.9765040874481201
0.746155858039856
0.10604016482830048
0.007259551901370287
0.15646257996559143
0.28154808282852173
0.9096349477767944
0.2784423828125
0.2909803092479706
0.4764757752418518
0.8194331526756287
0.17170481383800507
0.7393175959587097
0.9764021039009094
0.6009820103645325
0.36648231744766235
0.08024563640356064
0.6865195631980896
0.9614279270172119
0.36277639865875244
0.8665223717689514
0.5902572870254517
0.10242848843336105
0.062358785420656204
0.2466680258512497
0.4680686593055725
0.649838387966156
0.5871263742446899
0.9487306475639343
0.5578296184539795
0.5194628834724426
0.22042781114578247
0.7481348514556885
0.835673987865448
0.8858916163444519
0.2709757089614868
0.7150472402572632
0.47554826736450195
0.7867262959480286
0.5874338746070862
0.900388777256012
0.25663304328918457
0.3530823588371277
0.20974479615688324
0.6211563944816589
0.5473527312278748
0.9971483945846558
0.12006127834320068
0.38923126459121704
0.7179413437843323
0.9711633920669556
0.39650261402130127
0.04096861556172371
0.34636175632476807
0.3352583050727844
0.653220534324646
0.8127552270889282
0.768011748790741
0.9482560753822327
0.8514112830162048
0.23039767146110535
0.20419804751873016
0.9611436128616333
0.6013215184211731
0.13255879282951355
0.7723659873008728
0.5830550193786621
0.651318371295929
0.7888293862342834
0.609910786151886
0.0607527419924736
0.7149263024330139
0.5513200163841248
0.21668647229671478
0.412978857755661
0.4036296010017395
0.6771791577339172
0.9876964092254639
0.39792534708976746
0.18772612512111664
0.8360873460769653
0.8710238337516785
0.21991939842700958
0.1136399656534195
0.3153749108314514
0.6087179780006409
0.3919869065284729
0.6062051057815552
0.4821449816226959
0.6204352378845215
0.2110043168067932
0.527554452419281
0.571191668510437
0.41482529044151306
0.7204967737197876
0.891775369644165
0.21867196261882782
0.05916839838027954
0.18905037641525269
0.11414997279644012
0.8935389518737793
0.7492917776107788
0.32517799735069275
0.824216365814209
0.8915655612945557
0.10428711771965027
0.0956868976354599
0.14724060893058777
0.6350299715995789
0.023087739944458008
0.42569130659103394
0.6046016812324524
0.8695002794265747
0.8292689323425293
0.1771242916584015
0.7964539527893066
0.15490277111530304
0.7821193933486938
0.43165189027786255
0.9529343247413635
0.3297288119792938
0.2519458532333374
0.7874203324317932
0.5112399458885193
0.5894288420677185
0.7780209183692932
0.6607973575592041
0.8494768738746643
0.931692898273468
0.7350189089775085
0.9599679112434387
0.3461942970752716
0.8424438238143921
0.21281565725803375
0.0013881758786737919
0.7983188629150391
0.7718623876571655
0.9357674717903137
0.19598141312599182
0.23182161152362823
0.8781728744506836
0.7635887265205383
0.6328740119934082
0.47891050577163696
0.9659730792045593
0.7957286238670349
0.749413013458252
0.16100436449050903
0.045282356441020966
0.7183752655982971
0.12339190393686295
0.17220516502857208
0.11956223100423813
0.5319451689720154
0.6373411417007446
0.18135784566402435
0.03141738101840019
0.5716797709465027
0.03209121897816658
0.6141756772994995
0.08899050951004028
0.443236768245697
0.30419743061065674
0.5033581852912903
0.27544254064559937
0.6850998997688293
0.14500968158245087
0.4109228849411011
0.1833343356847763
0.5709294676780701
0.999711275100708
0.6980770826339722
0.3912264108657837
0.27377837896347046
0.8035649061203003
0.4113868772983551
0.2209392637014389
0.41518333554267883
0.35732612013816833
0.8633819818496704
0.9758935570716858
0.31741097569465637
0.2875314950942993
0.8888293504714966
0.6005173325538635
0.39107805490493774
0.6184148788452148
0.5861330032348633
0.09538716077804565
0.7574865818023682
0.5384454727172852
0.24971406161785126
0.725756824016571
0.38192078471183777
0.14823481440544128
0.11537247151136398
0.9265657067298889
0.5240861773490906
0.060073934495449066
0.003309908788651228
0.39407241344451904
0.5238786339759827
0.10810917615890503
0.04037861153483391
0.022272588685154915
0.9976496696472168
0.2952686846256256
0.5929164886474609
0.5379443168640137
0.8309860825538635
0.06137252226471901
0.5717014670372009
0.6801142692565918
0.07922342419624329
0.03986313194036484
0.7802248597145081
0.23736268281936646
0.22039197385311127
0.6314403414726257
0.09977595508098602
0.16015231609344482
0.7591964602470398
0.3472414016723633
0.24312451481819153
0.18246668577194214
0.603839635848999
0.6514951586723328
0.8888455629348755
0.8979800939559937
0.7144448757171631
0.5884518027305603
0.5847068428993225
0.598564863204956
0.5524290800094604
0.8941746354103088
0.9184941053390503
0.24459832906723022
0.08785895258188248
0.4866558015346527
0.6639400720596313
0.36497962474823
0.9362676739692688
0.27866777777671814
0.9724037647247314
0.897765040397644
0.2235557585954666
0.4274735450744629
0.10906697809696198
0.192792147397995
0.4644327461719513
0.5523582696914673
0.1425548940896988
0.1531834602355957
0.6080690026283264
0.9327157735824585
0.32502397894859314
0.5270133018493652
0.005523314233869314
0.6253381371498108
0.6505530476570129
0.7222734689712524
0.5186561346054077
0.9413997530937195
0.49142518639564514
0.7179279923439026
0.9211066961288452
0.23705637454986572
0.3137529194355011
0.05120151862502098
0.534064531326294
0.532962441444397
0.05016826093196869
0.8342275023460388
0.8159374594688416
0.05109109729528427
0.734274685382843
0.8595172166824341
0.33599650859832764
0.340329110622406
0.35744693875312805
0.5453912615776062
0.8970617651939392
0.9133080840110779
0.9043682813644409
0.8313921093940735
0.09826653450727463
0.7993724346160889
0.1856842190027237
0.04034866765141487
0.584230363368988
0.4139552712440491
0.6596260070800781
0.34471195936203003
0.46599236130714417
0.8778722286224365
0.6580250263214111
0.7255308628082275
0.6858558654785156
0.9075469970703125
0.012978609651327133
0.6634236574172974
0.4807146191596985
0.9383131861686707
0.33527520298957825
0.2652536630630493
0.6615404486656189
0.2921178340911865
0.8240730166435242
0.7331226468086243
0.8161889314651489
0.6042571067810059
0.8946613073348999
0.8762571811676025
0.773776113986969
0.41795292496681213
0.38355377316474915
0.19874447584152222
0.16315795481204987
0.46939775347709656
0.4873853027820587
0.813754141330719
0.8412611484527588
0.7122701406478882
0.4044835567474365
0.6572713255882263
0.6388344764709473
0.3317834436893463
0.5055242776870728
0.9861107468605042
0.23211663961410522
0.913784384727478
0.22771163284778595
0.8785735368728638
0.031609561294317245
0.7471731901168823
0.2212929129600525
0.6496811509132385
0.21069692075252533
0.5253474116325378
0.9753690361976624
0.11722256988286972
0.9172054529190063
0.9866427183151245
0.6925036311149597
0.47333312034606934
0.7858178019523621
0.851321816444397
0.030975058674812317
0.2796236574649811
0.6778155565261841
0.3444626033306122
0.695517361164093
0.721377968788147
0.4349413514137268
0.4409683644771576
0.580815851688385
0.14785420894622803
0.972069501876831
0.3894311189651489
0.9760196805000305
0.36343786120414734
0.7190259695053101
0.18314984440803528
0.013892710208892822
0.9775912761688232
0.9555656909942627
0.13591957092285156
0.3899490237236023
0.27712482213974
0.14787182211875916
0.9103606939315796
0.011794264428317547
0.23943349719047546
0.5704404711723328
0.5898229479789734
0.6466578841209412
0.06780242919921875
0.8405358195304871
0.6550674438476562
0.3461088538169861
0.6570284962654114
0.6925017237663269
0.4351210296154022
0.33549922704696655
0.8712360262870789
0.4053901731967926
0.29795530438423157
0.25420814752578735
0.6114290356636047
0.3649490773677826
0.02007990889251232
0.20241358876228333
0.16720198094844818
0.24168960750102997
0.3389278054237366
0.7061495184898376
0.23494413495063782
0.9512388110160828
0.6425565481185913
0.7179118990898132
0.6419195532798767
0.7410430312156677
0.8824428915977478
0.11215301603078842
0.17084865272045135
0.39782506227493286
0.16605833172798157
0.42498040199279785
0.6256517171859741
0.43533989787101746
0.27414670586586
0.7850067615509033
0.48305606842041016
0.5055729746818542
0.3462638854980469
0.7658711671829224
0.23894569277763367
0.5880891680717468
0.30965495109558105
0.07995420694351196
0.09624813497066498
0.19655682146549225
0.9977743029594421
0.25011327862739563
0.6858397722244263
0.7761825919151306
0.05134040117263794
0.04729050025343895
0.18964806199073792
0.4736146628856659
0.5848217010498047
0.766556978225708
0.38258445262908936
0.5938946604728699
0.6433559060096741
0.7710854411125183
0.2888422906398773
0.17491884529590607
0.7370144128799438
0.13064920902252197
0.9692917466163635
0.38140106201171875
0.04777374491095543
0.9728450775146484
0.1220455914735794
0.3548167943954468
0.7353451251983643
0.06555953621864319
0.3825608789920807
0.9542478322982788
0.5728328227996826
0.10171478986740112
0.9583120346069336
0.2963341772556305
0.07351377606391907
0.8355758786201477
0.33158865571022034
0.6398346424102783
0.12696205079555511
0.8621645569801331
0.8492251634597778
0.5145916938781738
0.7437297105789185
0.626128613948822
0.9109702110290527
0.21878370642662048
0.7498891353607178
0.47687432169914246
0.5106084942817688
0.5764482617378235
0.506281852722168
0.33723539113998413
0.22898106276988983
0.7088106870651245
0.16182854771614075
0.9619279503822327
0.12669715285301208
0.8159760236740112
0.6241031289100647
0.5968734622001648
0.8786228895187378
0.6799851059913635
0.019314739853143692
0.37614330649375916
0.240406334400177
0.4276937246322632
0.16460245847702026
0.043472982943058014
0.9983302354812622
0.21179895102977753
0.14804485440254211
0.9232885241508484
0.1984645277261734
0.9451636672019958
0.3701013922691345
0.2896185517311096
0.8412348628044128
0.07524925470352173
0.43375083804130554
0.9733163714408875
0.13003025949001312
0.5417909026145935
0.7958325147628784
0.9025740623474121
0.9707249999046326
0.8343285322189331
0.518637478351593
0.5784382820129395
0.6185916066169739
0.4468497037887573
0.11209385097026825
0.5044969916343689
0.06643309444189072
0.9390600323677063
0.7824147343635559
0.2146519273519516
0.8782273530960083
0.27078765630722046
0.7640440464019775
0.772243082523346
0.8383228182792664
0.7288357019424438
0.7949927449226379
0.7562678456306458
0.0036917771212756634
0.2530982494354248
0.9941273331642151
0.045201778411865234
0.6773888468742371
0.2628880441188812
0.08346424996852875
0.6894953846931458
0.07539528608322144
0.6098169684410095
0.4511052072048187
0.4316571354866028
0.5373432636260986
0.5464891791343689
0.762301504611969
0.14337413012981415
0.374302476644516
0.6597249507904053
0.08506453782320023
0.089433953166008
0.3059346079826355
0.5286210775375366
0.7149083614349365
0.3394406735897064
0.9659489989280701
0.06367509812116623
0.6064587831497192
0.9956840872764587
0.5390390753746033
0.11106009781360626
0.5484706163406372
0.6952802538871765
0.2789408564567566
0.7607346177101135
0.6146122217178345
0.8858082890510559
0.23110204935073853
0.136137455701828
0.7656000256538391
0.1369752436876297
0.47676146030426025
0.27311214804649353
0.2657538652420044
0.8625642657279968
0.22235016524791718
0.8312901258468628
0.5963628888130188
0.2219487726688385
0.22476328909397125
0.1784372627735138
0.8616407513618469
0.9093133211135864
0.4202217757701874
0.9124224185943604
0.29355111718177795
0.2999250590801239
0.8070091009140015
0.6157958507537842
0.7114414572715759
0.3817223906517029
0.8737778067588806
0.3090110123157501
0.3733469247817993
0.6670097708702087
0.04583417624235153
0.17520920932292938
0.9685159921646118
0.07981017231941223
0.8820792436599731
0.4710046350955963
0.13530245423316956
0.22767387330532074
0.7334137558937073
0.39460742473602295
0.8484684824943542
0.6589689254760742
0.27970072627067566
0.2928859293460846
0.13439154624938965
0.11516326665878296
0.8907730579376221
0.6597488522529602
0.6043938398361206
0.10033982992172241
0.26420947909355164
0.3032621741294861
0.5361714959144592
0.9313109517097473
0.4476599395275116
0.2568930685520172
0.4479498565196991
0.27866196632385254
0.2590237259864807
0.20254918932914734
0.9507362246513367
0.18928325176239014
0.8686197996139526
0.4372667074203491
0.05517882853746414
0.018286267295479774
0.9055951833724976
0.3209201693534851
0.07307403534650803
0.14975127577781677
0.8463914394378662
0.6207104325294495
0.5200616121292114
0.18576931953430176
0.7799542546272278
0.314864844083786
0.2619575560092926
0.16758787631988525
0.9582149386405945
0.5709609985351562
0.030978821218013763
0.33021408319473267
0.307915061712265
0.6749178171157837
0.9286426901817322
0.11115093529224396
0.8805608153343201
0.23906323313713074
0.32495659589767456
0.6844933032989502
0.8359599113464355
0.5243660807609558
0.416703462600708
0.42791855335235596
0.347339004278183
0.4856172204017639
0.6133613586425781
0.7135733962059021
0.5203849077224731
0.1544841229915619
0.27629348635673523
0.5963761806488037
0.16092786192893982
0.21765249967575073
0.7169244885444641
0.09745137393474579
0.5561736822128296
0.810939371585846
0.7801135182380676
0.8437519073486328
0.504356324672699
0.9901239275932312
0.563120424747467
0.7100202441215515
0.9472203254699707
0.6036461591720581
0.9150474667549133
0.6059715151786804
0.3477599024772644
0.11637836694717407
0.6879343390464783
0.23636199533939362
0.10768051445484161
0.9356177449226379
0.7259882092475891
0.21754859387874603
0.3239591121673584
0.349221795797348
0.38682734966278076
0.28642737865448
0.010677535086870193
0.5508626103401184
0.7662398219108582
0.7082288861274719
0.8792435526847839
0.9131998419761658
0.40903738141059875
0.9252039194107056
0.5364779233932495
0.12112555652856827
0.6237668395042419
0.6321033239364624
0.8687673807144165
0.3627142012119293
0.8788586854934692
0.8943646550178528
0.7215480804443359
0.1331387162208557
0.39056625962257385
0.49049296975135803
0.6161507964134216
0.9959864616394043
0.6636847853660583
0.1920231580734253
0.3459239900112152
0.22493542730808258
0.6900094151496887
0.8262108564376831
0.5463916659355164
0.7608556747436523
0.32135656476020813
0.7761351466178894
0.06942863017320633
0.44173622131347656
0.9070208668708801
0.9240503907203674
0.8210756778717041
0.5894671678543091
0.884868323802948
0.7846972346305847
0.5235251188278198
0.3246583044528961
0.8058639764785767
0.34221187233924866
0.05526938661932945
0.4356590509414673
0.7336394786834717
0.05895886570215225
0.10870841145515442
0.590392529964447
0.7761123776435852
0.24013762176036835
0.020157836377620697
0.4052959382534027
0.7246108651161194
0.29959604144096375
0.2143217772245407
0.4916524887084961
0.6094121336936951
0.6774634122848511
0.026344047859311104
0.36951786279678345
0.6385404467582703
0.12851154804229736
0.9021082520484924
0.5539510250091553
0.802721381187439
0.2996208667755127
0.8718513250350952
0.13275869190692902
0.380847305059433
0.0036529938224703074
0.5143504738807678
0.5251756906509399
0.0927346721291542
0.48715242743492126
0.8985826373100281
0.48890891671180725
0.8118906021118164
0.45572391152381897
0.522315502166748
0.25899842381477356
0.37493887543678284
0.7191917896270752
0.4685733914375305
0.4008770287036896
0.23098567128181458
0.4972679615020752
0.5123950839042664
0.3546913266181946
0.6289559602737427
0.14927926659584045
0.5127832889556885
0.957590639591217
0.9365673065185547
0.021450068801641464
0.388252317905426
0.24841585755348206
0.5593971610069275
0.92280113697052
0.19555318355560303
0.04696820676326752
0.02966596931219101
0.5488977432250977
0.015310985036194324
0.08829066902399063
0.648289680480957
0.9653561115264893
0.6973984241485596
0.22125500440597534
0.5762810707092285
0.06553494185209274
0.6320351958274841
0.9024743437767029
0.7065049409866333
0.04087923839688301
0.5621747374534607
0.5492599606513977
0.9805667996406555
0.3020811080932617
0.6468374133110046
0.8126301765441895
0.29248228669166565
0.1374957114458084
0.3366878032684326
0.579149067401886
0.6749153733253479
0.7785446047782898
0.12212984263896942
0.42963969707489014
0.22686605155467987
0.3352007269859314
0.4274213910102844
0.8029593825340271
0.6291748881340027
0.3191295862197876
0.6963064074516296
0.320366770029068
0.7881467342376709
0.41099193692207336
0.3796919286251068
0.6094160676002502
0.10527937114238739
0.644822359085083
0.34309229254722595
0.36377453804016113
0.4022006094455719
0.9948245882987976
0.2870759069919586
0.25010576844215393
0.893204391002655
0.9148182272911072
0.25937309861183167
0.09648091346025467
0.9176968336105347
0.4236377477645874
0.5491524934768677
0.6491444706916809
0.21419626474380493
0.7780443429946899
0.8079563975334167
0.5148966908454895
0.027665916830301285
0.17944927513599396
0.32246312499046326
0.8346337080001831
0.8935291171073914
0.628906786441803
0.581983745098114
0.7182080745697021
0.9093953967094421
0.5448707342147827
0.4684878885746002
0.8897749781608582
0.9679698348045349
0.8772796392440796
0.18963457643985748
0.7189623713493347
0.3013344705104828
0.4418734610080719
0.9431847333908081
0.9858846068382263
0.3013431131839752
0.6958355903625488
0.2052372694015503
0.23921649158000946
0.31612300872802734
0.8888118267059326
0.6541866064071655
0.426047146320343
0.32225242257118225
0.4377734065055847
0.08629478514194489
0.85514235496521
0.3807169198989868
0.8508151769638062
0.1902029812335968
0.9375837445259094
0.5798145532608032
0.8933380842208862
0.7413299679756165
0.07766856253147125
0.32906970381736755
0.7159526348114014
0.48436421155929565
0.2369910031557083
0.868678629398346
0.022303501144051552
0.3685987889766693
0.34530189633369446
0.8185400366783142
0.08737300336360931
0.676213264465332
0.45200902223587036
0.6026878952980042
0.7525644898414612
0.46313899755477905
0.25552845001220703
0.4289052486419678
0.27292123436927795
0.4068984389305115
0.1957302689552307
0.2357627898454666
0.42328277230262756
0.3489674925804138
0.09629560261964798
0.4943375885486603
0.2987257242202759
0.7823787927627563
0.21350304782390594
0.046385813504457474
0.04964146018028259
0.0791172981262207
0.30552735924720764
0.05284649133682251
0.7172577381134033
0.04547605291008949
0.720657467842102
0.6317551732063293
0.29099348187446594
0.07888415455818176
0.5176814794540405
0.05585966631770134
0.9264114499092102
0.10555140674114227
0.9198684096336365
0.8778321743011475
0.6924513578414917
0.3427671194076538
0.85699862241745
0.6292970776557922
0.7084408402442932
0.0851488932967186
0.62137770652771
0.014589221216738224
0.5229425430297852
0.6754900217056274
0.6397222280502319
0.7836596369743347
0.9461817145347595
0.9323251843452454
0.09635546058416367
0.6333296298980713
0.05530831217765808
0.43716803193092346
0.7649216055870056
0.5495713949203491
0.8156452775001526
0.06603492051362991
0.7189841270446777
0.4606707990169525
0.8845763802528381
0.026233583688735962
0.6675219535827637
0.820294976234436
0.1693430244922638
0.50395667552948
0.3254617750644684
0.4806770384311676
0.6658660769462585
0.3199794888496399
0.4805619418621063
0.35319817066192627
0.06572701036930084
0.3841366469860077
0.7671111822128296
0.7232022881507874
0.3840293288230896
0.9391564726829529
0.9666448831558228
0.9413444995880127
0.40729430317878723
0.6318293809890747
0.5497326254844666
0.4294590950012207
0.8617835640907288
0.16254717111587524
0.7380133271217346
0.9247726202011108
0.1295444369316101
0.39932990074157715
0.8912840485572815
0.24559547007083893
0.8260000944137573
0.20568564534187317
0.8315763473510742
0.21188455820083618
0.5146260261535645
0.3771131932735443
0.0715336874127388
0.01588536612689495
0.33710190653800964
0.2940281331539154
0.5217105150222778
0.6000651717185974
0.7610687613487244
0.8403117656707764
0.5673831105232239
0.05180822312831879
0.2926143407821655
0.11966133862733841
0.6698331832885742
0.1754802018404007
0.6547344326972961
0.24466922879219055
0.6658136248588562
0.6963597536087036
0.17257021367549896
0.42060667276382446
0.8985069394111633
0.9949300289154053
0.5269072651863098
0.22503559291362762
0.4728977382183075
0.8022983074188232
0.7260494232177734
0.182256281375885
0.6026148796081543
0.7974949479103088
0.017689993605017662
0.1452849805355072
0.6033157706260681
0.7103136777877808
0.592572808265686
0.02246781811118126
0.9865495562553406
0.8134808540344238
0.37580543756484985
0.021455027163028717
0.7956534028053284
0.17595864832401276
0.7747343182563782
0.6506152153015137
0.2770868241786957
0.7477430105209351
0.008467476814985275
0.32704177498817444
0.8359184265136719
0.11368298530578613
0.09881207346916199
0.8390825986862183
0.15914051234722137
0.5286751389503479
0.990087628364563
0.47609424591064453
0.9503937363624573
0.9979009628295898
0.9173080921173096
0.15085460245609283
0.379555881023407
0.18450981378555298
0.9559203386306763
0.14913447201251984
0.8253509402275085
0.33007973432540894
0.25515076518058777
0.5826159119606018
0.2932296395301819
0.6902037262916565
0.5867407321929932
0.2677721679210663
0.6732472777366638
0.5908945202827454
0.3325534462928772
0.7198282480239868
0.25487658381462097
0.4520876705646515
0.43698441982269287
0.6488011479377747
0.4218958616256714
0.4365401864051819
0.27052563428878784
0.6367912292480469
0.9494054913520813
0.2638304829597473
0.5037171840667725
0.8696075081825256
0.6530418992042542
0.9255267381668091
0.6390098929405212
0.8392453193664551
0.9687643051147461
0.9600908756256104
0.6323482990264893
0.6578728556632996
0.3196122944355011
0.18808314204216003
0.22365769743919373
0.6968303918838501
0.5293923020362854
0.022950859740376472
0.7338883876800537
0.46763375401496887
0.3886858820915222
0.4983200430870056
0.15139466524124146
0.7853713631629944
0.9875389933586121
0.10085280239582062
0.6107469201087952
0.07775954157114029
0.48290571570396423
0.5129444599151611
0.4851771295070648
0.1159663200378418
0.3641557991504669
0.1120271161198616
0.887550413608551
0.002523251809179783
0.8939617872238159
0.8803739547729492
0.8769506216049194
0.35113540291786194
0.39735865592956543
0.7296252846717834
0.21116559207439423
0.710425615310669
0.950643002986908
0.3191518187522888
0.14542940258979797
0.02340414561331272
0.31485146284103394
0.6046129465103149
0.07444769889116287
0.6876955628395081
0.045767296105623245
0.027468742802739143
0.4928693473339081
0.6552473306655884
0.4047546088695526
0.1387166678905487
0.08132115751504898
0.15697833895683289
0.22847607731819153
0.6472870111465454
0.8460814356803894
0.41676566004753113
0.004500590264797211
0.8286707997322083
0.5676417350769043
0.4165504574775696
0.42904677987098694
0.648941695690155
0.04672073945403099
0.08680456131696701
0.9799020290374756
0.41434115171432495
0.20135651528835297
0.7089643478393555
0.5083807706832886
0.8280054330825806
0.749378502368927
0.2418047934770584
0.829606831073761
0.47676193714141846
0.030528564006090164
0.6696324348449707
0.9394180178642273
0.12605728209018707
0.7790582776069641
0.7826844453811646
0.2541593015193939
0.017678948119282722
0.9887677431106567
0.7125099301338196
0.6665465235710144
0.8595290184020996
0.4837443232536316
0.177293598651886
0.6441588401794434
0.3425077497959137
0.2869722545146942
0.6269477009773254
0.39151081442832947
0.6162349581718445
0.21473827958106995
0.8229419589042664
0.594325840473175
0.11537876725196838
0.27930814027786255
0.2572588324546814
0.2287319451570511
0.7097809314727783
0.6609318852424622
0.2991957366466522
0.8454262018203735
0.14989368617534637
0.6506845355033875
0.670989453792572
0.8744731545448303
0.9377360343933105
0.5222522616386414
0.07892552763223648
0.14103510975837708
0.9001547694206238
0.9729703664779663
0.16916365921497345
0.4941166639328003
0.29512548446655273
0.6725720167160034
0.056361936032772064
0.9537121653556824
0.15020067989826202
0.6263085603713989
0.07424382120370865
0.9821642637252808
0.713169276714325
0.6375808715820312
0.7389373779296875
0.6345402598381042
0.7056292295455933
0.3195745050907135
0.24790121614933014
0.9138940572738647
0.6481142044067383
0.15023885667324066
0.2192874401807785
0.07139892876148224
0.9223747849464417
0.6055166721343994
0.8684628009796143
0.980032742023468
0.4051978886127472
0.7657192945480347
0.6963167190551758
0.9533388614654541
0.7932824492454529
0.10959727317094803
0.25859493017196655
0.8213942646980286
0.9034366607666016
0.8759872913360596
0.8399791121482849
0.5513527393341064
0.7346450686454773
0.24583829939365387
0.8954171538352966
0.10637416690587997
0.8987839221954346
0.8953800797462463
0.435771107673645
0.24647071957588196
0.13506793975830078
0.8829780220985413
0.5490781664848328
0.8850186467170715
0.3151772618293762
0.19254650175571442
0.04040420055389404
0.8614014387130737
0.7247956395149231
0.900303304195404
0.2528963088989258
0.4256976544857025
0.8110718727111816
0.570584237575531
0.8090505599975586
0.48145702481269836
0.8758821487426758
0.7114869356155396
0.009396658279001713
0.8337061405181885
0.6019241809844971
0.8199502229690552
0.6170722842216492
0.4135468304157257
0.1645740568637848
0.44974133372306824
0.330363005399704
0.7754405736923218
0.6005973815917969
0.0509541779756546
0.6359933018684387
0.7371395826339722
0.6428331732749939
0.41619452834129333
0.997460126876831
0.1121126264333725
0.9227615594863892
0.4583231210708618
0.11845499277114868
0.8817939758300781
0.21126484870910645
0.49771788716316223
0.7014475464820862
0.11723572015762329
0.5093787312507629
0.2006479650735855
0.12479463219642639
0.6242724061012268
0.9090564846992493
0.022296274080872536
0.052269868552684784
0.4366753399372101
0.9560596346855164
0.6068522930145264
0.435435026884079
0.8883015513420105
0.933669924736023
0.2591021656990051
0.6713802814483643
0.6714307069778442
0.9581809639930725
0.5637972950935364
0.3671908676624298
0.7243649363517761
0.0069222780875861645
0.9621520638465881
0.3244091868400574
0.7530668377876282
0.750418484210968
0.061470963060855865
0.6960634589195251
0.6318072080612183
0.10523151606321335
0.7845003008842468
0.42124515771865845
0.5567702054977417
0.7357540726661682
0.5941877961158752
0.8601827025413513
0.5102072954177856
0.8832892775535583
0.6303436756134033
0.7917003631591797
0.7520344853401184
0.3398478031158447
0.41106978058815
0.7231519222259521
0.4758946895599365
0.20112480223178864
0.9984151124954224
0.5155652761459351
0.7243757843971252
0.9219648838043213
0.5255922675132751
0.3233323097229004
0.16386568546295166
0.3292315602302551
0.20870055258274078
0.7015123963356018
0.8161107897758484
0.09483959525823593
0.14598266780376434
0.04675624519586563
0.6474295854568481
0.7070194482803345
0.34720736742019653
0.21995605528354645
0.8403738141059875
0.5728626251220703
0.7250821590423584
0.07070384174585342
0.11694127321243286
0.9543702006340027
0.12142766267061234
0.8465509414672852
0.857976496219635
0.4765511155128479
0.8158080577850342
0.6810450553894043
0.4667026102542877
0.19182956218719482
0.1405712515115738
0.6974785923957825
0.8937498927116394
0.9687010049819946
0.27274206280708313
0.9319350123405457
0.2569875717163086
0.7140210866928101
0.5788722634315491
0.24721774458885193
0.8754496574401855
0.04653016850352287
0.04317691922187805
0.9897562861442566
0.48630860447883606
0.9190224409103394
0.9271687865257263
0.16858291625976562
0.7302241325378418
0.9440568089485168
0.4437284469604492
0.8298763632774353
0.18181125819683075
0.5917446613311768
0.5337817668914795
0.3291727602481842
0.3536930978298187
0.4116889238357544
0.12277892976999283
0.3905992805957794
0.09210967272520065
0.5144555568695068
0.8661512136459351
0.5827029347419739
0.5561199188232422
0.22033311426639557
0.7730703353881836
0.13835200667381287
0.753318190574646
0.8954368233680725
0.5764408707618713
0.4354938268661499
0.9513185024261475
0.9144625663757324
0.9154767394065857
0.3792634904384613
0.4869905412197113
0.9389232993125916
0.0793783888220787
0.08813674747943878
0.7888767719268799
0.3255375921726227
0.514564573764801
0.3652827739715576
0.15585565567016602
0.36315062642097473
0.061052221804857254
0.5695505142211914
0.23456275463104248
0.6299040913581848
0.6982391476631165
0.8446104526519775
0.9368876814842224
0.05700123310089111
0.21321797370910645
0.2791506052017212
0.5316562056541443
0.4343003034591675
0.20682282745838165
0.8216235041618347
0.9195422530174255
0.3297043442726135
0.2151302844285965
0.016851047053933144
0.5760533213615417
0.8731716871261597
0.25217410922050476
0.7941738367080688
0.6189079284667969
0.8638188242912292
0.9678049683570862
0.5574285984039307
0.35859808325767517
0.01196945272386074
0.9318975210189819
0.30627429485321045
0.923325777053833
0.21589790284633636
0.08436769992113113
0.7155895829200745
0.8976273536682129
0.19803737103939056
0.8418213129043579
0.14783786237239838
0.05120886489748955
0.29574477672576904
0.06596752256155014
0.8912613391876221
0.9010411500930786
0.8973140716552734
0.680027961730957
0.39720726013183594
0.9870100021362305
0.2523505985736847
0.9194736480712891
0.5106791257858276
0.09311112016439438
0.8988329172134399
0.616399884223938
0.09749839454889297
0.8290250897407532
0.1518348604440689
0.7228294610977173
0.603206992149353
0.9476001858711243
0.8643711805343628
0.6798948645591736
0.4898538291454315
0.5315488576889038
0.44969597458839417
0.3033903241157532
0.5123507976531982
0.7359613180160522
0.7509860396385193
0.017333345487713814
0.3351038098335266
0.42272713780403137
0.21968631446361542
0.008092422969639301
0.9216101765632629
0.27642104029655457
0.6303355693817139
0.5924144387245178
0.9556605815887451
0.17886370420455933
0.18497326970100403
0.6190727353096008
0.4000355899333954
0.6633970737457275
0.5769798755645752
0.9138035774230957
0.1287209540605545
0.009230758994817734
0.5637202262878418
0.946069061756134
0.11954646557569504
0.6227191686630249
0.524522602558136
0.6689814329147339
0.2850230634212494
0.88797527551651
0.3270467519760132
0.3575246036052704
0.8568556308746338
0.8874281048774719
0.5869669914245605
0.0008721906342543662
0.2911832928657532
0.6587937474250793
0.36255887150764465
0.04764522239565849
0.17896012961864471
0.6465856432914734
0.6308666467666626
0.9079716205596924
0.036419179290533066
0.8890158534049988
0.8951765298843384
0.6930297017097473
0.9931224584579468
0.9658571481704712
0.5301949381828308
0.46371981501579285
0.14675170183181763
0.7467700242996216
0.4000195860862732
0.05876794829964638
0.4264853894710541
0.37633585929870605
0.48834529519081116
0.4217202365398407
0.3526013493537903
0.8919581174850464
0.2956211566925049
0.34045153856277466
0.27690064907073975
0.7588968276977539
0.8091458082199097
0.7671843767166138
0.5362898111343384
0.3793752193450928
0.039168860763311386
0.4396791458129883
0.6764644384384155
0.6339060068130493
0.6718539595603943
0.09329377859830856
0.30409008264541626
0.28614193201065063
0.0285053551197052
0.04122282937169075
0.26344481110572815
0.6998724937438965
0.4036614000797272
0.4613582491874695
0.9570147395133972
0.05683887377381325
0.16084769368171692
0.34549978375434875
0.25085213780403137
0.13580560684204102
0.9809145331382751
0.5495825409889221
0.07015816122293472
0.40397799015045166
0.374415785074234
0.40415921807289124
0.4327889680862427
0.03095213882625103
0.23719845712184906
0.15129996836185455
0.7335125207901001
0.07327958941459656
0.18391157686710358
0.7941530346870422
0.20539763569831848
0.14698442816734314
0.6458610892295837
0.5630003213882446
0.46584805846214294
0.8205748200416565
0.296406090259552
0.021753516048192978
0.8916255235671997
0.8236578702926636
0.7626469731330872
0.44960087537765503
0.7647726535797119
0.02270706184208393
0.6682056188583374
0.18756327033042908
0.3454413414001465
0.7081475853919983
0.759407639503479
0.49751293659210205
0.6867877840995789
0.9129002690315247
0.1160784587264061
0.5779092907905579
0.2564292550086975
0.8422393798828125
0.9962559342384338
0.11644135415554047
0.509052574634552
0.06467080861330032
0.04039544239640236
0.11648213118314743
0.07986237108707428
0.3514541983604431
0.5269626379013062
0.8741936087608337
0.21072088181972504
0.4443635940551758
0.10337646305561066
0.665004551410675
0.4327557682991028
0.7441964745521545
0.7388393878936768
0.7909868955612183
0.5970715284347534
0.5452536940574646
0.29396042227745056
0.7229781746864319
0.5156330466270447
0.00031987973488867283
0.9676986336708069
0.7417887449264526
0.020876916125416756
0.7783108353614807
0.7538259625434875
0.00877449382096529
0.3249718248844147
0.7045593857765198
0.9200637936592102
0.6224090456962585
0.9768100380897522
0.39781633019447327
0.49497324228286743
0.2583867013454437
0.5175497531890869
0.023490753024816513
0.5314656496047974
0.7750371098518372
0.9303300380706787
0.5435531139373779
0.9384812116622925
0.09589685499668121
0.749687135219574
0.7837594747543335
0.7856783270835876
0.42612674832344055
0.8746976852416992
0.4654991626739502
0.6963974237442017
0.009272021241486073
0.007764399517327547
0.5623923540115356
0.6352050304412842
0.7969771027565002
0.41513383388519287
0.31753188371658325
0.9927012324333191
0.9053328633308411
0.0065980758517980576
0.6121094226837158
0.639755129814148
0.9922898411750793
0.4324817359447479
0.5067682862281799
0.0650063082575798
0.041347187012434006
0.31487298011779785
0.8106810450553894
0.22600965201854706
0.02596786618232727
0.45030757784843445
0.5402188897132874
0.5535950660705566
0.4526187777519226
0.9362459778785706
0.2341066300868988
0.4026484191417694
0.25502052903175354
0.44165101647377014
0.24815700948238373
0.011995191685855389
0.9741167426109314
0.8417667746543884
0.31070247292518616
0.3669775128364563
0.8389365673065186
0.9165812730789185
0.5025180578231812
0.2470448762178421
0.9017335772514343
0.6141442060470581
0.13603538274765015
0.233613982796669
0.9464865326881409
0.5944608449935913
0.8060920834541321
0.247219517827034
0.4417019784450531
0.8995525240898132
0.5185807943344116
0.9675372242927551
0.7518219947814941
0.23189307749271393
0.9076269268989563
0.7801342606544495
0.21327713131904602
0.3998605012893677
0.005318283103406429
0.7176710963249207
0.8921259641647339
0.8623142838478088
0.12990333139896393
0.1850765198469162
0.6910512447357178
0.8959904313087463
0.6209830641746521
0.7441950440406799
0.10444121062755585
0.9850213527679443
0.2747986316680908
0.5365248322486877
0.139345183968544
0.3684447109699249
0.9466046690940857
0.35057857632637024
0.8194655179977417
0.2841061055660248
0.4677366316318512
0.20950178802013397
0.7560440897941589
0.9511255621910095
0.9929943084716797
0.2342473566532135
0.18074065446853638
0.5077617168426514
0.24463357031345367
0.18798938393592834
0.43521079421043396
0.07258667051792145
0.07180527597665787
0.02381417527794838
0.02723517268896103
0.8134268522262573
0.6036554574966431
0.9245891571044922
0.670108437538147
0.23229429125785828
0.93994140625
0.27265796065330505
0.2886572480201721
0.8467608094215393
0.6588709950447083
0.6718305349349976
0.14841629564762115
0.24091047048568726
0.1676134318113327
0.9962616562843323
0.6301931142807007
0.8595946431159973
0.4843505322933197
0.022240551188588142
0.3678065538406372
0.6584317684173584
0.6366199851036072
0.892412543296814
0.008535212837159634
0.999045193195343
0.7657535076141357
0.5329483151435852
0.1577884703874588
0.6671321988105774
0.5518600940704346
0.13124939799308777
0.06606820225715637
0.5906604528427124
0.3620731830596924
0.10794465988874435
0.5745964050292969
0.9320886731147766
0.6363052725791931
0.4814995527267456
0.6077559590339661
0.7770792245864868
0.16198478639125824
0.6750403046607971
0.2888554334640503
0.35472697019577026
0.6594969034194946
0.41082563996315
0.9511635899543762
0.5211449861526489
0.49757495522499084
0.841280460357666
0.8508884906768799
0.10737533122301102
0.9658920168876648
0.7282139658927917
0.41557976603507996
0.45735034346580505
0.4569352865219116
0.14093132317066193
0.30501821637153625
0.4260435104370117
0.4744718670845032
0.2497991919517517
0.4301382005214691
0.9512069821357727
0.5201911330223083
0.9453443288803101
0.5145905613899231
0.0936182290315628
0.7535345554351807
0.15450644493103027
0.8454671502113342
0.2798002064228058
0.37217095494270325
0.30858010053634644
0.09935718029737473
0.4278482496738434
0.36959555745124817
0.9585554599761963
0.9821471571922302
0.8804134130477905
0.506663978099823
0.8757953643798828
0.47836247086524963
0.747122049331665
0.06142260506749153
0.027258172631263733
0.8634246587753296
0.8690583109855652
0.026479670777916908
0.21680858731269836
0.7760567665100098
0.5173846483230591
0.8516182899475098
0.7989304065704346
0.9868123531341553
0.9316197037696838
0.9468433856964111
0.01302235759794712
0.3153477907180786
0.28792864084243774
0.38979771733283997
0.5164732933044434
0.9547078609466553
0.8788191080093384
0.6996107697486877
0.6082773208618164
0.04024987295269966
0.4827982485294342
0.6989543437957764
0.8640434741973877
0.32144850492477417
0.20251910388469696
0.022191978991031647
0.46420615911483765
0.9512761831283569
0.5357034206390381
0.6476275324821472
0.8902634978294373
0.9632736444473267
0.8025881052017212
0.18001756072044373
0.7673609852790833
0.8289694786071777
0.16223306953907013
0.0688224732875824
0.6652065515518188
0.2595851719379425
0.4812968671321869
0.42548176646232605
0.2828601896762848
0.4951501190662384
0.6818932294845581
0.898521900177002
0.778335690498352
0.39234450459480286
0.33531928062438965
0.36879611015319824
0.19180892407894135
0.4749665856361389
0.00790401455014944
0.2882765829563141
0.3972526788711548
0.49095621705055237
0.4123689532279968
0.851402759552002
0.03515709564089775
0.7108238935470581
0.25742074847221375
0.9202806353569031
0.8368620872497559
0.3516027629375458
0.2817343771457672
0.1992693394422531
0.2472429722547531
0.8377677798271179
0.18135128915309906
0.8407178521156311
0.18019317090511322
0.5943066477775574
0.06093288213014603
0.8389893174171448
0.699040949344635
0.005156811326742172
0.3894054591655731
0.9459839463233948
0.5262461304664612
0.20207399129867554
0.007688280660659075
0.5990827083587646
0.7847094535827637
0.20534072816371918
0.9041464924812317
0.3972208797931671
0.5585297346115112
0.35572144389152527
0.45883774757385254
0.8325200080871582
0.7486082911491394
0.9205268621444702
0.4409278333187103
0.3056710362434387
0.7436655759811401
0.784030556678772
0.44108185172080994
0.9507309794425964
0.8802259564399719
0.6082508563995361
0.03651527687907219
0.3090074360370636
0.7449138760566711
0.9186400771141052
0.9865798354148865
0.6061275005340576
0.6739373207092285
0.3000927269458771
0.8525821566581726
0.9454603791236877
0.09708970040082932
0.6422661542892456
0.3823128938674927
0.5082759857177734
0.44784215092658997
0.8122546672821045
0.8916706442832947
0.817044198513031
0.16622315347194672
0.16975076496601105
0.4570961892604828
0.9498323798179626
0.15464246273040771
0.7272497415542603
0.5037406086921692
0.52821946144104
0.5317026972770691
0.27556121349334717
0.054620835930109024
0.526271641254425
0.41119539737701416
0.7223935723304749
0.1221638098359108
0.047677505761384964
0.12055309861898422
0.4980814754962921
0.4595504105091095
0.16908720135688782
0.46271875500679016
0.6337727904319763
0.655762255191803
0.7702745795249939
0.481554239988327
0.06610621511936188
0.20400060713291168
0.42216938734054565
0.5949501991271973
0.5444861054420471
0.8652676939964294
0.6534795761108398
0.6050518751144409
0.04142361134290695
0.08736147731542587
0.4158124029636383
0.964390218257904
0.06817906349897385
0.7900625467300415
0.7094810605049133
0.31627222895622253
0.6096908450126648
0.29136353731155396
0.4043787121772766
0.9272589683532715
0.8140846490859985
0.7841084003448486
0.5506815314292908
0.8695197105407715
0.9276024699211121
0.7121484279632568
0.23703229427337646
0.8375073671340942
0.6248752474784851
0.4612807035446167
0.022776933386921883
0.8478659391403198
0.5383373498916626
0.5786531567573547
0.7064576148986816
0.978212833404541
0.6698793172836304
0.6029083132743835
0.30568867921829224
0.8300572037696838
0.9859737753868103
0.48340630531311035
0.9017186760902405
0.7454097867012024
0.44815370440483093
0.7737779021263123
0.398002028465271
0.4561353921890259
0.4260786473751068
0.8008411526679993
0.7061997056007385
0.8573656678199768
0.9066280722618103
0.25491032004356384
0.11698209494352341
0.27026256918907166
0.28559091687202454
0.8408929109573364
0.355324923992157
0.5620691180229187
0.8177585005760193
0.988378643989563
0.9098316431045532
0.7076742649078369
0.7293127775192261
0.6312326788902283
0.9965793490409851
0.7918447256088257
0.3323676884174347
0.05231519415974617
0.19223017990589142
0.853066623210907
0.3938950002193451
0.7420493960380554
0.8890888690948486
0.734967827796936
0.811533510684967
0.7299715280532837
0.7139892578125
0.5961791276931763
0.9926484823226929
0.9252597689628601
0.9570515155792236
0.8336987495422363
0.021975044161081314
0.8862190246582031
0.2867663502693176
0.43702754378318787
0.5603998899459839
0.037520553916692734
0.38443848490715027
0.10285551100969315
0.46420010924339294
0.7176691889762878
0.989811360836029
0.0699339434504509
0.5997541546821594
0.5611081123352051
0.6860058307647705
0.9535470604896545
0.6779553294181824
0.8064672946929932
0.9027327299118042
0.030936483293771744
0.5820740461349487
0.5528953075408936
0.5026113390922546
0.4561508297920227
0.1940397322177887
0.6563243865966797
0.14695143699645996
0.939908504486084
0.8509669303894043
0.5507173538208008
0.23204675316810608
0.7736799120903015
0.8773719072341919
0.6052662134170532
0.4907578229904175
0.9718567728996277
0.9177067875862122
0.3537794351577759
0.41799530386924744
0.8751319050788879
0.08689888566732407
0.9585627913475037
0.8809410333633423
0.5179104208946228
0.5456355810165405
0.9187492728233337
0.6833882927894592
0.6633052229881287
0.3565123677253723
0.4099492132663727
0.010780863463878632
0.3265773057937622
0.4078991115093231
0.5665854811668396
0.15316608548164368
0.648247480392456
0.7069990038871765
0.8670160174369812
0.6093508005142212
0.8201403617858887
0.5877212882041931
0.5791193842887878
0.33283451199531555
0.4821295738220215
0.3454996943473816
0.9606168270111084
0.6824133992195129
0.4801085591316223
0.08622296899557114
0.8184509873390198
0.1255040466785431
0.011170347221195698
0.5348584055900574
0.8505269289016724
0.5268576145172119
0.37552785873413086
0.5763402581214905
0.3647255599498749
0.16494861245155334
0.5989299416542053
0.4718362092971802
0.5964824557304382
0.051770951598882675
0.8580632209777832
0.49957191944122314
0.6943102478981018
0.05578547716140747
0.39065057039260864
0.5341468453407288
0.08895213156938553
0.8960279226303101
0.2819354236125946
0.3938450813293457
0.7684385180473328
0.09540875256061554
0.5394350290298462
0.3214539885520935
0.9758777022361755
0.5312769412994385
0.20876675844192505
0.35474905371665955
0.4528728127479553
0.4770769774913788
0.993678629398346
0.3645705282688141
0.9509801864624023
0.3278881013393402
0.651594340801239
0.36678561568260193
0.8696357011795044
0.8534530997276306
0.5915234088897705
0.6377087235450745
0.24108515679836273
0.6575453281402588
0.8164351582527161
0.4902481138706207
0.4980313777923584
0.7624834179878235
0.1255323439836502
0.02777843177318573
0.9634822607040405
0.23888380825519562
0.4894869029521942
0.8897663950920105
0.5116704106330872
0.16516660153865814
0.3454057574272156
0.9758058786392212
0.6733195781707764
0.8360224366188049
0.7032497525215149
0.2534022033214569
0.20131535828113556
0.37480419874191284
0.3234995901584625
0.43090081214904785
0.3121702969074249
0.7198017835617065
0.23076260089874268
0.025224074721336365
0.9563273787498474
0.8626493811607361
0.11495723575353622
0.4335330128669739
0.9665698409080505
0.0879867672920227
0.38221144676208496
0.15207096934318542
0.740872323513031
0.3803979158401489
0.4348370134830475
0.8797666430473328
0.9403089284896851
0.564398467540741
0.7826574444770813
0.32775503396987915
0.6257944107055664
0.7636883854866028
0.853959858417511
0.650529682636261
0.018076853826642036
0.8415244221687317
0.5327484011650085
0.6667790412902832
0.07388965040445328
0.3644789159297943
0.4824379086494446
0.44041159749031067
0.2538670599460602
0.0178955290466547
0.5415012836456299
0.8951879143714905
0.8691279888153076
0.4003957509994507
0.4961341917514801
0.4703170955181122
0.7619781494140625
0.26851585507392883
0.04235466942191124
0.9605399966239929
0.8276716470718384
0.8246278762817383
0.2123478502035141
0.3496839702129364
0.8615341186523438
0.35302209854125977
0.5961401462554932
0.5152814984321594
0.3846080005168915
0.34569165110588074
0.061811141669750214
0.7943533062934875
0.6374277472496033
0.7033102512359619
0.08964040875434875
0.3241644501686096
0.9065433740615845
0.9250580668449402
0.13038241863250732
0.03648429736495018
0.06921401619911194
0.8803924322128296
0.6449933052062988
0.15145908296108246
0.06436046212911606
0.20191287994384766
0.9093751907348633
0.6940920352935791
0.9526187181472778
0.3425021767616272
0.7931031584739685
0.9136878252029419
0.33758220076560974
0.7512716054916382
0.6835605502128601
0.44687017798423767
0.06464982777833939
0.9693033695220947
0.13288173079490662
0.328731894493103
0.40326792001724243
0.35507214069366455
0.9240522384643555
0.9656718373298645
0.8242945075035095
0.3404943346977234
0.2770441174507141
0.7991179823875427
0.37730923295021057
0.8347088694572449
0.4337378442287445
0.40599167346954346
0.7247393727302551
0.39564478397369385
0.7151416540145874
0.599194347858429
0.41972464323043823
0.9758234620094299
0.5074924230575562
0.2071610391139984
0.9866881370544434
0.27512386441230774
0.7337145209312439
0.14158616960048676
0.4790131747722626
0.8462097644805908
0.9638117551803589
0.7598256468772888
0.7050861120223999
0.3125399351119995
0.4127746820449829
0.5682361125946045
0.8892955183982849
0.5415723323822021
0.518582284450531
0.2835085391998291
0.8306087851524353
0.4066492021083832
0.37628915905952454
0.834014892578125
0.6712063550949097
0.5948938727378845
0.7192663550376892
0.19554215669631958
0.5005083084106445
0.6650208830833435
0.9326092600822449
0.5974130630493164
0.010601029731333256
0.16886010766029358
0.10997901111841202
0.3108958601951599
0.7229551672935486
0.9598007202148438
0.2970874607563019
0.5892620086669922
0.5504335761070251
0.08412469178438187
0.3106660544872284
0.7314571738243103
0.3002634644508362
0.8676118850708008
0.8521445393562317
0.18606171011924744
0.3057568669319153
0.9881088137626648
0.1839558333158493
0.5485425591468811
0.882526695728302
0.38073939085006714
0.5801298022270203
0.6011970639228821
0.807790994644165
0.3569139838218689
0.5265500545501709
0.8236323595046997
0.20567657053470612
0.3396037817001343
0.7279454469680786
0.293824166059494
0.5317789316177368
0.7743726372718811
0.3909286856651306
0.09188464283943176
0.45627015829086304
0.7283676862716675
0.09238909184932709
0.8890703916549683
0.4742070436477661
0.6231927871704102
0.0011564191663637757
0.622316837310791
0.25139185786247253
0.14176872372627258
0.8276374340057373
0.6521893739700317
0.5245051980018616
0.7994524836540222
0.64784836769104
0.6060202717781067
0.20332546532154083
0.6675961017608643
0.7118011116981506
0.7721568942070007
0.799025297164917
0.34196117520332336
0.32351452112197876
0.5456457734107971
0.9414396286010742
0.7459901571273804
0.8830007314682007
0.7810895442962646
0.951770544052124
0.8819213509559631
0.6886894702911377
0.30318522453308105
0.42700496315956116
0.1437072604894638
0.7935046553611755
0.4935164153575897
0.14530955255031586
0.04755260422825813
0.5365763306617737
0.9767702221870422
0.7828609347343445
0.7738043069839478
0.31518399715423584
0.3473764955997467
0.4464944303035736
0.712377667427063
0.33710357546806335
0.8750354647636414
0.5926284790039062
0.14199282228946686
0.2795393466949463
0.7949979901313782
0.7039511799812317
0.6944106817245483
0.22502614557743073
0.7972922921180725
0.03664997220039368
0.7899770736694336
0.44966545701026917
0.025907225906848907
0.720305323600769
0.1487298607826233
0.2627536654472351
0.8584240078926086
0.059322189539670944
0.4776383638381958
0.2418736219406128
0.014922869391739368
0.6764957904815674
0.3450164794921875
0.24640701711177826
0.6335141062736511
0.3912647068500519
0.5139263272285461
0.9372883439064026
0.5087065696716309
0.8671888113021851
0.23350101709365845
0.07285211980342865
0.9535655975341797
0.1166141927242279
0.46977806091308594
0.5152260661125183
0.3569178283214569
0.565944492816925
0.8965819478034973
0.4946046471595764
0.948858380317688
0.2511499524116516
0.6643432378768921
0.7027344703674316
0.8881235718727112
0.49686941504478455
0.41394177079200745
0.3822402358055115
0.39592018723487854
0.1185939833521843
0.502425491809845
0.9035289287567139
0.5289953351020813
0.7193893194198608
0.29260876774787903
0.3451176881790161
0.9425300359725952
0.58042311668396
0.7043481469154358
0.12133195251226425
0.668222963809967
0.04481177404522896
0.10768499970436096
0.10969263315200806
0.7670942544937134
0.7516111731529236
0.7118929624557495
0.6469728350639343
0.060080479830503464
0.9671463370323181
0.6550319194793701
0.6227251291275024
0.4391862154006958
0.6804229021072388
0.2329486906528473
0.49004581570625305
0.7072206735610962
0.2753910720348358
0.7126110792160034
0.17692121863365173
0.16514253616333008
0.4431907832622528
0.29232507944107056
0.5456007719039917
3.919251867046114e-06
0.6296009421348572
0.2215409129858017
0.7174627780914307
0.9033889174461365
0.6158904433250427
0.8146657347679138
0.7400005459785461
0.3084072470664978
0.6976933479309082
0.907801628112793
0.24192814528942108
0.4085713028907776
0.8603984117507935
0.0453682616353035
0.5349698066711426
0.5977808833122253
0.09983467310667038
0.4896340072154999
0.832186758518219
0.2905206084251404
0.4770200252532959
0.7460668683052063
0.8872467279434204
0.48144930601119995
0.6875532269477844
0.8788518309593201
0.561028003692627
0.5402151942253113
0.3279842138290405
0.637118935585022
0.2290906012058258
0.9659833312034607
0.9118581414222717
0.14502424001693726
0.038695551455020905
0.3253272473812103
0.8000295758247375
0.0156495850533247
0.1794660985469818
0.498064786195755
0.31286150217056274
0.11530935019254684
0.8956265449523926
0.40444236993789673
0.733601450920105
0.6861681938171387
0.8804370164871216
0.3173001706600189
0.8849742412567139
0.14887410402297974
0.9505889415740967
0.4586145281791687
0.5844795107841492
0.24849781394004822
0.3851594626903534
0.44932594895362854
0.4503188133239746
0.2788335680961609
0.9663766622543335
0.5166492462158203
0.21435458958148956
0.1351170390844345
0.9085431694984436
0.1051846444606781
0.10209167003631592
0.4533316493034363
0.22290301322937012
0.6793978810310364
0.5141651630401611
0.3599299192428589
0.5866857767105103
0.39927998185157776
0.8438148498535156
0.3203943073749542
0.8303239941596985
0.8032186031341553
0.3684875965118408
0.6676982641220093
0.4360414147377014
0.4067172110080719
0.9390391111373901
0.019327286630868912
0.23431865870952606
0.7524122595787048
0.5311241149902344
0.2030889242887497
0.9864519834518433
0.930634081363678
0.1086602732539177
0.4565500020980835
0.15265466272830963
0.6213317513465881
0.53029465675354
0.792113184928894
0.5524104833602905
0.3329232633113861
0.8271970748901367
0.1708119660615921
0.6597051024436951
0.07325223833322525
0.9362043142318726
0.13042882084846497
0.5841449499130249
0.6253297328948975
0.8036268949508667
0.057745397090911865
0.24541078507900238
0.0020501771941781044
0.9008075594902039
0.4988318681716919
0.2614423334598541
0.47951558232307434
0.7167831063270569
0.3339613974094391
0.388494610786438
0.09007303416728973
0.9237444996833801
0.7914246916770935
0.8248336911201477
0.797650158405304
0.9915720224380493
0.7823455929756165
0.06587912142276764
0.7319565415382385
0.8684208989143372
0.15593251585960388
0.04668307304382324
0.9161211252212524
0.6788443922996521
0.6594378352165222
0.666270911693573
0.7043193578720093
0.12453066557645798
0.5315235257148743
0.6000005006790161
0.46383073925971985
0.3503190577030182
0.8425328731536865
0.19635237753391266
0.22554278373718262
0.9082606434822083
0.6830319762229919
0.8132099509239197
0.6529033780097961
0.43691590428352356
0.6968622803688049
0.33867570757865906
0.6529869437217712
0.17480821907520294
0.33357754349708557
0.03302305191755295
0.14784829318523407
0.3362388014793396
0.3198069930076599
0.5265205502510071
0.4770509898662567
0.9028208255767822
0.030778517946600914
0.5169639587402344
0.003691242542117834
0.33682554960250854
0.829738974571228
0.1467583328485489
0.08661626279354095
0.5568147897720337
0.00513004744425416
0.8600658178329468
0.3173947036266327
0.13575470447540283
0.6126214861869812
0.702935516834259
0.8763464093208313
0.45728516578674316
0.6656216979026794
0.008849096484482288
0.7652010917663574
0.8797469735145569
0.7938151359558105
0.9805660247802734
0.1841772496700287
0.3759900629520416
0.07165654003620148
0.9996844530105591
0.9157884120941162
0.8060013055801392
0.20819926261901855
0.5781625509262085
0.8033410310745239
0.9041799902915955
0.33100244402885437
0.7466304302215576
0.8835557103157043
0.7694501280784607
0.17107582092285156
0.8297281861305237
0.25426584482192993
0.44221532344818115
0.5603576302528381
0.07247821241617203
0.8466599583625793
0.21861156821250916
0.8712939023971558
0.6908214688301086
0.7676079869270325
0.02607717551290989
0.20765818655490875
0.30923810601234436
0.3075006604194641
0.926449716091156
0.6472878456115723
0.49312347173690796
0.4258711040019989
0.7111895084381104
0.34883013367652893
0.5630267262458801
0.5917897820472717
0.753534734249115
0.18593083322048187
0.17948788404464722
0.38630935549736023
0.5905957221984863
0.22768700122833252
0.5365502238273621
0.4994659721851349
0.8644195199012756
0.8795579075813293
0.8285872340202332
0.2635841369628906
0.413006991147995
0.5033138394355774
0.6170961260795593
0.058562710881233215
0.020581262186169624
0.2937251031398773
0.23506903648376465
0.16362938284873962
0.736650824546814
0.919167160987854
0.9598053097724915
0.8053568005561829
0.0622599795460701
0.2694636285305023
0.43801385164260864
0.6950831413269043
0.13896416127681732
0.05955444648861885
0.6860727071762085
0.996195912361145
0.8948933482170105
0.84013831615448
0.13697096705436707
0.07523047178983688
0.9389438629150391
0.2607279419898987
0.8479114174842834
0.7675006985664368
0.9725434184074402
0.9854188561439514
0.29659661650657654
0.6787021160125732
0.4487505853176117
0.8614295125007629
0.007981882430613041
0.2720564603805542
0.3236631453037262
0.6829822659492493
0.43116432428359985
0.9784783720970154
0.9501374363899231
0.5447233319282532
0.5724124312400818
0.004995770752429962
0.2671319842338562
0.959035336971283
0.9434404969215393
0.1670038402080536
0.16477254033088684
0.35163819789886475
0.6812598705291748
0.7353246212005615
0.4962938725948334
0.7874937057495117
0.8003026843070984
0.18633787333965302
0.09397141635417938
0.4240957200527191
0.2728666663169861
0.1962508112192154
0.6549513339996338
0.0204656682908535
0.24364793300628662
0.22657696902751923
0.38401851058006287
0.02076488733291626
0.011784611269831657
0.8184120655059814
0.9545650482177734
0.6714872717857361
0.5964441895484924
0.25378525257110596
0.20034366846084595
0.821620762348175
0.49236971139907837
0.05438188090920448
0.6826112270355225
0.6178134083747864
0.1573529988527298
0.9081724286079407
0.390421599149704
0.5958777666091919
0.12000709772109985
0.6627917885780334
0.062437478452920914
0.21720197796821594
0.4610562026500702
0.2326694279909134
0.45432496070861816
0.1325458586215973
0.6432870626449585
0.15032878518104553
0.25044679641723633
0.3274637460708618
0.4713815152645111
0.1244480311870575
0.8521820306777954
0.5389712452888489
0.9906808137893677
0.24343706667423248
0.17688077688217163
0.9644716382026672
0.4531184434890747
0.3197188973426819
0.8246549963951111
0.1040540337562561
0.4729946255683899
0.9547495245933533
0.9596601724624634
0.14976732432842255
0.09016697108745575
0.6248046159744263
0.6975188851356506
0.07303476333618164
0.16096648573875427
0.02226339280605316
0.8540396094322205
0.39603376388549805
0.5360875129699707
0.570432722568512
0.21366281807422638
0.7222332954406738
0.1897295117378235
0.5087071061134338
0.40371260046958923
0.6554974317550659
0.7546091675758362
0.6297430992126465
0.17620952427387238
0.5670651197433472
0.6939839124679565
0.7679545283317566
0.14761154353618622
0.842939555644989
0.5973920822143555
0.5415821075439453
0.33078157901763916
0.602419376373291
0.32286566495895386
0.8991765379905701
0.7668527960777283
0.9086851477622986
0.7440643310546875
0.4426354169845581
0.6127433180809021
0.6533915400505066
0.00027087045600637794
0.37041836977005005
0.5127072930335999
0.253028005361557
0.5875659584999084
0.8965965509414673
0.26344627141952515
0.5368565917015076
0.854371190071106
0.4469869136810303
0.23026609420776367
0.04062214121222496
0.7105526924133301
0.6571127772331238
0.09805652499198914
0.060408543795347214
0.31031548976898193
0.5230425000190735
0.6597694158554077
0.7674033641815186
0.4087229371070862
0.42267611622810364
0.3537498414516449
0.6732223033905029
0.8827480673789978
0.5436031818389893
0.9743204116821289
0.7259674072265625
0.7479551434516907
0.45437487959861755
0.04322954639792442
0.6051706671714783
0.30543509125709534
0.5437793135643005
0.8995791673660278
0.4166948199272156
0.49570074677467346
0.8816048502922058
0.8279969692230225
0.04003085941076279
0.5465935468673706
0.6346393823623657
0.7613315582275391
0.48195168375968933
0.1302131563425064
0.12900927662849426
0.871468722820282
0.04354432225227356
0.21168595552444458
0.6073213815689087
0.5397721529006958
0.5384232997894287
0.49755042791366577
0.5562582612037659
0.5426872372627258
0.2679770886898041
0.24368901550769806
0.28640660643577576
0.5276657938957214
0.3559364378452301
0.763416588306427
0.41102343797683716
0.16221170127391815
0.40796568989753723
0.7763069272041321
0.4708701968193054
0.7873155474662781
0.4818139970302582
0.3138163089752197
0.027072444558143616
0.5497344136238098
0.2196686565876007
0.37212246656417847
0.24447792768478394
0.1854841262102127
0.40174025297164917
0.6734235882759094
0.6365588903427124
0.7428615093231201
0.6154822707176208
0.39178767800331116
0.22595275938510895
0.38312578201293945
0.7266055941581726
0.20272625982761383
0.816082775592804
0.13760876655578613
0.7713993787765503
0.26640036702156067
0.751345157623291
0.23921334743499756
0.04489637166261673
0.7654644250869751
0.38341230154037476
0.3079058527946472
0.9029848575592041
0.13664139807224274
0.5207616090774536
0.6207406520843506
0.81739741563797
0.7072993516921997
0.2626698315143585
0.5764172673225403
0.07316602021455765
0.008617117069661617
0.6092920899391174
0.7199586033821106
0.38909459114074707
0.38752371072769165
0.24303053319454193
0.28208500146865845
0.20606303215026855
0.5288740992546082
0.17258919775485992
0.08282991498708725
0.9378970861434937
0.23682250082492828
0.5040392279624939
0.9973763823509216
0.8626512885093689
0.8695976138114929
0.15298007428646088
0.19694525003433228
0.14826524257659912
0.6761560440063477
0.12144578993320465
0.6946810483932495
0.9013649821281433
0.9457706809043884
0.48922455310821533
0.08120420575141907
0.027967143803834915
0.18737050890922546
0.747032880783081
0.7687575221061707
0.1281990259885788
0.6050525903701782
0.0927388146519661
0.41223031282424927
0.65318763256073
0.35271674394607544
0.6940651535987854
0.48767054080963135
0.043469879776239395
0.773169219493866
0.5915127396583557
0.8612550497055054
0.2758241295814514
0.03604518249630928
0.629483699798584
0.8521797060966492
0.4677460789680481
0.02077987790107727
0.22780892252922058
0.7090874314308167
0.18018090724945068
0.653676450252533
0.5179271697998047
0.07628662884235382
0.5185689926147461
0.8549798130989075
0.6364724636077881
0.9403190612792969
0.4017973244190216
0.5290971994400024
0.5189694762229919
0.20868822932243347
0.4026597738265991
0.9706053137779236
0.6020645499229431
0.06254781037569046
0.7119014859199524
0.0017978085670620203
0.14191192388534546
0.42458200454711914
0.12044011801481247
0.6337677836418152
0.24452441930770874
0.4725668430328369
0.2576403319835663
0.33840498328208923
0.06165863946080208
0.09855043888092041
0.29524752497673035
0.38580021262168884
0.24818949401378632
0.034240324050188065
0.3290284276008606
0.5738946199417114
0.5562823414802551
0.8275788426399231
0.2095629721879959
0.8192076683044434
0.386167973279953
0.8028666973114014
0.07719190418720245
0.9659137725830078
0.9779991507530212
0.5032301545143127
0.679574728012085
0.8632127642631531
0.9381105303764343
0.4049830436706543
0.8574772477149963
0.01973586715757847
0.43925297260284424
0.6685683727264404
0.018035897985100746
0.21258993446826935
0.8251907825469971
0.1547490805387497
0.9194023013114929
0.6398047804832458
0.9747000932693481
0.9351437091827393
0.8062662482261658
0.770153284072876
0.32363632321357727
0.3459864556789398
0.4496198892593384
0.7254359722137451
0.3197169601917267
0.1184743344783783
0.45203152298927307
0.3200782835483551
0.31631433963775635
0.6799964308738708
0.2832728922367096
0.2160091996192932
0.7666934132575989
0.0046418472193181515
0.708431601524353
0.036242250353097916
0.7535752058029175
0.353288859128952
0.1930387318134308
0.6295255422592163
0.8288938999176025
0.6655110120773315
0.5355441570281982
0.9089137315750122
0.1995205581188202
0.2220085710287094
0.614442765712738
0.6538565158843994
0.000979167059995234
0.7326575517654419
0.6750768423080444
0.1355447918176651
0.4177933931350708
0.8999127149581909
0.7355983853340149
0.36594271659851074
0.6812179088592529
0.664466917514801
0.603243887424469
0.3993375301361084
0.7117511630058289
0.4430541694164276
0.7414777278900146
0.7220336198806763
0.8262637257575989
0.24425992369651794
0.9588499665260315
0.5128533840179443
0.3685615658760071
0.9078648686408997
0.675760805606842
0.3439842164516449
0.4082696735858917
0.9424538612365723
0.22743427753448486
0.4982893764972687
0.3068275451660156
0.42218393087387085
0.9065691232681274
0.713969349861145
0.7322695851325989
0.6399012804031372
0.07402897626161575
0.09880565851926804
0.01597617194056511
0.06879638135433197
0.10852677375078201
0.8177046775817871
0.2299647480249405
0.04154402017593384
0.8275851607322693
0.5001814365386963
0.7446613311767578
0.8697524070739746
0.5290171504020691
0.09757373481988907
0.6034701466560364
0.06944192200899124
0.17787905037403107
0.5520917773246765
0.8750836253166199
0.6241874098777771
0.6261377930641174
0.95828777551651
0.11192362755537033
0.44792625308036804
0.551122784614563
0.14366963505744934
0.062251921743154526
0.9948270320892334
0.5254677534103394
0.9506200551986694
0.9004396200180054
0.8978387117385864
0.4522702097892761
0.6035991907119751
0.06093096360564232
0.7602267265319824
0.42601048946380615
0.3819146156311035
0.347422331571579
0.701801598072052
0.7722806334495544
0.6273139715194702
0.21161529421806335
0.06541755795478821
0.4170503318309784
0.7987748384475708
0.03609785810112953
0.7298982739448547
0.747671902179718
0.9493548274040222
0.6500747799873352
0.7682805061340332
0.715183436870575
0.24201829731464386
0.23834821581840515
0.365809828042984
0.596559464931488
0.03615361824631691
0.6499968767166138
0.06910723447799683
0.8570314645767212
0.7995002269744873
0.9711242914199829
0.08672655373811722
0.5002805590629578
0.5339173674583435
0.6784124374389648
0.1641564518213272
0.5099403858184814
0.7329705357551575
0.7481594085693359
0.060388147830963135
0.4653877317905426
0.396980881690979
0.5930508971214294
0.22922202944755554
0.5945150852203369
0.9908894300460815
0.002138435607776046
0.9624593257904053
0.5253861546516418
0.15165135264396667
0.7836131453514099
0.4596010148525238
0.7121708989143372
0.04700322449207306
0.1787550449371338
0.9684938192367554
0.5409858822822571
0.6400565505027771
0.42796987295150757
0.5965974926948547
0.8379938006401062
0.3630693852901459
0.12255240976810455
0.33008137345314026
0.034421034157276154
0.0847192108631134
0.5833255648612976
0.0033605501521378756
0.22892610728740692
0.9626219272613525
0.8683655261993408
0.25249040126800537
0.21107611060142517
0.04888509586453438
0.40655437111854553
0.5623050332069397
0.3090273439884186
0.7904982566833496
0.8051151037216187
0.34272634983062744
0.776922881603241
0.9753038883209229
0.09642073512077332
0.6848090887069702
0.06603430211544037
0.7522769570350647
0.5958324670791626
0.00619502691552043
0.6065018177032471
0.5653491020202637
0.6162049770355225
0.9345113039016724
0.11553271859884262
0.1327727884054184
0.5213148593902588
0.3688805103302002
0.6531761884689331
0.6939097046852112
0.6242325901985168
0.2613998353481293
0.10874591022729874
0.947559654712677
0.26822757720947266
0.5109912157058716
0.8434060215950012
0.5887938141822815
0.4638291299343109
0.5651784539222717
0.8234450817108154
0.8347121477127075
0.6335001587867737
0.7406987547874451
0.7370908856391907
0.29374298453330994
0.08991274982690811
0.15341685712337494
0.36501556634902954
0.20900596678256989
0.09270470589399338
0.30738624930381775
0.2257595658302307
0.7511095404624939
0.7441474795341492
0.12247280031442642
0.6433504819869995
0.3381819725036621
0.05766679719090462
0.6503891348838806
0.6099225282669067
0.12229426950216293
0.6993637681007385
0.9125131368637085
0.19973726570606232
0.2221347987651825
0.22680456936359406
0.8893179893493652
0.3266502022743225
0.25336334109306335
0.751116156578064
0.5953675508499146
0.014806951396167278
0.22205698490142822
0.7641562223434448
0.4440189003944397
0.3436433672904968
0.8339958786964417
0.7535155415534973
0.01030401885509491
0.6943384408950806
0.786936342716217
0.053921785205602646
0.5649402737617493
0.9093470573425293
0.5512187480926514
0.14869213104248047
0.5436262488365173
0.7995027899742126
0.7935097217559814
0.38490867614746094
0.5927927494049072
0.18084141612052917
0.681061327457428
0.4433214068412781
0.16111791133880615
0.2159171849489212
0.1909404993057251
0.3512023687362671
0.20765382051467896
0.9292479157447815
0.17828094959259033
0.06737231463193893
0.7546147108078003
0.7688993811607361
0.50797438621521
0.26481857895851135
0.6823017001152039
0.09008637070655823
0.8908532857894897
0.6547916531562805
0.9221594333648682
0.42228633165359497
0.7001253366470337
0.62735915184021
0.6965854167938232
0.8214786052703857
0.7405178546905518
0.8084288835525513
0.0190085768699646
0.4666796028614044
0.3920562267303467
0.32698389887809753
0.7953615188598633
0.4573568105697632
0.16698843240737915
0.3923170864582062
0.6566943526268005
0.15663422644138336
0.47375044226646423
0.484906941652298
0.719147801399231
0.03473681956529617
0.4016055464744568
0.32466965913772583
0.9305328726768494
0.052248574793338776
0.11106126010417938
0.13681116700172424
0.8695664405822754
0.18611231446266174
0.40549609065055847
0.48951616883277893
0.5833085775375366
0.22230178117752075
0.770852267742157
0.5998689532279968
0.5384871959686279
0.1917857527732849
0.013008533976972103
0.2134031057357788
0.806532621383667
0.35970115661621094
0.006767550017684698
0.005432427860796452
0.4992992877960205
0.8220773935317993
0.07871083170175552
0.2604733109474182
0.2126266062259674
0.23943476378917694
0.1286776065826416
0.31077831983566284
0.2597596347332001
0.7610971927642822
0.08020678162574768
0.29799795150756836
0.46324896812438965
0.5743230581283569
0.019456632435321808
0.39696380496025085
0.7703221440315247
0.026179471984505653
0.5265207290649414
0.9170021414756775
0.0855630412697792
0.06721131503582001
0.47816622257232666
0.8528976440429688
0.06951301544904709
0.8214067816734314
0.3129476010799408
0.2386588454246521
0.3701346516609192
0.9912575483322144
0.181846022605896
0.899706244468689
0.6415398120880127
0.857687771320343
0.30191418528556824
0.7382673621177673
0.5841102004051208
0.47426238656044006
0.9918801188468933
0.3714706301689148
0.45607519149780273
0.6791461110115051
0.998263955116272
0.6280631422996521
0.23186053335666656
0.09215909242630005
0.6633068919181824
0.09742117673158646
0.5908182859420776
0.7867433428764343
0.6167925000190735
0.04080139473080635
0.05735088512301445
0.4838295578956604
0.1506439447402954
0.49149057269096375
0.7279855608940125
0.4567975103855133
0.17497481405735016
0.838218629360199
0.9027478098869324
0.06274722516536713
0.8703633546829224
0.1795966476202011
0.13334259390830994
0.8826583623886108
0.6555952429771423
0.9242043495178223
0.694503128528595
0.753918468952179
0.7219708561897278
0.598085880279541
0.49575603008270264
0.24555088579654694
0.24564184248447418
0.4384516179561615
0.5042241215705872
0.2121596485376358
0.59844571352005
0.941977322101593
0.5745861530303955
0.9661716222763062
0.2931806147098541
0.7281101942062378
0.006971718743443489
0.9779230356216431
0.8958078622817993
0.32984355092048645
0.4002631902694702
0.6949940919876099
0.08987366408109665
0.0915452316403389
0.8242356181144714
0.2906930148601532
0.3745346963405609
0.04323764517903328
0.6552075743675232
0.06172190234065056
0.8007100820541382
0.4420601427555084
0.4606882333755493
0.8251069784164429
0.34200847148895264
0.5147348046302795
0.056793779134750366
0.4518674612045288
0.1435392051935196
0.5111689567565918
0.34469136595726013
0.8490330576896667
0.09253231436014175
0.4768297076225281
0.49614590406417847
0.1111106425523758
0.14600840210914612
0.48465272784233093
0.2139042615890503
0.0927123948931694
0.03062092885375023
0.8226407766342163
0.642609715461731
0.6965974569320679
0.8871317505836487
0.9729579091072083
0.41088345646858215
0.27921345829963684
0.8725286722183228
0.9529815912246704
0.3520087003707886
0.7168604731559753
0.286708801984787
0.3206217586994171
0.9285085201263428
0.263286828994751
0.4519900977611542
0.5932785868644714
0.6804236173629761
0.41826826333999634
0.3817216753959656
0.9523526430130005
0.10196898877620697
0.046572085469961166
0.7125521898269653
0.9845513701438904
0.9125970005989075
0.932269811630249
0.6698357462882996
0.565191388130188
0.4849039316177368
0.35740959644317627
0.10210102051496506
0.8814873099327087
0.24503937363624573
0.635216474533081
0.5492204427719116
0.684471607208252
0.4372625946998596
0.2570870816707611
0.5572024583816528
0.17109408974647522
0.1044614240527153
0.805050253868103
0.9249604344367981
0.797630250453949
0.01745949685573578
0.16781273484230042
0.5099515318870544
0.6605203747749329
0.8764374256134033
0.3666434586048126
0.2771705687046051
0.4217829406261444
0.9245800375938416
0.983665406703949
0.9876540899276733
0.9504032135009766
0.667081892490387
0.6628141403198242
0.2367660105228424
0.4314967691898346
0.2647438645362854
0.17231453955173492
0.244890034198761
0.31227046251296997
0.3677264153957367
0.36144042015075684
0.3814704418182373
0.5629496574401855
0.32138705253601074
0.8234670758247375
0.23387886583805084
0.3404150903224945
0.4528587758541107
0.5749365091323853
0.060156360268592834
0.9501264691352844
0.6883528828620911
0.500484824180603
0.9359717965126038
0.6016191840171814
0.9956328272819519
0.04899347946047783
0.17502444982528687
0.22296857833862305
0.8217964172363281
0.12762537598609924
0.9354617595672607
0.961136519908905
0.540304958820343
0.811001718044281
0.0644824281334877
0.9503080248832703
0.4576890468597412
0.618435800075531
0.16589492559432983
0.5981082916259766
0.10702081769704819
0.10662493109703064
0.6998583078384399
0.08110234141349792
0.9670712947845459
0.3201833963394165
0.5966794490814209
0.036157768219709396
0.10129142552614212
0.989136278629303
0.7581904530525208
0.04916206747293472
0.6899526715278625
0.16921211779117584
0.43139663338661194
0.7538491487503052
0.4197976589202881
0.04815281927585602
0.5597968101501465
0.7699634432792664
0.6942113041877747
0.3080717623233795
0.33627790212631226
0.776271641254425
0.7248062491416931
0.06587596982717514
0.9478245973587036
0.6668838262557983
0.3882003128528595
0.44368162751197815
0.7398421168327332
0.06672326475381851
0.5294478535652161
0.041303589940071106
0.1969500184059143
0.3402980864048004
0.3461264371871948
0.13570910692214966
0.8288670182228088
0.4670056104660034
0.7772468328475952
0.06530062854290009
0.8226221203804016
0.4058232307434082
0.47690144181251526
0.8497663736343384
0.1078357920050621
0.9832874536514282
0.13953784108161926
0.2596885859966278
0.8120760917663574
0.6964020729064941
0.5471448302268982
0.4926559031009674
0.8754743933677673
0.19646935164928436
0.6907615661621094
0.03264519199728966
0.5815836191177368
0.9952031970024109
0.01762375794351101
0.06493205577135086
0.8403950929641724
0.4100789427757263
0.06172241270542145
0.5953584909439087
0.8551228046417236
0.8243070840835571
0.1922038346529007
0.16851665079593658
0.6097617745399475
0.5754144191741943
0.1307610124349594
0.01489209569990635
0.3334004282951355
0.5094476342201233
0.9506921172142029
0.7691283822059631
0.17431363463401794
0.9594030380249023
0.4039779007434845
0.7210732698440552
0.3647400140762329
0.5001398324966431
0.9055900573730469
0.5120404958724976
0.22204136848449707
0.7340535521507263
0.018442019820213318
0.06333410739898682
0.6183716654777527
0.2270958423614502
0.2103215754032135
0.3238684833049774
0.49266597628593445
0.07557366788387299
0.7079982757568359
0.9298662543296814
0.26228025555610657
0.3782246708869934
0.3115350306034088
0.6083138585090637
0.2641572952270508
0.9441891312599182
0.4691534638404846
0.5757203698158264
0.772330105304718
0.775855541229248
0.26808667182922363
0.4702029228210449
0.37556588649749756
0.9866406321525574
0.6481497287750244
0.8043200373649597
0.8475945591926575
0.6545917987823486
0.6188647747039795
0.7096093893051147
0.28233855962753296
0.7006675601005554
0.22734253108501434
0.6028136610984802
0.5492817759513855
0.6280925869941711
0.6891570091247559
0.9397180080413818
0.18402667343616486
0.8198667168617249
0.20942728221416473
0.2932256758213043
0.343227744102478
0.37489810585975647
0.9782774448394775
0.04664164036512375
0.4032060503959656
0.7939947843551636
0.1400444358587265
0.8838208913803101
0.4996733069419861
0.6805317401885986
0.6818877458572388
0.09539079666137695
0.8756452202796936
0.43450072407722473
0.482588529586792
0.5292107462882996
0.6053082942962646
0.7987427115440369
0.5473619699478149
0.7154250144958496
0.27042996883392334
0.023666517809033394
0.5641261339187622
0.9407208561897278
0.6129941940307617
0.3664011061191559
0.3506202697753906
0.19189339876174927
0.024606434628367424
0.8363033533096313
0.005931416992098093
0.07655318826436996
0.6209664344787598
0.5954200625419617
0.8576712608337402
0.9684979915618896
0.4351142942905426
0.28323569893836975
0.05017566680908203
0.09878217428922653
0.0714479386806488
0.11261679977178574
0.09226568788290024
0.4129504859447479
0.9888191819190979
0.04192103445529938
0.06213052570819855
0.15761715173721313
0.3902113139629364
0.9238564372062683
0.5124981999397278
0.8211052417755127
0.6516643762588501
0.6933332681655884
0.34321099519729614
0.23316621780395508
0.9361127614974976
0.7278916239738464
0.2921491265296936
0.3004431426525116
0.8159652948379517
0.589525043964386
0.6551858186721802
0.18005988001823425
0.7746928334236145
0.7171592712402344
0.949762761592865
0.16797968745231628
0.7474552392959595
0.15315485000610352
0.28284546732902527
0.35280826687812805
0.5637742280960083
0.012228481471538544
0.15411052107810974
0.4112868309020996
0.35043808817863464
0.24508003890514374
0.9425863027572632
0.7595742344856262
0.7050133943557739
0.361163854598999
0.5339273810386658
0.6834204196929932
0.8611893057823181
0.813084065914154
0.4312063157558441
0.8700092434883118
0.1643724888563156
0.46136894822120667
0.630875825881958
0.4248608648777008
0.0007764964830130339
0.03647732362151146
0.6801726818084717
0.21200883388519287
0.4202905297279358
0.159229576587677
0.5624071955680847
0.534963846206665
0.07488539069890976
0.9487093687057495
0.9540817141532898
0.8280957341194153
0.744583010673523
0.5361413955688477
0.2729446589946747
0.09375489503145218
0.4451742172241211
0.851120114326477
0.02258949913084507
0.8884872794151306
0.41191521286964417
0.0453762412071228
0.517365574836731
0.8556126952171326
0.8077767491340637
0.17562125623226166
0.8305999040603638
0.11085765063762665
0.29555821418762207
0.31581753492355347
0.7643303275108337
0.42310625314712524
0.15516920387744904
0.148891419172287
0.8309259414672852
0.5354908108711243
0.6872852444648743
0.2570876181125641
0.8553457260131836
0.9183908700942993
0.5384864807128906
0.774865984916687
0.4236532747745514
0.20065248012542725
0.0686313807964325
0.1265888214111328
0.9477930665016174
0.9322676658630371
0.20618276298046112
0.9373258352279663
0.25630271434783936
0.8376116752624512
0.24142920970916748
0.7575901746749878
0.8705614805221558
0.9307677149772644
0.9728935956954956
0.2626856863498688
0.4649806618690491
0.9027899503707886
0.890184760093689
0.2385348081588745
0.8270137906074524
0.8717578053474426
0.2495446652173996
0.7315722703933716
0.5296359062194824
0.01627972349524498
0.6394084692001343
0.1679411381483078
0.4213543236255646
0.6906602382659912
0.07983541488647461
0.03034721501171589
0.6537862420082092
0.8744869232177734
0.40050363540649414
0.45236915349960327
0.8952624797821045
0.9390296936035156
0.5102622509002686
0.6236636638641357
0.9946414232254028
0.37509676814079285
0.6139042377471924
0.9740577340126038
0.05731400102376938
0.1065162643790245
0.9332433342933655
0.5962714552879333
0.8028624653816223
0.4582146108150482
0.5794177651405334
0.23069575428962708
0.8779804706573486
0.6644506454467773
0.8030059933662415
0.4545932710170746
0.28077206015586853
0.5930153131484985
0.27038225531578064
0.17084991931915283
0.37588533759117126
0.5334498882293701
0.48700714111328125
0.19875329732894897
0.3703410029411316
0.05685165897011757
0.5792140364646912
0.22910355031490326
0.4466531276702881
0.7806140780448914
0.5374101400375366
0.6754906177520752
0.04640984535217285
0.9548233151435852
0.21287523210048676
0.8249295949935913
0.4786519706249237
0.41371431946754456
0.9562486410140991
0.9151937365531921
0.3562266230583191
0.6365903615951538
0.7903614044189453
0.8597570061683655
0.7800142765045166
0.6795676350593567
0.2666400671005249
0.5158731937408447
0.7112240195274353
0.6470502018928528
0.1865611970424652
0.7197251915931702
0.13658875226974487
0.5794817805290222
0.7233484387397766
0.2812511920928955
0.6884435415267944
0.5448582172393799
0.9865659475326538
0.004437102936208248
0.9894319176673889
0.08366141468286514
0.15125706791877747
0.8732267022132874
0.8164594769477844
0.5341858267784119
0.21167796850204468
0.555649995803833
0.357581228017807
0.7851901650428772
0.711860716342926
0.7009947896003723
0.24882397055625916
0.7711277008056641
0.7247157692909241
0.9235032796859741
0.44040000438690186
0.17017659544944763
0.8925142884254456
0.6087726354598999
0.2673940062522888
0.9103696346282959
0.07358777523040771
0.4937530755996704
0.017520125955343246
0.45752620697021484
0.7514442801475525
0.21695943176746368
0.7777881026268005
0.08523356914520264
0.21271242201328278
0.6291781663894653
0.8139038681983948
0.6439383029937744
0.13974705338478088
0.01911749504506588
0.783180832862854
0.6364392042160034
0.7625229954719543
0.6302167177200317
0.15749576687812805
0.24119719862937927
0.9237796664237976
0.8364498019218445
0.8899340033531189
0.03276470676064491
0.45426854491233826
0.13296163082122803
0.3717208802700043
0.9271959662437439
0.5552762150764465
0.9811294674873352
0.8937442898750305
0.0864190012216568
0.19089375436306
0.43688586354255676
0.7971387505531311
0.7732274532318115
0.9857361912727356
0.9266265034675598
0.30458179116249084
0.7879144549369812
0.7199662327766418
0.8362374901771545
0.06112217158079147
0.7188105583190918
0.9345700144767761
0.15969109535217285
0.7288021445274353
0.18901817500591278
0.05702542886137962
0.014661779627203941
0.5585919618606567
0.12265481054782867
0.9721999764442444
0.09311147034168243
0.5566903948783875
0.8956513404846191
0.8766019940376282
0.3709418773651123
0.9916858673095703
0.8491384983062744
0.3498154282569885
0.6104356050491333
0.8394855260848999
0.6955063939094543
0.7925624251365662
0.39021673798561096
0.30348196625709534
0.20036230981349945
0.2816998064517975
0.422269344329834
0.11459309607744217
0.5483977198600769
0.616011381149292
0.9847841858863831
0.8982760906219482
0.25861263275146484
0.3703855872154236
0.12634959816932678
0.9015005826950073
0.9567742347717285
0.39181119203567505
0.4009470045566559
0.36627939343452454
0.42160382866859436
0.018349437043070793
0.983226478099823
0.9338893294334412
0.9266997575759888
0.46467962861061096
0.23864492774009705
0.06080745533108711
0.36563408374786377
0.7308723330497742
0.32486692070961
0.7313590049743652
0.7785961031913757
0.21589593589305878
0.5131464600563049
0.460186630487442
0.9568042755126953
0.04636802896857262
0.15924271941184998
0.6129798293113708
0.28027966618537903
0.15783242881298065
0.3141217827796936
0.08163673430681229
0.7115740180015564
0.4341813325881958
0.1231730580329895
0.4424051344394684
0.8716731071472168
0.06068719923496246
0.26953843235969543
0.2755739092826843
0.6107768416404724
0.20325492322444916
0.3588358759880066
0.7643730044364929
0.3638373613357544
0.021429292857646942
0.910362720489502
0.051601048558950424
0.5736016035079956
0.2834894359111786
0.8256214261054993
0.2664470672607422
0.21896113455295563
0.7257180213928223
0.7437713146209717
0.40219900012016296
0.1119474321603775
0.03792784363031387
0.0861285924911499
0.45186647772789
0.8872425556182861
0.09392336010932922
0.9813413619995117
0.1050705760717392
0.08706267923116684
0.010995659977197647
0.9226334691047668
0.027843302115797997
0.84142005443573
0.6734427809715271
0.06774003058671951
0.5592772960662842
0.7630435228347778
0.9955503940582275
0.4541011154651642
0.8856545686721802
0.7816449999809265
0.8128438591957092
0.901104211807251
0.5509529709815979
0.8517604470252991
0.01065734587609768
0.8409669399261475
0.5994344353675842
0.8579967617988586
0.320271760225296
0.019753366708755493
0.8536148071289062
0.08116910606622696
0.6703006029129028
0.9876663088798523
0.8921480178833008
0.8137173652648926
0.09680047631263733
0.203111469745636
0.5237341523170471
0.8625065684318542
0.05961638316512108
0.44660940766334534
0.04339583218097687
0.24578997492790222
0.5640361905097961
0.050887156277894974
0.6927298307418823
0.8743820190429688
0.6284782290458679
0.34126049280166626
0.794590413570404
0.6608166098594666
0.32631826400756836
0.02146543748676777
0.9803332090377808
0.3984867036342621
0.4382641613483429
0.93751060962677
0.7362174987792969
0.5958963632583618
0.7474146485328674
0.2727383077144623
0.3984753489494324
0.24443821609020233
0.852128267288208
0.48417434096336365
0.2106795310974121
0.3492337763309479
0.7272668480873108
0.5342538356781006
0.30792996287345886
0.9704996347427368
0.4636974334716797
0.08552753925323486
0.4773622751235962
0.8217871189117432
0.8155646920204163
0.8781096339225769
0.3018530011177063
0.7326920628547668
0.9043893218040466
0.9414445757865906
0.911568820476532
0.6972815990447998
0.03907615318894386
0.5791738033294678
0.40492913126945496
0.37799957394599915
0.7119057774543762
0.3626376986503601
0.5659138560295105
0.3524635434150696
0.5785654783248901
0.04551403224468231
0.07027886062860489
0.5617985725402832
0.17397794127464294
0.3788255751132965
0.9293389320373535
0.8934500217437744
0.2988584339618683
0.29056230187416077
0.17095793783664703
0.6400075554847717
0.6569393873214722
0.10490255802869797
0.22174261510372162
0.6869333982467651
0.6740031838417053
0.288237601518631
0.9366807341575623
0.6894094944000244
0.20878800749778748
0.31340107321739197
0.9463885426521301
0.3962318003177643
0.6697931885719299
0.755856990814209
0.4839284121990204
0.13515479862689972
0.5646776556968689
0.2444961965084076
0.6385363936424255
0.3352116644382477
0.778861939907074
0.5861680507659912
0.41347047686576843
0.46684226393699646
0.9107263684272766
0.7842383980751038
0.23837922513484955
0.2595139443874359
0.9136520028114319
0.02030913718044758
0.58542799949646
0.22516152262687683
0.2999623715877533
0.4932920038700104
0.3023126721382141
0.21284306049346924
0.01675712689757347
0.8466994762420654
0.8378517627716064
0.41179159283638
0.6848116517066956
0.8620472550392151
0.5020170211791992
0.7217634320259094
0.2122800201177597
0.37562254071235657
0.06000296398997307
0.06230956315994263
0.16101613640785217
0.7720063328742981
0.5915542840957642
0.9437023401260376
0.3265901207923889
0.3876977562904358
0.4367130696773529
0.9048267006874084
0.05385728180408478
0.03016437217593193
0.12391471117734909
0.15992306172847748
0.3554709851741791
0.34643909335136414
0.03208424523472786
0.050041697919368744
0.5139169096946716
0.9702123403549194
0.22955359518527985
0.23211462795734406
0.7236196994781494
0.0634712427854538
0.1748037487268448
0.15512347221374512
0.8996632695198059
0.07794276624917984
0.8286541104316711
0.9635614156723022
0.7895476222038269
0.13521550595760345
0.7666470408439636
0.7172253131866455
0.31187692284584045
0.4938652813434601
0.7341750264167786
0.9334481954574585
0.3678918182849884
0.3808392882347107
0.4639838635921478
0.826481282711029
0.25092047452926636
0.8481805920600891
0.7257358431816101
0.539124608039856
0.7294990420341492
0.3242601156234741
0.5287831425666809
0.38213470578193665
0.6880659461021423
0.5452341437339783
0.9594394564628601
0.8876721858978271
0.5408456921577454
0.2727895975112915
0.5478368401527405
0.22141872346401215
0.26218700408935547
0.8400135636329651
0.8330575823783875
0.6095160245895386
0.46669521927833557
0.3910518288612366
0.21709533035755157
0.9579845070838928
0.7409916520118713
0.564485490322113
0.2877388000488281
0.24364280700683594
0.47444039583206177
0.33182209730148315
0.2952978014945984
0.0882413238286972
0.19748464226722717
0.8195017576217651
0.78755784034729
0.4974704086780548
0.4632819592952728
0.7714323401451111
0.6177571415901184
0.29003018140792847
0.36288028955459595
0.6098536252975464
0.6420444846153259
0.5010506510734558
0.8023251891136169
0.02815450355410576
0.956148624420166
0.058928102254867554
0.1785126030445099
0.10095106065273285
0.37996527552604675
0.39127352833747864
0.5226991772651672
0.7097514271736145
0.21941478550434113
0.7893732786178589
0.6803311705589294
0.585902988910675
0.8111591339111328
0.932759165763855
0.2890123426914215
0.7332009077072144
0.6372715830802917
0.6937083005905151
0.8262796401977539
0.07153227180242538
0.4804987609386444
0.26657071709632874
0.3218730688095093
0.0522768534719944
0.6033803224563599
0.0008383351378142834
0.5255873799324036
0.12538206577301025
0.4787416160106659
0.5086219310760498
0.37036263942718506
0.575049877166748
0.7586233019828796
0.5542861223220825
0.30705827474594116
0.6565172076225281
0.4082062244415283
0.7181646823883057
0.21275192499160767
0.5017514228820801
0.5915229916572571
0.7135212421417236
0.265262246131897
0.6402809619903564
0.4369598627090454
0.3847648799419403
0.15076687932014465
0.15387170016765594
0.19127951562404633
0.717675507068634
0.48088338971138
0.5743144154548645
0.9965178370475769
0.8452750444412231
0.8953698873519897
0.12085458636283875
0.26622244715690613
0.692005455493927
0.9474660158157349
0.9066026210784912
0.25012385845184326
0.04324762895703316
0.7569460868835449
0.7466075420379639
0.45211488008499146
0.48057714104652405
0.16936200857162476
0.4549570679664612
0.11540529131889343
0.12773823738098145
0.4582049250602722
0.7759217023849487
0.3622627556324005
0.3116092085838318
0.685726523399353
0.5807452201843262
0.722802460193634
0.374413400888443
0.2582366168498993
0.6661027073860168
0.9329946637153625
0.7596704363822937
0.2802860736846924
0.5447156429290771
0.5227759480476379
0.7094661593437195
0.18398751318454742
0.9171233177185059
0.015780707821249962
0.5531609654426575
0.6950933933258057
0.7530308961868286
0.301113486289978
0.0001609097234904766
0.9337019920349121
0.5846773982048035
0.7290843725204468
0.9671109914779663
0.06497965008020401
0.6393792033195496
0.7843152284622192
0.5590807199478149
0.45505961775779724
0.5109790563583374
0.5516965389251709
0.9175490736961365
0.5320509672164917
0.31846630573272705
0.8316144347190857
0.4495323598384857
0.0017480625538155437
0.21986038982868195
0.556925356388092
0.5307757258415222
0.0049466295167803764
0.7289702892303467
0.46119943261146545
0.9639297723770142
0.7758440375328064
0.3520411550998688
0.7540422081947327
0.3348273038864136
0.46618640422821045
0.08118095993995667
0.326185405254364
0.7115587592124939
0.5874792337417603
0.5106544494628906
0.8860960006713867
0.6970693469047546
0.7992400527000427
0.5103694796562195
0.4334467053413391
0.9768177270889282
0.2527143061161041
0.48576757311820984
0.6171392798423767
0.28605562448501587
0.9225266575813293
0.8123903870582581
0.5120469331741333
0.5793601870536804
0.8278022408485413
0.2953507602214813
0.3951379954814911
0.602997362613678
0.894435703754425
0.7399349212646484
0.4333282709121704
0.4597262442111969
0.4464697241783142
0.3600126802921295
0.09408536553382874
0.4525274634361267
0.7908484935760498
0.20903225243091583
0.8090786933898926
0.3035143315792084
0.020749365910887718
0.6172888875007629
0.18831852078437805
0.5963138937950134
0.5062664747238159
0.0013408600352704525
0.726277768611908
0.7366764545440674
0.36144331097602844
0.6579048037528992
0.7275980710983276
0.3839873671531677
0.49317675828933716
0.7422144412994385
0.8659700155258179
0.9868264198303223
0.48855453729629517
0.9424017071723938
0.2869616150856018
0.6578087210655212
0.07442620396614075
0.7675246596336365
0.32284310460090637
0.8076911568641663
0.8317734003067017
0.46595388650894165
0.6435326337814331
0.4206817150115967
0.3420645296573639
0.9131956696510315
0.4598383903503418
0.43145206570625305
0.20213089883327484
0.23095564544200897
0.69560706615448
0.3285805284976959
0.9248819947242737
0.8916601538658142
0.7571260333061218
0.16527962684631348
0.3181803822517395
0.1395263671875
0.46193671226501465
0.8666449189186096
0.38856858015060425
0.17972616851329803
0.8495304584503174
0.2645767331123352
0.3330520689487457
0.08091376721858978
0.43217918276786804
0.31419816613197327
0.4046854078769684
0.4711562693119049
0.48104047775268555
0.636185348033905
0.49173876643180847
0.8459706902503967
0.8657276034355164
0.4288002848625183
0.4286627173423767
0.840217113494873
0.9059554934501648
0.5308573246002197
0.375280499458313
0.2547616958618164
0.8717417120933533
0.8503610491752625
0.33022210001945496
0.914043128490448
0.15471410751342773
0.8604598045349121
0.4792470633983612
0.7561202645301819
0.5880247950553894
0.27173036336898804
0.9845960140228271
0.9336225986480713
0.5457533597946167
0.32531875371932983
0.7169528007507324
0.9863598942756653
0.6660917401313782
0.26362553238868713
0.3700094521045685
0.14374837279319763
0.6103967428207397
0.07373744249343872
0.955218493938446
0.47498655319213867
0.18684934079647064
0.4499981701374054
0.007308613508939743
0.8690885901451111
0.7169908881187439
0.41166725754737854
0.12269825488328934
0.797909140586853
0.4306987524032593
0.6559550166130066
0.8590596914291382
0.9758294820785522
0.25524142384529114
0.6376965045928955
0.3023471236228943
0.3796793818473816
0.8715050220489502
0.07459726184606552
0.8712863326072693
0.7692191004753113
0.8398462533950806
0.997624397277832
0.7412715554237366
0.518795371055603
0.5697169303894043
0.6105448007583618
0.7681369185447693
0.45153874158859253
0.07291190326213837
0.7257720232009888
0.7253649234771729
0.8244710564613342
0.6846856474876404
0.43303558230400085
0.6315343379974365
0.5634570121765137
0.6177400946617126
0.8907865285873413
0.17035506665706635
0.10292373597621918
0.9906306862831116
0.33656564354896545
0.7905724048614502
0.8111554384231567
0.8678053617477417
0.081550732254982
0.26515495777130127
0.22367514669895172
0.5585896372795105
0.4247916638851166
0.8329532742500305
0.17024406790733337
0.84212327003479
0.6738672256469727
0.3532484173774719
0.22283045947551727
0.4689655303955078
0.3764679431915283
0.05098601058125496
0.4314044415950775
0.27591148018836975
0.5327474474906921
0.3013639450073242
0.6977302432060242
0.766175389289856
0.607560396194458
0.8373351693153381
0.9668325185775757
0.5522783398628235
0.8039705157279968
0.9818001985549927
0.9569527506828308
0.7684361934661865
0.4937973618507385
0.17522035539150238
0.8305641412734985
0.5655220150947571
0.6156689524650574
0.4132158160209656
0.38783693313598633
0.30821117758750916
0.5213359594345093
0.9919564723968506
0.10460662841796875
0.05682273581624031
0.35861513018608093
0.42430931329727173
0.081429123878479
0.23264142870903015
0.9348471164703369
0.1771322637796402
0.11464148759841919
0.9450582265853882
0.689128577709198
0.5596204996109009
0.034606266766786575
0.6769930720329285
0.268075168132782
0.018436424434185028
0.4191896617412567
0.08819045126438141
0.6611766815185547
0.7284922003746033
0.9111869931221008
0.8240750432014465
0.7576988935470581
0.24848738312721252
0.8217238187789917
0.11879485100507736
0.40453049540519714
0.28642407059669495
0.7191649079322815
0.7512344717979431
0.4369733929634094
0.19165430963039398
0.6386740207672119
0.21311068534851074
0.7824732661247253
0.9980459213256836
0.030569512397050858
0.10427352786064148
0.37784093618392944
0.7171823978424072
0.35587063431739807
0.7083925604820251
0.04477020353078842
0.3842513859272003
0.2688443958759308
0.2031494677066803
0.8286323547363281
0.21112562716007233
0.3838101923465729
0.8951224684715271
0.5431350469589233
0.5857284665107727
0.12306507676839828
0.46559712290763855
0.28057044744491577
0.7169548273086548
0.1880352646112442
0.946763277053833
0.23318029940128326
0.2541111707687378
0.5721901655197144
0.19835765659809113
0.21768273413181305
0.04808611050248146
0.7979969382286072
0.38244765996932983
0.32020020484924316
0.28580400347709656
0.037658803164958954
0.7735455632209778
0.2422695904970169
0.8776875138282776
0.37666141986846924
0.8740384578704834
0.9198389649391174
0.4867822229862213
0.08249853551387787
0.5593004822731018
0.22158852219581604
0.4994561970233917
0.8995267748832703
0.024611152708530426
0.14550143480300903
0.892488420009613
0.2690504789352417
0.8300237059593201
0.7261537909507751
0.7566646933555603
0.43631598353385925
0.8724513649940491
0.41992858052253723
0.9017565250396729
0.5398191809654236
0.8403912782669067
0.9681077599525452
0.8488031029701233
0.09664298593997955
0.5126393437385559
0.651472270488739
0.9237896800041199
0.09737079590559006
0.6200191974639893
0.4857572913169861
0.55817049741745
0.7649559378623962
0.23910775780677795
0.41176047921180725
0.4030258357524872
0.586137056350708
0.11439016461372375
0.2675589323043823
0.25683873891830444
0.14223727583885193
0.9028409719467163
0.048054289072752
0.9088041186332703
0.21872857213020325
0.7284903526306152
0.35510948300361633
0.18646198511123657
0.13458189368247986
0.11424499750137329
0.09763375669717789
0.5103080868721008
0.24741098284721375
0.1111764907836914
0.3902875781059265
0.0038227378390729427
0.5458847880363464
0.16311702132225037
0.22388477623462677
0.6432142853736877
0.8704450130462646
0.16478514671325684
0.3137507736682892
0.3172453045845032
0.44132667779922485
0.6260138154029846
0.36798954010009766
0.7577904462814331
0.7233044505119324
0.42463988065719604
0.46153539419174194
0.6475249528884888
0.36414632201194763
0.6788077354431152
0.6954210996627808
0.6096945405006409
0.8835206627845764
0.42007723450660706
0.47456684708595276
0.15984390676021576
0.11467219889163971
0.4912940561771393
0.926267683506012
0.29647496342658997
0.3202823996543884
0.19264471530914307
0.47533705830574036
0.6665400266647339
0.7080535292625427
0.999268651008606
0.5246014595031738
0.36870062351226807
0.13964144885540009
0.530860960483551
0.5451691150665283
0.08924901485443115
0.3237200677394867
0.11228294670581818
0.6064346432685852
0.4483548402786255
0.13297048211097717
0.4670778810977936
0.8474032282829285
0.5318216681480408
0.6318054795265198
0.638992190361023
0.7006773948669434
0.867565393447876
0.16561895608901978
0.8241311311721802
0.34118974208831787
0.3200629949569702
0.4526977241039276
0.34248003363609314
0.7381651997566223
0.3493705093860626
0.9070900082588196
0.020535502582788467
0.6917813420295715
0.8319099545478821
0.5567479729652405
0.7005976438522339
0.6628827452659607
0.6207654476165771
0.15695367753505707
0.2207537144422531
0.23034492135047913
0.9480459094047546
0.21573121845722198
0.5759236216545105
0.3078204393386841
0.6440712809562683
0.8323609828948975
0.12501364946365356
0.010961869731545448
0.7121767997741699
0.5762895345687866
0.8017986416816711
0.26471540331840515
0.7045087218284607
0.47636282444000244
0.6528217196464539
0.7774743437767029
0.2560364603996277
0.26367488503456116
0.3353145718574524
0.5088821649551392
0.3947224020957947
0.80857914686203
0.7236429452896118
0.5862429738044739
0.22899210453033447
0.8872765302658081
0.12293902039527893
0.29933422803878784
0.18493129312992096
0.5734495520591736
0.3164212107658386
0.40343642234802246
0.3756156861782074
0.31663981080055237
0.7667076587677002
0.7134881615638733
0.9647693634033203
0.3606191575527191
0.7740811109542847
0.5391895771026611
0.30137962102890015
0.6683609485626221
0.9772735834121704
0.35891616344451904
0.08847791701555252
0.7497848868370056
0.8369626998901367
0.7673233151435852
0.7643092274665833
0.9522351622581482
0.5919500589370728
0.10612745583057404
0.05758938565850258
0.8192419409751892
0.022193705663084984
0.5452666878700256
0.7138689756393433
0.28036773204803467
0.8198034763336182
0.8191068768501282
0.3323107063770294
0.5490087866783142
0.7101098895072937
0.34505006670951843
0.9686369895935059
0.5790389776229858
0.49084752798080444
0.963117778301239
0.5228414535522461
0.009378203190863132
0.9673320651054382
0.9189203381538391
0.09511905908584595
0.24762675166130066
0.3184441328048706
0.766750693321228
0.7905945777893066
0.4665239155292511
0.2956599295139313
0.34082382917404175
0.06089945510029793
0.02419659122824669
0.07155328243970871
0.8740713000297546
0.08558252453804016
0.5276340246200562
0.5057379007339478
0.343943327665329
0.21687331795692444
0.6423915028572083
0.04618202894926071
0.23369470238685608
0.7095755934715271
0.2821582555770874
0.037836190313100815
0.501130223274231
0.38682833313941956
0.3260047435760498
0.4781644642353058
0.5919838547706604
0.31938648223876953
0.677078127861023
0.5310570597648621
0.23580926656723022
0.5472999811172485
0.6787656545639038
0.3654418885707855
0.8822339773178101
0.5368945598602295
0.1668652445077896
0.3068498373031616
0.424299955368042
0.9750287532806396
0.6542710065841675
0.6916260123252869
0.7927294373512268
0.047870248556137085
0.6807924509048462
0.1080329567193985
0.8016068339347839
0.6953930258750916
0.7774752378463745
0.6947587132453918
0.2575525939464569
0.8032256364822388
0.47204703092575073
0.13282619416713715
0.9638561606407166
0.05717460811138153
0.1681571751832962
0.7765108942985535
0.3039289116859436
0.17357203364372253
0.20447690784931183
0.8453396558761597
0.24060982465744019
0.2263045459985733
0.38775911927223206
0.35738441348075867
0.9672052264213562
0.720011293888092
0.704109251499176
0.9445728659629822
0.3111058175563812
0.5295113325119019
0.5023486018180847
0.8301382064819336
0.36588287353515625
0.8029451966285706
0.743587076663971
0.09939545392990112
0.9725841879844666
0.10917594283819199
0.04570380225777626
0.4186825752258301
0.16610059142112732
0.10922270268201828
0.43771427869796753
0.06803830713033676
0.9214193224906921
0.900968074798584
0.35266634821891785
0.3060186505317688
0.5502299070358276
0.8221532106399536
0.49673527479171753
0.5740203857421875
0.8321129083633423
0.4496805667877197
0.5398914813995361
0.6047356724739075
0.5212382078170776
0.13890208303928375
0.9601367115974426
0.8205527663230896
0.47177860140800476
0.03693082556128502
0.3740880489349365
0.9157605171203613
0.3199428915977478
0.8903487920761108
0.5921474099159241
0.3617863655090332
0.15747281908988953
0.18304207921028137
0.5567625164985657
0.48932912945747375
0.6997801065444946
0.8752486109733582
0.4744234085083008
0.7671450972557068
0.056293558329343796
0.8993178606033325
0.6132761836051941
0.7429088950157166
0.33937665820121765
0.24831299483776093
0.9906604290008545
0.7573941349983215
0.2642231583595276
0.9992685914039612
0.6175246238708496
0.5080657601356506
0.22022351622581482
0.31191638112068176
0.7228803634643555
0.015144077129662037
0.596843421459198
0.7796634435653687
0.8982852697372437
0.0643853098154068
0.6717624068260193
0.3543826639652252
0.9423104524612427
0.6903735995292664
0.3592468500137329
0.7883951663970947
0.20564189553260803
0.10458022356033325
0.3644266128540039
0.638493537902832
0.4583236575126648
0.9307067394256592
0.7127012610435486
0.963862955570221
0.7446686029434204
0.615424394607544
0.36469483375549316
0.5491248965263367
0.49632471799850464
0.4751272201538086
0.6788365840911865
0.10869483649730682
0.5779075026512146
0.9579586386680603
0.1046496108174324
0.4015848636627197
0.6872581839561462
0.09624558687210083
0.6620768308639526
0.32062962651252747
0.8256605863571167
0.056982774287462234
0.29761892557144165
0.09829970449209213
0.4995417892932892
0.6322710514068604
0.2056882381439209
0.7064023613929749
0.1196376159787178
0.6661126613616943
0.7670686841011047
0.6630989909172058
0.030831201002001762
0.7207590341567993
0.5446678400039673
0.003680611029267311
0.5057958364486694
0.5856615304946899
0.3333222568035126
0.811616837978363
0.767774224281311
0.0060291294939816
0.5016215443611145
0.48604923486709595
0.8062099814414978
0.8516762256622314
0.8804239630699158
0.6526255011558533
0.8869379758834839
0.10911588370800018
0.7479851245880127
0.5680393576622009
0.146142840385437
0.6552186012268066
0.2564779222011566
0.13555367290973663
0.7697324752807617
0.7402849793434143
0.16726264357566833
0.6169946789741516
0.9259970784187317
0.429146945476532
0.889803946018219
0.6445522308349609
0.42260435223579407
0.8543283939361572
0.3819747567176819
0.9924126267433167
0.18591175973415375
0.19584864377975464
0.9186334609985352
0.5430194139480591
0.4693615436553955
0.32738634943962097
0.5316579341888428
0.8788900971412659
0.4216111898422241
0.6722429394721985
0.46499103307724
0.33776354789733887
0.8033936023712158
0.6751874089241028
0.5816639065742493
0.6037018895149231
0.9473418593406677
0.9080740213394165
0.663779079914093
0.3367556035518646
0.31330615282058716
0.9159398674964905
0.8718377351760864
0.7605873346328735
0.7566568851470947
0.8359256982803345
0.11108721792697906
0.39791855216026306
0.636371374130249
0.07960604876279831
0.7757625579833984
0.28603941202163696
0.2652606964111328
0.18484000861644745
0.0040946537628769875
0.2878616154193878
0.6464977860450745
0.2817760109901428
0.8392112851142883
0.1886821985244751
0.4241008758544922
0.6517754197120667
0.10280101001262665
0.6375975608825684
0.38167914748191833
0.7049594521522522
0.10724788904190063
0.1701866090297699
0.16025099158287048
0.024297697469592094
0.04759320244193077
0.7068107724189758
0.8727402091026306
0.7776257991790771
0.012019537389278412
0.5039070844650269
0.667791485786438
0.4823562800884247
0.03543580695986748
0.18290112912654877
0.6706734895706177
0.7251651883125305
0.6272989511489868
0.043484605848789215
0.9698771834373474
0.2047399878501892
0.6125134825706482
0.019484614953398705
0.6869683861732483
0.6135542392730713
0.2517327666282654
0.41734808683395386
0.1326361745595932
0.03058241493999958
0.5058324337005615
0.9241399168968201
0.4711105227470398
0.5653159618377686
0.08735065162181854
0.4701565206050873
0.3571677505970001
0.3896496295928955
0.21443922817707062
0.9206758737564087
0.796055018901825
0.20273132622241974
0.6064141988754272
0.5612303018569946
0.08087630569934845
0.031042683869600296
0.46897420287132263
0.9390866756439209
0.9145258665084839
0.7355979681015015
0.23744435608386993
0.9575534462928772
0.7582976818084717
0.23890355229377747
0.20349076390266418
0.2510492503643036
0.8394558429718018
0.6001797318458557
0.0559634231030941
0.3621135950088501
0.40740618109703064
0.589726448059082
0.24239365756511688
0.8934080004692078
0.9347556829452515
0.43859928846359253
0.9115224480628967
0.5203666090965271
0.4523428976535797
0.7680822014808655
0.21779687702655792
0.9898783564567566
0.2085210382938385
0.9522114396095276
0.393452912569046
0.05609101057052612
0.30372482538223267
0.3804199993610382
0.6943111419677734
0.7938832640647888
0.2779054045677185
0.2905806005001068
0.46702492237091064
0.577287495136261
0.528101921081543
0.4261142611503601
0.5999085307121277
0.7485652565956116
0.22300289571285248
0.7146575450897217
0.11842712014913559
0.34593918919563293
0.9123989939689636
0.9950964450836182
0.1552327424287796
0.05558415502309799
0.9086336493492126
0.5709927082061768
0.03127438947558403
0.640788733959198
0.18323515355587006
0.4841329753398895
0.9899168014526367
0.47458791732788086
0.9124249219894409
0.3325856029987335
0.7251598834991455
0.6735371947288513
0.20441919565200806
0.16684570908546448
0.34533342719078064
0.784949004650116
0.2633674740791321
0.9777785539627075
0.46377748250961304
0.852048933506012
0.37761518359184265
0.7427774667739868
0.8783972859382629
0.5858731269836426
0.509922981262207
0.5743441581726074
0.7875688672065735
0.5799840688705444
0.519859790802002
0.6947178244590759
0.8425824642181396
0.3241449296474457
0.1559830754995346
0.061332155019044876
0.3217994272708893
0.052524346858263016
0.6333170533180237
0.4124740660190582
0.18440137803554535
0.4467856287956238
0.1447674036026001
0.056995589286088943
0.10409169644117355
0.05700760707259178
0.1439700722694397
0.2611396908760071
0.6672280430793762
0.9520959258079529
0.5519294142723083
0.808941125869751
0.3135409653186798
0.8294403553009033
0.7205445766448975
0.17033638060092926
0.8055090308189392
0.7210817933082581
0.6088746190071106
0.8171811699867249
0.9193435907363892
0.10752923041582108
0.2964364290237427
0.8633560538291931
0.7181116342544556
0.24690458178520203
0.5438127517700195
0.659932017326355
0.06057228520512581
0.7020204663276672
0.06071200221776962
0.40364891290664673
0.38494569063186646
0.34148749709129333
0.7506522536277771
0.736475944519043
0.17132887244224548
0.5952398180961609
0.8357594013214111
0.028028637170791626
0.05988096445798874
0.958410918712616
0.6976423859596252
0.028004592284560204
0.19790637493133545
0.15228590369224548
0.31067055463790894
0.38690027594566345
0.6407603621482849
0.5305481553077698
0.6471588611602783
0.32609477639198303
0.5363900065422058
0.9485881328582764
0.8648972511291504
0.04635797068476677
0.8712735176086426
0.41040942072868347
0.998254120349884
0.7193149924278259
0.4931218922138214
0.22164452075958252
0.31057238578796387
0.6908206343650818
0.7632061839103699
0.501002311706543
0.10799919068813324
0.3697696924209595
0.8016232252120972
0.09901119768619537
0.008208876475691795
0.22266601026058197
0.8205177783966064
0.20519623160362244
0.6765822768211365
0.2718339264392853
0.19552306830883026
0.36723482608795166
0.4618722200393677
0.2809444069862366
0.019301168620586395
0.9281283020973206
0.4508860111236572
0.7993280291557312
0.8848361372947693
0.7450393438339233
0.5679610371589661
0.5952298045158386
0.7754344344139099
0.6333091855049133
0.9473137259483337
0.6801044940948486
0.23442915081977844
0.1801590621471405
0.4763769805431366
0.8163823485374451
0.3478718101978302
0.002518528839573264
0.30457091331481934
0.6879911422729492
0.8132714033126831
0.24296224117279053
0.8746041059494019
0.36235758662223816
0.810583770275116
0.9532202482223511
0.35051625967025757
0.5781187415122986
0.27830252051353455
0.629945695400238
0.11090604960918427
0.5066303610801697
0.18703871965408325
0.8761761784553528
0.6487083435058594
0.2053661048412323
0.8892492651939392
0.5459189414978027
0.6610654592514038
0.9212884902954102
0.34106481075286865
0.25464725494384766
0.3357734978199005
0.12703441083431244
0.1711542308330536
0.7658450603485107
0.2476968616247177
0.07784467935562134
0.17967434227466583
0.15661780536174774
0.007686323020607233
0.3267805874347687
0.9762345552444458
0.6399064064025879
0.4978664815425873
0.32740917801856995
0.5566856861114502
0.5348038673400879
0.2789183557033539
0.8667485117912292
0.3818999230861664
0.3899391293525696
0.43386733531951904
0.1752445548772812
0.306148886680603
0.840307891368866
0.19152291119098663
0.08776915818452835
0.6862210035324097
0.8708837628364563
0.014307554811239243
0.7751928567886353
0.7405785322189331
0.8279283046722412
0.6562075614929199
0.8913484811782837
0.5151358842849731
0.032727789133787155
0.35129356384277344
0.9316594004631042
0.4103463590145111
0.2561251223087311
0.7168265581130981
0.23703213036060333
0.8396636247634888
0.6453554034233093
0.39444050192832947
0.7054425477981567
0.9971891641616821
0.7305378913879395
0.8320327997207642
0.2190258949995041
0.9151970744132996
0.04467136412858963
0.3568837344646454
0.43209195137023926
0.6080529093742371
0.9243043065071106
0.22026287019252777
0.4044802784919739
0.642372190952301
0.6082526445388794
0.9034346342086792
0.05520018935203552
0.5357887148857117
0.11484412848949432
0.3536238670349121
0.3662777543067932
0.9689457416534424
0.14629973471164703
0.6013978719711304
0.4049311876296997
0.998481035232544
0.9722108244895935
0.7589527368545532
0.767795741558075
0.8917468190193176
0.485845685005188
0.4701010584831238
0.030699659138917923
0.08948995172977448
0.7798075675964355
0.4433754086494446
0.9671998620033264
0.6508250832557678
0.3455983102321625
0.869585394859314
0.2392260879278183
0.7419368624687195
0.2697368860244751
0.8246347308158875
0.8706461787223816
0.7875515818595886
0.39486071467399597
0.05780026316642761
0.9791499376296997
0.5892065167427063
0.5073086023330688
0.13310612738132477
0.6540741920471191
0.06782995164394379
0.1653057336807251
0.6322624683380127
0.9163658618927002
0.03275509178638458
0.4645032286643982
0.07882419973611832
0.3352035880088806
0.37635475397109985
0.5908622145652771
0.5885272026062012
0.6409213542938232
0.29606908559799194
0.6260610222816467
0.5585333704948425
0.12991099059581757
0.44312188029289246
0.866110622882843
0.49151355028152466
0.3100492060184479
0.7541620135307312
0.6626635193824768
0.08088668435811996
0.8337914943695068
0.07383845001459122
0.9694166779518127
0.8597961068153381
0.543501079082489
0.16057129204273224
0.21113865077495575
0.7315832376480103
0.4011683762073517
0.9069909453392029
0.29235029220581055
0.2758534252643585
0.23097720742225647
0.28816893696784973
0.744246780872345
0.25435537099838257
0.9780263304710388
0.0989508181810379
0.5095705986022949
0.05070169270038605
0.6745314002037048
0.36022958159446716
0.2131803184747696
0.026473049074411392
0.7445454597473145
0.8417291045188904
0.7531164884567261
0.8166885375976562
0.09807442128658295
0.0814729854464531
0.1455530822277069
0.931856095790863
0.3890428841114044
0.2833841145038605
0.3655143678188324
0.49450474977493286
0.01733766496181488
0.5968529582023621
0.5738165974617004
0.1525183767080307
0.524483323097229
0.8001154065132141
0.7861595153808594
0.3092281222343445
0.6407999396324158
0.20833620429039001
0.9958766102790833
0.7780407667160034
0.014832214452326298
0.39351069927215576
0.5866957902908325
0.5904309749603271
0.16934454441070557
0.7979010939598083
0.19047193229198456
0.29459288716316223
0.6170682907104492
0.5020996332168579
0.08803709596395493
0.16534064710140228
0.6842281222343445
0.16247956454753876
0.4448825716972351
0.8767454028129578
0.7456105351448059
0.9224514365196228
0.6603553295135498
0.9608010649681091
0.7319799065589905
0.5066171884536743
0.24615731835365295
0.431784451007843
0.28529098629951477
0.36619681119918823
0.8111854195594788
0.36317336559295654
0.6398824453353882
0.7519980072975159
0.6751869916915894
0.8135628700256348
0.7869270443916321
0.45495104789733887
0.6104418635368347
0.36512407660484314
0.21337266266345978
0.62462317943573
0.620908260345459
0.4838142395019531
0.931881308555603
0.7856272459030151
0.590087354183197
0.8331688642501831
0.6109803915023804
0.038703009486198425
0.6496195197105408
0.08274070173501968
0.2535710632801056
0.8762736916542053
0.8202846050262451
0.463104248046875
0.8794912099838257
0.6529512405395508
0.40795931220054626
0.06335241347551346
0.1877874881029129
0.7002211213111877
0.7262861132621765
0.07365095615386963
0.407922625541687
0.7628017663955688
0.48106247186660767
0.0004109065921511501
0.20369744300842285
0.9824647903442383
0.5999879240989685
0.34271538257598877
0.19187681376934052
0.030446335673332214
0.6552493572235107
0.3912043571472168
0.43046170473098755
0.2728521525859833
0.2872566282749176
0.22409263253211975
0.36839449405670166
0.004534885287284851
0.4649047255516052
0.5950082540512085
0.23224908113479614
0.961857795715332
0.4861648976802826
0.8015829920768738
0.738006055355072
0.8143041729927063
0.7333475351333618
0.5325839519500732
0.8030514717102051
0.6645470261573792
0.5646429061889648
0.35219624638557434
0.8037071824073792
0.2020093947649002
0.258887380361557
0.19731511175632477
0.905556321144104
0.8410473465919495
0.06541179865598679
0.5721054673194885
0.6122491955757141
0.6993518471717834
0.2934415340423584
0.8912025690078735
0.03674381598830223
0.1250944584608078
0.4580664038658142
0.30221983790397644
0.3607354462146759
0.014055931009352207
0.21314217150211334
0.8939050436019897
0.6749196648597717
0.6030104756355286
0.32232484221458435
0.6199074983596802
0.36721542477607727
0.33524057269096375
0.5144699215888977
0.17144909501075745
0.4209561347961426
0.6429105401039124
0.5913422107696533
0.6649137139320374
0.03010070137679577
0.3310074508190155
0.2864782512187958
0.44519996643066406
0.5635649561882019
0.5112902522087097
0.5849054455757141
0.5059833526611328
0.3122689723968506
0.47973519563674927
0.9097883105278015
0.35403767228126526
0.37879616022109985
0.6595627069473267
0.16932591795921326
0.6129679083824158
0.7570684552192688
0.5320869088172913
0.4079314172267914
0.15687301754951477
0.6001602411270142
0.2530745267868042
0.16410322487354279
0.014279869385063648
0.7422388792037964
0.6906550526618958
0.470050185918808
0.2860192060470581
0.7805559039115906
0.0936562567949295
0.834785521030426
0.32917335629463196
0.33172371983528137
0.9957807660102844
0.3756512999534607
0.7303164005279541
0.6285606622695923
0.8616654872894287
0.9676327705383301
0.5308340191841125
0.6681480407714844
0.9167421460151672
0.6360406279563904
0.24762587249279022
0.4596065580844879
0.5902012586593628
0.04786890372633934
0.5816138386726379
0.05180543288588524
0.7284913063049316
0.37328338623046875
0.9186558723449707
0.6853388547897339
0.24459527432918549
0.4569729268550873
0.2841384708881378
0.5731589794158936
0.9462417960166931
0.3184211552143097
0.20136016607284546
0.8258092999458313
0.29041749238967896
0.28366750478744507
0.4605919420719147
0.8320420384407043
0.5975454449653625
0.9050116539001465
0.6233766674995422
0.036359548568725586
0.7393853068351746
0.5803964734077454
0.5092350244522095
0.8592685461044312
0.12284154444932938
0.18335029482841492
0.48715636134147644
0.821997880935669
0.5632020235061646
0.7599925994873047
0.10672366619110107
0.14481046795845032
0.19360050559043884
0.3903752565383911
0.11587531864643097
0.8691557049751282
0.9945235848426819
0.7536617517471313
0.9157172441482544
0.8541212677955627
0.7652797698974609
0.3225705921649933
0.39038369059562683
0.6974579095840454
0.09523958712816238
0.8621058464050293
0.165337473154068
0.9445664286613464
0.7281154990196228
0.21517473459243774
0.9888597130775452
0.3535597622394562
0.05625857785344124
0.16750873625278473
0.304534912109375
0.291150838136673
0.36217162013053894
0.8728301525115967
0.2413925677537918
0.9621672630310059
0.94089275598526
0.3921452760696411
0.426277220249176
0.1301090270280838
0.00789609458297491
0.39215362071990967
0.19878503680229187
0.09228342026472092
0.7741393446922302
0.17505736649036407
0.7776451110839844
0.7735775709152222
0.7876383066177368
0.48974236845970154
0.47981569170951843
0.8916929960250854
0.48632821440696716
0.21824292838573456
0.10139226913452148
0.6928005218505859
0.6323499083518982
0.3845563530921936
0.1013650894165039
0.7153173685073853
0.8072004914283752
0.4911264479160309
0.7845816016197205
0.9227389693260193
0.5765172839164734
0.2348310649394989
0.2801806330680847
0.42526280879974365
0.8090401887893677
0.17587542533874512
0.5304180979728699
0.91066575050354
0.8789984583854675
0.9796326160430908
0.21216784417629242
0.22743122279644012
0.6548317074775696
0.07545535266399384
0.0942998006939888
0.23592422902584076
0.5372666716575623
0.9357889294624329
0.45950135588645935
0.05118892714381218
0.3379119038581848
0.0626077726483345
0.15732713043689728
0.13643431663513184
0.9526379108428955
0.26722490787506104
0.9726829528808594
0.0754115954041481
0.4744604527950287
0.4566427171230316
0.752933144569397
0.12921249866485596
0.17078803479671478
0.8092818856239319
0.4852725863456726
0.0946626141667366
0.16650281846523285
0.7556923627853394
0.010676263831555843
0.5387789011001587
0.4125409424304962
0.5230531692504883
0.2620161771774292
0.9537023901939392
0.9514532089233398
0.5616333484649658
0.7473114132881165
0.20339488983154297
0.5354980826377869
0.4852740466594696
0.06548495590686798
0.20278166234493256
0.9298908710479736
0.412104994058609
0.25711145997047424
0.1967935860157013
0.6239129900932312
0.9006807804107666
0.21755723655223846
0.01228807307779789
0.9103997945785522
0.9340542554855347
0.47946926951408386
0.5762666463851929
0.9288535118103027
0.5311399102210999
0.4161250591278076
0.5765767097473145
0.4324171841144562
0.036586519330739975
0.5974826216697693
0.8777831792831421
0.8953955173492432
0.47753632068634033
0.6427189707756042
0.5250292420387268
0.4270007312297821
0.2717607617378235
0.004414124879986048
0.2336641550064087
0.6413513422012329
0.18649254739284515
0.2536749243736267
0.9357088208198547
0.7725184559822083
0.946671187877655
0.17260518670082092
0.9568374156951904
0.15828664600849152
0.47373291850090027
0.3734399080276489
0.5923072695732117
0.8687779903411865
0.16559602320194244
0.0026023583486676216
0.9017391204833984
0.5637812614440918
0.8984379768371582
0.5988134741783142
0.8470606207847595
0.916317880153656
0.5250376462936401
0.3078291118144989
0.5901041626930237
0.04930320382118225
0.5340471267700195
0.4925191104412079
0.8273652791976929
0.4948965311050415
0.37410080432891846
0.033667415380477905
0.0770990177989006
0.4319704473018646
0.23652315139770508
0.32251274585723877
0.9390718936920166
0.9091953039169312
0.8958603739738464
0.8599804043769836
0.5312836170196533
0.6511073112487793
0.21351870894432068
0.21946117281913757
0.5693749189376831
0.2285010665655136
0.7011928558349609
0.07544633746147156
0.16279882192611694
0.06177884712815285
0.9310182332992554
0.529605507850647
0.7182731628417969
0.23511354625225067
0.6054009795188904
0.7745970487594604
0.39263972640037537
0.5052094459533691
0.1625193953514099
0.8998003602027893
0.4772108197212219
0.8570119142532349
0.9272385835647583
0.29457855224609375
0.08371296525001526
0.7296738624572754
0.3719256520271301
0.5059052109718323
0.3127095699310303
0.2940538823604584
0.6061150431632996
0.8703112006187439
0.9140917658805847
0.8905234336853027
0.4924428462982178
0.7639136910438538
0.8133962750434875
0.3925929665565491
0.845939576625824
0.7386677861213684
0.2080927938222885
0.7613494396209717
0.48811861872673035
0.9594142436981201
0.18257886171340942
0.4117152988910675
0.295795202255249
0.7424266338348389
0.3737267255783081
0.1043834537267685
0.986242413520813
0.62763911485672
0.8220420479774475
0.5810497403144836
0.5011247992515564
0.48682913184165955
0.6896412968635559
0.7263844609260559
0.26471146941185
0.06475502997636795
0.20332510769367218
0.8016384243965149
0.980821967124939
0.4422346353530884
0.41167181730270386
0.6085626482963562
0.51007080078125
0.32901716232299805
0.10085465759038925
0.16660936176776886
0.4723517894744873
0.3973824977874756
0.20411230623722076
0.9809290170669556
0.6560353636741638
0.5090398788452148
0.5756017565727234
0.5193751454353333
0.41955384612083435
0.08719330281019211
0.11791414767503738
0.9403254985809326
0.981957197189331
0.3707081377506256
0.578855574131012
0.9284266829490662
0.6091803312301636
0.1691872924566269
0.809050440788269
0.764600396156311
0.9795995950698853
0.15399575233459473
0.8971481919288635
0.3131222724914551
0.3178100883960724
0.9700750708580017
0.8137965798377991
0.18983697891235352
0.8109302520751953
0.6264199614524841
0.9845926761627197
0.7157851457595825
0.5397073030471802
0.0846199318766594
0.8895858526229858
0.8023800253868103
0.504591703414917
0.7684738636016846
0.6233545541763306
0.4090813994407654
0.5982741117477417
0.3741692900657654
0.49311044812202454
0.5673419237136841
0.5685359239578247
0.88641756772995
0.0038902144879102707
0.8226443529129028
0.7858942747116089
0.16245664656162262
0.3322323262691498
0.8585450053215027
0.9823898077011108
0.9311834573745728
0.13569596409797668
0.6270980834960938
0.951008141040802
0.7285363078117371
0.36156928539276123
0.04968063905835152
0.8027295470237732
0.14309197664260864
0.09947409480810165
0.6692651510238647
0.7542886137962341
0.7577164769172668
0.4649198651313782
0.5499663949012756
0.24990636110305786
0.09231024235486984
0.09782518446445465
0.4920913279056549
0.11917334049940109
0.34637895226478577
0.2539920210838318
0.6886823177337646
0.2896654009819031
0.6743841767311096
0.24082320928573608
0.9163456559181213
0.4563421308994293
0.2255115956068039
0.18948470056056976
0.4914783239364624
0.4931269884109497
0.11347711086273193
0.9596557021141052
0.1641392707824707
0.7355849146842957
0.40842267870903015
0.9315086603164673
0.46030765771865845
0.6166976690292358
0.7629836201667786
0.7722092866897583
0.1830110251903534
0.5135539770126343
0.011155507527291775
0.11442377418279648
0.42911556363105774
0.06008414179086685
0.8641175031661987
0.10944387316703796
0.23526868224143982
0.05843722075223923
0.10197407752275467
0.6482083797454834
0.38348227739334106
0.9405523538589478
0.5409820675849915
0.7610280513763428
0.39558738470077515
0.5628069043159485
0.171397402882576
0.8499570488929749
0.9885532855987549
0.3762444257736206
0.5368585586547852
0.24589869379997253
0.36690884828567505
0.7849772572517395
0.21171656250953674
0.10943841189146042
0.17338179051876068
0.8325510025024414
0.5463348031044006
0.17779143154621124
0.7719383239746094
0.2006738930940628
0.19720716774463654
0.9343976974487305
0.5300371050834656
0.7485219836235046
0.38575538992881775
0.46692630648612976
0.0019205606076866388
0.7669004797935486
0.7605927586555481
0.2956773042678833
0.799282968044281
0.917883038520813
0.04588516801595688
0.19809430837631226
0.33878087997436523
0.2964295744895935
0.02102624624967575
0.9130093455314636
0.9725308418273926
0.9412782788276672
0.12527745962142944
0.6983914971351624
0.17836132645606995
0.7131181955337524
0.8667922616004944
0.09013071656227112
0.7391435503959656
0.20233717560768127
0.32704296708106995
0.14511865377426147
0.9997391700744629
0.4558137357234955
0.35230496525764465
0.8389776349067688
0.2732052803039551
0.5842583179473877
0.8825994729995728
0.38020235300064087
0.40611153841018677
0.7774563431739807
0.8664172887802124
0.3507658541202545
0.08920399844646454
0.059805188328027725
0.6428833603858948
0.2256680577993393
0.440051794052124
0.40842893719673157
0.2229033261537552
0.48462438583374023
0.42145928740501404
0.567794680595398
0.5246809720993042
0.1820819228887558
0.767538845539093
0.09093596041202545
0.4685334265232086
0.3323363959789276
0.960154116153717
0.35236984491348267
0.34942883253097534
0.07956442981958389
0.05930905044078827
0.09787683188915253
0.15019932389259338
0.8137649893760681
0.9351120591163635
0.8036800622940063
0.4416610300540924
0.5896238088607788
0.13261862099170685
0.3813575506210327
0.546428918838501
0.23016144335269928
0.18372705578804016
0.6586771011352539
0.42172548174858093
0.7640513777732849
0.27110907435417175
0.8925516605377197
0.006566973868757486
0.2981331944465637
0.6271976828575134
0.5903077125549316
0.5905795693397522
0.44623610377311707
0.14932818710803986
0.48948463797569275
0.9050231575965881
0.426998496055603
0.4816010892391205
0.9768218994140625
0.46038034558296204
0.052224207669496536
0.8649734258651733
0.5228766202926636
0.546539306640625
0.5488472580909729
0.9687879085540771
0.12742501497268677
0.8879738450050354
0.6663528084754944
0.003107950324192643
0.26217445731163025
0.9159857630729675
0.11591771245002747
0.05177696794271469
0.08564599603414536
0.08907695859670639
0.07804207503795624
0.8498048782348633
0.23016849160194397
0.8090416789054871
0.06761660426855087
0.30500608682632446
0.6660623550415039
0.3762339651584625
0.5794802308082581
0.1814303696155548
0.057500094175338745
0.18865905702114105
0.8478947281837463
0.7650314569473267
0.907098650932312
0.3876377046108246
0.9951003193855286
0.1261802613735199
0.45361223816871643
0.8448477387428284
0.5953667759895325
0.8012479543685913
0.8307363986968994
0.2433302253484726
0.01061959657818079
0.5090948343276978
0.6164418458938599
0.4037514328956604
0.6754435896873474
0.34623774886131287
0.3738943636417389
0.48297908902168274
0.9852331876754761
0.8956484198570251
0.24667178094387054
0.6602122783660889
0.07156116515398026
0.8172096014022827
0.0613420307636261
0.45241081714630127
0.453903466463089
0.07716488093137741
0.6082895398139954
0.3884461224079132
0.25934305787086487
0.4752568006515503
0.005165291018784046
0.35695937275886536
0.09812004119157791
0.21241380274295807
0.3041575849056244
0.25359591841697693
0.3764261305332184
0.12045658379793167
0.6683447957038879
0.5524219274520874
0.030526641756296158
0.5792269110679626
0.6816377639770508
0.07738558948040009
0.7064739465713501
0.4015478491783142
0.8211249113082886
0.5533789396286011
0.3539603054523468
0.0977076068520546
0.12728513777256012
0.04666713625192642
0.4983425438404083
0.43026015162467957
0.6109507083892822
0.5730465054512024
0.5424900650978088
0.12325167655944824
0.4731611907482147
0.23348738253116608
0.7789939641952515
0.8455086946487427
0.953146755695343
0.4949176013469696
0.20776383578777313
0.026486573740839958
0.8840495347976685
0.08180458843708038
0.19832877814769745
0.27226337790489197
0.9764439463615417
0.9372021555900574
0.6136270761489868
0.6462369561195374
0.33829477429389954
0.24380972981452942
0.8106440305709839
0.27609890699386597
0.5025866031646729
0.12268174439668655
0.742455780506134
0.9112781286239624
0.6151871681213379
0.42536595463752747
0.23374256491661072
0.5367286205291748
0.215100958943367
0.4542122483253479
0.16168124973773956
0.21958070993423462
0.19977235794067383
0.1881246417760849
0.14142218232154846
0.30841752886772156
0.3437066972255707
0.20120887458324432
0.5607529282569885
0.5116556286811829
0.6287069916725159
0.9398245811462402
0.054498422890901566
0.36003378033638
0.14534378051757812
0.0915471613407135
0.5619705319404602
0.06487911194562912
0.8536206483840942
0.231057807803154
0.5640931129455566
0.8238812685012817
0.15905500948429108
0.19050949811935425
0.051803216338157654
0.5456014275550842
0.16872642934322357
0.43631497025489807
0.28270119428634644
0.8551462292671204
0.705869734287262
0.8204813599586487
0.844684898853302
0.21294476091861725
0.9328184127807617
0.6890860199928284
0.7394707798957825
0.1492581069469452
0.31901583075523376
0.2798409163951874
0.2996309697628021
0.27702435851097107
0.987721860408783
0.01736552268266678
0.43999621272087097
0.9061612486839294
0.3976662755012512
0.5797958970069885
0.2022985816001892
0.7602151036262512
0.9036709070205688
0.8161908388137817
0.4205762445926666
0.609194815158844
0.8818827271461487
0.7720416188240051
0.19123733043670654
0.23416189849376678
0.25125935673713684
0.08569079637527466
0.10783518105745316
0.07806503772735596
0.11377478390932083
0.3782351613044739
0.33026769757270813
0.69172203540802
0.9498378038406372
0.3744066059589386
0.4320721924304962
0.9297429323196411
0.7781189680099487
0.9997653365135193
0.17820298671722412
0.07617941498756409
0.5833266377449036
0.7463701367378235
0.9736819267272949
0.2898857891559601
0.9337719678878784
0.4788186252117157
0.809013307094574
0.6316230297088623
0.7794341444969177
0.5327811241149902
0.2016223818063736
0.17040187120437622
0.9405819773674011
0.7717852592468262
0.8692041039466858
0.8602070212364197
0.38028571009635925
0.024153457954525948
0.5793741941452026
0.3800711929798126
0.8621417284011841
0.9750897288322449
0.9825663566589355
0.7813766002655029
0.8441644310951233
0.6222126483917236
0.12835882604122162
0.31563109159469604
0.3091774582862854
0.402995228767395
0.14851975440979004
0.816208004951477
0.635299801826477
0.15355882048606873
0.6070839762687683
0.08100078999996185
0.5185604691505432
0.23108895123004913
0.3320038318634033
0.4291556477546692
0.14985418319702148
0.6930519938468933
0.11413919180631638
0.8567368984222412
0.6934809684753418
0.27813252806663513
0.676979124546051
0.8490791320800781
0.18522296845912933
0.09456253796815872
0.7800379395484924
0.4421738386154175
0.7902733683586121
0.7495031356811523
0.9037994146347046
0.7284521460533142
0.7734522223472595
0.26005080342292786
0.5071717500686646
0.8602889776229858
0.4872469902038574
0.3613608181476593
0.21219798922538757
0.11791137605905533
0.31907469034194946
0.583521842956543
0.02270377241075039
0.2724520266056061
0.1480719894170761
0.7792360186576843
0.8960409164428711
0.09029679000377655
0.6106140613555908
0.17502686381340027
0.5752907395362854
0.025555524975061417
0.7532594799995422
0.3978208005428314
0.6503181457519531
0.6734407544136047
0.4488177001476288
0.11946778744459152
0.7496740221977234
0.3245868384838104
0.2084161639213562
0.02179798297584057
0.8704118728637695
0.7974713444709778
0.5010919570922852
0.05505068600177765
0.09131763130426407
0.6716388463973999
0.25908032059669495
0.86069256067276
0.20190048217773438
0.7936184406280518
0.2334398478269577
0.3677699565887451
0.32443591952323914
0.6765009164810181
0.1564778983592987
0.18803247809410095
0.7024582028388977
0.6445373892784119
0.8736268877983093
0.036506909877061844
0.8960793614387512
0.18546639382839203
0.5612872242927551
0.32912662625312805
0.9233592748641968
0.6868792772293091
0.1442766934633255
0.45152029395103455
0.33538803458213806
0.4402388632297516
0.46596795320510864
0.8750383853912354
0.004989387933164835
0.1278301328420639
0.554187536239624
0.8085548877716064
0.23345282673835754
0.8582479953765869
0.475911945104599
0.3848715126514435
0.08176878839731216
0.2978959381580353
0.68010014295578
0.4656538665294647
0.275778204202652
0.5983564257621765
0.24830256402492523
0.1298656463623047
0.42366623878479004
0.02821630798280239
0.2667376399040222
0.7726069688796997
0.4582161009311676
0.3162299692630768
0.5136568546295166
0.03781930357217789
0.514518141746521
0.05409654229879379
0.4329647421836853
0.986866295337677
0.7691332101821899
0.8900406360626221
0.20301644504070282
0.3121744990348816
0.9559612274169922
0.8781816959381104
0.44707491993904114
0.41371697187423706
0.8610811233520508
0.6069908142089844
0.09871317446231842
0.014961028471589088
0.7931946516036987
0.7163360118865967
0.11857570707798004
0.8453271985054016
0.22625739872455597
0.3426671624183655
0.745191752910614
0.6600370407104492
0.04509550705552101
0.4900430142879486
0.2440442144870758
0.015000779181718826
0.7349551320075989
0.8296529054641724
0.23210349678993225
0.629413902759552
0.5462136268615723
0.5488167405128479
0.5679346919059753
0.39881518483161926
0.15150143206119537
0.3806689977645874
0.016112880781292915
0.2811039686203003
0.5059499740600586
0.9082325100898743
0.26433002948760986
0.3595213294029236
0.4861452281475067
0.2811983823776245
0.9098354578018188
0.9598290920257568
0.4442947208881378
0.811830461025238
0.32905784249305725
0.756381094455719
0.5498125553131104
0.7540076375007629
0.11424724757671356
0.7807406187057495
0.8554269075393677
0.3933088183403015
0.18088367581367493
0.5090663433074951
0.8359373807907104
0.529576301574707
0.3163471519947052
0.5831567049026489
0.4535510241985321
0.1676470786333084
0.11097316443920135
0.4505484998226166
0.3367069959640503
0.5911840796470642
0.8713390827178955
0.5836056470870972
0.27855175733566284
0.475248783826828
0.8931358456611633
0.06403347104787827
0.622464656829834
0.37851980328559875
0.8465922474861145
0.26223665475845337
0.7582420706748962
0.18425926566123962
0.22847068309783936
0.5887085795402527
0.9498873353004456
0.9243295788764954
0.40575098991394043
0.12353108078241348
0.23619495332241058
0.0485047847032547
0.972383975982666
0.0269475057721138
0.7221140265464783
0.2258220762014389
0.43324771523475647
0.15989656746387482
0.6660842895507812
0.9121674299240112
0.21051445603370667
0.5369971990585327
0.8393436074256897
0.0619872622191906
0.7116164565086365
0.6582570672035217
0.5655601024627686
0.365787535905838
0.520358681678772
0.6750711798667908
0.11247750371694565
0.4594917297363281
0.08259959518909454
0.8271414041519165
0.8546503186225891
0.4351380467414856
0.5773270726203918
0.8942567706108093
0.039522621780633926
0.41694486141204834
0.3572516441345215
0.48905807733535767
0.10990080237388611
0.8688734769821167
0.6654559373855591
0.0037230276502668858
0.5812894701957703
0.5001854300498962
0.09761351346969604
0.6395325064659119
0.876910388469696
0.7641939520835876
0.9568728804588318
0.006674745585769415
0.9886256456375122
0.9225999712944031
0.26837393641471863
0.39756259322166443
0.13803339004516602
0.757361888885498
0.0967901200056076
0.9526355862617493
0.31683310866355896
0.4437878727912903
0.5957301259040833
0.4450516998767853
0.7734065651893616
0.19711469113826752
0.18507005274295807
0.06470387428998947
0.9572404026985168
0.9452031850814819
0.07512180507183075
0.06964624673128128
0.1516028791666031
0.08967991173267365
0.9420099258422852
0.6849679946899414
0.35498660802841187
0.75298672914505
0.17617088556289673
0.8297076225280762
0.4942847490310669
0.545879065990448
0.0054190494120121
0.15238064527511597
0.2397833615541458
0.5748839378356934
0.8253538012504578
0.5679376125335693
0.6451378464698792
0.826784610748291
0.2871558964252472
0.9113242030143738
0.20521359145641327
0.9378098845481873
0.02312765084207058
0.9074369072914124
0.515721321105957
0.44655007123947144
0.4620774984359741
0.8805566430091858
0.7694787383079529
0.6795572638511658
0.2880164384841919
0.8505600094795227
0.47315576672554016
0.49686694145202637
0.9982290267944336
0.8585425019264221
0.5360890626907349
0.694160521030426
0.799917995929718
0.14342133700847626
0.29053995013237
0.6261206269264221
0.31407430768013
0.5041106343269348
0.39581310749053955
0.4621686041355133
0.33788472414016724
0.5033866763114929
0.3114475905895233
0.43192145228385925
0.1348542422056198
0.18219628930091858
0.36821064352989197
0.5447847843170166
0.8000671863555908
0.020888742059469223
0.40515655279159546
0.0671328753232956
0.9257786273956299
0.13474801182746887
0.40775245428085327
0.2863065302371979
0.7377193570137024
0.5450599789619446
0.25622615218162537
0.7230773568153381
0.5820678472518921
0.4909651279449463
0.9802796840667725
0.5697486400604248
0.39450109004974365
0.08940339088439941
0.35280901193618774
0.9773995280265808
0.8842936754226685
0.8591268062591553
0.40581873059272766
0.20030011236667633
0.11667193472385406
0.058826446533203125
0.37493520975112915
0.5548980832099915
0.7844325304031372
0.562507688999176
0.0675261914730072
0.884804904460907
0.05024116858839989
0.039922963827848434
0.19644244015216827
0.1623012274503708
0.671090841293335
0.9411782026290894
0.7264896035194397
0.1414400190114975
0.9885445237159729
0.5249863862991333
0.09918099641799927
0.008071866817772388
0.7482545971870422
0.9649957418441772
0.9517894387245178
0.6163680553436279
0.9035642147064209
0.6793531775474548
0.27043259143829346
0.7374395132064819
0.32170629501342773
0.9683086276054382
0.32761791348457336
0.3345833122730255
0.4027484059333801
0.1484753042459488
0.39951953291893005
0.8781201839447021
0.06503854691982269
0.9068844318389893
0.4881800711154938
0.5609354376792908
0.7556996941566467
0.44163766503334045
0.3141336143016815
0.6948524713516235
0.30673983693122864
0.5281758308410645
0.2338714897632599
0.5397772192955017
0.6206251382827759
0.3104642331600189
0.5056501030921936
0.7040227055549622
0.03598640114068985
0.31509897112846375
0.24103280901908875
0.907850980758667
0.2691992223262787
0.3049808442592621
0.3611396849155426
0.34182021021842957
0.3311145305633545
0.9422454833984375
0.6996182203292847
0.632610559463501
0.49137407541275024
0.7985630035400391
0.1895468384027481
0.27945154905319214
0.36811017990112305
0.29238399863243103
0.5535388588905334
0.6819611191749573
0.7210455536842346
0.9349055886268616
0.4773194193840027
0.9117411971092224
0.6821781992912292
0.2522079646587372
0.48918381333351135
0.580352783203125
0.874605119228363
0.5401007533073425
0.031268686056137085
0.8477768301963806
0.2455507516860962
0.15144991874694824
0.9676252007484436
0.0024096739944070578
0.4276782274246216
0.2165854275226593
0.8496988415718079
0.8484154343605042
0.950327455997467
0.7140016555786133
0.1926407814025879
0.9871711134910583
0.5967585444450378
0.733894407749176
0.7962102890014648
0.887753963470459
0.48856356739997864
0.3705252707004547
0.1761089414358139
0.23802366852760315
0.020954621955752373
0.37810277938842773
0.30819451808929443
0.1853870302438736
0.43494224548339844
0.4351412355899811
0.7293779850006104
0.06336061656475067
0.8144775629043579
0.5995200276374817
0.2932998836040497
0.48011040687561035
0.3016499876976013
0.2483404129743576
0.3589048385620117
0.045460134744644165
0.8363634347915649
