512 4
0
33
47
394
491
1
260
295
368
400
2
115
304
433
483
3
149
181
284
494
4
225
230
300
313
5
137
202
257
283
6
16
43
94
395
7
128
131
297
472
1
8
216
290
321
9
70
121
151
492
1
10
210
479
490
11
81
165
236
442
12
43
296
331
367
13
57
81
192
420
14
18
53
496
501
15
25
121
399
494
9
16
214
283
414
17
24
113
238
266
18
357
385
453
465
11
15
19
175
277
5
20
80
159
425
21
280
322
389
459
22
46
110
447
474
23
134
208
282
295
24
157
244
478
486
25
240
406
444
490
26
35
190
434
454
27
109
156
157
439
28
59
74
359
436
20
29
252
404
478
30
39
54
123
385
5
31
236
338
418
32
101
124
379
414
11
33
215
481
506
34
84
239
272
377
7
35
110
226
446
36
398
408
503
504
37
136
262
476
498
38
137
182
305
310
35
39
107
444
506
40
113
176
211
243
41
76
182
207
224
42
154
271
295
315
15
43
394
400
426
34
44
125
269
440
45
344
448
467
483
46
294
312
432
467
16
47
274
370
504
6
23
48
250
452
49
118
277
442
491
50
51
58
257
473
27
51
170
263
364
52
169
170
455
491
26
43
53
268
309
7
54
214
301
497
55
111
281
385
508
56
389
414
419
508
57
59
268
288
511
50
58
131
139
346
59
121
362
484
503
60
283
312
380
505
32
45
61
243
398
62
117
176
200
265
33
63
209
383
459
56
64
120
293
346
65
179
221
304
447
10
18
66
319
486
54
67
252
395
487
50
52
68
459
482
69
142
196
202
227
70
79
215
299
420
27
71
175
403
436
72
113
310
450
459
73
292
347
373
494
74
107
129
300
479
35
75
283
322
355
76
175
217
295
459
18
77
283
388
446
1
78
198
200
206
79
160
178
407
433
80
179
340
380
459
81
194
274
298
470
35
39
82
336
387
46
83
225
351
389
7
84
201
422
496
52
67
85
164
238
27
86
281
295
310
87
215
270
433
474
88
212
268
285
476
59
64
89
220
330
67
90
142
367
371
54
82
91
208
347
12
46
92
145
242
22
93
191
337
420
26
29
94
345
420
95
312
330
440
442
24
30
58
96
326
68
97
99
342
497
67
98
295
387
474
99
105
192
193
216
100
152
197
242
266
101
206
355
467
493
28
102
419
422
483
89
103
188
355
406
18
81
104
308
461
35
105
143
163
402
102
106
284
326
362
80
107
126
283
463
33
100
108
110
464
109
145
371
391
487
110
140
193
319
404
111
141
163
296
495
79
112
139
392
503
113
114
117
144
163
22
114
137
288
467
22
115
323
367
397
8
32
116
275
464
117
120
361
425
507
24
118
242
249
503
119
144
309
480
494
43
120
222
260
449
42
121
159
161
509
122
189
358
416
471
86
123
431
455
458
63
124
309
393
453
87
125
157
330
479
36
71
126
400
452
127
397
414
420
442
31
128
136
450
488
129
383
416
439
443
57
130
196
267
346
79
131
287
326
440
77
132
289
496
505
32
118
133
472
499
52
134
159
340
491
12
54
92
135
479
136
178
214
272
387
137
189
192
207
466
116
138
155
416
470
139
191
301
389
459
124
140
249
380
482
33
141
223
415
477
76
142
269
379
411
91
113
143
461
464
144
175
227
431
456
145
195
213
244
301
134
146
148
203
481
96
106
147
185
401
128
144
148
304
499
149
155
180
351
500
95
130
150
249
344
116
151
162
254
322
21
152
184
260
449
20
112
153
226
337
18
58
128
150
154
126
155
190
331
359
25
109
130
142
156
157
191
237
312
458
35
158
164
249
511
126
128
159
361
416
160
171
264
355
458
140
161
240
458
468
22
162
357
376
436
134
163
268
462
502
164
200
405
436
451
1
106
165
261
382
30
166
259
348
436
16
55
167
284
344
168
214
247
311
385
117
169
216
220
399
58
170
253
417
491
170
171
297
307
345
44
130
172
206
273
51
173
383
438
455
90
123
174
418
457
69
79
175
295
453
176
296
301
453
459
132
177
254
303
315
65
75
142
178
225
67
82
179
228
269
6
180
201
410
442
165
181
212
253
349
182
289
339
352
360
104
183
267
273
459
184
196
248
378
447
35
111
185
327
379
13
186
303
361
473
112
126
187
333
471
83
151
188
327
474
12
189
238
299
400
27
145
190
347
427
103
180
191
193
240
34
186
192
298
415
86
193
234
257
337
69
184
194
296
374
48
96
195
221
427
196
290
292
363
497
89
197
244
275
423
80
198
343
376
501
63
135
199
264
429
8
200
251
273
426
87
106
127
201
299
32
94
202
236
497
56
203
346
374
417
98
204
338
391
436
57
139
202
205
300
0
52
206
326
338
188
207
230
281
481
208
307
315
432
494
11
172
209
451
477
96
165
210
401
478
84
137
211
247
324
167
206
212
261
312
127
213
229
298
423
165
214
215
421
429
18
34
210
215
472
111
216
280
401
431
39
153
196
217
388
218
374
425
441
475
11
106
219
364
448
98
129
154
220
253
221
260
311
394
495
222
254
351
395
469
216
223
267
388
426
184
224
226
227
493
84
190
225
450
485
140
226
393
409
447
32
50
227
263
339
47
73
82
228
298
22
139
161
229
485
19
230
238
245
510
28
73
114
191
231
210
232
240
289
453
159
212
233
277
319
228
234
235
259
289
156
235
316
346
483
30
236
400
478
493
22
36
237
338
466
105
229
238
277
352
33
144
215
239
304
57
80
240
250
417
74
241
310
425
439
135
242
248
334
342
29
189
232
243
487
13
80
241
244
501
245
285
287
346
406
187
246
315
400
492
10
150
247
254
432
5
201
214
221
248
190
240
249
273
349
202
250
316
394
442
15
251
272
308
458
94
173
252
358
439
253
365
376
402
428
120
154
254
286
371
177
218
255
439
510
156
168
170
256
437
59
69
257
400
408
10
128
171
258
340
109
232
246
259
338
158
196
260
447
491
87
261
287
342
485
7
22
115
262
420
174
263
297
343
395
54
161
169
263
264
142
165
166
265
418
266
363
449
482
500
65
267
271
282
428
225
268
373
457
504
106
172
269
375
482
78
211
270
347
375
108
271
369
370
380
124
134
170
272
475
104
159
273
434
511
13
62
170
252
274
16
49
108
168
275
7
187
272
276
425
60
88
277
442
444
87
241
278
390
398
78
122
202
279
298
133
159
241
280
298
266
281
338
412
462
154
185
212
282
286
153
169
224
283
337
224
284
288
365
449
184
285
332
484
496
133
240
286
319
490
71
172
177
287
454
93
115
288
405
510
14
125
289
299
415
47
290
340
435
481
217
291
320
361
419
191
263
292
299
423
73
127
218
293
364
104
267
294
429
508
21
71
174
221
295
111
130
152
296
381
165
297
323
326
337
120
191
233
298
500
81
147
185
244
299
256
300
319
328
437
83
104
301
324
495
132
218
302
376
379
91
287
303
385
494
161
256
304
455
478
30
212
226
305
509
269
306
380
393
405
20
114
127
307
414
8
32
175
200
308
33
123
155
309
357
51
157
217
310
393
6
14
105
250
311
40
151
298
312
402
23
75
248
280
313
173
232
291
314
345
145
163
172
315
471
152
301
316
438
440
126
188
207
276
317
271
312
318
429
482
44
83
202
245
319
152
162
210
285
320
119
140
321
428
448
47
107
256
322
473
190
208
323
489
510
43
256
321
324
457
249
265
325
346
494
33
85
147
326
360
23
39
187
255
327
59
177
252
328
336
67
329
450
473
506
180
324
330
445
488
208
331
469
489
495
189
200
332
503
508
8
39
294
333
361
108
271
316
334
388
164
242
328
335
494
237
293
336
366
412
191
213
337
434
473
2
303
338
398
425
78
255
265
339
455
75
118
340
356
370
192
208
341
357
455
183
231
331
342
411
73
168
197
257
343
209
311
344
385
510
79
169
278
345
443
10
175
346
479
496
12
174
246
347
372
8
118
257
331
348
60
126
293
340
349
43
80
211
323
350
96
256
345
351
467
41
296
352
375
420
108
144
167
183
353
12
179
275
353
354
248
355
368
384
491
60
103
356
366
479
168
291
295
299
357
144
225
358
492
503
5
49
133
204
359
55
261
311
360
439
84
207
361
449
489
51
170
245
257
362
123
177
259
324
363
46
54
162
364
461
279
293
365
443
504
33
255
293
366
386
5
259
318
367
443
56
208
333
368
451
63
106
115
369
417
172
370
373
421
446
66
205
250
371
377
249
263
297
372
454
52
312
331
373
416
116
120
374
412
503
32
126
344
375
444
131
205
358
376
398
57
221
377
432
447
32
152
355
378
392
57
154
188
379
483
15
262
380
476
501
8
245
381
433
459
23
29
64
280
382
106
268
352
383
503
19
368
384
387
433
178
249
347
385
397
117
152
235
386
418
129
237
269
387
457
47
89
269
283
388
89
167
388
389
429
312
390
419
423
429
144
226
316
391
472
0
6
48
89
392
115
234
296
389
393
144
202
394
463
481
107
325
395
410
442
321
343
396
474
485
40
94
118
224
397
111
137
199
360
398
23
84
177
276
399
63
83
235
355
400
164
214
310
401
468
37
83
155
402
470
259
274
294
352
403
70
142
384
404
486
80
147
259
303
405
8
164
406
447
510
110
305
320
355
407
18
25
138
408
436
21
36
187
331
409
209
266
302
410
441
67
187
332
411
445
5
174
277
290
412
53
134
136
396
413
236
314
360
414
500
68
123
415
437
489
122
189
269
280
416
281
379
395
417
496
11
149
298
386
418
22
25
26
400
419
52
180
380
399
420
48
162
338
421
493
200
264
411
413
422
2
52
94
406
423
29
243
424
437
459
21
110
232
296
425
218
272
396
426
504
76
170
270
274
427
46
136
313
368
428
80
416
423
429
472
62
328
373
430
434
22
42
427
431
510
127
167
211
215
432
58
172
433
490
498
197
292
300
429
434
22
30
237
426
435
211
285
351
374
436
26
210
266
437
508
25
37
71
232
438
187
240
283
439
446
38
86
121
213
440
92
198
293
441
482
34
42
211
248
442
20
114
147
422
443
202
223
303
444
503
83
184
260
325
445
14
329
393
446
450
273
304
447
480
489
95
258
378
392
448
77
314
449
450
505
54
56
129
322
450
172
220
449
451
474
143
160
323
428
452
95
122
181
300
453
264
360
447
454
495
60
329
342
443
455
108
206
268
319
456
100
102
271
302
457
305
403
450
458
484
37
98
186
241
459
125
333
355
460
493
52
69
105
221
461
25
45
158
176
462
153
195
260
457
463
109
160
439
464
511
191
365
377
445
465
201
322
466
472
479
7
139
320
467
502
31
77
144
182
468
41
214
258
326
469
138
334
418
427
470
110
216
237
415
471
33
110
398
472
506
39
79
92
470
473
11
217
289
306
474
88
314
342
362
475
115
238
393
468
476
12
13
97
328
477
234
300
320
409
478
30
51
155
369
479
264
359
373
472
480
325
441
453
481
503
119
224
245
474
482
185
393
430
483
511
23
132
135
239
484
0
12
80
485
497
13
237
318
426
486
93
154
449
487
506
127
163
203
348
488
35
147
166
172
489
190
209
392
427
490
47
181
279
347
491
266
300
309
492
500
145
153
366
493
496
50
77
213
398
494
251
368
377
454
495
35
158
221
496
502
116
127
151
203
497
128
238
251
311
498
193
242
294
365
499
24
117
130
270
500
260
280
288
318
501
11
30
133
446
502
134
199
237
310
503
118
266
474
487
504
64
200
259
370
505
115
224
495
499
506
157
170
191
452
507
56
165
426
442
508
2
135
155
267
509
275
301
373
476
510
12
22
144
432
511
0.5773685574531555
0.4289388656616211
0.09681405872106552
0.8219655156135559
0.9158104062080383
0.5559467673301697
0.541064977645874
0.06658942997455597
0.6881635785102844
0.4973844885826111
0.8161097168922424
0.9518610239028931
0.038847312331199646
0.31364718079566956
0.2896866202354431
0.08083316683769226
0.38737356662750244
0.5708821415901184
0.74447101354599
0.4883401691913605
0.3287895619869232
0.37047338485717773
0.6821779608726501
0.5210615992546082
0.9411348104476929
0.6347119808197021
0.3673112392425537
0.08350265026092529
0.37772709131240845
0.33630865812301636
0.47932782769203186
0.9748825430870056
0.6202401518821716
0.9114065170288086
0.14440423250198364
0.6939258575439453
0.7231929302215576
0.5744356513023376
0.19570185244083405
0.21485154330730438
0.788183331489563
0.2508431673049927
0.5762974619865417
0.39468973875045776
0.715516984462738
0.4900967478752136
0.5133982300758362
0.07278572022914886
0.33178141713142395
0.8701460361480713
0.06398198008537292
0.28233957290649414
0.9478719234466553
0.3238220810890198
0.554355263710022
0.8124290108680725
0.5907397270202637
0.24561649560928345
0.28377053141593933
0.341170072555542
0.04393289238214493
0.08887673914432526
0.3635657727718353
0.7491050958633423
0.8177213072776794
0.5993087887763977
0.6013369560241699
0.23014800250530243
0.560960054397583
0.11061014235019684
0.37846410274505615
0.1300482302904129
0.30780860781669617
0.5726619362831116
0.4389583468437195
0.16401395201683044
0.6525974273681641
0.18654732406139374
0.35499030351638794
0.11422430723905563
0.8414885401725769
0.32325279712677
0.30776140093803406
0.8058819770812988
0.7157617211341858
0.8752358555793762
0.9179081916809082
0.05858840048313141
0.25230905413627625
0.5413135290145874
0.6928017139434814
0.2905222475528717
0.4396463632583618
0.7982312440872192
0.49927833676338196
0.9644975066184998
0.15737590193748474
0.37745991349220276
0.022090982645750046
0.5531321167945862
0.8252099752426147
0.48025310039520264
0.5737727284431458
0.5887608528137207
0.2523665726184845
0.49417778849601746
0.6179767847061157
0.35724228620529175
0.8288558125495911
0.5447151064872742
0.7742833495140076
0.8985525369644165
0.8883072733879089
0.2897960841655731
0.08303414285182953
0.6862061619758606
0.05971863493323326
0.7932021021842957
0.9607993364334106
0.4738105535507202
0.36378708481788635
0.729595422744751
0.6630222797393799
0.5101632475852966
0.9613913297653198
0.3085174262523651
0.19965140521526337
0.10094113647937775
0.976518988609314
0.6270330548286438
0.9631493091583252
0.33501580357551575
0.022568199783563614
0.8324206471443176
0.1159680113196373
0.5797892212867737
0.1072307899594307
0.14728212356567383
0.3796030879020691
0.30100151896476746
0.9483226537704468
0.1609402447938919
0.6592140197753906
0.07968605309724808
0.18274185061454773
0.0945473462343216
0.8338606357574463
0.6352081298828125
0.9207794666290283
0.7102051377296448
0.35090601444244385
0.09423459321260452
0.8296741843223572
0.3597530722618103
0.45651406049728394
0.2425011694431305
0.3592737317085266
0.5085286498069763
0.7690625786781311
0.22869685292243958
0.9137020111083984
0.45660200715065
0.3096342980861664
0.5878177285194397
0.6172785758972168
0.08451124280691147
0.5459598302841187
0.33988896012306213
0.8273845911026001
0.634112536907196
0.4282991588115692
0.9864988923072815
0.5473838448524475
0.5862271189689636
0.4991043210029602
0.11617997288703918
0.3635455071926117
0.9863584041595459
0.08044835925102234
0.5364469289779663
0.6311836838722229
0.3243826627731323
0.36511269211769104
0.40872833132743835
0.8307556509971619
0.25076037645339966
0.48290762305259705
0.18786238133907318
0.2131347507238388
0.05634314566850662
0.3054957687854767
0.7868719696998596
0.7228348255157471
0.39173686504364014
0.9166942238807678
0.44331663846969604
0.8029530644416809
0.7443632483482361
0.5348486304283142
0.1834947019815445
0.050412144511938095
0.3656860888004303
0.46478575468063354
0.1746942400932312
0.6175638437271118
0.2977777123451233
0.6290024518966675
0.1349940001964569
0.3786524832248688
0.18291442096233368
0.19129052758216858
0.6099409461021423
0.4911418557167053
0.24384154379367828
0.8729044795036316
0.14319218695163727
0.9687957167625427
0.8938211798667908
0.35322389006614685
0.8494096994400024
0.521973729133606
0.24998338520526886
0.8761709332466125
0.9988407492637634
0.6255368590354919
0.4530893564224243
0.0993141308426857
0.3606380522251129
0.10375866293907166
0.7411560416221619
0.3975786864757538
0.49436771869659424
0.596226155757904
0.8702952861785889
0.6263136863708496
0.1146998330950737
0.9445008635520935
0.316986083984375
0.19989120960235596
0.3954263925552368
0.8441785573959351
0.8451516628265381
0.34116339683532715
0.9086273908615112
0.4955090582370758
0.8502594828605652
0.7767844796180725
0.3520714044570923
0.4608585834503174
0.7287436723709106
0.9088284373283386
0.2455337941646576
0.5783642530441284
0.19150210916996002
0.7521505355834961
0.010282261297106743
0.979261040687561
0.13127253949642181
0.8901375532150269
0.13936230540275574
0.7217522859573364
0.18717887997627258
0.19061052799224854
0.5163249969482422
0.09232926368713379
0.24014051258563995
0.41873982548713684
0.4687933027744293
0.9669917225837708
0.32182347774505615
0.7578258514404297
0.8161728382110596
0.08662243187427521
0.3136022388935089
0.39758649468421936
0.7488458156585693
0.5872865915298462
0.04769422858953476
0.09736532717943192
0.8546544909477234
0.4520445764064789
0.6774505972862244
0.19731742143630981
0.7098562717437744
0.9554452300071716
0.9129717946052551
0.945295512676239
0.18471123278141022
0.8639113306999207
0.6014735698699951
0.707721471786499
0.07152198255062103
0.7011797428131104
0.11832313239574432
0.15166352689266205
0.43751877546310425
0.11891315877437592
0.49974820017814636
0.17658941447734833
0.2471366822719574
0.3613327443599701
0.09196662157773972
0.14457431435585022
0.36104533076286316
0.752909779548645
0.8519249558448792
0.1812879890203476
0.15274351835250854
0.1305207908153534
0.5462895035743713
0.4058722257614136
0.8966488838195801
0.8167296648025513
0.42671024799346924
0.6500265598297119
0.24888500571250916
0.6815694570541382
0.4278082251548767
0.048295293003320694
0.19332000613212585
0.5385422706604004
0.07597701996564865
0.8909987807273865
0.334438681602478
0.19314071536064148
0.287869930267334
0.02802225947380066
0.4198508858680725
0.42731398344039917
0.3423863351345062
0.38332435488700867
0.8752372860908508
0.8012515902519226
0.8076550364494324
0.8370629549026489
0.9366170763969421
0.8012880086898804
0.38524186611175537
0.40073665976524353
0.18110284209251404
0.6840941309928894
0.10738864541053772
0.4104708135128021
0.5216127038002014
0.03038342110812664
0.35500380396842957
0.33906105160713196
0.9278252124786377
0.5876253247261047
0.5021160244941711
0.6616650819778442
0.09809575974941254
0.6604765057563782
0.8343267440795898
0.8565847873687744
0.7993139028549194
0.5539156794548035
0.8286859393119812
0.5599145889282227
0.6299976110458374
0.5503590106964111
0.8293278813362122
0.3701004683971405
0.1547958105802536
0.7296568751335144
0.9377133846282959
0.9640403389930725
0.8097356557846069
0.6893699765205383
0.24958012998104095
0.7605427503585815
0.6778753399848938
0.7945826053619385
0.49966585636138916
0.9959661364555359
0.6239875555038452
0.9935614466667175
0.3234894573688507
0.8275936245918274
0.5027514100074768
0.8689323663711548
0.5727822184562683
0.8356821537017822
0.34513482451438904
0.9905755519866943
0.0424170047044754
0.25912708044052124
0.5874005556106567
0.45974937081336975
0.19739872217178345
0.7621433138847351
0.8900720477104187
0.7222674489021301
0.7836187481880188
0.4021686315536499
0.3846804201602936
0.08811009675264359
0.11351754516363144
0.007254337891936302
0.32709401845932007
0.7804522514343262
0.561790943145752
0.4486006498336792
0.16750852763652802
0.6171228289604187
0.9180905818939209
0.9178206920623779
0.13007797300815582
0.12252379953861237
0.16862930357456207
0.21860593557357788
0.4360434412956238
0.4718622863292694
0.20115067064762115
0.016543589532375336
0.8074582815170288
0.8927507400512695
0.656848132610321
0.956781804561615
0.029671594500541687
0.6385552287101746
0.7299168705940247
0.4210282862186432
0.14209875464439392
0.3929062783718109
0.4057379961013794
0.49314355850219727
0.03326370194554329
0.1535746455192566
0.101656474173069
0.5081980228424072
0.5504795908927917
0.7126506567001343
0.7600740194320679
0.3269976079463959
0.3892157971858978
0.9738985300064087
0.2051895558834076
0.7616058588027954
0.9678741693496704
0.5159244537353516
0.5520510077476501
0.2818378806114197
0.9057340621948242
0.2288588583469391
0.5994670391082764
0.38777127861976624
0.3024802803993225
0.624241054058075
0.14590904116630554
0.20038923621177673
0.5449761748313904
0.5688844323158264
0.6402867436408997
0.3109596073627472
0.20916962623596191
0.6460689306259155
0.04252186417579651
0.3490040898323059
0.9021885991096497
0.24327971041202545
0.5736464262008667
0.0696570947766304
0.9265692830085754
0.5921779274940491
0.08301649242639542
0.8937270641326904
0.6608299612998962
0.46757325530052185
0.577650249004364
0.6895476579666138
0.07261200994253159
0.5871883034706116
0.24317391216754913
0.24314995110034943
0.32185354828834534
0.6799072027206421
0.3934723138809204
0.20744717121124268
0.8513269424438477
0.5690194368362427
0.3898102045059204
0.38603928685188293
0.5693773031234741
0.7386426329612732
0.7499144673347473
0.6137385964393616
0.6322160363197327
0.4906355142593384
0.16999173164367676
0.05042373389005661
0.8251624703407288
0.7705518007278442
0.20302453637123108
0.04669486731290817
0.3082803189754486
0.7201847434043884
0.38517165184020996
0.5749601721763611
0.8427000045776367
0.307192862033844
0.5371532440185547
0.8164005279541016
0.49387866258621216
0.11519155651330948
0.8862787485122681
0.17626847326755524
0.9058142304420471
0.25129276514053345
0.25773686170578003
0.2776114344596863
0.11864157021045685
0.08963386714458466
0.6750186681747437
0.8582237362861633
0.6210194230079651
0.46130266785621643
0.9211534261703491
0.8497475981712341
0.4962897300720215
0.33073535561561584
0.6438349485397339
0.09684186428785324
0.8898480534553528
0.28902411460876465
0.9052265286445618
0.7968888282775879
0.13644997775554657
0.31155261397361755
0.500657856464386
0.49016085267066956
0.20015843212604523
0.5864138007164001
0.4097936749458313
0.741995632648468
0.10951105505228043
0.47328081727027893
0.0789220780134201
0.6315776705741882
0.13122300803661346
0.8557483553886414
0.8130655288696289
0.39173758029937744
0.1656806915998459
0.1678163707256317
0.9744707942008972
0.7381172180175781
0.9602367877960205
0.4363190233707428
0.46241846680641174
0.5894419550895691
0.8301808834075928
0.9768946170806885
0.8674867749214172
0.8849711418151855
0.03530304506421089
0.9921283721923828
0.536935031414032
0.3732624650001526
0.902481198310852
0.19207222759723663
0.004852354060858488
0.32419613003730774
0.17954936623573303
0.5689906477928162
0.730807363986969
0.26742154359817505
0.7708917260169983
0.21727165579795837
0.2579738199710846
0.892545759677887
0.08733553439378738
0.7638751268386841
0.8493654131889343
0.5613879561424255
0.8777749538421631
0.27218589186668396
0.3752419948577881
0.41016700863838196
0.019770635291934013
0.9277070760726929
0.44241732358932495
0.40497344732284546
0.4320061504840851
0.45801955461502075
0.3571571111679077
0.11668521910905838
0.31022539734840393
0.2796071767807007
0.20076929032802582
0.24154046177864075
0.5862333178520203
0.31398865580558777
0.6681331992149353
0.7354576587677002
0.06046657636761665
0.7567269802093506
0.6315432190895081
0.25796109437942505
0.13895325362682343
0.03694402053952217
0.056670110672712326
0.23595555126667023
0.5163730978965759
0.40371808409690857
0.9853783845901489
0.9440283179283142
0.42795565724372864
0.8714872002601624
0.14334402978420258
0.5882063508033752
0.15245887637138367
0.8032575249671936
0.8986075520515442
0.7906704545021057
0.41589394211769104
0.4482244551181793
0.7395996451377869
0.04526209086179733
0.26049819588661194
0.9024287462234497
0.27647489309310913
0.3444036543369293
0.7007569670677185
0.6674628853797913
0.7720773220062256
0.0940520167350769
0.0826304629445076
0.6001414060592651
0.2534092366695404
0.14495918154716492
0.008102706633508205
0.4044153392314911
0.17692182958126068
0.8559058308601379
0.22091038525104523
0.7281283140182495
0.44115614891052246
0.32089918851852417
0.9765975475311279
0.09281390905380249
0.759231686592102
0.9708517789840698
0.7590838670730591
0.010374506935477257
0.8449662327766418
0.724602222442627
0.325486958026886
0.5680611729621887
0.8510540127754211
0.5727020502090454
0.45814645290374756
0.3940666913986206
0.8961098194122314
0.11730348318815231
0.2982013523578644
0.009804576635360718
0.8111057877540588
0.12038979679346085
0.015189757570624352
0.5397634506225586
0.6737556457519531
0.22442017495632172
0.04242837429046631
0.13188539445400238
0.9032963514328003
0.612484872341156
0.7082846760749817
0.8067091703414917
0.8790647387504578
0.13154219090938568
0.9431448578834534
0.31407076120376587
0.5151124596595764
0.45379966497421265
0.6402129530906677
0.9298979640007019
0.4194137454032898
0.5265781879425049
0.5961300134658813
0.241071417927742
0.6739820837974548
0.5689849853515625
0.1591983437538147
0.15120309591293335
0.6664029955863953
0.1884089559316635
0.6713332533836365
0.3835069537162781
0.2540588676929474
0.27134132385253906
0.31149131059646606
0.3329993188381195
0.9777625203132629
0.5579946637153625
0.8793804049491882
0.5841370224952698
0.5867348909378052
0.8929974436759949
0.18832246959209442
0.8015891313552856
0.03229733929038048
0.5141870975494385
0.6588614583015442
0.6735644936561584
0.04370737448334694
0.24489939212799072
0.18567848205566406
0.6438650488853455
0.5296541452407837
0.5573481917381287
0.9865649938583374
0.5235251188278198
0.8610495924949646
0.5333073139190674
0.4614597260951996
0.1353866457939148
0.9578277468681335
0.4907650947570801
0.8758622407913208
0.2530249059200287
0.0025939783081412315
0.5902382135391235
0.7122795581817627
0.46635735034942627
0.6956904530525208
0.6032605767250061
0.090977743268013
0.4786534309387207
0.31322410702705383
0.27027010917663574
0.27047228813171387
0.8641846179962158
0.19587504863739014
0.6981551051139832
0.8720855116844177
0.969948410987854
0.35100144147872925
0.6833259463310242
0.2606949210166931
0.4331457018852234
0.6791772246360779
0.3743124306201935
0.8212935924530029
0.7323761582374573
0.738860011100769
0.6907922625541687
0.49865201115608215
0.5298770070075989
0.04713565111160278
0.19183991849422455
0.32838916778564453
0.5574087500572205
0.2611676752567291
0.810755729675293
0.733144998550415
0.15607887506484985
0.8579716682434082
0.4649758040904999
0.7587921619415283
0.2624698579311371
0.7355575561523438
0.6169828772544861
0.49689334630966187
0.11958524584770203
0.970154345035553
0.44159719347953796
0.6483778953552246
0.8714646697044373
0.9322296380996704
0.6286152005195618
0.40160417556762695
0.7965888381004333
0.2541632354259491
0.6314494609832764
0.44724592566490173
0.6833449006080627
0.3184721767902374
0.22680360078811646
0.7100145816802979
0.378190815448761
0.9110524654388428
0.8156330585479736
0.07331762462854385
0.030907491222023964
0.3696489930152893
0.46494147181510925
0.236679807305336
0.5168756246566772
0.6000732779502869
0.3052542805671692
0.37606117129325867
0.9698148965835571
0.8895576596260071
0.5960663557052612
0.6639254689216614
0.6023215055465698
0.834868848323822
0.9622631669044495
0.5403268337249756
0.30484163761138916
0.5925930738449097
0.1668969839811325
0.8841072916984558
0.42699334025382996
0.24420252442359924
0.42168834805488586
0.15190741419792175
0.8919325470924377
0.03235985338687897
0.2778898775577545
0.5413810610771179
0.7307088971138
0.20239311456680298
0.4608769416809082
0.09235171228647232
0.1255558431148529
0.5548808574676514
0.6018337607383728
0.014845279045403004
0.1481238454580307
0.7043784260749817
0.720128059387207
0.6210299730300903
0.8079273104667664
0.574774980545044
0.9404858946800232
0.5110162496566772
0.8491389155387878
0.0650390163064003
0.7271156907081604
0.3085514307022095
0.6370624303817749
0.8683446645736694
0.050438158214092255
0.5405644178390503
0.20231282711029053
0.9390084147453308
0.7894759774208069
0.26106134057044983
0.3901923894882202
0.2582148611545563
0.6735857129096985
0.9595065712928772
0.45852524042129517
0.8623183369636536
0.21288788318634033
0.12883912026882172
0.8785488605499268
0.867251992225647
0.1741943508386612
0.27776384353637695
0.7652252912521362
0.23644353449344635
0.5560289025306702
0.0903569832444191
0.9975018501281738
0.31638357043266296
0.7878307700157166
0.6308413743972778
0.8166335225105286
0.5321954488754272
0.4918329119682312
0.544269859790802
0.5846184492111206
0.5333049893379211
0.9517432451248169
0.6816731691360474
0.731887698173523
0.9971371293067932
0.9237328767776489
0.8770005106925964
0.6018009781837463
0.36410051584243774
0.9605538845062256
0.7696988582611084
0.8994046449661255
0.5477904081344604
0.5265883207321167
0.8390337228775024
0.13871125876903534
0.15379321575164795
0.7329071164131165
0.2992236614227295
0.6801792979240417
0.2030576914548874
0.4135645925998688
0.7824503779411316
0.7356573343276978
0.7307224869728088
0.4728493094444275
0.3728289306163788
0.8499260544776917
0.5416715145111084
0.2424560785293579
0.1740988940000534
0.002920303260907531
0.8139680027961731
0.7176772952079773
0.3197721540927887
0.17887729406356812
0.5780723690986633
0.18397937715053558
0.5762159824371338
0.5728797316551208
0.5758810639381409
0.10473424196243286
0.279541552066803
0.679078221321106
0.7767621874809265
0.05699984356760979
0.6824771165847778
0.2653491199016571
0.23173896968364716
0.3779790699481964
0.00042512849904596806
0.38986316323280334
0.33469924330711365
0.30460256338119507
0.9597036838531494
0.472683310508728
0.394097238779068
0.31988009810447693
0.6951931715011597
0.1635192483663559
0.1365155577659607
0.33815810084342957
0.1734197437763214
0.02966579608619213
0.8088022470474243
0.14772313833236694
0.622511625289917
0.4494752287864685
0.6921868920326233
0.5490743517875671
0.18580642342567444
0.02140974812209606
0.23373794555664062
0.9964344501495361
0.2390930950641632
0.2854752242565155
0.9479038119316101
0.32306724786758423
0.2349943369626999
0.12991221249103546
0.3919304609298706
0.03191354125738144
0.47279444336891174
0.7422761917114258
0.9878290891647339
0.3411900997161865
0.9068642854690552
0.9072226881980896
0.31908854842185974
0.6550163626670837
0.08091846108436584
0.4395042955875397
0.9555726051330566
0.01914064958691597
0.11642885208129883
0.05397186428308487
0.7332175374031067
0.3234513998031616
0.30609971284866333
0.37785637378692627
0.032763537019491196
0.023673951625823975
0.9308924674987793
0.03132721781730652
0.03694120794534683
0.9329516291618347
0.7297030687332153
0.36618542671203613
0.6925889253616333
0.2936021685600281
0.01798456534743309
0.017531434074044228
0.07246025651693344
0.388885498046875
0.38725802302360535
0.6856565475463867
0.12143160402774811
0.4634915590286255
0.2324996292591095
0.25326135754585266
0.2207401692867279
0.3883753716945648
0.21723070740699768
0.911965012550354
0.654146134853363
0.308460533618927
0.22876696288585663
0.3073122501373291
0.4211634397506714
0.19944791495800018
0.5993730425834656
0.04510391503572464
0.9785687327384949
0.5392706394195557
0.5873929858207703
0.25633808970451355
0.9199752807617188
0.060491014271974564
0.5340064764022827
0.9687606692314148
0.44539448618888855
0.5668520331382751
0.006569474935531616
0.5365070700645447
0.2958602011203766
0.9513148069381714
0.2339029610157013
0.5092104077339172
0.7750524878501892
0.18475563824176788
0.11215702444314957
0.11067281663417816
0.57065749168396
0.6021381616592407
0.7657011151313782
0.7838203310966492
0.8632917404174805
0.7438552379608154
0.5592280030250549
0.09632742404937744
0.9815251231193542
0.5868545174598694
0.4651542603969574
0.004859616979956627
0.6474548578262329
0.33591875433921814
0.31882965564727783
0.13674581050872803
0.15959432721138
0.4709731340408325
0.6572394967079163
0.5847106575965881
0.4327303171157837
0.10444831103086472
0.08558856695890427
0.1625368446111679
0.7466394305229187
0.35236749053001404
0.32193636894226074
0.3398723006248474
0.9159209132194519
0.4762546718120575
0.03908345848321915
0.5689560770988464
0.11979792267084122
0.16447386145591736
0.42410147190093994
0.9147347211837769
0.3975590467453003
0.1626523733139038
0.13354547321796417
0.9732166528701782
0.4157868027687073
0.8119131326675415
0.5168501138687134
0.5574774146080017
0.04659546539187431
0.8069847822189331
0.7445687055587769
0.9667403101921082
0.6716050505638123
0.24469023942947388
0.5856342315673828
0.42259836196899414
0.8075944185256958
0.5123788118362427
0.9057899713516235
0.1984422653913498
0.7286990284919739
0.39513668417930603
0.994032084941864
0.708740770816803
0.42251893877983093
0.6855445504188538
0.21031586825847626
0.2221805453300476
0.8727373480796814
0.23002079129219055
0.47566643357276917
0.5007580518722534
0.07881668210029602
0.2046683132648468
0.30575451254844666
0.8220804929733276
0.4333954155445099
0.9503220319747925
0.43728339672088623
0.5031800270080566
0.49010559916496277
0.44623106718063354
0.38212698698043823
0.5967518091201782
0.9192405939102173
0.7195993065834045
0.41687440872192383
0.9650893211364746
0.8450258374214172
0.6294324398040771
0.8405175805091858
0.21563440561294556
0.9329875707626343
0.188702791929245
0.41343268752098083
0.10540658235549927
0.5911945104598999
0.9308119416236877
0.5042824149131775
0.13767065107822418
0.6216104030609131
0.7190576791763306
0.12000339478254318
0.1890682578086853
0.7006245851516724
0.07185555249452591
0.16749511659145355
0.12654618918895721
0.9910406470298767
0.521287202835083
0.6383161544799805
0.5992055535316467
0.06014813110232353
0.017663219943642616
0.39118871092796326
0.6938331127166748
0.17934133112430573
0.37190568447113037
0.22957868874073029
0.6276060342788696
0.626662015914917
0.8200247287750244
0.8410830497741699
0.7761759757995605
0.3800535798072815
0.02494993433356285
0.24893009662628174
0.13935844600200653
0.7523201704025269
0.0074142711237072945
0.9233084917068481
0.6843954920768738
0.2179848998785019
0.7781628370285034
0.24277399480342865
0.48208510875701904
0.8186929225921631
0.38052690029144287
0.31110119819641113
0.046362701803445816
0.5294985175132751
0.9033483862876892
0.14359994232654572
0.11776662617921829
0.33410269021987915
0.004166907165199518
0.26175037026405334
0.6060097813606262
0.7782056927680969
0.2998209297657013
0.42058268189430237
0.7512791156768799
0.013094141148030758
0.6804084777832031
0.8281587362289429
0.016298355534672737
0.19860893487930298
0.21033640205860138
0.030435780063271523
0.5954294204711914
0.48836377263069153
0.36646223068237305
0.23002932965755463
0.09798771888017654
0.5935991406440735
0.7988647818565369
0.9630171060562134
0.1644424945116043
0.6067607402801514
0.46663999557495117
0.15670102834701538
0.7317420244216919
0.6582081317901611
0.3192322254180908
0.47095006704330444
0.5536659359931946
0.8221650123596191
0.44386109709739685
0.23596897721290588
0.662975549697876
0.3988369405269623
0.12980850040912628
0.5226847529411316
0.09297909587621689
0.8345488905906677
0.7671278715133667
0.8763830661773682
0.20735040307044983
0.17880499362945557
0.2471558302640915
0.10378846526145935
0.2343873232603073
0.9719551205635071
0.7266125679016113
0.6027845740318298
0.6237689852714539
0.8520203232765198
0.3192877769470215
0.10552190244197845
0.9888352155685425
0.6294208765029907
0.3019692897796631
0.4766741096973419
0.24805574119091034
0.22654740512371063
0.1933649182319641
0.2462678849697113
0.6003942489624023
0.1808648407459259
0.15991650521755219
0.7979753017425537
0.8886487483978271
0.8470274806022644
0.5031254887580872
0.8885201215744019
0.41677942872047424
0.9079322814941406
0.9663968682289124
0.5337422490119934
0.24881646037101746
0.46346354484558105
0.43761831521987915
0.7162483334541321
0.7676427364349365
0.288761168718338
0.9347920417785645
0.1888907551765442
0.10127594321966171
0.07765497267246246
0.1718432456254959
0.1852651685476303
0.9007765054702759
0.38273289799690247
0.08457673341035843
0.3731873035430908
0.6302040815353394
0.6157620549201965
0.8815635442733765
0.14724454283714294
0.34860554337501526
0.5066771507263184
0.7945568561553955
0.10369273275136948
0.47828492522239685
0.8117043375968933
0.6150857210159302
0.9063504934310913
0.2785543203353882
0.5903173089027405
0.614811360836029
0.5723795890808105
0.47688525915145874
0.9082964062690735
0.1453120857477188
0.10070396214723587
0.7649051547050476
0.5301519632339478
0.41388964653015137
0.26101118326187134
0.7241425514221191
0.786838710308075
0.26755911111831665
0.20125716924667358
0.33981460332870483
0.3050253391265869
0.3602757155895233
0.9314032196998596
0.6492046117782593
0.3315461277961731
0.1919824331998825
0.002849697368219495
0.12993408739566803
0.36990949511528015
0.1209290623664856
0.8752732872962952
0.5397710800170898
0.2722325325012207
0.7349990010261536
0.10812102258205414
0.5738235116004944
0.2571917474269867
0.27332350611686707
0.48738083243370056
0.7614876627922058
0.03196089714765549
0.6313978433609009
0.22488726675510406
0.12210965901613235
0.20954465866088867
0.7795435786247253
0.6056462526321411
0.22281356155872345
0.7331331372261047
0.6266714930534363
0.3994981050491333
0.287456214427948
0.5048715472221375
0.586136519908905
0.21477742493152618
0.821085512638092
0.24339896440505981
0.3496784567832947
0.44171828031539917
0.8811651468276978
0.5353649854660034
0.2994921803474426
0.7162659168243408
0.606015145778656
0.9303595423698425
0.2920585870742798
0.2748079001903534
0.7471832633018494
0.17149293422698975
0.7942574620246887
0.6470418572425842
0.1095072403550148
0.219208762049675
0.5630029439926147
0.8299380540847778
0.0056777759455144405
0.22051198780536652
0.7356338500976562
0.35614731907844543
0.7299797534942627
0.45698419213294983
0.38212960958480835
0.45920121669769287
0.4402032494544983
0.6900699138641357
0.7314698696136475
0.7548294067382812
0.035431381314992905
0.2947003245353699
0.3313501179218292
0.588557243347168
0.40284284949302673
0.12991373240947723
0.5768935084342957
0.7264040112495422
0.43001455068588257
0.11905203759670258
0.3557389974594116
0.9887662529945374
0.1708991527557373
0.7942261099815369
0.8106473088264465
0.7753734588623047
0.6582127213478088
0.9732020497322083
0.11297854781150818
0.27211466431617737
0.817481279373169
0.9417961239814758
0.7876219749450684
0.7973124384880066
0.2150636911392212
0.8215253353118896
0.03286973014473915
0.5984398722648621
0.09137747436761856
0.6005199551582336
0.8112072944641113
0.26891443133354187
0.7199704647064209
0.14013554155826569
0.9743925333023071
0.31048640608787537
0.7519326210021973
0.8224427700042725
0.2219959795475006
0.04421510547399521
0.27108344435691833
0.9595166444778442
0.7267462015151978
0.4720962941646576
0.33222177624702454
0.9534022212028503
0.4485521912574768
0.1541387140750885
0.3295280337333679
0.4971374273300171
0.44512730836868286
0.2563877999782562
0.7333950996398926
0.07272819429636002
0.031125592067837715
0.5982474088668823
0.2792002856731415
0.9388288855552673
0.6766859292984009
0.0853484645485878
0.8950480818748474
0.8330490589141846
0.016118116676807404
0.011144356802105904
0.6281406879425049
0.8109707236289978
0.6735056042671204
0.24743232131004333
0.16590170562267303
0.5556578636169434
0.3863551914691925
0.7884783744812012
0.9055476784706116
0.6124278903007507
0.5602088570594788
0.5247142314910889
0.6483528017997742
0.08861982077360153
0.9894649386405945
0.5726895928382874
0.8943712711334229
0.3921520411968231
0.7623924612998962
0.6846761703491211
0.632823646068573
0.9833701848983765
0.2649049758911133
0.35510334372520447
0.11328594386577606
0.957312285900116
0.1980198323726654
0.4497418999671936
0.9079074859619141
0.3436131477355957
0.7139585614204407
0.9973200559616089
0.0951024517416954
0.8934159278869629
0.676872193813324
0.41126489639282227
0.8555657863616943
0.8776946067810059
0.28744369745254517
0.9815017580986023
0.7854397296905518
0.2595122158527374
0.8330581188201904
0.696354329586029
0.7812682390213013
0.44212478399276733
0.7075254321098328
0.7173463106155396
0.05685550346970558
0.44731613993644714
0.8922246694564819
0.2228512167930603
0.37157541513442993
0.3670656681060791
0.7084645628929138
0.6506561636924744
0.10663382709026337
0.7837892770767212
0.4877176284790039
0.7667738795280457
0.023947635665535927
0.7703050971031189
0.833225429058075
0.013584342785179615
0.03344167768955231
0.9431145191192627
0.618498682975769
0.8419656157493591
0.1392342448234558
0.23420687019824982
0.04993406683206558
0.1898905336856842
0.521786630153656
0.13272792100906372
0.6965551376342773
0.2699417769908905
0.18345904350280762
0.7660656571388245
0.8389846682548523
0.18202169239521027
0.20993897318840027
0.3358178436756134
0.3418349027633667
0.4405273199081421
0.9778686165809631
0.36864200234413147
0.5696631073951721
0.04653574526309967
0.8646954894065857
0.08241555094718933
0.25963860750198364
0.24264182150363922
0.28943631052970886
0.7662853598594666
0.8070194721221924
0.7206923961639404
0.20649640262126923
0.8676996827125549
0.6398489475250244
0.9768423438072205
0.34096264839172363
0.9359149932861328
0.5714529752731323
0.9535056948661804
0.5709369778633118
0.07712376117706299
0.8438816666603088
0.8276366591453552
0.717879593372345
0.9100255966186523
0.04587499052286148
0.40111467242240906
0.15901221334934235
0.7791095972061157
0.5903486609458923
0.6473384499549866
0.4615269899368286
0.8639141917228699
0.38542816042900085
0.6232271790504456
0.4163269102573395
0.4609033763408661
0.2467774897813797
0.7802221179008484
0.09006617963314056
0.7908037900924683
0.5577183365821838
0.8522578477859497
0.020712973549962044
0.25765982270240784
0.7721006274223328
0.16082817316055298
0.22482933104038239
0.11853854358196259
0.33561885356903076
0.7526078820228577
0.6387004852294922
0.3102046251296997
0.29201963543891907
0.6007150411605835
0.8060398101806641
0.5975959897041321
0.8997048139572144
0.8562247157096863
0.7765653729438782
0.7509075999259949
0.31750884652137756
0.47209036350250244
0.32230421900749207
0.8177071213722229
0.15770776569843292
0.5037077069282532
0.18415378034114838
0.07888288795948029
0.8262594938278198
0.4872649312019348
0.027819065377116203
0.5141367316246033
0.812969446182251
0.449369877576828
0.8442324995994568
0.3479170501232147
0.4183458685874939
0.3898341953754425
0.5231101512908936
0.9119654297828674
0.3526557683944702
0.9620763659477234
0.18709205090999603
0.8479949235916138
0.22865810990333557
0.012729502283036709
0.7178544998168945
0.3265072703361511
0.41151654720306396
0.3734894394874573
0.7951506972312927
0.3076886832714081
0.6123157739639282
0.013115578331053257
0.8093512654304504
0.5975817441940308
0.22446906566619873
0.3198080360889435
0.3869183361530304
0.5665008425712585
0.7735554575920105
0.594880223274231
0.06620550155639648
0.43912601470947266
0.40452608466148376
0.5633218884468079
0.9337412714958191
0.4570285975933075
0.8581403493881226
0.6207488179206848
0.5489052534103394
0.7597537040710449
0.3774731457233429
0.3067770004272461
0.9105668067932129
0.7699093222618103
0.5777639746665955
0.30013373494148254
0.9414353966712952
0.23799650371074677
0.8148572444915771
0.6857401728630066
0.3911699056625366
0.8773359060287476
0.06743824481964111
0.503578782081604
0.009554036892950535
0.533721387386322
0.01794111169874668
0.8057246804237366
0.6208296418190002
0.018999706953763962
0.19821219146251678
0.7265453934669495
0.5147780179977417
0.28213077783584595
0.0686650425195694
0.6159338355064392
0.17964869737625122
0.7109205722808838
0.1480991244316101
0.6614446043968201
0.04578007385134697
0.6950700283050537
0.2192133069038391
0.5139946341514587
0.07641860842704773
0.0852995440363884
0.3334445357322693
0.5693545937538147
0.4014720618724823
0.08087176084518433
0.9580227136611938
0.673396646976471
0.6827338337898254
0.30593711137771606
0.7905556559562683
0.3936314582824707
0.4556978642940521
0.9860283732414246
0.0985005795955658
0.016081225126981735
0.5133854150772095
0.2940196394920349
0.9750901460647583
0.23500263690948486
0.3834536373615265
0.9818094968795776
0.9529141783714294
0.29594841599464417
0.028057193383574486
0.5198811292648315
0.9538820385932922
0.836662769317627
0.43345239758491516
0.4730772078037262
0.07689884305000305
0.3892055153846741
0.4036776125431061
0.5559540390968323
0.31219562888145447
0.8588447570800781
0.09711408615112305
0.34654247760772705
0.750860333442688
0.8801427483558655
0.6412284970283508
0.03262367472052574
0.4124331772327423
0.8424021005630493
0.3426482081413269
0.05189698189496994
0.8055853247642517
0.6246192455291748
0.053176287561655045
0.9469746351242065
0.9820687770843506
0.9260203838348389
0.36004748940467834
0.9693717360496521
0.14945261180400848
0.7814162373542786
0.10649170726537704
0.9124051928520203
0.6935375928878784
0.2431216537952423
0.026918521150946617
0.04408255219459534
0.34927478432655334
0.11842914670705795
0.800613284111023
0.08486729860305786
0.2102552205324173
0.980898916721344
0.8585788607597351
0.3435649871826172
0.27955180406570435
0.732494592666626
0.4227822721004486
0.7340592741966248
0.5159607529640198
0.6798644661903381
0.3498053252696991
0.8343470096588135
0.48160693049430847
0.5170718431472778
0.9858091473579407
0.8366712927818298
0.637260913848877
0.23284564912319183
0.6225993633270264
0.3140772581100464
0.0005108495242893696
0.45238247513771057
0.3841610550880432
0.6420103311538696
0.6725573539733887
0.4546111226081848
0.4027533233165741
0.9832932353019714
0.9477579593658447
0.8399814963340759
0.037016257643699646
0.27888965606689453
0.30391278862953186
0.5087140202522278
0.3570641577243805
0.06931738555431366
0.6254141330718994
0.7875158786773682
0.6360951662063599
0.889395534992218
0.4298538267612457
0.6772782206535339
0.7960245609283447
0.09185373783111572
0.08363042026758194
0.5935649871826172
0.6534327864646912
0.5389610528945923
0.5945594310760498
0.3855910301208496
0.7984331250190735
0.2295154631137848
0.25921911001205444
0.7916783690452576
0.026410644873976707
0.31505444645881653
0.6410605311393738
0.028113117441534996
0.18541310727596283
0.009873542003333569
0.06309814751148224
0.016808485612273216
0.2922634184360504
0.7141246795654297
0.6188808083534241
0.9167435765266418
0.1654079258441925
0.4709245562553406
0.37713849544525146
0.10273902118206024
0.7505091428756714
0.5714457035064697
0.19322672486305237
0.14379537105560303
0.4961529076099396
0.3025856018066406
0.27877378463745117
0.922081470489502
0.5975436568260193
0.4344606101512909
0.40496405959129333
0.5018924474716187
0.8869699835777283
0.8567052483558655
0.9212411642074585
0.4412858188152313
0.8304309248924255
0.1937817633152008
0.26209408044815063
0.9443614482879639
0.9521422386169434
0.3900623023509979
0.38997212052345276
0.5275112986564636
0.9931953549385071
0.26042866706848145
0.950577437877655
0.581605851650238
0.03318420797586441
0.37064188718795776
0.24823011457920074
0.03782401233911514
0.41056039929389954
0.23737937211990356
0.5785216689109802
0.8680444955825806
0.6087532043457031
0.1728581041097641
0.8063560128211975
0.0006512395921163261
0.7250129580497742
0.5554688572883606
0.5001622438430786
0.9914075136184692
0.2720935046672821
0.8363131880760193
0.0022055075969547033
0.5723592638969421
0.40952324867248535
0.11842012405395508
0.787964940071106
0.12078849226236343
0.8637517094612122
0.11185909807682037
0.2004280537366867
0.0573592446744442
0.38749316334724426
0.15389688313007355
0.36280301213264465
0.6705308556556702
0.4547152519226074
0.043791938573122025
0.9846426844596863
0.7042694091796875
0.4500684440135956
0.8128870725631714
0.9720417261123657
0.22195309400558472
0.4476871192455292
0.899242639541626
0.7946089506149292
0.7214495539665222
0.7273397445678711
0.16318421065807343
0.7069757580757141
0.17418666183948517
0.6390592455863953
0.9430497884750366
0.08485770225524902
0.9137272238731384
0.3057915270328522
0.8208703994750977
0.3104289174079895
0.08303710073232651
0.7611330151557922
0.21030853688716888
0.9173992872238159
0.8234099745750427
0.34413036704063416
0.8572014570236206
0.7678371667861938
0.25325995683670044
0.41669198870658875
0.5790712237358093
0.34039226174354553
0.9147104620933533
0.7323173880577087
0.9455930590629578
0.8914610743522644
0.6296385526657104
0.7017910480499268
0.7646707892417908
0.6184977889060974
0.7905257940292358
0.7151590585708618
0.8127008676528931
0.8825387358665466
0.47137072682380676
0.6409788727760315
0.5335113406181335
0.9922370910644531
0.05283067375421524
0.03080640733242035
0.7833809852600098
0.6192195415496826
0.7236807942390442
0.6014882922172546
0.7741329669952393
0.5760229825973511
0.0063261729665100574
0.2960895001888275
0.9687692523002625
0.8560229539871216
0.5683137774467468
0.6423369646072388
0.6593558192253113
0.4433191120624542
0.5447403192520142
0.1797276884317398
0.5473401546478271
0.24081069231033325
0.5151973962783813
0.004698844626545906
0.9504703879356384
0.5395758748054504
0.2430516928434372
0.2549424469470978
0.8110310435295105
0.628682017326355
0.2874959111213684
0.7145364880561829
0.8853139877319336
0.674190878868103
0.28872913122177124
0.05060103163123131
0.7576789259910583
0.7777603268623352
0.43625280261039734
0.4026046395301819
0.4226056635379791
0.9893150329589844
0.6068515181541443
0.18987996876239777
0.5764782428741455
0.00736484257504344
0.6484163403511047
0.3945644199848175
0.2899748384952545
0.967050313949585
0.3398328423500061
0.4872128963470459
0.13677790760993958
0.2705390155315399
0.2923138439655304
0.9504256248474121
0.6332477927207947
0.8339040875434875
0.48854362964630127
0.5586915612220764
0.11285122483968735
0.7653584480285645
0.2135617583990097
0.5625690221786499
0.7146950960159302
0.6110228300094604
0.38405534625053406
0.12470366060733795
0.10466265678405762
0.6009803414344788
0.8790503740310669
0.4091266691684723
0.6354818344116211
0.5045492053031921
0.04784579202532768
0.007217818405479193
0.6949244737625122
0.18279114365577698
0.8723297715187073
0.5755213499069214
0.685420572757721
0.17941914498806
0.5183937549591064
0.8234086036682129
0.9616608619689941
0.40310612320899963
0.363167405128479
0.8189972639083862
0.33993974328041077
0.16082236170768738
0.7972286939620972
0.18088923394680023
0.5730368494987488
0.5928941965103149
0.3443109095096588
0.03612217307090759
0.7013266086578369
0.34073230624198914
0.22721414268016815
0.2669020891189575
0.4962136447429657
0.8350247740745544
0.2607121467590332
0.16179506480693817
0.1074133887887001
0.31174978613853455
0.37880292534828186
0.8299677968025208
0.9251895546913147
0.15977172553539276
0.8014521598815918
0.30022451281547546
0.7449309229850769
0.38241028785705566
0.62354576587677
0.5435929298400879
0.2491254061460495
0.5364314913749695
0.3567723333835602
0.4248679578304291
0.9453635811805725
0.7013809084892273
0.89778071641922
0.058407012373209
0.1626349240541458
0.24299587309360504
0.9033343195915222
0.3374868929386139
0.5366834402084351
0.2630395293235779
0.3171531558036804
0.017174534499645233
0.7220264673233032
0.518771767616272
0.65388423204422
0.22109630703926086
0.2916334569454193
0.7691226005554199
0.10527808219194412
0.6843953728675842
0.08811327069997787
0.22884345054626465
0.16739237308502197
0.5838775634765625
0.06987953931093216
0.5720916390419006
0.7133534550666809
0.6257228851318359
0.7194836735725403
0.47165343165397644
0.1238073855638504
0.016732510179281235
0.611604630947113
0.8747849464416504
0.04282555356621742
0.7078909873962402
0.6840863227844238
0.7984117865562439
0.7019297480583191
0.46701672673225403
0.9278151392936707
0.08229053765535355
0.2566993236541748
0.3318341374397278
0.7418764233589172
0.7019779682159424
0.9046280980110168
0.5787091851234436
0.8109632134437561
0.36244434118270874
0.4601810574531555
0.22702260315418243
0.014682222157716751
0.31094762682914734
0.766103208065033
0.42830705642700195
0.6820098757743835
0.37965887784957886
0.08702275902032852
0.519914984703064
0.2926262319087982
0.16274766623973846
0.6322352290153503
0.31494516134262085
0.14218445122241974
0.5062864422798157
0.6394936442375183
0.07285919040441513
0.1228695809841156
0.8234574794769287
0.3860345184803009
0.5895740985870361
0.23687291145324707
0.4796833395957947
0.4432724118232727
0.7156357169151306
0.6929165720939636
0.46272775530815125
0.5258133411407471
0.29002007842063904
0.1410524547100067
0.27144065499305725
0.7855809926986694
0.15534566342830658
0.8138853907585144
0.45009952783584595
0.3474764823913574
0.7230410575866699
0.34297722578048706
0.954003632068634
0.06547016650438309
0.48890823125839233
0.5973823070526123
0.7695937752723694
0.3310198485851288
0.12026219069957733
0.47488540410995483
0.34126901626586914
0.1128166913986206
0.7267681360244751
0.36694321036338806
0.4771151542663574
0.8482016324996948
0.01893739029765129
0.4613543748855591
0.5151718854904175
0.592827558517456
0.16862036287784576
0.6453368067741394
0.705285370349884
0.8220953345298767
0.057826343923807144
0.5703029036521912
0.527475893497467
0.1701725274324417
0.6118661165237427
0.40089741349220276
0.12345651537179947
0.5486648678779602
0.7027764916419983
0.2753754258155823
0.3885253071784973
0.6240468621253967
0.711778998374939
0.7002208828926086
0.8861834406852722
0.33330750465393066
0.7992740273475647
0.2264034003019333
0.10382477194070816
0.9870845675468445
0.22640615701675415
0.7515259385108948
0.4669302999973297
0.8986396193504333
0.32966598868370056
0.3686968684196472
0.6061057448387146
0.04255722835659981
0.647774338722229
0.7033427357673645
0.7284544110298157
0.23232771456241608
0.7664902806282043
0.12400807440280914
0.020106643438339233
0.39714711904525757
0.502671480178833
0.3433530926704407
0.352433979511261
0.4383445978164673
0.2734900414943695
0.13943220674991608
0.48506736755371094
0.7926678657531738
0.6756764650344849
0.8130269050598145
0.4258806109428406
0.018941067159175873
0.3232728838920593
0.5726370215415955
0.8321251273155212
0.6396468281745911
0.467029333114624
0.7835884690284729
0.8085238337516785
0.3054488003253937
0.7101022601127625
0.6997585296630859
0.9565238356590271
0.5163000226020813
0.8260060548782349
0.7741692662239075
0.7490472197532654
0.7572546005249023
0.9849806427955627
0.9670735001564026
0.8486723303794861
0.18902748823165894
0.6578102707862854
0.27369123697280884
0.2529352605342865
0.2820211350917816
0.4829545319080353
0.17742614448070526
0.8661153316497803
0.8097786903381348
0.38817763328552246
0.5858405232429504
0.4298200011253357
0.9556819796562195
0.4344812035560608
0.4158625900745392
0.1563330590724945
0.2190149575471878
0.6499091386795044
0.810867965221405
0.8092504739761353
0.6095848083496094
0.5793676972389221
0.8686899542808533
0.864733874797821
0.09637285768985748
0.46278494596481323
0.8417937755584717
0.3015207052230835
0.1755574345588684
0.8722870945930481
0.7575981020927429
0.35097819566726685
0.31781646609306335
0.9051639437675476
0.7095163464546204
0.46750909090042114
0.34663403034210205
0.8832281827926636
0.6369662880897522
0.35719534754753113
0.5979438424110413
0.017056528478860855
0.4948466420173645
0.5545141696929932
0.976597249507904
0.5821072459220886
0.17044205963611603
0.3563538193702698
0.17003169655799866
0.8423002362251282
0.7466108202934265
0.2290986180305481
0.17274773120880127
0.12046367675065994
0.2747814655303955
0.03141133487224579
0.4313211739063263
0.5834786891937256
0.8328611850738525
0.9408383965492249
0.5319799184799194
0.45612287521362305
0.9091489315032959
0.5618954300880432
0.9182469844818115
0.28835922479629517
0.30892491340637207
0.9213533401489258
0.6818859577178955
0.4954664409160614
0.39063510298728943
0.5501551628112793
0.9524215459823608
0.6046169996261597
0.8029777407646179
0.5486925840377808
0.754865825176239
0.21261486411094666
0.8499547839164734
0.9679860472679138
0.8497026562690735
0.19245561957359314
0.21947722136974335
0.506627082824707
0.2581382989883423
0.09939824789762497
0.22929348051548004
0.3184528350830078
0.5823500156402588
0.22377660870552063
0.2087724208831787
0.5094435214996338
0.35438036918640137
0.8187797665596008
0.3699033856391907
0.5943121910095215
0.9748501181602478
0.15550385415554047
0.8513639569282532
0.17717359960079193
0.24466627836227417
0.7553032040596008
0.47262459993362427
0.430942177772522
0.5139708518981934
0.04499657824635506
0.020598316565155983
0.39446666836738586
0.35303357243537903
0.8808828592300415
0.6522737741470337
0.2760060727596283
0.9642785787582397
0.9398656487464905
0.004779505077749491
0.06735360622406006
0.3395296335220337
0.2837727665901184
0.4877403974533081
0.8100972771644592
0.868931770324707
0.1768326610326767
0.9757251739501953
0.06240600720047951
0.9720265865325928
0.3526659905910492
0.5735689401626587
0.1013454794883728
0.9168424010276794
0.6254038214683533
0.5897662043571472
0.2771407663822174
0.5360454320907593
0.3773998022079468
0.3157687783241272
0.34718284010887146
0.8341898322105408
0.9372366070747375
0.6651066541671753
0.8492387533187866
0.4815181791782379
0.6023948788642883
0.9942646026611328
0.2949213981628418
0.06861623376607895
0.716739296913147
0.7537468075752258
0.441847562789917
0.19870899617671967
0.836501955986023
0.12619268894195557
0.9294660091400146
0.5977268218994141
0.802365243434906
0.19608226418495178
0.4887447953224182
0.7241420745849609
0.5833256840705872
0.09297501295804977
0.7193096280097961
0.7786639332771301
0.22195732593536377
0.22911220788955688
0.8563389778137207
0.9818376302719116
0.939660906791687
0.2943160831928253
0.601554811000824
0.03731196001172066
0.03827952593564987
0.8465257287025452
0.1171402782201767
0.27680906653404236
0.26395970582962036
0.2148386687040329
0.8271549344062805
0.6409294605255127
0.564835786819458
0.7482430338859558
0.4173603653907776
0.7290183305740356
0.6451019644737244
0.8283368945121765
0.11199431121349335
0.6204023361206055
0.11495161056518555
0.5265288949012756
0.40655073523521423
0.23391060531139374
0.7946072220802307
0.9084704518318176
0.7488006353378296
0.659809410572052
0.4450809061527252
0.8917261958122253
0.15856894850730896
0.28119659423828125
0.7902228236198425
0.5503262281417847
0.2605302631855011
0.6706919074058533
0.6144070625305176
0.31721144914627075
0.29732993245124817
0.5360745191574097
0.565467119216919
0.4544278383255005
0.8873754739761353
0.07688392698764801
0.634910523891449
0.20337826013565063
0.4993418753147125
0.20774690806865692
0.8824342489242554
0.15384089946746826
0.6174949407577515
0.1674974411725998
0.106218621134758
0.3552287518978119
0.743261456489563
0.2824471592903137
0.2958667576313019
0.4229244887828827
0.4649268090724945
0.8697345852851868
0.6166815757751465
0.4640876054763794
0.1362886279821396
0.9090960025787354
0.05357607826590538
0.9751890301704407
0.40044546127319336
0.7474422454833984
0.8021056056022644
0.8144866824150085
0.2803818881511688
0.720914900302887
0.18651801347732544
0.574558675289154
0.12376434355974197
0.4211077094078064
0.6132964491844177
0.04517463222146034
0.5945773124694824
0.5779133439064026
0.30137211084365845
0.6402825713157654
0.7585330009460449
0.4505312144756317
0.9164782166481018
0.00948372296988964
0.8846005201339722
0.8965731859207153
0.035573042929172516
0.9565827250480652
0.15664611756801605
0.8223724961280823
0.7895201444625854
0.03601522371172905
0.17003735899925232
0.2935715913772583
0.4064124524593353
0.7761362195014954
0.05523020401597023
0.1767963320016861
0.5601592063903809
0.20770633220672607
0.8201926946640015
0.9736512899398804
0.5726206302642822
0.41170817613601685
0.47356554865837097
0.4488885700702667
0.10326658934354782
0.10950186848640442
0.16005006432533264
0.7578076720237732
0.3095007836818695
0.7238196134567261
0.8710545301437378
0.18827906250953674
0.6049279570579529
0.1714818775653839
0.9537016749382019
0.7472459673881531
0.588736355304718
0.6306270956993103
0.7204844951629639
0.5667354464530945
0.09539937973022461
0.12230496108531952
0.2850724458694458
0.1569308638572693
0.4898805022239685
0.9510931968688965
0.13663674890995026
0.19165609776973724
0.7410339117050171
0.6159899830818176
0.6963146924972534
0.4494185149669647
0.2965303361415863
0.2048748880624771
0.38892877101898193
0.8797147274017334
0.6630687713623047
0.12000735104084015
0.4733169972896576
0.02413342148065567
0.24233299493789673
0.7892289757728577
0.830864667892456
0.1839199811220169
0.7549028396606445
0.42312735319137573
0.0012625789968296885
0.9723047018051147
0.7830811738967896
0.8020025491714478
0.9177436828613281
0.16058458387851715
0.7970580458641052
0.9088797569274902
0.9122259020805359
0.9274647235870361
0.8583648800849915
0.7356359362602234
0.6703757643699646
0.4315384328365326
0.09828344732522964
0.06422995775938034
0.8867631554603577
0.15890513360500336
0.3876253068447113
0.30194738507270813
0.2606017291545868
0.7412993311882019
0.7151127457618713
0.08242911100387573
0.08163738995790482
0.45276111364364624
0.5464757084846497
0.11707858741283417
0.6286228895187378
0.45936521887779236
0.8408081531524658
0.9927364587783813
0.3952709436416626
0.6798067688941956
0.7657053470611572
0.8849903345108032
0.3680275082588196
0.6153599619865417
0.012069310992956161
0.1269012987613678
0.6922244429588318
0.651449978351593
0.450531542301178
0.4682682156562805
0.6799039244651794
0.6738473176956177
0.2504032254219055
0.5469069480895996
0.6158519983291626
0.31495603919029236
0.8797625303268433
0.14062556624412537
0.03677971288561821
0.43738308548927307
0.2688765227794647
0.5854303240776062
0.0842437818646431
0.013567200861871243
0.5638228058815002
0.4975304901599884
0.1967821568250656
0.2436428815126419
0.98868727684021
0.055787310004234314
0.07204972207546234
0.8082948923110962
0.9548432230949402
0.048876989632844925
0.5671214461326599
0.9760676026344299
0.5852298140525818
0.937280535697937
0.33056798577308655
0.249048113822937
0.7313404083251953
0.8902775049209595
0.5505722165107727
0.5899563431739807
0.4779163897037506
0.16723449528217316
0.7722563743591309
0.8678867816925049
0.5577470064163208
0.3452497720718384
0.3801295757293701
0.5910664200782776
0.4994959831237793
0.3378607928752899
0.4025428593158722
0.2068457305431366
0.9573374390602112
0.36911240220069885
0.6185316443443298
0.8847432732582092
0.7906426787376404
0.06784606724977493
0.23999890685081482
0.19103601574897766
0.10904985666275024
0.6770223379135132
0.901717483997345
0.09445628523826599
0.11731778085231781
0.9464867115020752
0.5912914276123047
0.1996716409921646
0.9243331551551819
0.36323463916778564
0.4250240623950958
0.6855108141899109
0.5160384774208069
0.018096501007676125
0.02357599511742592
0.6888794302940369
0.3742994964122772
0.6658597588539124
0.9923052787780762
0.04121064394712448
0.14375446736812592
0.8819760084152222
0.6018005609512329
0.9321412444114685
0.05527263879776001
0.31114453077316284
0.05886206775903702
0.7023780345916748
0.8822362422943115
0.9405458569526672
0.060480210930109024
0.3105182349681854
0.41873788833618164
0.10841020941734314
0.9470242261886597
0.0034656154457479715
0.8627042174339294
0.5361394286155701
0.29439547657966614
0.37237247824668884
0.016480889171361923
0.4422532320022583
0.18033356964588165
0.5278744697570801
0.03255182132124901
0.8243526220321655
0.9104626774787903
0.9870519638061523
0.860902726650238
0.3416061997413635
0.32255828380584717
0.7873659133911133
0.8452868461608887
0.39062339067459106
0.4232555627822876
0.664851725101471
0.11636107414960861
0.31396639347076416
0.9841355085372925
0.2878989279270172
0.4588187038898468
0.3273929953575134
0.3964153230190277
0.09198181331157684
0.7355501055717468
0.6734263896942139
0.11172641813755035
0.23179234564304352
0.5466930866241455
0.029113583266735077
0.14090842008590698
0.1200970858335495
0.4875859320163727
0.15128670632839203
0.4218635857105255
0.34032419323921204
0.7513811588287354
0.5848904848098755
0.5031940937042236
0.4713993966579437
0.21077604591846466
0.12901243567466736
0.9458116888999939
0.6438568234443665
0.3423343002796173
0.3072052597999573
0.17526915669441223
0.3529615104198456
0.20974183082580566
0.45635727047920227
0.4283984899520874
0.3129127621650696
0.24548086524009705
0.3431851267814636
0.45179483294487
0.7051610350608826
0.595829427242279
0.30355003476142883
0.2848345637321472
0.6978265047073364
0.6333783864974976
0.09304657578468323
0.2926872670650482
0.31489163637161255
0.7300904989242554
0.00037183763924986124
0.9513525366783142
0.571840763092041
0.007422537077218294
0.3901268243789673
0.4407973885536194
0.8306229114532471
0.18848766386508942
0.943918764591217
0.027628546580672264
0.4732610285282135
0.7692968249320984
0.3658010959625244
0.4480498731136322
0.8531543612480164
0.3744747042655945
0.03218415006995201
0.9599183201789856
0.12807437777519226
0.1146637499332428
0.5684365034103394
0.6517846584320068
0.03123553656041622
0.43729159235954285
0.3572295010089874
0.3061978816986084
0.9904040694236755
0.3485708236694336
0.9741279482841492
0.638961672782898
0.9281270503997803
0.22170239686965942
0.5337130427360535
0.07117604464292526
0.6179733276367188
0.7724395990371704
0.22567811608314514
0.14856506884098053
0.5383957624435425
0.3304483890533447
0.3267803192138672
0.15530218183994293
0.8132884502410889
0.9197726249694824
0.4812227189540863
0.9137415289878845
0.4760867953300476
0.456892192363739
0.2718963921070099
0.4155048131942749
0.03208965063095093
0.9884430170059204
0.046408768743276596
0.4509347975254059
0.5419657826423645
0.6058592796325684
0.8978143930435181
0.9124389886856079
0.2786342203617096
0.9935503005981445
0.3385062515735626
0.5594190359115601
0.2668111324310303
0.3709588050842285
0.09567099064588547
0.9398354887962341
0.293684184551239
0.11139143258333206
0.7177115678787231
0.8426735401153564
0.5790337324142456
0.1602291464805603
0.232274129986763
0.3853696286678314
0.9095994830131531
0.8222675323486328
0.23005954921245575
0.5804097056388855
0.9721907377243042
0.05430412292480469
0.24550487101078033
6.874655809951946e-05
0.30034947395324707
0.314214825630188
0.1319674402475357
0.8609310388565063
0.7525440454483032
0.10691913217306137
0.2987096309661865
0.17676891386508942
0.7498471140861511
0.8693903088569641
0.569074809551239
0.17569682002067566
0.7997410297393799
0.16124071180820465
0.5146041512489319
0.6446407437324524
0.18737204372882843
0.12714383006095886
0.675811231136322
0.17480075359344482
0.8537530899047852
0.4446081817150116
0.8460984230041504
0.7506037354469299
0.916863739490509
0.4779972434043884
0.9118486642837524
0.7639275193214417
0.9050238728523254
0.977968156337738
0.11946980655193329
0.9454286694526672
0.5598955154418945
0.18344742059707642
0.6429142951965332
0.7412751913070679
0.6259098052978516
0.758475661277771
0.7142987251281738
0.3512364625930786
0.20041388273239136
0.13432379066944122
0.2754516303539276
0.5760563611984253
0.2289014458656311
0.31126371026039124
0.272910475730896
0.04106028750538826
0.8442996740341187
0.19276894629001617
0.19333572685718536
0.11358995735645294
0.8580312728881836
0.8495609164237976
0.7474790811538696
0.9036573767662048
0.04673486575484276
0.7553823590278625
0.7505996823310852
0.07222511619329453
0.0643681213259697
0.37410295009613037
0.4643656015396118
0.3811553120613098
0.996738851070404
0.8096020221710205
0.23855146765708923
0.8466501832008362
0.3177558183670044
0.9280005693435669
0.6022517681121826
0.07427681237459183
0.2311846762895584
0.03967144712805748
0.5139908194541931
0.5210849642753601
0.4563678205013275
0.1467534899711609
0.49348846077919006
0.008856205269694328
0.6531516313552856
0.783271849155426
0.1729269176721573
0.28081104159355164
0.3190790116786957
0.10147003829479218
0.19720448553562164
0.7407230734825134
0.5642905831336975
0.7946814298629761
0.5451934933662415
0.5163512229919434
0.5944058895111084
0.4058813750743866
0.6749669909477234
0.7526428699493408
0.05186273157596588
0.9401813745498657
0.5572801828384399
0.4713842272758484
0.8039901852607727
0.4325159788131714
0.9525914788246155
0.7604272365570068
0.7562956809997559
0.8458771705627441
0.030385272577404976
0.8811288475990295
0.31307917833328247
0.7377637028694153
0.9521549940109253
0.6315845847129822
0.9217893481254578
0.8841097354888916
0.14609552919864655
0.280170202255249
0.4847569167613983
0.49576976895332336
0.5069748759269714
0.4388447403907776
0.9311472177505493
0.9678930640220642
0.29633864760398865
0.8726219534873962
0.17208638787269592
0.1524362713098526
0.5736872553825378
0.6483687162399292
0.7483391761779785
0.5845168828964233
0.30988550186157227
0.25943413376808167
0.7783353924751282
0.7739139199256897
0.684803307056427
0.17688818275928497
0.34933891892433167
0.4659462869167328
0.16601847112178802
0.2887074947357178
0.31644994020462036
0.08019310981035233
0.9434618353843689
0.7017017602920532
0.2635628283023834
0.776557981967926
0.7290734052658081
0.2519683241844177
0.9795977473258972
0.36603879928588867
0.5251568555831909
0.8819013237953186
0.48067766427993774
0.9047366976737976
0.9723222851753235
0.42009037733078003
0.8008078336715698
0.1645842045545578
0.08658964186906815
0.6436337232589722
0.5809488296508789
0.1617123782634735
0.5581726431846619
0.18122175335884094
0.5747124552726746
0.396535187959671
0.617726743221283
0.37782981991767883
0.30507132411003113
0.7002673149108887
0.9565731883049011
0.1735510379076004
0.5472701191902161
0.8138672113418579
0.2583886981010437
0.10111966729164124
0.4480149447917938
0.4926566779613495
0.07573514431715012
0.008187593892216682
0.6355912685394287
0.5252600312232971
0.8743442893028259
0.8124302625656128
0.2565540373325348
0.347959965467453
0.9495761394500732
0.862549364566803
0.9232275485992432
0.08192020654678345
0.5849210023880005
0.7418517470359802
0.11044219881296158
0.587037980556488
0.4944879412651062
0.4921592175960541
0.643211305141449
0.8503119349479675
0.19676625728607178
0.9027379155158997
0.8230099678039551
0.9118894934654236
0.2910359501838684
0.2549886107444763
0.023466715589165688
0.6499744653701782
0.8555961847305298
0.4956909716129303
0.7120741605758667
0.36515340209007263
0.9555302858352661
0.36882635951042175
0.6474056243896484
0.729205310344696
0.5974769592285156
0.6441751718521118
0.7976827025413513
0.6664215326309204
0.9246272444725037
0.023594792932271957
0.6107954382896423
0.1422272026538849
0.7394813299179077
0.9271112084388733
0.06035688892006874
0.0736989676952362
0.8320900797843933
0.7762524485588074
0.8401874303817749
0.3509806990623474
0.30954015254974365
0.038566477596759796
0.4411541521549225
0.4263359606266022
0.36342933773994446
0.23323625326156616
0.18660564720630646
0.006482122465968132
0.21203188598155975
0.8154920935630798
0.4234769344329834
0.7038176655769348
0.6569731831550598
0.6492740511894226
0.5717523097991943
0.9838455319404602
0.45689836144447327
0.8466104865074158
0.4274542033672333
0.35794711112976074
0.3749210238456726
0.24463745951652527
0.12067020684480667
0.04149932786822319
0.6014719009399414
0.20735155045986176
0.35374870896339417
0.7378247380256653
0.9231595396995544
0.04541097953915596
0.5398640632629395
0.5267347097396851
0.2226901352405548
0.5195974707603455
0.4388601779937744
0.43496569991111755
0.49947506189346313
0.8413348197937012
0.10602062195539474
0.6099323034286499
0.27181780338287354
0.21191288530826569
0.11128421127796173
0.02807743102312088
0.05155280604958534
0.017426788806915283
0.09148575365543365
0.5499542951583862
0.6299129128456116
0.5750383138656616
0.5022258758544922
0.6562169790267944
0.14124564826488495
0.03751285746693611
0.2929842174053192
0.5573099255561829
0.12239375710487366
0.3092775344848633
0.8334975242614746
0.43703097105026245
0.7418874502182007
0.18951572477817535
0.938500702381134
0.21873848140239716
0.7657723426818848
0.3118118941783905
0.8779152631759644
0.5157722234725952
0.6864109039306641
0.2937232255935669
0.1915060579776764
0.5242928266525269
0.5710868835449219
0.6056973934173584
0.8559162616729736
0.7832857966423035
0.9631836414337158
0.42486804723739624
0.798453688621521
0.31412017345428467
0.058412544429302216
0.4015806019306183
0.08458700031042099
0.3545733392238617
0.41778138279914856
0.987567126750946
0.42475271224975586
0.21443720161914825
0.1595413237810135
0.8150174617767334
0.5189642906188965
0.8454804420471191
0.42227721214294434
0.07306014001369476
0.5974462628364563
0.23973003029823303
0.011230451986193657
0.9544775485992432
0.7826560735702515
0.750379741191864
0.7534452080726624
0.5192224979400635
0.08198514580726624
0.6350730657577515
0.7690955996513367
0.43976733088493347
0.15077422559261322
0.38264450430870056
0.3915148675441742
0.7516005635261536
0.2850741446018219
0.4681326746940613
0.7193114757537842
0.2590762972831726
0.4298892617225647
0.7358850836753845
0.32574114203453064
0.5576013922691345
0.18277578055858612
0.23144066333770752
0.17810671031475067
0.08318739384412766
0.95283442735672
0.20898833870887756
0.6771711111068726
0.17522557079792023
0.9635456204414368
0.3210005462169647
0.39792487025260925
0.730145275592804
0.2670725882053375
0.40755367279052734
0.5923845171928406
0.18601594865322113
0.7504348158836365
0.07171915471553802
0.5123964548110962
0.7247802019119263
0.38461288809776306
0.143987774848938
0.43440645933151245
0.8009766340255737
0.1984456330537796
0.8015788793563843
0.7729976773262024
0.05035336688160896
0.9200980067253113
0.3565942049026489
0.885979175567627
0.12490874528884888
0.6023018956184387
0.5740650296211243
0.2478688359260559
0.8105431199073792
0.6413732171058655
0.9563947319984436
0.1651453822851181
0.2674669027328491
0.6748899817466736
0.9792091846466064
0.09710703045129776
0.5418458580970764
0.9843626022338867
0.8917618989944458
0.20412395894527435
0.17862951755523682
0.7564109563827515
0.5778880715370178
0.20035266876220703
0.5712360739707947
0.37517544627189636
0.0711948424577713
0.4658733010292053
0.6011497378349304
0.7029458284378052
0.9746905565261841
0.5138098001480103
0.9692376852035522
0.9057696461677551
0.8606874942779541
0.13539078831672668
0.3691987097263336
0.3002948760986328
0.717475414276123
0.7107665538787842
0.01639394462108612
0.9804280996322632
0.4163472652435303
0.6406891345977783
0.37207260727882385
0.18690696358680725
0.6419288516044617
0.06549757719039917
0.5229016542434692
0.713211178779602
0.03843748942017555
0.2015136182308197
0.36746639013290405
0.8383908271789551
0.3824268579483032
0.6882002353668213
0.7051081657409668
0.8795894980430603
0.38746392726898193
0.14074693620204926
0.2754601538181305
0.3626832365989685
0.5452975630760193
0.029193580150604248
0.5381657481193542
0.9925885796546936
0.4246741831302643
0.5073834657669067
0.6570110321044922
0.5448771715164185
0.031505461782217026
0.893800675868988
0.5200737714767456
0.9651163220405579
0.9974650740623474
0.028552040457725525
0.4135213792324066
0.6420696973800659
0.2489747256040573
0.8594409823417664
0.7439682483673096
0.0991264283657074
0.9035971164703369
0.32844433188438416
0.6001964807510376
0.40759748220443726
0.9214757680892944
0.9700435996055603
0.6412795186042786
0.5058163404464722
0.24025331437587738
0.6677802801132202
0.21768520772457123
0.7488316297531128
0.8275809288024902
0.8705284595489502
0.6323081254959106
0.6056699156761169
0.24238580465316772
0.5076952576637268
0.5159585475921631
0.32437270879745483
0.5395547747612
0.5606379508972168
0.2667267620563507
0.5653350949287415
0.008810904808342457
0.7792024612426758
0.7976967692375183
0.1705828160047531
0.4748159945011139
0.9253318905830383
0.4059888422489166
0.10275119543075562
0.12899354100227356
0.23199903964996338
0.5712468028068542
0.7688352465629578
0.7039317488670349
0.7829404473304749
0.4640917479991913
0.050672151148319244
0.46587803959846497
0.19006803631782532
0.3453291058540344
0.9179643392562866
0.8217846155166626
0.03764613717794418
0.9353431463241577
0.5310356616973877
0.5449411273002625
0.2198271006345749
0.18889600038528442
0.29154160618782043
0.2079159915447235
0.40849894285202026
0.31051936745643616
0.9998365044593811
0.598646342754364
0.7582045793533325
0.2770877778530121
0.18422621488571167
0.4017370343208313
0.06253038346767426
0.5246573090553284
0.8377898335456848
0.26781222224235535
0.45646655559539795
0.7361400723457336
0.3799728453159332
0.014537510462105274
0.7773650884628296
0.7789379954338074
0.3602018654346466
0.4654512107372284
0.915879487991333
0.5241113901138306
0.956885814666748
0.72370845079422
0.16318000853061676
0.5737974643707275
0.4172167181968689
0.34724897146224976
0.8177915811538696
0.23979131877422333
0.8383470773696899
0.3140876293182373
0.6349141001701355
0.9179883003234863
0.018037766218185425
0.7304295301437378
0.04700896143913269
0.12524254620075226
0.0548969991505146
0.4788680374622345
0.2303878366947174
0.8847534656524658
0.4191344380378723
0.44686219096183777
0.565218985080719
0.9520895481109619
0.7246543765068054
0.12618446350097656
0.8417376279830933
0.5668473243713379
0.9390696883201599
0.00554649718105793
0.30920711159706116
0.5659780502319336
0.06212320178747177
0.7995867133140564
0.03151547163724899
0.8381444811820984
0.7943737506866455
0.6266878247261047
0.11492855101823807
0.27417340874671936
0.6834478378295898
0.8069450855255127
0.3339065611362457
0.8121512532234192
0.9941521883010864
0.4350045919418335
0.031890422105789185
0.4408227801322937
0.4455612003803253
0.5309867262840271
0.800153374671936
0.7740955352783203
0.2591460347175598
0.20400887727737427
0.5877892971038818
0.3945377469062805
0.2199816107749939
0.36652764678001404
0.9465949535369873
0.17829054594039917
0.20525884628295898
0.4935246407985687
0.8192281126976013
0.8514654040336609
0.2950725853443146
0.7561487555503845
0.047627925872802734
0.800044059753418
0.28094133734703064
0.3841148316860199
0.859102725982666
0.5589038729667664
0.8374871611595154
0.22234012186527252
0.4251101315021515
0.9289356470108032
0.6098803877830505
0.2829054594039917
0.5511845350265503
0.2568226754665375
0.0871749296784401
0.21122010052204132
0.3497805595397949
0.10319788753986359
0.879438042640686
0.2591243088245392
0.6791657209396362
0.3675692081451416
0.9955540299415588
0.5597143769264221
0.43606919050216675
0.6347180604934692
0.8783106803894043
0.8014892339706421
0.532859206199646
0.12470098584890366
0.0874517485499382
0.663740873336792
0.5951032042503357
0.8473654389381409
0.3647584617137909
0.0911133736371994
0.33046576380729675
0.9260924458503723
0.7154621481895447
0.6062567234039307
0.8466402292251587
0.5646992325782776
0.5622118711471558
0.2600959241390228
0.3030443787574768
0.6766632795333862
0.5440763235092163
0.7243748307228088
0.8326170444488525
0.5620291829109192
0.7349850535392761
0.5378507971763611
0.7093594670295715
0.02362234704196453
0.11414257436990738
0.04918638989329338
0.3517439663410187
0.9500131607055664
0.4450000822544098
0.48704782128334045
0.2540106773376465
0.9585490822792053
0.7266228199005127
0.9315139651298523
0.208600252866745
0.6461502909660339
0.8130878210067749
0.8417758345603943
0.6884393095970154
0.715178906917572
0.6112983822822571
0.11595097929239273
0.7886958122253418
0.3795055150985718
0.17237719893455505
0.5948403477668762
0.5614355802536011
0.6989577412605286
0.46802395582199097
0.44738441705703735
0.9369210004806519
0.07320638746023178
0.9962058067321777
0.3125467896461487
0.5994473099708557
0.9501342177391052
0.26407191157341003
0.33550718426704407
0.7027514576911926
0.720335841178894
0.2265467643737793
0.40766867995262146
0.8889479041099548
0.07859723269939423
0.42242640256881714
0.7930269837379456
0.8838583827018738
0.902465283870697
0.2610800564289093
0.8213919997215271
0.29249003529548645
0.9941877126693726
0.4607464075088501
0.6272627711296082
0.6661381125450134
0.9890852570533752
0.47270867228507996
0.4699842631816864
0.36797961592674255
0.01995210163295269
0.9904710650444031
0.6519813537597656
0.6024627685546875
0.04258739948272705
0.3704812526702881
0.3611083924770355
0.44313332438468933
0.857128381729126
0.8417053818702698
0.32486480474472046
0.2320079505443573
0.07168682664632797
0.394413560628891
0.5669923424720764
0.1614711582660675
0.8741305470466614
0.8801898956298828
0.551807701587677
0.9706558585166931
0.510323166847229
0.6622224450111389
0.6272493600845337
0.4435250759124756
0.48274120688438416
0.7306123971939087
0.8297843933105469
0.043600525707006454
0.7843236327171326
0.3627531826496124
0.24987496435642242
0.8774036169052124
0.6958624124526978
0.13022078573703766
0.055175479501485825
0.4063914716243744
0.2804654836654663
0.4904497563838959
0.5228734612464905
0.25264954566955566
0.2990560233592987
0.49401363730430603
0.5279018878936768
0.9021020531654358
0.4542502164840698
0.07645116001367569
0.08033432811498642
0.7782487869262695
0.5731706023216248
0.6532986760139465
0.04995625838637352
0.033032629638910294
0.3519636392593384
0.1330142319202423
0.6541444659233093
0.08451608568429947
0.12606452405452728
0.537261426448822
0.7921198606491089
0.26846426725387573
0.9829684495925903
0.7147589325904846
0.8928196430206299
0.523159921169281
0.21257443726062775
0.8181068301200867
0.376404345035553
0.022157303988933563
0.971470296382904
0.7267577052116394
0.9657080173492432
0.3531758189201355
0.03316901624202728
0.8269691467285156
0.4966849684715271
0.5017378330230713
0.05810482054948807
0.8820915818214417
0.20265045762062073
0.06015340983867645
0.03888965770602226
0.3930383026599884
0.13409088551998138
0.0808311179280281
0.029820239171385765
0.09859158843755722
0.8324137926101685
0.6787592172622681
0.9760186672210693
0.0010563628748059273
0.3162166178226471
0.9499525427818298
0.17155422270298004
0.1272394061088562
0.5721865296363831
0.9976150989532471
0.9157823920249939
0.7311359643936157
0.9447263479232788
0.7284547686576843
0.9590873122215271
0.4534666836261749
0.1497906893491745
0.7303403615951538
0.087099090218544
0.4852724075317383
0.38662004470825195
0.2438756674528122
0.6093418002128601
0.36707955598831177
0.18580642342567444
0.45257166028022766
0.06542565673589706
0.6058831810951233
0.8568244576454163
0.7254658341407776
0.5852973461151123
0.9894755482673645
0.15674634277820587
0.7296616435050964
0.9759048819541931
0.9698804616928101
0.3907325565814972
0.5408368110656738
0.2662907540798187
0.14238204061985016
0.21501778066158295
0.3164229393005371
0.8196930289268494
0.8133141398429871
0.2163570076227188
0.12988053262233734
0.8635016679763794
0.4823833703994751
0.9308146834373474
0.6636495590209961
0.6761700510978699
0.12507997453212738
0.6368314623832703
0.29041510820388794
0.4972533881664276
0.7310563921928406
0.8173272609710693
0.0962260290980339
0.9063977599143982
0.7119947075843811
0.11015928536653519
0.5559434294700623
0.8581976890563965
0.6233204007148743
0.7972043752670288
0.19797955453395844
0.19230200350284576
0.5088849067687988
0.054764751344919205
0.6852282881736755
0.6629992723464966
0.7231158018112183
0.12605620920658112
0.6273616552352905
0.4559740126132965
0.3097113072872162
0.3449779748916626
0.5702811479568481
0.49835559725761414
0.4895741641521454
0.7223039269447327
0.4247922897338867
0.8689413070678711
0.07958436012268066
0.13543078303337097
0.8364644646644592
0.2777421474456787
0.7026172280311584
0.019431931897997856
0.10901536047458649
0.32056185603141785
0.6138108372688293
0.3476577401161194
0.61094731092453
0.971153736114502
0.27061307430267334
0.988660454750061
0.7493316531181335
0.24368159472942352
0.7025023698806763
0.1143958568572998
0.9856930375099182
0.5689871907234192
0.3274918496608734
0.013352847658097744
0.5633523464202881
0.8360888361930847
0.036383990198373795
0.5926279425621033
0.9782811999320984
0.592387318611145
0.8635430335998535
0.3037535846233368
0.6099389791488647
0.4347687065601349
0.9990221858024597
0.24030165374279022
0.581451952457428
0.614712655544281
0.7845035791397095
0.4248964488506317
0.7281531095504761
0.3503369390964508
0.9435399770736694
0.7098751664161682
0.5479539036750793
0.9305076003074646
0.5098779201507568
0.7054738998413086
0.8704161643981934
0.3860965073108673
0.6208182573318481
0.5943504571914673
0.6881495118141174
0.8736053109169006
0.7785236835479736
0.18408913910388947
0.9266818165779114
0.9380218386650085
0.009269075468182564
0.7156979441642761
0.10360734164714813
0.9473419189453125
0.06837859749794006
0.5891163945198059
0.2682454288005829
0.1988030970096588
0.8344975113868713
0.4483185410499573
0.6849058866500854
0.37010693550109863
0.29813042283058167
0.4162062704563141
0.3601335287094116
0.6679068803787231
0.060555074363946915
0.9993377327919006
0.774423360824585
0.982880175113678
0.08843398839235306
0.4323952794075012
0.40731993317604065
0.8375791311264038
0.9735587239265442
0.50593501329422
0.6176514029502869
0.9887730479240417
0.10463599860668182
0.1341783106327057
0.48767322301864624
0.3222910165786743
0.9153763055801392
0.3424015939235687
0.04860192909836769
0.2150736153125763
0.9494642019271851
0.3842226266860962
0.8587249517440796
0.442126989364624
0.28742337226867676
0.907278299331665
0.01839812844991684
0.7169526219367981
0.3678431510925293
0.4051908552646637
0.12669365108013153
0.6143823266029358
0.38728955388069153
0.5294861793518066
0.8797694444656372
0.06841550022363663
0.1824454516172409
0.17729498445987701
0.4808695912361145
0.7707178592681885
0.342041939496994
0.9660031795501709
0.9489209651947021
0.877422571182251
0.580055296421051
0.1386195421218872
0.7965113520622253
0.8254758715629578
0.7371928691864014
0.18006201088428497
0.16288946568965912
0.9305694699287415
0.12521779537200928
0.8888072967529297
0.38438689708709717
0.4481657147407532
0.08296261727809906
0.31445297598838806
0.12390173971652985
0.25493931770324707
0.13272501528263092
0.6837265491485596
0.05278899520635605
0.47545069456100464
0.9994716644287109
0.5397098660469055
0.6392746567726135
0.6406881213188171
0.6868801712989807
0.24402658641338348
0.8977741599082947
0.6020951271057129
0.3274686634540558
0.6839289665222168
0.2871405780315399
0.6690475940704346
0.8923314213752747
0.2336861491203308
0.4594777226448059
0.33279576897621155
0.49406182765960693
0.8167327642440796
0.9685273170471191
0.15913638472557068
0.11616543680429459
0.2698473632335663
0.7614634037017822
0.3309883177280426
0.041446179151535034
0.6921910643577576
0.42862507700920105
0.2798786461353302
0.07091569155454636
0.8759192824363708
0.13131842017173767
0.26502907276153564
0.26432645320892334
0.06631062924861908
0.9410151243209839
0.4041517674922943
0.6929794549942017
0.9020845890045166
0.686840832233429
0.37975913286209106
0.05722956731915474
0.6194786429405212
0.610466480255127
0.27440473437309265
0.9109314680099487
0.009291933849453926
0.4098880887031555
0.08174124360084534
0.4988342523574829
0.6253159046173096
0.5770895481109619
0.5085011124610901
0.4452396035194397
0.975195050239563
0.006303106900304556
0.28572502732276917
0.10039807111024857
0.89206463098526
0.6582657694816589
0.2399270236492157
0.6124160289764404
0.08259957283735275
0.9996618032455444
0.19692273437976837
0.25572818517684937
0.8417273759841919
0.9066810011863708
0.22801658511161804
0.9332873225212097
0.9801234006881714
0.10128181427717209
0.5967217683792114
0.7042946815490723
0.05335218086838722
0.9569567441940308
0.6223618388175964
0.8750206828117371
0.13732558488845825
0.060537662357091904
0.9613750576972961
0.43938153982162476
0.7580860257148743
0.7912721633911133
0.30130472779273987
0.941999077796936
0.8148838877677917
0.7260577082633972
0.8033189177513123
0.9703328013420105
0.27660027146339417
0.16093800961971283
0.9378730058670044
0.7102692127227783
0.0904097855091095
0.1308193951845169
0.8913439512252808
0.9740985035896301
0.8670632243156433
0.9657663702964783
0.3146907091140747
0.16226395964622498
0.8046810030937195
0.28762340545654297
0.8818756937980652
0.5043540000915527
0.6713337302207947
0.641966700553894
0.18271225690841675
0.26431339979171753
0.6373650431632996
0.5808862447738647
0.09757931530475616
0.4891079068183899
0.9395900964736938
0.04914892092347145
0.08386294543743134
0.7153959274291992
0.513486385345459
0.16045385599136353
0.17334358394145966
0.6368817687034607
0.10640762746334076
0.10291517525911331
0.25575530529022217
0.6633561253547668
0.6431547403335571
0.9722999334335327
0.47826430201530457
0.16781729459762573
0.5847817063331604
0.8574271202087402
0.9589171409606934
0.08934169262647629
0.8342796564102173
0.7498223781585693
0.3494603633880615
0.7633241415023804
0.2771480679512024
0.4891524612903595
0.2465507835149765
0.1715921312570572
0.46772482991218567
0.9947506785392761
0.5127929449081421
0.14250917732715607
0.7615957260131836
0.7548103332519531
0.5816563367843628
0.24745407700538635
0.9007340669631958
0.6519797444343567
0.467636376619339
0.25623735785484314
0.4972303807735443
0.2518145442008972
0.5879760980606079
0.7594884037971497
0.7609961032867432
0.552665114402771
0.8349624276161194
0.5395050644874573
0.6784520745277405
0.1898484081029892
0.7789435386657715
0.9575345516204834
0.8136174082756042
0.34095144271850586
0.9971613883972168
0.9172359108924866
0.8129206299781799
0.5333035588264465
0.8509466052055359
0.512749195098877
0.3741094768047333
0.23424747586250305
0.5131179094314575
0.7623863220214844
0.6655891537666321
0.326930969953537
0.12911157310009003
0.8857340812683105
0.7473818063735962
0.4735797941684723
0.8410449624061584
0.16531939804553986
0.17592734098434448
0.18029145896434784
0.5804935693740845
0.48916247487068176
0.8062023520469666
0.3789861500263214
0.6236613392829895
0.11324708163738251
0.5424325466156006
0.6853452920913696
0.8296201825141907
0.7403249740600586
0.5955002903938293
0.834976315498352
0.38208743929862976
0.4793294072151184
0.5609725713729858
0.44284477829933167
0.7867326736450195
0.016979103907942772
0.5489250421524048
0.42887887358665466
0.5070979595184326
0.3057478964328766
0.2328556478023529
0.11526037007570267
0.24133679270744324
0.4434231221675873
0.2341425120830536
0.6797751784324646
0.7023308277130127
0.916159987449646
0.17370189726352692
0.24966754019260406
0.11905938386917114
0.09508101642131805
0.7862653732299805
0.3590552806854248
0.1442466378211975
0.42489421367645264
0.48832768201828003
0.3968140780925751
0.5523055791854858
0.9142589569091797
0.3549502491950989
0.10735046118497849
0.13919703662395477
0.47817981243133545
0.1603471338748932
0.944168210029602
0.712822675704956
0.7605695128440857
0.8537249565124512
0.008316396735608578
0.38086265325546265
0.845600962638855
0.8873010873794556
0.4920590817928314
0.3144007921218872
0.14391259849071503
0.3420824110507965
0.3120490312576294
0.35778653621673584
0.5914252400398254
0.12465294450521469
0.18762540817260742
0.38265302777290344
0.42417412996292114
0.06507746130228043
0.7439814209938049
0.16922105848789215
0.8661045432090759
0.34515777230262756
0.23069389164447784
0.2295607328414917
0.5505815148353577
0.205000102519989
0.15929937362670898
0.9735395312309265
0.32288414239883423
0.6656932830810547
0.8170656561851501
0.8566179871559143
0.6952074766159058
0.5849093794822693
0.8011260628700256
0.9849393367767334
0.6802160739898682
0.5480983257293701
0.6833295226097107
0.14414209127426147
0.5498084425926208
0.15300455689430237
0.21534793078899384
0.9316520094871521
0.4613051116466522
0.25527527928352356
0.06511430442333221
0.25190529227256775
0.9937242269515991
0.3411116600036621
0.48670628666877747
0.03588247671723366
0.5309363007545471
0.45179417729377747
0.3121281564235687
0.15656717121601105
0.14232167601585388
0.939082145690918
0.19247719645500183
0.20862598717212677
0.4551277160644531
0.8505501747131348
0.9018188714981079
0.7986282706260681
0.33096635341644287
0.688335120677948
0.46164900064468384
0.04306071996688843
0.19978618621826172
0.9116043448448181
0.36676138639450073
0.24409261345863342
0.9679709672927856
0.5113012790679932
0.6916977763175964
0.7564629912376404
0.49927014112472534
0.5840337872505188
0.3952983021736145
0.8106083273887634
0.9411062598228455
0.30997174978256226
0.6469380855560303
0.25358158349990845
0.6900419592857361
0.24874259531497955
0.44119784235954285
0.6255822777748108
0.935701847076416
0.25670477747917175
0.9266767501831055
0.6418696641921997
0.3418380320072174
0.2151893526315689
0.355080246925354
0.8399466276168823
0.8003268837928772
0.3601372241973877
0.9789029955863953
0.013295724056661129
0.27985504269599915
0.7303176522254944
0.9617318511009216
0.3485642373561859
0.4583044648170471
0.18444225192070007
0.6150977611541748
0.534850001335144
0.9559147357940674
0.750931441783905
0.8226691484451294
0.1849077045917511
0.437847375869751
0.24744105339050293
0.7854858636856079
0.84296053647995
0.454611599445343
0.5912931561470032
0.06357035785913467
0.299077570438385
0.38501179218292236
0.29192572832107544
0.7750028967857361
0.9569628834724426
0.36905595660209656
0.4623003900051117
0.14148642122745514
0.7096949219703674
0.7263994216918945
0.13794314861297607
0.08133303374052048
0.2501322329044342
0.22966375946998596
0.6915948987007141
0.8467387557029724
0.4321465790271759
0.01835053227841854
0.9534851312637329
0.963364839553833
0.1750926673412323
0.7606257796287537
0.1283704787492752
0.0024156656581908464
0.5675227046012878
0.5076943635940552
0.5430306792259216
0.6815341114997864
0.6139455437660217
0.3117440342903137
0.6168191432952881
0.4428601861000061
0.8674799203872681
0.5161160826683044
0.4101305305957794
0.328222393989563
0.41115856170654297
0.793180525302887
0.15271557867527008
0.8586013913154602
0.3395146131515503
0.7203998565673828
0.9134079813957214
0.295143187046051
0.7275914549827576
0.028831837698817253
0.7499890327453613
0.37009119987487793
0.43708422780036926
0.6853988170623779
0.21277372539043427
0.826273500919342
0.9334701299667358
0.6332072019577026
0.9704754948616028
0.6053227186203003
0.9710562229156494
0.40504178404808044
0.41815927624702454
0.9292234778404236
0.4865815341472626
0.952835202217102
0.11775990575551987
0.1578865796327591
0.9807193279266357
0.3634302020072937
0.47380897402763367
0.6775075197219849
0.5339553356170654
0.27692076563835144
0.31936976313591003
0.8365494012832642
0.029398340731859207
0.19147996604442596
0.9512721300125122
0.10171543806791306
0.030360011383891106
0.7193020582199097
0.007895943708717823
0.47375378012657166
0.06200447678565979
0.2104356735944748
0.42001962661743164
0.12612496316432953
0.421152263879776
0.96232670545578
0.4545324742794037
0.7798221707344055
0.7933154702186584
0.24963057041168213
0.22309018671512604
0.9208664894104004
0.6528308391571045
0.15166231989860535
0.5467807650566101
0.27038589119911194
0.15939733386039734
0.8792983293533325
0.6776189208030701
0.3905353546142578
0.5720399618148804
0.89251309633255
0.9372711777687073
0.6250447630882263
0.9205256104469299
0.49561476707458496
0.33797353506088257
0.9241373538970947
0.40723273158073425
0.09544219821691513
0.14545907080173492
0.4629111588001251
0.5002954006195068
0.2124052196741104
0.9534832239151001
0.6938145756721497
0.5587495565414429
0.9955968260765076
0.6107075810432434
0.18409089744091034
0.1046953797340393
0.4615285098552704
0.485872358083725
0.792625904083252
0.4871848523616791
0.08983133733272552
0.4098567068576813
0.6472447514533997
0.754160463809967
0.6407409906387329
0.7190989255905151
0.4742615222930908
0.9110166430473328
0.7387478947639465
0.24609561264514923
0.57453852891922
0.28608518838882446
0.4898209273815155
0.5876871347427368
0.026764217764139175
0.8790457844734192
0.5266310572624207
0.3028341233730316
0.21351689100265503
0.2945607900619507
0.26281389594078064
0.8582105040550232
0.940811276435852
0.6916042566299438
0.7035549283027649
0.8081326484680176
0.05205691233277321
0.02343858778476715
0.2787134349346161
0.8160762786865234
0.5168183445930481
0.6533516645431519
0.22686055302619934
0.7573935389518738
0.18528249859809875
0.14562448859214783
0.011516448110342026
0.9670968651771545
0.26203474402427673
0.42023766040802
0.4517441391944885
0.02528097666800022
0.0086990250274539
0.4409765601158142
0.4938168227672577
0.447268009185791
0.5659192800521851
0.4550333023071289
0.35180601477622986
0.16961471736431122
0.7005285620689392
0.6992096304893494
0.7564623355865479
0.6898565888404846
0.6960960626602173
0.1346685141324997
0.06562032550573349
0.4161275625228882
0.6037914156913757
0.14471586048603058
0.5411645770072937
0.730624258518219
0.9092258810997009
0.5297062993049622
0.44859060645103455
0.8266092538833618
0.14672471582889557
0.07186704128980637
0.818397045135498
0.5865559577941895
0.7238332629203796
0.8608801960945129
0.6755034327507019
0.8655422925949097
0.4224170744419098
0.027643375098705292
0.8541829586029053
0.41006946563720703
0.09756585210561752
0.23419496417045593
0.5290958285331726
0.35020333528518677
0.894295871257782
0.7630206346511841
0.4426662027835846
0.5067384243011475
0.6326801180839539
0.8998521566390991
0.7925662398338318
0.13950298726558685
0.3324539065361023
0.1256391853094101
0.8673930168151855
0.8067296743392944
0.1279463768005371
0.134378582239151
0.4576663672924042
0.7439782023429871
0.8041647672653198
0.691084623336792
0.7335531115531921
0.26416316628456116
0.5996072888374329
0.3172847032546997
0.7758283019065857
0.9798271656036377
0.7664707899093628
0.6349018216133118
0.4891889691352844
0.28032392263412476
0.2745177745819092
0.5856892466545105
0.9306922554969788
0.5533221960067749
0.8214735984802246
0.7538160681724548
0.8686857223510742
0.7468412518501282
0.7439300417900085
0.7531002163887024
0.08415340632200241
0.5391317009925842
0.8218061327934265
0.8856217265129089
0.6253982782363892
0.7968853712081909
0.9228595495223999
0.18754009902477264
0.6154664754867554
0.4056069850921631
0.7269955277442932
0.5296069979667664
0.5485515594482422
0.8678986430168152
0.7428246140480042
0.5327879190444946
0.6937475204467773
0.5504736304283142
0.4647558927536011
0.4001941382884979
0.17929987609386444
0.8788124322891235
0.06165154278278351
0.8862308263778687
0.412841260433197
0.5144665837287903
0.8413670063018799
0.7446767091751099
0.7233898043632507
0.07823030650615692
0.09649791568517685
0.8387085199356079
0.9730916023254395
0.7049738764762878
0.08846364915370941
0.4302150309085846
0.24800677597522736
0.12847720086574554
0.18335707485675812
0.5910675525665283
0.009524598717689514
0.6586949229240417
0.7223160266876221
0.9922515749931335
0.6122369170188904
0.5669384598731995
0.7212958931922913
0.22837668657302856
0.5938024520874023
0.21451029181480408
0.5820397734642029
0.2848988175392151
0.8258395195007324
0.1134195327758789
0.6252350807189941
0.7202061414718628
0.031844984740018845
0.3779335916042328
0.2104816883802414
0.09544996172189713
0.6301206350326538
0.03459935635328293
0.5897525548934937
0.9697786569595337
0.8847008943557739
0.21087346971035004
0.015340653248131275
0.5249848365783691
0.017692850902676582
0.9382853507995605
0.481370747089386
0.6877923607826233
0.96025151014328
0.06881584972143173
0.3539282977581024
0.3947887420654297
0.6046530604362488
0.7877376079559326
0.47202587127685547
0.6846740245819092
0.4763547480106354
0.8697013854980469
0.8588092923164368
0.9405081868171692
0.3974233865737915
0.39791548252105713
0.1550615429878235
0.8999863862991333
0.698333203792572
0.820454478263855
0.3037850558757782
0.08599668741226196
0.5578105449676514
0.8693538904190063
0.3251602351665497
0.9374842643737793
0.8945165872573853
0.13134869933128357
0.11291128396987915
0.1914229840040207
0.6778745651245117
0.4241705536842346
0.04812994971871376
0.3231760561466217
0.0771716982126236
0.7626262903213501
0.6777510046958923
0.40208524465560913
0.09315204620361328
0.006781510543078184
0.5075511336326599
0.2319396436214447
0.14521877467632294
0.8764562010765076
0.011959423311054707
0.3755021393299103
0.10983533412218094
0.9795550107955933
0.5519894361495972
0.6200240850448608
0.8378100991249084
0.24028059840202332
0.6398232579231262
0.3091156780719757
0.7661041617393494
0.5460277199745178
0.23232589662075043
0.0009238472557626665
0.31872865557670593
0.388720840215683
0.5764395594596863
0.0759173035621643
0.6929534673690796
0.5439799427986145
0.891042947769165
0.2548055350780487
0.5194056034088135
0.41877979040145874
0.3719731867313385
0.8304954171180725
0.885007917881012
0.2555968165397644
0.06302984058856964
0.9594780802726746
0.5463511943817139
0.03288858383893967
0.11109378933906555
0.16208219528198242
0.3074730634689331
0.3307439386844635
0.9536136388778687
0.20158036053180695
0.3280889689922333
0.4459742307662964
0.7480236291885376
0.9322450757026672
0.1673797219991684
0.6990495920181274
0.8649680018424988
0.20946738123893738
0.06623269617557526
0.44516706466674805
0.3059694170951843
0.3063075542449951
0.06907518208026886
0.12832863628864288
0.08044157177209854
0.878083348274231
0.6240735650062561
0.8991995453834534
0.41119682788848877
0.7210961580276489
0.45503947138786316
0.5658360719680786
0.9062329530715942
0.3367733359336853
0.677233874797821
0.16046911478042603
0.1830148696899414
0.3743196725845337
0.27465954422950745
0.4429900646209717
0.03084186464548111
0.8565544486045837
0.028241470456123352
0.7914941906929016
0.1056680753827095
0.42266520857810974
0.7046656608581543
0.8875027894973755
0.6807905435562134
0.09846610575914383
0.2737042307853699
0.08453698456287384
0.4181138873100281
0.20103593170642853
0.6273122429847717
0.5800349712371826
0.5108153820037842
0.12291017174720764
0.37043073773384094
0.11896795779466629
0.9154585599899292
0.9881688952445984
0.5632590651512146
0.060205891728401184
0.5720716714859009
0.09808359295129776
0.3552738130092621
0.6483650207519531
0.19889353215694427
0.29787373542785645
0.3439178764820099
0.8319827914237976
0.6813412308692932
0.6766456961631775
0.6927749514579773
0.5698527693748474
0.8050148487091064
0.059301286935806274
0.6144186854362488
0.3810338079929352
0.07890554517507553
0.7418758273124695
0.6067169308662415
0.3475458323955536
0.24071626365184784
0.6974940896034241
0.9558081030845642
0.9778578877449036
0.32825884222984314
0.0692373514175415
0.6043383479118347
0.02523878589272499
0.6285028457641602
0.2555820047855377
0.8516430258750916
0.3917914927005768
0.3687666654586792
0.8896192908287048
0.006974851246923208
0.4336547255516052
0.7515369057655334
0.8679343461990356
0.2471599280834198
0.42207247018814087
0.010727891698479652
0.04059681296348572
0.937317430973053
0.4923255443572998
0.9441499710083008
0.9503179788589478
0.3774629533290863
0.2613077163696289
0.5194318294525146
0.7883763313293457
0.9855592846870422
0.609774112701416
0.0012671201257035136
0.16800658404827118
0.8711042404174805
0.0500149168074131
0.22088775038719177
0.8781227469444275
0.7828953266143799
0.639638364315033
0.38211560249328613
0.4457421898841858
0.4973978102207184
0.6006518006324768
0.8206806778907776
0.27238574624061584
0.12081330269575119
0.22647124528884888
0.8173047304153442
0.5234928727149963
0.06919237226247787
0.8074912428855896
0.685215413570404
0.24005651473999023
0.8920922875404358
0.042122501879930496
0.8067337870597839
0.37922483682632446
0.6496286988258362
0.9886687397956848
0.8555078506469727
0.18421012163162231
0.829472005367279
0.6302473545074463
0.9493376016616821
0.31747549772262573
0.7534401416778564
0.4041464328765869
0.5179236531257629
0.8240476250648499
0.5376634001731873
0.9951353073120117
0.0707232654094696
0.7954745292663574
0.9709272980690002
0.43969279527664185
0.6630018353462219
0.6337944269180298
0.259421706199646
0.036369431763887405
0.17319025099277496
0.860715389251709
0.9192298650741577
0.7050357460975647
0.016330786049365997
0.07753950357437134
0.4167592227458954
0.941430389881134
0.751066267490387
0.19599595665931702
0.8427277207374573
0.5291498899459839
0.8146052956581116
0.9616351127624512
0.4792252779006958
0.014911008067429066
0.8616345524787903
0.8852438926696777
0.7665155529975891
0.6054095029830933
0.4067215025424957
0.5467517375946045
0.44724372029304504
0.6252923607826233
0.29230815172195435
0.8497148156166077
0.3260906934738159
0.7271603345870972
0.7292325496673584
0.6080240607261658
0.8028093576431274
0.6711567044258118
0.4527045488357544
0.750400960445404
0.7564327120780945
0.291490763425827
0.4057650864124298
0.3551037013530731
0.6426454782485962
0.4893936812877655
0.5273774266242981
0.6507670879364014
0.06505979597568512
0.5863056778907776
0.8714739084243774
0.5354036092758179
0.07451213896274567
0.5177794098854065
0.9888250827789307
0.030302053317427635
0.993578314781189
0.28390082716941833
0.8887085318565369
0.38115963339805603
0.6332949995994568
0.3426123559474945
0.22702144086360931
0.41270095109939575
0.6888752579689026
0.07499471306800842
0.810750424861908
0.510703444480896
0.7811518907546997
0.6052853465080261
0.46779781579971313
0.9364876747131348
0.11470469832420349
0.5138838291168213
0.2301074117422104
0.07657691836357117
0.02581864967942238
0.8288002014160156
0.5115154981613159
0.5467648506164551
0.30173420906066895
0.4405531883239746
0.22325044870376587
0.5226299166679382
0.7086502909660339
0.3661127984523773
0.6729339361190796
0.8972808718681335
0.5595709681510925
0.029107045382261276
0.2016701102256775
0.7988182306289673
0.10262595117092133
0.2114899456501007
0.5075463652610779
0.3500831723213196
0.3552185595035553
0.030095098540186882
0.8728012442588806
0.17781496047973633
0.13989293575286865
0.3778996169567108
0.03927221894264221
0.08850686252117157
0.6825929880142212
0.4792691767215729
0.29414406418800354
0.7192798852920532
0.6367478370666504
0.6358253955841064
0.2039256989955902
0.9593119025230408
0.3970232307910919
0.6077761650085449
0.3784017860889435
0.7047733664512634
0.010698944330215454
0.1328679919242859
0.4049115478992462
0.6745048761367798
0.0484919510781765
0.5499753355979919
0.7539077997207642
0.5461638569831848
0.11208263784646988
0.010484214872121811
0.5207817554473877
0.07519122958183289
0.8003906607627869
0.7917580008506775
0.7063121795654297
0.5626818537712097
0.45227178931236267
0.12241560965776443
0.6393106579780579
0.34387949109077454
0.6729112863540649
0.6627100110054016
0.5717722773551941
0.187932088971138
0.3071556091308594
0.8054815530776978
0.9847860336303711
0.573239803314209
0.03047812357544899
0.6662632822990417
0.07891803234815598
0.7405479550361633
0.4211861193180084
0.6383283734321594
0.9375515580177307
0.8097012042999268
0.46943244338035583
0.02328222058713436
0.9545153975486755
0.09068349003791809
0.29859310388565063
0.06309396028518677
0.7131344079971313
0.07747601717710495
0.09760773181915283
0.031492315232753754
0.009227287024259567
0.19071805477142334
0.9331633448600769
0.9404373168945312
0.4040854573249817
0.2166391909122467
0.9730249643325806
0.7638228535652161
0.20097094774246216
0.458415687084198
0.5355925559997559
0.0006707513821311295
0.2156888246536255
0.05012400075793266
0.9286012053489685
0.4355299174785614
0.5329598784446716
0.6972289085388184
0.9731125831604004
0.4089328944683075
0.24384336173534393
0.6272755265235901
0.7494621872901917
0.39826980233192444
0.22073988616466522
0.5790690183639526
0.15920956432819366
0.47140562534332275
0.3689822852611542
0.127052441239357
0.5151406526565552
0.3279779851436615
0.3442266583442688
0.9501056671142578
0.2957790493965149
0.7813010215759277
0.4129194915294647
0.5887492299079895
0.849725067615509
0.9857369661331177
0.9065293073654175
0.8764142990112305
0.3196559250354767
0.851508378982544
0.8282921314239502
0.30933916568756104
0.5851873159408569
0.7997586727142334
0.43595588207244873
0.14449037611484528
0.4298761188983917
0.46532103419303894
0.6789769530296326
0.7558141350746155
0.988980770111084
0.05970491096377373
0.14247632026672363
0.6582828164100647
0.8674408197402954
0.5227864384651184
0.2613389492034912
0.3749423921108246
0.8687270879745483
0.4970526397228241
0.5897460579872131
0.9163692593574524
0.8336033821105957
0.3810114562511444
0.8012937307357788
0.39730992913246155
0.5224193930625916
0.6786587834358215
0.6062043905258179
0.12410926073789597
0.5100418925285339
0.811941385269165
0.35763445496559143
0.7219305634498596
0.6585158109664917
0.1397784799337387
0.195627823472023
0.011554930359125137
0.4652993381023407
0.8119139075279236
0.3810744285583496
0.1648067682981491
0.7427678108215332
0.11966747790575027
0.11272849887609482
0.5130096673965454
0.3004566729068756
0.284944087266922
0.3741166889667511
0.22158987820148468
0.5520246028900146
0.0796007588505745
0.5900017023086548
0.6515386700630188
0.14422906935214996
0.6573371291160583
0.1773560345172882
0.45252901315689087
0.03673379123210907
0.5967249870300293
0.4680989384651184
0.8024821281433105
0.6300098299980164
0.8642071485519409
0.9460270404815674
0.7750478386878967
0.5432065725326538
0.15350715816020966
0.4074840843677521
0.19115878641605377
0.8261481523513794
0.8032713532447815
0.6882750988006592
0.2658957242965698
0.45303139090538025
0.9125733971595764
0.6720352172851562
0.5456827878952026
0.1307680308818817
0.7061507701873779
0.9698485136032104
0.1494620442390442
0.21131253242492676
0.7730042934417725
0.5247806310653687
0.5427886247634888
0.041749875992536545
0.3606976270675659
0.05141954869031906
0.4448472261428833
0.7970268726348877
0.13462668657302856
0.272582471370697
0.11484497785568237
0.902568519115448
0.2680884599685669
0.1153821125626564
0.7525529265403748
0.7375837564468384
0.7163864374160767
0.3548685908317566
0.23907974362373352
0.09068354219198227
0.6698299050331116
0.3125629425048828
0.022670889273285866
0.5420817732810974
0.37593257427215576
0.7578668594360352
0.21567735075950623
0.9109516739845276
0.6841705441474915
0.006513477303087711
0.5875402688980103
0.45457640290260315
0.7525099515914917
0.7419472932815552
0.9541599750518799
0.9552025198936462
0.652397632598877
0.36060136556625366
0.6779983043670654
0.7031933069229126
0.5240368247032166
0.25412067770957947
0.38535717129707336
0.7744764089584351
0.08143413811922073
0.07687342166900635
0.9777700304985046
0.7634423971176147
0.17377303540706635
0.3223911225795746
0.7440617680549622
0.4781438708305359
0.6801233291625977
0.9341233372688293
0.6504532694816589
0.3781432509422302
0.17480917274951935
0.8698899745941162
0.3589414656162262
0.44876348972320557
0.8734721541404724
0.749816358089447
0.1730734258890152
0.947645366191864
0.12282256782054901
0.5946025848388672
0.8377124071121216
0.23491904139518738
0.8061556220054626
0.8247190117835999
0.14472514390945435
0.30844900012016296
0.7234645485877991
0.34982770681381226
0.680232584476471
0.5694624781608582
0.1799246370792389
0.6373386979103088
0.36979278922080994
0.5068750381469727
0.6447930335998535
0.4377612769603729
0.9815098643302917
0.5324768424034119
0.7423847913742065
0.1996006965637207
0.8607901334762573
0.6505572199821472
0.550595760345459
0.21052974462509155
0.2429845929145813
0.29185041785240173
0.26376253366470337
0.8192059993743896
0.43228086829185486
0.3687067925930023
0.16302594542503357
0.3097515106201172
0.41913720965385437
0.8351510167121887
0.7943482995033264
0.720173716545105
0.6352238059043884
0.40048566460609436
0.4804359972476959
0.12056320160627365
0.8785138130187988
0.9161491990089417
0.6310557126998901
0.26799994707107544
0.6426122784614563
0.8111336827278137
0.2825905978679657
0.14820288121700287
0.8082589507102966
0.9965185523033142
0.01532693486660719
0.6860325336456299
0.7710685133934021
0.39366692304611206
0.04634824022650719
0.5685209631919861
0.6489452123641968
0.444728285074234
0.14352621138095856
0.9663797616958618
0.9860339164733887
0.7056740522384644
0.8556166887283325
0.49010318517684937
0.15964540839195251
0.614258885383606
0.410096138715744
0.09880644828081131
0.17284247279167175
0.874739408493042
0.7482516169548035
0.5839257836341858
0.948837399482727
0.8743394613265991
0.4771101176738739
0.7872741222381592
0.1079825907945633
0.4898160398006439
0.9956543445587158
0.11746938526630402
0.7210800647735596
0.029088452458381653
0.4195725917816162
0.520858108997345
0.5857000946998596
0.36467477679252625
0.8998274207115173
0.3797109127044678
0.12077776342630386
0.09854410588741302
0.2876981198787689
0.2682187557220459
0.2330663502216339
0.8862242698669434
0.9401431083679199
0.9808434844017029
0.37070232629776
0.7371684312820435
0.734468936920166
0.5385926365852356
0.846821129322052
0.47719499468803406
0.4845764935016632
0.5554646849632263
0.6306453943252563
0.2708115577697754
0.3044895529747009
0.7786635160446167
0.36770567297935486
0.30583813786506653
0.5796979069709778
0.2286553829908371
0.06703761219978333
0.5108876824378967
0.273342102766037
0.3371666967868805
0.26925650238990784
0.8903599977493286
0.17199397087097168
0.9372354745864868
0.40855973958969116
0.5316291451454163
0.7614812254905701
0.17490524053573608
0.9166114926338196
0.6586496829986572
0.7250117659568787
0.22521314024925232
0.18240301311016083
0.18982626497745514
0.5603778958320618
0.25818732380867004
0.5887780785560608
0.41315147280693054
0.7759817242622375
0.9456164240837097
0.8772942423820496
0.9295780658721924
0.36327818036079407
0.13246683776378632
0.7400934100151062
0.6574162244796753
0.6261255145072937
0.1969945877790451
0.9400762319564819
0.13443122804164886
0.23555971682071686
0.031855203211307526
0.6120415329933167
0.46382617950439453
0.20902104675769806
0.3990405797958374
0.09979432821273804
0.72475266456604
0.13880811631679535
0.06943124532699585
0.5081838369369507
0.6419256925582886
0.7649845480918884
0.22246825695037842
0.017336172983050346
0.6676713824272156
0.09673168510198593
0.6422654390335083
0.9169070720672607
0.09251359850168228
0.10185859352350235
0.9926382303237915
0.4877207279205322
0.5531845688819885
0.46836748719215393
0.9460815787315369
0.9739223718643188
0.39853888750076294
0.3994477093219757
0.41497838497161865
0.679981529712677
0.6996404528617859
0.5164901614189148
0.7425915002822876
0.3385947048664093
0.1819770634174347
0.8791413903236389
0.4889899790287018
0.8716570734977722
0.0840962678194046
0.2591744065284729
0.9193047881126404
0.033741507679224014
0.35738569498062134
0.6119405627250671
0.2064265012741089
0.7935588955879211
0.29212185740470886
0.48025673627853394
0.4367476999759674
0.5189703106880188
0.7667157053947449
0.3427349627017975
0.5012590289115906
0.606290340423584
0.11658010631799698
0.07891061902046204
0.5227488875389099
0.6404877305030823
0.4238874018192291
0.4739284813404083
0.8816213607788086
0.8673620223999023
0.3715877830982208
0.054854657500982285
0.9978607296943665
0.7606068253517151
0.7634209990501404
0.12785416841506958
0.41012388467788696
0.20394136011600494
0.15682347118854523
0.07799499481916428
0.9879146814346313
0.4819437265396118
0.38706517219543457
0.8856590390205383
0.34679892659187317
0.6510079503059387
0.1941165328025818
0.8694261908531189
0.3334318697452545
0.7830876708030701
0.015132314525544643
0.8891846537590027
0.26653724908828735
0.9486404061317444
0.9283626675605774
0.20426826179027557
0.06891792267560959
0.4067786633968353
0.8871272802352905
0.6025393605232239
0.47603005170822144
0.17107798159122467
0.49749553203582764
0.14714330434799194
0.6314785480499268
0.7424020171165466
0.7994343638420105
0.6741160154342651
0.23063112795352936
0.5401628017425537
0.7640183568000793
0.2427683174610138
0.4060055613517761
0.25393712520599365
0.7479244470596313
0.523726761341095
0.0575493685901165
0.818395733833313
0.5606817603111267
0.3929964601993561
0.9923557043075562
0.28936874866485596
0.35321342945098877
0.18354280292987823
0.9579676389694214
0.22626438736915588
0.002193361520767212
0.6156274676322937
0.7512108087539673
0.4353342056274414
0.5138113498687744
0.6158767342567444
0.5576831698417664
0.8906041979789734
0.12408161908388138
0.40808290243148804
0.3667723834514618
0.47354716062545776
0.4925469756126404
0.14890943467617035
0.7910962700843811
0.7626797556877136
0.7869812846183777
0.20678643882274628
0.2404192090034485
0.38379955291748047
0.9994964599609375
0.7454381585121155
0.3902132213115692
0.5126193165779114
0.10408660024404526
0.2531977891921997
0.8992284536361694
0.8290059566497803
0.0016160702798515558
0.1869996041059494
0.4304782450199127
0.8109037280082703
0.5172178745269775
0.7583099007606506
0.3270033895969391
0.39630064368247986
0.09480299800634384
0.032386139035224915
0.7781330347061157
0.22530941665172577
0.41471508145332336
0.21152518689632416
0.7411237359046936
0.02297802083194256
0.5229079723358154
0.09356086701154709
0.11937981843948364
0.405266135931015
0.8431018590927124
0.6723850965499878
0.42207804322242737
0.8877686262130737
0.5738811492919922
0.8876524567604065
0.4879834055900574
0.07035291939973831
0.6187190413475037
0.9733927249908447
0.30021947622299194
0.41378313302993774
0.8274869322776794
0.9480932354927063
0.7790850400924683
0.7259071469306946
0.15711389482021332
0.38517481088638306
0.23460178077220917
0.799135148525238
0.5847252607345581
0.3377424478530884
0.33184725046157837
0.3831014931201935
0.17459902167320251
0.7157694697380066
0.0369909405708313
0.22079043090343475
0.619205892086029
0.7937620282173157
0.3390130400657654
0.3648601174354553
0.34014618396759033
0.24576963484287262
0.910628616809845
0.40502017736434937
0.4565656781196594
0.4214015305042267
0.5416313409805298
0.39632120728492737
0.2705215513706207
0.20874638855457306
0.8701612949371338
0.5160089731216431
0.048562418669462204
0.22600455582141876
0.19772353768348694
0.5040056705474854
0.14727425575256348
0.7304151654243469
0.9070721864700317
0.14158204197883606
0.781593918800354
0.45005953311920166
0.6466707587242126
0.7149863839149475
0.3774642050266266
0.9562658071517944
0.019176337867975235
0.9549614787101746
0.29367905855178833
0.3706831932067871
0.15558454394340515
0.07432158291339874
0.5528979897499084
0.7488951683044434
0.38744306564331055
0.45523521304130554
0.2183903455734253
0.5717934370040894
0.6492526531219482
0.589159369468689
0.47237712144851685
0.21976971626281738
0.9925938248634338
0.12098681181669235
0.4129924774169922
0.607498288154602
0.1609296351671219
0.12754815816879272
0.4160609841346741
0.9640159010887146
0.4583328366279602
0.6002804636955261
0.23097021877765656
0.803810179233551
0.32605522871017456
0.9431659579277039
0.05922732502222061
0.7998951077461243
0.987263560295105
0.7325178980827332
0.34337344765663147
0.8193058371543884
0.003531479509547353
0.7668792605400085
0.5050957202911377
0.6125020384788513
0.6084080338478088
0.6888020038604736
0.7101296782493591
0.9125480651855469
0.4184034466743469
0.3402971923351288
0.07151929289102554
0.5421909093856812
0.622420072555542
0.1014091894030571
0.44112464785575867
0.9131309390068054
0.5656880736351013
0.446956068277359
0.4924299716949463
0.08802324533462524
0.1736859232187271
0.32764264941215515
0.45301276445388794
0.3631860911846161
0.5983459949493408
0.6746717691421509
0.7192009091377258
0.27757301926612854
0.5092018246650696
0.7842721343040466
0.16203255951404572
0.5996794700622559
0.25034284591674805
0.8396663069725037
0.9777005910873413
0.8737243413925171
0.5881008505821228
0.6245547533035278
0.9414407014846802
0.19391761720180511
0.760837733745575
0.3231063783168793
0.09558989852666855
0.7330552339553833
0.23844212293624878
0.4229370057582855
0.5282825827598572
0.3744395971298218
0.16416512429714203
0.08384347707033157
0.30568647384643555
0.3424784243106842
0.2554188370704651
0.26563718914985657
0.33760738372802734
0.29303550720214844
0.057496801018714905
0.10052818059921265
0.004567483905702829
0.5811298489570618
0.6226171255111694
0.45566391944885254
0.7386486530303955
0.15885445475578308
0.2641350328922272
0.8483669757843018
0.03645070642232895
0.11000125110149384
0.434591144323349
0.166436567902565
0.7429550886154175
0.31325721740722656
0.44015297293663025
0.18602125346660614
0.8709865212440491
0.06789284944534302
0.6901042461395264
0.6110683679580688
0.18871982395648956
0.26716116070747375
0.5771101713180542
0.48619362711906433
0.5996338129043579
0.8168702125549316
0.9733836650848389
0.4035860300064087
0.7550903558731079
0.3971373438835144
0.37774142622947693
0.057911332696676254
0.16700217127799988
0.24042551219463348
0.6128485202789307
0.6388112306594849
0.003973674029111862
0.5964276790618896
0.8266748189926147
0.6251561641693115
0.29485777020454407
0.9317795634269714
0.15837454795837402
0.5190689563751221
0.0522758774459362
0.3534698486328125
0.05240701511502266
0.7735468745231628
0.17622029781341553
0.42298704385757446
0.5585635304450989
0.5664186477661133
0.17724265158176422
0.9985449910163879
0.5874946713447571
0.8120193481445312
0.46154528856277466
0.3207642436027527
0.9076599478721619
0.19105824828147888
0.3565780520439148
0.7111294269561768
0.04647800698876381
0.5204539895057678
0.7004901170730591
0.7616827487945557
0.8527893424034119
0.3674548268318176
0.057244304567575455
0.07925184816122055
0.197589710354805
0.7405813932418823
0.7508438229560852
0.21109378337860107
0.7307085394859314
0.3776249289512634
0.9583526849746704
0.9185375571250916
0.0018229270353913307
0.4939185082912445
0.2842506766319275
0.0017449691658839583
0.7120927572250366
0.7507128119468689
0.2105238288640976
0.8849160075187683
0.5876032710075378
0.8852672576904297
0.8850792646408081
0.4853220582008362
0.8821176886558533
0.4573168456554413
0.14947660267353058
0.9817565083503723
0.8819901347160339
0.5899350643157959
0.5362823605537415
0.9746806621551514
0.5284773111343384
0.555628776550293
0.35445696115493774
0.22117261588573456
0.8680787682533264
0.7375719547271729
0.774240255355835
0.4747626781463623
0.37246811389923096
0.8010513186454773
0.7827393412590027
0.6996926665306091
0.192731112241745
0.4596998393535614
0.34584707021713257
0.7918083667755127
0.4131411612033844
0.6074806451797485
0.23471444845199585
0.049999888986349106
0.3868092894554138
0.34052878618240356
0.3176468014717102
0.2876546382904053
0.31704968214035034
0.11990071088075638
0.03010915406048298
0.009429658763110638
0.5631345510482788
0.5376603603363037
0.580865740776062
0.3515409529209137
0.9146772623062134
0.9288296699523926
0.44107136130332947
0.016281653195619583
0.5258712768554688
0.6723151803016663
0.9401984214782715
0.01394867617636919
0.6724349856376648
0.4548768997192383
0.14058738946914673
0.6545645594596863
0.47513630986213684
0.6383218169212341
0.0912211537361145
0.36276060342788696
0.31414276361465454
0.9026034474372864
0.2881777286529541
0.9117730855941772
0.5654383897781372
0.8413090705871582
0.4325355887413025
0.7814189195632935
0.5691311955451965
0.14971642196178436
0.6714460253715515
0.2797940671443939
0.7284284830093384
0.9090046286582947
0.8754099607467651
0.47839024662971497
0.8095410466194153
0.0625094324350357
0.553172767162323
0.45414862036705017
0.9380978941917419
0.6104793548583984
0.47201403975486755
0.9784921407699585
0.9250431656837463
0.9401561617851257
0.6462334990501404
0.28566521406173706
0.5350061655044556
0.9372681379318237
0.6793861389160156
0.5609800219535828
0.8105698823928833
0.3377862572669983
0.803986132144928
0.8319823145866394
0.2766243815422058
0.6345904469490051
0.8449315428733826
0.6739875078201294
0.7722403407096863
0.7404377460479736
0.9487334489822388
0.20788195729255676
0.5400446653366089
0.6005082726478577
0.7452813982963562
0.5014693737030029
0.32051196694374084
0.04605545476078987
0.0709405466914177
0.07130278646945953
0.8798587918281555
0.9971464276313782
0.766165018081665
0.9963985681533813
0.6360360383987427
0.07809176295995712
0.28491994738578796
0.4668738543987274
0.51353919506073
0.8356486558914185
0.047414325177669525
0.212833970785141
0.7533146739006042
0.4369778335094452
0.34442275762557983
0.5990334749221802
0.5781506299972534
0.24699103832244873
0.7388610243797302
0.04455186799168587
0.23065176606178284
0.7841233611106873
0.5086535215377808
0.8861729502677917
0.12350489944219589
0.7640844583511353
0.2852823734283447
0.6122954487800598
0.546629786491394
0.01649509370326996
0.175960972905159
0.8541425466537476
0.6869813799858093
0.8660474419593811
0.20782485604286194
0.29383590817451477
0.7028776407241821
0.7832635045051575
0.38751551508903503
0.6610605120658875
0.9580832123756409
0.626521646976471
0.47925230860710144
0.7195509672164917
0.7718628644943237
0.6736006736755371
0.17310966551303864
0.7078627347946167
0.302329957485199
0.650776207447052
0.6414095163345337
0.8067547082901001
0.11379016935825348
0.24634848535060883
0.6277308464050293
0.8240752816200256
0.7245163917541504
0.016860926523804665
0.6011279821395874
0.3978038728237152
0.2496422529220581
0.507220983505249
0.6759689450263977
0.6387575268745422
0.37594956159591675
0.37481823563575745
0.31859785318374634
0.5867241024971008
0.27650517225265503
0.9853028059005737
0.9121756553649902
0.13764874637126923
0.7953267693519592
0.060411062091588974
0.22993960976600647
0.5822232961654663
0.19201315939426422
0.022358011454343796
0.26005449891090393
0.37852445244789124
0.896063506603241
0.05420459434390068
0.46080440282821655
0.9585217833518982
0.9404662847518921
0.5890359282493591
0.5441962480545044
0.7266940474510193
0.5671901702880859
0.6523743867874146
0.03057244047522545
0.9926820993423462
0.6962709426879883
0.08306001126766205
0.650868833065033
0.12888604402542114
0.2812182307243347
0.6150060296058655
0.6495891213417053
0.31157389283180237
0.28568312525749207
0.46479523181915283
0.3492168188095093
0.8564300537109375
0.18272872269153595
0.6054863333702087
0.12362001836299896
0.7083386778831482
0.6072418093681335
0.6661337018013
0.48893672227859497
0.7843813300132751
0.574719250202179
0.5540861487388611
0.715458333492279
0.807691752910614
0.12017932534217834
0.14307044446468353
0.309381902217865
0.8232860565185547
0.5893200039863586
0.4485904574394226
0.6979138255119324
0.7596326470375061
0.6125087738037109
0.0042608510702848434
0.09383626282215118
0.5573956966400146
0.04736873134970665
0.26610374450683594
0.2761684060096741
0.5166260600090027
0.6442251205444336
0.6825482249259949
0.49090272188186646
0.6519904732704163
0.4785352051258087
0.43691155314445496
0.3031603693962097
0.8805326819419861
0.9314121603965759
0.3408561646938324
0.9292174577713013
0.9841700792312622
0.38748684525489807
0.33793583512306213
0.8011388778686523
0.07623253762722015
0.9070094227790833
0.8679220080375671
0.4562931954860687
0.9944246411323547
0.6252884864807129
0.45564231276512146
0.8814723491668701
0.5447770953178406
0.21791566908359528
0.8106520771980286
0.551544725894928
0.2665212154388428
0.31020402908325195
0.8909361958503723
0.5200756788253784
0.11088681221008301
0.7812047004699707
0.8090440630912781
0.7932658195495605
0.9267029166221619
0.40184491872787476
0.7925247550010681
0.5281996130943298
0.05198473855853081
0.4832495152950287
0.2969152629375458
0.4401240944862366
0.9364132881164551
0.7755023241043091
0.8433206677436829
0.9386923909187317
0.04618930444121361
0.5198173522949219
0.3065405488014221
0.2656964063644409
0.7374560236930847
0.15094898641109467
0.5742373466491699
0.25483229756355286
0.6633962988853455
0.34918662905693054
0.45568355917930603
0.9207355976104736
0.05491377040743828
0.8199863433837891
0.40456533432006836
0.626862645149231
0.8490816950798035
0.2648705542087555
0.8678072094917297
0.41234198212623596
0.5714797377586365
0.680198073387146
0.9764804244041443
0.3525456190109253
0.8197221159934998
0.1749088615179062
0.02333601750433445
0.9164479970932007
0.669202983379364
0.4180496037006378
0.9433286786079407
0.06232446804642677
0.3092234134674072
0.9783288240432739
0.28175288438796997
0.19836823642253876
0.44933655858039856
0.4063538908958435
0.5961235761642456
0.8753564953804016
0.4262024164199829
0.0070843324065208435
0.12178796529769897
0.412179559469223
0.18908415734767914
0.7531639933586121
0.7925395369529724
0.3852376937866211
0.754664957523346
0.10018414258956909
0.585052490234375
0.41225406527519226
0.002132842317223549
0.12276161462068558
0.47679340839385986
0.12494367361068726
0.40069380402565
0.6433465480804443
0.23898281157016754
0.24612732231616974
0.7015758156776428
0.44004347920417786
0.8472175598144531
0.21473532915115356
0.8361486792564392
0.26319825649261475
0.37577560544013977
0.8908201456069946
0.6572677493095398
0.017945196479558945
0.39983439445495605
0.174415722489357
0.44619980454444885
0.9149832725524902
0.9260753989219666
0.820449948310852
0.9651625752449036
0.6087144613265991
0.9587861895561218
0.01668800599873066
0.08321638405323029
0.8407778739929199
0.9770378470420837
0.7956741452217102
0.5803566575050354
0.5892853736877441
0.7487769722938538
0.5581923127174377
0.011847815476357937
0.20916177332401276
0.7095892429351807
0.17017200589179993
0.5703153014183044
0.16203579306602478
0.7359312176704407
0.3282044231891632
0.8070676922798157
0.9848782420158386
0.528877317905426
0.14415931701660156
0.5564104914665222
0.9477575421333313
0.4959382116794586
0.930204451084137
0.4628901183605194
0.0903177559375763
0.6022958159446716
0.0001202720231958665
0.46196654438972473
0.9935294389724731
0.31372350454330444
0.46760621666908264
0.0173269584774971
0.7833079099655151
0.8883259296417236
0.0361454077064991
0.5015426874160767
0.08312194794416428
0.8091777563095093
0.7550932765007019
0.8687267303466797
0.8491464257240295
0.704118549823761
0.20001934468746185
0.04885481670498848
0.5634081363677979
0.5452595353126526
0.7774786949157715
0.7220152020454407
0.4422941505908966
0.9371092915534973
0.08378832042217255
0.46547773480415344
0.1301063895225525
0.9444674849510193
0.4445889890193939
0.05103256180882454
0.816404402256012
0.5763435363769531
0.3655559718608856
0.5713308453559875
0.05176465958356857
0.24706852436065674
0.6637768149375916
0.9033862352371216
0.4539891183376312
0.5223217010498047
0.2165873795747757
0.2857134938240051
0.021032534539699554
0.2932550013065338
0.9648765325546265
0.8585207462310791
0.7958284616470337
0.9647760987281799
0.04575712978839874
0.4253195822238922
0.019740091636776924
0.41927820444107056
0.8106422424316406
0.17768080532550812
0.6024067997932434
0.8131203651428223
0.41208720207214355
0.44815048575401306
0.08836138993501663
0.2715311646461487
0.7120755910873413
0.7492004036903381
0.5985195636749268
0.5647374391555786
0.4072877764701843
0.6088730096817017
0.41514384746551514
0.43411970138549805
0.7548421621322632
0.9102373123168945
0.5258798003196716
0.8512020111083984
0.5634552240371704
0.8205863833427429
0.7521737813949585
0.5375275015830994
0.09047183394432068
0.27147334814071655
0.45137736201286316
0.17756541073322296
0.9361106157302856
0.1724644899368286
0.9008726477622986
0.480867862701416
0.1993470937013626
0.3671059310436249
0.08680635690689087
0.6552678346633911
0.5984970927238464
0.43264392018318176
0.6923760771751404
0.052478063851594925
0.06385783106088638
0.1436578780412674
0.37216126918792725
0.02461782470345497
0.7502052783966064
0.9514087438583374
0.08245586603879929
0.6910097599029541
0.45341482758522034
0.09336475282907486
0.4042930006980896
0.9613605737686157
0.39859890937805176
0.49772924184799194
0.9211609363555908
0.711922287940979
0.5578591227531433
0.38589224219322205
0.8682980537414551
0.43436235189437866
0.5418046116828918
0.8329188823699951
0.9292042255401611
0.26748576760292053
0.9023312330245972
0.306514710187912
0.8771222233772278
0.51563960313797
0.9852714538574219
0.6927517056465149
0.40693458914756775
0.5445191264152527
0.8157696723937988
0.513596773147583
0.8172237277030945
0.3769618272781372
0.4437377452850342
0.9026590585708618
0.1875312179327011
0.832753598690033
0.9984301328659058
0.5040596723556519
0.66102534532547
0.7150260210037231
0.19172999262809753
0.42507079243659973
0.39429718255996704
0.13794644176959991
0.3240581452846527
0.5059384107589722
0.8876126408576965
0.39197003841400146
0.37769824266433716
0.4252057671546936
0.3900254964828491
0.4157588481903076
0.8451777696609497
0.0511510968208313
0.8464183211326599
0.6439197659492493
0.13724341988563538
0.4812454879283905
0.49660754203796387
0.5254664421081543
0.9411221742630005
0.9294304251670837
0.8012927770614624
0.3754596710205078
0.5397512316703796
0.41413912177085876
0.44420045614242554
0.30999287962913513
0.7368398904800415
0.6822539567947388
0.9467020034790039
0.4126046895980835
0.6082158088684082
0.1291746348142624
0.8379796743392944
0.5031633973121643
0.41976499557495117
0.33946114778518677
0.9263172149658203
0.46549442410469055
0.8712954521179199
0.4162830710411072
0.8531787395477295
0.764498233795166
0.46509817242622375
0.0049430192448198795
0.42170897126197815
0.6115723848342896
0.14772793650627136
0.6667746901512146
0.6509978175163269
0.07690609991550446
0.5069314241409302
0.6832789182662964
0.7507655024528503
0.7819444537162781
0.2037944197654724
0.4940117597579956
0.5849488973617554
0.5492556095123291
0.007536278106272221
0.600761890411377
0.9573834538459778
0.1542733907699585
0.24212412536144257
0.4198993146419525
0.5432941317558289
0.4090023338794708
0.6609697937965393
0.24671342968940735
0.9804180264472961
0.37526559829711914
0.6933732032775879
0.198185995221138
0.319538414478302
0.1875459998846054
0.6267050504684448
0.9684932231903076
0.3520053029060364
0.15848983824253082
0.9512049555778503
0.7740939855575562
0.43829238414764404
0.6563763618469238
0.3422429859638214
0.006213290151208639
0.21637549996376038
0.18003779649734497
0.39619436860084534
0.47999075055122375
0.9871065616607666
0.6380542516708374
0.8888031244277954
0.031862106174230576
0.6230331659317017
0.5060548186302185
0.18584725260734558
0.16015875339508057
0.5258345007896423
0.6524105072021484
0.6741135716438293
0.7147395610809326
0.6758013367652893
0.5600627660751343
0.27045533061027527
0.7845907807350159
0.01851944625377655
0.8340994715690613
0.1102445051074028
0.826629102230072
0.06780257076025009
0.8162895441055298
0.09182176738977432
0.2037220597267151
0.9640487432479858
0.6102553009986877
0.732972264289856
0.7870506048202515
0.003063682233914733
0.19853518903255463
0.060912199318408966
0.39066681265830994
0.434255987405777
0.15036727488040924
0.30513039231300354
0.6762669682502747
0.27213943004608154
0.1144544780254364
0.9076998829841614
0.65165114402771
0.8820034265518188
0.19056198000907898
0.43197980523109436
0.1333962082862854
0.08237115293741226
0.9419664144515991
0.38176649808883667
0.37818393111228943
0.8906026482582092
0.29113882780075073
0.4247642159461975
0.29310184717178345
0.22757203876972198
0.47565484046936035
0.30125290155410767
0.07345881313085556
0.47622552514076233
0.33240512013435364
0.6729786396026611
0.8277291655540466
0.16963951289653778
0.1455223709344864
0.727649450302124
0.6873174905776978
0.8472524881362915
0.23484985530376434
0.48038938641548157
0.9212557673454285
0.30983978509902954
0.6882361173629761
0.7256976962089539
0.37245383858680725
0.9564229846000671
0.5991090536117554
0.37772658467292786
0.9949682950973511
0.6412351727485657
0.5287736654281616
0.6308648586273193
0.9033902883529663
0.9273804426193237
0.3862793743610382
0.03378508239984512
0.6800194382667542
0.9724864959716797
0.37804877758026123
0.7420560717582703
0.6350207328796387
0.6311551928520203
0.844555139541626
0.899172306060791
0.2681958079338074
0.29046180844306946
0.8458399176597595
0.8011954426765442
0.9007569551467896
0.271801620721817
0.2655882239341736
0.9806587100028992
0.7211459279060364
0.7277011275291443
0.23353172838687897
0.7552427649497986
0.8069993257522583
0.3904871344566345
0.4645940363407135
0.1210971474647522
0.6090618968009949
0.6707171201705933
0.9345378875732422
0.13282498717308044
0.8641729950904846
0.14041732251644135
0.6385224461555481
0.13170689344406128
0.21251098811626434
0.16708645224571228
0.008456557057797909
0.8398152589797974
0.11313094198703766
0.8804230690002441
0.37247002124786377
0.3974478244781494
0.6270318627357483
0.06418809294700623
0.5680081248283386
0.49416449666023254
0.8151910901069641
0.07431746274232864
0.23150739073753357
0.5399621725082397
0.9496736526489258
0.5859448313713074
0.7438037395477295
0.3396591544151306
0.11882596462965012
0.4264955222606659
0.6431933045387268
0.6164863109588623
0.6795206665992737
0.8600481152534485
0.10330085456371307
0.12448018044233322
0.9394227266311646
0.8323127627372742
0.6825538277626038
0.8052995204925537
0.9824323654174805
0.32411766052246094
0.6156449913978577
0.9891414642333984
0.9846389889717102
0.8989636301994324
0.6583804488182068
0.8402652740478516
0.9075350761413574
0.32951104640960693
0.6753720641136169
0.018446458503603935
0.5588244795799255
0.5297766327857971
0.7174720764160156
0.9172980189323425
0.12560321390628815
0.1617516577243805
0.1950119435787201
0.46040788292884827
0.2442590743303299
0.021099254488945007
0.7967032790184021
0.3911961019039154
0.32605499029159546
0.8635059595108032
0.5961984395980835
0.8670321106910706
0.5106168389320374
0.28630635142326355
0.890066921710968
0.19981041550636292
0.3382921516895294
0.5293033719062805
0.25037142634391785
0.6736856698989868
0.414989709854126
0.6771435737609863
0.2904110252857208
0.15149369835853577
0.8647980093955994
0.776262104511261
0.5748927593231201
0.9461296200752258
0.9408643245697021
0.6745550632476807
0.36887049674987793
0.45027631521224976
0.7504801750183105
0.07604532688856125
0.9202657341957092
0.29662758111953735
0.7327664494514465
0.9545061588287354
0.17781886458396912
0.6344428062438965
0.6477985382080078
0.2720705568790436
0.057455990463495255
0.31741008162498474
0.31436026096343994
0.15644051134586334
0.8376839756965637
0.8925057053565979
0.10430966317653656
0.6509731411933899
0.21543315052986145
0.10358729958534241
0.274638295173645
0.2633037269115448
0.5857502818107605
0.5889515280723572
0.9866626262664795
0.5012059807777405
0.009039491415023804
0.17405715584754944
0.3533950448036194
0.5894250869750977
0.4688132107257843
0.7143554091453552
0.49897730350494385
0.9328374862670898
0.2038143426179886
0.9035948514938354
0.7685288786888123
0.21791544556617737
0.6660956144332886
0.5621735453605652
0.1485098898410797
0.06927216798067093
0.687820553779602
0.022327495738863945
0.26336583495140076
0.1997920274734497
0.29863449931144714
0.7218038439750671
0.07962507009506226
0.4308706223964691
0.28993308544158936
0.28039249777793884
0.31588879227638245
0.9639827609062195
0.16157233715057373
0.6378101706504822
0.2799552083015442
0.3386495113372803
0.7649476528167725
0.41559866070747375
0.2768457233905792
0.6664936542510986
0.556472897529602
0.4647367596626282
0.3108660578727722
0.6121671199798584
0.7341563701629639
0.35984566807746887
0.3233514428138733
0.4905277192592621
0.6958395838737488
0.4299739897251129
0.6530947685241699
0.3858571946620941
0.5919669270515442
0.09699229896068573
0.901686429977417
0.15075476467609406
0.6646406650543213
0.3850654661655426
0.33707261085510254
0.39196279644966125
0.7778510451316833
0.011359638534486294
0.4551548361778259
0.9998571872711182
0.7184478044509888
0.9861528873443604
0.9300887584686279
0.1695403754711151
0.35549449920654297
0.5528470277786255
0.004249895922839642
0.9931014180183411
0.02589699998497963
0.16445092856884003
0.6021845936775208
0.9850428104400635
0.8259763717651367
0.8023078441619873
0.796755850315094
0.5628467798233032
0.4231855571269989
0.5906093120574951
0.18169893324375153
0.2823385000228882
0.7198907732963562
0.9120116233825684
0.3023965060710907
0.5539659857749939
0.9193570613861084
0.6830569505691528
0.9419732093811035
0.2874935567378998
0.94361412525177
0.3736876845359802
0.2916550934314728
0.46258407831192017
0.8821320533752441
0.38208115100860596
0.5435836911201477
0.7016105651855469
0.07407933473587036
0.22152216732501984
0.21314984560012817
0.476496160030365
0.5755882859230042
0.5287813544273376
0.2368369996547699
0.7462097406387329
0.468955397605896
0.3051447868347168
0.2976359724998474
0.4565368890762329
0.3748333752155304
0.538030743598938
0.21171122789382935
0.2806006371974945
0.5984659194946289
0.6347237825393677
0.2624439001083374
0.9521685838699341
0.6711849570274353
0.1636125147342682
0.2256453037261963
0.4364139437675476
0.9627279043197632
0.10164522379636765
0.8136504292488098
0.8287000060081482
0.540144145488739
0.8284739851951599
6.45855106995441e-05
0.26067885756492615
0.6983339190483093
0.3553735315799713
0.6852357983589172
0.9932398200035095
0.9119466543197632
0.7156763672828674
0.7832390069961548
0.5805488228797913
0.5169696807861328
0.49853798747062683
0.827299952507019
0.09524156153202057
0.5029115676879883
0.9552116990089417
0.3426315188407898
0.3463132977485657
0.8032315373420715
0.3924882709980011
0.1337345987558365
0.1505752056837082
0.34788352251052856
0.08594447374343872
0.7151427865028381
0.4537809193134308
0.7314439415931702
0.9904550313949585
0.3650733530521393
0.9779142141342163
0.41185787320137024
0.02957133576273918
0.9403483867645264
0.0736570730805397
0.6445369720458984
0.7138732075691223
0.9667530655860901
0.7604079246520996
0.06656485795974731
0.27026405930519104
0.7807831168174744
0.3617171049118042
0.6546695232391357
0.4865678548812866
0.295186847448349
0.710131049156189
0.5294894576072693
0.8638292551040649
0.027449453249573708
0.13004477322101593
0.20249687135219574
0.8802610635757446
0.7098715901374817
0.5195047855377197
0.3362342417240143
0.2798740565776825
0.5472139716148376
0.7400131225585938
0.2634846270084381
0.045175157487392426
0.4033263027667999
0.21591879427433014
0.41711410880088806
0.8223046660423279
0.5108348727226257
0.5245667695999146
0.6535032391548157
0.6771023869514465
0.273434042930603
0.8161900639533997
0.7509083151817322
0.09608861804008484
0.6280820965766907
0.024518059566617012
0.8016066551208496
0.5614075660705566
0.07066816836595535
0.6785487532615662
0.735535204410553
0.9931391477584839
0.13911576569080353
0.14744803309440613
0.4008881449699402
0.8259618282318115
0.6951215863227844
0.8063284158706665
0.34626176953315735
0.6513774991035461
0.4442705810070038
0.13716357946395874
0.7123256325721741
0.4580240845680237
0.5210252404212952
0.11075864732265472
0.06560970097780228
0.4587978422641754
0.6081638336181641
0.7691487669944763
0.5459317564964294
0.9289159774780273
0.9383309483528137
0.7235305309295654
0.8430291414260864
0.018726373091340065
0.453743040561676
0.6656975746154785
0.47042518854141235
0.728790283203125
0.3351115882396698
0.2386803776025772
0.1972198337316513
0.6799270510673523
0.5612598657608032
0.895353376865387
0.2432532012462616
0.8987534046173096
0.11038365215063095
0.055828358978033066
0.5646758079528809
0.21752385795116425
0.7528765201568604
0.4344327449798584
0.6507118940353394
0.7855551838874817
0.4202256500720978
0.7655355930328369
0.06879789382219315
0.9588180184364319
0.8157554864883423
0.011095796711742878
0.16649237275123596
0.6966161131858826
0.4554462730884552
0.45889437198638916
0.6266989707946777
0.7877653241157532
0.8444312214851379
0.3430573344230652
0.9835010766983032
0.9085281491279602
0.9189944863319397
0.09518557786941528
0.4931686222553253
0.6638246178627014
0.41534796357154846
0.2534143626689911
0.1195143610239029
0.2529846727848053
0.9110590219497681
0.3465719223022461
0.3279500901699066
0.1705431491136551
0.659135639667511
0.860220730304718
0.16714277863502502
0.24796874821186066
0.8056362271308899
0.397458553314209
0.41720375418663025
0.9842263460159302
0.5828959345817566
0.1731620579957962
0.4576432704925537
0.3103162348270416
0.9832719564437866
0.01342877559363842
0.8488558530807495
0.8049188852310181
0.4358721673488617
0.557859480381012
0.5121380090713501
0.5849270820617676
0.12368152290582657
0.3512522876262665
0.4759746193885803
0.4173959195613861
0.6896529793739319
0.04728218540549278
0.590711236000061
0.9099590182304382
0.45838117599487305
0.4053424596786499
0.3317195177078247
0.3749164938926697
0.35979270935058594
0.48237094283103943
0.7104387283325195
0.3839113712310791
0.028366822749376297
0.9559434652328491
0.14112983644008636
0.6347513198852539
0.9853930473327637
0.12738005816936493
0.8483366370201111
0.47659429907798767
0.6690208911895752
0.9478781223297119
0.323042094707489
0.8624225854873657
0.9905921220779419
0.8168793320655823
0.47850796580314636
0.9779946208000183
0.5060890316963196
0.4835454523563385
0.42677637934684753
0.9348646998405457
0.6562767028808594
0.8676580190658569
0.008810553699731827
0.16690626740455627
0.4583224058151245
0.15503370761871338
0.5140132308006287
0.6087920665740967
0.11566971987485886
0.46644553542137146
0.6702490448951721
0.24715979397296906
0.42427289485931396
0.9914329051971436
0.9779784679412842
0.47960877418518066
0.39941829442977905
0.14882366359233856
0.7485246658325195
0.7981807589530945
0.5805232524871826
0.2096993625164032
0.019407331943511963
0.7617380619049072
0.36239439249038696
0.3246646523475647
0.622970461845398
0.40272656083106995
0.8161630630493164
0.9281072020530701
0.6920831203460693
0.7562491297721863
0.1707492619752884
0.7378682494163513
0.5683811902999878
0.36036360263824463
0.777101457118988
0.8992019891738892
0.7253987193107605
0.44846969842910767
0.4750269055366516
0.9419687986373901
0.8840396404266357
0.6720985174179077
0.6012902855873108
0.7345306873321533
0.900927722454071
0.5365932583808899
0.5180319547653198
0.4826166033744812
0.3377465605735779
0.6916764974594116
0.5673534274101257
0.659116268157959
0.4391997158527374
0.38767826557159424
0.6509212851524353
0.10380624979734421
0.9406601786613464
0.6241878867149353
0.2926742136478424
0.5235995054244995
0.21303676068782806
0.606738269329071
0.989103376865387
0.6720089912414551
0.31348496675491333
0.6488567590713501
0.37655001878738403
0.08533886820077896
0.4682989716529846
0.38974297046661377
0.6626361608505249
0.7812438011169434
0.79413902759552
0.8174174427986145
0.9990403056144714
0.25334498286247253
0.8058137893676758
0.9380680918693542
0.36155205965042114
0.28616389632225037
0.5031341910362244
0.26770707964897156
0.41398951411247253
0.6775957942008972
0.09210192412137985
0.006334705278277397
0.8843393325805664
0.20099030435085297
0.8715152144432068
0.6432515382766724
0.9873815774917603
0.50531005859375
0.6471150517463684
0.44258108735084534
0.10793367773294449
0.037454620003700256
0.6103141903877258
0.7832356691360474
0.3493838608264923
0.2081569880247116
0.2055138647556305
0.6819748282432556
0.5132145881652832
0.3471573293209076
0.5668715834617615
0.10753139108419418
0.04525751248002052
0.8658560514450073
0.521589994430542
0.5350562930107117
0.016642754897475243
0.9396669268608093
0.45155414938926697
0.481367290019989
0.0476098507642746
0.1587596982717514
0.3176441490650177
0.17433364689350128
0.45298662781715393
0.5806806683540344
0.3808291256427765
0.2670418620109558
0.8014375567436218
0.7319322228431702
0.6057072877883911
0.0689169242978096
0.9343611001968384
0.4087596833705902
0.22380352020263672
0.07638532668352127
0.2576849162578583
0.06661050766706467
0.7504330277442932
0.55457603931427
0.315817654132843
0.04719185456633568
0.7342966198921204
0.44118231534957886
0.7201949954032898
0.554688572883606
0.9273319840431213
0.24919232726097107
0.764569103717804
0.384172260761261
0.453719824552536
0.5606810450553894
0.6722023487091064
0.25605082511901855
0.5249968767166138
0.2604585289955139
0.9598058462142944
0.985346794128418
0.7983109354972839
0.8020787835121155
0.8157650828361511
0.2992185950279236
0.2240360826253891
0.1716011017560959
0.10541035234928131
0.9410952925682068
0.2039104700088501
0.35958313941955566
0.41808849573135376
0.910311758518219
0.6032282710075378
0.756690263748169
0.7055379152297974
0.05432744696736336
0.08951224386692047
0.019135229289531708
0.2139901965856552
0.15643367171287537
0.0499064102768898
0.44760242104530334
0.8741732239723206
0.47021591663360596
0.4888368546962738
0.40612876415252686
0.052446115761995316
0.5195830464363098
0.0877358689904213
0.5528982877731323
0.8970996141433716
0.7464215755462646
0.15929299592971802
0.16908563673496246
0.832170307636261
0.26050737500190735
0.6601373553276062
0.4801996648311615
0.8057149052619934
0.615553617477417
0.38305357098579407
0.301530659198761
0.36454445123672485
0.254281222820282
0.3450130522251129
0.7423479557037354
0.17537714540958405
0.11533661931753159
0.5168022513389587
0.7826055884361267
0.7552549839019775
0.02852579951286316
0.18667921423912048
0.43763819336891174
0.013964940793812275
0.02126215398311615
0.7148961424827576
0.2793096601963043
0.33252814412117004
0.41779625415802
0.24656657874584198
0.9618344902992249
0.255677193403244
0.9372922778129578
0.9226601123809814
0.10167016088962555
0.9187597632408142
0.3947679102420807
0.06960789114236832
0.4930969476699829
0.6547340750694275
0.871307373046875
0.267463356256485
0.904944896697998
0.8862652778625488
0.4999554753303528
0.9140754342079163
0.6251342296600342
0.5377054214477539
0.6049555540084839
0.3062697649002075
0.4843539297580719
0.7537803053855896
0.6508635878562927
0.9360024929046631
0.4834272861480713
0.6715976595878601
0.04933897778391838
0.7616085410118103
0.1743280440568924
0.20820672810077667
0.2728833258152008
0.27986839413642883
0.11571619659662247
0.05241337791085243
0.10552944988012314
0.001268288935534656
0.6827558279037476
0.6124299764633179
0.5986851453781128
0.6007289886474609
0.31618785858154297
0.49672114849090576
0.3485342860221863
0.12950648367404938
0.6136701107025146
0.9779309034347534
0.48892903327941895
0.11555203050374985
0.3991145193576813
0.25052934885025024
0.569813072681427
0.4677974283695221
0.8683519959449768
0.912114143371582
0.4565362334251404
0.05885809287428856
0.419668048620224
0.21261867880821228
0.12545688450336456
0.06982492655515671
0.7930547595024109
0.10471347719430923
0.5608770251274109
0.3629378378391266
0.02823198400437832
0.06477591395378113
0.7621673941612244
0.03240508958697319
0.6607334017753601
0.9251360893249512
0.452641099691391
0.4565502107143402
0.020626088604331017
0.5788278579711914
0.5511351227760315
0.5669224858283997
0.8333262205123901
0.6622670292854309
0.8374776840209961
0.045003052800893784
0.4339696168899536
0.24818913638591766
0.7950096726417542
0.570236086845398
0.7233316898345947
0.5836951732635498
0.6307965517044067
0.06590745598077774
0.514609158039093
0.8112479448318481
0.7389940619468689
0.0008363007800653577
0.7248191833496094
0.4864903390407562
0.5093830227851868
0.4991883635520935
0.4435908794403076
0.31632718443870544
0.12723278999328613
0.4102805554866791
0.9948999881744385
0.6885907053947449
0.10529126971960068
0.8989555239677429
0.9715643525123596
0.6914079189300537
0.1747547686100006
0.3578115403652191
0.32233521342277527
0.12583091855049133
0.1896732747554779
0.9960117936134338
0.5093809962272644
0.2890274226665497
0.44825583696365356
0.8426843285560608
0.8833422660827637
0.3808838427066803
0.08513636887073517
0.18127062916755676
0.4493565261363983
0.9413474798202515
0.7642605900764465
0.25529706478118896
0.15825428068637848
0.09690741449594498
0.704167366027832
0.053807731717824936
0.754070520401001
0.6041114926338196
0.31912457942962646
0.31645533442497253
0.8991350531578064
0.8511745929718018
0.765862226486206
0.48052623867988586
0.4674600660800934
0.2273341417312622
0.533402144908905
0.6007720828056335
0.47314903140068054
0.602550208568573
0.21668033301830292
0.58002769947052
0.18570147454738617
0.13819746673107147
0.8237132430076599
0.4557039737701416
0.3686229884624481
0.7227362990379333
0.09476975351572037
0.8646072745323181
0.19039417803287506
0.8052641153335571
0.238497793674469
0.9897726774215698
0.16897237300872803
0.7052047252655029
0.07483776658773422
0.27868103981018066
0.9609441161155701
0.24901506304740906
0.8167138695716858
0.578761100769043
0.10327133536338806
0.15660566091537476
0.24369199573993683
0.8215385675430298
0.30197545886039734
0.21288645267486572
0.8901920318603516
0.2141118049621582
0.7084817886352539
0.26189056038856506
0.663844883441925
0.13739170134067535
0.2825413644313812
0.6701934337615967
0.17702002823352814
0.22996173799037933
0.9100799560546875
0.22020792961120605
0.9563307166099548
0.5999738574028015
0.6797518134117126
0.7900946736335754
0.26801663637161255
0.5089465379714966
0.10118626058101654
0.6617849469184875
0.8643016219139099
0.6227197051048279
0.0020166034810245037
0.19199737906455994
0.324262410402298
0.47550612688064575
0.9228218197822571
0.4770568311214447
0.13386434316635132
0.27053186297416687
0.43159112334251404
0.5718263983726501
0.48107653856277466
0.1660965383052826
0.25455278158187866
0.4790058434009552
0.48643970489501953
0.9899170994758606
0.4714459478855133
0.33151334524154663
0.4551602303981781
0.7228654026985168
0.7846032977104187
0.5671749114990234
0.47893792390823364
0.03785993158817291
0.9921090602874756
0.7051457166671753
0.49723899364471436
0.029126107692718506
0.545597493648529
0.9007257223129272
0.1405201554298401
0.10254359990358353
0.44700512290000916
0.10807384550571442
0.5967658162117004
0.46565061807632446
0.5872886180877686
0.6957042217254639
0.8340820670127869
0.8542664051055908
0.004891193006187677
0.49165597558021545
0.3723708987236023
0.7095598578453064
0.08930414170026779
0.5464743971824646
0.898021399974823
0.6525901556015015
0.710279107093811
0.938686192035675
0.6561167240142822
0.9542602896690369
0.8180477619171143
0.6217659115791321
0.0265326090157032
0.2547925114631653
0.7484288215637207
0.19226019084453583
0.5020931959152222
0.676906406879425
0.20412704348564148
0.3669597804546356
0.5195383429527283
0.00810890644788742
0.5161948800086975
0.18370559811592102
0.1070629358291626
0.8809872269630432
0.8703435659408569
0.8286454677581787
0.9812166094779968
0.5748528838157654
0.49878454208374023
0.6342868804931641
0.5782290697097778
0.5200579762458801
0.2643081843852997
0.19530056416988373
0.6541462540626526
0.5502225160598755
0.8545404076576233
0.13860730826854706
0.5620899200439453
0.5319252014160156
0.5805992484092712
0.5567858815193176
0.3704955577850342
0.41943955421447754
0.057302433997392654
0.5796179175376892
0.329081654548645
0.9788722991943359
0.41496554017066956
0.9237527251243591
0.7192957997322083
0.2380160689353943
0.8299140930175781
0.590839684009552
0.08276477456092834
0.2049020230770111
0.9700196385383606
0.30232661962509155
0.8298301696777344
0.7744691967964172
0.8881213665008545
0.5065557360649109
0.13478471338748932
0.37856900691986084
0.43703919649124146
0.8533080220222473
0.7422570586204529
0.7976406216621399
0.6808028221130371
0.08066749572753906
0.4236030876636505
0.2229267954826355
0.7667452096939087
0.5154440402984619
0.7109746336936951
0.21596220135688782
0.9638608694076538
0.22472192347049713
0.052344340831041336
0.4647240936756134
0.7653398513793945
0.29718348383903503
0.07249169796705246
0.8075846433639526
0.5041717886924744
0.22999033331871033
0.17073094844818115
0.7821617722511292
0.2751842439174652
0.3268285393714905
0.597821056842804
0.08485925197601318
0.9158793091773987
0.7027509808540344
0.7964160442352295
0.1889897733926773
0.6603379249572754
0.26948782801628113
0.33626651763916016
0.8179701566696167
0.904941201210022
0.2869050204753876
0.4443797171115875
0.44078147411346436
0.36612674593925476
0.9275354743003845
0.7632513642311096
0.8324558734893799
0.5618553757667542
0.19576363265514374
0.1832609474658966
0.6057243347167969
0.41020292043685913
0.36946356296539307
0.8273505568504333
0.08676048368215561
0.17395074665546417
0.847546398639679
0.6591347455978394
0.4941365122795105
0.7469464540481567
0.681664228439331
0.5136358141899109
0.7072943449020386
0.5720159411430359
0.03988990932703018
0.07412199676036835
0.44156309962272644
0.2686260938644409
0.7168107628822327
0.45271584391593933
0.04812224581837654
0.2318607121706009
0.4526805579662323
0.3178505003452301
0.452487587928772
0.2389940768480301
0.9793969392776489
0.4167978763580322
0.937617838382721
0.2807316780090332
0.8384680151939392
0.13034893572330475
0.6235146522521973
0.37214747071266174
0.5271395444869995
0.4192142188549042
0.7736948132514954
0.6733005046844482
0.8505097031593323
0.6809800863265991
0.29913172125816345
0.060296427458524704
0.7030484676361084
0.9926553964614868
0.305795282125473
0.2097930610179901
0.32958516478538513
0.9107920527458191
0.49349379539489746
0.5448817610740662
0.2621946334838867
0.8182278871536255
0.5739266276359558
0.06409061700105667
0.4833436608314514
0.03598833084106445
0.37028059363365173
0.8085309267044067
0.13821572065353394
0.09500409662723541
0.2103099822998047
0.31140995025634766
0.6098820567131042
0.5536394119262695
0.6929397583007812
0.4856034815311432
0.5100321173667908
0.1661735326051712
0.567276120185852
0.9940539002418518
0.35534510016441345
0.6587598919868469
0.08474467694759369
0.20169979333877563
0.6523319482803345
0.16538052260875702
0.22998902201652527
0.013740048743784428
0.2111552208662033
0.1942041963338852
0.9109079241752625
0.5777178406715393
0.9902016520500183
0.9205809235572815
0.9228576421737671
0.26768046617507935
0.20900988578796387
0.23533909022808075
0.019806597381830215
0.1340319812297821
0.5769554376602173
0.1664031445980072
0.5332793593406677
0.04726899787783623
0.2646242380142212
0.8599101305007935
0.329912930727005
0.9100571274757385
0.5587906837463379
0.8462308645248413
0.3185616433620453
0.9128949046134949
0.7419175505638123
0.805171012878418
0.2634451687335968
0.2708379924297333
0.4391729533672333
0.734479546546936
0.5824660062789917
0.9842277765274048
0.1674043983221054
0.33230239152908325
0.17409418523311615
0.33052095770835876
0.8447281718254089
0.42487475275993347
0.31335780024528503
0.4918372333049774
0.9401483535766602
0.0847308561205864
0.462307870388031
0.13903111219406128
0.3578798770904541
0.008099528960883617
0.1342598795890808
0.5946692824363708
0.45897960662841797
0.19248102605342865
0.4460245668888092
0.8397459387779236
0.4868406355381012
0.7132298350334167
0.016744598746299744
0.0002993202651850879
0.9738580584526062
0.023084549233317375
0.38228967785835266
0.013195543549954891
0.6171188950538635
0.37312179803848267
0.796406090259552
0.5592949986457825
0.5925938487052917
0.6068165898323059
0.640194833278656
0.6090730428695679
0.7135714292526245
0.4151659905910492
0.10408236086368561
0.7861191630363464
0.6335800886154175
0.5333839058876038
0.7240152359008789
0.7270818948745728
0.24953743815422058
0.5575438141822815
0.6556651592254639
0.09469842165708542
0.7846958637237549
0.5645183324813843
0.704153835773468
0.011729378253221512
0.21030740439891815
0.7536360025405884
0.9305543899536133
0.16755515336990356
0.13752897083759308
0.052115000784397125
0.01427002064883709
0.33915218710899353
0.1928865611553192
0.15057969093322754
0.4764654040336609
0.8176909685134888
0.29667389392852783
0.7457311749458313
0.37822282314300537
0.3148725926876068
0.2401704490184784
0.299507737159729
0.12947197258472443
0.43821895122528076
0.8644463419914246
0.12418714165687561
0.8679032921791077
0.5882335305213928
0.9944878816604614
0.15097174048423767
0.8435245752334595
0.22656555473804474
0.09117663651704788
0.6480974555015564
0.9343693852424622
0.41428643465042114
0.7627691030502319
0.8956957459449768
0.10155706852674484
0.569823682308197
0.30856406688690186
0.0107375243678689
0.9506942629814148
0.4500618875026703
0.5141303539276123
0.7346259355545044
0.3598692715167999
0.5147455930709839
0.6764219999313354
0.1783132702112198
0.6304640769958496
0.35831308364868164
0.9982972145080566
0.0008114933734759688
0.9197070002555847
0.28059014678001404
0.8454825282096863
0.6662238836288452
0.7852628827095032
0.1738702803850174
0.43164411187171936
0.44769346714019775
0.06972166895866394
0.30614173412323
0.8660144209861755
0.7520450949668884
0.324278861284256
0.2903885245323181
0.7391827702522278
0.9945634603500366
0.8710532784461975
0.280642032623291
0.4922823905944824
0.5304277539253235
0.33807939291000366
0.9516093134880066
0.9456121921539307
0.5286800861358643
0.5664194822311401
0.49219945073127747
0.8597704768180847
0.6977136731147766
0.09997586905956268
0.8326497673988342
0.4957267642021179
0.40663132071495056
0.23530735075473785
0.9444345235824585
0.7167170643806458
0.9612591862678528
0.8602441549301147
0.021702134981751442
0.11545655131340027
0.3748353123664856
0.34597453474998474
4.6220280637498945e-05
0.48356637358665466
0.2643085718154907
0.056431762874126434
0.7876522541046143
0.9810426831245422
0.8353833556175232
0.39423152804374695
0.16344420611858368
0.939518392086029
0.4946343004703522
0.10377688705921173
0.6994536519050598
0.3001721203327179
0.8346017003059387
0.326463520526886
0.35930174589157104
0.4080743193626404
0.32450008392333984
0.1675681471824646
0.8700634837150574
0.5206781625747681
0.19803737103939056
0.6261664628982544
0.10433769226074219
0.14221571385860443
0.3219073712825775
0.7993199825286865
0.5130808353424072
0.2836856245994568
0.06904204189777374
0.7270143032073975
0.9224153757095337
0.7716453075408936
0.2454683631658554
0.8671959042549133
0.6045399904251099
0.013032549060881138
0.0565497949719429
0.16811873018741608
0.3701452612876892
0.4749572277069092
0.7466409802436829
0.46059152483940125
0.29339343309402466
0.1590946614742279
0.13518603146076202
0.5913857817649841
0.11543729901313782
0.7978137731552124
0.2905125617980957
0.9577129483222961
0.34209147095680237
0.301820307970047
0.4082263708114624
0.3282312750816345
0.3002168834209442
0.5202431082725525
0.22114711999893188
0.5517867207527161
0.42126917839050293
0.329877108335495
0.1198611930012703
0.030675405636429787
0.9649084210395813
0.4479522109031677
0.08150629699230194
0.3461528420448303
0.5332910418510437
0.003172298427671194
0.5745564103126526
0.778319776058197
0.18235494196414948
0.10479768365621567
0.45385608077049255
0.8090144991874695
0.9845618009567261
0.8759251236915588
0.7950177192687988
0.36741429567337036
0.06289845705032349
0.2990751266479492
0.17571088671684265
0.4037763178348541
0.1581839621067047
0.8046435117721558
0.47509974241256714
0.16146396100521088
0.6186434626579285
0.6582961678504944
0.47650110721588135
0.13510067760944366
0.2400166392326355
0.6473939418792725
0.8825716376304626
0.8183367252349854
0.3639228940010071
0.9246741533279419
0.07380978763103485
0.3576798737049103
0.06583631783723831
0.3856627941131592
0.6529037356376648
0.515520453453064
0.18470443785190582
0.08404731750488281
0.16009928286075592
0.8435276746749878
0.5039785504341125
0.09770238399505615
0.15892213582992554
0.4433130621910095
0.5498861074447632
0.21118667721748352
0.04838869348168373
0.37788304686546326
0.400866836309433
0.6500057578086853
0.11181390285491943
0.1378639191389084
0.826984167098999
0.44367796182632446
0.8960805535316467
0.5846486687660217
0.3897198736667633
0.8969073295593262
0.24365103244781494
0.24954622983932495
0.05852869153022766
0.4617600739002228
0.542998731136322
0.4958469569683075
0.9413031935691833
0.3725943863391876
0.39485007524490356
0.2458406239748001
0.9643092155456543
0.531144380569458
0.8086211085319519
0.3502265214920044
0.09543274343013763
0.5558021068572998
0.7496792674064636
0.6955453157424927
0.23453544080257416
0.9610670804977417
0.4815751910209656
0.13957205414772034
0.5320237874984741
0.374702513217926
0.3598274886608124
0.38350164890289307
0.5576202869415283
0.9351128339767456
0.945131778717041
0.7180970907211304
0.43014392256736755
0.8420479893684387
0.2230420708656311
0.16174037754535675
0.8029546141624451
0.8904858231544495
0.8337644338607788
0.696614146232605
0.21318334341049194
0.7942018508911133
0.016147667542099953
0.05078756809234619
0.5979830026626587
0.05253543704748154
0.4675973653793335
0.9639751315116882
0.4505854547023773
0.15303650498390198
0.23266617953777313
0.5395455956459045
0.8102708458900452
0.6261376738548279
0.028387298807501793
0.32219088077545166
0.5534606575965881
0.6016018986701965
0.2332729697227478
0.08972988277673721
0.7492372989654541
0.46126502752304077
0.19918647408485413
0.5308977365493774
0.2472066581249237
0.9299126267433167
0.49890798330307007
0.4386098086833954
0.34416663646698
0.33158406615257263
0.3349616825580597
0.27357205748558044
0.36409643292427063
0.3627163767814636
0.5534803867340088
0.7459797263145447
0.6652994751930237
0.9779738783836365
0.07802946865558624
0.9503693580627441
0.32276782393455505
0.9471312165260315
0.23795254528522491
0.6751047968864441
0.5709187388420105
0.27535271644592285
0.6272065043449402
0.7767765522003174
0.5937069058418274
0.06286631524562836
0.10738436132669449
0.21654106676578522
0.7937044501304626
0.9153591394424438
0.5733533501625061
0.7953302264213562
0.14182142913341522
0.26478955149650574
0.226883664727211
0.7631298899650574
0.11487101763486862
0.3628353178501129
0.11725148558616638
0.24781562387943268
0.8333451747894287
0.20126068592071533
0.42434749007225037
0.21306432783603668
0.35612717270851135
0.9288080334663391
0.307702898979187
0.33463573455810547
0.9405142664909363
0.07954588532447815
0.26990631222724915
0.696566104888916
0.2649596929550171
0.33490291237831116
0.08525016903877258
0.1366155445575714
0.6089125871658325
0.9957396984100342
0.014711683616042137
0.07340704649686813
0.5033701062202454
0.8066667318344116
0.5644472241401672
0.5712175369262695
0.6492345929145813
0.6941317915916443
0.46286410093307495
0.9567165970802307
0.5814034938812256
0.06677918136119843
0.6553082466125488
0.918346643447876
0.3069482743740082
0.8393266201019287
0.8113725781440735
0.7830508351325989
0.989867091178894
0.19114696979522705
0.5837016105651855
0.7714282870292664
0.8167492747306824
0.14459091424942017
0.19655148684978485
0.5952759981155396
0.8397293090820312
0.16855692863464355
0.16647791862487793
0.8111063838005066
0.06804206222295761
0.5289979577064514
0.9316885471343994
0.2473529875278473
0.6571462154388428
0.30925890803337097
0.5743283033370972
0.5343245267868042
0.9728728532791138
0.15426555275917053
0.6766003370285034
0.6131945252418518
0.35952597856521606
0.11081060767173767
0.9024835228919983
0.17842936515808105
0.11238569766283035
0.6039515733718872
0.4042719900608063
0.07268118113279343
0.9026859402656555
0.7379963397979736
0.1362238973379135
0.8026623725891113
0.9344498515129089
0.1547691822052002
0.8582853078842163
0.7070440649986267
0.3611762225627899
0.23877854645252228
0.14760172367095947
0.9001368284225464
0.24840301275253296
0.43188318610191345
0.14735829830169678
0.25647541880607605
0.6711164712905884
0.6981745958328247
0.8542441129684448
0.18601606786251068
0.8668227791786194
0.9619635343551636
0.38290727138519287
0.11432285606861115
0.19280564785003662
0.8945550918579102
0.7747023701667786
0.14315083622932434
0.05002089589834213
0.37336042523384094
0.8733224868774414
0.07344547659158707
0.19251441955566406
0.9337297677993774
0.7888059020042419
0.8744775056838989
0.3726213574409485
0.7946387529373169
0.1264299601316452
0.9027386903762817
0.7644216418266296
0.7557371258735657
0.6881862282752991
0.2534891664981842
0.9338327646255493
0.7596530318260193
0.5858929753303528
0.1119585633277893
0.30078834295272827
0.2939414083957672
0.22944289445877075
0.5718342065811157
0.1092400848865509
0.3065122961997986
0.9866666793823242
0.12617693841457367
0.6479512453079224
0.00773504376411438
0.4167415499687195
0.5467637181282043
0.09483784437179565
0.2972409427165985
0.5484302043914795
0.5452893376350403
0.7501227259635925
0.035321108996868134
0.08824322372674942
0.53489750623703
0.024697182700037956
0.7243282198905945
0.5562623739242554
0.7374565601348877
0.09299768507480621
0.8453102111816406
0.6129937171936035
0.6407498717308044
0.4842176139354706
0.5169775485992432
0.1773667186498642
0.804810643196106
0.9956998825073242
0.674619734287262
0.8073849081993103
0.7565650939941406
0.411618709564209
0.36876222491264343
0.6771705150604248
0.9619664549827576
0.8738568425178528
0.4955742359161377
0.2617441713809967
0.5672300457954407
0.9654831886291504
0.1866196244955063
0.826988935470581
0.6542019844055176
0.01986282877624035
0.8262186646461487
0.15997406840324402
0.5634449124336243
0.22635744512081146
0.8070089221000671
0.8475360870361328
0.4439789354801178
0.9479566812515259
0.10255568474531174
0.786488950252533
0.7300548553466797
0.8287989497184753
0.34723690152168274
0.3772108554840088
0.17918144166469574
0.14341069757938385
0.3793168365955353
0.8802882432937622
0.5467349886894226
0.03569786623120308
0.9452443718910217
0.12198758870363235
0.7095732688903809
0.5486298203468323
0.3154590427875519
0.20008176565170288
0.582846999168396
0.007203687448054552
0.9991316795349121
0.1024673655629158
0.3389340043067932
0.7098907828330994
0.7856635451316833
0.45521271228790283
0.9872172474861145
0.8958930373191833
0.8439435362815857
0.4002414345741272
0.6433969140052795
0.8093639612197876
0.3949962556362152
0.9109578728675842
0.4780110716819763
0.5436237454414368
0.8710523843765259
0.4883919656276703
0.4383278787136078
0.6102973222732544
0.6414026618003845
0.939708411693573
0.6696620583534241
0.1849144846200943
0.8259315490722656
0.7701587080955505
0.7983267307281494
0.5433505773544312
0.9897567629814148
0.23318542540073395
0.5038625597953796
0.4441494941711426
0.4296099841594696
0.7559472918510437
0.04902109131217003
0.072092205286026
0.05004240572452545
0.645354688167572
0.9326654672622681
0.9951814413070679
0.3411496579647064
0.04927514120936394
0.9980455040931702
0.6131179332733154
0.009804253466427326
0.08112847059965134
0.27884501218795776
0.08734553307294846
0.24691253900527954
0.19038473069667816
0.7254507541656494
0.042644429951906204
0.06889231503009796
0.39863887429237366
0.8512946963310242
0.2684379816055298
0.5458592176437378
0.8599345684051514
0.8418899774551392
0.8685134053230286
0.315887451171875
0.8464453220367432
0.4590642750263214
0.02360098622739315
0.7792952060699463
0.649237871170044
0.4264483153820038
0.6358405947685242
0.19596070051193237
0.645487368106842
0.9343968629837036
0.4981955885887146
0.6463900208473206
0.07472330331802368
0.18420051038265228
0.6462701559066772
0.6527636647224426
0.4505501687526703
0.44587722420692444
0.31292635202407837
0.4042415916919708
0.10019510984420776
0.28436365723609924
0.012072816491127014
0.5504313111305237
0.20725484192371368
0.5112741589546204
0.5911919474601746
0.11896136403083801
0.2551485598087311
0.21088258922100067
0.30942001938819885
0.8959552645683289
0.5435829162597656
0.708250880241394
0.7834897041320801
0.6525842547416687
0.11707732081413269
0.47057875990867615
0.44734081625938416
0.2507913112640381
0.9086688756942749
0.557563841342926
0.6833786964416504
0.9441556334495544
0.9844899773597717
0.09284134954214096
0.9789376258850098
0.7350273132324219
0.13005384802818298
0.1085515022277832
0.6678487062454224
0.4399084746837616
0.4627420902252197
0.3067111670970917
0.6823716759681702
0.7289608120918274
0.24071314930915833
0.7816154956817627
0.6484081149101257
0.9855085611343384
0.1582731306552887
0.5496633052825928
0.3330404758453369
0.5991844534873962
0.12201648205518723
0.3086394965648651
0.29106882214546204
0.017367931082844734
0.26726481318473816
0.5458528399467468
0.9963235855102539
0.8061304092407227
0.6106836199760437
0.5075632929801941
0.7943688631057739
0.43858563899993896
0.295933336019516
0.5689288377761841
0.03508004918694496
0.5713332295417786
0.8315294981002808
0.1639559268951416
0.0898204818367958
0.7236573100090027
0.7412844896316528
0.2540689706802368
0.1558605432510376
0.7541383504867554
0.02668948844075203
0.5975556373596191
0.08871316909790039
0.18514493107795715
0.294254869222641
0.6050406694412231
0.4513072967529297
0.2792562246322632
0.7418147325515747
0.23072366416454315
0.9692309498786926
0.05479666590690613
0.9573326706886292
0.47710120677948
0.08279130607843399
0.5927793383598328
0.9438135027885437
0.5667803287506104
0.7544031143188477
0.5540009140968323
0.6095384359359741
0.783872663974762
0.09269490092992783
0.7237674593925476
0.4446452856063843
0.2712530195713043
0.6398591995239258
0.6695315837860107
0.7509755492210388
0.8296505808830261
0.5755776762962341
0.4555708169937134
0.28240543603897095
0.6214104890823364
0.5680943131446838
0.2483077049255371
0.96021568775177
0.5476148128509521
0.7482840418815613
0.05391475185751915
0.3345890939235687
0.2417588084936142
0.18085238337516785
0.6111821532249451
0.7880519032478333
0.8063231706619263
0.6805828809738159
0.9534376859664917
0.7053717970848083
0.4243696928024292
0.9012013673782349
0.3056256175041199
0.13360978662967682
0.3329471945762634
0.01242248248308897
0.9915873408317566
0.815233051776886
0.2966001033782959
0.33309465646743774
0.9567815661430359
0.1550094187259674
0.7200382351875305
0.29361894726753235
0.11685828864574432
0.24273575842380524
0.10091617703437805
0.9881852865219116
0.7044762969017029
0.5159357190132141
0.45345211029052734
0.026059813797473907
0.3001602590084076
0.5563844442367554
0.7065811157226562
0.009460501372814178
0.9241361618041992
0.8739454746246338
0.6543674468994141
0.1606462001800537
0.1514320969581604
0.6516650915145874
0.5995675921440125
0.5162330269813538
0.7646135687828064
0.6083460450172424
0.5151224136352539
0.037215616554021835
0.8666641712188721
0.09320399910211563
0.01978527009487152
0.182935893535614
0.6088544130325317
0.18202225863933563
0.8488020896911621
0.41414305567741394
0.9053522348403931
0.3888278305530548
0.9317947030067444
0.7977483868598938
0.783839225769043
0.31762754917144775
0.14742432534694672
0.4997658431529999
0.32484138011932373
0.3380608558654785
0.39044469594955444
0.8172743320465088
0.27313292026519775
0.29603537917137146
0.9407397508621216
0.8680513501167297
0.13460172712802887
0.7240374684333801
0.43834272027015686
0.03172023966908455
0.17645658552646637
0.4423348903656006
0.2766847610473633
0.07900568097829819
0.6427198648452759
0.538089394569397
0.4590795636177063
0.15442684292793274
0.0368303544819355
0.19496816396713257
0.8124595284461975
0.9559274911880493
0.5661369562149048
0.592599093914032
0.5639969110488892
0.5264776945114136
0.8889408111572266
0.38295960426330566
0.05241447314620018
0.711048424243927
0.6467301845550537
0.21883629262447357
0.8176416158676147
0.496854692697525
0.7056055665016174
0.8590955138206482
0.5388063192367554
0.7519516944885254
0.5143677592277527
0.2968653440475464
0.4723382294178009
0.797762393951416
0.005629955790936947
0.2867959141731262
0.5168169140815735
0.21432684361934662
0.9466429352760315
0.04336322098970413
0.6013428568840027
0.5104159712791443
0.28585442900657654
0.004763287492096424
0.8605223894119263
0.4493010640144348
0.9569222331047058
0.7687003016471863
0.8340556025505066
0.934371292591095
0.7325606346130371
0.38615500926971436
0.2531585991382599
0.28420570492744446
0.9804249405860901
0.5040045976638794
0.0150041114538908
0.28580382466316223
0.6181181073188782
0.5741243958473206
0.9761053323745728
0.11380567401647568
0.5961939692497253
0.2795809805393219
0.10350660979747772
0.016181128099560738
0.9705578684806824
0.8636553287506104
0.09013772010803223
0.48940303921699524
0.6741940975189209
0.28695976734161377
0.019863581284880638
0.38306158781051636
0.540787398815155
0.6093422770500183
0.4869318902492523
0.43297913670539856
0.4150962829589844
0.8324088454246521
0.3451780378818512
0.3763238489627838
0.3065197765827179
0.09569891542196274
0.6447632908821106
0.6164757013320923
0.09739933162927628
0.5182333588600159
0.005311391782015562
0.8957522511482239
0.8813408017158508
0.8532190322875977
0.7656638622283936
0.7224287390708923
0.77788907289505
0.23873063921928406
0.13953879475593567
0.35968443751335144
0.9687898755073547
0.42147254943847656
0.07014872878789902
0.3791711628437042
0.8811354637145996
0.8035788536071777
0.2317332774400711
0.5103265643119812
0.17206986248493195
0.6509993672370911
0.23881253600120544
0.3678843379020691
0.18041038513183594
0.14020217955112457
0.4634178876876831
0.7701322436332703
0.3530599772930145
0.6623134016990662
0.4656502306461334
0.4382641613483429
0.3530906140804291
0.6409137845039368
0.4972870647907257
0.8626063466072083
0.5502022504806519
0.7052591443061829
0.854403018951416
0.4655562937259674
0.1846161037683487
0.12703804671764374
0.7426801323890686
0.1054871454834938
0.9524004459381104
0.9482331871986389
0.983160674571991
0.5480010509490967
0.030591348186135292
0.5464246273040771
0.8998136520385742
0.06391698122024536
0.14945094287395477
0.140984445810318
0.09609530121088028
0.08960655331611633
0.11843153089284897
0.2679642140865326
0.5038195252418518
0.007910234853625298
0.46831411123275757
0.702532172203064
0.02470998838543892
0.9218260645866394
0.781437873840332
0.5935893654823303
0.4501968324184418
0.6420526504516602
0.6265566945075989
0.11235383152961731
0.21176478266716003
0.4391688406467438
0.057041190564632416
0.45924004912376404
0.9206148982048035
0.9527751803398132
0.16504794359207153
0.19416317343711853
0.7665690183639526
0.15579277276992798
0.1881622076034546
0.7265703678131104
0.6018954515457153
0.21633774042129517
0.8799193501472473
0.9437016248703003
0.02976336143910885
0.8751406669616699
0.2371298223733902
0.6027870774269104
0.8410958051681519
0.671209990978241
0.19220952689647675
0.17007650434970856
0.7881417870521545
0.23027455806732178
0.4966633915901184
0.03568345680832863
0.01162829902023077
0.538572371006012
0.007140353322029114
0.17118974030017853
0.5019434690475464
0.8203108310699463
0.6313170790672302
0.9970513582229614
0.23723697662353516
0.47578632831573486
0.5808448791503906
0.22021065652370453
0.35107314586639404
0.425602525472641
0.5717836022377014
0.6996198296546936
0.27009543776512146
0.3383355736732483
0.5123064517974854
0.14327332377433777
0.10264063626527786
0.267551451921463
0.5858240723609924
0.6277545094490051
0.4528319239616394
0.9598566889762878
0.1230245903134346
0.1958448886871338
0.527837336063385
0.9624854922294617
0.4769936203956604
0.2988053858280182
0.6481879353523254
0.9732577204704285
0.7546243071556091
0.7662788033485413
0.18991313874721527
0.3201565444469452
0.6590140461921692
0.030225001275539398
0.3909391760826111
0.7651677131652832
0.007798480335623026
0.055850837379693985
0.08189139515161514
0.5910988450050354
0.09611032158136368
0.6227083802223206
0.8863638043403625
0.8584365844726562
0.44011321663856506
0.7745490074157715
0.27798110246658325
0.19375814497470856
0.39128050208091736
0.4801669120788574
0.46427565813064575
0.018708951771259308
0.4860255718231201
0.32922908663749695
0.5205948352813721
0.5611494183540344
0.4712081551551819
0.33307212591171265
0.43145936727523804
0.8520929217338562
0.32664358615875244
0.8518531918525696
0.8672496676445007
0.7368888258934021
0.8176284432411194
0.8938248157501221
0.45678216218948364
0.8005956411361694
0.9210557341575623
0.4441775679588318
0.4531974494457245
0.3868100047111511
0.614349365234375
0.2891139090061188
0.47413527965545654
0.1825728714466095
0.6888768076896667
0.9478161334991455
0.6254801750183105
0.20068462193012238
0.845474898815155
0.016577761620283127
0.47620832920074463
0.7418373823165894
0.8838837146759033
0.5294449925422668
0.8603341579437256
0.14038141071796417
0.6021641492843628
0.5825189352035522
0.9927740097045898
0.4806997776031494
0.31595513224601746
0.7534619569778442
0.624022901058197
0.7162971496582031
0.30084335803985596
0.45433664321899414
0.396584153175354
0.45389822125434875
0.5907583832740784
0.3234889507293701
0.3462076783180237
0.8326619267463684
0.5040642619132996
0.07978363335132599
0.31068146228790283
0.22228601574897766
0.6706411838531494
0.23092947900295258
0.804253101348877
0.4071537256240845
0.37258774042129517
0.7783743739128113
0.8682370185852051
0.4621131122112274
0.761004626750946
0.3577503561973572
0.724273145198822
0.908568263053894
0.8229337930679321
0.10761842876672745
0.9276807308197021
0.5661584138870239
0.38287267088890076
0.8829203844070435
0.7530752420425415
0.6034919619560242
0.5203468799591064
0.9785392880439758
0.8117764592170715
0.794155478477478
0.20105254650115967
0.41492024064064026
0.6973486542701721
0.7654886245727539
0.036956217139959335
0.08961043506860733
0.2860564887523651
0.524432897567749
0.6560057401657104
0.7568477392196655
0.5649709701538086
0.5129895806312561
0.16482429206371307
0.5363273620605469
0.21134904026985168
0.9436761140823364
0.7933005690574646
0.7946746349334717
0.7853814363479614
0.9141716361045837
0.7409981489181519
0.7491089105606079
0.23156122863292694
0.14817780256271362
0.6284087300300598
0.7622583508491516
0.4146996736526489
0.3352813720703125
0.8976373076438904
0.3491014242172241
0.8535290956497192
0.3174089789390564
0.02124054729938507
0.5353171825408936
0.859778106212616
0.02813955768942833
0.6591290831565857
0.5333250164985657
0.9622898101806641
0.264148473739624
0.529583752155304
0.01734577678143978
0.7799188494682312
0.2999960482120514
0.2834089994430542
0.1146601215004921
0.002402987563982606
0.9582421183586121
0.27711668610572815
0.7474759221076965
0.9013562798500061
0.5888622999191284
0.6112520098686218
0.333831787109375
0.7285343408584595
0.608760416507721
0.5201852321624756
0.6576589941978455
0.004639680031687021
0.31114205718040466
0.12786224484443665
0.3553980588912964
0.7339128851890564
0.7122367024421692
0.5871286988258362
0.6770488023757935
0.5513234734535217
0.7541882395744324
0.04132038727402687
0.679466187953949
0.5834599137306213
0.02067767269909382
0.9214984774589539
0.895165741443634
0.7808697819709778
0.6549034714698792
0.031128551810979843
0.5719477534294128
0.8936823606491089
0.41260039806365967
0.6677841544151306
0.5720487833023071
0.04432007297873497
0.9017090201377869
0.6127910017967224
0.657554030418396
0.931183934211731
0.15017008781433105
0.8067010045051575
0.6591321229934692
0.8016958236694336
0.2866000533103943
0.21697837114334106
0.3591233193874359
0.6016366481781006
0.22028887271881104
0.11719740182161331
0.41651394963264465
0.8583366274833679
0.8752233982086182
0.7598333358764648
0.19703257083892822
0.6495897173881531
0.7450149059295654
0.5064573287963867
0.7671793699264526
0.8774673938751221
0.8578501343727112
0.6157198548316956
0.2841024696826935
0.7651685476303101
0.299226313829422
0.7461406588554382
0.5426339507102966
0.8856971859931946
0.37296244502067566
0.798383891582489
0.36435192823410034
0.4202348291873932
0.8306270837783813
0.5339578986167908
0.908774197101593
0.8579748868942261
0.1468614786863327
0.9573684930801392
0.3938734829425812
0.23453965783119202
0.1987011581659317
0.5157861113548279
0.30830034613609314
0.2377588152885437
0.6578174233436584
0.9293972849845886
0.8139061331748962
0.3228139281272888
0.12541654706001282
0.9931172728538513
0.25753286480903625
0.029988404363393784
0.35411953926086426
0.4367433488368988
0.8187006115913391
0.4365265369415283
0.6875641942024231
0.6190101504325867
0.6144356727600098
0.5765731334686279
0.37007224559783936
0.4132079780101776
0.22290676832199097
0.8626505136489868
0.49863874912261963
0.933040201663971
0.31533440947532654
0.2772175073623657
0.3846094310283661
0.4026642143726349
0.08251457661390305
0.1904759705066681
0.04259068891406059
0.16224060952663422
0.5835937857627869
0.6174591183662415
0.9717580676078796
0.04376523569226265
0.6620519161224365
0.5556105375289917
0.7325848937034607
0.9658360481262207
0.9076814651489258
0.5890856981277466
0.011258977465331554
0.2083737701177597
0.3855842649936676
0.7167904376983643
0.2782430946826935
0.5741165280342102
0.06873856484889984
0.8554181456565857
0.3720954358577728
0.9437623620033264
0.7065754532814026
0.7889344692230225
0.668108344078064
0.9823896884918213
0.45891672372817993
0.4018678069114685
0.8102399706840515
0.1522817462682724
0.10254236310720444
0.07324041426181793
0.1791265457868576
0.6288305521011353
0.3121284246444702
0.4081592857837677
0.49203112721443176
0.07571066170930862
0.4302148222923279
0.42074236273765564
0.8333420157432556
0.8780211210250854
0.28976520895957947
0.8452298641204834
0.5307475924491882
0.03800477460026741
0.08709541708230972
0.8823977112770081
0.6297973394393921
0.44810307025909424
0.12025192379951477
0.007326974067837
0.7163649201393127
0.22595548629760742
0.5414875149726868
0.9892471432685852
0.9690548181533813
0.26245272159576416
0.02927020937204361
0.7044459581375122
0.1000988632440567
0.17035101354122162
0.29968512058258057
0.18288621306419373
0.07026372849941254
0.32520097494125366
0.8556290864944458
0.8691678047180176
0.4525338411331177
0.2855277955532074
0.48798632621765137
0.44322001934051514
0.03919128701090813
0.8729612231254578
0.3030160367488861
0.13740883767604828
0.0719335600733757
0.5723679065704346
0.7698612213134766
0.8035889863967896
0.22704309225082397
0.21735484898090363
0.48643651604652405
0.6559940576553345
0.1898401379585266
0.3938516080379486
0.5615047812461853
0.11536772549152374
0.45780399441719055
0.5056532621383667
0.804876983165741
0.051846276968717575
0.3017809987068176
0.636781632900238
0.21763959527015686
0.8941621780395508
0.9011776447296143
0.559783399105072
0.34891054034233093
0.5986952781677246
0.969436764717102
0.4955008625984192
0.3662034571170807
0.1702401340007782
0.11078738421201706
0.07126304507255554
0.11627141386270523
0.40740126371383667
0.04459620639681816
0.8968896865844727
0.5714899301528931
0.35949671268463135
0.8090422749519348
0.5092884302139282
0.5641123056411743
0.5855931639671326
0.4957863688468933
0.276495099067688
0.11193253099918365
0.16881048679351807
0.3038308024406433
0.479458749294281
0.1495467573404312
0.7795517444610596
0.04921681061387062
0.4689568281173706
0.9544670581817627
0.9492376446723938
0.8067774772644043
0.5892540216445923
0.7834101319313049
0.9785770177841187
0.4003143012523651
0.6693537831306458
0.5305566191673279
0.5234729647636414
0.08812691271305084
0.0761391744017601
0.9841731190681458
0.3283405601978302
0.27176418900489807
0.225431427359581
0.24114108085632324
0.9283440709114075
0.3418734669685364
0.37998467683792114
0.13693654537200928
0.6515822410583496
0.35554686188697815
0.5969198346138
0.6946470141410828
0.2575943171977997
0.3674529194831848
0.518663227558136
0.05719757452607155
0.24647070467472076
0.5283948183059692
0.2512405514717102
0.6739141345024109
0.954802930355072
0.08894424140453339
0.3163793087005615
0.9933297038078308
0.04851623252034187
0.01885177008807659
0.25682833790779114
0.6008800864219666
0.5448974370956421
0.7144474387168884
0.9034088850021362
0.5361083149909973
0.7144848704338074
0.7792372107505798
0.16023699939250946
0.5746637582778931
0.6727709770202637
0.3230375647544861
0.5463314652442932
0.18555724620819092
0.49265623092651367
0.22192078828811646
0.3052278459072113
0.30085986852645874
0.6667231917381287
0.3896799385547638
0.1653851866722107
0.6226054430007935
0.7819116115570068
0.9213259816169739
0.6555992364883423
0.6287118792533875
0.23406173288822174
0.5490090250968933
0.7967303991317749
0.5827913880348206
0.33731409907341003
0.8930118680000305
0.7870694398880005
0.5744107365608215
0.09592504054307938
0.6993048191070557
0.74839186668396
0.9962241053581238
0.4482406675815582
0.2959706783294678
0.7807080745697021
0.36640551686286926
0.08101148903369904
0.28304633498191833
0.5977908372879028
0.37389329075813293
0.1401379555463791
0.912911593914032
0.21878007054328918
0.9969372749328613
0.17979979515075684
0.5807936191558838
0.13869881629943848
0.1532059907913208
0.06213461607694626
0.11909765750169754
0.2517484128475189
0.2567797005176544
0.8810595273971558
0.0850408673286438
0.21473267674446106
0.5574195384979248
0.04596609249711037
0.31505388021469116
0.2407819628715515
0.11239301413297653
0.47217974066734314
0.45910313725471497
0.8124657869338989
0.18262237310409546
0.4739683270454407
0.49682891368865967
0.8626366257667542
0.583195149898529
0.006032396573573351
0.16706867516040802
0.01154297310858965
0.5757979154586792
0.26406076550483704
0.16405828297138214
0.9721371531486511
0.5995889902114868
0.8624215722084045
0.32405728101730347
0.019790584221482277
0.035028714686632156
0.3780766427516937
0.737916886806488
0.410392701625824
0.745049238204956
0.5985657572746277
0.13236865401268005
0.9023908376693726
0.33039966225624084
0.3383185863494873
0.7142701745033264
0.10190092027187347
0.01948123797774315
0.4698302149772644
0.5158301591873169
0.9201193451881409
0.3466950058937073
0.5028552412986755
0.7827773094177246
0.543030321598053
0.46615898609161377
0.06306646019220352
0.11984176933765411
0.6046300530433655
0.4850872755050659
0.6951612234115601
0.10586877167224884
0.866215169429779
0.31364837288856506
0.5967084765434265
0.9937372207641602
0.864691436290741
0.943589448928833
0.049867693334817886
0.2934446632862091
0.7900513410568237
0.33532261848449707
0.05550771951675415
0.5967283844947815
0.5393477082252502
0.22605159878730774
0.4539914131164551
0.7907235026359558
0.5571590662002563
0.4210951328277588
0.933667004108429
0.30028051137924194
0.21344327926635742
0.1019478514790535
0.5833104252815247
0.8614227175712585
0.5096644163131714
0.312522828578949
0.5004035830497742
0.9065795540809631
0.49643605947494507
0.8571160435676575
0.0362246111035347
0.11142537742853165
0.28076809644699097
0.9481469988822937
0.004648858215659857
0.04431464523077011
0.40536147356033325
0.7826259732246399
0.5244364142417908
0.01822713389992714
0.5354812741279602
0.5067349076271057
0.010857400484383106
0.1420232206583023
0.12220164388418198
0.44731608033180237
0.5797766447067261
0.6831173896789551
0.24033230543136597
0.8465747833251953
0.9498950839042664
0.5294588804244995
0.7409645318984985
0.24774180352687836
0.9034920930862427
0.6115718483924866
0.9313446879386902
0.605307400226593
0.5434497594833374
0.0796298161149025
0.6613708734512329
0.8674119114875793
0.05726420134305954
0.3323971927165985
0.47160908579826355
0.5584253072738647
0.7803810238838196
0.4043244421482086
0.5750462412834167
0.5686144232749939
0.24899327754974365
0.3954072594642639
0.8585020899772644
0.24936681985855103
0.6851983666419983
0.5147099494934082
0.9301090836524963
0.48006537556648254
0.3794143795967102
0.1682402342557907
0.9144157767295837
0.9549654722213745
0.7747536301612854
0.1427924782037735
0.31401219964027405
0.9254953265190125
0.5372366309165955
0.8487094044685364
0.42489859461784363
0.9856097102165222
0.2551342248916626
0.08272761851549149
0.8825933933258057
0.6644164323806763
0.3932695984840393
0.32813170552253723
0.03240722045302391
0.18519742786884308
0.17013144493103027
0.591559886932373
0.43544241786003113
0.8397119045257568
0.5545716881752014
0.2757223844528198
0.8264829516410828
0.48555058240890503
0.967641294002533
0.8536336421966553
0.4505327045917511
0.07013718783855438
0.3102531433105469
0.08794137090444565
0.9105884432792664
0.5406726002693176
0.8142988085746765
0.959862470626831
0.37293362617492676
0.2869972288608551
0.3547069728374481
0.21506954729557037
0.9485102891921997
0.8323520421981812
0.8476007580757141
0.33553430438041687
0.8748669624328613
0.7132302522659302
0.8946325778961182
0.18548177182674408
0.7904080748558044
0.4772789776325226
0.31113705039024353
0.47881442308425903
0.1384170800447464
0.9730480313301086
0.38643085956573486
0.6493605375289917
0.1622299998998642
0.9252524375915527
0.5787423849105835
0.02928037941455841
0.6223234534263611
0.33519473671913147
0.5413237810134888
0.7893937826156616
0.3715943396091461
0.22399644553661346
0.9053301215171814
0.28692686557769775
0.10344132781028748
0.02669650875031948
0.17536041140556335
0.9124892950057983
0.8309183716773987
0.9056549072265625
0.15063579380512238
0.5610458850860596
0.3313687741756439
0.11152900010347366
0.2544264793395996
0.6936259865760803
0.4672683775424957
0.5258526802062988
0.7977509498596191
0.5397447347640991
0.5950260758399963
0.3914856016635895
0.45931944251060486
0.011156446300446987
0.8251194357872009
0.8479704260826111
0.6446064710617065
0.26950550079345703
0.2623557150363922
0.8303977847099304
0.13958829641342163
0.05018866807222366
0.10991519689559937
0.07106080651283264
0.12396815419197083
0.4921192228794098
0.5780468583106995
0.7230793833732605
0.8913680911064148
0.07774213701486588
0.5737090110778809
0.1831902414560318
0.355325311422348
0.16510936617851257
0.9689452052116394
0.7367362380027771
0.07215826958417892
0.6012126207351685
0.8373784422874451
0.9585420489311218
0.6370573043823242
0.9517285227775574
0.19802115857601166
0.0768144354224205
0.840038537979126
0.296586275100708
0.3844853341579437
0.0023706669453531504
0.8463593125343323
0.5820831656455994
0.9016725420951843
0.050637099891901016
0.1877257078886032
0.11127160489559174
0.5838602781295776
0.8037662506103516
0.4899778664112091
0.6346513032913208
0.7561343908309937
0.704305112361908
0.7644291520118713
0.848976194858551
0.13940319418907166
0.45874547958374023
0.5787579417228699
0.0008050998440012336
0.3736872375011444
0.07724348455667496
0.9284095168113708
0.4366298019886017
0.5442191958427429
0.4975588321685791
0.6167554259300232
0.9937471747398376
0.9261289834976196
0.6237245202064514
0.5472407937049866
0.11122775822877884
0.050107911229133606
0.6416727900505066
0.967271625995636
0.881349503993988
0.7803077697753906
0.07752654701471329
0.8660169243812561
0.8299089074134827
0.6099340915679932
0.5852453112602234
0.9525405168533325
0.29609501361846924
0.9611760973930359
0.5152937769889832
0.6240494251251221
0.12400796264410019
0.6482632756233215
0.009026656858623028
0.44925352931022644
0.33248817920684814
0.8384965062141418
0.1317652314901352
0.7974652051925659
0.15865744650363922
0.4058254063129425
0.6065250635147095
0.24080777168273926
0.247896209359169
0.3305663466453552
0.9620521068572998
0.7688986659049988
0.40173545479774475
0.24349667131900787
0.6202443242073059
0.8111892938613892
0.8064449429512024
0.29091450572013855
0.4313684403896332
0.8867751955986023
0.2650626301765442
0.025720378383994102
0.09804926812648773
0.8327057957649231
0.33309149742126465
0.012712284922599792
0.5361805558204651
0.36756986379623413
0.07962343096733093
0.8525124788284302
0.353731632232666
0.013784448616206646
0.3816484808921814
0.4426177740097046
0.3034065067768097
0.3916548192501068
0.45800843834877014
0.28005290031433105
0.6218245625495911
0.006791571155190468
0.055653005838394165
0.6928805112838745
0.12961646914482117
0.8440150022506714
0.6608290076255798
0.8835374116897583
0.42259839177131653
0.9171626567840576
0.716539740562439
0.09836463630199432
0.43749549984931946
0.6047022938728333
0.41646280884742737
0.4420495331287384
0.6936728954315186
0.2276955246925354
0.5267306566238403
0.1050727590918541
0.6827257871627808
0.7458364367485046
0.13021963834762573
0.37228429317474365
0.4693921208381653
0.28795725107192993
0.5426843166351318
0.07732517272233963
0.6376446485519409
0.40486204624176025
0.35340213775634766
0.9136667251586914
0.7927533388137817
0.2916785776615143
0.39888763427734375
0.21460331976413727
0.2701503038406372
0.5262038111686707
0.8480620980262756
0.6288838982582092
0.9369390606880188
0.04241029545664787
0.27598658204078674
0.18822869658470154
0.6634603142738342
0.5953542590141296
0.1448897421360016
0.30834001302719116
0.717272937297821
0.7679276466369629
0.48396751284599304
0.4801989197731018
0.14281240105628967
0.8629581928253174
0.6681115031242371
0.04984874650835991
0.6780142188072205
0.38972008228302
0.4937690794467926
0.44185110926628113
0.5079073905944824
0.14730794727802277
0.16462935507297516
0.01128023024648428
0.4083336889743805
0.3595685362815857
0.8397698402404785
0.4145062267780304
0.4646896719932556
0.6001525521278381
0.42559561133384705
0.37389203906059265
0.7636089324951172
0.5702613592147827
0.430042564868927
0.9441961050033569
0.20430146157741547
0.7776681780815125
0.08006271719932556
0.80694180727005
0.10175440460443497
0.2285814732313156
0.15526515245437622
0.8537563681602478
0.6386458873748779
0.10376449674367905
0.2289077490568161
0.029176820069551468
0.9704223275184631
0.1566927582025528
0.2559143304824829
0.7836377620697021
0.9304543733596802
0.8792012929916382
0.6392134428024292
0.8294333219528198
0.22680138051509857
0.794001042842865
0.5881465673446655
0.5582619309425354
0.8318310976028442
0.28340667486190796
0.02066260762512684
0.9011736512184143
0.1377975195646286
0.2752699851989746
0.6182982325553894
0.6838181018829346
0.8001036047935486
0.20445452630519867
0.9814600944519043
0.9750863313674927
0.7778116464614868
0.39657682180404663
0.9028970003128052
0.41625893115997314
0.9695733189582825
0.7485017776489258
0.11025500297546387
0.7789833545684814
0.939767062664032
0.758392333984375
0.9407321214675903
0.21998675167560577
0.9387805461883545
0.7430209517478943
0.6113258600234985
0.6343317031860352
0.792697012424469
0.8045090436935425
0.7679137587547302
0.6168563365936279
0.7510576844215393
0.17750123143196106
0.5498123168945312
0.48465806245803833
0.4541245996952057
0.6008405089378357
0.7979602813720703
0.2426585704088211
0.7499294877052307
0.36653560400009155
0.2182743400335312
0.9771447777748108
0.658924400806427
0.01231477502733469
0.07426846027374268
0.5319549441337585
0.6080517172813416
0.8343161344528198
0.7637999057769775
0.10620082914829254
0.9137846827507019
0.6667660474777222
0.15783773362636566
0.5506541132926941
0.8812925815582275
0.3358232378959656
0.8733251690864563
0.2882001996040344
0.8262216448783875
0.09507735073566437
0.7660364508628845
0.17940041422843933
0.7409619092941284
0.9864844083786011
0.4594988524913788
0.28828492760658264
0.02754327841103077
0.6131567358970642
0.9551976919174194
0.8999535441398621
0.8197128176689148
0.57111656665802
0.970363199710846
0.08681460469961166
0.2404896765947342
0.2689773142337799
0.433846116065979
0.6609227061271667
0.883461058139801
0.001772697432897985
0.13493013381958008
0.15548497438430786
0.7072372436523438
0.6810204982757568
0.9103565812110901
0.1328325867652893
0.9635266661643982
0.7879530191421509
0.7581296563148499
0.5917056202888489
0.025321217253804207
0.12831524014472961
0.3040072023868561
0.481780469417572
0.6518720984458923
0.6497672200202942
0.6045029163360596
0.42675262689590454
0.39762261509895325
0.6922816038131714
0.6755027770996094
0.7632209062576294
0.6293793320655823
0.2377077341079712
0.05554777383804321
0.03450765088200569
0.19286642968654633
0.19863338768482208
0.8016766309738159
0.3318900167942047
0.682563066482544
0.39730194211006165
0.026283249258995056
0.41383129358291626
0.2698901891708374
0.7619264125823975
0.18155378103256226
0.5642521977424622
0.5428961515426636
0.8502504229545593
0.9374551177024841
0.18366582691669464
0.658455491065979
0.42144569754600525
0.30626851320266724
0.04602591320872307
0.8886893391609192
0.35294005274772644
0.011560614220798016
0.9337587952613831
0.8438013792037964
0.9170984029769897
0.5701870322227478
0.4136897027492523
0.12379256635904312
0.4982329308986664
0.49998441338539124
0.7471280097961426
0.0348273403942585
0.4520813822746277
0.5519288182258606
0.6232979893684387
0.9113190770149231
0.8316899538040161
0.6575635075569153
0.23770102858543396
0.8254257440567017
0.9758949279785156
0.355144202709198
0.19257046282291412
0.6069004535675049
0.19050835072994232
0.4832382798194885
0.8444696068763733
0.8560254573822021
0.4667758345603943
0.9177555441856384
0.6540464758872986
0.8010677695274353
0.5515947937965393
0.8972219824790955
0.35107335448265076
0.9681665301322937
0.02121764048933983
0.27209118008613586
0.14260022342205048
0.4275311529636383
0.2674395740032196
0.6712284088134766
0.08472219854593277
0.7131276726722717
0.27274370193481445
0.6025815010070801
0.43222445249557495
0.012023527175188065
0.4824405908584595
0.34448057413101196
0.00129096454475075
0.6848557591438293
0.16172686219215393
0.3582274317741394
0.6239821314811707
0.6656644940376282
0.01564980484545231
0.9778052568435669
0.06919630616903305
0.33314192295074463
0.05928248539566994
0.6839647889137268
0.2814118266105652
0.02486223541200161
0.6660891771316528
0.7399533987045288
0.8411543965339661
0.6929253339767456
0.4893385171890259
0.6592170000076294
0.12494353204965591
0.5547398924827576
0.4672824740409851
0.9773247241973877
0.3228289783000946
0.7020155191421509
0.8873032331466675
0.5111826658248901
0.5988708734512329
0.7815433144569397
0.6566118597984314
0.7830544710159302
0.7734329700469971
0.662421703338623
0.5357667207717896
0.5247846245765686
0.1761532723903656
0.7837505340576172
0.7065187096595764
0.27379581332206726
0.37345659732818604
0.47546809911727905
0.3941066563129425
0.45139753818511963
0.6978769302368164
0.9491083025932312
0.14527754485607147
0.6066133975982666
0.5961921811103821
0.1596599966287613
0.2684856653213501
0.49824023246765137
0.3389303386211395
0.2928791642189026
0.28470441699028015
0.5677624940872192
0.46747225522994995
0.9461249113082886
0.3190170228481293
0.7899913191795349
0.8578798770904541
0.32795676589012146
0.2390315681695938
0.9567583203315735
0.2466658353805542
0.12630124390125275
0.8563873767852783
0.6783687472343445
0.6008503437042236
0.6259039640426636
0.9704064726829529
0.11057131737470627
0.7599816918373108
0.7690426707267761
0.7015054821968079
0.488697350025177
0.4625553786754608
0.5038203597068787
0.8727030754089355
0.9831532835960388
0.6831612586975098
0.14880095422267914
0.4468826651573181
0.3359031081199646
0.3473871052265167
0.3423195481300354
0.6259014010429382
0.6833457350730896
0.20681166648864746
0.12387324869632721
0.29657894372940063
0.6648672223091125
0.5048167109489441
0.39026331901550293
0.41649720072746277
0.6976202130317688
0.7364979386329651
0.6421465873718262
0.748868465423584
0.016986636444926262
0.31878697872161865
0.22932609915733337
0.30232319235801697
0.46965163946151733
0.39503124356269836
0.6955858469009399
0.7484474778175354
0.24446313083171844
0.9991004467010498
0.9300419688224792
0.16854740679264069
0.264203280210495
0.37567609548568726
0.4738280773162842
0.869099497795105
0.06102342903614044
0.5392197966575623
0.18069417774677277
0.2672705352306366
0.3792373239994049
0.8567986488342285
0.507720410823822
0.7809944152832031
0.3614165782928467
0.46770399808883667
0.3712109923362732
0.9897143840789795
0.6946430802345276
0.49606379866600037
0.5973305106163025
0.10411117225885391
0.1958831548690796
0.7798070311546326
0.8442299365997314
0.7849541902542114
0.24477608501911163
0.14990241825580597
0.9897676706314087
0.9939901232719421
0.6825661659240723
0.4391607344150543
0.25895678997039795
0.7441367506980896
0.29069504141807556
0.8405077457427979
0.12562569975852966
0.6717918515205383
0.6523337960243225
0.5927885174751282
0.44613590836524963
0.2948833703994751
0.8651829361915588
0.44177889823913574
0.7549574375152588
0.22039015591144562
0.1515716314315796
0.37309524416923523
0.2899335026741028
0.2896789610385895
0.6875351071357727
0.6673685312271118
0.4151266813278198
0.2888580560684204
0.6169857978820801
0.567837655544281
0.3248893618583679
0.09144417941570282
0.2634298801422119
0.4744076132774353
0.3266516923904419
0.8171818852424622
0.16544567048549652
0.5024503469467163
0.6277647614479065
0.8792212605476379
0.8679209351539612
0.7372631430625916
0.1811848133802414
0.7678288221359253
0.23710337281227112
0.35698017477989197
0.15233029425144196
0.2684037387371063
0.8442767262458801
0.1257402002811432
0.6393398642539978
0.27778664231300354
0.7666897177696228
0.7680835127830505
0.2358149290084839
0.6155146360397339
0.837931215763092
0.34950312972068787
0.875498354434967
0.3098612427711487
0.8859509825706482
0.770410418510437
0.4792689085006714
0.3678091764450073
0.1656307876110077
0.12157635390758514
0.986725389957428
0.5302309989929199
0.03431497514247894
0.16081777215003967
0.9464172124862671
0.5883775353431702
0.5635408759117126
0.07468210160732269
0.219492569565773
0.7321817874908447
0.274973064661026
0.8825602531433105
0.5167405009269714
0.5037174820899963
0.3325340151786804
0.22930088639259338
0.7320988178253174
0.3865673840045929
0.6258578896522522
0.4289199709892273
0.06753381341695786
0.640460193157196
0.4213632643222809
0.7431468963623047
0.7177248001098633
0.7050241231918335
0.9575394988059998
0.5844563841819763
0.8812181949615479
0.03629406914114952
0.09679371863603592
0.9145830273628235
0.5090937614440918
0.44151389598846436
0.6208820343017578
0.882434606552124
0.7407848834991455
0.5197684168815613
0.7473130822181702
0.9194215536117554
0.25843164324760437
0.27310582995414734
0.32771405577659607
0.6537525057792664
0.630791425704956
0.0918581560254097
0.08679011464118958
0.37047243118286133
0.12111856788396835
0.8041919469833374
0.9921978712081909
0.1788671910762787
0.9924468398094177
0.8590524196624756
0.19021914899349213
0.2532501220703125
0.9695113301277161
0.49361246824264526
0.7866853475570679
0.8819176554679871
0.40007296204566956
0.42579686641693115
0.01046004705131054
0.8186813592910767
0.023325495421886444
0.7806152105331421
0.38253048062324524
0.43188098073005676
0.9499855041503906
0.5065851807594299
0.6284698247909546
0.16912180185317993
0.5429871678352356
0.7979274988174438
0.7682456374168396
0.4087661802768707
0.8131341934204102
0.8121063113212585
0.9687052965164185
0.8344136476516724
0.38609981536865234
0.9798240661621094
0.8710801005363464
0.2809165418148041
0.5730301141738892
0.22816850244998932
0.6271318197250366
0.50058913230896
0.4721260368824005
0.5088449120521545
0.1847084015607834
0.33462628722190857
0.7174794673919678
0.3537728786468506
0.8484324812889099
0.4768948554992676
0.6143660545349121
0.11485423147678375
0.22223609685897827
0.8129121661186218
0.1717890352010727
0.3524148166179657
0.5006998777389526
0.9116477370262146
0.3426344096660614
0.829609215259552
0.2814871370792389
0.49431416392326355
0.8357412815093994
0.6077814102172852
0.29890984296798706
0.5136756896972656
0.6192324161529541
0.803227424621582
0.6389650702476501
0.8006950616836548
0.7561184763908386
0.16520899534225464
0.6227368712425232
0.9918516874313354
0.1326657086610794
0.6825743317604065
0.6836118102073669
0.4643585979938507
0.9007460474967957
0.7722725868225098
0.34490519762039185
0.7635000944137573
0.031618792563676834
0.686375081539154
0.8867971301078796
0.8925796151161194
0.1515485793352127
0.838516116142273
0.295015811920166
0.3123876750469208
0.7771517038345337
0.42327040433883667
0.7582522630691528
0.12517409026622772
0.6707642078399658
0.22152072191238403
0.050035856664180756
0.4632302224636078
0.44045063853263855
0.7207430005073547
0.9907064437866211
0.38515836000442505
0.43709349632263184
0.41051965951919556
0.7780098915100098
0.310502290725708
0.6722275018692017
0.24799729883670807
0.25448036193847656
0.2504847049713135
0.2636857032775879
0.2682110071182251
0.006520918570458889
0.6116736531257629
0.1673606038093567
0.32285550236701965
0.971951961517334
0.9242445826530457
0.5305206179618835
0.03268376365303993
0.6730552911758423
0.1676110178232193
0.8217262029647827
0.22056302428245544
0.8053023815155029
0.9884163737297058
0.7369116544723511
0.5066769123077393
0.24412663280963898
0.8336910009384155
0.20193088054656982
0.12789538502693176
0.5680710673332214
0.5957440733909607
0.7290411591529846
0.7855699062347412
0.8174761533737183
0.3590751886367798
0.17556361854076385
0.9587511420249939
0.18465016782283783
0.17951828241348267
0.9474072456359863
0.6937103271484375
0.14460861682891846
0.8029561638832092
0.2609771192073822
0.7992634773254395
0.29740282893180847
0.21181082725524902
0.7174452543258667
0.45076921582221985
0.8401299118995667
0.19399037957191467
0.5118706226348877
0.6050046682357788
0.6561731100082397
0.254166841506958
0.7765634655952454
0.5732094645500183
0.35797157883644104
0.011566868983209133
0.864490270614624
0.6614142656326294
0.9924383759498596
0.5734294652938843
0.6587558388710022
0.4073852598667145
0.8799651265144348
0.8336403965950012
0.36015209555625916
0.9335951805114746
0.9062789082527161
0.8289323449134827
0.3694460988044739
0.6950086951255798
0.1500326544046402
0.4473584294319153
0.67510586977005
0.7955541014671326
0.9164475798606873
0.9159243106842041
0.9357641935348511
0.08837561309337616
0.3457890748977661
0.5632573366165161
0.30365249514579773
0.9044837951660156
0.2989858090877533
0.3496081531047821
0.7567862868309021
0.8285542726516724
0.03939817100763321
0.6963956356048584
0.8059341311454773
0.5337508916854858
0.6274610757827759
0.9252434968948364
0.6519525647163391
0.3850913345813751
0.9410753846168518
0.020603930577635765
0.7861282825469971
0.6719235181808472
0.5787413120269775
0.20479656755924225
0.7475602030754089
0.3011837601661682
0.37221187353134155
0.30452272295951843
0.015849363058805466
0.03887396305799484
0.6385783553123474
0.7297956943511963
0.28712743520736694
0.6776418685913086
0.6489157676696777
0.25084131956100464
0.03501163423061371
0.14345934987068176
0.4648172855377197
0.49719294905662537
0.7434051036834717
0.5873938202857971
0.10654888302087784
0.5189787149429321
0.5621358156204224
0.7965355515480042
0.6638235449790955
0.8690398931503296
0.9239097237586975
0.6987679600715637
0.6707354187965393
0.6255210041999817
0.1280091553926468
0.7129271626472473
0.4379139840602875
0.7062554359436035
0.5571781992912292
0.3585186302661896
0.9587655663490295
0.7601683139801025
0.006237559486180544
0.7788417339324951
0.08055832237005234
0.183922678232193
0.2643008530139923
0.6067700982093811
0.7027055621147156
0.425937682390213
0.7360700964927673
0.1765347272157669
0.21794019639492035
0.8670250177383423
0.8037427663803101
0.39889389276504517
0.5996031165122986
0.07553695142269135
0.49170026183128357
0.003097624983638525
0.3622029721736908
0.8657318353652954
0.6268144845962524
0.48804232478141785
0.031294479966163635
0.7055276036262512
0.5261654853820801
0.9128761887550354
0.7371392846107483
0.9224956631660461
0.5782257914543152
0.3978385925292969
0.033927563577890396
0.6966284513473511
0.18023011088371277
0.42123425006866455
0.9960579872131348
0.4795191287994385
0.2860003411769867
0.6109811067581177
0.45635002851486206
0.9872530102729797
0.9093292355537415
0.5284109711647034
0.9829913377761841
0.7175287008285522
0.20164208114147186
0.09496382623910904
0.041315123438835144
0.2743430435657501
0.871757984161377
0.495402067899704
0.9191195964813232
0.4612312912940979
0.9490386247634888
0.21577109396457672
0.865588366985321
0.24376048147678375
0.7923794388771057
0.4580318033695221
0.8616522550582886
0.5313785672187805
0.8730589151382446
0.9143967032432556
0.15256226062774658
0.9672727584838867
0.6092241406440735
0.8804953098297119
0.1373090147972107
0.0696246400475502
0.3955930769443512
0.5251050591468811
0.8605985641479492
0.8761962056159973
0.058178067207336426
0.8296911120414734
0.8018993735313416
0.795174777507782
0.36662203073501587
0.5324550271034241
0.7991489171981812
0.9121599197387695
0.9783266186714172
0.8006808757781982
0.26442956924438477
0.3799554109573364
0.3630790412425995
0.4708999991416931
0.24078528583049774
0.4276120364665985
0.14945316314697266
0.8816277384757996
0.07866376638412476
0.575592041015625
0.4817173480987549
0.7540969848632812
0.064012810587883
0.6469587087631226
0.3462008833885193
0.3117261826992035
0.7932799458503723
0.44501087069511414
0.08919363468885422
0.08454129844903946
0.5112493634223938
0.5314587354660034
0.2890864312648773
0.7725970149040222
0.057280778884887695
0.2435513436794281
0.7657370567321777
0.6009581089019775
0.5186535120010376
0.26915621757507324
0.5359022617340088
0.8191606402397156
0.20109817385673523
0.8744366765022278
0.8264168500900269
0.5775630474090576
0.502358078956604
0.374004065990448
0.23933878540992737
0.28526562452316284
0.011715034954249859
0.8135809302330017
0.7333147525787354
0.3905792534351349
0.02449275366961956
0.02790459617972374
0.4422615170478821
0.8077865242958069
0.7244482040405273
0.5804280042648315
0.12681768834590912
0.9710889458656311
0.642710268497467
0.6131759285926819
0.5518801212310791
0.1422940343618393
0.8200785517692566
0.7356805205345154
0.27648845314979553
0.6246204376220703
0.852504312992096
0.9348887801170349
0.46681421995162964
0.8179415464401245
0.4158751666545868
0.2505141496658325
0.4035148024559021
0.6495078802108765
0.25290805101394653
0.013981983996927738
0.10751941800117493
0.49072813987731934
0.5205773711204529
0.5558149218559265
0.5759695768356323
0.7618775963783264
0.4009278118610382
0.949067234992981
0.32201170921325684
0.42843201756477356
0.9816309213638306
0.12189987301826477
0.18565672636032104
0.18401995301246643
0.8018048405647278
0.26830029487609863
0.5468798875808716
0.3042425811290741
0.8463865518569946
0.46723899245262146
0.331499308347702
0.4845048785209656
0.7337093949317932
0.7062980532646179
0.1744566708803177
0.5809215307235718
0.37060412764549255
0.08634552359580994
0.8946844339370728
0.8529497385025024
0.5249049067497253
0.8240617513656616
0.40246668457984924
0.6105979084968567
0.0456140972673893
0.7018870711326599
0.1273517906665802
0.974155604839325
0.8597694039344788
0.7261157631874084
0.8956056833267212
0.5175342559814453
0.6157743334770203
0.18887880444526672
0.9370940923690796
0.0025717741809785366
0.04587991163134575
0.8625805974006653
0.25276026129722595
0.9766731858253479
0.9706061482429504
0.3385484218597412
0.026050860062241554
0.17823722958564758
0.3520039916038513
0.27209243178367615
0.7630580067634583
0.49448156356811523
0.7932879328727722
0.5245018601417542
0.11864284425973892
0.08116532862186432
0.7063190937042236
0.6351100206375122
0.4093569815158844
0.15890750288963318
0.3902416527271271
0.9182037711143494
0.8332028388977051
0.06508003175258636
0.6433510184288025
0.8190114498138428
0.06530516594648361
0.7578402161598206
0.5272082090377808
0.41866153478622437
0.012649173848330975
0.34296560287475586
0.04345881566405296
0.5859020352363586
0.9591174721717834
0.20897817611694336
0.3672366738319397
0.8365702629089355
0.6189636588096619
0.4058721959590912
0.18137435615062714
0.5689115524291992
0.8407502174377441
0.23732289671897888
0.7005286812782288
0.8233936429023743
0.11383214592933655
0.5807672142982483
0.4033793807029724
0.8083651661872864
0.37912654876708984
0.17667366564273834
0.3218294382095337
0.7965389490127563
0.5903568863868713
0.14517731964588165
0.0006083016050979495
0.42378300428390503
0.2594985365867615
0.4022786617279053
0.3607219159603119
0.9363580346107483
0.29687193036079407
0.8113083839416504
0.30056044459342957
0.09699354320764542
0.43573352694511414
0.07306035608053207
0.6973959803581238
0.488017201423645
0.6265761256217957
0.8696077466011047
0.2911852300167084
0.5281677842140198
0.4885075092315674
0.39872124791145325
0.8231900334358215
0.928303062915802
0.4091019928455353
0.5873240828514099
0.20133675634860992
0.9927248358726501
0.04301955923438072
0.0046304380521178246
0.18776798248291016
0.5249767303466797
0.4288671314716339
0.09006981551647186
0.74834144115448
0.7272723913192749
0.80838543176651
0.5028231143951416
0.8238551020622253
0.8142725825309753
0.3749413788318634
0.8171931505203247
0.5352659821510315
0.33449479937553406
0.6947758197784424
0.6110832691192627
0.5477997064590454
0.2537853419780731
0.2031330168247223
0.6638463139533997
0.022966815158724785
0.5464833974838257
0.853335440158844
0.7389004826545715
0.3920462131500244
0.5633081793785095
0.8255154490470886
0.8773490786552429
0.25846582651138306
0.9287694692611694
0.3906896710395813
0.8193544149398804
0.8673760294914246
0.1680908501148224
0.5341498255729675
0.6477012038230896
0.07917223870754242
0.14535023272037506
0.8937800526618958
0.7514075636863708
0.20706887543201447
0.48880499601364136
0.9197327494621277
0.3494015634059906
0.037537746131420135
0.7256019115447998
0.9088292717933655
0.18481028079986572
0.27901339530944824
0.5408074855804443
0.14912346005439758
0.16968496143817902
0.060955654829740524
0.8502992987632751
0.013515784405171871
0.28964683413505554
0.7132681012153625
0.6513960957527161
0.7266186475753784
0.27179208397865295
0.3537213206291199
0.06570063531398773
0.4897197186946869
0.9428377747535706
0.3154577910900116
0.17796950042247772
0.3144080936908722
0.539868950843811
0.8163687586784363
0.3632562756538391
0.8714703917503357
0.4063268005847931
0.021194862201809883
0.956440806388855
0.6490281224250793
0.9868818521499634
0.5898165702819824
0.6369284391403198
0.3801094889640808
0.5263716578483582
0.04546816647052765
0.3212016820907593
0.04547559842467308
0.3405938744544983
0.3673393428325653
0.46546414494514465
0.6069210767745972
0.9452329874038696
0.3190532922744751
0.9905806183815002
0.502816379070282
0.05833528935909271
0.978161096572876
0.24071179330348969
0.905035674571991
0.7090625166893005
0.8069455623626709
0.2077331691980362
0.6618712544441223
0.851117730140686
0.422386109828949
0.7940600514411926
0.22539687156677246
0.49866774678230286
0.47328484058380127
0.041350413113832474
0.38429808616638184
0.918300211429596
0.36717623472213745
0.32734718918800354
0.020919306203722954
0.4884606599807739
0.14734722673892975
0.41622278094291687
0.1160377487540245
0.45275434851646423
0.07585320621728897
0.6653366088867188
0.6585862040519714
0.1442888081073761
0.8184905052185059
0.1925724446773529
0.2169267237186432
0.622987687587738
0.999476432800293
0.3596278727054596
0.7558543682098389
0.8902183771133423
0.8202579617500305
0.3204202950000763
0.8881532549858093
0.9673851728439331
0.5345072746276855
0.30658861994743347
0.35547539591789246
0.3203994333744049
0.15319232642650604
0.1956983059644699
0.823790431022644
0.3003649413585663
0.9003185629844666
0.021487798541784286
0.9320275187492371
0.0941021591424942
0.6278941035270691
0.9441655874252319
0.40400877594947815
0.9295703768730164
0.6722124814987183
0.21182870864868164
0.04187832027673721
0.557100772857666
0.37118473649024963
0.5140776634216309
0.6673888564109802
0.36359545588493347
0.38581305742263794
0.4679843783378601
0.6942551732063293
0.08859328180551529
0.4526195526123047
0.16393716633319855
0.8789957165718079
0.44011634588241577
0.4410146474838257
0.2865257263183594
0.7630008459091187
0.40771523118019104
0.3252032697200775
0.2894528806209564
0.6343572735786438
0.5860400199890137
0.4282485842704773
0.3842209577560425
0.12434662878513336
0.4646983742713928
0.8044909238815308
0.17071957886219025
0.5345941185951233
0.4455849230289459
0.039569590240716934
0.40162912011146545
0.27113622426986694
0.2779988646507263
0.19402840733528137
0.35772913694381714
0.672404408454895
0.8055905103683472
0.850995659828186
0.04935283213853836
0.1428060531616211
0.6253654956817627
0.36064788699150085
0.37107494473457336
0.46234777569770813
0.12510095536708832
0.8813978433609009
0.03836235776543617
0.25434982776641846
0.816735029220581
0.92438805103302
0.08323144167661667
0.8389495015144348
0.24175499379634857
0.3893193006515503
0.3239756226539612
0.17791420221328735
0.9018587470054626
0.5064228773117065
0.9681176543235779
0.8702803254127502
0.16767537593841553
0.6776915192604065
0.799138605594635
0.5419217348098755
0.05404758080840111
0.15826694667339325
0.7703481316566467
0.7611075639724731
0.9450531005859375
0.5167744755744934
0.5650379657745361
0.8575102090835571
0.2868001163005829
0.7114647030830383
0.26874229311943054
0.14338834583759308
0.33580881357192993
0.8248216509819031
0.8990833163261414
0.5946207046508789
0.6000340580940247
0.9553657174110413
0.8790187239646912
0.10632619261741638
0.1646599918603897
0.96658855676651
0.6750446557998657
0.4746588468551636
0.4237796366214752
0.3760002553462982
0.5993508696556091
0.8961223363876343
0.06899122893810272
0.2627980709075928
0.31036674976348877
0.7828115224838257
0.9846799969673157
0.6075800657272339
0.8800037503242493
0.713584840297699
0.9142192006111145
0.8684504628181458
0.0583152212202549
0.2677701413631439
0.8747109770774841
0.440205454826355
0.32694804668426514
0.33699363470077515
0.23106704652309418
0.0010974021861329675
0.0882052555680275
0.1299683004617691
0.30825909972190857
0.14501622319221497
0.28095462918281555
0.8790185451507568
0.2948819100856781
0.7905828356742859
0.6393193006515503
0.2894417941570282
0.88674396276474
0.0514044463634491
0.7537185549736023
0.4688102602958679
0.8670579195022583
0.416130006313324
0.4683421850204468
0.2413875162601471
0.42867621779441833
0.039441000670194626
0.3178628385066986
0.1633012741804123
0.853323221206665
0.6294432878494263
0.12421786785125732
0.8652091026306152
0.7634412050247192
0.9507094621658325
0.9702839851379395
0.3070104420185089
0.8081425428390503
0.4325900375843048
0.014800497330725193
0.15995299816131592
0.6539076566696167
0.32340747117996216
0.23644183576107025
0.34291884303092957
0.3383598327636719
0.7900515794754028
0.7761475443840027
0.1261226385831833
0.7915193438529968
0.21052305400371552
0.2144433856010437
0.4803791046142578
0.8131267428398132
0.7595600485801697
0.5775039792060852
0.5503024458885193
0.9876042008399963
0.26385557651519775
0.5821487903594971
0.1673753708600998
0.09593943506479263
0.8774337768554688
0.4808867275714874
0.5964487195014954
0.3361806869506836
0.6785192489624023
0.9109836220741272
0.5423365235328674
0.9631571173667908
0.23221850395202637
0.3585538864135742
0.047800809144973755
0.9801255464553833
0.2841794192790985
0.6067090630531311
0.49833983182907104
0.5434963703155518
0.5168492197990417
0.7177204489707947
0.14484313130378723
0.7390061020851135
0.6712033748626709
0.18164387345314026
0.41869354248046875
0.8871769309043884
0.3196697533130646
0.5059987902641296
0.30120402574539185
0.305414080619812
0.6358495950698853
0.04778879135847092
0.9240744709968567
0.34301459789276123
0.6732580065727234
0.49309468269348145
0.21612393856048584
0.918144166469574
0.5989088416099548
0.9459172487258911
0.23869632184505463
0.8308047652244568
0.5751774907112122
0.6167811155319214
0.8802542090415955
0.16004465520381927
0.9695636630058289
0.4131668210029602
0.9509850144386292
0.5857173204421997
0.23994360864162445
0.18544162809848785
0.47941818833351135
0.23379634320735931
0.5495968461036682
0.35974031686782837
0.3821409344673157
0.3960775136947632
0.44990232586860657
0.7389578819274902
0.9325651526451111
0.4690645635128021
0.0003717570216394961
0.9733735918998718
0.028782950714230537
0.41381797194480896
0.2547153830528259
0.2745741903781891
0.1805570274591446
0.15804198384284973
0.3154212236404419
0.05452394485473633
0.8726423382759094
0.8286654353141785
0.8765474557876587
0.5502615571022034
0.7128010988235474
0.2320273220539093
0.9151902794837952
0.8056601285934448
0.5218483209609985
0.28529056906700134
0.051849495619535446
0.46129924058914185
0.4912041127681732
0.1321755051612854
0.597505509853363
0.49905502796173096
0.6197962760925293
0.03514683619141579
0.7229613065719604
0.3242594301700592
0.16726575791835785
0.9956086874008179
0.7249913215637207
0.9742568135261536
0.6378820538520813
0.32285377383232117
0.0022966491524130106
0.4800386130809784
0.3405337929725647
0.28998103737831116
0.8769780397415161
0.08603770285844803
0.4225462079048157
0.3113362491130829
0.6166502833366394
0.35244786739349365
0.8329891562461853
0.3847246766090393
0.37441807985305786
0.2802395522594452
0.18333318829536438
0.06699012964963913
0.5329799056053162
0.8368604183197021
0.30861058831214905
0.47257840633392334
0.2094036042690277
0.921607255935669
0.14617061614990234
0.6993713974952698
0.6206467151641846
0.5476139187812805
0.05879239737987518
0.7199293971061707
0.8602458238601685
0.8882555961608887
0.5321372151374817
0.05679960921406746
0.6085808873176575
0.4126445949077606
0.5861116647720337
0.7525078058242798
0.9647234082221985
0.470699280500412
0.5427192449569702
0.18403977155685425
0.890902578830719
0.9757834672927856
0.16000351309776306
0.8035262823104858
0.9363726377487183
0.3095279932022095
0.20873026549816132
0.2405686378479004
0.8513346910476685
0.9919122457504272
0.1745113879442215
0.3414132297039032
0.24671635031700134
0.5299062728881836
0.9764467477798462
0.3646274507045746
0.44625675678253174
0.7457002997398376
0.19912296533584595
0.8799504041671753
0.6930125951766968
0.23180092871189117
0.4695788025856018
0.8831607699394226
0.46365782618522644
0.2105838805437088
0.6281710863113403
0.6732035875320435
0.11769409477710724
0.5327837467193604
0.13009797036647797
0.07969516515731812
0.17442244291305542
0.21315833926200867
0.7345775961875916
0.3589100241661072
0.2791023850440979
0.718233048915863
0.10481233894824982
0.9408971667289734
0.9368762969970703
0.8373520970344543
0.7063601613044739
0.7682061791419983
0.28390762209892273
0.02725180797278881
0.15318909287452698
0.44473010301589966
0.5027557015419006
0.6198474168777466
0.4301503300666809
0.4321625828742981
0.1476089358329773
0.3960689604282379
0.8694546222686768
0.14557483792304993
0.40112245082855225
0.2832648754119873
0.09994200617074966
0.8488665223121643
0.6524999737739563
0.9688351154327393
0.8893905878067017
0.32286012172698975
0.23915116488933563
0.21826374530792236
0.3183804452419281
0.9488361477851868
0.020131681114435196
0.5465190410614014
0.7283509373664856
0.37659791111946106
0.9220870137214661
0.596616268157959
0.32477691769599915
0.5747184753417969
0.1334945261478424
0.6899057030677795
0.31634700298309326
0.7799196243286133
0.3541775941848755
0.06160812824964523
0.28277432918548584
0.08236255496740341
0.5263856053352356
0.007788376417011023
0.10348717123270035
0.10565342009067535
0.7281049489974976
0.1794258952140808
0.5617141127586365
0.9648386836051941
0.7521286010742188
0.774622917175293
0.6370927095413208
0.6981097459793091
0.1067366674542427
0.7106813788414001
0.987593948841095
0.3966432511806488
0.48828741908073425
0.81907719373703
0.650788426399231
0.21704363822937012
0.7896614670753479
0.5062977075576782
0.6243804693222046
0.07823465019464493
0.5591244697570801
0.05109192058444023
0.4885714054107666
0.6697812676429749
0.5531778931617737
0.11697058379650116
0.1679990142583847
0.018862413242459297
0.14718757569789886
0.31934693455696106
0.988264799118042
0.6367794871330261
0.8963563442230225
0.06438664346933365
0.7344474196434021
0.3810376226902008
0.3272401988506317
0.4630493223667145
0.18056556582450867
0.9268134236335754
0.7329932451248169
0.2169257551431656
0.5892356038093567
0.019007069990038872
0.9562531113624573
0.38231372833251953
0.8075082898139954
0.7769179940223694
0.24006853997707367
0.7159274816513062
0.0894630178809166
0.918310284614563
0.19213394820690155
0.18196885287761688
0.6112689971923828
0.14564329385757446
0.426999568939209
0.07122813910245895
0.5916761159896851
0.15086142718791962
0.5584503412246704
0.2542702257633209
0.24516087770462036
0.013333428651094437
0.060746293514966965
0.3821304440498352
0.6564998030662537
0.7899913787841797
0.7156900763511658
0.8161033391952515
0.3319459557533264
0.3363596498966217
0.40467506647109985
0.9657548666000366
0.6069486141204834
0.5885352492332458
0.2957912087440491
0.29022225737571716
0.7183956503868103
0.8629122376441956
0.6017778515815735
0.622951865196228
0.7516350150108337
0.9901754856109619
0.43441492319107056
0.36314013600349426
0.3369940221309662
0.2475462406873703
0.06309480965137482
0.8341179490089417
0.21842169761657715
0.3889754116535187
0.6777400374412537
0.27124977111816406
0.4483691155910492
0.6048622131347656
0.5754693150520325
0.2075352966785431
0.05115631967782974
0.32674890756607056
0.2763132154941559
0.16153767704963684
0.35488161444664
0.7896093130111694
0.8475271463394165
0.14043335616588593
0.22478681802749634
0.4884795546531677
0.1323343962430954
0.3665708601474762
0.6108388304710388
0.06287325918674469
0.39443403482437134
0.5619162917137146
0.08762902021408081
0.508370041847229
0.444210022687912
0.7228503823280334
0.09994757175445557
0.47531235218048096
0.7261923551559448
0.2411777675151825
0.33713412284851074
0.8287035822868347
0.4097674489021301
0.794554591178894
0.7617697715759277
0.42282965779304504
0.8988643884658813
0.8016984462738037
0.617500364780426
0.8603836297988892
0.3885584771633148
0.7528696060180664
0.7976304888725281
0.6081277132034302
0.9565293788909912
0.5718790888786316
0.12185598164796829
0.5469726920127869
0.8771164417266846
0.6977081298828125
0.3041072189807892
0.8549880385398865
0.24877837300300598
0.9959707260131836
0.5797770619392395
0.7000840306282043
0.22268027067184448
0.9586830735206604
0.5446704626083374
0.7592451572418213
0.2612678110599518
0.09960871934890747
0.17221511900424957
0.6138230562210083
0.8810978531837463
0.4459497034549713
0.7023591995239258
0.8588712215423584
0.8268440961837769
0.057754792273044586
0.14807574450969696
0.11900036036968231
0.5911619067192078
0.7285834550857544
0.11220741271972656
0.30004626512527466
0.5660188794136047
0.030064178630709648
0.9417439103126526
0.9313743710517883
0.566965639591217
0.5404461622238159
0.4441852867603302
0.08602866530418396
0.7496691942214966
0.6329198479652405
0.2568679451942444
0.2789233922958374
0.17224104702472687
0.587490975856781
0.8158009052276611
0.18233013153076172
0.14761462807655334
0.8484062552452087
0.2668643295764923
0.4748694896697998
0.2315690964460373
0.33236005902290344
0.322934091091156
0.15435026586055756
0.28574544191360474
0.2003750503063202
0.25507962703704834
0.717796266078949
0.8014966249465942
0.9288889765739441
0.9648992419242859
0.9821518063545227
0.14138200879096985
0.0005028991145081818
0.13250914216041565
0.4373476803302765
0.806618869304657
0.08549416065216064
0.4483282268047333
0.9835720658302307
0.7260609269142151
0.014169396832585335
0.6846905946731567
0.12509410083293915
0.6525149941444397
0.5327765941619873
0.6884498000144958
0.7500660419464111
0.8336349725723267
0.389489084482193
0.3166663348674774
0.23621131479740143
0.08533739298582077
0.40809082984924316
0.941476047039032
0.8979060649871826
0.1810721606016159
0.8485093712806702
0.5261354446411133
0.026788070797920227
0.5343769192695618
0.3290177881717682
0.512884795665741
0.8128286004066467
0.2528816759586334
0.4196365177631378
0.2545607388019562
0.19984810054302216
0.23341897130012512
0.3485393822193146
0.16311810910701752
0.09502210468053818
0.6535508632659912
0.19072552025318146
0.7644015550613403
0.5854288935661316
0.3970712125301361
0.004440133925527334
0.15645831823349
0.36915239691734314
0.059556931257247925
0.2555503845214844
0.25866469740867615
0.4912472665309906
0.6691503524780273
0.6591722965240479
0.7912392020225525
0.37663668394088745
0.32527396082878113
0.26119014620780945
0.39349350333213806
0.7627459168434143
0.7137265801429749
0.8094381093978882
0.10026619583368301
0.1437009572982788
0.23875273764133453
0.7776536345481873
0.026974152773618698
0.03031047433614731
0.3228568732738495
0.6032291054725647
0.6342056393623352
0.7948753237724304
0.6727849841117859
0.044413309544324875
0.7100492119789124
0.5154926180839539
0.5795665383338928
0.4867083430290222
0.6088725328445435
0.5020643472671509
0.026911066845059395
0.06759471446275711
0.6973394751548767
0.2778496742248535
0.773845374584198
0.14922559261322021
0.2629396617412567
0.22853563725948334
0.3742235600948334
0.040626686066389084
0.4944799542427063
0.8186638355255127
0.020406030118465424
0.8921433091163635
0.0847829058766365
0.38317060470581055
0.3769759237766266
0.24283944070339203
0.0025626018177717924
0.2685215175151825
0.5094498991966248
0.9281818866729736
0.8118258118629456
0.07847756147384644
0.9996649026870728
0.3647410571575165
0.4326263666152954
0.9406688809394836
0.7898305654525757
0.9610353112220764
0.4445134103298187
0.5433508157730103
0.6878652572631836
0.4557035565376282
0.4409068524837494
0.0421919971704483
0.614567756652832
0.5664434432983398
0.42383089661598206
0.12271079421043396
0.15003260970115662
0.09209458529949188
0.241652712225914
0.7648099660873413
0.45122843980789185
0.5275208950042725
0.37731459736824036
0.46910548210144043
0.29325199127197266
0.6400665640830994
0.07688775658607483
0.6726821660995483
0.48441463708877563
0.23338590562343597
0.052157554775476456
0.9170318245887756
0.7214572429656982
0.9884073138237
0.542032778263092
0.6961277723312378
0.0029843791853636503
0.9762392640113831
0.5506476759910583
0.9542835354804993
0.8196172714233398
0.5763015151023865
0.638532817363739
0.926175057888031
0.7174376845359802
0.412296861410141
0.29253625869750977
0.9946181774139404
0.2084539383649826
0.17866933345794678
0.2534223794937134
0.7227382659912109
0.06744665652513504
0.8696650862693787
0.06386726349592209
0.46302151679992676
0.05839771032333374
0.3413389027118683
0.018600046634674072
0.5336857438087463
0.7883980870246887
0.322943776845932
0.5094256401062012
0.5013495683670044
0.018128234893083572
0.21185116469860077
0.7852924466133118
0.09563850611448288
0.5223723649978638
0.6924197673797607
0.23731139302253723
0.15187570452690125
0.41260433197021484
0.5894577503204346
0.517362117767334
0.16267873346805573
0.19161926209926605
0.16515065729618073
0.42609432339668274
0.6108439564704895
0.49858948588371277
0.12644608318805695
0.8632992506027222
0.8602162003517151
0.010167617350816727
0.5265156030654907
0.16847042739391327
0.05817297473549843
0.613621175289154
0.9618644714355469
0.13250623643398285
0.12175902724266052
0.08444547653198242
0.7795858383178711
0.2882380485534668
0.6900632977485657
0.9552263617515564
0.06629889458417892
0.9854925870895386
0.30584025382995605
0.8478458523750305
0.21875113248825073
0.773770272731781
0.2962079346179962
0.047768812626600266
0.4208284318447113
0.12766581773757935
0.5810326933860779
0.7982748746871948
0.29343873262405396
0.19319669902324677
0.7799038290977478
0.056309375911951065
0.6202340722084045
0.16792020201683044
0.5092732906341553
0.24799591302871704
0.267073392868042
0.75985187292099
0.2376614511013031
0.8719242215156555
0.5797743797302246
0.24975885450839996
0.8248984813690186
0.09212063997983932
0.6632770895957947
0.8291211724281311
0.5982199907302856
0.6480051279067993
0.7603648900985718
0.26088571548461914
0.6632088422775269
0.22668004035949707
0.26314812898635864
0.30826112627983093
0.18309266865253448
0.34356728196144104
0.3217301070690155
0.9315316081047058
0.8465752005577087
0.5658339858055115
0.3637336492538452
0.7194066643714905
0.8607705235481262
0.04564373567700386
0.45871132612228394
0.44611451029777527
0.7614169120788574
0.26219984889030457
0.24911339581012726
0.32450762391090393
0.5986906886100769
0.5440608263015747
0.9234939813613892
0.2830407917499542
0.3180067241191864
0.8927645087242126
0.9722926020622253
0.7895635366439819
0.6102726459503174
0.3218953609466553
0.4479784369468689
0.4460141360759735
0.3542303144931793
0.9760055541992188
0.42976436018943787
0.33382925391197205
0.5520814061164856
0.05419110134243965
0.7359403967857361
0.2327692061662674
0.8292444348335266
0.1903909295797348
0.15262876451015472
0.6553606986999512
0.5297764539718628
0.8313141465187073
0.008810523897409439
0.5470824837684631
0.2908168137073517
0.48480695486068726
0.9153655171394348
0.27672210335731506
0.16840223968029022
0.7539269328117371
0.2970578670501709
0.042934853583574295
0.9188821911811829
0.822686493396759
0.20161284506320953
0.72530198097229
0.54645174741745
0.8919707536697388
0.8744637966156006
0.5066348910331726
0.7160733938217163
0.3341980278491974
0.11332699656486511
0.8714967966079712
0.822728157043457
0.44150155782699585
0.1852712780237198
0.00546759320423007
0.09652790427207947
0.40235966444015503
0.8125895261764526
0.34740251302719116
0.9808281660079956
0.2903869152069092
0.12558406591415405
0.8195323348045349
0.42483240365982056
0.7140563130378723
0.5598183870315552
0.11785956472158432
0.33079755306243896
0.5663657784461975
0.5795315504074097
0.13069771230220795
0.5545880794525146
0.7708488702774048
0.48536553978919983
0.5582701563835144
0.7494263648986816
0.8394907116889954
0.7702682018280029
0.7278129458427429
0.24276743829250336
0.2191866785287857
0.13151416182518005
0.43520382046699524
0.8413300514221191
0.8790035247802734
0.33860427141189575
0.550290584564209
0.3576819598674774
0.08505618572235107
0.9311702251434326
0.17993320524692535
0.4935193657875061
0.8782790899276733
0.9311084747314453
0.5285118818283081
0.6312256455421448
0.8480498790740967
0.20806819200515747
0.3050266206264496
0.9576577544212341
0.8482769131660461
0.23788414895534515
0.39962640404701233
0.11744873225688934
0.8615449070930481
0.7370444536209106
0.011844832450151443
0.6502125263214111
0.6448778510093689
0.3996877670288086
0.10901293158531189
0.60060054063797
0.33282652497291565
0.8622040152549744
0.517043948173523
0.8316154479980469
0.6154739260673523
0.5234842896461487
0.9129470586776733
0.1946047842502594
0.6050626039505005
0.23095469176769257
0.782103955745697
0.31712663173675537
0.010707998648285866
0.5032351613044739
0.4369593560695648
0.8179277181625366
0.6353398561477661
0.8174313902854919
0.10403016954660416
0.6062834858894348
0.7946290969848633
0.36821964383125305
0.2677830159664154
0.12119584530591965
0.03884042799472809
0.5941058397293091
0.8436803817749023
0.2816735804080963
0.6473243832588196
0.35845211148262024
0.022566089406609535
0.8219580054283142
0.049828123301267624
0.517342209815979
0.023584237322211266
0.0920494869351387
0.669012725353241
0.869341254234314
0.047825202345848083
0.2132900357246399
0.018565036356449127
0.790289580821991
0.014660087414085865
0.4234939515590668
0.03557079657912254
0.5579673051834106
0.45460665225982666
0.8033682107925415
0.70135498046875
0.3482711613178253
0.39798086881637573
0.38147228956222534
0.39671623706817627
0.68947833776474
0.465677946805954
0.8715494275093079
0.7319262027740479
0.09400790184736252
0.9452919960021973
0.5253024697303772
0.04079635441303253
0.9296843409538269
0.992381751537323
0.8869472146034241
0.7351139783859253
0.06389574706554413
0.7611521482467651
0.8818520307540894
0.7766355872154236
0.7969201803207397
0.7008377909660339
0.9313951730728149
0.18237712979316711
0.8340457081794739
0.901289165019989
0.5204833745956421
0.736868143081665
0.581409752368927
0.6325920820236206
0.5852094888687134
0.20269416272640228
0.8409952521324158
0.827176570892334
0.5125730633735657
0.09151279181241989
0.386758953332901
0.3637198507785797
0.283337265253067
0.2836504876613617
0.6917119026184082
0.2184310257434845
0.05094306915998459
0.2041345238685608
0.11254105716943741
0.8372474908828735
0.5720899701118469
0.6587571501731873
0.3556778132915497
0.6317508220672607
0.6697173118591309
0.16141130030155182
0.7824598550796509
0.5096740126609802
0.5588143467903137
0.1112835556268692
0.6226155161857605
0.44015783071517944
0.3113856911659241
0.7623947858810425
0.2881978750228882
0.6596246361732483
0.49141672253608704
0.47587937116622925
0.24391090869903564
0.9428713321685791
0.7263802886009216
0.18414723873138428
0.8549166321754456
0.7141486406326294
0.24310903251171112
0.20490549504756927
0.630305826663971
0.7327970266342163
0.9051881432533264
0.004857952706515789
0.29448169469833374
0.30248624086380005
0.6343157887458801
0.8080145120620728
0.9487997889518738
0.08792845904827118
0.285874605178833
0.9496557116508484
0.05079207941889763
0.2693506181240082
0.9528518915176392
0.27200037240982056
0.8056728839874268
0.6553657650947571
0.5207138657569885
0.9740858674049377
0.8650385737419128
0.4293411374092102
0.7994382977485657
0.928118109703064
0.6866353750228882
0.9681427478790283
0.09771350026130676
0.9928210973739624
0.27537214756011963
0.748181164264679
0.2554752230644226
0.6627411246299744
0.022600332275032997
0.9625561833381653
0.6335698366165161
0.6935089826583862
0.00543225696310401
0.03457434102892876
0.8455258011817932
0.633449137210846
0.6413392424583435
0.09268655627965927
0.1844056397676468
0.9949766993522644
0.6403599977493286
0.3027511239051819
0.3087339699268341
0.5022187829017639
0.24587348103523254
0.4322587549686432
0.2045605629682541
0.04250391945242882
0.3733440339565277
0.25969815254211426
0.35624366998672485
0.17076046764850616
0.47487467527389526
0.69684237241745
0.837341845035553
0.511080265045166
0.35036027431488037
0.6587191224098206
0.8058564066886902
0.8356817960739136
0.9699938297271729
0.9786182641983032
0.7799601554870605
0.018212424591183662
0.024984370917081833
0.281259149312973
0.3824225664138794
0.42630818486213684
0.761584460735321
0.1737961620092392
0.7478234171867371
0.4444115161895752
0.5921568274497986
0.11191989481449127
0.4724572002887726
0.9226266145706177
0.5126122236251831
0.21138204634189606
0.9455869197845459
0.640155017375946
0.6514701247215271
0.3877931237220764
0.2399464249610901
0.22828277945518494
0.5685955286026001
0.46093088388442993
0.7157646417617798
0.7209564447402954
0.26408207416534424
0.2882123291492462
0.19500085711479187
0.4970800280570984
0.11402039229869843
0.5124914646148682
0.7004731893539429
0.672694206237793
0.998258113861084
0.71840900182724
0.4166637063026428
0.11603570729494095
0.6886878609657288
0.7253192067146301
0.6795257925987244
0.64866042137146
0.9002946615219116
0.6049560308456421
0.741569459438324
0.3091975152492523
0.050239596515893936
0.12376530468463898
0.43226057291030884
0.656894326210022
0.843408465385437
0.30819374322891235
0.4864475429058075
0.37316977977752686
0.4115753471851349
0.789228618144989
0.6565519571304321
0.7161324620246887
0.0017300598556175828
0.870751142501831
0.8767582774162292
0.3076215386390686
0.8672139644622803
0.7371956706047058
0.6755775809288025
0.9794148802757263
0.5672346353530884
0.3327193260192871
0.6973563432693481
0.20699067413806915
0.4819612205028534
0.1214313730597496
0.7589043974876404
0.02335415966808796
0.6836073994636536
0.4663350582122803
0.8746645450592041
0.7461223006248474
0.7892946600914001
0.17019186913967133
0.7591538429260254
0.983284592628479
0.9635094404220581
0.6258680820465088
0.23047442734241486
0.4072744846343994
0.6413959264755249
0.46617624163627625
0.10974042862653732
0.47966915369033813
0.7100151181221008
0.9121471047401428
0.30025890469551086
0.6824159026145935
0.9463768601417542
0.892270028591156
0.6468431353569031
0.8262436389923096
0.06602944433689117
0.8964495658874512
0.20650146901607513
0.139280766248703
0.9863996505737305
0.9749041795730591
0.6186078190803528
0.8116551637649536
0.781528651714325
0.10346638411283493
0.7844123244285583
0.9724635481834412
0.9719237089157104
0.8629752397537231
0.4861706495285034
0.06754303723573685
0.779486894607544
0.5059822201728821
0.2889302670955658
0.7327908277511597
0.9991516470909119
0.7843316197395325
0.04942891746759415
0.7007257342338562
0.3802880644798279
0.9066725373268127
0.7437276244163513
0.4996597170829773
0.9550022482872009
0.10529033094644547
0.7397319078445435
0.5783215165138245
0.981375515460968
0.3505171239376068
0.0979224145412445
0.3915218412876129
0.5797097682952881
0.5225442051887512
0.3569941818714142
0.40270164608955383
0.5450617074966431
0.46195468306541443
0.732466995716095
0.622459352016449
0.5231418609619141
0.26641252636909485
0.31436944007873535
0.4041433334350586
0.6633239388465881
0.5782156586647034
0.13623739778995514
0.8496302366256714
0.5511047840118408
0.1754264533519745
0.01484896894544363
0.5158413648605347
0.19870057702064514
0.8392314314842224
0.42932480573654175
0.9135759472846985
0.21295806765556335
0.9008840918540955
0.7249660491943359
0.9083978533744812
0.8769612312316895
0.8759878873825073
0.13113896548748016
0.49222278594970703
0.06590384989976883
0.4943089187145233
0.6894503831863403
0.43416720628738403
0.5987381339073181
0.2623380422592163
0.5496643781661987
0.9055179953575134
0.300209105014801
0.30426543951034546
0.07071568071842194
0.24854882061481476
0.9118202924728394
0.3198174238204956
0.907875120639801
0.5143201947212219
0.7678365111351013
0.9800562858581543
0.619836688041687
0.04990756884217262
0.5477057099342346
0.025472277775406837
0.5974748730659485
0.9576703906059265
0.20181524753570557
0.3156459331512451
0.043534647673368454
0.9740619659423828
0.6097627282142639
0.5263532996177673
0.6173735857009888
0.9922382235527039
0.7092586755752563
0.7227696180343628
0.5707927346229553
0.06266303360462189
0.6388477683067322
0.829903781414032
0.6587039232254028
0.767401397228241
0.23812934756278992
0.9546147584915161
0.6595929861068726
0.5239312052726746
0.42012304067611694
0.3184802830219269
0.804796040058136
0.45309022068977356
0.7641046643257141
0.06528262048959732
0.4740544259548187
0.49656879901885986
0.5149731636047363
0.1377381533384323
0.3838570713996887
0.05875259265303612
0.2831258773803711
0.14328788220882416
0.9208049178123474
0.24769461154937744
0.44369634985923767
0.7815247774124146
0.8217871189117432
0.7847661972045898
0.6705687046051025
0.733847975730896
0.03294861689209938
0.4536036550998688
0.06025620549917221
0.5746464729309082
0.009781026281416416
0.6924439072608948
0.038943491876125336
0.943443775177002
0.3643866777420044
0.6829055547714233
0.9143688678741455
0.18126064538955688
0.4938584566116333
0.8835058212280273
0.6136630177497864
0.24902282655239105
0.498948872089386
0.3313123881816864
0.4052105247974396
0.4368981420993805
0.3912898302078247
0.1582239866256714
0.8334448933601379
0.600355327129364
0.016832513734698296
0.22978559136390686
0.32415273785591125
0.59650057554245
0.9360187649726868
0.29230213165283203
0.9102544784545898
0.29781094193458557
0.2337871640920639
0.17263293266296387
0.13791045546531677
0.9310957789421082
0.07220708578824997
0.7985945343971252
0.3509707450866699
0.147769495844841
0.1817321628332138
0.3995956480503082
0.6026816964149475
0.7545346021652222
0.521066427230835
0.10036958009004593
0.9304901957511902
0.6821996569633484
0.4084709584712982
0.5148563385009766
0.5672051310539246
0.4143093228340149
0.6056165099143982
0.37935909628868103
0.759558916091919
0.9593404531478882
0.299109548330307
0.2557730972766876
0.3233802020549774
0.48343637585639954
0.6119421720504761
0.5130311250686646
0.21342284977436066
0.446238249540329
0.6576378345489502
0.3081747889518738
0.9982254505157471
0.9194455742835999
0.7211833596229553
0.33224427700042725
0.32622861862182617
0.12957222759723663
0.7064645886421204
0.3821388781070709
0.8480626940727234
0.26480814814567566
0.5992329120635986
0.7668104767799377
0.7660138607025146
0.13938738405704498
0.3622915744781494
0.5805754661560059
0.98630291223526
0.20751065015792847
0.9742826819419861
0.26376157999038696
0.43247291445732117
0.5425591468811035
0.9004626870155334
0.9389547109603882
0.4713928699493408
0.4606389105319977
0.24318304657936096
0.3974519670009613
0.5666490793228149
0.9483163356781006
0.7670124769210815
0.4912448525428772
0.6813807487487793
0.9974735379219055
0.9043437242507935
0.8129472732543945
0.6900205612182617
0.06805765628814697
0.3750099241733551
0.9577731490135193
0.3421323895454407
0.8862506151199341
0.6288045644760132
0.77337646484375
0.889396071434021
0.6219037771224976
0.15611913800239563
0.8588517308235168
0.9561123251914978
0.9287238717079163
0.3889119327068329
0.004121937323361635
0.03555420786142349
0.716170072555542
0.03198537603020668
0.35141560435295105
0.018619216978549957
0.7304306030273438
0.019857317209243774
0.005731102544814348
0.04466952756047249
0.021553900092840195
0.566892147064209
0.01661510020494461
0.037529218941926956
0.8749464750289917
0.9885265827178955
0.6535182595252991
0.8090349435806274
0.0356997512280941
0.8384513258934021
0.34922319650650024
0.0608505941927433
0.9235038161277771
0.17262612283229828
0.043601322919130325
0.4266352653503418
0.60658860206604
0.6848328709602356
0.3832111954689026
0.36089006066322327
0.25924578309059143
0.4740602672100067
0.21165357530117035
0.8863232135772705
0.381803959608078
0.5313759446144104
0.965310275554657
0.5264161825180054
0.7991193532943726
0.2948511242866516
0.7251308560371399
0.1615167260169983
0.4082157015800476
0.0026780113112181425
0.656789243221283
0.5078999400138855
0.7702459692955017
0.3655965328216553
0.7487926483154297
0.8696045875549316
0.16053283214569092
0.1282896250486374
0.8345661163330078
0.2714488208293915
0.08742969483137131
0.02456432208418846
0.2944260537624359
0.2605610191822052
0.9642618298530579
0.12572315335273743
0.8261380791664124
0.32748275995254517
0.08717673271894455
0.027394291013479233
0.5804945826530457
0.6600217819213867
0.05288255959749222
0.12429463118314743
0.9789166450500488
0.4123435914516449
0.6628520488739014
0.1846776306629181
0.7258020043373108
0.18154661357402802
0.6062936186790466
0.06280126422643661
0.7689189314842224
0.33831754326820374
0.6547234058380127
0.5482484102249146
0.5924410820007324
0.8113216161727905
0.7364845275878906
0.9054539799690247
0.7586737275123596
0.5454273223876953
0.3508131802082062
0.14413206279277802
0.7932894229888916
0.3625171184539795
0.9028114676475525
0.6850761771202087
0.5722293257713318
0.055742040276527405
0.4009481370449066
0.5404058694839478
0.19481857120990753
0.263278067111969
0.5561573505401611
0.8998852968215942
0.9134061336517334
0.33644217252731323
0.7148059606552124
0.20926900207996368
0.33849745988845825
0.7345527410507202
0.5815091133117676
0.5553020238876343
0.802361786365509
0.34003618359565735
0.2946270704269409
0.5699129104614258
0.5519835352897644
0.4587627351284027
0.18716208636760712
0.047220081090927124
0.8425660729408264
0.7288673520088196
0.8499624729156494
0.30174127221107483
0.45566830039024353
0.7289678454399109
0.1515515148639679
0.8678482174873352
0.20179377496242523
0.14478808641433716
0.24307160079479218
0.4870363473892212
0.015496417880058289
0.5595475435256958
0.8404593467712402
0.9529134631156921
0.656126081943512
0.01529479306191206
0.30070000886917114
0.1743028312921524
0.9485258460044861
0.868207573890686
0.27364957332611084
0.026580682024359703
0.11058378219604492
0.5888833999633789
0.08406432718038559
0.6157915592193604
0.7917266488075256
0.9976366758346558
0.9587633013725281
0.8019691705703735
0.9211736917495728
0.41578492522239685
0.7694494128227234
0.5128228068351746
0.8838573694229126
0.20533128082752228
0.10405469685792923
0.031493306159973145
0.2070242464542389
0.6172370910644531
0.5209489464759827
0.5244911313056946
0.8294480443000793
0.45678120851516724
0.20524004101753235
0.9653686881065369
0.9659502506256104
0.6340734362602234
0.8243680596351624
0.2707311809062958
0.4961983859539032
0.3970526456832886
0.3411319851875305
0.24756427109241486
0.6517128944396973
0.9498260021209717
0.4285995066165924
0.743769109249115
0.11242499202489853
0.9645010232925415
0.9941683411598206
0.4693923592567444
0.19211187958717346
0.3087199032306671
0.3323560655117035
0.10679315030574799
0.06610321253538132
0.6044130325317383
0.39627963304519653
0.8001759648323059
0.24417997896671295
0.6479060649871826
0.21932582557201385
0.07031288743019104
0.7906796932220459
0.8974297046661377
0.2224411815404892
0.08878772705793381
0.2632997930049896
0.26737910509109497
0.34585314989089966
0.41883835196495056
0.8771843314170837
0.21317414939403534
0.5547640919685364
0.5320126414299011
0.31871557235717773
0.9003624320030212
0.9685781002044678
0.27677273750305176
0.35741978883743286
0.5101879239082336
0.2947169840335846
0.8054836988449097
0.8866358399391174
0.07816591113805771
0.3637602627277374
0.6894435882568359
0.8268213868141174
0.586505115032196
0.058479223400354385
0.6290143132209778
0.5422927737236023
0.4744475483894348
0.24381741881370544
0.13323259353637695
0.6725860834121704
0.5131483674049377
0.06506083160638809
0.20145311951637268
0.44042736291885376
0.6762446761131287
0.9472692012786865
0.5400512218475342
0.41440024971961975
0.37323251366615295
0.8608723282814026
0.4136337637901306
0.17063915729522705
0.7028732299804688
0.6598434448242188
0.8046380877494812
0.07148192822933197
0.7972909212112427
0.44446638226509094
0.05605531111359596
0.4415757656097412
0.9697087407112122
0.8217440843582153
0.14638234674930573
0.16532792150974274
0.6672042012214661
0.4627898037433624
0.14893928170204163
0.34610453248023987
0.14804717898368835
0.05978524684906006
0.06807684898376465
0.47367164492607117
0.040801238268613815
0.5804429054260254
0.34092119336128235
0.34001994132995605
0.8984259963035583
0.13526412844657898
0.9700796604156494
0.7042599320411682
0.06633822619915009
0.29775723814964294
0.257526695728302
0.6990276575088501
0.12680645287036896
0.7470828890800476
0.3916403651237488
0.876563310623169
0.5427942872047424
0.5913645625114441
0.1971052587032318
0.2643488943576813
0.032274384051561356
0.12144460529088974
0.8818095922470093
0.836553156375885
0.4194672107696533
0.8861635327339172
0.0843963697552681
0.8249968886375427
0.09524992853403091
0.9596765637397766
0.6226847171783447
0.8577439785003662
0.9392202496528625
0.6396979093551636
0.5154603123664856
0.8520895838737488
0.32809901237487793
0.05315857008099556
0.08046717941761017
0.0618772991001606
0.8795696496963501
0.03945554420351982
0.9371718764305115
0.22730359435081482
0.39622560143470764
0.262627512216568
0.4491521716117859
0.9266024231910706
0.7658095955848694
0.2825755178928375
0.711463451385498
0.6620941162109375
0.47283846139907837
0.8853976726531982
0.4093032479286194
0.15203723311424255
0.9611155390739441
0.5581644773483276
0.3276549279689789
0.9501599669456482
0.1613256186246872
0.4859490394592285
0.956976592540741
0.9394639730453491
0.6789505481719971
0.3094460368156433
0.7066016793251038
0.23715415596961975
0.6611424088478088
0.9209123849868774
0.971734881401062
0.49349430203437805
0.7562381625175476
0.7175038456916809
0.8699600100517273
0.9064005017280579
0.5220288634300232
0.17336422204971313
0.10082279145717621
0.5936880111694336
0.3949768841266632
0.8426650166511536
0.28123870491981506
0.43081173300743103
0.40068304538726807
0.17565029859542847
0.4437941014766693
0.36647337675094604
0.15555652976036072
0.9639623761177063
0.43545985221862793
0.24567672610282898
0.5123190879821777
0.24486665427684784
0.833075225353241
0.35462528467178345
0.06904945522546768
0.9309098720550537
0.49273377656936646
0.662811279296875
0.2584531307220459
0.9411284923553467
0.6523182988166809
0.5341813564300537
0.6997336149215698
0.06560380011796951
0.3352075517177582
0.20174828171730042
0.5919381976127625
0.4337490499019623
0.9171047806739807
0.6608887314796448
0.7305508852005005
0.8697170615196228
0.9211975336074829
0.1615736186504364
0.9783052206039429
0.30746564269065857
0.35927343368530273
0.7388340830802917
0.5946534872055054
0.568997323513031
0.4129917323589325
0.3845825791358948
0.30976489186286926
0.31222495436668396
0.1199670284986496
0.7359337210655212
0.2731002867221832
0.06913182884454727
0.6273157596588135
0.7379615902900696
0.6693724989891052
0.6899117231369019
0.9500066041946411
0.3602527678012848
0.8381336331367493
0.6515893936157227
0.40908125042915344
0.5540590882301331
0.17093315720558167
0.03096730448305607
0.2945317327976227
0.20734216272830963
0.025459248572587967
0.8258692026138306
0.24861061573028564
0.5301007628440857
0.12936465442180634
0.05779097601771355
0.03110041841864586
0.1921597570180893
0.5744000673294067
0.27231907844543457
0.6653910875320435
0.8081294298171997
0.9935153722763062
0.4106871485710144
0.17497533559799194
0.5584799647331238
0.4396292269229889
0.9163543581962585
0.9753228425979614
0.06939697265625
0.11344165354967117
0.7360955476760864
0.70881587266922
0.01086307130753994
0.13877886533737183
0.30351853370666504
0.3512077331542969
0.610076367855072
0.1681099534034729
0.5520655512809753
0.31321901082992554
0.7658745050430298
0.6309601068496704
0.08902723342180252
0.05839686468243599
0.5004544258117676
0.03582970052957535
0.7090312242507935
0.5017984509468079
0.35341277718544006
0.6722350716590881
0.6961473226547241
0.2199128419160843
0.9651083946228027
0.8791829943656921
0.40539678931236267
0.7739540338516235
0.7346318364143372
0.5618589520454407
0.7288167476654053
0.6016272306442261
0.27084881067276
0.38875171542167664
0.9432422518730164
0.7811164855957031
0.32844266295433044
0.4841117560863495
0.02744957245886326
0.34055978059768677
0.3161318898200989
0.4346591830253601
0.5721567869186401
0.7975759506225586
0.4724714457988739
0.5515339970588684
0.3683227598667145
0.7494190335273743
0.23625296354293823
0.9825897812843323
0.35525092482566833
0.3489939272403717
0.18446099758148193
0.03351506218314171
0.4664563238620758
0.394059419631958
0.5161987543106079
0.8994936347007751
0.4014590084552765
0.255752831697464
0.36937808990478516
0.2287764549255371
0.14702679216861725
0.6455435752868652
0.8733986616134644
0.801384687423706
0.25732555985450745
0.9754383563995361
0.6290456056594849
0.06398511677980423
0.7556384205818176
0.8926903009414673
0.604410707950592
0.9532274007797241
0.1361737847328186
0.30541661381721497
0.9326839447021484
0.6737545728683472
0.5639252066612244
0.5721639394760132
0.6510947346687317
0.1241120845079422
0.07412139326334
0.5078590512275696
0.519323468208313
0.9029873013496399
0.615472674369812
0.07141241431236267
0.05040113627910614
0.6035252213478088
0.15885810554027557
0.02643682062625885
0.324251651763916
0.6329851746559143
0.4370540380477905
0.9831180572509766
0.08702217787504196
0.4619019329547882
0.8245406746864319
0.7878770232200623
0.19443446397781372
0.05166879668831825
0.6692208647727966
0.2577325999736786
0.6949355006217957
0.9664221405982971
0.9913619756698608
0.6438190937042236
0.03335881605744362
0.20653404295444489
0.2332761585712433
0.5649504661560059
0.396587073802948
0.7510405778884888
0.3781519830226898
0.7896164655685425
0.47889137268066406
0.4167192280292511
0.22066961228847504
0.3087292015552521
0.5963006019592285
0.4558310806751251
0.6793885827064514
0.18658508360385895
0.8684487342834473
0.8659582734107971
0.9909977316856384
0.2627708613872528
0.9646106362342834
0.10000152885913849
0.2432696521282196
0.8031102418899536
0.7057114243507385
0.6027586460113525
0.044833630323410034
0.42048579454421997
0.5521092414855957
0.8242567777633667
0.4843943417072296
0.6537376046180725
0.4657166004180908
0.22380118072032928
0.4383620619773865
0.6945405602455139
0.7461258172988892
0.8278568387031555
0.745124101638794
0.6245216727256775
0.9198123812675476
0.909110426902771
0.09360156208276749
0.6139342188835144
0.4536731541156769
0.1764119565486908
0.8527182936668396
0.9673670530319214
0.9971025586128235
0.3738919496536255
0.92135089635849
0.7382806539535522
0.042406972497701645
0.9427443742752075
0.8733585476875305
0.7212527990341187
0.55626380443573
0.9680169224739075
0.5347516536712646
0.10878945887088776
0.9339808821678162
0.6227861046791077
0.8320091962814331
0.20429250597953796
0.39673927426338196
0.7484786510467529
0.04256346449255943
0.2361624538898468
0.32102951407432556
0.0054999180138111115
0.8814579844474792
0.10341260582208633
0.5816712379455566
0.4825862944126129
0.8503018021583557
0.7767975926399231
0.4448954463005066
0.20346319675445557
0.14695189893245697
0.1895245909690857
0.29992711544036865
0.7509051561355591
0.30609557032585144
0.7704763412475586
0.24507761001586914
0.8068107962608337
0.9269340634346008
0.09650330245494843
0.702947199344635
0.21410438418388367
0.9313690066337585
0.5682963728904724
0.3767319619655609
0.6300932765007019
0.6887062788009644
0.2740008234977722
0.7588176131248474
0.5155192017555237
0.009013211354613304
0.6519515514373779
0.08333183825016022
0.07166704535484314
0.7055189609527588
0.6394774913787842
0.4915068745613098
0.7941102981567383
0.035555582493543625
0.8931304812431335
0.3369159400463104
0.2326659858226776
0.1361890733242035
0.3848712742328644
0.02575998194515705
0.5107895731925964
0.14098012447357178
0.2374296486377716
0.12226740270853043
0.49706411361694336
0.5016407370567322
0.007001833058893681
0.6090785264968872
0.16703327000141144
0.7197030782699585
0.6249355673789978
0.9825009703636169
0.19011011719703674
0.6070944666862488
0.5293948650360107
0.7054259777069092
0.42414000630378723
0.6747657060623169
0.006059966515749693
0.337356835603714
0.4509845972061157
0.7489919066429138
0.49968421459198
0.9453839659690857
0.44192782044410706
0.746925950050354
0.45291030406951904
0.4922144412994385
0.46944430470466614
0.9655258655548096
0.6618456840515137
0.7956849932670593
0.7974755764007568
0.09042219072580338
0.40289750695228577
0.4822472333908081
0.6868389844894409
0.43465831875801086
0.5780863165855408
0.3861269950866699
0.8537240028381348
0.43607041239738464
0.9419119358062744
0.0354548841714859
0.9645729660987854
0.5947149395942688
0.28308340907096863
0.12939195334911346
0.10404401272535324
0.24450190365314484
0.7518095374107361
0.6059805750846863
0.212220698595047
0.4927217662334442
0.5043334364891052
0.9284940361976624
0.6305062174797058
0.1689165234565735
0.17024818062782288
0.848003089427948
0.8479651808738708
0.06646603345870972
0.4086117744445801
0.9866518378257751
0.7348060011863708
0.7104734182357788
0.8565536737442017
0.5595567226409912
0.7902038097381592
0.6453489661216736
0.6681862473487854
0.5405700206756592
0.937772274017334
0.341351717710495
0.9017894268035889
0.6049892902374268
0.710908830165863
0.01009770855307579
0.09960410743951797
0.8875471949577332
0.10589872300624847
0.8439869284629822
0.2696223258972168
0.6692322492599487
0.7640940546989441
0.3478929400444031
0.3267548084259033
0.4992600977420807
0.6320157647132874
0.30872562527656555
0.48022711277008057
0.3065439462661743
0.28265121579170227
0.3845498859882355
0.43525993824005127
0.668602466583252
0.3314852714538574
0.6878844499588013
0.19669340550899506
0.6190906167030334
0.9785738587379456
0.7803969979286194
0.19128023087978363
0.40908268094062805
0.5944054126739502
0.4618922472000122
0.2554244101047516
0.7968664765357971
0.1454443484544754
0.5392454266548157
0.21598641574382782
0.18805629014968872
0.11571893095970154
0.011858394369482994
0.40506482124328613
0.28920236229896545
0.08285816758871078
0.2837097942829132
0.9141666889190674
0.4237935245037079
0.35207122564315796
0.7604086995124817
0.6669580340385437
0.7038441896438599
0.027238063514232635
0.9729204773902893
0.357726126909256
0.014574293978512287
0.3601117730140686
0.8780004382133484
0.3067396283149719
0.01740696281194687
0.4829620122909546
0.8931134343147278
0.4374011158943176
0.8165037631988525
0.515043318271637
0.1439245343208313
0.6281392574310303
0.43640679121017456
0.10988517850637436
0.8484823703765869
0.2007049322128296
0.8029142618179321
0.056571174412965775
0.047282297164201736
0.6024692058563232
0.9732513427734375
0.4099350869655609
0.6566125750541687
0.06410431861877441
0.2256360948085785
0.1772744357585907
0.24149248003959656
0.3330021798610687
0.9290028214454651
0.043580375611782074
0.6831066608428955
0.4288836717605591
0.8320549726486206
0.5047382712364197
0.3656732141971588
0.800560474395752
0.3070146441459656
0.9814757704734802
0.9996475577354431
0.6885170340538025
0.8457532525062561
0.3873407244682312
0.5418230891227722
0.1727384775876999
0.3189615309238434
0.8811902403831482
0.1436953991651535
0.11195971816778183
0.2832943797111511
0.9522219300270081
0.6104034781455994
0.7725507616996765
0.04779563099145889
0.3049352765083313
0.059573352336883545
0.8708921670913696
0.5298710465431213
0.37907153367996216
0.43846800923347473
0.19000029563903809
0.4446893632411957
0.7658127546310425
0.016412202268838882
0.9995993971824646
0.8876120448112488
0.8656708598136902
0.24667687714099884
0.11783073097467422
0.3831063508987427
0.5175058245658875
0.48642879724502563
0.798810601234436
0.3124861419200897
0.6341446042060852
0.7832024693489075
0.16831853985786438
0.9485503435134888
0.35842886567115784
0.3147018551826477
0.7505868077278137
0.6220112442970276
0.9865368008613586
0.6301961541175842
0.4484354853630066
0.1639997959136963
0.10560834407806396
0.1670141965150833
0.47961917519569397
0.8255267143249512
0.15531018376350403
0.40464815497398376
0.9954583644866943
0.4356519281864166
0.4167823791503906
0.28852176666259766
0.389011949300766
0.9513278603553772
0.8225985765457153
0.020759057253599167
0.8307371735572815
0.3828228712081909
0.4891360402107239
0.9846331477165222
0.027100132778286934
0.6410484313964844
0.25906795263290405
0.1029682457447052
0.8757878541946411
0.721755862236023
0.7410812377929688
0.21836087107658386
0.6581498384475708
0.8141961097717285
0.04031705483794212
0.41765210032463074
0.8558017611503601
0.8225038051605225
0.7262717485427856
0.9560889005661011
0.46412983536720276
0.500516414642334
0.3895808458328247
0.2701369524002075
0.40237075090408325
0.9909271001815796
0.928726077079773
0.9723713994026184
0.2564275860786438
0.3512421250343323
0.874871551990509
0.259425550699234
0.7895621061325073
0.9781821370124817
0.09966768324375153
0.43475276231765747
0.0069972192868590355
0.3040198087692261
0.941929280757904
0.520967960357666
0.6362830400466919
0.008562515489757061
0.176785409450531
0.7757678627967834
0.47264525294303894
0.9867169857025146
0.5827886462211609
0.8392396569252014
0.9713466167449951
0.4513430595397949
0.6978063583374023
0.7936556339263916
0.4572499096393585
0.46408960223197937
0.1440383493900299
0.539014458656311
0.15175873041152954
0.4240557849407196
0.9949616193771362
0.35208067297935486
0.7578989863395691
0.5341092348098755
0.1613306701183319
0.49804404377937317
0.6899905800819397
0.5145906209945679
0.6761151552200317
0.3527003526687622
0.47699612379074097
0.38288167119026184
0.9034122228622437
0.18719978630542755
0.3294692635536194
0.5364458560943604
0.71969074010849
0.11379405111074448
0.0423492006957531
0.27631938457489014
0.6311945915222168
0.8031677007675171
0.24601511657238007
0.212073415517807
0.06153712794184685
0.6318430304527283
0.7249939441680908
0.24409331381320953
0.7742825746536255
0.5023508071899414
0.2982426881790161
0.40953195095062256
0.4561910927295685
0.03503191098570824
0.30203554034233093
0.24552017450332642
0.0541415810585022
0.782349169254303
0.8519033193588257
0.43391063809394836
0.20143461227416992
0.17537115514278412
0.5584977865219116
0.13428108394145966
0.60965895652771
0.6130685210227966
0.9908640384674072
0.022621726617217064
0.7162412405014038
0.6163440942764282
0.1130322515964508
0.15583810210227966
0.9590286016464233
0.6297857761383057
0.8826049566268921
0.4965939521789551
0.6594871282577515
0.16115398705005646
0.6657360792160034
0.8557959198951721
0.012144386768341064
0.519946813583374
0.9475734233856201
0.1680087447166443
0.22153204679489136
0.6952883005142212
0.3326217830181122
0.85698002576828
0.6530624628067017
0.4788084030151367
0.5576097965240479
0.7429763674736023
0.9501451849937439
0.6821113228797913
0.420570969581604
0.00904108490794897
0.17021207511425018
0.03543243929743767
0.6495582461357117
0.9247162342071533
0.1424769163131714
0.10401131957769394
0.44287729263305664
0.6889480948448181
0.25089943408966064
0.9818857312202454
0.6750268936157227
0.8901302814483643
0.22983665764331818
0.6802231669425964
0.6705468893051147
0.1584009826183319
0.4519778788089752
0.6848703026771545
0.13219158351421356
0.2691536545753479
0.6296564340591431
0.9679134488105774
0.3163328766822815
0.8021863698959351
0.13046488165855408
0.3118494749069214
0.4351567029953003
0.030384954065084457
0.09049388766288757
0.5483684539794922
0.5904335379600525
0.38035035133361816
0.18955998122692108
0.8672462105751038
0.18422529101371765
0.7323719263076782
0.8484899997711182
0.16773606836795807
0.8602747917175293
0.22037535905838013
0.5684188008308411
0.7805131673812866
0.6791850924491882
0.29716727137565613
0.9948393106460571
0.9122030735015869
0.9241552948951721
0.8752015829086304
0.750670850276947
0.7765202522277832
0.5272532105445862
0.17200084030628204
0.5789474844932556
0.9082679748535156
0.8073403239250183
0.3101050555706024
0.8097467422485352
0.3468688428401947
0.8399209380149841
0.9659098982810974
0.9277058243751526
0.5995203256607056
0.07057730108499527
0.12495242804288864
0.9128068685531616
0.4885028302669525
0.6010952591896057
0.7763929963111877
0.13395588099956512
0.6904522180557251
0.35889890789985657
0.12355362623929977
0.7149649262428284
0.05179687961935997
0.7683717608451843
0.8047195672988892
0.13791276514530182
0.16537894308567047
0.04625910520553589
0.6242374777793884
0.7393123507499695
0.5552914142608643
0.08336087316274643
0.9316779375076294
0.7271018624305725
0.8250429630279541
0.4413206875324249
0.37990984320640564
0.40996092557907104
0.3951718211174011
0.8994550704956055
0.5449026823043823
0.8181968331336975
0.7390786409378052
0.15431229770183563
0.039767149835824966
0.1847444325685501
0.9564552307128906
0.06795933842658997
0.261803537607193
0.07379452884197235
0.640148937702179
0.581304669380188
0.8127080798149109
0.7875233888626099
0.9738935828208923
0.7186627984046936
0.9842108488082886
0.8156062960624695
0.3860977590084076
0.4216400682926178
0.14069506525993347
0.8225365877151489
0.1944447159767151
0.22791314125061035
0.9652930498123169
0.3218313157558441
0.08773437887430191
0.17811207473278046
0.9861706495285034
0.24147918820381165
0.12110862880945206
0.6605912446975708
0.9530912637710571
0.4809156358242035
0.9029548168182373
0.8956628441810608
0.6103265881538391
0.4892390966415405
0.46105387806892395
0.011871100403368473
0.5863171219825745
0.31678223609924316
0.15110298991203308
0.9739768505096436
0.5537427663803101
0.9579668045043945
0.8395755887031555
0.6912100315093994
0.39991310238838196
0.98332279920578
0.5284086465835571
0.24084289371967316
0.02751593105494976
0.5184239149093628
0.9671086072921753
0.08775366842746735
0.11995474249124527
0.3360615670681
0.13277651369571686
0.41409218311309814
0.7522333860397339
0.2041969746351242
0.3724195957183838
0.0947231575846672
0.9614618420600891
0.8292262554168701
0.02784343995153904
0.8216691613197327
0.4416072964668274
0.52180016040802
0.25366470217704773
0.8477223515510559
0.768697202205658
0.6282534003257751
0.9553988575935364
0.8527179956436157
0.9107623100280762
0.5628159046173096
0.22921963036060333
0.9994463920593262
0.8785317540168762
0.491436630487442
0.24947254359722137
0.7688997983932495
0.24035972356796265
0.9443238973617554
0.09891889244318008
0.6729578375816345
0.9411744475364685
0.19340752065181732
0.08284074813127518
0.2989543378353119
0.2161777764558792
0.8450830578804016
0.2671175003051758
0.8990014791488647
0.6042173504829407
0.28818604350090027
0.34204038977622986
0.05467424541711807
0.3819596767425537
0.506963849067688
0.5561096668243408
0.22947649657726288
0.191166952252388
0.6461895704269409
0.45444557070732117
0.5532441139221191
0.3766244649887085
0.7329624891281128
0.8632820844650269
0.06330933421850204
0.3487585783004761
0.8180246949195862
0.34130942821502686
0.40190836787223816
0.3625246286392212
0.42155566811561584
0.22100533545017242
0.6748961210250854
0.7276592254638672
0.7334404587745667
0.5138595104217529
0.7070099115371704
0.8260809779167175
0.5108664035797119
0.7743162512779236
0.5484185814857483
0.24696332216262817
0.8748137354850769
0.5753353834152222
0.23983244597911835
0.3092910647392273
0.3574124574661255
0.09383950382471085
0.6919780969619751
0.1523788422346115
0.13377583026885986
0.4272622764110565
0.03118658810853958
0.35873115062713623
0.03231573477387428
0.7186017036437988
0.04002807289361954
0.06217402592301369
0.2670607566833496
0.7693830132484436
0.8377661108970642
0.26559603214263916
0.8396861553192139
0.11299122124910355
0.6150884628295898
0.8645542860031128
0.976301908493042
0.8218778371810913
0.8348226547241211
0.8915572762489319
0.6650713682174683
0.8446637392044067
0.025513187050819397
0.17729537189006805
0.10012008994817734
0.6291990876197815
0.46801188588142395
0.359958678483963
0.17089271545410156
0.6052780747413635
0.044747352600097656
0.3059470057487488
0.8329176902770996
0.7631076574325562
0.7978318333625793
0.6306150555610657
0.717782199382782
0.8873485922813416
0.9200032949447632
0.7647920846939087
0.6509219408035278
0.28647521138191223
0.8432781100273132
0.07655332237482071
0.21182850003242493
0.5952824354171753
0.5851775407791138
0.15370051562786102
0.5539352893829346
0.8753220438957214
0.6926969885826111
0.6958765983581543
0.9207710027694702
0.35396450757980347
0.4593399167060852
0.5970585346221924
0.07964219897985458
0.23983491957187653
0.3485356569290161
0.3318430185317993
0.7859088182449341
0.40400901436805725
0.6982973217964172
0.015146080404520035
0.5612168908119202
0.4554983973503113
0.2217545360326767
0.7647466063499451
0.8293853402137756
0.11774815618991852
0.24642500281333923
0.29521703720092773
0.6593456864356995
0.8317481875419617
0.11701171845197678
0.987561821937561
0.5309880375862122
0.16170145571231842
0.9780666828155518
0.9696685075759888
0.0837056115269661
0.27778857946395874
0.39542868733406067
0.8279855847358704
0.4299857020378113
0.7774390578269958
0.5846197009086609
0.5492737293243408
0.08629797399044037
0.5092904567718506
0.3753514587879181
0.3757454454898834
0.14060890674591064
0.7486976981163025
0.6870082020759583
0.8781382441520691
0.8214346766471863
0.5345537662506104
0.22461113333702087
0.7426291704177856
0.10010804980993271
0.5488676428794861
0.08200966566801071
0.695755124092102
0.5791555643081665
0.6529243588447571
0.37751349806785583
0.7159920930862427
0.1818741410970688
0.5925273895263672
0.8657112717628479
0.6764586567878723
0.8953335285186768
0.7587798237800598
0.9607721567153931
0.6505202054977417
0.30537402629852295
0.25021839141845703
0.5803179144859314
0.8733904361724854
0.1738642454147339
0.5148667693138123
0.10004094988107681
0.8862655758857727
0.5018123388290405
0.6893932223320007
0.035580579191446304
0.10460810363292694
0.3703742027282715
0.37964388728141785
0.45642441511154175
0.5187522768974304
0.06360646337270737
0.6710613965988159
0.24164512753486633
0.31059983372688293
0.4025300443172455
0.39065811038017273
0.7662487626075745
0.08568727970123291
0.9557930827140808
0.32910090684890747
0.1254882961511612
0.39962640404701233
0.41366901993751526
0.5025116205215454
0.018940519541502
0.1338181048631668
0.5022188425064087
0.11769776791334152
0.32900670170783997
0.7715505361557007
0.258585125207901
0.23966799676418304
0.638788640499115
0.43966975808143616
0.2713391184806824
0.8269097805023193
0.9534451961517334
0.4920596480369568
0.5928691625595093
0.24328731000423431
0.7481774091720581
0.5850604772567749
0.4961194097995758
0.3307884633541107
0.09232552349567413
0.17909622192382812
0.9019995331764221
0.5546395778656006
0.0030452017672359943
0.4076925814151764
0.7245523929595947
0.2055462747812271
0.13714799284934998
0.3284297287464142
0.975171685218811
0.05077844113111496
0.8757868409156799
0.6581358909606934
0.1077449843287468
0.32607918977737427
0.4480382800102234
0.5434911251068115
0.40214094519615173
0.9220826625823975
0.531309187412262
0.7583789825439453
0.7888745665550232
0.9133260846138
0.9835653305053711
0.7563340663909912
0.426586389541626
0.913547158241272
0.6172798275947571
0.7085556387901306
0.41982927918434143
0.19031572341918945
0.7955319881439209
0.3136309087276459
0.0704801082611084
0.039643172174692154
0.8419830799102783
0.5106267929077148
0.3843913972377777
0.5823379158973694
0.3172556757926941
0.3005311191082001
0.9005455374717712
0.5581969022750854
0.9948738217353821
0.2490011602640152
0.8566751480102539
0.5360304713249207
0.9635526537895203
0.2810928225517273
0.348939448595047
0.8757034540176392
0.7660295367240906
0.8488153219223022
0.7106903791427612
0.8991460800170898
0.9530871510505676
0.8481091856956482
0.33046838641166687
0.012592226266860962
0.4070630371570587
0.3888639807701111
0.7456534504890442
0.8948123455047607
0.05803216993808746
0.5730804800987244
0.06675117462873459
0.30077221989631653
0.6491481065750122
0.2871542274951935
0.9654983878135681
0.039033275097608566
0.5507733821868896
0.021839704364538193
0.5574539303779602
0.34470516443252563
0.4261166751384735
0.5260223746299744
0.885343074798584
0.3536336421966553
0.035422056913375854
0.8872841596603394
0.6037380695343018
0.30409935116767883
0.760796844959259
0.8435291647911072
0.27179425954818726
0.33807000517845154
0.8686166405677795
0.5927211046218872
0.2078452855348587
0.14355546236038208
0.5335652828216553
0.8155248761177063
0.9712148308753967
0.2850932776927948
0.27810701727867126
0.7293927669525146
0.6392852663993835
0.3005901575088501
0.0010298199485987425
0.7070484757423401
0.9932690858840942
0.9889705181121826
0.24988014996051788
0.18063819408416748
0.20286352932453156
0.786590039730072
0.25148165225982666
0.5261804461479187
0.6447933912277222
0.8865745067596436
0.13229095935821533
0.06973233073949814
0.5229452848434448
0.6039780378341675
0.4303590953350067
0.49179771542549133
0.16065862774848938
0.6115362048149109
0.4150502681732178
0.18249526619911194
0.5601244568824768
0.0029300753958523273
0.13038353621959686
0.9654194712638855
0.5557101964950562
0.5712431073188782
0.716640293598175
0.15858332812786102
0.955102264881134
0.725881040096283
0.23114317655563354
0.100907102227211
0.22748591005802155
0.4248327910900116
0.2068558633327484
0.5396707653999329
0.8186877369880676
0.3742426633834839
0.047699008136987686
0.599064290523529
0.3910304605960846
0.7812126874923706
0.9337432384490967
0.30751511454582214
0.4116613566875458
0.11756177991628647
0.3627726137638092
0.825803816318512
0.8426476716995239
0.4861472249031067
0.2961248755455017
0.7057921290397644
0.3526046574115753
0.5295687317848206
0.29102885723114014
0.33889129757881165
0.05480898916721344
0.4587739109992981
0.3215635418891907
0.2296316772699356
0.23598603904247284
0.1465623825788498
0.3915918171405792
0.31161487102508545
0.2372528463602066
0.9590275287628174
0.5141600370407104
0.0871838629245758
0.4911247491836548
0.5368708372116089
0.26880738139152527
0.017572853714227676
0.6573162078857422
0.7740293741226196
0.8098008632659912
0.2034650593996048
0.6706152558326721
0.6477894186973572
0.21337281167507172
0.40915748476982117
0.6768856644630432
0.7611809372901917
0.7542932629585266
0.19056688249111176
0.219857856631279
0.7878155708312988
0.7014335989952087
0.3242304027080536
0.9165711998939514
0.34589654207229614
0.05923023447394371
0.9801210165023804
0.9874957799911499
0.415475070476532
0.6530306935310364
0.9806463718414307
0.3934480547904968
0.9704939723014832
0.9832196831703186
0.3693123757839203
0.11530294269323349
0.5530545711517334
0.1005900502204895
0.0706491470336914
0.4014255702495575
0.5786617398262024
0.26367589831352234
0.0005634775734506547
0.14191828668117523
0.8098413944244385
0.4379449784755707
0.286866158246994
0.42393502593040466
0.7894282341003418
0.45394167304039
0.9076300263404846
0.4419068396091461
0.08627115190029144
0.6162550449371338
0.6820389032363892
0.3510631322860718
0.013929503969848156
0.3772679567337036
0.30948927998542786
0.674860417842865
0.042764101177453995
0.4787307679653168
0.8603663444519043
0.21184350550174713
0.3228887617588043
0.8867611289024353
0.5162234902381897
0.20766307413578033
0.8262805342674255
0.1239669919013977
0.6541247367858887
0.48617905378341675
0.21418273448944092
0.19688472151756287
0.7122362852096558
0.9132897257804871
0.03908384218811989
0.8606682419776917
0.9635666608810425
0.5558697581291199
0.32040080428123474
0.9613916277885437
0.6078975796699524
0.5412384867668152
0.06559066474437714
0.7983407974243164
0.7665198445320129
0.6720524430274963
0.0093572698533535
0.6774964928627014
0.047803282737731934
0.7872457504272461
0.419465571641922
0.4787443280220032
0.9877869486808777
0.6643074154853821
0.3508288562297821
0.686133623123169
0.5972964763641357
0.5486872792243958
0.8663922548294067
0.9923276305198669
0.16116556525230408
0.7620342373847961
0.561168372631073
0.5209457278251648
0.4422036111354828
0.27175652980804443
0.21040745079517365
0.939763605594635
0.2389233559370041
0.39033472537994385
0.1635669469833374
0.9390453100204468
0.5579900741577148
0.043006446212530136
0.24116438627243042
0.595600426197052
0.42922443151474
0.9572404026985168
0.6949272155761719
0.7156932950019836
0.2790997624397278
0.07816160470247269
0.49062252044677734
0.9585415720939636
0.5455734133720398
0.8313664793968201
0.6152018308639526
0.41694411635398865
0.24062207341194153
0.532305121421814
0.7586732506752014
0.5363563299179077
0.26549601554870605
0.04141756892204285
0.009809842333197594
0.48487451672554016
0.7256684303283691
0.9457308053970337
0.6295886039733887
0.5531659126281738
0.3028503954410553
0.4498644173145294
0.24487562477588654
0.6643500328063965
0.8516101837158203
0.3643912374973297
0.3830944895744324
0.35884132981300354
0.5198812484741211
0.966664731502533
0.4259815514087677
0.4855571389198303
0.9667432904243469
0.14108893275260925
0.6842198371887207
0.7969984412193298
0.09679611027240753
0.6868608593940735
0.12168754637241364
0.6007151007652283
0.6002163887023926
0.5944356918334961
0.9142234325408936
0.41188132762908936
0.3292219042778015
0.6078726649284363
0.4533558487892151
0.38958725333213806
0.4007683992385864
0.9838014841079712
0.8778194189071655
0.244965061545372
0.9745849967002869
0.556376576423645
0.6496006846427917
0.8550636172294617
0.647908091545105
0.32824981212615967
0.597130537033081
0.11403226107358932
0.42844247817993164
0.3234199285507202
0.6508487462997437
0.15447035431861877
0.2145615816116333
0.834351122379303
0.30258306860923767
0.8092077970504761
0.02252485416829586
0.25101932883262634
0.8821856379508972
0.3488623797893524
0.07763653993606567
0.5073964595794678
0.6678531169891357
0.4716852605342865
0.16551844775676727
0.46947553753852844
0.29758521914482117
0.15597452223300934
0.004640234634280205
0.4155297875404358
0.9756211042404175
0.7109049558639526
0.19848813116550446
0.4535953998565674
0.43579035997390747
0.9934731721878052
0.32004040479660034
0.45969805121421814
0.011164066381752491
0.9354517459869385
0.6132054924964905
0.5904878377914429
0.21282972395420074
0.1308128535747528
0.0169020127505064
0.19828125834465027
0.45639538764953613
0.8928420543670654
0.15886789560317993
0.7660793662071228
0.01471635326743126
0.41488775610923767
0.004748921375721693
0.706457793712616
0.7833362221717834
0.4221353530883789
0.3464248478412628
0.18404217064380646
0.508644163608551
0.6822144985198975
0.2529006600379944
0.6122170090675354
0.31642448902130127
0.13156607747077942
0.8681961297988892
0.4808152914047241
0.0188316497951746
0.40118706226348877
0.031123511493206024
0.920278787612915
0.34567898511886597
0.5599709153175354
0.8684471249580383
0.62068772315979
0.6186057925224304
0.824806272983551
0.5177491903305054
0.7507645487785339
0.6767169237136841
0.10633870214223862
0.1024128869175911
0.20563918352127075
0.027767661958932877
0.13622993230819702
0.36967459321022034
0.6139276623725891
0.08196611702442169
0.9848836660385132
0.741591215133667
0.7698659896850586
0.5138503313064575
0.6160488724708557
0.9471326470375061
0.36425697803497314
0.35426080226898193
0.6687602400779724
0.1831088364124298
0.1338270604610443
0.7214415669441223
0.5315786004066467
0.3859330415725708
0.9224168062210083
0.9206924438476562
0.014721870422363281
0.9476343989372253
0.4929760694503784
0.10287513583898544
0.2780510187149048
0.6040289998054504
0.807138204574585
0.02227037213742733
0.14394617080688477
0.9064856171607971
0.4732622802257538
0.533102810382843
0.3635613024234772
0.8764026165008545
0.42621731758117676
0.6152399182319641
0.3617410659790039
0.9764201045036316
0.061061181128025055
0.2870855927467346
0.5431125164031982
0.8505306243896484
0.4368395209312439
0.1489315927028656
0.5549931526184082
0.9158430099487305
0.48223167657852173
0.2724376320838928
0.0011085724690929055
0.3085363805294037
0.7858429551124573
0.49849969148635864
0.2165887951850891
0.39861464500427246
0.34317633509635925
0.245293989777565
0.13049998879432678
0.24539975821971893
0.8418565392494202
0.42379432916641235
0.11118265241384506
0.8236351609230042
0.6121846437454224
0.288345068693161
0.4673435091972351
0.2823120653629303
0.7873885035514832
0.20190614461898804
0.2843005061149597
0.1833200305700302
0.9837141036987305
0.8078347444534302
0.13864918053150177
0.026862891390919685
0.045312266796827316
0.21860374510288239
0.8366228938102722
0.5520203709602356
0.9665823578834534
0.6304333209991455
0.7827008366584778
0.6196200847625732
0.296688437461853
0.510410487651825
0.08671321719884872
0.12075547128915787
0.4228908121585846
0.7340928912162781
0.6737194657325745
0.8064606785774231
0.503549337387085
0.7294345498085022
0.04954036697745323
0.16161741316318512
0.5213602185249329
0.21473214030265808
0.6794464588165283
0.6307590007781982
0.612006425857544
0.5575818419456482
0.9395323991775513
0.9823532104492188
0.0736880898475647
0.866672694683075
0.6073502898216248
0.2202816754579544
0.6185178756713867
0.9049756526947021
0.7914546728134155
0.8104062676429749
0.9468143582344055
0.8793191313743591
0.8704798221588135
0.39142540097236633
0.8236918449401855
0.41866418719291687
0.4521799087524414
0.11224985122680664
0.6699572205543518
0.3821311891078949
0.6218979358673096
0.7364999651908875
0.11203859746456146
0.6311290264129639
0.2768373191356659
0.4430413842201233
0.9555811285972595
0.9832419753074646
0.34294354915618896
0.5421296954154968
0.9461126327514648
0.003216788172721863
0.053317341953516006
0.4856721758842468
0.42220786213874817
0.7106068730354309
0.8447089195251465
0.5589666366577148
0.878886878490448
0.020247381180524826
0.26671311259269714
0.8268976211547852
0.2612667381763458
0.0007830755785107613
0.47506028413772583
0.8539903163909912
0.21742689609527588
0.976260244846344
0.03181810304522514
0.12255161255598068
0.20299355685710907
0.9944429993629456
0.9539843797683716
0.9166289567947388
0.40479373931884766
0.1169150099158287
0.9140654802322388
0.2747425436973572
0.9831317067146301
0.19241999089717865
0.23980693519115448
0.46243876218795776
0.20429831743240356
0.23623372614383698
0.36024367809295654
0.8825458288192749
0.617079496383667
0.4816763997077942
0.6479578614234924
0.5011821389198303
0.6046386361122131
0.8203080892562866
0.40791329741477966
0.30128440260887146
0.4206691086292267
0.16689899563789368
0.9879817366600037
0.5715484619140625
0.38183653354644775
0.3698136806488037
0.1702573448419571
0.9377896785736084
0.7656951546669006
0.35393238067626953
0.7983930706977844
0.9012649059295654
0.3657955527305603
0.7067654132843018
0.5660924911499023
0.8087396621704102
0.3690609931945801
0.6736752986907959
0.9357774257659912
0.15985776484012604
0.3806725740432739
0.9051594734191895
0.824230968952179
0.25399112701416016
0.14244063198566437
0.8037059903144836
0.053207509219646454
0.7034342288970947
0.4092366099357605
0.6050035953521729
0.4101709723472595
0.9025198817253113
0.23388871550559998
0.2573966085910797
0.5332799553871155
0.6150269508361816
0.9407572746276855
0.6445944309234619
0.26625460386276245
0.7512610554695129
0.0820344015955925
0.9572141766548157
0.929305374622345
0.8843822479248047
0.8198115229606628
0.8197669982910156
0.867917001247406
0.621675431728363
0.00955790001899004
0.4143972396850586
0.935245931148529
0.2959768772125244
0.19520840048789978
0.9064189791679382
0.7709224224090576
0.9268326163291931
0.01521157193928957
0.858985424041748
0.4594615697860718
0.3977653682231903
0.5952453017234802
0.31029659509658813
0.45726269483566284
0.247562974691391
0.46796733140945435
0.4953189194202423
0.500641942024231
0.04359782487154007
0.6426146030426025
0.42191794514656067
0.6344607472419739
0.5619334578514099
0.8669949769973755
0.6749616265296936
0.8257433176040649
0.05562397465109825
0.09185068309307098
0.4504263997077942
0.6482241153717041
0.4543801248073578
0.6132042407989502
0.7140871286392212
0.9476432204246521
0.9396852850914001
0.5062536001205444
0.5479909777641296
0.3968494236469269
0.9869086146354675
0.24125781655311584
0.42716988921165466
0.7849797010421753
0.4932762086391449
0.7763867378234863
0.8360883593559265
0.010146038606762886
0.8113996386528015
0.7743746638298035
0.4563577175140381
0.7530258297920227
0.6072734594345093
0.6282647252082825
0.9904219508171082
0.9825375080108643
0.35641875863075256
0.07319066673517227
0.3189210593700409
0.37677866220474243
0.36774200201034546
0.7088038921356201
0.9859572052955627
0.14247839152812958
0.7822720408439636
0.06699194759130478
0.20401400327682495
0.15078110992908478
0.4378345310688019
0.7762053608894348
0.36231529712677
0.41134777665138245
0.5705632567405701
0.8832350969314575
0.11404837667942047
0.2491399347782135
0.8438339233398438
0.39251819252967834
0.09904329478740692
0.41376128792762756
0.5661014914512634
0.7720240950584412
0.2021731436252594
0.8155815005302429
0.7223122119903564
0.39699578285217285
0.9677992463111877
0.26248031854629517
0.18230286240577698
0.5277630686759949
0.12350817769765854
0.31422287225723267
0.9379919171333313
0.48334088921546936
0.8258888125419617
0.09311649948358536
0.44896113872528076
0.08313024044036865
0.2784591317176819
0.8402087092399597
0.014631880447268486
0.7113679647445679
0.008540524169802666
0.5235990285873413
0.05401017889380455
0.727209210395813
0.7681366205215454
0.15698419511318207
0.27720096707344055
0.9721884727478027
0.8669862151145935
0.24290798604488373
0.9363165497779846
0.4523587226867676
0.4573276937007904
0.5916216373443604
0.7724629640579224
0.662651538848877
0.41528546810150146
0.3817332684993744
0.12586234509944916
0.40153768658638
0.2563237249851227
0.17878463864326477
0.3523716926574707
0.4382994771003723
0.7272242903709412
0.3530230224132538
0.7061740756034851
0.3306434750556946
0.5111176371574402
0.3498972952365875
0.16682220995426178
0.11615829914808273
0.8637223839759827
0.5422623753547668
0.7389841079711914
0.8136464953422546
0.36197423934936523
0.9323655366897583
0.7111511826515198
0.0633854791522026
0.449110209941864
0.29299551248550415
0.7587074637413025
0.2067023664712906
0.9404982924461365
0.09150131791830063
0.591221272945404
0.8251937627792358
0.6971514821052551
0.034250468015670776
0.4361770749092102
0.7017556428909302
0.09867489337921143
0.9591151475906372
0.6777099967002869
0.2536332607269287
0.5440834760665894
0.59257572889328
0.21868681907653809
0.21512971818447113
0.052277758717536926
0.38514256477355957
0.058802906423807144
0.6052915453910828
0.5581643581390381
0.3045055866241455
0.25180572271347046
0.026820937171578407
0.8730118870735168
0.7316029667854309
0.6672788858413696
0.015583883970975876
0.7432565093040466
0.05965852364897728
0.7496926784515381
0.478506475687027
0.6427860856056213
0.34974226355552673
0.6203197836875916
0.19009067118167877
0.9053561687469482
0.7545000910758972
0.14905686676502228
0.25055965781211853
0.9095083475112915
0.952111542224884
0.5910906791687012
0.7974330186843872
0.7764195203781128
0.41026026010513306
0.10278566926717758
0.16957423090934753
0.8627936244010925
0.30032217502593994
0.8414241671562195
0.2712267339229584
0.4881555140018463
0.8816426992416382
0.3794015645980835
0.6548487544059753
0.5749647617340088
0.7110601663589478
0.6364545226097107
0.5860366225242615
0.7709770798683167
0.27066314220428467
0.30545878410339355
0.23124556243419647
0.6082472205162048
0.5709056854248047
0.2330467253923416
0.20621825754642487
0.4295094907283783
0.5113181471824646
0.9453487396240234
0.697230339050293
0.7260445356369019
0.3636777997016907
0.9140252470970154
0.38259628415107727
0.4849456250667572
0.01727435551583767
0.6462613344192505
0.9693945646286011
0.45229724049568176
0.22375039756298065
0.4433991312980652
0.5165326595306396
0.6398511528968811
0.4267122745513916
0.20293590426445007
0.14555421471595764
0.14802850782871246
0.5723962187767029
0.7951036691665649
0.11070665717124939
0.16928237676620483
0.05963192135095596
0.8082775473594666
0.17419929802417755
0.9732427597045898
0.4045882821083069
0.7712374925613403
0.029322948306798935
0.5572956800460815
0.6383803486824036
0.7687579989433289
0.7996853590011597
0.9849730134010315
0.9633457660675049
0.5129075050354004
0.24845708906650543
0.4594346582889557
0.21495071053504944
0.468521386384964
0.8625044226646423
0.582050621509552
0.8177925944328308
0.05570409074425697
0.4658999741077423
0.45043322443962097
0.4923691749572754
0.5490320920944214
0.12317758053541183
0.4506116509437561
0.12553325295448303
0.12965694069862366
0.8987784385681152
0.29020243883132935
0.8543763160705566
0.9932737350463867
0.7736200094223022
0.5069236159324646
0.21891438961029053
0.6638942360877991
0.4464598000049591
0.4873175621032715
0.5629068613052368
0.7929776310920715
0.7697741389274597
0.031504422426223755
0.730739951133728
0.20015808939933777
0.45201611518859863
0.8510578274726868
0.7229000329971313
0.558399498462677
0.1770096868276596
0.6546963453292847
0.6724262237548828
0.6614052653312683
0.3462204933166504
0.27781352400779724
0.08450910449028015
0.06977104395627975
0.41665780544281006
0.8170700669288635
0.7091065049171448
0.9349145889282227
0.8572632670402527
0.7449033856391907
0.9638748168945312
0.9335854053497314
0.753300130367279
0.7000837326049805
0.3357182443141937
0.0795510783791542
0.7602563500404358
0.7902032732963562
0.00406111404299736
0.32919830083847046
0.3507591187953949
0.7475130558013916
0.2594720721244812
0.8395619988441467
0.18217292428016663
0.8946929574012756
0.7094607949256897
0.30863451957702637
0.1266237497329712
0.5789235830307007
0.14177574217319489
0.7846408486366272
0.09157643467187881
0.6938279271125793
0.04749725013971329
0.9631891846656799
0.2974298596382141
0.8248369097709656
0.8059837222099304
0.31466594338417053
0.7284603714942932
0.6749973893165588
0.09136147797107697
0.5847776532173157
0.23843859136104584
0.7365429401397705
0.12862668931484222
0.20112669467926025
0.4616275727748871
0.049296632409095764
0.8951586484909058
0.694999635219574
0.11915883421897888
0.6487879157066345
0.45616811513900757
0.742272675037384
0.8962287306785583
0.9407026171684265
0.30517736077308655
0.8296205997467041
0.9826551675796509
0.6389203071594238
0.030567344278097153
0.696537435054779
0.6061302423477173
0.23478206992149353
0.5285749435424805
0.6387796401977539
0.7940565943717957
0.9698641896247864
0.7559703588485718
0.9772466421127319
0.5214406847953796
0.37554359436035156
0.3363368511199951
0.8018162846565247
0.8641645312309265
0.32394322752952576
0.7712197303771973
0.8159146308898926
0.8298327326774597
0.3483949303627014
0.6879152655601501
0.3580508530139923
0.7520219087600708
0.8336248397827148
0.0017817342886701226
0.9272703528404236
0.3811306655406952
0.8833922147750854
0.4543779492378235
0.8153232932090759
0.8810109496116638
0.3779601454734802
0.645563006401062
0.9741143584251404
0.35609370470046997
0.01173008605837822
0.8219266533851624
0.15180225670337677
0.6124716401100159
0.3300994038581848
0.9918487668037415
0.903878390789032
0.08912213891744614
0.16383133828639984
0.8931304216384888
0.07158267498016357
0.10570736974477768
0.7207049131393433
0.5345442891120911
0.8960927128791809
0.9917199015617371
0.309173047542572
0.7029021382331848
0.8597920536994934
0.23658417165279388
0.47068262100219727
0.7756787538528442
0.583700954914093
0.5289697051048279
0.37283197045326233
0.835287868976593
0.16800466179847717
0.8148318529129028
0.02511308528482914
0.9000089168548584
0.5465558767318726
0.3021315932273865
0.6313642859458923
0.4008491039276123
0.7706727981567383
0.6763594150543213
0.8195326328277588
0.8352823853492737
0.13815833628177643
0.7704381346702576
0.7665305733680725
0.11892212927341461
0.5017427802085876
0.4195545017719269
0.41998642683029175
0.8605804443359375
0.7522915601730347
0.8605281710624695
0.11886950582265854
0.09794943034648895
0.03898042067885399
0.17033137381076813
0.36536818742752075
0.14487913250923157
0.1711815446615219
0.3017994463443756
0.5880441665649414
0.8344835042953491
0.9287778735160828
0.49992477893829346
0.06494135409593582
0.6033929586410522
0.9468210339546204
0.5101879239082336
0.8633332252502441
0.1598464548587799
0.2554384768009186
0.6635914444923401
0.17541424930095673
0.8928279280662537
0.43490439653396606
0.850519061088562
0.484748899936676
0.7181575298309326
0.4917506277561188
0.09579072147607803
0.5509606003761292
0.9067049622535706
0.7104170918464661
0.3048325479030609
0.23636892437934875
0.8406127691268921
0.3175031244754791
0.5283528566360474
0.19946251809597015
0.40282580256462097
0.13884641230106354
0.3392677307128906
0.9383334517478943
0.7369911074638367
0.8109093904495239
0.3116481304168701
0.20702585577964783
0.21662737429141998
0.5781197547912598
0.5579130053520203
0.6621905565261841
0.8582136631011963
0.508751392364502
0.4389472007751465
0.8520827889442444
0.40314242243766785
0.2507798671722412
0.1235819086432457
0.17306721210479736
0.6680569648742676
0.5024803876876831
0.8202150464057922
0.7776524424552917
0.23694895207881927
0.7704178094863892
0.5686875581741333
0.9815198183059692
0.723615288734436
0.12180740386247635
0.0019523793598636985
0.6197440028190613
0.06189463287591934
0.08267612755298615
0.7404036521911621
0.5348133444786072
0.24498049914836884
0.0699753686785698
0.14257006347179413
0.8080997467041016
0.48228392004966736
0.33713993430137634
0.8094836473464966
0.6127070188522339
0.42627137899398804
0.8768398761749268
0.8599094152450562
0.3058926463127136
0.436130166053772
0.5565325021743774
0.9198192954063416
0.5789289474487305
0.21457336843013763
0.5386700630187988
0.04149290919303894
0.8318949937820435
0.6794453859329224
0.0302931796759367
0.16989116370677948
0.10002199560403824
0.025921722874045372
0.33206549286842346
0.0504227913916111
0.8801883459091187
0.6001070737838745
0.45877519249916077
0.8697087168693542
0.0031830635853111744
0.646843671798706
0.09609727561473846
0.5369066596031189
0.7905793190002441
0.63471519947052
0.26893383264541626
0.0011933236382901669
0.5367233157157898
0.25511568784713745
0.23645596206188202
0.09861274808645248
0.19790144264698029
0.37640923261642456
0.6640068888664246
0.7083155512809753
0.1342218965291977
0.7540829181671143
0.07606198638677597
0.16790613532066345
0.30333033204078674
0.8694102168083191
0.2654063403606415
0.5676919221878052
0.87330561876297
0.5984017252922058
0.5862149000167847
0.10107544809579849
0.2793945372104645
0.5959775447845459
0.6260035037994385
0.307637095451355
0.33704498410224915
0.08741720765829086
0.637783944606781
0.6468517184257507
0.23294597864151
0.6641625165939331
0.47293558716773987
0.5391215085983276
0.682701826095581
0.9069617390632629
0.3000223636627197
0.19530370831489563
0.5011043548583984
0.036220453679561615
0.9584072232246399
0.9092413187026978
0.2885759472846985
0.701944887638092
0.6246656179428101
0.15142174065113068
0.1575019508600235
0.4051284193992615
0.4549020826816559
0.6810272336006165
0.14949175715446472
0.1759626716375351
0.34431299567222595
0.2921387553215027
0.5436012148857117
0.9448747038841248
0.16564905643463135
0.7194017767906189
0.44107529520988464
0.007078591734170914
0.8920058608055115
0.8980746269226074
0.1487518846988678
0.7711224555969238
0.9031921625137329
0.18290925025939941
0.8576414585113525
0.8060435652732849
0.7682285904884338
0.37459710240364075
0.48046568036079407
0.35577359795570374
0.9344356060028076
0.5119255185127258
0.6051456928253174
0.8170286417007446
0.15355108678340912
0.2614317238330841
0.5691988468170166
0.5215073227882385
0.35954341292381287
0.769437849521637
0.7330408692359924
0.29883769154548645
0.9132330417633057
0.8334252238273621
0.5578842163085938
0.8707770705223083
0.5173000693321228
0.262157678604126
0.45984238386154175
0.08141330629587173
0.28644517064094543
0.9074316620826721
0.6457733511924744
0.9664861559867859
0.5105520486831665
0.7420873641967773
0.16648553311824799
0.6857645511627197
0.11690636724233627
0.9068014621734619
0.030979661270976067
0.3873319923877716
0.8420518040657043
0.16387100517749786
0.6581855416297913
0.02947648987174034
0.06952182203531265
0.2434478998184204
0.35554438829421997
0.007915112189948559
0.4293486177921295
0.616157054901123
0.9683635830879211
0.21819429099559784
0.005820294376462698
0.5554503798484802
0.9518886804580688
0.9632023572921753
0.8731482028961182
0.9257126450538635
0.6160744428634644
0.15904849767684937
0.5723893642425537
0.21391607820987701
0.23552057147026062
0.02610092982649803
0.843106746673584
0.7796247005462646
0.9534181952476501
0.6496833562850952
0.39924609661102295
0.48865601420402527
0.8117448687553406
0.40118005871772766
0.8443745970726013
0.9433513879776001
0.6953842639923096
0.23077404499053955
0.7720264792442322
0.36452484130859375
0.007111747283488512
0.1019476056098938
0.1002923771739006
0.21123775839805603
0.876505434513092
0.852604329586029
0.37990692257881165
0.9158371090888977
0.9313253164291382
0.7293995022773743
0.24091662466526031
0.23001150786876678
0.5172992944717407
0.06560253351926804
0.12107988446950912
0.6895871162414551
0.274596631526947
0.6951979398727417
0.4089510142803192
0.9609957337379456
0.9459410905838013
0.9893968105316162
0.6508025527000427
0.6916073560714722
0.9428005218505859
0.25505614280700684
0.9558024406433105
0.8821834325790405
0.7947505116462708
0.5045648813247681
0.08745729923248291
0.2119240015745163
0.4196571111679077
0.9571073651313782
0.48433157801628113
0.27448979020118713
0.8284571766853333
0.27511054277420044
0.6999298930168152
0.9309283494949341
0.8084731698036194
0.8112788796424866
0.5558480620384216
0.7076471447944641
0.15349961817264557
0.9159082174301147
0.4362134039402008
0.4679105281829834
0.41906964778900146
0.6017491221427917
0.6319189071655273
0.4314403831958771
0.3508998453617096
0.48796337842941284
0.06329640001058578
0.0628477931022644
0.8932450413703918
0.3931248188018799
0.822151780128479
0.44771242141723633
0.992621123790741
0.0735119953751564
0.6489823460578918
0.2662036120891571
0.11542611569166183
0.6038540601730347
0.6195798516273499
0.10264495015144348
0.5676398873329163
0.9813392758369446
0.3669793903827667
0.6320036053657532
0.9026549458503723
0.45893752574920654
0.08979304134845734
0.027518054470419884
0.4325578212738037
0.5977782011032104
0.9574809670448303
0.9249274134635925
0.018428904935717583
0.5405508875846863
0.15018142759799957
0.9657026529312134
0.6418135762214661
0.03320511430501938
0.017785143107175827
0.8609541058540344
0.36326152086257935
0.9959666132926941
0.12186633050441742
0.4997994601726532
0.2678142786026001
0.5110783576965332
0.9920945763587952
0.08512092381715775
0.7740002870559692
0.04999563470482826
0.6143849492073059
0.9824569821357727
0.3366001546382904
0.03869645670056343
0.615650475025177
0.9128990769386292
0.39159440994262695
0.04982063174247742
0.00958438590168953
0.3930264711380005
0.953984797000885
0.06359192728996277
0.8742038011550903
0.2977059781551361
0.03700230270624161
0.9936850666999817
0.21594466269016266
0.16298778355121613
0.4847370684146881
0.8988010287284851
0.15157338976860046
0.3243747353553772
0.8473354578018188
0.9044163823127747
0.2158968150615692
0.4800451397895813
0.5532326102256775
0.43444332480430603
0.07500660419464111
0.15521562099456787
0.31851401925086975
0.1506398469209671
0.5650845170021057
0.35697463154792786
0.9120067954063416
0.0027338929940015078
0.011024917475879192
0.20680448412895203
0.6154606938362122
0.9892529845237732
0.4011784791946411
0.7668232321739197
0.34021756052970886
0.6258158087730408
0.29305368661880493
0.26886701583862305
0.5353682041168213
0.18412907421588898
0.8680031895637512
0.2725907266139984
0.6485625505447388
0.06382058560848236
0.1111086905002594
0.48322272300720215
0.8649794459342957
0.06228341534733772
0.4976579546928406
0.6856211423873901
0.4922553300857544
0.7881933450698853
0.7199112176895142
0.8191072344779968
0.1691058725118637
0.21116892993450165
0.27037495374679565
0.08404204249382019
0.10510502755641937
0.043469224125146866
0.7161027789115906
0.8880525827407837
0.2309451401233673
0.33848825097084045
0.17934772372245789
0.2730318307876587
0.45744526386260986
0.3007568418979645
0.013163289055228233
0.8394982218742371
0.7246133089065552
0.2501973807811737
0.9949898719787598
0.13552357256412506
0.34940341114997864
0.6234754920005798
0.46113577485084534
0.19287478923797607
0.004417203366756439
0.4044164717197418
0.14311476051807404
0.7749962210655212
0.27680957317352295
0.48000288009643555
0.7885373830795288
0.2658917307853699
0.4433997571468353
0.43045705556869507
0.9132617115974426
0.5561500191688538
0.8313082456588745
0.1645839810371399
0.35437098145484924
0.0011633277172222733
0.8672921657562256
0.8829694390296936
0.9795674681663513
0.8940754532814026
0.13377179205417633
0.3996579945087433
0.35428622364997864
0.004964884836226702
0.6113482713699341
0.8922767639160156
0.4598546326160431
0.9024741649627686
0.8225157856941223
0.1797371208667755
0.14471039175987244
0.07479533553123474
0.4062703549861908
0.9385377168655396
0.2231939733028412
0.08184041827917099
0.893395721912384
0.614598274230957
0.5547173023223877
0.6008126735687256
0.08040811121463776
0.5841951370239258
0.5665718913078308
0.14441737532615662
0.12341565638780594
0.9815618991851807
0.1789686679840088
0.7041887044906616
0.3094958961009979
0.5035926699638367
0.9495718479156494
0.8476595282554626
0.24410633742809296
0.4261770248413086
0.7669271230697632
0.3429589569568634
0.30569565296173096
0.8300871253013611
0.8598155379295349
0.16242896020412445
0.7487030029296875
0.7796803712844849
0.42542263865470886
0.9680095911026001
0.21383211016654968
0.8899033069610596
0.7891092896461487
0.1224285289645195
0.4849262237548828
0.05183418467640877
0.48374536633491516
0.6305612921714783
0.5512992143630981
0.5969515442848206
0.7638345956802368
0.9721904993057251
0.4947865605354309
0.01193142868578434
0.053091343492269516
0.8845639824867249
0.6253465414047241
0.11809255182743073
0.930904746055603
0.8194550275802612
0.34742623567581177
0.4421212077140808
0.3773598372936249
0.4103342294692993
0.7014389038085938
0.9697603583335876
0.9709432125091553
0.9969354867935181
0.5698458552360535
0.845195472240448
0.6327988505363464
0.09376484155654907
0.6917461156845093
0.8479294180870056
0.23941081762313843
0.9465624690055847
0.723127007484436
0.6016778945922852
0.2301824390888214
0.874751091003418
0.6333411931991577
0.30889007449150085
0.6120360493659973
0.2123066782951355
0.6190347075462341
0.7819381952285767
0.26484641432762146
0.8321144580841064
0.2728261649608612
0.3254458010196686
0.029837554320693016
0.016004284843802452
0.7827510237693787
0.49971023201942444
0.40247294306755066
0.5601384043693542
0.6085507869720459
0.003123590722680092
0.20137132704257965
0.02356734126806259
0.5848939418792725
0.8646905422210693
0.12572911381721497
0.18226902186870575
0.7674202919006348
0.5887032747268677
0.16251838207244873
0.48701807856559753
0.8908988237380981
0.8311656713485718
0.27143552899360657
0.20223723351955414
0.4614831507205963
0.7321391701698303
0.40899744629859924
0.9422235488891602
0.7722543478012085
0.6805793642997742
0.9599054455757141
0.8060310482978821
0.9339599609375
0.010666066780686378
0.5556911826133728
0.8618353605270386
0.7882125973701477
0.66142338514328
0.8171517848968506
0.01068620290607214
0.1637050062417984
0.805485725402832
0.932387113571167
0.28974947333335876
0.5541688799858093
0.15679535269737244
0.8494722247123718
0.6751962304115295
0.783215343952179
0.750221312046051
0.8656731843948364
0.47314924001693726
0.43453869223594666
0.6819970011711121
0.1900039166212082
0.21046246588230133
0.648284912109375
0.8449782133102417
0.09377580881118774
0.16508962213993073
0.5918834209442139
0.04040142521262169
0.1845039576292038
0.9238288998603821
0.9142732620239258
0.6851606965065002
0.01944991946220398
0.19110840559005737
0.8088916540145874
0.46104633808135986
0.7702347636222839
0.14618873596191406
0.3315318822860718
0.00532545754685998
0.46461325883865356
0.3104189932346344
0.3928033113479614
0.5773186683654785
0.24069844186306
0.019120417535305023
0.16774620115756989
0.13997621834278107
0.7649409770965576
0.7646011710166931
0.8917361497879028
0.15183979272842407
0.16423682868480682
0.037940263748168945
0.40386608242988586
0.9699575901031494
0.59903484582901
0.9753954410552979
0.12698864936828613
0.8464102149009705
0.5013898611068726
0.6029061675071716
0.09763112664222717
0.5144158005714417
0.6511524319648743
0.45895054936408997
0.4991500973701477
0.685667097568512
0.18376684188842773
0.5031964778900146
0.8934088349342346
0.8560747504234314
0.07982932776212692
0.13374827802181244
0.7555882930755615
0.9345861077308655
0.04957260563969612
0.5702849626541138
0.485791951417923
0.8970166444778442
0.32586923241615295
0.8202599287033081
0.8765805959701538
0.6289022564888
0.20139867067337036
0.5131964683532715
0.016369247809052467
0.24706405401229858
0.36425429582595825
0.6245439052581787
0.2801135182380676
0.22899749875068665
0.5979627966880798
0.1387341171503067
0.25243186950683594
0.16799049079418182
0.7834210991859436
0.7740063667297363
0.5722753405570984
0.41378340125083923
0.13263168931007385
0.7904492020606995
0.7643191814422607
0.058863550424575806
0.787265419960022
0.06939136236906052
0.23172274231910706
0.8356404304504395
0.8767669796943665
0.6390892863273621
0.07122305780649185
0.10349727421998978
0.6690995097160339
0.4821817874908447
0.21922831237316132
0.43490907549858093
0.420863538980484
0.5247244238853455
0.5619146823883057
0.5268852710723877
0.10039300471544266
0.21057824790477753
0.9027069807052612
0.14916422963142395
0.11669863015413284
0.1661931425333023
0.8527158498764038
0.33153510093688965
0.6699171662330627
0.9622690677642822
0.3347034156322479
0.3796440362930298
0.8870150446891785
0.23811288177967072
0.13660936057567596
0.9457901120185852
0.6028498411178589
0.4772011339664459
0.5184999704360962
0.4461192786693573
0.7903499603271484
0.905403196811676
0.01627165637910366
0.7020859122276306
0.703967273235321
0.3866593539714813
0.42541301250457764
0.9856165051460266
0.7652644515037537
0.6136935949325562
0.4522208571434021
0.4692149758338928
0.6252637505531311
0.5425736308097839
0.6608362793922424
0.5579161643981934
0.9898078441619873
0.26282718777656555
0.35251253843307495
0.9273479580879211
0.2405233085155487
0.8661481738090515
0.5564970374107361
0.7031893730163574
0.29419076442718506
0.033329322934150696
0.026876194402575493
0.8850570321083069
0.7423945665359497
0.5019863247871399
0.8752665519714355
0.569823145866394
0.5976420640945435
0.42941656708717346
0.16821303963661194
0.7443761229515076
0.6979252696037292
0.836628258228302
0.22977448999881744
0.24349351227283478
0.891277015209198
0.6320995092391968
0.05122913420200348
0.8994527459144592
0.9557637572288513
0.980711817741394
0.11780864745378494
0.6874810457229614
0.48994219303131104
0.6228402256965637
0.4133830666542053
0.8550215363502502
0.48722851276397705
0.23705078661441803
0.508089005947113
0.1394573599100113
0.9477114081382751
0.6141006946563721
0.9433915019035339
0.7768323421478271
0.3189874291419983
0.37696537375450134
0.1323835849761963
0.2679813802242279
0.9610210657119751
0.502112865447998
0.09445495903491974
0.7392472624778748
0.022088203579187393
0.9201648235321045
0.6697591543197632
0.06120758503675461
0.21740636229515076
0.484025239944458
0.2255544662475586
0.1027166023850441
0.12788859009742737
0.01653446815907955
0.4743579030036926
0.174672931432724
0.5138830542564392
0.0865553766489029
0.13735532760620117
0.8083266019821167
0.08560703694820404
0.2118106633424759
0.032355304807424545
0.7298157215118408
0.21105597913265228
0.6104167699813843
0.7795131206512451
0.49783530831336975
0.9690580368041992
0.040132228285074234
0.09239090234041214
0.9607044458389282
0.391495019197464
0.4595686197280884
0.2779063284397125
0.16382504999637604
0.3101717531681061
0.4246954321861267
0.7464056015014648
0.9025754928588867
0.1084432303905487
0.2379784733057022
0.588971734046936
0.945320188999176
0.4734131395816803
0.9433823227882385
0.458478182554245
0.5334599614143372
0.020754626020789146
0.3189786970615387
0.5452552437782288
0.822663426399231
0.5837579369544983
0.403650164604187
0.8097905516624451
0.12322419881820679
0.10137373954057693
0.4304933249950409
0.9108266830444336
0.8696695566177368
0.7271580696105957
0.7110562920570374
0.6470394730567932
0.88334059715271
0.103148452937603
0.40987107157707214
0.0747712254524231
0.7438556551933289
0.5834897756576538
0.9720261096954346
0.8629706501960754
0.5654212832450867
0.31344443559646606
0.43395981192588806
0.787994921207428
0.9996981024742126
0.4198112487792969
0.5762311816215515
0.3216434419155121
0.5475619435310364
0.0033410859759896994
0.8032670617103577
0.7714552283287048
0.7548300623893738
0.6851704716682434
0.9695914387702942
0.08418022841215134
0.05555874481797218
0.46203508973121643
0.3089434802532196
0.26284146308898926
0.26448583602905273
0.9195203185081482
0.21955928206443787
0.7029194235801697
0.42528313398361206
0.9653869271278381
0.10179142653942108
0.42265379428863525
0.9514622688293457
0.45017722249031067
0.22111494839191437
0.9368852972984314
0.29741671681404114
0.7537168264389038
0.03827082738280296
0.10878816992044449
0.7684433460235596
0.7408566474914551
0.9636456966400146
0.025789955630898476
0.2664925158023834
0.9117146730422974
0.4324806332588196
0.06947921961545944
0.8479521870613098
0.17431433498859406
0.9884706735610962
0.5251220464706421
0.7444394826889038
0.9732066988945007
0.19652320444583893
0.36036548018455505
0.1388019174337387
0.7052245140075684
0.4856354892253876
0.5023760795593262
0.8866999745368958
0.8922291398048401
0.6011971831321716
0.3372114300727844
0.5646880269050598
0.924726665019989
0.6399244666099548
0.6000831723213196
0.3741329610347748
0.6724827289581299
0.1514197140932083
0.4595394730567932
0.9364490509033203
0.4482017755508423
0.007039667572826147
0.6637555360794067
0.4488554000854492
0.8582186698913574
0.6418049335479736
0.7351201772689819
0.3688986599445343
0.26899465918540955
0.45234745740890503
0.6509291529655457
0.9750162959098816
0.9626129269599915
0.5426504015922546
0.05477115511894226
0.00014763693616259843
0.3183048665523529
0.964501678943634
0.9238051772117615
0.45991814136505127
0.3708743155002594
0.15985015034675598
0.30212199687957764
0.13667689263820648
0.4597744643688202
0.3290344774723053
0.40991726517677307
0.7619366645812988
0.8148036003112793
0.115346759557724
0.7829300165176392
0.3981991708278656
0.4416583776473999
0.061463773250579834
0.3250715136528015
0.6519862413406372
0.3905879557132721
0.3378789722919464
0.5909764170646667
0.5445320010185242
0.19064702093601227
0.1306201070547104
0.2383217066526413
0.3098779320716858
0.5758851766586304
0.6033269762992859
0.023667113855481148
0.40444839000701904
0.08036408573389053
0.8748869299888611
0.10503783822059631
0.8303598165512085
0.31846481561660767
0.7507054209709167
0.24214579164981842
0.5154961943626404
0.9457668662071228
0.7502099871635437
0.8515628576278687
0.7407313585281372
0.033641885966062546
0.9860131740570068
0.4410422742366791
0.1422043889760971
0.3690367639064789
0.126143679022789
0.8996109366416931
0.4515368640422821
0.1577524095773697
0.6573660969734192
0.1360217034816742
0.7167643308639526
0.9059128165245056
0.335387259721756
0.6532014012336731
0.7431496977806091
0.6455626487731934
0.5908834934234619
0.8275271058082581
0.01065419428050518
0.2971065640449524
0.7351938486099243
0.9112303256988525
0.5420300960540771
0.5381842851638794
0.35626161098480225
0.48422467708587646
0.4117390513420105
0.20917153358459473
0.3846181631088257
0.7488105297088623
0.7089146971702576
0.5951583385467529
0.6776099801063538
0.1674426943063736
0.20755599439144135
0.270063579082489
0.2676335275173187
0.21296851336956024
0.9612723588943481
0.27239274978637695
0.951014518737793
0.7340340614318848
0.24670001864433289
0.7662592530250549
0.36857694387435913
0.4022475779056549
0.2298462688922882
0.3213742673397064
0.9334413409233093
0.8696755170822144
0.4441318213939667
0.8766496777534485
0.07082899659872055
0.21123041212558746
0.9599738717079163
0.12117575109004974
0.39187487959861755
0.5279790163040161
0.4710608720779419
0.5633568167686462
0.4724046289920807
0.2819742262363434
0.8359533548355103
0.7351114749908447
0.8714641332626343
0.7477179169654846
0.004203699994832277
0.6866101026535034
0.41432154178619385
0.7116763591766357
0.8374929428100586
0.018008684739470482
0.7279539108276367
0.8440587520599365
0.024441596120595932
0.8402524590492249
0.4640950858592987
0.10908274352550507
0.6473848223686218
0.8471872210502625
0.3946947455406189
0.9851592779159546
0.7073639631271362
0.01223947387188673
0.6751061677932739
0.13388948142528534
0.01732305809855461
0.2873064875602722
0.4823606014251709
0.9528555870056152
0.1906948983669281
0.6110818386077881
0.6263309717178345
0.6779928803443909
0.9275341033935547
0.5883455276489258
0.7830055952072144
0.31182435154914856
0.2904433012008667
0.10643400251865387
0.35416969656944275
0.10854020714759827
0.46620267629623413
0.19128195941448212
0.5280429720878601
0.9063659310340881
0.29762783646583557
0.6776396632194519
0.7563062310218811
0.24367311596870422
0.2218218594789505
0.4072159230709076
0.545221745967865
0.5800986289978027
0.25920772552490234
0.621908962726593
0.016660787165164948
0.852876603603363
0.8472008109092712
0.8310739994049072
0.9236897826194763
0.5751401782035828
0.9132865071296692
0.25469985604286194
0.8398397564888
0.3976770043373108
0.6211282014846802
0.13190264999866486
0.815086841583252
0.4058338701725006
0.35557204484939575
0.6692518591880798
0.7405412197113037
0.9831162691116333
0.6729788184165955
0.5118526816368103
0.8375764489173889
0.8104395866394043
0.4851142466068268
0.9342159628868103
0.32932960987091064
0.4583074748516083
0.2897116243839264
0.13046181201934814
0.8996258974075317
0.7105935215950012
0.6395710706710815
0.3501136898994446
0.9484663605690002
0.8788502216339111
0.904937744140625
0.17782382667064667
0.9143598079681396
0.15244345366954803
0.3585992455482483
0.9727717041969299
0.695431649684906
0.6480275988578796
0.20961758494377136
0.3512239456176758
0.7363324761390686
0.22660283744335175
0.5703483819961548
0.95917809009552
0.807362973690033
0.6962220072746277
0.42591702938079834
0.31562796235084534
0.6115351319313049
0.291182279586792
0.6308772563934326
0.6011577844619751
0.806850254535675
0.614188551902771
0.10895194113254547
0.41083571314811707
0.42968058586120605
0.8135393261909485
0.16245616972446442
0.43230676651000977
0.06577713787555695
0.5129068493843079
0.9275068044662476
0.8502027988433838
0.05045970156788826
0.25850778818130493
0.6493728160858154
0.013801324181258678
0.1873307079076767
0.7291411757469177
0.44382208585739136
0.050255343317985535
0.15323393046855927
0.8670300245285034
0.9377874135971069
0.028245264664292336
0.4479478597640991
0.8654769062995911
0.2601350247859955
0.4321192800998688
0.44940873980522156
0.19059015810489655
0.34475237131118774
0.30171799659729004
0.7735615968704224
0.7280042767524719
0.6090009808540344
0.9387109875679016
0.5880892872810364
0.6828762292861938
0.008232762105762959
0.5572469830513
0.3807002007961273
0.7638998627662659
0.8688488602638245
0.5097348690032959
0.2004692107439041
0.34541335701942444
0.4682612121105194
0.18516846001148224
0.6938762068748474
0.9530634880065918
0.32351431250572205
0.4599137306213379
0.4664885699748993
0.17053142189979553
0.449837327003479
0.8139511942863464
0.6910590529441833
0.022466890513896942
0.9768905639648438
0.005194184370338917
0.7762472033500671
0.2869246006011963
0.8159967064857483
0.689577579498291
0.9036886692047119
0.9482993483543396
0.5985897779464722
0.0484827421605587
0.8876414895057678
0.7785711884498596
0.9927947521209717
0.9898340702056885
0.8477334976196289
0.4076034128665924
0.8186250925064087
0.5321517586708069
0.18602487444877625
0.3402441740036011
0.6589794158935547
0.4034577012062073
0.3795611262321472
0.46723127365112305
0.14276553690433502
0.09756944328546524
0.07791291177272797
0.9419049024581909
0.16671982407569885
0.762582004070282
0.6974971890449524
0.06373587995767593
0.9062641859054565
0.013704728335142136
0.23288941383361816
0.5548205971717834
0.2900032699108124
0.1884981244802475
0.3737579584121704
0.521625816822052
0.9687027335166931
0.09165719896554947
0.7634454369544983
0.09445417672395706
0.1820487380027771
0.8577867150306702
0.7235816121101379
0.31514087319374084
0.04252200946211815
0.35386231541633606
0.37114575505256653
0.8612130284309387
0.9662182927131653
0.9916238784790039
0.49445873498916626
0.09671726822853088
0.9374627470970154
0.6446423530578613
0.7474650740623474
0.27085843682289124
0.9342613220214844
0.3136596977710724
0.982893168926239
0.11127252131700516
0.2463177740573883
0.9542737603187561
0.4683448374271393
0.27983012795448303
0.19875817000865936
0.8051595687866211
0.1716398000717163
0.2664194703102112
0.6847963333129883
0.2691710889339447
0.6027292609214783
0.663299560546875
0.39538317918777466
0.7728186249732971
0.08009789884090424
0.4845101535320282
0.1392388939857483
0.41424310207366943
0.7023518085479736
0.6418616771697998
0.7789821028709412
0.7019162774085999
0.6514024138450623
0.6059019565582275
0.4224771559238434
0.43997251987457275
0.24788524210453033
0.8508381247520447
0.41392195224761963
0.8487105369567871
0.6058246493339539
0.03785208985209465
0.4585922956466675
0.656214714050293
0.07927142083644867
0.28569743037223816
0.034267932176589966
0.9740172624588013
0.14795225858688354
0.1950630247592926
0.09322404116392136
0.6223171949386597
0.36322081089019775
0.7969547510147095
0.20997963845729828
0.8444142937660217
0.748446524143219
0.4513976573944092
0.7089766263961792
0.29165586829185486
0.7105779647827148
0.9291952252388
0.7449638247489929
0.4954695999622345
0.8296438455581665
0.34166431427001953
0.8801437020301819
0.6334192752838135
0.3987922668457031
0.8770848512649536
0.06181379407644272
0.5862928032875061
0.1894485354423523
0.6160141825675964
0.12405478209257126
0.4978194236755371
0.17440050840377808
0.5220435857772827
0.34920743107795715
0.08397422730922699
0.9649766087532043
0.7306158542633057
0.9980974793434143
0.685081958770752
0.9076647162437439
0.6135368347167969
0.8714377880096436
0.9871972799301147
0.9960603713989258
0.711473286151886
0.5076041221618652
0.07568787038326263
0.858691394329071
0.9562833905220032
0.567162275314331
0.380837082862854
0.08459597826004028
0.43864643573760986
0.19914260506629944
0.7600913643836975
0.9122562408447266
0.07325673848390579
0.1723807156085968
0.419982373714447
0.7537570595741272
0.8532832264900208
0.16380424797534943
0.4690565764904022
0.697784423828125
0.1610955446958542
0.8354727625846863
0.19640713930130005
0.22554811835289001
0.6524254083633423
0.22694644331932068
0.9994299411773682
0.6663753986358643
0.5814892053604126
0.7116586565971375
0.7033714652061462
0.3033365309238434
0.9989324808120728
0.6330365538597107
0.9124582409858704
0.7799679040908813
0.09236115217208862
0.23117244243621826
0.5743252635002136
0.1060977354645729
0.6118435263633728
0.25070565938949585
0.9912238121032715
0.4692011773586273
0.9582781195640564
0.7788918018341064
0.7765173316001892
0.416502982378006
0.7312886118888855
0.9720668196678162
0.029367797076702118
0.2264905869960785
0.138682022690773
0.5960544347763062
0.15906614065170288
0.9153132438659668
0.1409761905670166
0.01191157940775156
0.7713679671287537
0.4798515737056732
0.7048412561416626
0.5143840312957764
0.8116445541381836
0.001492271083407104
0.2794778645038605
0.9201085567474365
0.16138653457164764
0.34156233072280884
0.3092614710330963
0.5203717350959778
0.9387957453727722
0.5013031959533691
0.5249252319335938
0.7708509564399719
0.8310820460319519
0.5511482954025269
0.24016085267066956
0.01639169082045555
0.35272881388664246
0.17105747759342194
0.1485445201396942
0.5459254384040833
0.15572811663150787
0.21067355573177338
0.965330183506012
0.849236011505127
0.8733394742012024
0.9471145272254944
0.3291018605232239
0.12180682271718979
0.5877535939216614
0.00043196245678700507
0.6656020283699036
0.551703929901123
0.9351638555526733
0.5486872792243958
0.8345987200737
0.8243522047996521
0.46256908774375916
0.9774898290634155
0.6309707164764404
0.47435495257377625
0.4037643074989319
0.9767674207687378
0.23776103556156158
0.9213466644287109
0.01256629079580307
0.8048262596130371
0.20093296468257904
0.33822837471961975
0.7953410744667053
0.099382683634758
0.14564888179302216
0.492677241563797
0.9497807621955872
0.36996516585350037
0.7546142935752869
0.46449461579322815
0.17702297866344452
0.5586033463478088
0.311090350151062
0.5873887538909912
0.1182229071855545
0.38279083371162415
0.8135900497436523
0.570563018321991
0.9451667666435242
0.5755990147590637
0.7839339375495911
0.23746643960475922
0.8357394337654114
0.6344265341758728
0.8080891966819763
0.5700555443763733
0.4875618517398834
0.5140196084976196
0.2834944427013397
0.4791433811187744
0.19705793261528015
0.6898400187492371
0.5788460373878479
0.023999031633138657
0.9351570010185242
0.18445201218128204
0.456672340631485
0.17301498353481293
0.324323832988739
0.34261491894721985
0.9839598536491394
0.9605447053909302
0.0032613668590784073
0.2820962965488434
0.5738613605499268
0.8668398261070251
0.9576992988586426
0.17938175797462463
0.8966535329818726
0.9305943250656128
0.8178704380989075
0.9423701763153076
0.3259274661540985
0.16785374283790588
0.8770526051521301
0.885815441608429
0.224365234375
0.5332043766975403
0.8561564683914185
0.4590679407119751
0.10288853943347931
0.3770880103111267
0.21152062714099884
0.9317805171012878
0.13504712283611298
0.6334584951400757
0.49057283997535706
0.6156036257743835
0.770195484161377
0.6015965938568115
0.6150001883506775
0.8668612241744995
0.32896530628204346
0.36941400170326233
0.6614945530891418
0.18990103900432587
0.8564283847808838
0.4760238230228424
0.30287960171699524
0.9654096364974976
0.17115165293216705
0.9550237059593201
0.7538565993309021
0.6701759696006775
0.555340051651001
0.7576243877410889
0.5414541959762573
0.6884810924530029
0.24856533110141754
0.29518693685531616
0.9072068333625793
0.4601840674877167
0.6662029027938843
0.08272828906774521
0.5569908022880554
0.8324989676475525
0.9641072154045105
0.46807661652565
0.8734228610992432
0.6431785821914673
0.3277319073677063
0.03839731216430664
0.4542229473590851
0.15144939720630646
0.25634709000587463
0.5687968134880066
0.980072021484375
0.49039268493652344
0.7394408583641052
0.7972875833511353
0.8036730885505676
0.08850714564323425
0.7826086282730103
0.2649894058704376
0.3629276752471924
0.024894071742892265
0.1293068677186966
0.6887069940567017
0.5451158285140991
0.3456096649169922
0.4726495146751404
0.9540467858314514
0.9797579646110535
0.6164430975914001
0.2842451333999634
0.586441695690155
0.020801905542612076
0.29546988010406494
0.4045414924621582
0.9212294816970825
0.5059770941734314
0.8868312835693359
0.12001465260982513
0.38773292303085327
0.8976595401763916
0.4046032428741455
0.021817613393068314
0.8003973364830017
0.3659207820892334
0.8003302216529846
0.22249414026737213
0.9754655361175537
0.5883300304412842
0.24508170783519745
0.10624460130929947
0.6843448281288147
0.162256121635437
0.8549604415893555
0.985740602016449
0.9308251738548279
0.8054636716842651
0.05103785917162895
0.5612724423408508
0.3271706998348236
0.5736029744148254
0.12325076758861542
0.029466697946190834
0.6468653678894043
0.8143439888954163
0.7292233109474182
0.31836578249931335
0.6407334208488464
0.8976086378097534
0.6612207293510437
0.44742676615715027
0.14994598925113678
0.8998453617095947
0.35930734872817993
0.703421413898468
0.11882180720567703
0.020172882825136185
0.47835761308670044
0.6288478970527649
0.8627449870109558
0.7581360936164856
0.6483412384986877
0.7177329659461975
0.3800065219402313
0.4312116503715515
0.41148632764816284
0.5622642636299133
0.23719297349452972
0.4671291410923004
0.13101284205913544
0.9728905558586121
0.5907852649688721
0.2392064779996872
0.3418804407119751
0.557470977306366
0.17532502114772797
0.9540072679519653
0.16037508845329285
0.3142523169517517
0.6305160522460938
0.269661009311676
0.8144697546958923
0.4436296224594116
0.29924988746643066
0.2926892042160034
0.6763069033622742
0.8173200488090515
0.9277871251106262
0.6569249033927917
0.6477449536323547
0.5842574834823608
0.13355368375778198
0.22637760639190674
0.9651088118553162
0.1555463969707489
0.9777305722236633
0.5859779715538025
0.462994784116745
0.15360131859779358
0.1216491237282753
0.973454475402832
0.7194807529449463
0.9966999292373657
0.30275171995162964
0.5886299014091492
0.4433337152004242
0.8588319420814514
0.9118083715438843
0.3198350667953491
0.06408710777759552
0.9136034250259399
0.18537023663520813
0.6125227212905884
0.5805336833000183
0.6954341530799866
0.6548152565956116
0.46787741780281067
0.7816616296768188
0.17381376028060913
0.3384990692138672
0.36349907517433167
0.3020721673965454
0.8101421594619751
0.43534979224205017
0.27926915884017944
0.10841012001037598
0.31846585869789124
0.34435567259788513
0.4747999310493469
0.15584780275821686
0.7928569912910461
0.420364648103714
0.906055212020874
0.9794771671295166
0.6218286752700806
0.34000933170318604
0.16326512396335602
0.39126187562942505
0.24480696022510529
0.2207256257534027
0.8248613476753235
0.11150805652141571
0.41183048486709595
0.7049623727798462
0.3335161805152893
0.22533190250396729
0.7161686420440674
0.45758283138275146
0.05970675125718117
0.8494307398796082
0.4916761815547943
0.693345844745636
0.6755145192146301
0.25712719559669495
0.644903838634491
0.2446080595254898
0.31272825598716736
0.8898996114730835
0.5712302327156067
0.2884603440761566
0.852586030960083
0.5997292995452881
0.8454481363296509
0.09704624116420746
0.913400411605835
0.4216984212398529
0.6283625364303589
0.06332436203956604
0.39726510643959045
0.4433951675891876
0.18606196343898773
0.7843067049980164
0.8346673250198364
0.9995652437210083
0.26663053035736084
0.6655899286270142
0.8807436227798462
0.8463352918624878
0.21989166736602783
0.9696328043937683
0.27325329184532166
0.33310577273368835
0.8544135093688965
0.3805922269821167
0.09989695996046066
0.08090544492006302
0.46217745542526245
0.5212143659591675
0.7815086245536804
0.3161904513835907
0.1620512753725052
0.8270078301429749
0.9278529286384583
0.1008005365729332
0.5919737815856934
0.10108295828104019
0.27515798807144165
0.669874370098114
0.5462400317192078
0.48200878500938416
0.5076854228973389
0.469978392124176
0.21680817008018494
0.37018102407455444
0.8435495495796204
0.5908463597297668
0.5314021110534668
0.763566255569458
0.3288659155368805
0.2947677969932556
0.7172756791114807
0.008978472091257572
0.42552876472473145
0.5886123180389404
0.47092095017433167
0.8124585151672363
0.45464372634887695
0.8309710621833801
0.7216108441352844
0.7211229801177979
0.8943267464637756
0.7268069982528687
0.876106858253479
0.35113218426704407
0.366860955953598
0.020246831700205803
0.02843313291668892
0.8779902458190918
0.725840151309967
0.7742786407470703
0.7612298727035522
0.3184424638748169
0.5133113265037537
0.6879637837409973
0.6453633904457092
0.31852975487709045
0.5405055284500122
0.74773770570755
0.20532073080539703
0.38554418087005615
0.39797359704971313
0.35059529542922974
0.8468736410140991
0.581251859664917
0.5232669115066528
0.25555694103240967
0.40874847769737244
0.268545001745224
0.6348283290863037
0.25428712368011475
0.3878619074821472
0.827746570110321
0.7097926139831543
0.9223222136497498
0.7024866342544556
0.9883566498756409
0.9663780331611633
0.7070385217666626
0.26996728777885437
0.902817964553833
0.5144826769828796
0.558234691619873
0.5500763654708862
0.7241038084030151
0.11205828189849854
0.17654281854629517
0.090989850461483
0.17439547181129456
0.4891650676727295
0.27538737654685974
0.24149669706821442
0.2798556387424469
0.18809930980205536
0.3450866937637329
0.34189122915267944
0.560969352722168
0.4432651996612549
0.40419137477874756
0.05778057500720024
0.786949634552002
0.4600642919540405
0.36585110425949097
0.013465341180562973
0.395857572555542
0.9756823182106018
0.28702312707901
0.550652801990509
0.14260044693946838
0.07400346547365189
0.16355204582214355
0.9698480367660522
0.44435635209083557
0.006322015076875687
0.8800064921379089
0.8299708366394043
0.3923592269420624
0.9910826086997986
0.7690262794494629
0.8347668051719666
0.6464728713035583
0.30422893166542053
0.9213686585426331
0.7321645021438599
0.09109547734260559
0.7437588572502136
0.5538113713264465
0.42386505007743835
0.7599515914916992
0.20400388538837433
