512 4
0
89
201
240
493
1
29
49
131
347
2
293
350
419
437
3
114
151
244
453
4
7
180
363
370
5
77
364
464
507
6
97
168
336
403
7
191
212
342
396
8
46
74
134
251
9
220
227
239
474
10
79
216
224
497
11
39
227
246
292
12
36
194
424
487
13
56
161
177
350
14
165
390
445
482
15
50
89
283
303
16
173
216
345
413
5
17
115
395
421
13
18
69
195
472
19
37
119
220
345
20
82
427
440
458
4
21
24
84
509
22
83
228
329
397
23
60
86
354
503
24
186
213
284
326
25
228
319
321
342
26
133
318
347
401
27
86
98
187
297
28
167
211
390
477
3
29
233
262
350
30
54
176
211
449
31
126
341
468
505
32
130
312
336
356
14
33
184
297
461
34
47
61
220
382
35
61
392
425
474
5
36
60
80
166
37
188
210
401
439
38
148
225
325
334
39
90
253
321
353
40
71
126
287
511
41
58
204
225
366
42
146
217
249
306
43
85
309
401
471
44
69
132
227
428
45
94
289
343
449
46
138
142
267
455
47
136
158
168
510
48
78
331
377
395
49
137
173
418
506
50
91
131
433
441
51
359
458
470
472
29
52
61
94
234
18
53
321
418
481
54
236
270
444
458
39
55
56
62
230
56
323
343
390
407
57
80
129
227
327
52
58
112
347
449
1
59
385
415
488
60
151
181
385
449
61
107
187
378
453
62
85
316
372
416
63
117
134
216
336
64
98
116
124
333
58
65
70
379
484
12
66
139
207
338
1
52
67
99
160
29
68
93
168
486
43
49
69
138
155
9
70
90
182
511
10
71
210
304
413
72
264
309
453
501
73
105
304
403
449
2
74
183
390
399
75
80
205
382
472
76
209
327
405
499
77
105
171
308
399
10
78
256
287
446
54
79
189
338
343
33
80
337
372
434
22
81
149
200
464
59
82
227
254
427
83
262
279
306
353
59
84
352
408
452
53
85
125
230
408
54
86
167
235
427
51
87
142
411
471
88
103
138
433
483
89
92
181
217
389
65
90
129
201
288
50
86
91
286
307
2
23
92
94
210
93
157
260
272
376
94
241
368
398
466
56
68
95
187
336
4
96
315
335
344
62
97
148
236
332
33
98
303
335
398
99
108
342
390
454
100
259
277
304
509
101
186
194
246
465
102
106
208
276
438
34
103
274
347
495
40
104
124
192
344
27
42
105
233
445
11
98
106
193
225
107
168
310
337
482
92
108
261
292
482
109
266
303
324
395
42
109
110
310
447
111
114
275
327
440
67
112
150
224
478
60
113
219
355
406
86
114
135
187
482
115
274
291
332
467
13
34
116
146
192
67
117
162
373
454
118
193
261
278
457
11
21
25
119
133
39
120
123
354
482
100
121
170
336
404
114
122
225
301
441
123
135
315
360
418
124
127
218
441
482
62
125
408
483
507
120
126
189
293
499
90
127
151
254
359
38
128
155
276
500
129
246
268
438
486
130
230
235
350
483
131
206
213
238
468
132
188
366
440
458
133
174
258
406
428
125
130
134
223
313
92
135
254
330
365
136
189
205
334
437
137
175
252
279
422
45
138
355
416
417
81
93
139
299
441
18
127
140
397
509
98
139
141
256
394
117
142
187
354
384
55
81
143
167
380
50
144
172
235
391
96
127
145
189
292
8
146
176
345
397
100
147
253
307
421
148
213
227
357
392
73
149
163
234
283
5
26
150
190
501
58
116
151
256
344
152
301
336
430
486
153
292
440
447
472
134
154
212
396
429
3
15
155
264
472
156
210
233
352
511
43
157
194
253
327
9
158
182
389
474
97
159
404
417
477
160
196
296
318
454
25
161
219
306
438
66
162
186
349
436
163
215
327
446
476
51
112
164
447
478
59
91
165
169
447
71
78
166
360
484
93
167
251
369
404
60
156
168
350
435
169
172
242
345
484
8
98
170
293
458
49
73
171
229
284
47
139
172
321
407
127
173
301
397
494
46
91
174
179
258
149
174
175
274
292
176
215
345
364
488
47
177
197
348
507
178
291
337
350
416
110
135
179
195
412
75
180
381
409
453
91
181
253
498
501
25
182
299
436
508
183
233
367
416
419
96
170
184
200
403
185
197
397
418
454
62
186
318
349
468
178
187
318
406
481
124
133
188
221
247
189
401
444
488
498
50
87
150
190
248
191
234
242
412
476
146
192
297
371
487
80
193
282
367
462
97
194
263
285
494
8
195
218
307
451
196
211
222
236
492
29
40
184
197
398
198
281
335
339
418
53
183
199
279
478
29
140
200
222
481
57
74
99
201
256
132
177
202
352
454
203
206
308
398
430
19
38
204
269
396
131
205
257
315
406
7
119
176
206
280
207
311
357
386
391
17
133
208
271
363
200
209
253
292
380
25
186
210
409
479
104
118
162
169
211
2
51
91
212
371
22
65
213
252
299
154
214
349
379
416
122
161
215
235
238
72
216
356
456
474
2
217
430
449
460
139
218
361
379
400
18
75
219
256
402
9
214
220
312
360
189
221
251
418
460
61
125
222
275
426
83
85
223
441
495
35
126
224
308
414
140
225
246
419
461
173
185
226
294
408
110
227
238
314
374
228
384
449
451
492
39
123
229
275
449
230
334
423
428
509
187
193
231
239
464
108
232
342
474
483
25
131
155
233
328
234
366
466
489
499
171
235
252
411
432
10
236
260
351
412
26
32
191
213
237
196
217
238
245
454
23
49
239
385
423
0
132
225
240
337
150
172
241
359
366
124
151
242
298
362
25
243
280
487
505
85
244
306
446
450
28
64
245
274
419
231
246
329
462
501
118
194
247
334
394
248
290
295
366
453
49
51
249
297
418
234
250
272
309
458
105
162
201
251
281
62
140
245
252
465
132
238
253
389
408
104
126
254
274
303
225
255
307
411
463
45
124
205
256
311
110
257
308
326
507
126
246
258
413
417
21
171
259
290
441
111
194
260
383
428
110
255
258
261
300
11
54
119
262
484
161
242
246
263
371
121
264
337
344
380
65
137
265
427
495
126
176
266
300
432
136
267
327
392
486
268
282
403
430
462
150
195
269
361
399
48
216
270
271
288
94
216
241
271
403
65
257
272
414
473
40
63
177
273
468
132
274
291
392
463
72
261
275
426
443
88
93
190
276
439
198
247
277
333
357
0
150
278
293
405
143
244
262
279
306
200
280
338
390
479
100
130
281
293
300
282
307
346
408
470
107
196
283
403
476
34
44
80
284
466
76
285
297
340
432
52
162
234
286
445
257
287
329
443
496
165
220
288
296
348
1
154
193
236
289
165
193
209
290
413
28
147
291
430
495
10
79
85
292
344
59
67
244
293
451
91
294
353
366
495
84
112
203
295
347
243
288
296
393
434
1
129
297
310
441
188
267
279
298
362
0
97
145
176
299
136
300
365
471
474
2
148
301
402
404
105
197
284
302
351
54
59
151
165
303
7
81
164
304
358
126
158
166
305
428
3
284
306
403
423
147
262
307
347
425
29
113
205
308
419
52
76
120
280
309
56
116
272
310
364
99
140
311
440
448
223
285
312
409
499
63
244
248
313
510
21
90
143
314
509
65
182
315
357
500
111
146
187
316
476
77
84
264
317
440
26
32
276
318
445
28
182
272
319
392
46
243
320
465
497
104
285
320
321
371
203
287
297
307
322
195
209
231
238
323
74
96
324
500
509
4
134
325
354
442
84
102
326
367
454
70
151
318
327
486
237
328
416
419
473
135
295
329
330
482
8
158
330
391
470
263
331
358
473
479
205
207
317
332
354
96
144
173
333
390
76
124
261
334
439
13
59
104
258
335
170
221
230
336
398
5
102
312
337
425
101
338
400
413
495
15
136
232
339
501
220
339
340
388
480
152
199
272
296
341
37
106
156
342
360
135
211
343
443
465
212
239
328
344
386
62
122
272
345
497
70
143
181
346
508
43
45
237
347
462
19
37
122
348
395
199
318
349
401
484
116
190
246
350
383
2
106
296
351
498
27
150
210
352
488
169
312
353
497
498
46
352
354
451
495
127
185
245
327
355
72
114
178
356
503
125
128
188
357
436
156
207
334
358
372
8
48
141
359
435
73
275
281
360
439
204
237
326
361
454
176
182
196
362
500
94
363
384
401
418
55
135
255
364
377
48
206
284
313
365
81
222
366
426
453
37
225
367
428
476
31
242
266
353
368
77
320
369
422
431
7
159
293
370
478
113
157
337
358
371
12
80
135
372
478
176
198
334
373
499
238
301
374
389
485
283
341
375
430
477
26
145
336
349
376
115
294
326
330
377
124
222
308
378
420
14
147
301
305
379
36
171
204
329
380
92
266
272
381
394
11
92
224
382
459
57
290
319
383
395
235
384
409
454
488
63
260
331
385
464
20
94
117
386
396
185
222
235
282
387
75
107
388
487
494
11
128
344
370
389
315
343
378
390
421
63
76
148
203
391
23
181
202
215
392
30
212
379
393
510
188
394
399
425
498
116
258
395
436
493
238
284
396
430
508
4
13
96
397
412
37
41
106
381
398
319
329
399
400
419
37
120
374
400
430
97
260
272
315
401
186
195
214
299
402
138
166
200
391
403
27
232
288
404
492
41
151
190
206
405
270
274
344
406
408
107
265
407
415
417
13
28
40
267
408
209
324
366
409
412
66
131
175
400
410
144
202
347
411
448
62
91
169
208
412
59
187
413
489
492
19
118
235
414
499
15
122
205
415
491
28
191
253
292
416
7
197
392
413
417
39
365
418
485
505
46
141
307
333
419
62
266
275
354
420
166
324
357
368
421
139
179
300
422
511
119
123
413
423
486
60
183
338
362
424
166
227
391
425
462
164
212
402
426
488
19
175
269
427
477
21
38
239
390
428
214
301
429
456
497
32
333
418
430
449
140
207
317
390
431
2
118
315
400
432
113
180
188
433
467
158
220
367
420
434
71
152
240
286
435
32
87
114
215
436
6
297
332
437
469
216
337
423
425
438
247
270
366
439
495
13
103
293
366
440
29
228
441
473
509
20
54
423
440
442
44
74
328
398
443
131
222
335
382
444
43
203
355
442
445
90
228
286
308
446
174
337
351
447
471
164
174
448
457
484
124
140
280
361
449
115
233
306
350
450
92
131
167
347
451
22
26
220
405
452
2
158
449
453
508
172
403
414
446
454
116
150
319
379
455
122
246
247
249
456
5
221
312
329
457
123
222
346
458
470
9
248
353
459
461
177
319
332
356
460
11
332
355
429
461
80
124
325
384
462
37
288
333
446
463
6
47
92
441
464
270
389
459
465
505
27
257
354
453
466
30
85
349
424
467
126
299
338
386
468
83
130
250
455
469
35
306
461
470
490
51
126
347
398
471
54
230
361
472
511
56
146
180
281
473
15
17
136
191
474
28
42
116
382
475
42
88
148
225
476
34
96
258
369
477
66
216
314
397
478
35
105
127
452
479
46
73
383
414
480
79
244
319
481
500
49
116
383
482
511
97
248
297
377
483
73
75
466
470
484
55
115
316
339
485
39
72
75
242
486
174
240
259
428
487
1
14
78
341
488
220
318
365
489
491
38
281
306
373
490
107
179
363
391
491
11
40
292
403
492
67
76
343
351
493
89
148
151
344
494
20
215
343
463
495
108
282
336
343
496
77
85
142
379
497
200
334
371
373
498
104
213
235
369
499
42
187
295
368
500
38
195
208
218
501
250
265
380
462
502
278
331
343
399
503
123
183
282
333
504
101
114
214
437
505
141
172
244
469
506
35
84
105
384
507
188
255
332
343
508
81
224
250
465
509
298
347
463
470
510
106
217
442
482
511
0.6196355223655701
0.6833905577659607
0.20871502161026
0.6083837151527405
0.656704306602478
0.41357019543647766
0.709624707698822
0.7321479320526123
0.8427414298057556
0.6002511382102966
0.691097617149353
0.48496368527412415
0.9714604020118713
0.2633018493652344
0.8437109589576721
0.127951979637146
0.17944718897342682
0.683381199836731
0.3032241761684418
0.9758968353271484
0.2541595697402954
0.3575269281864166
0.21853287518024445
0.9576398730278015
0.15427355468273163
0.703667402267456
0.18912607431411743
0.811555027961731
0.08341699093580246
0.0012173843570053577
0.35690632462501526
0.17499062418937683
0.3428876996040344
0.6418290734291077
0.29700854420661926
0.2402603179216385
0.11204219609498978
0.7758731245994568
0.02887258306145668
0.5889064073562622
0.7417354583740234
0.009225940331816673
0.6965996623039246
0.5677472949028015
0.9760032296180725
0.971354603767395
0.9778514504432678
0.020393332466483116
0.6147550344467163
0.470445841550827
0.2575790286064148
0.6765730977058411
0.1956292688846588
0.1473197042942047
0.41278305649757385
0.5963866114616394
0.14942248165607452
0.41205427050590515
0.01339751947671175
0.26368391513824463
0.8342824578285217
0.12335021793842316
0.8153113722801208
0.2507838010787964
0.06099506467580795
0.7174090147018433
0.8407394886016846
0.9763165712356567
0.4605458378791809
0.8204904794692993
0.4907856285572052
0.22408871352672577
0.835178017616272
0.8563722372055054
0.37002435326576233
0.49500685930252075
0.3426121771335602
0.7773794531822205
0.9409367442131042
0.7920681238174438
0.7607333660125732
0.5902957916259766
0.31602808833122253
0.6247576475143433
0.2716498076915741
0.9434695243835449
0.9420667886734009
0.5396499037742615
0.6951427459716797
0.7986262440681458
0.8380429744720459
0.7931709289550781
0.33229491114616394
0.7307442426681519
0.5728682279586792
0.6669250726699829
0.8441182374954224
0.32255294919013977
0.5291889309883118
0.9947952032089233
0.46789807081222534
0.05332617089152336
0.17737863957881927
0.9323402047157288
0.2213013619184494
0.3762241005897522
0.8970242142677307
0.6270915865898132
0.8301505446434021
0.5941676497459412
0.567585825920105
0.41112321615219116
0.813220202922821
0.4465189278125763
0.10376128554344177
0.5224244594573975
0.5935108661651611
0.32447850704193115
0.12193034589290619
0.14740318059921265
0.8450145125389099
0.04251975938677788
0.8346041440963745
0.6621842980384827
0.711107075214386
0.7186726331710815
0.38559967279434204
0.47522619366645813
0.4285031855106354
0.35417038202285767
0.496185302734375
0.4076521694660187
0.9841083288192749
0.20540989935398102
0.6335182785987854
0.27412012219429016
0.17430484294891357
0.5674095749855042
0.12282214313745499
0.4110029339790344
0.9025196433067322
0.08682884275913239
0.5689699053764343
0.06817591190338135
0.1745949685573578
0.18178892135620117
0.6273686289787292
0.8856047987937927
0.0263947956264019
0.5368162989616394
0.8348330855369568
0.5909439921379089
0.5326982736587524
0.32267239689826965
0.7807462811470032
0.5825932621955872
0.9017220139503479
0.14244982600212097
0.9508184194564819
0.16042554378509521
0.8020133972167969
0.4753897488117218
0.6490225791931152
0.3463836908340454
0.5246434807777405
0.8212231993675232
0.32389035820961
0.39736565947532654
0.43064063787460327
0.9706704616546631
0.868167519569397
0.860608696937561
0.8521000146865845
0.36220476031303406
0.2335788756608963
0.5057784914970398
0.1788429617881775
0.6529891490936279
0.4208739101886749
0.4533262252807617
0.864069938659668
0.48939910531044006
0.9653102159500122
0.40645211935043335
0.579353928565979
0.6854104399681091
0.9629979133605957
0.17482812702655792
0.539946973323822
0.8676265478134155
0.5839523673057556
0.6299828290939331
0.8575904369354248
0.9594368934631348
0.6945719122886658
0.6205403804779053
0.6587556004524231
0.9896665215492249
0.17253924906253815
0.5303554534912109
0.45870327949523926
0.033072326332330704
0.38704001903533936
0.0901576355099678
0.1266147494316101
0.9253965616226196
0.38670918345451355
0.4704383909702301
0.16446886956691742
0.49459588527679443
0.9671412110328674
0.7898772358894348
0.667278528213501
0.27516627311706543
0.031238140538334846
0.2957826256752014
0.1595945954322815
0.38410019874572754
0.5509024858474731
0.2632080614566803
0.7665915489196777
0.22530539333820343
0.582955002784729
0.026246314868330956
0.20800018310546875
0.17126256227493286
0.740397036075592
0.573532223701477
0.9647950530052185
0.3815884590148926
0.23925675451755524
0.241990864276886
0.3767770230770111
0.16637440025806427
0.34282755851745605
0.4335343837738037
0.20771154761314392
0.8258480429649353
0.23731377720832825
0.11745792627334595
0.7545572519302368
0.15796315670013428
0.2184363305568695
0.7044692635536194
0.2679365575313568
0.47898346185684204
0.18159209191799164
0.8857515454292297
0.6301091313362122
0.9952678680419922
0.42289799451828003
0.06844989955425262
0.034359898418188095
0.7649957537651062
0.92744380235672
0.03454772010445595
0.667466402053833
0.9927054643630981
0.21237120032310486
0.6242737770080566
0.9474027752876282
0.2926880121231079
0.45767056941986084
0.181779146194458
0.42029622197151184
0.4874105453491211
0.168329656124115
0.7491483092308044
0.5421340465545654
0.7664345502853394
0.13746961951255798
0.4212767779827118
0.35310426354408264
0.7708603739738464
0.7230027318000793
0.8427746295928955
0.7933798432350159
0.2064402550458908
0.07340344041585922
0.9626646041870117
0.5799893140792847
0.341875821352005
0.6536422967910767
0.3055528998374939
0.5249184370040894
0.8896390795707703
0.3153635263442993
0.43760329484939575
0.03277715668082237
0.19117185473442078
0.7914418578147888
0.32368260622024536
0.1063426062464714
0.5556851625442505
0.0982583612203598
0.49908778071403503
0.6693504452705383
0.6027620434761047
0.9083173871040344
0.17563973367214203
0.14423993229866028
0.05498291179537773
0.45679038763046265
0.7700136303901672
0.7568761706352234
0.47945618629455566
0.1906771957874298
0.01747213862836361
0.2757691740989685
0.11256376653909683
0.7346887588500977
0.31998345255851746
0.13767534494400024
0.2423660159111023
0.6052870154380798
0.17776353657245636
0.9365177750587463
0.732352614402771
0.10625448077917099
0.46651867032051086
0.6615431904792786
0.8384653925895691
0.6553491950035095
0.6269283890724182
0.29378750920295715
0.9077447056770325
0.23058751225471497
0.7740727663040161
0.5719989538192749
0.6521570682525635
0.2474721372127533
0.7729389071464539
0.3714986741542816
0.1756776124238968
0.49763908982276917
0.4275057911872864
0.5849189162254333
0.6725941896438599
0.02390962652862072
0.2361096888780594
0.7818959355354309
0.17916029691696167
0.9817973375320435
0.995815634727478
0.23687341809272766
0.6060289740562439
0.38066771626472473
0.389705628156662
0.6758148074150085
0.11909061670303345
0.7849366664886475
0.3747471868991852
0.39903223514556885
0.3545876145362854
0.9758923053741455
0.8500179052352905
0.29159069061279297
0.49939677119255066
0.051546767354011536
0.4461979269981384
0.9892183542251587
0.10422508418560028
0.30416253209114075
0.39490726590156555
0.7708780765533447
0.15789508819580078
0.2010582834482193
0.1533585488796234
0.1374981701374054
0.2695457935333252
0.9064834713935852
0.1544012874364853
0.5325763821601868
0.28069886565208435
0.6349905729293823
0.6339195370674133
0.02695429138839245
0.25767749547958374
0.8349186778068542
0.6567029356956482
0.7855274677276611
0.6934037208557129
0.7894817590713501
0.7900160551071167
0.33548158407211304
0.39005425572395325
0.8822681903839111
0.39101046323776245
0.8136191368103027
0.3537987470626831
0.21610625088214874
0.16094020009040833
0.39560678601264954
0.10846924036741257
0.8452109694480896
0.44719988107681274
0.5635245442390442
0.5298914313316345
0.06767775118350983
0.3899398148059845
0.4996662735939026
0.8737289905548096
0.3744482398033142
0.5904280543327332
0.634506106376648
0.2908192276954651
0.12143385410308838
0.18204163014888763
0.119725801050663
0.15188629925251007
0.24739708006381989
0.20764845609664917
0.39770984649658203
0.8056057691574097
0.6346167922019958
0.21551014482975006
0.2635049521923065
0.04995819926261902
0.5048932433128357
0.49647629261016846
0.8875349164009094
0.6309974193572998
0.8178699612617493
0.6913213133811951
0.686996579170227
0.24780073761940002
0.7726295590400696
0.49766889214515686
0.4930061995983124
0.5750521421432495
0.008149630390107632
0.2796361446380615
0.8836823105812073
0.7877954244613647
0.7306355834007263
0.7581509351730347
0.24629220366477966
0.7449482083320618
0.4778794050216675
0.8142322897911072
0.2060897797346115
0.2081112563610077
0.5158367156982422
0.292081743478775
0.8511474132537842
0.44237402081489563
0.8742711544036865
0.9511198401451111
0.21204429864883423
0.289847195148468
0.19575244188308716
0.28128260374069214
0.759482741355896
0.5745769143104553
0.2317185252904892
0.251546710729599
0.09531431645154953
0.41761115193367004
0.31994903087615967
0.4578137695789337
0.8049337863922119
0.8749401569366455
0.5112110376358032
0.15560075640678406
0.5019655823707581
0.9326297044754028
0.139622762799263
0.8691456913948059
0.6367106437683105
0.9786084890365601
0.32041528820991516
0.7179465889930725
0.24969887733459473
0.9439009428024292
0.3818551301956177
0.37596625089645386
0.630312979221344
0.4795829653739929
0.4161941707134247
0.3269767761230469
0.019675329327583313
0.947795569896698
0.2664667069911957
0.4745490550994873
0.9416165351867676
0.6587734818458557
0.44094520807266235
0.11004149913787842
0.15357302129268646
0.9369737505912781
0.31369736790657043
0.4845960736274719
0.8794474601745605
0.4546111524105072
0.7671360969543457
0.6965739130973816
0.6673169732093811
0.9949038028717041
0.39788880944252014
0.017856454476714134
0.7192707657814026
0.681959867477417
0.7296179533004761
0.9735236167907715
0.676144540309906
0.4851723313331604
0.32625818252563477
0.4696151316165924
0.2384369969367981
0.4139726459980011
0.45118850469589233
0.33546096086502075
0.7390812039375305
0.31774047017097473
0.3517005741596222
0.2908118963241577
0.9663922190666199
0.627101719379425
0.8832656741142273
0.4516889154911041
0.4816805422306061
0.3148917853832245
0.21591252088546753
0.4090225100517273
0.5926620364189148
0.5758174061775208
0.3637038767337799
0.9574262499809265
0.9209693074226379
0.6578423380851746
0.9288235902786255
0.8311098217964172
0.6393651366233826
0.013205168768763542
0.008689921349287033
0.7564269304275513
0.7998197078704834
0.16133998334407806
0.19822989404201508
0.7325279712677002
0.21530131995677948
0.17295004427433014
0.8878792524337769
0.36635464429855347
0.054561980068683624
0.11437483131885529
0.7371986508369446
0.021802309900522232
0.42762866616249084
0.5824882388114929
0.7762091159820557
0.6173624992370605
0.6427029371261597
0.3141157627105713
0.522055447101593
0.02357969991862774
0.845940351486206
0.755029022693634
0.29820042848587036
0.6105132102966309
0.3021456301212311
0.30913445353507996
0.7580763697624207
0.5925867557525635
0.8407959342002869
0.7398317456245422
0.5511361956596375
0.8273499011993408
0.9540917873382568
0.7431570291519165
0.7467241287231445
0.08656254410743713
0.11798247694969177
0.4500206708908081
0.8317028284072876
0.5676394104957581
0.6886301636695862
0.16290603578090668
0.35300660133361816
0.31452682614326477
0.5107420086860657
0.4586595892906189
0.6177555322647095
0.5413221716880798
0.21193383634090424
0.797688364982605
0.30092498660087585
0.23952235281467438
0.5512163639068604
0.11128515750169754
0.05500434339046478
0.9800039529800415
0.47021156549453735
0.8171294331550598
0.740433931350708
0.9636197686195374
0.9341045022010803
0.9860756993293762
0.8492964506149292
0.3074556291103363
0.17828311026096344
0.11756403744220734
0.6739514470100403
0.45985254645347595
0.6488335132598877
0.24348533153533936
0.5450572371482849
0.7239839434623718
0.1619798243045807
0.0323815755546093
0.970831573009491
0.4144057333469391
0.457859605550766
0.9908362030982971
0.04035095125436783
0.3372326195240021
0.6896145939826965
0.5163973569869995
0.47940272092819214
0.8897820711135864
0.9835916757583618
0.989470899105072
0.8889270424842834
0.6519145369529724
0.4761808216571808
0.2573922276496887
0.8006004095077515
0.8870638608932495
0.4282052218914032
0.16765697300434113
0.22206084430217743
0.6463500261306763
0.7320364117622375
0.8929238319396973
0.515303909778595
0.1691475659608841
0.18359097838401794
0.9590156674385071
0.6671310067176819
0.647716224193573
0.7023819088935852
0.8277937173843384
0.8390555381774902
0.7660735249519348
0.01611327938735485
0.9752421975135803
0.6202337741851807
0.8439915776252747
0.9880042672157288
0.6278497576713562
0.6594580411911011
0.10319828242063522
0.03777974471449852
0.823055624961853
0.6747255325317383
0.5275965929031372
0.7840355634689331
0.9983925819396973
0.6202332377433777
0.2788591980934143
0.747896134853363
0.4475438594818115
0.21491703391075134
0.11269544064998627
0.5345351696014404
0.5156768560409546
0.6363624334335327
0.06488988548517227
0.0441475473344326
0.45726627111434937
0.21340063214302063
0.12896886467933655
0.2981247305870056
0.19507545232772827
0.2947961688041687
0.5681644678115845
0.9463423490524292
0.22254423797130585
0.6211565136909485
0.5054025053977966
0.12721066176891327
0.3903326392173767
0.6066539883613586
0.03944303095340729
0.04950081184506416
0.2210649996995926
0.05762132629752159
0.18130165338516235
0.569827139377594
0.3663441240787506
0.24619750678539276
0.05142497643828392
0.3068639934062958
0.5599793195724487
0.5652596354484558
0.4089442491531372
0.6780303716659546
0.447344571352005
0.25510501861572266
0.10502075403928757
0.6035004258155823
0.8588318824768066
0.08364737033843994
0.49951767921447754
0.1950712949037552
0.03660086169838905
0.12179224193096161
0.735555112361908
0.5758691430091858
0.5891806483268738
0.6945674419403076
0.3122028112411499
0.3012600839138031
0.3013959527015686
0.023188859224319458
0.7076610922813416
0.1987968385219574
0.11503300070762634
0.9852206707000732
0.9472055435180664
0.32037466764450073
0.22856111824512482
0.6771405339241028
0.054159440100193024
0.5096486210823059
0.2684253454208374
0.23405492305755615
0.8521663546562195
0.10721026360988617
0.24633313715457916
0.6309821605682373
0.6124467253684998
0.9248080849647522
0.7802327275276184
0.47973737120628357
0.026870781555771828
0.7814476490020752
0.3143009841442108
0.34892532229423523
0.042539600282907486
0.48361149430274963
0.5149915218353271
0.33360055088996887
0.2812310755252838
0.22515664994716644
0.8243024945259094
0.6925228834152222
0.7546659111976624
0.19817638397216797
0.21888142824172974
0.11398951709270477
0.06777384877204895
0.8784860968589783
0.49203938245773315
0.3807046413421631
0.7078713774681091
0.7910016179084778
0.5054013133049011
0.8652779459953308
0.13244447112083435
0.47349339723587036
0.4266148507595062
0.2580300271511078
0.29471439123153687
0.7182766199111938
0.5290786623954773
0.6140974164009094
0.7267979383468628
0.011889868415892124
0.4443693459033966
0.7297502160072327
0.5994616746902466
0.06480138748884201
0.5452949404716492
0.8088419437408447
0.19373153150081635
0.9402602314949036
0.387940913438797
0.2473153918981552
0.006433598697185516
0.40080365538597107
0.9535788893699646
0.08789202570915222
0.6634942889213562
0.26048919558525085
0.7135809659957886
0.3959585130214691
0.5682521462440491
0.0639423057436943
0.5738381743431091
0.9561067223548889
0.31183356046676636
0.6004254221916199
0.41048434376716614
0.25814253091812134
0.7684306502342224
0.6917434930801392
0.4306710362434387
0.04551055282354355
0.9868976473808289
0.8955178260803223
0.7128027677536011
0.11954736709594727
0.14036808907985687
0.4069451689720154
0.3452645242214203
0.626142144203186
0.3074953556060791
0.7255425453186035
0.48403826355934143
0.13566532731056213
0.8391898274421692
0.8476848602294922
0.3478119373321533
0.24998576939105988
0.21362654864788055
0.7772853374481201
0.4930398762226105
0.9355905055999756
0.5722466111183167
0.13896039128303528
0.8044726252555847
0.309360146522522
0.5604985952377319
0.4943581819534302
0.9817737936973572
0.9597328901290894
0.5329004526138306
0.8934193849563599
0.9356685876846313
0.01101450901478529
0.32210057973861694
0.2736625075340271
0.03160489723086357
0.8996268510818481
0.12957149744033813
0.26512259244918823
0.101325623691082
0.9159792065620422
0.6061522364616394
0.7704889178276062
0.20224368572235107
0.9989690780639648
0.8518938422203064
0.09186436980962753
0.39345434308052063
0.8951402306556702
0.9240230321884155
0.18190275132656097
0.26971691846847534
0.7745471000671387
0.7286013960838318
0.9362831115722656
0.5872318148612976
0.006558334454894066
0.5341148972511292
0.327114075422287
0.17814217507839203
0.37639573216438293
0.21260102093219757
0.35650303959846497
0.4327490031719208
0.2810579240322113
0.5466226935386658
0.22824163734912872
0.14007113873958588
0.18314599990844727
0.6292605996131897
0.5200290679931641
0.35426613688468933
0.360720694065094
0.8360003232955933
0.7293226718902588
0.32819414138793945
0.4135703146457672
0.10833059251308441
0.5065375566482544
0.10190895199775696
0.9387012124061584
0.7429802417755127
0.18877381086349487
0.3917040526866913
0.3943263590335846
0.22444985806941986
0.2491087168455124
0.3942977786064148
0.004373861942440271
0.09339770674705505
0.5468430519104004
0.9431969523429871
0.5842433571815491
0.17296971380710602
0.42364275455474854
0.6295551657676697
0.008574901148676872
0.08626313507556915
0.13163262605667114
0.03996092453598976
0.31423473358154297
0.019283607602119446
0.09506971389055252
0.1742824912071228
0.5980344414710999
0.5706010460853577
0.3005037009716034
0.23220692574977875
0.6298795342445374
0.15035992860794067
0.6900489926338196
0.7109396457672119
0.8954134583473206
0.22820472717285156
0.7016232013702393
0.18118487298488617
0.5672754645347595
0.12375625967979431
0.0585920549929142
0.2511827349662781
0.26570096611976624
0.2857931852340698
0.9205967783927917
0.7290031313896179
0.06389791518449783
0.36116376519203186
0.11906999349594116
0.14690542221069336
0.9160383939743042
0.4054378569126129
0.9615306854248047
0.42884892225265503
0.4627271890640259
0.6912097930908203
0.6280158162117004
0.0019943327642977238
0.30013224482536316
0.6313285231590271
0.8459802269935608
0.3672359585762024
0.1106165274977684
0.7839820981025696
0.6363857388496399
0.021327152848243713
0.9085355997085571
0.945496678352356
0.9388759136199951
0.902655839920044
0.8939900398254395
0.9498739838600159
0.7874352931976318
0.49229371547698975
0.733862042427063
0.7522203326225281
0.5756732225418091
0.9996017217636108
0.9641231298446655
0.45541438460350037
0.9083442687988281
0.6537969708442688
0.7995035648345947
0.01084902510046959
0.3306043744087219
0.49186593294143677
0.38470155000686646
0.8655011653900146
0.6137142181396484
0.2646157443523407
0.17732670903205872
0.13587738573551178
0.3974858224391937
0.4176732301712036
0.36763840913772583
0.5977028012275696
0.9802946448326111
0.6650775074958801
0.8091806769371033
0.8008363246917725
0.7942221760749817
0.9679888486862183
0.6980747580528259
0.6454628109931946
0.8735008835792542
0.9169875383377075
0.625564694404602
0.1168469786643982
0.4888822138309479
0.7208058834075928
0.42475971579551697
0.3197610676288605
0.8456340432167053
0.5216209888458252
0.2595997452735901
0.27150270342826843
0.981947660446167
0.12314261496067047
0.930754542350769
0.6255007386207581
0.5370031595230103
0.6513298153877258
0.6256434321403503
0.3400019109249115
0.6964938044548035
0.3178642690181732
0.013273032382130623
0.34020546078681946
0.717561662197113
0.7829703092575073
0.4839184582233429
0.6521023511886597
0.5179533362388611
0.7003304958343506
0.7846609354019165
0.9526297450065613
0.7789576053619385
0.3419061303138733
0.3689666986465454
0.6077297925949097
0.5818287134170532
0.5286374688148499
0.7688435912132263
0.024215858429670334
0.9016577005386353
0.5236840844154358
0.8648428320884705
0.24444344639778137
0.9530596733093262
0.7009403705596924
0.1206088438630104
0.727475643157959
0.7866546511650085
0.7513470649719238
0.22088028490543365
0.8688470125198364
0.15335869789123535
0.5123077630996704
0.7105984687805176
0.05061196908354759
0.9695594906806946
0.755014955997467
0.2496027797460556
0.616521418094635
0.2889772057533264
0.04799555987119675
0.3142501711845398
0.2031983584165573
0.6003040671348572
0.4807368814945221
0.6802442073822021
0.6371396780014038
0.054942429065704346
0.7297006845474243
0.9624888300895691
0.8437873721122742
0.4838922619819641
0.655515730381012
0.20949102938175201
0.5657540559768677
0.4168134033679962
0.05600094795227051
0.14562630653381348
0.9206411838531494
0.2489987462759018
0.8092405796051025
0.6668017506599426
0.07391033321619034
0.02954876981675625
0.26669424772262573
0.8451560139656067
0.6313112378120422
0.33763864636421204
0.514254629611969
0.6492578983306885
0.5531982779502869
0.3776035010814667
0.6191303730010986
0.9138652682304382
0.3417241871356964
0.5173437595367432
0.24440543353557587
0.9071190357208252
0.4257124960422516
0.23044422268867493
0.7335429191589355
0.6890600323677063
0.33574292063713074
0.12766312062740326
0.5761548280715942
0.5427959561347961
0.7119287848472595
0.5667380094528198
0.7771229147911072
0.8038150072097778
0.8175311088562012
0.26183897256851196
0.3059341311454773
0.9355183243751526
0.03908311948180199
0.2266978770494461
0.1301838904619217
0.5453497171401978
0.49152877926826477
0.14197729527950287
0.6302443742752075
0.14362618327140808
0.17806518077850342
0.2899949252605438
0.24042518436908722
0.7943997979164124
0.6772616505622864
0.7753486633300781
0.3572787642478943
0.4569678008556366
0.5707452893257141
0.9751449823379517
0.5470963716506958
0.6751660704612732
0.12805183231830597
0.8949630260467529
0.879237711429596
0.47928449511528015
0.8062737584114075
0.4470016658306122
0.6537366509437561
0.6342751383781433
0.7330949306488037
0.9655318260192871
0.15203620493412018
0.09578292071819305
0.2942095696926117
0.5410832762718201
0.4006175398826599
0.6452666521072388
0.14053595066070557
0.4656946063041687
0.9885086417198181
0.48094210028648376
0.2668244540691376
0.4628053307533264
0.014067152515053749
0.8393859267234802
0.5500109791755676
0.74881911277771
0.06638722121715546
0.3427658677101135
0.17573420703411102
0.9007132649421692
0.30337488651275635
0.4093972444534302
0.09654087573289871
0.39580321311950684
0.49787479639053345
0.12443823367357254
0.9300143718719482
0.28286847472190857
0.6688041687011719
0.7748593688011169
0.002688254229724407
0.9903066158294678
0.8291703462600708
0.7687681913375854
0.9828910827636719
0.9231356978416443
0.27899169921875
0.3347226083278656
0.5395854115486145
0.48832952976226807
0.3267710208892822
0.03190808370709419
0.9672910571098328
0.46105989813804626
0.16869749128818512
0.6583406329154968
0.8074976801872253
0.6790471076965332
0.9422329068183899
0.8642794489860535
0.13917358219623566
0.4552660882472992
0.5562061071395874
0.389343798160553
0.012411422096192837
0.06608016788959503
0.7299390435218811
0.8232244849205017
0.702734112739563
0.9718813300132751
0.4572020471096039
0.8409444689750671
0.5810837745666504
0.9589800238609314
0.4124343693256378
0.1229260116815567
0.8682519197463989
0.2600418031215668
0.1282055377960205
0.6710600256919861
0.7352896332740784
0.4474055767059326
0.5255628824234009
0.26856833696365356
0.019689541310071945
0.7820568680763245
0.678452730178833
0.3581070601940155
0.88160240650177
0.29046323895454407
0.9882115721702576
0.3096450865268707
0.8722746968269348
0.9198570251464844
0.09389010816812515
0.46685680747032166
0.9708962440490723
0.19551153481006622
0.24729739129543304
0.08892162144184113
0.5089011192321777
0.5492962002754211
0.639799177646637
0.6827795505523682
0.6405117511749268
0.16357775032520294
0.3994329571723938
0.4200848937034607
0.6961263418197632
0.8684414029121399
0.9541481137275696
0.6687732934951782
0.46718278527259827
0.7549377083778381
0.7028428316116333
0.8928346037864685
0.1891428530216217
0.2188200056552887
0.13612878322601318
0.7967517375946045
0.45809081196784973
0.42898258566856384
0.4723409414291382
0.5055120587348938
0.5838797688484192
0.8534741401672363
0.6895865797996521
0.45333337783813477
0.40625372529029846
0.040227461606264114
0.9359765648841858
0.7589224576950073
0.7710883617401123
0.6461494565010071
0.4742359220981598
0.6787422299385071
0.17450319230556488
0.9993797540664673
0.454263299703598
0.8229878544807434
0.3474769592285156
0.5945791602134705
0.6331785321235657
0.6140614748001099
0.9579430818557739
0.9973555207252502
0.440767377614975
0.6859243512153625
0.7396518588066101
0.9049400091171265
0.6799837946891785
0.9185101389884949
0.17124702036380768
0.035972557961940765
0.592458188533783
0.7604491710662842
0.3187595307826996
0.032635804265737534
0.07379525154829025
0.9294750690460205
0.5414344072341919
0.03176113963127136
0.37309375405311584
0.2128724455833435
0.16955512762069702
0.08173172920942307
0.08587806671857834
0.2624231278896332
0.066899873316288
0.30293890833854675
0.8451976776123047
0.25490400195121765
0.23519401252269745
0.8793727159500122
0.9263975024223328
0.8030117750167847
0.6539715528488159
0.02665218710899353
0.2827213406562805
0.758664071559906
0.9576104283332825
0.9253830313682556
0.3289737403392792
0.93891441822052
0.8397462964057922
0.7925825715065002
0.7953357696533203
0.6234439611434937
0.5050332546234131
0.006926053669303656
0.4447169005870819
0.4288597106933594
0.14681237936019897
0.2557238042354584
0.36619332432746887
0.25273430347442627
0.13718697428703308
0.4301777184009552
0.045868340879678726
0.23857809603214264
0.2790208160877228
0.8631224036216736
0.9406940340995789
0.7018418908119202
0.008356736972928047
0.08480937033891678
0.7395809888839722
0.5859737396240234
0.5843623876571655
0.3083934187889099
0.3595900535583496
0.33256885409355164
0.17388208210468292
0.4979515075683594
0.6993034482002258
0.6654514670372009
0.7493453025817871
0.9244793653488159
0.5792651176452637
0.5426592826843262
0.08663453161716461
0.32876914739608765
0.7793861031532288
0.5421528816223145
0.024730591103434563
0.9948690533638
0.4552440345287323
0.9859393835067749
0.6180815696716309
0.12209349125623703
0.9575321674346924
0.3317943215370178
0.9188218712806702
0.26499804854393005
0.6720213294029236
0.29116421937942505
0.044060613960027695
0.01900338940322399
0.3211078941822052
0.007426131051033735
0.6874763369560242
0.25888529419898987
0.5084988474845886
0.6852874755859375
0.8885137438774109
0.06534378975629807
0.33434048295021057
0.028049085289239883
0.7594577074050903
0.17399312555789948
0.7898464202880859
0.10760582238435745
0.2207474708557129
0.055191390216350555
0.5414454340934753
0.49947822093963623
0.6763296723365784
0.9144886136054993
0.3839171528816223
0.05473802983760834
0.44607245922088623
0.9632797837257385
0.30327174067497253
0.042733222246170044
0.19520211219787598
0.17612074315547943
0.5683248043060303
0.4576098322868347
0.9621666669845581
0.7131071090698242
0.6086189150810242
0.30156710743904114
0.2334361970424652
0.9210864901542664
0.256188303232193
0.16907526552677155
0.24513329565525055
0.09067123383283615
0.20834869146347046
0.9294180274009705
0.17947587370872498
0.9349541068077087
0.49672555923461914
0.6115052103996277
0.3702019453048706
0.45224183797836304
0.623350977897644
0.9012390375137329
0.4017757475376129
0.34935611486434937
0.3468855023384094
0.3859657347202301
0.35075366497039795
0.6169929504394531
0.559614896774292
0.3729532063007355
0.28026026487350464
0.741135835647583
0.19020190834999084
0.5080189108848572
0.7885484099388123
0.7534613013267517
0.5472345352172852
0.5946983098983765
0.4244995415210724
0.5396664142608643
0.18827299773693085
0.10882500559091568
0.23599402606487274
0.7803241610527039
0.27760350704193115
0.5724359154701233
0.04299892485141754
0.7827169299125671
0.582836925983429
0.7571768164634705
0.3864530920982361
0.9552845358848572
0.11908940970897675
0.3771025240421295
0.4901770353317261
0.02011679857969284
0.7009420394897461
0.8771666288375854
0.9053437113761902
0.531837522983551
0.7651450634002686
0.6043091416358948
0.03612923249602318
0.20760977268218994
0.44921353459358215
0.5010271072387695
0.8581104278564453
0.34345826506614685
0.02326330728828907
0.036898717284202576
0.7198389768600464
0.571658730506897
0.9485576748847961
0.20939265191555023
0.07901712507009506
0.12494068592786789
0.2856798470020294
0.4727565348148346
0.7623255848884583
0.5784195065498352
0.3570937216281891
0.6898447871208191
0.906036376953125
0.8075942993164062
0.40001997351646423
0.06545353680849075
0.6625506281852722
0.5286965370178223
0.5233851075172424
0.7407653331756592
0.8850725889205933
0.16569024324417114
0.015421304851770401
0.9033598899841309
0.5089444518089294
0.03401297330856323
0.6834351420402527
0.13016660511493683
0.45957452058792114
0.3021376132965088
0.20086194574832916
0.2222495973110199
0.13864216208457947
0.03568030521273613
0.07718218117952347
0.8976162075996399
0.19679537415504456
0.5639711618423462
0.6099786162376404
0.22416488826274872
0.6882413625717163
0.9752956032752991
0.9456976056098938
0.0027625844813883305
0.18978795409202576
0.96100914478302
0.01526280865073204
0.9959174990653992
0.9792382121086121
0.800824761390686
0.05160629004240036
0.9888602495193481
0.1173410639166832
0.7764092683792114
0.39570438861846924
0.6541012525558472
0.867146372795105
0.33726903796195984
0.3387490212917328
0.7196407914161682
0.5148904323577881
0.7970367670059204
0.3214683532714844
0.9128852486610413
0.7828072905540466
0.3799838125705719
0.7728472948074341
0.6278432011604309
0.21186235547065735
0.3024647533893585
0.5501224994659424
0.6876418590545654
0.23917995393276215
0.6261974573135376
0.29211223125457764
0.3344345986843109
0.6406173706054688
0.2741439938545227
0.9676400423049927
0.8369380235671997
0.6707798838615417
0.9505189061164856
0.28175026178359985
0.8237404823303223
0.15004241466522217
0.7653278708457947
0.29474079608917236
0.34046801924705505
0.1311122477054596
0.27986660599708557
0.40723684430122375
0.37761008739471436
0.972706139087677
0.06330442428588867
0.418170690536499
0.05168833211064339
0.4861633777618408
0.46409904956817627
0.8901129961013794
0.13345228135585785
0.895366370677948
0.23525264859199524
0.8234103322029114
0.7723305821418762
0.13164599239826202
0.9223670959472656
0.1657480001449585
0.6118764281272888
0.39144274592399597
0.7597607374191284
0.8736183643341064
0.22143781185150146
0.45899802446365356
0.3938734829425812
0.7503200769424438
0.3747846484184265
0.20737387239933014
0.3071993291378021
0.6283823251724243
0.40500855445861816
0.4146408438682556
0.3539991080760956
0.4189038872718811
0.4730226993560791
0.8132508397102356
0.529931366443634
0.16386321187019348
0.12730304896831512
0.5189859867095947
0.8109966516494751
0.4775441288948059
0.4813695549964905
0.42220747470855713
0.1057422086596489
0.7366335988044739
0.592739999294281
0.8482946157455444
0.5927530527114868
0.3050520718097687
0.09790942817926407
0.4432419240474701
0.4132820665836334
0.18414530158042908
0.9145738482475281
0.7843241691589355
0.38527530431747437
0.4613872468471527
0.5697464346885681
0.5828216671943665
0.5908359885215759
0.3667668104171753
0.9868561029434204
0.9758905172348022
0.905584454536438
0.6744630932807922
0.3311680257320404
0.19624510407447815
0.3502190411090851
0.5916091203689575
0.5359212756156921
0.5314792394638062
0.29858168959617615
0.9667413830757141
0.12740492820739746
0.9747718572616577
0.989710807800293
0.3644784092903137
0.5894221067428589
0.8185033798217773
0.17584224045276642
0.05651744082570076
0.8771474361419678
0.27787381410598755
0.33660435676574707
0.533252477645874
0.16539551317691803
0.7627865672111511
0.6840844750404358
0.5676509737968445
0.5129091739654541
0.5971699357032776
0.13232459127902985
0.9314092993736267
0.629007875919342
0.7902255654335022
0.8970369696617126
0.7901340126991272
0.22796735167503357
0.9561887979507446
0.35104450583457947
0.40628308057785034
0.7608003616333008
0.969753623008728
0.48122140765190125
0.36115920543670654
0.09895183145999908
0.21910671889781952
0.01959880441427231
0.03877513110637665
0.1720806062221527
0.7877051830291748
0.17940500378608704
0.13164502382278442
0.9882614016532898
0.6677903532981873
0.9074327945709229
0.7772037386894226
0.5016257762908936
0.8258543610572815
0.4021255671977997
0.6918784379959106
0.47819826006889343
0.34998252987861633
0.2753415107727051
0.9351896643638611
0.873450517654419
0.5712878108024597
0.8237900733947754
0.3004162609577179
0.029698578640818596
0.09088128060102463
0.15541118383407593
0.7208853960037231
0.2869211435317993
0.974043071269989
0.5851993560791016
0.30359670519828796
0.12185442447662354
0.045665085315704346
0.4045936167240143
0.22362610697746277
0.900349497795105
0.6446912288665771
0.6885166764259338
0.8976754546165466
0.43218839168548584
0.08928516507148743
0.4951635003089905
0.30550652742385864
0.2881668210029602
0.28148147463798523
0.9331670999526978
0.5788611769676208
0.20392246544361115
0.5208472609519958
0.6534082293510437
0.4582115411758423
0.14368930459022522
0.3915119171142578
0.9932049512863159
0.4123169779777527
0.99181067943573
0.033521562814712524
0.728946328163147
0.3619937300682068
0.48149242997169495
0.7521560192108154
0.9065250754356384
0.031396109610795975
0.9568817615509033
0.7525243163108826
0.08457284420728683
0.5025079250335693
0.6880641579627991
0.41917863488197327
0.5553097724914551
0.7430405616760254
0.8847183585166931
0.057069361209869385
0.5861136317253113
0.05690345913171768
0.9095734357833862
0.7310044169425964
0.26553428173065186
0.5954692363739014
0.28614822030067444
0.2209998220205307
0.4412289261817932
0.34007754921913147
0.2735905051231384
0.24582253396511078
0.5456103682518005
0.5984036326408386
0.3307337462902069
0.6269198656082153
0.17776241898536682
0.5006076097488403
0.5061003565788269
0.4345395267009735
0.4750373661518097
0.39489486813545227
0.43564075231552124
0.7083002328872681
0.38951221108436584
0.4683168828487396
0.06190720200538635
0.9299597144126892
0.7344480752944946
0.22518645226955414
0.13669919967651367
0.849732518196106
0.01290624774992466
0.48871225118637085
0.6985111832618713
0.6650781035423279
0.019338391721248627
0.5277878046035767
0.579517662525177
0.2549196183681488
0.3768675625324249
0.9470250010490417
0.6115462779998779
0.480592280626297
0.7179860472679138
0.020487209782004356
0.6995143294334412
0.8137122392654419
0.10195108503103256
0.3186770975589752
0.8706519603729248
0.1389179527759552
0.7840120792388916
0.8254156112670898
0.7432093620300293
0.055952344089746475
0.6461027264595032
0.7992812991142273
0.10017532110214233
0.6985775828361511
0.0044648065231740475
0.8070867657661438
0.7509657144546509
0.0904855951666832
0.005964971147477627
0.920221745967865
0.5427547693252563
0.38908788561820984
0.5453842282295227
0.5838227868080139
0.4391149878501892
0.7060177326202393
0.007621974218636751
0.5937809944152832
0.4554762840270996
0.11760342121124268
0.31516167521476746
0.676794171333313
0.1854754537343979
0.2925020754337311
0.7042678594589233
0.8704512715339661
0.2532671391963959
0.6843075752258301
0.20351867377758026
0.05175689235329628
0.22605231404304504
0.3699592649936676
0.4965982735157013
0.6994160413742065
0.2897312343120575
0.4630667269229889
0.7143905162811279
0.6526615619659424
0.7610114812850952
0.6489306688308716
0.5639815926551819
0.18626350164413452
0.5358619093894958
0.8633328676223755
0.18599839508533478
0.6160077452659607
0.6044906377792358
0.014644171111285686
0.860993504524231
0.6945058107376099
0.2404896765947342
0.33239585161209106
0.9735075235366821
0.7416155338287354
0.1914457231760025
0.3703809678554535
0.062237609177827835
0.8953517079353333
0.28794771432876587
0.8604632616043091
0.989364743232727
0.7974119186401367
0.14192666113376617
0.9499619007110596
0.47140321135520935
0.9396247267723083
0.8933134078979492
0.1369262933731079
0.05817090719938278
0.5955837368965149
0.524909257888794
0.9843904972076416
0.40820416808128357
0.7906319499015808
0.25627776980400085
0.9214759469032288
0.18878628313541412
0.036227986216545105
0.7658840417861938
0.02878946252167225
0.7448654770851135
0.351046621799469
0.11983156949281693
0.38779833912849426
0.038959622383117676
0.14550861716270447
0.3046150803565979
0.24867145717144012
0.20318737626075745
0.5784812569618225
0.04189014434814453
0.63590407371521
0.5083021521568298
0.8081510663032532
0.3990398645401001
0.6283922791481018
0.3329882323741913
0.16622650623321533
0.3636973798274994
0.8166617155075073
0.43114325404167175
0.42670273780822754
0.22194644808769226
0.1697549819946289
0.10943067073822021
0.6524516344070435
0.35607507824897766
0.3062269687652588
0.2479170560836792
0.14561587572097778
0.034853339195251465
0.9827522039413452
0.7340031266212463
0.24770306050777435
0.8733958005905151
0.29956209659576416
0.2087969034910202
0.7643648982048035
0.9367707371711731
0.3692655563354492
0.22378091514110565
0.4888841509819031
0.39586442708969116
0.4791806936264038
0.8557083606719971
0.8952555060386658
0.951377809047699
0.1041029766201973
0.5832709074020386
0.27250704169273376
0.6309024691581726
0.9273632764816284
0.8749094605445862
0.8453308343887329
0.4020118713378906
0.6684499382972717
0.1687159538269043
0.30306515097618103
0.9598106741905212
0.5273784399032593
0.5333684682846069
0.28099289536476135
0.7621272206306458
0.3738103210926056
0.4117359519004822
0.07249186187982559
0.8994801044464111
0.0190456360578537
0.47411879897117615
0.8353797197341919
0.913598358631134
0.4251146912574768
0.13124921917915344
0.9585554599761963
0.8812916874885559
0.8017535209655762
0.9684554934501648
0.599946916103363
0.9577583074569702
0.32080113887786865
0.9414737820625305
0.010936608538031578
0.8900249004364014
0.7947145104408264
0.7414581775665283
0.0023834698367863894
0.7291194796562195
0.76455157995224
0.8037393689155579
0.7142391800880432
0.9045377969741821
0.9335227608680725
0.10571485012769699
0.20232753455638885
0.38093748688697815
0.680256724357605
0.5541810393333435
0.10923963040113449
0.4416622817516327
0.7711144089698792
0.07287517189979553
0.04666911065578461
0.0883989930152893
0.999652624130249
0.7264255881309509
0.6733604669570923
0.7940784692764282
0.44959867000579834
0.24672958254814148
0.6475023031234741
0.77817302942276
0.4384736716747284
0.24332882463932037
0.36675897240638733
0.6382555961608887
0.37234991788864136
0.31389960646629333
0.7540487051010132
0.32972338795661926
0.22222456336021423
0.056168925017118454
0.8344142436981201
0.47616079449653625
0.5095129609107971
0.13389012217521667
0.13762201368808746
0.19844594597816467
0.7675844430923462
0.4589453637599945
0.9350551962852478
0.5278300642967224
0.29637661576271057
0.9224650859832764
0.6402118802070618
0.6986433267593384
0.6696038842201233
0.3300316035747528
0.9061912298202515
0.6042696833610535
0.6194649338722229
0.8141770958900452
0.8069097995758057
0.9222582578659058
0.7291286587715149
0.4632926285266876
0.5682652592658997
0.635953426361084
0.6516143679618835
0.712184488773346
0.9702908396720886
0.8952078223228455
0.3110264241695404
0.016390567645430565
0.13743333518505096
0.5959518551826477
0.059331636875867844
0.17482410371303558
0.6548000574111938
0.5646508932113647
0.7149825692176819
0.930117666721344
0.7101717591285706
0.5589076280593872
0.5362326502799988
0.6322762370109558
0.4149720370769501
0.12420578300952911
0.012535631656646729
0.08064983785152435
0.6201753616333008
0.5604543685913086
0.1608676314353943
0.6747439503669739
0.03389634191989899
0.22294972836971283
0.8304378986358643
0.9412500262260437
0.6538071036338806
0.37503960728645325
0.37060603499412537
0.04954605549573898
0.5490482449531555
0.41799670457839966
0.03498203307390213
0.12246782332658768
0.5264394283294678
0.43253958225250244
0.7082533240318298
0.7000175714492798
0.5279341340065002
0.18765467405319214
0.16826440393924713
0.8554551601409912
0.7709994912147522
0.30847400426864624
0.06227972358465195
0.8485321402549744
0.32455796003341675
0.3007255494594574
0.13807114958763123
0.3267108201980591
0.5319175124168396
0.8571935296058655
0.7701414227485657
0.33003127574920654
0.05112895742058754
0.48258087038993835
0.00021972744434606284
0.8806790709495544
0.2850968837738037
0.8457649350166321
0.9164903163909912
0.21209070086479187
0.5213983654975891
0.7494796514511108
0.35408058762550354
0.2400393784046173
0.29854637384414673
0.08252617716789246
0.32611340284347534
0.003295059083029628
0.6208226680755615
0.5596233010292053
0.4702795743942261
0.5564324855804443
0.2654503881931305
0.32436513900756836
0.961408793926239
0.06996111571788788
0.04986315593123436
0.5435483455657959
0.07719725370407104
0.8612067103385925
0.1902996301651001
0.555765688419342
0.11247292160987854
0.11683208495378494
0.14629025757312775
0.464534193277359
0.9240532517433167
0.6149133443832397
0.2339363396167755
0.3577303886413574
0.6285183429718018
0.221622496843338
0.33014369010925293
0.7034813761711121
0.8923138976097107
0.19966991245746613
0.34017038345336914
0.062128696590662
0.6080167293548584
0.1667531281709671
0.06975280493497849
0.46242642402648926
0.1087917611002922
0.08284424245357513
0.6904277801513672
0.19853465259075165
0.7336575984954834
0.4461403489112854
0.2871324121952057
0.14736616611480713
0.7850066423416138
0.5414461493492126
0.783079206943512
0.16850429773330688
0.44163867831230164
0.8931148052215576
0.5332650542259216
0.6932141780853271
0.661649763584137
0.5149393081665039
0.9739429354667664
0.3463146984577179
0.7652505040168762
0.629685640335083
0.7749705910682678
0.9653451442718506
0.4730696380138397
0.5000109672546387
0.5903531312942505
0.9337262511253357
0.7798492312431335
0.3143390715122223
0.29301390051841736
0.19932927191257477
0.7537652254104614
0.9979590177536011
0.06893480569124222
0.1040780246257782
0.30848103761672974
0.33453482389450073
0.538192868232727
0.18818573653697968
0.7603858113288879
0.14816436171531677
0.06666578352451324
0.09580175578594208
0.6348114013671875
0.8328290581703186
0.7879126667976379
0.7252192497253418
0.63850998878479
0.8333911299705505
0.3881682753562927
0.3713057041168213
0.81156325340271
0.6471893787384033
0.6727568507194519
0.9158050417900085
0.7699945569038391
0.9798590540885925
0.9221351146697998
0.7375279664993286
0.5612589716911316
0.5850549936294556
0.3213636577129364
0.3850851058959961
0.8283025622367859
0.837378203868866
0.430268794298172
0.5989320874214172
0.7258341908454895
0.5461138486862183
0.1013478934764862
0.058396413922309875
0.3231714367866516
0.43188589811325073
0.7246037721633911
0.9862844347953796
0.7004457712173462
0.582439661026001
0.45983046293258667
0.9381567239761353
0.9006860852241516
0.9543806314468384
0.483381986618042
0.0007328601786866784
0.6483964323997498
0.41684579849243164
0.2005944550037384
0.5898174047470093
0.5795204639434814
0.512799859046936
0.8226504325866699
0.9426062703132629
0.6165909767150879
0.126939594745636
0.11910012364387512
0.34893617033958435
0.6448286175727844
0.7459927797317505
0.9930246472358704
0.35811132192611694
0.8290451765060425
0.42663857340812683
0.1252305656671524
0.9344516396522522
0.6413123607635498
0.11802483350038528
0.8485426902770996
0.8918827176094055
0.03497686982154846
0.9832116961479187
0.953376293182373
0.03326834738254547
0.8939247131347656
0.6829046010971069
0.460825651884079
0.08622444421052933
0.5104614496231079
0.28293800354003906
0.9475204944610596
0.0982159897685051
0.9274062514305115
0.6440790295600891
0.059276558458805084
0.7475486397743225
0.7047868371009827
0.9798566699028015
0.33894580602645874
0.9623269438743591
0.08997945487499237
0.9271617531776428
0.36014699935913086
0.10078372806310654
0.43271729350090027
0.9496421217918396
0.6068572402000427
0.6915861368179321
0.6046081185340881
0.3347280025482178
0.05256469175219536
0.7352091670036316
0.43051114678382874
0.0212638471275568
0.8245489597320557
0.1703648865222931
0.9622886776924133
0.4965163469314575
0.8748787045478821
0.6098306775093079
0.9726880788803101
0.7110406756401062
0.9840301275253296
0.1866258680820465
0.3654067814350128
0.22233618795871735
0.6910601258277893
0.5526701211929321
0.7527146339416504
0.5713812112808228
0.47886228561401367
0.7907208800315857
0.8076393008232117
0.19497491419315338
0.8148618340492249
0.48144441843032837
0.3161316215991974
0.5783038139343262
0.12002047896385193
0.8946896195411682
0.3814171552658081
0.106521375477314
0.1881125271320343
0.004270816687494516
0.8398816585540771
0.8756726980209351
0.7684942483901978
0.4644557237625122
0.06655362248420715
0.2084934562444687
0.002977625234052539
0.14735428988933563
0.7453815937042236
0.6936779618263245
0.8723050355911255
0.48670661449432373
0.9246796369552612
0.15998487174510956
0.9846803545951843
0.9316550493240356
0.8889234066009521
0.7865703105926514
0.037461601197719574
0.15415143966674805
0.14338816702365875
0.3362135887145996
0.6322789788246155
0.0007637651870027184
0.738963782787323
0.07390154898166656
0.6622412204742432
0.39949867129325867
0.9257970452308655
0.9028762578964233
0.18199175596237183
0.14680854976177216
0.26008594036102295
0.41964811086654663
0.7486672401428223
0.26092490553855896
0.44647231698036194
0.5383665561676025
0.6070216298103333
0.8683997392654419
0.8954872488975525
0.4108433127403259
0.2027829885482788
0.8455594778060913
0.8692861199378967
0.16259652376174927
0.9164672493934631
0.5344129204750061
0.45875856280326843
0.8162977695465088
0.8308637738227844
0.3735189139842987
0.21178509294986725
0.4956415593624115
0.5409814119338989
0.2569376528263092
0.7481996417045593
0.22678416967391968
0.7735560536384583
0.7852779626846313
0.25117388367652893
0.7764962315559387
0.1037106066942215
0.7613769173622131
0.5149099826812744
0.8513158559799194
0.7614585757255554
0.3866099715232849
0.30144253373146057
0.01245463639497757
0.7471785545349121
0.7112613916397095
0.8378233909606934
0.22363309562206268
0.6120591163635254
0.08777432143688202
0.8381137251853943
0.10363741964101791
0.05120334401726723
0.6769422292709351
0.12233950197696686
0.27637043595314026
0.9727237224578857
0.30694377422332764
0.37814953923225403
0.21660804748535156
0.4543912708759308
0.7961031794548035
0.5596801042556763
0.4006384611129761
0.4755513370037079
0.475606232881546
0.1350603550672531
0.999377965927124
0.9209672212600708
0.5794483423233032
0.2852233052253723
0.15100321173667908
0.41271263360977173
0.6893758177757263
0.015038351528346539
0.3834396302700043
0.1200328841805458
0.44061189889907837
0.29855960607528687
0.3097505271434784
0.24616847932338715
0.8644770383834839
0.3992655277252197
0.9271211624145508
0.5159698724746704
0.9768814444541931
0.6843273639678955
0.6215803623199463
0.10312578827142715
0.8948423266410828
0.4309857487678528
0.2783578038215637
0.02770065702497959
0.3627271354198456
0.4169544279575348
0.20128051936626434
0.0019793270621448755
0.53243088722229
0.691878080368042
0.06718666851520538
0.8929054141044617
0.6341717839241028
0.6647550463676453
0.4099859595298767
0.5006905794143677
0.10868710279464722
0.9437788724899292
0.5738869309425354
0.031061416491866112
0.003948356956243515
0.8729487657546997
0.574841320514679
0.296040415763855
0.5068674683570862
0.5779342651367188
0.09666765481233597
0.372654527425766
0.3509666919708252
0.7946630716323853
0.4535675644874573
0.5509783625602722
0.382596880197525
0.11986737698316574
0.3288465142250061
0.6259682178497314
0.7259060144424438
0.8725623488426208
0.07663428783416748
0.2065182328224182
0.5738581418991089
0.12575387954711914
0.907130241394043
0.7768451571464539
0.2408745288848877
0.6162943243980408
0.17529349029064178
0.8631949424743652
0.6592983603477478
0.17984433472156525
0.4402996599674225
0.9505735039710999
0.28553780913352966
0.33803626894950867
0.8503104448318481
0.692455530166626
0.4563862085342407
0.3828795552253723
0.07709157466888428
0.3952403664588928
0.7290527820587158
0.050089918076992035
0.19960790872573853
0.8003731966018677
0.2589246332645416
0.39512917399406433
0.1562330722808838
0.596459686756134
0.1916012167930603
0.18778251111507416
0.3487253189086914
0.24898944795131683
0.05306471139192581
0.5491446852684021
0.3898940086364746
0.2475484311580658
0.17048510909080505
0.7423373460769653
0.6238338947296143
0.4323917031288147
0.8357552289962769
0.023140499368309975
0.9493840932846069
0.020716281607747078
0.4613247811794281
0.8877444863319397
0.6898635625839233
0.78038489818573
0.31564611196517944
0.1768895536661148
0.7005495429039001
0.8412395715713501
0.36439499258995056
0.958711564540863
0.7427807450294495
0.0340455062687397
0.5929561257362366
0.6511614918708801
0.6853771805763245
0.6202254891395569
0.6349137425422668
0.12802910804748535
0.8969979882240295
0.7829878926277161
0.2161637842655182
0.23094938695430756
0.27133628726005554
0.8934599757194519
0.10506147891283035
0.5317661762237549
0.4317469298839569
0.8153072595596313
0.8503574132919312
0.6887900233268738
0.23812513053417206
0.8953873515129089
0.9185597896575928
0.850370466709137
0.1172388568520546
0.6580927968025208
0.8858449459075928
0.746639609336853
0.15101829171180725
0.7608595490455627
0.8108540177345276
0.8252134919166565
0.8361524343490601
0.024284549057483673
0.9734668135643005
0.68256014585495
0.8322272896766663
0.6519345045089722
0.4124840497970581
0.182162806391716
0.6877796649932861
0.3680514991283417
0.9568213224411011
0.9863190650939941
0.8124377727508545
0.4222545623779297
0.8979624509811401
0.5292555689811707
0.375886470079422
0.9811157584190369
0.6869571805000305
0.9581136107444763
0.021890368312597275
0.8970348238945007
0.698756754398346
0.013890278525650501
0.037835944443941116
0.365323930978775
0.06175052002072334
0.9822728037834167
0.6537818312644958
0.43941789865493774
0.9246141314506531
0.9778590798377991
0.113704614341259
0.7552441358566284
0.7209519147872925
0.39574047923088074
0.859056830406189
0.34800565242767334
0.5770633816719055
0.5151800513267517
0.10425151139497757
0.023634526878595352
0.14759738743305206
0.9908907413482666
0.6816117167472839
0.250993937253952
0.5530242323875427
0.15871141850948334
0.6881556510925293
0.7953538298606873
0.9984616041183472
0.5364499092102051
0.610260546207428
0.48692724108695984
0.21704231202602386
0.6020135283470154
0.4729241132736206
0.6338282823562622
0.8114770650863647
0.6185566782951355
0.19131118059158325
0.8362625241279602
0.7715074419975281
0.18923422694206238
0.9035279750823975
0.15341991186141968
0.3497051000595093
0.7956765294075012
0.8142741322517395
0.5657734870910645
0.8191110491752625
0.39496222138404846
0.9251927137374878
0.08961313962936401
0.6595233082771301
0.7615180611610413
0.8295896053314209
0.35788053274154663
0.7632830142974854
0.953908383846283
0.8812050819396973
0.41773363947868347
0.999943733215332
0.5537669062614441
0.7263744473457336
0.8989834785461426
0.204331174492836
0.22202931344509125
0.164481058716774
0.3807138204574585
0.29100191593170166
0.9039379954338074
0.46630769968032837
0.9990481734275818
0.09038003534078598
0.24255143105983734
0.20685246586799622
0.45973315834999084
0.28246986865997314
0.5138095021247864
0.536108672618866
0.34925931692123413
0.47114765644073486
0.34187278151512146
0.9345710873603821
0.38770073652267456
0.43207958340644836
0.28128260374069214
0.9185166358947754
0.42510658502578735
0.5179176926612854
0.8589902520179749
0.3513791561126709
0.7978959679603577
0.7137935161590576
0.5431280732154846
0.9131673574447632
0.6093871593475342
0.49318039417266846
0.033359892666339874
0.6279487609863281
0.43868109583854675
0.6097762584686279
0.3833349645137787
0.5558656454086304
0.6790058016777039
0.8916430473327637
0.36839914321899414
0.4517463743686676
0.1785392314195633
0.6895612478256226
0.44039666652679443
0.1352279931306839
0.24226371943950653
0.3518889844417572
0.7355597615242004
0.27492600679397583
0.4813782572746277
0.8331515789031982
0.5192018151283264
0.5231357216835022
0.01226005982607603
0.42548537254333496
0.7304713726043701
0.9842397570610046
0.10321573913097382
0.47534623742103577
0.7907580137252808
0.6988019943237305
0.9357907772064209
0.988132119178772
0.7502924203872681
0.7397230267524719
0.07812681794166565
0.569976270198822
0.25787779688835144
0.9615955948829651
0.8064245581626892
0.25175100564956665
0.9154855608940125
0.19316571950912476
0.8602588772773743
0.48199477791786194
0.8960583806037903
0.09301436692476273
0.6208874583244324
0.6945769190788269
0.6812823414802551
0.8798522353172302
0.033942241221666336
0.7051222920417786
0.6295791268348694
0.7357152104377747
0.4239649772644043
0.8314511775970459
0.42350074648857117
0.42359450459480286
0.16378603875637054
0.9669373631477356
0.9735121726989746
0.5599396228790283
0.7750465869903564
0.5970350503921509
0.39998409152030945
0.8738622069358826
0.49748679995536804
0.8328549861907959
0.9490957260131836
0.5209174752235413
0.3366154432296753
0.7464889287948608
0.8236664533615112
0.584526538848877
0.5077720284461975
0.24540342390537262
0.3197723627090454
0.20210297405719757
0.3220561146736145
0.3561237156391144
0.5629433393478394
0.3739011585712433
0.608897864818573
0.11426606774330139
0.9312732815742493
0.3624648153781891
0.7154871821403503
0.019312754273414612
0.5494426488876343
0.8770327568054199
0.2861078977584839
0.8940183520317078
0.4679943323135376
0.5063120722770691
0.5122405290603638
0.4757983088493347
0.6865741610527039
0.800051212310791
0.6552048325538635
0.10207851231098175
0.5909056663513184
0.2929135262966156
0.3234812319278717
0.15031269192695618
0.23641246557235718
0.724757194519043
0.6269544363021851
0.142540842294693
0.6857376098632812
0.9477869272232056
0.7743639945983887
0.3090786337852478
0.3972395956516266
0.8243497014045715
0.17810727655887604
0.22622855007648468
0.48454201221466064
0.9639894366264343
0.9492496848106384
0.6343256831169128
0.7757866382598877
0.12828169763088226
0.9213988184928894
0.7494572401046753
0.027174757793545723
0.19314707815647125
0.25006309151649475
0.7024303078651428
0.7431987524032593
0.5903743505477905
0.2822040021419525
0.3929635286331177
0.5157517194747925
0.7664715051651001
0.5394148826599121
0.13051877915859222
0.24369709193706512
0.2815047800540924
0.9148598313331604
0.6515355706214905
0.11408448964357376
0.503885805606842
0.5359434485435486
0.5074117183685303
0.6911177635192871
0.45001164078712463
0.10469868034124374
0.21740251779556274
0.9692105650901794
0.6570082306861877
0.24334803223609924
0.5557815432548523
0.7468723058700562
0.40891894698143005
0.5669488310813904
0.02281768061220646
0.13091740012168884
0.2171781361103058
0.7046055197715759
0.30185285210609436
0.8100258111953735
0.13958312571048737
0.727635383605957
0.8268008828163147
0.010910317301750183
0.9175479412078857
0.7452102303504944
0.3680267333984375
0.04244941845536232
0.9698390364646912
0.6032990217208862
0.22196780145168304
0.9192450046539307
0.4271678328514099
0.017333824187517166
0.8083938360214233
0.8947808742523193
0.8732826113700867
0.9781245589256287
0.6968018412590027
0.5470883250236511
0.8730419278144836
0.6842368841171265
0.5213820934295654
0.046034183353185654
0.4770788252353668
0.9517189264297485
0.7940106987953186
0.18560762703418732
0.2879987359046936
0.5697367787361145
0.25318780541419983
0.40059688687324524
0.2112690955400467
0.5182257890701294
0.1490487903356552
0.8971710801124573
0.2792823612689972
0.8800140619277954
0.7487353682518005
0.4328653812408447
0.944463312625885
0.4089880883693695
0.5657710433006287
0.7532398104667664
0.02757338434457779
0.7890259027481079
0.4460296034812927
0.40212979912757874
0.14039038121700287
0.5082094073295593
0.0036359524819999933
0.9255002737045288
0.6249051094055176
0.09491346031427383
0.20789620280265808
0.26016107201576233
0.09208550304174423
0.011477179825305939
0.8378617167472839
0.6746900081634521
0.5954161882400513
0.07403849065303802
0.2994561493396759
0.10684622079133987
0.05888625606894493
0.5946692824363708
0.5704361796379089
0.36980390548706055
0.038266558200120926
0.08914367854595184
0.8347743153572083
0.1435157060623169
0.8190832734107971
0.5747260451316833
0.6989588141441345
0.635413408279419
0.13141340017318726
0.08796311914920807
0.2675178050994873
0.012074749916791916
0.06268922984600067
0.031025132164359093
0.6600212454795837
0.8294409513473511
0.5947661399841309
0.3727684020996094
0.9192001223564148
0.10261167585849762
0.4907985031604767
0.35779696702957153
0.1865142285823822
0.9723070859909058
0.7486754059791565
0.05884583666920662
0.7638824582099915
0.25847938656806946
0.185437873005867
0.29130518436431885
0.6426090002059937
0.773405909538269
0.5209199786186218
0.5878406763076782
0.5703007578849792
0.8458910584449768
0.03862347826361656
0.5612980723381042
0.795709490776062
0.041520629078149796
0.4686984717845917
0.4588709771633148
0.7622274160385132
0.36706721782684326
0.6340262293815613
0.04658946767449379
0.4273938238620758
0.42882001399993896
0.3980007767677307
0.362333208322525
0.7385826110839844
0.25804489850997925
0.5812451839447021
0.11345139145851135
0.9714177846908569
0.13415798544883728
0.5385867357254028
0.30366119742393494
0.6174711585044861
0.6264768838882446
0.8371424078941345
0.05127227306365967
0.4999905228614807
0.9429326057434082
0.1608695685863495
0.9388121962547302
0.45309966802597046
0.6838805079460144
0.5474377274513245
0.118959441781044
0.893613338470459
0.39966249465942383
0.06635874509811401
0.0432741679251194
0.7882089614868164
0.5851429104804993
0.19456163048744202
0.558702290058136
0.1512986421585083
0.5219566822052002
0.270372599363327
0.7210564613342285
0.4658459722995758
0.715080201625824
0.005460274405777454
0.15506605803966522
0.5479761362075806
0.2774626612663269
0.01374615728855133
0.5688450336456299
0.7750712037086487
0.16471987962722778
0.8615253567695618
0.22543497383594513
0.9296322464942932
0.35473909974098206
0.09350673109292984
0.5616269707679749
0.6983609199523926
0.7428104877471924
0.30006882548332214
0.6658063530921936
0.9828705191612244
0.49568554759025574
0.7975780963897705
0.07141022384166718
0.22334016859531403
0.8073188066482544
0.6816615462303162
0.8332394361495972
0.4372428357601166
0.8538230657577515
0.4786464273929596
0.06516239047050476
0.014501105062663555
0.6885534524917603
0.1721942126750946
0.815176784992218
0.7813565135002136
0.8398725986480713
0.5197781324386597
0.07537435740232468
0.4433108866214752
0.6759613156318665
0.3071932792663574
0.6111734509468079
0.8562082648277283
0.5104284286499023
0.46514129638671875
0.45069825649261475
0.6880566477775574
0.882914662361145
0.5994207262992859
0.9794731140136719
0.3745759427547455
0.01628291979432106
0.3526129424571991
0.5338567495346069
0.20698001980781555
0.17033451795578003
0.12485360354185104
0.9305099844932556
0.1307593584060669
0.044134654104709625
0.6033722162246704
0.7830553650856018
0.3076726496219635
0.8190297484397888
0.556186318397522
0.19119128584861755
0.13009224832057953
0.7385118007659912
0.20397071540355682
0.6636407375335693
0.10115688294172287
0.5067803859710693
0.7170155644416809
0.3603860139846802
0.48013803362846375
0.05529811233282089
0.22439372539520264
0.44377171993255615
0.048941705375909805
0.7350038290023804
0.024521248415112495
0.6885738968849182
0.9120354652404785
0.014941505156457424
0.32982373237609863
0.33160465955734253
0.47532734274864197
0.36405491828918457
0.8209012150764465
0.9370301961898804
0.1384902000427246
0.34441715478897095
0.793937623500824
0.8030533790588379
0.7482907176017761
0.6169432401657104
0.7113791108131409
0.9592533707618713
0.4492006003856659
0.3830864727497101
0.05132614076137543
0.1962544322013855
0.6786696314811707
0.5505890250205994
0.1286991387605667
0.21210166811943054
0.7677175998687744
0.16477620601654053
0.4588450789451599
0.5082607865333557
0.6434375643730164
0.9424601793289185
0.5622479319572449
0.060154687613248825
0.7969328761100769
0.7034860253334045
0.7700058817863464
0.5900807976722717
0.8860162496566772
0.5649622082710266
0.9575844407081604
0.3704935610294342
0.8274320960044861
0.30660220980644226
0.33897674083709717
0.054300639778375626
0.764545738697052
0.4551873207092285
0.2940122187137604
0.8335719108581543
0.8630920648574829
0.1769195944070816
0.9691975116729736
0.49234387278556824
0.7205345034599304
0.24927394092082977
0.6227861642837524
0.526478111743927
0.4863200783729553
0.7165588140487671
0.7235500812530518
0.03549834340810776
0.7176364660263062
0.6684889197349548
0.5034682154655457
0.6296163201332092
0.8729977011680603
0.19820059835910797
0.06079681217670441
0.08263606578111649
0.21775683760643005
0.10536313056945801
0.7272083163261414
0.7665033340454102
0.352302223443985
0.5852267742156982
0.9751415848731995
0.8497868180274963
0.6737948060035706
0.7109752893447876
0.19827766716480255
0.27115675806999207
0.32334020733833313
0.8200191259384155
0.6737737655639648
0.5040953755378723
0.774101197719574
0.2291346937417984
0.4472329318523407
0.9918840527534485
0.3952554762363434
0.8638854622840881
0.9702945351600647
0.29717645049095154
0.9278768301010132
0.8215574622154236
0.7636156678199768
0.1825375109910965
0.9072320461273193
0.45264768600463867
0.07789289951324463
0.9777749180793762
0.05337861552834511
0.20883916318416595
0.0912848487496376
0.6091898679733276
0.6213366389274597
0.13752998411655426
0.05974390730261803
0.34628522396087646
0.3972661793231964
0.365060031414032
0.9739717245101929
0.14449799060821533
0.5905537605285645
0.9324349164962769
0.5007591843605042
0.6016207337379456
0.9887295961380005
0.052262187004089355
0.9050642251968384
0.8455769419670105
0.8360480070114136
0.5224350690841675
0.550899863243103
0.2617708444595337
0.43806418776512146
0.7066656351089478
0.7224229574203491
0.5455864071846008
0.8859778642654419
0.9083629250526428
0.45869264006614685
0.4591519236564636
0.0522746779024601
0.7190103530883789
0.8108411431312561
0.13675275444984436
0.6659612059593201
0.6125248074531555
0.03897509351372719
0.03320511803030968
0.8393777012825012
0.6953393816947937
0.28179633617401123
0.36603930592536926
0.5307282209396362
0.03123127855360508
0.7660459280014038
0.5468621253967285
0.11921689659357071
0.29907286167144775
0.47050103545188904
0.4733096957206726
0.6884032487869263
0.24024531245231628
0.8987966179847717
0.13989554345607758
0.5686955451965332
0.5426498651504517
0.17714567482471466
0.5815391540527344
0.3153427541255951
0.7333892583847046
0.19592627882957458
0.2582167685031891
0.9203653931617737
0.04749351367354393
0.4828503429889679
0.4294538199901581
0.8504306077957153
0.30128446221351624
0.13588367402553558
0.7339714765548706
0.03499770164489746
0.7306739091873169
0.2507038712501526
0.8304662108421326
0.3442079424858093
0.40377455949783325
0.457573801279068
0.8275007009506226
0.6938179731369019
0.193484827876091
0.3567814826965332
0.1642153263092041
0.8854190111160278
0.8760465383529663
0.976803719997406
0.9841509461402893
0.9767447710037231
0.25844940543174744
0.9079006314277649
0.77371746301651
0.3709421455860138
0.5095834136009216
0.758411705493927
0.19034035503864288
0.5543304085731506
0.18008878827095032
0.5846603512763977
0.9143053293228149
0.08709614723920822
0.15803052484989166
0.8289137482643127
0.9483036994934082
0.5064935684204102
0.3742186427116394
0.1852690577507019
0.8219985365867615
0.1570443958044052
0.31974485516548157
0.14883682131767273
0.4617196023464203
0.16721153259277344
0.13258644938468933
0.03630562499165535
0.06752495467662811
0.5710166096687317
0.9547069072723389
0.597666323184967
0.10121939331293106
0.8527661561965942
0.05093056336045265
0.09518635272979736
0.2818845808506012
0.21075817942619324
0.7081025242805481
0.5511937737464905
0.23769454658031464
0.15838608145713806
0.5445645451545715
0.047597695142030716
0.6217001080513
0.5157117247581482
0.9392600655555725
0.28997376561164856
0.8409162163734436
0.12007440626621246
0.4339641332626343
0.585904598236084
0.8073847889900208
0.06639286875724792
0.4843251407146454
0.5849218368530273
0.30543753504753113
0.7428805828094482
0.1942049115896225
0.13501302897930145
0.17213600873947144
0.558849036693573
0.13005520403385162
0.19092175364494324
0.26226410269737244
0.7340861558914185
0.025259770452976227
0.5707514882087708
0.7426314949989319
0.6039700508117676
0.3187747597694397
0.451509565114975
0.6306096911430359
0.2919224798679352
0.9306147694587708
0.2936207354068756
0.4480111598968506
0.4047655463218689
0.5594738721847534
0.311155766248703
0.2736686170101166
0.7747250199317932
0.7455787062644958
0.20433323085308075
0.03782206028699875
0.5567122101783752
0.6738005876541138
0.27804702520370483
0.9741163849830627
0.9071248173713684
0.875768780708313
0.9294068217277527
0.14334678649902344
0.39410752058029175
0.02574685402214527
0.33158379793167114
0.6784483790397644
0.24787545204162598
0.6547240614891052
0.1851823478937149
0.02348969504237175
0.5314163565635681
0.5921949148178101
0.974963366985321
0.5931076407432556
0.6877785325050354
0.3316496014595032
0.42291387915611267
0.1668836921453476
0.9335910677909851
0.2359926551580429
0.426247239112854
0.10582765936851501
0.5987716913223267
0.3266706168651581
0.17929622530937195
0.49515536427497864
0.922126293182373
0.4727153480052948
0.8824789524078369
0.8108548521995544
0.2377965897321701
0.33566856384277344
0.6155504584312439
0.7592276930809021
0.9871605634689331
0.5234889388084412
0.8401325941085815
0.7153617739677429
0.7388338446617126
0.3501475751399994
0.05184771120548248
0.6723325848579407
0.8897743821144104
0.31547465920448303
0.3758496642112732
0.4089091718196869
0.00489695044234395
0.17585362493991852
0.7811872959136963
0.610427975654602
0.0218620914965868
0.8302269577980042
0.5187383890151978
0.6632644534111023
0.9142663478851318
0.9809109568595886
0.4125830829143524
0.5346464514732361
0.8454182147979736
0.43227720260620117
0.35738033056259155
0.8482846021652222
0.23030564188957214
0.49221888184547424
0.45172762870788574
0.02187599614262581
0.04491475224494934
0.7748678922653198
0.7853991389274597
0.44155725836753845
0.5111784934997559
0.15557600557804108
0.8533861041069031
0.37454795837402344
0.9749341011047363
0.4542156159877777
0.9264611005783081
0.30579355359077454
0.08623114973306656
0.06353460997343063
0.6045589447021484
0.22600175440311432
0.4014196991920471
0.04255099222064018
0.16445448994636536
0.5814800262451172
0.5509940981864929
0.8024765253067017
0.4466056227684021
0.781157374382019
0.33441683650016785
0.15463314950466156
0.6667990684509277
0.6747012734413147
0.4296821355819702
0.6610921025276184
0.5496504902839661
0.43806660175323486
0.6862044334411621
0.40795546770095825
0.1951131522655487
0.11554291099309921
0.8763264417648315
0.0026003920938819647
0.184991255402565
0.3258306682109833
0.287489116191864
0.34880131483078003
0.7476987838745117
0.7012791037559509
0.6960023641586304
0.03636633977293968
0.8399857878684998
0.7448609471321106
0.022187817841768265
0.30104562640190125
0.743412971496582
0.5825701355934143
0.1536066085100174
0.10934188961982727
0.08296570926904678
0.4182380139827728
0.679047703742981
0.8805827498435974
0.5603786110877991
0.39711472392082214
0.19374068081378937
0.5218991041183472
0.16450218856334686
0.20432937145233154
0.5893331170082092
0.3562876880168915
0.013845782727003098
0.2342291623353958
0.3883365988731384
0.0508715957403183
0.34484583139419556
0.18001075088977814
0.12002493441104889
0.4512009918689728
0.5203624963760376
0.6868177652359009
0.7957139015197754
0.06665948778390884
0.1677180677652359
0.7599809169769287
0.34165164828300476
0.4278399646282196
0.08598318696022034
0.7388163805007935
0.354692280292511
0.7900345325469971
0.11383620649576187
0.040990956127643585
0.8542500734329224
0.5677178502082825
0.9534244537353516
0.7806074023246765
0.5804803371429443
0.2917855381965637
0.030285781249403954
0.12058768421411514
0.6194515228271484
0.6340382099151611
0.9365586042404175
0.5964891910552979
0.6917146444320679
0.08805215358734131
0.5801438093185425
0.6034187078475952
0.59818434715271
0.49565133452415466
0.4349256455898285
0.38844993710517883
0.40296295285224915
0.17861559987068176
0.3509077727794647
0.4458957314491272
0.16552960872650146
0.22278551757335663
0.7230834364891052
0.8695800304412842
0.46803006529808044
0.4237660765647888
0.7892674803733826
0.9143905639648438
0.8517082929611206
0.8945316672325134
0.9695057272911072
0.25263988971710205
0.24714481830596924
0.8055206537246704
0.43230244517326355
0.7456834316253662
0.5927712321281433
0.9315003752708435
0.3925328850746155
0.5684012174606323
0.9079439043998718
0.5236021280288696
0.025452209636569023
0.06111328303813934
0.2098316252231598
0.9225249886512756
0.6130263209342957
0.29066482186317444
0.5526341199874878
0.9621610045433044
0.41309162974357605
0.3145834505558014
0.18012511730194092
0.0006853233207948506
0.7893922924995422
0.6242390871047974
0.4544762969017029
0.9875229597091675
0.5218710899353027
0.6014928817749023
0.3521992564201355
0.2525996267795563
0.06047464907169342
0.1157345175743103
0.21075822412967682
0.836330771446228
0.12918901443481445
0.3657242953777313
0.19896772503852844
0.454252690076828
0.3031581938266754
0.8964667916297913
0.5565816760063171
0.033448342233896255
0.13420769572257996
0.3885190486907959
0.5961321592330933
0.49518558382987976
0.8882070779800415
0.40556326508522034
0.22758415341377258
0.19065620005130768
0.7143230438232422
0.04168420284986496
0.1500243991613388
0.5903455018997192
0.1344178467988968
0.6114561557769775
0.9169556498527527
0.25612178444862366
0.9504220485687256
0.46932253241539
0.5163046717643738
0.8225104808807373
0.6398012638092041
0.8501328825950623
0.5753514766693115
0.820222795009613
0.006505289115011692
0.5743001103401184
0.0365486815571785
0.1294834315776825
0.6304869651794434
0.7772650718688965
0.9000124335289001
0.28140920400619507
0.694788932800293
0.7949336767196655
0.4746703803539276
0.05987241491675377
0.7738192677497864
0.06300558894872665
0.06160959228873253
0.6888748407363892
0.4222164452075958
0.4718778431415558
0.8374949097633362
0.918655514717102
0.2675982415676117
0.31767934560775757
0.14357231557369232
0.8147387504577637
0.22138971090316772
0.6305856108665466
0.8939720392227173
0.20655342936515808
0.6492384076118469
0.8596044778823853
0.4230186343193054
0.3405212163925171
0.9850066304206848
0.9757410287857056
0.5487546920776367
0.5465086698532104
0.885941743850708
0.8194776773452759
0.7343280911445618
0.06684738397598267
0.6786972284317017
0.9462441802024841
0.12847526371479034
0.2119305282831192
0.7796379327774048
0.5859227776527405
0.5900132656097412
0.7877720594406128
0.2661620080471039
0.8429527878761292
0.628194272518158
0.09094356745481491
0.22917239367961884
0.6444658041000366
0.9767455458641052
0.965641438961029
0.6123747825622559
0.013433367945253849
0.547535240650177
0.026857854798436165
0.16001494228839874
0.2756573259830475
0.008441025391221046
0.18564742803573608
0.2599097192287445
0.20623859763145447
0.10792861878871918
0.08488774299621582
0.4714915454387665
0.20291058719158173
0.5271894931793213
0.19134041666984558
0.12442313134670258
0.6931324005126953
0.520943820476532
0.008292310871183872
0.6799071431159973
0.7953686714172363
0.41972965002059937
0.5822408199310303
0.9892975687980652
0.6506994962692261
0.5662028193473816
0.8347963690757751
0.910308837890625
0.5951049327850342
0.08750168234109879
0.03698386624455452
0.8336005210876465
0.001979983411729336
0.2468710094690323
0.5773575305938721
0.6959153413772583
0.9051554203033447
0.7377291321754456
0.37990525364875793
0.6825129389762878
0.047239501029253006
0.8041184544563293
0.49708661437034607
0.7462534308433533
0.26354673504829407
0.22117698192596436
0.5713423490524292
0.16209113597869873
0.4649120271205902
0.5011004209518433
0.07892461121082306
0.9226463437080383
0.10195101797580719
0.5880177021026611
0.2026136964559555
0.2751885652542114
0.48914143443107605
0.7743414640426636
0.5508007407188416
0.22067707777023315
0.24688000977039337
0.1586226522922516
0.4842076301574707
0.14918456971645355
0.42482686042785645
0.9363358020782471
0.6688240766525269
0.666385293006897
0.6019348502159119
0.044095538556575775
0.5141609907150269
0.3596806228160858
0.8487646579742432
0.6461678147315979
0.1400717943906784
0.5531046390533447
0.0663493350148201
0.29437655210494995
0.813852846622467
0.8417682647705078
0.022322241216897964
0.5260940194129944
0.9249579310417175
0.8250063061714172
0.3170493245124817
0.36993706226348877
0.24858780205249786
0.15711164474487305
0.7448593974113464
0.3928467035293579
0.18451865017414093
0.2393115758895874
0.4163634479045868
0.3950987458229065
0.892256498336792
0.7201998233795166
0.6862924098968506
0.1291382610797882
0.870063066482544
0.0901813879609108
0.07678589224815369
0.6268765926361084
0.42191702127456665
0.5607918500900269
0.8268691301345825
0.09233127534389496
0.5492545366287231
0.33806148171424866
0.18889519572257996
0.19924573600292206
0.6727945804595947
0.8015490770339966
0.8125328421592712
0.008185448125004768
0.4742794632911682
0.5741395950317383
0.6148472428321838
0.7910294532775879
0.3081788420677185
0.8658351898193359
0.7524963617324829
0.14433839917182922
0.8375579118728638
0.3043884336948395
0.028407037258148193
0.11380835622549057
0.5238392949104309
0.030780380591750145
0.4129711985588074
0.598056435585022
0.2629203200340271
0.7495063543319702
0.774076521396637
0.725619375705719
0.09778963774442673
0.03520321100950241
0.9602732062339783
0.10213878005743027
0.07654006034135818
0.30342644453048706
0.48794522881507874
0.09040603786706924
0.3254699110984802
0.8908644914627075
0.01622539386153221
0.8569267988204956
0.7294356226921082
0.3801588714122772
0.4719006419181824
0.6290150284767151
0.1789235919713974
0.4105685353279114
0.25975173711776733
0.7047173380851746
0.30557870864868164
0.9736728072166443
0.5273075103759766
0.2494240552186966
0.21537722647190094
0.9597787261009216
0.24140819907188416
0.43272262811660767
0.2569184899330139
0.11362217366695404
0.5701110363006592
0.5443779826164246
0.9678035378456116
0.3611185848712921
0.24125877022743225
0.9958859086036682
0.050959981977939606
0.031127963215112686
0.5508677363395691
0.6470701098442078
0.8522560000419617
0.2009633183479309
0.7339079976081848
0.7123216986656189
0.9660375714302063
0.7557651400566101
0.932759702205658
0.965901255607605
0.7804052233695984
0.500190794467926
0.13308881223201752
0.5771340727806091
0.5229086875915527
0.11620698869228363
0.5266505479812622
0.3147558569908142
0.7810738682746887
0.6678798198699951
0.29712289571762085
0.731849730014801
0.7180414199829102
0.6822367906570435
0.0003175949677824974
0.7855091691017151
0.26290252804756165
0.0814645066857338
0.0972643569111824
0.710309624671936
0.4890928864479065
0.26285088062286377
0.13074356317520142
0.732001543045044
0.3486208915710449
0.2497730851173401
0.07469739764928818
0.9603524804115295
0.19710393249988556
0.41235098242759705
0.43006977438926697
0.26285073161125183
0.13405871391296387
0.2341776043176651
0.870832085609436
0.6743881106376648
0.7496395707130432
0.38248175382614136
0.6595842242240906
0.3943966329097748
0.5303609371185303
0.42497891187667847
0.2606790065765381
0.11489897221326828
0.791754961013794
0.5262407064437866
0.5839754939079285
0.7468100190162659
0.7496588230133057
0.18481580913066864
0.46510177850723267
0.5996644496917725
0.0006967943045310676
0.2322799563407898
0.38477078080177307
0.8046116828918457
0.3621089458465576
0.08091720938682556
0.6259476542472839
0.9722481369972229
0.24865642189979553
0.30034810304641724
0.3283614218235016
0.4013657569885254
0.7425732016563416
0.846523106098175
0.17505525052547455
0.20681047439575195
0.15279923379421234
0.040947698056697845
0.8114597797393799
0.4305754005908966
0.9611527323722839
0.03986253961920738
0.15115749835968018
0.9377986788749695
0.7049673795700073
0.3855874240398407
0.41487905383110046
0.24240683019161224
0.14563500881195068
0.7368344068527222
0.6821858882904053
0.8103923201560974
0.6103213429450989
0.3250288963317871
0.8743637204170227
0.6475124359130859
0.9171683192253113
0.811427116394043
0.7581736445426941
0.2977871298789978
0.16448287665843964
0.7874651551246643
0.5194622278213501
0.8089750409126282
0.9204095602035522
0.948819637298584
0.8290709853172302
0.8950352072715759
0.5532757043838501
0.7354486584663391
0.8599982857704163
0.42862647771835327
0.591277539730072
0.2561395764350891
0.9748459458351135
0.12756560742855072
0.6467687487602234
0.0487283319234848
0.10934799909591675
0.9076383113861084
0.9042520523071289
0.47349873185157776
0.3807637691497803
0.7950802445411682
0.06768616288900375
0.42067450284957886
0.48651841282844543
0.3625324070453644
0.15529091656208038
0.5210434198379517
0.3551451563835144
0.5350001454353333
0.11936493217945099
0.581430971622467
0.27077150344848633
0.9776857495307922
0.6372489929199219
0.9573229551315308
0.672654390335083
0.8953046798706055
0.5123960971832275
0.39709728956222534
0.9303989410400391
0.2086063027381897
0.0743449479341507
0.4696520268917084
0.47654253244400024
0.43596506118774414
0.551026463508606
0.98726487159729
0.1785488724708557
0.7458080053329468
0.7340582609176636
0.020903093740344048
0.03443637490272522
0.7370582818984985
0.8143364191055298
0.4702649712562561
0.4892008900642395
0.8341848850250244
0.1444273442029953
0.5882001519203186
0.6390856504440308
0.1272936463356018
0.18187013268470764
0.29062584042549133
0.8787732720375061
0.34303948283195496
0.6736146211624146
0.9831693768501282
0.9167523980140686
0.1200254037976265
0.9048566818237305
0.8001560568809509
0.3537333309650421
0.033449944108724594
0.9822192788124084
0.16253109276294708
0.662754237651825
0.7015995383262634
0.22340042889118195
0.0926649197936058
0.02866615355014801
0.39825597405433655
0.9057589173316956
0.06726899743080139
0.5176807641983032
0.05047081038355827
0.03568344563245773
0.45902466773986816
0.4866867661476135
0.9282875657081604
0.8852705359458923
0.3663862645626068
0.47698527574539185
0.481876015663147
0.45221424102783203
0.5209235548973083
0.7928987741470337
0.020186923444271088
0.6851081848144531
0.3570174276828766
0.9270746111869812
0.42113539576530457
0.6394860744476318
0.49373871088027954
0.24621786177158356
0.9714958071708679
0.717984676361084
0.41190922260284424
0.6794700622558594
0.4759710133075714
0.8203569650650024
0.8097797632217407
0.25516775250434875
0.36181876063346863
0.38056686520576477
0.27705109119415283
0.7442339062690735
0.48226454854011536
0.5756423473358154
0.05175008252263069
0.05200067162513733
0.411487877368927
0.4926619231700897
0.9864891767501831
0.7452126741409302
0.9272832870483398
0.28785502910614014
0.23365506529808044
0.8295324444770813
0.727694034576416
0.463986337184906
0.10304603725671768
0.23728768527507782
0.02197210118174553
0.8210894465446472
0.9662111401557922
0.07570593059062958
0.5760632157325745
0.21047167479991913
0.9847573637962341
0.567395031452179
0.8577327728271484
0.9130346179008484
0.6287595629692078
0.30295032262802124
0.4459395706653595
0.6463057398796082
0.14650247991085052
0.7245413064956665
0.172848641872406
0.8134477734565735
0.8753702044487
0.42338982224464417
0.7128592729568481
0.10281281918287277
0.2953304946422577
0.6834334135055542
0.5135658383369446
0.9584102630615234
0.8997144103050232
0.48016491532325745
0.20291616022586823
0.3161075711250305
0.7182849645614624
0.9202852845191956
0.1628098040819168
0.6585995554924011
0.26761674880981445
0.5649403929710388
0.32019543647766113
0.21633735299110413
0.4725381135940552
0.9670886993408203
0.6865171194076538
0.4377744793891907
0.5138747692108154
0.9274904727935791
0.03984764963388443
0.19682936370372772
0.8731300234794617
0.17495380342006683
0.7652537822723389
0.4798954725265503
0.16984045505523682
0.2027876377105713
0.7865633964538574
0.0780792236328125
0.2564464807510376
0.9472039937973022
0.9700785875320435
0.9918723702430725
0.9853745102882385
0.6955723762512207
0.44310262799263
0.23144622147083282
0.6212114691734314
0.08914504200220108
0.8696154356002808
0.7918685078620911
0.05169743299484253
0.3765909969806671
0.9673174619674683
0.883007287979126
0.04904863238334656
0.4867335855960846
0.7686318159103394
0.9071993827819824
0.9146021008491516
0.5274736881256104
0.9571900963783264
0.3222421407699585
0.05146945267915726
0.5517414212226868
0.7084663510322571
0.5441404581069946
0.1264105588197708
0.07046259939670563
0.07352066785097122
0.6094344258308411
0.8672395348548889
0.8540722727775574
0.11851515620946884
0.17707592248916626
0.8849345445632935
0.19025498628616333
0.5953006148338318
0.427079975605011
0.6076676249504089
0.6603550910949707
0.3054022192955017
0.06889345496892929
0.6712173819541931
0.1452917754650116
0.2022368162870407
0.4483972191810608
0.831474244594574
0.8326586484909058
0.4700157344341278
0.34784355759620667
0.27676501870155334
0.3251282274723053
0.1118735820055008
0.4947505295276642
0.35045626759529114
0.34119248390197754
0.29170721769332886
0.6643314957618713
0.6465561389923096
0.3974689543247223
0.13900718092918396
0.7877023816108704
0.3647856116294861
0.5256255865097046
0.585292637348175
0.7635130882263184
0.24190036952495575
0.6441348195075989
0.652069628238678
0.8666371703147888
0.02917858213186264
0.27873092889785767
0.976923406124115
0.29550543427467346
0.836188018321991
0.36969801783561707
0.1202251985669136
0.33886969089508057
0.7107821106910706
0.8988085985183716
0.7086451053619385
0.12728434801101685
0.546858012676239
0.4501568675041199
0.816977322101593
0.21965795755386353
0.34046342968940735
0.9341465830802917
0.14228062331676483
0.8072812557220459
0.1530810445547104
0.46078726649284363
0.45914575457572937
0.42874306440353394
0.7504585385322571
0.23140490055084229
0.3071520924568176
0.03379422426223755
0.27179500460624695
0.022708242759108543
0.13169413805007935
0.9329311847686768
0.9207072257995605
0.07263044267892838
0.014688041061162949
0.8978769779205322
0.15093129873275757
0.3134951889514923
0.23667936027050018
0.930393636226654
0.41097021102905273
0.4365856945514679
0.4519646465778351
0.07193899154663086
0.008978062309324741
0.7592108249664307
0.9541351199150085
0.8485644459724426
0.9248734712600708
0.0750451311469078
0.8951842188835144
0.10358849912881851
0.2977847456932068
0.795200526714325
0.20455855131149292
0.7510963082313538
0.21502631902694702
0.7492308616638184
0.9739341139793396
0.8189277648925781
0.8884792923927307
0.29119521379470825
0.8447381854057312
0.7770957946777344
0.2707100510597229
0.4179944097995758
0.8887947201728821
0.7671043872833252
0.35175153613090515
0.7588092088699341
0.29496899247169495
0.9676751494407654
0.3675113022327423
0.8254576325416565
0.1138494685292244
0.9995977282524109
0.224760502576828
0.4596746861934662
0.16050702333450317
0.7377384901046753
0.6040260791778564
0.4742557108402252
0.7869227528572083
0.23610606789588928
0.017987428233027458
0.6574383974075317
0.9074220061302185
0.1128200814127922
0.020759832113981247
0.49007102847099304
0.275162935256958
0.38735631108283997
0.026800090447068214
0.14519289135932922
0.5986015200614929
0.8485060930252075
0.40504610538482666
0.9896504282951355
0.8162515759468079
0.7615570425987244
0.09353900700807571
0.27347129583358765
0.6208460330963135
0.7161374092102051
0.727056086063385
0.40694326162338257
0.8662381172180176
0.10348974168300629
0.9320030212402344
0.3051222860813141
0.05588974803686142
0.22671562433242798
0.9600634574890137
0.43605518341064453
0.9407534003257751
0.10363549739122391
0.16106322407722473
0.9238559007644653
0.5213305950164795
0.9524937868118286
0.9087091684341431
0.44820305705070496
0.6567056179046631
0.586772084236145
0.6688596606254578
0.9483065605163574
0.03507674112915993
0.04189888387918472
0.4510484039783478
0.36921823024749756
0.28153902292251587
0.7624858021736145
0.4544549286365509
0.10499735176563263
0.7816113829612732
0.9050970077514648
0.8300890922546387
0.22325660288333893
0.7459010481834412
0.9865886569023132
0.9707890152931213
0.629204511642456
0.2494124323129654
0.536054790019989
0.4714338779449463
0.6093496084213257
0.014486495405435562
0.4947499930858612
0.7180992364883423
0.9473314881324768
0.04719942435622215
0.11180274933576584
0.008344854228198528
0.42834916710853577
0.46878886222839355
0.6822144389152527
0.9127910733222961
0.7089003920555115
0.628864049911499
0.7068789005279541
0.2509480118751526
0.5788187980651855
0.9223682880401611
0.3974391222000122
0.5613200068473816
0.9774309396743774
0.32518789172172546
0.8310663104057312
0.6974314451217651
0.640928328037262
0.5977774262428284
0.28449317812919617
0.33870410919189453
0.010503094643354416
0.9798974394798279
0.5517213344573975
0.6774448156356812
0.21262599527835846
0.10661116987466812
0.13777704536914825
0.24285487830638885
0.11355717480182648
0.6875916123390198
0.38110604882240295
0.7391933798789978
0.825886607170105
0.5759536623954773
0.1394852101802826
0.4951147437095642
0.4539424479007721
0.22675645351409912
0.526005208492279
0.39486563205718994
0.5373552441596985
0.5997694730758667
0.5762935280799866
0.2201489806175232
0.9034690856933594
0.7088078856468201
0.12816603481769562
0.33807897567749023
0.15663376450538635
0.8043980002403259
0.973112165927887
0.20249097049236298
0.24129925668239594
0.13120971620082855
0.2767282724380493
0.8423495888710022
0.1036086156964302
0.2032409906387329
0.512534499168396
0.7082859873771667
0.41350147128105164
0.36782127618789673
0.8403286337852478
0.6606121063232422
0.5110297799110413
0.943126916885376
0.5893786549568176
0.7070913910865784
0.9834157228469849
0.8206706047058105
0.7992106676101685
0.9926977753639221
0.13875719904899597
0.19109418988227844
0.08143492788076401
0.23870278894901276
0.7152018547058105
0.23332121968269348
0.47872886061668396
0.11674570292234421
0.8600004315376282
0.5113628506660461
0.9764539003372192
0.1757269948720932
0.48417606949806213
0.34400075674057007
0.579792320728302
0.9122306108474731
0.986639678478241
0.8534168004989624
0.6486313343048096
0.31554409861564636
0.7877126336097717
0.6553292870521545
0.8023396134376526
0.1957138329744339
0.7944678068161011
0.9492809772491455
0.6110942959785461
0.4253111481666565
0.64603191614151
0.45006346702575684
0.43944963812828064
0.21623413264751434
0.40255317091941833
0.445200115442276
0.9077161550521851
0.24483603239059448
0.7496411800384521
0.3579602539539337
0.4452724754810333
0.6357620358467102
0.8474202752113342
0.4545517563819885
0.22335568070411682
0.5362493395805359
0.7458333969116211
0.7922829389572144
0.5621214509010315
0.12962289154529572
0.2736537456512451
0.9261344075202942
0.9442846179008484
0.8685131072998047
0.5809638500213623
0.19475699961185455
0.703870415687561
0.09723696857690811
0.5041715502738953
0.3185137212276459
0.679289698600769
0.08011145889759064
0.21476319432258606
0.7398309111595154
0.8794142603874207
0.02946651540696621
0.0821450725197792
0.39053723216056824
0.9023438692092896
0.24174104630947113
0.8109720349311829
0.5660482048988342
0.8991284966468811
0.12651419639587402
0.498975932598114
0.7142684459686279
0.48193252086639404
0.8142886757850647
0.31450971961021423
0.6955652832984924
0.8024880290031433
0.35424456000328064
0.2467760592699051
0.9757986664772034
0.7100904583930969
0.9040724635124207
0.3081878423690796
0.9134203791618347
0.38656070828437805
0.5861219763755798
0.14252519607543945
0.08752868324518204
0.1852997988462448
0.44321727752685547
0.8442922830581665
0.9768136143684387
0.07312928140163422
0.007159610744565725
0.545441210269928
0.020553916692733765
0.16358919441699982
0.08842935413122177
0.398336797952652
0.22703848779201508
0.23504340648651123
0.4169372618198395
0.006560774985700846
0.5988946557044983
0.5782765746116638
0.8404303193092346
0.9689077138900757
0.20003779232501984
0.31018781661987305
0.6225825548171997
0.7739665508270264
0.48157715797424316
0.9870796799659729
0.6819290518760681
0.7898108959197998
0.6076172590255737
0.9993454813957214
0.8064265251159668
0.24696104228496552
0.4048177897930145
0.5170854330062866
0.3891219198703766
0.4453038275241852
0.694854199886322
0.05846506729722023
0.8378874659538269
0.5554928779602051
0.6835885643959045
0.3450435400009155
0.7364877462387085
0.8560105562210083
0.6723330616950989
0.112520731985569
0.2834102213382721
0.9825809597969055
0.07448884099721909
0.6938345432281494
0.7621486783027649
0.10586149990558624
0.979823887348175
0.9625971913337708
0.9023051857948303
0.7815779447555542
0.5388239622116089
0.16211967170238495
0.01019734051078558
0.13790345191955566
0.12212983518838882
0.971792995929718
0.514575183391571
0.6465389132499695
0.7774052023887634
0.39912986755371094
0.38500547409057617
0.5270761847496033
0.9798462986946106
0.6257786154747009
0.6258790493011475
0.6602367162704468
0.04051611199975014
0.657511830329895
0.10920678824186325
0.6760700941085815
0.5791647434234619
0.5340409278869629
0.21811221539974213
0.6086881756782532
0.5062205791473389
0.5604884624481201
0.639083206653595
0.7387747168540955
0.14815160632133484
0.8884626030921936
0.24575860798358917
0.7691248059272766
0.4365057051181793
0.3231431245803833
0.40634602308273315
0.13267818093299866
0.48740288615226746
0.5062986016273499
0.9820866584777832
0.6552217602729797
0.1700693964958191
0.9208433032035828
0.8549997210502625
0.3888168931007385
0.8172987103462219
0.6620244979858398
0.16675104200839996
0.03104925900697708
0.47924426198005676
0.2940555214881897
0.9934324622154236
0.282132089138031
0.5417934060096741
0.4396798014640808
0.4561416208744049
0.019237427040934563
0.9392933249473572
0.44935813546180725
0.043034277856349945
0.161794051527977
0.2364593744277954
0.9278380274772644
0.4925693869590759
0.6104506850242615
0.2973623275756836
0.31593236327171326
0.20955266058444977
0.9186627268791199
0.6875277757644653
0.5342181921005249
0.7461299300193787
0.9629052877426147
0.47953367233276367
0.7853311896324158
0.8818278312683105
0.7012560963630676
0.10776416957378387
0.12214503437280655
0.5915606021881104
0.9961439371109009
0.6033915877342224
0.5827270746231079
0.7629344463348389
0.5765953063964844
0.6928361058235168
0.7518306970596313
0.9442583918571472
0.3922639489173889
0.04439356178045273
0.9305517077445984
0.07770667970180511
0.6938122510910034
0.5039412975311279
0.08335301280021667
0.438030868768692
0.622937023639679
0.6767832040786743
0.6006364226341248
0.575516939163208
0.2853604853153229
0.4978519678115845
0.44799932837486267
0.9959763884544373
0.9153078198432922
0.9940374493598938
0.5537480711936951
0.9508368968963623
0.21935288608074188
0.3807634115219116
0.7602859735488892
0.14146916568279266
0.9658045172691345
0.6575632095336914
0.4041551649570465
0.8081753253936768
0.796543538570404
0.8670657873153687
0.12825489044189453
0.9518956542015076
0.7020631432533264
0.4353198707103729
0.34676411747932434
0.610579252243042
0.9808676838874817
0.970003068447113
0.13985013961791992
0.10440261662006378
0.21463194489479065
0.11026360839605331
0.1730181723833084
0.23908010125160217
0.6930328011512756
0.3644413948059082
0.5129061937332153
0.8925540447235107
0.02512858249247074
0.7130916118621826
0.10440722852945328
0.6709204912185669
0.11395885795354843
0.8560964465141296
0.9743409156799316
0.1179419457912445
0.43632692098617554
0.5304433107376099
0.7341104745864868
0.22612515091896057
0.49551284313201904
0.5727402567863464
0.02267400175333023
0.9642038345336914
0.4988376796245575
0.38343721628189087
0.4652269184589386
0.3902152478694916
0.8726181387901306
0.32370609045028687
0.482574462890625
0.734131395816803
0.9690002799034119
0.5889365673065186
0.6356664299964905
0.7871766686439514
0.201397106051445
0.2574094533920288
0.9671738743782043
0.1189965158700943
0.5242159366607666
0.1590234786272049
0.03911334648728371
0.20295152068138123
0.6663923859596252
0.025918208062648773
0.07763376086950302
0.5240960121154785
0.61250239610672
0.5357053279876709
0.7349201440811157
0.9758549332618713
0.4012446403503418
0.4476014971733093
0.19376994669437408
0.5865259170532227
0.12273754924535751
0.46951526403427124
0.40429893136024475
0.16818754374980927
0.7344508767127991
0.6944406628608704
0.697340726852417
0.727861762046814
0.545124888420105
0.7895728349685669
0.17503951489925385
0.7425393462181091
0.6977402567863464
0.787521243095398
0.9886468648910522
0.8882184624671936
0.15026678144931793
0.33832815289497375
0.3812894821166992
0.6447626352310181
0.7819674611091614
0.24966688454151154
0.06284079700708389
0.47327566146850586
0.7820909023284912
0.40056952834129333
0.504079282283783
0.32693028450012207
0.49340859055519104
0.672660768032074
0.4772498607635498
0.4760354161262512
0.021239779889583588
0.5256262421607971
0.1866709291934967
0.4005606174468994
0.17312806844711304
0.09688137471675873
0.6205719709396362
0.28564661741256714
0.34860682487487793
0.5363090634346008
0.6165048480033875
0.9265402555465698
0.8230335712432861
0.5719752311706543
0.5640434622764587
0.22035357356071472
0.29905954003334045
0.733769416809082
0.8095760941505432
0.7976600527763367
0.6624839305877686
0.17296671867370605
0.9904255270957947
0.03893657028675079
0.717162013053894
0.12753836810588837
0.34736624360084534
0.4023425281047821
0.4828072786331177
0.2720630466938019
0.32588183879852295
0.39296865463256836
0.48332053422927856
0.6801934242248535
0.7006328701972961
0.6366003751754761
0.9584023356437683
0.04948550835251808
0.1440984159708023
0.5715574026107788
0.22849546372890472
0.3319002389907837
0.6214076280593872
0.3942275643348694
0.12200654298067093
0.7242287993431091
0.5620424747467041
0.8589127063751221
0.8924078941345215
0.6917314529418945
0.3912653923034668
0.4588410556316376
0.012795227579772472
0.1310441642999649
0.8658046126365662
0.6178470849990845
0.8996767997741699
0.8406785726547241
0.7639615535736084
0.2928330600261688
0.3607088625431061
0.7356725335121155
0.2586421072483063
0.9584611654281616
0.6172493696212769
0.12505260109901428
0.4312994182109833
0.881103515625
0.9034340381622314
0.24497222900390625
0.937274694442749
0.18780481815338135
0.6077818274497986
0.42450857162475586
0.5613614916801453
0.7265586853027344
0.9634930491447449
0.18389174342155457
0.2471017837524414
0.3087993562221527
0.2108343094587326
0.02230771817266941
0.5907490253448486
0.6139332056045532
0.3705657124519348
0.060399435460567474
0.36329612135887146
0.4996761083602905
0.5415493249893188
0.2046997845172882
0.8005764484405518
0.7831830978393555
0.399836927652359
0.11653289943933487
0.6030917763710022
0.83376544713974
0.8453289866447449
0.7870205640792847
0.7437910437583923
0.4124172627925873
0.8001633882522583
0.3077203333377838
0.4668450355529785
0.1642555445432663
0.6507478952407837
0.3113084137439728
0.5381912589073181
0.6375126838684082
0.6492170095443726
0.5577712059020996
0.703338086605072
0.11591322720050812
0.5299003720283508
0.8679706454277039
0.6183732151985168
0.7690151929855347
0.2547667622566223
0.6485504508018494
0.8307610154151917
0.18370966613292694
0.4249325394630432
0.2819618582725525
0.02003558725118637
0.8568231463432312
0.4450007975101471
0.8668164014816284
0.4913192093372345
0.06634465605020523
0.2877008616924286
0.1888599991798401
0.47549232840538025
0.4332984387874603
0.819267213344574
0.003073494415730238
0.40694189071655273
0.5490838885307312
0.5238247513771057
0.5791053175926208
0.561397135257721
0.34380772709846497
0.6920618414878845
0.26475876569747925
0.18078012764453888
0.14417840540409088
0.5980739593505859
0.646713137626648
0.2459583729505539
0.08474679291248322
0.6288852095603943
0.6780559420585632
0.2464134842157364
0.6916736960411072
0.1763801872730255
0.11591574549674988
0.26152387261390686
0.48546668887138367
0.5457757115364075
0.8219044804573059
0.9938627481460571
0.9073356986045837
0.5045455694198608
0.8102283477783203
0.17596524953842163
0.6827066540718079
0.9666128158569336
0.3423606753349304
0.7671751379966736
0.6458258628845215
0.8680618405342102
0.9021698832511902
0.34589651226997375
0.7111501693725586
0.2194213569164276
0.051373302936553955
0.96120285987854
0.9286633729934692
0.8740801811218262
0.36268526315689087
0.268239825963974
0.7266093492507935
0.546089231967926
0.9690232872962952
0.8955298662185669
0.14364473521709442
0.8638479709625244
0.19570618867874146
0.3179464638233185
0.509881854057312
0.822047770023346
0.9020959138870239
0.651292085647583
0.21333225071430206
0.9936687350273132
0.34716299176216125
0.46265625953674316
0.31437405943870544
0.8325642943382263
0.4411028325557709
0.7335132360458374
0.30174586176872253
0.46704500913619995
0.3741251528263092
0.19449418783187866
0.029978707432746887
0.6902792453765869
0.9986907243728638
0.2888064384460449
0.29328563809394836
0.7672533988952637
0.4388246238231659
0.13586236536502838
0.14934593439102173
0.5268346071243286
0.8839904069900513
0.5314618349075317
0.8702674508094788
0.46327653527259827
0.46282750368118286
0.28857529163360596
0.8724110722541809
0.321834921836853
0.0687876045703888
0.40847519040107727
0.5243285298347473
0.07722079753875732
0.5434876084327698
0.705302894115448
0.8403179049491882
0.17286927998065948
0.39755186438560486
0.6421048045158386
0.4771450459957123
0.9562016725540161
0.8629634380340576
0.9944709539413452
0.8650700449943542
0.6908382177352905
0.8381978869438171
0.25957560539245605
0.45409145951271057
0.031257543712854385
0.43443623185157776
0.9645760655403137
0.307420015335083
0.3888584077358246
0.9949101209640503
0.718752384185791
0.9241418838500977
0.5394704937934875
0.3971528708934784
0.37902185320854187
0.6911978721618652
0.39639490842819214
0.7110293507575989
0.6719343662261963
0.4390968084335327
0.9421388506889343
0.8724716901779175
0.27259570360183716
0.2733507454395294
0.11358396708965302
0.2870342433452606
0.025592846795916557
0.4508897662162781
0.36994144320487976
0.4028877019882202
0.5875363349914551
0.6663216352462769
0.14904461801052094
0.064212866127491
0.5721369981765747
0.554239809513092
0.06998167186975479
0.43605101108551025
0.8923673629760742
0.2614937424659729
0.34648793935775757
0.4770035147666931
0.2140103280544281
0.8278030753135681
0.10512582957744598
0.7538399696350098
0.3639247715473175
0.1202315017580986
0.48563265800476074
0.7702410221099854
0.8404770493507385
0.6475874185562134
0.2928670048713684
0.872008740901947
0.0576157420873642
0.12100035697221756
0.41027387976646423
0.30899035930633545
0.8986787796020508
0.3966677486896515
0.040097568184137344
0.5828331112861633
0.2202799767255783
0.877348780632019
0.4592359662055969
0.333091676235199
0.3521813154220581
0.8773056268692017
0.5971980690956116
0.3093518316745758
0.583759605884552
0.6545218229293823
0.820131778717041
0.5197548866271973
0.08271517604589462
0.898017406463623
0.03920885920524597
0.21088044345378876
0.890121579170227
0.5864385962486267
0.7123889327049255
0.9431205987930298
0.9413295984268188
0.9386218190193176
0.3444279432296753
0.21889837086200714
0.4006465971469879
0.22190335392951965
0.7963751554489136
0.688267171382904
0.37537017464637756
0.13876105844974518
0.7146708369255066
0.08070384711027145
0.6300141215324402
0.13221220672130585
0.06993242353200912
0.014949752949178219
0.7099539041519165
0.38675007224082947
0.14648425579071045
0.34552571177482605
0.028705550357699394
0.8336920142173767
0.5616201162338257
0.690618634223938
0.36894690990448
0.7836370468139648
0.17173923552036285
0.7427144050598145
0.08666806668043137
0.9113447666168213
0.29433372616767883
0.4912462532520294
0.8800196647644043
0.3658457100391388
0.625795841217041
0.023989712819457054
0.0014150768984109163
0.21452847123146057
0.8865679502487183
0.5159900188446045
0.30600443482398987
0.6698494553565979
0.7661429047584534
0.7151056528091431
0.2857489585876465
0.5662552118301392
0.5119460821151733
0.7969680428504944
0.5457062125205994
0.36931729316711426
0.9832714796066284
0.2525721788406372
0.6183112263679504
0.19094949960708618
0.5474097728729248
0.7710644006729126
0.054238468408584595
0.2537279725074768
0.3927040994167328
0.4363488256931305
0.4615737199783325
0.5800939202308655
0.3223669230937958
0.715535044670105
0.2132839411497116
0.05737423896789551
0.31644970178604126
0.942514181137085
0.3315867483615875
0.6046527624130249
0.03730476647615433
0.8390917778015137
0.12366587668657303
0.29317936301231384
0.6193315386772156
0.8055922389030457
0.5074654221534729
0.7257528305053711
0.3026634156703949
0.989366888999939
0.8374403715133667
0.4421754479408264
0.8909776210784912
0.3478609621524811
0.9026649594306946
0.20067748427391052
0.5470585823059082
0.24038945138454437
0.9074782133102417
0.4166257083415985
0.9303262829780579
0.5743154287338257
0.18589092791080475
0.4616946578025818
0.951313316822052
0.03514689952135086
0.676071286201477
0.48782697319984436
0.07263247668743134
0.38741493225097656
0.2916255295276642
0.6578013300895691
0.29649344086647034
0.060686446726322174
0.47139427065849304
0.8658757209777832
0.2226439118385315
0.9192480444908142
0.8547056317329407
0.7452902793884277
0.08455614745616913
0.5357546806335449
0.0307308416813612
0.21772705018520355
0.8999178409576416
0.5215176939964294
0.5718638896942139
0.45212143659591675
0.6644648313522339
0.4122333824634552
0.2467673271894455
0.2281402051448822
0.9586310982704163
0.3505919277667999
0.6970891356468201
0.6682669520378113
0.2114221453666687
0.5714619755744934
0.9622624516487122
0.4258940815925598
0.05559305101633072
0.44863665103912354
0.37711209058761597
0.4027114510536194
0.022856423631310463
0.0010641198605298996
0.18624000251293182
0.9084960222244263
0.1438409984111786
0.6457719802856445
0.4101869463920593
0.5527045130729675
0.7384011745452881
0.7331738471984863
0.2610063850879669
0.8511497378349304
0.35046568512916565
0.19974350929260254
0.7196913361549377
0.42728719115257263
0.623734176158905
0.26595672965049744
0.7419497966766357
0.7206407189369202
0.5468151569366455
0.0921216830611229
0.6912074685096741
0.4616949260234833
0.3226976990699768
0.5439260601997375
0.05281425267457962
0.9523346424102783
0.30793625116348267
0.023711057379841805
0.6986858248710632
0.08044406026601791
0.04102771729230881
0.8364089727401733
0.6828926205635071
0.4265158772468567
0.41927993297576904
0.22800078988075256
0.42307549715042114
0.28909778594970703
0.7474772334098816
0.4123617112636566
0.4730231761932373
0.5910012722015381
0.4434254765510559
0.7996368408203125
0.2977527678012848
0.051773641258478165
0.9109159708023071
0.5901484489440918
0.7806269526481628
0.4367702305316925
0.410030335187912
0.19581851363182068
0.06804188340902328
0.9069529175758362
0.3148495852947235
0.5649750232696533
0.5188389420509338
0.9671710729598999
0.8446284532546997
0.5381379723548889
0.16510485112667084
0.9595945477485657
0.45834919810295105
0.8830737471580505
0.740365207195282
0.40447866916656494
0.05741483345627785
0.20554029941558838
0.5420787334442139
0.09778643399477005
0.4466181695461273
0.11009743064641953
0.4055262506008148
0.9413291811943054
0.4670994281768799
0.14135724306106567
0.33162781596183777
0.42466506361961365
0.5334783792495728
0.696327805519104
0.39229390025138855
0.2982589900493622
0.24966181814670563
0.2869366705417633
0.4311162233352661
0.4166625440120697
0.8691694736480713
0.9574612975120544
0.08611787855625153
0.9893314242362976
0.8375686407089233
0.17635801434516907
0.10993379354476929
0.7974606156349182
0.5591360330581665
0.7541466951370239
0.0064325337298214436
0.416376531124115
0.44048264622688293
0.45071810483932495
0.6468284130096436
0.1499481350183487
0.7836188673973083
0.8595517873764038
0.11747080087661743
0.986232578754425
0.8911354541778564
0.3658866882324219
0.7669991254806519
0.8223806619644165
0.8552477359771729
0.035356730222702026
0.4136958420276642
0.6277512907981873
0.13307641446590424
0.27837249636650085
0.5921234488487244
0.047076646238565445
0.49934321641921997
0.8653308749198914
0.22787487506866455
0.017375435680150986
0.4771476089954376
0.9668012857437134
0.4633729159832001
0.2692902088165283
0.3892608880996704
0.5836197733879089
0.906943142414093
0.8773267269134521
0.5891393423080444
0.9840216636657715
0.49449339509010315
0.2853207290172577
0.3999793231487274
0.06802729517221451
0.3127442002296448
0.18521004915237427
0.8152640461921692
0.10665930807590485
0.5081628561019897
0.42993828654289246
0.7600199580192566
0.2287481278181076
0.006169185042381287
0.8887400031089783
0.26805731654167175
0.5234700441360474
0.5210362076759338
0.819637656211853
0.15221817791461945
0.5334455370903015
0.6446685194969177
0.8759709596633911
0.7188064455986023
0.8411473631858826
0.028260497376322746
0.0962115004658699
0.11277708411216736
0.08478689193725586
0.9372503757476807
0.4285798668861389
0.12825606763362885
0.6945049166679382
0.2870979905128479
0.11306951195001602
0.7371279001235962
0.42409390211105347
0.42018723487854004
0.3066989481449127
0.4138946831226349
0.3739865720272064
0.38876500725746155
0.2589911222457886
0.4048091769218445
0.23605473339557648
0.34284234046936035
0.1453283578157425
0.300946444272995
0.8922232985496521
0.3567267656326294
0.5239808559417725
0.9376764893531799
0.8603318333625793
0.7278178334236145
0.9898287653923035
0.19695338606834412
0.28632864356040955
0.3278615474700928
0.2843766212463379
0.1088620275259018
0.9589367508888245
0.7486846446990967
0.5966287851333618
0.6269323229789734
0.03854294866323471
0.34575355052948
0.269739031791687
0.7979443073272705
0.9526270627975464
0.7754538059234619
0.31814026832580566
0.38196051120758057
0.20420381426811218
0.786498486995697
0.6038190722465515
0.699705958366394
0.6449745297431946
0.11601809412240982
0.6381550431251526
0.01949942484498024
0.3102884292602539
0.1586836874485016
0.3279878795146942
0.5010274648666382
0.710443377494812
0.6336602568626404
0.47688257694244385
0.5339274406433105
0.7234761118888855
0.21798075735569
0.3603883683681488
0.01132727600634098
0.4032502770423889
0.6381217837333679
0.10669272392988205
0.14933812618255615
0.686091423034668
0.10953102260828018
0.5604410171508789
0.3385963439941406
0.9610199332237244
0.8682566285133362
0.3947463035583496
0.7742716670036316
0.8431118726730347
0.8394050002098083
0.44098880887031555
0.5470552444458008
0.2500346899032593
0.6801818609237671
0.583845853805542
0.6398972272872925
0.984641969203949
0.7686200737953186
0.49160265922546387
0.3777906596660614
0.39343494176864624
0.9489431381225586
0.839503824710846
0.08578860759735107
0.47632896900177
0.4530397951602936
0.9589236974716187
0.6535629630088806
0.85509192943573
0.9236672520637512
0.10397900640964508
0.24450072646141052
0.9302271604537964
0.06097205728292465
0.04634273424744606
0.20154103636741638
0.7213122844696045
0.8236465454101562
0.3788051903247833
0.0808614045381546
0.52659672498703
0.1298178881406784
0.74362713098526
0.9345270395278931
0.028491709381341934
0.11580220609903336
0.7013668417930603
0.14597874879837036
0.18424619734287262
0.3711140751838684
0.6583592891693115
0.04992593824863434
0.04099087044596672
0.8708341121673584
0.10748109221458435
0.9408801794052124
0.8955523371696472
0.7323043346405029
0.7604867219924927
0.4836812913417816
0.9569538235664368
0.003895597066730261
0.03644826263189316
0.6853095889091492
0.13981619477272034
0.78948575258255
0.7538783550262451
0.1890161633491516
0.5236814022064209
0.5773928761482239
0.4559331238269806
0.4015772342681885
0.22414377331733704
0.8943293690681458
0.006188749335706234
0.24956098198890686
0.8198619484901428
0.353507936000824
0.49281367659568787
0.5278498530387878
0.7367501854896545
0.14142416417598724
0.5773856043815613
0.3010789752006531
0.5284775495529175
0.6669968962669373
0.654877245426178
0.24977631866931915
0.24721454083919525
0.1852492392063141
0.009325357154011726
0.3087742030620575
0.5963221192359924
0.5121936202049255
0.2494150549173355
0.628500759601593
0.3756464123725891
0.17758876085281372
0.5167368054389954
0.4554084241390228
0.5975309610366821
0.6685767769813538
0.8793548345565796
0.6554099321365356
0.9782463908195496
0.4309982359409332
0.8326826691627502
0.23515576124191284
0.7256119847297668
0.2577662467956543
0.08369001746177673
0.2294304072856903
0.02423197217285633
0.29913976788520813
0.7984029650688171
0.15467455983161926
0.3625299334526062
0.6927986145019531
0.8375506401062012
0.4214048981666565
0.49017322063446045
0.7501554489135742
0.00020161033899057657
0.2952435612678528
0.40750768780708313
0.31091028451919556
0.0273712370544672
0.0046609677374362946
0.48419129848480225
0.04571888595819473
0.8334899544715881
0.21468926966190338
0.812630295753479
0.980779767036438
0.6836794018745422
0.6284022927284241
0.6641971468925476
0.3317292034626007
0.7412434220314026
0.8963109254837036
0.29934030771255493
0.013867976143956184
0.7377284169197083
0.7995796203613281
0.4985094666481018
0.8086135983467102
0.8172041177749634
0.8549366593360901
0.17765562236309052
0.2884916663169861
0.9880535006523132
0.6906218528747559
0.013362539932131767
0.4124700427055359
0.8974225521087646
0.682866096496582
0.34642913937568665
0.8826322555541992
0.6837812662124634
0.09539718180894852
0.34272846579551697
0.49254000186920166
0.6726418733596802
0.1266629695892334
0.12220142036676407
0.8563469052314758
0.786740779876709
0.7871816754341125
0.30175837874412537
0.8637018203735352
0.787918210029602
0.5623050332069397
0.6344048976898193
0.2040417492389679
0.837108850479126
0.5164366364479065
0.703996479511261
0.3801368176937103
0.1684391051530838
0.8688945770263672
0.0665978491306305
0.2448083609342575
0.20289292931556702
0.8664426207542419
0.3186347186565399
0.8876913189888
0.4488818943500519
0.4467630386352539
0.04742502048611641
0.14086394011974335
0.3176240622997284
0.7812734842300415
0.16436751186847687
0.28518906235694885
0.9220873713493347
0.9584023356437683
0.8383080363273621
0.6971052289009094
0.897841215133667
0.3963755667209625
0.05208706110715866
0.7064326405525208
0.20041126012802124
0.9468489289283752
0.5962520837783813
0.34821248054504395
0.6973437666893005
0.353267103433609
0.20026184618473053
0.9825609922409058
0.7625378966331482
0.5328619480133057
0.8410969376564026
0.7654670476913452
0.08207415789365768
0.02631332166492939
0.6259396076202393
0.644385814666748
0.30155593156814575
0.010294265113770962
0.5563651919364929
0.42964035272598267
0.043635714799165726
0.1502983570098877
0.33953213691711426
0.833347737789154
0.29756414890289307
0.9856714010238647
0.8758049607276917
0.04798731952905655
0.941264271736145
0.49076998233795166
0.8854194283485413
0.5436433553695679
0.295978844165802
0.9211969375610352
0.25198230147361755
0.7665433287620544
0.3831786811351776
0.7379370331764221
0.6436630487442017
0.2019384205341339
0.10312005132436752
0.44925349950790405
0.7083842158317566
0.5645090341567993
0.9269941449165344
0.22790126502513885
0.14690282940864563
0.06531877815723419
0.9215306043624878
0.43694838881492615
0.37289318442344666
0.5699911713600159
0.4911312758922577
0.07755035161972046
0.8763191103935242
0.23783545196056366
0.02784079499542713
0.5237531661987305
0.43336647748947144
0.20507672429084778
0.40959611535072327
0.5703509449958801
0.5955036282539368
0.44570019841194153
0.31362059712409973
0.1402115672826767
0.41503801941871643
0.9561418294906616
0.8784548044204712
0.2023247480392456
0.16897660493850708
0.795416533946991
0.4864310920238495
0.631961464881897
0.44031792879104614
0.4571153223514557
0.5006728172302246
0.08761358261108398
0.15846502780914307
0.6898980736732483
0.5407779812812805
0.6351277232170105
0.33017656207084656
0.004549186676740646
0.5146490335464478
0.8146886229515076
0.5926281809806824
0.9845808148384094
0.22236180305480957
0.9669680595397949
0.20132692158222198
0.8866884112358093
0.2953490912914276
0.7706120610237122
0.2754402756690979
0.3748929500579834
0.37125322222709656
0.6141265630722046
0.9799691438674927
0.5937026143074036
0.055481527000665665
0.5570762753486633
0.7419567704200745
0.6071898937225342
0.04422367736697197
0.7410808205604553
0.19816134870052338
0.7828834056854248
0.5851594805717468
0.7938318848609924
0.2748551070690155
0.6233991980552673
0.4636218845844269
0.9252094030380249
0.32413649559020996
0.3075816333293915
0.10713225603103638
0.06777093559503555
0.5187962651252747
0.13637249171733856
0.18842813372612
0.7155423760414124
0.806159496307373
0.5319263339042664
0.10168427973985672
0.5533639788627625
0.9567060470581055
0.3179432451725006
0.9737406969070435
0.8561990261077881
0.22129864990711212
0.5416656136512756
0.12504583597183228
0.2603643536567688
0.03713845834136009
0.1880829632282257
0.1692029982805252
0.21280412375926971
0.034224096685647964
0.7082517743110657
0.7623021602630615
0.11593689769506454
0.17760975658893585
0.47842738032341003
0.9455523490905762
0.24287927150726318
0.8816488981246948
0.12383479624986649
0.31556081771850586
0.30953752994537354
0.10568935424089432
0.5003425478935242
0.3125733733177185
0.8929312229156494
0.2670111656188965
0.7023758292198181
0.07919485867023468
0.7830607295036316
0.6788852214813232
0.8986854553222656
0.14549551904201508
0.9448702335357666
0.6614984273910522
0.3092283606529236
0.1815018355846405
0.2699042856693268
0.842693030834198
0.7870012521743774
0.4398176670074463
0.5725712776184082
0.29549717903137207
0.38473284244537354
0.5756857395172119
0.30420470237731934
0.17555589973926544
0.7012636065483093
0.8738183975219727
0.16481834650039673
0.33187341690063477
0.045244891196489334
0.4342595934867859
0.7282063364982605
0.3324630558490753
0.01646517962217331
0.29599085450172424
0.8641671538352966
0.21807439625263214
0.6956995725631714
0.2981628179550171
0.6367622017860413
0.7199217081069946
0.2769222557544708
0.525992214679718
0.7886714935302734
0.8689268827438354
0.5893163681030273
0.6268416047096252
0.4659935534000397
0.3086186647415161
0.8184508681297302
0.7487378120422363
0.10695967078208923
0.37923818826675415
0.7730194926261902
0.7661812901496887
0.48778119683265686
0.04679228365421295
0.12308213859796524
0.7490538358688354
0.8539487719535828
0.9018795490264893
0.3711901605129242
0.4241998791694641
0.05982246249914169
0.9093719720840454
0.1478944718837738
0.5844753384590149
0.5992825031280518
0.053683966398239136
0.38805851340293884
0.6088765859603882
0.8130048513412476
0.23469768464565277
0.4088280200958252
0.030387798324227333
0.7176357507705688
0.49481409788131714
0.15590010583400726
0.5537207126617432
0.4129082262516022
0.23390328884124756
0.9833450317382812
0.9457812309265137
0.6770520806312561
0.8170321583747864
0.5462566018104553
0.04616203531622887
0.7639135718345642
0.8659563064575195
0.15609972178936005
0.3388844132423401
0.025314761325716972
0.2687828540802002
0.8218483924865723
0.6428557634353638
0.2447480857372284
0.14490444958209991
0.9405105113983154
0.4081377685070038
0.4877687990665436
0.6671611666679382
0.9536394476890564
0.6781392097473145
0.6143290996551514
0.2625141441822052
0.6976329684257507
0.10902979969978333
0.8376984596252441
0.030346546322107315
0.30422237515449524
0.46087124943733215
0.2681633532047272
0.581925630569458
0.8912212252616882
0.3700996935367584
0.6807129979133606
0.4012542963027954
0.8111793994903564
0.9454604983329773
0.331076979637146
0.3766331374645233
0.2789728045463562
0.3956018090248108
0.5600073337554932
0.13652613759040833
0.4706680476665497
0.3763519525527954
0.5977466702461243
0.5936324596405029
0.8904326558113098
0.4345610439777374
0.48627594113349915
0.0540776401758194
0.8031874299049377
0.29233983159065247
0.5424827933311462
0.03410394489765167
0.22803393006324768
0.25361570715904236
0.5006120800971985
0.6459702253341675
0.9420337080955505
0.21982260048389435
0.85573410987854
0.8696538805961609
0.5055446028709412
0.6872470378875732
0.8954163789749146
0.5154513716697693
0.6968011260032654
0.7812559008598328
0.20102810859680176
0.6233226656913757
0.5620527267456055
0.895023763179779
0.5110239386558533
0.33221670985221863
0.14000794291496277
0.9153972864151001
0.6446532011032104
0.2794230282306671
0.8748210668563843
0.752525806427002
0.6103043556213379
0.0521235428750515
0.2597709596157074
0.21952380239963531
0.008390821516513824
0.5295283794403076
0.8584551215171814
0.5794156789779663
0.09905365854501724
0.7116266489028931
0.36766916513442993
0.6573765277862549
0.4130699038505554
0.7453329563140869
0.9724472761154175
0.18919961154460907
0.15459080040454865
0.941267728805542
0.9395265579223633
0.4911462664604187
0.8596287369728088
0.7570751905441284
0.6947115659713745
0.8291068077087402
0.11355607211589813
0.6051153540611267
0.4648183584213257
0.28798338770866394
0.29824963212013245
0.06807822734117508
0.4542193114757538
0.779224157333374
0.33743950724601746
0.08541885018348694
0.9790464639663696
0.348317950963974
0.6973391175270081
0.4315008819103241
0.29153889417648315
0.06654733419418335
0.4466061592102051
0.35480260848999023
0.34427350759506226
0.18227510154247284
0.3655741810798645
0.29952341318130493
0.07004781812429428
0.6893472671508789
0.28173813223838806
0.20329692959785461
0.8146817684173584
0.3921926021575928
0.9960189461708069
0.0689384937286377
0.26055389642715454
0.2753843069076538
0.6146056056022644
0.3278452754020691
0.6197346448898315
0.22624580562114716
0.2126430869102478
0.952120304107666
0.2782125771045685
0.23815418779850006
0.4359413981437683
0.5453717708587646
0.4895547330379486
0.10507047176361084
0.6545335650444031
0.9392263293266296
0.023045022040605545
0.489795058965683
0.27297237515449524
0.6337745189666748
0.01445834431797266
0.8457762598991394
0.9338207840919495
0.5959569215774536
0.3166744112968445
0.9296064376831055
0.9020605683326721
0.7585693001747131
0.44441184401512146
0.37649163603782654
0.03809710219502449
0.3686826527118683
0.6872832775115967
0.6348496079444885
0.2492760866880417
0.6151487827301025
0.2876027524471283
0.536270260810852
0.9496898651123047
0.7804074883460999
0.06595867872238159
0.3230414092540741
0.601333737373352
0.831006646156311
0.20929953455924988
0.920322060585022
0.1734308898448944
0.6414191126823425
0.194174662232399
0.8054063320159912
0.6574029922485352
0.5438240170478821
0.02971075288951397
0.5995360612869263
0.4087280333042145
0.16868898272514343
0.14573319256305695
0.8143218159675598
0.05994236096739769
0.4368430972099304
0.7090682983398438
0.7344194054603577
0.6798825860023499
0.0752037987112999
0.43266066908836365
0.9920516014099121
0.9225923418998718
0.9244232773780823
0.8734164834022522
0.04682253301143646
0.693595290184021
0.440872460603714
0.6472373604774475
0.22655101120471954
0.6098900437355042
0.23259475827217102
0.3144776225090027
0.8848575353622437
0.6466402411460876
0.17155757546424866
0.5062698125839233
0.3102380633354187
0.13606007397174835
0.34902143478393555
0.01885906048119068
0.9250392317771912
0.00299570569768548
0.14511913061141968
0.8715386390686035
0.6400284171104431
0.5855227112770081
0.7622630000114441
0.9074560403823853
0.4397113025188446
0.801580011844635
0.7185528874397278
0.57896888256073
0.36400580406188965
0.6703784465789795
0.8199362754821777
0.9880048036575317
0.13198840618133545
0.38919463753700256
0.8006653785705566
0.43849673867225647
0.07912582904100418
0.5515316128730774
0.6489316821098328
0.8795663714408875
0.03122789040207863
0.48526763916015625
0.29839861392974854
0.2083907425403595
0.6272121071815491
0.05754610523581505
0.3290559649467468
0.1596653014421463
0.8079301714897156
0.15613603591918945
0.8788654804229736
0.37744003534317017
0.4971032440662384
0.6440922617912292
0.809015154838562
0.6010196208953857
0.615276575088501
0.9093010425567627
0.2481408566236496
0.9357406497001648
0.7540431022644043
0.973823070526123
0.7529468536376953
0.12105429172515869
0.46212777495384216
0.534515380859375
0.7888416647911072
0.461314857006073
0.8361965417861938
0.32744160294532776
0.031092103570699692
0.5660052299499512
0.7149085998535156
0.014862128533422947
0.48363587260246277
0.936235785484314
0.2385076880455017
0.32006287574768066
0.4415472745895386
0.23082536458969116
0.8329588174819946
0.9150905609130859
0.9678105711936951
0.3220512568950653
0.8194485306739807
0.4359056055545807
0.10919123142957687
0.18505944311618805
0.6664524674415588
0.6829931735992432
0.6244205236434937
0.7062280178070068
0.40348124504089355
0.5196011662483215
0.454791784286499
0.9065679311752319
0.4427297115325928
0.540693461894989
0.6374369263648987
0.7895945906639099
0.49071964621543884
0.4081808924674988
0.8931320905685425
0.013439267873764038
0.6425588130950928
0.6430785059928894
0.948494553565979
0.19468921422958374
0.8119248151779175
0.43587663769721985
0.08147028833627701
0.43450215458869934
0.4875744879245758
0.4041786193847656
0.9428656101226807
0.890416145324707
0.7165960073471069
0.9242494106292725
0.6231672763824463
0.5822998285293579
0.7661842107772827
0.03443276137113571
0.12376707047224045
0.012095799669623375
0.24139881134033203
0.8434575200080872
0.9765628576278687
0.9806613326072693
0.04528440535068512
0.07645966112613678
0.9436905384063721
0.1348806470632553
0.6305968761444092
0.32118114829063416
0.5553507208824158
0.24154561758041382
0.94314044713974
0.1748843938112259
0.7634896039962769
0.4712236821651459
0.04813913255929947
0.19077084958553314
0.8025158643722534
0.01334407553076744
0.26802858710289
0.8317953944206238
0.6786308884620667
0.4398878514766693
0.6941480040550232
0.03157297894358635
0.8511741161346436
0.38860130310058594
0.695960521697998
0.7737658023834229
0.7595378756523132
0.38931435346603394
0.11260806769132614
0.24273830652236938
0.8225702047348022
0.3207877576351166
0.8225122094154358
0.012413057498633862
0.2239067703485489
0.5306687355041504
0.017124563455581665
0.7621318697929382
0.6917897462844849
0.5602476596832275
0.17475681006908417
0.1954433172941208
0.31239086389541626
0.20833899080753326
0.6150728464126587
0.6339390873908997
0.9184507131576538
0.5063076615333557
0.40392258763313293
0.7630034685134888
0.1657053530216217
0.17338192462921143
0.4193766117095947
0.13246341049671173
0.7228221297264099
0.9423245191574097
0.3121340870857239
0.9311673641204834
0.8984702825546265
0.7189972400665283
0.32014304399490356
0.36185285449028015
0.8610936999320984
0.18365046381950378
0.9728406667709351
0.8851413130760193
0.030145181342959404
0.05580076947808266
0.36331021785736084
0.5665755271911621
0.24511438608169556
0.002283223671838641
0.20146773755550385
0.6715128421783447
0.20718197524547577
0.032171785831451416
0.6746803522109985
0.5786046981811523
0.2490791529417038
0.9057978391647339
0.24912825226783752
0.41187459230422974
0.9947009086608887
0.11951515078544617
0.9114336967468262
0.029138578101992607
0.2706335484981537
0.396351158618927
0.45293107628822327
0.8141033053398132
0.059911392629146576
0.25968948006629944
0.09301208704710007
0.33159729838371277
0.6508858799934387
0.11055117100477219
0.23336322605609894
0.49655476212501526
0.6931684017181396
0.7416062355041504
0.7941147685050964
0.7028138637542725
0.2029394805431366
0.7404767870903015
0.36704424023628235
0.5863910913467407
0.8942479491233826
0.8026014566421509
0.720551609992981
0.3277200162410736
0.5084388256072998
0.3603554666042328
0.5401499271392822
0.06100241839885712
0.8797833919525146
0.3295760750770569
0.8283376693725586
0.06338366866111755
0.36985835433006287
0.11587633192539215
0.08601123094558716
0.8652480840682983
0.8446212410926819
0.1531323939561844
0.035888735204935074
0.738621711730957
0.29254665970802307
0.8662059903144836
0.8707173466682434
0.10318759083747864
0.2643982172012329
0.43826058506965637
0.1628732532262802
0.17177675664424896
0.124712273478508
0.4199328124523163
0.13625551760196686
0.6054162979125977
0.4390793740749359
0.13124527037143707
0.5608426928520203
0.9656688570976257
0.9920556545257568
0.5026375651359558
0.06041250377893448
0.3003496825695038
0.9276048541069031
0.5380828976631165
0.1510002315044403
0.7932367920875549
0.642088770866394
0.3021562993526459
0.6212106347084045
0.29497072100639343
0.9275155067443848
0.7801212072372437
0.21453632414340973
0.6935698986053467
0.5200811624526978
0.9819391965866089
0.23689010739326477
0.07921752333641052
0.913201630115509
0.13606765866279602
0.9579281806945801
0.6002458930015564
0.6345683932304382
0.6571478247642517
0.31334808468818665
0.6557061672210693
0.542357861995697
0.6150718927383423
0.6409343481063843
0.14902696013450623
0.4960099756717682
0.9676988124847412
0.4488629698753357
0.6692425608634949
0.19961805641651154
0.7967308759689331
0.11104927211999893
0.6556309461593628
0.7052440047264099
0.8334488868713379
0.9291561841964722
0.9190365076065063
0.24874117970466614
0.7621385455131531
0.9170907735824585
0.8299877047538757
0.9873390793800354
0.2173507958650589
0.12526555359363556
0.6854098439216614
0.3469228446483612
0.8052381873130798
0.13319893181324005
0.6814091205596924
0.14582419395446777
0.14705349504947662
0.3544517457485199
0.08758987486362457
0.3946428596973419
0.6492466926574707
0.17195311188697815
0.008099646307528019
0.6280972361564636
0.7514750957489014
0.38175293803215027
0.8761974573135376
0.9527038931846619
0.13298173248767853
0.1364951878786087
0.8881216049194336
0.42513877153396606
0.12729424238204956
0.8757321238517761
0.6712711453437805
0.259334534406662
0.7567068338394165
0.3452046513557434
0.3267427384853363
0.9259774088859558
0.5458215475082397
0.7187051177024841
0.928408682346344
0.04071351885795593
0.7712365984916687
0.20444677770137787
0.7347334623336792
0.8587747812271118
0.23786431550979614
0.22915363311767578
0.5462431311607361
0.06196318566799164
0.20734138786792755
0.5705043077468872
0.13683556020259857
0.5717639327049255
0.15721163153648376
0.7156085968017578
0.33303260803222656
0.9967449903488159
0.7192491292953491
0.18975341320037842
0.1949496567249298
0.5933130383491516
0.15192334353923798
0.2770857512950897
0.02013072371482849
0.808736264705658
0.5916898846626282
0.7969444394111633
0.5501142740249634
0.19033794105052948
0.8225132822990417
0.8718916773796082
0.237355574965477
0.6374387741088867
0.19784152507781982
0.8079580068588257
0.5765911936759949
0.3649754822254181
0.34317225217819214
0.560135543346405
0.27445465326309204
0.6655300855636597
0.9722302556037903
0.6362625360488892
0.4280446171760559
0.9326462745666504
0.22591792047023773
0.016770485788583755
0.663661777973175
0.36035481095314026
0.20864979922771454
0.46243590116500854
0.535541296005249
0.7126191258430481
0.5821563005447388
0.9199389219284058
0.6064473986625671
0.17339377105236053
0.24607917666435242
0.48915353417396545
0.5513438582420349
0.13371619582176208
0.24805985391139984
0.012293769977986813
0.046018071472644806
0.12110921740531921
0.746526837348938
0.8864105939865112
0.18840055167675018
0.08011126518249512
0.10567209124565125
0.7584065198898315
0.023376192897558212
0.4879157841205597
0.15179620683193207
0.5531951189041138
0.2161749005317688
0.8358790874481201
0.13564413785934448
0.5743176341056824
0.3168894648551941
0.22159381210803986
0.8721933960914612
0.14037875831127167
0.43632039427757263
0.45635324716567993
0.39275798201560974
0.39335307478904724
0.27850550413131714
0.9890466332435608
0.10177446901798248
0.2651122212409973
0.7305424213409424
0.2180972695350647
0.7199314832687378
0.6909682750701904
0.5370790958404541
0.63340163230896
0.08801577985286713
0.928595781326294
0.5945398211479187
0.20584090054035187
0.8134434819221497
0.01632213406264782
0.3906455338001251
0.8105485439300537
0.10613110661506653
0.5000351667404175
0.421443909406662
0.7841491103172302
0.2156659960746765
0.25493818521499634
0.2607920467853546
0.5793079137802124
0.38826847076416016
0.06476649641990662
0.567488431930542
0.32756727933883667
0.2641536295413971
0.7486593723297119
0.9462382197380066
0.2207692265510559
0.031690564006567
0.4472283720970154
0.33905279636383057
0.6989299654960632
0.08093690127134323
0.3056439459323883
0.31846073269844055
0.46396270394325256
0.1497558206319809
0.5738360285758972
0.5866347551345825
0.7123852968215942
0.24963751435279846
0.14701564610004425
0.9116037487983704
0.18592539429664612
0.39046555757522583
0.5151926875114441
0.3967941701412201
0.768125057220459
0.5893791913986206
0.1267538219690323
0.39108267426490784
0.3858204782009125
0.3614075481891632
0.8730137944221497
0.6304481625556946
0.15129193663597107
0.25475090742111206
0.7830064296722412
0.15082113444805145
0.8559419512748718
0.8467121124267578
0.5231873989105225
0.10063692182302475
0.29164057970046997
0.8497557044029236
0.5052684545516968
0.08323799818754196
0.14340291917324066
0.4341720640659332
0.30981287360191345
0.24976249039173126
0.7450523972511292
0.3113561272621155
0.6232618093490601
0.3036631941795349
0.530292272567749
0.9111480116844177
0.7930176854133606
0.5098687410354614
0.24471327662467957
0.6395829319953918
0.15047025680541992
0.6391653418540955
0.03990352898836136
0.9654226899147034
0.5958833694458008
0.4436880648136139
0.333941251039505
0.3681773543357849
0.5414263010025024
0.7434104084968567
0.5701712965965271
0.18923397362232208
0.343269020318985
0.5242319703102112
0.7044919729232788
0.38489240407943726
0.4224868714809418
0.15471762418746948
0.1885288953781128
0.9967769980430603
0.04896239563822746
0.7347844243049622
0.16310353577136993
0.21316398680210114
0.39475956559181213
0.2927302420139313
0.29425591230392456
0.7948135137557983
0.8307961821556091
0.983092725276947
0.6312819719314575
0.4791718125343323
0.7714753150939941
0.3566358983516693
0.8843109607696533
0.3981500267982483
0.5705918073654175
0.16922469437122345
0.3223637342453003
0.020801154896616936
0.6060782670974731
0.14686858654022217
0.10590700060129166
0.592451274394989
0.24000254273414612
0.5347260236740112
0.6602969169616699
0.13509050011634827
0.46815308928489685
0.14272113144397736
0.976230800151825
0.5099835991859436
0.7464702129364014
0.9816600680351257
0.8644841313362122
0.8421010375022888
0.8416297435760498
0.879289984703064
0.7747563123703003
0.3618096709251404
0.20622584223747253
0.9512701630592346
0.847780168056488
0.6908842325210571
0.24116572737693787
0.8454512357711792
0.6490458846092224
0.21031531691551208
0.08117347955703735
0.03331770747900009
0.4486050307750702
0.16058272123336792
0.7035041451454163
0.36430761218070984
0.33594462275505066
0.738135039806366
0.4241670072078705
0.8229410648345947
0.4896789789199829
0.08560836315155029
0.24981853365898132
0.4422643184661865
0.8313054442405701
0.26898929476737976
0.8000459671020508
0.22942331433296204
0.14567571878433228
0.0004811820690520108
0.27872562408447266
0.8974020481109619
0.10545720905065536
0.7788641452789307
0.4170786440372467
0.36284947395324707
0.4489888846874237
0.4294838011264801
0.8922004699707031
0.9958605170249939
0.39748960733413696
0.533018946647644
0.0760781392455101
0.25499823689460754
0.8998313546180725
0.8328191637992859
0.6223995089530945
0.48917508125305176
0.9329373836517334
0.9257867336273193
0.7344815135002136
0.9193477630615234
0.10788993537425995
0.6105654835700989
0.6369562745094299
0.755391538143158
0.04248280078172684
0.5692804455757141
0.8339294791221619
0.3092373013496399
0.9121747612953186
0.4405454099178314
0.22793972492218018
0.8965352773666382
0.7064905762672424
0.27316877245903015
0.7037855982780457
0.6595600843429565
0.12091793119907379
0.31256580352783203
0.39442694187164307
0.5854556560516357
0.5384114384651184
0.49335184693336487
0.3961019515991211
0.9398514032363892
0.5152720808982849
0.6911692023277283
0.8615997433662415
0.9524556398391724
0.3061569035053253
0.46622952818870544
0.21869157254695892
0.7469072341918945
0.13126850128173828
0.4299829304218292
0.18783389031887054
0.1654261201620102
0.6990419626235962
0.06881596148014069
0.3861405551433563
0.5909449458122253
0.47246432304382324
0.9909093379974365
0.2870473265647888
0.2111847996711731
0.6761288642883301
0.11666931211948395
0.6253650188446045
0.5072098970413208
0.1661561131477356
0.7642382383346558
0.08025366812944412
0.1398358941078186
0.4869098365306854
0.9061287045478821
0.1363833248615265
0.053224775940179825
0.21281225979328156
0.4464721083641052
0.762107789516449
0.9583455920219421
0.523752748966217
0.9586686491966248
0.7681957483291626
0.2698829770088196
0.5199881196022034
0.47961801290512085
0.9812225103378296
0.23237250745296478
0.3003133535385132
0.8337229490280151
0.5059632658958435
0.6319250464439392
0.35095030069351196
0.14919161796569824
0.756514310836792
0.8324012160301208
0.5988804697990417
0.27100232243537903
0.6001434326171875
0.4978989064693451
0.252824068069458
0.5270936489105225
0.5712294578552246
0.08807097375392914
0.3882765471935272
0.8002471923828125
0.8566080331802368
0.9905246496200562
0.4736427664756775
0.20738327503204346
0.9050561785697937
0.28674963116645813
0.008010685443878174
0.9670992493629456
0.6544554829597473
0.28497985005378723
0.9704266786575317
0.6395077109336853
0.7887799739837646
0.5369409322738647
0.08258526772260666
0.9691493511199951
0.9239620566368103
0.6633428931236267
0.3916815221309662
0.5400626063346863
0.9048755168914795
0.2581130862236023
0.13901256024837494
0.2066826969385147
0.7726578712463379
0.7813589572906494
0.41692277789115906
0.7322264909744263
0.012441612780094147
0.1421898752450943
0.34499090909957886
0.08372069150209427
0.1399691253900528
0.981930136680603
0.22532743215560913
0.46476849913597107
0.9596642255783081
0.10486149787902832
0.4936085045337677
0.7764090299606323
0.8904265761375427
0.08073931932449341
0.9532425999641418
0.8662234544754028
0.5483664870262146
0.4211139380931854
0.24381065368652344
0.47997012734413147
0.02088060975074768
0.6195648312568665
0.6307118535041809
0.2948642671108246
0.9532051086425781
0.7207890748977661
0.12260927259922028
0.513229489326477
0.08192702382802963
0.3642749488353729
0.03916991502046585
0.23186790943145752
0.0021004644222557545
0.7887333035469055
0.8313953876495361
0.7199746370315552
0.6225218772888184
0.7015166282653809
0.2267005443572998
0.1869824081659317
0.5721885561943054
0.9645239114761353
0.3832796514034271
0.714660108089447
0.3218567967414856
0.01277494803071022
0.2718846797943115
0.1067727580666542
0.9743399620056152
0.2771267592906952
0.28610867261886597
0.4918682873249054
0.25315728783607483
0.8513072729110718
0.7508938312530518
0.05750739201903343
0.2716035544872284
0.752905547618866
0.04282056912779808
0.8681703805923462
0.21757614612579346
0.4056212604045868
0.3619155287742615
0.8429292440414429
0.14532235264778137
0.2998908758163452
0.9804825186729431
0.6742982864379883
0.07649064064025879
0.7409038543701172
0.021970650181174278
0.3074573278427124
0.3127848207950592
0.12984547019004822
0.2560863494873047
0.37977534532546997
0.4932967722415924
0.13881443440914154
0.12972432374954224
0.6248431205749512
0.014287745580077171
0.5737389922142029
0.7390848994255066
0.48890450596809387
0.9284639358520508
0.27183234691619873
0.17880426347255707
0.7600944638252258
0.9522252082824707
0.7514009475708008
0.11605039238929749
0.17619135975837708
0.593425452709198
0.6271214485168457
0.37789973616600037
0.9164321422576904
0.6395264267921448
0.595054566860199
0.3032269775867462
0.6670297980308533
0.24694617092609406
0.8443360328674316
0.07959961891174316
0.21687525510787964
0.3768513798713684
0.44854891300201416
0.6966694593429565
0.8815717101097107
0.2631683349609375
0.9860889911651611
0.37223154306411743
0.39536747336387634
0.7853930592536926
0.8537631630897522
0.768750786781311
0.0186320710927248
0.6756480932235718
0.13843466341495514
0.24236120283603668
0.32735317945480347
0.1643185317516327
0.011386267840862274
0.3736191987991333
0.9616761207580566
0.1351037472486496
0.7186781167984009
0.4733092486858368
0.2723473906517029
0.44654250144958496
0.7791416049003601
0.4154134690761566
0.3326016366481781
0.5591251254081726
0.8215600252151489
0.49602144956588745
0.17896106839179993
0.35624393820762634
0.014391865581274033
0.4306638538837433
0.22959423065185547
0.26379916071891785
0.9249283075332642
0.8268192410469055
0.15295252203941345
0.8523819446563721
0.926558256149292
0.8321565985679626
0.5248376131057739
0.49960970878601074
0.06443540006875992
0.9050859808921814
0.3985607326030731
0.6759406328201294
0.11052330583333969
0.3660294711589813
0.13692446053028107
0.16433389484882355
0.3460270166397095
0.4064943492412567
0.30712124705314636
0.7792524099349976
0.5894989371299744
0.420694500207901
0.5334675908088684
0.3895840346813202
0.3218405544757843
0.7869665026664734
0.7005970478057861
0.41763466596603394
0.859634518623352
0.5661823749542236
0.7476353049278259
0.902167558670044
0.9038331508636475
0.6331970691680908
0.40357398986816406
0.008646776899695396
0.23149441182613373
0.4902747571468353
0.7821682095527649
0.9294054508209229
0.9073328971862793
0.7182766199111938
0.5672142505645752
0.624374270439148
0.764924943447113
0.9701519012451172
0.2994106113910675
0.5503312945365906
0.39349812269210815
0.2786191701889038
0.2588960528373718
0.8341310620307922
0.3090234398841858
0.43975427746772766
0.23282042145729065
0.25720974802970886
0.4952227473258972
0.3734019696712494
0.7880905270576477
0.4897448718547821
0.38290849328041077
0.26303672790527344
0.3963143825531006
0.9676254391670227
0.39381924271583557
0.9263160824775696
0.4333370327949524
0.6365785002708435
0.3826320469379425
0.5536662936210632
0.516154408454895
0.5140818953514099
0.9578452110290527
0.3569715619087219
0.006194950081408024
0.8218657374382019
0.8647997379302979
0.9385920166969299
0.17811621725559235
0.10208035260438919
0.25606074929237366
0.08889457583427429
0.6343574523925781
0.18519440293312073
0.7965678572654724
0.10244585573673248
0.8440003395080566
0.08804196864366531
0.8576019406318665
0.31764039397239685
0.05854066088795662
0.3931170701980591
0.9428917765617371
0.21498751640319824
0.40478384494781494
0.48006877303123474
0.46770724654197693
0.4826275706291199
0.23729203641414642
0.31664055585861206
0.646715521812439
0.6737453937530518
0.1631046086549759
0.8566337823867798
0.7340497374534607
0.9658064842224121
0.07808472961187363
0.668308436870575
0.488244891166687
0.5806186199188232
0.8222533464431763
0.5229846239089966
0.5386761426925659
0.6990644335746765
0.886286199092865
0.06426112353801727
0.1682620495557785
0.15628868341445923
0.34260645508766174
0.3791279196739197
0.6715202927589417
0.5398076176643372
0.5391691327095032
0.47196629643440247
0.7661094069480896
0.7240875363349915
0.5005732178688049
0.4929848313331604
0.46891653537750244
0.6409318447113037
0.34856879711151123
0.8849000930786133
0.2713524103164673
0.22035321593284607
0.03394107520580292
0.2103191465139389
0.08464515209197998
0.17666615545749664
0.5704483389854431
0.4860702455043793
0.7685874104499817
0.39850708842277527
0.6407915353775024
0.4608666002750397
0.10259033739566803
0.09243518859148026
0.623426616191864
0.08819073438644409
0.005592542700469494
0.3095749020576477
0.4074735939502716
0.8287451267242432
0.0841294378042221
0.007069032173603773
0.9264385104179382
0.8782083988189697
0.7972632646560669
0.009106263518333435
0.674871563911438
0.15719963610172272
0.8691152930259705
0.8808152079582214
0.5267235636711121
0.6290456652641296
0.983873724937439
0.750777006149292
0.8719543218612671
0.09846717864274979
0.7914915680885315
0.38405194878578186
0.4817086160182953
0.383980393409729
0.059758372604846954
0.5066165924072266
0.19728456437587738
0.9322637915611267
0.14519190788269043
0.6510744094848633
0.7784979343414307
0.25039175152778625
0.1372467279434204
0.515678882598877
0.7206293344497681
0.3836783170700073
0.00865195319056511
0.7002602815628052
0.537623941898346
0.002971660578623414
0.6971964836120605
0.6836904883384705
0.22528843581676483
0.29008570313453674
0.18223336338996887
0.1305125206708908
0.6890884637832642
0.4982370436191559
0.37030282616615295
0.9707892537117004
0.3428927958011627
0.5008407831192017
0.20674557983875275
0.27876394987106323
0.7100228667259216
0.3016762435436249
0.4591495990753174
0.9380494952201843
0.2053544670343399
0.8189478516578674
0.19491048157215118
0.5972782373428345
0.3199562430381775
0.10214503109455109
0.6450657248497009
0.7137517333030701
0.19040119647979736
0.3717705309391022
0.9959593415260315
0.39880508184432983
0.4562872052192688
0.8792751431465149
0.5446062684059143
0.6543570756912231
0.7318207621574402
0.6497213244438171
0.8754248023033142
0.7118719220161438
0.9682949781417847
0.7039677500724792
0.16560804843902588
0.649939239025116
0.3970060646533966
0.8199673295021057
0.449581116437912
0.9077174067497253
0.6487561464309692
0.724865734577179
0.5961905121803284
0.9895521998405457
0.10920712351799011
0.8279982209205627
0.3844663202762604
0.24988923966884613
0.12772506475448608
0.5281862020492554
0.7753646373748779
0.3142971396446228
0.601705014705658
0.5754802823066711
0.47641193866729736
0.9499228000640869
0.5653031468391418
0.7108204364776611
0.35868948698043823
0.4481923282146454
0.7832697033882141
0.46004584431648254
0.8226101994514465
0.5390121936798096
0.13024196028709412
0.14058877527713776
0.5544715523719788
0.13196751475334167
0.6322252750396729
0.24202868342399597
0.3034544885158539
0.9924651980400085
0.9442988038063049
0.0863194465637207
0.924968957901001
0.5427771806716919
0.1290573626756668
0.7329956293106079
0.6040652394294739
0.11095248907804489
0.6181198954582214
0.8286133408546448
0.28008854389190674
0.5391409993171692
0.2983896732330322
0.684565007686615
0.8966438174247742
0.8910278677940369
0.5275552272796631
0.011723835952579975
0.3750675320625305
0.3281504213809967
0.09479770809412003
0.7512955069541931
0.6837732195854187
0.0064156572334468365
0.46818384528160095
0.14433182775974274
0.9906493425369263
0.7847616672515869
0.4439513087272644
0.48754218220710754
0.47316229343414307
0.3669270873069763
0.043465472757816315
0.7933690547943115
0.747978687286377
0.011100677773356438
0.9563477039337158
0.2179296612739563
0.8321052193641663
0.05202118679881096
0.5029131174087524
0.8471288681030273
0.7533730268478394
0.8831523060798645
0.4518941342830658
0.20286694169044495
0.21938689053058624
0.3059406280517578
0.5433979630470276
0.833800733089447
0.2832988202571869
0.2233591228723526
0.9581681489944458
0.0908137634396553
0.8741538524627686
0.007715498562902212
0.6132810115814209
0.33272412419319153
0.6508305668830872
0.9877366423606873
0.9593991041183472
0.9384487867355347
0.4825562834739685
0.46536242961883545
0.9713631272315979
0.8715918064117432
0.9335353970527649
0.9525111317634583
0.0634273961186409
0.10344198346138
0.5372645854949951
0.3147391378879547
0.9958775639533997
0.5540867447853088
0.17676076292991638
0.04013078287243843
0.09509104490280151
0.9644336700439453
0.8723564743995667
0.25019389390945435
0.5101357102394104
0.8030890226364136
0.35745295882225037
0.9352073073387146
0.16257044672966003
0.23327621817588806
0.7564916014671326
0.5466965436935425
0.30449455976486206
0.643714427947998
0.7394581437110901
0.3681260049343109
0.3064024746417999
0.6736125349998474
0.7896552681922913
0.35644447803497314
0.9803416132926941
0.23214949667453766
0.44771185517311096
0.059294216334819794
0.32117897272109985
0.7835262417793274
0.17244082689285278
0.9489954113960266
0.3571425974369049
0.7741930484771729
0.40034276247024536
0.43520382046699524
0.024215111508965492
0.39762943983078003
0.06423795223236084
0.48654910922050476
0.9572761654853821
0.9013423919677734
0.3186464011669159
0.6517095565795898
0.935369610786438
0.39335310459136963
0.044466741383075714
0.20829430222511292
0.1395302563905716
0.22076500952243805
0.3146860599517822
0.590318500995636
0.08221542835235596
0.9938494563102722
0.9464524984359741
0.6232429146766663
0.8795854449272156
0.31529557704925537
0.42947444319725037
0.5645046830177307
0.4831928014755249
0.40729963779449463
0.21960915625095367
0.04614939168095589
0.37187057733535767
0.1488533318042755
0.32108351588249207
0.11078867316246033
0.9811115860939026
0.6626240611076355
0.7796266078948975
0.8983970284461975
0.8200184106826782
0.16154861450195312
0.04431738704442978
0.6000893712043762
0.6922240853309631
0.5313500165939331
0.6023067235946655
0.5674663782119751
0.3215689957141876
0.043060120195150375
0.306127667427063
0.30935660004615784
0.9978399872779846
0.2939043939113617
0.4566527009010315
0.37594282627105713
0.3566638231277466
0.5784297585487366
0.5485197901725769
0.7744286060333252
0.4954017400741577
0.009199142456054688
0.8136592507362366
0.6176040172576904
0.5466309189796448
0.6014190912246704
0.5152936577796936
0.3601125478744507
0.3010951578617096
0.6275069117546082
0.2741422653198242
0.6303013563156128
0.1750822514295578
0.14317315816879272
0.8989928364753723
0.7847141623497009
0.02098974399268627
0.5671058297157288
0.6883875727653503
0.20875056087970734
0.8233572840690613
0.6723526120185852
0.5177311301231384
0.04860292002558708
0.711504340171814
0.9657808542251587
0.6070558428764343
0.8049021363258362
0.480029821395874
0.6029708385467529
0.4075664281845093
0.42858031392097473
0.9694541692733765
0.7760922908782959
0.878024160861969
0.8562236428260803
0.02916250191628933
0.9640341997146606
0.38622963428497314
0.4379456043243408
0.4380786120891571
0.33684834837913513
0.018197843804955482
0.9071328639984131
0.9851711392402649
0.4849375784397125
0.3651767075061798
0.45060667395591736
0.9735234379768372
0.9705324769020081
0.489646315574646
0.419264018535614
0.7133224010467529
0.40305295586586
0.7911386489868164
0.541549563407898
0.6941805481910706
0.06755616515874863
0.5414898991584778
0.7560004591941833
0.5507227182388306
0.30123475193977356
0.2632334530353546
0.5722215175628662
0.35202106833457947
0.06797296553850174
0.47657665610313416
0.8988221287727356
0.43453875184059143
0.5305012464523315
0.650645911693573
0.024640025570988655
0.2287510633468628
0.6421663165092468
0.7161597013473511
0.9732815027236938
0.5875810384750366
0.3572266697883606
0.8030675053596497
0.4531671404838562
0.4475196301937103
0.10128628462553024
0.8328270316123962
0.6316398978233337
0.7998514175415039
0.24949070811271667
0.6977773904800415
0.15297460556030273
0.07750450074672699
0.5330034494400024
0.10974051058292389
0.6142187714576721
0.8914802074432373
0.9358984231948853
0.34001636505126953
0.08847937732934952
0.20338506996631622
0.39524367451667786
0.04764344543218613
0.7062968015670776
0.030433475971221924
0.1730177253484726
0.49020975828170776
0.8200920820236206
0.329266220331192
0.8182777166366577
0.23714420199394226
0.8311089873313904
0.7617546319961548
0.7578883171081543
0.2677801251411438
0.5791822671890259
0.05886494740843773
0.4693409204483032
0.5513678193092346
0.8193650245666504
0.7809961438179016
0.6515104174613953
0.8359806537628174
0.04374092444777489
0.020309099927544594
0.7044562101364136
0.9483163356781006
0.023208126425743103
0.8290911316871643
0.2168361097574234
0.4720798134803772
0.2957283854484558
0.9323749542236328
0.3323424160480499
0.5212183594703674
0.8305402994155884
0.2762190103530884
0.13062827289104462
0.4809100329875946
0.014895519241690636
0.7506784200668335
0.10991891473531723
0.5169393420219421
0.23528221249580383
0.1738540232181549
0.3273543119430542
0.7788534760475159
0.14586873352527618
0.5915192365646362
0.7870581150054932
0.7401240468025208
0.7620658278465271
0.8218203186988831
0.4908128082752228
0.4153660237789154
0.7544544339179993
0.6108216643333435
0.5795700550079346
0.7328498959541321
0.03947678953409195
0.6166967153549194
0.19660831987857819
0.3801489770412445
0.3289978802204132
0.1809006780385971
0.5355905890464783
0.13951513171195984
0.43418067693710327
0.030563829466700554
0.7158101201057434
0.8995370864868164
0.6642200946807861
0.24411316215991974
0.11725934594869614
0.633251965045929
0.18532748520374298
0.443916380405426
0.7268158197402954
0.8335182070732117
0.11891335248947144
0.3505089282989502
0.6464354991912842
0.34533700346946716
0.2633543610572815
0.8800589442253113
0.07784273475408554
0.05346621572971344
0.7322820425033569
0.15795637667179108
0.9882861375808716
0.9113360643386841
0.6389870047569275
0.88231360912323
0.8060036897659302
0.6312445402145386
0.574733555316925
0.9203999638557434
0.8500571250915527
0.727813720703125
0.35728105902671814
0.7260627150535583
0.6999931931495667
0.2413059026002884
0.8370192646980286
0.8671789169311523
0.08824438601732254
0.7131303548812866
0.36648425459861755
0.8573062419891357
0.02684921771287918
0.49881115555763245
0.7040551900863647
0.9003962278366089
0.9451196193695068
0.20668236911296844
0.5513758063316345
0.30389371514320374
0.6318079829216003
0.6741684675216675
0.7071241140365601
0.6672905683517456
0.8982671499252319
0.981641411781311
0.409732848405838
0.9990132451057434
0.34933963418006897
0.11262065172195435
0.5792141556739807
0.2736910283565521
0.8793113231658936
0.1666349619626999
0.16632497310638428
0.05921259894967079
0.23594333231449127
0.35145843029022217
0.1437288224697113
0.9471817016601562
0.9939907789230347
0.6169237494468689
0.7745420336723328
0.07947618514299393
0.8014038801193237
0.8301990032196045
0.5188546180725098
0.6933939456939697
0.3790219724178314
0.9701470732688904
0.9891324639320374
0.5255509614944458
0.5364088416099548
0.41935020685195923
0.14547549188137054
0.6411004662513733
0.5564468502998352
0.3811887800693512
0.022836526855826378
0.5548359155654907
0.3458375930786133
0.7234886288642883
0.06687375158071518
0.9197988510131836
0.6919125318527222
0.6631254553794861
0.1898379772901535
0.9885601997375488
0.2590545415878296
0.7722829580307007
0.6183009147644043
0.9006287455558777
0.9093621373176575
0.1147523894906044
0.6362792253494263
0.044857900589704514
0.6571478247642517
0.05248083919286728
0.5615592002868652
0.564752995967865
0.2961231470108032
0.3647383749485016
0.4212079346179962
0.0703851506114006
0.9474911689758301
0.9451343417167664
0.05405917018651962
0.025986406952142715
0.03555753827095032
0.3948810398578644
0.5081740617752075
0.18156026303768158
0.7383357882499695
0.2445179522037506
0.41826504468917847
0.07876024395227432
0.6840146780014038
0.228811115026474
0.16604182124137878
0.04609365016222
0.025930780917406082
0.7868192195892334
0.4037541449069977
0.6069867014884949
0.04988382011651993
0.6904374957084656
0.6999082565307617
0.9860274195671082
0.6074917316436768
0.04870731383562088
0.8790026903152466
0.7427825927734375
0.46379533410072327
0.7381051778793335
0.5114126205444336
0.4497717618942261
0.3236852288246155
0.3905084431171417
0.09327097982168198
0.3697012960910797
0.4497920572757721
0.1539638191461563
0.3189241290092468
0.39214974641799927
0.9297727346420288
0.8997262120246887
0.22875627875328064
0.8295829892158508
0.3757731020450592
0.6080899238586426
0.6532476544380188
0.4372706115245819
0.7282422184944153
0.798448920249939
0.4974195063114166
0.5026664733886719
0.13541612029075623
0.5633007287979126
0.19333069026470184
0.6812185645103455
0.9833912253379822
0.5978015065193176
0.24033524096012115
0.017699137330055237
0.23062342405319214
0.9380906224250793
0.8920211791992188
0.42192918062210083
0.15763743221759796
0.41388753056526184
0.5593346357345581
0.16103413701057434
0.6199870109558105
0.6816596984863281
0.5436239838600159
0.4221108853816986
0.23879867792129517
0.9945191740989685
0.664775550365448
0.1998155266046524
0.12287994474172592
0.5120188593864441
0.8067576885223389
0.11149804294109344
0.1993539184331894
0.3551560640335083
0.7972448468208313
0.026986945420503616
0.4953756034374237
0.9510853886604309
0.29555490612983704
0.20996032655239105
0.2982940375804901
0.3960709571838379
0.9738075733184814
0.9422805309295654
0.42694881558418274
0.7617318630218506
0.5843297243118286
0.6195714473724365
0.6595050692558289
0.8369697332382202
0.2158377319574356
0.016361406072974205
0.7706788182258606
0.497342973947525
0.22539649903774261
0.8939803838729858
0.8301007151603699
0.25375449657440186
0.14635734260082245
0.9616968035697937
0.6931498646736145
0.663652241230011
0.4227425456047058
0.6081538796424866
0.8391131162643433
0.6234363913536072
0.3769945204257965
0.332264244556427
0.5548493266105652
0.14089488983154297
0.8650173544883728
0.09476534277200699
0.03424074873328209
0.143264502286911
0.1371130496263504
0.9090894460678101
0.2291739135980606
0.24997614324092865
0.49372735619544983
0.7971163392066956
0.06582342833280563
0.6225281357765198
0.8588611483573914
0.1619042009115219
0.7928256988525391
0.6869552731513977
0.24768169224262238
0.5087724328041077
0.4324814975261688
0.19771286845207214
0.9025573134422302
0.35792219638824463
0.7714017033576965
0.42778968811035156
0.049638353288173676
0.7921746373176575
0.8917853832244873
0.482608437538147
0.49211326241493225
0.6796711087226868
0.9652158617973328
0.6998738646507263
0.9730780720710754
0.5335289239883423
0.7742139101028442
0.2571684718132019
0.6195338368415833
0.2999275326728821
0.47940903902053833
0.3205525279045105
0.1376349925994873
0.7813564538955688
0.0401700995862484
0.39805492758750916
0.544312596321106
0.12661828100681305
0.38696032762527466
0.7313768267631531
0.9118189811706543
0.35409680008888245
0.6590830087661743
0.7001063227653503
0.9189104437828064
0.9902984499931335
0.5970044732093811
0.5588716268539429
0.9856834411621094
0.9251134991645813
0.47266000509262085
0.31155481934547424
0.5618217587471008
0.6870886087417603
0.632992684841156
0.7370510697364807
0.6316537261009216
0.8952317833900452
0.2306986153125763
0.6184408664703369
0.8672294020652771
0.1648104190826416
0.7720717191696167
0.14830070734024048
0.7822099924087524
0.6035913228988647
0.026204288005828857
0.09940794110298157
0.46184632182121277
0.4693475663661957
0.06303663551807404
0.21786116063594818
0.7121363878250122
0.3369668424129486
0.36023738980293274
0.5359426140785217
0.5801634192466736
0.2456110566854477
0.13883720338344574
0.41378194093704224
0.34697386622428894
0.515544593334198
0.5282447338104248
0.3644413650035858
0.9179564118385315
0.23009346425533295
0.7851272821426392
0.8983805179595947
0.10201428085565567
0.5551678538322449
0.06257883459329605
0.6115498542785645
0.24376347661018372
0.16995620727539062
0.32755303382873535
0.6498491764068604
0.7608180642127991
0.2699316442012787
0.08248027414083481
0.29065871238708496
0.3967791795730591
0.21365569531917572
0.13342511653900146
0.04587557166814804
0.7020480036735535
0.7361980676651001
0.9628087282180786
0.23547200858592987
0.8202289342880249
0.2862991392612457
0.7577130198478699
0.525858461856842
0.39689186215400696
0.21083524823188782
0.3366066515445709
0.632828414440155
0.6550936102867126
0.9127563238143921
0.4129727780818939
0.3842189311981201
0.7808710932731628
0.15643495321273804
0.9614924788475037
0.7643782496452332
0.833443284034729
0.5096551775932312
0.5537745356559753
0.805291473865509
0.4367857277393341
0.25832676887512207
0.3678413927555084
0.5596362352371216
0.9519340991973877
0.42286187410354614
0.16476237773895264
0.9159565567970276
0.8315030336380005
0.6265018582344055
0.03230533003807068
0.2528671622276306
0.2760646939277649
0.052463047206401825
0.5009205937385559
0.9814445376396179
0.238453671336174
0.6576127409934998
0.19079415500164032
0.6594473123550415
0.032252054661512375
0.9399737119674683
0.11959398537874222
0.4164577126502991
0.0055626146495342255
0.8654183745384216
0.007328667677938938
0.3723309338092804
0.8461540937423706
0.9740806818008423
0.4929268956184387
0.7392374277114868
0.8864538073539734
0.35467642545700073
0.05760366842150688
0.7445380687713623
0.6182230114936829
0.04570811241865158
0.640669047832489
0.12013034522533417
0.34012287855148315
0.341012567281723
0.8708446025848389
0.7479898929595947
0.6520662307739258
0.5614644289016724
0.4673095941543579
0.38180121779441833
0.6586223244667053
0.9949748516082764
0.9762453436851501
0.852106511592865
0.18272124230861664
0.9072251319885254
0.31204134225845337
0.5418426990509033
0.926500678062439
0.8663957118988037
0.02679377794265747
0.49635443091392517
0.6100559234619141
0.871599555015564
0.12828947603702545
0.5122184753417969
0.574329137802124
0.36190152168273926
0.9602311253547668
0.22218936681747437
0.1474631279706955
0.8563222289085388
0.7421584129333496
0.2553739547729492
0.5980563163757324
0.029356401413679123
0.18487688899040222
0.5424582362174988
0.027428535744547844
0.7187372446060181
0.5103793740272522
0.31089913845062256
0.811956524848938
0.47348126769065857
0.4021700322628021
0.09160494804382324
0.8282319903373718
0.4575493037700653
0.6216976642608643
0.9521706700325012
0.33739984035491943
0.5784324407577515
0.8598453402519226
0.293382465839386
0.5006428956985474
0.3427421450614929
0.019311901181936264
0.23770242929458618
0.08219138532876968
0.22381845116615295
0.08793344348669052
0.07186269760131836
0.4869951009750366
0.9282041192054749
0.09787584841251373
0.8501584529876709
0.8891909122467041
0.10414120554924011
0.9948731660842896
0.9855818748474121
0.29110199213027954
0.6323471069335938
0.3678310513496399
0.20090752840042114
0.9321363568305969
0.10377588868141174
0.22116892039775848
0.6864930391311646
0.37333640456199646
0.04280085116624832
0.2607816755771637
0.9808915257453918
0.5776716470718384
0.2381533682346344
0.02805844321846962
0.5216990113258362
0.6106675267219543
0.7006248235702515
0.6698238253593445
0.352262407541275
0.9216237664222717
0.0075342971831560135
0.5671348571777344
0.3876356780529022
0.12168886512517929
0.5171141028404236
0.9064165353775024
0.17961478233337402
0.5650110840797424
0.7359485626220703
0.21185621619224548
0.5083579421043396
0.20774656534194946
0.30747485160827637
0.5650704503059387
0.9898310303688049
0.9705955386161804
0.06241275370121002
0.4475851058959961
0.027605192735791206
0.685637354850769
0.11943498253822327
0.8813138604164124
0.5882219672203064
0.6038522720336914
0.18547803163528442
0.8710404634475708
0.5409919023513794
0.03938763961195946
0.35637372732162476
0.8917774558067322
0.18034705519676208
0.9039355516433716
0.16509273648262024
0.3623771667480469
0.7624315619468689
0.6564052700996399
0.19729363918304443
0.4374241232872009
0.6049063205718994
0.10200636833906174
0.3275054693222046
0.7874588370323181
0.44387489557266235
0.9127281904220581
0.09251878410577774
0.515256404876709
0.7242501974105835
0.6193269491195679
0.17405985295772552
0.1290602684020996
0.5644564628601074
0.44818389415740967
0.21674096584320068
0.9664004445075989
0.5729427337646484
0.9318937063217163
0.03504212200641632
0.16268998384475708
0.562319278717041
0.9107685089111328
0.2358725666999817
0.2383785843849182
0.7352595329284668
0.675033688545227
0.7308957576751709
0.9994441866874695
0.4205422103404999
0.5954912304878235
0.886256992816925
0.3188371956348419
0.43771326541900635
0.8508942127227783
0.7598630785942078
0.24506308138370514
0.9067150950431824
0.4961908161640167
0.7151287794113159
0.8704160451889038
0.5414032936096191
0.9136636257171631
0.21323749423027039
0.29826632142066956
0.9172404408454895
0.5644847750663757
0.7982310652732849
0.26212799549102783
0.9346619248390198
0.2128073275089264
0.98896723985672
0.767795741558075
0.20013904571533203
0.09859586507081985
0.702730119228363
0.5173561573028564
0.017192305997014046
0.37338072061538696
0.24334381520748138
0.07002028822898865
0.5849580764770508
0.2953796982765198
0.10609564930200577
0.7698727250099182
0.4075429439544678
0.6868898868560791
0.6142816543579102
0.881438136100769
0.8791074156761169
0.5943007469177246
0.501301109790802
0.8428939580917358
0.26057320833206177
0.556843638420105
0.9803948998451233
0.8358805179595947
0.8414030075073242
0.3396469056606293
0.8868488669395447
0.03694407641887665
0.3525262176990509
0.7097504138946533
0.26588794589042664
0.5330292582511902
0.5317472219467163
0.90605229139328
0.5653329491615295
0.8889344334602356
0.4503239393234253
0.2757377326488495
0.7538185715675354
0.898418664932251
0.502815306186676
0.05222349986433983
0.49356430768966675
0.5926276445388794
0.0661962553858757
0.326225608587265
0.868553102016449
0.40197989344596863
0.24025440216064453
0.318150132894516
0.7790788412094116
0.362393856048584
0.2475859373807907
0.5882060527801514
0.11350417137145996
0.7105600833892822
0.20475123822689056
0.35915619134902954
0.7706177234649658
0.5228859782218933
0.6693975329399109
0.020174695178866386
0.46261706948280334
0.4584793448448181
0.32705965638160706
0.7678029537200928
0.4124588370323181
0.19895915687084198
0.6481553912162781
0.934576153755188
0.48732590675354004
0.440437376499176
0.20462051033973694
0.19504094123840332
0.4729818105697632
0.834531307220459
0.8806599974632263
0.009909284301102161
0.2738059163093567
0.7934302091598511
0.4022090435028076
0.7729989886283875
0.8948594927787781
0.07145784795284271
0.9823649525642395
0.46370282769203186
0.4183276295661926
0.7094618678092957
0.35261163115501404
0.2232791781425476
0.2642167806625366
0.9172272086143494
0.6974281668663025
0.11586152762174606
0.14590393006801605
0.7255542278289795
0.9505748152732849
0.1273847222328186
0.5784958600997925
0.09228441119194031
0.0883663147687912
0.8308210968971252
0.6698847413063049
0.7921560406684875
0.2088533490896225
0.21892650425434113
0.30299240350723267
0.31074270606040955
0.15753982961177826
0.7721877694129944
0.023154934868216515
0.317974716424942
0.3592853546142578
0.3150186836719513
0.6787459850311279
0.5163006782531738
0.2930449843406677
0.7174703478813171
0.3654032349586487
0.8969064354896545
0.5776028633117676
0.4167863130569458
0.8241882920265198
0.6752766966819763
0.8732796907424927
0.5272127389907837
0.06315446645021439
0.16541871428489685
0.36922767758369446
0.1625957489013672
0.286281943321228
0.6360940337181091
0.3520870804786682
0.3404417932033539
0.6119001507759094
0.8924611210823059
0.5415862798690796
0.7119506597518921
0.9128324389457703
0.78031325340271
0.4572593867778778
0.411706805229187
0.1583256721496582
0.4650803208351135
0.039737168699502945
0.5759467482566833
0.5194922089576721
0.18294528126716614
0.2873232960700989
0.5155965685844421
0.805398166179657
0.3525484502315521
0.12845076620578766
0.6847627758979797
0.5543295741081238
0.9637871980667114
0.29238995909690857
0.258256733417511
0.21655045449733734
0.3347564935684204
0.8725579380989075
0.1465950906276703
0.08862410485744476
0.8503067493438721
0.45076626539230347
0.2869283854961395
0.6206521391868591
0.20025590062141418
0.7782179713249207
0.32335996627807617
0.442038893699646
0.16312211751937866
0.37625205516815186
0.1475357860326767
0.5750100016593933
0.12634792923927307
0.08753035217523575
0.3392833173274994
0.659069299697876
0.6680613160133362
0.9651533961296082
0.46816420555114746
0.4841489791870117
0.061482153832912445
0.8445267677307129
0.821740448474884
0.008670449256896973
0.15105052292346954
0.4535979926586151
0.2153775542974472
0.5212774276733398
0.7845902442932129
0.9791959524154663
0.2123468816280365
0.15452386438846588
0.3938679099082947
0.7829826474189758
0.6671904921531677
0.8550708293914795
0.8234386444091797
0.4994601607322693
0.9589577913284302
0.7979352474212646
0.6108474135398865
0.6824647188186646
0.4961934983730316
0.7887066006660461
0.435129851102829
0.7645449638366699
0.9351742267608643
0.514471173286438
0.5235236883163452
0.6850890517234802
0.08866126835346222
0.4235042333602905
0.947496771812439
0.7771921157836914
0.004167602397501469
0.6454318165779114
0.4537511467933655
0.8096466064453125
0.5123554468154907
0.5984855890274048
0.655146598815918
0.4392676055431366
0.2474522590637207
0.9499550461769104
0.01598401740193367
0.6438091397285461
0.1928442269563675
0.5324010848999023
0.3619953989982605
0.666100800037384
0.14913639426231384
0.15290747582912445
0.6421570181846619
0.8063293099403381
0.5958684086799622
0.6231219172477722
0.12563249468803406
0.4587625563144684
0.2095595747232437
0.8705799579620361
0.3464778661727905
0.32602232694625854
0.76634681224823
0.8851296901702881
0.5666359066963196
0.5449739694595337
0.03888349607586861
0.4356919229030609
0.3495011031627655
0.29214146733283997
0.019600357860326767
0.0227447971701622
0.029183819890022278
0.8772159814834595
0.44407275319099426
0.8134185075759888
0.003599944058805704
0.8569765686988831
0.1316976398229599
0.020686564967036247
0.5824988484382629
0.5246186852455139
0.22275444865226746
0.4231431186199188
0.14670956134796143
0.6013652682304382
0.6860949993133545
0.954050600528717
0.5995596647262573
0.9117062091827393
0.8848345279693604
0.2654508054256439
0.09997743368148804
0.6108099222183228
0.6237930059432983
0.5046311020851135
0.621810257434845
0.9973761439323425
0.9633405208587646
0.8279553651809692
0.5127786993980408
0.928877055644989
0.7124261260032654
0.874935507774353
0.08108045160770416
0.23686178028583527
0.16134800016880035
0.713650107383728
0.7421801090240479
0.3117438852787018
0.17945364117622375
0.32448771595954895
0.350692480802536
0.8192834258079529
0.6497920751571655
0.5995640754699707
0.10041632503271103
0.9114559292793274
0.0025112039875239134
0.30679747462272644
0.6627954840660095
0.13929720222949982
0.760883629322052
0.12868089973926544
0.522089958190918
0.7664641737937927
0.943619966506958
0.46867334842681885
0.42753225564956665
0.9440619349479675
0.5002719759941101
0.8973249197006226
0.3693126440048218
0.3303176760673523
0.9608139991760254
0.5669799447059631
0.03188803419470787
0.9342563152313232
0.3291842043399811
0.5006526708602905
0.6511940360069275
0.5317726135253906
0.6868934035301208
0.7696583867073059
0.12653394043445587
0.6511593461036682
0.18973751366138458
0.6200916171073914
0.7527356147766113
0.5564831495285034
0.4430925250053406
0.4311388432979584
0.8217998743057251
0.9326158165931702
0.7862322330474854
0.29575085639953613
0.6619177460670471
0.6403462886810303
0.15416400134563446
0.5638693571090698
0.015086307190358639
0.3706120550632477
0.25257158279418945
0.4184117317199707
0.6914997100830078
0.42726466059684753
0.592402994632721
0.02181141823530197
0.9303299188613892
0.5733119249343872
0.45752477645874023
0.318476140499115
0.18042181432247162
0.6220881938934326
0.1255882829427719
0.3088117241859436
0.5229196548461914
0.04355873912572861
0.6707556843757629
0.4533178508281708
0.7717419862747192
0.4835514426231384
0.16721954941749573
0.02168530970811844
0.8284542560577393
0.5785466432571411
0.9694148302078247
0.7270906567573547
0.9430287480354309
0.8325298428535461
0.20891210436820984
0.3429139256477356
0.13752299547195435
0.5737929344177246
0.19164645671844482
0.21565844118595123
0.15462236106395721
0.9373353719711304
0.8501406908035278
0.40513429045677185
0.7642822861671448
0.7133334279060364
0.5784329175949097
0.6969397068023682
0.32615727186203003
0.5144372582435608
0.9616367220878601
0.6058447957038879
0.1067601814866066
0.3108888566493988
0.40194571018218994
0.4618346393108368
0.9125308990478516
0.8859966993331909
0.8852078318595886
0.8309851884841919
0.8315391540527344
0.5006446242332458
0.008929106406867504
0.6577371954917908
0.5254188179969788
0.08927760273218155
0.6360310912132263
0.40207424759864807
0.26538383960723877
0.34277263283729553
0.12263569980859756
0.9674049019813538
0.5017408728599548
0.7875153422355652
0.5302425622940063
0.6137954592704773
0.5729584097862244
0.8127404451370239
0.4620763659477234
0.5427674055099487
0.7104600071907043
0.6740874648094177
0.43694576621055603
0.4906174838542938
0.9844779372215271
0.23305639624595642
0.447752445936203
0.577364981174469
0.6779620051383972
0.8449945449829102
0.922355055809021
0.6559134125709534
0.9000692963600159
0.257774293422699
0.7982034683227539
0.6609115600585938
0.8904339075088501
0.15669915080070496
0.6429668068885803
0.7169422507286072
0.984799861907959
0.22934238612651825
0.9669685959815979
0.13562437891960144
0.8774567246437073
0.620013952255249
0.5933640003204346
0.21347060799598694
0.2782558798789978
0.6286581754684448
0.6018993854522705
0.5667248964309692
0.6252768635749817
0.8278043270111084
0.3147837519645691
0.9412437677383423
0.9178217649459839
0.9394818544387817
0.68146812915802
0.9270508885383606
0.6848605275154114
0.5835564732551575
0.715312659740448
0.752064049243927
0.2242007702589035
0.5238969922065735
0.4606550633907318
0.2792786955833435
0.003959445748478174
0.005089764483273029
0.9956340789794922
0.45157626271247864
0.8666737675666809
0.4016922414302826
0.013172822073101997
0.32250839471817017
0.385783851146698
0.7005259394645691
0.6555543541908264
0.502981960773468
0.4616362154483795
0.3672088384628296
0.4906264543533325
0.7200446128845215
0.8544507026672363
0.7933656573295593
0.8174254298210144
0.10688972473144531
0.3140800893306732
0.5925678610801697
0.36191362142562866
0.16698795557022095
0.3791066110134125
0.25433915853500366
0.16368478536605835
0.07968267053365707
0.10842304676771164
0.1468585878610611
0.9448404312133789
0.9089376330375671
0.7680333852767944
0.34637007117271423
0.08773153275251389
0.6439595818519592
0.48442819714546204
0.5069871544837952
0.44912734627723694
0.050943098962306976
0.6660781502723694
0.5540772080421448
0.3093547821044922
0.6322314739227295
0.6835982203483582
0.2978270351886749
0.3423944413661957
0.6784587502479553
0.174770787358284
0.7987765073776245
0.08196853846311569
0.7919588685035706
0.5097309350967407
0.9893156886100769
0.2000633031129837
0.49060460925102234
0.8408632874488831
0.6385000944137573
0.6623795628547668
0.7261624932289124
0.8964971899986267
0.04946432635188103
0.04833225905895233
0.2469157725572586
0.498305082321167
0.29748862981796265
0.5135509967803955
0.4881536066532135
0.9226111173629761
0.22323395311832428
0.8713245391845703
0.8520952463150024
0.23147819936275482
0.2887544631958008
0.18609750270843506
0.20936337113380432
0.7356745600700378
0.09152141958475113
0.6709988117218018
0.2730850875377655
0.3335656225681305
0.5714077353477478
0.4973452389240265
0.09438347816467285
0.09744691103696823
0.6944347023963928
0.6375398635864258
0.2635841965675354
0.25506362318992615
0.6099666953086853
0.9926093816757202
0.26977741718292236
0.8347283005714417
0.6409382820129395
0.14746275544166565
0.8938174843788147
0.9517197012901306
0.8028613328933716
0.4224730134010315
0.949238657951355
0.1531517505645752
0.09664233773946762
0.18439775705337524
0.5221347808837891
0.6300666928291321
0.8483482003211975
0.7816362380981445
0.31079182028770447
0.08849883079528809
0.1291370838880539
0.10485830903053284
0.15630291402339935
0.924667477607727
0.6510586142539978
0.006839103996753693
0.8129589557647705
0.606508731842041
0.799314558506012
0.21072883903980255
0.9078969955444336
0.2642526626586914
0.45554763078689575
0.6000994443893433
0.749657928943634
0.557950496673584
0.5828917026519775
0.2693292498588562
0.8721060752868652
0.2598818242549896
0.7952021956443787
0.4689271152019501
0.5830460786819458
0.8493587970733643
0.18478994071483612
0.8211489319801331
0.21808837354183197
0.17142364382743835
0.35862165689468384
0.6572754979133606
0.07576487958431244
0.7372689247131348
0.27805235981941223
0.30872249603271484
0.33582231402397156
0.7648889422416687
0.9343523383140564
0.18591627478599548
0.4766792356967926
0.015612886287271976
0.3177444040775299
0.2746296525001526
0.9535945057868958
0.04428371042013168
0.24171338975429535
0.3714583218097687
0.16323277354240417
0.606696367263794
0.18233232200145721
0.6587637662887573
0.8690298199653625
0.9045115113258362
0.01912669837474823
0.3825138509273529
0.5164094567298889
0.34434425830841064
0.372191458940506
0.9900648593902588
0.7868203520774841
0.3247075378894806
0.5799416899681091
0.30924198031425476
0.9662496447563171
0.9421935677528381
0.44734370708465576
0.026905106380581856
0.9856966733932495
0.4114164412021637
0.6561142802238464
0.5813835263252258
0.1583438217639923
0.9044630527496338
0.983406126499176
0.15321876108646393
0.8750787377357483
0.5481474995613098
0.5726994276046753
0.7253522872924805
0.8953060507774353
0.757327139377594
0.8264781832695007
0.26835504174232483
0.37519267201423645
0.8154371976852417
0.6153769493103027
0.02722497098147869
0.5251772999763489
0.867595374584198
0.1237933412194252
0.2006268948316574
0.25077521800994873
0.36122220754623413
0.23111441731452942
0.4216617941856384
0.021485289558768272
0.28951841592788696
0.20523439347743988
0.2398761659860611
0.37619462609291077
0.5906616449356079
0.6633352041244507
0.5515154600143433
0.94659423828125
0.8777297139167786
0.014865835197269917
0.9399760365486145
0.31308600306510925
0.8025820851325989
0.5238679051399231
0.1762465536594391
0.36744916439056396
0.4184345006942749
0.21993288397789001
0.7137641906738281
0.9147787094116211
0.7064858675003052
0.49551424384117126
0.5143718719482422
0.9040771722793579
0.8345553278923035
0.19037823379039764
0.917422890663147
0.256253182888031
0.9440797567367554
0.09995463490486145
0.044280730187892914
0.4857473075389862
0.03226491063833237
0.7268905639648438
0.7885854840278625
0.03949863091111183
0.6034576296806335
0.20242539048194885
0.2277967482805252
0.9678832292556763
0.04510447755455971
0.8469898104667664
0.8631834983825684
0.3745025098323822
0.26716864109039307
0.14123836159706116
0.5354971885681152
0.8607367277145386
0.6214342713356018
0.33620211482048035
0.634840726852417
0.19431082904338837
0.11756057292222977
0.6635222434997559
0.7316887974739075
0.06462694704532623
0.8798578381538391
0.046251386404037476
0.07410411536693573
0.012769968248903751
0.8184147477149963
0.5878016352653503
0.039686571806669235
0.48596644401550293
0.6538357734680176
0.7574103474617004
0.5649657845497131
0.7053727507591248
0.7032090425491333
0.5345516800880432
0.8151369690895081
0.8342285752296448
0.9194295406341553
0.09346846491098404
0.8474563956260681
0.6577978134155273
0.7910487055778503
0.10035141557455063
0.618232250213623
0.7473551630973816
0.19401216506958008
0.33277860283851624
0.7365967631340027
0.8754529356956482
0.8154006004333496
0.25017717480659485
0.2731872498989105
0.2547949254512787
0.3381391763687134
0.8387272357940674
0.42718490958213806
0.42249003052711487
0.5690864324569702
0.022346753627061844
0.5077652931213379
0.07504028081893921
0.015882516279816628
0.9399058818817139
0.3002762496471405
0.047446031123399734
0.5402063131332397
0.0670686662197113
0.37180978059768677
0.25314974784851074
0.3380415141582489
0.07680238783359528
0.2815633714199066
0.2586744427680969
0.8374646306037903
0.20660777390003204
0.46072837710380554
0.4529784619808197
0.1502356231212616
0.08997868746519089
0.7873263955116272
0.1607004851102829
0.0923614650964737
0.3159509599208832
0.3850457966327667
0.17384417355060577
0.6013365387916565
0.6899153590202332
0.020216450095176697
0.4244839549064636
0.6201801896095276
0.4175567328929901
0.9260281920433044
0.6648434400558472
0.1291077584028244
0.3363783657550812
0.1449531763792038
0.9590744376182556
0.946151614189148
0.07787248492240906
0.37449708580970764
0.3716146647930145
0.8631918430328369
0.7946121692657471
0.22512799501419067
0.23194414377212524
0.22177965939044952
0.1790008842945099
0.2958741784095764
0.23072472214698792
0.5136429667472839
0.9827349781990051
0.3068082630634308
0.8089192509651184
0.2442152500152588
0.42147135734558105
0.9613276124000549
0.9271031022071838
0.1299634426832199
0.24558250606060028
0.5484730005264282
0.30125683546066284
0.12687964737415314
0.9433279037475586
0.22251805663108826
0.6578908562660217
0.37025895714759827
0.4735264182090759
0.8037938475608826
0.13029304146766663
0.3150259256362915
0.23975858092308044
0.26057788729667664
0.08805525302886963
0.7459125518798828
0.7391378879547119
0.6898476481437683
0.5934889316558838
0.3418616056442261
0.3857435882091522
0.2705507278442383
0.3072434067726135
0.4949558675289154
0.05302700027823448
0.5615219473838806
0.6857823729515076
0.8218161463737488
0.9777897596359253
0.0924588292837143
0.2841682732105255
0.21195681393146515
0.5090796947479248
0.5506689548492432
0.17928072810173035
0.13373667001724243
0.7955712676048279
0.22405704855918884
0.7052527070045471
0.7100526094436646
0.010356391780078411
0.8430987596511841
0.6525599956512451
0.2851342558860779
0.5155632495880127
0.010077779181301594
0.6816946268081665
0.6918713450431824
0.06451989710330963
0.5783227682113647
0.7782674431800842
0.7995132207870483
0.8250598311424255
0.7761062979698181
0.6573458313941956
0.831813633441925
0.8741348385810852
0.9996888041496277
0.3131520748138428
0.21179799735546112
0.47118544578552246
0.9584560394287109
0.2867099642753601
0.13813649117946625
0.6524442434310913
0.697242259979248
0.8301692605018616
0.27109473943710327
0.06470465660095215
0.3885098993778229
0.27916938066482544
0.35661906003952026
0.7717362642288208
0.023663431406021118
0.028559064492583275
0.9932667016983032
0.7270523309707642
0.47214600443840027
0.6194034814834595
0.645923912525177
0.027621164917945862
0.8395566344261169
0.7934013605117798
0.6639699935913086
0.36406275629997253
0.6251200437545776
0.5484215021133423
0.14287090301513672
0.46956175565719604
0.9022212624549866
0.04156902804970741
0.5289552807807922
0.11820308119058609
0.23807327449321747
0.21341121196746826
0.7058192491531372
0.5533185601234436
0.19374197721481323
0.462455153465271
0.8400331735610962
0.5812700986862183
0.42440682649612427
0.6688318848609924
0.5073879361152649
0.09898676723241806
0.9508283138275146
0.3385504186153412
0.2930801510810852
0.3713342845439911
0.8381417989730835
0.7942919731140137
0.2963104844093323
0.14660528302192688
0.4798910319805145
0.3347183167934418
0.9851809740066528
0.7446257472038269
0.9150629043579102
0.6010928153991699
0.9565093517303467
0.4755799174308777
0.8238081336021423
0.69231116771698
0.9360654354095459
0.029795022681355476
0.20476604998111725
0.29446256160736084
0.5766706466674805
0.09996192157268524
0.7137103080749512
0.34199750423431396
0.38458094000816345
0.34932398796081543
0.3424689471721649
0.4196738600730896
0.659839391708374
0.6055492758750916
0.09480264782905579
0.7931582927703857
0.18178600072860718
0.5868605375289917
0.42917391657829285
0.1559891551733017
0.22910195589065552
0.9390248656272888
0.2431858330965042
0.9783422946929932
0.48384037613868713
0.5775764584541321
0.41326698660850525
0.3690406084060669
0.8850995898246765
0.3794197142124176
0.8447641134262085
0.5099281072616577
0.647658109664917
0.16929496824741364
0.7546393275260925
0.11933291703462601
0.43833693861961365
0.38738882541656494
0.19981804490089417
0.24277758598327637
0.3941868543624878
0.9095626473426819
0.038056984543800354
0.7031190991401672
0.2830503582954407
0.9099246263504028
0.796251654624939
0.49419108033180237
0.7892802357673645
0.2480679154396057
0.3264407217502594
0.9844537973403931
0.8621547222137451
0.034366052597761154
0.8641976118087769
0.8309277296066284
0.709279477596283
0.8514213562011719
0.8876749873161316
0.20515164732933044
0.7525240182876587
0.8602300882339478
0.9902381896972656
0.9050430655479431
0.11389610916376114
0.38698434829711914
0.33609816431999207
0.4438502788543701
0.037581995129585266
0.7785150408744812
0.8365486860275269
0.9914692044258118
0.5678199529647827
0.5923582315444946
0.2335285246372223
0.7896851897239685
0.18494297564029694
0.2935906648635864
0.06365557014942169
0.6289646029472351
0.09227652102708817
0.8794742822647095
0.010488304309546947
0.20698699355125427
0.49371933937072754
0.45583513379096985
0.28092649579048157
0.12254563719034195
0.8150404095649719
0.6524109244346619
0.40397652983665466
0.705061674118042
0.3193995952606201
0.09977562725543976
0.49520614743232727
0.19329847395420074
0.7653915286064148
0.5239773392677307
0.8587217926979065
0.01983300969004631
0.2185366153717041
0.21451374888420105
0.09707999974489212
0.7012652158737183
0.7269631624221802
0.4257253408432007
0.07281609624624252
0.447683185338974
0.2424846589565277
0.3299737274646759
0.6051632761955261
0.5328089594841003
0.34248805046081543
0.18625317513942719
0.264662504196167
0.5756820440292358
0.9294605851173401
0.5535294413566589
0.943412184715271
0.22200709581375122
0.9660777449607849
0.35813480615615845
0.18562813103199005
0.07167965173721313
0.4265395998954773
0.23090381920337677
0.6243894696235657
0.4493139088153839
0.6349596977233887
0.19287101924419403
0.573807954788208
0.30892255902290344
0.6264199018478394
0.11898832023143768
0.5845346450805664
0.5349655747413635
0.7051560878753662
0.2334071844816208
0.2386605143547058
0.5983268618583679
0.09861921519041061
0.4106646180152893
0.2783505320549011
0.383151113986969
0.07600166648626328
0.8085604906082153
0.24515460431575775
0.6591448783874512
0.6328284740447998
0.38106921315193176
0.3690796494483948
0.19436557590961456
0.9449999928474426
0.967615008354187
0.9682389497756958
0.4236293435096741
0.6320506930351257
0.16587910056114197
0.4919596016407013
0.35571444034576416
0.12445036321878433
0.6367081999778748
0.19743435084819794
0.28120309114456177
0.36946216225624084
0.6786530017852783
0.8724961876869202
0.5082225799560547
0.19143612682819366
0.584062933921814
0.20821276307106018
0.9439767599105835
0.871063232421875
0.17361117899417877
0.752913236618042
0.436905175447464
0.839057207107544
0.8495031595230103
0.3405795991420746
0.9896981120109558
0.9474698901176453
0.290607213973999
0.2884155213832855
0.7318520545959473
0.14804251492023468
0.6325210928916931
0.061585236340761185
0.3277016580104828
0.060464046895504
0.0041770655661821365
0.7286274433135986
0.8554350137710571
0.9065031409263611
0.16334187984466553
0.6337217092514038
0.1887395977973938
0.7252998352050781
0.8711509108543396
0.7383103370666504
0.05440644919872284
0.02759162336587906
0.6395459175109863
0.845059871673584
0.7778581976890564
0.0934700220823288
0.18388237059116364
0.9879439473152161
0.9657576680183411
0.5071907043457031
0.6017046570777893
0.9211376905441284
0.869611382484436
0.5432326197624207
0.18800580501556396
0.417418897151947
0.5912309885025024
0.523811399936676
0.49849599599838257
0.7748674154281616
0.7032590508460999
0.5828256607055664
0.2580808997154236
0.040568891912698746
0.2677721083164215
0.7740790247917175
0.338879257440567
0.5564395785331726
0.8241545557975769
0.17133007943630219
0.5653187036514282
0.16568775475025177
0.882845938205719
0.1023184061050415
0.5096060037612915
0.6266208291053772
0.5002180933952332
0.16128240525722504
0.07855317741632462
0.12109669297933578
0.7093538045883179
0.35977447032928467
0.9323452115058899
0.019845034927129745
0.5621597766876221
0.2620498239994049
0.699770450592041
0.3316172659397125
0.5437214970588684
0.08230949193239212
0.7494136691093445
0.21355204284191132
0.7273371815681458
0.9576979279518127
0.4385085105895996
0.7478447556495667
0.8289175033569336
0.1090625524520874
0.1526447832584381
0.13158810138702393
0.3271028697490692
0.19593369960784912
0.41430458426475525
0.394212543964386
0.752090573310852
0.6002129912376404
0.09377867728471756
0.9231144785881042
0.9342604875564575
0.7600855231285095
0.6218461990356445
0.501481831073761
0.1566804051399231
0.11499590426683426
0.5547826886177063
0.933188259601593
0.9176195859909058
0.587065577507019
0.8742802739143372
0.432027667760849
0.6520586013793945
0.5896997451782227
0.39122360944747925
0.019085388630628586
0.019884184002876282
0.11779358237981796
0.18156647682189941
0.15475046634674072
0.472529798746109
0.5614258646965027
0.16952334344387054
0.7447043061256409
0.47083815932273865
0.6246221661567688
0.16181403398513794
0.8288810849189758
0.04977921396493912
0.7897236943244934
0.960311233997345
0.131374329328537
0.2113325148820877
0.5792663097381592
0.8176096677780151
0.89136803150177
0.15197958052158356
0.823194146156311
0.23988652229309082
0.22554324567317963
0.984595000743866
0.7190740704536438
0.708845853805542
0.197648823261261
0.6752071976661682
0.6715730428695679
0.04866199195384979
0.11030500382184982
0.06567088514566422
0.8804457187652588
0.3698350787162781
0.5782120227813721
0.16943582892417908
0.8668349981307983
0.16263790428638458
0.3663084805011749
0.9450430274009705
0.22906163334846497
0.03795429691672325
0.7408191561698914
0.3765030801296234
0.9978015422821045
0.7563595771789551
0.6222428679466248
0.5295981764793396
0.4728418290615082
0.3912912607192993
0.3124130070209503
0.3842430114746094
0.6264480948448181
0.2318902611732483
0.12045802175998688
0.4309433102607727
0.4872313439846039
0.9061722159385681
0.3123103380203247
0.03521348908543587
0.5422008633613586
0.5531363487243652
0.20840506255626678
0.21613536775112152
0.46102261543273926
0.74713534116745
0.23577845096588135
0.7003267407417297
0.15629392862319946
0.7397927045822144
0.4307191073894501
0.460069477558136
0.7639977335929871
0.2576870322227478
0.3923421800136566
0.041584160178899765
0.6440814137458801
0.3346770703792572
0.7070111036300659
0.5877257585525513
0.9767422080039978
0.8584359288215637
0.7381163239479065
0.4100024402141571
0.8767091631889343
0.5232715606689453
0.6756650805473328
0.36476266384124756
0.3597573935985565
0.48029741644859314
0.11916618794202805
0.9424343705177307
0.08548116683959961
0.7688860297203064
0.787773072719574
0.06073252484202385
0.08126649260520935
0.6386622786521912
0.03908684849739075
0.4365587830543518
0.7227281332015991
0.7818911075592041
0.4848313629627228
0.7141285538673401
0.5435698628425598
0.8568717837333679
0.5813071727752686
0.972284734249115
0.9370743632316589
0.33448314666748047
0.32187360525131226
0.5375468134880066
0.27151477336883545
0.466575562953949
0.18502670526504517
0.41942667961120605
0.23277191817760468
0.22891540825366974
0.13870447874069214
0.7478616237640381
0.76661217212677
0.10288222134113312
0.22265593707561493
0.5677942037582397
0.5764087438583374
0.8561441898345947
0.7359617352485657
0.149977445602417
0.7277208566665649
0.9178813695907593
0.9266061186790466
0.1909387707710266
0.8968203663825989
0.3181512653827667
0.3178875744342804
0.7828872203826904
0.3577004373073578
0.5031204223632812
0.9532310962677002
0.40696462988853455
0.9469229578971863
0.16871215403079987
0.9587063789367676
0.8076867461204529
0.48627132177352905
0.4177373945713043
0.8053362965583801
0.9253189563751221
0.9224923849105835
0.827899694442749
0.4690439701080322
0.30626997351646423
0.03945593163371086
0.9683186411857605
0.15086030960083008
0.03779834136366844
0.4284345805644989
0.08701078593730927
0.24173229932785034
0.9811817407608032
0.7164686918258667
0.6516228318214417
0.8504974842071533
0.19712811708450317
0.6117570400238037
0.5478200912475586
0.5651981234550476
0.2194734364748001
0.3483349680900574
0.07891035825014114
0.19709280133247375
0.3007808029651642
0.24815304577350616
0.6061702966690063
0.739010751247406
0.6096884608268738
0.2575797140598297
0.9539980888366699
0.36763787269592285
0.7092642784118652
0.03441433608531952
0.8024635314941406
0.8960745334625244
0.4801161289215088
0.9507943987846375
0.13974235951900482
0.898695170879364
0.8816827535629272
0.22246097028255463
0.3328853249549866
0.7144596576690674
0.10815557092428207
0.03553939238190651
0.37876901030540466
0.6274144649505615
0.2818301320075989
0.633002519607544
0.02908344753086567
0.6636084318161011
0.4718640446662903
0.12170999497175217
0.19129487872123718
0.06637872755527496
0.5975802540779114
0.7695439457893372
0.07890547066926956
0.371991902589798
0.0007492228760384023
0.7934706211090088
0.19697082042694092
0.3385924696922302
0.9230130314826965
0.9980044960975647
0.11743523180484772
0.022404199466109276
0.5615744590759277
0.43870052695274353
0.7081018090248108
0.658333420753479
0.24330256879329681
0.9214450716972351
0.4683675169944763
0.5693286657333374
0.2641696333885193
0.8373357653617859
0.063140369951725
0.9902409911155701
0.667463481426239
0.9020548462867737
0.3297767639160156
0.19933465123176575
0.06992525607347488
0.6527249217033386
0.6834505796432495
0.650181233882904
0.3734171390533447
0.7800388336181641
0.6056557893753052
0.44843849539756775
0.574472188949585
0.35387712717056274
0.16291560232639313
0.3432008922100067
0.6088963150978088
0.5606277585029602
0.4966612160205841
0.3949274718761444
0.4611964821815491
0.4449425935745239
0.1366012543439865
0.3932075798511505
0.11420292407274246
0.4682074785232544
0.4185319244861603
0.1769779622554779
0.7056114673614502
0.17708034813404083
0.22160500288009644
0.5133805274963379
0.35864293575286865
0.7948660850524902
0.5084497332572937
0.1137760728597641
0.7556921243667603
0.24750079214572906
0.970136821269989
0.033514026552438736
0.4596429467201233
0.24741725623607635
0.08065707981586456
0.3757489025592804
0.35777053236961365
0.37758857011795044
0.25445854663848877
0.15309126675128937
0.8618332147598267
0.008051845245063305
0.08934330940246582
0.8509658575057983
0.9904918670654297
0.6505705714225769
0.04979855939745903
0.8985409736633301
0.701993465423584
0.23538585007190704
0.817754328250885
0.23816613852977753
0.6547175645828247
0.49819886684417725
0.8966101408004761
0.80621337890625
0.8478792905807495
0.10326865315437317
0.47714707255363464
0.21090678870677948
0.43843334913253784
0.5129725933074951
0.5817281007766724
0.09431848675012589
0.5550839304924011
0.3442452549934387
0.15326246619224548
0.4518606662750244
0.2763214111328125
0.34107643365859985
0.8303646445274353
0.05233770236372948
0.5602117776870728
0.10629407316446304
0.04409390687942505
0.33312922716140747
0.3381374478340149
0.4849606454372406
0.982639729976654
0.7079923748970032
0.7141635417938232
0.535977840423584
0.8355293273925781
0.5035451650619507
0.4387386739253998
0.7213461399078369
0.0010143723338842392
0.4420325458049774
0.04461006075143814
0.23238380253314972
0.32787784934043884
0.09190314263105392
0.6444887518882751
0.6331007480621338
0.03073524683713913
0.09968359768390656
0.13043613731861115
0.6989736557006836
0.5472689867019653
0.3086863160133362
0.8746410608291626
0.14545980095863342
0.11831337958574295
0.7905035018920898
0.8899005651473999
0.43326571583747864
0.8331742286682129
0.8733648657798767
0.1945161670446396
0.006699985358864069
0.13525667786598206
0.5274737477302551
0.5943676233291626
0.4666813015937805
0.6031811833381653
0.2520367503166199
0.5210921764373779
0.6111466288566589
0.0425473116338253
0.6786389946937561
0.0734044760465622
0.6741222143173218
0.6806089282035828
0.9831576347351074
0.004196105059236288
0.5056548118591309
0.8010663390159607
0.8736488819122314
0.3126830458641052
0.13542337715625763
0.47243934869766235
0.8065626621246338
0.0219649039208889
0.6956391930580139
0.8008885979652405
0.09424261003732681
0.3944014310836792
0.45155686140060425
0.9735029935836792
0.9782493114471436
0.5184311866760254
0.9839577078819275
0.18017350137233734
0.7885657548904419
0.12370999902486801
0.6648851037025452
0.426270067691803
0.8612603545188904
0.4189184904098511
0.9294118881225586
0.8379424810409546
0.8908186554908752
0.626775860786438
0.8769999146461487
0.8195278644561768
0.5784170627593994
0.7690598368644714
0.027551399543881416
0.49222496151924133
0.06776146590709686
0.5369336605072021
0.8859663605690002
0.6408506035804749
0.8522006869316101
0.7112828493118286
0.996924102306366
0.06246412172913551
0.22462540864944458
0.4863917827606201
0.5080083012580872
0.26431819796562195
0.8216418027877808
0.047203727066516876
0.12390830367803574
0.47169673442840576
0.5516746640205383
0.7603043913841248
0.4197155833244324
0.5876266956329346
0.05453890189528465
0.982842206954956
0.7470470070838928
0.2800159454345703
0.04243796691298485
0.001715862425044179
0.6439012289047241
0.2621910274028778
0.8742550611495972
0.6201344132423401
0.1731969565153122
0.3457741439342499
0.25892648100852966
0.015109340660274029
0.036364659667015076
0.05892881378531456
0.8310537934303284
0.8324185609817505
0.1421786993741989
0.2575037479400635
0.4299356937408447
0.8421826958656311
0.7629333734512329
0.9052625894546509
0.8291826844215393
0.17787809669971466
0.6941938996315002
0.546556293964386
0.24939702451229095
0.5536961555480957
0.8765152096748352
0.9366647601127625
0.012724722735583782
0.16486157476902008
0.9148560166358948
0.35576730966567993
0.007398050278425217
0.9161640405654907
0.09297396242618561
0.03968984633684158
0.4154270589351654
0.03173907846212387
0.949582576751709
0.7927047610282898
0.7564418315887451
0.7194800972938538
0.13286657631397247
0.1636965274810791
0.9445117115974426
0.6918257474899292
0.6427509188652039
0.7516589164733887
0.04164019599556923
0.4496266841888428
0.8752654790878296
0.443121075630188
0.28628402948379517
0.4051370918750763
0.30512452125549316
0.5684065222740173
0.9222217798233032
0.49529075622558594
0.6769075989723206
0.1508648544549942
0.6616033315658569
0.03133450821042061
0.7079187631607056
0.6877851486206055
0.6848577857017517
0.22637616097927094
0.8686104416847229
0.2513755261898041
0.5492595434188843
0.042739998549222946
0.8216685056686401
0.157534658908844
0.5636389255523682
0.5555972456932068
0.3719955384731293
0.5917384028434753
0.7912981510162354
0.7720101475715637
0.5456879138946533
0.16818338632583618
0.5436057448387146
0.11376851797103882
0.03602403402328491
0.5630236864089966
0.66628497838974
0.33209922909736633
0.08468271791934967
0.9375911951065063
0.023954343050718307
0.7067633271217346
0.9589718580245972
0.5084962248802185
0.7201138734817505
0.1860232800245285
0.48259270191192627
0.07946870476007462
0.5646068453788757
0.2506360411643982
0.4322868287563324
0.36799511313438416
0.9981752038002014
0.8982588052749634
0.3936398923397064
0.4594157040119171
0.6206206679344177
0.23101551830768585
0.5364801287651062
0.6034525036811829
0.2902314066886902
0.5970630049705505
0.9457342624664307
0.5120238065719604
0.9219270348548889
0.943011999130249
0.46410733461380005
4.4201289711054415e-05
0.8239120244979858
0.3780904710292816
0.06463160365819931
0.6102659702301025
0.5304419994354248
0.5048549175262451
0.3153137266635895
0.2018992006778717
0.1427394449710846
0.896172821521759
0.35192590951919556
0.9876689910888672
0.21437828242778778
0.08714118599891663
0.4711332321166992
0.6212499141693115
0.7509983777999878
0.5900071859359741
0.3343297839164734
0.5274980664253235
0.11289958655834198
0.6890174746513367
0.2332649677991867
0.07840673625469208
0.5676779747009277
0.1513279527425766
0.7984367609024048
0.5719636678695679
0.33441779017448425
0.8277512788772583
0.7046550512313843
0.1862163245677948
0.6397192478179932
0.022861840203404427
0.4706350862979889
0.11986276507377625
0.6035356521606445
0.5044020414352417
0.33725520968437195
0.1572861671447754
0.11982925981283188
0.8066732883453369
0.3958723545074463
0.004674623720347881
0.6961232423782349
0.7664413452148438
0.13136500120162964
0.6122032403945923
0.6465086340904236
0.04954918846487999
0.7481005191802979
0.675163209438324
0.6019448637962341
0.6252350807189941
0.6653875708580017
0.5207570195198059
0.4818095266819
0.6971539855003357
0.8283730745315552
0.297916442155838
0.031155094504356384
0.24758265912532806
0.9006070494651794
0.7505667805671692
0.3336006999015808
0.087575763463974
0.881218671798706
0.15448616445064545
0.5371225476264954
0.7424638271331787
0.6018794178962708
0.14498120546340942
0.41524946689605713
0.3928222060203552
0.7630850672721863
0.8600906729698181
0.13102740049362183
0.6294848918914795
0.9409278631210327
0.6425198912620544
0.29368337988853455
0.6308424472808838
0.9872746467590332
0.2915361523628235
0.023632703348994255
0.4671878218650818
0.42384082078933716
0.19967633485794067
0.9687888026237488
0.5647103786468506
0.9880571961402893
0.38405460119247437
0.21273699402809143
0.68932044506073
0.43930965662002563
0.7804352045059204
0.23295122385025024
0.10483196377754211
0.6530682444572449
0.7982258200645447
0.22724348306655884
0.920434296131134
0.7310152649879456
0.20235033333301544
0.24149399995803833
0.39540421962738037
0.628180980682373
0.07873130589723587
0.9967909455299377
0.02246176078915596
0.8718240857124329
0.33893021941185
0.6696197390556335
0.4521598219871521
0.7745405435562134
0.7520146369934082
0.008241834118962288
0.02604668028652668
0.49817702174186707
0.45697784423828125
0.5674234628677368
0.4979214072227478
0.7005728483200073
0.24794702231884003
0.6783394813537598
0.9884887933731079
0.6583536267280579
0.9001793265342712
0.49690011143684387
0.967790424823761
0.9344546794891357
0.7925450205802917
0.2178298532962799
0.43459460139274597
0.7845044732093811
0.1349666565656662
0.8084244132041931
0.8337876200675964
0.07558106631040573
0.6947470903396606
0.45639342069625854
0.3686510920524597
0.8637457489967346
0.25684642791748047
0.47449615597724915
0.16919907927513123
0.28550586104393005
0.4969881772994995
0.5304162502288818
0.4826841652393341
0.17130745947360992
0.5393995642662048
0.1330091655254364
0.4004550278186798
0.14344635605812073
0.7314956188201904
0.2093072086572647
0.37083327770233154
0.24614912271499634
0.026860559359192848
0.06983969360589981
0.6404670476913452
0.9992566108703613
0.5102100372314453
0.23965203762054443
0.135792076587677
0.06105169653892517
0.3392220139503479
0.8628117442131042
0.6944962739944458
0.2915968894958496
0.2650028169155121
0.8161734938621521
0.522006094455719
0.6330903172492981
0.49374815821647644
0.08026187866926193
0.22716443240642548
0.15260444581508636
0.37534624338150024
0.6750642657279968
0.3999728560447693
0.9611818194389343
0.8847829103469849
0.7924809455871582
0.665391206741333
0.5749344229698181
0.7160457968711853
0.4302426874637604
0.14342035353183746
0.7360883355140686
0.9747790098190308
0.5263478755950928
0.1486915498971939
0.8284274339675903
0.7929317951202393
0.44255566596984863
0.21423949301242828
0.9553432464599609
0.4597783386707306
0.8118063807487488
0.07130806893110275
0.6819723844528198
0.6568701863288879
0.7816855311393738
0.2664601802825928
0.006919248029589653
0.48799723386764526
0.9983198046684265
0.9086471796035767
0.059525661170482635
0.7814711332321167
0.17249317467212677
0.9683104753494263
0.47915762662887573
0.7395996451377869
0.2808511257171631
0.687257707118988
0.8489875793457031
0.9316362738609314
0.7586010098457336
0.9422866702079773
0.6674152612686157
0.4225701093673706
0.013838023878633976
0.30188584327697754
0.5418750047683716
0.96317458152771
0.9015533328056335
0.9468833804130554
0.5153869390487671
0.9614174962043762
0.9574045538902283
0.5267840623855591
0.23740264773368835
0.7195325493812561
0.006129457149654627
0.30563798546791077
0.02888455241918564
0.6781226992607117
0.878596305847168
0.5892159342765808
0.193385049700737
0.47410446405410767
0.8736095428466797
0.9430327415466309
0.9690141677856445
0.45318856835365295
0.8761364817619324
0.3810904622077942
0.10604474693536758
0.36557629704475403
0.4336002469062805
0.8979752659797668
0.8138800859451294
0.24794495105743408
0.10249443352222443
0.34722018241882324
0.1725216805934906
0.03426598757505417
0.10002671927213669
0.4955914318561554
0.37201517820358276
0.7497169971466064
0.5381232500076294
0.33226528763771057
0.3536299169063568
0.5157094597816467
0.7895827889442444
0.17176488041877747
0.6807999610900879
0.5011552572250366
0.6629155278205872
0.6646715998649597
0.8427302241325378
0.9415504336357117
0.6484325528144836
0.3882400095462799
0.6831857562065125
0.1166972741484642
0.4357849657535553
0.8449233174324036
0.4472395181655884
0.5349981784820557
0.09239164739847183
0.7012569904327393
0.017756858840584755
0.95606929063797
0.9997534155845642
0.31252923607826233
0.4216986894607544
0.6399269104003906
0.5999969244003296
0.6928214430809021
0.7295973896980286
0.029477443546056747
0.7713321447372437
0.016979100182652473
0.9462225437164307
0.8727836012840271
0.7974315881729126
0.3514697551727295
0.6464031338691711
0.3925887644290924
0.3027004897594452
0.6010045409202576
0.26219847798347473
0.36409279704093933
0.6594266295433044
0.8335675001144409
0.8811232447624207
0.965818464756012
0.6907959580421448
0.19851212203502655
0.24103158712387085
0.6125994324684143
0.023550735786557198
0.762929379940033
0.9626391530036926
0.3676557242870331
0.6368193626403809
0.3836303949356079
0.46947216987609863
0.008459082804620266
0.19193486869335175
0.9182450771331787
0.8876346945762634
0.027038244530558586
0.6060182452201843
0.20146600902080536
0.0766361653804779
0.5062934756278992
0.4096507132053375
0.5172908306121826
0.9719024896621704
0.61015385389328
0.46212640404701233
0.7193678021430969
0.8824990391731262
0.8180842995643616
0.6800678968429565
0.3306899070739746
0.8432698845863342
0.07119052857160568
0.9573689699172974
0.8352096676826477
0.7171214818954468
0.559413731098175
0.9064212441444397
0.5569431185722351
0.9311485886573792
0.768503725528717
0.37430745363235474
0.09964761137962341
0.24993100762367249
0.5433363318443298
0.10098248720169067
0.5869011282920837
0.2045125514268875
0.32861655950546265
0.6074606776237488
0.885596752166748
0.7704381942749023
0.8429487943649292
0.43719735741615295
0.49910077452659607
0.5047449469566345
0.5338948965072632
0.8769076466560364
0.6510628461837769
0.6774329543113708
0.253582239151001
0.4788191318511963
0.8712570071220398
0.5146467685699463
0.5088404417037964
0.4458397924900055
0.2341861128807068
0.297545462846756
0.8132482171058655
0.5602771043777466
0.688728928565979
0.1861199587583542
0.13323171436786652
0.16519322991371155
0.22770890593528748
0.4002489149570465
0.4441470801830292
0.5224031805992126
0.21595026552677155
0.15375779569149017
0.10322071611881256
0.8743823766708374
0.8656995892524719
0.833370566368103
0.6756337285041809
0.7245609760284424
0.7840868234634399
0.13058984279632568
0.134630486369133
0.08370282500982285
0.5746159553527832
0.8060144186019897
0.6201077699661255
0.8383712768554688
0.5645701289176941
0.446028470993042
0.28894850611686707
0.30102986097335815
0.9479467272758484
0.14107485115528107
0.2650326192378998
0.9243491291999817
0.4849076271057129
0.21511971950531006
0.4284723401069641
0.39833059906959534
0.11742211878299713
0.21380577981472015
0.11071652919054031
0.75681471824646
0.810076892375946
0.37672317028045654
0.4247063994407654
0.7017633318901062
0.135490283370018
0.834048330783844
0.33780038356781006
0.001211375929415226
0.4064235985279083
0.4013199508190155
0.128604918718338
0.08166563510894775
0.08588622510433197
0.09769229590892792
0.46002042293548584
0.9747965931892395
0.42421823740005493
0.8187551498413086
0.28998953104019165
0.8210415244102478
0.5330923795700073
0.9370008111000061
0.4696274697780609
0.6251987218856812
0.570123553276062
0.6182470917701721
0.44113463163375854
0.38692355155944824
0.8365036249160767
0.2186487317085266
0.5573893189430237
0.15242721140384674
0.3664276897907257
0.044012244790792465
0.16384127736091614
0.47588106989860535
0.9313750267028809
0.04675251618027687
0.36320170760154724
0.9499009847640991
0.7667686939239502
0.4132043123245239
0.5588325262069702
0.5647755861282349
0.8291828036308289
0.6264848709106445
0.32898545265197754
0.5028116703033447
0.8505682945251465
0.2914923131465912
0.8402811884880066
0.6843485832214355
0.03749734163284302
0.4378456175327301
0.6809520721435547
0.46286463737487793
0.3758586645126343
0.029932687059044838
0.7006766200065613
0.9371909499168396
0.004250205587595701
0.7896597385406494
0.7336346507072449
0.6033177971839905
0.9148827195167542
0.11557566374540329
0.2927740812301636
0.5085956454277039
0.3243657052516937
0.016470318660140038
0.37589168548583984
0.6557772755622864
0.601783037185669
0.11850175261497498
0.6890642046928406
0.01649838127195835
0.07808223366737366
0.8199055790901184
0.509375274181366
0.011040573939681053
0.3107035160064697
0.3832269012928009
0.44646787643432617
0.65366530418396
0.8227394223213196
0.5942118167877197
0.8100368976593018
0.9795462489128113
0.7108991146087646
0.8997998833656311
0.7490638494491577
0.9122158288955688
0.398977130651474
0.004916343837976456
0.7555795907974243
0.17210613191127777
0.9195858240127563
0.9947293400764465
0.17390991747379303
0.12737838923931122
0.5148760676383972
0.15198582410812378
0.42167040705680847
0.12496712058782578
0.39910757541656494
0.5891827344894409
0.7531960010528564
0.14965970814228058
0.01762314885854721
0.8808818459510803
0.6648886799812317
0.061278849840164185
0.05456874892115593
0.6389203071594238
0.20723751187324524
0.7411699295043945
0.5586857795715332
0.9117274880409241
0.8420560359954834
0.8883585333824158
0.5601050853729248
0.20290735363960266
0.14325664937496185
0.6541839241981506
0.960482120513916
0.6592068672180176
0.17475400865077972
0.08145315945148468
0.2854621112346649
0.9554620981216431
0.48276472091674805
0.8803063631057739
0.06400477141141891
0.5234636664390564
0.9282732009887695
0.2568470537662506
0.6634616255760193
0.728264570236206
0.6789628267288208
0.3061504662036896
0.5383704304695129
0.2097170501947403
0.8378400802612305
0.4008854329586029
0.06771118193864822
0.8985581994056702
0.5287575721740723
0.2893794775009155
0.03298665210604668
0.41705742478370667
0.10795193165540695
0.353197306394577
0.19769640266895294
0.3444758951663971
0.03189333528280258
0.12942467629909515
0.4195668697357178
0.23868107795715332
0.15717296302318573
0.6861302852630615
0.7757565975189209
0.1682169884443283
0.11690851300954819
0.785607635974884
0.5084584951400757
0.8432185649871826
0.9372559785842896
0.22571103274822235
0.8145236372947693
0.4924238920211792
0.002257436979562044
0.900293231010437
0.2747834026813507
0.8459837436676025
0.8051699995994568
0.9834732413291931
0.7908992171287537
0.3210338354110718
0.03034885786473751
0.003474521217867732
0.19983801245689392
0.098911352455616
0.9290356636047363
0.57969731092453
0.3571541905403137
0.7158692479133606
0.5797094702720642
0.2127874791622162
0.5335664749145508
0.6527155637741089
0.2367018610239029
0.28369811177253723
0.7587171792984009
0.9408245086669922
0.2563106119632721
0.25024399161338806
0.4738890528678894
0.7214582562446594
0.11109523475170135
0.0447612963616848
0.6615249514579773
0.9690518379211426
0.2685690224170685
0.270084023475647
0.22377438843250275
0.32566505670547485
0.9192255139350891
0.6482068300247192
0.9279362559318542
0.34470924735069275
0.26064279675483704
0.42166316509246826
0.6042517423629761
0.3065771460533142
0.34071311354637146
0.45242244005203247
0.9922434091567993
0.14306992292404175
0.9941942691802979
0.5067103505134583
0.249779611825943
0.36269140243530273
0.07959426939487457
0.44384247064590454
0.48808398842811584
0.24158602952957153
0.40430331230163574
0.8158857822418213
0.17255891859531403
0.6605356931686401
0.5288853645324707
0.8336823582649231
0.49802055954933167
0.9702463150024414
0.8672953844070435
0.8072099685668945
0.6797277927398682
0.5165585875511169
0.43565887212753296
0.689924955368042
0.5264544486999512
0.5116745829582214
0.6342490911483765
0.32351139187812805
0.9007534384727478
0.4892871081829071
0.907020092010498
0.5060325264930725
0.38866743445396423
0.34248995780944824
0.0006470846710726619
0.928885281085968
0.9470371603965759
0.10399209707975388
0.13983173668384552
0.12738291919231415
0.6585577726364136
0.8763983249664307
0.04304879158735275
0.6787486672401428
0.08039619028568268
0.496753066778183
0.4894561171531677
0.3035857677459717
0.6467607021331787
0.8333305716514587
0.2870770990848541
0.04846617206931114
0.3340243697166443
0.090909443795681
0.8430335521697998
0.7547547817230225
0.8628173470497131
0.20698167383670807
0.4114954173564911
0.5182894468307495
0.27127760648727417
0.8956567645072937
0.7591102719306946
0.4309518039226532
0.44880837202072144
0.5262837409973145
0.39670708775520325
0.5222618579864502
0.972194254398346
0.27070510387420654
0.49298739433288574
0.9626479148864746
0.2275058776140213
0.11391159892082214
0.18555544316768646
0.5529128313064575
0.035257235169410706
0.8831557035446167
0.811566174030304
0.38567522168159485
0.4443189799785614
0.5027729272842407
0.08239465206861496
0.4184677302837372
0.16666756570339203
0.11266238987445831
0.02586967684328556
0.44815242290496826
0.6119844913482666
0.9514138698577881
0.2441982924938202
0.11270225793123245
0.09401219338178635
0.8186665773391724
0.43102559447288513
0.6615706086158752
0.8952800631523132
0.30423349142074585
0.2653541564941406
0.9748557806015015
0.47648805379867554
0.6149555444717407
0.025272881612181664
0.8343716263771057
0.10291506350040436
0.8094318509101868
0.15775057673454285
0.6700934171676636
0.6771847009658813
0.5872743725776672
0.7396805286407471
0.24159225821495056
0.44471991062164307
0.29776066541671753
0.4775508940219879
0.28218647837638855
0.7153834104537964
0.508928120136261
0.3305788040161133
0.07617001980543137
0.8919674754142761
0.1887723058462143
0.880085289478302
0.40254324674606323
0.320119708776474
0.8329502940177917
0.2524249255657196
0.7915642857551575
0.5375882983207703
0.9693937301635742
0.9463170170783997
0.6040827631950378
0.6777665019035339
0.055015843361616135
0.6183663010597229
0.20050375163555145
0.6400400400161743
0.5585946440696716
0.7279618978500366
0.6323851943016052
0.15176181495189667
0.9743577241897583
0.7303114533424377
0.7284393310546875
0.854504406452179
0.06187373772263527
0.04397748038172722
0.674625039100647
0.9297994375228882
0.7408314347267151
0.46538931131362915
0.07256040722131729
0.6204304695129395
0.34582406282424927
0.07503040134906769
0.047275740653276443
0.9011111259460449
0.30918821692466736
0.35637229681015015
0.3521602153778076
0.011308863759040833
0.06424415856599808
0.48959019780158997
0.8452802300453186
0.7160136103630066
0.012484092265367508
0.0681939423084259
0.8128805160522461
0.6743529438972473
0.9903672337532043
0.005117500200867653
0.7338355779647827
0.26628294587135315
0.7529052495956421
0.16509604454040527
0.8955131769180298
0.3661736249923706
0.9756302833557129
0.44407200813293457
0.49674248695373535
0.7007324695587158
0.20398461818695068
0.3753817081451416
0.052152909338474274
0.03314712643623352
0.20374277234077454
0.21079009771347046
0.7648380398750305
0.15744999051094055
0.4777030944824219
0.16684874892234802
0.43256333470344543
0.08140058070421219
0.39122769236564636
0.6050500869750977
0.4224435091018677
0.0217303317040205
0.6942110657691956
0.15510687232017517
0.27278006076812744
0.06995154172182083
0.09221376478672028
0.567760169506073
0.6706559062004089
0.037840671837329865
0.42905375361442566
0.04149576276540756
0.7304062247276306
0.6905074715614319
0.6252168416976929
0.6718665361404419
0.8488285541534424
0.4983052909374237
0.29569581151008606
0.22407962381839752
0.013892845250666142
0.23768958449363708
0.065289705991745
0.15335120260715485
0.14469531178474426
0.7005660533905029
0.14731481671333313
0.89432692527771
0.410647988319397
0.6674156188964844
0.23724639415740967
0.27959683537483215
0.6020327210426331
0.8821282982826233
0.5488584637641907
0.7784433960914612
0.39391568303108215
0.8898059129714966
0.844304084777832
0.30655860900878906
0.932361900806427
0.07213381677865982
0.24662469327449799
0.872552752494812
0.3818727433681488
0.0674491599202156
0.0558498278260231
0.15331314504146576
0.5374982953071594
0.49403852224349976
0.5865334272384644
0.7981953620910645
0.6685277819633484
0.24879808723926544
0.6843661665916443
0.7807002067565918
0.5556974411010742
0.7719482779502869
0.5755208730697632
0.20148558914661407
0.7306103110313416
0.07957890629768372
0.8524826765060425
0.24021926522254944
0.07543284446001053
0.05172869563102722
0.004964927211403847
0.34696584939956665
0.6919386386871338
0.8572771549224854
0.8060789704322815
0.8685768246650696
0.5102954506874084
0.5496485233306885
0.7820773124694824
0.590469479560852
0.6217306852340698
0.2166704684495926
0.20660515129566193
0.25573238730430603
0.660646915435791
0.18781213462352753
0.17161880433559418
0.8669800758361816
0.4129899740219116
0.35621723532676697
0.3431910276412964
0.45425596833229065
0.07194927334785461
0.30385422706604004
0.6167048811912537
0.5735489130020142
0.3055647313594818
0.9830561876296997
0.3513345420360565
0.6365481019020081
0.9306339025497437
0.3557818830013275
0.7811058759689331
0.4601091146469116
0.618133008480072
0.8117350935935974
0.0773453339934349
0.258129358291626
0.2589591145515442
0.6492117047309875
0.3621504604816437
0.8533146977424622
0.38767364621162415
0.21313956379890442
0.10173854976892471
0.8918867707252502
0.7922897934913635
0.14242510497570038
0.16488225758075714
0.9101142883300781
0.07068297266960144
0.3571569621562958
0.4654047191143036
0.02858251892030239
0.6415027379989624
0.06169215217232704
0.67848140001297
0.801670253276825
0.19453971087932587
0.9933093786239624
0.4755086600780487
0.9963443279266357
0.9220100045204163
0.15431495010852814
0.6287481784820557
0.9876115918159485
0.3263484835624695
0.7694518566131592
0.920571506023407
0.15230189263820648
0.21279381215572357
0.5135259032249451
0.19635814428329468
0.8498989939689636
0.09483811259269714
0.7563485503196716
0.6350349187850952
0.2299453169107437
0.8154743909835815
0.5416151881217957
0.1568295806646347
0.23478327691555023
0.489503413438797
0.23470082879066467
0.6278632879257202
0.8564307689666748
0.6758882999420166
0.25772425532341003
0.009316087700426579
0.8748863935470581
0.113485187292099
0.02136090397834778
0.468929648399353
0.8435136079788208
0.8743277192115784
0.33077362179756165
0.3850405216217041
0.2839343547821045
0.9128003716468811
0.23599927127361298
0.27959543466567993
0.9526532888412476
0.38018351793289185
0.374735027551651
0.6058700084686279
0.41555455327033997
0.8257974982261658
0.8586121201515198
0.44379723072052
0.9182090759277344
0.9141054153442383
0.21387594938278198
0.12148118764162064
0.07596554607152939
0.8395019769668579
0.2619720697402954
0.6924898028373718
0.3659187853336334
0.5605478286743164
0.04982655867934227
0.3336038887500763
0.0712103471159935
0.5267714858055115
0.7107328176498413
0.09708798676729202
0.6094650626182556
0.47007307410240173
0.9115819931030273
0.9999950528144836
0.5733975172042847
0.7270655035972595
0.013530823402106762
0.9728112816810608
0.33661898970603943
0.7867379188537598
0.9056873917579651
0.35156047344207764
0.8956321477890015
0.6703483462333679
0.5655866861343384
0.22820045053958893
0.9198911190032959
0.09329123795032501
0.4784885346889496
0.6925078630447388
0.15236730873584747
0.15324948728084564
0.12332674860954285
0.0601009763777256
0.09427299350500107
0.4003274440765381
0.33980581164360046
0.7797407507896423
0.9017689824104309
0.41939619183540344
0.2612954080104828
0.08617396652698517
0.18079455196857452
0.41749510169029236
0.4279557168483734
0.6333744525909424
0.5687298774719238
0.32482123374938965
0.7364399433135986
0.49718427658081055
0.6897058486938477
0.41522035002708435
0.09221047163009644
0.6210582256317139
0.02394089475274086
0.6520101428031921
0.8693180680274963
0.5100892782211304
0.0019732441287487745
0.5014058947563171
0.21202515065670013
0.4321109354496002
0.29806607961654663
0.6545000672340393
0.9877418279647827
0.6663378477096558
0.9678170680999756
0.12223662436008453
0.4183138608932495
0.42745622992515564
0.008106294088065624
0.4581570625305176
0.6415157914161682
0.27071475982666016
0.04119928926229477
0.2614843547344208
0.09394283592700958
0.6331624388694763
0.24602778255939484
0.6388465762138367
0.3127402067184448
0.690852165222168
0.9136520624160767
0.0035017316695302725
0.3331313729286194
0.2837315499782562
0.33128780126571655
0.40152156352996826
0.4144344627857208
0.5359013676643372
0.77049720287323
0.6349429488182068
0.519405722618103
0.9976710081100464
0.4498699903488159
0.45602601766586304
0.8186519742012024
0.8456953167915344
0.5391586422920227
0.8487727046012878
0.7407469749450684
0.21527041494846344
0.8023978471755981
0.28492313623428345
0.10988800972700119
0.502345621585846
0.14813151955604553
0.6761121153831482
0.85880047082901
0.2412433922290802
0.41074445843696594
0.005722732283174992
0.19632990658283234
0.1793171465396881
0.664493978023529
0.26395273208618164
0.2184217870235443
0.8933793902397156
0.33003780245780945
0.4696870744228363
0.5753350853919983
0.1746143102645874
0.2611338794231415
0.9437054395675659
0.5783358216285706
0.5988748669624329
0.36742088198661804
0.9055800437927246
0.07681490480899811
0.7026145458221436
0.18689343333244324
0.39091846346855164
0.5724771618843079
0.2637704312801361
0.7781251668930054
0.6166890263557434
0.953003466129303
0.8712413311004639
0.27129462361335754
0.4108816981315613
0.9714555740356445
0.41063192486763
0.7916406989097595
0.7966718673706055
0.028812069445848465
0.4759730100631714
0.8678191900253296
0.12621909379959106
0.8857754468917847
0.43928614258766174
0.19517232477664948
0.7394123077392578
0.2920186519622803
0.8182556629180908
0.8782960176467896
0.90314781665802
0.03697392717003822
0.34851977229118347
0.4834088385105133
0.8775061368942261
0.4640708565711975
0.7693673372268677
0.2906602621078491
0.5214961767196655
0.48562052845954895
0.01324261911213398
0.023617086932063103
0.9902765154838562
0.06266385316848755
0.7021501660346985
0.5072701573371887
0.47766226530075073
0.9832166433334351
0.8327096700668335
0.6085996627807617
0.7067211270332336
0.9171885848045349
0.8580250144004822
0.1585206538438797
0.19498103857040405
0.8175836205482483
0.8025365471839905
0.3906841278076172
0.20928598940372467
0.9074899554252625
0.11832409352064133
0.5110177993774414
0.47331395745277405
0.9359789490699768
0.6065313220024109
0.29395791888237
0.6745268702507019
0.9035381078720093
0.6593671441078186
0.024917079135775566
0.8977477550506592
0.24391008913516998
0.02845318615436554
0.9657676815986633
0.009627142921090126
0.4242061972618103
0.5274015069007874
0.7511288523674011
0.47923123836517334
0.032796986401081085
0.5980334281921387
0.8937479257583618
0.4638260304927826
0.5832293033599854
0.07727222889661789
0.29276785254478455
0.8823761343955994
0.985625684261322
0.5902476906776428
0.847165048122406
0.08234386146068573
0.40845900774002075
0.017966104671359062
0.6557573080062866
0.24205680191516876
0.24451979994773865
0.10884881019592285
0.12512344121932983
0.5356289744377136
0.3416154682636261
0.7791997790336609
0.3481573164463043
0.30636581778526306
0.14508409798145294
0.897437572479248
0.02934253215789795
0.6075084209442139
0.5044229030609131
0.2905670702457428
0.9686466455459595
0.22903822362422943
0.11454982310533524
0.19994279742240906
0.5804174542427063
0.13697439432144165
0.2564682364463806
0.34268486499786377
0.17838482558727264
0.76012122631073
0.0336022712290287
0.4647860527038574
0.6283136010169983
0.14093074202537537
0.631382167339325
0.32853639125823975
0.19357986748218536
0.7476850748062134
0.6136773824691772
0.6673130989074707
0.9426285624504089
0.8979110717773438
0.7391640543937683
0.2853769361972809
0.2457314431667328
0.882724940776825
0.6141961216926575
0.5202684998512268
0.1008349359035492
0.43029195070266724
0.9244897365570068
0.41904836893081665
0.41000983119010925
0.8521486520767212
0.6125038862228394
0.19430628418922424
0.41871145367622375
0.11383339017629623
0.8757469058036804
0.1755722016096115
0.3115019202232361
0.4184229373931885
0.3669496476650238
0.4942251741886139
0.68921959400177
0.13083931803703308
0.49066978693008423
0.6352922320365906
0.12407668679952621
0.7299354076385498
0.3985951542854309
0.8081604242324829
0.9900032877922058
0.10544129461050034
0.31089380383491516
0.7166358828544617
0.6031097769737244
0.5658409595489502
0.5154932141304016
0.9331525564193726
0.8111387491226196
0.14244580268859863
0.7948622107505798
0.10585436224937439
0.06903399527072906
0.4401492178440094
0.6828657388687134
0.8597044348716736
0.791681706905365
0.9566806554794312
0.13845494389533997
0.2931912839412689
0.5149809122085571
0.1205325722694397
0.4832761287689209
0.661186933517456
0.029362691566348076
0.05234337970614433
0.7647145986557007
0.5557915568351746
0.07351807504892349
0.3507184386253357
0.9501856565475464
0.771186113357544
0.9609168767929077
0.5437455773353577
0.2789217531681061
0.7703492045402527
0.1717795878648758
0.38019537925720215
0.6954897046089172
0.16627910733222961
0.529664158821106
0.8569774627685547
0.4338015913963318
0.0500984713435173
0.8652593493461609
0.9420052766799927
0.5197141170501709
0.5166014432907104
0.6031203269958496
0.3397253155708313
0.4376571476459503
0.04226794093847275
0.20962555706501007
0.09204696863889694
0.5384060740470886
0.614667534828186
0.7179026007652283
0.21686217188835144
0.4726579189300537
0.8535876870155334
0.5513927340507507
0.6644598245620728
0.48364585638046265
0.25599217414855957
0.1504499614238739
0.685234785079956
0.8822513818740845
0.862155020236969
0.7104668617248535
0.038105785846710205
0.5070541501045227
0.993253767490387
0.45674052834510803
0.8627044558525085
0.7198792695999146
0.6794103384017944
0.1229465901851654
0.038362208753824234
0.5036264657974243
0.3851076066493988
0.9025570750236511
0.5715851783752441
0.4524373710155487
0.7421997785568237
0.8373573422431946
0.8730987906455994
0.1208486557006836
0.0027663775254040956
0.8293977975845337
0.705534815788269
0.05940971523523331
0.733133852481842
0.12734602391719818
0.4852945804595947
0.8957754969596863
0.21187011897563934
0.8357875943183899
0.6011795401573181
0.4716864824295044
0.14050646126270294
0.2786250114440918
0.1452547162771225
0.064383365213871
0.9515059590339661
0.12285760790109634
0.4870171844959259
0.8441887497901917
0.18677279353141785
0.9115293025970459
0.6000770330429077
0.7321259379386902
0.031721439212560654
0.9896111488342285
0.6108745336532593
0.5097156763076782
0.8479665517807007
0.9565016031265259
0.3278742730617523
0.1400924026966095
0.11396802961826324
0.5490676164627075
0.8743433952331543
0.4765288829803467
0.7626745104789734
0.5907055735588074
0.17492371797561646
0.03684474527835846
0.40814027190208435
0.3915027976036072
0.3437052071094513
0.9349796175956726
0.8303493857383728
0.6346355676651001
0.21423034369945526
0.8874349594116211
0.7013720870018005
0.30003708600997925
0.49649181962013245
0.5638224482536316
0.4553212821483612
0.36640530824661255
0.837167501449585
0.4001155197620392
0.1241060420870781
0.20107468962669373
0.19018827378749847
0.5402266979217529
0.09136883169412613
0.961574375629425
0.16119205951690674
0.9763771891593933
0.5048272013664246
0.8339472413063049
0.03830138221383095
0.1522127240896225
0.6068657040596008
0.6950255036354065
0.3923065662384033
0.7808210253715515
0.7725686430931091
0.19306956231594086
0.07487339526414871
0.015150460414588451
0.6957037448883057
0.8277319073677063
0.5159069895744324
0.8672749996185303
0.5492352843284607
0.9958019256591797
0.12287693470716476
0.6052715182304382
0.8565802574157715
0.5116413831710815
0.17948052287101746
0.25691309571266174
0.386819064617157
0.14269573986530304
0.3784325122833252
0.9294579029083252
0.6602010130882263
0.632230818271637
0.732645571231842
0.48122382164001465
0.026674045249819756
0.3688891530036926
0.8752762675285339
0.5532268285751343
0.17325739562511444
0.9607833623886108
0.839202880859375
0.5636029839515686
0.3393198549747467
0.7927532196044922
0.6798964142799377
0.5263209342956543
0.901110827922821
0.4157453775405884
0.7786803245544434
0.505573570728302
0.15541286766529083
0.6603935956954956
0.36160194873809814
0.7839587926864624
0.7950579524040222
0.11986944824457169
0.6836501955986023
0.7938169836997986
0.6987459063529968
0.5444542765617371
0.9349989295005798
0.2014864683151245
0.6435385346412659
0.8354727625846863
0.5472272634506226
0.4810333549976349
0.5109744071960449
0.4893063008785248
0.0011540332343429327
0.602959394454956
0.6093683242797852
0.40274080634117126
0.7982349395751953
0.0207851380109787
0.6908687353134155
0.44977325201034546
0.07983596622943878
0.12407908588647842
0.8906222581863403
0.05046642944216728
0.1990472674369812
0.20697762072086334
0.7179835438728333
0.9628229141235352
0.10957881808280945
0.7951624393463135
0.5142735838890076
0.5542415380477905
0.45529285073280334
0.5425027012825012
0.25340378284454346
0.5364662408828735
0.8391172885894775
0.6147825121879578
0.43235525488853455
0.9501253962516785
0.6723108887672424
0.780274510383606
0.44856977462768555
0.9204033613204956
0.818869411945343
0.9773688316345215
0.05446430668234825
0.18595977127552032
0.14510928094387054
0.07132430374622345
0.42543330788612366
0.41997507214546204
0.8031909465789795
0.15007251501083374
0.6267960071563721
0.4925276041030884
0.7387123703956604
0.4768392741680145
0.8144139051437378
0.21005749702453613
0.18727651238441467
0.3073902130126953
0.667015016078949
0.8219518661499023
0.9920644760131836
0.9687516093254089
0.7602066397666931
0.5044399499893188
0.9635149836540222
0.4032788872718811
0.1902618110179901
0.9313862323760986
0.9282358288764954
0.747421383857727
0.9653965830802917
0.4352450668811798
0.8362714648246765
0.8944877982139587
0.1227622702717781
0.8257423639297485
0.3013744652271271
0.4961080253124237
0.15331998467445374
0.7014789581298828
0.18572556972503662
0.7529802918434143
0.18323639035224915
0.38880109786987305
0.15380793809890747
0.33382120728492737
0.8962503671646118
0.31818515062332153
0.22774389386177063
0.15053275227546692
0.1221889853477478
0.34024930000305176
0.1463041603565216
0.08947943896055222
0.4009053409099579
0.8339470624923706
0.8912783861160278
0.9144726991653442
0.11339294910430908
0.7796409130096436
0.9643797874450684
0.8574070930480957
0.4241015613079071
0.4804801642894745
0.7566803693771362
0.1286153793334961
0.9161722660064697
0.5863460302352905
0.8796018362045288
0.01225290261209011
0.9381405115127563
0.24865476787090302
0.44491860270500183
0.9384746551513672
0.4639507830142975
0.29351940751075745
0.7063524127006531
0.13346709311008453
0.8147777318954468
0.9330974221229553
0.8888170123100281
0.7255215048789978
0.9153973460197449
0.47617146372795105
0.08337083458900452
0.5566075444221497
0.4329851567745209
0.2541651427745819
0.1878533512353897
0.8196340203285217
0.12450151145458221
0.648492693901062
0.13462135195732117
0.7376865744590759
0.9217009544372559
0.5997591614723206
0.916130781173706
0.9886782169342041
0.7292437553405762
0.5461828708648682
0.8418567776679993
0.4252000153064728
0.8690547943115234
0.041709162294864655
0.6319459080696106
0.18888826668262482
0.7833404541015625
0.5925918221473694
0.7933115363121033
0.7880297303199768
0.2117796540260315
0.6620078086853027
0.41682612895965576
0.7659201622009277
0.8089314103126526
0.5049600601196289
0.11169620603322983
0.8790128827095032
0.7802118062973022
0.9311589598655701
0.5292226672172546
0.9915936589241028
0.759541392326355
0.34871309995651245
0.8956344723701477
0.8821939826011658
0.6533806920051575
0.6291784644126892
0.07643856108188629
0.02002391591668129
0.4324919283390045
0.876304030418396
0.3029409945011139
0.2473686933517456
0.2731337547302246
0.6831954717636108
0.6689813137054443
0.3410114347934723
0.35673102736473083
0.6199979782104492
0.6298738121986389
0.14773029088974
0.6091060638427734
0.12838760018348694
0.1768469661474228
0.5308444499969482
0.4422878623008728
0.29455259442329407
0.786344587802887
0.2093069702386856
0.3322402536869049
0.6258930563926697
0.7270549535751343
0.9171260595321655
0.22432832419872284
0.6710276007652283
0.8658682703971863
0.16982217133045197
0.9051607251167297
0.08865325152873993
0.7976207733154297
0.861687183380127
0.2141096442937851
0.388197124004364
0.596534252166748
0.8198649287223816
0.8109186887741089
0.17880593240261078
0.10837850719690323
0.6383247971534729
0.25691908597946167
0.3596518933773041
0.8518382906913757
0.3259487748146057
0.07855289429426193
0.43312790989875793
0.16063231229782104
0.3429628610610962
0.43196848034858704
0.3789861798286438
0.9758748412132263
0.5091584324836731
0.46796658635139465
0.6665741801261902
0.6637881994247437
0.1985480636358261
0.3030756413936615
0.6432422995567322
0.8349316120147705
0.25237518548965454
0.478715181350708
0.02988983877003193
0.6200695633888245
0.5185180306434631
0.1342327743768692
0.7950595021247864
0.38483926653862
0.9322471618652344
0.1921670138835907
0.7132387161254883
0.6070184111595154
0.5182761549949646
0.4986315667629242
0.28942614793777466
0.4105951488018036
0.6234896779060364
0.6562025547027588
0.11615810543298721
0.267875611782074
0.3764071464538574
0.23194529116153717
0.8512781262397766
0.04108671844005585
0.256777286529541
0.0543396919965744
0.6096545457839966
0.8007798790931702
0.25828659534454346
0.40349093079566956
0.4175630211830139
0.03614593669772148
0.3197104036808014
0.8223935961723328
0.38121336698532104
0.28263914585113525
0.4949730634689331
0.7069405913352966
0.009288903325796127
0.19239391386508942
0.7162508964538574
0.9344722628593445
0.726732611656189
0.5254256725311279
0.09192252159118652
0.40913525223731995
0.676581859588623
0.29332852363586426
0.8544033169746399
0.3515995740890503
0.38877958059310913
0.923437237739563
0.4848020672798157
0.6799266338348389
0.5600211024284363
0.547076940536499
0.8660564422607422
0.2004828304052353
0.7707945108413696
0.9073655009269714
0.07370767742395401
0.4881833493709564
0.5069988965988159
0.8327521085739136
0.5381208062171936
0.12789182364940643
0.9726265668869019
0.7409178614616394
0.556631326675415
0.3945666551589966
0.1375623643398285
0.8885475397109985
0.5181186199188232
0.2863164246082306
0.6878352165222168
0.13160502910614014
0.9033169746398926
0.5205199122428894
0.6489248275756836
0.9181175827980042
0.2720537781715393
0.8638967275619507
0.5853680968284607
0.7474631667137146
0.38545677065849304
0.8041542768478394
0.9835056662559509
0.5272050499916077
0.5012587904930115
0.48971042037010193
0.9207363724708557
0.2643384337425232
0.9984449744224548
0.45647603273391724
0.6613250374794006
0.14492382109165192
0.5574350953102112
0.9109668135643005
0.381821870803833
0.5167890191078186
0.5920882225036621
0.9517789483070374
0.4554217755794525
0.5612231492996216
0.02358383685350418
0.04219551011919975
0.8812328577041626
0.6440541744232178
0.9118590354919434
0.633799135684967
0.5522415041923523
0.49795541167259216
0.36456772685050964
0.24770303070545197
0.01380897220224142
0.5861209034919739
0.3009378910064697
0.06989025324583054
0.6311144828796387
0.2575710415840149
0.9590714573860168
0.5347049236297607
0.4003511965274811
0.5890561938285828
0.501769483089447
0.059289462864398956
0.0911979228258133
0.49730491638183594
0.6491314172744751
0.8390882611274719
0.2763397693634033
0.5249091386795044
0.7675591707229614
0.6030871272087097
0.6142403483390808
0.5257482528686523
0.9943373203277588
0.20451705157756805
0.5436266660690308
0.7177654504776001
0.0617527961730957
0.39488574862480164
0.4338836669921875
0.23564136028289795
0.2784982919692993
0.4726044237613678
0.4330861568450928
0.36725667119026184
0.7051085233688354
0.6865798830986023
0.5677316188812256
0.09558255225419998
0.07584326714277267
0.7114094495773315
0.1852026879787445
0.7143848538398743
0.11638791859149933
0.16907314956188202
0.9987044334411621
0.36511626839637756
0.008352399803698063
0.2883777320384979
0.6014730930328369
0.08073107898235321
0.8818120360374451
0.9779193997383118
0.6232534050941467
0.4826032817363739
0.9637665152549744
0.5341430306434631
0.7241238355636597
0.6214189529418945
0.47313201427459717
0.25725480914115906
0.9851158857345581
0.020094621926546097
0.26936978101730347
0.6733240485191345
0.6059414148330688
0.5669833421707153
0.30104416608810425
0.12880714237689972
0.28936296701431274
0.44730955362319946
0.11149878799915314
0.4507891833782196
0.6133966445922852
0.5037864446640015
0.08922687917947769
0.27865853905677795
0.9622350931167603
0.947540283203125
0.45909959077835083
0.4043981730937958
0.04183021932840347
0.3735717833042145
0.20177282392978668
0.8348533511161804
0.20933671295642853
0.8965729475021362
0.7172647714614868
0.7795465588569641
0.8990445733070374
0.9702668786048889
0.17195312678813934
0.520107090473175
0.7345350384712219
0.5785108804702759
0.7464631795883179
0.25570207834243774
0.5296279191970825
0.3513237535953522
0.7471936345100403
0.22343438863754272
0.7960004210472107
0.7468342185020447
0.08228292316198349
0.8105327486991882
0.0959923043847084
0.5257775783538818
0.8029307126998901
0.2756020128726959
0.976818323135376
0.0719420313835144
0.6959671974182129
0.08205512911081314
0.359116792678833
0.6849595308303833
0.9225403666496277
0.48089250922203064
0.892951250076294
0.31997066736221313
0.9543434381484985
0.7897422909736633
0.7481203675270081
0.737787663936615
0.9286121129989624
0.0324830487370491
0.5276458263397217
0.23465220630168915
0.8331778049468994
0.04713589325547218
0.4920579791069031
0.7468081116676331
0.16396285593509674
0.23193831741809845
0.5672426223754883
0.7641584873199463
0.5022310614585876
0.9561290740966797
0.7706424593925476
0.4241284132003784
0.9069869518280029
0.22185033559799194
0.55842524766922
0.15276697278022766
0.23207074403762817
0.1521787941455841
0.7084686756134033
0.7663807272911072
0.42923393845558167
0.108312226831913
0.12302105128765106
0.8940091729164124
0.9405136704444885
0.14229816198349
0.6082109212875366
0.3517493009567261
0.21294769644737244
0.1676972508430481
0.8903173208236694
0.3035638928413391
0.960157036781311
0.7883772850036621
0.24455055594444275
0.0913097932934761
0.2320341169834137
0.6340664625167847
0.07483263313770294
0.504429280757904
0.2629774212837219
0.5318748354911804
0.5211724638938904
0.10292955487966537
0.9533656239509583
0.6363347768783569
0.5564015507698059
0.26895245909690857
0.26925623416900635
0.7470598220825195
0.7055938243865967
0.2485070675611496
0.5270185470581055
0.3703133165836334
0.10961686074733734
0.3768322467803955
0.8659931421279907
0.8188820481300354
0.3565865159034729
0.3080880641937256
0.6541399359703064
0.009285695850849152
0.6626927256584167
0.6627817153930664
0.555666446685791
0.8214340209960938
0.0008222648757509887
0.5540228486061096
0.8920194506645203
0.8650535941123962
0.4445282518863678
0.9737591743469238
0.540071427822113
0.9751428961753845
0.793014407157898
0.09185730665922165
0.6992575526237488
0.7755091190338135
0.22719842195510864
0.502540111541748
0.972119927406311
0.8885931372642517
0.46607401967048645
0.7778401970863342
0.63250333070755
0.6120703220367432
0.08035694807767868
0.8242030739784241
0.02688411809504032
0.2137552797794342
0.2487611025571823
0.2882280647754669
0.7275549173355103
0.7484824657440186
0.04317886009812355
0.24458296597003937
0.9576405882835388
0.523120641708374
0.09214445948600769
0.015322964638471603
0.4825339913368225
0.03752938657999039
0.4346309304237366
0.10060805827379227
0.04152388125658035
0.2800266444683075
0.0940520241856575
0.39525923132896423
0.4995591640472412
0.3784453570842743
0.11900343745946884
0.519356369972229
0.3172801434993744
0.2130437195301056
0.4540507197380066
0.8010539412498474
0.6451870203018188
0.570713460445404
0.5294684171676636
0.8291319012641907
0.5836489200592041
0.9252241253852844
0.7509060502052307
0.5741764307022095
0.5377799272537231
0.672762930393219
0.11820313334465027
0.18074055016040802
0.5357068777084351
0.013842993415892124
0.32869458198547363
0.07927201688289642
0.2766388952732086
0.11373775452375412
0.3122091293334961
0.7109726071357727
0.26481929421424866
0.5392823815345764
0.642568051815033
0.746340274810791
0.7325812578201294
0.41312670707702637
0.9685887098312378
0.5847217440605164
0.2963959872722626
0.04288306459784508
0.10775494575500488
0.807149350643158
0.50203537940979
0.22725710272789001
0.7517818212509155
0.8520535826683044
0.8899918794631958
0.6562795639038086
0.4328901767730713
0.17543688416481018
0.29928645491600037
0.3753544092178345
0.9345317482948303
0.04932480677962303
0.835480272769928
0.24042272567749023
0.9352988600730896
0.0210114773362875
0.019811127334833145
0.7692714333534241
0.07867776602506638
0.14827972650527954
0.5840175747871399
0.0947059914469719
0.029294518753886223
0.34129369258880615
0.10117398202419281
0.11458945274353027
0.6038519144058228
0.5686070322990417
0.9922439455986023
0.4655870795249939
0.2511404752731323
0.6706153154373169
0.40523600578308105
0.31722402572631836
0.6029958128929138
0.6488947868347168
0.024417856708168983
0.8359399437904358
0.7475495338439941
0.43772703409194946
0.7065373659133911
0.8176577687263489
0.34379813075065613
0.9526163935661316
0.8948174118995667
0.41611751914024353
0.07016430050134659
0.27859920263290405
0.8189308643341064
0.4596904218196869
0.8881312608718872
0.4340243935585022
0.700878918170929
0.98189777135849
0.9811059832572937
0.48206961154937744
0.992996871471405
0.42569395899772644
0.6253364086151123
0.14519770443439484
0.5552898645401001
0.8923156261444092
0.5894417762756348
0.3470000624656677
0.09177029877901077
0.5513465404510498
0.4041716754436493
0.4443875253200531
0.20782800018787384
0.8400770425796509
0.5723393559455872
0.638830304145813
0.31073808670043945
0.06791030615568161
0.103212870657444
0.4982757270336151
0.7353787422180176
0.5239542126655579
0.7958840131759644
0.04010264202952385
0.9449167847633362
0.6041659116744995
0.3542252779006958
0.7958577275276184
0.1962583065032959
0.2519185245037079
0.8060057759284973
0.22051022946834564
0.36259907484054565
0.8338489532470703
0.23815061151981354
0.8531235456466675
0.3550585210323334
0.26543402671813965
0.27007821202278137
0.18162420392036438
0.1792595535516739
0.6101150512695312
0.25817933678627014
0.2671716809272766
0.05689813941717148
0.5778023600578308
0.14593861997127533
0.18904419243335724
0.12861891090869904
0.8333194851875305
0.4579244554042816
0.3767392337322235
0.6626905798912048
0.13519863784313202
0.6665641665458679
0.8842204213142395
0.6770856380462646
0.9490917921066284
0.9216582179069519
0.1234181821346283
0.4192257523536682
0.962742269039154
0.8977910280227661
0.2505778670310974
0.7496427893638611
0.47833627462387085
0.4054064452648163
0.09869015216827393
0.9363666772842407
0.850813627243042
0.8588471412658691
0.04874202981591225
0.21756647527217865
0.00960309337824583
0.8869821429252625
0.880096435546875
0.605782687664032
0.7665075659751892
0.9405021667480469
0.8353526592254639
0.681556224822998
0.5086168050765991
0.19481496512889862
0.3327380120754242
0.8716349601745605
0.32292085886001587
0.544686496257782
0.6872923970222473
0.5237424373626709
0.21681715548038483
0.7898061275482178
0.4683130383491516
0.5835118293762207
0.9331604242324829
0.06180558353662491
0.38814008235931396
0.9805654883384705
0.9408496618270874
0.9532698392868042
0.029892846941947937
0.6949741840362549
0.6997724175453186
0.6188831925392151
0.45611268281936646
0.03943895921111107
0.4820976257324219
0.1355840563774109
0.48766157031059265
0.4047653079032898
0.12471722811460495
0.20376452803611755
0.3354472815990448
0.5863041877746582
0.16028115153312683
0.6161063313484192
0.42415571212768555
0.21744473278522491
0.01148055586963892
0.6196726560592651
0.03939846530556679
0.9790430068969727
0.8420272469520569
0.9819321632385254
0.8016535639762878
0.7051194906234741
0.1884865164756775
0.36708420515060425
0.9653492569923401
0.11307130008935928
0.36574575304985046
0.3679395616054535
0.8059431910514832
0.29513901472091675
0.28953102231025696
0.6902360916137695
0.4805871248245239
0.4839995801448822
0.8512752652168274
0.01734532043337822
0.3644428849220276
0.11803221702575684
0.8931225538253784
0.8546587824821472
0.22203800082206726
0.11740148067474365
0.12363329529762268
0.9113425612449646
0.298541784286499
0.5014660358428955
0.41884973645210266
0.772058367729187
0.2462168037891388
0.9098124504089355
0.1775745451450348
0.7480630278587341
0.3286575675010681
0.6432584524154663
0.05918208882212639
0.8113245964050293
0.5313427448272705
0.9308907985687256
0.8642129302024841
0.4633326232433319
0.07168528437614441
0.02200446091592312
0.7672393321990967
0.9608842134475708
0.05160003900527954
0.09465350955724716
0.1330697387456894
0.27630147337913513
0.5199320316314697
0.20588912069797516
0.28485170006752014
0.14516271650791168
0.9696235656738281
0.7853792905807495
0.775524377822876
0.7590937614440918
0.5371538400650024
0.846498429775238
0.9706588983535767
0.34407487511634827
0.8135687708854675
0.8047341108322144
0.2051917165517807
0.6060045957565308
0.9694086909294128
0.15555846691131592
0.6411979794502258
0.5549630522727966
0.1849825084209442
0.2623911499977112
0.009496847167611122
0.908778727054596
0.51768559217453
0.8027527332305908
0.8693565130233765
0.4839799106121063
0.3767188787460327
0.41181349754333496
0.8435911536216736
0.34204530715942383
0.6003691554069519
0.46675872802734375
0.6833187341690063
0.23162055015563965
0.049115635454654694
0.6008694767951965
0.8703213930130005
0.6379262208938599
0.530686616897583
0.457895427942276
0.1558062583208084
0.6210135221481323
0.939066469669342
0.3454684615135193
0.1593565195798874
0.25280359387397766
0.9333199858665466
0.6872603297233582
0.9657776951789856
0.0837685614824295
0.7626967430114746
0.7088167071342468
0.2766779065132141
0.28654128313064575
0.005975040607154369
0.0003900543670170009
0.22666388750076294
0.2760678827762604
0.5592886209487915
0.9064575433731079
0.3250572979450226
0.5499640703201294
0.6280803084373474
0.537109375
0.3898501694202423
0.9053463339805603
0.41677865386009216
0.8020641207695007
0.5848260521888733
0.6739014983177185
0.8430151343345642
0.313629686832428
0.3265441954135895
0.17865882813930511
0.37736454606056213
0.781027615070343
0.881050169467926
0.17467567324638367
0.3255622386932373
0.1692139357328415
0.22900450229644775
0.16715598106384277
0.7887710332870483
0.2454635500907898
0.15841692686080933
0.35921430587768555
0.26672977209091187
0.03224025294184685
0.012674549594521523
0.775689959526062
0.7579340934753418
0.1351575404405594
0.08422591537237167
0.9112955927848816
0.49041128158569336
0.15492787957191467
0.328020840883255
0.9912106990814209
0.852077305316925
0.825903058052063
0.6602105498313904
0.9358392357826233
0.5124794840812683
0.40129953622817993
0.11949318647384644
0.8541233539581299
0.24850058555603027
0.7290931940078735
0.2187345027923584
0.5834011435508728
0.5216057896614075
0.7668810486793518
0.5710725784301758
0.13069748878479004
0.9588623046875
0.05940508097410202
0.39812982082366943
0.4741126000881195
0.8575350642204285
0.6642178297042847
0.7532132863998413
0.697644054889679
0.9541285037994385
0.9680861234664917
0.3503478169441223
0.43803927302360535
0.22061266005039215
0.06020239368081093
0.4973466694355011
0.4612702429294586
0.6795743107795715
0.8637334108352661
0.7755418419837952
0.24684566259384155
0.25771981477737427
0.32956284284591675
0.7334787845611572
0.22281493246555328
0.6484051942825317
0.9476531744003296
0.6084686517715454
0.19917525351047516
0.29359012842178345
0.09431175887584686
0.7465433478355408
0.0358944870531559
0.6021131873130798
0.2697566747665405
0.3688454031944275
0.5189815163612366
0.5939220190048218
0.8323876261711121
0.7008947134017944
0.12568886578083038
0.8559202551841736
0.5773851871490479
0.4358181655406952
0.33520567417144775
0.5086688995361328
0.23887231945991516
0.43304502964019775
0.43598511815071106
0.7851315140724182
0.06684453785419464
0.9267959594726562
0.1398758739233017
0.13650298118591309
0.2532348334789276
0.9081352949142456
0.36759817600250244
0.9895085096359253
0.588556170463562
0.17046388983726501
0.5866789221763611
0.04995688796043396
0.8037996292114258
0.024389812722802162
0.843143880367279
0.7598199248313904
0.5293424725532532
0.27933281660079956
0.8875821232795715
0.47788429260253906
0.692680299282074
0.7296886444091797
0.9342600703239441
0.027972223237156868
0.018255535513162613
0.26303064823150635
0.7847424745559692
0.9915172457695007
0.4183681309223175
0.3356674909591675
0.603389322757721
0.04965245723724365
0.6516737341880798
0.19770054519176483
0.4587904214859009
0.240560382604599
0.5689488053321838
0.6017956733703613
0.26569464802742004
0.0027454944793134928
0.7699779868125916
0.44699621200561523
0.5872562527656555
0.2951788008213043
0.006699037738144398
0.053026989102363586
0.13059177994728088
0.7218677401542664
0.8576147556304932
0.25407686829566956
0.2136128693819046
0.12451684474945068
0.7815399169921875
0.9718061685562134
0.1260586827993393
0.016483640298247337
0.4517480134963989
0.5252452492713928
0.47755250334739685
0.6850008964538574
0.45499736070632935
0.1255166083574295
0.38095301389694214
0.7153475880622864
0.4946208894252777
0.5079159736633301
0.5078054070472717
0.04038015753030777
0.8988381624221802
0.1585387885570526
0.16722877323627472
0.11223890632390976
0.789720892906189
0.7739496231079102
0.09380190074443817
0.17296215891838074
0.6023317575454712
0.7401604056358337
0.5768287777900696
0.4069000482559204
0.09988466650247574
0.6897650361061096
0.5425819754600525
0.46892356872558594
0.40449678897857666
0.3819703459739685
0.6138160228729248
0.1871318370103836
0.6503739953041077
0.9403533339500427
0.649613082408905
0.46737778186798096
0.9662761092185974
0.39594054222106934
0.9897899031639099
0.6547932028770447
0.7079676389694214
0.564949095249176
0.23111917078495026
0.6354253888130188
0.7545933127403259
0.47036927938461304
0.597277820110321
0.2209417074918747
0.9775760769844055
0.7266905903816223
0.6375515460968018
0.7774783372879028
0.4863011837005615
0.2646258473396301
0.649860143661499
0.06813690811395645
0.405426561832428
0.6059702038764954
0.8050991296768188
0.7289465665817261
0.24691565334796906
0.23493465781211853
0.716826856136322
0.5881182551383972
0.29285717010498047
0.16626177728176117
0.9515612125396729
0.5001788139343262
0.4500889778137207
0.8510109186172485
0.6571702361106873
0.962296187877655
0.9131994247436523
0.9487779140472412
0.4598088264465332
0.7107645869255066
0.016594478860497475
0.31827253103256226
0.10153641551733017
0.014523237012326717
0.7882012128829956
0.8861302137374878
0.6736233830451965
0.7752246260643005
0.11420980095863342
0.9285842776298523
0.19026632606983185
0.17149131000041962
0.35191214084625244
0.06166006624698639
0.32247596979141235
0.04503317177295685
0.09278002381324768
0.981745183467865
0.17794755101203918
0.47569966316223145
0.21149028837680817
0.5618330836296082
0.5502303838729858
0.6983805298805237
0.5294649600982666
0.6718663573265076
0.7747429609298706
0.5355833172798157
0.8382349610328674
0.3817847669124603
0.9991425275802612
0.9859326481819153
0.8604246377944946
0.5068494081497192
0.6017045378684998
0.7681785225868225
0.9528571367263794
0.29092666506767273
0.8219617605209351
0.5928849577903748
0.40430933237075806
0.21300214529037476
0.032096851617097855
0.05780420079827309
0.47058072686195374
0.4478493928909302
0.18463417887687683
0.43956491351127625
0.31624436378479004
0.7548623085021973
0.23157860338687897
0.1998627483844757
0.4422905147075653
0.0401313342154026
0.5674083232879639
0.23842547833919525
0.4115375876426697
0.5504389405250549
0.8151280879974365
0.8349060416221619
0.9127929210662842
0.993326723575592
0.8461725115776062
0.42481282353401184
0.22376133501529694
0.4593959152698517
0.6944829225540161
0.849925696849823
0.5845919251441956
0.6903226971626282
0.6443762183189392
0.05417858064174652
0.23279570043087006
0.6792811751365662
0.35719388723373413
0.0238876361399889
0.6445598602294922
0.5842485427856445
0.308118611574173
0.7338210344314575
0.13763175904750824
0.47617194056510925
0.12628485262393951
0.958034336566925
0.01530417799949646
0.8727567195892334
0.7086241245269775
0.7677342891693115
0.3202977776527405
0.735683798789978
0.4036117196083069
0.6522862911224365
0.5588444471359253
0.13978178799152374
0.5985357165336609
0.35023176670074463
0.10015089064836502
0.04568858817219734
0.19396652281284332
0.14058667421340942
0.5590519905090332
0.19261185824871063
0.3746342658996582
0.3351278007030487
0.5613422989845276
0.264183908700943
0.48873957991600037
0.2037612497806549
0.052413225173950195
0.9401580691337585
0.5400242805480957
0.9757440686225891
0.2648003101348877
0.9364306330680847
0.8992578387260437
0.10207273066043854
0.9818161129951477
0.26817619800567627
0.17718389630317688
0.4710809290409088
0.3449368476867676
0.2689570188522339
0.5315600037574768
0.9752573370933533
0.9863376021385193
0.7086299061775208
0.14993064105510712
0.23767633736133575
0.046371765434741974
0.08015758544206619
0.14608919620513916
0.04601887986063957
0.5986571311950684
0.8295320272445679
0.8714924454689026
0.420113205909729
0.05529380217194557
0.9323774576187134
0.7620320320129395
0.04686189815402031
0.8344776630401611
0.5149616599082947
0.39495980739593506
0.7835885882377625
0.08507319539785385
0.5056212544441223
0.9415580034255981
0.39412373304367065
0.5214686989784241
0.9751397967338562
0.9616842865943909
0.9574511051177979
0.29370343685150146
0.8268619775772095
0.9616332650184631
0.47635331749916077
0.8338983058929443
0.7468350529670715
0.29417553544044495
0.8103950619697571
0.5372717380523682
0.04969293996691704
0.11904080212116241
0.7903181910514832
0.7934507131576538
0.6326219439506531
0.35859718918800354
0.30110234022140503
0.5814704895019531
0.13371813297271729
0.17396673560142517
0.23488059639930725
0.8607147336006165
0.673028826713562
0.6812957525253296
0.36368557810783386
0.7520377039909363
0.3208669424057007
0.4865994453430176
0.2848280668258667
0.44671037793159485
0.7156022787094116
0.642695963382721
0.008780590258538723
0.7178544998168945
0.890064001083374
0.623365044593811
0.2567134201526642
0.5319908261299133
0.6022815108299255
0.08570204675197601
0.2990967929363251
0.2882768213748932
0.20936012268066406
0.5718300342559814
0.3170281648635864
0.9888345003128052
0.5256274342536926
0.15265099704265594
0.7610077857971191
0.9888386130332947
0.8174225687980652
0.16075724363327026
0.7722040414810181
0.1805613487958908
0.7871262431144714
0.6382786631584167
0.7543599605560303
0.6502830982208252
0.13525106012821198
0.9833672046661377
0.33262932300567627
0.6083301901817322
0.901636004447937
0.19596703350543976
0.7029924988746643
0.2848507761955261
0.7435789108276367
0.5664475560188293
0.019912831485271454
0.7815182209014893
0.9287161827087402
0.9769454598426819
0.5188014507293701
0.29377374053001404
0.2852068543434143
0.40420103073120117
0.6381762623786926
0.4023166000843048
0.05939658731222153
0.666029691696167
0.17572440207004547
0.7215350866317749
0.7121508717536926
0.3086737394332886
0.6257759928703308
0.96552973985672
0.7651670575141907
0.42011868953704834
0.3654748201370239
0.8575402498245239
0.8555583953857422
0.5138455629348755
0.3833047151565552
0.4203530550003052
0.9788478016853333
0.7632862329483032
0.5230704545974731
0.1524180918931961
0.7652592658996582
0.8525494337081909
0.7495622038841248
0.8299645185470581
0.5138095021247864
0.43021318316459656
0.7182550430297852
0.4546727240085602
0.42629727721214294
0.08883582800626755
0.6570091843605042
0.691704273223877
0.572502613067627
0.9487167000770569
0.10955718904733658
0.24324707686901093
0.11474819481372833
0.07232683897018433
0.824003279209137
0.0785662978887558
0.6719996929168701
0.3260972499847412
0.7212068438529968
0.8851302862167358
0.6942156553268433
0.08438386768102646
0.03457830846309662
0.4788711667060852
0.696998119354248
0.7909270524978638
0.7186780571937561
0.32533928751945496
0.6993523836135864
0.151899516582489
0.5452134609222412
0.7681427597999573
0.18538783490657806
0.9815319776535034
0.222812220454216
0.8002997040748596
0.6124449372291565
0.8282697200775146
0.9032248258590698
0.49608954787254333
0.668830156326294
0.917001485824585
0.3932666480541229
0.36768639087677
0.4845118820667267
0.1129889264702797
0.33202749490737915
0.787024199962616
0.7010513544082642
0.9734988808631897
0.9708491563796997
0.23443904519081116
0.8753825426101685
0.13510437309741974
0.5593956112861633
0.6728808283805847
0.04674924165010452
0.5970549583435059
0.8935757279396057
0.5495430827140808
0.380378782749176
0.1677265763282776
0.050244301557540894
0.6668193340301514
0.5671281218528748
0.38947927951812744
0.30379581451416016
0.2004316747188568
0.21635271608829498
0.7097407579421997
0.16052189469337463
0.051903121173381805
0.4059354066848755
0.4827045500278473
0.7753620147705078
0.6650556921958923
0.5213643908500671
0.10826615989208221
0.9362607002258301
0.11712149530649185
0.37863755226135254
0.5934950709342957
0.9390200972557068
0.9159685373306274
0.8262390494346619
0.21344229578971863
0.023741209879517555
0.9250355362892151
0.9829896688461304
0.15581393241882324
0.4801426827907562
0.7497259378433228
0.2245580106973648
0.8735137581825256
0.3590368926525116
0.6181104779243469
0.003382289782166481
0.3947083055973053
0.9896053075790405
0.6934593319892883
0.7260856032371521
0.9351942539215088
0.03280315175652504
0.3877970278263092
0.1417415589094162
0.7849953770637512
0.7987393140792847
0.10298564285039902
0.6288143992424011
0.07030689716339111
0.20933610200881958
0.3398978114128113
0.25566819310188293
0.039656657725572586
0.29897311329841614
0.05643417313694954
0.4323965013027191
0.9175546765327454
0.2722664475440979
0.798026978969574
0.31018900871276855
0.05668492987751961
0.05590145289897919
0.697098970413208
0.12365587800741196
0.5636373162269592
0.6844645738601685
0.056198786944150925
0.9653182625770569
0.7812798619270325
0.7977386713027954
0.1665930449962616
0.6209346055984497
0.10694876313209534
0.6766458749771118
0.7077135443687439
0.9988190531730652
0.2805320620536804
0.8269378542900085
0.5698272585868835
0.7494508624076843
0.04776497557759285
0.9554854035377502
0.907631516456604
0.5695705413818359
0.2287604659795761
0.19581156969070435
0.31164541840553284
0.7521174550056458
0.03273290768265724
0.3382073938846588
0.9702968001365662
0.4421708881855011
0.41567665338516235
0.03297262266278267
0.5555339455604553
0.2905130982398987
0.9492924809455872
0.02711193636059761
0.781673789024353
0.045334186404943466
0.2649916708469391
0.36856895685195923
0.5193813443183899
0.5152698159217834
0.624047040939331
0.15324677526950836
0.7972733974456787
0.8572583794593811
0.13183999061584473
0.33955511450767517
0.9181669354438782
0.8443347215652466
0.30784085392951965
0.7339275479316711
0.229680597782135
0.9795857667922974
0.9004659056663513
0.14725680649280548
0.5904085040092468
0.747564971446991
0.8419593572616577
0.2100164294242859
0.11606331169605255
0.22679808735847473
0.7724412679672241
0.7879201769828796
0.6926863789558411
0.28178519010543823
0.5059199333190918
0.8604754209518433
0.6114187240600586
0.27223601937294006
0.586937665939331
0.9900018572807312
0.1467193216085434
0.5586512684822083
0.21997368335723877
0.6583836674690247
0.34674742817878723
0.14363770186901093
0.8375831842422485
0.7472862601280212
0.3801834285259247
0.310336172580719
0.15521018207073212
0.6521685123443604
0.9959704279899597
0.8835464119911194
0.46388787031173706
0.5553562045097351
0.623209536075592
0.4685255289077759
0.12818001210689545
0.6724768877029419
0.793215811252594
0.3886123299598694
0.41434603929519653
0.21613521873950958
0.8825169801712036
0.8805312514305115
0.3543449938297272
0.8378754258155823
0.1252911239862442
0.7063429355621338
0.9420930743217468
0.8558064699172974
0.8230620622634888
0.4531795084476471
0.2550241947174072
0.22973978519439697
0.11759448051452637
0.7242769002914429
0.15035411715507507
0.20388422906398773
0.3099532723426819
0.5850853323936462
0.42706039547920227
0.19708871841430664
0.886233389377594
0.4971826374530792
0.23027975857257843
0.7491688132286072
0.11538849771022797
0.2684643268585205
0.7125743627548218
0.883208155632019
0.17420707643032074
0.2526545226573944
0.5672029852867126
0.3713511526584625
0.9723860025405884
0.5414515733718872
0.6455237865447998
0.4160727262496948
0.7850555777549744
0.9331992864608765
0.9599953293800354
0.3491878807544708
0.1992059350013733
0.29611966013908386
0.8591119050979614
0.29371145367622375
0.8708375692367554
0.886564314365387
0.861416220664978
0.7853963375091553
0.9695627093315125
0.9808474779129028
0.3105335235595703
0.8065457344055176
0.6046060919761658
0.34927406907081604
0.11508598178625107
0.25080594420433044
0.2311292290687561
0.38817858695983887
0.635112464427948
0.34140729904174805
0.9764885902404785
0.9246901273727417
0.9284185767173767
0.7414717078208923
0.38107383251190186
0.13984084129333496
0.809673547744751
0.6054846048355103
0.42994317412376404
0.3763366639614105
0.373156875371933
0.23524963855743408
0.29989683628082275
0.5328018665313721
0.9984931945800781
0.9608105421066284
0.9318343997001648
0.3050082325935364
0.3000723123550415
0.4833066761493683
0.406404584646225
0.7713938355445862
0.30303138494491577
0.04867858067154884
0.6930078864097595
0.9136911630630493
0.14242896437644958
0.8336461782455444
0.43857938051223755
0.7169770002365112
0.21036888659000397
0.23741421103477478
0.5207492113113403
0.44807925820350647
0.30251219868659973
0.14577507972717285
0.5471116304397583
0.12643484771251678
0.6457138657569885
0.9033588171005249
0.40575408935546875
0.22532090544700623
0.3750886023044586
0.45979008078575134
0.4831259548664093
0.8836915493011475
0.7089689373970032
0.4993784725666046
0.7169252038002014
0.7886207699775696
0.8278616666793823
0.8550767302513123
0.8057429194450378
0.9191854000091553
0.9217423796653748
0.22133316099643707
0.1290886253118515
0.7874561548233032
0.7099208831787109
0.1599297821521759
0.3293135166168213
0.2555767595767975
0.8050025105476379
0.9141548871994019
0.7967777848243713
0.5599406957626343
0.20902012288570404
0.21456189453601837
0.7578586339950562
0.665696382522583
0.4198601245880127
0.42566078901290894
0.6401462554931641
0.463076114654541
0.8285645246505737
0.009011927992105484
0.9097906351089478
0.11816894263029099
0.8428715467453003
0.22361239790916443
0.5520268082618713
0.16777092218399048
0.8318582773208618
0.23648913204669952
0.3657655715942383
0.017552727833390236
0.10952064394950867
0.5394548177719116
0.8496795296669006
0.8451246023178101
0.5589776039123535
0.04791105166077614
0.39622044563293457
0.6400386095046997
0.060609180480241776
0.8642237782478333
0.5143773555755615
0.4148842692375183
0.9609511494636536
0.5044519901275635
0.49973800778388977
0.9367464184761047
0.28147828578948975
0.6768361926078796
0.3808816075325012
0.11595640331506729
0.12730415165424347
0.7631377577781677
0.7927698493003845
0.6516393423080444
0.13682164251804352
0.9869736433029175
0.3876924514770508
0.46862268447875977
0.9806920886039734
0.29175350069999695
0.4735439717769623
0.5464704036712646
0.8026564717292786
0.9366494417190552
0.334227979183197
0.6817144155502319
0.5589810013771057
0.3027941882610321
0.29621198773384094
0.09131962805986404
0.43116337060928345
0.6547838449478149
0.980404794216156
0.05060892552137375
0.9995719790458679
0.25799185037612915
0.8205820918083191
0.44277551770210266
0.09290634840726852
0.9758113622665405
0.4444771111011505
0.3304351568222046
0.006008103024214506
0.0527644008398056
0.07934965938329697
0.3046805262565613
0.5039725303649902
0.9545512199401855
0.8107513189315796
0.9662293195724487
0.6502698063850403
0.6488226056098938
0.026615511626005173
0.8223743438720703
0.1763938069343567
0.9511818289756775
0.9718519449234009
0.8118109703063965
0.3877637982368469
0.06619179993867874
0.7254499793052673
0.07855987548828125
0.0268053337931633
0.9498096704483032
0.0007009425316937268
0.3004171848297119
0.6006444692611694
0.5869006514549255
0.08249323070049286
0.11590186506509781
0.4650633633136749
0.7057759761810303
0.06356245279312134
0.6356852650642395
0.13924537599086761
0.6422058939933777
0.919734537601471
0.4972207546234131
0.36371874809265137
0.103719562292099
0.9929087162017822
0.4757879376411438
0.41216281056404114
0.3741857707500458
0.030403753742575645
0.6419240236282349
0.14326129853725433
0.360135942697525
0.35199302434921265
0.515744149684906
0.9290028214454651
0.581699013710022
0.7411419749259949
0.02999930828809738
0.3096903860569
0.488559752702713
0.5605291128158569
0.6419278383255005
0.07303618639707565
0.1374455839395523
0.542137086391449
0.5941735506057739
0.8738779425621033
0.724836528301239
0.8717808723449707
0.5152009725570679
0.3354944586753845
0.04016420245170593
0.4452754855155945
0.177067831158638
0.4042830169200897
0.10085947066545486
0.4174833297729492
0.7266834378242493
0.4916301667690277
0.9938315153121948
0.6342020034790039
0.3103712201118469
0.6158186197280884
0.9773492813110352
0.1387706995010376
0.2392396479845047
0.49385032057762146
0.8891870379447937
0.5159309506416321
0.08933332562446594
0.785498857498169
0.5630462765693665
0.7917619347572327
0.2741459012031555
0.17811354994773865
0.7595439553260803
0.07145022600889206
0.47294318675994873
0.6714078783988953
0.9580134749412537
0.10708342492580414
0.8925911784172058
0.5327261686325073
0.2684172987937927
0.420186847448349
0.8660451769828796
0.9955341815948486
0.1107470914721489
0.6170633435249329
0.7513202428817749
0.30635321140289307
0.5788158774375916
0.26865577697753906
0.7580451965332031
0.4715702533721924
0.18329957127571106
0.1339334398508072
0.2442493736743927
0.7541362643241882
0.5456011891365051
0.845931887626648
0.3921442925930023
0.5155816674232483
0.1903221160173416
0.6381365060806274
0.8744160532951355
0.5641592741012573
0.12681779265403748
0.3501189649105072
0.02829819917678833
0.9193703532218933
0.018811682239174843
0.766953706741333
0.5251867771148682
0.5068928003311157
0.5692062377929688
0.24261994659900665
0.32557862997055054
0.582489550113678
0.5633564591407776
0.8332315683364868
0.5426600575447083
0.8368909358978271
0.18320567905902863
0.7665406465530396
0.6591655611991882
0.38145849108695984
0.6437581777572632
0.636348307132721
0.7016620635986328
0.589980959892273
0.5022762417793274
0.20166751742362976
0.8047469854354858
0.008925632573664188
0.9825473427772522
0.25192102789878845
0.9734770059585571
0.5757849812507629
0.8257290720939636
0.8561039566993713
0.8153738379478455
0.9144381880760193
0.2721942067146301
0.19440524280071259
0.4743960201740265
0.43434128165245056
0.91166752576828
0.13965573906898499
0.5186220407485962
0.3667678236961365
0.08397515118122101
0.4325198233127594
0.29207098484039307
0.5452793836593628
0.295838862657547
0.5573945045471191
0.519870400428772
0.5036212801933289
0.09084015339612961
0.011306323111057281
0.3547184467315674
0.687887966632843
0.5331665873527527
0.19169726967811584
0.999877393245697
0.3963897228240967
0.8250706791877747
0.09761963784694672
0.23380228877067566
0.8806599378585815
0.5879510641098022
0.905751645565033
0.0861734077334404
0.6277285218238831
0.9446094632148743
0.9427200555801392
0.3896445631980896
0.969049334526062
0.6926887035369873
0.14915058016777039
0.5535807609558105
0.04635947570204735
0.6381893754005432
0.20190002024173737
0.7244470715522766
0.6653863787651062
0.10260771214962006
0.5269832611083984
0.9633167386054993
0.9055741429328918
0.3297213315963745
0.7927435636520386
0.2730565667152405
0.702774703502655
0.12451687455177307
0.5228880643844604
0.7762834429740906
0.08230575174093246
0.07942027598619461
0.46637916564941406
0.11294599622488022
0.10921762138605118
0.748748242855072
0.1520133912563324
0.06136830523610115
0.19502100348472595
0.544295072555542
0.21520337462425232
0.028451746329665184
0.1420460194349289
0.050190508365631104
0.916691243648529
0.8512369990348816
0.9145333170890808
0.1798274964094162
0.3908144533634186
0.8057363629341125
0.5760427117347717
0.7657431960105896
0.48388293385505676
0.3381006419658661
0.20014330744743347
0.03737689554691315
0.32281479239463806
0.9922540783882141
0.05598198249936104
0.39794105291366577
0.7448189854621887
0.4558620750904083
0.36594095826148987
0.2367096096277237
0.31940513849258423
0.680185079574585
0.6978082060813904
0.8315975069999695
0.41177234053611755
0.13367071747779846
0.06572102010250092
0.8596282601356506
0.7453153133392334
0.09809259325265884
0.5079302787780762
0.8691926598548889
0.07814951986074448
0.9021607041358948
0.15132829546928406
0.61363285779953
0.425182580947876
0.08051945269107819
0.37049758434295654
0.06230250746011734
0.4548111855983734
0.6949628591537476
0.9484274387359619
0.5939124226570129
0.5198846459388733
0.9008625149726868
0.5264119505882263
0.9625385403633118
0.04441690072417259
0.5756796598434448
0.20399104058742523
0.17512661218643188
0.9300788044929504
0.6090155243873596
0.7846950888633728
0.42951956391334534
0.8619661927223206
0.32580476999282837
0.5446261763572693
0.06082670018076897
0.3623282313346863
0.7885926365852356
0.7700618505477905
0.7642806768417358
0.4703017771244049
0.0503636971116066
0.4511813819408417
0.4500114917755127
0.26458606123924255
0.5115677118301392
0.6998645067214966
0.8291034698486328
0.8650727868080139
0.5022581815719604
0.6809642910957336
0.005766988266259432
0.6124401092529297
0.8315159678459167
0.38810327649116516
0.06099618226289749
0.8644587993621826
0.35479792952537537
0.4739861488342285
0.08835536986589432
0.1812818944454193
0.5311898589134216
0.8400669693946838
0.6008515357971191
0.8902925848960876
0.8916597962379456
0.388088583946228
0.8890277147293091
0.9799293279647827
0.8208345174789429
0.2999667525291443
0.35992488265037537
0.17863449454307556
0.3604394495487213
0.7752630710601807
0.7931873798370361
0.5440807938575745
0.049144722521305084
0.3552412986755371
0.031693968921899796
0.11993101984262466
0.8862781524658203
0.06157801300287247
0.35602840781211853
0.02973405458033085
0.5938558578491211
0.24725423753261566
0.9661706686019897
0.36848655343055725
0.8406522870063782
0.07868262380361557
0.2599417567253113
0.6854938268661499
0.00937372725456953
0.01499069295823574
0.31687799096107483
0.8742533922195435
0.7874183058738708
0.1193353533744812
0.0693969577550888
0.819523811340332
0.8687835335731506
0.43576252460479736
0.03989730775356293
0.06212569400668144
0.7505984902381897
0.2116420716047287
0.5550604462623596
0.15494714677333832
0.7967919111251831
0.8526031374931335
0.07663005590438843
0.9911596179008484
0.786764919757843
0.15309329330921173
0.15299928188323975
0.2235879749059677
0.9883559346199036
0.5519965291023254
0.034978751093149185
0.5558210611343384
0.87966388463974
0.9680072665214539
0.7975202202796936
0.9166438579559326
0.7743295431137085
0.7709041237831116
0.6764577627182007
0.1687757670879364
0.07276362925767899
0.21778036653995514
0.04360751062631607
0.18907365202903748
0.9166338443756104
0.28316181898117065
0.21258647739887238
0.031129593029618263
0.3736916482448578
0.2312706857919693
0.9754510521888733
0.09067124128341675
0.5730716586112976
0.1970069408416748
0.9609746932983398
0.8104711174964905
0.00794697180390358
0.53495854139328
0.6880878210067749
0.9172946810722351
0.6858677268028259
0.1922667920589447
0.0806468203663826
0.529229998588562
0.06388473510742188
0.7692923545837402
0.7272089719772339
0.7898091673851013
0.042390115559101105
0.690700888633728
0.8166890144348145
0.8354064226150513
0.9680560827255249
0.6697196364402771
0.5618097186088562
0.09361916780471802
0.8555352091789246
0.5514233708381653
0.2616281807422638
0.023208865895867348
0.7469459176063538
0.6633623242378235
0.8831661343574524
0.7146851420402527
0.8327743411064148
0.5890050530433655
0.1381104737520218
0.6063078045845032
0.47869953513145447
0.713027834892273
0.6626340746879578
0.3132169544696808
0.49146443605422974
0.18710137903690338
0.8466731905937195
0.23070497810840607
0.3596670627593994
0.1578727662563324
0.08958804607391357
0.9153998494148254
0.06187070906162262
0.020787402987480164
0.91893470287323
0.30828621983528137
0.3545367121696472
0.4266231656074524
0.579173743724823
0.16889376938343048
0.904285192489624
0.7428750395774841
0.07475465536117554
0.9002713561058044
0.8712061047554016
0.17991620302200317
0.8955705761909485
0.7570977210998535
0.949440062046051
0.11051025241613388
0.7670508623123169
0.18311016261577606
0.26926302909851074
0.08109620213508606
0.7443051934242249
0.6779431104660034
0.6317922472953796
0.017630120739340782
0.5131036639213562
0.7008587718009949
0.08182379603385925
0.04869871586561203
0.5801003575325012
0.8293583989143372
0.8885072469711304
0.8110126256942749
0.32161766290664673
0.7585437297821045
0.6106247305870056
0.6764810681343079
0.2765578329563141
0.053361229598522186
0.3731497526168823
0.4725675582885742
0.2035243809223175
0.9059199690818787
0.9459147453308105
0.9251505732536316
0.3260963261127472
0.8495064973831177
0.3779468238353729
0.6917800307273865
0.08772797882556915
0.3947305977344513
0.6083207726478577
0.0654570683836937
0.48194223642349243
0.8510107398033142
0.07049334049224854
0.36436930298805237
0.28367486596107483
0.8273217678070068
0.7978639006614685
0.5782730579376221
0.9344404339790344
0.40554389357566833
0.27494192123413086
0.059526968747377396
0.35722553730010986
0.8029609322547913
0.39229142665863037
0.44788074493408203
0.23009279370307922
0.9451634287834167
0.7595987915992737
0.5538445711135864
0.9572392106056213
0.2496674507856369
0.413362056016922
0.38437771797180176
0.22442372143268585
0.7249609231948853
0.38854214549064636
0.14893390238285065
0.11880490928888321
0.6307905316352844
0.48268964886665344
0.01086864247918129
0.03806804120540619
0.8047625422477722
0.3807203471660614
0.9168727993965149
0.35285404324531555
0.8775104880332947
0.7725764513015747
0.8737789392471313
0.816829264163971
0.45216086506843567
0.07338668406009674
0.34268009662628174
0.4922601878643036
0.8130608201026917
0.41838598251342773
0.04239114746451378
0.3858281672000885
0.46951568126678467
0.5295820236206055
0.5658320784568787
0.18151839077472687
0.19185161590576172
0.5871089696884155
0.9984741806983948
0.9181169271469116
0.970443606376648
0.4865788221359253
0.47570329904556274
0.7519568800926208
0.19764742255210876
0.7197674512863159
0.5538442730903625
0.39638063311576843
0.8812472820281982
0.4222334325313568
0.06383857131004333
0.014586566016077995
0.3873215317726135
0.5130336284637451
0.6968886852264404
0.7005607485771179
0.1840967833995819
0.8046225905418396
0.26319605112075806
0.01000960636883974
0.2450934499502182
0.5438117384910583
0.5302975177764893
0.38172662258148193
0.40512263774871826
0.6810746192932129
0.614277184009552
0.27221783995628357
0.22633135318756104
0.3209884762763977
0.6686506271362305
0.21370969712734222
0.6052175164222717
0.449046790599823
0.42409348487854004
0.5798590183258057
0.09079096466302872
0.6196685433387756
0.3283342123031616
0.8574941754341125
0.9776952266693115
0.3343763053417206
0.4615000784397125
0.6941155195236206
0.6861313581466675
0.25243625044822693
0.7740707993507385
0.20483526587486267
0.21776235103607178
0.14349965751171112
0.5674645304679871
0.8528319597244263
0.6004888415336609
0.5482345819473267
0.028311816975474358
0.5195028185844421
0.5664732456207275
0.12864704430103302
0.5179929733276367
0.5414704084396362
0.1678626388311386
0.001474537537433207
0.6678721308708191
0.5684762597084045
0.4134967625141144
0.4955132305622101
0.9295469522476196
0.847023606300354
0.4799281656742096
0.7219646573066711
0.09879802167415619
0.8385071158409119
0.8315366506576538
0.9598803520202637
0.7165603041648865
0.9281648993492126
0.7913343906402588
0.3305955231189728
0.5898883938789368
0.4211209714412689
0.021525913849473
0.6389166116714478
0.6499214768409729
0.5929272770881653
0.5101532340049744
0.7358303070068359
0.10243942588567734
0.991112470626831
0.7753849029541016
0.5596649646759033
0.08192198723554611
0.5671919584274292
0.9169979691505432
0.4186202883720398
0.29167404770851135
0.24792473018169403
0.06277137249708176
0.15581201016902924
0.533372163772583
0.7261340022087097
0.4359366297721863
0.7268862128257751
0.08558603376150131
0.6702849268913269
0.7006937861442566
0.9495229125022888
0.3372328281402588
0.7000595927238464
0.3115653395652771
0.7415207028388977
0.17089776694774628
0.6422567963600159
0.08512274920940399
0.07702959328889847
0.19585447013378143
0.8477330207824707
0.6695427894592285
0.7393824458122253
0.28267771005630493
0.6917387247085571
0.011195212602615356
0.9361487627029419
0.21607109904289246
0.07393500208854675
0.7447598576545715
0.42186546325683594
0.29268208146095276
0.14576321840286255
0.42566052079200745
0.13482365012168884
0.6473017930984497
0.8343009352684021
0.8049554228782654
0.4489257037639618
0.7977627515792847
0.5246618986129761
0.8325376510620117
0.33365505933761597
0.0228874608874321
0.19113479554653168
0.5014044642448425
0.7948496341705322
0.20928838849067688
0.6243864297866821
0.20232681930065155
0.5558072924613953
0.9206109046936035
0.4746939241886139
0.1555173099040985
0.6082621216773987
0.8294923305511475
0.18828880786895752
0.7132473587989807
0.8443918228149414
0.1226586103439331
0.4162958860397339
0.07723869383335114
0.5893442034721375
0.6607623100280762
0.6801295280456543
0.24955379962921143
0.9006789326667786
0.16332416236400604
0.20489871501922607
0.5884400606155396
0.30824100971221924
0.008812540210783482
0.26062530279159546
0.14441566169261932
0.5710872411727905
0.7761352062225342
0.8748412132263184
0.8012601733207703
0.37264978885650635
0.7428573369979858
0.8991053700447083
0.39356669783592224
0.3907551169395447
0.7201969027519226
0.9991034269332886
0.4965273439884186
0.4481104016304016
0.3410152196884155
0.966925859451294
0.40228191018104553
0.023089801892638206
0.9292837381362915
0.962433397769928
0.23006470501422882
0.008072993718087673
0.3011504113674164
0.5887749195098877
0.22373905777931213
0.06682998687028885
0.6350981593132019
0.9544472098350525
0.599315345287323
0.030540725216269493
0.6155737042427063
0.131334587931633
0.15369990468025208
0.6827238202095032
0.3852950930595398
0.06676363199949265
0.49806490540504456
0.6985384225845337
0.6119667291641235
0.28766098618507385
0.7364334464073181
0.12981076538562775
0.17010603845119476
0.27269458770751953
0.5350024104118347
0.910250186920166
0.8474482297897339
0.9820511341094971
0.5712613463401794
0.8611745834350586
0.9915411472320557
0.2588505148887634
0.6018407940864563
0.3787468671798706
0.9506266713142395
0.21250787377357483
0.16911457479000092
0.6124041080474854
0.14822420477867126
0.814419150352478
0.30858781933784485
0.7782297730445862
0.45831820368766785
0.622572124004364
0.3841151297092438
0.08079478144645691
0.4733416438102722
0.6971633434295654
0.012086961418390274
0.5490460395812988
0.21557778120040894
0.6444994211196899
0.8723938465118408
0.576043426990509
0.8754494786262512
0.5578065514564514
0.4201299548149109
0.3423911929130554
0.2662402391433716
0.8321869969367981
0.9105634689331055
0.17379987239837646
0.20996202528476715
0.1497538536787033
0.4226653277873993
0.23752160370349884
0.10942103713750839
0.7022679448127747
0.13912726938724518
0.5412613749504089
0.42347726225852966
0.08445829898118973
0.16370746493339539
0.9271206259727478
0.9099125862121582
0.8648125529289246
0.12139128893613815
0.25212833285331726
0.34215158224105835
0.7144495248794556
0.4505273699760437
0.8744136095046997
0.7811368703842163
0.06086006015539169
0.9360630512237549
0.5290300846099854
0.755596935749054
0.058492619544267654
0.5611581802368164
0.6604986786842346
0.9011125564575195
0.26851344108581543
0.9875956177711487
0.5642179846763611
0.29914388060569763
0.8365514874458313
0.6836753487586975
0.6856755614280701
0.3513730466365814
0.18182732164859772
0.8751910924911499
0.14901648461818695
0.946307361125946
0.938214123249054
0.22980186343193054
0.3851402699947357
0.27997565269470215
0.4972493052482605
0.22758010029792786
0.3811514675617218
0.34119912981987
0.5167127251625061
0.553748369216919
0.4225950837135315
0.2993963956832886
0.08114179968833923
0.012885100208222866
0.7828363180160522
0.330766886472702
0.490303099155426
0.5685517191886902
0.08696170896291733
0.1616935282945633
0.20756398141384125
0.038387760519981384
0.3479073941707611
0.0182974711060524
0.6322286128997803
0.0908011719584465
0.034397855401039124
0.9106346964836121
0.4693923890590668
0.7918235659599304
0.15517845749855042
0.9429730176925659
0.29516446590423584
0.7564252614974976
0.610511302947998
0.119941845536232
0.9329967498779297
0.5873849987983704
0.5041805505752563
0.03816508129239082
0.9378862380981445
0.20907288789749146
0.10021383315324783
0.41170772910118103
0.6357994675636292
0.9969557523727417
0.19421862065792084
0.2950534224510193
0.17616242170333862
0.6390206813812256
0.10500454902648926
0.23869603872299194
0.08319491147994995
0.5865676403045654
0.018258072435855865
0.3329468369483948
0.5373639464378357
0.8492340445518494
0.8196226358413696
0.327898234128952
0.7605208158493042
0.017675457522273064
0.5026022791862488
0.05881005898118019
0.9930477738380432
0.6562517881393433
0.6164171695709229
0.12996172904968262
0.7265638113021851
0.45527181029319763
0.043626733124256134
0.7725470662117004
0.7546868324279785
0.7967614531517029
0.699151337146759
0.2941238284111023
0.9110302925109863
0.7229266166687012
0.47426560521125793
0.38776013255119324
0.14441613852977753
0.08952722698450089
0.34376487135887146
0.02044854871928692
0.19732508063316345
0.3071107864379883
0.5845242738723755
0.24509744346141815
0.8127581477165222
0.06986695528030396
0.07967104017734528
0.6322270035743713
0.8286877274513245
0.3115609884262085
0.3174327313899994
0.2609662711620331
0.5303964018821716
0.3636060059070587
0.4961969256401062
0.815009355545044
0.8534552454948425
0.6706557869911194
0.6015247702598572
0.42109379172325134
0.820713996887207
0.7832418084144592
0.08534818887710571
0.6921420097351074
0.5881195068359375
0.3129521906375885
0.5891819000244141
0.23105725646018982
0.47680097818374634
0.32627469301223755
0.12784434854984283
0.8825308084487915
0.601202666759491
0.7723193168640137
0.30258768796920776
0.928526759147644
0.3149385154247284
0.7724378108978271
0.3799896836280823
0.013912182301282883
0.8903354406356812
0.8854511380195618
0.4703800082206726
0.8133335113525391
0.5208142995834351
0.8798556923866272
0.5776209831237793
0.7481978535652161
0.8319835066795349
0.8793132305145264
0.7695156335830688
0.5622863173484802
0.362615168094635
0.10264858603477478
0.40016597509384155
0.6207083463668823
0.40500953793525696
0.11216675490140915
0.6830112338066101
0.6096460819244385
0.8180396556854248
0.09381283819675446
0.2480563521385193
0.5451107621192932
0.1849835366010666
0.36513492465019226
0.29175740480422974
0.624632716178894
0.497464656829834
0.1820334494113922
0.2533697783946991
0.34076833724975586
0.9037342071533203
0.02781629003584385
0.45405733585357666
0.5781192183494568
0.6107270121574402
0.9030662178993225
0.3456209897994995
0.21656064689159393
0.9712374806404114
0.1524520367383957
0.6922867298126221
0.2168833315372467
0.6926564574241638
0.8910278677940369
0.22530199587345123
0.7646008133888245
0.9782713651657104
0.7242193222045898
0.9326164126396179
0.43169519305229187
0.28322142362594604
0.40809395909309387
0.15701375901699066
0.5241411328315735
0.8553651571273804
0.862069308757782
0.4846704602241516
0.4398355484008789
0.6749476194381714
0.38020625710487366
0.4414743483066559
0.9645832777023315
0.6139086484909058
0.04360415041446686
0.6036065816879272
0.9473127722740173
0.18762993812561035
0.42939135432243347
0.40722787380218506
0.9478555917739868
0.1633874475955963
0.9752019643783569
0.0535258948802948
0.20768789947032928
0.40464523434638977
0.6742899417877197
0.9954854846000671
0.6434941291809082
0.7415928244590759
0.962516725063324
0.5381984710693359
0.33428364992141724
0.06378936767578125
0.44933101534843445
0.043060895055532455
0.2424035668373108
0.7640076279640198
0.37095552682876587
0.5398648381233215
0.2097482979297638
0.648264467716217
0.7263282537460327
0.1571485847234726
0.20090267062187195
0.2751174569129944
0.22507895529270172
0.7503021359443665
0.9059998989105225
0.587221086025238
0.6829254031181335
0.7529702186584473
0.983482837677002
0.5573751926422119
0.34599944949150085
0.5614942312240601
0.8904926180839539
0.9908778667449951
0.9352045059204102
0.8218724727630615
0.00874925497919321
0.8499164581298828
0.22779013216495514
0.3348957300186157
0.5915828943252563
0.8758389353752136
0.8210376501083374
0.14020271599292755
0.8083063364028931
0.41618284583091736
0.014071961864829063
0.6364577412605286
0.9756321310997009
0.9031966328620911
0.15756317973136902
0.5060946941375732
0.6515451669692993
0.08049311488866806
0.044393207877874374
0.41919946670532227
0.008346673101186752
0.9882027506828308
0.6249920725822449
0.21333588659763336
0.5592859983444214
0.43725746870040894
0.782670259475708
0.6184617280960083
0.08065841346979141
0.6828328371047974
0.8429054021835327
0.8482030034065247
0.3952205777168274
0.1120145320892334
0.26218968629837036
0.4609794616699219
0.8989624381065369
0.02280602976679802
0.847941517829895
0.47768035531044006
0.47885966300964355
0.8756532073020935
0.059670109301805496
0.7522485852241516
0.15509644150733948
0.058613963425159454
0.18374285101890564
0.5288208723068237
0.7857702970504761
0.23278814554214478
0.5618689656257629
0.07929126918315887
0.8887102603912354
0.2961169183254242
0.5838924646377563
0.7294161319732666
0.2594924867153168
0.39294806122779846
0.5117682814598083
0.7862541675567627
0.13294526934623718
0.3275110125541687
0.7340953350067139
0.34583503007888794
0.3701026737689972
0.1740519106388092
0.5183369517326355
0.04236337170004845
0.8994540572166443
0.2718716561794281
0.6661819219589233
0.34905147552490234
0.35428518056869507
0.14816203713417053
0.4678550660610199
0.22717683017253876
0.42743998765945435
0.4146539270877838
0.9480772614479065
0.8451810479164124
0.5108257532119751
0.6650492548942566
0.9742264747619629
0.6130046248435974
0.8373932242393494
0.4980756342411041
0.8453211188316345
0.19751591980457306
0.5271908044815063
0.5343815684318542
0.851499617099762
0.11775025725364685
0.4286136031150818
0.8273289799690247
0.2101256102323532
0.023009605705738068
0.46268150210380554
0.3816864490509033
0.9678516983985901
0.7638998627662659
0.5591978430747986
0.3703366219997406
0.9694038033485413
0.9481789469718933
0.8592244386672974
0.7139660716056824
0.16478510200977325
0.10246777534484863
0.4442237615585327
0.8360079526901245
0.39009949564933777
0.0016883770003914833
0.7458510994911194
0.3613513112068176
0.4102160632610321
0.8233158588409424
0.7211132645606995
0.009085411205887794
0.28157904744148254
0.9150158762931824
0.8119469881057739
0.21850985288619995
0.5935443639755249
0.05342618003487587
0.5184196829795837
0.4703162610530853
0.4143097400665283
0.44911766052246094
0.452953577041626
0.08472511917352676
0.6467564702033997
0.033285338431596756
0.08545290678739548
0.9109804630279541
0.8103435039520264
0.8793285489082336
0.1192367896437645
0.2837989628314972
0.7934541702270508
0.9089490175247192
0.005598037037998438
0.9361644983291626
0.5985276699066162
0.06443307548761368
0.5408205389976501
0.8937399387359619
0.7744675278663635
0.502391517162323
0.5738464593887329
0.8636322021484375
0.987263023853302
0.8424393534660339
0.00729967188090086
0.8876227140426636
0.4025980234146118
0.8280741572380066
0.25435468554496765
0.1076408326625824
0.5849974155426025
0.05989684909582138
0.46410807967185974
0.3328881859779358
0.09093458205461502
0.1171930655837059
0.12317434698343277
0.2251676768064499
0.034964319318532944
0.08013966679573059
0.9052497148513794
0.8458347916603088
0.7566474080085754
0.44042646884918213
0.7250939607620239
0.8707118034362793
0.9765611886978149
0.4225224256515503
0.5195139050483704
0.2707424759864807
0.6414068341255188
0.8232582211494446
0.8457340002059937
0.9924004673957825
0.11482185125350952
0.5213223695755005
0.2654692232608795
0.031685758382081985
0.33950886130332947
0.13441060483455658
0.3214949667453766
0.5710059404373169
0.9521681666374207
0.271025151014328
0.7925054430961609
0.41880688071250916
0.03965621441602707
0.6190631985664368
0.6775482296943665
0.5938661694526672
0.8893423080444336
0.7947846055030823
0.9914644360542297
0.6602966785430908
0.43079009652137756
0.701102614402771
0.15997059643268585
0.6881834268569946
0.553719162940979
0.5401846170425415
0.5891581773757935
0.9627519249916077
0.9486246109008789
0.2772742509841919
0.23916125297546387
0.5695705413818359
0.8773514628410339
0.4699287712574005
0.9061262607574463
0.4017193615436554
0.013051869347691536
0.34698912501335144
0.7585930228233337
0.35292649269104004
0.5356419682502747
0.4432564377784729
0.2285299003124237
0.24633000791072845
0.7282525300979614
0.26979491114616394
0.24455612897872925
0.6474941372871399
0.3081647753715515
0.835163950920105
0.16352975368499756
0.6622797250747681
0.9815539717674255
0.11088484525680542
0.6599328517913818
0.035405710339546204
0.00898949708789587
0.946655809879303
0.15117622911930084
0.5089381337165833
0.02051551826298237
0.703004777431488
0.9790300726890564
0.07588861137628555
0.8159767389297485
0.23966802656650543
0.4870527684688568
0.5041554570198059
0.2839148938655853
0.3591938614845276
0.34693339467048645
0.9982964992523193
0.9252628684043884
0.6197983026504517
0.21240288019180298
0.18677428364753723
0.3473961651325226
0.15646125376224518
0.9888670444488525
0.04143405705690384
0.6854223012924194
0.0024681231006979942
0.7217281460762024
0.7643000483512878
0.8366654515266418
0.14366881549358368
0.167658269405365
0.36818671226501465
0.026963237673044205
0.5113207697868347
0.18229824304580688
0.8168983459472656
0.8872247934341431
0.5706048607826233
0.25760966539382935
0.9126794338226318
0.09099353104829788
0.7156366109848022
0.10403972864151001
0.0896962359547615
0.8043214678764343
0.34948650002479553
0.46554699540138245
0.44246846437454224
0.8000409007072449
0.1889059692621231
0.8498625755310059
0.671945333480835
0.3230524957180023
0.3485455811023712
0.4262983500957489
0.8687033653259277
0.6094059944152832
0.5306711792945862
0.9203364849090576
0.23824983835220337
0.999725341796875
0.6838910579681396
0.5338194966316223
0.7669563293457031
0.28054749965667725
0.5456592440605164
0.8602967858314514
0.44311827421188354
0.21677474677562714
0.42474615573883057
0.18853989243507385
0.719272792339325
0.14419753849506378
0.4819253981113434
0.7861095666885376
0.8375657200813293
0.5608850717544556
0.8223822712898254
0.28847265243530273
0.2810010015964508
0.891669750213623
0.2611239552497864
0.7613999247550964
0.7727516889572144
0.32851773500442505
0.7691237926483154
0.41791337728500366
0.8536843061447144
0.09277394413948059
0.17439472675323486
0.09175240248441696
0.5252081155776978
0.40833690762519836
0.6705673336982727
0.5545707941055298
0.6678943634033203
0.08164463937282562
0.6120457649230957
0.27412325143814087
0.13855098187923431
0.32745838165283203
0.7013744115829468
0.07967030256986618
0.4343096911907196
0.031785156577825546
0.8404631018638611
0.1816329061985016
0.6211751699447632
0.09732803702354431
0.9032368063926697
0.574924111366272
0.7525606155395508
0.6400821208953857
0.6123853325843811
0.9527438282966614
0.6606451869010925
0.818956732749939
0.10430087149143219
0.30544742941856384
0.0629611685872078
0.46988239884376526
0.6969046592712402
0.7739363312721252
0.18214298784732819
0.7894700765609741
0.950393795967102
0.4765959084033966
0.5048367977142334
0.10900320112705231
0.6074376702308655
0.7293065786361694
0.2963668406009674
0.5661370754241943
0.4355449676513672
0.6375845074653625
0.13439306616783142
0.4313662052154541
0.3752770721912384
0.20339275896549225
0.8648766875267029
0.1512887179851532
0.04883744195103645
0.9962344765663147
0.08521322906017303
0.5570839643478394
0.47244569659233093
0.5761300325393677
0.4717807173728943
0.5507352352142334
0.24517403542995453
0.6107886433601379
0.7101520299911499
0.8257289528846741
0.49099546670913696
0.0768563523888588
0.7615571618080139
0.9682837128639221
0.9723736643791199
0.015119497664272785
0.20199911296367645
0.565052330493927
0.5754578113555908
0.030296197161078453
0.1309140920639038
0.030962729826569557
0.625041663646698
0.19002504646778107
0.2717980742454529
0.18226169049739838
0.5541365146636963
0.3081461787223816
0.530506432056427
0.3801839053630829
0.41649702191352844
0.0637597069144249
0.06218121573328972
0.19325503706932068
0.7250416278839111
0.6594346761703491
0.15293453633785248
0.7467723488807678
0.9475013613700867
0.057544417679309845
0.8679826855659485
0.4661916494369507
0.7627910375595093
0.3707789480686188
0.6360762119293213
0.3397020101547241
0.25881296396255493
0.49186843633651733
0.677642285823822
0.8369592428207397
0.7915698885917664
0.3384935259819031
0.24797669053077698
0.8265319466590881
0.02949690632522106
0.6693633794784546
0.3956506550312042
0.6337041258811951
0.7255977988243103
0.2548809349536896
0.4159047305583954
0.8676912784576416
0.7766407132148743
0.4760715663433075
0.6449922919273376
0.5544723272323608
0.9511831402778625
0.03942595794796944
0.7594407796859741
0.9099137783050537
0.6708839535713196
0.12317617982625961
0.826982319355011
0.0913570374250412
0.22612778842449188
0.7502904534339905
0.8192613124847412
0.878452479839325
0.8866716623306274
0.3980502486228943
0.6486439108848572
0.2247772514820099
0.19477719068527222
0.15934893488883972
0.6212286949157715
0.9863051772117615
0.7855867743492126
0.47992047667503357
0.9727743864059448
0.6996598839759827
0.48414188623428345
0.6037304997444153
0.6904510855674744
0.4577846825122833
0.7327715754508972
0.6973907947540283
0.3235608637332916
0.627421498298645
0.49527472257614136
0.955004870891571
0.551133394241333
0.020739099010825157
0.45645609498023987
0.9777721166610718
0.531121015548706
0.08817204087972641
0.3787042498588562
0.24370256066322327
0.44046688079833984
0.18492548167705536
0.3016757667064667
0.8686899542808533
0.04366486519575119
0.571139931678772
0.50758957862854
0.2990768253803253
0.6039540767669678
0.5950497388839722
0.9388969540596008
0.33083125948905945
0.7930442094802856
0.5686421990394592
0.03426961228251457
0.4420998692512512
0.7370113730430603
0.5272241234779358
0.6227797865867615
0.021493513137102127
0.8873291015625
0.2432612031698227
0.8953028917312622
0.5069612860679626
0.4414944350719452
0.060967203229665756
0.14284516870975494
0.30148205161094666
0.49509966373443604
0.6255545616149902
0.13041973114013672
0.008557754568755627
0.5774943828582764
0.9188333749771118
0.8918766379356384
0.9178034663200378
0.3696310818195343
0.5220938324928284
0.9246841073036194
0.5815941095352173
0.5080417990684509
0.25507602095603943
0.31851568818092346
0.3805270195007324
0.5060232281684875
0.13162562251091003
0.7026777863502502
0.1852843314409256
0.7304114699363708
0.5572855472564697
0.5739639401435852
0.43421024084091187
0.6608085632324219
0.23237952589988708
0.1823795735836029
0.6699044108390808
0.11979900300502777
0.7256779670715332
0.8883933424949646
0.33681339025497437
0.5893418192863464
0.08064712584018707
0.44679099321365356
0.18438363075256348
0.5193741917610168
0.2107631117105484
0.20215027034282684
0.21893225610256195
0.8622115254402161
0.9028036594390869
0.4899350106716156
0.17309124767780304
0.3615424931049347
0.5574100613594055
0.031163742765784264
0.7794377207756042
0.08649235218763351
0.3357348144054413
0.020210755988955498
0.06263469904661179
0.27031540870666504
0.014754092320799828
0.957482099533081
0.6630169749259949
0.9013257622718811
0.4417226016521454
0.45165592432022095
0.7231540679931641
0.9175440669059753
0.9482018947601318
0.737921953201294
0.11751757562160492
0.13607047498226166
0.7697017788887024
0.46725136041641235
0.6874893307685852
0.27667316794395447
0.9382257461547852
0.45985907316207886
0.6775982975959778
0.5924795866012573
0.9922974109649658
0.13669326901435852
0.05325378105044365
0.4527280926704407
0.439505010843277
0.8858790993690491
0.21445809304714203
0.5619120001792908
0.6111353039741516
0.3372392952442169
0.24079453945159912
0.07315488904714584
0.23613186180591583
0.35901325941085815
0.5518214702606201
0.9108347296714783
0.682636559009552
0.07810078561306
0.24472808837890625
0.2804334759712219
0.45123738050460815
0.6047095656394958
0.7839701175689697
0.881587028503418
0.8054547309875488
0.23374618589878082
0.43206116557121277
0.42203453183174133
0.21990592777729034
0.6700294613838196
0.6944429874420166
0.18548481166362762
0.15775294601917267
0.8783300518989563
0.050477009266614914
0.34024834632873535
0.11172858625650406
0.2231936752796173
0.676661491394043
0.002844730857759714
0.3962598443031311
0.7849106788635254
0.6145787239074707
0.8934938907623291
0.4042934775352478
0.348850280046463
0.43376222252845764
0.25202617049217224
0.36850881576538086
0.230036661028862
0.6651374697685242
0.7618491649627686
0.2678424119949341
0.17607730627059937
0.2195998877286911
0.526447057723999
0.3138282895088196
0.4099027216434479
0.034537557512521744
0.9910535216331482
0.03986573591828346
0.5088064670562744
0.4041474163532257
0.14741559326648712
0.6171582341194153
0.42990192770957947
0.08666779100894928
0.8974559307098389
0.24399390816688538
0.44422459602355957
0.3105471134185791
0.06773373484611511
0.9082543253898621
0.8863199949264526
0.2885724902153015
0.5960103869438171
0.7357552647590637
0.9747909903526306
0.8382700681686401
0.01922484301030636
0.2779407501220703
0.44557812809944153
0.4862614870071411
0.5392633080482483
0.40147045254707336
0.8298254609107971
0.038646399974823
0.3367144465446472
0.5955889821052551
0.5802499651908875
0.5627556443214417
0.29122617840766907
0.484342098236084
0.33367711305618286
0.4842366874217987
0.7742204666137695
0.4650491178035736
0.8985767960548401
0.40475964546203613
0.6691638827323914
0.03261471912264824
0.22463932633399963
0.8400739431381226
0.08146326243877411
0.8427087068557739
0.8965221047401428
0.7608997821807861
0.6641471982002258
0.002846547868102789
0.573646605014801
0.5870274305343628
0.8311182260513306
0.8054946064949036
0.43494439125061035
0.1917848140001297
0.12233104556798935
0.5910870432853699
0.27165716886520386
0.7343098521232605
0.5765896439552307
0.8243740200996399
0.2960582971572876
0.6202637553215027
0.25391295552253723
0.12724187970161438
0.030590150505304337
0.3642602264881134
0.7699090838432312
0.681682825088501
0.19572319090366364
0.2591307461261749
0.37921804189682007
0.966063380241394
0.7227097749710083
0.3740074634552002
0.4348849654197693
0.6873919367790222
0.5620805621147156
0.47571122646331787
0.21626591682434082
0.06335785239934921
0.25123944878578186
0.7526994347572327
0.892890214920044
0.7895897626876831
0.014938575215637684
0.15491051971912384
0.019903838634490967
0.752992570400238
0.30813363194465637
0.7423811554908752
0.9317222833633423
0.23141208291053772
0.9030673503875732
0.585515022277832
0.3181581497192383
0.37239640951156616
0.7254416942596436
0.11242606490850449
0.6044839024543762
0.5904431343078613
0.42805016040802
0.8820655345916748
0.8179758787155151
0.3951505720615387
0.24552452564239502
0.2655321955680847
0.9348914623260498
0.7273371815681458
0.4133836627006531
0.13532596826553345
0.4058879315853119
0.8983466029167175
0.5117267370223999
0.5437830090522766
0.6073401570320129
0.024679813534021378
0.4705795645713806
0.7724325656890869
0.8328760862350464
0.14454123377799988
0.415613055229187
0.12795378267765045
0.4359613060951233
0.20096558332443237
0.5380477905273438
0.07944916933774948
0.5564292073249817
0.6180548667907715
0.8934454321861267
0.5813263058662415
0.10120978951454163
0.8744875192642212
0.21469148993492126
0.0066428217105567455
0.1162155270576477
0.1730799674987793
0.5864992737770081
0.913536787033081
0.6419902443885803
0.7452892661094666
0.10026563704013824
0.0640842542052269
0.974510133266449
0.2040422409772873
0.8695443868637085
0.19452424347400665
0.6973868012428284
0.15641561150550842
0.8123089075088501
0.4919896423816681
0.1323372721672058
0.6687562465667725
0.07098466157913208
0.549996018409729
0.422895610332489
0.9643626809120178
0.05552339553833008
0.46266886591911316
0.3342956304550171
0.8849361538887024
0.514034628868103
0.3157348036766052
0.19762077927589417
0.33860722184181213
0.6215880513191223
0.856476902961731
0.20849409699440002
0.7238386273384094
0.13193780183792114
0.9846920967102051
0.14275726675987244
0.38464125990867615
0.3863952159881592
0.43994322419166565
0.8486008644104004
0.6033033728599548
0.6594159007072449
0.16471846401691437
0.6769701242446899
0.6637392640113831
0.6755474805831909
0.4815673232078552
0.5148072242736816
0.07798933237791061
0.8446196913719177
0.5854721665382385
0.9863776564598083
0.3105490803718567
0.66106778383255
0.03506673127412796
0.29534170031547546
0.3459954857826233
0.7699056267738342
0.8176997303962708
0.7024794816970825
0.8038443326950073
0.6859545707702637
0.13497881591320038
0.7542039155960083
0.884351909160614
0.702904462814331
0.4462050199508667
0.6528760194778442
0.06726093590259552
0.776900589466095
0.14334243535995483
0.048941195011138916
0.3129960000514984
0.09411799162626266
0.8982888460159302
0.7297196388244629
0.9800411462783813
0.1333354264497757
0.11900125443935394
0.5752706527709961
0.3826572895050049
0.8048045039176941
0.5194178223609924
0.2786036729812622
0.6178514361381531
0.6187685132026672
0.3673771619796753
0.47274309396743774
0.016771472990512848
0.41001901030540466
0.5751824975013733
0.9674721956253052
0.16796816885471344
0.2807330787181854
0.8376983404159546
0.09571561217308044
0.9437017440795898
0.6118444800376892
0.9902188777923584
0.4721374809741974
0.3173550069332123
0.9016798734664917
0.9766581654548645
0.9922984838485718
0.3781841993331909
0.3594086766242981
0.3144408166408539
0.8891422152519226
0.8793716430664062
0.6916269659996033
0.05868114158511162
0.7439044713973999
0.22163763642311096
0.004427166189998388
0.8535721898078918
0.6546772718429565
0.27492547035217285
0.7288311719894409
0.5476140975952148
0.24245594441890717
0.32535403966903687
0.9457613825798035
0.2026340365409851
0.5411894917488098
0.5078704953193665
0.6301999092102051
0.9888677000999451
0.8372254371643066
0.503746747970581
0.9709938764572144
0.5617029666900635
0.4665367305278778
0.9041299223899841
0.415121853351593
0.02995615266263485
0.691109836101532
0.4102950096130371
0.26043373346328735
0.9107430577278137
0.44567129015922546
0.7096928954124451
0.17265218496322632
0.03443170711398125
0.14063678681850433
0.6418501138687134
0.9738813638687134
0.93402498960495
0.39455917477607727
0.5943759679794312
0.3253760039806366
0.05389339476823807
0.8096023201942444
0.7674800157546997
0.3391941785812378
0.7127286791801453
0.9418728351593018
0.9297364950180054
0.2882407605648041
0.14093005657196045
0.2499074786901474
0.6557694673538208
0.2768557667732239
0.22021201252937317
0.8797194957733154
0.3029031455516815
0.21337571740150452
0.1428634077310562
0.04380187764763832
0.9679174423217773
0.6416780948638916
0.7747137546539307
0.6339000463485718
0.4058370590209961
0.45119428634643555
0.18543419241905212
0.121440589427948
0.5343158841133118
0.6080210208892822
0.9910542368888855
0.9917615652084351
0.16763821244239807
0.9246928095817566
0.501629650592804
0.9321895241737366
0.24818240106105804
0.1913062036037445
0.7809199690818787
0.8068206310272217
0.5637177228927612
0.11159437149763107
0.8793242573738098
0.10691742599010468
0.3462183177471161
0.09794076532125473
0.21341067552566528
0.38754943013191223
0.3808918595314026
0.14740778505802155
0.19793523848056793
0.3187478184700012
0.8631078004837036
0.704440176486969
0.9647303223609924
0.019988400861620903
0.1879136562347412
0.9585309624671936
0.7567553520202637
0.7547247409820557
0.5153489708900452
0.9383190274238586
0.6982445120811462
0.1849149912595749
0.874954879283905
0.019593454897403717
0.7051629424095154
0.6165180206298828
0.010951905511319637
0.7578946352005005
0.16369417309761047
0.6745509505271912
0.8546091914176941
0.5571182370185852
0.8189182877540588
0.031898077577352524
0.6041380763053894
0.07504872977733612
0.4515658915042877
0.6849257349967957
0.9920684695243835
0.27615171670913696
0.04106413200497627
0.8978634476661682
0.11233857274055481
0.17766648530960083
0.42404335737228394
0.09095878899097443
0.0043249488808214664
0.9468958377838135
0.12643590569496155
0.052830711007118225
0.2977370619773865
0.04717806726694107
0.9858160614967346
0.4379226267337799
0.8522077798843384
0.7965130805969238
0.30222445726394653
0.8294761776924133
0.4140603542327881
0.18425330519676208
0.6333292126655579
0.823594331741333
0.5353761315345764
0.42884543538093567
0.4553893208503723
0.7210186123847961
0.27162936329841614
0.7726273536682129
0.17668642103672028
0.8972507119178772
0.6368176937103271
0.8721432685852051
0.04347902908921242
0.7028917670249939
0.6262776851654053
0.8311384916305542
0.1804543435573578
0.4254322052001953
0.792058527469635
0.6267929077148438
0.1960994005203247
0.8831756711006165
0.9527062177658081
0.8934606909751892
0.3182221055030823
0.10218867659568787
0.0485185831785202
0.013837150298058987
0.643562376499176
0.24532362818717957
0.7018112540245056
0.2327769249677658
0.8681222200393677
0.181100532412529
0.15789097547531128
0.4138205051422119
0.23667627573013306
0.7511042952537537
0.5985108613967896
0.7359402179718018
0.28630512952804565
0.20496881008148193
0.7776410579681396
0.6283348798751831
0.40247461199760437
0.4264375567436218
0.4748528301715851
0.6736785173416138
0.3282867968082428
0.45775091648101807
0.5318160653114319
0.9448190927505493
0.40302804112434387
0.31584298610687256
0.2727656960487366
0.6564629673957825
0.27425098419189453
0.7020825147628784
0.8440240621566772
0.9435875415802002
0.1038006991147995
0.3209662139415741
0.3313843905925751
0.9506516456604004
0.5500269532203674
0.13174594938755035
0.7294769287109375
0.5474246740341187
0.4283265173435211
0.5898916125297546
0.14437440037727356
0.34467384219169617
0.5984553694725037
0.7159631252288818
0.2779982089996338
0.2717680037021637
0.7622533440589905
0.9734078049659729
0.5834004282951355
0.9480369091033936
0.028103379532694817
0.46931424736976624
0.9487496018409729
0.6987417936325073
0.2859891951084137
0.2337244153022766
0.36822137236595154
0.8795368671417236
0.6042368412017822
0.6077510118484497
0.23973685503005981
0.42069053649902344
0.6708808541297913
0.8867520689964294
0.9927420616149902
0.31480395793914795
0.10259544849395752
0.06680410355329514
0.7047873735427856
0.6725691556930542
0.4814823269844055
0.4837360680103302
0.7333478331565857
0.9055832028388977
0.5890529155731201
0.36549702286720276
0.9233014583587646
0.6186660528182983
0.19367460906505585
0.11499641835689545
0.15689396858215332
0.8203577399253845
0.500420093536377
0.7099171876907349
0.9174827337265015
0.7423171997070312
0.37107089161872864
0.806218147277832
0.6197736859321594
0.7528475522994995
0.7460793852806091
0.9574635624885559
0.5734888315200806
0.9767906069755554
0.816231906414032
0.6463288068771362
0.9685333967208862
0.5970439910888672
0.3230375051498413
0.30397987365722656
0.3224816620349884
0.9519975185394287
0.30319470167160034
0.7036377787590027
0.5657004714012146
0.9936358332633972
0.944132924079895
0.3702246844768524
0.0952218770980835
0.5533375144004822
0.7121033072471619
0.2521494925022125
0.45819294452667236
0.5833359956741333
0.6550742983818054
0.9927611351013184
0.07427804172039032
0.4484460651874542
0.3023388385772705
0.613193690776825
0.010023423470556736
0.888076663017273
0.9410025477409363
0.7288635969161987
0.10377242416143417
0.18229810893535614
0.30388814210891724
0.7757450342178345
0.8651889562606812
0.13114474713802338
0.6433561444282532
0.20387053489685059
0.02981308288872242
0.7186804413795471
0.24350133538246155
0.08017008006572723
0.6627516746520996
0.09792209416627884
0.5996982455253601
0.6579020619392395
0.9343202114105225
0.05299963057041168
0.423381507396698
0.5383245944976807
0.06585276126861572
0.3691011965274811
0.8602820038795471
0.7952559590339661
0.2740485370159149
0.8982144594192505
0.7692263722419739
0.1346137672662735
0.37671205401420593
0.34131041169166565
0.811884343624115
0.2701170742511749
0.4563145637512207
0.5795761346817017
0.5884360671043396
0.3895863890647888
0.19177526235580444
0.926439642906189
0.1595335304737091
0.5476028323173523
0.00818922184407711
0.8610587120056152
0.5523145198822021
0.5069897174835205
0.4311949908733368
0.8135682940483093
0.3534685969352722
0.6275584697723389
0.7040247321128845
0.06446066498756409
0.3004738390445709
0.019745351746678352
0.4281612038612366
0.7701298594474792
0.9823485016822815
0.9907814860343933
0.3070445656776428
0.8064584136009216
0.0714370533823967
0.8234231472015381
0.9151405692100525
0.22795642912387848
0.869045615196228
0.7297466397285461
0.5856255292892456
0.2853470742702484
0.222285196185112
0.8745997548103333
0.5984474420547485
0.614928126335144
0.1817621886730194
0.17236539721488953
0.9090197086334229
0.31630945205688477
0.7344871163368225
0.7924575805664062
0.3813222646713257
0.49733462929725647
0.05521199107170105
0.9539600610733032
0.7502475380897522
0.3012945055961609
0.69815993309021
0.9517548084259033
0.1598851978778839
0.12224287539720535
0.12174816429615021
0.4713278114795685
0.7771374583244324
0.3330283761024475
0.6726251840591431
0.4894828796386719
0.3092576861381531
0.07353346794843674
0.7976614832878113
0.5413936972618103
0.06395579129457474
0.7810094952583313
0.37121906876564026
0.401460736989975
0.896894097328186
0.9303125143051147
0.43066057562828064
0.6496744155883789
0.2221902757883072
0.6162765622138977
0.6628577709197998
0.2232685685157776
0.5924293398857117
0.2282954901456833
0.6715096235275269
0.6906636953353882
0.8537081480026245
0.435869961977005
0.8851224780082703
0.059003785252571106
0.26199620962142944
0.4161616265773773
0.03648798540234566
0.5889477729797363
0.5972384214401245
0.7651124000549316
0.09640529751777649
0.3839387893676758
0.5935500860214233
0.3555942475795746
0.40959182381629944
0.9345112442970276
0.1974751353263855
0.8943548202514648
0.020723240450024605
0.6513417363166809
0.8235796093940735
0.7544547915458679
0.8896511793136597
0.5836873054504395
0.17483243346214294
0.7422214150428772
0.05752970650792122
0.9816504120826721
0.3655913770198822
0.4117933511734009
0.19814489781856537
0.7408463358879089
0.22902685403823853
0.9076411724090576
0.18932116031646729
0.6668895483016968
0.3538739085197449
0.38827794790267944
0.7848705649375916
0.5952053070068359
0.2749311625957489
0.04912176728248596
0.8017707467079163
0.07515402138233185
0.32988134026527405
0.1794312745332718
0.1159244105219841
0.03763974830508232
0.9413790702819824
0.7898097634315491
0.4711160957813263
0.3139290511608124
0.44093725085258484
0.41227030754089355
0.3051708936691284
0.09775565564632416
0.23225142061710358
0.06586574018001556
0.07882864773273468
0.7907745838165283
0.25143930315971375
0.11820841580629349
0.21474002301692963
0.6535303592681885
0.9009965658187866
0.5374630093574524
0.6480258703231812
0.48855069279670715
0.47459638118743896
0.9584980607032776
0.5604292750358582
0.9957160353660583
0.4228731691837311
0.7134116888046265
0.6060307025909424
0.42277097702026367
0.8865929841995239
0.5414112210273743
0.933114230632782
0.27361467480659485
0.5023733377456665
0.3640402555465698
0.6569105982780457
0.3324958086013794
0.9399461150169373
0.7454848885536194
0.9010404944419861
0.034878045320510864
0.3075564503669739
0.6021997928619385
0.0036511383950710297
0.15657399594783783
0.46677887439727783
0.1479073166847229
0.17133364081382751
0.7029359936714172
0.10920746624469757
0.7756692171096802
0.2254503071308136
0.09567146003246307
0.20185072720050812
0.8987029790878296
0.7955842614173889
0.8238357305526733
0.9110857844352722
0.7325850129127502
0.17593176662921906
0.6483795046806335
0.1020566001534462
0.3913497030735016
0.42097947001457214
0.4907572269439697
0.8175654411315918
0.022911684587597847
0.7668108940124512
0.8138460516929626
0.6396088004112244
0.5225492715835571
0.9498565196990967
0.6779760122299194
0.28699856996536255
0.09495491534471512
0.15577049553394318
0.8358582258224487
0.2142995297908783
0.686124861240387
0.26663026213645935
0.43272703886032104
0.7561393976211548
0.8483125567436218
0.09669645875692368
0.3280833959579468
0.3430413603782654
0.7123154401779175
0.048846375197172165
0.1936938762664795
0.764775812625885
0.01475265622138977
0.9744227528572083
0.17251335084438324
0.49220332503318787
0.23085634410381317
0.02680589072406292
0.7155756950378418
0.3712519109249115
0.1394089162349701
0.7758775949478149
0.1494319587945938
0.7134382128715515
0.28764528036117554
0.0693785548210144
0.2049538642168045
0.29011183977127075
0.5814213156700134
0.14862577617168427
0.5069001913070679
0.5737670660018921
0.6432919502258301
0.9712737798690796
0.5172486901283264
0.4090231955051422
0.6313664317131042
0.5364207625389099
0.24515871703624725
0.16407464444637299
0.9626247882843018
0.6965032815933228
0.05413644760847092
0.7219201922416687
0.3563379645347595
0.6473312377929688
0.19029542803764343
0.2141280323266983
0.5042557716369629
0.22354985773563385
0.17752940952777863
0.3221304714679718
0.04112972691655159
0.3622957170009613
0.9664509892463684
0.24218177795410156
0.9669011235237122
0.11051476746797562
0.9421157240867615
0.33144611120224
0.8176246285438538
0.04029352217912674
0.2964506149291992
0.34776079654693604
0.954146146774292
0.6479992866516113
0.8948786854743958
0.5517883896827698
0.09099458903074265
0.2101743072271347
0.4673064053058624
0.34353673458099365
0.4046919047832489
0.7870805859565735
0.09022531658411026
0.0594535768032074
0.961582601070404
0.5180318355560303
0.1370745301246643
0.41182026267051697
0.9974464774131775
0.21302753686904907
0.3545650839805603
0.25554805994033813
0.14381089806556702
0.9476801753044128
0.9647060632705688
0.6238843202590942
0.5635190010070801
0.9099063277244568
0.5131426453590393
0.22293025255203247
0.15148399770259857
0.5846372842788696
0.27082690596580505
0.7377052307128906
0.9006744027137756
0.7562502026557922
0.8573268055915833
0.17327168583869934
0.6530309319496155
0.17376239597797394
0.4161641597747803
0.9366744756698608
0.1723136603832245
0.04126356169581413
0.062428586184978485
0.20380690693855286
0.6929645538330078
0.6392423510551453
0.18583104014396667
0.9374788999557495
0.23024795949459076
0.13823561370372772
0.3626444637775421
0.2673932611942291
0.0915517508983612
0.8871213793754578
0.00584261491894722
0.7341038584709167
0.6192272305488586
0.7450178861618042
0.3818110227584839
0.8269498348236084
0.4866962730884552
0.37564817070961
0.09650028496980667
0.13092121481895447
0.902687132358551
0.16946540772914886
0.0940316915512085
0.7405011057853699
0.8169774413108826
0.8264818787574768
0.5675479173660278
0.10803855955600739
0.0189004335552454
0.6479370594024658
0.9300628304481506
0.34999242424964905
0.06169988587498665
0.2737332880496979
0.09121152013540268
0.8402437567710876
0.6184797883033752
0.14020958542823792
0.682312548160553
0.5205386877059937
0.5758544206619263
0.18717075884342194
0.06685306131839752
0.8191895484924316
0.8884423971176147
0.12397581338882446
0.6698663234710693
0.4169459342956543
0.02402445487678051
0.04353759065270424
0.655119001865387
0.48576417565345764
0.24794058501720428
0.2771020531654358
0.6595004200935364
0.42465299367904663
0.7216124534606934
0.184477299451828
0.509321391582489
0.7164618372917175
0.8901367783546448
0.5275260806083679
0.6299827098846436
0.7413208484649658
0.10473468154668808
0.10853616148233414
0.40149661898612976
0.7650631070137024
0.7669728398323059
0.9902960658073425
0.46187126636505127
0.02821669913828373
0.8771874308586121
0.9204465746879578
0.18186530470848083
0.7949671149253845
0.6218451261520386
0.23947283625602722
0.6990429759025574
0.41977158188819885
0.2678569257259369
0.8986618518829346
0.6297512650489807
0.35500332713127136
0.11222986876964569
0.017682690173387527
0.6189447045326233
0.28344327211380005
0.5825955271720886
0.37209126353263855
0.2957974076271057
0.873100221157074
0.8950427174568176
0.5386573672294617
0.8627892732620239
0.019362689927220345
0.1308891624212265
0.40290942788124084
0.48010653257369995
0.7987474203109741
0.593231737613678
0.31076598167419434
0.4536883234977722
0.3477540612220764
0.20412178337574005
0.167213574051857
0.15771394968032837
0.8792074918746948
0.500187337398529
0.87690669298172
0.8072680234909058
0.6393142938613892
0.007237706333398819
0.9372707009315491
0.5840919017791748
0.3163788318634033
0.8544159531593323
0.710373044013977
0.42186570167541504
0.2256181836128235
0.6673975586891174
0.40813565254211426
0.12963305413722992
0.22637011110782623
0.363757461309433
0.838370680809021
0.4163380563259125
0.7827958464622498
0.8905510902404785
0.16360163688659668
0.08343832194805145
0.01235202420502901
0.5192654728889465
0.30544254183769226
0.10231982916593552
0.5922853946685791
0.605644166469574
0.21010921895503998
0.17110176384449005
0.2285984307527542
0.9938367605209351
0.8935590386390686
0.9813119173049927
0.24006760120391846
0.7390528917312622
0.8338059186935425
0.07524026930332184
0.554872453212738
0.8099143505096436
0.12431130558252335
0.6910714507102966
0.11482463777065277
0.49458491802215576
0.8475798964500427
0.7727278470993042
0.07608405500650406
0.582485556602478
0.09822747111320496
0.2561788260936737
0.7146170139312744
0.8947473764419556
0.325431227684021
0.44381341338157654
0.7353211045265198
0.005582330282777548
0.26460230350494385
0.43587538599967957
0.30354559421539307
0.5866933465003967
0.1910770833492279
0.20161400735378265
0.969933271408081
0.8365769982337952
0.04344802349805832
0.4883381128311157
0.6256378293037415
0.6820709109306335
0.8148890137672424
0.8241047859191895
0.956494152545929
0.49436479806900024
0.4819866716861725
0.4823581874370575
0.9024065732955933
0.5788470506668091
0.7510706782341003
0.11885552108287811
0.5699337124824524
0.06269700080156326
0.5490530729293823
0.967569887638092
0.46649256348609924
0.16515246033668518
0.8154636025428772
0.7070711255073547
0.5242301225662231
0.19072787463665009
0.257134348154068
0.8723210692405701
0.9924205541610718
0.06507105380296707
0.4431993067264557
0.6737945079803467
0.3639654517173767
0.8076469898223877
0.043129730969667435
0.1423250287771225
0.6470439434051514
0.25987839698791504
0.7945362329483032
0.20083335041999817
0.758285403251648
0.6484979391098022
0.42234084010124207
0.5944820046424866
0.8870901465415955
0.5654592514038086
0.004389272071421146
0.549500584602356
0.5729268789291382
0.14072372019290924
0.5251075029373169
0.3682078421115875
0.6857237219810486
0.01988092064857483
0.6108413934707642
0.828335165977478
0.9521036148071289
0.0237489752471447
0.6207645535469055
0.14430607855319977
0.7170606255531311
0.07593251019716263
0.38831695914268494
0.3943585753440857
0.7467637658119202
0.8025957942008972
0.10836689919233322
0.9197819232940674
0.40694448351860046
0.7707608938217163
0.9185831546783447
0.7171857953071594
0.7024205923080444
0.07696977257728577
0.487873911857605
0.5555621385574341
0.3255266547203064
0.16736944019794464
0.9887860417366028
0.314021497964859
0.7810090780258179
0.7548428177833557
0.28275999426841736
0.9700654745101929
0.057050369679927826
0.3745238482952118
0.2465188056230545
0.9094977378845215
0.5456389784812927
0.5666870474815369
0.8573367595672607
0.30976253747940063
0.7079642415046692
0.368804931640625
0.8834882378578186
0.5678295493125916
0.011668778955936432
0.5332034826278687
0.8231188058853149
0.5246708989143372
0.27805671095848083
0.32620394229888916
0.8122990131378174
0.8876199126243591
0.23348873853683472
0.881786048412323
0.5569970011711121
0.07960494607686996
0.5312684178352356
0.19091437757015228
0.9857006669044495
0.42611294984817505
0.23964948952198029
0.09799551963806152
0.9696052074432373
0.8100428581237793
0.9671932458877563
0.8064244389533997
0.4928874671459198
0.7174043655395508
0.17116032540798187
0.6470261812210083
0.38042327761650085
0.9206092357635498
0.931961178779602
0.4259741008281708
0.5043103098869324
0.3739020526409149
0.4451170265674591
0.18570226430892944
0.15969057381153107
0.4648604691028595
0.19073458015918732
0.30037832260131836
0.517291784286499
0.3601563274860382
0.013862144201993942
0.8828884959220886
0.05203675478696823
0.40892213582992554
0.498663991689682
0.5512374639511108
0.5688318014144897
0.5783317685127258
0.3323976695537567
0.4214300215244293
0.39359986782073975
0.2259422093629837
0.8234903216362
0.9235043525695801
0.7076049447059631
0.030237432569265366
0.4245228171348572
0.5884324908256531
0.5057451128959656
0.6679563522338867
0.6881396770477295
0.6707486510276794
0.5937012434005737
0.37601926922798157
0.7758077383041382
0.27531522512435913
0.5928764343261719
0.7549391984939575
0.3326798975467682
0.8983324766159058
0.3703809082508087
0.22518309950828552
0.3108121156692505
0.47951069474220276
0.6264259219169617
0.413867324590683
0.3601187467575073
0.18162128329277039
0.6039827466011047
0.46523603796958923
0.6572409868240356
0.33542102575302124
0.058468177914619446
0.8719555139541626
0.12494676560163498
0.829258382320404
0.9662394523620605
0.5165197253227234
0.35992753505706787
0.3445836901664734
0.43343308568000793
0.18703094124794006
0.6232445240020752
0.11129478365182877
0.46059584617614746
0.6845850944519043
0.7435891032218933
0.4344792366027832
0.07526446878910065
0.6096705198287964
0.24186775088310242
0.8946073055267334
0.07231999933719635
0.5084026455879211
0.18113099038600922
0.973680317401886
0.880803108215332
0.5410293936729431
0.1174941435456276
0.08685929328203201
0.10587979853153229
0.7962901592254639
0.12734627723693848
0.655832827091217
0.3371075391769409
0.23711799085140228
0.13053055107593536
0.31780117750167847
0.06333117932081223
0.22557221353054047
0.6386615037918091
0.6458424925804138
0.8668452501296997
0.47596171498298645
0.37060099840164185
0.18498578667640686
0.5289664268493652
0.6040547490119934
0.32380810379981995
0.7394002079963684
0.3522253632545471
0.5547456741333008
0.8268740177154541
0.905701220035553
0.9162810444831848
0.6449901461601257
0.5022020936012268
0.4790762662887573
0.027327867224812508
0.20597083866596222
0.05667950585484505
0.7226278185844421
0.31600627303123474
0.554946780204773
0.45966190099716187
0.02629009820520878
0.8921914100646973
0.2844281494617462
0.9290868639945984
0.4036776125431061
0.03710060939192772
0.42826998233795166
0.009139378555119038
0.690526008605957
0.5045607686042786
0.865908682346344
0.4863578975200653
0.1336207538843155
0.343311607837677
0.8810898661613464
0.3380126953125
0.6762754917144775
0.09805351495742798
0.480610728263855
0.4434986710548401
0.21411217749118805
0.8417293429374695
0.03670413792133331
0.931660532951355
0.7854489684104919
0.5623063445091248
0.7341929078102112
0.10038077086210251
0.557664155960083
0.2604457437992096
0.028986552730202675
0.9335936307907104
0.1295228749513626
0.8379136919975281
0.46230244636535645
0.6723945140838623
0.5405609011650085
0.6132549047470093
0.06890038400888443
0.42228952050209045
0.1303616464138031
0.6600269675254822
0.7233909368515015
0.17144034802913666
0.4921400845050812
0.37128955125808716
0.379560261964798
0.8393683433532715
0.16531507670879364
0.016309496015310287
0.061608586460351944
0.19896002113819122
0.24849814176559448
0.2099355012178421
0.03255526348948479
0.8150309920310974
0.3210105299949646
0.20652367174625397
0.4747386872768402
0.8739310503005981
0.8644974827766418
0.9987038969993591
0.3844633102416992
0.07735439389944077
0.479448139667511
0.343014657497406
0.06760414689779282
0.8996700644493103
0.6946860551834106
0.5082410573959351
0.8113692402839661
0.829440176486969
0.49723029136657715
0.9185433983802795
0.5664012432098389
0.9461514949798584
0.49804770946502686
0.5571891665458679
0.31801122426986694
0.9869211912155151
0.5602312684059143
0.1918240785598755
0.15998153388500214
0.3419475853443146
0.5798522233963013
0.8831940293312073
0.7982332706451416
0.9469730257987976
0.6769002676010132
0.8496220707893372
0.9276562333106995
0.30546048283576965
0.37116172909736633
0.2032899409532547
0.7917408347129822
0.6080630421638489
0.8743471503257751
0.8075518608093262
0.9996996521949768
0.812336802482605
0.7116385102272034
0.09450078755617142
0.10846241563558578
0.7146813273429871
0.537099301815033
0.45585504174232483
0.7954429388046265
0.2559269964694977
0.33041051030158997
0.008685094304382801
0.9166325926780701
0.9688629508018494
0.08339786529541016
0.20691664516925812
0.03422363102436066
0.9628459215164185
0.6592668890953064
0.038929399102926254
0.19209988415241241
0.7891809940338135
0.03930234909057617
0.5845715999603271
0.7592491507530212
0.2843053638935089
0.1541062444448471
0.004029887728393078
0.11278828233480453
0.2415446788072586
0.17017869651317596
0.2844926416873932
0.15772463381290436
0.29692330956459045
0.4401540160179138
0.9529404640197754
0.03600005432963371
0.8002983331680298
