512 4
0
51
169
279
481
1
90
280
358
373
2
105
193
276
312
3
148
226
334
463
4
32
242
255
392
5
160
282
325
336
6
53
149
405
497
7
8
47
173
374
8
120
224
494
509
9
61
104
252
328
10
78
181
367
477
11
35
86
183
305
12
112
138
265
309
8
13
193
248
285
3
14
84
364
458
15
176
240
347
349
4
16
153
240
461
17
184
257
310
461
16
18
22
43
375
19
170
186
289
411
20
129
262
280
313
1
11
21
42
240
22
101
109
274
287
23
54
327
375
433
24
56
297
359
506
25
158
178
214
384
26
64
307
376
511
4
27
303
370
399
28
30
318
374
382
7
26
29
170
399
30
65
66
101
451
31
149
312
321
488
11
24
32
204
321
33
74
187
255
353
34
159
171
216
341
35
99
114
128
450
13
36
234
245
267
37
62
112
312
331
38
92
214
312
353
2
37
39
246
400
40
71
124
146
377
41
176
251
336
502
42
242
249
327
352
28
43
384
387
482
44
174
212
250
490
1
45
50
313
414
46
94
119
144
486
45
47
242
260
445
48
102
153
170
204
49
254
262
374
492
50
140
153
220
354
10
51
57
335
442
11
52
132
292
433
53
179
379
407
430
54
136
212
338
477
6
55
65
376
399
6
56
167
366
481
57
129
187
225
413
43
58
196
333
444
59
81
322
372
421
60
115
270
351
469
61
116
232
249
404
11
62
303
327
430
62
63
134
258
435
64
237
242
339
365
65
232
274
361
434
66
130
262
314
427
67
120
155
338
459
12
68
138
219
373
69
262
423
486
489
70
86
232
301
370
69
71
196
344
412
72
126
185
198
380
64
73
201
243
293
74
105
277
349
494
75
152
381
446
501
76
94
342
365
503
77
78
136
256
403
4
78
365
470
500
79
145
157
253
362
80
105
142
222
355
50
81
132
140
302
3
82
105
344
390
83
151
283
356
366
84
350
413
418
500
31
85
114
457
477
86
253
311
434
447
87
238
315
352
402
21
88
206
368
505
89
98
222
356
474
45
58
90
126
221
91
275
303
398
450
92
103
266
424
482
93
96
214
338
491
94
96
105
280
441
64
95
222
322
496
96
233
451
478
505
97
111
172
227
287
27
90
98
239
250
37
99
130
163
455
77
100
259
389
485
54
73
101
268
366
72
102
128
134
397
103
141
327
328
408
104
176
235
276
285
105
107
136
457
476
4
17
106
496
506
61
107
196
350
463
108
115
147
181
352
109
172
195
237
368
77
110
111
135
387
111
127
251
270
430
52
112
204
209
393
74
82
113
251
346
114
143
183
290
456
79
115
153
198
509
116
126
163
284
444
44
117
182
204
509
114
118
127
187
212
119
160
344
379
386
55
120
146
323
384
12
98
121
248
304
94
122
209
358
503
123
284
402
469
511
88
110
124
138
192
125
187
238
284
478
126
127
309
483
497
48
127
338
462
511
119
128
214
227
264
60
129
298
302
437
130
192
303
316
386
90
131
241
344
461
132
161
287
366
399
86
133
220
329
491
122
134
230
267
434
7
135
296
317
428
11
78
136
145
405
64
132
137
158
482
138
143
276
369
413
139
160
251
376
385
140
149
301
381
419
93
141
191
229
448
62
99
142
343
473
31
143
308
319
473
32
144
234
252
408
145
254
295
299
332
127
146
219
241
310
144
147
245
297
403
118
148
326
433
449
149
227
341
344
437
50
63
75
150
486
67
95
151
279
387
97
152
285
372
382
153
169
359
400
426
154
156
300
365
451
6
11
155
184
456
62
156
203
327
413
11
29
157
317
383
84
158
244
362
381
118
159
182
291
449
3
43
48
160
494
33
114
161
321
493
87
162
171
244
423
163
171
245
319
382
93
115
164
228
336
47
52
165
217
252
107
152
166
193
418
17
48
167
349
504
2
105
142
168
411
34
92
169
191
471
67
170
414
440
460
171
190
214
272
428
78
172
200
342
366
47
163
173
211
277
38
164
174
266
384
24
175
249
467
484
64
104
176
221
299
177
191
302
317
511
53
72
178
306
408
179
281
289
477
485
123
180
188
252
281
5
27
49
181
291
66
170
182
349
371
183
203
228
409
483
7
184
233
482
486
112
185
321
387
408
41
86
176
186
244
105
167
187
303
419
164
188
297
362
410
112
119
189
298
388
22
139
190
344
486
46
191
353
391
508
18
22
162
192
380
129
157
193
221
429
127
194
283
318
358
102
195
324
342
387
29
196
401
414
462
76
197
318
322
378
109
152
198
358
376
38
199
336
391
452
200
280
310
365
451
15
40
201
404
448
18
55
58
202
378
34
182
203
326
487
204
265
293
340
386
205
326
333
340
413
123
206
266
324
350
52
124
164
207
422
202
208
262
319
465
166
209
254
337
356
101
210
295
306
498
81
211
242
289
471
153
212
286
336
396
143
213
342
402
423
74
214
224
331
413
93
113
215
292
426
37
216
255
299
478
75
217
377
465
501
120
218
260
412
454
152
219
229
429
456
76
220
232
477
484
78
99
221
424
442
55
222
259
387
501
66
72
223
241
430
134
212
224
361
499
152
212
225
439
489
80
111
124
159
226
78
198
227
283
416
188
228
239
297
481
172
213
229
254
295
28
73
135
230
311
56
231
295
420
470
232
294
297
358
505
19
107
233
385
456
70
147
234
329
439
147
233
235
258
449
19
211
220
236
250
237
242
248
414
452
126
238
272
313
505
70
162
179
239
315
240
317
358
370
469
140
221
241
308
402
55
140
242
266
294
110
175
213
243
473
64
233
244
300
371
11
151
197
245
340
26
180
246
342
385
71
125
155
247
326
24
122
248
340
435
103
204
249
441
471
0
12
24
250
312
58
122
140
251
276
34
233
252
361
436
51
169
193
253
441
34
141
159
254
484
221
255
260
282
462
103
147
256
440
486
33
257
338
347
501
258
382
400
423
462
31
259
271
441
498
180
260
305
330
348
215
261
389
443
497
262
285
309
321
498
29
108
215
218
263
15
44
264
279
460
17
265
287
408
426
82
159
266
328
487
62
168
267
269
460
0
18
192
201
268
7
269
308
407
463
48
241
248
270
355
219
264
271
364
386
272
286
368
417
459
89
124
134
273
426
125
214
274
322
437
160
166
275
288
386
4
12
276
369
508
126
138
277
297
322
49
60
251
278
280
245
279
372
373
450
233
280
331
344
366
60
100
165
281
291
56
86
223
282
380
70
101
117
283
493
152
163
284
391
501
210
225
285
369
511
251
286
379
402
474
40
198
287
295
504
3
53
279
288
450
12
152
241
289
487
253
290
305
311
409
159
264
291
320
327
46
80
99
292
337
23
50
293
372
437
77
173
187
294
501
15
21
205
236
295
200
296
394
406
454
216
297
301
379
454
28
111
232
239
298
187
193
299
409
424
91
194
291
300
387
151
235
301
367
495
20
278
302
369
409
104
150
275
279
303
263
304
328
394
494
154
156
299
305
388
72
113
306
315
488
99
102
249
293
307
9
133
243
308
483
214
226
240
304
309
87
279
298
304
310
8
77
301
303
311
73
80
151
312
444
59
272
313
418
435
40
135
146
314
427
103
127
315
334
494
83
91
316
418
511
80
115
317
492
493
217
241
318
406
481
24
114
283
319
478
14
320
341
357
457
19
157
321
397
408
9
246
322
406
415
260
323
387
486
505
63
75
96
188
324
48
255
325
423
426
203
270
306
326
366
132
173
327
358
490
49
122
137
159
328
135
159
289
329
459
90
160
244
330
464
77
328
331
406
433
67
211
233
332
421
127
256
333
338
474
5
76
328
332
334
152
262
277
291
335
218
241
255
260
336
71
137
196
282
337
265
278
338
353
483
83
114
157
235
339
16
140
146
340
360
0
152
318
341
356
191
206
342
502
510
94
123
269
343
493
91
102
178
344
392
53
79
94
344
345
72
288
346
498
501
120
167
286
347
439
150
162
238
340
348
105
324
338
349
454
155
257
267
313
350
178
203
270
351
405
207
213
346
352
421
144
268
338
353
447
53
93
97
276
354
18
355
406
433
444
124
168
276
356
381
29
149
286
357
458
47
117
238
358
382
133
182
210
245
359
16
26
48
176
360
99
142
253
361
388
55
248
362
363
475
2
94
96
363
414
15
109
343
364
404
149
176
365
423
460
7
95
323
366
388
274
328
367
377
479
123
290
368
435
477
57
179
189
297
369
145
193
370
411
485
79
104
115
361
371
106
122
372
392
479
3
373
458
459
467
130
209
240
280
374
3
157
285
320
375
26
121
177
248
376
177
224
331
377
435
128
148
163
233
378
60
378
379
389
419
113
245
380
421
503
132
284
288
316
381
80
83
127
328
382
68
237
242
358
383
0
63
384
405
428
32
128
304
385
431
96
108
276
386
395
72
122
192
367
387
149
205
313
388
397
99
182
291
306
389
191
195
302
340
390
391
447
464
477
484
169
295
392
396
463
93
311
393
439
501
149
178
394
395
481
49
158
239
320
395
111
282
396
411
428
278
368
397
469
481
68
260
372
398
490
10
161
273
362
399
22
361
400
407
465
154
221
225
401
467
176
187
299
402
497
6
15
287
355
403
257
279
282
307
404
9
10
343
368
405
78
219
249
380
406
40
134
175
312
407
9
94
250
310
408
197
296
409
438
440
123
192
280
322
410
2
63
297
349
411
7
70
412
465
476
96
117
413
443
482
172
309
414
451
464
139
319
373
376
415
26
61
119
345
416
113
117
221
323
417
82
254
306
366
418
118
157
175
197
419
41
143
226
358
420
157
208
296
337
421
65
192
226
354
422
8
250
252
423
492
15
56
67
79
424
54
71
423
425
448
201
266
422
426
496
207
223
299
427
436
53
105
145
421
428
138
207
254
321
429
104
290
430
494
499
37
307
312
431
464
6
432
443
449
479
49
167
302
340
433
58
190
326
381
434
20
164
177
234
435
18
45
70
234
436
309
365
407
437
449
244
367
385
438
491
58
99
267
439
476
85
136
155
262
440
261
346
362
441
465
29
98
198
272
442
281
282
300
424
443
56
258
266
444
472
3
180
419
445
461
318
335
357
446
491
56
108
190
405
447
18
31
68
173
448
2
216
281
316
449
113
198
443
450
509
240
425
451
500
505
3
45
146
156
452
145
258
299
362
453
110
164
230
329
454
111
196
330
446
455
89
152
197
424
456
76
281
433
457
508
225
418
421
458
475
13
64
77
371
459
49
162
223
459
460
82
106
353
374
461
4
19
34
412
462
174
243
457
463
495
42
50
306
376
464
0
265
351
414
465
257
390
391
466
499
175
228
233
321
467
155
184
197
291
468
40
441
469
491
501
29
159
187
384
470
88
189
203
451
471
1
109
171
289
472
16
187
263
473
501
63
90
230
474
497
327
353
463
475
508
106
397
462
472
476
57
229
352
399
477
213
234
242
322
478
72
131
234
437
479
13
209
330
369
480
46
317
357
481
501
24
298
308
436
482
23
461
479
483
510
187
218
383
398
484
199
230
285
485
504
94
105
407
456
486
78
86
429
476
487
58
305
435
488
497
167
331
391
468
489
24
175
202
470
490
82
204
225
368
491
95
174
233
339
492
16
34
113
493
507
240
299
456
491
494
85
231
418
462
495
173
205
254
391
496
119
120
406
488
497
191
332
494
498
504
79
156
317
378
499
126
295
296
310
500
341
365
421
436
501
50
192
313
382
502
261
322
323
503
509
80
84
234
370
504
73
132
196
320
505
16
197
347
415
506
72
116
136
453
507
47
183
463
500
508
56
224
305
333
509
239
365
376
508
510
105
152
278
500
511
0.10098366439342499
0.3020061254501343
0.0686730369925499
0.2064049392938614
0.9530216455459595
0.3922308385372162
0.39118629693984985
0.6987267732620239
0.36465269327163696
0.16488628089427948
0.19932402670383453
0.5758971571922302
0.8184167146682739
0.3284299969673157
0.5673201680183411
0.7926391363143921
0.20169544219970703
0.656194269657135
0.46548426151275635
0.07720816135406494
0.9538425803184509
0.7993907332420349
0.6103084087371826
0.3251122236251831
0.4213511347770691
0.7187148332595825
0.024187849834561348
0.08337495476007462
0.41479772329330444
0.09990287572145462
0.6249482035636902
0.04985618218779564
0.9143800735473633
0.8047460317611694
0.9481353759765625
0.4229061007499695
0.559136688709259
0.6667023301124573
0.3326982259750366
0.5555599927902222
0.7499440908432007
0.5958136320114136
0.989180326461792
0.69495689868927
0.9198077917098999
0.69432133436203
0.8105702996253967
0.5819659233093262
0.7902740240097046
0.8068931102752686
0.8830612301826477
0.2715354561805725
0.19572216272354126
0.5945204496383667
0.9259052276611328
0.2931137979030609
0.7179184556007385
0.034972287714481354
0.7890673279762268
0.7891689538955688
0.4378555417060852
0.5179044008255005
0.9878347516059875
0.025791507214307785
0.2043725997209549
0.9438960552215576
0.025150682777166367
0.18947762250900269
0.1058356910943985
0.8083942532539368
0.1788238286972046
0.2516348361968994
0.7187171578407288
0.3964528739452362
0.6646125912666321
0.010033885948359966
0.8908509016036987
0.45286956429481506
0.8432711958885193
0.8692158460617065
0.23860971629619598
0.7473981380462646
0.26147791743278503
0.16439999639987946
0.4693323075771332
0.4274241328239441
0.13251270353794098
0.027323804795742035
0.24209022521972656
0.9493179321289062
0.8762513399124146
0.2036244124174118
0.2555374205112457
0.32197558879852295
0.5302550792694092
0.16105592250823975
0.011992949061095715
0.631192147731781
0.767663300037384
0.37546971440315247
0.5547048449516296
0.9869447350502014
0.7782233953475952
0.11932860314846039
0.2002728432416916
0.4168603718280792
0.955348551273346
0.30009928345680237
0.30428484082221985
0.6101855635643005
0.3164745271205902
0.4177227318286896
0.4436984956264496
0.19805045425891876
0.5053572654724121
0.934166669845581
0.35194772481918335
0.6319049596786499
0.601913332939148
0.4952188730239868
0.9072985649108887
0.04468662664294243
0.4810218811035156
0.9815618991851807
0.9920069575309753
0.068070188164711
0.6560646295547485
0.63818359375
0.6957020163536072
0.6362711787223816
0.013181597925722599
0.7464170455932617
0.3846077024936676
0.9093682765960693
0.07778166234493256
0.1763288527727127
0.8357030153274536
0.6941167116165161
0.8513974547386169
0.7833536267280579
0.17601004242897034
0.8418428897857666
0.6729286313056946
0.005826503038406372
0.9606471657752991
0.2061661034822464
0.9801701903343201
0.5387917160987854
0.8511426448822021
0.2247595191001892
0.9050366282463074
0.4978037178516388
0.6349918842315674
0.2900075912475586
0.5899760127067566
0.1569220870733261
0.3080916702747345
0.46131953597068787
0.18578077852725983
0.1339738368988037
0.8779593110084534
0.918199360370636
0.9179108738899231
0.7236243486404419
0.8309923410415649
0.24889151751995087
0.45737984776496887
0.6488825678825378
0.24893328547477722
0.2837117612361908
0.728683590888977
0.15399889647960663
0.022853942587971687
0.14310455322265625
0.17668473720550537
0.5631553530693054
0.6661430597305298
0.5872178077697754
0.010478191077709198
0.19159221649169922
0.26386478543281555
0.7921341061592102
0.09225744009017944
0.549846887588501
0.6601870656013489
0.4517674744129181
0.4268435835838318
0.3805021345615387
0.8000301122665405
0.8912124037742615
0.49775898456573486
0.6885567903518677
0.40702110528945923
0.19034740328788757
0.7809154391288757
0.11518582701683044
0.6113002896308899
0.7142034769058228
0.6295491456985474
0.009626539424061775
0.1898825764656067
0.059898506850004196
0.3416871130466461
0.6327849626541138
0.465840607881546
0.16868802905082703
0.07815079391002655
0.9977470636367798
0.6165079474449158
0.4195820391178131
0.8093767762184143
0.23201408982276917
0.6171748638153076
0.8858802318572998
0.7346205115318298
0.8803699016571045
0.8549923300743103
0.08225345611572266
0.6456693410873413
0.09025824069976807
2.0453668184927665e-05
0.7230356335639954
0.23081620037555695
0.3493671715259552
0.27182576060295105
0.21763166785240173
0.9424631595611572
0.046824850142002106
0.6883602738380432
0.8923010230064392
0.8644768595695496
0.7460136413574219
0.7526209950447083
0.40243905782699585
0.8532155752182007
0.08013426512479782
0.24240611493587494
0.4811515212059021
0.7373573184013367
0.6928794384002686
0.7041361927986145
0.9930718541145325
0.2885679006576538
0.7716706395149231
0.4222104847431183
0.38805079460144043
0.7491381168365479
0.7159774303436279
0.11784322559833527
0.4586164057254791
0.2607891261577606
0.0707591325044632
0.2904684841632843
0.6643823385238647
0.3318609297275543
0.14022807776927948
0.9505496621131897
0.802810549736023
0.48828309774398804
0.6362496018409729
0.7387988567352295
0.6885470747947693
0.6299893260002136
0.062149833887815475
0.9911074638366699
0.11751390248537064
0.7052269577980042
0.7371913194656372
0.8903619647026062
0.23932242393493652
0.3520163893699646
0.7762410640716553
0.005218456499278545
0.3911348581314087
0.3187219500541687
0.39602506160736084
0.7162526249885559
0.5544836521148682
0.30338314175605774
0.21116098761558533
0.8369105458259583
0.29643315076828003
0.21982809901237488
0.5631290078163147
0.51260906457901
0.9099511504173279
0.02612512931227684
0.9228419661521912
0.1291862577199936
0.9290757775306702
0.6083095669746399
0.42254114151000977
0.013306688517332077
0.06950389593839645
0.7546623945236206
0.9625067710876465
0.07217157632112503
0.7469462156295776
0.1480187177658081
0.8235465884208679
0.6775305271148682
0.9336747527122498
0.582736611366272
0.8486215472221375
0.7964770197868347
0.174998477101326
0.3687323033809662
0.6066414713859558
0.005954408086836338
0.32242539525032043
0.7849107980728149
0.8694533109664917
0.43950480222702026
0.7880027294158936
0.4343191683292389
0.35072988271713257
0.5134344696998596
0.32458388805389404
0.9043674468994141
0.6548557281494141
0.0653587058186531
0.9344654083251953
0.8274710178375244
0.5388133525848389
0.05666603147983551
0.06888999044895172
0.23860716819763184
0.28254270553588867
0.5792691111564636
0.8871893882751465
0.12857018411159515
0.6169514060020447
0.4527113437652588
0.5225127935409546
0.25325942039489746
0.6140915751457214
0.49116969108581543
0.8109399080276489
0.022035637870430946
0.5616117119789124
0.4482406973838806
0.4322524666786194
0.2463807612657547
0.7247586846351624
0.5727108120918274
0.014505543746054173
0.11735228449106216
0.34687259793281555
0.9590598940849304
0.07275817543268204
0.08720069378614426
0.823035478591919
0.6891874074935913
0.5072847008705139
0.8814546465873718
0.8048340082168579
0.0804201066493988
0.9058374166488647
0.12612207233905792
0.150382399559021
0.44560858607292175
0.09999319911003113
0.40762779116630554
0.2856614887714386
0.6764404773712158
0.8371919989585876
0.612427294254303
0.42485111951828003
0.7749067544937134
0.49248313903808594
0.9892997741699219
0.030130628496408463
0.35115745663642883
0.5533573031425476
0.5229018926620483
0.23630058765411377
0.28389880061149597
0.119898721575737
0.41018062829971313
0.7503544688224792
0.17143568396568298
0.21613408625125885
0.9446467757225037
0.37003788352012634
0.7852086424827576
0.11408583074808121
0.7170301675796509
0.22868923842906952
0.7986605167388916
0.17922033369541168
0.872696042060852
0.5450329780578613
0.6296347975730896
0.5209342837333679
0.2865677773952484
0.22396720945835114
0.9098362922668457
0.4012226164340973
0.8697028756141663
0.3631990849971771
0.7361077070236206
0.8890503644943237
0.2375059425830841
0.1323985904455185
0.029815873131155968
0.38686156272888184
0.01131553202867508
0.623891294002533
0.16142329573631287
0.7547896504402161
0.6704988479614258
0.797816276550293
0.7516839504241943
0.0990014523267746
0.4287145137786865
0.35095664858818054
0.32795095443725586
0.2999413013458252
0.3767424523830414
0.5521695017814636
0.7525257468223572
0.16233988106250763
0.9898548722267151
0.5285918712615967
0.5555557608604431
0.12406569719314575
0.4422398507595062
0.1832340955734253
0.10001746565103531
0.5301312804222107
0.18432630598545074
0.9562110900878906
0.5172655582427979
0.5549023747444153
0.285552442073822
0.5453875660896301
0.5524959564208984
0.025372734293341637
0.24778348207473755
0.8179538249969482
0.7932153940200806
0.7127895355224609
0.3179454803466797
0.39060333371162415
0.8241033554077148
0.7448298931121826
0.8411632776260376
0.8421996831893921
0.07618652284145355
0.17549671232700348
0.12539459764957428
0.15057730674743652
0.08046162128448486
0.08329086005687714
0.8647084832191467
0.7807737588882446
0.9340421557426453
0.7996217012405396
0.49053168296813965
0.22121818363666534
0.9116896390914917
0.4623679518699646
0.03704730048775673
0.27370455861091614
0.5203691124916077
0.14524616301059723
0.02138226293027401
0.5015237331390381
0.500664472579956
0.4777975082397461
0.02542937360703945
0.022038398310542107
0.5853060483932495
0.8063031435012817
0.9802677631378174
0.37441644072532654
0.668212354183197
0.9825050234794617
0.28555822372436523
0.5774154663085938
0.761909008026123
0.9345558285713196
0.8128743767738342
0.7068401575088501
0.6799716353416443
0.9047125577926636
0.7223487496376038
0.7330432534217834
0.3496900796890259
0.6614212393760681
0.5665027499198914
0.9991337060928345
0.5637422800064087
0.6852083206176758
0.6374418139457703
0.5931763052940369
0.29012274742126465
0.5389650464057922
0.05298434942960739
0.5184052586555481
0.2737272381782532
0.981438159942627
0.5670480728149414
0.7938413619995117
0.9620278477668762
0.11281266063451767
0.9772617220878601
0.8397886157035828
0.27067750692367554
0.6076272130012512
0.3518276512622833
0.934069037437439
0.30395081639289856
0.8171828985214233
0.02698378823697567
0.3231833577156067
0.3055931031703949
0.5835364460945129
0.7911754250526428
0.6990793943405151
0.9960785508155823
0.19848643243312836
0.9827921986579895
0.21658000349998474
0.899066150188446
0.40611332654953003
0.5468658804893494
0.9011757969856262
0.41676634550094604
0.9784642457962036
0.9449540972709656
0.22954554855823517
0.20609180629253387
0.9754571318626404
0.02973351627588272
0.6959044933319092
0.5905117392539978
0.8956130743026733
0.7604027390480042
0.8371758460998535
0.4840456247329712
0.29411739110946655
0.6135603785514832
0.26955774426460266
0.6975677013397217
0.1387760192155838
0.8278056979179382
0.8377408385276794
0.2823432385921478
0.5728776454925537
0.8839499354362488
0.9632797241210938
0.2266661375761032
0.7326347231864929
0.35054293274879456
0.0805668756365776
0.7160512208938599
0.8466834425926208
0.035217467695474625
0.11548294872045517
0.03603138029575348
0.11945840716362
0.05749994143843651
0.07965798676013947
0.23124955594539642
0.6379895210266113
0.8419608473777771
0.4134790003299713
0.17651604115962982
0.7833682894706726
0.6091088652610779
0.6869238615036011
0.28022682666778564
0.08047342300415039
0.3425516188144684
0.34184178709983826
0.45322999358177185
0.8143557906150818
0.0475141704082489
0.3058418035507202
0.7963980436325073
0.8133198618888855
0.0646020919084549
0.573910653591156
0.43364137411117554
0.2793766260147095
0.7165583372116089
0.9764580130577087
0.32345110177993774
0.24523793160915375
0.6400378942489624
0.5540691614151001
0.8983870148658752
0.7584967017173767
0.26161661744117737
0.04278875142335892
0.42422252893447876
0.9969969391822815
0.2455090880393982
0.5678260326385498
0.8022308945655823
0.8776637315750122
0.7424231171607971
0.31882956624031067
0.8579413890838623
0.3086591064929962
0.4485645592212677
0.3637843728065491
0.974290132522583
0.40000829100608826
0.2503730058670044
0.7812836170196533
0.041491493582725525
0.5126118659973145
0.9044535756111145
0.683111310005188
0.11219781637191772
0.5348854064941406
0.4568580687046051
0.4497112035751343
0.0013546101981773973
0.8585739731788635
0.24458713829517365
0.10154908895492554
0.9946208000183105
0.24321921169757843
0.32462871074676514
0.1622374951839447
0.309333860874176
0.24244041740894318
0.9209031462669373
0.6809739470481873
0.08862721920013428
0.3128228187561035
0.313451886177063
0.7685646414756775
0.8213818669319153
0.9574878215789795
0.32505330443382263
0.5681264996528625
0.07622910290956497
0.33832839131355286
0.3663118779659271
0.9460127353668213
0.640143871307373
0.3593825697898865
0.28194987773895264
0.6743347644805908
0.4527432918548584
0.6754350066184998
0.7170501351356506
0.042574018239974976
0.7051535248756409
0.1095985397696495
0.4919634461402893
0.8225461840629578
0.8342922329902649
0.8005730509757996
0.49852392077445984
0.40375959873199463
0.4096188247203827
0.5096614360809326
0.056233812123537064
0.8753772974014282
0.7257913947105408
0.11203648149967194
0.8912186026573181
0.14445039629936218
0.8375568389892578
0.11267617344856262
0.2609357237815857
0.334428071975708
0.039553262293338776
0.7887703776359558
0.0578027181327343
0.34082555770874023
0.2045334428548813
0.024120431393384933
0.7350946068763733
0.7682454586029053
0.5744420886039734
0.571857750415802
0.9960042834281921
0.010880330577492714
0.8006535768508911
0.5486577749252319
0.5608377456665039
0.9064301252365112
0.40885454416275024
0.6589462757110596
0.23425783216953278
0.3523021340370178
0.12565355002880096
0.005739938467741013
0.5337754487991333
0.0848875418305397
0.9914610981941223
0.2116246521472931
0.30411621928215027
0.8346704840660095
0.46135765314102173
0.41745975613594055
0.5600732564926147
0.24763211607933044
0.9205232858657837
0.1242077499628067
0.3570079505443573
0.9115010499954224
0.3640426695346832
0.44305628538131714
0.06209404394030571
0.137967050075531
0.5022283792495728
0.2042168229818344
0.970853328704834
0.11032550781965256
0.8863509893417358
0.5377001762390137
0.1381261646747589
0.2823050320148468
0.2690032422542572
0.40374520421028137
0.48472708463668823
0.4328831434249878
0.6438249945640564
0.6138718724250793
0.4953061044216156
0.8018801808357239
0.7096743583679199
0.8128666281700134
0.9364571571350098
0.7705028057098389
0.40477707982063293
0.36243295669555664
0.211114302277565
0.3727632761001587
0.8508151173591614
0.50562983751297
0.22623516619205475
0.17877238988876343
0.8070877194404602
0.5353870391845703
0.08967608958482742
0.3174581825733185
0.7206454873085022
0.004681700840592384
0.9720637798309326
0.20374466478824615
0.08940652757883072
0.8146883249282837
0.17320072650909424
0.8027034401893616
0.019645830616354942
0.06674860417842865
0.5016455054283142
0.8554058074951172
0.3675510883331299
0.8794487118721008
0.28095540404319763
0.0001911901927087456
0.8115339279174805
0.2969300448894501
0.27518942952156067
0.2758936285972595
0.9201463460922241
0.8841603398323059
0.03126229718327522
0.904043972492218
0.9365413784980774
0.3618614971637726
0.7082720398902893
0.4533556401729584
0.5398843288421631
0.34729498624801636
0.7986297607421875
0.35749542713165283
0.898804783821106
0.12668339908123016
0.031198373064398766
0.08284340053796768
0.7322178483009338
0.7835874557495117
0.07899106293916702
0.40898600220680237
0.45541852712631226
0.14973843097686768
0.8838760852813721
0.49120619893074036
0.5718086957931519
0.267660528421402
0.27849191427230835
0.7834141254425049
0.07878893613815308
0.28448835015296936
0.4994446635246277
0.20690631866455078
0.327373206615448
0.7943301796913147
0.19416853785514832
0.6505768299102783
0.19581535458564758
0.31350037455558777
0.6864293217658997
0.12913937866687775
0.5107392072677612
0.4609406888484955
0.4239939749240875
0.7749998569488525
0.28834134340286255
0.44132551550865173
0.9441125988960266
0.6758601665496826
0.18133750557899475
0.8121375441551208
0.7294826507568359
0.15556955337524414
0.18899480998516083
0.6360374093055725
0.5962453484535217
0.21565087139606476
0.17350473999977112
0.8052359223365784
0.9403693079948425
0.4061799645423889
0.8965396881103516
0.10356795787811279
0.3114958703517914
0.2878197133541107
0.7383947372436523
0.011194617487490177
0.30334535241127014
0.1781470775604248
0.40112653374671936
0.6209129095077515
0.1886969953775406
0.09473329782485962
0.5410999059677124
0.04782424494624138
0.822496235370636
0.7772906422615051
0.04047361761331558
0.9113250970840454
0.5933210849761963
0.9773778915405273
0.7753410339355469
0.07719419151544571
0.6072442531585693
0.9221535921096802
0.4686717092990875
0.8417519927024841
0.8177673816680908
0.3646484315395355
0.7685548663139343
0.2970390021800995
0.5437429547309875
0.2886062264442444
0.42613914608955383
0.06511085480451584
0.4404297471046448
0.5298438668251038
0.9659942388534546
0.6168738603591919
0.17132684588432312
0.6384907960891724
0.3394838571548462
0.019568702206015587
0.5746604204177856
0.6978167295455933
0.8799924850463867
0.48349493741989136
0.7658901214599609
0.5588688254356384
0.460540771484375
0.7843974828720093
0.2501542866230011
0.04203683137893677
0.5256123542785645
0.29512783885002136
0.08362773805856705
0.9598721265792847
0.8816269636154175
0.8496677875518799
0.003031957894563675
0.12481566518545151
0.03763432800769806
0.21855542063713074
0.22215677797794342
0.9624053239822388
0.6835357546806335
0.7935687899589539
0.3915213942527771
0.6322413086891174
0.08631688356399536
0.5297827124595642
0.2008146345615387
0.06949961185455322
0.28085383772850037
0.818813681602478
0.8962409496307373
0.6770105957984924
0.027786657214164734
0.037604328244924545
0.22703930735588074
0.07605787366628647
0.10215757042169571
0.009701075963675976
0.00891762413084507
0.05896836146712303
0.416920930147171
0.8822395205497742
0.48177850246429443
0.052589986473321915
0.481471985578537
0.6979057788848877
0.6038022041320801
0.21641673147678375
0.10979568213224411
0.6960014700889587
0.9022517204284668
0.29775747656822205
0.07686556130647659
0.9432563781738281
0.1230650246143341
0.6986325979232788
0.9663666486740112
0.9818544387817383
0.06917791068553925
0.88697350025177
0.24116617441177368
0.6917943358421326
0.23184844851493835
0.8704853057861328
0.8280255794525146
0.2713131010532379
0.3866688907146454
0.48689907789230347
0.6915947198867798
0.5388458967208862
0.05289498716592789
0.49904707074165344
0.7131493091583252
0.9779021739959717
0.4893845021724701
0.6310884952545166
0.29371657967567444
0.3577992022037506
0.5110065937042236
0.8857264518737793
0.5841370224952698
0.703708827495575
0.7355485558509827
0.9300372004508972
0.7808665633201599
0.0845678523182869
0.8916423916816711
0.7173449993133545
0.6572457551956177
0.15993966162204742
0.2262696921825409
0.2989807724952698
0.178089439868927
0.37525641918182373
0.18163307011127472
0.8114203214645386
0.05434570834040642
0.6640607118606567
0.1330014169216156
0.05820801481604576
0.48005446791648865
0.3497247099876404
0.9119401574134827
0.6068441867828369
0.5594051480293274
0.471183180809021
0.3361436128616333
0.462376207113266
0.23828376829624176
0.7470405697822571
0.9393327236175537
0.7840416431427002
0.5375828742980957
0.7593525052070618
0.3441953659057617
0.9591479301452637
0.20580200850963593
0.5378848910331726
0.09736520051956177
0.2922337055206299
0.8011733889579773
0.3239050507545471
0.26317209005355835
0.13128605484962463
0.7870201468467712
0.3614093065261841
0.7974198460578918
0.04821014031767845
0.3218002915382385
0.7651300430297852
0.3703964650630951
0.18160514533519745
0.47759580612182617
0.8889399766921997
0.2061712145805359
0.46265342831611633
0.9891344308853149
0.5519755482673645
0.8204154372215271
0.6873916983604431
0.013520806096494198
0.7276061773300171
0.98496013879776
0.5615733861923218
0.6882704496383667
0.6884023547172546
0.3961533010005951
0.9256794452667236
0.32494840025901794
0.8546260595321655
0.02393169328570366
0.2593626081943512
0.35395240783691406
0.10948237776756287
0.02542068250477314
0.6994984745979309
0.2932855784893036
0.23117199540138245
0.022321375086903572
0.04690919816493988
0.5417532324790955
0.6755473017692566
0.02116759680211544
0.9005796313285828
0.8916524648666382
0.4636695683002472
0.26135772466659546
0.32557305693626404
0.892916738986969
0.03126422315835953
0.01840129680931568
0.06322517991065979
0.6078470945358276
0.8840503096580505
0.8685407042503357
0.02903643064200878
0.675719678401947
0.08179158717393875
0.526239812374115
0.7404698133468628
0.25727203488349915
0.10084293782711029
0.029913637787103653
0.7900733351707458
0.8462644815444946
0.9558428525924683
0.3043442368507385
0.9115028381347656
0.4505848288536072
0.0041860793717205524
0.008258511312305927
0.6305386424064636
0.2209782898426056
0.9106398820877075
0.5362141132354736
0.7856719493865967
0.09131316840648651
0.11717163771390915
0.5560341477394104
0.5536829233169556
0.20789529383182526
0.5175447463989258
0.03031737729907036
0.5257560610771179
0.819510817527771
0.26609739661216736
0.88810795545578
0.1450587660074234
0.8719934821128845
0.3831839859485626
0.22674718499183655
0.09072384238243103
0.16632187366485596
0.24537383019924164
0.2093670815229416
0.3019106090068817
0.24030105769634247
0.6672812700271606
0.9788162708282471
0.27182748913764954
0.005426256451755762
0.9504497647285461
0.6700830459594727
0.05152132362127304
0.3467957377433777
0.5189838409423828
0.6516619324684143
0.589669942855835
0.27675220370292664
0.41297945380210876
0.974273681640625
0.7459092736244202
0.5332911014556885
0.34408894181251526
0.21568335592746735
0.42728391289711
0.12581831216812134
0.928713858127594
0.6263515949249268
0.7204403281211853
0.794958770275116
0.36342158913612366
0.2902041971683502
0.6303442716598511
0.053619515150785446
0.13952091336250305
0.8703852891921997
0.23769962787628174
0.8483269214630127
0.21871036291122437
0.20836199820041656
0.7040022611618042
0.5856848359107971
0.5185777544975281
0.7143390774726868
0.678223192691803
0.032507967203855515
0.2565961182117462
0.5336714386940002
0.3463602364063263
0.44106748700141907
0.6072037220001221
0.6912757158279419
0.8777115941047668
0.9101865887641907
0.7604207396507263
0.45917466282844543
0.7617760300636292
0.40810370445251465
0.7339215278625488
0.7086880207061768
0.21400628983974457
0.926246166229248
0.8136225938796997
0.07338210940361023
0.9168825149536133
0.26519346237182617
0.02741645835340023
0.7279626131057739
0.5400777459144592
0.13647820055484772
0.2921997904777527
0.6274335980415344
0.1952323019504547
0.9922275543212891
0.12126387655735016
0.4109252095222473
0.675349771976471
0.47914499044418335
0.848268449306488
0.009563973173499107
0.0892736166715622
0.5205639004707336
0.9969664812088013
0.43222206830978394
0.3034214973449707
0.15467211604118347
0.6619002819061279
0.7826810479164124
0.7965289950370789
0.014252246357500553
0.12060024589300156
0.11013903468847275
0.8321632742881775
0.8732673525810242
0.7899974584579468
0.7456631660461426
0.9147819876670837
0.638042688369751
0.7951277494430542
0.9963614344596863
0.2533078193664551
0.5812674760818481
0.6655128002166748
0.44665226340293884
0.6292605996131897
0.48950955271720886
0.11157365143299103
0.6376029849052429
0.1796625256538391
0.8687058091163635
0.6151044964790344
0.6456013917922974
0.2233823984861374
0.8114047646522522
0.9622642397880554
0.38526609539985657
0.6542620062828064
0.36100631952285767
0.47641557455062866
0.80109703540802
0.6118791103363037
0.9339607357978821
0.6442127823829651
0.39232781529426575
0.7914555668830872
0.5415866374969482
0.5131643414497375
0.2051592320203781
0.9394105672836304
0.8815064430236816
0.9005449414253235
0.4663465917110443
0.5140370726585388
0.2577453851699829
0.28781041502952576
0.188482403755188
0.10721486061811447
0.35344329476356506
0.49568113684654236
0.1547662317752838
0.1971653401851654
0.8689079880714417
0.2701628804206848
0.8422948718070984
0.23684848845005035
0.9842724800109863
0.3485873341560364
0.8685247898101807
0.1438753306865692
0.6999832391738892
0.4213263690471649
0.2505311965942383
0.2141130119562149
0.8488813638687134
0.7623963356018066
0.09305433183908463
0.7363930344581604
0.44930511713027954
0.19871297478675842
0.297303169965744
0.5130141377449036
0.07370647042989731
0.06812427937984467
0.7808616161346436
0.7276988625526428
0.9087472558021545
0.7943366169929504
0.38237321376800537
0.5837998390197754
0.9910674095153809
0.43051213026046753
0.42674940824508667
0.6681807637214661
0.5478212237358093
0.020318465307354927
0.08218270540237427
0.3288940489292145
0.8189957737922668
0.21232402324676514
0.9474083781242371
0.3195199966430664
0.5742382407188416
0.2750275731086731
0.8759914040565491
0.47252151370048523
0.10761451721191406
0.8701388835906982
0.3589710295200348
0.3856653869152069
0.38799065351486206
0.44872990250587463
0.036876603960990906
0.10516142100095749
0.31249886751174927
0.8112084865570068
0.48466843366622925
0.30390599370002747
0.21252286434173584
0.16807308793067932
0.6074714660644531
0.30485159158706665
0.14461559057235718
0.44918057322502136
0.41034090518951416
0.6322584748268127
0.5121107697486877
0.03773427754640579
0.016040800139307976
0.31804201006889343
0.7758079767227173
0.7806135416030884
0.09728915244340897
0.7718403935432434
0.3089224696159363
0.953539252281189
0.5782747864723206
0.4951818883419037
0.48157545924186707
0.7866659164428711
0.9068814516067505
0.12396485358476639
0.3483811616897583
0.7772226333618164
0.7809045910835266
0.3709103465080261
0.7298687100410461
0.38402044773101807
0.6430509090423584
0.7622047066688538
0.9800190925598145
0.3363233804702759
0.347797691822052
0.18904107809066772
0.546368420124054
0.5460148453712463
0.8811305165290833
0.6072978377342224
0.7995057106018066
0.17475229501724243
0.12446564435958862
0.5030619502067566
0.587059497833252
0.6861761808395386
0.5328710079193115
0.9286344051361084
0.3992161750793457
0.22551029920578003
0.3265742063522339
0.4382762312889099
0.5017372965812683
0.20575186610221863
0.5577742457389832
0.6043305993080139
0.6910219788551331
0.08500552177429199
0.5458512306213379
0.07250480353832245
0.6706197261810303
0.7474296689033508
0.9120069742202759
0.41560155153274536
0.9622694849967957
0.8594561219215393
0.6244272589683533
0.05908939242362976
0.49798479676246643
0.19450336694717407
0.5819445252418518
0.8359718322753906
0.9623264074325562
0.0045447866432368755
0.489500492811203
0.7081462144851685
0.39679229259490967
0.16997231543064117
0.04664827510714531
0.08272425085306168
0.7723179459571838
0.1314292550086975
0.2054315209388733
0.039413876831531525
0.5057088732719421
0.5583660006523132
0.7097787857055664
0.38428181409835815
0.3399788439273834
0.5972037315368652
0.7245569229125977
0.34017661213874817
0.39422306418418884
0.43398401141166687
0.4887619614601135
0.47676199674606323
0.2520817518234253
0.7214572429656982
0.1795000284910202
0.6014383435249329
0.26575183868408203
0.9188197255134583
0.983523964881897
0.13568656146526337
0.8377594351768494
0.18536563217639923
0.961313009262085
0.8931204080581665
0.40768417716026306
0.4429467022418976
0.6858435273170471
0.3024182617664337
0.6077412962913513
0.9273338317871094
0.38140854239463806
0.6682108044624329
0.40171051025390625
0.46832790970802307
0.5515483021736145
0.6643521785736084
0.039318326860666275
0.5945644974708557
0.3879614770412445
0.18236422538757324
0.5576280951499939
0.8359971642494202
0.38705092668533325
0.9373027086257935
0.14362958073616028
0.07701952755451202
0.6157430410385132
0.29605191946029663
0.29258719086647034
0.16068163514137268
0.2645951211452484
0.6956503987312317
0.8434196710586548
0.6120697259902954
0.6748562455177307
0.26821425557136536
0.07124260067939758
0.03877563402056694
0.18035227060317993
0.8490408658981323
0.5737999081611633
0.269792377948761
0.7645230293273926
0.007822569459676743
0.8956325650215149
0.7532788515090942
0.15267561376094818
0.10059727728366852
0.6409136652946472
0.2501072287559509
0.31916630268096924
0.1118110865354538
0.5573496222496033
0.09527559578418732
0.6348854303359985
0.4789852797985077
0.24578522145748138
0.962806224822998
0.6125084757804871
0.7522109150886536
0.10512906312942505
0.6499417424201965
0.6136260032653809
0.7779278755187988
0.9173462986946106
0.5536167025566101
0.413954496383667
0.8434172868728638
0.7391733527183533
0.9996405243873596
0.2548743188381195
0.8131511807441711
0.4656791388988495
0.04280880466103554
0.785368025302887
0.2559768855571747
0.3224761486053467
0.031784456223249435
0.07332761585712433
0.41531795263290405
0.029837606474757195
0.058077212423086166
0.3121471405029297
0.012439889833331108
0.26368004083633423
0.5883522033691406
0.16464629769325256
0.46010422706604004
0.8575098514556885
0.06953620910644531
0.028504621237516403
0.5187026858329773
0.4501977264881134
0.6824207305908203
0.09633412957191467
0.7559087872505188
0.16013966500759125
0.5139693021774292
0.6117761731147766
0.33472734689712524
0.7258643507957458
0.31842342019081116
0.2974640727043152
0.654234766960144
0.27321314811706543
0.33953407406806946
0.9277872443199158
0.4890895485877991
0.5744677186012268
0.21770337224006653
0.2563238739967346
0.2897934019565582
0.6400569081306458
0.3128078281879425
0.08853627741336823
0.5356694459915161
0.0333138071000576
0.7716546058654785
0.7361962199211121
0.08894990384578705
0.8923346400260925
0.237181156873703
0.5998268127441406
0.5911367535591125
0.00783735141158104
0.9591770768165588
0.09137563407421112
0.6598762273788452
0.39321380853652954
0.17192643880844116
0.7437878251075745
0.17475080490112305
0.9190228581428528
0.488437294960022
0.5154434442520142
0.9662328362464905
0.9938501715660095
0.3450561761856079
0.013367273844778538
0.2578524947166443
0.7054170370101929
0.679284930229187
0.4480372369289398
0.3458783030509949
0.6588032841682434
0.22115609049797058
0.7838045954704285
0.9406396150588989
0.03695322200655937
0.7810275554656982
0.0025080465711653233
0.5202410221099854
0.517966628074646
0.9506065249443054
0.944844663143158
0.5530236959457397
0.715449333190918
0.18504698574543
0.7972033619880676
0.947613537311554
0.798969566822052
0.6096315979957581
0.681077241897583
0.8716791868209839
0.30299413204193115
0.027979053556919098
0.5253231525421143
0.011483734473586082
0.2953919470310211
0.48705458641052246
0.9360113739967346
0.2299479991197586
0.954169511795044
0.0767732709646225
0.5834618806838989
0.5636485815048218
0.15717527270317078
0.9524978995323181
0.07113847136497498
0.48347288370132446
0.8381901979446411
0.27964892983436584
0.7691859602928162
0.3990193009376526
0.5108408331871033
0.5508792996406555
0.326107382774353
0.2649642825126648
0.8285418748855591
0.1702190339565277
0.015280534513294697
0.10597892850637436
0.8313372135162354
0.37091872096061707
0.894646406173706
0.8727108240127563
0.4978211224079132
0.3179928660392761
0.9231852293014526
0.17758074402809143
0.4887160062789917
0.6144872307777405
0.3546299934387207
0.8631963729858398
0.6007655262947083
0.6245384216308594
0.7564609050750732
0.9374189376831055
0.7060670256614685
0.7048709988594055
0.2451578974723816
0.011708646081387997
0.18771477043628693
0.3744674324989319
0.9311314225196838
0.5711821913719177
0.1211492270231247
0.06189795583486557
0.8446891903877258
0.8008551001548767
0.8259860873222351
0.17679953575134277
0.34393608570098877
0.4088514745235443
0.3398485481739044
0.47937440872192383
0.3560934364795685
0.6034978032112122
0.8414027094841003
0.7479820251464844
0.1814342588186264
0.2629493474960327
0.29440730810165405
0.36850789189338684
0.8996660113334656
0.3150424659252167
0.1500532478094101
0.9837002158164978
0.9965819120407104
0.59389328956604
0.9104397892951965
0.9714641571044922
0.8881552219390869
0.35656341910362244
0.991014301776886
0.9291713237762451
0.8648091554641724
0.49115943908691406
0.029183372855186462
0.110539510846138
0.7006044387817383
0.9658859372138977
0.9501968026161194
0.34771525859832764
0.2463688850402832
0.4821936786174774
0.4664854407310486
0.5806789398193359
0.43635156750679016
0.6228036284446716
0.8097371459007263
0.1246093362569809
0.49614226818084717
0.9345993995666504
0.286342978477478
0.7496646046638489
0.888982892036438
0.8578238487243652
0.7671730518341064
0.3603699505329132
0.20018331706523895
0.44800910353660583
0.623270571231842
0.2224670648574829
0.9211374521255493
0.14659379422664642
0.19040651619434357
0.09532320499420166
0.784764289855957
0.47643521428108215
0.9561419486999512
0.09799285978078842
0.6614750027656555
0.9232444763183594
0.20785026252269745
0.03647514060139656
0.19163614511489868
0.02373303845524788
0.17622943222522736
0.43833160400390625
0.6279651522636414
0.7025266289710999
0.7684293389320374
0.37170860171318054
0.1800048053264618
0.5695863962173462
0.6159616708755493
0.7736093401908875
0.8054185509681702
0.4271412193775177
0.7698520421981812
0.3212601840496063
0.010063715279102325
0.5932286381721497
0.38739296793937683
0.5480173826217651
0.13190096616744995
0.9829742908477783
0.5498790144920349
0.4503151774406433
0.51032555103302
0.7871119976043701
0.49341514706611633
0.8832699060440063
0.4489690661430359
0.5544043779373169
0.6292926669120789
0.6542357206344604
0.28268739581108093
0.2515099346637726
0.5308054685592651
0.8428945541381836
0.14020192623138428
0.4913522005081177
0.7826113104820251
0.2909799814224243
0.6512245535850525
0.8923816680908203
0.0068600294180214405
0.302774578332901
0.48447930812835693
0.5487132668495178
0.8011678457260132
0.9716700911521912
0.3584699332714081
0.250825434923172
0.15023157000541687
0.618678092956543
0.859277606010437
0.3111012876033783
0.4282359480857849
0.5065604448318481
0.5286974906921387
0.9901187419891357
0.0028833686374127865
0.01829468458890915
0.42358314990997314
0.6806322932243347
0.6318225264549255
0.4834885001182556
0.1912303864955902
0.1830519288778305
0.44504299759864807
0.30729788541793823
0.4183696210384369
0.845686674118042
0.20654933154582977
0.9545192122459412
0.3777964413166046
0.6512905955314636
0.13806287944316864
0.969819962978363
0.05573168024420738
0.5330215096473694
0.2670873999595642
0.725646436214447
0.5496524572372437
0.3607991337776184
0.64948570728302
0.07354339957237244
0.5849267244338989
0.8634657859802246
0.6784061789512634
0.5726422667503357
0.596899688243866
0.16026423871517181
0.21006497740745544
0.9817838072776794
0.6584197878837585
0.22107447683811188
0.3333890736103058
0.5763018727302551
0.1166587769985199
0.3861039876937866
0.8450006246566772
0.1313561052083969
0.3706442415714264
0.06914261728525162
0.9228502511978149
0.521634042263031
0.4188821017742157
0.5702237486839294
0.8170266151428223
0.9656038880348206
0.24842368066310883
0.764592170715332
0.6602070927619934
0.451722651720047
0.5289706587791443
0.3438332974910736
0.15126000344753265
0.9502331018447876
0.2362367957830429
0.3118000328540802
0.003248184220865369
0.9407063126564026
0.4516923725605011
0.6695619225502014
0.9050779938697815
0.5308018922805786
0.534277617931366
0.8727360963821411
0.9883562922477722
0.19262759387493134
0.7135745882987976
0.6419342160224915
0.010432451963424683
0.08088485896587372
0.40644964575767517
0.18121440708637238
0.020853662863373756
0.7658873796463013
0.5447525978088379
0.3900946378707886
0.5741866827011108
0.5006313920021057
0.9811334609985352
0.6344447731971741
0.5352840423583984
0.4140719473361969
0.48954668641090393
0.761680006980896
0.37564125657081604
0.9067499041557312
0.5739449858665466
0.8580110669136047
0.31957292556762695
0.25104281306266785
0.42823874950408936
0.6393194198608398
0.6494238972663879
0.5282144546508789
0.33163532614707947
0.5599283576011658
0.8852246999740601
0.6299245953559875
0.2048264443874359
0.9681296944618225
0.755368173122406
0.7909060120582581
0.7959115505218506
0.6010473370552063
0.9500328302383423
0.6631028056144714
0.32502245903015137
0.18032611906528473
0.8074033260345459
0.5053765773773193
0.32697632908821106
0.8015211224555969
0.2580679953098297
0.24066364765167236
0.9433829188346863
0.49123239517211914
0.432547926902771
0.79536372423172
0.3899190127849579
0.9908446669578552
0.4981563091278076
0.1640251725912094
0.8226056098937988
0.8676469326019287
0.4831256866455078
0.4457518458366394
0.7594980597496033
0.37141597270965576
0.13788777589797974
0.8819418549537659
0.7729859948158264
0.12494519352912903
0.2789995074272156
0.9149308204650879
0.5018027424812317
0.36567220091819763
0.4682042598724365
0.9020112156867981
0.9587860703468323
0.35042232275009155
0.5167940258979797
0.07410308718681335
0.18111902475357056
0.35165897011756897
0.18130318820476532
0.663443922996521
0.9331831932067871
0.8366237282752991
0.5945494771003723
0.06772183626890182
0.12856951355934143
0.5400051474571228
0.9105499982833862
0.6544106602668762
0.7803527116775513
0.10093297064304352
0.27291014790534973
0.6813474297523499
0.8613494038581848
0.5279606580734253
0.2095637023448944
0.219858318567276
0.9230911135673523
0.4929218292236328
0.16629548370838165
0.6498168110847473
0.426508367061615
0.022770745679736137
0.38623765110969543
0.5386449694633484
0.5480951070785522
0.9744764566421509
0.23863819241523743
0.5438640713691711
0.7335295081138611
0.9522922039031982
0.48964422941207886
0.9897075891494751
0.02106735110282898
0.6377870440483093
0.6330419778823853
0.2932896614074707
0.308692991733551
0.8938806056976318
0.5713382959365845
0.04756474494934082
0.6109488010406494
0.8677276372909546
0.17700354754924774
0.7997431755065918
0.7516237497329712
0.6071930527687073
0.9357659220695496
0.27110254764556885
0.6222997307777405
0.8495047092437744
0.11748567968606949
0.579036295413971
0.5735650062561035
0.9356002807617188
0.7641654014587402
0.7532082796096802
0.5854937434196472
0.3647860288619995
0.7191574573516846
0.3166138827800751
0.6913002133369446
0.761172354221344
0.5550805330276489
0.5558844208717346
0.2107021063566208
0.7955565452575684
0.673803985118866
0.4300455152988434
0.2033042013645172
0.521449625492096
0.2291700392961502
0.04902753606438637
0.5561386346817017
0.8868646621704102
0.05585290864109993
0.3673798143863678
0.315229594707489
0.9626426696777344
0.1199445128440857
0.9647689461708069
0.322757750749588
0.17712751030921936
0.8974865078926086
0.1510261595249176
0.4709911048412323
0.9449742436408997
0.8780215382575989
0.9733834862709045
0.1995902806520462
0.0006972844712436199
0.2323005497455597
0.9470700025558472
0.517598569393158
0.48297616839408875
0.9532747268676758
0.7223725914955139
0.9934396743774414
0.04199616238474846
0.27053651213645935
0.49606427550315857
0.7977402210235596
0.25308889150619507
0.5765811204910278
0.6845201849937439
0.8527054786682129
0.895016074180603
0.0991768091917038
0.8307353854179382
0.8980920314788818
0.9116079211235046
0.7137241959571838
0.7389580607414246
0.6712784171104431
0.5985091328620911
0.2272312045097351
0.5492745041847229
0.8556988835334778
0.029157334938645363
0.9467672109603882
0.009784532710909843
0.39798831939697266
0.3997572362422943
0.08828835934400558
0.028053632006049156
0.26949116587638855
0.22524213790893555
0.9663179516792297
0.7093420028686523
0.8517918586730957
0.18186195194721222
0.26844534277915955
0.5757352113723755
0.23802104592323303
0.15378493070602417
0.40081366896629333
0.2811942398548126
0.24820786714553833
0.414698988199234
0.41488951444625854
0.7806578278541565
0.9856978058815002
0.9877387285232544
0.7477340698242188
0.8252657651901245
0.15324896574020386
0.02056725323200226
0.17434139549732208
0.8287547826766968
0.08703675121068954
0.07801361382007599
0.7105135917663574
0.6333386301994324
0.7364187836647034
0.39733824133872986
0.6850653886795044
0.2242904007434845
0.22752298414707184
0.508012592792511
0.5246250033378601
0.6715079545974731
0.13492996990680695
0.95885169506073
0.47134631872177124
0.6727879047393799
0.2944333553314209
0.058340027928352356
0.09978274255990982
0.05940030887722969
0.2094188630580902
0.45641595125198364
0.7407206892967224
0.1612217277288437
0.08759064972400665
0.11255232989788055
0.08325641602277756
0.23477420210838318
0.5597997903823853
0.14775316417217255
0.513516366481781
0.3734787106513977
0.16002781689167023
0.4372137188911438
0.0992305725812912
0.7768656611442566
0.9303262829780579
0.9786471128463745
0.17545072734355927
0.2023865133523941
0.5161225199699402
0.18554337322711945
0.6094420552253723
0.711398184299469
0.5343350768089294
0.9018437266349792
0.08945925533771515
0.8540681600570679
0.951756477355957
0.37802988290786743
0.4880889654159546
0.9715121984481812
0.8066512942314148
0.965146005153656
0.029403910040855408
0.2073265016078949
0.24388602375984192
0.8130173683166504
0.3700673580169678
0.6265004277229309
0.3889920711517334
0.7553392648696899
0.29058247804641724
0.6003643870353699
0.666588544845581
0.8911318182945251
0.8482888340950012
0.9487918615341187
0.33765214681625366
0.781731367111206
0.608420193195343
0.4992675185203552
0.11226364970207214
0.4464517831802368
0.38662153482437134
0.4197060465812683
0.1468963474035263
0.7345213890075684
0.6766414642333984
0.016850389540195465
0.37054207921028137
0.8886426687240601
0.004513195250183344
0.551364541053772
0.14694945514202118
0.9452689290046692
0.7379264831542969
0.3584671914577484
0.03624479100108147
0.5462101101875305
0.30141666531562805
0.15752746164798737
0.12086015939712524
0.7028258442878723
0.018241429701447487
0.5399408936500549
0.21607990562915802
0.8549646139144897
0.32017481327056885
0.10022284090518951
0.13337856531143188
0.1060381829738617
0.77858966588974
0.6518490314483643
0.6171696782112122
0.8388736248016357
0.35760802030563354
0.5820909738540649
0.8138197064399719
0.7870836853981018
0.7270112633705139
0.31149035692214966
0.9310707449913025
0.35362792015075684
0.44105222821235657
0.7515970468521118
0.6773838996887207
0.604207456111908
0.837648332118988
0.19584013521671295
0.6840551495552063
0.7188155651092529
0.7626133561134338
0.5115541815757751
0.23540911078453064
0.34574905037879944
0.37151801586151123
0.48142147064208984
0.6682593822479248
0.9398856163024902
0.35924726724624634
0.9101134538650513
0.6492733359336853
0.21341264247894287
0.568622887134552
0.4471484422683716
0.37330958247184753
0.26778191328048706
0.02563478611409664
0.2441631406545639
0.12115968018770218
0.07606015354394913
0.18368291854858398
0.7056481242179871
0.29515770077705383
0.6681075096130371
0.006142513360828161
0.9867917895317078
0.6848493218421936
0.7105286717414856
0.24805761873722076
0.2283126562833786
0.7013326287269592
0.16170981526374817
0.476483553647995
0.9742873311042786
0.23155759274959564
0.8999282121658325
0.4886130690574646
0.21491818130016327
0.5577006936073303
0.9167389869689941
0.32653483748435974
0.3621782958507538
0.7069576382637024
0.6015589833259583
0.3975135385990143
0.27297061681747437
0.18917497992515564
0.5432873368263245
0.12925787270069122
0.7927921414375305
0.30764615535736084
0.7746706604957581
0.3213295042514801
0.403058797121048
0.5894990563392639
0.4981086552143097
0.6658498048782349
0.7213546633720398
0.7036293148994446
0.514879584312439
0.3794875741004944
0.2845589220523834
0.14557458460330963
0.6800851821899414
0.29432427883148193
0.6722540259361267
0.7554815411567688
0.8100660443305969
0.17753536999225616
0.32740628719329834
0.9318650960922241
0.5251024961471558
0.2201504409313202
0.10444188863039017
0.3509339690208435
0.3589698076248169
0.7051957249641418
0.07636445760726929
0.8019246459007263
0.5468921065330505
0.5094571709632874
0.38200125098228455
0.10870981216430664
0.04568091407418251
0.2064151018857956
0.501446008682251
0.04892820492386818
0.3225352168083191
0.06372219324111938
0.47889217734336853
0.4431418180465698
0.5743595361709595
0.5625484585762024
0.08106141537427902
0.21331895887851715
0.003888620063662529
0.14444628357887268
0.53780198097229
0.4101291298866272
0.5501774549484253
0.7226804494857788
0.8016945123672485
0.7389417886734009
0.8372333645820618
0.2919025123119354
0.88909512758255
0.0071425409987568855
0.16196605563163757
0.3587411642074585
0.36753061413764954
0.3591470420360565
0.37053170800209045
0.6371443867683411
0.9180483818054199
0.21264563500881195
0.3811689019203186
0.16400562226772308
0.03192118555307388
0.9055321216583252
0.9233609437942505
0.04819449037313461
0.3042978346347809
0.9266750812530518
0.25269362330436707
0.2287631332874298
0.9496970176696777
0.2700665593147278
0.5843011140823364
0.6567529439926147
0.45580124855041504
0.8359941244125366
0.8224001526832581
0.6577997803688049
0.33784353733062744
0.6654704213142395
0.9139224290847778
0.5752830505371094
0.91575688123703
0.9715420007705688
0.8791175484657288
0.46733608841896057
0.8956707715988159
0.5775272250175476
0.7596559524536133
0.8612611293792725
0.08619359880685806
0.5440022349357605
0.986657977104187
0.5711750984191895
0.6319153904914856
0.5602688193321228
0.10149741172790527
0.5971531271934509
0.8944863080978394
0.34993743896484375
0.9963497519493103
0.8391246199607849
0.6356830596923828
0.6163029074668884
0.6987279057502747
0.7313454747200012
0.6003537178039551
0.2785961925983429
0.6661099195480347
0.01151141058653593
0.24869124591350555
0.8121885657310486
0.7669418454170227
0.7867445349693298
0.3812369108200073
0.037253204733133316
0.6925963759422302
0.5239138007164001
0.46073687076568604
0.9317999482154846
0.1895899623632431
0.6483762860298157
0.7288693785667419
0.5228167176246643
0.9924601912498474
0.6527627110481262
0.9920651316642761
0.5465537905693054
0.3255353569984436
0.3019607663154602
0.3131583631038666
0.7870340347290039
0.05953225493431091
0.9812918305397034
0.31339219212532043
0.8568845391273499
0.593895435333252
0.6745699644088745
0.7155345678329468
0.3698289096355438
0.3203156590461731
0.5545196533203125
0.4856463074684143
0.3872292637825012
0.4225415885448456
0.13061074912548065
0.500056266784668
0.6445702910423279
0.6703677773475647
0.9310696721076965
0.8251410722732544
0.25926557183265686
0.029229216277599335
0.25302401185035706
0.8904861807823181
0.5962980389595032
0.9437660574913025
0.3882095515727997
0.2796992361545563
0.6185216903686523
0.9113394021987915
0.12239227443933487
0.021296897903084755
0.8573663234710693
0.9951430559158325
0.5443618297576904
0.008685301057994366
0.10460558533668518
0.585162878036499
0.7470903396606445
0.88157057762146
0.9412339329719543
0.43231379985809326
0.8678861856460571
0.6822216510772705
0.639595091342926
0.39847731590270996
0.1287662237882614
0.6533387899398804
0.6713880896568298
0.48665595054626465
0.9143770337104797
0.6949247121810913
0.6997460126876831
0.2719809412956238
0.3979615867137909
0.45008209347724915
0.32841864228248596
0.6371682286262512
0.46458354592323303
0.6915549039840698
0.5381047129631042
0.5794984698295593
0.1395292729139328
0.18172910809516907
0.5290574431419373
0.5051039457321167
0.5147056579589844
0.760788083076477
0.043203193694353104
0.05118270218372345
0.11662504822015762
0.06753679364919662
0.35100504755973816
0.4495401978492737
0.8963661789894104
0.21723584830760956
0.6961705088615417
0.1811027079820633
0.9932852983474731
0.4128192961215973
0.7648990154266357
0.6648315787315369
0.4191405177116394
0.4866062104701996
0.7260580658912659
0.10239513963460922
0.1414474993944168
0.26923710107803345
0.667563796043396
0.6387978792190552
0.6634971499443054
0.6229389309883118
0.46775022149086
0.3344564437866211
0.4945968985557556
0.9932637214660645
0.2856524884700775
0.30770814418792725
0.22125603258609772
0.9434096217155457
0.08731590956449509
0.2731512486934662
0.7797995209693909
0.5643925070762634
0.7274027466773987
0.9708322882652283
0.004345855675637722
0.4525257647037506
0.030294377356767654
0.20735129714012146
0.046600762754678726
0.2935461401939392
0.7308149337768555
0.15873754024505615
0.1777486950159073
0.06211613863706589
0.8539058566093445
0.9263325929641724
0.012446400709450245
0.8934938311576843
0.35711950063705444
0.6938846111297607
0.5568183064460754
0.6301098465919495
0.30726441740989685
0.8973749279975891
0.2333637923002243
0.5558931827545166
0.7579915523529053
0.7539750337600708
0.1540113091468811
0.24323150515556335
0.3496892750263214
0.937305748462677
0.07190653681755066
0.26065412163734436
0.49018004536628723
0.7957397103309631
0.8521872162818909
0.3279433250427246
0.506476104259491
0.2799493074417114
0.698212742805481
0.5705874562263489
0.9736527800559998
0.10220556706190109
0.4767281115055084
0.7366012334823608
0.5158472657203674
0.14138707518577576
0.07216443121433258
0.6897685527801514
0.13610874116420746
0.33964803814888
0.49570345878601074
0.4439835250377655
0.4828881025314331
0.21977774798870087
0.5215677618980408
0.5298977494239807
0.3151482343673706
0.9366060495376587
0.49433720111846924
0.42438676953315735
0.7322695851325989
0.8016877770423889
0.9499927163124084
0.18098916113376617
0.6488959789276123
0.8220412135124207
0.07789331674575806
0.4637581408023834
0.7139880657196045
0.4423397481441498
0.07287921011447906
0.4200249910354614
0.01204508077353239
0.787645161151886
0.6923522353172302
0.19866666197776794
0.6934540867805481
0.9992525577545166
0.5991947650909424
0.6365293264389038
0.022880660369992256
0.36000919342041016
0.8593809008598328
0.9255439639091492
0.9235996007919312
0.36052343249320984
0.33221790194511414
0.3615092933177948
0.4845286011695862
0.5489881038665771
0.007471275981515646
0.07391935586929321
0.6314660310745239
0.5971476435661316
0.34013789892196655
0.2759418785572052
0.41709426045417786
0.8846985101699829
0.7916396260261536
0.955843448638916
0.954953670501709
0.6109235286712646
0.017346879467368126
0.6145430207252502
0.458965539932251
0.6484499573707581
0.6467548608779907
0.6700009703636169
0.015015717595815659
0.6469359993934631
0.8340092301368713
0.26433947682380676
0.9749864339828491
0.9217821955680847
0.31306514143943787
0.6071640253067017
0.44784635305404663
0.4784219264984131
0.6058036088943481
0.9973335266113281
0.7022863030433655
0.12493668496608734
0.33369696140289307
0.8286776542663574
0.07410241663455963
0.5729663968086243
0.1436661183834076
0.7536720633506775
0.3598938584327698
0.4742569029331207
0.32269275188446045
0.24094174802303314
0.5149399042129517
0.9419794678688049
0.8569310307502747
0.750051736831665
0.9623623490333557
0.7714047431945801
0.1102941483259201
0.050407327711582184
0.9263767004013062
0.7084804773330688
0.09650564938783646
0.19521014392375946
0.34563905000686646
0.5183985233306885
0.6458983421325684
0.5608968138694763
0.016709668561816216
0.928098201751709
0.40793660283088684
0.23505620658397675
0.07173646241426468
0.25616759061813354
0.619106113910675
0.987688422203064
0.5749110579490662
0.8824754953384399
0.6650540828704834
0.21312595903873444
0.08288834244012833
0.5781892538070679
0.24969246983528137
0.8918329477310181
0.8082394003868103
0.8796965479850769
0.8288572430610657
0.7176018953323364
0.8793686032295227
0.6690897941589355
0.13792580366134644
0.250427782535553
0.46505075693130493
0.9100263118743896
0.8528701066970825
0.8074414730072021
0.9818476438522339
0.25432276725769043
0.6428775191307068
0.19595080614089966
0.4736272394657135
0.16395673155784607
0.7273716926574707
0.5591973662376404
0.3590892553329468
0.25254401564598083
0.8896455764770508
0.9278632402420044
0.7020370364189148
0.49136385321617126
0.6284956932067871
0.30931466817855835
0.8522182703018188
0.44412723183631897
0.9736578464508057
0.10251414775848389
0.13566216826438904
0.17671601474285126
0.5808238983154297
0.11374106258153915
0.9035614728927612
0.5866963267326355
0.9359317421913147
0.6574952602386475
0.2937908172607422
0.003012030618265271
0.3912414014339447
0.46923133730888367
0.8086674809455872
0.42615851759910583
0.33536282181739807
0.9339743256568909
0.9711772799491882
0.4301176071166992
0.3932541608810425
0.1605786681175232
0.07938359677791595
0.7669460773468018
0.1654919683933258
0.6339646577835083
0.7260379195213318
0.5485019683837891
0.38723403215408325
0.799471378326416
0.8530699014663696
0.5486792922019958
0.5435430407524109
0.8629408478736877
0.8284719586372375
0.8993658423423767
0.34548360109329224
0.7550122141838074
0.1998680979013443
0.650377094745636
0.9005945920944214
0.8270446062088013
0.8726226687431335
0.3203366696834564
0.03853471949696541
0.8780630230903625
0.4994357228279114
0.6315977573394775
0.22963520884513855
0.17172680795192719
0.17213448882102966
0.22072550654411316
0.8987419009208679
0.2646275460720062
0.28722795844078064
0.8373931050300598
0.4111933708190918
0.6480813026428223
0.6214162111282349
0.2773584723472595
0.18482545018196106
0.3685566782951355
0.2869352102279663
0.9944397211074829
0.7350482940673828
0.565412163734436
0.7636945843696594
0.8295143842697144
0.5022849440574646
0.6082111597061157
0.1878771334886551
0.3918350636959076
0.22197674214839935
0.75648033618927
0.11605492979288101
0.6285063028335571
0.26246386766433716
0.48526281118392944
0.6804246306419373
0.8265430331230164
0.8684995770454407
0.6711108088493347
0.49320894479751587
0.9219834208488464
0.24711482226848602
0.8870949745178223
0.10544315725564957
0.05107216536998749
0.1900501549243927
0.22835779190063477
0.6166309118270874
0.2896892726421356
0.5247585773468018
0.5296114087104797
0.0014312447747215629
0.11786593496799469
0.7921499013900757
0.8764495253562927
0.9098014235496521
0.49549347162246704
0.9580604434013367
0.47610384225845337
0.3573322892189026
0.9646579623222351
0.3856596052646637
0.16995421051979065
0.16624575853347778
0.5787556767463684
0.006815798580646515
0.4779587686061859
0.37043508887290955
0.043989185243844986
0.6936845183372498
0.9791802763938904
0.19128863513469696
0.19658797979354858
0.022257758304476738
0.26756536960601807
0.22681747376918793
0.5983508825302124
0.17624084651470184
0.41487377882003784
0.49967676401138306
0.8430435657501221
0.644366979598999
0.7259098887443542
0.6601824760437012
0.8839389085769653
0.49948859214782715
0.2454659640789032
0.42139819264411926
0.48404011130332947
0.37183877825737
0.5438406467437744
0.7689999938011169
0.7324764728546143
0.23997217416763306
0.12444945424795151
0.6971493363380432
0.1818820834159851
0.1301208734512329
0.29429224133491516
0.8829905390739441
0.045075032860040665
0.113080695271492
0.2370578646659851
0.16380955278873444
0.08955570310354233
0.17804929614067078
0.0724358856678009
0.41227126121520996
0.4605278968811035
0.669468343257904
0.2022450566291809
0.8336960673332214
0.14627523720264435
0.5775202512741089
0.5805635452270508
0.9715299010276794
0.6149003505706787
0.3700893223285675
0.4368627369403839
0.8645187616348267
0.12088093906641006
0.42745134234428406
0.5036786794662476
0.9048687219619751
0.4420620799064636
0.162912517786026
0.49541765451431274
0.6296828389167786
0.8118240237236023
0.17458654940128326
0.48430272936820984
0.27237093448638916
0.4207648038864136
0.5110515356063843
0.3244905471801758
0.29751473665237427
0.6055988669395447
0.16604509949684143
0.3842475414276123
0.2808571755886078
0.718814492225647
0.31745824217796326
0.0317370742559433
0.5526298880577087
0.1486329883337021
0.8386752605438232
0.4229176342487335
0.3271738886833191
0.8830386996269226
0.9864173531532288
0.8884993195533752
0.036955587565898895
0.05767271667718887
0.2378711998462677
0.1084568127989769
0.27944666147232056
0.7093087434768677
0.5421391129493713
0.3224564492702484
0.6062307357788086
0.6147863864898682
0.3037482798099518
0.542664647102356
0.8445601463317871
0.7708354592323303
0.46377167105674744
0.5274749994277954
0.4175862669944763
0.6008594632148743
0.5624383091926575
0.5216796398162842
0.6318404674530029
0.8003998398780823
0.5081339478492737
0.46033069491386414
0.8809108138084412
0.19243870675563812
0.11186812072992325
0.9528449177742004
0.8278389573097229
0.35754337906837463
0.7309243083000183
0.8068544268608093
0.7155258059501648
0.04953881725668907
0.09626075625419617
0.8883699178695679
0.3418233096599579
0.7185835838317871
0.9131839275360107
0.9461497068405151
0.051796913146972656
0.2755167484283447
0.18692323565483093
0.6523458957672119
0.09217384457588196
0.39397892355918884
0.4137881100177765
0.9195694327354431
0.19983166456222534
0.27693039178848267
0.4762696325778961
0.3860175907611847
0.7178515195846558
0.9570444822311401
0.5260112881660461
0.10474354028701782
0.15780386328697205
0.7089405059814453
0.34685415029525757
0.1785467565059662
0.9522488117218018
0.1161944791674614
0.03297576680779457
0.8849042057991028
0.029042692855000496
0.5479723811149597
0.6052125096321106
0.437354177236557
0.8414617776870728
0.34742966294288635
0.6347521543502808
0.8079875707626343
0.6715623140335083
0.6567028164863586
0.08047505468130112
0.24533893167972565
0.39629480242729187
0.8678627014160156
0.5180680155754089
0.3658110201358795
0.19810622930526733
0.18683475255966187
0.047636307775974274
0.3309747576713562
0.6439703702926636
0.12778757512569427
0.5250988006591797
0.056224822998046875
0.7644376158714294
0.10469548404216766
0.8964577913284302
0.8874393701553345
0.7644662857055664
0.9802608489990234
0.8005355000495911
0.11524230241775513
0.9193069934844971
0.8638190627098083
0.9510689377784729
0.2980298101902008
0.6710793375968933
0.6846408843994141
0.6126005053520203
0.3565834164619446
0.2424333542585373
0.5920679569244385
0.16349582374095917
0.1936686635017395
0.8526696562767029
0.05736440047621727
0.18188613653182983
0.9823638796806335
0.9964156150817871
0.4568958580493927
0.18796424567699432
0.8256188035011292
0.1644202172756195
0.2028103917837143
0.4053645133972168
0.7957074642181396
0.5488002300262451
0.3698265552520752
0.6570829749107361
0.8110084533691406
0.08985330164432526
0.5655636787414551
0.5254135727882385
0.177060067653656
0.7638370394706726
0.2937857210636139
0.9519407153129578
0.5972800254821777
0.32913312315940857
0.2550116181373596
0.6098661422729492
0.8960376977920532
0.22770023345947266
0.8926836848258972
0.40424948930740356
0.3397276699542999
0.8691945672035217
0.5446429252624512
0.486064612865448
0.32218432426452637
0.7311082482337952
0.3765811026096344
0.9952792525291443
0.5752052068710327
0.9306091666221619
0.990149199962616
0.40952420234680176
0.04574713483452797
0.1594993770122528
0.00028481276240199804
0.17151664197444916
0.47325316071510315
0.1744617074728012
0.718174397945404
0.20622758567333221
0.9223049879074097
0.5365065932273865
0.01970295049250126
0.9698776602745056
0.7568336129188538
0.46991440653800964
0.48942890763282776
0.5371159911155701
0.555273175239563
0.4871175289154053
0.6156483292579651
0.61702561378479
0.3450908958911896
0.5289428234100342
0.8001707196235657
0.20884370803833008
0.25721275806427
0.35787490010261536
0.6639896631240845
0.3216250240802765
0.16896870732307434
0.12036575376987457
0.17376114428043365
0.6814008355140686
0.13606256246566772
0.651041567325592
0.5998096466064453
0.5877194404602051
0.0005837382050231099
0.9460729956626892
0.06259211152791977
0.3030351996421814
0.4480758309364319
0.8573066592216492
0.8223164677619934
0.9168059229850769
0.9719892144203186
0.39450323581695557
0.7206071615219116
0.5018576979637146
0.8834192156791687
0.18223103880882263
0.628611147403717
0.4448802173137665
0.11125003546476364
0.24243520200252533
0.07135021686553955
0.3072774112224579
0.917392373085022
0.22577859461307526
0.36864471435546875
0.2065759003162384
0.551843523979187
0.5658924579620361
0.2717839181423187
0.41786205768585205
0.2248074859380722
0.5770356059074402
0.6018725633621216
0.6283444166183472
0.6620599031448364
0.7880009412765503
0.5489152073860168
0.04520383104681969
0.7127639055252075
0.8254044055938721
0.0396934449672699
0.22539882361888885
0.3178589940071106
0.9437495470046997
0.09738215059041977
0.3825225830078125
0.8088188767433167
0.6992422938346863
0.3203071355819702
0.4176321029663086
0.9608472585678101
0.11878418177366257
0.25749191641807556
0.4966074824333191
0.014374267309904099
0.2018386870622635
0.5470130443572998
0.2742135226726532
0.11639551818370819
0.09716243296861649
0.9713689684867859
0.5931812524795532
0.08906383067369461
0.5775867104530334
0.9590687155723572
0.4524705708026886
0.748511791229248
0.8911478519439697
0.9180945754051208
0.08964283019304276
0.8223633766174316
0.8686726093292236
0.9959835410118103
0.5431347489356995
0.30928748846054077
0.9556172490119934
0.6660679578781128
0.5750204920768738
0.5764977931976318
0.8615781664848328
0.7552769184112549
0.4152849316596985
0.9153808355331421
0.24308720231056213
0.8572563529014587
0.2011091113090515
0.3753581941127777
0.7853756546974182
0.5892398357391357
0.3344665467739105
0.556536853313446
0.7118673324584961
0.20097339153289795
0.8281401991844177
0.7123405337333679
0.7622078657150269
0.23793606460094452
0.11737626791000366
0.022836467251181602
0.6638892292976379
0.336313933134079
0.6836376786231995
0.8978989720344543
0.8691965937614441
0.5339992642402649
0.33590489625930786
0.6981368064880371
0.6427603960037231
0.23951902985572815
0.061369750648736954
0.4678466022014618
0.17014069855213165
0.7236364483833313
0.45823419094085693
0.10875917226076126
0.01051772478967905
0.9538317918777466
0.42276743054389954
0.7480723857879639
0.5178410410881042
0.7166959047317505
0.21829210221767426
0.14851370453834534
0.7331920862197876
0.8837988972663879
0.46680864691734314
0.22100752592086792
0.25293537974357605
0.5203567147254944
0.9370763897895813
0.484243243932724
0.09266956150531769
0.8905060887336731
0.747562050819397
0.2342219054698944
0.37238970398902893
0.8903779983520508
0.8030217289924622
0.4253832697868347
0.18610483407974243
0.0010035153245553374
0.49747854471206665
0.6852341294288635
0.9926250576972961
0.2676050066947937
0.4353810250759125
0.0358087494969368
0.03558902442455292
0.8104212880134583
0.8441344499588013
0.16037097573280334
0.5808020234107971
0.08935681730508804
0.12829901278018951
0.49445095658302307
0.2063155323266983
0.767951250076294
0.36103901267051697
0.10481473803520203
0.10911852866411209
0.5456647276878357
0.21129515767097473
0.056336741894483566
0.8892236351966858
0.051212240010499954
0.7932301759719849
0.8403719067573547
0.9429888725280762
0.7559620141983032
0.9140244126319885
0.3992023169994354
0.12527123093605042
0.361407607793808
0.34558194875717163
0.8473061919212341
0.862241804599762
0.2312387377023697
0.12369324266910553
0.545192301273346
0.808277428150177
0.9354366660118103
0.3081531524658203
0.6082174777984619
0.8155742883682251
0.5092650055885315
0.966675877571106
0.005512786563485861
0.47706112265586853
0.955990195274353
0.07751824706792831
0.3090655505657196
0.8979031443595886
0.8974945545196533
0.25549814105033875
0.35732024908065796
0.9822105169296265
0.6647282838821411
0.32399260997772217
0.9932084083557129
0.9967395067214966
0.47501179575920105
0.31909626722335815
0.9748265147209167
0.799477219581604
0.7184474468231201
0.14115604758262634
0.7283163666725159
0.09662603586912155
0.6023865342140198
0.9229134917259216
0.10306818783283234
0.15647214651107788
0.889321506023407
0.6386785507202148
0.9944965839385986
0.3006490468978882
0.3199540674686432
0.1857926845550537
0.8877021670341492
0.5480435490608215
0.6160540580749512
0.19209133088588715
0.24421583116054535
0.8220365047454834
0.3796905279159546
0.5133216381072998
0.6538344621658325
0.992160439491272
0.10871914029121399
0.22315512597560883
0.8674687147140503
0.7842477560043335
0.4641474187374115
0.6427196860313416
0.7425429224967957
0.23912201821804047
0.8495304584503174
0.15850383043289185
0.26188626885414124
0.9565869569778442
0.033682577311992645
0.09565356373786926
0.029477950185537338
0.6757655739784241
0.32331910729408264
0.37463250756263733
0.7308364510536194
0.9792962670326233
0.8054182529449463
0.9251524209976196
0.8838446736335754
0.6359057426452637
0.7853240966796875
0.3338107168674469
0.5308572053909302
0.25793540477752686
0.3322049677371979
0.8742121458053589
0.8658181428909302
0.31565797328948975
0.07590575516223907
0.6619518399238586
0.4899423122406006
0.3138027489185333
0.3637939691543579
0.7420309782028198
0.7797398567199707
0.6091901659965515
0.8768334984779358
0.8237194418907166
0.3142986297607422
0.21383830904960632
0.9064992070198059
0.12760068476200104
0.05909118801355362
0.03734694793820381
0.49703630805015564
0.764289140701294
0.12238585203886032
0.11693303287029266
0.7064537405967712
0.6780281066894531
0.5210942625999451
0.2412251979112625
0.2355138510465622
0.7624837756156921
0.2834393084049225
0.41615551710128784
0.6726829409599304
0.1856037974357605
0.7970525026321411
0.05410011485219002
0.20528855919837952
0.7290212512016296
0.3891538679599762
0.7071405649185181
0.007659072522073984
0.46537938714027405
0.32227975130081177
0.7782126069068909
0.8825628161430359
0.0005595144466497004
0.4150290787220001
0.0860496535897255
0.2945114076137543
0.5854109525680542
0.01020406186580658
0.3506702482700348
0.14385364949703217
0.11805932968854904
0.905120313167572
0.8991379141807556
0.9865024089813232
0.17033344507217407
0.5213139653205872
0.8464546799659729
0.8720171451568604
0.8864861130714417
0.3256194293498993
0.5053807497024536
0.7272842526435852
0.5818069577217102
0.7443761825561523
0.7816513180732727
0.10307010263204575
0.1698785275220871
0.1727219969034195
0.370141863822937
0.2348535805940628
0.7534166574478149
0.694618284702301
0.671362042427063
0.14066463708877563
0.44129982590675354
0.4766915440559387
0.18667910993099213
0.8189055919647217
0.5885045528411865
0.28688284754753113
0.6104903221130371
0.13633698225021362
0.5612955689430237
0.41475990414619446
0.8036152720451355
0.8934456706047058
0.5121042132377625
0.6296367049217224
0.7754576206207275
0.8803137540817261
0.03480219841003418
0.9309779405593872
0.7695953845977783
0.2873462736606598
0.5921085476875305
0.7530725598335266
0.09985637664794922
0.904438316822052
0.003045768477022648
0.4835083484649658
0.361374169588089
0.27812379598617554
0.31667596101760864
0.9491143226623535
0.8638558983802795
0.6198122501373291
0.2556920647621155
0.3921678960323334
0.9304866194725037
0.8270052075386047
0.7754504680633545
0.31196194887161255
0.17592521011829376
0.19669896364212036
0.14246612787246704
0.5134201645851135
0.4155194163322449
0.14017613232135773
0.8601893186569214
0.08555833995342255
0.09606699645519257
0.33348870277404785
0.4147688150405884
0.3258266746997833
0.5903286337852478
0.42091572284698486
0.9784362316131592
0.39119282364845276
0.7406103014945984
0.24098153412342072
0.3574749827384949
0.7384823560714722
0.5907478332519531
0.7794313430786133
0.7051060795783997
0.06254594027996063
0.3708837926387787
0.6163040995597839
0.28470703959465027
0.23698197305202484
0.4123629629611969
0.4045906364917755
0.13905267417430878
0.965847909450531
0.7304472923278809
0.33297160267829895
0.36846762895584106
0.5369803309440613
0.2935638129711151
0.005272966809570789
0.11811255663633347
0.5132191181182861
0.7482239007949829
0.8467941880226135
0.14344988763332367
0.3514511287212372
0.8380690217018127
0.32861554622650146
0.23008665442466736
0.9007148146629333
0.597906768321991
0.03311740607023239
0.3546966016292572
0.8892822265625
0.02474830113351345
0.6315050721168518
0.40579113364219666
0.8417252898216248
0.029718194156885147
0.5135961771011353
0.07627025246620178
0.7640299797058105
0.10829155147075653
0.2353733479976654
0.532561182975769
0.9203857183456421
0.06868357211351395
0.7670719027519226
0.9536242485046387
0.43507200479507446
0.4526866376399994
0.5262158513069153
0.9258485436439514
0.3905986547470093
0.9674158692359924
0.6262249946594238
0.2291231006383896
0.9745467901229858
0.8197042346000671
0.7849210500717163
0.8945402503013611
0.52455073595047
0.4292064607143402
0.18974556028842926
0.03415875881910324
0.37050706148147583
0.32849565148353577
0.08242283016443253
0.7893245816230774
0.4974275231361389
0.6144604682922363
0.6931973099708557
0.04731425642967224
0.24881789088249207
0.9316176772117615
0.6705027222633362
0.38577932119369507
0.5907024145126343
0.6943901181221008
0.8286844491958618
0.5797314643859863
0.9744512438774109
0.3729601502418518
0.3344454765319824
0.22211953997612
0.18681828677654266
0.4901371896266937
0.7396799921989441
0.3160229027271271
0.1841280162334442
0.65221107006073
0.4984942376613617
0.9406464099884033
0.8242900371551514
0.5670557618141174
0.7704935669898987
0.8002634048461914
0.27797195315361023
0.5230382680892944
0.3460391163825989
0.514922022819519
0.4444804787635803
0.6022484302520752
0.5584284067153931
0.6207863092422485
0.0999474823474884
0.16816747188568115
0.01615033484995365
0.7001660466194153
0.09712330996990204
0.1781087964773178
0.2984429597854614
0.36002451181411743
0.996192991733551
0.3722988963127136
0.5706526637077332
0.48031458258628845
0.2837621569633484
0.9727678894996643
0.5704323649406433
0.6144454479217529
0.4647631049156189
0.5050097107887268
0.8662140965461731
0.8389520049095154
0.2504847049713135
0.7489728331565857
0.8413568139076233
0.4184054434299469
0.6128299236297607
0.8626489043235779
0.07731802016496658
0.12419189512729645
0.9023147821426392
0.7161387801170349
0.7913519740104675
0.5001591444015503
0.930335283279419
0.37500157952308655
0.24407953023910522
0.2721961736679077
0.4691503942012787
0.6452545523643494
0.7565208077430725
0.9507712721824646
0.8742899894714355
0.5976501107215881
0.957550585269928
0.032288484275341034
0.32562902569770813
0.031530994921922684
0.883666455745697
0.5108193159103394
0.9065367579460144
0.8502175807952881
0.8851453065872192
0.09197558462619781
0.5796366333961487
0.20211711525917053
0.5831134915351868
0.00409736018627882
0.37952110171318054
0.2297983467578888
0.7362067699432373
0.9011585116386414
0.2386912852525711
0.1809784322977066
0.11078152805566788
0.10223735868930817
0.49061867594718933
0.2786807417869568
0.6370264291763306
0.5184415578842163
0.4164925217628479
0.8906747698783875
0.04966248571872711
0.9674364924430847
0.8611406683921814
0.12083402276039124
0.10513336211442947
0.7951095700263977
0.3041243851184845
0.8103759288787842
0.13748152554035187
0.3763054311275482
0.2716480493545532
0.6011860966682434
0.8178530335426331
0.30694401264190674
0.10329411178827286
0.37121421098709106
0.8993446826934814
0.8966311812400818
0.8459621071815491
0.4504791498184204
0.5020317435264587
0.5338400602340698
0.6586487889289856
0.9966815114021301
0.23065079748630524
0.9202641844749451
0.0662381500005722
0.4838106632232666
0.7908312082290649
0.9203991889953613
0.06756775826215744
0.1783628910779953
0.6346055269241333
0.8484792113304138
0.07504956424236298
0.834956169128418
0.899507462978363
0.6970686912536621
0.4658147692680359
0.518143355846405
0.9167827367782593
0.04414986073970795
0.5546395182609558
0.8630973100662231
0.21746742725372314
0.41956615447998047
0.4386294186115265
0.4372084140777588
0.44199061393737793
0.03706090897321701
0.8851534724235535
0.8788263201713562
0.07999122142791748
0.2583838999271393
0.1652621626853943
0.6598703861236572
0.2622546851634979
0.6581693887710571
0.3963656425476074
0.17868459224700928
0.1250385195016861
0.3152517080307007
0.554385781288147
0.9698268175125122
0.6362224817276001
0.3799779415130615
0.6186749935150146
0.024414505809545517
0.36442336440086365
0.6644740700721741
0.2726544141769409
0.27158641815185547
0.9324220418930054
0.44108861684799194
0.7148935198783875
0.12262098491191864
0.4567874073982239
0.2359437495470047
0.6574439406394958
0.11954457312822342
0.7682729363441467
0.5263550877571106
0.29195043444633484
0.18605168163776398
0.7628440260887146
0.5082184672355652
0.7340294122695923
0.27251845598220825
0.035392217338085175
0.9307823777198792
0.4174439311027527
0.24753956496715546
0.48605844378471375
0.4024784564971924
0.6374348402023315
0.8157684206962585
0.0024733846075832844
0.12707506120204926
0.591942548751831
0.06468980759382248
0.2287449687719345
0.28331050276756287
0.22703015804290771
0.8049337863922119
0.32530418038368225
0.03191251680254936
0.9140903353691101
0.8301350474357605
0.7766097784042358
0.1783723384141922
0.2890840172767639
0.6532935500144958
0.897838294506073
0.748490035533905
0.4944339692592621
0.622958779335022
0.8376677632331848
0.13535535335540771
0.35065758228302
0.4697273373603821
0.3140186369419098
0.5695506930351257
0.6226967573165894
0.01614702120423317
0.6843709945678711
0.05720623582601547
0.4508095979690552
0.22494123876094818
0.556277871131897
0.4094880223274231
0.5578487515449524
0.9383006691932678
0.38973960280418396
0.27030083537101746
0.5906486511230469
0.9086403846740723
0.8420456647872925
0.9580792188644409
0.8867191672325134
0.3666749596595764
0.08067478239536285
0.9340639114379883
0.9634467363357544
0.9227324724197388
0.2770099341869354
0.1596863865852356
0.8181865811347961
0.9578254818916321
0.07510697096586227
0.6665032505989075
0.8171555995941162
0.02061951532959938
0.9915582537651062
0.4749731123447418
0.9683862924575806
0.3176976442337036
0.01876334846019745
0.7769619226455688
0.05760181322693825
0.840194582939148
0.576789140701294
0.14613957703113556
0.9642064571380615
0.14346088469028473
0.9607155323028564
0.6582361459732056
0.9940442442893982
0.6221018433570862
0.727679431438446
0.5530442595481873
0.7922242879867554
0.4129447937011719
0.9123297929763794
0.4740622937679291
0.46652641892433167
0.35347962379455566
0.29665741324424744
0.5527322888374329
0.0330505296587944
0.007708642166107893
0.1799289733171463
0.7090356349945068
0.7271018624305725
0.6730026006698608
0.06666982173919678
0.9200628995895386
0.07626092433929443
0.14604076743125916
0.26150017976760864
0.6141930222511292
0.7027227878570557
0.8768166899681091
0.1889125257730484
0.19640107452869415
0.5176874995231628
0.7821877598762512
0.07668246328830719
0.6152060627937317
0.4657050669193268
0.44183075428009033
0.3548126518726349
0.4353494942188263
0.23210343718528748
0.9652376174926758
0.5829095244407654
0.49007800221443176
0.1219797432422638
0.9657553434371948
0.49799594283103943
0.2984093427658081
0.7459518313407898
0.9887660145759583
0.4840523302555084
0.5180566906929016
0.4907362461090088
0.042321041226387024
0.8709618449211121
0.9217511415481567
0.049057383090257645
0.6093337535858154
0.9209209084510803
0.11426912248134613
0.09899304807186127
0.6897639632225037
0.4117369055747986
0.39087340235710144
0.19873636960983276
0.04102460667490959
0.8703765869140625
0.8033179044723511
0.8549229502677917
0.2398713231086731
0.16796164214611053
0.6980140805244446
0.6374567151069641
0.7939658164978027
0.31688976287841797
0.254014253616333
0.9133418798446655
0.09744878113269806
0.34559375047683716
0.20943985879421234
0.900728166103363
0.4245931804180145
0.8494945764541626
0.002146269427612424
0.8523447513580322
0.14627817273139954
0.1936653107404709
0.25169089436531067
0.7942028641700745
0.5825896859169006
0.0551554299890995
0.4899464547634125
0.5437333583831787
0.6235714554786682
0.7517237067222595
0.9227668642997742
0.1440068483352661
0.10670358687639236
0.2609560191631317
0.5386595726013184
0.17535381019115448
0.6562497615814209
0.6112512946128845
0.2090652585029602
0.060257550328969955
0.0900234803557396
0.6262531876564026
0.577884316444397
0.6072103381156921
0.028173033148050308
0.7911713719367981
0.5869184732437134
0.8282472491264343
0.281157910823822
0.8563694357872009
0.10647232085466385
0.9868626594543457
0.24880072474479675
0.8983612060546875
0.41888973116874695
0.20400065183639526
0.42129045724868774
0.14639495313167572
0.14895004034042358
0.33293616771698
0.38379114866256714
0.5974821448326111
0.21540839970111847
0.7247999906539917
0.9555919766426086
0.7588261365890503
0.707854688167572
0.4284170866012573
0.5879806280136108
0.3595583140850067
0.977904200553894
0.3014061450958252
0.5553382039070129
0.5370956063270569
0.12006960064172745
0.34526345133781433
0.8558478355407715
0.7683165073394775
0.03845294937491417
0.31052908301353455
0.8008631467819214
0.8476354479789734
0.8716399669647217
0.36297616362571716
0.5333853363990784
0.08522707968950272
0.8385481834411621
0.16529406607151031
0.05010406672954559
0.9555976390838623
0.12977927923202515
0.6193430423736572
0.8305964469909668
0.628136157989502
0.4963526725769043
0.321883887052536
0.19547998905181885
0.12921802699565887
0.3108411729335785
0.47931134700775146
0.27084311842918396
0.4146061837673187
0.2918499708175659
0.8553632497787476
0.2909224331378937
0.6463344693183899
0.047086670994758606
0.1232677474617958
0.39418718218803406
0.8751810193061829
0.8031578063964844
0.7043105363845825
0.9840355515480042
0.14980144798755646
0.5081462264060974
0.4014800488948822
0.7839615941047668
0.697697639465332
0.13041500747203827
0.0439169816672802
0.9993417263031006
0.11498884856700897
0.032522302120923996
0.7620884776115417
0.6677964329719543
0.9587106108665466
0.843397855758667
0.30396199226379395
0.6929023265838623
0.7738383412361145
0.7498282790184021
0.6725682020187378
0.1600232720375061
0.21518421173095703
0.07418285310268402
0.14704366028308868
0.25240927934646606
0.16325095295906067
0.6721733808517456
0.11429578810930252
0.01579442247748375
0.049271851778030396
0.05448566749691963
0.5933637619018555
0.89911949634552
0.9218785166740417
0.8595814108848572
0.5046329498291016
0.9107676148414612
0.4744560718536377
0.010181951336562634
0.18466247618198395
0.8247656226158142
0.9773342609405518
0.8237305283546448
0.6317721009254456
0.4761015474796295
0.6490722298622131
0.2202848494052887
0.7282317876815796
0.43698209524154663
0.5534796118736267
0.6541193723678589
0.7349860668182373
0.05551514774560928
0.45419472455978394
0.013026449829339981
0.6369965672492981
0.46928930282592773
0.46222633123397827
0.5716204643249512
0.6667516231536865
0.8175055980682373
0.08826445788145065
0.8815380334854126
0.9081973433494568
0.4868946373462677
0.948065459728241
0.5650103688240051
0.1296289712190628
0.3730442523956299
0.31829094886779785
0.2725268304347992
0.08357493579387665
0.17616842687129974
0.32329437136650085
0.47626274824142456
0.3446060121059418
0.14813828468322754
0.78428715467453
0.5300473570823669
0.9011132121086121
0.1142054870724678
0.9506329894065857
0.15863898396492004
0.4637141525745392
0.24965335428714752
0.3463698625564575
0.906126081943512
0.7835081219673157
0.2542355954647064
0.5276506543159485
0.5710144639015198
0.7132348418235779
0.09236111491918564
0.7999327778816223
0.5945120453834534
0.9618337750434875
0.8679575324058533
0.5975176692008972
0.42238301038742065
0.3408260643482208
0.6095339059829712
0.6506634950637817
0.05369718000292778
0.15136082470417023
0.7237768769264221
0.9205537438392639
0.5870659351348877
0.5986788868904114
0.8947867751121521
0.8063029646873474
0.47554564476013184
0.6599183678627014
0.5259354114532471
0.6214384436607361
0.8695439100265503
0.8187995553016663
0.9591386914253235
0.5834000706672668
0.33065226674079895
0.3025604486465454
0.9173617362976074
0.19959522783756256
0.920020580291748
0.2705412209033966
0.92298823595047
0.7805856466293335
0.07224022597074509
0.28332269191741943
0.11829366534948349
0.9125675559043884
0.5177109837532043
0.3825720250606537
0.281146377325058
0.9908045530319214
0.08552473038434982
0.3080725073814392
0.11678341031074524
0.08992521464824677
0.797317624092102
0.8428566455841064
0.5507544279098511
0.040970638394355774
0.5013934969902039
0.9621593952178955
0.3652748167514801
0.3316386938095093
0.044894251972436905
0.8335843682289124
0.5499356389045715
0.6160803437232971
0.6635584831237793
0.9159850478172302
0.02511490322649479
0.20757418870925903
0.850490927696228
0.6175417900085449
0.7177407741546631
0.45001429319381714
0.924949049949646
0.47218525409698486
0.003524781670421362
0.33589810132980347
0.45951852202415466
0.6174700260162354
0.694392204284668
0.6246005892753601
0.4095405638217926
0.011015186086297035
0.38149720430374146
0.8891961574554443
0.2793439030647278
0.7307994961738586
0.22417375445365906
0.652523398399353
0.1098722293972969
0.852211058139801
0.9265763759613037
0.7759347558021545
0.24107907712459564
0.224450021982193
0.5322440266609192
0.2854498326778412
0.15982764959335327
0.3957858085632324
0.1051640510559082
0.5002537965774536
0.34066808223724365
0.8776829242706299
0.5001001358032227
0.19949491322040558
0.5485073328018188
0.8015528321266174
0.1985156387090683
0.4446813762187958
0.7145856618881226
0.9903342723846436
0.3342060446739197
0.6494229435920715
0.10630174726247787
0.3187761604785919
0.6488885283470154
0.0784682109951973
0.011198596097528934
0.11728791147470474
0.793842613697052
0.9264960289001465
0.33434271812438965
0.0831136628985405
0.07440277189016342
0.12489575147628784
0.501857578754425
0.956896960735321
0.4078422784805298
0.7633063197135925
0.6720762252807617
0.7487579584121704
0.02320951037108898
0.004231923259794712
0.09776435792446136
0.788227915763855
0.03253394365310669
0.01850111596286297
0.021174747496843338
0.3281961679458618
0.8720404505729675
0.9044134020805359
0.7286555171012878
0.17816764116287231
0.858069121837616
0.3445907235145569
0.18277974426746368
0.8188501596450806
0.03273224085569382
0.536488950252533
0.7769705057144165
0.807799756526947
0.056563884019851685
0.36060845851898193
0.46987852454185486
0.16529667377471924
0.5678929090499878
0.9495244026184082
0.3513522446155548
0.6994376182556152
0.48994192481040955
0.8158217668533325
0.2525770366191864
0.6421541571617126
0.18372787535190582
0.39978450536727905
0.617393434047699
0.8396409153938293
0.5227601528167725
0.3739013373851776
0.7847096920013428
0.3205019235610962
0.8294324278831482
0.6907516717910767
0.314756840467453
0.7479204535484314
0.5157492756843567
0.9917011857032776
0.5893824696540833
0.801450788974762
0.33524760603904724
0.493588387966156
0.4634557366371155
0.3982243835926056
0.06674200296401978
0.9830456972122192
0.4378744065761566
0.9592289328575134
0.25737690925598145
0.3568650484085083
0.7709575295448303
0.39575085043907166
0.6864320039749146
0.09421565383672714
0.2991771399974823
0.2319202870130539
0.7163492441177368
0.10941293090581894
0.9437622427940369
0.502177357673645
0.4646788537502289
0.24590633809566498
0.3650200068950653
0.1834995597600937
0.5642759203910828
0.6025769114494324
0.5149854421615601
0.6453760862350464
0.959771990776062
0.5150960087776184
0.17217428982257843
0.610849142074585
0.43403947353363037
0.007376921828836203
0.4310854971408844
0.5475521683692932
0.08263960480690002
0.01785239577293396
0.8772313594818115
0.8653203845024109
0.37882453203201294
0.7986475229263306
0.45942914485931396
0.37598639726638794
0.06352944672107697
0.20945380628108978
0.6890993118286133
0.6180042028427124
0.6099804043769836
0.9797287583351135
0.49104857444763184
0.5762500166893005
0.6056192517280579
0.3241468071937561
0.823268711566925
0.08491593599319458
0.9140316247940063
0.2308051735162735
0.5288366675376892
0.9956978559494019
0.4868325889110565
0.8687537312507629
0.13112127780914307
0.950631320476532
0.006228122394531965
0.4450302720069885
0.884145200252533
0.19276545941829681
0.3393576145172119
0.06650926917791367
0.4944414794445038
0.41248807311058044
0.820704460144043
0.8946706652641296
0.15591245889663696
0.8178403377532959
0.41125500202178955
0.37034842371940613
0.19476808607578278
0.8091325163841248
0.9780970811843872
0.061196111142635345
0.8132718801498413
0.415124773979187
0.41572409868240356
0.25430333614349365
0.41087955236434937
0.9512339234352112
0.6732044219970703
0.32244613766670227
0.426548570394516
0.007848827168345451
0.7891008257865906
0.30844271183013916
0.07259230315685272
0.8853395581245422
0.8040752410888672
0.7005589604377747
0.6085309386253357
0.310480535030365
0.34541547298431396
0.7140352129936218
0.9608498811721802
0.23229597508907318
0.888331949710846
0.6186984777450562
0.40695372223854065
0.6762416958808899
0.1821662038564682
0.814094066619873
0.8388025164604187
0.19279687106609344
0.6188725233078003
0.4058488607406616
0.4559865891933441
0.8168051242828369
0.16890934109687805
0.21052049100399017
0.7217856645584106
0.27282747626304626
0.5391383171081543
0.6115757822990417
0.14989931881427765
0.638562798500061
0.03412783145904541
0.9100742936134338
0.08076159656047821
0.8240025043487549
0.05796011537313461
0.14433984458446503
0.913067638874054
0.3415074348449707
0.729223906993866
0.46268224716186523
0.7132382392883301
0.8621090054512024
0.24566850066184998
0.3025248944759369
0.8008489012718201
0.3338386118412018
0.3401828408241272
0.5312552452087402
0.5205982327461243
0.9970672726631165
0.5796763300895691
0.6651116013526917
0.6387876868247986
0.67930006980896
0.42962515354156494
0.9256572723388672
0.4669456481933594
0.34509342908859253
0.48044225573539734
0.698505699634552
0.648246169090271
0.8868697881698608
0.9795099496841431
0.6966301202774048
0.47910842299461365
0.03540598601102829
0.2657551169395447
0.4566555619239807
0.48866382241249084
0.08351502567529678
0.8953580856323242
0.9828086495399475
0.47289949655532837
0.2507492005825043
0.8015382885932922
0.2463909387588501
0.9862828254699707
0.10037796199321747
0.7582886219024658
0.7981147766113281
0.5077935457229614
0.23402538895606995
0.06594833731651306
0.33842939138412476
0.322378545999527
0.5932204127311707
0.6857559680938721
0.18089693784713745
0.9097855687141418
0.4770849645137787
0.8100632429122925
0.251630961894989
0.7672618627548218
0.6133824586868286
0.7815772294998169
0.053019508719444275
0.4976361095905304
0.875206708908081
0.28045371174812317
0.2047707587480545
0.8346422910690308
0.45458102226257324
0.01744178682565689
0.720001220703125
0.6954570412635803
0.3580482006072998
0.25299128890037537
0.962321937084198
0.6731549501419067
0.662415623664856
0.18799622356891632
0.8315686583518982
0.6541881561279297
0.15337054431438446
0.5487574934959412
0.2406589835882187
0.5932942628860474
0.4962136149406433
0.11904367804527283
0.20774352550506592
0.6552967429161072
0.14970465004444122
0.05520777404308319
0.10425098240375519
0.5722646117210388
0.5995978713035583
0.49605175852775574
0.6868737936019897
0.02452433668076992
0.9218724966049194
0.5004674792289734
0.29886677861213684
0.49275144934654236
0.2665148079395294
0.640260636806488
0.7571025490760803
0.26162171363830566
0.18122351169586182
0.029044134542346
0.32074278593063354
0.08945392817258835
0.8532630205154419
0.8057955503463745
0.34270724654197693
0.7682145237922668
0.7760283946990967
0.5467436909675598
0.6905565857887268
0.5160580277442932
0.87558513879776
0.8085942268371582
0.8303248286247253
0.06221998855471611
0.6259452700614929
0.5443775653839111
0.7500099539756775
0.019491372630000114
0.8951157927513123
0.710411787033081
0.7596694827079773
0.2700519263744354
0.39674150943756104
0.7362462878227234
0.7489508390426636
0.6624970436096191
0.22121120989322662
0.6136273741722107
0.29055365920066833
0.49726012349128723
0.11914754658937454
0.13003993034362793
0.7600383162498474
0.028774529695510864
0.9015250205993652
0.9688842296600342
0.6678773164749146
0.8383791446685791
0.7329748868942261
0.6063449382781982
0.0011307080276310444
0.8585078716278076
0.11905599385499954
0.015027327463030815
0.8572633862495422
0.7646417617797852
0.1655721366405487
0.8577942252159119
0.10163966566324234
0.32279127836227417
0.2877405285835266
0.6067046523094177
0.30376651883125305
0.3421815037727356
0.39051127433776855
0.9258812069892883
0.4565657377243042
0.4606320858001709
0.9626919031143188
0.2859877943992615
0.9140738248825073
0.940886914730072
0.5809378623962402
0.5969212055206299
0.5538966655731201
0.8059335350990295
0.7215056419372559
0.1103413850069046
0.6721566915512085
0.36059075593948364
0.4985426366329193
0.47138655185699463
0.3783116340637207
0.5467337965965271
0.3420574963092804
0.18971329927444458
0.6116796135902405
0.982403039932251
0.472445547580719
0.6162256598472595
0.0525796115398407
0.21927398443222046
0.00483586173504591
0.5258535742759705
0.8243888020515442
0.33585062623023987
0.538210391998291
0.8496511578559875
0.13200481235980988
0.07997673749923706
0.7199963331222534
0.7060150504112244
0.11269985139369965
0.5178393721580505
0.8277745842933655
0.8046528100967407
0.7060931921005249
0.6801843643188477
0.7219711542129517
0.21888816356658936
0.3816951513290405
0.1552414745092392
0.3784804344177246
0.8481706976890564
0.2009599208831787
0.9602034687995911
0.6627846360206604
0.8676177859306335
0.7951962947845459
0.6210893392562866
0.26649007201194763
0.6419980525970459
0.1330011487007141
0.9903314113616943
0.7733551859855652
0.7483769059181213
0.9879457950592041
0.2925015985965729
0.20292676985263824
0.7035409808158875
0.6328732967376709
0.2769864499568939
0.19882895052433014
0.09008010476827621
0.7589931488037109
0.04363691806793213
0.777439534664154
0.15315422415733337
0.3168242871761322
0.8325418829917908
0.5528703927993774
0.3207644522190094
0.9675865173339844
0.6491591930389404
0.3158925175666809
0.021935200318694115
0.9945098161697388
0.10538404434919357
0.6798001527786255
0.18430140614509583
0.36499443650245667
0.727705180644989
0.9504626393318176
0.694527804851532
0.15985643863677979
0.11470045894384384
0.7295876741409302
0.2879156172275543
0.1704716980457306
0.38445213437080383
0.48246142268180847
0.7696817517280579
0.2410464882850647
0.6572348475456238
0.21519526839256287
0.3004174530506134
0.9260776042938232
0.7488834261894226
0.25316864252090454
0.6030065417289734
0.8704659938812256
0.6828647255897522
0.6442608833312988
0.7217864990234375
0.9415853023529053
0.28691938519477844
0.21859435737133026
0.6108716130256653
0.7227989435195923
0.9706986546516418
0.04095306247472763
0.4775136709213257
0.05153607577085495
0.5074506998062134
0.4185236394405365
0.9421012997627258
0.5939633250236511
0.7032257318496704
0.1986556500196457
0.49424922466278076
0.6254529356956482
0.45507529377937317
0.14544972777366638
0.051919564604759216
0.5178319215774536
0.14380408823490143
0.023596802726387978
0.48885151743888855
0.974538266658783
0.16823989152908325
0.21173451840877533
0.38867002725601196
0.18135608732700348
0.19720818102359772
0.17079326510429382
0.07239212095737457
0.9615586996078491
0.43189483880996704
0.4023684859275818
0.6698846220970154
0.6317738890647888
0.3495270311832428
0.46835029125213623
0.8858457803726196
0.44081228971481323
0.79967200756073
0.06726539134979248
0.2701506018638611
0.06578250974416733
0.7998959422111511
0.30356016755104065
0.6289684772491455
0.9843023419380188
0.535643994808197
0.39124321937561035
0.13234618306159973
0.31823429465293884
0.023160619661211967
0.3628999590873718
0.7127019166946411
0.5451730489730835
0.9739575982093811
0.22434166073799133
0.6658110618591309
0.7551526427268982
0.8499783277511597
0.01416765432804823
0.023833848536014557
0.2732985317707062
0.03583158552646637
0.2703399062156677
0.9679694771766663
0.18604359030723572
0.9855124354362488
0.1991681605577469
0.9316518902778625
0.6162160634994507
0.337931364774704
0.06731747835874557
0.09242268651723862
0.736271321773529
0.4672193229198456
0.8408722877502441
0.376052588224411
0.9361017346382141
0.37107735872268677
0.9211875200271606
0.19769872725009918
0.1920953392982483
0.9245743751525879
0.27553078532218933
0.5788082480430603
0.20186929404735565
0.8705347180366516
0.7326036691665649
0.6669101119041443
0.46141400933265686
0.3905525505542755
0.3931865394115448
0.9380049109458923
0.1771455854177475
0.8920431137084961
0.5001809000968933
0.6675260663032532
0.11293961107730865
0.4177500605583191
0.47640863060951233
0.6369918584823608
0.5986447334289551
0.9936152100563049
0.9232410788536072
0.46800345182418823
0.2123303860425949
0.9461691379547119
0.7222968935966492
0.24462659657001495
0.6419355869293213
0.020440278574824333
0.08424010872840881
0.4128134548664093
0.5519646406173706
0.058015376329422
0.292446494102478
0.48331087827682495
0.20344367623329163
0.5924006104469299
0.47947943210601807
0.68143230676651
0.9164454936981201
0.2306772917509079
0.6944079995155334
0.559018075466156
0.33132028579711914
0.11902740597724915
0.16684724390506744
0.015175895765423775
0.6033471822738647
0.6662550568580627
0.03406701982021332
0.20719075202941895
0.8613595366477966
0.2125864177942276
0.557369589805603
0.5025519728660583
0.11908896267414093
0.7625002861022949
0.40398287773132324
0.8795008659362793
0.32286548614501953
0.4421032965183258
0.3020173907279968
0.23324528336524963
0.6389153599739075
0.7837020754814148
0.6807488799095154
0.207021564245224
0.23369312286376953
0.80315762758255
0.1167081668972969
0.538395345211029
0.5639235377311707
0.9463309645652771
0.8867190480232239
0.3141140937805176
0.3969593942165375
0.7548763751983643
0.22543200850486755
0.21239900588989258
0.41212067008018494
0.7886496782302856
0.25957879424095154
0.49006596207618713
0.5305275917053223
0.21630088984966278
0.8342759013175964
0.7585443258285522
0.4446055591106415
0.9248077273368835
0.27041441202163696
0.5393531322479248
0.027540480718016624
0.9888683557510376
0.5255037546157837
0.9834626913070679
0.6729565858840942
0.5599314570426941
0.12163061648607254
0.3482227921485901
0.9439446926116943
0.6661731600761414
0.6581224799156189
0.37946006655693054
0.6582460403442383
0.24813686311244965
0.41677236557006836
0.14982634782791138
0.9896008372306824
0.49496471881866455
0.7367954254150391
0.18224377930164337
0.980744481086731
0.5376579761505127
0.8383128643035889
0.7778738141059875
0.3521742522716522
0.4036703407764435
0.941656231880188
0.26196780800819397
0.5139302015304565
0.38401126861572266
0.38078972697257996
0.3053619861602783
0.20356710255146027
0.7081709504127502
0.5041665434837341
0.38541343808174133
0.6441781520843506
0.29728963971138
0.42065685987472534
0.03240335360169411
0.251504123210907
0.38106653094291687
0.5124619007110596
0.8906136155128479
0.3241425156593323
0.04974036291241646
0.3712058961391449
0.7455116510391235
0.2702583372592926
0.33033981919288635
0.06878925859928131
0.6048885583877563
0.40386661887168884
0.5215209126472473
0.47103142738342285
0.1447008103132248
0.6729875802993774
0.9006409049034119
0.4229026734828949
0.4796846807003021
0.39070621132850647
0.9816808104515076
0.7751141786575317
0.16818295419216156
0.6776660680770874
0.12148447334766388
0.6726372241973877
0.9962650537490845
0.1646127700805664
0.34720978140830994
0.4702388048171997
0.3333391845226288
0.018550558015704155
0.08595634996891022
0.21060757339000702
0.6386968493461609
0.485880047082901
0.9352775812149048
0.3793938159942627
0.35945796966552734
0.352398544549942
0.10776351392269135
0.87017422914505
0.0010905568487942219
0.5055208206176758
0.8326518535614014
0.3877565860748291
0.10716366767883301
0.3073427081108093
0.20274858176708221
0.2052689641714096
0.05054749548435211
0.8247513175010681
0.8282524347305298
0.1902608871459961
0.8566408753395081
0.7474692463874817
0.3451290726661682
0.09315969794988632
0.579359769821167
0.8693532943725586
0.9750855565071106
0.19368156790733337
0.17181116342544556
0.5582910776138306
0.146728977560997
0.47518250346183777
0.3096867501735687
0.9837502837181091
0.12562304735183716
0.18911738693714142
0.32962220907211304
0.18946687877178192
0.6784071922302246
0.2027529627084732
0.39592912793159485
0.0002527090546209365
0.6540345549583435
0.9724743962287903
0.5440720319747925
0.5079857110977173
0.9382945895195007
0.6933773159980774
0.26222965121269226
0.4858476221561432
0.05639307573437691
0.3208266496658325
0.7411755323410034
0.10486236959695816
0.8264256715774536
0.3796297609806061
0.08191317319869995
0.7297175526618958
0.42764341831207275
0.8139742016792297
0.8510187268257141
0.25193285942077637
0.8048169016838074
0.42647019028663635
0.14898326992988586
0.6712331175804138
0.9956621527671814
0.06683468818664551
0.3326197564601898
0.0910487025976181
0.3485354781150818
0.47285306453704834
0.9362982511520386
0.24646438658237457
0.8519498705863953
0.8635292649269104
0.7883784770965576
0.25662103295326233
0.983318030834198
0.36371344327926636
0.5490427017211914
0.7207967638969421
0.14265945553779602
0.38670864701271057
0.8615514636039734
0.0038731638342142105
0.07456867396831512
0.6136741638183594
0.7428785562515259
0.2069101184606552
0.9317135214805603
0.0657176822423935
0.2132192850112915
0.17935097217559814
0.41688287258148193
0.9022565484046936
0.24532565474510193
0.28707823157310486
0.726793646812439
0.36024293303489685
0.5615801811218262
0.2479708045721054
0.6481344103813171
0.524428129196167
0.627546489238739
0.8911392688751221
0.5951524972915649
0.606268584728241
0.8985835313796997
0.2697600722312927
0.213860422372818
0.07710061967372894
0.3439418077468872
0.5021100044250488
0.7950045466423035
0.6805219650268555
0.3352991044521332
0.7428329586982727
0.38580572605133057
0.7293499112129211
0.40588071942329407
0.5774539113044739
0.44027864933013916
0.02793503925204277
0.8221465349197388
0.6884607076644897
0.009114616550505161
0.7013265490531921
0.7937666773796082
0.06939655542373657
0.44249647855758667
0.6487736701965332
0.9041184782981873
0.6303781270980835
0.9277817606925964
0.37936925888061523
0.43493005633354187
0.16693955659866333
0.6348404884338379
0.709973156452179
0.5798252820968628
0.7576098442077637
0.2693222165107727
0.8620496392250061
0.8267309069633484
0.27309808135032654
0.22318753600120544
0.9107191562652588
0.8825152516365051
0.2216745913028717
0.43831396102905273
0.06615438312292099
0.11581254005432129
0.9558254480361938
0.3938387334346771
0.45871254801750183
0.7026877999305725
0.586476743221283
0.40890443325042725
0.27948909997940063
0.7183727622032166
0.9657992124557495
0.42478740215301514
0.18962539732456207
0.6540055871009827
0.35755711793899536
0.19539658725261688
0.3318697214126587
0.3512937128543854
0.456680566072464
0.7851426601409912
0.06279820948839188
0.12658658623695374
0.46506190299987793
0.39114683866500854
0.020698821172118187
0.13551317155361176
0.4124886691570282
0.2719918489456177
0.1558520644903183
0.3381464183330536
0.09950695186853409
0.14844483137130737
0.34751832485198975
0.016040241345763206
0.24106605350971222
0.038083385676145554
0.017932577058672905
0.7628341913223267
0.7714218497276306
0.0006765224970877171
0.25746285915374756
0.7739322185516357
0.6790160536766052
0.15466414391994476
0.5014487504959106
0.019889425486326218
0.2939758896827698
0.5899920463562012
0.05188713222742081
0.25918370485305786
0.9784660339355469
0.9061447381973267
0.2346351593732834
0.20746681094169617
0.9899007081985474
0.029499933123588562
0.044770337641239166
0.07679394632577896
0.5152036547660828
0.9496908783912659
0.003445239271968603
0.552469789981842
0.41538161039352417
0.7063096761703491
0.9536675214767456
0.3904120922088623
0.5361230969429016
0.6587857604026794
0.5309350490570068
0.06887290626764297
0.05603204667568207
0.15913055837154388
0.35721561312675476
0.328840434551239
0.47782471776008606
0.4277310371398926
0.7048682570457458
0.33686575293540955
0.748529851436615
0.9846352934837341
0.40279698371887207
0.47098812460899353
0.8922446370124817
0.250948041677475
0.19132931530475616
0.6277168393135071
0.7997098565101624
0.5455635190010071
0.5849167108535767
0.10272300988435745
0.4379535913467407
0.20047125220298767
0.8194131255149841
0.9961055517196655
0.17509901523590088
0.4631190896034241
0.4179575443267822
0.43373867869377136
0.663123607635498
0.8201776146888733
0.8542622923851013
0.1641073226928711
0.42795103788375854
0.5071563124656677
0.07430892437696457
0.039313625544309616
0.8288609981536865
0.05554284155368805
0.8131412863731384
0.04857516288757324
0.6742896437644958
0.8996698260307312
0.3758516311645508
0.40420231223106384
0.9680677652359009
0.8820998668670654
0.9833784103393555
0.5476202368736267
0.46023720502853394
0.015827296301722527
0.8912767171859741
0.5710170865058899
0.3462088406085968
0.4256555438041687
0.9292861223220825
0.23109978437423706
0.7408093214035034
0.33197811245918274
0.7121046185493469
0.45649924874305725
0.8047221302986145
0.8457257747650146
0.030580459162592888
0.9984291195869446
0.8150469064712524
0.7720541954040527
0.8880544304847717
0.45834872126579285
0.49309346079826355
0.6155173778533936
0.20954032242298126
0.21582135558128357
0.2726314663887024
0.2850145995616913
0.7096567749977112
0.831089437007904
0.8016213774681091
0.13064616918563843
0.3917762041091919
0.5699688196182251
0.7889268398284912
0.734976589679718
0.866408109664917
0.6244062185287476
0.3833920657634735
0.8955561518669128
0.4711315333843231
0.0181414857506752
0.8999637365341187
0.9443037509918213
0.06430323421955109
0.1765599399805069
0.8585364818572998
0.6723204255104065
0.4013843238353729
0.41781097650527954
0.6623244881629944
0.9755377769470215
0.06033424288034439
0.589417040348053
0.7806270718574524
0.08031218498945236
0.19227464497089386
0.14853014051914215
0.24803601205348969
0.624980092048645
0.475874125957489
0.5776532292366028
0.044644393026828766
0.9540596604347229
0.7677311301231384
0.984004557132721
0.7445791363716125
0.5927488207817078
0.8681776523590088
0.7891976833343506
0.5349700450897217
0.34246504306793213
0.7017823457717896
0.32753029465675354
0.025937926024198532
0.2703111171722412
0.7341766357421875
0.2165992259979248
0.08641836047172546
0.7907443642616272
0.4407234787940979
0.27090689539909363
0.1342480629682541
0.11017387360334396
0.3867264688014984
0.6564612984657288
0.070992112159729
0.1913144886493683
0.3775619864463806
0.13436618447303772
0.04855089262127876
0.22331485152244568
0.029803847894072533
0.30462273955345154
0.8167631030082703
0.07462871074676514
0.3749602437019348
0.5564156174659729
0.137593612074852
0.7702707052230835
0.1562768816947937
0.10729003697633743
0.5106604695320129
0.044501565396785736
0.11406585574150085
0.8604455590248108
0.9458194375038147
0.33223533630371094
0.25785183906555176
0.6444606184959412
0.6595770716667175
0.3676809072494507
0.781832754611969
0.2993945777416229
0.22145399451255798
0.5982359051704407
0.3290623724460602
0.6421816945075989
0.32782259583473206
0.4129140377044678
0.3169145882129669
0.9017826914787292
0.33937352895736694
0.8560231924057007
0.7009995579719543
0.8281360864639282
0.4091506898403168
0.26115649938583374
0.9460089206695557
0.3961748480796814
0.15024986863136292
0.4098374843597412
0.047556500881910324
0.5629562139511108
0.030079346150159836
0.9601811170578003
0.6524855494499207
0.5060617327690125
0.8969261050224304
0.1352473348379135
0.575635552406311
0.5806221961975098
0.25552132725715637
0.9101457595825195
0.7786881923675537
0.6808196306228638
0.8764744997024536
0.8760592341423035
0.5135661959648132
0.10580715537071228
0.01468401588499546
0.7533250451087952
0.31407836079597473
0.4128844141960144
0.47289738059043884
0.8632583022117615
0.37310662865638733
0.3717305660247803
0.7717942595481873
0.6284471154212952
0.18433673679828644
0.55817711353302
0.966584324836731
0.13893580436706543
0.4955666661262512
0.013507441617548466
0.5922255516052246
0.2969602942466736
0.6743568181991577
0.472680002450943
0.5143835544586182
0.6688558459281921
0.5618330836296082
0.8041643500328064
0.14271514117717743
0.8761488795280457
0.271700918674469
0.8748075366020203
0.07880374789237976
0.6662521362304688
0.11018481105566025
0.7410598397254944
0.7821319103240967
0.8098335266113281
0.10743945837020874
0.8458921909332275
0.35700270533561707
0.297267347574234
0.3301503360271454
0.8178935050964355
0.5242632031440735
0.5142838358879089
0.1553267538547516
0.37715622782707214
0.16561993956565857
0.3982795774936676
0.05485798418521881
0.547444224357605
0.2527464032173157
0.3955709636211395
0.5398126840591431
0.9559494853019714
0.12639093399047852
0.47879329323768616
0.35313209891319275
0.9951993823051453
0.08454263210296631
0.5311298966407776
0.9074970483779907
0.08653200417757034
0.4635148346424103
0.8267593383789062
0.3483861982822418
0.9415431618690491
0.5986620187759399
0.8100967407226562
0.5764874815940857
0.446387380361557
0.6312744617462158
0.2135111689567566
0.17130477726459503
0.7546972036361694
0.6651289463043213
0.14851653575897217
0.6375125646591187
0.6246156096458435
0.6846548318862915
0.89674973487854
0.23286956548690796
0.6565637588500977
0.060686398297548294
0.7284049391746521
0.6449958682060242
0.9622028470039368
0.4337262809276581
0.4497329294681549
0.9527888894081116
0.3740555942058563
0.05143854394555092
0.931082546710968
0.2185150682926178
0.08084075897932053
0.834058940410614
0.4976523518562317
0.7725778222084045
0.8839277029037476
0.2573826313018799
0.1882355809211731
0.3563598394393921
0.4182615578174591
0.06816770881414413
0.23158378899097443
0.2710474133491516
0.13842953741550446
0.7587408423423767
0.8303813338279724
0.645251989364624
0.557766854763031
0.5121971964836121
0.9651768207550049
0.43245989084243774
0.5432963967323303
0.5219187140464783
0.8703483939170837
0.26805564761161804
0.11069135367870331
0.2956256866455078
0.4439472556114197
0.8393568396568298
0.951980471611023
0.6128817200660706
0.3764569163322449
0.15342910587787628
0.748467743396759
0.8201180696487427
0.8564023375511169
0.9133845567703247
0.5949675440788269
0.4738052487373352
0.873523473739624
0.7721301317214966
0.7895033359527588
0.4238540828227997
0.2023821473121643
0.19995242357254028
0.7173115611076355
0.2708905041217804
0.46054238080978394
0.33782243728637695
0.29489052295684814
0.7609200477600098
0.20110169053077698
0.5072593688964844
0.30344530940055847
0.16680042445659637
0.7466757297515869
0.8077980279922485
0.314961314201355
0.7960806488990784
0.9514667391777039
0.029495596885681152
0.20558835566043854
0.575888991355896
0.8198063373565674
0.8294082283973694
0.191957488656044
0.981637716293335
0.07593301683664322
0.8735697269439697
0.5792218446731567
0.9612680077552795
0.4169541597366333
0.26036369800567627
0.12024788558483124
0.184302419424057
0.8741142749786377
0.14416712522506714
0.62348473072052
0.6519136428833008
0.34802794456481934
0.5322698354721069
0.8887436985969543
0.43984660506248474
0.6099194884300232
0.43031349778175354
0.10470211505889893
0.061641789972782135
0.3252522051334381
0.24945178627967834
0.061530549079179764
0.7311697602272034
0.9132056832313538
0.5322520732879639
0.03593019023537636
0.9771599173545837
0.0469517782330513
0.025947395712137222
0.48501378297805786
0.1842258721590042
0.7539664506912231
0.5089477896690369
0.5001086592674255
0.4280572533607483
0.18811914324760437
0.6195564866065979
0.547745943069458
0.18835750222206116
0.5432714223861694
0.5773458480834961
0.044900842010974884
0.17194773256778717
0.05284230783581734
0.4475650191307068
0.1865391731262207
0.8974140286445618
0.9855767488479614
0.268069863319397
0.9532608985900879
0.08328047394752502
0.8994710445404053
0.8882932662963867
0.34056344628334045
0.18130803108215332
0.5806054472923279
0.5878000855445862
0.4686921238899231
0.5328613519668579
0.8161201477050781
0.04369277134537697
0.3788367807865143
0.42626985907554626
0.8705273270606995
0.8464701175689697
0.33301955461502075
0.8176587224006653
0.018203716725111008
0.3065587878227234
0.15088514983654022
0.9096764922142029
0.35326796770095825
0.6699560880661011
0.5551164150238037
0.585010826587677
0.4702692925930023
0.006228488404303789
0.9387058615684509
0.1895807534456253
0.888583242893219
0.10861888527870178
0.4035406708717346
0.8941931128501892
0.4181182384490967
0.4209425449371338
0.5735502243041992
0.5281572341918945
0.4940677583217621
0.05446801334619522
0.11079303920269012
0.005305489059537649
0.8992123603820801
0.009017354808747768
0.23648902773857117
0.2429291009902954
0.43615421652793884
0.8954868912696838
0.36805394291877747
0.8411642909049988
0.5244215726852417
0.008004146628081799
0.9497116208076477
0.08421642333269119
0.1781897097826004
0.07870315760374069
0.65456223487854
0.00934464018791914
0.4119013249874115
0.9501654505729675
0.05409630388021469
0.4457263946533203
0.6969214081764221
0.5844095349311829
0.8603713512420654
0.6468859314918518
0.7755836248397827
0.38656386733055115
0.7164318561553955
0.3099522888660431
0.9617248773574829
0.8656854033470154
0.9988890886306763
0.22301368415355682
0.20793242752552032
0.36519649624824524
0.3738974630832672
0.2884497046470642
0.24093753099441528
0.6393043994903564
0.07996698468923569
0.3207745850086212
0.14727471768856049
0.6698020100593567
0.21170490980148315
0.5415371656417847
0.3975372612476349
0.11722201853990555
0.8984628319740295
0.14061133563518524
0.44615867733955383
0.5879752039909363
0.8254737257957458
0.6507468223571777
0.5231565833091736
0.41052913665771484
0.296833336353302
0.47669416666030884
0.8567054867744446
0.03225454315543175
0.12761180102825165
0.6464014053344727
0.0756453201174736
0.370491087436676
0.33739253878593445
0.4258124530315399
0.2107689529657364
0.7563434839248657
0.8263065814971924
0.5773127675056458
0.5605953931808472
0.9960443377494812
0.5528696179389954
0.10858559608459473
0.16572733223438263
0.12639158964157104
0.25332626700401306
0.14174006879329681
0.8869435787200928
0.14469359815120697
0.8516449928283691
0.4694966971874237
0.27030736207962036
0.5361924767494202
0.7167130708694458
0.3182305097579956
0.579041600227356
0.366988867521286
0.8888345956802368
0.7642790079116821
0.7438297271728516
0.7427765727043152
0.4219539761543274
0.9262802600860596
0.5002459287643433
0.49833494424819946
0.9104172587394714
0.8520916700363159
0.3181132674217224
0.2303490787744522
0.9698049426078796
0.017563829198479652
0.2911246418952942
0.4063698351383209
0.5118696093559265
0.5182743072509766
0.1366063952445984
0.11285453289747238
0.8496990203857422
0.6943265795707703
0.8095167875289917
0.48044487833976746
0.7671278715133667
0.4488755464553833
0.0848727598786354
0.4721898138523102
0.22234858572483063
0.22293828427791595
0.0005860800738446414
0.9717159271240234
0.4606783390045166
0.18386715650558472
0.7521147131919861
0.9307030439376831
0.8926310539245605
0.9194684028625488
0.542632520198822
0.09655144065618515
0.6101367473602295
0.13178697228431702
0.31873610615730286
0.4605056941509247
0.44313982129096985
0.643119752407074
0.7361570596694946
0.9122065901756287
0.9820736646652222
0.9371868371963501
0.48055171966552734
0.22082772850990295
0.5037109851837158
0.521561861038208
0.14459402859210968
0.3385929465293884
0.9575559496879578
0.8521667718887329
0.27503177523612976
0.9975561499595642
0.23338884115219116
0.9183080196380615
0.03625447675585747
0.39141973853111267
0.05924879387021065
0.712809681892395
0.3154568076133728
0.019271370023489
0.6572227478027344
0.384430855512619
0.7299388647079468
0.844725489616394
0.44443005323410034
0.6149660348892212
0.3014537990093231
0.24321717023849487
0.28569814562797546
0.23012010753154755
0.2659355103969574
0.9136193990707397
0.14811021089553833
0.004318196792155504
0.22908076643943787
0.7615315914154053
0.7523066997528076
0.23036518692970276
0.046245403587818146
0.6635298728942871
0.47781768441200256
0.029898626729846
0.9430059194564819
0.6718749403953552
0.4313852787017822
0.14817790687084198
0.2780701518058777
0.2134433537721634
0.19919145107269287
0.19567617774009705
0.31320443749427795
0.038268301635980606
0.1971229463815689
0.8058475255966187
0.7602017521858215
0.07118277996778488
0.7625429630279541
0.3602329194545746
0.27315038442611694
0.7035625576972961
0.9101887345314026
0.5178470611572266
0.6199061274528503
0.8696712851524353
0.7073042988777161
0.17662440240383148
0.6232137680053711
0.7124625444412231
0.3355688452720642
0.642279863357544
0.8574445843696594
0.09022096544504166
0.6897292137145996
0.9456462264060974
0.334504097700119
0.29987072944641113
0.8244290351867676
0.6616608500480652
0.5103633403778076
0.9081197381019592
0.5153792500495911
0.8786147832870483
0.9201467633247375
0.03920989856123924
0.6632207632064819
0.7603089809417725
0.33808398246765137
0.5622403621673584
0.6051104068756104
0.8182980418205261
0.012885798700153828
0.9827135801315308
0.4363262355327606
0.5545941591262817
0.06275252997875214
0.3929813802242279
0.21698236465454102
0.9004244804382324
0.6478978991508484
0.20133379101753235
0.23325683176517487
0.3458426594734192
0.9536525011062622
0.11344505846500397
0.5292473435401917
0.14055131375789642
0.6529006361961365
0.5126173496246338
0.8185481429100037
0.3961256742477417
0.6396189332008362
0.04293324425816536
0.38839206099510193
0.3923117220401764
0.130705788731575
0.6433132290840149
0.4368163049221039
0.2444920837879181
0.36042338609695435
0.17034661769866943
0.7266541123390198
0.06854306161403656
0.9608289003372192
0.07252543419599533
0.7876903414726257
0.2494790107011795
0.6980792284011841
0.21314236521720886
0.5716747641563416
0.33655259013175964
0.6460776925086975
0.2837691009044647
0.7212418913841248
0.927871823310852
0.09139054268598557
0.01076052151620388
0.07424374669790268
0.9639872908592224
0.9693116545677185
0.40097761154174805
0.9542333483695984
0.08516587316989899
0.4893798828125
0.11524462699890137
0.12464746832847595
0.7353022694587708
0.5338277816772461
0.5323302149772644
0.6715174913406372
0.8626091480255127
0.2059158980846405
0.3042762577533722
0.154806986451149
0.6636864542961121
0.9946420192718506
0.9029775857925415
0.5104106068611145
0.3415664732456207
0.6005289554595947
0.7303575277328491
0.5814505219459534
0.45110535621643066
0.2902539372444153
0.2861732244491577
0.7623277902603149
0.466263085603714
0.27448341250419617
0.6516553163528442
0.638553261756897
0.9329223036766052
0.10425019264221191
0.2969011962413788
0.1901930868625641
0.2894180119037628
0.1882672905921936
0.3767026960849762
0.09710319340229034
0.41229143738746643
0.5229041576385498
0.06883299350738525
0.12573029100894928
0.4051196873188019
0.5390116572380066
0.4086748957633972
0.8812596797943115
0.4773998260498047
0.6802344918251038
0.44656240940093994
0.5490300059318542
0.7930082678794861
0.39487403631210327
0.6065234541893005
0.9025638699531555
0.7084589004516602
0.8739827871322632
0.397286981344223
0.8214220404624939
0.11348914355039597
0.9733262658119202
0.5451127290725708
0.34161803126335144
0.35062000155448914
0.23676088452339172
0.3456157445907593
0.8187167048454285
0.20665216445922852
0.4167032241821289
0.8124615550041199
0.3293221592903137
0.02771739847958088
0.8613089323043823
0.015740083530545235
0.7633968591690063
0.7585041522979736
0.1614193618297577
0.9252948760986328
0.8642132878303528
0.5835282802581787
0.8908892273902893
0.1744120568037033
0.7472936511039734
0.07206765562295914
0.09124275296926498
0.435486376285553
0.9100173711776733
0.2793835997581482
0.8464536666870117
0.7059735655784607
0.9609342813491821
0.7426601052284241
0.6023184657096863
0.7452705502510071
0.016843048855662346
0.6606631278991699
0.3592250347137451
0.6601358652114868
0.28092387318611145
0.66827392578125
0.13717986643314362
0.008725392632186413
0.1489475965499878
0.14139340817928314
0.13559198379516602
0.08258529007434845
0.16722574830055237
0.48834484815597534
0.051271192729473114
0.05784425139427185
0.3487367630004883
0.6469371318817139
0.12989848852157593
0.32149383425712585
0.3986678123474121
0.3828642964363098
0.7430027723312378
0.577655553817749
0.1534307450056076
0.926244854927063
0.3218519687652588
0.7199481725692749
0.8383239507675171
0.7381382584571838
0.9853383898735046
0.10222575813531876
0.36956682801246643
0.22102639079093933
0.5264042615890503
0.13349777460098267
0.9452524781227112
0.4764103293418884
0.9407505989074707
0.4210236966609955
0.3968919813632965
0.7883744239807129
0.7346004843711853
0.6190037727355957
0.5296688675880432
0.7778369784355164
0.23797576129436493
0.7282664775848389
0.46386319398880005
0.36292949318885803
0.3342302739620209
0.2281404435634613
0.13753744959831238
0.9430586099624634
0.5691450238227844
0.36637064814567566
0.70368492603302
0.9399158358573914
0.9886530637741089
0.24987474083900452
0.8059641122817993
0.9763227105140686
0.8717994093894958
0.26660341024398804
0.19090040028095245
0.30111098289489746
0.9848263263702393
0.928687334060669
0.776235818862915
0.13452303409576416
0.26717618107795715
0.22276571393013
0.11605217307806015
0.1898670345544815
0.9723001718521118
0.7212690114974976
0.8153753876686096
0.19125765562057495
0.22541065514087677
0.3578375279903412
0.13153262436389923
0.33688628673553467
0.4541846811771393
0.5124964118003845
0.3603968620300293
0.26146432757377625
0.6786194443702698
0.9559695720672607
0.7774343490600586
0.49115636944770813
0.17595773935317993
0.6481075286865234
0.4011140763759613
0.6791135668754578
0.07613418996334076
0.48389729857444763
0.42294302582740784
0.7389571666717529
0.5882340669631958
0.27387210726737976
0.26001957058906555
0.6499824523925781
0.8007697463035583
0.5972435474395752
0.6684927940368652
0.3575843572616577
0.6303066611289978
0.8512263894081116
0.9518612027168274
0.25400376319885254
0.26350900530815125
0.9510471820831299
0.755592405796051
0.7585816979408264
0.6713181734085083
0.8657553791999817
0.43567314743995667
0.346724271774292
0.6649445295333862
0.09283775836229324
0.9492230415344238
0.20799855887889862
0.4144171178340912
0.23551131784915924
0.3016209006309509
0.3794475793838501
0.03210034593939781
0.19706900417804718
0.6977225542068481
0.7834466099739075
0.9755845665931702
0.940344512462616
0.5258488655090332
0.576752781867981
0.46864980459213257
0.34445786476135254
0.976209819316864
0.3090178966522217
0.6897609233856201
0.7217892408370972
0.6900302171707153
0.3807947039604187
0.06449276208877563
0.807370662689209
0.03669394925236702
0.5934932827949524
0.9353423714637756
0.911957323551178
0.9333767890930176
0.9192623496055603
0.8343569040298462
0.13274461030960083
0.4761277139186859
0.5819681286811829
0.20071303844451904
0.2861042320728302
0.20465287566184998
0.21868988871574402
0.8445653319358826
0.4014638364315033
0.8239675760269165
0.564813494682312
0.3899696469306946
0.36654555797576904
0.382522314786911
0.6243799328804016
0.8542693853378296
0.5123087763786316
0.8176847100257874
0.5478472113609314
0.7269694805145264
0.529124915599823
0.5072254538536072
0.48929697275161743
0.6557455658912659
0.7296232581138611
0.13535727560520172
0.5909348130226135
0.4520800709724426
0.6139435172080994
0.3300465941429138
0.386703222990036
0.03256130591034889
0.5096904635429382
0.010550928302109241
0.45313701033592224
0.3625604510307312
0.773078203201294
0.9880940914154053
0.9386357069015503
0.41570284962654114
0.7789314985275269
0.05361967161297798
0.3110746741294861
0.9322648644447327
0.8927043676376343
0.9699926376342773
0.24432587623596191
0.19163762032985687
0.07127909362316132
0.9953805208206177
0.0737563893198967
0.2743053734302521
0.5092915296554565
0.0705021396279335
0.7215570211410522
0.8394482731819153
0.5064111351966858
0.0007951639709062874
0.6351406574249268
0.6411464214324951
0.28198570013046265
0.23324283957481384
0.8733304142951965
0.9571167230606079
0.9590851664543152
0.7737759947776794
0.26810190081596375
0.1633901447057724
0.7008508443832397
0.977393627166748
0.9682243466377258
0.5426918864250183
0.41731932759284973
0.5773670077323914
0.05980563908815384
0.7527009844779968
0.08784843236207962
0.010391403920948505
0.3867453932762146
0.7910458445549011
0.8105295300483704
0.13647529482841492
0.47209566831588745
0.20530807971954346
0.24182061851024628
0.659498929977417
0.6068789958953857
0.32226258516311646
0.3541009724140167
0.5200323462486267
0.8822593092918396
0.185611754655838
0.019527990370988846
0.4079861044883728
0.0334312804043293
0.02189589850604534
0.9622714519500732
0.8664638996124268
0.5053383708000183
0.7107586860656738
0.9598267078399658
0.9218158721923828
0.3901708424091339
0.5328034162521362
0.7498223185539246
0.7558562159538269
0.3030856251716614
0.8662657141685486
0.5407431125640869
0.7955499291419983
0.7228889465332031
0.725856363773346
0.7773305773735046
0.6897592544555664
0.9546154737472534
0.28481313586235046
0.0784103125333786
0.6959435343742371
0.26945066452026367
0.6490932106971741
0.16795121133327484
0.17113006114959717
0.20542839169502258
0.22836336493492126
0.4782559275627136
0.9570859670639038
0.8442416191101074
0.4581104815006256
0.7185006737709045
0.030842628329992294
0.17144639790058136
0.6959218382835388
0.9698677062988281
0.4927935302257538
0.5559700131416321
0.2190266102552414
0.5598474144935608
0.32411065697669983
0.9297632575035095
0.8307257294654846
0.19196359813213348
0.36124852299690247
0.8205868005752563
0.9012854695320129
0.3890939950942993
0.43559691309928894
0.9661640524864197
0.8422175049781799
0.6236833333969116
0.4045070707798004
0.5073314905166626
0.9816346764564514
0.8971147537231445
0.5342990756034851
0.28632688522338867
0.5739601254463196
0.34585368633270264
0.3023134171962738
0.6781271696090698
0.055633582174777985
0.9111190438270569
0.9262422919273376
0.8131800293922424
0.6521097421646118
0.2459327131509781
0.06879331916570663
0.7684515118598938
0.3768312335014343
0.7667084336280823
0.7593600749969482
0.22325019538402557
0.3389887511730194
0.6217431426048279
0.9406682252883911
0.42721253633499146
0.8006265759468079
0.38932135701179504
0.4127609431743622
0.09486299753189087
0.8141953945159912
0.04854517802596092
0.9573739171028137
0.7219743132591248
0.8445019721984863
0.969448447227478
0.7555882334709167
0.8202013373374939
0.7371580600738525
0.8963201642036438
0.15772134065628052
0.7198867797851562
0.4997847378253937
0.7040930390357971
0.8409436345100403
0.7859737873077393
0.03797682747244835
0.08559314161539078
0.7173352837562561
0.7283334136009216
0.6450421810150146
0.12919935584068298
0.17329010367393494
0.5793182253837585
0.41289186477661133
0.10474146157503128
0.31185925006866455
0.9343763589859009
0.4393499791622162
0.6822023391723633
0.6796274781227112
0.8785328269004822
0.9148430228233337
0.06899785250425339
0.4119039475917816
0.38944241404533386
0.8303658366203308
0.0032224105671048164
0.5839312672615051
0.22580410540103912
0.49389418959617615
0.07984038442373276
0.3318667411804199
0.19466130435466766
0.9892795085906982
0.27660951018333435
0.6159002184867859
0.39554545283317566
0.9496623277664185
0.8523549437522888
0.3872402310371399
0.48118385672569275
0.5797549486160278
0.3347492218017578
0.40684354305267334
0.00010866227967198938
0.11255504935979843
0.7031847238540649
0.5480737686157227
0.12427393347024918
0.4982911944389343
0.48219144344329834
0.7506442070007324
0.0918523445725441
0.38262420892715454
0.4531637728214264
0.46905604004859924
0.4938513934612274
0.7733575105667114
0.9569945335388184
0.6088641881942749
0.9687542915344238
0.014937344938516617
0.3641693592071533
0.9350998401641846
0.2668522596359253
0.7278397083282471
0.579675018787384
0.9762899875640869
0.4801501929759979
0.4321957528591156
0.8073228001594543
0.7043852806091309
0.4243837893009186
0.37538591027259827
0.9314964413642883
0.7597406506538391
0.9040729403495789
0.9212461709976196
0.28216856718063354
0.5784167647361755
0.5107454061508179
0.5148249864578247
0.21679776906967163
0.8578310608863831
0.1602819561958313
0.6087964773178101
0.4444758892059326
0.29015758633613586
0.1478981375694275
0.13193751871585846
0.66037517786026
0.48831287026405334
0.9609006643295288
0.23139925301074982
0.849448025226593
0.721296489238739
0.6728893518447876
0.1091463714838028
0.18758836388587952
0.5889074206352234
0.5411695837974548
0.6163148283958435
0.00836461503058672
0.931154727935791
0.8578070998191833
0.36821067333221436
0.8914077281951904
0.7383801937103271
0.9779335260391235
0.5676098465919495
0.6586872935295105
0.4859762191772461
0.14857399463653564
0.16724172234535217
0.13789406418800354
0.2790682315826416
0.46013733744621277
0.8499098420143127
0.6145526170730591
0.28549012541770935
0.732201337814331
0.9533085227012634
0.5622262954711914
0.4227921962738037
0.3758053779602051
0.8410345315933228
0.016403015702962875
0.21284973621368408
0.19145658612251282
0.02804088406264782
0.5048680305480957
0.7077987194061279
0.9495500326156616
0.8717712759971619
0.912640392780304
0.9041141867637634
0.914018452167511
0.6664745211601257
0.037683404982089996
0.6638604402542114
0.017056336626410484
0.6025403738021851
0.7434353828430176
0.1947004497051239
0.8567327260971069
0.5528928637504578
0.4463196098804474
0.10763203352689743
0.4563094675540924
0.2309984564781189
0.19155147671699524
0.9862526059150696
0.12134400010108948
0.3522946238517761
0.18050029873847961
0.04008626565337181
0.9701765775680542
0.06363015621900558
0.884100079536438
0.525317370891571
0.4113539755344391
0.036514293402433395
0.5667563676834106
0.7399815917015076
0.4800760746002197
0.5376725196838379
0.5513516068458557
0.18690940737724304
0.45002511143684387
0.7053250670433044
0.09666477143764496
0.5762112140655518
0.8038408160209656
0.6950698494911194
0.20162412524223328
0.49805954098701477
0.6488304734230042
0.1380218267440796
0.9871416687965393
0.7001940608024597
0.4361993670463562
0.3732321262359619
0.0056687709875404835
0.5212596654891968
0.24029062688350677
0.43148696422576904
0.7279555201530457
0.7018173933029175
0.14310303330421448
0.42479467391967773
0.9983862638473511
0.09638115763664246
0.20638038218021393
0.055735304951667786
0.9422748684883118
0.6356253027915955
0.7278549075126648
0.1907726526260376
0.3205834627151489
0.9300715923309326
0.30033645033836365
0.07919798791408539
0.4499078691005707
0.009723559021949768
0.4578552842140198
0.549198567867279
0.9935034513473511
0.003130533266812563
0.1771431714296341
0.157399982213974
0.3766207695007324
0.28116941452026367
0.7607040405273438
0.6339848637580872
0.5324798822402954
0.16258518397808075
0.4860641658306122
0.7505910992622375
0.5970064997673035
0.3884020447731018
0.7594033479690552
0.23825785517692566
0.772240161895752
0.3418968915939331
0.746069610118866
0.021650927141308784
0.027789505198597908
0.9227256178855896
0.3064901828765869
0.6779295206069946
0.9186068177223206
0.07138517498970032
0.7607030868530273
0.1831435263156891
0.47867828607559204
0.002609160728752613
0.08299354463815689
0.21989880502223969
0.9180818796157837
0.010790325701236725
0.14397262036800385
0.4433082640171051
0.167613223195076
0.5631668567657471
0.5881011486053467
0.4397289752960205
0.27272313833236694
0.8498926162719727
0.31024858355522156
0.4609830975532532
0.0023853860329836607
0.14800167083740234
0.5024052858352661
0.7022632956504822
0.10675263404846191
0.7266046404838562
0.4506983160972595
0.8592056035995483
0.9584690928459167
0.9229475259780884
0.014195545576512814
0.19070476293563843
0.479481965303421
0.5772396326065063
0.4048141837120056
0.3149501085281372
0.897759199142456
0.44088539481163025
0.5833379030227661
0.695298969745636
0.38653552532196045
0.6573579907417297
0.3912276029586792
0.3140100836753845
0.03446801006793976
0.854466438293457
0.70918208360672
0.013213023543357849
0.5729206204414368
0.2830159664154053
0.9539348483085632
0.5534855127334595
0.5806008577346802
0.5547993183135986
0.9269596934318542
0.7930841445922852
0.2619340121746063
0.011856726370751858
0.6855184435844421
0.1252012550830841
0.3225095272064209
0.1754698008298874
0.6789113879203796
0.5418527126312256
0.6930727958679199
0.2584115266799927
0.7556661367416382
0.0407584123313427
0.2553897202014923
0.19562667608261108
0.2135600447654724
0.6075224280357361
0.8722569942474365
0.555986225605011
0.6376379728317261
0.6763505339622498
0.4645498991012573
0.015032922849059105
0.7201591730117798
0.9496734142303467
0.49003344774246216
0.20589114725589752
0.9293966293334961
0.23558084666728973
0.7566710114479065
0.12325972318649292
0.3149327337741852
0.2967102825641632
0.5216548442840576
0.11522619426250458
0.6982330083847046
0.036674126982688904
0.03877133131027222
0.5010449886322021
0.48317843675613403
0.8691399097442627
0.34291872382164
0.14297156035900116
0.19097162783145905
0.24323242902755737
0.8819366693496704
0.873187243938446
0.8677610754966736
0.8067782521247864
0.541783332824707
0.13826967775821686
0.9451420307159424
0.19324438273906708
0.8172207474708557
0.42372894287109375
0.17767497897148132
0.12089355289936066
0.11211546510457993
0.09667191654443741
0.6123310327529907
0.6078784465789795
0.2805124521255493
0.03573659062385559
0.8478018641471863
0.05856437236070633
0.3753725290298462
0.6998803615570068
0.3747945725917816
0.7492935061454773
0.07836209237575531
0.4463362991809845
0.08503343909978867
0.8690471053123474
0.7679532170295715
0.6978906989097595
0.9073833227157593
0.7655879855155945
0.8183425068855286
0.9808613657951355
0.08861760050058365
0.2736241817474365
0.17368842661380768
0.13889415562152863
0.8265931010246277
0.00692133791744709
0.8603205680847168
0.7026050090789795
0.6461392641067505
0.9431198239326477
0.8132193684577942
0.18850359320640564
0.8194521069526672
0.8295767903327942
0.08705653250217438
0.9309544563293457
0.028055524453520775
0.6997360587120056
0.1439337283372879
0.5063003897666931
0.11250952631235123
0.9925920963287354
0.22443652153015137
0.2887135446071625
0.2751365005970001
0.8861303329467773
0.083414226770401
0.9420642256736755
0.5619161128997803
0.9587156176567078
0.025641361251473427
0.0657699778676033
0.08416102081537247
0.3297133445739746
0.14697736501693726
0.7299113869667053
0.8906223177909851
0.7458420395851135
0.38196811079978943
0.27547144889831543
0.689414918422699
0.33799198269844055
0.9642816185951233
0.05708058178424835
0.548843502998352
0.4719584286212921
0.9349766373634338
0.6113839745521545
0.1099017933011055
0.09259331971406937
0.8775787353515625
0.5519863963127136
0.6781448721885681
0.9602596163749695
0.10937149077653885
0.7130929231643677
0.8763400912284851
0.15195947885513306
0.7638957500457764
0.2214675396680832
0.9528173804283142
0.03853283077478409
0.23979145288467407
0.020430373027920723
0.4310515820980072
0.6153883934020996
0.903123140335083
0.721383273601532
0.8254559636116028
0.20981332659721375
0.15987807512283325
0.2213544100522995
0.07018567621707916
0.2791288495063782
0.1803409308195114
0.45099207758903503
0.8035501837730408
0.2679024934768677
0.17908146977424622
0.3347119688987732
0.72002774477005
0.2611271142959595
0.6987862586975098
0.5872833728790283
0.7167094349861145
0.6549406051635742
0.3216189444065094
0.802838921546936
0.6398440003395081
0.755480945110321
0.543651282787323
0.008073684759438038
0.16854101419448853
0.8593125343322754
0.900703489780426
0.6319625377655029
0.22867481410503387
0.35390394926071167
0.7145595550537109
0.5639965534210205
0.37622585892677307
0.4011246860027313
0.7411430478096008
0.3212665319442749
0.789687991142273
0.5805220603942871
0.8435335159301758
0.01779644377529621
0.24282844364643097
0.6895134449005127
0.7078312635421753
0.06547881662845612
0.2033797651529312
0.385186105966568
0.6588711738586426
0.4699860215187073
0.5128514766693115
0.5548218488693237
0.4714215099811554
0.5136304497718811
0.13289695978164673
0.5199257731437683
0.9383963346481323
0.22323499619960785
0.6774418950080872
0.6555926203727722
0.09909207373857498
0.7034187316894531
0.507487952709198
0.6245757937431335
0.06825461983680725
0.740088939666748
0.08875291049480438
0.10477232933044434
0.23628050088882446
0.7536309361457825
0.38966161012649536
0.11240049451589584
0.2972533702850342
0.5430120229721069
0.965104341506958
0.15893885493278503
0.997532844543457
0.040883343666791916
0.3066595494747162
0.8678264021873474
0.6158314943313599
0.07567223161458969
0.8247397541999817
0.9246828556060791
0.5630509257316589
0.050214823335409164
0.8725563287734985
0.8141895532608032
0.7403830885887146
0.9639676213264465
0.460062175989151
0.4220530390739441
0.4540834128856659
0.8334565758705139
0.36263811588287354
0.3894183039665222
0.8669325709342957
0.030935196205973625
0.9348386526107788
0.7025074362754822
0.05136386305093765
0.3564758598804474
0.645094096660614
0.7243238687515259
0.4431073069572449
0.7471606135368347
0.3333824872970581
0.5358015894889832
0.2049405723810196
0.1081792339682579
0.1450297236442566
0.0860903263092041
0.7770536541938782
0.5204870700836182
0.09452763199806213
0.2858012914657593
0.1677096039056778
0.9233255982398987
0.7373902797698975
0.36847618222236633
0.3619643449783325
0.044738300144672394
0.9612641334533691
0.20999321341514587
0.7966272234916687
0.10450312495231628
0.7801845669746399
0.06596127152442932
0.06832165271043777
0.4137752950191498
0.2736899256706238
0.5934330224990845
0.24397996068000793
0.746773362159729
0.7092975974082947
0.350647896528244
0.9446737766265869
0.19399863481521606
0.9527568817138672
0.41716161370277405
0.9172390699386597
0.5516788363456726
0.8226050138473511
0.7630881667137146
0.6007311940193176
0.6198851466178894
0.32399916648864746
0.7224647998809814
0.10924734175205231
0.909162700176239
0.16107535362243652
0.28023871779441833
0.5571168661117554
0.8464555740356445
0.3457067608833313
0.8985299468040466
0.13610810041427612
0.07609953731298447
0.05617577210068703
0.6570725440979004
0.36191922426223755
0.27726390957832336
0.7301213145256042
0.4542573392391205
0.5143718123435974
0.9517969489097595
0.9556008577346802
0.3679252564907074
0.6237717866897583
0.5127678513526917
0.0941016674041748
0.7228626608848572
0.5957054495811462
0.3851882517337799
0.8047053813934326
0.8897674679756165
0.6563477516174316
0.2157990038394928
0.376048743724823
0.581096887588501
0.4790758192539215
0.6518260836601257
0.04127063974738121
0.9854671955108643
0.7026990652084351
0.9184051752090454
0.0008027810254134238
0.6838676333427429
0.49510398507118225
0.8327178359031677
0.6827021241188049
0.479398638010025
0.6733760237693787
0.8837301135063171
0.014658099971711636
0.13573996722698212
0.38054507970809937
0.1407976597547531
0.04791824892163277
0.5458130240440369
0.11034488677978516
0.5711971521377563
0.09633549302816391
0.20504765212535858
0.2672809064388275
0.5804351568222046
0.33615946769714355
0.9016870856285095
0.9354795813560486
0.46673983335494995
0.7423228025436401
0.933296799659729
0.5728970170021057
0.024102428928017616
0.31103551387786865
0.5713098049163818
0.13021090626716614
0.9588374495506287
0.40196505188941956
0.5990501046180725
0.7250128984451294
0.9589686989784241
0.8360582590103149
0.034695468842983246
0.9396981596946716
0.9179763197898865
0.31330665946006775
0.10370059311389923
0.9560791850090027
0.08305834978818893
0.990149199962616
0.5801093578338623
0.5331798791885376
0.6465990543365479
0.8919610977172852
0.534142255783081
0.040616970509290695
0.32763755321502686
0.06531758606433868
0.8091870546340942
0.6944971680641174
0.7617627382278442
0.5400871634483337
0.6958388090133667
0.7276989817619324
0.35720622539520264
0.37029674649238586
0.4429858922958374
0.7637813687324524
0.7721994519233704
0.9546003937721252
0.9747422933578491
0.13455067574977875
0.18515166640281677
0.24675105512142181
0.16609600186347961
0.36307674646377563
0.49240240454673767
0.3261459469795227
0.40512901544570923
0.10414361208677292
0.8692412972450256
0.8576077818870544
0.09986647963523865
0.8448435664176941
0.5337231159210205
0.4673463702201843
0.23427478969097137
0.044386424124240875
0.770459771156311
0.5548452138900757
0.936866819858551
0.5321912169456482
0.9886648654937744
0.22892455756664276
0.018797775730490685
0.964191734790802
0.2866634428501129
0.7825771570205688
0.06511472910642624
0.007695562671869993
0.8634060621261597
0.2912102937698364
0.8785439133644104
0.5454701781272888
0.8030176758766174
0.2947853207588196
0.7099249958992004
0.7747203707695007
0.46084633469581604
0.7992686033248901
0.17454399168491364
0.8146896958351135
0.32047849893569946
0.5063770413398743
0.7522408366203308
0.9952894449234009
0.7093424797058105
0.6289215683937073
0.22347846627235413
0.37669506669044495
0.07366625219583511
0.7189522981643677
0.04350541904568672
0.5411587953567505
0.8025068640708923
0.6760119795799255
0.48982787132263184
0.10241017490625381
0.9962891340255737
0.5476809740066528
0.5683443546295166
0.6314511895179749
0.17383350431919098
0.8233916759490967
0.5162861347198486
0.5224759578704834
0.6334835886955261
0.10504266619682312
0.06925110518932343
0.841856062412262
0.7225137948989868
0.10612472146749496
0.056746095418930054
0.619793176651001
0.990539014339447
0.21358828246593475
0.01193004660308361
0.8474684953689575
0.767580509185791
0.8436787128448486
0.423195481300354
0.5416926741600037
0.5437163710594177
0.6433594226837158
0.3225904107093811
0.4122883379459381
0.16277512907981873
0.5146514773368835
0.07986070215702057
0.14289259910583496
0.8011476993560791
0.07816801965236664
0.9789308905601501
0.6812872886657715
0.5612785816192627
0.1729515939950943
0.42286524176597595
0.12205260992050171
0.07096885144710541
0.7171725034713745
0.6031040549278259
0.7005855441093445
0.2875140309333801
0.4303877055644989
0.423722505569458
0.9407450556755066
0.2532687783241272
0.6673257946968079
0.7124440670013428
0.5688478350639343
0.4163678288459778
0.03405291587114334
0.03418568894267082
0.3658027946949005
0.8106372356414795
0.599047064781189
0.2116263061761856
0.5856462121009827
0.6370634436607361
0.7691513895988464
0.12481383979320526
0.3072318434715271
0.9583359956741333
0.20133264362812042
0.39094510674476624
0.16343778371810913
0.15510030090808868
0.07714270055294037
0.6016026139259338
0.36565396189689636
0.10416489094495773
0.6548991203308105
0.7017255425453186
0.21586711704730988
0.795918345451355
0.16273653507232666
0.5315268039703369
0.8764470815658569
0.3465084731578827
0.5295019149780273
0.14547501504421234
0.3349524140357971
0.40208178758621216
0.8708383440971375
0.052705276757478714
0.8594456315040588
0.4325319826602936
0.9877694249153137
0.829146683216095
0.4423711895942688
0.17826905846595764
0.1388431191444397
0.382907509803772
0.9304794073104858
0.9078012108802795
0.6783249378204346
0.9674113988876343
0.6684843897819519
0.03680425509810448
0.5335688591003418
0.4901169538497925
0.08360909670591354
0.008015384897589684
0.5185085535049438
0.39730268716812134
0.8620100617408752
0.8736870288848877
0.8239480257034302
0.9389590620994568
0.09938175231218338
0.20231153070926666
0.5751646161079407
0.9004436135292053
0.11751871556043625
0.456197053194046
0.5809873342514038
0.17400780320167542
0.5005983114242554
0.39886051416397095
0.31226614117622375
0.5617495179176331
0.4427804946899414
0.12128111720085144
0.48188623785972595
0.1532532274723053
0.5190337300300598
0.2551668584346771
0.5685446858406067
0.4163631498813629
0.728486180305481
0.025218341499567032
0.38298290967941284
0.9466413259506226
0.43713298439979553
0.3346128463745117
0.2558991611003876
0.4961862564086914
0.22803711891174316
0.5239965319633484
0.23112650215625763
0.641710102558136
0.9879894256591797
0.09011603146791458
0.4282391369342804
0.04101494699716568
0.62400221824646
0.8274219632148743
0.02830091118812561
0.10441773384809494
0.8339526653289795
0.966875433921814
0.29429298639297485
0.42925742268562317
0.5965014696121216
0.2207506150007248
0.2862943112850189
0.15781226754188538
0.5281929969787598
0.3343297243118286
0.7206563353538513
0.4426060616970062
0.17890110611915588
0.04368564486503601
0.5588619709014893
0.8962643146514893
0.022779935970902443
0.9311709403991699
0.6735252737998962
0.6573789119720459
0.27774327993392944
0.629916250705719
0.7935343980789185
0.2753850519657135
0.5995650887489319
0.25138840079307556
0.1314799040555954
0.6537168622016907
0.5235897302627563
0.8913002610206604
0.8860833048820496
0.5919392704963684
0.40524137020111084
0.23626750707626343
0.9510056972503662
0.880392849445343
0.5832451581954956
0.7095879912376404
0.1136285588145256
0.3186264932155609
0.5612579584121704
0.6048817038536072
0.45026588439941406
0.9418092966079712
0.8546038269996643
0.12017954885959625
0.5752435326576233
0.4723252058029175
0.8200474381446838
0.42090871930122375
0.5565379858016968
0.8068310618400574
0.6647995710372925
0.435553640127182
0.6076890826225281
0.2066091001033783
0.9752217531204224
0.029192740097641945
0.7969790697097778
0.8921615481376648
0.8273331522941589
0.4419136047363281
0.3316297233104706
0.5911361575126648
0.1262832134962082
0.5715253353118896
0.6095006465911865
0.9418382048606873
0.15245337784290314
0.22845230996608734
0.05334215611219406
0.9915784597396851
0.4768508970737457
0.9288035035133362
0.6067002415657043
0.8708098530769348
0.606971800327301
0.4378370940685272
0.0737696960568428
0.060125887393951416
0.326210081577301
0.8332862257957458
0.37940117716789246
0.06480151414871216
0.9283131957054138
0.08670227229595184
0.4335058629512787
0.5605193376541138
0.2532365024089813
0.9025546908378601
0.8279696702957153
0.7447572946548462
0.41696420311927795
0.5740377902984619
0.650128960609436
0.2553028166294098
0.04697553813457489
0.21296942234039307
0.06864751130342484
0.494100958108902
0.4986724257469177
0.3518730103969574
0.9605635404586792
0.4710156321525574
0.7052323818206787
0.8216630220413208
0.9025256633758545
0.6041960716247559
0.49413082003593445
0.9193171858787537
0.08232831209897995
0.7291038632392883
0.5751801133155823
0.4093368947505951
0.25925830006599426
0.57625812292099
0.7531145811080933
0.9765323996543884
0.5774672031402588
0.3838297128677368
0.7854198813438416
0.20671787858009338
0.7150740027427673
0.18794472515583038
0.27969011664390564
0.9487656354904175
0.8067907691001892
0.5000942945480347
0.35514694452285767
0.613057553768158
0.44932791590690613
0.5003439784049988
0.6946811676025391
0.3073578178882599
0.708067774772644
0.02772769145667553
0.9333774447441101
0.20205102860927582
0.7406558990478516
0.6459273099899292
0.5093597173690796
0.32795873284339905
0.121040478348732
0.3275981843471527
0.34348514676094055
0.38731521368026733
0.12488467246294022
0.9449228048324585
0.9984498023986816
0.4963975250720978
0.8474403023719788
0.6768821477890015
0.7448972463607788
0.9230299592018127
0.08797767013311386
0.018339265137910843
0.7913392186164856
0.7021312117576599
0.9127531051635742
0.5155475735664368
0.877799391746521
0.6048581600189209
0.21742747724056244
0.5145174264907837
0.047610945999622345
0.792052149772644
0.5597847104072571
0.5283264517784119
0.45739415287971497
0.24832934141159058
0.4045446515083313
0.19757753610610962
0.7047023177146912
0.4813403785228729
0.6304479837417603
0.927824079990387
0.7045064568519592
0.015015605837106705
0.8775413036346436
0.8649024367332458
0.8221752047538757
0.8337010145187378
0.3119693100452423
0.7562816143035889
0.4837912917137146
0.8939394950866699
0.567318320274353
0.42975637316703796
0.09091989696025848
0.5585355758666992
0.4932539761066437
0.9039022326469421
0.09302473068237305
0.142865389585495
0.13208025693893433
0.43387624621391296
0.28784024715423584
0.9344857931137085
0.2594091594219208
0.027927106246352196
0.5112893581390381
0.05400000885128975
0.1678546518087387
0.45780807733535767
0.13815535604953766
0.19597865641117096
0.8425899147987366
0.4364854395389557
0.5989668369293213
0.10440222173929214
0.6913672089576721
0.2633918225765228
0.6318228840827942
0.7811187505722046
0.23237676918506622
0.47904884815216064
0.5608733296394348
0.04488297179341316
0.413278728723526
0.4527775049209595
0.5969471335411072
0.10712426900863647
0.6611121296882629
0.764599084854126
0.7393112182617188
0.4274521768093109
0.4393133819103241
0.6741812825202942
0.09608716517686844
0.6279945969581604
0.0605403333902359
0.586910605430603
0.9898526072502136
0.5505030155181885
0.3159754276275635
0.9599276781082153
0.8338913321495056
0.3162034749984741
0.4708564579486847
0.8583890199661255
0.4190521538257599
0.6922836303710938
0.6140682697296143
0.20356391370296478
0.014683768153190613
0.15113858878612518
0.018008898943662643
0.6248325109481812
0.35595598816871643
0.6523464322090149
0.023444073274731636
0.7237160205841064
0.15378758311271667
0.11070632934570312
0.2365902066230774
0.2269328534603119
0.26666146516799927
0.3248966634273529
0.8431366682052612
0.13640819489955902
0.5807198286056519
0.34543126821517944
0.42759644985198975
0.6863555312156677
0.1101074144244194
0.16416965425014496
0.990947425365448
0.9234023094177246
0.4140365421772003
0.11861365288496017
0.9444589018821716
0.7063661813735962
0.48600563406944275
0.8727763891220093
0.2892076075077057
0.6775994896888733
0.2642492353916168
0.5855196714401245
0.4203029274940491
0.09478216618299484
0.7099365592002869
0.8910480737686157
0.3812370002269745
0.0661223903298378
0.07746890187263489
0.18840302526950836
0.8219394683837891
0.9457590579986572
0.21419060230255127
0.8223593235015869
0.6518102288246155
0.9545094966888428
0.03474238142371178
0.2855689823627472
0.6570494174957275
0.5184168815612793
0.7159045338630676
0.4441434442996979
0.14727990329265594
0.14243391156196594
0.04846241697669029
0.08475892245769501
0.5779380202293396
0.7483693957328796
0.31711363792419434
0.7218920588493347
0.3239447772502899
0.7468909025192261
0.28086549043655396
0.4598996043205261
0.44703635573387146
0.9511897563934326
0.8521193861961365
0.10136424005031586
0.96617192029953
0.3714786469936371
0.9621828198432922
0.8271331787109375
0.5620675086975098
0.7884846329689026
0.807131290435791
0.35022372007369995
0.8921179175376892
0.12274445593357086
0.3766172230243683
0.9555095434188843
0.9571079015731812
0.68049156665802
0.40360838174819946
0.5827296376228333
0.9581529498100281
0.6501033306121826
0.49560943245887756
0.6911492347717285
0.47672808170318604
0.059474535286426544
0.41304993629455566
0.911790132522583
0.42747822403907776
0.06989937275648117
0.3169592618942261
0.04290436953306198
0.4423370063304901
0.13466830551624298
0.9246507287025452
0.2410067319869995
0.9130315780639648
0.41197672486305237
0.9718808531761169
0.6275219321250916
0.11372463405132294
0.22921429574489594
0.47580668330192566
0.1381397843360901
0.3406407833099365
0.7346705198287964
0.4157319962978363
0.05207359418272972
0.03329994156956673
0.08004786819219589
0.14532916247844696
0.4450942873954773
0.8562523722648621
0.21950511634349823
0.661444365978241
0.15528304874897003
0.6761656403541565
0.30159318447113037
0.5364086031913757
0.8546648621559143
0.6919942498207092
0.6303319931030273
0.5366387367248535
0.4202174246311188
0.09436142444610596
0.6650748252868652
0.8601728677749634
0.6568683385848999
0.7543455362319946
0.497307151556015
0.9645100831985474
0.16284306347370148
0.543676495552063
0.5510797500610352
0.5456495881080627
0.49953994154930115
0.8010270595550537
0.462096244096756
0.8981822729110718
0.17689450085163116
0.6208475828170776
0.12942427396774292
0.16318897902965546
0.7587636113166809
0.004593339748680592
0.1199708804488182
0.5540883541107178
0.2893344461917877
0.37348663806915283
0.7027555108070374
0.05830489471554756
0.8960912823677063
0.5700110197067261
0.00399538641795516
0.7312524914741516
0.19565466046333313
0.10699637979269028
0.47803351283073425
0.9919531941413879
0.3355480432510376
0.036981768906116486
0.7092915177345276
0.15063375234603882
0.46279603242874146
0.2460479736328125
0.2912854552268982
0.11128105968236923
0.967766284942627
0.7079839706420898
0.5468747615814209
0.34989702701568604
0.22057099640369415
0.5002448558807373
0.8904381394386292
0.9826273322105408
0.18177853524684906
0.02768002450466156
0.42045560479164124
0.7352283000946045
0.8994979858398438
0.6369861364364624
0.7485729455947876
0.6559733748435974
0.28777921199798584
0.4384539723396301
0.4272036552429199
0.19578340649604797
0.49427029490470886
0.5522446632385254
0.8084179162979126
0.4766473174095154
0.7055381536483765
0.7598633170127869
0.9510619640350342
0.06875214725732803
0.7103278040885925
0.677486777305603
0.5053474307060242
0.22100888192653656
0.28563931584358215
0.9075033664703369
0.4826471507549286
0.10253483802080154
0.6412673592567444
0.2863416075706482
0.5977483987808228
0.46544376015663147
0.4686526358127594
0.9552861452102661
0.5612899661064148
0.23457090556621552
0.6224836111068726
0.3763427436351776
0.7275271415710449
0.532279908657074
0.3360750079154968
0.8196853995323181
0.2468286007642746
0.3566158413887024
0.23687966167926788
0.8002904057502747
0.7605167031288147
0.30911755561828613
0.29762741923332214
0.96659916639328
0.5655170679092407
0.21156278252601624
0.7685874104499817
0.6671091914176941
0.4661923348903656
0.1791067123413086
0.6342037320137024
0.4335567057132721
0.2778065502643585
0.38290008902549744
0.7485871315002441
0.4155842363834381
0.7301526665687561
0.4703163504600525
0.048085685819387436
0.8705147504806519
0.3408680260181427
0.6272398829460144
0.8838204145431519
0.6861429810523987
0.19159023463726044
0.8719126582145691
0.7855679392814636
0.06845720112323761
0.015419108793139458
0.9972026944160461
0.8249806761741638
0.9913095235824585
0.967742919921875
0.021958377212285995
0.87098628282547
0.897797167301178
0.38020551204681396
0.6348890662193298
0.1532106250524521
0.5532388091087341
0.8782450556755066
0.3376428186893463
0.7592228055000305
0.5736035108566284
0.46397319436073303
0.8102079629898071
0.6281217932701111
0.298349529504776
0.7602799534797668
0.10748385637998581
0.15925303101539612
0.019247662276029587
0.15114475786685944
0.06881584227085114
0.3780170977115631
0.08731964975595474
0.32712671160697937
0.09856067597866058
0.8823725581169128
0.5572027564048767
0.4744432866573334
0.660078763961792
0.6167587637901306
0.2784111499786377
0.44025498628616333
0.6012095212936401
0.39973652362823486
0.7763721346855164
0.06890574842691422
0.739594578742981
0.9533275365829468
0.3056347370147705
0.7265521287918091
0.628700852394104
0.11907898634672165
0.8696526885032654
0.9431706070899963
0.016930561512708664
0.357248455286026
0.32716667652130127
0.7256643772125244
0.5646722912788391
0.17961303889751434
0.38006722927093506
0.589057445526123
0.21546556055545807
0.6405486464500427
0.2843672037124634
0.8898053169250488
0.9926207661628723
0.7946546673774719
0.19834838807582855
0.04265599325299263
0.21939118206501007
0.514251172542572
0.13661488890647888
0.3828834593296051
0.13863523304462433
0.010091369040310383
0.003991009667515755
0.37650129199028015
0.9229939579963684
0.8966912031173706
0.35692012310028076
0.4806157648563385
0.6591940522193909
0.4017490744590759
0.3316758871078491
0.8334403038024902
0.5646898150444031
0.8055671453475952
0.7919902205467224
0.37254199385643005
0.39605483412742615
0.1866317093372345
0.08820341527462006
0.30265575647354126
0.5385572910308838
0.6859230995178223
0.18526260554790497
0.8868945240974426
0.2699917256832123
0.07034836709499359
0.9069661498069763
0.1925613284111023
0.21977190673351288
0.8581063747406006
0.19811980426311493
0.22041639685630798
0.45099925994873047
0.636102557182312
0.04399074241518974
0.034479089081287384
0.07968004047870636
0.6894581317901611
0.7513320446014404
0.5731479525566101
0.8710290789604187
0.09402046352624893
0.772087574005127
0.5510690212249756
0.9941047430038452
0.07608357816934586
0.4633600115776062
0.6241971254348755
0.40496140718460083
0.31005120277404785
0.27471059560775757
0.13196076452732086
0.08071427792310715
0.7113802433013916
0.6532049179077148
0.029389070346951485
0.9930155277252197
0.06180107966065407
0.7720009088516235
0.35441452264785767
0.724189281463623
0.5332848429679871
0.8356823325157166
0.5982629060745239
0.5656376481056213
0.2509324550628662
0.47554388642311096
0.22664879262447357
0.9575691819190979
0.11783818900585175
0.6046127080917358
0.6149389743804932
0.10000940412282944
0.9590896964073181
0.1417509764432907
0.3494299650192261
0.14199772477149963
0.22133387625217438
0.7339077591896057
0.5584882497787476
0.40639129281044006
0.14213895797729492
0.895164430141449
0.7175555229187012
0.09276402741670609
0.6663680672645569
0.4058482348918915
0.4482506811618805
0.38920602202415466
0.11379493772983551
0.48892536759376526
0.437904953956604
0.9165581464767456
0.2472923845052719
0.7216985821723938
0.573625922203064
0.9839972853660583
0.4180586040019989
0.6254931092262268
0.7072122097015381
0.8339046239852905
0.8800588250160217
0.5443326830863953
0.4688142240047455
0.015298006124794483
0.07598333060741425
0.3812505304813385
0.0052934628911316395
0.1787382811307907
0.0766141265630722
0.47403135895729065
0.052858032286167145
0.3774876594543457
0.45293092727661133
0.09890101104974747
0.10520721226930618
0.7675021290779114
0.9501011371612549
0.10832194238901138
0.2707776427268982
0.40812990069389343
0.7531545162200928
0.9029615521430969
0.05005975440144539
0.78483647108078
0.23555020987987518
0.4041968286037445
0.5035692453384399
0.547715425491333
0.5381960868835449
0.033517707139253616
0.41771969199180603
0.05571413412690163
0.22119861841201782
0.45848730206489563
0.03871068358421326
0.4001815617084503
0.6580948829650879
0.25312530994415283
0.15140768885612488
0.09500399976968765
0.0846623033285141
0.8667368292808533
0.769651472568512
0.03624971956014633
0.6078737378120422
0.5884435176849365
0.8135204911231995
0.6193379759788513
0.7867059111595154
0.49798882007598877
0.9530090093612671
0.8036390542984009
0.7089789509773254
0.9301124215126038
0.9051687717437744
0.5116335153579712
0.05221226438879967
0.21974359452724457
0.06262873858213425
0.8003607392311096
0.9992501139640808
0.9339556694030762
0.22812853753566742
0.9528346061706543
0.11047442257404327
0.889080286026001
0.03220406174659729
0.7046195268630981
0.9045514464378357
0.9794383645057678
0.00888640247285366
0.5871707201004028
0.7244405150413513
0.23915858566761017
0.6634681224822998
0.5958828330039978
0.7574558258056641
0.4359095096588135
0.5610660314559937
0.7314170002937317
0.35552895069122314
0.9036805629730225
0.4967150390148163
0.3329046964645386
0.6046470403671265
0.6712048053741455
0.10771909356117249
0.45041391253471375
0.13059985637664795
0.5782657265663147
0.0050240629352629185
0.8771475553512573
0.8346076607704163
0.13177073001861572
0.780762791633606
0.3223031461238861
0.8344789147377014
0.27038702368736267
0.22381159663200378
0.41073572635650635
0.6129152178764343
0.31812262535095215
0.5802079439163208
0.0817299485206604
0.5292322635650635
0.4681159257888794
0.8862075805664062
0.5503438115119934
0.7192302346229553
0.6499676704406738
0.9830443263053894
0.31940725445747375
0.30631065368652344
0.3078381419181824
0.9871039986610413
0.6509410738945007
0.8683631420135498
0.388480007648468
0.9748439192771912
0.6696951389312744
0.158413365483284
0.695739209651947
0.6633379459381104
0.5985586047172546
0.5891242623329163
0.38898029923439026
0.797702968120575
0.12571880221366882
0.34877046942710876
0.015403155237436295
0.8322590589523315
0.8901336789131165
0.0077436878345906734
0.8435816168785095
0.7031317353248596
0.18729399144649506
0.21412315964698792
0.7272626757621765
0.6383852958679199
0.6486897468566895
0.6861005425453186
0.7112467885017395
0.43041282892227173
0.08161461353302002
0.04517747089266777
0.6687830686569214
0.4497169256210327
0.21257701516151428
0.08693743497133255
0.9350895881652832
0.47486501932144165
0.26966094970703125
0.8632569909095764
0.5601826310157776
0.16388016939163208
0.24937495589256287
0.11616279184818268
0.9709786176681519
0.03512641787528992
0.9873738884925842
0.9722080230712891
0.6592410802841187
0.7068513631820679
0.6079685091972351
0.10412784665822983
0.6922540664672852
0.691938579082489
0.4355439841747284
0.02668655291199684
0.5808004140853882
0.5597772002220154
0.23769795894622803
0.25257062911987305
0.01584591530263424
0.2762928307056427
0.6885005831718445
0.7472813129425049
0.26156723499298096
0.5425165891647339
0.6891955137252808
0.48681148886680603
0.9387730360031128
0.77181077003479
0.9464178085327148
0.862057089805603
0.05351719632744789
0.9919508695602417
0.45060840249061584
0.7760027050971985
0.20699620246887207
0.6434482932090759
0.816231369972229
0.621076762676239
0.5245854258537292
0.41503578424453735
0.5365260243415833
0.6046444177627563
0.22741027176380157
0.7638453245162964
0.09668298065662384
0.15765489637851715
0.5330218076705933
0.00061466806801036
0.9603419899940491
0.3382295072078705
0.15071706473827362
0.5862628817558289
0.004186652600765228
0.5168560743331909
0.259481281042099
0.6390129923820496
0.688220202922821
0.08339010924100876
0.3940800726413727
0.5573003888130188
0.37800332903862
0.3558162748813629
0.24996542930603027
0.8767057657241821
0.3656105399131775
0.21684589982032776
0.7572991251945496
0.5126272439956665
0.9252392053604126
0.16618815064430237
0.8752496242523193
0.04764997586607933
0.14211541414260864
0.7935373187065125
0.8753249049186707
0.21670754253864288
0.5011284351348877
0.4639970064163208
0.2943308353424072
0.8083429932594299
0.35639047622680664
0.5214726328849792
0.38903868198394775
0.6418279409408569
0.9026932120323181
0.9722439050674438
0.1245407983660698
0.23781295120716095
0.9231683015823364
0.9548690915107727
0.39045432209968567
0.41917651891708374
0.5041509866714478
0.11553046107292175
0.9578369855880737
0.8963136672973633
0.5868465900421143
0.8118641972541809
0.4157455861568451
0.36715972423553467
0.8806459307670593
0.86159348487854
0.08151265978813171
0.7713306546211243
0.25512391328811646
0.8623759150505066
0.9260757565498352
0.5268353819847107
0.5051119923591614
0.21670889854431152
0.25460898876190186
0.24361133575439453
0.8954150080680847
0.3825438618659973
0.6989309787750244
0.7658205032348633
0.5241044759750366
0.995370626449585
0.6314614415168762
0.7704809904098511
0.3675757646560669
0.537322998046875
0.06237351521849632
0.03923364728689194
0.1483984887599945
0.18689005076885223
0.5405498147010803
0.8986842632293701
0.6781217455863953
0.9803332090377808
0.5060410499572754
0.769415020942688
0.9308124780654907
0.17077699303627014
0.44271692633628845
0.5955874919891357
0.7062211036682129
0.7164617776870728
0.5496849417686462
0.03704049438238144
0.39268958568573
0.07204974442720413
0.6391786932945251
0.6524776816368103
0.5439324378967285
0.16518208384513855
0.6329711079597473
0.955574631690979
0.3584199547767639
0.47740107774734497
0.9072800874710083
0.9422242641448975
0.4528764486312866
0.23832273483276367
0.3597389757633209
0.27941063046455383
0.9549298286437988
0.06072992458939552
0.00827788095921278
0.29754018783569336
0.8885971903800964
0.7958351969718933
0.3851877450942993
0.7159201502799988
0.13317441940307617
0.5501748919487
0.11873949319124222
0.24536703526973724
0.9545726776123047
0.42252424359321594
0.9029845595359802
0.6663432717323303
0.5110235810279846
0.49964022636413574
0.7532911896705627
0.26833897829055786
0.6543712019920349
0.7687862515449524
0.316559761762619
0.8446761965751648
0.13069123029708862
0.553556501865387
0.3587121069431305
0.6282785534858704
0.21188078820705414
0.8162716627120972
0.9216899871826172
0.7007459402084351
0.708803653717041
0.02199195697903633
0.304312527179718
0.4952390193939209
0.051131732761859894
0.5917414426803589
0.6011383533477783
0.07368975132703781
0.8690643310546875
0.5373831987380981
0.7344396114349365
0.7391526699066162
0.30814874172210693
0.728438138961792
0.13838694989681244
0.6469048261642456
0.07723036408424377
0.9926138520240784
0.5451663732528687
0.9270009398460388
0.4183778166770935
0.1313527375459671
0.22550076246261597
0.3971298635005951
0.2728786766529083
0.4137018918991089
0.851342499256134
0.23177434504032135
0.31439441442489624
0.32926249504089355
0.5548449158668518
0.15344120562076569
0.7562243938446045
0.7237787842750549
0.6544420719146729
0.2779153287410736
0.049688614904880524
0.28692758083343506
0.5193066000938416
0.35228535532951355
0.9030922651290894
0.9061655402183533
0.13550947606563568
0.44099995493888855
0.9687637686729431
0.4008435010910034
0.9095904231071472
0.28978362679481506
0.7894554138183594
0.06940364092588425
0.5130268931388855
0.7791138291358948
0.6594511866569519
0.058080896735191345
0.8706715106964111
0.15420544147491455
0.09913401305675507
0.8971285820007324
0.2553257644176483
0.8057100772857666
0.021199023351073265
0.8013038039207458
0.27866268157958984
0.42575544118881226
0.7464929223060608
0.7077663540840149
0.4919740557670593
0.34270697832107544
0.3948462903499603
0.8918969035148621
0.915709912776947
0.8440731167793274
0.48599687218666077
0.859779953956604
0.3821384012699127
0.9443989396095276
0.596710205078125
0.8541897535324097
0.967178463935852
0.927332878112793
0.14448858797550201
0.8816137909889221
0.16585949063301086
0.8703096508979797
0.44214028120040894
0.6805723905563354
0.3011748790740967
0.5726525187492371
0.5624962449073792
0.6680709719657898
0.26395758986473083
0.07855817675590515
0.39185667037963867
0.8315563201904297
0.6489389538764954
0.498160183429718
0.9642632603645325
0.3592596650123596
0.9312748908996582
0.15472374856472015
0.7841743230819702
0.6179618239402771
0.3909247815608978
0.018084216862916946
0.7599419951438904
0.6041805148124695
0.502180814743042
0.2748588025569916
0.9011918902397156
0.22829319536685944
0.22051700949668884
0.764395534992218
0.19507697224617004
0.6432775855064392
0.2770378291606903
0.10496197640895844
0.1957913190126419
0.9446319937705994
0.8367452025413513
0.33977770805358887
0.598214864730835
0.18377865850925446
0.39379435777664185
0.9978879690170288
0.7858225703239441
0.7060659527778625
0.967910647392273
0.06210425868630409
0.3503389060497284
0.42932209372520447
0.6962456703186035
0.6081677675247192
0.9449500441551208
0.8819493651390076
0.19477665424346924
0.8494288325309753
0.07172288000583649
0.6743903756141663
0.8559978604316711
0.9506381154060364
0.15360714495182037
0.11183684319257736
0.027671149000525475
0.28241103887557983
0.39749032258987427
0.5198659300804138
0.12239278107881546
0.8197916150093079
0.41929614543914795
0.9971655607223511
0.33428090810775757
0.5365681052207947
0.2421560138463974
0.3100123107433319
0.4615090787410736
0.2670605480670929
0.26477187871932983
0.8079984188079834
0.5808895230293274
0.9565321207046509
0.656428337097168
0.7669561505317688
0.002739949617534876
0.7442482113838196
0.18341369926929474
0.10441162437200546
0.36059555411338806
0.09086237102746964
0.611690104007721
0.3090043067932129
0.08142644912004471
0.2250046283006668
0.5765756368637085
0.6062607765197754
0.4181740880012512
0.7049551010131836
0.008676012046635151
0.6897773146629333
0.07263332605361938
0.020532114431262016
0.2556864619255066
0.46345242857933044
0.9644789099693298
0.644209623336792
0.04520266875624657
0.2726297378540039
0.1610272228717804
0.3423543870449066
0.06269528716802597
0.9933932423591614
0.6775158047676086
0.7035740613937378
0.8826403021812439
0.23398391902446747
0.41462627053260803
0.6063066720962524
0.1729559451341629
0.6734708547592163
0.6839177012443542
0.4202016592025757
0.8385006189346313
0.4905574917793274
0.9090255498886108
0.945311427116394
0.10372453182935715
0.8693169951438904
0.9285675287246704
0.3850802481174469
0.9001731872558594
0.29859983921051025
0.851222574710846
0.5915905237197876
0.8170338869094849
0.344466894865036
0.716754674911499
0.3384338915348053
0.4052644670009613
0.9978742599487305
0.4391334056854248
0.5192185640335083
0.1707410365343094
0.1702485978603363
0.8645647764205933
0.37192320823669434
0.8379529118537903
0.9062169194221497
0.1882946789264679
0.3969389498233795
0.8297193050384521
0.3863207697868347
0.15790441632270813
0.24313008785247803
0.9926275014877319
0.08962911367416382
0.07920000702142715
0.3334069848060608
0.5536916255950928
0.3460710644721985
0.22768042981624603
0.9694553017616272
0.5003661513328552
0.5638729929924011
0.6101214289665222
0.13188083469867706
0.6651240587234497
0.3888704478740692
0.4600857198238373
0.250753253698349
0.22164873778820038
0.9169647097587585
0.020635629072785378
0.9482770562171936
0.247864231467247
0.8371648192405701
0.17258509993553162
0.4493089020252228
0.3924320638179779
0.2383415400981903
0.2111494392156601
0.8927292823791504
0.33139753341674805
0.9545754194259644
0.36389729380607605
0.8753882050514221
0.8986303210258484
0.696158230304718
0.8223715424537659
0.5561919212341309
0.47720226645469666
0.32979750633239746
0.47016242146492004
0.842043936252594
0.6563692688941956
0.8310279250144958
0.058140356093645096
0.685329794883728
0.5796127319335938
0.5931446552276611
0.18243499100208282
0.11739128082990646
0.2809271812438965
0.12179863452911377
0.8446308970451355
0.7847297787666321
0.4721764028072357
0.7259239554405212
0.6985419392585754
0.48934486508369446
0.9539216756820679
0.5289206504821777
0.6284802556037903
0.09130199998617172
0.6286208033561707
0.6579787731170654
0.7945497035980225
0.5653614401817322
0.7166690230369568
0.6824365854263306
0.4378353953361511
0.630820095539093
0.7619225978851318
0.36180898547172546
0.7827615737915039
0.40816769003868103
0.46912097930908203
0.7093818783760071
0.14681483805179596
0.5843008160591125
0.017161624506115913
0.1733197420835495
0.025490334257483482
0.1497475951910019
0.9597726464271545
0.09161845594644547
0.5935588479042053
0.9181475639343262
0.5845800638198853
0.15587998926639557
0.9395633935928345
0.15217728912830353
0.36880797147750854
0.04276863858103752
0.5706556439399719
0.3336215317249298
0.05831144005060196
0.8284543752670288
0.24374152719974518
0.7772911787033081
0.5697742104530334
0.2024606168270111
0.27831077575683594
0.7115618586540222
0.8248928785324097
0.49448904395103455
0.08159466087818146
0.015285621397197247
0.36385202407836914
0.38194984197616577
0.7752166986465454
0.6648106575012207
0.7786054015159607
0.18317177891731262
0.361331582069397
0.7440733313560486
0.1271873265504837
0.13580724596977234
0.10020240396261215
0.433198481798172
0.9285690188407898
0.03244297206401825
0.8948407173156738
0.6752328872680664
0.8460862040519714
0.5352738499641418
0.46210193634033203
0.8430837988853455
0.11613232642412186
0.4177604913711548
0.18847890198230743
0.5995399951934814
0.9874646067619324
0.31066983938217163
0.8226468563079834
0.33627182245254517
0.8119618892669678
0.6642495393753052
0.5314300060272217
0.399519145488739
0.37395620346069336
0.48382094502449036
0.14410553872585297
0.9314783215522766
0.056754227727651596
0.10320716351270676
0.11706744879484177
0.8787405490875244
0.7582665085792542
0.032590657472610474
0.2818221151828766
0.17977051436901093
0.12122407555580139
0.9357742667198181
0.17639560997486115
0.2631019055843353
0.5237637758255005
0.24034401774406433
0.6083135008811951
0.6889621615409851
0.33181846141815186
0.6759414076805115
0.6766728758811951
0.1216890811920166
0.8622231483459473
0.2232603281736374
0.45027610659599304
0.696299135684967
0.14260901510715485
0.5713878273963928
0.2747342586517334
0.2929573655128479
0.5994307994842529
0.011764365248382092
0.3064992129802704
0.35942357778549194
0.639933705329895
0.733856737613678
0.1809043288230896
0.9161131978034973
0.6390523314476013
0.8897770047187805
0.8459491729736328
0.8575054407119751
0.26131659746170044
0.5614299178123474
0.5256949067115784
0.29063305258750916
0.011127859354019165
0.08879958838224411
0.5729536414146423
0.20794381201267242
0.3137434422969818
0.5770003795623779
0.06447352468967438
0.4954032301902771
0.7641806602478027
0.5387774705886841
0.10486118495464325
0.583491861820221
0.6654767394065857
0.06392967700958252
0.42725691199302673
0.6408922672271729
0.2847927212715149
0.49611803889274597
0.9945210218429565
0.306016206741333
0.846404492855072
0.7256962656974792
0.6055020093917847
0.12839144468307495
0.6983554363250732
0.6082600951194763
0.6864003539085388
0.24460427463054657
0.9705141186714172
0.9167463779449463
0.8120267987251282
0.8940334916114807
0.20080363750457764
0.9896299839019775
0.7447634935379028
0.34778422117233276
0.09716034680604935
0.6273741126060486
0.1509525626897812
0.3251102566719055
0.06881053745746613
0.4371292293071747
0.8568483591079712
0.12752892076969147
0.44610273838043213
0.3254457712173462
0.9641335606575012
0.4284514784812927
0.772061824798584
0.3369067311286926
0.5044757723808289
0.5711867213249207
0.08074671775102615
0.6332171559333801
0.9798973798751831
0.14067699015140533
0.9148916006088257
0.8003396391868591
0.43236252665519714
0.5846309065818787
0.3174172043800354
0.7496408820152283
0.951354444026947
0.821119487285614
0.11945933848619461
0.8691330552101135
0.4437200129032135
0.7981786131858826
0.4476809501647949
0.281244695186615
0.8022999167442322
0.8650734424591064
0.21386590600013733
0.8606786727905273
0.930965781211853
0.8569968342781067
0.8141522407531738
0.023502811789512634
0.8157984614372253
0.0478484183549881
0.9766771197319031
0.11719818413257599
0.21023908257484436
0.7308548092842102
0.15031756460666656
0.5697789788246155
0.8341696858406067
0.8783522248268127
0.9580180644989014
0.4354836940765381
0.46083638072013855
0.42898404598236084
0.03253797069191933
0.5087851881980896
0.08446171134710312
0.7278324365615845
0.06892765313386917
0.512252151966095
0.5724737644195557
0.6735196113586426
0.8202290534973145
0.6562612652778625
0.5854467153549194
0.4037248194217682
0.34651583433151245
0.7412432432174683
0.2157382071018219
0.8661540746688843
0.8573669195175171
0.15537048876285553
0.28052985668182373
0.30150896310806274
0.25267156958580017
0.43439722061157227
0.43560776114463806
0.8684353828430176
0.6154163479804993
0.49810585379600525
0.3564876317977905
0.5737384557723999
0.625773012638092
0.7100248336791992
0.6363868713378906
0.1678197681903839
0.3253537118434906
0.8755261301994324
0.21869298815727234
0.2197263389825821
0.7422886490821838
0.8652942776679993
0.6235402226448059
0.18050658702850342
0.8812453150749207
0.2634846568107605
0.7304763793945312
0.5274391770362854
0.7072566747665405
0.6833644509315491
0.033117830753326416
0.8709973096847534
0.6047534346580505
0.38798972964286804
0.8525145649909973
0.6736042499542236
0.16368499398231506
0.19135402143001556
0.8794915080070496
0.4852619767189026
0.5558102130889893
0.6229310631752014
0.3006572425365448
0.6361474394798279
0.1399155557155609
0.7372051477432251
0.23530320823192596
0.9730568528175354
0.7282067537307739
0.3932301700115204
0.32069772481918335
0.926854133605957
0.7757487893104553
0.6730428338050842
0.03883333131670952
0.4495519995689392
0.4927469491958618
0.6355078816413879
0.7457206845283508
0.011011823080480099
0.003971134778112173
0.8455881476402283
0.6759344339370728
0.6967154741287231
0.4752577841281891
0.9998860955238342
0.5472713112831116
0.004766769241541624
0.22064752876758575
0.6418880820274353
0.33883991837501526
0.18213008344173431
0.07408028095960617
0.9745815396308899
0.811061680316925
0.9163770079612732
0.4237508177757263
0.11054852604866028
0.9966813921928406
0.9534023404121399
0.47631266713142395
0.9127275943756104
0.39428332448005676
0.05776280537247658
0.7788792848587036
0.8322937488555908
0.9122939109802246
0.9687209725379944
0.8168851733207703
0.8529256582260132
0.03473043069243431
0.10289346426725388
0.5755902528762817
0.2708003520965576
0.857612133026123
0.341187059879303
0.9182238578796387
0.961172342300415
0.3932931125164032
0.89111328125
0.3808014988899231
0.3396184742450714
0.6829869747161865
0.3645932674407959
0.9928399324417114
0.7788482904434204
0.7272607088088989
0.3236747980117798
0.5727012157440186
0.6480452418327332
0.9193341135978699
0.9602202773094177
0.059333380311727524
0.6608023643493652
0.7473407983779907
0.5264971256256104
0.7874367237091064
0.4205334186553955
0.301410436630249
0.48849257826805115
0.41908788681030273
0.27376657724380493
0.6739469766616821
0.510727047920227
0.7831154465675354
0.27733567357063293
0.655716598033905
0.8611815571784973
0.39866602420806885
0.6386345624923706
0.21876031160354614
0.0637182891368866
0.2083882838487625
0.4806244373321533
0.6168915629386902
0.976563572883606
0.9907576441764832
0.21806257963180542
0.13581213355064392
0.24703918397426605
0.21365433931350708
0.20116497576236725
0.14400148391723633
0.4882376194000244
0.751803457736969
0.7369428277015686
0.2603254020214081
0.5457080602645874
0.39252969622612
0.14216074347496033
0.1730414479970932
0.10352201014757156
0.6398870944976807
0.7006025314331055
0.5448492169380188
0.8583481907844543
0.5047296285629272
0.46386954188346863
0.6004799604415894
0.26030057668685913
0.8889815211296082
0.9717248678207397
0.5250279307365417
0.6537378430366516
0.3915654122829437
0.3821040987968445
0.6128714084625244
0.11558202654123306
0.9415792226791382
0.23066943883895874
0.00021210886188782752
0.2331872135400772
0.5597867965698242
0.301075279712677
0.20576100051403046
0.4566810131072998
0.5203821063041687
0.6277883648872375
0.600945770740509
0.16909025609493256
0.7292659282684326
0.43635064363479614
0.008744272403419018
0.8006389737129211
0.7766627073287964
0.8629114031791687
0.8498287796974182
0.33895671367645264
0.2833271026611328
0.43896573781967163
0.010825378820300102
0.6719940304756165
0.38866713643074036
0.8772158026695251
0.40715229511260986
0.9180970788002014
0.5032129883766174
0.26563623547554016
0.2197241336107254
0.9816989898681641
0.38034719228744507
0.6999771595001221
0.346953809261322
0.8101555705070496
0.28166213631629944
0.5734500885009766
0.6280426979064941
0.31458336114883423
0.8512519001960754
0.9879885315895081
0.4852646589279175
0.9228100180625916
0.6081238985061646
0.8070816993713379
0.4373989403247833
0.9944073557853699
0.7963818311691284
0.9492295980453491
0.19946002960205078
0.9202389717102051
0.7707147598266602
0.061746321618556976
0.9315566420555115
0.9184244871139526
0.9792718887329102
0.4659305512905121
0.5079840421676636
0.4045829176902771
0.9211287498474121
0.01470677088946104
0.3061946630477905
0.5852824449539185
0.09595843404531479
0.9587252736091614
0.7503954172134399
0.19604463875293732
0.51325923204422
0.28954413533210754
0.5787985920906067
0.4353506565093994
0.4923681318759918
0.5622564554214478
0.5286781191825867
0.2841748297214508
0.832156240940094
0.41466015577316284
0.3573647737503052
0.5406945943832397
0.8894951343536377
0.7022590041160583
0.5658162832260132
0.14345215260982513
0.1420474797487259
0.30359452962875366
0.2971348464488983
0.5899026393890381
0.6614604592323303
0.8838082551956177
0.9090350270271301
0.7564809322357178
0.5461419224739075
0.54139643907547
0.67099529504776
0.43990030884742737
0.7097892165184021
0.7293723821640015
0.3884694576263428
0.322394996881485
0.5299559831619263
0.48251718282699585
0.5354182124137878
0.373593807220459
0.581002414226532
0.8940193057060242
0.10807104408740997
0.17250894010066986
0.04900671914219856
0.6835330724716187
0.36037731170654297
0.19558627903461456
0.814807653427124
0.3334486186504364
0.8220288753509521
0.34696337580680847
0.5407370328903198
0.5792474150657654
0.11744902282953262
0.8051213026046753
0.22457358241081238
0.1649198681116104
0.3329768180847168
0.12523509562015533
0.962592601776123
0.125332772731781
0.8396206498146057
0.10831982642412186
0.9829011559486389
0.1323838084936142
0.17461052536964417
0.40775033831596375
0.5069391131401062
0.7019761204719543
0.7228502035140991
0.0007774271653033793
0.3522200584411621
0.1312573254108429
0.3495531976222992
0.2041487842798233
0.5663636326789856
0.8096588850021362
0.1611829549074173
0.6062638163566589
0.8543524146080017
0.4269949495792389
0.6790069341659546
0.038005538284778595
0.5307753682136536
0.365814745426178
0.6653691530227661
0.23795609176158905
0.47569000720977783
0.3335852324962616
0.170966237783432
0.1570608913898468
0.13295382261276245
0.9895209074020386
0.09200779348611832
0.9168054461479187
0.9998077750205994
0.5368480086326599
0.6286249756813049
0.33729320764541626
0.08593271672725677
0.828906774520874
0.3148937225341797
0.1594073623418808
0.37220776081085205
0.0742332860827446
0.35597214102745056
0.20646119117736816
0.8134171962738037
0.8283557295799255
0.0552125945687294
0.23974207043647766
0.015431605279445648
0.3305092751979828
0.2281682938337326
0.6565136909484863
0.5774632096290588
0.1954994797706604
0.7358423471450806
0.9231498837471008
0.03391019254922867
0.57120281457901
0.23632347583770752
0.0025403762701898813
0.5939132571220398
0.814818263053894
0.27373480796813965
0.4598674774169922
0.7277582287788391
0.683361828327179
0.8871282339096069
0.6753339767456055
0.1796889305114746
0.4351097345352173
0.35734689235687256
0.16042393445968628
0.09329529106616974
0.7022867798805237
0.6663404703140259
0.3280625343322754
0.7149820923805237
0.457992285490036
0.6827056407928467
0.9870030879974365
0.025164440274238586
0.05001857504248619
0.6341597437858582
0.2085798680782318
0.13021841645240784
0.4362083971500397
0.21769161522388458
0.8312926292419434
0.16154757142066956
0.4730723202228546
0.6267494559288025
0.5029006004333496
0.0940600335597992
0.6386840343475342
0.4231889843940735
0.14302031695842743
0.27536848187446594
0.37157630920410156
0.1871897578239441
0.7477642893791199
0.8273484706878662
0.2324703484773636
0.10753335058689117
0.37024393677711487
0.09342487156391144
0.9313218593597412
0.236579030752182
0.37150564789772034
0.8205630779266357
0.07855845987796783
0.6596782803535461
0.7169846296310425
0.6465170383453369
0.05141017585992813
0.6012571454048157
0.2586072087287903
0.8299004435539246
0.8995980620384216
0.14341674745082855
0.31595703959465027
0.7147288918495178
0.4725356996059418
0.39358580112457275
0.6462857723236084
0.47907593846321106
0.2498529851436615
0.145422101020813
0.719366729259491
0.3567976951599121
0.00040980143239721656
0.024690434336662292
0.32951200008392334
0.31313151121139526
0.31816089153289795
0.8657558560371399
0.938185453414917
0.09109296649694443
0.9073184728622437
0.3607375919818878
0.9566572308540344
0.09259949624538422
0.3756537437438965
0.2634267508983612
0.9693422913551331
0.36050474643707275
0.9820326566696167
0.4960497319698334
0.911443829536438
0.39739540219306946
0.42468568682670593
0.3411806523799896
0.9177398681640625
0.09447488188743591
0.836108922958374
0.3426182270050049
0.2937867343425751
0.23419077694416046
0.36701759696006775
0.6022089719772339
0.8078043460845947
0.2437678724527359
0.5817959308624268
0.6934237480163574
0.18864525854587555
0.09075769037008286
0.28288111090660095
0.6875001788139343
0.09292422980070114
0.8837449550628662
0.13341361284255981
0.43893760442733765
0.7254835963249207
0.4446989893913269
0.4843081831932068
0.1405811756849289
0.9125357866287231
0.29275891184806824
0.3842385411262512
0.12288903445005417
0.051294051110744476
0.32148948311805725
0.33377358317375183
0.4316866099834442
0.6392632722854614
0.5861457586288452
0.6872047781944275
0.6329597234725952
0.5208706259727478
0.38812553882598877
0.36321693658828735
0.20675471425056458
0.5251792073249817
0.057635486125946045
0.9723021984100342
0.06797970831394196
0.3231336772441864
0.1711188405752182
0.8069267868995667
0.7952607870101929
0.27601873874664307
0.0036098314449191093
0.012039730325341225
0.33493125438690186
0.23928828537464142
0.7153191566467285
0.4453957974910736
0.59615558385849
0.5814204812049866
0.9996578693389893
0.14046038687229156
0.3858877420425415
0.3644038736820221
0.21104681491851807
0.5905240178108215
0.6717166900634766
0.8533207178115845
0.8862040042877197
0.9914607405662537
0.5840591192245483
0.48878100514411926
0.8671280741691589
0.5598371624946594
0.23808521032333374
0.8722978830337524
0.7478286623954773
0.059054818004369736
0.29893553256988525
0.8949361443519592
0.14080913364887238
0.7522748708724976
0.5547313094139099
0.9434311389923096
0.03622247278690338
0.3882182538509369
0.7362947463989258
0.8898045420646667
0.956167459487915
0.6519069671630859
0.6498012542724609
0.3822968006134033
0.4982285499572754
0.9657829403877258
0.18581794202327728
0.8642545342445374
0.4249234199523926
0.6558628678321838
0.11397356539964676
0.7302318215370178
0.9792309403419495
0.7259358763694763
0.24391241371631622
0.7900213599205017
0.30834197998046875
0.1658739149570465
0.9344431161880493
0.3807343542575836
0.9621636271476746
0.9080304503440857
0.49442359805107117
0.49425235390663147
0.5919968485832214
0.5247198343276978
0.41034838557243347
0.8177596926689148
0.29599887132644653
0.7554596066474915
0.7979586720466614
0.4015313684940338
0.910393476486206
0.32016393542289734
0.8854791522026062
0.2617490589618683
0.006724882870912552
0.9805352687835693
0.2640075087547302
0.6886054873466492
0.7565475702285767
0.10706455260515213
0.5414513945579529
0.24582955241203308
0.39861252903938293
0.49239295721054077
0.4067389965057373
0.35209155082702637
0.8777143955230713
0.38617536425590515
0.704984188079834
0.5827604532241821
0.5978569984436035
0.20249809324741364
0.20201151072978973
0.044566113501787186
0.274127721786499
0.3840825855731964
0.5241047143936157
0.01853860169649124
0.7916396856307983
0.6228646039962769
0.8783188462257385
0.9707292318344116
0.7230350971221924
0.5096673965454102
0.099073626101017
0.1490767002105713
0.13391725718975067
0.48094093799591064
0.27987539768218994
0.22919373214244843
0.7285305857658386
0.1523384004831314
0.29711031913757324
0.6265459656715393
0.07973675429821014
0.15669706463813782
0.6823288798332214
0.8369260430335999
0.03371841087937355
0.3539217412471771
0.43314090371131897
0.08427559584379196
0.22796422243118286
0.7457096576690674
0.882256805896759
0.37348976731300354
0.49060574173927307
0.9100141525268555
0.5372241735458374
0.19569465517997742
0.12636077404022217
0.8438917994499207
0.3210001289844513
0.8712402582168579
0.7392106652259827
0.7666258811950684
0.05820583552122116
0.871865451335907
0.5103930830955505
0.9647033214569092
0.5777040123939514
0.8002206683158875
0.2011946439743042
0.9044262170791626
0.6920493245124817
0.8619949817657471
0.8493859171867371
0.3210628032684326
0.10111543536186218
0.3479962646961212
0.5843291282653809
0.047036997973918915
0.8635261654853821
0.0488261878490448
0.03870994970202446
0.6837261915206909
0.4240095019340515
0.15348947048187256
0.05373126268386841
0.5423213243484497
0.2326083928346634
0.2653486728668213
0.16596029698848724
0.7720466256141663
0.29516834020614624
0.7138301730155945
0.12107137590646744
0.4007333517074585
0.6196863651275635
0.4205208420753479
0.3760802149772644
0.3723999857902527
0.7121292948722839
0.8771296739578247
0.35864266753196716
0.3322213590145111
0.6315646171569824
0.9668295979499817
0.8119397759437561
0.5200356245040894
0.4458751380443573
0.3549392521381378
0.5343820452690125
0.8989757299423218
0.7102953791618347
0.6218279004096985
0.7211188673973083
0.8979262709617615
0.07915446907281876
0.4429243206977844
0.48596814274787903
0.5544335842132568
0.9354578852653503
0.2773419916629791
0.7257611155509949
0.33323532342910767
0.19017550349235535
0.7708306908607483
0.41798529028892517
0.14053751528263092
0.8223651647567749
0.1003681868314743
0.5936055183410645
0.6742727756500244
0.7931367754936218
0.7197378277778625
0.9858857989311218
0.10574842989444733
0.09058422595262527
0.45262062549591064
0.4978245198726654
0.4377332925796509
0.3113507032394409
0.33544814586639404
0.7932589054107666
0.4672585725784302
0.1327097862958908
0.35245442390441895
0.8853861689567566
0.1874082237482071
0.47458457946777344
0.754958987236023
0.797942042350769
0.19406455755233765
0.40071436762809753
0.07608028501272202
0.3042915463447571
0.23826240003108978
0.420978307723999
0.6395490765571594
0.8549333214759827
0.59770268201828
0.882949948310852
0.5795444250106812
0.37580689787864685
0.9763876795768738
0.4172881245613098
0.9100736975669861
0.191641703248024
0.28423112630844116
0.16364872455596924
0.6592721343040466
0.33791467547416687
0.510754406452179
0.9668744802474976
0.5866864919662476
0.1861240714788437
0.2047683298587799
0.5091863870620728
0.7815473079681396
0.3236564099788666
0.847063422203064
0.26631322503089905
0.7386366724967957
0.7189745903015137
0.3364012837409973
0.9602423310279846
0.6851001381874084
0.37445107102394104
0.9362672567367554
0.0056387330405414104
0.5076253414154053
0.24198658764362335
0.3523842692375183
0.13377903401851654
0.8449565172195435
0.23510479927062988
0.6411721706390381
0.914055585861206
0.6967394351959229
0.4875291883945465
0.40172842144966125
0.3040171265602112
0.06201838701963425
0.12333584576845169
0.5937339067459106
0.1309742033481598
0.700770914554596
0.052261605858802795
0.15941737592220306
0.709295392036438
0.19639915227890015
0.9845232367515564
0.21994592249393463
0.978425920009613
0.6738282442092896
0.41174352169036865
0.2232198566198349
0.8651726841926575
0.3079651892185211
0.41891413927078247
0.7900919318199158
0.8696560263633728
0.9486296772956848
0.3949149549007416
0.06270841509103775
0.9049693942070007
0.6817528009414673
0.8684818744659424
0.7155469655990601
0.433887243270874
0.732877254486084
0.6433617472648621
0.08290692418813705
0.07071563601493835
0.622085690498352
0.8086210489273071
0.3149610161781311
0.7491843700408936
0.5757074952125549
0.05342360585927963
0.09998294711112976
0.33853694796562195
0.2950349748134613
0.9203184843063354
0.2591257393360138
0.9190600514411926
0.6546556949615479
0.03868085518479347
0.7332568764686584
0.47119778394699097
0.8400882482528687
0.8921718001365662
0.0739346370100975
0.17123167216777802
0.8146892189979553
0.05294746533036232
0.3147318661212921
0.9161256551742554
0.9688892364501953
0.9529528021812439
0.6700271368026733
0.4686284363269806
0.7413321733474731
0.8742395639419556
0.6850581765174866
0.48794612288475037
0.706779956817627
0.1969551295042038
0.6909806132316589
0.5289416909217834
0.9067894220352173
0.24600255489349365
0.7391391396522522
0.958209753036499
0.16675551235675812
0.15414203703403473
0.3466888964176178
0.5941295027732849
0.8509875535964966
0.6079513430595398
0.5526785254478455
0.2191932499408722
0.24210603535175323
0.011776329018175602
0.1141253411769867
0.7403870820999146
0.06724073737859726
0.16647274792194366
0.9524169564247131
0.923892080783844
0.001612235326319933
0.7509971261024475
0.35631242394447327
0.270020991563797
0.3501092791557312
0.19674158096313477
0.8248592615127563
0.3505280315876007
0.8319055438041687
0.35948994755744934
0.889094352722168
0.3342773914337158
0.31610777974128723
0.45806288719177246
0.4484005570411682
0.4950091242790222
0.6561448574066162
0.4261513352394104
0.6448372006416321
0.8988515138626099
0.21503743529319763
0.5310649275779724
0.20076300203800201
0.7242318987846375
0.27516794204711914
0.25459232926368713
0.853689432144165
0.6789318323135376
0.7223288416862488
0.9631549119949341
0.298742413520813
0.04786521568894386
0.45456305146217346
0.2585407793521881
0.9290137887001038
0.23698247969150543
0.028309104964137077
0.47398683428764343
0.976961076259613
0.2083725482225418
0.8344115614891052
0.7306325435638428
0.2694800794124603
0.22954142093658447
0.3421977460384369
0.2605995833873749
0.8354081511497498
0.5056051015853882
0.4329407215118408
0.6619086265563965
0.17922799289226532
0.46257954835891724
0.175064817070961
0.36449262499809265
0.3873811662197113
0.24307602643966675
0.9342640042304993
0.4008730351924896
0.2020484060049057
0.9627289175987244
0.8150754570960999
0.5806504487991333
0.44474777579307556
0.14885812997817993
0.7191852331161499
0.30010658502578735
0.45897871255874634
0.16886112093925476
0.30025991797447205
0.4926379919052124
0.1400662064552307
0.30833762884140015
0.1483546942472458
0.07000347226858139
0.4920569658279419
0.478453129529953
0.11110988259315491
0.48232796788215637
0.31837430596351624
0.9357783198356628
0.3678918182849884
0.8080527782440186
0.5560505390167236
0.4457225501537323
0.7445691823959351
0.9374649524688721
0.5236223936080933
0.3387719988822937
0.8965776562690735
0.9638504981994629
0.9380226731300354
0.5163132548332214
0.8034189343452454
0.858637273311615
0.8825124502182007
0.22652992606163025
0.7920017838478088
0.4839896261692047
0.5902377963066101
0.0038440923672169447
0.9380543828010559
0.7222833633422852
0.7720160484313965
0.9990728497505188
0.17582514882087708
0.7896345853805542
0.3192286491394043
0.42543521523475647
0.6456899046897888
0.8594898581504822
0.464074969291687
0.41462767124176025
0.7620231509208679
0.6528401374816895
0.8740581274032593
0.25507721304893494
0.5763845443725586
0.7133586406707764
0.21030546724796295
0.2570136487483978
0.6168641448020935
0.9344573020935059
0.4819352626800537
0.45486757159233093
0.6746299266815186
0.14568842947483063
0.1328175812959671
0.0929260328412056
0.6697199940681458
0.3893148899078369
0.6017388701438904
0.9832056164741516
0.39768826961517334
0.5216672420501709
0.5865126252174377
0.617897629737854
0.0180775448679924
0.7907080054283142
0.7861278653144836
0.32989686727523804
0.7076154947280884
0.6133280396461487
0.2574291229248047
0.2436339259147644
0.7942298054695129
0.38343438506126404
0.5565168857574463
0.23907019197940826
0.985395073890686
0.147896409034729
0.1696919947862625
0.649932861328125
0.02594831772148609
0.1448017805814743
0.2568698227405548
0.7843999266624451
0.46274417638778687
0.1797579526901245
0.6205363869667053
0.4000832438468933
0.0345953032374382
0.8056113719940186
0.7936729192733765
0.7755485773086548
0.17686811089515686
0.33433201909065247
0.1911010444164276
0.6028904914855957
0.7600810527801514
0.13418452441692352
0.8202260136604309
0.1822453737258911
0.42190220952033997
0.4723688066005707
0.05252256989479065
0.5695796012878418
0.7440340518951416
0.34990525245666504
0.7119695544242859
0.24055571854114532
0.8372595310211182
0.5214540362358093
0.17275458574295044
0.9087717533111572
0.6864579319953918
0.08405754715204239
0.5703564882278442
0.7394905686378479
0.7986196875572205
0.0915965586900711
0.8973432779312134
0.5781463980674744
0.13675642013549805
0.47761550545692444
0.48286187648773193
0.8293294310569763
0.6181747913360596
0.5768845081329346
0.5917851328849792
0.4590696394443512
0.28974366188049316
0.3351057171821594
0.6321280002593994
0.9441484808921814
0.08213743567466736
0.2606985867023468
0.22203849256038666
0.8419044613838196
0.2276994287967682
0.7178630232810974
0.6681735515594482
0.48515209555625916
0.04115721210837364
0.051850512623786926
0.6841532588005066
0.9377312064170837
0.21385373175144196
0.7382091283798218
0.7704097628593445
0.31118857860565186
0.46992093324661255
0.8824977874755859
0.9478209614753723
0.35417434573173523
0.3231363296508789
0.6815889477729797
0.18556292355060577
0.7542194724082947
0.19650429487228394
0.9993618726730347
0.12689630687236786
0.3963046967983246
0.7332069873809814
0.9178272485733032
0.9443148374557495
0.2261226326227188
0.651591420173645
0.4394427537918091
0.43539199233055115
0.15991820394992828
0.37233367562294006
0.40308713912963867
0.02725030854344368
0.7093279957771301
0.41960427165031433
0.7783414125442505
0.38268208503723145
0.6099910140037537
0.8667592406272888
0.765524685382843
0.5809933543205261
0.6389110088348389
0.631851315498352
0.38122448325157166
0.9586700201034546
0.606773853302002
0.6531917452812195
0.7012609243392944
0.5737058520317078
0.7625546455383301
0.22392646968364716
0.06915123760700226
0.6647899746894836
0.07215527445077896
0.0690680667757988
0.24791109561920166
0.19253741204738617
0.07099739462137222
0.5573431253433228
0.762008786201477
0.8169999122619629
0.9042791724205017
0.08977378904819489
0.0131186842918396
0.9463915824890137
0.6920098066329956
0.6069455146789551
0.9532244801521301
0.9480401873588562
0.9827017188072205
0.051857367157936096
0.1688036024570465
0.7068125605583191
0.9402213096618652
0.7321344614028931
0.5322526693344116
0.3121078312397003
0.19187034666538239
0.4601704180240631
0.9781020283699036
0.2931762635707855
0.5280593633651733
0.09647917747497559
0.26169466972351074
0.8747628331184387
0.8571633100509644
0.8921298980712891
0.9513496160507202
0.08073735237121582
0.9351260662078857
0.8705877661705017
0.353018581867218
0.18297544121742249
0.6386183500289917
0.4079478979110718
0.29952770471572876
0.42550158500671387
0.6518716812133789
0.3105897307395935
0.3477904498577118
0.21249382197856903
0.49037861824035645
0.5233078002929688
0.6794728636741638
0.795091986656189
0.3874336779117584
0.401510089635849
0.4312795400619507
0.6914147138595581
0.8927164673805237
0.8837441802024841
0.8236216306686401
0.6010860800743103
0.029179129749536514
0.14855948090553284
0.8335211873054504
0.9436966180801392
0.1106499582529068
0.7803156971931458
0.5797155499458313
0.7718609571456909
0.31594815850257874
0.954311192035675
0.8256363272666931
0.12516963481903076
0.5781301856040955
0.7939903140068054
0.5708463788032532
0.10638652741909027
0.7599564790725708
0.013286220841109753
0.7960053086280823
0.9158734679222107
0.668867290019989
0.17166349291801453
0.6489948034286499
0.26133692264556885
0.9896387457847595
0.5968909859657288
0.7940281629562378
0.6369317173957825
0.5931961536407471
0.04517727717757225
0.845407247543335
0.01582193374633789
0.9923180341720581
0.36617881059646606
0.20656640827655792
0.860708475112915
0.5182377696037292
0.44920408725738525
0.8854807615280151
0.013737305998802185
0.17479939758777618
0.9390733242034912
0.8178002238273621
0.3150504231452942
0.3251188397407532
0.37578916549682617
0.0956689715385437
0.2391940802335739
0.8469598293304443
0.2880852222442627
0.6470893621444702
0.8133522868156433
0.8239964246749878
0.8475668430328369
0.22156047821044922
0.5842651128768921
0.11894133687019348
0.11903934180736542
0.31579914689064026
0.34957394003868103
0.6392268538475037
0.7050292491912842
0.769188642501831
0.46007800102233887
0.833250105381012
0.9460410475730896
0.23962530493736267
0.9098766446113586
0.761730968952179
0.4656040370464325
0.386089950799942
0.7483811378479004
0.7782908082008362
0.9109494090080261
0.3134666383266449
0.7551936507225037
0.8500001430511475
0.4198211431503296
0.38546136021614075
0.7411723732948303
0.7295829653739929
0.42734840512275696
0.6610622406005859
0.4668034315109253
0.7317565083503723
0.7235878705978394
0.5628958940505981
0.1337188482284546
0.2900937497615814
0.7604531645774841
0.718891441822052
0.46446412801742554
0.004268359858542681
0.4494377672672272
0.8380854725837708
0.3156065344810486
0.7359684705734253
0.9179508686065674
0.5339908599853516
0.9494122862815857
0.7467177510261536
0.01497808936983347
0.3899490237236023
0.5097754001617432
0.7731416821479797
0.9560285210609436
0.45534637570381165
0.014684841968119144
0.5783746838569641
0.2795560657978058
0.413014680147171
0.1275940090417862
0.8230615854263306
0.6132871508598328
0.9412177205085754
0.268136203289032
0.17637158930301666
0.9223689436912537
0.671000063419342
0.7010551691055298
0.6916641592979431
0.33633944392204285
0.45084038376808167
0.5130587816238403
0.669849693775177
0.8848239779472351
0.5649071335792542
0.2826354503631592
0.0037587492261081934
0.045369599014520645
0.0904298648238182
0.8393067717552185
0.5818723440170288
0.265224814414978
0.39959296584129333
0.6197963356971741
0.17242982983589172
0.2626399099826813
0.7609992027282715
0.2987949848175049
0.940893292427063
0.7017119526863098
0.8846916556358337
0.9795576930046082
0.6797788739204407
0.43042120337486267
0.45950618386268616
0.19026117026805878
0.1990310698747635
0.10296489298343658
0.9189736247062683
0.9150670766830444
0.8828455805778503
0.8342551589012146
0.48051729798316956
0.12021183222532272
0.18144406378269196
0.43564873933792114
0.161072239279747
0.47628551721572876
0.5664747953414917
0.002722760895267129
0.728020966053009
0.3348335325717926
0.9576421976089478
0.4583646357059479
0.08469709753990173
0.5240886211395264
0.22099487483501434
0.967071533203125
0.5663788318634033
0.36512288451194763
0.37006688117980957
0.6299198269844055
0.2835652828216553
0.48185062408447266
0.27251362800598145
0.16409392654895782
0.866801917552948
0.1507871150970459
0.8789700865745544
0.744974672794342
0.917780876159668
0.38023629784584045
0.24248018860816956
0.2930837869644165
0.4755382537841797
0.08314443379640579
0.623783528804779
0.7829537391662598
0.8093503713607788
0.5958059430122375
0.2589603066444397
0.21055443584918976
0.8184564709663391
0.28187137842178345
0.8417625427246094
0.17479656636714935
0.45436251163482666
0.5891434550285339
0.40581822395324707
0.8020675182342529
0.46937912702560425
0.33030998706817627
0.19476976990699768
0.09735871851444244
0.9576259851455688
0.6309002637863159
0.4221632778644562
0.24501293897628784
0.4701301157474518
0.7085999846458435
0.02915237843990326
0.14558281004428864
0.5042679905891418
0.20604318380355835
0.9004268646240234
0.3751354217529297
0.7705621719360352
0.5328970551490784
0.2412353903055191
0.24015842378139496
0.6341078281402588
0.36752817034721375
0.5208049416542053
0.09916993230581284
0.2528761327266693
0.15418103337287903
0.09847919642925262
0.1398591846227646
0.7459459900856018
0.04783405363559723
0.6331329345703125
0.49310585856437683
0.33424028754234314
0.10531646758317947
0.8136066198348999
0.9761504530906677
0.3945753276348114
0.23231102526187897
0.6364904046058655
0.9068028926849365
0.6990507245063782
0.5247045159339905
0.8723016977310181
0.07558001577854156
0.5377069711685181
0.8218649625778198
0.4690825045108795
0.47061219811439514
0.520436704158783
0.8514760136604309
0.05718715116381645
0.04663749411702156
0.01529022678732872
0.02708684653043747
0.6605954766273499
0.045026205480098724
0.22727438807487488
0.6954443454742432
0.12940669059753418
0.23652391135692596
0.5807701945304871
0.4112766981124878
0.4424637258052826
0.5427375435829163
0.9771275520324707
0.7905146479606628
0.8282744288444519
0.519267737865448
0.11891268193721771
0.6518176794052124
0.6715790629386902
0.3367709517478943
0.538674533367157
0.633660614490509
0.2710953950881958
0.05073997750878334
0.9931519031524658
0.7274492383003235
0.14806818962097168
0.45344069600105286
0.7365692257881165
0.5752665400505066
0.4006845951080322
0.6845506429672241
0.9674209952354431
0.20454420149326324
0.2714526057243347
0.6326402425765991
0.48619043827056885
0.8335582613945007
0.22760814428329468
0.7844385504722595
0.26790857315063477
0.5955557227134705
0.23403003811836243
0.5545912981033325
0.0009738472872413695
0.8664048910140991
0.2199965864419937
0.5613799095153809
0.5991191267967224
0.053594931960105896
0.031367454677820206
0.6434434652328491
0.12926611304283142
0.16870015859603882
0.6114718317985535
0.7222937941551208
0.6335040926933289
0.44999897480010986
0.4540005028247833
0.3850495219230652
0.9915458559989929
0.7551900744438171
0.2006821632385254
0.03638213127851486
0.023061852902173996
0.06635315716266632
0.9941251277923584
0.5952230095863342
0.0035603479482233524
0.8461466431617737
0.2483939826488495
0.3566438555717468
0.9356046915054321
0.24546590447425842
0.4844367206096649
0.4727930724620819
0.6501346230506897
0.8858841061592102
0.1414380520582199
0.6442564129829407
0.840446949005127
0.904985249042511
0.39717578887939453
0.16566000878810883
0.41782626509666443
0.010459564626216888
0.09160587936639786
0.0005181310116313398
0.6686326861381531
0.6340111494064331
0.0011740474728867412
0.3455505073070526
0.8131395578384399
0.41189080476760864
0.44733932614326477
0.6232617497444153
0.228700652718544
0.9895656108856201
0.6380938291549683
0.06408105790615082
0.9004058241844177
0.6392950415611267
0.9901688098907471
0.8477683067321777
0.9422627687454224
0.8295251727104187
0.21108831465244293
0.7834565043449402
0.504479706287384
0.9291754364967346
0.21458187699317932
0.6910313963890076
0.01197239849716425
0.011509445495903492
0.5300464034080505
0.3525412976741791
0.48715120553970337
0.9039695262908936
0.21031023561954498
0.7534819841384888
0.4291803538799286
0.7016849517822266
0.11079335957765579
0.15703360736370087
0.8758553266525269
0.9490662217140198
0.04703352600336075
0.35349422693252563
0.9606955051422119
0.9960517883300781
0.29177555441856384
0.16791045665740967
0.45680588483810425
0.246728777885437
0.06672234833240509
0.17731508612632751
0.24999727308750153
0.10081805288791656
0.021462570875883102
0.9990239143371582
0.8393577933311462
0.15255282819271088
0.7737764716148376
0.1941138207912445
0.5446590781211853
0.25734660029411316
0.9048515558242798
0.9941559433937073
0.30607739090919495
0.5707992911338806
0.8058149814605713
0.460525780916214
0.6097135543823242
0.7795190811157227
0.6974624395370483
0.8392646908760071
0.044682927429676056
0.777561366558075
0.767970085144043
0.009874840267002583
0.7422203421592712
0.9564096927642822
0.5837133526802063
0.6666707396507263
0.6123349070549011
0.5882165431976318
0.49829646944999695
0.6775605082511902
0.28385016322135925
0.024640634655952454
0.40448832511901855
0.5476846694946289
0.5860377550125122
0.4326551854610443
0.42518654465675354
0.012017374858260155
0.8966896533966064
0.7141678333282471
0.7783297896385193
0.7808913588523865
0.5023394823074341
0.5196465253829956
0.05645924434065819
0.5023857355117798
0.6447085738182068
0.9898052215576172
0.8886812329292297
0.8047975301742554
0.0003856431576423347
0.8978272676467896
0.3482917249202728
0.9323974847793579
0.7999018430709839
0.05191211402416229
0.10950285941362381
0.03546851500868797
0.5402221083641052
0.21524956822395325
0.4396364092826843
0.865932285785675
0.08562633395195007
0.40668052434921265
0.3871995210647583
0.4530278146266937
0.3421400785446167
0.8968421220779419
0.36367693543434143
0.13302089273929596
0.3629538118839264
0.5896255970001221
0.6304585337638855
0.7667397856712341
0.47910597920417786
0.3070383369922638
0.7682496905326843
0.15756095945835114
0.18678274750709534
0.4924046993255615
0.16613583266735077
0.9682680368423462
0.9707406759262085
0.27371278405189514
0.6567649841308594
0.7193464040756226
0.5568342208862305
0.589713454246521
0.5260763764381409
0.7677744030952454
0.834858775138855
0.9047979712486267
0.5314570069313049
0.6639338135719299
0.7328535914421082
0.4070480167865753
0.8288372755050659
0.3207959532737732
0.37324777245521545
0.04039093106985092
0.7401277422904968
0.5555916428565979
0.08614098280668259
0.48387250304222107
0.9880805015563965
0.8881122469902039
0.6709134578704834
0.7447593212127686
0.5987380743026733
0.4672337472438812
0.3335828483104706
0.05582017824053764
0.7608723640441895
0.5180755257606506
0.8409693241119385
0.18120044469833374
0.6277501583099365
0.7997530698776245
0.19609911739826202
0.19770923256874084
0.8385707139968872
0.07613177597522736
0.26255103945732117
0.22351056337356567
0.10064814984798431
0.9931589365005493
0.03693263232707977
0.05742630735039711
0.9341829419136047
0.6729416847229004
0.210781991481781
0.6350911259651184
0.5353100895881653
0.9140063524246216
0.0017529530450701714
0.45312437415122986
0.42508983612060547
0.48398059606552124
0.3125646412372589
0.8124239444732666
0.9791887402534485
0.7962695360183716
0.1132981926202774
0.8794587850570679
0.9156469106674194
0.8474497199058533
0.9611948132514954
0.3546832799911499
0.2851436734199524
0.31636863946914673
0.7827140092849731
0.03208775445818901
0.024447403848171234
0.9710617661476135
0.2773435413837433
0.669061005115509
0.043771740049123764
0.679888129234314
0.34461134672164917
0.40352776646614075
0.09708674997091293
0.49486979842185974
0.2894836962223053
0.9097213745117188
0.0573086217045784
0.4508739411830902
0.7721236944198608
0.5207403898239136
0.9659867882728577
0.9644859433174133
0.8188488483428955
0.24538391828536987
0.7484591007232666
0.4383143484592438
0.6543198823928833
0.04538704827427864
0.6035535335540771
0.19793663918972015
0.3886827826499939
0.9226531386375427
0.8234633207321167
0.12508466839790344
0.9892764091491699
0.6468396186828613
0.6578377485275269
0.35920804738998413
0.31820645928382874
0.8507377505302429
0.3638816475868225
0.6993483304977417
0.2823731601238251
0.4684918522834778
0.8015890717506409
0.09014169871807098
0.6709703803062439
0.7008528113365173
0.8947414755821228
0.050513263791799545
0.7595890164375305
0.40574216842651367
0.00021258305059745908
0.7899389266967773
0.771574854850769
0.5014517903327942
0.22735516726970673
0.490986704826355
0.5680611729621887
0.49473005533218384
0.59628826379776
0.6701019406318665
0.34702610969543457
0.7054718136787415
0.33469057083129883
0.28667956590652466
0.5907400250434875
0.38276731967926025
0.422264039516449
0.5401803851127625
0.4280965030193329
0.6326946020126343
0.8530848622322083
0.15426525473594666
0.9750025868415833
0.584048867225647
0.21513114869594574
0.4606185555458069
0.011305716820061207
0.7117632627487183
0.2321104258298874
0.6241409182548523
0.405052125453949
0.2761055529117584
0.16423407196998596
0.13044129312038422
0.20866772532463074
0.004932207986712456
0.5109813809394836
0.02284378930926323
0.11594132333993912
0.179894357919693
0.35751792788505554
0.6815549731254578
0.07200178503990173
0.4381711184978485
0.16149340569972992
0.004385645966976881
0.5735993385314941
0.07081285119056702
0.6380266547203064
0.6073074340820312
0.897955596446991
0.43508315086364746
0.6518694758415222
0.09277191758155823
0.4898841083049774
0.525578498840332
0.4702073633670807
0.522084653377533
0.01145201362669468
0.9531893730163574
0.1602310985326767
0.7319419980049133
0.3571990132331848
0.7465114593505859
0.006386680528521538
0.12743881344795227
0.4863266050815582
0.9793547987937927
0.744783341884613
0.07491220533847809
0.024639783427119255
0.721254825592041
0.8624184131622314
0.16327190399169922
0.32542452216148376
0.992172360420227
0.04963656887412071
0.7649524807929993
0.36447766423225403
0.38214111328125
0.7736241221427917
0.9322383999824524
0.08202973753213882
0.8706270456314087
0.6249036192893982
0.12035637348890305
0.18743744492530823
0.11367718130350113
0.36199143528938293
0.047234050929546356
0.07705069333314896
0.9434423446655273
0.6180706024169922
0.41747593879699707
0.520308792591095
0.3810802102088928
0.4810084104537964
0.4880504012107849
0.008916079066693783
0.04187249019742012
0.1544029414653778
0.8957827091217041
0.02854507602751255
0.7661432027816772
0.4094056189060211
0.40698251128196716
0.5934005379676819
0.48660844564437866
0.14091835916042328
0.4453112781047821
0.6327098608016968
0.6573006510734558
0.2425490915775299
0.02460331656038761
0.5396019220352173
0.20896881818771362
0.40647488832473755
0.17622627317905426
0.008582189679145813
0.6990143060684204
0.9938063621520996
0.5112748742103577
0.8003991842269897
0.54816734790802
0.48364970088005066
0.23576043546199799
0.14710041880607605
0.3121359646320343
0.396087110042572
0.39215269684791565
0.38693228363990784
0.2306329309940338
0.7567701935768127
0.47545546293258667
0.4213431179523468
0.5005772113800049
0.6754454970359802
0.0007359853480011225
0.8377367854118347
0.03840804845094681
0.780710756778717
0.8045364618301392
0.7083241939544678
0.6881246566772461
0.9982019066810608
0.7257094383239746
0.7396470904350281
0.2360716164112091
0.21471267938613892
0.42951735854148865
0.6750072836875916
0.9113185405731201
0.9722695350646973
0.5673772692680359
0.6256726384162903
0.04771715775132179
0.07130160927772522
0.562545657157898
0.5965375900268555
0.9957147240638733
0.5348464250564575
0.589426577091217
0.07765809446573257
0.5537088513374329
0.32162222266197205
0.7249497175216675
0.2302672117948532
0.9613561630249023
0.30666372179985046
0.812567949295044
0.193607896566391
0.906677782535553
0.0031360872089862823
0.2774898111820221
0.8616777062416077
0.3558959364891052
0.9288727641105652
0.48103776574134827
0.9727346301078796
0.05636398494243622
0.984675943851471
0.7579151391983032
0.8617189526557922
0.7522180676460266
0.33483946323394775
0.7964282631874084
0.15889711678028107
0.9703541994094849
0.012291787192225456
0.1475251168012619
0.8850308656692505
0.23551347851753235
0.5878832340240479
0.8284074068069458
0.1073853075504303
0.14669425785541534
0.968285083770752
0.04670798033475876
0.654207706451416
0.9889803528785706
0.33691468834877014
0.7049077153205872
0.1722019761800766
0.06726820021867752
0.061174821108579636
0.22923818230628967
0.5612770318984985
0.7960177063941956
0.44602108001708984
0.4511697292327881
0.8218920230865479
0.9978909492492676
0.8637515902519226
0.7992282509803772
0.0922112837433815
0.007294707931578159
0.6739056706428528
0.6908460259437561
0.6197987794876099
0.03789186477661133
0.10185166448354721
0.8338640928268433
0.5010942220687866
0.06487371772527695
0.2251582145690918
0.8230829834938049
0.1084020808339119
0.5582565665245056
0.25440412759780884
0.5867725014686584
0.8787978291511536
0.8615620732307434
0.49442383646965027
0.40579208731651306
0.46485763788223267
0.175991028547287
0.20327866077423096
0.21589569747447968
0.48335009813308716
0.2868713438510895
0.1873123198747635
0.7983023524284363
0.7470682859420776
0.1709938496351242
0.7150951027870178
0.5477740168571472
0.5462640523910522
0.7571293711662292
0.5792567729949951
0.2729528546333313
0.23110979795455933
0.2083142250776291
0.48547258973121643
0.7897600531578064
0.8220404386520386
0.02586582489311695
0.4058081805706024
0.708637535572052
0.9623516798019409
0.710023045539856
0.8872185349464417
0.28061527013778687
0.2394639402627945
0.3331238031387329
0.6685943007469177
0.4733668863773346
0.9968116283416748
0.9819178581237793
0.8348133563995361
0.10367682576179504
0.6844515800476074
0.549894392490387
0.08986827731132507
0.7508242726325989
0.8149585127830505
0.40992289781570435
0.7577906847000122
0.5069990754127502
0.9038693904876709
0.31344687938690186
0.7327012419700623
0.8207899332046509
0.07155721634626389
0.8830894231796265
0.16667571663856506
0.27047720551490784
0.6454001069068909
0.24689406156539917
0.73189777135849
0.04051557555794716
0.8320567011833191
0.5126644372940063
0.0662953108549118
0.3213898539543152
0.5538244843482971
0.562768816947937
0.5129233002662659
0.5586333274841309
0.10565884411334991
0.6524114608764648
0.8956877589225769
0.22128207981586456
0.6816674470901489
0.48713162541389465
0.2410162091255188
0.12923799455165863
0.8402905464172363
0.4293246269226074
0.425197571516037
0.24168571829795837
0.762778103351593
0.03404230996966362
0.6814999580383301
0.5726515650749207
0.3194098472595215
0.3115672171115875
0.3988068997859955
0.9101801514625549
0.9649380445480347
0.523039698600769
0.23814864456653595
0.804161548614502
0.4695323407649994
0.8190771341323853
0.5701653957366943
0.4730013310909271
0.9987757205963135
0.20795345306396484
0.9369089007377625
0.9297498464584351
0.2762760519981384
0.14651724696159363
0.8392388224601746
0.5943573713302612
0.30948957800865173
0.7188288569450378
0.5025874972343445
0.4814999997615814
0.14515897631645203
0.18288041651248932
0.04173791781067848
0.67482590675354
0.6988278031349182
0.5974048376083374
0.048552755266427994
0.5310903191566467
0.3533044755458832
0.173347607254982
0.26302582025527954
0.17788107693195343
0.04802190512418747
0.9651807546615601
0.914672315120697
0.664076030254364
0.5790844559669495
0.3118521571159363
0.030995942652225494
0.14220109581947327
0.0792408287525177
0.9265576601028442
0.14590269327163696
0.23336844146251678
0.7342987656593323
0.2582509219646454
0.8740646839141846
0.4158143103122711
0.6081226468086243
0.7611289024353027
0.27297189831733704
0.9273232817649841
0.7539260983467102
0.9007272124290466
0.007657438516616821
0.4469701051712036
0.5552979707717896
0.27000758051872253
0.3625774085521698
0.8298776745796204
0.2100609987974167
0.6242986917495728
0.029611628502607346
0.45010805130004883
0.28446364402770996
0.9555084705352783
0.4658370316028595
0.0010787163628265262
0.29216745495796204
0.4842023253440857
0.006882404442876577
0.0009346688748337328
0.18997354805469513
0.7715798616409302
0.27522096037864685
0.380598783493042
0.4678996503353119
0.48971444368362427
0.20727820694446564
0.8265166878700256
0.6044468879699707
0.49815991520881653
0.7919726371765137
0.38485947251319885
0.026980118826031685
0.2934665083885193
0.7724211812019348
0.006078578531742096
0.21155548095703125
0.19127993285655975
0.41902628540992737
0.9052971005439758
0.6460990309715271
0.1702730357646942
0.37165626883506775
0.19532769918441772
0.20375210046768188
0.16705961525440216
0.18804028630256653
0.0013204833958297968
0.47868651151657104
0.2103157788515091
0.9163450598716736
0.14085613191127777
0.5846660137176514
0.08955230563879013
0.5296591520309448
0.28295886516571045
0.24284982681274414
0.749662458896637
0.9725751280784607
0.2823796272277832
0.7245568037033081
0.03307175636291504
0.6262132525444031
0.4691661596298218
0.4391038119792938
0.8407620191574097
0.1210436224937439
0.7290288209915161
0.06650952994823456
0.3618912100791931
0.09931780397891998
0.002626830479130149
0.5336882472038269
0.06983761489391327
0.7893294095993042
0.27163630723953247
0.21008233726024628
0.7876102924346924
0.37975549697875977
0.5995900630950928
0.25365376472473145
0.4336564838886261
0.8534588813781738
0.04379434883594513
0.8613424897193909
0.04284524917602539
0.6110333800315857
0.3566683530807495
0.01665954478085041
0.9479531645774841
0.21857072412967682
0.4892401099205017
0.25201085209846497
0.892961323261261
0.7533526420593262
0.11306717246770859
0.9726160168647766
0.9637936353683472
0.013872525654733181
0.9334395527839661
0.042316585779190063
0.45124465227127075
0.8227877616882324
0.725097119808197
0.3931437134742737
0.9334118366241455
0.7358577847480774
0.7157388925552368
0.9295921921730042
0.5719689130783081
0.4962717294692993
0.24526824057102203
0.8305795192718506
0.6806285381317139
0.8122221827507019
0.9336761236190796
0.09033621847629547
0.3943133056163788
0.9107205271720886
0.5657944083213806
0.3819427490234375
0.3650572896003723
0.4945880174636841
0.19299021363258362
0.6403281092643738
0.5365967750549316
0.6255390048027039
0.3914729654788971
0.273771733045578
0.7726368308067322
0.0879918783903122
0.7066816687583923
0.8498029708862305
0.6834430694580078
0.24307526648044586
0.32708752155303955
0.47346827387809753
0.48585179448127747
0.9981185793876648
0.25669074058532715
0.3932438790798187
0.32214638590812683
0.6417863368988037
0.6224423050880432
0.9432441592216492
0.07663441449403763
0.8615336418151855
0.10792713612318039
0.6867479681968689
0.6826295256614685
0.26260384917259216
0.11973214894533157
0.7429497838020325
0.5643953680992126
0.40581560134887695
0.3857864439487457
0.01849731244146824
0.32303357124328613
0.3736485242843628
0.4163982570171356
0.39566299319267273
0.8591222167015076
0.8446874022483826
0.5140855312347412
0.4562150239944458
0.6918999552726746
0.5814709663391113
0.5702567100524902
0.2282962054014206
0.07478364557027817
0.4073251187801361
0.8431358337402344
0.7482036352157593
0.5985071063041687
0.8849010467529297
0.9831629395484924
0.31316572427749634
0.600009560585022
0.2754563093185425
0.8324549794197083
0.2732903063297272
0.36389684677124023
0.5512323975563049
0.2879471480846405
0.8198220729827881
0.04896743223071098
0.5398744344711304
0.9232990145683289
0.13311943411827087
0.579047441482544
0.7742985486984253
0.8150315284729004
0.12358058989048004
0.7397809624671936
0.264254093170166
0.2034515142440796
0.8532817363739014
0.08406831324100494
0.8927747011184692
0.4236418604850769
0.6861631274223328
0.894748330116272
0.8103076815605164
0.1115240603685379
0.03701053932309151
0.07532622665166855
0.41943928599357605
0.07301266491413116
0.06325085461139679
0.09926824271678925
0.32191768288612366
0.9352472424507141
0.6409469842910767
0.7170292735099792
0.6670677661895752
0.0847749412059784
0.7318709492683411
0.2121720165014267
0.22210471332073212
0.21093128621578217
0.8206763863563538
0.5484569668769836
0.30408549308776855
0.885610818862915
0.7639022469520569
0.8748543858528137
0.4585205614566803
0.8234876394271851
0.3788156509399414
0.9151849150657654
0.24447771906852722
0.548804521560669
0.07641589641571045
0.4499303698539734
0.6016867756843567
0.16886863112449646
0.055073611438274384
0.725529134273529
0.9282165169715881
0.07710078358650208
0.1300809681415558
0.42354369163513184
0.3040672242641449
0.05306023359298706
0.00045719603076577187
0.31383076310157776
0.7942684888839722
0.7812769412994385
0.8277765512466431
0.7613045573234558
0.025723479688167572
0.9301748871803284
0.290196031332016
0.46133387088775635
0.2385144978761673
0.35670095682144165
0.793522834777832
0.6997977495193481
0.47002288699150085
0.8809807896614075
0.3613784611225128
0.5910689830780029
0.6634538173675537
0.8168789148330688
0.41809800267219543
0.38761764764785767
0.47958001494407654
0.7335134148597717
0.23862361907958984
0.6391696929931641
0.32448044419288635
0.10303418338298798
0.02819848246872425
0.6327665448188782
0.15223374962806702
0.3527812063694
0.05694630742073059
0.7329601049423218
0.06337543576955795
0.2486715465784073
0.2931959629058838
0.27941593527793884
0.28373071551322937
0.39424702525138855
0.21654456853866577
0.4863974153995514
0.9881730675697327
0.8220556378364563
0.652395486831665
0.23175767064094543
0.3933306634426117
0.9426068067550659
0.790373682975769
0.6753901839256287
0.8891856670379639
0.197850301861763
0.34764596819877625
0.08699603378772736
0.48683395981788635
0.8837788105010986
0.9425716996192932
0.4652419090270996
0.7668219208717346
0.4134034514427185
0.6822227835655212
0.33663883805274963
0.7816391587257385
0.062293898314237595
0.45171207189559937
0.8175523281097412
0.2457769811153412
0.12818972766399384
0.6639086604118347
0.1771271824836731
0.6759776473045349
0.19671714305877686
0.24725081026554108
0.49332064390182495
0.5147686004638672
0.46726760268211365
0.004167579114437103
0.48369452357292175
0.05941242724657059
0.6198209524154663
0.6257721781730652
0.09127016365528107
0.0622052364051342
0.4093495011329651
0.23211075365543365
0.6203992962837219
0.6656532287597656
0.8624112010002136
0.477687805891037
0.04101613536477089
0.15131035447120667
0.34466537833213806
0.4283584952354431
0.179077610373497
0.7677167057991028
0.2983177602291107
0.8071427345275879
0.6970472931861877
0.37076929211616516
0.49068906903266907
0.23252750933170319
0.9456648230552673
0.4068934917449951
0.010793600231409073
0.9539624452590942
0.4667816758155823
0.4621207118034363
0.3587900400161743
0.39465761184692383
0.8400055170059204
0.8432684540748596
0.09914343804121017
0.46228352189064026
0.6005963087081909
0.055322930216789246
0.4212564527988434
0.2046489268541336
0.6348013281822205
0.8581465482711792
0.4539397954940796
0.4079599380493164
0.8293924927711487
0.6924529075622559
0.3069555163383484
0.9901596903800964
0.762654185295105
0.5840076804161072
0.48324865102767944
0.5888903141021729
0.009150885976850986
0.8154892921447754
0.2925094664096832
0.7129770517349243
0.7470876574516296
0.8210198283195496
0.561711847782135
0.7413088083267212
0.49471208453178406
0.1346520483493805
0.2574312388896942
0.22365541756153107
0.45750612020492554
0.10181164741516113
0.24172069132328033
0.24713334441184998
0.1797289401292801
0.06006857007741928
0.8989996314048767
0.30649372935295105
0.9744906425476074
0.6012267470359802
0.9996868371963501
0.04004274681210518
0.01944364421069622
0.7437253594398499
0.45596134662628174
0.05682503059506416
0.17524629831314087
0.003093453124165535
0.14172427356243134
0.35447925329208374
0.3508605360984802
0.623707115650177
0.6059994101524353
0.6556252241134644
0.5593982934951782
0.1756664514541626
0.2688114643096924
0.5613170266151428
0.9034722447395325
0.8505545258522034
0.7271570563316345
0.46516063809394836
0.6315653920173645
0.006063584238290787
0.6232439279556274
0.7846474647521973
0.7652631402015686
0.5450776815414429
0.5107942223548889
0.34433144330978394
0.8374868035316467
0.5528929829597473
0.18195997178554535
0.9570475816726685
0.5477756857872009
0.19195212423801422
0.5868704915046692
0.10565915703773499
0.6273004412651062
0.8244236707687378
0.8051584959030151
0.6358119249343872
0.9639852046966553
0.5029470324516296
0.37075817584991455
0.8123829960823059
0.19530466198921204
0.6205742955207825
0.7065466046333313
0.7124457359313965
0.416617214679718
0.10500924289226532
0.11317822337150574
0.9153467416763306
0.1296294927597046
0.23742520809173584
0.20268499851226807
0.47961094975471497
0.3634186089038849
0.8752568364143372
0.3869483768939972
0.36729317903518677
0.4850071370601654
0.56345134973526
0.33573824167251587
0.5743220448493958
0.3312506377696991
0.9266160130500793
0.09257100522518158
0.06610964238643646
0.8924208283424377
0.41293346881866455
0.765084445476532
0.3885837495326996
0.8785758018493652
0.29848986864089966
0.8604077696800232
0.1935039609670639
0.6181629300117493
0.3962210416793823
0.5321210622787476
0.4440244436264038
0.8330414295196533
0.05174943432211876
0.26506996154785156
0.6514092683792114
0.8516839742660522
0.7728942036628723
0.8766716122627258
0.21519339084625244
0.060287851840257645
0.7864050269126892
0.563450038433075
0.5711535811424255
0.9997031688690186
0.8767649531364441
0.8795164227485657
0.8562332987785339
0.08536837249994278
0.11361975222826004
0.5762178897857666
0.48170679807662964
0.6410382986068726
0.6464744210243225
0.5614916682243347
0.873477041721344
0.19941307604312897
0.9345552325248718
0.8581872582435608
0.6038123965263367
0.12247470766305923
0.3886006772518158
0.04139265790581703
0.2823903560638428
0.5475153923034668
0.8442034721374512
0.256364107131958
0.15556971728801727
0.1726365089416504
0.43148234486579895
0.9884105324745178
0.7614521980285645
0.8586972951889038
0.3232349753379822
0.5889750123023987
0.46016642451286316
0.5961290597915649
0.36079975962638855
0.6055606603622437
0.49632367491722107
0.3354588747024536
0.6777666211128235
0.31120607256889343
0.6068868041038513
0.9383124113082886
0.6264287233352661
0.897581160068512
0.9332956671714783
0.6738641262054443
0.43672510981559753
0.3327583074569702
0.23230354487895966
0.3257611393928528
0.7167569398880005
0.2386428862810135
0.16096873581409454
0.7735875844955444
0.5916879177093506
0.8899374604225159
0.4630596935749054
0.6917089223861694
0.04026055708527565
0.06139201670885086
0.17743326723575592
0.554143488407135
0.24615080654621124
0.3441890776157379
0.786738932132721
0.4849339425563812
0.6292945742607117
0.9360789656639099
0.5338315963745117
0.12292773276567459
0.5871738195419312
0.8571708798408508
0.9450392127037048
0.3516923189163208
0.7248895168304443
0.11490408331155777
0.8446274995803833
0.5567333698272705
0.2523743808269501
0.8219649195671082
0.89232337474823
0.2191804051399231
0.21824884414672852
0.07303116470575333
0.08173736184835434
0.6185240745544434
0.5111136436462402
0.6804879307746887
0.2460789680480957
0.7266317009925842
0.5852014422416687
0.866359531879425
0.3367551267147064
0.44605156779289246
0.6613402366638184
0.24373319745063782
0.31607863306999207
0.7522063255310059
0.3043801784515381
0.07494965940713882
0.9018124341964722
0.2910366356372833
0.2544970214366913
0.3944624364376068
0.7663097977638245
0.7047969698905945
0.3432750999927521
0.9348730444908142
0.707766056060791
0.6070013046264648
0.5911003947257996
0.7235117554664612
0.6341062784194946
0.337253212928772
0.4047833979129791
0.6808949112892151
0.707573652267456
0.04867855831980705
0.5857523083686829
0.20663821697235107
0.4694061875343323
0.3916892409324646
0.9614365696907043
0.09745505452156067
0.9821940064430237
0.6159281134605408
0.48743200302124023
0.7872856259346008
0.9296296834945679
0.1361294835805893
0.010507240891456604
0.5950312614440918
0.7823992967605591
0.2581682503223419
0.801853358745575
0.97377610206604
0.7366825342178345
0.00019912047719117254
0.8535097241401672
0.3924705386161804
0.1903390735387802
0.9974692463874817
0.008388479240238667
0.7516992688179016
0.7854354977607727
0.2701109051704407
0.47352489829063416
0.6582053899765015
0.6281569600105286
0.22806644439697266
0.9370572566986084
0.6318268775939941
0.5332014560699463
0.07536312192678452
0.6771726608276367
0.6793408393859863
0.39867347478866577
0.6770827770233154
0.7462441325187683
0.09184914082288742
0.456960529088974
0.4512186646461487
0.7702833414077759
0.11619540303945541
0.7096948623657227
0.6696453094482422
0.757315456867218
0.06883400678634644
0.4004150331020355
0.11098067462444305
0.36062532663345337
0.9411353468894958
0.27173733711242676
0.3088162839412689
0.2399384081363678
0.22256863117218018
0.1524258702993393
0.35867688059806824
0.9063055515289307
0.942297637462616
0.42787742614746094
0.2375347912311554
0.8573500514030457
0.5326964259147644
0.9211047887802124
0.9751824140548706
0.6797999739646912
0.17938163876533508
0.4333828389644623
0.04499064385890961
0.6806473135948181
0.1487426906824112
0.48177677392959595
0.17335554957389832
0.5322809219360352
0.7636426091194153
0.40799441933631897
0.3346034586429596
0.8432468175888062
0.3448120653629303
0.6168136596679688
0.13050617277622223
0.3096563518047333
0.2440180629491806
0.8705769777297974
0.18401704728603363
0.9531068205833435
0.36033669114112854
0.0461270734667778
0.8020547032356262
0.0545019805431366
0.3023592531681061
0.6007681488990784
0.9937100410461426
0.09437884390354156
0.15880225598812103
0.5107800364494324
0.6248680949211121
0.03683065250515938
0.7087547779083252
0.7792367339134216
0.995876133441925
0.6544211506843567
0.4982580244541168
0.8856334090232849
0.4627380669116974
0.14795610308647156
0.4992341995239258
0.5813544988632202
0.4665144383907318
0.9470500349998474
0.4842078387737274
0.07266172766685486
0.7288936972618103
0.2533194422721863
0.649409830570221
0.16301634907722473
0.28427934646606445
0.16367089748382568
0.9766887426376343
0.11355719715356827
0.9750537872314453
0.8203539848327637
0.8512013554573059
0.38357841968536377
0.18056780099868774
0.7046703100204468
0.17377150058746338
0.0038562400732189417
0.7037144303321838
0.45364147424697876
0.26502537727355957
0.4048956036567688
0.8916946053504944
0.8965318202972412
0.2679034471511841
0.003983333706855774
0.1971520483493805
0.6490846276283264
0.5791982412338257
0.4927268624305725
0.8744809627532959
0.1790153682231903
0.5589630007743835
0.9461714029312134
0.09666956216096878
0.7850800156593323
0.42710113525390625
0.07626364380121231
0.9444926977157593
0.738296389579773
0.19538508355617523
0.2705739438533783
0.2543657720088959
0.06521619856357574
0.3944469690322876
0.7519626021385193
0.4991500973701477
0.6841056942939758
0.3159051537513733
0.5931612253189087
0.4186258912086487
0.4019099473953247
0.715434730052948
0.21506868302822113
0.5407738089561462
0.37898382544517517
0.1910470724105835
0.042248666286468506
0.15267984569072723
0.5425477027893066
0.31244903802871704
0.38876965641975403
0.8214903473854065
0.8938724994659424
0.6098663806915283
0.28280705213546753
0.6088945865631104
0.028885381296277046
0.18696719408035278
0.8863646984100342
0.15614618360996246
0.55085688829422
0.9491558074951172
0.7585453987121582
0.23862005770206451
0.5632193088531494
0.6124787330627441
0.8556636571884155
0.5778584480285645
0.847197949886322
0.4730241596698761
0.10778755694627762
0.9504650831222534
0.874447762966156
0.4964868426322937
0.5202013254165649
0.02827862836420536
0.6660450100898743
0.12701357901096344
0.24492493271827698
0.8011221885681152
0.9123077988624573
0.6148875951766968
0.9315072298049927
0.2453070878982544
0.7594429850578308
0.8208816051483154
0.9794354438781738
0.010411862283945084
0.1364912986755371
0.8298738598823547
0.9752957820892334
0.28821897506713867
0.14241546392440796
0.3135555386543274
0.9929744601249695
0.42080292105674744
0.8647894859313965
0.6439193487167358
0.6310431957244873
0.9724122285842896
0.12173347175121307
0.6817896366119385
0.5918503999710083
0.18806344270706177
0.10563403367996216
0.23067893087863922
0.15351346135139465
0.9096505045890808
0.238924041390419
0.09737272560596466
0.6282029151916504
0.5308492183685303
0.860034704208374
0.33132198452949524
0.43978163599967957
0.9514461159706116
0.586310625076294
0.5416472554206848
0.1840072125196457
0.2284512221813202
0.17335419356822968
0.14175540208816528
0.9831730127334595
0.27971574664115906
0.30129584670066833
0.745017945766449
0.8195292353630066
0.5498340725898743
0.15272901952266693
0.5799006223678589
0.3554692566394806
0.43560442328453064
0.9783107042312622
0.8164345026016235
0.3886795938014984
0.8446608781814575
0.8302033543586731
0.09432031214237213
0.1442735344171524
0.11431346833705902
0.16223415732383728
0.6812794804573059
0.6666545271873474
0.8507428765296936
0.5905436873435974
0.4128328561782837
0.4180522859096527
0.33739644289016724
0.48414739966392517
0.773912250995636
0.19961892068386078
0.2566301226615906
0.3178594410419464
0.08750417828559875
0.7058618068695068
0.8214730024337769
0.7040324211120605
0.5342399477958679
0.5124222040176392
0.827511191368103
0.8613480925559998
0.4689286947250366
0.17013497650623322
0.22331126034259796
0.3935466408729553
0.4962904751300812
0.22234217822551727
0.6922363638877869
0.703022837638855
0.3358573019504547
0.6428580284118652
0.8433603048324585
0.05087566003203392
0.8576067090034485
0.7731505632400513
0.6546791791915894
0.20599627494812012
0.8979411721229553
0.5210224986076355
0.6159378886222839
0.6115061044692993
0.6241563558578491
0.04894986003637314
0.7390588521957397
0.2879524528980255
0.23760369420051575
0.6903114318847656
0.2576986253261566
0.2710447609424591
0.8463935852050781
0.5200093388557434
0.5505216121673584
0.395087867975235
0.12564241886138916
0.21972443163394928
0.20947964489459991
0.9362882971763611
0.906232476234436
0.05427258834242821
0.6106317639350891
0.9479805827140808
0.6017448902130127
0.24240998923778534
0.12365379929542542
0.901702880859375
0.12148220092058182
0.4975909888744354
0.49620047211647034
0.7748797535896301
0.24793727695941925
0.4558039605617523
0.15583468973636627
0.8174341320991516
0.4445015788078308
0.8045695424079895
0.45121538639068604
0.8231560587882996
0.65404212474823
0.7421045303344727
0.19154468178749084
0.617677628993988
0.6071943044662476
0.42220667004585266
0.5240472555160522
0.4977070987224579
0.8325302600860596
0.9591515064239502
0.7535780072212219
0.7714115977287292
0.8005005121231079
0.32137683033943176
0.9428282976150513
0.4190487563610077
0.8335892558097839
0.11190604418516159
0.8863760828971863
0.47875046730041504
0.467646062374115
0.09372252225875854
0.49195706844329834
0.2450682669878006
0.05236849561333656
0.2730051577091217
0.4839405119419098
0.16367799043655396
0.6325820684432983
0.26989448070526123
0.596189558506012
0.19370129704475403
0.4885628819465637
0.6856732368469238
0.35629844665527344
0.9112703204154968
0.21660743653774261
0.6873514652252197
0.15652838349342346
0.4093053340911865
0.7833818197250366
0.49049651622772217
0.9839840531349182
0.14729523658752441
0.008736031129956245
0.38908374309539795
0.04397008568048477
0.8400135040283203
0.5278043150901794
0.9041666388511658
0.9832990765571594
0.4251377582550049
0.6666147708892822
0.5165458917617798
0.6743257641792297
0.999349057674408
0.9331585764884949
0.20621512830257416
0.5926207304000854
0.8593456745147705
0.7219889760017395
0.3239387273788452
0.6214943528175354
0.32513749599456787
0.6763116121292114
0.6665754318237305
0.8751064538955688
0.1971670389175415
0.4005555212497711
0.32021600008010864
0.9793379902839661
0.9535654187202454
0.42940518260002136
0.19164223968982697
0.254116952419281
0.4294123947620392
0.48122137784957886
0.9613519906997681
0.12388565391302109
0.8417807221412659
0.8844760656356812
0.8530488014221191
0.07964149862527847
0.6120350360870361
0.33331382274627686
0.5374667644500732
0.6450279355049133
0.992547333240509
0.9749218225479126
0.22491540014743805
0.22922170162200928
0.7513979077339172
0.7729951739311218
0.1266859769821167
0.5661455988883972
0.28386780619621277
0.5679305195808411
0.024266717955470085
0.5682993531227112
0.9858132600784302
0.9001197218894958
0.4063979685306549
0.1588914543390274
0.10865556448698044
0.8742468953132629
0.8055712580680847
0.14507023990154266
0.6500290632247925
0.5793293118476868
0.9854796528816223
0.34383875131607056
0.96237713098526
0.3859935700893402
0.3999422788619995
0.1983145922422409
0.7349779605865479
0.08620748668909073
0.26009541749954224
0.7111190557479858
0.27897903323173523
0.049956656992435455
0.3890540897846222
0.8055655360221863
0.503770649433136
0.5640485882759094
0.7366741299629211
0.19937318563461304
0.011892848648130894
0.6108114719390869
0.3949632942676544
0.731191098690033
0.09005926549434662
0.3179149329662323
0.6238438487052917
0.5439201593399048
0.7572047114372253
0.9230744242668152
0.29466021060943604
0.3018482029438019
0.5147923231124878
0.9779961705207825
0.014035235159099102
0.9304326772689819
0.09485878050327301
0.7300687432289124
0.08310022205114365
0.7096551060676575
0.6662687659263611
0.27085575461387634
0.6397707462310791
0.8464994430541992
0.04861893132328987
0.415451318025589
0.8601270318031311
0.29980573058128357
0.20210914313793182
0.23693425953388214
0.2549396753311157
0.7308636903762817
0.13664765655994415
0.3487909436225891
0.9037700891494751
0.2135976105928421
0.5459807515144348
0.9478976130485535
0.8563307523727417
0.035924166440963745
0.5748576521873474
0.5662940144538879
0.9827736020088196
0.9905397891998291
0.5899901986122131
0.5997225046157837
0.3870446979999542
0.6323062181472778
0.8913662433624268
0.9378084540367126
0.8049586415290833
0.2715190052986145
0.17858541011810303
0.6098995208740234
0.7020007371902466
0.27178439497947693
0.06765147298574448
0.41012442111968994
0.165591299533844
0.18859656155109406
0.7959726452827454
0.4296826422214508
0.9804275631904602
0.3293129801750183
0.6980910301208496
0.5802221894264221
0.4376307427883148
0.9492769241333008
0.5415231585502625
0.07506436109542847
0.17952843010425568
0.19014890491962433
0.6977892518043518
0.1568991243839264
0.3190563917160034
0.8168948292732239
0.3984035849571228
0.30121487379074097
0.9483746886253357
0.3152911365032196
0.2352047860622406
0.28014159202575684
0.440716952085495
0.3132747411727905
0.5889315605163574
0.5563433766365051
0.7256240844726562
0.36959323287010193
0.6937857866287231
0.43654927611351013
0.33522894978523254
0.06209665164351463
0.4921870827674866
0.82341468334198
0.30952829122543335
0.5676813721656799
0.8785412311553955
0.20390725135803223
0.06011592224240303
0.3528008759021759
0.45280298590660095
0.8679444789886475
0.5209494829177856
0.8936043381690979
0.6327847242355347
0.5047409534454346
0.6787746548652649
0.8293324708938599
0.7634868621826172
0.36612099409103394
0.3650507926940918
0.11296966671943665
0.5533823370933533
0.05215323343873024
0.16719014942646027
0.4066869616508484
0.5977697968482971
0.7171226143836975
0.9478740692138672
0.7124735116958618
0.02484285831451416
0.26658540964126587
0.22866317629814148
0.28529220819473267
0.13678927719593048
0.6658502221107483
0.9584214687347412
0.8671993017196655
0.5783308148384094
0.026426905766129494
0.08566108345985413
0.6545751094818115
0.6426993012428284
0.0979018583893776
0.4316939413547516
0.023448489606380463
0.2934752404689789
0.5182541608810425
0.18403670191764832
0.058726973831653595
0.6602897047996521
0.22574898600578308
0.1933581382036209
0.03894971311092377
0.8773831725120544
0.39358025789260864
0.30420348048210144
0.7682715654373169
0.21288235485553741
0.21745561063289642
0.9978798627853394
0.48833006620407104
0.05245635285973549
0.5531293153762817
0.22270779311656952
0.854689359664917
0.526932954788208
0.2786857485771179
0.7034375667572021
0.5039835572242737
0.665147602558136
0.9661462903022766
0.4613202214241028
0.18654224276542664
0.5146656036376953
0.8560082912445068
0.8420140147209167
0.8563117980957031
0.8288557529449463
0.3709419369697571
0.4646514058113098
0.20849394798278809
0.6942139267921448
0.582122266292572
0.3695578873157501
0.1323930025100708
0.564118504524231
0.7631494998931885
0.46751105785369873
0.4737395942211151
0.10874883830547333
0.40675514936447144
0.4328603744506836
0.03959968313574791
0.6018365621566772
0.762224555015564
0.9816368818283081
0.8461469411849976
0.6424744129180908
0.828041672706604
0.023855825886130333
0.12262701243162155
0.3160184919834137
0.24273794889450073
0.8697765469551086
0.39747434854507446
0.9904029369354248
0.5673313140869141
0.41120874881744385
0.799748957157135
0.046521760523319244
0.07189343869686127
0.4928826689720154
0.19549886882305145
0.8109736442565918
0.8925437927246094
0.6241995692253113
0.13907332718372345
0.8790677189826965
0.24634933471679688
0.24402622878551483
0.5511208772659302
0.8604460954666138
0.24900293350219727
0.13222220540046692
0.8494973182678223
0.531775712966919
0.5626362562179565
0.11355677247047424
0.8445799946784973
0.8407228589057922
0.43285349011421204
0.20622195303440094
0.33197644352912903
0.6678070425987244
0.24340343475341797
0.07026170939207077
0.2069694697856903
0.9918854236602783
0.22673793137073517
0.6196930408477783
0.03657982870936394
0.9009516835212708
0.6144846081733704
0.5339446067810059
0.24686312675476074
0.8958510160446167
0.09449882060289383
0.5289092063903809
0.24366123974323273
0.6906693577766418
0.4236464500427246
0.4743882715702057
0.5258824825286865
0.860745906829834
0.8070114850997925
0.7978005409240723
0.4247637689113617
0.444946825504303
0.3994150161743164
0.19412708282470703
0.8469313383102417
0.9584751129150391
0.6762510538101196
0.7503599524497986
0.2928251028060913
0.8298831582069397
0.4015983045101166
0.7643159031867981
0.28306353092193604
0.5563021302223206
0.3603838086128235
0.21055802702903748
0.2266700565814972
0.6129127740859985
0.3185981512069702
0.8793931007385254
0.1108822301030159
0.5154735445976257
0.28988295793533325
0.21267874538898468
0.5114724636077881
0.2746727764606476
0.7282541394233704
0.3888070285320282
0.103035107254982
0.7953688502311707
0.5079715847969055
0.1631234884262085
0.0995493084192276
0.3555440306663513
0.6882418394088745
0.14987674355506897
0.4202859103679657
0.2853621244430542
0.9250965714454651
0.251512348651886
0.8316409587860107
0.6425409317016602
0.8058671355247498
0.9411066770553589
0.1899498701095581
0.30300870537757874
0.8963382244110107
0.6389222145080566
0.2869272828102112
0.6401153802871704
0.6661996841430664
0.2514968514442444
0.778584361076355
0.00913222786039114
0.021624265238642693
0.2998928129673004
0.4580116868019104
0.5444186925888062
0.778192937374115
0.24228982627391815
0.8206009268760681
0.13822288811206818
0.749422550201416
0.8923478126525879
0.2602061927318573
0.7883927822113037
0.3420083522796631
0.37036898732185364
0.6613885760307312
0.9813753366470337
0.5768506526947021
0.5913273096084595
0.3101453483104706
0.8761456608772278
0.159555122256279
0.002766435733065009
0.47513896226882935
0.3395623564720154
0.13061845302581787
0.7337256669998169
0.9069333672523499
0.23148253560066223
0.6290463209152222
0.3963358402252197
0.3650100529193878
0.6537920236587524
0.7180127501487732
0.7922787666320801
0.0010564018739387393
0.2533983886241913
0.6142941117286682
0.45998215675354004
0.9750400185585022
0.15903517603874207
0.15628494322299957
0.8390665054321289
0.1789579540491104
0.7640610933303833
0.036663156002759933
0.7103893756866455
0.4065130650997162
0.7908937335014343
0.7615280747413635
0.7929802536964417
0.23343880474567413
0.8352748155593872
0.9567434787750244
0.7729057669639587
0.9779356122016907
0.978926956653595
0.7911574244499207
0.0943048745393753
0.19659404456615448
0.5279194116592407
0.8009952902793884
0.45177292823791504
0.8051547408103943
0.7728790640830994
0.14756718277931213
0.21322384476661682
0.4850109815597534
0.11021870374679565
0.20804861187934875
0.3831240236759186
0.4242326319217682
0.38490816950798035
0.3451143503189087
0.8370847702026367
0.22957104444503784
0.9913672208786011
0.5263462662696838
0.8913308382034302
0.891570508480072
0.7009350657463074
0.6671314835548401
0.4145207107067108
0.29542213678359985
0.38513046503067017
0.7243843674659729
0.1286802589893341
0.9312958121299744
0.6125559210777283
0.6417065262794495
0.9374886751174927
0.32061466574668884
0.8187833428382874
0.22859621047973633
0.17978344857692719
0.6687116026878357
0.029939446598291397
0.8331533670425415
0.7308527231216431
0.3143930435180664
0.4194628894329071
0.5879743695259094
0.9416897296905518
0.5044426918029785
0.8296435475349426
0.25895410776138306
0.5236140489578247
0.05968625470995903
0.41069450974464417
0.40788915753364563
0.16057071089744568
0.8120166659355164
0.6267378330230713
0.9091894030570984
0.6005087494850159
0.6619420051574707
0.7367307543754578
0.03464680165052414
0.8010257482528687
0.6843905448913574
0.5073530673980713
0.7950729131698608
0.5527740120887756
0.14393438398838043
0.8338490128517151
0.010147439315915108
0.8201379776000977
0.8238150477409363
0.5761485695838928
0.45867711305618286
0.4722495377063751
0.04478145390748978
0.01630566455423832
0.8756014108657837
0.09593688696622849
0.8064008951187134
0.5640597939491272
0.24244782328605652
0.606635570526123
0.27171790599823
0.5495699048042297
0.9037035703659058
0.27382317185401917
0.9296175241470337
0.6947019696235657
0.5217759013175964
0.14196200668811798
0.47490960359573364
0.7269480228424072
0.9750754237174988
0.8236591815948486
0.7285019159317017
0.8872919678688049
0.7957866787910461
0.5276454091072083
0.9284880757331848
0.03954558074474335
0.12702223658561707
0.4537668228149414
0.6669756174087524
0.23790425062179565
0.6436408162117004
0.017908034846186638
0.5684177279472351
0.17169205844402313
0.9806571006774902
0.46395689249038696
0.2660558819770813
0.05166983976960182
0.07834610342979431
0.6358557343482971
0.10077366232872009
0.309663861989975
0.41210219264030457
0.23922044038772583
0.40956825017929077
0.13362425565719604
0.7124214768409729
0.7406337261199951
0.7638186812400818
0.2367488592863083
0.08633685857057571
0.4158887565135956
0.7104969024658203
0.8352808356285095
0.7248202562332153
0.15947379171848297
0.6447966694831848
0.5366520881652832
0.39784958958625793
0.9892130494117737
0.9203224778175354
0.4513664245605469
0.638546884059906
0.8472734093666077
0.8372674584388733
0.35668888688087463
0.2253875583410263
0.7938792705535889
0.9309889674186707
0.7936373949050903
0.47856366634368896
0.6064343452453613
0.9874324798583984
0.4615618586540222
0.3062901794910431
0.15912169218063354
0.8663787245750427
0.48950332403182983
0.23242701590061188
0.30486050248146057
0.7159252166748047
0.20198854804039001
0.18502195179462433
0.502409040927887
0.3125497102737427
0.56226646900177
0.31387627124786377
0.7621783018112183
0.544895350933075
0.5724760293960571
0.20041924715042114
0.47858595848083496
0.6220675110816956
0.34186843037605286
0.7646360993385315
0.14017429947853088
0.2562921643257141
0.7706813216209412
0.578231155872345
0.831529438495636
0.26920178532600403
0.5730724334716797
0.3192642033100128
0.7378349304199219
0.4480033814907074
0.47165605425834656
0.32422733306884766
0.9310101866722107
0.06345398724079132
0.5827159285545349
0.5906001329421997
0.11641544103622437
0.3168747127056122
0.691696047782898
0.010411524213850498
0.5683578252792358
0.1212666779756546
0.696057140827179
0.3233507573604584
0.008499067276716232
0.4797505736351013
0.9251858592033386
0.18731272220611572
0.17131711542606354
0.46362900733947754
0.7933028340339661
0.27286145091056824
0.9647626876831055
0.29674598574638367
0.6328974366188049
0.5799368619918823
0.33139434456825256
0.11280789226293564
0.10329315811395645
0.2316707819700241
0.12052621692419052
0.31476834416389465
0.8159040808677673
0.8595144748687744
0.023539217188954353
0.8703685402870178
0.9509751200675964
0.21846166253089905
0.9101668000221252
0.759220540523529
0.8917093873023987
0.04944498836994171
0.7335543632507324
0.22885863482952118
0.1560823768377304
0.3571975827217102
0.8361877202987671
0.8846259117126465
0.5466891527175903
0.6629069447517395
0.5573754906654358
0.9360870718955994
0.47549915313720703
0.4141771197319031
0.8528171181678772
0.04470299929380417
0.134521022439003
0.47386589646339417
0.345998078584671
0.5806912183761597
0.6246489882469177
0.9621945023536682
0.236176997423172
0.8204442858695984
0.979922890663147
0.3385544717311859
0.8871248364448547
0.7807555794715881
0.5262070298194885
0.13501736521720886
0.688076376914978
0.17921017110347748
0.2204149216413498
0.012711938470602036
0.530299186706543
0.08231759816408157
0.4776022434234619
0.0011305758962407708
0.6190637350082397
0.6368334889411926
0.08541665226221085
0.6040058135986328
0.2947123944759369
0.5937216281890869
0.30938461422920227
0.16711445152759552
0.6026160717010498
0.9203134775161743
0.2778157591819763
0.4400598406791687
0.6050860285758972
0.06834253668785095
0.0815550908446312
0.8967887759208679
0.3496039807796478
0.17435339093208313
0.7275841236114502
0.6417104601860046
0.25496891140937805
0.2405644655227661
0.7935003638267517
0.9185017943382263
0.3526773154735565
0.26871564984321594
0.2505284547805786
0.45527932047843933
0.4008108675479889
0.6133732199668884
0.9506135582923889
0.4057544469833374
0.1911379098892212
0.6540613174438477
0.6790469884872437
0.3214138150215149
0.14767131209373474
0.5565289258956909
0.1651918739080429
0.6102948188781738
0.41498321294784546
0.017677003517746925
0.10473485291004181
0.23010891675949097
0.2543788552284241
0.22453173995018005
0.23024481534957886
0.11519661545753479
0.9993602633476257
0.7907002568244934
0.35656777024269104
0.595221221446991
0.19525407254695892
0.3849884569644928
0.6508033871650696
0.7139345407485962
0.9768888354301453
0.9859834313392639
0.995998203754425
0.4378247857093811
0.25991469621658325
0.42688873410224915
0.5188778042793274
0.7868466377258301
0.11816240847110748
0.08364752680063248
0.47905823588371277
0.8607699275016785
0.18233464658260345
0.5581709742546082
0.8694113492965698
0.27975159883499146
0.7265459895133972
0.22490349411964417
0.31901177763938904
0.18066231906414032
0.9718438386917114
0.4797835350036621
0.7617704272270203
0.8349249362945557
0.13539740443229675
0.16541309654712677
0.0774369090795517
0.845378577709198
0.07410267740488052
0.1383429765701294
0.8220370411872864
0.13734380900859833
0.7808342576026917
0.353296160697937
0.35036924481391907
0.5865567922592163
0.7080289125442505
0.4068301320075989
0.7977437973022461
0.5855454206466675
0.4459705650806427
0.5978165864944458
0.514253556728363
0.829945981502533
0.6564470529556274
0.41663414239883423
0.8974443674087524
0.7579615116119385
0.5431625843048096
0.92958664894104
0.12049999088048935
0.13033264875411987
0.8878839612007141
0.9066972136497498
0.14436425268650055
0.7051230669021606
0.32620546221733093
0.5789132714271545
0.3942120671272278
0.788852870464325
0.5313994884490967
0.4379828870296478
0.4460362195968628
0.5540792346000671
0.8075197339057922
0.010767553001642227
0.8637562990188599
0.6241322159767151
0.30129560828208923
0.6576552391052246
0.7643884420394897
0.2792965769767761
0.05333690717816353
0.6497607827186584
0.16634954512119293
0.7918473482131958
0.24582858383655548
0.18737423419952393
0.8197562098503113
0.24021241068840027
0.6580007672309875
0.0942419096827507
0.21856218576431274
0.12393603473901749
0.5872138142585754
0.17894473671913147
0.0579514279961586
0.21087980270385742
0.7453027963638306
0.6531943082809448
0.046810638159513474
0.7270433902740479
0.922369122505188
0.4734690487384796
0.01791311241686344
0.7674322128295898
0.34384065866470337
0.7837329506874084
0.6306328177452087
0.35875970125198364
0.6322968602180481
0.4840431809425354
0.37387722730636597
0.17820945382118225
0.39272889494895935
0.10950997471809387
0.4148016571998596
0.7325695753097534
0.8238068222999573
0.2113884687423706
0.46125683188438416
0.17682552337646484
0.9399233460426331
0.7664088606834412
0.8854904770851135
0.27034807205200195
0.09490934014320374
0.8013039827346802
0.4934367537498474
0.1827760487794876
0.13189110159873962
0.624578058719635
0.31214720010757446
0.6716962456703186
0.02201303467154503
0.06687787920236588
0.48651647567749023
0.1736600548028946
0.803406834602356
0.141260027885437
0.5480632781982422
0.3171507716178894
0.1535094827413559
0.031019126996397972
0.15012294054031372
0.5322223901748657
0.8773514628410339
0.7556803226470947
0.5405325889587402
0.14741002023220062
0.1052071824669838
0.8319788575172424
0.06472033262252808
0.7306565642356873
0.838284432888031
0.22139142453670502
0.13326649367809296
0.40922537446022034
0.9563868641853333
0.6860478520393372
0.9420279264450073
0.11382727324962616
0.42590761184692383
0.519631028175354
0.9244662523269653
0.6595218181610107
0.41030821204185486
0.40348362922668457
0.1764657348394394
0.23807750642299652
0.9281185269355774
0.8914878368377686
0.032509393990039825
0.31704336404800415
0.21136412024497986
0.24638573825359344
0.888089656829834
0.9414681792259216
0.340392142534256
0.9591180682182312
0.2602497637271881
0.3605871796607971
0.9216224551200867
0.6175174713134766
0.22025704383850098
0.5920439958572388
0.11555501818656921
0.026304980739951134
0.8679835796356201
0.4607335031032562
0.024851297959685326
0.5506989359855652
0.3434436321258545
0.04342285543680191
0.8755176067352295
0.905249297618866
0.44505825638771057
0.6910562515258789
0.6232439279556274
0.31231236457824707
0.3954329788684845
0.9886617064476013
0.6636238694190979
0.30477985739707947
0.3803633451461792
0.9708928465843201
0.24600422382354736
0.6623874306678772
0.7390844225883484
0.6460326313972473
0.49408674240112305
0.45344433188438416
0.60982745885849
0.7181758880615234
0.4349067211151123
0.7137715816497803
0.8783159852027893
0.47089913487434387
0.8766699433326721
0.29257142543792725
0.5748192667961121
0.7633779644966125
0.7612029910087585
0.33684566617012024
0.8804836273193359
0.6999380588531494
0.87973952293396
0.7292415499687195
0.7160476446151733
0.08276880532503128
0.31538307666778564
0.1198132261633873
0.7759121656417847
0.738206684589386
0.008028407581150532
0.7706246376037598
0.34763848781585693
0.8316580653190613
0.7436318397521973
0.49287185072898865
0.5451810956001282
0.6555315852165222
0.15636621415615082
0.8589529991149902
0.9215148091316223
0.9247351884841919
0.5418404340744019
0.5843582153320312
0.13803523778915405
0.4190848171710968
0.9291782975196838
0.8316376209259033
0.6117845773696899
0.924942672252655
0.8912104368209839
0.4970899224281311
0.10473864525556564
0.9129127860069275
0.5900968313217163
0.008293078280985355
0.8541540503501892
0.417731374502182
0.6392738819122314
0.7254116535186768
0.28794386982917786
0.5615813732147217
0.15160377323627472
0.8299828171730042
0.6440796852111816
0.41327571868896484
0.9381920695304871
0.5402611494064331
0.7434708476066589
0.025268951430916786
0.8426440358161926
0.10402318090200424
0.5634268522262573
0.768242359161377
0.8144323825836182
0.9510653614997864
0.4366275668144226
0.9752112627029419
0.4530918300151825
0.5181349515914917
0.2732984125614166
0.021764352917671204
0.3430013656616211
0.6273356080055237
0.484666645526886
0.34683820605278015
0.6813042759895325
0.8369833827018738
0.85605388879776
0.08947169780731201
0.8895721435546875
0.4260900318622589
0.6956103444099426
0.5170873999595642
0.7293100953102112
0.22784660756587982
0.9484699368476868
0.41825157403945923
0.23688849806785583
0.17648984491825104
0.7814608216285706
0.7138153910636902
0.2888529598712921
0.664994478225708
0.4549368619918823
0.047359153628349304
0.8702725768089294
0.3881331980228424
0.277679979801178
0.6771968007087708
0.19737856090068817
0.41524171829223633
0.7541453242301941
0.4827246367931366
0.49031901359558105
0.47059622406959534
0.8769705891609192
0.8402068018913269
0.8570023775100708
0.01596008986234665
0.01197743695229292
0.5572955012321472
0.5798901319503784
0.8778020143508911
0.9546483159065247
0.7851381897926331
0.2623284161090851
0.5217443704605103
0.21121656894683838
0.5530951023101807
0.7877083420753479
0.08681736886501312
0.7161896824836731
0.9726166129112244
0.9745591282844543
0.47271105647087097
0.5147650837898254
0.9844343662261963
0.5796278119087219
0.7754320502281189
0.4223293662071228
0.7447121143341064
0.2658804655075073
0.21834199130535126
0.7496082782745361
0.5132468938827515
0.7337848544120789
0.8295705318450928
0.47809499502182007
0.5009257793426514
0.8686009049415588
0.9619693160057068
0.4567401707172394
0.7856648564338684
0.9665560722351074
0.31112396717071533
0.14370469748973846
0.4973265528678894
0.4514220356941223
0.3898576498031616
0.4391525387763977
0.9172214865684509
0.1738564372062683
0.5403534770011902
0.511389434337616
0.01462283730506897
0.6516371965408325
0.8071566224098206
0.7093247771263123
0.5689247846603394
0.07132980972528458
0.44232377409935
0.10256369411945343
0.019446494057774544
0.2550784647464752
0.18914350867271423
0.9170998930931091
0.21996146440505981
0.13544902205467224
0.36115214228630066
0.11954153329133987
0.30896297097206116
0.7264180779457092
0.7384655475616455
0.7779074907302856
0.4799436330795288
0.785876452922821
0.7785777449607849
0.19064635038375854
0.565944254398346
0.2691018879413605
0.5782886743545532
0.6663835644721985
0.8823067545890808
0.5215530395507812
0.02626318857073784
0.5688856840133667
0.4878196716308594
0.26513534784317017
0.8227171301841736
0.1315070241689682
0.17071881890296936
0.7557833790779114
0.027152162045240402
0.606971800327301
0.9324749708175659
0.48030829429626465
0.5975419282913208
0.9316996932029724
0.7428643703460693
0.8173494338989258
0.8966012001037598
0.8247681260108948
0.40022966265678406
0.05836232006549835
0.6283729076385498
0.38626495003700256
0.6757304668426514
0.039605896919965744
0.6965753436088562
0.869997501373291
0.4423524737358093
0.9534724950790405
0.01525331474840641
0.9156084060668945
0.5273810029029846
0.7591210603713989
0.21422968804836273
0.6527209877967834
0.5590746998786926
0.7134823799133301
0.33315911889076233
0.5037538409233093
0.32112136483192444
0.34899693727493286
0.2563331723213196
0.7606511116027832
0.2268773317337036
0.8872053027153015
0.9741785526275635
0.10517392307519913
0.7602033019065857
0.04271336644887924
0.12108851224184036
0.1883481740951538
0.4659176170825958
0.39270544052124023
0.8228152394294739
0.7065072655677795
0.6123188734054565
0.7422217130661011
0.9245207905769348
0.5789248943328857
0.2323683202266693
0.9048517346382141
0.5410612225532532
0.7593678832054138
0.40829160809516907
0.6792850494384766
0.3246843218803406
0.4872317612171173
0.8394401669502258
0.38253241777420044
0.2598159611225128
0.058902155607938766
0.6922599673271179
0.07635620981454849
0.8895500898361206
0.08976823836565018
0.6345064043998718
0.661860466003418
0.3354444205760956
0.3980766534805298
0.5695629715919495
0.5583529472351074
0.4784976541996002
0.8725816607475281
0.24290107190608978
0.7216405868530273
0.14621424674987793
0.411584734916687
0.0786060020327568
0.6586244106292725
0.17560994625091553
0.7037348747253418
0.6189098358154297
0.4032071828842163
0.36431896686553955
0.7413906455039978
0.1583678126335144
0.38650208711624146
0.42546454071998596
0.06834370642900467
0.007854770869016647
0.7367675304412842
0.05802711844444275
0.9433324337005615
0.8122054934501648
0.7773376107215881
0.9925867319107056
0.3760690689086914
0.0467124804854393
0.7910301685333252
0.5382851958274841
0.12212163954973221
0.9594955444335938
0.12737524509429932
0.20513613522052765
0.7895983457565308
0.09547215700149536
0.996516227722168
0.38639548420906067
0.8620626330375671
0.6639379858970642
0.7457159757614136
0.14109840989112854
0.8748966455459595
0.17241384088993073
0.5744391679763794
0.6501967310905457
0.6779114007949829
0.6612729430198669
0.99934983253479
0.9827898740768433
0.03148961439728737
0.11041585355997086
0.9554818868637085
0.5815218091011047
0.22785648703575134
0.49863147735595703
0.7361423969268799
0.05785064771771431
0.9950951933860779
0.28660061955451965
0.8183033466339111
0.07808000594377518
0.1581498235464096
0.9190146923065186
0.7859406471252441
0.3260788023471832
0.6051849126815796
0.7559700608253479
0.6355829834938049
0.7050066590309143
0.0018995264545083046
0.7029860019683838
0.1902676820755005
0.8865370154380798
0.6403310298919678
0.12072306126356125
0.5381438732147217
0.53192138671875
0.8295623064041138
0.4449763596057892
0.8543426990509033
0.5400328040122986
0.5192081928253174
0.6158087253570557
0.444210022687912
0.6903162002563477
0.9618139266967773
0.29378554224967957
0.537416398525238
0.081083282828331
0.5870386958122253
0.17550314962863922
0.943989634513855
0.21691632270812988
0.21964457631111145
0.277621328830719
0.43257537484169006
0.8359140157699585
0.9896379709243774
0.8026882410049438
0.9745811223983765
0.5969441533088684
0.492510586977005
0.505623459815979
0.23287667334079742
0.6624660491943359
0.08898720890283585
0.26239290833473206
0.4672054946422577
0.32118454575538635
0.44681963324546814
0.7534846663475037
0.19978021085262299
0.3781745135784149
0.12665173411369324
0.8195938467979431
0.6643309593200684
0.8038327693939209
0.1188591718673706
0.91700679063797
0.28999027609825134
0.6216792464256287
0.22278112173080444
0.2868366837501526
0.43171432614326477
0.38305169343948364
0.6212165355682373
0.45103907585144043
0.7295063734054565
0.05287794768810272
0.7173468470573425
0.18250325322151184
0.9069315195083618
0.04579877853393555
0.6018906831741333
0.7706201076507568
0.6977363228797913
0.14857040345668793
0.7142195105552673
0.014403951354324818
0.26033493876457214
0.044364482164382935
0.08052709698677063
0.182062566280365
0.19738683104515076
0.23937225341796875
0.24991679191589355
0.7227579951286316
0.6071909666061401
0.8174034357070923
0.056096386164426804
0.921877384185791
0.3261890709400177
0.8375229835510254
0.304727703332901
0.22555144131183624
0.4525671601295471
0.3305858373641968
0.47897589206695557
0.057435620576143265
0.7099068760871887
0.30423447489738464
0.17603646218776703
0.8304853439331055
0.9260181188583374
0.07064090669155121
0.7478159070014954
0.9653264880180359
0.5045213103294373
0.1993512660264969
0.0014567325124517083
0.39333221316337585
0.3439830243587494
0.016856472939252853
0.20606164634227753
0.6830672025680542
0.53220134973526
0.42425137758255005
0.652877151966095
0.8977706432342529
0.6109175086021423
0.8860188126564026
0.011608035303652287
0.3538627624511719
0.5187032222747803
0.38483551144599915
0.9168928861618042
0.852156937122345
0.47023361921310425
0.7353775501251221
0.6633602380752563
0.18427899479866028
0.9454139471054077
0.5862613320350647
0.6808218955993652
0.23549231886863708
0.40096747875213623
0.5531593561172485
0.24123139679431915
0.8500151038169861
0.2604270577430725
0.8068792819976807
0.9596644043922424
0.29116585850715637
0.07476691901683807
0.0784522145986557
0.30241918563842773
0.6041927933692932
0.06632210314273834
0.7848659753799438
0.9190641641616821
0.4171544015407562
0.229013130068779
0.12417116016149521
0.8353248238563538
0.9846805334091187
0.9783447980880737
0.4782753586769104
0.4228464365005493
0.7367038726806641
0.7738847136497498
0.1513337343931198
0.6402608752250671
0.7141715288162231
0.07661294937133789
0.07412195205688477
0.4979536235332489
0.2021491378545761
0.8628429174423218
0.2592164874076843
0.8520016074180603
0.29711976647377014
0.8113464117050171
0.9041222929954529
0.7440910339355469
0.6021934747695923
0.43401944637298584
0.8228679299354553
0.6576294898986816
0.6918774843215942
0.19104737043380737
0.08719311654567719
0.2704581320285797
0.3188977539539337
0.6429039239883423
0.3108951151371002
0.7893604040145874
0.4540548026561737
0.7653369903564453
0.565982460975647
0.15039481222629547
0.6381769180297852
0.6064867973327637
0.5732443928718567
0.06912711262702942
0.6860700249671936
0.06856374442577362
0.5636923909187317
0.8391968607902527
0.8800918459892273
0.13000164926052094
0.0788688138127327
0.099921815097332
0.8611785769462585
0.37430164217948914
0.3766612708568573
0.3743193745613098
0.12337303906679153
0.777584433555603
0.9324637651443481
0.8197418451309204
0.7705630660057068
0.9794580936431885
0.6136958599090576
0.989147424697876
0.7417586445808411
0.8935753703117371
0.8541273474693298
0.4338737726211548
0.9510645270347595
0.3921613097190857
0.01635311357676983
0.4631352126598358
0.7480625510215759
0.26544782519340515
0.8993110656738281
0.9313770532608032
0.7949590086936951
0.712435781955719
0.9272269606590271
0.5707669854164124
0.6529416441917419
0.4931671917438507
0.19209504127502441
0.3034529685974121
0.29629969596862793
0.7344232201576233
0.3011532425880432
0.7007444500923157
0.5606058835983276
0.6670012474060059
0.14486099779605865
0.15580201148986816
0.956806480884552
0.3914211094379425
0.3362152576446533
0.20815466344356537
0.07849562168121338
0.49236297607421875
0.6087272763252258
0.7612528204917908
0.29934847354888916
0.8381972312927246
0.16165116429328918
0.9879568219184875
0.8899233937263489
0.5243299603462219
0.6201831698417664
0.8524011373519897
0.9530658721923828
0.964198887348175
0.2872409522533417
0.5339377522468567
0.7460604310035706
0.5899156332015991
0.346447616815567
0.666281521320343
0.609314501285553
0.8003265261650085
0.6934321522712708
0.4464187026023865
0.3516465723514557
0.5109105706214905
0.9445363283157349
0.1634007692337036
0.004527126904577017
0.2800346910953522
0.7806429266929626
0.7484915852546692
0.3224402964115143
0.41659730672836304
0.05192503705620766
0.16923294961452484
0.8826131224632263
0.19869793951511383
0.5595241189002991
0.5728837847709656
0.08744528889656067
0.0741308405995369
0.35600972175598145
0.5188835263252258
0.6973236799240112
0.5983215570449829
0.045216213911771774
0.7373839616775513
0.05868391692638397
0.8688182234764099
0.11568039655685425
0.09628839045763016
0.5950233340263367
0.8357046842575073
0.4462076723575592
0.7658552527427673
0.24366116523742676
0.1852601170539856
0.5541794896125793
0.11022895574569702
0.10957130789756775
0.43262603878974915
0.30418363213539124
0.5175774693489075
0.47811490297317505
0.9620855450630188
0.6817235946655273
0.4713763892650604
0.25120535492897034
0.1271256059408188
0.9350054860115051
0.691628634929657
0.5616081357002258
0.3029620349407196
0.7706422209739685
0.2521245777606964
0.8347209095954895
0.9474650621414185
0.4335419535636902
0.12884880602359772
0.4640820324420929
0.7537949681282043
0.5341927409172058
0.3259251117706299
0.4202040433883667
0.7380344271659851
0.5684325098991394
0.40825533866882324
0.5953750610351562
0.7760294079780579
0.34590470790863037
0.6457653641700745
0.9826644062995911
0.3662346303462982
0.08776379376649857
0.8573676347732544
0.35968947410583496
0.5863484740257263
0.9202246069908142
0.9291595220565796
0.16987650096416473
0.4042356312274933
0.9867737293243408
0.6283983588218689
0.48446622490882874
0.516301155090332
0.2765350937843323
0.755983829498291
0.37536120414733887
0.35924068093299866
0.40785351395606995
0.8866912722587585
0.8606449961662292
0.1678173691034317
0.5314667820930481
0.024121234193444252
0.5250826478004456
0.7918436527252197
0.816681981086731
0.6831477284431458
0.028014052659273148
0.1340031772851944
0.6581272482872009
0.5197451114654541
0.08184046298265457
0.8944144248962402
0.7261599898338318
0.3305165469646454
0.26806318759918213
0.8700977563858032
0.5979812741279602
0.8022021055221558
0.6192479133605957
0.38447219133377075
0.9078402519226074
0.6135377883911133
0.3086945116519928
0.9424237608909607
0.7545867562294006
0.41541197896003723
0.49443554878234863
0.40062379837036133
0.8185051679611206
0.3401103913784027
0.44622811675071716
0.621446430683136
0.5282860994338989
0.7812299728393555
0.15974585711956024
0.47809118032455444
0.2898828983306885
0.36966603994369507
0.13216115534305573
0.730370283126831
0.9286928772926331
0.14413295686244965
0.7413002848625183
0.8284711837768555
0.2512461543083191
0.7367030382156372
0.44268476963043213
0.581126868724823
0.8680376410484314
0.4309786260128021
0.954828679561615
0.8583924174308777
0.6953482627868652
0.47864970564842224
0.21797166764736176
0.023832106962800026
0.018986597657203674
0.8605023622512817
0.13378627598285675
0.9158353209495544
0.6292154788970947
0.837033212184906
0.7061229944229126
0.4289238750934601
0.028398951515555382
0.5511013269424438
0.7394411563873291
0.8957837820053101
0.8245100378990173
0.2474425882101059
0.1516585797071457
0.026409199461340904
0.53048175573349
0.766607403755188
0.5868219137191772
0.7721647024154663
0.6530125737190247
0.6680949926376343
0.9437472820281982
0.24198608100414276
0.46456509828567505
0.4026918113231659
0.2528742253780365
0.3791557848453522
0.10034765303134918
0.9408450722694397
0.8364830613136292
0.8070204257965088
0.4491521716117859
0.5918566584587097
0.3251205384731293
0.36028552055358887
0.38839197158813477
0.967985987663269
0.41397780179977417
0.8841206431388855
0.5619802474975586
0.34265652298927307
0.9787181615829468
0.925811231136322
0.22994734346866608
0.8920511603355408
0.7371757626533508
0.9944517612457275
0.7886664867401123
0.8012972474098206
0.3039824366569519
0.4004771113395691
0.9979451894760132
0.32353341579437256
0.5156710743904114
0.22532150149345398
0.8760475516319275
0.22328543663024902
0.7506071329116821
0.06815099716186523
0.22074295580387115
0.8112812042236328
0.6379624605178833
0.4968116581439972
0.0775943472981453
0.5331129431724548
0.6830651164054871
0.5581322908401489
0.6134952902793884
0.23366111516952515
0.5485048890113831
0.22316791117191315
0.7870470285415649
0.41888317465782166
0.09368429332971573
0.9728997945785522
0.15667766332626343
0.7127009034156799
0.012231439352035522
0.9937809109687805
0.5091921091079712
0.9423564672470093
0.7035868763923645
0.49485841393470764
0.34285885095596313
0.8549160957336426
0.3928861916065216
0.6477059125900269
0.13335222005844116
0.06979493051767349
0.5591997504234314
0.06296233832836151
0.15099859237670898
0.45223402976989746
0.33950725197792053
0.03986092284321785
0.8281098008155823
0.36762234568595886
0.08508078008890152
0.3207179307937622
0.33142903447151184
0.27945148944854736
0.7056742906570435
0.3286731541156769
0.5046395659446716
0.7437739968299866
0.47237053513526917
0.08186323195695877
0.9707179665565491
0.5510350465774536
0.09130094945430756
0.8944421410560608
0.1722290813922882
0.43840599060058594
0.9894265532493591
0.61439049243927
0.6258154511451721
0.7250124216079712
0.005307568237185478
0.5308470726013184
0.7464191317558289
0.55202716588974
0.3340333104133606
0.7043606638908386
0.8431320786476135
0.3414255976676941
0.34462541341781616
0.09191597998142242
0.07594907283782959
0.405795693397522
0.495037704706192
0.3942687213420868
0.540191650390625
0.8465994596481323
0.5933689475059509
0.5884286761283875
0.7520431280136108
0.437360554933548
0.16446822881698608
0.7503646612167358
0.8666030764579773
0.12865778803825378
0.5147189497947693
0.5947794914245605
0.886300265789032
0.3539701998233795
0.37887850403785706
0.21760742366313934
0.7561864852905273
0.6245085000991821
0.4497201144695282
0.4765706956386566
0.8421251177787781
0.8659961223602295
0.33229953050613403
0.7075769901275635
0.08945079147815704
0.48126575350761414
0.1431998908519745
0.11710541695356369
0.2992122173309326
0.19873054325580597
0.569976806640625
0.859734058380127
0.4389920234680176
0.4296599328517914
0.3796088695526123
0.3000791370868683
0.43370869755744934
0.3787586987018585
0.6935793161392212
0.22953160107135773
0.3842269778251648
0.2710084915161133
0.7923920750617981
0.01418600045144558
0.5634065270423889
0.9918637275695801
0.9978105425834656
0.3170108199119568
0.7898845672607422
0.30622899532318115
0.1330067217350006
0.8282442688941956
0.1533435583114624
0.9372568130493164
0.9569541215896606
0.006610798183828592
0.5612242221832275
0.9011061787605286
0.7211536765098572
0.5051569938659668
0.15015581250190735
0.8203210830688477
0.536985456943512
0.13080208003520966
0.33607280254364014
0.39735329151153564
0.3053397536277771
0.43020009994506836
0.22908435761928558
0.44415345788002014
0.7312604784965515
0.7575193643569946
0.11262310296297073
0.04999329149723053
0.4408702552318573
0.8449410796165466
0.9347102046012878
0.18868592381477356
0.8300015926361084
0.45641782879829407
0.6469979286193848
0.4077996015548706
0.8918492794036865
0.8697307109832764
0.14151310920715332
0.060471512377262115
0.1454559862613678
0.5052915811538696
0.5322797894477844
0.2512621581554413
0.9101572632789612
0.1369212120771408
0.7409367561340332
0.9061180353164673
0.9669728875160217
0.8689039349555969
0.364148885011673
0.9262055158615112
0.2112692892551422
0.6158028841018677
0.6671323180198669
0.43886712193489075
0.34936633706092834
0.43194758892059326
0.4058942496776581
0.5839487910270691
0.3042888641357422
0.45241987705230713
0.008018783293664455
0.8337935209274292
0.025114979594945908
0.5442269444465637
0.7553220987319946
0.5824966430664062
0.20417098701000214
0.17633633315563202
0.07597234845161438
0.4122960567474365
0.45325523614883423
0.5472566485404968
0.9818246364593506
0.4590035080909729
0.6242300868034363
0.4933863580226898
0.9040115475654602
0.5195777416229248
0.5803676247596741
0.06581910699605942
0.02297769859433174
0.9620956778526306
0.9173915386199951
0.5101380348205566
0.23719964921474457
0.40147116780281067
0.5872724056243896
0.21056953072547913
0.17115673422813416
0.8055563569068909
0.4278167486190796
0.5869140625
0.7445352077484131
0.107675701379776
0.34263867139816284
0.34243398904800415
0.3400765061378479
0.2667848765850067
0.3792915344238281
0.8733779191970825
0.24169084429740906
0.8455714583396912
0.386732816696167
0.3367387652397156
0.12425123155117035
0.7333860397338867
0.6715690493583679
0.24716626107692719
0.9135128855705261
0.03735458478331566
0.6286117434501648
0.4485280513763428
0.05763396620750427
0.44911471009254456
0.3498915433883667
0.9988359808921814
0.18435509502887726
0.23971562087535858
0.5362221002578735
0.8354490399360657
0.8143516778945923
0.06505195796489716
0.0708804577589035
0.5811657309532166
0.8645650148391724
0.2326623946428299
0.24529026448726654
0.26220229268074036
0.716115415096283
0.6938875913619995
0.34472203254699707
0.7387707233428955
0.13058216869831085
0.6726546287536621
0.41714224219322205
0.9317928552627563
0.286452054977417
0.10835205018520355
0.9206392765045166
0.20717501640319824
0.5578143000602722
0.8782663941383362
0.267412006855011
0.7770099639892578
0.4218135476112366
0.577183187007904
0.1890230029821396
0.2577514052391052
0.9666087031364441
0.5203210711479187
0.20470410585403442
0.9034447073936462
0.7924745082855225
0.18578241765499115
0.9432165622711182
0.8307494521141052
0.5583707094192505
0.09269478917121887
0.1666867434978485
0.9817227721214294
0.5732071399688721
0.8331802487373352
0.5037662982940674
0.7098621726036072
0.8693953156471252
0.923564076423645
0.15741606056690216
0.6491616368293762
0.3603748381137848
0.23049797117710114
0.1771300733089447
0.12578584253787994
0.1426715850830078
0.01946759596467018
0.5407691597938538
0.0515439510345459
0.7413188815116882
0.5327348113059998
0.6769841313362122
0.8319318890571594
0.15050645172595978
0.0023502002004534006
0.0277237705886364
0.3322875499725342
0.38571250438690186
0.3563183844089508
0.6474651098251343
0.5543681383132935
0.8156824707984924
0.3817919194698334
0.8577483296394348
0.5394150018692017
0.4691630005836487
0.8404139280319214
0.4005022346973419
0.03913147747516632
0.5956175327301025
0.3633291721343994
0.34887516498565674
0.8100304007530212
0.23678269982337952
0.9548752903938293
0.8491736650466919
0.2811833620071411
0.65092933177948
0.38569483160972595
0.7220406532287598
0.6153593063354492
0.7419982552528381
0.02073676511645317
0.4567488133907318
0.7552359104156494
0.5010939836502075
0.9227511286735535
0.9768332242965698
0.21695448458194733
0.3357858955860138
0.40050196647644043
0.21883054077625275
0.11062547564506531
0.10483910143375397
0.10252515226602554
0.4335617423057556
0.778724193572998
0.4182845950126648
0.5720103979110718
0.9083291292190552
0.062405578792095184
0.18963848054409027
0.1651393175125122
0.26188603043556213
0.24786944687366486
0.8975000977516174
0.12132140249013901
0.4299151599407196
0.9982001185417175
0.04623550921678543
0.45752158761024475
0.7837385535240173
0.024635566398501396
0.729518711566925
0.6932542324066162
0.7231285572052002
0.2340879589319229
0.7324907779693604
0.1672479510307312
0.09606072306632996
0.39537176489830017
0.8068875670433044
0.9829898476600647
0.9494608044624329
0.3755260407924652
0.6487938761711121
0.3811713457107544
0.825121283531189
0.753515362739563
0.25687962770462036
0.8090679049491882
0.7430251836776733
0.6582786440849304
0.4050056040287018
0.029081638902425766
0.42716658115386963
0.019325854256749153
0.7832291126251221
0.09196089953184128
0.8276249766349792
0.5046206116676331
0.8544410467147827
0.3182118833065033
0.07999733090400696
0.35790109634399414
0.5889977216720581
0.2884892523288727
0.1688193380832672
0.07627996057271957
0.08834023028612137
0.5703163743019104
0.10652580857276917
0.7497815489768982
0.8284145593643188
0.5663513541221619
0.6857993006706238
0.6609517335891724
0.7267806529998779
0.274697870016098
0.4849185049533844
0.6320582628250122
0.3236120045185089
0.7800039649009705
0.7015666961669922
0.36020928621292114
0.9480416774749756
0.6613855361938477
0.4429689347743988
0.1783321499824524
0.743492066860199
0.6806060075759888
0.4252847731113434
0.867087185382843
0.42040151357650757
0.7216750383377075
0.7212927937507629
0.6044414639472961
0.7659468054771423
0.20566876232624054
0.22054550051689148
0.556161105632782
0.40711724758148193
0.7241585850715637
0.43305331468582153
0.9267662167549133
0.41977059841156006
0.15155692398548126
0.12327739596366882
0.4857073426246643
0.9752534031867981
0.5410126447677612
0.5778931379318237
0.12430240213871002
0.23113052546977997
0.9213330149650574
0.09058017283678055
0.4052964150905609
0.4802147448062897
0.3425472676753998
0.6792091131210327
0.5305799841880798
0.624466598033905
0.8420875668525696
0.7550790309906006
0.2289072722196579
0.9596896767616272
0.2892087399959564
0.21389591693878174
0.29782360792160034
0.7474332451820374
0.7695471048355103
0.037699565291404724
0.9053309559822083
0.8603350520133972
0.9310920238494873
0.27405112981796265
0.9745224714279175
0.6217167973518372
0.06314700096845627
0.9299296736717224
0.133381187915802
0.3849923312664032
0.1677783578634262
0.5941861271858215
0.08007688075304031
0.9282574653625488
0.4933127164840698
0.7271950840950012
0.2234610617160797
0.649326503276825
0.8512049913406372
0.9620078206062317
0.10233933478593826
0.7145125865936279
0.9569621682167053
0.8383911848068237
0.025574322789907455
0.39187657833099365
0.22990569472312927
0.06083163991570473
0.45585739612579346
0.6627871990203857
0.8184045553207397
0.7294018268585205
0.3347281813621521
0.9550236463546753
0.6476879715919495
0.5746126770973206
0.13701874017715454
0.37451377511024475
0.17940844595432281
0.7703694105148315
0.6745362281799316
0.43734467029571533
0.10485140234231949
0.2814379632472992
0.6069802641868591
0.5890369415283203
0.1593281626701355
0.6090628504753113
0.06471385061740875
0.4188964068889618
0.1849583387374878
0.5373021364212036
0.04762941971421242
0.5286467671394348
0.7890841960906982
0.7608320713043213
0.306645005941391
0.15542855858802795
0.021687423810362816
0.602426290512085
0.7653406262397766
0.743582546710968
0.6834557056427002
0.21172858774662018
0.13991709053516388
0.7203329205513
0.8049510717391968
0.14321184158325195
0.4894496202468872
0.480796754360199
0.6192357540130615
0.32541319727897644
0.939983606338501
0.6802155375480652
0.5462388396263123
0.02776453271508217
0.2632308006286621
0.6894419193267822
0.7486081123352051
0.22969898581504822
0.6652836203575134
0.6488414406776428
0.44035014510154724
0.8303717374801636
0.3685043156147003
0.34465235471725464
0.37032079696655273
0.6687774062156677
0.3728717565536499
0.7212134003639221
0.011703279800713062
0.2803300619125366
0.00977330468595028
0.5021359920501709
0.5527359247207642
0.050823044031858444
0.5695933699607849
0.9279582500457764
0.7341046333312988
0.3596743941307068
0.400978147983551
0.457260400056839
0.040364161133766174
0.7674911022186279
0.3473818600177765
0.8752759695053101
0.7673097252845764
0.0960136130452156
0.7331522703170776
0.8653064966201782
0.4808444082736969
0.9269117116928101
0.8060076236724854
0.613947868347168
0.5262497067451477
0.43006861209869385
0.4252670705318451
0.7628543972969055
0.3938716650009155
0.8979362845420837
0.7405471205711365
0.3081640303134918
0.9633820652961731
0.5554632544517517
0.6926891207695007
0.8343496322631836
0.6283779144287109
0.13893234729766846
0.4841161072254181
0.6297605633735657
0.279462605714798
0.4777317941188812
0.4267843961715698
0.4474439024925232
0.3427990674972534
0.3622330129146576
0.11598148196935654
0.5252958536148071
0.13934046030044556
0.8382101655006409
0.8313633799552917
0.46997904777526855
0.43521037697792053
0.6256892085075378
0.5620186924934387
0.5693240165710449
0.9424734115600586
0.2591544985771179
0.8298013806343079
0.2654915452003479
0.6973408460617065
0.4915955662727356
0.6813795566558838
0.8084728717803955
0.8345370888710022
0.6842712163925171
0.1861896961927414
0.7108408808708191
0.8881260752677917
0.6570725440979004
0.7772992253303528
0.273997038602829
0.2936234772205353
0.3796207904815674
0.31679004430770874
0.9010951519012451
0.9680072069168091
0.6630570888519287
0.7541444897651672
0.055998124182224274
0.48329004645347595
0.9076403975486755
0.026838991791009903
0.3385087251663208
0.5972894430160522
0.7337038516998291
0.18481796979904175
0.4343891441822052
0.06716331839561462
0.6035222411155701
0.5851384997367859
0.7411755323410034
0.266725093126297
0.0034697626251727343
0.28110799193382263
0.24017013609409332
0.6572661995887756
0.8604744076728821
0.22980377078056335
0.11641547083854675
0.346364825963974
0.7393080592155457
0.05451854318380356
0.19733847677707672
0.7732322812080383
0.6960242986679077
0.08229293674230576
0.42051270604133606
0.9118599891662598
0.9764887094497681
0.8027600049972534
0.18982632458209991
0.8135283589363098
0.6009373664855957
0.45833510160446167
0.727993905544281
0.007533852942287922
0.06190819665789604
0.5447249412536621
0.7756543755531311
0.6741478443145752
0.6437497735023499
0.3396255373954773
0.9551852345466614
0.3688739836215973
0.7947057485580444
0.600368320941925
0.4586602747440338
0.40120184421539307
0.17668728530406952
0.09229373186826706
0.7451325058937073
0.18102191388607025
0.6736477017402649
0.1966015100479126
0.5269927382469177
0.4902440309524536
0.763092577457428
0.1178608164191246
0.2151051014661789
0.37485045194625854
0.03996012732386589
0.8774819374084473
0.502341091632843
0.9136263132095337
0.9119280576705933
0.641724705696106
0.6361159086227417
0.738552987575531
0.6009601354598999
0.04897592216730118
0.7348542809486389
0.1910405457019806
0.6738105416297913
0.9133375287055969
0.7541226744651794
0.33429786562919617
0.4574836194515228
0.4284760355949402
0.29435211420059204
0.9618602991104126
0.15858440101146698
0.8865728378295898
0.6790974140167236
0.2805651128292084
0.7717671990394592
0.05347464233636856
0.49250057339668274
0.2534691393375397
0.8277649283409119
0.7044971585273743
0.18925774097442627
0.7577991485595703
0.5423295497894287
0.06777432560920715
0.6448114514350891
0.15809759497642517
0.031066467985510826
0.8747501969337463
0.729164719581604
0.48054155707359314
0.6295763850212097
0.6102599501609802
0.4495181143283844
0.8648315072059631
0.7074247002601624
0.6910302639007568
0.9360446929931641
0.00031097469036467373
0.25152137875556946
0.671214759349823
0.8232765197753906
0.5877347588539124
0.5904450416564941
0.8834503293037415
0.4848199486732483
0.8114299178123474
0.4004209339618683
0.8135290145874023
0.7907028198242188
0.09419848024845123
0.6747533679008484
0.6755806803703308
0.15440015494823456
0.5520409941673279
0.47872188687324524
0.34731951355934143
0.22683466970920563
0.3906915485858917
0.5363064408302307
0.3932914435863495
0.473929762840271
0.24752701818943024
0.09136781096458435
0.05879504606127739
0.11635462939739227
0.09460831433534622
0.9709731340408325
0.9397453665733337
0.49159184098243713
0.8179279565811157
0.058497581630945206
0.06709727644920349
0.8181391954421997
0.31778350472450256
0.8000019788742065
0.17753824591636658
0.43190136551856995
0.831205427646637
0.07184242457151413
0.37930354475975037
0.3922763466835022
0.1612226814031601
0.9600721597671509
0.3187907338142395
0.5953490138053894
0.44067010283470154
0.36264240741729736
0.43035364151000977
0.7890117168426514
0.9372341632843018
0.49314966797828674
0.3778681457042694
0.5733832716941833
0.6296778917312622
0.2830565869808197
0.7871588468551636
0.4419202208518982
0.9606886506080627
0.5769944190979004
0.7336679697036743
0.7202301025390625
0.35139572620391846
0.6757152676582336
0.2914271354675293
0.4080548584461212
0.26048484444618225
0.021307451650500298
0.13280770182609558
0.7215108871459961
0.3833230435848236
0.5650587677955627
0.5243885517120361
0.7311225533485413
0.052670158445835114
0.4760969281196594
0.2310357540845871
0.8947924971580505
0.5858437418937683
0.7951698899269104
0.8063200116157532
0.703179657459259
0.2577182948589325
0.7417589426040649
0.6001044511795044
0.7181776165962219
0.42983976006507874
0.39438989758491516
0.6346634030342102
0.5651519298553467
0.005432486534118652
0.8443395495414734
0.9139149785041809
0.2842995226383209
0.7981964945793152
0.9892843961715698
0.7410010695457458
0.4151400625705719
0.7990263104438782
0.11187008768320084
0.5118551254272461
0.3515630066394806
0.251687228679657
0.36325696110725403
0.6836092472076416
0.3922007083892822
0.5106884241104126
0.3912637531757355
0.30626335740089417
0.9909517168998718
0.4931609034538269
0.7203991413116455
0.45863455533981323
0.28379809856414795
0.9008314609527588
0.4239330291748047
0.9777383208274841
0.4882511794567108
0.32131335139274597
0.4529101252555847
0.01052846759557724
0.6469256281852722
0.06826019287109375
0.44189760088920593
0.4018577039241791
0.7696841359138489
0.6904252767562866
0.935472846031189
0.27621522545814514
0.18291474878787994
0.8523792028427124
0.8815058469772339
0.6390065550804138
0.08752846717834473
0.6795763969421387
0.7439534068107605
0.8719873428344727
0.24471557140350342
0.04559696838259697
0.2107805460691452
0.9792748689651489
0.6816221475601196
0.32863351702690125
0.5685491561889648
0.41397202014923096
0.660432755947113
0.44624748826026917
0.9858232140541077
0.788121223449707
0.25835198163986206
0.09966234117746353
0.3071940839290619
0.6402174830436707
0.21074903011322021
0.024064552038908005
0.9642492532730103
0.7950363755226135
0.27206921577453613
0.35801881551742554
0.9444448351860046
0.28938761353492737
0.8885043859481812
0.9255281090736389
0.4341142773628235
0.3983844518661499
0.4148101806640625
0.17303216457366943
0.698821485042572
0.4310888350009918
0.4431654214859009
0.5379735827445984
0.6842933297157288
0.7198589444160461
0.7001646161079407
0.8344322443008423
0.8028205633163452
0.19639970362186432
0.5834200382232666
0.5293325185775757
0.3073793053627014
0.4515337347984314
0.625862181186676
0.18191209435462952
0.3045557737350464
0.7209002375602722
0.8886995911598206
0.5346937775611877
0.9987950921058655
0.8253293037414551
0.8039958477020264
0.05673078075051308
0.04434368014335632
0.6498663425445557
0.42527270317077637
0.9338259696960449
0.2644510567188263
0.3330717980861664
0.015202376060187817
0.49918633699417114
0.0017309734830632806
0.4156138598918915
0.20811952650547028
0.9360696077346802
0.6260347366333008
0.7999330759048462
0.6139660477638245
0.2915969491004944
0.5669609904289246
0.5849474668502808
0.4428901970386505
0.46486711502075195
0.9683677554130554
0.5061171650886536
0.9121502041816711
0.3028271496295929
0.9399867653846741
0.45330971479415894
0.2573511600494385
0.07363311201334
0.23121777176856995
0.5239901542663574
0.8453803658485413
0.32480940222740173
0.533168613910675
0.22762036323547363
0.5279223918914795
0.5696413516998291
0.6197524070739746
0.2889139652252197
0.46066224575042725
0.90215665102005
0.08703355491161346
0.3066313862800598
0.8587504029273987
0.4550805687904358
0.06902502477169037
0.8135336637496948
0.38578638434410095
0.21189749240875244
0.9888853430747986
0.8537572026252747
0.7771666049957275
0.020293835550546646
0.13887089490890503
0.522210419178009
0.7762600183486938
0.20222032070159912
0.5915157198905945
0.7660567164421082
0.9656360149383545
0.6473686099052429
0.6200001239776611
0.9578530788421631
0.2473241090774536
0.5461474061012268
0.9652121067047119
0.41272351145744324
0.9621334671974182
0.2564151883125305
0.6096364259719849
0.05903360992670059
0.45594826340675354
0.40021371841430664
0.7639663815498352
0.24241991341114044
0.22102345526218414
0.7994122505187988
0.04305829852819443
0.343305766582489
0.4250839054584503
0.4713526666164398
0.2216504067182541
0.6387564539909363
0.2256433218717575
0.3141547441482544
0.6944472193717957
0.8319720029830933
0.22468799352645874
0.05140801519155502
0.3163556754589081
0.38592785596847534
0.13809478282928467
0.3514968156814575
0.19833816587924957
0.25946247577667236
0.40709301829338074
0.907952070236206
0.29369843006134033
0.04445894435048103
0.8860906958580017
0.7879441976547241
0.5139414072036743
0.37795090675354004
0.8650517463684082
0.6379749178886414
0.6442017555236816
0.013893108814954758
0.9460444450378418
0.31062403321266174
0.2765308916568756
0.6363115906715393
0.7068494558334351
0.41092565655708313
0.4693831503391266
0.1564588099718094
0.23196032643318176
0.15416987240314484
0.3799642324447632
0.5744317770004272
0.833972692489624
0.5928546190261841
0.9238231778144836
0.38787132501602173
0.6047816872596741
0.22438636422157288
0.8224195837974548
0.523186981678009
0.6044223308563232
0.7834807634353638
0.2968499958515167
0.656574010848999
0.5396609306335449
0.002043292857706547
0.5543044209480286
0.18412373960018158
0.595470130443573
0.2803339958190918
0.4717482328414917
0.6376968026161194
0.14236672222614288
0.6462878584861755
0.0072395349852740765
0.07273762673139572
0.24918684363365173
0.7012875080108643
0.7835186719894409
0.7940149903297424
0.13963983952999115
0.2463751584291458
0.6824267506599426
0.218394473195076
0.4133319556713104
0.4046747386455536
0.5864858031272888
0.5825096368789673
0.8262019753456116
0.054322801530361176
0.6815922856330872
0.963993489742279
0.356674462556839
0.6861438751220703
0.14943797886371613
0.15120428800582886
0.20995786786079407
0.8295698165893555
0.7912374138832092
0.7242926955223083
0.24278615415096283
0.41211390495300293
0.03924565389752388
0.46168798208236694
0.6057103276252747
0.9398744106292725
0.8294599056243896
0.9349586963653564
0.7666197419166565
0.9012497663497925
0.4011571705341339
0.10500501096248627
0.6565673351287842
0.8576909303665161
0.49378055334091187
0.7822871208190918
0.7164005041122437
0.7295995950698853
0.9753469228744507
0.41484707593917847
0.11200448870658875
0.11125268042087555
0.7547672986984253
0.9558079838752747
0.4865350127220154
0.13414086401462555
0.9208287000656128
0.29490941762924194
0.12895919382572174
0.27176332473754883
0.6410858035087585
0.4821873903274536
0.6052572131156921
0.6080929040908813
0.9780218601226807
0.9673696160316467
0.0003187107213307172
0.4907672107219696
0.2198118418455124
0.3723214864730835
0.2768649458885193
0.49977052211761475
0.35992908477783203
0.34788379073143005
0.14339739084243774
0.6000930666923523
0.7012060284614563
0.18272008001804352
0.1710570752620697
0.023630009964108467
0.8328709006309509
0.09586796909570694
0.7893941402435303
0.5805989503860474
0.5956789255142212
0.5843722224235535
0.9810513257980347
0.048083506524562836
0.5742462873458862
0.7419771552085876
0.6619267463684082
0.7718033790588379
0.6044724583625793
0.09530806541442871
0.03826293721795082
0.05062662065029144
0.4440191984176636
0.24741585552692413
0.839066207408905
0.8243237733840942
0.48346930742263794
0.5937108993530273
0.8275991678237915
0.8764568567276001
0.6611015796661377
0.09484633803367615
0.07129298150539398
0.26200446486473083
0.9737817645072937
0.9409348964691162
0.8920565247535706
0.2668883800506592
0.9497328400611877
0.9386458992958069
0.22211647033691406
0.2640346884727478
0.4699563980102539
0.7565484642982483
0.6405324935913086
0.04488467425107956
0.3345135748386383
0.5840902924537659
0.6581549644470215
0.7292540669441223
0.9977481961250305
0.008537431247532368
0.8504905104637146
0.6467480063438416
0.36084234714508057
0.8143389225006104
0.9651294946670532
0.08855140209197998
0.17164896428585052
0.13806436955928802
0.4102132320404053
0.23312973976135254
0.8067971467971802
0.6641242504119873
0.7128065228462219
0.35924944281578064
0.49985113739967346
0.9055935740470886
0.6267372369766235
0.8333241939544678
0.9569315314292908
0.5137186646461487
0.12177018821239471
0.5202085375785828
0.4459196627140045
0.06126983091235161
0.2632186710834503
0.8997893333435059
0.654647707939148
0.6106782555580139
0.20771513879299164
0.07264377176761627
0.42419105768203735
0.4413372278213501
0.6867620944976807
0.9662191867828369
0.45617878437042236
0.5215993523597717
0.2553386986255646
0.3167685270309448
0.9286413192749023
0.06988275796175003
0.019940990954637527
0.49224042892456055
0.7679007649421692
0.6395671963691711
0.571677029132843
0.22036927938461304
0.8224172592163086
0.3125610649585724
0.64415442943573
0.8264855146408081
0.4033125042915344
0.057121116667985916
0.9706189632415771
0.5568559765815735
0.4565495550632477
0.9731418490409851
0.42999666929244995
0.9374416470527649
0.49522465467453003
0.2831151783466339
0.2881249487400055
0.4980926215648651
0.5696972012519836
0.8018897771835327
0.22401654720306396
0.9289125800132751
0.2673841714859009
0.8368744850158691
0.3036050498485565
0.9211373925209045
0.16408675909042358
0.11362801492214203
0.14079764485359192
0.10262361168861389
0.2619757056236267
0.24685536324977875
0.6425970196723938
0.6404282450675964
0.9585662484169006
0.5107278823852539
0.9309096336364746
0.4259472191333771
0.3262486755847931
0.38859033584594727
0.6390833854675293
0.19653618335723877
0.26416173577308655
0.9549334645271301
0.7898596525192261
0.9933347702026367
0.210286945104599
0.2619105577468872
0.5786424279212952
0.7270036339759827
0.3760196268558502
0.5033613443374634
0.36054548621177673
0.1284855306148529
0.9233675003051758
0.6003154516220093
0.653739333152771
0.10426490753889084
0.3906082212924957
0.07992713153362274
0.21862241625785828
0.07874047011137009
0.7722809314727783
0.5077657699584961
0.3443855345249176
0.9033956527709961
0.7000964283943176
0.7707916498184204
0.6891617178916931
0.639831006526947
0.21663257479667664
0.9204457402229309
0.7836925983428955
0.35537877678871155
0.8415316343307495
0.5261009931564331
0.17236170172691345
0.020117565989494324
0.05485264211893082
0.30637991428375244
0.5450524687767029
0.3017514944076538
0.28314077854156494
0.21305571496486664
0.8993262052536011
0.7059077024459839
0.6127013564109802
0.4995171129703522
0.2743784189224243
0.23185908794403076
0.027303550392389297
0.5721190571784973
0.38445764780044556
0.4711151123046875
0.08532547950744629
0.916556715965271
0.8506383299827576
0.8968595862388611
0.1429479867219925
0.30155643820762634
0.8417714834213257
0.4652782380580902
0.5171489715576172
0.584335207939148
0.3001934885978699
0.33475619554519653
0.3123573660850525
0.9736916422843933
0.9877791404724121
0.9578632712364197
0.6705734729766846
0.44167301058769226
0.17681246995925903
0.6320152282714844
0.8340933322906494
0.31914862990379333
0.8592809438705444
0.976746141910553
0.419339120388031
0.7683202028274536
0.437522828578949
0.39001181721687317
0.15494173765182495
0.9931041598320007
0.7818261384963989
0.04601312428712845
0.37132498621940613
0.782399594783783
0.22736497223377228
0.596446692943573
0.9749265909194946
0.8882543444633484
0.09113483875989914
0.6355046629905701
0.6957693696022034
0.36160773038864136
0.9136914610862732
0.47933679819107056
0.13969457149505615
0.1061679869890213
0.29556336998939514
0.290094256401062
0.11403306573629379
0.4530949294567108
0.23134838044643402
0.4163437485694885
0.14970391988754272
0.7513349652290344
0.6016384363174438
0.9001138806343079
0.9477837085723877
0.6065733432769775
0.8574615716934204
0.24484656751155853
0.2995474934577942
0.6990595459938049
0.9369722008705139
0.6132988929748535
0.748975932598114
0.657916784286499
0.8705240488052368
0.17446546256542206
0.7942711114883423
0.24084927141666412
0.916080892086029
0.5890229344367981
0.745801568031311
0.5932731032371521
0.4696294069290161
0.62994384765625
0.773657500743866
0.9861211180686951
0.7160510420799255
0.5147103667259216
0.09964240342378616
0.5915722846984863
0.6603816747665405
0.6192649602890015
0.18306362628936768
0.5780490636825562
0.4512580931186676
0.7793413996696472
0.7424398064613342
0.7096585631370544
0.7721721529960632
0.7311693429946899
0.2153070569038391
0.481839656829834
0.4363238513469696
0.5972893238067627
0.13242830336093903
0.19320759177207947
0.27788496017456055
0.857017993927002
0.37987565994262695
0.6916500329971313
0.4293254315853119
0.33116447925567627
0.19805368781089783
0.9921635985374451
0.00949864462018013
0.11863704025745392
0.45531150698661804
0.07320030778646469
0.4530569911003113
0.7981715202331543
0.7781484127044678
0.4986903667449951
0.9505974054336548
0.2436644583940506
0.15775372087955475
0.1631191521883011
0.7805473804473877
0.40575796365737915
0.011687451973557472
0.26843976974487305
0.36699795722961426
0.28145650029182434
0.06750228255987167
0.21829840540885925
0.0020524596329778433
0.40870919823646545
0.038478508591651917
0.2569296360015869
0.9704654812812805
0.49621880054473877
0.3930967450141907
0.4341718554496765
0.9467905759811401
0.012831861153244972
0.49040669202804565
0.8479103446006775
0.7273387908935547
0.8774157166481018
0.4582892954349518
0.34646427631378174
0.10867884755134583
0.5263671278953552
0.3478931188583374
0.3388342559337616
0.795419454574585
0.2667314112186432
0.9503069519996643
0.3231580853462219
0.6000853776931763
0.46887215971946716
0.14480538666248322
0.23144231736660004
0.5942661762237549
0.6677157878875732
0.4269113838672638
0.11838724464178085
0.8298432230949402
0.40977975726127625
0.9882213473320007
0.009601793251931667
0.8110707402229309
0.4808712303638458
0.5909448266029358
0.6707438230514526
0.42853018641471863
0.8258888721466064
0.48854559659957886
0.2090362161397934
0.46675974130630493
0.13772828876972198
0.3233482241630554
0.29273754358291626
0.6625885963439941
0.6865602731704712
0.8096909523010254
0.16699157655239105
0.47749143838882446
0.019401928409934044
0.45844709873199463
0.13055890798568726
0.3531649708747864
0.2265656590461731
0.1613929271697998
0.6000810861587524
0.47526484727859497
0.7904164791107178
0.7564693689346313
0.6127629280090332
0.07471224665641785
0.5962488055229187
0.10429150611162186
0.6148722171783447
0.5303347110748291
0.846638023853302
0.970323383808136
0.48552992939949036
0.09739691019058228
0.923882246017456
0.4693036377429962
0.9634596109390259
0.6927552223205566
0.05789251998066902
0.9706535935401917
0.993075966835022
0.36338579654693604
0.3060065507888794
0.20382021367549896
0.46926939487457275
0.16358578205108643
0.26664942502975464
0.47485512495040894
0.9361538290977478
0.5440187454223633
0.6838562488555908
0.4835188090801239
0.71738600730896
0.5813906788825989
0.5558457374572754
0.716529369354248
0.06707654148340225
0.02552075684070587
0.3579322099685669
0.23522382974624634
0.35295695066452026
0.4834671914577484
0.5229071974754333
0.6382189989089966
0.5476559400558472
0.04071204364299774
0.11181865632534027
0.04432883858680725
0.9240687489509583
0.7504956126213074
0.7233395576477051
0.7804754972457886
0.08941148966550827
0.556133508682251
0.3429904282093048
0.04734623804688454
0.21057090163230896
0.5143086910247803
0.5826905369758606
0.8477120995521545
0.6543055176734924
0.6484556794166565
0.052365705370903015
0.5299981832504272
0.5249624848365784
0.8145369291305542
0.9011390209197998
0.8148199319839478
0.4258280396461487
0.9362596869468689
0.2901271879673004
0.525274395942688
0.5393698811531067
0.513472318649292
0.4618641436100006
0.4033832550048828
0.31064921617507935
0.9294072389602661
0.7301979660987854
0.1142755001783371
0.6123113632202148
0.6543433666229248
0.8599905967712402
0.5848669409751892
0.7212812304496765
0.7744100689888
0.6018767952919006
0.4104766547679901
0.25871703028678894
0.9831686019897461
0.43779072165489197
0.8791614770889282
0.7888708114624023
0.2316451221704483
0.5996043086051941
0.48497021198272705
0.05573375150561333
0.14563696086406708
0.9741504192352295
0.26375460624694824
0.9248097538948059
0.07498010993003845
0.9329769611358643
0.9933695793151855
0.9140197038650513
0.6158241629600525
0.08199022710323334
0.8422154784202576
0.9851956367492676
0.49676796793937683
0.054666101932525635
0.8123398423194885
0.49926748871803284
0.9807201623916626
0.21057355403900146
0.19340407848358154
0.18483969569206238
0.6096996665000916
0.2928513288497925
0.7139831185340881
0.18748411536216736
0.16806064546108246
0.7958706021308899
0.8079823851585388
0.037695981562137604
0.3925309181213379
0.09689664095640182
0.3642464280128479
0.6541821956634521
0.419419527053833
0.7503343224525452
0.934232771396637
0.8568388223648071
0.21668365597724915
0.16418524086475372
0.5666453838348389
0.8046176433563232
0.4822019040584564
0.12661682069301605
0.8581058382987976
0.9817890524864197
0.24343790113925934
0.7843479514122009
0.8971881866455078
0.5318337082862854
0.9795763492584229
0.3890485167503357
0.9277070164680481
0.9246858954429626
0.7159309387207031
0.8889073729515076
0.6273604035377502
0.22405178844928741
0.45991799235343933
0.11554383486509323
0.8857894539833069
0.2714589834213257
0.09180568903684616
0.0795917958021164
0.6587732434272766
0.904665470123291
0.5576647520065308
0.7371763586997986
0.9580762982368469
0.5147966146469116
0.8586970567703247
0.7002017498016357
0.5798202753067017
0.36556360125541687
0.9911094903945923
0.46061059832572937
0.5187363028526306
0.5028613805770874
0.5401561260223389
0.23905883729457855
0.18011528253555298
0.216856449842453
0.234031081199646
0.9806012511253357
0.9191924333572388
0.31728726625442505
0.7069357633590698
0.12226160615682602
0.766670286655426
0.28334641456604004
0.058529891073703766
0.2632546126842499
0.7546849250793457
0.1506824940443039
0.33082690834999084
0.00974718015640974
0.3150453567504883
0.1857442855834961
0.5548276305198669
0.5171458721160889
0.6889305710792542
0.7626585364341736
0.3204714059829712
0.5048205852508545
0.8992701768875122
0.6215717792510986
0.9270489811897278
0.7253895998001099
0.2178165763616562
0.16714999079704285
0.02767511084675789
0.6293064951896667
0.7665712833404541
0.29886507987976074
0.7531923651695251
0.7814425230026245
0.27105432748794556
0.08445747196674347
0.6754558086395264
0.13969554007053375
0.36163702607154846
0.6676547527313232
0.9612308144569397
0.6851038336753845
0.8325672149658203
0.3661825358867645
0.7308483719825745
0.46682223677635193
0.5667044520378113
0.6418274641036987
0.9264558553695679
0.8535043001174927
0.012808707542717457
0.6905196905136108
0.8155692219734192
0.9642724990844727
0.5972177982330322
0.8352860808372498
0.6533430218696594
0.023773377761244774
0.47884559631347656
0.02308172546327114
0.4771703779697418
0.022572852671146393
0.47216537594795227
0.9725275635719299
0.47886988520622253
0.7576016187667847
0.3639088273048401
0.20551635324954987
0.3718856871128082
0.506070077419281
0.1585417240858078
0.3217141032218933
0.53254234790802
0.4607164263725281
0.13749279081821442
0.8322011232376099
0.09956859052181244
0.6928036212921143
0.839053213596344
0.42040303349494934
0.43147560954093933
0.1987123191356659
0.24627071619033813
0.7285463213920593
0.43081194162368774
0.7549023628234863
0.27512356638908386
0.893929660320282
0.49516627192497253
0.8519111275672913
0.5779194235801697
0.30492842197418213
0.9025994539260864
0.6621078252792358
0.31157365441322327
0.9555656313896179
0.0006098596495576203
0.44116780161857605
0.7867672443389893
0.5277417302131653
0.019479971379041672
0.4150281250476837
0.6465833783149719
0.5260632038116455
0.013034503906965256
0.840192973613739
0.01541744265705347
0.6469894647598267
0.603040337562561
0.3465367257595062
0.8379198908805847
0.2816026210784912
0.5455389022827148
0.21792249381542206
0.7850611805915833
0.9211885929107666
0.37856292724609375
0.5666950345039368
0.4376572370529175
0.2007257640361786
0.17488378286361694
0.3102802038192749
0.46088334918022156
0.24295414984226227
0.6079073548316956
0.2465861737728119
0.943745493888855
0.1786542534828186
0.2791491448879242
0.7633718848228455
0.781848132610321
0.7019966840744019
0.13873787224292755
0.8351729512214661
0.6573943495750427
0.5910722017288208
0.7567329406738281
0.16513189673423767
0.3422263264656067
0.40819787979125977
0.581023633480072
0.42656102776527405
0.028434593230485916
0.34844404458999634
0.2130049616098404
0.2661496102809906
0.35404083132743835
0.9367097020149231
0.010434536263346672
0.1737479865550995
0.653432309627533
0.4154214560985565
0.5460502505302429
0.9917879700660706
0.8161097764968872
0.45646795630455017
0.4963659942150116
0.608120858669281
0.3585157096385956
0.5378004312515259
0.10141433030366898
0.9607282280921936
0.6317199468612671
0.0726248100399971
0.20118284225463867
0.9634159207344055
0.7602611184120178
0.10101469606161118
0.45421290397644043
0.14473800361156464
0.6917044520378113
0.5428604483604431
0.46554994583129883
0.776104748249054
0.18454888463020325
0.18724419176578522
0.8867948651313782
0.238006129860878
0.7864130139350891
0.40356242656707764
0.6689105033874512
0.3168344795703888
0.17697341740131378
0.0973769798874855
0.7616382241249084
0.716885507106781
0.4976096749305725
0.5423781871795654
0.3751924932003021
0.6766283512115479
0.6486021876335144
0.29094088077545166
0.7521684169769287
0.8152559399604797
0.6147751808166504
0.14453233778476715
0.21014781296253204
0.42892399430274963
0.9387365579605103
0.02509523555636406
0.8519772887229919
0.8374571800231934
0.8068118691444397
0.20368161797523499
0.6309778690338135
0.37740135192871094
0.4828771650791168
0.31756433844566345
0.7420028448104858
0.571815550327301
0.9427225589752197
0.9255161881446838
0.8700363039970398
0.5463058352470398
0.38419508934020996
0.13288997113704681
0.562348484992981
0.781632661819458
0.019319545477628708
0.377695232629776
0.10597234219312668
0.7509927153587341
0.24239680171012878
0.47776421904563904
0.0877813845872879
0.18248042464256287
0.5028201341629028
0.09404513239860535
0.07778339087963104
0.9456433057785034
0.7766499519348145
0.7212698459625244
0.0010508619016036391
0.49610862135887146
0.2111724317073822
0.12665428221225739
0.01106154266744852
0.6198441386222839
0.6454556584358215
0.5095105767250061
0.562916100025177
0.15284715592861176
0.5759599804878235
0.3238128125667572
0.2602902054786682
0.9503920674324036
0.16935725510120392
0.8668186068534851
0.914555549621582
0.10675805062055588
0.7837783694267273
0.42618316411972046
0.49772119522094727
0.128160297870636
0.24448782205581665
0.8177125453948975
0.3411598801612854
0.8919333815574646
0.8963469862937927
0.20788590610027313
0.2915911078453064
0.9783895611763
0.19389043748378754
0.6106987595558167
0.6985045075416565
0.5306606888771057
0.3856293261051178
0.07403267920017242
0.16406746208667755
0.5946218371391296
0.411651074886322
0.050382498651742935
0.8470797538757324
0.6813742518424988
0.48223868012428284
0.8729789853096008
0.7295568585395813
0.3764820396900177
0.8951075077056885
0.9679470062255859
0.6417700052261353
0.9969720244407654
0.3403843939304352
0.8060013651847839
0.3899064064025879
0.7633981108665466
0.11598299443721771
0.5024361610412598
0.49995335936546326
0.9600527882575989
0.41447359323501587
0.9667264819145203
0.8424904346466064
0.8590315580368042
0.5701543092727661
0.36365246772766113
0.6189045310020447
0.7154653668403625
0.28005439043045044
0.5825557708740234
0.18732915818691254
0.14622622728347778
0.8116497993469238
0.45275163650512695
0.9904660582542419
0.7705293297767639
0.6482349038124084
0.6348165273666382
0.522596538066864
0.4771852195262909
0.7319186329841614
0.346495121717453
0.24718859791755676
0.4500892460346222
0.1958445906639099
0.021145425736904144
0.28102830052375793
0.07692575454711914
0.9795611500740051
0.9889011979103088
0.5247288942337036
0.21037034690380096
0.08853904902935028
0.9117690324783325
0.5653508305549622
0.004382182843983173
0.26520591974258423
0.18473751842975616
0.11885204166173935
0.7834759950637817
0.11360016465187073
0.5939754247665405
0.43715694546699524
0.6760106682777405
0.6558679938316345
0.48083579540252686
0.999917209148407
0.41244322061538696
0.8175170421600342
0.24401719868183136
0.22926069796085358
0.8695192933082581
0.028429316356778145
0.08250260353088379
0.23170042037963867
0.2402927279472351
0.45993825793266296
0.7810496687889099
0.408019483089447
0.7032263278961182
0.19530168175697327
0.5031524896621704
0.006139036733657122
0.6910452246665955
0.9517119526863098
0.9517228603363037
0.9258718490600586
0.5124713778495789
0.9645633697509766
0.2920686602592468
0.989250659942627
0.7444579601287842
0.26976993680000305
0.8988128304481506
0.2097402662038803
0.042521730065345764
0.44679808616638184
0.9815892577171326
0.10369246453046799
0.5696794986724854
0.490664005279541
0.8682343363761902
0.6981662511825562
0.20016072690486908
0.3635421395301819
0.00637584226205945
0.5642514228820801
0.008259905502200127
0.056617189198732376
0.17031240463256836
0.7101445198059082
0.22247464954853058
0.3890705108642578
0.9036625027656555
0.8095043301582336
0.8678707480430603
0.5688513517379761
0.8829758763313293
0.278208464384079
0.4024495482444763
0.3475210964679718
0.708909809589386
0.8916970491409302
0.7377368807792664
0.1337304711341858
0.25944408774375916
0.4306100904941559
0.9687477350234985
0.681213915348053
0.8807149529457092
0.4921872019767761
0.7162459492683411
0.1184128075838089
0.12598516047000885
0.12025881558656693
0.4335537254810333
0.45085063576698303
0.4853518009185791
0.8962359428405762
0.27516740560531616
0.48596450686454773
0.18523037433624268
0.7988689541816711
0.7715643048286438
0.04241284355521202
0.013352185487747192
0.981833815574646
0.9726917147636414
0.8396611213684082
0.8802173733711243
0.9656573534011841
0.4531213939189911
0.03788436949253082
0.780913233757019
0.13750387728214264
0.8348578810691833
0.36420777440071106
0.05204009637236595
0.485751748085022
0.8944276571273804
0.27581271529197693
0.12581992149353027
0.9473912715911865
0.23722419142723083
0.9692826867103577
0.4138473570346832
0.6895661354064941
0.4595022201538086
0.5466818809509277
0.24436408281326294
0.4690995216369629
0.4583359360694885
0.6927609443664551
0.473161518573761
0.6978025436401367
0.4753170907497406
0.8603070974349976
0.6962266564369202
0.7183570861816406
0.40506449341773987
0.6885866522789001
0.8467706441879272
0.02475232072174549
0.440298467874527
0.036362919956445694
0.26882052421569824
0.13979603350162506
0.18037886917591095
0.9823994040489197
0.057148344814777374
0.9660050272941589
0.5399182438850403
0.38954275846481323
0.8973546624183655
0.427410364151001
0.7436601519584656
0.13645820319652557
0.07093759626150131
0.9919813275337219
0.3119366466999054
0.682158350944519
0.6692718267440796
0.20790885388851166
0.11471439152956009
0.7399920225143433
0.5765928626060486
0.10461350530385971
0.2894118130207062
0.8901920914649963
0.3357588052749634
0.9704097509384155
0.8791009783744812
0.36440345644950867
0.0058834366500377655
0.20103950798511505
0.7694322466850281
0.5378320217132568
0.4976922869682312
0.4730377793312073
0.4606029689311981
0.23945645987987518
0.6739859580993652
0.4816949963569641
0.11363246291875839
0.6413521766662598
0.6310484409332275
0.004779090639203787
0.7187673449516296
0.3491341769695282
0.5486535429954529
0.710972785949707
0.2543267011642456
0.1823434829711914
0.397972047328949
0.7078410983085632
0.5264590978622437
0.646704912185669
0.26463180780410767
0.5107088088989258
0.6715224981307983
0.07747089862823486
0.926896333694458
0.6426764726638794
0.5874539017677307
0.10884542763233185
0.7486768364906311
0.20893679559230804
0.33878082036972046
0.11943994462490082
0.8784575462341309
0.46744513511657715
0.4437564015388489
0.4542614817619324
0.4126078486442566
0.654129147529602
0.6711006760597229
0.7580908536911011
0.6978887915611267
0.2131923884153366
0.21671180427074432
0.8751144409179688
0.06380955129861832
0.4170202314853668
0.4595450460910797
0.8618289232254028
0.594976007938385
0.016280997544527054
0.40636390447616577
0.7636523842811584
0.8089842200279236
0.996308445930481
0.5777914524078369
0.1111447811126709
0.05559248477220535
0.7934970259666443
0.9829437732696533
0.013061925768852234
0.887855052947998
0.6140944957733154
0.09362184256315231
0.624193012714386
0.22336015105247498
0.9517187476158142
0.7451522350311279
0.4439820945262909
0.1093488410115242
0.7188243865966797
0.559575080871582
0.19975100457668304
0.07896382361650467
0.6687756180763245
0.16284029185771942
0.04897991195321083
0.9842916131019592
0.7866680026054382
0.8219420909881592
0.8535168170928955
0.029366521164774895
0.6039726734161377
0.8042483925819397
0.4458199739456177
0.933933675289154
0.565290629863739
0.1633302867412567
0.1676969975233078
0.8696751594543457
0.08729839324951172
0.04368637874722481
0.7226312756538391
0.6260653734207153
0.08416549861431122
0.888847827911377
0.6131274700164795
0.2881370484828949
0.26609504222869873
0.06255540996789932
0.599814236164093
0.3004898428916931
0.5982821583747864
0.13923557102680206
0.7194252014160156
0.3697545528411865
0.35162800550460815
0.9879359602928162
0.47916802763938904
0.22967290878295898
0.23985625803470612
0.3747228980064392
0.8970701098442078
0.4550866186618805
0.006077117752283812
0.667208194732666
0.5487598180770874
0.6382272243499756
0.7875974178314209
0.12879517674446106
0.9192231893539429
0.975204348564148
0.6756882667541504
0.34527844190597534
0.6776244640350342
0.07467243820428848
0.07596849650144577
0.7932701706886292
0.5429213047027588
0.6697229146957397
0.6021931767463684
0.6042400002479553
0.5534070730209351
0.2592410743236542
0.810803234577179
0.8482838869094849
0.6210507750511169
0.10849291831254959
0.21264271438121796
0.8703339099884033
0.39113324880599976
0.7084575891494751
0.11661624163389206
0.2506215274333954
0.3437831401824951
0.585568368434906
0.11930499970912933
0.15650393068790436
0.19826731085777283
0.7543879747390747
0.024438418447971344
0.01958879455924034
0.6121774315834045
0.7156845927238464
0.45028379559516907
0.45377635955810547
0.07645482569932938
0.8676712512969971
0.4605605900287628
0.4361810088157654
0.9300858974456787
0.06568309664726257
0.01577720232307911
0.13831080496311188
0.8329492211341858
0.08896119147539139
0.012724255211651325
0.27564966678619385
0.910703182220459
0.35031482577323914
0.530046284198761
0.5711122751235962
0.567906379699707
0.936474621295929
0.23855523765087128
0.46842488646507263
0.1461673527956009
0.9492369294166565
0.651856005191803
0.9906039237976074
0.8099402785301208
0.536739706993103
0.06589286029338837
0.1983404904603958
0.46833476424217224
0.12092906981706619
0.044666796922683716
0.9924889206886292
0.8127525448799133
0.9096382856369019
0.27999261021614075
0.6515167355537415
0.38789379596710205
0.9777329564094543
0.25173497200012207
0.6469277143478394
0.889065146446228
0.6586436033248901
0.4438343346118927
0.5521962642669678
0.0997895821928978
0.879856526851654
0.07220430672168732
0.3570970892906189
0.8644313216209412
0.7240503430366516
0.41900384426116943
0.8986345529556274
0.6462195515632629
0.5872892141342163
0.2637842893600464
0.925695538520813
0.49089691042900085
0.6462360620498657
0.8259236812591553
0.9683362245559692
0.917888343334198
0.431522011756897
0.9669620990753174
0.891507625579834
0.21317623555660248
0.9260408282279968
0.415617972612381
0.41925719380378723
0.44598838686943054
0.28199952840805054
0.16445934772491455
0.2622944712638855
0.784896194934845
0.038796063512563705
0.15922649204730988
0.1396007239818573
0.07859573513269424
0.7861855626106262
0.602688729763031
0.6800653338432312
0.13897427916526794
0.3465013802051544
0.0668884664773941
0.7427763938903809
0.28802764415740967
0.5520563721656799
0.21246613562107086
0.17683394253253937
0.5293015837669373
0.786785364151001
0.7531721591949463
0.059000708162784576
0.9984539151191711
0.5414912104606628
0.22627274692058563
0.5617110133171082
0.1206313818693161
0.5022610425949097
0.6382956504821777
0.6515282392501831
0.7885110378265381
0.16621868312358856
0.1606437712907791
0.02950657345354557
0.6022364497184753
0.36246493458747864
0.799322783946991
0.24490174651145935
0.2916015386581421
0.41369327902793884
0.9235810041427612
0.19335244596004486
0.2161102145910263
0.14488443732261658
0.8016880750656128
0.6011277437210083
0.07071564346551895
0.35646066069602966
0.17150560021400452
0.809678852558136
0.6094303727149963
0.9320261478424072
0.7166690826416016
0.8665214776992798
0.9580000638961792
0.7529919147491455
0.8075129389762878
0.7075866460800171
0.4944859743118286
0.842993974685669
0.9359050393104553
0.22046276926994324
0.0007649469771422446
0.1730329692363739
0.658838152885437
0.673552393913269
0.4155113399028778
0.2958303987979889
0.8526574373245239
0.4620266258716583
0.10516976565122604
0.2732827663421631
0.9743745923042297
0.1488746851682663
0.9052833318710327
0.5284013152122498
0.44662854075431824
0.8168879747390747
0.731282114982605
0.2512167692184448
0.3105612099170685
0.9908517003059387
0.5799382925033569
0.5213892459869385
0.5480530858039856
0.6253851652145386
0.8923401832580566
0.9004025459289551
0.10789251327514648
0.46548616886138916
0.2680078446865082
0.4890548288822174
0.6137645244598389
0.3929566442966461
0.23513512313365936
0.45639052987098694
0.4393470585346222
0.9187794923782349
0.024620484560728073
0.7343263030052185
0.9142839312553406
0.8976056575775146
0.22007471323013306
0.3173002600669861
0.8082151412963867
0.9608932137489319
0.6704649329185486
0.6717002987861633
0.692034125328064
0.502966582775116
0.1702326536178589
0.9979385733604431
0.5895389318466187
0.43853819370269775
0.8073373436927795
0.9024690985679626
0.000591087678913027
0.3425840437412262
0.33261582255363464
0.04836525768041611
0.9169657826423645
0.2725970149040222
0.3523639142513275
0.887894332408905
0.5679412484169006
0.2098473608493805
0.38594332337379456
0.9807043671607971
0.11965852975845337
0.7128260731697083
0.18866878747940063
0.8549699187278748
0.7024494409561157
0.39201217889785767
0.045686814934015274
0.6022502779960632
0.7187505960464478
0.9030316472053528
0.11835535615682602
0.33737555146217346
0.41117024421691895
0.1876632273197174
0.3300154507160187
0.7189536094665527
0.2813234031200409
0.2966936528682709
0.6057203412055969
0.015017651952803135
0.6239637136459351
0.0003973105049226433
0.6371040940284729
0.14382056891918182
0.9705572724342346
0.07793203741312027
0.7140876054763794
0.9586580395698547
0.9131599068641663
0.9910887479782104
0.7906621694564819
0.09584501385688782
0.0761907622218132
0.5337989926338196
0.9540248513221741
0.6833900213241577
0.16143563389778137
0.014983591623604298
0.2998148798942566
0.4829558730125427
0.09922998398542404
0.3926699459552765
0.19533240795135498
0.9144274592399597
0.26867079734802246
0.15075165033340454
0.8387020826339722
0.5366935729980469
0.3395404815673828
0.721993625164032
0.7393691539764404
0.7125532031059265
0.6957420110702515
0.5000079870223999
0.23649591207504272
0.7525091171264648
0.9128869771957397
0.7090528607368469
0.8327103853225708
0.33567410707473755
0.6032838821411133
0.22308512032032013
0.5141252875328064
0.20750831067562103
0.9809511303901672
0.2905740439891815
0.07735767960548401
0.238540917634964
0.3497491478919983
0.7558632493019104
0.551328718662262
0.9921066761016846
0.8062391877174377
0.03537222370505333
0.6720908284187317
0.0864080861210823
0.04912586510181427
0.046557050198316574
0.527779221534729
0.13965308666229248
0.3282148540019989
0.08464884757995605
0.039484404027462006
0.7230300903320312
0.34871405363082886
0.1414508819580078
0.5996913313865662
0.3937865197658539
0.038619548082351685
0.3074529767036438
0.07239848375320435
0.5717222690582275
0.4932399094104767
0.6919060349464417
0.5419973134994507
0.621060311794281
0.42141014337539673
0.5449264049530029
0.9381401538848877
0.7176194787025452
0.03062865138053894
0.5340522527694702
0.4306994080543518
0.8778949975967407
0.8896061182022095
0.9578876495361328
0.3432123363018036
0.8891810774803162
0.30833712220191956
0.07208141684532166
0.7771472334861755
0.5625720024108887
0.26784437894821167
0.034754592925310135
0.2507263422012329
0.5048567652702332
0.5329534411430359
0.4713329076766968
0.018746009096503258
0.4165634214878082
0.6161996722221375
0.7346630096435547
0.8314325213432312
0.9558380842208862
0.2713142931461334
0.9279302954673767
0.012709860689938068
0.18847540020942688
0.7409976720809937
0.15730270743370056
0.8940569758415222
0.693058967590332
0.526652991771698
0.7721104621887207
0.06408688426017761
0.7876968383789062
0.01901358924806118
0.4560425579547882
0.5080143213272095
0.8269338607788086
0.0072905574925243855
0.11280307173728943
0.3565123677253723
0.5316593647003174
0.09135562926530838
0.5113714933395386
0.009154294617474079
0.2642557919025421
0.22337420284748077
0.7272869348526001
0.694003164768219
0.40921086072921753
0.8667963743209839
0.7922333478927612
0.35260340571403503
0.1347780078649521
0.9322453141212463
0.1660313904285431
0.8384029269218445
0.6629627346992493
0.18560059368610382
0.9813685417175293
0.09108564257621765
0.47154951095581055
0.9935033321380615
0.9600064754486084
0.0998777523636818
0.6709926128387451
0.4183139503002167
0.3454573154449463
0.04754618927836418
0.26935166120529175
0.054797057062387466
0.07889221608638763
0.7419837713241577
0.5332065224647522
0.05792858451604843
0.18151704967021942
0.5971953868865967
0.4711133539676666
0.045491982251405716
0.2850845158100128
0.24381771683692932
0.8859659433364868
0.3787403702735901
0.33988139033317566
0.6706058382987976
0.39944949746131897
0.016632629558444023
0.5659054517745972
0.43021446466445923
0.5355466604232788
0.22140727937221527
0.3377925753593445
0.9710456728935242
0.7111415863037109
0.3678644001483917
0.6943219304084778
0.252510666847229
0.3722166121006012
0.8337225317955017
0.3580174744129181
0.5968644618988037
0.4983237683773041
0.4811273515224457
0.8105713725090027
0.33114880323410034
0.5637560486793518
0.7206189036369324
0.7000041604042053
0.7020418643951416
0.41546860337257385
0.8913689851760864
0.5415325164794922
0.2909354269504547
0.425934761762619
0.7302178144454956
0.03582082688808441
0.6257826685905457
0.10554440319538116
0.8227564096450806
0.44795629382133484
0.5390973687171936
0.46364960074424744
0.3120995759963989
0.10659913718700409
0.09675317257642746
0.32039251923561096
0.9244468212127686
0.4572710394859314
0.2573525607585907
0.3492306172847748
0.5614388585090637
0.7162587642669678
0.8193244934082031
0.8625152707099915
0.280607670545578
0.7200088500976562
0.9118519425392151
0.49477437138557434
0.9750455617904663
0.7215548753738403
0.45658886432647705
0.8953290581703186
0.38166144490242004
0.43881213665008545
0.3347870111465454
0.3889281451702118
0.12740421295166016
0.7282973527908325
0.9510501623153687
0.7845667600631714
0.956285834312439
0.9845972657203674
0.6097061634063721
0.6601243019104004
0.5259866714477539
0.3689182698726654
0.6646122336387634
0.35542500019073486
0.9438639283180237
0.24089552462100983
0.32820653915405273
0.9710476994514465
0.7965354323387146
0.19271263480186462
0.8015931248664856
0.6157172322273254
0.9170894026756287
0.8061687350273132
0.6331700086593628
0.3928692936897278
0.11685734987258911
0.9921024441719055
0.03900102898478508
0.9445874094963074
0.3023926615715027
0.6715978980064392
0.5539294481277466
0.11917956918478012
0.9614320397377014
0.1889728605747223
0.2572616636753082
0.164692223072052
0.3252936601638794
0.03134765103459358
0.952164351940155
0.226896271109581
0.11161984503269196
0.6868122220039368
0.05780620500445366
0.5589892864227295
0.8974448442459106
0.12168153375387192
0.845333993434906
0.3465176522731781
0.4416746199131012
0.30961671471595764
0.11129198968410492
0.03534362092614174
0.4618997573852539
0.11460307240486145
0.791638970375061
0.606560230255127
0.5360551476478577
0.8478021621704102
0.5565961003303528
0.34610655903816223
0.04859422892332077
0.22123278677463531
0.663383424282074
0.8465756177902222
0.9946552515029907
0.7634325623512268
0.6712669134140015
0.6751567721366882
0.05217897891998291
0.5490807890892029
0.6345463991165161
0.0695980042219162
0.1844729483127594
0.5784127712249756
0.9386088848114014
0.7733851671218872
0.5718579888343811
0.532264769077301
0.01243096124380827
0.04677364602684975
0.7558661699295044
0.8501057624816895
0.8971967697143555
0.8017433881759644
0.8225746750831604
0.3245388865470886
0.9038333296775818
0.06100479140877724
0.43486595153808594
0.9098128080368042
0.8106920123100281
0.32484254240989685
0.6663894653320312
0.9193668961524963
