512 4
0
216
330
373
384
1
45
332
425
497
2
187
262
289
353
3
189
396
417
422
4
135
226
481
483
5
60
237
389
431
6
100
223
229
373
7
105
165
166
278
8
88
89
251
310
9
177
304
371
496
10
145
330
336
486
11
23
48
99
144
12
187
193
213
467
13
27
394
406
442
14
110
342
430
447
15
17
57
172
324
16
93
151
238
321
17
19
211
233
397
13
18
375
450
476
19
121
262
310
430
20
314
335
381
439
19
21
135
151
199
22
162
188
191
424
23
211
236
249
328
24
101
121
310
366
25
269
341
425
498
26
85
342
425
454
27
143
417
430
496
28
269
278
279
443
29
74
190
248
371
30
115
284
373
434
31
89
302
323
463
10
32
80
165
485
15
33
133
148
391
34
76
250
283
379
0
10
35
237
329
36
168
218
267
403
37
248
369
420
489
38
46
48
51
417
39
52
104
139
410
40
84
112
340
456
41
351
435
453
500
42
50
120
138
421
43
203
255
295
317
44
160
197
212
343
45
336
407
448
460
46
123
188
262
321
6
16
47
269
452
38
48
122
179
488
49
256
306
363
497
50
223
281
309
427
20
51
372
377
470
52
285
289
329
452
53
119
124
261
317
54
143
363
377
473
31
55
76
263
481
56
101
217
220
290
29
57
394
440
482
30
36
58
410
507
35
59
150
237
378
58
60
111
289
478
61
191
210
262
398
62
92
171
201
478
8
63
430
456
487
14
57
64
300
495
63
65
449
459
485
66
312
345
387
480
67
163
318
392
396
68
95
160
206
420
69
104
168
171
314
66
70
179
206
426
41
57
71
258
416
72
206
254
430
510
73
150
259
269
286
60
74
226
397
442
75
133
328
379
394
76
89
110
287
358
77
173
304
349
474
78
223
311
345
488
79
82
158
200
458
80
100
195
412
506
8
81
271
331
358
82
94
165
221
413
83
100
338
359
406
16
84
369
397
440
4
85
316
499
506
11
86
321
362
463
79
87
143
201
209
60
79
88
219
337
10
29
89
302
431
90
208
320
341
439
91
130
155
249
362
69
81
92
325
462
93
263
298
375
394
94
95
135
192
215
95
144
259
335
338
46
58
96
397
466
97
100
186
196
365
43
65
98
235
287
91
99
151
291
449
95
100
114
275
376
101
149
198
284
300
102
145
150
307
311
22
103
128
165
293
52
104
146
262
422
60
105
329
391
451
31
106
135
266
396
107
296
302
309
448
54
102
108
229
498
47
109
160
250
454
8
110
170
344
477
111
152
214
227
338
1
112
320
393
417
34
113
275
302
473
114
170
177
268
285
115
197
232
233
369
92
116
120
125
349
117
198
206
353
357
101
118
120
235
247
88
119
165
213
305
68
92
120
168
373
121
239
303
326
452
106
122
147
166
236
123
191
280
403
427
124
132
140
290
421
103
125
262
374
406
96
122
126
219
342
127
264
275
438
472
8
25
128
252
477
50
87
129
422
501
61
110
130
299
447
131
132
150
222
491
132
222
394
460
502
133
154
390
400
511
15
80
134
234
411
91
135
146
192
494
125
136
158
245
252
137
176
367
371
431
38
56
138
305
466
124
139
154
273
340
81
140
159
231
431
141
289
445
475
481
142
437
448
452
507
143
262
284
317
456
24
57
93
144
311
145
241
416
456
462
70
146
174
201
320
36
147
170
246
268
64
148
238
311
414
18
149
176
404
454
98
150
247
321
357
148
150
151
400
465
137
152
250
287
318
153
272
298
388
444
143
154
229
230
369
125
155
167
328
460
88
156
186
233
499
33
157
310
424
432
157
158
266
292
454
159
237
380
417
428
59
160
187
204
398
1
113
161
352
445
17
24
162
176
262
4
114
163
259
325
59
164
221
250
251
45
46
165
343
359
66
166
195
368
403
167
186
311
406
461
130
168
350
371
409
40
134
169
175
185
30
153
170
382
390
20
171
219
222
236
9
93
172
308
372
173
216
275
426
499
129
174
182
454
498
175
264
295
301
375
176
191
260
263
498
177
200
271
392
492
178
196
328
381
413
179
198
269
305
385
59
180
349
400
451
32
181
321
368
381
12
182
320
380
451
92
183
297
315
472
105
184
353
401
506
38
70
185
334
476
3
20
77
159
186
187
286
391
447
503
17
188
275
346
387
45
86
189
255
290
139
190
269
318
492
32
78
191
335
471
192
281
401
416
482
193
297
304
369
383
8
87
194
247
277
72
151
195
232
369
12
25
124
156
196
85
197
211
321
349
1
177
198
304
355
199
256
363
425
432
88
170
200
222
322
201
209
436
454
478
202
423
427
444
505
14
59
182
203
213
204
229
266
392
408
205
237
398
448
483
15
129
206
252
282
127
207
233
349
465
208
221
256
392
417
5
104
209
283
401
137
151
210
419
498
211
348
353
397
465
10
67
212
317
347
90
213
409
430
477
31
73
205
214
390
87
215
318
343
394
0
216
249
344
483
2
154
217
377
408
102
172
218
302
380
167
219
419
469
471
35
50
220
361
485
50
173
221
456
509
39
183
222
447
505
79
223
375
442
450
201
224
279
364
485
12
225
231
290
303
111
114
188
226
289
6
67
162
227
452
124
228
248
312
375
176
229
346
397
429
214
230
411
428
492
80
231
403
405
470
48
57
184
210
232
60
233
327
346
487
36
84
162
234
299
83
102
235
330
451
87
236
262
392
416
35
106
237
507
510
87
232
238
245
418
1
239
288
408
413
48
123
240
312
500
3
74
211
241
262
58
95
145
242
391
92
243
308
311
383
70
169
244
296
399
27
148
245
283
415
186
228
246
290
417
126
211
247
474
480
109
129
164
172
248
75
169
208
249
479
56
247
250
346
434
53
137
157
251
304
24
252
303
333
494
67
166
253
338
480
68
73
227
254
389
27
255
325
399
439
61
94
96
119
256
7
194
257
306
480
128
250
258
419
477
122
124
151
207
259
201
203
260
264
424
51
143
260
261
509
112
179
262
364
433
236
263
359
469
488
140
264
439
468
485
61
265
286
468
490
100
144
147
165
266
129
132
267
485
499
170
268
393
401
419
212
269
299
478
479
7
270
392
442
476
20
260
271
301
340
79
95
102
272
466
179
273
324
348
380
208
222
240
274
395
202
275
433
468
501
129
224
244
276
295
115
254
277
319
461
61
170
278
298
359
75
171
279
320
437
18
137
236
280
509
88
142
259
281
358
63
270
282
392
450
50
128
212
270
283
37
43
76
284
467
285
317
333
449
499
111
197
286
465
485
287
321
337
346
386
15
226
238
288
467
162
209
289
432
502
145
244
290
334
438
101
242
291
346
408
228
292
363
442
486
19
203
284
293
404
4
173
294
345
445
77
144
247
270
295
22
176
296
472
478
40
236
297
435
468
85
179
209
298
324
128
299
363
377
416
140
165
300
335
482
117
208
301
390
504
179
302
333
460
508
32
134
202
277
303
87
134
276
304
493
13
63
141
305
394
14
80
130
306
386
62
155
250
307
388
25
96
265
308
459
166
234
266
309
355
188
217
272
310
336
10
93
107
311
429
10
312
386
455
502
72
206
305
313
415
84
115
267
314
316
205
268
293
315
451
194
273
316
340
385
43
62
157
317
417
194
231
271
318
442
153
279
319
397
407
116
300
320
372
496
83
129
321
364
365
151
214
226
295
322
26
175
289
323
495
15
324
428
453
483
208
243
324
325
387
159
232
326
347
437
54
136
144
327
366
12
254
263
328
343
45
169
261
329
493
51
272
304
330
377
44
193
260
331
511
35
327
328
332
425
6
134
206
333
377
135
334
375
395
496
85
212
335
392
444
137
336
423
477
506
29
84
199
337
412
24
96
338
399
490
264
307
339
451
487
83
268
289
340
402
59
297
328
336
341
138
213
342
345
477
30
129
177
302
343
21
218
257
268
344
5
51
345
428
500
128
140
314
346
447
13
285
301
347
494
13
248
348
355
488
16
101
222
266
349
99
192
287
344
350
37
51
185
255
351
5
42
322
352
447
14
60
133
249
353
233
337
343
354
508
210
355
392
403
505
72
200
356
461
507
42
242
357
358
483
15
70
250
358
372
317
359
374
424
499
63
97
256
360
478
151
155
172
338
361
6
155
185
362
385
1
178
274
363
407
340
364
397
399
489
55
59
270
365
452
43
59
194
366
440
99
306
316
367
426
7
119
151
343
368
58
149
202
369
398
181
190
198
370
455
7
97
202
297
371
107
243
274
372
446
36
217
258
291
373
101
189
374
377
491
219
264
375
437
490
149
376
439
443
480
99
132
171
261
377
168
353
378
404
500
18
325
379
390
431
168
358
380
431
496
139
289
381
412
452
101
149
373
382
495
242
287
383
499
508
264
384
389
412
436
189
204
283
385
485
203
302
386
436
498
302
311
387
427
504
145
149
246
388
497
61
319
359
389
482
85
270
326
390
428
145
158
204
235
391
63
123
340
392
453
75
393
416
426
506
2
316
394
425
463
178
214
335
395
409
97
106
284
331
396
29
236
397
460
502
66
69
77
363
398
35
163
399
439
459
15
76
160
400
498
17
138
171
237
401
30
43
113
277
402
104
106
403
450
501
101
120
147
348
404
143
190
355
405
419
47
400
406
436
464
213
222
268
407
445
33
405
408
481
495
252
311
314
339
409
149
154
251
338
410
64
138
275
390
411
0
244
365
412
414
0
65
168
327
413
38
152
320
414
441
164
307
415
456
494
253
310
396
416
504
28
216
359
417
489
76
87
224
275
418
0
188
258
419
492
48
146
420
440
463
9
192
259
280
421
23
53
355
422
476
149
344
402
423
478
13
234
284
386
424
77
87
167
417
425
91
225
300
349
426
213
339
340
427
464
266
414
428
431
491
3
214
411
429
442
287
331
392
430
443
63
173
187
254
431
15
120
292
406
432
31
191
285
310
433
54
180
305
434
437
51
106
159
333
435
130
313
436
446
507
98
119
437
479
496
147
264
278
376
438
48
109
272
276
439
363
374
408
420
440
8
10
69
200
441
95
200
320
340
442
37
380
414
443
475
145
337
372
444
510
9
179
445
457
498
212
363
384
446
480
138
368
430
433
447
140
175
252
448
479
36
94
111
157
449
66
83
409
450
487
138
154
244
451
501
56
267
345
452
455
87
248
305
372
453
173
212
275
454
477
5
207
424
455
473
34
208
314
317
456
53
340
346
457
496
74
310
357
458
471
53
56
97
318
459
5
318
347
460
488
128
131
146
461
499
27
164
286
404
462
81
86
178
277
463
30
154
436
449
464
10
152
263
299
465
260
309
331
362
466
66
102
217
421
467
163
200
465
468
487
59
60
372
377
469
54
223
307
377
470
220
229
327
440
471
28
262
336
472
491
128
191
285
442
473
96
209
345
378
474
125
246
285
475
505
40
92
154
476
511
134
136
212
365
477
12
200
248
272
478
28
140
388
455
479
97
174
224
474
480
69
170
366
454
481
218
475
482
488
498
125
184
296
392
483
120
258
313
403
484
100
138
242
485
508
93
109
255
486
510
0
393
441
487
490
13
29
280
485
488
142
160
227
344
489
58
198
337
407
490
23
34
186
452
491
246
311
343
399
492
58
115
259
271
493
12
68
243
325
494
115
322
422
454
495
149
261
327
365
496
54
141
299
304
497
90
332
439
456
498
172
280
300
319
499
185
235
384
430
500
3
229
254
300
501
54
277
292
332
502
60
209
297
421
503
175
180
410
502
504
3
11
330
504
505
158
189
431
458
506
22
89
403
408
507
150
367
379
460
508
5
359
439
506
509
99
137
219
503
510
269
280
339
443
511
0.6904157996177673
0.14864107966423035
0.5468164682388306
0.9014089703559875
0.0549161471426487
0.33528587222099304
0.6917001008987427
0.7203141450881958
0.9190999865531921
0.8661946058273315
0.1456034779548645
0.02277151308953762
0.1928994208574295
0.7060136198997498
0.5580716729164124
0.7702884674072266
0.8812628388404846
0.4306020736694336
0.3000134825706482
0.3879598379135132
0.36342883110046387
0.2722422480583191
0.06873480975627899
0.4646284580230713
0.0019397357245907187
0.2666392922401428
0.9342591166496277
0.7541307806968689
0.10317094624042511
0.7493948936462402
0.07022317498922348
0.9927765727043152
0.7088605165481567
0.038789309561252594
0.26820266246795654
0.3395584523677826
0.9771232008934021
0.3534228503704071
0.19412706792354584
0.2985484302043915
0.11015457659959793
0.04477379098534584
0.775385856628418
0.07586123794317245
0.15820665657520294
0.7941460609436035
0.7631986141204834
0.046078890562057495
0.08766996115446091
0.6078401803970337
0.7993475198745728
0.7925549745559692
0.6218128800392151
0.45211267471313477
0.30891281366348267
0.35008564591407776
0.13830558955669403
0.5892367362976074
0.785587728023529
0.5531934499740601
0.37132778763771057
0.8334555625915527
0.48879361152648926
0.4582149386405945
0.5577015280723572
0.3174578547477722
0.9359717965126038
0.9395185708999634
0.34459176659584045
0.581486165523529
0.4966219961643219
0.31193962693214417
0.3278884291648865
0.3780914843082428
0.17158697545528412
0.5661267042160034
0.35564273595809937
0.8307302594184875
0.9696098566055298
0.6436237692832947
0.7243367433547974
0.8399905562400818
0.0676860585808754
0.1072360947728157
0.1811092346906662
0.43242380023002625
0.9567238688468933
0.9285795092582703
0.33508092164993286
0.33879777789115906
0.6483526229858398
0.06782084703445435
0.9976906776428223
0.21759900450706482
0.5618662238121033
0.671542227268219
0.23255789279937744
0.5568138957023621
0.8109260201454163
0.05756267532706261
0.10154131799936295
0.9877182841300964
0.2717714011669159
0.9192584753036499
0.5649572014808655
0.4400066137313843
0.28474485874176025
0.727780818939209
0.4884616434574127
0.6915882229804993
0.4370098114013672
0.08840858936309814
0.8379310965538025
0.835087776184082
0.24139463901519775
0.3204696774482727
0.7742120623588562
0.6185536980628967
0.8570571541786194
0.09963765740394592
0.37097159028053284
0.370259165763855
0.06855608522891998
0.6159249544143677
0.664705216884613
0.531091034412384
0.7837141156196594
0.5687803626060486
0.01347761508077383
0.5786259174346924
0.13295091688632965
0.7597150802612305
0.8589060306549072
0.4888884127140045
0.6188455820083618
0.28073716163635254
0.5029430389404297
0.525667130947113
0.6981391906738281
0.6521719098091125
0.7956798076629639
0.8189610838890076
0.8255828619003296
0.5389597415924072
0.1942935436964035
0.9612910747528076
0.14115102589130402
0.6340643167495728
0.8868418335914612
0.4166690409183502
0.8045708537101746
0.6193372011184692
0.12253062427043915
0.007423263508826494
0.21394258737564087
0.38880467414855957
0.019109198823571205
0.8450972437858582
0.2918913960456848
0.7697222232818604
0.13786770403385162
0.37065786123275757
0.45839381217956543
0.929004967212677
0.6331244111061096
0.8866403102874756
0.8616487383842468
0.8721927404403687
0.9617396593093872
0.9444082975387573
0.33662477135658264
0.6127705574035645
0.3717869818210602
0.22673749923706055
0.6901881098747253
0.06129072234034538
0.26226550340652466
0.6082801818847656
0.45433783531188965
0.452229768037796
0.09708952158689499
0.9839043021202087
0.005648538004606962
0.8358393311500549
0.14261505007743835
0.08761977404356003
0.9628382325172424
0.48324623703956604
0.7173184156417847
0.8481460213661194
0.5743683576583862
0.33183038234710693
0.05387106537818909
0.3396269381046295
0.5671899914741516
0.60030597448349
0.540998637676239
0.8871014714241028
0.1735791563987732
0.7110421061515808
0.48760804533958435
0.24721673130989075
0.036559294909238815
0.9284767508506775
0.06314340233802795
0.8178898096084595
0.8585114479064941
0.6034709811210632
0.11840055882930756
0.6359511017799377
0.07397076487541199
0.6285973191261292
0.5769970417022705
0.3084370493888855
0.7883176207542419
0.8470976948738098
0.7897866368293762
0.10980676114559174
0.05370251089334488
0.14021596312522888
0.3420794904232025
0.41624417901039124
0.5532020330429077
0.11045469343662262
0.04733544960618019
0.729831337928772
0.18350519239902496
0.8848135471343994
0.08848810195922852
0.6922526955604553
0.7750511169433594
0.297616571187973
0.43865010142326355
0.2779068052768707
0.9811604022979736
0.18824502825737
0.39840322732925415
0.018566325306892395
0.6162126660346985
0.31527793407440186
0.4206291139125824
0.021155554801225662
0.044683560729026794
0.622466504573822
0.2606872320175171
0.5530360341072083
0.24391496181488037
0.2517142593860626
0.1959901601076126
0.2198115438222885
0.5010258555412292
0.3060052692890167
0.9879100322723389
0.374604731798172
0.17522884905338287
0.19073304533958435
0.36180004477500916
0.5139865875244141
0.9917483925819397
0.5478866696357727
0.35188260674476624
0.3459551930427551
0.6538263559341431
0.05762268602848053
0.20599175989627838
0.3715171813964844
0.9169813394546509
0.13148599863052368
0.7068285942077637
0.4212626814842224
0.4619276225566864
0.029692629352211952
0.012153885327279568
0.8100315928459167
0.745320200920105
0.017817027866840363
0.4769895374774933
0.5577109456062317
0.7848868370056152
0.9885259866714478
0.5892072916030884
0.6437123417854309
0.922490656375885
0.8028458952903748
0.684581995010376
0.2737034559249878
0.5415464043617249
0.736331582069397
0.8660035729408264
0.7637794613838196
0.3230365216732025
0.6255595088005066
0.9232566356658936
0.33535945415496826
0.2668799161911011
0.18508896231651306
0.8689913749694824
0.2348785400390625
0.18813662230968475
0.47404545545578003
0.19289691746234894
0.3511713743209839
0.6765170693397522
0.3229410946369171
0.40954872965812683
0.17124001681804657
0.22350260615348816
0.09818965941667557
0.8057894110679626
0.9172909259796143
0.10432659089565277
0.5487061738967896
0.6657053232192993
0.5759546160697937
0.6105796694755554
0.9766911864280701
0.22090132534503937
0.4518316388130188
0.581476092338562
0.811866044998169
0.525895893573761
0.2384214848279953
0.4112652838230133
0.8298137187957764
0.3929600715637207
0.1069120317697525
0.07450231909751892
0.31111422181129456
0.9259336590766907
0.05744937062263489
0.46303221583366394
0.07130984961986542
0.14936211705207825
0.7587222456932068
0.04113030806183815
0.8142476677894592
0.7867705821990967
0.2065034955739975
0.804077684879303
0.8662984371185303
0.5708891153335571
0.32792600989341736
0.8547985553741455
0.7705910205841064
0.3000660836696625
0.25136515498161316
0.03723941743373871
0.8202874064445496
0.8509615063667297
0.2788473963737488
0.15125130116939545
0.8655151724815369
0.6649078726768494
0.459541916847229
0.23614303767681122
0.7070307731628418
0.4533683955669403
0.1803579330444336
0.08030907809734344
0.508285403251648
0.5025017261505127
0.6391664147377014
0.2995603382587433
0.3739436864852905
0.483552485704422
0.44331154227256775
0.907801628112793
0.6727350354194641
0.4932418167591095
0.5801257491111755
0.5091866850852966
0.4678216874599457
0.9460943937301636
0.9197490215301514
0.3370773494243622
0.9906783699989319
0.29075464606285095
0.19183644652366638
0.841795027256012
0.8369927406311035
0.05593833327293396
0.15168888866901398
0.521014928817749
0.2525501549243927
0.9682970643043518
0.6792097091674805
0.6882305145263672
0.6752932667732239
0.39321741461753845
0.7642365097999573
0.8701553344726562
0.5253813862800598
0.293844074010849
0.2975834012031555
0.09448698163032532
0.27631983160972595
0.33821865916252136
0.7444467544555664
0.5413898229598999
0.14967386424541473
0.5215405821800232
0.4685392379760742
0.5314794778823853
0.6316529512405396
0.530793309211731
0.12829333543777466
0.8412991762161255
0.8344532251358032
0.32776641845703125
0.898204505443573
0.14214783906936646
0.6208390593528748
0.1225813776254654
0.44144901633262634
0.7079957127571106
0.9990221858024597
0.7982540726661682
0.6749969720840454
0.60503089427948
0.2493751049041748
0.2746819257736206
0.2603222131729126
0.7438976168632507
0.883560836315155
0.34585320949554443
0.7842365503311157
0.20598798990249634
0.7770678400993347
0.798902153968811
0.13296572864055634
0.21995235979557037
0.6500691771507263
0.8689112663269043
0.06449361890554428
0.9790240526199341
0.9205260276794434
0.752013087272644
0.4049946367740631
0.8842437267303467
0.3090781569480896
0.2112685889005661
0.21658924221992493
0.5086479187011719
0.9053205251693726
0.9661040902137756
0.3956746459007263
0.898229718208313
0.47902044653892517
0.7421156167984009
0.04343513399362564
0.5379641652107239
0.23003827035427094
0.4851120114326477
0.8125041127204895
0.3295077085494995
0.7047114968299866
0.2782914340496063
0.48721742630004883
0.03666577488183975
0.6351247429847717
0.34134024381637573
0.44916585087776184
0.9711881279945374
0.298604816198349
0.173274964094162
0.5804367065429688
0.4148399829864502
0.273472398519516
0.07958155125379562
0.12211602926254272
0.8107543587684631
0.3076179623603821
0.3217037618160248
0.44295746088027954
0.291389137506485
0.7478387355804443
0.9957236051559448
0.32800713181495667
0.14724783599376678
0.6608129739761353
0.34136778116226196
0.6217354536056519
0.7680655717849731
0.3669513463973999
0.4152270555496216
0.015184230171144009
0.8522181510925293
0.8776807188987732
0.434542179107666
0.4750572443008423
0.0505569688975811
0.3240130543708801
0.6458170413970947
0.47474849224090576
0.7680407166481018
0.30141767859458923
0.09751375019550323
0.6578994393348694
0.18468432128429413
0.8759893774986267
0.34832441806793213
0.12048211693763733
0.03733818978071213
0.3844805955886841
0.7927295565605164
0.3267495334148407
0.9698941111564636
0.9035804271697998
0.6893831491470337
0.20514042675495148
0.5649774074554443
0.38434046506881714
0.08412878960371017
0.8394424319267273
0.3828375041484833
0.5129312872886658
0.6868354082107544
0.09833753854036331
0.10639821738004684
0.7818824648857117
0.3151511549949646
0.44737061858177185
0.7743604183197021
0.8062118887901306
0.6738383173942566
0.6298771500587463
0.11682996898889542
0.33705297112464905
0.7177654504776001
0.45953506231307983
0.17526596784591675
0.9169821739196777
0.9069684743881226
0.22036783397197723
0.12569154798984528
0.7429317235946655
0.9921354651451111
0.4086016118526459
0.12856808304786682
0.93537437915802
0.34225964546203613
0.6401631832122803
0.6272895932197571
0.26714757084846497
0.43002286553382874
0.09212588518857956
0.17178651690483093
0.19302985072135925
0.8937764167785645
0.14414900541305542
0.0792190432548523
0.3987148404121399
0.05408986285328865
0.26210498809814453
0.005197907332330942
0.20214471220970154
0.08514133840799332
0.2540958523750305
0.027464013546705246
0.46832185983657837
0.5197177529335022
0.9004479050636292
0.9473671913146973
0.8637177348136902
0.7165562510490417
0.7744818329811096
0.7707960605621338
0.3924761116504669
0.3554023206233978
0.2471586912870407
0.09258931875228882
0.7797819375991821
0.20117881894111633
0.6967389583587646
0.031137708574533463
0.6915985941886902
0.9982530474662781
0.899785041809082
0.19853772222995758
0.6407971978187561
0.6037449836730957
0.04146654158830643
0.5688982605934143
0.57735675573349
0.4520111083984375
0.3393685221672058
0.32848528027534485
0.20423851907253265
0.37316471338272095
0.3355635106563568
0.28187522292137146
0.4595324695110321
0.3961952030658722
0.7621600031852722
0.7771857976913452
0.21458284556865692
0.16708755493164062
0.2528288960456848
0.28097546100616455
0.26174649596214294
0.22447092831134796
0.3019706904888153
0.8047576546669006
0.17869684100151062
0.7912778854370117
0.5879408121109009
0.11026109009981155
0.959284782409668
0.46595877408981323
0.43965521454811096
0.5392743349075317
0.24227182567119598
0.7984362244606018
0.24592426419258118
0.31840837001800537
0.2831108868122101
0.20779405534267426
0.5725269913673401
0.21201489865779877
0.2281413972377777
0.36677753925323486
0.8153006434440613
0.9141204357147217
0.4573257267475128
0.5470765233039856
0.8972333073616028
0.811247706413269
0.6705181002616882
0.3287225663661957
0.0209187138825655
0.730228841304779
0.4753028452396393
0.37923648953437805
0.2351224571466446
0.18583416938781738
0.9422401189804077
0.13092510402202606
0.7502378821372986
0.4778117835521698
0.3851112127304077
0.8709307312965393
0.28483590483665466
0.2782078981399536
0.3446913957595825
0.5871070027351379
0.4922466278076172
0.8779687881469727
0.37789592146873474
0.4089032709598541
0.14488257467746735
0.6890366673469543
0.45888230204582214
0.42667466402053833
0.07718633860349655
0.5450694561004639
0.5495324730873108
0.6011285185813904
0.8377403616905212
0.054494913667440414
0.9898595213890076
0.5634443163871765
0.9960370659828186
0.8974131941795349
0.8060268759727478
0.2251157909631729
0.5528664588928223
0.30947059392929077
0.9297580718994141
0.0497935488820076
0.6377567052841187
0.8804541230201721
0.9067240953445435
0.10017253458499908
0.24418555200099945
0.9760633111000061
0.0189993716776371
0.8314940333366394
0.8406540155410767
0.3174721300601959
0.12867090106010437
0.5664754509925842
0.5165414214134216
0.6490587592124939
0.6806609630584717
0.848481297492981
0.9308767914772034
0.04767528921365738
0.8903338313102722
0.6352512240409851
0.8388800621032715
0.40313801169395447
0.5727349519729614
0.862618625164032
0.8463576436042786
0.6872674822807312
0.6498217582702637
0.47930097579956055
0.26737168431282043
0.46032026410102844
0.5168289542198181
0.10444124042987823
0.2893153727054596
0.503217339515686
0.2416924685239792
0.12016759067773819
0.15455672144889832
0.2415882796049118
0.635216236114502
0.6140799522399902
0.20469214022159576
0.38151755928993225
0.2198258936405182
0.7175450921058655
0.2623056173324585
0.06534086167812347
0.12151431292295456
0.07857967168092728
0.497394323348999
0.828070342540741
0.8478518128395081
0.37439653277397156
0.8763591647148132
0.20959684252738953
0.26169681549072266
0.6047029495239258
0.7392716407775879
0.25544214248657227
0.8917948603630066
0.8781472444534302
0.49460703134536743
0.2800751030445099
0.14966419339179993
0.44091176986694336
0.5672435164451599
0.17746852338314056
0.9018981456756592
0.046056509017944336
0.7636631727218628
0.443703830242157
0.42949384450912476
0.321111798286438
0.30126693844795227
0.033877819776535034
0.715591549873352
0.7126731276512146
0.8873687982559204
0.056142017245292664
0.08095818758010864
0.17228645086288452
0.9931188821792603
0.2648252546787262
0.4024304449558258
0.546198844909668
0.21617388725280762
0.2777975797653198
0.21741023659706116
0.017231978476047516
0.30863961577415466
0.9429903030395508
0.19158844649791718
0.7341705560684204
0.5977083444595337
0.5895301699638367
0.892342746257782
0.789281964302063
0.22612270712852478
0.5575078129768372
0.2131972759962082
0.7441248297691345
0.3590434789657593
0.46499118208885193
0.147923544049263
0.3997648358345032
0.740490734577179
0.9866786599159241
0.5245763659477234
0.12668150663375854
0.40980949997901917
0.3129934072494507
0.4922533631324768
0.33298206329345703
0.7463821768760681
0.9123237133026123
0.8033723831176758
0.8744677305221558
0.428867906332016
0.99787437915802
0.2814916670322418
0.27439671754837036
0.1433926522731781
0.08366872370243073
0.2980614900588989
0.6609343886375427
0.5677143335342407
0.9157525300979614
0.8496964573860168
0.6501050591468811
0.6309312582015991
0.9549321532249451
0.2877896726131439
0.4132179319858551
0.28093090653419495
0.6814219355583191
0.8408695459365845
0.49045729637145996
0.6774131059646606
0.14291886985301971
0.25258463621139526
0.4742085933685303
0.2634275257587433
0.9303103089332581
0.08463042974472046
0.9863720536231995
0.3301384150981903
0.967765212059021
0.7986905574798584
0.7971219420433044
0.20863734185695648
0.6600039005279541
0.9936594367027283
0.3917802572250366
0.46774107217788696
0.8266897797584534
0.5197663307189941
0.7230127453804016
0.9861122965812683
0.20767748355865479
0.24274112284183502
0.9085545539855957
0.5542826652526855
0.01862267777323723
0.10353820025920868
0.7066394686698914
0.11590324342250824
0.393796443939209
0.7379626631736755
0.3432145416736603
0.9961333870887756
0.5290071964263916
0.35828348994255066
0.000683099846355617
0.7166749238967896
0.7732300758361816
0.5306358933448792
0.5838301181793213
0.5512444972991943
0.2984470725059509
0.6285943388938904
0.634762167930603
0.5780887007713318
0.36852043867111206
0.9665642976760864
0.9308642745018005
0.8907692432403564
0.5426827669143677
0.949999988079071
0.7365111708641052
0.8394550681114197
0.4506308138370514
0.848034679889679
0.35577908158302307
0.6730579733848572
0.29602307081222534
0.5140857100486755
0.24192485213279724
0.5681685209274292
0.15396098792552948
0.5719650387763977
0.9137008786201477
0.9378595948219299
0.007167181931436062
0.1378701776266098
0.9450681209564209
0.40018430352211
0.17202642560005188
0.5169760584831238
0.3703906536102295
0.4547520875930786
0.3283688426017761
0.5953431725502014
0.2461988627910614
0.3293418288230896
0.20272581279277802
0.9418478012084961
0.33735397458076477
0.0947609692811966
0.15684056282043457
0.4456992745399475
0.7405626177787781
0.19535543024539948
0.4040790796279907
0.18498216569423676
0.11231871694326401
0.3728756308555603
0.11557520180940628
0.812265157699585
0.16890928149223328
0.19503013789653778
0.5332016944885254
0.6113706827163696
0.7719981670379639
0.639498233795166
0.6026198863983154
0.4210315942764282
0.912608802318573
0.8444684147834778
0.9904378652572632
0.9276386499404907
0.06991805881261826
0.07724429666996002
0.7533965110778809
0.11900819092988968
0.8534667491912842
0.1285647749900818
0.8151544332504272
0.5632001757621765
0.13558711111545563
0.03301575034856796
0.470158189535141
0.47343170642852783
0.5496481657028198
0.3023321330547333
0.8282169699668884
0.3277568519115448
0.4897356331348419
0.6950346827507019
0.2565303444862366
0.4238867461681366
0.5376237034797668
0.08473549038171768
0.17998915910720825
0.08984272181987762
0.602658748626709
0.9384586215019226
0.6282347440719604
0.17764785885810852
0.9897042512893677
0.7171258330345154
0.7078561186790466
0.1752842515707016
0.27923592925071716
0.7672536969184875
0.4734753370285034
0.5889523029327393
0.5844026803970337
0.36710822582244873
0.149953693151474
0.24534854292869568
0.5932415723800659
0.11560387909412384
0.16003714501857758
0.63737952709198
0.20904912054538727
0.3642699420452118
0.5353435277938843
0.05353792756795883
0.5007209181785583
0.8666218519210815
0.7393120527267456
0.15908777713775635
0.23308566212654114
0.9799436926841736
0.38543811440467834
0.16279038786888123
0.16673079133033752
0.4506460428237915
0.24779421091079712
0.1893424242734909
0.16991014778614044
0.28921255469322205
0.3603495657444
0.6225464940071106
0.13005515933036804
0.3197180926799774
0.3229803740978241
0.7557806372642517
0.30349233746528625
0.16256320476531982
0.8300217986106873
0.40759724378585815
0.2800282835960388
0.200064554810524
0.0618736557662487
0.6123812198638916
0.6282269358634949
0.3153940737247467
0.0741569846868515
0.12504912912845612
0.3205791711807251
0.2039755880832672
0.7226613759994507
0.29056212306022644
0.9774043560028076
0.6253579258918762
0.7476928234100342
0.14221031963825226
0.9479364156723022
0.7499830722808838
0.8908727169036865
0.5549099445343018
0.3303373157978058
0.1755698174238205
0.6774883270263672
0.13279850780963898
0.9139439463615417
0.699112594127655
0.5748679637908936
0.3344395160675049
0.06498101353645325
0.2799617648124695
0.7123970985412598
0.01386665366590023
0.06427842378616333
0.6960262656211853
0.05370013415813446
0.5439580678939819
0.2727082669734955
0.9309120774269104
0.7078328132629395
0.7122713327407837
0.016598163172602654
0.15221260488033295
0.4387431740760803
0.028570856899023056
0.026335380971431732
0.6855300068855286
0.3780595064163208
0.23933371901512146
0.9197725057601929
0.42801323533058167
0.7179195284843445
0.056331828236579895
0.612175703048706
0.25117358565330505
0.7070638537406921
0.9104642271995544
0.44700029492378235
0.014386518858373165
0.14562521874904633
0.07343875616788864
0.10496188700199127
0.8800945281982422
0.14646053314208984
0.6505648493766785
0.17560265958309174
0.12514081597328186
0.09364708513021469
0.7017384767532349
0.49011871218681335
0.4424052834510803
0.9839312434196472
0.15679600834846497
0.014348517172038555
0.9910626411437988
0.7325164675712585
0.04426983371376991
0.9978598952293396
0.005908931139856577
0.9151332378387451
0.48968949913978577
0.12345349043607712
0.47819167375564575
0.9753249287605286
0.42269933223724365
0.9269126653671265
0.1324760466814041
0.8063887357711792
0.23218119144439697
0.1769968867301941
0.38743096590042114
0.7512549757957458
0.9852092862129211
0.0978609248995781
0.8104907274246216
0.1339622437953949
0.1740035116672516
0.7265906929969788
0.2640589475631714
0.7950087785720825
0.5721454620361328
0.058269377797842026
0.7612261176109314
0.19915306568145752
0.07783456891775131
0.5238250494003296
0.537264347076416
0.38999229669570923
0.41793519258499146
0.9709181785583496
0.04380685091018677
0.6881811618804932
0.13198620080947876
0.27932778000831604
0.49562662839889526
0.21260443329811096
0.3532126247882843
0.5680114030838013
0.2769521474838257
0.1957627683877945
0.9158206582069397
0.13644321262836456
0.11609604954719543
0.9391262531280518
0.9150528907775879
0.12759825587272644
0.4559954106807709
0.7831605076789856
0.4810182750225067
0.35133931040763855
0.06698726117610931
0.39829039573669434
0.4721214175224304
0.1854446977376938
0.49058157205581665
0.5317480564117432
0.8610252737998962
0.7681225538253784
0.5290148854255676
0.7317460179328918
0.059230390936136246
0.3241693079471588
0.6188517212867737
0.4824707508087158
0.07268048822879791
0.7767484784126282
0.3158574402332306
0.7842279076576233
0.687267541885376
0.4191318154335022
0.4841417968273163
0.9788652658462524
0.9262903928756714
0.8712627291679382
0.5065966248512268
0.06173516437411308
0.8106082677841187
0.3828147053718567
0.6411178708076477
0.8421659469604492
0.9729569554328918
0.6976456642150879
0.7905558347702026
0.31516432762145996
0.5318464636802673
0.07401128113269806
0.02999197319149971
0.6593053936958313
0.6604799628257751
0.6260406970977783
0.499691903591156
0.9314287900924683
0.2441404014825821
0.7311990261077881
0.18352504074573517
0.3407270014286041
0.516044557094574
0.8957939743995667
0.7036828994750977
0.8875254392623901
0.7532944083213806
0.03715420886874199
0.36681613326072693
0.6203547716140747
0.6738436222076416
0.6646614670753479
0.8938927054405212
0.1204666942358017
0.8416056632995605
0.4026848375797272
0.21141648292541504
0.26519858837127686
0.2498658448457718
0.24237170815467834
0.274066686630249
0.08717956393957138
0.4209873378276825
0.4692722260951996
0.2685675621032715
0.9403672218322754
0.008745701052248478
0.17990849912166595
0.29963529109954834
0.3762466311454773
0.7513362765312195
0.6791297197341919
0.7389862537384033
0.05267876014113426
0.6255115866661072
0.5293955206871033
0.9290639162063599
0.35920974612236023
0.43166255950927734
0.2982741892337799
0.9587668180465698
0.10157375782728195
0.04251255467534065
0.870040774345398
0.10710057616233826
0.08519723266363144
0.09413769096136093
0.4983934164047241
0.8939523100852966
0.01961292326450348
0.060942649841308594
0.6280283331871033
0.7148102521896362
0.11499226838350296
0.4972473084926605
0.098692387342453
0.08964866399765015
0.49539175629615784
0.9325947761535645
0.8971168398857117
0.5795643329620361
0.16844552755355835
0.8155425190925598
0.9645643830299377
0.6470258235931396
0.3034440279006958
0.9739959836006165
0.6873365044593811
0.035810068249702454
0.22653961181640625
0.6756237745285034
0.4217921793460846
0.9628490209579468
0.6103562116622925
0.11971888691186905
0.3915420472621918
0.10709773004055023
0.7156116366386414
0.9383132457733154
0.8907027840614319
0.4236971139907837
0.16312377154827118
0.6993585228919983
0.30395370721817017
0.4225318729877472
0.11917796730995178
0.4030183255672455
0.6107488870620728
0.5692898035049438
0.8757501244544983
0.27679792046546936
0.7570779323577881
0.08935822546482086
0.19160155951976776
0.7717365026473999
0.29227203130722046
0.7324948906898499
0.6609340310096741
0.7758587002754211
0.6138387322425842
0.7613535523414612
0.3046862781047821
0.8624851107597351
0.9381682276725769
0.46092021465301514
0.7277836203575134
0.04113033786416054
0.5357957482337952
0.6331232786178589
0.660396933555603
0.42331865429878235
0.44420355558395386
0.596907913684845
0.5734331607818604
0.8593201041221619
0.025584857910871506
0.06127888336777687
0.4757285416126251
0.5499053597450256
0.8879340291023254
0.01057059969753027
0.32370030879974365
0.7850781679153442
0.23288512229919434
0.6792347431182861
0.23276261985301971
0.14417943358421326
0.16290706396102905
0.9302390217781067
0.5292063355445862
0.11145509779453278
0.47607284784317017
0.22352416813373566
0.7989284992218018
0.7063691020011902
0.8691502213478088
0.8465208411216736
0.3504577577114105
0.22508712112903595
0.1739378720521927
0.6918134689331055
0.42825934290885925
0.5547346472740173
0.5872393846511841
0.10026799887418747
0.9065773487091064
0.8111019134521484
0.7515537738800049
0.7475826740264893
0.5209611058235168
0.6439434289932251
0.6094948053359985
0.2179199457168579
0.6367048025131226
0.8196765780448914
0.5652544498443604
0.556304931640625
0.9697264432907104
0.07244514673948288
0.6120943427085876
0.08723318576812744
0.5458150506019592
0.19829300045967102
0.727353036403656
0.5487651228904724
0.9571547508239746
0.01973133720457554
0.49433156847953796
0.214477077126503
0.29404720664024353
0.07036212831735611
0.6175102591514587
0.9700148701667786
0.4513726532459259
0.662873387336731
0.6196060180664062
0.14613792300224304
0.5859581828117371
0.589906632900238
0.2107217162847519
0.7171932458877563
0.36515161395072937
0.6266593933105469
0.6313134431838989
0.8094320297241211
0.1421874761581421
0.327488511800766
0.158765509724617
0.44460099935531616
0.6226577758789062
0.9146965742111206
0.7796839475631714
0.829020082950592
0.22424453496932983
0.08711006492376328
0.24346306920051575
0.3089815378189087
0.20179621875286102
0.5814785361289978
0.9935533404350281
0.201821967959404
0.8381551504135132
0.5384032726287842
0.9695959687232971
0.3547060787677765
0.44217780232429504
0.758045494556427
0.015654338523745537
0.8414440155029297
0.07129733264446259
0.506361722946167
0.7190998196601868
0.9377802610397339
0.34326496720314026
0.1290564090013504
0.5387614369392395
0.5650199055671692
0.15217764675617218
0.6548044085502625
0.00789248663932085
0.13243846595287323
0.09408143907785416
0.7132421135902405
0.682758629322052
0.24081900715827942
0.9738166928291321
0.04032450541853905
0.3979286849498749
0.7112433910369873
0.8744189143180847
0.8878702521324158
0.6878547668457031
0.22166654467582703
0.6554809212684631
0.1658124476671219
0.500464677810669
0.14433404803276062
0.9596983790397644
0.6346266269683838
0.5871604084968567
0.4624359607696533
0.712538480758667
0.055176690220832825
0.11488708853721619
0.984282374382019
0.7767093181610107
0.8023178577423096
0.20241108536720276
0.9357476234436035
0.039314210414886475
0.5673715472221375
0.2876843810081482
0.890823245048523
0.8366404175758362
0.9914388060569763
0.12497571110725403
0.15588434040546417
0.4550182819366455
0.18646252155303955
0.6771583557128906
0.03863737732172012
0.4861201345920563
0.5142123699188232
0.21694177389144897
0.8953856825828552
0.9325348734855652
0.5384945869445801
0.9915640950202942
0.7481187582015991
0.1524982750415802
0.7671367526054382
0.9768463373184204
0.8822258114814758
0.9280025362968445
0.44568580389022827
0.8318724036216736
0.39182478189468384
0.3070497512817383
0.5547645092010498
0.3340015709400177
0.6020491123199463
0.2567518353462219
0.03273095563054085
0.4039762616157532
0.4617061913013458
0.8128770589828491
0.9296801686286926
0.6473951935768127
0.8414561748504639
0.1536986231803894
0.1208866685628891
0.40161678194999695
0.8768966197967529
0.31453147530555725
0.44834744930267334
0.7208371162414551
0.7157999873161316
0.7707321047782898
0.9439467191696167
0.4352523982524872
0.6047874689102173
0.1534227877855301
0.9028609991073608
0.5881131291389465
0.25377899408340454
0.8974617719650269
0.555219292640686
0.33066606521606445
0.693211019039154
0.1303722858428955
0.3522457182407379
0.9034690260887146
0.07829008996486664
0.5666050314903259
0.7807003259658813
0.7371838092803955
0.4303588271141052
0.559859037399292
0.6195394396781921
0.7821760773658752
0.08285022526979446
0.23673735558986664
0.04788821190595627
0.9685693979263306
0.38864994049072266
0.32992199063301086
0.6249021887779236
0.6399890184402466
0.727052628993988
0.4843451976776123
0.3979065418243408
0.3189152479171753
0.4621146321296692
0.2394660860300064
0.8985782265663147
0.07855788618326187
0.9207907915115356
0.09225266426801682
0.21776245534420013
0.6494453549385071
0.2320532500743866
0.29771414399147034
0.2684878408908844
0.2241150587797165
0.9543128609657288
0.6780710220336914
0.5832114219665527
0.8043971061706543
0.6165209412574768
0.03928709775209427
0.7169725894927979
0.8659655451774597
0.5389178395271301
0.8549879193305969
0.2953875660896301
0.6291165351867676
0.4972550570964813
0.9226823449134827
0.4836333692073822
0.4877976179122925
0.10026215016841888
0.4565245807170868
0.4695640802383423
0.04458402469754219
0.9777664542198181
0.30043208599090576
0.9368146061897278
0.4867677092552185
0.7780532836914062
0.9415737986564636
0.11303587257862091
0.9769325852394104
0.5857003331184387
0.49615398049354553
0.661234438419342
0.5421618223190308
0.49039125442504883
0.18094508349895477
0.6552692651748657
0.5045123100280762
0.9788386225700378
0.7393726706504822
0.03875965252518654
0.5442940592765808
0.08011656254529953
0.14022909104824066
0.1619761437177658
0.38834285736083984
0.18208584189414978
0.5804564356803894
0.13684725761413574
0.39250317215919495
0.5863810181617737
0.2904015779495239
0.09609641879796982
0.2418835610151291
0.17480729520320892
0.8483335971832275
0.25080761313438416
0.7506354451179504
0.07679645717144012
0.39655330777168274
0.1703488975763321
0.39751991629600525
0.26011040806770325
0.4022398293018341
0.32175931334495544
0.12426646053791046
0.9290813207626343
0.927331268787384
0.7798733711242676
0.7968350052833557
0.5002599954605103
0.7175363898277283
0.3820549249649048
0.9881980419158936
0.9621671438217163
0.1498829871416092
0.9909423589706421
0.3086211085319519
0.24266847968101501
0.8026594519615173
0.5458846092224121
0.8248353004455566
0.8420886993408203
0.524547278881073
0.6635174751281738
0.39503219723701477
0.12464381009340286
0.49776431918144226
0.9782682657241821
0.22262288630008698
0.39324864745140076
0.7109487652778625
0.44856351613998413
0.0959266945719719
0.18630889058113098
0.9811737537384033
0.22642140090465546
0.36691802740097046
0.3233959674835205
0.517326831817627
0.49477121233940125
0.33748355507850647
0.3210996091365814
0.6286325454711914
0.9631665349006653
0.4194326400756836
0.022982455790042877
0.22415414452552795
0.615563154220581
0.48017948865890503
0.7602789402008057
0.0520840622484684
0.6532890796661377
0.28034788370132446
0.7099292874336243
0.8675940036773682
0.030834149569272995
0.984914243221283
0.305539071559906
0.9057193398475647
0.49549514055252075
0.9169294238090515
0.13926108181476593
0.2990642786026001
0.7094237804412842
0.7508028745651245
0.7935196161270142
0.2415505349636078
0.5810351967811584
0.9280432462692261
0.16628512740135193
0.44618263840675354
0.28555014729499817
0.6647238731384277
0.6718056797981262
0.3494749963283539
0.21020254492759705
0.08575550466775894
0.9277511835098267
0.2139653116464615
0.07296432554721832
0.9339245557785034
0.9007245302200317
0.6956184506416321
0.1333579421043396
0.10768129676580429
0.21256250143051147
0.976779580116272
0.638585090637207
0.28449785709381104
0.23235076665878296
0.2999676764011383
0.1635201871395111
0.3501751720905304
0.509694516658783
0.32815542817115784
0.5621916651725769
0.9775590300559998
0.9493116736412048
0.2429347038269043
0.7923896908760071
0.8919675946235657
0.3306715488433838
0.03407380357384682
0.539105236530304
0.7458931803703308
0.8082594275474548
0.7739226222038269
0.08823448419570923
0.025360029190778732
0.7362152338027954
0.041646670550107956
0.15273602306842804
0.5150867700576782
0.12524248659610748
0.575884997844696
0.12113335728645325
0.7452070713043213
0.5465777516365051
0.17014597356319427
0.5386548638343811
0.7439709901809692
0.9415433406829834
0.47027021646499634
0.3166183829307556
0.4374895989894867
0.3815384805202484
0.33704686164855957
0.46094757318496704
0.8951274156570435
0.28467458486557007
0.7408370971679688
0.04408363997936249
0.34071242809295654
0.24715930223464966
0.1471662074327469
0.5097736716270447
0.8023215532302856
0.6142250895500183
0.30407142639160156
0.0030177237931638956
0.8076250553131104
0.02736113779246807
0.7146317958831787
0.2146608680486679
0.5276595950126648
0.5014351606369019
0.8468942046165466
0.3251611590385437
0.3822832703590393
0.30269238352775574
0.6886469721794128
0.630141019821167
0.3330287039279938
0.4050767123699188
0.3421068489551544
0.36448416113853455
0.26361310482025146
0.3410051167011261
0.5617908835411072
0.2458164244890213
0.6394941210746765
0.7296102643013
0.38261792063713074
0.36308810114860535
0.23500703275203705
0.17125186324119568
0.12675176560878754
0.8320292234420776
0.5943047404289246
0.6408650875091553
0.2831437885761261
0.2153289020061493
0.8829463720321655
0.7248846888542175
0.8466432094573975
0.6997897624969482
0.6810004711151123
0.5589070320129395
0.35001206398010254
0.828994870185852
0.5341362953186035
0.4222760796546936
0.7855619788169861
0.9853524565696716
0.7393959760665894
0.2573937177658081
0.909453809261322
0.7239999771118164
0.4238946735858917
0.1065879836678505
0.7999330163002014
0.3531161844730377
0.9872472882270813
0.8268340229988098
0.8355318903923035
0.3191004693508148
0.3053790330886841
0.12629054486751556
0.8986045718193054
0.5138208270072937
0.4494412839412689
0.8569884300231934
0.3069431781768799
0.7170845866203308
0.76959627866745
0.4815804064273834
0.2800428867340088
0.4479624032974243
0.15774743258953094
0.8425246477127075
0.6512275338172913
0.6592361330986023
0.5628939270973206
0.8117069005966187
0.9739502668380737
0.570641279220581
0.31968244910240173
0.3590490221977234
0.901938796043396
0.5851321816444397
0.5129010081291199
0.07296440750360489
0.8035085797309875
0.9112009406089783
0.20452190935611725
0.9880207180976868
0.09359248727560043
0.6387060284614563
0.8192499279975891
0.2663128674030304
0.32249915599823
0.38433799147605896
0.03406205400824547
0.5483224391937256
0.9761385321617126
0.38346269726753235
0.005474893841892481
0.4901893734931946
0.6242783069610596
0.32369160652160645
0.2776128947734833
0.7244325876235962
0.2062041163444519
0.8367250561714172
0.3219153583049774
0.7685623168945312
0.2887793481349945
0.8175526857376099
0.8141114711761475
0.9634926319122314
0.41443413496017456
0.5183142423629761
0.8144945502281189
0.781801164150238
0.8542633056640625
0.04173900559544563
0.9103859066963196
0.5794848203659058
0.9737515449523926
0.3568763732910156
0.43499064445495605
0.6720497608184814
0.7177329659461975
0.19697855412960052
0.12466560304164886
0.8770797252655029
0.07109111547470093
0.8405358195304871
0.3437177240848541
0.33234941959381104
0.4472639560699463
0.5014873147010803
0.1602855622768402
0.7153791785240173
0.7688814997673035
0.7176311612129211
0.6068083047866821
0.2633139193058014
0.39222294092178345
0.5561743974685669
0.5162960290908813
0.15784123539924622
0.41543081402778625
0.1129390299320221
0.6734790802001953
0.48433446884155273
0.35184356570243835
0.10402899980545044
0.28685590624809265
0.8079392313957214
0.3648439943790436
0.17073658108711243
0.8973525166511536
0.6073607206344604
0.5940858125686646
0.8380863666534424
0.5359668135643005
0.37223130464553833
0.40669798851013184
0.18297122418880463
0.7119394540786743
0.07544352859258652
0.9037330150604248
0.9347627758979797
0.30373650789260864
0.9702888131141663
0.7321099638938904
0.8723018169403076
0.6937617063522339
0.6667565107345581
0.19630014896392822
0.9426562786102295
0.15929363667964935
0.06811974942684174
0.6228432655334473
0.8361319899559021
0.3617173433303833
0.05935010686516762
0.1455424726009369
0.9337285757064819
0.31688371300697327
0.7490298748016357
0.1482376903295517
0.9097528457641602
0.4913959801197052
0.7500373721122742
0.16672202944755554
0.9371352195739746
0.906395673751831
0.41958877444267273
0.8024630546569824
0.5790508985519409
0.9919483065605164
0.6122215390205383
0.5430628061294556
0.09528281539678574
0.30103063583374023
0.4983171820640564
0.16023530066013336
0.5636103749275208
0.7475786805152893
0.1387745440006256
0.61945641040802
0.21874623000621796
0.4188128411769867
0.47029581665992737
0.866304337978363
0.5694887042045593
0.09037768840789795
0.3206317722797394
0.7386332750320435
0.7960110902786255
0.7754395008087158
0.2980075478553772
0.6534256339073181
0.5099851489067078
0.5169067978858948
0.4525538682937622
0.6608390212059021
0.3510003387928009
0.2903638184070587
0.9443793296813965
0.8030160069465637
0.2889934480190277
0.4592145085334778
0.9032756090164185
0.6008310317993164
0.8254004120826721
0.2227439433336258
0.7134952545166016
0.027713723480701447
0.9212197065353394
0.3447144031524658
0.49881210923194885
0.20548348128795624
0.6319971680641174
0.7167413234710693
0.09759721904993057
0.9471743106842041
0.8520312905311584
0.4734255075454712
0.4756115972995758
0.6130793690681458
0.705573558807373
0.9105314612388611
0.5972355008125305
0.5558449625968933
0.4148640036582947
0.2033233344554901
0.07912561297416687
0.3899824023246765
0.22199392318725586
0.8639581799507141
0.9608175754547119
0.2882315218448639
0.027475977316498756
0.5170453190803528
0.045943524688482285
0.29916834831237793
0.5845395922660828
0.9912427067756653
0.9086422324180603
0.7357867956161499
0.6396799683570862
0.6265572309494019
0.42282742261886597
0.9659677147865295
0.6732370853424072
0.08694546669721603
0.3539888262748718
0.7121006846427917
0.910710334777832
0.18853826820850372
0.30185505747795105
0.1307637244462967
0.3139944076538086
0.8745170831680298
0.7204340696334839
0.012464995495975018
0.09783443063497543
0.9106004238128662
0.5940811038017273
0.4063856303691864
0.5806528329849243
0.7785145044326782
0.19829055666923523
0.8706672191619873
0.14669109880924225
0.01049370039254427
0.10293371975421906
0.9782514572143555
0.0005454330239444971
0.3153311312198639
0.19403105974197388
0.7561006546020508
0.6375410556793213
0.8205283880233765
0.43210369348526
0.947532057762146
0.3741290867328644
0.6584432721138
0.586331307888031
0.5999305248260498
0.9727696776390076
0.623478353023529
0.12970592081546783
0.7564910054206848
0.8904420733451843
0.22928574681282043
0.6388013362884521
0.8191208243370056
0.6376920938491821
0.42828962206840515
0.24196979403495789
0.23984642326831818
0.5008661150932312
0.2813194990158081
0.5675731301307678
0.6798670887947083
0.8564583659172058
0.6375243663787842
0.6734952926635742
0.0965600460767746
0.26561254262924194
0.2470443695783615
0.8462613821029663
0.20400241017341614
0.51568603515625
0.8754494190216064
0.5235226154327393
0.2533611059188843
0.1804259866476059
0.4876652657985687
0.5263708829879761
0.08730419725179672
0.8590118288993835
0.8451874852180481
0.9302756786346436
0.9641677737236023
0.36590084433555603
0.7839742302894592
0.10534028708934784
0.30450835824012756
0.3891284763813019
0.5065656304359436
0.4113283157348633
0.19975119829177856
0.3037015199661255
0.41446760296821594
0.5291159152984619
0.5827367305755615
0.512500524520874
0.2747582197189331
0.021835066378116608
0.3092871308326721
0.8568262457847595
0.969504714012146
0.5357271432876587
0.19633589684963226
0.0038818807806819677
0.10246194899082184
0.17203804850578308
0.4939780831336975
0.6011532545089722
0.1663474440574646
0.725355863571167
0.4872550964355469
0.10530156642198563
0.24016912281513214
0.16605810821056366
0.4802158772945404
0.2138357013463974
0.8258637189865112
0.7851653099060059
0.823418378829956
0.4972436726093292
0.32568520307540894
0.05508951097726822
0.20418891310691833
0.6303602457046509
0.7626428008079529
0.2417760193347931
0.28816795349121094
0.28554585576057434
0.7762381434440613
0.8879181742668152
0.44613662362098694
0.25656047463417053
0.7840176224708557
0.2784707844257355
0.23201735317707062
0.7866120338439941
0.06570211797952652
0.8894282579421997
0.8967832922935486
0.28567415475845337
0.009804943576455116
0.7812572121620178
0.7313563227653503
0.8232574462890625
0.8825773596763611
0.23445694148540497
0.01018642820417881
0.07459522038698196
0.01364909391850233
0.016469348222017288
0.7717167735099792
0.11624276638031006
0.375051885843277
0.7343698740005493
0.48624444007873535
0.17868691682815552
0.930064857006073
0.5803430080413818
0.5674312710762024
0.7168914675712585
0.3370165228843689
0.5823227167129517
0.5203320384025574
0.4028828740119934
0.9358794689178467
0.855478048324585
0.6338906288146973
0.9437799453735352
0.3959631621837616
0.5077849626541138
0.2061481922864914
0.42609021067619324
0.674116313457489
0.5684937834739685
0.8126400113105774
0.5401105880737305
0.16681551933288574
0.3385910987854004
0.5533549189567566
0.996674120426178
0.1338692009449005
0.1936238408088684
0.7541834115982056
0.8184266090393066
0.22003431618213654
0.3881235420703888
0.23223824799060822
0.4012835621833801
0.9037453532218933
0.08742374926805496
0.4785950183868408
0.6000948548316956
0.5462698340415955
0.6379268765449524
0.8121293187141418
0.7647579908370972
0.17648687958717346
0.2990749180316925
0.8455848097801208
0.9231675863265991
0.3779956102371216
0.8072774410247803
0.9624277353286743
0.05248485878109932
0.3256939947605133
0.053909409791231155
0.8391807675361633
0.9978668689727783
0.4536552429199219
0.05146466940641403
0.992203414440155
0.04025748744606972
0.5269380807876587
0.3188808262348175
0.04875633120536804
0.5367034077644348
0.48690080642700195
0.2797979414463043
0.27641621232032776
0.1662154346704483
0.720096230506897
0.7347385287284851
0.12956829369068146
0.47953054308891296
0.6630662679672241
0.804013192653656
0.44700518250465393
0.24159613251686096
0.5326203107833862
0.2778778076171875
0.8373562693595886
0.4576265513896942
0.43926990032196045
0.6428189277648926
0.5646486878395081
0.3740510940551758
0.05046448856592178
0.34703904390335083
0.17696580290794373
0.02415853552520275
0.464080274105072
0.2349114567041397
0.08563593029975891
0.2715747654438019
0.7677436470985413
0.41717472672462463
0.9711849093437195
0.30371513962745667
0.04123717173933983
0.6988996267318726
0.795007586479187
0.7890380024909973
0.8545371294021606
0.027711112052202225
0.02025793120265007
0.4054607152938843
0.7051075100898743
0.12294963747262955
0.9487298727035522
0.30828630924224854
0.42781832814216614
0.04582687467336655
0.611452579498291
0.26340818405151367
0.10569808632135391
0.9510320425033569
0.4465062916278839
0.36770594120025635
0.3826378583908081
0.8089459538459778
0.42289116978645325
0.8478127121925354
0.4823233187198639
0.4027808606624603
0.2867635488510132
0.26889243721961975
0.6635558009147644
0.4643617868423462
0.6470849514007568
0.3570975959300995
0.13165289163589478
0.42251351475715637
0.7122600674629211
0.26683562994003296
0.627282440662384
0.578981876373291
0.5468364357948303
0.7163175344467163
0.6950752139091492
0.2843136191368103
0.027574561536312103
0.631810188293457
0.38583996891975403
0.24156706035137177
0.6888563632965088
0.25289735198020935
0.6292929649353027
0.6214722990989685
0.6784700155258179
0.06974554806947708
0.5491567254066467
0.45432737469673157
0.9770804643630981
0.7791048884391785
0.44486528635025024
0.5147930979728699
0.046684443950653076
0.3545139729976654
0.000589358271099627
0.8129363656044006
0.6870041489601135
0.9280880093574524
0.705983579158783
0.2097952514886856
0.4696260392665863
0.36898720264434814
0.8671167492866516
0.6840608716011047
0.07058016955852509
0.9296377301216125
0.7536211609840393
0.0942029058933258
0.09878240525722504
0.4537314474582672
0.18668441474437714
0.23230671882629395
0.2771587371826172
0.616578996181488
0.4731510877609253
0.2336745411157608
0.986545979976654
0.41005927324295044
0.8910430669784546
0.9911431670188904
0.7877792716026306
0.368508517742157
0.6355977058410645
0.7505455017089844
0.19191549718379974
0.48314762115478516
0.3826962113380432
0.07157039642333984
0.7507565021514893
0.7291063070297241
0.7809538245201111
0.9320773482322693
0.24789707362651825
0.5769728422164917
0.5887879729270935
0.26383188366889954
0.8843602538108826
0.5315388441085815
0.32435035705566406
0.3244955241680145
0.2128215879201889
0.7105914950370789
0.3310603201389313
0.8828268647193909
0.3450176417827606
0.7019913196563721
0.25393736362457275
0.752738356590271
0.1635638028383255
0.830301821231842
0.6970934271812439
0.2183494120836258
0.4441230893135071
0.7379197478294373
0.8792743682861328
0.26060545444488525
0.02872036024928093
0.37908056378364563
0.6330100893974304
0.804448664188385
0.04637991264462471
0.16535159945487976
0.3910980522632599
0.6299929618835449
0.4603075683116913
0.2059318870306015
0.1541135311126709
0.6756605505943298
0.05205424502491951
0.9419752359390259
0.21817243099212646
0.41831186413764954
0.9845004677772522
0.7575564384460449
0.2136848121881485
0.7929126024246216
0.6820498108863831
0.6945831179618835
0.48638302087783813
0.021982984617352486
0.8464011549949646
0.811694860458374
0.740379273891449
0.6204715371131897
0.29541394114494324
0.701174259185791
0.6965876221656799
0.7602344751358032
0.9221999645233154
0.7796140313148499
0.7707692384719849
0.0017066083382815123
0.6281833052635193
0.35389232635498047
0.4237850308418274
0.5326861143112183
0.9980343580245972
0.7491267919540405
0.7109701633453369
0.018954727798700333
0.777167022228241
0.14023754000663757
0.03762276470661163
0.39019134640693665
0.8628469109535217
0.8788474202156067
0.9474628567695618
0.8710057735443115
0.8366349935531616
0.20258939266204834
0.5506423711776733
0.7906332015991211
0.09763883799314499
0.29155322909355164
0.519484281539917
0.1925126314163208
0.7556579113006592
0.09943194687366486
0.6706281304359436
0.4285292327404022
0.8280346989631653
0.18339954316616058
0.741872251033783
0.7753958702087402
0.2862370014190674
0.8900883793830872
0.6715999245643616
0.08166797459125519
0.6993885636329651
0.5121240615844727
0.42730528116226196
0.35002440214157104
0.30164772272109985
0.16592800617218018
0.05255173146724701
0.8162522315979004
0.5119530558586121
0.2307550311088562
0.4120720326900482
0.09415701776742935
0.22986936569213867
0.4582080841064453
0.04308263212442398
0.6192094683647156
0.7952801585197449
0.09038349986076355
0.42676129937171936
0.4912782609462738
0.8899535536766052
0.5514998435974121
0.14460505545139313
0.9186157584190369
0.9001686573028564
0.9969421029090881
0.004591187462210655
0.223883256316185
0.9226238131523132
0.9850984215736389
0.8768712282180786
0.39390459656715393
0.029517853632569313
0.4452299475669861
0.9505887627601624
0.6656897068023682
0.9774220585823059
0.04074547812342644
0.9164846539497375
0.5876802206039429
0.871886670589447
0.48993244767189026
0.20563830435276031
0.8778940439224243
0.895004153251648
0.3858344554901123
0.4920457899570465
0.6546945571899414
0.08525266498327255
0.442710280418396
0.33833691477775574
0.15367165207862854
0.673399031162262
0.8723901510238647
0.9793569445610046
0.5130720734596252
0.6266598105430603
0.17076466977596283
0.5177555680274963
0.834234356880188
0.8635117411613464
0.40798500180244446
0.3546815514564514
0.7232149839401245
0.7571756839752197
0.21452079713344574
0.2968258559703827
0.6653122901916504
0.14252448081970215
0.2944371998310089
0.659196674823761
0.6445993185043335
0.8659480214118958
0.3294770419597626
0.3506746292114258
0.6252875328063965
0.5029568672180176
0.8443993330001831
0.507924497127533
0.14919327199459076
0.3043367266654968
0.4353322386741638
0.8046768307685852
0.9592328071594238
0.35568472743034363
0.04822392016649246
0.4304521977901459
0.7359267473220825
0.29327496886253357
0.1882771998643875
0.34926462173461914
0.4083036482334137
0.1965034157037735
0.8371490836143494
0.21009357273578644
0.5703806281089783
0.14356718957424164
0.3845076560974121
0.6500588059425354
0.20568957924842834
0.7314417958259583
0.18522442877292633
0.3870998024940491
0.21928487718105316
0.39274656772613525
0.12064912915229797
0.9002230167388916
0.4937860667705536
0.11713679879903793
0.5814203023910522
0.7255637049674988
0.3260839879512787
0.5562626719474792
0.916188657283783
0.5733206868171692
0.7441337704658508
0.4643913805484772
0.7479451298713684
0.22491486370563507
0.3301588296890259
0.6808704137802124
0.012272181920707226
0.4845966100692749
0.46404317021369934
0.1748713254928589
0.44795677065849304
0.8407670259475708
0.7958332896232605
0.07513429969549179
0.1266801357269287
0.27104678750038147
0.2564648389816284
0.7977721095085144
0.9367641806602478
0.5048964619636536
0.9738507866859436
0.6748585104942322
0.8702297210693359
0.4755678176879883
0.7443839907646179
0.1772688776254654
0.7101136445999146
0.5980933308601379
0.04407089948654175
0.7744577527046204
0.9757994413375854
0.3641274571418762
0.2648845613002777
0.004975141957402229
0.0420069545507431
0.033487819135189056
0.015650205314159393
0.6992372870445251
0.07472642511129379
0.21310807764530182
0.36537623405456543
0.23809003829956055
0.922632098197937
0.7213360667228699
0.5273595452308655
0.028718793764710426
0.07768643647432327
0.1527477502822876
0.06569570302963257
0.9440485239028931
0.2027885615825653
0.15455442667007446
0.22184909880161285
0.7761368155479431
0.2030676007270813
0.5199471712112427
0.7176437377929688
0.20150427520275116
0.7398031949996948
0.6637357473373413
0.22334736585617065
0.754933774471283
0.8625032901763916
0.957236111164093
0.6178411841392517
0.7659887671470642
0.5702548623085022
0.38369372487068176
0.896434485912323
0.04257514327764511
0.9371383190155029
0.6702533960342407
0.8959335684776306
0.5716626048088074
0.6530629396438599
0.40304067730903625
0.358659029006958
0.7132163047790527
0.553287923336029
0.5329434275627136
0.847273588180542
0.5482208728790283
0.8710860013961792
0.44785749912261963
0.10402092337608337
0.5348328351974487
0.8751370906829834
0.319732129573822
0.48770591616630554
0.8314535617828369
0.7749801874160767
0.6456612944602966
0.06092240661382675
0.6564466953277588
0.8997429013252258
0.523143470287323
0.6455057263374329
0.8975490927696228
0.19067907333374023
0.5392271876335144
0.178711399435997
0.8866652846336365
0.5155684351921082
0.4791906476020813
0.0256907157599926
0.4499965012073517
0.9566424489021301
0.5779061913490295
0.22484062612056732
0.3711183965206146
0.4563561975955963
0.6986088156700134
0.25826364755630493
0.8751587271690369
0.03470764681696892
0.6859709620475769
0.8453320264816284
0.06119095906615257
0.8583498597145081
0.19782505929470062
0.7408826351165771
0.4653536081314087
0.2419554889202118
0.469184547662735
0.1484518200159073
0.593752920627594
0.7730017304420471
0.05779465660452843
0.5741294622421265
0.3904469907283783
0.5406588912010193
0.054698262363672256
0.10100210458040237
0.7992852926254272
0.6412883400917053
0.626562774181366
0.18330030143260956
0.8771674036979675
0.0650276243686676
0.05491255968809128
0.4844214916229248
0.8274068832397461
0.1206965371966362
0.7221929430961609
0.9201992154121399
0.6740315556526184
0.3366394639015198
0.10554850846529007
0.3380657732486725
0.8070573806762695
0.654215395450592
0.10155363380908966
0.3880699574947357
0.6193893551826477
0.30630016326904297
0.11917177587747574
0.9179604649543762
0.19331352412700653
0.7595083713531494
0.4421866238117218
0.5472829341888428
0.6285241842269897
0.02845674753189087
0.13270021975040436
0.2659282982349396
0.9321325421333313
0.21544694900512695
0.8503758311271667
0.5190175771713257
0.7347294688224792
0.08967269957065582
0.8872668743133545
0.6750043034553528
0.3961997926235199
0.18662075698375702
0.1454579383134842
0.23804162442684174
0.2584763169288635
0.1926390826702118
0.7641527652740479
0.17324161529541016
0.4557257890701294
0.2892775237560272
0.4078104794025421
0.899159848690033
0.696262538433075
0.326145738363266
0.06924116611480713
0.44469842314720154
0.679423987865448
0.40602195262908936
0.5625579953193665
0.5218898057937622
0.12297257781028748
0.759649395942688
0.997258186340332
0.2673974335193634
0.00886374618858099
0.6904895305633545
0.4220696687698364
0.9834351539611816
0.08125673979520798
0.25626251101493835
0.47434842586517334
0.9729868173599243
0.07914169877767563
0.3713652789592743
0.28209757804870605
0.30961909890174866
0.37075287103652954
0.05512126907706261
0.041319459676742554
0.005856076255440712
0.23082298040390015
0.1373233199119568
0.5715182423591614
0.028175681829452515
0.08931712061166763
0.24918565154075623
0.24542321264743805
0.4022829830646515
0.5689854025840759
0.6295372247695923
0.14343957602977753
0.3653854429721832
0.49082592129707336
0.2818061411380768
0.13295979797840118
0.7408296465873718
0.5725032687187195
0.7766010165214539
0.9520436525344849
0.46354350447654724
0.17128995060920715
0.08785729855298996
0.006029285956174135
0.28860414028167725
0.7010948061943054
0.03680587559938431
0.3017190396785736
0.9001204967498779
0.21074028313159943
0.9487299919128418
0.6457056403160095
0.566336452960968
0.20074841380119324
0.46249446272850037
0.653465211391449
0.7529955506324768
0.7319172620773315
0.8018909096717834
0.311908483505249
0.4751679301261902
0.0486949160695076
0.8746144771575928
0.3896286189556122
0.11939691007137299
0.4816187918186188
0.13027091324329376
0.07884006947278976
0.14859738945960999
0.4437321424484253
0.2665092647075653
0.12087983638048172
0.2881259620189667
0.9414266347885132
0.3055935800075531
0.24802860617637634
0.3174576461315155
0.4965040683746338
0.050997551530599594
0.7412195801734924
0.30548998713493347
0.35120001435279846
0.8600069284439087
0.06227778270840645
0.3847809433937073
0.3479444980621338
0.5843386650085449
0.285553902387619
0.6097540259361267
0.35872021317481995
0.84061199426651
0.558074414730072
0.059989217668771744
0.391312837600708
0.7883240580558777
0.08470086008310318
0.4487961232662201
0.27143827080726624
0.2857523262500763
0.027332864701747894
0.3396332263946533
0.48755112290382385
0.5591759085655212
0.9796217083930969
0.09989679604768753
0.6295483708381653
0.05605531856417656
0.5502268075942993
0.7440648078918457
0.26907381415367126
0.5750908851623535
0.3184170424938202
0.02293471060693264
0.6875523924827576
0.7032200694084167
0.770915687084198
0.538544774055481
0.3107668161392212
0.2962874174118042
0.11304036527872086
0.921127438545227
0.06548001617193222
0.8015857934951782
0.5694867968559265
0.49039366841316223
0.8691917061805725
0.11333386600017548
0.8012956380844116
0.6483631730079651
0.014419245533645153
0.06167399510741234
0.007977751083672047
0.8597904443740845
0.0689498633146286
0.37177130579948425
0.4786472022533417
0.6575212478637695
0.015055358409881592
0.8881323933601379
0.6733992695808411
0.014422506093978882
0.19003255665302277
0.30877017974853516
0.09662246704101562
0.6353871822357178
0.0739717185497284
0.007905491627752781
0.6403108239173889
0.36524200439453125
0.9994146823883057
0.164306178689003
0.9278348088264465
0.8317127823829651
0.7612929940223694
0.1907702386379242
0.20681630074977875
0.40005260705947876
0.7190619111061096
0.28534427285194397
0.48189985752105713
0.7247677445411682
0.1242845356464386
0.8328278660774231
0.03441775217652321
0.6860384941101074
0.6190899014472961
0.7588372826576233
0.143541157245636
0.08085890114307404
0.13174556195735931
0.16514337062835693
0.05035366490483284
0.0221612099558115
0.8220320343971252
0.10653924196958542
0.9312931299209595
0.6921974420547485
0.40359562635421753
0.11961349844932556
0.02994816191494465
0.5637597441673279
0.8157381415367126
0.22694778442382812
0.01847287081182003
0.1700579822063446
0.9829614758491516
0.38811635971069336
0.3815232813358307
0.27560460567474365
0.08137573301792145
0.6468365788459778
0.6866129636764526
0.6393186450004578
0.7837599515914917
0.24032171070575714
0.48620858788490295
0.9096513986587524
0.7948603630065918
0.3585977852344513
0.2305230349302292
0.5326309204101562
0.13019698858261108
0.9909459948539734
0.5710885524749756
0.9594533443450928
0.7634820342063904
0.2845813035964966
0.954482913017273
0.2737264335155487
0.6511302590370178
0.10156556218862534
0.2758803069591522
0.15147624909877777
0.8649783134460449
0.4777972102165222
0.5744649767875671
0.41865700483322144
0.23104305565357208
0.9731373190879822
0.8372095823287964
0.9383912682533264
0.5433725118637085
0.5840781927108765
0.19907262921333313
0.9036993980407715
0.2379608154296875
0.5822352766990662
0.4509132504463196
0.6514296531677246
0.2865346074104309
0.8667781352996826
0.7801235318183899
0.0523604191839695
0.08733221143484116
0.5971719622612
0.6857025027275085
0.961743950843811
0.3645453155040741
0.5137701034545898
0.12876255810260773
0.3151600658893585
0.34169724583625793
0.8677283525466919
0.4874937832355499
0.6088350415229797
0.24045686423778534
0.9485958814620972
0.6414692997932434
0.8241655230522156
0.04837688058614731
0.7322818636894226
0.4562032222747803
0.08438513427972794
0.5089755654335022
0.7706291079521179
0.3968423306941986
0.8063341975212097
0.5734021663665771
0.7805899977684021
0.6134260892868042
0.09364603459835052
0.7258633375167847
0.474822461605072
0.4875551462173462
0.001031851745210588
0.0665297582745552
0.611842930316925
0.5580049753189087
0.5140986442565918
0.14150497317314148
0.14817117154598236
0.9923748970031738
0.5698984265327454
0.4058483839035034
0.6645637154579163
0.6314597725868225
0.8869843482971191
0.17704500257968903
0.5939707159996033
0.5608097910881042
0.09330005198717117
0.19647875428199768
0.5980805158615112
0.768055260181427
0.5623300075531006
0.26984331011772156
0.4538050889968872
0.6613572835922241
0.23470868170261383
0.5598695874214172
0.1568225473165512
0.39740654826164246
0.6594569087028503
0.34960266947746277
0.6295404434204102
0.23062071204185486
0.8952758312225342
0.8916096687316895
0.4768860638141632
0.1480933427810669
0.011663269251585007
0.07110323756933212
0.5820593237876892
0.19677160680294037
0.6001869440078735
0.9259487986564636
0.0014899111120030284
0.03515850752592087
0.41838112473487854
0.6752061247825623
0.27929946780204773
0.9745725393295288
0.5757446885108948
0.9846840500831604
0.5714200139045715
0.7126255035400391
0.27164626121520996
0.9461530447006226
0.6402411460876465
0.8785161972045898
0.42755240201950073
0.547356128692627
0.5742144584655762
0.2644430100917816
0.5359792709350586
0.8984028100967407
0.4652840495109558
0.07667329907417297
0.4123630225658417
0.5723584294319153
0.5802814960479736
0.7849268317222595
0.1290551871061325
0.5596295595169067
0.9327669143676758
0.27696046233177185
0.8039361834526062
0.260024756193161
0.9295566082000732
0.9168050289154053
0.4021468162536621
0.26399141550064087
0.7434431910514832
0.3117052912712097
0.3545232117176056
0.6845038533210754
0.36748749017715454
0.12175118923187256
0.3159448504447937
0.9476767182350159
0.03279133886098862
0.18908600509166718
0.2496589571237564
0.3976624310016632
0.08733358234167099
0.7590592503547668
0.21790370345115662
0.4987470209598541
0.06144636124372482
0.15810422599315643
0.6826849579811096
0.9170880317687988
0.8345232605934143
0.9547455906867981
0.4824950397014618
0.5283806920051575
0.0657656192779541
0.9681895971298218
0.14206881821155548
0.9571281671524048
0.3317252993583679
0.0022673741914331913
0.6944870352745056
0.0008566890610381961
0.24405066668987274
0.6572055220603943
0.8296203017234802
0.2655501365661621
0.5305548310279846
0.2893717885017395
0.7178672552108765
0.5209323763847351
0.9014134407043457
0.30756381154060364
0.515453577041626
0.11353899538516998
0.9998836517333984
0.1667145937681198
0.8358384370803833
0.4033273756504059
0.23293834924697876
0.6876668334007263
0.055080920457839966
0.826630711555481
0.43721577525138855
0.07689470052719116
0.6382818222045898
0.6903681755065918
0.18607404828071594
0.5027587413787842
0.7998014092445374
0.5872918367385864
0.287479966878891
0.546201229095459
0.2935705780982971
0.8720574378967285
0.68169105052948
0.16417577862739563
0.7831156253814697
0.12631139159202576
0.3681882321834564
0.5380678176879883
0.989766538143158
0.22817951440811157
0.26247188448905945
0.9064643979072571
0.5827538967132568
0.4311935007572174
0.6769858002662659
0.8248323798179626
0.24754495918750763
0.7221299409866333
0.3653564751148224
0.6927052736282349
0.6231578588485718
0.8105592131614685
0.5746157169342041
0.5945109128952026
0.19547180831432343
0.9361529350280762
0.14708107709884644
0.4192788302898407
0.08592957258224487
0.3361130654811859
0.17838503420352936
0.05413385108113289
0.4486862123012543
0.6511292457580566
0.6552314162254333
0.991704523563385
0.8069471716880798
0.0008070081821642816
0.9484415054321289
0.9717194437980652
0.855728030204773
0.5417913198471069
0.18785180151462555
0.55078125
0.7310400605201721
0.1952754706144333
0.362895131111145
0.4977724254131317
0.35812366008758545
0.792802095413208
0.6067869663238525
0.9379677772521973
0.37704864144325256
0.14500044286251068
0.6518080830574036
0.9294334053993225
0.17007479071617126
0.8771102428436279
0.2824341654777527
0.24147020280361176
0.1752621978521347
0.10847412794828415
0.9851309061050415
0.01926451548933983
0.10289493203163147
0.2175578624010086
0.1846788078546524
0.884422242641449
0.33693090081214905
0.06866452842950821
0.009020640514791012
0.3568589389324188
0.30165424942970276
0.05188868194818497
0.4233100116252899
0.21144574880599976
0.1943710744380951
0.007762645371258259
0.807161271572113
0.9435087442398071
0.9453641176223755
0.6473751068115234
0.24432525038719177
0.5911257863044739
0.9565048217773438
0.6751148700714111
0.09376510232686996
0.6355555057525635
0.8215013742446899
0.8269850015640259
0.06557957828044891
0.19476179778575897
0.6900626420974731
0.9091686606407166
0.8893824219703674
0.7676798701286316
0.36961594223976135
0.33909842371940613
0.72265625
0.32371875643730164
0.3669279217720032
0.7311069965362549
0.648557722568512
0.2442621886730194
0.06492861360311508
0.44990357756614685
0.6002317070960999
0.9528384804725647
0.766487181186676
0.8148598074913025
0.15720918774604797
0.6505908966064453
0.8086939454078674
0.5307894945144653
0.3752758800983429
0.34736964106559753
0.6515894532203674
0.4790554344654083
0.2864420413970947
0.7118682265281677
0.20958064496517181
0.610407292842865
0.0885695293545723
0.679191529750824
0.4256996810436249
0.34107041358947754
0.2743062376976013
0.20583069324493408
0.31052064895629883
0.9183135628700256
0.5423063635826111
0.5887787938117981
0.8781814575195312
0.14540411531925201
0.26573067903518677
0.2525690197944641
0.18034487962722778
0.050700683146715164
0.4694390296936035
0.8772371411323547
0.3475673198699951
0.6277185678482056
0.20907412469387054
0.41771894693374634
0.9464315176010132
0.7085251212120056
0.9173247218132019
0.38123732805252075
0.6727863550186157
0.22500833868980408
0.3502046465873718
0.6513805985450745
0.647812008857727
0.14032237231731415
0.5292348861694336
0.01936984807252884
0.6088612675666809
0.7287245392799377
0.8412949442863464
0.030686991289258003
0.2961602210998535
0.10983225703239441
0.26122167706489563
0.7699455618858337
0.16513392329216003
0.1274792104959488
0.7590448260307312
0.4990389347076416
0.6157388091087341
0.5408754944801331
0.47555333375930786
0.11554080992937088
0.021096553653478622
0.9105440378189087
0.08320513367652893
0.7917617559432983
0.3290926218032837
0.08155088126659393
0.39992469549179077
0.3715069591999054
0.7832798957824707
0.8732251524925232
0.38537338376045227
0.33267223834991455
0.34882596135139465
0.9904636144638062
0.8693795800209045
0.4959856867790222
0.9291741251945496
0.2138974964618683
0.9941505789756775
0.9216113686561584
0.7553492784500122
0.5244076251983643
0.12021055817604065
0.20290537178516388
0.970723032951355
0.448261559009552
0.5773878693580627
0.4243376553058624
0.22184455394744873
0.5396907329559326
0.575160026550293
0.11491355299949646
0.6164208054542542
0.010756978765130043
0.06385595351457596
0.9549594521522522
0.21951667964458466
0.5304364562034607
0.5673333406448364
0.7386295795440674
0.599166989326477
0.11882302165031433
0.9756909608840942
0.6426292061805725
0.0003829429915640503
0.2891162633895874
0.681511402130127
0.31118565797805786
0.3466172516345978
0.886263906955719
0.9883151054382324
0.3855803310871124
0.30642247200012207
0.017286930233240128
0.3818996846675873
0.7227339744567871
0.09028203785419464
0.3307167589664459
0.25449255108833313
0.20625823736190796
0.7022666335105896
0.5214393734931946
0.9992055296897888
0.7518510222434998
0.2776762843132019
0.1518213301897049
0.06858035176992416
0.2720242738723755
0.869863748550415
0.7388268709182739
0.37690600752830505
0.4155028760433197
0.8094221353530884
0.4192560017108917
0.1983465850353241
0.25713789463043213
0.3519240617752075
0.1002226322889328
0.8846743106842041
0.9748365879058838
0.19521676003932953
0.6826373934745789
0.6853818297386169
0.2111341953277588
0.21557281911373138
0.7594818472862244
0.258219838142395
0.12539441883563995
0.9658433198928833
0.08355562388896942
0.5131806135177612
0.022583909332752228
0.3423987925052643
0.40282687544822693
0.7664452791213989
0.6086110472679138
0.9692463278770447
0.21739810705184937
0.19172120094299316
0.057634126394987106
0.9667305946350098
0.613709032535553
0.5759643316268921
0.6208108067512512
0.6160998344421387
0.4030103087425232
0.806566596031189
0.540631890296936
0.5795087218284607
0.5548692345619202
0.7230618596076965
0.0052460734732449055
0.16603843867778778
0.35202816128730774
0.8307862281799316
0.49842220544815063
0.4769112169742584
0.9898913502693176
0.9829487204551697
0.6496164798736572
0.4557316303253174
0.8965433835983276
0.6518595218658447
0.5220256447792053
0.9652983546257019
0.9662948846817017
0.8464455604553223
0.3158174753189087
0.9638178944587708
0.28148430585861206
0.07245682179927826
0.7858384251594543
0.10350792855024338
0.8530667424201965
0.09362559765577316
0.2874375879764557
0.765866219997406
0.6883880496025085
0.12558616697788239
0.842048704624176
0.041212666779756546
0.7922011017799377
0.1515122354030609
0.4826921224594116
0.6807001233100891
0.845664381980896
0.8675508499145508
0.15814556181430817
0.7105138897895813
0.01650071144104004
0.24723123013973236
0.2899153530597687
0.09534604847431183
0.350751668214798
0.42826342582702637
0.8586943745613098
0.6620745062828064
0.4970789849758148
0.3586323857307434
0.35075727105140686
0.09022284299135208
0.8103734850883484
0.40084031224250793
0.4688865542411804
0.3933449387550354
0.3455426096916199
0.09159944206476212
0.4780368208885193
0.7385187745094299
0.2680007517337799
0.34523966908454895
0.19014351069927216
0.8896402716636658
0.5982183814048767
0.35194459557533264
0.7450228929519653
0.5946241617202759
0.2096942812204361
0.6058602929115295
0.8033559322357178
0.10262418538331985
0.10565899312496185
0.08757572621107101
0.051952943205833435
0.800265908241272
0.8059237003326416
0.20597907900810242
0.6778920888900757
0.9142544865608215
0.5659726858139038
0.9183584451675415
0.7549950480461121
0.098676398396492
0.30541807413101196
0.19820861518383026
0.8561684489250183
0.2581838071346283
0.6595080494880676
0.8270671963691711
0.41418957710266113
0.023259157314896584
0.1096930131316185
0.3793918490409851
0.5750568509101868
0.9029840230941772
0.21912890672683716
0.78861004114151
0.9317962527275085
0.0586545504629612
0.10366883128881454
0.7988545894622803
0.5340081453323364
0.06155947968363762
0.6300838589668274
0.24354754388332367
0.03575484827160835
0.7410797476768494
0.10604477673768997
0.041456617414951324
0.40633687376976013
0.7542710900306702
0.4415638744831085
0.0792630985379219
0.22555623948574066
0.5128945708274841
0.18802493810653687
0.5982016324996948
0.6760371327400208
0.12395401298999786
0.796877920627594
0.6623404622077942
0.8360587358474731
0.6584753394126892
0.25235891342163086
0.7254877090454102
0.15836410224437714
0.7965140342712402
0.2932523488998413
0.9311492443084717
0.9084287285804749
0.36587071418762207
0.09539370983839035
0.17316769063472748
0.6134222745895386
0.589306652545929
0.5882294774055481
0.19114942848682404
0.02699952945113182
0.9610435366630554
0.9935287237167358
0.7548431754112244
0.021107057109475136
0.11079436540603638
0.7408296465873718
0.958786129951477
0.3869720995426178
0.28236761689186096
0.8619058728218079
0.6911702752113342
0.29294079542160034
0.9537162184715271
0.06832930445671082
0.3338286876678467
0.47479239106178284
0.3526449501514435
0.9654385447502136
0.43193191289901733
0.5857411623001099
0.12093532085418701
0.8645141124725342
0.3832203447818756
0.9515127539634705
0.22234784066677094
0.6284178495407104
0.22909937798976898
0.44379761815071106
0.7556411623954773
0.9843202829360962
0.011035725474357605
0.11354905366897583
0.16539213061332703
0.6699742674827576
0.7567471861839294
0.6803575158119202
0.7105262279510498
0.7227075695991516
0.2774560749530792
0.8130237460136414
0.25120556354522705
0.3870008587837219
0.9877022504806519
0.49576079845428467
0.5596590042114258
0.1353168934583664
0.23671825230121613
0.37621739506721497
0.5952261090278625
0.059928152710199356
0.839114785194397
0.34501945972442627
0.21819928288459778
0.5121507048606873
0.22776338458061218
0.18408532440662384
0.8515052199363708
0.2241281419992447
0.3611755669116974
0.9550203680992126
0.3149307668209076
0.5727783441543579
0.5104921460151672
0.7764371037483215
0.5555109977722168
0.8008244037628174
0.42402616143226624
0.4318426847457886
0.05513579770922661
0.7988925576210022
0.7752481698989868
0.30025312304496765
0.9290557503700256
0.3202076852321625
0.04980677366256714
0.8163812160491943
0.8723798394203186
0.6422427892684937
0.14227958023548126
0.18280762434005737
0.5998423099517822
0.6336501240730286
0.9320415258407593
0.07133617252111435
0.6974241733551025
0.05262598767876625
0.9397830367088318
0.6161562204360962
0.5576649308204651
0.9873735904693604
0.7614368200302124
0.26072993874549866
0.8139204382896423
0.9620550870895386
0.40562671422958374
0.274052232503891
0.14662666618824005
0.3163728713989258
0.1951664239168167
0.5996230244636536
0.87117600440979
0.029300926253199577
0.6441258788108826
0.8964508771896362
0.5495184659957886
0.9609678387641907
0.35518622398376465
0.35597559809684753
0.45232057571411133
0.06413611024618149
0.7845878005027771
0.5092228651046753
0.911509096622467
0.7489362359046936
0.48461487889289856
0.8339311480522156
0.9598183035850525
0.6991369724273682
0.033441055566072464
0.16653265058994293
0.14706994593143463
0.5769101977348328
0.5940945148468018
0.8258980512619019
0.4207722842693329
0.8607867956161499
0.2327701449394226
0.38571104407310486
0.881936252117157
0.9232292175292969
0.5410457253456116
0.21144568920135498
0.5976129770278931
0.7675683498382568
0.9753719568252563
0.23615069687366486
0.7294008135795593
0.8525016903877258
0.520564079284668
0.3681180775165558
0.007319892756640911
0.17240434885025024
0.3761749267578125
0.06594036519527435
0.926091194152832
0.6406311392784119
0.42566582560539246
0.46004700660705566
0.30466580390930176
0.009594310075044632
0.07128190994262695
0.5604915022850037
0.9302445650100708
0.5018453001976013
0.11467182636260986
0.7543573975563049
0.3311237096786499
0.6649587750434875
0.6584492921829224
0.21701590716838837
0.8585909008979797
0.46938246488571167
0.28410986065864563
0.7409058213233948
0.5746280550956726
0.7204368114471436
0.07183539122343063
0.9532595276832581
0.840032160282135
0.9089648127555847
0.7115947008132935
0.60526043176651
0.7757715582847595
0.5107414722442627
0.3973647952079773
0.661451518535614
0.15342457592487335
0.11226537823677063
0.10367215424776077
0.8249301314353943
0.7406345009803772
0.5970243811607361
0.029172010719776154
0.44342756271362305
0.7117717266082764
0.742113471031189
0.15440966188907623
0.09260083734989166
0.05606774613261223
0.79444420337677
0.8373034000396729
0.4519423246383667
0.3034013509750366
0.5903134346008301
0.4210488498210907
0.459102600812912
0.33364808559417725
0.5093453526496887
0.8106601238250732
0.8067434430122375
0.0003680959634948522
0.7253121137619019
0.8496572971343994
0.7615141868591309
0.9349599480628967
0.10869979858398438
0.16245491802692413
0.11481157690286636
0.9852373003959656
0.08662716299295425
0.1859973520040512
0.684826135635376
0.4569755792617798
0.5906825661659241
0.08267305046319962
0.8908436894416809
0.2638377249240875
0.9100828170776367
0.5213923454284668
0.9260522723197937
0.6787950992584229
0.21707570552825928
0.27714189887046814
0.30400359630584717
0.6083311438560486
0.4401370882987976
0.40901827812194824
0.09664497524499893
0.9434806108474731
0.6277166604995728
0.1460847705602646
0.6188862323760986
0.24662715196609497
0.13241484761238098
0.5288378596305847
0.865263819694519
0.695371150970459
0.941920280456543
0.40936940908432007
0.721083402633667
0.6928021907806396
0.755317747592926
0.225741446018219
0.46350860595703125
0.7813950777053833
0.7215372323989868
0.45813772082328796
0.8144261837005615
0.6809590458869934
0.4888989329338074
0.6122885942459106
0.12821698188781738
0.4717569053173065
0.40762484073638916
0.9517018795013428
0.37601667642593384
0.44776344299316406
0.4824545979499817
0.11217546463012695
0.03338273614645004
0.17336271703243256
0.1280485987663269
0.6027596592903137
0.3598618507385254
0.36985835433006287
0.6241903305053711
0.03778401017189026
0.6655384302139282
0.13241349160671234
0.42322173714637756
0.18977923691272736
0.9982632398605347
0.08487837761640549
0.5652955174446106
0.8092120289802551
0.6075484752655029
0.10642624646425247
0.14005360007286072
0.4828651249408722
0.17928574979305267
0.5759124755859375
0.5466480255126953
0.758579671382904
0.29305094480514526
0.3538048267364502
0.5947605967521667
0.48240551352500916
0.8519818186759949
0.6046639084815979
0.8409183621406555
0.9974673390388489
0.5053281188011169
0.0789482370018959
0.01608147658407688
0.6412354707717896
0.39902693033218384
0.6468539237976074
0.6291684508323669
0.31027424335479736
0.27386996150016785
0.0005870067980140448
0.4232829809188843
0.4345441460609436
0.4676631987094879
0.7235175371170044
0.857394278049469
0.46130919456481934
0.153924360871315
0.9033530354499817
0.5700252056121826
0.4302792251110077
0.05299902334809303
0.44396036863327026
0.07849273830652237
0.45731914043426514
0.9616548418998718
0.8563700914382935
0.3329579532146454
0.9559619426727295
0.35711047053337097
0.8504371643066406
0.5970383286476135
0.8612382411956787
0.6125059723854065
0.126143679022789
0.7090650200843811
0.6598713994026184
0.12899570167064667
0.8584299683570862
0.3879234194755554
0.2255561500787735
0.09200357645750046
0.886026918888092
0.06473863124847412
0.6550859808921814
0.7102882862091064
0.42091259360313416
0.21874065697193146
0.9310398697853088
0.12198908627033234
0.5056894421577454
0.2928832769393921
0.9492334127426147
0.6271222829818726
0.6716484427452087
0.13429999351501465
0.5012298226356506
0.9892938137054443
0.4561447501182556
0.21028129756450653
0.7154386043548584
0.9997639060020447
0.6807971000671387
0.2418067306280136
0.6584637761116028
0.4760628044605255
0.34173592925071716
0.6175758242607117
0.39859265089035034
0.732923686504364
0.8037829399108887
0.7056097388267517
0.2483401745557785
0.35873162746429443
0.9264181852340698
0.5022038221359253
0.6446946263313293
0.02814282849431038
0.8676137924194336
0.7437483668327332
0.7424516677856445
0.010112747550010681
0.6230209469795227
0.8426843881607056
0.9075510501861572
0.5243256688117981
0.7044028639793396
0.3286469876766205
0.5769830942153931
0.05163684859871864
0.4272470474243164
0.5581380724906921
0.3059372901916504
0.756513774394989
0.8513842821121216
0.31807881593704224
0.45666974782943726
0.5073925256729126
0.3165826201438904
0.5951886177062988
0.09699543565511703
0.46568945050239563
0.7746990919113159
0.011146998032927513
0.9574856162071228
0.23056016862392426
0.3123655617237091
0.8506683707237244
0.924494206905365
0.03694959357380867
0.2602223753929138
0.13766705989837646
0.5357715487480164
0.6932919025421143
0.8393368124961853
0.10419856011867523
0.2437412291765213
0.993850827217102
0.7982804179191589
0.7473689317703247
0.0353606641292572
0.7666270136833191
0.10646793991327286
0.5690655708312988
0.04510660842061043
0.18946680426597595
0.5756774544715881
0.5598414540290833
0.29820436239242554
0.4457959234714508
0.730358898639679
0.028290415182709694
0.24527370929718018
0.22049018740653992
0.8420019149780273
0.15647132694721222
0.7669934034347534
0.3193385601043701
0.19912099838256836
0.909072756767273
0.982181191444397
0.09366968274116516
0.8109573721885681
0.5538763403892517
0.3290197253227234
0.7671236395835876
0.5636162161827087
0.7705894708633423
0.7800295352935791
0.19238649308681488
0.5235536694526672
0.4407762289047241
0.0804213136434555
0.7437022924423218
0.20201194286346436
0.13718613982200623
0.45272642374038696
0.2617087662220001
0.3981236517429352
0.37338510155677795
0.5420050621032715
0.41136109828948975
0.8043627738952637
0.37312862277030945
0.14970169961452484
0.16480198502540588
0.21375949680805206
0.052803970873355865
0.42973169684410095
0.2854529917240143
0.5435935258865356
0.048221830278635025
0.2884429693222046
0.27339664101600647
0.3331933915615082
0.31340262293815613
0.9483388066291809
0.7896557450294495
0.703211784362793
0.8855605125427246
0.7073564529418945
0.8886308073997498
0.9967363476753235
0.2563795745372772
0.07976964116096497
0.5434794425964355
0.3076890707015991
0.9587231874465942
0.48558637499809265
0.3969506323337555
0.5714282393455505
0.6579417586326599
0.23653069138526917
0.7424929738044739
0.08082374185323715
0.8456692099571228
0.09053736925125122
0.3853206932544708
0.829482913017273
0.5675979852676392
0.6297032237052917
0.18542495369911194
0.5828254222869873
0.47802498936653137
0.9733548164367676
0.004402221646159887
0.25832656025886536
0.1556820124387741
0.7806378602981567
0.44727540016174316
0.7882737517356873
0.6237892508506775
0.7408135533332825
0.04205644130706787
0.26979321241378784
0.16395798325538635
0.7151365280151367
0.6270104646682739
0.8049663305282593
0.7999008297920227
0.8072128295898438
0.37012696266174316
0.32737764716148376
0.7716872692108154
0.22125260531902313
0.08900833129882812
0.4366236925125122
0.2851179540157318
0.9722354412078857
0.15181925892829895
0.29829955101013184
0.5038803815841675
0.6334347724914551
0.9720204472541809
0.26236578822135925
0.17216867208480835
0.3094053268432617
0.8722162842750549
0.45716261863708496
0.7065615057945251
0.11311673372983932
0.6561543345451355
0.1715487390756607
0.059817615896463394
0.4672427475452423
0.43806734681129456
0.4967134892940521
0.5513266921043396
0.22004637122154236
0.349645733833313
0.9296023845672607
0.5950271487236023
0.9646303057670593
0.6655895113945007
0.5630427598953247
0.054748356342315674
0.41111046075820923
0.7802738547325134
0.23314672708511353
0.48462939262390137
0.0539550706744194
0.9191141128540039
0.29899320006370544
0.08452317118644714
0.9986704587936401
0.7465134263038635
0.6110849976539612
0.05097970739006996
0.541383683681488
0.4911993443965912
0.39795318245887756
0.5460561513900757
0.2849549651145935
0.14753727614879608
0.061199724674224854
0.5237289071083069
0.9912765026092529
0.22792255878448486
0.8373949527740479
0.34775781631469727
0.06297902017831802
0.7058231234550476
0.1902312934398651
0.5386782288551331
0.37583908438682556
0.7632290720939636
0.9097242951393127
0.5814979672431946
0.2303832620382309
0.6336002349853516
0.013422099873423576
0.15271660685539246
0.721027135848999
0.8544116020202637
0.5347086191177368
0.07924798876047134
0.10921236872673035
0.14630746841430664
0.9938538074493408
0.40823110938072205
0.671273946762085
0.6629277467727661
0.40859898924827576
0.17055392265319824
0.8209102153778076
0.9673484563827515
0.7133312821388245
0.7082407474517822
0.9361980557441711
0.7371547818183899
0.6337432861328125
0.06827837228775024
0.1187414675951004
0.37533271312713623
0.49725401401519775
0.18210092186927795
0.4689696729183197
0.8181165456771851
0.9722378849983215
0.438664048910141
0.1063244566321373
0.9750745296478271
0.5435925722122192
0.3446861207485199
0.20038744807243347
0.497327595949173
0.6370901465415955
0.9385382533073425
0.7221916317939758
0.9143091440200806
0.6347135305404663
0.5662674307823181
0.7010676860809326
0.7029512524604797
0.1043359786272049
0.46050959825515747
0.30778130888938904
0.12324339151382446
0.7297296524047852
0.16813528537750244
0.9170042872428894
0.7232753038406372
0.35653215646743774
0.12222190201282501
0.8873158097267151
0.14533482491970062
0.5462802052497864
0.27837270498275757
0.35627830028533936
0.6748225092887878
0.8025678992271423
0.5608527064323425
0.4046594500541687
0.3582293391227722
0.1753583401441574
0.6341392993927002
0.34702566266059875
0.8986046314239502
0.36598652601242065
0.5562276840209961
0.5740014910697937
0.6634182929992676
0.5857349634170532
0.7295966744422913
0.5837803483009338
0.059677526354789734
0.022641586139798164
0.9704617857933044
0.12914396822452545
0.3183291256427765
0.25043433904647827
0.12967713177204132
0.6108402609825134
0.4075104892253876
0.9363935589790344
0.9821908473968506
0.20082777738571167
0.7224858403205872
0.9138029217720032
0.9159242510795593
0.3660956919193268
0.49963560700416565
0.5816624760627747
0.6977248191833496
0.119176484644413
0.9932672381401062
0.9967119693756104
0.1351892501115799
0.28777015209198
0.6062074899673462
0.2651940584182739
0.4129847586154938
0.6784578561782837
0.1515221744775772
0.2368837594985962
0.7392208576202393
0.6367396116256714
0.12163756787776947
0.8105551600456238
0.6729021072387695
0.03627815097570419
0.15606971085071564
0.8553014397621155
0.7890871167182922
0.9704683423042297
0.6636147499084473
0.5763581991195679
0.68696528673172
0.9114218950271606
0.012417340651154518
0.707965075969696
0.4676614999771118
0.8692825436592102
0.9415646195411682
0.25546666979789734
0.7974134683609009
0.2638051211833954
0.41908499598503113
0.6222072839736938
0.5160521268844604
0.9599282741546631
0.00283063855022192
0.9881393909454346
0.8876911997795105
0.07511574774980545
0.5156800746917725
0.9894041419029236
0.19728310406208038
0.689022421836853
0.27887770533561707
0.5712489485740662
0.8826766610145569
0.5408750772476196
0.6886497139930725
0.46073710918426514
0.8466671705245972
0.8571014404296875
0.9071842432022095
0.6848331093788147
0.4809819459915161
0.06437661498785019
0.6603463292121887
0.8958421945571899
0.3095649480819702
0.09155593067407608
0.8328300714492798
0.49099114537239075
0.6059167385101318
0.686966598033905
0.04092876985669136
0.7933787703514099
0.28245753049850464
0.5405188202857971
0.20775306224822998
0.1850282996892929
0.10105440020561218
0.7584871053695679
0.053492967039346695
0.4206116497516632
0.5704218149185181
0.938583493232727
0.9028744101524353
0.26801201701164246
0.09481331706047058
0.27418869733810425
0.39248016476631165
0.5035719275474548
0.07908578217029572
0.9045690894126892
0.27120712399482727
0.8086879849433899
0.9788209795951843
0.9328635334968567
0.43301236629486084
0.16218098998069763
0.2547857165336609
0.6938415169715881
0.5287772417068481
0.02042985148727894
0.08201441913843155
0.7634975910186768
0.7473092079162598
0.4921983778476715
0.3664300739765167
0.9857576489448547
0.5334743857383728
0.6385373473167419
0.6680378913879395
0.9281624555587769
0.8520272374153137
0.5235282182693481
0.6909548044204712
0.6054835319519043
0.6818318963050842
0.4522911012172699
0.5535447597503662
0.9217910170555115
0.6351330876350403
0.8294001221656799
0.3279997706413269
0.9780681133270264
0.9506595730781555
0.7856512665748596
0.3848264217376709
0.8131949305534363
0.9146738648414612
0.8211131691932678
0.6765881776809692
0.5221853852272034
0.10795857757329941
0.5602524876594543
0.40743738412857056
0.1701158732175827
0.19775235652923584
0.8303490877151489
0.7583206295967102
0.4490032494068146
0.8644202947616577
0.6512414216995239
0.25378596782684326
0.07901696115732193
0.8977545499801636
0.23703722655773163
0.8362859487533569
0.5412718057632446
0.044380877166986465
0.759168803691864
0.2601105868816376
0.25319892168045044
0.8809335231781006
0.049533355981111526
0.3831658661365509
0.7964419722557068
0.8399946093559265
0.9568754434585571
0.10322535037994385
0.9967370629310608
0.4205147922039032
0.6847543120384216
0.03320925310254097
0.02714414894580841
0.6975032687187195
0.7389988303184509
0.34456586837768555
0.9696805477142334
0.24561931192874908
0.18827776610851288
0.8192745447158813
0.2045302838087082
0.18063554167747498
0.5214619040489197
0.0006561269983649254
0.5927148461341858
0.05582752823829651
0.8708459734916687
0.3432128429412842
0.6656550765037537
0.9055908918380737
0.9813697338104248
0.6634625196456909
0.4167499542236328
0.051305513828992844
0.39777711033821106
0.5340027213096619
0.27967238426208496
0.9019182920455933
0.39054006338119507
0.8413575887680054
0.9941209554672241
0.24625928699970245
0.2719510793685913
0.971146285533905
0.7318384647369385
0.6629589200019836
0.04330221936106682
0.8663560152053833
0.8723832964897156
0.5237473249435425
0.0895434319972992
0.43092668056488037
0.3835195302963257
0.010453211143612862
0.045346155762672424
0.871082067489624
0.881310224533081
0.4657926857471466
0.003698640735819936
0.1397998332977295
0.4522736966609955
0.8122876882553101
0.8568266034126282
0.19763782620429993
0.9007816314697266
0.8229668736457825
0.5578660368919373
0.13883469998836517
0.10459250956773758
0.6544421315193176
0.9626490473747253
0.6837720274925232
0.1075935810804367
0.4425646662712097
0.8175997734069824
0.7631257772445679
0.19730941951274872
0.8331683874130249
0.539924681186676
0.21268333494663239
0.5785166621208191
0.9188684225082397
0.7564970254898071
0.4826139211654663
0.5017159581184387
0.03006478026509285
0.27279606461524963
0.4829440116882324
0.9580278396606445
0.522552490234375
0.9190050959587097
0.48325082659721375
0.6855830550193787
0.8111435174942017
0.929238498210907
0.5773748159408569
0.811693549156189
0.9475225210189819
0.38422858715057373
0.9035971164703369
0.6360458135604858
0.9486967921257019
0.16379386186599731
0.48775577545166016
0.6005920171737671
0.03316311538219452
0.6288414001464844
0.5228127241134644
0.6155022978782654
0.706308901309967
0.7982558012008667
0.037610601633787155
0.8285254240036011
0.8190922737121582
0.965670108795166
0.07137454301118851
0.36562108993530273
0.6382956504821777
0.4646342992782593
0.3502277433872223
0.7783089876174927
0.6712530255317688
0.45591065287590027
0.9427638053894043
0.4275236427783966
0.39672648906707764
0.2876237630844116
0.8475829362869263
0.21300539374351501
0.253329336643219
0.8660461902618408
0.002717534778639674
0.33256465196609497
0.38595935702323914
0.3176414668560028
0.11126486212015152
0.4132203161716461
0.8702278137207031
0.44278305768966675
0.05649211257696152
0.4447271525859833
0.21948860585689545
0.10890290886163712
0.8773964643478394
0.39780744910240173
0.7338880300521851
0.7400673627853394
0.0878867581486702
0.8905655741691589
0.6515933275222778
0.843530535697937
0.3466596007347107
0.5972715616226196
0.16335855424404144
0.9707293510437012
0.21900226175785065
0.1975042223930359
0.26317429542541504
0.1660401076078415
0.7425936460494995
0.7304757833480835
0.2549433410167694
0.43489211797714233
0.8901010751724243
0.8120216131210327
0.0916973203420639
0.31798863410949707
0.7322583198547363
0.7010292410850525
0.18402661383152008
0.8309816718101501
0.4315738081932068
0.6111875176429749
0.01691422052681446
0.07328109443187714
0.031454019248485565
0.20333975553512573
0.0901341363787651
0.038620155304670334
0.9043838381767273
0.30785199999809265
0.03444405645132065
0.24249272048473358
0.32787519693374634
0.3231256902217865
0.09243228286504745
0.8126856684684753
0.7390890717506409
0.5600060820579529
0.5157487392425537
0.7390269637107849
0.5206705927848816
0.7698056697845459
0.2891255021095276
0.019967077299952507
0.7238255739212036
0.7241297960281372
0.4014112949371338
0.30437690019607544
0.45588546991348267
0.9193359613418579
0.7468270659446716
0.2791217565536499
0.45027032494544983
0.5805586576461792
0.985369861125946
0.5168628096580505
0.0902174785733223
0.9770093560218811
0.5090382099151611
0.8923354148864746
0.8976898193359375
0.4229653477668762
0.5486976504325867
0.3746105432510376
0.6429457664489746
0.8141956925392151
0.7536426186561584
0.11819363385438919
0.6330881714820862
0.7937158346176147
0.7794663906097412
0.831579864025116
0.05398206785321236
0.8560487627983093
0.09521560370922089
0.8573776483535767
0.30993354320526123
0.6003521680831909
0.11654023081064224
0.946154773235321
0.1347157508134842
0.8808301687240601
0.1622852087020874
0.12240755558013916
0.9980559349060059
0.4653288424015045
0.10729663074016571
0.9111434817314148
0.689103364944458
0.12473437190055847
0.23048506677150726
0.6223303079605103
0.8622245192527771
0.828465461730957
0.024000829085707664
0.8959575891494751
0.40151241421699524
0.4885816276073456
0.6245859861373901
0.028925074264407158
0.4259395897388458
0.20529699325561523
0.8222675919532776
0.6413951516151428
0.6464083194732666
0.1087113469839096
0.8830222487449646
0.36214908957481384
0.6177434921264648
0.41605299711227417
0.5468427538871765
0.8033272624015808
0.2111683189868927
0.8597240447998047
0.43502211570739746
0.5408477783203125
0.4957771897315979
0.271160751581192
0.8122398853302002
0.059555165469646454
0.4311469495296478
0.7052743434906006
0.3066566586494446
0.12345603853464127
0.49983587861061096
0.052389781922101974
0.24324804544448853
0.31654995679855347
0.5955206155776978
0.11101596802473068
0.46412789821624756
0.9160263538360596
0.7952043414115906
0.10156308859586716
0.025686567649245262
0.4569985568523407
0.22710435092449188
0.5944024920463562
0.2198769897222519
0.15555867552757263
0.8017094135284424
0.4202260673046112
0.8982015252113342
0.47204867005348206
0.16310296952724457
0.18271340429782867
0.03821753337979317
0.48290392756462097
0.6671796441078186
0.4452272653579712
0.5873478651046753
0.40880298614501953
0.879865288734436
0.051594123244285583
0.45087194442749023
0.41977766156196594
0.9138939380645752
0.7475430965423584
0.41710662841796875
0.37100204825401306
0.23960232734680176
0.22091737389564514
0.404262900352478
0.859540581703186
0.19087815284729004
0.6637470722198486
0.062478967010974884
0.9513732194900513
0.28688326478004456
0.7408386468887329
0.9206435084342957
0.39386436343193054
0.02670818194746971
0.6975631713867188
0.11441183090209961
0.06624580174684525
0.9375525712966919
0.8483603000640869
0.47359734773635864
0.5152803063392639
0.26900702714920044
0.09997972100973129
0.364637553691864
0.6425549387931824
0.57550048828125
0.8815909028053284
0.632239043712616
0.8402543663978577
0.4094836413860321
0.8063070178031921
0.3851427137851715
0.41166171431541443
0.8589223027229309
0.2400212585926056
0.014992245472967625
0.6196872591972351
0.37548312544822693
0.668229341506958
0.5238710641860962
0.8682465553283691
0.2824114263057709
0.838584840297699
0.5510550737380981
0.16329237818717957
0.3055668771266937
0.8936331868171692
0.22474318742752075
0.02325197495520115
0.00481520127505064
0.8941329717636108
0.17379969358444214
0.04850967973470688
0.9380851984024048
0.9142241477966309
0.3069019615650177
0.9567537903785706
0.6167036294937134
0.38111039996147156
0.8334612250328064
0.9742830991744995
0.5026940703392029
0.026515720412135124
0.5353885889053345
0.5205457210540771
0.39780065417289734
0.5784385204315186
0.6872708797454834
0.7315161824226379
0.3662128746509552
0.43365180492401123
0.3025745451450348
0.1539299190044403
0.140409454703331
0.9313599467277527
0.08173416554927826
0.3215126097202301
0.6774092316627502
0.08675719052553177
0.09047803282737732
0.6805014610290527
0.6202945113182068
0.8108830451965332
0.6166834831237793
0.5015204548835754
0.848467230796814
0.3399805426597595
0.4439147412776947
0.6983391046524048
0.2530750334262848
0.22629474103450775
0.950083315372467
0.5318551063537598
0.5475339293479919
0.06414660066366196
0.9462018609046936
0.7081261277198792
0.8151340484619141
0.7999969720840454
0.27648261189460754
0.05895379185676575
0.1097055971622467
0.9044479727745056
0.6562991738319397
0.010190996341407299
0.7643520832061768
0.2652636468410492
0.014594358392059803
0.9895598888397217
0.9912994503974915
0.30716779828071594
0.7581434845924377
0.5319939851760864
0.6204177141189575
0.5836477279663086
0.084579698741436
0.8970293998718262
0.5995073318481445
0.9197198152542114
0.9430738687515259
0.35035422444343567
0.8555004000663757
0.3712608218193054
0.7875645756721497
0.8046801090240479
0.15772771835327148
0.8097206354141235
0.4055311679840088
0.1409292370080948
0.4329868257045746
0.4903327524662018
0.24097101390361786
0.8232537508010864
0.26297882199287415
0.8207362294197083
0.6335251927375793
0.48931437730789185
0.4796701669692993
0.4583665728569031
0.754352867603302
0.6530636548995972
0.07869278639554977
0.4790210425853729
0.27251747250556946
0.5406614542007446
0.9276212453842163
0.6980037093162537
0.5414540767669678
0.5223304629325867
0.7248865365982056
0.2264346182346344
0.8051437139511108
0.8565154671669006
0.39462921023368835
0.34506067633628845
0.5501870512962341
0.40437623858451843
0.8089438676834106
0.8718284964561462
0.47275540232658386
0.13789017498493195
0.8521215319633484
0.6934936046600342
0.1613018810749054
0.4416351020336151
0.7451170086860657
0.1414424031972885
0.471892386674881
0.15397363901138306
0.3604617416858673
0.6195564866065979
0.218242809176445
0.12071627378463745
0.49290207028388977
0.14523549377918243
0.6438425183296204
0.08813704550266266
0.029478317126631737
0.5884731411933899
0.5820385813713074
0.7936807870864868
0.8486011624336243
0.3303152322769165
0.4509681165218353
0.208614781498909
0.981770932674408
0.07578500360250473
0.3472156822681427
0.6438313126564026
0.5035879611968994
0.0924476906657219
0.3798145055770874
0.7486793398857117
0.8312546610832214
0.06236329302191734
0.0914478451013565
0.7127014994621277
0.508748471736908
0.8317151665687561
0.7500274777412415
0.7611017227172852
0.9878371953964233
0.41872379183769226
0.9703472852706909
0.06199203431606293
0.7107274532318115
0.5501466393470764
0.23934154212474823
0.15648604929447174
0.1303720921278
0.02335602231323719
0.1804986596107483
0.7743387818336487
0.6696021556854248
0.6784244775772095
0.8410858511924744
0.9623270630836487
0.06394204497337341
0.10881399363279343
0.7238585948944092
0.612723708152771
0.08873684704303741
0.7578924894332886
0.20107237994670868
0.3238653242588043
0.966183066368103
0.35523098707199097
0.4915752112865448
0.436434268951416
0.8247001767158508
0.4080727994441986
0.014274938963353634
0.15338444709777832
0.036383651196956635
0.8911000490188599
0.8105753660202026
0.0041732932440936565
0.26554256677627563
0.6911370158195496
0.4762354791164398
0.3179643750190735
0.4458608329296112
0.39644864201545715
0.6014223694801331
0.7828543186187744
0.8231037855148315
0.9411798715591431
0.9817498922348022
0.03137718886137009
0.04515128955245018
0.8368169665336609
0.08096059411764145
0.9555336236953735
0.8153140544891357
0.5184848308563232
0.5286598205566406
0.2954142987728119
0.6879231333732605
0.7309508323669434
0.84510338306427
0.9931805729866028
0.09968295693397522
0.48886215686798096
0.3526577055454254
0.7339844703674316
0.4679943919181824
0.12317107617855072
0.8073748350143433
0.366451233625412
0.465886652469635
0.4315149486064911
0.1997571438550949
0.8804455995559692
0.3389429450035095
0.6870580911636353
0.309548020362854
0.47891905903816223
0.16094067692756653
0.25830721855163574
0.8484687805175781
0.8045172095298767
0.829108715057373
0.9882307052612305
0.35342177748680115
0.9231009483337402
0.9306990504264832
0.43282565474510193
0.468934029340744
0.3656778633594513
0.12829092144966125
0.1457231342792511
0.5621275305747986
0.9724441170692444
0.3020646572113037
0.8073365688323975
0.5710797309875488
0.007747359573841095
0.17718447744846344
0.37845325469970703
0.7442682385444641
0.0912705808877945
0.638136625289917
0.5386828184127808
0.48754534125328064
0.31798574328422546
0.7648995518684387
0.3384960889816284
0.5582810044288635
0.523500919342041
0.19794981181621552
0.5699144601821899
0.4569030702114105
0.26438915729522705
0.20512531697750092
0.15680567920207977
0.5633847117424011
0.8218770623207092
0.23276342451572418
0.7642025947570801
0.8250425457954407
0.18633784353733063
0.8324919939041138
0.8443556427955627
0.4215880334377289
0.37365153431892395
0.9336323142051697
0.18400384485721588
0.6137157678604126
0.2891678512096405
0.14881423115730286
0.534401535987854
0.7121140360832214
0.5711325407028198
0.01568717136979103
0.8140218257904053
0.993314802646637
0.7461206316947937
0.42050591111183167
0.1505245566368103
0.14642329514026642
0.29139411449432373
0.4348548948764801
0.8128204345703125
0.5471181869506836
0.9311700463294983
0.6202870011329651
0.9044955372810364
0.795302152633667
0.1297747939825058
0.2253999263048172
0.09638926386833191
0.39790961146354675
0.17242175340652466
0.9562101364135742
0.08529587835073471
0.025071974843740463
0.7577236890792847
0.062081292271614075
0.9059094190597534
0.6537551283836365
0.9709190130233765
0.9322203397750854
0.6676830053329468
0.9898735284805298
0.12212077528238297
0.8374866247177124
0.2844643294811249
0.567061185836792
0.9254562854766846
0.874610185623169
0.9831488728523254
0.6132098436355591
0.6038793921470642
0.8013211488723755
0.2753243148326874
0.5790359377861023
0.2514318525791168
0.24618127942085266
0.20606684684753418
0.3337252736091614
0.893250584602356
0.565158486366272
0.5529602766036987
0.887535810470581
0.1534828543663025
0.3571615517139435
0.6407045722007751
0.4249418079853058
0.7684465050697327
0.5543486475944519
0.6986584663391113
0.47562527656555176
0.9236233830451965
0.8611389994621277
0.4915183186531067
0.4050034284591675
0.8677871823310852
0.9104223251342773
0.1877172887325287
0.15388168394565582
0.4495411813259125
0.5893474817276001
0.4918169677257538
0.9534900784492493
0.5351890921592712
0.11964190751314163
0.7826794385910034
0.33741575479507446
0.6976860165596008
0.6631727814674377
0.6872845888137817
0.8531354069709778
0.9248104691505432
0.5860633850097656
0.8219025135040283
0.9559561014175415
0.748121976852417
0.6534784436225891
0.23784495890140533
0.033306051045656204
0.9158994555473328
0.14145223796367645
0.3390926718711853
0.1276845633983612
0.9810234308242798
0.20713935792446136
0.24946095049381256
0.2681429386138916
0.03232014179229736
0.7910704612731934
0.8898776769638062
0.09007177501916885
0.351680725812912
0.21186937391757965
0.9663368463516235
0.7782153487205505
0.3635973334312439
0.643274188041687
0.7222250699996948
0.5936805605888367
0.7867291569709778
0.2731260061264038
0.4489843547344208
0.7432305216789246
0.07860661298036575
0.9996181726455688
0.6010311245918274
0.41020119190216064
0.19559670984745026
0.13969624042510986
0.6879164576530457
0.6736722588539124
0.2087835967540741
0.6909428834915161
0.4899377226829529
0.647556722164154
0.9325686097145081
0.6761085391044617
0.635197639465332
0.39813295006752014
0.8441914916038513
0.7164221405982971
0.24098742008209229
0.7190868854522705
0.7796047329902649
0.9543680548667908
0.6951353549957275
0.40326711535453796
0.5513760447502136
0.6058095693588257
0.1334696114063263
0.564128041267395
0.3139359951019287
0.5226945281028748
0.07872436940670013
0.24521923065185547
0.08479220420122147
0.19660870730876923
0.317971408367157
0.9331464767456055
0.10715071111917496
0.8352732062339783
0.7899457216262817
0.8836314678192139
0.8855565786361694
0.10269756615161896
0.06705793738365173
0.8852527141571045
0.8413532376289368
0.6005682349205017
0.46682268381118774
0.40343427658081055
0.7421919107437134
0.3116326332092285
0.9277839064598083
0.9810167551040649
0.6486333012580872
0.06593291461467743
0.7627395987510681
0.911575198173523
0.18209880590438843
0.16945312917232513
0.07522398978471756
0.027408186346292496
0.8765486478805542
0.5957408547401428
0.3584723472595215
0.436197429895401
0.8292281031608582
0.018521880730986595
0.3503326177597046
0.43004310131073
0.6432405710220337
0.8304997086524963
0.9083105325698853
0.9612805247306824
0.22890067100524902
0.14523686468601227
0.526707112789154
0.16794414818286896
0.42860645055770874
0.908527672290802
0.053719718009233475
0.6976999640464783
0.2809208035469055
0.2789691090583801
0.2739925682544708
0.8946831226348877
0.903132975101471
0.9523147940635681
0.4704446494579315
0.9597814679145813
0.4539726674556732
0.007437408436089754
0.34275075793266296
0.43175435066223145
0.48436054587364197
0.22498349845409393
0.3585432171821594
0.6679984331130981
0.8025645613670349
0.02062336914241314
0.6972602605819702
0.642374575138092
0.24237766861915588
0.6063162088394165
0.9498687386512756
0.5132826566696167
0.7564938068389893
0.7544203400611877
0.7860602140426636
0.7166056632995605
0.35038572549819946
0.26206570863723755
0.4348975718021393
0.3733922839164734
0.19581405818462372
0.25017252564430237
0.9875752925872803
0.48043572902679443
0.019628502428531647
0.27667033672332764
0.9758466482162476
0.40634530782699585
0.8692718148231506
0.6522859930992126
0.5856750011444092
0.24948468804359436
0.7054793238639832
0.9791890978813171
0.14474402368068695
0.17418529093265533
0.2604565918445587
0.6189203262329102
0.11659785360097885
0.4595474898815155
0.11120706051588058
0.9754632711410522
0.0466235876083374
0.8570766448974609
0.09846684336662292
0.4854988157749176
0.39080896973609924
0.7534822821617126
0.588365375995636
0.9255403280258179
0.04990601912140846
0.3724859952926636
0.8484387993812561
0.998940646648407
0.9163908958435059
0.7793665528297424
0.17216014862060547
0.5093891620635986
0.7736127376556396
0.8301438689231873
0.6863307356834412
0.33229103684425354
0.12997010350227356
0.07519834488630295
0.4889751374721527
0.2035849392414093
0.6653949022293091
0.4245559275150299
0.3534213900566101
0.5445247292518616
0.21791495382785797
0.43641942739486694
0.9047354459762573
0.364128977060318
0.5352208018302917
0.5347250699996948
0.6428298950195312
0.9820523262023926
0.06777380406856537
0.4904221296310425
0.5412691831588745
0.6878650784492493
0.33117035031318665
0.8771607279777527
0.4714709222316742
0.7107557058334351
0.10302221029996872
0.03160940110683441
0.29609614610671997
0.6684619188308716
0.6771014928817749
0.9178945422172546
0.6979156732559204
0.0807708352804184
0.8143629431724548
0.09906156361103058
0.419609397649765
0.9761189222335815
0.03490999713540077
0.5836045145988464
0.5545306205749512
0.9140313863754272
0.6317552328109741
0.29505041241645813
0.22117282450199127
0.8727877140045166
0.23065562546253204
0.588859498500824
0.3754394054412842
0.7368165254592896
0.2903643250465393
0.20759133994579315
0.046849511563777924
0.1879846155643463
0.13764092326164246
0.3017982840538025
0.1911713033914566
0.5496727228164673
0.046904776245355606
0.9742525219917297
0.5379683971405029
0.17388641834259033
0.8243752717971802
0.07339011877775192
0.36347696185112
0.53300541639328
0.6570280194282532
0.4713909924030304
0.3721325099468231
0.294904887676239
0.3793592154979706
0.11091737449169159
0.5622856616973877
0.38221457600593567
0.27625003457069397
0.44713732600212097
0.7211014628410339
0.9781784415245056
0.9991695284843445
0.6117843985557556
0.7326915264129639
0.7815180420875549
0.47466620802879333
0.40974417328834534
0.5433730483055115
0.27853870391845703
0.785602331161499
0.7225731611251831
0.30972403287887573
0.2594760060310364
0.7563005089759827
0.2920568287372589
0.6876402497291565
0.6973757147789001
0.06338398158550262
0.36092737317085266
0.22558024525642395
0.9134430885314941
0.20668140053749084
0.3745135962963104
0.04521770402789116
0.3571252226829529
0.13753284513950348
0.7351259589195251
0.45500484108924866
0.5967978835105896
0.03865449130535126
0.379078209400177
0.9980388283729553
0.5148217082023621
0.9086964726448059
0.961566150188446
0.20963674783706665
0.694006085395813
0.11355338245630264
0.12908287346363068
0.537408709526062
0.9756479859352112
0.588161289691925
0.7235415577888489
0.7399773001670837
0.8939629197120667
0.8519905805587769
0.3462899923324585
0.04685096815228462
0.2846243977546692
0.4406527578830719
0.7315645217895508
0.3495737314224243
0.398189902305603
0.6859381794929504
0.5280789136886597
0.4064885377883911
0.4642552435398102
0.8139344453811646
0.07116217911243439
0.29902398586273193
0.8594776391983032
0.747793436050415
0.5623496174812317
0.8741339445114136
0.5469306707382202
0.040670882910490036
0.3537919521331787
0.38127124309539795
0.05504460632801056
0.5632651448249817
0.309953510761261
0.6828369498252869
0.7713185548782349
0.21523119509220123
0.6104058027267456
0.5280079245567322
0.3812640309333801
0.30974993109703064
0.8003103733062744
0.557508647441864
0.44243288040161133
0.5320513844490051
0.12176880240440369
0.260409951210022
0.4822838306427002
0.5253291130065918
0.8370976448059082
0.2911983132362366
0.16332674026489258
0.24325112998485565
0.9445981979370117
0.329811155796051
0.02063070796430111
0.6419987082481384
0.28757444024086
0.5975337028503418
0.6257677674293518
0.9388662576675415
0.880702793598175
0.9402631521224976
0.2672255337238312
0.5793654322624207
0.9234266877174377
0.948168158531189
0.33249741792678833
0.54673832654953
0.6588281393051147
0.539579451084137
0.6049678921699524
0.9621217846870422
0.635347306728363
0.47684675455093384
0.9168522953987122
0.3789224326610565
0.8883456587791443
0.28510749340057373
0.7439780235290527
0.13986626267433167
0.236090749502182
0.18572475016117096
0.2965608239173889
0.9003266096115112
0.17811383306980133
0.975489616394043
0.19561250507831573
0.3650205135345459
0.4046168625354767
0.6981907486915588
0.22780853509902954
0.4433233141899109
0.8002422451972961
0.8028972148895264
0.20546290278434753
0.9301459193229675
0.6183944344520569
0.8377667665481567
0.1948184072971344
0.8285251259803772
0.05233832821249962
0.11982318758964539
0.7328094840049744
0.9100462794303894
0.012752382084727287
0.7049857974052429
0.8744080066680908
0.038976941257715225
0.15041294693946838
0.7629191279411316
0.9212974905967712
0.847876250743866
0.768821120262146
0.4407498836517334
0.08916737884283066
0.5336441993713379
0.12361844629049301
0.9973458051681519
0.7506769299507141
0.5213693380355835
0.5653210878372192
0.5754117369651794
0.9136926531791687
0.9096188545227051
0.6732280254364014
0.8737448453903198
0.38689348101615906
0.5264466404914856
0.919460117816925
0.6584162712097168
0.7021169662475586
0.32897287607192993
0.05679211765527725
0.9028798937797546
0.3176385164260864
0.12776370346546173
0.5639694333076477
0.933334231376648
0.520882248878479
0.8669548034667969
0.2473282516002655
0.17586137354373932
0.11406392604112625
0.3810734450817108
0.1982591301202774
0.5858681201934814
0.041166771203279495
0.21449387073516846
0.117800772190094
0.736544132232666
0.9970821142196655
0.31772875785827637
0.3589867353439331
0.1550665944814682
0.5694550275802612
0.520700991153717
0.3440876305103302
0.6620583534240723
0.7229668498039246
0.745874285697937
0.3197422921657562
0.12602372467517853
0.09721063077449799
0.9049057960510254
0.7539293766021729
0.3220880627632141
0.8561916947364807
0.08091478794813156
0.3897757828235626
0.9136496782302856
0.3460617661476135
0.5437823534011841
0.6869103908538818
0.23304018378257751
0.5141927599906921
0.1395050585269928
0.7218214869499207
0.15607179701328278
0.3367484211921692
0.20348703861236572
0.24728275835514069
0.49344176054000854
0.29176121950149536
0.09898155927658081
0.5566685199737549
0.18032865226268768
0.16047260165214539
0.43426087498664856
1.9342593077453785e-05
0.34368887543678284
0.7045999765396118
0.23885014653205872
0.9626368880271912
0.79018634557724
0.27494487166404724
0.8239908218383789
0.8460387587547302
0.6777557134628296
0.08874785900115967
0.9533857703208923
0.9220263361930847
0.744871973991394
0.6295492053031921
0.21866419911384583
0.9353378415107727
0.45024293661117554
0.019635921344161034
0.34625211358070374
0.8342486023902893
0.8437818884849548
0.48187100887298584
0.7381364703178406
0.06472869217395782
0.5253609418869019
0.17997735738754272
0.20082229375839233
0.5356214642524719
0.7341662645339966
0.9096412658691406
0.9979621767997742
0.31961748003959656
0.866380512714386
0.283916175365448
0.3347356617450714
0.15772981941699982
0.8307756185531616
0.19407442212104797
0.8845483064651489
0.12518157064914703
0.30939868092536926
0.7246615290641785
0.793295681476593
0.6659635901451111
0.09554455429315567
0.7698224186897278
0.46202772855758667
0.6159547567367554
0.1965356320142746
0.6395192742347717
0.0192230474203825
0.2566707730293274
0.23776960372924805
0.6124838590621948
0.42772504687309265
0.9322628378868103
0.9056003093719482
0.684812068939209
0.8544057011604309
0.40169137716293335
0.4000515043735504
0.24160437285900116
0.7429434061050415
0.86493319272995
0.2968222200870514
0.28491896390914917
0.7756067514419556
0.6672548651695251
0.12420149147510529
0.21207664906978607
0.5013023614883423
0.32516443729400635
0.023334532976150513
0.7838988900184631
0.6737474203109741
0.5850114226341248
0.6765221953392029
0.22831785678863525
0.15791812539100647
0.8774651885032654
0.4578324258327484
0.545783519744873
0.42399322986602783
0.1347292959690094
0.06080464646220207
0.6939478516578674
0.1284928321838379
0.11390775442123413
0.3449678122997284
0.06302430480718613
0.6093472838401794
0.4556922912597656
0.6912665963172913
0.637412428855896
0.19323574006557465
0.7993603944778442
0.504182755947113
0.8535952568054199
0.10532428324222565
0.19077101349830627
0.017343562096357346
0.647282063961029
0.29909640550613403
0.8061376214027405
0.2988177537918091
0.1153174489736557
0.29073968529701233
0.33145371079444885
0.8928085565567017
0.4079173505306244
0.46163269877433777
0.5346257090568542
0.3389507532119751
0.745924174785614
0.8406739830970764
0.3114899694919586
0.44637712836265564
0.32151538133621216
0.9483186602592468
0.0915733352303505
0.3954828083515167
0.4094463586807251
0.6486819386482239
0.0734817311167717
0.798812985420227
0.9320554137229919
0.5194290280342102
0.566629946231842
0.38927194476127625
0.1473771035671234
0.6856634616851807
0.7241461277008057
0.06932402402162552
0.04453346133232117
0.9969640970230103
0.47033625841140747
0.5648943781852722
0.27691128849983215
0.4814904034137726
0.6302162408828735
0.4621095061302185
0.23679392039775848
0.16042989492416382
0.31805211305618286
0.6521819233894348
0.8107654452323914
0.984758198261261
0.6691371202468872
0.831317126750946
0.9386587738990784
0.6886739730834961
0.5643792152404785
0.4552685022354126
0.23565687239170074
0.8238560557365417
0.7195131778717041
0.3149092197418213
0.4922159016132355
0.34201833605766296
0.41116073727607727
0.9963125586509705
0.06026812642812729
0.42883628606796265
0.13253016769886017
0.24440154433250427
0.2574436068534851
0.7050371170043945
0.3193633258342743
0.3765673339366913
0.43061262369155884
0.10959917306900024
0.16819722950458527
0.3037450611591339
0.19862675666809082
0.36263445019721985
0.5683847069740295
0.34662553668022156
0.022207826375961304
0.7751990556716919
0.8287305235862732
0.017976565286517143
0.7840108275413513
0.9987525343894958
0.7338129281997681
0.28320226073265076
0.6670277714729309
0.030241522938013077
0.5719744563102722
0.3178389072418213
0.24311301112174988
0.9232265949249268
0.1551407128572464
0.5291630029678345
0.5215638279914856
0.7603663802146912
0.7545140981674194
0.8018631339073181
0.6643049716949463
0.8440598249435425
0.9794125556945801
0.787372350692749
0.10825706273317337
0.7965022921562195
0.3182321786880493
0.8233027458190918
0.8246935606002808
0.4238365590572357
0.8534584641456604
0.8771928548812866
0.04467114806175232
0.7176942229270935
0.6421604752540588
0.3972635269165039
0.7747863531112671
0.2005763053894043
0.7750405669212341
0.3080517649650574
0.13318420946598053
0.48181968927383423
0.48331350088119507
0.301922082901001
0.8417806625366211
0.08604620397090912
0.5646955966949463
0.4499572217464447
0.42999356985092163
0.12537720799446106
0.0702214315533638
0.2168319821357727
0.7785026431083679
0.4908852279186249
0.5333594083786011
0.9932119250297546
0.6061485409736633
0.5192224383354187
0.9339413642883301
0.02538122795522213
0.9163898825645447
0.46982061862945557
0.19707836210727692
0.8514005541801453
0.23885822296142578
0.5009808540344238
0.5064699053764343
0.41968995332717896
0.6502286791801453
0.8739277124404907
0.3614444136619568
0.9825828075408936
0.8489612340927124
0.5833738446235657
0.6851001381874084
0.3518007695674896
0.1263577789068222
0.011369030922651291
0.31847622990608215
0.8806121349334717
0.9583460092544556
0.8641529083251953
0.7879596948623657
0.8955914378166199
0.06670720130205154
0.8452053666114807
0.1708575338125229
0.5730338096618652
0.18940311670303345
0.023494834080338478
0.6587675213813782
0.544517993927002
0.5625522136688232
0.3589046597480774
0.940767765045166
0.5958727598190308
0.6385257840156555
0.21488171815872192
0.4888126850128174
0.2874492108821869
0.18095135688781738
0.5180549025535583
0.8591189980506897
0.7900328040122986
0.0016333976527675986
0.21935483813285828
0.27834460139274597
0.33148789405822754
0.3628644049167633
0.7809334397315979
0.9338133335113525
0.7091522812843323
0.4166797399520874
0.3366495668888092
0.3962481617927551
0.5719496011734009
0.10253942757844925
0.7783457636833191
0.4563754200935364
0.033539071679115295
0.636568546295166
0.01775461435317993
0.15435276925563812
0.39460641145706177
0.9373642206192017
0.5366334319114685
0.7014060020446777
0.3889910578727722
0.17987413704395294
0.4118236005306244
0.06956552714109421
0.47273343801498413
0.9030153155326843
0.08005410432815552
0.4770932197570801
0.5916604995727539
0.752297043800354
0.35132232308387756
0.6002604365348816
0.07359195500612259
0.5869134664535522
0.4587658941745758
0.43015921115875244
0.9289674758911133
0.9469887018203735
0.41486379504203796
0.8187109231948853
0.5150017142295837
0.125305637717247
0.11816447973251343
0.005650459788739681
0.48742425441741943
0.046062078326940536
0.28287941217422485
0.11947433650493622
0.842791736125946
0.32301050424575806
0.9993270039558411
0.8307189345359802
0.4796687364578247
0.7877209186553955
0.12989626824855804
0.49961715936660767
0.28637853264808655
0.5401191115379333
0.5052881240844727
0.4521194398403168
0.4463430941104889
0.630861222743988
0.643373429775238
0.08212821930646896
0.028874464333057404
0.7407737970352173
0.7369377017021179
0.5499797463417053
0.8576869368553162
0.6758280396461487
0.09205074608325958
0.28398558497428894
0.8370599150657654
0.2768133580684662
0.7101020812988281
0.7605060338973999
0.630435585975647
0.3120684027671814
0.9763908982276917
0.43848270177841187
0.05734208598732948
0.2961130142211914
0.9964609146118164
0.27763527631759644
0.2559731602668762
0.36141854524612427
0.4438439607620239
0.591672420501709
0.8621354103088379
0.9207291603088379
0.16463980078697205
0.37863481044769287
0.03794308006763458
0.8206664323806763
0.005834935232996941
0.7057749032974243
0.6710678339004517
0.30899325013160706
0.9254190921783447
0.12413997948169708
0.8675568103790283
0.9212679862976074
0.307328462600708
0.9701372385025024
0.6318415403366089
0.3297980725765228
0.9364181160926819
0.8665862679481506
0.06293993443250656
0.8614681959152222
0.4551623463630676
0.8691743612289429
0.28760766983032227
0.021938258782029152
0.8690612316131592
0.5200133919715881
0.7123696804046631
0.27530455589294434
0.7566921710968018
0.6244972944259644
0.7173704504966736
0.8570703864097595
0.9708790183067322
0.6873300075531006
0.8852866888046265
0.8425591588020325
0.41037848591804504
0.5108906030654907
0.44344618916511536
0.6045809388160706
0.24905335903167725
0.13876017928123474
0.4077198803424835
0.3587143123149872
0.08514662086963654
0.5020564198493958
0.04911118745803833
0.27161213755607605
0.1475009173154831
0.9347748756408691
0.6851932406425476
0.8112887740135193
0.01766073890030384
0.09695445746183395
0.3297429084777832
0.30019721388816833
0.6223539710044861
0.8862687945365906
0.5801957249641418
0.4676298499107361
0.5079701542854309
0.24221524596214294
0.44387054443359375
0.22626513242721558
0.8548343181610107
0.3493744134902954
0.8237409591674805
0.11751312017440796
0.5172702074050903
0.5756374597549438
0.4887779951095581
0.05363220348954201
0.0604732371866703
0.6205764412879944
0.11947641521692276
0.8910501003265381
0.24612773954868317
0.979997992515564
0.2970912754535675
0.24708454310894012
0.9077380895614624
0.7513407468795776
0.2642504870891571
0.9393014311790466
0.8447492718696594
0.3312188684940338
0.3138402998447418
0.17670001089572906
0.11063092201948166
0.13592366874217987
0.4220398962497711
0.7341646552085876
0.4754556715488434
0.33985409140586853
0.8189524412155151
0.08614424616098404
0.6138662099838257
0.8964781165122986
0.9203551411628723
0.7358742356300354
0.9516263008117676
0.9080720543861389
0.8095317482948303
0.5982155203819275
0.45784232020378113
0.4260743260383606
0.8744880557060242
0.7911354899406433
0.48170992732048035
0.2229137271642685
0.04775213450193405
0.9210270047187805
0.5460565686225891
0.1556576043367386
0.3171561360359192
0.19150160253047943
0.26229068636894226
0.13766632974147797
0.9672688841819763
0.03070061095058918
0.3606146275997162
0.9225465655326843
0.2022799849510193
0.07104655355215073
0.9903160333633423
0.6005907654762268
0.08814507722854614
0.3751693367958069
0.9422651529312134
0.5950605273246765
0.37623441219329834
0.2510603070259094
0.8083282709121704
0.11306636035442352
0.17962303757667542
0.13755054771900177
0.21807871758937836
0.6029171943664551
0.555487871170044
0.45497897267341614
0.007988188415765762
0.36080339550971985
0.7749005556106567
0.44097837805747986
0.734196126461029
0.1015302911400795
0.7317785620689392
0.7379651069641113
0.5979391932487488
0.7073367834091187
0.18685773015022278
0.6809878945350647
0.6018602848052979
0.21403561532497406
0.008956274017691612
0.013073544017970562
0.1554463654756546
0.6324654221534729
0.4844649136066437
0.6235763430595398
0.9805129170417786
0.42440494894981384
0.6981462836265564
0.1502837985754013
0.873772919178009
0.629848301410675
0.23796619474887848
0.3129814565181732
0.6378042101860046
0.8864821195602417
0.7054968476295471
0.8426856398582458
0.6660208106040955
0.15234461426734924
0.9843928813934326
0.6655452251434326
0.6277292966842651
0.06917327642440796
0.661349356174469
0.6806636452674866
0.6712402105331421
0.7791075706481934
0.3931138217449188
0.055795494467020035
0.18614619970321655
0.31675103306770325
0.06490027904510498
0.6206303238868713
0.11605360358953476
0.04537119343876839
0.5514492988586426
0.31685930490493774
0.049019068479537964
0.7954389452934265
0.06770830601453781
0.4019242525100708
0.3032292425632477
0.31158074736595154
0.9010623693466187
0.8267835974693298
0.6672841310501099
0.04078718647360802
0.7385771870613098
0.10638647526502609
0.36660346388816833
0.45957812666893005
0.47893109917640686
0.33285534381866455
0.3566839098930359
0.10252580791711807
0.03145943209528923
0.08544658869504929
0.8258858323097229
0.31714800000190735
0.7219544649124146
0.7050615549087524
0.6260983943939209
0.5008257627487183
0.40981853008270264
0.3144184947013855
0.16723793745040894
0.8336583375930786
0.5067645907402039
0.47191867232322693
0.07940490543842316
0.6621672511100769
0.4701476991176605
0.7371599078178406
0.5338314771652222
0.5897860527038574
0.5898433327674866
0.7242305278778076
0.9898937940597534
0.334559828042984
0.8915917873382568
0.6203412413597107
0.21818360686302185
0.07708843052387238
0.12671829760074615
0.9430902600288391
0.38433006405830383
0.07943245023488998
0.2743001878261566
0.4381355345249176
0.8343292474746704
0.17131201922893524
0.8731659650802612
0.2889964282512665
0.5918329954147339
0.8293617963790894
0.44908830523490906
0.28655949234962463
0.0354442372918129
0.6704128384590149
0.8743073344230652
0.7274982333183289
0.2610488533973694
0.5920276641845703
0.44772547483444214
0.3987269103527069
0.1256195306777954
0.1995101124048233
0.6725234389305115
0.4697572886943817
0.06544186174869537
0.7616033554077148
0.6980479955673218
0.8241487145423889
0.14748448133468628
0.31994888186454773
0.4546912610530853
0.6582815647125244
0.39215970039367676
0.6516945958137512
0.6356795430183411
0.3390137851238251
0.16764500737190247
0.5932633876800537
0.4779687821865082
0.4342251121997833
0.3012635111808777
0.25224965810775757
0.8342975974082947
0.48300230503082275
0.5541363954544067
0.7978331446647644
0.049411971122026443
0.4658331274986267
0.15901145339012146
0.04343360289931297
0.48082277178764343
0.8537217974662781
0.6525545716285706
0.9447718858718872
0.8561327457427979
0.09818258136510849
0.8083565831184387
0.47150373458862305
0.21074554324150085
0.11002946645021439
0.6856921315193176
0.4501304626464844
0.4578629434108734
0.9670225381851196
0.18686218559741974
0.4195953607559204
0.5570411682128906
0.9384418725967407
0.12463577836751938
0.6125935912132263
0.19457589089870453
0.65013587474823
0.2991785407066345
0.8075189590454102
0.848757266998291
0.6290063261985779
0.4099825322628021
0.5722641348838806
0.7959709167480469
0.7459518909454346
0.9315797686576843
0.05179539695382118
0.670518696308136
0.10080642998218536
0.6846922039985657
0.19286024570465088
0.9810375571250916
0.39212459325790405
0.38416919112205505
0.42673516273498535
0.8644482493400574
0.9566038250923157
0.2294921725988388
0.0028714612126350403
0.8635375499725342
0.880014955997467
0.5358936786651611
0.754181444644928
0.2905905544757843
0.7772774696350098
0.5411483645439148
0.4517337679862976
0.4387640655040741
0.5341768264770508
0.2728540003299713
0.6248771548271179
0.28739964962005615
0.6037972569465637
0.07456835359334946
0.6823734045028687
0.2139822393655777
0.9804276823997498
0.11383560299873352
0.0001835229923017323
0.8115628361701965
0.7423681020736694
0.7843970060348511
0.08810573816299438
0.9722585082054138
0.9073478579521179
0.283652663230896
0.48768433928489685
0.8734321594238281
0.6533908843994141
0.5345931649208069
0.37619736790657043
0.5577315092086792
0.10801838338375092
0.6394094228744507
0.045013923197984695
0.9453547596931458
0.42885905504226685
0.7922260165214539
0.5729075074195862
0.11200622469186783
0.8143231272697449
0.6453557014465332
0.530947208404541
0.7373750805854797
0.4914216697216034
0.4938909113407135
0.537724494934082
0.07965286821126938
0.7742441892623901
0.20571719110012054
0.3532172739505768
0.9595137238502502
0.9182683229446411
0.5598254203796387
0.9686050415039062
0.04096995294094086
0.560071587562561
0.8386631011962891
0.8248440623283386
0.06539645791053772
0.5149993300437927
0.703675389289856
0.05394519120454788
0.8921358585357666
0.36066168546676636
0.9567765593528748
0.6745446920394897
0.36069729924201965
0.5069481730461121
0.36062490940093994
0.16060873866081238
0.3657321035861969
0.142787903547287
0.7872863411903381
0.48065945506095886
0.34107592701911926
0.3284794092178345
0.4762214422225952
0.04161052778363228
0.5460073947906494
0.23780296742916107
0.45688000321388245
0.9961345195770264
0.835247278213501
0.9024039506912231
0.13806626200675964
0.8129075169563293
0.5699462890625
0.45867812633514404
0.9118301272392273
0.8375664949417114
0.3814786374568939
0.2527889609336853
0.4297741949558258
0.2484106719493866
0.4133780300617218
0.9992644190788269
0.8593149781227112
0.4619404971599579
0.7479137778282166
0.28254517912864685
0.23859159648418427
0.175650492310524
0.9066377878189087
0.6498700380325317
0.7063405513763428
0.92024165391922
0.4193152189254761
0.32005685567855835
0.8643689155578613
0.180488720536232
0.685288667678833
0.7496654391288757
0.931638240814209
0.9556886553764343
0.062143970280885696
0.28403979539871216
0.6323835849761963
0.2375877946615219
0.4000066816806793
0.5406475067138672
0.9509809017181396
0.8412629961967468
0.2379256635904312
0.15801693499088287
0.3351019024848938
0.5045169591903687
0.8603753447532654
0.1571061611175537
0.49588340520858765
0.2324279397726059
0.5916489362716675
0.04466167837381363
0.4054746925830841
0.20877045392990112
0.6350852251052856
0.010588077828288078
0.06171266362071037
0.845323383808136
0.6914147138595581
0.6514124274253845
0.6477097868919373
0.508944034576416
0.26086828112602234
0.4465126097202301
0.6371772289276123
0.4602447748184204
0.8333368897438049
0.7315398454666138
0.8697856068611145
0.022129254415631294
0.6474113464355469
0.774777889251709
0.34923774003982544
0.5328347086906433
0.7362592220306396
0.12408466637134552
0.7687041163444519
0.45348379015922546
0.9410155415534973
0.7839380502700806
0.3970661163330078
0.6497012972831726
0.8193252682685852
0.24200241267681122
0.9596502780914307
0.052541740238666534
0.0321778804063797
0.0922875851392746
0.6404070854187012
0.46958377957344055
0.8414157629013062
0.09532687813043594
0.1191827654838562
0.6377657651901245
0.25428643822669983
0.3316199779510498
0.550846517086029
0.7287274599075317
0.07836801558732986
0.5731432437896729
0.8617851138114929
0.008437849581241608
0.0005695184227079153
0.6306501626968384
0.3281119763851166
0.3183629810810089
0.5171478390693665
0.25085070729255676
0.7552838325500488
0.6606106162071228
0.39587175846099854
0.03817247226834297
0.6308626532554626
0.7762066125869751
0.5636863112449646
0.3068546652793884
0.5932459235191345
0.7493507266044617
0.991559624671936
0.6255596280097961
0.5948418974876404
0.26710212230682373
0.6320852041244507
0.32030394673347473
0.4848576486110687
0.577700138092041
0.48358869552612305
0.594438910484314
0.44481393694877625
0.03070746921002865
0.21223056316375732
0.5685712695121765
0.6984854340553284
0.2384626567363739
0.1165977492928505
0.28753066062927246
0.837655246257782
0.8895820379257202
0.6221659779548645
0.8723583817481995
0.9050114750862122
0.8270355463027954
0.34747010469436646
0.5585315823554993
0.0717933252453804
0.7808923125267029
0.12294456362724304
0.2190595269203186
0.5748748779296875
0.5173899531364441
0.3779335916042328
0.5007208585739136
0.17474974691867828
0.9018697142601013
0.26539018750190735
0.059711966663599014
0.6613080501556396
0.18607266247272491
0.39529427886009216
0.08198752254247665
0.6665135622024536
0.49711886048316956
0.31615719199180603
0.29042714834213257
0.8096721768379211
0.9287599921226501
0.994655191898346
0.7977141737937927
0.5468170642852783
0.7570327520370483
0.7563586831092834
0.3674601912498474
0.22957120835781097
0.6193670630455017
0.45886334776878357
0.1981867253780365
0.22921442985534668
0.43711307644844055
0.01244225911796093
0.23728162050247192
0.41510626673698425
0.17009210586547852
0.05002398043870926
0.604200005531311
0.529477059841156
0.101532943546772
0.6922138333320618
0.8617305159568787
0.7613747119903564
0.6248400807380676
0.9473737478256226
0.06082712858915329
0.03169672563672066
0.23035749793052673
0.7278500199317932
0.17223328351974487
0.057352736592292786
0.290216326713562
0.30902209877967834
0.8206014633178711
0.4708273410797119
0.17332340776920319
0.12295328080654144
0.7848702669143677
0.7812010645866394
0.6611713171005249
0.6269822716712952
0.6153185963630676
0.7717108130455017
0.3984018862247467
0.9034168124198914
0.9596394300460815
0.2731645405292511
0.7735173106193542
0.8573431372642517
0.6069918870925903
0.4734317362308502
0.9320987462997437
0.35592061281204224
0.9640063643455505
0.738678514957428
0.7361721396446228
0.2856523096561432
0.41999825835227966
0.12646333873271942
0.0520850345492363
0.852469801902771
0.7935731410980225
0.360816091299057
0.04621649533510208
0.47378772497177124
0.6534955501556396
0.564450204372406
0.20714186131954193
0.20343385636806488
0.9714267253875732
0.602769136428833
0.6739259362220764
0.5113869905471802
0.17885459959506989
0.043126240372657776
0.07029400020837784
0.9371832013130188
0.5517076849937439
0.9292922019958496
0.7772232890129089
0.9891550540924072
0.5929707884788513
0.9739156365394592
0.9131289124488831
0.13756871223449707
0.9999813437461853
0.024152452126145363
0.3957643508911133
0.5266312956809998
0.2863227427005768
0.5472622513771057
0.677191436290741
0.8913249373435974
0.5576198697090149
0.0033380405511707067
0.6005670428276062
0.35605496168136597
0.23990748822689056
0.42528244853019714
0.9369910955429077
0.11868879199028015
0.21916188299655914
0.1031327173113823
0.974418580532074
0.2539755403995514
0.5320510864257812
0.6800436973571777
0.3047572374343872
0.037526484578847885
0.824519693851471
0.5096705555915833
0.3292894661426544
0.41567355394363403
0.39848217368125916
0.4646998643875122
0.08692952990531921
0.29059234261512756
0.9217581748962402
0.10918159782886505
0.5880270004272461
0.9625034332275391
0.2683281898498535
0.6672324538230896
0.5308091640472412
0.4896840751171112
0.7719090580940247
0.17291605472564697
0.30039146542549133
0.41339606046676636
0.928022563457489
0.8727163672447205
0.12026963382959366
0.31523093581199646
0.4042902886867523
0.2515512704849243
0.8458202481269836
0.41360682249069214
0.04507635906338692
0.11628494411706924
0.25982916355133057
0.27167293429374695
0.6916680932044983
0.8490773439407349
0.41074565052986145
0.2491173893213272
0.4335467517375946
0.08771055191755295
0.4644613564014435
0.6036964058876038
0.9540190696716309
0.9683982133865356
0.02693835087120533
0.33729588985443115
0.720682680606842
0.17485035955905914
0.6124424338340759
0.8448647260665894
0.7485246658325195
0.9932093024253845
0.917149007320404
0.11621647328138351
0.8879196047782898
0.1720641851425171
0.2800159752368927
0.01179842185229063
0.4558779299259186
0.6802295446395874
0.6538114547729492
0.35310617089271545
0.06627708673477173
0.4049884080886841
0.44199880957603455
0.5534383654594421
0.27788808941841125
0.5000513195991516
0.20381376147270203
0.8764892816543579
0.3876533508300781
0.6970481872558594
0.2516803443431854
0.040045734494924545
0.04904722794890404
0.2445029765367508
0.9883933663368225
0.23381444811820984
0.17918241024017334
0.18288792669773102
0.6555600166320801
0.43904751539230347
0.6675190925598145
0.334403395652771
0.6543165445327759
0.3768908679485321
0.46422895789146423
0.7755963802337646
0.18326625227928162
0.22946611046791077
0.2509920001029968
0.5260325074195862
0.014359243214130402
0.5323603749275208
0.7270974516868591
0.427093505859375
0.601588249206543
0.9125000834465027
0.9359608888626099
0.265153169631958
0.8328673243522644
0.009928023442626
0.732202410697937
0.7897555232048035
0.41608938574790955
0.28868746757507324
0.41275039315223694
0.36102744936943054
0.2597408890724182
0.4962444007396698
0.7272629737854004
0.5309368968009949
0.13020159304141998
0.15867330133914948
0.685793936252594
0.06437284499406815
0.27051082253456116
0.5623182654380798
0.8368175625801086
0.8173294067382812
0.7615490555763245
0.050250303000211716
0.9576483964920044
0.8007633686065674
0.5997308492660522
0.8611128926277161
0.8170527815818787
0.3864199221134186
0.23588167130947113
0.9223977327346802
0.7825096249580383
0.7614681124687195
0.36564019322395325
0.9241148829460144
0.7710910439491272
0.7192365527153015
0.734207808971405
0.6174635887145996
0.36940667033195496
0.11334770917892456
0.95899897813797
0.880836546421051
0.3027872145175934
0.19417957961559296
0.5109057426452637
0.4232032001018524
0.4908839464187622
0.6654014587402344
0.6995716691017151
0.5708197355270386
0.3223152458667755
0.2698201835155487
0.2167244851589203
0.27257710695266724
0.5333847999572754
0.7919899821281433
0.42654159665107727
0.8424415588378906
0.15930546820163727
0.9234316945075989
0.39706337451934814
0.0167822428047657
0.5127190351486206
0.2790602445602417
0.9716206192970276
0.13178925216197968
0.5263993144035339
0.07827956974506378
0.5585691332817078
0.18987467885017395
0.17067593336105347
0.7823840975761414
0.6134257316589355
0.11533848941326141
0.34963223338127136
0.4275011718273163
0.4858997166156769
0.9256839156150818
0.9855837225914001
0.2131071239709854
0.5957766175270081
0.9023628830909729
0.1016249805688858
0.8540594577789307
0.12626419961452484
0.5254575610160828
0.676149845123291
0.09267766028642654
0.7124455571174622
0.05529441684484482
0.7472963929176331
0.5640698075294495
0.6201089024543762
0.20196828246116638
0.07641834765672684
0.47154271602630615
0.49472102522850037
0.8704264163970947
0.33677056431770325
0.11882135272026062
0.9867553114891052
0.12942595779895782
0.9538387656211853
0.27880042791366577
0.9884558320045471
0.16778981685638428
0.3956325650215149
0.7316340804100037
0.12804628908634186
0.555290162563324
0.8988719582557678
0.5406940579414368
0.6280216574668884
0.6896122097969055
0.1482916623353958
0.11685993522405624
0.003215920180082321
0.683998167514801
0.15092988312244415
0.309993177652359
0.41243478655815125
0.6001685857772827
0.9254968166351318
0.694882869720459
0.1146898865699768
0.23151110112667084
0.08913547545671463
0.03351067751646042
0.6570631265640259
0.7251982688903809
0.050572626292705536
0.49897682666778564
0.9068645238876343
0.17470300197601318
0.42931947112083435
0.3766449987888336
0.14794492721557617
0.36193642020225525
0.21976451575756073
0.10923214256763458
0.04763107746839523
0.061856068670749664
0.916915237903595
0.9851818680763245
0.6632119417190552
0.5050511956214905
0.006622519809752703
0.34849587082862854
0.49859461188316345
0.2234446108341217
0.7468074560165405
0.8835126161575317
0.9302480220794678
0.8299642205238342
0.9982141256332397
0.2798409163951874
0.866997241973877
0.08919570595026016
0.8328679800033569
0.3601822257041931
0.5457780957221985
0.9024239182472229
0.8828294277191162
0.7798523902893066
0.7512838840484619
0.7700060606002808
0.595493733882904
0.8867924213409424
0.28753992915153503
0.6861336827278137
0.26698487997055054
0.8139394521713257
0.9527549743652344
0.34667715430259705
0.059758640825748444
0.6116687059402466
0.8205860257148743
0.1549297720193863
0.827034056186676
0.7918717861175537
0.622870147228241
0.6664181351661682
0.292012095451355
0.6085939407348633
0.4775390923023224
0.6693389415740967
0.25523698329925537
0.20339235663414001
0.3098565340042114
0.6715021729469299
0.8788440227508545
0.6276322603225708
0.044299885630607605
0.44226914644241333
0.002977923257276416
0.056564223021268845
0.30100682377815247
0.7663995623588562
0.8810325860977173
0.03189130872488022
0.6992000341415405
0.43390771746635437
0.8898171186447144
0.5952484607696533
0.7740532159805298
0.9597183465957642
0.43043452501296997
0.18033458292484283
0.04158220812678337
0.23478785157203674
0.21114306151866913
0.7725962400436401
0.29318684339523315
0.4943391978740692
0.3520371913909912
0.8887878060340881
0.524972140789032
0.6363454461097717
0.8781783580780029
0.7443146109580994
0.44453296065330505
0.8960292339324951
0.6896194219589233
0.4789896309375763
0.3867355287075043
0.031701646745204926
0.630536675453186
0.5984827280044556
0.1220337525010109
0.8891144394874573
0.6054267287254333
0.4039188325405121
0.0757683515548706
0.5221260786056519
0.45303836464881897
0.2052472084760666
0.3864121735095978
0.35440492630004883
0.5807205438613892
0.08286961913108826
0.15575256943702698
0.6845027804374695
0.4502430260181427
0.15224815905094147
0.5739618539810181
0.35315340757369995
0.8312410116195679
0.9718009829521179
0.6270995140075684
0.5687118768692017
0.5610277652740479
0.466743528842926
0.09287510812282562
0.488901823759079
0.10428642481565475
0.7179009318351746
0.9761790037155151
0.31903505325317383
0.6530119180679321
0.7177847027778625
0.4689694941043854
0.29875680804252625
0.31813493371009827
0.50296550989151
0.1149045079946518
0.3087746798992157
0.7696506977081299
0.6799473166465759
0.09897647798061371
0.03891032934188843
0.6206344962120056
0.3370683193206787
0.2213018238544464
0.2679899334907532
0.5823010206222534
0.5047659873962402
0.23173965513706207
0.2308187037706375
0.7278058528900146
0.15700580179691315
0.06075556203722954
0.23106223344802856
0.8482872247695923
0.4137909710407257
0.30926355719566345
0.8719757199287415
0.9985129833221436
0.08201218396425247
0.47403663396835327
0.9369263648986816
0.4742889404296875
0.5465603470802307
0.31678760051727295
0.9994516372680664
0.8837828636169434
0.33076736330986023
0.8398341536521912
0.3063742518424988
0.027135958895087242
0.3713871240615845
0.7843437790870667
0.5442993640899658
0.5426251292228699
0.8172873854637146
0.9860864281654358
0.5700048804283142
0.9394087791442871
0.2774997353553772
0.343008428812027
0.8763309121131897
0.1484302580356598
0.8493747115135193
0.9258426427841187
0.14207598567008972
0.7471029758453369
0.3675020933151245
0.6405282020568848
0.5341522693634033
0.32105857133865356
0.6259867548942566
0.5088818669319153
0.19681891798973083
0.8876695036888123
0.5473558902740479
0.753880500793457
0.7042178511619568
0.7353627681732178
0.36847245693206787
0.03839287534356117
0.30603450536727905
0.9633404016494751
0.12427452951669693
0.471136212348938
0.12867829203605652
0.29327142238616943
0.7361380457878113
0.26824191212654114
0.7568537592887878
0.3733556270599365
0.6332048177719116
0.9805970788002014
0.2822940945625305
0.9382073283195496
0.40529578924179077
0.11849424988031387
0.6649936437606812
0.668051540851593
0.78434157371521
0.520760715007782
0.6538669466972351
0.42182397842407227
0.16601146757602692
0.009562885388731956
0.16266797482967377
0.15375299751758575
0.7075180411338806
0.5488137006759644
0.9375849366188049
0.5075246095657349
0.8413727879524231
0.803153395652771
0.5248517394065857
0.3696117699146271
0.9929694533348083
0.6874648928642273
0.9259057641029358
0.9320115447044373
0.6000534296035767
0.39151620864868164
0.9181699752807617
0.41015592217445374
0.0326879657804966
0.5126136541366577
0.8369261622428894
0.4775877892971039
0.17357327044010162
0.3466570973396301
0.836574375629425
0.36684224009513855
0.16145505011081696
0.4780917167663574
0.7090040445327759
0.8614811897277832
0.8436198830604553
0.6304081082344055
0.4458281397819519
0.11545255035161972
0.5509496331214905
0.7344544529914856
0.8546320199966431
0.3340212106704712
0.9805620312690735
0.30196985602378845
0.056150030344724655
0.6706485152244568
0.20662295818328857
0.5176147818565369
0.9643117785453796
0.5660728812217712
0.8998854756355286
0.4509529173374176
0.3967527449131012
0.003934146370738745
0.48971739411354065
0.37035661935806274
0.5906983017921448
0.25002750754356384
0.7879390120506287
0.3513847589492798
0.9759676456451416
0.9369809627532959
0.2940644323825836
0.23173390328884125
0.7481539249420166
0.0888139083981514
0.03529888391494751
0.14797353744506836
0.16659285128116608
0.3551514148712158
0.3097522556781769
0.3305477499961853
0.7007898688316345
0.013723030686378479
0.2165033221244812
0.9715914726257324
0.4139361083507538
0.7813525199890137
0.10439299792051315
0.6899022459983826
0.9609820246696472
0.7324818968772888
0.3874296247959137
0.8140457272529602
0.3394877016544342
0.7107487916946411
0.5633238554000854
0.8706917762756348
0.9094589352607727
0.16144300997257233
0.9982360601425171
0.8573434352874756
0.33260971307754517
0.15206505358219147
0.3947385251522064
0.47713834047317505
0.14869971573352814
0.8787879347801208
0.027476413175463676
0.7084277868270874
0.3490278720855713
0.7382158041000366
0.45250654220581055
0.6844614744186401
0.6821722984313965
0.6588966846466064
0.6474336385726929
0.7301588654518127
0.9604421257972717
0.1124541386961937
0.5211427211761475
0.8462521433830261
0.10403244942426682
0.2619662284851074
0.08969268202781677
0.48260223865509033
0.4335031807422638
0.735645055770874
0.6665650606155396
0.19079351425170898
0.8323192596435547
0.11334792524576187
0.2971499562263489
0.6257756948471069
0.4222905933856964
0.947172224521637
0.5734040141105652
0.5596027374267578
0.4926443099975586
0.5717198848724365
0.17478346824645996
0.5450114011764526
0.2911638915538788
0.45274630188941956
0.6785452961921692
0.13275854289531708
0.876498281955719
0.6928032636642456
0.6691837906837463
0.6989158391952515
0.9081542491912842
0.2617224156856537
0.2942087948322296
0.7504315972328186
0.11981286853551865
0.46524086594581604
0.49455776810646057
0.39806267619132996
0.08599651604890823
0.7478866577148438
0.3054550886154175
0.5941850543022156
0.35818198323249817
0.6204519867897034
0.7349460124969482
0.736257791519165
0.6420779228210449
0.6672448515892029
0.36226382851600647
0.9884297251701355
0.9054499864578247
0.37692758440971375
0.8727556467056274
0.06886916607618332
0.24959295988082886
0.4190143346786499
0.9808164238929749
0.003991914447396994
0.7880668044090271
0.40066078305244446
0.9167731404304504
0.7761378884315491
0.7242985963821411
0.6502456068992615
0.5800721049308777
0.09814005345106125
0.6729720234870911
0.817249596118927
0.41635704040527344
0.20636549592018127
0.39190584421157837
0.8570432662963867
0.8353264331817627
0.6071666479110718
0.5632920861244202
0.20749667286872864
0.8192458152770996
0.9040249586105347
0.49682170152664185
0.6681191921234131
0.3130796551704407
0.5891841053962708
0.9070411324501038
0.6492564678192139
0.11485937982797623
0.5773283243179321
0.15090417861938477
0.393353670835495
0.9137629866600037
0.8934101462364197
0.6937775611877441
0.26612937450408936
0.9545390009880066
0.35285717248916626
0.4219610393047333
0.4545901119709015
0.0688662976026535
0.33769798278808594
0.6994572877883911
0.5632919073104858
0.4401068687438965
0.9344848394393921
0.5244393944740295
0.20319248735904694
0.3634704053401947
0.20664839446544647
0.7733036875724792
0.08210602402687073
0.4934656023979187
0.4433976411819458
0.34437668323516846
0.5382007956504822
0.5764409303665161
0.14099130034446716
0.676673948764801
0.9892763495445251
0.44410720467567444
0.5575494170188904
0.6770585179328918
0.570717453956604
0.6127834320068359
0.2764594256877899
0.23045888543128967
0.33377453684806824
0.2988668978214264
0.8111318349838257
0.8597260117530823
0.22198200225830078
0.9527164697647095
0.797607421875
0.31341975927352905
0.8189049959182739
0.3442845940589905
0.9341161847114563
0.4042668342590332
0.5706554055213928
0.8071954846382141
0.945162296295166
0.5618059635162354
0.1293424665927887
0.5063230395317078
0.37702926993370056
0.664338231086731
0.052200354635715485
0.8040643334388733
0.08525337278842926
0.4296222925186157
0.9714133739471436
0.24003706872463226
0.31678348779678345
0.27408114075660706
0.3753809630870819
0.5736503005027771
0.7758204936981201
0.6735647916793823
0.8283014893531799
0.10417172312736511
0.6910306215286255
0.14492541551589966
0.7268623113632202
0.0067775556817650795
0.23248152434825897
0.4658600091934204
0.8857014179229736
0.4347309470176697
0.21061718463897705
0.28468260169029236
0.0879184752702713
0.2200620472431183
0.18613602221012115
0.8458738923072815
0.0021478955168277025
0.8334541916847229
0.2276914417743683
0.04312476888298988
0.7878962755203247
0.3784419000148773
0.17806728184223175
0.14686985313892365
0.9654463529586792
0.03119521029293537
0.3555150032043457
0.698352575302124
0.812934398651123
0.09669356048107147
0.8146935105323792
0.7073056697845459
0.6078643202781677
0.12717556953430176
0.07177484780550003
0.1768370270729065
0.48020368814468384
0.038330234587192535
0.9153102040290833
0.6679282188415527
0.9128570556640625
0.8862414956092834
0.19572314620018005
0.04644227772951126
0.6421630382537842
0.4892793893814087
0.2391941100358963
0.15753620862960815
0.7639548182487488
0.9372435212135315
0.04848840460181236
0.7818973660469055
0.16592387855052948
0.3240170478820801
0.851810097694397
0.8353715538978577
0.213057279586792
0.6190667748451233
0.21646738052368164
0.571833610534668
0.32708773016929626
0.32986557483673096
0.6251514554023743
0.6258141398429871
0.7016676664352417
0.384091317653656
0.17345641553401947
0.6886264681816101
0.6652235984802246
0.9272236824035645
0.2307216227054596
0.2841579020023346
0.35759419202804565
0.4375053346157074
0.02662912756204605
0.6160537600517273
0.8493101000785828
0.8239768147468567
0.6219353675842285
0.7632381319999695
0.8929274082183838
0.29635101556777954
0.44712379574775696
0.07248187810182571
0.9576197266578674
0.958892285823822
0.47870197892189026
0.37633728981018066
0.30804014205932617
0.5914158821105957
0.7677674889564514
0.12485766410827637
0.1644352227449417
0.8533741235733032
0.9209885001182556
0.013085453771054745
0.5578663945198059
0.8196200728416443
0.41032013297080994
0.05023115500807762
0.5220209360122681
0.7267151474952698
0.051194753497838974
0.448861688375473
0.329459547996521
0.2798381745815277
0.3533516824245453
0.6016163229942322
0.7038506269454956
0.9268653392791748
0.1037166565656662
0.5745705366134644
0.11260858178138733
0.2342853546142578
0.6384514570236206
0.5264154076576233
0.3009929060935974
0.04560716822743416
0.5781440138816833
0.35933223366737366
0.5105664134025574
0.8670592308044434
0.3819149434566498
0.5615003108978271
0.7497177720069885
0.39478519558906555
0.3177635669708252
0.3858982026576996
0.5537576675415039
0.605746865272522
0.08735954016447067
0.16158296167850494
0.08501812070608139
0.20526891946792603
0.7939558625221252
0.045435868203639984
0.16543114185333252
0.1736111342906952
0.5882039666175842
0.28256988525390625
0.7050790190696716
0.6756047606468201
0.3141922950744629
0.28951072692871094
0.069256491959095
0.13395513594150543
0.24115248024463654
0.2635321021080017
0.3946107029914856
0.505903959274292
0.7175927758216858
0.7667831778526306
0.7931945323944092
0.9157372713088989
0.9233253598213196
0.5803191661834717
0.7182837128639221
0.8350074887275696
0.5533384680747986
0.6994150876998901
0.785801887512207
0.39782777428627014
0.49003341794013977
0.9837089776992798
0.616313099861145
0.5079803466796875
0.9801387190818787
0.07940877974033356
0.08291357755661011
0.25956565141677856
0.15062619745731354
0.04804636165499687
0.48981067538261414
0.8952507376670837
0.3560705780982971
0.15798747539520264
0.7943561673164368
0.4456462860107422
0.8516966104507446
0.15788555145263672
0.42070820927619934
0.43756094574928284
0.8106024265289307
0.39527633786201477
0.5905707478523254
0.9304364323616028
0.5975289344787598
0.07530362159013748
0.9912247061729431
0.4175947606563568
0.09137428551912308
0.05153418704867363
0.032393522560596466
0.3049907684326172
0.6836482286453247
0.4212721586227417
0.16697263717651367
0.47215399146080017
0.8439669013023376
0.019039103761315346
0.1685381829738617
0.057566430419683456
0.4096736013889313
0.4478185474872589
0.4031881093978882
0.2823646366596222
0.32628998160362244
0.9511724710464478
0.14238601922988892
0.3552616238594055
0.17475132644176483
0.3858422040939331
0.6784451603889465
0.6221655011177063
0.9916886687278748
0.755496084690094
0.3972923159599304
0.7366709113121033
0.5318114161491394
0.8217161893844604
0.7926434278488159
0.25849854946136475
0.8607897758483887
0.7256981730461121
0.808546781539917
0.391586035490036
0.8005439639091492
0.03351936489343643
0.19783562421798706
0.3042765259742737
0.43677201867103577
0.6849406957626343
0.8193249702453613
0.8675833344459534
0.03331911563873291
0.2281663864850998
0.7690308094024658
0.4081839919090271
0.2998117506504059
0.8701022863388062
0.5157793760299683
0.4035106897354126
0.7586976885795593
0.22961583733558655
0.6989995241165161
0.6130701899528503
0.2901441752910614
0.8620710968971252
0.33995887637138367
0.4139828085899353
0.024208007380366325
0.5115071535110474
0.7758194804191589
0.7311915159225464
0.23499839007854462
0.5508604049682617
0.07441394031047821
0.2613351047039032
0.8602149486541748
0.05648007616400719
0.6516858339309692
0.5719855427742004
0.3272053003311157
0.7727052569389343
0.4206836223602295
0.04258207976818085
0.639892578125
0.17953114211559296
0.6832008957862854
0.42263802886009216
0.9057888984680176
0.7842620611190796
0.07798422127962112
0.09680023044347763
0.09539925307035446
0.10620444267988205
0.7239311933517456
0.6023297309875488
0.20533137023448944
0.8223585486412048
0.6708651185035706
0.6029138565063477
0.4412413537502289
0.6807880401611328
0.3026729226112366
0.23442783951759338
0.6192142963409424
0.0046515497379004955
0.5622840523719788
0.17658643424510956
0.9832357168197632
0.7642548680305481
0.5254068970680237
0.20277553796768188
0.5311101675033569
0.4092607796192169
0.7182737588882446
0.8940123915672302
0.0872458666563034
0.32256436347961426
0.9904837012290955
0.16301289200782776
0.20580291748046875
0.6418932676315308
0.2588196098804474
0.8696456551551819
0.8756465315818787
0.5152637958526611
0.3765374422073364
0.9329079985618591
0.9024419188499451
0.777471661567688
0.6125850677490234
0.7834216356277466
0.6360222101211548
0.8494619727134705
0.3588906228542328
0.2023768126964569
0.9081708788871765
0.29957520961761475
0.3457275927066803
0.6179298162460327
0.2923828959465027
0.7968864440917969
0.1755012422800064
0.06161046400666237
0.20329903066158295
0.47280463576316833
0.7408491373062134
0.31763309240341187
0.08491200953722
0.7351884841918945
0.21441194415092468
0.9762601852416992
0.40199461579322815
0.8671708106994629
0.9146358966827393
0.7055650949478149
0.5133801102638245
0.1996854990720749
0.9649701118469238
0.33792799711227417
0.9466713666915894
0.06160686910152435
0.35287782549858093
0.11826509982347488
0.06200077384710312
0.6017284393310547
0.9255813956260681
0.42403221130371094
0.6822512149810791
0.9276090860366821
0.09241694957017899
0.2560144066810608
0.9076061248779297
0.8330371379852295
0.040815286338329315
0.5652283430099487
0.8867852687835693
0.822833240032196
0.7860434055328369
0.09292247146368027
0.7105065584182739
0.23476538062095642
0.8231305480003357
0.11176500469446182
0.31789836287498474
0.4118013381958008
0.9020845890045166
0.07156149297952652
0.9008173942565918
0.49021533131599426
0.47701340913772583
0.0505734421312809
0.3869609832763672
0.06810494512319565
0.9285629391670227
0.7314269542694092
0.5002233386039734
0.8778008222579956
0.19076907634735107
0.3110300600528717
0.34534910321235657
0.23690932989120483
0.8588631749153137
0.05614512413740158
0.2989165782928467
0.7689220905303955
0.4274829924106598
0.7179355621337891
0.23157669603824615
0.27947431802749634
0.006525853183120489
0.24953031539916992
0.42047318816185
0.7866419553756714
0.21870844066143036
0.462285578250885
0.2248215228319168
0.08635368198156357
0.573828399181366
0.050410836935043335
0.07869406044483185
0.733851432800293
0.47095850110054016
0.807629406452179
0.6351004838943481
0.7876676321029663
0.9390837550163269
0.700910210609436
0.4091777503490448
0.6364433169364929
0.30475255846977234
0.8639764189720154
0.24957337975502014
0.5170190930366516
0.8342349529266357
0.2983373701572418
0.6192436814308167
0.2800317108631134
0.9150757193565369
0.320082426071167
0.227552592754364
0.19625864923000336
0.9317625761032104
0.036483269184827805
0.10231397300958633
0.33663827180862427
0.46617770195007324
0.016701173037290573
0.005147184245288372
0.8293105959892273
0.7190158367156982
0.044042542576789856
0.10268799215555191
0.8756628632545471
0.629839301109314
0.4677870571613312
0.6313245892524719
0.7330889105796814
0.7230809926986694
0.7021531462669373
0.7168203592300415
0.8611109852790833
0.3641849756240845
0.7753782272338867
0.7514476776123047
0.6355865597724915
0.33569419384002686
0.7931922078132629
0.9891698360443115
0.24286971986293793
0.5668082237243652
0.2755705714225769
0.43623533844947815
0.13199937343597412
0.41882583498954773
0.7966136932373047
0.10714753717184067
0.9636749625205994
0.08854242414236069
0.6565178036689758
0.5897461175918579
0.9662206768989563
0.6336501836776733
0.9157889485359192
0.5066409707069397
0.020990798249840736
0.8241514563560486
0.3726337254047394
0.013357828371226788
0.10507819801568985
0.09981243312358856
0.07322235405445099
0.5073124170303345
0.7656266093254089
0.16688251495361328
0.6214226484298706
0.5825661420822144
0.11224130541086197
0.8824606537818909
0.36051657795906067
0.8001503944396973
0.12310664355754852
0.9779821038246155
0.38413500785827637
0.5456435680389404
0.4673275947570801
0.7931541204452515
0.06288405507802963
0.7149698138237
0.5980175733566284
0.7177383899688721
0.42277613282203674
0.22110982239246368
0.23469826579093933
0.8409105539321899
0.31211531162261963
0.519256591796875
0.6390318274497986
0.7542466521263123
0.4462217688560486
0.4300543963909149
0.580044686794281
0.37124645709991455
0.5261254906654358
0.9571545124053955
0.4944458305835724
0.427680641412735
0.43947046995162964
0.208427295088768
0.9920521378517151
0.13888859748840332
0.8751088976860046
0.1712745875120163
0.9781025648117065
0.7705698609352112
0.6662525534629822
0.8874678611755371
0.7915323376655579
0.7225480675697327
0.6201393008232117
0.18888522684574127
0.8109021186828613
0.03464094176888466
0.43906542658805847
0.2805156707763672
0.8799327611923218
0.4091724455356598
0.2883177399635315
0.8613346815109253
0.5418902039527893
0.18868562579154968
0.7271127700805664
0.04785874858498573
0.10739720612764359
0.08028730005025864
0.12375319749116898
0.8726415634155273
0.40189677476882935
0.6723235249519348
0.788097620010376
0.7996266484260559
0.1497548520565033
0.9294481873512268
0.6469996571540833
0.323129802942276
0.7885681390762329
0.06632526963949203
0.930452823638916
0.8070784211158752
0.15556402504444122
0.8364236354827881
0.6774579286575317
0.6649399399757385
0.6903539299964905
0.13127221167087555
0.15033406019210815
0.056437861174345016
0.814906895160675
0.019527779892086983
0.43002355098724365
0.9378039836883545
0.18460921943187714
0.5616244077682495
0.2415028065443039
0.40260589122772217
0.519657552242279
0.8251054286956787
0.8043636083602905
0.38714146614074707
0.9428049921989441
0.4587041139602661
0.935337483882904
0.7996158599853516
0.8088839054107666
0.9369569420814514
0.5424720644950867
0.248044952750206
0.2658606171607971
0.7639857530593872
0.48542600870132446
0.6300217509269714
0.42691224813461304
0.3448159694671631
0.8353302478790283
0.5490030646324158
0.14813090860843658
0.44405612349510193
0.994316041469574
0.6588473320007324
0.3706449866294861
0.6578985452651978
0.9435790181159973
0.15649224817752838
0.5312549471855164
0.23864610493183136
0.7903726100921631
0.6675437688827515
0.24002546072006226
0.7443482279777527
0.3911976218223572
0.35898399353027344
0.11176042258739471
0.5810320973396301
0.055056873708963394
0.17933009564876556
0.7958334684371948
0.36993440985679626
0.3497790992259979
0.9534284472465515
0.12730516493320465
0.09298718720674515
0.9219639301300049
0.6688937544822693
0.5808127522468567
0.1819034218788147
0.3668926954269409
0.7825306057929993
0.6849104166030884
0.8751567006111145
0.02536691166460514
0.3544656038284302
0.41457509994506836
0.9422508478164673
0.931261420249939
0.28510481119155884
0.7106954455375671
0.05172833800315857
0.47703230381011963
0.5659444332122803
0.7759833335876465
0.29003089666366577
0.026771320030093193
0.407549113035202
0.8147082328796387
0.3548230528831482
0.5457798838615417
0.8512043356895447
0.8370691537857056
0.2093072384595871
0.02222650870680809
0.028843075037002563
0.07400666922330856
0.6391311287879944
0.6635362505912781
0.04125269129872322
0.6664737462997437
0.21657845377922058
0.5420098304748535
0.5634214282035828
0.22557614743709564
0.9914366006851196
0.9031336307525635
0.1736302524805069
0.2771131694316864
0.06837314367294312
0.8236519694328308
0.7168005704879761
0.17173337936401367
0.5377172827720642
0.3251883089542389
0.2747647166252136
0.8386490941047668
0.41358083486557007
0.15535873174667358
0.5114819407463074
0.7498164772987366
0.37265488505363464
0.10823255032300949
0.07957006245851517
0.8091195225715637
0.89433753490448
0.12003687769174576
0.7166624069213867
0.7751474976539612
0.14465154707431793
0.6464594602584839
0.7198138236999512
0.7989461421966553
0.6769553422927856
0.1685645878314972
0.33148226141929626
0.8315746784210205
0.7915807962417603
0.06667478382587433
0.11481327563524246
0.7406536936759949
0.16643580794334412
0.8960180282592773
0.7057880163192749
0.6259353756904602
0.7825079560279846
0.6062734127044678
0.6954033374786377
0.3716428875923157
0.4118123948574066
0.5605598092079163
0.8916578888893127
0.9185885787010193
0.6938508152961731
0.21626748144626617
0.7564550638198853
0.4431375563144684
0.22233840823173523
0.43859055638313293
0.9667055010795593
0.9725085496902466
0.26666128635406494
0.6525612473487854
0.6269311904907227
0.7477250099182129
0.8054205775260925
0.4357239902019501
0.8044446110725403
0.565044105052948
0.9750529527664185
0.772427499294281
0.11145235598087311
0.22812899947166443
0.607519805431366
0.2834915518760681
0.7748081684112549
0.2247093766927719
0.8728867769241333
0.8546056151390076
0.8249577283859253
0.37128886580467224
0.9997285604476929
0.6632344126701355
0.5808878540992737
0.188015878200531
0.7553724646568298
0.34153151512145996
0.7329087853431702
0.22532643377780914
0.6997892260551453
0.007567731197923422
0.8219397664070129
0.9814119338989258
0.9082742929458618
0.5996190309524536
0.7306764721870422
0.07423926144838333
0.8694012761116028
0.20165777206420898
0.16993598639965057
0.07713940739631653
0.27729666233062744
0.44582003355026245
0.008524231612682343
0.29607367515563965
0.26673388481140137
0.35899555683135986
0.8210009932518005
0.14365223050117493
0.49224355816841125
0.15222765505313873
0.9645048379898071
0.7652493715286255
0.14933644235134125
0.975939154624939
0.7882886528968811
0.3885892927646637
0.8501794338226318
0.2523670792579651
0.6568830013275146
0.8232677578926086
0.9723501801490784
0.6260682940483093
0.5135519504547119
0.6370487809181213
0.2813723087310791
0.7122949361801147
0.4511844515800476
0.7210500240325928
0.6808672547340393
0.2639256715774536
0.6087538003921509
0.908440887928009
0.36276984214782715
0.38445815443992615
0.05081625655293465
0.24854221940040588
0.1564774066209793
0.6228954792022705
0.20497147738933563
0.29171544313430786
0.3390659987926483
0.5890454053878784
0.7871162295341492
0.33923670649528503
0.8619139194488525
0.6743807792663574
0.09952197968959808
0.5361963510513306
0.3794073462486267
0.034019798040390015
0.798072099685669
0.6539549827575684
0.3777432143688202
0.7051534652709961
0.6311082243919373
0.37655842304229736
0.5573464632034302
0.48205146193504333
0.18772369623184204
0.14183415472507477
0.7557471990585327
0.7095785737037659
0.253690242767334
0.531237006187439
0.9766955971717834
0.9735209941864014
0.9533708691596985
0.14301328361034393
0.63858962059021
0.5307286977767944
0.465768426656723
0.6440213322639465
0.541677713394165
0.757577121257782
0.2289063036441803
0.8026255369186401
0.7255802154541016
0.9522212147712708
0.44316616654396057
0.31253406405448914
0.10265154391527176
0.6683023571968079
0.36904671788215637
0.15976586937904358
0.42640671133995056
0.4113447368144989
0.2632185220718384
0.5373696088790894
0.6953796744346619
0.6966115832328796
0.29757940769195557
0.531843364238739
0.6279788613319397
0.38464218378067017
0.9510802626609802
0.29082876443862915
0.8338704705238342
0.9699317216873169
0.5456302762031555
0.5916644930839539
0.2344478815793991
0.4715527594089508
0.7881788015365601
0.44846999645233154
0.2275715172290802
0.09615078568458557
0.04916514456272125
0.8094814419746399
0.18696638941764832
0.22873729467391968
0.7877951264381409
0.8997189402580261
0.4449753761291504
0.8022728562355042
0.10370045900344849
0.9361649751663208
0.2840683162212372
0.4108012914657593
0.4166189432144165
0.9055615663528442
0.39278629422187805
0.9942020773887634
0.17633488774299622
0.9104809761047363
0.4106884300708771
0.6267817616462708
0.23351459205150604
0.9664813280105591
0.8189115524291992
0.3776029944419861
0.7716714143753052
0.073601134121418
0.18191231787204742
0.23825550079345703
0.21921148896217346
0.7733070850372314
0.5303294062614441
0.21344658732414246
0.6649724841117859
0.6257460117340088
0.8783828020095825
0.27710816264152527
0.6829158663749695
0.03387165442109108
0.5204923748970032
0.7404838800430298
0.11112916469573975
0.7287783622741699
0.18923474848270416
0.12051679939031601
0.5813243985176086
0.11109994351863861
0.3930109143257141
0.7290348410606384
0.9879463911056519
0.43584734201431274
0.35998424887657166
0.11768137663602829
0.9943667054176331
0.9564813375473022
0.3858278691768646
0.1143348440527916
0.15572789311408997
0.823021411895752
0.7342841625213623
0.6216106414794922
0.4135405719280243
0.9061146378517151
0.29673832654953003
0.4227650463581085
0.2708563804626465
0.7647184729576111
0.6299225091934204
0.2719075679779053
0.05054842308163643
0.0853223130106926
0.8507009744644165
0.1141095831990242
0.5193027257919312
0.4755512773990631
0.6600311994552612
0.8665196299552917
0.7507437467575073
0.7459149956703186
0.5305864214897156
0.12143072485923767
0.4912291169166565
0.859293520450592
0.6480976343154907
0.16219916939735413
0.04495909437537193
0.8345089554786682
0.5591863989830017
0.33499211072921753
0.3032534718513489
0.4448096454143524
0.324880450963974
0.9321863651275635
0.2685273587703705
0.567135214805603
0.7940366268157959
0.9432241320610046
0.7656787633895874
0.4760928452014923
0.7805031538009644
0.6773145794868469
0.8095744848251343
0.17373192310333252
0.9774410128593445
0.5723252892494202
0.25040411949157715
0.43288660049438477
0.4307934045791626
0.17225778102874756
0.9864820837974548
0.5818608999252319
0.5172868371009827
0.34651967883110046
0.4457188546657562
0.6526676416397095
0.049639321863651276
0.7726014852523804
0.31065309047698975
0.7625477910041809
0.3591972589492798
0.056792981922626495
0.08173166960477829
0.920333981513977
0.6709192991256714
0.010394230484962463
0.42839381098747253
0.9641773700714111
0.04902245104312897
0.6542823910713196
0.6157240867614746
0.7591853141784668
0.3371802568435669
0.13562221825122833
0.1381704956293106
0.08874315023422241
0.7532049417495728
0.06510826200246811
0.3985104560852051
0.20072560012340546
0.19235967099666595
0.06140827387571335
0.2096882462501526
0.887682318687439
0.17729733884334564
0.3085271716117859
0.5940740704536438
0.049240194261074066
0.4050651490688324
0.7319303154945374
0.6048425436019897
0.47327372431755066
0.24381594359874725
0.608903169631958
0.8940589427947998
0.6641988158226013
0.6028870344161987
0.5979181528091431
0.6290639638900757
0.13256575167179108
0.8651973009109497
0.6653448343276978
0.3829212188720703
0.7044512033462524
0.9864727258682251
0.32603612542152405
0.5487112402915955
0.25278884172439575
0.8504700064659119
0.6729738712310791
0.2781031131744385
0.7532207369804382
0.36125457286834717
0.9361795783042908
0.7376394271850586
0.057195089757442474
0.7282542586326599
0.27668607234954834
0.3683997094631195
0.130423903465271
0.9824687838554382
0.04959942772984505
0.9142670631408691
0.6767828464508057
0.013315885327756405
0.9650452136993408
0.4485912024974823
0.35231077671051025
0.9301432967185974
0.7326495051383972
0.36618557572364807
0.895666241645813
0.7876494526863098
0.6853716969490051
0.29056987166404724
0.2707006633281708
0.15764681994915009
0.8522845506668091
0.3934621214866638
0.8816534280776978
0.5945039391517639
0.3772391080856323
0.2994774281978607
0.36333781480789185
0.34679940342903137
0.22158032655715942
0.3046267628669739
0.5169580578804016
0.5546931028366089
0.5487996339797974
0.6437682509422302
0.9353621006011963
0.9438722133636475
0.6229437589645386
0.21798741817474365
0.6136109232902527
0.5248087644577026
0.6714579463005066
0.11385005712509155
0.7467993497848511
0.40093550086021423
0.8495294451713562
0.5108466744422913
0.9634694457054138
0.4432258605957031
0.9122011065483093
0.08176127821207047
0.44102445244789124
0.35060974955558777
0.9903619885444641
0.9159807562828064
0.6928074359893799
0.30922257900238037
0.23629669845104218
0.295156866312027
0.7866363525390625
0.7438194751739502
0.06006314232945442
0.016291514039039612
0.8161909580230713
0.11127039045095444
0.15833596885204315
0.8264251947402954
0.7743520140647888
0.15781529247760773
0.01702224835753441
0.7200597524642944
0.6910454034805298
0.685032069683075
0.6696949601173401
0.8533058166503906
0.5748997330665588
0.4383266270160675
0.7491891980171204
0.3832658529281616
0.4256017506122589
0.43267521262168884
0.5040053129196167
0.25540417432785034
0.4063000977039337
0.8044924736022949
0.950213611125946
0.6255965828895569
0.45295244455337524
0.5898160338401794
0.40949687361717224
0.9072247743606567
0.6599384546279907
0.8605644106864929
0.8107209205627441
0.5798472166061401
0.7324599623680115
0.29750192165374756
0.148874431848526
0.3668067157268524
0.8098996877670288
0.8568267226219177
0.8382672667503357
0.34804946184158325
0.15090346336364746
0.46055442094802856
0.4425341784954071
0.25638720393180847
0.5193976163864136
0.6719917058944702
0.5161781907081604
0.8776953816413879
0.39273032546043396
0.820572018623352
0.10655537992715836
0.05992523580789566
0.7006611824035645
0.9359977841377258
0.6610792875289917
0.0691966563463211
0.1717054843902588
0.9831339716911316
0.866893470287323
0.9918797016143799
0.9934273362159729
0.4705312252044678
0.2897584140300751
0.9186756014823914
0.6512584686279297
0.7664518356323242
0.032825566828250885
0.32613810896873474
0.6227681040763855
0.39359959959983826
0.32969194650650024
0.21533919870853424
0.4472445249557495
0.6367931962013245
0.881565272808075
0.06986232101917267
0.7889813780784607
0.12592458724975586
0.5413888096809387
0.9072139859199524
0.5067498683929443
0.6522660851478577
0.3013685643672943
0.7078479528427124
0.16405995190143585
0.04486957937479019
0.7920004725456238
0.46832501888275146
0.4385721683502197
0.7702134251594543
0.7497985363006592
0.6607487797737122
0.877371609210968
0.6820934414863586
0.1537352353334427
0.5924217104911804
0.9670261144638062
0.9839016199111938
0.7189714908599854
0.15109479427337646
0.9254342317581177
0.4346383512020111
0.11313493549823761
0.3302622437477112
0.4321204721927643
0.23371466994285583
0.8357085585594177
0.23290836811065674
0.4990520477294922
0.25565803050994873
0.36932602524757385
0.5720559358596802
0.6678746938705444
0.6214167475700378
0.43177974224090576
0.05600304156541824
0.4099179804325104
0.9710987210273743
0.5087144374847412
0.8838154077529907
0.029610447585582733
0.260362833738327
0.7331323027610779
0.23384249210357666
0.16548140347003937
0.2745343744754791
0.920906662940979
0.38932761549949646
0.14719153940677643
0.8313844799995422
0.3399016857147217
0.48188814520835876
0.8081605434417725
0.46539416909217834
0.8935858607292175
0.7023069858551025
0.4749947786331177
0.4865366816520691
0.8871380686759949
0.2949839234352112
0.2215331494808197
0.5870214700698853
0.2678593099117279
0.17768928408622742
0.5082682967185974
0.9157103300094604
0.13922658562660217
0.6035274267196655
0.6454218029975891
0.46071141958236694
0.391469806432724
0.8152807354927063
0.34333738684654236
0.8067950010299683
0.6174110174179077
0.12953531742095947
0.4103803038597107
0.4584502577781677
0.271459698677063
0.4306889772415161
0.6571139693260193
0.937720537185669
0.24551177024841309
0.7751281261444092
0.6897134780883789
0.5924822688102722
0.29232701659202576
0.5438944101333618
0.49658870697021484
0.3334973454475403
0.7437639832496643
0.06503628939390182
0.09185703843832016
0.912670373916626
0.17952239513397217
0.490331768989563
0.13125036656856537
0.5555158257484436
0.45819589495658875
0.530297040939331
0.918246328830719
0.6034572124481201
0.9659203290939331
0.1595081090927124
0.021727727726101875
0.18963731825351715
0.45545002818107605
0.8812293410301208
0.40408027172088623
0.4664909243583679
0.6280055642127991
0.33988073468208313
0.7177703380584717
0.6662570238113403
0.11682990193367004
0.23492901027202606
0.5573349595069885
0.4454638659954071
0.43053022027015686
0.41853493452072144
0.6693658232688904
0.3226169943809509
0.06383878737688065
0.46428772807121277
0.14872699975967407
0.5023627281188965
0.22454583644866943
0.7676050066947937
0.43090128898620605
0.6969269514083862
0.45724982023239136
0.7230024337768555
0.1319935917854309
0.9091495871543884
0.8330713510513306
0.6832587122917175
0.8653382658958435
0.172018364071846
0.095676951110363
0.9633340835571289
0.18749748170375824
0.689964234828949
0.806679368019104
0.04456334561109543
0.4156917631626129
0.5568856000900269
0.0908045843243599
0.9268936514854431
0.5219320058822632
0.11572927981615067
0.9471678137779236
0.3542879819869995
0.8880153894424438
0.8701205253601074
0.9315817356109619
0.10695254802703857
0.5812996029853821
0.5290663838386536
0.15101705491542816
0.6118839383125305
0.6607439517974854
0.35893481969833374
0.14894966781139374
0.4974824786186218
0.4141264855861664
0.5449154376983643
0.5634865760803223
0.9167941808700562
0.46429285407066345
0.08749473094940186
0.3306701183319092
0.4785013496875763
0.1090618297457695
0.9358891248703003
0.3042442202568054
0.8603984117507935
0.27004802227020264
0.3865339756011963
0.618787407875061
0.17358170449733734
0.6984659433364868
0.35665062069892883
0.17172348499298096
0.1632973551750183
0.34798726439476013
0.5178123116493225
0.11488280445337296
0.4904104769229889
0.8379172086715698
0.009887809865176678
0.4541354477405548
0.9110167622566223
0.2154005616903305
0.6070676445960999
0.22623255848884583
0.2920885682106018
0.5638033151626587
0.6259865164756775
0.563133955001831
0.6371408104896545
0.780611515045166
0.35496968030929565
0.6301449537277222
0.4565686285495758
0.7439380884170532
0.3779805898666382
0.7725722789764404
0.7701132297515869
0.35691508650779724
0.9473225474357605
0.3442448079586029
0.7451316714286804
0.9825035929679871
0.8836055397987366
0.48477059602737427
0.3254525065422058
0.33113688230514526
0.2162531614303589
0.9598721265792847
0.3782964050769806
0.39555448293685913
0.8776143193244934
0.7404861450195312
0.823786199092865
0.36292123794555664
0.6333515048027039
0.8442475199699402
0.2747516930103302
0.23310334980487823
0.09258949011564255
0.10120859742164612
0.2550143599510193
0.43070513010025024
0.5937091112136841
0.5438526272773743
0.8038774132728577
0.025186199694871902
0.953935444355011
0.7091079950332642
0.3848193883895874
0.5901842713356018
0.736429750919342
0.20201270282268524
0.01659727841615677
0.2053275853395462
0.8473808765411377
0.06249648332595825
0.7926286458969116
0.09856478124856949
0.981370210647583
0.029500968754291534
0.0867156982421875
0.1864146739244461
0.21150027215480804
0.18472611904144287
0.7212644219398499
0.006311975885182619
0.8470301032066345
0.6397312879562378
0.9392763376235962
0.9111032485961914
0.9236927032470703
0.2853851318359375
0.1683223396539688
0.27568256855010986
0.5153995752334595
0.1938900351524353
0.20863713324069977
0.42641085386276245
0.7953375577926636
0.878094494342804
0.12633518874645233
0.7542473673820496
0.5955895185470581
0.943354070186615
0.03255945444107056
0.9009063839912415
0.19803328812122345
0.9144072532653809
0.7010574340820312
0.1308550238609314
0.982665479183197
0.423140287399292
0.04813455045223236
0.041530951857566833
0.49452829360961914
0.06929881870746613
0.19447863101959229
0.32948732376098633
0.0914859026670456
0.29307323694229126
0.470040887594223
0.7670884728431702
0.07068358361721039
0.1777719259262085
0.739387571811676
0.8036114573478699
0.5257895588874817
0.2242308109998703
0.7763385772705078
0.2913142144680023
0.8468155264854431
0.7939647436141968
0.9060028791427612
0.38410189747810364
0.05713415890932083
0.5241886973381042
0.7821556925773621
0.8447133898735046
0.3740890920162201
0.739166796207428
0.5350023508071899
0.28847014904022217
0.28324487805366516
0.7728917598724365
0.2869803309440613
0.31752708554267883
0.13867168128490448
0.2043185830116272
0.8825043439865112
0.45869916677474976
0.1299031376838684
0.8424116373062134
0.9566164612770081
0.7874951958656311
0.05242820829153061
0.5420335531234741
0.8946700096130371
0.4366786479949951
0.4066964089870453
0.8742030262947083
0.4377272129058838
0.8891488909721375
0.6179620027542114
0.9717000126838684
0.5796800851821899
0.053719013929367065
0.6687613725662231
0.5979576110839844
0.06375877559185028
0.1952696144580841
0.7028471231460571
0.473167359828949
0.33843690156936646
0.987056314945221
0.3888898491859436
0.22997187077999115
0.642848551273346
0.16279983520507812
0.8017610311508179
0.1356266736984253
0.25723424553871155
0.08783011883497238
0.5880870223045349
0.05792888626456261
0.9688602089881897
0.47043105959892273
0.8201496601104736
0.9324332475662231
0.9647945165634155
0.3984587490558624
0.43397805094718933
0.05059923231601715
0.6181565523147583
0.8580088019371033
0.3128940463066101
0.44608160853385925
0.5733208656311035
0.9423021078109741
0.8132240176200867
0.8763426542282104
0.03244384378194809
0.6586456298828125
0.9220086932182312
0.8707209825515747
0.972429633140564
0.35163331031799316
0.826687216758728
0.5275602340698242
0.9206361770629883
0.8938380479812622
0.9655821323394775
0.5162987112998962
0.9317756295204163
0.4991445541381836
0.12214116007089615
0.0885254368185997
0.7223546504974365
0.9139954447746277
0.9050099849700928
0.2749156653881073
0.0036331447772681713
0.28432637453079224
0.14022482931613922
0.9039359092712402
0.7530776858329773
0.7280928492546082
0.03728195279836655
0.8656824231147766
0.618375837802887
0.12816904485225677
0.6468469500541687
0.9733270406723022
0.22998939454555511
0.842539370059967
0.04199296981096268
0.6899704933166504
0.16642515361309052
0.5932393074035645
0.3288273215293884
0.3437843322753906
0.8912354707717896
0.5781280994415283
0.10670989751815796
0.672549307346344
0.7277220487594604
0.5259905457496643
0.28370580077171326
0.2418755292892456
0.8880579471588135
0.1330982893705368
0.8149941563606262
0.5170832276344299
0.39705732464790344
0.5570078492164612
0.23438259959220886
0.2003384232521057
0.25351130962371826
0.023585215210914612
0.22903259098529816
0.07073893398046494
0.8864559531211853
0.48086634278297424
0.06232926622033119
0.38281476497650146
0.9854205250740051
0.569718599319458
0.2787919342517853
0.6868650913238525
0.18820197880268097
0.7510096430778503
0.9136467576026917
0.4894101023674011
0.6263309717178345
0.8973850011825562
0.09224559366703033
0.026857877150177956
0.5871325731277466
0.849958598613739
0.6872992515563965
0.053075917065143585
0.7905691862106323
0.5657909512519836
0.2532600164413452
0.9021096229553223
0.56501305103302
0.10894379764795303
0.3339419364929199
0.6985777616500854
0.8383527398109436
0.9396262764930725
0.8393385410308838
0.2506985068321228
0.5806752443313599
0.8685692548751831
0.6858543753623962
0.8748100399971008
0.5630418062210083
0.7777236700057983
0.8841251730918884
0.27538639307022095
0.6602017283439636
0.7368877530097961
0.9244614839553833
0.37466108798980713
0.8886112570762634
0.8847500681877136
0.5057033896446228
0.337917685508728
0.7587482929229736
0.3265664279460907
0.10280381888151169
0.4904792308807373
0.9934234619140625
0.3329507112503052
0.5429263710975647
0.6203994154930115
0.8194656372070312
0.408159464597702
0.5414880514144897
0.940523087978363
0.13308990001678467
0.8364008069038391
0.6261725425720215
0.7860392332077026
0.8291560411453247
0.7894208431243896
0.7478024363517761
0.14352990686893463
0.7785025835037231
0.36806023120880127
0.05691360682249069
0.4386705756187439
0.9463014602661133
0.5984999537467957
0.9166737198829651
0.7398573160171509
0.38724836707115173
0.41176721453666687
0.23858876526355743
0.9751781821250916
0.91865074634552
0.9506511092185974
0.04573873057961464
0.4365800619125366
0.5671054124832153
0.646004855632782
0.4136902093887329
0.6157793402671814
0.906948447227478
0.7918950915336609
0.4853901267051697
0.016851242631673813
0.8782908320426941
0.7280729413032532
0.8207463026046753
0.8304022550582886
0.2955096960067749
0.5112137198448181
0.6916508674621582
0.352973073720932
0.09303246438503265
0.08292358368635178
0.2807011306285858
0.3508424758911133
0.14496949315071106
0.32777953147888184
0.23753969371318817
0.22764231264591217
0.36370354890823364
0.5959950685501099
0.506725013256073
0.0303798820823431
0.7942329049110413
0.9129776358604431
0.46690964698791504
0.060553327202796936
0.7587060928344727
0.2800317108631134
0.7179440259933472
0.4214908480644226
0.5846505761146545
0.5987624526023865
0.8704581260681152
0.5395659804344177
0.6992259621620178
0.7969312071800232
0.47140395641326904
0.9871150255203247
0.555942952632904
0.3653241693973541
0.28345945477485657
0.1238376647233963
0.15314561128616333
0.6405790448188782
0.8342494368553162
0.644578218460083
0.804636538028717
0.10022099316120148
0.7307860851287842
0.2252299189567566
0.24751344323158264
0.6120449900627136
0.9176136255264282
0.11437544226646423
0.657524585723877
0.7587814331054688
0.8483676910400391
0.5050888061523438
0.34468844532966614
0.6804401874542236
0.38938888907432556
0.2337770313024521
0.682318389415741
0.053480375558137894
0.4065934717655182
0.38670527935028076
0.5598945617675781
0.2844330072402954
0.3902033269405365
0.07847923040390015
0.014507350511848927
0.5699601769447327
0.5896420478820801
0.5352190136909485
0.9476765990257263
0.8794249892234802
0.5425853729248047
0.6790225505828857
0.5748534798622131
0.17964331805706024
0.765663743019104
0.10714085400104523
0.006883628666400909
0.32694491744041443
0.08777949959039688
0.9014769196510315
0.07171496748924255
0.4010638892650604
0.7059115171432495
0.7786502242088318
0.3050842881202698
0.6634611487388611
0.8275386095046997
0.7416120767593384
0.9452112317085266
0.2772095501422882
0.7542969584465027
0.2965911030769348
0.03058500774204731
0.7148911952972412
0.35208025574684143
0.0025187325663864613
0.1343170702457428
0.586402952671051
0.9073176383972168
0.3032277822494507
0.48258286714553833
0.45594513416290283
0.5086616277694702
0.24725410342216492
0.6210810542106628
0.622211217880249
0.4911157190799713
0.8416568636894226
0.006476829759776592
0.34078556299209595
0.2815772294998169
0.49027013778686523
0.4846637547016144
0.9887916445732117
0.036665402352809906
0.7001196146011353
0.023580243811011314
0.6072248220443726
0.7147541046142578
0.10839539766311646
0.31834137439727783
0.8288851976394653
0.2912357449531555
0.1845833957195282
0.786523699760437
0.82485431432724
0.5833959579467773
0.8279091715812683
0.6066984534263611
0.7412611246109009
0.07561889290809631
0.057082634419202805
0.3172863721847534
0.2195604294538498
0.11349906027317047
0.5759978890419006
0.5383388996124268
0.9617744088172913
0.8916767835617065
0.576336145401001
0.5479549765586853
0.06198154762387276
0.009129379875957966
0.18016363680362701
0.4507751762866974
0.16212552785873413
0.15865153074264526
0.20532067120075226
0.6178972721099854
0.2264612913131714
0.4755260646343231
0.943671703338623
0.04265761002898216
0.4984830915927887
0.30445441603660583
0.3321980834007263
0.2018163800239563
0.23825980722904205
0.714249312877655
0.32278087735176086
0.9344156980514526
0.7466264963150024
0.5689449906349182
0.3676902949810028
0.8819788694381714
0.8421303629875183
0.09852082282304764
0.621609628200531
0.06271719932556152
0.5435527563095093
0.48459652066230774
0.8677685856819153
0.6897933483123779
0.4527071714401245
0.8450477123260498
0.470706582069397
0.8221600651741028
0.09205715358257294
0.11363919079303741
0.301983505487442
0.0233086496591568
0.6939877867698669
0.0583738312125206
0.7458077669143677
0.8321329951286316
0.006042240187525749
0.16344057023525238
0.5205397009849548
0.42761558294296265
0.2762753367424011
0.7234165668487549
0.40050455927848816
0.48631107807159424
0.483203262090683
0.33223292231559753
0.06721764802932739
0.18044432997703552
0.9463054537773132
0.7100656628608704
0.45881813764572144
0.47006112337112427
0.32856160402297974
0.4809727370738983
0.4765354096889496
0.32622769474983215
0.9083743691444397
0.6448591947555542
0.320829302072525
0.1949947029352188
0.30704838037490845
0.835299551486969
0.13285498321056366
0.8737195730209351
0.10875145345926285
0.596625030040741
0.6683931946754456
0.661067008972168
0.13609609007835388
0.27992814779281616
0.1107291579246521
0.2298588752746582
0.4440114200115204
0.7945606708526611
0.9284466505050659
0.12901778519153595
0.9108113050460815
0.320679247379303
0.5969539284706116
0.523704469203949
0.7489452362060547
0.48859354853630066
0.6687919497489929
0.7523303627967834
0.6077936291694641
0.8922924399375916
0.3072407841682434
0.555478036403656
0.9350993037223816
0.7804064154624939
0.6735885739326477
0.521157443523407
0.18664123117923737
0.2264123260974884
0.37208354473114014
0.7612468600273132
0.06672431528568268
0.8409334421157837
0.1985444873571396
0.513428270816803
0.6284595131874084
0.5621931552886963
0.030619576573371887
0.5518007874488831
0.12163634598255157
0.9446291327476501
0.7686222791671753
0.6295346021652222
0.006100482773035765
0.7871565222740173
0.10955784469842911
0.5810959935188293
0.43607470393180847
0.2766064405441284
0.5546804070472717
0.859468936920166
0.13277766108512878
0.5143073201179504
0.12294190376996994
0.4037739336490631
0.21983455121517181
0.10198898613452911
0.6905564665794373
0.5742703676223755
0.48044297099113464
0.3398659825325012
0.6023964881896973
0.6681913137435913
0.02173498645424843
0.4751827120780945
0.28765347599983215
0.47165346145629883
0.8136677145957947
0.4352074861526489
0.9000251889228821
0.10581064224243164
0.7363049387931824
0.2329440712928772
0.9632838368415833
0.3875292241573334
0.538570761680603
0.6141822338104248
0.6048862934112549
0.9803759455680847
0.49313074350357056
0.9844092130661011
0.34899166226387024
0.3950878977775574
0.7988473176956177
0.7103028297424316
0.30559054017066956
0.4465673565864563
0.5472789406776428
0.5850740671157837
0.09315977990627289
0.13191716372966766
0.40633532404899597
0.839253306388855
0.256532222032547
0.03730547055602074
0.28114819526672363
0.18419145047664642
0.8932889699935913
0.025547828525304794
0.6002808213233948
0.622286319732666
0.12244251370429993
0.5663922429084778
0.38990432024002075
0.24681231379508972
0.38353750109672546
0.7182616591453552
0.20365791022777557
0.6626788973808289
0.9182727932929993
0.8735008835792542
0.10517148673534393
0.3602713942527771
0.32306668162345886
0.2417987436056137
0.3701208531856537
0.0996621698141098
0.1324939727783203
0.18832479417324066
0.5094965696334839
0.15463431179523468
0.02576458267867565
0.5372614860534668
0.3410884737968445
0.7495641708374023
0.3960716128349304
0.08577077090740204
0.9621863961219788
0.22132281959056854
0.17989616096019745
0.8608482480049133
0.22145958244800568
0.5088691115379333
0.9183870553970337
0.6989442706108093
0.8566772937774658
0.6222830414772034
0.6890925765037537
0.7827625870704651
0.250804603099823
0.9876241683959961
0.21594637632369995
0.2991589903831482
0.7394067645072937
0.10399247705936432
0.42633265256881714
0.18647602200508118
0.3922100067138672
0.7822333574295044
0.325699120759964
0.40865349769592285
0.8863558173179626
0.7670105695724487
0.6935349106788635
0.8085680603981018
0.24420872330665588
0.8912336230278015
0.7121291160583496
0.7454972863197327
0.5915904641151428
0.3997826874256134
0.3903719484806061
0.03594997152686119
0.0452164001762867
0.8818286061286926
0.6203560829162598
0.5828840136528015
0.6768654584884644
0.04227422922849655
0.13274596631526947
0.2438889741897583
0.5825556516647339
0.2779695689678192
0.2595677673816681
0.21614250540733337
0.3957503139972687
0.3756248354911804
0.4629691541194916
0.2989979684352875
0.38874831795692444
0.27106091380119324
0.9689005613327026
0.8525352478027344
0.048062294721603394
0.9515479803085327
0.7267268896102905
0.6954305768013
0.256141722202301
0.2659578323364258
0.9441190361976624
0.6170116066932678
0.9508939981460571
0.2810502350330353
0.5651881694793701
0.5708455443382263
0.8579118251800537
0.26028701663017273
0.7034279704093933
0.4523567855358124
0.852261483669281
0.8919442296028137
0.8366228342056274
0.43202006816864014
0.03542570769786835
0.9231227040290833
0.5071008205413818
0.6911212205886841
0.18299166858196259
0.7926438450813293
0.3564282953739166
0.16904176771640778
0.9376718401908875
0.8081563115119934
0.6750295758247375
0.2140485793352127
0.3772582411766052
0.06841681897640228
0.41155242919921875
0.38257619738578796
0.35947272181510925
0.2129635363817215
0.9622470736503601
0.9828526973724365
0.8927665948867798
0.32055819034576416
0.7904270887374878
0.8663341999053955
0.2958224415779114
0.06433674693107605
0.8621469140052795
0.5157603621482849
0.9006689190864563
0.8456850051879883
0.3908814489841461
0.2931607961654663
0.8226880431175232
0.46349433064460754
0.8454145193099976
0.23146101832389832
0.3018042743206024
0.05419674143195152
0.2590135335922241
0.4453454613685608
0.870797336101532
0.6665500998497009
0.978786826133728
0.3693227171897888
0.23987418413162231
0.7996269464492798
0.5055884718894958
0.3808247447013855
0.22748732566833496
0.7624322772026062
0.9091654419898987
0.6462703347206116
0.17591248452663422
0.006850654724985361
0.2531108260154724
0.21371470391750336
0.8316400051116943
0.9458988308906555
0.7401489615440369
0.14448395371437073
0.14886993169784546
0.5701839923858643
0.8530828952789307
0.26522278785705566
0.960006833076477
0.7663617730140686
0.1421603113412857
0.9820165634155273
0.42165249586105347
0.3398542106151581
0.750452995300293
0.6365239024162292
0.7507622241973877
0.34036725759506226
0.23396022617816925
0.9255810379981995
0.7788233160972595
0.7981864809989929
0.6042966246604919
0.4714888632297516
0.9074481129646301
0.8409972190856934
0.6240980625152588
0.30876484513282776
0.2836968004703522
0.012875672429800034
0.6585459113121033
0.6205388903617859
0.19023466110229492
0.9365639090538025
0.6909382939338684
0.9855196475982666
0.33458656072616577
0.4163389801979065
0.2155664712190628
0.029559670016169548
0.7390040755271912
0.6428807377815247
0.8015497326850891
0.2420911192893982
0.37356749176979065
0.6989538669586182
0.9669066667556763
0.7126137018203735
0.0028835064731538296
0.2941991686820984
0.38430356979370117
0.014048744924366474
0.8123054504394531
0.5105505585670471
0.6797051429748535
0.8134679198265076
0.7746182084083557
0.15673038363456726
0.04195057228207588
0.7715672850608826
0.9210962057113647
0.8275694251060486
0.8053512573242188
0.05476360768079758
0.7624504566192627
0.6686452627182007
0.6565905809402466
0.33524090051651
0.021601617336273193
0.753059446811676
0.2882634699344635
0.39418280124664307
0.6434485912322998
0.5614323616027832
0.8495040535926819
0.9598008990287781
0.1377384215593338
0.8274074792861938
0.9969416260719299
0.44708892703056335
0.12722791731357574
0.6993574500083923
0.22665080428123474
0.7698255181312561
0.7906532883644104
0.23851652443408966
0.5525877475738525
0.415514200925827
0.6378005743026733
0.5261803865432739
0.15526165068149567
0.08537786453962326
0.044665224850177765
0.7299771904945374
0.2463400661945343
0.9646334052085876
0.6300303936004639
0.18572857975959778
0.8401030898094177
0.6240212917327881
0.6669842004776001
0.15479320287704468
0.6163411140441895
0.5982613563537598
0.8994330763816833
0.2589378356933594
0.2128150910139084
0.9329794049263
0.12988971173763275
0.9799433350563049
0.8650698065757751
0.45815950632095337
0.9042982459068298
0.6786423325538635
0.46912461519241333
0.033277519047260284
0.7912427186965942
0.5099670886993408
0.5287242531776428
0.7035427093505859
0.9925475120544434
0.7368897795677185
0.2052154839038849
0.7053405046463013
0.8153569102287292
0.9916468858718872
0.2786257266998291
0.828511655330658
0.14389421045780182
0.34697479009628296
0.03965022787451744
0.76798015832901
0.026496153324842453
0.4647753834724426
0.5347199440002441
0.8929919004440308
0.21600598096847534
0.7848076820373535
0.6384349465370178
0.47997963428497314
0.6617141962051392
0.3986447751522064
0.702073872089386
0.3030954599380493
0.7811123132705688
0.10363785922527313
0.8381198048591614
0.014336650259792805
0.016447920352220535
0.05376918613910675
0.9369379281997681
0.7442620992660522
0.6689731478691101
0.2665315568447113
0.5253380537033081
0.06838790327310562
0.47919797897338867
0.7653140425682068
0.7988276481628418
0.9121598601341248
0.676070511341095
0.4118451774120331
0.7679421305656433
0.7841253280639648
0.7229066491127014
0.23536255955696106
0.04562492296099663
0.4104999601840973
0.359945684671402
0.49276337027549744
0.18287836015224457
0.7550756335258484
0.8794463872909546
0.013385534286499023
0.9492454528808594
0.7415592074394226
0.03857726231217384
0.013383031822741032
0.7070190906524658
0.6219511032104492
0.17529712617397308
0.29651957750320435
0.5629541873931885
0.6431323885917664
0.9593587517738342
0.4858338236808777
0.2806132435798645
0.11544481664896011
0.13422663509845734
0.8872171640396118
0.30099526047706604
0.7564123272895813
0.17253433167934418
0.7188328504562378
0.28954121470451355
0.08119366317987442
0.8563912510871887
0.03980309143662453
0.5941233038902283
0.43805381655693054
0.11741592735052109
0.5139120817184448
0.17152640223503113
0.9336228966712952
0.6451248526573181
0.2985193133354187
0.720490574836731
0.8643449544906616
0.3685482442378998
0.24122095108032227
0.20079219341278076
0.700463056564331
0.46567824482917786
0.9711111187934875
0.08158426731824875
0.6435021162033081
0.30441099405288696
0.7324056029319763
0.9932693839073181
0.2277907282114029
0.1700228601694107
0.9670883417129517
0.7027660608291626
0.06586131453514099
0.6433171629905701
0.8182259202003479
0.3350847065448761
0.7165167331695557
0.19728292524814606
0.6640632748603821
0.372274249792099
0.5605223774909973
0.3928506076335907
0.7890661358833313
0.6799151301383972
0.8613165020942688
0.776936411857605
0.5224176049232483
0.7824226021766663
0.7768504023551941
0.9204342365264893
0.26826488971710205
0.5586158633232117
0.8850200772285461
0.7783505916595459
0.7480090260505676
0.6681129336357117
0.4833718538284302
0.7588720917701721
0.5587500929832458
0.7697900533676147
0.5533650517463684
0.32674768567085266
0.2140883058309555
0.5634667277336121
0.6164985299110413
0.3344477713108063
0.729928195476532
0.4331420660018921
0.6033491492271423
0.31935811042785645
0.15641553699970245
0.5242403745651245
0.12801559269428253
0.806170642375946
0.48457443714141846
0.5907609462738037
0.4046589136123657
0.1083654835820198
0.9655166864395142
0.6913037896156311
0.3447458744049072
0.434882789850235
0.47074830532073975
0.9895182847976685
0.5212184190750122
0.4033834636211395
0.15295088291168213
0.7352810502052307
0.7860897779464722
0.9716320037841797
0.960576593875885
0.28214773535728455
0.17754621803760529
0.20392632484436035
0.8175406455993652
0.703402042388916
0.6572538614273071
0.8897530436515808
0.7970913648605347
0.8812618851661682
0.06642832607030869
0.0729086846113205
0.3169027268886566
0.06493257731199265
0.6704367995262146
0.19924235343933105
0.8278807997703552
0.6551380157470703
0.48323383927345276
0.3885282874107361
0.44653233885765076
0.5219675898551941
0.8594154119491577
0.46372249722480774
0.07520167529582977
0.1772243231534958
0.4779098331928253
0.26635977625846863
0.28229662775993347
0.4983053505420685
0.6785309314727783
0.13982227444648743
0.24951019883155823
0.25846338272094727
0.9178472757339478
0.9635362029075623
0.2754099369049072
0.5087150931358337
0.42645764350891113
0.8058446049690247
0.0917263925075531
0.26963257789611816
0.7217891812324524
0.9838285446166992
0.5692513585090637
0.49495673179626465
0.6784806847572327
0.3656212389469147
0.9621774554252625
0.5170255303382874
0.853388249874115
0.8985921740531921
0.7311990261077881
0.7757914066314697
0.22702105343341827
0.16993817687034607
0.5166423916816711
0.836418628692627
0.9023085236549377
0.1242690458893776
0.7230477333068848
0.6039780974388123
0.34047630429267883
0.4552576541900635
0.737923800945282
0.8689190149307251
0.6717766523361206
0.2057493031024933
0.7278743982315063
0.19450318813323975
0.7514609694480896
0.9678252339363098
0.19676615297794342
0.7306247353553772
0.025773916393518448
0.7246885895729065
0.26857301592826843
0.6653002500534058
0.7143594622612
0.8874132037162781
0.41383007168769836
0.024295929819345474
0.05668453127145767
0.18675817549228668
0.2895442247390747
0.4141814410686493
0.21875372529029846
0.7022620439529419
0.31470343470573425
0.36433732509613037
0.8324090242385864
0.9730030298233032
0.18339817225933075
0.03647121042013168
0.7063372731208801
0.28370875120162964
0.2585338056087494
0.5327761769294739
0.7728695869445801
0.43268194794654846
0.8546876311302185
0.7579184770584106
0.09543135017156601
0.7694511413574219
0.6341028213500977
0.9522616267204285
0.9408025741577148
0.5141366720199585
0.43497005105018616
0.3872881531715393
0.8893439769744873
0.5844887495040894
0.7866461873054504
0.5135986804962158
0.5989475250244141
0.7604900002479553
0.32436156272888184
0.4552251398563385
0.6859194040298462
0.9177547693252563
0.7987529039382935
0.9627435803413391
0.21993941068649292
0.9866266250610352
0.8151193261146545
0.7683745622634888
0.8894931077957153
0.50614994764328
0.37435585260391235
0.16787315905094147
0.5606740117073059
0.5866544246673584
0.5299317836761475
0.9333827495574951
0.4131896197795868
0.08068054169416428
0.9546937942504883
0.9944469332695007
0.7113102674484253
0.9148142337799072
0.7256240844726562
0.7487690448760986
0.6467035412788391
0.5912081003189087
0.26164060831069946
0.29322925209999084
0.5197966694831848
0.3124457001686096
0.29864466190338135
0.34374502301216125
0.7514495253562927
0.9033277630805969
0.10412710160017014
0.14901643991470337
0.9271022081375122
0.3330698609352112
0.39718663692474365
0.0033436124213039875
0.3695005476474762
0.9518957734107971
0.20332185924053192
0.6636332273483276
0.7813664674758911
0.6638957858085632
0.15705867111682892
0.9455591440200806
0.7859528660774231
0.21041131019592285
0.06082037836313248
0.7917131185531616
0.46591445803642273
0.7369757890701294
0.8703636527061462
0.9974679350852966
0.4444391131401062
0.6027225255966187
0.18480680882930756
0.11065313965082169
0.6626356244087219
0.6002429723739624
0.03144900128245354
0.5219689011573792
0.4074336588382721
0.2530311644077301
0.7598296403884888
0.9079935550689697
0.17534977197647095
0.7299947738647461
0.546194314956665
0.7248672842979431
0.9515318274497986
0.9925036430358887
0.14406298100948334
0.9847126603126526
0.5170375108718872
0.340908020734787
0.16467487812042236
0.2737165689468384
0.4477660059928894
0.4786815941333771
0.12939754128456116
0.4163183867931366
0.3665338158607483
0.1774873286485672
0.24415378272533417
0.10795310139656067
0.10000628232955933
0.6041646003723145
0.09939683228731155
0.2822308838367462
0.6739688515663147
0.038828130811452866
0.4352765679359436
0.6160525679588318
0.89943927526474
0.7798083424568176
0.24453233182430267
0.8462238311767578
0.17852142453193665
0.9410114288330078
0.5759804844856262
0.02351263165473938
0.11758285015821457
0.5392908453941345
0.9302984476089478
0.26529282331466675
0.36453723907470703
0.22828789055347443
0.188338503241539
0.6485406756401062
0.8572405576705933
0.08391594141721725
0.0726492702960968
0.05737989768385887
0.6389906406402588
0.6994203925132751
0.9547416567802429
0.5919767022132874
0.38885632157325745
0.4599913954734802
0.8423664569854736
0.7058072686195374
0.507036566734314
0.721998929977417
0.4865399897098541
0.7522645592689514
0.023230914026498795
0.10262607783079147
0.9304646849632263
0.39190834760665894
0.22421014308929443
0.32925689220428467
0.16870377957820892
0.002616738900542259
0.056805528700351715
0.7374236583709717
0.8958590626716614
0.19390533864498138
0.24358180165290833
0.04591693729162216
0.9381564259529114
0.31224003434181213
0.5782060027122498
0.37821412086486816
0.7648430466651917
0.4625268876552582
0.5184226632118225
0.4089203476905823
0.08480639010667801
0.8314173817634583
0.6497641801834106
0.3541598916053772
0.9300615191459656
0.47601500153541565
0.9568240642547607
0.1096581518650055
0.8222990036010742
0.48678192496299744
0.39189884066581726
0.4748579263687134
0.2586027979850769
0.09734787046909332
0.24643360078334808
0.9694540500640869
0.009442467242479324
0.5076331496238708
0.5094060897827148
0.31671565771102905
0.8797370791435242
0.530135989189148
0.3286204934120178
0.8601247668266296
0.13292521238327026
0.41476327180862427
0.5171536207199097
0.09675274789333344
0.700127363204956
0.162204772233963
0.9689105749130249
0.7458975911140442
0.09656518697738647
0.40861791372299194
0.6145316958427429
0.6157472729682922
0.5092414021492004
0.45887812972068787
0.7042884826660156
0.574701189994812
0.8195409178733826
0.548981249332428
0.9785993695259094
0.8142877817153931
0.987524688243866
0.5143283605575562
0.3708289861679077
0.6986783146858215
0.009585373103618622
0.8686925768852234
0.7474026083946228
0.6111772656440735
0.634495735168457
0.21027612686157227
0.36802470684051514
0.7995218634605408
0.25593435764312744
0.47747111320495605
0.18408435583114624
0.5273795127868652
0.04881671816110611
0.3249880075454712
0.4825913608074188
0.9223417043685913
0.9862390160560608
0.9547464847564697
0.16619357466697693
0.567528486251831
0.5381699800491333
0.4003196060657501
0.6234797835350037
0.6489046216011047
0.7353813648223877
0.7995377779006958
0.7504456639289856
0.09333617985248566
0.1651904135942459
0.6298500299453735
0.16897206008434296
0.8440899848937988
0.8122600317001343
0.9467864632606506
0.5128716230392456
0.3678712546825409
0.7589181661605835
0.7570655345916748
0.2701125144958496
0.8202399015426636
0.20129771530628204
0.6780837774276733
0.5307677984237671
0.4442918300628662
0.0654899924993515
0.7688274383544922
0.6744240522384644
0.09718634188175201
0.7827351689338684
0.7055648565292358
0.7130688428878784
0.9167375564575195
0.15186075866222382
0.5751883387565613
0.5831878781318665
0.3444159924983978
0.5170863270759583
0.0018935976549983025
0.8297740817070007
0.6665982007980347
0.8074724078178406
0.7892456650733948
0.041212089359760284
0.8406593799591064
0.7396793365478516
0.6457681655883789
0.22872072458267212
0.9795202016830444
0.43938514590263367
0.8996978998184204
0.19862966239452362
0.12054459005594254
0.5241093039512634
0.8024812340736389
0.39333227276802063
0.10360745340585709
0.945848286151886
0.09734968841075897
0.6668615937232971
0.7672106623649597
0.39676061272621155
0.027502723038196564
0.2040899097919464
0.2682802677154541
0.9758738279342651
0.9996493458747864
0.0698826014995575
0.7082569003105164
0.9596037268638611
0.29052239656448364
0.2247190922498703
0.2312934398651123
0.5157836079597473
0.48276203870773315
0.1016959398984909
0.46296530961990356
0.03463273495435715
0.05313502624630928
0.13863839209079742
0.8851066827774048
0.6150498390197754
0.2564297914505005
0.008726313710212708
0.5260837078094482
0.5258753895759583
0.6292220950126648
0.10411567986011505
0.4651351869106293
0.07346226274967194
0.5810950994491577
0.5254080891609192
0.6085321307182312
0.8914843201637268
0.9403555989265442
0.8547844290733337
0.27703696489334106
0.01596408151090145
0.7154744863510132
0.2228509485721588
0.03434351459145546
0.662675678730011
0.7955447435379028
0.7452545166015625
0.30625981092453003
0.8277285099029541
0.23312966525554657
0.13983148336410522
0.5577074885368347
0.3335219621658325
0.5888952612876892
0.4715254008769989
0.329551100730896
0.8380913138389587
0.09738436341285706
0.43156135082244873
0.9277445077896118
0.773635983467102
0.07574781775474548
0.7793622612953186
0.9793074131011963
0.77385014295578
0.7601327896118164
0.07769053429365158
0.8490564823150635
0.08015535026788712
0.6846838593482971
0.911467432975769
0.6263766884803772
0.28072965145111084
0.5902926921844482
0.5713726282119751
0.7752649188041687
0.3576306104660034
0.5366108417510986
0.4447132647037506
0.45736709237098694
0.6200014352798462
0.8381332755088806
0.2250765562057495
0.9576452970504761
0.5953816175460815
0.5418860912322998
0.8897138237953186
0.4090069532394409
0.6130021810531616
0.5599403977394104
0.8725322484970093
0.8613294363021851
0.3602299988269806
0.9097007513046265
0.06784362345933914
0.5094554424285889
0.934136688709259
0.35516422986984253
0.9563784003257751
0.705981433391571
0.7119953632354736
0.9369550943374634
0.9213366508483887
0.09394019842147827
0.18670234084129333
0.07481904327869415
0.07027903944253922
0.5438945293426514
0.2507067620754242
0.8105948567390442
0.7541602253913879
0.5153875350952148
0.7811771631240845
0.8374990820884705
0.32634979486465454
0.8662797808647156
0.358793705701828
0.9932553172111511
0.31429144740104675
0.6408374905586243
0.5166325569152832
0.7091818451881409
0.24835151433944702
0.5958720445632935
0.9100236892700195
0.28259962797164917
0.8501257300376892
0.21173447370529175
0.21350222826004028
0.848268449306488
0.6347298622131348
0.9099387526512146
0.6410736441612244
0.33997100591659546
0.6447758078575134
0.9677119255065918
0.1724742203950882
0.6501051783561707
0.9282732605934143
0.2570004463195801
0.3892171084880829
0.09831901639699936
0.4716219902038574
0.5321356654167175
0.5412126183509827
0.826135516166687
0.0921214371919632
0.045286811888217926
0.20012038946151733
0.8181901574134827
0.36145851016044617
0.07731156051158905
0.4121166169643402
0.6421893835067749
0.5659359693527222
0.20540517568588257
0.6401246190071106
0.0647474154829979
0.584567129611969
0.43580466508865356
0.3081281781196594
0.5280358195304871
0.5802791714668274
0.06852366775274277
0.8057143092155457
0.5270646214485168
0.25396910309791565
0.9872398376464844
0.7148935794830322
0.9060471057891846
0.7168048024177551
0.6330612301826477
0.9483324289321899
0.9493789076805115
0.633202075958252
0.20105613768100739
0.5570030212402344
0.6910473704338074
0.9138892889022827
0.1575663685798645
0.07774943858385086
0.4741506576538086
0.7016696929931641
0.9333637952804565
0.6487142443656921
0.7495710253715515
0.46332472562789917
0.521018385887146
0.6691350340843201
0.9861094951629639
0.9257838129997253
0.8328133821487427
0.31979677081108093
0.7261240482330322
0.46428200602531433
0.5057030916213989
0.2675635814666748
0.18226294219493866
0.5839439034461975
0.48074379563331604
0.6901872158050537
0.20844754576683044
0.868986189365387
0.49576637148857117
0.25200071930885315
0.4782189130783081
0.6691561341285706
0.7876891493797302
0.803141713142395
0.7984365224838257
0.4602544903755188
0.35850319266319275
0.7484719157218933
0.05416509136557579
0.49111026525497437
0.5351516008377075
0.8621043562889099
0.07771998643875122
0.9333702921867371
0.06546757370233536
0.3243156969547272
0.9146953821182251
0.4100877642631531
0.921360969543457
0.20013241469860077
0.7100099921226501
0.403519868850708
0.3955696225166321
0.05076885595917702
0.11171483248472214
0.9167629480361938
0.04302341863512993
0.2779574990272522
0.7238796949386597
0.8188378810882568
0.4263176918029785
0.3047158122062683
0.9807942509651184
0.0014199662255123258
0.3741864562034607
0.8523785471916199
0.4493202567100525
0.8359634280204773
0.26572689414024353
0.6512299180030823
0.9872547388076782
0.34229838848114014
0.7305500507354736
0.7304458618164062
0.9795696139335632
0.5399336814880371
0.15998946130275726
0.5447245836257935
0.4431546628475189
0.6865066289901733
0.11183497309684753
0.5993651747703552
0.3591926693916321
0.27380797266960144
0.7769781947135925
0.10162316262722015
0.7123297452926636
0.13665564358234406
0.721278190612793
0.21256819367408752
0.38057610392570496
0.45304951071739197
0.21370214223861694
0.1539231538772583
0.14295895397663116
0.8605051040649414
0.2966271638870239
0.1823701113462448
0.2875417470932007
0.4106769859790802
0.27106836438179016
0.8060179948806763
0.708469033241272
0.7472482919692993
0.6270198822021484
0.29548919200897217
0.7569460868835449
0.8516611456871033
0.46549364924430847
0.29541635513305664
0.9245983362197876
0.9582993984222412
0.04182225838303566
0.6681848168373108
0.35545575618743896
0.8111394643783569
0.44703540205955505
0.12362868338823318
0.8849280476570129
0.9417782425880432
0.2976874113082886
0.830225944519043
0.7164555191993713
0.36861318349838257
0.9690577983856201
0.042172517627477646
0.6600504517555237
0.7738634943962097
0.06126073747873306
0.7290342450141907
0.5993637442588806
0.5205920338630676
0.36778876185417175
0.8615229725837708
0.4902823269367218
0.846969723701477
0.8597047328948975
0.7865247130393982
0.5752243995666504
0.1490045040845871
0.11727128177881241
0.3123129904270172
0.8820406198501587
0.49916669726371765
0.9918439388275146
0.13293509185314178
0.4625360369682312
0.4507483243942261
0.1768459975719452
0.8185507655143738
0.5581064820289612
0.36858800053596497
0.581141471862793
0.13057570159435272
0.9575263857841492
0.9231041073799133
0.38481730222702026
0.8746375441551208
0.7780751585960388
0.1241331622004509
0.09409850835800171
0.6996956467628479
0.5300809741020203
0.15767861902713776
0.5979868173599243
0.3288285434246063
0.09191947430372238
0.13114073872566223
0.3893541693687439
0.07847002893686295
0.4101392924785614
0.4179413914680481
0.2625485956668854
0.7311529517173767
0.26532259583473206
0.9880155324935913
0.8463407754898071
0.866615891456604
0.9229413866996765
0.2951262295246124
0.27142253518104553
0.15167485177516937
0.5326478481292725
0.016295436769723892
0.9524121880531311
0.01946115307509899
0.7112274169921875
0.38824328780174255
0.8733094930648804
0.522328794002533
0.413516104221344
0.38226547837257385
0.22651202976703644
0.9257959723472595
0.6861037015914917
0.7820539474487305
0.8896501660346985
0.588312566280365
0.5936844944953918
0.3307124078273773
0.4529242217540741
0.5089530348777771
0.9894405007362366
0.9172784686088562
0.3486630320549011
0.9776194095611572
0.09905505180358887
0.4260242283344269
0.262831449508667
0.14122134447097778
0.31135794520378113
0.9398489594459534
0.9170925617218018
0.18388640880584717
0.27569130063056946
0.7102884650230408
0.3725433647632599
0.8961821794509888
0.011259336024522781
0.5716991424560547
0.74739670753479
0.38031139969825745
0.9897992610931396
0.5707893967628479
0.3830817937850952
0.6022361516952515
0.10538116842508316
0.25610533356666565
0.4051845669746399
0.5545549988746643
0.5835508704185486
0.5053310394287109
0.9593721032142639
0.4849333167076111
0.17430783808231354
0.6946042776107788
0.6343904137611389
0.012395781464874744
0.9885459542274475
0.7585826516151428
0.7403242588043213
0.5876139402389526
0.6896708011627197
0.4275761544704437
0.4507319927215576
0.5998355746269226
0.2716026306152344
0.2664797604084015
0.936058759689331
0.7271885871887207
0.46891751885414124
0.04025491699576378
0.7697039246559143
0.04989202693104744
0.7355865836143494
0.7239368557929993
0.04723677411675453
0.8039078712463379
0.8307390213012695
0.7367291450500488
0.5792208313941956
0.27890458703041077
0.5784494280815125
0.08334251493215561
0.02822832204401493
0.4278457462787628
0.7095669507980347
0.7462245225906372
0.12476585060358047
0.3577328324317932
0.5241256356239319
0.5962475538253784
0.48536255955696106
0.06478340923786163
0.029260752722620964
0.559675931930542
0.9755682349205017
0.22525270283222198
0.6626017689704895
0.09901758283376694
0.40766775608062744
0.3777148425579071
0.5689835548400879
0.748127281665802
0.5226958990097046
0.9670083522796631
0.1836087554693222
0.51251620054245
0.09080425649881363
0.6061833500862122
0.19215071201324463
0.13242775201797485
0.7480960488319397
0.4653998613357544
0.7760659456253052
0.6210512518882751
0.47380995750427246
0.15963789820671082
0.019471125677227974
0.4335739314556122
0.3050653338432312
0.9596666097640991
0.8415662050247192
0.7406818270683289
0.6511675715446472
0.8484358787536621
0.7149478793144226
0.2176782637834549
0.5177805423736572
0.6985119581222534
0.0992395207285881
0.4878290593624115
0.33282679319381714
0.9834392666816711
0.3226640224456787
0.8132350444793701
0.696350634098053
0.9564268589019775
0.18747258186340332
0.9883224368095398
0.5225183367729187
0.35711801052093506
0.7198994755744934
0.06022995710372925
0.7693146467208862
0.3716733753681183
0.21203859150409698
0.27854958176612854
0.6180645227432251
0.5207718014717102
0.19522768259048462
0.9012653827667236
0.9946202635765076
0.6758874654769897
0.15875720977783203
0.3139277398586273
0.03443186357617378
0.42541614174842834
0.5547096133232117
0.13810163736343384
0.17496103048324585
0.483811616897583
0.7618388533592224
0.6530845165252686
0.7149292826652527
0.2854691743850708
0.837095320224762
0.15178172290325165
0.6588352918624878
0.9789601564407349
0.6333420276641846
0.28549420833587646
0.5686981678009033
0.045560676604509354
0.7245185971260071
0.3115758001804352
0.5342804193496704
0.7939015030860901
0.688749372959137
0.1071789413690567
0.7083587050437927
0.45014315843582153
0.1743997484445572
0.5649996995925903
0.6465687155723572
0.28380632400512695
0.4996332824230194
0.16993805766105652
0.44954991340637207
0.985746443271637
0.14673984050750732
0.10509007424116135
0.06526946276426315
0.4878067076206207
0.3843725025653839
0.1921466737985611
0.15242667496204376
0.5150876045227051
0.3615718483924866
0.3606518805027008
0.9707785248756409
0.5971717238426208
0.8885791301727295
0.34979841113090515
0.7198567986488342
0.5521366596221924
0.7594601511955261
0.6126509308815002
0.0017476746579632163
0.7723469734191895
0.1206207126379013
0.4698399305343628
0.7587575912475586
0.08188161998987198
0.9659353494644165
0.20902417600154877
0.475517213344574
0.6854050159454346
0.7457688450813293
0.521095335483551
0.3458821177482605
0.9709277749061584
0.11082994937896729
0.7542919516563416
0.8201614618301392
0.5216359496116638
0.5263492465019226
0.6869109869003296
0.5331283211708069
0.5322758555412292
0.144108384847641
0.34275946021080017
0.8810211420059204
0.07849274575710297
0.7913340926170349
0.6625304222106934
0.5835264921188354
0.5213574767112732
0.42001545429229736
0.22983582317829132
0.13499902188777924
0.12310118973255157
0.9308850765228271
0.9518855810165405
0.14956536889076233
0.21444299817085266
0.08965586870908737
0.2684252858161926
0.1280067265033722
0.5729596614837646
0.21283140778541565
0.6464309096336365
0.6237393617630005
0.857829213142395
0.1760793924331665
0.9390114545822144
0.23629659414291382
0.3864648938179016
0.4158261716365814
0.018293192610144615
0.5920800566673279
0.2451043725013733
0.2602245509624481
0.7878649830818176
0.2970706820487976
0.15540091693401337
0.8520514965057373
0.023936310783028603
0.7828790545463562
0.9972087144851685
0.9507506489753723
0.4508407711982727
0.5363788604736328
0.3907584846019745
0.0010608952725306153
0.2846769392490387
0.34353184700012207
0.8665421605110168
0.4897109270095825
0.8826871514320374
0.718688428401947
0.0757250189781189
0.8273903727531433
0.8368072509765625
0.6593165397644043
0.37853726744651794
0.8642604351043701
0.6280132532119751
0.1615976244211197
0.9892668724060059
0.6734061241149902
0.3242969810962677
0.8758662939071655
0.557756781578064
0.6398640275001526
0.0203482024371624
0.8081609010696411
0.6583694219589233
0.4002697169780731
0.5408415794372559
0.4621833860874176
0.9353361129760742
0.3648945987224579
0.34475377202033997
0.10916966944932938
0.5913181304931641
0.457539826631546
0.030897732824087143
0.7762501239776611
0.8901665806770325
0.11480032652616501
0.9506424069404602
0.3321603536605835
0.6709492206573486
0.31648945808410645
0.6904106736183167
0.9360671043395996
0.6803051233291626
0.7061213850975037
0.9483253359794617
0.11954272538423538
0.6309033632278442
0.8839170336723328
0.4687134325504303
0.6960561871528625
0.9556545615196228
0.8402692675590515
0.3681424558162689
0.5559917092323303
0.936010479927063
0.05726651847362518
0.3396303951740265
0.15400521457195282
0.10362032055854797
0.32965901494026184
0.6400479078292847
0.9117289185523987
0.7645456790924072
0.4791228771209717
0.7675579190254211
0.46925318241119385
0.9428035616874695
0.9124413132667542
0.13265317678451538
0.9842790365219116
0.875623345375061
0.20495739579200745
0.6158866882324219
0.2043120115995407
0.4400295913219452
0.8024567365646362
0.5812897682189941
0.7884122729301453
0.6705641746520996
0.7458175420761108
0.4455539882183075
0.8347820043563843
0.9868532419204712
0.032732561230659485
0.7210274934768677
0.7827666401863098
0.39391613006591797
0.3645987808704376
0.8861107230186462
0.7992822527885437
0.950404167175293
0.07138557732105255
0.5359247326850891
0.3212085962295532
0.5459040999412537
0.5415346026420593
0.6923226714134216
0.6212170124053955
0.8410657644271851
0.6532406806945801
0.8432734608650208
0.5033735036849976
0.975609540939331
0.476450651884079
0.7081329822540283
0.3865529000759125
0.8927565813064575
0.47395381331443787
0.9875396490097046
0.47706931829452515
0.6222109198570251
0.63984215259552
0.12001735717058182
0.5592670440673828
0.8058254718780518
0.37790170311927795
0.4202142655849457
0.8771020174026489
0.5976871252059937
0.3426707983016968
0.1488950252532959
0.9130145311355591
0.8574091792106628
0.17755571007728577
0.05678395554423332
0.15857423841953278
0.04374633729457855
0.5505573153495789
0.786975622177124
0.867972195148468
0.3049736022949219
0.6500999331474304
0.3732683062553406
0.7647793889045715
0.07430374622344971
0.8563829660415649
0.7824215888977051
0.2575109601020813
0.3872441053390503
0.09314893186092377
0.47938963770866394
0.014476415701210499
0.0007702629081904888
0.7884565591812134
0.6345114707946777
0.038215748965740204
0.2538595497608185
0.5267828702926636
0.38487178087234497
0.29878878593444824
0.9668284058570862
0.5291008949279785
0.13172456622123718
0.559807300567627
0.026630083099007607
0.6840885877609253
0.8571490049362183
0.813905656337738
0.779433012008667
0.7698067426681519
0.23994122445583344
0.4812806248664856
0.6810934543609619
0.5777907967567444
0.5611705780029297
0.9212899208068848
0.49243614077568054
0.08752372115850449
0.34082984924316406
0.43225032091140747
0.43073609471321106
0.8693779706954956
0.8558929562568665
0.3799944818019867
0.28227928280830383
0.5782278180122375
0.4288526177406311
0.6463531255722046
0.3094683587551117
0.9838245511054993
0.13717935979366302
0.13573822379112244
0.8730366826057434
0.2847791910171509
0.38139593601226807
0.4479469656944275
0.6239826679229736
0.297641396522522
0.5348920226097107
0.8931393623352051
0.29096999764442444
0.31479111313819885
0.7344547510147095
0.7566131353378296
0.26089268922805786
0.7311747670173645
0.9700154662132263
0.7502378225326538
0.1732223927974701
0.2496769279241562
0.17053109407424927
0.6741406917572021
0.4036332368850708
0.19166044890880585
0.5287805795669556
0.3100195527076721
0.746410071849823
0.2426825314760208
0.7551231980323792
0.2756945788860321
0.9774541258811951
0.42578503489494324
0.013650183565914631
0.12241508066654205
0.8446214199066162
0.26785412430763245
0.016000211238861084
0.7754749655723572
0.7704764008522034
0.37928205728530884
0.7396479845046997
0.6378008127212524
0.3597586452960968
0.7352697253227234
0.674909234046936
0.7965652942657471
0.607596218585968
0.2503095269203186
0.4785488545894623
0.7931076884269714
0.5718902349472046
0.6828120350837708
0.1057111993432045
0.7681421041488647
0.8807379603385925
0.7246721386909485
0.48822611570358276
0.11110695451498032
0.33134016394615173
0.2409065067768097
0.7146545648574829
0.03990424796938896
0.2521963119506836
0.4476933181285858
0.06317795813083649
0.12873026728630066
0.6112017035484314
0.4961201846599579
0.023065563291311264
0.32405146956443787
0.9425697326660156
0.9221760034561157
0.8858635425567627
0.7727596759796143
0.8143218159675598
0.20252980291843414
0.7373215556144714
0.37479081749916077
0.9584341645240784
0.246724933385849
0.4443873167037964
0.7121469974517822
0.9208160042762756
0.7719965577125549
0.8127751350402832
0.33812519907951355
0.7599874138832092
0.5862465500831604
0.8094387650489807
0.7087897062301636
0.9564172029495239
0.2817284166812897
0.06186779960989952
0.420531302690506
0.618073582649231
0.4771895110607147
0.008232255466282368
0.35416558384895325
0.48724281787872314
0.4755280911922455
0.17344440519809723
0.21868956089019775
0.8167421817779541
0.6289470791816711
0.21514038741588593
0.4526773989200592
0.28399232029914856
0.5367023348808289
0.3584240972995758
0.1312510371208191
0.4002230167388916
0.14133642613887787
0.3108963966369629
0.9944257736206055
0.34575000405311584
0.43531420826911926
0.4453623294830322
0.5220797657966614
0.9041162729263306
0.8757195472717285
0.3729335069656372
0.21490339934825897
0.8262428641319275
0.01836109161376953
0.45089465379714966
0.15957285463809967
0.604985237121582
0.6678298115730286
0.16041086614131927
0.71463942527771
0.8636987209320068
0.31642383337020874
0.3464173674583435
0.4686909019947052
0.026295697316527367
0.8078377842903137
0.5227956771850586
0.22566792368888855
0.8861486911773682
0.4368310868740082
0.3165453374385834
0.8379125595092773
0.7104993462562561
0.16615030169487
0.7354163527488708
0.4732974171638489
0.7030524611473083
0.27110639214515686
0.9393506646156311
0.4030694365501404
0.34905141592025757
0.028338072821497917
0.3370373547077179
0.03205238655209541
0.4674707353115082
0.13190625607967377
0.13124746084213257
0.48247814178466797
0.3344592750072479
0.991454541683197
0.5401789546012878
0.363535612821579
0.5394843220710754
0.27078768610954285
0.7140686511993408
0.7675034999847412
0.6928093433380127
0.9131168723106384
0.7964338064193726
0.4802720546722412
0.255349725484848
0.7560597062110901
0.6050443053245544
0.3028932809829712
0.9243184924125671
0.05490577220916748
0.06859298050403595
0.6246787905693054
0.46935349702835083
0.17773188650608063
0.2977365553379059
0.7947404980659485
0.0738249123096466
0.535098135471344
0.3442663550376892
0.18937191367149353
0.009269467554986477
0.7003509402275085
0.6513408422470093
0.5280656218528748
0.05074508115649223
0.6193910837173462
0.09029162675142288
0.6480062007904053
0.6585595607757568
0.5973517298698425
0.41948533058166504
0.46909067034721375
0.4118690490722656
0.5948425531387329
0.2681463956832886
0.6961333751678467
0.20844966173171997
0.584031879901886
0.6205692887306213
0.20722565054893494
0.39571717381477356
0.39744123816490173
0.9980923533439636
0.43348321318626404
0.2895309031009674
0.8358408212661743
0.09386160969734192
0.5553600192070007
0.08114675432443619
0.061140045523643494
0.7277311682701111
0.8429397344589233
0.2941303551197052
0.9912729859352112
0.8578919172286987
0.5415062308311462
0.5283957719802856
0.5938774943351746
0.6994352340698242
0.6192852854728699
0.49375587701797485
0.6286358833312988
0.9240127205848694
0.45779865980148315
0.9303674101829529
0.1940312683582306
0.17683348059654236
0.8466878533363342
0.9554518461227417
0.09645716100931168
0.9344270825386047
0.052260711789131165
0.6303736567497253
0.6676125526428223
0.3010125756263733
0.00558463716879487
0.31870922446250916
0.17084769904613495
0.0441509410738945
0.47602298855781555
0.4364815950393677
0.3349936902523041
0.1470031589269638
0.0322328619658947
0.9177923798561096
0.2644215226173401
0.3670167326927185
0.6929231286048889
0.2727983295917511
0.5181254744529724
0.6821284294128418
0.2647852897644043
0.354858934879303
0.9577105641365051
0.12422887235879898
0.8983838558197021
0.41788551211357117
0.3968680799007416
0.6537029147148132
0.11829604208469391
0.9506669640541077
0.8268563151359558
0.2789222002029419
0.7327814698219299
0.24777767062187195
0.48597070574760437
0.3351984918117523
0.3748582899570465
0.04080715775489807
0.10190330445766449
0.6003056764602661
0.4937949478626251
0.015874646604061127
0.30879855155944824
0.11171700805425644
0.8846833109855652
0.40597739815711975
0.21975299715995789
0.6334124207496643
0.7631132006645203
0.5920254588127136
0.5137320160865784
0.13640360534191132
0.5117613077163696
0.9373296499252319
0.9274730086326599
0.28496405482292175
0.5746344923973083
0.48604539036750793
0.27189385890960693
0.005988065153360367
0.7934209704399109
0.18987107276916504
0.19607818126678467
0.856424868106842
0.7929070591926575
0.5996689200401306
0.6002498269081116
0.9498274326324463
0.4554130434989929
0.7472265362739563
0.5704137682914734
0.294711709022522
0.5523455142974854
0.6334385871887207
0.4689735770225525
0.7844561338424683
0.9700013399124146
0.14590854942798615
0.205088809132576
0.8781401515007019
0.34433645009994507
0.5682664513587952
0.8186460137367249
0.30129316449165344
0.05964890867471695
0.8819940686225891
0.7929704785346985
0.29629918932914734
0.1549203246831894
0.05364401638507843
0.917721688747406
0.32271608710289
0.7112561464309692
0.27993878722190857
0.49389976263046265
0.6676764488220215
0.6536102294921875
0.6852655410766602
0.8379536271095276
0.856843113899231
0.015729421749711037
0.9529120326042175
0.25223952531814575
0.5825096368789673
0.7603097558021545
0.31892040371894836
0.6758477091789246
0.81655353307724
0.366504043340683
0.21760258078575134
0.3571983873844147
0.44216832518577576
0.2909509837627411
0.4528598189353943
0.977648913860321
0.9723708629608154
0.41860222816467285
0.6231168508529663
0.9410587549209595
0.5366328954696655
0.4988690912723541
0.4133099317550659
0.9798489212989807
0.19374431669712067
0.074196957051754
0.4037501811981201
0.1837625950574875
0.709252119064331
0.9887012839317322
0.1419118046760559
0.7750625014305115
0.422821968793869
0.7830840349197388
0.10029973089694977
0.10680568218231201
0.3145820200443268
0.5694714188575745
0.44402265548706055
0.4493231475353241
0.13742734491825104
0.625072717666626
0.7548463344573975
0.7076979875564575
0.8773977160453796
0.01685599610209465
0.4486832618713379
0.2857193052768707
0.42226642370224
0.8312740921974182
0.9864585399627686
0.8969936370849609
0.5081252455711365
0.8860876560211182
0.04096981883049011
0.3971654176712036
0.9237217903137207
0.7069311738014221
0.7841612696647644
0.10568344593048096
0.4448464810848236
0.13335973024368286
0.09245274215936661
0.6325975060462952
0.6478602886199951
0.9917045831680298
0.4683417081832886
0.8210760951042175
0.35014453530311584
0.5935516953468323
0.299099326133728
0.32984620332717896
0.06813162565231323
0.8672232627868652
0.9964331388473511
0.2601436674594879
0.3541288375854492
0.6170652508735657
0.009159627370536327
0.6707509160041809
0.7934751510620117
0.9708648324012756
0.48539435863494873
0.1229429617524147
0.7055945992469788
0.76567542552948
0.870890736579895
0.6250807046890259
0.39150917530059814
0.8545791506767273
0.9677901864051819
0.11122165620326996
0.9062237739562988
0.6478406190872192
0.7369957566261292
0.023939721286296844
0.6388629078865051
0.8170111179351807
0.9620071053504944
0.321770042181015
0.6801061630249023
0.12828955054283142
0.8207857012748718
0.36005863547325134
0.25885581970214844
0.4723389148712158
0.017152639105916023
0.8000159859657288
0.5958799123764038
0.4626776874065399
0.37966006994247437
0.43947431445121765
0.11284500360488892
0.6325191855430603
0.3640061616897583
0.44140443205833435
0.0749431923031807
0.39722198247909546
0.6405335664749146
0.7397007346153259
0.24242442846298218
0.4119686782360077
0.6214591264724731
0.7357075810432434
0.3212425708770752
0.6879415512084961
0.3913111388683319
0.4624084234237671
0.9407884478569031
0.5581538677215576
0.4926247000694275
0.36390745639801025
0.9023556113243103
0.6704931855201721
0.32336097955703735
0.06034480407834053
0.6898061037063599
0.036929238587617874
0.0629652664065361
0.7140653133392334
0.9997152090072632
0.7946214079856873
0.7744112014770508
0.5912271738052368
0.43326860666275024
0.13616402447223663
0.20764297246932983
0.7006789445877075
0.9652218818664551
0.5785025954246521
0.5150627493858337
0.7221470475196838
0.8028942346572876
0.7000290155410767
0.23640120029449463
0.6102902889251709
0.8633773922920227
0.7450178861618042
0.4690514802932739
0.01732945442199707
0.08675970137119293
0.9518492221832275
0.9336661100387573
0.7714877128601074
0.03182198479771614
0.10759134590625763
0.21016567945480347
0.7486307621002197
0.6679941415786743
0.13395069539546967
0.6924681663513184
0.6289035081863403
0.063633032143116
0.5158942937850952
0.5178177356719971
0.15881069004535675
0.5848580002784729
0.17599546909332275
0.8378316760063171
0.02274802140891552
0.4250795245170593
0.09073144942522049
0.47803136706352234
0.49686115980148315
0.8689599633216858
0.10422497242689133
0.10102871060371399
0.6182395815849304
0.001876512193121016
0.37133702635765076
0.6780056357383728
0.9827662110328674
0.7466626763343811
0.6178243160247803
0.297521710395813
0.4268206059932709
0.8640129566192627
0.8337841033935547
0.4758884608745575
0.6171044707298279
0.4062820374965668
0.6568334102630615
0.28775617480278015
0.6246126294136047
0.22797489166259766
0.9560138583183289
0.7270911335945129
0.7985137104988098
0.4806128144264221
0.8491179943084717
0.44595858454704285
0.14232949912548065
0.6614304184913635
0.45771631598472595
0.7286774516105652
0.848205029964447
0.2518755793571472
0.7098198533058167
0.579774022102356
0.9609057307243347
0.22509518265724182
0.07591765373945236
0.052607353776693344
0.0245679821819067
0.5242835879325867
0.5759381055831909
0.31810346245765686
0.3841736614704132
0.07571855187416077
0.7629944086074829
0.5614635944366455
0.8832381367683411
0.11777909100055695
0.054548025131225586
0.6276060342788696
0.8030132055282593
0.8692005276679993
0.3927215039730072
0.7936870455741882
0.4675803482532501
0.6807262897491455
0.3193485140800476
0.08786825090646744
0.9520238041877747
0.20342902839183807
0.49827298521995544
0.11554430425167084
0.31721869111061096
0.22959183156490326
0.9208152294158936
0.7677231431007385
0.19764412939548492
0.8657048344612122
0.48779967427253723
0.3511831760406494
0.8038462996482849
0.4920942187309265
0.9019518494606018
0.5894181132316589
0.3816627562046051
0.5289067625999451
0.44093629717826843
0.8178589344024658
0.5893961191177368
0.5425993204116821
0.7043690085411072
0.19722336530685425
0.811157763004303
0.5142042636871338
0.7442604899406433
0.034783344715833664
0.8599322438240051
0.345388799905777
0.2259351909160614
0.5662119388580322
0.26901501417160034
0.28918635845184326
0.6594883799552917
0.6932895183563232
0.518363356590271
0.24851758778095245
0.40632033348083496
0.5630807280540466
0.7728301882743835
0.7525067329406738
0.8838909268379211
0.9883294701576233
0.5105826258659363
0.5188103318214417
0.10238859802484512
0.68692946434021
0.2998720705509186
0.47484609484672546
0.9936244487762451
0.3980877101421356
0.18609169125556946
0.5395676493644714
0.5006534457206726
0.29052478075027466
0.46652498841285706
0.31979236006736755
0.0207049623131752
0.3009244501590729
0.9084269404411316
0.6683495044708252
0.05974102020263672
0.9451180100440979
0.20445522665977478
0.33746546506881714
0.24882620573043823
0.7355890870094299
0.17824386060237885
0.10678503662347794
0.6926705837249756
0.653317391872406
0.3387218713760376
0.8685643672943115
0.6487596035003662
0.04529893025755882
0.153949573636055
0.8646956086158752
0.374828040599823
0.8958290219306946
0.03910238668322563
0.9447931051254272
0.16653305292129517
0.9915133714675903
0.7750841975212097
0.7049750685691833
0.4373025596141815
0.10034524649381638
0.17888347804546356
0.9731402397155762
0.8050047159194946
0.26055407524108887
0.5394845604896545
0.8695269227027893
0.08482333272695541
0.5039624571800232
0.08672421425580978
0.4868251383304596
0.884731650352478
0.9197570085525513
0.7499242424964905
0.8511115908622742
0.7428590059280396
0.7325276136398315
0.7268136143684387
0.556125283241272
0.5767641663551331
0.44047310948371887
0.9941917061805725
0.12125629186630249
0.518855094909668
0.37436461448669434
0.47048136591911316
0.6899951100349426
0.9701958894729614
0.019229630008339882
0.9156106114387512
0.27043360471725464
0.7097572684288025
0.4952954351902008
0.3057028651237488
0.19303278625011444
0.3622262179851532
0.9123190641403198
0.6952199935913086
0.19634294509887695
0.14669884741306305
0.6159512996673584
0.962511420249939
0.4367772936820984
0.7887983918190002
0.8258965611457825
0.7751529216766357
0.21002744138240814
0.9212992787361145
0.18485596776008606
0.5351336002349854
0.7162910103797913
0.46572840213775635
0.5001843571662903
0.46919605135917664
0.33275723457336426
0.16560736298561096
0.4589526355266571
0.06464985013008118
0.8889340758323669
0.5359631180763245
0.9081299901008606
0.6830939650535583
0.34952375292778015
0.3420559763908386
0.1344335973262787
0.23892290890216827
0.30772948265075684
0.8161449432373047
0.057475797832012177
0.03814651817083359
0.263058066368103
0.9823732972145081
0.23768354952335358
0.6311859488487244
0.8098275065422058
0.3823791444301605
0.47097328305244446
0.29660314321517944
0.4885639548301697
0.38302308320999146
0.7871044874191284
0.5762574076652527
0.9253755807876587
0.5565632581710815
0.9591096639633179
0.4386262595653534
0.8338255286216736
0.976228654384613
0.8003305196762085
0.07214540243148804
0.7387670874595642
0.02235199324786663
0.8024793863296509
0.6411714553833008
0.9770577549934387
0.9472869634628296
0.5760733485221863
0.05868661776185036
0.13928723335266113
0.14543284475803375
0.8455687165260315
0.13388054072856903
0.18635886907577515
0.5562339425086975
0.7242718935012817
0.27625420689582825
0.934726893901825
0.5377570390701294
0.16319520771503448
0.05395162105560303
0.9640985131263733
0.15375329554080963
0.9006903171539307
0.43937385082244873
0.29323598742485046
0.055145151913166046
0.8347105383872986
0.05487998574972153
0.48595666885375977
0.014610347338020802
0.7520852088928223
0.6046536564826965
0.4906714856624603
0.4323762357234955
0.6362830996513367
0.6958068013191223
0.821295440196991
0.014996538870036602
0.8922526240348816
0.9426619410514832
0.9369798898696899
0.5688405632972717
0.7441741228103638
0.5027360320091248
0.7698858976364136
0.46911564469337463
0.4167700409889221
0.8980312943458557
0.5077588558197021
0.16817881166934967
0.15007080137729645
0.29797014594078064
0.9071148633956909
0.012225577607750893
0.6860795021057129
0.10675434023141861
0.22827845811843872
0.9574634432792664
0.24052463471889496
0.30248430371284485
0.1993991732597351
0.15313470363616943
0.29342371225357056
0.2391212284564972
0.43254461884498596
0.9474291205406189
0.32585233449935913
0.05252288281917572
0.9086369872093201
0.06219708174467087
0.9899674654006958
0.04922471195459366
0.5624070763587952
0.013153471983969212
0.3057922124862671
0.38374462723731995
0.33861833810806274
0.03350599482655525
0.9784526228904724
0.24407793581485748
0.5520800352096558
0.2295866310596466
0.8996399641036987
0.637739896774292
0.07616423070430756
0.61369389295578
0.7768555879592896
0.4897304177284241
0.3478480279445648
0.8426620364189148
0.7995768785476685
0.11757195740938187
0.4015842080116272
0.224629744887352
0.17467381060123444
0.3935001790523529
0.25406211614608765
0.6270028352737427
0.09800496697425842
0.45181238651275635
0.0939577966928482
0.3205123841762543
0.7041833400726318
0.22931577265262604
0.3334657847881317
0.1514270007610321
0.26718905568122864
0.3746801018714905
0.7242516279220581
0.6629881262779236
0.6263253092765808
0.10242760926485062
0.7449154853820801
0.22810642421245575
0.8743165135383606
0.7492021918296814
0.5148196816444397
0.7107009291648865
0.39653024077415466
0.4171215891838074
0.534217119216919
0.3103553056716919
0.3114650547504425
0.22610609233379364
0.6840375661849976
0.0888223722577095
0.7169853448867798
0.07874463498592377
0.6742389798164368
0.019992206245660782
0.8964002728462219
0.44884398579597473
0.11948544532060623
0.8590065240859985
0.1141500398516655
0.846596896648407
0.13618144392967224
0.4391908049583435
0.23419423401355743
0.553907573223114
0.04100313037633896
0.3173125088214874
0.2947053015232086
0.47742998600006104
0.8048787713050842
0.7702047228813171
0.42470231652259827
0.10908915102481842
0.20287251472473145
0.6586035490036011
0.8992675542831421
0.22201311588287354
0.8594927191734314
0.11613868176937103
0.7427075505256653
0.7007404565811157
0.25982898473739624
0.06418872624635696
0.6752675771713257
0.4627784192562103
0.13156279921531677
0.9529396295547485
0.24462465941905975
0.6750676035881042
0.9787876009941101
0.3814641535282135
0.6898268461227417
0.5552129745483398
0.5453780293464661
0.5361447930335999
0.7536711692810059
0.2571849822998047
0.5811144113540649
0.6292446255683899
0.8898952007293701
0.47577595710754395
0.43829649686813354
0.7913164496421814
0.9163941740989685
0.17107759416103363
0.9494321346282959
0.7428956627845764
0.7899659872055054
0.06532394140958786
0.5408923029899597
0.5715042352676392
0.5311019420623779
0.40354809165000916
0.18239828944206238
0.2516373097896576
0.9761130213737488
0.26978451013565063
0.4865848422050476
0.2580638825893402
0.9906752109527588
0.10146719962358475
0.41252997517585754
0.13860657811164856
0.06983792781829834
0.2621188759803772
0.7339016199111938
0.8770937919616699
0.41032251715660095
0.8520689010620117
0.28029972314834595
0.6992154121398926
0.7361182570457458
0.8366675972938538
0.22302953898906708
0.8794821500778198
0.012638339772820473
0.6576667428016663
0.32174161076545715
0.2874087989330292
0.28481918573379517
0.14969858527183533
0.7839335203170776
0.12667585909366608
0.3845328986644745
0.42477327585220337
0.5052142143249512
0.37471988797187805
0.8636803030967712
0.7302119731903076
0.6522998809814453
0.5270925164222717
0.32503843307495117
0.8138903379440308
0.8461847901344299
0.6966705918312073
0.4628768861293793
0.15374769270420074
0.4505259394645691
0.9544987678527832
0.6567918062210083
0.730925440788269
0.19854296743869781
0.33162540197372437
0.7297780513763428
0.5653591752052307
0.29599836468696594
0.6551055312156677
0.5640072822570801
0.059300534427165985
0.12258937209844589
0.33652064204216003
0.341606080532074
0.4317035675048828
0.07931646704673767
0.038013771176338196
0.7657773494720459
0.594556987285614
0.701946496963501
0.2736707031726837
0.6906485557556152
0.89890056848526
0.0858476385474205
0.09903909265995026
0.4692992866039276
0.11662840098142624
0.3660067915916443
0.04014294221997261
0.461008757352829
0.1689842939376831
0.17263680696487427
0.1193079873919487
0.8692017793655396
0.03709335997700691
0.7087144255638123
0.4835924506187439
0.03913301229476929
0.07544610649347305
0.5766384601593018
0.7941800951957703
0.3682977855205536
0.008952630683779716
0.3251587748527527
0.7109566330909729
0.009036497212946415
0.34466344118118286
0.5069835186004639
0.5308723449707031
0.5601969361305237
0.25460657477378845
0.09778936207294464
0.7961437702178955
0.6135625243186951
0.8749157786369324
0.6439648270606995
0.7864249348640442
0.05838950723409653
0.8873878121376038
0.47777578234672546
0.6207767128944397
0.8986070156097412
0.7515134215354919
0.3451480269432068
0.09434125572443008
0.8588597774505615
0.9345390200614929
0.9111700057983398
0.72420734167099
0.2570328712463379
0.9167037606239319
0.9999194145202637
0.7944592237472534
0.16718806326389313
0.06579316407442093
0.6690074801445007
0.5788291692733765
0.9706708192825317
0.9221779704093933
0.21045339107513428
0.34245309233665466
0.22054262459278107
0.8018314838409424
0.8013819456100464
0.5785797834396362
0.8761577606201172
0.09987380355596542
0.15095116198062897
0.541487455368042
0.6698810458183289
0.27260372042655945
0.8562183976173401
0.38236451148986816
0.9140904545783997
0.2979165315628052
0.6807893514633179
0.8520864844322205
0.7745776176452637
0.5872147679328918
0.4652137756347656
0.8694396615028381
0.3974402844905853
0.7186777591705322
0.8421263098716736
0.8102288246154785
0.9307306408882141
0.9533737897872925
0.9215536713600159
0.7249636054039001
0.05593201145529747
0.5415334105491638
0.8822320103645325
0.7414965033531189
0.6574317812919617
0.48836761713027954
0.7609275579452515
0.26842981576919556
0.8664524555206299
0.07491470128297806
0.8655708432197571
0.07210200279951096
0.43608635663986206
0.4214552044868469
0.28365498781204224
0.8272579908370972
0.9045863151550293
0.2718755006790161
0.83526611328125
0.9019307494163513
0.2602202594280243
0.7606872320175171
0.8935930132865906
0.5648037195205688
0.7840341925621033
0.664964497089386
0.4640163481235504
0.4581800699234009
0.22741608321666718
0.6264237761497498
0.5218538641929626
0.7987691164016724
0.24624399840831757
0.5953773260116577
0.9944920539855957
0.8536022901535034
0.18969450891017914
0.5367468595504761
0.856840968132019
0.7313331365585327
0.8291708827018738
0.6384881734848022
0.671663224697113
0.2943655848503113
0.23260463774204254
0.976469099521637
0.676697313785553
0.46075502038002014
0.09150243550539017
0.9647541046142578
0.2569601833820343
0.06265714764595032
0.9193757772445679
0.761310338973999
0.4867797791957855
0.9593731760978699
0.9196299314498901
0.8114397525787354
0.9445101022720337
0.30771416425704956
0.5403462648391724
0.2428794652223587
0.5178309679031372
0.9634066224098206
0.364401638507843
0.368906170129776
0.1045905277132988
0.2118443250656128
0.925825834274292
0.7366564869880676
0.45843008160591125
0.5479525327682495
0.42060405015945435
0.36909255385398865
0.22342896461486816
0.11554350703954697
0.13229094445705414
0.5781465768814087
0.7816838622093201
0.7138000130653381
0.5700498819351196
0.2624489665031433
0.5332670211791992
0.8503649830818176
0.2887544631958008
0.4454393684864044
0.5580996870994568
0.4269312918186188
0.3940490484237671
0.922941267490387
0.80312579870224
0.7486260533332825
0.6907151937484741
0.6509475111961365
0.607104480266571
0.18131504952907562
0.19141767919063568
0.1574580818414688
0.42284122109413147
0.19430257380008698
0.033347658812999725
0.9150813221931458
0.051523324102163315
0.6591599583625793
0.360958456993103
0.05574019253253937
0.22474391758441925
0.8042449355125427
0.6649420857429504
0.7367526292800903
0.8416116237640381
0.6097121834754944
0.6641549468040466
0.110235795378685
0.4739730954170227
0.5531566739082336
0.10589776188135147
0.7685914039611816
0.685224711894989
0.5888999104499817
0.2265453338623047
0.5777538418769836
0.45644888281822205
0.7747302055358887
0.6194981932640076
0.6740597486495972
0.7914072275161743
0.674921452999115
0.40451642870903015
0.8788450956344604
0.14286720752716064
0.7635161876678467
0.16488292813301086
0.3067694306373596
0.20447641611099243
0.7087981104850769
0.9308797121047974
0.7719438076019287
0.06817655265331268
0.6308318376541138
0.35441112518310547
0.9515969157218933
0.8541786670684814
0.9777973890304565
0.45876505970954895
0.4440624415874481
0.7348756790161133
0.24767053127288818
0.3612748086452484
0.513580858707428
0.9112476110458374
0.6396076679229736
0.5107921957969666
0.4798573851585388
0.18069790303707123
0.49530214071273804
0.9980034232139587
0.4369780123233795
0.23157817125320435
0.9150866270065308
0.41435980796813965
0.49603429436683655
0.9767977595329285
0.6718725562095642
0.924583911895752
0.14576110243797302
0.6902349591255188
0.5685470104217529
0.9558268189430237
0.04911540448665619
0.8970754146575928
0.8569681644439697
0.8234925270080566
0.45928364992141724
0.554071307182312
0.6503337621688843
0.29451438784599304
0.2886883616447449
0.0071344138123095036
0.4647963047027588
0.41247060894966125
0.036125246435403824
0.6084171533584595
0.6728110909461975
0.17718234658241272
0.9444399476051331
0.4887754023075104
0.6220822334289551
0.41232553124427795
0.45935890078544617
0.5745103359222412
0.010549122467637062
0.10112369060516357
0.4579102694988251
0.6505571007728577
0.4607125222682953
0.9236794114112854
0.5879162549972534
0.7920021414756775
0.0849490761756897
0.8365252017974854
0.5236241817474365
0.0987948551774025
0.6715157628059387
0.9870158433914185
0.942112147808075
0.8126816749572754
0.8408282995223999
0.43246984481811523
0.5570915341377258
0.19541966915130615
0.926352858543396
0.22416898608207703
0.13640016317367554
0.18763020634651184
0.36985406279563904
0.31582820415496826
0.043419986963272095
0.18955495953559875
0.15992455184459686
0.29119566082954407
0.31958967447280884
0.4250865876674652
0.7008294463157654
0.8785659074783325
0.7657030820846558
0.8132662773132324
0.5424343347549438
0.4978041350841522
0.5687898993492126
0.5997014045715332
0.13166335225105286
0.5448858141899109
0.06294038891792297
0.8727951049804688
0.33836665749549866
0.9452497959136963
0.8297278881072998
0.3356652855873108
0.7921929955482483
0.4728858470916748
0.6886195540428162
0.6989694237709045
0.9882360696792603
0.4102870225906372
0.27595198154449463
0.38856008648872375
0.09215109050273895
0.7145045399665833
0.12285596132278442
0.9162797927856445
0.9122822880744934
0.34925493597984314
0.10446644574403763
0.7975253462791443
0.9335402250289917
0.854266881942749
0.09992846846580505
0.8065133094787598
0.4595986604690552
0.47403356432914734
0.8350875973701477
0.7634999752044678
0.37352338433265686
0.47461143136024475
0.07603806257247925
0.46248313784599304
0.01937725767493248
0.5104839205741882
0.4298350512981415
0.09577468782663345
0.9402591586112976
0.6656063795089722
0.3267364799976349
0.09391968697309494
0.7702706456184387
0.7657471299171448
0.12593770027160645
0.5088198781013489
0.6866967678070068
0.5525873899459839
0.9372408390045166
0.014487306587398052
0.3209068775177002
0.046882905066013336
0.9316071271896362
0.4517075717449188
0.17298159003257751
0.6283125281333923
0.39849990606307983
0.9764152765274048
0.7572164535522461
0.45687296986579895
0.9461288452148438
0.8823458552360535
0.963692307472229
0.9490108489990234
0.6296765804290771
0.44332268834114075
0.49917730689048767
0.8348897695541382
0.459160715341568
0.006086274981498718
0.7823426127433777
0.6119739413261414
0.4331071972846985
0.08895879983901978
0.3323749601840973
0.6523861289024353
0.5270814895629883
0.5086348652839661
0.8598769903182983
0.500591516494751
0.5669412612915039
0.189595565199852
0.7670505046844482
0.079407699406147
0.8571162819862366
0.7494054436683655
0.4022248089313507
0.8515352606773376
0.44634658098220825
0.546980619430542
0.5593461394309998
0.5092841982841492
0.6022127866744995
0.6441999077796936
0.7638113498687744
0.41526806354522705
0.05243527144193649
0.7439864277839661
0.19378046691417694
0.337527871131897
0.6747136116027832
0.6450256109237671
0.8583521842956543
0.9273050427436829
0.58495032787323
0.870857298374176
0.5852900743484497
0.959649920463562
0.6855736970901489
0.9993605613708496
0.5326769948005676
0.6457953453063965
0.7394516468048096
0.6482738256454468
0.5220328569412231
0.8310290575027466
0.022868473082780838
0.2284907102584839
0.024809082970023155
0.4491777718067169
0.06108148396015167
0.6843347549438477
0.4197368621826172
0.2681350111961365
0.00011026926222257316
0.38190144300460815
0.26090899109840393
0.7707293629646301
0.8691824674606323
0.9301112294197083
0.8769574165344238
0.8397253155708313
0.5378656387329102
0.7727430462837219
0.9345738291740417
0.007114484906196594
0.08972614258527756
0.18545378744602203
0.5106215476989746
0.6957983374595642
0.6186267733573914
0.0945054367184639
0.15396912395954132
0.9056342840194702
0.45741763710975647
0.6421331763267517
0.8928545713424683
0.5182666182518005
0.38530027866363525
0.7375240921974182
0.9288952350616455
0.6072590947151184
0.3324708640575409
0.18908020853996277
0.7050464749336243
0.21613064408302307
0.12856736779212952
0.3621012568473816
0.4415443241596222
0.8033709526062012
0.7561298608779907
0.20027267932891846
0.5678392648696899
0.6720697283744812
0.8692932724952698
0.27902764081954956
0.9422414302825928
0.15355145931243896
0.6616796851158142
0.4070955216884613
0.7098047733306885
0.17210018634796143
0.04593641683459282
0.11465098708868027
0.6863701343536377
0.40003466606140137
0.40913957357406616
0.4941188097000122
0.9009508490562439
0.7541431784629822
0.9425631761550903
0.9661903381347656
0.3980483412742615
0.9492928981781006
0.9089651703834534
0.9634735584259033
0.1563170850276947
0.14262859523296356
0.14261437952518463
0.28628528118133545
0.6067212820053101
0.6190083622932434
0.7231612205505371
0.8959416151046753
0.6674913763999939
0.1599324494600296
0.2477908730506897
0.24611729383468628
0.012054240331053734
0.12793590128421783
0.6380295753479004
0.3862101137638092
0.5434555411338806
0.8104029297828674
0.953001856803894
0.27269941568374634
0.37368205189704895
0.40819624066352844
0.05589582771062851
0.3442571461200714
0.742470920085907
0.998144268989563
0.08565361052751541
0.10913588851690292
0.37565356492996216
0.4502370059490204
0.8422240018844604
0.5122498869895935
0.5126932263374329
0.6877701282501221
0.7145944237709045
0.44445788860321045
0.44461318850517273
0.06491725891828537
0.6567372679710388
0.4927438199520111
0.7991424798965454
0.5333393812179565
0.71495521068573
0.45745328068733215
0.2094450145959854
0.9172406792640686
0.17693567276000977
0.8938194513320923
0.37933236360549927
0.6755498051643372
0.01234100479632616
0.5956442952156067
0.8455268740653992
0.4290674030780792
0.8541075587272644
0.9879084229469299
0.5142701268196106
0.8862706422805786
0.20851017534732819
0.007541768252849579
0.7161468267440796
0.9945928454399109
0.018139787018299103
0.4830389618873596
0.3390324115753174
0.8526628613471985
0.05499757453799248
0.922686755657196
0.7683984041213989
0.5346973538398743
0.282495379447937
0.5163706541061401
0.26690948009490967
0.24450208246707916
0.3545500934123993
0.14340417087078094
0.9938410520553589
0.40463078022003174
0.6273893713951111
0.2588205337524414
0.7840856909751892
0.6857813596725464
0.9675593376159668
0.01646379381418228
0.9703430533409119
0.8418946862220764
0.7766263484954834
0.591812252998352
0.401065856218338
0.9217473864555359
0.18641792237758636
0.37026524543762207
0.9118978381156921
0.39737799763679504
0.2101951390504837
0.8754901885986328
0.6434805393218994
0.8292070031166077
0.28896334767341614
0.48911166191101074
0.12012816965579987
0.172974094748497
0.014061076566576958
0.5370132327079773
0.07306969165802002
0.2808978259563446
0.048608552664518356
0.3285464942455292
0.06764771044254303
0.5071561932563782
0.102963887155056
0.23597757518291473
0.22864125669002533
0.7249787449836731
0.18964828550815582
0.9677630662918091
0.4737934470176697
0.9480684995651245
0.6287384033203125
0.16795992851257324
0.5093461871147156
0.9897124171257019
0.8026919960975647
0.12832370400428772
0.4923841059207916
0.015437878668308258
0.3804870843887329
0.8916548490524292
0.28791534900665283
0.2709542512893677
0.5750011801719666
0.4691181480884552
0.6836459636688232
0.8394734859466553
0.21165591478347778
0.20650596916675568
0.08749335259199142
0.5174334645271301
0.23762013018131256
0.7718657851219177
0.641123354434967
0.11585332453250885
0.8053132891654968
0.6535740494728088
0.37416014075279236
0.002757818205282092
0.6705350279808044
0.033759333193302155
0.16553713381290436
0.2398010790348053
0.5699716210365295
0.5860065817832947
0.3571503162384033
0.47803789377212524
0.6724104881286621
0.10882526636123657
0.9657627940177917
0.04529356583952904
0.6198645830154419
0.16248436272144318
0.22225557267665863
0.08728570491075516
0.9364331364631653
0.7532504200935364
0.24725046753883362
0.2293713539838791
0.20952506363391876
0.38955387473106384
0.1788187175989151
0.8206601738929749
0.818943977355957
0.645435094833374
0.07985691726207733
0.27659541368484497
0.9924799799919128
0.48317188024520874
0.9537708759307861
0.14381103217601776
0.792934000492096
0.6255274415016174
0.8824957609176636
0.6013149619102478
0.04002363607287407
0.490358829498291
0.943207323551178
0.9325166344642639
0.24049445986747742
0.0609373040497303
0.16044484078884125
0.8150131702423096
0.893470823764801
0.7301727533340454
0.044563084840774536
0.3917698562145233
0.5392895340919495
0.3158905804157257
0.2645464539527893
0.4463513493537903
0.4130684733390808
0.928112268447876
0.1894855797290802
0.6655908226966858
0.462567001581192
0.9340000748634338
0.052670057862997055
0.837001621723175
0.3839602768421173
0.9542535543441772
0.9760997891426086
0.5158248543739319
0.0725417509675026
0.7595857381820679
0.6856843829154968
0.1497626006603241
0.6042969822883606
0.08182987570762634
0.6581767201423645
0.2916274070739746
0.8873180150985718
0.4864444434642792
0.8044814467430115
0.16699254512786865
0.9850245118141174
0.6935352087020874
0.08946617692708969
0.5094890594482422
0.06339670717716217
0.7232824563980103
0.4955942928791046
0.2833060026168823
0.7705303430557251
0.11191228032112122
0.7519242167472839
0.5585667490959167
0.19753660261631012
0.0513310469686985
0.7873165607452393
0.5724061727523804
0.9627024531364441
0.4110402762889862
0.7495600581169128
0.3884774148464203
0.9833518862724304
0.4340552091598511
0.8166802525520325
0.2521725296974182
0.1615583300590515
0.3081287741661072
0.8934231996536255
0.2467467486858368
0.06058439239859581
0.5239094495773315
0.10402487218379974
0.028550060465931892
0.7358826398849487
0.7574476003646851
0.43766912817955017
0.2085111439228058
0.8236615061759949
0.21681362390518188
0.7670489549636841
0.39882272481918335
0.8118700981140137
0.9497418999671936
0.2086574286222458
0.8297374844551086
0.1607927531003952
0.703711986541748
0.03882569447159767
0.7976403832435608
0.2690662145614624
0.0042791469022631645
0.8390480875968933
0.2608884572982788
0.9788796901702881
0.9717154502868652
0.575525164604187
0.1770213395357132
0.6224018931388855
0.3407907783985138
0.43428945541381836
0.9930806756019592
0.8582676649093628
0.25581300258636475
0.19819501042366028
0.808520495891571
0.35355088114738464
0.2754081189632416
0.6447557210922241
0.45167452096939087
0.4840150773525238
0.6107898354530334
0.2946847677230835
0.9775499105453491
0.4817347228527069
0.9901921153068542
0.05489080771803856
0.7106393575668335
0.011546091176569462
0.5988342761993408
0.7935639023780823
0.9855882525444031
0.2691290080547333
0.05365511029958725
0.9473792314529419
0.8783044815063477
0.21535901725292206
0.552717387676239
0.12330372631549835
0.23342686891555786
0.4957655668258667
0.8992597460746765
0.40507715940475464
0.41129714250564575
0.6817614436149597
0.6407402157783508
0.6595343947410583
0.7948757410049438
0.5508734583854675
0.07135232537984848
0.9718302488327026
0.4831465482711792
0.43392568826675415
0.08357170224189758
0.739643931388855
0.6323206424713135
0.8053404092788696
0.9312860369682312
0.7935842275619507
0.9477327466011047
0.9725568890571594
0.33503392338752747
0.3241233229637146
0.9630969166755676
0.0472596138715744
0.9430294632911682
0.6428568959236145
0.7556678652763367
0.4665851593017578
0.11561615765094757
0.8625625967979431
0.5918131470680237
0.2996366024017334
0.8158925771713257
0.5760378837585449
0.4059907793998718
0.6644250750541687
0.007570305839180946
0.6604246497154236
0.10827279090881348
0.51912921667099
0.40455004572868347
0.7522050142288208
0.2110704779624939
0.35586389899253845
0.14970248937606812
0.09981347620487213
0.2563546895980835
0.49533015489578247
0.7960469126701355
0.004002022091299295
0.24998688697814941
0.5230503082275391
0.7956171035766602
0.8541768789291382
0.8072154521942139
0.06406684964895248
0.18040719628334045
0.564704179763794
0.805413544178009
0.8540612459182739
0.1478458046913147
0.3892233669757843
0.5135191082954407
0.9667206406593323
0.04000752791762352
0.15892808139324188
0.9649341106414795
0.5053948760032654
0.27670106291770935
0.568819522857666
0.5744611620903015
0.7180641293525696
0.7172228693962097
0.195231631398201
0.5061531066894531
0.19235771894454956
0.578622043132782
0.5963636040687561
0.1070176437497139
0.9450827836990356
0.6681278944015503
0.7669714093208313
0.1951010525226593
0.3149513602256775
0.3396301865577698
0.9439375996589661
0.048860467970371246
0.7469392418861389
0.5841520428657532
0.4762834906578064
0.8551945686340332
0.14540408551692963
0.3392650783061981
0.2034967541694641
0.4154813587665558
0.01126774214208126
0.16936998069286346
0.30649232864379883
0.7860081195831299
0.7461498975753784
0.30804601311683655
0.16750478744506836
0.8871011734008789
0.9315519332885742
0.5805420875549316
0.1615295708179474
0.7250320315361023
0.14714215695858002
0.2670396864414215
0.6149706244468689
0.5875635743141174
0.5547959804534912
0.41633251309394836
0.5303735733032227
0.7461872100830078
0.455505907535553
0.9997583031654358
0.5621451139450073
0.24910272657871246
0.0654994547367096
0.28262192010879517
0.13309600949287415
0.0341881699860096
0.49287042021751404
0.46199896931648254
0.7112807631492615
0.5277616381645203
0.8953989744186401
0.8557429909706116
0.16971997916698456
0.06398394703865051
0.8035399913787842
0.4110585153102875
0.6247562170028687
0.5951725244522095
0.4389704763889313
0.9472657442092896
0.9675561189651489
0.08540394902229309
0.6816763877868652
0.1785942167043686
0.3633561134338379
0.655339777469635
0.17670311033725739
0.35255783796310425
0.6859025359153748
0.437198281288147
0.7786312103271484
0.8152106404304504
0.28292542695999146
0.8614529967308044
0.08913248777389526
0.5391666889190674
0.7622431516647339
0.7317678332328796
0.9070188403129578
0.6357654333114624
0.5919756889343262
0.007967274636030197
0.249248206615448
0.23551490902900696
0.15107405185699463
0.5548095703125
0.9503984451293945
0.33480706810951233
0.3713543117046356
0.8150256276130676
0.8142556548118591
0.35297688841819763
0.09092693030834198
0.7876676917076111
0.4392746686935425
0.18656578660011292
0.6142373085021973
0.22749267518520355
0.2499239295721054
0.0910375565290451
0.32777681946754456
0.48954614996910095
0.6227776408195496
0.9901230931282043
0.16982069611549377
0.6384340524673462
0.589516818523407
0.4289383590221405
0.5822374224662781
0.27531588077545166
0.8578014969825745
0.035993508994579315
0.5123361349105835
0.1001962199807167
0.6787140965461731
0.8197621703147888
0.6871683597564697
0.8307541012763977
0.03504418209195137
0.5677971243858337
0.44459661841392517
0.07211289554834366
0.6953948736190796
0.5107815265655518
0.813927173614502
0.6871936917304993
0.7728573083877563
0.631979763507843
0.23250707983970642
0.36636364459991455
0.13117220997810364
0.21400250494480133
0.3895717263221741
0.04177604615688324
0.08254563808441162
0.28214216232299805
0.9959080815315247
0.47669339179992676
0.982599139213562
0.5851453542709351
0.1779407560825348
0.35906729102134705
0.027502646669745445
0.17875248193740845
0.04702017456293106
0.3224473297595978
0.12459283322095871
0.7326351404190063
0.03148233890533447
0.5012645125389099
0.06796345114707947
0.7510181069374084
0.30063727498054504
0.6176561713218689
0.6494941711425781
0.4570716917514801
0.30704939365386963
0.6684091687202454
0.07373671233654022
0.2895442545413971
0.30112141370773315
0.004929560236632824
0.481640487909317
0.106219582259655
0.7373478412628174
0.4784342348575592
0.7675348520278931
0.3300524652004242
0.8998546004295349
0.8029942512512207
0.9178394675254822
0.9396958351135254
0.38953956961631775
0.00375079526565969
0.10943397879600525
0.8763881921768188
0.7345490455627441
0.5449557900428772
0.09459938853979111
0.5875822901725769
0.40063780546188354
0.029622437432408333
0.8564227819442749
0.31390947103500366
0.4361917972564697
0.11791425198316574
0.5217918157577515
0.10174637287855148
0.6765050292015076
0.21044862270355225
0.9489096403121948
0.4136514365673065
0.13566452264785767
0.6931716203689575
0.02347397431731224
0.3692713975906372
0.8953109383583069
0.022384101524949074
0.2811518907546997
0.021253496408462524
0.582843542098999
0.7900826930999756
0.7080585956573486
0.3492159843444824
0.21962422132492065
0.7735642790794373
0.13601790368556976
0.9214037656784058
0.0017879403894767165
0.2862810492515564
0.4619676470756531
0.7149565815925598
0.4977090358734131
0.8967297077178955
0.25192010402679443
0.946813702583313
0.06602483987808228
0.8046573996543884
0.1127750501036644
0.2082572877407074
0.7214276194572449
0.7634613513946533
0.9724105596542358
0.43855854868888855
0.3359886407852173
0.9217520952224731
0.6052529811859131
0.05363304540514946
0.8013634085655212
0.6664215326309204
0.8645262718200684
0.21058759093284607
0.7978995442390442
0.4717112183570862
0.6808018684387207
0.4268187880516052
0.7676281332969666
0.48258349299430847
0.36850666999816895
0.9802201390266418
0.634679913520813
0.6185338497161865
0.4563002288341522
0.3884817659854889
0.7261732816696167
0.9495985507965088
0.4645286798477173
0.9481673240661621
0.5843512415885925
0.7393302917480469
0.43644478917121887
0.1511652022600174
0.6736032962799072
0.8454743027687073
0.6934396028518677
0.8492476344108582
0.1125204861164093
0.45076876878738403
0.15586772561073303
0.9249043464660645
0.7162853479385376
0.9462330937385559
0.31791868805885315
0.32078877091407776
0.9317020773887634
0.7962523102760315
0.1435604989528656
0.5999577641487122
0.938782274723053
0.5678997039794922
0.3119172155857086
0.41224896907806396
0.34440404176712036
0.9098023176193237
0.8728144764900208
0.07520503550767899
0.4640047252178192
0.24134905636310577
0.25112655758857727
0.7658224701881409
0.9292677640914917
0.8973034024238586
0.7788181900978088
0.9620851874351501
0.32293468713760376
0.7899599671363831
0.7338014841079712
0.2090240716934204
0.5555038452148438
0.6509251594543457
0.49229979515075684
0.38435983657836914
0.5301823019981384
0.2497820407152176
0.5173487663269043
0.8850253820419312
0.04390881210565567
0.5416020750999451
0.4575791656970978
0.5581367611885071
0.24238401651382446
0.21571163833141327
0.42471811175346375
0.3890492618083954
0.7488337159156799
0.08280030637979507
0.1894976794719696
0.4099815785884857
0.26627862453460693
0.29630669951438904
0.5434878468513489
0.3333926200866699
0.6688836812973022
0.8080148696899414
0.9473164081573486
0.67469322681427
0.540324330329895
0.28462955355644226
0.7888814806938171
0.8133963346481323
0.19547975063323975
0.15109267830848694
0.5554071664810181
0.01089445874094963
0.7916670441627502
0.08771367371082306
0.6116465926170349
0.17682509124279022
0.281496524810791
0.13122396171092987
0.6642762422561646
0.4519200623035431
0.4657512605190277
0.9189531207084656
0.7740654349327087
0.9027803540229797
0.05866380035877228
0.6167380809783936
0.7405433058738708
0.02718317322432995
0.27388691902160645
0.6603095531463623
0.9804503321647644
0.6655293703079224
0.6988658905029297
0.8563359975814819
0.3437575399875641
0.8199480772018433
0.1136944517493248
0.8810590505599976
0.3688714802265167
0.324629008769989
0.3038076162338257
0.3890281617641449
0.7816661596298218
0.08594424277544022
0.5662842988967896
0.8228007555007935
0.0906139388680458
0.6375411748886108
0.40548038482666016
0.3980333209037781
0.8946716785430908
0.47982868552207947
0.45937538146972656
0.8304356932640076
0.6495630741119385
0.25095251202583313
0.7011186480522156
0.6441929936408997
0.3161691427230835
0.8812621235847473
0.8130451440811157
0.7551390528678894
0.7809264063835144
0.4368765354156494
0.7510249018669128
0.9075145721435547
0.3299839496612549
0.12387150526046753
0.5463443994522095
0.46566399931907654
0.4242885708808899
0.37042662501335144
0.5109100937843323
0.1113709956407547
0.8950148820877075
0.3983851671218872
0.18230347335338593
0.30198144912719727
0.5707858800888062
0.5236721634864807
0.7921440005302429
0.8354139924049377
0.03483791649341583
0.6583300232887268
0.07453517615795135
0.5642945170402527
0.543075680732727
0.8223978877067566
0.5921478271484375
0.9000910520553589
0.0005242613842710853
0.4905424416065216
0.5983469486236572
0.5338225960731506
0.565839409828186
0.8059819936752319
0.6428007483482361
0.9352877736091614
0.6478235721588135
0.2692137658596039
0.3677577078342438
0.2524038553237915
0.13413140177726746
0.045595843344926834
0.3755141794681549
0.36315852403640747
0.6180989146232605
0.5557808876037598
0.6853532195091248
0.3969038724899292
0.496614545583725
0.5175546407699585
0.3607947826385498
0.659134566783905
0.22452755272388458
0.012778465636074543
0.010358971543610096
0.5139630436897278
0.42165130376815796
0.5900456309318542
0.3330804705619812
0.8774163722991943
0.0896533653140068
0.6672081351280212
0.21687865257263184
0.2751857340335846
0.4263165593147278
0.4106731116771698
0.7085392475128174
0.36750948429107666
0.5588019490242004
0.006819685455411673
0.5469543933868408
0.14967474341392517
0.10964873433113098
0.6126447916030884
0.9664062857627869
0.44302019476890564
0.6416763067245483
0.6236920952796936
0.7944931983947754
0.0756569430232048
0.8198610544204712
0.5030393004417419
0.3719905912876129
0.004968136548995972
0.9096276760101318
0.6903173923492432
0.3385855555534363
0.6894860863685608
0.16736221313476562
0.7382398247718811
0.07283446937799454
0.924434244632721
0.7535432577133179
0.7058272361755371
0.8224092125892639
0.47980982065200806
0.8684226274490356
0.8963614106178284
0.11080247163772583
0.04730864614248276
0.7902352213859558
0.17148472368717194
0.8929932117462158
0.16526608169078827
0.41224899888038635
0.10574842989444733
0.04598560184240341
0.9520583152770996
0.09424764662981033
0.45862096548080444
0.31406646966934204
0.45288482308387756
0.12201356142759323
0.5988103151321411
0.4403747618198395
0.8705077171325684
0.7807957530021667
0.012405472807586193
0.405379980802536
0.7737288475036621
0.5989874005317688
0.8664928078651428
0.17716547846794128
0.5648372173309326
0.6244568824768066
0.499671071767807
0.3306555449962616
0.2681592106819153
0.9417724609375
0.18335838615894318
0.12575663626194
0.5916237831115723
0.8664600849151611
0.40492552518844604
0.9811724424362183
0.36888501048088074
0.5536611676216125
0.7839520573616028
0.204566091299057
0.6510267853736877
0.785685122013092
0.7728825807571411
0.6241601705551147
0.11576351523399353
0.7008780837059021
0.7091454863548279
0.8240041732788086
0.09152692556381226
0.45115798711776733
0.6694655418395996
0.7487885355949402
0.00952058844268322
0.2785107493400574
0.26576706767082214
0.8527649641036987
0.6549057364463806
0.4735848307609558
0.2067013680934906
0.5941521525382996
0.17210336029529572
0.25921937823295593
0.9664037227630615
0.17834562063217163
0.15368090569972992
0.29630178213119507
0.819408655166626
0.5750941038131714
0.37609052658081055
0.2593332827091217
0.7536651492118835
0.9417403340339661
0.6121340394020081
0.9308974742889404
0.6876171827316284
0.42078495025634766
0.2621394395828247
0.16992685198783875
0.04893149435520172
0.29162517189979553
0.2850568890571594
0.35954320430755615
0.0328054241836071
0.4776748716831207
0.7287078499794006
0.08337265998125076
0.6660903096199036
0.7753245234489441
0.45328259468078613
0.4833601117134094
0.9761108160018921
0.5312897562980652
0.028418777510523796
0.31719449162483215
0.37154945731163025
0.9304987192153931
0.14541096985340118
0.39051559567451477
0.3171336352825165
0.18489962816238403
0.2327648103237152
0.49115994572639465
0.01468167919665575
0.8533797860145569
0.3871379792690277
0.44348329305648804
0.6202593445777893
0.6670329570770264
0.10998859256505966
0.684080183506012
0.8111353516578674
0.3690726161003113
0.3362060785293579
0.8448308110237122
0.05619242042303085
0.9653197526931763
0.342012882232666
0.4842016398906708
0.11145643889904022
0.5428755879402161
0.3547857999801636
0.6990618705749512
0.5642373561859131
0.94316166639328
0.31118178367614746
0.4102076292037964
0.6208158731460571
0.21097561717033386
0.730236828327179
0.14163286983966827
0.9187201261520386
0.4545348286628723
0.9836094379425049
0.5816990733146667
0.8062214851379395
0.7591854333877563
0.4176507890224457
0.5808322429656982
0.4552929699420929
0.40170618891716003
0.5859440565109253
0.003442022716626525
0.06760863959789276
0.5605446100234985
0.17850136756896973
0.17579320073127747
0.27666693925857544
0.9608159065246582
0.9423872232437134
0.8087407946586609
0.6653476357460022
0.04638230428099632
0.223377525806427
0.8153161406517029
0.5264037251472473
0.2299652248620987
0.9129914045333862
0.39366522431373596
0.7110331654548645
0.2687513530254364
0.05451275780797005
0.37925636768341064
0.10634158551692963
0.7641094923019409
0.33248186111450195
0.487238347530365
0.6157474517822266
0.9607681035995483
0.8528348803520203
0.5532860159873962
0.4792255163192749
0.3390282094478607
0.3590817451477051
0.9192104339599609
0.8964253067970276
0.4946373701095581
0.6550444960594177
0.7536703944206238
0.7457584738731384
0.706439733505249
0.852559506893158
0.32220378518104553
0.7201484441757202
0.3316500782966614
0.9032772183418274
0.749237596988678
0.619728684425354
0.3270118832588196
0.9609776139259338
0.13337525725364685
0.28121790289878845
0.9845860004425049
0.22991377115249634
0.9191370010375977
0.42316049337387085
0.023699533194303513
0.5193701982498169
0.22442850470542908
0.3609358072280884
0.4847239553928375
0.11075033992528915
0.8884437084197998
0.3086075782775879
0.044171661138534546
0.5172216296195984
0.660214364528656
0.998172402381897
0.7433226704597473
0.7821778059005737
0.4788382053375244
0.7563222050666809
0.46355050802230835
0.8189462423324585
0.38639816641807556
0.8644336462020874
0.2383352369070053
0.8092124462127686
0.9225496649742126
0.4979342818260193
0.2307794839143753
0.45803114771842957
0.7410075664520264
0.35573288798332214
0.6229689121246338
0.48791149258613586
0.6992378830909729
0.4978925287723541
0.6534727811813354
0.5907517671585083
0.09362354874610901
0.09924054890871048
0.37601473927497864
0.5933151841163635
0.6868165135383606
0.5993403196334839
0.06448670476675034
0.6063917875289917
0.39570584893226624
0.27607157826423645
0.25410759449005127
0.08723384141921997
0.9086291193962097
0.7778330445289612
0.5178190469741821
0.441840797662735
0.004858535714447498
0.6982253193855286
0.5429263114929199
0.6803328990936279
0.14419220387935638
0.01386849395930767
0.6670771837234497
0.5610424280166626
0.9567338824272156
0.9762522578239441
0.06009780988097191
0.03424261510372162
0.35601335763931274
0.7901512980461121
0.8862853050231934
0.05742292478680611
0.009366716258227825
0.5369916558265686
0.13475333154201508
0.35845455527305603
0.19202682375907898
0.10829094797372818
0.7434325814247131
0.6152844429016113
0.014520077034831047
0.8501935601234436
0.9289751648902893
0.4420035183429718
0.14093945920467377
0.2992387115955353
0.4237722158432007
0.41907984018325806
0.5226187109947205
0.71159827709198
0.025886008515954018
0.06804130226373672
0.8357788324356079
0.4353441894054413
0.15421071648597717
0.47888028621673584
0.04278567060828209
0.9669914841651917
0.9627215266227722
0.12176479399204254
0.49842730164527893
0.3737161457538605
0.7558420896530151
0.4269457757472992
0.8921394944190979
0.457577645778656
0.11301939934492111
0.9350720047950745
0.23385566473007202
0.3450382649898529
0.26900118589401245
0.19369837641716003
0.8187474012374878
0.10841844230890274
0.9882048964500427
0.7784725427627563
0.0972471684217453
0.7484836578369141
0.20291273295879364
0.4802604019641876
0.15779244899749756
0.6701226830482483
0.6037558317184448
0.7307718992233276
0.19596417248249054
0.6876224279403687
0.0561867281794548
0.27782201766967773
0.5500699877738953
0.7442891001701355
0.029387246817350388
0.33946093916893005
0.35291850566864014
0.1757306009531021
0.5859621167182922
0.9262693524360657
0.6737103462219238
0.3370611071586609
0.3400129973888397
0.10874082148075104
0.9613596200942993
0.05353103205561638
0.32257744669914246
0.3019513487815857
0.28061583638191223
0.14924168586730957
0.10737315565347672
0.6886337399482727
0.9928820729255676
0.49191173911094666
0.1310776174068451
0.781652569770813
0.20843102037906647
0.653491199016571
0.1876809448003769
0.4339389204978943
0.5365082025527954
0.6420140266418457
0.5825645923614502
0.3765017092227936
0.25074854493141174
0.37277913093566895
0.8821981549263
0.0966607853770256
0.37170571088790894
0.834577202796936
0.18341968953609467
0.9284888505935669
0.5534673929214478
0.22129714488983154
0.5281649231910706
0.5338950753211975
0.5107712745666504
0.32490819692611694
0.47103962302207947
0.1548839658498764
0.0649416372179985
0.9688325524330139
0.26820892095565796
0.4098525643348694
0.6218819618225098
0.9158257246017456
0.8375568985939026
0.07521672546863556
0.9246826171875
0.54970782995224
0.437264084815979
0.5399879217147827
0.5250896215438843
0.359961599111557
0.5956178903579712
0.0036128631327301264
0.9574356079101562
0.6474428176879883
0.08193590492010117
0.6490973234176636
0.4559865891933441
0.8814409375190735
0.5961237549781799
0.9177938103675842
0.6406182646751404
0.43690672516822815
0.700379490852356
0.8770759105682373
0.9911068677902222
0.12252514809370041
0.3396032750606537
0.04129089415073395
0.43667352199554443
0.41615980863571167
0.8676769137382507
0.6435756087303162
0.9006722569465637
0.22671449184417725
0.5528374314308167
0.09297101199626923
0.6110573410987854
0.7474899888038635
0.2776279151439667
0.29123297333717346
0.9176573753356934
0.6571512818336487
0.9284413456916809
0.8807569742202759
0.9560167789459229
0.7261971831321716
0.0997629463672638
0.40999916195869446
0.8657093644142151
0.2619095742702484
0.4230992794036865
0.09860943257808685
0.436070054769516
0.329751193523407
0.7791524529457092
0.5895178318023682
0.10263392329216003
0.09680046141147614
0.9504395723342896
0.8403635621070862
0.09769683331251144
0.3964868485927582
0.0633937418460846
0.20883150398731232
0.443509966135025
0.8754359483718872
0.4697004556655884
0.9813458919525146
0.5262941122055054
0.33183860778808594
0.6113402843475342
0.938540518283844
0.9975116848945618
0.9967516660690308
0.9997838735580444
0.10548270493745804
0.3649757206439972
0.9783610105514526
0.09531396627426147
0.31850847601890564
0.2914290428161621
0.8300105333328247
0.06092052534222603
0.8316586017608643
0.6543399691581726
0.33801448345184326
0.1310163140296936
0.15862779319286346
0.28685808181762695
0.2485060840845108
0.5934366583824158
0.586300790309906
0.516349732875824
0.5206689238548279
0.4902708828449249
0.7244436740875244
0.9473761320114136
0.08236997574567795
0.2550170123577118
0.5377914905548096
0.26259997487068176
0.2449434995651245
0.8492998480796814
0.6595292091369629
0.13178320229053497
0.1516217142343521
0.9786556363105774
0.3527188003063202
0.5766907334327698
0.16144338250160217
0.5146104693412781
0.7761586904525757
0.13338805735111237
0.2562851905822754
0.6195567846298218
0.25381195545196533
0.8571481108665466
0.5598422884941101
0.3313024938106537
0.5229810476303101
0.8473774790763855
0.37646445631980896
0.7156869769096375
0.4814475178718567
0.2834474444389343
0.07715749740600586
0.5055882334709167
0.9415766596794128
0.14220498502254486
0.6536009907722473
0.1614956110715866
0.8698883056640625
0.7056403160095215
0.0939277932047844
0.9997273087501526
0.4486655294895172
0.27392271161079407
0.7686019539833069
0.022779805585741997
0.9814808368682861
0.4993728995323181
0.5963681936264038
0.2738746702671051
0.44907233119010925
0.21253050863742828
0.9048972129821777
0.7851868271827698
0.6639122366905212
0.3750864267349243
0.6818040013313293
0.4199206531047821
0.9979154467582703
0.8422165513038635
0.05719676613807678
0.4098334014415741
0.3815465569496155
0.01052834838628769
0.2371547669172287
0.5662956833839417
0.2148415893316269
0.7758430242538452
0.7411746978759766
0.333199143409729
0.3335926830768585
0.28758618235588074
0.1392742395401001
0.5108020901679993
0.6460903882980347
0.5632123351097107
0.9258043169975281
0.016358159482479095
0.8175104856491089
0.9060513973236084
0.23441465198993683
0.406758189201355
0.04157745838165283
0.5285277962684631
0.573095977306366
0.20481069386005402
0.10672120004892349
0.599091112613678
0.9985752701759338
0.38014090061187744
0.9140178561210632
0.8542321920394897
0.30626538395881653
0.8229389786720276
0.6173446178436279
0.06817357987165451
0.9148051738739014
0.6283998489379883
0.9182729125022888
0.7464088797569275
0.773995578289032
0.31789347529411316
0.40766260027885437
0.25982269644737244
0.812610387802124
0.6715391874313354
0.13756398856639862
0.23244117200374603
0.43697547912597656
0.28092214465141296
0.7537825703620911
0.4588165283203125
0.00174113514367491
0.5274426937103271
0.055924054235219955
0.32688194513320923
0.6202653646469116
0.4102960526943207
0.6482404470443726
0.34896665811538696
0.9817772507667542
0.5579264760017395
0.6918507218360901
0.011131738312542439
0.5148588418960571
0.9015362858772278
0.33365100622177124
0.8256545066833496
0.5279394388198853
0.18132944405078888
0.007489397656172514
0.2649328112602234
0.6729915142059326
0.38453611731529236
0.8789974451065063
0.742872953414917
0.9424125552177429
0.8076348900794983
0.936251163482666
0.060293037444353104
0.376035213470459
0.11701451987028122
0.9408896565437317
0.736766517162323
0.9032481908798218
0.7135852575302124
0.09963167458772659
0.662736713886261
0.11590041220188141
0.10632587969303131
0.6157822608947754
0.24607881903648376
0.15364862978458405
0.9596142172813416
0.6250367760658264
0.016127631068229675
0.7473249435424805
0.7153732776641846
0.16415449976921082
0.6919052004814148
0.884038507938385
0.1350955218076706
0.6562966108322144
0.7832998633384705
0.28668147325515747
0.7269408702850342
0.7399890422821045
0.8860610127449036
0.026883069425821304
0.9825078845024109
0.3724405765533447
0.14687997102737427
0.33005404472351074
0.35998278856277466
0.5578969717025757
0.4109385311603546
0.9483990669250488
0.7612582445144653
0.16517283022403717
0.687661349773407
0.6439594626426697
0.07353514432907104
0.2683791220188141
0.20532143115997314
0.15581539273262024
0.7946118116378784
0.29437127709388733
0.49830272793769836
0.6296363472938538
0.07195740193128586
0.7771548628807068
0.8073417544364929
0.07258278131484985
0.7931832671165466
0.16613738238811493
0.31868597865104675
0.14917926490306854
0.9207279086112976
0.938251793384552
0.9145360589027405
0.4177020788192749
0.6209055185317993
0.13226215541362762
0.34319013357162476
0.37478259205818176
0.5975224375724792
0.36638975143432617
0.028779037296772003
0.33423513174057007
0.28849509358406067
0.990429162979126
0.5239095091819763
0.625603437423706
0.1845131367444992
0.841488778591156
0.6064610481262207
0.7638840675354004
0.47044727206230164
0.9494643211364746
0.1515081375837326
0.41980844736099243
0.3685868978500366
0.802592933177948
0.10794007778167725
0.3895530104637146
0.6558111906051636
0.8126806020736694
0.8928099274635315
0.783927857875824
0.13047310709953308
0.2631649672985077
0.5014316439628601
0.7036887407302856
0.9195186495780945
0.044655703008174896
0.7713533043861389
0.027425510808825493
0.07345042377710342
0.7217783331871033
0.9112184047698975
0.6710850596427917
0.8931118845939636
0.7716014385223389
0.4311996102333069
0.8061816692352295
0.030481714755296707
0.8024910688400269
0.28108301758766174
0.794031023979187
0.5226910710334778
0.7025410532951355
0.7572594881057739
0.9227254390716553
0.3580285310745239
0.33079323172569275
0.7537825107574463
0.3813520669937134
0.2650660276412964
0.9271242022514343
0.2896213233470917
0.7255563139915466
0.7015580534934998
0.956976056098938
0.5385510325431824
0.8017494082450867
0.3681594431400299
0.1555185168981552
0.6664045453071594
0.5366124510765076
0.6366558074951172
0.6966907978057861
0.41193801164627075
0.9790036082267761
0.6047176718711853
0.40128985047340393
0.33046776056289673
0.518359899520874
0.2671423554420471
0.2494722306728363
0.306254506111145
0.1322985589504242
0.8431481719017029
0.2412741482257843
0.18676748871803284
0.8778387308120728
0.19638709723949432
0.47575241327285767
0.6494045257568359
0.35084715485572815
0.34559908509254456
0.6069940328598022
0.8492660522460938
0.6273963451385498
0.9257027506828308
0.02229931205511093
0.4535931348800659
0.08249634504318237
0.39987337589263916
0.47545191645622253
0.49849170446395874
0.3573780655860901
0.24782682955265045
0.6637996435165405
0.9319031834602356
0.8624025583267212
0.48917537927627563
0.0113523593172431
0.9883661866188049
0.5366181135177612
0.8168595433235168
0.11197180300951004
0.12963765859603882
0.22336380183696747
0.9286240935325623
0.8874830603599548
0.6813710927963257
0.2035912722349167
0.485884428024292
0.4974175989627838
0.6480866074562073
0.3188956379890442
0.11686710268259048
0.8395424485206604
0.9869930148124695
0.19537238776683807
0.9766080975532532
0.8081507682800293
0.9081062078475952
0.8933943510055542
0.5018656253814697
0.5954635143280029
0.26028910279273987
0.10783568024635315
0.8123746514320374
0.0953158289194107
0.4273661673069
0.40371188521385193
0.4550993740558624
0.9320487380027771
0.22099369764328003
0.5309861302375793
0.13787074387073517
0.1274881809949875
0.7213437557220459
0.34977516531944275
0.21764637529850006
0.24984204769134521
0.32173648476600647
0.385888934135437
0.8890016078948975
0.18072378635406494
0.5424346923828125
0.24386055767536163
0.6873511075973511
0.7113360166549683
0.7549628019332886
0.6392241716384888
0.30903172492980957
0.9126314520835876
0.3384331166744232
0.49764618277549744
0.9997261166572571
0.26535987854003906
0.29825884103775024
0.5101791024208069
0.08128545433282852
0.12975910305976868
0.07872489839792252
0.32544881105422974
0.774793267250061
0.7106059789657593
0.0380266010761261
0.36060595512390137
0.2238001674413681
0.49665960669517517
0.6124539971351624
0.8122745156288147
0.054636094719171524
0.22747628390789032
0.6840170621871948
0.09260693937540054
0.657033383846283
0.035527341067790985
0.5373097658157349
0.15515774488449097
0.5278037190437317
0.31495195627212524
0.14499139785766602
0.020744742825627327
0.15049970149993896
0.043878085911273956
0.3642462491989136
0.7763335704803467
0.33031439781188965
0.6623974442481995
0.8033540844917297
0.7060350179672241
0.7268524169921875
0.25029999017715454
0.5248985886573792
0.5669789910316467
0.6020525693893433
0.7171645760536194
0.7928771376609802
0.07910104840993881
0.2595409154891968
0.9020428657531738
0.0821826234459877
0.9134668707847595
0.685043454170227
0.588086724281311
0.6310461759567261
0.527087926864624
0.7125024199485779
0.2166292816400528
0.6682084798812866
0.9598718285560608
0.6151863932609558
0.1691640317440033
0.8986991047859192
0.8356635570526123
0.04424609616398811
0.6909522414207458
0.37652072310447693
0.8109440803527832
0.19450023770332336
0.725200355052948
0.34096357226371765
0.6667777299880981
0.48976799845695496
0.014106692746281624
0.16609430313110352
0.13984014093875885
0.15386545658111572
0.36913391947746277
0.26612943410873413
0.7923760414123535
0.8983039855957031
0.7582244873046875
0.2585296332836151
0.30880632996559143
0.6368291974067688
0.6955345273017883
0.8094096183776855
0.4306837320327759
0.9356371760368347
0.9260066747665405
0.05779295787215233
0.37917548418045044
0.7049130797386169
0.25306224822998047
0.1716805398464203
0.33479583263397217
0.5106288194656372
0.6260462999343872
0.33608388900756836
0.19234192371368408
0.8440775275230408
0.14268222451210022
0.1728031486272812
0.4291265308856964
0.4982556998729706
0.9505059719085693
0.0922594666481018
0.013174289837479591
0.6118583083152771
0.7570219039916992
0.08706284314393997
0.5406277179718018
0.4292910695075989
0.5672123432159424
0.5297073721885681
0.1581890881061554
0.5451255440711975
0.3759293854236603
0.06571686267852783
0.09772886335849762
0.7934892773628235
0.3226820230484009
0.5555212497711182
0.3227337896823883
0.7790399193763733
0.2443479746580124
0.9897946119308472
0.9856249094009399
0.5831340551376343
0.9605820775032043
0.982864499092102
0.7459003925323486
0.9361189603805542
0.6475167870521545
0.19314660131931305
0.6373579502105713
0.09266651421785355
0.68814617395401
0.5009019374847412
0.10152530670166016
0.7847678661346436
0.3289233148097992
0.3994237184524536
0.23944829404354095
0.8644998073577881
0.24714288115501404
0.482843279838562
0.2022678107023239
0.45302319526672363
0.7730960249900818
0.13648991286754608
0.18815508484840393
0.8204333186149597
0.15172314643859863
0.997955858707428
0.4862191379070282
0.830137312412262
0.07666739821434021
0.09820890426635742
0.7228485941886902
0.9833902716636658
0.24698477983474731
0.8672724962234497
0.13783907890319824
0.13233216106891632
0.7436035871505737
0.568623423576355
0.297781378030777
0.36586135625839233
0.1472976803779602
0.977644681930542
0.7055577635765076
0.6249779462814331
0.4959075152873993
0.35684481263160706
0.840968668460846
0.20038890838623047
0.9454393982887268
0.48067089915275574
0.8184817433357239
0.2738076150417328
0.007128753699362278
0.5641847252845764
0.8324253559112549
0.3105013072490692
0.7283340692520142
0.47788938879966736
0.885711133480072
0.5453639626502991
0.01130901463329792
0.09590660780668259
0.8107694387435913
0.2908056974411011
0.31579238176345825
0.04560696706175804
0.7242825627326965
0.21036601066589355
0.323718786239624
0.968820333480835
0.6678502559661865
0.9639422297477722
0.13440027832984924
0.5897822380065918
0.5377026796340942
0.9366523027420044
0.13722123205661774
0.83201664686203
0.25426656007766724
0.24373672902584076
0.19927416741847992
0.6882653832435608
0.9604191184043884
0.2160499542951584
0.5551868677139282
0.8853117823600769
0.6487691402435303
0.35377267003059387
0.6590813398361206
0.875792384147644
0.9878028035163879
0.5389124751091003
0.8777271509170532
0.7009240388870239
0.7642349600791931
0.5137804746627808
0.7071182131767273
0.44176623225212097
0.7794342041015625
0.7419283986091614
0.31408193707466125
0.31822559237480164
0.8479731678962708
0.0034459009766578674
0.5902473330497742
0.6627694964408875
0.26647430658340454
0.8576022982597351
0.9173542261123657
0.03755095973610878
0.25804632902145386
0.41047754883766174
0.2910911440849304
0.46926349401474
0.9249391555786133
0.09915968775749207
0.08409527689218521
0.7393452525138855
0.0017114467918872833
0.1983456015586853
0.7998197078704834
0.27124184370040894
0.06894794851541519
0.004453382454812527
0.26922866702079773
0.8122302293777466
0.02350219525396824
0.5801184177398682
0.21487775444984436
0.1325102001428604
0.8850837349891663
0.8079277276992798
0.33174559473991394
0.16080617904663086
0.3498445451259613
0.7031610012054443
0.5236362218856812
0.8261381983757019
0.186056986451149
0.07704872637987137
0.640174925327301
0.2163320630788803
0.009723378345370293
0.6433889865875244
0.9338832497596741
0.014553011395037174
0.3617105185985565
0.8884244561195374
0.47116249799728394
0.6419512629508972
0.2524338364601135
0.45448723435401917
0.5299621820449829
0.4938059449195862
0.2832421362400055
0.5167462229728699
0.998462975025177
0.49221450090408325
0.21002401411533356
0.4374218285083771
0.07612486928701401
0.5943619012832642
0.7376002669334412
0.24869707226753235
0.907788872718811
0.07076423615217209
0.26459598541259766
0.180795818567276
0.7401353120803833
0.12418021261692047
0.43494829535484314
0.1609802544116974
0.9007853269577026
0.37198683619499207
0.4215050935745239
0.6992161870002747
0.9068445563316345
0.9590820670127869
0.7099331617355347
0.8660639524459839
0.3528302013874054
0.27730193734169006
0.19489866495132446
0.7625752091407776
0.5074822902679443
0.8428674340248108
0.4838407635688782
0.5216866731643677
0.14789609611034393
0.4610224962234497
0.45137283205986023
0.11355552077293396
0.6823629140853882
0.8434342741966248
0.7479106187820435
0.7734537124633789
0.29249826073646545
0.06519301235675812
0.6041510105133057
0.49679213762283325
0.7211470603942871
0.7845131754875183
0.32089293003082275
0.010614349506795406
0.576718270778656
0.06499125063419342
0.6948056817054749
0.6043753027915955
0.5924617052078247
0.617006778717041
0.19412292540073395
0.5758962035179138
0.8138518333435059
0.6574952006340027
0.2603711783885956
0.07188339531421661
0.29482215642929077
0.8213895559310913
0.3528319299221039
0.7928812503814697
0.04718073084950447
0.27060750126838684
0.24168650805950165
0.645404040813446
0.6646741628646851
0.43953028321266174
0.500471293926239
0.11839094758033752
0.9577930569648743
0.8856508135795593
0.1538778841495514
0.9410538077354431
0.17944206297397614
0.99790358543396
0.38530781865119934
0.06093958392739296
0.3161605894565582
0.1394006460905075
0.5416510105133057
0.828859806060791
0.6853539347648621
0.7758642435073853
0.0038846961688250303
0.42952632904052734
0.722312331199646
0.09115361422300339
0.6918210387229919
0.5875690579414368
0.775891900062561
0.9804961085319519
0.29703769087791443
0.9383677244186401
0.707206130027771
0.4461977481842041
0.6889767050743103
0.14437077939510345
0.14505425095558167
0.3115874230861664
0.9350488781929016
0.5496661067008972
0.13821499049663544
0.9771618843078613
0.25708651542663574
0.28173333406448364
0.13330040872097015
0.3707095980644226
0.9585696458816528
0.19702649116516113
0.8770891427993774
0.6498501896858215
0.38680312037467957
0.6485217809677124
0.02700546570122242
0.4513987600803375
0.3638661801815033
0.6533298492431641
0.8607780337333679
0.20216861367225647
0.46485158801078796
0.7160325646400452
0.6426394581794739
0.8418788313865662
0.8366252779960632
0.5068080425262451
0.70530104637146
0.6370809078216553
0.16575300693511963
0.4638614058494568
0.5792973637580872
0.14657270908355713
0.9921557903289795
0.07497172802686691
0.8839345574378967
0.916485607624054
0.3072366416454315
0.8798626065254211
0.4062862694263458
0.29365256428718567
0.06310781091451645
0.3272037208080292
0.4291849136352539
0.7356622219085693
0.9497034549713135
0.23061855137348175
0.1087968572974205
0.8366727232933044
0.2216707170009613
0.8923748135566711
0.8385024070739746
0.07949194312095642
0.02821926586329937
0.13965074717998505
0.5234780311584473
0.01504038367420435
0.9904529452323914
0.602013885974884
0.0775013342499733
0.9440311193466187
0.8787189722061157
0.011678038164973259
0.313987135887146
0.46843260526657104
0.9733366370201111
0.4657704830169678
0.09861370921134949
0.606486439704895
0.5083394646644592
0.09187998622655869
0.013520760461688042
0.40063565969467163
0.7067708969116211
0.10770710557699203
0.6464725732803345
0.7627795934677124
0.1520390510559082
0.4398398697376251
0.6400658488273621
0.4837125539779663
0.42214435338974
0.4785315990447998
0.07468554377555847
0.7237792015075684
0.5177574753761292
0.2735038995742798
0.2262793928384781
0.710843563079834
0.6915698647499084
0.1264961212873459
0.2512400448322296
0.7713257670402527
0.754374623298645
0.29503193497657776
0.3580682873725891
0.8784700036048889
0.5329201221466064
0.48285627365112305
0.8295427560806274
0.24152983725070953
0.7607753872871399
0.6551496386528015
0.5638833045959473
0.05804307386279106
0.2461565136909485
0.10266155004501343
0.5448410511016846
0.9588814973831177
0.9826624393463135
0.19741900265216827
0.49542832374572754
0.3825854957103729
0.20650014281272888
0.890399158000946
0.48577848076820374
0.24860234558582306
0.34249556064605713
0.5235902667045593
0.8605893850326538
0.8774427771568298
0.8752274513244629
0.1361628770828247
0.07754536718130112
0.9198086857795715
0.4797252118587494
0.8448174595832825
0.07173816114664078
0.5468093156814575
0.26208287477493286
0.5825750827789307
0.07622397691011429
0.47767478227615356
0.05276806280016899
0.45696690678596497
0.07261905074119568
0.6609621644020081
0.17566817998886108
0.879122257232666
0.3564450740814209
0.4557323455810547
0.9232383966445923
0.940825879573822
0.005388027522712946
0.42400285601615906
0.2307557910680771
0.7925934195518494
0.4503988027572632
0.8649419546127319
0.11104577779769897
0.7221180200576782
0.1832282543182373
0.5236071944236755
0.406127393245697
0.6156267523765564
0.27060937881469727
0.1295558661222458
0.0489918552339077
0.340379536151886
0.29229316115379333
0.9184617400169373
0.6641373634338379
0.7195252180099487
0.48790672421455383
0.06298463046550751
0.9815422296524048
0.2130083590745926
0.19249820709228516
0.4573473036289215
0.4801611602306366
0.020608223974704742
0.45461660623550415
0.049271125346422195
0.05712103471159935
0.5838674306869507
0.6947243809700012
0.2984245717525482
0.7644562721252441
0.06372930854558945
0.5438557863235474
0.718078076839447
0.4214143455028534
0.924802303314209
0.8069211840629578
0.24337957799434662
0.4648478627204895
0.22684982419013977
0.2714275121688843
0.5918505787849426
0.27695509791374207
0.44085490703582764
0.43891826272010803
0.1772175133228302
0.9390729069709778
0.8810924291610718
0.3655243515968323
0.06493153423070908
0.6859357953071594
0.7580952048301697
0.42596635222435
0.3273591995239258
0.9970248341560364
0.052019186317920685
0.48035940527915955
0.692237913608551
0.7860318422317505
0.10657349228858948
0.5165735483169556
0.9868083000183105
0.25573891401290894
0.12453245371580124
0.2139550894498825
0.8838082551956177
0.49257558584213257
0.0021034979727119207
0.8605756163597107
0.9762004017829895
0.2181398570537567
0.901030957698822
0.0809963122010231
0.8648296594619751
0.7496507167816162
0.3491534888744354
0.15581689774990082
0.5744220614433289
0.23868319392204285
0.2557811141014099
0.710371732711792
0.020784415304660797
0.7333278656005859
0.9073787927627563
0.9290520548820496
0.2710977792739868
0.5266196727752686
0.682956874370575
0.4697379469871521
0.3807201087474823
0.12783119082450867
0.008128475397825241
0.04994774982333183
0.7902250289916992
0.8775402307510376
0.41510823369026184
0.38662856817245483
0.6324485540390015
0.07267287373542786
0.011116634123027325
0.36338379979133606
0.5801655650138855
0.0722985714673996
0.017072318121790886
0.14998328685760498
0.14009250700473785
0.16839100420475006
0.6942998170852661
0.805400550365448
0.0946294292807579
0.6571699380874634
0.6469914317131042
0.17199984192848206
0.04301021993160248
0.7121008038520813
0.5888687968254089
0.7003470659255981
0.2524663805961609
0.714296281337738
0.4463041126728058
0.5758901238441467
0.1687188595533371
0.8341515064239502
0.17442816495895386
0.7739534378051758
0.3713700473308563
0.680219829082489
0.672673225402832
0.3001725971698761
0.217677503824234
0.06265755742788315
0.05755782499909401
0.1362336277961731
0.550521731376648
0.12285246700048447
0.1665572226047516
0.6448400616645813
0.9345981478691101
0.39502304792404175
0.5457324385643005
0.31665274500846863
0.7350239753723145
0.11272110790014267
0.2814362943172455
0.4897199869155884
0.1936892718076706
0.00824027694761753
0.7259059548377991
0.3005717694759369
0.3551456034183502
0.5236610770225525
0.8997384309768677
0.49776598811149597
0.2568312883377075
0.6458847522735596
0.5998147130012512
0.24431248009204865
0.8871527314186096
0.8162994384765625
0.20734228193759918
0.3713665008544922
0.451125830411911
0.5172073245048523
0.1121274009346962
0.20199480652809143
0.11620602756738663
0.9176267385482788
0.7770346403121948
0.22043761610984802
0.9297022819519043
0.4678947627544403
0.2098221331834793
0.8868898749351501
0.5654101371765137
0.9063580632209778
0.07783042639493942
0.8356143236160278
0.12943990528583527
0.29951950907707214
0.31124839186668396
0.7862991690635681
0.8618192076683044
0.7026136517524719
0.35394087433815
0.9628636240959167
0.049415912479162216
0.9669739603996277
0.6109459400177002
0.6830651760101318
0.33786553144454956
0.5551389455795288
0.6941447257995605
0.12850342690944672
0.3892941474914551
0.5035646557807922
0.7634795904159546
0.6179510951042175
0.25826770067214966
0.9087637662887573
0.483237087726593
0.751280665397644
0.9173967838287354
0.3549094498157501
0.08917772024869919
0.22904501855373383
0.8363117575645447
0.6435663104057312
0.8548587560653687
0.3052557110786438
0.7344979047775269
0.3154981732368469
0.6805379390716553
0.5135606527328491
0.24142314493656158
0.808210015296936
0.776032030582428
0.19314897060394287
0.9482997059822083
0.986108660697937
0.989223837852478
0.9163626432418823
0.24485735595226288
0.3090498745441437
0.4091869294643402
0.7343231439590454
0.2945866882801056
0.17906315624713898
0.9095346927642822
0.6241456866264343
0.39991286396980286
0.39902904629707336
0.7917978763580322
0.5465040802955627
0.44187772274017334
0.9018630385398865
0.9753352999687195
0.7131490111351013
0.6734866499900818
0.8234948515892029
0.6504480242729187
0.5694661736488342
0.11712534725666046
0.01156643033027649
0.1392175257205963
0.22976131737232208
0.04537646099925041
0.06303893029689789
0.38893306255340576
0.11330287903547287
0.9880284667015076
0.5433117151260376
0.07953531295061111
0.5833944082260132
0.7838539481163025
0.029711898416280746
0.8346273303031921
0.504844605922699
0.31635600328445435
0.8677940368652344
0.7916219234466553
0.6062285304069519
0.7711909413337708
0.21136565506458282
0.8449090123176575
0.48719677329063416
0.8596721291542053
0.4762517511844635
0.5763936042785645
0.5801807641983032
0.840177059173584
0.4633980989456177
0.4717165231704712
0.905279278755188
0.7577611804008484
0.46880167722702026
0.20657363533973694
0.49844953417778015
0.46406400203704834
0.48277905583381653
0.28765666484832764
0.19968776404857635
0.7971319556236267
0.056432683020830154
0.801388144493103
0.06897176057100296
0.3357645571231842
0.5573187470436096
0.33969995379447937
0.6785368919372559
0.3464781939983368
0.8610690832138062
0.0010771079687401652
0.7358589768409729
0.6304907202720642
0.9825513958930969
0.32323622703552246
0.8840796947479248
0.8364603519439697
0.05023638904094696
0.7366423606872559
0.06798949837684631
0.8035905361175537
0.21709072589874268
0.2587206959724426
0.7454392910003662
0.25807005167007446
0.24084198474884033
0.13688024878501892
0.617432177066803
0.09382364898920059
0.7524147629737854
0.46796247363090515
0.03837596997618675
0.5524898767471313
0.013623548671603203
0.8766524195671082
0.9997119307518005
0.9381536245346069
0.6594589948654175
0.06623703986406326
0.838492214679718
0.003781731240451336
0.9581816792488098
0.2885515093803406
0.05953323841094971
0.6221962571144104
0.4572984576225281
0.1687290519475937
0.12970493733882904
0.19873514771461487
0.005211015697568655
0.5817903876304626
0.8443237543106079
0.35592421889305115
0.059411223977804184
0.30550652742385864
0.011348006315529346
0.41333043575286865
0.6788294315338135
0.654761552810669
0.4912241995334625
0.8541910648345947
0.6553720831871033
0.12851408123970032
0.1932886689901352
0.732060968875885
0.11525683850049973
0.43027055263519287
0.2593117654323578
0.9478631019592285
0.6421051025390625
0.7970702648162842
0.44191476702690125
0.40298405289649963
0.39155229926109314
0.7976807951927185
0.2986825704574585
0.5649852156639099
0.5934680104255676
0.15643076598644257
0.6893503069877625
0.9909063577651978
0.008516957983374596
0.0433996357023716
0.6849055290222168
0.7022834420204163
0.09650182723999023
0.5473618507385254
0.9393455982208252
0.12351620942354202
0.14923600852489471
0.3587973117828369
0.9333749413490295
0.27418506145477295
0.7421042323112488
0.5940954089164734
0.6713111996650696
0.8489972949028015
0.8273130059242249
0.30618521571159363
0.02984803356230259
0.275657057762146
0.1283763349056244
0.24280567467212677
0.7178154587745667
0.18537744879722595
0.1122528538107872
0.6006224155426025
0.3726066052913666
0.9637482762336731
0.19734689593315125
0.28951209783554077
0.06725099682807922
0.36328840255737305
0.13843655586242676
0.1777457892894745
0.9449506998062134
0.17114180326461792
0.9508497714996338
0.6408455967903137
0.17298433184623718
0.6230433583259583
0.4135236144065857
0.267984002828598
0.7524634003639221
0.7867067456245422
0.29424911737442017
0.962075412273407
0.9720907211303711
0.392531156539917
0.8178141713142395
0.954222559928894
0.5412512421607971
0.7014011740684509
0.5372011065483093
0.8344209790229797
0.8319358825683594
0.9213212132453918
0.9735056161880493
0.9342612028121948
0.6930914521217346
0.9703394770622253
0.08902159333229065
0.5086542963981628
0.2151881605386734
0.694338321685791
0.09459169954061508
0.1449679732322693
0.15881885588169098
0.4143536686897278
0.22416988015174866
0.49645334482192993
0.09274907410144806
0.9655462503433228
0.6311314105987549
0.43431660532951355
0.5127733945846558
0.6599271893501282
0.8017732501029968
0.6105077862739563
0.8243529200553894
0.08062997460365295
0.19144712388515472
0.10772441327571869
0.9924940466880798
0.6323292851448059
0.23826704919338226
0.9130021333694458
0.30685955286026
0.14225150644779205
0.51990807056427
0.501621425151825
0.4208377003669739
0.25208356976509094
0.3542785346508026
0.57472825050354
0.40064892172813416
0.16846145689487457
0.1929306834936142
0.13317538797855377
0.7674113512039185
0.1565859168767929
0.8039652109146118
0.4530440866947174
0.3318009674549103
0.6110122203826904
0.7072702646255493
0.7844914793968201
0.9521714448928833
0.6583718061447144
0.6100124716758728
0.12303885072469711
0.6811832785606384
0.6928104162216187
0.39049026370048523
0.7101483345031738
0.2215944528579712
0.11361969262361526
0.9756658673286438
0.3947252035140991
0.698962926864624
0.43199363350868225
0.8772736191749573
0.6273170113563538
0.6706819534301758
0.6208522319793701
0.9513787627220154
0.15954039990901947
0.40661001205444336
0.3299587666988373
0.7443422079086304
0.10272577404975891
0.550964891910553
0.0193051565438509
0.23318637907505035
0.6565256118774414
0.281290739774704
0.7790918946266174
0.7205480337142944
0.39055004715919495
0.5403671860694885
0.8305895924568176
0.9201974868774414
0.2631278336048126
0.4506087601184845
0.398359090089798
0.9068424701690674
0.12719987332820892
0.22320237755775452
0.39536088705062866
0.7363649010658264
0.8450230360031128
0.3381168246269226
0.3829409182071686
0.5157323479652405
0.6896095871925354
0.8072075843811035
0.9881643056869507
0.0799836739897728
0.8052825927734375
0.02168731577694416
0.4909669756889343
0.5983795523643494
0.9007084369659424
0.19374153017997742
0.49685680866241455
0.3995280861854553
0.12732936441898346
0.7205373048782349
0.7871288061141968
0.6027507185935974
0.9039204716682434
0.07792991399765015
0.31671276688575745
0.2035505622625351
0.4758312404155731
0.7695016860961914
0.9139689207077026
0.20333020389080048
0.6281263828277588
0.4234029948711395
0.35055217146873474
0.8269516825675964
0.7157583236694336
0.30429431796073914
0.010072935372591019
0.8554515242576599
0.9138666391372681
0.4973641633987427
0.06212770193815231
0.9733766317367554
0.755529522895813
0.8518418073654175
0.18379229307174683
0.1715061217546463
0.6117342710494995
0.9161158800125122
0.8405318260192871
0.6863361597061157
0.6794266700744629
0.5137683153152466
0.20703381299972534
0.8388779759407043
0.5044199824333191
0.7503281235694885
0.34624210000038147
0.41192057728767395
0.8946681022644043
0.5638409852981567
0.9069907665252686
0.6071521639823914
0.7914374470710754
0.4574222266674042
0.9604377150535583
0.47633397579193115
0.22675782442092896
0.872539758682251
0.19393500685691833
0.9905919432640076
0.8613936305046082
0.991364598274231
0.9429148435592651
0.574342668056488
0.22591349482536316
0.2628810405731201
0.06918133050203323
0.6672924160957336
0.11194711923599243
0.9690304398536682
0.34188026189804077
0.40255293250083923
0.22989706695079803
0.5219497084617615
0.2646791338920593
0.13694201409816742
0.028760084882378578
0.9199212193489075
0.7370355129241943
0.9823096990585327
0.3151962161064148
0.47577357292175293
0.026682117953896523
0.6999984383583069
0.9548384547233582
0.4808907210826874
0.6749863624572754
0.7207609415054321
0.6722265481948853
0.7557449340820312
0.2974144518375397
0.8265053033828735
0.7752475142478943
0.4587877690792084
0.44571155309677124
0.9127054810523987
0.018070761114358902
0.468251496553421
0.6576696038246155
0.8155271410942078
0.5341675877571106
0.33775848150253296
0.06217869371175766
0.32692861557006836
0.5774919390678406
0.9794692993164062
0.9372115731239319
0.39809155464172363
0.19501160085201263
0.14497347176074982
0.48033884167671204
0.1357995569705963
0.43224257230758667
0.01636415906250477
0.6598411798477173
0.9467824697494507
0.714501142501831
0.8440303206443787
0.24124830961227417
0.7360295057296753
0.5684362649917603
0.554452657699585
0.9387369751930237
0.013936491683125496
0.9811177253723145
0.8854694366455078
0.5322763919830322
0.6436087489128113
0.2574807107448578
0.8700154423713684
0.9336144924163818
0.5710457563400269
0.976832926273346
0.9523311853408813
0.4549994170665741
0.47614046931266785
0.049406059086322784
0.6607920527458191
0.5466731786727905
0.039525456726551056
0.5013699531555176
0.5208379030227661
0.22828605771064758
0.061514269560575485
0.5484228134155273
0.4930790066719055
0.505927324295044
0.725709855556488
0.7030320763587952
0.4854946732521057
0.4780108630657196
0.2372978776693344
0.9355226159095764
0.16610221564769745
0.2937447130680084
0.4958694577217102
0.12312869727611542
0.2589733600616455
0.1264168918132782
0.9298593401908875
0.19872154295444489
0.1266493797302246
0.6616050004959106
0.4766208231449127
0.606787919998169
0.8953253626823425
0.023521512746810913
0.8996033668518066
0.6139482259750366
0.8279317021369934
0.5320802330970764
0.9908062219619751
0.679101288318634
0.44216108322143555
0.7201300263404846
0.4354541003704071
0.7416862845420837
0.08750389516353607
0.7571772933006287
0.813290536403656
0.5168629884719849
0.916887640953064
0.18737660348415375
0.8132606744766235
0.3212345540523529
0.00230893911793828
0.8787345886230469
0.01310698315501213
0.14556656777858734
0.0847397893667221
0.9412793517112732
0.05540957301855087
0.08864849805831909
0.07736831903457642
0.5063778758049011
0.9836491346359253
0.5681537985801697
0.6655672192573547
0.11056479811668396
0.8389536738395691
0.5992763638496399
0.6960670351982117
0.4403185546398163
0.32968637347221375
0.35451066493988037
0.4768243432044983
0.30187857151031494
0.061221860349178314
0.2638241648674011
0.6125589609146118
0.07021593302488327
0.8889310956001282
0.8787087798118591
0.3612062931060791
0.7236253619194031
0.2993372082710266
0.761468231678009
0.9364537596702576
0.3394641578197479
0.8273076415061951
0.20399101078510284
0.9723873138427734
0.3304637372493744
0.6551880836486816
0.4458099901676178
0.10130126774311066
0.22551952302455902
0.7367345094680786
0.2367238849401474
0.03234526887536049
0.6759606003761292
0.10087153315544128
0.8810228109359741
0.8478398323059082
0.8330418467521667
0.841262936592102
0.03479704633355141
0.20179346203804016
0.09904547780752182
0.2159736305475235
0.3192768394947052
0.6961783170700073
0.6950134634971619
0.16970820724964142
0.6990504264831543
0.17470991611480713
0.7641581892967224
0.2532925605773926
0.9008628129959106
0.30503231287002563
0.4268433451652527
0.8176929354667664
0.8353099226951599
0.7054686546325684
0.6850218772888184
0.45100367069244385
0.5413182973861694
0.14484332501888275
0.8458136320114136
0.06557902693748474
0.8963667154312134
0.46604809165000916
0.09803379327058792
0.5057651996612549
0.4993433654308319
0.46157342195510864
0.15202294290065765
0.32701146602630615
0.16050703823566437
0.9989062547683716
0.9158957004547119
0.38667207956314087
0.03307763859629631
0.28767964243888855
0.989166796207428
0.6522302031517029
0.03935520723462105
0.02069535292685032
0.2843993306159973
0.7005470395088196
0.5859950184822083
0.6243565678596497
0.31185173988342285
0.7618793249130249
0.11037102341651917
0.8753094673156738
0.11741989850997925
0.7969316840171814
0.8200877904891968
0.255533367395401
0.1812058687210083
0.9090090394020081
0.031362347304821014
0.5350310802459717
0.18829651176929474
0.001914633670821786
0.4331839084625244
0.9830166101455688
0.15920206904411316
0.7807039618492126
0.19312623143196106
0.26895856857299805
0.5807582139968872
0.4724496006965637
0.6593965291976929
0.2518502473831177
0.42738667130470276
0.5707524418830872
0.09444902092218399
0.5398485064506531
0.6924176216125488
0.7031491994857788
0.9557470083236694
0.9596225619316101
0.18497243523597717
0.8408842086791992
0.18944737315177917
0.6421539187431335
0.030790532007813454
0.20422469079494476
0.40203967690467834
0.42595890164375305
0.9026921987533569
0.503417432308197
0.4830469787120819
0.34275707602500916
0.3047352135181427
0.5190097689628601
0.3652173578739166
0.39489656686782837
0.3507894277572632
0.04414420202374458
0.5197782516479492
0.22690889239311218
0.7660289406776428
0.38901135325431824
0.17595158517360687
0.059349533170461655
0.5893486142158508
0.8623906373977661
0.2285803109407425
0.4911797046661377
0.6425783634185791
0.6803251504898071
0.8907681703567505
0.5339315533638
0.5445790886878967
0.02524496614933014
0.8434233069419861
0.11070495843887329
0.6504749059677124
0.14543190598487854
0.08883147686719894
0.9077908992767334
0.1409386545419693
0.2488207370042801
0.0010853054700419307
0.5234889388084412
0.7632644772529602
0.7243974804878235
0.9889172315597534
0.7688904404640198
0.919032871723175
0.20371192693710327
0.3319777548313141
3.186572575941682e-05
0.945428729057312
0.13270121812820435
0.8503478765487671
0.003512301715090871
0.5572749972343445
0.30858758091926575
0.646950900554657
0.7320530414581299
0.8514420390129089
0.7797629833221436
0.825976550579071
0.7189379930496216
0.47148534655570984
0.6909305453300476
0.7152668833732605
0.7338732481002808
0.7094460725784302
0.9439443945884705
0.5278874635696411
0.04458336532115936
0.21781069040298462
0.5511732697486877
0.33351507782936096
0.36565667390823364
0.3811004161834717
0.243902787566185
0.14801985025405884
0.7921013236045837
0.6900799870491028
0.9882867932319641
0.2907755374908447
0.17147161066532135
0.816336452960968
0.39298734068870544
0.9608214497566223
0.24279151856899261
0.057244960218667984
0.6183825731277466
0.7180450558662415
0.376854807138443
0.9839060306549072
0.360527366399765
0.12603560090065002
0.0015772528713569045
0.9508060216903687
0.28665992617607117
0.9377461671829224
0.566703736782074
0.5719953775405884
0.13766057789325714
0.8242681622505188
0.42372050881385803
0.5771679878234863
0.29083776473999023
0.3262338936328888
0.20746292173862457
0.30292418599128723
0.18386682868003845
0.08012977987527847
0.6663175821304321
0.7954004406929016
0.1594061404466629
0.07494281977415085
0.0029645846225321293
0.7872914671897888
0.14221124351024628
0.33464670181274414
0.7015153169631958
0.9852064847946167
0.033548686653375626
0.08394215255975723
0.7096360921859741
0.13572026789188385
0.638680100440979
0.4018882215023041
0.2699255347251892
0.06642203778028488
0.8795789480209351
0.07691989839076996
0.3952593505382538
0.5296173691749573
0.7197786569595337
0.4039384126663208
0.31163451075553894
0.03074171021580696
0.21464034914970398
0.3066039979457855
0.7258666157722473
0.5178709030151367
0.5049875974655151
0.9765983819961548
0.5958425402641296
0.623321533203125
0.7667376399040222
0.9951691627502441
0.5345048308372498
0.5794713497161865
0.8607866168022156
0.3373849391937256
0.5618971586227417
0.3640266954898834
0.9121312499046326
0.15345421433448792
0.9820666313171387
0.5338290333747864
0.5130720734596252
0.24917425215244293
0.7551766037940979
0.3747228980064392
0.017683133482933044
0.30885234475135803
0.1549791842699051
0.10898149013519287
0.7483747601509094
0.6648775339126587
0.3916690945625305
0.4721933603286743
0.4182824492454529
0.35363534092903137
0.5517510771751404
0.2771702706813812
0.8741409182548523
0.04716373607516289
0.5206800699234009
0.39126306772232056
0.8991784453392029
0.34498944878578186
0.9798838496208191
0.18398448824882507
0.027567973360419273
0.4071444272994995
0.8925517797470093
0.2674652636051178
0.5802246928215027
0.8548139929771423
0.008724348619580269
0.1604461371898651
0.39274919033050537
0.7379400730133057
0.5550285577774048
0.18311403691768646
0.7849100828170776
0.3761138319969177
0.2497306615114212
0.885590136051178
0.4987255334854126
0.0737532302737236
0.6007112860679626
0.5374467968940735
0.18176639080047607
0.5508244633674622
0.19765605032444
0.8564258217811584
0.8132606744766235
0.925119161605835
0.7236204743385315
0.3904779851436615
0.04490736499428749
0.6269228458404541
0.09222882241010666
0.7913884520530701
0.3731537163257599
0.823351263999939
0.985673725605011
0.2381024956703186
0.630204975605011
0.3859654664993286
0.8533890247344971
0.6798638701438904
0.27967366576194763
0.25096479058265686
0.20090003311634064
0.37028151750564575
0.8652662634849548
0.4209074079990387
0.12111945450305939
0.6793086528778076
0.19616660475730896
0.8414254784584045
0.22465668618679047
0.3594767451286316
0.9283278584480286
0.9263708591461182
0.0586882047355175
0.6871630549430847
0.15799416601657867
0.5349041819572449
0.49212801456451416
0.016344407573342323
0.2930649220943451
0.4037480652332306
0.4063653349876404
0.11281117051839828
0.8637551069259644
0.8159360885620117
0.9638305902481079
0.1979147344827652
0.8841083645820618
0.9140132665634155
0.022823089733719826
0.5234585404396057
0.23268024623394012
0.7996363639831543
0.28344061970710754
0.1594627946615219
0.50185227394104
0.6573777198791504
0.9766054749488831
0.8359261751174927
0.05526091158390045
0.40266790986061096
0.8939485549926758
0.3589368462562561
0.6841365694999695
0.4915272891521454
0.7902510762214661
0.8005281686782837
0.6320425868034363
0.11192020028829575
0.30892297625541687
0.7244399785995483
0.05958583578467369
0.6664949655532837
0.5774180889129639
0.9048562049865723
0.9280587434768677
0.2957850992679596
0.6552667021751404
0.026517828926444054
0.5747060775756836
0.9770554304122925
0.5069249272346497
0.07722513377666473
0.3994646966457367
0.1568162888288498
0.41605138778686523
0.2865627706050873
0.9811556935310364
0.037586141377687454
0.3077556788921356
0.9776975512504578
0.9665095806121826
0.7754026651382446
0.39240413904190063
0.884972095489502
0.6050206422805786
0.19810573756694794
0.4647749662399292
0.4203295111656189
0.5446661114692688
0.3220306932926178
0.5368654131889343
0.9076855778694153
0.752228856086731
0.9232102632522583
0.3229745328426361
0.8161808848381042
0.38456976413726807
0.2634401321411133
0.3991633355617523
0.390893816947937
0.5946033596992493
0.43557825684547424
0.3771129548549652
0.6967089772224426
0.18100523948669434
0.07384958863258362
0.7096962332725525
0.33929169178009033
0.9887189865112305
0.15735577046871185
0.7795461416244507
0.5521057844161987
0.2000683844089508
0.7102447152137756
0.7476512789726257
0.6686662435531616
0.7934514284133911
0.8805997967720032
0.37533578276634216
0.70355623960495
0.16423171758651733
0.5601094365119934
0.72608482837677
0.471295565366745
0.3981136679649353
0.9650773406028748
0.4454280138015747
0.3354260325431824
0.26054927706718445
0.6928551197052002
0.35517022013664246
0.2158752977848053
0.3142092227935791
0.4450414180755615
0.9244393706321716
0.21211522817611694
0.1515599936246872
0.6378320455551147
0.7251467108726501
0.5096302628517151
0.44631704688072205
0.20223583281040192
0.8724725842475891
0.20416928827762604
0.08083918690681458
0.5702672004699707
0.5590530037879944
0.20540250837802887
0.8037686944007874
0.242726132273674
0.47878497838974
0.8182652592658997
0.19655002653598785
0.8348578810691833
0.012315874919295311
0.35715049505233765
0.31538552045822144
0.03081105463206768
0.34980034828186035
0.592499315738678
0.04209774360060692
0.7137266397476196
0.6958067417144775
0.8181729912757874
0.5172854065895081
0.6619141101837158
0.4084116220474243
0.9621748328208923
0.48755180835723877
0.43355047702789307
0.12973254919052124
0.24817553162574768
0.47252658009529114
0.31495195627212524
0.9832476377487183
0.6237142086029053
0.44802168011665344
0.10014753043651581
0.4860929250717163
0.6830823421478271
0.863370954990387
0.5164785385131836
0.6829102039337158
0.6541762948036194
0.6209766864776611
0.931265115737915
0.47355473041534424
0.8532097935676575
0.9124326705932617
0.7112430334091187
0.2160334438085556
0.009430183097720146
0.6987445950508118
0.18883225321769714
0.5506432056427002
0.0345236100256443
0.824442982673645
0.7413252592086792
0.5150588750839233
0.31580236554145813
0.22252552211284637
0.34030482172966003
0.8012391924858093
0.2551383674144745
0.679340660572052
0.39424213767051697
0.5593389868736267
0.07577674090862274
0.22384150326251984
0.684898316860199
0.35538798570632935
0.5202652812004089
0.6494953036308289
0.5376439690589905
0.950048565864563
0.9556402564048767
0.5497735738754272
0.5138402581214905
0.8124061822891235
0.42125698924064636
0.9273828864097595
0.7396270036697388
0.5056064128875732
0.5781401991844177
0.764854907989502
0.26977968215942383
0.7103426456451416
0.5536587238311768
0.12288087606430054
0.8251093029975891
0.002208640333265066
0.7095378637313843
0.4317338168621063
0.3817689120769501
0.1802971065044403
0.9338806867599487
0.033600106835365295
0.17489416897296906
0.001450050505809486
0.16619418561458588
0.8292297124862671
0.90860515832901
0.5013577342033386
0.15042744576931
0.12997521460056305
0.5144213438034058
0.1018112301826477
0.6837716102600098
0.8294628262519836
0.5704519152641296
0.6612411737442017
0.15194100141525269
0.3922979235649109
0.17309215664863586
0.7274144887924194
0.6663544178009033
0.37212803959846497
0.3983986973762512
0.8453148603439331
0.8896623849868774
0.14412324130535126
0.5225568413734436
0.16778719425201416
0.49146804213523865
0.26000282168388367
0.8917001485824585
0.38652125000953674
0.7651957273483276
0.5434585809707642
0.15413914620876312
0.26408377289772034
0.6496022939682007
0.9633617401123047
0.5318883061408997
0.3299976885318756
0.36842307448387146
0.007794518955051899
0.8473764657974243
0.848301351070404
0.51715487241745
0.7814353704452515
0.9746394157409668
0.27146783471107483
0.4128960371017456
0.33479470014572144
0.1338730752468109
0.8834783434867859
0.5980645418167114
0.5659695863723755
0.4843807816505432
0.2154494673013687
0.8444187641143799
0.5774922966957092
0.6717374920845032
0.35278528928756714
0.43284061551094055
0.1963169127702713
0.7779870629310608
0.7371130585670471
0.8724409341812134
0.06821595132350922
0.8859953284263611
0.8050006628036499
0.8109658360481262
0.7720349431037903
0.8705578446388245
0.8437119722366333
0.25650671124458313
0.26827675104141235
0.9493982195854187
0.6554665565490723
0.25928795337677
0.3259841799736023
0.5789339542388916
0.7637898325920105
0.6195108294487
0.4937923848628998
0.6028676629066467
0.26603570580482483
0.13871526718139648
0.19730623066425323
0.980218768119812
0.8655508160591125
0.9879587292671204
0.162845179438591
0.5781465172767639
0.9251915216445923
0.27580758929252625
0.4437554180622101
0.42548105120658875
0.5282069444656372
0.16117540001869202
0.9197100400924683
0.970335066318512
0.8555695414543152
0.17455115914344788
0.4002169966697693
0.5861337780952454
0.933440089225769
0.12874938547611237
0.12784641981124878
0.5964362621307373
0.8300837278366089
0.8401625156402588
0.20576505362987518
0.7711556553840637
0.06116824224591255
0.8485426902770996
0.3029400110244751
0.42017820477485657
0.647267758846283
0.14171116054058075
0.7427654266357422
0.014163474552333355
0.9287587404251099
0.4752762019634247
0.9645498394966125
0.6273671984672546
0.31793534755706787
0.6652050018310547
0.5070083737373352
0.2966303527355194
0.13671958446502686
0.6236067414283752
0.06883878260850906
0.5243813395500183
0.9805377125740051
0.6546224355697632
0.3249782621860504
0.41380876302719116
0.46492061018943787
0.23648549616336823
0.14344337582588196
0.9906600117683411
0.8503003716468811
0.12795060873031616
0.6697100400924683
0.6825413107872009
0.3308117389678955
0.8417194485664368
0.15929952263832092
0.6099031567573547
0.2275460660457611
0.1877061426639557
0.4988693594932556
0.6371651291847229
0.4980126619338989
0.5168850421905518
0.9277852177619934
0.1018059179186821
0.1253105252981186
0.11072071641683578
0.9542190432548523
0.9097666144371033
0.5233427882194519
0.6662995219230652
0.2538806200027466
0.5011923313140869
0.5018942356109619
0.3916900157928467
0.8351231813430786
0.025354282930493355
0.8785013556480408
0.6876939535140991
0.9267438650131226
0.7501069903373718
0.135263130068779
0.2830560505390167
0.477830171585083
0.6068896651268005
0.5921761393547058
0.8147709369659424
0.7088543772697449
0.11974652111530304
0.6453765034675598
0.8277422785758972
0.6699463129043579
0.2490541934967041
0.41802701354026794
0.09394203871488571
0.10030819475650787
0.9571629762649536
0.7030841708183289
0.7422417402267456
0.029700273647904396
0.35660797357559204
0.47055569291114807
0.36347049474716187
0.9927866458892822
0.22890305519104004
0.8914585709571838
0.9181345105171204
0.6463972330093384
0.3566872477531433
0.3223191499710083
0.27050143480300903
0.5874280333518982
0.6815650463104248
0.84026038646698
0.8432256579399109
0.5091037750244141
0.9459401965141296
0.2993306517601013
0.7008339762687683
0.28438645601272583
0.6075177788734436
0.5623915791511536
0.19944122433662415
0.7742308378219604
0.5555559396743774
0.9041423797607422
0.10806828737258911
0.24072828888893127
0.10261053591966629
0.4064256548881531
0.720714271068573
0.7890783548355103
0.6764382719993591
0.6902720332145691
0.8606435656547546
0.27370354533195496
0.18942506611347198
0.6544424891471863
0.45566055178642273
0.1614041030406952
0.14969661831855774
0.2900373637676239
0.04068933427333832
0.8556758761405945
0.8824061155319214
0.424369752407074
0.00457428302615881
0.2886788845062256
0.20225387811660767
0.3457902669906616
0.18294785916805267
0.9482951164245605
0.755314290523529
0.8239697217941284
0.42113032937049866
0.0533120259642601
0.2096572369337082
0.21381236612796783
0.14960415661334991
0.7779591083526611
0.03851388767361641
0.8209252953529358
0.26221412420272827
0.342171847820282
0.14411234855651855
0.158229798078537
0.39682355523109436
0.44297823309898376
0.9028878808021545
0.9053598046302795
0.4076443910598755
0.8156132102012634
0.501534640789032
0.35421112179756165
0.42089757323265076
0.6097312569618225
0.5946834683418274
0.818440854549408
0.4957340955734253
0.5765175223350525
0.46306005120277405
0.8844491243362427
0.3992176055908203
0.96583092212677
0.12379737943410873
0.670565664768219
0.32304370403289795
0.2070046067237854
0.635830819606781
0.9589442014694214
0.9163758158683777
0.48392143845558167
0.5605555772781372
0.3862226605415344
0.9171015024185181
0.8088003396987915
0.8259350061416626
0.2715758979320526
0.4872039556503296
0.6582162380218506
0.5403192639350891
0.5671109557151794
0.41400963068008423
0.08673597127199173
0.50958651304245
0.5573661923408508
0.17490169405937195
0.15943484008312225
0.6049748659133911
0.3783053457736969
0.2515799105167389
0.26596489548683167
0.7701722383499146
0.6681562662124634
0.22792518138885498
0.1597779095172882
0.8566080331802368
0.3551483452320099
0.11741015315055847
0.9078274965286255
0.8234880566596985
0.6939371228218079
0.7087462544441223
0.4481510818004608
0.7266908884048462
0.9427883625030518
0.4149594306945801
0.4553041458129883
0.7572129964828491
0.4215867221355438
0.5717130303382874
0.2676248550415039
0.3660010099411011
0.6163873076438904
0.5417813658714294
0.9127810001373291
0.7608171701431274
0.41837945580482483
0.6555691361427307
0.31412768363952637
0.9695022106170654
0.5210053324699402
0.9766061902046204
0.024202827364206314
0.7973663210868835
0.6604894995689392
0.041294164955616
0.9034050107002258
0.9276980757713318
0.9715043902397156
0.3500306308269501
0.6323693990707397
0.9441901445388794
0.13782380521297455
0.41564497351646423
0.4226697087287903
0.2495686411857605
0.8246352076530457
0.003167022718116641
0.46391451358795166
0.16637341678142548
0.4742617607116699
0.27483248710632324
0.6832560300827026
0.9564133882522583
0.9471144080162048
0.9451872706413269
0.547856867313385
0.1074531152844429
0.6935153603553772
0.2935504913330078
0.45478758215904236
0.8290969729423523
0.38256198167800903
0.45607367157936096
0.3917449712753296
0.3172434866428375
0.2593480050563812
0.8272355198860168
0.4958270788192749
0.9195610284805298
0.38879629969596863
0.15219156444072723
0.23662053048610687
0.007016646675765514
0.006634369492530823
0.7598505020141602
0.5124586224555969
0.07950154691934586
0.540291965007782
0.7831274271011353
0.6478961706161499
0.7677468061447144
0.11264538019895554
0.008964475244283676
0.46199941635131836
0.10652220249176025
0.04758581891655922
0.9153187870979309
