step,best_fitness,avg_hamming,avg_l1,avg_entropy,mean,median,std,2%,5%,10%,25%,50%,75%,90%,95%,98%
91,-0.5312271118164062,341.14862060546875,55.29764938354492,559.8680071149554,0.531227171421051,0.530107319355011,0.005716498009860516,0.5219458484649658,0.5228295266628266,0.5241821050643921,0.5276664197444916,0.530107319355011,0.5342804342508316,0.5392886519432067,0.5429801702499389,0.5436077642440796
182,-0.5358126759529114,340.9638977050781,62.449214935302734,558.9460972377232,0.5358127355575562,0.5350608825683594,0.005547873675823212,0.5258729302883148,0.5278076618909836,0.5296010851860047,0.5321030467748642,0.5350608825683594,0.5396245718002319,0.5436173677444458,0.5449069261550903,0.5471228897571564
273,-0.5374137759208679,340.7774353027344,68.82781219482422,558.0253034319196,0.5374137759208679,0.536117672920227,0.005300899967551231,0.5294975876808167,0.5304175734519958,0.5308638334274292,0.5336668193340302,0.536117672920227,0.5414275527000427,0.5445809423923492,0.547099232673645,0.5498009347915649
364,-0.5380167365074158,340.59075927734375,74.65060424804688,557.1053641183036,0.5380167961120605,0.5373140573501587,0.005267958622425795,0.5302404141426087,0.5305281341075897,0.5321483194828034,0.5341520309448242,0.5373140573501587,0.5419566929340363,0.5449077725410462,0.5473563224077225,0.5498009347915649
455,-0.539100706577301,340.4050598144531,80.01657104492188,556.1914847237723,0.5391007661819458,0.5385115146636963,0.005069267004728317,0.5305925762653351,0.5321521490812302,0.5327067494392395,0.5348605960607529,0.5385115146636963,0.5429938733577728,0.5450653016567231,0.548141872882843,0.5498009347915649
546,-0.5397877097129822,340.2097473144531,85.03337860107422,555.2641514369419,0.539787769317627,0.5393142104148865,0.004671849310398102,0.5321493232250214,0.5330093801021576,0.5342185080051423,0.536240428686142,0.5393142104148865,0.5430953800678253,0.5462814390659332,0.548141872882843,0.5498009347915649
637,-0.5403231978416443,340.0164794921875,89.86398315429688,554.3292497907366,0.5403232574462891,0.5398577451705933,0.004534013103693724,0.533390793800354,0.5341220438480377,0.5347432911396026,0.5364343971014023,0.5398577451705933,0.5433252453804016,0.5463533580303193,0.5487900406122208,0.5507453083992004
728,-0.5407995581626892,339.82916259765625,94.27119445800781,553.4244907924107,0.5407994985580444,0.5407882630825043,0.004425715655088425,0.5334017169475556,0.5343430757522583,0.5352641522884369,0.5376633852720261,0.5407882630825043,0.5436623692512512,0.5463755130767822,0.5487900406122208,0.5507453083992004
819,-0.5410791039466858,339.6427307128906,98.4836196899414,552.5219203404018,0.541079044342041,0.5411070585250854,0.0043639494106173515,0.5338396358489991,0.5343430757522583,0.5354512393474579,0.5378809720277786,0.5411070585250854,0.5441420525312424,0.5463755130767822,0.5487900406122208,0.5507453083992004
910,-0.5416709780693054,339.45660400390625,102.6205062866211,551.6124180385044,0.5416709780693054,0.5416728556156158,0.004344661720097065,0.5341311526298523,0.5352632075548172,0.5359890699386597,0.5387004017829895,0.5416728556156158,0.5443034023046494,0.5471088886260986,0.5498298168182373,0.5512001764774322
1001,-0.5418115854263306,339.2551574707031,106.5353012084961,550.6865670340402,0.5418115854263306,0.5416728556156158,0.0042485762387514114,0.5343983316421509,0.5353233724832535,0.5364574551582336,0.5388337671756744,0.5416728556156158,0.544336661696434,0.5471088886260986,0.5498298168182373,0.5512001764774322
1092,-0.5423043966293335,339.0564880371094,110.30661010742188,549.7609427315848,0.5423043966293335,0.5418860912322998,0.0042757862247526646,0.5343983316421509,0.5359989881515503,0.5371606707572937,0.5393122583627701,0.5418860912322998,0.5447860509157181,0.5487973809242248,0.5498298168182373,0.5512001764774322
1183,-0.5425352454185486,338.8681640625,113.9770278930664,548.8468715122768,0.5425353050231934,0.5419600009918213,0.004319873638451099,0.5343983316421509,0.5362231642007828,0.537600290775299,0.5393390357494354,0.5419600009918213,0.545036256313324,0.5492042243480683,0.5500509917736054,0.5512001764774322
1274,-0.5429121255874634,338.677978515625,117.49323272705078,547.9391043526786,0.5429121255874634,0.5425541996955872,0.004319011699408293,0.535194045305252,0.5365967005491257,0.5379894554615021,0.5396094918251038,0.5425541996955872,0.5454549491405487,0.5494627952575684,0.5507466495037079,0.5519178915023804
1365,-0.5431091785430908,338.48284912109375,120.8202133178711,547.0410505022321,0.5431092381477356,0.5428640246391296,0.004330068361014128,0.535194045305252,0.5365967005491257,0.5380131781101227,0.5396862179040909,0.5428640246391296,0.5456688702106476,0.5494627952575684,0.5507466495037079,0.5519178915023804
1456,-0.5434360504150391,338.2884826660156,124.05634307861328,546.1456647600446,0.5434361100196838,0.5429339706897736,0.004597639199346304,0.5361832845211029,0.5369251608848572,0.5380903422832489,0.5402880609035492,0.5429339706897736,0.5460377335548401,0.5495863199234009,0.5508089572191238,0.5528443813323974
1547,-0.543803334236145,338.0730285644531,127.17559814453125,545.2199619838169,0.5438033938407898,0.5433687567710876,0.004522818606346846,0.5364443552494049,0.5369378328323364,0.5382239043712616,0.5408229380846024,0.5433687567710876,0.5463550984859467,0.5497808218002319,0.5508089572191238,0.5528443813323974
1638,-0.5441017150878906,337.87286376953125,130.27317810058594,544.3109218052456,0.5441017746925354,0.5438198745250702,0.004528478253632784,0.5365983307361603,0.5378475487232208,0.53829225897789,0.5410492569208145,0.5438198745250702,0.5466659516096115,0.549804961681366,0.5512215822935105,0.5539254224300385
1729,-0.5444781184196472,337.6732177734375,133.29742431640625,543.4026576450893,0.544478178024292,0.5440520942211151,0.004849214572459459,0.5365983307361603,0.5378475487232208,0.53829225897789,0.5411243140697479,0.5440520942211151,0.5471336096525192,0.5505289971828461,0.5519455790519714,0.554139221906662
1820,-0.5448818206787109,337.4698181152344,136.18869018554688,542.4991367885044,0.5448818802833557,0.5443717539310455,0.004781118594110012,0.5365983307361603,0.5380086779594422,0.5394439816474914,0.5417073518037796,0.5443717539310455,0.5476635098457336,0.550748884677887,0.5519455790519714,0.554139221906662
1911,-0.5452146530151367,337.2640075683594,139.07810974121094,541.5835484095982,0.5452146530151367,0.5445533394813538,0.004757313057780266,0.5376289463043213,0.5380945473909378,0.5396726131439209,0.5419608354568481,0.5445533394813538,0.5479366928339005,0.5508196234703064,0.5528774261474609,0.5555383777618408
2002,-0.5455139875411987,337.06256103515625,141.922607421875,540.6670357840402,0.5455140471458435,0.5448997318744659,0.004716530907899141,0.5376305115222931,0.5388522386550904,0.5402752757072449,0.5422935783863068,0.5448997318744659,0.5480451285839081,0.5511033475399018,0.5539277881383896,0.5555383777618408
2093,-0.5458239912986755,336.8578796386719,144.7256622314453,539.7442539760044,0.5458239912986755,0.5450319647789001,0.004545002710074186,0.5380017817020416,0.539951691031456,0.5407130777835846,0.5425441116094589,0.5450319647789001,0.5483607947826385,0.5511033475399018,0.5539277881383896,0.5555383777618408
2184,-0.5460078120231628,336.6534729003906,147.40545654296875,538.8381783621652,0.5460078716278076,0.5453620254993439,0.0045691304840147495,0.5380017817020416,0.539951691031456,0.5407130777835846,0.5427045971155167,0.5453620254993439,0.5491232872009277,0.5512148320674897,0.5539277881383896,0.5555383777618408
2275,-0.5460287928581238,336.4486389160156,150.094970703125,537.9169311523438,0.5460288524627686,0.5453620254993439,0.004565963987261057,0.5380081260204315,0.539951691031456,0.5407130777835846,0.5427045971155167,0.5453620254993439,0.5491232872009277,0.5512148320674897,0.5539277881383896,0.5555383777618408
2366,-0.5463515520095825,336.2405090332031,152.6943817138672,536.9956577845982,0.5463516116142273,0.545931339263916,0.004572877194732428,0.5396214807033539,0.5402592718601227,0.5410168528556824,0.5431338846683502,0.545931339263916,0.5496187210083008,0.5515075564384461,0.5539277881383896,0.5555383777618408
2457,-0.5464810729026794,336.0145263671875,155.1909637451172,536.0691964285714,0.5464810729026794,0.5459678769111633,0.004520828370004892,0.5396214807033539,0.5402592718601227,0.5410168528556824,0.5433807671070099,0.5459678769111633,0.5496187210083008,0.5515075564384461,0.5539277881383896,0.5555383777618408
2548,-0.5470567345619202,335.8018798828125,157.73304748535156,535.1363176618304,0.5470567941665649,0.5463164150714874,0.004743135068565607,0.5402230131626129,0.5407329827547074,0.5419398188591004,0.5437786728143692,0.5463164150714874,0.549841046333313,0.5528406500816345,0.5551138252019883,0.5608275175094605
2639,-0.5474451184272766,335.5772399902344,160.24114990234375,534.1836460658482,0.5474451184272766,0.54689159989357,0.0047812690027058125,0.5402287793159485,0.540837824344635,0.5421917378902436,0.5441812425851822,0.54689159989357,0.550397515296936,0.5531190216541291,0.5552057266235352,0.5608275175094605
2730,-0.5478286743164062,335.36285400390625,162.6630859375,533.2621983119419,0.5478286743164062,0.5469753444194794,0.005069901701062918,0.5402287793159485,0.5410220801830292,0.5422610700130462,0.5442964136600494,0.5469753444194794,0.5505366772413254,0.5540332496166229,0.5562923192977905,0.5608559203147888
2821,-0.5480276942253113,335.14105224609375,165.0777587890625,532.3153076171875,0.548027753829956,0.5476450622081757,0.005062444135546684,0.5402287793159485,0.5410220801830292,0.5423855245113373,0.5443031042814255,0.5476450622081757,0.5507555902004242,0.5540332496166229,0.5562923192977905,0.5608559203147888
2912,-0.5482196807861328,334.92266845703125,167.431884765625,531.3888898577009,0.5482197403907776,0.5477980673313141,0.004963562358170748,0.5403531873226166,0.541741618514061,0.5427931666374206,0.5444702059030533,0.5477980673313141,0.5508653819561005,0.5543280065059661,0.5562923192977905,0.5608559203147888
3003,-0.5482936501502991,334.689208984375,169.73182678222656,530.4394618443081,0.5482937097549438,0.5478045046329498,0.004936572164297104,0.5410210180282593,0.5418166309595108,0.5429353833198547,0.5444702059030533,0.5478045046329498,0.5511171072721481,0.5543280065059661,0.5562923192977905,0.5608559203147888
3094,-0.5485605001449585,334.4841613769531,172.05812072753906,529.5198189871652,0.5485605001449585,0.5479913651943207,0.004759315866976976,0.5417584609985352,0.5422047048807144,0.5430923700332642,0.54501773416996,0.5479913651943207,0.5511171072721481,0.5543280065059661,0.5562923192977905,0.5608559203147888
3185,-0.5487222075462341,334.2633361816406,174.32843017578125,528.5795636858259,0.5487223267555237,0.5481116473674774,0.004639405757188797,0.5418180024623871,0.5424012929201126,0.5435270309448242,0.5453549921512604,0.5481116473674774,0.5511171072721481,0.5543280065059661,0.5562923192977905,0.5608559203147888
3276,-0.5488433241844177,334.0440368652344,176.59280395507812,527.6285226004464,0.5488433837890625,0.5482068061828613,0.004619027022272348,0.541955543756485,0.542814439535141,0.5436133146286011,0.5453549921512604,0.5482068061828613,0.5512259900569916,0.5543280065059661,0.5562923192977905,0.5608559203147888
3367,-0.5490395426750183,333.8038635253906,178.76788330078125,526.6702357700893,0.5490396022796631,0.5484171211719513,0.004553837701678276,0.541955543756485,0.543094938993454,0.5437799513339996,0.5454360246658325,0.5484171211719513,0.5514883995056152,0.5543280065059661,0.5562923192977905,0.5608559203147888
3458,-0.5491820573806763,333.5795593261719,180.98724365234375,525.7114345005581,0.549182116985321,0.5487380921840668,0.004541791509836912,0.541955543756485,0.543094938993454,0.5437799513339996,0.5459451079368591,0.5487380921840668,0.5515958368778229,0.5545655488967896,0.5562923192977905,0.5608559203147888
3549,-0.5492090582847595,333.33685302734375,183.09219360351562,524.757568359375,0.5492091774940491,0.5487380921840668,0.00450662849470973,0.5422227811813355,0.5433727353811264,0.5438611328601837,0.5459451079368591,0.5487380921840668,0.5515958368778229,0.5545655488967896,0.5562923192977905,0.5608559203147888
3640,-0.5493856072425842,333.1075744628906,185.21026611328125,523.8102591378348,0.549385666847229,0.5488046705722809,0.004411972593516111,0.5430910313129425,0.5436108589172364,0.5443043291568757,0.5461622178554535,0.5488046705722809,0.5515958368778229,0.5550984084606171,0.5564526796340943,0.5608559203147888
3731,-0.5495254993438721,332.8561706542969,187.29661560058594,522.8314034598214,0.5495255589485168,0.5491037666797638,0.004428400192409754,0.5430910313129425,0.5436108589172364,0.5443043291568757,0.5463642030954361,0.5491037666797638,0.551824152469635,0.5551180481910706,0.5564526796340943,0.5608559203147888
3822,-0.5496053695678711,332.6147155761719,189.28826904296875,521.8811383928571,0.5496054291725159,0.5491888523101807,0.0044730184599757195,0.5430910313129425,0.5436108589172364,0.5443043291568757,0.5463642030954361,0.5491888523101807,0.5520187467336655,0.5552175521850586,0.5564526796340943,0.5608559203147888
3913,-0.5498185753822327,332.3778076171875,191.3504638671875,520.9132864815848,0.5498186349868774,0.5497812032699585,0.004410427063703537,0.5430910313129425,0.5436162948608398,0.5448193252086639,0.5465293675661087,0.5497812032699585,0.5520187467336655,0.5552175521850586,0.5564526796340943,0.5608559203147888
4004,-0.549959123134613,332.1442565917969,193.3401641845703,519.9630824497768,0.549959123134613,0.5497824549674988,0.00436394615098834,0.5430910313129425,0.5436162948608398,0.5449970483779907,0.5468094050884247,0.5497824549674988,0.5524000078439713,0.5552175521850586,0.5564526796340943,0.5608559203147888
4095,-0.5500230193138123,331.90478515625,195.3547821044922,518.9971313476562,0.550023078918457,0.5498394966125488,0.004352242220193148,0.5431029677391053,0.5436162948608398,0.5449970483779907,0.5468094050884247,0.5498394966125488,0.5524786114692688,0.5552175521850586,0.5564526796340943,0.5608559203147888
4186,-0.5501358509063721,331.6725158691406,197.3388671875,518.0393153599331,0.5501359105110168,0.5499866604804993,0.004364158026874065,0.5431029677391053,0.5436162948608398,0.5451756715774536,0.5469139218330383,0.5499866604804993,0.5525397062301636,0.5554508924484253,0.5564526796340943,0.5608559203147888
4277,-0.5504709482192993,331.4305725097656,199.26339721679688,517.0770002092634,0.5504710674285889,0.5500626564025879,0.004286085721105337,0.5431029677391053,0.5443046241998672,0.5457253634929657,0.5474947094917297,0.5500626564025879,0.5530114024877548,0.5556416511535645,0.5572147309780121,0.5608559203147888
4368,-0.5504791736602783,331.196533203125,201.19378662109375,516.1178065708706,0.5504792332649231,0.5500626564025879,0.004275019280612469,0.5431029677391053,0.5447967022657394,0.5457253634929657,0.5474947094917297,0.5500626564025879,0.5530114024877548,0.5556416511535645,0.5572147309780121,0.5608559203147888
4459,-0.5506541132926941,330.9550476074219,203.13116455078125,515.1401715959821,0.5506541728973389,0.550195574760437,0.004312001168727875,0.5435450339317321,0.544807368516922,0.5457253634929657,0.5475368797779083,0.550195574760437,0.5531561970710754,0.5557444214820861,0.5586807370185852,0.5608559203147888
4550,-0.5508018136024475,330.70526123046875,205.1109161376953,514.1400495256696,0.5508019328117371,0.5504100322723389,0.004218804184347391,0.5435450339317321,0.544807368516922,0.5464316606521606,0.5477624535560608,0.5504100322723389,0.5531561970710754,0.5557444214820861,0.5586807370185852,0.5608559203147888
4641,-0.5510069131851196,330.46697998046875,207.04212951660156,513.1580810546875,0.5510069131851196,0.5504934191703796,0.004174773581326008,0.5442902362346649,0.5450010538101197,0.5465369403362275,0.5478330850601196,0.5504934191703796,0.5532736778259277,0.5561627388000489,0.5586807370185852,0.5608559203147888
4732,-0.5511936545372009,330.2117004394531,208.91619873046875,512.1690848214286,0.5511937141418457,0.5506564974784851,0.004136943258345127,0.5445142042636871,0.545184850692749,0.5468186795711517,0.5479387044906616,0.5506564974784851,0.5534456074237823,0.5562980651855469,0.5586807370185852,0.5608559203147888
4823,-0.5512174367904663,329.97052001953125,210.7504425048828,511.1993321010045,0.5512174367904663,0.5507998466491699,0.0041358270682394505,0.5445142042636871,0.545184850692749,0.5468186795711517,0.5480737090110779,0.5507998466491699,0.5534456074237823,0.5562980651855469,0.5586807370185852,0.5608559203147888
4914,-0.5515071153640747,329.7117919921875,212.4919891357422,510.2264186314174,0.5515071749687195,0.5508680641651154,0.004257993772625923,0.5445142042636871,0.545184850692749,0.5469345867633819,0.5484771728515625,0.5508680641651154,0.5539435595273972,0.5567089438438415,0.5591252505779266,0.562212073802948
5005,-0.5516191720962524,329.4591369628906,214.2930450439453,509.23355538504467,0.5516192317008972,0.550875723361969,0.004200963769108057,0.5448164916038514,0.5463715344667435,0.5469806253910064,0.5485197156667709,0.550875723361969,0.553944006562233,0.5567089438438415,0.5591252505779266,0.562212073802948
5096,-0.552039623260498,329.20367431640625,216.0481414794922,508.2516392299107,0.552039623260498,0.5511822700500488,0.00416006613522768,0.5450066900253296,0.5466402888298034,0.5474554359912872,0.548987865447998,0.5511822700500488,0.5545361191034317,0.5574832916259765,0.5591252505779266,0.562212073802948
5187,-0.5521215200424194,328.95318603515625,217.78990173339844,507.2765895298549,0.5521215200424194,0.5514163076877594,0.0041077821515500546,0.5450066900253296,0.5466402888298034,0.547508692741394,0.5491046160459518,0.5514163076877594,0.5545361191034317,0.5574832916259765,0.5591252505779266,0.562212073802948
5278,-0.5521952509880066,328.70965576171875,219.56036376953125,506.28747994559154,0.5521953105926514,0.5515072345733643,0.004083652049303055,0.5450066900253296,0.5466402888298034,0.5475331902503967,0.5494349896907806,0.5515072345733643,0.5545361191034317,0.5574832916259765,0.5591252505779266,0.562212073802948
5369,-0.5525115132331848,328.43212890625,221.179443359375,505.29903738839283,0.5525115728378296,0.5520184934139252,0.004274335689842701,0.5450066900253296,0.5466402888298034,0.5475331902503967,0.5495412349700928,0.5520184934139252,0.5551898181438446,0.5585014998912812,0.5608275532722473,0.5625794887542724
5460,-0.5527121424674988,328.15350341796875,222.9036102294922,504.2765110560826,0.5527122020721436,0.552449107170105,0.0041217925027012825,0.5455328702926636,0.5469675987958909,0.5483780562877655,0.5497700572013855,0.552449107170105,0.5551898181438446,0.5585014998912812,0.5608275532722473,0.5625794887542724
5551,-0.552800178527832,327.8792724609375,224.59063720703125,503.2608904157366,0.5528002977371216,0.5524855256080627,0.0041061765514314175,0.5464233207702637,0.5469675987958909,0.5483780562877655,0.5497700572013855,0.5524855256080627,0.5554636418819427,0.5585136771202087,0.5608275532722473,0.5625794887542724
5642,-0.5529444217681885,327.5903015136719,226.31910705566406,502.2062465122768,0.5529444813728333,0.5525507926940918,0.004131716210395098,0.5464233207702637,0.5469751060009003,0.5483780562877655,0.549983561038971,0.5525507926940918,0.5556513071060181,0.5586702704429627,0.5608275532722473,0.5625794887542724
5733,-0.5529786944389343,327.3191833496094,227.92861938476562,501.22535923549106,0.5529787540435791,0.5525507926940918,0.004135431256145239,0.5465399730205536,0.5469751060009003,0.5483780562877655,0.549983561038971,0.5525507926940918,0.5557774305343628,0.5586702704429627,0.5608275532722473,0.5625794887542724
5824,-0.5532525777816772,327.05926513671875,229.56919860839844,500.22788783482144,0.553252637386322,0.5527395009994507,0.004179307725280523,0.5465399730205536,0.5469751060009003,0.5484190225601197,0.5500538796186447,0.5527395009994507,0.556350827217102,0.5586702704429627,0.5608275532722473,0.5625794887542724
5915,-0.5533850789070129,326.7924499511719,231.24911499023438,499.21791294642856,0.5533851385116577,0.5528987050056458,0.004120315425097942,0.5465399730205536,0.5469751060009003,0.5484192907810211,0.5504193603992462,0.5528987050056458,0.556350827217102,0.5586702704429627,0.5608275532722473,0.5625794887542724
6006,-0.5535228848457336,326.54705810546875,232.85984802246094,498.24169921875,0.5535229444503784,0.5530174672603607,0.004072198644280434,0.5465399730205536,0.5469751060009003,0.5484192907810211,0.5506939142942429,0.5530174672603607,0.5564591139554977,0.5586702704429627,0.5608275532722473,0.5625794887542724
6097,-0.5539101362228394,326.2947998046875,234.43992614746094,497.2624250139509,0.5539101362228394,0.553796648979187,0.00416757445782423,0.5465399730205536,0.5475085556507111,0.5484533965587616,0.5510585010051727,0.553796648979187,0.5569826364517212,0.5589267075061798,0.5608457207679749,0.5625794887542724
6188,-0.5542088150978088,326.01177978515625,235.9878692626953,496.24051339285717,0.5542088150978088,0.5539241433143616,0.003971061669290066,0.5475213241577148,0.548110181093216,0.5490702152252197,0.5514018535614014,0.5539241433143616,0.5570652484893799,0.5589267075061798,0.5608457207679749,0.5625794887542724
6279,-0.554592490196228,325.7497253417969,237.5390625,495.25174386160717,0.554592490196228,0.5541761517524719,0.004102956037968397,0.5475467658042907,0.5483877032995224,0.5492215156555176,0.5515442937612534,0.5541761517524719,0.557255744934082,0.5590667605400086,0.5612204372882843,0.5633021521568299
6370,-0.5548181533813477,325.4827575683594,239.12091064453125,494.2325134277344,0.5548182129859924,0.5545049011707306,0.004220378585159779,0.5475467658042907,0.5483877032995224,0.5492215156555176,0.5516637712717056,0.5545049011707306,0.5577300190925598,0.5604139506816864,0.5622091591358185,0.563874887228012
6461,-0.5551910400390625,325.2063293457031,240.70928955078125,493.1966770717076,0.5551910400390625,0.5551716685295105,0.004183670040220022,0.5481190180778504,0.5490925759077072,0.549614542722702,0.55202516913414,0.5551716685295105,0.5581741333007812,0.5608276128768921,0.5626007318496704,0.5641202199459076
6552,-0.5552745461463928,324.9233703613281,242.23837280273438,492.16261073521207,0.5552746057510376,0.5551716685295105,0.0041408115066587925,0.5481190180778504,0.5492127209901809,0.5502740025520325,0.5521842241287231,0.5551716685295105,0.5582321733236313,0.5608276128768921,0.5626007318496704,0.5641202199459076
6643,-0.5555338859558105,324.63934326171875,243.79754638671875,491.115731375558,0.5555338859558105,0.5555776357650757,0.003918438218533993,0.5491126477718353,0.5497720927000046,0.5506022214889527,0.5526373088359833,0.5555776357650757,0.5582321733236313,0.5608276128768921,0.5626007318496704,0.5641202199459076
6734,-0.555634617805481,324.3792419433594,245.28892517089844,490.11913626534596,0.5556346774101257,0.5555776357650757,0.003872907254844904,0.5491126477718353,0.5497720927000046,0.5511418282985687,0.5529036372900009,0.5555776357650757,0.558316245675087,0.5608276128768921,0.5626007318496704,0.5641202199459076
6825,-0.5557865500450134,324.0596008300781,246.74691772460938,489.03951590401783,0.5557866096496582,0.5556245446205139,0.0039006529841572046,0.5491126477718353,0.5497946232557297,0.5511851787567139,0.5530424267053604,0.5556245446205139,0.558316245675087,0.5608616828918457,0.5633026510477066,0.5647276306152343
6916,-0.5558578372001648,323.77655029296875,248.1855010986328,488.01623099190846,0.5558578372001648,0.5556560456752777,0.0038530153688043356,0.5491126477718353,0.5497946232557297,0.5513969421386719,0.5531540960073471,0.5556560456752777,0.558316245675087,0.5608616828918457,0.5633026510477066,0.5647276306152343
7007,-0.5562658309936523,323.47369384765625,249.61981201171875,486.9692949567522,0.5562658905982971,0.5557902753353119,0.003893413348123431,0.5497906982898713,0.5510287463665009,0.5514649391174317,0.5536618232727051,0.5557902753353119,0.5584552586078644,0.5612174212932587,0.563870370388031,0.5656442213058471
7098,-0.5565462708473206,323.1966552734375,251.02267456054688,485.9739990234375,0.5565463304519653,0.556175172328949,0.004087063483893871,0.5497906982898713,0.5510287463665009,0.5516702890396118,0.5537969172000885,0.556175172328949,0.558538407087326,0.5623440980911255,0.5644832730293274,0.5656442213058471
7189,-0.556902289390564,322.8900451660156,252.40846252441406,484.92590767996654,0.556902289390564,0.556471586227417,0.004213402513414621,0.5497906982898713,0.5511722177267074,0.5522136449813843,0.5539325177669525,0.556471586227417,0.5589448660612106,0.562636137008667,0.5647329568862915,0.5671589982509613
7280,-0.5572354197502136,322.5976867675781,253.7961883544922,483.9010663713728,0.5572354793548584,0.5570042133331299,0.004228136036545038,0.5497906982898713,0.5514086663722992,0.5522136449813843,0.5542910695075989,0.5570042133331299,0.5593727231025696,0.5633318722248077,0.5647329568862915,0.5671589982509613
7371,-0.5574052333831787,322.2574768066406,255.1265411376953,482.8150111607143,0.5574052333831787,0.5570042133331299,0.004333063960075378,0.5497906982898713,0.5514086663722992,0.5522136449813843,0.5543558150529861,0.5570042133331299,0.5595021843910217,0.563872629404068,0.5651996016502381,0.5682209968566895
7462,-0.5576655864715576,321.9465026855469,256.51239013671875,481.75269862583707,0.5576655864715576,0.5570991933345795,0.004574539605528116,0.5497906982898713,0.551446607708931,0.552238267660141,0.5545237511396408,0.5570991933345795,0.5601791590452194,0.5640158712863922,0.5656897544860839,0.5685130751132965
7553,-0.5578674077987671,321.63787841796875,257.87066650390625,480.69842529296875,0.5578674077987671,0.5571672916412354,0.004520964343100786,0.5504182422161102,0.5520598709583282,0.5523567199707031,0.5547206997871399,0.5571672916412354,0.560480996966362,0.5640158712863922,0.5656897544860839,0.5685130751132965
7644,-0.5580379366874695,321.3433532714844,259.253662109375,479.65696498325894,0.5580379366874695,0.5572904050350189,0.004415022674947977,0.5513878905773163,0.5521956413984299,0.5528513312339782,0.5548481494188309,0.5572904050350189,0.5608190447092056,0.5640158712863922,0.5656897544860839,0.5685130751132965
7735,-0.5584958791732788,321.0151672363281,260.59832763671875,478.5718558175223,0.5584958791732788,0.5577639639377594,0.0044807735830545425,0.5520791935920716,0.5522395581007004,0.5538903117179871,0.555549830198288,0.5577639639377594,0.5608865022659302,0.5644951820373535,0.5671858221292496,0.5692326951026916
7826,-0.5585653781890869,320.7108154296875,261.9602966308594,477.5119934082031,0.5585653185844421,0.5579293370246887,0.0044388133101165295,0.5520791935920716,0.5523631572723389,0.5540320992469787,0.5557203739881516,0.5579293370246887,0.5608865022659302,0.5644951820373535,0.5671858221292496,0.5692326951026916
7917,-0.5588261485099792,320.3902893066406,263.3051452636719,476.42599051339283,0.5588261485099792,0.5584142506122589,0.00438311230391264,0.5522125804424286,0.5525450587272644,0.554220187664032,0.5558153688907623,0.5584142506122589,0.5610795170068741,0.5647563695907593,0.5671858221292496,0.5692326951026916
8008,-0.558914840221405,320.0853271484375,264.68341064453125,475.33640834263394,0.558914840221405,0.5584142506122589,0.004328659735620022,0.5523640441894532,0.5531304717063904,0.5542692542076111,0.5561547130346298,0.5584142506122589,0.5611379593610764,0.5647563695907593,0.5671858221292496,0.5692326951026916
8099,-0.5591892600059509,319.7612609863281,266.0327453613281,474.24251447405135,0.5591893196105957,0.558487057685852,0.004279110115021467,0.5523640441894532,0.5531304717063904,0.5547330737113952,0.5564412474632263,0.558487057685852,0.5615348070859909,0.5652214050292969,0.5671858221292496,0.5692326951026916
8190,-0.5596020817756653,319.42401123046875,267.3758850097656,473.1195983886719,0.5596021413803101,0.5585365891456604,0.004175564274191856,0.5525463509559632,0.5542708933353424,0.5552876830101013,0.556867778301239,0.5585365891456604,0.5618880838155746,0.565651148557663,0.5671858221292496,0.5692326951026916
8281,-0.5601049065589905,319.1101379394531,268.63720703125,472.05531093052457,0.5601049065589905,0.5587202310562134,0.004301246255636215,0.5525463509559632,0.5547390758991242,0.5557691097259522,0.5572012960910797,0.5587202310562134,0.5626978576183319,0.566284853219986,0.5682295262813568,0.5692326951026916
8372,-0.5602400302886963,318.7874755859375,269.9324951171875,470.9594072614397,0.5602400302886963,0.5588595271110535,0.004277616739273071,0.5525463509559632,0.5548489838838577,0.5558216452598572,0.5572676807641983,0.5588595271110535,0.5626978576183319,0.5669466197490692,0.5682295262813568,0.5692326951026916
8463,-0.5603721737861633,318.461669921875,271.20068359375,469.87632533482144,0.5603721737861633,0.559044361114502,0.004284465219825506,0.552547048330307,0.5548489838838577,0.5558216452598572,0.5573531836271286,0.559044361114502,0.563213661313057,0.5669466197490692,0.5682295262813568,0.5692326951026916
8554,-0.5605767965316772,318.1263427734375,272.49066162109375,468.7644522530692,0.5605767965316772,0.5593233108520508,0.0041772061958909035,0.5538963675498962,0.5552147537469864,0.5563026964664459,0.5577635914087296,0.5593233108520508,0.5632423162460327,0.5669466197490692,0.5682295262813568,0.5692326951026916
8645,-0.560945451259613,317.779296875,273.70001220703125,467.67349679129467,0.560945451259613,0.5600138306617737,0.004179390612989664,0.5547286534309387,0.5552906811237335,0.5563301324844361,0.557944267988205,0.5600138306617737,0.5636067986488342,0.5670024871826171,0.5685275286436081,0.5695992922782898
8736,-0.5610922574996948,317.44000244140625,274.9298095703125,466.5603724888393,0.5610922574996948,0.56043741106987,0.004121236503124237,0.5547286534309387,0.5559709668159485,0.5564286231994628,0.5581432580947876,0.56043741106987,0.5638947933912277,0.5670024871826171,0.5685275286436081,0.5695992922782898
8827,-0.5611498355865479,317.084228515625,276.145751953125,465.4324035644531,0.5611498355865479,0.5607698857784271,0.004107112996280193,0.5547286534309387,0.5559709668159485,0.5564286231994628,0.5582152903079987,0.5607698857784271,0.5638947933912277,0.5670024871826171,0.5685275286436081,0.5695992922782898
8918,-0.5617560744285583,316.7425842285156,277.4638366699219,464.2728707449777,0.5617560744285583,0.5611484348773956,0.004470670595765114,0.5548522651195527,0.5562521189451217,0.556497436761856,0.5584806948900223,0.5611484348773956,0.5645251274108887,0.5682437419891357,0.5695561110973358,0.5722786474227906
9009,-0.5620860457420349,316.3859558105469,278.66705322265625,463.13820103236606,0.5620861053466797,0.5616302788257599,0.0042940001003444195,0.5562594521045685,0.5564339518547058,0.5571756184101104,0.5585029274225235,0.5616302788257599,0.5645251274108887,0.5682437419891357,0.5695561110973358,0.5722786474227906
9100,-0.5623306035995483,316.08013916015625,279.8423156738281,462.0891767229353,0.5623306035995483,0.561846524477005,0.004227086901664734,0.556306105852127,0.5564673662185669,0.5572582304477691,0.558658704161644,0.561846524477005,0.5648016184568405,0.5682437419891357,0.5695561110973358,0.5722786474227906
9191,-0.5625855326652527,315.72210693359375,281.0234069824219,460.965340750558,0.5625855922698975,0.5625172853469849,0.0041935560293495655,0.5563321924209594,0.556560805439949,0.5572828054428101,0.5587951391935349,0.5625172853469849,0.5651713609695435,0.5682437419891357,0.5695561110973358,0.5722786474227906
9282,-0.5626484751701355,315.3697509765625,282.15740966796875,459.8492693219866,0.5626484751701355,0.5625172853469849,0.0041977278888225555,0.5563321924209594,0.556560805439949,0.5572828054428101,0.5589778572320938,0.5625172853469849,0.5651797652244568,0.5682437419891357,0.5695561110973358,0.5722786474227906
9373,-0.5630621314048767,315.0354919433594,283.31817626953125,458.74523489815846,0.5630621314048767,0.5632038414478302,0.004243314731866121,0.5564656066894531,0.5570344090461731,0.5581330299377442,0.5595706850290298,0.5632038414478302,0.5655868798494339,0.5685092687606812,0.5698667764663696,0.5731195712089538
9464,-0.5633070468902588,314.7080993652344,284.52703857421875,457.63890293666293,0.5633070468902588,0.5633066594600677,0.004278810229152441,0.5564656066894531,0.5570344090461731,0.5581330299377442,0.5598340481519699,0.5633066594600677,0.5659146308898926,0.5686131179332733,0.5698667764663696,0.5731195712089538
9555,-0.5635266900062561,314.3602294921875,285.7043762207031,456.5064784458705,0.5635266900062561,0.5635078251361847,0.004222346469759941,0.5564999783039093,0.5572078645229339,0.5582252860069274,0.5605110377073288,0.5635078251361847,0.5659512132406235,0.5687957048416138,0.5701723784208298,0.5731195712089538
9646,-0.5640941262245178,313.988525390625,286.84661865234375,455.3457815987723,0.5640941262245178,0.5638967454433441,0.0044862935319542885,0.5564999783039093,0.557281544804573,0.5586482644081116,0.5611290037631989,0.5638967454433441,0.5669074207544327,0.5692095518112182,0.5722028374671936,0.5753305280208587
9737,-0.5643937587738037,313.64666748046875,288.0214538574219,454.2127598353795,0.5643937587738037,0.5639808177947998,0.0043986886739730835,0.5564999783039093,0.5579461574554443,0.559345817565918,0.5615579038858414,0.5639808177947998,0.5669549256563187,0.5695532083511352,0.5722028374671936,0.5753305280208587
9828,-0.5647322535514832,313.28570556640625,289.11077880859375,453.08983067103793,0.5647323131561279,0.5645892322063446,0.00442849937826395,0.5570473623275757,0.5579461574554443,0.559345817565918,0.5620261132717133,0.5645892322063446,0.5670754909515381,0.5696288704872131,0.5722711712121964,0.5753305280208587
9919,-0.564867377281189,312.954833984375,290.2750549316406,451.97242518833707,0.5648674368858337,0.5646407902240753,0.004391491413116455,0.5570473742485046,0.5584969729185104,0.559374463558197,0.5621286332607269,0.5646407902240753,0.5671794712543488,0.5696288704872131,0.5722711712121964,0.5753305280208587
10010,-0.5652374029159546,312.61444091796875,291.4197082519531,450.8361031668527,0.5652374625205994,0.5648937225341797,0.004204333759844303,0.5579705178737641,0.5593462467193604,0.5598649322986603,0.5623814761638641,0.5648937225341797,0.5675334185361862,0.570087331533432,0.5722711712121964,0.5753305280208587
10101,-0.5654909610748291,312.25616455078125,292.53118896484375,449.6956699916295,0.5654909610748291,0.5649545788764954,0.004331715404987335,0.5579705178737641,0.5594669610261918,0.5605306982994079,0.5624890029430389,0.5649545788764954,0.5675720423460007,0.5703091502189637,0.5724695414304733,0.5754405462741852
10192,-0.5658024549484253,311.91278076171875,293.65545654296875,448.56079537527904,0.5658023953437805,0.5653847455978394,0.004284244030714035,0.5579705178737641,0.5594669610261918,0.561387813091278,0.5632535070180893,0.5653847455978394,0.5676222294569016,0.5706348299980164,0.5728107035160065,0.5754405462741852
10283,-0.5660356283187866,311.5328063964844,294.7713623046875,447.37413242885043,0.5660355687141418,0.565588653087616,0.004235837608575821,0.5579705178737641,0.5594669610261918,0.5619808554649353,0.5635348260402679,0.565588653087616,0.5679049640893936,0.5714661717414856,0.5730855762958527,0.5754405462741852
10374,-0.5663220882415771,311.1502990722656,295.83123779296875,446.1957266671317,0.5663220882415771,0.5655933320522308,0.0042696730233728886,0.5579705178737641,0.560280829668045,0.5622377991676331,0.563710629940033,0.5655933320522308,0.5684659332036972,0.5722799360752105,0.5733570039272309,0.5754405462741852
10465,-0.5668308734893799,310.7698059082031,296.8628845214844,445.03257969447543,0.5668309330940247,0.5661884546279907,0.004397891461849213,0.5581952702999115,0.560280829668045,0.5623899281024933,0.563950926065445,0.5661884546279907,0.569224625825882,0.5724736154079437,0.5745425999164582,0.5766838574409485
10556,-0.5670999884605408,310.3729248046875,297.91717529296875,443.8385968889509,0.5670999884605408,0.5664844512939453,0.004378959070891142,0.5581952702999115,0.5607641249895096,0.5623899281024933,0.5644258111715317,0.5664844512939453,0.5695636868476868,0.5728195905685425,0.5745425999164582,0.5766838574409485
10647,-0.5676665902137756,309.99920654296875,298.9574890136719,442.66957310267856,0.5676665902137756,0.5668907463550568,0.004471946973353624,0.5581952702999115,0.5621343642473221,0.5624929547309876,0.5648113787174225,0.5668907463550568,0.5703973770141602,0.5736210942268372,0.5753312915563583,0.5766838574409485
10738,-0.5681886076927185,309.5911560058594,300.0245056152344,441.4427708217076,0.5681886672973633,0.5671699047088623,0.004633536096662283,0.5602809417247773,0.5622429549694061,0.5627251863479614,0.5648981779813766,0.5671699047088623,0.5715884268283844,0.5740963280200958,0.5753716796636581,0.5796185779571533
10829,-0.5684469938278198,309.20086669921875,301.0379943847656,440.2614004952567,0.568446934223175,0.5674997866153717,0.004554638173431158,0.5610252439975738,0.5622429549694061,0.5631494343280792,0.5652847290039062,0.5674997866153717,0.5722153782844543,0.5742642104625701,0.5753716796636581,0.5796185779571533
10920,-0.5689340233802795,308.8536376953125,302.1696472167969,439.08365304129467,0.5689340233802795,0.5685213208198547,0.004477819427847862,0.5619145286083221,0.562737575173378,0.5635733306407928,0.5656991302967072,0.5685213208198547,0.5722719132900238,0.5743698358535767,0.5757268846035004,0.5800886297225952
11011,-0.5695769190788269,308.4886474609375,303.2410888671875,437.8948059082031,0.5695769190788269,0.5687851905822754,0.004804966505616903,0.5619145286083221,0.562737575173378,0.5644586861133576,0.5662878602743149,0.5687851905822754,0.572818785905838,0.5753617703914642,0.579221510887146,0.5808187103271484
11102,-0.5698741674423218,308.0931091308594,304.2749328613281,436.6713126046317,0.5698742270469666,0.5691438317298889,0.004808957688510418,0.5622239398956299,0.5634993284940719,0.5646661818027496,0.566405177116394,0.5691438317298889,0.572919636964798,0.5754445910453796,0.579221510887146,0.5808187103271484
11193,-0.5704029202461243,307.696044921875,305.2665710449219,435.47117396763394,0.5704029202461243,0.56964510679245,0.004686958156526089,0.5624834549427032,0.5642155885696412,0.5653149902820587,0.566855251789093,0.56964510679245,0.5733097940683365,0.5765090346336365,0.579221510887146,0.5808187103271484
11284,-0.5706833600997925,307.3077087402344,306.20550537109375,434.2996172223772,0.5706833600997925,0.5699090659618378,0.00462768878787756,0.5631136727333069,0.5651662707328796,0.5656532764434814,0.5670599490404129,0.5699090659618378,0.5733097940683365,0.5766467332839966,0.5796325325965881,0.5820288431644439
11375,-0.5708250999450684,306.92010498046875,307.1812438964844,433.11499459402904,0.5708251595497131,0.5699090659618378,0.004484726116061211,0.5650978004932403,0.5653212696313858,0.5658748984336853,0.5672942698001862,0.5699090659618378,0.5733097940683365,0.5766467332839966,0.5796325325965881,0.5820288431644439
11466,-0.5712159872055054,306.54962158203125,308.19085693359375,431.93033272879467,0.5712159872055054,0.5705834627151489,0.004554299637675285,0.5650978004932403,0.5655729472637177,0.5659106731414795,0.5680383890867233,0.5705834627151489,0.5736299455165863,0.5775018930435181,0.5796325325965881,0.5820288431644439
11557,-0.5713463425636292,306.12091064453125,309.1823425292969,430.65855189732144,0.5713464021682739,0.5710530579090118,0.004574580583721399,0.5650978004932403,0.5655729472637177,0.5659106731414795,0.5682035237550735,0.5710530579090118,0.5737753510475159,0.5775289118289948,0.5796325325965881,0.5820288431644439
11648,-0.5717789530754089,305.7545471191406,310.1275939941406,429.49363490513394,0.5717789530754089,0.5716085135936737,0.004550763871520758,0.5650978004932403,0.5655772507190704,0.565977543592453,0.568549782037735,0.5716085135936737,0.5742793828248978,0.5776751935482025,0.5800896465778351,0.5820288431644439
11739,-0.5720418691635132,305.365966796875,311.0614318847656,428.3225315638951,0.5720418691635132,0.5720342695713043,0.004528651013970375,0.5650978004932403,0.5656433880329133,0.5660854697227478,0.5691951960325241,0.5720342695713043,0.5743991136550903,0.5776751935482025,0.5800896465778351,0.5820288431644439
11830,-0.5723283886909485,304.9822692871094,312.0523986816406,427.1231951032366,0.5723284482955933,0.57227623462677,0.004261812660843134,0.5656074106693267,0.5659117877483368,0.5670307576656342,0.5694065243005753,0.57227623462677,0.5744678676128387,0.5776751935482025,0.5800896465778351,0.5820288431644439
11921,-0.5726465582847595,304.58795166015625,313.0224304199219,425.9010009765625,0.5726466178894043,0.5723819732666016,0.004419299308210611,0.5660183119773865,0.5663292288780213,0.5670558750629425,0.5694562047719955,0.5723819732666016,0.5746625363826752,0.5788027942180634,0.5804607957601547,0.5836349260807038
12012,-0.5731583833694458,304.1977233886719,314.0286865234375,424.66717529296875,0.5731584429740906,0.5727295577526093,0.004370822571218014,0.5660183119773865,0.5663292288780213,0.5672706663608551,0.569950670003891,0.5727295577526093,0.5753712207078934,0.5792254447937012,0.5804607957601547,0.5836349260807038
12103,-0.5735417008399963,303.7969665527344,314.9179992675781,423.4524710518973,0.5735417008399963,0.5732009410858154,0.004290656186640263,0.5660183119773865,0.5670563250780105,0.5687650263309478,0.5705339312553406,0.5732009410858154,0.5759494304656982,0.5792254447937012,0.5804607957601547,0.5836349260807038
12194,-0.5739637017250061,303.3758850097656,315.8502197265625,422.2026585170201,0.5739637017250061,0.573696494102478,0.004214230924844742,0.5660894000530243,0.5672006011009216,0.5692200839519501,0.5713198482990265,0.573696494102478,0.5765620023012161,0.5794544458389282,0.5813544422388077,0.5836349260807038
12285,-0.574383020401001,302.9507141113281,316.7635498046875,420.93861607142856,0.5743829607963562,0.5741651952266693,0.004260890185832977,0.5660894000530243,0.5672006011009216,0.569308978319168,0.5715391337871552,0.5741651952266693,0.5772002935409546,0.5796557903289795,0.5814473062753678,0.5836349260807038
12376,-0.5748650431632996,302.5374450683594,317.7311706542969,419.6639142717634,0.5748650431632996,0.5743988454341888,0.0043514505960047245,0.5667800068855285,0.5672741383314133,0.5695226073265076,0.5723732113838196,0.5743988454341888,0.5776242464780807,0.5806275010108948,0.5825377523899078,0.584410936832428
12467,-0.5752522945404053,302.11602783203125,318.5532531738281,418.4358389718192,0.5752522945404053,0.5745564103126526,0.004460974596440792,0.5670469522476196,0.5681098759174347,0.5695339679718018,0.5727443546056747,0.5745564103126526,0.5782937407493591,0.5812399506568908,0.5833094209432602,0.5844540452957153
12558,-0.57547527551651,301.703125,319.4779052734375,417.17905970982144,0.57547527551651,0.5748185515403748,0.004356010351330042,0.5672051429748535,0.5686909884214402,0.5695339679718018,0.5729484409093857,0.5748185515403748,0.578403115272522,0.5812399506568908,0.5833094209432602,0.5844540452957153
12649,-0.5759127140045166,301.324951171875,320.3730773925781,415.96717616489957,0.5759126543998718,0.575298011302948,0.004454325884580612,0.567758241891861,0.5690784692764282,0.5697313904762268,0.5732275992631912,0.575298011302948,0.5788443237543106,0.5820671379566192,0.5836436301469803,0.5851566052436828
12740,-0.5764463543891907,300.91265869140625,321.2517395019531,414.7417515345982,0.5764464139938354,0.5758949518203735,0.0045849597081542015,0.567758241891861,0.5690784692764282,0.5707362353801727,0.5733635127544403,0.5758949518203735,0.5792309939861298,0.5831452131271362,0.5844729602336883,0.5855785250663758
12831,-0.5767711400985718,300.5213623046875,322.1821594238281,413.49515206473217,0.5767711400985718,0.5764091610908508,0.004361179191619158,0.56780930519104,0.5699107557535171,0.5722492694854736,0.5741350203752518,0.5764091610908508,0.5793516337871552,0.5831452131271362,0.5844729602336883,0.5855785250663758
12922,-0.5771030783653259,300.1286926269531,323.0789794921875,412.2814200265067,0.5771030783653259,0.5767704248428345,0.0042520188726484776,0.5690650534629822,0.5707445770502091,0.5727355778217316,0.5743103623390198,0.5767704248428345,0.5796125531196594,0.5831452131271362,0.5844729602336883,0.5866954755783081
13013,-0.577494740486145,299.75115966796875,324.02484130859375,411.04984392438615,0.5774948000907898,0.5773421823978424,0.004174945410341024,0.5699366533756256,0.5713154584169388,0.5731592953205109,0.5744224041700363,0.5773421823978424,0.5799403041601181,0.5831537902355194,0.5851243257522583,0.5866954755783081
13104,-0.577737033367157,299.3827819824219,324.9765319824219,409.83912440708707,0.5777370929718018,0.5775404274463654,0.004164162091910839,0.5699366533756256,0.5721202045679092,0.5732148110866546,0.574555516242981,0.5775404274463654,0.5800794810056686,0.5834021210670471,0.5851243257522583,0.5866954755783081
13195,-0.5779730677604675,298.9833679199219,325.8349304199219,408.60436575753346,0.5779731273651123,0.5780103504657745,0.004123122431337833,0.5699366533756256,0.5727473676204682,0.5733224153518677,0.574759840965271,0.5780103504657745,0.5800930261611938,0.5834021210670471,0.5855705231428147,0.5867804074287415
13286,-0.5789556503295898,298.5064697265625,326.57440185546875,407.29888916015625,0.5789557099342346,0.5788871049880981,0.004468367900699377,0.570106965303421,0.5731754392385483,0.5735962867736817,0.5754739791154861,0.5788871049880981,0.5812550187110901,0.5845060467720031,0.5867998659610748,0.5879817759990692
13377,-0.5792929530143738,298.0862121582031,327.43377685546875,406.02025931222096,0.5792930126190186,0.5791810750961304,0.004327870439738035,0.5720521450042725,0.5731754392385483,0.5742919445037842,0.5765415877103806,0.5791810750961304,0.581344798207283,0.5845060467720031,0.5867998659610748,0.5879817759990692
13468,-0.5800632238388062,297.6615905761719,328.29541015625,404.72935267857144,0.5800632834434509,0.5795272886753082,0.004691777750849724,0.5720710229873657,0.5736332297325134,0.5743112444877625,0.5768149793148041,0.5795272886753082,0.5832638144493103,0.5863593339920044,0.5877065628767013,0.5910612833499909
13559,-0.5805906057357788,297.24822998046875,329.1111145019531,403.49000767299106,0.5805906057357788,0.5803121626377106,0.004607837181538343,0.5728531670570374,0.5736332297325134,0.5743544578552247,0.577763095498085,0.5803121626377106,0.5835195481777191,0.5867884874343872,0.5879599332809449,0.5910612833499909
13650,-0.5809474587440491,296.8264465332031,329.9603271484375,402.2087097167969,0.5809475183486938,0.5806198716163635,0.004714894574135542,0.5728531670570374,0.5736332297325134,0.5752434849739074,0.578101634979248,0.5806198716163635,0.58365099132061,0.5874428391456604,0.5886809378862381,0.5910612833499909
13741,-0.5814576148986816,296.41998291015625,330.7931823730469,400.94371250697543,0.5814576745033264,0.5808249711990356,0.005283579230308533,0.5728531670570374,0.5736332297325134,0.5754466891288758,0.578101634979248,0.5808249711990356,0.584013044834137,0.5879947900772095,0.5908803701400757,0.5924846386909485
13832,-0.5819911956787109,295.9613037109375,331.5649719238281,399.6128932407924,0.5819911360740662,0.5814671218395233,0.005325830541551113,0.5728531670570374,0.5736332297325134,0.5755394577980042,0.5783447027206421,0.5814671218395233,0.5852152109146118,0.588739663362503,0.5913133025169373,0.5924846386909485
13923,-0.5824999213218689,295.4857177734375,332.30377197265625,398.29650442940846,0.5824999213218689,0.5824188590049744,0.0051213339902460575,0.5730106472969055,0.5748887419700622,0.5757373213768006,0.578998327255249,0.5824188590049744,0.5858043134212494,0.588739663362503,0.5913133025169373,0.5924846386909485
14014,-0.5829043984413147,295.0693054199219,333.1003112792969,397.02943638392856,0.5829043984413147,0.582497775554657,0.004743486642837524,0.5748601365089416,0.5757469356060028,0.5774813115596771,0.5798522979021072,0.582497775554657,0.5858043134212494,0.588739663362503,0.5913133025169373,0.5924846386909485
14105,-0.5835235714912415,294.6089782714844,333.8510437011719,395.70542689732144,0.5835235714912415,0.5832251608371735,0.004758669063448906,0.5748601365089416,0.576572734117508,0.5778053879737854,0.5804788321256638,0.5832251608371735,0.5863606929779053,0.5907711565494538,0.5917413234710693,0.5924846386909485
14196,-0.5838447213172913,294.2110290527344,334.6303405761719,394.4835117885045,0.583844780921936,0.5834068059921265,0.004622715059667826,0.5748601365089416,0.5766082465648651,0.5787070512771606,0.580869272351265,0.5834068059921265,0.5864395946264267,0.5907711565494538,0.5917413234710693,0.5924846386909485
14287,-0.5839552879333496,293.7607116699219,335.3877258300781,393.1734357561384,0.5839552879333496,0.5834068059921265,0.004655611701309681,0.5748601365089416,0.5766082465648651,0.5788554549217224,0.5810301452875137,0.5834068059921265,0.5865702629089355,0.5908890724182129,0.5917413234710693,0.5924846386909485
14378,-0.5842302441596985,293.3440246582031,336.1571960449219,391.8885280064174,0.5842301845550537,0.5834674835205078,0.0047209179028868675,0.5748601365089416,0.5775064796209335,0.5790923595428467,0.5811406672000885,0.5834674835205078,0.5867255926132202,0.5910746574401855,0.5920885264873504,0.5931644439697266
14469,-0.5846155285835266,292.9197998046875,336.8907165527344,390.6152038574219,0.5846155285835266,0.5839062631130219,0.004798661917448044,0.5748601365089416,0.5775064796209335,0.5790923595428467,0.5817160457372665,0.5839062631130219,0.5871987640857697,0.5912427246570587,0.5924469828605652,0.5931644439697266
14560,-0.585443913936615,292.4969482421875,337.62664794921875,389.33816964285717,0.5854439735412598,0.5847733318805695,0.005310492590069771,0.5764352464675904,0.578106015920639,0.5798874080181122,0.5819552093744278,0.5847733318805695,0.588682621717453,0.5924508571624756,0.5945403575897217,0.5977094316482544
14651,-0.5861634612083435,292.0510559082031,338.3865051269531,388.0149884905134,0.5861634612083435,0.586015522480011,0.005275950767099857,0.5764352464675904,0.5788406044244766,0.5800213277339935,0.5823183655738831,0.586015522480011,0.5896151065826416,0.5925809025764466,0.5945403575897217,0.5977094316482544
14742,-0.5869494676589966,291.6346130371094,339.1513671875,386.7215270996094,0.5869494676589966,0.5871307849884033,0.0052937776781618595,0.5776741695404053,0.5788526058197021,0.5800213277339935,0.5826879441738129,0.5871307849884033,0.5907878130674362,0.5932234108448029,0.5949697494506836,0.5977094316482544
14833,-0.587605893611908,291.2345275878906,339.9243469238281,385.44474138532365,0.5876059532165527,0.5879730582237244,0.005271899048238993,0.5776741695404053,0.5790064334869385,0.5806067645549774,0.5836120694875717,0.5879730582237244,0.5909274518489838,0.5934296011924743,0.5956590890884399,0.600413156747818
14924,-0.5883620977401733,290.7510681152344,340.63702392578125,384.0859113420759,0.5883620977401733,0.5881441533565521,0.005230862647294998,0.5788695335388183,0.5790970206260682,0.5817943036556243,0.5854512006044388,0.5881441533565521,0.5910522937774658,0.5945611000061035,0.597106060385704,0.600413156747818
15015,-0.5886673331260681,290.2773132324219,341.3203125,382.74993896484375,0.5886673927307129,0.5886935889720917,0.005033760331571102,0.5789664435386658,0.580272051692009,0.5820833742618561,0.5857044905424118,0.5886935889720917,0.5912430584430695,0.5945611000061035,0.597106060385704,0.600413156747818
15106,-0.5893882513046265,289.8129577636719,341.92840576171875,381.4500514439174,0.5893883109092712,0.588958203792572,0.0051920730620622635,0.580353376865387,0.5821410924196243,0.5827477931976318,0.5859753489494324,0.588958203792572,0.5916757136583328,0.5956779956817627,0.5987478375434876,0.6012032282352447
15197,-0.5898824334144592,289.3500671386719,342.6311950683594,380.1073739188058,0.5898824334144592,0.5895606875419617,0.005041208118200302,0.5808109223842621,0.582248592376709,0.5837094247341156,0.5869563519954681,0.5895606875419617,0.592454269528389,0.5956779956817627,0.5987478375434876,0.6012032282352447
15288,-0.5904814004898071,288.9301452636719,343.3682861328125,378.8063659667969,0.5904814004898071,0.5902577936649323,0.004783645737916231,0.58221364736557,0.5836509227752685,0.5844804763793945,0.5873169451951981,0.5902577936649323,0.5932229310274124,0.5956779956817627,0.5987478375434876,0.6012032282352447
15379,-0.5909066796302795,288.50091552734375,344.0177307128906,377.54054478236606,0.5909067392349243,0.5908155739307404,0.004767951555550098,0.5822490787506104,0.5836804062128067,0.5847886741161347,0.5877939015626907,0.5908155739307404,0.5938404649496078,0.5966030418872833,0.5987478375434876,0.6012032282352447
15470,-0.5912981033325195,288.0703125,344.7091979980469,376.2466605050223,0.5912981629371643,0.5910048186779022,0.0047851437702775,0.5822490787506104,0.5840221524238587,0.5851624131202697,0.5886125564575195,0.5910048186779022,0.5940166264772415,0.5966030418872833,0.6002954125404358,0.6014552712440491
15561,-0.5915151834487915,287.5922546386719,345.3436584472656,374.8752223423549,0.5915152430534363,0.5910473167896271,0.00481908256188035,0.5824513936042786,0.5840221524238587,0.5852532267570496,0.5886671394109726,0.5910473167896271,0.5941144824028015,0.5975866138935089,0.6002954125404358,0.6014552712440491
15652,-0.5920873284339905,287.1011657714844,345.92926025390625,373.5279846191406,0.5920873880386353,0.5912953019142151,0.004643639083951712,0.5836807024478913,0.5851428031921386,0.5865906953811646,0.5894511938095093,0.5912953019142151,0.594314381480217,0.5978316485881805,0.6004372268915177,0.6027496933937073
15743,-0.5926870107650757,286.59942626953125,346.5146484375,372.1524004255022,0.5926870107650757,0.592275470495224,0.004895403981208801,0.5836807024478913,0.5851428031921386,0.5869492888450623,0.589716762304306,0.592275470495224,0.5947733521461487,0.5994791924953461,0.6012088984251023,0.6047528684139252
15834,-0.593048095703125,286.1582946777344,347.2257080078125,370.8083801269531,0.5930481553077698,0.5925474762916565,0.004848814103752375,0.584505010843277,0.5858863532543183,0.5871613979339599,0.5900591909885406,0.5925474762916565,0.5953098386526108,0.5995552778244019,0.6012114465236664,0.6047528684139252
15925,-0.5936747789382935,285.71832275390625,347.91949462890625,369.44845145089283,0.5936748385429382,0.5933671295642853,0.004862986039370298,0.5853992414474487,0.5865238070487976,0.5879316687583923,0.5901354849338531,0.5933671295642853,0.5969779789447784,0.5998430550098419,0.6012114465236664,0.6047528684139252
16016,-0.5944595336914062,285.256103515625,348.421875,368.18287440708707,0.5944595336914062,0.5942878127098083,0.005096504930406809,0.5853992414474487,0.586968332529068,0.5886397004127503,0.5908593386411667,0.5942878127098083,0.5971862524747849,0.6004662871360779,0.6028102934360504,0.6060929667949676
16107,-0.5947749018669128,284.79168701171875,349.04473876953125,366.82349940708707,0.5947749614715576,0.5944401025772095,0.005132165737450123,0.5853992414474487,0.5874699831008912,0.5886397004127503,0.5909513384103775,0.5944401025772095,0.5974513292312622,0.6010999381542206,0.604569160938263,0.6060929667949676
16198,-0.5953267812728882,284.37127685546875,349.6961364746094,365.5361982073103,0.5953267812728882,0.5948099792003632,0.004815048072487116,0.5865127038955689,0.5883378326892853,0.5898726999759674,0.5920215398073196,0.5948099792003632,0.59784796833992,0.6010999381542206,0.604569160938263,0.6060929667949676
16289,-0.5959591269493103,283.9187316894531,350.2981262207031,364.2085266113281,0.5959591865539551,0.5953868627548218,0.004921866115182638,0.5869567561149597,0.5886268794536591,0.5903080403804779,0.5925353765487671,0.5953868627548218,0.5990265756845474,0.6020255744457245,0.604569160938263,0.6060929667949676
16380,-0.5969385504722595,283.4670715332031,350.8792724609375,362.8953639439174,0.5969385504722595,0.5963984131813049,0.005915661808103323,0.5869567561149597,0.58884137570858,0.5903281509876251,0.5932077765464783,0.5963984131813049,0.5998622477054596,0.6028697729110718,0.6079058140516281,0.6111325669288635
16471,-0.5972270965576172,282.99041748046875,351.4217529296875,361.5510035923549,0.597227156162262,0.5965574979782104,0.005794301629066467,0.5881520271301269,0.5894132494926453,0.5908417284488678,0.5934524685144424,0.5965574979782104,0.6000855714082718,0.6028697729110718,0.6079058140516281,0.6111325669288635
16562,-0.5976880788803101,282.5531005859375,352.02252197265625,360.2298496791295,0.5976880788803101,0.5971038937568665,0.0056450339034199715,0.5893937611579895,0.5901551455259323,0.5913070797920227,0.5942904651165009,0.5971038937568665,0.6010123491287231,0.6036570549011231,0.6079058140516281,0.6111325669288635
16653,-0.5982622504234314,282.092529296875,352.6153259277344,358.8764866420201,0.5982623100280762,0.5978236198425293,0.005544302053749561,0.5899109089374542,0.5910400509834289,0.5920153260231018,0.5946222543716431,0.5978236198425293,0.6011150777339935,0.6044835388660431,0.6097907781600952,0.6111325669288635
16744,-0.5990138649940491,281.6360778808594,353.19281005859375,357.54874093191967,0.5990139245986938,0.5984033346176147,0.005635999608784914,0.5901532351970673,0.591871827840805,0.5931242227554321,0.5949781388044357,0.5984033346176147,0.6012151837348938,0.6064148187637329,0.6098815470933914,0.6155405819416047
16835,-0.5996145606040955,281.17083740234375,353.7435302734375,356.2055969238281,0.599614679813385,0.5988370776176453,0.005771882366389036,0.591050568819046,0.5918903350830078,0.5935485303401947,0.5960068702697754,0.5988370776176453,0.6017633974552155,0.6068200290203095,0.6102527618408203,0.6155405819416047
16926,-0.6000038385391235,280.69781494140625,354.2952880859375,354.8334524972098,0.6000038981437683,0.5994293391704559,0.005691425874829292,0.5912950837612152,0.5929362535476684,0.5942036509513855,0.5962347388267517,0.5994293391704559,0.6021127849817276,0.607032299041748,0.6102527618408203,0.6155405819416047
17017,-0.6006363034248352,280.2310485839844,354.8970947265625,353.4414280482701,0.6006363034248352,0.6002841889858246,0.005790386814624071,0.5918611013889312,0.5931331098079682,0.5947542190551758,0.5967054665088654,0.6002841889858246,0.6031740754842758,0.6094217896461487,0.6108439713716507,0.6155405819416047
17108,-0.6015340089797974,279.75360107421875,355.3703308105469,352.1072431291853,0.6015340685844421,0.6008378565311432,0.0058293892070651054,0.5926495540142059,0.5933760464191437,0.595640218257904,0.5977327823638916,0.6008378565311432,0.6038282066583633,0.6097857177257537,0.6129854321479797,0.6157241129875183
17199,-0.6022244691848755,279.28900146484375,355.853759765625,350.7972978864397,0.6022245287895203,0.6012007892131805,0.005594595335423946,0.5933804845809937,0.5949193239212036,0.5959495067596435,0.5979000329971313,0.6012007892131805,0.6049309074878693,0.6098997533321381,0.6129854321479797,0.6157241129875183
17290,-0.6032603979110718,278.81805419921875,356.3709716796875,349.45669991629467,0.6032603979110718,0.6018898785114288,0.0058327121660113335,0.5933852815628051,0.5955837547779084,0.5967371344566346,0.599123165011406,0.6018898785114288,0.6065822839736938,0.6118565320968627,0.6137542396783828,0.6157241129875183
17381,-0.6040745973587036,278.3843994140625,356.9588623046875,348.1227591378348,0.6040746569633484,0.6035970449447632,0.005732540041208267,0.5944797599315643,0.5964736938476562,0.5973342895507813,0.5998386889696121,0.6035970449447632,0.6076922714710236,0.6129668414592743,0.613816711306572,0.6157241129875183
17472,-0.6044078469276428,277.90869140625,357.49359130859375,346.72825840541293,0.6044079065322876,0.6037514209747314,0.005790569353848696,0.5944797599315643,0.5964736938476562,0.5973342895507813,0.6003235280513763,0.6037514209747314,0.6088623255491257,0.6129668414592743,0.613816711306572,0.6157241129875183
17563,-0.6055763363838196,277.37445068359375,357.88519287109375,345.31490216936385,0.6055763363838196,0.6046651303768158,0.006222319323569536,0.5964902877807617,0.5970378935337066,0.5979079008102417,0.6008566617965698,0.6046651303768158,0.609451100230217,0.6137508749961853,0.6157227754592896,0.6192320084571838
17654,-0.6064692139625549,276.8809509277344,358.40545654296875,343.9000810895647,0.6064692139625549,0.60561403632164,0.005976367741823196,0.597798969745636,0.5979105234146118,0.5993561446666718,0.6025746613740921,0.60561403632164,0.6097066104412079,0.614735996723175,0.6163747042417527,0.6192320084571838
17745,-0.6067985892295837,276.38201904296875,358.8877868652344,342.48988560267856,0.6067986488342285,0.6059703826904297,0.005819176789373159,0.5978595495224,0.5991459995508194,0.5996176660060882,0.6032919436693192,0.6059703826904297,0.609954372048378,0.614735996723175,0.6163747042417527,0.6192320084571838
17836,-0.6071633100509644,275.9508056640625,359.45245361328125,341.15162876674106,0.6071632504463196,0.6062259078025818,0.005773510783910751,0.5978595495224,0.5995254874229431,0.6007654011249542,0.6035076379776001,0.6062259078025818,0.6102815419435501,0.6155150055885314,0.6174671530723572,0.6192320084571838
17927,-0.6079166531562805,275.4835510253906,360.015625,339.72860281808033,0.6079165935516357,0.6068141460418701,0.005958764813840389,0.5986839604377746,0.5999362021684647,0.6008604884147644,0.6040001809597015,0.6068141460418701,0.6107547283172607,0.615991723537445,0.618081909418106,0.6223660171031952
18018,-0.6084543466567993,275.0290832519531,360.52294921875,338.37935965401783,0.6084544062614441,0.6074933707714081,0.005982155911624432,0.5986839604377746,0.6003887057304382,0.6010662972927093,0.6046352088451385,0.6074933707714081,0.6113014072179794,0.616374284029007,0.6187218070030213,0.6227610611915588
18109,-0.6089048385620117,274.5873718261719,361.0754699707031,337.01331002371654,0.6089048981666565,0.608347088098526,0.006177398841828108,0.5986839604377746,0.6004504263401031,0.6012258887290954,0.6046352088451385,0.608347088098526,0.6117888391017914,0.6164867222309113,0.6222220927476882,0.6227610611915588
18200,-0.6091940402984619,274.11090087890625,361.48944091796875,335.6872122628348,0.6091940402984619,0.608347088098526,0.006155113223940134,0.5986839604377746,0.6006049543619156,0.60265354514122,0.6046811491250992,0.608347088098526,0.6122771799564362,0.6175567150115967,0.6222220927476882,0.6227610611915588
18291,-0.6100491285324097,273.68017578125,362.0603332519531,334.3185294015067,0.6100491881370544,0.6090394258499146,0.005815601907670498,0.6006088507175446,0.6012222081422806,0.603313821554184,0.6061819493770599,0.6090394258499146,0.6142621040344238,0.6175567150115967,0.6222220927476882,0.6227610611915588
18382,-0.6106860041618347,273.2254638671875,362.5545654296875,332.9643336704799,0.6106860041618347,0.6094727218151093,0.005617663264274597,0.6008554100990295,0.6026961117982864,0.6042344212532044,0.6073785126209259,0.6094727218151093,0.6145982593297958,0.6176882386207581,0.6222220927476882,0.6227610611915588
18473,-0.6112475395202637,272.7561340332031,363.0252685546875,331.611572265625,0.6112475395202637,0.6099040508270264,0.005637212656438351,0.6008554100990295,0.6027612715959549,0.6045942187309266,0.6075801104307175,0.6099040508270264,0.6154193431138992,0.6180815398693085,0.6222220927476882,0.6227610611915588
18564,-0.6116721034049988,272.2889099121094,363.4774475097656,330.23536900111606,0.6116721630096436,0.6105416119098663,0.005921754986047745,0.6026232075691224,0.6032930880784988,0.6045942187309266,0.6076324284076691,0.6105416119098663,0.6155186891555786,0.6191351056098938,0.6223556101322174,0.6259874296188355
18655,-0.6126663088798523,271.8276062011719,363.969970703125,328.8667776925223,0.6126663684844971,0.612087219953537,0.005778796039521694,0.6033098447322846,0.6042723804712296,0.6058738648891449,0.6082237064838409,0.612087219953537,0.6163750439882278,0.6210860073566437,0.622755941748619,0.6259874296188355
18746,-0.6135239005088806,271.3531188964844,364.4266052246094,327.4688023158482,0.6135239601135254,0.6130000352859497,0.005905583966523409,0.6034411704540252,0.6054589807987213,0.6063389420509339,0.6094117015600204,0.6130000352859497,0.6167724132537842,0.6219428420066834,0.6248059123754501,0.6277081537246704
18837,-0.6140660643577576,270.9507751464844,364.974853515625,326.1481628417969,0.6140661835670471,0.6136992573738098,0.005712882149964571,0.6034411704540252,0.6060128569602966,0.6074572384357453,0.6099171042442322,0.6136992573738098,0.6175967156887054,0.6219428420066834,0.6248059123754501,0.6277081537246704
18928,-0.6151106357574463,270.4933166503906,365.43658447265625,324.7661699567522,0.6151106953620911,0.6142733991146088,0.005852768663316965,0.6054535984992981,0.6070578128099442,0.60855553150177,0.6108564138412476,0.6142733991146088,0.6184976696968079,0.6227182924747467,0.6270478516817093,0.6289778900146484
19019,-0.6157888770103455,270.0242919921875,365.86492919921875,323.37862287248885,0.615788996219635,0.6146451830863953,0.00566596956923604,0.6054535984992981,0.6080780774354935,0.6093803107738495,0.6121392846107483,0.6146451830863953,0.6194657236337662,0.6227182924747467,0.6270478516817093,0.6289778900146484
19110,-0.61688232421875,269.6018981933594,366.4278259277344,321.9728306361607,0.6168823838233948,0.6160280108451843,0.005718998145312071,0.6080477595329284,0.6092020153999329,0.6105633020401001,0.6129278987646103,0.6160280108451843,0.6199163198471069,0.6244049072265625,0.6286336302757263,0.6314133322238922
19201,-0.6172532439231873,269.15533447265625,366.8724365234375,320.59671456473217,0.6172532439231873,0.6166655123233795,0.005746039096266031,0.6080477595329284,0.6094134628772736,0.6107778728008271,0.6131080389022827,0.6166655123233795,0.6203577667474747,0.6248662769794464,0.6289843201637269,0.6314133322238922
19292,-0.6177712678909302,268.74017333984375,367.35052490234375,319.2789786202567,0.617771327495575,0.6170216500759125,0.005542403552681208,0.6093509221076965,0.6104356944561005,0.6110718011856079,0.6138356775045395,0.6170216500759125,0.6209776252508163,0.6260590016841888,0.6289843201637269,0.6314133322238922
19383,-0.6187231540679932,268.3053283691406,367.8052673339844,317.93341064453125,0.6187231540679932,0.6178942918777466,0.005703586153686047,0.6096032738685608,0.6109234005212784,0.6122146368026733,0.6143389344215393,0.6178942918777466,0.6217758804559708,0.6271454155445099,0.6309224903583527,0.6318510663509369
19474,-0.6191638708114624,267.8454284667969,368.2412109375,316.55599103655135,0.6191638708114624,0.6185854971408844,0.005718969274312258,0.6105399775505066,0.6109357446432113,0.6124064207077027,0.614946112036705,0.6185854971408844,0.6223900467157364,0.6283575654029846,0.6309224903583527,0.6318510663509369
19565,-0.620101273059845,267.3551025390625,368.6020202636719,315.1678771972656,0.620101273059845,0.6196047961711884,0.0060553415678441525,0.6105399775505066,0.6113994359970093,0.6125973701477051,0.6159625351428986,0.6196047961711884,0.6229671984910965,0.6288257896900177,0.631673276424408,0.6338420009613037
19656,-0.6207960247993469,266.9125671386719,369.0048828125,313.8164760044643,0.6207960844039917,0.6202401220798492,0.0062127443961799145,0.6108061766624451,0.6120509207248688,0.6131170749664306,0.6164490729570389,0.6202401220798492,0.6244525164365768,0.6292553663253784,0.6319149047136307,0.6339309620857239
19747,-0.6212770938873291,266.49908447265625,369.4820556640625,312.4535827636719,0.6212770938873291,0.6204586327075958,0.006120593287050724,0.6110757505893707,0.6124118804931641,0.613449102640152,0.6167102158069611,0.6204586327075958,0.6247463226318359,0.6293533921241761,0.6319149047136307,0.6339309620857239
19838,-0.6218705773353577,266.08203125,369.9568176269531,311.0995657784598,0.6218706369400024,0.6213096380233765,0.0060299597680568695,0.6111476564407349,0.6131414949893952,0.6144022166728973,0.6174874752759933,0.6213096380233765,0.625957801938057,0.6294856250286103,0.6320202261209488,0.6339309620857239
19929,-0.6223339438438416,265.620361328125,370.2945861816406,309.7452174595424,0.6223339438438416,0.621863603591919,0.005806409288197756,0.6126471555233002,0.6134672939777375,0.6149355232715606,0.6180846989154816,0.621863603591919,0.625957801938057,0.6299968123435974,0.6320202261209488,0.6339309620857239
20020,-0.6229667663574219,265.2036437988281,370.7037048339844,308.4108625139509,0.6229668259620667,0.6221238076686859,0.005682848393917084,0.6131416606903076,0.6143755733966827,0.6159578144550324,0.6187736093997955,0.6221238076686859,0.6266959458589554,0.630311131477356,0.6331690788269043,0.6339309620857239
20111,-0.6234222650527954,264.7385559082031,371.07073974609375,307.03765869140625,0.6234222650527954,0.6225853264331818,0.005566302686929703,0.6134752583503723,0.6149392187595367,0.6167052149772644,0.6194287240505219,0.6225853264331818,0.6272847950458527,0.630311131477356,0.6337624609470367,0.6359268820285797
20202,-0.6242306232452393,264.35015869140625,371.5411071777344,305.71019199916293,0.6242306232452393,0.6235915124416351,0.005577686708420515,0.6139421439170838,0.6156028866767883,0.6170664966106415,0.6205222606658936,0.6235915124416351,0.6283410340547562,0.6309736430644989,0.6338900655508042,0.6369631171226502
20293,-0.6247292757034302,263.92303466796875,371.9565124511719,304.3680507114955,0.624729335308075,0.623680055141449,0.005752614699304104,0.6149272131919861,0.6161008387804031,0.6172155559062957,0.62112095952034,0.623680055141449,0.628513365983963,0.6320387423038483,0.6358213931322098,0.6380049204826355
20384,-0.6256111264228821,263.5058898925781,372.356201171875,303.02665056501115,0.6256112456321716,0.625383049249649,0.00581648712977767,0.6156521964073182,0.6167332410812378,0.6173256278038025,0.621710479259491,0.625383049249649,0.6291235536336899,0.6338444232940674,0.6359142988920212,0.6380049204826355
20475,-0.626369297504425,263.0833740234375,372.77264404296875,301.64879935128346,0.6263693571090698,0.6257054507732391,0.005686859134584665,0.6159532535076141,0.617078909277916,0.6204008400440216,0.6220553368330002,0.6257054507732391,0.6297888159751892,0.6347225606441498,0.6361126065254211,0.6386142218112946
20566,-0.6269274353981018,262.66363525390625,373.0985107421875,300.3614763532366,0.6269274950027466,0.626598596572876,0.005484843626618385,0.6159532535076141,0.617078909277916,0.6208128035068512,0.6235062181949615,0.626598596572876,0.6298149675130844,0.6347225606441498,0.6361126065254211,0.6386142218112946
20657,-0.6273666024208069,262.2314147949219,373.474853515625,299.0007803780692,0.6273666620254517,0.6272640824317932,0.005442896857857704,0.6169179081916809,0.6172226876020431,0.6211497366428376,0.6235971599817276,0.6272640824317932,0.6302684545516968,0.6354772925376893,0.6361126065254211,0.6386142218112946
20748,-0.6280924677848816,261.8182678222656,373.8501892089844,297.6839686802455,0.6280925273895264,0.6277545988559723,0.005961646791547537,0.6169179081916809,0.6172226876020431,0.6211851954460144,0.6247252821922302,0.6277545988559723,0.6309820860624313,0.6358878135681152,0.6380338460206986,0.6390594458580017
20839,-0.6287228465080261,261.4211730957031,374.2563171386719,296.36875697544644,0.6287229657173157,0.6283924877643585,0.006245512515306473,0.6169179081916809,0.6189065843820571,0.6214036703109741,0.6249490082263947,0.6283924877643585,0.6314967721700668,0.6361226320266724,0.6389781385660172,0.6423771321773529
20930,-0.6293280124664307,261.01031494140625,374.5967712402344,295.08229282924106,0.6293280124664307,0.6289410591125488,0.006288924720138311,0.6169179081916809,0.6189385682344437,0.6220281958580017,0.6253401637077332,0.6289410591125488,0.6327471286058426,0.6370484113693238,0.6396553009748459,0.6423771321773529
21021,-0.6299739480018616,260.5841369628906,374.97491455078125,293.717049734933,0.6299740076065063,0.6293385624885559,0.006284142844378948,0.6170877301692963,0.6207323044538497,0.622341251373291,0.6257680654525757,0.6293385624885559,0.6337225288152695,0.6386435747146606,0.6396553009748459,0.6423771321773529
21112,-0.6304036378860474,260.174072265625,375.3475341796875,292.39261300223217,0.6304036974906921,0.6294177770614624,0.00641917809844017,0.6194578194618225,0.6211983799934387,0.622341251373291,0.6257680654525757,0.6294177770614624,0.6352516710758209,0.6389789283275604,0.6417661428451538,0.6423771321773529
21203,-0.6315728425979614,259.75823974609375,375.6944885253906,291.0765468052455,0.6315729022026062,0.6309446394443512,0.006263814400881529,0.6212067687511444,0.6217023313045502,0.6235610187053681,0.6273197531700134,0.6309446394443512,0.6359315663576126,0.6390791237354279,0.6417661428451538,0.6423771321773529
21294,-0.6322869062423706,259.3806457519531,376.1037902832031,289.7696315220424,0.6322869658470154,0.6313296854496002,0.006306148134171963,0.6213006961345673,0.6222128093242645,0.6241368889808655,0.6285690367221832,0.6313296854496002,0.6367643773555756,0.6394063830375671,0.6421544909477234,0.6458135521411895
21385,-0.6334595680236816,259.00189208984375,376.52227783203125,288.47338431222096,0.6334595680236816,0.633799821138382,0.005904607940465212,0.6228815710544586,0.6239436745643616,0.6259849667549133,0.6289391815662384,0.633799821138382,0.6376098990440369,0.6395890533924102,0.6422790169715882,0.6458135521411895
21476,-0.6342962980270386,258.57464599609375,376.8097229003906,287.1581115722656,0.6342963576316833,0.6351672410964966,0.005743206012994051,0.6235670626163483,0.6245327919721604,0.6266244232654572,0.6298156380653381,0.6351672410964966,0.6378162205219269,0.6412111103534699,0.6445095777511597,0.6458135521411895
21567,-0.6352225542068481,258.1393737792969,377.15911865234375,285.773184640067,0.6352225542068481,0.6355544924736023,0.005602782126516104,0.6239551258087158,0.6259352803230286,0.6271927654743195,0.6318632364273071,0.6355544924736023,0.6389567703008652,0.6413139939308167,0.6447678476572036,0.6471831512451172
21658,-0.6356774568557739,257.7386169433594,377.511962890625,284.43936593191967,0.6356775164604187,0.6357443630695343,0.005537288263440132,0.6239551258087158,0.6267655164003372,0.6283835947513581,0.6328488141298294,0.6357443630695343,0.6390835493803024,0.6417991876602173,0.6447678476572036,0.6471831512451172
21749,-0.6363482475280762,257.3218078613281,377.836181640625,283.0905456542969,0.636348307132721,0.6366114914417267,0.005405011586844921,0.6261455547809601,0.6272175043821335,0.6285937309265137,0.6334322094917297,0.6366114914417267,0.639654740691185,0.6422805547714233,0.644783329963684,0.6471831512451172
21840,-0.6364902257919312,256.920654296875,378.1328430175781,281.79929896763394,0.6364902853965759,0.6367007493972778,0.0053629218600690365,0.6261455547809601,0.6272175043821335,0.6288059115409851,0.6334879100322723,0.6367007493972778,0.639654740691185,0.6422805547714233,0.6448567777872085,0.6471831512451172
21931,-0.637628972530365,256.5140380859375,378.47479248046875,280.45643397739957,0.6376290917396545,0.6374782621860504,0.00585732189938426,0.6272175204753876,0.6285369038581848,0.6298724472522735,0.6341614723205566,0.6374782621860504,0.6407368630170822,0.6447713553905488,0.6479877471923828,0.6525428748130798
22022,-0.6380978226661682,256.1152038574219,378.8056640625,279.1333443777902,0.6380978226661682,0.6377559304237366,0.005731632933020592,0.6285390710830688,0.6292264252901077,0.6308834612369537,0.6341614723205566,0.6377559304237366,0.6408395320177078,0.6449039518833161,0.6479877471923828,0.6525428748130798
22113,-0.6389950513839722,255.70652770996094,379.11737060546875,277.80308750697543,0.6389951109886169,0.6386576592922211,0.0059909154660999775,0.6289067769050598,0.6298587650060654,0.6312932431697845,0.6345297694206238,0.6386576592922211,0.6422264277935028,0.6470410943031311,0.6489126950502395,0.653638927936554
22204,-0.6394059062004089,255.32501220703125,379.461181640625,276.49291556222096,0.6394058465957642,0.6389608383178711,0.0061521511524915695,0.6289067769050598,0.6298587650060654,0.6312932431697845,0.635690450668335,0.6389608383178711,0.6425193399190903,0.647185868024826,0.65155089199543,0.6557083177566528
22295,-0.6403397917747498,254.89865112304688,379.74383544921875,275.1583731515067,0.640339732170105,0.639564722776413,0.00579651165753603,0.6294331502914429,0.6316372483968735,0.6335847854614258,0.6367832571268082,0.639564722776413,0.6439359486103058,0.647185868024826,0.65155089199543,0.6557083177566528
22386,-0.6408177018165588,254.5316925048828,380.0947570800781,273.88468279157365,0.6408177018165588,0.6405414342880249,0.005843375343829393,0.6301060652732849,0.6318755894899368,0.6339329183101654,0.636828675866127,0.6405414342880249,0.6446934789419174,0.6476632595062256,0.6525343775749206,0.6557083177566528
22477,-0.641497015953064,254.17164611816406,380.4317321777344,272.6264910016741,0.6414971351623535,0.6407873034477234,0.005953522864729166,0.6316629898548126,0.6332002282142639,0.6345522463321686,0.6374427080154419,0.6407873034477234,0.6448120176792145,0.6476632595062256,0.6553163051605224,0.657257639169693
22568,-0.6421888470649719,253.87814331054688,380.8544616699219,271.4063415527344,0.6421888470649719,0.6417027711868286,0.005775309633463621,0.6330204391479493,0.6337308615446091,0.6352093577384949,0.6379267275333405,0.6417027711868286,0.6452268362045288,0.6477347016334534,0.6553163051605224,0.657257639169693
22659,-0.643207311630249,253.529541015625,381.2041931152344,270.1359383719308,0.6432072520256042,0.6428382694721222,0.006289537996053696,0.6331993854045868,0.6345276385545731,0.6354201078414917,0.6387459188699722,0.6428382694721222,0.6464223861694336,0.6507808804512024,0.6566792815923691,0.6578556656837463
22750,-0.6439924240112305,253.20570373535156,381.6314392089844,268.8746076311384,0.6439924836158752,0.6436930000782013,0.006285754963755608,0.6331993854045868,0.6349521815776825,0.6360000729560852,0.6395477801561356,0.6436930000782013,0.6472237706184387,0.6536737561225892,0.6566792815923691,0.6578556656837463
22841,-0.6445493698120117,252.86488342285156,381.9693298339844,267.6378391810826,0.6445494890213013,0.6444574594497681,0.006020526867359877,0.6336187934875488,0.6350999653339386,0.6373694479465485,0.6409014463424683,0.6444574594497681,0.6474811881780624,0.6536737561225892,0.6566792815923691,0.6578556656837463
22932,-0.6451444625854492,252.4711456298828,382.2825012207031,266.29990931919644,0.6451445817947388,0.644933432340622,0.005868134554475546,0.6345419454574585,0.6372439235448837,0.6383324980735778,0.6411421447992325,0.644933432340622,0.6477246284484863,0.654456353187561,0.6566792815923691,0.6578556656837463
23023,-0.6456927061080933,252.07510375976562,382.5443115234375,265.017325265067,0.6456928253173828,0.6453824639320374,0.0059562623500823975,0.6349642729759216,0.6373002469539643,0.6383324980735778,0.6414278149604797,0.6453824639320374,0.6481403708457947,0.6552834153175354,0.6571643263101578,0.6578556656837463
23114,-0.6463443636894226,251.71514892578125,382.8432922363281,263.7684064592634,0.6463443040847778,0.6460580229759216,0.0057878196239471436,0.6369087505340576,0.6376797437667847,0.6388117432594299,0.642146423459053,0.6460580229759216,0.6499655693769455,0.6552834153175354,0.6571643263101578,0.6579700970649719
23205,-0.6469997763633728,251.34754943847656,383.16107177734375,262.4844665527344,0.6469998359680176,0.6464781761169434,0.005733951460570097,0.637312445640564,0.638575866818428,0.639321482181549,0.6425076872110367,0.6464781761169434,0.6503112465143204,0.6554056346416474,0.6572619646787643,0.6579700970649719
23296,-0.6477500796318054,251.03762817382812,383.5755310058594,261.23199462890625,0.6477500796318054,0.6472442150115967,0.005902129225432873,0.6382653295993805,0.6386865228414536,0.6404504299163818,0.642732247710228,0.6472442150115967,0.6515478193759918,0.6556814968585968,0.657400906085968,0.6584089040756226
23387,-0.6479236483573914,250.6934051513672,383.8709716796875,259.9932338169643,0.6479236483573914,0.6474730670452118,0.005822781939059496,0.6382653295993805,0.6386865228414536,0.6406512916088104,0.6435724496841431,0.6474730670452118,0.6519100964069366,0.6556814968585968,0.657400906085968,0.6584089040756226
23478,-0.6484296321868896,250.33189392089844,384.1644592285156,258.70164271763394,0.6484295725822449,0.6479773819446564,0.00570467347279191,0.638685108423233,0.6395824790000916,0.6412458181381225,0.6438654512166977,0.6479773819446564,0.6526100188493729,0.6556814968585968,0.657400906085968,0.6584089040756226
23569,-0.6489900350570679,249.9916534423828,384.441162109375,257.4939488002232,0.6489900350570679,0.6490538716316223,0.005582917015999556,0.638685108423233,0.6395824790000916,0.642056679725647,0.6450790762901306,0.6490538716316223,0.6527737826108932,0.6561963200569153,0.6574644923210144,0.6612114214897156
23660,-0.6496672630310059,249.6796875,384.7818298339844,256.2687770298549,0.6496672034263611,0.6501370668411255,0.005835527554154396,0.638685108423233,0.6401988387107849,0.642056679725647,0.6453709602355957,0.6501370668411255,0.6536381840705872,0.6566714882850647,0.6583636045455933,0.6618574154376984
23751,-0.6503170728683472,249.3369903564453,385.0808410644531,255.0355965750558,0.6503170132637024,0.6503290235996246,0.006068843882530928,0.6402178931236268,0.6416100680828094,0.6424411773681641,0.645478829741478,0.6503290235996246,0.6538967490196228,0.6572870016098022,0.6604663163423539,0.664607480764389
23842,-0.6507364511489868,248.99542236328125,385.3607482910156,253.78867667061942,0.650736391544342,0.6505270004272461,0.00598109932616353,0.640593513250351,0.6418878078460694,0.6432956457138062,0.6465701162815094,0.6505270004272461,0.6539268642663956,0.6575663268566132,0.6610659122467041,0.664607480764389
23933,-0.6514419317245483,248.61087036132812,385.5538024902344,252.52554975237166,0.6514418721199036,0.6511562168598175,0.005880435463041067,0.6406694960594177,0.6419974446296692,0.6441528081893921,0.6473788619041443,0.6511562168598175,0.6550606042146683,0.6579991757869721,0.6610659122467041,0.664607480764389
24024,-0.6521688103675842,248.26902770996094,385.8404541015625,251.28649030412947,0.6521687507629395,0.6513303518295288,0.006212612614035606,0.6416383266448975,0.6433084309101105,0.6444128692150116,0.6479098498821259,0.6513303518295288,0.655428558588028,0.6601422369480133,0.6613218158483505,0.6660173130035401
24115,-0.6527308225631714,247.924072265625,386.117431640625,250.03472028459822,0.6527307629585266,0.6523248851299286,0.0062041813507676125,0.6416383266448975,0.6435945987701416,0.6445448994636536,0.6495877504348755,0.6523248851299286,0.6558647006750107,0.6601422369480133,0.6619840741157532,0.6686434829235077
24206,-0.6535903811454773,247.58055114746094,386.3849182128906,248.7800772530692,0.6535903811454773,0.6529097259044647,0.0064206793904304504,0.6421637153625488,0.6443670392036438,0.6453866124153137,0.6501513719558716,0.6529097259044647,0.6569710671901703,0.6611345648765564,0.66522196829319,0.668660305738449
24297,-0.6542449593544006,247.2705841064453,386.7004699707031,247.56474958147322,0.6542450785636902,0.6533263623714447,0.006343282293528318,0.6427965569496155,0.6444395184516907,0.6465670943260193,0.6505846083164215,0.6533263623714447,0.6584966629743576,0.6618981719017029,0.66522196829319,0.668660305738449
24388,-0.654498279094696,246.96856689453125,387.0758972167969,246.32460021972656,0.654498279094696,0.653719037771225,0.006248862482607365,0.6429788780212402,0.6444395184516907,0.6468785047531128,0.650634154677391,0.653719037771225,0.6585752218961716,0.6618981719017029,0.66522196829319,0.668660305738449
24479,-0.6553320288658142,246.64306640625,387.3604431152344,245.09150913783483,0.6553320288658142,0.6544583439826965,0.006516811437904835,0.6441529703140259,0.6458764851093293,0.6483178675174713,0.6511434316635132,0.6544583439826965,0.6588282287120819,0.6626745223999023,0.6685760259628296,0.673875846862793
24570,-0.6563173532485962,246.34539794921875,387.6894226074219,243.8823721749442,0.6563174724578857,0.6552717089653015,0.006644854787737131,0.6448173117637634,0.6468436598777771,0.6496613025665283,0.6517467647790909,0.6552717089653015,0.6598859429359436,0.6651621222496032,0.6686488598585129,0.673875846862793
24661,-0.6569693088531494,246.0552215576172,388.0020446777344,242.699223109654,0.6569693684577942,0.6557660400867462,0.0064813727512955666,0.6456731855869293,0.6482948690652848,0.6500082433223724,0.6523976624011993,0.6557660400867462,0.6607933640480042,0.665391743183136,0.6686488598585129,0.673875846862793
24752,-0.6578288078308105,245.7290802001953,388.26556396484375,241.48109000069755,0.6578288078308105,0.6565905809402466,0.006484001409262419,0.6456893479824066,0.6495984405279159,0.6506109654903411,0.653191402554512,0.6565905809402466,0.6613489836454391,0.6661731123924256,0.6698304742574692,0.673875846862793
24843,-0.6584631204605103,245.43238830566406,388.5637512207031,240.29661560058594,0.6584631204605103,0.6576553881168365,0.006268038414418697,0.6485481965541839,0.6498705893754959,0.6511330306529999,0.6539846658706665,0.6576553881168365,0.6618528664112091,0.6664080739021302,0.6698304742574692,0.673875846862793
24934,-0.659123957157135,245.1450653076172,388.88983154296875,239.10663277762276,0.6591240167617798,0.6587035357952118,0.006145881954580545,0.6496465456485748,0.6500608086585998,0.6519232869148255,0.6550905108451843,0.6587035357952118,0.6633694469928741,0.6664080739021302,0.6698304742574692,0.673875846862793
25025,-0.6597828269004822,244.8468017578125,389.14697265625,237.96175929478235,0.6597827672958374,0.6594858169555664,0.00581496162340045,0.6498670649528503,0.6513278156518936,0.6524550259113312,0.6554127335548401,0.6594858169555664,0.6637081503868103,0.6664080739021302,0.6698304742574692,0.673875846862793
25116,-0.6602302193641663,244.5434112548828,389.3933410644531,236.78004673549108,0.660230278968811,0.6601224839687347,0.005717613268643618,0.6498670649528503,0.6518835842609405,0.6531053185462952,0.6558596342802048,0.6601224839687347,0.6640251576900482,0.6684892296791076,0.6698304742574692,0.673875846862793
25207,-0.660998523235321,244.2294921875,389.6353454589844,235.6054970877511,0.6609984636306763,0.6610876321792603,0.005700685549527407,0.6498670649528503,0.6518979638814926,0.6539427280426026,0.6566207408905029,0.6610876321792603,0.664784699678421,0.6686069130897522,0.6698304742574692,0.673875846862793
25298,-0.6615934371948242,243.8999786376953,389.8583984375,234.3860866001674,0.661593496799469,0.6614455878734589,0.0058879246935248375,0.6498670649528503,0.6521175771951675,0.6542344331741333,0.6574945151805878,0.6614455878734589,0.6654720902442932,0.6693034291267395,0.6718810230493546,0.6746291732788086
25389,-0.6620233058929443,243.59019470214844,390.11566162109375,233.16261509486608,0.6620234847068787,0.6621560156345367,0.006161056458950043,0.6498670649528503,0.6521175771951675,0.6547924935817718,0.6574945151805878,0.6621560156345367,0.6660076081752777,0.6695512056350708,0.6720844119787216,0.6748213148117066
25480,-0.6629350185394287,243.29383850097656,390.36688232421875,231.98358808244978,0.662935197353363,0.6626343429088593,0.0066383653320372105,0.6498670649528503,0.6521175771951675,0.6551433801651001,0.6584725975990295,0.6626343429088593,0.666643500328064,0.6697510600090026,0.6738987922668457,0.6753793597221374
25571,-0.6636102199554443,243.0112762451172,390.6337585449219,230.82461983816964,0.6636102199554443,0.6633507907390594,0.006423153914511204,0.651923987865448,0.653976571559906,0.6561350226402283,0.6589366793632507,0.6633507907390594,0.6675439327955246,0.6700244903564453,0.6738987922668457,0.6753793597221374
25662,-0.6641944646835327,242.7291717529297,390.896484375,229.67991856166296,0.6641944646835327,0.664176881313324,0.006462660618126392,0.652603132724762,0.6540377080440521,0.6566493511199951,0.6599980741739273,0.664176881313324,0.6685409843921661,0.6717795968055725,0.6739082336425781,0.6796440017223357
25753,-0.6648818850517273,242.46546936035156,391.232421875,228.49058096749442,0.6648818850517273,0.6648378074169159,0.006825693417340517,0.652603132724762,0.6540377080440521,0.6566493511199951,0.6602923423051834,0.6648378074169159,0.6690984070301056,0.67188680768013,0.6753863364458084,0.6827322149276733
25844,-0.6657232642173767,242.20301818847656,391.5530090332031,227.3227822440011,0.6657233238220215,0.6655572652816772,0.006695894058793783,0.6526046979427338,0.6552049845457077,0.6574987530708313,0.6616022288799286,0.6655572652816772,0.6694121211767197,0.6729430079460144,0.6772607177495956,0.6827322149276733
25935,-0.6665327548980713,241.91285705566406,391.7765197753906,226.18800354003906,0.6665328145027161,0.665804386138916,0.006718540098518133,0.6526046979427338,0.6564171224832535,0.6597506284713746,0.6624224781990051,0.665804386138916,0.669974610209465,0.6739559173583984,0.6797188848257065,0.6827322149276733
26026,-0.6672998666763306,241.63414001464844,392.040283203125,225.0247323172433,0.6672999858856201,0.6666538417339325,0.006788105703890324,0.6526046979427338,0.6574583888053894,0.6603334307670593,0.6630869507789612,0.6666538417339325,0.6705876886844635,0.6751125872135162,0.6807922661304474,0.6827322149276733
26117,-0.6682569980621338,241.3516845703125,392.31463623046875,223.83685738699776,0.6682570576667786,0.6677326858043671,0.006452789064496756,0.6571517658233642,0.6594952195882797,0.6612689733505249,0.6641266345977783,0.6677326858043671,0.6715672016143799,0.6767918109893799,0.6807922661304474,0.6827322149276733
26208,-0.6690214276313782,241.050537109375,392.5193176269531,222.69154357910156,0.6690214276313782,0.6687923073768616,0.006677791941910982,0.6571517658233642,0.6597633183002471,0.6618049085140228,0.6642087250947952,0.6687923073768616,0.6724212467670441,0.67953462600708,0.6808556407690048,0.6857165765762329
26299,-0.6694895625114441,240.80450439453125,392.7724609375,221.6418195452009,0.6694896221160889,0.6690573990345001,0.00663280114531517,0.6571517658233642,0.6605080425739288,0.6623191654682159,0.6654327511787415,0.6690573990345001,0.6729017645120621,0.6796629071235657,0.6808556407690048,0.6857165765762329
26390,-0.6698298454284668,240.55841064453125,393.0735778808594,220.4999258858817,0.6698298454284668,0.669418066740036,0.006451922934502363,0.6596857607364655,0.6605305671691895,0.6623191654682159,0.665626123547554,0.669418066740036,0.6729017645120621,0.6796629071235657,0.6808556407690048,0.6857165765762329
26481,-0.6705944538116455,240.28564453125,393.30767822265625,219.35966055733817,0.6705944538116455,0.6695586740970612,0.006884527392685413,0.6596857607364655,0.6605305671691895,0.6635452151298523,0.6659820377826691,0.6695586740970612,0.6743733584880829,0.6805868923664093,0.6841649770736694,0.6857165765762329
26572,-0.6712316274642944,240.02272033691406,393.531494140625,218.24124145507812,0.6712316274642944,0.6701136827468872,0.006848419085144997,0.6601341414451599,0.6622651159763336,0.6638560831546784,0.6663453876972198,0.6701136827468872,0.6753330677747726,0.6805868923664093,0.6841649770736694,0.6857165765762329
26663,-0.6717098951339722,239.72982788085938,393.7262878417969,217.0993935721261,0.6717098355293274,0.6711641252040863,0.006529971957206726,0.6601341414451599,0.6624166756868363,0.664443838596344,0.6667087525129318,0.6711641252040863,0.6755414456129074,0.6805868923664093,0.6841649770736694,0.6857165765762329
26754,-0.6721974611282349,239.48223876953125,393.9923400878906,215.9619402204241,0.6721973419189453,0.6719140410423279,0.006576686166226864,0.6604651939868927,0.6624166756868363,0.6645601093769073,0.666814848780632,0.6719140410423279,0.6761003583669662,0.6809134662151337,0.6843481630086898,0.6857165765762329
26845,-0.6727125644683838,239.24728393554688,394.3045959472656,214.82268851143974,0.6727123856544495,0.6723224818706512,0.006524807307869196,0.6622124886512757,0.6639470875263214,0.665027779340744,0.6673707216978073,0.6723224818706512,0.6773113459348679,0.6815767884254456,0.6843481630086898,0.6857165765762329
26936,-0.6729754209518433,239.01278686523438,394.57098388671875,213.73665073939733,0.6729753613471985,0.672412633895874,0.006376893259584904,0.6622124886512757,0.6644842565059662,0.6658810615539551,0.6678589433431625,0.672412633895874,0.6774643361568451,0.6815767884254456,0.6843481630086898,0.6857165765762329
27027,-0.6738889813423157,238.74314880371094,394.7836608886719,212.5878426688058,0.6738889813423157,0.6732286810874939,0.006159836892038584,0.6631984424591064,0.6656798422336578,0.6663355886936188,0.6698499470949173,0.6732286810874939,0.6781512051820755,0.6828880846500397,0.6851833134889602,0.6865730845928192
27118,-0.6745765805244446,238.5420684814453,395.06744384765625,211.53489249093192,0.6745765805244446,0.6736433804035187,0.006105042062699795,0.6644645881652832,0.6660266757011414,0.6665403962135314,0.6701595783233643,0.6736433804035187,0.679510161280632,0.6834111928939819,0.685733437538147,0.6866055572032929
27209,-0.6756066679954529,238.29083251953125,395.3020935058594,210.41424778529577,0.6756066679954529,0.6749758720397949,0.006420097313821316,0.6644645881652832,0.6661485493183136,0.6675146341323852,0.6710032671689987,0.6749758720397949,0.6806474477052689,0.6851486206054688,0.6865737050771713,0.687214093208313
27300,-0.6759108304977417,238.03492736816406,395.52813720703125,209.29999215262276,0.6759107708930969,0.6752493381500244,0.006410447880625725,0.6644645881652832,0.6661485493183136,0.6677497327327728,0.6710032671689987,0.6752493381500244,0.6809327602386475,0.6851486206054688,0.6865737050771713,0.687214093208313
27391,-0.6767600178718567,237.835693359375,395.84783935546875,208.21342250279017,0.6767599582672119,0.6772255301475525,0.0060433740727603436,0.6645623016357421,0.6675239771604538,0.6687186539173127,0.6721733510494232,0.6772255301475525,0.6810468137264252,0.6851486206054688,0.6865737050771713,0.687214093208313
27482,-0.677174985408783,237.5798797607422,396.0514831542969,207.1028594970703,0.677174985408783,0.6773647367954254,0.0059499661438167095,0.6645623016357421,0.6680693566799164,0.6694871425628662,0.672532320022583,0.6773647367954254,0.6814618557691574,0.6854670524597168,0.6865737050771713,0.687214093208313
27573,-0.6775322556495667,237.33978271484375,396.2915954589844,206.0101056780134,0.6775322556495667,0.6776294708251953,0.005930796731263399,0.6645623016357421,0.6680834919214249,0.6705418825149536,0.6731612384319305,0.6776294708251953,0.6822806745767593,0.6855823755264282,0.6865976512432098,0.6877341818809509
27664,-0.6783554553985596,237.1630859375,396.6239013671875,204.97643389020647,0.6783553957939148,0.6781344413757324,0.006239856593310833,0.6659094834327698,0.6686040669679642,0.6709207177162171,0.67348712682724,0.6781344413757324,0.683483749628067,0.6864782571792603,0.687737661600113,0.688788514137268
27755,-0.6789173483848572,236.9270477294922,396.8204650878906,203.93280683244978,0.6789172291755676,0.6784699261188507,0.005985900294035673,0.6665641951560974,0.6694921374320983,0.6715463876724244,0.67401522397995,0.6784699261188507,0.6839317679405212,0.6869613528251648,0.687867921590805,0.6892606043815612
27846,-0.6793314814567566,236.7198028564453,397.1090087890625,202.81745256696428,0.6793315410614014,0.6791525185108185,0.0059918188489973545,0.66805490732193,0.6707107305526734,0.6720153391361237,0.6744815409183502,0.6791525185108185,0.6840285658836365,0.6874356389045715,0.6888009369373321,0.6895857512950897
27937,-0.680263340473175,236.52032470703125,397.4034729003906,201.73326982770647,0.6802632808685303,0.6804934740066528,0.0059669180773198605,0.6680618011951447,0.6707107305526734,0.6721919655799866,0.6759703606367111,0.6804934740066528,0.6851209849119186,0.687887990474701,0.6892636477947235,0.6904948842525482
28028,-0.6810000538825989,236.3459930419922,397.7481994628906,200.67515781947546,0.6809999942779541,0.6815433204174042,0.0059624952264130116,0.668077507019043,0.6716778606176377,0.6729315459728241,0.6769331693649292,0.6815433204174042,0.6852871924638748,0.6882815718650818,0.6896056652069091,0.6915316832065582
28119,-0.6816410422325134,236.114501953125,397.9671630859375,199.59478323800224,0.6816411018371582,0.6823379397392273,0.005874232389032841,0.6695099329948425,0.6720970422029495,0.6732063531875611,0.6773356795310974,0.6823379397392273,0.6853998750448227,0.688593065738678,0.6905259817838669,0.6925968885421753
28210,-0.6820791363716125,235.88958740234375,398.1731872558594,198.57884434291296,0.6820790767669678,0.6826133728027344,0.005979356821626425,0.6707484674453735,0.6720970422029495,0.6733628213405609,0.6777696907520294,0.6826133728027344,0.6857159733772278,0.6892873644828796,0.6915631026029587,0.693963508605957
28301,-0.682702898979187,235.65341186523438,398.3621826171875,197.52210126604353,0.6827029585838318,0.6828598082065582,0.005719924811273813,0.671844812631607,0.6731963872909545,0.6753220915794372,0.6789967864751816,0.6828598082065582,0.6861149072647095,0.6895517587661744,0.6925925254821778,0.6940033149719238
28392,-0.6832496523857117,235.465087890625,398.6500244140625,196.44206891741072,0.6832496523857117,0.6836443543434143,0.0056839799508452415,0.6728074812889099,0.6738154292106628,0.6754110336303711,0.6790783852338791,0.6836443543434143,0.6867106854915619,0.6903934240341186,0.6926280856132507,0.6940033149719238
28483,-0.6835060119628906,235.24652099609375,398.8944396972656,195.35359845842635,0.6835059523582458,0.6844689249992371,0.005596726201474667,0.6728074812889099,0.6738154292106628,0.6759020924568176,0.6798061728477478,0.6844689249992371,0.6867106854915619,0.6903934240341186,0.6926280856132507,0.6940033149719238
28574,-0.6843122839927673,235.0253448486328,399.113525390625,194.26632036481584,0.6843122243881226,0.6851651668548584,0.00580189423635602,0.6728074812889099,0.6738162964582444,0.6769335269927979,0.6804520189762115,0.6851651668548584,0.6882182955741882,0.6914551734924317,0.6933673471212387,0.6961867761611938
28665,-0.6848748922348022,234.8510284423828,399.4205017089844,193.1988808768136,0.6848748922348022,0.6852743625640869,0.005767859052866697,0.6736468493938446,0.6752055794000625,0.6773643255233764,0.6804696917533875,0.6852743625640869,0.6883193850517273,0.6931049346923828,0.694511353969574,0.6961867761611938
28756,-0.6857122182846069,234.6444854736328,399.6676940917969,192.13211713518416,0.6857122182846069,0.6856974065303802,0.00557548925280571,0.6736468493938446,0.6769693702459335,0.6789259314537048,0.6822524964809418,0.6856974065303802,0.6896743178367615,0.6931207418441773,0.694511353969574,0.6961867761611938
28847,-0.6863430142402649,234.42129516601562,399.84375,191.1403045654297,0.6863430142402649,0.6858246624469757,0.005760545376688242,0.6752823173999787,0.6775028675794601,0.6790573835372925,0.6825646311044693,0.6858246624469757,0.6905771791934967,0.6939731359481811,0.6952577322721482,0.6965459704399108
28938,-0.6869910955429077,234.17474365234375,399.9888000488281,190.08599853515625,0.6869912147521973,0.6862892508506775,0.005726827308535576,0.6769735360145569,0.6786490380764008,0.679306936264038,0.6832148432731628,0.6862892508506775,0.6912626922130585,0.6945135593414307,0.6961960673332215,0.6968589448928832
29029,-0.6873745322227478,233.95240783691406,400.1877746582031,189.04452078683036,0.6873746514320374,0.6868055760860443,0.005498446989804506,0.6783764231204986,0.6787501811981201,0.679306936264038,0.6837491393089294,0.6868055760860443,0.6915868520736694,0.694563215970993,0.6961960673332215,0.6968589448928832
29120,-0.6877336502075195,233.77548217773438,400.430908203125,188.01635524204798,0.6877337098121643,0.6868142187595367,0.005563019774854183,0.6785353899002076,0.6787844240665436,0.6804101049900055,0.6843800097703934,0.6868142187595367,0.6922890096902847,0.694563215970993,0.6964976847171783,0.6995945274829865
29211,-0.6881997585296631,233.62449645996094,400.7684326171875,186.98469761439733,0.6881996989250183,0.6880441904067993,0.005634395405650139,0.6786560118198395,0.6790461599826813,0.681166273355484,0.6845755726099014,0.6880441904067993,0.692557618021965,0.6949810266494751,0.6987233519554138,0.7000710570812225
29302,-0.6887754797935486,233.38197326660156,400.9258728027344,185.89443969726562,0.6887755393981934,0.6887156367301941,0.005645769648253918,0.6786560118198395,0.6791037440299987,0.6818085312843323,0.6848824918270111,0.6887156367301941,0.6926904767751694,0.696642404794693,0.6987233519554138,0.7000710570812225
29393,-0.6891404390335083,233.1494598388672,401.107421875,184.81813049316406,0.6891404986381531,0.6890775561332703,0.0056986017152667046,0.6786585283279419,0.6791037440299987,0.6827719807624817,0.6849673986434937,0.6890775561332703,0.6928126215934753,0.6966674029827118,0.6987233519554138,0.701444901227951
29484,-0.6898320913314819,232.92013549804688,401.2429504394531,183.80653599330358,0.6898321509361267,0.6893723011016846,0.006020963191986084,0.6786585283279419,0.6798498839139938,0.6828162610530853,0.6852509379386902,0.6893723011016846,0.6945666074752808,0.696813416481018,0.6992439568042755,0.701444901227951
29575,-0.6906031370162964,232.66748046875,401.3640441894531,182.74578421456474,0.6906032562255859,0.6895970404148102,0.005970300640910864,0.6790536665916442,0.680557769536972,0.6839047133922577,0.6859622448682785,0.6895970404148102,0.6949996948242188,0.6978085994720459,0.7000452041625976,0.701444901227951
29666,-0.6910461187362671,232.43603515625,401.5125732421875,181.69938441685267,0.6910462379455566,0.6903138756752014,0.006107754539698362,0.6797161626815796,0.6818056166172027,0.6839158177375794,0.6864236444234848,0.6903138756752014,0.6951408535242081,0.6987491488456726,0.7011740952730179,0.701925038099289
29757,-0.691426694393158,232.25021362304688,401.7349548339844,180.6987021309989,0.6914268732070923,0.6903138756752014,0.006038665305823088,0.6805788087844848,0.6829876244068146,0.6839865803718567,0.6867655813694,0.6903138756752014,0.6963589042425156,0.6992879271507263,0.7014473229646683,0.701925038099289
29848,-0.6921387910842896,232.054931640625,401.9070129394531,179.74254063197546,0.6921387314796448,0.6918633878231049,0.006310857366770506,0.6805788087844848,0.6829876244068146,0.6844911754131318,0.6879169195890427,0.6918633878231049,0.696553960442543,0.6997326016426086,0.7016740262508392,0.7091012465953827
29939,-0.692838191986084,231.8681182861328,402.1057434082031,178.734130859375,0.6928383111953735,0.692273736000061,0.006501032970845699,0.6818298888206482,0.683878368139267,0.684840989112854,0.6880568861961365,0.692273736000061,0.6972699761390686,0.7011811137199402,0.7030129671096802,0.7091012465953827
30030,-0.693397581577301,231.69540405273438,402.3810119628906,177.677978515625,0.693397581577301,0.6935211420059204,0.006559645291417837,0.6818298888206482,0.6839900195598603,0.6855363965034484,0.6887291818857193,0.6935211420059204,0.6973340958356857,0.7013977766036987,0.7033581107854843,0.7094673764705658
30121,-0.6939619183540344,231.52230834960938,402.5929260253906,176.70058114188058,0.6939619183540344,0.6942049264907837,0.006259619724005461,0.6842188990116119,0.6848540067672729,0.6859500408172607,0.6889437437057495,0.6942049264907837,0.697613000869751,0.7013977766036987,0.7033581107854843,0.7094673764705658
30212,-0.6943486332893372,231.34437561035156,402.80194091796875,175.70301164899553,0.6943486928939819,0.6944718360900879,0.0063570402562618256,0.6842188990116119,0.6848540067672729,0.6863576829433441,0.6896241903305054,0.6944718360900879,0.6979137063026428,0.7019194722175598,0.7040200740098953,0.709733704328537
30303,-0.6952831149101257,231.18211364746094,403.0261535644531,174.70399475097656,0.6952831149101257,0.6946836411952972,0.006413870025426149,0.6842188990116119,0.6853966891765595,0.6880779504776001,0.6904204785823822,0.6946836411952972,0.6998522132635117,0.703120481967926,0.7091076016426087,0.7103470945358277
30394,-0.6956447958946228,230.94552612304688,403.1264953613281,173.66351100376673,0.6956449151039124,0.6953897178173065,0.006369791924953461,0.6842188990116119,0.6854549735784531,0.6887003958225251,0.6914459317922592,0.6953897178173065,0.6999143362045288,0.7032115697860718,0.7091076016426087,0.7103470945358277
30485,-0.6963769197463989,230.8072052001953,403.4523010253906,172.6062491280692,0.6963768601417542,0.6958217322826385,0.00638948567211628,0.6854005730152131,0.6858534932136535,0.6888416588306427,0.6921045333147049,0.6958217322826385,0.7009390592575073,0.703812450170517,0.7091076016426087,0.7103470945358277
30576,-0.6971286535263062,230.60107421875,403.5892028808594,171.6058807373047,0.6971287727355957,0.6965751051902771,0.006503779906779528,0.6854005730152131,0.6887560158967971,0.6898797392845154,0.6924561411142349,0.6965751051902771,0.702214241027832,0.7059302449226379,0.7094746559858323,0.7103470945358277
30667,-0.6977106928825378,230.45413208007812,403.840087890625,170.61707414899553,0.6977108120918274,0.69715616106987,0.006380491890013218,0.6854005730152131,0.689569765329361,0.6900682091712952,0.6928226351737976,0.69715616106987,0.7022421658039093,0.7061508476734162,0.7094746559858323,0.7106349515914917
30758,-0.6983188986778259,230.32113647460938,404.0812072753906,169.6799556187221,0.6983188390731812,0.6974649727344513,0.00599915673956275,0.6896132564544678,0.6899712055921554,0.6910232841968537,0.6936824917793274,0.6974649727344513,0.7025126963853836,0.7064827978610992,0.7094746559858323,0.7106349515914917
30849,-0.6987338066101074,230.2149200439453,404.3676452636719,168.75895472935267,0.6987338066101074,0.697718620300293,0.00582641176879406,0.6897564470767975,0.6899996817111969,0.6915314257144928,0.6945402473211288,0.697718620300293,0.7032224088907242,0.7064827978610992,0.7094746559858323,0.7106349515914917
30940,-0.6992021203041077,230.01419067382812,404.4949035644531,167.7650865827288,0.6992021203041077,0.698642909526825,0.005822631996124983,0.6897564470767975,0.6899996817111969,0.6917791366577148,0.6950536072254181,0.698642909526825,0.7033040672540665,0.7074233293533325,0.7102409929037095,0.7111376428604126
31031,-0.7000747323036194,229.82980346679688,404.6836853027344,166.78532191685267,0.7000746726989746,0.6996839046478271,0.006041744723916054,0.6897564470767975,0.6900471687316895,0.692676842212677,0.6956835985183716,0.6996839046478271,0.7041196376085281,0.7082975685596467,0.7106501579284668,0.7114315199851989
31122,-0.7007130980491638,229.69187927246094,404.942626953125,165.80088588169642,0.700713038444519,0.7001956105232239,0.006386600900441408,0.6897564470767975,0.6900584936141968,0.6929058611392975,0.6963740289211273,0.7001956105232239,0.7046914994716644,0.7097582817077637,0.7116060584783555,0.7147417426109314
31213,-0.7010905146598816,229.55482482910156,405.1801452636719,164.84666442871094,0.7010905742645264,0.7006384432315826,0.006389478221535683,0.6899974513053894,0.690836238861084,0.6931968331336975,0.6965772062540054,0.7006384432315826,0.7050786912441254,0.7097582817077637,0.7128283947706222,0.7147417426109314
31304,-0.7014738321304321,229.40597534179688,405.3663635253906,163.92488534109933,0.7014737129211426,0.7009446620941162,0.006459742318838835,0.6900602674484253,0.6913885325193405,0.6931968331336975,0.6967059820890427,0.7009446620941162,0.7063123434782028,0.7102441787719727,0.7128283947706222,0.7147417426109314
31395,-0.7020089626312256,229.25621032714844,405.60321044921875,162.91822814941406,0.7020089030265808,0.7013849914073944,0.0064166393131017685,0.6908542835712432,0.6920917689800262,0.6938661932945251,0.6973598897457123,0.7013849914073944,0.7064570337533951,0.7103306233882904,0.7134711444377899,0.7156215071678161
31486,-0.7024199366569519,229.1231231689453,405.8536682128906,161.96546718052454,0.7024198770523071,0.7022802233695984,0.006307907402515411,0.6910864734649658,0.6920917689800262,0.6938661932945251,0.6978484839200974,0.7022802233695984,0.7064570337533951,0.7103306233882904,0.71399684548378,0.7156215071678161
31577,-0.7030720114707947,228.96261596679688,406.0240173339844,161.01763044084822,0.7030719518661499,0.703369528055191,0.006493016146123409,0.6910864734649658,0.692145386338234,0.6950413942337036,0.6990626156330109,0.703369528055191,0.7070637047290802,0.7103306233882904,0.7147561013698578,0.7158001399040222
31668,-0.7035782933235168,228.79855346679688,406.1966247558594,160.04149518694197,0.7035783529281616,0.7035428285598755,0.006680593825876713,0.6910864734649658,0.6925406247377396,0.6953151881694793,0.6991412937641144,0.7035428285598755,0.7077295333147049,0.7115559041500091,0.7152311563491821,0.7162202191352844
31759,-0.7039608359336853,228.65606689453125,406.37762451171875,159.184574672154,0.7039608955383301,0.7043493986129761,0.006593490019440651,0.6910864734649658,0.6925551027059555,0.6958497047424317,0.6991866230964661,0.7043493986129761,0.7083279490470886,0.7115559041500091,0.7152311563491821,0.7162202191352844
31850,-0.7043901085853577,228.4947509765625,406.5432434082031,158.23944527762276,0.7043899297714233,0.7045207619667053,0.0065827942453324795,0.6924796783924103,0.6951455950737,0.6962065398693085,0.6991866230964661,0.7045207619667053,0.7083279490470886,0.712589156627655,0.7156267464160919,0.7187913060188293
31941,-0.7049762010574341,228.33143615722656,406.7015380859375,157.29642813546317,0.7049762010574341,0.7049063444137573,0.006461929529905319,0.6929220926761627,0.6957397639751435,0.6967695951461792,0.7002184689044952,0.7049063444137573,0.7089180797338486,0.713131594657898,0.7158077597618103,0.7187913060188293
32032,-0.7056500315666199,228.2444305419922,406.99908447265625,156.40002223423548,0.7056499719619751,0.7061001062393188,0.006448531989008188,0.6929220926761627,0.6957849770784378,0.697463983297348,0.7011108547449112,0.7061001062393188,0.7094014585018158,0.7139631628990173,0.7160983383655548,0.7187913060188293
32123,-0.7060803771018982,228.0561065673828,407.12091064453125,155.4312264578683,0.7060802578926086,0.7062870264053345,0.0062749083153903484,0.6954160165786744,0.6967444360256195,0.6975372612476349,0.7013468444347382,0.7062870264053345,0.7094014585018158,0.7139631628990173,0.716193038225174,0.7188627219200134
32214,-0.7064082026481628,227.92816162109375,407.3347473144531,154.5170397077288,0.7064081430435181,0.7062870264053345,0.006235774606466293,0.695510778427124,0.6967444360256195,0.6976421356201172,0.7014803290367126,0.7062870264053345,0.7096749842166901,0.7154731512069702,0.7163775771856308,0.7188627219200134
32305,-0.7066465616226196,227.83291625976562,407.600830078125,153.6066414969308,0.7066465020179749,0.7064546942710876,0.006121148820966482,0.6957944619655609,0.6972704589366913,0.698912912607193,0.7018447369337082,0.7064546942710876,0.7104047685861588,0.71581130027771,0.716605943441391,0.7188627219200134
32396,-0.7072086334228516,227.66941833496094,407.7648010253906,152.64561680385046,0.7072085738182068,0.7070105969905853,0.006331619340926409,0.6957944619655609,0.6972704589366913,0.698912912607193,0.7025295495986938,0.7070105969905853,0.7112001776695251,0.7161113142967224,0.7166327834129333,0.7189073324203491
32487,-0.7076940536499023,227.53729248046875,407.9795837402344,151.7112819126674,0.7076941132545471,0.7074888348579407,0.006268973462283611,0.6959357035160064,0.6974613964557648,0.6990866005420685,0.7029546648263931,0.7074888348579407,0.7115153223276138,0.7161113142967224,0.7166327834129333,0.7189073324203491
32578,-0.7082075476646423,227.3778839111328,408.1300354003906,150.76224626813615,0.7082076072692871,0.7077906727790833,0.0062212408520281315,0.6959357035160064,0.6979274481534958,0.699902868270874,0.703842431306839,0.7077906727790833,0.7126645296812057,0.7163756966590882,0.7167409241199494,0.7189073324203491
32669,-0.7086715698242188,227.26158142089844,408.33380126953125,149.90733555385046,0.7086713910102844,0.7079534530639648,0.006063859909772873,0.6959357035160064,0.6979274481534958,0.7009835839271545,0.7050390690565109,0.7079534530639648,0.7136693894863129,0.7163756966590882,0.7167409241199494,0.7189073324203491
32760,-0.7090882062911987,227.06341552734375,408.3641662597656,149.01700047084265,0.709088146686554,0.7089183926582336,0.006105063483119011,0.6962311160564423,0.6986781984567643,0.7009835839271545,0.7050390690565109,0.7089183926582336,0.7140088826417923,0.7165776014328002,0.7177291929721832,0.7189073324203491
32851,-0.7094882130622864,226.9092254638672,408.5061340332031,148.09627205984933,0.7094882130622864,0.7092219293117523,0.006011106539517641,0.6979757738113403,0.6994473725557327,0.7016334772109986,0.7052046954631805,0.7092219293117523,0.7140399664640427,0.716658353805542,0.7184823602437973,0.7189073324203491
32942,-0.7102746367454529,226.7732391357422,408.6789855957031,147.18328203473772,0.7102745175361633,0.7106565237045288,0.006079867482185364,0.6987019014358521,0.7001418322324753,0.7027644872665405,0.7056780904531479,0.7106565237045288,0.7149257659912109,0.7177755951881408,0.7196243345737457,0.7221739959716796
33033,-0.7108210325241089,226.64793395996094,408.8677673339844,146.29068211146765,0.7108210921287537,0.7109958231449127,0.0061016627587378025,0.6992365026473999,0.7010196566581726,0.7027700245380402,0.7060087472200394,0.7109958231449127,0.7159193158149719,0.7177755951881408,0.7196243345737457,0.7221739959716796
33124,-0.7112432718276978,226.54335021972656,409.10296630859375,145.41336713518416,0.7112432718276978,0.7113505601882935,0.00604978995397687,0.6993509554862976,0.7010395586490631,0.7033522367477417,0.7061434835195541,0.7113505601882935,0.7162404358386993,0.7178344964981079,0.7196243345737457,0.7221739959716796
33215,-0.7119056582450867,226.4456024169922,409.3140563964844,144.5853227887835,0.7119055986404419,0.7130817174911499,0.0062457844614982605,0.6994654285907745,0.7023488789796829,0.7037072062492371,0.7063047587871552,0.7130817174911499,0.7166119515895844,0.7193741917610168,0.7208891898393631,0.7225030088424682
33306,-0.7123072743415833,226.3560028076172,409.54498291015625,143.74007742745536,0.7123072147369385,0.7130817174911499,0.006368671543896198,0.7009739589691162,0.7023488789796829,0.7037072062492371,0.7077249884605408,0.7130817174911499,0.7167017906904221,0.7203230619430542,0.722121050953865,0.7236911201477051
33397,-0.7124264240264893,226.24130249023438,409.7332763671875,142.8455527169364,0.7124263644218445,0.7134007811546326,0.006372511386871338,0.7009739589691162,0.7023488789796829,0.7037072062492371,0.7079241275787354,0.7134007811546326,0.7170492708683014,0.7203230619430542,0.722121050953865,0.7236911201477051
33488,-0.7128834128379822,226.11886596679688,409.9292297363281,141.9277082170759,0.7128833532333374,0.7134007811546326,0.006442226003855467,0.7021618366241456,0.7029576748609543,0.7043560743331909,0.7079241275787354,0.7134007811546326,0.7172791510820389,0.7208253741264343,0.7223798274993897,0.7244766521453857
33579,-0.713313102722168,225.97854614257812,410.08343505859375,141.04773167201452,0.7133130431175232,0.7140804529190063,0.006731492001563311,0.7021618366241456,0.7033631354570389,0.7049585103988647,0.7079369872808456,0.7140804529190063,0.7172791510820389,0.7208945333957673,0.7234719157218933,0.725310184955597
33670,-0.713845431804657,225.90371704101562,410.34979248046875,140.1390642438616,0.7138453722000122,0.7141255736351013,0.006658782251179218,0.7026415717601776,0.7033631354570389,0.7056614935398102,0.708783283829689,0.7141255736351013,0.7185756862163544,0.7221892356872559,0.7236984014511109,0.725310184955597
33761,-0.714258074760437,225.77178955078125,410.4859619140625,139.26722935267858,0.7142580151557922,0.714584231376648,0.006719852797687054,0.7026415717601776,0.7034693837165833,0.7058453440666199,0.7093414962291718,0.714584231376648,0.7191310524940491,0.7223833084106446,0.7244972944259643,0.725310184955597
33852,-0.7150317430496216,225.67648315429688,410.7335510253906,138.33375767299108,0.7150316834449768,0.7152962386608124,0.006561606656759977,0.7033683693408966,0.7049683094024658,0.7062338173389435,0.7101578116416931,0.7152962386608124,0.7191632091999054,0.7225871026515961,0.7252828776836395,0.7268059802055359
33943,-0.7154122591018677,225.5701141357422,410.957275390625,137.40408325195312,0.7154121994972229,0.7154906690120697,0.0063950177282094955,0.7034721088409424,0.7056536912918091,0.7062338173389435,0.7119366377592087,0.7154906690120697,0.7191632091999054,0.723710834980011,0.7252828776836395,0.7268059802055359
34034,-0.7157775163650513,225.45545959472656,411.1276550292969,136.5421883719308,0.7157775163650513,0.71622633934021,0.006473089102655649,0.7034721088409424,0.7056536912918091,0.7062338173389435,0.71238112449646,0.71622633934021,0.7197403907775879,0.7237433075904847,0.7253282129764557,0.7272073233127594
34125,-0.7161533236503601,225.34963989257812,411.3057556152344,135.69251142229353,0.7161533832550049,0.7165753841400146,0.006547162309288979,0.7034721088409424,0.7056536912918091,0.7072247207164765,0.71238112449646,0.7165753841400146,0.720715805888176,0.7245746850967407,0.7253282129764557,0.7272073233127594
34216,-0.7166006565093994,225.2283172607422,411.4697265625,134.82919311523438,0.7166005969047546,0.7168721556663513,0.006379211787134409,0.7037781322002411,0.7059736609458923,0.7075953841209411,0.7126291543245316,0.7168721556663513,0.7209912687540054,0.7245746850967407,0.7253418654203415,0.7272073233127594
34307,-0.7171006798744202,225.17343139648438,411.7743835449219,133.94165910993303,0.7171006202697754,0.7171618938446045,0.0062523651868104935,0.7037781322002411,0.7069459676742553,0.7085007548332214,0.7135032564401627,0.7171618938446045,0.7209912687540054,0.7251778364181518,0.7268169701099396,0.7288334119319916
34398,-0.7176311612129211,225.0484161376953,411.9151306152344,133.12042672293526,0.7176311612129211,0.7171862125396729,0.006224832497537136,0.7058636939525604,0.7072821348905564,0.7094406902790069,0.7140503078699112,0.7171862125396729,0.7212259322404861,0.7252245664596557,0.7277651876211166,0.7293063616752624
34489,-0.7182527184486389,224.89291381835938,411.9762878417969,132.2896270751953,0.7182526588439941,0.718120276927948,0.005951910279691219,0.705975534915924,0.7073655515909195,0.7112552881240845,0.7146877497434616,0.718120276927948,0.721486285328865,0.7257641673088073,0.7277651876211166,0.7293063616752624
34580,-0.7188926339149475,224.79953002929688,412.16778564453125,131.48260716029577,0.7188926935195923,0.7186572551727295,0.005834339186549187,0.7069073462486267,0.7093809157609939,0.7116335988044739,0.715497612953186,0.7186572551727295,0.7216790914535522,0.7261895775794983,0.7288378119468689,0.7305108988285065
34671,-0.719135046005249,224.72206115722656,412.4041748046875,130.63756670270647,0.719135046005249,0.718841016292572,0.0057841017842292786,0.7073262798786163,0.7096867293119431,0.7116335988044739,0.7156977355480194,0.718841016292572,0.7224043905735016,0.7261895775794983,0.7288378119468689,0.7305108988285065
34762,-0.7196375727653503,224.63674926757812,412.6279296875,129.75201851981026,0.7196376323699951,0.7191690504550934,0.005899174604564905,0.7073665297031403,0.7096867293119431,0.7124104976654053,0.7157395035028458,0.7191690504550934,0.7231018543243408,0.7276988744735717,0.7288378119468689,0.7305108988285065
34853,-0.7200778722763062,224.55824279785156,412.8462219238281,128.9319131033761,0.7200778126716614,0.7195881605148315,0.005918164737522602,0.7079347765445709,0.7098626464605331,0.7124179780483246,0.7166233062744141,0.7195881605148315,0.7235337793827057,0.7279846668243408,0.7291046708822251,0.7308173894882202
34944,-0.7203003764152527,224.46145629882812,412.998046875,128.16219874790735,0.7203003764152527,0.7202866077423096,0.0059163873083889484,0.7079347765445709,0.7098626464605331,0.7124179780483246,0.7166233062744141,0.7202866077423096,0.723711371421814,0.7281059622764587,0.7293144732713699,0.7308173894882202
35035,-0.7207420468330383,224.38946533203125,413.23114013671875,127.33296530587333,0.7207419872283936,0.7209873199462891,0.005884277634322643,0.7079347765445709,0.7099087953567504,0.7130239605903625,0.7172689735889435,0.7209873199462891,0.7239630669355392,0.7286301732063294,0.7305175870656967,0.7309584856033325
35126,-0.7213150858879089,224.2906951904297,413.4006652832031,126.49598911830357,0.7213150262832642,0.7214417159557343,0.005528903566300869,0.7105073690414428,0.7124551624059677,0.7145481169223785,0.7180007994174957,0.7214417159557343,0.7249232232570648,0.7286301732063294,0.7305175870656967,0.7309584856033325
35217,-0.7216190695762634,224.21498107910156,413.6128234863281,125.65302385602679,0.7216191291809082,0.7215491533279419,0.005599650088697672,0.7105073690414428,0.7130519092082978,0.7146466434001922,0.7180007994174957,0.7215491533279419,0.7256016731262207,0.7288882732391357,0.7305175870656967,0.7314225053787231
35308,-0.7219250202178955,224.1329345703125,413.80059814453125,124.85572814941406,0.7219250202178955,0.7216517627239227,0.005620341282337904,0.7105200731754303,0.7135301381349564,0.7149648547172547,0.7180007994174957,0.7216517627239227,0.725744754076004,0.7291048765182495,0.7308162152767181,0.7322373604774475
35399,-0.7221972346305847,224.05361938476562,413.9967956542969,124.02760314941406,0.7221973538398743,0.7223772704601288,0.005773202981799841,0.7105200731754303,0.7135301381349564,0.7149648547172547,0.7180007994174957,0.7223772704601288,0.7260982096195221,0.7293518960475922,0.7308333158493042,0.7322373604774475
35490,-0.7229721546173096,223.90695190429688,414.0574035644531,123.21596200125558,0.7229722738265991,0.7223772704601288,0.005921953823417425,0.7135051298141479,0.7145613491535187,0.7153242826461792,0.7191915214061737,0.7223772704601288,0.7273240983486176,0.7308164954185485,0.7314950972795486,0.732451765537262
35581,-0.723271906375885,223.83154296875,414.23419189453125,122.44656590053013,0.7232720255851746,0.7225990295410156,0.00616212235763669,0.7135051298141479,0.7146048933267594,0.7153242826461792,0.7191915214061737,0.7225990295410156,0.7276403903961182,0.7308652877807618,0.7316076755523682,0.7374947190284729
35672,-0.7238933444023132,223.7364501953125,414.4033203125,121.64833504813058,0.7238933444023132,0.7240448594093323,0.006308190990239382,0.7135292017459869,0.7146586298942565,0.7159922838211059,0.7194929420948029,0.7240448594093323,0.7281749546527863,0.7314416110515595,0.7326542615890503,0.7374947190284729
35763,-0.7242350578308105,223.64732360839844,414.5770568847656,120.83028956821987,0.7242351770401001,0.7242275178432465,0.006136377342045307,0.7137215459346771,0.7151232451200485,0.7165394365787506,0.7198505848646164,0.7242275178432465,0.7287868112325668,0.7314416110515595,0.7326542615890503,0.7374947190284729
35854,-0.724492073059082,223.58094787597656,414.78582763671875,120.01475742885044,0.7244921326637268,0.7244608998298645,0.00604091165587306,0.7137215459346771,0.7151232451200485,0.7170561790466309,0.7201745361089706,0.7244608998298645,0.7287868112325668,0.7314416110515595,0.7331823408603668,0.7374947190284729
35945,-0.7248549461364746,223.48049926757812,414.9430847167969,119.13601575578961,0.7248550653457642,0.7245136499404907,0.006020324304699898,0.7141528928279877,0.7153342366218567,0.7178995966911316,0.7202371507883072,0.7245136499404907,0.728870078921318,0.7315296471118927,0.7344202756881714,0.7374947190284729
36036,-0.7253273725509644,223.3822784423828,415.0786437988281,118.37648337227958,0.7253274321556091,0.7253119051456451,0.005966472905129194,0.7141528928279877,0.715502467751503,0.7182460725307465,0.7203758955001831,0.7253119051456451,0.7292311191558838,0.7316734313964843,0.7349490880966186,0.7385988330841065
36127,-0.7256965637207031,223.3131561279297,415.263916015625,117.57786669049945,0.7256966233253479,0.7259576320648193,0.006107554771006107,0.7141528928279877,0.715502467751503,0.7182460725307465,0.7207481861114502,0.7259576320648193,0.7299012094736099,0.7321033298969268,0.737392008304596,0.7385988330841065
36218,-0.7261205911636353,223.2052001953125,415.3794860839844,116.78715188162667,0.7261205911636353,0.7264508605003357,0.006098856218159199,0.7141528928279877,0.715502467751503,0.7187886834144592,0.7212156504392624,0.7264508605003357,0.730609193444252,0.7330461978912354,0.737392008304596,0.7385988330841065
36309,-0.726376473903656,223.10824584960938,415.5128479003906,115.98848288399833,0.726376473903656,0.7264820337295532,0.006183838937431574,0.7141528928279877,0.71561498939991,0.7187886834144592,0.7214344441890717,0.7264820337295532,0.7307335734367371,0.7330461978912354,0.737392008304596,0.738862634897232
36400,-0.7268723845481873,223.0269012451172,415.6845397949219,115.18313925606864,0.7268722653388977,0.726724773645401,0.006279018707573414,0.7151178908348084,0.7159740507602692,0.719215738773346,0.7219755053520203,0.726724773645401,0.731237530708313,0.73367338180542,0.7378248155117035,0.738862634897232
36491,-0.7272718548774719,222.9207000732422,415.81842041015625,114.33570861816406,0.7272717952728271,0.7269725203514099,0.006259611342102289,0.7154865324497223,0.7178434014320374,0.719415134191513,0.7233124524354935,0.7269725203514099,0.731299877166748,0.73488529920578,0.7379258453845978,0.74013965010643
36582,-0.7276180982589722,222.85177612304688,416.0094909667969,113.51851763044085,0.7276180982589722,0.727475643157959,0.006318394094705582,0.7154865324497223,0.7178434014320374,0.7195412337779998,0.7234133630990982,0.727475643157959,0.7315844595432281,0.7373960018157959,0.7380295276641846,0.7401783192157745
36673,-0.7279882431030273,222.8113250732422,416.240478515625,112.75694710867745,0.7279883623123169,0.7284620702266693,0.006164291873574257,0.7155974578857421,0.7182394891977311,0.7203187644481659,0.723827987909317,0.7284620702266693,0.7316263914108276,0.7373960018157959,0.7380295276641846,0.7401783192157745
36764,-0.7282456755638123,222.7681427001953,416.4652099609375,111.99857112339565,0.7282457947731018,0.7289032340049744,0.0061853136867284775,0.7155974578857421,0.7182394891977311,0.7203187644481659,0.7239610552787781,0.7289032340049744,0.7316263914108276,0.7374702751636505,0.7389670372009277,0.740312317609787
36855,-0.7285819053649902,222.6699981689453,416.5677185058594,111.27911376953125,0.7285819053649902,0.7293888628482819,0.006159105803817511,0.7155974578857421,0.7182394891977311,0.7207488477230072,0.7243631035089493,0.7293888628482819,0.7319755852222443,0.7374702751636505,0.7389670372009277,0.7403539657592774
36946,-0.7290174961090088,222.58270263671875,416.7110290527344,110.47337232317243,0.7290175557136536,0.7300872504711151,0.006346993613988161,0.7157405102252961,0.7189971536397934,0.7210704565048218,0.7245487421751022,0.7300872504711151,0.7327947020530701,0.7378299593925476,0.7402014821767807,0.7414752399921417
37037,-0.7294930815696716,222.51007080078125,416.8785400390625,109.68543243408203,0.7294930815696716,0.7300872504711151,0.0063460152596235275,0.7167060494422912,0.7201436877250671,0.7219494044780731,0.7252515852451324,0.7300872504711151,0.7328886985778809,0.7380096435546875,0.7403881251811981,0.7428039658069611
37128,-0.7298271059989929,222.4522705078125,417.05145263671875,108.91549137660435,0.7298271656036377,0.7302901148796082,0.006414478179067373,0.7167060494422912,0.7208351016044616,0.7223771095275879,0.7253061830997467,0.7302901148796082,0.7336314022541046,0.7380096435546875,0.7414843410253524,0.7428039658069611
37219,-0.7303051352500916,222.41397094726562,417.2798156738281,108.19701821463448,0.7303052544593811,0.7306375503540039,0.006280406843870878,0.7167060494422912,0.7209499418735504,0.7225347936153412,0.725908175110817,0.7306375503540039,0.7337349951267242,0.7380096435546875,0.7414843410253524,0.7428039658069611
37310,-0.7307722568511963,222.3545684814453,417.4551696777344,107.46315002441406,0.7307723164558411,0.7313597202301025,0.006222961470484734,0.716757082939148,0.7209499418735504,0.7231925010681153,0.7261821627616882,0.7313597202301025,0.7351008951663971,0.7380096435546875,0.7414843410253524,0.7433986639976502
37401,-0.7310611605644226,222.28280639648438,417.6402587890625,106.6400124686105,0.7310613393783569,0.7318404316902161,0.006306788884103298,0.716757082939148,0.7209499418735504,0.7231925010681153,0.7262492626905441,0.7318404316902161,0.7354204654693604,0.738804817199707,0.7414843410253524,0.7433986639976502
37492,-0.7315011620521545,222.22674560546875,417.8155822753906,105.89508819580078,0.7315012216567993,0.7326415479183197,0.00622103875502944,0.7172752141952514,0.7216115981340409,0.7235018491744996,0.7270839512348175,0.7326415479183197,0.7356861233711243,0.738804817199707,0.7414843410253524,0.7433986639976502
37583,-0.7316967844963074,222.14260864257812,417.9457702636719,105.15428924560547,0.7316968441009521,0.7326415479183197,0.00614541582763195,0.7172752141952514,0.7216124355792999,0.7239208936691284,0.7273886948823929,0.7326415479183197,0.7356861233711243,0.7389057755470276,0.7414843410253524,0.7434068965911865
37674,-0.7321409583091736,222.0957489013672,418.12420654296875,104.46569715227399,0.7321409583091736,0.7327674031257629,0.005962003022432327,0.7192866134643555,0.7217295169830322,0.7239208936691284,0.7281595766544342,0.7327674031257629,0.7361944019794464,0.7389057755470276,0.7414843410253524,0.7434075582027435
37765,-0.7324104905128479,222.0613250732422,418.3149108886719,103.77071271623883,0.7324104905128479,0.7328094244003296,0.005942488554865122,0.7192866134643555,0.7229452878236771,0.7244911789894104,0.7281595766544342,0.7328094244003296,0.7363559007644653,0.7395173192024231,0.7417337149381638,0.7434075582027435
37856,-0.7327502965927124,221.94845581054688,418.3608703613281,103.01954868861607,0.7327502965927124,0.733433187007904,0.006049888674169779,0.7192866134643555,0.7229452878236771,0.7244911789894104,0.7296320497989655,0.733433187007904,0.736886203289032,0.7395173192024231,0.7418207645416259,0.7434075582027435
37947,-0.7330933809280396,221.890869140625,418.5238952636719,102.25816018240792,0.7330935001373291,0.7336241900920868,0.006075948942452669,0.7215627288818359,0.723305556178093,0.7248117744922637,0.7298209071159363,0.7336241900920868,0.7369348108768463,0.7402890920639038,0.7425079673528672,0.7438549053668976
38038,-0.7333609461784363,221.83908081054688,418.7078857421875,101.49952915736607,0.733361005783081,0.7341796457767487,0.006067974958568811,0.7215627288818359,0.723305556178093,0.7248117744922637,0.7299609482288361,0.7341796457767487,0.7370913773775101,0.7403769612312316,0.7425079673528672,0.7438549053668976
38129,-0.7336390614509583,221.788330078125,418.8784484863281,100.77440643310547,0.7336390614509583,0.7345707416534424,0.006110703106969595,0.7216018652915954,0.7236712336540222,0.7252147197723389,0.7301114201545715,0.7345707416534424,0.7375911325216293,0.741249042749405,0.7433247089385986,0.7441690921783447
38220,-0.7338006496429443,221.70147705078125,418.97955322265625,100.03442927769252,0.7338005900382996,0.7348475754261017,0.006101528648287058,0.721646842956543,0.7236712336540222,0.7252147197723389,0.7302273362874985,0.7348475754261017,0.7375911325216293,0.741249042749405,0.7438636153936387,0.744743287563324
38311,-0.7342498898506165,221.63050842285156,419.1085510253906,99.31680188860211,0.7342499494552612,0.7351104021072388,0.006091110408306122,0.7216489171981811,0.7242278516292572,0.726898330450058,0.7309243828058243,0.7351104021072388,0.7378926873207092,0.7417966425418854,0.7438636153936387,0.744743287563324
38402,-0.7347452640533447,221.55702209472656,419.2356872558594,98.60657392229352,0.7347452640533447,0.7352887988090515,0.00583195174112916,0.7221842277050018,0.7246941149234771,0.726898330450058,0.7319668531417847,0.7352887988090515,0.7381120920181274,0.7424119114875793,0.7441533714532852,0.744743287563324
38493,-0.7352808713912964,221.50540161132812,419.4066162109375,97.84476797921317,0.7352809309959412,0.7354225218296051,0.00572573859244585,0.7221842277050018,0.7248909622430801,0.7272888660430908,0.7327299416065216,0.7354225218296051,0.738565593957901,0.742784035205841,0.744432857632637,0.7452841877937317
38584,-0.7355476021766663,221.4907684326172,419.6532897949219,97.11988394601005,0.735547661781311,0.7355649769306183,0.00571454269811511,0.7221842277050018,0.7248909622430801,0.7272888660430908,0.7327920943498611,0.7355649769306183,0.7388089299201965,0.743746155500412,0.744711983203888,0.7452841877937317
38675,-0.7357971668243408,221.521728515625,419.9866943359375,96.38504355294364,0.7357971668243408,0.7356453239917755,0.00564230652526021,0.7244107019901276,0.7253790825605393,0.7274442970752716,0.7327920943498611,0.7356453239917755,0.7388631105422974,0.7438808977603912,0.7449442207813263,0.7456805801391602
38766,-0.7360159158706665,221.4934539794922,420.1890869140625,95.67418234688895,0.7360159158706665,0.7356691062450409,0.005670486018061638,0.7244107019901276,0.7253790825605393,0.7284450709819794,0.7329678684473038,0.7356691062450409,0.7388631105422974,0.7441922008991242,0.745479679107666,0.746579315662384
38857,-0.7362086176872253,221.43905639648438,420.3347473144531,94.95038604736328,0.7362086772918701,0.7356854677200317,0.005741884000599384,0.7245708107948303,0.7253790825605393,0.7284450709819794,0.7329743057489395,0.7356854677200317,0.7397520840167999,0.7441922008991242,0.7454928398132324,0.7482004976272583
38948,-0.7365717887878418,221.39881896972656,420.50213623046875,94.2521732875279,0.7365717887878418,0.7362095415592194,0.0056151458993554115,0.7245708107948303,0.7267968922853469,0.7290702223777771,0.733441099524498,0.7362095415592194,0.7401660829782486,0.7441922008991242,0.7454928398132324,0.7482004976272583
39039,-0.7368927597999573,221.35581970214844,420.6579284667969,93.60018593924386,0.7368927597999573,0.7364938855171204,0.005569913890212774,0.7252232146263122,0.727170792222023,0.7292882084846497,0.7337221652269363,0.7364938855171204,0.7407493591308594,0.7441922008991242,0.7454928398132324,0.7482004976272583
39130,-0.7371353507041931,221.34054565429688,420.8915100097656,92.86067417689732,0.7371354103088379,0.7371327579021454,0.005546669941395521,0.7252232146263122,0.7284185796976089,0.7297773838043213,0.7337221652269363,0.7371327579021454,0.7407493591308594,0.7444700539112091,0.7456771969795227,0.7482004976272583
39221,-0.737314760684967,221.29664611816406,421.06817626953125,92.13128989083427,0.7373147010803223,0.7373898923397064,0.005529433488845825,0.7254009008407593,0.7284193754196167,0.7299062311649323,0.7337221652269363,0.7373898923397064,0.7409183531999588,0.7445537388324738,0.7456771969795227,0.7482004976272583
39312,-0.7375923991203308,221.24911499023438,421.23187255859375,91.3833236694336,0.7375923991203308,0.7378261983394623,0.005615257658064365,0.7254009008407593,0.7284193754196167,0.7300007283687592,0.733894482254982,0.7378261983394623,0.7410540729761124,0.7449909687042237,0.7466057121753693,0.7485360312461853
39403,-0.7379565238952637,221.21914672851562,421.4218444824219,90.68113817487445,0.7379565238952637,0.7381572723388672,0.005651186220347881,0.7254255831241607,0.7284193754196167,0.7300007283687592,0.7344021946191788,0.7381572723388672,0.7413918972015381,0.7454800128936767,0.7478807210922241,0.7487803339958191
39494,-0.7381761074066162,221.19775390625,421.6270446777344,89.94537244524274,0.7381761074066162,0.7384840250015259,0.005665824748575687,0.7254255831241607,0.7289031744003296,0.7307986259460449,0.7344021946191788,0.7384840250015259,0.7417129576206207,0.7454996585845948,0.7478807210922241,0.7487803339958191
39585,-0.7384698390960693,221.1773223876953,421.81951904296875,89.29898398263114,0.7384697794914246,0.7386781573295593,0.005850499030202627,0.7254255831241607,0.7289031744003296,0.7308326900005341,0.7352480590343475,0.7386781573295593,0.7421191781759262,0.7454996585845948,0.7478807210922241,0.7501152992248535
39676,-0.7387985587120056,221.139892578125,421.99822998046875,88.60050201416016,0.7387986779212952,0.7392664551734924,0.005868211854249239,0.7268269562721252,0.7289320290088653,0.7309970319271087,0.7353228777647018,0.7392664551734924,0.7424297481775284,0.7456770002841949,0.7487665802240372,0.7501152992248535
39767,-0.7392891049385071,221.07847595214844,422.1192321777344,87.91612243652344,0.7392891049385071,0.7396382093429565,0.006055799778550863,0.7268269562721252,0.7289320290088653,0.7315428495407105,0.7354305684566498,0.7396382093429565,0.7433037161827087,0.7473962545394898,0.7490176647901535,0.7501152992248535
39858,-0.7395434379577637,221.0529022216797,422.2620849609375,87.31375885009766,0.7395434379577637,0.7398901581764221,0.006039488594979048,0.7268269562721252,0.7289320290088653,0.731552678346634,0.7354305684566498,0.7398901581764221,0.7435396909713745,0.7473962545394898,0.7490176647901535,0.751138745546341
39949,-0.7397953867912292,221.02737426757812,422.45379638671875,86.64023808070591,0.7397953867912292,0.7400392889976501,0.005991574376821518,0.7268313241004943,0.7289320290088653,0.7318800389766693,0.7359398901462555,0.7400392889976501,0.7438087165355682,0.7473962545394898,0.7490176647901535,0.751138745546341
40040,-0.7400406002998352,221.0049591064453,422.634765625,85.97925240652901,0.7400405406951904,0.7404375374317169,0.006080774124711752,0.7268313241004943,0.7292346298694611,0.7318800389766693,0.7362608164548874,0.7404375374317169,0.7440234869718552,0.7482240617275238,0.7493369400501251,0.7514778888225555
40131,-0.7401780486106873,220.93231201171875,422.7214050292969,85.27252524239677,0.7401781678199768,0.7407313585281372,0.006036923732608557,0.7280417895317077,0.7296447038650513,0.7318800389766693,0.7362608164548874,0.7407313585281372,0.7440348416566849,0.7482240617275238,0.7493369400501251,0.7514956653118133
40222,-0.7407543659210205,220.9166717529297,422.90057373046875,84.6275166102818,0.7407544851303101,0.7409125566482544,0.005986332427710295,0.7286436486244202,0.7298708409070969,0.732575249671936,0.7372158169746399,0.7409125566482544,0.7449880838394165,0.748530262708664,0.7493369400501251,0.751971720457077
40313,-0.7409219145774841,220.8672332763672,423.0439453125,83.9203360421317,0.7409220337867737,0.7410961985588074,0.005938648246228695,0.7286436486244202,0.7298708409070969,0.732575249671936,0.7373575419187546,0.7410961985588074,0.7449880838394165,0.748530262708664,0.7493369400501251,0.751971720457077
40404,-0.7411697506904602,220.83596801757812,423.2043762207031,83.21094294956752,0.7411696910858154,0.7413774728775024,0.005861683748662472,0.7286436486244202,0.731411537528038,0.7327145099639892,0.7374112457036972,0.7413774728775024,0.7452051639556885,0.748530262708664,0.7501123577356339,0.751971720457077
40495,-0.7414188981056213,220.77621459960938,423.3176574707031,82.55246843610492,0.7414188385009766,0.7415494918823242,0.005923014599829912,0.7286436486244202,0.7314920425415039,0.7327145099639892,0.7374956905841827,0.7415494918823242,0.7458639889955521,0.7487652897834778,0.7501123577356339,0.751971720457077
40586,-0.741822361946106,220.74293518066406,423.46551513671875,81.87876892089844,0.741822361946106,0.7420453131198883,0.0059840744361281395,0.7296699571609497,0.7315041601657868,0.7338836431503296,0.7376998215913773,0.7420453131198883,0.7463452816009521,0.7493105292320251,0.7509131968021393,0.7538226974010468
40677,-0.7421112060546875,220.68402099609375,423.556640625,81.22467150006976,0.7421111464500427,0.7420695126056671,0.005891167093068361,0.7313721466064453,0.7319258064031601,0.7339683413505554,0.737731471657753,0.7420695126056671,0.7464982867240906,0.7493105292320251,0.7510565221309662,0.7538226974010468
40768,-0.7424453496932983,220.61537170410156,423.638671875,80.56618063790458,0.7424452304840088,0.7426957190036774,0.005687253084033728,0.7314746761322022,0.7325222611427307,0.7341295599937439,0.7383193671703339,0.7426957190036774,0.7465642243623734,0.7496978402137756,0.7510565221309662,0.7538226974010468
40859,-0.7426313757896423,220.5810546875,423.7867126464844,79.95476967947823,0.7426313757896423,0.7429632544517517,0.005661307834088802,0.7314746761322022,0.7326323956251144,0.735698527097702,0.7385178506374359,0.7429632544517517,0.7468378245830536,0.7496978402137756,0.7510584771633149,0.7543956172466278
40950,-0.7429262399673462,220.54478454589844,423.9473571777344,79.23027038574219,0.7429261803627014,0.7433131039142609,0.005614990834146738,0.7319236934185028,0.7335316985845566,0.7357995986938477,0.7388151437044144,0.7433131039142609,0.7471184730529785,0.7496978402137756,0.7510584771633149,0.7544114577770233
41041,-0.7432243227958679,220.4604034423828,423.9783935546875,78.5824726649693,0.7432242631912231,0.743873655796051,0.005603170488029718,0.7319236934185028,0.7335316985845566,0.7357995986938477,0.7389984130859375,0.743873655796051,0.7477174699306488,0.7496978402137756,0.7510761052370072,0.7544114577770233
41132,-0.7435204982757568,220.41773986816406,424.10546875,77.91928972516742,0.7435204982757568,0.7439084947109222,0.005468236282467842,0.7335900247097016,0.7340216219425202,0.7358273565769196,0.7397602498531342,0.7439084947109222,0.7479580938816071,0.7497765719890594,0.7510761052370072,0.7544114577770233
41223,-0.7438287138938904,220.35061645507812,424.19244384765625,77.26566750662667,0.7438286542892456,0.7440814077854156,0.005417147651314735,0.7335900247097016,0.7340216219425202,0.7366049468517304,0.740193322300911,0.7440814077854156,0.7479906678199768,0.7497765719890594,0.751127764582634,0.7544387805461883
41314,-0.7440400719642639,220.3321075439453,424.3642272949219,76.59747968401227,0.7440400123596191,0.7442832589149475,0.005436847917735577,0.7335900247097016,0.7340216219425202,0.7366049468517304,0.740193322300911,0.7442832589149475,0.748067170381546,0.7497765719890594,0.751127764582634,0.7544387805461883
41405,-0.7442672848701477,220.4174346923828,424.7449035644531,75.94161442347935,0.7442672252655029,0.7442832589149475,0.005402082111686468,0.7335900247097016,0.7355217128992081,0.7366049468517304,0.7407035827636719,0.7442832589149475,0.7482786774635315,0.7507376670837402,0.7519452512264252,0.7544387805461883
41496,-0.7445472478866577,220.3920440673828,424.90447998046875,75.33128138950893,0.7445471882820129,0.7448516488075256,0.005324766039848328,0.7335913932323456,0.7355217128992081,0.737738037109375,0.7408337593078613,0.7448516488075256,0.7488984167575836,0.7507376670837402,0.7519452512264252,0.7544387805461883
41587,-0.7447528839111328,220.3622589111328,425.0661315917969,74.6474609375,0.7447528839111328,0.7453004121780396,0.005280776880681515,0.7335913932323456,0.7355730712413788,0.7384876847267151,0.7409022599458694,0.7453004121780396,0.749018132686615,0.7507749497890472,0.7519452512264252,0.7544387805461883
41678,-0.745037853717804,220.31471252441406,425.1858215332031,73.95723288399833,0.7450377941131592,0.7453004121780396,0.005324516911059618,0.7336149799823761,0.7356140673160553,0.7384876847267151,0.7414832711219788,0.7453004121780396,0.749156191945076,0.7509085416793824,0.7528842270374299,0.7547417080402374
41769,-0.7453224062919617,220.28271484375,425.3277587890625,73.27275957380023,0.7453223466873169,0.7456601858139038,0.0052163610234856606,0.734162118434906,0.7364791721105576,0.7386320769786835,0.741728812456131,0.7456601858139038,0.7492099851369858,0.7510711550712585,0.7528842270374299,0.7547497749328613
41860,-0.745582640171051,220.29336547851562,425.55279541015625,72.63127681187221,0.745582640171051,0.7459372878074646,0.005313735455274582,0.7341629457473755,0.7377009332180023,0.7386320769786835,0.7421005368232727,0.7459372878074646,0.7493174970149994,0.7518439054489136,0.7537613540887833,0.7572547733783722
41951,-0.7457880973815918,220.30731201171875,425.79498291015625,71.91542271205357,0.7457880973815918,0.7460877299308777,0.005336921662092209,0.7350144350528717,0.7377009332180023,0.7386320769786835,0.7424815446138382,0.7460877299308777,0.7493555992841721,0.7522083222866058,0.7537613540887833,0.7572547733783722
42042,-0.7460700869560242,220.28167724609375,425.932861328125,71.30609239850726,0.7460700273513794,0.7463645040988922,0.005188792012631893,0.7359570932388305,0.7379137516021729,0.7389324545860291,0.7426951229572296,0.7463645040988922,0.7498597055673599,0.7522083222866058,0.7537613540887833,0.7572547733783722
42133,-0.7462682723999023,220.2722625732422,426.1118469238281,70.6787578037807,0.7462682127952576,0.7466884553432465,0.005195094272494316,0.7359570932388305,0.7379137516021729,0.7390077590942383,0.7429367452859879,0.7466884553432465,0.7499605417251587,0.7525585651397705,0.7537613540887833,0.7572547733783722
42224,-0.7464340329170227,220.21815490722656,426.2034912109375,69.97571236746651,0.7464339733123779,0.7468746900558472,0.005277679767459631,0.7359570932388305,0.7379137516021729,0.7390077590942383,0.7429367452859879,0.7468746900558472,0.7502335906028748,0.7529000639915466,0.7539661079645157,0.7572547733783722
42315,-0.7468193769454956,220.18966674804688,426.32830810546875,69.38381631033761,0.7468193173408508,0.747215211391449,0.0052484022453427315,0.7359570932388305,0.7379137516021729,0.739014458656311,0.7440801858901978,0.747215211391449,0.7505730837583542,0.7532625317573547,0.7544053971767426,0.7572547733783722
42406,-0.7471505403518677,220.2110137939453,426.5569763183594,68.74974278041294,0.7471505999565125,0.7475683987140656,0.005269092973321676,0.7371049630641937,0.7379137516021729,0.7390664279460907,0.7440801858901978,0.7475683987140656,0.75074402987957,0.753730309009552,0.7546431630849838,0.7572909307479858
42497,-0.7473267912864685,220.19866943359375,426.7265319824219,68.11027199881417,0.7473267912864685,0.7479483485221863,0.005213726777583361,0.7375830686092377,0.7379137516021729,0.7390664279460907,0.744175910949707,0.7479483485221863,0.750830814242363,0.7537631630897522,0.7546431630849838,0.7572909307479858
42588,-0.7475343346595764,220.21731567382812,426.94830322265625,67.51186697823661,0.7475343346595764,0.7481450140476227,0.0050819870084524155,0.7376536309719086,0.7389820635318756,0.7398379385471344,0.7441914677619934,0.7481450140476227,0.750830814242363,0.7537631630897522,0.7546431630849838,0.7581153070926666
42679,-0.7477677464485168,220.16644287109375,427.0298767089844,66.88514709472656,0.7477678656578064,0.748420774936676,0.005195303820073605,0.7376536309719086,0.7389820635318756,0.7398379385471344,0.7444257438182831,0.748420774936676,0.7511185705661774,0.753947776556015,0.754707345366478,0.7582261323928833
42770,-0.7479796409606934,220.11944580078125,427.1182556152344,66.23125893729073,0.7479795813560486,0.7484732866287231,0.0051784515380859375,0.7379067909717559,0.7390684276819229,0.7403248310089111,0.7445508390665054,0.7484732866287231,0.7513155937194824,0.7540241956710816,0.7549712508916855,0.7582261323928833
42861,-0.7482210993766785,220.0592498779297,427.1683349609375,65.59608513968331,0.7482210397720337,0.7485538125038147,0.005159053485840559,0.738962539434433,0.739505660533905,0.7408973515033722,0.7446018308401108,0.7485538125038147,0.7513155937194824,0.7544149696826935,0.7569953978061676,0.7582261323928833
42952,-0.7485746741294861,220.05471801757812,427.3222351074219,65.05360685076032,0.7485746145248413,0.7487717866897583,0.005224667023867369,0.739033043384552,0.7396389544010162,0.7410243451595306,0.7448541224002838,0.7487717866897583,0.7518390715122223,0.754959499835968,0.7570410579442978,0.7582261323928833
43043,-0.7488172650337219,220.066650390625,427.5318298339844,64.45845195225307,0.7488173842430115,0.7491249740123749,0.005256340838968754,0.739033043384552,0.7398635864257812,0.7413450717926026,0.7455034255981445,0.7491249740123749,0.7521209120750427,0.755637276172638,0.757284653186798,0.7582299542427063
43134,-0.7492311000823975,220.08543395996094,427.73773193359375,63.81552342006138,0.7492312788963318,0.7493634223937988,0.005313482601195574,0.7394715464115142,0.740349817276001,0.7423142433166504,0.7455582171678543,0.7493634223937988,0.7528548538684845,0.7561645865440368,0.7578182399272919,0.7598245680332184
43225,-0.7494659423828125,220.08050537109375,427.905517578125,63.18764114379883,0.7494661211967468,0.7496480047702789,0.005230131559073925,0.7395132529735565,0.7413105696439743,0.7429240107536316,0.746332198381424,0.7496480047702789,0.752929762005806,0.7561645865440368,0.7578182399272919,0.759882527589798
43316,-0.7496452927589417,220.0904083251953,428.090087890625,62.62646702357701,0.7496454119682312,0.7498363256454468,0.005052349530160427,0.7401508915424347,0.7413105696439743,0.7429240107536316,0.7466060668230057,0.7498363256454468,0.752929762005806,0.7563184380531311,0.7578182399272919,0.7602297902107239
43407,-0.7498994469642639,220.07740783691406,428.2347412109375,61.996982029506135,0.7498996257781982,0.7502139210700989,0.004985075909644365,0.7403543424606324,0.7413231134414673,0.7430944979190827,0.7468485534191132,0.7502139210700989,0.7532272636890411,0.7563184380531311,0.7578182399272919,0.7602297902107239
43498,-0.7502824068069458,220.0097198486328,428.2719421386719,61.36816896711077,0.750282347202301,0.7506821751594543,0.005007174331694841,0.7403543424606324,0.7416428446769714,0.7430944979190827,0.747095599770546,0.7506821751594543,0.7536618709564209,0.7569972038269043,0.7578964591026306,0.7602297902107239
43589,-0.7505630850791931,220.0025177001953,428.42877197265625,60.73751558576311,0.7505630254745483,0.7510568499565125,0.004973233677446842,0.7407243275642394,0.7422933042049408,0.7430944979190827,0.7474608272314072,0.7510568499565125,0.7537872493267059,0.757043308019638,0.7581501364707947,0.7605923283100128
43680,-0.7507969737052917,219.98104858398438,428.56640625,60.10446112496512,0.750796914100647,0.7510859966278076,0.004821026232093573,0.7413203513622284,0.7429282575845718,0.7442457735538482,0.7477052211761475,0.7510859966278076,0.7541454434394836,0.757043308019638,0.7581501364707947,0.7605923283100128
43771,-0.7509952187538147,219.98744201660156,428.75848388671875,59.46431405203683,0.7509952783584595,0.7511050403118134,0.004913474898785353,0.7413203513622284,0.7429571926593781,0.7445334434509278,0.747747465968132,0.7511050403118134,0.7544030696153641,0.7571659028530121,0.7593413978815079,0.7606031501293182
43862,-0.7511109709739685,219.96070861816406,428.8852233886719,58.84126336233957,0.751110851764679,0.7511050403118134,0.004882969427853823,0.7413203513622284,0.7429694443941116,0.7445981502532959,0.7479792982339859,0.7511050403118134,0.7544371634721756,0.7572112858295441,0.7593413978815079,0.7606031501293182
43953,-0.751297116279602,219.9825439453125,429.1140441894531,58.16215024675642,0.7512970566749573,0.751213550567627,0.004947250708937645,0.7413203513622284,0.7430056065320969,0.7445981502532959,0.7481800466775894,0.751213550567627,0.7546440958976746,0.7577713370323181,0.7593413978815079,0.7606031501293182
44044,-0.751453697681427,220.02821350097656,429.3734130859375,57.57213156563895,0.7514535784721375,0.7513346672058105,0.004964127670973539,0.7413417077064515,0.7434994369745255,0.7445981502532959,0.7481800466775894,0.7513346672058105,0.7551648914813995,0.7578193306922912,0.7593413978815079,0.7606031501293182
44135,-0.7516850233078003,220.056884765625,429.5859375,56.99763434273856,0.7516849637031555,0.7516125738620758,0.004921584855765104,0.7413417077064515,0.7434994369745255,0.7447345972061157,0.7488018572330475,0.7516125738620758,0.7551648914813995,0.7578478932380677,0.7593413978815079,0.7606031501293182
44226,-0.7518578767776489,220.08255004882812,429.8044128417969,56.41345650809152,0.7518577575683594,0.7519650757312775,0.004966334439814091,0.7426082062721252,0.7435195028781891,0.7447345972061157,0.7488954067230225,0.7519650757312775,0.7553265243768692,0.757946914434433,0.7598019361495971,0.7606031501293182
44317,-0.7522033452987671,220.0846405029297,429.97381591796875,55.753417423793245,0.7522033452987671,0.7522649466991425,0.005033487919718027,0.7428981494903565,0.7439392626285553,0.7453687906265258,0.749435305595398,0.7522649466991425,0.7555287331342697,0.758700555562973,0.760395747423172,0.7613007187843323
44408,-0.7524001002311707,220.11190795898438,430.1903381347656,55.11448778424944,0.7524001598358154,0.7524465322494507,0.00502654816955328,0.7428981494903565,0.7439392626285553,0.7462937831878662,0.7495938390493393,0.7524465322494507,0.7555287331342697,0.7589602172374725,0.760395747423172,0.7613007187843323
44499,-0.7525518536567688,220.1650848388672,430.443359375,54.52571596418108,0.7525518536567688,0.752577543258667,0.0050349850207567215,0.7428981494903565,0.7442424297332764,0.7462937831878662,0.7497161030769348,0.752577543258667,0.7557259947061539,0.7592454433441163,0.760395747423172,0.7618960380554199
44590,-0.7528237700462341,220.18948364257812,430.6435241699219,53.95166833060129,0.7528236508369446,0.75272136926651,0.005124817136675119,0.7428981494903565,0.7442424297332764,0.7462937831878662,0.7497270703315735,0.75272136926651,0.7561359256505966,0.759385883808136,0.7604214459657669,0.7618960380554199
44681,-0.7529540657997131,220.13124084472656,430.6940612792969,53.31745965140207,0.7529540061950684,0.7531120777130127,0.005075857974588871,0.7428981494903565,0.7442524522542954,0.746657007932663,0.7498386800289154,0.7531120777130127,0.7561359256505966,0.759385883808136,0.7604214459657669,0.7618960380554199
44772,-0.75306636095047,220.1826171875,430.95458984375,52.662615639822825,0.7530664205551147,0.7532823085784912,0.005003767088055611,0.7428981494903565,0.7443334043025971,0.7469195246696472,0.7498936206102371,0.7532823085784912,0.7561359256505966,0.759385883808136,0.7604214459657669,0.7618960380554199
44863,-0.7531850934028625,220.2173309326172,431.16876220703125,52.10034615652902,0.7531850934028625,0.7535333335399628,0.005041065625846386,0.7428981494903565,0.7443334043025971,0.7470949947834015,0.7498936206102371,0.7535333335399628,0.7561369091272354,0.759385883808136,0.7605262577533722,0.7619364953041077
44954,-0.7534000873565674,220.22793579101562,431.34588623046875,51.50283432006836,0.7534000873565674,0.7535413503646851,0.004986198619008064,0.7428981494903565,0.7447302520275116,0.7471358180046082,0.7501065284013748,0.7535413503646851,0.7565030455589294,0.7594748616218567,0.7607234239578247,0.7619364953041077
45045,-0.753589391708374,220.25184631347656,431.5513610839844,50.87764195033482,0.7535894513130188,0.753837525844574,0.004997445736080408,0.7433467578887939,0.7447302520275116,0.7471358180046082,0.7505500018596649,0.753837525844574,0.7569000720977783,0.7594748616218567,0.7609748363494873,0.7619569110870361
45136,-0.7537514567375183,220.24017333984375,431.6971435546875,50.21575818743025,0.7537514567375183,0.7540059685707092,0.005013951100409031,0.7433591723442078,0.7447302520275116,0.7471358180046082,0.7506292462348938,0.7540059685707092,0.7570366114377975,0.7598029851913453,0.7609748363494873,0.7619760775566101
45227,-0.7539017796516418,220.2235870361328,431.82562255859375,49.55417469569615,0.7539018392562866,0.7542236745357513,0.004983593709766865,0.7433591723442078,0.7447437852621078,0.7471358180046082,0.7506745755672455,0.7542236745357513,0.7572050392627716,0.7598029851913453,0.7609748363494873,0.7619760775566101
45318,-0.7540456056594849,220.26837158203125,432.05242919921875,48.95031411307199,0.7540456652641296,0.7543517649173737,0.004905997309833765,0.7433591723442078,0.7454755276441574,0.7474674105644226,0.7511418163776398,0.7543517649173737,0.7572181820869446,0.7598029851913453,0.7609748363494873,0.7619760775566101
45409,-0.7542231678962708,220.32847595214844,432.3278503417969,48.38297980172293,0.754223108291626,0.7545179426670074,0.004849152639508247,0.7446640658378602,0.7461967259645462,0.747649347782135,0.7516470849514008,0.7545179426670074,0.757317379117012,0.7598686754703522,0.7609748363494873,0.7619760775566101
45500,-0.7543737888336182,220.39244079589844,432.5892333984375,47.844193594796316,0.7543737292289734,0.7545811533927917,0.004881786182522774,0.7446640658378602,0.7461967259645462,0.7479838967323303,0.751956969499588,0.7545811533927917,0.757337361574173,0.7606970548629761,0.7613186538219452,0.7623187255859375
45591,-0.7544575333595276,220.3824462890625,432.7176513671875,47.23337881905692,0.7544574737548828,0.754655122756958,0.00485960952937603,0.7446640658378602,0.7462058901786804,0.7479838967323303,0.7522627413272858,0.754655122756958,0.757337361574173,0.7606970548629761,0.7613186538219452,0.7623187255859375
45682,-0.7545996904373169,220.39239501953125,432.8854675292969,46.63220541817801,0.7545996904373169,0.7548295557498932,0.004883912857621908,0.7446640658378602,0.7462058901786804,0.7482249200344085,0.7523408532142639,0.7548295557498932,0.7574288845062256,0.7607328474521637,0.7618993520736694,0.76309654712677
45773,-0.7547553181648254,220.4586181640625,433.16290283203125,46.058885846819194,0.7547553181648254,0.7553727924823761,0.004750905092805624,0.7446640658378602,0.7462124347686767,0.7482706069946289,0.7523408532142639,0.7553727924823761,0.7574881166219711,0.7610053420066833,0.7618993520736694,0.76309654712677
45864,-0.7548905611038208,220.4712677001953,433.3307800292969,45.41810607910156,0.754890501499176,0.7554761469364166,0.004693294409662485,0.7454737222194672,0.7470912754535675,0.7482706069946289,0.752358928322792,0.7554761469364166,0.7575821131467819,0.7610053420066833,0.7618993520736694,0.76309654712677
45955,-0.7549969553947449,220.5702667236328,433.6543884277344,44.87233407156808,0.7549968957901001,0.7556269466876984,0.004691421985626221,0.7454737222194672,0.7470912754535675,0.7486603736877442,0.7524878084659576,0.7556269466876984,0.7578573673963547,0.7610053420066833,0.7618993520736694,0.76309654712677
46046,-0.7550936937332153,220.6646728515625,433.99676513671875,44.2471079145159,0.7550936937332153,0.755660355091095,0.004719630815088749,0.7454737222194672,0.7470912754535675,0.7486997544765472,0.7524878084659576,0.755660355091095,0.7579320669174194,0.7610053420066833,0.7618993520736694,0.76309654712677
46137,-0.7553114891052246,220.68438720703125,434.1937255859375,43.668318612234934,0.7553114295005798,0.7558740377426147,0.004710836336016655,0.7454737222194672,0.7470912754535675,0.7488576292991638,0.7525315433740616,0.7558740377426147,0.7580917030572891,0.7610739648342133,0.7621464312076569,0.76309654712677
46228,-0.7555438280105591,220.68980407714844,434.34027099609375,43.11270686558315,0.7555437684059143,0.7559051811695099,0.00467870756983757,0.745487951040268,0.7475619375705719,0.7494374454021454,0.752591997385025,0.7559051811695099,0.758479654788971,0.761087304353714,0.7622482717037201,0.7631208729743957
46319,-0.7556686997413635,220.70184326171875,434.5007019042969,42.52396174839565,0.7556686401367188,0.7560351192951202,0.004681952763348818,0.7457958436012269,0.7478131771087646,0.7494374454021454,0.7527221590280533,0.7560351192951202,0.7586072534322739,0.7611985087394715,0.7622482717037201,0.7631208729743957
46410,-0.7558164596557617,220.76202392578125,434.7649841308594,41.86609867640904,0.7558165192604065,0.7562642991542816,0.0046938578598201275,0.7457958436012269,0.7478131771087646,0.7494831085205078,0.752910315990448,0.7562642991542816,0.7587823420763016,0.7612368881702423,0.7622482717037201,0.7631208729743957
46501,-0.755905270576477,220.8118133544922,435.0011291503906,41.321842193603516,0.7559053301811218,0.7562879323959351,0.004694792907685041,0.7457958436012269,0.7478131771087646,0.7494831085205078,0.7530563324689865,0.7562879323959351,0.7592378109693527,0.7613195180892944,0.7622482717037201,0.7631208729743957
46592,-0.7559632062911987,220.8912353515625,435.2928466796875,40.781471252441406,0.7559632062911987,0.7562879323959351,0.00472309859469533,0.7457958436012269,0.7478131771087646,0.7494831085205078,0.7532211244106293,0.7562879323959351,0.7592378109693527,0.7616632640361786,0.7624482691287995,0.7631208729743957
46683,-0.7560563683509827,221.03501892089844,435.7098388671875,40.18201174054827,0.7560563683509827,0.7562879323959351,0.004700459539890289,0.7457958436012269,0.7478131771087646,0.7497404634952545,0.753394827246666,0.7562879323959351,0.7592656165361404,0.7616632640361786,0.7624941110610962,0.7631208729743957
46774,-0.7561715245246887,221.10833740234375,435.99517822265625,39.55683408464704,0.756171464920044,0.7562879323959351,0.004712958354502916,0.7457958436012269,0.7478131771087646,0.7497404634952545,0.753394827246666,0.7562879323959351,0.7592656165361404,0.7620172500610352,0.7625386327505111,0.7631208729743957
46865,-0.7562851309776306,221.23056030273438,436.3883056640625,38.92692020961216,0.7562851905822754,0.7567423582077026,0.004699796438217163,0.7457958436012269,0.7478131771087646,0.7501205325126648,0.7535253167152405,0.7567423582077026,0.7594813108444214,0.7620172500610352,0.7625425666570663,0.7631208729743957
46956,-0.7563862204551697,221.23605346679688,436.5286560058594,38.29780306134905,0.7563863396644592,0.7568050026893616,0.0046720425598323345,0.7457958436012269,0.7480332762002945,0.7508985877037049,0.7536521255970001,0.7568050026893616,0.7594813108444214,0.7621605217456817,0.7627016812562942,0.7631208729743957
47047,-0.7565167546272278,221.28492736816406,436.7786560058594,37.66294315883091,0.7565168142318726,0.7569326460361481,0.0046333614736795425,0.7458184957504272,0.7480332762002945,0.7513635754585266,0.7538542747497559,0.7569326460361481,0.759602352976799,0.7623397231101989,0.7630113750696182,0.7631283497810364
47138,-0.756697952747345,221.35711669921875,437.0545959472656,37.027580806187224,0.7566980123519897,0.7570397555828094,0.004611372482031584,0.7458184957504272,0.7480332762002945,0.751584529876709,0.7540580332279205,0.7570397555828094,0.759602352976799,0.7623884856700898,0.7630248367786407,0.7631291675567626
47229,-0.7568939328193665,221.4760284423828,437.4095458984375,36.49518312726702,0.7568939328193665,0.7570808827877045,0.004694996401667595,0.7458242583274841,0.7480332762002945,0.751584529876709,0.7540580332279205,0.7570808827877045,0.759602352976799,0.7624301850795746,0.7630303144454956,0.7662903380393982
47320,-0.7570284605026245,221.55873107910156,437.7191162109375,35.85772868565151,0.757028341293335,0.7571150958538055,0.0047070784494280815,0.7458242583274841,0.7480332762002945,0.751584529876709,0.7545376121997833,0.7571150958538055,0.7598407417535782,0.762860906124115,0.763474503159523,0.7662903380393982
47411,-0.7572176456451416,221.58743286132812,437.91583251953125,35.21502685546875,0.7572175860404968,0.7571150958538055,0.004739551804959774,0.7462244796752929,0.74803686439991,0.751841413974762,0.7546663582324982,0.7571150958538055,0.7601979076862335,0.7630119144916534,0.7641135096549988,0.7662903380393982
47502,-0.7573475241661072,221.68540954589844,438.24676513671875,34.541138785226,0.757347583770752,0.7572969794273376,0.00472215423360467,0.7462244796752929,0.74803686439991,0.751841413974762,0.7549988031387329,0.7572969794273376,0.7603419423103333,0.7630119144916534,0.7641135096549988,0.7662903380393982
47593,-0.7575002908706665,221.76162719726562,438.54498291015625,33.85888508387974,0.757500171661377,0.7577038705348969,0.004723466467112303,0.746230548620224,0.74803686439991,0.7520359873771667,0.7549988031387329,0.7577038705348969,0.7603934407234192,0.7630515456199646,0.7641135096549988,0.7662903380393982
47684,-0.7576611042022705,221.85662841796875,438.8685302734375,33.186252866472515,0.757660984992981,0.7579335570335388,0.004661121871322393,0.746230548620224,0.7481030762195587,0.7520359873771667,0.755016952753067,0.7579335570335388,0.7606082111597061,0.7630515456199646,0.7641135096549988,0.7664330983161927
47775,-0.7577599883079529,221.97105407714844,439.2288513183594,32.5670953478132,0.7577598094940186,0.7579759657382965,0.004663733299821615,0.746230548620224,0.7482483744621277,0.752124446630478,0.7554100006818771,0.7579759657382965,0.7609553784132004,0.7632507741451263,0.7642110705375671,0.7664330983161927
47866,-0.7579028010368347,222.04090881347656,439.50537109375,31.905090059552872,0.7579027414321899,0.7583017945289612,0.004649457987397909,0.7463709473609924,0.7482483744621277,0.752124446630478,0.7555033415555954,0.7583017945289612,0.7613153606653214,0.7633060395717621,0.7642110705375671,0.7664330983161927
47957,-0.7579771280288696,222.1871337890625,439.9288635253906,31.26347541809082,0.7579770684242249,0.7583158016204834,0.004664113279432058,0.7463709473609924,0.7484377831220627,0.752124446630478,0.7555033415555954,0.7583158016204834,0.7613153606653214,0.7633060395717621,0.7642110705375671,0.7664330983161927
48048,-0.7580874562263489,222.20880126953125,440.0953063964844,30.606318610055105,0.7580873966217041,0.7586161196231842,0.004705957602709532,0.7463709473609924,0.7484377831220627,0.752124446630478,0.7557618170976639,0.7586161196231842,0.7615504264831543,0.7634240865707398,0.7642296433448792,0.7664330983161927
48139,-0.7582758069038391,222.3562469482422,440.5196838378906,29.92827878679548,0.7582756876945496,0.7586161196231842,0.004678103141486645,0.7463793587684632,0.749700865149498,0.7526049315929413,0.7559241503477097,0.7586161196231842,0.7620041519403458,0.7639356076717376,0.7647288084030152,0.7664330983161927
48230,-0.7583093643188477,222.44522094726562,440.82012939453125,29.346035276140487,0.7583092451095581,0.7586749792098999,0.004667317494750023,0.7463793587684632,0.749700865149498,0.7527485430240631,0.7559404820203781,0.7586749792098999,0.7620041519403458,0.7639356076717376,0.7647288084030152,0.7664330983161927
48321,-0.7583512663841248,222.4904022216797,441.0430603027344,28.67807115827288,0.75835120677948,0.7586749792098999,0.004682166501879692,0.7463793587684632,0.749700865149498,0.7527485430240631,0.7559404820203781,0.7586749792098999,0.7620041519403458,0.7639356076717376,0.7652284622192382,0.7664330983161927
48412,-0.7584196329116821,222.63609313964844,441.46502685546875,28.039806638445175,0.7584195733070374,0.7587207555770874,0.004669830668717623,0.7463793587684632,0.7499050527811051,0.7527485430240631,0.7559662014245987,0.7587207555770874,0.7620041519403458,0.7639356076717376,0.7652284622192382,0.7664330983161927
48503,-0.7585160732269287,222.7814178466797,441.8995666503906,27.238324846540177,0.7585158348083496,0.7587207555770874,0.0047476585023105145,0.7463793587684632,0.7504148423671723,0.7527485430240631,0.7561234682798386,0.7587207555770874,0.7620041519403458,0.7640360355377197,0.7652284622192382,0.7664567482471466
48594,-0.7586070895195007,222.96595764160156,442.4100341796875,26.470302036830358,0.758607029914856,0.7587207555770874,0.00473584933206439,0.7463793587684632,0.750837790966034,0.7527485430240631,0.7562116086483002,0.7587207555770874,0.7620076388120651,0.7645962417125702,0.7652284622192382,0.7664745056629181
48685,-0.7586949467658997,222.9736328125,442.5448913574219,25.89356667654855,0.7586948275566101,0.7588942050933838,0.004700297024101019,0.7463793587684632,0.7512923300266265,0.7527485430240631,0.7562302052974701,0.7588942050933838,0.7620076388120651,0.7647023677825928,0.7654620766639709,0.7664745056629181
48776,-0.7587961554527283,223.140380859375,443.01312255859375,25.16541644505092,0.7587960958480835,0.7588942050933838,0.004653525538742542,0.7478618288040161,0.7515229612588883,0.7528588593006134,0.7562655955553055,0.7588942050933838,0.7620076388120651,0.7647058010101319,0.7654620766639709,0.7679574835300446
48867,-0.7588387727737427,223.4022979736328,443.67596435546875,24.408186503819056,0.7588387131690979,0.7588942050933838,0.004631256218999624,0.7478618288040161,0.7517193347215653,0.7528588593006134,0.7562655955553055,0.7588942050933838,0.7620076388120651,0.7647058010101319,0.7654620766639709,0.7679574835300446
48958,-0.7588692903518677,223.59254455566406,444.1805419921875,23.827247074672155,0.7588691115379333,0.7588942050933838,0.0046280985698103905,0.7478618288040161,0.7517193347215653,0.7528588593006134,0.7562655955553055,0.7588942050933838,0.7620440721511841,0.7647058010101319,0.7654620766639709,0.7679574835300446
49049,-0.7589098811149597,223.7714385986328,444.6629638671875,23.14260401044573,0.7589098215103149,0.7589985728263855,0.0046306452713906765,0.7478618288040161,0.7517193347215653,0.7528588593006134,0.7562655955553055,0.7589985728263855,0.7620440721511841,0.7647058010101319,0.7654620766639709,0.7679574835300446
49140,-0.7589608430862427,224.13949584960938,445.5201110839844,22.45401954650879,0.7589607238769531,0.7590371370315552,0.0046589490957558155,0.7478618288040161,0.7517193347215653,0.7528588593006134,0.7562655955553055,0.7590371370315552,0.7622133642435074,0.7647059798240662,0.7655079305171967,0.7679574835300446
49231,-0.7589915990829468,224.43309020996094,446.2421875,21.71708025251116,0.7589914798736572,0.7590371370315552,0.004691870883107185,0.7478618288040161,0.7517193347215653,0.7528689742088318,0.7562655955553055,0.7590371370315552,0.7622133642435074,0.7648562729358673,0.7659489452838898,0.7679574835300446
49322,-0.7590368986129761,224.75692749023438,447.0277099609375,20.983422143118723,0.7590368390083313,0.7590371370315552,0.004664544481784105,0.7478618288040161,0.7517193347215653,0.7531015813350678,0.7563793510198593,0.7590371370315552,0.7622133642435074,0.7648562729358673,0.7660703480243682,0.7679574835300446
49413,-0.7590485215187073,225.1007537841797,447.8631591796875,20.178749356951034,0.7590484023094177,0.7590371370315552,0.0046537043526768684,0.7478618288040161,0.7517193347215653,0.7539584398269653,0.7563793510198593,0.7590371370315552,0.7622133642435074,0.7648562729358673,0.7660703480243682,0.7679574835300446
49504,-0.759078323841095,225.44891357421875,448.6936340332031,19.380668912615096,0.7590782642364502,0.7590648531913757,0.004640674684196711,0.7478618288040161,0.7520380735397338,0.7539987087249755,0.7563793510198593,0.7590648531913757,0.7622133642435074,0.7648562729358673,0.7660976409912109,0.7679574835300446
49595,-0.75909423828125,225.6728973388672,449.2779235839844,18.497331074305944,0.7590940594673157,0.7590648531913757,0.00464924331754446,0.7478618288040161,0.7520380735397338,0.7539987087249755,0.7564031183719635,0.7590648531913757,0.7624402046203613,0.7648562729358673,0.7660976409912109,0.7679574835300446
49686,-0.7591179013252258,225.89146423339844,449.8455810546875,17.738704136439733,0.759117841720581,0.7590648531913757,0.004661897663027048,0.7478618288040161,0.7520380735397338,0.7539987087249755,0.7564031183719635,0.7590648531913757,0.7625133991241455,0.7648562729358673,0.766207492351532,0.7679574835300446
49777,-0.7591210603713989,226.2071075439453,450.60760498046875,16.77169064113072,0.7591209411621094,0.7590648531913757,0.004661728162318468,0.7478618288040161,0.7520380735397338,0.7539987087249755,0.7564031183719635,0.7590648531913757,0.7625133991241455,0.7648562729358673,0.766207492351532,0.7679574835300446
49868,-0.7591515779495239,226.48876953125,451.3023376464844,15.811241694859095,0.7591515183448792,0.7591690719127655,0.004679087549448013,0.7478618288040161,0.7520380735397338,0.7539987087249755,0.7564031183719635,0.7591690719127655,0.7625133991241455,0.7648562729358673,0.766207492351532,0.767972822189331
49959,-0.7591659426689148,227.00172424316406,452.4526672363281,14.7908114024571,0.75916588306427,0.7591690719127655,0.004685262683779001,0.7478618288040161,0.7520380735397338,0.7539987087249755,0.7564031183719635,0.7591690719127655,0.7625133991241455,0.7648562729358673,0.766207492351532,0.767972822189331
