step,best_fitness,avg_hamming,avg_l1,avg_entropy,mean,median,std,2%,5%,10%,25%,50%,75%,90%,95%,98%
91,-1174.3199462890625,255.92288208007812,16.401809692382812,353.9884251185826,-1174.3199462890625,-1146.5,220.50587463378906,-1731.44,-1601.45,-1478.4,-1266.75,-1146.5,-1010.0,-932.9999999999998,-888.8,-818.9200000000001
182,-1280.47998046875,255.84512329101562,18.109189987182617,353.7284371512277,-1280.47998046875,-1248.0,191.34426879882812,-1731.44,-1658.8,-1518.6,-1380.5,-1248.0,-1147.25,-1046.6,-1002.1500000000001,-974.98
273,-1336.0,255.7726287841797,19.70558738708496,353.4705069405692,-1336.0,-1313.0,191.77178955078125,-1895.12,-1716.75,-1590.2,-1428.5,-1313.0,-1217.5,-1117.9,-1090.5,-1041.6200000000003
364,-1386.02001953125,255.6934051513672,21.173351287841797,353.20727103097096,-1386.02001953125,-1367.5,194.6341552734375,-1901.4,-1753.65,-1658.1,-1475.5,-1367.5,-1260.0,-1163.8,-1116.2,-1080.6000000000001
455,-1410.6400146484375,255.6177520751953,22.53070640563965,352.9491184779576,-1410.6400146484375,-1377.5,186.98655700683594,-1901.4,-1767.05,-1660.5,-1509.5,-1377.5,-1278.25,-1199.0,-1152.7,-1123.8600000000001
546,-1436.0999755859375,255.53860473632812,23.7963809967041,352.6892874581473,-1436.0999755859375,-1397.0,191.30355834960938,-1921.34,-1792.4,-1716.5,-1529.5,-1397.0,-1314.0,-1218.3999999999999,-1180.45,-1152.68
637,-1465.8800048828125,255.46141052246094,24.983861923217773,352.432870047433,-1465.8800048828125,-1429.5,187.89210510253906,-1921.34,-1792.4,-1722.0,-1587.5,-1429.5,-1333.75,-1256.0,-1204.7,-1169.9
728,-1485.0799560546875,255.38023376464844,26.1160831451416,352.1725115094866,-1485.0799560546875,-1465.0,187.50418090820312,-1921.34,-1792.4,-1732.1,-1601.75,-1465.0,-1344.25,-1262.3999999999999,-1208.8,-1169.9
819,-1508.5,255.30445861816406,27.197265625,351.91748482840404,-1508.5,-1497.5,179.04281616210938,-1921.34,-1839.9,-1742.6,-1630.75,-1497.5,-1374.0,-1285.3,-1255.1000000000001,-1204.88
910,-1527.43994140625,255.22686767578125,28.265539169311523,351.6566641671317,-1527.43994140625,-1520.5,176.51002502441406,-1921.34,-1839.9,-1748.5,-1655.75,-1520.5,-1404.25,-1316.3999999999999,-1262.7,-1208.92
1001,-1539.5999755859375,255.1465606689453,29.2844181060791,351.39393397739957,-1539.5999755859375,-1526.0,168.38438415527344,-1921.34,-1839.9,-1748.5,-1655.75,-1526.0,-1426.5,-1326.1,-1278.2,-1214.88
1092,-1554.8399658203125,255.07015991210938,30.271682739257812,351.1339590890067,-1554.8399658203125,-1538.5,162.39950561523438,-1921.34,-1839.9,-1757.2,-1667.25,-1538.5,-1441.0,-1362.8999999999999,-1310.95,-1262.88
1183,-1560.199951171875,254.99790954589844,31.20744514465332,350.8831089564732,-1560.199951171875,-1545.0,158.870849609375,-1921.34,-1839.9,-1757.2,-1667.25,-1545.0,-1441.75,-1370.3999999999999,-1316.65,-1262.88
1274,-1566.719970703125,254.920654296875,32.103206634521484,350.62862287248885,-1566.719970703125,-1545.0,159.00799560546875,-1921.34,-1839.9,-1759.7,-1680.0,-1545.0,-1442.75,-1376.3999999999999,-1316.65,-1278.68
1365,-1588.919921875,254.83908081054688,32.980186462402344,350.36861746651783,-1588.9200439453125,-1578.5,153.8893585205078,-1938.1,-1895.3,-1783.4,-1698.0,-1578.5,-1476.5,-1412.6,-1376.4,-1316.2400000000002
1456,-1592.5599365234375,254.75958251953125,33.844505310058594,350.10995047433033,-1592.56005859375,-1578.5,151.20921325683594,-1938.1,-1895.3,-1783.4,-1698.0,-1578.5,-1486.5,-1420.1999999999998,-1384.6,-1316.2400000000002
1547,-1603.719970703125,254.68113708496094,34.71235656738281,349.8459734235491,-1603.719970703125,-1591.0,146.99192810058594,-1938.1,-1895.3,-1783.4,-1702.75,-1591.0,-1497.75,-1441.9,-1384.6,-1346.4
1638,-1619.3599853515625,254.60169982910156,35.528865814208984,349.5846034458705,-1619.3599853515625,-1616.5,141.1676025390625,-1938.1,-1895.3,-1787.6,-1709.75,-1616.5,-1521.25,-1447.8,-1408.6,-1346.8
1729,-1632.0599365234375,254.51722717285156,36.324031829833984,349.3216291155134,-1632.06005859375,-1632.5,144.75253295898438,-1943.62,-1902.0,-1810.0,-1718.0,-1632.5,-1522.75,-1448.7,-1408.6,-1346.96
1820,-1643.5599365234375,254.43368530273438,37.123260498046875,349.0538024902344,-1643.56005859375,-1639.0,149.1295623779297,-1974.1,-1921.85,-1873.9,-1730.25,-1639.0,-1527.75,-1448.7,-1408.9,-1384.4
1911,-1649.679931640625,254.353515625,37.894981384277344,348.79378400530135,-1649.6800537109375,-1642.0,145.79039001464844,-1974.1,-1921.85,-1873.9,-1732.25,-1642.0,-1540.75,-1480.3999999999999,-1412.8,-1400.68
2002,-1652.3599853515625,254.27015686035156,38.629878997802734,348.5339093889509,-1652.3599853515625,-1646.0,145.0074920654297,-1974.1,-1921.85,-1873.9,-1734.5,-1646.0,-1540.75,-1480.3999999999999,-1444.3500000000001,-1406.5600000000002
2093,-1656.4599609375,254.184326171875,39.381900787353516,348.263671875,-1656.4599609375,-1646.0,147.8408660888672,-1974.1,-1921.85,-1883.3,-1739.0,-1646.0,-1541.75,-1480.3999999999999,-1444.3500000000001,-1406.5600000000002
2184,-1659.9599609375,254.10440063476562,40.145145416259766,347.9957275390625,-1659.9599609375,-1652.0,148.38388061523438,-1974.1,-1921.85,-1883.3,-1749.0,-1652.0,-1541.75,-1480.3999999999999,-1445.95,-1406.5600000000002
2275,-1666.919921875,254.01681518554688,40.878360748291016,347.7225559779576,-1666.9200439453125,-1661.5,144.87667846679688,-1974.1,-1921.85,-1883.3,-1752.25,-1661.5,-1557.5,-1497.5,-1445.95,-1406.5600000000002
2366,-1675.89990234375,253.93348693847656,41.60983657836914,347.45019967215404,-1675.9000244140625,-1674.5,140.8386688232422,-1974.1,-1921.85,-1883.3,-1753.0,-1674.5,-1577.25,-1513.7,-1448.85,-1412.88
2457,-1688.239990234375,253.84942626953125,42.33488464355469,347.1731698172433,-1688.239990234375,-1685.5,147.9001007080078,-1979.36,-1938.25,-1895.6,-1759.25,-1685.5,-1579.75,-1519.9,-1469.9,-1445.3400000000001
2548,-1693.239990234375,253.75686645507812,43.03304672241211,346.8945574079241,-1693.239990234375,-1693.0,144.4564971923828,-1979.36,-1938.25,-1895.6,-1768.25,-1693.0,-1588.5,-1522.9,-1497.55,-1446.0
2639,-1700.8800048828125,253.6553497314453,43.7194709777832,346.606436593192,-1700.8800048828125,-1702.0,140.55421447753906,-1979.36,-1938.25,-1895.6,-1775.75,-1702.0,-1590.5,-1528.5,-1513.85,-1448.94
2730,-1705.199951171875,253.55657958984375,44.39083480834961,346.31995936802457,-1705.199951171875,-1703.0,142.76771545410156,-1996.02,-1944.55,-1901.2,-1779.25,-1703.0,-1590.5,-1530.8,-1513.85,-1448.94
2821,-1715.199951171875,253.45770263671875,45.0586051940918,346.02848161969865,-1715.199951171875,-1712.0,146.10455322265625,-1996.02,-1969.25,-1904.8,-1788.5,-1712.0,-1597.5,-1530.8,-1513.85,-1448.94
2912,-1717.8599853515625,253.35147094726562,45.72587585449219,345.7281712123326,-1717.8599853515625,-1714.0,144.0002899169922,-1996.02,-1969.25,-1904.8,-1788.5,-1714.0,-1605.0,-1541.1,-1521.6,-1448.98
3003,-1720.3199462890625,253.25323486328125,46.363346099853516,345.4413626534598,-1720.3199462890625,-1715.5,144.63705444335938,-1996.02,-1969.25,-1904.8,-1801.25,-1715.5,-1605.0,-1541.1,-1522.95,-1448.98
3094,-1723.43994140625,253.14706420898438,47.02418518066406,345.1410566057478,-1723.43994140625,-1718.5,142.58157348632812,-1996.02,-1969.25,-1904.8,-1801.25,-1718.5,-1607.0,-1542.9,-1523.9,-1448.98
3185,-1728.919921875,253.0438995361328,47.65918731689453,344.8442077636719,-1728.9200439453125,-1725.0,142.13800048828125,-1996.02,-1969.25,-1910.2,-1828.75,-1725.0,-1610.0,-1552.0,-1523.9,-1448.98
3276,-1741.93994140625,252.93211364746094,48.26439666748047,344.54585920061385,-1741.93994140625,-1732.5,143.4501190185547,-1996.02,-1969.25,-1938.1,-1863.75,-1732.5,-1638.5,-1558.3999999999999,-1523.9,-1448.98
3367,-1747.719970703125,252.82460021972656,48.88400650024414,344.24246651785717,-1747.719970703125,-1732.5,143.43243408203125,-1997.02,-1974.25,-1939.4,-1867.75,-1732.5,-1658.5,-1558.3999999999999,-1523.9,-1448.98
3458,-1752.8800048828125,252.7114715576172,49.4932746887207,343.93957083565846,-1752.8800048828125,-1736.0,140.71405029296875,-1997.02,-1974.25,-1939.4,-1867.75,-1736.0,-1674.75,-1585.9999999999998,-1529.6,-1448.98
3549,-1756.419921875,252.59991455078125,50.08182907104492,343.63711983816967,-1756.4200439453125,-1743.0,140.28387451171875,-1997.02,-1974.25,-1939.4,-1874.75,-1743.0,-1674.75,-1589.0,-1541.4,-1448.98
3640,-1756.8599853515625,252.482666015625,50.67898941040039,343.32627650669644,-1756.8599853515625,-1743.0,140.3257598876953,-1997.02,-1974.25,-1939.4,-1874.75,-1743.0,-1674.75,-1589.0,-1541.4,-1448.98
3731,-1759.8599853515625,252.3652801513672,51.286563873291016,343.0073721749442,-1759.8599853515625,-1753.0,140.28700256347656,-1997.02,-1974.25,-1943.0,-1874.75,-1753.0,-1674.75,-1589.0,-1541.4,-1494.0600000000002
3822,-1767.89990234375,252.24649047851562,51.85739517211914,342.6965811593192,-1767.9000244140625,-1756.0,140.87841796875,-1998.62,-1979.85,-1944.0,-1880.25,-1756.0,-1681.25,-1589.0,-1541.4,-1494.0600000000002
3913,-1781.3199462890625,252.11514282226562,52.4463005065918,342.3648376464844,-1781.3199462890625,-1762.5,140.60867309570312,-2054.6,-1997.05,-1964.5,-1884.0,-1762.5,-1692.75,-1598.0,-1542.95,-1497.94
4004,-1784.679931640625,251.99432373046875,53.03034591674805,342.04553658621654,-1784.6800537109375,-1762.5,141.939697265625,-2133.28,-1999.55,-1964.5,-1884.0,-1762.5,-1692.75,-1606.1999999999998,-1558.2,-1497.94
4095,-1790.199951171875,251.86021423339844,53.63554382324219,341.7051086425781,-1790.199951171875,-1767.0,137.5023651123047,-2133.28,-1999.55,-1964.5,-1884.0,-1767.0,-1700.0,-1639.7999999999997,-1587.5,-1529.3600000000001
4186,-1798.5599365234375,251.71875,54.2050895690918,341.3607657296317,-1798.56005859375,-1775.0,140.5565643310547,-2147.64,-2030.2,-1969.5,-1895.0,-1775.0,-1704.0,-1646.6,-1589.0,-1542.2200000000003
4277,-1800.760009765625,251.5805206298828,54.74319839477539,341.02991158621654,-1800.760009765625,-1776.5,141.19277954101562,-2147.64,-2030.2,-1969.5,-1896.0,-1776.5,-1704.0,-1646.6,-1589.0,-1542.2200000000003
4368,-1806.7999267578125,251.4370880126953,55.28082275390625,340.6915806361607,-1806.800048828125,-1789.5,136.88015747070312,-2147.64,-2030.2,-1969.5,-1896.0,-1789.5,-1714.0,-1655.3999999999999,-1589.0,-1542.9
4459,-1819.8199462890625,251.29420471191406,55.8115348815918,340.3531232561384,-1819.8199462890625,-1806.5,140.5902862548828,-2147.64,-2073.4,-1997.1,-1903.5,-1806.5,-1731.0,-1656.3,-1589.0,-1542.9
4550,-1833.1199951171875,251.130126953125,56.36220169067383,339.9827619280134,-1833.1199951171875,-1813.0,141.88180541992188,-2179.36,-2083.6,-2000.3,-1910.25,-1813.0,-1746.5,-1678.6,-1641.4,-1542.9
4641,-1839.52001953125,250.9746551513672,56.90933609008789,339.6198468889509,-1839.52001953125,-1818.0,137.03587341308594,-2179.36,-2083.6,-2000.3,-1910.25,-1818.0,-1753.0,-1688.0,-1649.65,-1588.0800000000002
4732,-1844.97998046875,250.82391357421875,57.444480895996094,339.2650364467076,-1844.97998046875,-1836.5,136.2442626953125,-2179.36,-2083.6,-2000.3,-1924.0,-1836.5,-1756.75,-1688.0,-1649.65,-1588.0800000000002
4823,-1868.0799560546875,250.6598358154297,57.95098114013672,338.89884294782365,-1868.0799560546875,-1862.5,150.4614715576172,-2198.28,-2148.1,-2081.7,-1950.25,-1862.5,-1764.75,-1693.5,-1667.7,-1588.0800000000002
4914,-1872.159912109375,250.49502563476562,58.514278411865234,338.5150582449777,-1872.1600341796875,-1864.5,147.1105499267578,-2198.28,-2148.1,-2081.7,-1950.25,-1864.5,-1775.0,-1700.3,-1674.7,-1609.6400000000003
5005,-1879.47998046875,250.3248291015625,59.03183364868164,338.1393345424107,-1879.47998046875,-1868.5,146.26670837402344,-2198.28,-2148.1,-2081.7,-1968.25,-1868.5,-1777.25,-1700.3,-1678.8,-1634.52
5096,-1890.179931640625,250.14686584472656,59.535953521728516,337.7576599121094,-1890.1800537109375,-1872.5,146.05638122558594,-2198.28,-2167.1,-2088.4,-1977.5,-1872.5,-1786.75,-1726.7999999999997,-1682.8,-1667.8400000000001
5187,-1894.0198974609375,249.97792053222656,60.058433532714844,337.3716387067522,-1894.02001953125,-1873.0,143.33255004882812,-2198.28,-2167.1,-2088.4,-1977.5,-1873.0,-1803.0,-1729.9,-1688.7,-1667.8400000000001
5278,-1905.419921875,249.79469299316406,60.57310485839844,336.97501046316967,-1905.4200439453125,-1880.5,146.2864532470703,-2253.16,-2169.5,-2095.7,-1997.25,-1880.5,-1806.5,-1729.9,-1688.95,-1678.8
5369,-1909.2999267578125,249.60435485839844,61.06694030761719,336.57415771484375,-1909.300048828125,-1883.0,146.1442108154297,-2253.16,-2169.5,-2129.4,-1999.25,-1883.0,-1809.25,-1730.8,-1688.95,-1678.8
5460,-1923.5198974609375,249.4150390625,61.55472946166992,336.17662266322543,-1923.52001953125,-1899.0,150.8988800048828,-2253.16,-2197.5,-2155.0,-2026.0,-1899.0,-1811.75,-1751.6,-1688.95,-1678.8
5551,-1929.7799072265625,249.23291015625,62.05826187133789,335.7807050432478,-1929.780029296875,-1909.0,152.96095275878906,-2253.16,-2207.7,-2164.3,-2032.0,-1909.0,-1819.5,-1751.6,-1688.95,-1678.8
5642,-1946.179931640625,249.0406951904297,62.58063888549805,335.3618425641741,-1946.1800537109375,-1916.0,155.36122131347656,-2261.8,-2221.15,-2167.2,-2048.5,-1916.0,-1833.75,-1774.1,-1731.0,-1688.98
5733,-1964.5799560546875,248.84799194335938,63.0533332824707,334.9557189941406,-1964.5799560546875,-1937.0,164.73968505859375,-2304.26,-2225.45,-2174.5,-2055.5,-1937.0,-1840.5,-1790.5,-1752.1000000000001,-1706.6200000000001
5824,-1978.0999755859375,248.62806701660156,63.49201583862305,334.53246634347096,-1978.0999755859375,-1950.0,169.80767822265625,-2464.78,-2253.4,-2180.8,-2069.25,-1950.0,-1846.5,-1792.8,-1753.95,-1730.52
5915,-1986.7799072265625,248.40911865234375,63.961177825927734,334.1016758510045,-1986.780029296875,-1956.0,170.5995635986328,-2464.78,-2298.15,-2208.4,-2071.25,-1956.0,-1865.25,-1802.3999999999999,-1765.4,-1734.92
6006,-1997.5,248.1915283203125,64.41271209716797,333.676034109933,-1997.5,-1980.0,170.8671112060547,-2464.78,-2298.15,-2214.7,-2098.25,-1980.0,-1872.0,-1806.6,-1765.4,-1734.96
6097,-2022.919921875,247.97877502441406,64.87948608398438,333.2448294503348,-2022.9200439453125,-1994.5,175.2568817138672,-2504.2,-2301.4,-2238.6,-2130.0,-1994.5,-1900.5,-1818.8,-1805.75,-1753.98
6188,-2040.8399658203125,247.74765014648438,65.33076477050781,332.7986101422991,-2040.8399658203125,-2015.0,181.02175903320312,-2563.38,-2316.75,-2257.1,-2139.5,-2015.0,-1913.25,-1818.8,-1805.75,-1753.98
6279,-2063.639892578125,247.5167694091797,65.77490234375,332.3541782924107,-2063.639892578125,-2047.0,181.00709533691406,-2563.38,-2376.6,-2264.7,-2165.5,-2047.0,-1929.75,-1831.6,-1807.0,-1753.98
6370,-2084.33984375,247.2890167236328,66.23971557617188,331.9043230329241,-2084.340087890625,-2065.5,198.74452209472656,-2582.18,-2474.5,-2313.3,-2197.0,-2065.5,-1929.75,-1862.6999999999998,-1811.75,-1781.42
6461,-2100.199951171875,247.05569458007812,66.69657135009766,331.44312831333707,-2100.199951171875,-2072.0,196.60372924804688,-2582.18,-2474.5,-2354.0,-2214.25,-2072.0,-1952.25,-1872.6,-1816.9,-1806.5
6552,-2120.47998046875,246.801025390625,67.11607360839844,330.96639142717635,-2120.47998046875,-2124.0,190.09744262695312,-2582.18,-2474.5,-2375.0,-2223.0,-2124.0,-1985.5,-1903.6,-1867.2,-1816.9
6643,-2133.5,246.5606689453125,67.56331634521484,330.50243704659596,-2133.5,-2146.0,191.10763549804688,-2582.18,-2474.5,-2388.5,-2232.5,-2146.0,-1988.25,-1913.7,-1871.0,-1816.9
6734,-2148.83984375,246.2974853515625,67.96503448486328,330.02354649135043,-2148.840087890625,-2158.5,184.69509887695312,-2582.18,-2474.5,-2402.5,-2240.0,-2158.5,-1993.5,-1921.9,-1910.75,-1872.2000000000003
6825,-2159.820068359375,246.0126953125,68.37246704101562,329.517830984933,-2159.820068359375,-2164.5,186.5905303955078,-2591.92,-2506.0,-2409.4,-2244.5,-2164.5,-2002.0,-1929.9,-1916.7,-1898.6600000000003
6916,-2185.579833984375,245.7440948486328,68.78324890136719,329.02916172572543,-2185.580078125,-2169.0,197.8854217529297,-2645.18,-2582.45,-2455.9,-2271.5,-2169.0,-2025.5,-1946.8,-1918.9,-1905.88
7007,-2207.119873046875,245.4564971923828,69.19749450683594,328.5139465332031,-2207.1201171875,-2187.5,208.6783447265625,-2662.82,-2608.5,-2504.0,-2322.5,-2187.5,-2030.0,-1953.3,-1928.5,-1905.88
7098,-2236.639892578125,245.17250061035156,69.5900650024414,328.01158360072543,-2236.639892578125,-2214.0,211.47296142578125,-2722.6,-2637.3,-2563.6,-2374.75,-2214.0,-2086.25,-1974.6,-1944.25,-1918.74
7189,-2254.099853515625,244.88528442382812,69.9840316772461,327.4992937360491,-2254.10009765625,-2235.5,213.11277770996094,-2722.6,-2637.3,-2570.3,-2388.25,-2235.5,-2111.5,-1974.6,-1946.15,-1918.74
7280,-2279.89990234375,244.59226989746094,70.40509796142578,326.96683611188615,-2279.89990234375,-2247.0,237.91397094726562,-2754.1,-2643.9,-2609.3,-2413.75,-2247.0,-2134.0,-1985.3,-1964.45,-1918.74
7371,-2309.619873046875,244.31826782226562,70.82946014404297,326.4596644810268,-2309.6201171875,-2256.5,252.80014038085938,-2863.32,-2722.9,-2635.2,-2455.0,-2256.5,-2151.75,-2006.1999999999998,-1976.9,-1964.0800000000002
7462,-2328.780029296875,244.0264434814453,71.20415496826172,325.9434552873884,-2328.780029296875,-2265.5,263.4795837402344,-3008.36,-2780.4,-2643.0,-2487.0,-2265.5,-2154.5,-2027.7999999999997,-1976.9,-1964.0800000000002
7553,-2348.219970703125,243.7150115966797,71.58114624023438,325.4056614467076,-2348.219970703125,-2311.5,261.6873779296875,-3008.36,-2780.4,-2643.0,-2511.5,-2311.5,-2171.75,-2043.6,-1976.9,-1964.0800000000002
7644,-2361.35986328125,243.41134643554688,71.93438720703125,324.88075038364957,-2361.360107421875,-2336.5,265.1322021484375,-3110.28,-2780.4,-2643.0,-2513.5,-2336.5,-2177.25,-2043.6,-1980.8,-1966.96
7735,-2396.35986328125,243.11279296875,72.30815124511719,324.3494175502232,-2396.360107421875,-2382.0,260.9710388183594,-3110.28,-2780.4,-2699.9,-2554.0,-2382.0,-2210.5,-2101.5,-2009.5,-1974.8
7826,-2413.43994140625,242.81822204589844,72.69602966308594,323.8168422154018,-2413.43994140625,-2385.0,265.1700134277344,-3110.28,-2834.95,-2709.4,-2564.25,-2385.0,-2237.0,-2123.5,-2048.05,-1976.76
7917,-2465.06005859375,242.4993133544922,73.0619125366211,323.26489693777904,-2465.06005859375,-2431.0,272.9747619628906,-3110.28,-3011.2,-2791.7,-2614.0,-2431.0,-2251.0,-2160.0,-2093.3,-2048.6200000000003
8008,-2501.679931640625,242.17027282714844,73.39303588867188,322.71265084402904,-2501.679931640625,-2497.0,283.9095764160156,-3173.88,-3018.05,-2900.7,-2653.5,-2497.0,-2278.5,-2170.1,-2118.55,-2094.38
8099,-2527.199951171875,241.85012817382812,73.76509094238281,322.1559099469866,-2527.199951171875,-2514.0,282.894775390625,-3173.88,-3018.05,-2900.7,-2707.25,-2514.0,-2301.25,-2177.2999999999997,-2118.55,-2094.38
8190,-2572.239990234375,241.5217742919922,74.09371948242188,321.6036812918527,-2572.239990234375,-2539.5,288.67156982421875,-3219.2,-3107.1,-2978.0,-2741.75,-2539.5,-2347.0,-2190.8,-2161.1,-2109.86
8281,-2586.93994140625,241.18601989746094,74.44648742675781,321.03360857282365,-2586.93994140625,-2561.5,288.0887451171875,-3219.2,-3107.1,-3005.6,-2777.75,-2561.5,-2359.0,-2218.6,-2161.9,-2143.62
8372,-2608.5,240.86830139160156,74.80553436279297,320.47671944754467,-2608.5,-2587.5,280.21905517578125,-3219.2,-3111.3,-3011.4,-2777.75,-2587.5,-2405.0,-2270.2999999999997,-2180.05,-2143.62
8463,-2627.4599609375,240.51539611816406,75.14583587646484,319.88919939313615,-2627.4599609375,-2618.0,277.546630859375,-3219.2,-3111.3,-3011.4,-2787.5,-2618.0,-2427.0,-2278.4,-2195.75,-2159.6800000000003
8554,-2632.780029296875,240.1716766357422,75.48573303222656,319.30503627232144,-2632.780029296875,-2624.0,279.0736083984375,-3219.2,-3111.3,-3011.4,-2789.25,-2624.0,-2427.0,-2278.4,-2195.75,-2159.6800000000003
8645,-2646.099853515625,239.82443237304688,75.80435943603516,318.7199183872768,-2646.10009765625,-2624.0,283.0646057128906,-3219.2,-3155.9,-3038.2,-2809.25,-2624.0,-2457.75,-2278.4,-2234.6,-2180.42
8736,-2707.33984375,239.4644317626953,76.11932373046875,318.1254316057478,-2707.340087890625,-2669.0,298.5563659667969,-3373.16,-3221.55,-3107.2,-2909.5,-2669.0,-2492.75,-2360.2,-2278.7,-2237.84
8827,-2728.119873046875,239.1060028076172,76.4378433227539,317.53194318498885,-2728.1201171875,-2696.5,305.27752685546875,-3381.02,-3308.95,-3112.5,-2942.25,-2696.5,-2509.0,-2360.2,-2278.7,-2237.84
8918,-2745.52001953125,238.739013671875,76.74376678466797,316.9316711425781,-2745.52001953125,-2740.5,305.470947265625,-3381.02,-3308.95,-3145.1,-2956.75,-2740.5,-2509.0,-2368.4,-2301.15,-2278.88
9009,-2758.739990234375,238.387939453125,77.0436782836914,316.3465794154576,-2758.739990234375,-2746.0,304.4681396484375,-3381.02,-3309.9,-3160.8,-2979.5,-2746.0,-2514.0,-2386.2,-2352.45,-2304.6
9100,-2808.47998046875,238.02835083007812,77.35475158691406,315.74293736049106,-2808.47998046875,-2784.5,299.8555603027344,-3381.02,-3370.15,-3220.9,-3060.25,-2784.5,-2564.75,-2428.3999999999996,-2362.9,-2341.52
9191,-2847.81982421875,237.6670379638672,77.65422821044922,315.1407383510045,-2847.820068359375,-2796.0,296.8663024902344,-3382.7,-3373.3,-3271.1,-3082.0,-2796.0,-2609.75,-2504.2999999999997,-2390.8,-2352.3
9282,-2876.83984375,237.31741333007812,77.95899200439453,314.54683576311385,-2876.840087890625,-2838.0,296.65155029296875,-3417.72,-3379.1,-3310.2,-3104.0,-2838.0,-2643.75,-2514.0,-2414.5,-2378.48
9373,-2911.559814453125,236.96766662597656,78.23181915283203,313.9651576450893,-2911.56005859375,-2921.5,295.3550109863281,-3417.72,-3379.1,-3327.8,-3134.25,-2921.5,-2680.5,-2529.1,-2470.9,-2386.32
9464,-2930.199951171875,236.5967254638672,78.53922271728516,313.3461696079799,-2930.199951171875,-2931.0,294.0947265625,-3454.08,-3382.25,-3336.8,-3141.75,-2931.0,-2686.75,-2567.6,-2514.15,-2404.64
9555,-2964.31982421875,236.22850036621094,78.81869506835938,312.7372610909598,-2964.320068359375,-2964.0,289.43218994140625,-3507.48,-3420.7,-3370.9,-3194.25,-2964.0,-2739.0,-2589.1,-2529.55,-2471.28
9646,-2985.599853515625,235.86868286132812,79.11060333251953,312.1329912458147,-2985.60009765625,-2978.5,287.9967956542969,-3507.48,-3440.65,-3379.3,-3198.75,-2978.5,-2747.0,-2621.6,-2538.55,-2512.4400000000005
9737,-2998.159912109375,235.48751831054688,79.38123321533203,311.50828334263394,-2998.159912109375,-3004.0,286.00823974609375,-3507.48,-3440.65,-3379.3,-3214.25,-3004.0,-2753.0,-2636.8,-2579.7000000000003,-2512.4400000000005
9828,-3013.47998046875,235.1165008544922,79.67674255371094,310.8889596121652,-3013.47998046875,-3019.0,279.9194030761719,-3507.48,-3440.65,-3379.3,-3218.75,-3019.0,-2765.25,-2668.7,-2605.7000000000003,-2551.640000000001
9919,-3039.5400390625,234.77146911621094,79.94810485839844,310.3013349260603,-3039.5400390625,-3038.0,278.47979736328125,-3555.5,-3474.4,-3390.0,-3252.25,-3038.0,-2788.5,-2677.5,-2621.8,-2554.04
10010,-3062.619873046875,234.39173889160156,80.2074203491211,309.6793125697545,-3062.6201171875,-3057.0,287.4767150878906,-3660.92,-3537.9,-3448.5,-3258.5,-3057.0,-2828.75,-2697.0,-2636.4,-2554.04
10101,-3092.39990234375,234.013671875,80.48468780517578,309.045401436942,-3092.39990234375,-3059.5,293.49749755859375,-3729.52,-3580.75,-3501.6,-3304.25,-3059.5,-2866.5,-2711.5,-2668.35,-2619.6800000000003
10192,-3120.419921875,233.621337890625,80.74713897705078,308.40389578683033,-3120.419921875,-3082.5,307.58001708984375,-3755.38,-3659.5,-3507.9,-3315.5,-3082.5,-2873.75,-2746.0,-2697.5,-2664.2000000000003
10283,-3141.719970703125,233.23846435546875,81.03831481933594,307.7567923409598,-3141.719970703125,-3107.0,295.49493408203125,-3755.38,-3659.5,-3507.9,-3338.5,-3107.0,-2932.0,-2781.6,-2752.15,-2664.2000000000003
10374,-3159.199951171875,232.84716796875,81.27775573730469,307.12974766322543,-3159.199951171875,-3121.0,290.294921875,-3755.38,-3659.5,-3518.1,-3359.25,-3121.0,-2953.0,-2797.7999999999997,-2760.85,-2697.8
10465,-3191.760009765625,232.4600372314453,81.52875518798828,306.49390084402904,-3191.760009765625,-3156.0,282.8856201171875,-3755.38,-3660.2,-3548.5,-3389.75,-3156.0,-3012.0,-2835.3999999999996,-2799.0,-2697.8
10556,-3221.059814453125,232.08326721191406,81.75935363769531,305.882088797433,-3221.06005859375,-3182.5,271.6670227050781,-3755.38,-3668.8,-3554.8,-3431.75,-3182.5,-3048.0,-2876.2999999999997,-2820.9,-2814.7200000000003
10647,-3247.119873046875,231.68634033203125,82.01761627197266,305.21956961495533,-3247.1201171875,-3214.5,265.5002746582031,-3755.38,-3676.4,-3554.8,-3440.25,-3214.5,-3064.5,-2928.7,-2836.2,-2814.7200000000003
10738,-3295.97998046875,231.2823944091797,82.25714111328125,304.55772617885043,-3295.97998046875,-3296.5,269.41326904296875,-3795.94,-3730.3,-3598.6,-3465.0,-3296.5,-3106.5,-3005.9999999999995,-2927.9500000000003,-2814.7200000000003
10829,-3318.059814453125,230.87303161621094,82.51676940917969,303.88502284458707,-3318.06005859375,-3313.0,273.8863525390625,-3840.04,-3755.95,-3660.6,-3477.75,-3313.0,-3121.5,-3005.9999999999995,-2927.9500000000003,-2814.7200000000003
10920,-3336.89990234375,230.49305725097656,82.75532531738281,303.25819614955356,-3336.89990234375,-3341.5,273.77276611328125,-3840.04,-3755.95,-3678.3,-3514.5,-3341.5,-3131.5,-3029.7,-2927.9500000000003,-2848.04
11011,-3371.33984375,230.09414672851562,82.98663330078125,302.6083461216518,-3371.340087890625,-3355.5,265.2440185546875,-3949.8,-3798.8,-3712.8,-3539.0,-3355.5,-3181.75,-3072.4,-2966.75,-2928.86
11102,-3388.8798828125,229.69598388671875,83.20895385742188,301.96215384347096,-3388.8798828125,-3366.0,287.69927978515625,-4185.28,-3923.15,-3736.7,-3540.75,-3366.0,-3206.0,-3072.4,-2966.75,-2928.86
11193,-3416.139892578125,229.28839111328125,83.42965698242188,301.3032008579799,-3416.139892578125,-3374.0,296.5811767578125,-4199.1,-3953.6,-3837.8,-3559.5,-3374.0,-3206.0,-3082.0,-3028.75,-2958.42
11284,-3448.139892578125,228.90769958496094,83.68046569824219,300.6550816127232,-3448.139892578125,-3395.0,294.7369079589844,-4199.1,-3953.6,-3882.5,-3597.5,-3395.0,-3232.0,-3121.7,-3066.2,-2958.42
11375,-3470.599853515625,228.51620483398438,83.85893249511719,300.0300031389509,-3470.60009765625,-3427.0,288.7505798339844,-4199.1,-3953.6,-3882.5,-3609.75,-3427.0,-3258.0,-3124.4,-3066.2,-2974.6800000000003
11466,-3503.780029296875,228.1558074951172,84.08686065673828,299.41739763532365,-3503.780029296875,-3471.0,274.6844787597656,-4199.1,-4018.2,-3897.2,-3633.5,-3471.0,-3314.25,-3183.1,-3132.95,-3065.1600000000003
11557,-3524.599853515625,227.76023864746094,84.30681610107422,298.76900373186385,-3524.60009765625,-3504.5,271.0349426269531,-4199.1,-4018.2,-3897.2,-3708.25,-3504.5,-3333.0,-3184.9,-3136.8,-3112.0800000000004
11648,-3549.0400390625,227.3564453125,84.52428436279297,298.1087079729353,-3549.0400390625,-3528.5,274.2876892089844,-4199.1,-4119.2,-3922.3,-3722.25,-3528.5,-3347.25,-3208.3999999999996,-3142.7,-3131.62
11739,-3566.5400390625,226.95932006835938,84.7433853149414,297.45272391183033,-3566.5400390625,-3540.0,297.54840087890625,-4210.36,-4162.9,-3927.7,-3730.0,-3540.0,-3347.25,-3223.6,-3146.5,-3131.62
11830,-3598.89990234375,226.56674194335938,84.95902252197266,296.7999703543527,-3598.89990234375,-3545.0,306.14556884765625,-4229.96,-4199.25,-4052.9,-3756.25,-3545.0,-3360.75,-3225.9,-3184.5,-3146.7200000000003
11921,-3628.5,226.1729278564453,85.1662826538086,296.1529453822545,-3628.5,-3581.0,295.74468994140625,-4229.96,-4199.25,-4052.9,-3824.75,-3581.0,-3449.75,-3237.2999999999997,-3214.5,-3184.52
12012,-3664.81982421875,225.78421020507812,85.39653015136719,295.49706595284596,-3664.820068359375,-3623.0,298.9183044433594,-4229.96,-4199.25,-4115.2,-3863.0,-3623.0,-3458.75,-3279.7999999999997,-3224.8,-3204.6800000000003
12103,-3691.89990234375,225.38099670410156,85.57472229003906,294.8422328404018,-3691.89990234375,-3661.0,293.15185546875,-4280.92,-4204.05,-4132.9,-3870.0,-3661.0,-3472.75,-3344.0,-3250.9,-3220.6800000000003
12194,-3719.39990234375,224.97132873535156,85.77716827392578,294.17356654575894,-3719.39990234375,-3708.5,291.2988586425781,-4307.38,-4206.0,-4132.9,-3900.75,-3708.5,-3525.0,-3352.5,-3251.95,-3237.66
12285,-3737.31982421875,224.5679931640625,85.94679260253906,293.523184640067,-3737.320068359375,-3723.5,292.02423095703125,-4307.38,-4206.0,-4150.5,-3913.75,-3723.5,-3540.5,-3369.2999999999997,-3251.95,-3237.66
12376,-3766.579833984375,224.16712951660156,86.13883972167969,292.8669128417969,-3766.580078125,-3750.0,283.6688232421875,-4307.38,-4206.0,-4161.6,-3933.0,-3750.0,-3564.5,-3402.6,-3311.5,-3250.4
12467,-3802.39990234375,223.761962890625,86.34286499023438,292.19652884347096,-3802.39990234375,-3779.5,282.28924560546875,-4400.48,-4227.6,-4184.5,-3963.75,-3779.5,-3601.5,-3464.7,-3366.8500000000004,-3250.4
12558,-3823.4599609375,223.3550262451172,86.51183319091797,291.5381818498884,-3823.4599609375,-3810.0,277.6979064941406,-4400.48,-4278.35,-4198.0,-4012.5,-3810.0,-3618.5,-3495.9,-3395.45,-3250.4
12649,-3844.419921875,222.93643188476562,86.69417572021484,290.8629891531808,-3844.419921875,-3827.5,270.7533264160156,-4401.3,-4305.15,-4198.0,-4030.0,-3827.5,-3633.25,-3511.2999999999997,-3458.7000000000003,-3292.92
12740,-3861.559814453125,222.5745086669922,86.89523315429688,290.2424752371652,-3861.56005859375,-3855.0,279.73956298828125,-4425.8,-4328.7,-4227.6,-4062.25,-3855.0,-3640.0,-3544.6,-3470.1000000000004,-3292.92
12831,-3884.0,222.2007598876953,87.07706451416016,289.61546543666293,-3884.0,-3859.0,278.3603820800781,-4514.26,-4362.9,-4279.1,-4068.0,-3859.0,-3681.5,-3570.6,-3493.9500000000003,-3394.4600000000005
12922,-3897.559814453125,221.80145263671875,87.26510620117188,288.9532732282366,-3897.56005859375,-3862.0,279.9668273925781,-4514.26,-4392.35,-4316.4,-4078.75,-3862.0,-3716.75,-3589.2999999999997,-3494.7,-3394.4600000000005
13013,-3925.7998046875,221.404296875,87.45893096923828,288.2937709263393,-3925.800048828125,-3886.0,297.6821594238281,-4653.56,-4428.5,-4326.8,-4123.25,-3886.0,-3723.75,-3589.2999999999997,-3494.7,-3420.5
13104,-3949.2998046875,220.99896240234375,87.65535736083984,287.619149344308,-3949.300048828125,-3912.0,297.23809814453125,-4653.56,-4449.4,-4378.4,-4125.75,-3912.0,-3751.75,-3590.9,-3495.95,-3421.0
13195,-3971.419921875,220.61102294921875,87.82482147216797,286.97473580496654,-3971.419921875,-3926.5,304.5414123535156,-4653.56,-4517.85,-4391.1,-4188.0,-3926.5,-3770.5,-3591.0,-3495.95,-3421.0
13286,-3996.260009765625,220.21824645996094,88.00792694091797,286.31518118722096,-3996.260009765625,-3965.0,307.32666015625,-4653.56,-4520.7,-4415.9,-4227.25,-3965.0,-3781.75,-3604.5,-3495.95,-3421.0
13377,-4022.179931640625,219.8318328857422,88.21051025390625,285.6551077706473,-4022.179931640625,-4008.0,307.6159362792969,-4653.56,-4591.8,-4447.2,-4235.75,-4008.0,-3810.5,-3631.2,-3495.95,-3471.96
13468,-4055.2998046875,219.43690490722656,88.37808227539062,284.9983869280134,-4055.300048828125,-4051.0,310.6820983886719,-4681.18,-4608.4,-4469.0,-4275.25,-4051.0,-3822.25,-3649.2,-3515.9500000000003,-3489.0
13559,-4070.559814453125,219.045166015625,88.52286529541016,284.36143711635043,-4070.56005859375,-4065.5,300.8891906738281,-4681.18,-4609.3,-4469.0,-4275.25,-4065.5,-3848.5,-3709.3999999999996,-3587.9500000000003,-3495.86
13650,-4087.659912109375,218.673828125,88.69271850585938,283.7283412388393,-4087.659912109375,-4075.0,300.03546142578125,-4681.18,-4651.1,-4514.3,-4298.75,-4075.0,-3858.5,-3710.1,-3632.1,-3495.86
13741,-4111.7197265625,218.29872131347656,88.86261749267578,283.09338814871654,-4111.72021484375,-4101.5,294.464599609375,-4681.18,-4651.1,-4514.3,-4324.0,-4101.5,-3885.0,-3762.7,-3694.0,-3495.86
13832,-4121.23974609375,217.8795166015625,89.02412414550781,282.40430123465404,-4121.240234375,-4101.5,289.2361145019531,-4681.18,-4651.1,-4514.3,-4324.0,-4101.5,-3913.0,-3774.0,-3694.0,-3495.86
13923,-4148.93994140625,217.49154663085938,89.17440795898438,281.7689514160156,-4148.93994140625,-4135.0,294.15093994140625,-4682.82,-4651.1,-4561.2,-4352.75,-4135.0,-3962.0,-3774.0,-3694.5,-3495.86
14014,-4164.65966796875,217.1046142578125,89.3332290649414,281.12288556780135,-4164.66015625,-4144.5,286.400390625,-4710.26,-4653.2,-4582.2,-4352.75,-4144.5,-3972.0,-3828.2,-3710.2,-3612.6200000000003
14105,-4190.3798828125,216.71864318847656,89.4885025024414,280.48671177455356,-4190.3798828125,-4169.0,285.648193359375,-4710.26,-4654.15,-4594.4,-4392.0,-4169.0,-3990.5,-3847.2,-3710.2,-3639.5
14196,-4211.0400390625,216.32757568359375,89.63651275634766,279.83912440708707,-4211.0400390625,-4226.5,273.6546325683594,-4710.26,-4654.15,-4594.4,-4392.0,-4226.5,-4000.75,-3847.2,-3802.95,-3693.94
14287,-4226.6796875,215.9506378173828,89.79550170898438,279.1990487234933,-4226.68017578125,-4241.0,273.2795715332031,-4735.74,-4658.7,-4610.0,-4418.5,-4241.0,-4034.25,-3856.2,-3802.95,-3693.94
14378,-4257.1796875,215.56878662109375,89.96029663085938,278.553719656808,-4257.18017578125,-4247.0,284.4354248046875,-4883.96,-4736.85,-4653.4,-4440.0,-4247.0,-4063.0,-3918.3999999999996,-3806.8,-3693.94
14469,-4286.759765625,215.2091522216797,90.1404037475586,277.9253496442522,-4286.759765625,-4264.5,277.2027587890625,-4883.96,-4789.9,-4653.4,-4450.5,-4264.5,-4096.0,-3939.2,-3879.4,-3806.9
14560,-4299.0,214.82762145996094,90.30670928955078,277.2780979701451,-4299.0,-4279.5,280.30523681640625,-4929.04,-4789.9,-4697.7,-4474.0,-4279.5,-4103.5,-3948.2,-3879.4,-3806.9
14651,-4328.19970703125,214.47303771972656,90.48436737060547,276.6587655203683,-4328.2001953125,-4305.5,285.21478271484375,-4929.04,-4797.5,-4724.2,-4531.0,-4305.5,-4106.75,-3992.5,-3914.1,-3806.9
14742,-4345.919921875,214.08189392089844,90.6211166381836,276.0106985909598,-4345.919921875,-4320.0,279.03558349609375,-4929.96,-4797.5,-4729.6,-4561.25,-4320.0,-4122.0,-4012.8999999999996,-3919.8,-3893.1400000000003
14833,-4362.419921875,213.72108459472656,90.78650665283203,275.3801836286272,-4362.419921875,-4339.0,281.3226013183594,-4977.22,-4807.3,-4738.5,-4561.25,-4339.0,-4140.25,-4044.8,-3959.55,-3893.1400000000003
14924,-4383.9599609375,213.37442016601562,90.95026397705078,274.7673557826451,-4383.9599609375,-4351.0,281.10784912109375,-4981.5,-4807.3,-4772.1,-4574.75,-4351.0,-4177.25,-4063.0,-3981.85,-3944.52
15015,-4407.60009765625,212.99977111816406,91.08706665039062,274.13773454938615,-4407.60009765625,-4370.5,273.0893249511719,-4981.5,-4875.05,-4789.8,-4592.25,-4370.5,-4212.5,-4092.0,-4032.65,-3993.32
15106,-4427.15966796875,212.60621643066406,91.19373321533203,273.5050789969308,-4427.16015625,-4374.0,273.9347839355469,-4989.34,-4886.9,-4798.0,-4594.75,-4374.0,-4247.75,-4097.4,-4033.0,-4005.0800000000004
15197,-4455.2998046875,212.2200164794922,91.33645629882812,272.851309640067,-4455.2998046875,-4417.5,290.748291015625,-5083.42,-4993.45,-4814.1,-4629.25,-4417.5,-4255.25,-4097.4,-4033.0,-4005.0800000000004
15288,-4467.39990234375,211.8351287841797,91.4858627319336,272.19815499441967,-4467.39990234375,-4421.5,284.90655517578125,-5083.42,-4993.45,-4824.7,-4634.5,-4421.5,-4265.5,-4106.2,-4044.4,-4005.0800000000004
15379,-4490.6201171875,211.46035766601562,91.61227416992188,271.57257080078125,-4490.6201171875,-4472.0,285.0240478515625,-5083.42,-4993.45,-4836.4,-4683.5,-4472.0,-4281.25,-4155.4,-4044.4,-4005.0800000000004
15470,-4509.97998046875,211.0944061279297,91.76144409179688,270.94498552594865,-4509.97998046875,-4511.0,287.7748718261719,-5201.02,-5002.85,-4836.4,-4703.0,-4511.0,-4297.25,-4155.4,-4044.4,-4005.0800000000004
15561,-4528.39990234375,210.71035766601562,91.88890838623047,270.3034188406808,-4528.39990234375,-4530.5,281.2785949707031,-5201.02,-5002.85,-4884.1,-4707.75,-4530.5,-4317.75,-4196.599999999999,-4047.85,-4024.6800000000003
15652,-4554.02001953125,210.32928466796875,92.01396942138672,269.6666826520647,-4554.02001953125,-4578.5,281.3057861328125,-5201.02,-5020.2,-4886.8,-4722.75,-4578.5,-4327.25,-4213.4,-4047.85,-4024.6800000000003
15743,-4576.33984375,209.9663848876953,92.16966247558594,269.03199986049106,-4576.33984375,-4580.0,284.9380798339844,-5218.74,-5043.9,-4964.1,-4750.25,-4580.0,-4340.75,-4216.8,-4138.1,-4047.7000000000003
15834,-4589.10009765625,209.5714569091797,92.29437255859375,268.3734566824777,-4589.10009765625,-4606.5,285.8047790527344,-5218.74,-5061.25,-4964.1,-4767.0,-4606.5,-4355.5,-4216.8,-4138.1,-4047.7000000000003
15925,-4600.8798828125,209.18899536132812,92.4449691772461,267.7215881347656,-4600.8798828125,-4616.0,292.3872985839844,-5220.66,-5066.55,-4964.1,-4771.25,-4616.0,-4368.0,-4227.8,-4138.1,-4047.7000000000003
16016,-4629.7998046875,208.81556701660156,92.56832885742188,267.0843026297433,-4629.7998046875,-4652.0,295.5486755371094,-5351.52,-5079.1,-5002.8,-4801.75,-4652.0,-4387.75,-4254.3,-4179.0,-4074.1600000000003
16107,-4649.31982421875,208.43505859375,92.71031951904297,266.4322989327567,-4649.31982421875,-4656.0,299.0727844238281,-5351.52,-5080.05,-5045.8,-4859.25,-4656.0,-4419.5,-4264.0,-4180.9,-4078.0800000000004
16198,-4663.8798828125,208.07044982910156,92.84281158447266,265.80553763253346,-4663.8798828125,-4660.0,304.7298583984375,-5351.52,-5133.3,-5061.5,-4870.25,-4660.0,-4452.75,-4284.8,-4180.9,-4078.0800000000004
16289,-4676.39990234375,207.6571807861328,92.95709991455078,265.13841465541293,-4676.39990234375,-4677.0,298.95855712890625,-5351.52,-5133.3,-5061.5,-4870.25,-4677.0,-4470.0,-4284.8,-4212.35,-4078.0800000000004
16380,-4704.2197265625,207.26747131347656,93.06201171875,264.497802734375,-4704.22021484375,-4688.0,305.89276123046875,-5378.36,-5249.55,-5067.1,-4891.25,-4688.0,-4530.75,-4285.4,-4212.35,-4096.64
16471,-4724.43994140625,206.88792419433594,93.17314147949219,263.86654227120533,-4724.43994140625,-4693.0,301.2127380371094,-5378.36,-5261.9,-5106.4,-4894.75,-4693.0,-4552.25,-4352.4,-4264.5,-4173.4400000000005
16562,-4742.5400390625,206.50852966308594,93.30170440673828,263.2228698730469,-4742.5400390625,-4723.0,303.56781005859375,-5378.36,-5264.85,-5119.7,-4959.75,-4723.0,-4552.25,-4355.4,-4264.7,-4213.26
16653,-4765.6201171875,206.13262939453125,93.40972900390625,262.59749494280135,-4765.6201171875,-4796.5,304.6085205078125,-5378.36,-5264.85,-5131.1,-4988.5,-4796.5,-4552.25,-4360.6,-4286.0,-4254.18
16744,-4781.65966796875,205.7582550048828,93.52923583984375,261.9607631138393,-4781.66015625,-4801.5,305.4879150390625,-5445.06,-5339.75,-5151.2,-4988.5,-4801.5,-4563.5,-4372.6,-4286.95,-4254.18
16835,-4804.43994140625,205.3619384765625,93.59282684326172,261.32733154296875,-4804.43994140625,-4804.5,302.9872131347656,-5480.74,-5339.75,-5177.9,-4994.5,-4804.5,-4597.5,-4405.3,-4321.35,-4264.8
16926,-4819.919921875,204.9936065673828,93.7098159790039,260.6888122558594,-4819.919921875,-4814.0,299.1116638183594,-5480.74,-5339.75,-5187.1,-5004.75,-4814.0,-4638.25,-4405.4,-4321.35,-4264.8
17017,-4837.580078125,204.6055145263672,93.8043441772461,260.0504368373326,-4837.580078125,-4819.0,291.5839538574219,-5480.74,-5339.75,-5199.8,-5019.75,-4819.0,-4638.25,-4480.599999999999,-4362.85,-4293.22
17108,-4851.419921875,204.22328186035156,93.89984893798828,259.418212890625,-4851.419921875,-4824.0,288.96380615234375,-5480.74,-5339.75,-5227.3,-5029.5,-4824.0,-4694.5,-4481.599999999999,-4362.85,-4293.22
17199,-4860.97998046875,203.83128356933594,94.00279998779297,258.7626429966518,-4860.97998046875,-4842.0,285.2580261230469,-5480.74,-5339.75,-5227.3,-5049.0,-4842.0,-4694.5,-4487.0,-4388.75,-4308.7
17290,-4876.47998046875,203.44898986816406,94.09921264648438,258.13099888392856,-4876.47998046875,-4844.5,281.8634948730469,-5480.74,-5339.75,-5261.4,-5049.0,-4844.5,-4710.5,-4537.4,-4428.0,-4321.74
17381,-4893.15966796875,203.05702209472656,94.19902038574219,257.4833504813058,-4893.16015625,-4853.0,280.570068359375,-5480.74,-5339.75,-5280.4,-5068.0,-4853.0,-4710.5,-4537.4,-4428.0,-4364.86
17472,-4910.6396484375,202.68856811523438,94.31890869140625,256.8513488769531,-4910.64013671875,-4861.0,281.9747009277344,-5480.74,-5348.3,-5312.1,-5077.75,-4861.0,-4755.5,-4562.599999999999,-4432.85,-4364.86
17563,-4917.0400390625,202.29904174804688,94.40902709960938,256.20711626325334,-4917.0400390625,-4866.5,280.37628173828125,-5480.74,-5348.3,-5312.1,-5094.25,-4866.5,-4759.25,-4581.8,-4440.45,-4364.86
17654,-4928.89990234375,201.93106079101562,94.513916015625,255.57858058384485,-4928.89990234375,-4890.0,274.29766845703125,-5480.74,-5348.3,-5312.1,-5094.25,-4890.0,-4775.5,-4581.8,-4487.0,-4375.78
17745,-4949.6796875,201.5415496826172,94.59638214111328,254.9401354108538,-4949.68017578125,-4938.5,271.4220886230469,-5494.46,-5414.65,-5315.1,-5127.5,-4938.5,-4782.0,-4584.8,-4531.650000000001,-4446.34
17836,-4973.1201171875,201.17373657226562,94.69808959960938,254.31842476981026,-4973.1201171875,-4965.0,274.2862854003906,-5527.78,-5489.2,-5364.9,-5130.75,-4965.0,-4787.25,-4586.6,-4543.5,-4447.78
17927,-4994.259765625,200.7915802001953,94.80687713623047,253.67083522251673,-4994.259765625,-4986.5,279.001220703125,-5567.94,-5493.4,-5368.5,-5155.0,-4986.5,-4798.75,-4662.999999999999,-4562.05,-4447.78
18018,-5012.23974609375,200.43235778808594,94.90275573730469,253.0595485142299,-5012.240234375,-5001.5,275.6723327636719,-5572.84,-5502.3,-5372.1,-5187.25,-5001.5,-4814.0,-4697.8,-4562.05,-4447.9
18109,-5031.080078125,200.05213928222656,95.00031280517578,252.42662048339844,-5031.080078125,-5023.0,278.3529968261719,-5663.68,-5502.3,-5400.9,-5207.25,-5023.0,-4840.75,-4700.8,-4562.05,-4447.9
18200,-5038.02001953125,199.67901611328125,95.08181762695312,251.80479649135046,-5038.02001953125,-5023.0,284.2508239746094,-5693.08,-5571.35,-5409.5,-5208.75,-5023.0,-4840.75,-4700.8,-4562.55,-4447.9
18291,-5048.93994140625,199.2940673828125,95.1709213256836,251.16257803780692,-5048.93994140625,-5038.0,286.2870178222656,-5693.08,-5571.35,-5493.7,-5229.5,-5038.0,-4858.75,-4700.8,-4585.35,-4447.9
18382,-5065.580078125,198.9028778076172,95.24640655517578,250.51953778948103,-5065.580078125,-5040.0,294.2080383300781,-5693.84,-5571.35,-5500.1,-5243.0,-5040.0,-4886.5,-4719.599999999999,-4585.35,-4478.38
18473,-5084.19970703125,198.54734802246094,95.34429931640625,249.90665980747767,-5084.2001953125,-5048.0,295.8344421386719,-5693.92,-5571.35,-5502.3,-5255.0,-5048.0,-4899.25,-4720.4,-4591.75,-4542.7
18564,-5096.89990234375,198.17962646484375,95.43856811523438,249.28546578543526,-5096.89990234375,-5058.0,295.6773986816406,-5693.92,-5571.35,-5502.3,-5286.5,-5058.0,-4912.0,-4729.1,-4608.15,-4542.7
18655,-5118.419921875,197.78604125976562,95.52215576171875,248.63126482282365,-5118.419921875,-5099.5,294.02239990234375,-5693.92,-5571.35,-5515.3,-5319.25,-5099.5,-4919.5,-4729.1,-4678.55,-4591.04
18746,-5131.69970703125,197.3957977294922,95.60980987548828,247.97971888950892,-5131.7001953125,-5125.0,289.0032043457031,-5695.04,-5580.4,-5527.4,-5333.25,-5125.0,-4942.75,-4736.3,-4680.9,-4658.9800000000005
18837,-5158.919921875,197.02049255371094,95.69086456298828,247.345219203404,-5158.919921875,-5143.0,296.3645324707031,-5709.64,-5663.5,-5546.9,-5367.0,-5143.0,-4961.25,-4750.8,-4680.9,-4658.9800000000005
18928,-5169.27978515625,196.62635803222656,95.77055358886719,246.69280351911272,-5169.27978515625,-5152.0,296.3022766113281,-5709.64,-5663.5,-5546.9,-5371.0,-5152.0,-4966.5,-4750.8,-4680.9,-4658.9800000000005
19019,-5181.6796875,196.24105834960938,95.83866119384766,246.05348423549108,-5181.68017578125,-5171.0,293.6719970703125,-5709.64,-5663.5,-5546.9,-5383.75,-5171.0,-4994.25,-4754.6,-4711.4,-4668.780000000001
19110,-5195.080078125,195.8471221923828,95.89317321777344,245.41549464634485,-5195.080078125,-5184.5,290.6032409667969,-5709.64,-5673.1,-5560.0,-5383.75,-5184.5,-5012.0,-4776.2,-4717.75,-4678.82
19201,-5215.8798828125,195.46112060546875,95.9598617553711,244.78208705357142,-5215.8798828125,-5212.5,287.6589050292969,-5727.28,-5682.55,-5585.0,-5392.0,-5212.5,-5044.0,-4813.2,-4729.4,-4678.82
19292,-5228.080078125,195.0841522216797,96.0363540649414,244.14585440499442,-5228.080078125,-5241.0,286.7585144042969,-5756.68,-5693.85,-5585.0,-5395.25,-5241.0,-5048.5,-4814.3,-4736.95,-4680.96
19383,-5242.759765625,194.69969177246094,96.11150360107422,243.50292314801897,-5242.759765625,-5252.5,290.14776611328125,-5784.12,-5715.4,-5602.1,-5409.5,-5252.5,-5054.25,-4835.0,-4749.35,-4729.02
19474,-5254.39990234375,194.3345184326172,96.18492126464844,242.8910914829799,-5254.39990234375,-5261.5,287.09027099609375,-5784.12,-5715.4,-5602.1,-5454.25,-5261.5,-5054.25,-4856.8,-4752.85,-4735.88
19565,-5269.93994140625,193.96717834472656,96.2553939819336,242.2748761858259,-5269.93994140625,-5283.0,284.0389099121094,-5784.66,-5716.0,-5628.2,-5460.5,-5283.0,-5074.5,-4892.8,-4788.25,-4737.84
19656,-5285.69970703125,193.6041717529297,96.33495330810547,241.65240696498327,-5285.7001953125,-5288.0,281.8037109375,-5784.66,-5735.1,-5628.9,-5498.75,-5288.0,-5106.0,-4900.4,-4790.95,-4749.76
19747,-5302.259765625,193.22598266601562,96.4083251953125,241.0072065080915,-5302.259765625,-5292.0,282.41796875,-5784.66,-5754.35,-5647.0,-5506.75,-5292.0,-5114.75,-4913.599999999999,-4823.3,-4749.76
19838,-5319.56005859375,192.88294982910156,96.48998260498047,240.41641889299666,-5319.56005859375,-5312.0,276.5550537109375,-5843.46,-5754.35,-5710.5,-5524.75,-5312.0,-5118.5,-4974.0,-4861.7,-4789.2
19929,-5328.9599609375,192.51971435546875,96.57382202148438,239.79810660226005,-5328.9599609375,-5335.0,272.1927490234375,-5843.46,-5754.35,-5710.5,-5526.75,-5335.0,-5127.25,-4974.0,-4862.65,-4790.98
20020,-5345.85986328125,192.18153381347656,96.6640625,239.19856698172433,-5345.85986328125,-5346.0,266.3083190917969,-5896.38,-5801.1,-5717.2,-5526.75,-5346.0,-5140.0,-4996.0,-4911.45,-4862.86
20111,-5355.85986328125,191.80209350585938,96.72777557373047,238.56597028459822,-5355.85986328125,-5356.0,268.3140563964844,-5896.38,-5801.1,-5743.1,-5526.75,-5356.0,-5149.75,-4996.0,-4911.45,-4862.86
20202,-5371.419921875,191.4358673095703,96.7992172241211,237.9397190638951,-5371.419921875,-5368.5,267.72576904296875,-5898.32,-5801.1,-5743.1,-5539.25,-5368.5,-5197.25,-5007.8,-4940.5,-4894.22
20293,-5384.65966796875,191.0652313232422,96.87802124023438,237.30536760602678,-5384.66015625,-5385.0,267.3314514160156,-5914.0,-5841.95,-5750.3,-5552.75,-5385.0,-5206.5,-5053.0,-4940.5,-4894.22
20384,-5405.419921875,190.71688842773438,96.92955780029297,236.72023446219308,-5405.419921875,-5420.5,271.57513427734375,-5943.4,-5861.75,-5754.2,-5562.5,-5420.5,-5210.5,-5053.0,-4940.5,-4894.22
20475,-5421.4599609375,190.35110473632812,97.0020980834961,236.1097150530134,-5421.4599609375,-5425.5,275.4277648925781,-5980.74,-5896.2,-5766.5,-5582.25,-5425.5,-5224.5,-5091.0,-4943.9,-4894.22
20566,-5437.7197265625,189.974609375,97.042724609375,235.49617222377233,-5437.72021484375,-5442.0,282.2572326660156,-6008.18,-5896.2,-5783.5,-5619.0,-5442.0,-5224.5,-5091.0,-4959.1,-4894.98
20657,-5451.23974609375,189.57659912109375,97.09114837646484,234.8461172921317,-5451.240234375,-5449.0,284.61505126953125,-6021.9,-5919.4,-5816.6,-5647.0,-5449.0,-5238.0,-5091.0,-4959.1,-4894.98
20748,-5457.97998046875,189.2351531982422,97.1836166381836,234.24036516462053,-5457.97998046875,-5460.0,285.0793762207031,-6021.9,-5919.4,-5816.6,-5654.5,-5460.0,-5257.5,-5091.0,-4959.1,-4894.98
20839,-5469.080078125,188.89462280273438,97.2513427734375,233.64582170758928,-5469.080078125,-5497.0,289.2120056152344,-6024.08,-5919.4,-5816.6,-5675.75,-5497.0,-5261.5,-5105.4,-4959.1,-4894.98
20930,-5484.6396484375,188.5360870361328,97.30918884277344,233.0425044468471,-5484.64013671875,-5503.0,294.8132629394531,-6036.94,-5919.4,-5816.6,-5701.25,-5503.0,-5292.75,-5105.4,-4959.15,-4900.86
21021,-5496.6796875,188.19561767578125,97.37672424316406,232.44325038364954,-5496.68017578125,-5516.0,293.2334899902344,-6036.94,-5981.2,-5816.6,-5704.0,-5516.0,-5314.25,-5107.5,-4984.8,-4904.78
21112,-5506.2998046875,187.81971740722656,97.44184112548828,231.8072269984654,-5506.2998046875,-5520.0,297.8154296875,-6036.94,-5981.2,-5833.8,-5710.75,-5520.0,-5314.25,-5107.5,-4984.8,-4904.78
21203,-5525.89990234375,187.4537811279297,97.50651550292969,231.18604387555803,-5525.89990234375,-5540.0,293.2206726074219,-6036.94,-5981.2,-5860.7,-5732.5,-5540.0,-5361.25,-5107.5,-5026.1,-4941.08
21294,-5543.8798828125,187.11131286621094,97.5777816772461,230.58170427594865,-5543.8798828125,-5555.0,297.0945739746094,-6119.2,-6021.6,-5896.5,-5732.5,-5555.0,-5391.0,-5107.5,-5026.1,-4941.72
21385,-5559.1796875,186.69400024414062,97.60772705078125,229.91370718819755,-5559.18017578125,-5563.5,292.8526916503906,-6119.2,-6032.05,-5928.9,-5738.25,-5563.5,-5402.0,-5107.5,-5026.1,-4941.72
21476,-5576.56005859375,186.3318328857422,97.66569519042969,229.28900800432478,-5576.56005859375,-5568.0,290.67822265625,-6168.2,-6032.05,-5959.5,-5751.25,-5568.0,-5417.5,-5148.799999999999,-5056.2,-5008.56
21567,-5589.7998046875,185.92884826660156,97.68647766113281,228.64313616071428,-5589.7998046875,-5573.0,283.1548156738281,-6168.2,-6032.05,-5959.5,-5756.0,-5573.0,-5458.25,-5227.0,-5056.2,-5008.56
21658,-5597.7998046875,185.57289123535156,97.76811218261719,228.01285443987166,-5597.7998046875,-5587.5,283.12933349609375,-6168.2,-6032.05,-5959.5,-5756.0,-5587.5,-5479.0,-5229.7,-5056.2,-5008.56
21749,-5607.89990234375,185.21859741210938,97.82781219482422,227.40729195731026,-5607.89990234375,-5596.0,285.76165771484375,-6173.1,-6053.1,-5959.5,-5776.75,-5596.0,-5479.0,-5229.7,-5074.25,-5008.56
21840,-5621.65966796875,184.87046813964844,97.87706756591797,226.8057861328125,-5621.66015625,-5599.0,287.54962158203125,-6173.1,-6119.35,-5967.5,-5797.5,-5599.0,-5479.0,-5259.0,-5078.05,-5009.0
21931,-5630.69970703125,184.50901794433594,97.95465850830078,226.16989135742188,-5630.7001953125,-5623.0,285.3291015625,-6173.1,-6119.35,-5967.5,-5814.5,-5623.0,-5485.0,-5259.0,-5079.95,-5036.4400000000005
22022,-5644.8798828125,184.14974975585938,98.01590728759766,225.5435311453683,-5644.8798828125,-5643.0,277.4109802246094,-6173.1,-6119.35,-6033.7,-5818.25,-5643.0,-5485.0,-5289.2,-5195.400000000001,-5040.92
22113,-5659.580078125,183.76156616210938,98.05534362792969,224.9019492013114,-5659.580078125,-5654.5,274.91314697265625,-6173.1,-6119.35,-6033.7,-5829.25,-5654.5,-5499.0,-5293.7,-5203.0,-5040.92
22204,-5671.1796875,183.390380859375,98.10308837890625,224.286869594029,-5671.18017578125,-5660.0,280.07354736328125,-6174.6,-6120.4,-6050.0,-5829.25,-5660.0,-5535.5,-5293.7,-5203.0,-5066.400000000001
22295,-5682.89990234375,183.05035400390625,98.16942596435547,223.68012346540178,-5682.89990234375,-5681.0,278.06072998046875,-6174.6,-6120.4,-6050.0,-5860.0,-5681.0,-5549.25,-5317.4,-5208.3,-5079.74
22386,-5693.31982421875,182.72059631347656,98.23754119873047,223.087162562779,-5693.31982421875,-5705.0,274.8891296386719,-6174.6,-6125.15,-6050.0,-5861.25,-5705.0,-5549.25,-5317.4,-5208.3,-5079.74
22477,-5707.5400390625,182.36431884765625,98.26786804199219,222.4978485107422,-5707.5400390625,-5714.5,280.6994323730469,-6174.6,-6159.35,-6096.9,-5887.75,-5714.5,-5550.5,-5317.4,-5208.3,-5079.74
22568,-5716.93994140625,181.9895782470703,98.2954330444336,221.88163539341517,-5716.93994140625,-5726.5,276.5731201171875,-6213.8,-6166.05,-6105.8,-5887.75,-5726.5,-5560.0,-5334.8,-5208.3,-5079.74
22659,-5729.81982421875,181.62936401367188,98.35258483886719,221.2523694719587,-5729.81982421875,-5730.5,277.7396545410156,-6319.64,-6173.0,-6105.8,-5890.25,-5730.5,-5565.5,-5334.8,-5271.5,-5079.74
22750,-5741.419921875,181.27069091796875,98.3911361694336,220.6484658377511,-5741.419921875,-5739.0,269.4606018066406,-6319.64,-6173.0,-6105.8,-5898.75,-5739.0,-5592.0,-5408.599999999999,-5292.95,-5165.5
22841,-5746.1796875,180.9330596923828,98.43485260009766,220.06534467424666,-5746.18017578125,-5750.5,269.3979797363281,-6325.52,-6193.9,-6106.3,-5898.75,-5750.5,-5595.75,-5408.599999999999,-5292.95,-5165.5
22932,-5756.35986328125,180.57626342773438,98.48323822021484,219.46102905273438,-5756.35986328125,-5762.5,265.081298828125,-6330.96,-6193.9,-6106.3,-5919.75,-5762.5,-5595.75,-5426.0,-5292.95,-5194.42
23023,-5770.27978515625,180.2200164794922,98.53942108154297,218.83043561662947,-5770.27978515625,-5771.0,263.2947692871094,-6330.96,-6194.85,-6122.7,-5934.0,-5771.0,-5616.75,-5434.2,-5292.95,-5244.0
23114,-5777.19970703125,179.85748291015625,98.57962799072266,218.21077837262834,-5777.2001953125,-5771.5,265.9549865722656,-6330.96,-6215.3,-6122.7,-5937.75,-5771.5,-5616.75,-5434.2,-5292.95,-5244.0
23205,-5785.65966796875,179.50119018554688,98.62462615966797,217.59442138671875,-5785.66015625,-5771.5,268.6288757324219,-6365.26,-6297.8,-6122.7,-5937.75,-5771.5,-5645.0,-5434.2,-5317.650000000001,-5244.0
23296,-5795.9599609375,179.15318298339844,98.692138671875,216.973628452846,-5795.9599609375,-5776.0,269.54425048828125,-6365.26,-6297.8,-6124.7,-5950.25,-5776.0,-5645.0,-5434.2,-5317.650000000001,-5244.0
23387,-5803.259765625,178.77581787109375,98.72235870361328,216.3426230294364,-5803.259765625,-5788.0,271.8155212402344,-6365.26,-6297.8,-6151.8,-5957.0,-5788.0,-5646.5,-5434.2,-5317.650000000001,-5244.0
23478,-5812.65966796875,178.43948364257812,98.79216766357422,215.7333526611328,-5812.66015625,-5800.0,273.35015869140625,-6365.54,-6297.8,-6177.2,-5981.25,-5800.0,-5648.0,-5434.2,-5317.650000000001,-5245.0
23569,-5835.60009765625,178.08270263671875,98.80799102783203,215.13253130231584,-5835.60009765625,-5835.0,279.312744140625,-6424.34,-6313.8,-6190.3,-6008.75,-5835.0,-5662.25,-5435.9,-5325.25,-5245.0
23660,-5851.0,177.7357635498047,98.86473846435547,214.5101078578404,-5851.0,-5847.0,282.1973571777344,-6424.34,-6352.6,-6232.3,-6019.75,-5847.0,-5675.0,-5455.7,-5349.85,-5245.98
23751,-5861.61962890625,177.38888549804688,98.93341064453125,213.87470136369978,-5861.6201171875,-5851.0,278.9096374511719,-6424.34,-6352.6,-6279.1,-6026.5,-5851.0,-5675.0,-5497.099999999999,-5349.85,-5267.82
23842,-5878.6796875,177.04429626464844,98.99005889892578,213.2549046107701,-5878.68017578125,-5886.0,286.06195068359375,-6441.5,-6376.1,-6279.1,-6056.0,-5886.0,-5689.0,-5499.099999999999,-5349.85,-5267.82
23933,-5892.7998046875,176.69436645507812,99.02252960205078,212.64421953473772,-5892.7998046875,-5898.0,291.33441162109375,-6467.18,-6398.35,-6279.1,-6062.25,-5898.0,-5741.75,-5506.299999999999,-5350.4,-5290.68
24024,-5903.580078125,176.35385131835938,99.07250213623047,212.04083687918526,-5903.580078125,-5898.5,291.3033752441406,-6525.8,-6425.15,-6289.0,-6073.75,-5898.5,-5741.75,-5506.299999999999,-5373.85,-5326.9400000000005
24115,-5920.93994140625,176.015625,99.09748077392578,211.44989013671875,-5920.93994140625,-5926.0,285.60333251953125,-6565.24,-6427.1,-6289.0,-6077.5,-5926.0,-5741.75,-5531.2,-5404.2,-5370.6
24206,-5928.89990234375,175.6511688232422,99.11895751953125,210.833247593471,-5928.89990234375,-5926.0,286.9538269042969,-6565.6,-6427.1,-6289.0,-6087.5,-5926.0,-5757.0,-5531.2,-5413.7,-5370.6
24297,-5934.23974609375,175.3135986328125,99.15817260742188,210.23182896205358,-5934.240234375,-5936.0,284.69927978515625,-6565.6,-6427.1,-6289.0,-6087.5,-5936.0,-5757.0,-5531.2,-5428.900000000001,-5370.6
24388,-5945.6796875,174.9676055908203,99.19889831542969,209.61731610979353,-5945.68017578125,-5941.0,288.3734436035156,-6565.6,-6427.1,-6291.5,-6107.25,-5941.0,-5767.5,-5531.2,-5428.900000000001,-5370.6
24479,-5954.81982421875,174.61195373535156,99.24588775634766,208.98409162248885,-5954.81982421875,-5944.0,284.5191345214844,-6565.6,-6427.1,-6314.3,-6128.25,-5944.0,-5771.0,-5578.0,-5434.8,-5373.94
24570,-5967.65966796875,174.25682067871094,99.27909851074219,208.3680201939174,-5967.66015625,-5967.5,285.79498291015625,-6565.6,-6427.1,-6314.3,-6165.5,-5967.5,-5781.5,-5578.0,-5463.3,-5373.94
24661,-5978.5,173.91989135742188,99.32363891601562,207.75972638811385,-5978.5,-5972.0,284.2268981933594,-6565.6,-6427.1,-6319.1,-6172.25,-5972.0,-5803.5,-5582.6,-5468.8,-5430.06
24752,-5987.43994140625,173.56036376953125,99.3404769897461,207.14324951171875,-5987.43994140625,-5982.0,284.6873779296875,-6595.5,-6429.05,-6320.0,-6172.25,-5982.0,-5835.75,-5582.6,-5468.8,-5430.14
24843,-5999.06005859375,173.22317504882812,99.38764190673828,206.5406755719866,-5999.06005859375,-5995.0,275.4449768066406,-6595.5,-6429.05,-6320.0,-6172.25,-5995.0,-5844.5,-5596.5,-5514.75,-5467.46
24934,-6009.61962890625,172.85018920898438,99.39221954345703,205.91691371372767,-6009.6201171875,-6000.0,273.87384033203125,-6595.5,-6459.45,-6331.3,-6187.5,-6000.0,-5847.5,-5629.599999999999,-5537.8,-5476.84
25025,-6018.73974609375,172.50253295898438,99.41077423095703,205.32618495396204,-6018.740234375,-6006.0,273.12615966796875,-6595.5,-6459.45,-6352.3,-6210.75,-6006.0,-5850.25,-5629.599999999999,-5559.9,-5509.18
25116,-6028.580078125,172.14706420898438,99.4334945678711,204.71546064104353,-6028.580078125,-6012.5,275.1038513183594,-6595.74,-6465.7,-6397.2,-6210.75,-6012.5,-5888.0,-5629.599999999999,-5559.9,-5509.18
25207,-6041.77978515625,171.80271911621094,99.46383666992188,204.1007559640067,-6041.77978515625,-6016.5,269.6423645019531,-6595.74,-6465.7,-6403.5,-6210.75,-6016.5,-5892.75,-5688.4,-5578.1,-5509.18
25298,-6047.1396484375,171.45362854003906,99.49616241455078,203.47669110979353,-6047.14013671875,-6034.5,271.9232177734375,-6596.34,-6479.0,-6417.7,-6210.75,-6034.5,-5900.75,-5688.4,-5578.1,-5509.5
25389,-6056.83984375,171.13644409179688,99.54779815673828,202.88782610212053,-6056.83984375,-6047.0,271.9707336425781,-6596.34,-6479.0,-6417.7,-6225.0,-6047.0,-5907.5,-5688.4,-5578.1,-5509.5
25480,-6062.85986328125,170.7960205078125,99.56047821044922,202.28790937151228,-6062.85986328125,-6053.0,275.2268981933594,-6596.34,-6515.6,-6417.7,-6235.75,-6053.0,-5907.5,-5688.4,-5578.1,-5509.5
25571,-6075.52001953125,170.44241333007812,99.57389831542969,201.67545863560267,-6075.52001953125,-6066.0,276.5757751464844,-6596.54,-6515.6,-6421.3,-6242.0,-6066.0,-5916.5,-5688.4,-5597.05,-5509.5
25662,-6083.06005859375,170.13768005371094,99.6402816772461,201.09210641043526,-6083.06005859375,-6082.5,276.0836181640625,-6661.22,-6515.6,-6471.1,-6242.0,-6082.5,-5922.5,-5688.4,-5615.1,-5558.02
25753,-6092.60009765625,169.81478881835938,99.712646484375,200.46329171316964,-6092.60009765625,-6096.0,272.3795471191406,-6661.22,-6515.6,-6471.1,-6259.5,-6096.0,-5925.5,-5709.0,-5624.6,-5558.02
25844,-6099.35986328125,169.49594116210938,99.76648712158203,199.86887686593192,-6099.35986328125,-6099.0,271.13983154296875,-6661.22,-6549.8,-6471.1,-6259.5,-6099.0,-5934.25,-5716.4,-5624.650000000001,-5560.96
25935,-6106.0400390625,169.1626434326172,99.79496765136719,199.26277814592635,-6106.0400390625,-6104.0,268.6854248046875,-6661.22,-6566.9,-6471.1,-6279.75,-6104.0,-5940.5,-5759.599999999999,-5624.650000000001,-5560.96
26026,-6117.06005859375,168.84719848632812,99.8427963256836,198.6597137451172,-6117.06005859375,-6104.0,271.1915588378906,-6661.22,-6602.35,-6471.1,-6302.0,-6104.0,-5960.5,-5762.0,-5660.75,-5560.96
26117,-6127.7197265625,168.5009002685547,99.84435272216797,198.06986563546317,-6127.72021484375,-6114.0,270.681396484375,-6672.36,-6602.35,-6471.1,-6314.75,-6114.0,-5980.0,-5762.0,-5661.85,-5560.96
26208,-6138.259765625,168.17819213867188,99.88078308105469,197.45990644182478,-6138.259765625,-6132.0,272.4624328613281,-6672.36,-6602.35,-6483.7,-6323.25,-6132.0,-5983.0,-5764.0,-5662.2,-5578.64
26299,-6152.1796875,167.83265686035156,99.92298126220703,196.8322470528739,-6152.18017578125,-6143.5,275.027099609375,-6680.14,-6602.35,-6483.7,-6342.25,-6143.5,-5992.5,-5778.5,-5664.45,-5578.64
26390,-6159.60009765625,167.47044372558594,99.95096588134766,196.19561767578125,-6159.60009765625,-6146.5,272.8546447753906,-6680.14,-6602.35,-6509.8,-6342.25,-6146.5,-6013.25,-5792.1,-5707.75,-5578.64
26481,-6173.1396484375,167.11888122558594,99.96836853027344,195.57847595214844,-6173.14013671875,-6182.0,272.6936950683594,-6717.38,-6609.0,-6520.7,-6342.25,-6182.0,-6013.75,-5792.1,-5710.95,-5578.68
26572,-6181.2998046875,166.7753143310547,99.99833679199219,194.96287536621094,-6181.2998046875,-6182.0,275.2085266113281,-6729.14,-6648.25,-6556.3,-6348.25,-6182.0,-6031.25,-5792.1,-5710.95,-5578.68
26663,-6194.19970703125,166.44241333007812,100.0295181274414,194.35554722377233,-6194.2001953125,-6192.5,266.4505615234375,-6729.14,-6648.25,-6556.3,-6376.25,-6192.5,-6053.0,-5811.9,-5720.5,-5666.88
26754,-6203.47998046875,166.1160430908203,100.08136749267578,193.73089817592077,-6203.47998046875,-6199.0,268.512939453125,-6736.5,-6648.25,-6556.3,-6386.75,-6199.0,-6053.0,-5840.099999999999,-5733.8,-5666.88
26845,-6215.10009765625,165.7392578125,100.09077453613281,193.07885960170202,-6215.10009765625,-6209.0,271.38397216796875,-6761.54,-6673.55,-6577.5,-6386.75,-6209.0,-6078.25,-5854.5,-5754.95,-5666.88
26936,-6223.56005859375,165.40252685546875,100.11127471923828,192.4699445452009,-6223.56005859375,-6214.0,273.17852783203125,-6777.22,-6682.1,-6577.5,-6389.25,-6214.0,-6083.5,-5854.5,-5764.55,-5666.88
27027,-6232.5,165.05197143554688,100.13134765625,191.83443559919084,-6232.5,-6220.0,271.2213134765625,-6788.66,-6705.35,-6577.5,-6406.25,-6220.0,-6094.75,-5860.8,-5782.6,-5733.68
27118,-6245.35986328125,164.67843627929688,100.10189819335938,191.21558489118303,-6245.35986328125,-6235.0,269.85101318359375,-6802.38,-6751.75,-6577.5,-6420.0,-6235.0,-6100.75,-5860.8,-5792.55,-5733.68
27209,-6256.10009765625,164.353515625,100.14346313476562,190.58497401646204,-6256.10009765625,-6257.5,274.1185302734375,-6802.38,-6752.85,-6583.8,-6439.5,-6257.5,-6100.75,-5860.8,-5792.55,-5733.68
27300,-6268.3798828125,163.99783325195312,100.1518325805664,189.9584721156529,-6268.3798828125,-6257.5,272.01220703125,-6802.9,-6752.85,-6584.8,-6468.25,-6257.5,-6116.75,-5860.8,-5792.55,-5733.68
27391,-6279.89990234375,163.66726684570312,100.18576049804688,189.34102957589286,-6279.89990234375,-6257.5,278.60784912109375,-6883.92,-6788.7,-6613.4,-6475.5,-6257.5,-6120.75,-5923.099999999999,-5802.5,-5744.6
27482,-6292.8798828125,163.32066345214844,100.20038604736328,188.71834455217635,-6292.8798828125,-6277.0,277.0950927734375,-6925.08,-6790.0,-6647.9,-6477.75,-6277.0,-6125.5,-5929.4,-5802.5,-5766.56
27573,-6297.89990234375,162.98573303222656,100.228515625,188.10113307407923,-6297.89990234375,-6279.0,277.77056884765625,-6925.08,-6790.0,-6649.9,-6496.0,-6279.0,-6125.5,-5929.4,-5803.0,-5783.86
27664,-6308.919921875,162.66651916503906,100.2704849243164,187.4850136893136,-6308.919921875,-6296.0,283.79827880859375,-6925.08,-6837.8,-6709.0,-6496.0,-6296.0,-6135.75,-5929.4,-5803.0,-5790.86
27755,-6315.52001953125,162.33856201171875,100.29264831542969,186.87177167619978,-6315.52001953125,-6296.0,282.1354064941406,-6925.08,-6837.8,-6709.0,-6498.5,-6296.0,-6138.25,-5956.8,-5841.0,-5790.86
27846,-6322.7998046875,162.0095977783203,100.33544158935547,186.23952157156808,-6322.7998046875,-6303.5,281.8963317871094,-6925.08,-6837.8,-6711.0,-6498.5,-6303.5,-6147.25,-5956.8,-5841.0,-5790.86
27937,-6333.759765625,161.68089294433594,100.35604095458984,185.62479509626115,-6333.759765625,-6306.5,285.28363037109375,-6930.36,-6868.15,-6711.0,-6516.75,-6306.5,-6170.25,-5965.799999999999,-5841.0,-5792.96
28028,-6340.7197265625,161.34341430664062,100.36456298828125,185.0078866141183,-6340.72021484375,-6311.0,283.1726379394531,-6930.36,-6868.15,-6711.0,-6516.75,-6311.0,-6197.75,-5965.799999999999,-5841.0,-5792.96
28119,-6349.6796875,161.01148986816406,100.3746566772461,184.40733555385046,-6349.68017578125,-6313.5,285.2132568359375,-6997.06,-6868.9,-6713.7,-6522.25,-6313.5,-6203.75,-5965.799999999999,-5841.25,-5792.96
28210,-6354.2998046875,160.73634338378906,100.46163940429688,183.81167602539062,-6354.2998046875,-6336.0,284.4085998535156,-6997.06,-6868.9,-6713.7,-6522.25,-6336.0,-6206.25,-5971.2,-5841.25,-5792.96
28301,-6361.02001953125,160.43421936035156,100.49955749511719,183.21414620535714,-6361.02001953125,-6345.0,277.9109802246094,-6997.06,-6868.9,-6713.7,-6522.25,-6345.0,-6206.25,-5998.8,-5848.7,-5802.76
28392,-6370.47998046875,160.10186767578125,100.5263442993164,182.59298270089286,-6370.47998046875,-6345.0,278.61053466796875,-7000.0,-6868.9,-6713.7,-6526.5,-6345.0,-6236.5,-5998.8,-5860.1,-5806.68
28483,-6379.3798828125,159.75405883789062,100.5378646850586,181.95360238211495,-6379.3798828125,-6345.0,273.5120544433594,-7000.0,-6868.9,-6731.0,-6542.25,-6345.0,-6239.5,-6011.8,-5907.8,-5859.6
28574,-6391.419921875,159.41192626953125,100.54985046386719,181.32357352120536,-6391.419921875,-6355.0,276.5005798339844,-7000.0,-6870.1,-6749.7,-6556.25,-6355.0,-6255.0,-6017.5,-5907.8,-5860.24
28665,-6400.97998046875,159.06134033203125,100.54183197021484,180.70406232561385,-6400.97998046875,-6382.5,276.4722595214844,-7000.0,-6870.1,-6767.3,-6575.0,-6382.5,-6257.25,-6017.5,-5939.4,-5860.24
28756,-6408.5400390625,158.7120361328125,100.53313446044922,180.08734130859375,-6408.5400390625,-6385.5,274.7572937011719,-7000.0,-6870.1,-6779.9,-6575.0,-6385.5,-6262.75,-6022.5,-5939.4,-5860.24
28847,-6416.919921875,158.38308715820312,100.53876495361328,179.48334394182478,-6416.919921875,-6389.0,274.17559814453125,-7000.0,-6873.9,-6779.9,-6593.75,-6389.0,-6262.75,-6022.5,-5946.7,-5904.12
28938,-6421.9599609375,158.07699584960938,100.58611297607422,178.88004411969865,-6421.9599609375,-6408.5,273.5591735839844,-7000.0,-6873.9,-6779.9,-6593.75,-6408.5,-6266.0,-6022.5,-5946.7,-5904.12
29029,-6430.69970703125,157.7011260986328,100.5815200805664,178.21627371651786,-6430.7001953125,-6430.0,272.3128662109375,-7000.0,-6873.9,-6780.3,-6621.75,-6430.0,-6275.5,-6067.0,-5960.95,-5904.12
29120,-6440.6396484375,157.37551879882812,100.60344696044922,177.60082789829798,-6440.64013671875,-6436.0,278.68084716796875,-7001.26,-6909.05,-6796.8,-6627.75,-6436.0,-6275.5,-6067.0,-5978.05,-5904.12
29211,-6451.02001953125,157.02389526367188,100.59709167480469,176.972172328404,-6451.02001953125,-6450.5,272.5901184082031,-7001.26,-6910.65,-6796.8,-6627.75,-6450.5,-6283.75,-6069.7,-5988.5,-5908.92
29302,-6456.4599609375,156.6967010498047,100.6039810180664,176.36697605678015,-6456.4599609375,-6451.0,271.44281005859375,-7001.26,-6910.65,-6796.8,-6633.0,-6451.0,-6298.0,-6069.7,-5988.5,-5920.68
29393,-6464.4599609375,156.37533569335938,100.62191772460938,175.75025068010603,-6464.4599609375,-6455.5,271.829833984375,-7001.26,-6910.65,-6797.4,-6636.5,-6455.5,-6299.0,-6106.9,-6020.8,-5920.68
29484,-6473.419921875,156.02957153320312,100.62751007080078,175.0982905796596,-6473.419921875,-6463.0,270.9959411621094,-7001.38,-6926.8,-6821.7,-6658.5,-6463.0,-6301.75,-6106.9,-6020.8,-5920.68
29575,-6483.10009765625,155.69041442871094,100.6197738647461,174.49057006835938,-6483.10009765625,-6485.0,273.635986328125,-7001.38,-6962.6,-6825.3,-6676.75,-6485.0,-6305.75,-6106.9,-6021.5,-5920.68
29666,-6490.5,155.3651580810547,100.61722564697266,173.8662588936942,-6490.5,-6489.0,272.5928955078125,-7019.02,-6962.6,-6839.2,-6676.75,-6489.0,-6310.0,-6106.9,-6029.4,-5979.8
29757,-6496.2998046875,155.00120544433594,100.58666229248047,173.25482831682478,-6496.2998046875,-6489.0,271.845703125,-7019.02,-6962.6,-6839.2,-6687.75,-6489.0,-6321.25,-6106.9,-6038.6,-5979.8
29848,-6507.5,154.6767120361328,100.58919525146484,172.63872637067522,-6507.5,-6497.5,273.9938659667969,-7069.36,-6989.2,-6839.2,-6695.5,-6497.5,-6330.25,-6106.9,-6050.9,-5998.64
29939,-6515.2197265625,154.34396362304688,100.56845092773438,172.0405992780413,-6515.22021484375,-6508.5,276.3799743652344,-7069.36,-6989.2,-6879.2,-6695.5,-6508.5,-6330.25,-6106.9,-6050.9,-6000.96
30030,-6524.7197265625,154.02865600585938,100.58605194091797,171.42285374232702,-6524.72021484375,-6519.0,279.6360778808594,-7083.82,-7018.4,-6879.2,-6702.5,-6519.0,-6334.75,-6124.3,-6050.9,-6000.96
30121,-6536.11962890625,153.73912048339844,100.62799072265625,170.83220563616072,-6536.1201171875,-6536.5,278.8675842285156,-7086.76,-7018.4,-6879.2,-6727.5,-6536.5,-6349.25,-6156.599999999999,-6052.9,-6030.400000000001
30212,-6545.31982421875,153.40963745117188,100.63141632080078,170.20721217564173,-6545.31982421875,-6539.5,275.9143981933594,-7086.76,-7039.3,-6879.2,-6727.5,-6539.5,-6374.25,-6187.9,-6052.9,-6030.400000000001
30303,-6551.73974609375,153.11126708984375,100.6578598022461,169.62165178571428,-6551.740234375,-6539.5,275.2174987792969,-7086.76,-7039.3,-6909.1,-6734.25,-6539.5,-6379.5,-6187.9,-6060.6,-6048.400000000001
30394,-6560.43994140625,152.7769317626953,100.654296875,169.00738525390625,-6560.43994140625,-6548.0,274.6702575683594,-7104.4,-7045.1,-6909.1,-6741.75,-6548.0,-6417.25,-6191.5,-6060.6,-6050.96
30485,-6566.52001953125,152.4529266357422,100.66268157958984,168.39766148158483,-6566.52001953125,-6550.0,275.79156494140625,-7124.86,-7046.8,-6909.1,-6741.75,-6550.0,-6422.5,-6191.5,-6070.5,-6052.92
30576,-6572.31982421875,152.14305114746094,100.66534423828125,167.7985098702567,-6572.31982421875,-6576.5,275.7154846191406,-7124.86,-7058.2,-6909.1,-6754.0,-6576.5,-6426.0,-6191.5,-6082.6,-6053.0
30667,-6578.2998046875,151.83900451660156,100.67047882080078,167.18884059361048,-6578.2998046875,-6579.0,277.8262939453125,-7124.86,-7059.35,-6933.8,-6759.25,-6579.0,-6438.25,-6191.5,-6082.6,-6053.0
30758,-6585.33984375,151.55258178710938,100.71368408203125,166.58537074497767,-6585.33984375,-6579.0,281.1478271484375,-7175.48,-7111.65,-6933.8,-6761.75,-6579.0,-6447.25,-6195.5,-6099.7,-6053.0
30849,-6589.65966796875,151.20008850097656,100.68903350830078,165.9481920514788,-6589.66015625,-6579.0,278.5421142578125,-7175.48,-7111.65,-6933.8,-6761.75,-6579.0,-6449.75,-6197.9,-6119.0,-6070.64
30940,-6599.06005859375,150.85159301757812,100.67975616455078,165.30627223423548,-6599.06005859375,-6581.0,280.93463134765625,-7179.4,-7111.65,-6950.0,-6784.25,-6581.0,-6464.25,-6203.4,-6119.8,-6070.64
31031,-6607.06005859375,150.503662109375,100.67105102539062,164.6586194719587,-6607.06005859375,-6587.0,280.030517578125,-7179.4,-7111.65,-6950.0,-6799.5,-6587.0,-6475.0,-6204.9,-6130.5,-6070.64
31122,-6614.099609375,150.1514892578125,100.64652252197266,164.02889796665735,-6614.10009765625,-6597.0,279.6444396972656,-7179.4,-7132.35,-6950.3,-6799.5,-6597.0,-6477.0,-6214.0,-6130.5,-6070.64
31213,-6623.1396484375,149.78990173339844,100.63567352294922,163.35625566755022,-6623.14013671875,-6613.0,280.1046142578125,-7212.14,-7132.35,-6956.4,-6799.5,-6613.0,-6483.0,-6214.0,-6130.5,-6070.64
31304,-6632.080078125,149.48858642578125,100.6552734375,162.74304853166853,-6632.080078125,-6624.5,276.6426696777344,-7212.14,-7132.35,-6965.6,-6805.0,-6624.5,-6488.75,-6263.2,-6179.05,-6070.72
31395,-6642.580078125,149.18385314941406,100.66515350341797,162.141357421875,-6642.580078125,-6641.0,274.8009033203125,-7212.14,-7132.75,-6971.9,-6828.0,-6641.0,-6488.75,-6277.8,-6201.8,-6070.72
31486,-6652.83984375,148.85536193847656,100.6596908569336,161.51022120884485,-6652.83984375,-6650.0,273.26800537109375,-7212.14,-7132.75,-7019.9,-6828.5,-6650.0,-6511.5,-6277.8,-6214.5,-6070.72
31577,-6660.56005859375,148.52272033691406,100.65187072753906,160.8768768310547,-6660.56005859375,-6658.5,271.7642822265625,-7212.14,-7132.75,-7019.9,-6828.5,-6658.5,-6513.0,-6294.8,-6214.5,-6070.72
31668,-6666.97998046875,148.20437622070312,100.66339111328125,160.25645228794642,-6666.97998046875,-6660.5,271.5651550292969,-7213.12,-7166.45,-7031.6,-6836.5,-6660.5,-6513.0,-6294.8,-6214.5,-6094.52
31759,-6671.73974609375,147.85665893554688,100.64752197265625,159.59856305803572,-6671.740234375,-6662.0,270.10345458984375,-7213.12,-7166.45,-7031.6,-6836.5,-6662.0,-6517.5,-6294.8,-6214.5,-6163.6
31850,-6676.080078125,147.54359436035156,100.65526580810547,158.96532331194197,-6676.080078125,-6662.0,270.4927673339844,-7233.4,-7166.45,-7031.6,-6844.0,-6662.0,-6517.5,-6294.8,-6214.5,-6163.6
31941,-6684.83984375,147.19900512695312,100.6393051147461,158.32125418526786,-6684.83984375,-6690.5,273.77374267578125,-7233.4,-7177.2,-7031.6,-6844.0,-6690.5,-6517.5,-6294.8,-6214.5,-6164.04
32032,-6687.61962890625,146.87489318847656,100.6045150756836,157.7338409423828,-6687.6201171875,-6690.5,274.83929443359375,-7233.4,-7177.2,-7055.1,-6845.5,-6690.5,-6517.5,-6294.8,-6214.5,-6164.04
32123,-6697.11962890625,146.58653259277344,100.64186096191406,157.11889866420202,-6697.1201171875,-6704.5,274.4607849121094,-7233.4,-7196.2,-7060.5,-6867.5,-6704.5,-6517.5,-6330.6,-6214.5,-6164.04
32214,-6704.23974609375,146.29454040527344,100.67218780517578,156.48866489955358,-6704.240234375,-6704.5,274.6395263671875,-7253.06,-7196.2,-7060.5,-6873.25,-6704.5,-6517.5,-6343.599999999999,-6228.3,-6200.28
32305,-6708.69970703125,145.98681640625,100.66950225830078,155.87144688197546,-6708.7001953125,-6710.0,277.61859130859375,-7254.02,-7196.8,-7068.6,-6873.25,-6710.0,-6521.25,-6343.599999999999,-6228.3,-6200.28
32396,-6717.0400390625,145.65463256835938,100.65293884277344,155.23309762137276,-6717.0400390625,-6711.0,274.9075622558594,-7254.02,-7196.8,-7068.6,-6875.25,-6711.0,-6521.25,-6343.599999999999,-6250.7,-6200.28
32487,-6720.39990234375,145.35086059570312,100.65357971191406,154.61607142857142,-6720.39990234375,-6713.0,274.09075927734375,-7259.9,-7196.8,-7068.6,-6875.25,-6713.0,-6548.0,-6343.599999999999,-6250.7,-6200.28
32578,-6724.39990234375,145.01219177246094,100.62545776367188,153.9662606375558,-6724.39990234375,-6713.0,274.7010192871094,-7283.42,-7196.8,-7068.8,-6905.25,-6713.0,-6560.75,-6367.0,-6250.7,-6200.28
32669,-6733.31982421875,144.73489379882812,100.65480041503906,153.37141854422433,-6733.31982421875,-6718.0,276.2648010253906,-7305.14,-7197.9,-7068.8,-6905.25,-6718.0,-6576.75,-6367.0,-6254.8,-6200.28
32760,-6742.47998046875,144.38818359375,100.62628173828125,152.73238917759485,-6742.47998046875,-6753.0,272.9866638183594,-7305.14,-7211.2,-7068.8,-6905.25,-6753.0,-6583.0,-6367.0,-6254.8,-6243.400000000001
32851,-6749.1796875,144.08958435058594,100.63758087158203,152.11390032087053,-6749.18017578125,-6755.0,271.3421936035156,-7305.14,-7211.2,-7068.8,-6940.0,-6755.0,-6584.5,-6390.4,-6254.9,-6248.92
32942,-6755.89990234375,143.78733825683594,100.63285827636719,151.49263654436385,-6755.89990234375,-6762.0,274.3831787109375,-7355.12,-7213.3,-7093.1,-6940.0,-6762.0,-6584.5,-6390.4,-6263.45,-6248.92
33033,-6762.0,143.48094177246094,100.63420104980469,150.8965061732701,-6762.0,-6766.5,273.88861083984375,-7355.12,-7213.3,-7093.1,-6940.0,-6766.5,-6584.5,-6390.4,-6263.45,-6248.92
33124,-6769.3798828125,143.20018005371094,100.63788604736328,150.29906354631697,-6769.3798828125,-6773.5,272.6796569824219,-7355.12,-7213.75,-7095.3,-6941.5,-6773.5,-6592.5,-6396.0,-6282.0,-6250.88
33215,-6778.2197265625,142.91221618652344,100.6427993774414,149.70328630719865,-6778.22021484375,-6782.5,272.7079162597656,-7355.12,-7213.75,-7129.4,-6975.25,-6782.5,-6618.5,-6423.0,-6282.0,-6250.88
33306,-6783.4599609375,142.5913848876953,100.61993408203125,149.08223833356584,-6783.4599609375,-6790.0,269.85858154296875,-7355.12,-7213.75,-7129.4,-6976.75,-6790.0,-6618.5,-6437.4,-6282.0,-6250.88
33397,-6791.1396484375,142.28489685058594,100.63416290283203,148.42579432896204,-6791.14013671875,-6794.5,266.2711486816406,-7355.12,-7213.75,-7129.4,-6979.75,-6794.5,-6633.75,-6444.599999999999,-6304.0,-6252.96
33488,-6798.85986328125,142.01841735839844,100.65990447998047,147.8302764892578,-6798.85986328125,-6801.5,265.8028564453125,-7355.12,-7213.75,-7129.4,-6995.0,-6801.5,-6633.75,-6450.9,-6304.0,-6252.96
33579,-6806.080078125,141.76107788085938,100.67694854736328,147.26851981026786,-6806.080078125,-6816.0,269.3780517578125,-7376.1,-7221.35,-7129.4,-6995.0,-6816.0,-6633.75,-6462.599999999999,-6304.0,-6262.76
33670,-6814.1796875,141.43150329589844,100.66654968261719,146.62530735560827,-6814.18017578125,-6840.0,267.65618896484375,-7376.1,-7221.35,-7135.7,-6995.0,-6840.0,-6639.25,-6462.599999999999,-6329.7,-6272.8
33761,-6821.9599609375,141.11154174804688,100.64630889892578,146.00028337751115,-6821.9599609375,-6855.0,270.4661560058594,-7376.3,-7223.9,-7157.3,-7008.0,-6855.0,-6641.0,-6462.599999999999,-6329.7,-6272.8
33852,-6827.52001953125,140.8275146484375,100.6722640991211,145.3671613420759,-6827.52001953125,-6855.0,271.7705383300781,-7391.28,-7224.05,-7161.9,-7011.5,-6855.0,-6663.0,-6462.599999999999,-6329.7,-6272.8
33943,-6830.6396484375,140.55126953125,100.70340728759766,144.74827793666296,-6830.64013671875,-6856.0,272.20550537109375,-7391.28,-7226.9,-7161.9,-7011.5,-6856.0,-6663.0,-6462.599999999999,-6329.7,-6272.8
34034,-6834.9599609375,140.2484130859375,100.69599914550781,144.1089630126953,-6834.9599609375,-6859.5,271.41729736328125,-7391.28,-7226.9,-7161.9,-7011.5,-6859.5,-6663.0,-6462.599999999999,-6329.7,-6272.8
34125,-6841.23974609375,139.93182373046875,100.67296600341797,143.4983171735491,-6841.240234375,-6859.5,270.3549499511719,-7403.04,-7269.65,-7170.9,-7015.75,-6859.5,-6678.0,-6462.599999999999,-6382.6,-6286.52
34216,-6851.02001953125,139.64451599121094,100.66915893554688,142.87137058803015,-6851.02001953125,-6862.5,262.78753662109375,-7403.04,-7270.55,-7170.9,-7035.25,-6862.5,-6686.75,-6501.799999999999,-6388.8,-6335.52
34307,-6856.419921875,139.31317138671875,100.64292907714844,142.21558707101005,-6856.419921875,-6862.5,261.1751403808594,-7407.44,-7285.75,-7170.9,-7036.75,-6862.5,-6700.25,-6504.2,-6407.8,-6336.88
34398,-6862.6396484375,139.0208740234375,100.65131378173828,141.57757350376673,-6862.64013671875,-6866.0,260.80377197265625,-7407.44,-7285.75,-7174.9,-7038.0,-6866.0,-6709.0,-6504.2,-6407.8,-6336.88
34489,-6871.27978515625,138.76734924316406,100.67996978759766,141.00411987304688,-6871.27978515625,-6903.5,263.3040466308594,-7407.44,-7377.25,-7187.8,-7038.0,-6903.5,-6709.0,-6504.2,-6443.900000000001,-6336.88
34580,-6877.259765625,138.48744201660156,100.68434143066406,140.36856515066964,-6877.259765625,-6911.0,263.6344909667969,-7407.44,-7377.25,-7187.8,-7063.0,-6911.0,-6715.5,-6508.7,-6443.900000000001,-6354.52
34671,-6883.5400390625,138.20335388183594,100.68851470947266,139.74102129255022,-6883.5400390625,-6911.0,266.4409484863281,-7407.44,-7377.25,-7188.6,-7066.25,-6911.0,-6716.5,-6521.599999999999,-6443.900000000001,-6354.52
34762,-6890.93994140625,137.92491149902344,100.70616912841797,139.12226213727678,-6890.93994140625,-6913.0,268.6408996582031,-7414.3,-7377.25,-7198.5,-7068.0,-6913.0,-6718.5,-6524.3,-6443.900000000001,-6354.52
34853,-6896.93994140625,137.65399169921875,100.70099639892578,138.5345415387835,-6896.93994140625,-6913.0,267.9468688964844,-7414.3,-7401.15,-7198.5,-7077.75,-6913.0,-6728.75,-6524.599999999999,-6443.900000000001,-6354.52
34944,-6901.080078125,137.3459014892578,100.65628814697266,137.93909563337053,-6901.080078125,-6917.0,266.8554992675781,-7414.66,-7401.15,-7200.7,-7077.75,-6917.0,-6728.75,-6542.9,-6443.900000000001,-6354.76
35035,-6903.919921875,137.0504608154297,100.64518737792969,137.30910164969308,-6903.919921875,-6917.0,267.5353698730469,-7414.94,-7401.15,-7200.7,-7078.25,-6917.0,-6739.75,-6546.5,-6451.5,-6354.76
35126,-6911.5,136.7233123779297,100.6253890991211,136.66512843540735,-6911.5,-6925.5,265.830322265625,-7461.12,-7401.15,-7202.1,-7089.25,-6925.5,-6745.0,-6552.8,-6502.8,-6354.76
35217,-6918.8798828125,136.42620849609375,100.60584259033203,136.0501708984375,-6918.8798828125,-6925.5,265.1252746582031,-7461.12,-7401.15,-7226.7,-7100.0,-6925.5,-6753.75,-6556.6,-6503.900000000001,-6360.64
35308,-6925.19970703125,136.0958251953125,100.57252502441406,135.39109584263392,-6925.2001953125,-6929.5,263.6255187988281,-7461.12,-7401.15,-7270.3,-7103.75,-6929.5,-6756.5,-6556.6,-6507.7,-6360.96
35399,-6932.11962890625,135.82351684570312,100.57752227783203,134.79694257463728,-6932.1201171875,-6934.0,263.4021301269531,-7461.12,-7401.15,-7270.3,-7103.75,-6934.0,-6756.5,-6573.7,-6507.7,-6360.96
35490,-6936.83984375,135.5188446044922,100.57335662841797,134.13530840192522,-6936.83984375,-6934.0,263.2776184082031,-7461.12,-7401.75,-7270.5,-7103.75,-6934.0,-6760.75,-6573.7,-6507.7,-6396.24
35581,-6941.2197265625,135.20664978027344,100.53771209716797,133.51670619419642,-6941.22021484375,-6937.0,263.0440368652344,-7461.12,-7401.75,-7270.5,-7118.5,-6937.0,-6767.25,-6573.7,-6510.9,-6431.52
35672,-6945.6396484375,134.96681213378906,100.55778503417969,132.9352809361049,-6945.64013671875,-6937.0,263.7868957519531,-7467.4,-7402.05,-7276.9,-7118.5,-6937.0,-6767.25,-6613.4,-6510.9,-6431.52
35763,-6951.080078125,134.6630401611328,100.5292739868164,132.30657958984375,-6951.080078125,-6945.0,263.7289733886719,-7467.4,-7402.05,-7276.9,-7118.5,-6945.0,-6770.25,-6613.4,-6510.9,-6431.52
35854,-6957.52001953125,134.37054443359375,100.5160140991211,131.66920907156808,-6957.52001953125,-6958.0,262.087890625,-7467.4,-7402.05,-7296.7,-7118.5,-6958.0,-6791.75,-6614.4,-6510.9,-6431.52
35945,-6964.73974609375,134.0775909423828,100.4917221069336,131.04250008719308,-6964.740234375,-6965.0,261.63531494140625,-7477.2,-7424.0,-7296.7,-7136.75,-6965.0,-6816.0,-6633.299999999999,-6533.8,-6431.64
36036,-6970.5,133.7957305908203,100.49913787841797,130.3918936593192,-6970.5,-6968.0,261.6539001464844,-7477.2,-7424.25,-7318.3,-7157.75,-6968.0,-6816.0,-6633.299999999999,-6533.8,-6432.88
36127,-6974.02001953125,133.49136352539062,100.46712493896484,129.76433890206474,-6974.02001953125,-6972.0,261.5279235839844,-7477.48,-7428.05,-7318.3,-7161.0,-6972.0,-6829.5,-6634.7,-6533.8,-6432.88
36218,-6982.35986328125,133.1907196044922,100.44999694824219,129.11995370047433,-6982.35986328125,-6993.0,262.4901123046875,-7477.48,-7428.05,-7327.3,-7168.25,-6993.0,-6841.5,-6636.5,-6533.8,-6432.88
36309,-6988.73974609375,132.9053955078125,100.43380737304688,128.48274448939733,-6988.740234375,-7012.0,260.1801452636719,-7490.22,-7428.05,-7327.3,-7168.25,-7012.0,-6841.5,-6636.5,-6546.4,-6464.24
36400,-6993.19970703125,132.5782012939453,100.38301086425781,127.8362045288086,-6993.2001953125,-7022.0,261.3421325683594,-7490.3,-7428.05,-7348.8,-7178.75,-7022.0,-6841.5,-6636.5,-6546.4,-6464.24
36491,-7003.6796875,132.29261779785156,100.38762664794922,127.20135171072823,-7003.68017578125,-7023.0,258.16876220703125,-7509.04,-7457.05,-7348.8,-7178.75,-7023.0,-6852.25,-6661.599999999999,-6546.4,-6464.9
36582,-7007.2197265625,132.00540161132812,100.36021423339844,126.59076908656529,-7007.22021484375,-7026.0,258.1111755371094,-7511.16,-7457.05,-7348.8,-7191.5,-7026.0,-6852.75,-6661.599999999999,-6556.5,-6464.9
36673,-7013.33984375,131.72772216796875,100.35263061523438,125.98067147391183,-7013.33984375,-7037.0,259.2957763671875,-7519.0,-7457.05,-7359.4,-7191.5,-7037.0,-6852.75,-6661.599999999999,-6562.2,-6464.9
36764,-7019.81982421875,131.44874572753906,100.3476333618164,125.33938271658761,-7019.81982421875,-7045.0,259.8963317871094,-7519.52,-7478.2,-7359.4,-7193.0,-7045.0,-6871.5,-6661.599999999999,-6562.2,-6500.28
36855,-7024.3798828125,131.18592834472656,100.359619140625,124.69801657540458,-7024.3798828125,-7051.5,258.9413757324219,-7545.62,-7478.2,-7359.4,-7193.0,-7051.5,-6871.5,-6664.9,-6562.2,-6500.28
36946,-7027.33984375,130.91061401367188,100.35460662841797,124.06586347307477,-7027.33984375,-7051.5,257.7027282714844,-7545.62,-7478.2,-7359.4,-7193.0,-7051.5,-6871.5,-6665.3,-6562.2,-6510.8
37037,-7034.5400390625,130.61300659179688,100.34121704101562,123.4001214163644,-7034.5400390625,-7053.5,260.52691650390625,-7576.24,-7501.0,-7367.5,-7193.0,-7053.5,-6880.5,-6692.299999999999,-6567.9,-6510.8
37128,-7040.93994140625,130.3692169189453,100.35751342773438,122.81157575334821,-7040.93994140625,-7063.5,263.6771240234375,-7576.24,-7501.0,-7369.5,-7199.5,-7063.5,-6880.5,-6692.299999999999,-6567.9,-6510.8
37219,-7044.1796875,130.09461975097656,100.35735321044922,122.15741511753627,-7044.18017578125,-7063.5,265.4170837402344,-7588.06,-7501.0,-7372.3,-7209.0,-7063.5,-6880.5,-6692.299999999999,-6567.9,-6510.8
37310,-7047.5,129.775634765625,100.29680633544922,121.52678571428571,-7047.5,-7064.5,265.146240234375,-7588.06,-7501.0,-7372.3,-7209.0,-7064.5,-6885.0,-6692.299999999999,-6567.9,-6510.8
37401,-7051.93994140625,129.49452209472656,100.2696762084961,120.9138902936663,-7051.93994140625,-7066.0,266.4916687011719,-7588.06,-7501.5,-7372.3,-7209.0,-7066.0,-6892.25,-6692.299999999999,-6567.9,-6510.96
37492,-7053.15966796875,129.17970275878906,100.22171783447266,120.26413072858539,-7053.16015625,-7067.0,266.08538818359375,-7588.06,-7501.5,-7372.3,-7209.0,-7067.0,-6892.25,-6692.5,-6567.9,-6510.96
37583,-7059.52001953125,128.93702697753906,100.24169158935547,119.64629799979073,-7059.52001953125,-7068.0,264.25213623046875,-7588.06,-7501.5,-7426.3,-7211.5,-7068.0,-6893.75,-6702.3,-6590.3,-6512.92
37674,-7065.69970703125,128.6815185546875,100.24125671386719,119.0235835484096,-7065.7001953125,-7070.0,265.1314392089844,-7591.28,-7512.7,-7427.7,-7234.5,-7070.0,-6896.25,-6709.8,-6590.3,-6528.6
37765,-7070.7197265625,128.43016052246094,100.24748229980469,118.41251809256417,-7070.72021484375,-7089.5,264.9818420410156,-7591.28,-7512.7,-7427.7,-7245.75,-7089.5,-6896.25,-6711.8,-6590.3,-6528.6
37856,-7075.9599609375,128.1883544921875,100.27377319335938,117.75783102852958,-7075.9599609375,-7090.0,263.63653564453125,-7605.18,-7512.7,-7427.7,-7252.75,-7090.0,-6896.25,-6711.8,-6626.400000000001,-6528.6
37947,-7080.27978515625,127.94351196289062,100.2953109741211,117.13451276506696,-7080.27978515625,-7092.5,262.9643859863281,-7605.18,-7516.5,-7428.2,-7265.5,-7092.5,-6900.0,-6711.8,-6634.7,-6528.6
38038,-7087.4599609375,127.64048767089844,100.24872589111328,116.48684583391461,-7087.4599609375,-7107.0,261.3278503417969,-7605.18,-7516.5,-7428.2,-7268.0,-7107.0,-6915.0,-6718.3,-6651.8,-6528.6
38129,-7093.02001953125,127.37646484375,100.23785400390625,115.86397879464286,-7093.02001953125,-7109.0,262.6705627441406,-7605.18,-7524.3,-7430.1,-7268.0,-7109.0,-6927.75,-6718.3,-6651.8,-6530.56
38220,-7097.0,127.10075378417969,100.22151947021484,115.20184871128627,-7097.0,-7109.0,260.748046875,-7605.18,-7524.3,-7430.1,-7269.5,-7109.0,-6933.5,-6718.3,-6676.5,-6532.88
38311,-7102.759765625,126.8863754272461,100.25988006591797,114.58795928955078,-7102.759765625,-7109.0,260.89947509765625,-7605.18,-7549.3,-7455.7,-7276.75,-7109.0,-6934.5,-6737.9,-6683.150000000001,-6574.04
38402,-7106.47998046875,126.61898040771484,100.23883819580078,113.9754170009068,-7106.47998046875,-7112.0,260.1046447753906,-7613.02,-7549.3,-7456.0,-7276.75,-7112.0,-6934.5,-6737.9,-6687.900000000001,-6574.6
38493,-7109.47998046875,126.31816101074219,100.19435119628906,113.32044219970703,-7109.47998046875,-7112.0,259.9365234375,-7613.02,-7553.1,-7457.1,-7276.75,-7112.0,-6936.5,-6740.9,-6687.900000000001,-6574.6
38584,-7114.1796875,126.09967803955078,100.21221923828125,112.73357609340123,-7114.18017578125,-7113.5,257.89569091796875,-7613.02,-7553.1,-7457.1,-7287.25,-7113.5,-6945.25,-6755.6,-6688.7,-6574.6
38675,-7119.599609375,125.82501983642578,100.19515991210938,112.07202257428851,-7119.60009765625,-7119.0,257.0296936035156,-7613.3,-7553.1,-7482.3,-7296.75,-7119.0,-6945.25,-6757.4,-6717.7,-6574.6
38766,-7122.2998046875,125.56082916259766,100.17887878417969,111.43963841029576,-7122.2998046875,-7121.0,258.46240234375,-7628.02,-7553.1,-7489.5,-7307.0,-7121.0,-6945.25,-6765.2,-6717.7,-6574.6
38857,-7128.599609375,125.27498626708984,100.1347885131836,110.7930657523019,-7128.60009765625,-7127.5,258.851806640625,-7628.02,-7556.6,-7490.7,-7307.0,-7127.5,-6945.25,-6765.2,-6717.7,-6574.8
38948,-7132.2197265625,124.97465515136719,100.08090209960938,110.15030997140067,-7132.22021484375,-7131.0,259.7128601074219,-7628.1,-7564.4,-7499.7,-7307.0,-7131.0,-6951.75,-6765.2,-6717.7,-6574.8
39039,-7136.39990234375,124.70223236083984,100.06986999511719,109.50342450823102,-7136.39990234375,-7151.0,259.663818359375,-7628.18,-7585.3,-7500.9,-7307.0,-7151.0,-6951.75,-6776.8,-6717.7,-6592.64
39130,-7143.77978515625,124.45449829101562,100.05463409423828,108.89295741489956,-7143.77978515625,-7166.0,260.86895751953125,-7629.16,-7608.55,-7502.5,-7315.25,-7166.0,-6960.5,-6800.5,-6719.6,-6618.12
39221,-7148.43994140625,124.17830657958984,100.00619506835938,108.28692299979073,-7148.43994140625,-7173.0,260.58929443359375,-7629.16,-7608.55,-7502.6,-7338.5,-7173.0,-6969.75,-6802.4,-6719.6,-6618.12
39312,-7150.69970703125,123.86540985107422,99.94413757324219,107.63391222272601,-7150.7001953125,-7177.0,259.7548522949219,-7629.16,-7608.55,-7502.6,-7338.5,-7177.0,-6969.75,-6811.4,-6723.4,-6627.92
39403,-7153.61962890625,123.6340560913086,99.97282409667969,106.96598270961216,-7153.6201171875,-7186.5,260.35015869140625,-7629.16,-7619.45,-7502.6,-7338.5,-7186.5,-6969.75,-6811.4,-6723.4,-6627.96
39494,-7158.2197265625,123.36603546142578,99.95489501953125,106.3090580531529,-7158.22021484375,-7186.5,259.3064880371094,-7635.08,-7619.45,-7502.6,-7349.5,-7186.5,-6974.25,-6819.3,-6724.7,-6627.96
39585,-7162.599609375,123.126708984375,99.94002532958984,105.6966552734375,-7162.60009765625,-7188.0,259.70855712890625,-7639.08,-7628.25,-7502.6,-7352.75,-7188.0,-6980.25,-6823.6,-6724.7,-6669.120000000001
39676,-7169.19970703125,122.84823608398438,99.92040252685547,104.98907143729073,-7169.2001953125,-7188.0,260.33282470703125,-7649.44,-7643.05,-7502.6,-7358.5,-7188.0,-6984.25,-6823.6,-6745.9,-6669.56
39767,-7174.73974609375,122.60856628417969,99.91439056396484,104.3693117414202,-7174.740234375,-7193.5,261.4971618652344,-7667.08,-7644.15,-7515.2,-7363.0,-7193.5,-6991.0,-6823.6,-6745.9,-6669.56
39858,-7176.97998046875,122.34725952148438,99.89952850341797,103.7130377633231,-7176.97998046875,-7193.5,262.23406982421875,-7667.24,-7645.7,-7515.2,-7363.0,-7193.5,-6991.0,-6823.6,-6745.9,-6669.56
39949,-7181.73974609375,122.10586547851562,99.89457702636719,103.05678122384208,-7181.740234375,-7196.0,261.864013671875,-7667.44,-7645.7,-7527.8,-7366.5,-7196.0,-6991.0,-6823.6,-6745.9,-6669.56
40040,-7185.7197265625,121.87787628173828,99.88682556152344,102.45345306396484,-7185.72021484375,-7198.0,261.10223388671875,-7667.44,-7657.1,-7536.8,-7366.5,-7198.0,-7008.0,-6843.2,-6745.9,-6669.56
40131,-7189.7197265625,121.65843963623047,99.90278625488281,101.80935559953961,-7189.72021484375,-7201.5,261.334228515625,-7683.12,-7657.25,-7537.4,-7366.5,-7201.5,-7010.0,-6844.0,-6745.9,-6669.56
40222,-7195.2998046875,121.40364837646484,99.87555694580078,101.18612452915737,-7195.2998046875,-7210.5,262.3551330566406,-7683.12,-7657.25,-7537.4,-7368.75,-7210.5,-7010.0,-6844.0,-6745.9,-6669.56
40313,-7199.47998046875,121.21868133544922,99.916015625,100.56241389683315,-7199.47998046875,-7212.0,263.177490234375,-7683.12,-7657.25,-7539.6,-7368.75,-7212.0,-7010.0,-6844.0,-6746.3,-6669.56
40404,-7204.7197265625,120.96075439453125,99.89169311523438,99.9226804460798,-7204.72021484375,-7216.0,264.5916442871094,-7685.08,-7662.95,-7542.6,-7376.25,-7216.0,-7027.25,-6847.6,-6746.3,-6669.56
40495,-7209.1396484375,120.6834716796875,99.863037109375,99.2435062953404,-7209.14013671875,-7216.0,262.626953125,-7687.04,-7662.95,-7546.2,-7379.0,-7216.0,-7030.75,-6849.4,-6746.3,-6669.56
40586,-7214.15966796875,120.4555892944336,99.88130187988281,98.60441480364118,-7214.16015625,-7223.0,262.7016296386719,-7687.24,-7681.2,-7546.2,-7385.75,-7223.0,-7030.75,-6850.3,-6746.3,-6674.92
40677,-7216.65966796875,120.2326431274414,99.90016174316406,97.94275992257255,-7216.66015625,-7236.5,263.1882019042969,-7699.02,-7681.2,-7553.4,-7385.75,-7236.5,-7030.75,-6853.7,-6746.3,-6674.92
40768,-7218.81982421875,120.01282501220703,99.91627502441406,97.2667704990932,-7218.81982421875,-7240.0,263.80224609375,-7700.34,-7681.2,-7554.6,-7385.75,-7240.0,-7030.75,-6853.7,-6746.3,-6674.92
40859,-7221.83984375,119.76839447021484,99.89965057373047,96.60817282540458,-7221.83984375,-7240.0,263.1031799316406,-7700.34,-7683.1,-7554.6,-7385.75,-7240.0,-7035.0,-6853.7,-6746.8,-6692.64
40950,-7224.52001953125,119.53927612304688,99.90143585205078,95.96925245012555,-7224.52001953125,-7240.0,262.6305847167969,-7706.22,-7683.1,-7554.6,-7389.75,-7240.0,-7042.75,-6853.7,-6746.8,-6692.64
41041,-7229.31982421875,119.29087829589844,99.89710235595703,95.28881072998047,-7229.31982421875,-7252.5,261.39923095703125,-7717.0,-7683.1,-7554.6,-7402.0,-7252.5,-7054.0,-6870.2,-6785.3,-6692.64
41132,-7233.77978515625,119.0632553100586,99.90620422363281,94.63756016322544,-7233.77978515625,-7255.5,262.0475769042969,-7717.0,-7685.9,-7560.0,-7402.0,-7255.5,-7054.0,-6870.2,-6792.900000000001,-6702.4400000000005
41223,-7235.89990234375,118.87384796142578,99.91844940185547,94.03412846156529,-7235.89990234375,-7255.5,261.748291015625,-7717.0,-7685.9,-7560.0,-7402.0,-7255.5,-7056.75,-6870.2,-6792.900000000001,-6702.4400000000005
41314,-7241.31982421875,118.65262603759766,99.94328308105469,93.3443625313895,-7241.31982421875,-7264.5,262.54742431640625,-7722.46,-7693.5,-7560.0,-7402.0,-7264.5,-7062.25,-6895.4,-6793.4,-6702.4400000000005
41405,-7245.1396484375,118.43989562988281,99.95069885253906,92.69027165004185,-7245.14013671875,-7271.0,262.3531799316406,-7722.46,-7699.2,-7560.0,-7402.0,-7271.0,-7066.75,-6899.6,-6793.4,-6702.4400000000005
41496,-7247.11962890625,118.19322204589844,99.93901062011719,91.99225834437779,-7247.1201171875,-7271.0,263.5815734863281,-7722.58,-7703.15,-7561.8,-7415.25,-7271.0,-7066.75,-6899.6,-6793.4,-6702.4400000000005
41587,-7250.6796875,117.99566650390625,99.95407104492188,91.38956669398716,-7250.68017578125,-7272.5,263.536865234375,-7723.56,-7706.55,-7561.8,-7427.5,-7272.5,-7072.75,-6899.6,-6800.7,-6702.4400000000005
41678,-7255.5400390625,117.783447265625,99.95951843261719,90.75729806082589,-7255.5400390625,-7272.5,264.5312805175781,-7728.46,-7717.25,-7572.6,-7427.75,-7272.5,-7086.25,-6899.6,-6800.7,-6702.4400000000005
41769,-7259.15966796875,117.4852294921875,99.88489532470703,90.08932822091239,-7259.16015625,-7300.0,263.8963928222656,-7728.5,-7717.25,-7572.6,-7427.75,-7300.0,-7089.25,-6899.6,-6800.7,-6702.4400000000005
41860,-7262.31982421875,117.24639892578125,99.86198425292969,89.44056919642857,-7262.31982421875,-7304.0,263.60113525390625,-7739.28,-7722.05,-7575.3,-7427.75,-7304.0,-7089.25,-6899.6,-6821.9,-6702.4400000000005
41951,-7267.93994140625,117.06732940673828,99.90895080566406,88.79436601911273,-7267.93994140625,-7310.0,264.6208801269531,-7739.28,-7723.25,-7577.1,-7436.5,-7310.0,-7089.25,-6902.3,-6821.9,-6708.5
42042,-7272.580078125,116.83564758300781,99.90591430664062,88.11455426897321,-7272.580078125,-7310.0,266.590087890625,-7745.4,-7728.5,-7601.7,-7439.25,-7310.0,-7089.25,-6909.0,-6831.4,-6708.5
42133,-7276.759765625,116.63025665283203,99.90880584716797,87.48034340994698,-7276.759765625,-7322.0,264.825927734375,-7745.4,-7728.5,-7601.7,-7439.25,-7322.0,-7091.25,-6910.0,-6833.3,-6708.5
42224,-7280.6396484375,116.38202667236328,99.86107635498047,86.84159851074219,-7280.64013671875,-7324.0,266.5135803222656,-7777.72,-7745.3,-7601.7,-7443.5,-7324.0,-7093.75,-6910.0,-6833.3,-6708.5
42315,-7285.5,116.19792175292969,99.8837890625,86.19672611781529,-7285.5,-7325.0,265.4918518066406,-7777.72,-7745.3,-7654.7,-7450.0,-7325.0,-7097.75,-6933.4,-6833.3,-6732.02
42406,-7289.1796875,115.984375,99.88153839111328,85.52422332763672,-7289.18017578125,-7325.0,265.9109191894531,-7777.72,-7745.3,-7654.7,-7450.0,-7325.0,-7097.75,-6933.4,-6833.4,-6732.02
42497,-7294.27978515625,115.72030639648438,99.83659362792969,84.81195395333427,-7294.27978515625,-7327.5,267.0326232910156,-7783.6,-7745.8,-7654.7,-7466.5,-7327.5,-7103.25,-6933.4,-6833.4,-6741.88
42588,-7297.759765625,115.52085876464844,99.85568237304688,84.14644513811383,-7297.759765625,-7327.5,266.5711975097656,-7783.6,-7748.65,-7654.7,-7467.0,-7327.5,-7127.25,-6933.4,-6837.2,-6741.88
42679,-7302.6396484375,115.2579345703125,99.80050659179688,83.5013449532645,-7302.64013671875,-7336.5,264.7200927734375,-7813.06,-7748.65,-7654.7,-7475.5,-7336.5,-7133.0,-6935.4,-6838.7,-6742.38
42770,-7305.419921875,115.0470962524414,99.8009262084961,82.8443352835519,-7305.419921875,-7340.0,264.259033203125,-7813.06,-7748.65,-7654.7,-7475.5,-7340.0,-7133.0,-6935.4,-6838.7,-6754.14
42861,-7309.56005859375,114.79988861083984,99.76615142822266,82.1488789149693,-7309.56005859375,-7345.0,262.15863037109375,-7813.06,-7761.05,-7656.3,-7475.5,-7345.0,-7148.75,-6935.4,-6871.4,-6756.56
42952,-7313.419921875,114.60419464111328,99.78353881835938,81.44146728515625,-7313.419921875,-7348.5,261.9611511230469,-7813.06,-7761.05,-7656.3,-7499.0,-7348.5,-7162.25,-6935.4,-6871.4,-6756.56
43043,-7314.6396484375,114.35066986083984,99.73927307128906,80.76593453543526,-7314.64013671875,-7348.5,261.8926696777344,-7813.06,-7761.05,-7668.9,-7499.0,-7348.5,-7162.25,-6935.4,-6871.5,-6756.56
43134,-7318.080078125,114.18119812011719,99.76509094238281,80.11531066894531,-7318.080078125,-7348.5,260.2042541503906,-7813.06,-7761.05,-7668.9,-7499.0,-7348.5,-7166.75,-6963.9,-6871.5,-6768.32
43225,-7322.080078125,113.9526138305664,99.74943542480469,79.43312508719308,-7322.080078125,-7354.0,259.8953857421875,-7813.06,-7771.9,-7668.9,-7500.0,-7354.0,-7176.0,-6963.9,-6874.9,-6768.32
43316,-7325.759765625,113.78457641601562,99.78111267089844,78.77823420933315,-7325.759765625,-7354.0,258.4512939453125,-7813.14,-7771.9,-7668.9,-7500.0,-7354.0,-7177.5,-6964.5,-6894.0,-6791.84
43407,-7328.0,113.62659454345703,99.8238754272461,78.1445802961077,-7328.0,-7354.0,257.6941833496094,-7813.14,-7772.1,-7671.7,-7500.0,-7354.0,-7177.5,-6964.5,-6910.9,-6791.84
43498,-7330.35986328125,113.42333984375,99.83422088623047,77.46427263532367,-7330.35986328125,-7358.0,258.2113342285156,-7813.86,-7772.1,-7671.7,-7504.0,-7358.0,-7177.5,-6966.3,-6910.9,-6791.84
43589,-7334.6396484375,113.19029235839844,99.81025695800781,76.78242928641183,-7334.64013671875,-7358.0,256.1884765625,-7813.86,-7772.1,-7671.7,-7504.0,-7358.0,-7190.5,-6966.3,-6910.9,-6792.4400000000005
43680,-7337.1396484375,113.07312774658203,99.88944244384766,76.10671125139508,-7337.14013671875,-7358.0,255.17303466796875,-7813.86,-7772.35,-7684.3,-7507.0,-7358.0,-7199.25,-6971.4,-6910.9,-6792.4400000000005
43771,-7340.0,112.8711166381836,99.90534210205078,75.4042478288923,-7340.0,-7358.0,255.40811157226562,-7813.86,-7772.35,-7684.3,-7507.0,-7358.0,-7199.25,-6972.0,-6910.9,-6796.360000000001
43862,-7342.759765625,112.68365478515625,99.90434265136719,74.74177769252232,-7342.759765625,-7365.0,254.182861328125,-7816.8,-7774.7,-7684.3,-7507.0,-7365.0,-7200.0,-6990.9,-6910.9,-6833.6
43953,-7346.06005859375,112.46075439453125,99.87284088134766,74.06773158482143,-7346.06005859375,-7365.0,253.51895141601562,-7816.92,-7774.7,-7684.3,-7507.0,-7365.0,-7205.25,-6992.2,-6910.9,-6833.6
44044,-7350.06005859375,112.254150390625,99.8662109375,73.35758645193917,-7350.06005859375,-7365.0,256.7928771972656,-7857.38,-7809.1,-7684.3,-7509.0,-7365.0,-7206.0,-6992.2,-6918.5,-6833.6
44135,-7353.43994140625,112.01262664794922,99.8422622680664,72.61627524239677,-7353.43994140625,-7368.0,256.580078125,-7857.38,-7809.1,-7684.3,-7509.0,-7368.0,-7207.5,-6994.0,-6930.2,-6833.6
44226,-7357.15966796875,111.82208251953125,99.85888671875,71.87738909040179,-7357.16015625,-7376.0,257.0255126953125,-7857.5,-7811.7,-7686.6,-7515.25,-7376.0,-7207.5,-6994.0,-6930.2,-6833.7
44317,-7359.93994140625,111.63632202148438,99.88507080078125,71.145505632673,-7359.93994140625,-7391.0,257.07574462890625,-7857.5,-7812.05,-7697.6,-7521.75,-7391.0,-7207.5,-6994.0,-6945.4,-6833.7
44408,-7363.259765625,111.4282455444336,99.87786102294922,70.39759826660156,-7363.259765625,-7391.0,256.6827392578125,-7857.78,-7812.4,-7710.2,-7521.75,-7391.0,-7207.5,-6994.0,-6945.4,-6834.8
44499,-7365.43994140625,111.302001953125,99.93401336669922,69.7352763584682,-7365.43994140625,-7391.5,256.2420654296875,-7871.5,-7812.4,-7716.3,-7521.75,-7391.5,-7211.25,-6996.7,-6945.4,-6834.8
44590,-7368.69970703125,111.10714721679688,99.93805694580078,69.05354418073382,-7368.7001953125,-7391.5,256.427490234375,-7871.5,-7812.4,-7716.3,-7531.5,-7391.5,-7224.25,-6996.7,-6945.4,-6834.8
44681,-7371.93994140625,110.99309539794922,100.00123596191406,68.40117427280971,-7371.93994140625,-7392.5,256.4102478027344,-7871.5,-7812.4,-7737.1,-7531.5,-7392.5,-7224.25,-7005.1,-6945.4,-6834.8
44772,-7375.19970703125,110.82401275634766,100.0434799194336,67.66636112758091,-7375.2001953125,-7392.5,256.685302734375,-7871.5,-7812.55,-7737.5,-7536.5,-7392.5,-7224.25,-7005.1,-6951.1,-6834.8
44863,-7378.31982421875,110.63123321533203,100.03805541992188,66.97574942452567,-7378.31982421875,-7392.5,256.012939453125,-7871.5,-7812.55,-7737.5,-7555.5,-7392.5,-7226.5,-7005.6,-6951.8,-6834.8
44954,-7381.6396484375,110.42194366455078,100.03624725341797,66.21343558175224,-7381.64013671875,-7393.0,255.40542602539062,-7871.5,-7812.55,-7737.5,-7555.5,-7393.0,-7228.0,-7017.7,-6951.8,-6858.32
45045,-7384.599609375,110.24744415283203,100.0392837524414,65.51978737967355,-7384.60009765625,-7397.0,254.52027893066406,-7871.5,-7812.55,-7737.5,-7563.5,-7397.0,-7229.5,-7023.4,-6987.900000000001,-6858.46
45136,-7387.23974609375,110.01830291748047,99.99613189697266,64.75463976178851,-7387.240234375,-7397.0,254.64602661132812,-7871.5,-7812.55,-7737.5,-7563.5,-7397.0,-7231.0,-7023.8,-6991.7,-6858.46
45227,-7389.2998046875,109.8122329711914,99.9731674194336,64.04066249302456,-7389.2998046875,-7397.0,255.08047485351562,-7871.5,-7812.55,-7738.5,-7563.5,-7397.0,-7231.0,-7023.8,-6991.7,-6858.46
45318,-7390.6396484375,109.65599822998047,100.00409698486328,63.321044921875,-7390.64013671875,-7397.0,255.00881958007812,-7871.78,-7812.55,-7738.5,-7563.5,-7397.0,-7231.0,-7023.8,-6999.150000000001,-6858.46
45409,-7393.099609375,109.52820587158203,100.07108306884766,62.58820561000279,-7393.10009765625,-7397.0,254.492919921875,-7876.1,-7812.55,-7738.5,-7565.0,-7397.0,-7231.25,-7023.8,-7000.55,-6865.86
45500,-7395.7197265625,109.3121566772461,100.05996704101562,61.807686941964285,-7395.72021484375,-7397.0,253.63204956054688,-7876.18,-7812.55,-7738.5,-7565.0,-7397.0,-7231.25,-7028.6,-7000.55,-6865.86
45591,-7397.4599609375,109.20509338378906,100.121826171875,61.15574264526367,-7397.4599609375,-7400.0,254.1031494140625,-7885.98,-7813.65,-7738.5,-7565.25,-7400.0,-7231.25,-7036.7,-7000.55,-6865.86
45682,-7402.0,108.95392608642578,100.05717468261719,60.425320216587615,-7402.0,-7413.5,252.70223999023438,-7885.98,-7813.65,-7738.5,-7567.75,-7413.5,-7267.0,-7036.7,-7000.55,-6865.86
45773,-7404.56005859375,108.80838775634766,100.095458984375,59.672933850969585,-7404.56005859375,-7413.5,253.10968017578125,-7885.98,-7813.65,-7738.5,-7568.25,-7413.5,-7267.0,-7038.4,-7000.55,-6865.94
45864,-7406.83984375,108.58555603027344,100.04125213623047,58.95285252162388,-7406.83984375,-7416.5,252.8018035888672,-7897.78,-7813.65,-7738.5,-7572.75,-7416.5,-7267.0,-7041.1,-7000.55,-6871.86
45955,-7408.419921875,108.37712097167969,100.02529907226562,58.20718492780413,-7408.419921875,-7422.5,253.07186889648438,-7897.9,-7834.55,-7738.5,-7572.75,-7422.5,-7267.0,-7041.1,-7000.55,-6871.86
46046,-7410.7197265625,108.28543853759766,100.11241912841797,57.49436405726841,-7410.72021484375,-7422.5,252.6143035888672,-7897.9,-7834.55,-7738.5,-7572.75,-7422.5,-7267.0,-7048.7,-7001.95,-6871.86
46137,-7414.23974609375,108.11549377441406,100.11003112792969,56.788229261125835,-7414.240234375,-7427.0,254.2052001953125,-7898.06,-7855.9,-7739.1,-7575.5,-7427.0,-7267.0,-7048.7,-7003.85,-6871.94
46228,-7418.47998046875,107.94889831542969,100.12812805175781,56.02833502633231,-7418.47998046875,-7427.0,253.29916381835938,-7898.06,-7855.9,-7748.1,-7581.5,-7427.0,-7267.0,-7069.099999999999,-7025.7,-6894.54
46319,-7421.1796875,107.826904296875,100.18936157226562,55.21478870936802,-7421.18017578125,-7433.5,252.7300262451172,-7898.06,-7855.9,-7748.1,-7584.5,-7433.5,-7272.5,-7070.5,-7025.7,-6900.42
46410,-7425.33984375,107.7486801147461,100.27079010009766,54.49532863071987,-7425.33984375,-7438.0,253.6096649169922,-7921.58,-7856.2,-7758.3,-7584.5,-7438.0,-7281.5,-7070.5,-7025.7,-6900.7
46501,-7428.77978515625,107.56118774414062,100.23929595947266,53.7094977242606,-7428.77978515625,-7438.0,253.839111328125,-7921.58,-7856.2,-7761.8,-7589.0,-7438.0,-7281.5,-7077.7,-7025.7,-6900.7
46592,-7431.35986328125,107.42839813232422,100.2853012084961,52.89023808070591,-7431.35986328125,-7446.5,253.35557556152344,-7921.58,-7856.2,-7769.4,-7589.0,-7446.5,-7281.5,-7077.7,-7030.55,-6918.98
46683,-7433.599609375,107.23567962646484,100.27181243896484,52.13034003121512,-7433.60009765625,-7446.5,253.62725830078125,-7921.94,-7856.2,-7769.9,-7589.5,-7446.5,-7281.5,-7077.7,-7031.25,-6918.98
46774,-7437.43994140625,107.04751586914062,100.24153900146484,51.40984834943499,-7437.43994140625,-7447.5,252.6408233642578,-7921.94,-7856.2,-7769.9,-7592.0,-7447.5,-7296.5,-7079.5,-7031.25,-6918.98
46865,-7440.0400390625,106.83187866210938,100.21070861816406,50.65187999180385,-7440.0400390625,-7447.5,251.9035186767578,-7921.94,-7856.2,-7775.3,-7594.0,-7447.5,-7296.5,-7080.1,-7031.25,-6944.8
46956,-7441.31982421875,106.77052307128906,100.31380462646484,49.86849866594587,-7441.31982421875,-7454.0,252.17507934570312,-7921.94,-7856.2,-7775.3,-7594.0,-7454.0,-7296.5,-7080.1,-7031.25,-6944.8
47047,-7443.35986328125,106.59300994873047,100.28510284423828,49.1560298374721,-7443.35986328125,-7456.0,251.97328186035156,-7922.02,-7856.2,-7775.3,-7598.5,-7456.0,-7296.5,-7080.1,-7031.25,-6944.8
47138,-7445.099609375,106.37724304199219,100.25914001464844,48.28175789969308,-7445.10009765625,-7460.0,252.06539916992188,-7922.34,-7856.2,-7775.3,-7599.5,-7460.0,-7301.0,-7089.099999999999,-7031.35,-6944.8
47229,-7448.57958984375,106.32710266113281,100.3509750366211,47.53825814383371,-7448.580078125,-7469.5,252.7196044921875,-7924.3,-7856.2,-7791.2,-7599.5,-7469.5,-7303.0,-7089.099999999999,-7031.95,-6944.8
47320,-7450.11962890625,106.15746307373047,100.34489440917969,46.72076307024275,-7450.1201171875,-7476.0,253.3626708984375,-7924.3,-7860.0,-7791.2,-7599.5,-7476.0,-7303.0,-7089.099999999999,-7033.85,-6944.8
47411,-7452.419921875,105.96177673339844,100.32525634765625,45.82645198277065,-7452.419921875,-7485.0,251.71189880371094,-7924.3,-7860.0,-7791.4,-7608.5,-7485.0,-7305.75,-7097.3,-7044.5,-6953.62
47502,-7453.33984375,105.89546203613281,100.42794799804688,45.03639602661133,-7453.33984375,-7486.0,251.28997802734375,-7928.22,-7860.2,-7795.0,-7608.5,-7486.0,-7305.75,-7099.0,-7044.5,-6953.9
47593,-7456.27978515625,105.71647644042969,100.41669464111328,44.14995520455496,-7456.27978515625,-7486.0,250.07571411132812,-7932.14,-7860.2,-7795.4,-7608.5,-7486.0,-7312.25,-7099.0,-7044.5,-6956.94
47684,-7459.11962890625,105.63014221191406,100.5016098022461,43.3130258832659,-7459.1201171875,-7489.0,250.32595825195312,-7932.14,-7862.1,-7796.2,-7613.0,-7489.0,-7315.75,-7099.0,-7044.5,-6966.74
47775,-7461.1396484375,105.4679183959961,100.51704406738281,42.380980900355745,-7461.14013671875,-7490.0,249.8907012939453,-7932.14,-7862.1,-7796.2,-7614.0,-7490.0,-7315.75,-7099.0,-7044.5,-6978.5
47866,-7463.31982421875,105.41128540039062,100.6137466430664,41.526000431605745,-7463.31982421875,-7493.0,249.9423065185547,-7963.5,-7862.4,-7796.2,-7614.0,-7493.0,-7323.75,-7099.0,-7044.5,-6978.5
47957,-7465.56005859375,105.30895233154297,100.68671417236328,40.62701089041574,-7465.56005859375,-7496.0,249.5623016357422,-7963.5,-7862.8,-7796.2,-7614.0,-7496.0,-7325.25,-7099.0,-7044.5,-6978.54
48048,-7466.7998046875,105.18161010742188,100.71949768066406,39.73630578177316,-7466.7998046875,-7496.0,248.82086181640625,-7963.5,-7862.8,-7796.2,-7614.0,-7496.0,-7326.0,-7099.9,-7044.5,-6978.54
48139,-7468.2197265625,105.14105987548828,100.8381576538086,38.84275490897043,-7468.22021484375,-7496.0,248.4681396484375,-7963.5,-7862.8,-7796.2,-7614.0,-7496.0,-7329.5,-7099.9,-7055.9,-6978.54
48230,-7469.77978515625,104.98723602294922,100.8424301147461,38.02729688371931,-7469.77978515625,-7503.0,248.95542907714844,-7988.1,-7862.8,-7796.2,-7617.0,-7503.0,-7329.5,-7099.9,-7055.9,-6978.54
48321,-7472.259765625,104.91341400146484,100.91983032226562,37.15075193132673,-7472.259765625,-7505.0,249.6814727783203,-7988.1,-7862.8,-7796.2,-7620.0,-7505.0,-7331.75,-7099.9,-7055.9,-6978.9
48412,-7474.33984375,104.75454711914062,100.8933334350586,36.29613658360073,-7474.33984375,-7507.5,249.99261474609375,-7988.1,-7862.8,-7796.2,-7627.0,-7507.5,-7331.75,-7099.9,-7063.5,-6978.9
48503,-7475.7197265625,104.78215026855469,101.07438659667969,35.38086972917829,-7475.72021484375,-7508.0,249.6484375,-7993.06,-7864.7,-7796.2,-7627.0,-7508.0,-7332.5,-7102.0,-7063.5,-6978.9
48594,-7477.35986328125,104.70718383789062,101.16738891601562,34.41985866001674,-7477.35986328125,-7508.0,249.93377685546875,-7993.3,-7864.7,-7796.2,-7628.0,-7508.0,-7334.5,-7102.0,-7063.5,-6986.9
48685,-7478.73974609375,104.51825714111328,101.14306640625,33.47193036760603,-7478.740234375,-7513.5,249.42724609375,-7993.3,-7868.6,-7796.2,-7628.0,-7513.5,-7343.5,-7119.8,-7063.5,-6989.94
48776,-7480.27978515625,104.49524688720703,101.27741241455078,32.467900139944895,-7480.27978515625,-7513.5,248.9444580078125,-7993.3,-7878.3,-7801.6,-7628.0,-7513.5,-7343.5,-7120.3,-7063.5,-6992.92
48867,-7482.06005859375,104.509033203125,101.43103790283203,31.532475880214147,-7482.06005859375,-7515.5,247.53628540039062,-7993.3,-7878.3,-7801.6,-7631.0,-7515.5,-7343.5,-7120.3,-7063.5,-7023.9
48958,-7483.31982421875,104.4696273803711,101.5390853881836,30.64228085109166,-7483.31982421875,-7515.5,247.45713806152344,-7993.3,-7878.3,-7805.2,-7631.0,-7515.5,-7343.5,-7124.0,-7063.5,-7023.9
49049,-7484.73974609375,104.59789276123047,101.81919860839844,29.67143985203334,-7484.740234375,-7516.0,247.4507598876953,-7993.3,-7878.3,-7805.2,-7631.0,-7516.0,-7343.5,-7132.1,-7063.5,-7023.9
49140,-7485.83984375,104.5570297241211,101.93429565429688,28.533594948904856,-7485.83984375,-7516.0,247.83914184570312,-8001.14,-7878.3,-7807.0,-7640.0,-7516.0,-7343.5,-7132.1,-7063.5,-7023.9
49231,-7487.27978515625,104.52877807617188,102.0771713256836,27.416248866489955,-7487.27978515625,-7516.0,247.34152221679688,-8001.14,-7878.3,-7807.0,-7640.0,-7516.0,-7346.5,-7137.5,-7063.5,-7023.98
49322,-7488.43994140625,104.54074096679688,102.25405883789062,26.37645775931222,-7488.43994140625,-7516.0,247.45179748535156,-8001.14,-7878.3,-7807.0,-7640.0,-7516.0,-7346.5,-7137.5,-7063.5,-7023.98
49413,-7489.07958984375,104.68124389648438,102.54007720947266,25.28489657810756,-7489.080078125,-7516.0,247.40235900878906,-8001.14,-7878.3,-7807.0,-7640.0,-7516.0,-7346.5,-7137.5,-7063.5,-7023.98
49504,-7489.85986328125,105.02167510986328,102.99955749511719,24.29528726850237,-7489.85986328125,-7519.0,247.91102600097656,-8001.14,-7878.3,-7807.2,-7643.0,-7519.0,-7346.5,-7137.5,-7063.5,-7023.98
49595,-7490.83984375,105.17770385742188,103.31817626953125,23.12130274091448,-7490.83984375,-7519.0,248.0486297607422,-8001.14,-7880.2,-7809.9,-7643.0,-7519.0,-7346.5,-7137.5,-7063.5,-7023.98
49686,-7491.69970703125,105.50756072998047,103.78599548339844,22.045216424124582,-7491.7001953125,-7521.0,248.16134643554688,-8001.14,-7885.9,-7811.7,-7643.0,-7521.0,-7346.5,-7137.5,-7063.5,-7023.98
49777,-7492.56005859375,105.68632507324219,104.11898040771484,20.82798957824707,-7492.56005859375,-7521.0,248.30397033691406,-8008.1,-7893.5,-7811.7,-7643.25,-7521.0,-7346.5,-7137.5,-7063.5,-7023.98
49868,-7493.099609375,106.05270385742188,104.63123321533203,19.73604338509696,-7493.10009765625,-7521.0,248.7381134033203,-8008.1,-7901.1,-7811.7,-7643.25,-7521.0,-7346.5,-7137.5,-7063.5,-7023.98
49959,-7493.9599609375,106.3844223022461,105.09376525878906,18.534378869192942,-7493.9599609375,-7521.0,248.75999450683594,-8012.02,-7903.2,-7811.7,-7643.25,-7521.0,-7346.5,-7137.5,-7073.0,-7023.98
