step,best_fitness,avg_hamming,avg_l1,avg_entropy,mean,median,std,2%,5%,10%,25%,50%,75%,90%,95%,98%
91,-1162.919921875,255.9223175048828,16.38656997680664,353.9895760672433,-1162.9200439453125,-1143.5,180.7653045654297,-1618.02,-1497.9,-1416.0,-1242.75,-1143.5,-1055.5,-963.5999999999999,-887.95,-851.8000000000001
182,-1264.52001953125,255.8444061279297,18.13173484802246,353.7257516043527,-1264.52001953125,-1248.5,176.527587890625,-1633.16,-1618.05,-1500.3,-1346.75,-1248.5,-1140.5,-1066.8999999999999,-1017.2,-915.8000000000001
273,-1333.9599609375,255.7663116455078,19.692625045776367,353.46483939034596,-1333.9599609375,-1307.5,175.4349365234375,-1767.08,-1619.9,-1583.0,-1443.5,-1307.5,-1203.0,-1130.3999999999999,-1086.6,-1068.76
364,-1374.0999755859375,255.68829345703125,21.169811248779297,353.20167323521207,-1374.0999755859375,-1358.0,169.46365356445312,-1773.16,-1637.2,-1617.1,-1462.25,-1358.0,-1252.5,-1172.3,-1146.6,-1088.78
455,-1411.6400146484375,255.6123504638672,22.52741050720215,352.9417463030134,-1411.6400146484375,-1387.0,160.95518493652344,-1773.16,-1750.25,-1619.0,-1495.0,-1387.0,-1284.5,-1236.3999999999999,-1209.95,-1160.76
546,-1437.7999267578125,255.5362091064453,23.775297164916992,352.68668474469865,-1437.800048828125,-1415.0,168.93495178222656,-1774.14,-1759.4,-1646.8,-1548.0,-1415.0,-1314.75,-1242.9,-1218.85,-1193.1000000000001
637,-1459.2999267578125,255.45989990234375,24.968576431274414,352.429678780692,-1459.300048828125,-1438.0,159.7925262451172,-1774.14,-1759.4,-1699.9,-1567.25,-1438.0,-1345.75,-1259.7,-1241.45,-1215.8600000000001
728,-1475.719970703125,255.38702392578125,26.13335418701172,352.17239815848217,-1475.719970703125,-1461.5,156.9702606201172,-1784.92,-1767.2,-1709.1,-1574.75,-1461.5,-1358.5,-1277.5,-1256.55,-1241.5600000000002
819,-1494.3399658203125,255.3048095703125,27.224159240722656,351.9096112932478,-1494.3399658203125,-1475.0,154.7884521484375,-1835.88,-1771.05,-1729.3,-1598.5,-1475.0,-1383.25,-1305.6999999999998,-1272.9,-1256.7
910,-1504.679931640625,255.2196807861328,28.264951705932617,351.64412580217635,-1504.6800537109375,-1479.0,157.27198791503906,-1879.52,-1772.55,-1750.5,-1603.5,-1479.0,-1392.5,-1317.3,-1277.75,-1262.5800000000002
1001,-1517.159912109375,255.1456756591797,29.28850555419922,351.3884538922991,-1517.1600341796875,-1494.0,158.4890899658203,-1879.52,-1785.5,-1755.4,-1617.25,-1494.0,-1412.25,-1317.3,-1282.5,-1262.5800000000002
1092,-1524.8599853515625,255.06503295898438,30.264698028564453,351.12992204938615,-1524.8599853515625,-1498.0,154.98284912109375,-1879.52,-1785.5,-1755.4,-1618.25,-1498.0,-1412.25,-1330.6,-1304.95,-1272.96
1183,-1534.93994140625,254.99017333984375,31.16313934326172,350.88242885044644,-1534.93994140625,-1516.0,153.1377716064453,-1879.52,-1801.65,-1759.8,-1619.0,-1516.0,-1436.25,-1333.7,-1307.9,-1272.96
1274,-1554.1199951171875,254.91773986816406,32.11287307739258,350.6240713936942,-1554.1199951171875,-1531.0,144.40374755859375,-1879.52,-1812.1,-1759.8,-1628.0,-1531.0,-1451.0,-1375.0,-1333.85,-1299.66
1365,-1568.1400146484375,254.83944702148438,32.99298858642578,350.3680332728795,-1568.1400146484375,-1547.5,146.89071655273438,-1896.18,-1833.1,-1771.1,-1650.0,-1547.5,-1464.5,-1384.8999999999999,-1346.3500000000001,-1305.88
1456,-1580.3399658203125,254.7677459716797,33.865638732910156,350.1152605329241,-1580.3399658203125,-1574.0,143.17507934570312,-1896.18,-1833.1,-1772.8,-1677.0,-1574.0,-1483.5,-1392.3,-1374.6,-1343.74
1547,-1592.199951171875,254.68167114257812,34.707942962646484,349.8516148158482,-1592.199951171875,-1579.0,142.43629455566406,-1905.36,-1837.2,-1785.7,-1688.25,-1579.0,-1493.0,-1407.3,-1379.75,-1346.94
1638,-1608.699951171875,254.5986328125,35.54051971435547,349.5841500418527,-1608.699951171875,-1589.5,141.66372680664062,-1905.36,-1856.2,-1813.0,-1705.0,-1589.5,-1502.75,-1449.6,-1404.55,-1374.8400000000001
1729,-1610.93994140625,254.51734924316406,36.36482238769531,349.31827654157365,-1610.93994140625,-1589.5,139.66867065429688,-1905.36,-1856.2,-1813.0,-1705.0,-1589.5,-1511.25,-1460.8999999999999,-1407.85,-1392.64
1820,-1614.7999267578125,254.43296813964844,37.124290466308594,349.0565708705357,-1614.800048828125,-1598.5,139.16830444335938,-1905.36,-1856.2,-1813.0,-1705.0,-1598.5,-1514.75,-1460.8999999999999,-1407.85,-1392.64
1911,-1620.419921875,254.35523986816406,37.91563034057617,348.7952314104353,-1620.4200439453125,-1604.0,139.96485900878906,-1905.36,-1875.2,-1831.2,-1710.75,-1604.0,-1514.75,-1460.8999999999999,-1412.75,-1395.94
2002,-1623.7999267578125,254.27133178710938,38.671173095703125,348.5304870605469,-1623.800048828125,-1608.5,140.27993774414062,-1905.36,-1875.2,-1831.2,-1726.75,-1608.5,-1514.75,-1460.8999999999999,-1412.75,-1395.94
2093,-1629.3199462890625,254.19180297851562,39.41129684448242,348.2682582310268,-1629.3199462890625,-1615.5,139.67532348632812,-1905.36,-1875.2,-1831.2,-1751.25,-1615.5,-1515.0,-1477.3,-1412.75,-1395.94
2184,-1632.199951171875,254.1066131591797,40.146175384521484,348.0006016322545,-1632.199951171875,-1618.5,136.574462890625,-1905.36,-1875.2,-1831.2,-1751.25,-1618.5,-1516.5,-1482.6,-1432.0,-1404.82
2275,-1636.7799072265625,254.0153045654297,40.84714126586914,347.7311314174107,-1636.780029296875,-1619.0,133.2082977294922,-1905.36,-1875.2,-1831.2,-1751.25,-1619.0,-1521.75,-1488.8,-1436.8,-1407.94
2366,-1645.1400146484375,253.9224395751953,41.55846405029297,347.4523184640067,-1645.1400146484375,-1623.0,138.4720916748047,-1923.0,-1879.85,-1833.2,-1757.5,-1623.0,-1521.75,-1488.8,-1450.3,-1425.74
2457,-1651.8599853515625,253.83468627929688,42.25918960571289,347.17833164760043,-1651.8599853515625,-1632.5,136.96263122558594,-1923.0,-1879.85,-1835.0,-1762.0,-1632.5,-1532.25,-1492.6,-1461.0,-1432.8600000000001
2548,-1654.47998046875,253.75189208984375,42.960350036621094,346.9067905970982,-1654.47998046875,-1635.0,138.26449584960938,-1923.0,-1879.85,-1835.0,-1771.0,-1635.0,-1532.25,-1492.6,-1461.0,-1432.8600000000001
2639,-1655.8399658203125,253.67025756835938,43.632747650146484,346.6386021205357,-1655.8399658203125,-1635.0,137.01792907714844,-1923.0,-1879.85,-1835.0,-1771.0,-1635.0,-1541.0,-1493.0,-1461.95,-1432.8600000000001
2730,-1670.3399658203125,253.572265625,44.28992462158203,346.35756138392856,-1670.3399658203125,-1655.5,140.02093505859375,-1925.64,-1896.45,-1837.0,-1772.5,-1655.5,-1549.75,-1508.3,-1485.75,-1450.64
2821,-1677.760009765625,253.4741973876953,44.94780349731445,346.07066127232144,-1677.760009765625,-1662.5,143.26187133789062,-2037.36,-1905.9,-1857.0,-1775.5,-1662.5,-1560.5,-1513.5,-1485.75,-1450.64
2912,-1688.659912109375,253.38050842285156,45.628353118896484,345.7832772391183,-1688.6600341796875,-1678.5,139.14675903320312,-2037.36,-1905.9,-1862.4,-1781.25,-1678.5,-1579.5,-1515.0,-1499.3500000000001,-1460.8
3003,-1694.9599609375,253.29017639160156,46.27432632446289,345.50486537388394,-1694.9599609375,-1681.0,146.10426330566406,-2056.06,-1923.0,-1875.4,-1785.0,-1681.0,-1579.5,-1515.0,-1499.3500000000001,-1460.8
3094,-1696.8800048828125,253.1943359375,46.910308837890625,345.2184361049107,-1696.8800048828125,-1683.0,144.01153564453125,-2056.06,-1923.0,-1875.4,-1785.0,-1683.0,-1583.75,-1521.9,-1501.9,-1461.98
3185,-1700.97998046875,253.09742736816406,47.538394927978516,344.9340515136719,-1700.97998046875,-1688.0,141.82489013671875,-2056.06,-1923.0,-1875.4,-1785.0,-1688.0,-1592.0,-1531.8999999999999,-1501.9,-1461.98
3276,-1701.739990234375,252.99705505371094,48.131622314453125,344.65063040597096,-1701.739990234375,-1689.5,141.34408569335938,-2056.06,-1923.0,-1875.4,-1785.0,-1689.5,-1592.0,-1541.1,-1501.9,-1461.98
3367,-1703.6199951171875,252.89576721191406,48.741756439208984,344.35718209402904,-1703.6199951171875,-1693.5,141.79547119140625,-2056.06,-1923.6,-1879.0,-1786.25,-1693.5,-1592.0,-1541.3,-1513.4,-1461.98
3458,-1705.5,252.79197692871094,49.35932922363281,344.0590384347098,-1705.5,-1696.0,141.98680114746094,-2056.06,-1923.6,-1879.0,-1792.25,-1696.0,-1592.0,-1541.3,-1513.4,-1461.98
3549,-1717.4599609375,252.6747589111328,49.94151306152344,343.7581220354353,-1717.4599609375,-1701.0,148.2253875732422,-2073.7,-2037.9,-1906.8,-1805.5,-1701.0,-1609.25,-1544.8,-1514.95,-1461.98
3640,-1719.89990234375,252.5517578125,50.54708480834961,343.44024658203125,-1719.9000244140625,-1706.5,146.65499877929688,-2073.7,-2037.9,-1906.8,-1805.5,-1706.5,-1612.75,-1545.0,-1520.7,-1461.98
3731,-1722.159912109375,252.42369079589844,51.13959884643555,343.1150817871094,-1722.1600341796875,-1706.5,148.9174041748047,-2073.7,-2037.9,-1923.0,-1807.75,-1706.5,-1612.75,-1545.0,-1520.7,-1461.98
3822,-1733.179931640625,252.3116912841797,51.728843688964844,342.80704171316967,-1733.1800537109375,-1723.0,147.16964721679688,-2073.7,-2037.9,-1923.9,-1810.25,-1723.0,-1620.5,-1548.6,-1527.65,-1512.9400000000003
3913,-1736.5,252.1870880126953,52.3061408996582,342.48699951171875,-1736.5,-1728.0,144.88937377929688,-2073.7,-2037.9,-1923.9,-1810.25,-1728.0,-1639.0,-1558.0,-1527.65,-1512.9400000000003
4004,-1749.5999755859375,252.06585693359375,52.88534164428711,342.1684047154018,-1749.5999755859375,-1744.5,146.3097381591797,-2073.7,-2050.25,-1938.4,-1815.5,-1744.5,-1649.5,-1579.3,-1532.4,-1512.9400000000003
4095,-1756.5399169921875,251.94064331054688,53.47079849243164,341.8395429338728,-1756.5400390625,-1751.0,139.38352966308594,-2073.7,-2050.25,-1938.4,-1815.5,-1751.0,-1659.75,-1582.7,-1549.0,-1524.92
4186,-1765.5999755859375,251.7985076904297,54.037540435791016,341.4988708496094,-1765.5999755859375,-1752.5,140.90089416503906,-2108.58,-2055.2,-1971.9,-1825.0,-1752.5,-1672.5,-1600.6,-1558.5,-1524.92
4277,-1772.0799560546875,251.6573944091797,54.606544494628906,341.1556876046317,-1772.0799560546875,-1754.0,137.15733337402344,-2108.58,-2055.2,-1971.9,-1831.5,-1754.0,-1687.0,-1612.9,-1581.3000000000002,-1524.92
4368,-1776.02001953125,251.51890563964844,55.13100051879883,340.8273271833147,-1776.02001953125,-1754.0,140.08447265625,-2108.58,-2059.7,-1998.5,-1833.5,-1754.0,-1687.0,-1614.8,-1587.0,-1524.92
4459,-1787.419921875,251.37103271484375,55.67402648925781,340.47816685267856,-1787.4200439453125,-1768.5,138.6066436767578,-2108.58,-2059.7,-2005.8,-1846.5,-1768.5,-1694.5,-1632.0,-1601.75,-1544.6000000000001
4550,-1791.179931640625,251.225830078125,56.22845458984375,340.1253095354353,-1791.1800537109375,-1768.5,147.0747833251953,-2137.14,-2074.1,-2031.6,-1846.5,-1768.5,-1694.5,-1632.0,-1601.75,-1544.6000000000001
4641,-1798.0599365234375,251.09002685546875,56.78215789794922,339.7856183733259,-1798.06005859375,-1771.0,147.0125732421875,-2137.14,-2074.1,-2038.0,-1851.25,-1771.0,-1696.5,-1649.5,-1612.45,-1544.6000000000001
4732,-1811.8599853515625,250.930419921875,57.31468200683594,339.4200003487723,-1811.8599853515625,-1779.0,145.82688903808594,-2137.14,-2074.1,-2050.5,-1876.0,-1779.0,-1714.25,-1661.9,-1632.5,-1600.4600000000003
4823,-1824.219970703125,250.75624084472656,57.850040435791016,339.03494698660717,-1824.219970703125,-1782.0,152.8662567138672,-2146.74,-2108.55,-2055.4,-1906.25,-1782.0,-1719.5,-1662.9,-1644.4,-1612.78
4914,-1834.52001953125,250.5955047607422,58.39462661743164,338.6636439732143,-1834.52001953125,-1789.0,151.97219848632812,-2183.0,-2119.9,-2059.4,-1911.25,-1789.0,-1730.75,-1670.9,-1654.95,-1632.6000000000001
5005,-1844.699951171875,250.43899536132812,58.9085807800293,338.30286952427457,-1844.699951171875,-1799.0,151.45709228515625,-2183.0,-2137.35,-2064.0,-1917.0,-1799.0,-1744.25,-1687.1,-1654.95,-1632.6000000000001
5096,-1852.419921875,250.25985717773438,59.427330017089844,337.915030343192,-1852.4200439453125,-1803.0,159.0979766845703,-2251.6,-2148.7,-2096.3,-1925.25,-1803.0,-1748.75,-1687.1,-1654.95,-1632.6000000000001
5187,-1864.719970703125,250.08335876464844,59.933433532714844,337.53210013253346,-1864.719970703125,-1817.0,156.64080810546875,-2251.6,-2148.7,-2096.3,-1943.5,-1817.0,-1754.5,-1697.0,-1654.95,-1632.6000000000001
5278,-1877.0599365234375,249.90185546875,60.46211242675781,337.1371285574777,-1877.06005859375,-1820.0,167.18557739257812,-2287.24,-2235.8,-2120.0,-1979.25,-1820.0,-1759.75,-1704.1999999999998,-1654.95,-1632.6000000000001
5369,-1887.0399169921875,249.70887756347656,60.97217559814453,336.7273864746094,-1887.0400390625,-1828.0,169.82962036132812,-2299.16,-2252.5,-2122.7,-1980.5,-1828.0,-1773.25,-1718.6,-1687.7,-1654.16
5460,-1895.93994140625,249.5149383544922,61.46836853027344,336.32310703822543,-1895.93994140625,-1851.0,166.53018188476562,-2299.16,-2252.5,-2122.7,-2003.0,-1851.0,-1775.0,-1734.6,-1704.15,-1670.68
5551,-1906.739990234375,249.31463623046875,61.954811096191406,335.9105747767857,-1906.739990234375,-1858.5,170.8398895263672,-2299.16,-2252.5,-2144.3,-2009.5,-1858.5,-1776.5,-1740.3999999999999,-1705.0,-1681.46
5642,-1922.2799072265625,249.1207275390625,62.4443244934082,335.50062779017856,-1922.280029296875,-1889.5,170.8671417236328,-2299.16,-2275.3,-2154.2,-2026.5,-1889.5,-1794.75,-1743.7,-1707.85,-1683.42
5733,-1945.739990234375,248.9196014404297,62.933250427246094,335.0829554966518,-1945.739990234375,-1916.0,182.2539825439453,-2309.6,-2281.3,-2235.1,-2055.0,-1916.0,-1815.5,-1743.7,-1718.3,-1683.42
5824,-1954.239990234375,248.72056579589844,63.432106018066406,334.66051810128346,-1954.239990234375,-1922.0,179.22154235839844,-2309.6,-2281.3,-2236.6,-2055.0,-1922.0,-1820.0,-1746.7,-1718.9,-1701.72
5915,-1970.5198974609375,248.523681640625,63.929161071777344,334.2409101213728,-1970.52001953125,-1935.5,187.159912109375,-2437.94,-2287.6,-2242.9,-2061.5,-1935.5,-1823.0,-1759.9,-1730.45,-1714.74
6006,-1987.8599853515625,248.323974609375,64.4128189086914,333.81554739815846,-1987.8599853515625,-1944.5,191.70030212402344,-2437.94,-2299.4,-2253.4,-2108.25,-1944.5,-1831.75,-1771.0,-1749.7,-1719.9
6097,-1996.7999267578125,248.09568786621094,64.88377380371094,333.3663112095424,-1996.800048828125,-1949.5,188.4283905029297,-2437.94,-2299.4,-2253.4,-2108.25,-1949.5,-1843.0,-1784.0,-1765.65,-1730.78
6188,-2007.97998046875,247.85968017578125,65.33457946777344,332.91554478236606,-2007.97998046875,-1978.0,188.08056640625,-2437.94,-2299.4,-2275.4,-2128.25,-1978.0,-1854.0,-1788.8,-1771.0,-1743.52
6279,-2036.3399658203125,247.64599609375,65.82904815673828,332.4705897739955,-2036.3399658203125,-2004.0,199.83230590820312,-2484.86,-2431.3,-2288.2,-2168.75,-2004.0,-1895.0,-1799.8999999999999,-1772.9,-1758.7
6370,-2057.260009765625,247.4215087890625,66.28417205810547,332.02512904575894,-2057.260009765625,-2013.0,210.87359619140625,-2528.8,-2437.7,-2361.2,-2200.0,-2013.0,-1916.5,-1809.9,-1784.5,-1770.46
6461,-2068.239990234375,247.17337036132812,66.715087890625,331.5580269949777,-2068.239990234375,-2028.0,205.03579711914062,-2528.8,-2437.7,-2361.2,-2207.0,-2028.0,-1921.0,-1839.6999999999998,-1786.9,-1774.92
6552,-2087.199951171875,246.93099975585938,67.16645050048828,331.08765084402904,-2087.199951171875,-2045.0,207.48094177246094,-2528.8,-2437.7,-2388.8,-2237.25,-2045.0,-1923.75,-1842.8,-1807.9,-1774.92
6643,-2102.320068359375,246.6892547607422,67.61644744873047,330.6178981236049,-2102.320068359375,-2061.0,207.12112426757812,-2528.8,-2451.3,-2407.4,-2247.5,-2061.0,-1942.75,-1849.5,-1808.8500000000001,-1774.92
6734,-2122.820068359375,246.44778442382812,68.05831146240234,330.1485508510045,-2122.820068359375,-2095.0,206.78652954101562,-2528.8,-2451.3,-2423.6,-2282.5,-2095.0,-1964.5,-1877.8999999999996,-1827.1000000000001,-1786.68
6825,-2133.43994140625,246.18194580078125,68.46941375732422,329.6625191824777,-2133.43994140625,-2106.5,200.87205505371094,-2528.8,-2451.3,-2423.6,-2287.0,-2106.5,-1978.5,-1911.7,-1840.3500000000001,-1786.68
6916,-2154.47998046875,245.92022705078125,68.90731811523438,329.1703142438616,-2154.47998046875,-2124.0,209.3296661376953,-2617.26,-2486.15,-2431.6,-2299.5,-2124.0,-1996.25,-1911.7,-1840.8,-1794.52
7007,-2192.52001953125,245.65353393554688,69.30892944335938,328.679940359933,-2192.52001953125,-2163.5,214.15513610839844,-2631.26,-2528.9,-2451.6,-2349.0,-2163.5,-2035.75,-1937.1999999999998,-1849.55,-1794.52
7098,-2204.300048828125,245.40615844726562,69.71282196044922,328.20885794503346,-2204.300048828125,-2193.5,210.18394470214844,-2631.26,-2528.9,-2457.2,-2352.25,-2193.5,-2048.5,-1943.5,-1892.7500000000002,-1835.6800000000003
7189,-2231.099853515625,245.13958740234375,70.14769744873047,327.70826503208707,-2231.10009765625,-2233.0,209.91819763183594,-2638.12,-2567.6,-2461.5,-2381.5,-2233.0,-2062.0,-1966.8,-1918.9,-1840.92
7280,-2254.139892578125,244.85533142089844,70.54254150390625,327.1959795270647,-2254.139892578125,-2249.0,210.4762420654297,-2695.0,-2617.65,-2485.3,-2389.5,-2249.0,-2103.0,-1979.6,-1920.8,-1841.9
7371,-2263.679931640625,244.5780792236328,70.93221282958984,326.6931719098772,-2263.679931640625,-2290.5,214.16244506835938,-2695.0,-2617.65,-2513.2,-2423.25,-2290.5,-2103.0,-1979.6,-1920.8,-1845.82
7462,-2295.93994140625,244.29281616210938,71.34810638427734,326.1664254324777,-2295.93994140625,-2327.0,217.1047821044922,-2695.0,-2630.35,-2570.5,-2437.0,-2327.0,-2132.0,-2023.3999999999999,-1964.85,-1845.82
7553,-2318.47998046875,243.99325561523438,71.73051452636719,325.6357683454241,-2318.47998046875,-2347.5,225.3214111328125,-2773.4,-2677.8,-2618.3,-2443.0,-2347.5,-2152.25,-2047.6,-1972.7,-1845.82
7644,-2340.4599609375,243.6968536376953,72.1329116821289,325.100830078125,-2340.4599609375,-2362.5,217.75686645507812,-2773.4,-2677.8,-2618.3,-2453.25,-2362.5,-2175.5,-2066.1,-1980.6,-1939.9000000000003
7735,-2385.419921875,243.40243530273438,72.53276062011719,324.56378173828125,-2385.419921875,-2385.0,229.7694549560547,-2922.62,-2774.0,-2663.8,-2512.0,-2385.0,-2221.0,-2101.9,-2026.25,-1964.5400000000002
7826,-2417.31982421875,243.11195373535156,72.90644073486328,324.0364205496652,-2417.320068359375,-2403.5,223.4281005859375,-2922.62,-2794.1,-2672.5,-2549.0,-2403.5,-2295.75,-2148.6,-2044.5,-1964.5400000000002
7917,-2447.93994140625,242.8204803466797,73.27783203125,323.51043701171875,-2447.93994140625,-2414.5,225.19720458984375,-3003.34,-2879.2,-2774.6,-2593.75,-2414.5,-2304.0,-2203.5,-2135.95,-2058.7200000000003
8008,-2467.81982421875,242.51824951171875,73.65833282470703,322.9665963309152,-2467.820068359375,-2430.5,224.82789611816406,-3003.34,-2879.2,-2774.6,-2610.25,-2430.5,-2321.0,-2219.5,-2149.3,-2058.7200000000003
8099,-2500.800048828125,242.19854736328125,74.01403045654297,322.4084254673549,-2500.800048828125,-2461.0,229.7515411376953,-3069.26,-2921.0,-2795.2,-2619.5,-2461.0,-2350.5,-2261.2,-2167.1,-2059.98
8190,-2512.52001953125,241.8795166015625,74.38302612304688,321.8443865094866,-2512.52001953125,-2481.5,225.77047729492188,-3069.26,-2921.0,-2815.2,-2643.5,-2481.5,-2352.5,-2268.4,-2202.9500000000003,-2130.5400000000004
8281,-2533.119873046875,241.56204223632812,74.74827575683594,321.2833818708147,-2533.1201171875,-2485.0,226.14129638671875,-3069.26,-2922.0,-2835.2,-2666.5,-2485.0,-2378.0,-2281.6,-2252.55,-2171.7000000000003
8372,-2549.02001953125,241.23728942871094,75.07740783691406,320.7274169921875,-2549.02001953125,-2507.5,228.22967529296875,-3069.26,-2922.6,-2856.6,-2685.5,-2507.5,-2397.75,-2281.6,-2252.55,-2171.7000000000003
8463,-2561.280029296875,240.89979553222656,75.42660522460938,320.1438511439732,-2561.280029296875,-2523.0,231.78131103515625,-3083.26,-2955.45,-2878.6,-2687.0,-2523.0,-2405.25,-2316.6,-2254.95,-2171.7000000000003
8554,-2606.159912109375,240.57998657226562,75.80363464355469,319.56986345563615,-2606.159912109375,-2583.5,241.92286682128906,-3090.12,-3037.95,-2926.0,-2753.25,-2583.5,-2430.0,-2333.9,-2263.55,-2190.98
8645,-2640.239990234375,240.25274658203125,76.16083526611328,318.99341256277904,-2640.239990234375,-2609.0,265.6325378417969,-3100.9,-3082.35,-3003.7,-2784.0,-2609.0,-2451.75,-2358.2999999999997,-2263.55,-2190.98
8736,-2678.300048828125,239.9257354736328,76.4921875,318.42808314732144,-2678.300048828125,-2635.0,259.830810546875,-3115.6,-3097.15,-3037.9,-2831.5,-2635.0,-2490.5,-2396.7,-2317.9500000000003,-2204.88
8827,-2702.5400390625,239.5699920654297,76.81462097167969,317.82862636021207,-2702.5400390625,-2665.5,262.3530578613281,-3139.12,-3100.25,-3056.0,-2844.0,-2665.5,-2509.75,-2402.8,-2363.4500000000003,-2271.6400000000003
8918,-2730.9599609375,239.22665405273438,77.12422180175781,317.25069754464283,-2730.9599609375,-2711.0,261.2846374511719,-3139.12,-3105.5,-3082.7,-2904.5,-2711.0,-2552.0,-2439.1,-2374.5,-2271.6400000000003
9009,-2764.099853515625,238.88377380371094,77.44956970214844,316.6656276157924,-2764.10009765625,-2752.5,262.3168640136719,-3146.86,-3127.6,-3097.2,-2963.0,-2752.5,-2581.25,-2453.7,-2401.2000000000003,-2317.2200000000003
9100,-2800.4599609375,238.53143310546875,77.78205108642578,316.05784824916293,-2800.4599609375,-2780.0,251.92047119140625,-3240.46,-3139.2,-3099.1,-2981.75,-2780.0,-2618.0,-2496.9,-2430.1,-2402.28
9191,-2831.099853515625,238.1962890625,78.1068115234375,315.4712437220982,-2831.10009765625,-2811.5,261.07470703125,-3410.18,-3240.75,-3115.8,-3003.75,-2811.5,-2641.75,-2531.6,-2450.0,-2405.2200000000003
9282,-2849.280029296875,237.8483123779297,78.42152404785156,314.8735918317522,-2849.280029296875,-2812.0,251.06092834472656,-3419.16,-3296.7,-3115.8,-3003.75,-2812.0,-2668.25,-2601.5,-2511.3,-2430.84
9373,-2878.33984375,237.49786376953125,78.72945404052734,314.2759268624442,-2878.340087890625,-2816.0,266.8291931152344,-3432.56,-3410.45,-3192.1,-3014.0,-2816.0,-2682.0,-2616.3999999999996,-2535.75,-2440.8
9464,-2906.639892578125,237.1555633544922,79.00546264648438,313.69498116629467,-2906.639892578125,-2845.5,262.6479187011719,-3432.56,-3410.45,-3265.1,-3082.0,-2845.5,-2709.0,-2630.8,-2573.1,-2511.02
9555,-2928.419921875,236.81629943847656,79.30439758300781,313.1137128557478,-2928.419921875,-2852.5,267.6769104003906,-3511.8,-3419.4,-3302.6,-3097.5,-2852.5,-2750.5,-2642.7,-2600.65,-2536.58
9646,-2946.219970703125,236.4687957763672,79.57339477539062,312.534920828683,-2946.219970703125,-2884.0,277.6112060546875,-3649.68,-3427.2,-3353.2,-3106.0,-2884.0,-2755.5,-2644.9,-2600.65,-2536.58
9737,-2972.5,236.1110076904297,79.85708618164062,311.9305637904576,-2972.5,-2909.0,291.7738037109375,-3688.12,-3427.2,-3392.0,-3137.75,-2909.0,-2764.5,-2656.7,-2617.2,-2572.28
9828,-2992.419921875,235.7486572265625,80.14389038085938,311.3188694545201,-2992.419921875,-2944.5,301.337890625,-3835.12,-3434.9,-3401.9,-3188.5,-2944.5,-2779.75,-2656.7,-2617.2,-2572.28
9919,-3013.659912109375,235.3941192626953,80.46220397949219,310.6984340122768,-3013.659912109375,-2963.0,302.69964599609375,-3835.12,-3512.9,-3413.6,-3205.25,-2963.0,-2787.25,-2668.0,-2623.85,-2584.8
10010,-3026.3798828125,235.04669189453125,80.75223541259766,310.097176688058,-3026.3798828125,-2972.0,299.0390319824219,-3835.12,-3512.9,-3419.8,-3205.25,-2972.0,-2800.25,-2684.0,-2653.5,-2601.66
10101,-3053.739990234375,234.69375610351562,81.04267120361328,309.4877362932478,-3053.739990234375,-2999.5,291.6440734863281,-3835.12,-3516.7,-3431.1,-3216.25,-2999.5,-2817.75,-2701.7,-2668.25,-2630.42
10192,-3091.3798828125,234.3486328125,81.33855438232422,308.88875470842635,-3091.3798828125,-3049.0,287.3543395996094,-3903.72,-3591.8,-3432.1,-3226.75,-3049.0,-2901.0,-2770.6,-2689.75,-2652.96
10283,-3120.419921875,234.00067138671875,81.60659790039062,308.2903398786272,-3120.419921875,-3090.0,284.04522705078125,-3903.72,-3591.8,-3441.6,-3275.0,-3090.0,-2922.0,-2791.9,-2701.4,-2667.6600000000003
10374,-3141.719970703125,233.64462280273438,81.87814331054688,307.6799534388951,-3141.719970703125,-3112.5,276.67724609375,-3903.72,-3664.0,-3466.8,-3290.75,-3112.5,-2960.0,-2828.9,-2763.75,-2684.6800000000003
10465,-3161.300048828125,233.2922821044922,82.14081573486328,307.07267107282365,-3161.300048828125,-3120.5,270.398681640625,-3903.72,-3664.0,-3485.5,-3325.5,-3120.5,-2973.25,-2864.3999999999996,-2813.35,-2689.58
10556,-3186.139892578125,232.93283081054688,82.40270233154297,306.4684535435268,-3186.139892578125,-3144.5,278.287841796875,-3903.72,-3710.45,-3579.8,-3339.25,-3144.5,-2978.0,-2900.0,-2832.85,-2765.0400000000004
10647,-3222.699951171875,232.57772827148438,82.6626968383789,305.85687255859375,-3222.699951171875,-3200.5,272.27349853515625,-3903.72,-3774.1,-3599.6,-3364.75,-3200.5,-3015.25,-2918.7,-2845.75,-2828.7400000000002
10738,-3243.199951171875,232.2158203125,82.9002914428711,305.2498561314174,-3243.199951171875,-3221.0,263.9061584472656,-3903.72,-3774.1,-3599.6,-3391.5,-3221.0,-3048.5,-2927.9,-2879.25,-2828.7400000000002
10829,-3262.219970703125,231.84149169921875,83.14401245117188,304.6298522949219,-3262.219970703125,-3244.5,273.62298583984375,-3903.84,-3814.95,-3685.1,-3397.5,-3244.5,-3053.75,-2927.9,-2879.25,-2829.54
10920,-3282.159912109375,231.47691345214844,83.38877868652344,304.0093688964844,-3282.159912109375,-3264.0,270.26141357421875,-3903.84,-3814.95,-3685.1,-3451.0,-3264.0,-3087.5,-2960.3999999999996,-2879.25,-2835.42
11011,-3294.35986328125,231.1050567626953,83.64736938476562,303.36887904575894,-3294.360107421875,-3268.5,266.92913818359375,-3903.84,-3814.95,-3685.1,-3463.5,-3268.5,-3115.0,-2971.2,-2920.9,-2840.4
11102,-3311.33984375,230.73826599121094,83.910400390625,302.7406005859375,-3311.340087890625,-3276.5,260.82183837890625,-3903.84,-3814.95,-3685.1,-3475.0,-3276.5,-3139.25,-2997.2999999999997,-2927.75,-2845.9
11193,-3344.139892578125,230.39425659179688,84.16832733154297,302.12938145228793,-3344.139892578125,-3302.0,275.35205078125,-3977.56,-3863.4,-3772.0,-3483.0,-3302.0,-3166.25,-3029.7999999999997,-2962.0,-2845.9
11284,-3367.199951171875,230.03395080566406,84.41875457763672,301.50396728515625,-3367.199951171875,-3320.5,262.8008728027344,-3977.56,-3863.4,-3772.0,-3489.25,-3320.5,-3214.25,-3085.4999999999995,-2999.15,-2880.6
11375,-3384.739990234375,229.6842041015625,84.68070983886719,300.8838108607701,-3384.739990234375,-3329.5,260.85382080078125,-3977.56,-3874.7,-3784.3,-3511.5,-3329.5,-3236.75,-3090.8,-3027.9500000000003,-2941.36
11466,-3422.739990234375,229.310546875,84.92863464355469,300.2450256347656,-3422.739990234375,-3367.0,251.1483917236328,-3977.56,-3899.4,-3815.9,-3565.0,-3367.0,-3253.75,-3126.0,-3067.35,-3030.54
11557,-3447.139892578125,228.9453887939453,85.16407775878906,299.62205287388394,-3447.139892578125,-3410.0,265.2232971191406,-4096.94,-3946.6,-3845.0,-3575.5,-3410.0,-3265.0,-3127.8,-3067.35,-3030.54
11648,-3476.919921875,228.61611938476562,85.40316772460938,299.02604021344865,-3476.919921875,-3460.5,264.920166015625,-4143.28,-3980.75,-3845.4,-3607.5,-3460.5,-3281.5,-3144.7,-3098.4,-3034.92
11739,-3491.93994140625,228.26043701171875,85.64059448242188,298.4028015136719,-3491.93994140625,-3460.5,273.5274353027344,-4157.0,-4098.35,-3845.8,-3622.5,-3460.5,-3293.75,-3185.8999999999996,-3098.4,-3034.92
11830,-3515.35986328125,227.89114379882812,85.85712432861328,297.7800074986049,-3515.360107421875,-3514.0,275.99603271484375,-4157.48,-4110.7,-3856.4,-3649.0,-3514.0,-3301.5,-3236.2,-3142.0,-3108.4200000000005
11921,-3545.35986328125,227.54624938964844,86.09821319580078,297.16483415876115,-3545.360107421875,-3531.0,278.9248962402344,-4181.56,-4111.4,-3856.4,-3680.25,-3531.0,-3330.5,-3248.8,-3142.0,-3108.4200000000005
12012,-3559.579833984375,227.1845245361328,86.32270812988281,296.54686192103793,-3559.580078125,-3538.0,272.4552917480469,-4189.4,-4111.4,-3892.4,-3680.25,-3538.0,-3341.25,-3258.5,-3204.05,-3124.84
12103,-3589.9599609375,226.8242950439453,86.54359436035156,295.9241943359375,-3589.9599609375,-3555.0,277.97161865234375,-4189.4,-4117.1,-3984.5,-3757.5,-3555.0,-3376.75,-3267.1,-3237.4,-3124.84
12194,-3619.059814453125,226.4679412841797,86.76322937011719,295.3051234654018,-3619.06005859375,-3609.5,297.1784362792969,-4213.32,-4117.1,-3984.5,-3783.0,-3609.5,-3398.0,-3270.8,-3237.4,-3124.96
12285,-3651.780029296875,226.1378173828125,86.99082946777344,294.7103533063616,-3651.780029296875,-3628.0,293.0281982421875,-4213.32,-4157.0,-4070.0,-3810.75,-3628.0,-3443.75,-3311.8,-3258.75,-3238.32
12376,-3678.35986328125,225.79248046875,87.2133560180664,294.0994131905692,-3678.360107421875,-3644.0,290.5444030761719,-4352.48,-4158.45,-4097.1,-3814.0,-3644.0,-3472.75,-3343.9,-3311.9,-3262.52
12467,-3688.0400390625,225.44757080078125,87.41514587402344,293.4989711216518,-3688.0400390625,-3647.0,290.4196472167969,-4352.48,-4158.45,-4097.1,-3818.0,-3647.0,-3478.75,-3343.9,-3311.9,-3262.52
12558,-3711.35986328125,225.0948486328125,87.63615417480469,292.8803405761719,-3711.360107421875,-3699.0,293.832763671875,-4352.48,-4187.15,-4107.2,-3847.5,-3699.0,-3494.5,-3363.0,-3311.9,-3262.6
12649,-3730.159912109375,224.74200439453125,87.84569549560547,292.26373291015625,-3730.159912109375,-3718.0,291.296630859375,-4352.48,-4187.15,-4107.2,-3899.5,-3718.0,-3523.5,-3367.5,-3311.9,-3262.6
12740,-3740.699951171875,224.375732421875,88.05077362060547,291.63001796177457,-3740.699951171875,-3731.0,291.31915283203125,-4352.48,-4187.15,-4107.2,-3931.5,-3731.0,-3523.5,-3367.5,-3328.15,-3293.38
12831,-3756.8798828125,224.02967834472656,88.29399108886719,291.0001656668527,-3756.8798828125,-3740.0,295.405029296875,-4352.48,-4270.4,-4117.6,-3947.5,-3740.0,-3529.75,-3401.5,-3337.65,-3293.62
12922,-3776.0,223.679931640625,88.49609375,290.38990565708707,-3776.0,-3750.5,294.24884033203125,-4352.48,-4272.3,-4142.6,-3974.75,-3750.5,-3555.0,-3408.5,-3343.35,-3293.62
13013,-3794.179931640625,223.34738159179688,88.72018432617188,289.7830330984933,-3794.179931640625,-3758.5,292.082763671875,-4426.48,-4273.7,-4142.6,-3995.0,-3758.5,-3616.5,-3448.5999999999995,-3345.0,-3293.62
13104,-3818.3798828125,222.99795532226562,88.94046783447266,289.1593497140067,-3818.3798828125,-3787.0,281.6400451660156,-4426.48,-4345.3,-4142.6,-3995.0,-3787.0,-3642.5,-3486.1,-3388.45,-3344.3
13195,-3837.679931640625,222.6685028076172,89.15579223632812,288.55514090401783,-3837.679931640625,-3792.5,295.0115051269531,-4500.6,-4351.3,-4197.9,-4008.25,-3792.5,-3642.5,-3486.1,-3397.55,-3344.3
13286,-3849.219970703125,222.33970642089844,89.3650131225586,287.96409824916293,-3849.219970703125,-3810.5,289.1817626953125,-4500.6,-4351.3,-4197.9,-4008.25,-3810.5,-3666.0,-3493.2999999999997,-3397.55,-3344.3
13377,-3877.47998046875,221.99481201171875,89.57526397705078,287.34952218191967,-3877.47998046875,-3837.5,284.9736328125,-4500.6,-4351.3,-4269.2,-4047.0,-3837.5,-3695.75,-3514.7,-3420.35,-3344.92
13468,-3906.780029296875,221.668701171875,89.77719116210938,286.7523411342076,-3906.780029296875,-3865.0,293.85736083984375,-4508.44,-4360.6,-4323.8,-4106.0,-3865.0,-3716.75,-3562.8999999999996,-3471.5,-3344.92
13559,-3916.52001953125,221.33779907226562,89.99584197998047,286.1512538364955,-3916.52001953125,-3885.0,296.2642517089844,-4508.44,-4361.7,-4332.4,-4110.5,-3885.0,-3716.75,-3562.8999999999996,-3471.5,-3344.92
13650,-3939.4599609375,220.9981689453125,90.19269561767578,285.53983415876115,-3939.4599609375,-3885.0,293.6116638183594,-4539.8,-4417.3,-4346.5,-4125.25,-3885.0,-3760.5,-3618.9,-3477.8,-3350.8
13741,-3957.8798828125,220.66278076171875,90.37152099609375,284.9512677873884,-3957.8798828125,-3956.5,290.6358642578125,-4539.8,-4493.3,-4357.2,-4125.25,-3956.5,-3774.75,-3622.6,-3560.3500000000004,-3350.8
13832,-3972.83984375,220.32723999023438,90.5497817993164,284.3549019949777,-3972.840087890625,-3962.5,294.4627685546875,-4579.32,-4493.3,-4361.6,-4133.5,-3962.5,-3776.75,-3622.6,-3560.3500000000004,-3464.4800000000005
13923,-3991.739990234375,219.9970703125,90.74713897705078,283.7547040666853,-3991.739990234375,-3989.0,293.5478820800781,-4595.6,-4499.4,-4416.6,-4136.0,-3989.0,-3783.75,-3669.7,-3563.85,-3488.0000000000005
14014,-4021.31982421875,219.66831970214844,90.93352508544922,283.1668047223772,-4021.320068359375,-4017.0,302.43902587890625,-4626.94,-4537.2,-4474.4,-4180.75,-4017.0,-3796.5,-3669.7,-3563.85,-3488.0000000000005
14105,-4038.639892578125,219.34352111816406,91.1184310913086,282.57838221958707,-4038.639892578125,-4035.5,297.95391845703125,-4626.94,-4566.5,-4488.2,-4208.5,-4035.5,-3815.5,-3677.4,-3599.15,-3488.8200000000006
14196,-4049.35986328125,219.03053283691406,91.31034088134766,281.99468994140625,-4049.360107421875,-4037.5,296.0275573730469,-4626.94,-4566.5,-4488.2,-4223.75,-4037.5,-3826.75,-3700.5,-3636.55,-3488.8200000000006
14287,-4064.0,218.70645141601562,91.49459838867188,281.3995622907366,-4064.0,-4045.5,292.5584716796875,-4652.42,-4595.5,-4488.2,-4243.0,-4045.5,-3830.0,-3730.8,-3670.25,-3489.5200000000004
14378,-4079.0,218.39813232421875,91.69225311279297,280.81951904296875,-4079.0,-4053.5,296.07550048828125,-4722.38,-4606.0,-4500.4,-4249.0,-4053.5,-3845.0,-3732.8,-3676.75,-3489.5200000000004
14469,-4096.73974609375,218.06710815429688,91.89083862304688,280.2112949916295,-4096.740234375,-4064.0,287.0431823730469,-4723.62,-4606.0,-4500.4,-4258.0,-4064.0,-3881.25,-3756.0,-3701.55,-3670.36
14560,-4109.2998046875,217.7549285888672,92.10440063476562,279.6170349121094,-4109.2998046875,-4078.5,285.8743896484375,-4723.62,-4606.0,-4515.0,-4265.75,-4078.5,-3916.75,-3758.7,-3707.7,-3675.26
14651,-4136.10009765625,217.431884765625,92.2994613647461,279.0205557686942,-4136.10009765625,-4104.0,284.2812194824219,-4725.74,-4625.9,-4515.0,-4309.5,-4104.0,-3948.0,-3776.7,-3712.75,-3675.26
14742,-4149.52001953125,217.114990234375,92.47626495361328,278.4397888183594,-4149.52001953125,-4106.0,276.8035888671875,-4725.74,-4625.9,-4515.0,-4321.5,-4106.0,-3971.75,-3825.7999999999997,-3753.85,-3675.26
14833,-4164.4599609375,216.8047637939453,92.67716979980469,277.8447701590402,-4164.4599609375,-4111.5,269.36749267578125,-4725.74,-4625.9,-4522.4,-4325.0,-4111.5,-3981.5,-3860.7999999999997,-3758.85,-3704.44
14924,-4181.64013671875,216.49905395507812,92.8582992553711,277.2609383719308,-4181.64013671875,-4166.5,270.638427734375,-4733.58,-4643.1,-4553.6,-4334.5,-4166.5,-3986.0,-3860.7999999999997,-3758.85,-3704.44
15015,-4192.8798828125,216.18978881835938,93.04788208007812,276.674795968192,-4192.8798828125,-4174.0,270.818115234375,-4733.58,-4643.1,-4553.6,-4349.5,-4174.0,-3998.75,-3860.7999999999997,-3758.85,-3704.44
15106,-4212.919921875,215.86273193359375,93.22506713867188,276.07474626813615,-4212.919921875,-4179.5,274.0281982421875,-4748.28,-4645.9,-4596.0,-4356.25,-4179.5,-3999.0,-3903.8999999999996,-3826.3,-3704.64
15197,-4222.93994140625,215.56399536132812,93.42481994628906,275.49801199776783,-4222.93994140625,-4179.5,271.4190368652344,-4759.06,-4664.1,-4606.0,-4366.75,-4179.5,-4019.25,-3946.4999999999995,-3845.4500000000003,-3714.8
15288,-4237.64013671875,215.24356079101562,93.60650634765625,274.9009007045201,-4237.64013671875,-4219.0,268.6363830566406,-4759.06,-4667.1,-4606.0,-4406.0,-4219.0,-4033.75,-3951.9,-3861.4,-3714.84
15379,-4256.14013671875,214.91493225097656,93.77684783935547,274.3066101074219,-4256.14013671875,-4230.0,264.7367858886719,-4759.06,-4695.7,-4606.2,-4445.75,-4230.0,-4063.0,-3966.7,-3869.9500000000003,-3714.84
15470,-4270.14013671875,214.5830078125,93.93815612792969,273.70758056640625,-4270.14013671875,-4239.0,261.84124755859375,-4759.06,-4695.7,-4621.4,-4463.5,-4239.0,-4086.75,-3986.0,-3870.35,-3714.84
15561,-4296.5,214.27137756347656,94.10530090332031,273.1249258858817,-4296.5,-4246.0,270.6554870605469,-4909.26,-4747.0,-4655.8,-4517.75,-4246.0,-4101.75,-3996.9,-3954.9,-3783.4400000000005
15652,-4315.81982421875,213.9458465576172,94.2523193359375,272.537109375,-4315.81982421875,-4264.0,274.7508239746094,-4909.26,-4761.2,-4687.6,-4537.5,-4264.0,-4134.0,-4021.5,-3954.9,-3784.0800000000004
15743,-4336.33984375,213.6299285888672,94.44794464111328,271.93603079659596,-4336.33984375,-4272.0,275.25665283203125,-4932.56,-4771.8,-4687.6,-4548.75,-4272.0,-4142.75,-4040.0,-3985.4,-3873.2000000000003
15834,-4356.7197265625,213.31776428222656,94.61156463623047,271.35338047572543,-4356.72021484375,-4324.0,271.8675842285156,-4933.18,-4775.6,-4695.4,-4554.0,-4324.0,-4161.0,-4050.2999999999997,-3985.4,-3873.2000000000003
15925,-4372.5400390625,213.0050048828125,94.80317687988281,270.75284249441967,-4372.5400390625,-4344.0,266.392578125,-4933.18,-4775.6,-4720.0,-4567.0,-4344.0,-4170.75,-4050.2999999999997,-3985.4,-3921.0600000000004
16016,-4384.52001953125,212.6956024169922,94.9641342163086,270.17674037388394,-4384.52001953125,-4360.0,271.63238525390625,-5015.5,-4775.6,-4720.0,-4598.5,-4360.0,-4191.0,-4050.2999999999997,-3985.4,-3921.0600000000004
16107,-4393.35986328125,212.39430236816406,95.11552429199219,269.6122087751116,-4393.35986328125,-4368.0,271.5965576171875,-5015.5,-4883.9,-4721.9,-4598.5,-4368.0,-4201.25,-4050.2999999999997,-3986.3,-3936.7000000000003
16198,-4409.81982421875,212.0924530029297,95.28424072265625,269.0329153878348,-4409.81982421875,-4387.0,269.056396484375,-5015.5,-4883.9,-4721.9,-4629.0,-4387.0,-4204.5,-4069.0,-4009.8,-3954.34
16289,-4437.52001953125,211.7946014404297,95.4720687866211,268.4584263392857,-4437.52001953125,-4411.5,269.25933837890625,-5040.22,-4935.2,-4763.6,-4629.25,-4411.5,-4243.0,-4108.8,-4038.55,-3954.34
16380,-4459.52001953125,211.49598693847656,95.65763092041016,267.8786185128348,-4459.52001953125,-4420.5,260.7467346191406,-5040.22,-4975.1,-4769.4,-4633.25,-4420.5,-4285.5,-4155.8,-4050.45,-3991.88
16471,-4480.259765625,211.15736389160156,95.79085540771484,267.28075735909596,-4480.259765625,-4452.0,254.54066467285156,-5051.22,-4975.3,-4780.0,-4649.25,-4452.0,-4309.75,-4159.8,-4107.5,-3991.88
16562,-4492.15966796875,210.82501220703125,95.93675994873047,266.6765790666853,-4492.16015625,-4452.0,254.1856689453125,-5051.22,-4994.3,-4843.6,-4654.5,-4452.0,-4326.75,-4196.9,-4107.5,-3991.88
16653,-4505.83984375,210.50430297851562,96.11266326904297,266.07250540597096,-4505.83984375,-4488.5,253.65966796875,-5051.22,-4994.3,-4850.4,-4661.75,-4488.5,-4349.0,-4196.9,-4107.5,-4010.64
16744,-4517.56005859375,210.18597412109375,96.2761459350586,265.4755597795759,-4517.56005859375,-4494.5,251.87193298339844,-5051.22,-4994.3,-4865.0,-4661.75,-4494.5,-4352.75,-4228.0,-4126.25,-4010.64
16835,-4535.73974609375,209.88436889648438,96.45030975341797,264.89276123046875,-4535.740234375,-4503.5,247.66177368164062,-5063.1,-4994.3,-4865.0,-4699.25,-4503.5,-4372.0,-4247.0,-4157.6,-4092.62
16926,-4545.0,209.58348083496094,96.60116577148438,264.3234558105469,-4545.0,-4511.0,245.68601989746094,-5063.1,-4994.3,-4865.0,-4718.5,-4511.0,-4372.0,-4253.3,-4188.65,-4102.42
17017,-4553.77978515625,209.26356506347656,96.75261688232422,263.73646327427457,-4553.77978515625,-4531.0,246.23536682128906,-5063.1,-5019.2,-4865.0,-4720.0,-4531.0,-4380.0,-4253.3,-4188.65,-4102.42
17108,-4574.0400390625,208.94354248046875,96.89755249023438,263.14636666434154,-4574.0400390625,-4556.0,242.32791137695312,-5063.1,-5023.4,-4865.0,-4742.0,-4556.0,-4387.75,-4301.0,-4200.45,-4102.42
17199,-4580.83984375,208.63946533203125,97.0531005859375,262.564950125558,-4580.83984375,-4556.0,242.94139099121094,-5063.1,-5031.7,-4884.2,-4748.25,-4556.0,-4393.25,-4301.0,-4200.45,-4102.86
17290,-4589.89990234375,208.34107971191406,97.2076187133789,261.99060494559154,-4589.89990234375,-4592.0,244.9431915283203,-5117.44,-5045.8,-4889.6,-4748.25,-4592.0,-4394.0,-4303.8,-4200.45,-4102.86
17381,-4604.7197265625,208.0592041015625,97.40045166015625,261.4154750279018,-4604.72021484375,-4599.0,246.91024780273438,-5117.44,-5045.8,-4901.2,-4757.5,-4599.0,-4427.0,-4303.8,-4200.45,-4102.86
17472,-4614.27978515625,207.7685089111328,97.56389617919922,260.8496398925781,-4614.27978515625,-4616.0,246.61244201660156,-5139.4,-5061.05,-4901.2,-4757.5,-4616.0,-4440.0,-4303.8,-4202.35,-4102.86
17563,-4621.580078125,207.46038818359375,97.70684814453125,260.2724173409598,-4621.580078125,-4623.0,240.59344482421875,-5139.4,-5061.05,-4901.2,-4760.5,-4623.0,-4455.0,-4338.3,-4213.75,-4161.66
17654,-4644.580078125,207.1518096923828,97.85150909423828,259.68758283342635,-4644.580078125,-4645.5,239.20310974121094,-5221.48,-5063.25,-4912.0,-4765.75,-4645.5,-4494.75,-4338.4,-4275.8,-4189.46
17745,-4650.9599609375,206.8438720703125,97.99945831298828,259.1098414829799,-4650.9599609375,-4651.0,240.28445434570312,-5221.48,-5063.25,-4945.0,-4765.75,-4651.0,-4499.75,-4338.4,-4275.8,-4190.98
17836,-4662.06005859375,206.57382202148438,98.15657806396484,258.5672040666853,-4662.06005859375,-4655.5,236.558349609375,-5221.48,-5063.25,-4999.2,-4774.75,-4655.5,-4507.0,-4379.7,-4320.8,-4190.98
17927,-4676.5,206.25643920898438,98.29338073730469,257.9781188964844,-4676.5,-4679.5,249.85299682617188,-5277.26,-5093.4,-4999.2,-4778.5,-4679.5,-4516.0,-4384.5,-4320.8,-4192.94
18018,-4690.080078125,205.94322204589844,98.44518280029297,257.3926304408482,-4690.080078125,-4689.0,256.3814697265625,-5277.26,-5139.0,-5047.2,-4804.75,-4689.0,-4521.5,-4407.0,-4320.8,-4192.94
18109,-4698.9599609375,205.64244079589844,98.61161041259766,256.8024161202567,-4698.9599609375,-4689.0,249.3706817626953,-5277.26,-5139.0,-5047.2,-4804.75,-4689.0,-4534.0,-4413.6,-4322.55,-4214.96
18200,-4709.23974609375,205.35009765625,98.77462768554688,256.2190246582031,-4709.240234375,-4699.0,248.05235290527344,-5277.26,-5139.0,-5047.2,-4814.0,-4699.0,-4554.5,-4421.2,-4333.0,-4214.96
18291,-4720.77978515625,205.06005859375,98.92266845703125,255.65532575334822,-4720.77978515625,-4700.0,250.30014038085938,-5277.26,-5196.0,-5052.8,-4864.25,-4700.0,-4557.75,-4449.9,-4333.0,-4214.96
18382,-4732.19970703125,204.7847137451172,99.08556365966797,255.0946044921875,-4732.2001953125,-4718.0,247.56092834472656,-5277.26,-5196.0,-5052.8,-4867.25,-4718.0,-4561.75,-4462.9,-4334.7,-4301.200000000001
18473,-4743.2197265625,204.47547912597656,99.21572875976562,254.51764133998327,-4743.22021484375,-4719.5,248.12893676757812,-5280.02,-5196.0,-5052.8,-4889.25,-4719.5,-4600.5,-4468.3,-4343.55,-4301.200000000001
18564,-4756.64013671875,204.18992614746094,99.3836898803711,253.94536917550224,-4756.64013671875,-4725.0,249.40451049804688,-5303.54,-5196.0,-5097.6,-4906.0,-4725.0,-4624.25,-4478.2,-4343.55,-4301.200000000001
18655,-4773.8798828125,203.89569091796875,99.53553009033203,253.37174333844865,-4773.8798828125,-4750.0,247.4586944580078,-5303.54,-5196.0,-5103.2,-4916.25,-4750.0,-4633.75,-4511.3,-4348.75,-4301.200000000001
18746,-4788.97998046875,203.60862731933594,99.69084167480469,252.80426897321428,-4788.97998046875,-4756.0,245.97369384765625,-5330.98,-5261.1,-5106.6,-4926.25,-4756.0,-4645.5,-4538.0,-4400.150000000001,-4333.1
18837,-4796.15966796875,203.3062744140625,99.83094024658203,252.23178100585938,-4796.16015625,-4767.0,247.40347290039062,-5330.98,-5272.5,-5106.8,-4937.5,-4767.0,-4645.5,-4538.0,-4400.150000000001,-4333.1
18928,-4814.1396484375,203.00567626953125,99.95771026611328,251.6608625139509,-4814.14013671875,-4779.0,244.46217346191406,-5428.9,-5307.15,-5124.0,-4947.0,-4779.0,-4654.25,-4545.5,-4450.45,-4343.6
19019,-4827.919921875,202.69281005859375,100.08256530761719,251.08019365583147,-4827.919921875,-4796.5,251.63754272460938,-5428.9,-5310.75,-5163.6,-4955.25,-4796.5,-4654.25,-4568.5,-4491.85,-4343.6
19110,-4844.19970703125,202.3882293701172,100.23519134521484,250.4820774623326,-4844.2001953125,-4804.0,250.75204467773438,-5428.9,-5325.2,-5196.2,-4965.25,-4804.0,-4682.25,-4592.2,-4510.25,-4343.6
19201,-4863.89990234375,202.07989501953125,100.36793518066406,249.8965105329241,-4863.89990234375,-4823.5,254.82373046875,-5447.52,-5325.2,-5209.8,-5016.25,-4823.5,-4715.0,-4592.2,-4528.1,-4343.6
19292,-4870.35986328125,201.8085479736328,100.51425170898438,249.35045078822546,-4870.35986328125,-4838.0,250.21121215820312,-5447.52,-5325.2,-5209.8,-5019.25,-4838.0,-4720.0,-4598.4,-4539.45,-4365.56
19383,-4878.77978515625,201.54412841796875,100.67422485351562,248.80684552873885,-4878.77978515625,-4841.0,247.55172729492188,-5447.52,-5325.2,-5209.8,-5023.25,-4841.0,-4730.5,-4598.4,-4539.45,-4371.88
19474,-4895.1201171875,201.25457763671875,100.8154067993164,248.23816789899553,-4895.1201171875,-4852.5,243.1278076171875,-5457.94,-5325.2,-5209.8,-5053.0,-4852.5,-4745.75,-4621.5,-4545.7,-4526.56
19565,-4908.73974609375,200.96127319335938,100.94554901123047,247.6713147844587,-4908.740234375,-4858.0,245.5014190673828,-5457.94,-5325.2,-5235.4,-5090.5,-4858.0,-4751.75,-4625.099999999999,-4545.7,-4526.56
19656,-4924.580078125,200.6680908203125,101.09028625488281,247.09674726213728,-4924.580078125,-4872.0,249.8543701171875,-5457.94,-5339.0,-5257.4,-5104.25,-4872.0,-4763.75,-4627.9,-4548.85,-4536.4400000000005
19747,-4933.47998046875,200.38568115234375,101.23774719238281,246.53245326450892,-4933.47998046875,-4883.5,244.5325927734375,-5457.94,-5339.0,-5257.4,-5104.25,-4883.5,-4783.5,-4632.5,-4564.05,-4536.4400000000005
19838,-4944.0400390625,200.0813446044922,101.37022399902344,245.94334411621094,-4944.0400390625,-4888.5,238.02633666992188,-5457.94,-5339.0,-5257.4,-5110.75,-4888.5,-4787.25,-4649.0,-4607.25,-4537.24
19929,-4953.9599609375,199.8057098388672,101.5299301147461,245.38118852887834,-4953.9599609375,-4889.0,241.55581665039062,-5502.04,-5343.9,-5281.0,-5120.0,-4889.0,-4806.5,-4649.0,-4608.0,-4537.24
20020,-4960.1201171875,199.5328826904297,101.69136047363281,244.81365748814173,-4960.1201171875,-4893.5,242.12857055664062,-5553.76,-5359.1,-5300.1,-5124.5,-4893.5,-4817.75,-4693.099999999999,-4627.0,-4537.24
20111,-4979.1796875,199.25270080566406,101.85263061523438,244.23473249162947,-4979.18017578125,-4919.5,246.18405151367188,-5591.12,-5438.45,-5300.1,-5143.25,-4919.5,-4829.5,-4707.9,-4627.0,-4537.24
20202,-4983.56005859375,198.97694396972656,102.01011657714844,243.65887451171875,-4983.56005859375,-4944.0,242.06475830078125,-5591.12,-5438.45,-5300.1,-5143.25,-4944.0,-4831.0,-4707.9,-4627.0,-4586.240000000001
20293,-4997.580078125,198.69580078125,102.15885925292969,243.0872562953404,-4997.580078125,-4975.0,243.70089721679688,-5591.12,-5439.5,-5312.7,-5143.25,-4975.0,-4836.75,-4707.9,-4627.0,-4586.240000000001
20384,-5001.73974609375,198.40264892578125,102.28699493408203,242.51724679129464,-5001.740234375,-4975.0,249.09796142578125,-5598.16,-5439.5,-5340.0,-5143.25,-4975.0,-4836.75,-4707.9,-4631.75,-4586.240000000001
20475,-5010.77978515625,198.10279846191406,102.41266632080078,241.93355015345983,-5010.77978515625,-4995.0,247.03216552734375,-5598.16,-5440.6,-5340.0,-5153.75,-4995.0,-4841.5,-4707.9,-4631.75,-4586.240000000001
20566,-5028.0,197.7994842529297,102.52804565429688,241.36140659877233,-5028.0,-5001.0,249.90362548828125,-5598.16,-5512.6,-5356.2,-5174.5,-5001.0,-4846.75,-4730.5,-4631.75,-4586.240000000001
20657,-5039.259765625,197.49386596679688,102.64354705810547,240.7771214076451,-5039.259765625,-5012.5,247.59254455566406,-5598.16,-5512.6,-5371.2,-5181.0,-5012.5,-4861.75,-4736.6,-4632.8,-4586.240000000001
20748,-5050.81982421875,197.2066192626953,102.7880859375,240.1974160330636,-5050.81982421875,-5040.0,241.36549377441406,-5598.16,-5512.6,-5371.2,-5191.0,-5040.0,-4876.25,-4800.7,-4707.2,-4605.84
20839,-5062.0,196.90713500976562,102.92180633544922,239.6082305908203,-5062.0,-5055.0,241.28651428222656,-5598.16,-5512.6,-5400.0,-5217.0,-5055.0,-4881.0,-4806.8,-4731.75,-4630.34
20930,-5074.52001953125,196.61807250976562,103.04105377197266,239.03707667759485,-5074.52001953125,-5060.5,238.58840942382812,-5598.18,-5512.6,-5400.6,-5220.0,-5060.5,-4912.75,-4824.0,-4735.55,-4630.900000000001
21021,-5083.419921875,196.32847595214844,103.17349243164062,238.4595990862165,-5083.419921875,-5060.5,232.65428161621094,-5598.18,-5512.6,-5431.2,-5221.75,-5060.5,-4917.75,-4830.4,-4737.0,-4706.5
21112,-5104.93994140625,196.05271911621094,103.34037780761719,237.86719403948103,-5104.93994140625,-5081.5,228.18829345703125,-5611.9,-5552.5,-5431.2,-5234.5,-5081.5,-4952.75,-4839.1,-4763.15,-4708.0
21203,-5110.52001953125,195.77264404296875,103.47393798828125,237.3010733468192,-5110.52001953125,-5089.0,229.32681274414062,-5656.5,-5552.5,-5431.2,-5234.5,-5089.0,-4968.5,-4839.1,-4763.15,-4708.0
21294,-5120.69970703125,195.4995574951172,103.61700439453125,236.73705182756697,-5120.7001953125,-5100.5,230.26510620117188,-5656.5,-5565.8,-5433.4,-5240.75,-5100.5,-4990.75,-4839.1,-4763.15,-4708.0
21385,-5128.69970703125,195.21371459960938,103.75865173339844,236.15521676199776,-5128.7001953125,-5109.5,234.07821655273438,-5660.68,-5565.8,-5433.6,-5257.5,-5109.5,-4990.75,-4839.1,-4763.15,-4736.42
21476,-5141.6396484375,194.9265594482422,103.89152526855469,235.58935328892298,-5141.64013671875,-5122.0,238.2923583984375,-5692.04,-5565.8,-5440.0,-5268.25,-5122.0,-4992.0,-4869.3,-4783.95,-4736.42
21567,-5149.15966796875,194.65037536621094,104.04118347167969,235.00467354910714,-5149.16015625,-5132.0,235.7613067626953,-5692.04,-5565.8,-5440.0,-5272.5,-5132.0,-4998.75,-4872.0,-4784.2,-4763.12
21658,-5163.419921875,194.368408203125,104.18605041503906,234.4211687360491,-5163.419921875,-5139.5,237.4029541015625,-5693.02,-5581.5,-5459.2,-5281.0,-5139.5,-5017.5,-4874.7,-4827.900000000001,-4763.12
21749,-5176.6396484375,194.0659942626953,104.31901550292969,233.8192879813058,-5176.64013671875,-5158.0,238.1771697998047,-5743.3,-5581.5,-5545.6,-5310.25,-5158.0,-5028.75,-4894.5,-4829.8,-4763.400000000001
21840,-5184.27978515625,193.7777862548828,104.439697265625,233.2445526123047,-5184.27978515625,-5161.5,235.93673706054688,-5758.38,-5581.5,-5545.6,-5310.25,-5161.5,-5039.0,-4894.5,-4843.4,-4763.400000000001
21931,-5191.0,193.49002075195312,104.57609558105469,232.65848214285714,-5191.0,-5175.0,235.2605743408203,-5758.38,-5581.5,-5545.6,-5330.0,-5175.0,-5049.25,-4902.3,-4843.4,-4763.400000000001
22022,-5199.0400390625,193.16932678222656,104.670166015625,232.06576320103235,-5199.0400390625,-5175.0,234.6642303466797,-5758.38,-5593.0,-5551.6,-5334.5,-5175.0,-5049.25,-4929.5,-4874.8,-4783.6
22113,-5213.6796875,192.8247833251953,104.7460708618164,231.4539533342634,-5213.68017578125,-5188.0,234.9667205810547,-5778.96,-5593.0,-5551.6,-5356.25,-5188.0,-5061.0,-4938.6,-4879.75,-4812.58
22204,-5219.06005859375,192.52391052246094,104.86100769042969,230.87095642089844,-5219.06005859375,-5189.5,236.6556396484375,-5778.96,-5596.8,-5551.8,-5361.0,-5189.5,-5061.0,-4938.6,-4879.75,-4812.58
22295,-5232.1201171875,192.19871520996094,104.95819854736328,230.2571084158761,-5232.1201171875,-5200.0,235.1818084716797,-5823.06,-5596.8,-5555.4,-5367.5,-5200.0,-5074.5,-4943.5,-4914.2,-4812.7
22386,-5238.35986328125,191.9264678955078,105.0873794555664,229.69483075823103,-5238.35986328125,-5210.5,234.2357177734375,-5823.06,-5617.7,-5559.6,-5371.0,-5210.5,-5074.5,-4959.3,-4915.0,-4812.7
22477,-5255.35986328125,191.62103271484375,105.19888305664062,229.09850420270647,-5255.35986328125,-5235.0,227.2529296875,-5823.06,-5617.7,-5559.6,-5373.5,-5235.0,-5106.5,-4977.7,-4930.25,-4886.96
22568,-5267.8798828125,191.3297119140625,105.33522033691406,228.4964882986886,-5267.8798828125,-5248.0,224.247802734375,-5823.06,-5631.4,-5566.6,-5373.5,-5248.0,-5121.0,-4996.599999999999,-4951.9,-4895.82
22659,-5277.8798828125,191.04380798339844,105.46200561523438,227.91003635951452,-5277.8798828125,-5249.5,224.11428833007812,-5823.06,-5631.4,-5567.5,-5407.75,-5249.5,-5143.0,-4997.9,-4965.35,-4904.82
22750,-5286.3798828125,190.74554443359375,105.56409454345703,227.32824489048548,-5286.3798828125,-5249.5,223.72999572753906,-5823.06,-5639.1,-5567.5,-5428.75,-5249.5,-5143.0,-5001.6,-4965.35,-4904.82
22841,-5302.56005859375,190.46151733398438,105.70768737792969,226.73329598563058,-5302.56005859375,-5275.0,226.4773406982422,-5835.8,-5648.4,-5592.2,-5459.25,-5275.0,-5162.25,-5002.0,-4965.35,-4904.82
22932,-5306.580078125,190.15805053710938,105.82083892822266,226.13250732421875,-5306.580078125,-5276.0,228.1405029296875,-5835.8,-5660.75,-5605.6,-5464.5,-5276.0,-5162.25,-5002.0,-4965.35,-4904.82
23023,-5314.6201171875,189.86651611328125,105.95449829101562,225.54258728027344,-5314.6201171875,-5277.5,238.3745880126953,-5886.16,-5690.7,-5629.2,-5464.5,-5277.5,-5162.25,-5004.7,-4965.35,-4904.82
23114,-5329.580078125,189.57394409179688,106.0429916381836,224.97118922642298,-5329.580078125,-5281.5,237.76779174804688,-5886.16,-5696.4,-5641.6,-5504.5,-5281.5,-5170.75,-5060.799999999999,-4980.25,-4930.4800000000005
23205,-5339.19970703125,189.28323364257812,106.16173553466797,224.37730407714844,-5339.2001953125,-5306.0,238.7206268310547,-5886.76,-5696.4,-5641.6,-5517.5,-5306.0,-5178.75,-5060.799999999999,-4980.25,-4930.4800000000005
23296,-5349.27978515625,188.9922332763672,106.294921875,223.7742200578962,-5349.27978515625,-5312.5,240.156494140625,-5886.76,-5725.6,-5660.1,-5517.5,-5312.5,-5181.0,-5060.799999999999,-4980.25,-4930.4800000000005
23387,-5357.2998046875,188.67172241210938,106.38713073730469,223.1653050013951,-5357.2998046875,-5320.0,238.27078247070312,-5886.76,-5725.6,-5669.6,-5532.5,-5320.0,-5200.75,-5080.5,-4997.6,-4963.8
23478,-5366.0,188.4004364013672,106.50323486328125,222.6007341657366,-5366.0,-5321.0,238.75648498535156,-5887.04,-5775.8,-5676.4,-5541.5,-5321.0,-5200.75,-5102.7,-5001.8,-4966.64
23569,-5380.10009765625,188.1155548095703,106.63618469238281,222.00606645856584,-5380.10009765625,-5322.5,237.31365966796875,-5887.04,-5791.55,-5689.6,-5557.5,-5322.5,-5211.0,-5105.0,-5009.4,-4966.64
23660,-5385.19970703125,187.7994842529297,106.73539733886719,221.3986358642578,-5385.2001953125,-5322.5,239.10035705566406,-5887.04,-5791.55,-5696.6,-5557.5,-5322.5,-5229.5,-5115.8,-5041.35,-4989.54
23751,-5400.35986328125,187.48756408691406,106.83338165283203,220.7904096330915,-5400.35986328125,-5353.5,231.307861328125,-5887.04,-5791.55,-5696.6,-5557.5,-5353.5,-5256.0,-5144.0,-5078.15,-5009.14
23842,-5412.1796875,187.18865966796875,106.95238494873047,220.17881992885046,-5412.18017578125,-5371.0,231.17808532714844,-5887.04,-5803.85,-5730.0,-5559.25,-5371.0,-5268.0,-5153.3,-5081.85,-5009.14
23933,-5424.259765625,186.87875366210938,107.07334899902344,219.54732404436385,-5424.259765625,-5384.0,239.9232940673828,-5944.86,-5839.25,-5775.0,-5586.0,-5384.0,-5272.5,-5156.7,-5081.85,-5009.14
24024,-5432.15966796875,186.5784454345703,107.19760131835938,218.93326895577567,-5432.16015625,-5394.5,239.11477661132812,-5944.86,-5839.25,-5775.0,-5597.5,-5394.5,-5279.5,-5156.7,-5081.85,-5009.98
24115,-5444.8798828125,186.29095458984375,107.32282257080078,218.3249271937779,-5444.8798828125,-5408.0,245.55621337890625,-5944.86,-5852.15,-5791.0,-5630.5,-5408.0,-5279.5,-5156.7,-5103.85,-5055.06
24206,-5455.35986328125,185.9986114501953,107.4375,217.72379629952567,-5455.35986328125,-5412.5,244.25759887695312,-5944.86,-5855.0,-5791.8,-5644.5,-5412.5,-5301.25,-5164.2,-5116.4,-5060.9
24297,-5465.23974609375,185.6772918701172,107.50218963623047,217.11615644182478,-5465.240234375,-5417.0,241.83721923828125,-5944.86,-5893.85,-5791.8,-5652.75,-5417.0,-5308.0,-5170.4,-5143.6,-5060.9
24388,-5475.6796875,185.3810272216797,107.60426330566406,216.5136260986328,-5475.68017578125,-5424.0,236.58273315429688,-5944.86,-5893.85,-5791.8,-5652.75,-5424.0,-5310.5,-5182.5,-5152.65,-5061.98
24479,-5480.52001953125,185.05618286132812,107.69275665283203,215.89058358328683,-5480.52001953125,-5446.5,235.36752319335938,-5944.86,-5893.85,-5791.8,-5652.75,-5446.5,-5310.5,-5200.4,-5152.65,-5061.98
24570,-5491.81982421875,184.77984619140625,107.81940460205078,215.3003409249442,-5491.81982421875,-5462.0,231.9678955078125,-5944.86,-5893.85,-5799.3,-5658.5,-5462.0,-5319.25,-5201.9,-5176.75,-5143.320000000001
24661,-5504.7998046875,184.46327209472656,107.9052505493164,214.68935067313058,-5504.7998046875,-5472.0,231.4369354248047,-5988.04,-5911.65,-5804.7,-5658.5,-5472.0,-5326.0,-5259.8,-5194.15,-5143.320000000001
24752,-5512.8798828125,184.17176818847656,108.01762390136719,214.0904083251953,-5512.8798828125,-5482.5,231.18028259277344,-5988.64,-5936.35,-5830.4,-5658.5,-5482.5,-5344.75,-5271.0,-5195.0,-5144.3
24843,-5520.52001953125,183.87753295898438,108.12826538085938,213.479487827846,-5520.52001953125,-5488.0,233.0155029296875,-6070.0,-5936.35,-5830.4,-5670.0,-5488.0,-5344.75,-5271.0,-5195.0,-5144.3
24934,-5528.47998046875,183.58944702148438,108.23743438720703,212.87439836774553,-5528.47998046875,-5491.0,238.9654083251953,-6119.0,-5946.45,-5830.4,-5674.5,-5491.0,-5344.75,-5271.0,-5195.0,-5144.3
25025,-5531.93994140625,183.27621459960938,108.31751251220703,212.2735137939453,-5531.93994140625,-5491.5,239.89100646972656,-6119.0,-5946.45,-5843.6,-5674.5,-5491.5,-5344.75,-5271.0,-5195.0,-5144.3
25116,-5539.83984375,182.93893432617188,108.36054229736328,211.6613507952009,-5539.83984375,-5503.0,238.3699493408203,-6119.0,-5949.3,-5843.6,-5691.75,-5503.0,-5351.25,-5280.1,-5228.25,-5144.3
25207,-5546.2197265625,182.6512908935547,108.46833038330078,211.06518772670202,-5546.22021484375,-5516.0,236.41482543945312,-6119.0,-5949.3,-5843.6,-5691.75,-5516.0,-5374.0,-5282.8,-5228.25,-5152.14
25298,-5558.7998046875,182.33578491210938,108.53662109375,210.45601327078683,-5558.7998046875,-5546.5,232.9454345703125,-6119.0,-5962.6,-5843.6,-5696.5,-5546.5,-5375.0,-5286.6,-5260.9,-5152.7
25389,-5563.4599609375,182.0190887451172,108.61727905273438,209.83599853515625,-5563.4599609375,-5546.5,231.6385040283203,-6119.0,-5994.35,-5843.6,-5702.75,-5546.5,-5375.0,-5286.6,-5269.6,-5235.02
25480,-5574.83984375,181.70184326171875,108.70697784423828,209.20719255719865,-5574.83984375,-5557.0,231.20059204101562,-6119.0,-5994.35,-5849.4,-5708.5,-5557.0,-5380.5,-5297.4,-5269.6,-5236.02
25571,-5584.1796875,181.3904266357422,108.77653503417969,208.60569545200892,-5584.18017578125,-5557.0,234.2640838623047,-6119.4,-5994.35,-5858.0,-5734.25,-5557.0,-5400.0,-5304.7,-5269.6,-5236.02
25662,-5593.31982421875,181.04969787597656,108.84449768066406,207.9637211390904,-5593.31982421875,-5570.0,234.35202026367188,-6139.88,-5996.25,-5858.0,-5742.5,-5570.0,-5419.75,-5304.7,-5269.6,-5236.02
25753,-5599.7197265625,180.7383270263672,108.92194366455078,207.34488133021765,-5599.72021484375,-5585.0,236.9224853515625,-6153.6,-6021.55,-5906.4,-5742.5,-5585.0,-5419.75,-5321.2,-5269.6,-5236.02
25844,-5609.97998046875,180.39926147460938,108.98041534423828,206.70674351283483,-5609.97998046875,-5592.5,232.55032348632812,-6153.6,-6021.55,-5906.4,-5762.0,-5592.5,-5441.75,-5332.0,-5297.150000000001,-5236.9400000000005
25935,-5618.080078125,180.0608367919922,109.05736541748047,206.07019696916853,-5618.080078125,-5596.5,233.3492889404297,-6157.52,-6021.55,-5906.4,-5762.0,-5596.5,-5455.0,-5332.0,-5297.150000000001,-5242.820000000001
26026,-5633.1396484375,179.74285888671875,109.12841796875,205.45412118094308,-5633.14013671875,-5624.0,235.6477813720703,-6183.06,-6054.4,-5907.7,-5773.0,-5624.0,-5465.0,-5335.7,-5298.75,-5242.820000000001
26117,-5642.580078125,179.40647888183594,109.19229125976562,204.81874084472656,-5642.580078125,-5645.5,233.05252075195312,-6183.06,-6054.4,-5907.7,-5787.75,-5645.5,-5466.75,-5344.1,-5301.85,-5260.46
26208,-5650.19970703125,179.06741333007812,109.23548126220703,204.19100080217635,-5650.2001953125,-5666.5,230.81919860839844,-6186.9,-6054.4,-5907.7,-5790.25,-5666.5,-5478.0,-5345.9,-5324.8,-5260.46
26299,-5658.47998046875,178.71438598632812,109.28067016601562,203.53560747419084,-5658.47998046875,-5672.0,229.85897827148438,-6231.36,-6054.4,-5934.7,-5790.25,-5672.0,-5486.5,-5375.3,-5332.75,-5260.46
26390,-5670.89990234375,178.40463256835938,109.36825561523438,202.90045819963728,-5670.89990234375,-5680.0,226.47067260742188,-6231.36,-6054.4,-5934.7,-5793.0,-5680.0,-5516.75,-5410.0,-5335.85,-5260.46
26481,-5677.2197265625,178.08494567871094,109.42768096923828,202.27518790108817,-5677.22021484375,-5681.0,225.78176879882812,-6231.36,-6054.4,-5952.1,-5802.75,-5681.0,-5516.75,-5416.9,-5345.95,-5291.820000000001
26572,-5682.5,177.76318359375,109.50224304199219,201.63822283063615,-5682.5,-5686.5,221.0113983154297,-6231.36,-6054.4,-5952.1,-5802.75,-5686.5,-5534.75,-5424.8,-5367.85,-5300.7
26663,-5691.52001953125,177.4553985595703,109.56517791748047,201.0298091343471,-5691.52001953125,-5692.5,224.62864685058594,-6231.36,-6054.4,-5973.4,-5806.25,-5692.5,-5540.25,-5435.8,-5367.85,-5300.7
26754,-5700.85986328125,177.14596557617188,109.63114929199219,200.41927228655135,-5700.85986328125,-5700.5,228.33929443359375,-6231.36,-6069.6,-6035.1,-5828.75,-5700.5,-5540.5,-5435.8,-5368.95,-5306.58
26845,-5708.35986328125,176.83474731445312,109.70610046386719,199.80663408551897,-5708.35986328125,-5703.0,230.04246520996094,-6256.24,-6086.7,-6037.5,-5841.5,-5703.0,-5540.5,-5435.8,-5411.75,-5306.58
26936,-5720.69970703125,176.51878356933594,109.78524017333984,199.1590314592634,-5720.7001953125,-5714.0,229.84744262695312,-6256.24,-6121.4,-6037.5,-5845.5,-5714.0,-5567.75,-5435.8,-5411.75,-5366.360000000001
27027,-5731.19970703125,176.22084045410156,109.85526275634766,198.5544673374721,-5731.2001953125,-5714.0,226.65916442871094,-6256.24,-6121.4,-6038.4,-5853.5,-5714.0,-5587.75,-5454.3,-5412.9,-5375.34
27118,-5743.19970703125,175.87147521972656,109.87721252441406,197.92357526506697,-5743.2001953125,-5736.0,225.3760986328125,-6285.64,-6125.15,-6038.4,-5855.25,-5736.0,-5590.0,-5485.4,-5422.75,-5375.34
27209,-5752.23974609375,175.5813446044922,109.96117401123047,197.3254874093192,-5752.240234375,-5741.0,224.5413055419922,-6285.64,-6189.75,-6038.4,-5860.25,-5741.0,-5600.5,-5492.4,-5422.75,-5375.34
27300,-5765.2998046875,175.2393341064453,109.99000549316406,196.69883510044642,-5765.2998046875,-5747.0,220.3362274169922,-6285.64,-6210.65,-6038.4,-5874.5,-5747.0,-5615.0,-5514.8,-5454.1,-5375.86
27391,-5777.8798828125,174.9254150390625,110.04084014892578,196.0980987548828,-5777.8798828125,-5757.5,221.76609802246094,-6285.64,-6210.65,-6052.6,-5904.25,-5757.5,-5622.75,-5544.0,-5454.1,-5375.86
27482,-5791.4599609375,174.58782958984375,110.10279846191406,195.43894958496094,-5791.4599609375,-5778.5,226.62269592285156,-6320.0,-6210.65,-6071.1,-5922.5,-5778.5,-5634.75,-5550.4,-5482.6,-5375.86
27573,-5802.83984375,174.28094482421875,110.16692352294922,194.8365740094866,-5802.83984375,-5784.0,229.3481903076172,-6320.0,-6210.65,-6072.9,-5938.75,-5784.0,-5646.0,-5563.0,-5482.6,-5375.86
27664,-5806.0400390625,173.96585083007812,110.23869323730469,194.20681762695312,-5806.0400390625,-5790.5,228.14393615722656,-6320.0,-6216.35,-6072.9,-5938.75,-5790.5,-5651.5,-5563.0,-5482.6,-5375.86
27755,-5814.0,173.63938903808594,110.29713439941406,193.54517255510603,-5814.0,-5790.5,235.22189331054688,-6433.88,-6243.75,-6105.3,-5949.5,-5790.5,-5651.5,-5563.0,-5482.6,-5375.86
27846,-5825.97998046875,173.2992706298828,110.34294128417969,192.89788600376673,-5825.97998046875,-5813.5,231.67506408691406,-6433.88,-6243.75,-6122.1,-5957.5,-5813.5,-5665.0,-5564.6,-5482.6,-5375.94
27937,-5832.10009765625,172.93898010253906,110.36186218261719,192.23723929268974,-5832.10009765625,-5813.5,235.89889526367188,-6433.88,-6243.75,-6129.8,-5962.0,-5813.5,-5665.0,-5572.2,-5482.6,-5375.94
28028,-5837.1396484375,172.60757446289062,110.42451477050781,191.57518005371094,-5837.14013671875,-5813.5,233.70639038085938,-6433.88,-6243.75,-6129.8,-5974.5,-5813.5,-5689.75,-5572.8,-5482.6,-5375.94
28119,-5848.1396484375,172.30889892578125,110.48843383789062,190.94998822893416,-5848.14013671875,-5821.5,239.42271423339844,-6434.56,-6247.05,-6129.8,-6001.25,-5821.5,-5696.0,-5585.8,-5482.6,-5375.94
28210,-5853.19970703125,171.98880004882812,110.53845977783203,190.31066676548548,-5853.2001953125,-5829.5,236.82713317871094,-6434.56,-6247.05,-6129.8,-6001.25,-5829.5,-5696.0,-5601.4,-5495.4,-5375.94
28301,-5867.5,171.66859436035156,110.5976791381836,189.6763676234654,-5867.5,-5859.5,239.3740234375,-6434.56,-6337.3,-6144.2,-6005.25,-5859.5,-5709.5,-5605.0,-5507.4,-5375.94
28392,-5875.5,171.3429412841797,110.64157104492188,189.05022975376673,-5875.5,-5867.0,237.10208129882812,-6434.56,-6337.3,-6144.2,-6013.25,-5867.0,-5716.5,-5615.1,-5507.4,-5446.5
28483,-5885.81982421875,171.01303100585938,110.67171478271484,188.40323093959265,-5885.81982421875,-5872.5,239.69668579101562,-6437.5,-6344.8,-6144.2,-6020.75,-5872.5,-5730.0,-5629.5,-5507.4,-5446.5
28574,-5894.4599609375,170.69583129882812,110.72367858886719,187.7636500767299,-5894.4599609375,-5872.5,239.4797821044922,-6437.5,-6344.8,-6162.2,-6024.0,-5872.5,-5734.5,-5629.5,-5553.7,-5446.5
28665,-5904.2998046875,170.35638427734375,110.75552368164062,187.11566816057478,-5904.2998046875,-5875.5,238.67161560058594,-6437.5,-6345.1,-6174.6,-6030.5,-5875.5,-5742.5,-5640.0,-5585.05,-5446.5
28756,-5908.8798828125,170.02001953125,110.7841796875,186.46709551130022,-5908.8798828125,-5879.5,238.10671997070312,-6437.5,-6364.1,-6174.6,-6030.5,-5879.5,-5742.5,-5648.2,-5593.6,-5446.5
28847,-5919.9599609375,169.67433166503906,110.80237579345703,185.82068525041853,-5919.9599609375,-5920.0,238.65736389160156,-6437.5,-6385.7,-6174.6,-6052.75,-5920.0,-5749.5,-5648.6,-5594.0,-5507.26
28938,-5933.4599609375,169.37045288085938,110.85808563232422,185.1995893205915,-5933.4599609375,-5946.0,238.69186401367188,-6437.5,-6399.4,-6204.0,-6072.75,-5946.0,-5751.75,-5648.6,-5594.0,-5549.2
29029,-5941.31982421875,169.0531005859375,110.91643524169922,184.55880519321985,-5941.31982421875,-5957.0,233.73992919921875,-6437.5,-6399.4,-6204.0,-6072.75,-5957.0,-5751.75,-5660.6,-5604.55,-5554.9
29120,-5950.580078125,168.72592163085938,110.96646118164062,183.90901620047433,-5950.580078125,-5958.5,232.6781463623047,-6437.5,-6399.4,-6235.4,-6077.0,-5958.5,-5779.0,-5660.6,-5624.0,-5554.9
29211,-5964.43994140625,168.3932647705078,111.00927734375,183.2495836530413,-5964.43994140625,-5965.5,231.23837280273438,-6496.3,-6399.4,-6237.0,-6101.5,-5965.5,-5794.5,-5677.5,-5639.0,-5554.9
29302,-5970.60009765625,168.06410217285156,111.02304077148438,182.61933026994978,-5970.60009765625,-5969.5,230.9087677001953,-6496.3,-6408.3,-6237.0,-6103.0,-5969.5,-5794.5,-5696.0,-5639.0,-5554.9
29393,-5983.10009765625,167.7059783935547,111.03976440429688,181.94907924107142,-5983.10009765625,-6000.0,234.6768035888672,-6497.02,-6434.3,-6237.0,-6107.25,-6000.0,-5805.5,-5696.0,-5639.95,-5637.22
29484,-5990.6396484375,167.37457275390625,111.07682800292969,181.2927028111049,-5990.64013671875,-6001.5,235.5867919921875,-6497.02,-6434.3,-6260.4,-6110.25,-6001.5,-5837.5,-5696.0,-5639.95,-5637.22
29575,-5998.2197265625,167.03085327148438,111.0991439819336,180.61771501813615,-5998.22021484375,-6005.5,235.0336456298828,-6497.02,-6434.3,-6260.4,-6113.25,-6005.5,-5837.5,-5696.5,-5644.75,-5637.22
29666,-6005.919921875,166.71534729003906,111.1468734741211,179.96697344098772,-6005.919921875,-6007.0,231.72166442871094,-6497.02,-6434.3,-6260.4,-6128.25,-6007.0,-5852.0,-5723.2,-5644.75,-5637.22
29757,-6013.7197265625,166.3907928466797,111.17750549316406,179.3243364606585,-6013.72021484375,-6007.5,231.73126220703125,-6498.0,-6440.0,-6260.4,-6141.5,-6007.5,-5869.5,-5740.299999999999,-5644.75,-5637.62
29848,-6022.1796875,166.03469848632812,111.20662689208984,178.62719508579798,-6022.18017578125,-6017.5,232.4744873046875,-6498.0,-6440.0,-6310.5,-6143.5,-6017.5,-5872.75,-5740.299999999999,-5654.25,-5637.62
29939,-6034.23974609375,165.725341796875,111.24456024169922,178.00620814732142,-6034.240234375,-6035.0,227.75558471679688,-6498.0,-6445.7,-6311.4,-6143.5,-6035.0,-5883.75,-5772.099999999999,-5678.150000000001,-5637.62
30030,-6044.97998046875,165.38070678710938,111.26481628417969,177.34458923339844,-6044.97998046875,-6035.0,232.93283081054688,-6510.84,-6468.45,-6370.8,-6145.5,-6035.0,-5901.75,-5774.8,-5701.8,-5637.820000000001
30121,-6052.8798828125,165.03533935546875,111.27332305908203,176.6846182686942,-6052.8798828125,-6055.5,235.7639617919922,-6650.0,-6496.55,-6370.8,-6151.25,-6055.5,-5910.5,-5775.8,-5721.95,-5637.820000000001
30212,-6064.35986328125,164.71131896972656,111.31724548339844,176.0130135672433,-6064.35986328125,-6068.0,240.55130004882812,-6650.0,-6507.7,-6376.0,-6166.5,-6068.0,-5917.25,-5775.8,-5728.7,-5637.820000000001
30303,-6072.7998046875,164.40277099609375,111.36822509765625,175.37447684151786,-6072.7998046875,-6072.0,239.47755432128906,-6650.0,-6507.7,-6377.2,-6190.25,-6072.0,-5917.25,-5789.7,-5729.95,-5643.9
30394,-6084.5400390625,164.09996032714844,111.41328430175781,174.7394060407366,-6084.5400390625,-6072.0,235.3971405029297,-6650.4,-6507.7,-6377.2,-6193.25,-6072.0,-5934.75,-5796.6,-5754.65,-5643.9
30485,-6091.5400390625,163.81764221191406,111.47061157226562,174.1199733189174,-6091.5400390625,-6077.0,235.89974975585938,-6651.16,-6520.25,-6377.2,-6211.25,-6077.0,-5938.25,-5832.599999999999,-5754.65,-5643.9
30576,-6097.93994140625,163.5102081298828,111.50077056884766,173.49315098353796,-6097.93994140625,-6095.0,234.9766387939453,-6651.16,-6520.25,-6377.2,-6215.25,-6095.0,-5938.25,-5833.0,-5776.55,-5643.9
30667,-6108.39990234375,163.16041564941406,111.51153564453125,172.8240923200335,-6108.39990234375,-6105.5,230.82882690429688,-6651.16,-6520.25,-6377.2,-6216.75,-6105.5,-5950.25,-5836.6,-5776.55,-5661.54
30758,-6120.77978515625,162.85205078125,111.54216003417969,172.19437081473214,-6120.77978515625,-6113.0,235.9031524658203,-6651.16,-6588.15,-6455.0,-6231.5,-6113.0,-5962.0,-5836.6,-5783.7,-5692.900000000001
30849,-6127.919921875,162.5317840576172,111.5710678100586,171.5469251360212,-6127.919921875,-6150.5,236.44976806640625,-6651.16,-6610.85,-6455.0,-6239.5,-6150.5,-5967.5,-5837.0,-5796.35,-5692.900000000001
30940,-6133.81982421875,162.22438049316406,111.63258361816406,170.8618665422712,-6133.81982421875,-6156.5,237.3739471435547,-6667.82,-6627.3,-6455.0,-6247.25,-6156.5,-5968.75,-5865.799999999999,-5796.35,-5692.900000000001
31031,-6142.43994140625,161.89439392089844,111.65335845947266,170.20330374581474,-6142.43994140625,-6165.0,238.1217041015625,-6667.82,-6627.3,-6456.5,-6265.0,-6165.0,-5969.0,-5872.6,-5796.35,-5692.900000000001
31122,-6151.93994140625,161.57656860351562,111.68022155761719,169.55403791155135,-6151.93994140625,-6165.0,240.95704650878906,-6667.82,-6627.3,-6506.1,-6274.5,-6165.0,-5978.5,-5872.6,-5808.15,-5693.22
31213,-6162.419921875,161.21292114257812,111.6798095703125,168.87086050851005,-6162.419921875,-6173.0,239.1601104736328,-6667.82,-6627.3,-6506.1,-6287.25,-6173.0,-5978.5,-5896.4,-5821.35,-5693.22
31304,-6170.60009765625,160.8793487548828,111.69464111328125,168.21050153459822,-6170.60009765625,-6180.0,237.72381591796875,-6667.82,-6629.2,-6506.1,-6298.75,-6180.0,-5978.5,-5900.8,-5847.95,-5732.42
31395,-6173.39990234375,160.60142517089844,111.77434539794922,167.54676382882255,-6173.39990234375,-6185.5,237.61485290527344,-6669.78,-6629.2,-6506.1,-6298.75,-6185.5,-5988.75,-5900.8,-5866.0,-5732.42
31486,-6179.77978515625,160.3027801513672,111.80521392822266,166.90560477120536,-6179.77978515625,-6191.5,238.10630798339844,-6669.78,-6629.2,-6506.1,-6320.25,-6191.5,-5994.75,-5900.8,-5866.0,-5732.42
31577,-6190.23974609375,159.97837829589844,111.8365707397461,166.22708565848214,-6190.240234375,-6194.5,237.4717559814453,-6669.78,-6633.1,-6511.2,-6324.75,-6194.5,-6004.0,-5923.099999999999,-5867.45,-5744.18
31668,-6199.52001953125,159.61720275878906,111.8432846069336,165.5240740094866,-6199.52001953125,-6201.0,239.0377960205078,-6737.4,-6636.65,-6511.2,-6341.5,-6201.0,-6011.5,-5926.8,-5874.7,-5744.18
31759,-6207.080078125,159.29388427734375,111.85626983642578,164.88039071219308,-6207.080078125,-6214.5,238.20314025878906,-6737.4,-6636.65,-6511.2,-6349.0,-6214.5,-6017.75,-5926.8,-5874.7,-5744.18
31850,-6213.10009765625,158.96804809570312,111.86823272705078,164.21008954729353,-6213.10009765625,-6225.0,238.7015838623047,-6737.4,-6636.65,-6511.2,-6363.0,-6225.0,-6017.75,-5929.5,-5898.45,-5744.18
31941,-6220.1796875,158.63836669921875,111.87865447998047,163.54164341517858,-6220.18017578125,-6226.5,237.4340057373047,-6737.4,-6636.65,-6511.2,-6370.5,-6226.5,-6020.5,-5929.5,-5909.65,-5805.920000000001
32032,-6226.2998046875,158.33132934570312,111.90062713623047,162.88616289411272,-6226.2998046875,-6238.0,237.67173767089844,-6737.4,-6659.45,-6513.8,-6380.0,-6238.0,-6033.0,-5931.8,-5921.45,-5805.920000000001
32123,-6236.23974609375,157.96359252929688,111.85049438476562,162.22884259905135,-6236.240234375,-6248.5,240.7456817626953,-6747.2,-6689.1,-6515.3,-6385.0,-6248.5,-6046.0,-5932.9,-5922.0,-5831.400000000001
32214,-6245.65966796875,157.61923217773438,111.84880828857422,161.55653599330358,-6245.66015625,-6254.5,236.67120361328125,-6747.2,-6690.55,-6515.3,-6392.0,-6254.5,-6053.0,-5956.0,-5923.9,-5833.280000000001
32305,-6252.56005859375,157.294677734375,111.8740005493164,160.880855015346,-6252.56005859375,-6260.0,238.54229736328125,-6766.24,-6720.95,-6515.3,-6392.0,-6260.0,-6059.5,-5960.6,-5931.6,-5845.04
32396,-6263.4599609375,157.0103759765625,111.9340591430664,160.21464102608817,-6263.4599609375,-6279.5,238.5859375,-6785.92,-6720.95,-6526.1,-6401.0,-6279.5,-6064.0,-5993.2,-5932.95,-5918.540000000001
32487,-6269.97998046875,156.70481872558594,111.9586181640625,159.56256321498327,-6269.97998046875,-6301.5,235.82888793945312,-6785.92,-6720.95,-6526.1,-6402.25,-6301.5,-6069.75,-5997.7,-5932.95,-5918.540000000001
32578,-6279.5400390625,156.36476135253906,111.95453643798828,158.90492684500558,-6279.5400390625,-6301.5,239.14540100097656,-6792.92,-6740.3,-6563.0,-6406.25,-6301.5,-6073.0,-6016.9,-5932.95,-5920.500000000001
32669,-6289.6396484375,156.01637268066406,111.93415069580078,158.24105834960938,-6289.64013671875,-6313.5,239.89691162109375,-6838.0,-6752.35,-6563.0,-6414.25,-6313.5,-6080.0,-6020.8,-5976.7,-5920.500000000001
32760,-6301.7197265625,155.70794677734375,111.95285034179688,157.58930315290178,-6301.72021484375,-6318.5,245.5944366455078,-6887.32,-6789.5,-6609.8,-6414.25,-6318.5,-6100.75,-6020.8,-5976.7,-5920.500000000001
32851,-6311.19970703125,155.38023376464844,111.9613265991211,156.9103546142578,-6311.2001953125,-6331.5,247.5343780517578,-6893.2,-6789.5,-6689.4,-6420.5,-6331.5,-6127.25,-6021.0,-5994.0,-5920.500000000001
32942,-6319.83984375,155.0889434814453,111.98322296142578,156.26649911063058,-6319.83984375,-6344.0,249.540283203125,-6893.2,-6789.5,-6689.4,-6437.0,-6344.0,-6128.75,-6024.6,-5994.0,-5920.500000000001
33033,-6325.259765625,154.7820587158203,112.0063705444336,155.60538155691964,-6325.259765625,-6344.0,251.8585968017578,-6893.2,-6806.7,-6699.2,-6448.25,-6344.0,-6141.75,-6024.6,-5994.0,-5920.820000000001
33124,-6339.080078125,154.45863342285156,112.02204132080078,154.9175088065011,-6339.080078125,-6345.0,249.6711883544922,-6893.2,-6806.7,-6699.2,-6463.5,-6345.0,-6146.5,-6042.5,-5994.0,-5920.820000000001
33215,-6351.0400390625,154.1216583251953,112.0243911743164,154.21924482073103,-6351.0400390625,-6352.5,247.2600860595703,-6893.2,-6808.6,-6701.4,-6466.0,-6352.5,-6159.5,-6071.0,-5994.0,-5920.9800000000005
33306,-6356.69970703125,153.75904846191406,111.993896484375,153.52012634277344,-6356.7001953125,-6360.0,248.0034637451172,-6903.54,-6810.7,-6701.4,-6476.0,-6360.0,-6165.5,-6076.7,-5994.0,-5928.820000000001
33397,-6369.31982421875,153.43301391601562,111.99203491210938,152.84198869977678,-6369.31982421875,-6379.5,243.3234100341797,-6903.54,-6810.7,-6701.4,-6481.0,-6379.5,-6192.5,-6077.0,-6041.5,-5928.820000000001
33488,-6378.15966796875,153.1099853515625,112.0031509399414,152.15330505371094,-6378.16015625,-6385.0,243.57369995117188,-6903.54,-6881.1,-6701.4,-6501.5,-6385.0,-6208.0,-6089.9,-6050.65,-5987.620000000001
33579,-6391.61962890625,152.7796630859375,111.98837280273438,151.4781995500837,-6391.6201171875,-6389.0,245.73919677734375,-6930.54,-6881.1,-6701.4,-6527.25,-6389.0,-6238.75,-6107.9,-6053.85,-5987.620000000001
33670,-6398.97998046875,152.4845428466797,112.01004791259766,150.80481828962053,-6398.97998046875,-6393.0,243.49951171875,-6930.54,-6881.1,-6701.4,-6549.5,-6393.0,-6238.75,-6113.7,-6053.85,-5991.02
33761,-6402.85986328125,152.1480712890625,111.9850845336914,150.12827845982142,-6402.85986328125,-6393.0,243.86505126953125,-6930.54,-6881.1,-6701.4,-6551.5,-6393.0,-6238.75,-6114.0,-6053.85,-5991.02
33852,-6407.52001953125,151.85169982910156,112.01097869873047,149.47110857282365,-6407.52001953125,-6398.5,243.1396942138672,-6930.54,-6881.1,-6706.8,-6554.75,-6398.5,-6238.75,-6123.0,-6075.85,-6008.660000000001
33943,-6416.10009765625,151.4823760986328,111.9555435180664,148.77400861467635,-6416.10009765625,-6412.5,240.8769989013672,-6930.54,-6881.1,-6706.9,-6554.75,-6412.5,-6251.0,-6133.4,-6075.85,-6008.660000000001
34034,-6425.19970703125,151.16534423828125,111.94815063476562,148.11328778948103,-6425.2001953125,-6415.5,238.47764587402344,-6930.54,-6881.1,-6707.8,-6564.5,-6415.5,-6253.0,-6140.7,-6113.15,-6026.300000000001
34125,-6432.02001953125,150.8666229248047,111.96640014648438,147.45509774344308,-6432.02001953125,-6423.5,240.07260131835938,-6930.54,-6881.2,-6727.6,-6564.5,-6423.5,-6256.0,-6146.4,-6113.15,-6026.300000000001
34216,-6438.0,150.55459594726562,111.95687103271484,146.7827627999442,-6438.0,-6427.5,242.68699645996094,-6930.54,-6886.2,-6727.6,-6583.0,-6427.5,-6256.0,-6146.4,-6119.8,-6026.300000000001
34307,-6446.6396484375,150.28941345214844,111.9912109375,146.14668927873885,-6446.64013671875,-6435.0,244.98785400390625,-6935.44,-6909.2,-6749.5,-6602.25,-6435.0,-6260.0,-6151.5,-6119.8,-6026.300000000001
34398,-6450.1396484375,149.97677612304688,111.99520111083984,145.48978751046317,-6450.14013671875,-6435.0,244.3700408935547,-6935.44,-6913.85,-6749.5,-6602.25,-6435.0,-6284.75,-6154.7,-6121.05,-6026.300000000001
34489,-6453.81982421875,149.65365600585938,111.98381805419922,144.79654802594865,-6453.81982421875,-6440.0,242.79461669921875,-6944.26,-6914.0,-6749.5,-6602.25,-6440.0,-6293.25,-6168.8,-6121.05,-6026.300000000001
34580,-6462.1796875,149.35037231445312,111.98678588867188,144.12434823172433,-6462.18017578125,-6446.0,241.9666748046875,-6944.26,-6929.2,-6749.5,-6610.25,-6446.0,-6297.75,-6168.8,-6132.65,-6026.300000000001
34671,-6471.73974609375,149.04656982421875,111.98135375976562,143.4645494733538,-6471.740234375,-6453.5,243.0371856689453,-6957.2,-6941.15,-6762.1,-6618.75,-6453.5,-6318.5,-6173.5,-6147.95,-6026.300000000001
34762,-6480.83984375,148.76058959960938,111.99979400634766,142.79876273018974,-6480.83984375,-6460.0,242.51092529296875,-6969.46,-6941.6,-6762.1,-6618.75,-6460.0,-6321.0,-6196.099999999999,-6147.95,-6026.300000000001
34853,-6491.56005859375,148.50872802734375,112.0401611328125,142.17366245814733,-6491.56005859375,-6479.0,244.41036987304688,-6994.94,-6965.1,-6762.1,-6635.0,-6479.0,-6330.75,-6196.099999999999,-6152.75,-6026.300000000001
34944,-6497.73974609375,148.22007751464844,112.036865234375,141.52855355398995,-6497.740234375,-6494.5,245.32473754882812,-7028.26,-6965.4,-6772.9,-6635.0,-6494.5,-6330.75,-6198.9,-6152.75,-6026.300000000001
35035,-6505.15966796875,147.9024658203125,112.02955627441406,140.83597891671317,-6505.16015625,-6505.0,247.3126678466797,-7090.18,-6974.0,-6796.3,-6641.75,-6505.0,-6350.5,-6198.9,-6152.75,-6026.300000000001
35126,-6511.8798828125,147.55560302734375,111.99555969238281,140.15002659388952,-6511.8798828125,-6508.0,250.37484741210938,-7090.18,-6985.4,-6831.1,-6641.75,-6508.0,-6350.5,-6207.1,-6152.75,-6026.580000000001
35217,-6517.43994140625,147.2664031982422,111.98503112792969,139.51692635672433,-6517.43994140625,-6508.0,249.31808471679688,-7099.1,-6991.1,-6831.1,-6641.75,-6508.0,-6350.5,-6207.1,-6162.5,-6067.780000000001
35308,-6523.7197265625,146.97564697265625,111.98763275146484,138.85665457589286,-6523.72021484375,-6517.0,248.466796875,-7099.1,-6994.7,-6861.7,-6641.75,-6517.0,-6371.5,-6216.099999999999,-6166.3,-6067.780000000001
35399,-6531.35986328125,146.6986541748047,112.00818634033203,138.20722307477678,-6531.35986328125,-6550.5,250.70797729492188,-7105.38,-7027.1,-6861.7,-6641.75,-6550.5,-6371.5,-6216.2,-6166.3,-6067.780000000001
35490,-6540.0400390625,146.4013214111328,111.99630737304688,137.55150495256697,-6540.0400390625,-6553.0,249.09417724609375,-7105.38,-7027.1,-6861.7,-6670.25,-6553.0,-6374.5,-6233.5,-6172.95,-6134.420000000001
35581,-6547.06005859375,146.07508850097656,111.96710205078125,136.8538578578404,-6547.06005859375,-6557.0,244.63011169433594,-7105.58,-7027.1,-6863.1,-6670.25,-6557.0,-6391.75,-6243.9,-6172.95,-6136.420000000001
35672,-6555.69970703125,145.8057861328125,111.98821258544922,136.19185529436385,-6555.7001953125,-6557.0,241.5940704345703,-7105.58,-7027.1,-6863.1,-6670.25,-6557.0,-6403.5,-6256.7,-6172.95,-6136.740000000001
35763,-6562.259765625,145.5177001953125,111.9989242553711,135.51648603166853,-6562.259765625,-6557.0,236.69581604003906,-7105.58,-7027.1,-6863.1,-6674.0,-6557.0,-6418.25,-6256.9,-6173.9,-6144.660000000001
35854,-6568.06005859375,145.2198944091797,111.99371337890625,134.83291625976562,-6568.06005859375,-6557.0,239.01376342773438,-7105.86,-7027.1,-6891.2,-6684.0,-6557.0,-6418.25,-6256.9,-6173.9,-6144.660000000001
35945,-6572.1796875,144.92115783691406,111.96939086914062,134.18946402413505,-6572.18017578125,-6557.0,238.3826904296875,-7105.86,-7027.2,-6891.2,-6685.75,-6557.0,-6418.25,-6260.7,-6219.4,-6168.180000000001
36036,-6582.1796875,144.6429901123047,111.97569274902344,133.5224369594029,-6582.18017578125,-6564.0,241.1472930908203,-7118.6,-7063.5,-6897.4,-6697.5,-6564.0,-6431.75,-6260.7,-6228.55,-6168.300000000001
36127,-6593.61962890625,144.29847717285156,111.94117736816406,132.79720197405135,-6593.6201171875,-6573.0,237.70140075683594,-7118.6,-7063.5,-6897.4,-6713.25,-6573.0,-6438.5,-6289.3,-6228.55,-6170.900000000001
36218,-6601.5,144.02867126464844,111.95398712158203,132.14528111049108,-6601.5,-6584.0,238.52664184570312,-7118.6,-7080.1,-6897.4,-6723.5,-6584.0,-6439.0,-6310.5,-6228.55,-6170.900000000001
36309,-6612.89990234375,143.74200439453125,111.96044921875,131.47265407017298,-6612.89990234375,-6588.5,241.07601928710938,-7169.56,-7080.1,-6903.1,-6747.25,-6588.5,-6442.0,-6334.4,-6251.35,-6206.18
36400,-6620.93994140625,143.46966552734375,111.9488754272461,130.84190913609095,-6620.93994140625,-6595.0,235.6294708251953,-7169.56,-7080.1,-6903.1,-6751.5,-6595.0,-6460.0,-6334.4,-6282.7,-6206.18
36491,-6627.43994140625,143.1605224609375,111.90995788574219,130.1919392177037,-6627.43994140625,-6602.0,236.69200134277344,-7179.36,-7080.1,-6939.1,-6751.5,-6602.0,-6467.5,-6334.4,-6282.7,-6206.18
36582,-6635.11962890625,142.89007568359375,111.92573547363281,129.5234647478376,-6635.1201171875,-6602.5,237.71546936035156,-7197.18,-7080.1,-6939.1,-6751.5,-6602.5,-6481.5,-6334.4,-6282.7,-6206.18
36673,-6641.11962890625,142.53538513183594,111.85858917236328,128.81080191476005,-6641.1201171875,-6604.0,237.2466278076172,-7197.18,-7080.1,-6958.5,-6768.5,-6604.0,-6481.5,-6375.7,-6284.9,-6266.9400000000005
36764,-6647.6396484375,142.19198608398438,111.81050109863281,128.12017822265625,-6647.64013671875,-6620.0,237.61305236816406,-7197.18,-7085.8,-6960.7,-6775.25,-6620.0,-6496.25,-6375.7,-6295.45,-6273.800000000001
36855,-6657.0400390625,141.88308715820312,111.77383422851562,127.4313485281808,-6657.0400390625,-6622.0,236.07748413085938,-7197.18,-7101.5,-6960.7,-6777.25,-6622.0,-6510.25,-6376.7,-6309.8,-6280.000000000001
36946,-6665.15966796875,141.59100341796875,111.75334930419922,126.76687404087612,-6665.16015625,-6625.0,235.85789489746094,-7206.22,-7119.8,-6960.7,-6784.0,-6625.0,-6517.0,-6379.8,-6310.95,-6280.000000000001
37037,-6668.77978515625,141.3265838623047,111.75234985351562,126.12074824741909,-6668.77978515625,-6625.0,235.6904296875,-7206.22,-7119.8,-6960.7,-6784.75,-6625.0,-6522.75,-6388.1,-6326.15,-6283.920000000001
37128,-6673.83984375,141.05258178710938,111.75517272949219,125.46020071847099,-6673.83984375,-6645.0,236.15797424316406,-7206.26,-7127.4,-6985.7,-6792.25,-6645.0,-6526.5,-6388.1,-6326.15,-6297.64
37219,-6679.919921875,140.77952575683594,111.76009368896484,124.77535138811383,-6679.919921875,-6645.0,240.54266357421875,-7206.94,-7133.1,-7006.0,-6796.0,-6645.0,-6533.75,-6388.1,-6328.9,-6297.64
37310,-6691.93994140625,140.50143432617188,111.75601196289062,124.11879185267857,-6691.93994140625,-6651.0,245.29112243652344,-7206.94,-7165.7,-7102.0,-6818.5,-6651.0,-6540.0,-6398.9,-6328.9,-6298.000000000001
37401,-6700.6796875,140.22645568847656,111.75132751464844,123.45088522774833,-6700.68017578125,-6667.0,246.52560424804688,-7253.34,-7180.1,-7103.9,-6826.5,-6667.0,-6546.25,-6400.0,-6341.55,-6300.9400000000005
37492,-6706.7998046875,139.89442443847656,111.70609283447266,122.73505292619977,-6706.7998046875,-6676.5,246.30319213867188,-7270.74,-7187.7,-7103.9,-6838.0,-6676.5,-6549.25,-6407.2,-6350.55,-6300.9400000000005
37583,-6711.65966796875,139.62327575683594,111.69882202148438,122.08023071289062,-6711.66015625,-6678.0,246.31285095214844,-7270.74,-7187.7,-7103.9,-6841.0,-6678.0,-6549.25,-6424.2,-6373.8,-6300.9400000000005
37674,-6715.65966796875,139.31492614746094,111.66057586669922,121.4090096609933,-6715.66015625,-6678.0,245.52203369140625,-7270.74,-7201.8,-7103.9,-6841.25,-6678.0,-6553.75,-6424.2,-6373.8,-6301.500000000001
37765,-6721.43994140625,139.04627990722656,111.65708923339844,120.74731009347099,-6721.43994140625,-6689.0,245.89222717285156,-7270.74,-7201.8,-7104.2,-6845.25,-6689.0,-6554.75,-6424.2,-6385.2,-6301.500000000001
37856,-6729.6396484375,138.7598419189453,111.63915252685547,120.08286721365792,-6729.64013671875,-6692.5,248.863037109375,-7270.74,-7203.3,-7104.6,-6847.5,-6692.5,-6564.5,-6424.4,-6385.2,-6301.900000000001
37947,-6740.52001953125,138.45921325683594,111.60591125488281,119.40843091692243,-6740.52001953125,-6724.5,249.03636169433594,-7303.08,-7203.8,-7119.0,-6863.25,-6724.5,-6570.5,-6435.9,-6385.2,-6301.900000000001
38038,-6746.97998046875,138.17152404785156,111.59123992919922,118.73116847446987,-6746.97998046875,-6725.0,248.01205444335938,-7303.08,-7203.8,-7119.0,-6880.75,-6725.0,-6572.5,-6447.8,-6404.2,-6302.740000000001
38129,-6753.83984375,137.89309692382812,111.5598373413086,118.09941973005023,-6753.83984375,-6745.0,246.01959228515625,-7303.08,-7234.2,-7138.0,-6880.75,-6745.0,-6574.75,-6459.5,-6407.05,-6302.740000000001
38220,-6761.1796875,137.6150665283203,111.53089141845703,117.45091356549945,-6761.18017578125,-6755.0,247.02059936523438,-7303.08,-7234.2,-7148.3,-6889.25,-6755.0,-6578.25,-6460.0,-6422.25,-6302.740000000001
38311,-6768.89990234375,137.34075927734375,111.50505065917969,116.79149736676898,-6768.89990234375,-6774.0,245.1181182861328,-7303.08,-7234.85,-7148.3,-6889.25,-6774.0,-6598.0,-6460.9,-6424.45,-6302.740000000001
38402,-6775.2197265625,137.0569610595703,111.48709869384766,116.10703604561942,-6775.22021484375,-6781.0,243.26522827148438,-7304.06,-7235.7,-7148.3,-6889.25,-6781.0,-6623.0,-6460.9,-6434.900000000001,-6302.740000000001
38493,-6784.1796875,136.81512451171875,111.49166870117188,115.4793210710798,-6784.18017578125,-6788.0,245.3882293701172,-7304.86,-7235.7,-7148.3,-6898.25,-6788.0,-6626.75,-6460.9,-6434.900000000001,-6302.740000000001
38584,-6788.4599609375,136.51531982421875,111.44446563720703,114.80102975027901,-6788.4599609375,-6788.0,245.23532104492188,-7304.86,-7278.2,-7148.3,-6902.0,-6788.0,-6638.0,-6463.7,-6434.900000000001,-6303.42
38675,-6797.97998046875,136.24281311035156,111.43885040283203,114.11912100655692,-6797.97998046875,-6811.0,242.561279296875,-7305.02,-7278.2,-7161.5,-6909.5,-6811.0,-6641.0,-6472.1,-6441.8,-6340.66
38766,-6807.43994140625,135.93040466308594,111.3696517944336,113.45162963867188,-6807.43994140625,-6824.0,242.23728942871094,-7305.1,-7278.2,-7161.5,-6919.25,-6824.0,-6652.0,-6492.8,-6454.35,-6340.66
38857,-6815.89990234375,135.6251220703125,111.29922485351562,112.80365971156529,-6815.89990234375,-6825.0,241.03463745117188,-7306.54,-7278.2,-7161.5,-6928.0,-6825.0,-6661.75,-6497.7,-6459.1,-6345.02
38948,-6823.43994140625,135.40090942382812,111.3360824584961,112.12991659981864,-6823.43994140625,-6825.0,241.47825622558594,-7344.76,-7283.9,-7161.5,-6943.5,-6825.0,-6671.5,-6508.8,-6462.9,-6345.02
39039,-6826.33984375,135.17233276367188,111.34770202636719,111.47145298549107,-6826.33984375,-6835.0,242.58544921875,-7344.76,-7284.05,-7175.7,-6963.0,-6835.0,-6671.5,-6508.8,-6463.7,-6345.14
39130,-6833.6396484375,134.87657165527344,111.29615783691406,110.79396711077008,-6833.64013671875,-6835.0,239.414306640625,-7344.76,-7284.05,-7175.7,-6974.25,-6835.0,-6697.25,-6508.8,-6463.7,-6416.820000000001
39221,-6840.15966796875,134.5925750732422,111.27978515625,110.08694022042411,-6840.16015625,-6835.0,243.2563934326172,-7364.36,-7295.45,-7182.3,-6974.25,-6835.0,-6697.25,-6523.8,-6475.4,-6416.820000000001
39312,-6844.7197265625,134.28900146484375,111.2294692993164,109.39721788678851,-6844.72021484375,-6836.5,244.06906127929688,-7364.68,-7304.05,-7182.3,-6986.5,-6836.5,-6697.25,-6528.6,-6475.4,-6416.820000000001
39403,-6849.919921875,133.9757843017578,111.17642211914062,108.69879150390625,-6849.919921875,-6837.0,242.7322235107422,-7382.32,-7304.05,-7182.3,-6986.5,-6837.0,-6707.75,-6531.7,-6483.6,-6416.820000000001
39494,-6855.8798828125,133.7061004638672,111.14669799804688,108.03697531563895,-6855.8798828125,-6840.0,241.28175354003906,-7382.32,-7304.05,-7185.8,-6986.5,-6840.0,-6708.0,-6555.7,-6486.45,-6416.820000000001
39585,-6862.27978515625,133.43226623535156,111.11760711669922,107.36277553013393,-6862.27978515625,-6852.0,243.35049438476562,-7382.44,-7307.95,-7185.8,-6986.5,-6852.0,-6708.0,-6555.7,-6508.85,-6416.820000000001
39676,-6865.6396484375,133.1463165283203,111.07347869873047,106.67308916364398,-6865.64013671875,-6852.0,241.78033447265625,-7382.44,-7307.95,-7195.4,-6986.5,-6852.0,-6708.0,-6556.9,-6508.9,-6461.9800000000005
39767,-6872.4599609375,132.86521911621094,111.04560089111328,105.97911943708148,-6872.4599609375,-6858.5,243.07046508789062,-7383.08,-7307.95,-7195.4,-6991.75,-6858.5,-6711.75,-6563.3,-6508.9,-6461.9800000000005
39858,-6875.759765625,132.6121063232422,111.04052734375,105.29940468924386,-6875.759765625,-6863.0,244.74859619140625,-7406.6,-7373.4,-7195.4,-6991.75,-6863.0,-6712.75,-6571.9,-6508.9,-6461.9800000000005
39949,-6878.73974609375,132.37730407714844,111.05022430419922,104.61424146379743,-6878.740234375,-6877.5,244.55369567871094,-7406.6,-7373.4,-7195.4,-6995.0,-6877.5,-6725.0,-6571.9,-6508.9,-6461.9800000000005
40040,-6885.1796875,132.1515350341797,111.05657196044922,103.96468462262835,-6885.18017578125,-6877.5,244.262451171875,-7406.6,-7373.4,-7218.0,-7027.0,-6877.5,-6733.0,-6571.9,-6509.7,-6485.500000000001
40131,-6891.7197265625,131.90866088867188,111.06262969970703,103.27748107910156,-6891.72021484375,-6879.5,245.41131591796875,-7460.5,-7373.4,-7227.0,-7030.25,-6879.5,-6733.75,-6575.5,-6534.7,-6485.500000000001
40222,-6898.580078125,131.61009216308594,111.0108642578125,102.5648945399693,-6898.580078125,-6892.5,244.67701721191406,-7460.5,-7375.3,-7227.0,-7033.0,-6892.5,-6750.75,-6597.9,-6538.85,-6485.500000000001
40313,-6905.85986328125,131.4011993408203,111.04157257080078,101.88944244384766,-6905.85986328125,-6897.5,249.8498077392578,-7461.58,-7406.5,-7237.6,-7033.5,-6897.5,-6750.75,-6597.9,-6557.85,-6485.500000000001
40404,-6914.259765625,131.1767120361328,111.05707550048828,101.19292667933873,-6914.259765625,-6900.0,253.32814025878906,-7461.58,-7435.0,-7262.9,-7035.0,-6900.0,-6751.0,-6597.9,-6557.85,-6485.500000000001
40495,-6921.15966796875,130.89500427246094,111.0232162475586,100.50209263392857,-6921.16015625,-6903.0,252.10894775390625,-7461.58,-7435.0,-7262.9,-7038.0,-6903.0,-6754.5,-6606.5,-6557.85,-6485.500000000001
40586,-6924.6796875,130.6260528564453,110.97531127929688,99.8432867867606,-6924.68017578125,-6911.5,252.86019897460938,-7470.4,-7435.1,-7262.9,-7051.0,-6911.5,-6754.5,-6606.5,-6557.85,-6485.500000000001
40677,-6929.6396484375,130.40794372558594,110.96855163574219,99.19313376290458,-6929.64013671875,-6915.0,252.33724975585938,-7470.4,-7435.1,-7262.9,-7064.25,-6915.0,-6765.5,-6606.5,-6557.85,-6485.500000000001
40768,-6936.1796875,130.17108154296875,110.95709991455078,98.56092180524554,-6936.18017578125,-6915.0,250.8424072265625,-7470.4,-7435.1,-7262.9,-7068.25,-6915.0,-6770.5,-6651.099999999999,-6557.85,-6487.94
40859,-6941.33984375,129.96054077148438,110.95976257324219,97.9327414376395,-6941.33984375,-6923.5,250.0003662109375,-7470.4,-7435.1,-7266.2,-7070.25,-6923.5,-6782.25,-6652.7,-6587.3,-6487.94
40950,-6947.61962890625,129.74681091308594,110.97924041748047,97.24733407156808,-6947.6201171875,-6927.5,252.44126892089844,-7470.4,-7437.1,-7272.4,-7080.75,-6927.5,-6790.75,-6652.7,-6587.3,-6487.94
41041,-6955.419921875,129.51536560058594,110.96476745605469,96.60291181291852,-6955.419921875,-6933.5,252.7259521484375,-7513.38,-7439.0,-7285.0,-7081.75,-6933.5,-6790.75,-6654.9,-6602.0,-6487.94
41132,-6964.15966796875,129.30250549316406,110.97855377197266,95.93417249407086,-6964.16015625,-6944.5,251.73080444335938,-7513.38,-7439.0,-7322.4,-7095.75,-6944.5,-6794.5,-6674.0,-6620.05,-6507.54
41223,-6969.39990234375,129.05197143554688,110.94784545898438,95.2354507446289,-6969.39990234375,-6944.5,252.56211853027344,-7513.38,-7477.3,-7322.4,-7114.25,-6944.5,-6796.5,-6674.0,-6620.05,-6507.54
41314,-6974.5,128.82229614257812,110.94804382324219,94.55486842564174,-6974.5,-6953.0,251.04119873046875,-7513.38,-7477.3,-7323.5,-7115.0,-6953.0,-6811.25,-6682.3,-6620.05,-6507.54
41405,-6978.19970703125,128.5558319091797,110.9044189453125,93.89008549281529,-6978.2001953125,-6970.5,250.08026123046875,-7513.38,-7477.3,-7323.5,-7116.0,-6970.5,-6812.75,-6688.4,-6620.05,-6527.14
41496,-6983.6396484375,128.29054260253906,110.85604858398438,93.19976915631976,-6983.64013671875,-6982.0,250.70310974121094,-7513.38,-7477.3,-7326.0,-7120.0,-6982.0,-6815.0,-6692.6,-6620.05,-6578.1
41587,-6989.7197265625,128.04544067382812,110.8375473022461,92.49871172223773,-6989.72021484375,-6982.0,250.49362182617188,-7513.38,-7483.1,-7326.0,-7124.0,-6982.0,-6829.5,-6694.8,-6620.75,-6578.1
41678,-6995.15966796875,127.81793212890625,110.83712768554688,91.82992226736886,-6995.16015625,-6985.5,250.06007385253906,-7513.38,-7483.1,-7351.2,-7128.5,-6985.5,-6836.25,-6695.9,-6620.75,-6578.1
41769,-7000.7197265625,127.5392837524414,110.78761291503906,91.10338701520648,-7000.72021484375,-7001.0,247.7095489501953,-7513.62,-7483.1,-7351.2,-7128.5,-7001.0,-6843.75,-6696.9,-6620.75,-6578.1
41860,-7005.93994140625,127.31083679199219,110.77873992919922,90.39905766078404,-7005.93994140625,-7001.0,248.36492919921875,-7513.62,-7483.1,-7351.2,-7133.75,-7001.0,-6843.75,-6708.0,-6620.75,-6578.1
41951,-7013.69970703125,127.05657196044922,110.72770690917969,89.72718157087054,-7013.7001953125,-7011.0,250.11679077148438,-7514.38,-7485.0,-7351.2,-7151.0,-7011.0,-6853.0,-6727.2,-6620.75,-6578.1
42042,-7016.7197265625,126.81076049804688,110.70376586914062,89.02750941685268,-7016.72021484375,-7017.0,250.79214477539062,-7518.3,-7491.1,-7353.4,-7158.0,-7017.0,-6853.75,-6727.8,-6620.75,-6578.1
42133,-7023.47998046875,126.594970703125,110.7064437866211,88.33685738699776,-7023.47998046875,-7023.0,253.17587280273438,-7582.0,-7491.1,-7354.0,-7158.75,-7023.0,-6853.75,-6728.7,-6640.65,-6578.1
42224,-7030.11962890625,126.36264038085938,110.67965698242188,87.65374755859375,-7030.1201171875,-7032.5,253.60537719726562,-7582.0,-7544.45,-7354.0,-7161.5,-7032.5,-6853.75,-6728.7,-6674.45,-6578.1
42315,-7034.3798828125,126.17829132080078,110.70280456542969,86.97893960135323,-7034.3798828125,-7032.5,251.44898986816406,-7582.0,-7544.45,-7354.2,-7172.25,-7032.5,-6853.75,-6729.3,-6689.3,-6636.900000000001
42406,-7039.8798828125,125.97850799560547,110.712158203125,86.29247283935547,-7039.8798828125,-7035.5,251.7733917236328,-7582.0,-7553.0,-7379.6,-7172.25,-7035.5,-6857.5,-6732.7,-6689.3,-6636.900000000001
42497,-7044.11962890625,125.7457504272461,110.67050170898438,85.64785548618862,-7044.1201171875,-7035.5,249.87791442871094,-7582.0,-7553.05,-7379.6,-7172.25,-7035.5,-6862.75,-6739.9,-6689.3,-6636.900000000001
42588,-7048.06005859375,125.5289535522461,110.6650619506836,84.95649937220982,-7048.06005859375,-7057.0,250.24024963378906,-7582.44,-7553.05,-7379.6,-7179.5,-7057.0,-6866.0,-6739.9,-6689.3,-6636.900000000001
42679,-7054.02001953125,125.3056411743164,110.65369415283203,84.2439705984933,-7054.02001953125,-7057.0,248.01181030273438,-7582.44,-7553.05,-7379.6,-7179.75,-7057.0,-6883.25,-6739.9,-6701.4,-6666.300000000001
42770,-7058.3798828125,125.12969970703125,110.67129516601562,83.58851405552456,-7058.3798828125,-7063.5,248.48709106445312,-7582.44,-7553.05,-7385.0,-7189.75,-7063.5,-6883.25,-6743.5,-6701.4,-6666.300000000001
42861,-7063.81982421875,124.88542175292969,110.63680267333984,82.86961909702846,-7063.81982421875,-7071.0,248.97756958007812,-7583.48,-7553.05,-7389.8,-7189.75,-7071.0,-6894.75,-6743.9,-6708.15,-6667.1
42952,-7067.77978515625,124.671875,110.6230697631836,82.18411690848214,-7067.77978515625,-7071.0,249.96066284179688,-7583.48,-7553.05,-7389.8,-7202.75,-7071.0,-6894.75,-6743.9,-6708.15,-6667.42
43043,-7071.83984375,124.4593734741211,110.6141357421875,81.49842071533203,-7071.83984375,-7074.5,248.9812774658203,-7583.48,-7553.05,-7392.8,-7215.75,-7074.5,-6894.75,-6774.5,-6709.95,-6667.42
43134,-7077.35986328125,124.2164306640625,110.5718002319336,80.78416987827846,-7077.35986328125,-7074.5,248.9992218017578,-7601.12,-7553.25,-7401.8,-7219.5,-7074.5,-6894.75,-6784.4,-6709.95,-6667.42
43225,-7081.47998046875,124.02716064453125,110.58979797363281,80.06326184953961,-7081.47998046875,-7076.5,250.47903442382812,-7606.02,-7554.3,-7428.6,-7221.25,-7076.5,-6894.75,-6784.4,-6709.95,-6667.42
43316,-7088.0,123.85175323486328,110.61185455322266,79.37078639439174,-7088.0,-7083.0,250.91644287109375,-7632.48,-7556.2,-7430.4,-7226.75,-7083.0,-6901.25,-6795.8,-6718.55,-6667.42
43407,-7094.759765625,123.640869140625,110.5966796875,78.67196437290737,-7094.759765625,-7094.0,251.5251922607422,-7633.32,-7556.2,-7431.4,-7233.0,-7094.0,-6912.75,-6796.5,-6729.45,-6667.42
43498,-7101.4599609375,123.44561767578125,110.58490753173828,78.02162824358258,-7101.4599609375,-7113.0,253.24551391601562,-7636.26,-7560.0,-7471.4,-7233.0,-7113.0,-6914.75,-6817.2,-6733.25,-6667.42
43589,-7106.6796875,123.213623046875,110.54198455810547,77.3321533203125,-7106.68017578125,-7113.0,254.71142578125,-7636.26,-7579.4,-7478.0,-7245.5,-7113.0,-6927.25,-6817.2,-6733.25,-6667.42
43680,-7111.73974609375,123.06189727783203,110.58808898925781,76.63317435128349,-7111.740234375,-7122.0,252.97018432617188,-7652.92,-7579.4,-7478.0,-7245.5,-7122.0,-6928.75,-6819.9,-6734.95,-6667.42
43771,-7116.11962890625,122.83058166503906,110.53679656982422,75.91897583007812,-7116.1201171875,-7122.5,255.0265350341797,-7701.92,-7579.4,-7478.0,-7247.5,-7122.5,-6929.75,-6819.9,-6735.95,-6667.42
43862,-7119.2197265625,122.650146484375,110.53644561767578,75.24996185302734,-7119.22021484375,-7122.5,254.05868530273438,-7701.92,-7579.4,-7478.0,-7249.0,-7122.5,-6935.5,-6820.3,-6743.55,-6667.42
43953,-7124.11962890625,122.43450164794922,110.5118637084961,74.57701328822544,-7124.1201171875,-7127.5,253.0441131591797,-7701.92,-7579.4,-7490.2,-7249.0,-7127.5,-6935.5,-6832.9,-6770.150000000001,-6667.42
44044,-7129.5,122.25634002685547,110.53125,73.90316445486886,-7129.5,-7132.5,255.9821014404297,-7701.92,-7623.1,-7490.2,-7252.25,-7132.5,-6958.0,-6841.7,-6770.150000000001,-6667.42
44135,-7132.35986328125,122.07234954833984,110.5235824584961,73.21420070103237,-7132.35986328125,-7134.0,254.82473754882812,-7701.92,-7623.1,-7490.2,-7261.5,-7134.0,-6958.0,-6843.5,-6781.5,-6667.42
44226,-7137.2197265625,121.88864135742188,110.5296630859375,72.5110844203404,-7137.22021484375,-7135.5,258.2511291503906,-7720.54,-7626.0,-7490.2,-7268.5,-7135.5,-6963.75,-6852.8,-6781.5,-6667.42
44317,-7141.580078125,121.68809509277344,110.51850891113281,71.79199654715401,-7141.580078125,-7135.5,256.88714599609375,-7720.54,-7626.0,-7490.2,-7280.0,-7135.5,-6963.75,-6858.4,-6797.65,-6667.42
44408,-7145.919921875,121.52288055419922,110.52857971191406,71.09586225237165,-7145.919921875,-7136.0,256.4332275390625,-7726.42,-7626.0,-7490.2,-7287.25,-7136.0,-6967.25,-6858.6,-6797.65,-6667.42
44499,-7152.43994140625,121.3658676147461,110.5567855834961,70.39439719063895,-7152.43994140625,-7159.0,254.7436065673828,-7726.42,-7626.0,-7490.2,-7288.25,-7159.0,-6967.25,-6875.0,-6805.65,-6667.42
44590,-7159.93994140625,121.1675033569336,110.55136108398438,69.6598401750837,-7159.93994140625,-7171.0,254.8950653076172,-7731.96,-7626.0,-7490.2,-7289.0,-7171.0,-6967.25,-6876.8,-6805.65,-6668.14
44681,-7165.0400390625,120.95948791503906,110.5309829711914,68.94797842843192,-7165.0400390625,-7172.0,253.89418029785156,-7731.96,-7626.0,-7490.2,-7290.0,-7172.0,-6974.75,-6876.8,-6805.65,-6668.3
44772,-7169.35986328125,120.70354461669922,110.45445251464844,68.20549011230469,-7169.35986328125,-7174.5,252.73577880859375,-7731.96,-7626.0,-7490.2,-7298.75,-7174.5,-6983.75,-6876.8,-6805.65,-6668.3
44863,-7174.3798828125,120.5106430053711,110.4549789428711,67.45057569231305,-7174.3798828125,-7174.5,251.85568237304688,-7731.96,-7626.0,-7490.2,-7304.5,-7174.5,-6985.5,-6886.1,-6805.65,-6670.740000000001
44954,-7176.4599609375,120.3359603881836,110.45639038085938,66.7803213936942,-7176.4599609375,-7177.5,252.09762573242188,-7731.96,-7626.4,-7490.2,-7304.5,-7177.5,-6985.75,-6886.1,-6805.65,-6670.740000000001
45045,-7179.3798828125,120.16476440429688,110.46131134033203,66.0609130859375,-7179.3798828125,-7181.0,251.7974395751953,-7731.96,-7639.7,-7490.2,-7307.75,-7181.0,-6988.5,-6886.1,-6805.65,-6671.1
45136,-7181.89990234375,120.04331970214844,110.5030746459961,65.40441567557198,-7181.89990234375,-7181.0,251.65182495117188,-7732.94,-7640.6,-7490.2,-7313.25,-7181.0,-7002.5,-6886.1,-6813.25,-6676.9800000000005
45227,-7186.5,119.88123321533203,110.51850891113281,64.70854786464146,-7186.5,-7181.0,251.61605834960938,-7736.86,-7641.3,-7490.2,-7321.5,-7181.0,-7018.0,-6886.1,-6813.25,-6710.3
45318,-7193.9599609375,119.6626205444336,110.46649932861328,63.99823488507952,-7193.9599609375,-7182.5,250.51104736328125,-7752.7,-7641.3,-7491.6,-7327.25,-7182.5,-7018.0,-6902.7,-6813.25,-6718.14
45409,-7199.56005859375,119.50492095947266,110.4802474975586,63.25828497750418,-7199.56005859375,-7182.5,249.01409912109375,-7753.42,-7641.3,-7491.6,-7329.5,-7182.5,-7036.5,-6902.7,-6856.75,-6718.14
45500,-7205.93994140625,119.3787841796875,110.52194213867188,62.53236280168806,-7205.93994140625,-7187.5,246.6254119873047,-7753.46,-7664.1,-7495.2,-7339.75,-7187.5,-7036.5,-6902.7,-6856.75,-6786.740000000001
45591,-7207.9599609375,119.20633697509766,110.51754760742188,61.81562369210379,-7207.9599609375,-7199.5,246.7796173095703,-7771.1,-7664.1,-7507.8,-7339.75,-7199.5,-7036.5,-6904.5,-6856.75,-6787.02
45682,-7213.099609375,118.96923828125,110.45223999023438,61.101801191057476,-7213.10009765625,-7202.5,245.74029541015625,-7771.1,-7664.6,-7516.8,-7352.25,-7202.5,-7036.5,-6904.5,-6857.35,-6787.660000000001
45773,-7217.85986328125,118.7697525024414,110.40580749511719,60.36524036952427,-7217.85986328125,-7216.0,245.7497100830078,-7772.38,-7666.5,-7516.8,-7352.25,-7216.0,-7043.0,-6904.5,-6862.1,-6787.660000000001
45864,-7222.3798828125,118.60025024414062,110.41876220703125,59.609707423618865,-7222.3798828125,-7216.0,247.2683563232422,-7772.38,-7666.5,-7518.0,-7359.0,-7216.0,-7043.0,-6904.5,-6862.1,-6787.660000000001
45955,-7228.6396484375,118.40666198730469,110.39765930175781,58.83248519897461,-7228.64013671875,-7230.0,249.05029296875,-7772.38,-7676.6,-7519.4,-7375.5,-7230.0,-7043.0,-6908.1,-6862.1,-6787.660000000001
46046,-7232.81982421875,118.25723266601562,110.42056274414062,58.05193982805525,-7232.81982421875,-7230.0,249.29978942871094,-7772.38,-7676.6,-7523.7,-7376.5,-7230.0,-7043.0,-6908.1,-6864.5,-6788.9400000000005
46137,-7235.47998046875,118.12342071533203,110.44637298583984,57.37582615443638,-7235.47998046875,-7233.0,250.7062530517578,-7772.38,-7676.8,-7523.8,-7384.0,-7233.0,-7043.0,-6908.1,-6864.5,-6788.9400000000005
46228,-7239.599609375,117.84532165527344,110.33682250976562,56.595140184674946,-7239.60009765625,-7241.0,249.71234130859375,-7772.74,-7676.8,-7524.0,-7384.5,-7241.0,-7045.0,-6922.7,-6864.5,-6796.780000000001
46319,-7243.0400390625,117.67143249511719,110.30912780761719,55.88787950788225,-7243.0400390625,-7243.0,246.387939453125,-7772.74,-7676.8,-7524.0,-7384.5,-7243.0,-7058.75,-6936.1,-6864.5,-6797.1
46410,-7247.7197265625,117.51962280273438,110.32410430908203,55.114036560058594,-7247.72021484375,-7249.0,247.34393310546875,-7774.7,-7676.8,-7524.8,-7384.5,-7249.0,-7073.5,-6950.5,-6888.25,-6797.1
46501,-7252.1396484375,117.41358947753906,110.37963104248047,54.35497229439871,-7252.14013671875,-7253.0,247.639892578125,-7774.7,-7677.3,-7524.8,-7385.5,-7253.0,-7073.5,-6952.3,-6888.25,-6797.1
46592,-7257.27978515625,117.26962280273438,110.40908813476562,53.570617130824495,-7257.27978515625,-7255.0,249.60989379882812,-7796.26,-7681.6,-7529.6,-7407.0,-7255.0,-7073.5,-6952.7,-6889.150000000001,-6797.1
46683,-7262.2197265625,117.09754180908203,110.38948822021484,52.81792613438198,-7262.22021484375,-7273.5,249.8591766357422,-7797.18,-7695.85,-7554.8,-7407.0,-7273.5,-7080.5,-6952.7,-6889.5,-6820.62
46774,-7265.81982421875,116.96261596679688,110.40442657470703,52.05857358660017,-7265.81982421875,-7273.5,249.7369384765625,-7797.18,-7704.4,-7565.6,-7413.5,-7273.5,-7080.5,-6966.5,-6890.0,-6820.62
46865,-7268.47998046875,116.85630798339844,110.46456909179688,51.258271898542134,-7268.47998046875,-7273.5,248.55828857421875,-7797.18,-7704.4,-7565.6,-7415.0,-7273.5,-7084.0,-6977.3,-6890.15,-6820.62
46956,-7275.23974609375,116.8268051147461,110.60375213623047,50.51018960135324,-7275.240234375,-7282.5,247.8150177001953,-7801.1,-7704.5,-7566.2,-7416.75,-7282.5,-7085.0,-6987.9,-6890.15,-6820.62
47047,-7279.31982421875,116.64031219482422,110.56954956054688,49.74516078404018,-7279.31982421875,-7282.5,247.888427734375,-7801.1,-7705.4,-7566.2,-7419.5,-7282.5,-7085.0,-6987.9,-6890.15,-6836.3
47138,-7283.56005859375,116.6005859375,110.68183135986328,49.03322764805385,-7283.56005859375,-7285.5,247.7567138671875,-7801.1,-7705.4,-7567.1,-7421.0,-7285.5,-7085.0,-6987.9,-6890.85,-6836.860000000001
47229,-7288.61962890625,116.38848876953125,110.63632202148438,48.17848641531808,-7288.6201171875,-7285.5,246.6535186767578,-7807.96,-7705.5,-7579.7,-7421.0,-7285.5,-7086.5,-6995.3,-6933.6,-6836.860000000001
47320,-7292.099609375,116.26686096191406,110.6731185913086,47.343480246407644,-7292.10009765625,-7285.5,246.68646240234375,-7807.96,-7705.85,-7579.7,-7433.5,-7285.5,-7096.5,-6995.3,-6933.6,-6850.58
47411,-7295.759765625,116.11896514892578,110.677490234375,46.54601832798549,-7295.759765625,-7288.5,245.7834014892578,-7815.88,-7705.85,-7579.7,-7435.5,-7288.5,-7096.5,-6995.3,-6935.8,-6850.740000000001
47502,-7298.81982421875,115.98162078857422,110.71244812011719,45.702474866594585,-7298.81982421875,-7288.5,247.2658233642578,-7857.04,-7705.85,-7579.7,-7443.5,-7288.5,-7114.0,-6995.3,-6935.8,-6850.740000000001
47593,-7303.83984375,115.86564636230469,110.75057983398438,44.900001525878906,-7303.83984375,-7302.0,246.8534698486328,-7857.04,-7734.35,-7604.6,-7443.5,-7302.0,-7114.0,-6995.3,-6946.45,-6850.9400000000005
47684,-7309.099609375,115.6931381225586,110.7228012084961,44.039645603724885,-7309.10009765625,-7302.0,245.5771484375,-7857.04,-7735.1,-7615.2,-7443.5,-7302.0,-7131.0,-7003.6,-6946.45,-6854.860000000001
47775,-7314.31982421875,115.53956604003906,110.72691345214844,43.162820543561665,-7314.31982421875,-7302.0,243.63760375976562,-7857.04,-7738.9,-7615.2,-7443.5,-7302.0,-7138.0,-7035.5,-6950.25,-6855.66
47866,-7317.259765625,115.39623260498047,110.73514556884766,42.24093246459961,-7317.259765625,-7309.0,243.9663848876953,-7857.04,-7738.9,-7615.2,-7443.5,-7309.0,-7139.75,-7035.5,-6950.35,-6855.66
47957,-7320.2197265625,115.22309875488281,110.71856689453125,41.359224046979634,-7320.22021484375,-7310.0,244.36663818359375,-7857.04,-7748.4,-7615.4,-7444.5,-7310.0,-7139.75,-7036.9,-6950.35,-6871.74
48048,-7323.580078125,115.15291595458984,110.80266571044922,40.487779889787944,-7323.580078125,-7322.0,244.21868896484375,-7857.04,-7748.4,-7615.4,-7444.5,-7322.0,-7149.0,-7036.9,-6951.0,-6877.62
48139,-7327.6796875,115.01885986328125,110.8129653930664,39.61177389962332,-7327.68017578125,-7325.0,243.5654296875,-7857.04,-7748.4,-7616.2,-7444.5,-7325.0,-7149.0,-7036.9,-6970.95,-6877.7
48230,-7330.4599609375,114.94921875,110.89166259765625,38.67995180402483,-7330.4599609375,-7329.0,244.10606384277344,-7857.04,-7762.3,-7636.1,-7449.0,-7329.0,-7152.0,-7036.9,-6971.85,-6877.7
48321,-7334.6796875,114.88074493408203,110.97193908691406,37.83892004830496,-7334.68017578125,-7329.0,242.3886260986328,-7857.04,-7762.3,-7636.3,-7454.75,-7329.0,-7152.0,-7036.9,-6971.85,-6884.86
48412,-7339.56005859375,114.765625,111.00283813476562,36.92199107578823,-7339.56005859375,-7338.0,242.67892456054688,-7859.08,-7762.65,-7641.7,-7477.75,-7338.0,-7155.0,-7038.3,-6980.55,-6884.86
48503,-7343.7998046875,114.76109313964844,111.1435317993164,36.03577096121652,-7343.7998046875,-7338.0,241.44369506835938,-7870.84,-7775.95,-7663.3,-7477.75,-7338.0,-7168.0,-7038.3,-6980.55,-6884.86
48594,-7346.27978515625,114.76204681396484,111.29376220703125,35.08111299787249,-7346.27978515625,-7354.5,241.56295776367188,-7878.68,-7775.95,-7663.3,-7477.75,-7354.5,-7186.0,-7038.3,-6980.55,-6884.86
48685,-7349.27978515625,114.62313842773438,111.29997253417969,34.163727624075754,-7349.27978515625,-7360.0,241.12400817871094,-7880.64,-7775.95,-7666.9,-7487.5,-7360.0,-7186.0,-7048.9,-6999.55,-6884.86
48776,-7352.39990234375,114.59028625488281,111.40032196044922,33.252187728881836,-7352.39990234375,-7362.0,242.20474243164062,-7894.44,-7775.95,-7666.9,-7487.5,-7362.0,-7188.0,-7054.3,-6999.55,-6884.86
48867,-7357.35986328125,114.409912109375,111.3629150390625,32.34287779671805,-7357.35986328125,-7370.0,239.9146728515625,-7894.44,-7776.35,-7666.9,-7487.5,-7370.0,-7188.0,-7056.099999999999,-7009.05,-6920.62
48958,-7360.3798828125,114.3923110961914,111.5000228881836,31.407852990286692,-7360.3798828125,-7374.0,239.78172302246094,-7894.44,-7776.35,-7666.9,-7489.0,-7374.0,-7188.0,-7056.099999999999,-7016.650000000001,-6920.62
49049,-7363.15966796875,114.40811157226562,111.63925170898438,30.470585414341517,-7363.16015625,-7374.0,241.50303649902344,-7894.44,-7777.15,-7691.2,-7490.0,-7374.0,-7196.0,-7070.599999999999,-7016.650000000001,-6920.66
49140,-7365.52001953125,114.47249603271484,111.8540267944336,29.445084435599192,-7365.52001953125,-7374.0,241.4304656982422,-7894.44,-7778.2,-7693.1,-7490.0,-7374.0,-7196.0,-7076.9,-7016.650000000001,-6920.9
49231,-7368.31982421875,114.56611633300781,112.09626007080078,28.372107369559153,-7368.31982421875,-7381.5,241.76780700683594,-7896.4,-7778.2,-7693.1,-7495.0,-7381.5,-7197.5,-7078.7,-7016.650000000001,-6920.9
49322,-7371.8798828125,114.61953735351562,112.29788970947266,27.302361624581472,-7371.8798828125,-7384.5,241.6514129638672,-7896.4,-7778.2,-7693.1,-7495.0,-7384.5,-7206.5,-7080.5,-7016.650000000001,-6920.9
49413,-7376.35986328125,114.66449737548828,112.48217010498047,26.23004150390625,-7376.35986328125,-7393.0,242.1389923095703,-7896.52,-7778.55,-7694.5,-7504.0,-7393.0,-7206.5,-7080.5,-7028.05,-6920.9
49504,-7378.7197265625,114.70354461669922,112.6743392944336,25.04906381879534,-7378.72021484375,-7393.0,244.35462951660156,-7922.0,-7778.55,-7696.6,-7517.0,-7393.0,-7206.5,-7080.5,-7028.05,-6920.9
49595,-7380.919921875,114.88473510742188,113.00132751464844,24.02570343017578,-7380.919921875,-7397.5,244.6272430419922,-7929.84,-7778.55,-7696.6,-7517.0,-7397.5,-7206.5,-7086.3,-7028.05,-6921.98
49686,-7383.919921875,115.20610046386719,113.47156524658203,22.83732169015067,-7383.919921875,-7401.5,246.61276245117188,-7979.08,-7778.55,-7696.6,-7526.0,-7401.5,-7210.75,-7089.0,-7028.05,-6931.78
49777,-7386.35986328125,115.62248229980469,114.03379821777344,21.682939529418945,-7386.35986328125,-7401.5,245.68788146972656,-7979.08,-7778.55,-7696.6,-7530.0,-7401.5,-7210.75,-7089.0,-7028.05,-6932.98
49868,-7389.06005859375,115.8630599975586,114.42245483398438,20.47439874921526,-7389.06005859375,-7402.5,246.08255004882812,-7979.08,-7778.55,-7720.0,-7539.25,-7402.5,-7210.75,-7089.9,-7028.05,-6932.98
49959,-7390.7197265625,116.25448608398438,114.94082641601562,19.367813927786692,-7390.72021484375,-7404.5,245.87164306640625,-7981.04,-7778.55,-7720.1,-7539.25,-7404.5,-7210.75,-7089.9,-7028.05,-6933.98
