step,best_fitness,avg_hamming,avg_l1,avg_entropy,mean,median,std,2%,5%,10%,25%,50%,75%,90%,95%,98%
91,-566.9199829101562,255.92138671875,16.372453689575195,353.98983328683033,-566.9199829101562,-573.0,85.96658325195312,-766.12,-714.0,-671.0,-626.25,-573.0,-497.0,-455.0,-447.70000000000005,-435.94
182,-631.1799926757812,255.8450164794922,18.111589431762695,353.72970145089283,-631.1799926757812,-628.5,83.58197784423828,-793.44,-776.15,-748.0,-686.25,-628.5,-571.75,-523.9,-500.35,-475.88
273,-661.4599609375,255.7664031982422,19.69801139831543,353.4658900669643,-661.4600219726562,-658.0,80.9657211303711,-820.88,-792.05,-766.3,-715.25,-658.0,-614.75,-560.1999999999999,-523.45,-501.98
364,-688.0599975585938,255.6925048828125,21.15414047241211,353.20802525111606,-688.0599975585938,-682.0,77.04087829589844,-859.1,-815.2,-793.0,-742.0,-682.0,-633.75,-600.0999999999999,-572.5,-543.98
455,-701.739990234375,255.6123504638672,22.522253036499023,352.9433288574219,-701.739990234375,-695.0,76.75853729248047,-864.1,-820.55,-797.0,-762.5,-695.0,-643.5,-614.9,-585.5,-555.86
546,-714.6399536132812,255.53701782226562,23.786602020263672,352.6858912876674,-714.6400146484375,-707.0,79.74014282226562,-893.1,-864.1,-819.0,-772.25,-707.0,-648.75,-616.9,-611.7,-585.5400000000001
637,-724.5199584960938,255.45875549316406,25.023588180541992,352.4207240513393,-724.52001953125,-715.0,74.709228515625,-893.1,-864.1,-819.1,-776.25,-715.0,-662.75,-635.6999999999999,-614.95,-605.6400000000001
728,-732.0,255.3845672607422,26.1748104095459,352.1645289829799,-732.0,-722.0,72.60371398925781,-898.04,-869.7,-826.5,-777.5,-722.0,-680.0,-645.9,-626.95,-614.98
819,-738.4599609375,255.30703735351562,27.274261474609375,351.9049159458705,-738.4600219726562,-731.0,72.79264068603516,-900.02,-883.5,-833.8,-787.75,-731.0,-683.25,-651.0,-636.95,-618.9200000000001
910,-747.0999755859375,255.22811889648438,28.309978485107422,351.6476484026228,-747.0999755859375,-741.5,73.21372985839844,-900.02,-893.25,-864.2,-792.25,-741.5,-690.0,-659.6999999999999,-645.8,-626.84
1001,-760.1799926757812,255.15548706054688,29.329511642456055,351.3931579589844,-760.1799926757812,-763.0,70.73717498779297,-900.02,-893.25,-864.2,-804.25,-763.0,-702.75,-662.9,-652.9,-641.9
1092,-766.760009765625,255.07557678222656,30.320249557495117,351.1292637416295,-766.760009765625,-765.0,66.17040252685547,-901.02,-898.1,-864.5,-805.5,-765.0,-714.0,-683.1999999999999,-664.9,-661.96
1183,-774.4199829101562,254.99789428710938,31.250276565551758,350.8726152692522,-774.4199829101562,-774.5,64.06499481201172,-901.02,-898.1,-869.8,-813.0,-774.5,-724.75,-686.9,-673.5500000000001,-662.0
1274,-776.8399658203125,254.9205780029297,32.13770294189453,350.6203918457031,-776.8400268554688,-777.5,62.637962341308594,-901.02,-900.0,-869.8,-814.0,-777.5,-731.25,-690.5999999999999,-677.9,-665.0
1365,-783.6799926757812,254.8417510986328,33.03501892089844,350.35902186802457,-783.6799926757812,-781.0,63.42584228515625,-902.32,-900.05,-877.6,-818.25,-781.0,-741.5,-704.8,-683.6,-665.0
1456,-787.0199584960938,254.76307678222656,33.8913688659668,350.1032278878348,-787.02001953125,-783.0,65.53243255615234,-918.94,-901.0,-883.1,-819.25,-783.0,-744.5,-704.8,-684.0,-673.82
1547,-793.0,254.6807861328125,34.72343444824219,349.84253365652904,-793.0,-789.0,65.51717376708984,-918.94,-901.0,-885.1,-831.75,-789.0,-747.5,-708.6999999999999,-686.9,-683.84
1638,-798.2999877929688,254.5988006591797,35.51628875732422,349.58593314034596,-798.2999877929688,-792.5,63.67487716674805,-918.94,-901.0,-885.1,-835.0,-792.5,-757.75,-713.5999999999999,-690.8,-684.0
1729,-799.7799682617188,254.52157592773438,36.32693862915039,349.32606724330356,-799.780029296875,-797.0,64.2542724609375,-918.94,-901.0,-892.3,-839.5,-797.0,-757.75,-713.5999999999999,-690.8,-684.0
1820,-802.9400024414062,254.43783569335938,37.124637603759766,349.05999755859375,-802.9400024414062,-798.0,62.832923889160156,-918.94,-901.0,-892.3,-846.25,-798.0,-757.75,-722.8,-708.8,-684.0
1911,-808.5599975585938,254.34951782226562,37.88386535644531,348.793448311942,-808.5599975585938,-805.0,66.35078430175781,-965.02,-901.05,-895.3,-856.75,-805.0,-761.25,-723.9,-708.8,-684.98
2002,-811.9199829101562,254.2609100341797,38.63233184814453,348.52342006138394,-811.9199829101562,-808.5,65.96524810791016,-965.02,-902.8,-898.2,-859.75,-808.5,-763.75,-723.9,-709.95,-691.86
2093,-815.1599731445312,254.17364501953125,39.37714385986328,348.2520839146205,-815.1599731445312,-811.0,65.2707748413086,-965.02,-902.8,-898.2,-862.5,-811.0,-764.0,-734.4,-715.7,-701.6600000000001
2184,-817.4199829101562,254.0845947265625,40.13098907470703,347.975830078125,-817.4199829101562,-813.5,65.88842010498047,-965.02,-906.6,-900.0,-866.5,-813.5,-766.25,-734.4,-715.7,-701.6600000000001
2275,-820.219970703125,254.00375366210938,40.860618591308594,347.70875767299106,-820.219970703125,-815.5,67.81453704833984,-965.02,-918.15,-900.1,-874.0,-815.5,-766.25,-734.4,-715.7,-701.6600000000001
2366,-823.0799560546875,253.92474365234375,41.57894515991211,347.4438694545201,-823.0800170898438,-818.0,66.6925277709961,-965.02,-922.2,-900.1,-874.0,-818.0,-780.0,-738.5999999999999,-720.75,-701.6600000000001
2457,-827.6599731445312,253.84129333496094,42.27544403076172,347.1754411969866,-827.6599731445312,-819.0,70.36920166015625,-975.96,-947.9,-902.4,-878.25,-819.0,-781.75,-744.4,-722.65,-701.6600000000001
2548,-832.0,253.74456787109375,42.95468521118164,346.8939644949777,-832.0,-822.0,68.45333862304688,-975.96,-947.9,-902.4,-878.25,-822.0,-787.5,-749.5999999999999,-723.95,-709.84
2639,-833.5,253.65097045898438,43.64593505859375,346.61242239815846,-833.5,-822.0,67.03826904296875,-975.96,-947.9,-902.4,-878.25,-822.0,-790.5,-750.9,-734.45,-715.72
2730,-837.5599975585938,253.55067443847656,44.29788589477539,346.32763671875,-837.5599975585938,-823.0,66.14701080322266,-975.96,-951.7,-907.2,-883.25,-823.0,-792.0,-752.8,-734.75,-723.98
2821,-842.3399658203125,253.4542236328125,44.95957946777344,346.04732840401783,-842.3400268554688,-835.5,65.53033447265625,-975.96,-951.7,-918.3,-889.25,-835.5,-793.5,-757.9,-738.85,-729.88
2912,-845.219970703125,253.3538055419922,45.6141357421875,345.7592250279018,-845.219970703125,-840.0,66.85006713867188,-975.96,-951.7,-944.1,-893.25,-840.0,-798.75,-757.9,-738.85,-729.88
3003,-846.8399658203125,253.2456817626953,46.27729415893555,345.45870535714283,-846.8400268554688,-843.0,65.83521270751953,-975.96,-951.7,-944.1,-893.5,-843.0,-800.5,-766.9999999999999,-740.9,-729.88
3094,-848.5599975585938,253.15664672851562,46.9538688659668,345.1704799107143,-848.5599975585938,-852.0,65.2894058227539,-975.96,-951.7,-944.1,-895.75,-852.0,-801.75,-771.5999999999999,-749.5500000000001,-729.88
3185,-849.1199951171875,253.04574584960938,47.602577209472656,344.8633771623884,-849.1199951171875,-852.0,65.09105682373047,-975.96,-951.7,-944.1,-898.0,-852.0,-803.5,-771.5999999999999,-749.5500000000001,-729.88
3276,-855.0599975585938,252.93572998046875,48.2480354309082,344.5555855887277,-855.0599975585938,-854.0,70.62617492675781,-1023.2,-965.05,-945.2,-898.0,-854.0,-806.5,-781.8,-753.95,-738.82
3367,-857.699951171875,252.8151092529297,48.88658142089844,344.23927089146207,-857.7000122070312,-858.5,70.29317474365234,-1023.2,-965.05,-945.2,-898.25,-858.5,-808.0,-787.1999999999999,-753.95,-738.82
3458,-859.760009765625,252.7069854736328,49.483795166015625,343.94315447126115,-859.760009765625,-861.5,69.84699249267578,-1023.2,-965.05,-945.2,-899.25,-861.5,-808.0,-788.0,-767.25,-740.96
3549,-862.47998046875,252.59706115722656,50.094444274902344,343.640372140067,-862.47998046875,-863.5,68.75164794921875,-1023.2,-965.05,-945.2,-899.25,-863.5,-812.25,-788.9,-771.8,-741.94
3640,-866.4400024414062,252.47535705566406,50.6921272277832,343.3242667061942,-866.4400024414062,-866.0,67.25910186767578,-1023.2,-966.45,-947.0,-899.25,-866.0,-815.25,-791.9,-779.9,-767.7
3731,-868.8999633789062,252.34750366210938,51.271305084228516,343.00321306501115,-868.9000244140625,-868.0,66.90687561035156,-1023.2,-975.15,-947.0,-900.0,-868.0,-817.5,-798.0,-783.8,-771.9200000000001
3822,-876.7799682617188,252.21910095214844,51.8665771484375,342.6746041434152,-876.780029296875,-871.5,76.77923583984375,-1066.48,-1005.9,-952.4,-902.5,-871.5,-819.75,-799.0,-783.8,-771.9200000000001
3913,-882.0599975585938,252.10035705566406,52.461421966552734,342.3522426060268,-882.0599975585938,-874.0,78.77497863769531,-1087.06,-1023.5,-966.9,-904.5,-874.0,-824.75,-799.9,-790.85,-777.8000000000001
4004,-883.9400024414062,251.97177124023438,53.01762390136719,342.0307137625558,-883.9400024414062,-877.5,78.74018096923828,-1087.06,-1023.5,-966.9,-908.0,-877.5,-824.75,-799.9,-790.85,-779.96
4095,-892.760009765625,251.8427734375,53.5794677734375,341.7062508719308,-892.760009765625,-884.0,79.45516204833984,-1087.06,-1023.5,-980.7,-936.0,-884.0,-834.0,-806.8,-799.0,-787.9200000000001
4186,-896.5799560546875,251.69613647460938,54.1346549987793,341.3661891392299,-896.5800170898438,-887.5,79.77470397949219,-1087.06,-1023.5,-1005.5,-941.0,-887.5,-837.0,-809.8,-799.0,-790.86
4277,-899.3399658203125,251.54544067382812,54.69136047363281,341.01585606166293,-899.3400268554688,-891.5,79.7166519165039,-1087.06,-1023.5,-1005.5,-944.0,-891.5,-841.0,-809.8,-799.0,-790.86
4368,-906.0599975585938,251.40135192871094,55.2413215637207,340.67203630719865,-906.0599975585938,-897.5,79.99609375,-1087.06,-1023.5,-1006.4,-947.0,-897.5,-851.5,-810.0,-799.0,-797.86
4459,-910.5,251.26025390625,55.77825164794922,340.3333740234375,-910.5,-899.5,81.7396469116211,-1103.72,-1034.55,-1010.4,-960.75,-899.5,-852.0,-812.6999999999999,-799.0,-797.86
4550,-913.5,251.1041717529297,56.3298454284668,339.9712175641741,-913.5,-900.0,82.3204116821289,-1103.72,-1045.95,-1015.8,-960.75,-900.0,-860.0,-813.9,-799.0,-797.86
4641,-915.0599975585938,250.95054626464844,56.8557014465332,339.6179678780692,-915.0599975585938,-900.5,81.51280212402344,-1103.72,-1045.95,-1015.8,-960.75,-900.5,-864.75,-817.5999999999999,-799.0,-797.86
4732,-916.2799682617188,250.79457092285156,57.400089263916016,339.25152587890625,-916.280029296875,-901.5,81.91911315917969,-1103.72,-1045.95,-1017.6,-963.5,-901.5,-864.75,-817.5999999999999,-799.0,-797.86
4823,-922.239990234375,250.63449096679688,57.92283630371094,338.88509695870533,-922.239990234375,-902.0,78.60968017578125,-1103.72,-1045.95,-1017.6,-967.5,-902.0,-873.75,-826.8,-804.9,-798.98
4914,-924.8599853515625,250.4810333251953,58.458946228027344,338.52066911969865,-924.8599853515625,-906.0,78.04280853271484,-1103.72,-1045.95,-1017.6,-972.25,-906.0,-882.0,-826.8,-804.9,-798.98
5005,-932.8599853515625,250.30941772460938,58.985504150390625,338.1389421735491,-932.8599853515625,-912.5,78.54985809326172,-1105.68,-1065.05,-1033.3,-977.25,-912.5,-884.0,-841.5999999999999,-819.5,-802.9200000000001
5096,-934.8999633789062,250.14297485351562,59.51139450073242,337.7594735281808,-934.9000244140625,-922.5,79.20663452148438,-1105.68,-1080.25,-1036.2,-977.25,-922.5,-884.75,-841.5999999999999,-819.5,-802.9200000000001
5187,-942.2799682617188,249.97091674804688,60.044944763183594,337.3721444266183,-942.280029296875,-932.0,81.87271881103516,-1177.22,-1085.85,-1045.0,-988.25,-932.0,-889.0,-849.1999999999999,-826.65,-802.9200000000001
5278,-945.3999633789062,249.79220581054688,60.53181076049805,336.98770577566967,-945.4000244140625,-933.5,80.56016540527344,-1177.22,-1085.85,-1045.0,-996.75,-933.5,-889.75,-863.3,-827.0,-804.96
5369,-950.719970703125,249.60733032226562,61.04243469238281,336.5885707310268,-950.719970703125,-942.5,80.64006805419922,-1177.22,-1085.85,-1045.4,-1007.25,-942.5,-891.75,-864.9,-833.65,-819.6600000000001
5460,-960.8399658203125,249.4142303466797,61.5555305480957,336.1790073939732,-960.8400268554688,-947.5,81.471923828125,-1177.22,-1102.1,-1053.8,-1015.0,-947.5,-897.5,-865.9,-837.8,-826.86
5551,-967.199951171875,249.213134765625,62.04508590698242,335.76489693777904,-967.2000122070312,-966.5,80.16944885253906,-1177.22,-1104.15,-1061.3,-1017.0,-966.5,-902.0,-881.2999999999998,-856.8000000000001,-827.0
5642,-981.0,249.00424194335938,62.52012634277344,335.34625244140625,-981.0,-978.0,84.01940155029297,-1188.26,-1149.55,-1080.5,-1023.0,-978.0,-918.75,-884.0,-861.5500000000001,-827.0
5733,-981.0199584960938,248.7876434326172,62.993736267089844,334.91456386021207,-981.02001953125,-978.0,83.98297882080078,-1188.26,-1149.55,-1080.5,-1023.0,-978.0,-918.75,-884.0,-861.5500000000001,-828.96
5824,-990.5,248.5689697265625,63.45988082885742,334.48289707728793,-990.5,-984.5,86.44287109375,-1188.26,-1160.2,-1104.3,-1034.5,-984.5,-923.5,-889.9,-882.1500000000001,-829.98
5915,-1000.4400024414062,248.35772705078125,63.940513610839844,334.05566842215404,-1000.4400024414062,-1003.5,83.9587173461914,-1188.26,-1160.2,-1119.9,-1043.5,-1003.5,-935.25,-899.5,-887.8,-865.2600000000001
6006,-1006.0599975585938,248.1544189453125,64.43087768554688,333.6306719098772,-1006.0599975585938,-1007.0,84.47352600097656,-1195.12,-1166.55,-1139.7,-1043.5,-1007.0,-947.75,-901.9,-889.95,-881.9200000000002
6097,-1013.3399658203125,247.93678283691406,64.89196014404297,333.19181169782365,-1013.3400268554688,-1010.0,82.60305786132812,-1195.12,-1173.2,-1146.3,-1051.5,-1010.0,-959.5,-903.8,-891.9,-883.98
6188,-1025.3399658203125,247.70164489746094,65.34195709228516,332.74256678989957,-1025.3399658203125,-1014.5,86.01781463623047,-1201.54,-1177.55,-1150.1,-1075.25,-1014.5,-976.75,-909.4,-894.85,-883.98
6279,-1034.1199951171875,247.46859741210938,65.82350158691406,332.2804173060826,-1034.1199951171875,-1022.0,87.39179229736328,-1217.22,-1188.35,-1164.2,-1086.5,-1022.0,-984.75,-917.4,-900.7,-889.88
6370,-1040.199951171875,247.22694396972656,66.26595306396484,331.8208269391741,-1040.199951171875,-1024.5,86.2745590209961,-1217.22,-1188.35,-1164.2,-1091.75,-1024.5,-993.0,-922.0,-903.85,-889.88
6461,-1054.5,246.9912109375,66.70732116699219,331.36285400390625,-1054.5,-1044.0,92.82418823242188,-1228.82,-1202.1,-1173.4,-1113.5,-1044.0,-998.0,-945.0999999999998,-903.95,-889.88
6552,-1063.7999267578125,246.7361297607422,67.14205169677734,330.88658360072543,-1063.800048828125,-1051.0,89.29692077636719,-1247.44,-1204.65,-1178.1,-1121.75,-1051.0,-1008.25,-968.4999999999999,-921.5,-903.6000000000001
6643,-1079.780029296875,246.4937744140625,67.61951446533203,330.4043971470424,-1079.780029296875,-1065.5,89.78313446044922,-1270.12,-1228.95,-1200.1,-1144.25,-1065.5,-1013.75,-977.9,-954.95,-911.96
6734,-1085.2999267578125,246.2276153564453,68.03105926513672,329.9188929966518,-1085.300048828125,-1073.0,90.29224395751953,-1270.12,-1235.6,-1201.1,-1146.25,-1073.0,-1016.75,-987.9,-954.95,-911.96
6825,-1094.8599853515625,245.96917724609375,68.45673370361328,329.43603951590404,-1094.8599853515625,-1087.5,88.58058166503906,-1270.12,-1235.6,-1202.2,-1153.0,-1087.5,-1023.75,-996.6999999999999,-966.4000000000001,-951.2000000000002
6916,-1105.52001953125,245.70066833496094,68.88606262207031,328.9353812081473,-1105.52001953125,-1106.0,85.72298431396484,-1270.12,-1245.1,-1217.7,-1161.5,-1106.0,-1042.25,-1004.3,-969.9,-954.98
7007,-1118.3199462890625,245.43798828125,69.3008804321289,328.4455304827009,-1118.3199462890625,-1123.0,87.98226165771484,-1325.2,-1258.55,-1228.7,-1174.75,-1123.0,-1046.5,-1009.8,-996.85,-966.76
7098,-1128.9000244140625,245.16285705566406,69.70965576171875,327.93900408063615,-1128.9000244140625,-1130.0,90.21070098876953,-1325.2,-1270.7,-1245.2,-1188.75,-1130.0,-1056.5,-1010.0,-996.85,-985.6200000000001
7189,-1138.8800048828125,244.87974548339844,70.10063171386719,327.4367152622768,-1138.8800048828125,-1134.5,91.1640625,-1335.24,-1285.35,-1247.6,-1201.25,-1134.5,-1062.25,-1015.8,-998.0,-993.84
7280,-1145.6600341796875,244.5802001953125,70.49052429199219,326.9115513392857,-1145.6600341796875,-1141.5,91.8863754272461,-1335.24,-1308.15,-1258.0,-1213.25,-1141.5,-1073.75,-1017.8,-998.0,-996.94
7371,-1149.419921875,244.29029846191406,70.89837646484375,326.3888419015067,-1149.4200439453125,-1146.5,88.74662780761719,-1335.24,-1308.15,-1258.0,-1213.25,-1146.5,-1090.25,-1023.9,-1009.75,-997.9200000000001
7462,-1165.6600341796875,243.98500061035156,71.28565216064453,325.85565185546875,-1165.6600341796875,-1167.0,99.7038803100586,-1366.16,-1335.6,-1286.0,-1229.75,-1167.0,-1101.75,-1027.6,-1017.35,-997.96
7553,-1175.0399169921875,243.67794799804688,71.66407775878906,325.3221740722656,-1175.0400390625,-1172.0,100.69686126708984,-1375.7,-1347.6,-1303.5,-1236.0,-1172.0,-1109.75,-1043.9,-1023.7,-998.0
7644,-1181.97998046875,243.36917114257812,72.04468536376953,324.7823747907366,-1181.97998046875,-1172.0,103.43180847167969,-1438.42,-1366.35,-1311.8,-1239.75,-1172.0,-1113.25,-1057.8999999999999,-1023.7,-1004.86
7735,-1197.260009765625,243.0666961669922,72.40946960449219,324.25438145228793,-1197.260009765625,-1187.5,105.20110321044922,-1438.42,-1373.05,-1344.3,-1253.0,-1187.5,-1129.5,-1075.3999999999999,-1037.3,-1017.74
7826,-1212.760009765625,242.75634765625,72.79598999023438,323.7033952985491,-1212.760009765625,-1199.5,98.8868179321289,-1438.42,-1375.45,-1348.2,-1277.5,-1199.5,-1141.5,-1092.5,-1075.7,-1039.9
7917,-1223.3599853515625,242.45257568359375,73.17399597167969,323.1674019949777,-1223.3599853515625,-1214.5,103.58942413330078,-1438.42,-1407.85,-1371.2,-1284.25,-1214.5,-1153.75,-1092.5,-1075.7,-1039.9
8008,-1234.93994140625,242.13978576660156,73.53250885009766,322.61934988839283,-1234.93994140625,-1223.5,109.31266021728516,-1470.86,-1424.45,-1385.0,-1304.25,-1223.5,-1160.0,-1103.0,-1075.7,-1039.9
8099,-1248.6400146484375,241.80738830566406,73.89240264892578,322.0493730817522,-1248.6400146484375,-1238.0,109.09909057617188,-1470.86,-1433.25,-1385.1,-1323.0,-1238.0,-1181.75,-1105.8,-1083.3,-1039.9
8190,-1257.199951171875,241.47744750976562,74.2445297241211,321.48111397879467,-1257.199951171875,-1249.5,108.66802215576172,-1470.86,-1433.25,-1398.5,-1338.0,-1249.5,-1186.0,-1127.6,-1084.95,-1039.9
8281,-1276.739990234375,241.1451873779297,74.59590148925781,320.9075360979353,-1276.739990234375,-1267.5,120.94557189941406,-1514.4,-1487.65,-1433.5,-1357.0,-1267.5,-1196.25,-1136.3999999999999,-1084.95,-1039.9
8372,-1288.0999755859375,240.80836486816406,74.96202087402344,320.3252171107701,-1288.0999755859375,-1283.5,118.70421600341797,-1514.4,-1500.25,-1439.4,-1358.25,-1283.5,-1197.75,-1147.8,-1102.3,-1083.5
8463,-1297.3399658203125,240.4938201904297,75.30992126464844,319.77270071847096,-1297.3399658203125,-1284.5,121.22006225585938,-1583.08,-1505.05,-1452.1,-1375.25,-1284.5,-1203.75,-1155.7,-1105.85,-1084.48
8554,-1309.2999267578125,240.15499877929688,75.6468734741211,319.19445364815846,-1309.300048828125,-1308.0,117.46408081054688,-1583.08,-1505.05,-1452.1,-1387.25,-1308.0,-1229.5,-1164.0,-1105.85,-1084.48
8645,-1320.739990234375,239.83065795898438,75.98558044433594,318.6283394949777,-1320.739990234375,-1320.5,123.83065795898438,-1588.16,-1507.55,-1476.6,-1397.25,-1320.5,-1236.25,-1164.0,-1128.8000000000002,-1088.92
8736,-1334.6199951171875,239.50784301757812,76.34184265136719,318.0550231933594,-1334.6199951171875,-1330.0,118.04319763183594,-1588.16,-1507.55,-1476.6,-1408.5,-1330.0,-1251.75,-1187.5,-1138.9,-1106.98
8827,-1348.159912109375,239.14425659179688,76.662109375,317.45237513950894,-1348.1600341796875,-1356.5,120.61506652832031,-1616.58,-1539.3,-1491.3,-1424.25,-1356.5,-1257.5,-1197.0,-1162.75,-1106.98
8918,-1364.0799560546875,238.80694580078125,76.98699188232422,316.8649117606027,-1364.0799560546875,-1371.0,114.42295837402344,-1616.58,-1583.2,-1494.6,-1435.25,-1371.0,-1283.75,-1209.3999999999999,-1182.4,-1167.92
9009,-1379.260009765625,238.4605712890625,77.29277038574219,316.2806963239397,-1379.260009765625,-1385.5,120.12039947509766,-1616.58,-1597.35,-1537.3,-1452.25,-1385.5,-1291.0,-1228.3999999999999,-1182.4,-1167.92
9100,-1396.02001953125,238.10105895996094,77.6225357055664,315.67403302873885,-1396.02001953125,-1395.0,122.32423400878906,-1645.66,-1610.3,-1544.3,-1466.5,-1395.0,-1321.25,-1234.9,-1199.55,-1173.94
9191,-1415.7999267578125,237.75021362304688,77.95005798339844,315.0688694545201,-1415.800048828125,-1404.0,134.4109344482422,-1800.74,-1645.0,-1584.4,-1479.0,-1404.0,-1330.75,-1273.4999999999998,-1200.0,-1181.8400000000001
9282,-1422.1199951171875,237.401123046875,78.25323486328125,314.4740556989397,-1422.1199951171875,-1411.5,130.71987915039062,-1800.74,-1645.0,-1584.4,-1479.0,-1411.5,-1347.5,-1283.5,-1204.75,-1181.8400000000001
9373,-1438.02001953125,237.026611328125,78.56095123291016,313.8491734095982,-1438.02001953125,-1424.5,130.1794891357422,-1800.74,-1645.6,-1598.3,-1494.0,-1424.5,-1366.0,-1291.1999999999998,-1243.3500000000001,-1199.64
9464,-1449.919921875,236.6646270751953,78.86500549316406,313.2362714494978,-1449.9200439453125,-1429.5,128.9617462158203,-1800.74,-1645.6,-1613.3,-1506.0,-1429.5,-1373.5,-1307.3,-1275.3500000000001,-1204.9
9555,-1456.1400146484375,236.2965087890625,79.14717102050781,312.6241716657366,-1456.1400146484375,-1435.0,129.55770874023438,-1800.74,-1645.6,-1618.7,-1506.75,-1435.0,-1384.25,-1307.7,-1275.3500000000001,-1204.9
9646,-1467.2999267578125,235.93251037597656,79.4521484375,312.0092119489397,-1467.300048828125,-1443.5,125.4972915649414,-1800.74,-1645.6,-1620.5,-1534.75,-1443.5,-1394.0,-1313.7,-1284.0,-1230.92
9737,-1483.699951171875,235.56903076171875,79.72240447998047,311.4029279436384,-1483.699951171875,-1465.5,127.36721801757812,-1800.74,-1689.6,-1636.0,-1566.25,-1465.5,-1404.25,-1355.6,-1307.3500000000001,-1230.92
9828,-1503.43994140625,235.177001953125,79.98029327392578,310.7697056361607,-1503.43994140625,-1483.5,124.9815444946289,-1800.74,-1720.75,-1658.4,-1588.0,-1483.5,-1420.5,-1373.1,-1313.85,-1304.5800000000002
9919,-1515.5,234.79286193847656,80.2522201538086,310.1342119489397,-1515.5,-1500.5,127.0260238647461,-1800.74,-1730.25,-1685.3,-1597.0,-1500.5,-1428.0,-1373.1,-1313.85,-1304.5800000000002
10010,-1526.4599609375,234.4043731689453,80.5080337524414,309.50472150530135,-1526.4599609375,-1514.0,127.24357604980469,-1837.82,-1730.25,-1685.3,-1601.25,-1514.0,-1441.75,-1380.8,-1343.45,-1304.5800000000002
10101,-1544.3599853515625,234.0177001953125,80.76837921142578,308.87637765066967,-1544.3599853515625,-1541.0,130.2444305419922,-1837.82,-1735.3,-1698.0,-1626.0,-1541.0,-1454.75,-1390.0,-1343.45,-1304.6200000000001
10192,-1561.47998046875,233.642578125,81.03822326660156,308.2516174316406,-1561.47998046875,-1550.5,138.0082244873047,-1837.82,-1805.85,-1730.5,-1635.25,-1550.5,-1463.0,-1397.3,-1351.7,-1304.8600000000001
10283,-1570.5799560546875,233.2535858154297,81.30958557128906,307.60931396484375,-1570.5799560546875,-1560.0,137.5505828857422,-1871.14,-1805.85,-1735.6,-1642.0,-1560.0,-1489.5,-1408.1,-1351.7,-1304.8600000000001
10374,-1584.3800048828125,232.8610076904297,81.57704162597656,306.95543125697543,-1584.3800048828125,-1580.5,133.88320922851562,-1878.06,-1805.85,-1735.6,-1648.25,-1580.5,-1509.75,-1431.6,-1351.7,-1344.2000000000003
10465,-1595.97998046875,232.48544311523438,81.81977081298828,306.3343418666295,-1595.97998046875,-1594.5,132.4065704345703,-1878.06,-1823.15,-1766.2,-1656.75,-1594.5,-1524.0,-1440.8,-1389.0500000000002,-1344.2000000000003
10556,-1614.0599365234375,232.08001708984375,82.05097961425781,305.6816624232701,-1614.06005859375,-1617.5,129.45956420898438,-1878.06,-1823.15,-1773.4,-1695.25,-1617.5,-1538.5,-1442.8,-1390.25,-1346.96
10647,-1632.2799072265625,231.69717407226562,82.30101013183594,305.0451224190848,-1632.280029296875,-1633.0,132.90379333496094,-1920.6,-1846.3,-1795.0,-1703.25,-1633.0,-1551.25,-1499.1,-1390.25,-1346.96
10738,-1644.419921875,231.29824829101562,82.55008697509766,304.38995361328125,-1644.4200439453125,-1634.0,137.6819610595703,-1999.64,-1880.05,-1797.8,-1707.25,-1634.0,-1559.0,-1502.8,-1420.45,-1366.7
10829,-1652.5,230.9101104736328,82.77955627441406,303.7533961704799,-1652.5,-1635.5,136.6180419921875,-1999.64,-1880.05,-1797.8,-1724.5,-1635.5,-1575.0,-1508.3999999999999,-1420.45,-1366.7
10920,-1662.239990234375,230.51956176757812,82.999267578125,303.1219395228795,-1662.239990234375,-1639.0,133.92385864257812,-1999.64,-1897.15,-1810.7,-1742.25,-1639.0,-1584.75,-1518.8999999999999,-1455.9,-1375.82
11011,-1680.0599365234375,230.1456756591797,83.26496124267578,302.4786900111607,-1680.06005859375,-1661.0,137.78030395507812,-2031.48,-1936.1,-1866.5,-1749.75,-1661.0,-1608.75,-1542.3,-1455.9,-1390.52
11102,-1701.260009765625,229.75469970703125,83.49459838867188,301.83348301478793,-1701.260009765625,-1682.0,142.30007934570312,-2055.24,-2000.6,-1884.3,-1775.0,-1682.0,-1615.5,-1555.3999999999999,-1502.6,-1455.96
11193,-1715.679931640625,229.37100219726562,83.7236557006836,301.20253208705356,-1715.6800537109375,-1695.0,139.87322998046875,-2055.24,-2000.6,-1887.9,-1795.0,-1695.0,-1624.75,-1567.3,-1509.65,-1491.2800000000002
11284,-1727.179931640625,229.0012664794922,83.97748565673828,300.5712890625,-1727.1800537109375,-1703.5,141.37294006347656,-2055.24,-2011.05,-1891.8,-1806.25,-1703.5,-1628.75,-1574.9,-1525.2,-1491.2800000000002
11375,-1751.5399169921875,228.5923614501953,84.187255859375,299.91111973353793,-1751.5400390625,-1737.5,145.4308319091797,-2073.38,-2031.95,-1960.0,-1829.75,-1737.5,-1642.75,-1590.3,-1551.65,-1502.78
11466,-1763.179931640625,228.2024383544922,84.41325378417969,299.26524571010043,-1763.1800537109375,-1749.0,147.64805603027344,-2073.38,-2031.95,-1988.2,-1851.25,-1749.0,-1658.75,-1604.6999999999998,-1551.65,-1502.78
11557,-1778.0599365234375,227.84889221191406,84.65574645996094,298.6524919782366,-1778.06005859375,-1765.5,144.10140991210938,-2073.38,-2050.85,-1988.2,-1861.5,-1765.5,-1678.5,-1622.1,-1553.5500000000002,-1502.78
11648,-1787.219970703125,227.4541778564453,84.85258483886719,298.00606427873885,-1787.219970703125,-1777.0,139.67581176757812,-2073.38,-2050.85,-1988.2,-1867.75,-1777.0,-1692.75,-1632.5,-1573.05,-1502.78
11739,-1801.739990234375,227.078369140625,85.07315063476562,297.37095860072543,-1801.739990234375,-1798.5,141.00778198242188,-2140.02,-2067.2,-1988.2,-1884.5,-1798.5,-1703.75,-1641.7,-1620.5500000000002,-1515.74
11830,-1808.8599853515625,226.69375610351562,85.28144073486328,296.7343052455357,-1808.8599853515625,-1801.5,140.4007110595703,-2140.02,-2067.2,-1988.2,-1887.25,-1801.5,-1714.5,-1641.7,-1620.5500000000002,-1529.72
11921,-1821.3199462890625,226.2867889404297,85.46430206298828,296.07877022879467,-1821.3199462890625,-1807.0,133.81509399414062,-2140.02,-2067.25,-1988.2,-1895.25,-1807.0,-1748.25,-1657.3999999999999,-1633.95,-1546.38
12012,-1833.4599609375,225.88079833984375,85.65544128417969,295.4239763532366,-1833.4599609375,-1815.0,138.04727172851562,-2140.02,-2073.4,-2013.6,-1923.0,-1815.0,-1756.75,-1668.1,-1641.55,-1546.38
12103,-1846.0799560546875,225.4946746826172,85.8720474243164,294.7721252441406,-1846.0799560546875,-1838.0,139.475341796875,-2140.02,-2079.1,-2037.5,-1928.25,-1838.0,-1759.0,-1680.6999999999998,-1641.55,-1546.38
12194,-1859.3399658203125,225.11447143554688,86.08092498779297,294.1335187639509,-1859.3399658203125,-1866.0,140.31301879882812,-2140.02,-2079.1,-2041.1,-1957.0,-1866.0,-1777.75,-1685.7,-1641.55,-1546.38
12285,-1872.8399658203125,224.74807739257812,86.31515502929688,293.48876953125,-1872.8399658203125,-1872.5,143.88381958007812,-2142.28,-2084.8,-2052.6,-1974.5,-1872.5,-1787.5,-1692.3,-1641.55,-1546.5800000000002
12376,-1888.260009765625,224.3399200439453,86.48065948486328,292.8358939034598,-1888.260009765625,-1893.0,142.00448608398438,-2185.92,-2102.0,-2068.4,-1976.25,-1893.0,-1801.75,-1702.9,-1657.7,-1553.8600000000001
12467,-1903.199951171875,223.949462890625,86.68097686767578,292.1859697614397,-1903.199951171875,-1902.5,146.0341796875,-2185.92,-2142.15,-2086.0,-1986.25,-1902.5,-1806.75,-1719.6,-1679.9,-1557.94
12558,-1908.43994140625,223.5552978515625,86.88581085205078,291.5257001604353,-1908.43994140625,-1905.5,145.27981567382812,-2185.92,-2164.25,-2086.0,-1990.0,-1905.5,-1808.5,-1740.6999999999998,-1685.75,-1557.94
12649,-1912.1199951171875,223.1665802001953,87.06538391113281,290.8841029575893,-1912.1199951171875,-1911.0,144.92787170410156,-2201.6,-2164.25,-2095.3,-1999.75,-1911.0,-1825.0,-1740.6999999999998,-1692.65,-1557.94
12740,-1923.6400146484375,222.77255249023438,87.24996948242188,290.22943115234375,-1923.6400146484375,-1919.0,152.62754821777344,-2278.06,-2170.6,-2102.4,-2020.0,-1919.0,-1830.5,-1740.6999999999998,-1694.9,-1579.5600000000002
12831,-1936.0799560546875,222.3933563232422,87.44147491455078,289.5868486676897,-1936.0799560546875,-1932.5,150.88331604003906,-2278.06,-2177.25,-2142.0,-2027.5,-1932.5,-1849.5,-1756.5,-1717.8000000000002,-1579.5600000000002
12922,-1956.4599609375,222.01123046875,87.6272201538086,288.9418204171317,-1956.4599609375,-1942.5,147.118896484375,-2278.06,-2180.1,-2155.7,-2035.5,-1942.5,-1865.75,-1778.6,-1736.1000000000001,-1649.7800000000002
13013,-1966.739990234375,221.6090545654297,87.7934341430664,288.2876717703683,-1966.739990234375,-1957.5,144.6395263671875,-2278.06,-2180.3,-2158.4,-2040.25,-1957.5,-1880.0,-1795.8,-1737.0,-1649.7800000000002
13104,-1979.0799560546875,221.21621704101562,87.9735336303711,287.6377171107701,-1979.0799560546875,-1976.0,143.4354705810547,-2278.54,-2206.3,-2169.5,-2070.75,-1976.0,-1886.75,-1810.5,-1751.25,-1649.7800000000002
13195,-1999.679931640625,220.82220458984375,88.12826538085938,286.99271501813615,-1999.6800537109375,-1991.0,140.88661193847656,-2290.3,-2232.65,-2179.2,-2091.25,-1991.0,-1898.5,-1833.7,-1768.15,-1736.78
13286,-2007.239990234375,220.4351806640625,88.3133544921875,286.343497140067,-2007.239990234375,-1998.5,138.6339111328125,-2290.3,-2232.65,-2181.6,-2091.25,-1998.5,-1922.25,-1833.7,-1769.95,-1737.0
13377,-2017.0599365234375,220.04637145996094,88.48517608642578,285.6919642857143,-2017.06005859375,-2013.0,142.32138061523438,-2303.04,-2264.7,-2188.4,-2123.25,-2013.0,-1923.75,-1838.5,-1801.3500000000001,-1751.7
13468,-2027.9599609375,219.66175842285156,88.65520477294922,285.0473371233259,-2027.9599609375,-2017.0,142.26376342773438,-2303.04,-2264.7,-2201.6,-2144.0,-2017.0,-1934.0,-1849.8,-1801.3500000000001,-1751.7
13559,-2041.0198974609375,219.27151489257812,88.8197250366211,284.3975830078125,-2041.02001953125,-2020.5,145.2091522216797,-2306.08,-2290.05,-2232.6,-2154.25,-2020.5,-1953.25,-1851.9,-1805.85,-1768.3600000000001
13650,-2048.300048828125,218.8716278076172,88.97161102294922,283.73931884765625,-2048.300048828125,-2049.0,143.0119171142578,-2306.08,-2290.05,-2232.6,-2154.25,-2049.0,-1957.75,-1863.1,-1837.3500000000001,-1768.3600000000001
13741,-2064.119873046875,218.46754455566406,89.09760284423828,283.0946786063058,-2064.1201171875,-2066.5,144.1269073486328,-2306.08,-2291.25,-2258.0,-2170.25,-2066.5,-1971.5,-1878.6,-1837.3500000000001,-1768.3600000000001
13832,-2075.89990234375,218.08724975585938,89.26875305175781,282.4474182128906,-2075.89990234375,-2070.0,142.0487518310547,-2325.68,-2296.35,-2258.6,-2177.25,-2070.0,-1977.5,-1878.6,-1842.8,-1802.5400000000002
13923,-2086.919921875,217.69947814941406,89.43194580078125,281.80355398995533,-2086.919921875,-2081.0,146.51011657714844,-2360.76,-2304.1,-2258.6,-2187.0,-2081.0,-1983.75,-1878.8,-1865.3,-1819.66
14014,-2098.780029296875,217.3096466064453,89.58844757080078,281.1565726143973,-2098.780029296875,-2088.0,147.52914428710938,-2372.52,-2332.05,-2290.6,-2190.25,-2088.0,-1999.25,-1905.9,-1874.8000000000002,-1819.7
14105,-2107.780029296875,216.8975067138672,89.7273178100586,280.49220493861606,-2107.780029296875,-2105.0,144.95741271972656,-2372.52,-2334.2,-2290.6,-2197.0,-2105.0,-2017.75,-1931.3,-1874.8000000000002,-1819.7
14196,-2117.06005859375,216.5332489013672,89.91498565673828,279.8512965611049,-2117.06005859375,-2111.0,141.786376953125,-2372.52,-2334.2,-2290.6,-2206.25,-2111.0,-2027.25,-1954.9999999999998,-1874.8000000000002,-1819.7
14287,-2129.919921875,216.15965270996094,90.0791244506836,279.21114240373885,-2129.919921875,-2117.0,139.711181640625,-2447.2,-2334.3,-2296.7,-2226.25,-2117.0,-2045.25,-1957.9,-1882.8,-1820.0
14378,-2142.119873046875,215.76181030273438,90.22598266601562,278.55987548828125,-2142.1201171875,-2129.5,142.46939086914062,-2447.2,-2370.05,-2331.1,-2237.0,-2129.5,-2048.0,-1980.3999999999999,-1903.9,-1874.88
14469,-2148.719970703125,215.37744140625,90.3725357055664,277.9157496861049,-2148.719970703125,-2149.0,144.72215270996094,-2457.48,-2370.05,-2331.1,-2241.0,-2149.0,-2048.75,-1980.3999999999999,-1903.9,-1874.88
14560,-2159.099853515625,214.9966583251953,90.51644897460938,277.2761928013393,-2159.10009765625,-2163.5,144.27755737304688,-2481.32,-2370.05,-2344.0,-2243.0,-2163.5,-2059.0,-1987.5,-1911.65,-1874.88
14651,-2165.919921875,214.62423706054688,90.68090057373047,276.636962890625,-2165.919921875,-2169.5,141.79031372070312,-2481.32,-2370.05,-2344.0,-2243.5,-2169.5,-2081.5,-2005.6999999999998,-1911.65,-1874.88
14742,-2179.300048828125,214.2178192138672,90.81380462646484,275.9725603376116,-2179.300048828125,-2178.0,141.69760131835938,-2482.6,-2370.05,-2353.2,-2272.0,-2178.0,-2096.5,-2017.8,-1931.95,-1881.7400000000002
14833,-2194.139892578125,213.83642578125,90.95840454101562,275.3281947544643,-2194.139892578125,-2196.5,137.41688537597656,-2482.6,-2375.3,-2355.4,-2290.5,-2196.5,-2107.75,-2024.6,-1977.65,-1911.42
14924,-2200.93994140625,213.4516143798828,91.10723114013672,274.6787850516183,-2200.93994140625,-2200.0,138.6280517578125,-2482.6,-2447.5,-2359.6,-2297.5,-2200.0,-2111.5,-2030.0,-1977.65,-1911.42
15015,-2210.0,213.07212829589844,91.24903869628906,274.0377458844866,-2210.0,-2209.0,136.31089782714844,-2496.32,-2447.5,-2365.5,-2297.5,-2209.0,-2119.75,-2081.7,-1977.65,-1911.42
15106,-2225.099853515625,212.69158935546875,91.39776611328125,273.3887154715402,-2225.10009765625,-2230.5,137.55322265625,-2559.04,-2457.35,-2372.9,-2309.75,-2230.5,-2133.5,-2092.0,-2001.8500000000001,-1927.1000000000001
15197,-2235.85986328125,212.32594299316406,91.52909088134766,272.7655247279576,-2235.860107421875,-2236.5,138.1726531982422,-2559.04,-2457.35,-2408.1,-2328.5,-2236.5,-2148.0,-2092.0,-2001.8500000000001,-1927.1000000000001
15288,-2242.719970703125,211.94935607910156,91.6655502319336,272.134521484375,-2242.719970703125,-2243.0,137.29595947265625,-2559.04,-2457.35,-2408.1,-2342.75,-2243.0,-2159.25,-2093.9,-2004.9,-1927.1000000000001
15379,-2251.39990234375,211.56350708007812,91.80061340332031,271.4982474190848,-2251.39990234375,-2248.0,138.35324096679688,-2559.04,-2468.3,-2418.3,-2350.0,-2248.0,-2171.75,-2095.8,-2004.9,-1927.5800000000002
15470,-2261.39990234375,211.1923828125,91.94071960449219,270.86573573521207,-2261.39990234375,-2253.5,137.4176788330078,-2559.04,-2474.0,-2457.6,-2357.25,-2253.5,-2171.75,-2103.8,-2024.65,-1935.98
15561,-2272.599853515625,210.81488037109375,92.06136322021484,270.226318359375,-2272.60009765625,-2261.0,133.6672821044922,-2559.04,-2479.7,-2464.2,-2357.25,-2261.0,-2195.25,-2110.9,-2074.65,-1935.98
15652,-2283.139892578125,210.42132568359375,92.18168640136719,269.57559640066967,-2283.139892578125,-2273.5,132.31236267089844,-2559.04,-2479.7,-2466.1,-2368.75,-2273.5,-2213.5,-2116.2999999999997,-2082.25,-1988.9
15743,-2295.159912109375,210.02479553222656,92.29439544677734,268.92557634626115,-2295.159912109375,-2287.0,138.95809936523438,-2593.24,-2501.05,-2468.2,-2395.25,-2287.0,-2224.0,-2116.2999999999997,-2086.05,-2001.74
15834,-2304.06005859375,209.63941955566406,92.41522979736328,268.28263201032365,-2304.06005859375,-2303.0,140.44520568847656,-2593.36,-2522.9,-2470.3,-2409.5,-2303.0,-2232.75,-2118.8,-2086.05,-2008.6000000000001
15925,-2309.39990234375,209.23870849609375,92.53533172607422,267.6221400669643,-2309.39990234375,-2306.5,139.28323364257812,-2593.36,-2549.5,-2470.3,-2409.5,-2306.5,-2234.0,-2129.7999999999997,-2101.25,-2008.6000000000001
16016,-2316.93994140625,208.86395263671875,92.64276885986328,267.00303431919644,-2316.93994140625,-2324.0,139.74281311035156,-2593.36,-2549.5,-2490.3,-2412.0,-2324.0,-2235.5,-2129.7999999999997,-2101.25,-2041.3400000000001
16107,-2328.159912109375,208.4923553466797,92.77063751220703,266.3679940359933,-2328.159912109375,-2329.0,139.8357391357422,-2593.36,-2570.15,-2500.0,-2421.75,-2329.0,-2242.75,-2140.9,-2101.25,-2076.6200000000003
16198,-2336.419921875,208.11663818359375,92.9119644165039,265.7212219238281,-2336.419921875,-2330.0,137.09779357910156,-2593.36,-2570.15,-2521.0,-2424.25,-2330.0,-2244.75,-2152.7,-2104.85,-2085.4800000000005
16289,-2340.699951171875,207.75772094726562,93.06249237060547,265.0917532784598,-2340.699951171875,-2332.5,137.3211212158203,-2593.36,-2570.15,-2521.2,-2431.5,-2332.5,-2245.75,-2177.2999999999997,-2116.4,-2085.4800000000005
16380,-2350.639892578125,207.36717224121094,93.15888977050781,264.4488612583705,-2350.639892578125,-2342.0,138.41824340820312,-2615.72,-2593.85,-2523.3,-2435.75,-2342.0,-2249.0,-2177.2999999999997,-2135.05,-2087.0
16471,-2362.599853515625,206.9771728515625,93.2862548828125,263.7959638323103,-2362.60009765625,-2359.5,141.1837921142578,-2617.68,-2593.85,-2546.2,-2469.0,-2359.5,-2261.5,-2177.7999999999997,-2135.05,-2087.0
16562,-2372.9599609375,206.5635223388672,93.37236022949219,263.1404026576451,-2372.9599609375,-2372.5,137.65325927734375,-2651.2,-2595.75,-2546.4,-2469.0,-2372.5,-2288.5,-2195.2999999999997,-2135.25,-2104.64
16653,-2382.820068359375,206.16778564453125,93.48065948486328,262.480721609933,-2382.820068359375,-2374.5,137.8636474609375,-2651.2,-2595.75,-2550.2,-2484.25,-2374.5,-2300.0,-2195.2999999999997,-2135.25,-2104.64
16744,-2395.85986328125,205.8070831298828,93.62263488769531,261.84579031808033,-2395.860107421875,-2384.5,138.76052856445312,-2661.92,-2615.75,-2570.3,-2496.25,-2384.5,-2306.0,-2224.7,-2157.6,-2120.32
16835,-2403.93994140625,205.38360595703125,93.72029876708984,261.16652134486606,-2403.93994140625,-2384.5,137.3814239501953,-2707.4,-2630.4,-2575.5,-2496.25,-2384.5,-2309.25,-2238.0,-2183.4,-2120.32
16926,-2411.52001953125,205.00375366210938,93.8120346069336,260.5407453264509,-2411.52001953125,-2406.0,141.22560119628906,-2724.06,-2655.3,-2607.8,-2500.75,-2406.0,-2309.25,-2274.0999999999995,-2188.15,-2120.32
17017,-2418.159912109375,204.60784912109375,93.91365051269531,259.8873203822545,-2418.159912109375,-2413.5,140.94110107421875,-2724.06,-2655.3,-2607.8,-2510.25,-2413.5,-2322.75,-2278.9,-2188.15,-2120.32
17108,-2428.56005859375,204.2268524169922,94.01075744628906,259.2471444266183,-2428.56005859375,-2435.0,142.36581420898438,-2724.06,-2661.75,-2615.6,-2520.0,-2435.0,-2328.5,-2278.9,-2188.3,-2135.7000000000003
17199,-2435.739990234375,203.86624145507812,94.12862396240234,258.6246555873326,-2435.739990234375,-2440.5,142.52197265625,-2724.06,-2677.35,-2650.5,-2520.75,-2440.5,-2331.25,-2280.8,-2188.3,-2171.28
17290,-2447.4599609375,203.49789428710938,94.24420928955078,257.9900687081473,-2447.4599609375,-2447.5,143.21121215820312,-2724.9,-2677.35,-2650.5,-2539.75,-2447.5,-2352.75,-2282.8,-2188.3,-2171.28
17381,-2453.639892578125,203.09925842285156,94.34198760986328,257.332266671317,-2453.639892578125,-2448.0,141.9710235595703,-2724.9,-2677.35,-2655.0,-2549.75,-2448.0,-2364.0,-2282.8,-2219.65,-2171.28
17472,-2460.47998046875,202.7158203125,94.41964721679688,256.70731026785717,-2460.47998046875,-2452.0,141.1431427001953,-2724.9,-2677.35,-2655.0,-2555.0,-2452.0,-2368.25,-2289.7,-2219.65,-2171.28
17563,-2464.579833984375,202.3408203125,94.52286529541016,256.07923671177457,-2464.580078125,-2452.5,137.24505615234375,-2724.9,-2677.35,-2655.0,-2555.0,-2452.5,-2369.75,-2308.5,-2222.95,-2174.94
17654,-2469.780029296875,201.98251342773438,94.62796020507812,255.46512058803015,-2469.780029296875,-2463.0,139.76756286621094,-2770.54,-2703.2,-2655.6,-2555.25,-2463.0,-2373.75,-2315.7,-2222.95,-2174.94
17745,-2478.81982421875,201.6232147216797,94.73188781738281,254.8341827392578,-2478.820068359375,-2468.0,138.91819763183594,-2770.54,-2703.2,-2661.4,-2569.5,-2468.0,-2390.5,-2320.6,-2224.9,-2174.94
17836,-2488.639892578125,201.25177001953125,94.8266830444336,254.20915876116072,-2488.639892578125,-2471.0,138.1648712158203,-2815.62,-2707.85,-2671.0,-2575.25,-2471.0,-2393.25,-2335.6,-2303.0,-2174.98
17927,-2495.3798828125,200.88534545898438,94.93828582763672,253.5766318184989,-2495.3798828125,-2476.0,137.12445068359375,-2815.62,-2707.85,-2671.1,-2579.75,-2476.0,-2404.75,-2337.8,-2315.4,-2215.1800000000003
18018,-2506.06005859375,200.51100158691406,95.054443359375,252.93207005092077,-2506.06005859375,-2490.5,134.20260620117188,-2815.62,-2707.85,-2671.1,-2599.0,-2490.5,-2406.5,-2348.7,-2316.35,-2222.86
18109,-2522.119873046875,200.15234375,95.12742614746094,252.32904052734375,-2522.1201171875,-2516.0,141.076171875,-2815.62,-2779.1,-2703.4,-2610.5,-2516.0,-2430.75,-2361.1,-2323.9500000000003,-2222.86
18200,-2532.159912109375,199.79660034179688,95.21907043457031,251.72216142926897,-2532.159912109375,-2526.0,142.4326934814453,-2815.62,-2779.1,-2703.4,-2640.0,-2526.0,-2443.25,-2364.7,-2323.9500000000003,-2222.86
18291,-2539.93994140625,199.4330596923828,95.34442901611328,251.07844979422433,-2539.93994140625,-2548.0,141.5568389892578,-2815.62,-2779.1,-2705.1,-2644.25,-2548.0,-2452.0,-2364.7,-2323.9500000000003,-2250.3
18382,-2545.780029296875,199.0465545654297,95.4178466796875,250.44060407366072,-2545.780029296875,-2557.0,141.16122436523438,-2815.62,-2779.1,-2724.5,-2644.25,-2557.0,-2452.0,-2364.7,-2323.9500000000003,-2273.82
18473,-2555.52001953125,198.69212341308594,95.53050994873047,249.81128801618303,-2555.52001953125,-2566.5,138.10165405273438,-2846.1,-2782.7,-2724.5,-2649.0,-2566.5,-2464.0,-2364.7,-2337.35,-2286.76
18564,-2561.219970703125,198.3028106689453,95.6198959350586,249.16002328055245,-2561.219970703125,-2569.0,138.90635681152344,-2846.18,-2782.7,-2748.5,-2649.0,-2569.0,-2469.5,-2368.8,-2343.7,-2286.8
18655,-2570.35986328125,197.92044067382812,95.70869445800781,248.5146724155971,-2570.360107421875,-2575.5,138.44151306152344,-2846.18,-2798.85,-2762.2,-2664.25,-2575.5,-2474.5,-2389.1,-2343.7,-2286.8
18746,-2578.579833984375,197.54739379882812,95.79170227050781,247.88870457240515,-2578.580078125,-2577.0,140.4576873779297,-2846.18,-2815.3,-2762.2,-2679.5,-2577.0,-2476.0,-2390.0,-2349.7,-2286.8
18837,-2585.33984375,197.15020751953125,95.86304473876953,247.23091779436385,-2585.340087890625,-2590.0,141.97683715820312,-2855.24,-2816.2,-2775.6,-2681.25,-2590.0,-2487.25,-2399.7,-2349.7,-2286.8
18928,-2594.199951171875,196.75814819335938,95.92771911621094,246.58320835658483,-2594.199951171875,-2595.0,139.33721923828125,-2855.24,-2823.8,-2781.0,-2681.25,-2595.0,-2496.25,-2399.7,-2366.15,-2341.6800000000003
19019,-2601.56005859375,196.39633178710938,96.03211212158203,245.94601004464286,-2601.56005859375,-2596.5,137.6512451171875,-2855.24,-2839.0,-2782.7,-2686.25,-2596.5,-2504.5,-2406.2999999999997,-2377.9500000000003,-2342.7200000000003
19110,-2609.33984375,196.03338623046875,96.1234359741211,245.31915283203125,-2609.340087890625,-2618.0,137.07379150390625,-2857.2,-2839.35,-2782.7,-2703.25,-2618.0,-2508.25,-2414.2,-2389.9,-2357.42
19201,-2615.81982421875,195.65118408203125,96.20880889892578,244.67805698939733,-2615.820068359375,-2626.5,136.1654510498047,-2857.2,-2846.15,-2799.3,-2703.25,-2626.5,-2509.75,-2426.5,-2396.65,-2357.42
19292,-2624.780029296875,195.28684997558594,96.30010986328125,244.05436270577567,-2624.780029296875,-2633.0,134.67535400390625,-2867.68,-2846.15,-2811.1,-2707.5,-2633.0,-2548.25,-2443.4,-2396.65,-2357.42
19383,-2630.199951171875,194.9182891845703,96.38567352294922,243.42234802246094,-2630.199951171875,-2633.0,133.41612243652344,-2875.52,-2849.35,-2824.6,-2709.5,-2633.0,-2553.0,-2452.8,-2414.1,-2357.42
19474,-2636.9599609375,194.54159545898438,96.46263122558594,242.77780151367188,-2636.9599609375,-2642.0,133.9691619873047,-2875.52,-2849.35,-2824.6,-2720.25,-2642.0,-2558.25,-2452.8,-2414.1,-2357.42
19565,-2647.9599609375,194.17465209960938,96.54415893554688,242.15330505371094,-2647.9599609375,-2663.5,135.26602172851562,-2875.52,-2849.35,-2834.5,-2742.25,-2663.5,-2569.25,-2459.2999999999997,-2414.1,-2359.38
19656,-2655.159912109375,193.79470825195312,96.63201904296875,241.50675310407365,-2655.159912109375,-2667.5,136.8889923095703,-2885.48,-2856.55,-2839.3,-2756.0,-2667.5,-2575.0,-2459.2999999999997,-2427.4,-2359.38
19747,-2663.35986328125,193.40744018554688,96.6882095336914,240.8670610700335,-2663.360107421875,-2667.5,137.7328338623047,-2910.12,-2867.45,-2842.2,-2761.75,-2667.5,-2587.25,-2487.9,-2434.7,-2370.1600000000003
19838,-2668.06005859375,193.05613708496094,96.75550079345703,240.26496015276228,-2668.06005859375,-2667.5,138.1004638671875,-2940.5,-2868.0,-2844.3,-2763.25,-2667.5,-2587.25,-2495.2999999999997,-2452.1,-2370.1600000000003
19929,-2676.89990234375,192.6873779296875,96.82208251953125,239.63265555245536,-2676.89990234375,-2671.0,136.11175537109375,-2940.5,-2875.6,-2847.2,-2771.25,-2671.0,-2595.5,-2507.5,-2452.1,-2370.1600000000003
20020,-2682.179931640625,192.36143493652344,96.92698669433594,239.03986031668526,-2682.179931640625,-2675.0,135.03358459472656,-2940.5,-2887.1,-2849.5,-2776.75,-2675.0,-2596.75,-2507.5,-2452.1,-2388.64
20111,-2688.93994140625,192.00413513183594,97.01359558105469,238.42144775390625,-2688.93994140625,-2685.5,131.16941833496094,-2949.32,-2887.1,-2849.5,-2776.75,-2685.5,-2597.75,-2523.8,-2487.4,-2408.2400000000002
20202,-2696.02001953125,191.6596221923828,97.09467315673828,237.81372942243303,-2696.02001953125,-2694.0,128.2386016845703,-2949.32,-2887.1,-2849.5,-2786.5,-2694.0,-2597.75,-2547.5,-2489.0,-2451.36
20293,-2704.300048828125,191.31736755371094,97.1853256225586,237.20215497698103,-2704.300048828125,-2706.5,126.46015167236328,-2949.32,-2909.6,-2854.2,-2789.0,-2706.5,-2627.25,-2548.3999999999996,-2498.5,-2455.28
20384,-2710.780029296875,190.9512481689453,97.26415252685547,236.57670375279017,-2710.780029296875,-2713.0,128.9032745361328,-2949.44,-2909.6,-2874.1,-2801.25,-2713.0,-2628.75,-2550.5,-2498.5,-2455.28
20475,-2716.9599609375,190.5826873779297,97.34101867675781,235.94087873186385,-2716.9599609375,-2724.5,125.95308685302734,-2949.44,-2917.2,-2876.1,-2803.75,-2724.5,-2628.75,-2572.4,-2521.7,-2456.26
20566,-2728.179931640625,190.20481872558594,97.38844299316406,235.31420680454798,-2728.179931640625,-2731.0,127.35299682617188,-2971.2,-2918.15,-2891.7,-2811.5,-2731.0,-2634.5,-2572.4,-2521.7,-2485.6600000000003
20657,-2736.179931640625,189.85079956054688,97.46646118164062,234.6990748814174,-2736.179931640625,-2742.5,128.85227966308594,-2987.04,-2940.45,-2898.3,-2827.5,-2742.5,-2648.5,-2572.4,-2524.7,-2485.6600000000003
20748,-2745.06005859375,189.48300170898438,97.53040313720703,234.0730481828962,-2745.06005859375,-2754.5,129.86553955078125,-2989.04,-2964.85,-2903.3,-2829.0,-2754.5,-2659.25,-2572.4,-2524.7,-2485.6600000000003
20839,-2750.06005859375,189.11585998535156,97.57880401611328,233.4660426548549,-2750.06005859375,-2761.0,128.28599548339844,-2989.04,-2966.75,-2915.2,-2829.0,-2761.0,-2661.75,-2573.9,-2556.95,-2485.6600000000003
20930,-2759.119873046875,188.76617431640625,97.65386962890625,232.85032435825892,-2759.1201171875,-2767.5,129.86395263671875,-2991.0,-2968.95,-2915.6,-2845.5,-2767.5,-2669.75,-2583.0,-2556.95,-2486.44
21021,-2764.5,188.41375732421875,97.72076416015625,232.23999677385603,-2764.5,-2770.5,128.65818786621094,-2991.0,-2968.95,-2917.4,-2848.25,-2770.5,-2676.75,-2583.0,-2557.0,-2494.84
21112,-2772.06005859375,188.04566955566406,97.7800064086914,231.6230686732701,-2772.06005859375,-2775.5,127.48307800292969,-2991.2,-2968.95,-2933.9,-2854.25,-2775.5,-2680.75,-2587.5,-2557.0,-2526.36
21203,-2779.419921875,187.6495361328125,97.82219696044922,230.97621372767858,-2779.419921875,-2780.0,129.41114807128906,-3071.92,-2969.05,-2942.1,-2858.25,-2780.0,-2690.5,-2612.7,-2572.2,-2526.36
21294,-2782.06005859375,187.2862548828125,97.87876892089844,230.3641313825335,-2782.06005859375,-2783.5,131.2227783203125,-3071.92,-2981.05,-2942.1,-2859.25,-2783.5,-2690.5,-2612.7,-2572.2,-2526.36
21385,-2786.89990234375,186.9246063232422,97.92428588867188,229.76002284458704,-2786.89990234375,-2787.0,133.25392150878906,-3071.92,-3001.2,-2945.6,-2876.25,-2787.0,-2697.5,-2625.9,-2572.2,-2526.52
21476,-2795.39990234375,186.54605102539062,97.9619140625,229.14378356933594,-2795.39990234375,-2792.0,130.92051696777344,-3071.92,-3001.2,-2956.8,-2885.25,-2792.0,-2715.0,-2632.8,-2582.55,-2553.86
21567,-2802.3798828125,186.1972198486328,98.02647399902344,228.5315399169922,-2802.3798828125,-2794.5,131.66380310058594,-3085.64,-3007.6,-2964.2,-2891.75,-2794.5,-2715.0,-2644.4,-2600.4,-2553.86
21658,-2805.85986328125,185.84112548828125,98.07438659667969,227.93029567173548,-2805.860107421875,-2794.5,131.72183227539062,-3085.64,-3013.3,-2964.2,-2901.25,-2794.5,-2718.25,-2644.7,-2600.4,-2553.86
21749,-2811.260009765625,185.4858856201172,98.12730407714844,227.3147256033761,-2811.260009765625,-2797.0,134.25912475585938,-3117.0,-3013.3,-2987.0,-2910.75,-2797.0,-2718.25,-2644.7,-2600.4,-2553.86
21840,-2816.800048828125,185.11709594726562,98.19615936279297,226.67578996930803,-2816.800048828125,-2806.5,132.75367736816406,-3117.0,-3013.3,-2987.8,-2910.75,-2806.5,-2722.75,-2647.7,-2600.4,-2553.86
21931,-2824.31982421875,184.7587432861328,98.25834655761719,226.0592280796596,-2824.320068359375,-2822.0,131.384765625,-3117.0,-3048.45,-2987.8,-2912.25,-2822.0,-2739.75,-2665.2999999999997,-2601.0,-2553.86
22022,-2829.02001953125,184.3777313232422,98.28355407714844,225.4366498674665,-2829.02001953125,-2829.0,131.95143127441406,-3117.0,-3048.45,-2995.9,-2914.0,-2829.0,-2742.25,-2665.2999999999997,-2601.0,-2553.86
22113,-2840.39990234375,184.0127716064453,98.32801055908203,224.81910487583704,-2840.39990234375,-2838.5,129.80299377441406,-3117.68,-3057.3,-3011.0,-2914.5,-2838.5,-2775.25,-2676.7999999999997,-2650.2,-2568.56
22204,-2844.0,183.650390625,98.39813995361328,224.18744768415178,-2844.0,-2838.5,130.3681640625,-3117.68,-3063.6,-3011.0,-2920.0,-2838.5,-2775.25,-2677.2,-2650.2,-2600.36
22295,-2848.919921875,183.30941772460938,98.44954681396484,223.5767604282924,-2848.919921875,-2843.5,131.36505126953125,-3143.16,-3063.6,-3011.0,-2938.75,-2843.5,-2776.75,-2677.2,-2651.0,-2600.36
22386,-2854.059814453125,182.96136474609375,98.51832580566406,222.9521244594029,-2854.06005859375,-2845.0,131.95248413085938,-3143.16,-3063.6,-3012.5,-2949.25,-2845.0,-2776.75,-2693.3999999999996,-2651.0,-2600.36
22477,-2856.219970703125,182.60537719726562,98.55982971191406,222.3402818952288,-2856.219970703125,-2855.5,132.17039489746094,-3143.16,-3063.6,-3027.1,-2949.25,-2855.5,-2776.75,-2693.3999999999996,-2656.7,-2600.36
22568,-2865.659912109375,182.2544708251953,98.62338256835938,221.7289297921317,-2865.659912109375,-2862.0,129.81211853027344,-3143.16,-3072.15,-3037.5,-2950.0,-2862.0,-2792.0,-2701.7,-2659.95,-2600.36
22659,-2869.099853515625,181.89320373535156,98.69198608398438,221.0984606061663,-2869.10009765625,-2862.0,130.24903869628906,-3143.16,-3072.15,-3037.5,-2951.25,-2862.0,-2794.5,-2701.7,-2659.95,-2600.36
22750,-2876.099853515625,181.53863525390625,98.7607650756836,220.4728502546038,-2876.10009765625,-2880.5,130.18544006347656,-3143.32,-3075.5,-3037.5,-2963.5,-2880.5,-2802.75,-2701.7,-2659.95,-2600.52
22841,-2884.9599609375,181.1796417236328,98.81066131591797,219.85928998674666,-2884.9599609375,-2888.0,129.70172119140625,-3143.32,-3079.3,-3042.6,-2968.75,-2888.0,-2807.0,-2715.4,-2659.95,-2600.52
22932,-2893.4599609375,180.81423950195312,98.85375213623047,219.23453630719865,-2893.4599609375,-2891.0,129.88967895507812,-3159.0,-3095.9,-3063.1,-2976.75,-2891.0,-2807.0,-2723.5,-2698.7,-2612.76
23023,-2898.199951171875,180.45277404785156,98.8999252319336,218.60642569405692,-2898.199951171875,-2892.5,131.52711486816406,-3159.08,-3113.6,-3063.1,-2985.5,-2892.5,-2820.0,-2723.5,-2700.6,-2612.76
23114,-2903.35986328125,180.10650634765625,98.94551086425781,218.0038561139788,-2903.360107421875,-2896.5,132.31497192382812,-3159.08,-3122.15,-3068.4,-2990.5,-2896.5,-2821.75,-2728.5,-2701.55,-2612.76
23205,-2911.31982421875,179.7534637451172,99.01371765136719,217.36270141601562,-2911.320068359375,-2904.0,132.90115356445312,-3189.4,-3122.15,-3079.3,-3002.25,-2904.0,-2826.5,-2737.0,-2719.5,-2612.76
23296,-2916.419921875,179.39173889160156,99.05175018310547,216.74774387904577,-2916.419921875,-2906.5,129.9686279296875,-3189.4,-3122.15,-3082.8,-3008.75,-2906.5,-2839.25,-2746.0,-2719.5,-2669.6000000000004
23387,-2920.97998046875,179.03683471679688,99.10924530029297,216.1283460344587,-2920.97998046875,-2906.5,129.80223083496094,-3189.4,-3126.45,-3090.5,-3011.75,-2906.5,-2841.0,-2746.4,-2719.5,-2669.6000000000004
23478,-2927.0400390625,178.67068481445312,99.14090728759766,215.51116071428572,-2927.0400390625,-2919.0,130.3313446044922,-3189.4,-3126.45,-3095.0,-3016.25,-2919.0,-2841.5,-2746.4,-2719.5,-2670.96
23569,-2932.219970703125,178.3192596435547,99.18761444091797,214.88600158691406,-2932.219970703125,-2933.0,130.22923278808594,-3189.4,-3126.45,-3105.2,-3018.0,-2933.0,-2843.75,-2782.2999999999997,-2721.4,-2676.84
23660,-2937.9599609375,177.95614624023438,99.21665954589844,214.2625994001116,-2937.9599609375,-2937.5,132.75367736816406,-3189.4,-3154.45,-3110.3,-3026.25,-2937.5,-2845.5,-2782.2999999999997,-2721.4,-2676.84
23751,-2942.659912109375,177.6099395751953,99.26644134521484,213.64292907714844,-2942.659912109375,-2937.5,130.24708557128906,-3189.56,-3154.45,-3110.3,-3027.25,-2937.5,-2851.75,-2785.2999999999997,-2721.4,-2678.8
23842,-2949.199951171875,177.2448272705078,99.31389617919922,213.0123291015625,-2949.199951171875,-2944.0,128.6310272216797,-3189.56,-3154.45,-3122.1,-3045.0,-2944.0,-2866.25,-2793.4,-2745.75,-2678.8
23933,-2954.619873046875,176.88182067871094,99.33634948730469,212.39661516462053,-2954.6201171875,-2950.0,129.69300842285156,-3219.44,-3154.45,-3122.1,-3045.25,-2950.0,-2873.0,-2797.6,-2748.9,-2678.8
24024,-2959.5,176.5213623046875,99.37619018554688,211.7573721749442,-2959.5,-2954.5,128.02035522460938,-3241.16,-3154.45,-3123.2,-3050.75,-2954.5,-2873.0,-2805.2,-2781.2000000000003,-2694.6800000000003
24115,-2966.699951171875,176.12356567382812,99.39457702636719,211.0906742640904,-2966.699951171875,-2965.5,131.1649627685547,-3275.64,-3163.65,-3125.6,-3057.5,-2965.5,-2880.0,-2806.0,-2782.1,-2702.52
24206,-2973.419921875,175.76199340820312,99.42195892333984,210.46897670200892,-2973.419921875,-2976.5,130.8642120361328,-3275.64,-3163.65,-3131.1,-3074.25,-2976.5,-2886.75,-2815.0,-2782.1,-2702.52
24297,-2979.260009765625,175.39776611328125,99.42298126220703,209.86060224260603,-2979.260009765625,-2983.0,130.5402374267578,-3275.64,-3181.95,-3132.9,-3074.25,-2983.0,-2896.5,-2821.4,-2790.6,-2724.0800000000004
24388,-2981.919921875,175.02468872070312,99.4355239868164,209.2389199393136,-2981.919921875,-2984.5,130.6723175048828,-3275.64,-3182.7,-3132.9,-3078.0,-2984.5,-2900.0,-2822.0,-2790.6,-2726.04
24479,-2985.059814453125,174.69558715820312,99.48881530761719,208.63619559151786,-2985.06005859375,-2985.0,128.55526733398438,-3275.64,-3182.7,-3132.9,-3078.0,-2985.0,-2901.5,-2828.2999999999997,-2804.85,-2726.32
24570,-2994.099853515625,174.3353271484375,99.52234649658203,208.0137721470424,-2994.10009765625,-2992.0,127.0988998413086,-3275.64,-3215.0,-3153.8,-3078.0,-2992.0,-2911.0,-2847.6,-2819.3,-2787.0800000000004
24661,-3000.300048828125,173.96243286132812,99.54951477050781,207.37090846470423,-3000.300048828125,-2996.0,128.22686767578125,-3275.64,-3215.45,-3154.7,-3081.25,-2996.0,-2923.5,-2849.0,-2819.3,-2788.2000000000003
24752,-3006.35986328125,173.6084747314453,99.58344268798828,206.7483389718192,-3006.360107421875,-2997.5,127.85057830810547,-3297.2,-3223.75,-3158.3,-3093.0,-2997.5,-2923.5,-2850.8,-2822.0,-2788.2000000000003
24843,-3010.81982421875,173.25650024414062,99.61793518066406,206.1289520263672,-3010.820068359375,-3002.5,126.7112808227539,-3297.2,-3223.75,-3170.9,-3093.0,-3002.5,-2935.25,-2852.8,-2822.0,-2788.2000000000003
24934,-3018.780029296875,172.8998260498047,99.6401596069336,205.5128391810826,-3018.780029296875,-3011.5,126.61915588378906,-3297.2,-3233.25,-3182.5,-3100.75,-3011.5,-2937.75,-2858.9,-2828.65,-2788.7200000000003
25025,-3024.159912109375,172.55813598632812,99.68620300292969,204.89412144252233,-3024.159912109375,-3016.0,127.89305877685547,-3297.28,-3238.65,-3197.3,-3112.25,-3016.0,-2937.75,-2864.4,-2828.65,-2788.7200000000003
25116,-3028.300048828125,172.23709106445312,99.7468490600586,204.28516932896204,-3028.300048828125,-3016.0,127.57731628417969,-3297.28,-3238.65,-3209.2,-3113.0,-3016.0,-2944.75,-2871.9,-2828.65,-2805.38
25207,-3034.639892578125,171.88963317871094,99.77355194091797,203.66891479492188,-3034.639892578125,-3028.5,125.15929412841797,-3297.28,-3238.65,-3209.2,-3123.5,-3028.5,-2955.0,-2874.9,-2828.85,-2805.38
25298,-3037.419921875,171.53677368164062,99.80787658691406,203.04750279017858,-3037.419921875,-3039.0,124.58026123046875,-3297.28,-3238.65,-3209.2,-3123.5,-3039.0,-2962.25,-2874.9,-2848.9500000000003,-2818.1200000000003
25389,-3044.280029296875,171.1816864013672,99.8220443725586,202.44393048967635,-3044.280029296875,-3045.5,128.15139770507812,-3316.1,-3272.3,-3211.4,-3132.25,-3045.5,-2967.5,-2875.0,-2848.9500000000003,-2818.1200000000003
25480,-3050.35986328125,170.8450927734375,99.86771392822266,201.82397678920202,-3050.360107421875,-3047.5,127.7962875366211,-3316.1,-3272.6,-3226.1,-3132.25,-3047.5,-2969.5,-2875.0,-2863.75,-2825.86
25571,-3054.800048828125,170.51272583007812,99.90770721435547,201.21378653390067,-3054.800048828125,-3047.5,127.92974090576172,-3320.02,-3272.6,-3233.6,-3133.75,-3047.5,-2972.25,-2885.0,-2870.65,-2856.2400000000002
25662,-3060.059814453125,170.17230224609375,99.93206024169922,200.60550580705916,-3060.06005859375,-3052.0,129.27713012695312,-3320.02,-3273.0,-3239.4,-3144.5,-3052.0,-2973.0,-2885.7,-2870.65,-2856.2400000000002
25753,-3065.739990234375,169.81993103027344,99.9605941772461,199.97804042271204,-3065.739990234375,-3055.0,126.89598083496094,-3331.18,-3273.0,-3243.8,-3144.5,-3055.0,-2975.25,-2907.3999999999996,-2873.5,-2856.2400000000002
25844,-3069.760009765625,169.44964599609375,99.97098541259766,199.3472442626953,-3069.760009765625,-3060.0,126.46296691894531,-3331.18,-3279.65,-3243.8,-3151.75,-3060.0,-2984.75,-2922.5,-2873.5,-2856.2400000000002
25935,-3075.260009765625,169.08949279785156,100.01710510253906,198.68882315499442,-3075.260009765625,-3072.5,126.31623077392578,-3331.18,-3279.65,-3243.8,-3175.75,-3072.5,-2984.75,-2922.7,-2874.95,-2858.2000000000003
26026,-3081.780029296875,168.77137756347656,100.06167602539062,198.089595249721,-3081.780029296875,-3086.5,127.24091339111328,-3337.06,-3285.2,-3244.0,-3175.75,-3086.5,-2985.75,-2922.7,-2884.5,-2858.2000000000003
26117,-3085.0400390625,168.41978454589844,100.07656860351562,197.46923174176897,-3085.0400390625,-3086.5,125.84187316894531,-3337.06,-3285.2,-3247.6,-3175.75,-3086.5,-2986.75,-2923.6,-2885.95,-2858.2000000000003
26208,-3090.33984375,168.07363891601562,100.09386444091797,196.84844534737724,-3090.340087890625,-3088.5,126.7390365600586,-3340.5,-3285.2,-3247.6,-3175.75,-3088.5,-2995.75,-2924.4,-2899.3,-2858.64
26299,-3095.619873046875,167.73968505859375,100.1454849243164,196.21649387904577,-3095.6201171875,-3099.0,126.67863464355469,-3353.24,-3327.5,-3253.4,-3175.75,-3099.0,-3010.75,-2931.6,-2899.3,-2858.64
26390,-3098.760009765625,167.39218139648438,100.182373046875,195.573974609375,-3098.760009765625,-3100.5,127.0837631225586,-3353.24,-3327.5,-3253.4,-3179.0,-3100.5,-3010.75,-2931.6,-2899.3,-2858.64
26481,-3102.699951171875,167.04685974121094,100.2014389038086,194.96583993094308,-3102.699951171875,-3101.0,128.0106658935547,-3353.24,-3337.15,-3257.7,-3185.25,-3101.0,-3013.5,-2931.6,-2907.85,-2858.64
26572,-3107.81982421875,166.71189880371094,100.21160125732422,194.37111118861608,-3107.820068359375,-3101.0,128.34666442871094,-3363.72,-3340.65,-3257.7,-3195.75,-3101.0,-3017.0,-2955.2,-2908.8,-2858.64
26663,-3111.639892578125,166.3506622314453,100.21355438232422,193.75567626953125,-3111.639892578125,-3103.5,128.3118438720703,-3387.24,-3353.0,-3257.7,-3198.0,-3103.5,-3020.25,-2956.0,-2909.45,-2885.1000000000004
26754,-3114.760009765625,165.99893188476562,100.2101058959961,193.1489519391741,-3114.760009765625,-3107.0,126.87223052978516,-3387.24,-3353.0,-3257.7,-3199.75,-3107.0,-3029.25,-2956.0,-2909.45,-2892.86
26845,-3117.89990234375,165.6524200439453,100.22176361083984,192.54088265555245,-3117.89990234375,-3116.5,126.8093490600586,-3387.24,-3353.0,-3264.1,-3208.0,-3116.5,-3029.25,-2956.0,-2910.4,-2892.86
26936,-3121.559814453125,165.30307006835938,100.23519897460938,191.9200940813337,-3121.56005859375,-3116.5,127.68080139160156,-3399.08,-3353.0,-3269.1,-3208.0,-3116.5,-3029.25,-2956.0,-2911.95,-2893.0
27027,-3126.5400390625,164.97021484375,100.25801086425781,191.31697736467635,-3126.5400390625,-3122.5,125.80782318115234,-3401.04,-3353.5,-3276.3,-3208.0,-3122.5,-3034.0,-2964.8,-2919.95,-2898.88
27118,-3131.419921875,164.64671325683594,100.29620361328125,190.71212332589286,-3131.419921875,-3134.0,126.79923248291016,-3401.04,-3353.5,-3289.1,-3210.25,-3134.0,-3034.0,-2964.8,-2919.95,-2898.88
27209,-3136.0,164.3062286376953,100.2997817993164,190.1185760498047,-3136.0,-3150.5,126.21592712402344,-3403.2,-3353.5,-3289.1,-3210.25,-3150.5,-3040.0,-2967.7,-2927.55,-2898.88
27300,-3141.33984375,163.93089294433594,100.29218292236328,189.4787139892578,-3141.340087890625,-3153.5,126.72357177734375,-3403.2,-3353.5,-3299.8,-3226.75,-3153.5,-3052.25,-2983.8999999999996,-2927.55,-2898.88
27391,-3146.599853515625,163.58035278320312,100.30501556396484,188.86228724888392,-3146.60009765625,-3153.5,124.58338165283203,-3403.2,-3363.7,-3302.5,-3236.25,-3153.5,-3060.75,-3003.2999999999997,-2938.45,-2898.88
27482,-3149.179931640625,163.23605346679688,100.32201385498047,188.24505397251673,-3149.179931640625,-3154.0,123.41825866699219,-3403.2,-3363.7,-3307.4,-3236.25,-3154.0,-3060.75,-3005.0,-2938.45,-2910.92
27573,-3153.239990234375,162.8865509033203,100.3212890625,187.63492257254464,-3153.239990234375,-3156.0,122.10520935058594,-3403.2,-3363.7,-3307.4,-3236.25,-3156.0,-3078.5,-3005.9,-2938.45,-2910.92
27664,-3159.85986328125,162.5312957763672,100.3366928100586,186.98620387486048,-3159.860107421875,-3163.0,125.77869415283203,-3419.2,-3363.7,-3317.7,-3247.0,-3163.0,-3078.5,-3011.4,-2946.05,-2910.92
27755,-3163.179931640625,162.2100067138672,100.34756469726562,186.3973606654576,-3163.179931640625,-3167.0,125.27501678466797,-3419.2,-3363.7,-3317.7,-3249.0,-3167.0,-3081.75,-3011.4,-2946.05,-2910.92
27846,-3166.760009765625,161.84783935546875,100.33893585205078,185.75886753627233,-3166.760009765625,-3171.0,123.81664276123047,-3419.2,-3363.7,-3317.7,-3251.5,-3171.0,-3081.75,-3011.4,-2968.85,-2910.92
27937,-3170.300048828125,161.5338134765625,100.39064025878906,185.1458478655134,-3170.300048828125,-3171.0,124.97667694091797,-3419.2,-3377.65,-3326.5,-3251.5,-3171.0,-3083.75,-3011.4,-2968.85,-2910.92
28028,-3174.639892578125,161.16783142089844,100.37909698486328,184.5140882219587,-3174.639892578125,-3177.5,124.4111328125,-3419.36,-3377.65,-3326.5,-3265.25,-3177.5,-3083.75,-3012.0,-2969.25,-2910.92
28119,-3177.93994140625,160.86805725097656,100.4155044555664,183.9229474748884,-3177.93994140625,-3178.0,124.01860809326172,-3439.2,-3378.05,-3326.5,-3265.25,-3178.0,-3083.75,-3022.2,-2970.95,-2910.92
28210,-3180.0400390625,160.50413513183594,100.41838836669922,183.27858407156808,-3180.0400390625,-3178.0,125.3266830444336,-3449.08,-3398.35,-3332.8,-3269.25,-3178.0,-3083.75,-3022.2,-2982.35,-2910.92
28301,-3183.699951171875,160.1608428955078,100.43201446533203,182.65609087262834,-3183.699951171875,-3178.0,126.01750183105469,-3449.08,-3398.35,-3340.0,-3273.0,-3178.0,-3093.25,-3024.9,-2982.35,-2910.92
28392,-3188.919921875,159.83688354492188,100.44109344482422,182.07062203543526,-3188.919921875,-3189.5,127.7191162109375,-3449.08,-3398.35,-3353.9,-3285.25,-3189.5,-3095.75,-3024.9,-2982.35,-2910.92
28483,-3195.0400390625,159.50962829589844,100.44668579101562,181.46780395507812,-3195.0400390625,-3195.0,128.72503662109375,-3449.08,-3398.35,-3353.9,-3287.5,-3195.0,-3099.75,-3030.4,-3010.1,-2910.92
28574,-3200.89990234375,159.19244384765625,100.45968627929688,180.8533695765904,-3200.89990234375,-3198.5,129.10000610351562,-3449.16,-3398.35,-3353.9,-3296.0,-3198.5,-3119.5,-3030.4,-3010.1,-2910.92
28665,-3205.93994140625,158.85777282714844,100.4679183959961,180.23582676478796,-3205.93994140625,-3203.5,129.61288452148438,-3461.84,-3405.5,-3362.7,-3296.0,-3203.5,-3120.25,-3035.6,-3014.85,-2912.96
28756,-3209.679931640625,158.5004425048828,100.44230651855469,179.60970851353235,-3209.679931640625,-3208.5,129.44342041015625,-3461.84,-3405.5,-3369.7,-3300.0,-3208.5,-3120.25,-3049.5,-3014.85,-2936.48
28847,-3213.119873046875,158.1700439453125,100.47789764404297,178.97169930594308,-3213.1201171875,-3217.0,126.89037322998047,-3461.84,-3405.5,-3369.7,-3300.0,-3217.0,-3120.25,-3050.1,-3019.85,-2942.88
28938,-3216.9599609375,157.836181640625,100.49640655517578,178.34664045061385,-3216.9599609375,-3219.0,125.59068298339844,-3461.84,-3405.5,-3369.7,-3306.25,-3219.0,-3120.25,-3060.1,-3026.65,-2942.96
29029,-3222.300048828125,157.4871826171875,100.4799575805664,177.73880658830916,-3222.300048828125,-3220.0,125.56834411621094,-3461.84,-3415.2,-3376.9,-3309.25,-3220.0,-3121.75,-3060.1,-3030.8,-2989.0600000000004
29120,-3223.93994140625,157.1561737060547,100.46868133544922,177.14227294921875,-3223.93994140625,-3221.5,126.07210540771484,-3475.56,-3415.2,-3385.2,-3309.25,-3221.5,-3121.75,-3060.1,-3030.8,-2989.0600000000004
29211,-3227.83984375,156.83782958984375,100.49408721923828,176.5297633579799,-3227.840087890625,-3228.0,126.4520263671875,-3475.56,-3420.65,-3385.2,-3312.25,-3228.0,-3125.75,-3079.6,-3030.8,-2989.0600000000004
29302,-3234.139892578125,156.52069091796875,100.50152587890625,175.92899431501115,-3234.139892578125,-3243.5,128.74502563476562,-3475.56,-3452.55,-3395.3,-3329.0,-3243.5,-3131.25,-3079.6,-3030.8,-2996.9
29393,-3237.8798828125,156.19517517089844,100.49502563476562,175.3209468296596,-3237.8798828125,-3243.5,128.4325714111328,-3488.5,-3463.1,-3395.3,-3329.0,-3243.5,-3148.75,-3079.6,-3030.8,-2997.94
29484,-3243.559814453125,155.86415100097656,100.5206527709961,174.69309561593192,-3243.56005859375,-3253.0,127.2372055053711,-3488.5,-3463.1,-3395.3,-3335.75,-3253.0,-3157.75,-3079.9,-3030.8,-3019.5
29575,-3245.919921875,155.55020141601562,100.52740478515625,174.09295000348772,-3245.919921875,-3253.0,126.04894256591797,-3488.86,-3463.1,-3395.3,-3335.75,-3253.0,-3159.75,-3079.9,-3039.55,-3026.36
29666,-3249.419921875,155.18994140625,100.51696014404297,173.44730922154017,-3249.419921875,-3261.0,127.2914810180664,-3488.86,-3463.1,-3398.5,-3344.25,-3261.0,-3159.75,-3079.9,-3039.85,-3026.36
29757,-3254.919921875,154.8607177734375,100.507568359375,172.84727913992745,-3254.919921875,-3265.0,128.98471069335938,-3508.16,-3463.6,-3406.7,-3349.5,-3265.0,-3161.25,-3083.7,-3041.95,-3026.36
29848,-3258.139892578125,154.528564453125,100.51203155517578,172.2253134591239,-3258.139892578125,-3267.5,128.9764404296875,-3508.16,-3464.2,-3413.2,-3351.75,-3267.5,-3161.25,-3086.7,-3041.95,-3026.36
29939,-3261.9599609375,154.21263122558594,100.52356719970703,171.6066393171038,-3261.9599609375,-3269.5,129.2517547607422,-3510.12,-3464.85,-3415.2,-3352.25,-3269.5,-3165.0,-3086.7,-3055.25,-3026.56
30030,-3265.059814453125,153.91555786132812,100.53535461425781,171.02069527762276,-3265.06005859375,-3272.0,128.2959747314453,-3510.12,-3491.45,-3415.4,-3352.25,-3272.0,-3165.0,-3086.7,-3055.25,-3026.94
30121,-3268.47998046875,153.59022521972656,100.55122375488281,170.38870239257812,-3268.47998046875,-3275.0,127.59807586669922,-3516.0,-3491.45,-3423.2,-3352.25,-3275.0,-3168.75,-3091.8,-3055.3,-3026.94
30212,-3275.179931640625,153.2537078857422,100.5600814819336,169.74923270089286,-3275.179931640625,-3284.5,126.84900665283203,-3541.48,-3491.45,-3423.2,-3358.0,-3284.5,-3179.0,-3097.7,-3084.75,-3026.94
30303,-3278.83984375,152.94642639160156,100.5512466430664,169.16980634416853,-3278.840087890625,-3285.0,128.3311004638672,-3541.48,-3491.45,-3429.8,-3374.75,-3285.0,-3186.75,-3097.7,-3084.75,-3026.94
30394,-3281.81982421875,152.64605712890625,100.58051300048828,168.5548379080636,-3281.820068359375,-3287.0,129.70330810546875,-3565.1,-3492.0,-3429.8,-3377.25,-3287.0,-3186.75,-3097.7,-3084.9500000000003,-3026.94
30485,-3286.52001953125,152.32131958007812,100.5781478881836,167.95586286272322,-3286.52001953125,-3292.0,128.64552307128906,-3570.02,-3511.3,-3437.0,-3379.5,-3292.0,-3198.0,-3109.5,-3085.25,-3026.94
30576,-3289.760009765625,151.9923553466797,100.58605194091797,167.32983180454798,-3289.760009765625,-3297.5,129.71755981445312,-3570.02,-3511.3,-3437.0,-3385.0,-3297.5,-3198.0,-3109.5,-3088.1,-3027.0
30667,-3291.43994140625,151.69589233398438,100.60077667236328,166.73279462541853,-3291.43994140625,-3300.5,128.27340698242188,-3570.02,-3511.3,-3437.0,-3385.0,-3300.5,-3198.0,-3118.5,-3090.0,-3027.0
30758,-3292.559814453125,151.40196228027344,100.63646697998047,166.11741638183594,-3292.56005859375,-3300.5,127.95494079589844,-3570.02,-3511.3,-3437.0,-3388.25,-3300.5,-3198.5,-3118.5,-3095.7000000000003,-3028.96
30849,-3297.099853515625,151.0732421875,100.63411712646484,165.4958997453962,-3297.10009765625,-3302.0,127.01074981689453,-3570.02,-3511.3,-3442.7,-3388.75,-3302.0,-3202.5,-3123.6,-3095.7000000000003,-3028.96
30940,-3300.93994140625,150.7579345703125,100.64488220214844,164.86747523716517,-3300.93994140625,-3303.5,126.91027069091797,-3570.02,-3511.3,-3450.2,-3388.75,-3303.5,-3210.5,-3126.2999999999997,-3097.0,-3036.8
31031,-3305.760009765625,150.4399871826172,100.65018463134766,164.24099949428015,-3305.760009765625,-3310.0,126.75568389892578,-3570.02,-3511.3,-3461.4,-3391.25,-3310.0,-3211.75,-3135.1,-3097.1,-3036.92
31122,-3310.5400390625,150.14486694335938,100.68045806884766,163.6272713797433,-3310.5400390625,-3315.0,125.79479217529297,-3570.02,-3511.3,-3465.2,-3391.25,-3315.0,-3219.75,-3151.2999999999997,-3103.75,-3037.0
31213,-3314.760009765625,149.8356170654297,100.7060317993164,163.00147356305803,-3314.760009765625,-3320.0,128.55117797851562,-3571.0,-3541.4,-3473.0,-3394.0,-3320.0,-3228.75,-3151.2999999999997,-3104.5,-3037.0
31304,-3320.919921875,149.50665283203125,100.69084167480469,162.39655194963728,-3320.919921875,-3327.5,129.39682006835938,-3571.44,-3550.05,-3479.4,-3413.25,-3327.5,-3230.25,-3156.7,-3119.25,-3056.6
31395,-3325.639892578125,149.16043090820312,100.666015625,161.75698852539062,-3325.639892578125,-3333.0,131.52752685546875,-3571.44,-3550.05,-3484.3,-3422.0,-3333.0,-3233.25,-3156.7,-3119.25,-3056.6
31486,-3331.059814453125,148.8679962158203,100.66499328613281,161.17867824009485,-3331.06005859375,-3346.5,134.35765075683594,-3593.04,-3571.4,-3496.6,-3422.75,-3346.5,-3239.25,-3156.7,-3120.0,-3056.6
31577,-3334.39990234375,148.5845489501953,100.694580078125,160.5829358782087,-3334.39990234375,-3346.5,133.69076538085938,-3593.04,-3571.4,-3502.4,-3424.25,-3346.5,-3240.5,-3164.2,-3130.45,-3056.6
31668,-3338.079833984375,148.26922607421875,100.69847869873047,159.95784214564733,-3338.080078125,-3346.5,133.62864685058594,-3593.04,-3571.4,-3507.6,-3424.25,-3346.5,-3243.0,-3164.2,-3137.65,-3056.6800000000003
31759,-3342.199951171875,147.9423828125,100.6679916381836,159.36736842564173,-3342.199951171875,-3350.5,132.63717651367188,-3593.04,-3571.5,-3509.4,-3426.5,-3350.5,-3257.75,-3166.8,-3137.65,-3074.64
31850,-3345.0400390625,147.60763549804688,100.65131378173828,158.75130571637834,-3345.0400390625,-3353.5,132.82069396972656,-3593.04,-3571.5,-3513.8,-3430.0,-3353.5,-3257.75,-3167.9,-3137.65,-3074.64
31941,-3347.85986328125,147.32122802734375,100.68003845214844,158.1605682373047,-3347.860107421875,-3354.0,132.4018096923828,-3593.04,-3571.5,-3513.8,-3431.75,-3354.0,-3265.5,-3167.9,-3137.65,-3074.64
32032,-3349.2998046875,147.01625061035156,100.6994857788086,157.54214913504464,-3349.300048828125,-3354.0,132.5843505859375,-3595.2,-3571.85,-3513.8,-3431.75,-3354.0,-3265.5,-3170.7,-3137.65,-3080.52
32123,-3351.7998046875,146.68763732910156,100.6771469116211,156.9246586390904,-3351.800048828125,-3357.0,131.75515747070312,-3595.2,-3571.85,-3513.8,-3434.0,-3357.0,-3265.5,-3176.4,-3145.6,-3080.52
32214,-3355.419921875,146.36451721191406,100.64346313476562,156.32574026925224,-3355.419921875,-3358.0,131.0828857421875,-3595.2,-3571.85,-3513.8,-3448.5,-3358.0,-3266.25,-3176.4,-3145.6,-3108.56
32305,-3358.5400390625,146.08543395996094,100.66803741455078,155.73405020577567,-3358.5400390625,-3359.0,132.8456573486328,-3639.48,-3572.05,-3513.8,-3456.25,-3359.0,-3267.75,-3177.2999999999997,-3146.55,-3108.64
32396,-3360.39990234375,145.73329162597656,100.6210708618164,155.1033717564174,-3360.39990234375,-3359.0,132.0356903076172,-3639.48,-3572.05,-3521.2,-3456.25,-3359.0,-3272.0,-3177.4,-3146.55,-3108.64
32487,-3364.419921875,145.4163055419922,100.6035385131836,154.49778529575892,-3364.419921875,-3359.0,131.69815063476562,-3639.48,-3572.05,-3526.0,-3456.25,-3359.0,-3280.5,-3187.0,-3148.45,-3108.7000000000003
32578,-3367.81982421875,145.10031127929688,100.59066009521484,153.8986336844308,-3367.820068359375,-3364.0,133.9698028564453,-3661.04,-3592.65,-3535.4,-3456.25,-3364.0,-3282.5,-3187.0,-3152.25,-3108.7000000000003
32669,-3371.3798828125,144.79930114746094,100.58340454101562,153.30087062290735,-3371.3798828125,-3369.0,133.9554901123047,-3661.04,-3605.0,-3539.2,-3457.75,-3369.0,-3282.5,-3188.9,-3157.8,-3108.7000000000003
32760,-3376.02001953125,144.52635192871094,100.61465454101562,152.68497794015067,-3376.02001953125,-3384.5,132.60293579101562,-3661.04,-3605.0,-3539.2,-3469.25,-3384.5,-3283.0,-3191.7,-3170.35,-3144.96
32851,-3379.599853515625,144.24009704589844,100.64301300048828,152.05242701939173,-3379.60009765625,-3387.0,130.6467742919922,-3661.04,-3605.0,-3539.2,-3469.25,-3387.0,-3287.5,-3198.7,-3176.7,-3144.96
32942,-3382.0,143.96339416503906,100.67050170898438,151.44484383719308,-3382.0,-3389.0,130.28744506835938,-3663.44,-3605.0,-3539.2,-3469.25,-3389.0,-3294.25,-3200.8,-3176.8,-3160.7200000000003
33033,-3386.419921875,143.67063903808594,100.67060089111328,150.84396144321985,-3386.419921875,-3393.5,130.0883026123047,-3663.44,-3605.0,-3539.6,-3472.0,-3393.5,-3300.5,-3202.8,-3176.8,-3164.6400000000003
33124,-3388.81982421875,143.37277221679688,100.66844940185547,150.253178187779,-3388.820068359375,-3393.5,128.61691284179688,-3663.44,-3605.0,-3539.6,-3472.0,-3393.5,-3300.5,-3206.6,-3182.5,-3165.2400000000002
33215,-3391.52001953125,143.10855102539062,100.7021713256836,149.66288103376115,-3391.52001953125,-3393.5,127.51905822753906,-3663.44,-3605.0,-3550.2,-3472.0,-3393.5,-3302.75,-3212.4,-3195.35,-3165.2400000000002
33306,-3394.4599609375,142.84376525878906,100.72733306884766,149.07702854701452,-3394.4599609375,-3400.5,127.8113021850586,-3663.44,-3605.0,-3550.2,-3472.5,-3400.5,-3303.0,-3212.4,-3195.45,-3165.2400000000002
33397,-3396.2998046875,142.55955505371094,100.75365447998047,148.45787048339844,-3396.300048828125,-3401.5,126.66321563720703,-3663.44,-3605.0,-3550.2,-3481.0,-3401.5,-3306.0,-3212.4,-3196.95,-3182.2400000000002
33488,-3397.699951171875,142.28250122070312,100.75621032714844,147.8747297014509,-3397.699951171875,-3401.5,126.98728942871094,-3673.24,-3605.2,-3550.2,-3481.0,-3401.5,-3306.0,-3212.4,-3196.95,-3182.2400000000002
33579,-3400.0400390625,142.00546264648438,100.79622650146484,147.22954450334822,-3400.0400390625,-3407.0,128.19992065429688,-3673.24,-3605.7,-3555.0,-3485.25,-3407.0,-3306.0,-3213.9,-3196.95,-3182.2400000000002
33670,-3403.83984375,141.71876525878906,100.79764556884766,146.62726484026228,-3403.840087890625,-3412.0,127.32067108154297,-3673.68,-3605.7,-3567.6,-3485.25,-3412.0,-3311.5,-3218.5,-3196.95,-3182.2400000000002
33761,-3407.199951171875,141.43096923828125,100.7885971069336,146.03423200334822,-3407.199951171875,-3412.0,129.2397003173828,-3673.68,-3605.7,-3573.0,-3487.0,-3412.0,-3311.5,-3218.5,-3196.95,-3182.2400000000002
33852,-3409.2998046875,141.13311767578125,100.78363800048828,145.4083971296038,-3409.300048828125,-3412.0,128.61155700683594,-3673.68,-3611.4,-3573.0,-3494.5,-3412.0,-3331.0,-3218.5,-3196.95,-3182.2400000000002
33943,-3412.280029296875,140.8441619873047,100.77938842773438,144.81318882533483,-3412.280029296875,-3418.0,128.84744262695312,-3673.68,-3619.2,-3577.4,-3494.5,-3418.0,-3334.75,-3218.5,-3196.95,-3182.2400000000002
34034,-3415.619873046875,140.55282592773438,100.77290344238281,144.2101593017578,-3415.6201171875,-3421.5,128.26861572265625,-3673.68,-3624.5,-3577.4,-3494.5,-3421.5,-3334.75,-3222.6,-3196.95,-3182.78
34125,-3419.599853515625,140.2930145263672,100.79937744140625,143.6186022077288,-3419.60009765625,-3431.0,128.3115692138672,-3673.68,-3634.0,-3579.2,-3496.25,-3431.0,-3339.75,-3226.2,-3196.95,-3182.78
34216,-3421.9599609375,140.00318908691406,100.80345916748047,143.01410784040178,-3421.9599609375,-3431.0,128.38807678222656,-3673.68,-3634.0,-3581.4,-3497.75,-3431.0,-3339.75,-3226.2,-3196.95,-3189.64
34307,-3424.260009765625,139.72499084472656,100.81940460205078,142.402099609375,-3424.260009765625,-3433.0,126.55635833740234,-3673.68,-3634.0,-3581.4,-3500.5,-3433.0,-3340.75,-3242.7,-3211.25,-3190.62
34398,-3426.419921875,139.4220428466797,100.79824829101562,141.80591910226005,-3426.419921875,-3437.0,126.3199234008789,-3687.4,-3634.0,-3585.2,-3500.5,-3437.0,-3345.75,-3249.8999999999996,-3217.95,-3190.62
34489,-3429.4599609375,139.09234619140625,100.76009368896484,141.17649841308594,-3429.4599609375,-3439.5,127.77999877929688,-3687.48,-3634.0,-3587.8,-3515.5,-3439.5,-3346.25,-3251.7,-3217.95,-3190.62
34580,-3433.0,138.82781982421875,100.77694702148438,140.57636369977678,-3433.0,-3444.0,128.39321899414062,-3689.44,-3639.7,-3595.4,-3515.5,-3444.0,-3347.75,-3251.7,-3217.95,-3190.62
34671,-3435.31982421875,138.5072784423828,100.74120330810547,139.9453408377511,-3435.320068359375,-3444.0,128.24537658691406,-3689.44,-3639.7,-3595.4,-3515.5,-3444.0,-3347.75,-3268.2,-3217.95,-3190.62
34762,-3437.199951171875,138.1947021484375,100.72347259521484,139.32571847098214,-3437.199951171875,-3444.0,129.27513122558594,-3689.44,-3644.2,-3597.2,-3522.5,-3444.0,-3347.75,-3268.2,-3218.9,-3190.62
34853,-3440.7998046875,137.91482543945312,100.7296371459961,138.70715550013952,-3440.800048828125,-3450.5,129.39913940429688,-3689.44,-3644.2,-3597.2,-3524.75,-3450.5,-3348.75,-3277.2,-3218.9,-3190.62
34944,-3443.119873046875,137.63694763183594,100.73809814453125,138.09169224330358,-3443.1201171875,-3452.0,129.1072540283203,-3689.44,-3644.35,-3600.1,-3524.75,-3452.0,-3348.75,-3280.0,-3224.85,-3190.62
35035,-3448.179931640625,137.31329345703125,100.68505859375,137.47815813337053,-3448.179931640625,-3452.0,127.76378631591797,-3701.4,-3644.55,-3604.0,-3526.0,-3452.0,-3352.25,-3280.9,-3225.95,-3190.62
35126,-3450.7998046875,137.021728515625,100.64630889892578,136.89893668038505,-3450.800048828125,-3460.5,127.50991821289062,-3701.4,-3644.55,-3617.6,-3526.0,-3460.5,-3353.75,-3280.9,-3250.7000000000003,-3190.62
35217,-3453.52001953125,136.75027465820312,100.65717315673828,136.2922145298549,-3453.52001953125,-3462.0,128.37924194335938,-3701.4,-3665.45,-3621.2,-3539.0,-3462.0,-3361.5,-3283.7,-3250.7000000000003,-3190.62
35308,-3456.719970703125,136.44200134277344,100.6435317993164,135.67862592424666,-3456.719970703125,-3462.0,127.95648193359375,-3720.02,-3665.6,-3621.2,-3549.5,-3462.0,-3376.5,-3283.7,-3250.7000000000003,-3208.58
35399,-3460.0,136.20030212402344,100.67845916748047,135.10959952218192,-3460.0,-3468.0,127.99445343017578,-3721.28,-3665.6,-3621.4,-3549.5,-3468.0,-3378.5,-3289.4,-3251.35,-3218.38
35490,-3462.97998046875,135.94004821777344,100.70545196533203,134.49983433314733,-3462.97998046875,-3468.0,128.01148986816406,-3721.52,-3665.6,-3625.2,-3552.25,-3468.0,-3378.75,-3295.7,-3251.8,-3218.38
35581,-3465.5,135.6764678955078,100.70276641845703,133.89303588867188,-3465.5,-3470.0,129.22805786132812,-3745.04,-3694.2,-3625.2,-3554.0,-3470.0,-3378.75,-3296.0,-3251.8,-3218.38
35672,-3467.619873046875,135.40208435058594,100.7040023803711,133.27101353236608,-3467.6201171875,-3470.0,128.24600219726562,-3745.04,-3694.2,-3625.2,-3554.0,-3470.0,-3378.75,-3296.0,-3251.8,-3218.38
35763,-3470.679931640625,135.1229248046875,100.7302017211914,132.61459132603235,-3470.679931640625,-3473.5,126.69979858398438,-3745.04,-3694.2,-3637.6,-3554.0,-3473.5,-3379.75,-3297.8,-3274.5,-3237.98
35854,-3473.02001953125,134.84010314941406,100.72640228271484,131.9983629499163,-3473.02001953125,-3473.5,127.29438781738281,-3745.04,-3694.2,-3637.8,-3555.5,-3473.5,-3387.0,-3297.8,-3274.5,-3238.1000000000004
35945,-3474.85986328125,134.52767944335938,100.6845703125,131.3734392438616,-3474.860107421875,-3479.5,126.8949203491211,-3745.04,-3694.2,-3637.8,-3557.0,-3479.5,-3390.25,-3309.7,-3274.5,-3238.1000000000004
36036,-3478.179931640625,134.2457733154297,100.6852798461914,130.73414829799108,-3478.179931640625,-3483.5,127.53112030029297,-3745.04,-3717.15,-3637.8,-3558.0,-3483.5,-3391.0,-3309.7,-3274.5,-3238.1000000000004
36127,-3479.33984375,133.97665405273438,100.69355773925781,130.11715698242188,-3479.340087890625,-3486.5,127.35425567626953,-3745.04,-3717.15,-3637.8,-3558.5,-3486.5,-3393.25,-3309.7,-3274.5,-3238.1000000000004
36218,-3482.5400390625,133.69056701660156,100.68675994873047,129.47184862409318,-3482.5400390625,-3492.0,127.90921783447266,-3747.04,-3717.25,-3638.0,-3566.5,-3492.0,-3394.0,-3312.7999999999997,-3274.5,-3238.1000000000004
36309,-3485.059814453125,133.4351348876953,100.71115112304688,128.83199092320032,-3485.06005859375,-3494.0,127.25445556640625,-3747.04,-3717.25,-3638.0,-3568.5,-3494.0,-3398.5,-3312.7999999999997,-3274.5,-3238.34
36400,-3488.919921875,133.1793975830078,100.72689056396484,128.20923505510603,-3488.919921875,-3497.5,125.3769302368164,-3749.12,-3717.25,-3640.1,-3568.5,-3497.5,-3401.25,-3331.5,-3274.5,-3238.52
36491,-3490.639892578125,132.8878631591797,100.7203598022461,127.5633294241769,-3490.639892578125,-3497.5,125.29393768310547,-3749.72,-3717.25,-3640.1,-3568.5,-3497.5,-3407.25,-3331.5,-3278.65,-3238.52
36582,-3492.52001953125,132.6114044189453,100.71263885498047,126.94479479108539,-3492.52001953125,-3498.0,125.69991302490234,-3757.56,-3717.25,-3641.0,-3568.5,-3498.0,-3407.25,-3331.5,-3278.65,-3238.58
36673,-3495.219970703125,132.33982849121094,100.70543670654297,126.33631352015904,-3495.219970703125,-3498.0,124.86029815673828,-3759.52,-3717.25,-3641.2,-3568.5,-3498.0,-3410.5,-3331.5,-3287.65,-3238.58
36764,-3496.97998046875,132.04090881347656,100.68141174316406,125.69616372244698,-3496.97998046875,-3498.0,125.54305267333984,-3763.44,-3717.25,-3641.2,-3571.75,-3498.0,-3415.75,-3331.5,-3287.65,-3238.58
36855,-3500.4599609375,131.7596435546875,100.6620864868164,125.06866891043526,-3500.4599609375,-3498.0,124.70608520507812,-3763.44,-3717.25,-3662.4,-3579.5,-3498.0,-3418.75,-3338.2999999999997,-3289.95,-3257.9
36946,-3504.099853515625,131.51211547851562,100.6795883178711,124.47582026890346,-3504.10009765625,-3500.5,126.02940368652344,-3763.44,-3722.5,-3662.4,-3584.5,-3500.5,-3419.75,-3338.2999999999997,-3297.6,-3257.9
37037,-3507.239990234375,131.26026916503906,100.69122314453125,123.8541761125837,-3507.239990234375,-3501.0,126.64423370361328,-3785.04,-3722.85,-3675.0,-3584.5,-3501.0,-3425.5,-3340.8,-3297.6,-3257.9
37128,-3508.39990234375,130.98463439941406,100.6718521118164,123.24961199079242,-3508.39990234375,-3501.0,126.56026458740234,-3785.04,-3722.85,-3675.0,-3584.5,-3501.0,-3426.75,-3340.8,-3297.95,-3257.9
37219,-3510.0,130.69642639160156,100.6564712524414,122.60857282366071,-3510.0,-3505.0,126.5855484008789,-3785.04,-3727.6,-3675.0,-3584.5,-3505.0,-3426.75,-3340.8,-3299.9,-3257.9
37310,-3512.89990234375,130.38909912109375,100.62755584716797,121.9574443272182,-3512.89990234375,-3515.5,127.1602554321289,-3785.04,-3751.0,-3675.6,-3584.5,-3515.5,-3428.5,-3340.8,-3304.75,-3258.98
37401,-3515.159912109375,130.1753692626953,100.64861297607422,121.39051491873605,-3515.159912109375,-3523.5,127.7343978881836,-3785.04,-3751.0,-3681.2,-3587.5,-3523.5,-3428.5,-3340.8,-3304.75,-3258.98
37492,-3518.760009765625,129.92974853515625,100.6747817993164,120.76166207449776,-3518.760009765625,-3524.0,127.3276138305664,-3787.48,-3751.0,-3684.4,-3591.25,-3524.0,-3428.5,-3349.9,-3319.9500000000003,-3279.7000000000003
37583,-3520.619873046875,129.65846252441406,100.67411041259766,120.12075805664062,-3520.6201171875,-3526.0,127.18709564208984,-3787.48,-3751.0,-3684.4,-3604.5,-3526.0,-3428.75,-3351.8,-3319.9500000000003,-3291.46
37674,-3523.97998046875,129.4509735107422,100.73250579833984,119.49231501988002,-3523.97998046875,-3529.0,127.78285217285156,-3787.56,-3751.0,-3693.4,-3606.75,-3529.0,-3431.25,-3351.8,-3320.95,-3291.66
37765,-3525.5,129.2492218017578,100.78011322021484,118.89950016566685,-3525.5,-3531.5,127.688720703125,-3787.56,-3751.0,-3693.4,-3606.75,-3531.5,-3431.25,-3351.8,-3320.95,-3291.66
37856,-3529.159912109375,128.9907684326172,100.78550720214844,118.28372301374164,-3529.159912109375,-3535.5,126.84712219238281,-3787.56,-3751.0,-3699.4,-3607.5,-3535.5,-3432.75,-3354.7,-3320.95,-3299.84
37947,-3530.699951171875,128.7477264404297,100.79387664794922,117.6722640991211,-3530.699951171875,-3535.5,126.22808837890625,-3787.56,-3751.1,-3703.0,-3612.25,-3535.5,-3446.0,-3364.6,-3320.95,-3299.84
38038,-3534.260009765625,128.4101104736328,100.72343444824219,116.99961744035993,-3534.260009765625,-3541.5,125.29498291015625,-3787.56,-3751.1,-3703.0,-3617.5,-3541.5,-3446.25,-3365.6,-3337.65,-3299.84
38129,-3536.099853515625,128.12350463867188,100.69022369384766,116.36500658307757,-3536.10009765625,-3541.5,125.25306701660156,-3787.56,-3753.0,-3703.0,-3617.5,-3541.5,-3446.25,-3365.6,-3337.65,-3299.84
38220,-3539.4599609375,127.8827133178711,100.69770050048828,115.74202837262835,-3539.4599609375,-3542.0,125.9311294555664,-3795.4,-3753.0,-3703.0,-3623.5,-3542.0,-3446.25,-3383.6,-3337.65,-3299.84
38311,-3541.8798828125,127.59474182128906,100.68305969238281,115.10829489571708,-3541.8798828125,-3548.0,126.08412170410156,-3795.4,-3753.0,-3703.6,-3624.25,-3548.0,-3453.5,-3383.6,-3337.65,-3299.84
38402,-3543.659912109375,127.3248062133789,100.66513061523438,114.4604731968471,-3543.659912109375,-3548.0,126.81428527832031,-3795.4,-3753.5,-3715.4,-3625.75,-3548.0,-3453.5,-3383.6,-3337.65,-3304.7400000000002
38493,-3545.679931640625,127.06626892089844,100.65618133544922,113.8466306413923,-3545.679931640625,-3550.0,125.2215576171875,-3795.4,-3753.5,-3715.4,-3625.75,-3550.0,-3453.5,-3383.6,-3337.65,-3317.7400000000002
38584,-3547.199951171875,126.7845687866211,100.6269302368164,113.19890376499721,-3547.199951171875,-3550.0,124.15692138671875,-3795.4,-3753.5,-3715.4,-3625.75,-3550.0,-3465.5,-3386.2,-3344.75,-3317.7400000000002
38675,-3550.780029296875,126.56571197509766,100.65766906738281,112.58882577078683,-3550.780029296875,-3555.0,125.49952697753906,-3795.4,-3776.6,-3719.6,-3631.75,-3555.0,-3465.5,-3386.4,-3344.75,-3317.7400000000002
38766,-3552.239990234375,126.3161392211914,100.65434265136719,111.95000239780971,-3552.239990234375,-3555.0,125.54664611816406,-3795.4,-3776.6,-3719.6,-3634.5,-3555.0,-3466.5,-3386.4,-3350.45,-3317.7400000000002
38857,-3556.89990234375,126.07512664794922,100.66015625,111.3276617867606,-3556.89990234375,-3569.5,126.33958435058594,-3815.24,-3776.6,-3719.6,-3637.25,-3569.5,-3468.75,-3386.4,-3359.55,-3317.7400000000002
38948,-3559.179931640625,125.87338256835938,100.70423126220703,110.71099853515625,-3559.179931640625,-3569.5,126.89250183105469,-3827.36,-3778.5,-3723.2,-3637.25,-3569.5,-3475.5,-3386.4,-3359.55,-3317.7400000000002
39039,-3560.33984375,125.6093521118164,100.67882537841797,110.09800284249442,-3560.340087890625,-3569.5,126.85812377929688,-3827.36,-3778.5,-3723.2,-3642.25,-3569.5,-3475.5,-3386.4,-3359.55,-3317.7400000000002
39130,-3562.579833984375,125.3424301147461,100.65999603271484,109.45579092843192,-3562.580078125,-3569.5,127.1517333984375,-3827.36,-3788.05,-3723.2,-3647.0,-3569.5,-3475.5,-3390.6,-3359.55,-3317.7400000000002
39221,-3565.219970703125,125.13291931152344,100.69126892089844,108.85700116838727,-3565.219970703125,-3569.5,127.1571044921875,-3827.36,-3788.05,-3723.2,-3650.75,-3569.5,-3481.75,-3390.8,-3359.55,-3317.7400000000002
39312,-3566.760009765625,124.86274719238281,100.6648178100586,108.25349862234933,-3566.760009765625,-3570.5,127.76995849609375,-3827.36,-3788.45,-3723.6,-3653.25,-3570.5,-3481.75,-3396.4,-3365.25,-3317.7400000000002
39403,-3568.47998046875,124.5824966430664,100.62438201904297,107.61972154889789,-3568.47998046875,-3570.5,127.24586486816406,-3827.52,-3788.45,-3723.6,-3654.5,-3570.5,-3481.75,-3396.6,-3365.25,-3330.7400000000002
39494,-3570.119873046875,124.3681411743164,100.62337493896484,107.0590329851423,-3570.1201171875,-3570.5,127.41415405273438,-3833.4,-3788.45,-3727.2,-3654.5,-3570.5,-3483.0,-3396.6,-3365.25,-3330.7400000000002
39585,-3573.159912109375,124.12663269042969,100.6352310180664,106.41751098632812,-3573.159912109375,-3579.5,126.69725036621094,-3833.4,-3788.45,-3729.2,-3654.5,-3579.5,-3490.5,-3404.6,-3365.25,-3330.7400000000002
39676,-3575.079833984375,123.91230773925781,100.6469497680664,105.7876968383789,-3575.080078125,-3579.5,126.810302734375,-3853.0,-3788.55,-3731.8,-3656.75,-3579.5,-3490.5,-3404.6,-3373.55,-3330.7400000000002
39767,-3577.219970703125,123.70140838623047,100.68434143066406,105.131593976702,-3577.219970703125,-3582.0,126.87415313720703,-3853.0,-3788.55,-3743.4,-3656.75,-3582.0,-3490.5,-3404.6,-3377.35,-3330.7400000000002
39858,-3578.4599609375,123.43549346923828,100.65953063964844,104.45913587297711,-3578.4599609375,-3582.5,127.22770690917969,-3853.36,-3788.55,-3747.0,-3660.25,-3582.5,-3490.5,-3404.8,-3377.35,-3330.7400000000002
39949,-3580.4599609375,123.23690795898438,100.67540740966797,103.86099897112165,-3580.4599609375,-3584.5,126.62293243408203,-3853.36,-3788.55,-3747.2,-3660.25,-3584.5,-3490.5,-3404.8,-3377.4,-3330.94
40040,-3582.0,123.03217315673828,100.708740234375,103.2764870779855,-3582.0,-3584.5,126.01325225830078,-3853.36,-3788.55,-3747.2,-3660.25,-3584.5,-3492.0,-3415.6,-3385.7,-3330.94
40131,-3583.9599609375,122.78501892089844,100.68746948242188,102.64141191755023,-3583.9599609375,-3587.0,126.03610229492188,-3853.36,-3788.85,-3747.2,-3660.25,-3587.0,-3492.0,-3415.6,-3389.8,-3330.94
40222,-3586.93994140625,122.53832244873047,100.68649291992188,101.98465401785714,-3586.93994140625,-3587.0,125.74949645996094,-3853.48,-3789.0,-3747.2,-3660.75,-3587.0,-3493.25,-3417.0,-3390.0,-3347.66
40313,-3588.81982421875,122.29203796386719,100.67604064941406,101.36194719587054,-3588.820068359375,-3588.5,126.1119613647461,-3853.76,-3789.0,-3749.2,-3666.75,-3588.5,-3494.0,-3417.0,-3391.9,-3347.66
40404,-3590.739990234375,122.04248046875,100.67027282714844,100.70129721505302,-3590.739990234375,-3594.0,125.92169189453125,-3853.76,-3789.0,-3749.2,-3667.5,-3594.0,-3507.25,-3417.0,-3391.9,-3347.66
40495,-3592.659912109375,121.82421112060547,100.69271087646484,100.01461791992188,-3592.659912109375,-3600.0,126.20642852783203,-3853.76,-3804.2,-3759.0,-3669.25,-3600.0,-3509.5,-3421.5,-3396.75,-3347.66
40586,-3595.02001953125,121.55536651611328,100.6633529663086,99.37549700055804,-3595.02001953125,-3601.0,127.22051239013672,-3853.76,-3808.15,-3766.2,-3669.25,-3601.0,-3509.5,-3421.5,-3396.75,-3347.66
40677,-3596.760009765625,121.3723373413086,100.70614624023438,98.75924573625836,-3596.760009765625,-3601.0,127.40031433105469,-3854.04,-3811.6,-3766.2,-3669.25,-3601.0,-3512.25,-3421.7,-3396.75,-3347.66
40768,-3600.7998046875,121.14453125,100.69705963134766,98.15166691371373,-3600.800048828125,-3604.0,125.42670440673828,-3854.04,-3811.6,-3766.2,-3682.25,-3604.0,-3514.5,-3431.9,-3396.75,-3363.34
40859,-3602.419921875,120.94535064697266,100.72649383544922,97.51907239641461,-3602.419921875,-3607.5,124.83735656738281,-3854.04,-3819.2,-3766.2,-3682.25,-3607.5,-3514.5,-3431.9,-3403.65,-3363.34
40950,-3604.9599609375,120.70160675048828,100.7209243774414,96.85436030796596,-3604.9599609375,-3607.5,125.73201751708984,-3854.12,-3819.2,-3766.6,-3683.25,-3607.5,-3514.5,-3438.6,-3403.65,-3363.34
41041,-3606.579833984375,120.46347045898438,100.68749237060547,96.25869315011161,-3606.580078125,-3607.5,124.884765625,-3854.12,-3819.25,-3766.6,-3683.25,-3607.5,-3514.5,-3442.2,-3404.0,-3388.98
41132,-3608.47998046875,120.21490478515625,100.68592071533203,95.57830701555524,-3608.47998046875,-3607.5,124.41265869140625,-3854.12,-3819.6,-3766.6,-3683.25,-3607.5,-3526.5,-3442.8,-3415.4,-3388.98
41223,-3610.780029296875,120.04633331298828,100.7302017211914,94.99266052246094,-3610.780029296875,-3612.5,123.18608856201172,-3865.88,-3819.6,-3766.6,-3687.25,-3612.5,-3526.5,-3454.2999999999997,-3415.4,-3389.5
41314,-3613.219970703125,119.77326202392578,100.67304229736328,94.33316693987165,-3613.219970703125,-3614.0,124.6226806640625,-3885.48,-3819.8,-3781.2,-3687.25,-3614.0,-3526.5,-3454.2999999999997,-3415.45,-3389.5
41405,-3615.33984375,119.60128784179688,100.71000671386719,93.70785195486886,-3615.340087890625,-3614.0,125.25167846679688,-3885.48,-3821.85,-3783.4,-3687.5,-3614.0,-3531.25,-3454.2999999999997,-3415.45,-3389.5
41496,-3617.239990234375,119.39026641845703,100.73509979248047,93.07790810721261,-3617.239990234375,-3614.0,125.52227783203125,-3885.52,-3821.85,-3791.4,-3687.5,-3614.0,-3531.25,-3454.2999999999997,-3415.75,-3389.5
41587,-3618.52001953125,119.2094497680664,100.76912689208984,92.45870099748883,-3618.52001953125,-3615.5,125.1772689819336,-3885.52,-3821.85,-3791.4,-3687.5,-3615.5,-3537.25,-3465.1,-3415.85,-3389.5
41678,-3620.2998046875,119.01979064941406,100.80009460449219,91.85058157784599,-3620.300048828125,-3616.5,125.3520278930664,-3885.52,-3821.85,-3791.4,-3689.0,-3616.5,-3537.25,-3465.9,-3421.55,-3389.5
41769,-3622.5400390625,118.80093383789062,100.80492401123047,91.21156964983258,-3622.5400390625,-3621.5,125.12748718261719,-3885.52,-3821.85,-3795.9,-3692.0,-3621.5,-3537.25,-3468.8,-3421.55,-3389.5
41860,-3624.719970703125,118.53679656982422,100.76595306396484,90.5347660609654,-3624.719970703125,-3628.0,124.50389862060547,-3885.52,-3821.85,-3795.9,-3693.25,-3628.0,-3539.0,-3469.9,-3421.55,-3389.5
41951,-3626.659912109375,118.33047485351562,100.78085327148438,89.8876484462193,-3626.659912109375,-3628.0,123.98542022705078,-3885.96,-3821.85,-3797.7,-3693.25,-3628.0,-3541.0,-3469.9,-3421.55,-3389.5
42042,-3628.559814453125,118.07270050048828,100.75074768066406,89.24463871547154,-3628.56005859375,-3630.0,124.82430267333984,-3885.96,-3833.0,-3806.1,-3693.25,-3630.0,-3541.0,-3469.9,-3421.55,-3389.5
42133,-3630.39990234375,117.84465789794922,100.74342346191406,88.58116040910993,-3630.39990234375,-3634.5,124.67726135253906,-3885.96,-3833.0,-3806.3,-3693.25,-3634.5,-3549.0,-3469.9,-3421.55,-3389.5
42224,-3631.760009765625,117.67233276367188,100.79627227783203,87.9104995727539,-3631.760009765625,-3635.0,124.10850524902344,-3885.96,-3833.4,-3806.3,-3693.75,-3635.0,-3549.0,-3469.9,-3431.05,-3389.5
42315,-3633.059814453125,117.46331024169922,100.7890396118164,87.28468758719308,-3633.06005859375,-3635.0,124.46097564697266,-3885.96,-3833.4,-3806.7,-3693.75,-3635.0,-3549.0,-3469.9,-3431.05,-3389.5
42406,-3634.47998046875,117.22763061523438,100.74565124511719,86.68051038469586,-3634.47998046875,-3640.0,124.69927215576172,-3885.96,-3833.4,-3807.1,-3693.75,-3640.0,-3549.0,-3469.9,-3431.05,-3389.5
42497,-3635.4599609375,117.01078796386719,100.73452758789062,86.0709468296596,-3635.4599609375,-3640.0,124.73367309570312,-3889.88,-3835.3,-3807.1,-3694.5,-3640.0,-3553.5,-3469.9,-3431.05,-3389.5
42588,-3637.199951171875,116.79627227783203,100.73014831542969,85.39740317208427,-3637.199951171875,-3643.0,125.39513397216797,-3889.88,-3841.95,-3807.3,-3702.5,-3643.0,-3553.5,-3469.9,-3431.05,-3389.5
42679,-3638.119873046875,116.55717468261719,100.70455932617188,84.7109614780971,-3638.1201171875,-3643.0,124.74520111083984,-3889.88,-3841.95,-3807.3,-3702.5,-3643.0,-3558.75,-3469.9,-3438.75,-3389.5
42770,-3639.7998046875,116.35604095458984,100.71552276611328,84.02398572649274,-3639.800048828125,-3643.0,124.26495361328125,-3889.92,-3841.95,-3807.3,-3702.5,-3643.0,-3558.75,-3469.9,-3440.65,-3389.5
42861,-3641.059814453125,116.17557525634766,100.72747039794922,83.39662061418805,-3641.06005859375,-3643.0,124.25608825683594,-3889.92,-3841.95,-3807.5,-3703.0,-3643.0,-3558.75,-3483.5,-3440.65,-3389.5
42952,-3643.099853515625,115.94696807861328,100.69996643066406,82.75829424176898,-3643.10009765625,-3643.0,123.9568099975586,-3893.84,-3841.95,-3807.5,-3704.5,-3643.0,-3565.5,-3483.5,-3440.65,-3389.5
43043,-3644.52001953125,115.74002838134766,100.69796752929688,82.09901973179409,-3644.52001953125,-3643.0,124.1000747680664,-3893.84,-3841.95,-3807.5,-3707.75,-3643.0,-3565.5,-3488.0,-3440.65,-3389.5
43134,-3646.33984375,115.48006439208984,100.65763854980469,81.43380846296039,-3646.340087890625,-3644.5,124.20943450927734,-3894.16,-3846.7,-3807.5,-3712.25,-3644.5,-3567.0,-3490.9,-3441.6,-3401.26
43225,-3648.39990234375,115.27500915527344,100.66452026367188,80.74315970284599,-3648.39990234375,-3644.5,124.51561737060547,-3902.04,-3848.6,-3807.5,-3718.0,-3644.5,-3567.5,-3496.9,-3445.4,-3401.26
43316,-3649.89990234375,115.0288314819336,100.63788604736328,80.08863285609654,-3649.89990234375,-3646.0,124.6574935913086,-3907.92,-3848.6,-3807.7,-3718.0,-3646.0,-3567.5,-3496.9,-3445.4,-3401.26
43407,-3651.89990234375,114.83038330078125,100.65764617919922,79.4026598249163,-3651.89990234375,-3647.5,124.91120910644531,-3907.92,-3848.9,-3812.4,-3718.0,-3647.5,-3570.75,-3496.9,-3445.4,-3401.26
43498,-3653.280029296875,114.64712524414062,100.6681137084961,78.7475814819336,-3653.280029296875,-3647.5,125.00312042236328,-3907.96,-3866.1,-3812.4,-3718.75,-3647.5,-3570.75,-3496.9,-3450.75,-3401.26
43589,-3654.97998046875,114.50407409667969,100.72950744628906,78.08578491210938,-3654.97998046875,-3656.0,125.81438446044922,-3907.96,-3866.4,-3821.4,-3721.0,-3656.0,-3570.75,-3496.9,-3450.75,-3401.26
43680,-3656.97998046875,114.30801391601562,100.74409484863281,77.37562343052456,-3656.97998046875,-3658.0,126.66577911376953,-3913.84,-3875.65,-3823.2,-3721.0,-3658.0,-3576.75,-3496.9,-3450.85,-3401.26
43771,-3658.52001953125,114.08207702636719,100.73416900634766,76.66757420131138,-3658.52001953125,-3661.5,125.92644500732422,-3914.04,-3875.65,-3823.2,-3724.25,-3661.5,-3576.75,-3496.9,-3450.85,-3401.62
43862,-3659.47998046875,113.86569213867188,100.73416900634766,75.95897892543248,-3659.47998046875,-3661.5,125.39740753173828,-3914.08,-3875.65,-3823.2,-3724.25,-3661.5,-3576.75,-3496.9,-3453.85,-3401.62
43953,-3660.579833984375,113.65680694580078,100.716552734375,75.3101076398577,-3660.580078125,-3661.5,125.36588287353516,-3916.08,-3875.65,-3823.2,-3729.25,-3661.5,-3576.75,-3496.9,-3455.75,-3413.38
44044,-3661.5400390625,113.47098541259766,100.74158477783203,74.60829380580357,-3661.5400390625,-3661.5,125.3751449584961,-3916.08,-3875.65,-3823.2,-3729.25,-3661.5,-3576.75,-3496.9,-3461.45,-3413.38
44135,-3662.89990234375,113.2817611694336,100.72649383544922,73.99764796665737,-3662.89990234375,-3661.5,125.86457061767578,-3922.0,-3875.65,-3823.2,-3729.25,-3661.5,-3578.25,-3496.9,-3461.5,-3413.38
44226,-3665.719970703125,113.1157455444336,100.74153900146484,73.31370217459542,-3665.719970703125,-3666.0,125.12225341796875,-3926.04,-3875.65,-3823.2,-3736.5,-3666.0,-3580.5,-3512.2999999999997,-3472.0,-3413.38
44317,-3667.3798828125,113.00389862060547,100.81748962402344,72.657956804548,-3667.3798828125,-3666.0,125.4371337890625,-3926.04,-3878.5,-3823.2,-3739.0,-3666.0,-3580.5,-3512.2999999999997,-3472.0,-3413.38
44408,-3669.3798828125,112.8014907836914,100.82732391357422,71.91962650844029,-3669.3798828125,-3671.0,124.59580993652344,-3926.08,-3878.5,-3823.2,-3742.0,-3671.0,-3585.5,-3520.2999999999997,-3472.0,-3413.38
44499,-3671.159912109375,112.62268829345703,100.82292175292969,71.26912798200335,-3671.159912109375,-3671.0,124.2270278930664,-3926.12,-3880.4,-3823.2,-3746.75,-3671.0,-3585.5,-3520.2999999999997,-3472.0,-3413.38
44590,-3672.780029296875,112.4137191772461,100.81333923339844,70.575441632952,-3672.780029296875,-3674.0,123.95487213134766,-3926.12,-3880.4,-3824.0,-3746.75,-3674.0,-3590.0,-3520.2999999999997,-3472.0,-3413.38
44681,-3674.059814453125,112.24513244628906,100.83888244628906,69.84216199602399,-3674.06005859375,-3674.0,124.70451354980469,-3926.24,-3880.4,-3824.0,-3750.5,-3674.0,-3591.0,-3520.2999999999997,-3472.0,-3413.38
44772,-3675.419921875,112.09234619140625,100.89679718017578,69.10184478759766,-3675.419921875,-3678.0,125.12075805664062,-3926.36,-3893.05,-3824.0,-3750.5,-3678.0,-3591.0,-3520.5,-3473.9,-3413.38
44863,-3676.3798828125,111.94308471679688,100.96981811523438,68.33268192836216,-3676.3798828125,-3678.5,125.04973602294922,-3926.36,-3893.05,-3824.0,-3751.0,-3678.5,-3594.75,-3520.5,-3473.9,-3413.42
44954,-3677.659912109375,111.79318237304688,101.01848602294922,67.61836569649833,-3677.659912109375,-3678.5,124.52206420898438,-3926.36,-3893.05,-3824.0,-3751.0,-3678.5,-3596.0,-3520.5,-3483.5,-3413.42
45045,-3679.3798828125,111.558837890625,100.9903793334961,66.87160382952008,-3679.3798828125,-3680.0,124.8557357788086,-3926.36,-3893.45,-3832.3,-3754.25,-3680.0,-3596.0,-3520.5,-3483.5,-3413.66
45136,-3680.85986328125,111.4003677368164,101.02776336669922,66.15042986188617,-3680.860107421875,-3684.5,124.65824890136719,-3930.28,-3893.45,-3832.3,-3754.25,-3684.5,-3596.0,-3520.5,-3483.5,-3413.66
45227,-3682.059814453125,111.1530532836914,100.96068572998047,65.45691299438477,-3682.06005859375,-3685.0,124.29632568359375,-3930.28,-3893.45,-3835.0,-3754.5,-3685.0,-3599.25,-3520.5,-3483.5,-3425.42
45318,-3683.119873046875,111.02967071533203,101.02948760986328,64.74559129987445,-3683.1201171875,-3685.0,124.37445831298828,-3930.28,-3893.45,-3839.5,-3754.5,-3685.0,-3601.5,-3520.5,-3485.4,-3425.42
45409,-3684.239990234375,110.81831359863281,101.00949096679688,63.99934332711356,-3684.239990234375,-3688.5,124.58235168457031,-3934.2,-3893.55,-3844.0,-3754.5,-3688.5,-3601.5,-3520.5,-3485.4,-3425.42
45500,-3685.5400390625,110.71929931640625,101.09630584716797,63.270076751708984,-3685.5400390625,-3691.5,124.90784454345703,-3934.28,-3893.55,-3844.0,-3756.5,-3691.5,-3601.5,-3520.5,-3485.4,-3425.42
45591,-3686.199951171875,110.56713104248047,101.12516784667969,62.55962371826172,-3686.199951171875,-3693.0,124.93174743652344,-3934.28,-3893.65,-3845.8,-3756.5,-3693.0,-3602.75,-3520.5,-3485.4,-3425.42
45682,-3687.280029296875,110.34800720214844,101.09596252441406,61.83296530587332,-3687.280029296875,-3696.5,124.4656753540039,-3934.28,-3893.65,-3845.8,-3756.5,-3696.5,-3603.75,-3520.5,-3485.4,-3427.38
45773,-3689.619873046875,110.25146484375,101.19664001464844,61.06645475115095,-3689.6201171875,-3698.5,124.2659912109375,-3934.32,-3893.85,-3845.8,-3756.5,-3698.5,-3617.75,-3520.5,-3486.0,-3427.38
45864,-3690.559814453125,110.07914733886719,101.2068099975586,60.32935605730329,-3690.56005859375,-3698.5,124.448486328125,-3934.4,-3895.75,-3845.8,-3756.5,-3698.5,-3617.75,-3520.5,-3486.0,-3427.46
45955,-3691.619873046875,110.0097427368164,101.31969451904297,59.62696075439453,-3691.6201171875,-3698.5,124.62855529785156,-3934.48,-3903.35,-3845.8,-3759.0,-3698.5,-3619.5,-3520.5,-3489.8,-3429.42
46046,-3693.85986328125,109.83604431152344,101.32383728027344,58.877877371651785,-3693.860107421875,-3698.5,124.78461456298828,-3934.48,-3903.35,-3848.6,-3759.0,-3698.5,-3619.5,-3521.8,-3501.55,-3429.42
46137,-3695.31982421875,109.6893310546875,101.36483764648438,58.10336085728237,-3695.320068359375,-3698.5,124.62486267089844,-3936.48,-3905.45,-3849.0,-3763.25,-3698.5,-3619.5,-3521.8,-3501.55,-3443.38
46228,-3695.919921875,109.55816650390625,101.39659118652344,57.414415631975444,-3695.919921875,-3700.5,124.6273422241211,-3942.36,-3905.45,-3849.0,-3763.25,-3700.5,-3620.75,-3521.8,-3501.55,-3449.26
46319,-3697.3798828125,109.40705108642578,101.43688201904297,56.667082105364116,-3697.3798828125,-3703.0,124.94125366210938,-3954.12,-3905.95,-3853.5,-3764.75,-3703.0,-3625.25,-3521.8,-3501.55,-3449.26
46410,-3698.93994140625,109.25863647460938,101.47238159179688,55.91288103376116,-3698.93994140625,-3703.0,124.91411590576172,-3954.2,-3924.25,-3853.5,-3764.75,-3703.0,-3625.25,-3534.3999999999996,-3501.55,-3461.02
46501,-3700.31982421875,109.18212127685547,101.57743072509766,55.16161836896624,-3700.320068359375,-3704.5,124.55294799804688,-3954.2,-3929.15,-3853.5,-3764.75,-3704.5,-3626.25,-3534.3999999999996,-3501.75,-3470.82
46592,-3701.619873046875,109.16796112060547,101.72573852539062,54.435094015938894,-3701.6201171875,-3704.5,124.21929931640625,-3954.28,-3929.15,-3853.7,-3767.25,-3704.5,-3626.5,-3534.3999999999996,-3501.75,-3470.82
46683,-3702.579833984375,109.05013275146484,101.78178405761719,53.6440794808524,-3702.580078125,-3704.5,124.2967529296875,-3954.32,-3929.15,-3854.5,-3769.0,-3704.5,-3626.5,-3534.3999999999996,-3501.8,-3470.82
46774,-3703.260009765625,108.93132019042969,101.8231430053711,52.907864161900115,-3703.260009765625,-3706.5,124.42633056640625,-3954.32,-3929.3,-3854.5,-3772.5,-3706.5,-3626.75,-3534.3999999999996,-3501.8,-3470.82
46865,-3704.119873046875,108.8646240234375,101.9301528930664,52.14195087977818,-3704.1201171875,-3706.5,124.51026916503906,-3954.32,-3929.3,-3854.9,-3772.5,-3706.5,-3630.0,-3538.0,-3501.8,-3470.82
46956,-3705.159912109375,108.7756576538086,102.01498413085938,51.383354731968474,-3705.159912109375,-3706.5,125.11112213134766,-3954.44,-3929.3,-3857.6,-3772.5,-3706.5,-3630.0,-3538.0,-3501.8,-3470.82
47047,-3706.35986328125,108.68873596191406,102.09447479248047,50.5649539402553,-3706.360107421875,-3706.5,125.31675720214844,-3969.14,-3929.4,-3857.6,-3774.0,-3706.5,-3630.75,-3541.6,-3504.85,-3470.82
47138,-3707.35986328125,108.54645538330078,102.1264419555664,49.78424889700754,-3707.360107421875,-3706.5,125.09361267089844,-3969.14,-3929.4,-3857.6,-3774.0,-3706.5,-3632.75,-3542.1,-3509.6,-3470.82
47229,-3708.47998046875,108.46713256835938,102.22087860107422,48.99035917009626,-3708.47998046875,-3707.0,125.67540740966797,-3969.14,-3933.3,-3859.4,-3774.0,-3707.0,-3633.75,-3542.1,-3509.6,-3470.82
47320,-3709.31982421875,108.39488220214844,102.32008361816406,48.1731333051409,-3709.320068359375,-3707.0,125.73448181152344,-3969.14,-3933.3,-3868.4,-3774.0,-3707.0,-3633.75,-3548.3999999999996,-3509.6,-3470.82
47411,-3710.199951171875,108.29695892333984,102.38925170898438,47.3348514011928,-3710.199951171875,-3707.0,125.62651824951172,-3969.14,-3933.3,-3868.4,-3774.0,-3707.0,-3633.75,-3548.3999999999996,-3509.6,-3470.82
47502,-3711.39990234375,108.20758819580078,102.46747589111328,46.47019468035017,-3711.39990234375,-3707.0,126.49798583984375,-3969.14,-3933.3,-3900.0,-3774.0,-3707.0,-3636.75,-3548.3999999999996,-3509.6,-3470.86
47593,-3712.33984375,108.1484146118164,102.5757064819336,45.67102813720703,-3712.340087890625,-3709.0,126.06912231445312,-3969.14,-3933.3,-3900.0,-3774.0,-3709.0,-3636.75,-3548.3999999999996,-3510.0,-3470.94
47684,-3713.52001953125,108.04962158203125,102.65185546875,44.8305914742606,-3713.52001953125,-3709.0,125.5105972290039,-3969.14,-3933.3,-3900.0,-3774.0,-3709.0,-3637.75,-3549.0,-3510.0,-3471.1400000000003
47775,-3713.9599609375,107.85098266601562,102.63664245605469,44.00065612792969,-3713.9599609375,-3710.0,125.36737060546875,-3969.18,-3933.3,-3900.1,-3774.0,-3710.0,-3639.5,-3549.0,-3510.0,-3480.94
47866,-3714.760009765625,107.7058334350586,102.66374206542969,43.04490334647043,-3714.760009765625,-3710.0,125.22572326660156,-3969.18,-3933.3,-3900.1,-3774.0,-3710.0,-3639.5,-3549.0,-3510.0,-3480.94
47957,-3715.419921875,107.65550994873047,102.78527069091797,42.187577383858816,-3715.419921875,-3710.0,125.11515808105469,-3969.18,-3933.4,-3900.4,-3774.0,-3710.0,-3639.5,-3549.0,-3512.85,-3480.94
48048,-3716.539794921875,107.61744689941406,102.9138412475586,41.29205158778599,-3716.5400390625,-3714.0,124.93121337890625,-3969.18,-3933.4,-3900.4,-3774.5,-3714.0,-3640.0,-3549.0,-3512.85,-3488.86
48139,-3717.739990234375,107.57947540283203,103.0396957397461,40.40811702183315,-3717.739990234375,-3718.0,124.94988250732422,-3971.14,-3933.4,-3900.4,-3774.75,-3718.0,-3643.75,-3549.0,-3512.85,-3488.86
48230,-3718.85986328125,107.56904602050781,103.21466064453125,39.464212145124165,-3718.860107421875,-3719.0,125.25190734863281,-3977.02,-3933.4,-3900.8,-3776.25,-3719.0,-3644.0,-3549.0,-3512.85,-3488.86
48321,-3719.419921875,107.5664291381836,103.37543487548828,38.51719720023019,-3719.419921875,-3721.0,125.21902465820312,-3977.02,-3933.4,-3900.8,-3776.25,-3721.0,-3647.0,-3549.0,-3514.75,-3488.86
48412,-3719.739990234375,107.47111511230469,103.44857025146484,37.623634338378906,-3719.739990234375,-3721.0,125.3722152709961,-3977.06,-3935.3,-3901.0,-3777.25,-3721.0,-3647.0,-3549.0,-3514.75,-3488.86
48503,-3720.39990234375,107.40496063232422,103.52647399902344,36.786046164376394,-3720.39990234375,-3721.0,125.37775421142578,-3977.1,-3935.3,-3901.0,-3777.25,-3721.0,-3647.0,-3549.0,-3514.85,-3488.9
48594,-3721.419921875,107.32432556152344,103.60737609863281,35.84299904959543,-3721.419921875,-3721.0,124.97169494628906,-3982.98,-3935.3,-3901.0,-3777.25,-3721.0,-3647.0,-3549.3999999999996,-3519.75,-3494.82
48685,-3722.539794921875,107.314208984375,103.77593994140625,34.837673732212615,-3722.5400390625,-3724.0,124.93009948730469,-3984.94,-3935.3,-3901.2,-3777.25,-3724.0,-3651.75,-3549.3999999999996,-3523.55,-3494.82
48776,-3723.239990234375,107.31476593017578,103.93596649169922,33.85363524300711,-3723.239990234375,-3727.0,124.76971435546875,-3984.94,-3935.3,-3901.2,-3781.25,-3727.0,-3651.75,-3550.2,-3523.55,-3494.82
48867,-3724.059814453125,107.35253143310547,104.12757110595703,32.910102299281526,-3724.06005859375,-3727.0,124.72376251220703,-3984.94,-3935.3,-3901.4,-3782.5,-3727.0,-3651.75,-3550.2,-3523.55,-3494.82
48958,-3724.619873046875,107.299072265625,104.21269226074219,31.97914559500558,-3724.6201171875,-3727.0,124.81231689453125,-3984.94,-3939.1,-3901.4,-3782.5,-3727.0,-3652.25,-3550.2,-3523.55,-3494.9
49049,-3725.539794921875,107.41439819335938,104.49983978271484,30.895263399396622,-3725.5400390625,-3728.0,124.96226501464844,-3984.94,-3941.2,-3901.4,-3783.25,-3728.0,-3653.75,-3550.2,-3523.55,-3496.86
49140,-3726.52001953125,107.36544799804688,104.61125946044922,29.809410640171595,-3726.52001953125,-3728.0,125.156982421875,-3990.82,-3941.2,-3901.4,-3783.25,-3728.0,-3654.0,-3550.2,-3523.55,-3496.86
49231,-3727.079833984375,107.56982421875,104.96713256835938,28.83863067626953,-3727.080078125,-3731.0,125.15819549560547,-3990.82,-3941.2,-3901.4,-3784.0,-3731.0,-3654.0,-3550.2,-3523.55,-3496.86
49322,-3727.719970703125,107.56180572509766,105.10663604736328,27.79965455191476,-3727.719970703125,-3731.0,125.00537109375,-3990.82,-3945.0,-3901.4,-3784.5,-3731.0,-3654.0,-3550.2,-3523.55,-3504.7000000000003
49413,-3728.35986328125,107.65363311767578,105.3808364868164,26.622103009905135,-3728.360107421875,-3733.0,124.91873168945312,-3990.82,-3945.0,-3901.4,-3785.0,-3733.0,-3655.75,-3550.2,-3523.55,-3504.7000000000003
49504,-3729.059814453125,107.80587768554688,105.6854476928711,25.41908863612584,-3729.06005859375,-3733.0,124.62750244140625,-3990.82,-3945.2,-3901.4,-3787.0,-3733.0,-3655.75,-3557.3999999999996,-3523.55,-3504.7000000000003
49595,-3729.679931640625,108.02986907958984,106.0656509399414,24.32598795209612,-3729.679931640625,-3734.0,124.42636108398438,-3990.82,-3945.2,-3901.4,-3790.0,-3734.0,-3659.25,-3557.3999999999996,-3523.95,-3504.7000000000003
49686,-3730.159912109375,108.21991729736328,106.40292358398438,23.14197894505092,-3730.159912109375,-3735.0,124.75910186767578,-4002.58,-3945.2,-3901.4,-3790.0,-3735.0,-3659.25,-3557.3999999999996,-3523.95,-3504.7000000000003
49777,-3730.679931640625,108.70162963867188,107.02985382080078,22.038401739937918,-3730.679931640625,-3735.0,124.60769653320312,-4002.58,-3945.2,-3901.4,-3790.0,-3735.0,-3659.25,-3558.1,-3523.95,-3504.7000000000003
49868,-3731.239990234375,109.12948608398438,107.61625671386719,20.820125034877233,-3731.239990234375,-3735.0,124.4994888305664,-4002.58,-3945.2,-3901.4,-3790.25,-3735.0,-3659.25,-3558.1,-3523.95,-3504.7000000000003
49959,-3731.43994140625,109.3135986328125,107.96312713623047,19.564023971557617,-3731.43994140625,-3735.0,124.52432250976562,-4002.62,-3945.2,-3901.4,-3790.25,-3735.0,-3659.25,-3558.1,-3523.95,-3504.7000000000003
