512 2 3
0
27
420
1
152
440
2
168
471
3
68
353
4
234
408
5
154
278
6
218
510
7
59
322
8
64
121
9
235
280
10
176
274
11
409
467
12
75
124
5
13
345
14
76
477
15
30
106
16
359
415
17
19
302
18
212
379
19
268
453
20
37
432
21
371
463
22
107
193
10
23
241
24
213
239
25
394
489
26
258
340
27
65
111
28
367
377
29
63
173
30
271
387
31
77
310
32
159
433
33
59
286
25
34
450
35
165
456
36
297
509
37
218
392
31
38
420
39
122
361
40
192
426
41
75
264
42
365
430
43
149
496
44
117
382
45
58
343
46
53
281
47
120
247
48
206
246
20
49
59
22
50
52
51
403
450
10
52
357
53
69
509
54
340
431
55
64
331
56
209
284
57
266
401
9
58
334
59
403
410
60
257
458
2
61
173
62
64
151
63
317
422
64
155
257
65
221
386
66
141
311
67
131
440
68
118
230
69
134
443
70
195
475
71
140
355
72
228
427
73
108
178
74
98
150
26
75
400
35
76
505
77
269
318
78
184
240
11
79
311
80
303
476
81
262
279
82
97
173
83
161
397
84
397
492
85
144
504
86
387
456
87
260
365
88
96
97
89
429
480
90
345
489
5
91
132
37
92
262
93
197
322
41
94
390
95
354
503
30
96
343
97
261
350
75
98
479
1
99
314
100
231
429
101
203
368
102
268
407
64
103
430
104
125
174
105
194
475
106
236
271
107
164
448
108
115
360
109
164
487
68
110
239
111
153
462
40
112
329
68
113
421
114
211
226
115
280
421
116
447
477
117
409
456
118
142
180
39
51
119
100
120
489
121
166
221
43
122
417
123
144
278
67
124
492
125
210
319
126
241
380
127
128
239
128
262
268
129
262
342
130
190
267
131
184
508
103
132
294
133
291
418
122
134
137
62
135
275
136
166
256
137
147
489
138
195
267
139
141
246
140
255
498
141
152
511
142
160
262
143
244
437
144
216
283
145
307
347
146
412
503
76
147
452
148
247
275
57
149
506
132
150
367
151
157
501
152
402
426
17
153
233
154
414
471
41
155
183
27
156
281
3
157
352
69
158
426
89
159
183
160
231
332
83
95
161
162
174
209
163
305
323
124
164
308
86
155
165
140
166
317
164
167
265
168
332
344
21
58
169
170
314
498
84
171
188
48
172
204
131
173
298
174
188
442
53
146
175
176
222
483
177
398
485
8
178
194
179
197
367
180
215
423
6
181
380
182
211
272
169
183
279
141
184
490
185
321
404
186
402
432
16
187
265
86
112
188
164
189
206
190
282
462
121
137
191
14
192
333
193
361
481
194
277
452
195
372
443
196
352
380
65
197
491
84
148
198
199
329
466
185
200
249
50
71
201
202
313
491
52
203
325
204
243
287
168
205
444
167
206
217
207
266
287
80
208
270
209
423
456
55
94
210
178
211
286
30
212
383
75
130
213
42
156
214
209
215
438
216
289
488
144
217
281
218
346
469
121
164
219
220
288
394
183
221
342
222
244
472
147
195
223
173
224
354
16
225
404
133
226
403
227
294
455
13
228
277
164
229
376
60
148
230
231
272
353
197
232
271
201
233
292
42
234
423
235
445
473
236
256
452
237
298
413
48
235
238
239
338
499
200
240
455
241
242
272
98
242
322
236
243
411
244
265
283
245
247
263
61
246
390
99
247
248
83
248
305
74
193
249
151
225
250
15
95
251
20
126
252
35
253
407
174
193
254
30
255
359
256
328
475
254
257
480
199
258
305
181
198
259
260
266
451
34
261
450
262
432
489
111
206
263
263
264
470
265
336
431
11
18
266
122
158
267
2
268
388
4
269
332
225
270
499
271
395
498
160
272
416
273
302
444
274
311
443
97
275
378
174
276
340
23
277
311
137
278
446
13
279
507
251
280
321
281
391
461
40
282
309
22
102
283
217
284
420
213
285
495
3
286
342
13
103
287
39
174
288
289
450
503
234
290
336
118
291
297
179
292
485
293
326
410
34
294
473
277
295
430
40
153
296
106
297
431
252
298
486
200
283
299
34
300
391
301
347
405
302
306
337
217
303
510
64
95
304
69
305
336
306
389
429
7
267
307
192
308
394
309
331
502
100
310
386
219
294
311
82
301
312
200
313
338
314
481
501
315
388
489
228
316
385
181
317
487
318
332
435
35
148
319
79
107
320
290
321
464
117
322
452
317
323
430
324
446
457
17
105
325
282
326
386
218
327
471
328
430
504
329
376
468
330
350
458
148
202
331
311
332
409
146
333
405
98
325
334
175
335
400
246
336
476
163
293
337
195
338
341
7
339
491
62
116
340
122
341
427
89
342
458
132
343
442
11
344
364
159
261
345
27
346
474
218
347
383
14
147
348
349
369
497
215
350
506
175
351
381
207
352
449
161
275
353
151
354
367
355
415
511
7
52
356
48
196
357
262
358
495
77
126
359
117
360
475
284
330
361
193
275
362
24
170
363
263
351
364
173
363
365
324
366
436
113
165
367
31
368
383
67
369
506
135
197
370
232
245
371
296
354
372
85
373
434
190
224
374
267
375
502
376
413
500
119
186
377
340
378
447
336
371
379
84
346
380
76
348
381
59
359
382
200
381
383
52
278
384
352
385
447
59
386
470
292
346
387
29
78
388
160
389
419
62
390
466
206
261
391
92
220
392
23
40
393
1
295
394
95
374
395
29
90
396
289
345
397
160
299
398
22
299
399
140
219
400
302
317
401
234
323
402
246
320
403
324
374
404
105
405
444
328
406
492
102
104
407
88
408
420
65
384
409
72
287
410
82
170
411
8
378
412
87
309
413
123
302
414
75
324
415
15
416
461
377
417
443
277
360
418
78
106
419
120
420
449
57
410
421
37
41
422
105
278
423
141
199
424
181
331
425
272
426
494
162
224
427
231
337
428
85
394
429
130
169
430
182
224
431
8
251
432
78
304
433
198
351
434
44
435
502
36
341
436
220
287
437
27
249
438
309
338
439
238
440
503
152
301
441
442
483
508
22
86
443
419
444
475
48
77
445
274
333
446
33
405
447
80
209
448
14
68
449
125
282
450
208
414
451
17
206
452
64
329
453
263
341
454
68
455
480
80
170
456
140
217
457
259
391
458
212
434
459
3
136
460
264
370
461
354
413
462
255
463
471
148
358
464
94
261
465
124
417
466
118
123
467
19
463
468
121
367
469
65
255
470
80
98
471
20
221
472
43
473
486
42
216
474
49
176
475
248
270
476
120
409
477
261
348
478
356
428
479
251
279
480
363
417
481
145
217
482
51
215
483
144
205
484
66
99
485
93
268
486
255
267
487
107
288
488
41
205
489
206
490
496
304
370
491
196
359
492
109
473
493
115
174
494
163
290
495
29
445
496
318
475
497
457
498
507
55
204
499
238
500
501
51
208
501
106
252
502
30
503
504
125
257
504
64
208
505
51
450
506
363
466
507
181
394
508
37
360
509
37
379
510
25
377
511
0.9300177097320557
0.3169636130332947
0.7125047445297241
0.29710853099823
0.2677648067474365
0.9293341636657715
0.41993364691734314
0.4864014685153961
0.7131378650665283
0.9921042919158936
0.5612979531288147
0.708234429359436
0.7723166346549988
0.2547023296356201
0.19624240696430206
0.7949962615966797
0.3464198708534241
0.5188469886779785
0.7362263798713684
0.8183247447013855
0.8916165232658386
0.9206967949867249
0.042569469660520554
0.26308730244636536
0.25336453318595886
0.7027547955513
0.3255718946456909
0.8584694862365723
0.2243770956993103
0.7639464735984802
0.47179096937179565
0.27654868364334106
0.4100617468357086
0.3301178812980652
0.3673902153968811
0.8065111637115479
0.9604175686836243
0.8761136531829834
0.8397601842880249
0.24552272260189056
0.8085766434669495
0.015913212671875954
0.9020790457725525
0.5932334065437317
0.2616703510284424
0.44322827458381653
0.27592116594314575
0.7747975587844849
0.9290253520011902
0.4230569899082184
0.26794159412384033
0.9352099299430847
0.9399306774139404
0.5319393873214722
0.8183943629264832
0.07597612589597702
0.3311094641685486
0.3953859806060791
0.8409655690193176
0.6934363842010498
0.9700852632522583
0.411144495010376
0.24118639528751373
0.1240791529417038
0.5644121170043945
0.29479122161865234
0.03209785372018814
0.24185289442539215
0.7071384787559509
0.35872960090637207
0.08004985004663467
0.4703320860862732
0.9936798214912415
0.9006800055503845
0.37355750799179077
0.9619573354721069
0.1339050978422165
0.38664430379867554
0.26586222648620605
0.5325140953063965
0.06913799792528152
0.18470066785812378
0.050988852977752686
0.13949957489967346
0.7369031310081482
0.304171621799469
0.6645196080207825
0.8460161089897156
0.18429474532604218
0.8147047162055969
0.6820991635322571
0.09732227027416229
0.08514922857284546
0.5322791337966919
0.8788295388221741
0.2585800886154175
0.82979816198349
0.6203478574752808
0.31333643198013306
0.7735716700553894
0.4503454566001892
0.3878995180130005
0.6282188892364502
0.752224326133728
0.7933314442634583
0.683387279510498
0.4903714060783386
0.27010250091552734
0.6371853351593018
0.17623519897460938
0.7275859117507935
0.23484966158866882
0.24684885144233704
0.5589678883552551
0.2740573287010193
0.11706899851560593
0.5651490688323975
0.9390234351158142
0.053199686110019684
0.4300936162471771
0.2677455246448517
0.054622020572423935
0.8539853692054749
0.9483241438865662
0.2339932769536972
0.3559044301509857
0.6221673488616943
0.07567237317562103
0.28459858894348145
0.5519058108329773
0.6232526898384094
0.6253322958946228
0.8727543950080872
0.5233306288719177
0.09477894753217697
0.43941524624824524
0.08495853841304779
0.20839038491249084
0.24384956061840057
0.6664171814918518
0.9975757598876953
0.9237900376319885
0.13059073686599731
0.7673504948616028
0.2232702672481537
0.9786795973777771
0.5659816265106201
0.36042046546936035
0.8903071880340576
0.6032329797744751
0.10430431365966797
0.4107138216495514
0.2972099184989929
0.3959430754184723
0.6955291628837585
0.5039927363395691
0.06615916639566422
0.11882265657186508
0.6604469418525696
0.6356759667396545
0.5115072727203369
0.6544632911682129
0.4707695543766022
0.06736139208078384
0.5569337606430054
0.33850958943367004
0.8432623147964478
0.13436610996723175
0.18520566821098328
0.7677288055419922
0.09049969911575317
0.5512482523918152
0.8351075053215027
0.3176593780517578
0.41934138536453247
0.9830970764160156
0.14572478830814362
0.8612152934074402
0.5956960320472717
0.5082345604896545
0.36439743638038635
0.6062764525413513
0.17067503929138184
0.8779584765434265
0.5212334394454956
0.13360556960105896
0.9987536668777466
0.1834481805562973
0.7478356957435608
0.05180646851658821
0.23360981047153473
0.6504847407341003
0.604267954826355
0.633499801158905
0.17166869342327118
0.22733718156814575
0.733214259147644
0.2122659832239151
0.6276203989982605
0.7699201703071594
0.46257758140563965
0.33676689863204956
0.12240292876958847
0.3687751591205597
0.040829867124557495
0.44079241156578064
0.6245196461677551
0.259853720664978
0.6444013714790344
0.8749389052391052
0.7008219361305237
0.4684605002403259
0.7646455764770508
0.4510411322116852
0.05013908073306084
0.08090641349554062
0.4882879853248596
0.9722077250480652
0.8861050605773926
0.4666776955127716
0.06795403361320496
0.6450657248497009
0.4371563196182251
0.28715020418167114
0.8442471623420715
0.7461954355239868
0.23545506596565247
0.27772533893585205
0.8090898990631104
0.5690160393714905
0.8444952964782715
0.5207298398017883
0.07553403824567795
0.08199205249547958
0.37759819626808167
0.03235793858766556
0.20752748847007751
0.06604119390249252
0.8655828237533569
0.6200852394104004
0.6438488960266113
0.745887041091919
0.24226152896881104
0.045148421078920364
0.4061541259288788
0.6447566747665405
0.5457074046134949
0.7760562896728516
0.8201155066490173
0.16895604133605957
0.09497770667076111
0.33736708760261536
0.2485380470752716
0.6570883393287659
0.98862624168396
0.6124809980392456
0.001425933907739818
0.5275906324386597
0.4374043047428131
0.3273419141769409
0.23012487590312958
0.05189582705497742
0.3945069909095764
0.7222726345062256
0.5534957647323608
0.14597070217132568
0.3495739996433258
0.553806722164154
0.6383192539215088
0.07651329040527344
0.8788067102432251
0.5934703350067139
0.836786150932312
0.317900687456131
0.4770388603210449
0.7845342755317688
0.6810370683670044
0.009370079264044762
0.44772157073020935
0.6388516426086426
0.9050273299217224
0.4238375723361969
0.697821319103241
0.4571523070335388
0.3987553119659424
0.5571164488792419
0.8649070262908936
0.1129671037197113
0.5159792900085449
0.37478435039520264
0.1163974329829216
0.4146641492843628
0.4276186525821686
0.05054859817028046
0.7543845176696777
0.7341193556785583
0.042591869831085205
0.3420290946960449
0.6157428026199341
0.03995543345808983
0.5260591506958008
0.7880125045776367
0.5044345855712891
0.3686310946941376
0.07195153087377548
0.12531310319900513
0.9963253140449524
0.7650595903396606
0.775370717048645
0.8481897711753845
0.031879328191280365
0.9926872849464417
0.3806426227092743
0.35226666927337646
0.25457456707954407
0.9557706713676453
0.023707300424575806
0.3566758632659912
0.5904917120933533
0.5300728678703308
0.132431298494339
0.6428459882736206
0.876420259475708
0.04631918668746948
0.7054497003555298
0.2915180027484894
0.015615358017385006
0.8514561057090759
0.13039621710777283
0.8808048367500305
0.8817211389541626
0.5570592880249023
0.11966893076896667
0.47823259234428406
0.14589396119117737
0.668392539024353
0.5147171020507812
0.7642126679420471
0.5235961079597473
0.22403375804424286
0.4232555329799652
0.5365869998931885
0.8712681531906128
0.9780712723731995
0.597509503364563
0.19871464371681213
0.39093801379203796
0.7882760167121887
0.9209170341491699
0.05907640978693962
0.5166259407997131
0.05558471754193306
0.6930446624755859
0.5832735896110535
0.43277353048324585
0.5352725982666016
0.7376506924629211
0.43710920214653015
0.06713534891605377
0.3507504463195801
0.725376546382904
0.7073656916618347
0.40562912821769714
0.099307581782341
0.21568894386291504
0.40502190589904785
0.12235615402460098
0.35569778084754944
0.06390662491321564
0.8550940752029419
0.11091143637895584
0.5505692958831787
0.5247737765312195
0.04854242503643036
0.2877173125743866
0.016361242160201073
0.19784201681613922
0.42180970311164856
0.5897627472877502
0.2946183979511261
0.6190410256385803
0.24707096815109253
0.8894516825675964
0.7022286653518677
0.8041050434112549
0.8593011498451233
0.36290422081947327
0.42654159665107727
0.2026376873254776
0.5486241579055786
0.4616076648235321
0.9320624470710754
0.29843226075172424
0.7248827815055847
0.8820905685424805
0.785251796245575
0.7838517427444458
0.4577472507953644
0.2479265183210373
0.4153636693954468
0.2769925594329834
0.5235756039619446
0.8248321413993835
0.37903302907943726
0.3698955774307251
0.19722554087638855
0.18547137081623077
0.7569569945335388
0.04024405777454376
0.09204582870006561
0.20139633119106293
0.5351185202598572
0.49077680706977844
0.631837010383606
0.797444224357605
0.7038794755935669
0.2594904899597168
0.9568987488746643
0.7652550935745239
0.9109854698181152
0.8905119299888611
0.720893144607544
0.6657232642173767
0.030982058495283127
0.13652008771896362
0.6335282921791077
0.7418940663337708
0.17253024876117706
0.4331786036491394
0.18581052124500275
0.2865801751613617
0.13997703790664673
0.7157547473907471
0.6218168139457703
0.7035355567932129
0.2600300908088684
0.007810043636709452
0.21130989491939545
0.20978260040283203
0.10791133344173431
0.6388067007064819
0.0591893196105957
0.47525718808174133
0.49198660254478455
0.4682390093803406
0.15112459659576416
0.5373368263244629
0.5945872664451599
0.06545950472354889
0.7479763627052307
0.5077223181724548
0.2673003375530243
0.33759620785713196
0.8734133839607239
0.02037724107503891
0.9412448406219482
0.9256123304367065
0.895736038684845
0.610220193862915
0.5561096668243408
0.63811194896698
0.386005163192749
0.7050509452819824
0.7052636742591858
0.9128507971763611
0.01088133454322815
0.0807771384716034
0.36445629596710205
0.6670271158218384
0.02706446498632431
0.17545966804027557
0.6681084036827087
0.38887766003608704
0.9609294533729553
0.8579981327056885
0.017277827486395836
0.2255948781967163
0.29580530524253845
0.1746656447649002
0.12054456025362015
0.2938557267189026
0.4747392237186432
0.9039663672447205
0.9729973077774048
0.8601864576339722
0.44232377409935
0.2328682541847229
0.7065559029579163
0.9486066699028015
0.3057384490966797
0.06788607686758041
0.25320544838905334
0.5633929371833801
0.7616063356399536
0.4489956796169281
0.09995818883180618
0.08473202586174011
0.3963158130645752
0.35006123781204224
0.07438197731971741
0.32664796710014343
0.48803430795669556
0.30861395597457886
0.9165778756141663
0.10881252586841583
0.8128843307495117
0.44708144664764404
0.7696398496627808
0.47720837593078613
0.36881065368652344
0.0888480618596077
0.6509997248649597
0.3653184771537781
0.3932112455368042
0.7697349190711975
0.71881103515625
0.5496057271957397
0.40241050720214844
0.9650367498397827
0.9820131659507751
0.11788985133171082
0.14748306572437286
0.22946876287460327
0.7306815981864929
0.5403493642807007
0.2711353898048401
0.5027025938034058
0.1622103899717331
0.9980284571647644
0.6071186661720276
0.10830461233854294
0.5650376081466675
0.8971586227416992
0.6532323956489563
0.18730668723583221
0.5779283046722412
0.6841328740119934
0.7332213521003723
0.2750532031059265
0.9117457866668701
0.6163610816001892
0.5952814817428589
0.07686564326286316
0.3267638385295868
0.1674928218126297
0.1452052742242813
0.9152951240539551
0.9251874089241028
0.6245239973068237
0.837848424911499
0.043596815317869186
0.8107575178146362
0.2634875476360321
0.524294912815094
0.30840373039245605
0.28391605615615845
0.0030843985732644796
0.4992572069168091
0.21381105482578278
0.5680822730064392
0.4723838269710541
0.7793708443641663
0.678516685962677
0.4355885088443756
0.6109420657157898
0.23424355685710907
0.5598921775817871
0.4795494079589844
0.812576174736023
0.26744475960731506
0.4814969301223755
0.1759190559387207
0.06808556616306305
0.10192268341779709
0.9981647729873657
0.006106350105255842
0.2323237508535385
0.6834898591041565
0.6280484199523926
0.09373120218515396
0.4070892333984375
0.40334412455558777
0.6035948991775513
0.5571052432060242
0.5749995708465576
0.856643557548523
0.6828896999359131
0.8566011190414429
0.24309907853603363
0.09426771849393845
0.9064891338348389
0.9209563732147217
0.7275660634040833
0.6387515664100647
0.800270676612854
0.4821315109729767
0.03105572983622551
0.5000811815261841
0.717579185962677
0.6495758295059204
0.7074204683303833
0.7048364877700806
0.2332702875137329
0.6119125485420227
0.8584117889404297
0.5286213159561157
0.8513835072517395
0.04800644516944885
0.5807232856750488
0.7749196290969849
0.9740037322044373
0.3977811336517334
0.427615761756897
0.4450663924217224
0.3376442790031433
0.6936601400375366
0.7175222635269165
0.9197686910629272
0.8926184773445129
0.3913956582546234
0.8299219012260437
0.6045995950698853
0.25283434987068176
0.3071015775203705
0.4474310278892517
0.2683854103088379
0.7364664077758789
0.12184224277734756
0.5335432291030884
0.3759169578552246
0.5995698571205139
0.9105710983276367
0.8876321315765381
0.9362431764602661
0.006527605466544628
0.9912532567977905
0.17802253365516663
0.30776798725128174
0.3706434667110443
0.19316919147968292
0.5303930640220642
0.5120583176612854
0.8252211213111877
0.00449632853269577
0.9783178567886353
0.7557352781295776
0.8356401920318604
0.817279577255249
0.6484523415565491
0.7635524868965149
0.43851110339164734
0.21247367560863495
0.32398128509521484
0.1632757931947708
0.44600909948349
0.4025687277317047
0.35775426030158997
0.5965577363967896
0.2979874312877655
0.6179293990135193
0.46853768825531006
0.035608869045972824
0.5775954127311707
0.9419105052947998
0.3748509883880615
0.8922036290168762
0.38675716519355774
0.7794506549835205
0.7777947187423706
0.5693658590316772
0.8052663207054138
0.07527071982622147
0.29925236105918884
0.42193418741226196
0.9954645037651062
0.9841563701629639
0.6616269946098328
0.7915269136428833
0.11412272602319717
0.3555533289909363
0.9035055637359619
0.15868188440799713
0.697981595993042
0.8483893871307373
0.33382830023765564
0.11345233768224716
0.31414827704429626
0.04864581674337387
0.8031139373779297
0.655424177646637
0.6232362985610962
0.9152457118034363
0.2274426370859146
0.862551748752594
0.5434113144874573
0.992107093334198
0.4137914180755615
0.6918948292732239
0.20276643335819244
0.26979100704193115
0.8812140822410583
0.5035368800163269
0.2569728493690491
0.49326810240745544
0.9673168659210205
0.775058388710022
0.847707986831665
0.23954160511493683
0.9466410875320435
0.7512897253036499
0.6350302696228027
0.45278745889663696
0.7472792863845825
0.805936872959137
0.9082276225090027
0.25404608249664307
0.6469927430152893
0.9840172529220581
0.6968322992324829
0.33290478587150574
0.5154327750205994
0.7861384749412537
0.276799738407135
0.6871627569198608
0.6619061231613159
0.6978495717048645
0.9445010423660278
0.8470396399497986
0.1041448563337326
0.10678867995738983
0.5894229412078857
0.04254821687936783
0.07946908473968506
0.3705301880836487
0.35761362314224243
0.17492881417274475
0.7795218825340271
0.6810637712478638
0.8837634325027466
0.41352608799934387
0.3521927297115326
0.11480170488357544
0.42224326729774475
0.08788856118917465
0.7421204447746277
0.3750403821468353
0.08457278460264206
0.7777199149131775
0.6881036162376404
0.2005508840084076
0.3010599613189697
0.9064618349075317
0.7226048707962036
0.057436659932136536
0.5289720296859741
0.3368222415447235
0.3967205882072449
0.4424048364162445
0.18909749388694763
0.5776561498641968
0.3322867453098297
0.4283270835876465
0.9794771075248718
0.9701126217842102
0.7293422222137451
0.17319256067276
0.8339365124702454
0.5723337531089783
0.731358528137207
0.6460756063461304
0.4123208820819855
0.16825830936431885
0.04709264263510704
0.9027631282806396
0.16668038070201874
0.8084357380867004
0.78049635887146
0.15142114460468292
0.22184525430202484
0.372919499874115
0.08777447789907455
0.8222257494926453
0.4635346531867981
0.4285164177417755
0.968398928642273
0.6375458240509033
0.32586464285850525
0.020147453993558884
0.8253173232078552
0.9650982618331909
0.4593983590602875
0.7474666237831116
0.8896621465682983
0.7574178576469421
0.4916825294494629
0.4784860908985138
0.6802653670310974
0.8363783955574036
0.43227091431617737
0.4810134768486023
0.6730764508247375
0.1163206398487091
0.0458444207906723
0.02290893718600273
0.04234353452920914
0.47150662541389465
0.8416727781295776
0.6824630498886108
0.06105891242623329
0.517602801322937
0.31007128953933716
0.642428994178772
0.8437989354133606
0.663269579410553
0.9818593859672546
0.6794370412826538
0.15096808969974518
0.189192533493042
0.6817036271095276
0.20949913561344147
0.6131901144981384
0.1080450564622879
0.8511123061180115
0.5571730136871338
0.9989258646965027
0.9673926830291748
0.8892834782600403
0.10990681499242783
0.48121434450149536
0.14465214312076569
0.8195911645889282
0.02786276303231716
0.3798557221889496
0.15655454993247986
0.37213826179504395
0.5229501128196716
0.9115596413612366
0.6995001435279846
0.4096478521823883
0.2669953405857086
0.14217235147953033
0.32122740149497986
0.40901076793670654
0.24517229199409485
0.30573657155036926
0.016385987401008606
0.5350204110145569
0.9467551708221436
0.43900176882743835
0.38255882263183594
0.18045109510421753
0.9660496115684509
0.052771102637052536
0.9392848610877991
0.7741197943687439
0.052874647080898285
0.15437264740467072
0.2784445285797119
0.22864624857902527
0.08087309449911118
0.18086673319339752
0.6462953686714172
0.7929258346557617
0.8820608854293823
0.35921037197113037
0.09102492779493332
0.4670103192329407
0.5479556322097778
0.7348031997680664
0.17300789058208466
0.5914884209632874
0.8415448665618896
0.4673280119895935
0.6117921471595764
0.32723504304885864
0.493384450674057
0.290248304605484
0.9634172320365906
0.32629480957984924
0.48365646600723267
0.21413393318653107
0.371226042509079
0.464090496301651
0.7667798399925232
0.09518188238143921
0.8243153691291809
0.4409826397895813
0.6604419946670532
0.3521232604980469
0.28723904490470886
0.29383623600006104
0.099204421043396
0.09818009287118912
0.6726201772689819
0.046862583607435226
0.9312935471534729
0.4296574890613556
0.6468287110328674
0.32477906346321106
0.9355131983757019
0.8191431760787964
0.6403699517250061
0.17638042569160461
0.8654212951660156
0.7729471325874329
0.08628887683153152
0.638215184211731
0.9467799663543701
0.4101911187171936
0.5336499810218811
0.843654215335846
0.5280328392982483
0.08125218003988266
0.6722553968429565
0.452549546957016
0.3778872489929199
0.21261754631996155
0.1568053811788559
0.710029125213623
0.13312777876853943
0.2888064980506897
0.2081483155488968
0.5857722759246826
0.8942580819129944
0.7645139694213867
0.9064806699752808
0.16572217643260956
0.031172068789601326
0.015591788105666637
0.9070073962211609
0.5302320718765259
0.18940797448158264
0.9422040581703186
0.42608579993247986
0.7924678921699524
0.6181371808052063
0.12332770228385925
0.2367551326751709
0.05351605266332626
0.3949158489704132
0.09893298149108887
0.5531740784645081
0.7987086772918701
0.14477068185806274
0.11250962316989899
0.605908215045929
0.34818676114082336
0.36304205656051636
0.48999378085136414
0.37973666191101074
0.283956378698349
0.5175879001617432
0.054560739547014236
0.5205226540565491
0.2746599316596985
0.5485849380493164
0.06575412303209305
0.41440916061401367
0.5203601121902466
0.9692249298095703
0.6335036754608154
0.5578521490097046
0.9244801998138428
0.25831130146980286
0.8936437964439392
0.7882023453712463
0.12196272611618042
0.9432424902915955
0.5379784107208252
0.11144914478063583
0.6888474822044373
0.09146453440189362
0.6903362274169922
0.7135109901428223
0.2482200413942337
0.9657628536224365
0.35546621680259705
0.4156363904476166
0.39323532581329346
0.4465992748737335
0.9582929015159607
0.27798372507095337
0.2804063558578491
0.14765524864196777
0.8971756100654602
0.039264243096113205
0.15531688928604126
0.5629895329475403
0.03933257237076759
0.8283440470695496
0.5594271421432495
0.7398351430892944
0.9668344855308533
0.8310117721557617
0.9530520439147949
0.6510745882987976
0.09893110394477844
0.0877303034067154
0.10616157948970795
0.5031605362892151
0.7024222612380981
0.470680296421051
0.22188767790794373
0.6024592518806458
0.93186354637146
0.1212560385465622
0.864057183265686
0.5200288891792297
0.34305235743522644
0.40831419825553894
0.9891977310180664
0.0737587958574295
0.9630733132362366
0.9161588549613953
0.532168447971344
0.39826351404190063
0.032946087419986725
0.7347221374511719
0.7047976851463318
0.04212477058172226
0.09569084644317627
0.9098721146583557
0.5356505513191223
0.5956576466560364
0.9873913526535034
0.3006265461444855
0.7533753514289856
0.015368640422821045
0.03236747160553932
0.12572026252746582
0.8900957107543945
0.6934696435928345
0.5039475560188293
0.11941278725862503
0.6452937722206116
0.24596576392650604
0.26123982667922974
0.2549969255924225
0.02427630126476288
0.8885003924369812
0.7844019532203674
0.3857073485851288
0.15410971641540527
0.3410572111606598
0.6172412633895874
0.03314585983753204
0.11274915188550949
0.0762583538889885
0.5497002601623535
0.9411649703979492
0.45181360840797424
0.39108896255493164
0.28721126914024353
0.1261925846338272
0.2713944911956787
0.13775552809238434
0.08795978128910065
0.7735087275505066
0.8259842395782471
0.6305389404296875
0.8215779066085815
0.3198363482952118
0.07599788904190063
0.9081762433052063
0.5721648335456848
0.05365753546357155
0.6507269740104675
0.346122682094574
0.2803744375705719
0.8338698148727417
0.0630190372467041
0.5707083344459534
0.7503117322921753
0.8627400994300842
0.9846678376197815
0.19093602895736694
0.36042872071266174
0.46452707052230835
0.022841913625597954
0.5886591076850891
0.3998681604862213
0.9363104701042175
0.9040483236312866
0.7315213084220886
0.46531906723976135
0.8557354211807251
0.28221002221107483
0.15770062804222107
0.9388691186904907
0.6252685189247131
0.9865162968635559
0.49615827202796936
0.7285798192024231
0.04480687156319618
0.8265385627746582
0.9849568605422974
0.7184413075447083
0.11872904747724533
0.742982804775238
0.24476686120033264
0.7546326518058777
0.9770453572273254
0.6418355107307434
0.18615290522575378
0.5163449048995972
0.057987283915281296
0.21524715423583984
0.9405101537704468
0.3817391097545624
0.9317610263824463
0.43490612506866455
0.8671593070030212
0.5315256118774414
0.04197636991739273
0.6474223732948303
0.16703513264656067
0.3454018533229828
0.11495622247457504
0.09791620075702667
0.45334213972091675
0.7534487843513489
0.4215448796749115
0.4889901876449585
0.8461914658546448
0.3242620527744293
0.5293603539466858
0.820128858089447
0.1591259092092514
0.7992655038833618
0.5712051391601562
0.14187458157539368
0.8144693970680237
0.7749414443969727
0.10231974720954895
0.6697882413864136
0.09938962012529373
0.35286563634872437
0.6237158179283142
0.5414833426475525
0.2599261403083801
0.5353905558586121
0.5848202109336853
0.37763911485671997
0.20178700983524323
0.4072037935256958
0.6229285001754761
0.7551180720329285
0.834306001663208
0.08098224550485611
0.3319569528102875
0.3519469201564789
0.66995769739151
0.4797479212284088
0.18249034881591797
0.8905102014541626
0.4557308852672577
0.23650304973125458
0.48789194226264954
0.04686936363577843
0.5241873860359192
0.5304431915283203
0.7491379380226135
0.04408593848347664
0.02125323936343193
0.35249775648117065
0.7350940704345703
0.049985192716121674
0.8814505934715271
0.66312575340271
0.7476518750190735
0.8347945213317871
0.1867443174123764
0.8881396651268005
0.48582547903060913
0.2563226521015167
0.5854118466377258
0.44159743189811707
0.8119064569473267
0.10472368448972702
0.41032570600509644
0.7871089577674866
0.3160209357738495
0.9533891677856445
0.287710964679718
0.7238249778747559
0.14032962918281555
0.36032193899154663
0.5352538228034973
0.7155349850654602
0.5442272424697876
0.6902809739112854
0.17524290084838867
0.06585031747817993
0.03178100287914276
0.545090913772583
0.5992212891578674
0.9654530882835388
0.3767067492008209
0.09030184894800186
0.03530208021402359
0.5775675177574158
0.5071195960044861
0.5623826384544373
0.5157535076141357
0.45664218068122864
0.17345395684242249
0.2627899944782257
0.9324303269386292
0.633018434047699
0.13776180148124695
0.7967588305473328
0.002819556975737214
0.8887492418289185
0.5633292198181152
0.9426741003990173
0.9347803592681885
0.1267784833908081
0.24733583629131317
0.031230557709932327
0.2488207072019577
0.3787820637226105
0.1592230498790741
0.15318769216537476
0.689981997013092
0.5223849415779114
0.32233092188835144
0.22569862008094788
0.6028167605400085
0.2675589323043823
0.12696851789951324
0.6561713218688965
0.23179832100868225
0.9164563417434692
0.8597804307937622
0.17453455924987793
0.5197755098342896
0.75596684217453
0.49268701672554016
0.24308806657791138
0.7040634751319885
0.27004995942115784
0.8312177658081055
0.43435677886009216
0.8461405038833618
0.6107571721076965
0.567890465259552
0.7659338116645813
0.7028456330299377
0.9987656474113464
0.8083042502403259
0.6679627299308777
0.11676325649023056
0.5390156507492065
0.8238479495048523
0.9292566180229187
0.7198657393455505
0.8071961998939514
0.3075580298900604
0.1545592099428177
0.6891024112701416
0.10173416882753372
0.9859914183616638
0.08210860937833786
0.4776729643344879
0.2536199986934662
0.2745906710624695
0.10878363251686096
0.46116796135902405
0.02428237535059452
0.4293213486671448
0.39414873719215393
0.3865249454975128
0.05957387015223503
0.6001526117324829
0.4714990258216858
0.6458625197410583
0.46288013458251953
0.17878788709640503
0.43579280376434326
0.45434024930000305
0.022967083379626274
0.014751552604138851
0.18994200229644775
0.6097195148468018
0.3797396421432495
0.11344561725854874
0.029264310374855995
0.19234515726566315
0.1676228940486908
0.07621534168720245
0.5779502391815186
0.10323046892881393
0.2702414095401764
0.4414789080619812
0.6899400949478149
0.9119276404380798
0.9766139388084412
0.451078325510025
0.18509644269943237
0.33839401602745056
0.7590210437774658
0.332503080368042
0.39333832263946533
0.8751645088195801
0.16044634580612183
0.5003525018692017
0.17133602499961853
0.17429247498512268
0.2672959864139557
0.6071608066558838
0.1862468719482422
0.5685548782348633
0.05997689813375473
0.7019873261451721
0.8973581194877625
0.44432124495506287
0.9012293219566345
0.5889186859130859
0.4922257363796234
0.8431977033615112
0.8475934267044067
0.9457377195358276
0.9768465161323547
0.0008495248621329665
0.36528220772743225
0.6226152777671814
0.880820095539093
0.5047585368156433
0.3261091411113739
0.7352030873298645
0.9826374053955078
0.5289795994758606
0.49018675088882446
0.6905236840248108
0.4851044714450836
0.6219466328620911
0.9358599185943604
0.6129418611526489
0.7753335237503052
0.13308179378509521
0.6414974331855774
0.3645659387111664
0.730454683303833
0.9694636464118958
0.5534632802009583
0.49297821521759033
0.8932082056999207
0.8920262455940247
0.521975576877594
0.5147033929824829
0.8173961639404297
0.7139871716499329
0.10230846703052521
0.18403132259845734
0.5846367478370667
0.2735065221786499
0.8773834705352783
0.5223497152328491
0.9085540175437927
0.6464641094207764
0.058303359895944595
0.2663126289844513
0.43609386682510376
0.7749653458595276
0.617106020450592
0.6859698295593262
0.6662010550498962
0.6613290309906006
0.10432396829128265
0.733403742313385
0.24981571733951569
0.11275038123130798
0.8879756331443787
0.7632390260696411
0.7136838436126709
0.2539030611515045
0.8454993963241577
0.3228243887424469
0.5330291390419006
0.6733251214027405
0.30548200011253357
0.7877068519592285
0.8222525119781494
0.9548797011375427
0.30753809213638306
0.11242328584194183
0.7615394592285156
0.3836774230003357
0.13099023699760437
0.5867570638656616
0.8714919686317444
0.16100575029850006
0.8358200788497925
0.27045145630836487
0.014943110756576061
0.3038778007030487
0.8014867305755615
0.509526789188385
0.14255034923553467
0.870638370513916
0.7987090349197388
0.6058644652366638
0.0604349784553051
0.1413986086845398
0.46216005086898804
0.548356294631958
0.0643761157989502
0.30080145597457886
0.05851445719599724
0.6735122799873352
0.26152315735816956
0.13441148400306702
0.01839863695204258
0.2663012742996216
0.20334284007549286
0.2821422815322876
0.420692503452301
0.5458469986915588
0.4788043797016144
0.2528713345527649
0.580811619758606
0.6197088360786438
0.3728182017803192
0.4028835594654083
0.1292111873626709
0.9843283295631409
0.21513938903808594
0.1440165638923645
0.6882565021514893
0.7033656239509583
0.8417606353759766
0.66926509141922
0.487633615732193
0.9439235925674438
0.349105566740036
0.8724863529205322
0.5632257461547852
0.24648882448673248
0.7938401103019714
0.8416164517402649
0.8990758061408997
0.5609002709388733
0.022675376385450363
0.6304643154144287
0.12498190999031067
0.18305224180221558
0.1328604817390442
0.9236159324645996
0.7352873682975769
0.9023820161819458
0.4115714430809021
0.6829606294631958
0.3419049084186554
0.6822346448898315
0.9480612874031067
0.35160794854164124
0.6819801926612854
0.7774280905723572
0.13938522338867188
0.01926845870912075
0.13407117128372192
0.775985062122345
0.8718177080154419
0.7275785207748413
0.8496922254562378
0.19714607298374176
0.3036641478538513
0.3394598066806793
0.5708828568458557
0.6478641629219055
0.38491442799568176
0.89028400182724
0.42403408885002136
0.03741021081805229
0.5941720604896545
0.014570936560630798
0.3997451663017273
0.45633119344711304
0.780488908290863
0.6651570200920105
0.7237757444381714
0.8922922015190125
0.46672123670578003
0.6502390503883362
0.3928546607494354
0.9200785160064697
0.17981091141700745
0.7528731822967529
0.05911312252283096
0.5217340588569641
0.8181518316268921
0.5784389972686768
0.8966535329818726
0.11010545492172241
0.17845803499221802
0.3880395293235779
0.9933986067771912
0.1239151656627655
0.19689878821372986
0.005661288741976023
0.03507040813565254
0.9156297445297241
0.7136104106903076
0.893136739730835
0.7348018884658813
0.8563657402992249
0.7456950545310974
0.11161442846059799
0.10738647729158401
0.4093535244464874
0.4800252616405487
0.21953657269477844
0.9856002926826477
0.10753720253705978
0.03147803619503975
0.5904661417007446
0.7242487072944641
0.8730985522270203
0.6603899002075195
0.9664062857627869
0.5234532356262207
0.6566647291183472
0.4695206880569458
0.6055373549461365
0.2072591930627823
0.8546883463859558
0.9332629442214966
0.7590765953063965
0.9845428466796875
0.4482126832008362
0.986768364906311
0.657254159450531
0.713265597820282
0.06795703619718552
0.7564687728881836
0.44937628507614136
0.078432098031044
0.03027990087866783
0.9619241952896118
0.4122563600540161
0.7330349683761597
0.050037797540426254
0.7321236729621887
0.20737695693969727
0.8502453565597534
0.5893076062202454
0.9711096882820129
0.8936232328414917
0.9868491888046265
0.8885226845741272
0.2362995445728302
0.3012789785861969
0.5793972611427307
0.6178838014602661
0.6773505210876465
0.10196921974420547
0.8796830177307129
0.4992220997810364
0.8918565511703491
0.2831360101699829
0.37384846806526184
0.555047869682312
0.13292060792446136
0.11028862744569778
0.16240659356117249
0.788195788860321
0.9325644969940186
0.842129111289978
0.5367099046707153
0.6205461621284485
0.7886225581169128
0.3695417046546936
0.7298516035079956
0.7117487788200378
0.41122502088546753
0.6324760913848877
0.3090255856513977
0.34128543734550476
0.004101527389138937
0.29168108105659485
0.17367073893547058
0.13575302064418793
0.12905628979206085
0.5588295459747314
0.17092937231063843
0.025315236300230026
0.3340330123901367
0.13579294085502625
0.21597808599472046
0.43062490224838257
0.4345945417881012
0.08532177656888962
0.18566420674324036
0.7054125070571899
0.5228517055511475
0.958113431930542
0.8558751344680786
0.04940875992178917
0.9881212711334229
0.7118017077445984
0.6565508246421814
0.9981531500816345
0.7345574498176575
0.7057799696922302
0.444806843996048
0.46263203024864197
0.13382145762443542
0.3587965965270996
0.7016744613647461
0.034786392003297806
0.6926949620246887
0.38982632756233215
0.912773072719574
0.3772444427013397
0.20667807757854462
0.3427506983280182
0.6487334966659546
0.25512656569480896
0.5838977694511414
0.43705713748931885
0.11277875304222107
0.8903865814208984
0.4555007219314575
0.9013926982879639
0.9170676469802856
0.47769737243652344
0.5740713477134705
0.9548312425613403
0.9014583230018616
0.0822170227766037
0.3741087317466736
0.30651527643203735
0.11292208731174469
0.4853213131427765
0.7699894905090332
0.7625382542610168
0.49814605712890625
0.44446438550949097
0.14353826642036438
0.07797908782958984
0.044768139719963074
0.35444286465644836
0.5148717164993286
0.07881863415241241
0.17928701639175415
0.5212656259536743
0.3171001374721527
0.5036296844482422
0.5502303838729858
0.7503603100776672
0.10588224977254868
0.06088218092918396
0.9537175893783569
0.9231579899787903
0.9690147042274475
0.299433171749115
0.6355946660041809
0.6490994095802307
0.7614518404006958
0.4011092782020569
0.7719984650611877
0.722429096698761
0.7111480236053467
0.7511464357376099
0.7349388003349304
0.8649843335151672
0.5846852660179138
0.2188408225774765
0.8081499934196472
0.4825340807437897
0.41140249371528625
0.020005453377962112
0.03695646673440933
0.5057910084724426
0.6581274271011353
0.5100057721138
0.16316421329975128
0.4732787311077118
0.8325744271278381
0.8888844847679138
0.08559836447238922
0.42255404591560364
0.029137680307030678
0.8892067670822144
0.5124891996383667
0.11666801571846008
0.49975287914276123
0.9626914858818054
0.17411716282367706
0.5856788754463196
0.377437561750412
0.08075309544801712
0.6017927527427673
0.9165567755699158
0.057316869497299194
0.1609281450510025
0.890886664390564
0.5771940350532532
0.7235108613967896
0.6056653261184692
0.4945138692855835
0.36933624744415283
0.1447347104549408
0.837939441204071
0.5268728733062744
0.8756081461906433
0.4116411805152893
0.22728002071380615
0.8742285966873169
0.8912675976753235
0.18265973031520844
0.7878443598747253
0.40402722358703613
0.47754764556884766
0.8275027871131897
0.8960086703300476
0.8871784210205078
0.6049863696098328
0.7179158926010132
0.32901617884635925
0.9167951345443726
0.5889909267425537
0.22951509058475494
0.14157146215438843
0.6379390358924866
0.6563310027122498
0.24318274855613708
0.10496741533279419
0.19499479234218597
0.6701189279556274
0.6593425273895264
0.15534967184066772
0.3192663788795471
0.6012747287750244
0.38243427872657776
0.7363158464431763
0.9125183820724487
0.3152045011520386
0.025746148079633713
0.08024759590625763
0.12223324924707413
0.8526976704597473
0.3755818009376526
0.8834646344184875
0.17120186984539032
0.24476879835128784
0.11102917045354843
0.6763640642166138
0.756889820098877
0.7592689990997314
0.9068581461906433
0.47626709938049316
0.06920800358057022
0.9208856821060181
0.2799060046672821
0.0668204054236412
0.9524989724159241
0.8274967074394226
0.33188796043395996
0.6147347092628479
0.793515145778656
0.8886658549308777
0.365575909614563
0.8777825832366943
0.966365396976471
0.35099247097969055
0.6885311007499695
0.26939642429351807
0.06693054735660553
0.6635213494300842
0.8361619114875793
0.8486506938934326
0.5859954357147217
0.998812198638916
0.38853585720062256
0.8655572533607483
0.03902747109532356
0.5706485509872437
0.7643921375274658
0.43675920367240906
0.835376501083374
0.7257754802703857
0.6420379281044006
0.44238194823265076
0.47871243953704834
0.6836085319519043
0.15132461488246918
0.3121216595172882
0.09057891368865967
0.4346742331981659
0.8365859389305115
0.23014727234840393
0.9065796732902527
0.4864038825035095
0.37527942657470703
0.6549838185310364
0.6634989976882935
0.28844884037971497
0.4375280439853668
0.2696201205253601
0.1418289840221405
0.7513742446899414
0.7188941240310669
0.5372194647789001
0.12822352349758148
0.920001208782196
0.5000379681587219
0.39066359400749207
0.27918878197669983
0.7026056051254272
0.3788338005542755
0.27679643034935
0.2617557942867279
0.9139493107795715
0.16429176926612854
0.09457093477249146
0.2949945330619812
0.8550559878349304
0.8113090395927429
0.011485897935926914
0.01484459824860096
0.24092526733875275
0.032627519220113754
0.7325001955032349
0.7750474214553833
0.6312022805213928
0.817759096622467
0.37677738070487976
0.9066951870918274
0.7024301290512085
0.9729892611503601
0.6796784400939941
0.2867806851863861
0.03157963976264
0.6121358275413513
0.8410208225250244
0.7103867530822754
0.41670799255371094
0.4783630073070526
0.5485246777534485
0.23026171326637268
0.6343620419502258
0.5298906564712524
0.32072243094444275
0.28519007563591003
0.8717703819274902
0.1849288046360016
0.9242196679115295
0.7717401385307312
0.5166405439376831
0.20393133163452148
0.8169604539871216
0.13641686737537384
0.9162618517875671
0.24567203223705292
0.22639517486095428
0.92214035987854
0.8508133292198181
0.13186265528202057
0.7592679858207703
0.4182530641555786
0.774127721786499
0.3409532606601715
0.6962679624557495
0.6342477798461914
0.09403688460588455
0.4565461277961731
0.2984701693058014
0.21859240531921387
0.1734304279088974
0.10677952319383621
0.8917238116264343
0.6627232432365417
0.8394342064857483
0.9575933218002319
0.07723703980445862
0.8526114225387573
0.8996464610099792
0.40796926617622375
0.5801953673362732
0.9517170190811157
0.43231475353240967
0.036739882081747055
0.2758851945400238
0.20393116772174835
0.9049677848815918
0.7739078998565674
0.7045612931251526
0.9324585795402527
0.5725582838058472
0.17492486536502838
0.5103240013122559
0.7742146849632263
0.04260827973484993
0.45450639724731445
0.6717205047607422
0.3006102740764618
0.47317805886268616
0.786903977394104
0.7592484354972839
0.3208876848220825
0.4082716703414917
0.03373868390917778
0.17929373681545258
0.5322774052619934
0.11228708922863007
0.7846470475196838
0.4612455368041992
0.848652720451355
0.9716333746910095
0.25689181685447693
0.7330251932144165
0.9170122742652893
0.6183210015296936
0.2692394554615021
0.7549874186515808
0.17355407774448395
0.37198659777641296
0.5170509815216064
0.9186243414878845
0.41306087374687195
0.3525291681289673
0.5917572975158691
0.0871245414018631
0.19158445298671722
0.6456394791603088
0.8762524127960205
0.2944510579109192
0.7743731737136841
0.396484911441803
0.6221087574958801
0.2767955958843231
0.6234151124954224
0.7442046999931335
0.23047327995300293
0.8067207932472229
0.12893763184547424
0.3562893569469452
0.09655016660690308
0.7099359035491943
0.17812871932983398
0.6444780230522156
0.3856721520423889
0.7359402179718018
0.9713103771209717
0.45911696553230286
0.7902933955192566
0.7285427451133728
0.20091718435287476
0.8687406182289124
0.9721619486808777
0.6953883171081543
0.7497509717941284
0.5812597870826721
0.52796870470047
0.9101388454437256
0.7029701471328735
0.1378236711025238
0.7447431087493896
0.6311969757080078
0.4683285355567932
0.049845606088638306
0.23764000833034515
0.10673058778047562
0.9413153529167175
0.959071695804596
0.015600277110934258
0.6071522235870361
0.7515237927436829
0.017684658989310265
0.27194833755493164
0.8137442469596863
0.9142905473709106
0.9291718006134033
0.8737361431121826
0.8100133538246155
0.7988004088401794
0.7237787842750549
0.38196444511413574
0.531448245048523
0.4460464119911194
0.38778063654899597
0.07327638566493988
0.9808961153030396
0.008749300613999367
0.2222820222377777
0.03636905550956726
0.40506452322006226
0.01689130999147892
0.8935496211051941
0.2804366946220398
0.6514987945556641
0.8890020251274109
0.8419686555862427
0.5784938931465149
0.865810751914978
0.8823625445365906
0.4451585114002228
0.31857532262802124
0.533991277217865
0.4518941044807434
0.714007556438446
0.6328897476196289
0.8719511032104492
0.1784452497959137
0.13796629011631012
0.9077062010765076
0.290711373090744
0.7905582785606384
0.9703412652015686
0.5512862801551819
0.4948614537715912
0.7694899439811707
0.21787810325622559
0.7722665667533875
0.3206773102283478
0.15309485793113708
0.43306058645248413
0.7695291042327881
0.2625720202922821
0.07520940154790878
0.4187690317630768
0.5049276351928711
0.9962533712387085
0.48667940497398376
0.5379920601844788
0.36137112975120544
0.7494537830352783
0.751758337020874
0.3773323893547058
0.6743354201316833
0.7325085401535034
0.6179882884025574
0.010225671343505383
0.6601531505584717
0.26112616062164307
0.8524258136749268
0.5559945106506348
0.5841730237007141
0.4448404014110565
0.8404049873352051
0.7335599660873413
0.15143990516662598
0.7448392510414124
0.9774978756904602
0.8854228854179382
0.7979069352149963
0.12388105690479279
0.18100887537002563
0.7517343759536743
0.8683027029037476
0.1585913449525833
0.7546172738075256
0.6660344004631042
0.9185196757316589
0.4879016578197479
0.06384952366352081
0.4902638792991638
0.37595251202583313
0.7117050886154175
0.3857925236225128
0.6961211562156677
0.6588051915168762
0.7821700572967529
0.17232492566108704
0.15922167897224426
0.5755670070648193
0.9260869026184082
0.3167610466480255
0.4472508728504181
0.873140811920166
0.720552384853363
0.07236883789300919
0.7079640626907349
0.6357207894325256
0.9591295123100281
0.851954460144043
0.7592833638191223
0.2590329349040985
0.8791040182113647
0.0925917997956276
0.7012163996696472
0.14026151597499847
0.4336097240447998
0.9997391700744629
0.7355079650878906
0.22727152705192566
0.4165891408920288
0.19993016123771667
0.22973310947418213
0.17327772080898285
0.8504576086997986
0.5609314441680908
0.6636741757392883
0.22273412346839905
0.079348623752594
0.49676644802093506
0.14470063149929047
0.6378360390663147
0.842665433883667
0.1904228776693344
0.9438579082489014
0.9388695359230042
0.5289221405982971
0.9378741383552551
0.19497239589691162
0.26205146312713623
0.41188910603523254
0.20782387256622314
0.26196596026420593
0.4985297620296478
0.8186010122299194
0.33631274104118347
0.8382625579833984
0.6253002882003784
0.9515408277511597
0.09738776087760925
0.37273210287094116
0.892341673374176
0.005273380782455206
0.9219271540641785
0.1517481803894043
0.09671321511268616
0.0419769361615181
0.004282443784177303
0.46686816215515137
0.09752573072910309
0.08806650340557098
0.337016224861145
0.3043833076953888
0.42085808515548706
0.5297841429710388
0.658077597618103
0.7746872305870056
0.6833510398864746
0.03682753071188927
0.6301620602607727
0.06877575814723969
0.03816256672143936
0.1472703218460083
0.8515160083770752
0.43092551827430725
0.07012796401977539
0.14895261824131012
0.7905764579772949
0.6261025071144104
0.1624191254377365
0.425961434841156
0.11678419262170792
0.5644611120223999
0.828869640827179
0.22247472405433655
0.9507169127464294
0.7829322218894958
0.9946445822715759
0.8895674347877502
0.2106282114982605
0.41417455673217773
0.777391254901886
0.2048000991344452
0.16520366072654724
0.29909229278564453
0.48339542746543884
0.537640392780304
0.5962539911270142
0.1887841820716858
0.7923411130905151
0.10590045899152756
0.3576164245605469
0.15417994558811188
0.7190812230110168
0.17977215349674225
0.0420045405626297
0.7465432286262512
0.4514290690422058
0.025688350200653076
0.7413238286972046
0.15712286531925201
0.7807464003562927
0.040409479290246964
0.0853785052895546
0.82402104139328
0.32916873693466187
0.7278392314910889
0.9968833327293396
0.5743669867515564
0.3110930025577545
0.19424469769001007
0.09672196954488754
0.05321941524744034
0.5289539694786072
0.45281392335891724
0.25193506479263306
0.5250051617622375
0.89494389295578
0.7287516593933105
0.9786080718040466
0.3728538155555725
0.924041748046875
0.6334756016731262
0.36053502559661865
0.9442991018295288
0.9347942471504211
0.38938987255096436
0.7798698544502258
0.4873800277709961
0.8840243816375732
0.5111465454101562
0.6490787863731384
0.45290347933769226
0.22968359291553497
0.2855653166770935
0.6292370557785034
0.9424076080322266
0.7868528366088867
0.3571491837501526
0.4426552951335907
0.3304417133331299
0.2813078463077545
0.25637757778167725
0.7113926410675049
0.3387156128883362
0.9121307134628296
0.3318633735179901
0.5511207580566406
0.4265815317630768
0.5669393539428711
0.648167610168457
0.1114480122923851
0.6913169026374817
0.9452347755432129
0.35938891768455505
0.2608623504638672
0.125563383102417
0.044693563133478165
0.6746507287025452
0.3171963393688202
0.9232782125473022
0.49600422382354736
0.7886889576911926
0.04042854905128479
0.5925605297088623
0.633330225944519
0.28173667192459106
0.3609081506729126
0.45232346653938293
0.7542431354522705
0.13822871446609497
0.4222451150417328
0.6076769828796387
0.1157112866640091
0.0154249994084239
0.9724534153938293
0.9611542224884033
0.392956018447876
0.46115806698799133
0.2344222217798233
0.25688955187797546
0.9248104691505432
0.7799461483955383
0.061386920511722565
0.1788175106048584
0.4267672300338745
0.5212118625640869
0.379751980304718
0.09757531434297562
0.14744432270526886
0.7636184692382812
0.11180564016103745
0.27157533168792725
0.5360707640647888
0.3485085368156433
0.07545974105596542
0.15511499345302582
0.30751606822013855
0.492872029542923
0.8533843159675598
0.9883384108543396
0.8159187436103821
0.35273149609565735
0.5741640329360962
0.2536374032497406
0.3519562780857086
0.536978006362915
0.6612735986709595
0.49806684255599976
0.43662142753601074
0.4832121729850769
0.10866514593362808
0.40113919973373413
0.20308293402194977
0.2642093300819397
0.8240574598312378
0.34273216128349304
0.8457444310188293
0.2533802092075348
0.8290535807609558
0.7045246362686157
0.8398355841636658
0.7944626212120056
0.34167104959487915
0.5894251465797424
0.8803613185882568
0.128644660115242
0.03441258519887924
0.22529375553131104
0.932686448097229
0.7273029088973999
0.07109981030225754
0.026889843866229057
0.38968995213508606
0.46500489115715027
0.19818302989006042
0.6176894903182983
0.7249707579612732
0.6182757019996643
0.8448342680931091
0.5633379817008972
0.5310751795768738
0.7253561615943909
0.9095384478569031
0.4303083121776581
0.4056626856327057
0.09874427318572998
0.6645358204841614
0.3725327253341675
0.9461706280708313
0.474687784910202
0.07763092964887619
0.4449795186519623
0.36388248205184937
0.8524496555328369
0.49767908453941345
0.5779595971107483
0.5273804068565369
0.31608298420906067
0.49906957149505615
0.007176029030233622
0.10904084891080856
0.9143099188804626
0.818294107913971
0.7847737669944763
0.4352063834667206
0.3206201195716858
0.8830875754356384
0.4326436221599579
0.36888501048088074
0.2751767635345459
0.45809608697891235
0.9186951518058777
0.3769219219684601
0.8349829912185669
0.01061658002436161
0.7811747193336487
0.5219124555587769
0.8561080098152161
0.27145782113075256
0.05290989577770233
0.267655611038208
0.8699848055839539
0.6665109395980835
0.027877643704414368
0.9578409194946289
0.47799617052078247
0.10796689987182617
0.9063050150871277
0.35035476088523865
0.264129102230072
0.10178054869174957
0.5763505101203918
0.4256974160671234
0.44303834438323975
0.25466129183769226
0.04291025176644325
0.7122779488563538
0.5541974306106567
0.4120301306247711
0.8631981611251831
0.1369788497686386
0.8331796526908875
0.683411717414856
0.933218240737915
0.5152446627616882
0.310128778219223
0.056437570601701736
0.9210078716278076
0.04910958185791969
0.9546032547950745
0.6515132784843445
0.6136183738708496
0.3320056200027466
0.1602736860513687
0.7060402631759644
0.8920661211013794
0.5482116341590881
0.7104569673538208
0.3135327100753784
0.5936204791069031
0.2984796464443207
0.2382688820362091
0.941073477268219
0.1205642819404602
0.13983775675296783
0.7728874683380127
0.5561892986297607
0.18467000126838684
0.31339919567108154
0.829800546169281
0.12176866084337234
0.8316654562950134
0.5346179008483887
0.21991242468357086
0.5199778079986572
0.6751912236213684
0.6167429089546204
0.3992711901664734
0.2849053740501404
0.04573347792029381
0.14686711132526398
0.2668735086917877
0.7099274396896362
0.9546806216239929
0.3602697253227234
0.9882010817527771
0.7994091510772705
0.75419020652771
0.04202958196401596
0.27617600560188293
0.7050583362579346
0.8509810566902161
0.7790266871452332
0.9786770939826965
0.011753366328775883
0.9836220145225525
0.40591585636138916
0.25029176473617554
0.7397794127464294
0.6103249192237854
0.6014425158500671
0.2963718771934509
0.10154040157794952
0.33253273367881775
0.5712352395057678
0.30373498797416687
0.4997357726097107
0.9537805318832397
0.7673993110656738
0.18118764460086823
0.3956542909145355
0.9289325475692749
0.840986967086792
0.5963247418403625
0.3594900965690613
0.4797547459602356
0.07017087936401367
0.7262408137321472
0.6849151253700256
0.4201740324497223
0.7163346409797668
0.5716280937194824
0.9607011079788208
0.45111584663391113
0.9781855940818787
0.28608113527297974
0.2102549523115158
0.499740332365036
0.0564003549516201
0.21080382168293
0.01169578731060028
0.9860437512397766
0.22240321338176727
0.12369541078805923
0.7629861831665039
0.7401989102363586
0.8855769634246826
0.19670049846172333
0.8519355654716492
0.17363803088665009
0.5771735906600952
0.21866022050380707
0.5343902707099915
0.6460374593734741
0.7138503789901733
0.7080443501472473
0.3726612627506256
0.774605393409729
0.22384776175022125
0.3719249367713928
0.40796205401420593
0.04447343572974205
0.7223008871078491
0.5403356552124023
0.24540890753269196
0.2393292486667633
0.6343811750411987
0.29837265610694885
0.884006142616272
0.9205693602561951
0.45997723937034607
0.2357039749622345
0.3343014717102051
0.2398696094751358
0.1391606628894806
0.8213831186294556
0.4088061451911926
0.1869407594203949
0.7155563235282898
0.961418867111206
0.9325447678565979
0.8465511202812195
0.3508864641189575
0.14419199526309967
0.4865390658378601
0.769426703453064
0.9979926943778992
0.15743383765220642
0.8538187146186829
0.2706974148750305
0.29825857281684875
0.3738289475440979
0.28573206067085266
0.6299935579299927
0.5917980074882507
0.27106422185897827
0.4199375510215759
0.7315129041671753
0.34453466534614563
0.7864512205123901
0.23971906304359436
0.7889631390571594
0.29907679557800293
0.6983959674835205
0.9290754199028015
0.7228702306747437
0.5254724025726318
0.18811063468456268
0.9824216365814209
0.5267677903175354
0.7269721031188965
0.6990121603012085
0.5483635067939758
0.5546705722808838
0.14098510146141052
0.5051977038383484
0.3875470459461212
0.08272809535264969
0.3860841393470764
0.39247506856918335
0.7644461393356323
0.37468671798706055
0.95438551902771
0.030769020318984985
0.01772092655301094
0.6209599375724792
0.19059936702251434
0.45721715688705444
0.9902491569519043
0.07136713713407516
0.4914858639240265
0.030935779213905334
0.6328462362289429
0.4906439781188965
0.8159421682357788
0.1513899713754654
0.2044292688369751
0.6536586880683899
0.3747350573539734
0.16742266714572906
0.9251579642295837
0.7080790996551514
0.09364841878414154
0.813694953918457
0.10360635817050934
0.4954046308994293
0.9110150933265686
0.9905863404273987
0.30426838994026184
0.16909000277519226
0.9194192290306091
0.5182101726531982
0.541908323764801
0.5747359991073608
0.771139919757843
0.009091431275010109
0.20813564956188202
0.14617739617824554
0.7631332874298096
0.4191291332244873
0.5983747243881226
0.7948002815246582
0.0023418311029672623
0.9261829257011414
0.40239500999450684
0.06618265062570572
0.5023042559623718
0.04528645798563957
0.3809744119644165
0.9938920140266418
0.4623711109161377
0.3736580014228821
0.41695255041122437
0.1017240658402443
0.06896086037158966
0.9688544273376465
0.171415314078331
0.0032108526211231947
0.6350015997886658
0.12116923928260803
0.2881675958633423
0.6783151030540466
0.16245025396347046
0.4871473014354706
0.6040046811103821
0.31136688590049744
0.41747769713401794
0.9269423484802246
0.4214337170124054
0.8004958629608154
0.6212487816810608
0.7449900507926941
0.7795370817184448
0.5836272835731506
0.021127358078956604
0.3868166506290436
0.669887900352478
0.36863136291503906
0.927207350730896
0.1767766773700714
0.30654531717300415
0.628685712814331
0.9547479152679443
0.9715859293937683
0.17392706871032715
0.4144536554813385
0.9211490750312805
0.18000927567481995
0.6236324906349182
0.32132571935653687
0.49933555722236633
0.4256790578365326
0.6631911993026733
0.7342425584793091
0.7489096522331238
0.4558936059474945
0.9782331585884094
0.2893064320087433
0.5334129333496094
0.5184941291809082
0.8338765501976013
0.895931601524353
0.9299766421318054
0.9621778130531311
0.5947619676589966
0.2937035858631134
0.8825487494468689
0.7304621934890747
0.2031586915254593
0.6683831214904785
0.9888221025466919
0.6691702604293823
0.10508224368095398
0.5616913437843323
0.06832193583250046
0.7788175940513611
0.13244588673114777
0.9550097584724426
0.3212016522884369
0.020245537161827087
0.37981748580932617
0.2900673747062683
0.16877232491970062
0.698104977607727
0.4475165009498596
0.47083956003189087
0.2866940200328827
0.4163593649864197
0.6674687266349792
0.9079062342643738
0.6421682238578796
0.9411989450454712
0.1394307017326355
0.8017260432243347
0.8258945345878601
0.09033410996198654
0.8734344244003296
0.13611629605293274
0.7964264750480652
0.9631837010383606
0.3584844768047333
0.8699303269386292
0.17587731778621674
0.533833920955658
0.29516586661338806
0.03374507650732994
0.5746780037879944
0.1699380725622177
0.8318051695823669
0.9078927636146545
0.4231158494949341
0.06761962175369263
0.06943230330944061
0.047827720642089844
0.9492921829223633
0.8842688798904419
0.7730737328529358
0.5881860256195068
0.12738627195358276
0.8478119969367981
0.3717004358768463
0.11236477643251419
0.4635494351387024
0.8722091317176819
0.5578837394714355
0.11064288020133972
0.4671238958835602
0.17735375463962555
0.6641153693199158
0.4829912781715393
0.7754002213478088
0.055575624108314514
0.27533426880836487
0.8410969376564026
0.9188458323478699
0.22451169788837433
0.5840024352073669
0.7557089328765869
0.8922494053840637
0.8428751826286316
0.5605591535568237
0.8672937154769897
0.32863450050354004
0.27835318446159363
0.8427515029907227
0.025312431156635284
0.32637423276901245
0.9561578631401062
0.468387633562088
0.01421368308365345
0.6177163124084473
0.24456049501895905
0.5755162835121155
0.7194317579269409
0.6089744567871094
0.02468990720808506
0.44965940713882446
0.023160496726632118
0.8830530643463135
0.5213513374328613
0.018030798062682152
0.4704306125640869
0.43734169006347656
0.760918140411377
0.6526274085044861
0.7879867553710938
0.25473541021347046
0.3829940855503082
0.2533224821090698
0.6212314367294312
0.6971038579940796
0.8801048398017883
0.20543210208415985
0.6730613708496094
0.5444976687431335
0.5416579842567444
0.5481469035148621
0.9083498120307922
0.3812810778617859
0.021718794479966164
0.9568524956703186
0.3827510178089142
0.2477560192346573
0.7601768970489502
0.5668416023254395
0.035323143005371094
0.2431587427854538
0.6151887774467468
0.3258156180381775
0.26185572147369385
0.21466811001300812
0.5404638051986694
0.6938626766204834
0.3036153316497803
0.5113417506217957
0.8549711108207703
0.8600552678108215
0.6543298959732056
0.5431609153747559
0.2643921673297882
0.14303119480609894
0.5343788862228394
0.34775039553642273
0.32610267400741577
0.8190622329711914
0.9248555898666382
0.6409592628479004
0.9595345258712769
0.7948831915855408
0.4328466057777405
0.4649527370929718
0.759901762008667
0.0299138892441988
0.6299579739570618
0.7957671284675598
0.35164037346839905
0.55218905210495
0.16830317676067352
0.7097148299217224
0.0884426087141037
0.7779483795166016
0.9471595883369446
0.5771524906158447
0.15001244843006134
0.19606594741344452
0.848590612411499
0.639457643032074
0.35923394560813904
0.006921694148331881
0.3271515965461731
0.8361976742744446
0.07783717662096024
0.8464803099632263
0.3389764726161957
0.26675450801849365
0.4386957585811615
0.6271611452102661
0.4148458242416382
0.7868980169296265
0.6325061321258545
0.11170022934675217
0.14924800395965576
0.9680095314979553
0.22269657254219055
0.11147717386484146
0.8287733197212219
0.21341393887996674
0.9650355577468872
0.015797242522239685
0.7997278571128845
0.741924524307251
0.3228413760662079
0.002520598703995347
0.8639290928840637
0.25311022996902466
0.8020142316818237
0.08447740972042084
0.9290357828140259
0.7626580595970154
0.12934088706970215
0.28457576036453247
0.4779950678348541
0.8983048796653748
0.9564140439033508
0.8255125880241394
0.7347239255905151
0.12414827942848206
0.40000787377357483
0.5033137202262878
0.7075934410095215
0.5141482949256897
0.7054086923599243
0.34140074253082275
0.5083111524581909
0.2356647253036499
0.5595964789390564
0.6921546459197998
0.35281798243522644
0.2543237507343292
0.7334173321723938
0.2653399109840393
0.7722473740577698
0.10238540917634964
0.48728397488594055
0.5533648729324341
0.6466994881629944
0.8465458750724792
0.27049821615219116
0.8689988255500793
0.12177329510450363
0.16498573124408722
0.6606490015983582
0.828010618686676
0.10718821734189987
0.5044901967048645
0.3599354326725006
0.8580645322799683
0.7035158276557922
0.36431771516799927
0.10857664793729782
0.0782102644443512
0.15784968435764313
0.1368248462677002
0.12487801164388657
0.4589630663394928
0.606589138507843
0.039154425263404846
0.922805905342102
0.7553784847259521
0.02575814537703991
0.02823643572628498
0.5620277523994446
0.4579680263996124
0.24458257853984833
0.34511837363243103
0.5275650024414062
0.1597399264574051
0.7536152005195618
0.3105798065662384
0.5709584355354309
0.7984538078308105
0.11527304351329803
0.4946610927581787
0.14979279041290283
0.9320285320281982
0.3250894546508789
0.03312100097537041
0.115279920399189
0.5263848900794983
0.05467245727777481
0.6093805432319641
0.032807402312755585
0.11811579018831253
0.24530859291553497
0.3730563223361969
0.9819313883781433
0.4113619923591614
0.9897663593292236
0.7163380980491638
0.974892795085907
0.40856680274009705
0.6634354591369629
0.4697388708591461
0.7322262525558472
0.027411479502916336
0.7229489088058472
0.07788801938295364
0.28033697605133057
0.7351856827735901
0.4853372871875763
0.757267415523529
0.5344019532203674
0.8924320936203003
0.06735289096832275
0.9626911282539368
0.6779760718345642
0.2830708920955658
0.6114351153373718
0.7331912517547607
0.10456674546003342
0.8112420439720154
0.941926896572113
0.7799584865570068
0.4389066696166992
0.44332268834114075
0.12045422196388245
0.9521387219429016
0.9898663759231567
0.04551330581307411
0.7526170611381531
0.5167778730392456
0.9713394641876221
0.36380672454833984
0.08931049704551697
0.20795518159866333
0.9363288283348083
0.17352762818336487
0.11465013027191162
0.6189921498298645
0.8946409225463867
0.6695596575737
0.033593252301216125
0.18253028392791748
0.48384296894073486
0.6002169847488403
0.4919181168079376
0.8173909783363342
0.3645820617675781
0.279763400554657
0.3231565058231354
0.8871196508407593
0.4005875587463379
0.41854843497276306
0.47120577096939087
0.6632249355316162
0.46291887760162354
0.11474782973527908
0.3925401568412781
0.11077554523944855
0.38303980231285095
0.5819337964057922
0.11688258498907089
0.9463604688644409
0.9579098224639893
0.0324527844786644
0.2488000988960266
0.7746018767356873
0.877242386341095
0.5392956733703613
0.5070128440856934
0.9859969019889832
0.6284287571907043
0.4328743815422058
0.3144185543060303
0.6902545094490051
0.0987519845366478
0.05894925445318222
0.13625521957874298
0.24307790398597717
0.8506526350975037
0.4722188413143158
0.032758865505456924
0.999125063419342
0.47188130021095276
0.08530998229980469
0.4317761957645416
0.5619587302207947
0.16923069953918457
0.8237616419792175
0.794994592666626
0.6547196507453918
0.5425628423690796
0.810275673866272
0.301657110452652
0.5352498292922974
0.7991781830787659
0.3355599641799927
0.6836024522781372
0.8429282307624817
0.5826228260993958
0.6785140037536621
0.37058225274086
0.9500410556793213
0.37545204162597656
0.9971597194671631
0.15540632605552673
0.21837559342384338
0.4034162163734436
0.4484265446662903
0.8006235361099243
0.2911878526210785
0.7155365347862244
0.4372185170650482
0.11488132178783417
0.6113916039466858
0.9216557145118713
0.03882769122719765
0.40746548771858215
0.19879983365535736
0.4006635844707489
0.2791122496128082
0.6342436075210571
0.8563776612281799
0.016482723876833916
0.9033950567245483
0.4804275929927826
0.8982495069503784
0.5481894612312317
0.12286438047885895
0.6229954361915588
0.2652423679828644
0.36088061332702637
0.7254183888435364
0.8074667453765869
0.9282891750335693
0.30050140619277954
0.38188526034355164
0.5780016183853149
0.851018488407135
0.4878306984901428
0.3220474123954773
0.03151438757777214
0.7780861258506775
0.4377683103084564
0.3679153621196747
0.8110127449035645
0.8810007572174072
0.8587803840637207
0.1948617547750473
0.7498129606246948
0.49322783946990967
0.7497218251228333
0.26996639370918274
0.7812860012054443
0.09815278649330139
0.5572323203086853
0.5247657895088196
0.06417098641395569
0.052963584661483765
0.6209883093833923
0.08274326473474503
0.7838751673698425
0.9308558106422424
0.7206913232803345
0.47473424673080444
0.6911664605140686
0.8964243531227112
0.06978563219308853
0.9788181185722351
0.5662066340446472
0.4832709729671478
0.1951172798871994
0.3568189740180969
0.22391493618488312
0.49109116196632385
0.2908117473125458
0.07698225229978561
0.4217926561832428
0.5291908383369446
0.12335852533578873
0.5275107622146606
0.7685510516166687
0.45399144291877747
0.2199171632528305
0.43778663873672485
0.14771109819412231
0.8099549412727356
0.1524990051984787
0.044859401881694794
0.7767744064331055
0.31245899200439453
0.9409409761428833
0.8254886269569397
0.15940143167972565
0.9533442854881287
0.1299140900373459
0.8954932689666748
0.6805378198623657
0.8644006848335266
0.0031333884689956903
0.23965995013713837
0.8248940110206604
0.7818846106529236
0.34882667660713196
0.4768979549407959
0.08449575304985046
0.3047369122505188
0.9212448596954346
0.7772048711776733
0.32616546750068665
0.7387942671775818
0.2673071026802063
0.8265568614006042
0.40138009190559387
0.5915305614471436
0.9865779280662537
0.41075432300567627
0.4680723547935486
0.16854551434516907
0.9208562970161438
0.9086838960647583
0.15698952972888947
0.7207528948783875
0.18275900185108185
0.4802851974964142
0.6767296195030212
0.7714971899986267
0.6131250858306885
0.5058000683784485
0.7019277215003967
0.8204728960990906
0.8171281814575195
0.665621280670166
0.99285489320755
0.7112314105033875
0.29417645931243896
0.574328601360321
0.2861621081829071
0.6215023398399353
0.12124548107385635
0.7933637499809265
0.7018328905105591
0.045904532074928284
0.8780531883239746
0.11628920584917068
0.5974881052970886
0.7632188200950623
0.6791974902153015
0.6281366348266602
0.7203484773635864
0.9976226091384888
0.951097309589386
0.27279573678970337
0.6575961709022522
0.18872381746768951
0.14846885204315186
0.04803478717803955
0.5460488796234131
0.14315666258335114
0.7711451649665833
0.2605361342430115
0.9859186410903931
0.4733651578426361
0.013804393820464611
0.3642710745334625
0.9029479622840881
0.8242377042770386
0.0989944189786911
0.6817095279693604
0.291828989982605
0.009209658950567245
0.3331547677516937
0.5947251319885254
0.7677004933357239
0.6257237792015076
0.025309981778264046
0.5542568564414978
0.7440463304519653
0.15081746876239777
0.30772560834884644
0.26842692494392395
0.9759716391563416
0.4196604788303375
0.33741286396980286
0.27275851368904114
0.43146711587905884
0.9401835799217224
0.13722558319568634
0.8112757802009583
0.7910225987434387
0.12394879758358002
0.5190926790237427
0.485132098197937
0.3249889016151428
0.6586008667945862
0.27858132123947144
0.08233073353767395
0.667891800403595
0.44713541865348816
0.9413200616836548
0.21161697804927826
0.9885133504867554
0.24015162885189056
0.6931742429733276
0.316699743270874
0.7297899127006531
0.13091659545898438
0.9426841735839844
0.23448728024959564
0.6186610460281372
0.9421954154968262
0.5432820916175842
0.6824633479118347
0.061649009585380554
0.44897305965423584
0.9969595074653625
0.12481895834207535
0.06854289770126343
0.6446875929832458
0.27205410599708557
0.3275933563709259
0.743096649646759
0.2546573281288147
0.9176464676856995
0.9574161767959595
0.9268255233764648
0.8770286440849304
0.8512008786201477
0.5100845694541931
0.8384206891059875
0.7283941507339478
0.5874329209327698
0.38523268699645996
0.1547495722770691
0.5465795397758484
0.7705960869789124
0.5984788537025452
0.4397834241390228
0.9238560795783997
0.7646916508674622
0.21590277552604675
0.6322002410888672
0.3396885097026825
0.624994695186615
0.6894431710243225
0.35972920060157776
0.6211925745010376
0.8179194927215576
0.5390134453773499
0.1563766896724701
0.48974287509918213
0.504833996295929
0.05179077014327049
0.2536694407463074
0.40631675720214844
0.3727453947067261
0.1787944883108139
0.9003981947898865
0.6871739029884338
0.24981103837490082
0.49368739128112793
0.7689301371574402
0.7225017547607422
0.36921632289886475
0.734049379825592
0.20571786165237427
0.712925374507904
0.7398365139961243
0.24535083770751953
0.5875349640846252
0.4260012209415436
0.8056662082672119
0.40508732199668884
0.7112511992454529
0.2745811343193054
0.17753930389881134
0.08392868936061859
0.3055117428302765
0.13529740273952484
0.021530969068408012
0.47296446561813354
0.6626302003860474
0.5533072352409363
0.5540792346000671
0.7425128817558289
0.32636260986328125
0.9390102028846741
0.6282958388328552
0.6857871413230896
0.20699407160282135
0.686170220375061
0.43697354197502136
0.5079520344734192
0.10458196699619293
0.7981722354888916
0.24240566790103912
0.3401589095592499
0.9404406547546387
0.19148872792720795
0.15272825956344604
0.33773064613342285
0.6349223256111145
0.4550193250179291
0.5465877652168274
0.31614384055137634
0.06485383957624435
0.47065266966819763
0.6364131569862366
0.2810276448726654
0.10558809340000153
0.4734828770160675
0.0799974650144577
0.9940341114997864
0.35962897539138794
0.872928261756897
0.19001534581184387
0.20442022383213043
0.8982493877410889
0.14995016157627106
0.5119764804840088
0.6879631280899048
0.1772148162126541
0.6197596192359924
0.13948111236095428
0.5370526313781738
0.0301907267421484
0.31843551993370056
0.5775232911109924
0.16941897571086884
0.22024860978126526
0.8611278533935547
0.4165733754634857
0.19844982028007507
0.7016919851303101
0.13360057771205902
0.12517321109771729
0.051221225410699844
0.913162350654602
0.472478985786438
0.8785769939422607
0.9814999103546143
0.06366421282291412
0.17383906245231628
0.6264938116073608
0.8885776996612549
0.03584917634725571
0.7500687837600708
0.25368204712867737
0.9073070883750916
0.2155812382698059
0.40469056367874146
0.5969379544258118
0.4187781512737274
0.5927608013153076
0.37483158707618713
0.5825635194778442
0.1674894541501999
0.31358399987220764
0.014870591461658478
0.919788122177124
0.5343589782714844
0.3060024380683899
0.933036208152771
0.3404393196105957
0.8710673451423645
0.00011628328502411023
0.13267125189304352
0.6751070618629456
0.07448697835206985
0.15606583654880524
0.8410003781318665
0.3495084047317505
0.3439829647541046
0.3913099467754364
0.8162785768508911
0.11268207430839539
0.5435926914215088
0.7850598692893982
0.9511772990226746
0.04041721671819687
0.4135713577270508
0.7122209668159485
0.32686761021614075
0.7680114507675171
0.2453245371580124
0.6328122019767761
0.9701946973800659
0.07954801619052887
0.7749205827713013
0.471168577671051
0.515856146812439
0.039860084652900696
0.25782689452171326
0.5969284772872925
0.43669992685317993
0.5982771515846252
0.016321131959557533
0.44747525453567505
0.44381600618362427
0.9498031735420227
0.1376475691795349
0.5094391107559204
0.8329744338989258
0.2056794911623001
0.2822997570037842
0.267551988363266
0.8007081747055054
0.24244268238544464
0.643343985080719
0.39488041400909424
0.7956786751747131
0.33111387491226196
0.03380928188562393
0.7823712229728699
0.7436617016792297
0.6039767265319824
0.12192150205373764
0.7801130414009094
0.9819108843803406
0.07103345543146133
0.06884732842445374
0.7779231667518616
0.3873926103115082
0.04169757664203644
0.2770407795906067
0.43178004026412964
0.10658906400203705
0.9147489666938782
0.02963130548596382
0.17381995916366577
0.6584434509277344
0.15250763297080994
0.3609650731086731
0.6379579305648804
0.15870240330696106
0.38944557309150696
0.05179945379495621
0.8038103580474854
0.7173553109169006
0.9933832287788391
0.7717939615249634
0.8137348890304565
0.07042541354894638
0.9164037704467773
0.7501668334007263
0.27068209648132324
0.2022811472415924
0.6282190084457397
0.931465208530426
0.12703390419483185
0.17741043865680695
0.2924576699733734
0.26701706647872925
0.2042987197637558
0.645298421382904
0.35625505447387695
0.3198331892490387
0.6388134360313416
0.22064770758152008
0.812314510345459
0.9117572903633118
0.6911500692367554
0.7082716822624207
0.3551988899707794
0.5960137248039246
0.4082645773887634
0.6510851979255676
0.5225129127502441
0.8615203499794006
0.3219292163848877
0.7931787371635437
0.2812473773956299
0.9070486426353455
0.17095577716827393
0.6654362082481384
0.13251714408397675
0.49180513620376587
0.0871608704328537
0.39888355135917664
0.5361087918281555
0.9398409128189087
0.689481794834137
0.5935632586479187
0.468598872423172
0.02130742371082306
0.062487296760082245
0.8800917863845825
0.8515617847442627
0.07304167747497559
0.033786848187446594
0.04732545465230942
0.968151867389679
0.7042575478553772
0.4364733099937439
0.8284715414047241
0.8187216520309448
0.92244952917099
0.7196851968765259
0.38086122274398804
0.3056427538394928
0.6389559507369995
0.5224364995956421
0.6668857336044312
0.7369789481163025
0.444923996925354
0.5973524451255798
0.016699695959687233
0.0019156815251335502
0.5233303904533386
0.5177913308143616
0.28537413477897644
0.23539897799491882
0.4545203447341919
0.16770191490650177
0.9433491230010986
0.21043173968791962
0.38763612508773804
0.9893244504928589
0.7808486223220825
0.7949167490005493
0.03618911653757095
0.6912233233451843
0.16201455891132355
0.04318329319357872
0.46953943371772766
0.27624669671058655
0.6910712718963623
0.8218560814857483
0.3936982750892639
0.9480502009391785
0.8725054860115051
0.16201862692832947
0.38528040051460266
0.26181474328041077
0.038979001343250275
0.7305601239204407
0.004872559104114771
0.47007274627685547
0.271400511264801
0.5103124976158142
0.8140862584114075
0.29413336515426636
0.9571656584739685
0.9965512752532959
0.45109087228775024
0.32829537987709045
0.5219877362251282
0.9982680082321167
0.4443061351776123
0.2477455586194992
0.21637842059135437
0.4363057017326355
0.7919678092002869
0.29222628474235535
0.5331053733825684
0.32128506898880005
0.1822257936000824
0.3682243525981903
0.24726690351963043
0.44059082865715027
0.4922642707824707
0.40186968445777893
0.9279053807258606
0.6774396300315857
0.9673470854759216
0.14435333013534546
0.7676315903663635
0.6076347231864929
0.29758214950561523
0.39158526062965393
0.11799031496047974
0.1987496018409729
0.49351733922958374
0.8446281552314758
0.07344235479831696
0.4150211811065674
0.2842464745044708
0.24368466436862946
0.5292719006538391
0.32582128047943115
0.913267970085144
0.499809592962265
0.021647321060299873
0.34326982498168945
0.3131711184978485
0.6227647066116333
0.3091629445552826
0.4653698205947876
0.9910921454429626
0.47378209233283997
0.5357913374900818
0.393318772315979
0.14285063743591309
0.4346323311328888
0.8233240842819214
0.17017075419425964
0.1620033234357834
0.29515936970710754
0.7370736598968506
0.013990426436066628
0.5614625811576843
0.1891259253025055
0.2536623179912567
0.37894773483276367
0.9597406983375549
0.6651773452758789
0.06350917369127274
0.5061259269714355
0.8392565250396729
0.7642845511436462
0.8865264058113098
0.4962258040904999
0.03619768097996712
0.2836287021636963
0.34729909896850586
0.16822853684425354
0.7380021214485168
0.8359848856925964
0.7432582974433899
0.32709309458732605
0.23227283358573914
0.15689153969287872
0.2353617399930954
0.9702662825584412
0.8830575346946716
0.2996017634868622
0.3124103248119354
0.36568552255630493
0.17285515367984772
0.024435462430119514
0.28098684549331665
0.2907435894012451
0.19581648707389832
0.7666013240814209
0.08965843170881271
0.9672734141349792
0.09917174279689789
0.7065717577934265
0.03750153258442879
0.2253473699092865
0.2827838361263275
0.15686306357383728
0.22552324831485748
0.10151848942041397
0.3796490728855133
0.4314819276332855
0.12697245180606842
0.4860488772392273
0.6249474287033081
0.36258232593536377
0.7064528465270996
0.49545368552207947
0.8509968519210815
0.9338822364807129
0.9845505356788635
0.7763990163803101
0.6647481322288513
0.1873343586921692
0.45568668842315674
0.9396703839302063
0.007627379614859819
0.24999932944774628
0.3012976348400116
0.8209527730941772
0.6389946341514587
0.0630825012922287
0.3563138246536255
0.37404197454452515
0.27641919255256653
0.5761942863464355
0.3715057373046875
0.5183398723602295
0.2508338391780853
0.5870785713195801
0.4393855035305023
0.5827659368515015
0.5218856930732727
0.39407843351364136
0.5180201530456543
0.7491012811660767
0.058001287281513214
0.960823118686676
0.21280436217784882
0.9299290776252747
0.40641170740127563
0.3552700877189636
0.9609369039535522
0.3630417585372925
0.6572747826576233
0.31435710191726685
0.40586575865745544
0.510740339756012
0.16837114095687866
0.827443540096283
0.2637675106525421
0.4296237528324127
0.7301280498504639
0.745985209941864
0.13284216821193695
0.8481391668319702
0.39621657133102417
0.08621618896722794
0.47567805647850037
0.8726173043251038
0.744572103023529
0.9337018132209778
0.485832542181015
0.3464071750640869
0.7669258117675781
0.8590376973152161
0.4816965162754059
0.2518516480922699
0.0027459715493023396
0.8920531868934631
0.05145169794559479
0.9283738732337952
0.7687506675720215
0.40581396222114563
0.9772234559059143
0.9528147578239441
0.07497748732566833
0.4811951518058777
0.8447980880737305
0.8956720232963562
0.4316752254962921
0.5130545496940613
0.7202042937278748
0.8129435181617737
0.43753984570503235
0.4241507649421692
0.4007444381713867
0.024901585653424263
0.7426446080207825
0.29511338472366333
0.726866602897644
0.39867520332336426
0.09081116318702698
0.4764901399612427
0.5331302881240845
0.9734057784080505
0.9193927645683289
0.7860057353973389
0.6997429132461548
0.03975171223282814
0.49139153957366943
0.868337094783783
0.6281328797340393
0.9877689480781555
0.20340783894062042
0.9846484661102295
0.17171402275562286
0.8774952292442322
0.9603478312492371
0.40583115816116333
0.15789587795734406
0.8672422766685486
0.6717801690101624
0.26039841771125793
0.8838171362876892
0.9617875814437866
0.15015771985054016
0.7517229318618774
0.04105731099843979
0.2905758023262024
0.8889580368995667
0.24190674722194672
0.18317057192325592
0.7885416746139526
0.4210420250892639
0.2812650501728058
0.49380677938461304
0.8507406711578369
0.8920002579689026
0.6030520796775818
0.8386504650115967
0.7630627155303955
0.5286051630973816
0.8122345209121704
0.9925023317337036
0.21912531554698944
0.3984488546848297
0.6084128022193909
0.7443869113922119
0.6309892535209656
0.6566124558448792
0.8997125625610352
0.9745929837226868
0.9821596741676331
0.05609888955950737
0.20579949021339417
0.20407618582248688
0.19679948687553406
0.3614460527896881
0.5219689607620239
0.6187378168106079
0.7393923401832581
0.2135765701532364
0.06464312225580215
0.22298166155815125
0.8725373148918152
0.7966684103012085
0.022639770060777664
0.1490931659936905
0.1564064621925354
0.16321177780628204
0.2509478032588959
0.9068589806556702
0.9840156435966492
0.18312202394008636
0.8780198097229004
0.18077997863292694
0.7535360455513
0.5425114631652832
0.7130818963050842
0.1480652540922165
0.5112524032592773
0.33806589245796204
0.17272858321666718
0.1280573606491089
0.2476506531238556
0.7134888768196106
0.6945504546165466
0.21936433017253876
0.8152354955673218
0.5491074323654175
0.46051934361457825
0.6281588673591614
0.6558457016944885
0.4481212794780731
0.10624907910823822
0.3154662251472473
0.8110033273696899
0.38494834303855896
0.5945121645927429
0.4023631513118744
0.3634890913963318
0.0014673774130642414
0.6863731145858765
0.7945579290390015
0.2983074486255646
0.3759315311908722
0.03720255196094513
0.38943198323249817
0.041312325745821
0.027957746759057045
0.33122771978378296
0.6540278196334839
0.19176211953163147
0.46383920311927795
0.24637381732463837
0.6774738430976868
0.2558182179927826
0.14623813331127167
0.6128670573234558
0.7442744374275208
0.4990186095237732
0.8849779963493347
0.48450523614883423
0.7263789176940918
0.7248281240463257
0.1091674417257309
0.4955032765865326
0.26677966117858887
0.795460045337677
0.39293062686920166
0.9235233068466187
0.5969760417938232
0.6426259279251099
0.4308745861053467
0.046965405344963074
0.31962382793426514
0.1927945762872696
0.07432343810796738
0.14523276686668396
0.25815752148628235
0.02205081097781658
0.4973180890083313
0.6693876385688782
0.44179767370224
0.9256060123443604
0.25229960680007935
0.8082062005996704
0.4081992208957672
0.28823143243789673
0.1968025267124176
0.058508556336164474
0.9119608998298645
0.9251867532730103
0.8864814639091492
0.5551880598068237
0.7320409417152405
0.9726513624191284
0.4114835262298584
0.8258002996444702
0.7214131355285645
0.2837725877761841
0.28902363777160645
0.6415271162986755
0.9342929124832153
0.6657459735870361
0.162040576338768
0.10882368683815002
0.5815927386283875
0.8093650341033936
0.2404375821352005
0.8598439693450928
0.9831380844116211
0.2759176194667816
0.7523291707038879
0.41662004590034485
0.8121556639671326
0.395352303981781
0.7148618698120117
0.9419044256210327
0.5197879672050476
0.6154554486274719
0.9695088863372803
0.8937759399414062
0.7993116974830627
0.2595621943473816
0.8236991167068481
0.17542044818401337
0.6834425330162048
0.21805723011493683
0.8475258946418762
0.5753741264343262
0.8955472707748413
0.983893871307373
0.6296435594558716
0.04953053221106529
0.2772907018661499
0.6714724898338318
0.8349161148071289
0.7733317017555237
0.3783516585826874
0.037557076662778854
0.8168543577194214
0.07315727323293686
0.5716850757598877
0.1582457721233368
0.19564926624298096
0.36760154366493225
0.6005898118019104
0.39274030923843384
0.9852539300918579
0.985152006149292
0.22566328942775726
0.24623188376426697
0.5641976594924927
0.11319341510534286
0.5563178062438965
0.595049262046814
0.9049707055091858
0.8180619478225708
0.7679210901260376
0.5170245170593262
0.09539050608873367
0.8205975294113159
0.8480749726295471
0.5067636370658875
0.39886152744293213
0.9413071870803833
0.5078586339950562
0.5500979423522949
0.9265509843826294
0.7119244337081909
0.14537248015403748
0.4995305836200714
0.4863453209400177
0.5950024724006653
0.9013398885726929
0.7876802086830139
0.6745047569274902
0.9071788787841797
0.4901321232318878
0.04268958047032356
0.0006073195254430175
0.5574620366096497
0.49737417697906494
0.9382914900779724
0.258548378944397
0.10552915185689926
0.5991657972335815
0.6372758746147156
0.028871970251202583
0.7122583389282227
0.6337981224060059
0.9710463285446167
0.9016011953353882
0.2601865828037262
0.02850092202425003
0.5347934365272522
0.7708401679992676
0.8028157949447632
0.623079240322113
0.9777255654335022
0.1690741777420044
0.43059778213500977
0.5288614630699158
0.3015657067298889
0.8520660400390625
0.35127967596054077
0.7801684737205505
0.7706611156463623
0.11519387364387512
0.9934659004211426
0.28539523482322693
0.007892091758549213
0.2545596659183502
0.49545153975486755
0.2709370255470276
0.17652527987957
0.686596155166626
0.09782136231660843
0.03624483570456505
0.4071163833141327
0.1406262367963791
0.4179106652736664
0.5451494455337524
0.3886307179927826
0.130573570728302
0.24863559007644653
0.9881373643875122
0.32789406180381775
0.8097239136695862
0.7549780607223511
0.07058601081371307
0.10881993174552917
0.3792099058628082
0.9233314990997314
0.07851529121398926
0.054326724261045456
0.27730605006217957
0.7822715640068054
0.6074796915054321
0.18373167514801025
0.11180784553289413
0.06748546659946442
0.8738508224487305
0.9747194647789001
0.9945289492607117
0.42957961559295654
0.3515825569629669
0.20748768746852875
0.03660839423537254
0.1285332888364792
0.29665932059288025
0.7388638854026794
0.18057386577129364
0.8788310289382935
0.11260305345058441
0.7939428091049194
0.9507047533988953
0.8155918121337891
0.7353197932243347
0.8800053000450134
0.3937753438949585
0.7669461965560913
0.35792091488838196
0.4809088110923767
0.0023253681138157845
0.7828781604766846
0.8199113607406616
0.979560375213623
0.43930041790008545
0.8303903937339783
0.3603334128856659
0.6788443326950073
0.8895622491836548
0.06478593498468399
0.6638668179512024
0.8524551391601562
0.11119451373815536
0.6763182878494263
0.26533952355384827
0.4065059423446655
0.051659658551216125
0.0023588701151311398
0.12135083228349686
0.10503870248794556
0.4811675548553467
0.7199490666389465
0.3043970465660095
0.12366827577352524
0.5971586108207703
0.8240975141525269
0.7157208323478699
0.2982410490512848
0.1723586618900299
0.4186283349990845
0.8026906251907349
0.03635939583182335
0.875295877456665
0.7885617017745972
0.5978348851203918
0.9192088842391968
0.3792787790298462
0.6609745025634766
0.3308362364768982
0.8395407199859619
0.46367135643959045
0.1728634089231491
0.8839549422264099
0.03620259836316109
0.9034977555274963
0.4855859577655792
0.09982987493276596
0.5127702951431274
0.22162698209285736
0.11508165299892426
0.4884268641471863
0.6413894891738892
0.9623134732246399
0.3120594918727875
0.04186464473605156
0.8212197422981262
0.7013177871704102
0.29287779331207275
0.481638103723526
0.5129637718200684
0.5296629667282104
0.651154637336731
0.6780884265899658
0.38879936933517456
0.8936079144477844
0.9800859689712524
0.7127570509910583
0.11693093925714493
0.543372392654419
0.3390927314758301
0.7607283592224121
0.001608210033737123
0.11692062020301819
0.4753606617450714
0.494859904050827
0.364655464887619
0.8014745116233826
0.21324753761291504
0.2695520520210266
0.8557068705558777
0.8015936613082886
0.6596991419792175
0.6515517830848694
0.7727219462394714
0.024085791781544685
0.7413307428359985
0.38061806559562683
0.8157339096069336
0.782632052898407
0.8915593028068542
0.5005164742469788
0.6820120811462402
0.030133983120322227
0.08581329137086868
0.1399860978126526
0.03513738885521889
0.6252180933952332
0.21125727891921997
0.8257676362991333
0.25339677929878235
0.20000970363616943
0.8144521117210388
0.540721595287323
0.49688446521759033
0.24574609100818634
0.1864117980003357
0.6457642912864685
0.42907264828681946
0.3736439645290375
0.3782937228679657
0.4982755780220032
0.9019553661346436
0.8688861727714539
0.6345330476760864
0.8273254036903381
0.6475028395652771
0.2265356332063675
0.9906222820281982
0.9930360913276672
0.9070260524749756
0.2884238064289093
0.6380441188812256
0.11053220927715302
0.8386363983154297
0.7484503388404846
0.33916276693344116
0.24950484931468964
0.3394988477230072
0.16087205708026886
0.10539895296096802
0.1407623589038849
0.9275554418563843
0.4936539828777313
0.7150461077690125
0.24031731486320496
0.9399663209915161
0.9066504240036011
0.8917939066886902
0.6605004668235779
0.8144915699958801
0.08501719683408737
0.45774275064468384
0.716301679611206
0.39965519309043884
0.7379273176193237
0.6148844361305237
0.4226302206516266
0.21921662986278534
0.23024523258209229
0.5781843662261963
0.9630788564682007
0.5822684168815613
0.9030542373657227
0.41661038994789124
0.5006367564201355
0.4724681079387665
0.6985340118408203
0.22073371708393097
0.5939822793006897
0.6805228590965271
0.4750915467739105
0.879570722579956
0.2175130993127823
0.2354106456041336
0.17882540822029114
0.40193745493888855
0.07458186894655228
0.36291807889938354
0.06301727890968323
0.17117390036582947
0.25202807784080505
0.8753424286842346
0.5952023863792419
0.7530555725097656
0.0991838201880455
0.3296527564525604
0.4349890947341919
0.5391927361488342
0.16120824217796326
0.9339277148246765
0.02329196222126484
0.6307385563850403
0.8889079093933105
0.7298356890678406
0.6894984245300293
0.3066087067127228
0.33989283442497253
0.5968939065933228
0.9004155397415161
0.1788691133260727
0.47717833518981934
0.8016198873519897
0.7001305818557739
0.9692487716674805
0.8516703844070435
0.11457449197769165
0.7331166863441467
0.8674765229225159
0.1738889217376709
0.05983224883675575
0.09045899659395218
0.2935297191143036
0.9129073023796082
0.7010230422019958
0.4926091730594635
0.5071778893470764
0.060821641236543655
0.9963632225990295
0.02991676889359951
0.3814677894115448
0.8165501952171326
0.7856116890907288
0.22462347149848938
0.9667352437973022
0.5829864740371704
0.6671784520149231
0.40203550457954407
0.2705802917480469
0.11348193883895874
0.9551143050193787
0.2875627279281616
0.2453247606754303
0.23015578091144562
0.9989891052246094
0.42074549198150635
0.10215438902378082
0.8487657904624939
0.35363900661468506
0.5572330355644226
0.9693254828453064
0.8782360553741455
0.06301578134298325
0.2044125348329544
0.37120917439460754
0.7895991802215576
0.16291777789592743
0.30120977759361267
0.3614417612552643
0.7214974761009216
0.35515838861465454
0.3333406150341034
0.1770222932100296
0.7344218492507935
0.20079462230205536
0.23525822162628174
0.01674186810851097
0.6695314049720764
0.8458488583564758
0.2882199287414551
0.5751276612281799
0.42766037583351135
0.6457334160804749
0.5421379208564758
0.44404152035713196
0.9405280947685242
0.8837621212005615
0.8083035945892334
0.6006706357002258
0.8257502317428589
0.3047528564929962
0.7795004844665527
0.3734782636165619
0.13552066683769226
0.10250741988420486
0.21464556455612183
0.10457699745893478
0.9475513696670532
0.3585226237773895
0.9267675280570984
0.12065146118402481
0.6239290237426758
0.6109625697135925
0.012296848930418491
0.8630656003952026
0.7273570895195007
0.5333986878395081
0.029629981145262718
0.3509398102760315
0.9246841073036194
0.2590845227241516
0.5011084675788879
0.2886587977409363
0.0018107977230101824
0.2739056348800659
0.5222849249839783
0.08701907843351364
0.38792163133621216
0.11020010709762573
0.8954296112060547
0.6852867603302002
0.9250528216362
0.6485504508018494
0.315746545791626
0.21122623980045319
0.23945261538028717
0.5676093697547913
0.7027546167373657
0.03847803920507431
0.8652986288070679
0.3097838759422302
0.83510822057724
0.4223819673061371
0.7122015357017517
0.28838488459587097
0.8504067063331604
0.423734575510025
0.5795620679855347
0.9111708402633667
0.384073406457901
0.26443594694137573
0.6774160265922546
0.2676200568675995
0.1455167531967163
0.31280630826950073
0.4073556959629059
0.215101957321167
0.7793165445327759
0.3943788409233093
0.8769853711128235
0.8599644899368286
0.27022263407707214
0.10452859848737717
0.28800535202026367
0.8949699401855469
0.5213379263877869
0.0020137617830187082
0.4432813823223114
0.8699123859405518
0.47941142320632935
0.039988111704587936
0.31473585963249207
0.13983869552612305
0.9057828783988953
0.4383126497268677
0.606838583946228
0.6694755554199219
0.48479363322257996
0.08011341094970703
0.18186894059181213
0.954416036605835
0.15401574969291687
0.3364163041114807
0.15151430666446686
0.1302558332681656
0.8782321810722351
0.6248107552528381
0.2386327087879181
0.16494788229465485
0.1343155950307846
0.488243043422699
0.8679087162017822
0.1333577036857605
0.3922302722930908
0.5090851783752441
0.6382057666778564
0.9346423745155334
0.4619871973991394
0.43390974402427673
0.17458051443099976
0.5624162554740906
0.4946557581424713
0.3033154308795929
0.8815531730651855
0.8239207863807678
0.4691784679889679
0.595062255859375
0.6466376185417175
0.9019358158111572
0.0725230798125267
0.09053685516119003
0.7445791363716125
0.9837141633033752
0.25460153818130493
0.35731396079063416
0.7032084465026855
0.253266841173172
0.9757402539253235
0.8211063742637634
0.02657298371195793
0.919927179813385
0.7364218235015869
0.14486336708068848
0.5036084055900574
0.7201969623565674
0.7538202404975891
0.014147177338600159
0.4346446692943573
0.9653589129447937
0.0686124935746193
0.5434889197349548
0.8485807776451111
0.664825439453125
0.8195371031761169
0.29910650849342346
0.1461491882801056
0.6884322762489319
0.745335578918457
0.07859797030687332
0.6916605830192566
0.5891460180282593
0.9887856841087341
0.5345471501350403
0.14644931256771088
0.16128847002983093
0.45296427607536316
0.04562870040535927
0.5129146575927734
0.4408477246761322
0.12990207970142365
0.5451972484588623
0.42833706736564636
0.4199257493019104
0.8658711910247803
0.12266933172941208
0.7976782321929932
0.7315773963928223
0.7756727337837219
0.672356367111206
0.32603564858436584
0.57310950756073
0.9956341981887817
0.9965769052505493
0.6061855554580688
0.19193506240844727
0.5487680435180664
0.713077962398529
0.545691192150116
0.27135127782821655
0.3034646809101105
0.3161453902721405
0.5312787890434265
0.5675280690193176
0.7947321534156799
0.18878597021102905
0.05426221713423729
0.7544079422950745
0.3705148994922638
0.3704005181789398
0.6439982056617737
0.39856013655662537
0.4808155596256256
0.24035750329494476
0.5524476766586304
0.09344872832298279
0.43227413296699524
0.3958303928375244
0.8842547535896301
0.7374492287635803
0.43592095375061035
0.40552863478660583
0.48819300532341003
0.625166654586792
0.8162391185760498
0.36630213260650635
0.394459992647171
0.34942105412483215
0.33187344670295715
0.48983585834503174
0.2140064686536789
0.9121301174163818
0.912516176700592
0.0031612967140972614
0.8383086323738098
0.819796621799469
0.7141149044036865
0.4655236303806305
0.7367913126945496
0.6158615350723267
0.8363394141197205
0.677223265171051
0.2917175590991974
0.885722279548645
0.6422359943389893
0.35749757289886475
0.8501043915748596
0.7628700137138367
0.7312783002853394
0.06153121218085289
0.8685833215713501
0.18349727988243103
0.7739130854606628
0.3918807804584503
0.9154504537582397
0.44924312829971313
0.2919820249080658
0.3903864324092865
0.9813360571861267
0.712386429309845
0.08691196888685226
0.8309758901596069
0.18639852106571198
0.4850108027458191
0.5095645189285278
0.7513434886932373
0.7326473593711853
0.8252453207969666
0.2492266148328781
0.18083196878433228
0.3784859776496887
0.13169732689857483
0.871771514415741
0.44970008730888367
0.5612462162971497
0.46023792028427124
0.09180960804224014
0.21209752559661865
0.6598657965660095
0.34903398156166077
0.7180222272872925
0.37435659766197205
0.9232168197631836
0.17413003742694855
0.6795831918716431
0.7663670182228088
0.3521779179573059
0.04864923655986786
0.9705175161361694
0.33015933632850647
0.9757025837898254
0.5092887282371521
0.8433526754379272
0.8426312804222107
0.47602593898773193
0.2289939671754837
0.2085815966129303
0.5868818163871765
0.49519169330596924
0.10662547498941422
0.26026830077171326
0.22105857729911804
0.4733857214450836
0.44831451773643494
0.02372332476079464
0.1727326512336731
0.24841849505901337
0.7676759362220764
0.8776838183403015
0.492940753698349
0.9221163988113403
0.8557432889938354
0.2401474565267563
0.5934407711029053
0.9714012742042542
0.6588913798332214
0.7698283195495605
0.17544516921043396
0.12131965905427933
0.21594740450382233
0.13091018795967102
0.8132399916648865
0.5558457970619202
0.2680686116218567
0.3549591302871704
0.44278743863105774
0.5144224762916565
0.4687249958515167
0.7877306342124939
0.9696236848831177
0.7165391445159912
0.18359024822711945
0.7579424977302551
0.7296964526176453
0.9594101905822754
0.020989233627915382
0.7820088267326355
0.5696020722389221
0.9350985884666443
0.9327332973480225
0.8812511563301086
0.5748244524002075
0.3511934280395508
0.23672249913215637
0.172265887260437
0.39043712615966797
0.5254878997802734
0.487350732088089
0.4317033886909485
0.0815771222114563
0.21008086204528809
0.9314906001091003
0.9779340624809265
0.07001686841249466
0.8212759494781494
0.41190505027770996
0.42159754037857056
0.23760131001472473
0.007195152807980776
0.6453995704650879
0.6560931205749512
0.35408273339271545
0.824579119682312
0.9787007570266724
0.5018426179885864
0.5239748358726501
0.5581264495849609
0.48815062642097473
0.6264642477035522
0.4551595151424408
0.23572829365730286
0.35968470573425293
0.11434436589479446
0.09628570824861526
0.6163188219070435
0.44338154792785645
0.11765670776367188
0.08321982622146606
0.2094413936138153
0.6187400817871094
0.4057494103908539
0.9895744323730469
0.6485233306884766
0.8416494727134705
0.41881000995635986
0.6691387295722961
0.17708003520965576
0.1895865648984909
0.4773155450820923
0.3690568506717682
0.2901553809642792
0.08062346279621124
0.5690484642982483
0.6821019053459167
0.47132715582847595
0.5416533350944519
0.2730444073677063
0.48088645935058594
0.03192979842424393
0.45396286249160767
0.33293816447257996
0.8134328126907349
0.4502190947532654
0.46447741985321045
0.7079095244407654
0.38174667954444885
0.06105230376124382
0.08444636315107346
0.4421537518501282
0.06590695679187775
0.8875343203544617
0.1484115719795227
0.7160738706588745
0.8761720657348633
0.8837949633598328
0.8460566401481628
0.22250384092330933
0.41081807017326355
0.9973539113998413
0.22345280647277832
0.6194766163825989
0.9612151384353638
0.12496311962604523
0.8144088387489319
0.7838714718818665
0.8365654349327087
0.159457266330719
0.31766748428344727
0.2856304943561554
0.2101563811302185
0.4593042731285095
0.5015977025032043
0.5788668394088745
0.8906648755073547
0.473820298910141
0.6716399192810059
0.2529480755329132
0.09407399594783783
0.9878656268119812
0.9322256445884705
0.25046366453170776
0.8000626564025879
0.6440554857254028
0.494583398103714
0.30614373087882996
0.6802104711532593
0.282292902469635
0.6300001740455627
0.8903422355651855
0.5037234425544739
0.4582831859588623
0.9427366852760315
0.6480603218078613
0.5428981184959412
0.9570032954216003
0.17830199003219604
0.9858728051185608
0.4922926127910614
0.8775554299354553
0.0008635858539491892
0.0653177797794342
0.8065608739852905
0.5385594367980957
0.34723493456840515
0.5211194157600403
0.6824453473091125
0.716988742351532
0.8867054581642151
0.7947410345077515
0.2194690704345703
0.5821749567985535
0.6055395603179932
0.660098135471344
0.6969078779220581
0.11887756735086441
0.024596350267529488
0.32673853635787964
0.03377160057425499
0.8987530469894409
0.6554687023162842
0.10448877513408661
0.7680523991584778
0.7467149496078491
0.234022319316864
0.8915156126022339
0.9502972960472107
0.4132484197616577
0.8038799166679382
0.7855172753334045
0.909472644329071
0.30085980892181396
0.5191391706466675
0.14134939014911652
0.6920226812362671
0.20963536202907562
0.8816089034080505
0.8691657781600952
0.9555341601371765
0.38823965191841125
0.3359486162662506
0.39744967222213745
0.572450578212738
0.9421486258506775
0.17607654631137848
0.9016265869140625
0.4196700155735016
0.3976398706436157
0.6730741858482361
0.4906025230884552
0.4294704496860504
0.9861764907836914
0.8487064242362976
0.6568901538848877
0.005290589295327663
0.28591465950012207
0.9566364884376526
0.5988529324531555
0.29848575592041016
0.6791722774505615
0.6340274810791016
0.5048844218254089
0.49678167700767517
0.35135865211486816
0.8942279815673828
0.8303124308586121
0.5952956676483154
0.6501516103744507
0.8852704167366028
0.20814600586891174
0.8142476081848145
0.8105571269989014
0.7376885414123535
0.022178178653120995
0.22785179316997528
0.2296924591064453
0.727910578250885
0.8188841938972473
0.7850036025047302
0.08896595239639282
0.22080445289611816
0.14018367230892181
0.5825350880622864
0.8344536423683167
0.960287868976593
0.046633150428533554
0.5084784626960754
0.9228482842445374
0.2739216387271881
0.7667160630226135
0.13322198390960693
0.7839357852935791
0.571794867515564
0.40319570899009705
0.7446995973587036
0.11659262329339981
0.819552481174469
0.8206073641777039
0.8598388433456421
0.6807857751846313
0.1327122002840042
0.3341917097568512
0.7325250506401062
0.390346884727478
0.4986155331134796
0.3214241862297058
0.3865596652030945
0.9997438192367554
0.7762987017631531
0.553604006767273
0.9606652855873108
0.47313934564590454
0.04021653160452843
0.5704121589660645
0.23907217383384705
0.03414073958992958
0.2603687047958374
0.7168192863464355
0.9619293212890625
0.17904135584831238
0.427192747592926
0.6610350012779236
0.019457200542092323
0.27896612882614136
0.7054671049118042
0.3489057123661041
0.00829603523015976
0.336147665977478
0.06751587986946106
0.680938184261322
0.8149280548095703
0.8411963582038879
0.7857466340065002
0.47137323021888733
0.40212497115135193
0.8416643142700195
0.6745564341545105
0.4716346859931946
0.5902547240257263
0.8164699077606201
0.6552364826202393
0.7479121685028076
0.5850521922111511
0.14610204100608826
0.5166775584220886
0.5830950736999512
0.5545863509178162
0.5942702889442444
0.05209913104772568
0.21805541217327118
0.42699554562568665
0.25653669238090515
0.641044020652771
0.21851348876953125
0.7987856268882751
0.0438556894659996
0.8890869617462158
0.3293403685092926
0.7436705827713013
0.27291885018348694
0.0696089118719101
0.1217685341835022
0.06176187843084335
0.7108194828033447
0.4348871409893036
0.22513088583946228
0.6864690780639648
0.040324658155441284
0.4120543897151947
0.8084588050842285
0.5267974138259888
0.004648314323276281
0.5809550881385803
0.10512992739677429
0.9628657698631287
0.14360807836055756
0.7050351500511169
0.15639178454875946
0.9617956876754761
0.26589909195899963
0.713296115398407
0.6160216927528381
0.5691060423851013
0.24374864995479584
0.3382953107357025
0.9173216223716736
0.2626384496688843
0.6201058030128479
0.612278401851654
0.12457804381847382
0.7655662894248962
0.6222867965698242
0.8790076375007629
0.37704697251319885
0.8322291374206543
0.2833256721496582
0.6271547079086304
0.9935153722763062
0.016959266737103462
0.9996601343154907
0.28470101952552795
0.9284206032752991
0.42336106300354004
0.8647076487541199
0.909699022769928
0.08842967450618744
0.7125381231307983
0.7043176889419556
0.42466723918914795
0.48362505435943604
0.8675105571746826
0.24210096895694733
0.030752046033740044
0.6659393310546875
0.41259464621543884
0.63814377784729
0.7386749982833862
0.4357765018939972
0.42734989523887634
0.8037135601043701
0.3931696116924286
0.9644657373428345
0.12856566905975342
0.45974016189575195
0.6768375635147095
0.39409634470939636
0.5549012422561646
0.21430589258670807
0.9132592678070068
0.8399147987365723
0.5515614748001099
0.8762123584747314
0.06452549248933792
0.4372779428958893
0.5848830938339233
0.7233622670173645
0.22235412895679474
0.9005406498908997
0.04020648077130318
0.7920429706573486
0.6009929180145264
0.9770742654800415
0.31783586740493774
0.33937737345695496
0.7967773675918579
0.4273410439491272
0.5735912919044495
0.20431029796600342
0.6276342868804932
0.4726204574108124
0.7075740694999695
0.5216648578643799
0.7485955953598022
0.6537522077560425
0.1455463171005249
0.5598070621490479
0.3926357924938202
0.31726470589637756
0.9219064712524414
0.2818845212459564
0.5908748507499695
0.5000095963478088
0.8261822462081909
0.28469187021255493
0.8707493543624878
0.9303007125854492
0.6587412357330322
0.8538087606430054
0.9919008612632751
0.8313585519790649
0.11271149665117264
0.8202017545700073
0.9110389351844788
0.2334928661584854
0.9054068326950073
0.02263251133263111
0.7161416411399841
0.41391804814338684
0.6555790901184082
0.02141449972987175
0.6013941764831543
0.8401750922203064
0.21954979002475739
0.26827073097229004
0.585426390171051
0.45751020312309265
0.6613232493400574
0.6209089159965515
0.09240520745515823
0.9990273118019104
0.6129601001739502
0.42744216322898865
0.1592504233121872
0.7742557525634766
0.1863863617181778
0.6787705421447754
0.44094613194465637
0.45075535774230957
0.29621532559394836
0.2738167345523834
0.8152784109115601
0.11071048676967621
0.6179918050765991
0.9843457937240601
0.9285113215446472
0.003214054275304079
0.8726627826690674
0.46664372086524963
0.24143977463245392
0.7569363713264465
0.05481668934226036
0.8519828915596008
0.2640363276004791
0.8254214525222778
0.966153085231781
0.8837298154830933
0.5325904488563538
0.20992109179496765
0.14640375971794128
0.49064284563064575
0.06490621715784073
0.8341912627220154
0.8075377941131592
0.16800320148468018
0.9063302874565125
0.7706103920936584
0.01233278401196003
0.42783746123313904
0.9389285445213318
0.0674973800778389
0.14803911745548248
0.5516052842140198
0.9789490699768066
0.610403299331665
0.5497225522994995
0.02296402119100094
0.3801155984401703
0.0013343191239982843
0.7007402181625366
0.11044681817293167
0.05669555068016052
0.44316238164901733
0.38571807742118835
0.8482989072799683
0.019015450030565262
0.08395490050315857
0.3705236315727234
0.8959053158760071
0.8674013018608093
0.10571778565645218
0.15437664091587067
0.10453904420137405
0.5227208733558655
0.6576351523399353
0.8111929297447205
0.3389472961425781
0.5705417990684509
0.22365623712539673
0.43947023153305054
0.48491430282592773
0.2955979108810425
0.4599195718765259
0.5139845609664917
0.08612562716007233
0.6876023411750793
0.7435067892074585
0.11224310100078583
0.750183641910553
0.1643916368484497
0.659945547580719
0.8103252053260803
0.3215833902359009
0.2485208511352539
0.11214691400527954
0.8694401383399963
0.7111949324607849
0.2611273229122162
0.0992644727230072
0.27988865971565247
0.9250360727310181
0.26440683007240295
0.4872972369194031
0.7037940621376038
0.1425429880619049
0.41142991185188293
0.6722289323806763
0.2518448829650879
0.18396586179733276
0.2330525815486908
0.35379335284233093
0.27244722843170166
0.45026859641075134
0.2539452314376831
0.9774008393287659
0.35056135058403015
0.7255334258079529
0.34430745244026184
0.374660462141037
0.010642977431416512
0.7031314373016357
0.9863640069961548
0.4930884838104248
0.5650753378868103
0.6054598093032837
0.7590758800506592
0.9919241666793823
0.01238314714282751
0.441911906003952
0.4741673171520233
0.7896376848220825
0.8583952784538269
0.6417335271835327
0.20363390445709229
0.051654692739248276
0.8592029809951782
0.32976198196411133
0.10975808650255203
0.6948365569114685
0.4855504035949707
0.9963067770004272
0.9816406965255737
0.23564761877059937
0.5893646478652954
0.3196914792060852
0.3599505126476288
0.7964634895324707
0.2722209692001343
0.36298084259033203
0.5412513017654419
0.2142406851053238
0.06964366137981415
0.4600149691104889
0.5688673853874207
0.3463422656059265
0.3704124987125397
0.9818540215492249
0.2524537742137909
0.31600573658943176
0.5396917462348938
0.9583529829978943
0.9614062905311584
0.012663386762142181
0.8448525071144104
0.8034027814865112
0.9340592622756958
0.3423752188682556
0.7213639616966248
0.5807792544364929
0.15617088973522186
0.8701795935630798
0.43066859245300293
0.005745890084654093
0.07938035577535629
0.7438526749610901
0.0754980519413948
0.9346889853477478
0.8921642899513245
0.8637611269950867
0.5106214880943298
0.6845875978469849
0.7799749374389648
0.6232220530509949
0.04456587880849838
0.1559934914112091
0.30275967717170715
0.2720368802547455
0.7649762034416199
0.8177860975265503
0.7498910427093506
0.006286407355219126
0.8874456286430359
0.3741101026535034
0.7827932834625244
0.5450326800346375
0.0028192526660859585
0.799609363079071
0.6061318516731262
0.3327295482158661
0.6642642617225647
0.9458959698677063
0.38676658272743225
0.3952575623989105
0.9223634600639343
0.5777589082717896
0.38232851028442383
0.9691562652587891
0.6991386413574219
0.04189812391996384
0.6474205255508423
0.8825764656066895
0.059173088520765305
0.4081000089645386
0.8766912817955017
0.5389629006385803
0.662359893321991
0.4017385244369507
0.725537896156311
0.9063042402267456
0.7842267155647278
0.7137400507926941
0.20788820087909698
0.05895647406578064
0.4731484055519104
0.5029298067092896
0.5988014936447144
0.5200258493423462
0.9747242331504822
0.7516527771949768
0.6394643783569336
0.7602072358131409
0.9223253130912781
0.2551608085632324
0.06230849400162697
0.368888258934021
0.6432519555091858
0.34364187717437744
0.8452289700508118
0.5118606686592102
0.14298148453235626
0.1032329797744751
0.8524246215820312
0.29913070797920227
0.4651215672492981
0.397501140832901
0.09886770695447922
0.1258331686258316
0.989348292350769
0.30865493416786194
0.48956361413002014
0.035484448075294495
0.8415902256965637
0.9055432081222534
0.7840304374694824
0.1923583745956421
0.3791770040988922
0.4482370913028717
0.2391931116580963
0.09277018159627914
0.5353183746337891
0.22710636258125305
0.2824007272720337
0.6611104011535645
0.7261490821838379
0.8100906014442444
0.7937812209129333
0.34291890263557434
0.5198243856430054
0.5740761756896973
0.6728554964065552
0.4522816240787506
0.5151285529136658
0.31178581714630127
0.3126978278160095
0.7514306306838989
0.09979741275310516
0.7466253638267517
0.8207059502601624
0.6906505227088928
0.7923222184181213
0.8443384170532227
0.6415554881095886
0.5359024405479431
0.4258818030357361
0.007923830300569534
0.7325942516326904
0.24671706557273865
0.8969899415969849
0.3987538516521454
0.7924603819847107
0.6101100444793701
0.71465003490448
0.7880861759185791
0.6575491428375244
0.485533207654953
0.691927969455719
0.12845897674560547
0.32116585969924927
0.5209792852401733
0.5153198838233948
0.5235853791236877
0.2033749520778656
0.6907291412353516
0.8985471129417419
0.16003954410552979
0.8708880543708801
0.08917174488306046
0.8895152807235718
0.05469048395752907
0.6487249135971069
0.8231012225151062
0.523962140083313
0.10783862322568893
0.6574402451515198
0.6801515817642212
0.8763554096221924
0.18718035519123077
0.7614292502403259
0.37117800116539
0.9053107500076294
0.439933180809021
0.7970440983772278
0.9235684275627136
0.21494047343730927
0.6342148184776306
0.709955096244812
0.9393690824508667
0.6296625137329102
0.4163525104522705
0.685217559337616
0.5491378307342529
0.4828544855117798
0.8164780139923096
0.7369170784950256
0.5428573489189148
0.9285191893577576
0.3847782015800476
0.9776141047477722
0.9956933856010437
0.16790072619915009
0.0915132388472557
0.4513029456138611
0.28582140803337097
0.6387841701507568
0.17213764786720276
0.5957423448562622
0.9915478825569153
0.26791051030158997
0.3838523030281067
0.19861841201782227
0.36590906977653503
0.9716677665710449
0.15076017379760742
0.15081603825092316
0.37442463636398315
0.14597126841545105
0.9955804944038391
0.22598908841609955
0.5017343759536743
0.8269407749176025
0.5447803139686584
0.7125593423843384
0.18457792699337006
0.7924159169197083
0.7919930815696716
0.9494584202766418
0.016871515661478043
0.1864919811487198
0.9580614566802979
0.40295472741127014
0.42487937211990356
0.3185476064682007
0.014331350103020668
0.06490098685026169
0.7019306421279907
0.5202386975288391
0.9776438474655151
0.1894274652004242
0.8393343687057495
0.9103638529777527
0.8897947072982788
0.29332539439201355
0.481119841337204
0.7938876748085022
0.23369385302066803
0.13473449647426605
0.4762261211872101
0.018325628712773323
0.024193406105041504
0.27503180503845215
0.4165666103363037
0.6497330665588379
0.7426959276199341
0.2856527268886566
0.4660588204860687
0.6030188202857971
0.022297978401184082
0.9160195589065552
0.3431614637374878
0.17779840528964996
0.13996098935604095
0.8492664694786072
0.541058361530304
0.8070115447044373
0.1916695237159729
0.8797643184661865
0.8747970461845398
0.9191266894340515
0.5704992413520813
0.9417178630828857
0.9719650149345398
0.7286571860313416
0.7299013733863831
0.04628150537610054
0.24423663318157196
0.08828402310609818
0.9114556312561035
0.7540112733840942
0.20952187478542328
0.1826554834842682
0.40915167331695557
0.7941630482673645
0.756088137626648
0.0009174466249532998
0.5588241219520569
0.11452717334032059
0.9312539100646973
0.7493307590484619
0.9560520648956299
0.7410958409309387
0.7712230086326599
0.3308545649051666
0.6045148372650146
0.8142145872116089
0.2530977427959442
0.4177207946777344
0.2087545096874237
0.9745667576789856
0.08368298411369324
0.9473230838775635
0.9578977227210999
0.30879899859428406
0.3226134181022644
0.15285314619541168
0.5450852513313293
0.5937432646751404
0.21924661099910736
0.877975344657898
0.4519180655479431
0.8062542080879211
0.2674020826816559
0.40172654390335083
0.6964340806007385
0.009342591278254986
0.6016381978988647
0.23996450006961823
0.44458258152008057
0.19088438153266907
0.04156532883644104
0.7570956945419312
0.004147201776504517
0.1595376580953598
0.8588129281997681
0.9791308045387268
0.809994637966156
0.9521821737289429
0.6730688214302063
0.8995473980903625
0.6122716665267944
0.3230031430721283
0.989296555519104
0.76463782787323
0.8716598153114319
0.9057657122612
0.5181077718734741
0.6938517689704895
0.8908244371414185
0.18506057560443878
0.5513718128204346
0.7145786285400391
0.32537195086479187
0.7993528246879578
0.16756099462509155
0.9349197149276733
0.2542966306209564
0.8952488303184509
0.5083346962928772
0.5399664640426636
0.6652333736419678
0.6219419240951538
0.4123474359512329
0.23843863606452942
0.9465928673744202
0.41660359501838684
0.1766529232263565
0.6590963006019592
0.9596760869026184
0.0010452582500874996
0.3689863383769989
0.929967999458313
0.15773244202136993
0.4896731674671173
0.9649331569671631
0.822021484375
0.7534372210502625
0.5421037673950195
0.18344047665596008
0.25800400972366333
0.8897553086280823
0.5394346714019775
0.8702195286750793
0.5771575570106506
0.6602680087089539
0.5933335423469543
0.685232937335968
0.8340210914611816
0.10680200904607773
0.7845986485481262
0.10128070414066315
0.1293453574180603
0.01888161525130272
0.8716292977333069
0.42942380905151367
0.5824090242385864
0.9558561444282532
0.604815661907196
0.2627803683280945
0.08127199113368988
0.2021903097629547
0.13954587280750275
0.8640482425689697
0.04130403324961662
0.9633820056915283
0.43497294187545776
0.30084115266799927
0.5931121110916138
0.2366507649421692
0.2875727415084839
0.2491113841533661
0.14031332731246948
0.9748217463493347
0.7697200775146484
0.08053607493638992
0.9337668418884277
0.5779798626899719
0.6511661410331726
0.6022245287895203
0.6851794719696045
0.4331614375114441
0.045125994831323624
0.811292827129364
0.078213170170784
0.7618434429168701
0.871810793876648
0.7213676571846008
0.6363822221755981
0.5005069375038147
0.2634974718093872
0.42938825488090515
0.6059342622756958
0.9784486889839172
0.40947774052619934
0.6080560684204102
0.34364932775497437
0.04837147891521454
0.1143888607621193
0.6691542267799377
0.12741471827030182
0.2016608864068985
0.011020240373909473
0.5441374182701111
0.7515604496002197
0.4272029399871826
0.8628951907157898
0.4987383782863617
0.5724335312843323
0.8739968538284302
0.10441980510950089
0.8852947950363159
0.39186909794807434
0.886582612991333
0.843957781791687
0.5434055924415588
0.9113278388977051
0.23277448117733002
0.6494759321212769
0.7975302934646606
0.9112036824226379
0.17807486653327942
0.9449306726455688
0.003610204206779599
0.3497005105018616
0.46281400322914124
0.14613208174705505
0.42038828134536743
0.6394875049591064
0.09525848180055618
0.8475016355514526
0.35166969895362854
0.9216586947441101
0.32016414403915405
0.5140239596366882
0.022148679941892624
0.8046351671218872
0.013122109696269035
0.3908638060092926
0.13042007386684418
0.362314909696579
0.9847491383552551
0.30022743344306946
0.5948565602302551
0.3335021436214447
0.9243018627166748
0.27936142683029175
0.6667758226394653
0.8035843968391418
0.34242257475852966
0.4440460801124573
0.723194420337677
0.4297370910644531
0.009309177286922932
0.4718710780143738
0.32877954840660095
0.8552024960517883
0.1706971526145935
0.12708087265491486
0.995737612247467
0.810382068157196
0.012426169589161873
0.30517271161079407
0.5286760926246643
0.993232786655426
0.9130814075469971
0.605517566204071
0.9100755453109741
0.30319303274154663
0.8414320945739746
0.4654671251773834
0.8208284378051758
0.2324044108390808
0.471758633852005
0.30975040793418884
0.2760545611381531
0.7408828735351562
0.4509231448173523
0.12027619779109955
0.7873521447181702
0.4484044313430786
0.09868104010820389
0.9606372714042664
0.6253755688667297
0.9377000331878662
0.8437731266021729
0.736251175403595
0.8843006491661072
0.09952249377965927
0.0037769644986838102
0.28742820024490356
0.5550031065940857
0.9045538306236267
0.7908914089202881
0.38043925166130066
0.24262693524360657
0.5969217419624329
0.33810293674468994
0.8530190587043762
0.6358488202095032
0.6793592572212219
0.553962230682373
0.871186375617981
0.2606964111328125
0.3897254168987274
0.369372695684433
0.9210972785949707
0.6408471465110779
0.3732142448425293
0.6117345690727234
0.06422887742519379
0.6726670861244202
0.5057034492492676
0.10532814264297485
0.566172182559967
0.7916401028633118
0.17600342631340027
0.6940761804580688
0.6988074779510498
0.07403453439474106
0.5703985691070557
0.8262794613838196
0.03598710522055626
0.7023513317108154
0.8294882774353027
0.3558090031147003
0.6173531413078308
0.48895737528800964
0.8044222593307495
0.136454239487648
0.7134145498275757
0.05450092628598213
0.9746530055999756
0.5754167437553406
0.2920730412006378
0.90444016456604
0.5460131168365479
0.8076874017715454
0.18485523760318756
0.7054943442344666
0.32631930708885193
0.11223695427179337
0.8180086612701416
0.8094386458396912
0.9447079300880432
0.8295329809188843
0.23933805525302887
0.13127706944942474
0.6681138873100281
0.7290705442428589
0.5810834765434265
0.6692482233047485
0.6536123752593994
0.03414398059248924
0.29221633076667786
0.6495012044906616
0.8200417757034302
0.3776954412460327
0.9924147725105286
0.5220223069190979
0.9513702988624573
0.12644502520561218
0.3848288059234619
0.09957601875066757
0.5581467151641846
0.23512676358222961
0.25557565689086914
0.9065431952476501
0.620387852191925
0.8028093576431274
0.7579905390739441
0.06637947261333466
0.0488625168800354
0.07107582688331604
0.8309556841850281
0.02182810939848423
0.12469998747110367
0.029161950573325157
0.8079367876052856
0.5943323969841003
0.23059676587581635
0.21040722727775574
0.1227569431066513
0.4875204861164093
0.6588279008865356
0.11191574484109879
0.0845678374171257
0.3457372784614563
0.25926142930984497
0.4003947973251343
0.17581439018249512
0.5448766946792603
0.51218581199646
0.7449996471405029
0.35681772232055664
0.30786269903182983
0.5245643854141235
0.5420250296592712
0.8321687579154968
0.14730292558670044
0.3463926613330841
0.6007586717605591
0.1798403114080429
0.27158457040786743
0.6520312428474426
0.6388413310050964
0.9250616431236267
0.9231436848640442
0.18568691611289978
0.5721290111541748
0.8592079877853394
0.7115890979766846
0.7677793502807617
0.17376478016376495
0.1307157427072525
0.7595077753067017
0.6138227581977844
0.3542966842651367
0.16536706686019897
0.67423415184021
0.10198868066072464
0.4833787977695465
0.42378318309783936
0.906904935836792
0.8560605645179749
0.03524443134665489
0.7533585429191589
0.14581389725208282
0.015118669718503952
0.7102503180503845
0.1370178908109665
0.43332144618034363
0.8547471761703491
0.7397972941398621
0.025800619274377823
0.283934623003006
0.9321160316467285
0.15567614138126373
0.5762327909469604
0.4101587235927582
0.594521164894104
0.6471492648124695
0.2329794466495514
0.09492488205432892
0.5611100196838379
0.5541841387748718
0.5369163155555725
0.6991127133369446
0.5973712801933289
0.48911190032958984
0.15720628201961517
0.05047745630145073
0.22514472901821136
0.5087217092514038
0.5165853500366211
0.9699248671531677
0.9795714020729065
0.5358566045761108
0.8619956970214844
0.2396293729543686
0.9322673082351685
0.9932072162628174
0.7052078247070312
0.4460121691226959
0.8307533264160156
0.6023494005203247
0.0855274423956871
0.9919497966766357
0.7690274715423584
0.26832500100135803
0.6359080076217651
0.8621475696563721
0.06397555768489838
0.94472736120224
0.8004507422447205
0.4041506350040436
0.8553155064582825
0.5465168356895447
0.056267574429512024
0.7178980112075806
0.5993993878364563
0.23997940123081207
0.7587985992431641
0.49202239513397217
0.6184309124946594
0.7062467336654663
0.424557089805603
0.3540794849395752
0.9490971565246582
0.9297034740447998
0.854550838470459
0.9112887978553772
0.22447872161865234
0.59675133228302
0.4723304212093353
0.9075168371200562
0.900560736656189
0.1257050335407257
0.5847711563110352
0.9785159230232239
0.7555080056190491
0.8904702067375183
0.68276047706604
0.9345173239707947
0.7417093515396118
0.5628370642662048
0.9351747632026672
0.05564119666814804
0.6550557017326355
0.08459755778312683
0.9943369626998901
0.248539537191391
0.5599229335784912
0.7780119776725769
0.5417696833610535
0.590099573135376
0.3798830807209015
0.8764898180961609
0.0722736120223999
0.896859347820282
0.8649978041648865
0.8702688813209534
0.15765538811683655
0.10094764828681946
0.4804404079914093
0.543559193611145
0.49143049120903015
0.8785706162452698
0.36097753047943115
0.7677465081214905
0.7102290987968445
0.9748641848564148
0.32650625705718994
0.8540242314338684
0.391120970249176
0.1767812967300415
0.06397257000207901
0.4378908574581146
0.5869404077529907
0.2692733108997345
0.9705927968025208
0.45832231640815735
0.9455469846725464
0.5360127091407776
0.9837215542793274
0.838699996471405
0.6976304650306702
0.6518605947494507
0.9237449169158936
0.006993650924414396
0.6050395965576172
0.6785352230072021
0.03490355610847473
0.3150178790092468
0.8278754353523254
0.7286273837089539
0.4133774936199188
0.43760642409324646
0.2507731020450592
0.8097792267799377
0.5658989548683167
0.7820900082588196
0.052008505910634995
0.07155495882034302
0.4919137954711914
0.7556502223014832
0.6255314946174622
0.4538610279560089
0.4881220757961273
0.9824702739715576
0.903995156288147
0.1055511087179184
0.2073310911655426
0.6271682977676392
0.11706291884183884
0.061731766909360886
0.754861056804657
0.43551692366600037
0.7242645025253296
0.7082744240760803
0.8400586247444153
0.23045171797275543
0.7664408087730408
0.5321587920188904
0.0032767532393336296
0.1394626796245575
0.1875758171081543
0.3186227083206177
0.4210670292377472
0.6079978942871094
0.8146087527275085
0.9039816856384277
0.8928917050361633
0.8235748410224915
0.9854121804237366
0.059483617544174194
0.6598780751228333
0.353809118270874
0.48361238837242126
0.32527467608451843
0.2855990529060364
0.3825635612010956
0.7889743447303772
0.5107908248901367
0.4780828356742859
0.016695993021130562
0.7772461175918579
0.5551779270172119
0.04582575336098671
0.20078957080841064
0.6560366153717041
0.5852143168449402
0.7792060375213623
0.5923406481742859
0.4614455997943878
0.8847426176071167
0.5230188369750977
0.4453764855861664
0.5728029012680054
0.6160435080528259
0.13901522755622864
0.11764833331108093
0.5675472617149353
0.9525818824768066
0.09488894790410995
0.6398693323135376
0.45329248905181885
0.44400978088378906
0.7851863503456116
0.6395778656005859
0.031044889241456985
0.8399487733840942
0.4615163207054138
0.9621052742004395
0.4999062418937683
0.11930504441261292
0.06440863758325577
0.8624880909919739
0.001731053926050663
0.5851079821586609
0.07474072277545929
0.5538543462753296
0.6215475797653198
0.6236274242401123
0.9200735688209534
0.41596803069114685
0.9272372722625732
0.9032042026519775
0.5810867547988892
0.5797443985939026
0.5878650546073914
0.3997190594673157
0.0290742926299572
0.897998571395874
0.5065855383872986
0.19151276350021362
0.10742680728435516
0.12597104907035828
0.5745723843574524
0.5239799618721008
0.14842471480369568
0.3085634410381317
0.4992447793483734
0.3771304786205292
0.2379225790500641
0.398001104593277
0.4540381133556366
0.18361052870750427
0.9506563544273376
0.9704604744911194
0.46867769956588745
0.6352177858352661
0.3826298713684082
0.7491711378097534
0.8313676118850708
0.8876148462295532
0.058579571545124054
0.8250879645347595
0.6923962235450745
0.4612027704715729
0.8206700086593628
0.5107710957527161
0.7654020190238953
0.4927772283554077
0.2828836739063263
0.6801206469535828
0.9624459743499756
0.27556827664375305
0.7446849346160889
0.19437162578105927
0.21089179813861847
0.6809297800064087
0.7033581137657166
0.28120291233062744
0.8657168745994568
0.7366766929626465
0.7594388723373413
0.5807607769966125
0.09735952317714691
0.35499584674835205
0.6103797554969788
0.5888331532478333
0.6347618103027344
0.8166715502738953
0.4161974787712097
0.4149535000324249
0.2061672806739807
0.8963519334793091
0.2486734539270401
0.2635354697704315
0.8272092938423157
0.5071085691452026
0.15610867738723755
0.7244089245796204
0.11473245918750763
0.256590336561203
0.8261488080024719
0.26966744661331177
0.7987930178642273
0.6535234451293945
0.19656403362751007
0.9461399912834167
0.2960858643054962
0.12253080308437347
0.28790298104286194
0.662535548210144
0.2462998330593109
0.5082736611366272
0.8454676866531372
0.896550178527832
0.8996450901031494
0.6981363296508789
0.7696929574012756
0.0043122428469359875
0.9462816119194031
0.3651796877384186
0.8579595685005188
0.06192546710371971
0.13559740781784058
0.8273484706878662
0.5857021808624268
0.4735442101955414
0.6159110069274902
0.1651613414287567
0.04210226237773895
0.5255139470100403
0.9998149871826172
0.23199895024299622
0.017537498846650124
0.9588862061500549
0.9870237708091736
0.8183848857879639
0.14493180811405182
0.15467385947704315
0.6189001202583313
0.9198687672615051
0.6214227676391602
0.8156214952468872
0.34033501148223877
0.1775769740343094
0.029116353020071983
0.11608052998781204
0.8552851676940918
0.07166554033756256
0.9300104975700378
0.6337584257125854
0.9283741116523743
0.8080379962921143
0.21090011298656464
0.4959165155887604
0.6988765001296997
0.7752306461334229
0.8329659700393677
0.8604192733764648
0.6079651713371277
0.6899682879447937
0.7168473601341248
0.26602062582969666
0.7123135924339294
0.8234605193138123
0.11654576659202576
0.920371949672699
0.6649056673049927
0.4245999753475189
0.47440317273139954
0.40879106521606445
0.5916408896446228
0.9694496393203735
0.6047815084457397
0.21126370131969452
0.4519290328025818
0.9813072681427002
0.14224915206432343
0.718977153301239
0.23853276669979095
0.87823486328125
0.2873748242855072
0.053733401000499725
0.42703384160995483
0.6415196061134338
0.5761866569519043
0.926440417766571
0.9003229141235352
0.03342945873737335
0.7108547687530518
0.9046811461448669
0.6515867114067078
0.18335874378681183
0.7766171097755432
0.3762856423854828
0.10196777433156967
0.9480485916137695
0.44706645607948303
0.5293282866477966
0.7713212370872498
0.2643353343009949
0.9798036813735962
0.008725911378860474
0.7915628552436829
0.2348480075597763
0.42816078662872314
0.7858730554580688
0.3045887053012848
0.8834426403045654
0.2174556851387024
0.21408681571483612
0.26490119099617004
0.19786106050014496
0.10234426707029343
0.9346580505371094
0.2499333769083023
0.5703348517417908
0.6496775150299072
0.914400577545166
0.4340512454509735
0.9913408160209656
0.5572335124015808
0.47469958662986755
0.2878427803516388
0.21889567375183105
0.39562809467315674
0.21538451313972473
0.5193720459938049
0.015493587590754032
0.633232831954956
0.1984734982252121
0.8524907827377319
0.35174986720085144
0.8547807931900024
0.4689953923225403
0.7782072424888611
0.4768320322036743
0.5945593118667603
0.9648322463035583
0.7270808219909668
0.8623270988464355
0.07221347093582153
0.8906468152999878
0.28000497817993164
0.006319248583167791
0.035535987466573715
0.375029981136322
0.7199116349220276
0.29571327567100525
0.9511614441871643
0.17139747738838196
0.9817449450492859
0.0037278681993484497
0.6262985467910767
0.34842708706855774
0.7804897427558899
0.0834774598479271
0.8012734055519104
0.7952099442481995
0.9100004434585571
0.8403209447860718
0.49443474411964417
0.0380106046795845
0.8208731412887573
0.431210458278656
0.8919157981872559
0.1207314059138298
0.6963030099868774
0.9684114456176758
0.5224528908729553
0.3683530390262604
0.3634254038333893
0.23013705015182495
0.5658751726150513
0.5521973967552185
0.5246761441230774
0.24560412764549255
0.1633000373840332
0.43017977476119995
0.5690313577651978
0.758229672908783
0.3120557963848114
0.8342164754867554
0.8967797756195068
0.25047776103019714
0.6567312479019165
0.509139895439148
0.7494885325431824
0.20122531056404114
0.8878055810928345
0.8705089092254639
0.02480011247098446
0.8655279874801636
0.8443865776062012
0.7077033519744873
0.8497896790504456
0.6106889247894287
0.4098876714706421
0.6617529988288879
0.09447572380304337
0.42755651473999023
0.06954009085893631
0.04979025200009346
0.18009521067142487
0.8184828162193298
0.3387593924999237
0.18121232092380524
0.997075617313385
0.4323587417602539
0.3412695527076721
0.9872205853462219
0.3416938781738281
0.4095253050327301
0.4071038067340851
0.7055214047431946
0.8890144228935242
0.022294513881206512
0.3293408155441284
0.5161029100418091
0.689769983291626
0.9470158815383911
0.2912466824054718
0.8879085183143616
0.19745250046253204
0.8873706459999084
0.26965856552124023
0.7357524037361145
0.4014784097671509
0.8007650971412659
0.9944378733634949
0.6554138660430908
0.7589404582977295
0.09033827483654022
0.2591511607170105
0.9707161784172058
0.9334805011749268
0.238718643784523
0.6354126334190369
0.7752112150192261
0.10287162661552429
0.2707970142364502
0.3311639130115509
0.3409327268600464
0.7957033514976501
0.030218658968806267
0.27197355031967163
0.7205536961555481
0.7635625004768372
0.2840367555618286
0.4728204607963562
0.5614432692527771
0.011466440744698048
0.34035995602607727
0.6393814086914062
0.18560391664505005
0.30954551696777344
0.08741147071123123
0.9182348847389221
0.30440405011177063
0.23322060704231262
0.004390376154333353
0.4018452763557434
0.33489540219306946
0.6757970452308655
0.5048326849937439
0.5586701035499573
0.42602717876434326
0.05690047889947891
0.3080586791038513
0.04138990864157677
0.4362201690673828
0.040007684379816055
0.23554787039756775
0.7832126021385193
0.36251670122146606
0.5440659523010254
0.6768693327903748
0.6736744046211243
0.7977644205093384
0.48548969626426697
0.654773473739624
0.34386083483695984
0.7115731835365295
0.6227394342422485
0.11599483340978622
0.4383809566497803
0.07129577547311783
0.34736305475234985
0.9916485548019409
0.12422238290309906
0.01522623747587204
0.6305180191993713
0.3763383626937866
0.550203263759613
0.4719840884208679
0.3166792392730713
0.7887061834335327
0.9956611394882202
0.45739850401878357
0.25629448890686035
0.28975167870521545
0.7881470322608948
0.6895589828491211
0.6122950911521912
0.7622206211090088
0.6829628944396973
0.3475317656993866
0.15796612203121185
0.9635895490646362
0.4583863914012909
0.37713897228240967
0.2832236886024475
0.6994067430496216
0.26966622471809387
0.5128649473190308
0.4407830834388733
0.040728967636823654
0.12536388635635376
0.6008073091506958
0.40246137976646423
0.29510682821273804
0.5649205446243286
0.048320312052965164
0.4915328323841095
0.2625972628593445
0.40682509541511536
0.9465811848640442
0.5895939469337463
0.14246542751789093
0.6244769096374512
0.24822254478931427
0.02157728001475334
0.27651602029800415
0.7218500375747681
0.05586997792124748
0.2086757868528366
0.5495566725730896
0.13881346583366394
0.8673712611198425
0.44915971159935
0.654049813747406
0.18067283928394318
0.4134429097175598
0.22656358778476715
0.11821387708187103
0.35572466254234314
0.11246054619550705
0.03491596877574921
0.14653253555297852
0.6975640058517456
0.43861180543899536
0.7435742020606995
0.40983322262763977
0.6831207275390625
0.3294815719127655
0.47416359186172485
0.4551020860671997
0.7628980278968811
0.06497086584568024
0.015196109190583229
0.46404942870140076
0.1886521279811859
0.08099097013473511
0.37217289209365845
0.24190163612365723
0.07585808634757996
0.5495606660842896
0.4034682512283325
0.7428084015846252
0.4654506742954254
0.3893028199672699
0.5114395618438721
0.22967171669006348
0.19020795822143555
0.15539754927158356
0.4640234112739563
0.10185744613409042
0.16573186218738556
0.5647464394569397
0.8572660684585571
0.0927046686410904
0.8659284114837646
0.9293704032897949
0.23305673897266388
0.2381463646888733
0.1877364069223404
0.826559841632843
0.3693227767944336
0.6703295707702637
0.6873867511749268
0.06863564997911453
0.0988277867436409
0.1725863665342331
0.5871559381484985
0.6671761274337769
0.038986094295978546
0.7352421283721924
0.7977539896965027
0.6844094395637512
0.15895165503025055
0.2729535400867462
0.5599852800369263
0.7234756946563721
0.08519680798053741
0.5614023804664612
0.6758160591125488
0.6910182237625122
0.7543452978134155
0.5843381881713867
0.5588341355323792
0.7196765542030334
0.16210001707077026
0.1148674488067627
0.16426034271717072
0.4457785189151764
0.06179191172122955
0.6467489004135132
0.1297309845685959
0.028749288991093636
0.8283132314682007
0.7465182542800903
0.7158811092376709
0.5519788265228271
0.1825648695230484
0.11424386501312256
0.7975810766220093
0.019132383167743683
0.9080427885055542
0.05714283883571625
0.7091739773750305
0.6310077905654907
0.8586298227310181
0.7297965288162231
0.4265735149383545
0.7685614228248596
0.9663612842559814
0.31456252932548523
0.38825005292892456
0.5107629299163818
0.41376638412475586
0.0611150786280632
0.9963821768760681
0.292753666639328
0.9108517169952393
0.9357777833938599
0.18479886651039124
0.05643567442893982
0.176799014210701
0.4486181139945984
0.24572721123695374
0.467878520488739
0.5224087238311768
0.3576720356941223
0.38740861415863037
0.5121914148330688
0.3096767067909241
0.41748499870300293
0.4098912179470062
0.015603211708366871
0.40168049931526184
0.14490774273872375
0.3130287528038025
0.3201337456703186
0.36766761541366577
0.6957346200942993
0.3159944713115692
0.6300472617149353
0.38688719272613525
0.11915221810340881
0.028243737295269966
0.51140296459198
0.3920386731624603
0.4227012097835541
0.2250133752822876
0.9724583029747009
0.70030277967453
0.6967774033546448
0.5044838190078735
0.9782825708389282
0.5853641033172607
0.4925142824649811
0.9520489573478699
0.2228367179632187
0.9032198786735535
0.6609026193618774
0.6726898550987244
0.5585643649101257
0.582783043384552
0.30242782831192017
0.4373328387737274
0.6992013454437256
0.9711990356445312
0.13370050489902496
0.5003234148025513
0.4484468698501587
0.3437270224094391
0.6952202320098877
0.516380250453949
0.12196198850870132
0.9623644351959229
0.7381795048713684
0.21118400990962982
0.7882043123245239
0.08867022395133972
0.8632115125656128
0.4157126247882843
0.05748147889971733
0.08932764828205109
0.20355966687202454
0.7094745635986328
0.5646423697471619
0.3161972761154175
0.8244116306304932
0.42583751678466797
0.4226084351539612
0.9319655299186707
0.08290065079927444
0.6018932461738586
0.712399423122406
0.9240230917930603
0.5308328866958618
0.2667560577392578
0.7884708046913147
0.13301095366477966
0.7131525278091431
0.517427921295166
0.9926710724830627
0.5022484660148621
0.6808235049247742
0.7362455725669861
0.8047881126403809
0.9368176460266113
0.5225732326507568
0.3232712149620056
0.6124070882797241
0.05128205195069313
0.4525981545448303
0.6783964037895203
0.45133334398269653
0.5111766457557678
0.5224898457527161
0.4833034873008728
0.906877338886261
0.8429403901100159
0.5261721611022949
0.2549120783805847
0.2190600484609604
0.25198206305503845
0.026437485590577126
0.7648186087608337
0.8925851583480835
0.5635935664176941
0.3645794093608856
0.40217170119285583
0.6979561448097229
0.4857906997203827
0.7926888465881348
0.1543910950422287
0.5360122323036194
0.8279768228530884
0.46687397360801697
0.07410488277673721
0.8980682492256165
0.15390118956565857
0.5326244235038757
0.038382288068532944
0.6406107544898987
0.24528324604034424
0.5426028370857239
0.35728731751441956
0.7983496189117432
0.3572109043598175
0.3776656687259674
0.16495060920715332
0.03975769132375717
0.7121420502662659
0.5673336982727051
0.5806797742843628
0.4137935936450958
0.9984621405601501
0.14744393527507782
0.7107034921646118
0.5246886014938354
0.500730037689209
0.13631106913089752
0.5384418368339539
0.7025948166847229
0.09386419504880905
0.8455297350883484
0.40521761775016785
0.12003474682569504
0.8613409399986267
0.5182604789733887
0.6807929277420044
0.07802820205688477
0.5253051519393921
0.3683699667453766
0.41771194338798523
0.447488933801651
0.4715571105480194
0.5743414759635925
0.8062372803688049
0.046946171671152115
0.49071893095970154
0.13135552406311035
0.00646686926484108
0.8415821194648743
0.8362842798233032
0.48042842745780945
0.4886775612831116
0.08788555860519409
0.9165301322937012
0.46858248114585876
0.20902913808822632
0.9768479466438293
0.9852407574653625
0.10378489643335342
0.8229672908782959
0.38952893018722534
0.3108817934989929
0.16256651282310486
0.35489314794540405
0.12002700567245483
0.19195254147052765
0.6956772804260254
0.6211452484130859
0.31718918681144714
0.746074378490448
0.6271729469299316
0.7428848743438721
0.7421950697898865
0.08234772086143494
0.25432661175727844
0.6632465720176697
0.3328116238117218
0.45063090324401855
0.39551278948783875
0.33345353603363037
0.5783292055130005
0.5602846145629883
0.6905167698860168
0.6048532724380493
0.1726326048374176
0.04196980223059654
0.845928430557251
0.7252668738365173
0.08462340384721756
0.9260972142219543
0.04005623608827591
0.38124072551727295
0.16079984605312347
0.05726156383752823
0.3388349711894989
0.061834048479795456
0.6162241101264954
0.8985409140586853
0.6570299863815308
0.8348131775856018
0.9555920362472534
0.45215052366256714
0.28016331791877747
0.8607310056686401
0.5498905777931213
0.6145884394645691
0.5466777682304382
0.5827628374099731
0.8127868175506592
0.23400382697582245
0.6592385172843933
0.042897406965494156
0.9809950590133667
0.49932774901390076
0.08254934102296829
0.6537434458732605
0.607991635799408
0.4264286458492279
0.023194048553705215
0.6689860224723816
0.5031548142433167
0.2058420181274414
0.8200517892837524
0.44046902656555176
0.8098721504211426
0.18722394108772278
0.6165924072265625
0.7043574452400208
0.514771044254303
0.01898680254817009
0.30021145939826965
0.8157616853713989
0.5821987390518188
0.7475223541259766
0.9275397658348083
0.8240053057670593
0.11325263231992722
0.1938135176897049
0.022546064108610153
0.7809855341911316
0.9094027876853943
0.17063355445861816
0.17970924079418182
0.8693557381629944
0.6345317959785461
0.6952305436134338
0.1540674865245819
0.04529081657528877
0.20318134129047394
0.470389723777771
0.3080293536186218
0.9546951055526733
0.489113986492157
0.5816109776496887
0.9807323217391968
0.23460793495178223
0.9286859631538391
0.3934088349342346
0.9995815753936768
0.22379431128501892
0.09677804261445999
0.6913997530937195
0.5084916949272156
0.7260152697563171
0.5966447591781616
0.05655704811215401
0.9531099796295166
0.5562930107116699
0.47787413001060486
0.7316913604736328
0.342960923910141
0.09337539970874786
0.6014358401298523
0.7027174234390259
0.10962744057178497
0.8523005843162537
0.3410957455635071
0.14431272447109222
0.9699791669845581
0.30119624733924866
0.6020326614379883
0.7873740196228027
0.5419867634773254
0.42720115184783936
0.6399844884872437
0.6775572896003723
0.44742655754089355
0.8970779180526733
0.6238446831703186
0.9135260581970215
0.10417702794075012
0.007507111877202988
0.1745147556066513
0.47707900404930115
0.17294909060001373
0.9039607644081116
0.20165210962295532
0.1030544862151146
0.40638279914855957
0.20997466146945953
0.508862316608429
0.6482647061347961
0.5068937540054321
0.2957260310649872
0.09798851609230042
0.4785304367542267
0.05083123967051506
0.9676562547683716
0.7058327198028564
0.29796794056892395
0.045114874839782715
0.21704772114753723
0.13353967666625977
0.5043595433235168
0.2006661742925644
0.8258947730064392
0.17555563151836395
0.8453050851821899
0.43683189153671265
0.20230083167552948
0.5879029035568237
0.2980279326438904
0.8010658621788025
0.282449334859848
0.5139724612236023
0.7380927801132202
0.40535348653793335
0.14968907833099365
0.48661717772483826
0.3378765285015106
0.6680690050125122
0.6742768287658691
0.3178721070289612
0.29103603959083557
0.7369540929794312
0.13094545900821686
0.3799058496952057
0.6178500652313232
0.030039438977837563
0.5506969690322876
0.8306683897972107
0.6790378093719482
0.11539851129055023
0.5770373344421387
0.059473685920238495
0.9966979026794434
0.23140649497509003
0.19247625768184662
0.32520347833633423
0.28414294123649597
0.8206239938735962
0.2925376296043396
0.38138771057128906
0.043416865170001984
0.3824494183063507
0.4123457074165344
0.36615827679634094
0.1600435972213745
0.31708768010139465
0.38718435168266296
0.9727635383605957
0.1976061910390854
0.5498791337013245
0.35010260343551636
0.6197939515113831
0.48888158798217773
0.7625963687896729
0.6018851399421692
0.15339666604995728
0.902190089225769
0.959998369216919
0.42792782187461853
0.7663909196853638
0.8839862942695618
0.23574239015579224
0.36778247356414795
0.12075898796319962
0.925144612789154
0.15771515667438507
0.2425459921360016
0.8924684524536133
0.8716986775398254
0.8774517178535461
0.13139253854751587
0.4388977587223053
0.15962304174900055
0.6527684330940247
0.06706218421459198
0.7483211755752563
0.571254551410675
0.41394251585006714
0.9532423615455627
0.45765215158462524
0.6993148326873779
0.14673104882240295
0.22443675994873047
0.46424543857574463
0.6828703880310059
0.8639113903045654
0.24346673488616943
0.7589693665504456
0.07525081932544708
0.9531773328781128
0.7606943845748901
0.6796888113021851
0.6260470747947693
0.312616765499115
0.523556113243103
0.3081398010253906
0.6376082897186279
0.6841691136360168
0.9797886610031128
0.15147629380226135
0.6918622851371765
0.8800851106643677
0.056253861635923386
0.48347705602645874
0.0011190189979970455
0.28761520981788635
0.06408623605966568
0.19535215198993683
0.44121605157852173
0.605441153049469
0.03879619389772415
0.09066763520240784
0.3751652240753174
4.828517194255255e-05
0.29227396845817566
0.5682192444801331
0.8890080451965332
0.20587308704853058
0.13200026750564575
0.042481981217861176
0.16682183742523193
0.16460025310516357
0.8792427182197571
0.09716164320707321
0.3968847095966339
0.1728440374135971
0.5987709164619446
0.7957823276519775
0.6455481648445129
0.5033086538314819
0.6752546429634094
0.4469377100467682
0.372734397649765
0.6834414601325989
0.13291865587234497
0.5612321496009827
0.4999677836894989
0.22346316277980804
0.6487295031547546
0.6322370171546936
0.03727390244603157
0.9536516666412354
0.6164475679397583
0.9780040383338928
0.18839342892169952
0.8361798524856567
0.3483794629573822
0.3465218245983124
0.33124396204948425
0.7966402173042297
0.44348809123039246
0.9007018208503723
0.4149523973464966
0.5277606844902039
0.6230491995811462
0.5668211579322815
0.3419818878173828
0.702009916305542
0.4871251881122589
0.23252904415130615
0.677372932434082
0.5654637217521667
0.22841744124889374
0.5695140957832336
0.7745074033737183
0.7650219798088074
0.25671327114105225
0.957543134689331
0.6685857176780701
0.8743569850921631
0.7914295792579651
0.5500875115394592
0.38201576471328735
0.820829451084137
0.287259966135025
0.5904110670089722
0.7983909845352173
0.25526297092437744
0.8317152261734009
0.5275492668151855
0.9233011603355408
0.09209311008453369
0.8043131232261658
0.14689821004867554
0.22560365498065948
0.12688863277435303
0.6055877804756165
0.00992363877594471
0.28433308005332947
0.27343714237213135
0.24262526631355286
0.9988293647766113
0.5774917602539062
0.7698526382446289
0.480092316865921
0.6347897052764893
0.49230197072029114
0.07945430278778076
0.00812483485788107
0.6623818874359131
0.9754646420478821
0.5066944360733032
0.8774414658546448
0.9520540237426758
0.6339483261108398
0.4389772117137909
0.6151443719863892
0.7569230198860168
0.34859150648117065
0.3104381561279297
0.2871089577674866
0.62176913022995
0.14340242743492126
0.9036598801612854
0.02605224959552288
0.5233778953552246
0.6726510524749756
0.7004863619804382
0.3025229275226593
0.6273990273475647
0.6820909380912781
0.4718669354915619
0.5681843757629395
0.6335982084274292
0.25689005851745605
0.7232652306556702
0.06050622835755348
0.7620400786399841
0.2575584352016449
0.1251426786184311
0.5650970935821533
0.10455716401338577
0.9467127919197083
0.5491036176681519
0.7142446637153625
0.18522517383098602
0.065631203353405
0.6997748017311096
0.15162667632102966
0.08207392692565918
0.12437094748020172
0.8294880986213684
0.45142948627471924
0.36006036400794983
0.18107323348522186
0.6368064880371094
0.806377112865448
0.021186107769608498
0.22421175241470337
0.9890295267105103
0.8319541215896606
0.23747724294662476
0.712114155292511
0.1851397603750229
0.0286319088190794
0.4889838993549347
0.22882778942584991
0.5821847319602966
0.8372873067855835
0.7235480546951294
0.3825027644634247
0.005114584695547819
0.7396069765090942
0.6325253844261169
0.7365570664405823
0.8111011981964111
0.7310419678688049
0.30291858315467834
0.3657997250556946
0.02406027726829052
0.30101820826530457
0.9761022329330444
0.38410747051239014
0.17580997943878174
0.7008278369903564
0.01886684074997902
0.8727710843086243
0.2783598303794861
0.4738149046897888
0.6494920253753662
0.6185112595558167
0.2146943062543869
0.5352625250816345
0.3584643602371216
0.7334485054016113
0.18435057997703552
0.24147328734397888
0.10653219372034073
0.39717593789100647
0.8818178176879883
0.4848288297653198
0.13369353115558624
0.3466803729534149
0.2771623432636261
0.9107574820518494
0.3261670768260956
0.1255599409341812
0.44451630115509033
0.8654128313064575
0.8401855826377869
0.6152868270874023
0.96861332654953
0.47680461406707764
0.5483282804489136
0.6718528270721436
0.17409728467464447
0.23215968906879425
0.46329474449157715
0.7058730721473694
0.04725887253880501
0.8002001643180847
0.7110880017280579
0.2111603319644928
0.28656113147735596
0.667759358882904
0.9607077836990356
0.3660309910774231
0.40306395292282104
0.4159244894981384
0.14079028367996216
0.8640554547309875
0.8212265968322754
0.604652464389801
0.8313727378845215
0.46975553035736084
0.6953129768371582
0.8866597414016724
0.19759061932563782
0.561068594455719
0.9073616862297058
0.3678434491157532
0.16915398836135864
0.4067457616329193
0.11924499273300171
0.710705578327179
0.08375179767608643
0.7469032406806946
0.6625590920448303
0.9594354033470154
0.4068721532821655
0.17675919830799103
0.16969525814056396
0.4492087960243225
0.9658163189888
0.5276706218719482
0.016519159078598022
0.24288707971572876
0.6616451740264893
0.6581496596336365
0.8731122612953186
0.06665603816509247
0.8885672092437744
0.9508726596832275
0.46102356910705566
0.7919510006904602
0.1853034496307373
0.31673693656921387
0.003926910925656557
0.6943570971488953
0.19844993948936462
0.03497611731290817
0.9817628264427185
0.4165656566619873
0.9302558898925781
0.8624728918075562
0.39196041226387024
0.06870043277740479
0.7011218667030334
0.5902310013771057
0.8333010077476501
0.28045976161956787
0.572973370552063
0.9870769381523132
0.04706105217337608
0.2801109552383423
0.5962614417076111
0.016217542812228203
0.9178147912025452
0.533170223236084
0.699209988117218
0.09142278134822845
0.965367317199707
0.4064355492591858
0.9402136206626892
0.40891388058662415
0.6501129865646362
0.7870945930480957
0.25829580426216125
0.7527264356613159
0.09418036788702011
0.4326416850090027
0.4400693476200104
0.96311354637146
0.7633196711540222
0.24220716953277588
0.09945005923509598
0.2759041488170624
0.40207192301750183
0.08318302780389786
0.15244200825691223
0.901814877986908
0.49085289239883423
0.011621644720435143
0.030415000393986702
0.8212950229644775
0.5608088970184326
0.3685649633407593
0.2928033173084259
0.4331156015396118
0.7001376748085022
0.5565621852874756
0.981100857257843
0.8056477308273315
0.6639108061790466
0.7263280749320984
0.5049930810928345
0.740715503692627
0.6706401109695435
0.9392023086547852
0.3818248510360718
0.48121875524520874
0.7746139764785767
0.011480722576379776
0.30338096618652344
0.04502205178141594
0.40117475390434265
0.32653072476387024
0.37272703647613525
0.2260023057460785
0.6588448286056519
0.5675987601280212
0.03325023129582405
0.8582410216331482
0.33783066272735596
0.7489913105964661
0.7284027338027954
0.96003657579422
0.043782658874988556
0.9363605380058289
0.3060826361179352
0.11940944194793701
0.7269361019134521
0.9735097289085388
0.6003783345222473
0.15224221348762512
0.4767163395881653
0.16821257770061493
0.23298369348049164
0.4859038293361664
0.26439234614372253
0.656878650188446
0.5066373944282532
0.23891733586788177
0.46271952986717224
0.38079988956451416
0.5135003924369812
0.10198407620191574
0.800929844379425
0.3898128867149353
0.8253804445266724
0.46274638175964355
0.9535762071609497
0.8377829194068909
0.13580860197544098
0.05978693440556526
0.936688244342804
0.4819892942905426
0.8638299107551575
0.9139363765716553
0.5385028123855591
0.6706146597862244
0.9194352030754089
0.6793564558029175
0.17579254508018494
0.8621964454650879
0.32237061858177185
0.23591969907283783
0.6796257495880127
0.6266275644302368
0.8819986581802368
0.1451350897550583
0.9613078832626343
0.6002736687660217
0.23756693303585052
0.9939818978309631
0.22932922840118408
0.8665621280670166
0.4607221782207489
0.7317943572998047
0.8927648067474365
0.7615761756896973
0.8924369215965271
0.025887705385684967
0.3380892872810364
0.5747475624084473
0.6921757459640503
0.1786462366580963
0.5383812785148621
0.3699079155921936
0.6076719164848328
0.040134914219379425
0.6730418801307678
0.3054910898208618
0.3324851393699646
0.7726489305496216
0.5258399248123169
0.2752615809440613
0.39683622121810913
0.696580708026886
0.20284654200077057
0.517748236656189
0.9403985142707825
0.29075077176094055
0.28849101066589355
0.5224135518074036
0.8069148659706116
0.08988916128873825
0.8073322176933289
0.6583124399185181
0.07090417295694351
0.11874914914369583
0.7447270154953003
0.42920196056365967
0.1601967066526413
0.2160935252904892
0.29702603816986084
0.7143348455429077
0.8888673782348633
0.5357013940811157
0.7665913105010986
0.17694111168384552
0.6986629366874695
0.9417763948440552
0.0989384651184082
0.8796834945678711
0.13542871177196503
0.10317781567573547
0.036448974162340164
0.27706724405288696
0.09549590945243835
0.48038625717163086
0.7078016400337219
0.25473687052726746
0.8371040225028992
0.7846870422363281
0.7256672382354736
0.8445594906806946
0.04350836202502251
0.5594955086708069
0.8561525344848633
0.9844411611557007
0.6456801295280457
0.5713562369346619
0.17863601446151733
0.7242855429649353
0.20316213369369507
0.6460126638412476
0.23246422410011292
0.8340272307395935
0.3093179166316986
0.329104483127594
0.660284161567688
0.15077263116836548
0.8078765273094177
0.48759377002716064
0.5361047387123108
0.9007560610771179
0.5499439835548401
0.24966731667518616
0.6358570456504822
0.6865411400794983
0.8444381952285767
0.7317844033241272
0.4525834619998932
0.7025247812271118
0.9569674134254456
0.8348390460014343
0.13074535131454468
0.015649599954485893
0.9497277140617371
0.06503599137067795
0.011114222928881645
0.10123270750045776
0.1207067146897316
0.36299842596054077
0.9098593592643738
0.5886661410331726
0.06572781503200531
0.9399233460426331
0.5363780856132507
0.8934696912765503
0.7873052358627319
0.2433985024690628
0.767756998538971
0.02730645425617695
0.43031758069992065
0.05483665317296982
0.35531988739967346
0.26916956901550293
0.5411593317985535
0.9131604433059692
0.5877134799957275
0.7353055477142334
0.9786112308502197
0.17022404074668884
0.5657299160957336
0.43931370973587036
0.9348015189170837
0.5285356640815735
0.04362264648079872
0.5129116177558899
0.3715479373931885
0.4221162796020508
0.7963958978652954
0.851283073425293
0.2454271912574768
0.4080025255680084
0.7479714751243591
0.44467905163764954
0.3358812630176544
0.3553764820098877
0.7095162868499756
0.34708625078201294
0.2986854612827301
0.6516852378845215
0.9339346289634705
0.8881568312644958
0.25612857937812805
0.47729551792144775
0.9344455003738403
0.44734111428260803
0.8242128491401672
0.33298158645629883
0.42229166626930237
0.39914029836654663
0.9942497611045837
0.5273784399032593
0.08356838673353195
0.3532537817955017
0.3524307906627655
0.7490968704223633
0.693132221698761
0.35034728050231934
0.9871506094932556
0.48297619819641113
0.18217268586158752
0.6183356642723083
0.7955760955810547
0.9163553714752197
0.3075132369995117
0.8340021967887878
0.5855223536491394
0.3762493431568146
0.13558733463287354
0.960893988609314
0.524668276309967
0.6750065684318542
0.03888004273176193
0.6428430080413818
0.18634498119354248
0.08579934388399124
0.2759493291378021
0.6343924403190613
0.21480527520179749
0.34776654839515686
0.9412726163864136
0.22872383892536163
0.7886865139007568
0.9673743844032288
0.5216137170791626
0.992797315120697
0.9937304258346558
0.9695620536804199
0.2738127112388611
0.9647161364555359
0.6201143264770508
0.7957169413566589
0.34793755412101746
0.7744418978691101
0.2681274712085724
0.9185662269592285
0.3747538626194
0.5495200753211975
0.10178728401660919
0.174000084400177
0.9568756818771362
0.6563593149185181
0.5182233452796936
0.8047367930412292
0.48864343762397766
0.9534177184104919
0.6206601858139038
0.6875700950622559
0.5727686285972595
0.4040176570415497
0.012456219643354416
0.12058115750551224
0.5328680276870728
0.2376229614019394
0.4666406512260437
0.24996651709079742
0.1315988302230835
0.587702214717865
0.01941516436636448
0.7936960458755493
0.34036049246788025
0.8990762233734131
0.8309407234191895
0.5725708603858948
0.5539271831512451
0.31836968660354614
0.8819018602371216
0.8496189713478088
0.22829054296016693
0.2657504677772522
0.9426751136779785
0.1712637096643448
0.3539891839027405
0.79310542345047
0.9844664335250854
0.6291002035140991
0.6300877332687378
0.6416358947753906
0.24138933420181274
0.32997849583625793
0.9932572245597839
0.6518121957778931
0.5334940552711487
0.8502935767173767
0.023687338456511497
0.6921252608299255
0.9886661767959595
0.949268102645874
0.6589478254318237
0.017571458593010902
0.15143604576587677
0.7624968886375427
0.8943465948104858
0.7025784254074097
0.6154237389564514
0.15167446434497833
0.5841279625892639
0.6826516389846802
0.15192268788814545
0.9109293222427368
0.4414766728878021
0.9935340881347656
0.04996210336685181
0.5250105261802673
0.3824900686740875
0.3264012634754181
0.07267680764198303
0.5488952994346619
0.8061254620552063
0.7729907035827637
0.11354860663414001
0.9896005392074585
0.16854633390903473
0.9895473122596741
0.09136079996824265
0.11746235191822052
0.2783612906932831
0.7026487588882446
0.3973172605037689
0.7273851037025452
0.1490306854248047
0.2959594428539276
0.3070482909679413
0.09790188074111938
0.35680797696113586
0.04843205586075783
0.025661539286375046
0.9811291694641113
0.8232693672180176
0.163379967212677
0.12626811861991882
0.29505395889282227
0.046674057841300964
0.46829935908317566
0.47365477681159973
0.7876037359237671
0.7019028663635254
0.07866807281970978
0.9468549489974976
0.036245305091142654
0.18597394227981567
0.6274486780166626
0.5165325403213501
0.4426966607570648
0.691783607006073
0.1982862651348114
0.9830920696258545
0.17408940196037292
0.47403454780578613
0.81002277135849
0.5668237209320068
0.5028342604637146
0.01734848879277706
0.2039284110069275
0.846514105796814
0.0123823843896389
0.08969104290008545
0.6499864459037781
0.42666175961494446
0.48788735270500183
0.5905923247337341
0.3531574010848999
0.05484846234321594
0.5068105459213257
0.8240543007850647
0.17771130800247192
0.6358287334442139
0.8811997175216675
0.4561007022857666
0.3597102761268616
0.5775583386421204
0.09616782516241074
0.12738294899463654
0.8419793248176575
0.5319424867630005
0.36006346344947815
0.7835866808891296
0.17367330193519592
0.3980993926525116
0.5973080992698669
0.6543899178504944
0.9365671277046204
0.9782447814941406
0.11551694571971893
0.08615434169769287
0.2073168307542801
0.33846521377563477
0.04260796681046486
0.9267335534095764
0.38353830575942993
0.6111277341842651
0.8555023670196533
0.32908108830451965
0.6829361915588379
0.47483715415000916
0.5928112864494324
0.6305872797966003
0.45102131366729736
0.412189245223999
0.4718419313430786
0.9448225498199463
0.32664087414741516
0.24799957871437073
0.3884694278240204
0.23277588188648224
0.6737695932388306
0.2590998411178589
0.2579520642757416
0.3550020754337311
0.7147767543792725
0.405918687582016
0.23575186729431152
0.07939398288726807
0.7315045595169067
0.7208338975906372
0.9406538605690002
0.5481287837028503
0.3408052623271942
0.898146390914917
0.13335227966308594
0.8648856282234192
0.9123988747596741
0.9785334467887878
0.339279443025589
0.21923521161079407
0.8751451373100281
0.9893165826797485
0.7858837246894836
0.800244152545929
0.48224082589149475
0.7442648410797119
0.463783323764801
0.05113913491368294
0.6231633424758911
0.7390029430389404
0.7937297821044922
0.8358907103538513
0.0784713476896286
0.2597745656967163
0.6582384705543518
0.5642090439796448
0.3028073310852051
0.2610233426094055
0.025481127202510834
0.10029727220535278
0.6117107272148132
0.5555877685546875
0.11469203978776932
0.4022286534309387
0.5591462850570679
0.6078355312347412
0.30248355865478516
0.30578577518463135
0.18490226566791534
0.11458062380552292
0.17082719504833221
0.9290403723716736
0.6319799423217773
0.8747989535331726
0.40296050906181335
0.14498305320739746
0.2874568700790405
0.954560399055481
0.6454440951347351
0.057180918753147125
0.6219498515129089
0.6986963748931885
0.7822966575622559
0.9464809894561768
0.557273805141449
0.5217669606208801
0.5264152884483337
0.6040329337120056
0.9473559260368347
0.3027462959289551
0.9617760181427002
0.7488806247711182
0.44511517882347107
0.27615565061569214
0.7052927613258362
0.20692022144794464
0.49696582555770874
0.12313537299633026
0.033971723169088364
0.4221765697002411
0.5827850699424744
0.2354826033115387
0.7316653728485107
0.6707080602645874
0.05450251325964928
0.7630280256271362
0.5004720687866211
0.01150535698980093
0.986619770526886
0.295134574174881
0.90113365650177
0.4638931453227997
0.23866578936576843
0.4996371269226074
0.026631467044353485
0.011249595321714878
0.5465265512466431
0.6205726265907288
0.23726055026054382
0.6660676002502441
0.43118196725845337
0.9562035202980042
0.9484942555427551
0.5623351335525513
0.9076874852180481
0.6139904260635376
0.8260490298271179
0.8282697796821594
0.18082597851753235
0.20512966811656952
0.05377431586384773
0.5079244375228882
0.39796122908592224
0.4691579043865204
0.8389155268669128
0.4673837721347809
0.3456650376319885
0.8519025444984436
0.5456477999687195
0.9349640607833862
0.7777179479598999
0.8659567832946777
0.48307299613952637
0.8501289486885071
0.9250666499137878
0.9491366147994995
0.046046990901231766
0.5851341485977173
0.22779420018196106
0.2702423930168152
0.5578488707542419
0.698089599609375
0.7233571410179138
0.8668471574783325
0.09280049055814743
0.013358520343899727
0.7337615489959717
0.4360343813896179
0.06451616436243057
0.7322841882705688
0.20697052776813507
0.3021574020385742
0.044116176664829254
0.9545794725418091
0.36488696932792664
0.5794961452484131
0.39632123708724976
0.12293083965778351
0.4924149811267853
0.23137277364730835
0.9523445963859558
0.33931460976600647
0.1629161238670349
0.9354576468467712
0.09287472069263458
0.9546404480934143
0.8756440877914429
0.23233374953269958
0.48110631108283997
0.16854539513587952
0.7476221919059753
0.6096163392066956
0.5269684195518494
0.21129925549030304
0.15297196805477142
0.27173665165901184
0.08305895328521729
0.6723799109458923
0.5775608420372009
0.6717608571052551
0.81174635887146
0.3593307435512543
0.06877809762954712
0.008418243378400803
0.5360531806945801
0.6005794405937195
0.3978371322154999
0.9346732497215271
0.5427576303482056
0.2431897521018982
0.14538836479187012
0.09687461704015732
0.8655117750167847
0.3593737483024597
0.5736871957778931
0.9162672758102417
0.39932873845100403
0.5880934596061707
0.42754894495010376
0.8972184658050537
0.8237963318824768
0.6312446594238281
0.4449962377548218
0.2965083420276642
0.4687314033508301
0.14032861590385437
0.24021029472351074
0.9718694090843201
0.08197002112865448
0.6532662510871887
0.16417530179023743
0.17973051965236664
0.351065993309021
0.9567966461181641
0.9141072630882263
0.7932419180870056
0.45873159170150757
0.18105770647525787
0.7738299369812012
0.8687011003494263
0.3583454191684723
0.17167793214321136
0.4587653577327728
0.9113619327545166
0.8708484172821045
0.026965368539094925
0.7982488870620728
0.8597738146781921
0.631604790687561
0.9844408631324768
0.28289908170700073
0.34350958466529846
0.1856410801410675
0.8659806251525879
0.832695722579956
0.3538350462913513
0.5850495100021362
0.33217471837997437
0.5200275182723999
0.4727538824081421
0.21746104955673218
0.6236656904220581
0.8573753237724304
0.9588165283203125
0.5325377583503723
0.7971596121788025
0.8600714206695557
0.23230573534965515
0.04496881365776062
0.2209450900554657
0.21809092164039612
0.9216795563697815
0.9497624635696411
0.7140589952468872
0.26627981662750244
0.5922205448150635
0.6372758150100708
0.06510648876428604
0.036657825112342834
0.6713424921035767
0.0023669928777962923
0.20896092057228088
0.6741372346878052
0.6812407374382019
0.7590164542198181
0.36694100499153137
0.8270791172981262
0.9948064684867859
0.9625047445297241
0.42035534977912903
0.5258476734161377
0.533505380153656
0.7466602921485901
0.9766104817390442
0.8489854335784912
0.3027730882167816
0.6761870980262756
0.09017056226730347
0.21678246557712555
0.23377157747745514
0.45031875371932983
0.5104963779449463
0.16730493307113647
0.6607515811920166
0.47124138474464417
0.09250501543283463
0.28864243626594543
0.2934582829475403
0.745945155620575
0.9061414003372192
0.9628875255584717
0.3866334557533264
0.1267874836921692
0.8346317410469055
0.5270988345146179
0.08429175615310669
0.8328185081481934
0.5259402394294739
0.8826566934585571
0.7024637460708618
0.2154155969619751
0.6116108298301697
0.6601250767707825
0.9409439563751221
0.19338585436344147
0.5537275671958923
0.5669201016426086
0.5865992903709412
0.9464811086654663
0.23363564908504486
0.7647673487663269
0.42136552929878235
0.8195971250534058
0.13668687641620636
0.019173339009284973
0.7489004731178284
0.9899165630340576
0.9231840372085571
0.5287215709686279
0.5343420505523682
0.18746112287044525
0.17717662453651428
0.5659024715423584
0.08923935890197754
0.7740227580070496
0.5960851907730103
0.3500877022743225
0.18419431149959564
0.28336527943611145
0.7227212190628052
0.5794385671615601
0.1203199252486229
0.4692443311214447
0.5837513208389282
0.39311233162879944
0.414439857006073
0.610232412815094
0.055238839238882065
0.93711256980896
0.626142144203186
0.6730095148086548
0.6178107857704163
0.1722567081451416
0.04093947634100914
0.8782415986061096
0.920512855052948
0.6209859251976013
0.14682868123054504
0.14812330901622772
0.3683946132659912
0.19516019523143768
0.5412467122077942
0.1896384060382843
0.6469054818153381
0.8342540860176086
0.6307252049446106
0.9287891983985901
0.4143558144569397
0.8673321604728699
0.39918801188468933
0.44223424792289734
0.6782519221305847
0.25910910964012146
0.8951827883720398
0.618701159954071
0.5836828351020813
0.986764132976532
0.987977921962738
0.9786929488182068
0.34722647070884705
0.38436955213546753
0.3853359520435333
0.3140220642089844
0.2815518081188202
0.3268178701400757
0.6042492389678955
0.4517611861228943
0.03380531817674637
0.7905230522155762
0.7653759121894836
0.04498312994837761
0.40075260400772095
0.6464520692825317
0.1584569662809372
0.6135598421096802
0.7340337634086609
0.7671648859977722
0.9623280763626099
0.5995206832885742
0.12161869555711746
0.4432815909385681
0.2349282205104828
0.2284790426492691
0.2571760416030884
0.929068386554718
0.5970402359962463
0.7017665505409241
0.7353684306144714
0.13305363059043884
0.7212687730789185
0.6040614247322083
0.9873960018157959
0.4474221467971802
0.5461814403533936
0.7899332046508789
0.9246472120285034
0.3220263421535492
0.3304023742675781
0.8381001353263855
0.7287673354148865
0.603236734867096
0.40946146845817566
0.8111767768859863
0.4413084089756012
0.2705515921115875
0.5363874435424805
0.29135316610336304
0.7746092081069946
0.023374028503894806
0.3348367214202881
0.43959537148475647
0.7164000272750854
0.6514043211936951
0.5985499024391174
0.06289854645729065
0.6388656497001648
0.8270630240440369
0.14739684760570526
0.09905696660280228
0.28434237837791443
0.09679742157459259
0.43600761890411377
0.5370994806289673
0.23168426752090454
0.8559073805809021
0.6106460690498352
0.817554235458374
0.9394200444221497
0.8967859745025635
0.41878578066825867
0.8205260038375854
0.42244744300842285
0.22128503024578094
0.8064393997192383
0.15631835162639618
0.8174715638160706
0.16248609125614166
0.030010296031832695
0.4977920949459076
0.11654801666736603
0.5983738899230957
0.00043960846960544586
0.670810878276825
0.18059013783931732
0.7544366121292114
0.8088709115982056
0.6559602618217468
0.3859406113624573
0.8522182106971741
0.3464508056640625
0.9501040577888489
0.9145460724830627
0.26566046476364136
0.43235230445861816
0.6225937604904175
0.4381251037120819
0.7323247790336609
0.1442757397890091
0.6359639763832092
0.31536728143692017
0.5182210803031921
0.9445472359657288
0.37871289253234863
0.20240330696105957
0.5906792879104614
0.9316911697387695
0.08097222447395325
0.6884462237358093
0.9831031560897827
0.3192162811756134
0.13549350202083588
0.41404879093170166
0.2970764636993408
0.5041894316673279
0.17734958231449127
0.6787164211273193
0.11977708339691162
0.3907669186592102
0.7459204792976379
0.7286732792854309
0.4934985637664795
0.5692298412322998
0.3778224289417267
0.044654473662376404
0.6575619578361511
0.34221917390823364
0.26878055930137634
0.8803321719169617
0.5662840604782104
0.32759344577789307
0.5024713277816772
0.629099428653717
0.6493900418281555
0.5952497720718384
0.7140793204307556
0.7303087711334229
0.6744240522384644
0.2189778834581375
0.8967975378036499
0.7881370782852173
0.14086323976516724
0.27630388736724854
0.9748387932777405
0.7492972612380981
0.7719286680221558
0.4888818562030792
0.850430428981781
0.8599827885627747
0.028628656640648842
0.7493797540664673
0.6913882493972778
0.5371032953262329
0.11768538504838943
0.023430371657013893
0.854268491268158
0.53159099817276
0.9272999167442322
0.3410002291202545
0.7461334466934204
0.12714678049087524
0.6552925705909729
0.7174814939498901
0.39187633991241455
0.2396567016839981
0.9616476893424988
0.5583384037017822
0.783966064453125
0.32181963324546814
0.6682171821594238
0.6769010424613953
0.7588909268379211
0.4321647584438324
0.5214027762413025
0.5588911771774292
0.20570071041584015
0.060584504157304764
0.5455456972122192
0.29524049162864685
0.4889146387577057
0.9394370913505554
0.42169979214668274
0.5197494029998779
0.22889405488967896
0.6126707792282104
0.5555298328399658
0.8492867946624756
0.676666259765625
0.2863416373729706
0.8072846531867981
0.3944924473762512
0.20016716420650482
0.3428274989128113
0.10467248409986496
0.19616669416427612
0.17320388555526733
0.2935357391834259
0.06967056542634964
0.9539541602134705
0.9948129653930664
0.9416069984436035
0.7462236285209656
0.3943008482456207
0.836392879486084
0.0797434002161026
0.9394908547401428
0.04957631230354309
0.3673226535320282
0.6354179978370667
0.16268472373485565
0.1875089406967163
0.6935167908668518
0.725727379322052
0.07622681558132172
0.6141308546066284
0.0882798358798027
0.13765214383602142
0.15616019070148468
0.9019092917442322
0.8137291669845581
0.2692599594593048
0.6473961472511292
0.9004316329956055
0.5220274925231934
0.656859278678894
0.5269405841827393
0.2184869945049286
0.5965017080307007
0.7476426959037781
0.17212960124015808
0.19490832090377808
0.5839715600013733
0.3175303339958191
0.5435687899589539
0.6314002871513367
0.7961589097976685
0.08218029886484146
0.8537444472312927
0.5124953389167786
0.7240960597991943
0.2768208086490631
0.09812995046377182
0.8197970986366272
0.467665433883667
0.18143920600414276
0.2762936055660248
0.0840873122215271
0.784728467464447
0.021858565509319305
0.4214019477367401
0.2512705326080322
0.8218974471092224
0.07551433145999908
0.43547433614730835
0.011038878932595253
0.25288277864456177
0.9682415723800659
0.05873539298772812
0.35097768902778625
0.7101302146911621
0.014116071164608002
0.8192945718765259
0.4541323184967041
0.2203352153301239
0.5520738959312439
0.8804791569709778
0.09619896858930588
0.11642149835824966
0.9873250722885132
0.5334954857826233
0.07532826066017151
0.3722659647464752
0.49018216133117676
0.8634251356124878
0.46324095129966736
0.5166759490966797
0.42014068365097046
0.8443065881729126
0.9814084768295288
0.15506611764431
0.32767999172210693
0.16196753084659576
0.7612314820289612
0.05989425629377365
0.762021005153656
0.4834199547767639
0.4609241485595703
0.638282835483551
0.576327383518219
0.855100154876709
0.013221800327301025
0.6022305488586426
0.12176529318094254
0.7950519323348999
0.6099434494972229
0.6265696883201599
0.10115040093660355
0.9664289355278015
0.9938803911209106
0.1437373161315918
0.6160665154457092
0.7126476168632507
0.9748479127883911
0.7589917778968811
0.4343487620353699
0.8425949215888977
0.04985208436846733
0.8427591919898987
0.5601648688316345
0.46488940715789795
0.5137438774108887
0.6038953065872192
0.9880414009094238
0.5929201245307922
0.6505234241485596
0.10758908838033676
0.679984986782074
0.7561951279640198
0.003107644384726882
0.40792515873908997
0.9921821355819702
0.8841235637664795
0.9989423751831055
0.8607184290885925
0.002157824579626322
0.9315045475959778
0.1235235407948494
0.9879493713378906
0.563032329082489
0.7972732186317444
0.126633420586586
0.4398761987686157
0.31198829412460327
0.29920855164527893
0.8996515274047852
0.47777989506721497
0.6147035360336304
0.14514361321926117
0.6006923913955688
0.5723610520362854
0.685700535774231
0.47339004278182983
0.8985727429389954
0.17739520967006683
0.17934754490852356
0.7566617131233215
0.7390380501747131
0.9788157343864441
0.3410320281982422
0.3478619158267975
0.7369650602340698
0.38787195086479187
0.8149752020835876
0.5548837184906006
0.7851976752281189
0.23899534344673157
0.9189245104789734
0.28945472836494446
0.9737037420272827
0.946452796459198
0.6817929148674011
0.9115963578224182
0.754114031791687
0.4897373914718628
0.7888696789741516
0.8671661019325256
0.6503469944000244
0.6014137864112854
0.7685600519180298
0.9962289929389954
0.6988457441329956
0.8199942111968994
0.569719672203064
0.405772864818573
0.6448575258255005
0.5234528183937073
0.8957371115684509
0.7653965353965759
0.5745271444320679
0.14515216648578644
0.3787381947040558
0.2622126340866089
0.6388814449310303
0.6379667520523071
0.07134789228439331
0.09350699931383133
0.2977806031703949
0.7306209802627563
0.5167619585990906
0.8292789459228516
0.7618317604064941
0.03782017529010773
0.2856433391571045
0.014032412320375443
0.11875347793102264
0.8233455419540405
0.6513076424598694
0.5369362831115723
0.7296619415283203
0.47011053562164307
0.7158517241477966
0.20028354227542877
0.1462179273366928
0.8318707942962646
0.31342023611068726
0.2441839873790741
0.12413276731967926
0.5842695236206055
0.05951397493481636
0.6917498111724854
0.6311110258102417
0.282520055770874
0.5679387450218201
0.5670830011367798
0.4519726037979126
0.007990190759301186
0.26814454793930054
0.9283788800239563
0.8171245455741882
0.0364227332174778
0.3376322090625763
0.21295735239982605
0.25947198271751404
0.6526840329170227
0.26821431517601013
0.5210082530975342
0.9239283204078674
0.17181004583835602
0.808817982673645
0.37419843673706055
0.497304767370224
0.9817106127738953
0.6568008661270142
0.5920498371124268
0.018971020355820656
0.48908358812332153
0.837644100189209
0.7238087058067322
0.6012802124023438
0.19690683484077454
0.7058782577514648
0.8978092670440674
0.07607845962047577
0.29686933755874634
0.9279352426528931
0.4749542474746704
0.8668001890182495
0.5523509979248047
0.2696320712566376
0.779517412185669
0.7989625334739685
0.31403642892837524
0.9336662292480469
0.8792214393615723
0.9227100610733032
0.8412518501281738
0.13956519961357117
0.2540260851383209
0.3088156282901764
0.894194483757019
0.13158857822418213
0.2742193639278412
0.2028442770242691
0.7140262126922607
0.4239593744277954
0.6036328077316284
0.6009792685508728
0.9358317852020264
0.25881507992744446
0.6321449875831604
0.11793316900730133
0.33639097213745117
0.63542640209198
0.2587950825691223
0.1461033821105957
0.8249844908714294
0.6917159557342529
0.836152970790863
0.6600477695465088
0.16989386081695557
0.9446881413459778
0.6020899415016174
0.4765443205833435
0.8232699036598206
0.08331223577260971
0.9768139719963074
0.824647843837738
0.04100138694047928
0.3429657518863678
0.8459427356719971
0.4175772964954376
0.9686358571052551
0.06999527662992477
0.49709123373031616
0.18535377085208893
0.18213878571987152
0.6130372881889343
0.3509224057197571
0.9641371965408325
0.24184152483940125
0.9398248195648193
0.44280633330345154
0.9987474679946899
0.858904242515564
0.4377058148384094
0.351371169090271
0.8190522193908691
0.10817212611436844
0.16125400364398956
0.4290634095668793
0.45079153776168823
0.8674538731575012
0.03355967625975609
0.8195546269416809
0.13926979899406433
0.9876713156700134
0.5670580863952637
0.21672633290290833
0.959111213684082
0.8353098630905151
0.0703951045870781
0.1518716812133789
0.6991187334060669
0.5349494814872742
0.6355805993080139
0.7828801870346069
0.004484373144805431
0.35097581148147583
0.5067974925041199
0.48420077562332153
0.5916457176208496
0.17832276225090027
0.7159635424613953
0.926615834236145
0.6472996473312378
0.31299805641174316
0.12259934097528458
0.25059372186660767
0.9759809970855713
0.5850233435630798
0.3392367959022522
0.4106651246547699
0.04649245738983154
0.6416610479354858
0.8799310326576233
0.25029414892196655
0.41212645173072815
0.8087149858474731
0.2280811369419098
0.5313604474067688
0.14134417474269867
0.7749080061912537
0.3107942044734955
0.8006871342658997
0.8471530079841614
0.6544674038887024
0.4128940999507904
0.25107917189598083
0.4336186647415161
0.5750349760055542
0.5493851900100708
0.07370437681674957
0.26216360926628113
0.5646243691444397
0.5675405263900757
0.1245778426527977
0.9420966506004333
0.7508897185325623
0.972495973110199
0.06140655651688576
0.454022616147995
0.19596177339553833
0.2500365674495697
0.7948960065841675
0.346651554107666
0.8304374814033508
0.015128063037991524
0.28258514404296875
0.22020375728607178
0.7809817790985107
0.22000642120838165
0.5879094004631042
0.7836306691169739
0.7845757007598877
0.918847918510437
0.9831282496452332
0.8841447830200195
0.7073712348937988
0.8368106484413147
0.7983358502388
0.1450137346982956
0.811432421207428
0.9145926833152771
0.0980893149971962
0.05436432361602783
0.1902255266904831
0.8877836465835571
0.5316071510314941
0.9100028276443481
0.2684268355369568
0.8326106071472168
0.14752574265003204
0.07856137305498123
0.38262584805488586
0.8180111646652222
0.10242072492837906
0.7451663017272949
0.7381656169891357
0.21831651031970978
0.7431607246398926
0.12529627978801727
0.6456393599510193
0.2719078063964844
0.06425455212593079
0.3696982264518738
0.8654314279556274
0.5945491194725037
0.04226997122168541
0.46550753712654114
0.0252225399017334
0.7580364346504211
0.5887115001678467
0.8634536266326904
0.23027555644512177
0.7221032977104187
0.07645400613546371
0.2484532594680786
0.3999464213848114
0.46203529834747314
0.26357439160346985
0.8646262288093567
0.011145447380840778
0.9355708956718445
0.13123372197151184
0.8125925064086914
0.27961546182632446
0.9594729542732239
0.898038923740387
0.44905370473861694
0.10818103700876236
0.42568930983543396
0.5959038138389587
0.8431387543678284
0.44914892315864563
0.9844595789909363
0.6701658368110657
0.04359336197376251
0.2727399170398712
0.47842925786972046
0.4326377809047699
0.10405074805021286
0.054240643978118896
0.6314924359321594
0.24777112901210785
0.9123985171318054
0.03341337665915489
0.26825985312461853
0.6475778818130493
0.9212251305580139
0.5201841592788696
0.31749966740608215
0.6359176635742188
0.008237076923251152
0.2434084415435791
0.04002251476049423
0.21910367906093597
0.018700357526540756
0.5483347177505493
0.3007345497608185
0.6047768592834473
0.2898401916027069
0.8387596607208252
0.37746721506118774
0.03432575985789299
0.9543019533157349
0.2980809807777405
0.22695061564445496
0.7491887211799622
0.09043868631124496
0.789421558380127
0.5539731979370117
0.8496409058570862
0.7560020089149475
0.1523190438747406
0.6732167601585388
0.2241297960281372
0.40363195538520813
0.618233323097229
0.991550862789154
0.9290648102760315
0.7721036672592163
0.22844712436199188
0.05002506449818611
0.6251491904258728
0.17399285733699799
0.4053802788257599
0.1090221107006073
0.3138822913169861
0.757371187210083
0.8570729494094849
0.6711602807044983
0.0742727592587471
0.1852860003709793
0.8695461750030518
0.7635709047317505
0.2203766405582428
0.19798630475997925
0.7403401136398315
0.07418671250343323
0.4286363124847412
0.9461647272109985
0.8362754583358765
0.08565351366996765
0.02185027487576008
0.4938882291316986
0.12469438463449478
0.2335883527994156
0.29524102807044983
0.8383188843727112
0.5006245970726013
0.5654000043869019
0.23372581601142883
0.13407103717327118
0.5723076462745667
0.8086537718772888
0.6071026921272278
0.6002393960952759
0.20960861444473267
0.5827129483222961
0.004618747625499964
0.5862560272216797
0.46188947558403015
0.713612973690033
0.6869169473648071
0.7099913358688354
0.8809298276901245
0.1851109117269516
0.4557066559791565
0.3502858877182007
0.8733763098716736
0.25447210669517517
0.25414904952049255
0.47419703006744385
0.7696254849433899
0.07088703662157059
0.4219004213809967
0.007396280765533447
0.857545018196106
0.1375051587820053
0.5721601843833923
0.15571478009223938
0.054121728986501694
0.960396945476532
0.5956494808197021
0.1102491244673729
0.811199426651001
0.7324331998825073
0.9645922780036926
0.538097620010376
0.22083723545074463
0.25514668226242065
0.6346941590309143
0.3625931739807129
0.210333451628685
0.3861871659755707
0.12528294324874878
0.9242033362388611
0.14608696103096008
0.9799883961677551
0.17779001593589783
0.8805411458015442
0.7213425040245056
0.8312404155731201
0.5692388415336609
0.1210140660405159
0.13925446569919586
0.6212061047554016
0.4863962233066559
0.36056414246559143
0.0337526872754097
0.48371097445487976
0.6342785358428955
0.27773094177246094
0.4557011127471924
0.4210042357444763
0.34377285838127136
0.7586668133735657
0.9451544284820557
0.06554996967315674
0.1702297329902649
0.2324669361114502
0.1750992089509964
0.8359183073043823
0.44563376903533936
0.8305075168609619
0.592609703540802
0.5409032702445984
0.428374707698822
0.4199049174785614
0.22967571020126343
0.25421926379203796
0.9703167676925659
0.2129463255405426
0.032448019832372665
0.027209686115384102
0.7573367953300476
0.05312122404575348
0.2486938238143921
0.2102147489786148
0.9625166058540344
0.3277508616447449
0.07064405828714371
0.8451948165893555
0.9720970988273621
0.7689155340194702
0.38658279180526733
0.77334064245224
0.3786669671535492
0.9153327345848083
0.7221969366073608
0.786715567111969
0.1383887082338333
0.9159406423568726
0.253641277551651
0.21118630468845367
0.7312984466552734
0.5463084578514099
0.4291651248931885
0.9893463253974915
0.7003251910209656
0.9693233370780945
0.028303084895014763
0.43990591168403625
0.015275154262781143
0.46927258372306824
0.793848991394043
0.4254285395145416
0.5399361848831177
0.647038459777832
0.5459131598472595
0.03131086751818657
0.1763516664505005
0.09364762902259827
0.5444472432136536
0.10540921986103058
0.09817712754011154
0.3202438950538635
0.5919925570487976
0.5661864280700684
0.24283689260482788
0.7134814858436584
0.08488792181015015
0.5311729907989502
0.7833800911903381
0.534942626953125
0.3265538811683655
0.2558411955833435
0.1458631157875061
0.5504379868507385
0.883199155330658
0.4517405331134796
0.3708369731903076
0.43420031666755676
0.845976710319519
0.8340809345245361
0.7908657789230347
0.6652840375900269
0.11879046261310577
0.08749039471149445
0.18592612445354462
0.04324294999241829
0.39340677857398987
0.6431941986083984
0.030738821253180504
0.12290827184915543
0.0831720381975174
0.8385663032531738
0.04600338265299797
0.1257428526878357
0.15176169574260712
0.2062654346227646
0.9493269324302673
0.020185796543955803
0.999854564666748
0.42691922187805176
0.32973477244377136
0.779053270816803
0.7446439266204834
0.05398814380168915
0.4248307943344116
0.895700991153717
0.7539870142936707
0.01818738505244255
0.012408659793436527
0.3594430685043335
0.3888908922672272
0.41233813762664795
0.13969075679779053
0.051522403955459595
0.5625420808792114
0.5713356137275696
0.1527688056230545
0.386543333530426
0.11722064763307571
0.639474093914032
0.035877302289009094
0.35427236557006836
0.8414865136146545
0.945402204990387
0.35873138904571533
0.6802399754524231
0.3950302004814148
0.9656807780265808
0.29686540365219116
0.27062055468559265
0.11140981316566467
0.9542900323867798
0.7867797017097473
0.11787621676921844
0.29996606707572937
0.7784823179244995
0.6587041020393372
0.7277047634124756
0.20122399926185608
0.3665929436683655
0.9517867565155029
0.16817207634449005
0.7919393181800842
0.48787128925323486
0.22560004889965057
0.2991158068180084
0.7318465113639832
0.9859443306922913
0.6413483023643494
0.8400478959083557
0.6432220339775085
0.0683666244149208
0.7871318459510803
0.8504582047462463
0.848635196685791
0.29256099462509155
0.8988534808158875
0.9865240454673767
0.14887769520282745
0.3532907962799072
0.05460071563720703
0.9124677181243896
0.7102325558662415
0.45393821597099304
0.8008411526679993
0.3264271914958954
0.9381579756736755
0.08010882139205933
0.8292422890663147
0.8558523654937744
0.5380584597587585
0.48038050532341003
0.9222087860107422
0.06028853729367256
0.3226167857646942
0.058985576033592224
0.8886573314666748
0.09363772720098495
0.09837663173675537
0.09878883510828018
0.34229809045791626
0.7196239829063416
0.5735509991645813
0.9518046379089355
0.5667493939399719
0.7726870179176331
0.16295145452022552
0.9451520442962646
0.7168810367584229
0.49159806966781616
0.47643280029296875
0.9276400804519653
0.7883283495903015
0.7318016290664673
0.6856691241264343
0.7239349484443665
0.2752947211265564
0.021812206134200096
0.548672616481781
0.4219091832637787
0.48566174507141113
0.8512546420097351
0.08604567497968674
0.7426284551620483
0.21759648621082306
0.4769846498966217
0.366728276014328
0.3714456558227539
0.7393985390663147
0.9165427088737488
0.8438469171524048
0.05574291571974754
0.8906766176223755
0.5872295498847961
0.6857531666755676
0.25586968660354614
0.008385400287806988
0.3492961525917053
0.037099890410900116
0.09839487820863724
0.08334602415561676
0.661835253238678
0.719739556312561
0.30424126982688904
0.5519133806228638
0.1439858078956604
0.21282072365283966
0.9069364070892334
0.35791388154029846
0.6704732179641724
0.14414823055267334
0.3678286075592041
0.24551548063755035
0.660820484161377
0.018095871433615685
0.05539470538496971
0.7610449194908142
0.01777922734618187
0.632811963558197
0.9158526062965393
0.28967395424842834
0.8170030117034912
0.4767155051231384
0.8856000304222107
0.42059391736984253
0.1285891830921173
0.18586869537830353
0.850111186504364
0.7851908206939697
0.8490983247756958
0.9866732954978943
0.5648297667503357
0.4510560631752014
0.010500718839466572
0.583749532699585
0.935919463634491
0.8281651139259338
0.24191604554653168
0.4219039976596832
0.4661194980144501
0.3725730776786804
0.22749115526676178
0.250303715467453
0.9172040820121765
0.20086604356765747
0.2743663191795349
0.9071694016456604
0.9153352379798889
0.6746787428855896
0.9810775518417358
0.45656538009643555
0.5455161333084106
0.03472456336021423
0.6623096466064453
0.2692672610282898
0.4137432277202606
0.6327175498008728
0.05103685334324837
0.23946112394332886
0.6268659234046936
0.599990725517273
0.06301604211330414
0.1462946981191635
0.2939017117023468
0.9420930743217468
0.4603964686393738
0.8571712374687195
0.8357561230659485
0.12987317144870758
0.7520343661308289
0.8546767830848694
0.8561238050460815
0.8440057039260864
0.5980626344680786
0.6779851317405701
0.7929311990737915
0.03253122791647911
0.8060933351516724
0.8450075387954712
0.7050514817237854
0.13552235066890717
0.5076239109039307
0.9955836534500122
0.058820564299821854
0.5402914881706238
0.4492594003677368
0.8771916627883911
0.6844230890274048
0.339446097612381
0.5671163201332092
0.6615707278251648
0.02136543206870556
0.7042691707611084
0.38343140482902527
0.22267930209636688
0.34200724959373474
0.2963474988937378
0.9769724011421204
0.036184169352054596
0.5310799479484558
0.5207858085632324
0.5364534258842468
0.7778844833374023
0.4901011288166046
0.884308397769928
0.04420948401093483
0.2819768488407135
0.409306138753891
0.6537238955497742
0.7873973250389099
0.14926177263259888
0.08628829568624496
0.5067593455314636
0.12663793563842773
0.49005383253097534
0.670376718044281
0.329573392868042
0.22337736189365387
0.1582241654396057
0.5401411056518555
0.20155301690101624
0.5250624418258667
0.9419534206390381
0.13000839948654175
0.8465301990509033
0.3770615756511688
0.89436936378479
0.5067023634910583
0.7135770320892334
0.8783365488052368
0.5535730123519897
0.06811216473579407
0.9911812543869019
0.5158186554908752
0.9675303101539612
0.7201176285743713
0.7998088002204895
0.8272354006767273
0.48969557881355286
0.6232410669326782
0.041438981890678406
0.29354724287986755
0.6716747283935547
0.5683630704879761
0.9746455550193787
0.6277258992195129
0.34280911087989807
0.8672518134117126
0.3503085672855377
0.5335979461669922
0.05603833124041557
0.4505450427532196
0.032664474099874496
0.760436475276947
0.6940426826477051
0.2549740672111511
0.5333338379859924
0.4135541021823883
0.8874948620796204
0.38392019271850586
0.7538164258003235
0.3875207006931305
0.849616289138794
0.3400731682777405
0.9930529594421387
0.40995994210243225
0.4396135210990906
0.9753630757331848
0.3313712179660797
0.6523362994194031
0.37439921498298645
0.43518441915512085
0.8820759654045105
0.1733798384666443
0.16371531784534454
0.7006880044937134
0.8370979428291321
0.9148117303848267
0.8151313662528992
0.5112524032592773
0.24651169776916504
0.11277131736278534
0.03438420221209526
0.04496527463197708
0.9382522106170654
0.41461464762687683
0.820502519607544
0.08858173340559006
0.7065787315368652
0.5454987287521362
0.3709224760532379
0.49765461683273315
0.10025964677333832
0.1420438587665558
0.39030221104621887
0.5428695678710938
0.1135958731174469
0.6617159247398376
0.618732750415802
0.4744777977466583
0.9644961357116699
0.02601381205022335
0.3675088584423065
0.7279053926467896
0.4502857029438019
0.2920511066913605
0.8409944772720337
0.5323734283447266
0.11049534380435944
0.7978710532188416
0.9889944791793823
0.672770619392395
0.5517957210540771
0.5776644349098206
0.7546387910842896
0.33162057399749756
0.6448192000389099
0.10136710107326508
0.2594744861125946
0.6573505997657776
0.7663634419441223
0.98337721824646
0.8684154748916626
0.43538185954093933
0.06324406713247299
0.6741736531257629
0.023781755939126015
0.2587352395057678
0.41593137383461
0.2838131785392761
0.1434945911169052
0.07923351973295212
0.3048102557659149
0.8980756402015686
0.47565990686416626
0.09140539169311523
0.9901865124702454
0.7444266080856323
0.2512529492378235
0.7470577359199524
0.09693342447280884
0.7620588541030884
0.07260006666183472
0.016716735437512398
0.24883811175823212
0.10313284397125244
0.20436985790729523
0.2647874057292938
0.9421114325523376
0.7208203077316284
0.7037988305091858
0.9737346768379211
0.6630547046661377
0.09803709387779236
0.20607221126556396
0.7615669369697571
0.323915034532547
0.4184154272079468
0.37596261501312256
0.7867314219474792
0.15395139157772064
0.12354633212089539
0.170573890209198
0.46651187539100647
0.2126031070947647
0.06144363805651665
0.13964636623859406
0.08298921585083008
0.49413400888442993
0.8848522901535034
0.9897654056549072
0.28575417399406433
0.8052688837051392
0.5417032837867737
0.5840916037559509
0.235087588429451
0.7091139554977417
0.8649300336837769
0.10180257260799408
0.04587751626968384
0.167072594165802
0.504149317741394
0.2395031899213791
0.7898179888725281
0.9953504800796509
0.7606483697891235
0.5055134892463684
0.3549463748931885
0.035622116178274155
0.6362721920013428
0.29971858859062195
0.08604340255260468
0.1605125069618225
0.24015086889266968
0.5439606308937073
0.6499215960502625
0.38892921805381775
0.9066517949104309
0.2725139260292053
0.07526015490293503
0.26446402072906494
0.5563169121742249
0.8527421951293945
0.6006775498390198
0.25071799755096436
0.03998584672808647
0.2965962290763855
0.8257768154144287
0.6667662858963013
0.19453097879886627
0.1309349089860916
0.9231685400009155
0.06668582558631897
0.8362182974815369
0.5559639930725098
0.7109547853469849
0.6715642809867859
0.11852043867111206
0.369441956281662
0.9461035132408142
0.00814145803451538
0.9604858160018921
0.4223548471927643
0.99416583776474
0.7153048515319824
0.4033965766429901
0.2590295970439911
0.6179112792015076
0.877506673336029
0.17327052354812622
0.17219635844230652
0.7463238835334778
0.5993632078170776
0.2393936961889267
0.8511104583740234
0.44863083958625793
0.5719955563545227
0.43333709239959717
0.7803393006324768
0.49804508686065674
0.03824234753847122
0.14563216269016266
0.248049795627594
0.46847185492515564
0.901342511177063
0.000615044089499861
0.7365018725395203
0.28166794776916504
0.774976372718811
0.793543815612793
0.3505319356918335
0.05418742448091507
0.05773388594388962
0.9597198963165283
0.5204362273216248
0.5465497374534607
0.5681353211402893
0.18953198194503784
0.9550691246986389
0.3553484082221985
0.3369464576244354
0.43117421865463257
0.2775161862373352
0.2629113495349884
0.5686913132667542
0.3906807601451874
0.8079187273979187
0.4669971168041229
0.24299338459968567
0.08772759139537811
0.6954705715179443
0.7607153058052063
0.38500669598579407
0.9227693676948547
0.2350110113620758
0.7132799625396729
0.6320014595985413
0.5084438920021057
0.35328930616378784
0.21995338797569275
0.06105702742934227
0.041641030460596085
0.30851107835769653
0.4096381664276123
0.7110803723335266
0.9830112457275391
0.08593633025884628
0.9357941746711731
0.9912514090538025
0.5332996845245361
0.7323715090751648
0.738120973110199
0.9357608556747437
0.0426153726875782
0.1931173950433731
0.501995861530304
0.9603361487388611
0.9740914702415466
0.27244725823402405
0.9519956111907959
0.7948043346405029
0.9781420826911926
0.874094545841217
0.8631367683410645
0.3637201189994812
0.7565538287162781
0.42549753189086914
0.22476527094841003
0.35020774602890015
0.34924229979515076
0.8595946431159973
0.496139258146286
0.162814199924469
0.9764806628227234
0.17247046530246735
0.6315811276435852
0.776379406452179
0.27474480867385864
0.8720884323120117
0.07506832480430603
0.8776447772979736
0.026625914499163628
0.9425064325332642
0.6851806044578552
0.47713807225227356
0.925933837890625
0.583130419254303
0.4413263201713562
0.25933197140693665
0.40778666734695435
0.9318513870239258
0.2529636025428772
0.41998326778411865
0.19640280306339264
0.971709668636322
0.14115454256534576
0.10516305267810822
0.964775800704956
0.1377629041671753
0.524750292301178
0.09089063107967377
0.7971619963645935
0.6345425248146057
0.9308764934539795
0.08667460083961487
0.9321621060371399
0.9843082427978516
0.45808708667755127
0.7486168742179871
0.1715305894613266
0.690617561340332
0.05974419414997101
0.7601714134216309
0.16186292469501495
0.33723610639572144
0.4808996319770813
0.8008621335029602
0.9984579086303711
0.7061088681221008
0.24218645691871643
0.8572145700454712
0.607613742351532
0.5429169535636902
0.772440493106842
0.4959127902984619
0.5210865139961243
0.06255384534597397
0.4799812138080597
0.5474125146865845
0.03882548585534096
0.7557981014251709
0.8530681133270264
0.7492884397506714
0.9210869669914246
0.03814444690942764
0.17240042984485626
0.7355661988258362
0.35134756565093994
0.4516870677471161
0.35344377160072327
0.12738879024982452
0.36207208037376404
0.27504003047943115
0.9248154163360596
0.3304504156112671
0.5437330603599548
0.6003721356391907
0.42009902000427246
0.6924617886543274
0.2610677480697632
0.6684508323669434
0.21064460277557373
0.8804176449775696
0.12082609534263611
0.39083459973335266
0.4787329137325287
0.6320964694023132
0.3160606622695923
0.5855618119239807
0.4591312110424042
0.8539512157440186
0.7225492000579834
0.9086245894432068
0.27681463956832886
0.17074275016784668
0.6678203344345093
0.14654138684272766
0.051383767277002335
0.14939460158348083
0.05863864719867706
0.3473251461982727
0.04282738268375397
0.902458667755127
0.09725471585988998
0.794728696346283
0.0005180569714866579
0.9306262731552124
0.4737693965435028
0.1129426434636116
0.19911466538906097
0.8646318912506104
0.4314567744731903
0.28253328800201416
0.14401760697364807
0.16293959319591522
0.2820920944213867
0.1775260865688324
0.6195613741874695
0.9712575078010559
0.37320464849472046
0.31182941794395447
0.014128092676401138
0.13661852478981018
0.08823448419570923
0.29056838154792786
0.8702315092086792
0.2827947735786438
0.3195692002773285
0.02905779890716076
0.35603588819503784
0.25206291675567627
0.8191680312156677
0.005126665346324444
0.25649431347846985
0.6437757015228271
0.10278879851102829
0.7023951411247253
0.4212930202484131
0.8725630044937134
0.1700894981622696
0.2884179353713989
0.3396289646625519
0.3948063850402832
0.7516463994979858
0.552376925945282
0.3129161298274994
0.1428656131029129
0.1905166506767273
0.251944363117218
0.01610368676483631
0.36607345938682556
0.11762718111276627
0.3467636704444885
0.3615979850292206
0.8093246221542358
0.8690102696418762
0.8996345400810242
0.7499656677246094
0.2382362186908722
0.7058009505271912
0.5559675693511963
0.3585759699344635
0.00223524053581059
0.8659026026725769
0.11253087222576141
0.7464713454246521
0.44700655341148376
0.7120277881622314
0.9912478923797607
0.4020466208457947
0.33656778931617737
0.9893786907196045
0.9096009731292725
0.3359622359275818
0.5796306133270264
0.9332229495048523
0.9057142734527588
0.7473611235618591
0.6298400163650513
0.9147980213165283
0.6154752373695374
0.7075453400611877
0.1025291383266449
0.22153709828853607
0.9123208522796631
0.7816365957260132
0.2626047134399414
0.8699807524681091
0.9621099233627319
0.7791204452514648
0.7441549897193909
0.32099995017051697
0.1318182796239853
0.7300819754600525
0.45597460865974426
0.4727548658847809
0.680266261100769
0.974271297454834
0.9960687160491943
0.7418447136878967
0.5292819142341614
0.21070165932178497
0.749137282371521
0.5728316307067871
0.7984592914581299
0.398586630821228
0.4462072253227234
0.3793928325176239
0.05536092072725296
0.7811446189880371
0.8064690828323364
0.732964813709259
0.7976773381233215
0.450492799282074
0.04894291236996651
0.32719308137893677
0.8819725513458252
0.8930755853652954
0.44281846284866333
0.008429349400103092
0.2848893702030182
0.6207865476608276
0.06959433853626251
0.5626338720321655
0.0520717091858387
0.28325358033180237
0.7302365899085999
0.3544025123119354
0.9676656126976013
0.03232623264193535
0.38559025526046753
0.9930481910705566
0.07513747364282608
0.15990617871284485
0.7101375460624695
0.8023220300674438
0.7835418581962585
0.958325982093811
0.4892650246620178
0.2668379247188568
0.670505702495575
0.9308034777641296
0.8246625065803528
0.11190570890903473
0.24183332920074463
0.2676469385623932
0.7510750889778137
0.01846243254840374
0.10720402747392654
0.15233856439590454
0.7732463479042053
0.3481113612651825
0.2554173469543457
0.46240293979644775
0.887508749961853
0.6698837280273438
0.3601115345954895
0.7150846123695374
0.40037378668785095
0.615338146686554
0.15157078206539154
0.8444185256958008
0.07731221616268158
0.7222244143486023
0.23076631128787994
0.491021990776062
0.9543738961219788
0.06417882442474365
0.7405778765678406
0.34908369183540344
0.22025999426841736
0.5562906265258789
0.6110707521438599
0.7498363256454468
0.3230401277542114
0.7564007639884949
0.037852633744478226
0.5153406858444214
0.8193167448043823
0.5020371675491333
0.4253682792186737
0.5818876028060913
0.3706150949001312
0.05429132282733917
0.34152114391326904
0.32739222049713135
0.7974218726158142
0.05220638960599899
0.5716962814331055
0.11023753881454468
0.004184013698250055
0.6845741271972656
0.5249332189559937
0.032022688537836075
0.927188515663147
0.6695189476013184
0.9444073438644409
0.2833746373653412
0.1782023161649704
0.9077896475791931
0.6976367235183716
0.051011331379413605
0.5110912322998047
0.563933789730072
0.6556995511054993
0.6530535817146301
0.3977295756340027
0.8705573081970215
0.7563602924346924
0.8420520424842834
0.8050146102905273
0.31514084339141846
0.8604236841201782
0.9634935259819031
0.8261120915412903
0.5744375586509705
0.365718275308609
0.5865879058837891
0.21023060381412506
0.5925331711769104
0.7558074593544006
0.7887381911277771
0.5835254192352295
0.3791753351688385
0.9521093964576721
0.20913085341453552
0.6337148547172546
0.2111184448003769
0.2834584712982178
0.7287737131118774
0.29124340415000916
0.14626161754131317
0.3787536919116974
0.11293504387140274
0.7092938423156738
0.16622689366340637
0.4486657679080963
0.200413778424263
0.5951706767082214
0.42427751421928406
0.18364302814006805
0.8033764362335205
0.7285974621772766
0.021167781203985214
0.026908105239272118
0.570563018321991
0.07150544971227646
0.25345370173454285
0.4012049734592438
0.593110203742981
0.43194299936294556
0.45864778757095337
0.6522645950317383
0.3161064684391022
0.40524429082870483
0.8702505230903625
0.4952220916748047
0.6241422891616821
0.4796191155910492
0.9737524390220642
0.14675602316856384
0.7361019849777222
0.586530864238739
0.1289081871509552
0.5993325114250183
0.8339033126831055
0.5113838315010071
0.7762307524681091
0.5201860070228577
0.6493704915046692
0.9323359727859497
0.17356380820274353
0.579626739025116
0.6696094870567322
0.0469227209687233
0.4735163450241089
0.43397337198257446
0.2829967141151428
0.869807243347168
0.8396751284599304
0.14905127882957458
0.24656225740909576
0.538024365901947
0.2848154306411743
0.771964430809021
0.1795133501291275
0.9826337695121765
0.6512324213981628
0.12903909385204315
0.053708504885435104
0.9709081053733826
0.9793596863746643
0.644744336605072
0.5227710008621216
0.6353437900543213
0.8649964928627014
0.3197471797466278
0.7022461295127869
0.9946914315223694
0.0459287092089653
0.044728610664606094
0.7707602381706238
0.12716582417488098
0.6526212692260742
0.9250438213348389
0.14677326381206512
0.3132603168487549
0.9169223308563232
0.9484571218490601
0.5106092095375061
0.8748170733451843
0.9733371734619141
0.8030567169189453
0.07681246846914291
0.19578342139720917
0.2805866301059723
0.27189111709594727
0.9700546264648438
0.296311616897583
0.8139479160308838
0.6744070053100586
0.7396143078804016
0.81594318151474
0.22733859717845917
0.9741039276123047
0.6674427390098572
0.8540013432502747
0.16743521392345428
0.11581320315599442
0.22579525411128998
0.23434972763061523
0.6995922923088074
0.642720639705658
0.3327626883983612
0.9387627243995667
0.8493478894233704
0.7693174481391907
0.36102378368377686
0.38611021637916565
0.7710661292076111
0.5320829749107361
0.043574631214141846
0.9625399708747864
0.805715799331665
0.8986029028892517
0.07151174545288086
0.12947838008403778
0.15937402844429016
0.18182127177715302
0.0927577018737793
0.007993434555828571
0.34590861201286316
0.6547837853431702
0.880886435508728
0.8859097957611084
0.29570263624191284
0.5142050385475159
0.01654374599456787
0.8173788785934448
0.3515051007270813
0.7063576579093933
0.5667468905448914
0.3485013246536255
0.058677155524492264
0.4931085407733917
0.14689981937408447
0.9882177114486694
0.22705474495887756
0.29777294397354126
0.3753209710121155
0.05402153357863426
0.09716910868883133
0.48813241720199585
0.028009086847305298
0.6995540857315063
0.5708375573158264
0.3365001976490021
0.7849624156951904
0.13533015549182892
0.7702721357345581
0.6858578324317932
0.8652990460395813
0.5011129379272461
0.8976326584815979
0.32903891801834106
0.5809334516525269
0.8918085694313049
0.02455664798617363
0.6948410868644714
0.3729090988636017
0.4549398124217987
0.9860561490058899
0.4303896427154541
0.9984390735626221
0.38083869218826294
0.46501147747039795
0.03324723616242409
0.40471315383911133
0.2307182252407074
0.4288635849952698
0.2752993702888489
0.6779378652572632
0.6953004598617554
0.4075646996498108
0.03651479259133339
0.312554270029068
0.943377673625946
0.7568561434745789
0.2345317304134369
0.6402083039283752
0.79901522397995
0.14535574615001678
0.5726093053817749
0.2560063302516937
0.698951780796051
0.5949098467826843
0.11841309815645218
0.6524488925933838
0.8833662271499634
0.9796299934387207
0.20200932025909424
0.14624856412410736
0.25622284412384033
0.3169352412223816
0.059717752039432526
0.5706084966659546
0.845384418964386
0.5801489949226379
0.4153144061565399
0.3707915246486664
0.6037722229957581
0.14093895256519318
0.1443144679069519
0.49246126413345337
0.063985675573349
0.43859103322029114
0.7929039597511292
0.49799293279647827
0.5029852390289307
0.19142915308475494
0.28374889492988586
0.47494229674339294
0.4368637502193451
0.4178917109966278
0.6000213623046875
0.46221134066581726
0.8058074116706848
0.5513985753059387
0.7131912112236023
0.49978870153427124
0.35890960693359375
0.8987537026405334
0.008128692395985126
0.14995093643665314
0.5510692596435547
0.8985980749130249
0.22322353720664978
0.7382246255874634
0.4898768365383148
0.8412972688674927
0.4622729420661926
0.8145960569381714
0.8026312589645386
0.9022112488746643
0.1218143105506897
0.11654610186815262
0.7238399386405945
0.042795538902282715
0.33482638001441956
0.38904646039009094
0.7650144100189209
0.20248238742351532
0.06332311034202576
0.5192675590515137
0.6533093452453613
0.6408938765525818
0.08580687642097473
0.3308711647987366
0.49831241369247437
0.3847070038318634
0.32980790734291077
0.3804190456867218
0.5905386805534363
0.38466495275497437
0.5179962515830994
0.46383291482925415
0.4696885049343109
0.8589264750480652
0.8472551703453064
0.3237883746623993
0.15981005132198334
0.18647587299346924
0.7089191675186157
0.7761359214782715
0.5146116018295288
0.7613933086395264
0.8927469253540039
0.5742570757865906
0.12871061265468597
0.12822864949703217
0.1371113508939743
0.08981551229953766
0.18084324896335602
0.8500370979309082
0.8670896291732788
0.5793542265892029
0.0885053426027298
0.5417328476905823
0.06332514435052872
0.5712682008743286
0.7817816734313965
0.42695510387420654
0.3616669178009033
0.24194692075252533
0.915230929851532
0.7506622672080994
0.48805588483810425
0.034974630922079086
0.5416445136070251
0.7376214265823364
0.5344051122665405
0.07934802770614624
0.6144881844520569
0.8713696002960205
0.642132043838501
0.22428779304027557
0.9137319922447205
0.45138415694236755
0.4852146804332733
0.7574204206466675
0.3661874830722809
0.725970447063446
0.7051236629486084
0.6902408599853516
0.709633469581604
0.3219251334667206
0.7507645487785339
0.2629144489765167
0.8195422887802124
0.20517823100090027
0.04554833099246025
0.9874642491340637
0.7119514346122742
0.7726996541023254
0.18892565369606018
0.12078447639942169
0.42679139971733093
0.6448349952697754
0.25610753893852234
0.3961409032344818
0.7601191997528076
0.24844899773597717
0.9550421833992004
0.10845044255256653
0.7945210933685303
0.7021536231040955
0.6819852590560913
0.07122454047203064
0.9111111164093018
0.3753507137298584
0.9841404557228088
0.24576179683208466
0.3368544578552246
0.38015398383140564
0.3786112070083618
0.9197072982788086
0.5943899750709534
0.04106221720576286
0.2526082396507263
0.9359851479530334
0.2859107553958893
0.9200649261474609
0.023587586358189583
0.9808796644210815
0.2226589471101761
0.941510796546936
0.9936773180961609
0.052021969109773636
0.8592592477798462
0.963870644569397
0.7409873008728027
0.4113585948944092
0.24258553981781006
0.25669798254966736
0.6066875457763672
0.44186535477638245
0.8015139102935791
0.17842933535575867
0.25151506066322327
0.911502480506897
0.009870992042124271
0.46856966614723206
0.5035296678543091
0.9168704152107239
0.37568753957748413
0.3900010287761688
0.5760431885719299
0.19599884748458862
0.573655903339386
0.11276423931121826
0.6245507597923279
0.6691495180130005
0.4361707270145416
0.3526788651943207
0.5582997798919678
0.7393144965171814
0.06688078492879868
0.9860445261001587
0.5602845549583435
0.18120317161083221
0.17005403339862823
0.7102347612380981
0.3651501536369324
0.5985774993896484
0.4853864014148712
0.5418869853019714
0.408649206161499
0.0864340215921402
0.6439947485923767
0.21795335412025452
0.21027152240276337
0.3769969642162323
0.6723698973655701
0.02088874951004982
0.6385746002197266
0.3283187747001648
0.833304226398468
0.37737539410591125
0.8023209571838379
0.16734087467193604
0.5105822086334229
0.8789393901824951
0.1691487580537796
0.4300951063632965
0.11547394841909409
0.9173351526260376
0.35543397068977356
0.3358580470085144
0.2586269676685333
0.039987314492464066
0.041865330189466476
0.224479541182518
0.5815516114234924
0.9230874180793762
0.8942114114761353
0.8757350444793701
0.9026752710342407
0.3199295699596405
0.7146269083023071
0.19009068608283997
0.7430773973464966
0.8240323066711426
0.3307308554649353
0.7796955704689026
0.7988842725753784
0.47316500544548035
0.7516563534736633
0.5595774054527283
0.7332761287689209
0.6088173985481262
0.8573299050331116
0.29887670278549194
0.8905892968177795
0.8775090575218201
0.04325849935412407
0.347634881734848
0.25897216796875
0.4690539538860321
0.6812938451766968
0.6646838188171387
0.03733363747596741
0.8996365070343018
0.8291621804237366
0.5938161611557007
0.3632824718952179
0.09738489240407944
0.3153868615627289
0.3421365022659302
0.325202614068985
0.8970292210578918
0.4964964687824249
0.2692073583602905
0.8607712388038635
0.5711473226547241
0.9038642644882202
0.6402348875999451
0.785771906375885
0.8847724795341492
0.20892246067523956
0.10810564458370209
0.5178680419921875
0.712213397026062
0.3468948304653168
0.6963122487068176
0.09548728168010712
0.3314070701599121
0.5821430683135986
0.6312623023986816
0.6518639326095581
0.9117193222045898
0.5847786068916321
0.6359050869941711
0.39851808547973633
0.11941065639257431
0.10714339464902878
0.6975783109664917
0.37005528807640076
0.6045597195625305
0.5138289928436279
0.6049560904502869
0.03416609764099121
0.7879816889762878
0.9038761258125305
0.07426207512617111
0.7719672918319702
0.43238452076911926
0.039316341280937195
0.24007971584796906
0.1971939504146576
0.03771461546421051
0.0125960111618042
0.5190107226371765
0.3123300075531006
0.8831819891929626
0.570439875125885
0.5331075191497803
0.17875464260578156
0.48885565996170044
0.27180829644203186
0.8903459906578064
0.8729686141014099
0.20682093501091003
0.09531468898057938
0.4179304540157318
0.9110769629478455
0.06500659137964249
0.36837756633758545
0.8602507710456848
0.7296191453933716
0.09830112010240555
0.6673004627227783
0.6978949904441833
0.22042739391326904
0.5894914269447327
0.1457330733537674
0.967168927192688
0.02633984200656414
0.9739725589752197
0.4671271741390228
0.8226374983787537
0.16818012297153473
0.957295835018158
0.8380005955696106
0.45486411452293396
0.43649303913116455
0.39571356773376465
0.8524392247200012
0.5697978734970093
0.8755680322647095
0.8285470008850098
0.23762039840221405
0.7079889178276062
0.3382735252380371
0.3719111680984497
0.38233545422554016
0.43227270245552063
0.2942734956741333
0.0014521890552714467
0.35248473286628723
0.5470748543739319
0.39884552359580994
0.704559862613678
0.21859265863895416
0.7645317912101746
0.3193848729133606
0.9236257076263428
0.021913796663284302
0.940498948097229
0.2311091274023056
0.29057374596595764
0.7792401313781738
0.41939541697502136
0.8978297114372253
0.7869598865509033
0.2914671003818512
0.8209647536277771
0.30070799589157104
0.1279437243938446
0.7995497584342957
0.3405151963233948
0.13364164531230927
0.3117832541465759
0.15340876579284668
0.49604275822639465
0.7601742148399353
0.5843552350997925
0.6022079586982727
0.7464975714683533
0.5276747941970825
0.511538565158844
0.7627159357070923
0.03982996568083763
0.7023438811302185
0.21287259459495544
0.436206191778183
0.7253614068031311
0.030244827270507812
0.4110681414604187
0.2563771903514862
0.707811176776886
0.29181650280952454
0.8540769815444946
0.5913817882537842
0.008188670501112938
0.5468196272850037
0.7778460383415222
0.4599987864494324
0.8129186034202576
0.2569093406200409
0.2785571813583374
0.8996792435646057
0.0736352801322937
0.020237859338521957
0.34610071778297424
0.0027333698235452175
0.5149480104446411
0.2496740221977234
0.27983301877975464
0.1589420735836029
0.2846675217151642
0.3820580542087555
0.6827395558357239
0.2629871368408203
0.9708577990531921
0.8028187155723572
0.8541626334190369
0.5986512303352356
0.1477283090353012
0.14213581383228302
0.18190176784992218
0.5950666069984436
0.897518515586853
0.46807247400283813
0.49955540895462036
0.186434805393219
0.5283576846122742
0.671164870262146
0.8739743828773499
0.0641564279794693
0.9904110431671143
0.7316927909851074
0.35056132078170776
0.9725854992866516
0.3433310389518738
0.688487708568573
0.7178243398666382
0.3851403295993805
0.3031468391418457
0.5443397760391235
0.8027675151824951
0.2521713078022003
0.00801067054271698
0.2094540297985077
0.030373336747288704
0.24642138183116913
0.08478239923715591
0.2644324004650116
0.08899629861116409
0.2808383107185364
0.061203137040138245
0.11481213569641113
0.2151201069355011
0.6620157957077026
0.3625060021877289
0.09691690653562546
0.3472767472267151
0.6079658269882202
0.07404453307390213
0.602602481842041
0.29279202222824097
0.8511901497840881
0.8139876127243042
0.03713000938296318
0.268230676651001
0.3577735424041748
0.8653033971786499
0.5283157229423523
0.5228016376495361
0.6408877968788147
0.9163070917129517
0.48575517535209656
0.8241330981254578
0.07571399956941605
0.8738399147987366
0.3622016906738281
0.42591196298599243
0.5508642196655273
0.4567841589450836
0.13455867767333984
0.3558259904384613
0.29578858613967896
0.8164350986480713
0.21031425893306732
0.5230036973953247
0.7358576059341431
0.24447038769721985
0.6153517365455627
0.2685934901237488
0.3949001431465149
0.1745854914188385
0.37046289443969727
0.5930970311164856
0.962296187877655
0.09863119572401047
0.8379625678062439
0.6632385849952698
0.9551306962966919
0.6231051087379456
0.7633570432662964
0.21434466540813446
0.47419729828834534
0.13662494719028473
0.8048312067985535
0.12660947442054749
0.305094838142395
0.10350574553012848
0.7928230166435242
0.5248640775680542
0.2602214813232422
0.5773571729660034
0.31199419498443604
0.577795684337616
0.08122050762176514
0.7793528437614441
0.9070801138877869
0.4509146809577942
0.7152262926101685
0.7196274995803833
0.7753124237060547
0.715330958366394
0.6053060293197632
0.7950505018234253
0.7314202785491943
0.06555936485528946
0.6394344568252563
0.00381290796212852
0.5231041312217712
0.9063546061515808
0.6887663006782532
0.26908668875694275
0.8842346668243408
0.4196791648864746
0.8512061834335327
0.4839320480823517
0.6072192192077637
0.26203370094299316
0.622925877571106
0.4235207438468933
0.6048611402511597
0.5810471177101135
0.2268189638853073
0.08486583083868027
0.2822621464729309
0.836007833480835
0.9583207964897156
0.9105425477027893
0.6151363253593445
0.28629276156425476
0.31441786885261536
0.3918502628803253
0.43303921818733215
0.8319719433784485
0.6049749255180359
0.8282701969146729
0.6851134896278381
0.6934236884117126
0.00422520749270916
0.911491870880127
0.2676788866519928
0.058893948793411255
0.2653633654117584
0.9693852066993713
0.21820475161075592
0.5393767356872559
0.4390333592891693
0.812268853187561
0.18193238973617554
0.7567827701568604
0.7578883767127991
0.9660732746124268
0.6282593011856079
0.8295612931251526
0.5827664136886597
0.8578478693962097
0.7538214325904846
0.7291287779808044
0.8267843127250671
0.598374605178833
0.8022539019584656
0.996969997882843
0.8733959197998047
0.12814220786094666
0.8084518313407898
0.6636103987693787
0.6786511540412903
0.011136476881802082
0.10152039676904678
0.240102156996727
0.8844581842422485
0.7930049896240234
0.9903144240379333
0.6426437497138977
0.0249169934540987
0.29649800062179565
0.08316002041101456
0.4904240369796753
0.8929483890533447
0.8600338697433472
0.03617724031209946
0.47970470786094666
0.033969003707170486
0.014813851565122604
0.6575762033462524
0.10569103807210922
0.5627246499061584
0.3164098560810089
0.23726467788219452
0.07860679924488068
0.0915258452296257
0.6524415016174316
0.9822680950164795
0.29730215668678284
0.679610550403595
0.03584983944892883
0.8838906288146973
0.4944370985031128
0.7379939556121826
0.32662108540534973
0.7081387639045715
0.9490721225738525
0.09663495421409607
0.4774567782878876
0.9225429892539978
0.02760792151093483
0.09610916674137115
0.8254228830337524
0.3378038704395294
0.25819024443626404
0.7457738518714905
0.11380767822265625
0.7432921528816223
0.2839125096797943
0.3589390218257904
0.5619855523109436
0.7770421504974365
0.970977246761322
0.04249516502022743
0.2522188723087311
0.19076310098171234
0.5360255837440491
0.24686767160892487
0.6572555899620056
0.8367218375205994
0.37546199560165405
0.7108846306800842
0.2791436016559601
0.8157787322998047
0.08441940695047379
0.5957880020141602
0.07860329002141953
0.2667257785797119
0.036422017961740494
0.39086973667144775
0.8436180949211121
0.0942441001534462
0.1610884666442871
0.6462833881378174
0.5816052556037903
0.6624575257301331
0.9190311431884766
0.5971704125404358
0.4400210976600647
0.33045023679733276
0.4521028697490692
0.8245018720626831
0.32978707551956177
0.4193646311759949
0.2137090563774109
0.26638710498809814
0.8806186318397522
0.7129573822021484
0.46749386191368103
0.7814456820487976
0.9933923482894897
0.8386779427528381
0.4866518974304199
0.15169310569763184
0.05715004354715347
0.12155542522668839
0.13831886649131775
0.799456000328064
0.5400410890579224
0.8792630434036255
0.24575327336788177
0.030656859278678894
0.9659648537635803
0.9878994226455688
0.5539708733558655
0.22953923046588898
0.8053554892539978
0.2639063596725464
0.04234956204891205
0.09457428008317947
0.6416527628898621
0.43038812279701233
0.8592391610145569
0.5853286385536194
0.53409343957901
0.1033099889755249
0.46119070053100586
0.25883376598358154
0.8645967245101929
0.9385535717010498
0.6008406281471252
0.08669388294219971
0.6662143468856812
0.6824274063110352
0.4560701251029968
0.4193883240222931
0.09465543180704117
0.14815549552440643
0.24482785165309906
0.7723978757858276
0.5042421221733093
0.15727178752422333
0.21320398151874542
0.6655392646789551
0.13598045706748962
0.10380565375089645
0.7544092535972595
0.8776950836181641
0.18811354041099548
0.6739122271537781
0.1843564361333847
0.8228942155838013
0.3570435643196106
0.624695897102356
0.8314309120178223
0.09187258780002594
0.27479565143585205
0.9906505942344666
0.9250994324684143
0.9257970452308655
0.311539888381958
0.6434575319290161
0.5506280064582825
0.9542227983474731
0.2379336804151535
0.013666384853422642
0.6527228951454163
0.5545079112052917
0.13176614046096802
0.19183821976184845
0.24950426816940308
0.6425321102142334
0.4562623202800751
0.6108778119087219
0.21985192596912384
0.15844576060771942
0.5603143572807312
0.56492680311203
0.35276350378990173
0.1771354377269745
0.9602193832397461
0.10635484755039215
0.7833743691444397
0.0953601822257042
0.5286546945571899
0.24003218114376068
0.0314868725836277
0.9778269529342651
0.0005210970412008464
0.3166830539703369
0.9991658926010132
0.8982469439506531
0.5844578146934509
0.7810667753219604
0.10100756585597992
0.13096381723880768
0.7471095323562622
0.2804050147533417
0.05000147968530655
0.835241436958313
0.4794418513774872
0.021691562607884407
0.6452378630638123
0.9404348731040955
0.9868181347846985
0.12133727967739105
0.9251353144645691
0.07395625114440918
0.5617981553077698
0.36110129952430725
0.9694802165031433
0.20338018238544464
0.46190840005874634
0.20260648429393768
0.808227002620697
0.27398866415023804
0.4147653579711914
0.7353506684303284
0.3592740595340729
0.46656060218811035
0.25680220127105713
0.8101035356521606
0.5613498687744141
0.4363532066345215
0.1434301882982254
0.02456209808588028
0.07955516129732132
0.3782992959022522
0.12478930503129959
0.6728911995887756
0.5415357947349548
0.6606810688972473
0.5274028778076172
0.7580434083938599
0.14314821362495422
0.5532905459403992
0.30798816680908203
0.9479015469551086
0.5096150636672974
0.19413459300994873
0.32691365480422974
0.8006017804145813
0.44581449031829834
0.32333579659461975
0.34825074672698975
0.7708237767219543
0.21481028199195862
0.1998743712902069
0.3636035621166229
0.564673125743866
0.8701913952827454
0.7258231043815613
0.045540694147348404
0.7522628903388977
0.13680121302604675
0.004935821983963251
0.9036076068878174
0.7189338803291321
0.8240741491317749
0.34554430842399597
0.11970184743404388
0.03770299255847931
0.4355458915233612
0.30190616846084595
0.20097307860851288
0.4167053997516632
0.2231583148241043
0.6279730796813965
0.4061962962150574
0.015646766871213913
0.8419706225395203
0.13692481815814972
0.16314612329006195
0.4306176006793976
0.0935395359992981
0.7644649744033813
0.021682916209101677
0.21690209209918976
0.7271919250488281
0.7796808481216431
0.3253542482852936
0.9380019307136536
0.8169816732406616
0.8223152756690979
0.6706259846687317
0.2863248884677887
0.7052027583122253
0.457013338804245
0.6718979477882385
0.19358864426612854
0.7296475172042847
0.23877114057540894
0.09262044727802277
0.8394138813018799
0.9161761999130249
0.4652409553527832
0.9538549184799194
0.06415055692195892
0.7541171908378601
0.0030523904133588076
0.7954963445663452
0.42488616704940796
0.1799246370792389
0.10570112615823746
0.47500959038734436
0.3675563633441925
0.34067121148109436
0.7926232218742371
0.942310094833374
0.021892808377742767
0.3341743052005768
0.06408137083053589
0.9015190601348877
0.4357529878616333
0.2686711847782135
0.050436269491910934
0.26393747329711914
0.10829688608646393
0.5277228951454163
0.7367314100265503
0.567234456539154
0.13736747205257416
0.4263453185558319
0.14152581989765167
0.7012377977371216
0.45877769589424133
0.9481749534606934
0.8988246917724609
0.07575627416372299
0.4626469612121582
0.10766106843948364
0.9729751348495483
0.4611056447029114
0.7881531715393066
0.9647982716560364
0.4498777389526367
0.06593652069568634
0.7329283356666565
0.908604085445404
0.11268159002065659
0.8721720576286316
0.8046177625656128
0.6917527318000793
0.07323047518730164
0.6467868089675903
0.28302648663520813
0.8505757451057434
0.697422981262207
0.1929943859577179
0.9184022545814514
0.44052931666374207
0.6667719483375549
0.8014801144599915
0.27495408058166504
0.48538801074028015
0.17980045080184937
0.038529835641384125
0.19865532219409943
0.850914716720581
0.5017344355583191
0.5464828610420227
0.33850520849227905
0.9891793131828308
0.6686485409736633
0.11126307398080826
0.5345991253852844
0.9707308411598206
0.6325783729553223
0.06410977989435196
0.5530351996421814
0.5386696457862854
0.23986469209194183
0.20137406885623932
0.6013107895851135
0.19677165150642395
0.8224610686302185
0.432273805141449
0.3851611316204071
0.8735038042068481
0.19141608476638794
0.512398898601532
0.6393032073974609
0.762008011341095
0.5429819822311401
0.08093304932117462
0.40015316009521484
0.4773545563220978
0.4892732799053192
0.6816129088401794
0.5159598588943481
0.4826071560382843
0.48891326785087585
0.359907329082489
0.3635619282722473
0.9752751588821411
0.7087467312812805
0.14971785247325897
0.44479426741600037
0.6224122047424316
0.10796849429607391
0.5458565354347229
0.41670191287994385
0.3931524455547333
0.7728121876716614
0.37055107951164246
0.11182698607444763
0.097142294049263
0.22353523969650269
0.8614782691001892
0.6905874609947205
0.5039289593696594
0.045489128679037094
0.17320267856121063
0.8560764789581299
0.8082143664360046
0.7094191312789917
0.08365745842456818
0.04416223242878914
0.33245542645454407
0.14113818109035492
0.07523871958255768
0.9924520254135132
0.3551565110683441
0.30648908019065857
0.9037591218948364
0.03634799271821976
0.1416105329990387
0.4045790135860443
0.10430721193552017
0.4461166262626648
0.8253951668739319
0.25523480772972107
0.3578503429889679
0.2000310719013214
0.14368653297424316
0.11071273684501648
0.7020436525344849
0.807433009147644
0.6371658444404602
0.5924404263496399
0.31565532088279724
0.913680911064148
0.2937725782394409
0.6848137974739075
0.5567436218261719
0.97658371925354
0.7937268018722534
0.20719163119792938
0.8885055184364319
0.7193729281425476
0.88514244556427
0.5935671329498291
0.6443184614181519
0.7342100739479065
0.6580277681350708
0.3838178515434265
0.21625778079032898
0.26217013597488403
0.7064989805221558
0.9433726668357849
0.8292248845100403
0.9918712377548218
0.8988378047943115
0.7819342613220215
0.2036696970462799
0.5031149387359619
0.0908074751496315
0.369039386510849
0.08405542373657227
0.6561192274093628
0.24331097304821014
0.3276688754558563
0.18771851062774658
0.8054105639457703
0.09254071116447449
0.649763286113739
0.38231104612350464
0.6950690150260925
0.8902130126953125
0.3250264525413513
0.10361775755882263
0.40622228384017944
0.39919018745422363
0.7078744173049927
0.5386157035827637
0.13235732913017273
0.059380460530519485
0.2122427523136139
0.03155439719557762
0.05917597934603691
0.17975561320781708
0.753842294216156
0.48040062189102173
0.3320298492908478
0.3000633418560028
0.4465559422969818
0.29016441106796265
0.522896409034729
0.6816266775131226
0.46815550327301025
0.39576393365859985
0.3822130858898163
0.47673937678337097
0.3582909405231476
0.5281133651733398
0.8737313151359558
0.0705910325050354
0.05935313180088997
0.39443522691726685
0.8473387956619263
0.2832355499267578
0.7210305333137512
0.40148240327835083
0.8382953405380249
0.06164821609854698
0.2950015366077423
0.13243241608142853
0.4372653365135193
0.9560617208480835
0.04434588551521301
0.2768113613128662
0.13731837272644043
0.13685466349124908
0.5690867900848389
0.6623575091362
0.47332870960235596
0.02768385037779808
0.3876328468322754
0.4018170237541199
0.03110763616859913
0.07357306778430939
0.8631663918495178
0.9896928668022156
0.178615540266037
0.24233978986740112
0.2602701485157013
0.8836478590965271
0.47287648916244507
0.28092342615127563
0.24407044053077698
0.13847419619560242
0.015744861215353012
0.40774670243263245
0.6576871871948242
0.6027620434761047
0.392285019159317
0.719077467918396
0.8152080178260803
0.8652958869934082
0.0748271644115448
0.6885491013526917
0.49011698365211487
0.4225617051124573
0.7857869863510132
0.9343414306640625
0.48643314838409424
0.93534255027771
0.539667010307312
0.21896854043006897
0.01790561154484749
0.09221910685300827
0.6419163942337036
0.2135329246520996
0.16926196217536926
0.40470170974731445
0.2825477719306946
0.4474526345729828
0.04404069110751152
0.10485046356916428
0.6754478216171265
0.5827354192733765
0.224529430270195
0.9004364609718323
0.4304589331150055
0.5838776230812073
0.44215330481529236
0.43454355001449585
0.5297915935516357
0.32113319635391235
0.4975722134113312
0.030999910086393356
0.6275520920753479
0.981956958770752
0.22237347066402435
0.9032965898513794
0.027811508625745773
0.910973072052002
0.02724701724946499
0.9391529560089111
0.09763342887163162
0.5515466928482056
0.816184937953949
0.7345143556594849
0.3742721378803253
0.1625407636165619
0.7377027273178101
0.6629543304443359
0.5257826447486877
0.9578220248222351
0.2934790849685669
0.6679717898368835
0.1073470413684845
0.7676804661750793
0.2129114270210266
0.9732726216316223
0.19706623256206512
0.4406946897506714
0.8216885328292847
0.046418312937021255
0.27661439776420593
0.8979681730270386
0.7039316296577454
0.010582335293293
0.8287501335144043
0.16703523695468903
0.06383942812681198
0.9234771132469177
0.25022822618484497
0.7550536394119263
0.13013647496700287
0.34828981757164
0.6879739761352539
0.858842670917511
0.6014111638069153
0.8268541097640991
0.12873394787311554
0.9919325709342957
0.7935248613357544
0.048810720443725586
0.1238994225859642
0.2808436453342438
0.031228534877300262
0.39599061012268066
0.839385449886322
0.39786869287490845
0.4721279740333557
0.8540517091751099
0.8587437868118286
0.5386737585067749
0.7590913772583008
0.76841139793396
0.2696066200733185
0.7184609174728394
0.37506332993507385
0.776881992816925
0.017310624942183495
0.3773355484008789
0.054880715906620026
0.5879615545272827
0.2950112521648407
0.0741351917386055
0.7382796406745911
0.9561767578125
0.31236398220062256
0.8268665671348572
0.876437246799469
0.27941858768463135
0.37077662348747253
0.47693559527397156
0.08974587172269821
0.18269233405590057
0.942987859249115
0.30994081497192383
0.5970427393913269
0.774315357208252
0.7907484173774719
0.1664678156375885
0.9906639456748962
0.38288524746894836
0.42325085401535034
0.007375762797892094
0.5824833512306213
0.5278781056404114
0.9601004123687744
0.6742167472839355
0.8521410822868347
0.30223578214645386
0.28928402066230774
0.1990937739610672
0.3551197350025177
0.734063446521759
0.8167846202850342
0.5628335475921631
0.5388883948326111
0.9608029723167419
0.9249362349510193
0.4078197777271271
0.3448145091533661
0.4409579336643219
0.33741840720176697
0.5425052046775818
0.09930448979139328
0.9358792901039124
0.7324411869049072
0.2603347599506378
0.2689407169818878
0.8082324266433716
0.5605993866920471
0.4070603847503662
0.4478413462638855
0.133103609085083
0.9614704847335815
0.3903389871120453
0.03848128765821457
0.23416386544704437
0.22149315476417542
0.5034900307655334
0.646979808807373
0.45446494221687317
0.9773178696632385
0.9639802575111389
0.9280929565429688
0.7812778353691101
0.9693397283554077
0.011909961700439453
0.295190691947937
0.21568042039871216
0.38437405228614807
0.6485407948493958
0.9114463925361633
0.05599549412727356
0.7993769645690918
0.19290557503700256
0.560280442237854
0.32395443320274353
0.08601689338684082
0.49331092834472656
0.7585628032684326
0.6242325901985168
0.6988881230354309
0.5164495706558228
0.3389768898487091
0.14433255791664124
0.08802706003189087
0.022079220041632652
0.10271570831537247
0.379354864358902
0.2728143036365509
0.6353549361228943
0.6671108603477478
0.6464753746986389
0.7808447480201721
0.7873262166976929
0.7766302227973938
0.38640108704566956
0.3901371657848358
0.187876895070076
0.45521965622901917
0.06603701412677765
0.3434358239173889
0.4678117036819458
0.4434959590435028
0.6583256125450134
0.8494375944137573
0.5593315362930298
0.17461076378822327
0.48568305373191833
0.181047722697258
0.27393242716789246
0.23237134516239166
0.47943609952926636
0.649276077747345
0.3312305808067322
0.48453831672668457
0.4487094581127167
0.43259426951408386
0.6041015386581421
0.8022019863128662
0.16853566467761993
0.4741798937320709
0.7927501797676086
0.4720171093940735
0.5306752324104309
0.1412501037120819
0.23705227673053741
0.6573770642280579
0.5253363251686096
0.6289336085319519
0.48363006114959717
0.8286135792732239
0.6269214749336243
0.7887585759162903
0.18557944893836975
0.7078395485877991
0.6698513031005859
0.762533962726593
0.6406164765357971
0.15748277306556702
0.4015202522277832
0.5321065187454224
0.40027424693107605
0.31991568207740784
0.38446348905563354
0.5956615209579468
0.4559744894504547
0.5767418146133423
0.5961619019508362
0.8197005391120911
0.21956077218055725
0.005174234975129366
0.6060022115707397
0.5237956643104553
0.5939930081367493
0.8620802164077759
0.9177088141441345
0.9437423348426819
0.6279260516166687
0.5937078595161438
0.9717486500740051
0.2214045226573944
0.15207713842391968
0.8437909483909607
0.6732954978942871
0.6475486755371094
0.5982436537742615
0.5398175716400146
0.8435430526733398
0.2671453356742859
0.5807352066040039
0.48437753319740295
0.34058091044425964
0.3884719908237457
0.46566203236579895
0.8522264957427979
0.958191454410553
0.14518873393535614
0.8955485224723816
0.34566745162010193
0.7580839991569519
0.047616858035326004
0.7634680271148682
0.7892369031906128
0.9807552099227905
0.02670898474752903
0.9926881194114685
0.5980620980262756
0.5943295955657959
0.23868751525878906
0.5233854651451111
0.01905282773077488
0.2897281050682068
0.8263017535209656
0.4943299889564514
0.5190754532814026
0.5319178104400635
0.060387495905160904
0.25575268268585205
0.5734565854072571
0.8216356635093689
0.3848148584365845
0.6640352606773376
0.7969684600830078
0.7930479645729065
0.6108888983726501
0.2968902885913849
0.24417953193187714
0.295271635055542
0.27542102336883545
0.43276625871658325
0.5032891035079956
0.14219875633716583
0.45364370942115784
0.7087687849998474
0.26644518971443176
0.613161027431488
0.8317297697067261
0.4382190704345703
0.746484100818634
0.7388120293617249
0.23058977723121643
0.3826542794704437
0.21097680926322937
0.9716833829879761
0.8955208659172058
0.5508795380592346
0.6225143074989319
0.6791863441467285
0.9228172898292542
0.7881446480751038
0.48873409628868103
0.07297035306692123
0.40967854857444763
0.14234907925128937
0.9037913084030151
0.6744025945663452
0.9022684097290039
0.7471927404403687
0.8290112614631653
0.6816374063491821
0.31040310859680176
0.8347427845001221
0.6671521663665771
0.8091429471969604
0.7659226655960083
0.016382457688450813
0.6557419896125793
0.11838895082473755
0.11342873424291611
0.8556216955184937
0.6627208590507507
0.11704220622777939
0.3115309476852417
0.9992080330848694
0.06958813965320587
0.7990094423294067
0.1490253359079361
0.6666013598442078
0.9387995600700378
0.556917667388916
0.3657650947570801
0.0032733548432588577
0.5942475199699402
0.3486115038394928
0.4501632750034332
0.24768584966659546
0.195482537150383
0.3154109716415405
0.25143030285835266
0.12047331035137177
0.6050717234611511
0.9175121188163757
0.2764435112476349
0.7638512253761292
0.7710217237472534
0.7178393006324768
0.3871172368526459
0.3614335358142853
0.6856499314308167
0.7121499180793762
0.6992869973182678
0.6000921726226807
0.555833637714386
0.08516883850097656
0.6217435598373413
0.8461642861366272
0.11243610084056854
0.965392529964447
0.0772932842373848
0.3005301058292389
0.4783375859260559
0.927460253238678
0.6688292026519775
0.991191029548645
0.7103524804115295
0.9372032284736633
0.824638843536377
0.666046142578125
0.4958212077617645
0.2458232045173645
0.5707653760910034
0.1837863177061081
0.6719377636909485
0.18196402490139008
0.4721662700176239
0.11118683964014053
0.5010619759559631
0.3598838746547699
0.1259595900774002
0.9736491441726685
0.9363412857055664
0.6611438989639282
0.4089815616607666
0.9921209812164307
0.7315293550491333
0.6777831315994263
0.5801278352737427
0.11650142818689346
0.7260257601737976
0.47716283798217773
0.3761977255344391
0.523582398891449
0.38487574458122253
0.9561419486999512
0.09375354647636414
0.3315543532371521
0.8538795113563538
0.9274433851242065
0.15391214191913605
0.5690213441848755
0.9860848188400269
0.04830523580312729
0.8123226165771484
0.292602002620697
0.5086742639541626
0.7813819050788879
0.603850245475769
0.8429521322250366
0.6964784860610962
0.01999342069029808
0.9526727795600891
0.3146343529224396
0.9285929203033447
0.0742136612534523
0.43504685163497925
0.6227573156356812
0.038474321365356445
0.8651301860809326
0.521928071975708
0.2575504183769226
0.436838299036026
0.5254503488540649
0.7420076131820679
0.13761965930461884
0.4423946142196655
0.499646931886673
0.7614737749099731
0.2686217427253723
0.09145045280456543
0.20189374685287476
0.9035308361053467
0.669612467288971
0.14363151788711548
0.05561625957489014
0.47245141863822937
0.8652887344360352
0.43976297974586487
0.25771364569664
0.5007259845733643
0.4236336350440979
0.5070677399635315
0.5693017244338989
0.8123126029968262
0.13802430033683777
0.6620995402336121
0.47453486919403076
0.19147348403930664
0.02415364794433117
0.6269474029541016
0.8290314674377441
0.5685969591140747
0.4092581272125244
0.239784836769104
0.5957223176956177
0.8788442611694336
0.48509201407432556
0.7196723818778992
0.8767567873001099
0.8486930727958679
0.9648228287696838
0.406038761138916
0.2551930248737335
0.4854947030544281
0.7271807789802551
0.7478786706924438
0.4386748969554901
0.9499401450157166
0.8244729042053223
0.8951730728149414
0.988237738609314
0.555758535861969
0.19816383719444275
0.6813079118728638
0.436454176902771
0.0871499702334404
0.5329025387763977
0.36952367424964905
0.3495485186576843
0.58198082447052
0.21262556314468384
0.6583811640739441
0.8675246238708496
0.3558959662914276
0.3882525861263275
0.17708267271518707
0.21757258474826813
0.6880144476890564
0.6010068655014038
0.23025426268577576
0.18173372745513916
0.2374270260334015
0.9647047519683838
0.32699286937713623
0.04685688763856888
0.12456522136926651
0.7196466326713562
0.5527363419532776
0.8376185894012451
0.4943895637989044
0.31401535868644714
0.7533339262008667
0.5842690467834473
0.8184211254119873
0.9471978545188904
0.12600579857826233
0.7795866131782532
0.5043702721595764
0.8353421092033386
0.785827100276947
0.7103081345558167
0.5416372418403625
0.1453055590391159
0.5219405293464661
0.8109018802642822
0.5321056842803955
0.26194074749946594
0.7438185214996338
0.9118743538856506
0.3903754949569702
0.37827491760253906
0.38323861360549927
0.8766679763793945
0.13290661573410034
0.27351778745651245
0.14652343094348907
0.7736798524856567
0.41667965054512024
0.3837929368019104
0.2243354320526123
0.8641807436943054
0.210916668176651
0.5370379686355591
0.8496436476707458
0.5057646036148071
0.1835239678621292
0.3418317139148712
0.8168882131576538
0.6646051406860352
0.9333686828613281
0.029278889298439026
0.940188467502594
0.7258247137069702
0.7134531140327454
0.735921323299408
0.23340566456317902
0.7493875026702881
0.5185952186584473
0.7782250642776489
0.11036418378353119
0.030999960377812386
0.04988063499331474
0.3110862672328949
0.20096661150455475
0.8925348520278931
0.7103523015975952
0.23655453324317932
0.8266668319702148
0.32769426703453064
0.3733227252960205
0.46763497591018677
0.9482865333557129
0.053485192358493805
0.561363935470581
0.126412034034729
0.8875322341918945
0.7258248329162598
0.12145611643791199
0.1331869214773178
0.44583529233932495
0.9149007797241211
0.2713160514831543
0.6255965232849121
0.8052691221237183
0.6345703601837158
0.6745865345001221
0.8019033074378967
0.8717142939567566
0.42619210481643677
0.7005606889724731
0.9219850897789001
0.9057794809341431
0.9437664747238159
0.1864326447248459
0.2582922577857971
0.9670054912567139
0.5256999135017395
0.37279030680656433
0.7069066166877747
0.523971676826477
0.8501373529434204
0.23292160034179688
0.34014976024627686
0.7598296999931335
0.3863815367221832
0.17429587244987488
0.545917272567749
0.003954536281526089
0.9809857606887817
0.21915481984615326
0.7125080227851868
0.7437611818313599
0.24526727199554443
0.3669361174106598
0.7820981740951538
0.07759145647287369
0.3178102672100067
0.6217694282531738
0.33676400780677795
0.30874672532081604
0.831287145614624
0.06508373469114304
0.9079651832580566
0.24621723592281342
0.6196064352989197
0.7255758047103882
0.2884437143802643
0.9115833640098572
0.9314413070678711
0.40175163745880127
0.06511460989713669
0.40399977564811707
0.0928463414311409
0.5457527041435242
0.7035098671913147
0.13592754304409027
0.7548445463180542
0.5186660289764404
0.19636434316635132
0.2014707773923874
0.8237305879592896
0.0720052495598793
0.11698226630687714
0.6576625108718872
0.6451200842857361
0.02032947726547718
0.8543202877044678
0.5083262920379639
0.4085867702960968
0.6211060881614685
0.7209234237670898
0.38691967725753784
0.2641172707080841
0.3577267825603485
0.6362810730934143
0.5979022979736328
0.998925507068634
0.5944467782974243
0.8265916705131531
0.176054447889328
0.3350626528263092
0.3197523057460785
0.7109308242797852
0.8660355806350708
0.9207489490509033
0.8086282014846802
0.9311547875404358
0.022131433710455894
0.804632842540741
0.5972022414207458
0.22507572174072266
0.01685495302081108
0.19624826312065125
0.7005152106285095
0.7644490599632263
0.6160865426063538
0.6049168109893799
0.4952636957168579
0.38830816745758057
0.35910356044769287
0.0024446947500109673
0.8962029218673706
0.01569102331995964
0.4018852412700653
0.3479435443878174
0.8071723580360413
0.8966167569160461
0.544278621673584
0.1809542030096054
0.00032776215812191367
0.939149022102356
0.052927032113075256
0.40303874015808105
0.7756255269050598
0.9084734916687012
0.30784863233566284
0.20100632309913635
0.3714017868041992
0.3911879062652588
0.08839916437864304
0.13900265097618103
0.12078378349542618
0.6919993758201599
0.864867091178894
0.5120323896408081
0.06111622974276543
0.6024278998374939
0.1436794102191925
0.9296905398368835
0.3211599886417389
0.32194018363952637
0.40998488664627075
0.8083986043930054
0.35143446922302246
0.8694106340408325
0.024599872529506683
0.12487062066793442
0.613353431224823
0.6440150737762451
0.15916229784488678
0.1271904706954956
0.7450684905052185
0.3591390550136566
0.674052894115448
0.5402426719665527
0.8255581259727478
0.3733886480331421
0.6334952116012573
0.7308260202407837
0.09409056603908539
0.5368506908416748
0.009415376000106335
0.8186802864074707
0.3672276437282562
0.8003694415092468
0.9327352643013
0.6556687951087952
0.17853254079818726
0.8536638617515564
0.8508695960044861
0.48820188641548157
0.02387804538011551
0.6468404531478882
0.9267783164978027
0.3832559585571289
0.007015026640146971
0.04386850446462631
0.36205095052719116
0.14883653819561005
0.3819740116596222
0.026854556053876877
0.017550084739923477
0.026776686310768127
0.5881778001785278
0.17138156294822693
0.4792456030845642
0.5542431473731995
0.795142412185669
0.762709379196167
0.7621004581451416
0.4950576424598694
0.5429113507270813
0.4845416843891144
0.494781494140625
0.2662821114063263
0.38232678174972534
0.48114490509033203
0.1690843403339386
0.8415631651878357
0.40728306770324707
0.6280603408813477
0.20832054316997528
0.1685173511505127
0.7074834108352661
0.9517542123794556
0.8500779271125793
0.24574346840381622
0.7412500977516174
0.8772873878479004
0.7114040851593018
0.5137220025062561
0.32062971591949463
0.24581867456436157
0.8936907052993774
0.16059347987174988
0.46206235885620117
0.2814202606678009
0.8639722466468811
0.2522366940975189
0.505437433719635
0.6170154809951782
0.298788845539093
0.6023821234703064
0.09301331639289856
0.9340231418609619
0.5899523496627808
0.20131997764110565
0.18675483763217926
0.6094078421592712
0.2498585432767868
0.7488029599189758
0.037981316447257996
0.9388733506202698
0.12470398843288422
0.7664409279823303
0.2399997115135193
0.9625809788703918
0.7826234698295593
0.9149569272994995
0.10826096683740616
0.3927190899848938
0.7277382016181946
0.24229072034358978
0.3752542734146118
0.23507319390773773
0.6275032162666321
0.6816421747207642
0.9802030920982361
0.6195045709609985
0.4955189526081085
0.6142047643661499
0.2467707395553589
0.2185964733362198
0.505510151386261
0.8071243166923523
0.8106021285057068
0.04301104322075844
0.38953399658203125
0.030359728261828423
0.5086398124694824
0.3542577624320984
0.4613870680332184
0.28493112325668335
0.3159893751144409
0.6352841258049011
0.9559760689735413
0.6639170050621033
0.0018194036092609167
0.9722409248352051
0.3780443072319031
0.28942251205444336
0.06897453218698502
0.996249258518219
0.7513683438301086
0.20113401114940643
0.876689612865448
0.8642317056655884
0.32150334119796753
0.21990567445755005
0.7568723559379578
0.7663704752922058
0.6759815812110901
0.3208945393562317
0.9523537158966064
0.75118088722229
0.1542169600725174
0.8750987648963928
0.04693976789712906
0.9071720838546753
0.6139678955078125
0.21908807754516602
0.9184022545814514
0.5057492256164551
0.50833660364151
0.14355255663394928
0.26872554421424866
0.2315525859594345
0.09487314522266388
0.19472338259220123
0.5691187381744385
0.5309391617774963
0.22826653718948364
0.17518529295921326
0.8743559122085571
0.48598331212997437
0.09207440167665482
0.018048005178570747
0.49574345350265503
0.9042753577232361
0.09925337135791779
0.563583493232727
0.4349307417869568
0.48008060455322266
0.23372550308704376
0.23097914457321167
0.9021441340446472
0.37710410356521606
0.12938620150089264
0.29809117317199707
0.8342815041542053
0.9195581078529358
0.28659144043922424
0.12274975329637527
0.8632453083992004
0.7677225470542908
0.2524054944515228
0.7751966714859009
0.15287867188453674
0.012339298613369465
0.6721512675285339
0.058560557663440704
0.4986088275909424
0.28252309560775757
0.06532774865627289
0.4771795868873596
0.1293151080608368
0.18999820947647095
0.0491156280040741
0.00054740539053455
0.6323336958885193
0.974258303642273
0.3479706346988678
0.055036760866642
0.35175618529319763
0.15819907188415527
0.0029635473620146513
0.12358526885509491
0.33112967014312744
0.4823179244995117
0.2690352499485016
0.9626430869102478
0.8847439885139465
0.6959519386291504
0.5274912714958191
0.26041170954704285
0.40905243158340454
0.4662545919418335
0.5642204880714417
0.19446566700935364
0.7155660390853882
0.5522293448448181
0.32305505871772766
0.054249200969934464
0.19357194006443024
0.3584693968296051
0.10182329267263412
0.04455946013331413
0.4497397541999817
0.6123069524765015
0.6273754239082336
0.8752316832542419
0.9974090456962585
0.9870138764381409
0.24568678438663483
0.6111291646957397
0.8921299576759338
0.02179817482829094
0.3279264569282532
0.11856187880039215
0.06548213958740234
0.3741835653781891
0.3884841501712799
0.6817322373390198
0.5741913914680481
0.7486535906791687
0.8084841370582581
0.07504583895206451
0.4966883957386017
0.7714136242866516
0.5723370909690857
0.020761841908097267
0.08045004308223724
0.817913293838501
0.9030494689941406
0.15923798084259033
0.8452550172805786
0.3037453293800354
0.20600862801074982
0.642996072769165
0.9016589522361755
0.18402720987796783
0.8962392807006836
0.5653127431869507
0.980773389339447
0.8858118653297424
0.8186466693878174
0.269330769777298
0.7948747277259827
0.6392284631729126
0.7647319436073303
0.025721698999404907
0.3597244620323181
0.36193910241127014
0.11211645603179932
0.18909022212028503
0.3840010464191437
0.8328807353973389
0.10249843448400497
0.5034964680671692
0.747241735458374
0.07492063194513321
0.08473285287618637
0.8128814101219177
0.3260746896266937
0.8025999069213867
0.654382586479187
0.9952197670936584
0.9679529666900635
0.6169808506965637
0.6182679533958435
0.09287143498659134
0.11479781568050385
0.13756148517131805
0.8147042393684387
0.7042325735092163
0.5097628831863403
0.3446913957595825
0.8960034251213074
0.06412556022405624
0.14311039447784424
0.30526188015937805
0.8229290246963501
0.9261134266853333
0.6599101424217224
0.08814499527215958
0.5648190379142761
0.024059591814875603
0.6539440155029297
0.2963217496871948
0.5012446045875549
0.0050367326475679874
0.8599770665168762
0.8087041974067688
0.7223135232925415
0.1414644569158554
0.1954527199268341
0.058476801961660385
0.6356618404388428
0.5896130800247192
0.9851489663124084
0.9650883078575134
0.7600831389427185
0.880893349647522
0.42732635140419006
0.5596106648445129
0.09806154668331146
0.855783224105835
0.5256751775741577
0.3893648087978363
0.8603789806365967
0.042549796402454376
0.44418707489967346
0.9996371865272522
0.7496106028556824
0.7819676399230957
0.37347012758255005
0.9644017219543457
0.9472314119338989
0.19003720581531525
0.7194976806640625
0.7197290658950806
0.5558830499649048
0.7692179083824158
0.465787410736084
0.6746752262115479
0.4013383984565735
0.07360012829303741
0.060635026544332504
0.0783320739865303
0.8741730451583862
0.4056316614151001
0.030832048505544662
0.11240927875041962
0.19025056064128876
0.7380569577217102
0.7159741520881653
0.9543710350990295
0.8063139319419861
0.8855780363082886
0.07242126762866974
0.632172167301178
0.5804853439331055
0.5450977683067322
0.6406752467155457
0.9292588829994202
0.06449991464614868
0.7946659922599792
0.2598494589328766
0.1848444640636444
0.06246369332075119
0.00594336399808526
0.19951081275939941
0.780254602432251
0.45958536863327026
0.3343295753002167
0.2944968342781067
0.8850684762001038
0.9076059460639954
0.017262635752558708
0.5187830328941345
0.953486442565918
0.8142814040184021
0.7631386518478394
0.8781623244285583
0.7783898711204529
0.6854581832885742
0.9266107678413391
0.07098264247179031
0.42245641350746155
0.563119649887085
0.340444952249527
0.7479228973388672
0.5087605118751526
0.9126750826835632
0.4230155944824219
0.05201555788516998
0.673572838306427
0.6659367084503174
0.08907163888216019
0.30793166160583496
0.9962366223335266
0.48529693484306335
0.39260274171829224
0.5296542644500732
0.40783530473709106
0.29098260402679443
0.7138519287109375
0.0008223000913858414
0.5706996917724609
0.4642196297645569
0.2836323082447052
0.9761524200439453
0.11824554949998856
0.20950523018836975
0.5499517917633057
0.7041749954223633
0.668718695640564
0.4024733901023865
0.5823731422424316
0.985772430896759
0.2569035589694977
0.5754210948944092
0.30811917781829834
0.591986358165741
0.8639375567436218
0.7277607917785645
0.690700113773346
0.13237807154655457
0.6329553723335266
0.9909025430679321
0.7920714616775513
0.9434802532196045
0.33276090025901794
0.601764440536499
0.34638217091560364
0.6341464519500732
0.44113224744796753
0.2252940684556961
0.8603575825691223
0.6748450398445129
0.016574643552303314
0.5518207550048828
0.32088419795036316
0.4413217008113861
0.502042829990387
0.4556432366371155
0.08843058347702026
0.3082710802555084
0.8322754502296448
0.4867922365665436
0.9948980808258057
0.061896923929452896
0.7058538198471069
0.2836710214614868
0.4677272439002991
0.9127698540687561
0.5143875479698181
0.6156397461891174
0.8684402108192444
0.9888414740562439
0.561726450920105
0.5728210806846619
0.3920927941799164
0.6241327524185181
0.8095256090164185
0.7342045307159424
0.3081107437610626
0.2766861319541931
0.2333582043647766
0.21597236394882202
0.33083680272102356
0.6704981327056885
0.6403895616531372
0.4733240008354187
0.5155670046806335
0.19664017856121063
0.6893695592880249
0.6995316743850708
0.3234540522098541
0.21310867369174957
0.14238572120666504
0.17272616922855377
0.12733981013298035
0.7895987629890442
0.9246620535850525
0.5967550277709961
0.7755133509635925
0.5850629806518555
0.5201845765113831
0.7701720595359802
0.5824124813079834
0.035860273987054825
0.6614229679107666
0.2675001323223114
0.7712598443031311
0.8631231188774109
0.31269094347953796
0.68827885389328
0.5337835550308228
0.359829306602478
0.3415340781211853
0.0928482934832573
0.7701248526573181
0.4264051616191864
0.6759705543518066
0.9275310039520264
0.04353897646069527
0.6709494590759277
0.9503382444381714
0.9507196545600891
0.7580019235610962
0.43342551589012146
0.8339338302612305
0.6116726994514465
0.16546645760536194
0.014036129228770733
0.03622204065322876
0.5905283093452454
0.019208885729312897
0.4350591003894806
0.9397775530815125
0.43750661611557007
0.3427458107471466
0.006365930195897818
0.08408818393945694
0.8263751864433289
0.8064483404159546
0.4721486270427704
0.37681055068969727
0.7789909839630127
0.9162801504135132
0.6745132207870483
0.9664402008056641
0.4826973080635071
0.8402319550514221
0.45315030217170715
0.685383141040802
0.9650745987892151
0.06534326821565628
0.08064200729131699
0.9829154014587402
0.4654389023780823
0.4666571617126465
0.08176704496145248
0.7013847231864929
0.2049664407968521
0.6436877250671387
0.11082229018211365
0.44935476779937744
0.06559712439775467
0.20150882005691528
0.5344507694244385
0.5110296010971069
0.6531713604927063
0.8586851358413696
0.29706692695617676
0.7250284552574158
0.541413426399231
0.8092920184135437
0.40286701917648315
0.6050950288772583
0.9066704511642456
0.6855607032775879
0.015601273626089096
0.14253602921962738
0.655387282371521
0.00498536741361022
0.857009768486023
0.14749370515346527
0.2008272409439087
0.6522759795188904
0.46678289771080017
0.09247858077287674
0.9903537631034851
0.4054742455482483
0.9733861088752747
0.5589210391044617
0.8264325857162476
0.18064506351947784
0.5411476492881775
0.808420717716217
0.4369654357433319
0.47103118896484375
0.6592296957969666
0.9080004096031189
0.9793878793716431
0.5146991610527039
0.34795334935188293
0.6478337049484253
0.9324283599853516
0.09884133189916611
0.7782412767410278
0.30582159757614136
0.533819317817688
0.9829698204994202
0.4212915003299713
0.3855925500392914
0.964911699295044
0.43691369891166687
0.5305032134056091
0.5961089730262756
0.9551682472229004
0.35082191228866577
0.6993974447250366
0.8601187467575073
0.6415086984634399
0.0044046263210475445
0.08954256027936935
0.9797900915145874
0.673282265663147
0.7866880893707275
0.19820797443389893
0.798237681388855
0.6081474423408508
0.48328083753585815
0.4673122763633728
0.29370900988578796
0.033641211688518524
0.10052191466093063
0.09636667370796204
0.21052196621894836
0.10043087601661682
0.523169755935669
0.5120503306388855
0.9435490965843201
0.11091567575931549
0.06872519105672836
0.5608569979667664
0.9325685501098633
0.27796709537506104
0.08427662402391434
0.040332794189453125
0.30968648195266724
0.37708690762519836
0.9849452376365662
0.8659267425537109
0.6773073077201843
0.9778604507446289
0.46181637048721313
0.6067080497741699
0.8751114010810852
0.7040062546730042
0.32059887051582336
0.01794867031276226
0.7996995449066162
0.2976665496826172
0.3951442241668701
0.03704914078116417
0.6691163182258606
0.12542268633842468
0.6688515543937683
0.9548668265342712
0.24793966114521027
0.168582022190094
0.011989172548055649
0.7829005718231201
0.8596550822257996
0.008100416511297226
0.21628911793231964
0.046876460313797
0.8337125778198242
0.4129221439361572
0.7671869993209839
0.08315598964691162
0.9524641036987305
0.013470087200403214
0.7258744835853577
0.9828973412513733
0.6708251237869263
0.36563098430633545
0.35426390171051025
0.7869336605072021
0.9426196813583374
0.3440410792827606
0.3851037621498108
0.49366524815559387
0.38071340322494507
0.9045166373252869
0.5580877065658569
0.982036292552948
0.4657285213470459
0.5144569873809814
0.5509302616119385
0.9705632925033569
0.6363420486450195
0.3764197528362274
0.7681813836097717
0.06913512200117111
0.5189161896705627
0.3119066059589386
0.557062566280365
0.7365110516548157
0.22230826318264008
0.20467613637447357
0.9862401485443115
0.8696742653846741
0.6408914923667908
0.9587268829345703
0.022412745282053947
0.9768922924995422
0.2710418403148651
0.16252882778644562
0.10344971716403961
0.24700675904750824
0.4826629161834717
0.491678386926651
0.8667981624603271
0.9844653606414795
0.487892210483551
0.8421177268028259
0.8650108575820923
0.022647304460406303
0.39777806401252747
0.3882969617843628
0.5622079372406006
0.2548530101776123
0.39725351333618164
0.5929116606712341
0.1772616058588028
0.5370416641235352
0.704967200756073
0.5080488324165344
0.8317069411277771
0.9120036959648132
0.4539531171321869
0.8369890451431274
0.3452666401863098
0.6185843348503113
0.04575730487704277
0.5431786775588989
0.7251985669136047
0.8343155980110168
0.41410282254219055
0.698026180267334
0.36357688903808594
0.08540070801973343
0.1567336618900299
0.4239330589771271
0.6745250821113586
0.7203919887542725
0.9409313797950745
0.9933443069458008
0.32183387875556946
0.679825484752655
0.36369749903678894
0.8138020634651184
0.8295116424560547
0.5524638891220093
0.4040737450122833
0.5194953083992004
0.4733997881412506
0.6734209060668945
0.9981541037559509
0.21852250397205353
0.6991674900054932
0.790135383605957
0.6874876022338867
0.8797803521156311
0.8220162987709045
0.3353201448917389
0.328115314245224
0.9017500877380371
0.672404408454895
0.6078873872756958
0.8182657361030579
0.844811201095581
0.8594287037849426
0.3011980950832367
0.7660680413246155
0.8325329422950745
0.06908078491687775
0.5472210645675659
0.7115387916564941
0.8460928201675415
0.9121013879776001
0.676023542881012
0.5330985188484192
0.9439336657524109
0.06619235128164291
0.10778210312128067
0.6647242307662964
0.8706937432289124
0.39177390933036804
0.43924930691719055
0.1243877038359642
0.17126969993114471
0.7487755417823792
0.46821537613868713
0.022744016721844673
0.13940860331058502
0.7191469669342041
0.6999845504760742
0.8333738446235657
0.6168535351753235
0.7182466983795166
0.41204598546028137
0.1536226123571396
0.6835910677909851
0.8561578392982483
0.1674407422542572
0.5941587090492249
0.6592344641685486
0.10492243617773056
0.7531161904335022
0.6583543419837952
0.6405289173126221
0.1821354627609253
0.3991309702396393
0.1282735913991928
0.14153161644935608
0.4064846336841583
0.3008529245853424
0.11297614872455597
0.982169508934021
0.5736228823661804
0.7833974361419678
0.20063737034797668
0.8661632537841797
0.4205997586250305
0.21778567135334015
0.8488203883171082
0.38484397530555725
0.8297211527824402
0.49579083919525146
0.14049850404262543
0.8456580638885498
0.46294188499450684
0.4567040801048279
0.8260782957077026
0.21742109954357147
0.03328932821750641
0.173944890499115
0.6446579098701477
0.1357041299343109
0.39754316210746765
0.017141275107860565
0.23446890711784363
0.025679247453808784
0.9373449087142944
0.6916714310646057
0.6356815695762634
0.44286930561065674
0.8846468925476074
0.0426010824739933
0.5588716268539429
0.16226911544799805
0.36674171686172485
0.5322980284690857
0.6283386945724487
0.32282769680023193
0.9590102434158325
0.21088480949401855
0.5983784794807434
0.8601421117782593
0.2729049324989319
0.718356192111969
0.7621631026268005
0.1524684727191925
0.0555807463824749
0.8861925601959229
0.125944584608078
0.5300429463386536
0.5756884217262268
0.7004790902137756
0.9181428551673889
0.502967119216919
0.9495797753334045
0.6225787997245789
0.09985644370317459
0.1064445972442627
0.9504224061965942
0.07093141227960587
0.048237644135951996
0.6428559422492981
0.7655607461929321
0.19480186700820923
0.7569149732589722
0.5200516581535339
0.8365311026573181
0.5202373266220093
0.5319175720214844
0.21593986451625824
0.6520853638648987
0.4273354411125183
0.28354164958000183
0.8042073845863342
0.8237819671630859
0.3030308485031128
0.7132633924484253
0.6405956745147705
0.0952325165271759
0.39699748158454895
0.7572495341300964
0.564174234867096
0.08864597231149673
0.47940492630004883
0.9012409448623657
0.6008802056312561
0.9533161520957947
0.3437960147857666
0.6856952905654907
0.9340864419937134
0.27132299542427063
0.5116005539894104
0.5524768233299255
0.5161497592926025
0.32067233324050903
0.3319263756275177
0.7028218507766724
0.9672923684120178
0.6150221824645996
0.7018898129463196
0.5856149196624756
0.02090444788336754
0.8845892548561096
0.14823564887046814
0.9466220140457153
0.9566437005996704
0.17616131901741028
0.1791180819272995
0.6267484426498413
0.48069944977760315
0.4754657745361328
0.17344491183757782
0.22417160868644714
0.6849293112754822
0.279507040977478
0.3011004328727722
0.558954656124115
0.7225037813186646
0.9134554862976074
0.4552067518234253
0.3553735315799713
0.2890312373638153
0.23303106427192688
0.08494117110967636
0.5056895017623901
0.15734045207500458
0.9294862151145935
0.33599066734313965
0.7818842530250549
0.43313226103782654
0.7076800465583801
0.25988614559173584
0.47780993580818176
0.5103746056556702
0.7449148893356323
0.7707751393318176
0.09146811068058014
0.7975854277610779
0.5961942076683044
0.8323767781257629
0.09254174679517746
0.14927950501441956
0.3110150694847107
0.4915813207626343
0.8973056674003601
0.1441548764705658
0.400101900100708
0.7935545444488525
0.8031182885169983
0.6364173293113708
0.03282149136066437
0.2379225790500641
0.851594090461731
0.6129894256591797
0.20031823217868805
0.7853752374649048
0.8754876255989075
0.6077581644058228
0.295847088098526
0.011287576518952847
0.5073083639144897
0.6770666837692261
0.31412211060523987
0.7022861242294312
0.2047661393880844
0.7034772038459778
0.7396652102470398
0.18623125553131104
0.5796067118644714
0.08490578830242157
0.6102742552757263
0.5447770357131958
0.02552061527967453
0.5585576891899109
0.28014880418777466
0.9502964615821838
0.41246554255485535
0.26815900206565857
0.9419423937797546
0.5278850793838501
0.6700605154037476
0.4642791450023651
0.27845656871795654
0.6846625208854675
0.9823276400566101
0.7868890762329102
0.5597301721572876
0.7654431462287903
0.9397560358047485
0.15821100771427155
0.4633531868457794
0.8477067947387695
0.45303818583488464
0.36734989285469055
0.6857038140296936
0.31039562821388245
0.5218421816825867
0.9688009023666382
0.6031049489974976
0.3093385398387909
0.9285610914230347
0.0601799413561821
0.2860211730003357
0.19520696997642517
0.2691701054573059
0.7557955980300903
0.05052343010902405
0.7278093695640564
0.23961849510669708
0.41987624764442444
0.9668474197387695
0.8999137878417969
0.4591839611530304
0.019175417721271515
0.5791705250740051
0.5070320963859558
0.26684466004371643
0.6274006962776184
0.7680145502090454
0.9838025569915771
0.5022609233856201
0.918212890625
0.7888675928115845
0.5240954756736755
0.4821663796901703
0.5775529146194458
0.003996716812252998
0.5748834609985352
0.6218029260635376
0.729640543460846
0.05708756297826767
0.6365137696266174
0.7627187371253967
0.09190066903829575
0.3419986963272095
0.6149819493293762
0.20003971457481384
0.31969064474105835
0.5945103168487549
0.8727675080299377
0.24043138325214386
0.9986543655395508
0.261770635843277
0.9501709938049316
0.813706636428833
0.6025208234786987
0.8757918477058411
0.4606035351753235
0.7037516832351685
0.21463099122047424
0.27110445499420166
0.04266545549035072
0.9345176219940186
0.280093252658844
0.8099138736724854
0.04835156723856926
0.04033529385924339
0.7076414227485657
0.15430356562137604
0.5278439521789551
0.8754532933235168
0.11862169206142426
0.4867136776447296
0.9878105521202087
0.4599112272262573
0.027271373197436333
0.5589939951896667
0.6911961436271667
0.5143343210220337
0.18016237020492554
0.7722430229187012
0.49159350991249084
0.9877599477767944
0.7193629741668701
0.3469860553741455
0.48461389541625977
0.9163516759872437
0.2332819700241089
0.3747826814651489
0.5364500284194946
0.7396025657653809
0.6988928318023682
0.41291344165802
0.009579762816429138
0.7434692978858948
0.8494828343391418
0.39956802129745483
0.5669278502464294
0.6905576586723328
0.9401677250862122
0.4900890588760376
0.1440664529800415
0.8926637768745422
0.10456788539886475
0.13101202249526978
0.8247795701026917
0.388412743806839
0.6967307329177856
0.2862597107887268
0.5391904711723328
0.4971171021461487
0.8002510070800781
0.5181092023849487
0.5447847843170166
0.08664605766534805
0.7578064203262329
0.03519866615533829
0.6156248450279236
0.9802291989326477
0.682663083076477
0.19694742560386658
0.24668964743614197
0.06657543033361435
0.23350295424461365
0.8225691914558411
0.9735963940620422
0.9706016182899475
0.914595901966095
0.23195725679397583
0.9859237670898438
0.2756217420101166
0.2509895861148834
0.9444912672042847
0.52271968126297
0.07952681183815002
0.4724384546279907
0.7813404202461243
0.7759668827056885
0.1240595206618309
0.161100372672081
0.2523336410522461
0.24341188371181488
0.6334992051124573
0.3940885365009308
0.31178000569343567
0.8320689797401428
0.7890459895133972
0.14267751574516296
0.39848893880844116
0.7308839559555054
0.9678954482078552
0.3840160369873047
0.8222265243530273
0.8122871518135071
0.4249614179134369
0.37506577372550964
0.4790278375148773
0.12857556343078613
0.7629576921463013
0.03565593808889389
0.7942156195640564
0.6713869571685791
0.4161251485347748
0.1345774382352829
0.682343065738678
0.060615599155426025
0.7212426662445068
0.6007720828056335
0.2830621004104614
0.2142389863729477
0.6024170517921448
0.66774582862854
0.34687182307243347
0.31116363406181335
0.86074298620224
0.6694291234016418
0.2024202197790146
0.6182459592819214
0.24481676518917084
0.8160764575004578
0.08023832738399506
0.5543645620346069
0.3368614912033081
0.6573176980018616
0.9533432126045227
0.16510871052742004
0.9405105113983154
0.7547212839126587
0.4532797336578369
0.8381941914558411
0.8704568147659302
0.7747439742088318
0.7244274020195007
0.6025680303573608
0.13848815858364105
0.242751345038414
0.7509019374847412
0.44294723868370056
0.01937342807650566
0.29883071780204773
0.7274074554443359
0.4843912124633789
0.5931001305580139
0.9603224396705627
0.051326457411050797
0.19558265805244446
0.9699268937110901
0.5626567006111145
0.5315055847167969
0.4265500009059906
0.44417285919189453
0.411061555147171
0.9538680911064148
0.4062541425228119
0.3092537224292755
0.7420843839645386
0.8012494444847107
0.8115946054458618
0.6154802441596985
0.7727658152580261
0.5809351801872253
0.6120620965957642
0.9118727445602417
0.5959974527359009
0.9776099324226379
0.09987799823284149
0.2033371776342392
0.5941932797431946
0.020622603595256805
0.44915884733200073
0.24775555729866028
0.9373509883880615
0.41310930252075195
0.46929529309272766
0.9220004081726074
0.7510958909988403
0.19525021314620972
0.5813280940055847
0.8745988607406616
0.105437733232975
0.004063471686094999
0.6488006711006165
0.7634714245796204
0.18490742146968842
0.5573217272758484
0.3947403132915497
0.016048330813646317
0.9090216159820557
0.5379870533943176
0.5863344669342041
0.42129069566726685
0.13651488721370697
0.9418788552284241
0.6448618173599243
0.8751448392868042
0.4747784435749054
0.4492894411087036
0.6682019829750061
0.44731974601745605
0.6522773504257202
0.2845441997051239
0.9366198778152466
0.40339818596839905
0.4431968331336975
0.9436193108558655
0.9483931064605713
0.24113333225250244
0.8814827799797058
0.37782490253448486
0.7196897864341736
0.5979108810424805
0.39282169938087463
0.5616612434387207
0.386554479598999
0.5960031747817993
0.2721368670463562
0.08246193081140518
0.5115391612052917
0.11915458738803864
0.37388989329338074
0.2213229537010193
0.3498671352863312
0.5087436437606812
0.07914799451828003
0.8391954302787781
0.7242861390113831
0.33094093203544617
0.7839498519897461
0.16209442913532257
0.710256040096283
0.14158903062343597
0.045198019593954086
0.002516198670491576
0.03872400522232056
0.9177330732345581
0.12231148779392242
0.4376189410686493
0.9209806323051453
0.017369786277413368
0.6423808336257935
0.6233620643615723
0.9816952347755432
0.35767778754234314
0.0377868227660656
0.8627490401268005
0.7787363529205322
0.4293171763420105
0.43755191564559937
0.8158905506134033
0.2382095903158188
0.8368853330612183
0.06856297701597214
0.4487554430961609
0.4003009796142578
0.6930884122848511
0.7144702076911926
0.04938431456685066
0.03754927217960358
0.8739089369773865
0.43860408663749695
0.5495405793190002
0.07088661193847656
0.3264150023460388
0.2552686631679535
0.7563683390617371
0.14044339954853058
0.2869892120361328
0.9315285682678223
0.5732567310333252
0.7363622784614563
0.4061466157436371
0.3110645115375519
0.37993645668029785
0.3536161184310913
0.24243752658367157
0.9373747110366821
0.3939678966999054
0.02450505644083023
0.2905581295490265
0.0809488296508789
0.7681642770767212
0.2077629566192627
0.871708869934082
0.9017989635467529
0.13587866723537445
0.36438241600990295
0.005227041896432638
0.4451478123664856
0.9545270800590515
0.15429292619228363
0.7997332215309143
0.390694260597229
0.02097276970744133
0.7838355898857117
0.8882898688316345
0.8013367056846619
0.013316580094397068
0.1360580027103424
0.6924397349357605
0.8531653881072998
0.7642447352409363
0.5958907008171082
0.5944896936416626
0.15407980978488922
0.5902031660079956
0.7556520700454712
0.4659091830253601
0.26363664865493774
0.3858809471130371
0.13998515903949738
0.9510328769683838
0.19234372675418854
0.925162136554718
0.6730130314826965
0.07950759679079056
0.551993191242218
0.5325160026550293
0.48507553339004517
0.7794122099876404
0.7433156967163086
0.10084337741136551
0.4530521631240845
0.8927351236343384
0.43955618143081665
0.11138438433408737
0.2511751353740692
0.47844284772872925
0.4767113924026489
0.9516260027885437
0.7929206490516663
0.9984723329544067
0.5520552396774292
0.4891798794269562
0.347495973110199
0.25685054063796997
0.36944958567619324
0.2601104974746704
0.571479320526123
0.9838687181472778
0.30812105536460876
0.7485997676849365
0.8160398602485657
0.22039096057415009
0.1796744465827942
0.023107752203941345
0.59151691198349
0.48299622535705566
0.6697877645492554
0.04250876605510712
0.28691840171813965
0.04528942331671715
0.033209655433893204
0.1665779948234558
0.5985301733016968
0.8025141954421997
0.42372021079063416
0.23057404160499573
0.9144668579101562
0.24110811948776245
0.5701804757118225
0.17914576828479767
0.5228219032287598
0.36381396651268005
0.9293643236160278
0.43631213903427124
0.02013562060892582
0.19408896565437317
0.9213299751281738
0.059985674917697906
0.1550554633140564
0.7021569013595581
0.4599146246910095
0.001183306216262281
0.18828989565372467
0.3525727689266205
0.9727717638015747
0.8476163148880005
0.2772948443889618
0.20136301219463348
0.5848901271820068
0.05523964762687683
0.2803620994091034
0.8794975280761719
0.6207126975059509
0.9493690133094788
0.1204596534371376
0.11800482124090195
0.3926753103733063
0.34574735164642334
0.24803891777992249
0.8876291513442993
0.5489308834075928
0.997096836566925
0.3954610824584961
0.14670512080192566
0.6504461169242859
0.5062566995620728
0.014403531327843666
0.8746080994606018
0.28629687428474426
0.6996787786483765
0.009285097010433674
0.4312731623649597
0.6349488496780396
0.9153189659118652
0.9635929465293884
0.993576169013977
0.8891528248786926
0.5702645778656006
0.6960166096687317
0.47372597455978394
0.6970365643501282
0.31540387868881226
0.01595189981162548
0.17105937004089355
0.26623910665512085
0.24425938725471497
0.5140817165374756
0.6458603739738464
0.6316551566123962
0.8528284430503845
0.6551960706710815
0.5553690195083618
0.16448795795440674
0.5440970659255981
0.552825927734375
0.7354022264480591
0.7345524430274963
0.9116893410682678
0.5318285822868347
0.016524016857147217
0.4374493360519409
0.8337693214416504
0.5376543998718262
0.7082957029342651
0.12555883824825287
0.08029085397720337
0.7399212718009949
0.4498913288116455
0.7441675662994385
0.8658713698387146
0.28346219658851624
0.3791550099849701
0.8354924321174622
0.1326870173215866
0.33107563853263855
0.27975624799728394
0.3250094950199127
0.4805367887020111
0.5641676187515259
0.6278162598609924
0.942771852016449
0.9825524091720581
0.33117395639419556
0.754506528377533
0.3973178267478943
0.06033835560083389
0.8238474726676941
0.3343687355518341
0.9678317904472351
0.2342374175786972
0.5014674663543701
0.2877143323421478
0.7948550581932068
0.8292732238769531
0.48470446467399597
0.33501699566841125
0.1164381131529808
0.6375611424446106
0.5844090580940247
0.0740121528506279
0.6266041398048401
0.04446473345160484
0.8243085741996765
0.17912614345550537
0.9626383781433105
0.3951948285102844
0.7664064764976501
0.7504978179931641
0.5717085003852844
0.13369430601596832
0.4508523643016815
0.6968254446983337
0.7507303953170776
0.7415202856063843
0.9845802783966064
0.6960082650184631
0.9518378973007202
0.6543172597885132
0.20709151029586792
0.5282245874404907
0.015123479068279266
0.37282422184944153
0.7736399173736572
0.5787526369094849
0.27585551142692566
0.27186283469200134
0.7295999526977539
0.44373106956481934
0.36696895956993103
0.6003868579864502
0.8172007203102112
0.01881595142185688
0.8061334490776062
0.2636112570762634
0.40752947330474854
0.9745256304740906
0.4379495084285736
0.7715254426002502
0.46156007051467896
0.6429968476295471
0.30284085869789124
0.04892803356051445
0.10019835829734802
0.8011583089828491
0.23714031279087067
0.7223239541053772
0.27494120597839355
0.9831332564353943
0.10829639434814453
0.41457271575927734
0.6313474774360657
0.6920868754386902
0.8618319630622864
0.9979817867279053
0.6046669483184814
0.415975421667099
0.7184493541717529
0.9635772705078125
0.0889480710029602
0.6953487396240234
0.8361670970916748
0.1577727496623993
0.8046848177909851
0.38754886388778687
0.10181809216737747
0.29121649265289307
0.38246670365333557
0.3586776554584503
0.7594966292381287
0.48123639822006226
0.34462282061576843
0.38083359599113464
0.46484702825546265
0.9690224528312683
0.18316328525543213
0.052875544875860214
0.826381266117096
0.15465047955513
0.9847310185432434
0.5131875276565552
0.6786679029464722
0.7362619042396545
0.04122709110379219
0.3170633018016815
0.09386593848466873
0.8809818029403687
0.8125218749046326
0.6776292324066162
0.1793268322944641
0.5981740355491638
0.46151503920555115
0.551868200302124
0.3441838324069977
0.8717988729476929
0.37734657526016235
0.9865314960479736
0.6132727861404419
0.7416971921920776
0.3167114555835724
0.9157693386077881
0.6230887174606323
0.025933317840099335
0.026660574600100517
0.5960538983345032
0.47654396295547485
0.6475571393966675
0.21197953820228577
0.6544813513755798
0.8934205770492554
0.5403532981872559
0.8079258799552917
0.6180495619773865
0.17253953218460083
0.3067534267902374
0.8337592482566833
0.693623960018158
0.02327583357691765
0.05799523741006851
0.43441522121429443
0.5486154556274414
0.7435152530670166
0.3800378739833832
0.5175923705101013
0.5802620649337769
0.38551080226898193
0.2958502173423767
0.8041375875473022
0.44344717264175415
0.12999626994132996
0.12553922832012177
0.20497941970825195
0.5894777774810791
0.10266467928886414
0.5071454048156738
0.6715748310089111
0.6080169677734375
0.7225589752197266
0.9942488670349121
0.012144576758146286
0.7642014026641846
0.5124512314796448
0.06385600566864014
0.10515297949314117
0.5542864799499512
0.8310086727142334
0.7701897025108337
0.81578129529953
0.024017786607146263
0.4020984172821045
0.06768499314785004
0.49191612005233765
0.933945894241333
0.16867126524448395
0.3213825225830078
0.43831369280815125
0.29636406898498535
0.5254834890365601
0.37941062450408936
0.4813235402107239
0.943392276763916
0.49337154626846313
0.4032723605632782
0.5504927635192871
0.6884816884994507
0.3919708728790283
0.5493858456611633
0.4544074237346649
0.6921200752258301
0.338105708360672
0.21076929569244385
0.6371656656265259
0.6773586273193359
0.07150585949420929
0.6303182244300842
0.6823338866233826
0.7542616724967957
0.9881490468978882
0.004721675533801317
0.41515451669692993
0.7739220261573792
0.9977707862854004
0.3239232897758484
0.6711049675941467
0.5565516352653503
0.614963173866272
0.7704488039016724
0.8107345104217529
0.7223138809204102
0.48316895961761475
0.9261834025382996
0.17122741043567657
0.23227559030056
0.5594159364700317
0.8534467220306396
0.682742714881897
0.16739855706691742
0.6740465760231018
0.12838181853294373
0.24823005497455597
0.7579940557479858
0.07566589117050171
0.8040772080421448
0.7688754796981812
0.04971878230571747
0.43707436323165894
0.2448597103357315
0.7572425007820129
0.2880716323852539
0.6773304343223572
0.6107404828071594
0.007016555871814489
0.16371655464172363
0.3668431341648102
0.024594377726316452
0.1929706484079361
0.7232480645179749
0.9914636611938477
0.5986056327819824
0.9862275719642639
0.11816754192113876
0.9773414134979248
0.5678805112838745
0.4319235384464264
0.2139592170715332
0.5661157369613647
0.9605666399002075
0.26212069392204285
0.5623352527618408
0.7630818486213684
0.22318041324615479
0.566703736782074
0.8327307105064392
0.7567889094352722
0.6432986855506897
0.4217745065689087
0.01597602665424347
0.4128161072731018
0.22479800879955292
0.05201614648103714
0.4273945391178131
0.338508665561676
0.047083210200071335
0.3171423375606537
0.6737264394760132
0.06675539165735245
0.7406736016273499
0.5449090600013733
0.5036916732788086
0.5270000100135803
0.7410390973091125
0.3375968039035797
0.6329724192619324
0.7092465162277222
0.7912642359733582
0.9036391973495483
0.10346879810094833
0.3134487569332123
0.29060637950897217
0.25119394063949585
0.7711009383201599
0.6482058167457581
0.3332749903202057
0.097109854221344
0.9418258666992188
0.5690271258354187
0.20073814690113068
0.22484669089317322
0.739070475101471
0.5831405520439148
0.30120542645454407
0.5982064008712769
0.5592043995857239
0.8964523077011108
0.16511328518390656
0.19852495193481445
0.7752215266227722
0.8252580165863037
0.6041567921638489
0.5780817866325378
0.010499141179025173
0.18523958325386047
0.8806880116462708
0.9113749861717224
0.04393960162997246
0.49334442615509033
0.07487791776657104
0.878575325012207
0.7026717662811279
0.4191918671131134
0.547848105430603
0.6821281313896179
0.03364032879471779
0.9239292740821838
0.2500339150428772
0.9788720011711121
0.0888296514749527
0.022879833355545998
0.49179506301879883
0.6677945256233215
0.14125798642635345
0.7276739478111267
0.6185179948806763
0.4399752616882324
0.8041616082191467
0.3118475377559662
0.10520779341459274
0.8901625275611877
0.08508411049842834
0.7905308604240417
0.24907788634300232
0.4265068471431732
0.1691734939813614
0.5486264824867249
0.6279887557029724
0.34680747985839844
0.846087634563446
0.9370518922805786
0.02860681712627411
0.68807452917099
0.839955747127533
0.590620756149292
0.18201591074466705
0.5787607431411743
0.9806850552558899
0.7460237145423889
0.5442230105400085
0.12980754673480988
0.0752907395362854
0.19958823919296265
0.24658359587192535
0.9279969930648804
0.6409308910369873
0.6632413268089294
0.4374801516532898
0.2865316867828369
0.7059636116027832
0.6734773516654968
0.029576407745480537
0.9954953193664551
0.8962811231613159
0.2081664502620697
0.16711407899856567
0.46233609318733215
0.9819725155830383
0.08592414110898972
0.13336071372032166
0.7671497464179993
0.2561796009540558
0.10125170648097992
0.20339135825634003
0.6064889430999756
0.8156397938728333
0.9808094501495361
0.6607227325439453
0.8760790228843689
0.6822898983955383
0.29907938838005066
0.1989433467388153
0.9595163464546204
0.13914769887924194
0.2812643349170685
0.1606055200099945
0.5735591650009155
0.6523436903953552
0.2624419927597046
0.9583925604820251
0.5410976409912109
0.5192713737487793
0.26394498348236084
0.6572884321212769
0.2893780767917633
0.6078920364379883
0.7127091884613037
0.18305343389511108
0.04335377737879753
0.06492656469345093
0.5029926896095276
0.6917786002159119
0.7500168085098267
0.9048561453819275
0.26010861992836
0.15115809440612793
0.8854814767837524
0.18539108335971832
0.7419987916946411
0.9145340323448181
0.7838925719261169
0.39398694038391113
0.4489032030105591
