512 2 3
0
371
472
1
358
408
2
235
443
3
88
354
4
41
456
5
10
509
6
128
461
7
195
214
8
369
385
9
58
130
10
288
330
11
46
431
12
41
473
13
244
486
14
46
139
15
75
496
16
158
359
17
171
313
18
173
350
19
69
468
20
166
287
21
126
148
22
354
410
23
107
185
24
190
304
25
147
302
26
144
256
27
88
449
0
28
353
29
139
291
30
96
301
5
31
473
32
136
363
33
107
430
34
351
451
35
391
460
36
37
444
37
38
232
38
179
462
39
322
511
40
138
343
41
307
434
42
210
449
43
405
468
44
310
319
3
45
482
46
134
244
47
190
365
48
92
288
9
49
160
50
164
365
51
88
182
52
69
485
53
93
269
54
333
458
55
325
419
56
160
410
57
227
408
58
303
489
59
176
484
24
33
60
6
61
509
62
77
102
63
235
403
64
222
351
65
270
373
66
69
294
60
67
110
68
249
410
38
69
430
70
423
490
71
75
456
20
72
496
73
229
300
16
74
482
75
116
241
76
135
392
44
77
234
78
136
378
79
233
404
80
171
271
81
110
141
82
327
453
40
83
148
84
114
411
85
133
505
86
255
350
87
270
384
88
177
261
89
165
249
90
223
505
91
296
450
92
131
183
93
317
492
10
94
335
95
287
383
96
219
500
97
370
421
51
98
126
99
230
237
100
189
217
101
152
376
100
102
338
103
215
261
69
104
427
51
105
407
84
106
220
107
145
443
98
108
184
77
109
253
15
110
380
111
217
265
96
112
181
113
126
354
114
155
488
80
115
398
116
462
469
117
326
464
47
118
463
22
94
119
1
79
120
44
121
162
85
122
386
123
191
447
89
124
172
104
125
386
45
126
465
73
127
398
128
167
464
17
129
396
47
130
345
67
131
248
112
132
233
83
133
180
74
134
376
135
389
482
136
200
229
137
191
335
80
138
325
139
243
465
59
63
140
141
218
497
128
142
285
143
382
478
144
262
456
14
54
145
146
405
431
147
233
479
148
410
501
0
149
359
150
309
482
151
382
410
66
152
154
15
153
342
129
154
294
150
155
203
156
161
465
157
347
354
158
266
368
22
159
448
68
160
277
161
352
456
162
384
461
51
163
374
164
183
378
30
165
280
46
166
462
112
167
243
148
168
294
130
169
461
111
170
234
171
408
470
172
377
470
25
173
408
20
174
205
174
175
443
49
51
176
96
177
476
120
178
262
179
434
436
180
305
394
181
194
301
97
127
182
183
343
379
184
237
506
21
91
185
12
186
471
85
187
372
94
188
373
189
344
406
190
383
417
101
191
218
158
192
405
193
411
424
51
194
374
195
242
450
196
223
280
197
264
467
80
198
463
111
164
199
155
200
384
104
201
247
54
202
283
78
203
475
85
204
468
205
224
242
206
236
435
108
163
207
163
208
439
154
209
455
73
210
450
211
213
381
38
212
218
213
229
492
94
124
214
215
310
425
216
275
454
211
217
452
149
218
395
219
495
506
220
234
424
221
244
262
26
222
300
71
223
415
33
224
333
192
208
225
8
90
226
43
137
227
164
228
487
229
347
380
162
220
230
73
231
318
5
232
360
233
414
494
180
234
420
47
219
235
5
236
281
208
237
316
122
206
238
239
271
453
34
227
240
241
311
388
205
242
498
99
160
243
240
244
306
245
291
508
52
246
390
49
247
463
248
267
319
249
295
490
250
275
413
233
251
455
252
308
449
253
327
349
109
198
254
113
255
277
256
358
456
160
257
472
226
258
369
98
155
259
142
235
260
8
162
261
262
271
389
73
106
263
106
264
338
265
346
495
59
168
266
81
104
267
268
274
442
269
422
454
135
238
270
214
252
271
272
303
334
67
168
273
61
274
472
275
297
494
276
371
443
55
277
499
236
278
447
209
279
327
184
280
303
281
391
444
104
160
282
88
265
283
259
284
324
109
172
285
3
286
379
80
161
287
146
288
477
19
289
411
100
290
430
10
236
291
102
292
430
50
293
325
292
294
311
109
239
295
294
296
484
271
297
390
223
249
298
192
254
299
282
300
371
301
387
454
302
336
495
291
303
316
98
304
489
178
291
305
45
267
306
194
307
337
44
215
308
132
309
320
275
310
335
63
311
427
17
312
328
313
360
464
178
280
314
315
374
480
95
316
464
121
283
317
22
157
318
91
319
451
188
320
438
90
321
444
322
483
509
207
271
323
174
324
417
241
325
494
2
161
326
64
242
327
217
328
485
160
243
329
146
214
330
274
331
381
37
275
332
195
333
442
4
34
334
12
310
335
254
336
432
32
300
337
17
318
338
131
339
487
340
415
474
314
341
463
256
342
463
303
343
483
17
232
344
294
345
438
166
346
382
15
347
391
115
348
406
338
349
470
214
341
350
202
351
409
157
331
352
353
462
464
354
356
432
64
186
355
99
356
431
237
357
435
142
152
358
186
204
359
282
324
360
311
361
472
94
115
362
138
273
363
242
350
364
18
161
365
229
366
445
367
406
493
230
313
368
369
380
429
241
370
391
103
314
371
123
355
372
373
439
484
176
374
466
139
375
484
146
376
383
203
377
402
36
260
378
148
225
379
199
270
380
76
381
508
240
382
499
76
149
383
148
354
384
234
261
385
245
386
495
387
455
472
222
378
388
1
227
389
72
390
499
163
204
391
140
269
392
99
272
393
35
151
394
135
137
395
1
354
396
72
351
397
153
398
438
147
166
399
124
312
400
196
346
401
229
402
433
126
378
403
128
208
404
185
405
440
172
406
475
18
407
455
253
408
468
12
316
409
406
410
466
240
411
466
208
359
412
13
56
413
96
414
469
261
348
415
355
388
416
98
256
417
302
323
418
103
220
419
233
379
420
233
421
447
199
412
422
317
334
423
385
392
424
152
234
425
288
422
426
0
367
427
79
371
428
368
377
429
122
347
430
142
431
493
208
327
432
31
219
433
176
272
434
199
256
435
122
413
436
169
337
437
188
420
438
116
265
439
277
291
440
376
422
441
70
108
442
58
443
511
185
315
444
94
440
445
113
296
446
228
299
447
147
448
450
119
336
449
267
346
450
50
186
451
209
268
452
324
423
453
97
149
454
212
412
455
183
456
490
202
457
494
364
426
458
73
108
459
207
320
460
162
175
461
19
445
462
31
380
463
317
426
464
357
465
471
364
466
477
299
338
467
234
454
468
254
379
469
216
340
470
42
292
471
5
399
472
55
150
473
305
472
474
346
475
495
170
210
476
166
317
477
308
478
483
267
362
479
70
249
480
175
480
481
37
194
482
406
447
483
455
467
484
167
217
485
151
256
486
248
392
487
167
372
488
349
364
489
184
414
490
148
406
491
39
416
492
266
294
493
9
100
494
447
450
495
30
371
496
277
316
497
446
485
498
376
488
499
279
357
500
423
433
501
174
495
502
272
478
503
18
94
504
178
241
505
71
218
506
90
250
507
36
125
508
245
319
509
278
446
510
121
223
511
0.505963921546936
0.20630507171154022
0.3337557315826416
0.8093326091766357
0.5601836442947388
0.3245396316051483
0.7747445106506348
0.5004161596298218
0.11948970705270767
0.339205801486969
0.7404370903968811
0.7586666941642761
0.8407532572746277
0.8612853288650513
0.23030990362167358
0.8140885829925537
0.720652163028717
0.6536614298820496
0.24685236811637878
0.6332343220710754
0.6818983554840088
0.16122667491436005
0.25239425897598267
0.3143198490142822
0.7225731015205383
0.8607407808303833
0.3479275405406952
0.3303295373916626
0.08165992796421051
0.19323761761188507
0.5286213159561157
0.5466362237930298
0.522392213344574
0.4959636628627777
0.06741867959499359
0.39634621143341064
0.009817130863666534
0.6894580721855164
0.7056323289871216
0.008846967481076717
0.06817659735679626
0.13206450641155243
0.3268532156944275
0.0391664132475853
0.3286101222038269
0.8041938543319702
0.9760497212409973
0.20929841697216034
0.9909542798995972
0.5099808573722839
0.4715501666069031
0.40280666947364807
0.4001990258693695
0.27421867847442627
0.7610026001930237
0.5196422934532166
0.5536817312240601
0.8953758478164673
0.11960664391517639
0.1069013848900795
0.301414430141449
0.3864518404006958
0.2511846721172333
0.38842639327049255
0.13498391211032867
0.6953878998756409
0.5026485919952393
0.5836151242256165
0.0025154147297143936
0.38058868050575256
0.3011859953403473
0.32907184958457947
0.07996829599142075
0.6770272254943848
0.5667826533317566
0.513343334197998
0.23057778179645538
0.11639312654733658
0.09192802757024765
0.41233545541763306
0.9707148671150208
0.9811357855796814
0.08089364320039749
0.2875160872936249
0.7906190156936646
0.4322679936885834
0.20291952788829803
0.1494031399488449
0.8378908038139343
0.972413957118988
0.27383068203926086
0.7465739250183105
0.7369614243507385
0.9272494912147522
0.6888595819473267
0.7648749351501465
0.6672417521476746
0.3849080204963684
0.4066043198108673
0.1994992196559906
0.7956254482269287
0.022372320294380188
0.5529075264930725
0.23945647478103638
0.5077857375144958
0.25668221712112427
0.966375470161438
0.13609132170677185
0.5586137175559998
0.7561367750167847
0.565263032913208
0.08114887773990631
0.9060378074645996
0.9240416288375854
0.27638253569602966
0.9838080406188965
0.3545113801956177
0.999440610408783
0.7684584259986877
0.8695571422576904
0.8246683478355408
0.06680560857057571
0.897710382938385
0.5990185141563416
0.2638087570667267
0.17800287902355194
0.39496463537216187
0.1526576578617096
0.14446373283863068
0.8698325157165527
0.546593427658081
0.3655778467655182
0.8957599997520447
0.8585598468780518
0.5740591287612915
0.25327739119529724
0.3375575840473175
0.566866934299469
0.5354218482971191
0.9893868565559387
0.5469800233840942
0.55052250623703
0.9653037190437317
0.14095641672611237
0.8208047747612
0.6021219491958618
0.4652346670627594
0.1490126997232437
0.1654415875673294
0.04564521834254265
0.45672738552093506
0.8696163296699524
0.2313605695962906
0.10326263308525085
0.9652602672576904
0.05822378769516945
0.1806408017873764
0.3818163275718689
0.973358690738678
0.9219229221343994
0.014121249318122864
0.10989421606063843
0.19220975041389465
0.1870342493057251
0.48260605335235596
0.5528601408004761
0.8508782982826233
0.7528753876686096
0.11988577991724014
0.3859960436820984
0.341545969247818
0.4239141643047333
0.9194650053977966
0.6946150064468384
0.7900875806808472
0.08679632097482681
0.7344754338264465
0.4005686938762665
0.2917172312736511
0.3155957758426666
0.8731578588485718
0.6339341998100281
0.18128111958503723
0.7242007851600647
0.13640786707401276
0.7554084658622742
0.4901956021785736
0.07747942209243774
0.6849036812782288
0.9671880006790161
0.41027745604515076
0.24401438236236572
0.7634633779525757
0.9942351579666138
0.2780415415763855
0.06811302155256271
0.039955466985702515
0.23344703018665314
0.9933059215545654
0.12513451278209686
0.7765987515449524
0.4213760197162628
0.7102022171020508
0.3848467171192169
0.5796747803688049
0.9871588945388794
0.4372057020664215
0.5053011775016785
0.1314603090286255
0.2371777594089508
0.5138990879058838
0.1049555242061615
0.22375285625457764
0.5084897875785828
0.9641162753105164
0.7796925902366638
0.32352733612060547
0.8645660281181335
0.4470730721950531
0.3686767518520355
0.697623074054718
0.432700514793396
0.6115079522132874
0.952276885509491
0.5470751523971558
0.768092155456543
0.24818086624145508
0.3368943929672241
0.890578031539917
0.31962671875953674
0.06342631578445435
0.3421834707260132
0.690644383430481
0.5920279622077942
0.07582490146160126
0.9514153599739075
0.8963889479637146
0.8276320099830627
0.5528767704963684
0.9529008865356445
0.9303408265113831
0.9098045825958252
0.8804713487625122
0.9519647359848022
0.13106299936771393
0.2966645061969757
0.48680490255355835
0.3951796591281891
0.4734972417354584
0.014084002934396267
0.17444166541099548
0.6674707531929016
0.2249821126461029
0.967239260673523
0.23535722494125366
0.643868088722229
0.8616202473640442
0.53451007604599
0.7869338989257812
0.16820809245109558
0.25890451669692993
0.45746633410453796
0.2502264678478241
0.2905915379524231
0.34740591049194336
0.5483537316322327
0.5419973134994507
0.5052388310432434
0.9709600806236267
0.13705527782440186
0.6663141846656799
0.5901132225990295
0.6117633581161499
0.08093700557947159
0.18090541660785675
0.24510881304740906
0.2960147261619568
0.09499333798885345
0.9673356413841248
0.6722421050071716
0.2557486295700073
0.4071376621723175
0.4672793447971344
0.9055379629135132
0.07264409214258194
0.49054059386253357
0.7448241114616394
0.7630263566970825
0.7310035824775696
0.29966339468955994
0.7334011793136597
0.8399731516838074
0.032016269862651825
0.03685680404305458
0.16821585595607758
0.882995069026947
0.785347580909729
0.03265918046236038
0.9613799452781677
0.8536011576652527
0.6224844455718994
0.7606765627861023
0.4635893702507019
0.6434770822525024
0.8208049535751343
0.8679025173187256
0.322407066822052
0.018816612660884857
0.7676965594291687
0.30669671297073364
0.24044285714626312
0.10307186841964722
0.19828976690769196
0.8477621078491211
0.07121000438928604
0.5800180435180664
0.4510105848312378
0.8416433334350586
0.7968112230300903
0.6986005902290344
0.148027703166008
0.003109544515609741
0.18975964188575745
0.7743149995803833
0.8344276547431946
0.5742692947387695
0.3159830868244171
0.5862859487533569
0.4464729130268097
0.8559821844100952
0.05970759689807892
0.27468472719192505
0.9851581454277039
0.9101914167404175
0.3906710743904114
0.3285338878631592
0.2503935694694519
0.3048330843448639
0.04980356991291046
0.7254913449287415
0.04636276513338089
0.933779239654541
0.9119004607200623
0.19728614389896393
0.760760486125946
0.7878992557525635
0.44955578446388245
0.0861629918217659
0.14272861182689667
0.4565574526786804
0.7775736451148987
0.5182583928108215
0.37028220295906067
0.028446272015571594
0.8566348552703857
0.5791864395141602
0.23360909521579742
0.7339581847190857
0.6591185331344604
0.8434035778045654
0.1611727476119995
0.25148800015449524
0.3794439733028412
0.2615554928779602
0.4289093017578125
0.28707918524742126
0.602468729019165
0.973803699016571
0.47367697954177856
0.4461889863014221
0.7784266471862793
0.9463701844215393
0.10910529643297195
0.45777150988578796
0.4671902060508728
0.5711885690689087
0.7025771141052246
0.9691448211669922
0.19093464314937592
0.44749879837036133
0.453585147857666
0.03600383549928665
0.8897438645362854
0.4705165922641754
0.30675435066223145
0.5823137760162354
0.8767048716545105
0.002039093291386962
0.9496224522590637
0.12145279347896576
0.19099903106689453
0.7133738398551941
0.8027612566947937
0.4787951707839966
0.26838988065719604
0.6981548070907593
0.5847162008285522
0.5241101980209351
0.6120580434799194
0.1996593326330185
0.8308284282684326
0.8306199908256531
0.7327243089675903
0.6258407831192017
0.46953412890434265
0.9888611435890198
0.4146679937839508
0.352009117603302
0.6685202121734619
0.6194093227386475
0.9746316075325012
0.030431678518652916
0.9115030169487
0.3681967556476593
0.06888788193464279
0.3600630462169647
0.295661062002182
0.0981268435716629
0.6849077343940735
0.8735596537590027
0.12693655490875244
0.48995187878608704
0.868972659111023
0.3599306046962738
0.897199809551239
0.06677443534135818
0.026138179004192352
0.5800073742866516
0.7346971035003662
0.7813082933425903
0.7592512965202332
0.35801613330841064
0.3594099283218384
0.7169546484947205
0.8901423215866089
0.43967726826667786
0.7744336724281311
0.7319872379302979
0.369663268327713
0.45082855224609375
0.619400680065155
0.3709563910961151
0.3402080535888672
0.7295016050338745
0.6255599856376648
0.437631219625473
0.7956573963165283
0.6076450347900391
0.25491371750831604
0.47065696120262146
0.2601524591445923
0.9980876445770264
0.14388291537761688
0.5275406837463379
0.3365750014781952
0.8751651644706726
0.9034765362739563
0.6214813590049744
0.8136519193649292
0.07920843362808228
0.6768224835395813
0.3005552887916565
0.7300248742103577
0.8885924816131592
0.4750497341156006
0.4648407995700836
0.0008881767280399799
0.09943097829818726
0.9280128479003906
0.07222235947847366
0.9508605599403381
0.2206193059682846
0.15648923814296722
0.2963904142379761
0.4143982231616974
0.7266183495521545
0.2909770905971527
0.21461044251918793
0.4405065178871155
0.8059906959533691
0.6164308786392212
0.8305678963661194
0.302142858505249
0.2552385628223419
0.861728847026825
0.7372456789016724
0.7518568634986877
0.9360699653625488
0.5253328680992126
0.4195714592933655
0.30545976758003235
0.866977870464325
0.4796324372291565
0.7235891222953796
0.009768947958946228
0.3240215480327606
0.5330281257629395
0.2625885605812073
0.9274692535400391
0.2774769961833954
0.9648648500442505
0.4967094659805298
0.8807696104049683
0.4766731858253479
0.9943687319755554
0.3757527470588684
0.7021960616111755
0.2915678024291992
0.5909857749938965
0.6806851029396057
0.22472184896469116
0.9799569249153137
0.35172194242477417
0.708179771900177
0.12413340061903
0.6798133850097656
0.863034188747406
0.23072050511837006
0.7313183546066284
0.7231031060218811
0.6680868864059448
0.5274337530136108
0.794701337814331
0.5106049180030823
0.3650209605693817
0.6668177247047424
0.5944750905036926
0.01269897073507309
0.21646681427955627
0.6938498616218567
0.9829854369163513
0.1915610134601593
0.3338868319988251
0.9924061298370361
0.8372533321380615
0.7174890041351318
0.9514484405517578
0.23128551244735718
0.8308408260345459
0.11550325900316238
0.9038287997245789
0.8569949865341187
0.6531863212585449
0.8932148814201355
0.8999108672142029
0.14551924169063568
0.2202570140361786
0.4714972674846649
0.8189606666564941
0.7224009037017822
0.7565140724182129
0.20848365128040314
0.8144471645355225
0.6305992603302002
0.24530640244483948
0.9204261898994446
0.6173474788665771
0.3891013562679291
0.4381259083747864
0.4866548478603363
0.5519217848777771
0.2542126774787903
0.40270593762397766
0.6398034691810608
0.5032383799552917
0.3022591769695282
0.8959431648254395
0.30134686827659607
0.8775196671485901
0.19196464121341705
0.501028835773468
0.3612827658653259
0.16067756712436676
0.8188663125038147
0.04886927083134651
0.8089122772216797
0.07984939962625504
0.8104997873306274
0.14693914353847504
0.9083173871040344
0.5024378299713135
0.2815532386302948
0.6433532238006592
0.7782927751541138
0.8525029420852661
0.5925268530845642
0.46035176515579224
0.05415148660540581
0.4848407208919525
0.5231820940971375
0.8998386263847351
0.7041181921958923
0.2852524518966675
0.21297070384025574
0.9174255728721619
0.255247563123703
0.6052752733230591
0.5785068273544312
0.7058412432670593
0.65199214220047
0.5170808434486389
0.6543019413948059
0.43836310505867004
0.4337427616119385
0.8306551575660706
0.7179532051086426
0.7408191561698914
0.7001820206642151
0.4687679409980774
0.43082472681999207
0.11585729569196701
0.3164522647857666
0.381438672542572
0.5615201592445374
0.9797421097755432
0.44511979818344116
0.9571734070777893
0.7523242235183716
0.41184812784194946
0.9181247353553772
0.47832584381103516
0.9044828414916992
0.6646057367324829
0.5278654098510742
0.4565105140209198
0.5761917233467102
0.9398926496505737
0.019460923969745636
0.30212104320526123
0.8749415874481201
0.5358341336250305
0.8624712824821472
0.9680493474006653
0.3816447854042053
0.6867176294326782
0.24714395403862
0.052339062094688416
0.7721774578094482
0.26933765411376953
0.34646090865135193
0.5339999198913574
0.9671679139137268
0.6446309685707092
0.05657107010483742
0.4176975190639496
0.46383053064346313
0.13096734881401062
0.735112190246582
0.8353404402732849
0.13654738664627075
0.8485956192016602
0.8261173963546753
0.9906595945358276
0.530012845993042
0.12163805216550827
0.8583003282546997
0.42785969376564026
0.6038521528244019
0.46795836091041565
0.18860913813114166
0.6793896555900574
0.9336408376693726
0.6852372884750366
0.8751959800720215
0.9522438645362854
0.19537253677845
0.8080880045890808
0.9388749003410339
0.5064378976821899
0.7231035828590393
0.9613743424415588
0.8330701589584351
0.06200344115495682
0.24183695018291473
0.05500730499625206
0.18893834948539734
0.05014102905988693
0.23227019608020782
0.8133133053779602
0.9203155040740967
0.34538865089416504
0.5875272154808044
0.10389014333486557
0.07939529418945312
0.9938068985939026
0.11893336474895477
0.013377071358263493
0.995932400226593
0.967470645904541
0.03859974443912506
0.6990261673927307
0.9554306864738464
0.9052829146385193
0.5837635397911072
0.3869294822216034
0.08015896379947662
0.05948581546545029
0.8187015652656555
0.9024395942687988
0.9651852250099182
0.5477006435394287
0.037556715309619904
0.18532703816890717
0.7196515202522278
0.44793450832366943
0.3977803885936737
0.32297036051750183
0.7394514083862305
0.05696631222963333
0.9359620809555054
0.46020087599754333
0.2912033200263977
0.32876965403556824
0.6544371247291565
0.5524126291275024
0.053971271961927414
0.6789680123329163
0.1562565416097641
0.07259197533130646
0.8855358362197876
0.4421835243701935
0.013800536282360554
0.6924305558204651
0.9688509106636047
0.6224844455718994
0.9495697617530823
0.8842832446098328
0.4129162132740021
0.6143527030944824
0.6684454083442688
0.6673820614814758
0.6816885471343994
0.5208609700202942
0.7854973673820496
0.3977152109146118
0.8922117948532104
0.36171755194664
0.7508813142776489
0.1757792830467224
0.712605357170105
0.02006981521844864
0.6851823925971985
0.9270084500312805
0.08272790163755417
0.29501914978027344
0.9036965370178223
0.7895469665527344
0.4910862147808075
0.6314454674720764
0.8608808517456055
0.3722083270549774
0.8435461521148682
0.26539847254753113
0.42330390214920044
0.7477754950523376
0.4185655415058136
0.6692436933517456
0.16738656163215637
0.5672723054885864
0.8005285263061523
0.41960853338241577
0.07794033735990524
0.9987283945083618
0.9010773301124573
0.5427588224411011
0.47320571541786194
0.9820551872253418
0.8627576231956482
0.1276233196258545
0.0080116530880332
0.5299234986305237
0.011569423601031303
0.8261976838111877
0.4886312186717987
0.6582834720611572
0.5687155723571777
0.5928069949150085
0.15308326482772827
0.7536683082580566
0.4191572666168213
0.7588307857513428
0.11825436353683472
0.38847702741622925
0.22557392716407776
0.20279225707054138
0.004584660287946463
0.46602335572242737
0.9503509998321533
0.6036299467086792
0.030801823362708092
0.34989458322525024
0.6027871370315552
0.5027817487716675
0.6102226376533508
0.48632529377937317
0.6958703398704529
0.7226754426956177
0.8742811679840088
0.7681763768196106
0.42406997084617615
0.03912537917494774
0.21389025449752808
0.4263658821582794
0.7818655967712402
0.08164843916893005
0.06098809838294983
0.11905151605606079
0.1767912209033966
0.3677903711795807
0.45846614241600037
0.8689815402030945
0.5260418653488159
0.9469922780990601
0.3289003074169159
0.5637092590332031
0.40212881565093994
0.8720800876617432
0.9006426334381104
0.3571625351905823
0.8658012747764587
0.40809953212738037
0.3445301651954651
0.0998791754245758
0.7518754005432129
0.9358731508255005
0.2141372561454773
0.7366536259651184
0.2825973331928253
0.9019730687141418
0.04688366875052452
0.005289252381771803
0.497762531042099
0.34184330701828003
0.4870884120464325
0.14337952435016632
0.7539443373680115
0.7708094716072083
0.6053534150123596
0.7630058526992798
0.5303304195404053
0.30368098616600037
0.2799270451068878
0.7382680773735046
0.990078330039978
0.17032721638679504
0.4793093502521515
0.7550533413887024
0.9787020683288574
0.19329027831554413
0.5471641421318054
0.43426674604415894
0.8461936712265015
0.6628885269165039
0.645275890827179
0.04535037279129028
0.7209770679473877
0.2787700593471527
0.29609620571136475
0.8749268054962158
0.8479539155960083
0.8433802127838135
0.06006725877523422
0.21687471866607666
0.09065060317516327
0.9843040704727173
0.7974879145622253
0.8257918953895569
0.982482373714447
0.09356629848480225
0.6887664794921875
0.14971651136875153
0.9039092659950256
0.8312292695045471
0.6615981459617615
0.7791046500205994
0.5904423594474792
0.04865824431180954
0.2885986566543579
0.47397950291633606
0.3048248887062073
0.2811838984489441
0.9216604828834534
0.781526505947113
0.18926666676998138
0.7193227410316467
0.0022578847128897905
0.9573078155517578
0.3259265720844269
0.8537777066230774
0.6965702176094055
0.517219066619873
0.980122983455658
0.7505437731742859
0.5320897102355957
0.0182363148778677
0.32409390807151794
0.18379564583301544
0.8059083223342896
0.43758249282836914
0.8172840476036072
0.6703264117240906
0.5239774584770203
0.5436532497406006
0.5231562256813049
0.1070830300450325
0.6852424144744873
0.3004601299762726
0.6731210350990295
0.3221556544303894
0.9981114864349365
0.6362264752388
0.6661842465400696
0.1497725248336792
0.534049391746521
0.904460608959198
0.369708776473999
0.22178232669830322
0.1152428537607193
0.4245010316371918
0.678395688533783
0.13734973967075348
0.09326937049627304
0.6201276183128357
0.06971243023872375
0.9070385694503784
0.12474554777145386
0.5485788583755493
0.21191398799419403
0.9898506999015808
0.07316270470619202
0.4728967845439911
0.24118253588676453
0.3519621193408966
0.652141273021698
0.7208242416381836
0.32704484462738037
0.18766772747039795
0.11864345520734787
0.6868632435798645
0.754368245601654
0.4462292194366455
0.5013383626937866
0.0466097891330719
0.4881717562675476
0.451461523771286
0.34688007831573486
0.11291582882404327
0.05945974215865135
0.6042619347572327
0.2451433688402176
0.46031102538108826
0.8366178870201111
0.8201320171356201
0.6069129705429077
0.43307924270629883
0.282340943813324
0.5616267919540405
0.34204918146133423
0.6891923546791077
0.2899547517299652
0.44480186700820923
0.5455247759819031
0.14325253665447235
0.7566056251525879
0.3771517872810364
0.9546337723731995
0.020030619576573372
0.409206360578537
0.6941853165626526
0.5492215156555176
0.999298095703125
0.39712461829185486
0.8511288166046143
0.9911404848098755
0.4625043570995331
0.7531319856643677
0.6296650767326355
0.6416112184524536
0.45118820667266846
0.3084162771701813
0.4455493688583374
0.22863291203975677
0.6256443858146667
0.4348594546318054
0.34776604175567627
0.2439330667257309
0.2743570804595947
0.08862517774105072
0.10262831300497055
0.38769611716270447
0.658511221408844
0.9307428598403931
0.6257196664810181
0.8387824892997742
0.4467642903327942
0.06791242957115173
0.4732144773006439
0.8774662613868713
0.9525017738342285
0.7073721885681152
0.4022672772407532
0.08988656103610992
0.10833427309989929
0.29093000292778015
0.4597484767436981
0.02351887710392475
0.1781790554523468
0.8667408227920532
0.056542228907346725
0.3910534381866455
0.40766364336013794
0.07135406881570816
0.5604721307754517
0.7935622930526733
0.086616151034832
0.5116122364997864
0.5079759955406189
0.2116541713476181
0.058743398636579514
0.8648228645324707
0.5088075399398804
0.676936686038971
0.19782254099845886
0.4080612063407898
0.3761662244796753
0.18509924411773682
0.3941880464553833
0.9784131646156311
0.48181653022766113
0.3240965008735657
0.7031466960906982
0.8768070340156555
0.6839693784713745
0.06508398801088333
0.7360764741897583
0.5885639786720276
0.291553258895874
0.15935085713863373
0.6152162551879883
0.8892090916633606
0.3895607590675354
0.9784587621688843
0.9465950727462769
0.3297474682331085
0.5004804134368896
0.9333509206771851
0.46192696690559387
0.6479185223579407
0.3649839162826538
0.5456986427307129
0.3153304159641266
0.5900272130966187
0.46235430240631104
0.7811373472213745
0.4189594089984894
0.2104535549879074
0.30236420035362244
0.7554645538330078
0.7525705695152283
0.3496944010257721
0.689012348651886
0.0036532781086862087
0.4148538410663605
0.06662240624427795
0.726681649684906
0.370832234621048
0.7351347804069519
0.5958644151687622
0.1070188656449318
0.31157734990119934
0.8833722472190857
0.08414030075073242
0.04955542832612991
0.29758790135383606
0.01974576525390148
0.7994303107261658
0.9047486186027527
0.34052756428718567
0.8496460318565369
0.1658392697572708
0.9987742304801941
0.7196517586708069
0.6704603433609009
0.8328633904457092
0.9058254957199097
0.3868090510368347
0.7228311896324158
0.6693559885025024
0.6505901217460632
0.005974952597171068
0.5565506815910339
0.5659582018852234
0.33958134055137634
0.14614622294902802
0.138144388794899
0.7215978503227234
0.5345051884651184
0.08401668071746826
0.8141821622848511
0.7555608153343201
0.6363020539283752
0.2317631095647812
0.21314793825149536
0.0010270726634189487
0.20267361402511597
0.9320961236953735
0.7624385952949524
0.22469820082187653
0.8578091263771057
0.1980436146259308
0.6593673825263977
0.9152313470840454
0.8545454740524292
0.478313684463501
0.04002075269818306
0.7981669902801514
0.40170085430145264
0.10037320107221603
0.4042262136936188
0.8928698301315308
0.2816620469093323
0.40024814009666443
0.254264235496521
0.9287683963775635
0.8285017609596252
0.0467335544526577
0.9753647446632385
0.9845075607299805
0.11859790980815887
0.8854193687438965
0.3307162821292877
0.3320521414279938
0.7614937424659729
0.10172244906425476
0.014287171885371208
0.8962001204490662
0.3636001944541931
0.888740599155426
0.6032572984695435
0.33359527587890625
0.07480375468730927
0.44568392634391785
0.8460526466369629
0.31897398829460144
0.27092868089675903
0.7911874055862427
0.6004310250282288
0.07239406555891037
0.3994046151638031
0.765317440032959
0.27856630086898804
0.7086527943611145
0.7794718146324158
0.6696059703826904
0.918282687664032
0.02689373679459095
0.07995583862066269
0.83375483751297
0.3969145119190216
0.9782924652099609
0.6331000924110413
0.6931982040405273
0.23723553121089935
0.6771201491355896
0.9495842456817627
0.904509961605072
0.8667858242988586
0.5549574494361877
0.8909610509872437
0.4797457456588745
0.15523284673690796
0.6861445307731628
0.2832510471343994
0.5451861023902893
0.2396913766860962
0.6224712133407593
0.11322277039289474
0.28711259365081787
0.3446311056613922
0.4872695207595825
0.6718510985374451
0.8897887468338013
0.5275574922561646
0.5830264687538147
0.2727239429950714
0.3568532168865204
0.6498643755912781
0.7098133563995361
0.7043719291687012
0.1747349500656128
0.8489046096801758
0.24689988791942596
0.3198016285896301
0.2085801661014557
0.09920450299978256
0.3830488622188568
0.6778116226196289
0.8468849658966064
0.9699565768241882
0.056262705475091934
0.47712117433547974
0.654466986656189
0.9913583397865295
0.6410120129585266
0.4130238890647888
0.18287566304206848
0.40430256724357605
0.9393038153648376
0.7090150117874146
0.6120392680168152
0.15705762803554535
0.4284602403640747
0.7820095419883728
0.3677191138267517
0.23790541291236877
0.8696189522743225
0.36272209882736206
0.12358766794204712
0.35337474942207336
0.38748621940612793
0.7990666627883911
0.7187014222145081
0.894311249256134
0.04451416805386543
0.4175613522529602
0.44583216309547424
0.6585833430290222
0.907546877861023
0.5691011548042297
0.818449079990387
0.23099367320537567
0.5650999546051025
0.8053886890411377
0.31055358052253723
0.29603758454322815
0.3153015375137329
0.7228124737739563
0.8017454147338867
0.7854617834091187
0.5416473150253296
0.6174550652503967
0.24089232087135315
0.6991353631019592
0.5072779655456543
0.17556285858154297
0.6452562212944031
0.14899516105651855
0.7522192597389221
0.8891537189483643
0.22304758429527283
0.4880327582359314
0.5843552350997925
0.7871654629707336
0.3496909439563751
0.24964474141597748
0.06106335669755936
0.7894439101219177
0.8895198106765747
0.2535601854324341
0.8037533164024353
0.7617504596710205
0.2445041835308075
0.16624228656291962
0.8898302316665649
0.04250074177980423
0.16870349645614624
0.8398395776748657
0.6973053812980652
0.09407360106706619
0.9349120259284973
0.5339490175247192
0.013369615189731121
0.3381735682487488
0.36595723032951355
0.034266553819179535
0.8653040528297424
0.8003745079040527
0.3861963152885437
0.382263720035553
0.05615128204226494
0.6464081406593323
0.22532565891742706
0.7689563035964966
0.7850285768508911
0.1832309365272522
0.7613353133201599
0.5450749397277832
0.17466405034065247
0.010692599229514599
0.6867411136627197
0.971639096736908
0.4818549156188965
0.6026886701583862
0.007006186526268721
0.5749235153198242
0.773632824420929
0.4496608376502991
0.9283379912376404
0.12155171483755112
0.28055891394615173
0.32217422127723694
0.685488224029541
0.6920017600059509
0.4771939516067505
0.3866783082485199
0.41024136543273926
0.4068792164325714
0.6623786091804504
0.41564151644706726
0.7674539685249329
0.015496351756155491
0.31783196330070496
0.9843465685844421
0.7524404525756836
0.2770706117153168
0.7441480755805969
0.5900866985321045
0.4604089558124542
0.49234217405319214
0.5706536173820496
0.26844194531440735
0.5136838555335999
0.017204735428094864
0.360187828540802
0.0016651040641590953
0.1375136524438858
0.6173704862594604
0.02220427803695202
0.48595309257507324
0.6869626045227051
0.18457821011543274
0.7045742273330688
0.2681349813938141
0.7631884813308716
0.8435550332069397
0.631171703338623
0.2160283327102661
0.8362573385238647
0.4391203820705414
0.12660138309001923
0.6994544267654419
0.5418883562088013
0.746659517288208
0.06895395368337631
0.3811338543891907
0.3500935435295105
0.6418941617012024
0.13624410331249237
0.27464646100997925
0.5768176317214966
0.6189221143722534
0.2789134979248047
0.2980155050754547
0.8681304454803467
0.9257521033287048
0.6154409050941467
0.4753478169441223
0.6961531043052673
0.4846484065055847
0.37898826599121094
0.24438734352588654
0.2839462459087372
0.942160964012146
0.16678044199943542
0.8493918776512146
0.8809202313423157
0.5626404881477356
0.8359585404396057
0.8715689182281494
0.6904220581054688
0.45865488052368164
0.10071608424186707
0.33145684003829956
0.9218257665634155
0.10714185982942581
0.9180300235748291
0.807458221912384
0.7172674536705017
0.3032171130180359
0.188594251871109
0.9388000965118408
0.11457644402980804
0.8192501664161682
0.9174716472625732
0.2692772448062897
0.9200258255004883
0.0026582302525639534
0.3511861264705658
0.17215290665626526
0.2551027834415436
0.7930417060852051
0.061842795461416245
0.5155259966850281
0.9272182583808899
0.45961958169937134
0.6211865544319153
0.9339029788970947
0.6002494692802429
0.36931169033050537
0.4595208764076233
0.753361165523529
0.9061170816421509
0.1812523454427719
0.3630571663379669
0.5947336554527283
0.5046729445457458
0.2810373902320862
0.49603819847106934
0.8479781150817871
0.3414466977119446
0.6344704031944275
0.14867861568927765
0.4423891603946686
0.969704806804657
0.12215123325586319
0.6312618851661682
0.8805631399154663
0.9562771320343018
0.374022513628006
0.21442486345767975
0.6186550855636597
0.889296293258667
0.9251055717468262
0.13975484669208527
0.9696367383003235
0.49807313084602356
0.5300499796867371
0.7322509288787842
0.19858773052692413
0.7448270916938782
0.47557130455970764
0.033535804599523544
0.08251944184303284
0.5247321724891663
0.6435285806655884
0.8381226062774658
0.8287302851676941
0.8819239735603333
0.060275353491306305
0.8154075145721436
0.40829533338546753
0.5793945789337158
0.6496780514717102
0.30352547764778137
0.8470758199691772
0.6826778054237366
0.9760865569114685
0.9016052484512329
0.031143026426434517
0.38025033473968506
0.39379167556762695
0.6273442506790161
0.23171284794807434
0.08364371210336685
0.3431333899497986
0.17981915175914764
0.40755966305732727
0.7054224014282227
0.5653212070465088
0.37089839577674866
0.6965781450271606
0.2976333796977997
0.7976515889167786
0.05077870562672615
0.7369924187660217
0.07341072708368301
0.42828065156936646
0.5542840957641602
0.9470881223678589
0.17320147156715393
0.7083762884140015
0.3500027656555176
0.17018873989582062
0.38668233156204224
0.6713959574699402
0.4854031205177307
0.7468976378440857
0.67885422706604
0.23285411298274994
0.7527111172676086
0.7679596543312073
0.48152291774749756
0.04871949180960655
0.8008623719215393
0.6519209742546082
0.040009502321481705
0.8356467485427856
0.7835026979446411
0.85345059633255
0.47586601972579956
0.4192957282066345
0.03222079575061798
0.4229641854763031
0.4994467794895172
0.3391748070716858
0.9233191609382629
0.06360069662332535
0.43767237663269043
0.8667315244674683
0.5764933228492737
0.8793634176254272
0.7028590440750122
0.1515270471572876
0.12450064718723297
0.9859105348587036
0.07832781225442886
0.5902007222175598
0.5445815920829773
0.4382839798927307
0.4100504219532013
0.0838790163397789
0.5009962916374207
0.08501279354095459
0.23077985644340515
0.40298566222190857
0.48030370473861694
0.9877318739891052
0.19484806060791016
0.5166934132575989
0.33574607968330383
0.6636570692062378
0.69593346118927
0.7456518411636353
0.5852612257003784
0.19749267399311066
0.9040484428405762
0.24756330251693726
0.00828910619020462
0.11411617696285248
0.4920744001865387
0.8816748261451721
0.025220131501555443
0.5278221368789673
0.16430456936359406
0.3843768239021301
0.9991984367370605
0.8495081663131714
0.7188161015510559
0.27124500274658203
0.47860875725746155
0.03249432146549225
0.6152210235595703
0.434207946062088
0.7646686434745789
0.6352388262748718
0.4705786406993866
0.19959594309329987
0.9052391648292542
0.16930729150772095
0.8941890001296997
0.3140714466571808
0.6792938709259033
0.2541462481021881
0.6711733937263489
0.5782633423805237
0.21059058606624603
0.6500669717788696
0.4374406635761261
0.3831177353858948
0.8023009300231934
0.23836922645568848
0.8233727216720581
0.21050553023815155
0.2619165778160095
0.9549652338027954
0.6643179059028625
0.9522202014923096
0.1213013231754303
0.5882124304771423
0.5983169078826904
0.5627118349075317
0.35476359724998474
0.25440919399261475
0.9025768041610718
0.9034424424171448
0.6098196506500244
0.4357838034629822
0.783502459526062
0.6038301587104797
0.29632729291915894
0.5735284090042114
0.24254699051380157
0.42796844244003296
0.06606344133615494
0.6135361194610596
0.0022551792208105326
0.9675180912017822
0.25810351967811584
0.8347231149673462
0.4868616759777069
0.6572531461715698
0.4796830713748932
0.37791207432746887
0.7123250365257263
0.6867884993553162
0.45374515652656555
0.5964939594268799
0.7778011560440063
0.9195753931999207
0.9804561138153076
0.967025101184845
0.9701135754585266
0.1710468977689743
0.20233400166034698
0.9228161573410034
0.9701278209686279
0.0023718448355793953
0.18599601089954376
0.29180607199668884
0.03850964456796646
0.6684113144874573
0.5859811902046204
0.9554374814033508
0.21461521089076996
0.7127743363380432
0.460174560546875
0.20725542306900024
0.41223955154418945
0.14119403064250946
0.2278819978237152
0.237386092543602
0.28044816851615906
0.2836138606071472
0.7155179977416992
0.15873870253562927
0.6771387457847595
0.6875799298286438
0.9774852991104126
0.6292930841445923
0.4942207634449005
0.46655964851379395
0.7267678380012512
0.8263862729072571
0.7587773203849792
0.8549405932426453
0.9060758352279663
0.685962975025177
0.55417799949646
0.26515236496925354
0.4642668068408966
0.9621421098709106
0.7369716167449951
0.7629104256629944
0.6723681092262268
0.8917630910873413
0.544282853603363
0.39661920070648193
0.1411069631576538
0.747062087059021
0.8139243125915527
0.41348400712013245
0.17424404621124268
0.8760340213775635
0.8958089351654053
0.48271334171295166
0.8634315729141235
0.3798052668571472
0.8716443777084351
0.23849599063396454
0.033436890691518784
0.7281055450439453
0.49065101146698
0.6041613221168518
0.7170838713645935
0.6248467564582825
0.7020832300186157
0.6380059123039246
0.6954771876335144
0.4593425989151001
0.22877663373947144
0.1559077799320221
0.24590037763118744
0.4394323229789734
0.5479986071586609
0.9008064866065979
0.29778310656547546
0.2736334204673767
0.44218459725379944
0.29807958006858826
0.2394983023405075
0.9468787312507629
0.9337210059165955
0.5088018774986267
0.4353746473789215
0.5891236662864685
0.9936605095863342
0.08729694038629532
0.9403629899024963
0.21570688486099243
0.960594117641449
0.24718911945819855
0.6837357878684998
0.02482200600206852
0.18162427842617035
0.8990929126739502
0.31014928221702576
0.507188081741333
0.04741215705871582
0.1973031461238861
0.2535703182220459
0.03937157243490219
0.7134719491004944
0.7365556359291077
0.12147482484579086
0.2634209394454956
0.4648936986923218
0.5174466371536255
0.5221264362335205
0.7682042121887207
0.8343313336372375
0.5217586159706116
0.5526406168937683
0.4199356138706207
0.49368005990982056
0.8337966799736023
0.5365784764289856
0.9035009741783142
0.029734298586845398
0.05179816856980324
0.7679163217544556
0.9874541759490967
0.03706802427768707
0.656067430973053
0.09287402778863907
0.19987869262695312
0.14935536682605743
0.7459211945533752
0.06150543689727783
0.35031962394714355
0.2695881128311157
0.9261893033981323
0.5944075584411621
0.9450908899307251
0.5087330341339111
0.08620922267436981
0.07461302727460861
0.926929771900177
0.21035826206207275
0.19847215712070465
0.7869727611541748
0.055723968893289566
0.4142163395881653
0.2642446756362915
0.3056071996688843
0.7403056621551514
0.26755833625793457
0.8452173471450806
0.18887467682361603
0.23046427965164185
0.09881915152072906
0.044553425163030624
0.07066982239484787
0.029664883390069008
0.8727295398712158
0.057248834520578384
0.21612323820590973
0.8108273148536682
0.08542825281620026
0.9436678886413574
0.8194229006767273
0.09649688005447388
0.7234931588172913
0.7357388734817505
0.5452257394790649
0.3705371022224426
0.021876784041523933
0.7753026485443115
0.17281273007392883
0.1340043842792511
0.12393774092197418
0.25722604990005493
0.0910719707608223
0.9249486923217773
0.7387131452560425
0.09399902820587158
0.352834552526474
0.11512931436300278
0.7871852517127991
0.29234346747398376
0.19950100779533386
0.24985115230083466
0.8456065654754639
0.33183553814888
0.770530641078949
0.07505305111408234
0.8822020292282104
0.4867760241031647
0.43849706649780273
0.7805978059768677
0.9529147744178772
0.9979497790336609
0.04544062539935112
0.8196573257446289
0.9259400963783264
0.15356768667697906
0.39446812868118286
0.0704299807548523
0.13462752103805542
0.6248239278793335
0.46688249707221985
0.3501157760620117
0.5266522765159607
0.05028834939002991
0.8345929980278015
0.4914615750312805
0.7004895210266113
0.047883715480566025
0.9224172234535217
0.28592970967292786
0.18247725069522858
0.9772385954856873
0.27194100618362427
0.5841233730316162
0.37103429436683655
0.8049889802932739
0.9023973941802979
0.8908665180206299
0.16069886088371277
0.9046407341957092
0.186338871717453
0.8523684144020081
0.6389161348342896
0.4358910918235779
0.37748071551322937
0.09348791837692261
0.7681166529655457
0.41228124499320984
0.3590370714664459
0.3104517161846161
0.5863260626792908
0.8342466950416565
0.13207782804965973
0.03598929941654205
0.3800640106201172
0.8999029994010925
0.36341169476509094
0.2868230640888214
0.008169613778591156
0.32901880145072937
0.8766201734542847
0.5232672095298767
0.6455180644989014
0.02639814279973507
0.9176648259162903
0.22632363438606262
0.18890470266342163
0.4343164265155792
0.7705236077308655
0.5556626319885254
0.15327802300453186
0.8561318516731262
0.45820045471191406
0.8895738124847412
0.48749929666519165
0.11906411498785019
0.4964076280593872
0.9864972233772278
0.7717326283454895
0.2370075285434723
0.4406565725803375
0.8398773670196533
0.8763471841812134
0.5265834927558899
0.6652089953422546
0.7612177133560181
0.042052317410707474
0.6227059960365295
0.9386610984802246
0.6307875514030457
0.14411424100399017
0.7085188627243042
0.014808028936386108
0.36100852489471436
0.3017157018184662
0.6789869666099548
0.00016743093146942556
0.8647457957267761
0.2641391456127167
0.7773561477661133
0.4862785339355469
0.18445536494255066
0.48272523283958435
0.575007975101471
0.9606173038482666
0.07289543747901917
0.9344133734703064
0.6581230163574219
0.8124387264251709
0.5735599994659424
0.6688548922538757
0.5915723443031311
0.8509143590927124
0.964604914188385
0.7981880903244019
0.9384164810180664
0.033012326806783676
0.5601538419723511
0.803866446018219
0.4330050051212311
0.6430040001869202
0.3015550673007965
0.5016852617263794
0.8496267795562744
0.9427235126495361
0.2574111223220825
0.46628373861312866
0.6632148027420044
0.9926481246948242
0.45376819372177124
0.2815225422382355
0.07458671182394028
0.479442834854126
0.5705938935279846
0.2937028110027313
0.1810612827539444
0.7959691882133484
0.9579764604568481
0.6247951984405518
0.3625433146953583
0.9552620053291321
0.19512395560741425
0.8051013350486755
0.6620714068412781
0.768510639667511
0.4711465537548065
0.06518280506134033
0.008640017360448837
0.5294036865234375
0.1969553381204605
0.32207390666007996
0.3972850441932678
0.06866965442895889
0.13149528205394745
0.11177721619606018
0.12134364247322083
0.6696984767913818
0.5968091487884521
0.892069399356842
0.9520750045776367
0.8378812670707703
0.7394554018974304
0.5837772488594055
0.6343485116958618
0.8422576785087585
0.0311480313539505
0.4995184540748596
0.7820243239402771
0.7245494723320007
0.14174312353134155
0.6561126708984375
0.06549414992332458
0.1046735942363739
0.2907305955886841
0.7391980290412903
0.6170781254768372
0.7720058560371399
0.23199398815631866
0.9399496912956238
0.8245404362678528
0.3290802836418152
0.030121995136141777
0.7412520051002502
0.6690850257873535
0.3706361949443817
0.2817976772785187
0.8765015602111816
0.81202632188797
0.5520890951156616
0.5611047744750977
0.2391597330570221
0.20096533000469208
0.3980790674686432
0.3476350009441376
0.2588568925857544
0.7003504633903503
0.4963364005088806
0.7924250364303589
0.3092031180858612
0.29149213433265686
0.0404682420194149
0.6559591889381409
0.9609752893447876
0.1230287253856659
0.5688082575798035
0.6510202884674072
0.7603296637535095
0.8464721441268921
0.814598798751831
0.825806736946106
0.6898127198219299
0.20648546516895294
0.13476675748825073
0.7595112919807434
0.3598681092262268
0.6477943062782288
0.23079095780849457
0.4508248567581177
0.019254805520176888
0.8612138032913208
0.11605266481637955
0.26841235160827637
0.32260745763778687
0.3767809271812439
0.4201391339302063
0.15058909356594086
0.875806450843811
0.6529028415679932
0.19089752435684204
0.6062067747116089
0.2526668310165405
0.5233670473098755
0.49224066734313965
0.6386101245880127
0.6881463527679443
0.31716686487197876
0.7373128533363342
0.7267650365829468
0.45489567518234253
0.9906343221664429
0.8375648856163025
0.7620509266853333
0.8621572852134705
0.2343701273202896
0.3339826166629791
0.0671793520450592
0.08339409530162811
0.5046091079711914
0.9691872000694275
0.14743900299072266
0.552490234375
0.1251063346862793
0.6484736800193787
0.7520542144775391
0.18825112283229828
0.13118647038936615
0.40298667550086975
0.15073318779468536
0.8431377410888672
0.7017795443534851
0.4647255837917328
0.1927073448896408
0.30131205916404724
0.5635467171669006
0.8266119956970215
0.5169115662574768
0.7518347501754761
0.2852048873901367
0.7295581698417664
0.5962003469467163
0.25839000940322876
0.6849915385246277
0.12578924000263214
0.9796844720840454
0.2951192557811737
0.8277844786643982
0.9054170846939087
0.6268812417984009
0.5665390491485596
0.5955829620361328
0.18743716180324554
0.09746788442134857
0.7023884057998657
0.9942630529403687
0.6747037768363953
0.35930904746055603
0.5556517839431763
0.37629687786102295
0.7955149412155151
0.9783609509468079
0.14717164635658264
0.10364798456430435
0.4839898347854614
0.7781285643577576
0.5772282481193542
0.06074965372681618
0.592451274394989
0.21747934818267822
0.8532736301422119
0.7220611572265625
0.723057746887207
0.1632443070411682
0.9854494333267212
0.3533284366130829
0.3253844380378723
0.7800179719924927
0.3534581959247589
0.9615848660469055
0.9821816086769104
0.7257797122001648
0.4621221721172333
0.07166754454374313
0.30833500623703003
0.9135506749153137
0.33521759510040283
0.03059406951069832
0.4998854994773865
0.3784635066986084
0.13234296441078186
0.9226271510124207
0.6645593047142029
0.031914886087179184
0.11939369142055511
0.32675695419311523
0.5161946415901184
0.23960356414318085
0.33699750900268555
0.28223273158073425
0.5470343232154846
0.366868257522583
0.9506118297576904
0.17263685166835785
0.16586452722549438
0.7510521411895752
0.12052205204963684
0.6809564828872681
0.12538264691829681
0.3488406836986542
0.3543592393398285
0.11864765733480453
0.22811144590377808
0.8451393842697144
0.021258490160107613
0.3303653299808502
0.17589867115020752
0.731224536895752
0.2966054081916809
0.9123774766921997
0.2661145329475403
0.973344624042511
0.13691502809524536
0.46321892738342285
0.6312985420227051
0.3898862302303314
0.033145930618047714
0.654002845287323
0.7813968658447266
0.04807036742568016
0.04705538600683212
0.918839693069458
0.6683101058006287
0.8622115850448608
0.026227133348584175
0.07760648429393768
0.33447736501693726
0.8397206664085388
0.7431031465530396
0.6754601001739502
0.1368071287870407
0.04514739662408829
0.5407158732414246
0.9718491435050964
0.31463220715522766
0.09225722402334213
0.8595854640007019
0.05361145734786987
0.18020103871822357
0.7138131856918335
0.8208988904953003
0.47528040409088135
0.9236734509468079
0.7693784236907959
0.7080060839653015
0.40179136395454407
0.6470333337783813
0.7118839621543884
0.7129717469215393
0.36635103821754456
0.28603634238243103
0.10016187280416489
0.3761034309864044
0.9759317636489868
0.5527777671813965
0.17394495010375977
0.15475715696811676
0.9486530423164368
0.436744749546051
0.9424511194229126
0.10923022776842117
0.02400335483253002
0.7188042998313904
0.5604388117790222
0.19328904151916504
0.09147190302610397
0.1400628387928009
0.3406570255756378
0.40792691707611084
0.385449081659317
0.24228496849536896
0.8071596026420593
0.5497011542320251
0.7487810850143433
0.5500894784927368
0.334086149930954
0.49930813908576965
0.3655499517917633
0.04437985271215439
0.9876018762588501
0.041005413979291916
0.26489824056625366
0.8354613780975342
0.6355326175689697
0.4995500445365906
0.9379011988639832
0.27285298705101013
0.8459004759788513
0.6840724349021912
0.11221247911453247
0.06934300810098648
0.3710712492465973
0.4577953517436981
0.0012471886584535241
0.8354516625404358
0.49925824999809265
0.9716382622718811
0.9080885052680969
0.20526444911956787
0.5866600275039673
0.6824560761451721
0.6386650204658508
0.5094717741012573
0.9327894449234009
0.025922857224941254
0.24832293391227722
0.2962547242641449
0.11370224505662918
0.3562804162502289
0.30900877714157104
0.7437083125114441
0.7270959615707397
0.47482097148895264
0.679451584815979
0.6515071988105774
0.5045671463012695
0.5973655581474304
0.6458404660224915
0.2859337031841278
0.007175954058766365
0.7139042019844055
0.16394922137260437
0.16475194692611694
0.038258232176303864
0.5469949841499329
0.4810625910758972
0.7634581327438354
0.7702875137329102
0.9698688387870789
0.9303075671195984
0.8775716423988342
0.6502281427383423
0.19744451344013214
0.9352684020996094
0.12014739215373993
0.28876763582229614
0.3362964391708374
0.0331665463745594
0.8075435757637024
0.32423970103263855
0.006427639629691839
0.9614909887313843
0.05688188597559929
0.00661805085837841
0.6177462935447693
0.8683416247367859
0.873220682144165
0.3334563970565796
0.7934779524803162
0.32309019565582275
0.744493305683136
0.4135341942310333
0.06663349270820618
0.7514541149139404
0.7501081824302673
0.297767698764801
0.5700737833976746
0.6219260692596436
0.23187784850597382
0.8371549248695374
0.0662742406129837
0.35765519738197327
0.7105790376663208
0.13463222980499268
0.5283200144767761
0.7346209287643433
0.8320224285125732
0.7819671630859375
0.36672404408454895
0.14933598041534424
0.3584904074668884
0.4374508857727051
0.45864632725715637
0.7668127417564392
0.45304074883461
0.46014636754989624
0.4867537021636963
0.05021639168262482
0.39108121395111084
0.5457624197006226
0.5968631505966187
0.0012806991580873728
0.32892370223999023
0.27558621764183044
0.13865599036216736
0.17815403640270233
0.7176241874694824
0.41614267230033875
0.8914475440979004
0.9075943827629089
0.7119884490966797
0.2725451588630676
0.051334183663129807
0.955042839050293
0.8953113555908203
0.22351321578025818
0.2537614107131958
0.7574710249900818
0.07746144384145737
0.28836125135421753
0.26331040263175964
0.6831902265548706
0.6862093806266785
0.6645005941390991
0.17254377901554108
0.8471699357032776
0.7404602766036987
0.0035352965351194143
0.4504263997077942
0.7091706991195679
0.7743911743164062
0.2879441976547241
0.4163573682308197
0.5307700634002686
0.41515910625457764
0.4746819734573364
0.42019128799438477
0.37423866987228394
0.2568431496620178
0.24087007343769073
0.9126775860786438
0.5922544002532959
0.6111394762992859
0.170058012008667
0.5849180221557617
0.1817019283771515
0.6972721219062805
0.6157820820808411
0.9927952289581299
0.11886713653802872
0.8960676789283752
0.7347751259803772
0.04447135329246521
0.3746419847011566
0.12394749373197556
0.7906764149665833
0.32162925601005554
0.7137137651443481
0.9008882641792297
0.968980610370636
0.8668233156204224
0.20748066902160645
0.8430175185203552
0.17540714144706726
0.20268671214580536
0.2462293803691864
0.4871286451816559
0.43621236085891724
0.08109251409769058
0.22359910607337952
0.7078574895858765
0.38574662804603577
0.13914074003696442
0.9591169357299805
0.4930841326713562
0.3411500155925751
0.47930431365966797
0.40668466687202454
0.39602023363113403
0.35504502058029175
0.7709757685661316
0.4689501225948334
0.6760205626487732
0.9022868275642395
0.8088207244873047
0.3626179099082947
0.652152419090271
0.0033711865544319153
0.5702742338180542
0.4747762978076935
0.4777986705303192
0.29991310834884644
0.2718244791030884
0.8060422539710999
0.21121832728385925
0.18208380043506622
0.26739150285720825
0.8269512057304382
0.9520256519317627
0.671377420425415
0.4731835424900055
0.04842761158943176
0.7510882019996643
0.9783931970596313
0.07256512343883514
0.1325603723526001
0.39493414759635925
0.1086861789226532
0.9212554097175598
0.055790241807699203
0.482889324426651
0.1419605016708374
0.1150939017534256
0.7890660762786865
0.2423361986875534
0.014058276079595089
0.8916188478469849
0.5100288391113281
0.1491950899362564
0.17670880258083344
0.5670005083084106
0.07044569402933121
0.14010147750377655
0.7497463226318359
0.11401616781949997
0.5598969459533691
0.8519591689109802
0.34380367398262024
0.5771318078041077
0.741100549697876
0.3526059687137604
0.20404092967510223
0.30173569917678833
0.04837990552186966
0.5113487243652344
0.9135040640830994
0.607665479183197
0.794778048992157
0.49412888288497925
0.7894992828369141
0.3759061098098755
0.5072784423828125
0.3666751980781555
0.13810469210147858
0.6246049404144287
0.324937641620636
0.23237693309783936
0.45232531428337097
0.10582700371742249
0.5020787715911865
0.7248994708061218
0.02124798856675625
0.8544090986251831
0.23266065120697021
0.12265442311763763
0.2605707049369812
0.5040437579154968
0.26352885365486145
0.2869419753551483
0.42684903740882874
0.020797686651349068
0.9737515449523926
0.32779040932655334
0.5947425365447998
0.7930347919464111
0.796288788318634
0.3006574511528015
0.2761732041835785
0.39966773986816406
0.2671627700328827
0.6540424823760986
0.9856252670288086
0.9628226161003113
0.526351809501648
0.5100991129875183
0.5282763838768005
0.8576123118400574
0.4956628084182739
0.19152162969112396
0.5675088763237
0.8463824391365051
0.31075772643089294
0.8939712643623352
0.8169729709625244
0.01693768799304962
0.26746639609336853
0.3275943696498871
0.4507579803466797
0.5834619998931885
0.2963554263114929
0.8358690738677979
0.4461749196052551
0.26241305470466614
0.3961440324783325
0.03763962909579277
0.842296302318573
0.4988822042942047
0.3630400002002716
0.4863865077495575
0.16994281113147736
0.584114134311676
0.2960628867149353
0.27598005533218384
0.9102656841278076
0.6079418063163757
0.2284308820962906
0.6972239017486572
0.892988920211792
0.615304172039032
0.5602020025253296
0.01629306748509407
0.17927703261375427
0.10355914384126663
0.7887475490570068
0.20365342497825623
0.03273617476224899
0.589741051197052
0.10018782317638397
0.8371766209602356
0.02974536642432213
0.09745117276906967
0.20673589408397675
0.45418310165405273
0.0840248391032219
0.6181458234786987
0.40527790784835815
0.23558516800403595
0.8514474630355835
0.4065544009208679
0.5326854586601257
0.06544096767902374
0.3037870228290558
0.9040793180465698
0.8375873565673828
0.1223830059170723
0.3779028654098511
0.14725714921951294
0.760013222694397
0.5740401148796082
0.7303747534751892
0.5310978293418884
0.3662049472332001
0.8759432435035706
0.7192147970199585
0.8894283771514893
0.005372175481170416
0.4349849224090576
0.1886211782693863
0.6116905212402344
0.210927352309227
0.9518742561340332
0.20063699781894684
0.05232207477092743
0.5589116215705872
0.6276980042457581
0.14747291803359985
0.04545887932181358
0.4845985472202301
0.047409214079380035
0.37714025378227234
0.19076386094093323
0.39018353819847107
0.879023551940918
0.9081896543502808
0.27595627307891846
0.4818119704723358
0.8834334015846252
0.9102486968040466
0.7130776643753052
0.5140544176101685
0.9359570741653442
0.12047328799962997
0.730819582939148
0.9276995658874512
0.16063758730888367
0.9521611332893372
0.7691209316253662
0.21685262024402618
0.05619291961193085
0.5494199395179749
0.6000469923019409
0.9431458115577698
0.3246653079986572
0.42558568716049194
0.6067892909049988
0.9635380506515503
0.5614023208618164
0.8672569394111633
0.7731637954711914
0.19794407486915588
0.7933694124221802
0.8525007367134094
0.45284250378608704
0.8459618091583252
0.14402520656585693
0.5819171071052551
0.09558608382940292
0.9085139632225037
0.2831273376941681
0.827766478061676
0.643720805644989
0.3263169825077057
0.23954632878303528
0.8332698345184326
0.4804624021053314
0.22354291379451752
0.01604425720870495
0.7015745639801025
0.9020192623138428
0.1393814980983734
0.69118732213974
0.8356956243515015
0.3683314621448517
0.5461800694465637
0.9604150652885437
0.16519759595394135
0.8567925095558167
0.39186111092567444
0.678457498550415
0.8583168387413025
0.1530100554227829
0.7931269407272339
0.0376005582511425
0.33028775453567505
0.32299304008483887
0.6138156056404114
0.03510487824678421
0.22528786957263947
0.6477712392807007
0.03338349610567093
0.9832555651664734
0.05544070154428482
0.17157267034053802
0.9033364653587341
0.06826599687337875
0.36908647418022156
0.6463645100593567
0.49641621112823486
0.15614305436611176
0.4012314975261688
0.1275358945131302
0.1500040888786316
0.38812389969825745
0.18222874402999878
0.6671864986419678
0.7566955089569092
0.03197164461016655
0.9538939595222473
0.888717770576477
0.9002013206481934
0.2878507375717163
0.4049842059612274
0.547849714756012
0.019332779571413994
0.5793188810348511
0.06997080892324448
0.7534107565879822
0.20959864556789398
0.5303650498390198
0.7378616333007812
0.6718395352363586
0.6340215802192688
0.7381690740585327
0.6049153804779053
0.6016969680786133
0.545081615447998
0.6625908613204956
0.3240395784378052
0.40041133761405945
0.3679302930831909
0.161369189620018
0.0064090946689248085
0.20369039475917816
0.6819309592247009
0.5747977495193481
0.06766471266746521
0.9705103039741516
0.19010229408740997
0.11855848133563995
0.3050869107246399
0.8616259694099426
0.8071662783622742
0.5158096551895142
0.39293643832206726
0.46465378999710083
0.6494432687759399
0.062131114304065704
0.009471985511481762
0.48688241839408875
0.7792319059371948
0.7537574172019958
0.9931600689888
0.7964004278182983
0.6694446206092834
0.48553666472435
0.013185529969632626
0.9042861461639404
0.5005501508712769
0.5715088248252869
0.45887747406959534
0.9780696630477905
0.7037351727485657
0.9545543789863586
0.2766560912132263
0.6019842028617859
0.8326430320739746
0.004462671000510454
0.3772214651107788
0.1272979974746704
0.011290010064840317
0.9061286449432373
0.24694980680942535
0.08504365384578705
0.06288950145244598
0.6521929502487183
0.9150247573852539
0.2445644736289978
0.5662816762924194
0.36358752846717834
0.5015748143196106
0.0245323795825243
0.8254401683807373
0.10677759349346161
0.11758223921060562
0.673153281211853
0.57029789686203
0.9177922010421753
0.45243921875953674
0.25128841400146484
0.16237396001815796
0.09208232164382935
0.5320979356765747
0.44870004057884216
0.5439269542694092
0.1981012523174286
0.12149590253829956
0.4352138042449951
0.4442816972732544
0.4582837224006653
0.6043601036071777
0.27371054887771606
0.05108596757054329
0.8750669956207275
0.5065797567367554
0.36217203736305237
0.11858047544956207
0.027871347963809967
0.9976782202720642
0.8177620768547058
0.11139782518148422
0.48257797956466675
0.8065302968025208
0.6332286596298218
0.550935685634613
0.48663243651390076
0.16256970167160034
0.25486063957214355
0.2516036927700043
0.047304343432188034
0.3820306956768036
0.19390034675598145
0.5421644449234009
0.2051934003829956
0.6494100689888
0.2471713274717331
0.2515670657157898
0.8353704214096069
0.9165134429931641
0.563304603099823
0.6376659274101257
0.8934240937232971
0.245685413479805
0.459317147731781
0.6207742691040039
0.630033552646637
0.5750736594200134
0.9767848253250122
0.8660945296287537
0.8727336525917053
0.41492846608161926
0.9198465943336487
0.129200741648674
0.5213984847068787
0.9828879237174988
0.4397062659263611
0.6065632104873657
0.25002312660217285
0.057444263249635696
0.8626288175582886
0.8939018249511719
0.14184102416038513
0.8715395927429199
0.33194097876548767
0.509391725063324
0.6475921273231506
0.23664490878582
0.812134325504303
0.6711937785148621
0.9427544474601746
0.7910404205322266
0.7655986547470093
0.7079776525497437
0.2148376852273941
0.4922958016395569
0.960929274559021
0.07674950361251831
0.5322524309158325
0.7194914221763611
0.5295865535736084
0.5413206815719604
0.4132908284664154
0.42552608251571655
0.9382346272468567
0.5126665830612183
0.2973189353942871
0.5193811058998108
0.4188332259654999
0.0033769463188946247
0.4258407950401306
0.16527090966701508
0.07188539206981659
0.8664135336875916
0.7483265995979309
0.49504539370536804
0.6659818887710571
0.24493053555488586
0.23047834634780884
0.993448793888092
0.36445191502571106
0.33783408999443054
0.05709507316350937
0.8053724765777588
0.21270808577537537
0.311077743768692
0.35260388255119324
0.997434675693512
0.3289436399936676
0.7850309014320374
0.18114349246025085
0.5087935328483582
0.4944179058074951
0.2718961834907532
0.9132116436958313
0.7646516561508179
0.6212751865386963
0.5478290915489197
0.06520647555589676
0.950025200843811
0.40840497612953186
0.5454683303833008
0.5516950488090515
0.720381498336792
0.7032219767570496
0.3341767191886902
0.35457295179367065
0.17960380017757416
0.4591931402683258
0.9876483082771301
0.6622568964958191
0.5160377025604248
0.6365140676498413
0.09408538043498993
0.1124037504196167
0.2871752679347992
0.30871444940567017
0.7657910585403442
0.1786937713623047
0.5665846467018127
0.08286740630865097
0.9181829690933228
0.15295355021953583
0.5334234237670898
0.2868463695049286
0.734890878200531
0.19181743264198303
0.5772793889045715
0.75965416431427
0.33019647002220154
0.21399766206741333
0.6919626593589783
0.6722716093063354
0.8814255595207214
0.1473166048526764
0.43816474080085754
0.9340912699699402
0.2691894471645355
0.17489737272262573
0.20757131278514862
0.9318810701370239
0.9547264575958252
0.8246496319770813
0.6616535782814026
0.16737283766269684
0.3022615313529968
0.12779831886291504
0.9298703074455261
0.9134184122085571
0.9684321284294128
0.1362578272819519
0.7972550988197327
0.5218067169189453
0.44923514127731323
0.6006364226341248
0.6332288384437561
0.7519949674606323
0.8920617699623108
0.8709907531738281
0.1473013311624527
0.5306890606880188
0.44736307859420776
0.9070063829421997
0.5107657313346863
0.6768196225166321
0.8362947106361389
0.9691241979598999
0.017153659835457802
0.0018792918417602777
0.4560947120189667
0.8543810844421387
0.9946334958076477
0.41090333461761475
0.44359534978866577
0.708376407623291
0.34154611825942993
0.9143555760383606
0.5912885665893555
0.666164755821228
0.6596924662590027
0.8929395079612732
0.632075309753418
0.01807704009115696
0.25407272577285767
0.305588036775589
0.9984343647956848
0.053448013961315155
0.09803701937198639
0.8218429684638977
0.21515651047229767
0.25125303864479065
0.4304993748664856
0.7136324644088745
0.6092163324356079
0.8803637027740479
0.4452114701271057
0.5196096301078796
0.9770412445068359
0.6391375064849854
0.22336852550506592
0.5974417328834534
0.16210713982582092
0.6036670804023743
0.7048668265342712
0.6017512679100037
0.4961167573928833
0.09936179220676422
0.758097767829895
0.6466577053070068
0.3067234754562378
0.43766140937805176
0.010066693648695946
0.9127517342567444
0.5297413468360901
0.46350476145744324
0.048716697841882706
0.38098466396331787
0.1857694387435913
0.12784652411937714
0.34585222601890564
0.10215804725885391
0.7711768746376038
0.47120413184165955
0.427571564912796
0.5071676969528198
0.8177546262741089
0.7270378470420837
0.8358483910560608
0.07005676627159119
0.19889076054096222
0.574691116809845
0.12321271002292633
0.15274648368358612
0.5268592238426208
0.250397264957428
0.277654767036438
0.61509108543396
0.9337382912635803
0.6163073182106018
0.2014634609222412
0.4549117386341095
0.7740614414215088
0.9814028143882751
0.9752386212348938
0.3691689372062683
0.125822052359581
0.26615670323371887
0.8434125781059265
0.004811071325093508
0.2286006212234497
0.2725905179977417
0.7796304821968079
0.6241031289100647
0.7366346716880798
0.6831351518630981
0.9560149908065796
0.8403812646865845
0.7440961003303528
0.9157577753067017
0.3980981409549713
0.6661822199821472
0.4057914912700653
0.47029557824134827
0.676200807094574
0.11484804004430771
0.6854966878890991
0.8152571320533752
0.2657299339771271
0.003298261435702443
0.7588428854942322
0.8431334495544434
0.935545802116394
0.9789040088653564
0.7169156074523926
0.8514691591262817
0.11585238575935364
0.7000620365142822
0.5164633989334106
0.3880462646484375
0.6738914251327515
0.5681836009025574
0.23523244261741638
0.2100074142217636
0.7434014081954956
0.7543393969535828
0.4752846360206604
0.6430187821388245
0.27786949276924133
0.9798757433891296
0.49222978949546814
0.6946472525596619
0.6925450563430786
0.2598251700401306
0.40487706661224365
0.2650604844093323
0.9856382608413696
0.3851616382598877
0.4819459021091461
0.3652602434158325
0.5323596596717834
0.15146636962890625
0.024153951555490494
0.5669942498207092
0.05697856843471527
0.18416696786880493
0.9313974976539612
0.7330261468887329
0.5105770826339722
0.7875605821609497
0.5421403646469116
0.5033953189849854
0.5780166387557983
0.8615962862968445
0.08589335530996323
0.2070452719926834
0.19465208053588867
0.7396111488342285
0.9717609882354736
0.32630252838134766
0.04798246547579765
0.42502549290657043
0.1857290267944336
0.9018489122390747
0.3220300078392029
0.3704148232936859
0.5741254091262817
0.9435348510742188
0.26689618825912476
0.5794686675071716
0.6384390592575073
0.16928552091121674
0.6970404982566833
0.5334374308586121
0.3303830623626709
0.9952348470687866
0.19032073020935059
0.028719164431095123
0.09913349151611328
0.13884876668453217
0.889308512210846
0.580159068107605
0.840421736240387
0.5149799585342407
0.6350626349449158
0.6886897087097168
0.9853437542915344
0.7637292146682739
0.6989389657974243
0.7383959293365479
0.1642584502696991
0.05513580143451691
0.19973085820674896
0.1685628592967987
0.4543216824531555
0.6022849082946777
0.5925898551940918
0.3322533071041107
0.5829496383666992
0.5520201325416565
0.3554307222366333
0.43955764174461365
0.5125523209571838
0.6207974553108215
0.9065071940422058
0.5232268571853638
0.0815056711435318
0.8169698119163513
0.40150755643844604
0.10656231641769409
0.25334611535072327
0.5774471163749695
0.328634649515152
0.16323305666446686
0.1408749669790268
0.2493436485528946
0.7743020057678223
0.6165006756782532
0.7860593199729919
0.6417709589004517
0.21930581331253052
0.3771187961101532
0.6411148905754089
0.0839889720082283
0.05276097357273102
0.5711194276809692
0.1666124165058136
0.19423893094062805
0.07687355577945709
0.33434534072875977
0.5869545340538025
0.044071096926927567
0.6779863238334656
0.1678466498851776
0.4824235737323761
0.3679887652397156
0.772607147693634
0.6629287600517273
0.3878791630268097
0.8883700966835022
0.3208481967449188
0.6804222464561462
0.30689388513565063
0.5651071667671204
0.8930373787879944
0.6197723746299744
0.7734242081642151
0.4430847764015198
0.17558643221855164
0.18629294633865356
0.7355817556381226
0.587459921836853
0.14023761451244354
0.8549231290817261
0.5634972453117371
0.3412558436393738
0.5018044710159302
0.9069719910621643
0.9447444081306458
0.3825199007987976
0.6225919723510742
0.6360970139503479
0.6132204532623291
0.40135353803634644
0.6932872533798218
0.4974227845668793
0.754944384098053
0.7761422395706177
0.2903909385204315
0.5988186001777649
0.1581133008003235
0.369037002325058
0.024254249408841133
0.10418673604726791
0.3756120204925537
0.7978304028511047
0.7736333012580872
0.5557984113693237
0.8527227640151978
0.38456201553344727
0.237550750374794
0.2762233018875122
0.034147948026657104
0.9566652178764343
0.7451109290122986
0.2132611870765686
0.11398985236883163
0.7848750948905945
0.001166431698948145
0.7855865955352783
0.8897930979728699
0.4729568064212799
0.6488489508628845
0.6556181907653809
0.3086383044719696
0.8117003440856934
0.010539902374148369
0.5803473591804504
0.6073396801948547
0.1929444968700409
0.8064571022987366
0.8925662636756897
0.7122300863265991
0.6732339859008789
0.8731117844581604
0.8482694625854492
0.7377217411994934
0.8454886674880981
0.4290013909339905
0.19163431227207184
0.00893493089824915
0.9417122006416321
0.6567590832710266
0.4074346721172333
0.08162521570920944
0.3967580795288086
0.9205493330955505
0.6693602800369263
0.7413647174835205
0.8333640694618225
0.5907861590385437
0.02964465133845806
0.8326797485351562
0.030556991696357727
0.013436535373330116
0.9616502523422241
0.4903847873210907
0.9496891498565674
0.4464370608329773
0.5234077572822571
0.5520342588424683
0.7306988835334778
0.0650494173169136
0.9421461820602417
0.38648831844329834
0.3224795162677765
0.7971315979957581
0.6263046860694885
0.6310634016990662
0.8074051737785339
0.7413273453712463
0.491481214761734
0.3398199677467346
0.2865995168685913
0.44387519359588623
0.7938539385795593
0.9934768080711365
0.1984378546476364
0.04189436510205269
0.739497184753418
0.4562932848930359
0.6170347929000854
0.4882929027080536
0.07346419990062714
0.9411600828170776
0.9933092594146729
0.2854557931423187
0.6198253631591797
0.7416000962257385
0.36062243580818176
0.6826183795928955
0.23786313831806183
0.0067787207663059235
0.014529774896800518
0.35922959446907043
0.6282910108566284
0.26725536584854126
0.3493855595588684
0.3679872155189514
0.767314076423645
0.6093940138816833
0.25139713287353516
0.29272061586380005
0.035786472260951996
0.3597554564476013
0.9319592118263245
0.907502293586731
0.7011677026748657
0.290397584438324
0.9941200017929077
0.4906296133995056
0.6365676522254944
0.028702735900878906
0.780103862285614
0.0321195162832737
0.8690968155860901
0.31563645601272583
0.625036358833313
0.09103967994451523
0.6732186675071716
0.5593736171722412
0.5170838236808777
0.8641647696495056
0.1305946260690689
0.7265874147415161
0.1392936408519745
0.9141072630882263
0.07552346587181091
0.3123333752155304
0.5270827412605286
0.5108653903007507
0.019652849063277245
0.6446310877799988
0.9197839498519897
0.7370850443840027
0.12192787230014801
0.5444096326828003
0.4506489932537079
0.5579507946968079
0.3477668762207031
0.8893052935600281
0.10074552893638611
0.7864007949829102
0.3065398335456848
0.017611023038625717
0.3900720775127411
0.43424344062805176
0.8952866792678833
0.19427968561649323
0.4768587052822113
0.9948846697807312
0.18126986920833588
0.709351122379303
0.23750320076942444
0.5064725875854492
0.1344483643770218
0.06455150991678238
0.6858633160591125
0.6934573650360107
0.7265174388885498
0.2842934727668762
0.7411137819290161
0.4915072023868561
0.662443995475769
0.5439110398292542
0.6249275803565979
0.455849289894104
0.25380733609199524
0.8765361309051514
0.5004493594169617
0.303363174200058
0.346436470746994
0.09935340285301208
0.353171706199646
0.346576452255249
0.22474519908428192
0.5360671877861023
0.9985873103141785
0.6517016291618347
0.45887288451194763
0.8868733048439026
0.33371132612228394
0.04872087761759758
0.21807695925235748
0.6032865643501282
0.6548260450363159
0.2806403636932373
0.6865742206573486
0.4555511474609375
0.33888041973114014
0.5361230373382568
0.15900616347789764
0.10374067723751068
0.4120965898036957
0.55097895860672
0.9417591691017151
0.4726063311100006
0.2039141207933426
0.05284256115555763
0.6582081317901611
0.5214770436286926
0.4229578375816345
0.812853991985321
0.25801676511764526
0.429313063621521
0.6043014526367188
0.7465569376945496
0.7399017810821533
0.0602010153234005
0.13063132762908936
0.023056525737047195
0.18985596299171448
0.3554537892341614
0.47245413064956665
0.9019263386726379
0.4142264127731323
0.323784202337265
0.8038550019264221
0.8577635884284973
0.5517627000808716
0.842841386795044
0.21883663535118103
0.03924058377742767
0.8529061079025269
0.6800228357315063
0.8279724717140198
0.20784828066825867
0.8559381365776062
0.8794922828674316
0.2528522312641144
0.8998055458068848
0.4151853024959564
0.16938218474388123
0.5773844718933105
0.9597399234771729
0.8999318480491638
0.5107548832893372
0.5224705338478088
0.42474472522735596
0.5520608425140381
0.688020646572113
0.8566113710403442
0.1836376041173935
0.6541048884391785
0.042714979499578476
0.1351330578327179
0.299906462430954
0.37629735469818115
0.6554475426673889
0.9055460691452026
0.3821527063846588
0.9749916791915894
0.06951645761728287
0.34316807985305786
0.8672670722007751
0.31786879897117615
0.3752036988735199
0.615797758102417
0.30833375453948975
0.011618699878454208
0.826729416847229
0.503044068813324
0.4671615958213806
0.8947295546531677
0.5512382388114929
0.6102026104927063
0.5974103212356567
0.532302737236023
0.7422848343849182
0.121556356549263
0.024009427055716515
0.48827946186065674
0.5282667279243469
0.757131040096283
0.9449090957641602
0.9887328743934631
0.6573164463043213
0.4566374719142914
0.4052187204360962
0.3079564869403839
0.678392231464386
0.35159844160079956
0.7208172678947449
0.7955300807952881
0.9485238790512085
0.9437779784202576
0.4937833249568939
0.12932243943214417
0.4697095453739166
0.43136125802993774
0.4444654881954193
0.08577907830476761
0.037263963371515274
0.6062314510345459
0.45283064246177673
0.673379123210907
0.13656674325466156
0.8338955640792847
0.930893063545227
0.613223671913147
0.4594450294971466
0.23420006036758423
0.6628734469413757
0.7614078521728516
0.6186428070068359
0.5980550646781921
0.8302469253540039
0.40717586874961853
0.9576467871665955
0.3228456676006317
0.7418899536132812
0.9487841725349426
0.8957102298736572
0.937119722366333
0.6580824255943298
0.09268098324537277
0.3116856515407562
0.6995774507522583
0.4628773033618927
0.8986490964889526
0.8825716376304626
0.7875205278396606
0.5514955520629883
0.979260265827179
0.22464631497859955
0.021475519984960556
0.42194947600364685
0.25763970613479614
0.03176924213767052
0.40325769782066345
0.07350939512252808
0.45205581188201904
0.6928761601448059
0.660007119178772
0.24627171456813812
0.3292892873287201
0.8761279582977295
0.764647364616394
0.1904742270708084
0.6906265020370483
0.5995879769325256
0.9360358715057373
0.9894337058067322
0.160135418176651
0.26896461844444275
0.8285508155822754
0.4981856942176819
0.9018726348876953
0.16301706433296204
0.6398652195930481
0.44691357016563416
0.5184895396232605
0.5473787784576416
0.44610434770584106
0.09135638922452927
0.4459819495677948
0.4713454842567444
0.7728968262672424
0.46488717198371887
0.47133660316467285
0.1896667331457138
0.8040574789047241
0.2949414551258087
0.36342334747314453
0.6518950462341309
0.0011377882910892367
0.17213661968708038
0.5743067860603333
0.22500978410243988
0.6972864270210266
0.28094154596328735
0.046895831823349
0.2557831108570099
0.34507372975349426
0.7735020518302917
0.9945663213729858
0.6672214269638062
0.015317870303988457
0.18045148253440857
0.9116065502166748
0.664363443851471
0.5501130223274231
0.6142017841339111
0.14717817306518555
0.3286176919937134
0.9519153237342834
0.7868318557739258
0.7496081590652466
0.1090194582939148
0.6219515800476074
0.2894459366798401
0.6287556886672974
0.013150309212505817
0.5187389850616455
0.04409540817141533
0.2461828887462616
0.0824558287858963
0.5187675952911377
0.6576942205429077
0.9193510413169861
0.06323298811912537
0.49513936042785645
0.6650112271308899
0.13993380963802338
0.12387817353010178
0.023399220779538155
0.16400554776191711
0.3384327292442322
0.962446928024292
0.8678738474845886
0.1128348559141159
0.5455698370933533
0.9758508205413818
0.20050853490829468
0.2914537489414215
0.1201007291674614
0.08953911066055298
0.27015528082847595
0.9067361354827881
0.17764067649841309
0.7419319152832031
0.8202705979347229
0.9369176030158997
0.03015775978565216
0.8253240585327148
0.7488205432891846
0.12204025685787201
0.8433135747909546
0.4683745205402374
0.7977856397628784
0.35824212431907654
0.9846145510673523
0.3310609459877014
0.5039247274398804
0.22187530994415283
0.34898144006729126
0.7542778849601746
0.5808072090148926
0.07527609914541245
0.31602421402931213
0.6489609479904175
0.051635514944791794
0.9265565872192383
0.4075845777988434
0.5033121705055237
0.2170441448688507
0.5218581557273865
0.4278750419616699
0.6469433307647705
0.060411158949136734
0.424682080745697
0.3608602285385132
0.11034980416297913
0.1330251693725586
0.5798788070678711
0.0011967831524088979
0.3720191419124603
0.8810279369354248
0.77597576379776
0.49187204241752625
0.4696345031261444
0.645313024520874
0.4191356599330902
0.6659838557243347
0.20893485844135284
0.13171127438545227
0.1636354923248291
0.10704512894153595
0.43976157903671265
0.3893635869026184
0.9401425123214722
0.5258440971374512
0.9178847670555115
0.23915855586528778
0.46304959058761597
0.9211713671684265
0.8503866791725159
0.5107340812683105
0.9362562298774719
0.24613729119300842
0.37442174553871155
0.8359891176223755
0.8614276051521301
0.6644373536109924
0.9630307555198669
0.9946959614753723
0.5551069974899292
0.5854613780975342
0.6483608484268188
0.7583887577056885
0.026891104876995087
0.9047730565071106
0.16467581689357758
0.026923833414912224
0.25699952244758606
0.6165587902069092
0.7490339875221252
0.6009217500686646
0.6994288563728333
0.6026701927185059
0.557953953742981
0.6329662203788757
0.5621994137763977
0.02718643844127655
0.9331737756729126
0.5738324522972107
0.4360348880290985
0.04918588325381279
0.06138886511325836
0.3110617697238922
0.20091216266155243
0.18783822655677795
0.8533552885055542
0.12217535823583603
0.6518257856369019
0.1757381409406662
0.4417097270488739
0.6731091737747192
0.4316822588443756
0.17582017183303833
0.7444037795066833
0.6943634152412415
0.8904203176498413
0.07799223810434341
0.6431266665458679
0.9038904309272766
0.594219982624054
0.40742480754852295
0.7775844931602478
0.954423189163208
0.6083455085754395
0.43077903985977173
0.9231345057487488
0.5851673483848572
0.09297889471054077
0.8290371298789978
0.9150418639183044
0.8845318555831909
0.5775061249732971
0.5513330698013306
0.7092140913009644
0.300859659910202
0.6766541004180908
0.9881001710891724
0.4542226195335388
0.6629177331924438
0.3631622791290283
0.8256300687789917
0.287946492433548
0.57261061668396
0.6389943957328796
0.9081875681877136
0.6635632514953613
0.3503689765930176
0.2121494710445404
0.3241797387599945
0.1314307004213333
0.5372376441955566
0.1807781457901001
0.8458892703056335
0.23714089393615723
0.7488583922386169
0.6352417469024658
0.4438694417476654
0.6007573008537292
0.21220038831233978
0.3440573513507843
0.8441406488418579
0.8740177750587463
0.2763642370700836
0.2690746486186981
0.5861408710479736
0.5765596628189087
0.5760297179222107
0.21706728637218475
0.8574936985969543
0.3290551006793976
0.4030210077762604
0.3482709228992462
0.16389505565166473
0.511935830116272
0.05676588788628578
0.054885998368263245
0.4387592375278473
0.8069111704826355
0.059192460030317307
0.4462980031967163
0.339230477809906
0.7748446464538574
0.35951000452041626
0.8331811428070068
0.8921360373497009
0.9846062064170837
0.36842256784439087
0.9743081331253052
0.9008883237838745
0.8006135821342468
0.03626963123679161
0.48546332120895386
0.17553067207336426
0.899856686592102
0.40334808826446533
0.722436785697937
0.4688316285610199
0.8172369599342346
0.1428162008523941
0.24877582490444183
0.07798787951469421
0.5148855447769165
0.37287306785583496
0.7044171094894409
0.7610968351364136
0.1678328514099121
0.26735997200012207
0.5802916288375854
0.2958756685256958
0.5530836582183838
0.5870847105979919
0.773993968963623
0.8055179715156555
0.6037538051605225
0.44709229469299316
0.11524619907140732
0.8109474182128906
0.8953667879104614
0.20104414224624634
0.4719986915588379
0.3235589563846588
0.41455498337745667
0.9978277683258057
0.11117485910654068
0.5357725620269775
0.9146940112113953
0.8771829009056091
0.022224830463528633
0.8283442854881287
0.11203523725271225
0.6349197626113892
0.277614027261734
0.06161869317293167
0.4823034703731537
0.5054896473884583
0.02920493856072426
0.022363748401403427
0.2772122323513031
0.8215650320053101
0.6097989082336426
0.37753093242645264
0.2757317125797272
0.34197378158569336
0.222791850566864
0.4425624907016754
0.8334729075431824
0.4420519471168518
0.9629747271537781
0.9915615916252136
0.9789935350418091
0.9130476117134094
0.7609691619873047
0.3533167243003845
0.1709561049938202
0.7030170559883118
0.6173153519630432
0.8874311447143555
0.7512885928153992
0.6628605723381042
0.18449757993221283
0.27945995330810547
0.5022324323654175
0.5217335224151611
0.8515702486038208
0.07512802630662918
0.11187727749347687
0.5768426656723022
0.9259525537490845
0.5621892809867859
0.32696232199668884
0.24118639528751373
0.4278976619243622
0.07214583456516266
0.05880897119641304
0.562161386013031
0.8619847297668457
0.24750801920890808
0.14773499965667725
0.9878572821617126
0.13543491065502167
0.24470148980617523
0.9636086225509644
0.7118189930915833
0.4614969789981842
0.6276693940162659
0.977519690990448
0.8591892123222351
0.5700252652168274
0.5346370339393616
0.7765162587165833
0.13172423839569092
0.47137728333473206
0.8297412991523743
0.22467070817947388
0.3135562241077423
0.5526906847953796
0.025404777377843857
0.9326897263526917
0.4045473635196686
0.12367923557758331
0.8567519783973694
0.9814745783805847
0.7777264714241028
0.902762770652771
0.5891376733779907
0.6059548854827881
0.5094224810600281
0.5948421955108643
0.7312674522399902
0.44709545373916626
0.7617954015731812
0.18034714460372925
0.8051520586013794
0.6054105162620544
0.1361469030380249
0.04346403852105141
0.6778402328491211
0.9735743999481201
0.14188025891780853
0.5939182043075562
0.06717647612094879
0.6983401775360107
0.07635985314846039
0.2446412891149521
0.8561922907829285
0.832196831703186
0.5929879546165466
0.5174788236618042
0.9391434192657471
0.7457892894744873
0.9969215393066406
0.2931191921234131
0.6109949350357056
0.14159312844276428
0.9097243547439575
0.813361644744873
0.6340553760528564
0.9220588207244873
0.5028133988380432
0.23276843130588531
0.428794801235199
0.10656218230724335
0.955813467502594
0.24925772845745087
0.037198375910520554
0.21969477832317352
0.014780085533857346
0.8679445385932922
0.987300455570221
0.6232080459594727
0.7060860991477966
0.7277694940567017
0.08991377800703049
0.7732529044151306
0.5815910696983337
0.6889592409133911
0.17935146391391754
0.8507149815559387
0.31622886657714844
0.39499756693840027
0.17205482721328735
0.47911912202835083
0.46852970123291016
0.7346243858337402
0.92562335729599
0.20648077130317688
0.34074485301971436
0.0977567508816719
0.2836577296257019
0.777394711971283
0.4086017310619354
0.6292884349822998
0.8226615786552429
0.7224469780921936
0.11485455930233002
0.8002627491950989
0.4719175398349762
0.8182405829429626
0.18767400085926056
0.700718879699707
0.7985821962356567
0.7891139388084412
0.408066987991333
0.7899600267410278
0.050963688641786575
0.6267338991165161
0.7078320980072021
0.20357239246368408
0.6596468091011047
0.8436997532844543
0.8716360330581665
0.03790808469057083
0.04884948953986168
0.2343858927488327
0.8029040098190308
0.3787076473236084
0.7766393423080444
0.2653661370277405
0.6719651222229004
0.8897892832756042
0.5064286589622498
0.46032920479774475
0.7715555429458618
0.20758064091205597
0.9594131112098694
0.5788766741752625
0.5540794730186462
0.745439887046814
0.2729862928390503
0.5777658820152283
0.4982914626598358
0.09145521372556686
0.7672829031944275
0.6140249967575073
0.8666750192642212
0.458823025226593
0.2976105809211731
0.40351012349128723
0.7804708480834961
0.047967180609703064
0.30339041352272034
0.5382971167564392
0.8909417986869812
0.44829192757606506
0.7745643854141235
0.9002788662910461
0.7399276494979858
0.4921027719974518
0.9010446071624756
0.019300494343042374
0.5794490575790405
0.15385235846042633
0.619938850402832
0.43616199493408203
0.03896845132112503
0.18158301711082458
0.5933566093444824
0.2250015288591385
0.4123307764530182
0.10516348481178284
0.9742029309272766
0.23448358476161957
0.7773416042327881
0.9040676951408386
0.9931897521018982
0.06743886321783066
0.9727356433868408
0.04691959172487259
0.39550527930259705
0.006779014132916927
0.4636499881744385
0.9316323399543762
0.8852905035018921
0.7555330395698547
0.13350243866443634
0.353677362203598
0.31335991621017456
0.10161197185516357
0.27630776166915894
0.5843198895454407
0.9358461499214172
0.16778956353664398
0.5868628621101379
0.7561270594596863
0.7896276116371155
0.19300518929958344
0.024551834911108017
0.2514594793319702
0.2679799199104309
0.907198965549469
0.4546257555484772
0.4688296914100647
0.6446524262428284
0.8844010233879089
0.03934778645634651
0.8717566132545471
0.566832959651947
0.4743044674396515
0.6187803745269775
0.9955832362174988
0.9007631540298462
0.6579241156578064
0.8539295792579651
0.8220736980438232
0.9436343908309937
0.695827305316925
0.1734199821949005
0.3604089915752411
0.9575904011726379
0.1054336354136467
0.6929121017456055
0.4548029899597168
0.8789175152778625
0.0033756487537175417
0.9885075092315674
0.22878091037273407
0.9910086393356323
0.9986019730567932
0.5451647639274597
0.9629790782928467
0.04687965288758278
0.055899567902088165
0.09438329190015793
0.5719016790390015
0.30286964774131775
0.28087174892425537
0.409239262342453
0.5343530774116516
0.6059156656265259
0.8882275223731995
0.7367390990257263
0.3028903007507324
0.1720958948135376
0.4873480796813965
0.7232010960578918
0.6190845966339111
0.15932726860046387
0.01963716559112072
0.24730700254440308
0.7345370650291443
0.8305238485336304
0.7054775953292847
0.9771507382392883
0.8155369162559509
0.9234026670455933
0.9163859486579895
0.9823587536811829
0.437094509601593
0.9127962589263916
0.4118773937225342
0.6368635296821594
0.24055594205856323
0.13528099656105042
0.3594678044319153
0.4591027796268463
0.9081260561943054
0.4143868684768677
0.8146492838859558
0.5561348795890808
0.13370928168296814
0.5476270318031311
0.6472095847129822
0.6309289932250977
0.47553107142448425
0.4048965871334076
0.9113837480545044
0.6581795811653137
0.7749281525611877
0.39096471667289734
0.49846795201301575
0.16197922825813293
0.23214250802993774
0.31460389494895935
0.7860498428344727
0.13187488913536072
0.2574039697647095
0.9011338949203491
0.025559594854712486
0.759250819683075
0.2530142366886139
0.1816062033176422
0.835151731967926
0.5195654630661011
0.9683195352554321
0.9713468551635742
0.009927287697792053
0.12393517792224884
0.26061052083969116
0.5639650821685791
0.9058524370193481
0.5659799575805664
0.6459238529205322
0.24269716441631317
0.7191190719604492
0.058857690542936325
0.33232223987579346
0.9937349557876587
0.576580822467804
0.029571283608675003
0.1727076917886734
0.8615153431892395
0.43342325091362
0.14918605983257294
0.23555375635623932
0.9427868723869324
0.16474904119968414
0.24177347123622894
0.68621426820755
0.10632918775081635
0.9137057662010193
0.4612495005130768
0.08223136514425278
0.06216973066329956
0.23194967210292816
0.23010386526584625
0.6396702527999878
0.044686850160360336
0.20926304161548615
0.18383023142814636
0.7687057256698608
0.0931057408452034
0.05182802304625511
0.04061576724052429
0.7360090613365173
0.28687286376953125
0.778839647769928
0.37845379114151
0.08004672825336456
0.8304200172424316
0.15755698084831238
0.5456460118293762
0.8609024286270142
0.7660520672798157
0.5771545171737671
0.5963537096977234
0.020598499104380608
0.3946828842163086
0.8646607995033264
0.2864248752593994
0.7306175231933594
0.8952431082725525
0.6636053919792175
0.7434818744659424
0.0028940816409885883
0.7406802177429199
0.3575831949710846
0.9674374461174011
0.7822889089584351
0.29724016785621643
0.11753436923027039
0.6647940278053284
0.4845871329307556
0.23469164967536926
0.7101085782051086
0.7418946623802185
0.7656093239784241
0.2927570044994354
0.027718286961317062
0.6657459139823914
0.622383177280426
0.31826257705688477
0.4224279820919037
0.20774082839488983
0.5287926197052002
0.4126945734024048
0.8414421677589417
0.46497854590415955
0.0642884150147438
0.08531619608402252
0.3180654048919678
0.07975456863641739
0.6675831079483032
0.6716473698616028
0.18926234543323517
0.9893251061439514
0.3831593990325928
0.07789193838834763
0.04521079361438751
0.4964466392993927
0.6305729150772095
0.6228663921356201
0.7344309091567993
0.5639004111289978
0.33305811882019043
0.1380900740623474
0.10808826982975006
0.6600307822227478
0.6345439553260803
0.4688509404659271
0.17621871829032898
0.25979897379875183
0.6372920274734497
0.10645891726016998
0.8978438973426819
0.4030846059322357
0.6855478882789612
0.43976712226867676
0.7623909115791321
0.4398152530193329
0.7198571562767029
0.6591268181800842
0.7107858657836914
0.05373680964112282
0.9979369640350342
0.6129767298698425
0.2979702949523926
0.5306432843208313
0.46694013476371765
0.42341047525405884
0.17906291782855988
0.9401065707206726
0.27504605054855347
0.9612339735031128
0.44729289412498474
0.29333731532096863
0.026335790753364563
0.9147145748138428
0.3039728105068207
0.07679208368062973
0.8645755648612976
0.06833896040916443
0.6021819710731506
0.8571807146072388
0.8813425302505493
0.9191932678222656
0.08202233165502548
0.028027599677443504
0.08760791271924973
0.5105027556419373
0.45050835609436035
0.002859315602108836
0.02064189687371254
0.17477476596832275
0.2877988815307617
0.5384200811386108
0.17765837907791138
0.7481892108917236
0.0444474071264267
0.8687191605567932
0.2739175260066986
0.8629613518714905
0.4228672683238983
0.05594717711210251
0.9547596573829651
0.07293453067541122
0.7985804677009583
0.005792031530290842
0.6292895674705505
0.2636910378932953
0.4394689202308655
0.3967379927635193
0.9104675650596619
0.7994706034660339
0.0029101709369570017
0.023494265973567963
0.966953694820404
0.4814709722995758
0.7301064729690552
0.5398181676864624
0.760224461555481
0.6174099445343018
0.4932734966278076
0.46170806884765625
0.08315224945545197
0.9819309711456299
0.5895760655403137
0.1677139699459076
0.3659808933734894
0.22171171009540558
0.22705969214439392
0.07908056676387787
0.8251199126243591
0.7569221258163452
0.0882667526602745
0.47142651677131653
0.594614565372467
0.19991575181484222
0.5447138547897339
0.33674347400665283
0.46209651231765747
0.39303356409072876
0.16092586517333984
0.5283520221710205
0.3981761336326599
0.4773046374320984
0.5294060707092285
0.17987574636936188
0.018893759697675705
0.6669383645057678
0.2680921256542206
0.9674608111381531
0.7827972173690796
0.7590436339378357
0.6754801869392395
0.6770706176757812
0.6723775267601013
0.7430503964424133
0.4535142183303833
0.3081323504447937
0.554655909538269
0.7752925157546997
0.10562363266944885
0.5229515433311462
0.32729652523994446
0.7535803914070129
0.9409595727920532
0.9870390295982361
0.5369698405265808
0.6009608507156372
0.7284428477287292
0.6663359999656677
0.08913794904947281
0.9742892384529114
0.3547104001045227
0.2432834655046463
0.9543948173522949
0.08500831574201584
0.7836304306983948
0.8178607225418091
0.9727181792259216
0.01957867108285427
0.27972471714019775
0.83519047498703
0.5945301055908203
0.19959689676761627
0.7337486147880554
0.41044697165489197
0.700842022895813
0.7616754770278931
0.42030948400497437
0.795141339302063
0.702484130859375
0.7859866619110107
0.8811728954315186
0.4092542231082916
0.46510493755340576
0.38665100932121277
0.5064042806625366
0.0514201745390892
0.4557885229587555
0.16733664274215698
0.18455494940280914
0.49435126781463623
0.6066040396690369
0.17383110523223877
0.3329080641269684
0.3064011335372925
0.1516285240650177
0.5440110564231873
0.6023090481758118
0.7069227695465088
0.5376612544059753
0.550859272480011
0.7994194626808167
0.24320679903030396
0.006892033386975527
0.9746346473693848
0.973217248916626
0.5948047041893005
0.7815464735031128
0.6273601055145264
0.30589109659194946
0.500681459903717
0.8340986967086792
0.5192689299583435
0.8934207558631897
0.34144797921180725
0.4880284070968628
0.18815217912197113
0.9257973432540894
0.03257139399647713
0.5197767615318298
0.5945392847061157
0.12491855025291443
0.33231982588768005
0.783410370349884
0.527620792388916
0.24221540987491608
0.7314631938934326
0.0392921008169651
0.6586202383041382
0.5546006560325623
0.7717683911323547
0.19884875416755676
0.8015872836112976
0.04691410809755325
0.9441097378730774
0.5517738461494446
0.9391353726387024
0.36995622515678406
0.9237356185913086
0.2561895251274109
0.651528000831604
0.8532306551933289
0.8378157615661621
0.13039560616016388
0.5721556544303894
0.8490414619445801
0.3834519386291504
0.28665778040885925
0.3623093068599701
0.3071250915527344
0.31251564621925354
0.5527978539466858
0.9703634977340698
0.48684829473495483
0.2204514890909195
0.14017926156520844
0.8452256917953491
0.37507548928260803
0.2192806452512741
0.11889337748289108
0.3655869960784912
0.8189875483512878
0.6474272608757019
0.584959864616394
0.07531137764453888
0.18423393368721008
0.28108081221580505
0.03471248224377632
0.028090916574001312
0.8507170081138611
0.8631848692893982
0.40398797392845154
0.5451308488845825
0.4376170337200165
0.924967348575592
0.08300149440765381
0.805932879447937
0.897646427154541
0.6880595684051514
0.6053275465965271
0.9624289274215698
0.6512734293937683
0.41802850365638733
0.6829618215560913
0.8104329705238342
0.8998192548751831
0.7434014081954956
0.31897813081741333
0.32729464769363403
0.04948873072862625
0.17839887738227844
0.026505939662456512
0.8413844108581543
0.39306414127349854
0.23023244738578796
0.29561683535575867
0.6329969167709351
0.013891453854739666
0.6079972982406616
0.07835610210895538
0.21260270476341248
0.3900153636932373
0.00312940776348114
0.878407895565033
0.7199500203132629
0.781542956829071
0.42945343255996704
0.6911090612411499
0.034027379006147385
0.35147523880004883
0.5925797820091248
0.9951040148735046
0.29846689105033875
0.6377803683280945
0.001885043689981103
0.08824194967746735
0.45071643590927124
0.6774716377258301
0.8761065602302551
0.8197020292282104
0.4845755994319916
0.9151750206947327
0.6317562460899353
0.8126135468482971
0.03572425991296768
0.911223828792572
0.36091893911361694
0.6040458083152771
0.8380447626113892
0.3022652268409729
0.2778377830982208
0.975807785987854
0.7889020442962646
0.12855547666549683
0.22984841465950012
0.7490174174308777
0.5725083947181702
0.7346856594085693
0.8862243294715881
0.14351055026054382
0.12564247846603394
0.32131269574165344
0.4724094271659851
0.5579044818878174
0.792811930179596
0.03066415525972843
0.762107253074646
0.3592832088470459
0.8008347153663635
0.19418945908546448
0.010324451141059399
0.1294737607240677
0.3661988079547882
0.9619224667549133
0.9627721309661865
0.4434211254119873
0.1374264508485794
0.4041120707988739
0.12691889703273773
0.9541127681732178
0.01544301025569439
0.3958016037940979
0.4759822189807892
0.5633956789970398
0.9015345573425293
0.08678765594959259
0.20429642498493195
0.45632317662239075
0.2176697999238968
0.5123651623725891
0.4024377167224884
0.34131526947021484
0.13831812143325806
0.2596158981323242
0.06666480004787445
0.22483284771442413
0.9966050386428833
0.35589513182640076
0.03037392906844616
0.5650814175605774
0.7081627249717712
0.8255646824836731
0.3192577362060547
0.11167085915803909
0.3643782436847687
0.7280282378196716
0.5352773070335388
0.15786312520503998
0.6805545687675476
0.6571553349494934
0.3362199664115906
0.8631453514099121
0.06070481985807419
0.2570244371891022
0.08142117410898209
0.2773749530315399
0.3012069761753082
0.44138801097869873
0.19127969443798065
0.7052196860313416
0.948181688785553
0.4107838273048401
0.6852222084999084
0.39580103754997253
0.8529929518699646
0.6851562261581421
0.7215406894683838
0.42023220658302307
0.14952675998210907
0.0765567272901535
0.6402853727340698
0.350083589553833
0.9566055536270142
0.6263774633407593
0.42612162232398987
0.7318361401557922
0.010653520002961159
0.5010092854499817
0.6592579483985901
0.026745885610580444
0.4557005763053894
0.7633787989616394
0.6962704658508301
0.630318284034729
0.708381712436676
0.7591729164123535
0.7368338704109192
0.19520848989486694
0.024650579318404198
0.5114358067512512
0.5985274910926819
0.6369211673736572
0.0001765870110830292
0.8806282877922058
0.5463509559631348
0.4551771283149719
0.8042404055595398
0.8420019745826721
0.22225195169448853
0.9228865504264832
0.5760889053344727
0.05259988084435463
0.6099915504455566
0.23223818838596344
0.20606499910354614
0.9129552841186523
0.5242753028869629
0.12104237079620361
0.7081553936004639
0.9608209133148193
0.8811528086662292
0.2654387652873993
0.8910735845565796
0.8582459092140198
0.174912691116333
0.1304853856563568
0.1230444386601448
0.6263470649719238
0.9304695725440979
0.4384179711341858
0.04295165464282036
0.8026249408721924
0.7818467020988464
0.5527845025062561
0.33091551065444946
0.28992292284965515
0.34138381481170654
0.03615092858672142
0.6957350969314575
0.49514952301979065
0.42792534828186035
0.2364937663078308
0.437107115983963
0.03608165681362152
0.9596514701843262
0.7635602951049805
0.33876773715019226
0.23752065002918243
0.6649659276008606
0.488680362701416
0.9700326919555664
0.05434048920869827
0.17230473458766937
0.44749921560287476
0.7091209292411804
0.4794863164424896
0.44742247462272644
0.4760357439517975
0.03518734127283096
0.23259760439395905
0.630238950252533
0.09987396001815796
0.3061847984790802
0.5893807411193848
0.46061834692955017
0.7349259853363037
0.40240737795829773
0.4059275984764099
0.38579699397087097
0.1659678816795349
0.4401826560497284
0.33536994457244873
0.7961820960044861
0.39700210094451904
0.4437287747859955
0.44175365567207336
0.30167531967163086
0.3737218976020813
0.4015137851238251
0.31495562195777893
0.6192899346351624
0.8136134147644043
0.14692947268486023
0.02032584324479103
0.7834629416465759
0.8098872900009155
0.7182750701904297
0.1576804667711258
0.3975372314453125
0.46249815821647644
0.1489848643541336
0.29248690605163574
0.7940292358398438
0.9582141637802124
0.8142609000205994
0.5873885750770569
0.8548347353935242
0.8736411333084106
0.9738397598266602
0.050888895988464355
0.4334199130535126
0.4665546715259552
0.5751085877418518
0.8580467104911804
0.28769463300704956
0.3651963770389557
0.15212386846542358
0.858669102191925
0.12181282043457031
0.024676332250237465
0.6636199355125427
0.2239966243505478
0.048901449888944626
0.16479234397411346
0.7341977953910828
0.010298304259777069
0.2099848985671997
0.695288360118866
0.2839840054512024
0.04196135327219963
0.9883636236190796
0.5228797197341919
0.5333446264266968
0.8533991575241089
0.2385275512933731
0.8006624579429626
0.46268805861473083
0.19912391901016235
0.9782578945159912
0.8773528933525085
0.30678004026412964
0.6040948033332825
0.47380268573760986
0.2515905201435089
0.8655182123184204
0.9228265285491943
0.026305845007300377
0.10619845986366272
0.7475000023841858
0.4089338183403015
0.6532354950904846
0.3094104826450348
0.5921893119812012
0.47631433606147766
0.8111221194267273
0.8096088767051697
0.9959908127784729
0.018378056585788727
0.5007906556129456
0.3281558156013489
0.12883701920509338
0.9392011165618896
0.24243828654289246
0.35504916310310364
0.1586495041847229
0.4150143563747406
0.10326668620109558
0.03231777623295784
0.6194310188293457
0.17027027904987335
0.8003105521202087
0.6520364880561829
0.7117927670478821
0.8806482553482056
0.11136863380670547
0.5064241886138916
0.23141862452030182
0.19183801114559174
0.657137930393219
0.9498048424720764
0.2233935445547104
0.833139181137085
0.5644181966781616
0.5822412371635437
0.30322206020355225
0.33557748794555664
0.9254895448684692
0.41108784079551697
0.19100219011306763
0.4763123691082001
0.4202095568180084
0.2924003005027771
0.8213410377502441
0.32749539613723755
0.3893860876560211
0.24059267342090607
0.49024316668510437
0.5081287026405334
0.820418119430542
0.9926379323005676
0.5278177261352539
0.23714198172092438
0.621096670627594
0.6357668042182922
0.16043990850448608
0.6370162963867188
0.25150132179260254
0.8957539200782776
0.19619335234165192
0.10446863621473312
0.35038015246391296
0.8169378042221069
0.8560614585876465
0.6746237874031067
0.0816059410572052
0.33966687321662903
0.2098691165447235
0.06066249683499336
0.07403817772865295
0.08508380502462387
0.9508023262023926
0.3038404583930969
0.6495277881622314
0.4646998345851898
0.7570850253105164
0.6805832982063293
0.03530547767877579
0.018472418189048767
0.2906681299209595
0.3668977916240692
0.14506125450134277
0.3539249002933502
0.4068291485309601
0.6131055951118469
0.36723676323890686
0.4545776844024658
0.8100007176399231
0.6750765442848206
0.36736127734184265
0.34497058391571045
0.336744487285614
0.675231397151947
0.36895817518234253
0.6222447752952576
0.8260918855667114
0.9001131653785706
0.9022910594940186
0.3604179620742798
0.6706615686416626
0.4729538857936859
0.7902800440788269
0.30144500732421875
0.16440021991729736
0.14604869484901428
0.8415117263793945
0.7822516560554504
0.740949273109436
0.6428715586662292
0.8597915172576904
0.6317490935325623
0.05330577865242958
0.37880173325538635
0.011885267682373524
0.38249555230140686
0.9805888533592224
0.43142539262771606
0.56062912940979
0.18507754802703857
0.864274263381958
0.9320880174636841
0.44683557748794556
0.06354538351297379
0.6840366125106812
0.3314225673675537
0.17802754044532776
0.6453261971473694
0.5440348982810974
0.363438218832016
0.31362706422805786
0.932434618473053
0.6525614857673645
0.7468822002410889
0.669885516166687
0.7604376673698425
0.2833534777164459
0.2037580907344818
0.43354102969169617
0.7520277500152588
0.1928512156009674
0.6100518107414246
0.556041419506073
0.762580156326294
0.627416729927063
0.22794708609580994
0.306867390871048
0.7722338438034058
0.8370195627212524
0.359555184841156
0.6867657899856567
0.24031303822994232
0.8675057888031006
0.6848223209381104
0.5487843751907349
0.041488051414489746
0.3818415701389313
0.4031291604042053
0.07672085613012314
0.34224045276641846
0.3523116707801819
0.17721329629421234
0.6710510849952698
0.8299880623817444
0.019270645454525948
0.07656384259462357
0.029406171292066574
0.9673115611076355
0.9154092073440552
0.026988351717591286
0.6683521866798401
0.616805911064148
0.9207874536514282
0.5646613836288452
0.05313047766685486
0.4840700626373291
0.4775891602039337
0.36137789487838745
0.3784400522708893
0.0427829846739769
0.07665886729955673
0.24784481525421143
0.7753869891166687
0.6453932523727417
0.9283477663993835
0.011866156943142414
0.10911712795495987
0.693245530128479
0.6095843315124512
0.7349592447280884
0.27704915404319763
0.2855912446975708
0.33994123339653015
0.8100139498710632
0.5602338910102844
0.8806695938110352
0.5777456760406494
0.01799808070063591
0.2600944936275482
0.8577898144721985
0.668438732624054
0.6839967966079712
0.4332478642463684
0.4268960654735565
0.9484341144561768
0.3393928110599518
0.17763687670230865
0.9644094109535217
0.9579006433486938
0.6795524954795837
0.5539513230323792
0.13037751615047455
0.7672745585441589
0.5241785645484924
0.10427152365446091
0.7349832057952881
0.797130823135376
0.6315723061561584
0.6196323037147522
0.9983576536178589
0.6936001181602478
0.5663542151451111
0.7560892105102539
0.16885942220687866
0.34884098172187805
0.8173704743385315
0.1831214278936386
0.655224084854126
0.5588229894638062
0.1620764136314392
0.5591602921485901
0.14666424691677094
0.01032074261456728
0.11654865741729736
0.9423282742500305
0.03083067387342453
0.983024001121521
0.6292220950126648
0.6243090033531189
0.30240872502326965
0.1580909788608551
0.3825054466724396
0.12079696357250214
0.20750217139720917
0.8875691890716553
0.38880807161331177
0.6966336369514465
0.1010546013712883
0.5167459845542908
0.44471144676208496
0.7011591196060181
0.856782078742981
0.9679201245307922
0.8702566027641296
0.4584351181983948
0.28968358039855957
0.753501832485199
0.8185775279998779
0.452219158411026
0.9893249273300171
0.9566664695739746
0.1332855373620987
0.4657301604747772
0.743954062461853
0.9315393567085266
0.6055811643600464
0.6623424291610718
0.838978111743927
0.7240842580795288
0.31060418486595154
0.9193787574768066
0.32747969031333923
0.40702158212661743
0.6200801730155945
0.22520163655281067
0.34939470887184143
0.18993519246578217
0.44508054852485657
0.5737946033477783
0.3905045688152313
0.366303950548172
0.22497762739658356
0.8136535882949829
0.35628819465637207
0.3139549195766449
0.8878116011619568
0.11462874710559845
0.42518559098243713
0.09885912388563156
0.8400774598121643
0.5051781535148621
0.0696532353758812
0.6000906825065613
0.3196404278278351
0.1973147690296173
0.6912809014320374
0.966613233089447
0.20711246132850647
0.47461673617362976
0.3589555621147156
0.20467422902584076
0.21086075901985168
0.8580246567726135
0.17021553218364716
0.25710853934288025
0.37756791710853577
0.8627901673316956
0.40629297494888306
0.5577290058135986
0.7254772782325745
0.3972693383693695
0.6749711632728577
0.9982855319976807
0.24452540278434753
0.6606671810150146
0.24347980320453644
0.37838244438171387
0.001381011912599206
0.6495798826217651
0.5538651347160339
0.7029371857643127
0.1064843237400055
0.2277521789073944
0.6021273732185364
0.11489887535572052
0.4337044358253479
0.9019637703895569
0.6119236946105957
0.5531286597251892
0.5307762622833252
0.8456813097000122
0.6160464882850647
0.22470729053020477
0.803020715713501
0.4491908848285675
0.9900142550468445
0.215433731675148
0.9519505500793457
0.16168943047523499
0.9066969752311707
0.721376359462738
0.009749267250299454
0.8940408229827881
0.2863147556781769
0.18939103186130524
0.35371673107147217
0.1387014538049698
0.6852842569351196
0.42288142442703247
0.4352439045906067
0.10422083735466003
0.15600240230560303
0.1451815366744995
0.5642930865287781
0.008260137401521206
0.685249388217926
0.8872402310371399
0.41408783197402954
0.477021723985672
0.7433618307113647
0.39821678400039673
0.6165918707847595
0.04182283580303192
0.967997133731842
0.7731078267097473
0.925696611404419
0.40159255266189575
0.5838348865509033
0.4092620313167572
0.0775119811296463
0.23197388648986816
0.01306622289121151
0.4932734966278076
0.1479056477546692
0.4639681875705719
0.9013987183570862
0.42536064982414246
0.2321401834487915
0.5210740566253662
0.855758011341095
0.04012535512447357
0.03163896128535271
0.38847458362579346
0.8927541971206665
0.6105035543441772
0.573140561580658
0.758601725101471
0.325231671333313
0.7964672446250916
0.5099298357963562
0.9205827713012695
0.8416888117790222
0.35524553060531616
0.24452520906925201
0.6178454160690308
0.6089007258415222
0.39338430762290955
0.3568873107433319
0.11753927171230316
0.7377884387969971
0.6187055110931396
0.7107892632484436
0.7042661309242249
0.3320983052253723
0.6497318744659424
0.4846188724040985
0.6612737774848938
0.7048385739326477
0.07368405908346176
0.9385783076286316
0.6884108781814575
0.9677038192749023
0.7429155707359314
0.029604321345686913
0.5256862640380859
0.7823020219802856
0.7059738039970398
0.0973455160856247
0.8496286869049072
0.7069156169891357
0.004726124461740255
0.16944508254528046
0.7783064246177673
0.6406186819076538
0.8323019742965698
0.5804038047790527
0.20013967156410217
0.6709035038948059
0.3989863097667694
0.9790711402893066
0.10317255556583405
0.5563344359397888
0.28051865100860596
0.5516765713691711
0.6385794878005981
0.8546295166015625
0.11877165734767914
0.07064767926931381
0.6347194314002991
0.28707802295684814
0.08541235327720642
0.6226367950439453
0.5495036244392395
0.7339637875556946
0.5199131965637207
0.6851232647895813
0.09857438504695892
0.4590902328491211
0.8765761256217957
0.6442795991897583
0.5880101323127747
0.12907516956329346
0.05895606800913811
0.9402886033058167
0.7173450589179993
0.16479621827602386
0.09058453887701035
0.3343704342842102
0.8961717486381531
0.12861564755439758
0.6733216047286987
0.807973325252533
0.15818296372890472
0.20874100923538208
0.8113877177238464
0.8541528582572937
0.7291865944862366
0.6717905402183533
0.45689114928245544
0.09743259102106094
0.11357080936431885
0.7155271768569946
0.945764422416687
0.3964220881462097
0.7150571346282959
0.3607553541660309
0.13925997912883759
0.7891913652420044
0.026198673993349075
0.1308199167251587
0.5287774205207825
0.7403503060340881
0.3392013907432556
0.7270268797874451
0.7139277458190918
0.6909630298614502
0.20488183200359344
0.7302426099777222
0.703304648399353
0.11189138144254684
0.2858116924762726
0.1242530420422554
0.682500422000885
0.7705764770507812
0.7490344047546387
0.1293700486421585
0.9713175296783447
0.5383551716804504
0.2088591754436493
0.06277705729007721
0.20203766226768494
0.6745607256889343
0.46077296137809753
0.12560854852199554
0.3994184732437134
0.8066577911376953
0.5978130102157593
0.8905308842658997
0.48938384652137756
0.784217357635498
0.9839870929718018
0.31090039014816284
0.3969622254371643
0.7874507308006287
0.47007596492767334
0.2427249550819397
0.17083770036697388
0.9810012578964233
0.9911469221115112
0.4093751609325409
0.1875981092453003
0.6485781669616699
0.5397845506668091
0.07438389956951141
0.057932063937187195
0.4587143659591675
0.3651452958583832
0.3248651623725891
0.9599641561508179
0.24065624177455902
0.6775750517845154
0.855898916721344
0.796678900718689
0.028250737115740776
0.6651672124862671
0.48653486371040344
0.8573920726776123
0.7491837739944458
0.013143112882971764
0.0333472304046154
0.3264712989330292
0.9222873449325562
0.3305075466632843
0.5373639464378357
0.6748627424240112
0.09869027882814407
0.5648897290229797
0.7251434922218323
0.8070544600486755
0.20415674149990082
0.42854368686676025
0.13796809315681458
0.20690487325191498
0.46714574098587036
0.178996279835701
0.8058387637138367
0.07299291342496872
0.4216880798339844
0.03795657306909561
0.9753526449203491
0.963901698589325
0.10698352754116058
0.018677929416298866
0.6313883066177368
0.9011661410331726
0.3335495591163635
0.6264790296554565
0.08819955587387085
0.5078153610229492
0.7477850317955017
0.6993911862373352
0.7808582782745361
0.8298491835594177
0.33461931347846985
0.826697826385498
0.3092016875743866
0.8454189300537109
0.8305877447128296
0.6783158779144287
0.4944259524345398
0.001955099869519472
0.15740354359149933
0.8901152610778809
0.6827356815338135
0.2891205847263336
0.5403848886489868
0.6511496305465698
0.8434649109840393
0.45474517345428467
0.5023103356361389
0.4266529679298401
0.43431007862091064
0.4828108549118042
0.7226619720458984
0.2037004828453064
0.9829474091529846
0.5788089632987976
0.656887412071228
0.5059878826141357
0.7326446771621704
0.8925844430923462
0.2538264989852905
0.04589961841702461
0.6162000298500061
0.6605314612388611
0.6914176940917969
0.4817230999469757
0.9089629650115967
0.4868161678314209
0.8210026621818542
0.8087400794029236
0.7193612456321716
0.46508848667144775
0.8450706601142883
0.9247570633888245
0.27168527245521545
0.3600345551967621
0.4276716709136963
0.5310887694358826
0.9817772507667542
0.00027413637144491076
0.18534186482429504
0.3742079734802246
0.38978657126426697
0.7809775471687317
0.6744594573974609
0.24171732366085052
0.6094410419464111
0.46888402104377747
0.02106175385415554
0.4458785355091095
0.7402961254119873
0.014507477171719074
0.9613412618637085
0.8674464225769043
0.12047166377305984
0.87415611743927
0.38886332511901855
0.13303686678409576
0.7258542776107788
0.6182745099067688
0.2844471335411072
0.1395079344511032
0.9651511907577515
0.7507498860359192
0.8473514318466187
0.9896730780601501
0.947808563709259
0.5974204540252686
0.9272989630699158
0.5368561148643494
0.9482048749923706
0.2053876370191574
0.3548307716846466
0.6148805618286133
0.48077192902565
0.3588627874851227
0.9118682742118835
0.8764716982841492
0.19121254980564117
0.03850748389959335
0.215534970164299
0.050640709698200226
0.8319421410560608
0.1622256636619568
0.3871132731437683
0.48357611894607544
0.09281418472528458
0.9171627163887024
0.9479076266288757
0.04111438989639282
0.8494969010353088
0.18284666538238525
0.09168321639299393
0.7346104383468628
0.3730289340019226
0.8051662445068359
0.8066559433937073
0.4869857728481293
0.30011481046676636
0.045561566948890686
0.4226561188697815
0.01435468252748251
0.2384992241859436
0.9685389995574951
0.23119591176509857
0.5935278534889221
0.6387484073638916
0.962348997592926
0.9005525708198547
0.018213549628853798
0.6429988741874695
0.1576080620288849
0.776139497756958
0.04382260516285896
0.47134649753570557
0.0717855915427208
0.2515709698200226
0.7248829007148743
0.6459749341011047
0.5337191820144653
0.9746513962745667
0.7585342526435852
0.7653032541275024
0.5803858041763306
0.9866015315055847
0.3716239333152771
0.6104283332824707
0.9867894053459167
0.22485411167144775
0.7610790133476257
0.17851896584033966
0.8988565802574158
0.6976891756057739
0.22619201242923737
0.8345907330513
0.49077653884887695
0.15736795961856842
0.4788638949394226
0.7060522437095642
0.6030402183532715
0.8496804237365723
0.2919170558452606
0.05433141440153122
0.21973685920238495
0.6792410016059875
0.5601693391799927
0.5588369369506836
0.3375032842159271
0.27345818281173706
0.27429524064064026
0.5724998712539673
0.21017014980316162
0.667263388633728
0.1984737515449524
0.9853576421737671
0.4896405339241028
0.3583259880542755
0.7625576853752136
0.6630252003669739
0.01139912661164999
0.6391979455947876
0.44177019596099854
0.7110901474952698
0.10836655646562576
0.8746830224990845
0.118965744972229
0.6130011677742004
0.4184250831604004
0.19920741021633148
0.4443761706352234
0.8192339539527893
0.6390871405601501
0.43288153409957886
0.754528284072876
0.6749510169029236
0.11449799686670303
0.2654126286506653
0.43334048986434937
0.16674309968948364
0.7922592759132385
0.16026952862739563
0.5478613972663879
0.5126335620880127
0.09905470907688141
0.5751226544380188
0.5888635516166687
0.9107880592346191
0.05913476273417473
0.014159150421619415
0.5895069241523743
0.08927587419748306
0.7756959199905396
0.08959860354661942
0.9157620072364807
0.005604271776974201
0.31566932797431946
0.42668116092681885
0.032419681549072266
0.3439273238182068
0.3204880952835083
0.7837256193161011
0.27594736218452454
0.19854871928691864
0.6758623123168945
0.7664676904678345
0.5606541633605957
0.9007775187492371
0.5051016211509705
0.04394281283020973
0.9556066989898682
0.5974207520484924
0.8582648634910583
0.49095088243484497
0.07856559753417969
0.7221850752830505
0.049949754029512405
0.773913562297821
0.34470921754837036
0.5776183009147644
0.09296108782291412
0.9007803201675415
0.033426351845264435
0.02279783971607685
0.5131042003631592
0.7943222522735596
0.567756712436676
0.5466265678405762
0.19513723254203796
0.7358413934707642
0.42597541213035583
0.6887165904045105
0.9325926303863525
0.7849224209785461
0.8017657399177551
0.012418569065630436
0.06209735944867134
0.5025400519371033
0.4633048474788666
0.7556450963020325
0.05378520116209984
0.933545708656311
0.7693536281585693
0.4320073127746582
0.4112904965877533
0.6360918879508972
0.8368418216705322
0.6314653754234314
0.8779618740081787
0.5113560557365417
0.234103724360466
0.09564097225666046
0.4405216872692108
0.475597620010376
0.3506932556629181
0.6937787532806396
0.6623873710632324
0.9746995568275452
0.755311131477356
0.7340947389602661
0.2230924516916275
0.08206339180469513
0.818213939666748
0.4284982979297638
0.6449823379516602
0.617207944393158
0.8596451282501221
0.00908984150737524
0.9916606545448303
0.6879754662513733
0.538582444190979
0.7360589504241943
0.40053457021713257
0.7903110384941101
0.6104034781455994
0.44280409812927246
0.8512371778488159
0.935514509677887
0.19344280660152435
0.5218508243560791
0.2641492784023285
0.653194010257721
0.12631331384181976
0.10417357087135315
0.12713630497455597
0.001593211549334228
0.27633875608444214
0.93113774061203
0.8231540322303772
0.15533453226089478
0.8702017664909363
0.1445428729057312
0.9095920920372009
0.8482407331466675
0.8034601807594299
0.6352254152297974
0.41220623254776
0.9619110226631165
0.36939123272895813
0.592411994934082
0.5317906141281128
0.23838931322097778
0.6309440732002258
0.5476593971252441
0.4593844711780548
0.791671633720398
0.36646586656570435
0.06060318276286125
0.13673895597457886
0.0644596740603447
0.025397824123501778
0.2731966972351074
0.6754425764083862
0.9409765601158142
0.5709297060966492
0.6159711480140686
0.8812061548233032
0.19678667187690735
0.3529258668422699
0.4625775218009949
0.23569004237651825
0.8909859657287598
0.68578040599823
0.7171776294708252
0.6991110444068909
0.7532050013542175
0.4703037738800049
0.1914236694574356
0.8625762462615967
0.2675626873970032
0.27990493178367615
0.05960536003112793
0.18547162413597107
0.851563572883606
0.3352595865726471
0.2992846667766571
0.030940435826778412
0.6409594416618347
0.014870407991111279
0.10778000950813293
0.2966117858886719
0.9239965677261353
0.33482804894447327
0.30070313811302185
0.5895249843597412
0.7724695801734924
0.7755802273750305
0.9197255373001099
0.9926334023475647
0.2423359900712967
0.6339268684387207
0.40614452958106995
0.9151052236557007
0.7112574577331543
0.5860735177993774
0.3506186902523041
0.08308447152376175
0.1654982715845108
0.0028600706718862057
0.8257015347480774
0.9249176979064941
0.2877027988433838
0.9289199113845825
0.5656489729881287
0.1637485772371292
0.11557597666978836
0.6019397377967834
0.009977615438401699
0.18595679104328156
0.9452537894248962
0.8111380338668823
0.06445697695016861
0.480914831161499
0.3235016465187073
0.7764315605163574
0.8322433829307556
0.5567336082458496
0.0760231614112854
0.6492348909378052
0.7844405770301819
0.18899469077587128
0.13547611236572266
0.6932423114776611
0.9394521117210388
0.7965378165245056
0.025204140692949295
0.13571232557296753
0.2633516490459442
0.8173753023147583
0.08310458064079285
0.31495124101638794
0.8767813444137573
0.9296998977661133
0.0015649078413844109
0.9735479354858398
0.4888095259666443
0.12126436829566956
0.29005512595176697
0.8135214447975159
0.5472036600112915
0.3645162582397461
0.2205139547586441
0.29688411951065063
0.5075043439865112
0.530660092830658
0.9246460199356079
0.6696782112121582
0.9125216603279114
0.9222228527069092
0.6872451305389404
0.5556610226631165
0.6036171913146973
0.07599573582410812
0.3644196391105652
0.6174740791320801
0.4921905994415283
0.39155498147010803
0.6040424108505249
0.259452760219574
0.39459773898124695
0.5037547945976257
0.0931725949048996
0.23177756369113922
0.5971983671188354
0.3705579340457916
0.11669524013996124
0.6562139987945557
0.7444391846656799
0.15992361307144165
0.9572052955627441
0.3001830577850342
0.300316721200943
0.929968535900116
0.5467922687530518
0.5789893269538879
0.007976524531841278
0.7592171430587769
0.7124814391136169
0.3016127049922943
0.3333335518836975
0.4551575481891632
0.8391973376274109
0.04582557827234268
0.783796489238739
0.6037603616714478
0.8368531465530396
0.31598907709121704
0.37696632742881775
0.3987826406955719
0.6247484087944031
0.2807527184486389
0.8210737705230713
0.5608861446380615
0.47322654724121094
0.0684172511100769
0.7149522304534912
0.7170491814613342
0.3890106976032257
0.14811572432518005
0.9351587891578674
0.9896235466003418
0.9932628870010376
0.7715054154396057
0.3705653250217438
0.2663741111755371
0.2816668748855591
0.656353771686554
0.8762791752815247
0.7923481464385986
0.870556116104126
0.32559114694595337
0.4719279110431671
0.6023476719856262
0.14105232059955597
0.5368027091026306
0.9324156641960144
0.08255700021982193
0.25325021147727966
0.21654671430587769
0.36316609382629395
0.9315104484558105
0.2786116302013397
0.052110541611909866
0.4262845814228058
0.13590607047080994
0.6009077429771423
0.009758706204593182
0.049177736043930054
0.4466193616390228
0.7713425159454346
0.2036760449409485
0.5246683955192566
0.6441550254821777
0.9800395369529724
0.047035012394189835
0.516853392124176
0.5338351130485535
0.38050588965415955
0.7360395789146423
0.8953099250793457
0.8032628297805786
0.03637700155377388
0.6194888949394226
0.37609124183654785
0.44015446305274963
0.7223639488220215
0.7850523591041565
0.6506829261779785
0.9346799850463867
0.9948266744613647
0.39238929748535156
0.607829213142395
0.8452610373497009
0.1535223424434662
0.8065896034240723
0.43472591042518616
0.2848822772502899
0.9874507188796997
0.22324229776859283
0.7151756286621094
0.7093414664268494
0.057808052748441696
0.5039021372795105
0.5703685283660889
0.9582847952842712
0.7451745867729187
0.9683006405830383
0.3672972619533539
0.6308978199958801
0.24843482673168182
0.8603214621543884
0.09476717561483383
0.5292896032333374
0.9004174470901489
0.7244564890861511
0.9076814651489258
0.6869575381278992
0.6630567908287048
0.5577576160430908
0.35471010208129883
0.23426997661590576
0.9535365104675293
0.56324303150177
0.728233814239502
0.002560883527621627
0.9107741713523865
0.02863343618810177
0.8878822922706604
0.6339814066886902
0.40876060724258423
0.5837156176567078
0.3311749994754791
0.6754674911499023
0.19047749042510986
0.4395985007286072
0.9812131524085999
0.10063022375106812
0.9384565353393555
0.9636662602424622
0.3432101011276245
0.30535855889320374
0.6262520551681519
0.7712492942810059
0.8125195503234863
0.25845739245414734
0.4930340051651001
0.8404393196105957
0.6844359636306763
0.4098314940929413
0.7506330013275146
0.21238721907138824
0.20821712911128998
0.8738539218902588
0.7334030270576477
0.6874704957008362
0.21364961564540863
0.5371467471122742
0.8154579401016235
0.4269900918006897
0.07441635429859161
0.7075178027153015
0.01988094672560692
0.5339677929878235
0.6928590536117554
0.06429995596408844
0.7209094762802124
0.08766479790210724
0.40320995450019836
0.6104080677032471
0.06767091900110245
0.6989959478378296
0.9233474135398865
0.5576359629631042
0.6823234558105469
0.6170867085456848
0.18573758006095886
0.385873943567276
0.22013552486896515
0.30928391218185425
0.2700332701206207
0.16607125103473663
0.4807794988155365
0.019149988889694214
0.19993901252746582
0.12728756666183472
0.6297350525856018
0.8856894373893738
0.12567780911922455
0.2693595886230469
0.5294646620750427
0.16097836196422577
0.341552197933197
0.6158656477928162
0.30180078744888306
0.042635392397642136
0.8923740386962891
0.7452493906021118
0.19841615855693817
0.9552308917045593
0.9602371454238892
0.44944626092910767
0.588799238204956
0.5116773247718811
0.16842636466026306
0.31283485889434814
0.11386542022228241
0.9268455505371094
0.27228105068206787
0.4764244258403778
0.2430540919303894
0.950390636920929
0.7356430888175964
0.8239952921867371
0.26124417781829834
0.898685097694397
0.3912298381328583
0.6619828939437866
0.3391268253326416
0.6016695499420166
0.21048854291439056
0.3424651622772217
0.36552920937538147
0.9883094429969788
0.9382874369621277
0.37331780791282654
0.6408380270004272
0.7856162786483765
0.8770394325256348
0.7002551555633545
0.9044408202171326
0.8048821687698364
0.10141830891370773
0.6908610463142395
0.32058650255203247
0.5422972440719604
0.19360283017158508
0.7184150218963623
0.04943803697824478
0.13501712679862976
0.032253824174404144
0.7921885251998901
0.77057945728302
0.746487557888031
0.6279764175415039
0.38816720247268677
0.3184560537338257
0.45978957414627075
0.8328850269317627
0.1812290996313095
0.9987149238586426
0.25905558466911316
0.8889017105102539
0.2730093002319336
0.7157868146896362
0.9421539902687073
0.6312295794487
0.5364333391189575
0.5315970182418823
0.6690582036972046
0.4348454773426056
0.590617835521698
0.7908568382263184
0.6989511847496033
0.21647785604000092
0.411452054977417
0.016407055780291557
0.42902424931526184
0.6931313276290894
0.039286863058805466
0.27339911460876465
0.693780779838562
0.07343710958957672
0.9787973165512085
0.9190837740898132
0.5987628102302551
0.6604854464530945
0.7939388751983643
0.11795581877231598
0.9077704548835754
0.28403493762016296
0.27928417921066284
0.608934223651886
0.6346477270126343
0.14652559161186218
0.5259971022605896
0.3301633298397064
0.9093155860900879
0.9472496509552002
0.532556414604187
0.3975386917591095
0.9442806243896484
0.9044545888900757
0.5423495769500732
0.9921948909759521
0.5949730277061462
0.372065007686615
0.9103384017944336
0.2243860363960266
0.12018448114395142
0.4261646866798401
0.26560789346694946
0.8241888880729675
0.6402627825737
0.7039979696273804
0.7047901749610901
0.6234263777732849
0.5005524754524231
0.33069008588790894
0.3226066827774048
0.9223344922065735
0.3827091157436371
0.7664358019828796
0.0273361187428236
0.7940598130226135
0.8060203194618225
0.6453730463981628
0.37353792786598206
0.5318705439567566
0.2886820435523987
0.8431046009063721
0.09359889477491379
0.8240970373153687
0.48215436935424805
0.8476735353469849
0.8502656817436218
0.43294939398765564
0.13215182721614838
0.054651133716106415
0.668637216091156
0.31922510266304016
0.8070598840713501
0.261892706155777
0.7643989324569702
0.7773112058639526
0.9147365689277649
0.18062838912010193
0.8334700465202332
0.3480939269065857
0.5172646045684814
0.14374303817749023
0.9335845708847046
0.3022617995738983
0.18940149247646332
0.5478608012199402
0.3863162696361542
0.3027174174785614
0.17557214200496674
0.27999916672706604
0.312496542930603
0.794736921787262
0.6992467045783997
0.44252830743789673
0.238058403134346
0.41451460123062134
0.7757615447044373
0.20943938195705414
0.5650945901870728
0.23977553844451904
0.7714818716049194
0.7686577439308167
0.4074168801307678
0.8850655555725098
0.530799925327301
0.9495073556900024
0.32967475056648254
0.5619667172431946
0.8842576146125793
0.2584233283996582
0.6786658763885498
0.22621949017047882
0.7961983680725098
0.8024994730949402
0.7744218111038208
0.11730203777551651
0.7746160626411438
0.27293235063552856
0.271706223487854
0.8513933420181274
0.8676222562789917
0.9318783283233643
0.5653194189071655
0.21208591759204865
0.121691033244133
0.3899180293083191
0.254836767911911
0.6915031671524048
0.5225125551223755
0.9835468530654907
0.7998756170272827
0.0815027505159378
0.6115983128547668
0.4940135180950165
0.23707228899002075
0.4110100269317627
0.09026983380317688
0.4679594337940216
0.32312214374542236
0.7410045862197876
0.3107529580593109
0.8257036805152893
0.7491674423217773
0.1821795105934143
0.6155390739440918
0.4100479483604431
0.8941150903701782
0.1824820637702942
0.12202056497335434
0.2767934799194336
0.46853208541870117
0.17263266444206238
0.6333610415458679
0.2517017424106598
0.043989814817905426
0.0899343192577362
0.5532239675521851
0.7252716422080994
0.750714898109436
0.4801180362701416
0.4112846553325653
0.6632199883460999
0.28146877884864807
0.628564178943634
0.8156872987747192
0.9348295331001282
0.49709784984588623
0.3892231285572052
0.9709604978561401
0.8985178470611572
0.9599223136901855
0.552399218082428
0.5016579031944275
0.47115522623062134
0.12587346136569977
0.8841488361358643
0.9012256860733032
0.19720898568630219
0.48245155811309814
0.9212197065353394
0.44149839878082275
0.6495569944381714
0.8731552362442017
0.019360240548849106
0.8550985455513
0.6326487064361572
0.129562109708786
0.7846704125404358
0.31417611241340637
0.3817729353904724
0.671681821346283
0.31826257705688477
0.9342232942581177
0.1394578069448471
0.22331102192401886
0.5918105840682983
0.3540399670600891
0.8088991641998291
0.08638186007738113
0.029954800382256508
0.6145824193954468
0.543220043182373
0.09029312431812286
0.6128338575363159
0.3520541489124298
0.9203414916992188
0.3282677233219147
0.3492417633533478
0.17407317459583282
0.7837530970573425
0.8479405641555786
0.4689132273197174
0.7634267807006836
0.4422898292541504
0.6912894248962402
0.32560279965400696
0.6216912269592285
0.4514164924621582
0.586685299873352
0.1974537968635559
0.7478062510490417
0.7943330407142639
0.9018480181694031
0.564835786819458
0.4767320454120636
0.48342177271842957
0.7054746150970459
0.7104567289352417
0.5788083672523499
0.27954912185668945
0.7994117140769958
0.6358972787857056
0.4855250120162964
0.38209623098373413
0.9643411040306091
0.03997843712568283
0.36542606353759766
0.1582363396883011
0.347002774477005
0.346007764339447
0.1128416508436203
0.825930655002594
0.5061972737312317
0.26906663179397583
0.1311691701412201
0.5596858263015747
0.9010999798774719
0.44472378492355347
0.6092050671577454
0.36551862955093384
0.3502267897129059
0.3693913519382477
0.02427264116704464
0.5675894618034363
0.7145299315452576
0.8784883618354797
0.3195931613445282
0.07063783705234528
0.9556050896644592
0.6865969896316528
0.07378256320953369
0.7626346945762634
0.8372272849082947
0.7617363929748535
0.48668375611305237
0.5397586226463318
0.7079207301139832
0.8360902667045593
0.2902648448944092
0.3337758481502533
0.306052565574646
0.8258777856826782
0.2769642472267151
0.32276174426078796
0.3492567241191864
0.806151807308197
0.6253417134284973
0.48057737946510315
0.9009246230125427
0.7886595129966736
0.013255800120532513
0.21980513632297516
0.565156102180481
0.13739578425884247
0.8758492469787598
0.9389923810958862
0.2922462224960327
0.9026255011558533
0.21569325029850006
0.42953982949256897
0.5981394648551941
0.5737801194190979
0.7667344212532043
0.1933116614818573
0.815102756023407
0.629949688911438
0.3430432379245758
0.1426432579755783
0.03718657046556473
0.21134477853775024
0.6926183104515076
0.7131038308143616
0.47975778579711914
0.7199850082397461
0.8262029886245728
0.22952814400196075
0.335376113653183
0.5523543357849121
0.43737632036209106
0.16249094903469086
0.2063564658164978
0.40336352586746216
0.10332688689231873
0.6179890036582947
0.9517003297805786
0.7897939682006836
0.43314990401268005
0.26135721802711487
0.31720057129859924
0.5511038303375244
0.3809794783592224
0.8789566159248352
0.7683076858520508
0.33235564827919006
0.12125381827354431
0.8271266222000122
0.13693644106388092
0.7785253524780273
0.5920539498329163
0.061071522533893585
0.5498325824737549
0.6216386556625366
0.8947682976722717
0.7635639309883118
0.7580111622810364
0.2782004475593567
0.14339816570281982
0.9606138467788696
0.39639854431152344
0.8864531517028809
0.1582084745168686
0.15506596863269806
0.01257487665861845
0.7782629728317261
0.7873734831809998
0.18837614357471466
0.7096961736679077
0.25206199288368225
0.7924530506134033
0.5768843293190002
0.9464646577835083
0.8160721063613892
0.3407815992832184
0.6903262138366699
0.7510030269622803
0.43847936391830444
0.6494274735450745
0.9151795506477356
0.5523307919502258
0.866953432559967
0.733384370803833
0.25358647108078003
0.22537046670913696
0.09122107177972794
0.3894786834716797
0.5444698929786682
0.8409662246704102
0.9148821234703064
0.282113254070282
0.13379888236522675
0.7244310975074768
0.8581206202507019
0.0620255321264267
0.11722744256258011
0.8504454493522644
0.5671188235282898
0.6301605105400085
0.8650578856468201
0.6150895953178406
0.13886047899723053
0.7087595462799072
0.2250933200120926
0.3665190637111664
0.04183952510356903
0.3826144337654114
0.9761884212493896
0.2843942642211914
0.8529527187347412
0.46638181805610657
0.8084040284156799
0.12315085530281067
0.1910620629787445
0.3507033586502075
0.4883323609828949
0.6132882833480835
0.6259844899177551
0.22308902442455292
0.9196946620941162
0.4361403286457062
0.31312230229377747
0.7494531273841858
0.7404324412345886
0.7919407486915588
0.15044137835502625
0.538022518157959
0.554962158203125
0.3398542106151581
0.1793816238641739
0.3476516902446747
0.25497207045555115
0.8288190364837646
0.8302950263023376
0.4498542845249176
0.43115827441215515
0.948539674282074
0.13724906742572784
0.2336215227842331
0.199167400598526
0.0031880326569080353
0.3294110596179962
0.3096243143081665
0.31717342138290405
0.6246957182884216
0.44978243112564087
0.8382099270820618
0.4117482006549835
0.7289543747901917
0.0953054204583168
0.40523427724838257
0.7627725005149841
0.13710425794124603
0.9658426642417908
0.5569081902503967
0.020845482125878334
0.552405595779419
0.5606976747512817
0.0802011638879776
0.6920564770698547
0.24243991076946259
0.7902055978775024
0.4810997247695923
0.8714873194694519
0.8739805221557617
0.9071301221847534
0.6956554055213928
0.9649927020072937
0.6393468379974365
0.35989680886268616
0.42686018347740173
0.8301854729652405
0.6564775705337524
0.4857671558856964
0.7026078104972839
0.9110123515129089
0.9391199350357056
0.25697311758995056
0.23215630650520325
0.6139849424362183
0.7715903520584106
0.4413944482803345
0.44476982951164246
0.8395668864250183
0.9400697946548462
0.11602677404880524
0.633467972278595
0.6334874629974365
0.25303101539611816
0.6278949975967407
0.9720152616500854
0.32514840364456177
0.22110344469547272
0.24512706696987152
0.6080225706100464
0.2521951198577881
0.46678945422172546
0.7416080832481384
0.6524989008903503
0.933876633644104
0.9324405789375305
0.7532281875610352
0.25550222396850586
0.39718955755233765
0.36421260237693787
0.9998083114624023
0.738807201385498
0.5239729285240173
0.4289674162864685
0.5475049614906311
0.19441643357276917
0.32326555252075195
0.9236956834793091
0.6843168139457703
0.31896108388900757
0.611424446105957
0.7340486645698547
0.4839305579662323
0.21641725301742554
0.7193728685379028
0.9792117476463318
0.024691389873623848
0.6548694968223572
0.39250272512435913
0.41544148325920105
0.5196831226348877
0.03998177871108055
0.6313686370849609
0.5835772752761841
0.5047560334205627
0.1480388194322586
0.9763231873512268
0.8165819644927979
0.23964804410934448
0.16224706172943115
0.17447549104690552
0.5001105666160583
0.7242748141288757
0.9206414818763733
0.5356079339981079
0.0007332318346016109
0.522383451461792
0.4716838598251343
0.8993797898292542
0.49217140674591064
0.21157130599021912
0.13830038905143738
0.7546600699424744
0.4341365694999695
0.28291141986846924
0.9497931003570557
0.16654163599014282
0.10232186317443848
0.5056081414222717
0.2695969343185425
0.19314686954021454
0.9868122935295105
0.24750860035419464
0.5455584526062012
0.4161844849586487
0.6138423681259155
0.22709716856479645
0.8755412697792053
0.10291963070631027
0.9500426650047302
0.5070487856864929
0.5715137124061584
0.40228426456451416
0.5496475100517273
0.4182080030441284
0.17760661244392395
0.5287306904792786
0.07516501098871231
0.11988728493452072
0.7072720527648926
0.48553478717803955
0.35453513264656067
0.9584383368492126
0.9530045986175537
0.27251699566841125
0.6830549836158752
0.10148879140615463
0.5054638385772705
0.02521350048482418
0.013238688930869102
0.09026952087879181
0.14358165860176086
0.3842151463031769
0.8095107078552246
0.8902723789215088
0.3979969918727875
0.1593366116285324
0.6560189723968506
0.618063747882843
0.5098171234130859
0.6915565133094788
0.1545800417661667
0.7037090063095093
0.5867425799369812
0.9388798475265503
0.06506092101335526
0.8336036801338196
0.17054447531700134
0.3867512345314026
0.7422764301300049
0.35948479175567627
0.06348629295825958
0.8621075749397278
0.019076161086559296
0.291984885931015
0.4753645062446594
0.30876800417900085
0.90143883228302
0.4489264190196991
0.8219470977783203
0.47328656911849976
0.9142664074897766
0.36591699719429016
0.27435624599456787
0.4730946719646454
0.9365807175636292
0.9770914316177368
0.31303805112838745
0.5971893072128296
0.5183758735656738
0.2706467807292938
0.2728688418865204
0.0236955676227808
0.7550261616706848
0.3462900221347809
0.30112403631210327
0.6034340262413025
0.014615729451179504
0.18653981387615204
0.1810653954744339
0.09877688437700272
0.5314162969589233
0.7832865715026855
0.13378402590751648
0.14985041320323944
0.934468150138855
0.45842862129211426
0.9683582782745361
0.9720154404640198
0.7414360642433167
0.8214807510375977
0.505524754524231
0.13108158111572266
0.9257345199584961
0.26478931307792664
0.19737327098846436
0.3556632399559021
0.9325947165489197
0.9885641932487488
0.21287721395492554
0.0630723237991333
0.19642123579978943
0.5896453261375427
0.285747230052948
0.846764326095581
0.9529956579208374
0.24792295694351196
0.1565249115228653
0.6314308047294617
0.39919570088386536
0.4787316918373108
0.4676258862018585
0.43291011452674866
0.47080889344215393
0.9832175970077515
0.4695269465446472
0.5793851613998413
0.7899786829948425
0.7129226326942444
0.6073464751243591
0.5351724028587341
0.708932101726532
0.5162686109542847
0.7299342155456543
0.09604402631521225
0.11371611803770065
0.7731201648712158
0.8959378600120544
0.7955425977706909
0.9761923551559448
0.3754640817642212
0.9217821359634399
0.5501459240913391
0.9698854684829712
0.9606202840805054
0.9257779121398926
0.12314540147781372
0.30692529678344727
0.3911738097667694
0.16439403593540192
0.09359601885080338
0.5485005378723145
0.3573784828186035
0.8249926567077637
0.7908569574356079
0.6276118755340576
0.6713835000991821
0.04863344877958298
0.8114060759544373
0.07861342281103134
0.5990872979164124
0.24406519532203674
0.48839378356933594
0.7413185834884644
0.7082841396331787
0.18215344846248627
0.02660299278795719
0.7421523332595825
0.8747525215148926
0.9652298092842102
0.3331935405731201
0.1420154869556427
0.8832194209098816
0.6850648522377014
0.9654317498207092
0.4871736764907837
0.49353453516960144
0.24400070309638977
0.7994606494903564
0.6410855650901794
0.4967286288738251
0.8009438514709473
0.09541469067335129
0.2214825600385666
0.5120267868041992
0.7652936577796936
0.9824125170707703
0.23232603073120117
0.2802537977695465
0.5805801749229431
0.0834994912147522
0.5004220008850098
0.6942190527915955
0.9356794953346252
0.8365179300308228
0.2467038780450821
0.2044217586517334
0.2102946788072586
0.5538116693496704
0.4094046950340271
0.11985462158918381
0.06760484725236893
0.011240492574870586
0.8334027528762817
0.10273582488298416
0.0253477580845356
0.6219865083694458
0.7528918981552124
0.7116302251815796
0.7914826273918152
0.6222196221351624
0.8447000980377197
0.76358562707901
0.5709983110427856
0.728824257850647
0.7700718641281128
0.9783066511154175
0.7656035423278809
0.5426169037818909
0.6787209510803223
0.5543161034584045
0.46415528655052185
0.8573299050331116
0.08842881768941879
0.3976869285106659
0.4930446445941925
0.3999912738800049
0.6109445095062256
0.07521455734968185
0.2076004296541214
0.8450925946235657
0.48388808965682983
0.8900368809700012
0.44784992933273315
0.7829674482345581
0.04179256781935692
0.17877118289470673
0.7600468993186951
0.28991374373435974
0.5688816905021667
0.059283338487148285
0.6829188466072083
0.44577598571777344
0.2558205723762512
0.961326003074646
0.31045952439308167
0.9935905933380127
0.4103950560092926
0.2147502452135086
0.0049036419950425625
0.018030792474746704
0.15434585511684418
0.7682544589042664
0.12193375080823898
0.9915703535079956
0.4271455705165863
0.5046807527542114
0.08625904470682144
0.2146136313676834
0.3891105353832245
0.5951064825057983
0.2587992250919342
0.6534051299095154
0.399088978767395
0.9452153444290161
0.8982774615287781
0.18242162466049194
0.7574267387390137
0.7856982946395874
0.24027003347873688
0.5533139705657959
0.6903284788131714
0.3934667408466339
0.06384263187646866
0.40681615471839905
0.18261319398880005
0.9123958349227905
0.1606033742427826
0.7031580805778503
0.6717483401298523
0.6026560068130493
0.44449156522750854
0.2877700626850128
0.792282223701477
0.563148021697998
0.7112503051757812
0.9692568778991699
0.6086345314979553
0.6959196925163269
0.6703953146934509
0.4040388762950897
0.9769672155380249
0.638090193271637
0.09605906903743744
0.4859691858291626
0.4117126762866974
0.06720101833343506
0.4148796796798706
0.6452050805091858
0.35140684247016907
0.4741169512271881
0.4096645414829254
0.1392088681459427
0.25820285081863403
0.9753370881080627
0.62328040599823
0.12020411342382431
0.9109951257705688
0.1661701649427414
0.44918370246887207
0.7338683009147644
0.6456415057182312
0.056419748812913895
0.6195645332336426
0.8567081093788147
0.9836848378181458
0.5041565895080566
0.4441941976547241
0.7413531541824341
0.3136318027973175
0.24924629926681519
0.38714221119880676
0.5545291304588318
0.07517503947019577
0.5322607159614563
0.43379727005958557
0.6711474657058716
0.9523109197616577
0.4155194163322449
0.7681851387023926
0.7371495962142944
0.8983369469642639
0.2908564507961273
0.5079894065856934
0.6827660202980042
0.5025490522384644
0.7313963174819946
0.8221493363380432
0.20087338984012604
0.10777495801448822
0.30403056740760803
0.13063794374465942
0.6742410659790039
0.9942190647125244
0.8739205002784729
0.5177303552627563
0.27582234144210815
0.1765671670436859
0.8055620193481445
0.8679138422012329
0.9745244979858398
0.3320924639701843
0.15318948030471802
0.09175056219100952
0.2939814031124115
0.31915557384490967
0.8494441509246826
0.9118025302886963
0.015773983672261238
0.6578562259674072
0.5653069019317627
0.85576331615448
0.7223107218742371
0.964417576789856
0.8846657872200012
0.5360000729560852
0.3322577178478241
0.20441016554832458
0.6043053865432739
0.6346820592880249
0.4439958333969116
0.5843059420585632
0.508836030960083
0.33381548523902893
0.04308140277862549
0.5130296349525452
0.3888811469078064
0.6721676588058472
0.46323949098587036
0.6228886246681213
0.8558341264724731
0.7286767959594727
0.36832448840141296
0.6963856816291809
0.2782992124557495
0.705414891242981
0.9736986756324768
0.38085296750068665
0.6952051520347595
0.8429136276245117
0.9846388697624207
0.7924924492835999
0.8454390168190002
0.6875759959220886
0.4828862249851227
0.5398213863372803
0.2112875133752823
0.7369810342788696
0.6555936336517334
0.8463935852050781
0.10608966648578644
0.5936031341552734
0.37178531289100647
0.46339839696884155
0.5489025115966797
0.2939801812171936
0.2777808904647827
0.16068091988563538
0.6620351076126099
0.39039063453674316
0.9050087928771973
0.6132442355155945
0.9107733964920044
0.10892743617296219
0.9292829632759094
0.5958818197250366
0.7532420754432678
0.7631707191467285
0.8169281482696533
0.8909841775894165
0.41693392395973206
0.4736366868019104
0.6925348043441772
0.03648270294070244
0.0034958887845277786
0.44419169425964355
0.27236783504486084
0.8335475921630859
0.80130535364151
0.06252638250589371
0.3130413293838501
0.9271391034126282
0.9510360956192017
0.5619697570800781
0.40005233883857727
0.676369309425354
0.07901385426521301
0.270710289478302
0.17396120727062225
0.619322657585144
0.23822803795337677
0.9715471267700195
0.5519006848335266
0.8919705748558044
0.7816117405891418
0.0026048908475786448
0.5506191849708557
0.3752865791320801
0.3891831040382385
0.026048675179481506
0.6539546847343445
0.9133341908454895
0.5847737789154053
0.5920105576515198
0.5991119146347046
0.14732250571250916
0.9465775489807129
0.05993511900305748
0.45574304461479187
0.9976220726966858
0.5816033482551575
0.9178826808929443
0.01141151413321495
0.9549489617347717
0.6099947690963745
0.4818479120731354
0.4289673864841461
0.5921270251274109
0.01702936179935932
0.27068933844566345
0.24333856999874115
0.29448020458221436
0.7953733801841736
0.704521119594574
0.7427838444709778
0.536872148513794
0.48253461718559265
0.3765086531639099
0.3397776484489441
0.05214535817503929
0.2465558797121048
0.14725223183631897
0.6230540871620178
0.6983253359794617
0.6808291077613831
0.5701478123664856
0.14444014430046082
0.035271644592285156
0.27400919795036316
0.4540661573410034
0.7117255926132202
0.7441691160202026
0.035029977560043335
0.19324719905853271
0.43102511763572693
0.29120931029319763
0.3991203010082245
0.8227093815803528
0.231472447514534
0.1236836239695549
0.6034342050552368
0.6411860585212708
0.16418306529521942
0.09744860231876373
0.09928921610116959
0.7381851077079773
0.8525965213775635
0.734295129776001
0.09065425395965576
0.7335687875747681
0.1844155639410019
0.38838425278663635
0.3375239968299866
0.1694658100605011
0.09988894313573837
0.9609476923942566
0.9257582426071167
0.11343955993652344
0.751277506351471
0.7901650667190552
0.8746512532234192
0.773606538772583
0.2221374660730362
0.5724915266036987
0.32417333126068115
0.37293440103530884
0.37542489171028137
0.0945441871881485
0.6464308500289917
0.26874011754989624
0.07622712850570679
0.21283072233200073
0.6749526858329773
0.7614186406135559
0.05842236801981926
0.5679215788841248
0.42120954394340515
0.9149804711341858
0.09015855193138123
0.19711510837078094
0.628263533115387
0.6005629301071167
0.08316812664270401
0.15448835492134094
0.4042493999004364
0.31708037853240967
0.07632753252983093
0.7715252637863159
0.37200987339019775
0.5142686367034912
0.645113468170166
0.6873968243598938
0.16464534401893616
0.1723916381597519
0.12789492309093475
0.010366344824433327
0.5977933406829834
0.9284617304801941
0.05059342458844185
0.926728367805481
0.49809327721595764
0.0007954718894325197
0.17714378237724304
0.5855466723442078
0.8294442296028137
0.669754683971405
0.39443039894104004
0.16864041984081268
0.9203815460205078
0.9079896807670593
0.8533144593238831
0.30661940574645996
0.4875991642475128
0.1202448159456253
0.5533985495567322
0.2919347286224365
0.7453522682189941
0.5548571348190308
0.0791178047657013
0.7637253999710083
0.7133688926696777
0.993462085723877
0.405692458152771
0.9911853075027466
0.6171932816505432
0.8859286308288574
0.19786463677883148
0.5794527530670166
0.2912064790725708
0.0326797179877758
0.05426658317446709
0.5539562702178955
0.5333341360092163
0.059867240488529205
0.9252166748046875
0.5068851709365845
0.9094114303588867
0.07948771119117737
0.9399368166923523
0.5304966568946838
0.2545640766620636
0.681752622127533
0.6279119849205017
0.8422344326972961
0.14495967328548431
0.20598497986793518
0.05569370090961456
0.9132785797119141
0.9013674855232239
0.76410973072052
0.15701009333133698
0.7381186485290527
0.07341618835926056
0.10359754413366318
0.08280615508556366
0.6713630557060242
0.4759055972099304
0.32840216159820557
0.2835743725299835
0.08253876119852066
0.8950714468955994
0.677800714969635
0.9777408242225647
0.8089683055877686
0.6607338786125183
0.5749596357345581
0.8479636311531067
0.8847270011901855
0.9381759166717529
0.1056172102689743
0.608484148979187
0.40249699354171753
0.18395322561264038
0.8008434772491455
0.16900865733623505
0.6406867504119873
0.8347328305244446
0.8160762786865234
0.978594958782196
0.9985616207122803
0.16863955557346344
0.6599738597869873
0.8593287467956543
0.9890309572219849
0.10915876179933548
0.8607007265090942
0.23000510036945343
0.31329110264778137
0.11534082144498825
0.16826340556144714
0.7950094938278198
0.9513862729072571
0.6896485090255737
0.9199209809303284
0.6904941201210022
0.49576249718666077
0.619077742099762
0.4524070620536804
0.5763296484947205
0.012727594003081322
0.744109570980072
0.5867612361907959
0.5629841089248657
0.7732880711555481
0.8478646278381348
0.032421719282865524
0.5143226981163025
0.43096795678138733
0.41551119089126587
0.3575270175933838
0.6937435269355774
0.418901652097702
0.44537875056266785
0.34211137890815735
0.5996615290641785
0.013518402352929115
0.5389197468757629
0.792961061000824
0.5939708352088928
0.36942723393440247
0.7933812141418457
0.9433764219284058
0.23787090182304382
0.5559974312782288
0.9644509553909302
0.2339949756860733
0.6748645305633545
0.1405368149280548
0.8266318440437317
0.769061803817749
0.06573547422885895
0.5549968481063843
0.028856849297881126
0.4187842309474945
0.42903706431388855
0.9528977870941162
0.010972920805215836
0.24877610802650452
0.5832440853118896
0.6330077052116394
0.42841851711273193
0.8067934513092041
0.5064331889152527
0.6684778928756714
0.9221492409706116
0.6201871633529663
0.32969194650650024
0.14026808738708496
0.3784696161746979
0.1208813339471817
0.4523325562477112
0.9508749842643738
0.678574800491333
0.4753798842430115
0.0029795595910400152
0.23859062790870667
0.746768593788147
0.5892205238342285
0.6655192375183105
0.04962664842605591
0.7733870148658752
0.12059750407934189
0.11360234767198563
0.8763599395751953
0.6844374537467957
0.7121866941452026
0.9871153831481934
0.8264139294624329
0.18719835579395294
0.376345157623291
0.2653025984764099
0.04668726772069931
0.35998937487602234
0.4757522940635681
0.7958570718765259
0.06051047518849373
0.9897421598434448
0.8387805223464966
0.22589248418807983
0.7551743984222412
0.8372471332550049
0.39280828833580017
0.9259112477302551
0.41541287302970886
0.3659511208534241
0.4364120066165924
0.9852830767631531
0.7929750084877014
0.21375149488449097
0.5306186676025391
0.3817567825317383
0.5709816217422485
0.1862739473581314
0.2688532769680023
0.9506685733795166
0.8532631993293762
0.7741886973381042
0.3199199140071869
0.8994919657707214
0.2733760476112366
0.4701880216598511
0.3851345181465149
0.34856709837913513
0.9079003930091858
0.5362640023231506
0.920773446559906
0.9561359286308289
0.05106630176305771
0.9124888777732849
0.5921676158905029
0.5839645266532898
0.6466890573501587
0.3458024263381958
0.046202123165130615
0.6831473708152771
0.8207263946533203
0.801322877407074
0.7468477487564087
0.9938534498214722
0.9716746807098389
0.5212813019752502
0.515129566192627
0.5609458684921265
0.37558990716934204
0.741657555103302
0.14307889342308044
0.8494883179664612
0.8683598637580872
0.6531975865364075
0.2125096470117569
0.2410096377134323
0.10775559395551682
0.8009994626045227
0.26260489225387573
0.41422152519226074
0.677239716053009
0.011900615878403187
0.28405025601387024
0.8784084916114807
0.1294316202402115
0.08108670264482498
0.8999850749969482
0.9100643396377563
0.32568418979644775
0.1298917979001999
0.09048966318368912
0.39389339089393616
0.44453397393226624
0.4154353439807892
0.7545905709266663
0.45610836148262024
0.6215941309928894
0.6858068108558655
0.8489243388175964
0.7388202548027039
0.7203174233436584
0.18016427755355835
0.04823887720704079
0.4096503257751465
0.477183997631073
0.9450769424438477
0.12238423526287079
0.06885532289743423
0.555023193359375
0.5651441216468811
0.6521894335746765
0.6635674834251404
0.6091288328170776
0.7882323265075684
0.0157349593937397
0.8690077066421509
0.8659560680389404
0.9828665256500244
0.03173934295773506
0.5669087171554565
0.08519838750362396
0.6778131127357483
0.1671968549489975
0.3961898982524872
0.782659649848938
0.798632025718689
0.47325560450553894
0.07739816606044769
0.40820688009262085
0.41642943024635315
0.4524880349636078
0.03838018700480461
0.6115928292274475
0.6195722818374634
0.17889463901519775
0.34709927439689636
0.8312708735466003
0.20873896777629852
0.5086706280708313
0.7611397504806519
0.16056537628173828
0.6672177910804749
0.23566113412380219
0.6703425645828247
0.01331560593098402
0.2090940624475479
0.5179509520530701
0.7386770844459534
0.7179207801818848
0.17414548993110657
0.605418860912323
0.14531460404396057
0.7702040076255798
0.8999097943305969
0.8443757891654968
0.7198250889778137
0.45182329416275024
0.7985588312149048
0.28759199380874634
0.7882940173149109
0.00427300576120615
0.6935095191001892
0.8608099818229675
0.23442816734313965
0.8711658120155334
0.44832053780555725
0.7770350575447083
0.25298774242401123
0.9695125222206116
0.9596843719482422
0.025906262919306755
0.015902554616332054
0.8846287131309509
0.4915706515312195
0.08006279170513153
0.09815696626901627
0.8414649367332458
0.056742098182439804
0.9863865375518799
0.2575419247150421
0.2243325412273407
0.9460031986236572
0.840043842792511
0.1816212385892868
0.904563307762146
0.33979135751724243
0.7402423620223999
0.5851250290870667
0.5457815527915955
0.4430304169654846
0.1633991003036499
0.6084478497505188
0.2579735219478607
0.695313572883606
0.4625089764595032
0.9760342240333557
0.8450679183006287
0.7433398365974426
0.7177725434303284
0.43813595175743103
0.3606080710887909
0.20566517114639282
0.6682323813438416
0.7611135840415955
0.34853124618530273
0.1917065531015396
0.5458912253379822
0.29127439856529236
0.09490043669939041
0.04862076789140701
0.3920849859714508
0.943000078201294
0.1341739147901535
0.8465524315834045
0.3822219967842102
0.1226370707154274
0.6391733288764954
0.7821448445320129
0.9993563294410706
0.6527108550071716
0.1415088176727295
0.7528669238090515
0.568997323513031
0.892641007900238
0.40198537707328796
0.2445547729730606
0.899675190448761
0.686269998550415
0.5138887166976929
0.8504427075386047
0.3308568596839905
0.4420377314090729
0.31259462237358093
0.00438489718362689
0.4582653045654297
0.8793124556541443
0.1901346743106842
0.02387647144496441
0.21284978091716766
0.10038130730390549
0.8766200542449951
0.14140139520168304
0.5032764673233032
0.9587829113006592
0.6510211229324341
0.523762583732605
0.19233042001724243
0.9631891846656799
0.880470871925354
0.16109296679496765
0.19356828927993774
0.7905837893486023
0.9876744151115417
0.9632216095924377
0.11139795929193497
0.5866047143936157
0.7983564734458923
0.6293514966964722
0.7719601988792419
0.8076604008674622
0.6960495710372925
0.8384877443313599
0.12997128069400787
0.5218924880027771
0.2800965905189514
0.10143303871154785
0.05743969976902008
0.08699605613946915
0.17719592154026031
0.008957253769040108
0.968878448009491
0.11290188133716583
0.2287331372499466
0.979148805141449
0.6657713651657104
0.6835157871246338
0.10450165718793869
0.4084310531616211
0.5027458071708679
0.2827308773994446
0.37173667550086975
0.9816199541091919
0.6414486765861511
0.6484076380729675
0.8799824118614197
0.04870479181408882
0.09947486221790314
0.6754513382911682
0.11022062599658966
0.5953416228294373
0.8796048164367676
0.2018125355243683
0.6421045660972595
0.11665275692939758
0.7660822868347168
0.357265830039978
0.48468950390815735
0.27247706055641174
0.0490323081612587
0.2327689826488495
0.8177976012229919
0.9671308994293213
0.6768792271614075
0.9000514149665833
0.4967816472053528
0.40585118532180786
0.861200213432312
0.7623243927955627
0.7368485331535339
0.9279662370681763
0.6122432947158813
0.8505264520645142
0.14538750052452087
0.6286361217498779
0.502092719078064
0.160208061337471
0.8610314726829529
0.6717646718025208
0.26086312532424927
0.6592708230018616
0.11603309959173203
0.4150633215904236
0.3505237102508545
0.9821975231170654
0.7802159190177917
0.12048976123332977
0.24091234803199768
0.9820898771286011
0.5209274888038635
0.5037228465080261
0.4429391026496887
0.1638835221529007
0.16487868130207062
0.6131937503814697
0.9904125332832336
0.5977379083633423
0.18516717851161957
0.510179877281189
0.4613662660121918
0.8828176856040955
0.5078895092010498
0.9084935188293457
0.9383729100227356
0.8416175246238708
0.4296181797981262
0.8531633019447327
0.5272403955459595
0.8677947521209717
0.16336028277873993
0.1931278556585312
0.11678287386894226
0.6735998392105103
0.5391002297401428
0.23815688490867615
0.297503262758255
0.38858410716056824
0.17745307087898254
0.4952394962310791
0.4913283586502075
0.14846821129322052
0.6444636583328247
0.8322658538818359
0.3586966097354889
0.8227805495262146
0.974907398223877
0.7199048399925232
0.525862455368042
0.5602664351463318
0.5490854382514954
0.009691561572253704
0.8015655875205994
0.3086227774620056
0.19353288412094116
0.24551869928836823
0.6954795122146606
0.8242486119270325
0.6341403722763062
0.025010842829942703
0.3476082384586334
0.4838058650493622
0.7793225646018982
0.5393213629722595
0.04673098027706146
0.0412074513733387
0.6939511299133301
0.6657859086990356
0.16091467440128326
0.27271175384521484
0.03117579221725464
0.5853703618049622
0.06287935376167297
0.4681340157985687
0.18033334612846375
0.4926305115222931
0.32749977707862854
0.201462522149086
0.9217453002929688
0.051394522190093994
0.8366614580154419
0.6570987105369568
0.7953508496284485
0.8075538873672485
0.8209304213523865
0.19872187077999115
0.9804791808128357
0.31381529569625854
0.6819081902503967
0.7800736427307129
0.1393921673297882
0.19312533736228943
0.6654400825500488
0.4999423623085022
0.10148724168539047
0.714441180229187
0.9072964191436768
0.7851447463035583
0.7980615496635437
0.11777068674564362
0.3134601414203644
0.6171621680259705
0.988933801651001
0.2293715924024582
0.8591681718826294
0.018037470057606697
0.4523846209049225
0.09961715340614319
0.5404078960418701
0.9912704825401306
0.2367931455373764
0.06974197924137115
0.48303788900375366
0.7174658179283142
0.028201468288898468
0.026425808668136597
0.40025246143341064
0.00042733128066174686
0.36419862508773804
0.10700517147779465
0.8659211993217468
0.7077598571777344
0.8886051177978516
0.5373144149780273
0.32396796345710754
0.019549846649169922
0.39165452122688293
0.6517048478126526
0.08298918604850769
0.7410820722579956
0.8519009351730347
0.538195013999939
0.06571343541145325
0.9521845579147339
0.0557248555123806
0.5983919501304626
0.37869614362716675
0.017575964331626892
0.7928357720375061
0.8241874575614929
0.5016748309135437
0.7216566801071167
0.1314247101545334
0.1492774337530136
0.6792742609977722
0.1656898707151413
0.9528473019599915
0.6821540594100952
0.14239518344402313
0.20792360603809357
0.9523412585258484
0.022354546934366226
0.05939418449997902
0.30733436346054077
0.04411262273788452
0.26029172539711
0.06817828118801117
0.757858157157898
0.7775853276252747
0.41332200169563293
0.45897868275642395
0.1400344967842102
0.5322291254997253
0.2421603500843048
0.25829604268074036
0.4694129526615143
0.9473487138748169
0.8891677260398865
0.9734288454055786
0.522014319896698
0.7570074796676636
0.21228927373886108
0.9838163256645203
0.767812192440033
0.094195157289505
0.5644780993461609
0.3397364616394043
0.7624468803405762
0.3864011764526367
0.2515548765659332
0.7579728364944458
0.3202129006385803
0.6936344504356384
0.6012459993362427
0.613105833530426
0.8925261497497559
0.1348523497581482
0.8805029988288879
0.23716942965984344
0.20203359425067902
0.06644861400127411
0.5568833947181702
0.9153252243995667
0.8471428155899048
0.5198986530303955
0.10358398407697678
0.2680061161518097
0.9537584781646729
0.4531393349170685
0.17638923227787018
0.33716240525245667
0.605833888053894
0.1549065262079239
0.9610635042190552
0.8052418828010559
0.7438819408416748
0.497101366519928
0.6628662943840027
0.6548742055892944
0.7063778042793274
0.8124640583992004
0.8654941320419312
0.15790791809558868
0.8348690271377563
0.24515211582183838
0.5543392896652222
0.09621375054121017
0.45313459634780884
0.9922220706939697
0.9023756384849548
0.930286705493927
0.463034063577652
0.22739437222480774
0.18292757868766785
0.6918171644210815
0.4869769215583801
0.7787609100341797
0.18440251052379608
0.8895704746246338
0.2923140227794647
0.14102421700954437
0.15061575174331665
0.8707159161567688
0.8934455513954163
0.1911936104297638
0.04995856061577797
0.9445924162864685
0.882136881351471
0.7261456251144409
0.0023962974082678556
0.9459450244903564
0.5744726061820984
0.8311852812767029
0.6749067902565002
0.4530288875102997
0.1397365778684616
0.051030054688453674
0.25864842534065247
0.8516594767570496
0.8186609745025635
0.11699224263429642
0.4622798264026642
0.5556312203407288
0.23082561790943146
0.8589527010917664
0.27615275979042053
0.28994742035865784
0.3288997411727905
0.4895535707473755
0.4673245847225189
0.2814469635486603
0.06634102016687393
0.2583984434604645
0.0856374055147171
0.45301732420921326
0.6608507633209229
0.8133719563484192
0.052564505487680435
0.18401770293712616
0.39173054695129395
0.7222710847854614
0.7036536931991577
0.031756579875946045
0.7338277697563171
0.0012343006674200296
0.5480095744132996
0.39362943172454834
0.37886881828308105
0.3710051476955414
0.8758149147033691
0.5498802661895752
0.6325480341911316
0.813523530960083
0.24613261222839355
0.3881635367870331
0.32178813219070435
0.7535298466682434
0.4429014325141907
0.6034666895866394
0.5451674461364746
0.31608450412750244
0.1912374347448349
0.4883813261985779
0.6918574571609497
0.6988388895988464
0.21963942050933838
0.1881672590970993
0.7000693082809448
0.6335760354995728
0.5689128041267395
0.13256995379924774
0.43341687321662903
0.6311732530593872
0.4255719780921936
0.4017672538757324
0.9568949937820435
0.006198555696755648
0.36027026176452637
0.2749537527561188
0.9535765647888184
0.4969724416732788
0.3538511395454407
0.7919812798500061
0.5106469392776489
0.8341569304466248
0.6176564693450928
0.17208048701286316
0.7547940015792847
0.9459167122840881
0.5214365124702454
0.6359688639640808
0.4413931667804718
0.040095653384923935
0.5113744735717773
0.12612789869308472
0.48597267270088196
0.13430261611938477
0.5927030444145203
0.7917231321334839
0.4819285571575165
0.8398265242576599
0.8955697417259216
0.34394803643226624
0.6731175184249878
0.7962571382522583
0.3644534647464752
0.5038314461708069
0.988944947719574
0.9491187930107117
0.8487883806228638
0.5795433521270752
0.6547845005989075
0.857477605342865
0.6976673007011414
0.5266253352165222
0.3752971887588501
0.11506709456443787
0.6095077991485596
0.5089899301528931
0.8064849972724915
0.3385641872882843
0.9114536643028259
0.9325079321861267
0.5694543719291687
0.27877894043922424
0.7557961940765381
0.8442859053611755
0.9530521035194397
0.474284827709198
0.4733355939388275
0.8608542084693909
0.36939647793769836
0.2161574512720108
0.9347116351127625
0.7547110915184021
0.6171963810920715
0.9283120632171631
0.7222549915313721
0.9349516034126282
0.29476019740104675
0.8916985392570496
0.2830052077770233
0.6650990843772888
0.2070561945438385
0.23967811465263367
0.4565838575363159
0.25922757387161255
0.39050352573394775
0.30390581488609314
0.41900908946990967
0.537864089012146
0.8367719650268555
0.19100292026996613
0.3850879371166229
0.8569377660751343
0.9059540629386902
0.36624038219451904
0.30340835452079773
0.5172821879386902
0.20111308991909027
0.5109113454818726
0.1512383669614792
0.8345924019813538
0.762404203414917
0.2686282694339752
0.38035622239112854
0.7453620433807373
0.0940682590007782
0.8618319034576416
0.0782151073217392
0.7080723643302917
0.10209163278341293
0.45259612798690796
0.8389317989349365
0.9166194200515747
0.40824565291404724
0.9274042248725891
0.22994956374168396
0.001250190194696188
0.7904738187789917
0.40899530053138733
0.4390091896057129
0.15869207680225372
0.5879879593849182
0.457245796918869
0.5614194869995117
0.6563157439231873
0.14679457247257233
0.18241138756275177
0.061394255608320236
0.8597410917282104
0.26746147871017456
0.936671793460846
0.5065147876739502
0.03420121222734451
0.4102955758571625
0.6587358713150024
0.8047964572906494
0.026901284232735634
0.054267462342977524
0.648513674736023
0.09570851176977158
0.1968187689781189
0.3664283752441406
0.1172388345003128
0.8514081835746765
0.182973250746727
0.3318020701408386
0.3372672200202942
0.04672888293862343
0.9504236578941345
0.3201002776622772
0.40329915285110474
0.7074071764945984
0.9851809740066528
0.26111212372779846
0.3183061182498932
0.853435218334198
0.5803036689758301
0.9966376423835754
0.7506070733070374
0.5588268041610718
0.5928330421447754
0.4113018810749054
0.9230957627296448
0.10736291110515594
0.7145137190818787
0.9476029276847839
0.3916129767894745
0.8281235694885254
0.01095624454319477
0.3756663203239441
0.1462225317955017
0.055691927671432495
0.6873990893363953
0.028198404237627983
0.4146653115749359
0.602859616279602
0.03477859124541283
0.7543615698814392
0.7501245141029358
0.33506327867507935
0.07205148786306381
0.008646083995699883
0.21434955298900604
0.36042651534080505
0.8522105813026428
0.6205047965049744
0.858372688293457
0.74622642993927
0.27138659358024597
0.6876363158226013
0.31567519903182983
0.7471641302108765
0.71759432554245
0.9832378029823303
0.7200233936309814
0.9279256463050842
0.8734482526779175
0.4875825047492981
0.34179505705833435
0.5363813638687134
0.11404753476381302
0.45919686555862427
0.6538339257240295
0.1720510870218277
0.7594912648200989
0.4320766031742096
0.5580565333366394
0.065594382584095
0.8751903772354126
0.31141021847724915
0.31283852458000183
0.9581781625747681
0.8940008282661438
0.8646392226219177
0.8826920390129089
0.6910062432289124
0.9332172870635986
0.4349980354309082
0.09932228177785873
0.6673290729522705
0.7396876811981201
0.6697633266448975
0.06884323060512543
0.10366660356521606
0.8585565686225891
0.06673621386289597
0.29588422179222107
0.9779981970787048
0.38682714104652405
0.7892458438873291
0.5420099496841431
0.5121632218360901
0.6298466920852661
0.862892210483551
0.5486688017845154
0.8168043494224548
0.5446454882621765
0.20545177161693573
0.7670223712921143
0.4808369278907776
0.3171943128108978
0.5794824957847595
0.9022586941719055
0.3985678553581238
0.38784074783325195
0.12356936186552048
0.0501956082880497
0.6696130037307739
0.3035382926464081
0.6861468553543091
0.2708594799041748
0.7088335752487183
0.9313661456108093
0.1423780620098114
0.0353623703122139
0.017345089465379715
0.3787469267845154
0.2480544000864029
0.9067965745925903
0.7400314211845398
0.29209262132644653
0.17820563912391663
0.3337336778640747
0.8246580958366394
0.07609468698501587
0.16381163895130157
0.17630238831043243
0.0043938918970525265
0.5772281289100647
0.13461089134216309
0.05160392448306084
0.5231693387031555
0.08510493487119675
0.0991910770535469
0.8134962320327759
0.31264936923980713
0.7872245907783508
0.8982032537460327
0.20131680369377136
0.01662442274391651
0.2880218029022217
0.3425588309764862
0.8591486811637878
0.6466333866119385
0.6180193424224854
0.5963184237480164
0.27402979135513306
0.9264394044876099
0.6775231957435608
0.6468564867973328
0.8104960918426514
0.3388618528842926
0.9381940364837646
0.455130934715271
0.2691957354545593
0.3269023597240448
0.31552478671073914
0.9098843336105347
0.05539944767951965
0.6680812239646912
0.6062762141227722
0.9969456791877747
0.537499189376831
0.384883850812912
0.4176521897315979
0.8624953627586365
0.42226219177246094
0.7424582242965698
0.2921610176563263
0.5576251745223999
0.43153244256973267
0.940365731716156
0.6070255637168884
0.9726763367652893
0.5003162622451782
0.345048189163208
0.8593350052833557
0.256948322057724
0.4636135697364807
0.157485231757164
0.9583464860916138
0.2982485592365265
0.5594160556793213
0.9457817673683167
0.37327027320861816
0.18524444103240967
0.040828391909599304
0.7249675989151001
0.16555877029895782
0.5259316563606262
0.26941967010498047
0.5857288241386414
0.011892735958099365
0.9027503728866577
0.36844831705093384
0.4734986424446106
0.7567423582077026
0.09844834357500076
0.28919947147369385
0.7665478587150574
0.797814667224884
0.2757326662540436
0.07824094593524933
0.1962515264749527
0.21557535231113434
0.3165041208267212
0.15299664437770844
0.10925400257110596
0.5450725555419922
0.1546640545129776
0.6799089908599854
0.08122271299362183
0.11501029133796692
0.98322993516922
0.7329477667808533
0.603582501411438
0.13866578042507172
0.3745734393596649
0.36002394556999207
0.5333223938941956
0.3355710208415985
0.7494276165962219
0.9871357083320618
0.38697758316993713
0.2575128376483917
0.024372993037104607
0.392643541097641
0.2295771986246109
0.5584739446640015
0.5684430599212646
0.7216743230819702
0.9914440512657166
0.27565208077430725
0.672077476978302
0.9513909816741943
0.0889028012752533
0.26998093724250793
0.6711961627006531
0.11397489905357361
0.19247014820575714
0.7380645871162415
0.9413059949874878
0.6427784562110901
0.5497532486915588
0.4207540452480316
0.36855295300483704
0.2567152678966522
0.10453969985246658
0.8911048769950867
0.09192019701004028
0.5502687692642212
0.46318957209587097
0.2222871482372284
0.05040336027741432
0.2652779221534729
0.8511478304862976
0.978779673576355
0.3076978623867035
0.09041355550289154
0.42322400212287903
0.5666266679763794
0.6729702353477478
0.15486721694469452
0.05980469286441803
0.6873936653137207
0.4848421812057495
0.44033774733543396
0.14837045967578888
0.5357847809791565
0.4336310029029846
0.3600427508354187
0.6324467658996582
0.07999347150325775
0.41521817445755005
0.7410808205604553
0.507973849773407
0.7139580249786377
0.15654006600379944
0.6407003998756409
0.3311403691768646
0.09116188436746597
0.1797935515642166
0.5089645385742188
0.6537790298461914
0.7914738655090332
0.8482357859611511
0.3153955340385437
0.6889227032661438
0.9013662934303284
0.3291685879230499
0.4260824918746948
0.36228036880493164
0.8143751621246338
0.580010712146759
0.5462509393692017
0.543012797832489
0.7159761786460876
0.5698933005332947
0.5235996246337891
0.43263983726501465
0.8050432205200195
0.4597945809364319
0.26063695549964905
0.39761030673980713
0.548547089099884
0.1853705644607544
0.8942174911499023
0.7610363364219666
0.8581839799880981
0.2713403105735779
0.9057561755180359
0.5511012077331543
0.2612318992614746
0.5960838198661804
0.8569619059562683
0.7755590677261353
0.666742205619812
0.1214507669210434
0.307157427072525
0.250815749168396
0.5914545059204102
0.5801824927330017
0.9009379744529724
0.9458149075508118
0.918185293674469
0.2949660122394562
0.5718519687652588
0.925286054611206
0.3993501365184784
0.3705657422542572
0.419715017080307
0.5877792239189148
0.7329947352409363
0.397106796503067
0.15703968703746796
0.8849269151687622
0.9510012269020081
0.37438973784446716
0.7464847564697266
0.0072591546922922134
0.3281900882720947
0.5220011472702026
0.17562426626682281
0.4300343692302704
0.04857577756047249
0.7658407688140869
0.8874095678329468
0.28320080041885376
0.7702000737190247
0.46006813645362854
0.9679735898971558
0.43909159302711487
0.5173916220664978
0.7377684116363525
0.26203250885009766
0.4991284906864166
0.6981522440910339
0.29247012734413147
0.02381107024848461
0.32898321747779846
0.4279356300830841
0.23366539180278778
0.8733101487159729
0.10361990332603455
0.014247757382690907
0.10024075210094452
0.6840402483940125
0.6482332348823547
0.47015345096588135
0.49634671211242676
0.14844277501106262
0.08812723308801651
0.13470754027366638
0.3352583348751068
0.16225364804267883
0.9868752360343933
0.610539436340332
0.5624098777770996
0.18480560183525085
0.6883650422096252
0.6188783645629883
0.3795919418334961
0.8837448358535767
0.6295153498649597
0.24512745440006256
0.9560767412185669
0.4708690345287323
0.8631491661071777
0.501356840133667
0.43975377082824707
0.7127453684806824
0.38954636454582214
0.18081583082675934
0.09841461479663849
0.9088536500930786
0.7739635705947876
0.9513005614280701
0.7527201175689697
0.4887663722038269
0.7777722477912903
0.5957382321357727
0.6011648774147034
0.663796067237854
0.9582580327987671
0.4503888785839081
0.04947463050484657
0.9419468641281128
0.7746949791908264
0.8181109428405762
0.8728592395782471
0.21759231388568878
0.5316932201385498
0.2912188172340393
0.6444960236549377
0.611194372177124
0.06117852032184601
0.5147441625595093
0.9893894195556641
0.406933456659317
0.9904088377952576
0.4927249848842621
0.00438435934484005
0.04640176519751549
0.8940916061401367
0.37416255474090576
0.4481472671031952
0.37984299659729004
0.6039755940437317
0.23161472380161285
0.14114899933338165
0.13707388937473297
0.7783800959587097
0.9739347100257874
0.8993096351623535
0.5280096530914307
0.754010021686554
0.6319199800491333
0.4152771234512329
0.6185683608055115
0.5170926451683044
0.6278404593467712
0.465395987033844
0.6261574029922485
0.4031440019607544
0.15856266021728516
0.22966283559799194
0.28470879793167114
0.44310882687568665
0.2423403412103653
0.09722937643527985
0.6607118248939514
0.6471660733222961
0.7979129552841187
0.21154819428920746
0.6203820705413818
0.6554953455924988
0.8163641691207886
0.9584165811538696
0.035575058311223984
0.023060481995344162
0.02415441907942295
0.2686784267425537
0.33921018242836
0.4489755928516388
0.4362214505672455
0.7529927492141724
0.13658691942691803
0.8163788914680481
0.7887447476387024
0.7096582651138306
0.5482487678527832
0.2654893398284912
0.255379319190979
0.5974380373954773
0.5718468427658081
0.3197592496871948
0.5917153358459473
0.15458200871944427
0.5491867065429688
0.9212921857833862
0.16131535172462463
0.8420493602752686
0.6764748692512512
0.9741424918174744
0.9937207698822021
0.24048729240894318
0.2674848139286041
0.4993743598461151
0.7189092040061951
0.28101029992103577
0.6646559834480286
0.7269487380981445
0.869303286075592
0.9682132601737976
0.3869604170322418
0.4771350622177124
0.6790067553520203
0.8148050308227539
0.7927812933921814
0.22715120017528534
0.4272293746471405
0.2611275315284729
0.7215904593467712
0.03155415132641792
0.48414847254753113
0.23395873606204987
0.11888271570205688
0.9754442572593689
0.31047990918159485
0.8870306611061096
0.8175861239433289
0.888429582118988
0.14206209778785706
0.22243079543113708
0.387424498796463
0.6500334739685059
0.7785825133323669
0.21890145540237427
0.3149385154247284
0.7996179461479187
0.12837976217269897
0.10732699930667877
0.25481072068214417
0.7894750237464905
0.5522869825363159
0.3773248791694641
0.37977132201194763
0.06493807584047318
0.5343425869941711
0.8845182061195374
0.3929429352283478
0.6845404505729675
0.10487747937440872
0.3131594955921173
0.4909361004829407
0.5018883943557739
0.2721984386444092
0.8965975642204285
0.9050381183624268
0.01658463105559349
0.24684515595436096
0.8344773650169373
0.0439312644302845
0.964186429977417
0.183297261595726
0.21644403040409088
0.670992910861969
0.6295306086540222
0.0601293183863163
0.9689269065856934
0.362724632024765
0.5242836475372314
0.9118382930755615
0.7533929944038391
0.23528431355953217
0.75499427318573
0.026427647098898888
0.9849476218223572
0.3242282569408417
0.45376721024513245
0.5219146609306335
0.011865432374179363
0.42963066697120667
0.48886561393737793
0.3456026613712311
0.7373312711715698
0.9054553508758545
0.31790056824684143
0.47973528504371643
0.4245341420173645
0.143755242228508
0.10410932451486588
0.9335252642631531
0.7603222727775574
0.27134963870048523
0.7255598306655884
0.510120689868927
0.9625732898712158
0.13640448451042175
0.842669665813446
0.25632429122924805
0.2414817214012146
0.8337848782539368
0.5726382732391357
0.5209288597106934
0.2016727775335312
0.6883277297019958
0.6392823457717896
0.3386721611022949
0.34894296526908875
0.03072740137577057
0.6440658569335938
0.9489037990570068
0.993344247341156
0.13545110821723938
0.8687563538551331
0.1330127865076065
0.501278281211853
0.11899523437023163
0.08808726072311401
0.8980971574783325
0.8308955430984497
0.82112056016922
0.53973388671875
0.8236603736877441
0.3378826081752777
0.8145752549171448
0.7799379229545593
0.8599647283554077
0.8835675120353699
0.5936638116836548
0.6713322401046753
0.019451308995485306
0.856069803237915
0.07612793147563934
0.8098800182342529
0.36157456040382385
0.22084543108940125
0.0444863997399807
0.8720763325691223
0.007542580831795931
0.691562294960022
0.6666404008865356
0.31448984146118164
0.6139556765556335
0.012586546130478382
0.1912211924791336
0.11538495123386383
0.4256533980369568
0.8240599632263184
0.4081314206123352
0.18724000453948975
0.5475330352783203
0.15727482736110687
0.5925871133804321
0.6228971481323242
0.587713897228241
0.3137879967689514
0.9401174783706665
0.013608954846858978
0.47094836831092834
0.7597407102584839
0.6206310987472534
0.12048036605119705
0.8690861463546753
0.2856851816177368
0.589038074016571
0.9468117952346802
0.5143921375274658
0.3441844880580902
0.24682316184043884
0.10084537416696548
0.6574496030807495
0.23025564849376678
0.14555875957012177
0.6214696764945984
0.9867233037948608
0.29902368783950806
0.19858770072460175
0.14667177200317383
0.06250741332769394
0.9090592861175537
0.9746031165122986
0.4811533987522125
0.48775702714920044
0.6666660904884338
0.38580185174942017
0.13328535854816437
0.5052292346954346
0.1634797900915146
0.08050025254487991
0.02552049420773983
0.17958815395832062
0.18744903802871704
0.7473524808883667
0.9569166898727417
0.2868373692035675
0.6519336104393005
0.18813084065914154
0.6113830804824829
0.6105175614356995
0.7116192579269409
0.2700612246990204
0.16826386749744415
0.5976282358169556
0.8516787886619568
0.6044620275497437
0.8745831251144409
0.9128256440162659
0.584609866142273
0.1351107954978943
0.9732939600944519
0.2338409721851349
0.2872600257396698
0.843564510345459
0.8975569605827332
0.16793157160282135
0.12141662836074829
0.06780847162008286
0.638003945350647
0.05793531611561775
0.610939621925354
0.4374125599861145
0.46472135186195374
0.034161996096372604
0.44918420910835266
0.46331465244293213
0.01236653421074152
0.4351196885108948
0.5012786388397217
0.7630370259284973
0.38137513399124146
0.3279884457588196
0.08007888495922089
0.33232322335243225
0.3168714940547943
0.8183209896087646
0.5291728973388672
0.07345577329397202
0.6542295217514038
0.9020823240280151
0.21447306871414185
0.7529270052909851
0.5577773451805115
0.48419997096061707
0.7014634609222412
0.9651404023170471
0.4294034540653229
0.26030999422073364
0.10356621444225311
0.7578755617141724
0.25510174036026
0.5501433610916138
0.05412932112812996
0.7584785223007202
0.6970563530921936
0.836997926235199
0.4671900272369385
0.39229902625083923
0.5831263661384583
0.42886966466903687
0.3721070885658264
0.8497347235679626
0.6504665613174438
0.5508132576942444
0.6240361332893372
0.6657740473747253
0.47285979986190796
0.20065659284591675
0.5918546319007874
0.4035080075263977
0.00818933267146349
0.6095037460327148
0.11432059109210968
0.7158750295639038
0.3273177146911621
0.20026518404483795
0.2510911226272583
0.6458765268325806
0.894915759563446
0.26278412342071533
0.25193139910697937
0.14478614926338196
0.968658447265625
0.6260462999343872
0.19809173047542572
0.9197096228599548
0.3008182942867279
0.8424077033996582
0.10033572465181351
0.013021519407629967
0.8155749440193176
0.36384347081184387
0.5705694556236267
0.795249879360199
0.7830973863601685
0.20154955983161926
0.23264119029045105
0.9703822135925293
0.3979688286781311
0.5851503610610962
0.424594521522522
0.3114681839942932
0.08400619775056839
0.28989100456237793
0.06433849781751633
0.7219266891479492
0.32777443528175354
0.7221389412879944
0.5336290001869202
0.7085513472557068
0.561396062374115
0.11742601543664932
0.601440966129303
0.7104935050010681
0.004367408808320761
0.42101553082466125
0.6730809807777405
0.6776568293571472
0.3806838393211365
0.1818845570087433
0.13320018351078033
0.31283700466156006
0.9133930802345276
0.3348325490951538
0.1850452870130539
0.9693284034729004
0.4602728486061096
0.248594269156456
0.9100522994995117
0.9721150994300842
0.7845507860183716
0.4468190371990204
0.1540382206439972
0.6074059009552002
0.28829896450042725
0.942577600479126
0.36444035172462463
0.4553453028202057
0.5935361385345459
0.710150420665741
0.28718599677085876
0.10791827738285065
0.6295655965805054
0.05070436745882034
0.08315583318471909
0.04664545878767967
0.3154508173465729
0.3704487383365631
0.10229811817407608
0.785176157951355
0.8015921711921692
0.011395811103284359
0.6389861702919006
0.48133760690689087
0.7065025568008423
0.6525999307632446
0.9011039137840271
0.6704028844833374
0.8668023347854614
0.16270039975643158
0.6458232402801514
0.09198296070098877
0.413504958152771
0.7554479837417603
0.10388641804456711
0.01567074842751026
0.11162791401147842
0.10417181253433228
0.17197966575622559
0.4464236795902252
0.38304054737091064
0.8949084877967834
0.6125134825706482
0.17998941242694855
0.023068485781550407
0.7269567251205444
0.3793170750141144
0.9766877889633179
0.6712176203727722
0.9860033988952637
0.22798629105091095
0.1794441193342209
0.3772142231464386
0.41375452280044556
0.3764912784099579
0.9450733065605164
0.7883327007293701
0.8560457229614258
0.5092169642448425
0.17294099926948547
0.6154941320419312
0.9060015082359314
0.8332820534706116
0.15446048974990845
0.647320568561554
0.298597127199173
0.07661211490631104
0.9940428137779236
0.7039454579353333
0.38548386096954346
0.532148540019989
0.38219159841537476
0.0669894888997078
0.6296645998954773
0.8133882284164429
0.5523243546485901
0.42844146490097046
0.19043467938899994
0.08237682282924652
0.002486853627488017
0.8328120112419128
0.8733411431312561
0.007851782254874706
0.45769843459129333
0.1424749344587326
0.4270656406879425
0.49185433983802795
0.044794563204050064
0.8783635497093201
0.0837988406419754
0.09500810503959656
0.14998352527618408
0.4287959039211273
0.9825209379196167
0.1784997135400772
0.5658482909202576
0.3294443190097809
0.8164536356925964
0.39697110652923584
0.6587332487106323
0.8075517416000366
0.7214876413345337
0.4261223375797272
0.2531621754169464
0.24215705692768097
0.6032472252845764
0.14963918924331665
0.004068528302013874
0.5358886122703552
0.8011317253112793
0.7473533749580383
0.992300808429718
0.475716233253479
0.10430566221475601
0.35225969552993774
0.6112550497055054
0.32352539896965027
0.36541250348091125
0.6465333104133606
0.6152121424674988
0.03346109390258789
0.8846158981323242
0.7879549860954285
0.7862316966056824
0.6012847423553467
0.5920894742012024
0.5636580586433411
0.7123836278915405
0.5623939037322998
0.5134850144386292
0.9009915590286255
0.9079506397247314
0.5095958709716797
0.7853989601135254
0.20377954840660095
0.1646125316619873
0.3587108850479126
0.28635624051094055
0.9191620349884033
0.0546330101788044
0.4248877763748169
0.04187886416912079
0.16552989184856415
0.602315366268158
0.6969345808029175
0.4202783703804016
0.5423186421394348
0.7219101190567017
0.5667640566825867
0.9465223550796509
0.12007662653923035
0.6823898553848267
0.30916574597358704
0.5942638516426086
0.13946008682250977
0.2840811610221863
0.30038371682167053
0.09164749085903168
0.9422496557235718
0.20130550861358643
0.8922886252403259
0.3895682990550995
0.8569749593734741
0.06359273195266724
0.23665693402290344
0.3486548662185669
0.6385668516159058
0.4728943109512329
0.9025641679763794
0.26218175888061523
0.25112536549568176
0.21576842665672302
0.5127356052398682
0.5780221819877625
0.4086677134037018
0.7057379484176636
0.3387141525745392
0.24990485608577728
0.18364208936691284
0.9793365001678467
0.4516950249671936
0.6480720043182373
0.7351635098457336
0.22787922620773315
0.25676462054252625
0.7495993971824646
0.8807198405265808
0.8540283441543579
0.4008185565471649
0.3470572531223297
0.6451570391654968
0.8964250683784485
0.9475608468055725
0.6675717234611511
0.929322361946106
0.8724934458732605
0.0946911945939064
0.13610345125198364
0.8236754536628723
0.6903392672538757
0.2079092264175415
0.7755672931671143
0.6998200416564941
0.8836737871170044
0.6835716366767883
0.3468281328678131
0.19567102193832397
0.47989314794540405
0.2818663418292999
0.9624993205070496
0.6409584283828735
0.9718306660652161
0.05351594090461731
0.33190667629241943
0.695610523223877
0.9613372683525085
0.9465887546539307
0.15337935090065002
0.6291890740394592
0.6938506960868835
0.4878111481666565
0.826805830001831
0.5495996475219727
0.9589014053344727
0.07421579957008362
0.5761789679527283
0.027837004512548447
0.9836260676383972
0.9182054996490479
0.6694403290748596
0.41623952984809875
0.8756678700447083
0.27617746591567993
0.5653330683708191
0.6082489490509033
0.7983729839324951
0.022519677877426147
0.3615872859954834
0.6071085929870605
0.41198983788490295
0.1177818551659584
0.5494276285171509
0.9413360953330994
0.745261013507843
0.8781210780143738
0.21733319759368896
0.21844495832920074
0.6440998911857605
0.5665469765663147
0.34952911734580994
0.5028453469276428
0.25171321630477905
0.06810726225376129
0.29873958230018616
0.7501713037490845
0.9923667311668396
0.4551922082901001
0.9216246604919434
0.3524915874004364
0.0065742116421461105
0.5496681928634644
0.33190563321113586
0.5131800174713135
0.47551196813583374
0.7288221716880798
0.11853932589292526
0.6680785417556763
0.5027748346328735
0.3947988450527191
0.912403404712677
0.40451857447624207
0.6137607097625732
0.66643226146698
0.2757014334201813
0.15822692215442657
0.7819995880126953
0.10071666538715363
0.23884046077728271
0.040754787623882294
0.39144477248191833
0.1867869794368744
0.11476466804742813
0.08021500706672668
0.6910779476165771
0.4855254888534546
0.7013853192329407
0.8920645713806152
0.430012583732605
0.7151708006858826
0.35210925340652466
0.18616364896297455
0.9816994071006775
0.9824507832527161
0.8458428382873535
0.23272161185741425
0.4141502380371094
0.5801491141319275
0.03336473926901817
0.8198850154876709
0.8638150691986084
0.6241112947463989
0.8817855715751648
0.11664551496505737
0.7862944602966309
0.10950678586959839
0.9830887913703918
0.2039071023464203
0.5277317762374878
0.4059208035469055
0.2828463017940521
0.1525644212961197
0.010290591046214104
0.5334080457687378
0.12993162870407104
0.9831454753875732
0.5959007740020752
0.32826006412506104
0.02720554918050766
0.3664509356021881
0.30807003378868103
0.8255669474601746
0.6560789942741394
0.79203200340271
0.9444679617881775
0.10990353673696518
0.556843101978302
0.9595350027084351
0.03151813894510269
0.9103480577468872
0.7602396011352539
0.25486990809440613
0.3161863684654236
0.7044385075569153
0.4257158041000366
0.16504544019699097
0.39286959171295166
0.883934736251831
0.10471443831920624
0.46635058522224426
0.17999829351902008
0.2808828055858612
0.8491866588592529
0.697274923324585
0.3996703326702118
0.4234108030796051
0.10718173533678055
0.9935734272003174
0.640174925327301
0.7059031128883362
0.4676000773906708
0.8785885572433472
0.02849784679710865
0.8252474069595337
0.6383941769599915
0.0786372721195221
0.3140341639518738
0.6485280990600586
0.6307792663574219
0.7464130520820618
0.43972763419151306
0.395166277885437
0.2686404883861542
0.7211510539054871
0.35329046845436096
0.05109911784529686
0.36752864718437195
0.7372304201126099
0.5939529538154602
0.10558638721704483
0.45689520239830017
0.0995800793170929
0.7115247249603271
0.5924424529075623
0.04273677244782448
0.26505595445632935
0.15073958039283752
0.08914997428655624
0.9627646207809448
0.9786829948425293
0.6102482676506042
0.21471735835075378
0.1443120688199997
0.653990626335144
0.6714820861816406
0.20888492465019226
0.5780569314956665
0.7807395458221436
0.06952787190675735
0.5175390839576721
0.03981464356184006
0.03696683421730995
0.5717985033988953
0.9917604923248291
0.34944579005241394
0.5056455135345459
0.21825027465820312
0.6771183013916016
0.6301594972610474
0.1690586358308792
0.6658952236175537
0.86311936378479
0.9227612614631653
0.11092254519462585
0.037718310952186584
0.8006755709648132
0.3194601833820343
0.283225417137146
0.9382848739624023
0.20612679421901703
0.8150352239608765
0.40442511439323425
0.32857903838157654
0.7199087738990784
0.33544662594795227
0.8035131096839905
0.398181676864624
0.005190085619688034
0.9475730061531067
0.26751306653022766
0.6187244653701782
0.3066699504852295
0.17221347987651825
0.3083421289920807
0.7386384010314941
0.6847640872001648
0.3822344243526459
0.09196639806032181
0.7704104781150818
0.8846233487129211
0.46926602721214294
0.49307116866111755
0.17508065700531006
0.252673864364624
0.09812067449092865
0.3240906000137329
0.7765426635742188
0.7963401675224304
0.02961340919137001
0.29135486483573914
0.9312855005264282
0.9559908509254456
0.25728747248649597
0.27810588479042053
0.9389516115188599
0.9595743417739868
0.22859561443328857
0.6164579391479492
0.005859230179339647
0.16066040098667145
0.45124220848083496
0.8694037199020386
0.6812916994094849
0.22997406125068665
0.9547279477119446
0.6590139269828796
0.6297245621681213
0.15474258363246918
0.4911635220050812
0.061376675963401794
0.8417956829071045
0.14512428641319275
0.14424309134483337
0.36633816361427307
0.8742179870605469
0.2772153317928314
0.9188352227210999
0.9262704253196716
0.6455748081207275
0.9893239140510559
0.5414031744003296
0.07149997353553772
0.5388929843902588
0.0992128849029541
0.4576812982559204
0.09340623021125793
0.8768680691719055
0.9807820916175842
0.5510497093200684
0.452023446559906
0.5284578800201416
0.22738724946975708
0.5961963534355164
0.6216816306114197
0.0059914481826126575
0.4527049660682678
0.6991006731987
0.5614843964576721
0.8325508236885071
0.5077297687530518
0.8140667080879211
0.1372213512659073
0.14663472771644592
0.6670607924461365
0.6665173172950745
0.0856780856847763
0.3138361871242523
0.002094645518809557
0.896425724029541
0.27024176716804504
0.1469152271747589
0.4434414803981781
0.8466471433639526
0.22297045588493347
0.10072460025548935
0.6142885684967041
0.7623115181922913
0.8669451475143433
0.3023744225502014
0.2783297002315521
0.4852091073989868
0.22240281105041504
0.812023401260376
0.47564032673835754
0.40357592701911926
0.7751277685165405
0.5733057856559753
0.27427980303764343
0.3285827040672302
0.982079029083252
0.4535841643810272
0.20155717432498932
0.18436594307422638
0.24674464762210846
0.012734306044876575
0.7221273183822632
0.9063760638237
0.08629628270864487
0.8752220273017883
0.7406543493270874
0.5303291082382202
0.015770722180604935
0.7303321361541748
0.2383822500705719
0.6707964539527893
0.4538544714450836
0.6868820786476135
0.482560396194458
0.1007128432393074
0.45376870036125183
0.6483603715896606
0.25983646512031555
0.49491268396377563
0.3539743721485138
0.8857991099357605
0.8010264039039612
0.5503596663475037
0.19859153032302856
0.14655478298664093
0.7088432312011719
0.19539427757263184
0.4273909628391266
0.9683842062950134
0.601281464099884
0.014351209625601768
0.30540579557418823
0.6713576316833496
0.12583021819591522
0.41163402795791626
0.7741670608520508
0.5144450068473816
0.4417724907398224
0.36750131845474243
0.6462177634239197
0.8946407437324524
0.32454925775527954
0.5493191480636597
0.5781447291374207
0.08047451823949814
0.2709715664386749
0.3354339599609375
0.35802528262138367
0.7324199676513672
0.44670581817626953
0.3902267515659332
0.7264231443405151
0.3796573579311371
0.735176146030426
0.6848548650741577
0.01712985709309578
0.09639202058315277
0.39960888028144836
0.3320561349391937
0.6483908891677856
0.5327394604682922
0.7051563858985901
0.6352424621582031
0.9684869647026062
0.9625504016876221
0.3579045832157135
0.7400063276290894
0.34650567173957825
0.8800851106643677
0.8618886470794678
0.6740069389343262
0.6071479320526123
0.06265673786401749
0.41177821159362793
0.6294132471084595
0.4838448762893677
0.5766394138336182
0.39156633615493774
0.8747341632843018
0.9423124194145203
0.23079784214496613
0.7968854308128357
0.005465696565806866
0.6229084134101868
0.9850236177444458
0.31343409419059753
0.8271254897117615
0.6988442540168762
0.9202392101287842
0.9758902788162231
0.22669914364814758
0.9215793013572693
0.08258680999279022
0.001932270941324532
0.08895745128393173
0.49479037523269653
0.03592507541179657
0.8016147613525391
0.3106651306152344
0.417987197637558
0.9254319667816162
0.41872546076774597
0.0885755643248558
0.12596844136714935
0.9072644114494324
0.14818720519542694
0.7405722737312317
0.49332836270332336
0.41548848152160645
0.6792941689491272
0.97171950340271
0.273497611284256
0.8832173347473145
0.14708150923252106
0.5621439814567566
0.756434440612793
0.9375988245010376
0.5554402470588684
0.7718046307563782
0.971568763256073
0.28499966859817505
0.9400576949119568
0.8643590807914734
0.4481829106807709
0.9235618114471436
0.19354209303855896
0.22027379274368286
0.21151664853096008
0.7987642884254456
0.7628881335258484
0.6097772121429443
0.30344006419181824
0.07859353721141815
0.9906943440437317
0.4622062146663666
0.4003412127494812
0.08949923515319824
0.7840885519981384
0.7749495506286621
0.06559234857559204
0.029643138870596886
0.7732151746749878
0.48901012539863586
0.2506830394268036
0.021712996065616608
0.8923975825309753
0.42732763290405273
0.4992183446884155
0.14567287266254425
0.10684667527675629
0.10144804418087006
0.9661895632743835
0.6912487745285034
0.6007083654403687
0.6912794709205627
0.7138446569442749
0.6219989657402039
0.7171072959899902
0.27922338247299194
0.33088961243629456
0.9105511903762817
0.6432041525840759
0.40553584694862366
0.06269420683383942
0.07370089739561081
0.44230687618255615
0.28409892320632935
0.06291825324296951
0.733028769493103
0.21261359751224518
0.49375322461128235
0.6021302342414856
0.0038981845136731863
0.35486695170402527
0.006259966641664505
0.9112164974212646
0.5898348689079285
0.45785972476005554
0.9971445798873901
0.3445877730846405
0.7365091443061829
0.9424889087677002
0.36912354826927185
0.25175708532333374
0.7247533798217773
0.12595565617084503
0.10139148682355881
0.6562510132789612
0.6040655374526978
0.534938395023346
0.5774100422859192
0.7794100046157837
0.6944517493247986
0.3615056872367859
0.44064608216285706
0.4985053837299347
0.640545666217804
0.5402060151100159
0.4714857041835785
0.22613394260406494
0.5444173812866211
0.8136935234069824
0.7876589894294739
0.5632209181785583
0.6989355087280273
0.3511905372142792
0.52845698595047
0.4713776111602783
0.25838497281074524
0.10221797972917557
0.06016209349036217
0.969805896282196
0.6365821957588196
0.3068581223487854
0.800495982170105
0.7454398274421692
0.5832127332687378
0.611529529094696
0.2885661721229553
0.7585868239402771
0.09189215302467346
0.7355014085769653
0.9804309010505676
0.24740952253341675
0.5611845254898071
0.5654362440109253
0.4978300631046295
0.5114015936851501
0.03181912750005722
0.878334105014801
0.7864466905593872
0.8849344253540039
0.8677546381950378
0.5204684734344482
0.9967532753944397
0.3916431665420532
0.6291572451591492
0.6100000143051147
0.979965329170227
0.7742947936058044
0.7459241151809692
0.4513901472091675
0.09027855843305588
0.8725067377090454
0.7117417454719543
0.5324087738990784
0.17996655404567719
0.014551624655723572
0.2976027727127075
0.35432514548301697
0.489194393157959
0.14253367483615875
0.15727101266384125
0.9061140418052673
0.44019511342048645
0.18936793506145477
0.29247230291366577
0.4436541795730591
0.3864961862564087
0.6465490460395813
0.7111690044403076
0.852346658706665
0.519203245639801
0.7012395262718201
0.9736441373825073
0.5128475427627563
0.11360357701778412
0.8111116886138916
0.35088545083999634
0.43632152676582336
0.3863511383533478
0.8526530861854553
0.1601019948720932
0.6696685552597046
0.5121141672134399
0.46488121151924133
0.8449920415878296
0.9992599487304688
0.2125757336616516
0.4990207552909851
0.25823405385017395
0.6197717189788818
0.5401400923728943
0.8534127473831177
0.49301812052726746
0.7539100646972656
0.2695109248161316
0.7287382483482361
0.3494454622268677
0.27487727999687195
0.771579384803772
0.5480029582977295
0.32693183422088623
0.3445082902908325
0.23105306923389435
0.8547537326812744
0.1254344880580902
0.6530857086181641
0.764585554599762
0.6460583806037903
0.9060292840003967
0.36303287744522095
0.46946847438812256
0.7061368227005005
0.7165645956993103
0.8614310622215271
0.7064725160598755
0.13770490884780884
0.529319167137146
0.5826894640922546
0.7211347818374634
0.5905789136886597
0.4512196183204651
0.7748059630393982
0.2197876125574112
0.7740748524665833
0.5717757940292358
0.6161364912986755
0.39635786414146423
0.8417288064956665
0.3212003707885742
0.5162337422370911
0.14791683852672577
0.29753002524375916
0.07789193838834763
0.978365421295166
0.6103931665420532
0.3427930772304535
0.8413116335868835
0.43404319882392883
0.3809618651866913
0.4438198506832123
0.03846266493201256
0.7872755527496338
0.47852927446365356
0.43411344289779663
0.25846225023269653
0.9031004309654236
0.6765936017036438
0.07838347554206848
0.36920133233070374
0.583391010761261
0.9475547075271606
0.29067569971084595
0.0026556551456451416
0.2681310474872589
0.31402158737182617
0.9978125095367432
0.7946533560752869
0.07712108641862869
0.3224221467971802
0.9343811869621277
0.1306011825799942
0.5810120701789856
0.8936492204666138
0.42643269896507263
0.18371742963790894
0.24943530559539795
0.572731614112854
0.3852830231189728
0.43061476945877075
0.2010083794593811
0.8392125368118286
0.5740096569061279
0.8669445514678955
0.20483733713626862
0.6708143949508667
0.4311572015285492
0.5319553017616272
0.04076287895441055
0.3306742012500763
0.3495956063270569
0.4234832227230072
0.6551734209060669
0.17062023282051086
0.040457677096128464
0.8086188435554504
0.5550146102905273
0.3858664631843567
0.45469656586647034
0.06158389896154404
0.47211921215057373
0.980755090713501
0.9315296411514282
0.7279859781265259
0.4312146306037903
0.24860167503356934
0.28736990690231323
0.3918783664703369
0.5386388897895813
0.15878960490226746
0.043031349778175354
0.5245930552482605
0.7999768853187561
0.9032522439956665
0.411300927400589
0.19843867421150208
0.2237856239080429
0.18485677242279053
0.15793782472610474
0.9835412502288818
0.43818971514701843
0.7834118604660034
0.5451662540435791
0.512217104434967
0.15620459616184235
0.29494529962539673
0.5563982129096985
0.8824867606163025
0.4481295347213745
0.8294368386268616
0.21462006866931915
0.5280366539955139
0.9443448781967163
0.6225272417068481
0.8848633766174316
0.5357799530029297
0.12138726562261581
0.9319265484809875
0.8951589465141296
0.12020628899335861
0.5607768893241882
0.6777489185333252
0.8254832029342651
0.7063388824462891
0.6195724010467529
0.017408601939678192
0.6575024724006653
0.726539671421051
0.05594615265727043
0.6546995043754578
0.3384271264076233
0.9982147812843323
0.3804345726966858
0.5564277172088623
0.34515270590782166
0.4382155239582062
0.1374811828136444
0.09889727085828781
0.30144551396369934
0.41173166036605835
0.1625748872756958
0.40621218085289
0.7827304601669312
0.4891566336154938
0.6908737421035767
0.7319106459617615
0.21997395157814026
0.12757892906665802
0.2192566841840744
0.5636088848114014
0.16026750206947327
0.6711472272872925
0.3287694752216339
0.29970675706863403
0.871235191822052
0.8277177214622498
0.566044270992279
0.49014759063720703
0.5052565932273865
0.5167669057846069
0.13630004227161407
0.6076475381851196
0.09861524403095245
0.974725067615509
0.46714726090431213
0.34241533279418945
0.613044798374176
0.04757405072450638
0.2708704471588135
0.8358533978462219
0.43148142099380493
0.16040746867656708
0.6578001976013184
0.22860611975193024
0.042619504034519196
0.21248890459537506
0.6718905568122864
0.2643056809902191
0.09736194461584091
0.3406633138656616
0.9832894206047058
0.5270329713821411
0.12207794934511185
0.8629049062728882
0.7687208652496338
0.0737815573811531
0.7034407258033752
0.5190083980560303
0.7205537557601929
0.13465093076229095
0.5888612866401672
0.13241198658943176
0.9265846610069275
0.17648138105869293
0.7483111619949341
0.3651861250400543
0.9692456722259521
0.8152114748954773
0.6904452443122864
0.004105984698981047
0.27999767661094666
0.27552103996276855
0.27428609132766724
0.005588537082076073
0.7500332593917847
0.7657700181007385
0.30032631754875183
0.4215601086616516
0.22167359292507172
0.3041704297065735
0.602808952331543
0.3396856188774109
0.04262188449501991
0.07750346511602402
0.13312965631484985
0.8686375021934509
0.4287029802799225
0.24793042242527008
0.5456473231315613
0.6528758406639099
0.1365436315536499
0.6228492856025696
0.40384814143180847
0.6196865439414978
0.4257511794567108
0.8957878351211548
0.3530188202857971
0.8785181641578674
0.6767642498016357
0.9511942863464355
0.7860111594200134
0.6675537824630737
0.7791749238967896
0.5921418070793152
0.6802339553833008
0.4927672743797302
0.9139334559440613
0.6922697424888611
0.9803222417831421
0.934594988822937
0.0871051698923111
0.7283650040626526
0.12262598425149918
0.3764398396015167
0.8011911511421204
0.9857547283172607
0.6432834267616272
0.23878292739391327
0.848578929901123
0.1429455578327179
0.4690951108932495
0.31137269735336304
0.0855817124247551
0.9452683329582214
0.23606401681900024
0.3500787615776062
0.7332758903503418
0.17621536552906036
0.8542541861534119
0.125450000166893
0.8267567157745361
0.16946478188037872
0.010059189982712269
0.022587284445762634
0.16333074867725372
0.4210216701030731
0.5445106029510498
0.5239455699920654
0.016424207016825676
0.3516312539577484
0.9074085354804993
0.34767669439315796
0.5505331158638
0.4168018400669098
0.2142176777124405
0.7678142786026001
0.24883930385112762
0.34203001856803894
0.3744988739490509
0.5669569969177246
0.319699227809906
0.8067206144332886
0.7518734931945801
0.17048226296901703
0.8439883589744568
0.2392982691526413
0.7804766893386841
0.5400671362876892
0.422579288482666
0.2260187268257141
0.8318899869918823
0.13583572208881378
0.5819432139396667
0.5355431437492371
0.7827921509742737
0.5350101590156555
0.6690722107887268
0.27607908844947815
0.06273461878299713
0.6021464467048645
0.7346823215484619
0.27521878480911255
0.4848056435585022
0.7504911422729492
0.12093837559223175
0.6243276596069336
0.6502810716629028
0.6454585790634155
0.06982171535491943
0.7873221039772034
0.629301905632019
0.6636962294578552
0.8105101585388184
0.4644421935081482
0.30147722363471985
0.4152877628803253
0.8882954716682434
0.9121420979499817
0.8480178117752075
0.5697242617607117
0.709366500377655
0.6899630427360535
0.7773496508598328
0.8945453763008118
0.46769845485687256
0.5162402391433716
0.07739683240652084
0.6631942987442017
0.9508935809135437
0.7846989035606384
0.5740761160850525
0.6167786121368408
0.9949972033500671
0.8429009914398193
0.7129936218261719
0.18896615505218506
0.0573267936706543
0.3878145217895508
0.1916164606809616
0.9832818508148193
0.6868637800216675
0.42085984349250793
0.5748756527900696
0.7962477803230286
0.18830165266990662
0.12144097685813904
0.8737795948982239
0.3624570071697235
0.7798238396644592
0.14882498979568481
0.3394186198711395
0.749851644039154
0.20837318897247314
0.0885554775595665
0.26380664110183716
0.9559637904167175
0.640735387802124
0.23039282858371735
0.017026040703058243
0.5994488596916199
0.08133528381586075
0.7329492568969727
0.5316952466964722
0.48942580819129944
0.09709770232439041
0.9855710864067078
0.6757774949073792
0.9588189125061035
0.24918702244758606
0.7605417966842651
0.37475574016571045
0.8096480965614319
0.05236521735787392
0.25187620520591736
0.7556276321411133
0.4995196461677551
0.34901371598243713
0.4274806082248688
0.22328299283981323
0.01776740327477455
0.6578852534294128
0.4281487762928009
0.8558830618858337
0.5964739918708801
0.8861795663833618
0.5611245632171631
0.5273038148880005
0.921655535697937
0.403607040643692
0.9960647821426392
0.6662073135375977
0.47850778698921204
0.4485207796096802
0.4853729009628296
0.08224015682935715
0.3820444941520691
0.49474096298217773
0.18149259686470032
0.36873534321784973
0.45710402727127075
0.018184177577495575
0.7059879302978516
0.9879680871963501
0.3336121439933777
0.30948713421821594
0.06870638579130173
0.0024918140843510628
0.08735432475805283
0.8837241530418396
0.8135378956794739
0.9863181114196777
0.13806307315826416
0.4135606586933136
0.966378927230835
0.29521283507347107
0.9819731116294861
0.1867513358592987
0.6941510438919067
0.62177973985672
0.5485667586326599
0.8297746181488037
0.14805443584918976
0.5432055592536926
0.28982388973236084
0.9147000312805176
0.3275165855884552
0.5051895976066589
0.8585448265075684
0.100417859852314
0.4688680171966553
0.602493941783905
0.24212267994880676
0.08469720929861069
0.86924809217453
0.45825570821762085
0.7068899869918823
0.19838637113571167
0.6985952258110046
0.7533085942268372
0.5117736458778381
0.9193034768104553
0.4878077805042267
0.6479589939117432
0.5833888649940491
0.07324977219104767
0.5388779044151306
0.33857396245002747
0.17037612199783325
0.840839684009552
0.43435418605804443
0.6264527440071106
0.6831175684928894
0.6162952780723572
0.040939148515462875
0.7538946866989136
0.9527578949928284
0.7611500024795532
0.427578330039978
0.857962965965271
0.039472658187150955
0.5783740878105164
0.9791750907897949
0.343949556350708
0.2787438631057739
0.3847314715385437
0.8239990472793579
0.3244563937187195
0.07832485437393188
0.4762671887874603
0.3503004014492035
0.1832488626241684
0.6092039942741394
0.11101213842630386
0.6894552111625671
0.026085125282406807
0.41150709986686707
0.1958785504102707
0.46961936354637146
0.28906702995300293
0.40547895431518555
0.669780433177948
0.9314244389533997
0.8909534215927124
0.9615350365638733
0.09039122611284256
0.8019630312919617
0.5918360948562622
0.6148226857185364
0.8468306064605713
0.568884015083313
0.32605597376823425
0.21206723153591156
0.5438908338546753
0.6182535290718079
0.11419383436441422
0.7258543372154236
0.8975787162780762
0.430085688829422
0.18602992594242096
0.9757570028305054
0.6578551530838013
0.2586723268032074
0.06601636856794357
0.7824805974960327
0.41684702038764954
0.6942181587219238
0.5534491539001465
0.464939147233963
0.5147426128387451
0.39732488989830017
0.007941136136651039
0.9939051270484924
0.020173480734229088
0.2304033488035202
0.011348850093781948
0.9060860276222229
0.9878138303756714
0.8219195008277893
0.023451711982488632
0.7569944262504578
0.6511107683181763
0.38231804966926575
0.028630834072828293
0.8771727681159973
0.523914635181427
0.868676483631134
0.9366405606269836
0.25107261538505554
0.2836790084838867
0.3884687125682831
0.2096698135137558
0.7380015254020691
0.24280604720115662
0.3858623206615448
0.5576794743537903
0.028400950133800507
0.05052924156188965
0.8571189641952515
0.6696771383285522
0.5208996534347534
0.08671386539936066
0.1477764993906021
0.3268108069896698
0.5407450795173645
0.8243116736412048
0.07156132161617279
0.27182161808013916
0.11974600702524185
0.8123899102210999
0.6413252353668213
0.07323144376277924
0.09262456744909286
0.7959120273590088
0.5582819581031799
0.2574661672115326
0.9752786755561829
0.11623942106962204
0.43451905250549316
0.7777562737464905
0.04918830841779709
0.4233264923095703
0.8997395038604736
0.020941905677318573
0.12400785088539124
0.8136811852455139
0.48406875133514404
0.5960451364517212
0.7788915038108826
0.24222007393836975
0.1945887953042984
0.7438796758651733
0.6730735301971436
0.24350018799304962
0.5549065470695496
0.031440719962120056
0.6980034708976746
0.6664490103721619
0.010779776610434055
0.9330259561538696
0.03502592444419861
0.3067062199115753
0.6989844441413879
0.36780595779418945
0.19589543342590332
0.4638102650642395
0.9630073308944702
0.6186046600341797
0.2273181676864624
0.1958133578300476
0.06172209978103638
0.34190571308135986
0.2153792679309845
0.056682784110307693
0.8766452074050903
0.04464416950941086
0.6299963593482971
0.7945647239685059
0.026572611182928085
0.9225510358810425
0.5456072092056274
0.36922651529312134
0.7259284257888794
0.579759418964386
0.6981212496757507
0.38728585839271545
0.3097410202026367
0.1042160615324974
0.5919401049613953
0.6383981704711914
0.14445266127586365
0.021625647321343422
0.8411718606948853
0.17564211785793304
0.623725175857544
0.58245450258255
0.06096780300140381
0.3206482529640198
0.7555841207504272
0.7552086114883423
0.5830758810043335
0.7244184613227844
0.6640101075172424
0.13129264116287231
0.7838447093963623
0.06769951432943344
0.37110838294029236
0.778863787651062
0.995154619216919
0.5402244329452515
0.02330649271607399
0.1660505086183548
0.8614330887794495
0.2307342290878296
0.4253620505332947
0.7747423052787781
0.6863870620727539
0.6710737943649292
0.8578599095344543
0.4748336970806122
0.025433002039790154
0.27967724204063416
0.5016248226165771
0.8542837500572205
0.1361491084098816
0.2652336061000824
0.13602028787136078
0.08889634907245636
0.1157698929309845
0.32308682799339294
0.6986079216003418
0.8247467279434204
0.5564030408859253
0.34773191809654236
0.8458579778671265
0.698172390460968
0.7302576899528503
0.16749300062656403
0.24540191888809204
0.7648950815200806
0.30931150913238525
0.2677435874938965
0.9878633618354797
0.28194087743759155
0.3206312358379364
0.4970078468322754
0.9686148166656494
0.824648916721344
0.8479012846946716
0.924458920955658
0.3287772536277771
0.4877229630947113
0.011305317282676697
0.015189968049526215
0.3123179078102112
0.7077295184135437
0.2595839500427246
0.8089271187782288
0.4055330157279968
0.28891366720199585
0.8892062902450562
0.2655297815799713
0.40042081475257874
0.38645389676094055
0.2966638207435608
0.8062005639076233
0.13381563127040863
0.43888676166534424
0.28007519245147705
0.29095393419265747
0.09619078040122986
0.0262707881629467
0.48838484287261963
0.37726715207099915
0.48864641785621643
0.18913887441158295
0.008409534581005573
0.9384108781814575
0.3778884708881378
0.6697014570236206
0.8900136947631836
0.09622256457805634
0.8841640949249268
0.9662126898765564
0.3391769826412201
0.008347677066922188
0.6429986357688904
0.09771090000867844
0.7722408771514893
0.8867979645729065
0.07488953322172165
0.6004308462142944
0.3280761241912842
0.5227226614952087
0.8732834458351135
0.7541944980621338
0.9993438720703125
0.22291187942028046
0.29066386818885803
0.8817732334136963
0.6933189630508423
0.7367900013923645
0.292497456073761
0.6570088267326355
0.33520519733428955
0.73637855052948
0.2713610529899597
0.32117152214050293
0.3087979257106781
0.8580491542816162
0.9820082783699036
0.04831705242395401
0.5528273582458496
0.5393058657646179
0.9952697157859802
0.7351567149162292
0.5721479058265686
0.08297091722488403
0.238966703414917
0.8252090215682983
0.6870256662368774
0.5686241388320923
0.10699683427810669
0.4758302569389343
0.19438506662845612
0.45328858494758606
0.2048070877790451
0.3826870024204254
0.20317402482032776
0.9202632308006287
0.014764505438506603
0.12747177481651306
0.9621534943580627
0.480415403842926
0.437747985124588
0.2574068307876587
0.40942078828811646
0.1092216745018959
0.2709515392780304
0.7784478068351746
0.8141242265701294
0.05866611376404762
0.2888467609882355
0.6018571257591248
0.6459618806838989
0.6272274255752563
0.6713454723358154
0.18723513185977936
0.10594134777784348
0.5938383340835571
0.6835687160491943
0.40568655729293823
0.08176635205745697
0.10019736737012863
0.037697549909353256
0.24559395015239716
0.790993332862854
0.8716446161270142
0.13147473335266113
0.31896325945854187
0.40726107358932495
0.9808527231216431
0.5166964530944824
0.2442832738161087
0.9489315748214722
0.7706964015960693
0.9289106726646423
0.326875776052475
0.8334006071090698
0.1313045173883438
0.9100220799446106
0.6420058608055115
0.3223486840724945
0.506338894367218
0.40362048149108887
0.9060748219490051
0.6928508877754211
0.6589024066925049
0.06574305891990662
0.22472208738327026
0.02063179947435856
0.2856941521167755
0.45755812525749207
0.6342494487762451
0.14808805286884308
0.2207803577184677
0.21531668305397034
0.9340463280677795
0.24701005220413208
0.9767597913742065
0.39323773980140686
0.8087167143821716
0.5185073018074036
0.8299509286880493
0.5930740833282471
0.6570114493370056
0.1370839923620224
0.06469612568616867
0.38378483057022095
0.944057822227478
0.8239494562149048
0.3144535720348358
0.3477349579334259
0.6177292466163635
0.30788856744766235
0.7194645404815674
0.35306233167648315
0.9323378801345825
0.3624163568019867
0.06641779839992523
0.663120448589325
0.3169017732143402
0.7671960592269897
0.558766782283783
0.28341174125671387
0.3458612263202667
0.5679921507835388
0.043715789914131165
0.3770054280757904
0.24329356849193573
0.21015067398548126
0.02445925585925579
0.44220948219299316
0.5556855797767639
0.2330656200647354
0.5997362732887268
0.40667495131492615
0.47446736693382263
0.7209993004798889
0.6806555390357971
0.5166207551956177
0.018261946737766266
0.12037701159715652
0.6562055945396423
0.2630097568035126
0.0040873317047953606
0.869522750377655
0.2840055823326111
0.5738016366958618
0.3682742416858673
0.7580879330635071
0.6072834730148315
0.24419939517974854
0.8483482599258423
0.8404813408851624
0.7340640425682068
0.6357153654098511
0.6488832831382751
0.16560113430023193
0.9103691577911377
0.1335979849100113
0.6292337775230408
0.1237683966755867
0.83426433801651
0.8697540760040283
0.105366550385952
0.24655024707317352
0.2579636871814728
0.25315985083580017
0.841246485710144
0.003172296565026045
0.9242264628410339
0.565690815448761
0.9855006337165833
0.4209757149219513
0.3895643949508667
0.7650325298309326
0.6487132906913757
0.9737577438354492
0.2530921697616577
0.7565397620201111
0.9469496011734009
0.6118935942649841
0.7857562899589539
0.350557804107666
0.12900279462337494
0.7398152947425842
0.638586699962616
0.9772406220436096
0.7424742579460144
0.892055094242096
0.008885159157216549
0.5302350521087646
0.6882131695747375
0.5544576048851013
0.9150152206420898
0.19895632565021515
0.02670339308679104
0.4702337980270386
0.5442753434181213
0.8486943244934082
0.5656282901763916
0.23685699701309204
0.12443878501653671
0.6675702929496765
0.8657021522521973
0.28091371059417725
0.8382714986801147
0.8584831357002258
0.5417647361755371
0.4458474814891815
0.3936711847782135
0.6075393557548523
0.02926163747906685
0.824467122554779
0.0739368125796318
0.7618324160575867
0.9501175284385681
0.9589688181877136
0.23945514857769012
0.29299095273017883
0.7065415978431702
0.3146508038043976
0.05135694518685341
0.47854265570640564
0.1746979057788849
0.2814381420612335
0.4131455421447754
0.36076220870018005
0.7448597550392151
0.05906342342495918
0.04619899392127991
0.9562287926673889
0.38032153248786926
0.638954758644104
0.3505207598209381
0.9361321330070496
0.5646846890449524
0.03529644384980202
0.41910070180892944
0.9639217853546143
0.5061622858047485
0.17307233810424805
0.8259776830673218
0.8480743765830994
0.03567294403910637
0.5068871378898621
0.6683462262153625
0.32091188430786133
0.07807444781064987
0.17589999735355377
0.512104868888855
0.13645827770233154
0.24620938301086426
0.9798792600631714
0.00529713137075305
0.29589107632637024
0.38152363896369934
0.37928009033203125
0.9733018279075623
0.6101374626159668
0.1436571478843689
0.10225368291139603
0.33641523122787476
0.29090818762779236
0.5594061613082886
0.5456151366233826
0.34327712655067444
0.46829119324684143
0.3879997432231903
0.46419161558151245
0.9220873117446899
0.7356724143028259
0.8897823095321655
0.9206072092056274
0.9740222692489624
0.9779267311096191
0.8808590173721313
0.7645553946495056
0.051452018320560455
0.6045680046081543
0.4974471926689148
0.004415943752974272
0.16031385958194733
0.2787076234817505
0.18901801109313965
0.5949146151542664
0.355180025100708
0.238052099943161
0.621607780456543
0.8749419450759888
0.6360349059104919
0.14201143383979797
0.7068628668785095
0.9876593351364136
0.8756991028785706
0.8578158617019653
0.20514796674251556
0.9040892124176025
0.23729459941387177
0.5526924133300781
0.2417481541633606
0.351319819688797
0.424147367477417
0.5621309280395508
0.8012621402740479
0.26059794425964355
0.8971876502037048
0.6714672446250916
0.22592537105083466
0.2654877007007599
0.8439785242080688
0.6987643241882324
0.6344226598739624
0.012047592550516129
0.5811459422111511
0.613250732421875
0.616502583026886
0.16163283586502075
0.7928524613380432
0.6212999820709229
0.2087206095457077
0.9425126910209656
0.8447797894477844
0.480244904756546
0.9893126487731934
0.08841672539710999
0.2538687288761139
0.5587785243988037
0.5025114417076111
0.7252644300460815
0.6021508574485779
0.29297584295272827
0.8418428897857666
0.14051100611686707
0.8209927082061768
0.986189603805542
0.6765599250793457
0.45950886607170105
0.8310930728912354
0.5489426851272583
0.29146066308021545
0.9132014513015747
0.2979271113872528
0.8559750914573669
0.6490619778633118
0.023050541058182716
0.19725699722766876
0.7536342740058899
0.30009695887565613
0.9589266180992126
0.5813349485397339
0.07054748386144638
0.06528262048959732
0.36330172419548035
0.37694910168647766
0.343041330575943
0.12695106863975525
0.7403765916824341
0.6062846183776855
0.5257118344306946
0.9659931659698486
0.7324114441871643
0.19906911253929138
0.044586148113012314
0.8556915521621704
0.8992949724197388
0.21908068656921387
0.20610490441322327
0.2727814018726349
0.6665807366371155
0.7744002342224121
0.46846649050712585
0.8652761578559875
0.4187864363193512
0.6007463335990906
0.9870900511741638
0.5120532512664795
0.867075502872467
0.8935877680778503
0.4409325122833252
0.2606005370616913
0.24242866039276123
0.3814357817173004
0.6682195663452148
0.8465478420257568
0.38065239787101746
0.2933843433856964
0.583128035068512
0.8974543809890747
0.04811595752835274
0.23810558021068573
0.17357344925403595
0.4172057807445526
0.7181646227836609
0.7663670778274536
0.07802332937717438
0.7162144780158997
0.5386703610420227
0.43385863304138184
0.7330811023712158
0.9076258540153503
0.25408586859703064
0.2975040078163147
0.5484099984169006
0.878445029258728
0.2451135665178299
0.3887730836868286
0.9265515208244324
0.36010757088661194
0.7132275700569153
0.09463727474212646
0.9378410577774048
0.03784588351845741
0.547345757484436
0.3630162179470062
0.1632494330406189
0.6142939925193787
0.021244756877422333
0.22405359148979187
0.3436077833175659
0.850131630897522
0.0777052715420723
0.36899107694625854
0.8489577174186707
0.8031467795372009
0.3370252251625061
0.7495321035385132
0.7235943078994751
0.263106107711792
0.7761428356170654
0.5981042981147766
0.5472776293754578
0.5923108458518982
0.2859133780002594
0.9603996276855469
0.890952467918396
0.17499695718288422
0.4259871542453766
0.5259596109390259
0.5979170799255371
0.4614240527153015
0.8060168027877808
0.47529006004333496
0.38950684666633606
0.33480167388916016
0.9520971775054932
0.14682698249816895
0.4296634793281555
0.33679065108299255
0.008449723944067955
0.18140685558319092
0.33716970682144165
0.4902336299419403
0.30619147419929504
0.4685451090335846
0.6967601180076599
0.09281744807958603
0.4361376464366913
0.04834848269820213
0.3109234869480133
0.8047425746917725
0.199761763215065
0.2424563467502594
0.0167250856757164
0.47745195031166077
0.4712705612182617
0.5926333069801331
0.8601999282836914
0.5192943215370178
0.045273810625076294
0.24319052696228027
0.34551194310188293
0.036711350083351135
0.3036532700061798
0.5304383039474487
0.7720049619674683
0.7372875809669495
0.31512871384620667
0.17512096464633942
0.2579104006290436
0.5148701667785645
0.5990889668464661
0.4176982641220093
0.9400710463523865
0.681840717792511
0.7245171070098877
0.78933185338974
0.40772944688796997
0.5647954344749451
0.17240209877490997
0.7433428764343262
0.1909504383802414
0.7015199065208435
0.2894490957260132
0.5582195520401001
0.24443846940994263
0.796704888343811
0.7970658540725708
0.21407726407051086
0.653739333152771
0.40096181631088257
0.9346405267715454
0.8571129441261292
0.15875788033008575
0.983707070350647
0.855366051197052
0.38233283162117004
0.04541579261422157
0.7959315180778503
0.09217020869255066
0.9001899361610413
0.27256399393081665
0.3572589159011841
0.8176336884498596
0.19203880429267883
0.7247840762138367
0.7151735424995422
0.9228533506393433
0.3129156827926636
0.596306324005127
0.6704211831092834
0.07459918409585953
0.5137262940406799
0.024590080603957176
0.5585702657699585
0.10742519050836563
0.5432813763618469
0.40966522693634033
0.6294769048690796
0.41714343428611755
0.27308017015457153
0.8265707492828369
0.4491133987903595
0.8426102995872498
0.7894464731216431
0.17119050025939941
0.4078616797924042
0.5770965814590454
0.6260026097297668
0.47639206051826477
0.7506705522537231
0.4899633526802063
0.3037874400615692
0.15703725814819336
0.38181403279304504
0.12029270082712173
0.6490455865859985
0.48296046257019043
0.6536664366722107
0.3094137907028198
0.7096787691116333
0.13754922151565552
0.7893359661102295
0.010774425230920315
0.9644289612770081
0.024416031315922737
0.7642364501953125
0.43693774938583374
0.3146492540836334
0.7250890731811523
0.9532641172409058
0.18670377135276794
0.9082292318344116
0.7102800607681274
0.6256203651428223
0.5703349709510803
0.8008617758750916
0.40795403718948364
0.9049310684204102
0.745281457901001
0.7792884111404419
0.5265383124351501
0.08905641734600067
0.6850001215934753
0.7089599370956421
0.13542690873146057
0.438516765832901
0.059937722980976105
0.9484575390815735
0.5813866257667542
0.38976675271987915
0.9618834257125854
0.7124640345573425
0.5172308087348938
0.5888695120811462
0.7106282114982605
0.14646485447883606
0.9828157424926758
0.30260178446769714
0.9023321866989136
0.53990638256073
0.40915533900260925
0.10401257872581482
0.48576122522354126
0.6340636610984802
0.18557393550872803
0.31996825337409973
0.36040249466896057
0.05475446581840515
0.8186299800872803
0.8460049629211426
0.8939908146858215
0.6058177947998047
0.7600008845329285
0.8336543440818787
0.052399005740880966
0.5846267342567444
0.6489977836608887
0.037355996668338776
0.6277602910995483
0.3969235122203827
0.18097348511219025
0.4807421863079071
0.3876367509365082
0.1288936287164688
0.6017923355102539
0.7126322984695435
0.23020917177200317
0.4093681573867798
0.37472909688949585
0.10462179034948349
0.2696203887462616
0.9447053074836731
0.763851523399353
0.6776522994041443
0.04487814009189606
0.034676920622587204
0.32359132170677185
0.04002312943339348
0.11501801013946533
0.04726159945130348
0.07379994541406631
0.32972368597984314
0.940107524394989
0.7844011187553406
0.9813024401664734
0.8545207977294922
0.5987010598182678
0.5263693332672119
0.6786831617355347
0.7064077854156494
0.6874794960021973
0.35855939984321594
0.07370277494192123
0.03393125906586647
0.6522271633148193
0.3514587879180908
0.9930772185325623
0.6363627910614014
0.2130395770072937
0.4540083110332489
0.1965222805738449
0.10116026550531387
0.6923807859420776
0.9790554046630859
0.2258455753326416
0.24882084131240845
0.3080185651779175
0.8982669115066528
0.10742848366498947
0.6896478533744812
0.18603907525539398
0.5478643178939819
0.08738056570291519
0.11574464291334152
0.9987364411354065
0.41487255692481995
0.8344811797142029
0.9075936675071716
0.45017072558403015
0.661901593208313
0.651343047618866
0.6472972631454468
0.20929203927516937
0.6633578538894653
0.7019749283790588
0.7324735522270203
0.9992461204528809
0.3594134449958801
0.7205231189727783
0.8898475170135498
0.07908669114112854
0.4142236113548279
0.923650860786438
0.7962954640388489
0.9687415957450867
0.7944572567939758
0.8064297437667847
0.2896728813648224
0.8833917379379272
0.34950321912765503
0.45491161942481995
0.38711017370224
0.9023709893226624
0.7550150752067566
0.685601532459259
0.4673972427845001
0.7161127328872681
0.6013079285621643
0.4008283019065857
0.08545711636543274
0.503828227519989
0.33138665556907654
0.9437091946601868
0.07394763827323914
0.32671183347702026
0.9540861248970032
0.8044643402099609
0.5728106498718262
0.8949187397956848
0.1931079924106598
0.12286128103733063
0.14035990834236145
0.1348358690738678
0.18525704741477966
0.41631951928138733
0.8898795247077942
0.1647946685552597
0.8658260703086853
0.43559640645980835
0.02817212976515293
0.30856001377105713
0.53351891040802
0.25893518328666687
0.48517924547195435
0.42554962635040283
0.6765775084495544
0.8265175819396973
0.010588951408863068
0.45116880536079407
0.12736931443214417
0.44780299067497253
0.3634341359138489
0.8757960200309753
0.43373963236808777
0.7980330586433411
0.3123258054256439
0.36470457911491394
0.658456027507782
0.5366470217704773
0.01115674152970314
0.2840152978897095
0.2060791552066803
0.07770491391420364
0.4559139907360077
0.6189415454864502
0.04452941566705704
0.06922844797372818
0.923269510269165
0.3425097167491913
0.3012439012527466
0.04927902668714523
0.9671276807785034
0.3199957013130188
0.6306881904602051
0.9736736416816711
0.3755287528038025
0.8785539269447327
0.9923028349876404
0.3581021726131439
0.49785447120666504
0.4787839651107788
0.8314769268035889
0.8443319797515869
0.6167845129966736
0.026394454762339592
0.4771629571914673
0.9096309542655945
0.9584353566169739
0.22050173580646515
0.5605862140655518
0.2980421483516693
0.7690790891647339
0.5556559562683105
0.812613844871521
0.4488912522792816
0.5362043976783752
0.5100464820861816
0.22996677458286285
0.004587461706250906
0.8555974960327148
0.6491771340370178
0.9395202398300171
0.42235177755355835
0.5560558438301086
0.10453202575445175
0.8241134881973267
0.34865620732307434
0.8008277416229248
0.7632009983062744
0.8307443857192993
0.31058457493782043
0.7336521744728088
0.37514710426330566
0.8410692811012268
0.7178838849067688
0.46771490573883057
0.8186027407646179
0.7873477935791016
0.6536442637443542
0.7071988582611084
0.6216680407524109
0.08677699416875839
0.03065073862671852
0.9876137971878052
0.9173191785812378
0.7224322557449341
0.2573690414428711
0.6459004878997803
0.6997298002243042
0.6106563806533813
0.5920997262001038
0.7085338830947876
0.6009009480476379
0.08379891514778137
0.6969423890113831
0.7293937802314758
0.6169281005859375
0.12854787707328796
0.7910915613174438
0.19385340809822083
0.653732180595398
0.37658387422561646
0.053386855870485306
0.9798173904418945
0.654359757900238
0.8086026906967163
0.2644684612751007
0.556492269039154
0.020123057067394257
0.08389468491077423
0.6004837155342102
0.13703978061676025
0.2847486734390259
0.9311991333961487
0.3679468333721161
0.566009521484375
0.08079131692647934
0.5642104744911194
0.3211112320423126
0.853908121585846
0.09736591577529907
0.997463047504425
0.4058524966239929
0.9381040930747986
0.8393446207046509
0.20267906785011292
0.9182472229003906
0.9346190094947815
0.46850523352622986
0.4522392153739929
0.20550484955310822
0.1867917776107788
0.8777966499328613
0.04481790214776993
0.47541317343711853
0.7296672463417053
0.07897680997848511
0.4118518829345703
0.01824011094868183
0.7951905727386475
0.013435493223369122
0.5148436427116394
0.7828966379165649
0.44462138414382935
0.14771722257137299
0.995877206325531
0.1563805788755417
0.5650835037231445
0.5605883598327637
0.6913356184959412
0.9927231669425964
0.7257894277572632
0.4847128689289093
0.08041846752166748
0.7637814879417419
0.39851996302604675
0.17912138998508453
0.06787879019975662
0.4605286717414856
0.5486176013946533
0.2374846488237381
0.2417197823524475
0.9719388484954834
0.5960333943367004
0.08561058342456818
0.6144760251045227
0.2722855806350708
0.5818333029747009
0.9990202784538269
0.5408925414085388
0.18271999061107635
0.28623631596565247
0.5203458666801453
0.37610873579978943
0.03236115723848343
0.03299500420689583
0.6819339990615845
0.04684654250741005
0.38648030161857605
0.5053637027740479
0.12681181728839874
0.9803196787834167
0.7559031844139099
0.155256986618042
0.8228722214698792
0.8278645277023315
0.7540689706802368
0.9856274724006653
0.26995524764060974
0.1900830715894699
0.10205022990703583
0.922524631023407
0.5232102274894714
0.029495008289813995
0.3036309480667114
0.6512662768363953
0.10454905033111572
0.3418608605861664
0.04390156641602516
0.7962474226951599
0.3235393166542053
0.6955445408821106
0.6439046263694763
0.48514431715011597
0.7821792960166931
0.2630074620246887
0.7745069861412048
0.42134878039360046
0.9353777766227722
0.5556024312973022
0.6377596855163574
0.9676458835601807
0.1510312557220459
0.40294185280799866
0.8541980385780334
0.3782060444355011
0.9071713089942932
0.9775910377502441
0.18394148349761963
0.5287993550300598
0.9719907641410828
0.26152005791664124
0.7900070548057556
0.13946323096752167
0.5962296724319458
0.0840553343296051
0.9211885333061218
0.794632613658905
0.8874574899673462
0.6662862300872803
0.4220047891139984
0.39065247774124146
0.40430280566215515
0.5898631811141968
0.9937700629234314
0.9430423974990845
0.6592736840248108
0.594951331615448
0.11141955107450485
0.6949253082275391
0.23883578181266785
0.8978965282440186
0.4556896388530731
0.7960072159767151
0.06168648600578308
0.16434337198734283
0.3456951379776001
0.9285364151000977
0.3355576992034912
0.22763502597808838
0.9790627956390381
0.04550303891301155
0.5980295538902283
0.3412655293941498
0.7975147366523743
0.1559762954711914
0.3691351115703583
0.2622843086719513
0.8621906638145447
0.6659384965896606
0.5987775325775146
0.4307861030101776
0.09071075916290283
0.3771404027938843
0.23148731887340546
0.4272505044937134
0.7488176226615906
0.35628965497016907
0.08597199618816376
0.1635473519563675
0.5006616711616516
0.44645437598228455
0.01616182178258896
0.8992828130722046
0.42899438738822937
0.1327318251132965
0.4966076910495758
0.9282331466674805
0.9253636002540588
0.864630401134491
0.2687549293041229
0.5527864694595337
0.6100053787231445
0.02928704395890236
0.587671160697937
0.20862771570682526
0.395468533039093
0.01280699297785759
0.5009028315544128
0.5762202739715576
0.9964659214019775
0.48292526602745056
0.1310035139322281
0.11613787710666656
0.9337336421012878
0.8020812273025513
0.6742938160896301
0.0008295892039313912
0.8229519724845886
0.45971545577049255
0.28924235701560974
0.6800557374954224
0.018942391499876976
0.4714583158493042
0.43309906125068665
0.7158447504043579
0.37199825048446655
0.6428185105323792
0.10681027173995972
0.5908915400505066
0.2416810691356659
0.2425733059644699
0.014524371363222599
0.6899369359016418
0.5689764022827148
0.5839441418647766
0.9715782999992371
0.1984071433544159
0.3312719464302063
0.2161514014005661
0.30468958616256714
0.5089124441146851
0.601620078086853
0.605826199054718
0.8369426727294922
0.6156590580940247
0.9721790552139282
0.7228164076805115
0.8034946322441101
0.7445054054260254
0.01825377531349659
0.7785751223564148
0.8469923734664917
0.1876806914806366
0.10376840084791183
0.30891621112823486
0.08289630711078644
0.3717705011367798
0.6919878721237183
0.4196624159812927
0.16520915925502777
0.7740247845649719
0.47314274311065674
0.8932074904441833
0.48076558113098145
0.30430272221565247
0.6955580711364746
0.07846328616142273
0.013390474952757359
0.9435546398162842
0.06596797704696655
0.646442711353302
0.8128951787948608
0.49799588322639465
0.8696715235710144
0.06008032709360123
0.180789053440094
0.08776091784238815
0.6475521922111511
0.12228848040103912
0.05452222377061844
0.619040310382843
0.9556460380554199
0.2950102984905243
0.4070596396923065
0.9454201459884644
0.27499085664749146
0.8205838799476624
0.9356268048286438
0.20468385517597198
0.6877685785293579
0.5101417899131775
0.18752871453762054
0.29391592741012573
0.5741874575614929
0.3436603844165802
0.2956342399120331
0.47784456610679626
0.4039870500564575
0.30987250804901123
0.6292007565498352
0.7164610028266907
0.4028692841529846
0.6250336170196533
0.8691039085388184
0.43624046444892883
0.9153745770454407
0.3459521532058716
0.8562204837799072
0.7827707529067993
0.6833582520484924
0.702770471572876
0.6185691356658936
0.9485903382301331
0.3746859133243561
0.9498854279518127
0.4801329970359802
0.7935723066329956
0.3186306953430176
0.2991025149822235
0.029072321951389313
0.341651976108551
0.2693997621536255
0.08525480329990387
0.39101919531822205
0.5243743658065796
0.9622031450271606
0.21803423762321472
0.5210249423980713
0.8175849914550781
0.7798371315002441
0.852883517742157
0.04746956378221512
0.9761786460876465
0.8560837507247925
0.0067319427616894245
0.33486467599868774
0.9594180583953857
0.8265737295150757
0.9021310210227966
0.8889705538749695
0.806378185749054
0.5936710238456726
0.6224235892295837
0.09206730127334595
0.4247839152812958
0.05058737471699715
0.09938925504684448
0.32681038975715637
0.5713939070701599
0.34949320554733276
0.3673678934574127
0.163437619805336
0.6120216846466064
0.7428768873214722
0.6730412244796753
0.557428777217865
0.5139761567115784
0.6150721907615662
0.3385027348995209
0.40872275829315186
0.08954569697380066
0.3524700403213501
0.06731674820184708
0.48282521963119507
0.8579391837120056
0.5504090189933777
0.5851582288742065
0.8484726548194885
0.8640096783638
0.06954246014356613
0.785025954246521
0.43862950801849365
0.4265199303627014
0.7136695981025696
0.06803600490093231
0.588222861289978
0.9555122256278992
0.23184461891651154
0.48316991329193115
0.07613880187273026
0.5474841594696045
0.39793017506599426
0.43837037682533264
0.04334979131817818
0.8631922006607056
0.2073143720626831
0.5510727167129517
0.43560656905174255
0.7426913380622864
0.3478027880191803
0.7753256559371948
0.533602237701416
0.5372419357299805
0.9133620858192444
0.39695537090301514
0.8538296222686768
0.2514117658138275
0.46888256072998047
0.5612368583679199
0.3326442837715149
0.8529282808303833
0.441658079624176
0.12658412754535675
0.35572549700737
0.8118515014648438
0.434195339679718
0.2897564172744751
0.8790382742881775
0.9670698642730713
0.29806533455848694
0.9058466553688049
0.2899784445762634
0.9192960858345032
0.24247030913829803
0.6756336688995361
0.8941327333450317
0.1744835078716278
0.947638213634491
0.5046544075012207
0.2411184012889862
0.7761990427970886
0.45546096563339233
0.4374687671661377
0.9834170341491699
0.20391464233398438
0.18772181868553162
0.6320995688438416
0.7327198386192322
0.263739675283432
0.5764911770820618
0.43730056285858154
0.9629896283149719
0.8307058215141296
0.9787893295288086
0.6143683791160583
0.6442029476165771
0.6392613053321838
0.2398090362548828
0.5928844213485718
0.06518910825252533
0.23795866966247559
0.386839896440506
0.7271432876586914
0.9098781943321228
0.07455723732709885
0.8947859406471252
0.08179663121700287
0.9985722303390503
0.29151028394699097
0.8417141437530518
0.897562563419342
0.19759300351142883
0.11034222692251205
0.1103963702917099
0.15203909575939178
0.2582886815071106
0.31601235270500183
0.876811146736145
0.29115116596221924
0.9854536652565002
0.7332831621170044
0.7783842086791992
0.5323066115379333
0.7610697746276855
0.9567447304725647
0.584118664264679
0.7881529331207275
0.7361457347869873
0.9907212257385254
0.05925559625029564
0.684140145778656
0.8504045605659485
0.45195451378822327
0.30006760358810425
0.9515535235404968
0.728523850440979
0.526430606842041
0.366010457277298
0.3363185226917267
0.48217159509658813
0.18825629353523254
0.8147939443588257
0.1617041826248169
0.6906003355979919
0.8363279700279236
0.5356690883636475
0.2812008559703827
0.00916214194148779
0.25550663471221924
0.7085977792739868
0.5144726037979126
0.986214280128479
0.7487441301345825
0.15463592112064362
0.26703113317489624
0.2035844624042511
0.7249249219894409
0.3052780032157898
0.7577875256538391
0.6758478283882141
0.12260181456804276
0.3862907290458679
0.9912977814674377
0.9809598922729492
0.26955217123031616
0.17078740894794464
0.24588650465011597
0.37009716033935547
0.4160507321357727
0.5696074366569519
0.9580957889556885
0.3913707435131073
0.4209725260734558
0.7195255160331726
0.5246718525886536
0.28783515095710754
0.31436383724212646
0.848570704460144
0.32108521461486816
0.1197088360786438
0.12311436235904694
0.8749410510063171
0.9093465209007263
0.5451831221580505
0.6567904949188232
0.7672549486160278
0.809876024723053
0.5692968368530273
0.40956124663352966
0.7161462306976318
0.3025592267513275
0.06285584717988968
0.8531057238578796
0.13300345838069916
0.7915809154510498
0.2299574613571167
0.13579896092414856
0.8877148032188416
0.27368879318237305
0.5404807925224304
0.06080224737524986
0.3894888758659363
0.09073460847139359
0.1365191638469696
0.5113534331321716
0.2525786757469177
0.6010416746139526
0.24384383857250214
0.3822348117828369
0.3677557408809662
0.724566638469696
0.8583683371543884
0.40117380023002625
0.17184458673000336
0.6999634504318237
0.168105348944664
0.7102316617965698
0.19537560641765594
0.08364599943161011
0.5388047695159912
0.9135952591896057
0.4423070251941681
0.8348690867424011
0.7159774899482727
0.3843250274658203
0.024739233776926994
0.4100379943847656
0.9230658411979675
0.362599641084671
0.568015992641449
0.24846097826957703
0.9726580381393433
0.7416260242462158
0.6934747695922852
0.4167238473892212
0.6664841771125793
0.04892350360751152
0.8695410490036011
0.9479019045829773
0.6727041006088257
0.26277956366539
0.7357139587402344
0.5867877006530762
0.04473916068673134
0.20932775735855103
0.4836197793483734
0.7041465044021606
0.7279821634292603
0.1383945196866989
0.4632036089897156
0.8705717921257019
0.43008947372436523
0.2979207932949066
0.392880380153656
0.7359129786491394
0.6088423728942871
0.29081693291664124
0.10818872600793839
0.29709571599960327
0.8686188459396362
0.4959219992160797
0.8991431593894958
0.7701854705810547
0.7224611639976501
0.798234760761261
0.2410355806350708
0.8911169171333313
0.6445559859275818
0.6713639497756958
0.5240193605422974
0.7666264176368713
0.7113416790962219
0.6468796730041504
0.5463625192642212
0.8151258826255798
0.19882915914058685
0.4363580048084259
0.43638283014297485
0.08645865321159363
0.8087779879570007
0.40280503034591675
0.9891541004180908
0.7807607650756836
0.6725311875343323
0.8871020078659058
0.8073890805244446
0.21398167312145233
0.14831489324569702
0.1740051507949829
0.9769460558891296
0.5964786410331726
0.15750707685947418
0.3433173894882202
0.833617627620697
0.44886019825935364
0.8654912710189819
0.043113719671964645
0.48789387941360474
0.3182240128517151
0.052916642278432846
0.5749422907829285
0.30621567368507385
0.9867373704910278
0.2393161505460739
0.8951076865196228
0.8333081603050232
0.7008055448532104
0.5821640491485596
0.8090372085571289
0.27901965379714966
0.7290037274360657
0.9694370031356812
0.9744065999984741
0.7620662450790405
0.8178579807281494
0.3259722590446472
0.5130128860473633
0.3067587912082672
0.5975383520126343
0.1307264268398285
0.12702283263206482
0.4791247248649597
0.0017674374394118786
0.5804446339607239
0.9502459168434143
0.128896102309227
0.9130623936653137
0.35522565245628357
0.2813679277896881
0.4290115237236023
0.5865731239318848
0.7490392327308655
0.8297333717346191
0.21348628401756287
0.3705114722251892
0.7583554983139038
0.9001409411430359
0.05848844721913338
0.6195098161697388
0.8121514320373535
0.38068461418151855
0.46742671728134155
0.46301907300949097
0.5526271462440491
0.3764912784099579
0.0049765571020543575
0.857623279094696
0.5891521573066711
0.12171828001737595
0.3181750178337097
0.4376210868358612
0.31111612915992737
0.5675203204154968
0.5313284993171692
0.5967082381248474
0.7512305378913879
0.18086662888526917
0.7111791968345642
0.6087826490402222
0.8673548698425293
0.053731970489025116
0.6134932041168213
0.6556989550590515
0.7754204273223877
0.45434293150901794
0.4946255385875702
0.9091563820838928
0.8835117220878601
0.5897839665412903
0.8395862579345703
0.590420663356781
0.43988269567489624
0.6847556829452515
0.11184035986661911
0.6475343108177185
0.7829757332801819
0.578156054019928
0.5012733936309814
0.5402377247810364
0.600502073764801
0.15797585248947144
0.2492881566286087
0.9701761603355408
0.7454085946083069
0.8488104343414307
0.10221093147993088
0.9902748465538025
0.03726835176348686
0.5628946423530579
0.6430642604827881
0.38019758462905884
0.25910598039627075
0.6775641441345215
0.9590045213699341
0.7501322031021118
0.28781044483184814
0.5651222467422485
0.17756469547748566
0.2628123164176941
0.20103679597377777
0.5297903418540955
0.8932555317878723
0.6472526788711548
0.4054398834705353
0.6103334426879883
0.523181676864624
0.9341428279876709
0.18057286739349365
0.9472711682319641
0.6864434480667114
0.8530862927436829
0.3258827030658722
0.015368163585662842
0.8045337796211243
0.17379039525985718
0.8651666045188904
0.3079056441783905
0.9539586305618286
0.8741480708122253
0.98736971616745
0.48004820942878723
0.1335417628288269
0.250281423330307
0.026179524138569832
0.11000101268291473
0.06471923738718033
0.227584570646286
0.431326687335968
0.20713789761066437
0.1090160682797432
0.5039265155792236
0.37819308042526245
0.3312002122402191
0.3625292181968689
0.15576182305812836
0.22852708399295807
0.47464245557785034
0.6101644039154053
0.1927291303873062
0.25194329023361206
0.1222611591219902
0.20287124812602997
0.4518924653530121
0.9389469623565674
0.47728678584098816
0.7657625675201416
0.04857514053583145
0.29858890175819397
0.5829179286956787
0.3419739305973053
0.8496841788291931
0.48819828033447266
0.5094619989395142
0.9661391377449036
0.5498701333999634
0.2548607587814331
0.024800244718790054
0.5962385535240173
0.19820041954517365
0.5779157280921936
0.4124717712402344
0.9003484845161438
0.8858345746994019
0.6938679218292236
0.6244381070137024
0.5069769620895386
0.1631402224302292
0.5684295892715454
0.9009856581687927
0.7567099928855896
0.06275390833616257
0.42460283637046814
0.8407878279685974
0.7216780781745911
0.947719931602478
0.43931514024734497
0.27192607522010803
0.38247376680374146
0.7456516027450562
0.6535554528236389
0.01894277147948742
0.019225630909204483
0.09135811775922775
0.14217530190944672
0.2528681755065918
0.9322744011878967
0.36972546577453613
0.4655745327472687
0.8226463794708252
0.2790434956550598
0.8987952470779419
0.9841544032096863
0.08601783961057663
0.17004643380641937
0.39363032579421997
0.22478051483631134
0.7307407855987549
0.8326408267021179
0.9952538013458252
0.7567340731620789
0.9394089579582214
0.3727327585220337
0.91397625207901
0.1820978969335556
0.3562239408493042
0.3625551760196686
0.9194492101669312
0.9283572435379028
0.2671133279800415
0.2182885855436325
0.27416282892227173
0.4228709638118744
0.1886761635541916
0.3611848056316376
0.6394167542457581
0.0267732385545969
0.4241359531879425
0.3218211233615875
0.06741246581077576
0.19488398730754852
0.38562828302383423
0.9329900145530701
0.3627144694328308
0.4529390037059784
0.21821756660938263
0.5008885264396667
0.9302343726158142
0.46482938528060913
0.4762730896472931
0.05846787616610527
0.8113948106765747
0.3229536712169647
0.13466070592403412
0.9997950196266174
0.12221106141805649
0.6001350283622742
0.22608135640621185
0.39280787110328674
0.23388870060443878
0.9092097282409668
0.21851207315921783
0.5496475696563721
0.5544021725654602
0.8154860138893127
0.5660766363143921
0.8841569423675537
0.8666470050811768
0.5109466910362244
0.15178801119327545
0.27279701828956604
0.06870058923959732
0.13746999204158783
0.7763391733169556
0.0022591939195990562
0.603470504283905
0.05734546110033989
0.8531389832496643
0.25211265683174133
0.7605953216552734
0.5672446489334106
0.9920847415924072
0.78742516040802
0.4088113307952881
0.25278282165527344
0.9321181178092957
0.8556802272796631
0.5919980406761169
0.41245192289352417
0.9661158323287964
0.33097511529922485
0.9478425979614258
0.4557378590106964
0.0956711620092392
0.3929651081562042
0.21353836357593536
0.9825360774993896
0.3367566466331482
0.3535594344139099
0.8950427770614624
0.9810689687728882
0.40335947275161743
0.5871993899345398
0.9826034307479858
0.9739050269126892
0.5858094096183777
0.19448056817054749
0.8450827598571777
0.4753137230873108
0.11983494460582733
0.4012078642845154
0.242611363530159
0.8263025283813477
0.4273109436035156
0.8754631280899048
0.5637270212173462
0.7561963200569153
0.9230367541313171
0.24190753698349
0.2170838713645935
0.732491135597229
0.6919189691543579
0.5340650081634521
0.6844558119773865
0.44938674569129944
0.8172312378883362
0.8434269428253174
0.14564843475818634
0.8740280270576477
0.24891124665737152
0.6942377090454102
0.7269701957702637
0.8876674175262451
0.8433216214179993
0.5527684688568115
0.11819304525852203
0.07031842321157455
0.8840367197990417
0.21631643176078796
0.1894358992576599
0.1628667712211609
0.036319799721241
0.3033035397529602
0.1805550456047058
0.9181705117225647
0.38601765036582947
0.9996806383132935
0.6193618774414062
0.7209973335266113
0.049432720988988876
0.6369339823722839
0.7782782316207886
0.316974014043808
0.31504887342453003
0.7302682399749756
0.4819759428501129
0.42241278290748596
0.7585110664367676
0.44503456354141235
0.21210075914859772
0.13774102926254272
0.09282795339822769
0.05634734407067299
0.5322341918945312
0.6494441032409668
0.7064115405082703
0.9927946925163269
0.6190310120582581
0.29346054792404175
0.16011758148670197
0.6174557209014893
0.5501752495765686
0.9857563972473145
0.40815258026123047
0.4959163963794708
0.9412050843238831
0.3148108422756195
0.39249545335769653
0.38977721333503723
0.30798986554145813
0.7674946188926697
0.5477859377861023
0.6361623406410217
0.38652411103248596
0.6467632055282593
0.8193258047103882
0.6802051067352295
0.3463682532310486
0.9378870129585266
0.743241548538208
0.5976526737213135
0.5049663186073303
0.915444016456604
0.6250636577606201
0.2977482080459595
0.33006471395492554
0.8167624473571777
0.07344764471054077
0.45951443910598755
0.5452852249145508
0.715427577495575
0.20725931227207184
0.707863450050354
0.8610748052597046
0.7516703009605408
0.08221541345119476
0.8086344003677368
0.9496561288833618
0.5698177218437195
0.882252037525177
0.6719825267791748
0.8896321654319763
0.7103120684623718
0.4617273211479187
0.6941799521446228
0.9362812042236328
0.573909342288971
0.9869140386581421
0.9822781085968018
0.7304300665855408
0.7900831699371338
0.311236709356308
0.6484588384628296
0.23526093363761902
0.4155055582523346
0.516516923904419
0.06967232376337051
0.7936991453170776
0.8065367937088013
0.0030609634704887867
0.7776147127151489
0.42905324697494507
0.8934512138366699
0.06757225096225739
0.8067623376846313
0.7739940881729126
0.6383851766586304
0.05285242944955826
0.2625442445278168
0.4790385067462921
0.05947525054216385
0.2493443787097931
0.5080136060714722
0.07589587569236755
0.4790460467338562
0.5528130531311035
0.355365127325058
0.14873448014259338
0.5031355619430542
0.5627357959747314
0.05798964202404022
0.9054273366928101
0.45340695977211
0.9233283400535583
0.2712136507034302
0.8928384780883789
0.14324848353862762
0.3699975311756134
0.32290634512901306
0.702186107635498
0.9476978778839111
0.5521671175956726
0.12413683533668518
0.8784805536270142
0.24661105871200562
0.7943421602249146
0.42335763573646545
0.10172205418348312
0.5740621089935303
0.047496650367975235
0.3151032626628876
0.02531861886382103
0.14354969561100006
0.8311550617218018
0.9900791049003601
0.790317714214325
0.863287091255188
0.8286215662956238
0.712352454662323
0.2392202466726303
0.703707754611969
0.35983335971832275
0.2266947478055954
0.4141561985015869
0.6729516386985779
0.9892098307609558
0.3576667904853821
0.16091541945934296
0.7217032313346863
0.49799150228500366
0.5571427941322327
0.17048420011997223
0.6340655088424683
0.16690388321876526
0.6436359882354736
0.2625938355922699
0.701900064945221
0.14522451162338257
0.8532319664955139
0.07404118031263351
0.1609421670436859
0.672641396522522
0.356506884098053
0.7642908096313477
0.16613925993442535
0.7514280676841736
0.37422555685043335
0.8095604777336121
0.6655587553977966
0.25019246339797974
0.6161332130432129
0.5717930197715759
0.5015783905982971
0.46703800559043884
0.8205224275588989
0.7290071249008179
0.30085909366607666
0.8116151690483093
0.36909011006355286
0.9585742950439453
0.22863158583641052
0.04900262504816055
0.5409380197525024
0.4978133738040924
0.21791306138038635
0.09967603534460068
0.21190686523914337
0.7860664129257202
0.017284175381064415
0.5480024814605713
0.37741345167160034
0.06840723752975464
0.38308078050613403
0.7787752747535706
0.2759581208229065
0.8601796627044678
0.15619276463985443
0.07897131145000458
0.9899700880050659
0.32744327187538147
0.43241235613822937
0.9675384163856506
0.5967451333999634
0.5795271396636963
0.9849725961685181
0.07739392668008804
0.06308954209089279
0.8593273758888245
0.6346818208694458
0.28365105390548706
0.5604957938194275
0.6461736559867859
0.6278849840164185
0.7641517519950867
0.9242131114006042
0.21229444444179535
0.8630928993225098
0.826208770275116
0.26160356402397156
0.3955324590206146
0.9832543730735779
0.6715100407600403
0.10887230932712555
0.3197387456893921
0.35567066073417664
0.5078023076057434
0.7132360935211182
0.008263539522886276
0.9959126710891724
0.8003215193748474
0.2279181182384491
0.8826665878295898
0.650352418422699
0.4075389504432678
0.3114899694919586
0.3804873526096344
0.97946697473526
0.9216460585594177
0.8445804715156555
0.08952663838863373
0.9940381050109863
0.3605113923549652
0.4734756648540497
0.1844504326581955
0.09697220474481583
0.24078868329524994
0.2090880423784256
0.9267863631248474
0.17897863686084747
0.056091051548719406
0.48060429096221924
0.35859954357147217
0.5713103413581848
0.44167792797088623
0.23925364017486572
0.5629295110702515
0.5057536959648132
0.2883172035217285
0.7690540552139282
0.8618109226226807
0.8174195885658264
0.2947350740432739
0.48968151211738586
0.018987635150551796
0.11939336359500885
0.9205480217933655
0.3050217032432556
0.06378057599067688
0.6917937994003296
0.9783506989479065
0.38774818181991577
0.10303666442632675
0.7405653595924377
0.4704737663269043
0.06617951393127441
0.5458961725234985
0.1515752226114273
0.17768514156341553
0.17119406163692474
0.5070284008979797
0.3835413455963135
0.763497531414032
0.7812506556510925
0.8392082452774048
0.611192524433136
0.3278590440750122
0.23314665257930756
0.16089649498462677
0.04646803438663483
0.2188228815793991
0.3046990931034088
0.6270434260368347
0.8408346176147461
0.864991307258606
0.05211970582604408
0.19200937449932098
0.9275521039962769
0.5165231227874756
0.6328331232070923
0.5610280632972717
0.1329100877046585
0.16939677298069
0.3653327226638794
0.5397027134895325
0.06958780437707901
0.35030990839004517
0.6265658140182495
0.6012217998504639
0.9217413067817688
0.6055635809898376
0.08114227652549744
0.6184662580490112
0.499517023563385
0.6341334581375122
0.4360986351966858
0.7768580317497253
0.7394424676895142
0.9240794777870178
0.25198569893836975
0.1621258407831192
0.5297497510910034
0.457619309425354
0.11618055403232574
0.12312391400337219
0.896192729473114
0.27892976999282837
0.09843064099550247
0.3377418518066406
0.6417651176452637
0.3386744558811188
0.5019700527191162
0.4784581661224365
0.014051780104637146
0.7329157590866089
0.961631715297699
0.43032634258270264
0.5289711356163025
0.7608739733695984
0.9111777544021606
0.6749089956283569
0.9013810753822327
0.554506778717041
0.4934659004211426
0.28408288955688477
0.5894085764884949
0.5791541934013367
0.33082619309425354
0.3204180896282196
0.22536075115203857
0.12051185220479965
0.059214890003204346
0.3022046387195587
0.38504037261009216
0.2136644721031189
0.7083978056907654
0.2920811176300049
0.5686114430427551
0.15417152643203735
0.6182408332824707
0.14436708390712738
0.667367696762085
0.7568164467811584
0.8355560898780823
0.7939654588699341
0.9403737783432007
0.8548873662948608
0.38753870129585266
0.593833863735199
0.6206817626953125
0.6534786820411682
0.10333508998155594
0.8306413888931274
9.246385161532089e-06
0.20522964000701904
0.315925657749176
0.6453003883361816
0.23215797543525696
0.8961065411567688
0.6005327701568604
0.7999928593635559
0.8710055947303772
0.596908688545227
0.12238278985023499
0.6787329912185669
0.8221167325973511
0.9896736145019531
0.7192767262458801
0.3614666163921356
0.2792622148990631
0.06094132363796234
0.5559521913528442
0.4506000578403473
0.4874155521392822
0.4065328538417816
0.526183545589447
0.027659282088279724
0.3525123596191406
0.7852694392204285
0.8826862573623657
0.5388432741165161
0.14556531608104706
0.0998445451259613
0.08420050144195557
0.8444012999534607
0.48376718163490295
0.26159507036209106
0.5847415328025818
0.352492094039917
0.7376943230628967
0.6588091850280762
0.6684365272521973
0.11708801984786987
0.6164970397949219
0.5197122693061829
0.4058327078819275
0.8652790188789368
0.06658785045146942
0.35770437121391296
0.3139570355415344
0.34343835711479187
0.20374739170074463
0.3683140277862549
0.7050884962081909
0.7020838260650635
0.48783329129219055
0.6982458829879761
0.3736564815044403
0.06119357421994209
0.8765906095504761
0.7136500477790833
0.6998327970504761
0.6630772948265076
0.45280948281288147
0.18252572417259216
0.2983938455581665
0.6357446312904358
0.6822474002838135
0.274881511926651
0.45137396454811096
0.48228901624679565
0.040616974234580994
0.2830755114555359
0.16026102006435394
0.04001663997769356
0.056920431554317474
0.41519442200660706
0.08585339039564133
0.5433464646339417
0.6306092739105225
0.48849138617515564
0.8474760055541992
0.697979211807251
0.5092915296554565
0.30638399720191956
0.23511739075183868
0.27705129981040955
0.19354701042175293
0.32601726055145264
0.07042007148265839
0.3688601553440094
0.0333176888525486
0.05442751199007034
0.31222718954086304
0.47112327814102173
0.8209620118141174
0.4869859218597412
0.8883489966392517
0.23830847442150116
0.6963734030723572
0.930455207824707
0.15529687702655792
0.13878287374973297
0.9418822526931763
0.8693457245826721
0.6324107050895691
0.8862789273262024
0.825378954410553
0.32494235038757324
0.877484917640686
0.4650816321372986
0.7683387994766235
0.19894926249980927
0.19279415905475616
0.728107213973999
0.3191643953323364
0.23074331879615784
0.4016699194908142
0.5164441466331482
0.26283371448516846
0.9911847114562988
0.3029567301273346
0.003303323872387409
0.25930461287498474
0.27041324973106384
0.966055691242218
0.41387179493904114
0.9656530022621155
0.20681339502334595
0.09159821271896362
0.34178996086120605
0.34390944242477417
0.6255694031715393
0.7780040502548218
0.5949401259422302
0.009828327223658562
0.3758741021156311
0.5666593313217163
0.0931757241487503
0.6664909720420837
0.6501532196998596
0.4362265467643738
0.3958127200603485
0.26425713300704956
0.5516815185546875
0.3279952108860016
0.15731000900268555
0.5487359166145325
0.782335638999939
0.07109656929969788
0.38989296555519104
0.729717493057251
0.6024096012115479
0.4616776406764984
0.7962356805801392
0.9328411817550659
0.09438962489366531
0.9477893114089966
0.8857211470603943
0.20684799551963806
0.8262410163879395
0.08678905665874481
0.17156636714935303
0.44307941198349
0.40919217467308044
0.16350829601287842
0.6219350695610046
0.41275984048843384
0.29433438181877136
0.9843783378601074
0.42908287048339844
0.4548507034778595
0.28943684697151184
0.5945215225219727
0.46998322010040283
0.7437947988510132
0.16993512213230133
0.010942487977445126
0.2668418288230896
0.7948408126831055
0.4784393608570099
0.17865915596485138
0.3527994155883789
0.6962262392044067
0.545322597026825
0.5384508371353149
0.5102819800376892
0.3376583456993103
0.14308084547519684
0.37266314029693604
0.6158450841903687
0.12364888191223145
0.4818335175514221
0.026039905846118927
0.9300093650817871
0.1364234983921051
0.23588086664676666
0.8827437162399292
0.6354374289512634
0.061322689056396484
0.328545480966568
0.6458637118339539
0.9330059885978699
0.9606512784957886
0.8445237278938293
0.44116273522377014
0.6395655870437622
0.30874645709991455
0.5556142330169678
0.0005218429141677916
0.31620776653289795
0.15860462188720703
0.29481369256973267
0.7416341304779053
0.07262799888849258
0.042585793882608414
0.16465570032596588
0.2042624056339264
0.19720980525016785
0.6016258597373962
0.9771512150764465
0.8277921676635742
0.11581861972808838
0.9176266193389893
0.7217305898666382
0.05782235786318779
0.36034250259399414
0.7063384652137756
0.0758747011423111
0.06655292958021164
0.4114188849925995
0.2706071138381958
0.01799820363521576
0.10967989265918732
0.6243599653244019
0.004301116336137056
0.14369651675224304
0.2882079780101776
0.5186833143234253
0.25856733322143555
0.8062428832054138
0.09164371341466904
0.6150082349777222
0.3651529848575592
0.26452794671058655
0.08849964290857315
0.41265636682510376
0.28702616691589355
0.9180974960327148
0.9943912029266357
0.17220136523246765
0.9959769248962402
0.9582778811454773
0.9154048562049866
0.7924976348876953
0.9203373789787292
0.5661375522613525
0.020423751324415207
0.4316020905971527
0.7723236083984375
0.39767852425575256
0.020315730944275856
0.8468068838119507
0.10005655139684677
0.19277316331863403
0.35256633162498474
0.6832510232925415
0.28826725482940674
0.9381866455078125
0.2931394577026367
0.6036850214004517
0.8716889023780823
0.8374736905097961
0.5586557984352112
0.01229909248650074
0.9110976457595825
0.8044918179512024
0.3257414698600769
0.14474958181381226
0.4625731110572815
0.4001329839229584
0.6098771095275879
0.9497655630111694
0.33267682790756226
0.12412133067846298
0.014666587114334106
0.3734966814517975
0.9671409130096436
0.5921831130981445
0.4472883343696594
0.7617802619934082
0.4169849753379822
0.14050400257110596
0.9032068252563477
0.9477288126945496
0.06689490377902985
0.6247153282165527
0.8706247806549072
0.4198167622089386
0.06035839021205902
0.913314938545227
0.22737209498882294
0.8000364899635315
0.486456960439682
0.07663783431053162
0.9564231634140015
0.5438502430915833
0.4858396649360657
0.8627228736877441
0.5514803528785706
0.3407837152481079
0.9681516885757446
0.3198776841163635
0.6898617744445801
0.15610073506832123
0.690579891204834
0.15195141732692719
0.2326754629611969
0.4064789116382599
0.17177186906337738
0.06539247930049896
0.008910562843084335
0.7948550581932068
0.38593173027038574
0.3740605115890503
0.09119950979948044
0.6970483660697937
0.48977896571159363
0.09024161100387573
0.5950073003768921
0.12868228554725647
0.036479320377111435
0.15886615216732025
0.8007432818412781
0.77090984582901
0.7872158885002136
0.8925109505653381
0.233765110373497
0.7693400979042053
0.9462012052536011
0.7297714352607727
0.2839813232421875
0.8617942929267883
0.8026349544525146
0.5172079205513
0.43539807200431824
0.5749262571334839
0.8022163510322571
0.7517839074134827
0.9574471116065979
0.7715803980827332
0.9753241539001465
0.16283130645751953
0.24692609906196594
0.4267100989818573
0.887387752532959
0.499064564704895
0.05257243290543556
0.09942947328090668
0.4068325161933899
0.8213656544685364
0.5375162363052368
0.3047688901424408
0.07715911418199539
0.9332424402236938
0.6741035580635071
0.9030283689498901
0.04839830845594406
0.9474567174911499
0.4895510971546173
0.9160271286964417
0.9822534918785095
0.7281058430671692
0.30363908410072327
0.6871368885040283
0.575032114982605
0.8000914454460144
0.51175856590271
0.49533915519714355
0.8609207272529602
0.9603272676467896
0.8142641186714172
0.472211629152298
0.16755889356136322
0.9018006920814514
0.5016465187072754
0.7680075764656067
0.9010257124900818
0.366996169090271
0.4844309389591217
0.8796954154968262
0.23048189282417297
0.6143703460693359
0.7084358930587769
0.9390612244606018
0.4199455678462982
0.7453930377960205
0.024011507630348206
0.7714766263961792
0.5812991261482239
0.857217013835907
0.26826292276382446
0.20049314200878143
0.60321044921875
0.043295446783304214
0.7073464393615723
0.6196449398994446
0.6837925910949707
0.4982362985610962
0.3755679130554199
0.8854780793190002
0.7055498361587524
0.7669525146484375
0.11521794646978378
0.21756216883659363
0.8883097171783447
0.4360184669494629
0.6344432234764099
0.9556280374526978
0.41016969084739685
0.0397682823240757
0.7874645590782166
0.6112703084945679
0.8155431747436523
0.3494682312011719
0.695773720741272
0.37114590406417847
0.9822864532470703
0.8540220260620117
0.7266314625740051
0.40403175354003906
0.9184005856513977
0.16399021446704865
0.3509523272514343
0.24530217051506042
0.00838836282491684
0.9374035596847534
0.3498595058917999
0.5029091238975525
0.2167472541332245
0.027751121670007706
0.32312461733818054
0.4927554130554199
0.637148916721344
0.7209306359291077
0.7302513718605042
0.47760921716690063
0.8932812213897705
0.020984048023819923
0.09136632829904556
0.22699156403541565
0.24771595001220703
0.7240352630615234
0.034941744059324265
0.9755092859268188
0.6943305134773254
0.5452154278755188
0.3657570481300354
0.7091623544692993
0.47450706362724304
0.3871956765651703
0.47698092460632324
0.6283076405525208
0.9695028066635132
0.9029665589332581
0.749602735042572
0.9574235677719116
0.1214730516076088
0.5463273525238037
0.7648012638092041
0.9717661738395691
0.1533368080854416
0.7055249214172363
0.8798107504844666
0.14280998706817627
0.9741619229316711
0.07104633748531342
0.6836676001548767
0.9328329563140869
0.9934118390083313
0.7680969834327698
0.5526475310325623
0.907444179058075
0.7407207489013672
0.10628796368837357
0.06796656548976898
0.34581583738327026
0.7449317574501038
0.2362530678510666
0.7593994140625
0.764294445514679
0.16364899277687073
0.8527879118919373
0.20565666258335114
0.6551485657691956
0.38971424102783203
0.3977128565311432
0.7323753833770752
0.7997663021087646
0.6857905387878418
0.020786724984645844
0.6011077165603638
0.32178744673728943
0.035078298300504684
0.9696584343910217
0.20218919217586517
0.22592385113239288
0.02208470180630684
0.7458704710006714
0.462545782327652
0.7254863381385803
0.9857868552207947
0.15074433386325836
0.009531265124678612
0.5847895741462708
0.42301443219184875
0.78742516040802
0.5731645226478577
0.7533957958221436
0.8147560358047485
0.34418249130249023
0.7021998763084412
0.586730420589447
0.3534673750400543
0.34663769602775574
0.3671770691871643
0.8126536011695862
0.6677241921424866
0.2687276303768158
0.08414951711893082
0.6524842977523804
0.5777759552001953
0.4848082959651947
0.8064113259315491
0.8419100642204285
0.4264618754386902
0.42125481367111206
0.14270177483558655
0.2999514639377594
0.7363405227661133
0.7505571246147156
0.1394183337688446
0.8213129043579102
0.9839593768119812
0.916293203830719
0.20877161622047424
0.18099506199359894
0.11999908834695816
0.6062721014022827
0.37585219740867615
0.4345577359199524
0.9164564609527588
0.490241140127182
0.07778108865022659
0.33212485909461975
0.779013454914093
0.5508793592453003
0.8903236389160156
0.19121722877025604
0.9573846459388733
0.6884117722511292
0.39333757758140564
0.26356804370880127
0.5683989524841309
0.13118590414524078
0.013362891972064972
0.7753733396530151
0.7115987539291382
0.3330663740634918
0.14621056616306305
0.5380956530570984
0.6430169343948364
0.8413853645324707
0.6847653985023499
0.7314935922622681
0.6184446811676025
0.6768564581871033
0.05269904062151909
0.1495836079120636
0.3610798418521881
0.599035382270813
0.6881380677223206
0.005777923855930567
0.40822044014930725
0.5661893486976624
0.013178902678191662
0.47037696838378906
0.4053485691547394
0.987470805644989
0.9529573917388916
0.9832714200019836
0.5819357633590698
0.6132427453994751
0.8055999875068665
0.06669460237026215
0.47199058532714844
0.214215949177742
0.7834810614585876
0.08007887005805969
0.5611015558242798
0.13728086650371552
0.9968555569648743
0.0894412025809288
0.31838685274124146
0.8021295666694641
0.49396616220474243
0.9286496639251709
0.7420786619186401
0.3673173189163208
0.3853718340396881
0.16029669344425201
0.10407508909702301
0.027467798441648483
0.9225413799285889
0.5736759305000305
0.9213799238204956
0.28665801882743835
0.7219322323799133
0.061777785420417786
0.17444831132888794
0.5230757594108582
0.2788805067539215
0.48691239953041077
0.7653537392616272
0.22366583347320557
0.12649975717067719
0.11490391194820404
0.5866435766220093
0.8031952381134033
0.9776242971420288
0.6694488525390625
0.6929564476013184
0.5004776120185852
0.9790417551994324
0.5268028378486633
0.05167865380644798
0.3392682373523712
0.9981306791305542
0.6180544495582581
0.6933128833770752
0.6058824062347412
0.7698805332183838
0.39780524373054504
0.007666793651878834
0.2883230447769165
0.19574713706970215
0.6454725861549377
0.3349732756614685
0.8486530184745789
0.1760845184326172
0.7252537608146667
0.021873289719223976
0.027940785512328148
0.08440561592578888
0.3278687000274658
0.016567133367061615
0.5014811158180237
0.9243862628936768
0.25704315304756165
0.5912808179855347
0.14748159050941467
0.059248775243759155
0.5015027523040771
0.634967029094696
0.8376753926277161
0.08236254751682281
0.20979143679141998
0.46808841824531555
0.8931108713150024
0.5119571089744568
0.8866234421730042
0.6069678068161011
0.10363597422838211
0.8321318626403809
0.8331338167190552
0.9294230937957764
0.6268336176872253
0.6202790141105652
0.5969014763832092
0.6752159595489502
0.521600604057312
0.894213855266571
0.39798274636268616
0.12274420261383057
0.27493393421173096
0.5500966906547546
0.57314532995224
0.41975662112236023
0.8009439706802368
0.8027219772338867
0.6176537871360779
0.5353677868843079
0.9649935364723206
0.869294285774231
0.30379652976989746
0.4881099760532379
0.45261871814727783
0.45989224314689636
0.32124754786491394
0.742750883102417
0.09073340892791748
0.6831715703010559
0.05341732129454613
0.8488461971282959
0.9443062543869019
0.14114591479301453
0.1606341153383255
0.6798872351646423
0.9871776700019836
0.5328474044799805
0.3704223036766052
0.38546302914619446
0.6584827899932861
0.7835572957992554
0.7947075963020325
0.8115293979644775
0.8314257264137268
0.06548815220594406
0.37169787287712097
0.46817564964294434
0.7492011785507202
0.42843663692474365
0.7814000248908997
0.7308006882667542
0.7591753602027893
0.058168135583400726
0.28648242354393005
0.8012977838516235
0.1705838292837143
0.49299004673957825
0.6759780645370483
0.2376350462436676
0.5087667107582092
0.7559931874275208
0.9533625841140747
0.7712587714195251
0.9662074446678162
0.696880578994751
0.5395944118499756
0.3624902069568634
0.18948493897914886
0.9222548604011536
0.24035416543483734
0.44414597749710083
0.1913837492465973
0.24786680936813354
0.7415704727172852
0.286300927400589
0.48939263820648193
0.5056653618812561
0.07061988115310669
0.4462277293205261
0.7330495119094849
0.19980865716934204
0.9976149201393127
0.5914340019226074
0.2495916783809662
0.9171509742736816
0.42162269353866577
0.037377581000328064
0.49299779534339905
0.2939320504665375
0.3779973089694977
0.2047395259141922
0.614662230014801
0.30894461274147034
0.4210209846496582
0.959782600402832
0.3270622491836548
0.2513285279273987
0.5741110444068909
0.1766236424446106
0.8110963702201843
0.04247670993208885
0.08921152353286743
0.4019903540611267
0.7185729146003723
0.6662017703056335
0.07625594735145569
0.24528613686561584
0.16928040981292725
0.7144775986671448
0.03730744123458862
0.5886080265045166
0.26880940794944763
0.8565486073493958
0.43690207600593567
0.21175770461559296
0.07667750865221024
0.10633675754070282
0.6673149466514587
0.31311526894569397
0.1007101833820343
0.05399760976433754
0.7965371012687683
0.305943101644516
0.4483289420604706
0.18845848739147186
0.9595623016357422
0.5149818658828735
0.9484437704086304
0.9346323013305664
0.3768251836299896
0.30249667167663574
0.7381324172019958
0.629712700843811
0.028244158253073692
0.8451629877090454
0.03922497481107712
0.6479469537734985
0.6939488649368286
0.8419854640960693
0.665243923664093
0.7921124696731567
0.530756950378418
0.5294921398162842
0.31089791655540466
0.4836854040622711
0.0012694938341155648
0.830952525138855
0.4407600164413452
0.9289305210113525
0.411262184381485
0.2590368688106537
0.46468818187713623
0.30810776352882385
0.3713568150997162
0.8516832590103149
0.038724832236766815
0.2524496614933014
0.749247670173645
0.13716882467269897
0.7013826966285706
0.2447684407234192
0.7749517560005188
0.1931641697883606
0.009878037497401237
0.21960583329200745
0.5223602652549744
0.3836919665336609
0.18997620046138763
0.26162102818489075
0.7979269623756409
0.1585535705089569
0.3623916506767273
0.09611961990594864
0.15622371435165405
0.436180055141449
0.2709546983242035
0.4003954231739044
0.24570977687835693
0.08140783756971359
0.30547642707824707
0.5327310562133789
0.6956737041473389
0.6521015763282776
0.9746173024177551
0.3160983920097351
0.7964783906936646
0.1905524879693985
0.8644473552703857
0.9508156180381775
0.3377607762813568
0.36785680055618286
0.9609054923057556
0.6012976765632629
0.5326777696609497
0.028464965522289276
0.5765653252601624
0.11630737781524658
0.24220262467861176
0.5175812840461731
0.03538123518228531
0.765784740447998
0.6213701367378235
0.5471019744873047
0.15537029504776
0.2623065710067749
0.9773743152618408
0.36859893798828125
0.17481286823749542
0.2244970053434372
0.19052651524543762
0.555499792098999
0.8579354286193848
0.21572057902812958
0.565597653388977
0.6028695106506348
0.11475948244333267
0.7438197731971741
0.6389743685722351
0.5106420516967773
0.38745105266571045
0.019354527816176414
0.06272894889116287
0.6356231570243835
0.28005751967430115
0.9472099542617798
0.3540840744972229
0.4860464930534363
0.9564922451972961
0.437844842672348
0.2131948620080948
0.3302449584007263
0.8932622671127319
0.06391531974077225
0.6689444184303284
0.4072520434856415
0.533889651298523
0.9506226778030396
0.06416084617376328
0.3109249472618103
0.7181366682052612
0.24480342864990234
0.7193974852561951
0.9830684661865234
0.9062771797180176
0.23352572321891785
0.7202039957046509
0.2342004030942917
0.058111563324928284
0.7070651650428772
0.47925958037376404
0.7626752853393555
0.4931997060775757
0.9396938681602478
0.7099024057388306
0.3138887584209442
0.268501341342926
0.1839214414358139
0.4225590229034424
0.11983755230903625
0.9826789498329163
0.6086708903312683
0.2721903324127197
0.7068623304367065
0.5745308995246887
0.16125793755054474
0.4257759153842926
0.4312012791633606
0.9570800065994263
0.6586068272590637
0.9700313806533813
0.701323390007019
0.8322285413742065
0.7514951825141907
0.9932847023010254
0.8780307173728943
0.5775725841522217
0.12441539764404297
0.6499214768409729
0.6336262226104736
0.8214642405509949
0.7955138087272644
0.8781876564025879
0.4520326554775238
0.32224756479263306
0.2632564902305603
0.9930457472801208
0.5580306053161621
0.1832142472267151
0.9515548348426819
0.220569908618927
0.8303515315055847
0.10781939327716827
0.8658984303474426
0.787685215473175
0.2993485927581787
0.8534951210021973
0.258317232131958
0.2792321741580963
0.30543744564056396
0.7955887913703918
0.8890292048454285
0.09805673360824585
0.7525734305381775
0.14791914820671082
0.8766331076622009
0.37263986468315125
0.38926956057548523
0.7029229998588562
0.3623063266277313
0.1349261850118637
0.855745792388916
0.07676585018634796
0.01159890927374363
0.9191834926605225
0.2034519910812378
0.5249433517456055
0.8740212917327881
0.1414569616317749
0.512570858001709
0.4158455431461334
0.21939235925674438
0.46944230794906616
0.04022892564535141
0.4373936355113983
0.46242403984069824
0.01014198362827301
0.1414778232574463
0.8367425203323364
0.854779064655304
0.7499703764915466
0.07836518436670303
0.6879693865776062
0.037439413368701935
0.4189985692501068
0.9337489604949951
0.45611295104026794
0.6373816728591919
0.2734384536743164
0.7533916234970093
0.9450904726982117
0.9292153716087341
0.26436322927474976
0.6305617094039917
0.7950533628463745
0.24982872605323792
0.562300443649292
0.7998933792114258
0.014649116434156895
0.26675501465797424
0.8389282822608948
0.10071495175361633
0.381207674741745
0.47327977418899536
0.06697064638137817
0.7377141714096069
0.24329465627670288
0.9867290258407593
0.4858282208442688
0.8027268648147583
0.4215482175350189
0.12360269576311111
0.5261064171791077
0.22513596713542938
0.24641777575016022
0.6171784996986389
0.7472272515296936
0.9003658294677734
0.1617850661277771
0.9606776237487793
0.015181886963546276
0.7274792790412903
0.8836019039154053
0.9722148776054382
0.1030418798327446
0.8717490434646606
0.04614081606268883
0.0957643985748291
0.8200435042381287
0.5763261914253235
0.5699458718299866
0.04859015718102455
0.7007547616958618
0.3637327551841736
0.3578701317310333
0.7992271780967712
0.333741694688797
0.1685868799686432
0.7192485332489014
0.020097335800528526
0.41847941279411316
0.5369909405708313
0.3602428138256073
0.9234424233436584
0.057717498391866684
0.6410014629364014
0.7023482918739319
0.9562305212020874
0.4672928750514984
0.8833749890327454
0.5133288502693176
0.9272049069404602
0.8694400191307068
0.06572788208723068
0.8524433970451355
0.1175808236002922
0.3995342552661896
0.9353878498077393
0.9877225160598755
0.2878641188144684
0.26470717787742615
0.731533408164978
0.7706733345985413
0.250192791223526
0.049081768840551376
0.5540447235107422
0.9410563707351685
0.6472179889678955
0.7660604119300842
0.466109961271286
0.10128435492515564
0.1864749640226364
0.5613290667533875
0.7220145463943481
0.4086412489414215
0.6826545596122742
0.267238587141037
0.4212872087955475
0.7275141477584839
0.9364185333251953
0.5758054256439209
0.9207502603530884
0.7903962731361389
0.6373922228813171
0.08566198498010635
0.8631235957145691
0.45204970240592957
0.06046692281961441
0.2432163506746292
0.08771491795778275
0.056285157799720764
0.674856424331665
0.8507179617881775
0.22353623807430267
0.5976696610450745
0.18901440501213074
0.8489570617675781
0.4458940029144287
0.7441298365592957
0.153103306889534
0.6070302128791809
0.9785842299461365
0.6609222292900085
0.49922388792037964
0.7279874682426453
0.845859944820404
0.06918703019618988
0.9798829555511475
0.24663709104061127
0.2812092900276184
0.16051825881004333
0.0408768355846405
0.6420101523399353
0.030569005757570267
0.4099608361721039
0.15292450785636902
0.7077110409736633
0.16515417397022247
0.05432821437716484
0.2122741937637329
0.5144733786582947
0.8367289900779724
0.48755261301994324
0.34461867809295654
0.630645215511322
0.5594910383224487
0.5560617446899414
0.25133016705513
0.38025790452957153
0.36077165603637695
0.5770918130874634
0.25439465045928955
0.31562158465385437
0.7214187383651733
0.023617440834641457
0.30790117383003235
0.06558375060558319
0.28817614912986755
0.8536426424980164
0.5574049353599548
0.1965850293636322
0.8573938608169556
0.07874034345149994
0.9839078187942505
0.46917253732681274
0.14151281118392944
0.20882804691791534
0.593110203742981
0.9498438239097595
0.15299677848815918
0.03980480134487152
0.9140740633010864
0.1444605588912964
0.5446041822433472
0.9409860372543335
0.1964435875415802
0.19352908432483673
0.23014114797115326
0.32717713713645935
0.6969645023345947
0.7901609539985657
0.5249579548835754
0.5793144106864929
0.20099753141403198
0.5045018792152405
0.9718307256698608
0.12494409829378128
0.5210524201393127
0.09525138884782791
0.45694252848625183
0.3407535254955292
0.3053804636001587
0.936681866645813
0.7768340706825256
0.3431621789932251
0.9030686020851135
0.08731813728809357
0.7780007123947144
0.1711127907037735
0.28136223554611206
0.8305764198303223
0.20105211436748505
0.966901957988739
0.4574425220489502
0.2109983116388321
0.13409459590911865
0.9386296272277832
0.785491406917572
0.25874820351600647
0.381937175989151
0.27059584856033325
0.6808009743690491
0.0932665765285492
0.2748894989490509
0.9406648874282837
0.9681023359298706
0.37957847118377686
0.8548585176467896
0.22593718767166138
0.8788794279098511
0.4605511724948883
0.04500294104218483
0.19303753972053528
0.8741116523742676
0.5356374979019165
0.5410189032554626
0.6466739177703857
0.47940197587013245
0.754506528377533
0.408891886472702
0.48945438861846924
0.973271906375885
0.527890145778656
0.5721240639686584
0.9464367032051086
0.510871946811676
0.5211132764816284
0.25668543577194214
0.9842485189437866
0.6912314295768738
0.8032780885696411
0.16198080778121948
0.9838644862174988
0.9712938070297241
0.27780279517173767
0.30171462893486023
0.23911860585212708
0.23523688316345215
0.4905794560909271
0.7580236196517944
0.9410344362258911
0.058378227055072784
0.513229250907898
0.03243112564086914
0.9760644435882568
0.5250785946846008
0.18065710365772247
0.32712042331695557
0.5625444650650024
0.9302070140838623
0.8346537947654724
0.7580206990242004
0.8019149303436279
0.45520198345184326
0.6470516920089722
0.20262306928634644
0.46270304918289185
0.19526724517345428
0.45873281359672546
0.16565459966659546
0.9671667218208313
0.08329059928655624
0.7425197958946228
0.18619953095912933
0.2773231565952301
0.320890337228775
0.5996389985084534
0.8992031812667847
0.8128395676612854
0.0823216438293457
0.32675856351852417
0.7424022555351257
0.941815972328186
0.24013672769069672
0.4450933039188385
0.3924236595630646
0.5329009294509888
0.452882319688797
0.9629843235015869
0.4847799241542816
0.0013391663087531924
0.6387789845466614
0.9987007975578308
0.263288676738739
0.8336527347564697
0.26617518067359924
0.07598422467708588
0.4809993803501129
0.18013949692249298
0.46630412340164185
0.551741898059845
0.7983012199401855
0.3987196087837219
0.10790692269802094
0.05319708585739136
0.31653937697410583
0.4016451835632324
0.3253919780254364
0.5601727366447449
0.06775308400392532
0.0299228448420763
0.6757733225822449
0.11534867435693741
0.12957167625427246
0.23452426493167877
0.8998420834541321
0.5767730474472046
0.9938408136367798
0.274831622838974
0.8684464693069458
