512 2 3
0
101
339
1
263
435
2
13
277
3
132
439
4
34
184
5
62
486
6
74
173
7
145
146
8
98
498
9
238
277
10
388
485
11
370
414
12
124
496
13
25
433
14
394
407
15
141
200
16
53
127
16
17
21
18
40
338
19
115
465
20
348
365
21
107
388
22
381
503
23
340
411
24
342
356
25
118
186
26
48
194
27
49
438
28
112
240
29
73
366
30
382
403
31
261
358
32
80
443
33
122
479
34
120
250
35
325
431
36
167
356
37
200
316
27
38
95
39
110
334
0
40
242
41
154
212
42
405
451
43
90
432
44
128
225
45
207
429
46
138
464
47
405
479
3
48
280
49
265
437
45
50
154
51
64
347
52
326
330
53
138
380
54
258
300
55
137
297
56
228
260
26
57
462
49
58
134
59
144
433
60
271
340
61
163
267
62
464
472
63
248
382
64
328
480
65
108
405
2
66
339
1
67
430
68
142
318
69
307
506
70
372
423
71
181
329
72
253
278
73
145
431
74
223
287
75
223
484
76
82
95
77
364
390
78
229
509
79
125
406
19
80
367
81
247
484
82
292
494
83
270
452
44
84
335
59
85
100
10
86
214
87
145
360
88
180
269
89
165
342
90
124
143
88
91
416
10
92
362
30
93
310
11
47
94
47
95
412
96
240
432
97
178
386
98
161
506
65
99
160
100
233
331
4
101
246
102
193
327
34
103
197
104
397
507
84
105
323
14
106
387
107
112
385
108
162
394
109
171
375
110
287
425
111
273
347
48
112
501
69
113
368
83
114
371
101
115
466
116
228
413
9
117
299
34
113
118
119
254
282
120
226
509
121
168
232
107
122
453
56
123
451
124
160
503
125
132
466
126
165
338
125
127
309
128
231
274
129
214
413
130
259
397
46
70
131
132
193
223
133
236
470
20
134
392
127
135
432
70
136
343
137
274
448
109
138
239
139
190
294
118
129
140
98
129
141
57
115
142
58
142
143
42
144
507
145
159
178
57
146
502
20
147
414
148
275
424
8
149
192
97
150
249
151
176
277
6
152
402
153
282
314
11
63
154
61
155
188
156
242
327
12
157
259
24
158
234
90
159
486
160
316
357
23
161
191
83
115
162
45
163
264
110
164
492
165
406
468
166
332
480
147
167
433
106
168
354
24
169
239
68
156
170
171
302
435
171
172
499
130
173
472
22
110
174
175
190
375
115
163
176
162
177
339
65
130
178
26
179
188
180
198
499
171
181
402
182
358
471
115
183
239
30
67
184
8
185
204
186
263
272
187
367
399
151
188
380
189
203
499
190
194
372
185
191
461
79
192
222
121
193
245
108
194
469
195
280
345
196
381
417
197
290
293
198
398
455
8
100
199
173
200
365
201
269
479
108
202
317
203
249
367
204
294
306
31
149
205
206
267
369
38
44
207
208
277
458
209
284
482
13
175
210
68
190
211
206
212
447
134
213
453
67
214
424
215
352
426
100
150
216
86
217
379
218
379
503
118
219
426
220
282
492
221
296
450
215
222
423
38
223
473
224
321
355
112
225
500
226
283
506
17
204
227
228
366
399
41
127
229
217
230
479
227
231
312
9
114
232
196
233
288
47
183
234
85
235
272
236
258
354
79
237
326
126
238
389
135
239
404
23
74
240
66
241
243
222
242
376
86
243
310
28
145
244
10
104
245
207
241
246
70
247
262
248
282
411
201
249
442
124
250
501
229
251
415
181
252
373
142
253
462
109
254
314
66
248
255
256
391
492
99
257
489
109
258
374
72
259
286
260
439
489
67
261
275
31
262
379
209
263
342
264
288
314
265
417
501
155
266
382
111
163
267
268
289
400
169
269
304
13
239
270
7
205
271
114
272
467
134
171
273
274
481
491
124
142
275
230
276
492
3
129
277
278
443
473
50
160
279
191
280
461
252
260
281
125
282
468
175
283
340
89
284
425
73
91
285
286
338
396
40
108
287
173
288
495
46
289
399
290
310
412
118
291
348
68
292
495
152
293
307
160
294
295
47
242
295
135
296
338
70
297
446
6
219
298
71
251
299
300
406
467
188
206
301
302
339
360
219
303
375
47
93
304
287
305
321
36
140
306
81
307
507
7
308
331
95
309
478
271
310
358
124
311
480
312
448
495
251
313
406
42
218
314
148
246
315
276
285
316
143
317
400
147
318
429
36
40
319
320
398
435
146
321
391
109
322
425
122
323
349
69
324
360
315
325
425
131
205
326
194
327
478
316
328
415
109
291
329
324
330
386
240
331
465
141
332
391
158
312
333
191
334
504
51
335
410
35
120
336
86
148
337
317
338
415
55
290
339
323
340
418
341
385
426
325
342
452
161
317
343
67
284
344
52
154
345
81
87
346
347
379
456
74
109
348
238
349
430
81
221
350
37
347
351
255
352
477
110
327
353
9
354
456
32
355
375
125
188
356
221
357
434
183
286
358
16
216
359
55
198
360
39
361
440
285
362
421
72
363
421
336
364
410
27
50
365
257
366
377
233
367
484
50
368
505
308
369
461
186
370
434
28
371
373
329
372
414
240
324
373
57
301
374
93
200
375
126
376
499
56
214
377
59
232
378
131
379
394
79
380
497
111
339
381
151
382
478
288
372
383
243
384
392
112
385
480
386
409
435
193
265
387
208
388
411
46
310
389
55
158
390
46
386
391
160
392
435
229
315
393
124
354
394
268
395
458
229
396
461
310
397
490
20
398
425
55
241
399
5
275
400
190
206
401
398
402
458
124
214
403
272
281
404
68
318
405
107
198
406
91
124
407
405
408
511
103
158
409
271
410
486
62
102
411
102
412
441
397
413
497
155
315
414
191
251
415
338
416
424
176
407
417
110
243
418
52
402
419
257
304
420
117
421
431
23
149
422
423
467
504
35
236
424
176
196
425
161
426
493
24
98
427
121
235
428
352
360
429
7
193
430
72
422
431
270
285
432
324
388
433
2
188
434
184
306
435
10
164
436
20
27
437
273
438
482
375
439
503
72
440
503
288
331
441
141
322
442
90
443
460
156
194
444
2
419
445
205
256
446
207
439
447
112
242
448
327
449
497
294
450
452
152
445
451
220
285
452
46
157
453
11
28
454
63
455
468
86
111
456
67
347
457
236
279
458
311
317
459
141
330
460
200
253
461
13
243
462
37
96
463
315
464
466
133
465
493
355
466
506
206
356
467
356
419
468
280
381
469
326
448
470
71
375
471
54
194
472
114
414
473
23
205
474
34
475
501
82
476
501
406
477
483
33
278
478
185
237
479
190
245
480
238
418
481
51
256
482
120
483
487
155
294
484
239
278
485
31
482
486
212
483
487
179
199
488
160
329
489
313
473
490
422
491
509
347
364
492
154
493
506
83
381
494
22
393
495
338
453
496
167
327
497
27
288
498
239
300
499
9
337
500
14
256
501
81
502
509
8
220
503
407
474
504
298
329
505
33
483
506
366
488
507
24
119
508
403
509
510
3
79
510
72
361
511
0.32000476121902466
0.3886236548423767
0.19025194644927979
0.4261050820350647
0.3735180199146271
0.14458522200584412
0.9223672747612
0.5363611578941345
0.8217912912368774
0.14853498339653015
0.24734148383140564
0.1952933818101883
0.9672056436538696
0.23648400604724884
0.7565796375274658
0.9659578800201416
0.8305530548095703
0.6538257598876953
0.533392071723938
0.5805978178977966
0.24518844485282898
0.265331894159317
0.46903544664382935
0.5964773297309875
0.7688586115837097
0.06781391054391861
0.11207082867622375
0.002423021476715803
0.024941030889749527
0.2039896547794342
0.9349396228790283
0.42964768409729004
0.8141972422599792
0.30036795139312744
0.01529745664447546
0.7281104922294617
0.7427970767021179
0.5244994163513184
0.7616794109344482
0.37328124046325684
0.3745726943016052
0.27830642461776733
0.8363288640975952
0.9450095891952515
0.5168179273605347
0.7668296694755554
0.1903134435415268
0.4546194076538086
0.26915162801742554
0.4718141555786133
0.9719939827919006
0.5341923832893372
0.09078659117221832
0.9297634363174438
0.10724713653326035
0.7695727348327637
0.8393375873565674
0.33634811639785767
0.24031701683998108
0.03114306554198265
0.6716289520263672
0.03547949343919754
0.6398756504058838
0.04463342949748039
0.41215065121650696
0.7543227672576904
0.21211360394954681
0.029144125059247017
0.9060384631156921
0.062972292304039
0.8876394629478455
0.6691507697105408
0.9445314407348633
0.9862431883811951
0.8635699152946472
0.3337751030921936
0.19321946799755096
0.05287705361843109
0.6157419681549072
0.7986087799072266
0.7103264927864075
0.28791821002960205
0.12185586988925934
0.6635069847106934
0.9370548129081726
0.9423529505729675
0.6535000205039978
0.5332446098327637
0.171155646443367
0.2565127909183502
0.7442882061004639
0.6437159180641174
0.11517803370952606
0.10412141680717468
0.30721986293792725
0.1754542887210846
0.14440278708934784
0.22322185337543488
0.8655497431755066
0.8794077634811401
0.8452512621879578
0.7754777669906616
0.9723873138427734
0.28744757175445557
0.8948094248771667
0.03172259032726288
0.0850399062037468
0.9792609810829163
0.7189356684684753
0.8539766669273376
0.8599576354026794
0.08384405076503754
0.7273958325386047
0.5549612045288086
0.425286203622818
0.9956393837928772
0.9927510619163513
0.13335442543029785
0.5403571128845215
0.6666874289512634
0.03711816295981407
0.5397135615348816
0.3870399296283722
0.1071612685918808
0.16757354140281677
0.4756852984428406
0.00045241627958603203
0.2803622782230377
0.15215830504894257
0.3704182505607605
0.6276708841323853
0.4498898386955261
0.966548502445221
0.7169544696807861
0.7319537997245789
0.2505483329296112
0.6394999623298645
0.7878697514533997
0.9305148720741272
0.8542860150337219
0.6947423815727234
0.5207793712615967
0.5501278042793274
0.6596691608428955
0.3307206630706787
0.03550449386239052
0.29986152052879333
0.296721488237381
0.06391499191522598
0.3382081389427185
0.32226046919822693
0.3031836748123169
0.614252507686615
0.23209841549396515
0.08579236268997192
0.5833851099014282
0.6212785840034485
0.516975998878479
0.0624697282910347
0.436562716960907
0.4933607280254364
0.29128125309944153
0.19789838790893555
0.9198502898216248
0.12942682206630707
0.8006149530410767
0.44235309958457947
0.7214432954788208
0.11758187413215637
0.06716231256723404
0.9013999700546265
0.25576335191726685
0.0463445819914341
0.6679561734199524
0.10731309652328491
0.708587110042572
0.2508980929851532
0.972894549369812
0.7059859037399292
0.4878765046596527
0.48729875683784485
0.6956228017807007
0.11568126827478409
0.6814426779747009
0.4657951295375824
0.3869338035583496
0.8141303062438965
0.5913950204849243
0.08858518302440643
0.8581575751304626
0.503851056098938
0.5344218015670776
0.5603255033493042
0.8695679903030396
0.4936254024505615
0.45934367179870605
0.1925247311592102
0.7946445941925049
0.376261442899704
0.42171192169189453
0.8082730770111084
0.2395908236503601
0.596189558506012
0.6821457147598267
0.7394773960113525
0.3415355384349823
0.5448654294013977
0.45304974913597107
0.3245469629764557
0.5787450671195984
0.7738122940063477
0.5662292242050171
0.6503554582595825
0.5469568371772766
0.9027721285820007
0.449736088514328
0.9028991460800171
0.05651962757110596
0.943459153175354
0.5706271529197693
0.7563216686248779
0.35180142521858215
0.2770175635814667
0.6301820278167725
0.6349960565567017
0.5893502831459045
0.4198286831378937
0.23153068125247955
0.7602494359016418
0.8786429166793823
0.9424397349357605
0.4113892614841461
0.8566731810569763
0.5060642957687378
0.42615973949432373
0.9070591330528259
0.8774287104606628
0.5235555171966553
0.4530765116214752
0.8898429274559021
0.25390079617500305
0.1295374184846878
0.3546730577945709
0.005629151128232479
0.8782517313957214
0.8889418244361877
0.5910217761993408
0.28728142380714417
0.12998628616333008
0.3798340857028961
0.9369709491729736
0.3418147563934326
0.2968103587627411
0.4751778244972229
0.7341699600219727
0.3356751501560211
0.7974767088890076
0.5825468301773071
0.4903026223182678
0.30681586265563965
0.8919261693954468
0.9246140122413635
0.02011876180768013
0.41266483068466187
0.2673433721065521
0.985505998134613
0.2646559774875641
0.5226324796676636
0.575810432434082
0.7430635690689087
0.9112786054611206
0.972995936870575
0.9622652530670166
0.8854069709777832
0.7370347380638123
0.9989132881164551
0.3637632429599762
0.8419552445411682
0.2806588411331177
0.6244490146636963
0.350503146648407
0.7353573441505432
0.9379577040672302
0.23672571778297424
0.27318325638771057
0.838516354560852
0.13646385073661804
0.8297142386436462
0.7237346172332764
0.9650421738624573
0.5149890780448914
0.5773210525512695
0.3266027569770813
0.6468546390533447
0.9339707493782043
0.5472747087478638
0.01618731953203678
0.4725944399833679
0.8533332347869873
0.260284423828125
0.34389305114746094
0.7830621004104614
0.4904501438140869
0.8169510960578918
0.21231360733509064
0.3208019733428955
0.1689814329147339
0.1687120646238327
0.17672279477119446
0.21175694465637207
0.31259921193122864
0.2521206736564636
0.4467831254005432
0.6652877330780029
0.6949800848960876
0.407654345035553
0.20969122648239136
0.9947583079338074
0.3824244439601898
0.726317286491394
0.8592589497566223
0.8733883500099182
0.36627551913261414
0.061294157058000565
0.06384427845478058
0.4836922883987427
0.28894487023353577
0.32286977767944336
0.5534814596176147
0.6623381972312927
0.653515636920929
0.34159764647483826
0.05331020429730415
0.3105204403400421
0.7210099101066589
0.04222441092133522
0.31277355551719666
0.013541461899876595
0.03936080262064934
0.17214500904083252
0.8608168959617615
0.24650795757770538
0.7067584991455078
0.503108024597168
0.22880254685878754
0.799856424331665
0.5833393931388855
0.8540400266647339
0.4351370334625244
0.8975884914398193
0.09542003273963928
0.5102313160896301
0.6007020473480225
0.9030085206031799
0.8203179240226746
0.7034451365470886
0.04748374596238136
0.3698185980319977
0.11922022700309753
0.19576992094516754
0.1879400759935379
0.8544338345527649
0.3817393183708191
0.5812101364135742
0.7564029693603516
0.11051829904317856
0.43482673168182373
0.8961219191551208
0.24840714037418365
0.30346718430519104
0.3022698163986206
0.6760647892951965
0.8093991875648499
0.7091532349586487
0.8317935466766357
0.9174388647079468
0.9346780180931091
0.33954042196273804
0.5287665128707886
0.12524881958961487
0.6509299278259277
0.7405440807342529
0.6363859176635742
0.7659538388252258
0.3658882975578308
0.6049070954322815
0.8545843362808228
0.3045923113822937
0.7235431671142578
0.3821180462837219
0.5123209357261658
0.4897957742214203
0.7897891998291016
0.1611812561750412
0.8086677193641663
0.7580298781394958
0.20751532912254333
0.047789957374334335
0.8380671143531799
0.4350510537624359
0.47414010763168335
0.37447941303253174
0.269625723361969
0.460766464471817
0.5359687209129333
0.6138811111450195
0.0875430703163147
0.5016855001449585
0.30883079767227173
0.6597069501876831
0.5724195837974548
0.9434605836868286
0.4619258642196655
0.0813794806599617
0.2879914343357086
0.17701275646686554
0.20718888938426971
0.5433279871940613
0.3068348169326782
0.4463418424129486
0.4071112871170044
0.5839014649391174
0.18755124509334564
0.2464972734451294
0.19995921850204468
0.0799795389175415
0.2650410234928131
0.3349839150905609
0.19424954056739807
0.8128318786621094
0.21991312503814697
0.4197216033935547
0.974806010723114
0.9519359469413757
0.43651941418647766
0.2897098660469055
0.01011042483150959
0.7857714891433716
0.36113569140434265
0.5559929013252258
0.530511736869812
0.9280037879943848
0.8340996503829956
0.41743335127830505
0.7507379651069641
0.35720789432525635
0.600521981716156
0.5026440620422363
0.3762342035770416
0.02869558334350586
0.5634261965751648
0.725769579410553
0.409956157207489
0.8249673843383789
0.7860936522483826
0.7951095104217529
0.25731298327445984
0.35894760489463806
0.718015730381012
0.5890361666679382
0.5728110671043396
0.6801189184188843
0.3021259009838104
0.6939791440963745
0.9579338431358337
0.21623049676418304
0.5056538581848145
0.8036413192749023
0.8961776494979858
0.6680912375450134
0.9640437960624695
0.7257540822029114
0.01549490075558424
0.6068201661109924
0.42210322618484497
0.09821836650371552
0.9989041090011597
0.8026872277259827
0.64301997423172
0.3426789939403534
0.8724463582038879
0.9686698913574219
0.8356102108955383
0.6206952929496765
0.8078201413154602
0.4929213523864746
0.5391608476638794
0.9680651426315308
0.6982069611549377
0.893375813961029
0.22369810938835144
0.9531322121620178
0.19571292400360107
0.8023946285247803
0.08152585476636887
0.2712894380092621
0.22832509875297546
0.38758665323257446
0.8415903449058533
0.44118228554725647
0.4278378486633301
0.29022324085235596
0.7920465469360352
0.9222437739372253
0.008608999662101269
0.4530760645866394
0.5652543306350708
0.31363481283187866
0.888698160648346
0.00532431760802865
0.6878276467323303
0.16915100812911987
0.4092210829257965
0.14524173736572266
0.3255046308040619
0.009230148047208786
0.3076528310775757
0.7664907574653625
0.7797197699546814
0.01364008616656065
0.7927364706993103
0.9711264371871948
0.6170712113380432
0.2827945649623871
0.6854560375213623
0.6339746713638306
0.6274971961975098
0.18067920207977295
0.8275105953216553
0.8771282434463501
0.3370493948459625
0.2551744282245636
0.05397863686084747
0.8655141592025757
0.6911674737930298
0.9569205045700073
0.8628700971603394
0.09172961115837097
0.10133744031190872
0.15075072646141052
0.0013102091616019607
0.30524012446403503
0.7162320613861084
0.3583110272884369
0.4493582546710968
0.5274390578269958
0.5001950860023499
0.5265979170799255
0.9595481157302856
0.2688857316970825
0.43269845843315125
0.5209324359893799
0.2442508190870285
0.22054506838321686
0.2986782491207123
0.8750894665718079
0.08141901344060898
0.8082005381584167
0.3409515917301178
0.15889407694339752
0.4909902513027191
0.4598556160926819
0.3290679454803467
0.358422189950943
0.4563887119293213
0.07093480974435806
0.18285633623600006
0.35978183150291443
0.9944712519645691
0.7597730159759521
0.24889783561229706
0.8599694967269897
0.45024412870407104
0.11905885487794876
0.6308164596557617
0.26413974165916443
0.05481499060988426
0.5424382090568542
0.03558460995554924
0.20256054401397705
0.8026891946792603
0.4326206147670746
0.5940030813217163
0.329784095287323
0.8141131401062012
0.32688844203948975
0.3500958979129791
0.5706632137298584
0.6933507919311523
0.16501982510089874
0.5960207581520081
0.3960537910461426
0.3439142107963562
0.8496178388595581
0.1415996253490448
0.028984660282731056
0.8007125854492188
0.1469181776046753
0.8392323851585388
0.6759374141693115
0.43445873260498047
0.8515315055847168
0.39769312739372253
0.9577039480209351
0.017961543053388596
0.5622665286064148
0.8471307158470154
0.47375354170799255
0.745103120803833
0.04426895081996918
0.6730565428733826
0.8326614499092102
0.4026985764503479
0.8486159443855286
0.3081454932689667
0.7016119956970215
0.1931171417236328
0.8545277714729309
0.7186984419822693
0.8030309081077576
0.3505851924419403
0.6974722146987915
0.8328796625137329
0.5959807634353638
0.8444793224334717
0.47972598671913147
0.9144677519798279
0.8550248146057129
0.5935955047607422
0.08134856820106506
0.4024592339992523
0.49678707122802734
0.47188034653663635
0.3156391382217407
0.727898895740509
0.619526207447052
0.8523154854774475
0.6239558458328247
0.0028983682859688997
0.9206094145774841
0.5032774209976196
0.8217893242835999
0.15623648464679718
0.942909300327301
0.3061618506908417
0.32422077655792236
0.6172406673431396
0.17450536787509918
0.4157460331916809
0.16082637012004852
0.915607750415802
0.39250463247299194
0.9204096794128418
0.5403392910957336
0.9450210928916931
0.2267962247133255
0.3947344720363617
0.42508625984191895
0.021642223000526428
0.0579870380461216
0.024915380403399467
0.8030405640602112
0.71360182762146
0.8494390845298767
0.888792097568512
0.1815280169248581
0.8342642188072205
0.6240373253822327
0.8100245594978333
0.6026411652565002
0.064170241355896
0.4669322669506073
0.8604200482368469
0.29095658659935
0.047642819583415985
0.878508985042572
0.16278128325939178
0.9399357438087463
0.7104912996292114
0.17031604051589966
0.17046834528446198
0.49460163712501526
0.5423303246498108
0.2622290551662445
0.10537756979465485
0.6352472305297852
0.8242403268814087
0.6560608148574829
0.34632816910743713
0.2448214739561081
0.6715549230575562
0.06320249289274216
0.2988426983356476
0.1406962126493454
0.3395339548587799
0.9888319969177246
0.9134020209312439
0.9051467180252075
0.5652368068695068
0.31643471121788025
0.6403982639312744
0.6346125602722168
0.9412170052528381
0.8912826776504517
0.06097700446844101
0.6618232727050781
0.27322813868522644
0.9493265748023987
0.8150517344474792
0.015969233587384224
0.8000605702400208
0.3716147541999817
0.7008275389671326
0.37943175435066223
0.8159040808677673
0.1417740434408188
0.9429608583450317
0.3684346675872803
0.14826597273349762
0.22663798928260803
0.08839975297451019
0.5901933312416077
0.456983357667923
0.45614928007125854
0.0715038850903511
0.03600071743130684
0.5109449028968811
0.7075639963150024
0.8981499075889587
0.56114262342453
0.0291237011551857
0.6091786623001099
0.1889834851026535
0.023371471092104912
0.6683105230331421
0.5463472604751587
0.9985113143920898
0.7848420739173889
0.459003746509552
0.8179721832275391
0.5379179120063782
0.9152966737747192
0.3455146253108978
0.3937678039073944
0.25650927424430847
0.5962011218070984
0.03736524283885956
0.14123526215553284
0.8873942494392395
0.41563209891319275
0.8703835606575012
0.04217495769262314
0.12577974796295166
0.5412395596504211
0.8264918923377991
0.9736446738243103
0.42370375990867615
0.6760261058807373
0.16639263927936554
0.7600280046463013
0.1846456676721573
0.3436865210533142
0.47693103551864624
0.6490237712860107
0.9434021711349487
0.9122037887573242
0.4471086263656616
0.3778698146343231
0.13788717985153198
0.8794131278991699
0.5963556170463562
0.2918647527694702
0.965948224067688
0.6986643075942993
0.18261224031448364
0.09325357526540756
0.9327421188354492
0.24883973598480225
0.7470069527626038
0.6173911690711975
0.9672807455062866
0.6948726773262024
0.5350810289382935
0.600089967250824
0.34626278281211853
0.3885786235332489
0.9077383875846863
0.2607860863208771
0.9373806715011597
0.5955111384391785
0.7882036566734314
0.5476779937744141
0.12833549082279205
0.14345967769622803
0.7009353041648865
0.13056284189224243
0.1279621571302414
0.41370782256126404
0.2240644246339798
0.9490046501159668
0.501466691493988
0.5557093024253845
0.3717062771320343
0.2576504945755005
0.8510597944259644
0.138502836227417
0.39146533608436584
0.7284076809883118
0.383489727973938
0.17124104499816895
0.6692544221878052
0.6704108119010925
0.5160461664199829
0.6626692414283752
0.4900297224521637
0.9319646954536438
0.09564673900604248
0.5573757290840149
0.4122079908847809
0.15614069998264313
0.8544339537620544
0.49120259284973145
0.26161760091781616
0.6661936044692993
0.8897314071655273
0.38674452900886536
0.2862139344215393
0.6417001485824585
0.8233358860015869
0.021974563598632812
0.26045939326286316
0.9490197896957397
0.8300780653953552
0.1871747523546219
0.5491807460784912
0.9516574740409851
0.14803603291511536
0.826609194278717
0.5253951549530029
0.02706303261220455
0.4829639792442322
0.5263055562973022
0.7007704973220825
0.9515255093574524
0.9997581839561462
0.8270803689956665
0.47192031145095825
0.3163357973098755
0.25714007019996643
0.269968181848526
0.5590872764587402
0.25448766350746155
0.30130165815353394
0.10334141552448273
0.5609709024429321
0.9884077906608582
0.1573323756456375
0.5795720815658569
0.935603141784668
0.9243817329406738
0.3903936445713043
0.31719329953193665
0.1516803503036499
0.6891340017318726
0.26725634932518005
0.2533862590789795
0.8582015037536621
0.2932097315788269
0.45008617639541626
0.25728777050971985
0.8606225252151489
0.37572237849235535
0.85965496301651
0.7024702429771423
0.3656782805919647
0.12086902558803558
0.6202795505523682
0.4216465353965759
0.7282489538192749
0.017575599253177643
0.045856915414333344
0.48027464747428894
0.6006839871406555
0.7091906070709229
0.2027643918991089
0.5374163389205933
0.7795453071594238
0.2885018289089203
0.8783581852912903
0.17495472729206085
0.9954281449317932
0.875251293182373
0.05622700974345207
0.7665821313858032
0.5563375949859619
0.9223017692565918
0.12552253901958466
0.8087005615234375
0.6741135120391846
0.552328884601593
0.39096570014953613
0.7895328998565674
0.4237096905708313
0.30240947008132935
0.5806112289428711
0.9769635200500488
0.3296412229537964
0.3897610902786255
0.5066128969192505
0.9426652789115906
0.21921594440937042
0.8316588997840881
0.802574872970581
0.9803758859634399
0.127701073884964
0.9088558554649353
0.7712098956108093
0.40269705653190613
0.8654981851577759
0.3973236083984375
0.616288423538208
0.8138777613639832
0.46814095973968506
0.9576805830001831
0.23071977496147156
0.32116803526878357
0.3534189760684967
0.4919554889202118
0.5011710524559021
0.8350611925125122
0.25927603244781494
0.7985262274742126
0.873246431350708
0.46431484818458557
0.33624857664108276
0.4298648238182068
0.6504219770431519
0.25157272815704346
0.9796255826950073
0.7275472283363342
0.8996906280517578
0.4393102824687958
0.22759823501110077
0.7535955905914307
0.6321465969085693
0.21008476614952087
0.6106059551239014
0.8287786841392517
0.02119266614317894
0.4608713686466217
0.5697612166404724
0.4597552716732025
0.04954899847507477
0.5444529056549072
0.4687434136867523
0.1937839388847351
0.050700411200523376
0.04054673761129379
0.7909621596336365
0.23217763006687164
0.5849957466125488
0.3754670023918152
0.6596069931983948
0.1978599727153778
0.5271103978157043
0.8308218121528625
0.034769754856824875
0.6841527223587036
0.808201253414154
0.16055014729499817
0.1760321706533432
0.4502483606338501
0.25107330083847046
0.6920367479324341
0.44640567898750305
0.7869337201118469
0.6916776895523071
0.5660516023635864
0.6512624025344849
0.5524005889892578
0.19787907600402832
0.36672598123550415
0.9573095440864563
0.16660644114017487
0.6266728043556213
0.6998705863952637
0.5645033121109009
0.9658327102661133
0.8008427023887634
0.5959842205047607
0.866909384727478
0.8176230192184448
0.1432238221168518
0.7525018453598022
0.46669185161590576
0.10445931553840637
0.9482784271240234
0.7283115983009338
0.7468372583389282
0.1286129206418991
0.6257940530776978
0.8692411780357361
0.34504836797714233
0.09432091563940048
0.5902935862541199
0.36943867802619934
0.7239747047424316
0.5890149474143982
0.10301955044269562
0.4414856433868408
0.7081856727600098
0.6887169480323792
0.7036043405532837
0.7856501936912537
0.4452263414859772
0.5540134310722351
0.6701616048812866
0.6664473414421082
0.521032989025116
0.6577463746070862
0.159901961684227
0.1219479888677597
0.4789530634880066
0.49609580636024475
0.012263862416148186
0.7082799077033997
0.876125693321228
0.3448212444782257
0.3483671545982361
0.02399987168610096
0.3082853853702545
0.2701626718044281
0.13819944858551025
0.3974386751651764
0.8199427723884583
0.3388485610485077
0.8026183247566223
0.7469460964202881
0.5814772844314575
0.5107859969139099
0.44675931334495544
0.665208637714386
0.8234689235687256
0.6562933921813965
0.5074722170829773
0.2671777307987213
0.7791275978088379
0.6029976010322571
0.01191236823797226
0.05129159986972809
0.7370638251304626
0.8385310769081116
0.5858348608016968
0.46563681960105896
0.03563350439071655
0.8862661719322205
0.033706504851579666
0.5573039650917053
0.394635409116745
0.5796711444854736
0.819436252117157
0.4229981303215027
0.695591151714325
0.4713156223297119
0.22139236330986023
0.6159760355949402
0.24565161764621735
0.39893773198127747
0.4499882161617279
0.8666715621948242
0.7485116720199585
0.7774465680122375
0.7741835117340088
0.20036150515079498
0.4796140789985657
0.07391808927059174
0.5223664045333862
0.8947567343711853
0.7991433143615723
0.697944700717926
0.2727058231830597
0.834812343120575
0.9893893599510193
0.00594179006293416
0.4845510721206665
0.38308197259902954
0.31698647141456604
0.809055745601654
0.6876668334007263
0.6534284949302673
0.41001278162002563
0.5157371759414673
0.8852525949478149
0.7354726791381836
0.6963931322097778
0.7554954886436462
0.1431732326745987
0.5347647666931152
0.2964789867401123
0.47942665219306946
0.42890483140945435
0.5825840830802917
0.11863651126623154
0.9356398582458496
0.3632058799266815
0.5291002988815308
0.5476344227790833
0.7008371949195862
0.9821032881736755
0.6742264628410339
0.6030375361442566
0.7379867434501648
0.7092688679695129
0.19099412858486176
0.06675871461629868
0.43433451652526855
0.08600422739982605
0.09899599850177765
0.7348736524581909
0.9141412973403931
0.5915300846099854
0.14158858358860016
0.07842573523521423
0.1150713711977005
0.2707899212837219
0.8118823766708374
0.4650929570198059
0.0759015902876854
0.04528753459453583
0.39410722255706787
0.594122588634491
0.15125858783721924
0.9711840152740479
0.5824319124221802
0.026221178472042084
0.8039407134056091
0.15287329256534576
0.5819147229194641
0.28802159428596497
0.14525853097438812
0.4982106387615204
0.36660894751548767
0.9208082556724548
0.9940886497497559
0.17013251781463623
0.8590347170829773
0.8141345977783203
0.7763910293579102
0.12415841966867447
0.5192811489105225
0.6272859573364258
0.29207155108451843
0.481877863407135
0.28948166966438293
0.9901958703994751
0.04507558047771454
0.8421418070793152
0.5455439686775208
0.8265668749809265
0.3551773428916931
0.190968856215477
0.1124902218580246
0.19576245546340942
0.049340926110744476
0.7538357973098755
0.3866499960422516
0.2649132013320923
0.25129634141921997
0.31749728322029114
0.06501873582601547
0.6672788262367249
0.9525641798973083
0.24761535227298737
0.6801220178604126
0.01598147302865982
0.29522082209587097
0.16487470269203186
0.7892963290214539
0.8330564498901367
0.3183835446834564
0.918825626373291
0.606664776802063
0.6849679946899414
0.4804965853691101
0.6232439279556274
0.7649348378181458
0.7567841410636902
0.3125222325325012
0.7569246888160706
0.6522440314292908
0.4578612148761749
0.2009454071521759
0.35964715480804443
0.9177755117416382
0.7361069917678833
0.8068271279335022
0.25941649079322815
0.7479476928710938
0.3056800961494446
0.8664126396179199
0.45656618475914
0.3182651996612549
0.17241904139518738
0.1565297544002533
0.6235904097557068
0.6843978762626648
0.3348705470561981
0.9486321806907654
0.9926847815513611
0.9088501930236816
0.31024059653282166
0.8009223937988281
0.894802987575531
0.8315947651863098
0.9569111466407776
0.20084403455257416
0.3439731001853943
0.7452230453491211
0.7806059122085571
0.7799128293991089
0.058801356703042984
0.7735215425491333
0.43423596024513245
0.05895049124956131
0.25378915667533875
0.8142386674880981
0.5195117592811584
0.2845537066459656
0.8881286978721619
0.8037652373313904
0.9881433844566345
0.5499695539474487
0.9311069846153259
0.1973939687013626
0.8966382741928101
0.13862405717372894
0.07644446194171906
0.6629137396812439
0.07729905098676682
0.4307090640068054
0.03269670531153679
0.7307791113853455
0.542060375213623
0.24811691045761108
0.11959585547447205
0.8786198496818542
0.04722728952765465
0.16865341365337372
0.4315687417984009
0.5272932648658752
0.38822853565216064
0.5186620354652405
0.7400816082954407
0.1555534452199936
0.17920301854610443
0.8746004700660706
0.022446732968091965
0.09826616942882538
0.38443297147750854
0.29182469844818115
0.9501526951789856
0.6413310766220093
0.06272376328706741
0.941322922706604
0.01108484249562025
0.49920737743377686
0.506902277469635
0.46610942482948303
0.6379315257072449
0.4036088287830353
0.27290359139442444
0.8574222922325134
0.6089397072792053
0.3422445058822632
0.5816184878349304
0.066590815782547
0.4410054087638855
0.2747806906700134
0.05086851492524147
0.49819159507751465
0.8178461194038391
0.8774832487106323
0.7100250124931335
0.4786343276500702
0.5202116966247559
0.23941892385482788
0.9615108370780945
0.7460926175117493
0.4527122676372528
0.7221071720123291
0.4515838623046875
0.3738362193107605
0.8832074999809265
0.2419693022966385
0.330190509557724
0.35884997248649597
0.8552941083908081
0.643924355506897
0.16309988498687744
0.4367385506629944
0.645523726940155
0.6303970813751221
0.8959938287734985
0.7624548673629761
0.41311705112457275
0.09958372265100479
0.7455312609672546
0.6448528170585632
0.38533496856689453
0.9671139717102051
0.27172738313674927
0.810020923614502
0.17019517719745636
0.5184853672981262
0.04116333648562431
0.5571063756942749
0.7682158350944519
0.7462612390518188
0.49567633867263794
0.030965758487582207
0.6980875730514526
0.7628183364868164
0.8696709871292114
0.020150700584053993
0.06791152060031891
0.2575840651988983
0.6527305841445923
0.3805253505706787
0.38462093472480774
0.9191746711730957
0.76606684923172
0.48907390236854553
0.6246559619903564
0.7746193408966064
0.720699667930603
0.935971736907959
0.8909571170806885
0.07445116341114044
0.6514598727226257
0.08498704433441162
0.3377726376056671
0.38121601939201355
0.6874316930770874
0.2916993796825409
0.13479255139827728
0.2991008162498474
0.288394570350647
0.5171072483062744
0.10265780985355377
0.8807969093322754
0.09965889900922775
0.2749817669391632
0.9110156297683716
0.9886804819107056
0.4225468337535858
0.11637410521507263
0.20740723609924316
0.03235442191362381
0.8071322441101074
0.05411580204963684
0.7001486420631409
0.7836413383483887
0.14682164788246155
0.08002009242773056
0.28907907009124756
0.6573238968849182
0.12809033691883087
0.214266836643219
0.27183133363723755
0.25753113627433777
0.04954002797603607
0.4609663784503937
0.12957826256752014
0.3391706347465515
0.5520251393318176
0.28430622816085815
0.5766866207122803
0.6025189757347107
0.01926017366349697
0.8309163451194763
0.5310431718826294
0.34066241979599
0.2703159749507904
0.9419315457344055
0.21358968317508698
0.8752773404121399
0.4856427311897278
0.09869249910116196
0.8684515357017517
0.7425328493118286
0.377872109413147
0.15529723465442657
0.20366330444812775
0.30158141255378723
0.602674126625061
0.3063841462135315
0.8250694870948792
0.7947226762771606
0.5706542730331421
0.7795416712760925
0.7893691062927246
0.19328872859477997
0.2531205713748932
0.5841864943504333
0.9918226599693298
0.8691360354423523
0.12061125040054321
0.7186888456344604
0.5467226505279541
0.9847822785377502
0.8730270862579346
0.7016627788543701
0.4155772626399994
0.8424404263496399
0.09112898260354996
0.6155652403831482
0.22444264590740204
0.060765840113162994
0.09454550594091415
0.12479682266712189
0.29623064398765564
0.8595787882804871
0.8504581451416016
0.664427638053894
0.3686313033103943
0.24831663072109222
0.37344932556152344
0.5783661603927612
0.3858972489833832
0.11423670500516891
0.9848507642745972
0.21793515980243683
0.719083845615387
0.45514532923698425
0.8379969000816345
0.7913938164710999
0.17033985257148743
0.11576429009437561
0.29547423124313354
0.9359509944915771
0.2748408913612366
0.8259070515632629
0.1466955542564392
0.6170706152915955
0.574687659740448
0.013200762681663036
0.7074437141418457
0.8239678740501404
0.7054780125617981
0.9384869337081909
0.3679438829421997
0.3537624776363373
0.9905793070793152
0.8515668511390686
0.12736128270626068
0.4979371428489685
0.7795252799987793
0.7767031788825989
0.6867637038230896
0.7752745747566223
0.35968270897865295
0.7335799336433411
0.631209135055542
0.2530626952648163
0.8310030698776245
0.5984458327293396
0.18508845567703247
0.11395467817783356
0.4243854880332947
0.35781919956207275
0.06832686811685562
0.5183202028274536
0.1839943528175354
0.15123766660690308
0.6928523182868958
0.630177915096283
0.2585330307483673
0.64239501953125
0.7722659111022949
0.6597146391868591
0.3803884983062744
0.03978951275348663
0.4776288866996765
0.15974172949790955
0.4594421088695526
0.359159380197525
0.1562836766242981
0.11938440799713135
0.19952905178070068
0.3580610156059265
0.06539593636989594
0.16909611225128174
0.2710391879081726
0.5769782662391663
0.11055969446897507
0.3127167522907257
0.4891979694366455
0.023496752604842186
0.5974543690681458
0.2946093678474426
0.2680266797542572
0.6913648247718811
0.1742287427186966
0.5513468384742737
0.8604744672775269
0.8255696892738342
0.6200268268585205
0.7506089806556702
0.48168888688087463
0.43487754464149475
0.22579950094223022
0.4515163004398346
0.5958986282348633
0.5211739540100098
0.8160218000411987
0.1976207196712494
0.68527752161026
0.2873082458972931
0.8681912422180176
0.6915042996406555
0.6355847716331482
0.709010124206543
0.3741643726825714
0.19028517603874207
0.2805728316307068
0.9326715469360352
0.03176024928689003
0.08751022815704346
0.18715257942676544
0.10820602625608444
0.47772449254989624
0.5992057919502258
0.10754924267530441
0.6779471635818481
0.4203030467033386
0.15723878145217896
0.033125706017017365
0.9869439601898193
0.4860685169696808
0.05419166013598442
0.8344525098800659
0.9895850419998169
0.3442157506942749
0.294569730758667
0.9893193244934082
0.2913113534450531
0.6598168015480042
0.7183899283409119
0.6520476937294006
0.6883480548858643
0.940055787563324
0.8266300559043884
0.5886968374252319
0.41209688782691956
0.7687861323356628
0.19238479435443878
0.8619797229766846
0.7521036267280579
0.7817355990409851
0.42375418543815613
0.5929837822914124
0.7991201281547546
0.5222473740577698
0.340120792388916
0.15632696449756622
0.5918775200843811
0.6280971169471741
0.11082464456558228
0.17371152341365814
0.8835712671279907
0.9518025517463684
0.6327959895133972
0.851847767829895
0.6879589557647705
0.3501112759113312
0.6669729351997375
0.6414648294448853
0.4725911319255829
0.6606111526489258
0.6799755692481995
0.5099684596061707
0.35032814741134644
0.7069348692893982
0.618490993976593
0.8144826889038086
0.03655710443854332
0.4324503540992737
0.9034419059753418
0.19455596804618835
0.20392566919326782
0.5669987797737122
0.26654377579689026
0.2898607552051544
0.9747806787490845
0.08269143849611282
0.08449140191078186
0.9906311631202698
0.18666186928749084
0.3090832829475403
0.42354243993759155
0.3515385091304779
0.5359922647476196
0.7682395577430725
0.24817590415477753
0.5303947329521179
0.669663667678833
0.20473454892635345
0.8174575567245483
0.9823593497276306
0.923161506652832
0.3368867337703705
0.13787157833576202
0.6741045713424683
0.6371045708656311
0.8933888077735901
0.45264357328414917
0.025447923690080643
0.2751322388648987
0.04849143326282501
0.3317115306854248
0.21904216706752777
0.49539637565612793
0.33471423387527466
0.8527906537055969
0.6909646391868591
0.7104269862174988
0.9726547598838806
0.44117850065231323
0.45705923438072205
0.10352011024951935
0.4284406900405884
0.1336013525724411
0.02809983491897583
0.3791539967060089
0.6779548525810242
0.1393224596977234
0.8007197976112366
0.8805229067802429
0.4494464099407196
0.4831216335296631
0.3787725865840912
0.7501192092895508
0.3685615360736847
0.6943161487579346
0.3083919584751129
0.7142686247825623
0.09994436800479889
0.2551814615726471
0.45570090413093567
0.9251987338066101
0.21410952508449554
0.03982603922486305
0.7452778220176697
0.9292162656784058
0.4098062813282013
0.00789131224155426
0.8158897757530212
0.6405883431434631
0.9971753358840942
0.40765753388404846
0.24260082840919495
0.7659063935279846
0.8257915377616882
0.8400852680206299
0.39097562432289124
0.9712134599685669
0.056883830577135086
0.8360416889190674
0.7650107145309448
0.6376027464866638
0.6316903233528137
0.5895084142684937
0.31681275367736816
0.1814948469400406
0.7367157936096191
0.5183006525039673
0.9644535183906555
0.6644384264945984
0.06275256723165512
0.6733233332633972
0.1584993302822113
0.5468094944953918
0.11449698358774185
0.49361735582351685
0.44370654225349426
0.8000893592834473
0.011413032189011574
0.14192083477973938
0.5902191400527954
0.743408203125
0.02643594890832901
0.33217036724090576
0.9062565565109253
0.2186785340309143
0.34498706459999084
0.07762252539396286
0.3246704041957855
0.317309707403183
0.34814688563346863
0.951633870601654
0.9239870309829712
0.5846040844917297
0.8797250390052795
0.1946084350347519
0.3734809458255768
0.1980562061071396
0.6245095729827881
0.6521240472793579
0.17705190181732178
0.8349645733833313
0.6688966751098633
0.10460378974676132
0.19594106078147888
0.2612154483795166
0.4982132911682129
0.18251067399978638
0.8101833462715149
0.7732734084129333
0.11224418878555298
0.9379191994667053
0.9308192729949951
0.97078937292099
0.10650806128978729
0.26040640473365784
0.9557491540908813
0.1880986988544464
0.781167209148407
0.09468107670545578
0.6656153202056885
0.11984700709581375
0.5860164761543274
0.12985704839229584
0.5984914898872375
0.6739156246185303
0.09871340543031693
0.7563493251800537
0.4128613770008087
0.5121639370918274
0.25025641918182373
0.39724305272102356
0.4145054519176483
0.7002576589584351
0.38499125838279724
0.601921558380127
0.4475724995136261
0.054532669484615326
0.18114405870437622
0.40508875250816345
0.9343796372413635
0.8634487986564636
0.8785795569419861
0.08000890165567398
0.6066922545433044
0.44339871406555176
0.7280161380767822
0.3778163492679596
0.6495152711868286
0.10346610844135284
0.20968009531497955
0.021945632994174957
0.6247223615646362
0.5964905619621277
0.2720050513744354
0.5189551711082458
0.6458883285522461
0.41611117124557495
0.44404637813568115
0.037649236619472504
0.05630340799689293
0.9316245317459106
0.9806579947471619
0.5724860429763794
0.4574025869369507
0.26748788356781006
0.4040171205997467
0.4404821991920471
0.978300929069519
0.8929241299629211
0.08496662229299545
0.8125415444374084
0.1823001354932785
0.6994813084602356
0.21662478148937225
0.8603230118751526
0.9255885481834412
0.6412989497184753
0.4996291697025299
0.3781212866306305
0.49947333335876465
0.6140015721321106
0.3095059096813202
0.6277654767036438
0.9635632634162903
0.786453902721405
0.7366775274276733
0.4532727301120758
0.8711979985237122
0.14462094008922577
0.810964047908783
0.006434191018342972
0.6018227338790894
0.1667909026145935
0.37953880429267883
0.6989511251449585
0.3661741614341736
0.5678252577781677
0.7855918407440186
0.18692123889923096
0.3937978446483612
0.7292401790618896
0.656027615070343
0.23047521710395813
0.7437005043029785
0.3387392461299896
0.7104582786560059
0.9289262294769287
0.9051196575164795
0.19278503954410553
0.5146591663360596
0.11663941293954849
0.4886902868747711
0.7494498491287231
0.4074341356754303
0.1509789377450943
0.8589743375778198
0.2932228446006775
0.14574939012527466
0.9999759197235107
0.11895693838596344
0.8383529186248779
0.8491254448890686
0.7324616312980652
0.13341689109802246
0.5578193664550781
0.3172357380390167
0.07891368865966797
0.8540260791778564
0.18265829980373383
0.9812754988670349
0.23980790376663208
0.17698894441127777
0.05585777014493942
0.482326477766037
0.8646911978721619
0.8578464388847351
0.5410919785499573
0.7888749837875366
0.26705431938171387
0.31356680393218994
0.3015020787715912
0.529439389705658
0.3456343710422516
0.1406840682029724
0.287998229265213
0.9746448993682861
0.7318044900894165
0.7331074476242065
0.82840496301651
0.7478159070014954
0.3629896938800812
0.563266396522522
0.9114885926246643
0.08968082815408707
0.9167925715446472
0.92100989818573
0.32119813561439514
0.6813448071479797
0.791687548160553
0.6361050009727478
0.23001767694950104
0.7666572332382202
0.041064951568841934
0.5948551297187805
0.5197627544403076
0.7573372721672058
0.5628688931465149
0.5645054578781128
0.8725190162658691
0.2457731068134308
0.44218820333480835
0.3899534046649933
0.9454948306083679
0.26814550161361694
0.42059317231178284
0.9241409301757812
0.10225919634103775
0.4578881859779358
0.9473413228988647
0.16416656970977783
0.0727418065071106
0.6458745002746582
0.06687849760055542
0.7828359007835388
0.6034165620803833
0.8494967818260193
0.39825713634490967
0.4632818102836609
0.22013556957244873
0.8925012946128845
0.25740957260131836
0.3332436978816986
0.6465840339660645
0.5747064352035522
0.8057060241699219
0.06263220310211182
0.19349443912506104
0.6625983715057373
0.305530309677124
0.16030120849609375
0.6622520089149475
0.5450012683868408
0.42923954129219055
0.42210936546325684
0.15495005249977112
0.2259950339794159
0.2343388944864273
0.7387682199478149
0.77189040184021
0.9363260865211487
0.336830735206604
0.22800950706005096
0.7955062389373779
0.154032900929451
0.4294968247413635
0.7787234783172607
0.8008714318275452
0.9469952583312988
0.4914188086986542
0.3242878019809723
0.860223114490509
0.7609590888023376
0.3418057858943939
0.255611389875412
0.020111681893467903
0.3259390592575073
0.14624391496181488
0.29542747139930725
0.7833320498466492
0.3150363266468048
0.37223225831985474
0.24848590791225433
0.907663881778717
0.37856730818748474
0.5502762198448181
0.805966317653656
0.9276459217071533
0.05639353394508362
0.22766272723674774
0.7430864572525024
0.9497474431991577
0.3925948441028595
0.01621345803141594
0.28099310398101807
0.9549174308776855
0.4817875027656555
0.40598729252815247
0.763739824295044
0.5378988981246948
0.10311292856931686
0.02751324512064457
0.26570332050323486
0.22068066895008087
0.9548695087432861
0.3458656966686249
0.9853739738464355
0.7559981346130371
0.28687340021133423
0.4116213023662567
0.43093809485435486
0.7310071587562561
0.6070082783699036
0.5063745379447937
0.3036281168460846
0.06925460696220398
0.3400645852088928
0.796772837638855
0.7916836142539978
0.9992371201515198
0.21323932707309723
0.8633262515068054
0.2904665172100067
0.7194890975952148
0.946589469909668
0.4612588584423065
0.7145918607711792
0.3622991442680359
0.6350775957107544
0.25492390990257263
0.35085755586624146
0.05223941057920456
0.7684576511383057
0.10733727365732193
0.9624631404876709
0.08409825712442398
0.7100063562393188
0.8773796558380127
0.5213561654090881
0.9030929207801819
0.34907105565071106
0.5054400563240051
0.1745610386133194
0.33453837037086487
0.670079231262207
0.43958333134651184
0.5520023703575134
0.6983926296234131
0.3070630133152008
0.42940032482147217
0.5133078694343567
0.6379199624061584
0.09189984947443008
0.4951402246952057
0.4938984811306
0.48329171538352966
0.32074418663978577
0.9458235502243042
0.8814671635627747
0.5037594437599182
0.7995941638946533
0.2149937003850937
0.25912755727767944
0.9076897501945496
0.1057780310511589
0.7216096520423889
0.3559289276599884
0.9788438081741333
0.2913120687007904
0.837287962436676
0.9772753715515137
0.649276614189148
0.6083167195320129
0.6759999394416809
0.4921703040599823
0.7004517912864685
0.8798829913139343
0.4581408202648163
0.2715829312801361
0.9775103330612183
0.7014793157577515
0.5592840313911438
0.26238128542900085
0.2283361256122589
0.2572944164276123
0.577224612236023
0.5153261423110962
0.6812886595726013
0.9213659167289734
0.8539105653762817
0.6110730171203613
0.9018576145172119
0.8180771470069885
0.6565054655075073
0.6472471952438354
0.01990247517824173
0.30144959688186646
0.15902625024318695
0.43281659483909607
0.7179016470909119
0.05678733438253403
0.08744518458843231
0.39973849058151245
0.7560508847236633
0.8907337188720703
0.6785925626754761
0.28481900691986084
0.047832291573286057
0.08043469488620758
0.6774158477783203
0.227615088224411
0.1358327567577362
0.1471863090991974
0.06359581649303436
0.28815704584121704
0.6886829733848572
0.47034952044487
0.2181595414876938
0.7647306323051453
0.49101829528808594
0.1825626641511917
0.814991295337677
0.7363558411598206
0.976615309715271
0.22010613977909088
0.47240471839904785
0.9700998663902283
0.3633881211280823
0.6501526832580566
0.5968129634857178
0.7125183343887329
0.42967912554740906
0.33149850368499756
0.6860929727554321
0.45782583951950073
0.8300908803939819
0.3515894412994385
0.19662915170192719
0.9228053092956543
0.9481081366539001
0.470781147480011
0.010877309367060661
0.1738230586051941
0.4884684383869171
0.9095046520233154
0.9471822381019592
0.6048689484596252
0.3569682240486145
0.7465008497238159
0.7052727937698364
0.3044472932815552
0.010570609010756016
0.5443292260169983
0.41587817668914795
0.5986941456794739
0.02287776581943035
0.9116210341453552
0.23403102159500122
0.2557322680950165
0.6764609813690186
0.2969743013381958
0.6719068288803101
0.011302153579890728
0.47593045234680176
0.45817846059799194
0.4592371881008148
0.02213243767619133
0.9573579430580139
0.5237504839897156
0.21031753718852997
0.34388968348503113
0.8908409476280212
0.11690118163824081
0.6988011002540588
0.19104403257369995
0.5052547454833984
0.43958723545074463
0.7156541347503662
0.45300981402397156
0.16251330077648163
0.9945422410964966
0.828999936580658
0.5540303587913513
0.33402594923973083
0.18816490471363068
0.27443844079971313
0.8429924845695496
0.8876060247421265
0.5551088452339172
0.2562483847141266
0.4671792984008789
0.16936379671096802
0.4539174437522888
0.6721606254577637
0.6722705364227295
0.8220455050468445
0.7825711369514465
0.8326610326766968
0.912175714969635
0.5833737850189209
0.34942880272865295
0.39619261026382446
0.8405793309211731
0.2985265254974365
0.3330719769001007
0.8759037256240845
0.31936115026474
0.9801328182220459
0.08115239441394806
0.41624799370765686
0.4520590305328369
0.25147610902786255
0.762396514415741
0.8070292472839355
0.6129806041717529
0.43052735924720764
0.7483192086219788
0.1682625561952591
0.05028378218412399
0.7862648367881775
0.1094808280467987
0.9246162176132202
0.6916294097900391
0.3848372995853424
0.9661702513694763
0.5077275037765503
0.7792393565177917
0.1759449988603592
0.7019681334495544
0.14732185006141663
0.2516244351863861
0.7233588695526123
0.07516440004110336
0.17693370580673218
0.6957853436470032
0.047707006335258484
0.9229565262794495
0.21120955049991608
0.7749698758125305
0.33155539631843567
0.03746095299720764
0.731033444404602
0.06282828748226166
0.3481520414352417
0.07884439080953598
0.6949074268341064
0.22621682286262512
0.6639223694801331
0.1055251806974411
0.2100263237953186
0.3474982678890228
0.8680128455162048
0.3466702401638031
0.28757360577583313
0.16513262689113617
0.9165680408477783
0.16959942877292633
0.06880960613489151
0.1907704770565033
0.8207699060440063
0.10892854630947113
0.7033218741416931
0.8663210868835449
0.6210325956344604
0.12832310795783997
0.9625299572944641
0.9346476793289185
0.46550798416137695
0.3064766824245453
0.18403439223766327
0.8121258616447449
0.006686068139970303
0.039899181574583054
0.8135417103767395
0.595295250415802
0.3561016023159027
0.10314466804265976
0.09651458263397217
0.0577077642083168
0.8064224720001221
0.9894185066223145
0.7149083018302917
0.7038699388504028
0.21694837510585785
0.6994799375534058
0.2623266875743866
0.6407110095024109
0.41393545269966125
0.5397348403930664
0.5456965565681458
0.5341872572898865
0.4740288555622101
0.9853671193122864
0.48335203528404236
0.3442484140396118
0.2888752818107605
0.8408302664756775
0.2506650984287262
0.6454082131385803
0.6673639416694641
0.8577286601066589
0.7628529667854309
0.8119295835494995
0.40297701954841614
0.8465171456336975
0.9111674427986145
0.286834180355072
0.05076541006565094
0.6547436118125916
0.19635926187038422
0.4584939479827881
0.012005584314465523
0.4755841791629791
0.3911360502243042
0.7499990463256836
0.5045234560966492
0.36065077781677246
0.7835650444030762
0.28536921739578247
0.7542378902435303
0.23694248497486115
0.1578773856163025
0.8950157165527344
0.02844907157123089
0.35520458221435547
0.17644742131233215
0.20140372216701508
0.5365427136421204
0.918845534324646
0.21529066562652588
0.07929811626672745
0.7602166533470154
0.573715090751648
0.3693799376487732
0.5595324635505676
0.5775278806686401
0.8299369215965271
0.8178248405456543
0.513714611530304
0.01878783293068409
0.4720451831817627
0.4354765713214874
0.26625850796699524
0.3353686034679413
0.5981158018112183
0.44628775119781494
0.8303125500679016
0.8006551861763
0.6778109669685364
0.45801252126693726
0.5608867406845093
0.5233930349349976
0.536475658416748
0.16695387661457062
0.2778572142124176
0.020075831562280655
0.8905470371246338
0.8266615271568298
0.5299845933914185
0.5594331622123718
0.5271135568618774
0.3229995667934418
0.9922521710395813
0.976187527179718
0.02471679262816906
0.8889418840408325
0.6325684785842896
0.4970276653766632
0.322498619556427
0.3020070195198059
0.10500043630599976
0.3433225154876709
0.5874797701835632
0.8373379707336426
0.8504093289375305
0.8729718923568726
0.4606357216835022
0.07622365653514862
0.6516360640525818
0.005830158479511738
0.5170485377311707
0.07299230247735977
0.5004469156265259
0.6138764023780823
0.48961859941482544
0.3478069007396698
0.24544283747673035
0.677579939365387
0.07197455316781998
0.851358950138092
0.806265115737915
0.6261568069458008
0.19580639898777008
0.8551525473594666
0.640256941318512
0.7498089075088501
0.9349380731582642
0.9035722613334656
0.7955079078674316
0.9547342658042908
0.7094332575798035
0.44279393553733826
0.6575969457626343
0.9592610001564026
0.057478971779346466
0.03926511108875275
0.5408318638801575
0.7061116099357605
0.47674137353897095
0.468023419380188
0.8932766318321228
0.38356807827949524
0.4413071274757385
0.5627457499504089
0.882973313331604
0.09958145767450333
0.4979549050331116
0.2920021712779999
0.06047658249735832
0.011278610676527023
0.5980412364006042
0.8552297949790955
0.7504834532737732
0.8154797554016113
0.4203641414642334
0.974049985408783
0.4846789538860321
0.018352823331952095
0.20001409947872162
0.442599356174469
0.08077149093151093
0.2610763907432556
0.9372246861457825
0.6616232991218567
0.9034581780433655
0.35831403732299805
0.019900014623999596
0.9073867797851562
0.3272419571876526
0.2187879979610443
0.9492089152336121
0.9647111296653748
0.20627565681934357
0.30595555901527405
0.12970702350139618
0.979850709438324
0.40680086612701416
0.7896513342857361
0.5180387496948242
0.770842969417572
0.17770999670028687
0.058943722397089005
0.7199646234512329
0.03588597849011421
0.6394761800765991
0.4654265344142914
0.7230618596076965
0.7254577875137329
0.880862295627594
0.3795185387134552
0.6977921724319458
0.7791261672973633
0.18195760250091553
0.40572723746299744
0.5522146821022034
0.2374470978975296
0.6079261898994446
0.1697513908147812
0.29879122972488403
0.5581335425376892
0.19427774846553802
0.16057950258255005
0.845659613609314
0.6824170351028442
0.8886518478393555
0.05697264149785042
0.6372474431991577
0.9745566248893738
0.5162063241004944
0.2511269152164459
0.2802782356739044
0.6850947141647339
0.06366748362779617
0.0698188915848732
0.6491662263870239
0.03548140078783035
0.1293540745973587
0.5586680173873901
0.09360287338495255
0.4777933955192566
0.24183405935764313
0.8939464688301086
0.15023396909236908
0.7736045718193054
0.6596140265464783
0.4336584806442261
0.7524648904800415
0.5140193700790405
0.8214352130889893
0.8288229703903198
0.9514315128326416
0.019700931385159492
0.6478546857833862
0.49272188544273376
0.9210689663887024
0.4023524820804596
0.10959084331989288
0.9526686072349548
0.6226692199707031
0.32417988777160645
0.5586510300636292
0.4340461194515228
0.8798604607582092
0.38771772384643555
0.32427144050598145
0.7643656730651855
0.24613550305366516
0.1298360526561737
0.0592229925096035
0.9425652027130127
0.8905754685401917
0.6066873669624329
0.8613206744194031
0.912528395652771
0.09396366029977798
0.15254248678684235
0.35739171504974365
0.20298254489898682
0.7119819521903992
0.2633243203163147
0.8995423913002014
0.8019098043441772
0.654870331287384
0.10731513798236847
0.6190694570541382
0.7457503080368042
0.3161261975765228
0.961872398853302
0.11323375254869461
0.1495719701051712
0.8021302819252014
0.9269170165061951
0.10242229700088501
0.3781728446483612
0.09324580430984497
0.705333948135376
0.03281104564666748
0.5641382336616516
0.9108681082725525
0.458255410194397
0.19727285206317902
0.049501508474349976
0.8980040550231934
0.43674027919769287
0.45965060591697693
0.0284552201628685
0.12306369096040726
0.2959447503089905
0.39618298411369324
0.5425170660018921
0.6920797824859619
0.1679205447435379
0.7193679213523865
0.15013960003852844
0.5833562016487122
0.5789862275123596
0.5414063334465027
0.16278092563152313
0.7216582894325256
0.5517308712005615
0.05961049720644951
0.7274587154388428
0.8769090175628662
0.7026796340942383
0.7363530993461609
0.33636391162872314
0.8311126828193665
0.26008155941963196
0.5173348188400269
0.8709242939949036
0.7431299686431885
0.5240803956985474
0.8920065760612488
0.9623241424560547
0.6635368466377258
0.46770399808883667
0.983517050743103
0.41867414116859436
0.3992525041103363
0.6102385520935059
0.10564681142568588
0.5781696438789368
0.7940711379051208
0.599938690662384
0.7220641374588013
0.14485524594783783
0.9020482897758484
0.39835262298583984
0.28521913290023804
0.1473781317472458
0.6578454375267029
0.8094189167022705
0.4256908595561981
0.025919176638126373
0.794762909412384
0.6527009606361389
0.43002715706825256
0.5293613076210022
0.4766233563423157
0.7131233811378479
0.9984413385391235
0.42262086272239685
0.7216994166374207
0.9904201626777649
0.4508136212825775
0.7519522905349731
0.8162280321121216
0.4570297300815582
0.4414202868938446
0.9999426007270813
0.38288000226020813
0.5432395339012146
0.7074610590934753
0.37998685240745544
0.6420962810516357
0.9886245131492615
0.017396748065948486
0.4032626152038574
0.5466784834861755
0.3346090316772461
0.85655277967453
0.2941473722457886
0.8180151581764221
0.3929319977760315
0.13350504636764526
0.732600212097168
0.14328333735466003
0.19064684212207794
0.34464725852012634
0.515262246131897
0.7209044694900513
0.02733922004699707
0.17919036746025085
0.2950831651687622
0.11539700627326965
0.9718833565711975
0.1258796751499176
0.4975629150867462
0.9921690821647644
0.06337465345859528
0.23848411440849304
0.5761384963989258
0.9673575162887573
0.2293526828289032
0.6255605220794678
0.6677249670028687
0.13406145572662354
0.022439830005168915
0.8156664371490479
0.6149223446846008
0.30211037397384644
0.934454083442688
0.02846597507596016
0.4724017381668091
0.32444581389427185
0.5278187394142151
0.6953660845756531
0.8225124478340149
0.19296836853027344
0.5051007866859436
0.1257517784833908
0.1482163518667221
0.9597100019454956
0.38957929611206055
0.3767549991607666
0.4277162253856659
0.9770882725715637
0.0008513721404597163
0.9229193329811096
0.8631699681282043
0.23247981071472168
0.4947265684604645
0.41539427638053894
0.7615020871162415
0.1613214910030365
0.03562313690781593
0.5604194402694702
0.07954684644937515
0.03156869113445282
0.999799370765686
0.6113346815109253
0.3603004813194275
0.15940344333648682
0.9527257680892944
0.5160583853721619
0.46337467432022095
0.5078949332237244
0.8757312297821045
0.4372546970844269
0.18362832069396973
0.8713915944099426
0.5125321745872498
0.7962615489959717
0.4118055999279022
0.7770425081253052
0.8271297812461853
0.7391602396965027
0.333891898393631
0.10712763667106628
0.9774538278579712
0.8519389033317566
0.1884203553199768
0.24232852458953857
0.866493821144104
0.7921016812324524
0.8652735948562622
0.1153438538312912
0.7557246088981628
0.15968617796897888
0.002483517397195101
0.4201730191707611
0.9682977199554443
0.05159984901547432
0.0954422727227211
0.009819668717682362
0.34050261974334717
0.24311701953411102
0.6002086400985718
0.4484325349330902
0.4813057482242584
0.26766514778137207
0.6314895749092102
0.7720285654067993
0.9333499670028687
0.34920191764831543
0.9268642663955688
0.12483157962560654
0.38549768924713135
0.7457717061042786
0.5820674896240234
0.9721599221229553
0.440679132938385
0.7552726864814758
0.44168803095817566
0.8970194458961487
0.04190177470445633
0.22545383870601654
0.1802053302526474
0.24968501925468445
0.14838294684886932
0.29204604029655457
0.11475995928049088
0.017583010718226433
0.7382884621620178
0.12216664105653763
0.5901438593864441
0.7068319916725159
0.9752808213233948
0.5391477942466736
0.4167179763317108
0.8556734919548035
0.2539826035499573
0.5033413767814636
0.38706910610198975
0.7335746884346008
0.8557765483856201
0.05887628346681595
0.10108452290296555
0.5315779447555542
0.9373530745506287
0.837850034236908
0.1380620002746582
0.30053025484085083
0.3408336937427521
0.8101682066917419
0.578068196773529
0.9733164310455322
0.06919775903224945
0.4285980761051178
0.4598469138145447
0.06117089465260506
0.027356326580047607
0.16497261822223663
0.2594216763973236
0.44922345876693726
0.5644963383674622
0.5477739572525024
0.9629473090171814
0.15795516967773438
0.8901713490486145
0.49692878127098083
0.3538346290588379
0.3207433223724365
0.9483649134635925
0.6395968794822693
0.14145460724830627
0.8454803824424744
0.4107971489429474
0.43874111771583557
0.593213677406311
0.3813777565956116
0.313867449760437
0.7550758719444275
0.2451542764902115
0.12824036180973053
0.26572632789611816
0.2751329839229584
0.9604423642158508
0.9184508323669434
0.9205731749534607
0.727791965007782
0.13358186185359955
0.8850149512290955
0.7825192809104919
0.24330832064151764
0.11091683804988861
0.5466643571853638
0.4441927969455719
0.8598960041999817
0.5667797327041626
0.48372524976730347
0.269116073846817
0.8422761559486389
0.14253173768520355
0.45192331075668335
0.6960663795471191
0.9023278951644897
0.24963366985321045
0.28506821393966675
0.8706568479537964
0.5196860432624817
0.07497256994247437
0.9156400561332703
0.05105510726571083
0.61946702003479
0.5608358383178711
0.44280481338500977
0.02680341899394989
0.7464576959609985
0.22995953261852264
0.10830363631248474
0.3874073326587677
0.053449325263500214
0.7946292161941528
0.599094808101654
0.9961971640586853
0.7767289876937866
0.1158987283706665
0.21375790238380432
0.20957797765731812
0.197988361120224
0.28788718581199646
0.9923936724662781
0.9468182921409607
0.2586113214492798
0.9754031896591187
0.4219323396682739
0.7556950449943542
0.37339138984680176
0.19347020983695984
0.5543660521507263
0.6049879193305969
0.504555881023407
0.765640139579773
0.23743987083435059
0.8113721609115601
0.13087967038154602
0.5601358413696289
0.6586442589759827
0.3951324224472046
0.8315417766571045
0.07851129025220871
0.4377714693546295
0.5233543515205383
0.9522930383682251
0.2477356344461441
0.3874521851539612
0.5823268890380859
0.6255215406417847
0.7015036940574646
0.3999178409576416
0.14159439504146576
0.27264732122421265
0.5484982132911682
0.6684088706970215
0.3551839292049408
0.8207034468650818
0.5600549578666687
0.44915375113487244
0.0031120821367949247
0.4589412808418274
0.5572174787521362
0.4489869177341461
0.6011866927146912
0.8583289384841919
0.06720409542322159
0.07677904516458511
0.796396017074585
0.3932473063468933
0.09242058545351028
0.6798755526542664
0.8276009559631348
0.25884678959846497
0.813831627368927
0.06007155776023865
0.9043567776679993
0.7653043270111084
0.9557085633277893
0.2739616334438324
0.15627986192703247
0.18230903148651123
0.007004973944276571
0.396522581577301
0.7675899863243103
0.302346408367157
0.7663865089416504
0.8186666369438171
0.9199304580688477
0.5196014642715454
0.08548205345869064
0.9601035714149475
0.9528523683547974
0.17490746080875397
0.5262561440467834
0.34125226736068726
0.6348257660865784
0.44213345646858215
0.22003206610679626
0.2573234438896179
0.5349441170692444
0.28208816051483154
0.07320308685302734
0.61030513048172
0.6998772621154785
0.912434458732605
0.7968959808349609
0.9382892847061157
0.9634327292442322
0.11139404773712158
0.6902609467506409
0.41996368765830994
0.920901358127594
0.7723433375358582
0.44258248805999756
0.712487518787384
0.299371600151062
0.4120185375213623
0.06021164730191231
0.2624458074569702
0.7914792895317078
0.6705424189567566
0.7871707081794739
0.2024393379688263
0.15926744043827057
0.37332722544670105
0.4265800416469574
0.4790661334991455
0.8669945597648621
0.18677477538585663
0.18393689393997192
0.20641762018203735
0.35830608010292053
0.6232804656028748
0.731304407119751
0.5569507479667664
0.8714500069618225
0.9202428460121155
0.7698206901550293
0.17894479632377625
0.18075799942016602
0.6237596869468689
0.09430545568466187
0.18130990862846375
0.30757567286491394
0.5629600882530212
0.4305214583873749
0.7843436598777771
0.5242518782615662
0.9545150995254517
0.45190998911857605
0.8105946779251099
0.4399228096008301
0.04952619969844818
0.07056402415037155
0.3085058033466339
0.8660888075828552
0.07100200653076172
0.03247732296586037
0.3042600154876709
0.01237451285123825
0.9292767643928528
0.5566325187683105
0.47281280159950256
0.08573111146688461
0.11084319651126862
0.4565422832965851
0.2730933129787445
0.018692301586270332
0.08217175304889679
0.688988208770752
0.3412381112575531
0.7062660455703735
0.9205788969993591
0.6361069679260254
0.0020138919353485107
0.9167870283126831
0.8294358849525452
0.8347644805908203
0.9032254219055176
0.8800068497657776
0.4200534224510193
0.23371870815753937
0.6352038979530334
0.42665785551071167
0.6981652975082397
0.9481745362281799
0.014284105971455574
0.6885666847229004
0.36948999762535095
0.7077027559280396
0.9324227571487427
0.6293706893920898
0.624812126159668
0.3018459975719452
0.17749913036823273
0.33082783222198486
0.7403416633605957
0.8070246577262878
0.660243034362793
0.2964477837085724
0.4948851764202118
0.635556161403656
0.32605528831481934
0.3153054416179657
0.1660127490758896
0.4022258222103119
0.29199323058128357
0.7711784243583679
0.3981863260269165
0.09971588850021362
0.44647276401519775
0.13992290198802948
0.8805630803108215
0.3181647062301636
0.9689225554466248
0.13117530941963196
0.9794371724128723
0.9582079648971558
0.7267556190490723
0.9005662202835083
0.9017185568809509
0.3966822922229767
0.6727465987205505
0.2788667678833008
0.11209475994110107
0.21855860948562622
0.7273609042167664
0.6727633476257324
0.7941725254058838
0.1789199709892273
0.26643475890159607
0.5354286432266235
0.6719819903373718
0.7558835744857788
0.4951559007167816
0.37825989723205566
0.9688777327537537
0.6363857984542847
0.2980860769748688
0.6962454319000244
0.6426184177398682
0.7638444304466248
0.028304345905780792
0.8157441020011902
0.5431053042411804
0.22899483144283295
0.5913726687431335
0.29805511236190796
0.07531149685382843
0.480460524559021
0.8286279439926147
0.30413052439689636
0.677585244178772
0.18323734402656555
0.2765655815601349
0.11133825778961182
0.005303314421325922
0.8233487606048584
0.2755246162414551
0.19266435503959656
0.00011587525659706444
0.14270786941051483
0.9506088495254517
0.7462161183357239
0.708102285861969
0.24607905745506287
0.6747337579727173
0.030317412689328194
0.18828336894512177
0.7716774344444275
0.7136732339859009
0.6707237362861633
0.06355369091033936
0.16762733459472656
0.5300157070159912
0.9890769720077515
0.13555565476417542
0.1595848798751831
0.02284707874059677
0.9763379096984863
0.45908984541893005
0.06681125611066818
0.07991279661655426
0.4590798616409302
0.3576474189758301
0.041445519775152206
0.46785545349121094
0.9202899932861328
0.9068692326545715
0.7474073171615601
0.6994566917419434
0.9905068278312683
0.45936664938926697
0.7960230708122253
0.8497210741043091
0.5546935200691223
0.07480097562074661
0.17432355880737305
0.8566480278968811
0.9791789650917053
0.8121886253356934
0.9178574085235596
0.844102680683136
0.8472519516944885
0.0061406721360981464
0.015961986035108566
0.27264338731765747
0.7715018391609192
0.7327206134796143
0.9214457869529724
0.014060404151678085
0.503246545791626
0.27493521571159363
0.00522415479645133
0.22054092586040497
0.4186261296272278
0.24727438390254974
0.7168694734573364
0.4797608554363251
0.15106692910194397
0.41227778792381287
0.48678353428840637
0.022005969658493996
0.022936208173632622
0.6693269610404968
0.43409204483032227
0.04376227408647537
0.6230508685112
0.9798191785812378
0.2893652319908142
0.4777774512767792
0.4315458834171295
0.1594931036233902
0.9687737226486206
0.6110150814056396
0.5537228584289551
0.736774742603302
0.8654549717903137
0.015992265194654465
0.1524691879749298
0.2776806354522705
0.44147610664367676
0.2993636131286621
0.0663231685757637
0.608667254447937
0.22068606317043304
0.9714816808700562
0.7137007713317871
0.07862725108861923
0.9534326195716858
0.5535012483596802
0.05299851670861244
0.7053819894790649
0.49860823154449463
0.7082394957542419
0.7773963809013367
0.9927595853805542
0.1720280647277832
0.8508097529411316
0.8476369380950928
0.833389163017273
0.2720204293727875
0.948967695236206
0.9238943457603455
0.2260797768831253
0.8727352619171143
0.4225148558616638
0.06050163507461548
0.3425896167755127
0.5803318023681641
0.830819308757782
0.6699801087379456
0.8004371523857117
0.5570859313011169
0.32831496000289917
0.5679746270179749
0.2688841223716736
0.2628765404224396
0.21845610439777374
0.4569920301437378
0.10350868105888367
0.4285622835159302
0.5085359811782837
0.40792274475097656
0.5166767239570618
0.960952877998352
0.04714180901646614
0.6740372776985168
0.16634848713874817
0.8318663239479065
0.9905850887298584
0.15261082351207733
0.4059984087944031
0.6061252355575562
0.8810988664627075
0.6136402487754822
0.15949460864067078
0.583459198474884
0.4805779755115509
0.7006697058677673
0.40633344650268555
0.7123159170150757
0.2579600214958191
0.5499899983406067
0.23525866866111755
0.6065879464149475
0.6100017428398132
0.9449730515480042
0.5933763980865479
0.9110270738601685
0.7347546219825745
0.028079943731427193
0.48725563287734985
0.26976802945137024
0.28935733437538147
0.00552227022126317
0.1739538162946701
0.695412278175354
0.5142114162445068
0.656518816947937
0.18980316817760468
0.014586209319531918
0.1846238225698471
0.4368414878845215
0.03304800018668175
0.008520268835127354
0.6789782643318176
0.2571968734264374
0.0827767625451088
0.5805224776268005
0.5105060935020447
0.07072144746780396
0.5861891508102417
0.03620486333966255
0.9522864818572998
0.48124322295188904
0.643730103969574
0.16869859397411346
0.5298011302947998
0.23946644365787506
0.9348651170730591
0.12069619446992874
0.002468292135745287
0.3125418722629547
0.0842641070485115
0.7770576477050781
0.3237003684043884
0.42557454109191895
0.26078104972839355
0.9511832594871521
0.7759701609611511
0.19021303951740265
0.3884078562259674
0.341521292924881
0.4717312157154083
0.8577293753623962
0.14455364644527435
0.46978485584259033
0.476409912109375
0.8972093462944031
0.8897673487663269
0.6981740593910217
0.20700421929359436
0.8858388066291809
0.5027750134468079
0.5411209464073181
0.056085068732500076
0.3292035758495331
0.34607869386672974
0.7083035111427307
0.6387708783149719
0.6934999227523804
0.36883723735809326
0.43149927258491516
0.6169095635414124
0.13373415172100067
0.33038094639778137
0.1693897545337677
0.2661951780319214
0.9799680709838867
0.5589805841445923
0.47171834111213684
0.7394041419029236
0.17954804003238678
0.24463222920894623
0.6506369709968567
0.7691484093666077
0.6927663087844849
0.543891429901123
0.2739655375480652
0.9534141421318054
0.7981480956077576
0.7317379117012024
0.4643075466156006
0.943778395652771
0.49397939443588257
0.5120714902877808
0.11870598793029785
0.27487000823020935
0.344972163438797
0.5245052576065063
0.21330435574054718
0.767932653427124
0.34633195400238037
0.333121120929718
0.01728365570306778
0.4533591866493225
0.13862870633602142
0.15002170205116272
0.04528886079788208
0.39984333515167236
0.2872764468193054
0.4480907618999481
0.7094219326972961
0.20040304958820343
0.808538019657135
0.1265830099582672
0.9733133316040039
0.7267370223999023
0.9197478294372559
0.20820562541484833
0.18257544934749603
0.8190356492996216
0.3451961278915405
0.00019817652355413884
0.8451681137084961
0.4819190502166748
0.5596614480018616
0.4302716851234436
0.4747874438762665
0.2591058611869812
0.46224716305732727
0.24550852179527283
0.4627353250980377
0.1411961317062378
0.45060595870018005
0.649238109588623
0.20510049164295197
0.6699239015579224
0.09132527559995651
0.7119126319885254
0.7001945972442627
0.5320616364479065
0.5288216471672058
0.22891831398010254
0.10615114867687225
0.6699039340019226
0.9509744048118591
0.8101617693901062
0.6817883253097534
0.8939335346221924
0.4287944734096527
0.3950643837451935
0.4879370331764221
0.33678945899009705
0.7674143314361572
0.8278752565383911
0.2848716974258423
0.820936381816864
0.9893432855606079
0.06497170031070709
0.4027884602546692
0.5552787780761719
0.8288226127624512
0.7864386439323425
0.08350199460983276
0.1817001849412918
0.48648518323898315
0.43277284502983093
0.02300972491502762
0.32523953914642334
0.18289653956890106
0.28954899311065674
0.28222575783729553
0.3887632191181183
0.6318005919456482
0.4864408075809479
0.24401789903640747
0.6516330242156982
0.6115342974662781
0.9186776280403137
0.7862422466278076
0.9258463382720947
0.5937235355377197
0.7405144572257996
0.8851212859153748
0.35937076807022095
0.2357458919286728
0.72344571352005
0.2367669641971588
0.2999880909919739
0.2836209833621979
0.8996124863624573
0.11793031543493271
0.32397669553756714
0.846441924571991
0.3341657221317291
0.33057546615600586
0.9278945326805115
0.2002674639225006
0.6293607354164124
0.8437440991401672
0.504672646522522
0.8848963975906372
0.3709496855735779
0.6760201454162598
0.8779057860374451
0.553561270236969
0.8535523414611816
0.755842924118042
0.7923119068145752
0.0650741308927536
0.028960054740309715
0.18864385783672333
0.36790984869003296
0.15227794647216797
0.17203180491924286
0.5964705348014832
0.9071606397628784
0.385093092918396
0.06628540903329849
0.34093934297561646
0.31968972086906433
0.7281069159507751
0.19008460640907288
0.9523007869720459
0.3678258955478668
0.3167216181755066
0.422073632478714
0.9263647198677063
0.022266704589128494
0.6322826743125916
0.8963260054588318
0.6092150807380676
0.05402505397796631
0.8685676455497742
0.06515537947416306
0.24911420047283173
0.8707743287086487
0.31070858240127563
0.13456991314888
0.12640763819217682
0.16672153770923615
0.7297037243843079
0.5695743560791016
0.7497105598449707
0.6909839510917664
0.3218640089035034
0.6722896099090576
0.14203059673309326
0.1895655393600464
0.059976331889629364
0.23407921195030212
0.13449986279010773
0.6024585962295532
0.7857689261436462
0.6530475616455078
0.7951987385749817
0.24529951810836792
0.18079474568367004
0.7015113234519958
0.05861232057213783
0.16987961530685425
0.21256664395332336
0.9510745406150818
0.1851246953010559
0.7439553737640381
0.16229484975337982
0.7022880911827087
0.11793892830610275
0.9362324476242065
0.2078133225440979
0.5474110245704651
0.3384454846382141
0.24832843244075775
0.7864205241203308
0.7051014304161072
0.9071942567825317
0.6869535446166992
0.12707805633544922
0.05404558405280113
0.9965064525604248
0.34091171622276306
0.8023445010185242
0.6236265897750854
0.5784605145454407
0.21095657348632812
0.8170870542526245
0.25316566228866577
0.5276398658752441
0.893911600112915
0.09475979208946228
0.5119063258171082
0.36117246747016907
0.9842466115951538
0.6455867290496826
0.2567189931869507
0.20685575902462006
0.8255178928375244
0.04522738978266716
0.600493848323822
0.11279170215129852
0.431522011756897
0.33073553442955017
0.2640632390975952
0.5233913660049438
0.5741880536079407
0.8340915441513062
0.9703783392906189
0.8201456069946289
0.5167850852012634
0.7011284828186035
0.7258961200714111
0.49306565523147583
0.38855692744255066
0.7099881172180176
0.5894529223442078
0.17723186314105988
0.5320208668708801
0.3479878604412079
0.2239919751882553
0.48767074942588806
0.6243463158607483
0.2759125828742981
0.8079346418380737
0.2779414653778076
0.15758225321769714
0.33858272433280945
0.5536038279533386
0.17798680067062378
0.8183790445327759
0.4204813241958618
0.5847765207290649
0.24189795553684235
0.3172200918197632
0.25580549240112305
0.9021604061126709
0.5849588513374329
0.937957227230072
0.15108808875083923
0.2574905753135681
0.27617689967155457
0.9804027676582336
0.8711690902709961
0.5316269397735596
0.7804417014122009
0.8195824027061462
0.9289007782936096
0.8133440613746643
0.015411525964736938
0.23330940306186676
0.314139187335968
0.24547037482261658
0.7061012387275696
0.2992294132709503
0.024886058643460274
0.3580029010772705
0.8757748603820801
0.49744486808776855
0.08631253242492676
0.2861737012863159
0.06682677567005157
0.3885817229747772
0.7364872097969055
0.7073618173599243
0.7970300316810608
0.08584462851285934
0.6024914383888245
0.8546159267425537
0.7851075530052185
0.4614558517932892
0.7046182155609131
0.2278822660446167
0.9523568749427795
0.6252404451370239
0.20350849628448486
0.4952182471752167
0.26709622144699097
0.5117933750152588
0.6626039743423462
0.2878953218460083
0.9829334616661072
0.5899057388305664
0.32954880595207214
0.5530407428741455
0.545640230178833
0.0350751131772995
0.5488342046737671
0.5457324385643005
0.4122447371482849
0.2268131971359253
0.6000195741653442
0.3183140456676483
0.10087013244628906
0.4679296016693115
0.7092769145965576
0.5153903365135193
0.636303722858429
0.2526683509349823
0.5817005634307861
0.6448253393173218
0.7001579999923706
0.633694589138031
0.9937288165092468
0.3249680697917938
0.9664331674575806
0.9280202388763428
0.0723835825920105
0.14247924089431763
0.7975119352340698
0.4311075210571289
0.5655577778816223
0.07908807694911957
0.13136614859104156
0.2172960489988327
0.7539764642715454
0.3295203745365143
0.6006160974502563
0.9539623856544495
0.49979889392852783
0.06601569801568985
0.24757663905620575
0.18290768563747406
0.11667104065418243
0.6956575512886047
0.7452839016914368
0.8094852566719055
0.197870135307312
0.9070956707000732
0.5522236227989197
0.19625794887542725
0.5393690466880798
0.7303723096847534
0.9269028902053833
0.3012882173061371
0.2559066414833069
0.6580846309661865
0.8208025693893433
0.3993089199066162
0.2101057469844818
0.10274210572242737
0.41089922189712524
0.609588623046875
0.51542729139328
0.8049513697624207
0.18893057107925415
0.6307361125946045
0.8255398273468018
0.4601794481277466
0.8192148208618164
0.6101347804069519
0.24430929124355316
0.9535524845123291
0.17033831775188446
0.5057711601257324
0.2280157059431076
0.1242041066288948
0.7917280197143555
0.07691170275211334
0.9904658794403076
0.20202603936195374
0.6382173299789429
0.07777988165616989
0.14737512171268463
0.415358304977417
0.786272406578064
0.3860270380973816
0.6849891543388367
0.23234784603118896
0.7804771065711975
0.24274837970733643
0.1117132231593132
0.8476983308792114
0.49427366256713867
0.6043925285339355
0.017036590725183487
0.47202715277671814
0.5432639122009277
0.08140964806079865
0.8834647536277771
0.4299604594707489
0.6202543377876282
0.632253110408783
0.9189220070838928
0.6947888135910034
0.6806313991546631
0.8205037117004395
0.5063348412513733
0.5487681031227112
0.46117648482322693
0.38550522923469543
0.9750530123710632
0.3383181095123291
0.4121859669685364
0.10509069263935089
0.4952983558177948
0.9866740703582764
0.23893754184246063
0.9593372344970703
0.7434499859809875
0.08996295928955078
0.7867350578308105
0.15612319111824036
0.8719549775123596
0.9391412138938904
0.8180156350135803
0.7869246602058411
0.6922603845596313
0.41606104373931885
0.4403201937675476
0.7992720603942871
0.8077642321586609
0.2755471467971802
0.5562461614608765
0.28770068287849426
0.1721774935722351
0.7414179444313049
0.4559531807899475
0.4485493004322052
0.8077439665794373
0.16984941065311432
0.723595380783081
0.020864861086010933
0.7432454824447632
0.7131602764129639
0.684603750705719
0.6516976356506348
0.7796220183372498
0.7504639625549316
0.936912477016449
0.906673014163971
0.8415290713310242
0.22185122966766357
0.3499537706375122
0.9731236696243286
0.04586747661232948
0.4528645873069763
0.6492950320243835
0.47503453493118286
0.6701686382293701
0.8118409514427185
0.11654526740312576
0.18627211451530457
0.7506780028343201
0.2646605670452118
0.8146930932998657
0.6128940582275391
0.18676649034023285
0.341484397649765
0.40780916810035706
0.9603712558746338
0.3894047439098358
0.9823052287101746
0.9037559032440186
0.1578422337770462
0.45743033289909363
0.4827098846435547
0.38050034642219543
0.44671642780303955
0.18464356660842896
0.1879986971616745
0.9856403470039368
0.557037889957428
0.06943702697753906
0.06265147030353546
0.2499048411846161
0.251522958278656
0.08884160220623016
0.6605985760688782
0.5774940848350525
0.2524148225784302
0.5952547788619995
0.3396250605583191
0.1845914125442505
0.6466751098632812
0.4327337145805359
0.9726142287254333
0.6211777329444885
0.5451112985610962
0.2039598822593689
0.9749695062637329
0.43980616331100464
0.7105296850204468
0.8931492567062378
0.21626399457454681
0.2381981611251831
0.7804386019706726
0.9406190514564514
0.7141788601875305
0.25572308897972107
0.22032077610492706
0.9278078675270081
0.5907812118530273
0.1183076947927475
0.18599821627140045
0.7192951440811157
0.8240630030632019
0.18581223487854004
0.7110595107078552
0.16695351898670197
0.5265603065490723
0.9093611240386963
0.5109854936599731
0.7785680294036865
0.7547703981399536
0.6470450758934021
0.8526710867881775
0.44232791662216187
0.05806998535990715
0.8285084962844849
0.586305558681488
0.3007454574108124
0.8512357473373413
0.7689255475997925
0.9726825952529907
0.17773295938968658
0.9231821894645691
0.14201462268829346
0.9628397822380066
0.9582456946372986
0.3192945420742035
0.25154346227645874
0.17911455035209656
0.9281291365623474
0.017492057755589485
0.6386115550994873
0.6502136588096619
0.8226086497306824
0.991007924079895
0.6975122094154358
0.16952082514762878
0.3287716209888458
0.3112472891807556
0.9589574337005615
0.9846687316894531
0.011646328493952751
0.9350110292434692
0.6602806448936462
0.9429201483726501
0.5902121663093567
0.05769281089305878
0.2895984947681427
0.188396617770195
0.23481284081935883
0.15837079286575317
0.5615885853767395
0.0865546390414238
0.37080511450767517
0.1568724364042282
0.4586441218852997
0.5972503423690796
0.9869174361228943
0.9255809187889099
0.7847449779510498
0.9854429364204407
0.5294202566146851
0.9765177965164185
0.6889187693595886
0.7533290982246399
0.2747424840927124
0.27251529693603516
0.2571814954280853
0.21301785111427307
0.4248545467853546
0.5314489603042603
0.2855808734893799
0.5913242697715759
0.18977701663970947
0.6803126335144043
0.3445766866207123
0.37975892424583435
0.05237177759408951
0.9962581396102905
0.3279886841773987
0.5246668457984924
0.07440430670976639
0.721452534198761
0.9893983006477356
0.034372005611658096
0.22798925638198853
0.13647443056106567
0.32318568229675293
0.4668176770210266
0.8591815829277039
0.11421285569667816
0.06550530344247818
0.9342301487922668
0.039472296833992004
0.4591295123100281
0.3956505060195923
0.060980599373579025
0.727496325969696
0.6934122443199158
0.30095624923706055
0.37631985545158386
0.9613738656044006
0.42903316020965576
0.6232680678367615
0.40701618790626526
0.6597693562507629
0.3781137764453888
0.9010986089706421
0.6747421622276306
0.4263332486152649
0.33223670721054077
0.13628843426704407
0.7438523173332214
0.8770256042480469
0.9254682064056396
0.5359371304512024
0.8974669575691223
0.4299590587615967
0.2516689896583557
0.6081489324569702
0.05471649393439293
0.5073490738868713
0.996667206287384
0.08384789526462555
0.9162793159484863
0.5871766209602356
0.2843385338783264
0.21743729710578918
0.46091243624687195
0.9839805960655212
0.7819268107414246
0.45646360516548157
0.4157547056674957
0.07453234493732452
0.5101815462112427
0.28926557302474976
0.5112914443016052
0.9379060864448547
0.4919925034046173
0.8030185103416443
0.3268403112888336
0.6810060739517212
0.4954272210597992
0.0018140177708119154
0.33867648243904114
0.6213893294334412
0.3211974799633026
0.7678254246711731
0.19135935604572296
0.27906742691993713
0.04793237894773483
0.25831735134124756
0.8323615193367004
0.0505693219602108
0.1366429477930069
0.1355721354484558
0.07668760418891907
0.894843578338623
0.9674030542373657
0.6333573460578918
0.33184143900871277
0.07062674313783646
0.9353669881820679
0.6139642596244812
0.7170554399490356
0.4666252136230469
0.8458582758903503
0.6674467921257019
0.20142051577568054
0.5553170442581177
0.763953685760498
0.43155428767204285
0.978096067905426
0.34102991223335266
0.40535539388656616
0.273275762796402
0.9847114682197571
0.38450002670288086
0.1566963940858841
0.673587441444397
0.45855793356895447
0.6019830107688904
0.5305215120315552
0.3326888382434845
0.8475990295410156
0.5207356810569763
0.47950300574302673
0.362984836101532
0.12507669627666473
0.24508681893348694
0.7908495664596558
0.7208153009414673
0.7522080540657043
0.2949155271053314
0.7543365359306335
0.45732581615448
0.7565496563911438
0.6993020176887512
0.32889994978904724
0.2373335063457489
0.2955450117588043
0.26392805576324463
0.8478889465332031
0.4343613386154175
0.13563650846481323
0.13192206621170044
0.07048023492097855
0.2610260844230652
0.7574377655982971
0.27316227555274963
0.156844362616539
0.7587105631828308
0.528971254825592
0.0917588472366333
0.10251558572053909
0.6572438478469849
0.3247728943824768
0.5355179309844971
0.03396137058734894
0.5969091653823853
0.2660771906375885
0.9149636030197144
0.4457749128341675
0.6058478355407715
0.4914914667606354
0.24680185317993164
0.20126785337924957
0.407989501953125
0.4156167507171631
0.4741550087928772
0.4454016089439392
0.7103322148323059
0.10934623330831528
0.981094241142273
0.9107173681259155
0.3791865408420563
0.2510579526424408
0.8497108817100525
0.37350863218307495
0.7601629495620728
0.4086829423904419
0.6799083948135376
0.09104464203119278
0.31406232714653015
0.027352076023817062
0.5538390874862671
0.8467540740966797
0.7978715300559998
0.8617089986801147
0.6285397410392761
0.5205419063568115
0.45249494910240173
0.7468774318695068
0.712918758392334
0.9661465287208557
0.6257106065750122
0.0046569774858653545
0.3665226399898529
0.381044864654541
0.6528016924858093
0.026705719530582428
0.8581323027610779
0.9864571690559387
0.6536238193511963
0.4596042335033417
0.8426099419593811
0.7435749769210815
0.13804011046886444
0.6630480885505676
0.3248918354511261
0.017098357900977135
0.13174699246883392
0.6282349824905396
0.3119560778141022
0.7356994152069092
0.08032384514808655
0.6495364308357239
0.7752301096916199
0.15414367616176605
0.5758167505264282
0.4644029140472412
0.6418355107307434
0.6672358512878418
0.23204900324344635
0.3257797062397003
0.22274371981620789
0.08114615827798843
0.9904155731201172
0.6337888240814209
0.08106823265552521
0.8342118859291077
0.6386698484420776
0.3911423981189728
0.6519286632537842
0.8314409852027893
0.07824903726577759
0.2344222068786621
0.09079258143901825
0.31744804978370667
0.05871809646487236
0.4103456735610962
0.6691054701805115
0.4099004864692688
0.8019408583641052
0.9665696024894714
0.7973094582557678
0.6327986717224121
0.5613356828689575
0.006009570322930813
0.2587316334247589
0.17120586335659027
0.14905904233455658
0.5898736715316772
0.9205596446990967
0.6942667365074158
0.6251543164253235
0.8554667234420776
0.08976764976978302
0.4507349133491516
0.4790014922618866
0.018050700426101685
0.09369659423828125
0.5181590914726257
0.19640567898750305
0.4752940535545349
0.8195141553878784
0.2042236477136612
0.27918314933776855
0.32475173473358154
0.051381658762693405
0.38338392972946167
0.6557499766349792
0.8610132932662964
0.2963506877422333
0.048671573400497437
0.30915939807891846
0.5001140832901001
0.5349426865577698
0.9386827945709229
0.1678117960691452
0.13728868961334229
0.10509995371103287
0.0681450217962265
0.003589840605854988
0.7265203595161438
0.9164758324623108
0.42034173011779785
0.4620809257030487
0.7002440690994263
0.032695990055799484
0.5435006022453308
0.680498480796814
0.3265288472175598
0.5952897667884827
0.18090827763080597
0.05769747495651245
0.6406576633453369
0.10265432298183441
0.08811145275831223
0.3455421030521393
0.6232765316963196
0.32618215680122375
0.2839384377002716
0.22559858858585358
0.9231581091880798
0.19133847951889038
0.4846533238887787
0.7000912427902222
0.1648072898387909
0.7711213231086731
0.2487558275461197
0.8382269740104675
0.3374314308166504
0.20778903365135193
0.13830719888210297
0.019108541309833527
0.6275708675384521
0.7515294551849365
0.9192936420440674
0.9652860760688782
0.31168419122695923
0.7202416658401489
0.5768704414367676
0.7925744652748108
0.6485328674316406
0.3097178637981415
0.2862917482852936
0.29993847012519836
0.1737941950559616
0.5598142743110657
0.29571080207824707
0.020070496946573257
0.6433919668197632
0.1185482069849968
0.4620541036128998
0.5541554689407349
0.7695245146751404
0.8692926168441772
0.6006008982658386
0.8478654623031616
0.9893723726272583
0.32206419110298157
0.9451327919960022
0.624548077583313
0.31314483284950256
0.9949735999107361
0.00983223132789135
0.07550736516714096
0.3657466471195221
0.9278044700622559
0.3022041618824005
0.6560570001602173
0.6964454650878906
0.36152684688568115
0.8400052785873413
0.7975757718086243
0.9814091920852661
0.955666184425354
0.6336318254470825
0.3526848256587982
0.5722095966339111
0.6762485504150391
0.9978307485580444
0.38086098432540894
0.0015176725573837757
0.4613846242427826
0.7943196892738342
0.735004186630249
0.689806342124939
0.16396504640579224
0.06311915814876556
0.18193179368972778
0.5673962831497192
0.0971960797905922
0.8934038877487183
0.03885308653116226
0.47518059611320496
0.7662014961242676
0.05577584356069565
0.7804715633392334
0.7865656018257141
0.883294939994812
0.1697646528482437
0.7167980074882507
0.7297593951225281
0.47782468795776367
0.38997888565063477
0.8012233376502991
0.6242285370826721
0.6276043653488159
0.015538524836301804
0.9699989557266235
0.4426151216030121
0.587648868560791
0.5188469886779785
0.38472479581832886
0.0853806659579277
0.48846176266670227
0.9380764365196228
0.21400122344493866
0.4500578045845032
0.2428295910358429
0.9428796768188477
0.9638630747795105
0.8820343017578125
0.7785804867744446
0.09180749952793121
0.7934204339981079
0.9993913173675537
0.43627527356147766
0.37310221791267395
0.517238199710846
0.2301667332649231
0.45007777214050293
0.5643920302391052
0.5486263036727905
0.9259229302406311
0.04255969822406769
0.36632850766181946
0.37871435284614563
0.1157015785574913
0.9501226544380188
0.8323323726654053
0.22692933678627014
0.6482698321342468
0.2929118275642395
0.29368194937705994
0.8077793121337891
0.5858213305473328
0.21769270300865173
0.4486386179924011
0.8668065667152405
0.587765097618103
0.17553764581680298
0.8290884494781494
0.5494648814201355
0.5351707935333252
0.8876647353172302
0.21071124076843262
0.7515422105789185
0.15431274473667145
0.49034038186073303
0.6059917211532593
0.3895217776298523
0.9370396137237549
0.4263607859611511
0.6333855986595154
0.15329581499099731
0.7659462690353394
0.6700841188430786
0.9072180390357971
0.8992205262184143
0.6827357411384583
0.606743574142456
0.25441107153892517
0.6955413222312927
0.7644632458686829
0.22529274225234985
0.9543548822402954
0.8741968274116516
0.2319936454296112
0.528086245059967
0.7769139409065247
0.8752099871635437
0.31591543555259705
0.9025757312774658
0.4693068265914917
0.960843026638031
0.39909103512763977
0.4092887043952942
0.03114042989909649
0.5483137965202332
0.36723390221595764
0.833584725856781
0.0713060051202774
0.12611263990402222
0.9771601557731628
0.2724282145500183
0.43669393658638
0.24738427996635437
0.27078214287757874
0.5173720717430115
0.9184613823890686
0.6756592988967896
0.03110761009156704
0.6081602573394775
0.5223062634468079
0.7764853835105896
0.5811765789985657
0.2892783284187317
0.5501320958137512
0.8078519701957703
0.815178632736206
0.32171115279197693
0.6404435634613037
0.8713842630386353
0.5185863375663757
0.2592909634113312
0.7816567420959473
0.33237114548683167
0.8865326642990112
0.23860326409339905
0.0424184650182724
0.3121159076690674
0.18676981329917908
0.702976644039154
0.16117888689041138
0.9182693362236023
0.7253450751304626
0.7501416802406311
0.8025305271148682
0.33130577206611633
0.42710477113723755
0.5108689069747925
0.4064435362815857
0.889154314994812
0.1464541107416153
0.48713603615760803
0.047751277685165405
0.5197000503540039
0.8561739325523376
0.3790655732154846
0.1134367436170578
0.8612222075462341
0.5500212907791138
0.5607473254203796
0.8211039304733276
0.6525076031684875
0.2905498147010803
0.9501712322235107
0.5730745792388916
0.62540203332901
0.24290156364440918
0.427825003862381
0.9077109694480896
0.8059971928596497
0.7638322710990906
0.553261935710907
0.9318915009498596
0.630367636680603
0.9967631697654724
0.9804123044013977
0.42964768409729004
0.9186805486679077
0.07583548128604889
0.8168767690658569
0.9128890037536621
0.48274531960487366
0.6647827625274658
0.45352140069007874
0.28377053141593933
0.6642633080482483
0.34281450510025024
0.01966739073395729
0.46930786967277527
0.42950209975242615
0.8929888606071472
0.3194044530391693
0.2978113889694214
0.19171051681041718
0.6219240427017212
0.20174773037433624
0.6079941987991333
0.7433798313140869
0.5578714609146118
0.7538796067237854
0.7213665246963501
0.22331565618515015
0.2861142158508301
0.17540982365608215
0.6241927742958069
0.006064682267606258
0.3854021430015564
0.22703459858894348
0.812360942363739
0.9275938272476196
0.47548386454582214
0.09775470942258835
0.844968318939209
0.34589919447898865
0.538726270198822
0.021219344809651375
0.13727882504463196
0.7363758683204651
0.5906323790550232
0.44417256116867065
0.007112308405339718
0.39792400598526
0.6287449598312378
0.5757690072059631
0.7801848649978638
0.17227260768413544
0.8387388586997986
0.8278171420097351
0.2545681893825531
0.34071463346481323
0.5182948112487793
0.48281165957450867
0.28829607367515564
0.42560166120529175
0.8122320175170898
0.762376070022583
0.5295352339744568
0.9969366788864136
0.9341599345207214
0.14975222945213318
0.6727300882339478
0.45111358165740967
0.8979734778404236
0.2729215919971466
0.4361424148082733
0.6516215801239014
0.29950380325317383
0.4185393154621124
0.620853066444397
0.16220147907733917
0.40090835094451904
0.8667457699775696
0.9901143908500671
0.4818967282772064
0.7248360514640808
0.7491500377655029
0.3939566910266876
0.4799162745475769
0.10242146998643875
0.15348908305168152
0.5936563611030579
0.5413734316825867
0.14003391563892365
0.03226549178361893
0.2700982093811035
0.7499439716339111
0.6834548711776733
0.28181999921798706
0.8585266470909119
0.07522494345903397
0.8882891535758972
0.7475942969322205
0.3906060755252838
0.44582226872444153
0.6550693511962891
0.6746700406074524
0.4248242676258087
0.33987435698509216
0.4937955141067505
0.43351346254348755
0.9869364500045776
0.20032915472984314
0.13974322378635406
0.3471631705760956
0.7244725823402405
0.23306412994861603
0.7242226600646973
0.4732288420200348
0.01242744829505682
0.8697984218597412
0.9289583563804626
0.8046214580535889
0.9294471144676208
0.2950867712497711
0.010438740253448486
0.4357749819755554
0.37012046575546265
0.560641348361969
0.16207043826580048
0.6436447501182556
0.30199289321899414
0.28848856687545776
0.786718487739563
0.5334762334823608
0.2439829409122467
0.3907364010810852
0.5379387736320496
0.750212550163269
0.23531071841716766
0.27050378918647766
0.13390101492404938
0.34123924374580383
0.46527835726737976
0.824726402759552
0.4624328017234802
0.9932461380958557
0.18489807844161987
0.19346687197685242
0.6052078604698181
0.5512979626655579
0.3263557255268097
0.18146289885044098
0.9869369864463806
0.2707691192626953
0.3666561245918274
0.7196946144104004
0.45941829681396484
0.3428693413734436
0.5727970600128174
0.7145028710365295
0.4577522277832031
0.5809324979782104
0.9743826985359192
0.19311979413032532
0.47457000613212585
0.19200824201107025
0.00030422810232266784
0.4856807291507721
0.16916905343532562
0.6147745847702026
0.8688908815383911
0.324411541223526
0.64826500415802
0.8882406949996948
0.4043876826763153
0.6025827527046204
0.13331806659698486
0.5913136601448059
0.5083813071250916
0.07454102486371994
0.9831218123435974
0.5395922660827637
0.889298141002655
0.3067548871040344
0.23026975989341736
0.39543071389198303
0.06789261102676392
0.8942984342575073
0.4783838987350464
0.9763978719711304
0.4318287670612335
0.5198541283607483
0.28809869289398193
0.45885562896728516
0.951168417930603
0.9592531323432922
0.9229121804237366
0.13184396922588348
0.8712379336357117
0.5633231997489929
0.08578414469957352
0.47837942838668823
0.035823944956064224
0.8636825680732727
0.29442211985588074
0.3766390085220337
0.9253670573234558
0.13948418200016022
0.022304296493530273
0.5689230561256409
0.8373304605484009
0.5920950770378113
0.11435836553573608
0.9652612209320068
0.8411323428153992
0.15464933216571808
0.7592692971229553
0.27496302127838135
0.3521515429019928
0.21028578281402588
0.8942001461982727
0.7104547023773193
0.6244499087333679
0.5740424394607544
0.7664057016372681
0.31128421425819397
0.15704941749572754
0.9832630157470703
0.4316147267818451
0.4919717013835907
0.017502782866358757
0.2538394629955292
0.4519009292125702
0.42067208886146545
0.06679719686508179
0.2655075192451477
0.3809596002101898
0.746577262878418
0.19282330572605133
0.9894406199455261
0.15529397130012512
0.7979050278663635
0.26068392395973206
0.44107764959335327
0.17372636497020721
0.5598882436752319
0.7518054842948914
0.3633568286895752
0.9940993785858154
0.9819239974021912
0.8505585193634033
0.848027229309082
0.8730959296226501
0.7132836580276489
0.41281697154045105
0.07207576930522919
0.876524031162262
0.09512462466955185
0.22632791101932526
0.6223448514938354
0.18767142295837402
0.32953301072120667
0.0846170112490654
0.7908015251159668
0.7154114842414856
0.772010087966919
0.252729594707489
0.5904855132102966
0.14452646672725677
0.7923755049705505
0.5970278382301331
0.3569326102733612
0.299187034368515
0.4089452624320984
0.5316914319992065
0.24963855743408203
0.9972822666168213
0.02286117523908615
0.032236497849226
0.5954299569129944
0.9627793431282043
0.2750488221645355
0.4040999710559845
0.5018359422683716
0.8920554518699646
0.23722615838050842
0.6776283383369446
0.026684265583753586
0.24496814608573914
0.8974319696426392
0.43617501854896545
0.7227937579154968
0.7790769338607788
0.8465108871459961
0.9147887825965881
0.9993272423744202
0.5157254338264465
0.5750234127044678
0.6984637975692749
0.8418400287628174
0.6914613842964172
0.36677348613739014
0.3762310743331909
0.9530472159385681
0.1411127895116806
0.554558277130127
0.24718312919139862
0.4706069529056549
0.5996800661087036
0.059992559254169464
0.3087390661239624
0.7476174831390381
0.2881636917591095
0.3365398049354553
0.3728094696998596
0.45842278003692627
0.6929773688316345
0.04361823946237564
0.9262505769729614
0.07653170824050903
0.7138947248458862
0.5303021669387817
0.13020038604736328
0.9297304153442383
0.9739817380905151
0.48329630494117737
0.683341920375824
0.8407737612724304
0.38479599356651306
0.047246553003787994
0.870201051235199
0.4253202974796295
0.6640487909317017
0.291816771030426
0.3491882085800171
0.4126969873905182
0.2210424840450287
0.39345619082450867
0.07595428079366684
0.062466416507959366
0.9064836502075195
0.6397560834884644
0.14401648938655853
0.44822150468826294
0.03190506622195244
0.38716474175453186
0.21372225880622864
0.6544649600982666
0.849767804145813
0.9500167369842529
0.1916617453098297
0.22747968137264252
0.5773714184761047
0.31568193435668945
0.19659943878650665
0.1890694946050644
0.6459086537361145
0.9526737332344055
0.07617951184511185
0.6350017786026001
0.08473525196313858
0.5101431012153625
0.2873590290546417
0.9451058506965637
0.8670144081115723
0.9624142050743103
0.445115327835083
0.3640575706958771
0.5208373665809631
0.8934112787246704
0.700810968875885
0.9234938621520996
0.15197309851646423
0.25501900911331177
0.6232054233551025
0.5171154737472534
0.6574386358261108
0.8165682554244995
0.6415590047836304
0.4298448860645294
0.7172103524208069
0.6761730909347534
0.04455714300274849
0.9584149718284607
0.006669765338301659
0.8275635242462158
0.6727398037910461
0.6923486590385437
0.0727280005812645
0.8122157454490662
0.3447498679161072
0.507728636264801
0.04228894039988518
0.45534205436706543
0.322903037071228
0.13258127868175507
0.1436353623867035
0.4663655161857605
0.8726542592048645
0.9295157790184021
0.7432926297187805
0.9317787289619446
0.4867207705974579
0.9308799505233765
0.5037442445755005
0.731670618057251
0.036352723836898804
0.934497594833374
0.19196832180023193
0.10135236382484436
0.25203490257263184
0.43468746542930603
0.6670007109642029
0.8146461248397827
0.2693184018135071
0.11524657905101776
0.8750713467597961
0.7418235540390015
0.0762229859828949
0.5659951567649841
0.13277728855609894
0.15027199685573578
0.6763936877250671
0.6945154666900635
0.006227011792361736
0.4769669771194458
0.8825631141662598
0.6637709140777588
0.06940224766731262
0.7030348181724548
0.17817723751068115
0.15122149884700775
0.29911378026008606
0.9218270182609558
0.6075730919837952
0.5107500553131104
0.04333298280835152
0.4641827940940857
0.16591742634773254
0.6840733289718628
0.08545250445604324
0.028025731444358826
0.40357667207717896
0.48000702261924744
0.25191083550453186
0.5488633513450623
0.8050033450126648
0.23477591574192047
0.13756631314754486
0.1627766191959381
0.3689764440059662
0.9714334011077881
0.9539041519165039
0.5555797815322876
0.2320624589920044
0.532213568687439
0.7777213454246521
0.7598028182983398
0.8581223487854004
0.016321970149874687
0.3141901195049286
0.8302882313728333
0.06124560907483101
0.2831328809261322
0.21197564899921417
0.4201449751853943
0.23832742869853973
0.8240830898284912
0.21420668065547943
0.007590253837406635
0.5331805348396301
0.24579539895057678
0.8829999566078186
0.4932359755039215
0.11386940628290176
0.20418797433376312
0.5563004612922668
0.5545183420181274
0.8659039735794067
0.9740788340568542
0.4292003810405731
0.013972152024507523
0.5937599539756775
0.46437087655067444
0.7340574264526367
0.7007991075515747
0.3527907431125641
0.18236269056797028
0.6712191700935364
0.10874292999505997
0.8370451927185059
0.895458459854126
0.9673025012016296
0.08618106693029404
0.7360774278640747
0.462822288274765
0.30637699365615845
0.32306843996047974
0.1255667805671692
0.24536609649658203
0.3907613754272461
0.407533198595047
0.514194667339325
0.5518574714660645
0.6329438090324402
0.004513554275035858
0.5119386315345764
0.4305686950683594
0.71178138256073
0.973384439945221
0.7719557285308838
0.2005247175693512
0.7709460854530334
0.8136447072029114
0.6387081742286682
0.3681783974170685
0.5973113179206848
0.03049115650355816
0.8726986646652222
0.20673507452011108
0.526678740978241
0.42526301741600037
0.2760830819606781
0.3510191738605499
0.7369874715805054
0.35963869094848633
0.5566024780273438
0.6809293031692505
0.6320437788963318
0.7190549969673157
0.8022322654724121
0.31949713826179504
0.5610962510108948
0.6409309506416321
0.43020278215408325
0.4060051739215851
0.4217418432235718
0.34687620401382446
0.22320793569087982
0.030682260170578957
0.42092543840408325
0.793140709400177
0.8128855228424072
0.7138621211051941
0.23735079169273376
0.43563538789749146
0.44096583127975464
0.004449017811566591
0.9196639060974121
0.433771014213562
0.4497847557067871
0.7799707651138306
0.020755069330334663
0.7064715027809143
0.8057025074958801
0.3974575996398926
0.6587737798690796
0.6606714725494385
0.33590903878211975
0.5251035094261169
0.6253994107246399
0.5096606612205505
0.7836644053459167
0.9445849657058716
0.20257869362831116
0.047264404594898224
0.8516483902931213
0.8773478865623474
0.5879430174827576
0.5679924488067627
0.966645359992981
0.4449407160282135
0.392399400472641
0.7939361333847046
0.6593197584152222
0.9892690777778625
0.019953036680817604
0.4172167479991913
0.7595747709274292
0.2543622553348541
0.5081501007080078
0.5358283519744873
0.10419406741857529
0.626617968082428
0.8955279588699341
0.010914865881204605
0.7389474511146545
0.9108099937438965
0.9028571844100952
0.620133638381958
0.43414241075515747
0.22630612552165985
0.028302758932113647
0.4622863829135895
0.9809646606445312
0.7401667833328247
0.06653811037540436
0.8023505806922913
0.8081659078598022
0.5069230794906616
0.4682292640209198
0.7970462441444397
0.920108437538147
0.8502199053764343
0.36245161294937134
0.8012202382087708
0.9463746547698975
0.8668930530548096
0.5758181214332581
0.8086745142936707
0.13261400163173676
0.5628553628921509
0.16499176621437073
0.2310108095407486
0.44733843207359314
0.5395461320877075
0.6398105621337891
0.7369490265846252
0.4906584918498993
0.23080845177173615
0.7882503867149353
0.2551036477088928
0.13300658762454987
0.7486699223518372
0.11289855092763901
0.8484450578689575
0.5918329358100891
0.6135424971580505
0.014756242744624615
0.07199114561080933
0.4125094711780548
0.7538992166519165
0.8379573822021484
0.9693675637245178
0.8896305561065674
0.4165789783000946
0.7996700406074524
0.596415638923645
0.9124928116798401
0.18697570264339447
0.6286521553993225
0.15265217423439026
0.3259267807006836
0.6553203463554382
0.7625648379325867
0.3576430678367615
0.39783528447151184
0.31735917925834656
0.01471181120723486
0.7441443204879761
0.3017040193080902
0.0024665503297001123
0.25740644335746765
0.5146984457969666
0.04771038517355919
0.264558881521225
0.8531243801116943
0.987598717212677
0.227451354265213
0.9556606411933899
0.672521710395813
0.22681781649589539
0.08758766204118729
0.14833343029022217
0.14418070018291473
0.05183255299925804
0.8595070242881775
0.4078136384487152
0.06636703014373779
0.20036204159259796
0.7599415183067322
0.6732605695724487
0.48872309923171997
0.94364333152771
0.38051772117614746
0.7345495223999023
0.5010086894035339
0.7656189203262329
0.15975487232208252
0.5443831086158752
0.3009655475616455
0.18816819787025452
0.585461437702179
0.3088296949863434
0.4338972866535187
0.0076463958248496056
0.38695311546325684
0.036465033888816833
0.8759124875068665
0.2794245481491089
0.9897432327270508
0.06943103671073914
0.05573248490691185
0.2913432717323303
0.9616682529449463
0.42325636744499207
0.890385091304779
0.9487369060516357
0.2711560130119324
0.9681206941604614
0.6783938407897949
0.8868899941444397
0.30211779475212097
0.46403372287750244
0.8112854361534119
0.5832085013389587
0.588493287563324
0.3337860107421875
0.9946677088737488
0.5612301826477051
0.014570899307727814
0.8240118622779846
0.045035235583782196
0.49841222167015076
0.6670947670936584
0.0581025704741478
0.4724154770374298
0.38552799820899963
0.26544561982154846
0.3369402289390564
0.01632729545235634
0.10837098211050034
0.5611082911491394
0.7868795394897461
0.36245614290237427
0.8156998753547668
0.31922903656959534
0.9270554184913635
0.4758394956588745
0.45089247822761536
0.9018469452857971
0.6792623400688171
0.8594157695770264
0.2852519154548645
0.8091663718223572
0.5652234554290771
0.06938759982585907
0.8194134831428528
0.7162286043167114
0.315673291683197
0.13798514008522034
0.23152749240398407
0.9193063974380493
0.8257994055747986
0.16169029474258423
0.8835169076919556
0.8078968524932861
0.2008168250322342
0.9886226654052734
0.04072415828704834
0.4672490060329437
0.5166444182395935
0.6524282097816467
0.45551997423171997
0.531312882900238
0.6799033880233765
0.7540104985237122
0.9848968982696533
0.8860312700271606
0.15381492674350739
0.592447817325592
0.5412231087684631
0.7813481688499451
0.5618125200271606
0.047773491591215134
0.35149717330932617
0.5050557851791382
0.26422202587127686
0.8559879660606384
0.03888540342450142
0.13427267968654633
0.8692829608917236
0.3313259780406952
0.9183246493339539
0.26026812195777893
0.17781369388103485
0.18682861328125
0.8046879768371582
0.5932685732841492
0.7184694409370422
0.6336116194725037
0.39193373918533325
0.4874166250228882
0.8024131655693054
0.8478216528892517
0.42987900972366333
0.17454251646995544
0.29709112644195557
0.07213645428419113
0.9099539518356323
0.8647506237030029
0.9274844527244568
0.13005411624908447
0.38345029950141907
0.27058058977127075
0.3489544987678528
0.8709673881530762
0.453412801027298
0.7257223725318909
0.35702845454216003
0.4615567624568939
0.23213529586791992
0.027251606807112694
0.798276960849762
0.7188048958778381
0.3387611508369446
0.6459115147590637
0.9553776979446411
0.8764885067939758
0.9815963506698608
0.7668458223342896
0.7725377678871155
0.7802707552909851
0.6891849637031555
0.02837185561656952
0.11763234436511993
0.29193684458732605
0.19543592631816864
0.04892710596323013
0.8965523838996887
0.6386608481407166
0.48646044731140137
0.43937918543815613
0.8606441020965576
0.7035465836524963
0.5203729271888733
0.021994318813085556
0.5619404911994934
0.9633245468139648
0.6365476846694946
0.9621631503105164
0.5158202648162842
0.7388207316398621
0.573417067527771
0.5773449540138245
0.1633557826280594
0.5242311358451843
0.1056395173072815
0.9594611525535583
0.3328224718570709
0.9167532324790955
0.7370086312294006
0.04814738780260086
0.9408636689186096
0.9605324864387512
0.712371826171875
0.4086359441280365
0.5049154758453369
0.6689538359642029
0.2221883237361908
0.8153032064437866
0.17601658403873444
0.6624637842178345
0.7656031250953674
0.8491312861442566
0.3465718626976013
0.282696396112442
0.6341161727905273
0.4875333905220032
0.6419686079025269
0.8390139937400818
0.39014920592308044
0.7816184163093567
0.12093934416770935
0.1585317701101303
0.4927424192428589
0.4986509084701538
0.07123016566038132
0.24070784449577332
0.21420857310295105
0.25367823243141174
0.5325577259063721
0.5072602033615112
0.020136408507823944
0.3339507579803467
0.28308969736099243
0.20911230146884918
0.9704266786575317
0.9990372061729431
0.9474653005599976
0.13568337261676788
0.3297958970069885
0.364872008562088
0.7306159734725952
0.6365313529968262
0.5900578498840332
0.7924622297286987
0.13943563401699066
0.8232178092002869
0.5286218523979187
0.899027407169342
0.5272944569587708
0.19659113883972168
0.3142915666103363
0.5304479002952576
0.06617633253335953
0.03897557780146599
0.557563304901123
0.35337013006210327
0.5944988131523132
0.7834004163742065
0.861835241317749
0.27056577801704407
0.21320874989032745
0.7283334136009216
0.813992440700531
0.4904610514640808
0.026435256004333496
0.2388581484556198
0.07838030904531479
0.08932238817214966
0.08372361212968826
0.8425952792167664
0.4960272014141083
0.5669512748718262
0.5922139286994934
0.798978328704834
0.29268312454223633
0.4573603868484497
0.27259767055511475
0.09083042293787003
0.4943423569202423
0.7580007910728455
0.1402176022529602
0.7631893157958984
0.31360486149787903
0.6012598872184753
0.1570822298526764
0.7038814425468445
0.3175484538078308
0.3595966696739197
0.6922305226325989
0.37150049209594727
0.8486769199371338
0.9805825352668762
0.40346434712409973
0.5005345344543457
0.5748999714851379
0.559248685836792
0.697314977645874
0.3448309302330017
0.3287251889705658
0.4192487597465515
0.1833542138338089
0.8717077970504761
0.42264968156814575
0.6534380912780762
0.14077085256576538
0.9628975987434387
0.8785248398780823
0.67226243019104
0.4292013943195343
0.4962957203388214
0.6680219769477844
0.5306054353713989
0.1113070547580719
0.24689972400665283
0.6482641100883484
0.09059566259384155
0.7601590156555176
0.7647536993026733
0.04965443164110184
0.5204142332077026
0.8414643406867981
0.9191622138023376
0.12715037167072296
0.6507757902145386
0.20145376026630402
0.3069271445274353
0.9774767160415649
0.6933556795120239
0.002569324104115367
0.31887608766555786
0.11806073039770126
0.6547636389732361
0.8736289739608765
0.07694893330335617
0.5160913467407227
0.025179315358400345
0.6009271740913391
0.444581538438797
0.8770808577537537
0.3744691014289856
0.7929297089576721
0.28925788402557373
0.1480320394039154
0.9102186560630798
0.0054360972717404366
0.5582570433616638
0.7695760726928711
0.07681500166654587
0.2689448297023773
0.06053275242447853
0.3402387201786041
0.9114058613777161
0.8203367590904236
0.49921923875808716
0.43416136503219604
0.3695124685764313
0.9015880823135376
0.01272567454725504
0.3189874291419983
0.599714457988739
0.071376733481884
0.8286179304122925
0.23250727355480194
0.25217846035957336
0.8736783862113953
0.1342715471982956
0.7639651894569397
0.6123596429824829
0.6265040636062622
0.4955896735191345
0.6757598519325256
0.922899067401886
0.2296949326992035
0.8645482659339905
0.37113937735557556
0.40039393305778503
0.8325968384742737
0.6396207809448242
0.9011069536209106
0.5203835368156433
0.6443314552307129
0.788449227809906
0.7186661958694458
0.1421983242034912
0.7088137865066528
0.8234561681747437
0.47044500708580017
0.42599138617515564
0.44538262486457825
0.7634949088096619
0.872657299041748
0.620682954788208
0.4705553948879242
0.6037620306015015
0.009051715955138206
0.3837393522262573
0.36180001497268677
0.15403218567371368
0.992274284362793
0.05721903592348099
0.36667728424072266
0.3594001531600952
0.535753607749939
0.1944585144519806
0.0569106750190258
0.3841646611690521
0.6497284173965454
0.6508024334907532
0.7094668745994568
0.2532459795475006
0.4826725125312805
0.952838122844696
0.8739830851554871
0.671094536781311
0.7546315789222717
0.6739831566810608
0.9099246263504028
0.9680734872817993
0.6658955812454224
0.05997047573328018
0.05673088878393173
0.9525271654129028
0.11506809294223785
0.019333750009536743
0.37656739354133606
0.3682592809200287
0.35311198234558105
0.30469343066215515
0.8116254806518555
0.6432689428329468
0.23346856236457825
0.032376307994127274
0.7134296894073486
0.8752083778381348
0.2677996754646301
0.7515134811401367
0.6877702474594116
0.9284588694572449
0.46653977036476135
0.2695063650608063
0.19752927124500275
0.02287830412387848
0.34012866020202637
0.4748617112636566
0.3770235478878021
0.9541650414466858
0.07156538218259811
0.3994384706020355
0.03145264834165573
0.383926123380661
0.3899337351322174
0.24190665781497955
0.5857760906219482
0.39090198278427124
0.8744978904724121
0.5418534874916077
0.19199611246585846
0.7531999349594116
0.14306071400642395
0.7757732272148132
0.8144447803497314
0.1847018152475357
0.4742686450481415
0.047447651624679565
0.8307505249977112
0.22276745736598969
0.018025139346718788
0.8628965616226196
0.919564425945282
0.19945655763149261
0.23931875824928284
0.9494209885597229
0.9136947989463806
0.3782776892185211
0.4706639349460602
0.5486416220664978
0.32645946741104126
0.33195674419403076
0.12750953435897827
0.9920458197593689
0.6569256782531738
0.6029728055000305
0.26836517453193665
0.5671525001525879
0.19940823316574097
0.49046579003334045
0.6169885993003845
0.758346438407898
0.502787709236145
0.4507851302623749
0.2945327162742615
0.01796147972345352
0.5746409893035889
0.015241128392517567
0.777079164981842
0.9961497783660889
0.2677147388458252
0.7833160161972046
0.6665253043174744
0.6674211621284485
0.3812353014945984
0.029603369534015656
0.6033536195755005
0.08485886454582214
0.07485980540513992
0.9101389050483704
0.3755995035171509
0.8640422821044922
0.3984892964363098
0.7238063216209412
0.9988391995429993
0.7504062652587891
0.1968626230955124
0.03893521428108215
0.18450260162353516
0.43253618478775024
0.31510117650032043
0.17441974580287933
0.6104913949966431
0.34673988819122314
0.12969322502613068
0.13344509899616241
0.28789830207824707
0.005273978225886822
0.6522008180618286
0.4798966348171234
0.18544244766235352
0.49881067872047424
0.16616544127464294
0.010557250119745731
0.3155789077281952
0.8742033243179321
0.2454209327697754
0.9106219410896301
0.9786495566368103
0.10687235742807388
0.7994720935821533
0.43792542815208435
0.8982576131820679
0.8618284463882446
0.63468998670578
0.29821327328681946
0.9266578555107117
0.06644844263792038
0.8095408082008362
0.5410216450691223
0.6245960593223572
0.6908712387084961
0.10799112915992737
0.006784002762287855
0.23082883656024933
0.029265552759170532
0.5323249697685242
0.6263054609298706
0.7393575310707092
0.7424618005752563
0.2423093169927597
0.7171783447265625
0.8704633116722107
0.07915232330560684
0.8238552212715149
0.9897831082344055
0.2707086205482483
0.11672573536634445
0.4270118474960327
0.5610613226890564
0.4556128978729248
0.5140977501869202
0.3672967851161957
0.4182628095149994
0.41954734921455383
0.12835827469825745
0.15491268038749695
0.3016803562641144
0.7592519521713257
0.8566773533821106
0.19422265887260437
0.13109882175922394
0.782633364200592
0.4049718976020813
0.33755552768707275
0.9305338263511658
0.16427460312843323
0.3295350670814514
0.7871718406677246
0.3854394257068634
0.6484180688858032
0.9151663780212402
0.9592965245246887
0.1743486374616623
0.8031544089317322
0.6828510165214539
0.3108961284160614
0.7289847135543823
0.2458011656999588
0.32734644412994385
0.8099523782730103
0.09353337436914444
0.07275417447090149
0.35343775153160095
0.04729010909795761
0.43897050619125366
0.8405308723449707
0.9834073781967163
0.8098495006561279
0.8200727701187134
0.32551872730255127
0.026163652539253235
0.4363512694835663
0.08413167297840118
0.402091920375824
0.8022708296775818
0.8359461426734924
0.3372570276260376
0.022700045257806778
0.24848495423793793
0.11032649129629135
0.9927236437797546
0.4877244532108307
0.6937455534934998
0.5918687582015991
0.6816527247428894
0.4699399471282959
0.39332664012908936
0.5918623805046082
0.14865368604660034
0.11153736710548401
0.6547033190727234
0.6376317143440247
0.8413984179496765
0.4851797819137573
0.07952959835529327
0.7365328669548035
0.11620452255010605
0.031597934663295746
0.9312036633491516
0.3932325839996338
0.7973839044570923
0.5865060687065125
0.1960136443376541
0.48433947563171387
0.9995040893554688
0.9715198874473572
0.13481085002422333
0.8008615374565125
0.7204209566116333
0.29079926013946533
0.9788388609886169
0.24416223168373108
0.500256359577179
0.396954208612442
0.34561604261398315
0.9461624026298523
0.8047139048576355
0.5058925151824951
0.8327337503433228
0.4937375485897064
0.9668504595756531
0.856377899646759
0.8467181921005249
0.08875980973243713
0.9302438497543335
0.8294178247451782
0.9201359152793884
0.2029731720685959
0.7166860699653625
0.8288816809654236
0.7254575490951538
0.8036676645278931
0.3835703730583191
0.3344774842262268
0.4483683705329895
0.2755104899406433
0.9902035593986511
0.3151569068431854
0.9053273797035217
0.06340381503105164
0.058643996715545654
0.9460721015930176
0.2363443672657013
0.6993641257286072
0.374941885471344
0.9321040511131287
0.3980812132358551
0.1562109887599945
0.37903791666030884
0.8478227853775024
0.9816598892211914
0.028044026345014572
0.015414176508784294
0.33886995911598206
0.13394999504089355
0.2827673554420471
0.906566858291626
0.4246539771556854
0.4551509618759155
0.04847192391753197
0.4001378118991852
0.5111944675445557
0.4603441655635834
0.6624734401702881
0.05235746130347252
0.6647437214851379
0.6025142669677734
0.6251451969146729
0.8515048623085022
0.10280609130859375
0.5846022963523865
0.8840799331665039
0.12403174489736557
0.5203081369400024
0.938890278339386
0.8428998589515686
0.31160417199134827
0.5515576004981995
0.43048349022865295
0.22853447496891022
0.6305712461471558
0.8772723078727722
0.9439820647239685
0.26878324151039124
0.5893451571464539
0.791505753993988
0.26063182950019836
0.6918871402740479
0.27401793003082275
0.9322810173034668
0.48957714438438416
0.4165920913219452
0.05857272073626518
0.17479905486106873
0.20770984888076782
0.1631624400615692
0.7995813488960266
0.7366638779640198
0.09163027256727219
0.8633233904838562
0.3205561339855194
0.7497086524963379
0.13228397071361542
0.8546810746192932
0.8304486870765686
0.1388743370771408
0.9740172028541565
0.07747694849967957
0.007869069464504719
0.27012333273887634
0.8426786661148071
0.7848299741744995
0.7504652738571167
0.8727035522460938
0.15623176097869873
0.7679226398468018
0.8968057632446289
0.038429345935583115
0.3305979371070862
0.05195097625255585
0.5096225142478943
0.9396604299545288
0.33399510383605957
0.42405036091804504
0.09443696588277817
0.7568638324737549
0.21869313716888428
0.24397410452365875
0.9664278626441956
0.770991861820221
0.04054837301373482
0.12893781065940857
0.6263324022293091
0.8140174150466919
0.761696457862854
0.18937204778194427
0.8243537545204163
0.9399265646934509
0.23162564635276794
0.9176311492919922
0.8342511653900146
0.038590479642152786
0.3255142569541931
0.9239698648452759
0.9659382104873657
0.26420462131500244
0.7331687808036804
0.40241095423698425
0.37855449318885803
0.6463841795921326
0.35724717378616333
0.7024025917053223
0.4604804515838623
0.5906772017478943
0.16547831892967224
0.6206599473953247
0.20520593225955963
0.3669356405735016
0.11947627365589142
0.458494633436203
0.5943766832351685
0.834357500076294
0.14220525324344635
0.004251309670507908
0.6110742688179016
0.07808705419301987
0.8819879293441772
0.9288710951805115
0.9078742265701294
0.12122944742441177
0.7807654142379761
0.016071047633886337
0.46693047881126404
0.6967983245849609
0.13560335338115692
0.5579021573066711
0.38036292791366577
0.4129510819911957
0.7390222549438477
0.031960390508174896
0.3418342173099518
0.9693495035171509
0.7890514135360718
0.8841232061386108
0.7680352330207825
0.31491971015930176
0.31957924365997314
0.46056514978408813
0.4088072180747986
0.20881767570972443
0.8567728400230408
0.8264895677566528
0.1455100029706955
0.8279906511306763
0.6586380004882812
0.24577286839485168
0.22898083925247192
0.5854725241661072
0.07539457827806473
0.5732364654541016
0.8004001379013062
0.49541595578193665
0.8148193955421448
0.2689257562160492
0.6854535937309265
0.4564594328403473
0.5144115090370178
0.13835187256336212
0.5984521508216858
0.10132724791765213
0.7521195411682129
0.6237438917160034
0.525540828704834
0.8332870602607727
0.9889082312583923
0.5099205374717712
0.3234092593193054
0.24924997985363007
0.17549243569374084
0.13382475078105927
0.42939493060112
0.2682648301124573
0.6761259436607361
0.9581246376037598
0.6886096000671387
0.8479179739952087
0.6431764364242554
0.5257132649421692
0.12877948582172394
0.30608129501342773
0.49545955657958984
0.06528405845165253
0.6763290762901306
0.5857625603675842
0.6372225880622864
0.5609100461006165
0.6067402362823486
0.8038815855979919
0.5898898243904114
0.2518404722213745
0.7392000555992126
0.6869767904281616
0.6319893002510071
0.40890011191368103
0.85304194688797
0.62382972240448
0.3141508400440216
0.7738564014434814
0.23344488441944122
0.7457019090652466
0.2372189164161682
0.2932933568954468
0.1898850053548813
0.23778900504112244
0.39194950461387634
0.4155402183532715
0.5911847352981567
0.5370593667030334
0.4122190773487091
0.1317114681005478
0.17863090336322784
0.07490814477205276
0.43769189715385437
0.7808892130851746
0.11005772650241852
0.6229411363601685
0.7611108422279358
0.7252063751220703
0.5287945866584778
0.3437720239162445
0.44139784574508667
0.2743510603904724
0.6972422003746033
0.8837656378746033
0.612529993057251
0.02016676589846611
0.1262214183807373
0.0515466146171093
0.010642198845744133
0.9370077252388
0.9819677472114563
0.5263000130653381
0.3807249665260315
0.9639782905578613
0.5467521548271179
0.7325474619865417
0.6500013470649719
0.9852808117866516
0.5216138958930969
0.47287192940711975
0.003140783403068781
0.777606189250946
0.37753474712371826
0.3342275321483612
0.48829755187034607
0.37421223521232605
0.6951995491981506
0.2185678631067276
0.6705067753791809
0.7230406403541565
0.46998366713523865
0.7095559239387512
0.8708149790763855
0.07224569469690323
0.035608530044555664
0.9999104142189026
0.28271013498306274
0.7215853333473206
0.954520583152771
0.4644840359687805
0.8217170834541321
0.4884830415248871
0.10928884893655777
0.5293835401535034
0.5911465287208557
0.22019483149051666
0.23252087831497192
0.07926271855831146
0.2720802128314972
0.0014967065071687102
0.3913923501968384
0.2297319918870926
0.23480165004730225
0.6661733388900757
0.2501748204231262
0.7044114470481873
0.26007789373397827
0.2983510494232178
0.79329514503479
0.10518062859773636
0.3691798448562622
0.458109974861145
0.5260732173919678
0.9308462738990784
0.23887990415096283
0.9040060639381409
0.4649520814418793
0.18249690532684326
0.0010376924183219671
0.7894456386566162
0.6724830865859985
0.41855770349502563
0.9338301420211792
0.9811984300613403
0.30532190203666687
0.5890851616859436
0.4141978621482849
0.9422957301139832
0.9020323157310486
0.7933648228645325
0.9083683490753174
0.8219232559204102
0.7792456746101379
0.1333814114332199
0.19762691855430603
0.25842782855033875
0.17129817605018616
0.6198092103004456
0.7978623509407043
0.47725462913513184
0.3956245183944702
0.9632426500320435
0.1897777020931244
0.08526872098445892
0.9879319667816162
0.05789473280310631
0.21838411688804626
0.5030098557472229
0.5629063248634338
0.6560832262039185
0.8508548736572266
0.1490582525730133
0.24047331511974335
0.19829227030277252
0.48230910301208496
0.3064251244068146
0.6494706273078918
0.4626840353012085
0.3154502511024475
0.8532572388648987
0.924178957939148
0.9650887250900269
0.2826167643070221
0.9747865796089172
0.5371163487434387
0.7789205312728882
0.7432712912559509
0.14977283775806427
0.682253360748291
0.4995068907737732
0.6370375156402588
0.15473823249340057
0.7333379983901978
0.4404416084289551
0.278854101896286
0.16807414591312408
0.9570791721343994
0.32129043340682983
0.4043320119380951
0.29009759426116943
0.4651945233345032
0.647264838218689
0.1097894161939621
0.956001877784729
0.5516988039016724
0.7350218892097473
0.7115964889526367
0.9596835970878601
0.6413611769676208
0.3661664128303528
0.2198486477136612
0.651618242263794
0.9811276793479919
0.2683517336845398
0.4929609000682831
0.6891165971755981
0.5817773938179016
0.0005031059845350683
0.9110900163650513
0.304126501083374
0.48709943890571594
0.2800583243370056
0.1575983762741089
0.7051836848258972
0.25187212228775024
0.610068142414093
0.746336042881012
0.02186407707631588
0.6645381450653076
0.8523532152175903
0.38935449719429016
0.20567941665649414
0.29755279421806335
0.07225771993398666
0.5234101414680481
0.046518828719854355
0.996368408203125
0.4112311005592346
0.2108762562274933
0.14181797206401825
0.8357285857200623
0.594886839389801
0.8955718278884888
0.41743868589401245
0.026301484555006027
0.0773073136806488
0.38195788860321045
0.9515728950500488
0.020510844886302948
0.4083443582057953
0.27300068736076355
0.7772258520126343
0.2935120463371277
0.3146820664405823
0.6533660888671875
0.5000612139701843
0.8794412612915039
0.22689945995807648
0.9007436037063599
0.9904384016990662
0.0859101191163063
0.9824017286300659
0.15160240232944489
0.08067484200000763
0.8103477358818054
0.770294189453125
0.7822669744491577
0.10300004482269287
0.9669214487075806
0.7971901893615723
0.43178725242614746
0.4396824538707733
0.8327491283416748
0.9968599677085876
0.5615770220756531
0.4093436300754547
0.8390920758247375
0.7900400757789612
0.0036794831976294518
0.7476008534431458
0.10279640555381775
0.38363707065582275
0.46284040808677673
0.5653508901596069
0.19268818199634552
0.8691990375518799
0.4583534896373749
0.26226961612701416
0.9052546620368958
0.48335936665534973
0.2194090187549591
0.9431370496749878
0.527831494808197
0.627876341342926
0.24334701895713806
0.5424087047576904
0.9531550407409668
0.8065362572669983
0.6981762051582336
0.9904477000236511
0.5927990078926086
0.21212372183799744
0.9795429706573486
0.9456514716148376
0.8433094620704651
0.48530343174934387
0.7029346823692322
0.6319593191146851
0.9416351914405823
0.38489481806755066
0.8075778484344482
0.44888871908187866
0.7636680603027344
0.8550443649291992
0.1338914930820465
0.41922783851623535
0.17932367324829102
0.9878429174423218
0.5182063579559326
0.3113504946231842
0.9690005779266357
0.7948700189590454
0.8386366963386536
0.14526672661304474
0.8661958575248718
0.14819064736366272
0.13882510364055634
0.5930225253105164
0.8065364360809326
0.8155367970466614
0.32857978343963623
0.417961061000824
0.24299763143062592
0.1711035966873169
0.4390660524368286
0.6120026111602783
0.7685148119926453
0.41596460342407227
0.04493779316544533
0.7464468479156494
0.9706509709358215
0.18189691007137299
0.4544343650341034
0.6102585792541504
0.3193882703781128
0.7172391414642334
0.5078361630439758
0.5229067802429199
0.4834873378276825
0.85942143201828
0.009697888977825642
0.45598241686820984
0.7440723180770874
0.08794963359832764
0.647706151008606
0.017306167632341385
0.9912528395652771
0.9533548355102539
0.09224198013544083
0.6843171715736389
0.783711850643158
0.5837785005569458
0.2092573195695877
0.06381968408823013
0.04750337824225426
0.19270698726177216
0.8727921843528748
0.09329406172037125
0.9124866127967834
0.6772716641426086
0.7160871624946594
0.871162474155426
0.7827537655830383
0.2668084502220154
0.27807438373565674
0.49062374234199524
0.9851234555244446
0.2886199355125427
0.0646086037158966
0.1113484650850296
0.033409085124731064
0.6555510759353638
0.5589020252227783
0.9174877405166626
0.9918842911720276
0.7875071167945862
0.7992956638336182
0.02300560474395752
0.6647410988807678
0.018716443330049515
0.14674462378025055
0.4636066257953644
0.7234464883804321
0.4860129952430725
0.11398477107286453
0.14753252267837524
0.0337621346116066
0.05240833759307861
0.48963668942451477
0.8772348761558533
0.283486545085907
0.48178166151046753
0.2249072939157486
0.8516488671302795
0.4591716229915619
0.7299530506134033
0.30852609872817993
0.6204236149787903
0.9276614189147949
0.07335235178470612
0.29491686820983887
0.7687368392944336
0.19313734769821167
0.4493091404438019
0.06796303391456604
0.9929652214050293
0.7839505076408386
0.14972913265228271
0.6519780158996582
0.8769400119781494
0.08909115940332413
0.9507030248641968
0.9081696271896362
0.8253560662269592
0.33180972933769226
0.8037435412406921
0.9700019359588623
0.5272436141967773
0.6023605465888977
0.3994639217853546
0.18043184280395508
0.67399001121521
0.05740801617503166
0.31236404180526733
0.5727234482765198
0.9926887154579163
0.9174824953079224
0.8854111433029175
0.07072269171476364
0.2710188925266266
0.07554891705513
0.42429158091545105
0.5108462572097778
0.22914041578769684
0.5699899792671204
0.9744805693626404
0.9938028454780579
0.7305068373680115
0.8040363788604736
0.9828056693077087
0.610414981842041
0.6409772634506226
0.5341631174087524
0.8698891401290894
0.24466313421726227
0.47762927412986755
0.8232449889183044
0.577031672000885
0.3327108919620514
0.751315712928772
0.5739847421646118
0.7772340178489685
0.04491523653268814
0.8875945210456848
0.30970498919487
0.649876594543457
0.10449212789535522
0.5635108351707458
0.4189535677433014
0.6456234455108643
0.6741633415222168
0.8468820452690125
0.42786329984664917
0.915888786315918
0.2499096691608429
0.0048108529299497604
0.4289552569389343
0.8776944875717163
0.5800145268440247
0.7026038765907288
0.47462108731269836
0.28279411792755127
0.8599839806556702
0.7805213332176208
0.9620523452758789
0.11627192050218582
0.4222613573074341
0.9675605297088623
0.7858505249023438
0.5821616053581238
0.7403958439826965
0.8891865611076355
0.2610549032688141
0.7166932225227356
0.9186462759971619
0.7090502977371216
0.6171109676361084
0.1790395975112915
0.9792555570602417
0.438070684671402
0.21918396651744843
0.3172321021556854
0.5415608286857605
0.1336650848388672
0.619244396686554
0.8288977146148682
0.8140426278114319
0.6784074306488037
0.9596326351165771
0.672370433807373
0.25407323241233826
0.7263464331626892
0.24840933084487915
0.1727708876132965
0.8756746649742126
0.845807671546936
0.9706191420555115
0.22864757478237152
0.6814267635345459
0.020444201305508614
0.6758742332458496
0.5103133916854858
0.9465515613555908
0.4854957163333893
0.6126836538314819
0.3943486511707306
0.02203815057873726
0.5830276012420654
0.5415647029876709
0.6859286427497864
0.4590699076652527
0.011480655521154404
0.2137349396944046
0.1976008266210556
0.27586567401885986
0.12205736339092255
0.9594319462776184
0.8515664339065552
0.11217595636844635
0.23369768261909485
0.14813008904457092
0.833173930644989
0.3601537346839905
0.8633283972740173
0.9569701552391052
0.9273586869239807
0.48732733726501465
0.4550987482070923
0.5657473206520081
0.8964014053344727
0.7842785120010376
0.7079471945762634
0.20094478130340576
0.18099334836006165
0.868327260017395
0.6456925272941589
0.8006096482276917
0.3263418674468994
0.40790265798568726
0.005027140956372023
0.7679901123046875
0.46530845761299133
0.31107765436172485
0.12258678674697876
0.42188379168510437
0.2510613799095154
0.893693208694458
0.44743046164512634
0.15309177339076996
0.7845086455345154
0.7249600291252136
0.5154424905776978
0.2754986882209778
0.06266827881336212
0.7357958555221558
0.8232388496398926
0.3522413372993469
0.08932037651538849
0.9435484409332275
0.8916666507720947
0.2900841236114502
0.8133029341697693
0.44483962655067444
0.3012319803237915
0.3494870662689209
0.7407800555229187
0.8902612924575806
0.024695079773664474
0.2819773256778717
0.05843733251094818
0.947546660900116
0.7845839858055115
0.8029251098632812
0.41242972016334534
0.19943097233772278
0.5205575823783875
0.21413554251194
0.46499818563461304
0.7890000939369202
0.5652697086334229
0.3937228322029114
0.48406651616096497
0.29488372802734375
0.5580105781555176
0.8570685386657715
0.171571284532547
0.5795339345932007
0.7575945258140564
0.7671039700508118
0.21700111031532288
0.6801300644874573
0.0348302498459816
0.27533474564552307
0.9028740525245667
0.7720158100128174
0.3364753723144531
0.5440050363540649
0.039963189512491226
0.545291006565094
0.9668385982513428
0.9042484760284424
0.31985172629356384
0.4057177007198334
0.7733792066574097
0.4872601330280304
0.0766674056649208
0.588896632194519
0.8404548764228821
0.5748209357261658
0.8811314702033997
0.4076589345932007
0.04500916972756386
0.3269927203655243
0.5504510998725891
0.8792480826377869
0.8785282373428345
0.3644430637359619
0.09110835939645767
0.6339183449745178
0.022937791422009468
0.04353320971131325
0.6110326051712036
0.7552258968353271
0.07222435623407364
0.6314487457275391
0.9959243535995483
0.8164989948272705
0.08911781758069992
0.8262068033218384
0.8669331073760986
0.8415640592575073
0.016054585576057434
0.86127108335495
0.753679633140564
0.46780291199684143
0.4336426854133606
0.03445117920637131
0.7850277423858643
0.5998988151550293
0.16307352483272552
0.018600402399897575
0.40127626061439514
0.33725038170814514
0.37559089064598083
0.996616005897522
0.10069894790649414
0.06016531586647034
0.4649835526943207
0.3685743808746338
0.8270111083984375
0.21354147791862488
0.08285608142614365
0.9021090865135193
0.8693979978561401
0.5572512149810791
0.6420392394065857
0.5667847394943237
0.6709558367729187
0.29804113507270813
0.6968304514884949
0.3975362777709961
0.3906157612800598
0.8367383480072021
0.572482705116272
0.7155358195304871
0.7387540340423584
0.6833531856536865
0.9440873861312866
0.783972978591919
0.8444568514823914
0.22295433282852173
0.5318434834480286
0.47092658281326294
0.38090747594833374
0.5236974358558655
0.019133413210511208
0.8957370519638062
0.8247862458229065
0.5566094517707825
0.7886773347854614
0.5072277188301086
0.44605752825737
0.09634377807378769
0.854694664478302
0.09684190154075623
0.4378884434700012
0.582280695438385
0.11301125586032867
0.3346545100212097
0.9082812666893005
0.47491782903671265
0.3396875262260437
0.7724295854568481
0.21908238530158997
0.18350614607334137
0.8057676553726196
0.15503235161304474
0.2713125944137573
0.9535912275314331
0.22709691524505615
0.0025345038156956434
0.9123715162277222
0.9263403415679932
0.44200700521469116
0.9536892175674438
0.17466624081134796
0.5265146493911743
0.8751440048217773
0.9680463671684265
0.6289100050926208
0.750239372253418
0.6153945326805115
0.5835656523704529
0.3039853870868683
0.8373982310295105
0.05740004777908325
0.7650377750396729
0.061000801622867584
0.04210430383682251
0.9886544346809387
0.3026181161403656
0.3921043574810028
0.5363326072692871
0.9521182775497437
0.036392003297805786
0.5473145842552185
0.21431833505630493
0.38283106684684753
0.27205708622932434
0.1764986217021942
0.20719419419765472
0.6561573147773743
0.1839839667081833
0.1257060468196869
0.763288676738739
0.39347583055496216
0.9625543355941772
0.7787599563598633
0.5614843368530273
0.16678571701049805
0.8409801125526428
0.06095463037490845
0.400172621011734
0.2420635223388672
0.23843669891357422
0.08381883054971695
0.498820960521698
0.5837931036949158
0.1726786345243454
0.8060828447341919
0.9257746338844299
0.4035392701625824
0.849471390247345
0.5817835927009583
0.6311391592025757
0.8227170705795288
0.7604414820671082
0.6484639644622803
0.21357667446136475
0.08360866457223892
0.7444061636924744
0.6705012321472168
0.9273765087127686
0.3594391644001007
0.34572166204452515
0.33386269211769104
0.169330894947052
0.5466567277908325
0.6168509721755981
0.44637101888656616
0.8248308300971985
0.3540286421775818
0.7251089215278625
0.7583308815956116
0.2541005611419678
0.8844419717788696
0.44098442792892456
0.6493173241615295
0.3323848247528076
0.16323021054267883
0.14812034368515015
0.11442890018224716
0.5419764518737793
0.8993086218833923
0.6652669310569763
0.8679027557373047
0.020873786881566048
0.12811726331710815
0.6065863370895386
0.6292087435722351
0.0882093757390976
0.47011178731918335
0.7376812100410461
0.4300413131713867
0.8248000144958496
0.18124033510684967
0.09890210628509521
0.9693021178245544
0.593153715133667
0.7261171340942383
0.9427322149276733
0.7881260514259338
0.7365641593933105
0.8585916757583618
0.2605079114437103
0.7764357328414917
0.19915737211704254
0.7447552680969238
0.25797542929649353
0.9393698573112488
0.7907988429069519
0.6135987639427185
0.5301318168640137
0.549473226070404
0.9697781801223755
0.46073856949806213
0.7262808680534363
0.8187686204910278
0.3984631896018982
0.03767470642924309
0.9856907725334167
0.9555482864379883
0.07100886851549149
0.9484902024269104
0.5304819345474243
0.5427629947662354
0.7928460240364075
0.9461962580680847
0.8653190732002258
0.4208657741546631
0.9162854552268982
0.3226558566093445
0.549523115158081
0.3268369138240814
0.06162385269999504
0.6822093725204468
0.35850733518600464
0.8949583768844604
0.7902447581291199
0.27269265055656433
0.9735764861106873
0.9225502014160156
0.9229451417922974
0.1897456794977188
0.641096293926239
0.09407737106084824
0.7697324752807617
0.07911445945501328
0.34831249713897705
0.10131900757551193
0.8866947889328003
0.17234766483306885
0.9129499197006226
0.39768049120903015
0.2906893491744995
0.8823638558387756
0.12792052328586578
0.12016215920448303
0.6566912531852722
0.5743324756622314
0.3939836025238037
0.04821749031543732
0.27805864810943604
0.4598144292831421
0.489886999130249
0.44406193494796753
0.5818455219268799
0.09552233666181564
0.6802644729614258
0.02938658557832241
0.13141782581806183
0.42504242062568665
0.8587631583213806
0.8966718316078186
0.24736616015434265
0.5148950815200806
0.5104409456253052
0.11306886374950409
0.8487299084663391
0.8427363634109497
0.19960901141166687
0.3945219814777374
0.6979531645774841
0.41581839323043823
0.7742564678192139
0.3454940915107727
0.7582988142967224
0.9643972516059875
0.37356019020080566
0.45833081007003784
0.19040481746196747
0.18972064554691315
0.9959641098976135
0.20308619737625122
0.8668929934501648
0.5457613468170166
0.7148686647415161
0.8519396781921387
0.4397299885749817
0.04927264526486397
0.4687928259372711
0.9790278077125549
0.5990266799926758
0.8120872378349304
0.6991338729858398
0.5885058641433716
0.7640633583068848
0.8919693231582642
0.020794440060853958
0.6556299924850464
0.5985835194587708
0.8967523574829102
0.05444654822349548
0.9877104163169861
0.2358597368001938
0.8865602612495422
0.2994483709335327
0.10769124329090118
0.7548203468322754
0.6480240225791931
0.1683695763349533
0.36505410075187683
0.5324937701225281
0.2782345116138458
0.8320515155792236
0.3514153063297272
0.8700582385063171
0.06850962340831757
0.43684709072113037
0.7167773246765137
0.15445737540721893
0.5981059074401855
0.7964687347412109
0.2905259132385254
0.6958152651786804
0.39387667179107666
0.7274215221405029
0.7679711580276489
0.45945650339126587
0.18502652645111084
0.24335768818855286
0.9709061980247498
0.6397904753684998
0.6315326690673828
0.8673499822616577
0.9866533279418945
0.8466454744338989
0.8332101702690125
0.04596024006605148
0.930798351764679
0.035927169024944305
0.882388710975647
0.8437702655792236
0.5198109745979309
0.1373019963502884
0.8849372267723083
0.7292547821998596
0.006459175143390894
0.34623628854751587
0.2804553806781769
0.679625391960144
0.7877445816993713
0.06457696855068207
0.14464864134788513
0.489205539226532
0.5816065669059753
0.6459963321685791
0.6354888677597046
0.7012824416160583
0.2675395905971527
0.49031904339790344
0.6715227365493774
0.9043117165565491
0.778290331363678
0.09864259511232376
0.008046559058129787
0.3757554292678833
0.730146050453186
0.7405834794044495
0.8508852124214172
0.9223743677139282
0.10731621086597443
0.43335801362991333
0.6952289938926697
0.30952516198158264
0.3592633605003357
0.01894713193178177
0.16474439203739166
0.4496428072452545
0.5690962076187134
0.9209527969360352
0.8399577140808105
0.35669922828674316
0.5583361983299255
0.07324378937482834
0.3028704822063446
0.9793807864189148
0.8124890923500061
0.0011642348254099488
0.36874350905418396
0.342894583940506
0.1297781765460968
0.4238700866699219
0.4559742212295532
0.8845885396003723
0.46329647302627563
0.8087465167045593
0.4599374234676361
0.6106711626052856
0.18672451376914978
0.8046260476112366
0.6979371309280396
0.6054635047912598
0.9783213138580322
0.009197008796036243
0.927004337310791
0.09723720699548721
0.8510833382606506
0.0354166217148304
0.841826856136322
0.30925261974334717
0.10304421186447144
0.5793138146400452
0.015635240823030472
0.8009932041168213
0.4155597984790802
0.9113544821739197
0.992243766784668
0.9657465815544128
0.23343701660633087
0.5613372921943665
0.7511765360832214
0.1249711886048317
0.3550165593624115
0.9268425107002258
0.531756579875946
0.19085362553596497
0.019438909366726875
0.10731042921543121
0.6884438395500183
0.15872609615325928
0.7841373682022095
0.7811482548713684
0.3732543885707855
0.057739000767469406
0.5973802804946899
0.7921251654624939
0.14974257349967957
0.03763432428240776
0.7989264726638794
0.6572496891021729
0.7868074774742126
0.6605932116508484
0.9813799858093262
0.7927973866462708
0.9327617287635803
0.9451650381088257
0.849166989326477
0.16462376713752747
0.7939650416374207
0.2164408415555954
0.39677321910858154
0.985664963722229
0.08544135093688965
0.02759072184562683
0.3409268856048584
0.7514873147010803
0.127315491437912
0.4207974672317505
0.15029671788215637
0.21700407564640045
0.9343513250350952
0.6461614370346069
0.5890392661094666
0.012221618555486202
0.41074860095977783
0.12636715173721313
0.7205231785774231
0.7932154536247253
0.8420605659484863
0.7842361927032471
0.005760327447205782
0.28273940086364746
0.20780311524868011
0.015848437324166298
0.06725592911243439
0.3723204731941223
0.46217507123947144
0.7054164409637451
0.22700265049934387
0.2791922092437744
0.7750304937362671
0.8839650750160217
0.38411745429039
0.4218316078186035
0.17217741906642914
0.6080228686332703
0.9034124612808228
0.9175885319709778
0.16963985562324524
0.8979867100715637
0.9111106991767883
0.9012724757194519
0.5987363457679749
0.7089138031005859
0.15604718029499054
0.6403427720069885
0.1072729080915451
0.054951261729002
0.3154938220977783
0.6898642182350159
0.14878618717193604
0.7293347716331482
0.7447326183319092
0.8898990750312805
0.04799297824501991
0.8924494981765747
0.6848793029785156
0.8458545207977295
0.1344117373228073
0.2864340841770172
0.5848919153213501
0.6431342959403992
0.639398992061615
0.1698029786348343
0.49643412232398987
0.22927285730838776
0.39329442381858826
0.032593078911304474
0.5914960503578186
0.9520950317382812
0.5219861268997192
0.42832401394844055
0.5500870943069458
0.37216925621032715
0.9579538106918335
0.3122923672199249
0.9115010499954224
0.687513530254364
0.12781327962875366
0.3364366292953491
0.997533917427063
0.5472390651702881
0.5549449324607849
0.6358994245529175
0.5421209335327148
0.6387353539466858
0.5258809328079224
0.7803094983100891
0.04923344403505325
0.12619079649448395
0.782198429107666
0.7105728387832642
0.8841754198074341
0.08267340064048767
0.4601280391216278
0.765617311000824
0.6867982149124146
0.6607032418251038
0.8724978566169739
0.5012431144714355
0.7297138571739197
0.7740954756736755
0.48597851395606995
0.04835109785199165
0.17107532918453217
0.09553058445453644
0.8831228613853455
0.7055293321609497
0.14005868136882782
0.8198768496513367
0.2801644504070282
0.06783249974250793
0.5560287833213806
0.3119950592517853
0.08300790190696716
0.17841795086860657
0.8313692808151245
0.35948053002357483
0.27750808000564575
0.5070368647575378
0.30472037196159363
0.6396670341491699
0.7945241928100586
0.6694955825805664
0.8135526180267334
0.529208242893219
0.49973225593566895
0.28043967485427856
0.09443281590938568
0.05127492919564247
0.9184771180152893
0.8744578957557678
0.5673463344573975
0.32126668095588684
0.14969013631343842
0.7201203107833862
0.25791919231414795
0.708534300327301
0.5109663605690002
0.7000244855880737
0.09248805046081543
0.7513812184333801
0.9521641731262207
0.9954399466514587
0.41049835085868835
0.9875490665435791
0.8144187331199646
0.9579757452011108
0.48852136731147766
0.11301825195550919
0.3349516689777374
0.21206128597259521
0.6269935965538025
0.8062375783920288
0.3928985595703125
0.8656653761863708
0.24709148705005646
0.12062641233205795
0.13222342729568481
0.5193901062011719
0.9650183320045471
0.33235108852386475
0.2910691797733307
0.7407706379890442
0.4856354594230652
0.958870530128479
0.7156065106391907
0.4276070296764374
0.16631095111370087
0.020785901695489883
0.8166659474372864
0.18051837384700775
0.5116148591041565
0.950995922088623
0.18112121522426605
0.07747999578714371
0.8613268733024597
0.08923190832138062
0.2462102621793747
0.9800506830215454
0.7124652862548828
0.09265761822462082
0.06967224180698395
0.7678319811820984
0.7100884318351746
0.634479284286499
0.7162140607833862
0.5675670504570007
0.9503286480903625
0.9902732968330383
0.19562743604183197
0.9229139089584351
0.24229489266872406
0.3721309006214142
0.604995846748352
0.4829673767089844
0.04030228778719902
0.04216288775205612
0.6566560864448547
0.0740128606557846
0.543452262878418
0.018398983404040337
0.6241227388381958
0.06886190921068192
0.9181752800941467
0.9755697846412659
0.337064653635025
0.8346278667449951
0.39771124720573425
0.4639855623245239
0.7735852599143982
0.1773410439491272
0.37442758679389954
0.9563113451004028
0.6056150197982788
0.16142818331718445
0.058088161051273346
0.7410038113594055
0.87479168176651
0.0733751431107521
0.1179647222161293
0.3107501268386841
0.36434870958328247
0.3117309510707855
0.5735045671463013
0.27784979343414307
0.8190260529518127
0.026088004931807518
0.9853693842887878
0.7931115627288818
0.1673290878534317
0.8710228204727173
0.6146095395088196
0.45783960819244385
0.9952688813209534
0.06534487009048462
0.07057172805070877
0.8708987236022949
0.41024595499038696
0.8196855187416077
0.330899715423584
0.013248889707028866
0.4519461393356323
0.3195813298225403
0.20048511028289795
0.445163756608963
0.16862817108631134
0.15928399562835693
0.07309318333864212
0.23160982131958008
0.9848175644874573
0.7456108927726746
0.5123940110206604
0.49474844336509705
0.5408514738082886
0.671286940574646
0.7072768211364746
0.2239762395620346
0.4799420237541199
0.9536709189414978
0.7214836478233337
0.7152038812637329
0.09307510405778885
0.31368616223335266
0.7972871661186218
0.7424039244651794
0.7357438802719116
0.9212678074836731
0.8529658913612366
0.15252232551574707
0.18782439827919006
0.17120660841464996
0.8216109275817871
0.7588061094284058
0.9231506586074829
0.653439998626709
0.8464056849479675
0.3625786006450653
0.38194966316223145
0.3593197166919708
0.3650762736797333
0.4504510164260864
0.9703781008720398
0.9508297443389893
0.8886450529098511
0.19720540940761566
0.45890697836875916
0.4456627070903778
0.8322747945785522
0.7781696319580078
0.6079446077346802
0.7938106656074524
0.67766273021698
0.7293460965156555
0.1823115050792694
0.9526800513267517
0.19502989947795868
0.6931318044662476
0.408187597990036
0.8675084710121155
0.1840599626302719
0.5539343357086182
0.5904338359832764
0.8557356595993042
0.03673556447029114
0.6303665637969971
0.7265958786010742
0.3508434593677521
0.03664521500468254
0.6365410685539246
0.5282105207443237
0.2474488914012909
0.3482389748096466
0.9719897508621216
0.42413586378097534
0.4332796037197113
0.3626757264137268
0.6563658118247986
0.8776307702064514
0.18284004926681519
0.9973362684249878
0.9553781747817993
0.9686148166656494
0.9129641056060791
0.29312458634376526
0.6203771233558655
0.0011265699286013842
0.8071520924568176
0.5857663750648499
0.7180273532867432
0.878177285194397
0.6403794884681702
0.8544413447380066
0.618255078792572
0.36014524102211
0.838713526725769
0.427765429019928
0.9177886247634888
0.43759685754776
0.12279968708753586
0.672779381275177
0.810935914516449
0.9954333901405334
0.6833915710449219
0.829845666885376
0.2192666232585907
0.6849765181541443
0.0443572998046875
0.14222782850265503
0.4281078577041626
0.562511146068573
0.5896410346031189
0.7828631401062012
0.6968972682952881
0.8258472681045532
0.7549304366111755
0.8388063907623291
0.6429378986358643
0.9813743233680725
0.39994436502456665
0.48785796761512756
0.45512473583221436
0.7061655521392822
0.28513333201408386
0.20413164794445038
0.6731942296028137
0.4516119956970215
0.2614971995353699
0.7603799104690552
0.11146470159292221
0.47811630368232727
0.9728376865386963
0.17733678221702576
0.13242965936660767
0.9177976846694946
0.5983932018280029
0.390988290309906
0.9111365079879761
0.0982985645532608
0.015346242114901543
0.461029976606369
0.43894490599632263
0.853633463382721
0.26736927032470703
0.5622367858886719
0.36692774295806885
0.31274935603141785
0.10107338428497314
0.15868303179740906
0.7509811520576477
0.8416234254837036
0.08804479241371155
0.9905780553817749
0.07822611182928085
0.12215910106897354
0.8981055617332458
0.056999631226062775
0.3690139651298523
0.15448565781116486
0.5909011363983154
0.7434657216072083
0.024431709200143814
0.5184500217437744
0.40845561027526855
0.9500815272331238
0.2980721890926361
0.9129600524902344
0.5469434261322021
0.505795955657959
0.08110113441944122
0.6674911975860596
0.9745315909385681
0.5061595439910889
0.4678512513637543
0.9113504886627197
0.0787518247961998
0.933082103729248
0.19658438861370087
0.6360363960266113
0.06965088099241257
0.3820075988769531
0.8099952340126038
0.9503107666969299
0.09407220780849457
0.5951039791107178
0.34474363923072815
0.7196998000144958
0.8502192497253418
0.14191465079784393
0.488376259803772
0.002580292522907257
0.4484189748764038
0.5686752796173096
0.761418342590332
0.3858437240123749
0.6881091594696045
0.8131613731384277
0.34850358963012695
0.6110967397689819
0.7525278925895691
0.9050966501235962
0.14608806371688843
0.45462989807128906
0.3327512741088867
0.28361600637435913
0.48202356696128845
0.8374384045600891
0.2131744772195816
0.9599883556365967
0.5266541838645935
0.09641996026039124
0.7920417189598083
0.4347423017024994
0.8619128465652466
0.2861287295818329
0.49250006675720215
0.860048234462738
0.9814114570617676
0.9599988460540771
0.4137324094772339
0.1373819261789322
0.47519922256469727
0.5266911387443542
0.16496656835079193
0.07603143900632858
0.06794857233762741
0.1443941593170166
0.9892010688781738
0.8372095227241516
0.82857745885849
0.6655881404876709
0.9398074150085449
0.47994092106819153
0.18346448242664337
0.06769772619009018
0.8021395802497864
0.1506713181734085
0.678983211517334
0.12230692058801651
0.7776579260826111
0.7248596549034119
0.1253395974636078
0.24277663230895996
0.6312336921691895
0.06675232946872711
0.9529042840003967
0.9378703236579895
0.1499270498752594
0.18965569138526917
0.7019352316856384
0.39113128185272217
0.3396696150302887
0.047234710305929184
0.9199875593185425
0.7934038639068604
0.4238671362400055
0.37428656220436096
0.7110321521759033
0.35894230008125305
0.5232487916946411
0.310980886220932
0.34016379714012146
0.6548209190368652
0.8509023785591125
0.49502941966056824
0.38023674488067627
0.28850123286247253
0.44083601236343384
0.9269641637802124
0.1480151116847992
0.9843319058418274
0.3018481135368347
0.010673499666154385
0.4602397084236145
0.3162689805030823
0.21440580487251282
0.9447685480117798
0.652008593082428
0.5156301856040955
0.9851211905479431
0.108001209795475
0.0925225168466568
0.10525986552238464
0.4029383063316345
0.6388682723045349
0.37349560856819153
0.8846203088760376
0.23061878979206085
0.7364708185195923
0.700099527835846
0.7782164812088013
0.647502601146698
0.6005806922912598
0.5161536335945129
0.5994921326637268
0.3917270600795746
0.9290359616279602
0.7875574827194214
0.8418383598327637
0.5615530610084534
0.4644031226634979
0.7829009294509888
0.6413417458534241
0.7733950018882751
0.2563897371292114
0.8567151427268982
0.7983072996139526
0.2051236480474472
0.46714627742767334
0.6209336519241333
0.5000948905944824
0.15538552403450012
0.5973860621452332
0.32924243807792664
0.7767120003700256
0.9408299326896667
0.45186352729797363
0.4003441333770752
0.23804493248462677
0.5575234889984131
0.32462096214294434
0.9833499193191528
0.7564272284507751
0.18445400893688202
0.755541980266571
0.4392106235027313
0.14449287950992584
0.730769157409668
0.8197789192199707
0.2250874638557434
0.3229864835739136
0.40149250626564026
0.5043410658836365
0.08051209896802902
0.40171554684638977
0.5040379166603088
0.2787178158760071
0.07620850950479507
0.7234291434288025
0.6950890421867371
0.2001030147075653
0.02669341303408146
0.6833135485649109
0.8733178377151489
0.6632676124572754
0.01472530234605074
0.7562000155448914
0.7881555557250977
0.8028846383094788
0.6146277189254761
0.7881295680999756
0.21778099238872528
0.4188748896121979
0.6155144572257996
0.7260969877243042
0.42501091957092285
0.35943156480789185
0.8697189092636108
0.25783151388168335
0.18184277415275574
0.4775558412075043
0.8894805908203125
0.692733883857727
0.7502591013908386
0.3483184576034546
0.7242406606674194
0.5669205784797668
0.8827553391456604
0.5416672229766846
0.8112181425094604
0.9479818344116211
0.4041858911514282
0.8543987274169922
0.008428693749010563
0.3393838107585907
0.6329421401023865
0.620571494102478
0.27618592977523804
0.17254647612571716
0.5385646820068359
0.4080406427383423
0.04642269387841225
0.4870045781135559
0.7431244850158691
0.9197431802749634
0.409734308719635
0.03638015687465668
0.3600503206253052
0.17712773382663727
0.13554829359054565
0.5798713564872742
0.9649956822395325
0.24046458303928375
0.18748804926872253
0.3427707552909851
0.43460577726364136
0.45279255509376526
0.5198761820793152
0.777157187461853
0.7269110679626465
0.37568631768226624
0.16152016818523407
0.5041068196296692
0.13725122809410095
0.5121490955352783
0.058307282626628876
0.43593162298202515
0.06846917420625687
0.5217615365982056
0.3985644280910492
0.47041773796081543
0.9195957779884338
0.12141712009906769
0.8490827679634094
0.44592365622520447
0.04091743752360344
0.20013459026813507
0.8686976432800293
0.6680835485458374
0.23660437762737274
0.5455275177955627
0.041316695511341095
0.3771466314792633
0.11782363802194595
0.5094144940376282
0.925165057182312
0.08932851999998093
0.47496354579925537
0.9596120119094849
0.4445072114467621
0.2856951057910919
0.8840237259864807
0.18234416842460632
0.9089224338531494
0.8111677765846252
0.6068375110626221
0.9792497754096985
0.565157413482666
0.02416021004319191
0.6640020608901978
0.9587414264678955
0.42386680841445923
0.6372389793395996
0.45160773396492004
0.07580795884132385
0.4162975251674652
0.21420393884181976
0.13955552875995636
0.6816033720970154
0.16569900512695312
0.8914489150047302
0.9050849676132202
0.2548784613609314
0.5091657042503357
0.9288160800933838
0.6713939309120178
0.40943488478660583
0.6252388954162598
0.4411170482635498
0.3798326849937439
0.062223173677921295
0.8393332958221436
0.008384262211620808
0.7793938517570496
0.37139827013015747
0.4564371705055237
0.7012153267860413
0.7047759890556335
0.39058786630630493
0.9038964509963989
0.8172128796577454
0.5227070450782776
0.16531674563884735
0.25909242033958435
0.10196802020072937
0.9268290996551514
0.9124501347541809
0.9204944372177124
0.24026449024677277
0.9644148349761963
0.5511508584022522
0.15656515955924988
0.8340898156166077
0.9596454501152039
0.6201795339584351
0.6394547820091248
0.6340527534484863
0.3178325891494751
0.44875267148017883
0.07757239788770676
0.9637629389762878
0.4507327079772949
0.21072246134281158
0.6532024145126343
0.7449175715446472
0.9823208451271057
0.26825669407844543
0.3813631236553192
0.3575451076030731
0.36736175417900085
0.35969316959381104
0.9956670999526978
0.8116022944450378
0.05460217595100403
0.7073456645011902
0.022618204355239868
0.9816735982894897
0.7746978402137756
0.3985837697982788
0.583845853805542
0.3085496127605438
0.408581018447876
0.5044924020767212
0.38777804374694824
0.6825939416885376
0.7837981581687927
0.5641202330589294
0.11082101613283157
0.21517379581928253
0.056496843695640564
0.9820405840873718
0.44372594356536865
0.22524018585681915
0.21667838096618652
0.4996526837348938
0.49055927991867065
0.46767058968544006
0.31418389081954956
0.44170519709587097
0.8538673520088196
0.6368715167045593
0.43112772703170776
0.8851905465126038
0.1554771363735199
0.5039201378822327
0.07228983938694
0.6619254946708679
0.5518203973770142
0.9796119332313538
0.5177837014198303
0.6154885292053223
0.6640523672103882
0.18797901272773743
0.917953610420227
0.573550820350647
0.7529357075691223
0.10272379219532013
0.2598508596420288
0.7132777571678162
0.10863641649484634
0.06565360724925995
0.4518928527832031
0.34995999932289124
0.017407892271876335
0.6346492767333984
0.14515605568885803
0.6256944537162781
0.7624497413635254
0.740351140499115
0.5199056267738342
0.5858226418495178
0.6985585689544678
0.24694138765335083
0.6218513250350952
0.7799321413040161
0.4948539733886719
0.8350714445114136
0.06620907783508301
0.44669973850250244
0.9343796372413635
0.35832950472831726
0.5838572382926941
0.20741453766822815
0.46720534563064575
0.870823860168457
0.8786356449127197
0.8457205295562744
0.1713058352470398
0.39046454429626465
0.623700737953186
0.23624666035175323
0.9022899270057678
0.41004475951194763
0.030175073072314262
0.055219266563653946
0.30743929743766785
0.7525063157081604
0.03264879062771797
0.4365890920162201
0.48185524344444275
0.019252978265285492
0.5767533779144287
0.174519881606102
0.9948056936264038
0.5497696399688721
0.41220322251319885
0.39243781566619873
0.877716600894928
0.6928055286407471
0.22479753196239471
0.9427287578582764
0.827363908290863
0.514813244342804
0.33432865142822266
0.24634116888046265
0.4252144694328308
0.7474918365478516
0.8508895039558411
0.32412517070770264
0.6772077679634094
0.48521721363067627
0.3182622492313385
0.40851694345474243
0.8436562418937683
0.19016246497631073
0.8506795167922974
0.3946966826915741
0.8253471255302429
0.05350477620959282
0.457782119512558
0.013597531244158745
0.4763319790363312
0.4463205337524414
0.9089716672897339
0.7055205702781677
0.6708601117134094
0.39741724729537964
0.7437126040458679
0.4877053201198578
0.15231283009052277
0.9546838402748108
0.3464908003807068
0.5145472884178162
0.06779826432466507
0.1859426200389862
0.9011651277542114
0.8158290386199951
0.7261070013046265
0.17181777954101562
0.6507052779197693
0.8295913338661194
0.24390773475170135
0.7376434206962585
0.2885439991950989
0.08737228810787201
0.24261154234409332
0.360137015581131
0.31189441680908203
0.34262004494667053
0.8558700084686279
0.17744484543800354
0.836698591709137
0.36900201439857483
0.5718134641647339
0.7171715497970581
0.36874160170555115
0.6904233694076538
0.8280718326568604
0.08320623636245728
0.7300682067871094
0.9564031362533569
0.29925695061683655
0.6719654202461243
0.9954220056533813
0.7654733061790466
0.5559918880462646
0.051304981112480164
0.7465898394584656
0.8014773726463318
0.001370770507492125
0.11161518096923828
0.9609276652336121
0.2735025882720947
0.6507477760314941
0.6205217838287354
0.7782058119773865
0.5776078104972839
0.438668429851532
0.25225964188575745
0.3297940790653229
0.8462997674942017
0.14597104489803314
0.6452639102935791
0.317182719707489
0.798359215259552
0.2021980583667755
0.5269041061401367
0.5333844423294067
0.8376733064651489
0.48826926946640015
0.545376181602478
0.9893247485160828
0.8156877160072327
0.45193952322006226
0.5983129739761353
0.5431084036827087
0.4466586410999298
0.02785881608724594
0.8354737758636475
0.06084873527288437
0.4486217200756073
0.380953311920166
0.5540046095848083
0.5190944671630859
0.7015441656112671
0.220845028758049
0.4640139639377594
0.8015592694282532
0.8305230736732483
0.915001630783081
0.34631282091140747
0.5653951168060303
0.6499015092849731
0.48623543977737427
0.2490599900484085
0.8202721476554871
0.7522003054618835
0.10389100760221481
0.5135585069656372
0.7337862253189087
0.15227939188480377
0.5517846345901489
0.9559872150421143
0.7803747057914734
0.7036418914794922
0.27261313796043396
0.9338443875312805
0.2105228453874588
0.9025513529777527
0.11598239839076996
0.5935987234115601
0.8485476970672607
0.7570512294769287
0.5335290431976318
0.22898153960704803
0.8565404415130615
0.26818928122520447
0.2277771532535553
0.03559713065624237
0.23561207950115204
0.784585177898407
0.2468557059764862
0.5036913752555847
0.4817672371864319
0.30482804775238037
0.818026065826416
0.14952139556407928
0.43507036566734314
0.012922885827720165
0.5249292850494385
0.35010313987731934
0.9296815395355225
0.9435306191444397
0.08506787568330765
0.7984576225280762
0.32924574613571167
0.6053100824356079
0.38975822925567627
0.9587674140930176
0.6572688221931458
0.01781998760998249
0.13192719221115112
0.841712236404419
0.548145055770874
0.9888592958450317
0.9137137532234192
0.24435552954673767
0.9448761940002441
0.5715659260749817
0.4781069755554199
0.9499271512031555
0.8482146263122559
0.9556719064712524
0.05412767082452774
0.18710634112358093
0.7986264228820801
0.8001114130020142
0.8594200015068054
0.7345260381698608
0.24599842727184296
0.5708727836608887
0.2901192903518677
0.76705002784729
0.3397178649902344
0.4762202799320221
0.8382112383842468
0.24232690036296844
0.7250794172286987
0.4038880467414856
0.5085137486457825
0.50743168592453
0.050738800317049026
0.7942273020744324
0.16571809351444244
0.5401824712753296
0.21924445033073425
0.13974250853061676
0.383262574672699
0.5333744287490845
0.5411370396614075
0.5303301811218262
0.6377508640289307
0.9045822620391846
0.2890593707561493
0.3915241062641144
0.7098846435546875
0.05128952115774155
0.8338345885276794
0.6056084632873535
0.4054647386074066
0.8145734071731567
0.6403751969337463
0.02577698603272438
0.08750808984041214
0.01868058368563652
0.6579652428627014
0.8611460328102112
0.0032569346949458122
0.06001295521855354
0.1449727714061737
0.11095677316188812
0.16844581067562103
0.38218623399734497
0.8299242258071899
0.09063034504652023
0.8286844491958618
0.5126140117645264
0.5695567727088928
0.5665678381919861
0.5316648483276367
0.23271049559116364
0.18429134786128998
0.26286226511001587
0.6307899951934814
0.09964162111282349
0.2491297572851181
0.0059869675897061825
0.45578643679618835
0.8017770648002625
0.668036699295044
0.4993117153644562
0.06719597429037094
0.8384935855865479
0.7074921131134033
0.8670662641525269
0.9484258890151978
0.20936384797096252
0.2802160084247589
0.8678793907165527
0.22423815727233887
0.4624219834804535
0.5610200762748718
0.8749474287033081
0.34031203389167786
0.44591841101646423
0.7277777791023254
0.48297423124313354
0.8612040281295776
0.5449219942092896
0.6497842669487
0.45411545038223267
0.9755497574806213
0.13922084867954254
0.9750184416770935
0.5277850031852722
0.9610550999641418
0.3990769684314728
0.7035857439041138
0.008137860335409641
0.7424094080924988
0.6070051193237305
0.3477371633052826
0.6298977732658386
0.9857432842254639
0.7085345983505249
0.04014045372605324
0.5093451142311096
0.6211504340171814
0.5169297456741333
0.4247902035713196
0.20472624897956848
0.04420948028564453
0.16844972968101501
0.3694862425327301
0.22799035906791687
0.19304139912128448
0.48337066173553467
0.4332250952720642
0.5691728591918945
0.8814307451248169
0.3712122440338135
0.6706874966621399
0.9625154733657837
0.7309684753417969
0.5645121335983276
0.6210355758666992
0.7592881321907043
0.3948556184768677
0.2496398240327835
0.12136892974376678
0.2099168300628662
0.5285170078277588
0.09985248744487762
0.4609881639480591
0.893470287322998
0.34854212403297424
0.8633651733398438
0.7783302664756775
0.08985494822263718
0.873004674911499
0.20043298602104187
0.3364773094654083
0.638634979724884
0.6788902282714844
0.39120614528656006
0.8544672727584839
0.647156834602356
0.6124053001403809
0.3597518801689148
0.328387588262558
0.4225935935974121
0.4957484304904938
0.1406770795583725
0.8576580882072449
0.13716980814933777
0.7462455034255981
0.7391281723976135
0.5238934755325317
0.3969675600528717
0.3157532215118408
0.7615413069725037
0.08916207402944565
0.9381095170974731
0.5938515663146973
0.9728836417198181
0.24844177067279816
0.051451995968818665
0.10771355777978897
0.6727182865142822
0.4266057014465332
0.6795705556869507
0.26782286167144775
0.8402383923530579
0.18436090648174286
0.24045440554618835
0.17421378195285797
0.6392199993133545
0.33641907572746277
0.1253068447113037
0.22351285815238953
0.051580626517534256
0.050488609820604324
0.55852872133255
0.9692704677581787
0.13087651133537292
0.2070188969373703
0.2637060880661011
0.48806557059288025
0.8436769843101501
0.6831705570220947
0.7744579315185547
0.8706821203231812
0.18098664283752441
0.6832231879234314
0.5274940133094788
0.12529230117797852
0.445921927690506
0.41358712315559387
0.7222315669059753
0.43913140892982483
0.6616235375404358
0.603590190410614
0.6012919545173645
0.6594778299331665
0.45104825496673584
0.2802927792072296
0.6739196181297302
0.3132007122039795
0.746313214302063
0.38694193959236145
0.6305452585220337
0.3640936017036438
0.6554355025291443
0.6280724406242371
0.6415042281150818
0.3579811155796051
0.3459937274456024
0.6664049625396729
0.7106562852859497
0.6999119520187378
0.8998876810073853
0.20288680493831635
0.1829317808151245
0.32432812452316284
0.057848598808050156
0.5467127561569214
0.7325440049171448
0.07534563541412354
0.911506175994873
0.6967324614524841
0.6447324752807617
0.9661276340484619
0.578513503074646
0.9547331929206848
0.5622059106826782
0.23342734575271606
0.3434482514858246
0.836762547492981
0.6408205628395081
0.7948259711265564
0.415871798992157
0.9487812519073486
0.8981257677078247
0.181087926030159
0.2417321801185608
0.48450249433517456
0.5881062746047974
0.5880138874053955
0.5277398228645325
0.20745712518692017
0.13885793089866638
0.569148600101471
0.6833617091178894
0.8650292158126831
0.2764740586280823
0.6174123287200928
0.09155293554067612
0.9136167764663696
0.2052188515663147
0.27342259883880615
0.5516921281814575
0.7412537336349487
0.036772165447473526
0.04861942678689957
0.30302393436431885
0.9117668867111206
0.6077194809913635
0.21504636108875275
0.34378671646118164
0.36715370416641235
0.2803861200809479
0.2593643069267273
0.5384683012962341
0.2943195700645447
0.03977203741669655
0.8483365774154663
0.7769009470939636
0.24751372635364532
0.09793130308389664
0.26668596267700195
0.06952141970396042
0.8566858172416687
0.5699819922447205
0.6632034182548523
0.11214932799339294
0.1438949704170227
0.9425820112228394
0.7610071301460266
0.2528380751609802
0.5287426114082336
0.008666214533150196
0.07362782955169678
0.7833831310272217
0.9159817695617676
0.15743929147720337
0.5949621796607971
0.9734703898429871
0.9512417316436768
0.08058729022741318
0.7130757570266724
0.36587998270988464
0.06399949640035629
0.6625556349754333
0.535047173500061
0.20579226315021515
0.4431210458278656
0.5158649682998657
0.07034619152545929
0.8395227193832397
0.31954431533813477
0.8087501525878906
0.37639468908309937
0.5662738680839539
0.3586578071117401
0.9680299162864685
0.958757758140564
0.919297993183136
0.6604987382888794
0.7346266508102417
0.5921135544776917
0.5145748257637024
0.43672603368759155
0.10413329303264618
0.21451731026172638
0.17932696640491486
0.46637746691703796
0.34692513942718506
0.8746410012245178
0.3046906888484955
0.7971756458282471
0.030461013317108154
0.5176404714584351
0.8322902917861938
0.5252211093902588
0.2827549874782562
0.277620792388916
0.9443535804748535
0.8415994048118591
0.0924706906080246
0.5695567727088928
0.5778247714042664
0.3849761188030243
0.7608500123023987
0.36161407828330994
0.8611719608306885
0.06398571282625198
0.5902979969978333
0.8228296637535095
0.46214646100997925
0.7447130680084229
0.22283150255680084
0.9967325329780579
0.5055894255638123
0.7021970748901367
0.27535489201545715
0.9588920474052429
0.15873314440250397
0.9687402844429016
0.9026745557785034
0.3235311508178711
0.9556702971458435
0.1615651249885559
0.7085254192352295
0.7760958075523376
0.676281213760376
0.6813159584999084
0.6753632426261902
0.7065726518630981
0.8062468767166138
0.2257954478263855
0.29438117146492004
0.4212283194065094
0.08264689147472382
0.13607017695903778
0.6044825911521912
0.8146070241928101
0.4424380660057068
0.45094308257102966
0.0809430181980133
0.7152832746505737
0.4332326054573059
0.18237672746181488
0.3993331789970398
0.7288362383842468
0.3602421283721924
0.6728627681732178
0.42584657669067383
0.7875514626502991
0.11871025711297989
0.913239598274231
0.22604234516620636
0.7452371120452881
0.09649967402219772
0.20758166909217834
0.37596583366394043
0.3241024613380432
0.7197461724281311
0.4705447852611542
0.4361497461795807
0.5445733070373535
0.4864967167377472
0.260921835899353
0.4037728011608124
0.7587999701499939
0.5892481207847595
0.996738076210022
0.9456576108932495
0.8690484762191772
0.37789249420166016
0.415219783782959
0.2536236643791199
0.30581748485565186
0.5322651267051697
0.44777438044548035
0.8771916627883911
0.6113576292991638
0.2122262418270111
0.07708047330379486
0.1892065852880478
0.00615420937538147
0.4421614408493042
0.6907094717025757
0.24988681077957153
0.7747665643692017
0.2798505127429962
0.04921655356884003
0.6732035279273987
0.5799551010131836
0.021620823070406914
0.45938822627067566
0.7709799408912659
0.17421972751617432
0.7400891184806824
0.8045558929443359
0.22514377534389496
0.11381958425045013
0.5859842896461487
0.43656474351882935
0.4807036221027374
0.8507014513015747
0.5108888745307922
0.5782144665718079
0.8411498069763184
0.050717562437057495
0.914907693862915
0.7347682118415833
0.09846155345439911
0.015587961301207542
0.46141183376312256
0.8962518572807312
0.043922796845436096
0.939957857131958
0.5440781712532043
0.8164219856262207
0.3252282440662384
0.3439493477344513
0.5176711082458496
0.3922932744026184
0.5185470581054688
0.045564569532871246
0.6229460835456848
0.6818947792053223
0.48203209042549133
0.004928447771817446
0.6565335988998413
0.1795535385608673
0.5755922198295593
0.9851100444793701
0.9740162491798401
0.603388786315918
0.07440776377916336
0.8271089196205139
0.9194627404212952
0.7352030873298645
0.23330847918987274
0.35092127323150635
0.08876016736030579
0.8312484622001648
0.04345804452896118
0.33217552304267883
0.7313435673713684
0.8882407546043396
0.5876657366752625
0.43217718601226807
0.230311319231987
0.016854939982295036
0.4783947169780731
0.30005428194999695
0.8254680037498474
0.24662378430366516
0.5773739814758301
0.7256126999855042
0.6783091425895691
0.004084302578121424
0.3247547149658203
0.48755133152008057
0.5437979698181152
0.30877694487571716
0.4045318067073822
0.018511205911636353
0.7953872680664062
0.4088115394115448
0.7264224886894226
0.46987974643707275
0.9074180126190186
0.6668552756309509
0.8677252531051636
0.8599439859390259
0.5911281704902649
0.4801192581653595
0.5241860151290894
0.9510816931724548
0.783170759677887
0.3831765651702881
0.8415511846542358
0.4068470895290375
0.06057639792561531
0.12774798274040222
0.12827247381210327
0.06869637966156006
0.3722410798072815
0.02957283891737461
0.0023727179504930973
0.10524185001850128
0.10626969486474991
0.9175565838813782
0.8896727561950684
0.9101017117500305
0.7643564343452454
0.17331184446811676
0.5619724988937378
0.25003865361213684
0.1705847680568695
0.9483658671379089
0.3721751272678375
0.8198269605636597
0.5442731976509094
0.09436547756195068
0.7118943333625793
0.3362424373626709
0.081020787358284
0.33443838357925415
0.014559528790414333
0.904632031917572
0.6841774582862854
0.3394777178764343
0.15703004598617554
0.23386332392692566
0.5150653123855591
0.5135188698768616
0.8168593049049377
0.24156571924686432
0.2579975426197052
0.49857327342033386
0.9554876089096069
0.032794851809740067
0.574610710144043
0.051829539239406586
0.8239342570304871
0.1637572944164276
0.7468007206916809
0.5925570130348206
0.729454517364502
0.02180253528058529
0.006133865099400282
0.31284409761428833
0.052831023931503296
0.7096191644668579
0.3576805293560028
0.6170254349708557
0.7863101363182068
0.7133079171180725
0.4542519152164459
0.6341541409492493
0.9060192108154297
0.6112927198410034
0.1662328988313675
0.7542402148246765
0.38941338658332825
0.2869376242160797
0.18154074251651764
0.45844101905822754
0.4621276557445526
0.9884427189826965
0.20577967166900635
0.18223461508750916
0.6377009749412537
0.1963132917881012
0.8921498656272888
0.6750197410583496
0.9061188101768494
0.8148105144500732
0.9904264807701111
0.01089747715741396
0.8912347555160522
0.03959811106324196
0.9259757995605469
0.3547378480434418
0.0026973956264555454
0.8738155961036682
0.7931490540504456
0.7387816905975342
0.2902345061302185
0.15230895578861237
0.565485417842865
0.7270656824111938
0.22531758248806
0.6180582046508789
0.1987038552761078
0.7776556611061096
0.6042239665985107
0.2913767099380493
0.44615039229393005
0.25913554430007935
0.9573475122451782
0.9636206030845642
0.3767867684364319
0.48981964588165283
0.7445203065872192
0.500219464302063
0.9172478914260864
0.9019328355789185
0.8222782015800476
0.5245633125305176
0.4425656497478485
0.32762137055397034
0.24071483314037323
0.8191774487495422
0.12776117026805878
0.8719015717506409
0.6515480279922485
0.9171600937843323
0.7511270642280579
0.3472737967967987
0.5804242491722107
0.04039270430803299
0.91544109582901
0.7671464681625366
0.8179971575737
0.4139477014541626
0.27475377917289734
0.6255133152008057
0.03303830325603485
0.5573411583900452
0.6531484723091125
0.9404826760292053
0.876420259475708
0.9260766506195068
0.34888574481010437
0.9914335608482361
0.9811986684799194
0.5183486938476562
0.15657338500022888
0.3747574985027313
0.52187579870224
0.06723577529191971
0.4907130002975464
0.779718279838562
0.7074573040008545
0.2842157483100891
0.21270780265331268
0.6883789300918579
0.845352292060852
0.26345881819725037
0.19751368463039398
0.34955155849456787
0.5489495992660522
0.24037697911262512
0.38148415088653564
0.3182215988636017
0.6074840426445007
0.1924964189529419
0.5080961585044861
0.13064166903495789
0.11629750579595566
0.07271488010883331
0.06922576576471329
0.2432388812303543
0.1588653326034546
0.40389272570610046
0.41416752338409424
0.4622442126274109
0.8657345175743103
0.8079551458358765
0.3673206567764282
0.6261329650878906
0.7226258516311646
0.8595584034919739
0.9035494923591614
0.4864833354949951
0.45712849497795105
0.31811079382896423
0.2055015116930008
0.8817461133003235
0.35841116309165955
0.6774161458015442
0.0804690569639206
0.895031750202179
0.3312545120716095
0.3985859155654907
0.10606546700000763
0.12041771411895752
0.2765122354030609
0.850845456123352
0.7567623257637024
0.2631911337375641
0.518211841583252
0.5616514086723328
0.7124860286712646
0.52104252576828
0.7755393981933594
0.40548449754714966
0.5701130032539368
0.9670149683952332
0.19064514338970184
0.6731095910072327
0.4342209994792938
0.021794522181153297
0.8129639625549316
0.14481820166110992
0.36587268114089966
0.3566305339336395
0.5549524426460266
0.7511812448501587
0.3901304304599762
0.8502208590507507
0.3269846737384796
0.6107664704322815
0.35018688440322876
0.07414999604225159
0.5484607219696045
0.2031189650297165
0.6637682914733887
0.8103722333908081
0.4568183720111847
0.2883821725845337
0.7545403242111206
0.6684269905090332
0.2352931648492813
0.20994062721729279
0.3214277923107147
0.8640173077583313
0.6059420108795166
0.38267427682876587
0.46231499314308167
0.41042613983154297
0.23489835858345032
0.2239813208580017
0.6592024564743042
0.6810785531997681
0.47462955117225647
0.66576087474823
0.373514324426651
0.8155004382133484
0.6649603247642517
0.8339505195617676
0.7616603374481201
0.5039560198783875
0.34197187423706055
0.12042752653360367
0.6785582900047302
0.6206695437431335
0.21697327494621277
0.9777567982673645
0.9346361756324768
0.6330006718635559
0.18567995727062225
0.9896581172943115
0.9928455948829651
0.541438639163971
0.11862313002347946
0.9403377175331116
0.7883174419403076
0.6931349039077759
0.6665263175964355
0.2808077931404114
0.8665040731430054
0.11200490593910217
0.7117757797241211
0.24056430160999298
0.980782687664032
0.47188901901245117
0.345878541469574
0.6388319134712219
0.3299475908279419
0.7966428399085999
0.540808916091919
0.08070933073759079
0.7467398047447205
0.25372424721717834
0.5540298223495483
0.1566360890865326
0.8735852241516113
0.7427234053611755
0.5331857204437256
0.3858596980571747
0.20565618574619293
0.9441069960594177
0.5856256484985352
0.1494823694229126
0.21205081045627594
0.1569516658782959
0.6578879356384277
0.32423827052116394
0.7764899730682373
0.11385134607553482
0.7139604091644287
0.4976349472999573
0.16461962461471558
0.6252152323722839
0.5908178687095642
0.35788291692733765
0.7839920520782471
0.056693073362112045
0.3030119836330414
0.8807193636894226
0.2872133255004883
0.6123260259628296
0.34495702385902405
0.48332488536834717
0.5588347911834717
0.8293989300727844
0.3508181571960449
0.2689491808414459
0.8689339756965637
0.5697938203811646
0.033261511474847794
0.12850253283977509
0.00346953421831131
0.21769456565380096
0.1851339191198349
0.13088935613632202
0.4456287920475006
0.18370580673217773
0.5601082444190979
0.7502680420875549
0.7317913174629211
0.5102187991142273
0.25483378767967224
0.3692283630371094
0.8049513101577759
0.8120951056480408
0.16943059861660004
0.33005303144454956
0.8014532923698425
0.06968259811401367
0.037000030279159546
0.9163119196891785
0.650158703327179
0.272667795419693
0.33610081672668457
0.18689018487930298
0.977672278881073
0.39814430475234985
0.24461838603019714
0.6246974468231201
0.555355966091156
0.49114394187927246
0.7665970325469971
0.9333992004394531
0.08739294856786728
0.2571505606174469
0.9236799478530884
0.14440031349658966
0.7242240905761719
0.4306648373603821
0.07319460064172745
0.6047244668006897
0.4594605565071106
0.6404170393943787
0.2871437072753906
0.8530461192131042
0.42036518454551697
0.7812880873680115
0.3366658687591553
0.342041939496994
0.5077472925186157
0.32279810309410095
0.008661115542054176
0.3336264193058014
0.912973940372467
0.5487181544303894
0.6240758299827576
0.1275417059659958
0.3560059070587158
0.7025070786476135
0.9468133449554443
0.3574833571910858
0.04866205155849457
0.8869748711585999
0.8920497894287109
0.3811107873916626
0.22052422165870667
0.6332683563232422
0.7404172420501709
0.37846311926841736
0.5761120319366455
0.9613975286483765
0.733501672744751
0.7090207934379578
0.3707141876220703
0.0818633884191513
0.3487056791782379
0.2995043992996216
0.21800731122493744
0.7403407096862793
0.12130449712276459
0.6541390419006348
0.2533789575099945
0.7500792145729065
0.9347293376922607
0.12293341010808945
0.2624676525592804
0.17190851271152496
0.31304049491882324
0.19872479140758514
0.7833319902420044
0.4199399948120117
0.09172320365905762
0.962913990020752
0.9610012769699097
0.9557856917381287
0.6877884864807129
0.6039363145828247
0.32271048426628113
0.6165628433227539
0.8440415263175964
0.043004345148801804
0.9636462926864624
0.6436712145805359
0.6839872002601624
0.5061083436012268
0.07463224232196808
0.6953022480010986
0.6190310120582581
0.004064012784510851
0.178305983543396
0.3417932391166687
0.6674766540527344
0.8684507012367249
0.8408977389335632
0.8069129586219788
0.15424516797065735
0.37873977422714233
0.875920295715332
0.38829559087753296
0.5256876945495605
0.10019510984420776
0.14094336330890656
0.8816296458244324
0.9243782758712769
0.5724297165870667
0.17374685406684875
0.8832038044929504
0.6869406700134277
0.7424289584159851
0.42738184332847595
0.7766419053077698
0.5848721265792847
0.056432850658893585
0.7016403675079346
0.024293961003422737
0.8398733139038086
0.563319206237793
0.3808269202709198
0.05240887403488159
0.09654316306114197
0.44388604164123535
0.7269505262374878
0.19376347959041595
0.2531015872955322
0.9273688793182373
0.3478021025657654
0.06136743724346161
0.6115064024925232
0.7730815410614014
0.2743929326534271
0.9095233678817749
0.007770407013595104
0.50583416223526
0.8031585812568665
0.015606031753122807
0.33181285858154297
0.6670457720756531
0.6936720609664917
0.8519377708435059
0.8558871746063232
0.6924903988838196
0.6453412175178528
0.7719613313674927
0.6828789114952087
0.22503113746643066
0.7544979453086853
0.3138081133365631
0.03061947226524353
0.42760881781578064
0.5736674666404724
0.34801051020622253
0.5462009310722351
0.6224607229232788
0.9763365983963013
0.7012739181518555
0.3018828332424164
0.7885998487472534
0.03539644554257393
0.47754141688346863
0.9114480018615723
0.12663838267326355
0.5612814426422119
0.029413269832730293
0.39098358154296875
0.5977638959884644
0.028823794797062874
0.9987856149673462
0.15744750201702118
0.42201370000839233
0.15769396722316742
0.6729692816734314
0.21086999773979187
0.38767117261886597
0.28935953974723816
0.8451693058013916
0.23124292492866516
0.7862492203712463
0.3892349898815155
0.39792299270629883
0.22004498541355133
0.633712112903595
0.881896436214447
0.6333070993423462
0.9958549737930298
0.8884790539741516
0.30611634254455566
0.21361945569515228
0.1413285732269287
0.9777068495750427
0.8761351108551025
0.8054996728897095
0.6594746708869934
0.8227351307868958
0.4541706442832947
0.5420719385147095
0.2572999596595764
0.9914002418518066
0.984489381313324
0.8560073971748352
0.49503666162490845
0.5842756032943726
0.7490696907043457
0.8735807538032532
0.767894446849823
0.4614618420600891
0.6184133291244507
0.3763560354709625
0.6997965574264526
0.7177160978317261
0.6682491898536682
0.8131330609321594
0.1299268752336502
0.7731092572212219
0.27129095792770386
0.07733654230833054
0.02222522720694542
0.4864009618759155
0.4174443781375885
0.20276932418346405
0.35530418157577515
0.11022510379552841
0.6669924855232239
0.8732599020004272
0.7774258852005005
0.9919347763061523
0.34842658042907715
0.7980571985244751
0.6158809065818787
0.15657275915145874
0.0952332466840744
0.005981396418064833
0.6788990497589111
0.9415528178215027
0.9707697629928589
0.2980451285839081
0.6037494540214539
0.8168182969093323
0.9043830037117004
0.847933292388916
0.8827801942825317
0.24278567731380463
0.3424852788448334
0.8857684135437012
0.12297047674655914
0.8242587447166443
0.0821845605969429
0.3960089385509491
0.4758699834346771
0.15716390311717987
0.20405098795890808
0.6630245447158813
0.6634989380836487
0.3429669439792633
0.13500535488128662
0.4416433274745941
0.6439074277877808
0.6086503267288208
0.5722901225090027
0.835804283618927
0.897672712802887
0.6929848790168762
0.7330102920532227
0.7814768552780151
0.3979186415672302
0.2756701409816742
0.12568773329257965
0.2352760136127472
0.6005410552024841
0.06373912841081619
0.547677755355835
0.19722875952720642
0.5591375827789307
0.5162476897239685
0.8965697884559631
0.5305618047714233
0.1340993344783783
0.695570707321167
0.6505773067474365
0.8276944756507874
0.9949464201927185
0.8714969754219055
0.12662793695926666
0.7197569012641907
0.6563847661018372
0.13110129535198212
0.5725319981575012
0.4836234152317047
0.04362606629729271
0.4795650243759155
0.5508268475532532
0.7630974054336548
0.8242729902267456
0.844696581363678
0.878411591053009
0.8695176243782043
0.9650998711585999
0.5824176669120789
0.5713814496994019
0.20266686379909515
0.854112982749939
0.08847086876630783
0.391124427318573
0.33552613854408264
0.39664819836616516
0.5272594690322876
0.5248134732246399
0.362758606672287
0.855506420135498
0.15598033368587494
0.033669985830783844
0.7158189415931702
0.9682282209396362
0.48911401629447937
0.0664406269788742
0.04398195073008537
0.5641682147979736
0.9452278017997742
0.6166320443153381
0.2612701654434204
0.49373021721839905
0.5795480012893677
0.9573502540588379
0.8032259345054626
0.6490786671638489
0.08258064836263657
0.38334524631500244
0.3409050405025482
0.41785570979118347
0.9034780263900757
0.667336642742157
0.8550664186477661
0.4067549407482147
0.333818256855011
0.9702532291412354
0.26020753383636475
0.7929394245147705
0.35688257217407227
0.04962993785738945
0.008898281492292881
0.5519744753837585
0.23640933632850647
0.31033745408058167
0.8756778240203857
0.723468005657196
0.330762654542923
0.054621823132038116
0.7725557684898376
0.5974937677383423
0.2951304614543915
0.916400671005249
0.34372279047966003
0.5794788002967834
0.3137650489807129
0.5753308534622192
0.8022279739379883
0.6598082184791565
0.7854437828063965
0.04138350486755371
0.25160109996795654
0.43645450472831726
0.44843071699142456
0.8883663415908813
0.1707800328731537
0.5100885033607483
0.9890957474708557
0.35871151089668274
0.2533474564552307
0.6075418591499329
0.21571668982505798
0.242447167634964
0.39681294560432434
0.3126097619533539
0.3892160654067993
0.940697431564331
0.1808018833398819
0.3656267523765564
0.7013962268829346
0.22439736127853394
0.10519686341285706
0.6273041367530823
0.7472805976867676
0.1438601166009903
0.6499184370040894
0.9266125559806824
0.63120436668396
0.731609582901001
0.22600850462913513
0.4265865683555603
0.5911214351654053
0.47539466619491577
0.8538325428962708
0.6267800331115723
0.00610011350363493
0.6836799383163452
0.7078779935836792
0.05524566397070885
0.3516191840171814
0.3115137815475464
0.6270103454589844
0.27720341086387634
0.12967358529567719
0.12002312391996384
0.33881473541259766
0.4581429958343506
0.30518877506256104
0.9461336135864258
0.5112895965576172
0.5019212961196899
0.6391525268554688
0.20422254502773285
0.34501194953918457
0.6927722692489624
0.17544685304164886
0.8770299553871155
0.8945744633674622
0.9591063261032104
0.9118618965148926
0.4630676209926605
0.1447894275188446
0.22132796049118042
0.22819869220256805
0.8229986429214478
0.7477043271064758
0.8488143086433411
0.6300881505012512
0.9644953012466431
0.7914599776268005
0.43572738766670227
0.7526821494102478
0.2790100872516632
0.8496639132499695
0.5224321484565735
0.6951049566268921
0.5492263436317444
0.6866987943649292
0.7998132109642029
0.6807652711868286
0.12512032687664032
0.3159962594509125
0.6231294274330139
0.24359950423240662
0.7544981241226196
0.0602211058139801
0.6703551411628723
0.6844418048858643
0.6690305471420288
0.8229707479476929
0.8288807272911072
0.8127920031547546
0.6231997609138489
0.6521531939506531
0.6202417612075806
0.1303541511297226
0.17183509469032288
0.4169926345348358
0.3718184232711792
0.35430294275283813
0.196575328707695
0.8492984175682068
0.31912732124328613
0.7983406782150269
0.0971343070268631
0.7627584338188171
0.6008241176605225
0.18884876370429993
0.9604971408843994
0.23861508071422577
0.548774778842926
0.15764813125133514
0.3988710343837738
0.6382659077644348
0.8288561701774597
0.9165144562721252
0.23260733485221863
0.6185778379440308
0.752373218536377
0.0718165710568428
0.7510349750518799
0.2749477028846741
0.11127758771181107
0.7807114124298096
0.8260819315910339
0.5187626481056213
0.28207075595855713
0.3574548363685608
0.9720861911773682
0.9458621144294739
0.6593536734580994
0.926307201385498
0.7574992775917053
0.05515693128108978
0.562271773815155
0.9403401613235474
0.7341212630271912
0.5188411474227905
0.37859511375427246
0.7773860096931458
0.7322957515716553
0.6657370328903198
0.5729305148124695
0.1691768318414688
0.6187235713005066
0.7874540686607361
0.3010917007923126
0.8908255100250244
0.8472638130187988
0.185831680893898
0.6390624046325684
0.0815497413277626
0.4628317356109619
0.5009679198265076
0.43627825379371643
0.6074892282485962
0.05465022847056389
0.6109874844551086
0.7435305714607239
0.5374200344085693
0.14881770312786102
0.3138315677642822
0.13169646263122559
0.9569739103317261
0.01568623259663582
0.09835218638181686
0.5174521803855896
0.253001868724823
0.5827619433403015
0.17984865605831146
0.3655146360397339
0.8670464158058167
0.6970409750938416
0.2055646926164627
0.7301349639892578
0.8923628330230713
0.015012189745903015
0.4519587755203247
0.19956214725971222
0.060093026608228683
0.41431042551994324
0.6506847739219666
0.2439383715391159
0.675752580165863
0.4687238037586212
0.5549814701080322
0.5348727703094482
0.4389002323150635
0.01530061662197113
0.7668437957763672
0.9407408237457275
0.31502118706703186
0.5685457587242126
0.7148067951202393
0.24358470737934113
0.951768696308136
0.7304379940032959
0.3812527656555176
0.7016324400901794
0.574439525604248
0.14404821395874023
0.42781883478164673
0.4000358581542969
0.35832059383392334
0.031173987314105034
0.04705946892499924
0.9108201861381531
0.1566479504108429
0.9661173224449158
0.22449320554733276
0.4268394708633423
0.3109818696975708
0.31448206305503845
0.24269407987594604
0.9405518770217896
0.25195860862731934
0.5662263631820679
0.643150806427002
0.38053080439567566
0.04404633492231369
0.6913388967514038
0.7654475569725037
0.24393683671951294
0.6464608311653137
0.16260091960430145
0.7607713937759399
0.07492943853139877
0.39574286341667175
0.5957693457603455
0.9073203802108765
0.5949995517730713
0.14969034492969513
0.8476085066795349
0.052281297743320465
0.7195616364479065
0.1040576696395874
0.6364712119102478
0.5598163604736328
0.8588634133338928
0.9834294319152832
0.39322084188461304
0.3734321594238281
0.4213785231113434
0.6172716021537781
0.6757728457450867
0.5658599734306335
0.553030788898468
0.09626074880361557
0.5924397706985474
0.7570163607597351
0.26933059096336365
0.3844165503978729
0.3550337851047516
0.018925167620182037
0.45467498898506165
0.6674200892448425
0.9546306133270264
0.8506715297698975
0.7717017531394958
0.7206544280052185
0.9008133411407471
0.9956385493278503
0.9004470109939575
0.6439314484596252
0.5951016545295715
0.018370216712355614
0.3106693625450134
0.43501031398773193
0.9069432616233826
0.12296003103256226
0.18796750903129578
0.40935930609703064
0.2075212597846985
0.12973660230636597
0.015933511778712273
0.6002408862113953
0.7604644894599915
0.33454430103302
0.6499283313751221
0.42075610160827637
0.6170049905776978
0.38709962368011475
0.1979200690984726
0.8940932750701904
0.16733503341674805
0.4387531876564026
0.46665018796920776
0.2921222746372223
0.4099803864955902
0.8103705048561096
0.2873658239841461
0.7507084012031555
0.4112219512462616
0.24090023338794708
0.9990160465240479
0.8377163410186768
0.2790365517139435
0.22473753988742828
0.3685464560985565
0.35746675729751587
0.08578839898109436
0.6612369418144226
0.39311566948890686
0.1250944584608078
0.8799589276313782
0.15843230485916138
0.06535264104604721
0.9741872549057007
0.11497493088245392
0.2392832487821579
0.3110082447528839
0.6106718182563782
0.18625640869140625
0.7568098902702332
0.6556415557861328
0.15738296508789062
0.4026026427745819
0.36252352595329285
0.32972899079322815
0.08469998091459274
0.9400488138198853
0.47421661019325256
0.3121929466724396
0.28039678931236267
0.7161275744438171
0.1336224228143692
0.5360411405563354
0.3360587954521179
0.5530107617378235
0.057258401066064835
0.5101321339607239
0.8642851710319519
0.4659588634967804
0.6498039960861206
0.8326353430747986
0.10321714729070663
0.6815287470817566
0.9845524430274963
0.21301253139972687
0.7344366312026978
0.774173378944397
0.778773844242096
0.25692451000213623
0.9212626218795776
0.04138689860701561
0.44491153955459595
0.20566901564598083
0.982487142086029
0.4892590045928955
0.7568126320838928
0.06634955108165741
0.7423543930053711
0.5670076012611389
0.23400546610355377
0.22261103987693787
0.9185391664505005
0.3379545211791992
0.20498602092266083
0.2046908736228943
0.686497688293457
0.9094671010971069
0.6641205549240112
0.60088711977005
0.49157023429870605
0.7163828611373901
0.7278546690940857
0.28450867533683777
0.823381245136261
0.7097586393356323
0.375981867313385
0.7205340266227722
0.15454408526420593
0.13991403579711914
0.7033503651618958
0.26973986625671387
0.8380091786384583
0.20780330896377563
0.14746905863285065
0.8883602619171143
0.05577783286571503
0.6634541153907776
0.6974200010299683
0.33201444149017334
0.2654816508293152
0.910975992679596
0.9343010187149048
0.027286989614367485
0.47582629323005676
0.7675532698631287
0.7824153900146484
0.25614088773727417
0.23278839886188507
0.7616865038871765
0.8345503211021423
0.8134246468544006
0.1250525563955307
0.6466572880744934
0.9880899786949158
0.8437191247940063
0.4499787986278534
0.4827774167060852
0.17971602082252502
0.30335256457328796
0.07689422369003296
0.6369680762290955
0.9868890047073364
0.20271801948547363
0.3559419810771942
0.8686959743499756
0.3315536081790924
0.18307743966579437
0.2825736105442047
0.20532025396823883
0.4433434307575226
0.021015815436840057
0.35285893082618713
0.8799848556518555
0.5050986409187317
0.8067628145217896
0.376000314950943
0.17018313705921173
0.47427794337272644
0.48844125866889954
0.02007775940001011
0.5414844155311584
0.5686777234077454
0.3934987485408783
0.9665113091468811
0.2442382276058197
0.8627544641494751
0.32842764258384705
0.053303495049476624
0.36271077394485474
0.9509512186050415
0.30275818705558777
0.6671714186668396
0.9005860686302185
0.35321006178855896
0.9358689785003662
0.895277202129364
0.021952075883746147
0.7522788643836975
0.016919398680329323
0.5668166279792786
0.010411620140075684
0.06205516308546066
0.3340204656124115
0.23358872532844543
0.19224078953266144
0.9487395882606506
0.5275603532791138
0.4024655520915985
0.3736268877983093
0.24649734795093536
0.5079731941223145
0.34521880745887756
0.19877788424491882
0.543476402759552
0.7830305099487305
0.9519784450531006
0.06687197089195251
0.7425650358200073
0.09429504722356796
0.866432785987854
0.5629152655601501
0.15811236202716827
0.8046639561653137
0.8048451542854309
0.3874603807926178
0.8760291934013367
0.2121715098619461
0.3039853572845459
0.5055203437805176
0.8018826842308044
0.6530364751815796
0.571523904800415
0.6454299092292786
0.6361187696456909
0.5990022420883179
0.060636814683675766
0.16998334228992462
0.26228129863739014
0.26388245820999146
0.7411015033721924
0.5457162857055664
0.9607963562011719
0.9074996113777161
0.6670085787773132
0.3737311363220215
0.22022804617881775
0.28803420066833496
0.7340261936187744
0.4298468232154846
0.4390069246292114
0.19795414805412292
0.8905375003814697
0.25636982917785645
0.5336248278617859
0.263630211353302
0.6540488600730896
0.5224210619926453
0.5571861267089844
0.7463488578796387
0.058257922530174255
0.42836204171180725
0.4325452148914337
0.040975138545036316
0.10919225215911865
0.025736823678016663
0.9817528128623962
0.6262916326522827
0.26683861017227173
0.3387409448623657
0.35605213046073914
0.7497562766075134
0.5769196152687073
0.29017534852027893
0.9031885266304016
0.7659647464752197
0.5636194348335266
0.27542686462402344
0.10814446955919266
0.08277859538793564
0.7046887278556824
0.6854052543640137
0.4319583475589752
0.39001935720443726
0.6368134617805481
0.47916361689567566
0.26627519726753235
0.7122476100921631
0.2812787592411041
0.4652021825313568
0.5610234141349792
0.7643646001815796
0.13853800296783447
0.2775972783565521
0.7523824572563171
0.20037780702114105
0.7873410582542419
0.34945741295814514
0.2850901186466217
0.9490096569061279
0.22572001814842224
0.12037758529186249
0.030967088416218758
0.20442749559879303
0.9193924069404602
0.9939777255058289
0.0642879381775856
0.6228322386741638
0.30225670337677
0.8241649866104126
0.2928716242313385
0.1461934745311737
0.8199560642242432
0.4365001916885376
0.29889053106307983
0.9444386959075928
0.39776530861854553
0.27753761410713196
0.09869679063558578
0.43421873450279236
0.322213351726532
0.1317232996225357
0.35719314217567444
0.24974502623081207
0.2949165403842926
0.2100955694913864
0.042008284479379654
0.2774026393890381
0.24588091671466827
0.15222783386707306
0.9773198366165161
0.16335953772068024
0.913192629814148
0.026882095262408257
0.7767670750617981
0.743481457233429
0.23074987530708313
0.42321667075157166
0.8660508394241333
0.07609159499406815
0.8690778613090515
0.460330605506897
0.08840242773294449
0.030752284452319145
0.23765330016613007
0.20476976037025452
0.2563256025314331
0.9062523245811462
0.5471360683441162
0.0053575532510876656
0.7732190489768982
0.6778343319892883
0.9468103647232056
0.5956299304962158
0.2470736801624298
0.1566929817199707
0.5585969686508179
0.7484447956085205
0.9338892102241516
0.02230370230972767
0.9037778377532959
0.2242473065853119
0.3723016083240509
0.11836414039134979
0.8054208159446716
0.9022083282470703
0.8303081393241882
0.6323105096817017
0.36414873600006104
0.956826388835907
0.37420475482940674
0.5496193170547485
0.8455300331115723
0.5262206196784973
0.5887961387634277
0.8394801616668701
0.7582986354827881
0.1519511640071869
0.40253251791000366
0.6015235781669617
0.30270442366600037
0.8448803424835205
0.32143670320510864
0.014827625826001167
0.6386871337890625
0.4045151174068451
0.2686382830142975
0.6628099679946899
0.01731189526617527
0.06810712814331055
0.09240015596151352
0.9285240769386292
0.0058291140012443066
0.2495877891778946
0.08436986058950424
0.857223629951477
0.41673675179481506
0.17569155991077423
0.5855358242988586
0.8682705760002136
0.46652719378471375
0.4912637770175934
0.8834763765335083
0.5210926532745361
0.9827095866203308
0.6301084756851196
0.03904077783226967
0.9266342520713806
0.15058718621730804
0.1953008621931076
0.5642316341400146
0.024751171469688416
0.8176862001419067
0.12337661534547806
0.6713399291038513
0.8473541736602783
0.8704344630241394
0.48984599113464355
0.06146930158138275
0.7571644186973572
0.2703581154346466
0.7989376783370972
0.4943394660949707
0.18106788396835327
0.5918223857879639
0.14169186353683472
0.7856454849243164
0.8446350693702698
0.8619464635848999
0.27431634068489075
0.7485131621360779
0.6947824358940125
0.004014365375041962
0.5439596176147461
0.5700670480728149
0.9041412472724915
0.6955786943435669
0.27414536476135254
0.5480571389198303
0.16716468334197998
0.32779955863952637
0.6327689290046692
0.20628345012664795
0.3564682602882385
0.23269401490688324
0.49116984009742737
0.09312697499990463
0.6393758654594421
0.517424464225769
0.6704971790313721
0.9506447315216064
0.07816436141729355
0.028696781024336815
0.36311542987823486
0.191603422164917
0.014881819486618042
0.7126010656356812
0.2021884024143219
0.8061452507972717
0.47264936566352844
0.5253172516822815
0.1513238400220871
0.030960483476519585
0.6234353184700012
0.1886225938796997
0.44357845187187195
0.94230055809021
0.8513860106468201
0.7081019282341003
0.11962541937828064
0.35326385498046875
0.7238984704017639
0.07043683528900146
0.8987699151039124
0.9853277206420898
0.9404826164245605
0.507903516292572
0.9979035258293152
0.021955406293272972
0.4062299430370331
0.678188145160675
0.7994953393936157
0.47319552302360535
0.5663764476776123
0.5893979668617249
0.13519291579723358
0.6407603025436401
0.533229410648346
0.7031935453414917
0.10704519599676132
0.851495623588562
0.9633316397666931
0.6632579565048218
0.1287878304719925
0.05822411924600601
0.7456427812576294
0.08941157907247543
0.9812338352203369
0.5859488248825073
0.7508130073547363
0.7805636525154114
0.3052503168582916
0.810101330280304
0.185310497879982
0.013283098116517067
0.4143722951412201
0.24197594821453094
0.49083176255226135
0.7517544031143188
0.5479130744934082
0.3016943633556366
0.7839669585227966
0.2888965904712677
0.17393170297145844
0.8712297081947327
0.8101094365119934
0.4697648286819458
0.16330409049987793
0.9693019986152649
0.688975989818573
0.45278942584991455
0.22866685688495636
0.22948424518108368
0.6330330967903137
0.5077767372131348
0.1357024908065796
0.5521726608276367
0.7315622568130493
0.38166365027427673
0.49989253282546997
0.2595641613006592
0.27125170826911926
0.10781637579202652
0.6939968466758728
0.8807367086410522
0.15117135643959045
0.4576009213924408
0.07595884799957275
0.4269259572029114
0.7224722504615784
0.8853200674057007
0.6457288861274719
0.5975461006164551
0.1543089598417282
0.367732971906662
0.31945762038230896
0.3418721854686737
0.5808554291725159
0.6210470199584961
0.32725003361701965
0.8847657442092896
0.3449484705924988
0.2587426006793976
0.746729850769043
0.8888248205184937
0.09049861878156662
0.9157170653343201
0.6067740321159363
0.823482096195221
0.9057804942131042
0.03816920146346092
0.5875368714332581
0.7401186227798462
0.7878440618515015
0.6570425629615784
0.5185890793800354
0.05219537019729614
0.16334190964698792
0.9027382135391235
0.40574464201927185
0.19854877889156342
0.209705650806427
0.714150607585907
0.15700428187847137
0.92659592628479
0.35280847549438477
0.41567593812942505
0.8077951073646545
0.29333633184432983
0.27566251158714294
0.4967118799686432
0.3824871778488159
0.4055131673812866
0.6167052388191223
0.06358727067708969
0.9873006939888
0.01590699516236782
0.06062363460659981
0.5859248042106628
0.4995273947715759
0.44431072473526
0.5054429769515991
0.4247060716152191
0.6884893178939819
0.4046379327774048
0.7596654891967773
0.5473209619522095
0.3881014287471771
0.3887297213077545
0.8148592114448547
0.6944617629051208
0.5866016745567322
0.7340958714485168
0.4012073576450348
0.2178882658481598
0.8152095079421997
0.4255433678627014
0.8589336276054382
0.7986774444580078
0.7337313890457153
0.8735911250114441
0.32948237657546997
0.4116904139518738
0.23805585503578186
0.9209907650947571
0.61465984582901
0.7272384166717529
0.45944949984550476
0.46689653396606445
0.7027262449264526
0.32070809602737427
0.9718594551086426
0.9492684006690979
0.9820877313613892
0.4347248673439026
0.9334082007408142
0.44587019085884094
0.1936965435743332
0.9966137409210205
0.7082944512367249
0.3200613558292389
0.13420435786247253
0.8513202667236328
0.42840245366096497
0.8057559728622437
0.7018111348152161
0.07466413080692291
0.17526444792747498
0.5888441801071167
0.35618022084236145
0.648798942565918
0.1305081844329834
0.5589861273765564
0.9330764412879944
0.9184409379959106
0.08646181970834732
0.9229408502578735
0.7902882099151611
0.31937333941459656
0.8718069195747375
0.7517585158348083
0.9226568937301636
0.9159233570098877
0.9191916584968567
0.7705516815185547
0.04434773325920105
0.7918368577957153
0.8046321272850037
0.6590436697006226
0.02589702419936657
0.9910963177680969
0.6731669306755066
0.4988488554954529
0.9915837645530701
0.012102972716093063
0.8863911032676697
0.8111295104026794
0.6737982630729675
0.4309465289115906
0.4178217053413391
0.943602442741394
0.05477769300341606
0.7537216544151306
0.002570906886830926
0.9698019623756409
0.4550178050994873
0.6133203506469727
0.761756181716919
0.19720208644866943
0.016529181972146034
0.7212141156196594
0.06593050807714462
0.2131960391998291
0.2671263813972473
0.4285337030887604
0.4006918966770172
0.4211684465408325
0.7008578777313232
0.7718886733055115
0.41829654574394226
0.2054452896118164
0.4890236258506775
0.12522104382514954
0.8530647158622742
0.95549476146698
0.46512895822525024
0.7710192799568176
0.8779299855232239
0.18436181545257568
0.9471074938774109
0.06579013168811798
0.38204672932624817
0.9425183534622192
0.3805348873138428
0.8108381032943726
0.8971468210220337
0.9385396242141724
0.567442774772644
0.4837284982204437
0.6223572492599487
0.8946011662483215
0.9702892899513245
0.16087046265602112
0.9816776514053345
0.28226831555366516
0.3382739722728729
0.8518144488334656
0.6525056958198547
0.14814545214176178
0.8771609663963318
0.8238323926925659
0.15308058261871338
0.28745293617248535
0.24080437421798706
0.24028514325618744
0.17553995549678802
0.5714704394340515
0.6324019432067871
0.35344117879867554
0.5486712455749512
0.027416609227657318
0.6211230754852295
0.5777655839920044
0.5123346447944641
0.5305784940719604
0.8747351169586182
0.6550357937812805
0.09921501576900482
0.720976710319519
0.410503625869751
0.38787227869033813
0.8546788096427917
0.6452106833457947
0.28095898032188416
0.8134855031967163
0.14371611177921295
0.6368165016174316
0.0018042438896372914
0.1262510120868683
0.8015449643135071
0.19553129374980927
0.675073504447937
0.13801471889019012
0.6761744618415833
0.001353143947198987
0.6526243686676025
0.46676525473594666
0.6711293458938599
0.1196427270770073
0.2650110125541687
0.08589787781238556
0.40284213423728943
0.8426376581192017
0.4170815050601959
0.6245565414428711
0.2820794880390167
0.912027895450592
0.0798163190484047
0.28439679741859436
0.6787614226341248
0.09854111820459366
0.26128673553466797
0.8631343245506287
0.13647539913654327
0.5064261555671692
0.008476304821670055
0.4506821632385254
0.9960601925849915
0.8937669396400452
0.19140799343585968
0.6745270490646362
0.48161253333091736
0.8340497612953186
0.2563922107219696
0.9948957562446594
0.23105891048908234
0.436683714389801
0.1765773743391037
0.9315024018287659
0.30624282360076904
0.7295072078704834
0.8117327094078064
0.42646482586860657
0.9394842982292175
0.7074622511863708
0.9570142030715942
0.823010265827179
0.38788798451423645
0.508158266544342
0.4905102550983429
0.6099478602409363
0.9001848697662354
0.586794912815094
0.2544884979724884
0.4129772186279297
0.3028443157672882
0.494741290807724
0.6574277281761169
0.4991396963596344
0.3658946454524994
0.05375400930643082
0.024702252820134163
0.05601035803556442
0.7434532046318054
0.7051800489425659
0.36801421642303467
0.7894005179405212
0.8497439026832581
0.11857490986585617
0.43219301104545593
0.6272550225257874
0.753919780254364
0.7475301623344421
0.3749006688594818
0.08800077438354492
0.44084975123405457
0.7624858021736145
0.9489439129829407
0.30820778012275696
0.05458964407444
0.9749675393104553
0.272193044424057
0.0299850981682539
0.5780729055404663
0.5269914865493774
0.9693431258201599
0.46618762612342834
0.5785081386566162
0.6808804869651794
0.5371994376182556
0.5214932560920715
0.7321562767028809
0.37404102087020874
0.43571579456329346
0.9230480790138245
0.8947840332984924
0.3998379111289978
0.6887558102607727
0.7670927047729492
0.6993457078933716
0.7312663197517395
0.5926603078842163
0.9815690517425537
0.09283668547868729
0.2530389428138733
0.7594371438026428
0.910101056098938
0.312680721282959
0.9094472527503967
0.10462778806686401
0.005997146479785442
0.06301514059305191
0.5218393206596375
0.8107313513755798
0.16641098260879517
0.9478799700737
0.3459629714488983
0.8519741892814636
0.7563582062721252
0.17252837121486664
0.11776062846183777
0.9155749678611755
0.7022037506103516
0.7767711281776428
0.024940911680459976
0.07537700980901718
0.7093448042869568
0.24985158443450928
0.6114604473114014
0.9578660726547241
0.5790797472000122
0.0005675777210853994
0.11610269546508789
0.7095910906791687
0.013973872177302837
0.711432695388794
0.37224581837654114
0.44511356949806213
0.07170534878969193
0.771565318107605
0.29905927181243896
0.11447679996490479
0.009259220212697983
0.020892370492219925
0.03604945167899132
0.625644862651825
0.4118364453315735
0.3511210083961487
0.2909966707229614
0.33581307530403137
0.1439577341079712
0.08798689395189285
0.015403369441628456
0.7958918213844299
0.9360555410385132
0.2935502231121063
0.044089991599321365
0.565993070602417
0.9047746062278748
0.12162873148918152
0.11381859332323074
0.17729131877422333
0.4949057400226593
0.8909891247749329
0.5870957374572754
0.6973292827606201
0.30475735664367676
0.22852301597595215
0.3752373158931732
0.3394959270954132
0.7510935068130493
0.6888754963874817
0.2392169088125229
0.3818856179714203
0.30212244391441345
0.16630180180072784
0.6877197027206421
0.17933428287506104
0.0036141464952379465
0.46589404344558716
0.6170567274093628
0.4185515344142914
0.6074796319007874
0.6519084572792053
0.8195632100105286
0.5655269026756287
0.30417460203170776
0.37752583622932434
0.33603283762931824
0.4894094467163086
0.7968366146087646
0.7747801542282104
0.22560420632362366
0.5361713171005249
0.07050728797912598
0.13636872172355652
0.15089860558509827
0.29317447543144226
0.7035926580429077
0.8410215973854065
0.9133141040802002
0.41355419158935547
0.510942280292511
0.7416136860847473
0.15815110504627228
0.8379819989204407
0.8984997868537903
0.9619448781013489
0.9054355621337891
0.9944555759429932
0.9912964105606079
0.8888813257217407
0.10373779386281967
0.18311475217342377
0.9870119094848633
0.08251288533210754
0.11466879397630692
0.7243135571479797
0.26390326023101807
0.82583087682724
0.39751145243644714
0.9754588007926941
0.8693218231201172
0.4675733745098114
0.04074262082576752
0.9094655513763428
0.5704902410507202
0.3522946834564209
0.6945245862007141
0.6683865785598755
0.21846504509449005
0.9957031011581421
0.16507261991500854
0.16719573736190796
0.12186943739652634
0.1174040213227272
0.3548549711704254
0.8615445494651794
0.9736402034759521
0.27256518602371216
0.8389779329299927
0.4857098460197449
0.8527295589447021
0.6512854695320129
0.8490418791770935
0.673377513885498
0.501122236251831
0.9917017221450806
0.9642126560211182
0.7667778730392456
0.5793508291244507
0.679633378982544
0.7502387762069702
0.9052049517631531
0.93348228931427
0.9420637488365173
0.015189092606306076
0.8017732501029968
0.5623894333839417
0.5563507676124573
0.0817563608288765
0.128840371966362
0.6275768280029297
0.3037528395652771
0.6980805397033691
0.9813123941421509
0.4651382863521576
0.47760462760925293
0.76268470287323
0.40060633420944214
0.9695190787315369
0.2594681978225708
0.7010315656661987
0.7016119956970215
0.8180437088012695
0.00024043126904871315
0.5632791519165039
0.1881885528564453
0.5124639272689819
0.28633368015289307
0.6700645685195923
0.5591405034065247
0.6317576169967651
0.34179452061653137
0.41210833191871643
0.6170381903648376
0.13824032247066498
0.058902639895677567
0.7745282053947449
0.4187615215778351
0.5791705846786499
0.35266125202178955
0.3954662084579468
0.4886859357357025
0.8932662010192871
0.5474570989608765
0.7009588479995728
0.8401134610176086
0.9445843696594238
0.8969353437423706
0.5804649591445923
0.8523487448692322
0.1983722448348999
0.33131706714630127
0.8274014592170715
0.31514403223991394
0.06278028339147568
0.01949286460876465
0.4109896421432495
0.30623888969421387
0.11262548714876175
0.2812928557395935
0.7568852305412292
0.6618726849555969
0.6672559380531311
0.5050230622291565
0.08708561211824417
0.9307525753974915
0.5395799875259399
0.8109976053237915
0.4187319278717041
0.6024985909461975
0.9350955486297607
0.7460524439811707
0.49410489201545715
0.3312877416610718
0.9156033396720886
0.8897063136100769
0.722353458404541
0.30971747636795044
0.6318881511688232
0.3984071612358093
0.029349230229854584
0.7072550058364868
0.014059506356716156
0.7073922157287598
0.026785191148519516
0.4216725826263428
0.18215200304985046
0.9074172377586365
0.710078239440918
0.018678855150938034
0.1033126637339592
0.9615411758422852
0.9706123471260071
0.44573676586151123
0.21513736248016357
0.6527154445648193
0.18280017375946045
0.7399293184280396
0.2825770974159241
0.21289215981960297
0.8611506819725037
0.17172005772590637
0.3968067169189453
0.30220937728881836
0.14445611834526062
0.4971177279949188
0.2926034927368164
0.554996132850647
0.48083800077438354
0.4066805839538574
0.7079880237579346
0.024104256182909012
0.8407083749771118
0.8059638738632202
0.028353484347462654
0.32033571600914
0.8908653259277344
0.45468318462371826
0.8289198875427246
0.17370253801345825
0.8472885489463806
0.8820093274116516
0.4573596119880676
0.7480851411819458
0.30364251136779785
0.9557225704193115
0.08501166850328445
0.4463695287704468
0.0432630255818367
0.4102845788002014
0.9309684038162231
0.19149664044380188
0.1980116218328476
0.8485907316207886
0.7854977250099182
0.16554734110832214
0.5987629294395447
0.1360742747783661
0.6691690683364868
0.9544724225997925
0.6514478325843811
0.6171650290489197
0.262367308139801
0.6678383350372314
0.5034534931182861
0.6696191430091858
0.36854609847068787
0.13087604939937592
0.45823439955711365
0.1990150362253189
0.23002441227436066
0.043726276606321335
0.44284793734550476
0.21351636946201324
0.7140092849731445
0.37815314531326294
0.3759803771972656
0.2352295219898224
0.45858436822891235
0.7637631297111511
0.38574278354644775
0.47841334342956543
0.09737642854452133
0.7682999968528748
0.9103154540061951
0.7975163459777832
0.5345644950866699
0.5858967304229736
0.750342845916748
0.32550138235092163
0.7311962842941284
0.41365909576416016
0.20584289729595184
0.9085442423820496
0.275686651468277
0.22276990115642548
0.2582337558269501
0.15242734551429749
0.7019343972206116
0.33329132199287415
0.16267873346805573
0.3267184793949127
0.009363682940602303
0.536212682723999
0.5703787207603455
0.8497657179832458
0.574750542640686
0.21486470103263855
0.33953213691711426
0.45147839188575745
0.5747606754302979
0.32107284665107727
0.013733278959989548
0.9570054411888123
0.08361312001943588
0.22511602938175201
0.4297176003456116
0.9042046070098877
0.5498906970024109
0.3879566490650177
0.7645847797393799
0.05586552619934082
0.671899676322937
0.2509441077709198
0.6165119409561157
0.5146694183349609
0.6398262977600098
0.14229437708854675
0.5228320956230164
0.25542008876800537
0.5119441151618958
0.821302056312561
0.321061372756958
0.45688173174858093
0.4306286573410034
0.15170533955097198
0.5444205403327942
0.47870656847953796
0.6685141921043396
0.9945933818817139
0.7616336941719055
0.4650133550167084
0.6608837842941284
0.33047324419021606
0.4685438573360443
0.2498476356267929
0.542970597743988
0.012650435790419579
0.2846706509590149
0.6803830862045288
0.8942674994468689
0.8366255164146423
0.7324137091636658
0.5854514837265015
0.11179623007774353
0.07103469222784042
0.23227043449878693
0.9884741902351379
0.6024261713027954
0.07139050960540771
0.2767488658428192
0.3167385756969452
0.3548213541507721
0.041048381477594376
0.6876077651977539
0.6163172125816345
0.47378599643707275
0.1301160454750061
0.9536566138267517
0.33415651321411133
0.30224648118019104
0.46544674038887024
0.7979963421821594
0.09873875975608826
0.08409134298563004
0.6666318774223328
0.6005128026008606
0.8946105241775513
0.35320302844047546
0.8157250285148621
0.6849859356880188
0.5734358429908752
0.020648404955863953
0.32610002160072327
0.017928918823599815
0.5136745572090149
0.29625847935676575
0.34287911653518677
0.6242395639419556
0.8301573991775513
0.8852549195289612
0.29982322454452515
0.34023451805114746
0.9864195585250854
0.17801658809185028
0.314274400472641
0.822756290435791
0.35953664779663086
0.15124984085559845
0.23097850382328033
0.8479951024055481
0.9542346000671387
0.6874574422836304
0.2014021873474121
0.9845221638679504
0.993658185005188
0.8298969864845276
0.16928987205028534
0.6796704530715942
0.01061343215405941
0.1738068163394928
0.862475574016571
0.21408218145370483
0.30802372097969055
0.7019528150558472
0.4924931228160858
0.17643781006336212
0.2820287346839905
0.036686308681964874
0.615570068359375
0.9404988288879395
0.3915610611438751
0.21901267766952515
0.05334573611617088
0.7882946133613586
0.2814280688762665
0.350775808095932
0.046653568744659424
0.10660885274410248
0.2617143988609314
0.6348919868469238
0.3595639169216156
0.9547714591026306
0.8878906965255737
0.610933780670166
0.41955867409706116
0.45037564635276794
0.5677570104598999
0.3283131420612335
0.9233607649803162
0.7670338153839111
0.9547905325889587
0.12535935640335083
0.7134221196174622
0.5209391117095947
0.14142902195453644
0.5148822069168091
0.9775009155273438
0.40890228748321533
0.8881824612617493
0.3776949942111969
0.29869136214256287
0.1444368064403534
0.48988309502601624
0.6100526452064514
0.1962713897228241
0.9588427543640137
0.22746607661247253
0.5858773589134216
0.8658791184425354
0.32611820101737976
0.6862788200378418
0.5854122042655945
0.7883226871490479
0.8963219523429871
0.3972656726837158
0.5378491878509521
0.5882202386856079
0.6901553273200989
0.4127914607524872
0.9118712544441223
0.06159448251128197
0.9648177027702332
0.3382207751274109
0.5306771993637085
0.4232308566570282
0.5596070885658264
0.45695486664772034
0.5400328040122986
0.16331008076667786
0.14367066323757172
0.8618878722190857
0.7455824017524719
0.8741745948791504
0.8012372851371765
0.25730669498443604
0.5325018763542175
0.91383296251297
0.7868809700012207
0.48066091537475586
0.019790058955550194
0.5185136795043945
0.9444950222969055
0.5454603433609009
0.8114296793937683
0.3117492198944092
0.14662766456604004
0.5181064009666443
0.575535774230957
0.5711238384246826
0.15965023636817932
0.2975451946258545
0.24401980638504028
0.19472844898700714
0.270510733127594
0.8097575306892395
0.9510201811790466
0.36014100909233093
0.5636076927185059
0.8707311153411865
0.45279186964035034
0.5149752497673035
0.26643598079681396
0.8808161616325378
0.3188694417476654
0.6029285192489624
0.3527221083641052
0.4176390767097473
0.5029711723327637
0.38149940967559814
0.20301643013954163
0.18136590719223022
0.7142722010612488
0.9710081815719604
0.6061099767684937
0.5205510854721069
0.9077422618865967
0.10681093484163284
0.931021511554718
0.7498869895935059
0.4386107623577118
0.6080167293548584
0.8965070247650146
0.09319034963846207
0.28241202235221863
0.27335914969444275
0.761522114276886
0.7717450857162476
0.9399211406707764
0.35565510392189026
0.7909651398658752
0.4667981266975403
0.7034685015678406
0.5282629728317261
0.7398112416267395
0.9274617433547974
0.8034749627113342
0.5819429159164429
0.3522246778011322
0.47875502705574036
0.3351595997810364
0.49350887537002563
0.13204097747802734
0.9354338049888611
0.762304425239563
0.04379071667790413
0.06782063096761703
0.9992232322692871
0.15547873079776764
0.6136361360549927
0.9004776477813721
0.9044365882873535
0.5736652612686157
0.7655193209648132
0.1353599727153778
0.17910884320735931
0.07659446448087692
0.28188470005989075
0.6614181399345398
0.48637717962265015
0.7900263667106628
0.5749887228012085
0.16079121828079224
0.8630442023277283
0.7715635299682617
0.7195389866828918
0.4608408212661743
0.962616503238678
0.5103303790092468
0.061585683375597
0.9212994575500488
0.9672911763191223
0.11442110687494278
0.9031032919883728
0.7385367751121521
0.02016848511993885
0.4247537851333618
0.7244128584861755
0.5689151287078857
0.8748850226402283
0.41534632444381714
0.8530080318450928
0.7301682829856873
0.6543691158294678
0.2080710083246231
0.5452712774276733
0.3750956058502197
0.5505927801132202
0.40898630023002625
0.8384160995483398
0.0820470005273819
0.003586370265111327
0.7513962984085083
0.5806615948677063
0.863674521446228
0.71000075340271
0.5672462582588196
0.11421918869018555
0.46911701560020447
0.6711826920509338
0.22446005046367645
0.612294614315033
0.22626268863677979
0.2901845872402191
0.5474676489830017
0.577276349067688
0.7070074081420898
0.8644530177116394
0.9417456984519958
0.523332953453064
0.39684104919433594
0.2667751908302307
0.6837707757949829
0.44201570749282837
0.21039196848869324
0.9317871928215027
0.8937727212905884
0.9795950651168823
0.3114736080169678
0.8529764413833618
0.20938855409622192
0.19281139969825745
0.09680084884166718
0.8362242579460144
0.2744707763195038
0.3268492817878723
0.35341426730155945
0.02780958078801632
0.7099456191062927
0.5347984433174133
0.30735525488853455
0.8889719247817993
0.7280235290527344
0.26654964685440063
0.7455275058746338
0.6144384145736694
0.16507582366466522
0.5397448539733887
0.8633674383163452
0.7528420686721802
0.885190486907959
0.042086411267519
0.6043156981468201
0.9333776235580444
0.773492693901062
0.6262558698654175
0.3662676513195038
0.08047106117010117
0.6452310681343079
0.7915662527084351
0.09939534217119217
0.8594886660575867
0.9256936311721802
0.8983773589134216
0.9757500290870667
0.4627962112426758
0.6430379748344421
0.7840214967727661
0.12415053695440292
0.24371077120304108
0.6600717902183533
0.8476371169090271
0.3459692895412445
0.41676822304725647
0.5325465798377991
0.6721041798591614
0.8152648210525513
0.8768030405044556
0.7966370582580566
0.008821666240692139
0.4093049168586731
0.8355916738510132
0.0707821473479271
0.09459730982780457
0.22621358931064606
0.7043812870979309
0.04072785750031471
0.7509880661964417
0.7363433837890625
0.068120077252388
0.4783953130245209
0.16391687095165253
0.5519416332244873
0.04282625392079353
0.9888728260993958
0.5724137425422668
0.3605818450450897
0.06702270358800888
0.19887641072273254
0.48165756464004517
0.9771329760551453
0.7811142206192017
0.7090700268745422
0.5249517560005188
0.4111380875110626
0.7919326424598694
0.5435898303985596
0.9465646743774414
0.9258407950401306
0.5265833735466003
0.19157417118549347
0.8692556619644165
0.8316960334777832
0.8928590416908264
0.12146517634391785
0.9457495808601379
0.5838966369628906
0.5302339196205139
0.11541464924812317
0.07081069052219391
0.8976491093635559
0.9625738859176636
0.4161771833896637
0.7538021206855774
0.18611711263656616
0.7087332010269165
0.4206755459308624
0.9400795698165894
0.015979332849383354
0.5692023634910583
0.37333327531814575
0.2263239473104477
0.23355688154697418
0.28718236088752747
0.8319638967514038
0.8146488666534424
0.6541327834129333
0.10800658166408539
0.3238442540168762
0.6229639649391174
0.7582849264144897
0.8715621829032898
0.7914167046546936
0.08592656254768372
0.7238844633102417
0.6429166197776794
0.7020748257637024
0.9341529607772827
0.9636452794075012
0.3894939422607422
0.9871538281440735
0.9567410945892334
0.2680036425590515
0.5012615919113159
0.15409408509731293
0.6432361602783203
0.002684338018298149
0.26409801840782166
0.41222646832466125
0.9242677092552185
0.22820602357387543
0.7287309169769287
0.4002165198326111
0.9682366847991943
0.6865711808204651
0.5735551118850708
0.3259797692298889
0.7557518482208252
0.10592082142829895
0.757575273513794
0.8150436282157898
0.07304614037275314
0.35115620493888855
0.5727900862693787
0.9352943897247314
0.4235095679759979
0.6819258332252502
0.008164017461240292
0.45771652460098267
0.9960509538650513
0.1292843073606491
0.3429120182991028
0.5303930044174194
0.4745674133300781
0.1854965090751648
0.3138611614704132
0.8884207010269165
0.37764105200767517
0.8768312931060791
0.8648853898048401
0.04907409846782684
0.7001497149467468
0.6855498552322388
0.45770972967147827
0.28094449639320374
0.09185860306024551
0.6139398813247681
0.5432366728782654
0.19497981667518616
0.8086147904396057
0.6953420042991638
0.7057921886444092
0.8816962838172913
0.7904776334762573
0.8968318104743958
0.3889305293560028
0.228349506855011
0.04365454614162445
0.3673725426197052
0.713889479637146
0.8775979280471802
0.5214958786964417
0.025932375341653824
0.5754626989364624
0.999507486820221
0.09310472011566162
0.8130630850791931
0.6659091711044312
0.7246499061584473
0.5058650374412537
0.5946741700172424
0.32887083292007446
0.6916404962539673
0.770022451877594
0.07941296696662903
0.5135564804077148
0.8496294617652893
0.5184823274612427
0.10387834906578064
0.19390814006328583
0.42664992809295654
0.24376456439495087
0.8234179615974426
0.8592544794082642
0.020917735993862152
0.8622970581054688
0.7269150614738464
0.16449502110481262
0.8076056241989136
0.1898660808801651
0.9345794916152954
0.06850080192089081
0.5886020064353943
0.20193079113960266
0.3628801107406616
0.35901322960853577
0.3291817307472229
0.7014893889427185
0.0440373457968235
0.8256511688232422
0.23261035978794098
0.49573636054992676
0.2913386821746826
0.6287674903869629
0.06796734780073166
0.7632439136505127
0.5853495597839355
0.9630564451217651
0.5375359058380127
0.9883537888526917
0.006278202868998051
0.7582738399505615
0.4452824890613556
0.4093645513057709
0.8771575689315796
0.22179654240608215
0.2232959121465683
0.6396815180778503
0.1873418688774109
0.8930746912956238
0.3926963806152344
0.48083847761154175
0.7571505308151245
0.9478296041488647
0.8221143484115601
0.2598651349544525
0.14739203453063965
0.2681775689125061
0.22905994951725006
0.8231226801872253
0.14164364337921143
0.6863753199577332
0.6187032461166382
0.44970303773880005
0.984437882900238
0.9934784173965454
0.09736417979001999
0.7240415811538696
0.9532207250595093
0.4403192400932312
0.7552390098571777
0.6875953078269958
0.22532135248184204
0.6912841796875
0.9927448630332947
0.6916221380233765
0.5877325534820557
0.45039281249046326
0.700851321220398
0.6869620680809021
0.8961437344551086
0.2539379298686981
0.32979804277420044
0.024483617395162582
0.5093041658401489
0.4033307433128357
0.2625044882297516
0.7611746191978455
0.142069011926651
0.8662127256393433
0.5628517270088196
0.7886333465576172
0.590091347694397
0.20198224484920502
0.1644434779882431
0.19539329409599304
0.7290641665458679
0.46071022748947144
0.6287745833396912
0.3047921359539032
0.9328027367591858
0.403655081987381
0.5258486270904541
0.539563000202179
0.021631397306919098
0.5325506925582886
0.09849118441343307
0.4124425947666168
0.44156163930892944
0.5093580484390259
0.5549986958503723
0.46290263533592224
0.38488224148750305
0.0671304315328598
0.42935505509376526
0.9338299632072449
0.3570122718811035
0.37504786252975464
0.6190146207809448
0.867204487323761
0.7832729816436768
0.7524643540382385
0.23634256422519684
0.564411461353302
0.45802420377731323
0.6223216652870178
0.4606948494911194
0.8402037024497986
0.6028777956962585
0.7780580520629883
0.31010547280311584
0.6159431338310242
0.1278027892112732
0.20569279789924622
0.5699874758720398
0.3299572765827179
0.337541788816452
0.9524384140968323
0.7399525046348572
0.7886232733726501
0.8597384691238403
0.8273606300354004
0.049279917031526566
0.8009608387947083
0.9424561262130737
0.7756527662277222
0.22473378479480743
0.17714795470237732
0.5406309366226196
0.5974767208099365
0.2604866027832031
0.036445122212171555
0.30288854241371155
0.902595043182373
0.2471797913312912
0.971758246421814
0.1709837168455124
0.20630021393299103
0.7496815323829651
0.6857097148895264
0.12369781732559204
0.8312570452690125
0.8867664933204651
0.7862027883529663
0.47377023100852966
0.09286025166511536
0.5534318089485168
0.48593977093696594
0.4645618200302124
0.4833454489707947
0.5517727136611938
0.9631106853485107
0.8222001194953918
0.7025900483131409
0.669502854347229
0.7677989602088928
0.6719866394996643
0.336911678314209
0.7528011798858643
0.24285466969013214
0.6714212894439697
0.6696042418479919
0.9682933688163757
0.9787348508834839
0.7743079662322998
0.8898168206214905
0.5877526998519897
0.852330207824707
0.922915518283844
0.48952993750572205
0.552067220211029
0.9941340684890747
0.07460533082485199
0.2315419465303421
0.4609616994857788
0.5935924649238586
0.852676272392273
0.9823249578475952
0.6480502486228943
0.9939510822296143
0.06793875247240067
0.36885717511177063
0.9506009817123413
0.19722038507461548
0.18751519918441772
0.7896571755409241
0.45753517746925354
0.32567572593688965
0.950302243232727
0.3320426940917969
0.1876349151134491
0.7267670035362244
0.5408135652542114
0.3281591236591339
0.17322054505348206
0.9612157940864563
0.9376745820045471
0.35282397270202637
0.7327920198440552
0.31775572896003723
0.518781304359436
0.39490386843681335
0.46049901843070984
0.9030748009681702
0.5689136981964111
0.09239974617958069
0.5963971614837646
0.7589026689529419
0.2915610671043396
0.7381361722946167
0.657955527305603
0.6857697367668152
0.5977503061294556
0.36801445484161377
0.5038275122642517
0.8046373128890991
0.33773356676101685
0.20540623366832733
0.22890083491802216
0.828259289264679
0.20574809610843658
0.5790838599205017
0.76589435338974
0.24428163468837738
0.39307165145874023
0.10878506302833557
0.16521914303302765
0.08987562358379364
0.10407094657421112
0.5470103025436401
0.2905850112438202
0.3126271963119507
0.15917152166366577
0.388602077960968
0.022221175953745842
0.5035854578018188
0.35662874579429626
0.15193505585193634
0.6899807453155518
0.8379905223846436
0.05741819739341736
0.7633342146873474
0.011933786794543266
0.9520962834358215
0.6017388701438904
0.3287891149520874
0.28048962354660034
0.7639840245246887
0.2871290147304535
0.7095553278923035
0.8437263369560242
0.300943523645401
0.3659604489803314
0.8887808322906494
0.5147870182991028
0.1122630387544632
0.7245738506317139
0.7488275170326233
0.5507093667984009
0.25126776099205017
0.3718910217285156
0.9025626182556152
0.024296363815665245
0.9755938649177551
0.47388267517089844
0.498855859041214
0.6530654430389404
0.411234587430954
0.13701891899108887
0.7182000279426575
0.0638711079955101
0.35491225123405457
0.4969681203365326
0.13322597742080688
0.8440542221069336
0.36506223678588867
0.4758461117744446
0.020329251885414124
0.55408775806427
0.840781569480896
0.7157783508300781
0.9895519018173218
0.022456124424934387
0.286479115486145
0.9251187443733215
0.322998970746994
0.8082533478736877
0.06798462569713593
0.1506597101688385
0.1355494111776352
0.37320756912231445
0.05984640493988991
0.7830948233604431
0.8008410334587097
0.514069676399231
0.7291101217269897
0.9608691930770874
0.47150176763534546
0.7573273777961731
0.06454506516456604
0.4176051616668701
0.8000574111938477
0.42741134762763977
0.2243724763393402
0.12561839818954468
0.539038896560669
0.7771930694580078
0.20663724839687347
0.513634443283081
0.6848358511924744
0.6654146313667297
0.6712937355041504
0.29220661520957947
0.3107972741127014
0.6541538238525391
0.11032842099666595
0.726019561290741
0.3198621869087219
0.9258235692977905
0.386583149433136
0.4215729534626007
0.6252083778381348
0.8898768424987793
0.3752478361129761
0.15355736017227173
0.7134517431259155
0.9104775190353394
0.22458705306053162
0.6262975335121155
0.8665289282798767
0.9798887372016907
0.34749332070350647
0.5394089221954346
0.27831465005874634
0.7869345545768738
0.9461241960525513
0.7293148636817932
0.057648852467536926
0.15862855315208435
0.97552490234375
0.09692925959825516
0.7530801892280579
0.2855058014392853
0.20876725018024445
0.8413687944412231
0.32850807905197144
0.6514397859573364
0.46135562658309937
0.864585280418396
0.16846878826618195
0.4068869948387146
0.24641607701778412
0.4273983836174011
0.26416993141174316
0.4632338881492615
0.047230880707502365
0.7424555420875549
0.4763614237308502
0.3496641218662262
0.8918361067771912
0.0913592055439949
0.3490650951862335
0.11105332523584366
0.7974585890769958
0.908048152923584
0.5128068327903748
0.511882483959198
0.7533813714981079
0.5115693211555481
0.5611646175384521
0.4451974928379059
0.8246167302131653
0.5865665674209595
0.13700756430625916
0.3838748037815094
0.293413907289505
0.11943768709897995
0.7971774935722351
0.009994963183999062
0.04929415136575699
0.963365912437439
0.6080401539802551
0.6501754522323608
0.32017067074775696
0.34267082810401917
0.6987946033477783
0.019892070442438126
0.7062490582466125
0.44356074929237366
0.985687792301178
0.15038585662841797
0.07187049090862274
0.3867710828781128
0.22944903373718262
0.4335915446281433
0.6727872490882874
0.4467025697231293
0.5792984366416931
0.4383864104747772
0.9531698226928711
0.8016328811645508
0.43038856983184814
0.46099039912223816
0.10693325102329254
0.6722394824028015
0.39551398158073425
0.919809103012085
0.23279190063476562
0.41845598816871643
0.8469710946083069
0.21540462970733643
0.4901790916919708
0.7448540329933167
0.3499935567378998
0.8679551482200623
0.016705816611647606
0.9612830877304077
0.27854347229003906
0.23148682713508606
0.026468446478247643
0.38371455669403076
0.6667797565460205
0.4211416244506836
0.6588127017021179
0.5868634581565857
0.08180118352174759
0.5068807601928711
0.5019050240516663
0.9208598732948303
0.972770094871521
0.6621039509773254
0.19362680613994598
0.7997760772705078
0.581420361995697
0.32836997509002686
0.4668717384338379
0.922796905040741
0.40764889121055603
0.23218779265880585
0.7086606025695801
0.027997395023703575
0.07666874676942825
0.6028815507888794
0.2076992243528366
0.5019744634628296
0.10899177193641663
0.1334361433982849
0.2689562439918518
0.2736950218677521
0.6713446378707886
0.8527860045433044
0.9429219961166382
0.5767362117767334
0.2966998815536499
0.17322638630867004
0.6706992387771606
0.1929139494895935
0.7445603609085083
0.6317101716995239
0.03948456794023514
0.9857031106948853
0.6102420091629028
0.23153963685035706
0.5148248672485352
0.2790781855583191
0.2581669092178345
0.28200602531433105
0.01904340274631977
0.7220175266265869
0.9428601861000061
0.28941112756729126
0.8452463150024414
0.577944815158844
0.5129798054695129
0.6366091966629028
0.14548999071121216
0.23388224840164185
0.6855465769767761
0.7566516995429993
0.06580419093370438
0.21561406552791595
0.4058949649333954
0.5835266709327698
0.14412462711334229
0.26257991790771484
0.0364830307662487
0.6596828103065491
0.32133325934410095
0.2880600392818451
0.16314861178398132
0.34441807866096497
0.7141014933586121
0.8356570601463318
0.8941478729248047
0.33968034386634827
0.7021359205245972
0.4644849896430969
0.7849422097206116
0.16819724440574646
0.6971549987792969
0.05041169747710228
0.4950588047504425
0.1267097145318985
0.7649964690208435
0.9270361661911011
0.5634685754776001
0.852992594242096
0.08814123272895813
0.9000777006149292
0.5239140391349792
0.743082582950592
0.558651864528656
0.49200886487960815
0.05994619056582451
0.12495184689760208
0.9527758955955505
0.35208138823509216
0.3611116409301758
0.39033594727516174
0.13917334377765656
0.46120840311050415
0.7170289158821106
0.6289106607437134
0.8307340741157532
0.6758401393890381
0.08677972108125687
0.515329897403717
0.6709258556365967
0.47244465351104736
0.47535470128059387
0.12981000542640686
0.06330771744251251
0.8823888897895813
0.5861659646034241
0.6918509006500244
0.21184220910072327
0.13516472280025482
0.6619389057159424
0.16038472950458527
0.9199605584144592
0.40035802125930786
0.033195268362760544
0.793934166431427
0.7737650275230408
0.07052348554134369
0.029454687610268593
0.8080821633338928
0.6383795738220215
0.2365422248840332
0.16491267085075378
0.5148995518684387
0.21842482686042786
0.4401940107345581
0.22239865362644196
0.22030873596668243
0.5140342712402344
0.36765754222869873
0.11801189184188843
0.770516037940979
0.3999538719654083
0.3434019684791565
0.192888543009758
0.47480979561805725
0.22080959379673004
0.5156024098396301
0.5155121088027954
0.27750369906425476
0.1942107230424881
0.08678478002548218
0.7930421829223633
0.7436038255691528
0.8457708358764648
0.07644116878509521
0.9596900939941406
0.021256279200315475
0.4992649555206299
0.1386273056268692
0.1544094979763031
0.6248789429664612
0.2620529532432556
0.2829483151435852
0.01192454993724823
0.8050695657730103
0.9109955430030823
0.21008090674877167
0.24741069972515106
0.801978349685669
0.033292993903160095
0.9287890791893005
0.14999325573444366
0.15075808763504028
0.27371928095817566
0.16802620887756348
0.27525779604911804
0.9364079833030701
0.18793632090091705
0.41795334219932556
0.061080943793058395
0.6211212873458862
0.42509183287620544
0.19860528409481049
0.9895516633987427
0.9763889908790588
0.7383051514625549
0.5934693813323975
0.5030529499053955
0.6155990958213806
0.40730077028274536
0.20129011571407318
0.4530715346336365
0.46836283802986145
0.09597846120595932
0.785601019859314
0.8287283182144165
0.19682160019874573
0.7038630247116089
0.0299923624843359
0.38322713971138
0.7021550536155701
0.33821430802345276
0.8375672101974487
0.2714698612689972
0.49516916275024414
0.7391020059585571
0.6182317733764648
0.25310081243515015
0.007090061902999878
0.775182843208313
0.3195168375968933
0.8973482847213745
0.9033163189888
0.3544197082519531
0.566357433795929
0.4443008005619049
0.35221415758132935
0.45633751153945923
0.21424932777881622
0.20765410363674164
0.0712960734963417
0.8568304181098938
0.40957221388816833
0.7224323749542236
0.3846239447593689
0.006768420338630676
0.8078510761260986
0.44866377115249634
0.048057351261377335
0.13643322885036469
0.6312738060951233
0.46325626969337463
0.7652592658996582
0.41277700662612915
0.6529909372329712
0.31473690271377563
0.4192503094673157
0.8965332508087158
0.07478319108486176
0.7100777626037598
0.6023133993148804
0.4651886224746704
0.7913124561309814
0.32445186376571655
0.31557121872901917
0.09096719324588776
0.6979749798774719
0.35831761360168457
0.9014173150062561
0.7515390515327454
0.6144083738327026
0.4109003245830536
0.4697267711162567
0.05099761113524437
0.48637285828590393
0.8780602216720581
0.0846937820315361
0.3608013689517975
0.7955243587493896
0.3481440246105194
0.7612637877464294
0.599938154220581
0.7636055946350098
0.7652066946029663
0.16888800263404846
0.2534925043582916
0.9076588749885559
0.7769732475280762
0.6663107872009277
0.7737322449684143
0.12473783642053604
0.9210320711135864
0.39744916558265686
0.9593101143836975
0.7416890263557434
0.44638627767562866
0.9330663681030273
0.864199161529541
0.45104023814201355
0.3444885015487671
0.48203229904174805
0.3896699547767639
0.3081638216972351
0.9642109274864197
0.0479571558535099
0.34565919637680054
0.360641747713089
0.028046295046806335
0.8832828998565674
0.5502617955207825
0.7820425033569336
0.3208068013191223
0.447610467672348
0.6285821199417114
0.3903815746307373
0.6350528001785278
0.6029579043388367
0.7418842911720276
0.777284562587738
0.7434266805648804
0.6700495481491089
0.1510748416185379
0.34594205021858215
0.9473212957382202
0.9481249451637268
0.8891133069992065
0.23868665099143982
0.27356234192848206
0.049907274544239044
0.521894097328186
0.6988610625267029
0.04045166075229645
0.9822508096694946
0.03497743234038353
0.7086377143859863
0.3638245761394501
0.4687741696834564
0.9828058481216431
0.21825094521045685
0.9241394996643066
0.8148136138916016
0.7689617276191711
0.22389735281467438
0.10089563578367233
0.7633742094039917
0.41301044821739197
0.7387751936912537
0.3137584924697876
0.9626144170761108
0.8088943362236023
0.7170038819313049
0.42273786664009094
0.5432420372962952
0.4065053164958954
0.6205571293830872
0.9528643488883972
0.23154927790164948
0.29680347442626953
0.6179423332214355
0.7818209528923035
0.41693198680877686
0.49360373616218567
0.14155270159244537
0.22327247262001038
0.9293811321258545
0.227810800075531
0.7883126139640808
0.5381665229797363
0.2395903766155243
0.3530203104019165
0.28203296661376953
0.7418949604034424
0.8681015372276306
0.2928774356842041
0.08282296359539032
0.19295662641525269
0.6379134654998779
0.837472140789032
0.42627641558647156
0.582112193107605
0.9920915961265564
0.3645229935646057
0.7799088954925537
0.9028082489967346
0.6136239171028137
0.7238131761550903
0.3751603364944458
0.8263992667198181
0.5161373019218445
0.353840172290802
0.8841278553009033
0.5912638306617737
0.3392506539821625
0.32243436574935913
0.17691321671009064
0.535387396812439
0.48227497935295105
0.43712353706359863
0.17856895923614502
0.7826659679412842
0.20753726363182068
0.759270191192627
0.13464109599590302
0.7762977480888367
0.08627338707447052
0.948653519153595
0.23120003938674927
0.45310401916503906
0.8875830769538879
0.5226677060127258
0.4655456244945526
0.5730718970298767
0.24458321928977966
0.19511841237545013
0.7913362383842468
0.21892109513282776
0.29798009991645813
0.5098348259925842
0.5818620920181274
0.9392603039741516
0.47875261306762695
0.4907662570476532
0.7353983521461487
0.40937063097953796
0.7312160730361938
0.2873060405254364
0.13619190454483032
0.24729853868484497
0.23280787467956543
0.060248829424381256
0.5715098977088928
0.992978572845459
0.3738389015197754
0.6720048785209656
0.6971989870071411
0.521734356880188
0.40278327465057373
0.974743127822876
0.3641306757926941
0.3568287789821625
0.9921855926513672
0.29646122455596924
0.6283097267150879
0.7803393006324768
0.02525831013917923
0.7833835482597351
0.059934698045253754
0.3373886048793793
0.9324988722801208
0.45062386989593506
0.7651167511940002
0.3442716896533966
0.644826352596283
0.4767903685569763
0.7425371408462524
0.6681758761405945
0.9957027435302734
0.990578293800354
0.7008915543556213
0.31166449189186096
0.6931354403495789
0.8720722198486328
0.2846156656742096
0.6488702297210693
0.867041826248169
0.5305130481719971
0.13156205415725708
0.1254981905221939
0.21899259090423584
0.5494564771652222
0.2056010365486145
0.6597715616226196
0.3791046440601349
0.6567897200584412
0.06115097552537918
0.8993117809295654
0.3219546973705292
0.45303723216056824
0.10980528593063354
0.44233447313308716
0.597841203212738
0.24580836296081543
0.5777245759963989
0.28106439113616943
0.15480531752109528
0.36822760105133057
0.424818754196167
0.19967705011367798
0.00693846121430397
0.24050089716911316
0.36522263288497925
0.648402214050293
0.4768102169036865
0.9929301738739014
0.5329790115356445
0.880926787853241
0.7656741738319397
0.6209607720375061
0.7704741954803467
0.5694051384925842
0.5382792353630066
0.909582257270813
0.43989190459251404
0.08631891012191772
0.1471051573753357
0.8426133394241333
0.4001372456550598
0.48856234550476074
0.5164938569068909
0.163961261510849
0.6299927234649658
0.43804383277893066
0.8223229050636292
0.997327983379364
0.6276956796646118
0.16707612574100494
0.009456506930291653
0.4688318371772766
0.827846348285675
0.5982527732849121
0.9991729259490967
0.10396340489387512
0.1656583994626999
0.533867597579956
0.14042255282402039
0.9524189233779907
0.5746119022369385
0.2163589745759964
0.24207408726215363
0.48453348875045776
0.5972055792808533
0.6757481098175049
0.030751733109354973
0.9894751906394958
0.24643650650978088
0.685498833656311
0.7221794724464417
0.29182666540145874
0.8907897472381592
0.7743290066719055
0.21264196932315826
0.3425281345844269
0.4715500473976135
0.5559614300727844
0.6239766478538513
0.8230801224708557
0.6559703350067139
0.8643122315406799
0.43342775106430054
0.54116290807724
0.8711802959442139
0.44462355971336365
0.6768979430198669
0.6650851368904114
0.7354710698127747
0.49351680278778076
0.23676122725009918
0.5451691746711731
0.25545260310173035
0.33788034319877625
0.5070486068725586
0.7152198553085327
0.8723717927932739
0.5956369638442993
0.709269642829895
0.6010891199111938
0.653131365776062
0.7578619718551636
0.9390222430229187
0.8647079467773438
0.23898902535438538
0.00688429968431592
0.06974390894174576
0.5891513228416443
0.6098459362983704
0.35539674758911133
0.0015679097268730402
0.6681798696517944
0.9296802282333374
0.3889443874359131
0.7736016511917114
0.8481229543685913
0.9524179100990295
0.6403824687004089
0.483411967754364
0.9341517686843872
0.2651527523994446
0.7677718997001648
0.2678442895412445
0.08925356715917587
0.2866639494895935
0.2951369285583496
0.0773506909608841
0.3110140860080719
0.6754428744316101
0.8094125390052795
0.45495811104774475
0.7901207804679871
0.7377724647521973
0.38036033511161804
0.5664603114128113
0.996989905834198
0.8654158711433411
0.6126173138618469
0.8441802263259888
0.16407817602157593
0.8333441019058228
0.20327407121658325
0.4044296145439148
0.8928398489952087
0.5253779888153076
0.35962188243865967
0.15070012211799622
0.439299613237381
0.6735767126083374
0.06709468364715576
0.09662656486034393
0.3341260850429535
0.14498619735240936
0.38550427556037903
0.5054135322570801
0.1423884630203247
0.2822175621986389
0.07751362025737762
0.8401473164558411
0.9297385811805725
0.8760121464729309
0.6647058725357056
0.9863058924674988
0.4911405146121979
0.3863074779510498
0.6570379137992859
0.11311230063438416
0.8095377683639526
0.15584906935691833
0.6660604476928711
0.6905147433280945
0.7322996258735657
0.8823757767677307
0.16331680119037628
0.24263055622577667
0.526665210723877
0.7678341865539551
0.742935299873352
0.9962921738624573
0.7503453493118286
0.9158425331115723
0.643687903881073
0.5400446057319641
0.04439624771475792
0.46031567454338074
0.8512399196624756
0.4739580750465393
0.870019793510437
0.3874146640300751
0.8096070289611816
0.5778831243515015
0.7980969548225403
0.868842601776123
0.8099201321601868
0.07557711750268936
0.8398377299308777
0.10555196553468704
0.2755245864391327
0.5063438415527344
0.5959354043006897
0.3270379304885864
0.3524794578552246
0.7136271595954895
0.902624249458313
0.24990321695804596
0.9545187950134277
0.5682831406593323
0.21849970519542694
0.12963248789310455
0.25349169969558716
0.5767003297805786
0.9022390842437744
0.7777132987976074
0.5152042508125305
0.6169289350509644
0.8127825260162354
0.39031681418418884
0.020327365025877953
0.19217242300510406
0.3503657877445221
0.6948772072792053
0.18021708726882935
0.5287452340126038
0.7228636145591736
0.4288744330406189
0.16657719016075134
0.8171954154968262
0.990296483039856
0.8195641040802002
0.33993881940841675
0.9014687538146973
0.9509720206260681
0.799324631690979
0.2530147433280945
0.8566148281097412
0.3497870862483978
0.13697640597820282
0.6175654530525208
0.6896266341209412
0.15834563970565796
0.14825992286205292
0.6605609059333801
0.14111389219760895
0.6862376928329468
0.28209981322288513
0.12238619476556778
0.05886702239513397
0.3813173770904541
0.6412317156791687
0.8467284440994263
0.7710500955581665
0.7408133149147034
0.6701250076293945
0.3307192325592041
0.6301241517066956
0.1506710946559906
0.37122631072998047
0.848473846912384
0.968559980392456
0.8128962516784668
0.9206419587135315
0.10436932742595673
0.9128453731536865
0.9019231796264648
0.41576361656188965
0.3564172387123108
0.761771559715271
0.48412975668907166
0.7724410891532898
0.6909394860267639
0.9173161387443542
0.03925887122750282
0.6262445449829102
0.6262345314025879
0.5888655781745911
0.5261296629905701
0.7865175008773804
0.4549013674259186
0.5890533328056335
0.9213719964027405
0.5277169346809387
0.44984927773475647
0.386911541223526
0.6409704089164734
0.5299625992774963
0.3296981155872345
0.6255789399147034
0.9466243982315063
0.04710271582007408
0.6271069645881653
0.1665530949831009
0.6009647846221924
0.8965049982070923
0.4916466474533081
0.5323648452758789
0.533521831035614
0.22703450918197632
0.33661454916000366
0.5461283922195435
0.49077555537223816
0.4593012034893036
0.0626119002699852
0.9116520285606384
0.3413656949996948
0.9028223156929016
0.11185034364461899
0.2598271071910858
0.12013692408800125
0.4649093449115753
0.32802814245224
0.5501748323440552
0.9666053652763367
0.24834337830543518
0.12871499359607697
0.5898295044898987
0.49970948696136475
0.007985717616975307
0.8262416124343872
0.23377540707588196
0.8159045577049255
0.4132302403450012
0.8331730961799622
0.9675741791725159
0.23669008910655975
0.46754392981529236
0.43717774748802185
0.9497182369232178
0.641201913356781
0.643031895160675
0.18122632801532745
0.8894983530044556
0.6252439022064209
0.35032209753990173
0.28243911266326904
0.7584468126296997
0.25972259044647217
0.9291046857833862
0.3449930250644684
0.11078871041536331
0.875094473361969
0.12709704041481018
0.49826580286026
0.09735982120037079
0.5912436842918396
0.3296857476234436
0.6118205785751343
0.12334483861923218
0.7588540315628052
0.3316086232662201
0.18683475255966187
0.3960680067539215
0.23438021540641785
0.6933569312095642
0.05331578478217125
0.5777419209480286
0.10847519338130951
0.9880563616752625
0.7275471091270447
0.8238363862037659
0.007538242731243372
0.8620844483375549
0.7868602275848389
0.18792688846588135
0.852161169052124
0.9475398659706116
0.635965883731842
0.9097930192947388
0.7843825817108154
0.8594781756401062
0.4528701901435852
0.6352406144142151
0.2667153477668762
0.40050679445266724
0.14328595995903015
0.3470379412174225
0.8108593225479126
0.9027280807495117
0.3607019782066345
0.11328697949647903
0.3608250916004181
0.45279476046562195
0.5346130728721619
0.4454590082168579
0.17529238760471344
0.3726777732372284
0.8887543082237244
0.09865189343690872
0.886116623878479
0.7644920349121094
0.2588791847229004
0.9640127420425415
0.8969281315803528
0.014005657285451889
0.08859403431415558
0.955661952495575
0.16371938586235046
0.5789816379547119
0.3392349183559418
0.6886554956436157
0.7225686311721802
0.2131897658109665
0.10080894082784653
0.3597535192966461
0.6504064798355103
0.8635372519493103
0.9700325727462769
0.9907587766647339
0.6869176030158997
0.47947877645492554
0.7620632648468018
0.9539017677307129
0.028068644925951958
0.5256140828132629
0.9533181190490723
0.21976396441459656
0.5744836926460266
0.0730675682425499
0.7415278553962708
0.013408712111413479
0.9256071448326111
0.9164411425590515
0.17880934476852417
0.35470882058143616
0.44847598671913147
0.212012380361557
0.3338528871536255
0.3882548213005066
0.0020919195376336575
0.08330602198839188
0.8848878741264343
0.4681718945503235
0.029732033610343933
0.6501685976982117
0.2777681052684784
0.35606497526168823
0.17292778193950653
0.06569289416074753
0.6292908787727356
0.7964857816696167
0.35896381735801697
0.6880085468292236
0.2803918123245239
0.17647162079811096
0.5211629271507263
0.2921109199523926
0.9988636374473572
0.21000802516937256
0.5971845984458923
0.2595529854297638
0.4266764223575592
0.47715041041374207
0.7037585377693176
0.5135465860366821
0.43028298020362854
0.9727619290351868
0.81637042760849
0.6044910550117493
0.6630313992500305
0.3463081419467926
0.5652293562889099
0.6946567296981812
0.423739492893219
0.46047037839889526
0.040619708597660065
0.3365616798400879
0.24884727597236633
0.35589101910591125
0.4798656702041626
0.9582674503326416
0.474251925945282
0.20253336429595947
0.09718868136405945
0.05426859110593796
0.7444766163825989
0.23257049918174744
0.8185708522796631
0.20645751059055328
0.17066167294979095
0.07793611288070679
0.6581995487213135
0.33490389585494995
0.1881100833415985
0.6647130250930786
0.3202243149280548
0.710128128528595
0.10639901459217072
0.5883879065513611
0.8519662618637085
0.45896753668785095
0.16704149544239044
0.01007602084428072
0.8071405291557312
0.9126570820808411
0.23193086683750153
0.13793408870697021
0.9482786655426025
0.09100601077079773
0.7040757536888123
0.6542472839355469
0.7762137055397034
0.1618274450302124
0.9971770644187927
0.6482285857200623
0.4105151891708374
0.049209944903850555
0.4275631904602051
0.4128085970878601
0.5574486255645752
0.14119072258472443
0.17539800703525543
0.7931772470474243
0.9952183961868286
0.9944370985031128
0.6733021140098572
0.4630671441555023
0.15886729955673218
0.01769903302192688
0.026366470381617546
0.7084075212478638
0.8467394113540649
0.30873316526412964
0.635938823223114
0.5639361143112183
0.9052373766899109
0.3813411295413971
0.5972399115562439
0.3025849759578705
0.48935380578041077
0.2517540752887726
0.10175377875566483
0.5550141334533691
0.9627731442451477
0.24537605047225952
0.7176341414451599
0.7485328912734985
0.1529240906238556
0.9242737293243408
0.675095796585083
0.15216894447803497
0.8455809354782104
0.6140950918197632
0.451116144657135
0.5814475417137146
0.9291756749153137
0.5920022130012512
0.7891079783439636
0.9014977812767029
0.18026942014694214
0.4199264645576477
0.15394288301467896
0.40085941553115845
0.43461158871650696
0.4758831560611725
0.49843814969062805
0.4911262094974518
0.5171245336532593
0.6612884998321533
0.6795621514320374
0.4340693950653076
0.8271507620811462
0.95563805103302
0.6665271520614624
0.9373349547386169
0.8115725517272949
0.11070951819419861
0.3399687111377716
0.6628251075744629
0.8550475835800171
0.3043500781059265
0.47410744428634644
0.5422013998031616
0.9227654337882996
0.5049695372581482
0.959548830986023
0.5808495283126831
0.8720676898956299
0.9824313521385193
0.23264434933662415
0.2108866274356842
0.9951050877571106
0.45343017578125
0.22504030168056488
0.1968691349029541
0.8123851418495178
0.7101606130599976
0.8683075904846191
0.47125571966171265
0.02327851392328739
0.7937096953392029
0.2714961767196655
0.7362721562385559
0.11410360038280487
0.38275015354156494
0.5756150484085083
0.1316540688276291
0.06868965923786163
0.25952279567718506
0.23792222142219543
0.38722342252731323
0.4017747938632965
0.8197527527809143
0.425079882144928
0.6373117566108704
0.24944324791431427
0.4123011827468872
0.7900350689888
0.22146403789520264
0.3081551194190979
0.34701618552207947
0.13915814459323883
0.7039362192153931
0.784404993057251
0.7623552680015564
0.7920680642127991
0.8289582133293152
0.20325233042240143
0.08785408735275269
0.49758419394493103
0.8222155570983887
0.265916645526886
0.24550761282444
0.30683434009552
0.002306890208274126
0.15695832669734955
0.24651527404785156
0.9453445076942444
0.9413527250289917
0.14478005468845367
0.8328338265419006
0.8213433027267456
0.7689599990844727
0.4505324363708496
0.5518854856491089
0.14004889130592346
0.2974731922149658
0.6879162788391113
0.7350682020187378
0.2215593010187149
0.625150203704834
0.4835158884525299
0.622941255569458
0.4468209445476532
0.15856477618217468
0.394120454788208
0.10390316694974899
0.35816478729248047
0.4488937556743622
0.6682937741279602
0.7116693258285522
0.942459762096405
0.3227066397666931
0.3196081221103668
0.0774400532245636
0.9231456518173218
0.7472819089889526
0.7245211005210876
0.7043334245681763
0.30858033895492554
0.045905835926532745
0.6167588829994202
0.42865103483200073
0.04821086302399635
0.844963014125824
0.6939885020256042
0.314890593290329
0.13258975744247437
0.3956446349620819
0.8069405555725098
0.6602708697319031
0.3623778223991394
0.2648457884788513
0.7358447313308716
0.4064123034477234
0.7971968650817871
0.5859587788581848
0.7381681203842163
0.5735305547714233
0.8768504858016968
0.320658802986145
0.27821141481399536
0.7879920601844788
0.041800547391176224
0.9454296231269836
0.23266158998012543
0.6032846570014954
0.43691569566726685
0.9852564930915833
0.2612386643886566
0.1092459037899971
0.9106546640396118
0.909274697303772
0.01715899258852005
0.14265665411949158
0.8000717163085938
0.34216293692588806
0.6456129550933838
0.21355395019054413
0.9372457265853882
0.021155185997486115
0.22328320145606995
0.23191016912460327
0.4095498025417328
0.4171595573425293
0.8107198476791382
0.27154794335365295
0.32412251830101013
0.07093427330255508
0.8386892080307007
0.6249332427978516
0.7614120244979858
0.47357550263404846
0.7688605785369873
0.415377676486969
0.3624292314052582
0.18402965366840363
0.6810275912284851
0.9808986783027649
0.2433227300643921
0.5793710947036743
0.8820228576660156
0.11828864365816116
0.9976935386657715
0.36018985509872437
0.29866376519203186
0.48265889286994934
0.08622026443481445
0.5131328701972961
0.3547312617301941
0.9334854483604431
0.07491706311702728
0.833638608455658
0.24869142472743988
0.9540095925331116
0.0016042981296777725
0.9548412561416626
0.8023304343223572
0.4927203953266144
0.6541385650634766
0.8206073641777039
0.6422392725944519
0.417147696018219
0.6154009699821472
0.6314865350723267
0.7075916528701782
0.12053613364696503
0.9889135360717773
0.19376344978809357
0.20052297413349152
0.46051257848739624
0.6323120594024658
0.17557412385940552
0.026718473061919212
0.3232673704624176
0.15207132697105408
0.5183037519454956
0.5880985260009766
0.048769351094961166
0.9765247702598572
0.7649999856948853
0.8391461968421936
0.46539509296417236
0.13607709109783173
0.24252018332481384
0.4576539397239685
0.41080743074417114
0.1001945361495018
0.30861780047416687
0.6200478672981262
0.5873624086380005
0.8280092477798462
0.102790467441082
0.7363442182540894
0.03415927663445473
0.8495171666145325
0.35448697209358215
0.21764421463012695
0.024742672219872475
0.2595672011375427
0.9656111598014832
0.3650827407836914
0.9910967350006104
0.47277769446372986
0.887365996837616
0.7864772081375122
0.9940879344940186
0.5058890581130981
0.948986828327179
0.21695488691329956
0.04108169674873352
0.3740288317203522
0.7179486751556396
0.3888537287712097
0.4169500768184662
0.43350258469581604
0.3448955714702606
0.00594348693266511
0.07208885997533798
0.14436717331409454
0.9414535164833069
0.6553348302841187
0.860489010810852
0.9243140816688538
0.6419148445129395
0.47065451741218567
0.05968909710645676
0.5230836272239685
0.513008177280426
0.23998574912548065
0.9567196369171143
0.6027255058288574
0.8456733822822571
0.5645496845245361
0.13670334219932556
0.0015805716393515468
0.09933435916900635
0.7656686902046204
0.36701110005378723
0.5648756623268127
0.5489519238471985
0.08016946166753769
0.9218422174453735
0.837315559387207
0.8483579754829407
0.5321817994117737
0.8260425329208374
0.3804702162742615
0.8923394680023193
0.1108349859714508
0.033236030489206314
0.9671171307563782
0.29299312829971313
0.835139811038971
0.47287416458129883
0.4802100360393524
0.9229753017425537
0.5573701858520508
0.9112883806228638
0.1854286640882492
0.6204971671104431
0.7194789052009583
0.6318520903587341
0.030789297074079514
0.20097233355045319
0.9624375700950623
0.29249686002731323
0.9312416911125183
0.29331398010253906
0.0068915048614144325
0.6419603824615479
0.4549814760684967
0.4968821704387665
0.7127879858016968
0.016843192279338837
0.15014585852622986
0.20376862585544586
0.1481861174106598
0.8140882849693298
0.3010784089565277
0.9711710810661316
0.9202473759651184
0.12342917919158936
0.4592461884021759
0.6201155185699463
0.6532392501831055
0.5544481873512268
0.9006364941596985
0.5514272451400757
0.34947469830513
0.7322618365287781
0.39545688033103943
0.292351633310318
0.5562708377838135
0.22486735880374908
0.9385581612586975
0.4544439911842346
0.5729710459709167
0.6020236611366272
0.21811874210834503
0.9254424571990967
0.6123213768005371
0.9186543822288513
0.05347815528512001
0.9804331660270691
0.7731803059577942
0.007766790222376585
0.847922682762146
0.39910900592803955
0.2656842768192291
0.4841139018535614
0.8942484855651855
0.7015753388404846
0.32545390725135803
0.8839846849441528
0.05472925677895546
0.47677868604660034
0.4629908502101898
0.1199847087264061
0.8927711844444275
0.5827004313468933
0.3705858886241913
0.7299249768257141
0.7773986458778381
0.2999877631664276
0.46026140451431274
0.4273642599582672
0.5699163675308228
0.020796146243810654
0.7020573019981384
0.6457901000976562
0.7396707534790039
0.1668744832277298
0.5838819742202759
0.7268491387367249
0.24391061067581177
0.30737733840942383
0.62888503074646
0.8685819506645203
0.9581522941589355
0.6247262358665466
0.7866660356521606
0.6052042245864868
0.08046384900808334
0.39605703949928284
0.9228814840316772
0.3698471188545227
0.6426072120666504
0.5302296876907349
0.4232933819293976
0.67375248670578
0.3025486469268799
0.38280585408210754
0.662509024143219
0.21083945035934448
0.2983178198337555
0.8060628175735474
0.30365827679634094
0.10210296511650085
0.32841452956199646
0.3464639484882355
0.06198718771338463
0.3134891390800476
0.4131603240966797
0.25367221236228943
0.0864875540137291
0.19192762672901154
0.9801682829856873
0.7548702955245972
0.15667229890823364
0.20318631827831268
0.5350545048713684
0.7523704171180725
0.6425341367721558
0.07972951978445053
0.3363993763923645
0.6666276454925537
0.4553321301937103
0.050102598965168
0.4520111083984375
0.03749227896332741
0.538392961025238
0.37742069363594055
0.729536771774292
0.08679140359163284
0.155526801943779
0.8949730396270752
0.25470563769340515
0.09130888432264328
0.8734702467918396
0.347035676240921
0.008346098475158215
0.04800529405474663
0.10921505093574524
0.12821219861507416
0.716987133026123
0.3053373396396637
0.48984113335609436
0.7417262196540833
0.7480401992797852
0.6963871717453003
0.990949809551239
0.8060489296913147
0.49642592668533325
0.934961199760437
0.4704165756702423
0.6224377155303955
0.9100942611694336
0.9245545268058777
0.3341444134712219
0.9780071973800659
0.5298354029655457
0.2770557403564453
0.15485267341136932
0.30113866925239563
0.33905595541000366
0.3212381899356842
0.45263272523880005
0.6249399185180664
0.6194437146186829
0.6930639147758484
0.18008875846862793
0.3050818145275116
0.5715182423591614
0.47804582118988037
0.932955265045166
0.9547277688980103
0.941480278968811
0.30852288007736206
0.9188884496688843
0.4368937015533447
0.7924140095710754
0.6457221508026123
0.39694541692733765
0.4380995035171509
0.17614446580410004
0.17081718146800995
0.027457937598228455
0.657513439655304
0.04640442878007889
0.41648152470588684
0.34660103917121887
0.22082260251045227
0.1750439554452896
0.24840036034584045
0.45379313826560974
0.5312177538871765
0.489178329706192
0.5033296346664429
0.1298694759607315
0.39651358127593994
0.690298318862915
0.08038978278636932
0.11821553856134415
0.818273663520813
0.26884645223617554
0.8723064064979553
0.975521445274353
0.9465040564537048
0.46069279313087463
0.35461094975471497
0.39304831624031067
0.5388486385345459
0.9362093806266785
0.70429527759552
0.3195742666721344
0.750303328037262
0.41372981667518616
0.7916769981384277
0.8622848987579346
0.6694185733795166
0.261684387922287
0.16392642259597778
0.4601963758468628
0.5284677743911743
0.1275198757648468
0.6300322413444519
0.49131935834884644
0.7750245332717896
0.341419517993927
0.8553017973899841
0.7109103202819824
0.867156445980072
0.504432737827301
0.5019015669822693
0.19203205406665802
0.6025250554084778
0.038298435509204865
0.26547011733055115
0.7465465068817139
0.7537685036659241
0.5161348581314087
0.9103012084960938
0.39242711663246155
0.009525960311293602
0.7796740531921387
0.5451968908309937
0.9470705389976501
0.8211899399757385
0.28629058599472046
0.38594210147857666
0.1755717694759369
0.49702268838882446
0.5436245799064636
0.1509857475757599
0.845289409160614
0.3945433795452118
0.5414684414863586
0.011354757472872734
0.8480885028839111
0.9474122524261475
0.736939549446106
0.6882953643798828
0.28659820556640625
0.5801851749420166
0.7207623720169067
0.21028265357017517
0.10366515815258026
0.894500195980072
0.3449169397354126
0.06571681797504425
0.4171832501888275
0.10766652971506119
0.15644459426403046
0.6713359951972961
0.9698802828788757
0.8331347703933716
0.6753266453742981
0.6784957647323608
0.1927414834499359
0.8790224194526672
0.45240285992622375
0.1891413778066635
0.12908264994621277
0.05182822421193123
0.8704627156257629
0.0516730472445488
0.5648305416107178
0.21984922885894775
0.7344031929969788
0.6633367538452148
0.9464707970619202
0.30920863151550293
0.2876509130001068
0.5142844915390015
0.08828937262296677
0.4773285984992981
0.7740393877029419
0.4212108552455902
0.7463008165359497
0.5403671860694885
0.14637862145900726
0.03969636186957359
0.038034871220588684
0.9762218594551086
0.6278712749481201
0.5143288969993591
0.37268492579460144
0.2646258771419525
0.031542833894491196
0.01791827194392681
0.39732423424720764
0.5573690533638
0.10145660489797592
0.15453912317752838
0.4768175184726715
0.1284031718969345
0.587785542011261
0.6847679018974304
0.41297647356987
0.44966793060302734
0.07419905811548233
0.4943426549434662
0.5346614122390747
0.15077653527259827
0.8763362765312195
0.7837167382240295
0.12047690153121948
0.013643884100019932
0.2761421799659729
0.7661457061767578
0.9556364417076111
0.1469835788011551
0.3105061650276184
0.4337773621082306
0.6535648107528687
0.5985039472579956
0.004147789441049099
0.1979040503501892
0.24255689978599548
0.2701685130596161
0.49926871061325073
0.07986880093812943
0.3417757451534271
0.6365571618080139
0.8710607290267944
0.48089995980262756
0.3055342733860016
0.6308856010437012
0.058121878653764725
0.7755205631256104
0.5739169120788574
0.6808606386184692
0.8082884550094604
0.06718791276216507
0.3212145268917084
0.00010035917512141168
0.8527531623840332
0.001939422101713717
0.01902700401842594
0.7158617377281189
0.07371728122234344
0.5318905711174011
0.19875884056091309
0.7435775995254517
0.5349935293197632
0.8756965398788452
0.9048057794570923
0.4551011025905609
0.7546187043190002
0.7404209971427917
0.6295376420021057
0.8338031768798828
0.45172977447509766
0.8701432943344116
0.1460321843624115
0.4470217823982239
0.9504199028015137
0.46635133028030396
0.31378230452537537
0.1410112977027893
0.9778828620910645
0.37604978680610657
0.6841238737106323
0.522790789604187
0.4453001618385315
0.32283368706703186
0.9488399028778076
0.37841254472732544
0.3936684727668762
0.1588088870048523
0.7707643508911133
0.20125038921833038
0.9111493229866028
0.9005266427993774
0.3811795115470886
0.9085373878479004
0.17842945456504822
0.959388792514801
0.46135252714157104
0.1850060075521469
0.04070816934108734
0.3033328056335449
0.12685443460941315
0.1722269505262375
0.5725659728050232
0.5428988933563232
0.012226000428199768
0.008294964209198952
0.13982467353343964
0.1983782947063446
0.8110736012458801
0.029101107269525528
0.6211277842521667
0.02028428576886654
0.7963628172874451
0.26516544818878174
0.7228447794914246
0.9162108898162842
0.3635675609111786
0.9166924953460693
0.3296866714954376
0.16541141271591187
0.5575997233390808
0.7951794862747192
0.5800837278366089
0.9043627977371216
0.7170894742012024
0.8758974671363831
0.1383437067270279
0.21625757217407227
0.5573574900627136
0.12769372761249542
0.10752102732658386
0.1655852496623993
0.09021633863449097
0.9458296298980713
0.3809368908405304
0.17011786997318268
0.8324847221374512
0.565515398979187
0.45238038897514343
0.9117652773857117
0.5366305112838745
0.0005107252509333193
0.5147116780281067
0.009378411807119846
0.028958262875676155
0.4576188623905182
0.11295952647924423
0.5669998526573181
0.3491477966308594
0.32659009099006653
0.9644653797149658
0.7441481947898865
0.754513680934906
0.6128534078598022
0.11226879805326462
0.529441773891449
0.2821677327156067
0.2654881775379181
0.6629897952079773
0.09452784061431885
0.9552650451660156
0.79656982421875
0.3577335476875305
0.8825891017913818
0.9134377837181091
0.41569748520851135
0.3589034676551819
0.5202809572219849
0.06548120081424713
0.7424538135528564
0.8343225121498108
0.15781521797180176
0.21037432551383972
0.5479042530059814
0.016697462648153305
0.8262872099876404
0.19494056701660156
0.2662859857082367
0.70748370885849
0.3679596483707428
0.996472179889679
0.28940466046333313
0.9131764769554138
0.9884681105613708
0.3585105240345001
0.6692566871643066
0.5676195025444031
0.4152684211730957
0.8329157829284668
0.6139931678771973
0.8774247765541077
0.7495779395103455
0.4320078492164612
0.07643430680036545
0.7271701693534851
0.7054182887077332
0.4447048604488373
0.6217501759529114
0.7999453544616699
0.39062538743019104
0.3633161783218384
0.12188641726970673
0.1736455112695694
0.8804099559783936
0.5742281675338745
0.22229167819023132
0.31026482582092285
0.13820643723011017
0.20924235880374908
0.4499732553958893
0.6778990626335144
0.022230857983231544
0.6605352759361267
0.11845451593399048
0.18286758661270142
0.7237575054168701
0.36784958839416504
0.22987760603427887
0.7541682720184326
0.5283389091491699
0.054127443581819534
0.7488080859184265
0.854080855846405
0.6001130938529968
0.7705880999565125
0.8578302264213562
0.5644991993904114
0.895348310470581
0.4695056080818176
0.6166267991065979
0.2379857748746872
0.4885905683040619
0.9235963225364685
0.7814469933509827
0.18628288805484772
0.9670116305351257
0.08898352086544037
0.9812043905258179
0.4190656244754791
0.09902970492839813
0.7696675062179565
0.7081335186958313
0.44779229164123535
0.16877667605876923
0.9951413869857788
0.8477085828781128
0.6868271827697754
0.03241311386227608
0.2549785077571869
0.16353513300418854
0.5175084471702576
0.22627860307693481
0.3327942490577698
0.23194395005702972
0.6284705996513367
0.5501404404640198
0.24515879154205322
0.5460417866706848
0.5541529655456543
0.8504666686058044
0.12973228096961975
0.12916812300682068
0.55307537317276
0.9442041516304016
0.5899760723114014
0.5648395419120789
0.2771787643432617
0.7182985544204712
0.0864083468914032
0.4414941966533661
0.2057049572467804
0.8602675199508667
0.3595154285430908
0.8472275137901306
0.4026860296726227
0.0758151113986969
0.24065183103084564
0.16525889933109283
0.48730361461639404
0.14863431453704834
0.24549223482608795
0.16191494464874268
0.13707125186920166
0.21667423844337463
0.9947895407676697
0.061041317880153656
0.7298301458358765
0.7609805464744568
0.4680454432964325
0.32268935441970825
0.6990344524383545
0.6807661056518555
0.1446242332458496
0.6066796183586121
0.12372685968875885
0.5309638977050781
0.037730347365140915
0.2211596965789795
0.3660868704319
0.8374213576316833
0.02498745359480381
0.9512339234352112
0.44657957553863525
0.15987202525138855
0.10431893169879913
0.17194755375385284
0.7674194574356079
0.3425639569759369
0.3235984742641449
0.864850640296936
0.7042950987815857
0.1230660155415535
0.9927690625190735
0.9005363583564758
0.939514696598053
0.7441076040267944
0.02367813140153885
0.6500595808029175
0.4711836278438568
0.8604606986045837
0.25221192836761475
0.2361079901456833
0.4262831509113312
0.012497561052441597
0.28514447808265686
0.40204450488090515
0.3187866806983948
0.9450096487998962
0.7328685522079468
0.9732385873794556
0.16728806495666504
0.767896294593811
0.33010607957839966
0.7859901189804077
0.42858853936195374
0.10068631917238235
0.3391181230545044
0.5678616762161255
0.8344364762306213
0.3656461238861084
0.3530987799167633
0.02732086554169655
0.2774959206581116
0.04243290424346924
0.5500843524932861
0.5540472865104675
0.633118212223053
0.8007713556289673
0.5479155778884888
0.6377232074737549
0.8132596015930176
0.523323118686676
0.685262143611908
0.5991683602333069
0.6363918781280518
0.5565327405929565
0.008774385787546635
0.46653157472610474
0.8943570852279663
0.8745471239089966
0.8163593411445618
0.8957638144493103
0.5838760733604431
0.29850953817367554
0.5415591597557068
0.26877525448799133
0.22484785318374634
0.8651273846626282
0.1872287392616272
0.8185260891914368
0.3695177137851715
0.2950211763381958
0.24119572341442108
0.4894888997077942
0.3450421094894409
0.12002501636743546
0.031208360567688942
0.20566913485527039
0.05067720264196396
0.23060566186904907
0.7360550165176392
0.28305360674858093
0.20742569863796234
0.23854532837867737
0.008854630403220654
0.4539356529712677
0.6380548477172852
0.9306805729866028
0.7480666041374207
0.8628963232040405
0.7253941893577576
0.6171454787254333
0.6590828895568848
0.7411766052246094
0.7428788542747498
0.5885441303253174
0.37702062726020813
0.06119770556688309
0.27323028445243835
0.18871627748012543
0.18787039816379547
0.7930890321731567
0.2599785327911377
0.29246777296066284
0.7195737361907959
0.012902014888823032
0.7933685779571533
0.29097065329551697
0.5548238158226013
0.695524275302887
0.9995788335800171
0.5234229564666748
0.6003339290618896
0.6516294479370117
0.26023438572883606
0.34621429443359375
0.8069525361061096
0.24338750541210175
0.1933450549840927
0.6130116581916809
0.041127145290374756
0.8049972057342529
0.09804115444421768
0.7910405397415161
0.8960695862770081
0.02171509526669979
0.6995718479156494
0.3854866027832031
0.46853911876678467
0.10018265247344971
0.6347044706344604
0.6204302906990051
0.24574081599712372
0.18436619639396667
0.9883987903594971
0.14797133207321167
0.8960224986076355
0.5756199955940247
0.3071044087409973
0.4577283263206482
0.8425920009613037
0.6426956057548523
0.6247068047523499
0.21453741192817688
0.6276156306266785
0.03192846104502678
0.6252265572547913
0.18494607508182526
0.763500452041626
0.828779935836792
0.17205482721328735
0.11192920804023743
0.8315969109535217
0.747704029083252
0.5140956044197083
0.23119980096817017
0.02534637600183487
0.0845842957496643
0.7994670867919922
0.6334128379821777
0.4484021067619324
0.7769462466239929
0.12632958590984344
0.4224652349948883
0.03071422316133976
0.561273455619812
0.2473110556602478
0.3817669153213501
0.9054769277572632
0.7136282324790955
0.03277440741658211
0.8219854831695557
0.8282354474067688
0.1820797473192215
0.2996828854084015
0.6725690960884094
0.47768867015838623
0.11716525256633759
0.5296078324317932
0.6970675587654114
0.1764407604932785
0.23705975711345673
0.8933740854263306
0.643414318561554
0.7421751618385315
0.7688010334968567
0.5822719931602478
0.7554376721382141
0.6450381278991699
0.632841169834137
0.8720852136611938
0.07697531580924988
0.7962313294410706
0.49571412801742554
0.1272876262664795
0.12239931523799896
0.1439453661441803
0.15658734738826752
0.3252546787261963
0.5304431319236755
0.39001256227493286
0.10109646618366241
0.5389596223831177
0.49178555607795715
0.2491336315870285
0.6975580453872681
0.5313144326210022
0.9798277020454407
0.7174124121665955
0.4403674602508545
0.2659153342247009
0.15995877981185913
0.9445750713348389
0.5781944990158081
0.8720924854278564
0.653360903263092
0.35800376534461975
0.4724785089492798
0.6929203271865845
0.7826246619224548
0.5308842658996582
0.9212360978126526
0.1140822097659111
0.391347199678421
0.9816241264343262
0.80791175365448
0.2984623908996582
0.38382142782211304
0.9458726048469543
0.9417653679847717
0.4641614556312561
0.807379961013794
0.25243625044822693
0.8897916674613953
0.17203661799430847
0.3955256938934326
0.1638481616973877
0.17470689117908478
0.05144137889146805
0.22467760741710663
0.059921685606241226
0.5396511554718018
0.5500667691230774
0.477484792470932
0.15171122550964355
0.905426025390625
0.7702774405479431
0.8225669860839844
0.2760468125343323
0.8605326414108276
0.7476386427879333
0.30845358967781067
0.46156206727027893
0.5824512839317322
0.8298319578170776
0.11176353693008423
0.5279948711395264
0.06647554039955139
0.3629763424396515
0.08624890446662903
0.1774446666240692
0.993582010269165
0.7401980757713318
0.8456235527992249
0.7905299067497253
0.710058867931366
0.1650518923997879
0.5632014870643616
0.2075594961643219
0.4175224006175995
0.3320581018924713
0.6656622886657715
0.9946982264518738
0.40851444005966187
0.4037199318408966
0.7329884171485901
0.244838148355484
0.8543278574943542
0.08813656866550446
0.059110913425683975
0.6224986910820007
0.5844647288322449
0.44719091057777405
0.7215839624404907
0.4609155058860779
0.8554219007492065
0.4030245542526245
0.3235410451889038
0.4849332273006439
0.5327434539794922
0.84843909740448
0.6619912385940552
0.5139958262443542
0.941520094871521
0.623100221157074
0.5672910213470459
0.8194133043289185
0.611314058303833
0.13415756821632385
0.5984203815460205
0.2826296091079712
0.8103761672973633
0.3009702265262604
0.3498673141002655
0.28598493337631226
0.8579952120780945
0.5394453406333923
0.0677524209022522
0.11239362508058548
0.9491360783576965
0.13254345953464508
0.8594053983688354
0.8946636915206909
0.09029965102672577
0.24171580374240875
0.026182085275650024
0.47020530700683594
0.5334568023681641
0.6447934508323669
0.11015520244836807
0.6501952409744263
0.02753700129687786
0.7278487682342529
0.3180018961429596
0.48961228132247925
0.6190295219421387
0.6736306548118591
0.7143964171409607
0.3594387173652649
0.08933555334806442
0.43132609128952026
0.012436660937964916
0.41279715299606323
0.7698159217834473
0.9722627401351929
0.6781469583511353
0.924151599407196
0.5472598671913147
0.6684890389442444
0.6951844096183777
0.2120755910873413
0.4577817916870117
0.8882863521575928
0.06440462917089462
0.9106815457344055
0.4048967957496643
0.46135881543159485
0.3791823089122772
0.34335067868232727
0.6533134579658508
0.42610490322113037
0.1409968137741089
0.6444740295410156
0.7849993109703064
0.1840261071920395
0.33483627438545227
0.7515336275100708
0.05763578787446022
0.9346369504928589
0.4416391849517822
0.34145477414131165
0.8012704849243164
0.9399303197860718
0.08992462605237961
0.2023613005876541
0.09165751934051514
0.6995857357978821
0.608310878276825
0.0698016881942749
0.8167993426322937
0.31266146898269653
0.2692914605140686
0.8278708457946777
0.10339938849210739
0.8791438937187195
0.9510971903800964
0.8647136092185974
0.440053254365921
0.9206210970878601
0.7862851023674011
0.354112446308136
0.521083414554596
0.9040717482566833
0.2763795256614685
0.9707662463188171
0.12197833508253098
0.301705002784729
0.33770230412483215
0.19219689071178436
0.8675685524940491
0.21585728228092194
0.2339475154876709
0.30881187319755554
0.47629618644714355
0.8623907566070557
0.8837520480155945
0.601712703704834
0.7189988493919373
0.8121997117996216
0.4112059772014618
0.9679716229438782
0.5202260613441467
0.708052933216095
0.28016388416290283
0.6161947250366211
0.8026670217514038
0.05503079295158386
0.35003480315208435
0.18979686498641968
0.2657952308654785
0.9937155842781067
