512 2 3
0
207
363
1
480
504
2
295
445
3
139
159
4
197
236
5
245
493
6
127
341
7
130
170
8
11
384
9
19
510
10
224
460
11
265
426
12
154
458
13
31
314
14
45
206
15
19
57
16
288
491
17
164
391
18
416
460
19
196
279
20
110
382
21
232
368
22
239
421
23
396
501
24
117
239
25
262
302
26
258
300
27
237
507
28
103
201
29
78
117
30
103
182
25
31
179
8
18
32
24
33
332
34
128
508
35
46
102
36
136
383
37
137
433
6
38
164
39
187
485
20
40
372
41
247
446
42
106
176
43
123
421
15
44
136
45
177
213
46
137
507
47
422
487
48
130
309
49
168
230
50
190
252
51
196
238
52
178
457
53
88
335
54
96
188
55
171
297
48
56
144
57
204
362
58
131
167
59
378
464
60
286
302
61
91
191
62
105
362
33
63
117
64
369
424
65
101
188
17
66
285
67
83
328
36
51
68
69
170
171
70
119
457
71
235
425
58
72
231
73
101
173
74
259
430
29
75
335
76
225
443
77
78
93
58
78
373
18
79
427
47
80
500
12
81
482
7
42
82
83
109
454
56
84
272
85
215
474
79
86
287
87
133
286
75
88
499
89
426
434
90
222
389
22
91
287
92
321
350
60
93
408
70
94
436
70
95
308
96
276
502
97
237
461
98
263
417
85
99
296
100
194
346
78
101
333
49
98
102
103
356
496
104
134
327
104
105
146
106
304
468
107
112
282
108
111
122
94
109
165
110
244
341
111
361
511
50
112
273
113
254
510
114
175
301
115
365
404
20
116
382
102
117
354
25
118
445
119
374
506
111
120
485
121
269
427
122
415
458
29
74
123
124
229
441
57
125
237
84
126
502
0
127
151
59
111
128
129
132
445
24
130
498
131
188
244
83
132
466
119
133
185
134
249
429
135
139
240
136
144
306
83
137
361
49
138
394
76
139
325
96
140
455
141
170
475
98
142
434
87
143
222
40
144
455
145
151
451
146
200
341
119
147
275
105
111
148
149
206
280
78
130
150
29
151
220
96
152
198
153
277
380
154
227
297
53
155
189
156
216
437
153
157
168
86
158
509
159
254
367
82
85
160
161
173
378
13
98
162
163
240
298
10
164
361
107
165
413
75
133
166
167
205
434
94
168
483
169
297
317
111
119
170
147
171
233
151
172
340
124
173
262
174
272
411
75
175
221
176
357
424
177
224
453
178
428
477
179
268
298
9
180
404
181
382
398
182
191
318
135
183
283
48
184
291
185
312
510
186
232
233
187
450
509
69
188
414
142
189
440
5
190
255
80
191
336
192
453
464
193
389
453
194
304
347
117
178
195
33
156
196
142
197
297
185
198
471
199
234
264
1
195
200
201
278
427
202
208
340
94
203
457
123
204
332
205
361
463
122
206
299
104
207
432
208
281
306
196
209
295
51
210
456
211
427
475
167
212
293
213
327
354
214
462
504
199
215
266
23
149
216
217
301
435
36
218
397
5
111
219
220
490
496
221
234
469
153
222
311
15
182
223
224
347
350
105
225
327
226
355
477
227
307
419
228
495
496
220
229
274
28
96
230
57
231
241
232
297
435
159
193
233
49
191
234
18
235
281
120
236
318
42
237
406
38
233
238
126
239
319
58
122
240
241
262
405
18
236
242
140
243
261
74
244
315
245
314
455
246
250
473
153
247
380
230
248
354
236
249
384
234
250
323
8
138
251
84
252
281
203
253
448
56
216
254
2
255
405
256
297
322
257
315
487
258
259
495
255
259
439
78
195
260
100
261
424
262
335
483
181
221
263
247
264
318
5
67
265
266
364
395
98
121
267
268
324
382
91
269
417
90
250
270
89
271
502
272
348
396
44
273
285
274
345
389
107
275
416
107
276
368
263
277
298
278
454
463
248
279
410
98
280
506
223
281
415
119
282
335
267
283
465
284
441
445
275
285
466
244
286
490
260
287
327
200
235
288
103
229
289
40
53
290
265
291
355
205
217
292
39
70
293
268
294
437
295
468
480
6
64
296
142
297
303
298
341
468
16
171
299
89
212
300
235
269
301
286
302
451
10
303
382
276
304
342
280
305
359
10
117
306
282
307
333
296
308
373
51
100
309
10
231
310
264
311
495
41
116
312
313
430
460
239
314
327
157
207
315
106
316
439
42
317
487
284
293
318
319
379
488
192
272
320
189
306
321
97
187
322
317
323
482
205
324
490
287
325
326
288
326
473
319
327
473
0
163
328
259
329
453
107
330
433
244
331
460
298
332
507
102
296
333
187
334
438
306
335
508
96
192
336
275
337
343
214
338
433
232
306
339
340
389
451
277
341
427
41
342
358
59
111
343
144
309
344
2
242
345
257
346
458
142
250
347
41
144
348
196
349
468
77
350
419
27
235
351
144
311
352
7
353
409
0
290
354
2
47
355
251
356
386
62
142
357
206
358
376
69
211
359
116
128
360
194
303
361
310
347
362
61
363
461
232
364
503
153
223
365
152
366
389
61
170
367
48
368
503
134
369
427
95
311
370
344
371
410
16
151
372
373
436
439
203
374
468
35
355
375
250
312
376
352
377
475
0
254
378
306
379
381
22
341
380
182
381
456
67
100
382
326
383
472
9
178
384
36
385
482
260
265
386
39
95
387
316
349
388
311
389
471
63
129
390
298
391
482
125
388
392
151
282
393
214
394
424
0
339
395
396
420
444
121
146
397
44
177
398
284
399
462
149
400
468
327
356
401
339
400
402
188
403
418
92
97
404
166
359
405
298
405
406
5
156
407
88
408
496
41
193
409
66
410
426
297
410
411
97
217
412
143
333
413
322
363
414
205
272
415
229
299
416
66
313
417
254
266
418
49
418
419
41
420
506
52
137
421
49
350
422
35
150
423
330
424
510
101
425
505
331
426
480
30
427
457
282
388
428
66
109
429
7
142
430
91
164
431
158
413
432
295
433
439
189
191
434
361
435
455
345
427
436
236
237
437
44
407
438
282
336
439
125
369
440
60
330
441
12
385
442
271
365
443
89
156
444
193
344
445
115
407
446
42
281
447
7
367
448
166
235
449
161
424
450
44
418
451
289
452
495
260
301
453
409
454
508
225
251
455
249
400
456
267
457
474
181
193
458
459
468
488
75
204
460
19
170
461
23
201
462
80
162
463
256
343
464
187
373
465
111
437
466
248
354
467
115
254
468
240
469
489
237
415
470
199
471
493
236
472
488
70
367
473
227
416
474
36
108
475
95
110
476
326
472
477
381
473
478
22
422
479
310
400
480
11
481
498
26
465
482
60
473
483
35
467
484
211
339
485
43
234
486
460
487
498
177
299
488
173
356
489
119
402
490
10
299
491
367
481
492
220
346
493
46
99
494
373
384
495
85
116
496
9
421
497
4
125
498
308
421
499
350
422
500
310
472
501
85
484
502
169
489
503
122
232
504
242
295
505
250
391
506
225
281
507
318
326
508
207
486
509
63
141
510
89
230
511
0.9517278075218201
0.3288819193840027
0.48499155044555664
0.30940717458724976
0.12839530408382416
0.030286265537142754
0.489656537771225
0.2874673902988434
0.6364001631736755
0.33284786343574524
0.8498235940933228
0.8914103507995605
0.36766505241394043
0.46762990951538086
0.7413081526756287
0.17247992753982544
0.749816358089447
0.8511620759963989
0.5259615182876587
0.3499237298965454
0.39275360107421875
0.02367377281188965
0.40834397077560425
0.5188088417053223
0.2085018754005432
0.7147516012191772
0.058133743703365326
0.0357527993619442
0.5719257593154907
0.4256351888179779
0.5322369337081909
0.8570485711097717
0.44930675625801086
0.9826723337173462
0.12796808779239655
0.21011178195476532
0.4942515790462494
0.2175895720720291
0.8067196607589722
0.926703691482544
0.34222644567489624
0.9487468004226685
0.8329770565032959
0.44179633259773254
0.6013952493667603
0.29781287908554077
0.5092466473579407
0.21146245300769806
0.2741660177707672
0.8127368688583374
0.47487157583236694
0.5894423127174377
0.42679262161254883
0.0528673492372036
0.6843416690826416
0.9985390305519104
0.023605069145560265
0.12651123106479645
0.1031375452876091
0.7181034684181213
0.9336790442466736
0.6034426689147949
0.06541869789361954
0.5486958026885986
0.5727381706237793
0.696200966835022
0.009435107000172138
0.9237171411514282
0.5280546545982361
0.8343791365623474
0.33600613474845886
0.22564390301704407
0.8552190661430359
0.10454054176807404
0.5639779567718506
0.9337417483329773
0.08236267417669296
0.8454746603965759
0.7039440870285034
0.5636881589889526
0.4518015682697296
0.5393140912055969
0.5930985808372498
0.7487452030181885
0.1901448518037796
0.9972267150878906
0.10720755904912949
0.1790272444486618
0.5651466846466064
0.0488671250641346
0.9275021553039551
0.5411465167999268
0.7771185636520386
0.5550667643547058
0.1886851042509079
0.740042507648468
0.5939021110534668
0.07933808863162994
0.37636733055114746
0.8654597401618958
0.5214101076126099
0.09183667600154877
0.025289218872785568
0.2343602031469345
0.18976883590221405
0.408779501914978
0.9167693853378296
0.45949941873550415
0.5615970492362976
0.4680333733558655
0.4309976398944855
0.3070257008075714
0.5376803278923035
0.9269035458564758
0.1811768263578415
0.6352725028991699
0.5145718455314636
0.99773770570755
0.39091187715530396
0.19081279635429382
0.7882654666900635
0.9813451170921326
0.2806912660598755
0.22543734312057495
0.49692684412002563
0.07978560775518417
0.38075119256973267
0.6675394773483276
0.1250384896993637
0.4705033600330353
0.08492186665534973
0.5910392999649048
0.8692863583564758
0.0806298702955246
0.698914647102356
0.7043892741203308
0.033603034913539886
0.4390774369239807
0.9989948868751526
0.3407537639141083
0.33132606744766235
0.300374299287796
0.47220858931541443
0.879356324672699
0.10536952316761017
0.7659335732460022
0.6438609957695007
0.43998613953590393
0.14302298426628113
0.7296627759933472
0.49045348167419434
0.012245407328009605
0.7133440971374512
0.6344755291938782
0.9809224009513855
0.06265664845705032
0.6594944000244141
0.036811064928770065
0.37602800130844116
0.3105202317237854
0.012029058299958706
0.9148610234260559
0.9285128712654114
0.2499782294034958
0.33103904128074646
0.041463326662778854
0.001080601359717548
0.29828783869743347
0.08497104048728943
0.19321393966674805
0.9293727874755859
0.10797204822301865
0.6618344783782959
0.06796428561210632
0.5144684910774231
0.8916239738464355
0.595583438873291
0.10117636620998383
0.6199475526809692
0.6979003548622131
0.4723658561706543
0.16063836216926575
0.5760768055915833
0.4148483872413635
0.5939727425575256
0.6135402917861938
0.9839962124824524
0.7321599721908569
0.9284907579421997
0.7706476449966431
0.9271843433380127
0.13471145927906036
0.38102808594703674
0.5096116065979004
0.44075748324394226
0.8727364540100098
0.3076520562171936
0.7743891477584839
0.30351558327674866
0.41417622566223145
0.18740035593509674
0.020151006057858467
0.9730218052864075
0.35153642296791077
0.22902660071849823
0.5409558415412903
0.78797447681427
0.5793986320495605
0.5850159525871277
0.5769516825675964
0.6793856620788574
0.8256344199180603
0.0833553597331047
0.3263370394706726
0.43654799461364746
0.6800143718719482
0.4269450008869171
0.2386305183172226
0.12467992305755615
0.9021944999694824
0.33876320719718933
0.4719533324241638
0.3315378725528717
0.9449290037155151
0.02178022265434265
0.21569620072841644
0.47376886010169983
0.05696363374590874
0.08911324292421341
0.030110299587249756
0.29320579767227173
0.7343074679374695
0.24298961460590363
0.9342663288116455
0.14570775628089905
0.9028401374816895
0.6958537101745605
0.6471453905105591
0.08380438387393951
0.8409697413444519
0.40939006209373474
0.40075287222862244
0.5912898182868958
0.7055553197860718
0.9090249538421631
0.7494329214096069
0.34844616055488586
0.1835271567106247
0.9227682948112488
0.5784583687782288
0.3066774308681488
0.15078775584697723
0.20680135488510132
0.5422399044036865
0.8361860513687134
0.533940315246582
0.7759039402008057
0.6203762292861938
0.7797719836235046
0.3726183772087097
0.9444628357887268
0.11848901212215424
0.8085382580757141
0.34796902537345886
0.3467411696910858
0.24688774347305298
0.643098771572113
0.8055076599121094
0.3736092746257782
0.9438107013702393
0.8701093792915344
0.6531620025634766
0.4480615556240082
0.16248880326747894
0.9742653965950012
0.5875713229179382
0.9851632714271545
0.4231065511703491
0.2238112837076187
0.47801244258880615
0.7000415325164795
0.39500749111175537
0.47903409600257874
0.13593067228794098
0.2761079967021942
0.7610386610031128
0.6908382773399353
0.9740073680877686
0.3307152986526489
0.3439396619796753
0.45722925662994385
0.0920519009232521
0.6927511096000671
0.445965975522995
0.9703783392906189
0.10488339513540268
0.8835654854774475
0.8911308646202087
0.7791553139686584
0.5676760077476501
0.018375292420387268
0.6064431667327881
0.5361166000366211
0.16915090382099152
0.6431315541267395
0.549225926399231
0.8305769562721252
0.743994951248169
0.23287443816661835
0.20043927431106567
0.49570855498313904
0.27916401624679565
0.9270274043083191
0.5891029834747314
0.5793028473854065
0.07429715991020203
0.5318158268928528
0.5756629705429077
0.3624061346054077
0.8384817242622375
0.46280860900878906
0.3742997944355011
0.8191714286804199
0.35144340991973877
0.16300681233406067
0.5400999188423157
0.8400093913078308
0.41336768865585327
0.9872896671295166
0.9894065260887146
0.009121332317590714
0.3102228343486786
0.6278250813484192
0.43139374256134033
0.8704255223274231
0.5177471041679382
0.5581427812576294
0.09513784945011139
0.10854081809520721
0.92340087890625
0.9776726961135864
0.6320906281471252
0.3969956040382385
0.5288893580436707
0.4947735369205475
0.9824600219726562
0.26451319456100464
0.007832080125808716
0.20746120810508728
0.15509288012981415
0.46906599402427673
0.0792095959186554
0.68681800365448
0.02204914391040802
0.46330776810646057
0.15265442430973053
0.28599271178245544
0.6954134702682495
0.45748451352119446
0.5522914528846741
0.19454801082611084
0.8375099897384644
0.26669639348983765
0.6319265365600586
0.7740188241004944
0.8640223741531372
0.4980452060699463
0.3778156340122223
0.7912017703056335
0.3223901391029358
0.39598020911216736
0.5292603969573975
0.7761997580528259
0.8069118857383728
0.8724945187568665
0.7071000933647156
0.5299534797668457
0.7805345058441162
0.01462970394641161
0.08323664218187332
0.6754326224327087
0.14283567667007446
0.37042778730392456
0.372292697429657
0.14067122340202332
0.8416011333465576
0.3739883601665497
0.08624552190303802
0.010486979968845844
0.9562713503837585
0.5008904337882996
0.8718223571777344
0.1446143537759781
0.15224546194076538
0.5561572909355164
0.8794713616371155
0.628056526184082
0.6237348318099976
0.14647774398326874
0.89565110206604
0.3734729588031769
0.46763649582862854
0.02199608087539673
0.18723194301128387
0.14611023664474487
0.5493504405021667
0.48212486505508423
0.8200225830078125
0.8306599259376526
0.7640679478645325
0.94547039270401
0.3845066726207733
0.204838827252388
0.0455765426158905
0.6510691046714783
0.05143958330154419
0.4280841648578644
0.2815227806568146
0.08496585488319397
0.7625625729560852
0.13752830028533936
0.6583760380744934
0.7780845165252686
0.7922555208206177
0.07927465438842773
0.275905042886734
0.6609331369400024
0.3882533311843872
0.39504727721214294
0.039461810141801834
0.014578555710613728
0.12435901910066605
0.9692124724388123
0.01838626340031624
0.3934982717037201
0.8134039044380188
0.7910630106925964
0.9002652168273926
0.02319314330816269
0.5245683789253235
0.11670981347560883
0.23223261535167694
0.5373623967170715
0.8337587118148804
0.8310670852661133
0.16012953221797943
0.8792952299118042
0.008070990443229675
0.7376267910003662
0.13004538416862488
0.10523724555969238
0.05442262440919876
0.49353736639022827
0.52923184633255
0.9131927490234375
0.501753568649292
0.29367995262145996
0.4210066795349121
0.5421924591064453
0.9924684166908264
0.07212460041046143
0.021333593875169754
0.22397172451019287
0.06738370656967163
0.20304690301418304
0.5412431955337524
0.02198759838938713
0.6013415455818176
0.671506941318512
0.8937520384788513
0.964963972568512
0.8530200123786926
0.2047094702720642
0.8786378502845764
0.6482916474342346
0.817367672920227
0.16418342292308807
0.6962975263595581
0.06010286509990692
0.037136390805244446
0.609319806098938
0.9889370203018188
0.5844855904579163
0.6683704853057861
0.13070674240589142
0.8812459707260132
0.5579524636268616
0.40536588430404663
0.6459751725196838
0.54460608959198
0.5234307050704956
0.3311266303062439
0.21549244225025177
0.1709243357181549
0.8622227907180786
0.03985094279050827
0.22349222004413605
0.8713337779045105
0.2173890620470047
0.4341893792152405
0.9561498165130615
0.14490965008735657
0.15780162811279297
0.7476494908332825
0.44480928778648376
0.13193103671073914
0.8001469969749451
0.3061333894729614
0.26372039318084717
0.1921069622039795
0.989136278629303
0.10350625216960907
0.0009442815789952874
0.5856643319129944
0.2414826899766922
0.5058900713920593
0.5626367330551147
0.6394312381744385
0.8125990033149719
0.19372694194316864
0.7610323429107666
0.5201656222343445
0.970638632774353
0.8324635624885559
0.2428601235151291
0.3967752158641815
0.48414844274520874
0.7495822906494141
0.16783197224140167
0.5795962810516357
0.5095936059951782
0.6572359800338745
0.013755619525909424
0.6534973978996277
0.19794979691505432
0.5518752932548523
0.2025902271270752
0.2553914785385132
0.43696916103363037
0.2641296684741974
0.2513236403465271
0.3082817792892456
0.9787872433662415
0.7188190221786499
0.2635975480079651
0.640064001083374
0.8634989857673645
0.03792068362236023
0.9340025186538696
0.25222110748291016
0.17306110262870789
0.6703866124153137
0.4704829156398773
0.9952598214149475
0.021734360605478287
0.9517406821250916
0.5631097555160522
0.8052560687065125
0.9812953472137451
0.004025755915790796
0.17226944863796234
0.019974548369646072
0.9064403772354126
0.032004643231630325
0.3508545756340027
0.1907581090927124
0.5659690499305725
0.11394020915031433
0.9870838522911072
0.9875324964523315
0.1694667637348175
0.48102957010269165
0.6963194012641907
0.20135879516601562
0.6075664162635803
0.13112333416938782
0.39404603838920593
0.40324777364730835
0.40351763367652893
0.17399685084819794
0.2870609760284424
0.8530004620552063
0.4674872159957886
0.10177434235811234
0.9242046475410461
0.9394083619117737
0.9281602501869202
0.08489575237035751
0.9855594038963318
0.29001057147979736
0.5422647595405579
0.13605880737304688
0.08216577023267746
0.18269036710262299
0.2500036656856537
0.6018452048301697
0.520676851272583
0.44181594252586365
0.8621591329574585
0.15028996765613556
0.6116757392883301
0.41482850909233093
0.07591074705123901
0.6689231991767883
0.30803000926971436
0.9523318409919739
0.5941281914710999
0.6327589154243469
0.15146493911743164
0.47789138555526733
0.9814137816429138
0.6783334016799927
0.5270312428474426
0.503237247467041
0.18604347109794617
0.13809889554977417
0.5859317183494568
0.6195991039276123
0.48111894726753235
0.7434188723564148
0.611994743347168
0.17884813249111176
0.15995217859745026
0.9105046391487122
0.17904606461524963
0.51106858253479
0.3777765929698944
0.40317073464393616
0.36797207593917847
0.22137054800987244
0.43799105286598206
0.22040875256061554
0.8957607746124268
0.00663376459851861
0.26135820150375366
0.46185263991355896
0.8094238042831421
0.8197296857833862
0.5089012980461121
0.7950891852378845
0.9262758493423462
0.7407224178314209
0.025675110518932343
0.7008936405181885
0.29468974471092224
0.9501616358757019
0.36004284024238586
0.1474934071302414
0.5992258191108704
0.3929033875465393
0.6425758004188538
0.9457390904426575
0.01932181790471077
0.3719818592071533
0.7116981148719788
0.7761655449867249
0.9281266331672668
0.30229753255844116
0.9060476422309875
0.8040701746940613
0.8001480102539062
0.5494073033332825
0.5383299589157104
0.15496304631233215
0.8966207504272461
0.5486705899238586
0.551873505115509
0.38955914974212646
0.36902424693107605
0.843459963798523
0.9879969358444214
0.5824159383773804
0.5272489190101624
0.42444711923599243
0.6907944083213806
0.8806287050247192
0.03941497579216957
0.1531766653060913
0.8668906688690186
0.5406631827354431
0.7525134682655334
0.8626095056533813
0.4534183740615845
0.7288886904716492
0.9794366359710693
0.9458726644515991
0.5539767146110535
0.4036458134651184
0.25745025277137756
0.3323565125465393
0.9631620645523071
0.4690203368663788
0.19809840619564056
0.5478928685188293
0.6055256724357605
0.46371889114379883
0.36539721488952637
0.900825023651123
0.13463979959487915
0.5664387345314026
0.13124090433120728
0.9941045641899109
0.0887923613190651
0.7210323810577393
0.48732712864875793
0.6145519614219666
0.8409674763679504
0.4845110774040222
0.39250844717025757
0.8620884418487549
0.11444374918937683
0.6583569645881653
0.11351615935564041
0.273505300283432
0.9959812760353088
0.7071965336799622
0.8093386888504028
0.38983258605003357
0.009952464140951633
0.12824538350105286
0.22529779374599457
0.4433872401714325
0.3169459104537964
0.8859802484512329
0.28700533509254456
0.07576485723257065
0.06511335074901581
0.5254245400428772
0.08041325956583023
0.023898141458630562
0.9725967645645142
0.019807767122983932
0.5215171575546265
0.571313202381134
0.7644996047019958
0.4059446454048157
0.0942755788564682
0.25597113370895386
0.9992303848266602
0.21759101748466492
0.6578000783920288
0.4418339729309082
0.13713210821151733
0.14959368109703064
0.4865835905075073
0.8622795939445496
0.024884309619665146
0.7329863905906677
0.44729334115982056
0.3877546191215515
0.8009752631187439
0.8649896383285522
0.7835392951965332
0.46762141585350037
0.5952951908111572
0.06601252406835556
0.8387429714202881
0.36330270767211914
0.9168742299079895
0.9878235459327698
0.18769454956054688
0.40631505846977234
0.3466942310333252
0.46391063928604126
0.2975890338420868
0.05435745045542717
0.5277302265167236
0.8703173995018005
0.5977218747138977
0.35843122005462646
0.8266510367393494
0.46872085332870483
0.7493966817855835
0.3329741060733795
0.6253529787063599
0.6063990592956543
0.842627227306366
0.10723606497049332
0.5748326182365417
0.9026132822036743
0.5154460072517395
0.722854495048523
0.3179135024547577
0.6844272613525391
0.34532466530799866
0.16673773527145386
0.5698078870773315
0.36788269877433777
0.5892903208732605
0.19047200679779053
0.5373414158821106
0.2400933802127838
0.036366600543260574
0.9445115923881531
0.26866623759269714
0.903382420539856
0.40066081285476685
0.9201305508613586
0.5589980483055115
0.6925981640815735
0.8893767595291138
0.49575328826904297
0.007881013676524162
0.7609573006629944
0.5634044408798218
0.9651996493339539
0.37861162424087524
0.2385110855102539
0.008172844536602497
0.8484682440757751
0.43107014894485474
0.6931596398353577
0.6315284371376038
0.28117695450782776
0.14027440547943115
0.8494242429733276
0.22409455478191376
0.10126711428165436
0.9009327292442322
0.6782585382461548
0.19705820083618164
0.27566593885421753
0.27723193168640137
0.869640052318573
0.4907982647418976
0.3795440196990967
0.028711259365081787
0.847189724445343
0.2270163744688034
0.2153937965631485
0.5008541941642761
0.20432759821414948
0.31681880354881287
0.018432768061757088
0.21665173768997192
0.6158676147460938
0.6891118288040161
0.051527105271816254
0.042612284421920776
0.21358953416347504
0.017420917749404907
0.7264285087585449
0.8645333051681519
0.2427995353937149
0.3308107554912567
0.4825027585029602
0.7914446592330933
0.5463976263999939
0.9513031244277954
0.1927168220281601
0.6644200682640076
0.633407711982727
0.5531194806098938
0.24241039156913757
0.7517403960227966
0.021181456744670868
0.8209014534950256
0.6460217833518982
0.6519364714622498
0.6123140454292297
0.9096638560295105
0.9328969120979309
0.6452666521072388
0.3084287643432617
0.18470993638038635
0.9970270395278931
0.08584072440862656
0.9581750631332397
0.07259202748537064
0.42189088463783264
0.4623984098434448
0.49502333998680115
0.46206891536712646
0.7438969016075134
0.0017517292872071266
0.2493768036365509
0.39851701259613037
0.7209997177124023
0.641285240650177
0.28205206990242004
0.4044431149959564
0.3456840217113495
0.6909545063972473
0.18817010521888733
0.7620716691017151
0.34989386796951294
0.9773567318916321
0.8193789720535278
0.8127341866493225
0.37470272183418274
0.3751869201660156
0.1571931093931198
0.03412282466888428
0.7956730723381042
0.0924314558506012
0.3887656629085541
0.7841268181800842
0.32310715317726135
0.022516096010804176
0.6376034617424011
0.5296730399131775
0.0709950178861618
0.16490130126476288
0.832086443901062
0.499883770942688
0.6205129623413086
0.6742565631866455
0.7524089813232422
0.4453777074813843
0.007276299875229597
0.6132370233535767
0.17707684636116028
0.097596675157547
0.20834779739379883
0.19950589537620544
0.7218453884124756
0.6377118229866028
0.3131808936595917
0.7155497670173645
0.9074947834014893
0.47992777824401855
0.2528698444366455
0.5562594532966614
0.2661963105201721
0.6195740103721619
0.7092459797859192
0.21610578894615173
0.5088703632354736
0.15578339993953705
0.9242797493934631
0.20925183594226837
0.7903745770454407
0.9559388160705566
0.12205000966787338
0.09817452728748322
0.022902676835656166
0.24368500709533691
0.9212380051612854
0.4461115896701813
0.13344207406044006
0.7989535331726074
0.6743634939193726
0.9911784529685974
0.5560026168823242
0.2755299508571625
0.7493095993995667
0.0867818146944046
0.6512563824653625
0.23940685391426086
0.19000037014484406
0.6602016091346741
0.9325610995292664
0.03383421525359154
0.4898921251296997
0.014080257155001163
0.02214105613529682
0.2168993204832077
0.41044533252716064
0.2387681007385254
0.45350390672683716
0.49883466958999634
0.48663195967674255
0.4576185345649719
0.02154298685491085
0.20525184273719788
0.19577212631702423
0.6085836291313171
0.709166407585144
0.8038404583930969
0.7996671199798584
0.29468870162963867
0.05772343650460243
0.7108920216560364
0.7648352980613708
0.6257659792900085
0.3680447041988373
0.4622899889945984
0.33115366101264954
0.3181409239768982
0.34368282556533813
0.32879728078842163
0.31486058235168457
0.8208776712417603
0.9070661664009094
0.1352221667766571
0.6858662366867065
0.7443632483482361
0.246805801987648
0.7982210516929626
0.202615424990654
0.18150706589221954
0.9082022309303284
0.4108597934246063
0.24864986538887024
0.10842766612768173
0.6643986105918884
0.7027276158332825
0.8885645866394043
0.38484856486320496
0.11552508175373077
0.8884705901145935
0.15307974815368652
0.032870929688215256
0.4423419237136841
0.7132666707038879
0.08526718616485596
0.5912348031997681
0.4637102782726288
0.9984818696975708
0.08570034056901932
0.018150312826037407
0.5936404466629028
0.27832046151161194
0.3709200918674469
0.9532585740089417
0.098602794110775
0.30708011984825134
0.02869263105094433
0.9873283505439758
0.9435992240905762
0.7029989361763
0.09732486307621002
0.6462375521659851
0.6470683217048645
0.17869910597801208
0.1755838841199875
0.7744492888450623
0.3005041778087616
0.23890496790409088
0.7860280871391296
0.07547891139984131
0.07875814288854599
0.3220840394496918
0.341280072927475
0.5525557398796082
0.39854303002357483
0.5305908918380737
0.09545298665761948
0.3550194799900055
0.8157967925071716
0.22011685371398926
0.4543100893497467
0.9886130690574646
0.8186890482902527
0.1544864922761917
0.07321150600910187
0.7583408951759338
0.19011004269123077
0.45134636759757996
0.8718858361244202
0.45997872948646545
0.058567892760038376
0.5304087400436401
0.6166654229164124
0.9659013748168945
0.9902074337005615
0.1775018721818924
0.3374607264995575
0.731545627117157
0.07791325449943542
0.4130376875400543
0.7943941354751587
0.075335294008255
0.22475668787956238
0.5702285766601562
0.9435018301010132
0.13875217735767365
0.4051268398761749
0.04173693433403969
0.09937074780464172
0.6415551900863647
0.060488756746053696
0.4563533663749695
0.9432569146156311
0.5548442006111145
0.40302494168281555
0.18072961270809174
0.26915693283081055
0.6585913896560669
0.623431384563446
0.8114870190620422
0.6969790458679199
0.528175413608551
0.10018836706876755
0.5749769806861877
0.5885195732116699
0.7988966107368469
0.5355454683303833
0.19715164601802826
0.5042853951454163
0.7091161608695984
0.32444000244140625
0.9974949359893799
0.7259981632232666
0.31706151366233826
0.7326260805130005
0.7793225646018982
0.9108611345291138
0.7887778282165527
0.7648016214370728
0.932005763053894
0.4951188564300537
0.6079103946685791
0.7823150157928467
0.8157002329826355
0.3886827826499939
0.257046103477478
0.40714582800865173
0.37918561697006226
0.4567933678627014
0.21924258768558502
0.8468614816665649
0.9402984380722046
0.845019519329071
0.04748004674911499
0.5145925283432007
0.9593024849891663
0.7314941883087158
0.046253930777311325
0.6049246788024902
0.6351335048675537
0.2589048445224762
0.30237528681755066
0.793292224407196
0.5458695888519287
0.6942689418792725
0.7747501730918884
0.1290828138589859
0.3666790723800659
0.41608959436416626
0.7943243980407715
0.7532368302345276
0.5592902302742004
0.5860439538955688
0.17867517471313477
0.4101778268814087
0.9310845732688904
0.708210289478302
0.34694990515708923
0.606156587600708
0.4574659466743469
0.8357484936714172
0.940508246421814
0.6260377764701843
0.5566006898880005
0.4521467089653015
0.6885700225830078
0.8004252910614014
0.2483191043138504
0.16447223722934723
0.5178334712982178
0.652587354183197
0.788316011428833
0.7373054623603821
0.27885639667510986
0.344943642616272
0.8751015067100525
0.557937502861023
0.07074572890996933
0.7452563643455505
0.028434647247195244
0.1416497826576233
0.7016887664794922
0.3871593177318573
0.7052978277206421
0.9803637862205505
0.902290940284729
0.01923763006925583
0.17054437100887299
0.8521353602409363
0.5714606642723083
0.11727166175842285
0.5027573704719543
0.5741650462150574
0.12922997772693634
0.7558871507644653
0.006388277746737003
0.7550607919692993
0.5463524460792542
0.7120538949966431
0.982846736907959
0.5566002130508423
0.469252347946167
0.9160809516906738
0.0021176517475396395
0.7456737756729126
0.006751387845724821
0.43341174721717834
0.9485811591148376
0.20534276962280273
0.738918662071228
0.6815217137336731
0.3025926351547241
0.9272531867027283
0.8106440901756287
0.9242032766342163
0.4838545620441437
0.6205936670303345
0.04394226148724556
0.5937712788581848
0.029479103162884712
0.4889816343784332
0.7427329421043396
0.5983485579490662
0.2583616375923157
0.30670151114463806
0.10855574160814285
0.2252560704946518
0.7893215417861938
0.39671778678894043
0.3610773980617523
0.8917877674102783
0.8825840950012207
0.5249415636062622
0.6190180778503418
0.4852035939693451
0.3461570739746094
0.6286189556121826
0.1363483965396881
0.15405075252056122
0.7605217099189758
0.5620474219322205
0.5121088027954102
0.4346386790275574
0.37038692831993103
0.7438806891441345
0.8811249136924744
0.7188847661018372
0.639093816280365
0.9210323095321655
0.23424981534481049
0.05663738772273064
0.4326381981372833
0.06377162784337997
0.21115390956401825
0.20158880949020386
0.6880171298980713
0.36304301023483276
0.9220907092094421
0.7131071090698242
0.16220878064632416
0.18620510399341583
0.14441858232021332
0.8179939985275269
0.19104734063148499
0.7043683528900146
0.3644511103630066
0.9195029139518738
0.8972176909446716
0.25669047236442566
0.9197941422462463
0.19183030724525452
0.06492019444704056
0.5542159676551819
0.42317479848861694
0.1488635390996933
0.1962820291519165
0.6093603372573853
0.3881450891494751
0.2855205237865448
0.7516603469848633
0.916366696357727
0.24649633467197418
0.9595595598220825
0.5159164667129517
0.1909291297197342
0.06611420959234238
0.824345588684082
0.5678939819335938
0.6152446269989014
0.8175396919250488
0.3031094968318939
0.6663482785224915
0.030497897416353226
0.3765318989753723
0.6984574794769287
0.134086474776268
0.5165268182754517
0.4975171685218811
0.8069177269935608
0.8477599024772644
0.9859388470649719
0.8130242824554443
0.33701759576797485
0.7165068984031677
0.25587695837020874
0.8463208675384521
0.5613371133804321
0.9877089858055115
0.2806772291660309
0.8349989056587219
0.6001990437507629
0.591746985912323
0.5629521608352661
0.9722697734832764
0.39832520484924316
0.20506106317043304
0.6283966898918152
0.6954963803291321
0.3365649878978729
0.9767268300056458
0.5388391017913818
0.9785458445549011
0.7554651498794556
0.38497278094291687
0.10403144359588623
0.5114867091178894
0.20222565531730652
0.2054317593574524
0.14072944223880768
0.8625423312187195
0.8315868377685547
0.34543001651763916
0.48819535970687866
0.5184457302093506
0.17867201566696167
0.4787360429763794
0.9570823907852173
0.7705579996109009
0.8475896716117859
0.556317925453186
0.523544430732727
0.6028552651405334
0.24920418858528137
0.5878533124923706
0.9203705191612244
0.25419917702674866
0.6960784792900085
0.17184944450855255
0.8704339265823364
0.7434234619140625
0.8184830546379089
0.52911376953125
0.09451514482498169
0.5410584211349487
0.5802040696144104
0.8002085089683533
0.5110555291175842
0.8145812749862671
0.5717250108718872
0.12015075236558914
0.020934758707880974
0.07496099919080734
0.5566408038139343
0.46667373180389404
0.8864842057228088
0.39667385816574097
0.9501523971557617
0.7519047260284424
0.9723708629608154
0.7726443409919739
0.6658555865287781
0.2972583472728729
0.6965792775154114
0.2829301953315735
0.37498465180397034
0.7752406001091003
0.08963826298713684
0.5763552188873291
0.3277824819087982
0.06038942560553551
0.1298973262310028
0.5141116380691528
0.43959981203079224
0.7032488584518433
0.35059013962745667
0.6910104155540466
0.8860730528831482
0.39464035630226135
0.8453605771064758
0.6123696565628052
0.3140456974506378
0.7402969002723694
0.3493410050868988
0.6242057681083679
0.6204543113708496
0.37569379806518555
0.6483877301216125
0.41365987062454224
0.02459613047540188
0.7823496460914612
0.314553827047348
0.35658738017082214
0.037652820348739624
0.16362786293029785
0.18945667147636414
0.5480453372001648
0.7874358296394348
0.12256208062171936
0.6140720248222351
0.7131237983703613
0.6336320042610168
0.592343807220459
0.5248712301254272
0.30568498373031616
0.5789041519165039
0.7921087741851807
0.2855193018913269
0.13059420883655548
0.7205848693847656
0.4109479784965515
0.004596997052431107
0.8172671794891357
0.8594626784324646
0.8151417970657349
0.6719537973403931
0.15770725905895233
0.7588655352592468
0.16202403604984283
0.12816409766674042
0.6887751221656799
0.40380793809890747
0.09119924157857895
0.2819000780582428
0.30380377173423767
0.8040941953659058
0.3875817656517029
0.9893209338188171
0.49939656257629395
0.734133780002594
0.37383392453193665
0.036530595272779465
0.7832919359207153
0.5867041945457458
0.4784988760948181
0.9503309726715088
0.49643194675445557
0.5922523736953735
0.38162335753440857
0.012204012833535671
0.5846761465072632
0.8371315598487854
0.41475197672843933
0.3391677737236023
0.2855357825756073
0.8936049342155457
0.6598448753356934
0.5101910829544067
0.49652010202407837
0.5514519810676575
0.41782641410827637
0.6459769010543823
0.9786396622657776
0.3639106750488281
0.5191209316253662
0.6073318123817444
0.8548746705055237
0.7193018198013306
0.5669735670089722
0.6463046073913574
0.8008407354354858
0.7237396240234375
0.4437062740325928
0.7498839497566223
0.6456030607223511
0.8849369883537292
0.5489273071289062
0.3843757212162018
0.533237636089325
0.26147329807281494
0.669460117816925
0.764579176902771
0.3072037100791931
0.5792610049247742
0.9379571676254272
0.04191619157791138
0.07851096242666245
0.4194296598434448
0.7268384099006653
0.44021111726760864
0.33475643396377563
0.5438947677612305
0.3455296456813812
0.9421769976615906
0.37738290429115295
0.6412970423698425
0.2605319023132324
0.5991972088813782
0.8794029355049133
0.9307796359062195
0.19741758704185486
0.7818138599395752
0.11504857987165451
0.021658118814229965
0.13471032679080963
0.1987159550189972
0.3006906807422638
0.26826491951942444
0.7372475266456604
0.05440300703048706
0.21193909645080566
0.988685667514801
0.6966238021850586
0.2545625567436218
0.5088228583335876
0.043486885726451874
0.7674668431282043
0.2854641377925873
0.05596913397312164
0.5537132024765015
0.47567036747932434
0.42614156007766724
0.006367031019181013
0.30998486280441284
0.910380482673645
0.36551937460899353
0.8573799133300781
0.8197068572044373
0.15355807542800903
0.5787768959999084
0.6490885019302368
0.2454214245080948
0.03488559275865555
0.39727407693862915
0.007720187772065401
0.8765127062797546
0.3117290437221527
0.22801926732063293
0.4839213788509369
0.06112309545278549
0.12814627587795258
0.5192781686782837
0.40828612446784973
0.2531284689903259
0.8630409836769104
0.11301693320274353
0.329876571893692
0.7345390915870667
0.4169308841228485
0.12868444621562958
0.6248826384544373
0.9674400687217712
0.8251491189002991
0.24915838241577148
0.01880919188261032
0.29991674423217773
0.6034181714057922
0.9877232909202576
0.9339162111282349
0.3940197825431824
0.6962050795555115
0.7203405499458313
0.7099614143371582
0.5571607351303101
0.08813179284334183
0.35177984833717346
0.30646464228630066
0.839165210723877
0.10015315562486649
0.44119882583618164
0.22174963355064392
0.4457913935184479
0.42420679330825806
0.012421781197190285
0.5627116560935974
0.14631541073322296
0.01450280286371708
0.4232953190803528
0.6548073291778564
0.7425687909126282
0.22524486482143402
0.08444414287805557
0.3113200068473816
0.037009067833423615
0.8817360401153564
0.8945642709732056
0.13694889843463898
0.3532002568244934
0.6998755931854248
0.20014333724975586
0.6665093898773193
0.6025724411010742
0.8517352938652039
0.9629754424095154
0.8467556238174438
0.36534711718559265
0.5142940878868103
0.23476141691207886
0.9024160504341125
0.5740336775779724
0.6069985032081604
0.2806013226509094
0.7830719351768494
0.8366290926933289
0.6235805749893188
0.8873254060745239
0.5351848006248474
0.7569666504859924
0.23837162554264069
0.8372324705123901
0.09971517324447632
0.45385366678237915
0.20614773035049438
0.41798973083496094
0.5420978665351868
0.8921100497245789
0.9608314633369446
0.8609429001808167
0.8201385140419006
0.8394937515258789
0.17842161655426025
0.6637843251228333
0.7977008819580078
0.0031025628559291363
0.13721643388271332
0.8205992579460144
0.5612481236457825
0.1075592190027237
0.6459247469902039
0.6299276947975159
0.431746244430542
0.8771389722824097
0.6689760684967041
0.5401952862739563
0.7237813472747803
0.13699844479560852
0.3553907573223114
0.6904646754264832
0.1444142609834671
0.46595194935798645
0.0355878621339798
0.6134060025215149
0.5307819247245789
0.4048903286457062
0.01618076115846634
0.8369855284690857
0.9761186838150024
0.7584426403045654
0.20129701495170593
0.1802581399679184
0.9366274476051331
0.9458398818969727
0.4079294800758362
0.4919564723968506
0.4945308268070221
0.22834664583206177
0.261393666267395
0.46436530351638794
0.7202004790306091
0.9004221558570862
0.6727653741836548
0.7773555517196655
0.9901285171508789
0.8560120463371277
0.7827970385551453
0.3776560425758362
0.36059293150901794
0.7247520089149475
0.4068089425563812
0.046706464141607285
0.5292918086051941
0.6233091354370117
0.6632730960845947
0.4573221504688263
0.4948729872703552
0.26508036255836487
0.6030296683311462
0.21987669169902802
0.28201282024383545
0.8376836776733398
0.5847641229629517
0.6023203730583191
0.8668954968452454
0.3458835184574127
0.3771379292011261
0.021616358309984207
0.41488295793533325
0.905141294002533
0.740453839302063
0.2226652055978775
0.9120301604270935
0.45660099387168884
0.7689945101737976
0.41582709550857544
0.48253288865089417
0.3637286126613617
0.6302764415740967
0.9178240299224854
0.4675010144710541
0.8761745095252991
0.927064836025238
0.6408880352973938
0.23598307371139526
0.7459297180175781
0.3562585711479187
0.07242583483457565
0.6394224166870117
0.8040973544120789
0.5243191123008728
0.7802162170410156
0.6614781022071838
0.851796567440033
0.25684046745300293
0.571652889251709
0.002125145634636283
0.9906249642372131
0.9422159790992737
0.9844587445259094
0.3266172409057617
0.8047375679016113
0.6579082608222961
0.057670965790748596
0.8462702035903931
0.7392094731330872
0.9955831170082092
0.6229353547096252
0.6872308850288391
0.9417354464530945
0.6762294769287109
0.5551110506057739
0.7115016579627991
0.10401291400194168
0.7883796095848083
0.027951259166002274
0.06863056868314743
0.5626024603843689
0.02625492960214615
0.7566866278648376
0.2934238612651825
0.37973323464393616
0.9235261678695679
0.08998797088861465
0.9924217462539673
0.07058107107877731
0.6850025057792664
0.6873534321784973
0.015745101496577263
0.8164380788803101
0.35220620036125183
0.4002637565135956
0.5276405811309814
0.6445600986480713
0.07525911182165146
0.7847703099250793
0.25752341747283936
0.24046015739440918
0.8605574369430542
0.5591657161712646
0.24970069527626038
0.24414730072021484
0.8717948198318481
0.2540847957134247
0.03285008668899536
0.1480654776096344
0.677983283996582
0.14137548208236694
0.59525066614151
0.08925261348485947
0.2783670723438263
0.6450706720352173
0.8906320333480835
0.9771624207496643
0.05618676915764809
0.7451768517494202
0.28690749406814575
0.01454097405076027
0.7340161204338074
0.28959956765174866
0.21826651692390442
0.42764344811439514
0.6332582235336304
0.6155042052268982
5.733963189413771e-05
0.6822920441627502
0.3847571015357971
0.6592778563499451
0.015876665711402893
0.20200861990451813
0.24808602035045624
0.1889238804578781
0.5278527140617371
0.40621086955070496
0.21384944021701813
0.5135883092880249
0.6732346415519714
0.6341971755027771
0.6332343816757202
0.2820580303668976
0.8341603875160217
0.692065417766571
0.8186798095703125
0.8383215665817261
0.44771453738212585
0.0822632685303688
0.14224204421043396
0.543364405632019
0.46636977791786194
0.01832299306988716
0.8043668866157532
0.12429066002368927
0.4280766248703003
0.6357114911079407
0.25586801767349243
0.6312061548233032
0.14388197660446167
0.8720078468322754
0.08566492795944214
0.7177378535270691
0.6638169884681702
0.4001505374908447
0.05544407293200493
0.8172595500946045
0.0962512195110321
0.6835408210754395
0.4609886705875397
0.6478819251060486
0.5202504396438599
0.9402164220809937
0.3688173294067383
0.4751238524913788
0.12479828298091888
0.9806290864944458
0.25186827778816223
0.26499268412590027
0.9343876242637634
0.8828560709953308
0.3805046081542969
0.35426828265190125
0.8164080381393433
0.744789719581604
0.924063503742218
0.3177674412727356
0.48075932264328003
0.4153837561607361
0.023957010358572006
0.3119131624698639
0.029069915413856506
0.8261793851852417
0.9514126181602478
0.1209283098578453
0.7198788523674011
0.008635304868221283
0.868211567401886
0.041630350053310394
0.4336791932582855
0.5294058918952942
0.41374272108078003
0.3487755358219147
0.004953103139996529
0.22097744047641754
0.10517793893814087
0.24319614470005035
0.07047037035226822
0.3210897743701935
0.18928663432598114
0.8164414763450623
0.6670687794685364
0.029583271592855453
0.4307469129562378
0.8818092942237854
0.23529215157032013
0.5951022505760193
0.38667792081832886
0.13474611937999725
0.21617208421230316
0.14863748848438263
0.05335289612412453
0.006068934220820665
0.37640437483787537
0.14408047497272491
0.6581668853759766
0.4598599076271057
0.6753728985786438
0.11345716565847397
0.8356794714927673
0.9372974634170532
0.5943037867546082
0.3103615343570709
0.7005536556243896
0.20818816125392914
0.8290836811065674
0.4455326795578003
0.8312709927558899
0.707242488861084
0.7514420747756958
0.20266097784042358
0.2610543668270111
0.7912307977676392
0.3361966013908386
0.37930142879486084
0.3389260768890381
0.997224748134613
0.0792410671710968
0.8866527080535889
0.3902081251144409
0.042022816836833954
0.26573485136032104
0.7829809188842773
0.8060893416404724
0.18871062994003296
0.16239677369594574
0.5810742974281311
0.7839679718017578
0.5528477430343628
0.10376293957233429
0.8462613821029663
0.22624821960926056
0.8862025737762451
0.08902925252914429
0.22191545367240906
0.9590698480606079
0.47721707820892334
0.9685083627700806
0.8823968172073364
0.8129019141197205
0.4358009696006775
0.8589398264884949
0.9230550527572632
0.8568228483200073
0.6962714791297913
0.6917834877967834
0.1874055564403534
0.6542239189147949
0.11051210016012192
0.42021793127059937
0.6236932873725891
0.4595644772052765
0.6902889013290405
0.30710968375205994
0.7976424694061279
0.2612975537776947
0.9515297412872314
0.3750725984573364
0.8004370331764221
0.9975243806838989
0.1731109470129013
0.3789750039577484
0.8464072346687317
0.9694146513938904
0.25836655497550964
0.5345487594604492
0.9584309458732605
0.16273708641529083
0.4292435944080353
0.8220208287239075
0.6244357228279114
0.7783438563346863
0.23334148526191711
0.17530658841133118
0.4200689494609833
0.04584238678216934
0.27430459856987
0.42471250891685486
0.7325493693351746
0.4245010316371918
0.5486776828765869
0.18403559923171997
0.6747141480445862
0.1485006958246231
0.6288424730300903
0.08174196630716324
0.1317318081855774
0.05369051918387413
0.5077918767929077
0.16536179184913635
0.32752344012260437
0.11027495563030243
0.44274452328681946
0.696748673915863
0.08368286490440369
0.9979411363601685
0.04573453217744827
0.04013172909617424
0.7274945974349976
0.13181880116462708
0.5669622421264648
0.5181183218955994
0.26705002784729004
0.7346469759941101
0.31035107374191284
0.7816371321678162
0.7548620104789734
0.032312698662281036
0.25383031368255615
0.6245448589324951
0.9571060538291931
0.6760293841362
0.9139405488967896
0.8737541437149048
0.2860301733016968
0.7831887006759644
0.8814530968666077
0.10901792347431183
0.5123502016067505
0.5112747550010681
0.4843224585056305
0.36261752247810364
0.5094429850578308
0.24507346749305725
0.46879929304122925
0.1253623515367508
0.8935590982437134
0.80523681640625
0.8961782455444336
0.05392462760210037
0.08866222947835922
0.35729292035102844
0.7913938164710999
0.7775236368179321
0.8616330027580261
0.8832347989082336
0.9839655756950378
0.35415637493133545
0.7500361800193787
0.5234849452972412
0.8896069526672363
0.9380707144737244
0.9247047901153564
0.9113739132881165
0.5701503753662109
0.5868438482284546
0.5872779488563538
0.21625152230262756
0.675984799861908
0.6279101371765137
0.6146053671836853
0.739906907081604
0.8812515139579773
0.32407525181770325
0.5633682012557983
0.9438962936401367
0.6640821099281311
0.5637484192848206
0.3885055482387543
0.5821892619132996
0.07612141966819763
0.23027008771896362
0.8857077956199646
0.4199029505252838
0.8310309052467346
0.37353068590164185
0.11951766908168793
0.03144022449851036
0.6446873545646667
0.8115637302398682
0.03357315808534622
0.16457101702690125
0.5903869867324829
0.9239824414253235
0.19824042916297913
0.7474329471588135
0.6457800269126892
0.49554070830345154
0.40077048540115356
0.6162228584289551
0.9109769463539124
0.28363919258117676
0.9249433279037476
0.004937507677823305
0.8573070764541626
0.20945049822330475
0.13143467903137207
0.18548190593719482
0.6003020405769348
0.34851551055908203
0.4677760899066925
0.5640684366226196
0.8143301010131836
0.3329073190689087
0.9074375629425049
0.7238280177116394
0.9117955565452576
0.10224074125289917
0.781623899936676
0.12584803998470306
0.4244697093963623
0.1960439831018448
0.20683206617832184
0.05276263877749443
0.20206832885742188
0.5702052116394043
0.8009116053581238
0.5583338141441345
0.4876374304294586
0.8726986050605774
0.5180074572563171
0.8460134267807007
0.6656911969184875
0.7899934649467468
0.8077433109283447
0.513988733291626
0.26522746682167053
0.020662810653448105
0.9956599473953247
0.32552269101142883
0.5912807583808899
0.6386690139770508
0.2762725353240967
0.2637318968772888
0.6909863948822021
0.1831647902727127
0.10973580926656723
0.20947682857513428
0.1685464233160019
0.8351064920425415
0.5314915180206299
0.48504579067230225
0.5821651220321655
0.2665356993675232
0.568774938583374
0.7062914371490479
0.06679233908653259
0.8244161009788513
0.3851880431175232
0.6118245124816895
0.6397921442985535
0.040869347751140594
0.9824507236480713
0.21412359178066254
0.12040195614099503
0.03582420572638512
0.21022048592567444
0.3418229818344116
0.7810165286064148
0.9294369220733643
0.6554895043373108
0.5676937699317932
0.03254178911447525
0.21160422265529633
0.19094496965408325
0.09020903706550598
0.9275827407836914
0.6191354990005493
0.8969269394874573
0.9371457099914551
0.9022127985954285
0.07323183864355087
0.17328853905200958
0.31408581137657166
0.3005898892879486
0.06132633611559868
0.5692355632781982
0.07779820263385773
0.2306586354970932
0.030077943578362465
0.6153841614723206
0.9369139671325684
0.3005043864250183
0.11205264925956726
0.5186671614646912
0.11362940818071365
0.20145657658576965
0.47605159878730774
0.9945551156997681
0.7833220362663269
0.21280328929424286
0.9901272654533386
0.5970068573951721
0.3892006278038025
0.7325456738471985
0.2074570208787918
0.0364791676402092
0.019973265007138252
0.6135474443435669
0.8334239721298218
0.6003624200820923
0.26959002017974854
0.11431684345006943
0.8622488379478455
0.15832319855690002
0.27821412682533264
0.8588510155677795
0.7172128558158875
0.4844205677509308
0.961014986038208
0.5790531635284424
0.820786714553833
0.17867973446846008
0.7260273098945618
0.8857342004776001
0.9406223297119141
0.5067892074584961
0.27566689252853394
0.0469067357480526
0.14567150175571442
0.9431540966033936
0.05542447045445442
0.42855486273765564
0.3478923439979553
0.45554858446121216
0.19253292679786682
0.670634388923645
0.8053869605064392
0.07557699829339981
0.9466733932495117
0.5818864703178406
0.8114852905273438
0.602387547492981
0.3210901618003845
0.17561623454093933
0.44276899099349976
0.11269546300172806
0.6522617936134338
0.7144950032234192
0.8182776570320129
0.24084442853927612
0.29299014806747437
0.25559762120246887
0.5357372164726257
0.3443242609500885
0.03499550372362137
0.24320945143699646
0.1953447312116623
0.7129119038581848
0.7632685899734497
0.14702357351779938
0.5779258608818054
0.8103564977645874
0.38285282254219055
0.6737831830978394
0.11760438233613968
0.43156784772872925
0.24142104387283325
0.8028075098991394
0.04156285524368286
0.2645101547241211
0.4475327730178833
0.012534338980913162
0.3477439284324646
0.9265905022621155
0.7144886255264282
0.4431542456150055
0.6369935870170593
0.6305002570152283
0.08831886947154999
0.5414788126945496
0.4179885983467102
0.7696227431297302
0.8299745321273804
0.30615442991256714
0.8702532052993774
0.28616002202033997
0.07095593214035034
0.3722185492515564
0.4270082712173462
0.07016268372535706
0.39121368527412415
0.43603047728538513
0.7111760973930359
0.08540403097867966
0.45071351528167725
0.5045451521873474
0.4391512870788574
0.5425398349761963
0.35315340757369995
0.22455182671546936
0.0008143735467456281
0.5933922529220581
0.12829476594924927
0.5610620379447937
0.10350869596004486
0.6574445366859436
0.6577919721603394
0.44287705421447754
0.7848899364471436
0.4216018319129944
0.45554274320602417
0.08650601655244827
0.60693359375
0.7032017707824707
0.6095481514930725
0.96337890625
0.3371741473674774
0.04648803174495697
0.842161238193512
0.10040270537137985
0.6286963224411011
0.7737269401550293
0.4413300156593323
0.0598217211663723
0.4415920674800873
0.7896926999092102
0.20443026721477509
0.8687532544136047
0.9997848272323608
0.47898396849632263
0.8194844126701355
0.057651836425065994
0.13860946893692017
0.6979097127914429
0.8873268961906433
0.010324378497898579
0.9658756256103516
0.912829577922821
0.9975296258926392
0.2858840525150299
0.0008945671725086868
0.14771798253059387
0.1291053593158722
0.018785599619150162
0.5739685297012329
0.035374563187360764
0.6796459555625916
0.781316876411438
0.3003367781639099
0.4070730209350586
0.9653936624526978
0.24981670081615448
0.5702290534973145
0.01706434227526188
0.07383494079113007
0.4108515977859497
0.682103157043457
0.7216606140136719
0.9996002316474915
0.9181286692619324
0.20150607824325562
0.8757378458976746
0.46859195828437805
0.9839709401130676
0.003611297346651554
0.5151203274726868
0.21936801075935364
0.21997714042663574
0.9821224808692932
0.9097163081169128
0.9804924130439758
0.46989768743515015
0.28657469153404236
0.40037399530410767
0.8763605952262878
0.7873950004577637
0.2838229835033417
0.30078867077827454
0.03839478641748428
0.1760864555835724
0.6522477269172668
0.5983214378356934
0.478723406791687
0.12367809563875198
0.052893977612257004
0.43939104676246643
0.3322480022907257
0.8266227841377258
0.3138182461261749
0.9589605927467346
0.08457159250974655
0.5578290224075317
0.7516785264015198
0.31405729055404663
0.46729305386543274
0.2450907826423645
0.24251268804073334
0.3985186219215393
0.9441618323326111
0.039128828793764114
0.7454801797866821
0.8708713054656982
0.8743231296539307
0.1619395911693573
0.6140921115875244
0.7431573867797852
0.6165786385536194
0.4681338369846344
0.30409252643585205
0.5904147028923035
0.9703999757766724
0.8794483542442322
0.1298755556344986
0.7818446159362793
0.5498735308647156
0.8847129940986633
0.6126691102981567
0.5594728589057922
0.03778017684817314
0.21155227720737457
0.7212300300598145
0.22076860070228577
0.5730990171432495
0.7954264283180237
0.9718186259269714
0.7840887904167175
0.9523429274559021
0.11328035593032837
0.18123529851436615
0.3187863230705261
0.8065550923347473
0.8823885321617126
0.1908334195613861
0.25271791219711304
0.8160194754600525
0.14547792077064514
0.3844354450702667
0.2125181257724762
0.8390054702758789
0.8982741832733154
0.2708268165588379
0.23151768743991852
0.5762559175491333
0.6263408660888672
0.9379509687423706
0.4420792758464813
0.11412854492664337
0.998087465763092
0.6509324908256531
0.9964509010314941
0.011029776185750961
0.5347641110420227
0.9484274983406067
0.393610417842865
0.6124985218048096
0.15455053746700287
0.7953363060951233
0.4013766348361969
0.5635998249053955
0.3800894618034363
0.489306777715683
0.598280668258667
0.020140819251537323
0.6674472689628601
0.7602438926696777
0.5163112282752991
0.040080782026052475
0.3799991309642792
0.728715181350708
0.6019867062568665
0.8307099342346191
0.5775921940803528
0.5013658404350281
0.14544793963432312
0.8916582465171814
0.2355043739080429
0.40107542276382446
0.7721688747406006
0.624052107334137
0.685631275177002
0.9551497101783752
0.04019933193922043
0.7982586026191711
0.44342100620269775
0.8747942447662354
0.4845307171344757
0.30968642234802246
0.6962696313858032
0.05171147361397743
0.1400589644908905
0.10525282472372055
0.8593894243240356
0.21644991636276245
0.028765525668859482
0.2790371775627136
0.11858551949262619
0.9491932988166809
0.7986658215522766
0.359789103269577
0.904095470905304
0.39682433009147644
0.49040043354034424
0.7132720351219177
0.884181797504425
0.1326812356710434
0.641390323638916
0.8115816116333008
0.663523256778717
0.40594834089279175
0.6382248997688293
0.44354522228240967
0.6275202631950378
0.5893399715423584
0.2422565519809723
0.7260425686836243
0.7141279578208923
0.320979505777359
0.1527128517627716
0.3500139117240906
0.21742822229862213
0.20997673273086548
0.6592592000961304
0.5721608400344849
0.9332326650619507
0.005623007658869028
0.8756043314933777
0.8035950660705566
0.5801265835762024
0.736236035823822
0.9997068047523499
0.8835688233375549
0.0965014323592186
0.8636254668235779
0.7290678024291992
0.6016288995742798
0.9811594486236572
0.6936102509498596
0.22401808202266693
0.033383794128894806
0.9825423955917358
0.6221749186515808
0.6774644255638123
0.5758112668991089
0.1681717485189438
0.6098157167434692
0.9602587819099426
0.447785347700119
0.7175934910774231
0.3109109699726105
0.5809361934661865
0.09519665688276291
0.3775121569633484
0.6322062015533447
0.7509239315986633
0.5791922211647034
0.8672367334365845
0.5389722585678101
0.4764366149902344
0.3195825517177582
0.8068135380744934
0.6311201453208923
0.3645923435688019
0.14783909916877747
0.8255687952041626
0.2176147699356079
0.9002144932746887
0.32168149948120117
0.6273905038833618
0.16804173588752747
0.8841203451156616
0.21170291304588318
0.5166518092155457
0.2799384593963623
0.6843909025192261
0.16749358177185059
0.7138326168060303
0.7350239753723145
0.45362022519111633
0.7651306986808777
0.9763014912605286
0.17987902462482452
0.7766531705856323
0.03214799985289574
0.8516003489494324
0.9712026119232178
0.8149121999740601
0.32015475630760193
0.49855729937553406
0.5393497347831726
0.508529782295227
0.6888293623924255
0.5339184403419495
0.5234382748603821
0.7962175607681274
0.273037850856781
0.7769027352333069
0.10774937272071838
0.14505062997341156
0.4434764087200165
0.061371903866529465
0.30801352858543396
0.8842995762825012
0.682478129863739
0.00034867614158429205
0.023562859743833542
0.12594212591648102
0.8605329990386963
0.015360407531261444
0.707875669002533
0.7036281228065491
0.12954945862293243
0.6567177176475525
0.8466479778289795
0.4302133023738861
0.02498801052570343
0.35143324732780457
0.5698654055595398
0.9327275156974792
0.2587776482105255
0.48359474539756775
0.49150046706199646
0.9149994254112244
0.6980445981025696
0.4911634027957916
0.5056706070899963
0.0045594810508191586
0.9401172399520874
0.6294483542442322
0.7133491039276123
0.45979639887809753
0.3990391194820404
0.6216297745704651
0.8852956295013428
0.856575608253479
0.3796192705631256
0.7460616827011108
0.15906976163387299
0.07849982380867004
0.7007828950881958
0.9817628264427185
0.8011550903320312
0.15793918073177338
0.11168418824672699
0.8639436364173889
0.9612129330635071
0.832158088684082
0.4978756606578827
0.7674084305763245
0.8889964818954468
0.9256919622421265
0.07379350066184998
0.6054395437240601
0.2359267920255661
0.0745973289012909
0.7649701237678528
0.20706117153167725
0.8117099404335022
0.9662798047065735
0.2599039077758789
0.5498660206794739
0.6643868684768677
0.9501626491546631
0.5287243723869324
0.7763927578926086
0.17516082525253296
0.49312883615493774
0.0927586480975151
0.7096816301345825
0.7153286337852478
0.9363396167755127
0.9672149419784546
0.16051287949085236
0.8890931606292725
0.5330848097801208
0.9898566007614136
0.16265621781349182
0.7706142663955688
0.29760685563087463
0.2819490432739258
0.23466947674751282
0.9988508224487305
0.7633936405181885
0.8830751776695251
0.45103323459625244
0.013352504000067711
0.3714684844017029
0.8887894153594971
0.7272155284881592
0.5116495490074158
0.2587534189224243
0.9901233315467834
0.5509499907493591
0.06633859127759933
0.6839443445205688
0.9816117882728577
0.884259045124054
0.858018696308136
0.7813328504562378
0.6907894611358643
0.14438675343990326
0.44684338569641113
0.8483284115791321
0.11620815098285675
0.4251262843608856
0.13437879085540771
0.6820535063743591
0.3742446005344391
0.6129868626594543
0.4055805206298828
0.9076038599014282
0.6484725475311279
0.765863835811615
0.05035936459898949
0.1715935468673706
0.1285957247018814
0.7793006896972656
0.3606467545032501
0.5581936240196228
0.4797525405883789
0.09681487828493118
0.7881743311882019
0.7612344026565552
0.2284078598022461
0.7820705771446228
0.6306479573249817
0.3171854019165039
0.7936059832572937
0.25422123074531555
0.547458291053772
0.26205942034721375
0.936540961265564
0.6231085062026978
0.5254095196723938
0.552733302116394
0.8944056630134583
0.5825695991516113
0.5840544104576111
0.6562960147857666
0.7420339584350586
0.612903356552124
0.2859233617782593
0.2922193109989166
0.4593037962913513
0.03328210487961769
0.8058350086212158
0.08146999776363373
0.8522968888282776
0.6612992882728577
0.15505525469779968
0.7921723127365112
0.3709748387336731
0.07439108937978745
0.02505268156528473
0.7667526006698608
0.10467308014631271
0.9123993515968323
0.966515839099884
0.46178874373435974
0.6074379086494446
0.05792424827814102
0.23788200318813324
0.4748982787132263
0.981530487537384
0.9556410312652588
0.643073558807373
0.6524862051010132
0.24953410029411316
0.8498547673225403
0.24623844027519226
0.5222012996673584
0.19741256535053253
0.3239560127258301
0.3452933430671692
0.8593714833259583
0.6355093121528625
0.4359447956085205
0.8611164689064026
0.7401587963104248
0.26072368025779724
0.7961732149124146
0.3196978271007538
0.6019427180290222
0.4679855704307556
0.07248079776763916
0.37310707569122314
0.3590320944786072
0.862410843372345
0.379793256521225
0.036891236901283264
0.5188153982162476
0.32995450496673584
0.825923502445221
0.9820773601531982
0.06643509864807129
0.6691830158233643
0.42446136474609375
0.3564441502094269
0.8984988927841187
0.37662363052368164
0.9166883230209351
0.20134679973125458
0.11746294796466827
0.5193606615066528
0.23550903797149658
0.2695334553718567
0.05895787104964256
0.1285315752029419
0.4498580992221832
0.38721469044685364
0.0614786297082901
0.0697660967707634
0.5928663611412048
0.4844493865966797
0.6257630586624146
0.3819168210029602
0.018927820026874542
0.1698186844587326
0.6923121213912964
0.11086874455213547
0.046682972460985184
0.9777126908302307
0.3767574429512024
0.5129725337028503
0.6583290100097656
0.0019194697961211205
0.20657755434513092
0.30742499232292175
0.013033024966716766
0.6293458342552185
0.9262795448303223
0.07286886870861053
0.36109232902526855
0.3281683325767517
0.730448305606842
0.9892780780792236
0.9176537394523621
0.26911258697509766
0.9630330204963684
0.4117758572101593
0.47275683283805847
0.4803745746612549
0.5166873931884766
0.5067234039306641
0.31938061118125916
0.2363395392894745
0.7279354929924011
0.7960900664329529
0.9964495897293091
0.41160887479782104
0.8741190433502197
0.34243243932724
0.11486993730068207
0.597553014755249
0.208281010389328
0.5969051718711853
0.4228731095790863
0.40424296259880066
0.3112087845802307
0.12226341664791107
0.6228432059288025
0.5042575597763062
0.4642454981803894
0.30283957719802856
0.2687728703022003
0.10096150636672974
0.6633341312408447
0.3383374810218811
0.21051280200481415
0.6978572607040405
0.4256700873374939
0.8993900418281555
0.812388002872467
0.7472233772277832
0.24147233366966248
0.251763254404068
0.877821147441864
0.6823928356170654
0.6870394945144653
0.029694367200136185
0.30905863642692566
0.1528383046388626
0.37495261430740356
0.37787100672721863
0.010222941637039185
0.9354676604270935
0.9599713087081909
0.46676313877105713
0.025690697133541107
0.12180042266845703
0.09479005634784698
0.12791040539741516
0.09539099782705307
0.6363945007324219
0.6190139651298523
0.3639791011810303
0.7356675267219543
0.9344068169593811
0.3695392906665802
0.5275134444236755
0.763817310333252
0.5323717594146729
0.5704959034919739
0.24946728348731995
0.6801691651344299
0.4878193438053131
0.5340976715087891
0.2920341193675995
0.8349867463111877
0.720856249332428
0.37334635853767395
0.7669870853424072
0.9938001036643982
0.3922235369682312
0.22076202929019928
0.3910783529281616
0.9456723928451538
0.44240790605545044
0.4312930107116699
0.011910069733858109
0.42740756273269653
0.25080445408821106
0.9205114841461182
0.9641888737678528
0.02011551335453987
0.6916904449462891
0.12142767012119293
0.5757795572280884
0.5377200841903687
0.9285486340522766
0.858758807182312
0.3168681859970093
0.4910103380680084
0.8532462120056152
0.8650109171867371
0.6097707152366638
0.1303497552871704
0.0016601122915744781
0.49246686697006226
0.9927725791931152
0.9638299345970154
0.8360623717308044
0.028707008808851242
0.571167528629303
0.3642575144767761
0.31677311658859253
0.8075122237205505
0.04445034638047218
0.2012094110250473
0.26662591099739075
0.0994897186756134
0.09942357242107391
0.6283741593360901
0.7763009667396545
0.9553499817848206
0.11154480278491974
0.9257606863975525
0.4584965109825134
0.24016566574573517
0.43340301513671875
0.6248975396156311
0.28097233176231384
0.9808184504508972
0.9245545864105225
0.9614363312721252
0.23765110969543457
0.7935688495635986
0.008226564154028893
0.26875025033950806
0.6114264726638794
0.7602751851081848
0.15456396341323853
0.24155516922473907
0.332863450050354
0.5901852250099182
0.48720231652259827
0.9260492920875549
0.43356555700302124
0.14600767195224762
0.717799961566925
0.43083035945892334
0.19255287945270538
0.5359734296798706
0.004704966209828854
0.8667147755622864
0.839299201965332
0.7447193264961243
0.5204356908798218
0.8512176275253296
0.12326353788375854
0.5411132574081421
0.6639657616615295
0.05607173219323158
0.49987295269966125
0.06364770978689194
0.8554858565330505
0.8771175742149353
0.9132044315338135
0.4011004567146301
0.4366210997104645
0.973397433757782
0.720066487789154
0.7725687026977539
0.6191580891609192
0.4871424436569214
0.8222585916519165
0.11910995841026306
0.5447599291801453
0.9033345580101013
0.8809552788734436
0.04721551388502121
0.7468394637107849
0.02585834637284279
0.8903207778930664
0.76633220911026
0.0036888113245368004
0.0130366375669837
0.6351613402366638
0.11957134306430817
0.7396574020385742
0.1823939085006714
0.34423309564590454
0.44875568151474
0.9290041923522949
0.22664713859558105
0.9415126442909241
0.1402171105146408
0.12553755939006805
0.5822351574897766
0.01411172840744257
0.7606205940246582
0.3599793612957001
0.30575311183929443
0.5875312089920044
0.7731744050979614
0.8355281949043274
0.7168137431144714
0.08465465158224106
0.3975207209587097
0.5999113321304321
0.8235726356506348
0.556919276714325
0.9902597069740295
0.4969126582145691
0.8819510340690613
0.1543680727481842
0.5402350425720215
0.9349715709686279
0.8588577508926392
0.8918656706809998
0.228455051779747
0.4491216838359833
0.48947301506996155
0.2843987047672272
0.9235675930976868
0.37119466066360474
0.5322065353393555
0.5271593928337097
0.5868927240371704
0.8684377074241638
0.40407469868659973
0.6096556782722473
0.13429860770702362
0.692798912525177
0.8368126153945923
0.78929203748703
0.3969963788986206
0.11753550916910172
0.2466689646244049
0.1631142795085907
0.9906545281410217
0.08974514901638031
0.09618233889341354
0.13046471774578094
0.8172842264175415
0.8825571537017822
0.29107993841171265
0.6998130679130554
0.13553160429000854
0.44370394945144653
0.06525380164384842
0.1762034147977829
0.8430323600769043
0.6425190567970276
0.34668973088264465
0.38812193274497986
0.5661336779594421
0.7563179135322571
0.5785572528839111
0.6693575382232666
0.03577388450503349
0.7019664645195007
0.19919708371162415
0.20081637799739838
0.5935834646224976
0.2943960130214691
0.5772544741630554
0.2683984339237213
0.47476258873939514
0.971020519733429
0.3614021837711334
0.8074629306793213
0.6482689380645752
0.32048434019088745
0.2791888117790222
0.8663058280944824
0.08634677529335022
0.3059745728969574
0.03078933246433735
0.8578136563301086
0.09425144642591476
0.8753838539123535
0.4698939621448517
0.32876336574554443
0.4236412048339844
0.0838104784488678
0.9556823968887329
0.8940425515174866
0.8558775186538696
0.7971227765083313
0.8793153166770935
0.5425916314125061
0.24832601845264435
0.598274827003479
0.9116654396057129
0.033544767647981644
0.4664885997772217
0.5013280510902405
0.5911535024642944
0.7425531148910522
0.13218894600868225
0.8845949172973633
0.5534099340438843
0.048343680799007416
0.7613524198532104
0.7975524663925171
0.07076568156480789
0.9557330012321472
0.7847199440002441
0.5691678524017334
0.006391466595232487
0.6383235454559326
0.7359038591384888
0.5034360289573669
0.784628689289093
0.7898585200309753
0.5541154742240906
0.1743742674589157
0.1754245162010193
0.8759945034980774
0.8928292989730835
0.40783488750457764
0.7531434297561646
0.744505763053894
0.31549742817878723
0.3712330460548401
0.8378012776374817
0.7451554536819458
0.22403666377067566
0.8793227076530457
0.059768691658973694
0.8084555864334106
0.7433537244796753
0.23812876641750336
0.2415974736213684
0.44569113850593567
0.1476941704750061
0.262447327375412
0.09077605605125427
0.03226574510335922
0.3175976276397705
0.6759114861488342
0.13427411019802094
0.5680320858955383
0.8826237320899963
0.2598927319049835
0.8327206969261169
0.25559043884277344
0.4664424955844879
0.9710623025894165
0.8889780044555664
0.045299869030714035
0.7150309085845947
0.31531497836112976
0.019396914169192314
0.9301120042800903
0.6831884980201721
0.5353857278823853
0.16446040570735931
0.7682507038116455
0.4972081482410431
0.7117354273796082
0.28560513257980347
0.8114328384399414
0.47641682624816895
0.7800663113594055
0.5024804472923279
0.9388993978500366
0.23195697367191315
0.472594678401947
0.6387945413589478
0.24138890206813812
0.2007443606853485
0.7892000675201416
0.7819298505783081
0.8187898993492126
0.20017628371715546
0.15261167287826538
0.4331534504890442
0.5368261933326721
0.9587147831916809
0.028004253283143044
0.05203232541680336
0.6457625031471252
0.8637638092041016
0.9462725520133972
0.2053137570619583
0.449858158826828
0.09779366105794907
0.8455262184143066
0.36567163467407227
0.9663885831832886
0.9613457918167114
0.5435729622840881
0.45441219210624695
0.8438675999641418
0.5626162886619568
0.4256480038166046
0.522272527217865
0.8483614921569824
0.4742983281612396
0.04523710906505585
0.45431089401245117
0.3510708808898926
0.4058784246444702
0.9728599190711975
0.6420870423316956
0.9989555478096008
0.21327023208141327
0.6647066473960876
0.3605683445930481
0.03850709646940231
0.3870799243450165
0.591003954410553
0.23493042588233948
0.5438404679298401
0.8404406309127808
0.30027514696121216
0.23952190577983856
0.05576635152101517
0.02725367061793804
0.6900108456611633
0.7225008010864258
0.3831079304218292
0.8773964047431946
0.7717589735984802
0.7068983316421509
0.5631226301193237
0.658932089805603
0.8723310232162476
0.4034877419471741
0.7322448492050171
0.6522334218025208
0.1421710103750229
0.7213653922080994
0.7730633020401001
0.266915500164032
0.5480727553367615
0.06931120157241821
0.9798362255096436
0.09505828469991684
0.13367101550102234
0.6196667551994324
0.31429097056388855
0.876720666885376
0.16612675786018372
0.7267168164253235
0.7902042269706726
0.7650734782218933
0.7685009241104126
0.27820512652397156
0.14076411724090576
0.34708288311958313
0.8187752366065979
0.766998291015625
0.10629010200500488
0.5224577188491821
0.4643099009990692
0.979353666305542
0.719315230846405
0.5278677940368652
0.4516715109348297
0.34711939096450806
0.6072592735290527
0.9297114014625549
0.07056095451116562
0.006683063227683306
0.7872769236564636
0.3175283670425415
0.4174957275390625
0.43688851594924927
0.4503838121891022
0.43520182371139526
0.9524087309837341
0.2830471098423004
0.5505034327507019
0.26420584321022034
0.19345597922801971
0.9381925463676453
0.5511615872383118
0.282395601272583
0.33273521065711975
0.024429060518741608
0.9344122409820557
0.8555529713630676
0.3608756959438324
0.0893707200884819
0.6065646409988403
0.6654928922653198
0.9068307280540466
0.48456934094429016
0.6543495059013367
0.8162974119186401
0.7427777051925659
0.09615021198987961
0.13851520419120789
0.4850462079048157
0.43220189213752747
0.17046456038951874
0.16991682350635529
0.126759335398674
0.1237657442688942
0.8690785765647888
0.1569286584854126
0.47117891907691956
0.7712013125419617
0.8425438404083252
0.24707597494125366
0.23788151144981384
0.33050140738487244
0.8270473480224609
0.8725317716598511
0.9772874712944031
0.8064801096916199
0.1991066187620163
0.048562612384557724
0.8210785388946533
0.883350133895874
0.9625203609466553
0.6580995917320251
0.09801457077264786
0.3722032904624939
0.8987435102462769
0.3488784432411194
0.85693359375
0.7896600961685181
0.3462148904800415
0.2438569962978363
0.4081057012081146
0.4852239191532135
0.8132331967353821
0.6513460874557495
0.38381651043891907
0.7266312837600708
0.17263415455818176
0.6710925698280334
0.8385543823242188
0.1002144068479538
0.5965823531150818
0.7653092741966248
0.5657444596290588
0.08129899203777313
0.1530195027589798
0.9658529162406921
0.5966617465019226
0.9692285656929016
0.16268734633922577
0.30862462520599365
0.5205843448638916
0.3042745888233185
0.6875736117362976
0.2774251699447632
0.904433012008667
0.2675210237503052
0.08928889036178589
0.4323088526725769
0.9679722785949707
0.9068377017974854
0.7785495519638062
0.17450295388698578
0.9704265594482422
0.8411325216293335
0.23248742520809174
0.5710501670837402
0.9999480247497559
0.6351293921470642
0.5503376126289368
0.8007110357284546
0.8691505789756775
0.18063302338123322
0.21645334362983704
0.15640045702457428
0.2109258472919464
0.7117061614990234
0.34282490611076355
0.4767061173915863
0.6813160181045532
0.9904076457023621
0.7724701762199402
0.903976559638977
0.3654193878173828
0.2999446988105774
0.9361871480941772
0.6113796830177307
0.08061979711055756
0.7402777671813965
0.30593132972717285
0.5301947593688965
0.24306583404541016
0.6206796169281006
0.853448212146759
0.26162630319595337
0.07458548247814178
0.5167025327682495
0.3472931683063507
0.9041361212730408
0.896065890789032
0.18380819261074066
0.057058561593294144
0.0764632523059845
0.9840214848518372
0.8377341032028198
0.44457295536994934
0.046997297555208206
0.15747788548469543
0.25410082936286926
0.3301883637905121
0.4506637454032898
0.6645795106887817
0.33779895305633545
0.25078141689300537
0.7829403281211853
0.6656314134597778
0.20615120232105255
0.9467440247535706
0.9953863620758057
0.8587379455566406
0.2231026142835617
0.853344738483429
0.3657296895980835
0.5202163457870483
0.5801025629043579
0.5708456039428711
0.5335312485694885
0.8581177592277527
0.478328138589859
0.2750546634197235
0.16825875639915466
0.8142989277839661
0.0800374448299408
0.11290295422077179
0.9939356446266174
0.13133198022842407
0.32762446999549866
0.433254599571228
0.20212073624134064
0.35630548000335693
0.0877605602145195
0.9427255988121033
0.06074545159935951
0.4519850015640259
0.38402611017227173
0.347978413105011
0.1489584743976593
0.6799553036689758
0.19137802720069885
0.12175513058900833
0.6960342526435852
0.6015552878379822
0.071504145860672
0.7646680474281311
0.6234272122383118
0.803808331489563
0.332698255777359
0.5308272838592529
0.4421366751194
0.7065169215202332
0.7509708404541016
0.8613149523735046
0.41963618993759155
0.8515674471855164
0.12449564039707184
0.4295896887779236
0.59098881483078
0.047497544437646866
0.13325488567352295
0.0829668939113617
0.21599455177783966
0.8187962770462036
0.763628363609314
0.5174333453178406
0.03376488760113716
0.48520320653915405
0.35753077268600464
0.536658763885498
0.18431834876537323
0.8106459379196167
0.05869930237531662
0.9752675890922546
0.3623478412628174
0.8436038494110107
0.4390053451061249
0.8971525430679321
0.4939485192298889
0.3692683279514313
0.1289614886045456
0.4341145157814026
0.8697031140327454
0.25427788496017456
0.6615633964538574
0.19321972131729126
0.2739293873310089
0.7084311246871948
0.07463093101978302
0.0940319150686264
0.917592465877533
0.22874651849269867
0.09128318727016449
0.4955734312534332
0.8817903399467468
0.08942554146051407
0.7346042990684509
0.9703055620193481
0.9812416434288025
0.42075520753860474
0.4918416738510132
0.7993492484092712
0.4191957116127014
0.08574123680591583
0.13518959283828735
0.22774666547775269
0.2338794469833374
0.9716620445251465
0.08297494798898697
0.2896381914615631
0.24677667021751404
0.5550934672355652
0.2961011230945587
0.36444196105003357
0.39356550574302673
0.19653017818927765
0.4566611349582672
0.5969027876853943
0.4133210778236389
0.4294084310531616
0.9519147872924805
0.6603792309761047
0.8138365149497986
0.22706706821918488
0.17034856975078583
0.4135448932647705
0.2524685561656952
0.7120463848114014
0.6572932004928589
0.5115863680839539
0.36794495582580566
0.7257425785064697
0.6656691431999207
0.051550451666116714
0.16132234036922455
0.3812265694141388
0.9888136386871338
0.6286637187004089
0.8344835638999939
0.33775314688682556
0.2999257743358612
0.19997720420360565
0.988637387752533
0.6446177363395691
0.7711238265037537
0.09576145559549332
0.6251214742660522
0.23972761631011963
0.219800665974617
0.011354537680745125
0.8594724535942078
0.11844483017921448
0.2546079754829407
0.09854123741388321
0.2688264846801758
0.3281196355819702
0.04808014631271362
0.3789307475090027
0.48603567481040955
0.8801131844520569
0.341474324464798
0.8327091336250305
0.4549653232097626
0.2737916111946106
0.0005638856673613191
0.5760024189949036
0.8000618815422058
0.2822672426700592
0.3795509934425354
0.6356543898582458
0.09274536371231079
0.2598203122615814
0.6101384162902832
0.49691659212112427
0.684972882270813
0.09654928743839264
0.18862907588481903
0.13519856333732605
0.312762588262558
0.3464273512363434
0.15171895921230316
0.6412313580513
0.2111981362104416
0.22291125357151031
0.24496333301067352
0.11572841554880142
0.9281813502311707
0.9581905007362366
0.9887188673019409
0.8632035851478577
0.30255720019340515
0.06667236238718033
0.30966946482658386
0.7776690721511841
0.4800623059272766
0.4877958297729492
0.8001870512962341
0.034799639135599136
0.04482409730553627
0.4824291169643402
0.10652148723602295
0.8335309624671936
0.9066727757453918
0.07047613710165024
0.3489497900009155
0.24577556550502777
0.12193242460489273
0.6826364398002625
0.669303297996521
0.3961522579193115
0.3831353187561035
0.8233194947242737
0.9930592179298401
0.03953937441110611
0.6122363209724426
0.21236078441143036
0.6645496487617493
0.11544447392225266
0.03527097776532173
0.6175376176834106
0.0033767903223633766
0.5707007646560669
0.7231162786483765
0.3147624135017395
0.4141887128353119
0.5706222653388977
0.7994598746299744
0.7851690649986267
0.34990522265434265
0.6555734872817993
0.6579075455665588
0.2950775623321533
0.6661025285720825
0.253955215215683
0.340536892414093
0.7098743319511414
0.6738936305046082
0.8818151950836182
0.13274379074573517
0.8552141189575195
0.12364032119512558
0.5837037563323975
0.5990013480186462
0.31376492977142334
0.7609841823577881
0.016594180837273598
0.8648084402084351
0.9999956488609314
0.4391615092754364
0.8551201224327087
0.42042213678359985
0.960067868232727
0.49153468012809753
0.09680764377117157
0.10716261714696884
0.8532430529594421
0.9228460788726807
0.3606003224849701
0.393923819065094
0.510348379611969
0.7373260855674744
0.6662161946296692
0.20604297518730164
0.7817546725273132
0.5609154105186462
0.4187619388103485
0.8442559838294983
0.40541717410087585
0.19881241023540497
0.7280932068824768
0.17031322419643402
0.7351061105728149
0.9922670722007751
0.9071045517921448
0.7056477665901184
0.45634371042251587
0.20926474034786224
0.4449813961982727
0.11024737358093262
0.9780628681182861
0.5039956569671631
0.9181174635887146
0.9769096970558167
0.14927618205547333
0.1161460280418396
0.6587040424346924
0.5796703100204468
0.4041692614555359
0.5458446145057678
0.7873345613479614
0.14749252796173096
0.6926537752151489
0.8676422238349915
0.2979111969470978
0.19762779772281647
0.24332843720912933
0.3306359648704529
0.5098448991775513
0.7107075452804565
0.9027469158172607
0.494230180978775
0.013194607570767403
0.9534536004066467
0.9048025608062744
0.5388743877410889
0.5700460076332092
0.9019203782081604
0.9861636161804199
0.25277939438819885
0.7596994638442993
0.60716712474823
0.16113696992397308
0.7005347609519958
0.7285733819007874
0.5264391303062439
0.6571900844573975
0.41160494089126587
0.03665950149297714
0.2259635180234909
0.10509258508682251
0.007250505033880472
0.9559590816497803
0.3353542387485504
0.5498352646827698
0.4853788912296295
0.16545207798480988
0.6175986528396606
0.8866404294967651
0.21807238459587097
0.7885007858276367
0.5237926840782166
0.35968104004859924
0.11826645582914352
0.11902053654193878
0.007856952957808971
0.5132635235786438
0.9306326508522034
0.23977439105510712
0.7918988466262817
0.4922886788845062
0.3981533944606781
0.46811822056770325
0.3632967174053192
0.32319149374961853
0.48667216300964355
0.40707454085350037
0.003994115628302097
0.24177032709121704
0.5491302609443665
0.6312257051467896
0.10080976784229279
0.2895205318927765
0.5237563848495483
0.029071014374494553
0.5383243560791016
0.7290458679199219
0.038305435329675674
0.7728590965270996
0.9933053851127625
0.40006354451179504
0.5922898650169373
0.8816855549812317
0.8554150462150574
0.18573321402072906
0.2452574223279953
0.5055630803108215
0.9700474739074707
0.053951557725667953
0.5270838141441345
0.4328388273715973
0.8085587024688721
0.5710445642471313
0.45970940589904785
0.8307626247406006
0.5916035771369934
0.10017415881156921
0.4453656077384949
0.8998807668685913
0.8063614964485168
0.177853524684906
0.6068523526191711
0.760729193687439
0.33406978845596313
0.07946914434432983
0.4149457514286041
0.9400326609611511
0.7124406099319458
0.31310585141181946
0.7100013494491577
0.8435870409011841
0.4836033284664154
0.7477447390556335
0.8156793713569641
0.6384751796722412
0.5885509252548218
0.46295320987701416
0.7895065546035767
0.11334245651960373
0.026707492768764496
0.5040156245231628
0.1075030192732811
0.2057618796825409
0.4353023171424866
0.8037466406822205
0.28162920475006104
0.2839328348636627
0.7900367379188538
0.3060287833213806
0.6926424503326416
0.7876901030540466
0.9717665910720825
0.12681598961353302
0.9419310688972473
0.1287718117237091
0.5885761380195618
0.8428936004638672
0.1799408346414566
0.9121080040931702
0.5690268278121948
0.9678849577903748
0.9016767144203186
0.8418471813201904
0.520118772983551
0.8602298498153687
0.4379042387008667
0.7234402894973755
0.9599265456199646
0.35214030742645264
0.4680582284927368
0.41282880306243896
0.5125384330749512
0.9723256826400757
0.7813154458999634
0.19816748797893524
0.5904473066329956
0.6734440922737122
0.16303738951683044
0.8785980343818665
0.5288683176040649
0.21563658118247986
0.5144379734992981
0.21117359399795532
0.35432103276252747
0.7790197134017944
0.7967451810836792
0.11776609718799591
0.13044367730617523
0.30542901158332825
0.8538118004798889
0.4016225337982178
0.27611735463142395
0.6387510895729065
0.2913171350955963
0.9323198199272156
0.961159348487854
0.31907886266708374
0.4196181297302246
0.17127400636672974
0.06989429146051407
0.9055631160736084
0.4120117127895355
0.08475620299577713
0.4848500192165375
0.2575986981391907
0.5572702288627625
0.6484950184822083
0.15067771077156067
0.503724992275238
0.405587375164032
0.27747485041618347
0.6949613094329834
0.360185444355011
0.3491341173648834
0.30769458413124084
0.36322951316833496
0.7723097205162048
0.6687086820602417
0.2644900381565094
0.9603502750396729
0.3827829360961914
0.8934476375579834
0.2388724386692047
0.2460656464099884
0.7735676169395447
0.3063967227935791
0.7728822231292725
0.797734797000885
0.9873331189155579
0.6206502914428711
0.9723333120346069
0.7012755870819092
0.6042988300323486
0.1499364674091339
0.7115523815155029
0.45281800627708435
0.005841378588229418
0.426950067281723
0.6931933164596558
0.9996852874755859
0.8493121266365051
0.8887398838996887
0.4473002851009369
0.6156514286994934
0.6858034133911133
0.3147530257701874
0.4226868152618408
0.1021970883011818
0.4534815847873688
0.11638425290584564
0.6750332713127136
0.9142719507217407
0.5930920839309692
0.8870062232017517
0.39755386114120483
0.9441035389900208
0.08030269294977188
0.23911814391613007
0.14910542964935303
0.16995050013065338
0.7309907674789429
0.46594464778900146
0.2514501214027405
0.2804252803325653
0.8072896003723145
0.604458212852478
0.14069780707359314
0.763646125793457
0.734200119972229
0.27080509066581726
0.782518208026886
0.3649689257144928
0.8930697441101074
0.03814418613910675
0.191111221909523
0.13781775534152985
0.23534387350082397
0.30282455682754517
0.8725711703300476
0.8490369319915771
0.47968894243240356
0.2060820609331131
0.3058325946331024
0.31571656465530396
0.4535942077636719
0.5752975940704346
0.4258675277233124
0.0005628496292047203
0.6221565008163452
0.6845198273658752
0.1556849628686905
0.607351541519165
0.8680299520492554
0.3043265640735626
0.2872796654701233
0.1802310198545456
0.8537017107009888
0.10448773205280304
0.9994763731956482
0.3857731223106384
0.3376508951187134
0.6344895958900452
0.6885963082313538
0.6815934181213379
0.42114952206611633
0.27788764238357544
0.2751602530479431
0.0328855887055397
0.4229099452495575
0.9375991225242615
0.19096939265727997
0.6793792247772217
0.18547247350215912
0.6922007203102112
0.6342180371284485
0.7835118174552917
0.07570156455039978
0.5535422563552856
0.9313098788261414
0.004749980755150318
0.34975752234458923
0.05132848769426346
0.5518006682395935
0.48542702198028564
0.5642027854919434
0.9620934128761292
0.8107442855834961
0.34573182463645935
0.34207266569137573
0.21666552126407623
0.4217073917388916
0.4203287959098816
0.5666301846504211
0.5755703449249268
0.2819162905216217
0.7794934511184692
0.2777169346809387
0.7212206125259399
0.8253653049468994
0.0740344449877739
0.4777408838272095
0.0075103300623595715
0.7838571071624756
0.9785710573196411
0.17782263457775116
0.4471092224121094
0.02296193689107895
0.9737008213996887
0.1455688625574112
0.2765353322029114
0.7162153720855713
0.9770378470420837
0.9603641033172607
0.9487149119377136
0.40960127115249634
0.27253788709640503
0.9468960762023926
0.8106641173362732
0.8720402717590332
0.8280366063117981
0.5606713891029358
0.11444123834371567
0.7528654932975769
0.6875444054603577
0.5297955274581909
0.7307956218719482
0.30439701676368713
0.513639509677887
0.29939550161361694
0.7432553172111511
0.22281081974506378
0.8187544345855713
0.9187800884246826
0.9820292592048645
0.9680920839309692
0.3790266513824463
0.8629320859909058
0.2649368941783905
0.6498217582702637
0.7586492300033569
0.7289555072784424
0.029306605458259583
0.9978014826774597
0.01229785941541195
0.9461234211921692
0.7232025861740112
0.4172367751598358
0.7465080618858337
0.4045020043849945
0.947167158126831
0.3895784318447113
0.8942471742630005
0.9428391456604004
0.1952720433473587
0.6758593916893005
0.26175379753112793
0.7344856262207031
0.7130129933357239
0.48946961760520935
0.5957915186882019
0.43412259221076965
0.045882709324359894
0.3134033679962158
0.5276116728782654
0.19022898375988007
0.5566380023956299
0.5397820472717285
0.6549578905105591
0.8066633343696594
0.7665138244628906
0.8311984539031982
0.8281886577606201
0.10353314876556396
0.8933819532394409
0.1213412955403328
0.6663486361503601
0.29250285029411316
0.499187171459198
0.67743980884552
0.6335188150405884
0.1267482489347458
0.26307687163352966
0.898167073726654
0.11908697336912155
0.7783017158508301
0.9286634922027588
0.6908917427062988
0.7102869749069214
0.4764440357685089
0.6664488315582275
0.9872987866401672
0.28140196204185486
0.24245195090770721
0.07314839214086533
0.666747510433197
0.6393589377403259
0.8440467119216919
0.25073668360710144
0.44984957575798035
0.9567912817001343
0.08134083449840546
0.3176926076412201
0.295644074678421
0.17393341660499573
0.002997775562107563
0.05299847200512886
0.8052286505699158
0.7384083867073059
0.7449250221252441
0.8436744213104248
0.23330268263816833
0.10955899208784103
0.793902575969696
0.20500846207141876
0.4255830645561218
0.5734261870384216
0.9106264114379883
0.01948726736009121
0.35641124844551086
0.7810669541358948
0.8390235900878906
0.5161637663841248
0.6319146752357483
0.31241023540496826
0.5047056078910828
0.6739241480827332
0.8154144883155823
0.18065042793750763
0.9021236896514893
0.27405768632888794
0.2174280434846878
0.8783314228057861
0.4910987317562103
0.5667404532432556
0.09193447232246399
0.6181238293647766
0.19814616441726685
0.04123207554221153
0.3102900981903076
0.20745253562927246
0.03981788456439972
0.9204444289207458
0.27522897720336914
0.7150576114654541
0.7857301235198975
0.9948652386665344
0.5349739789962769
0.11546992510557175
0.7528897523880005
0.0034533818252384663
0.9823634028434753
0.2749517560005188
0.9560979604721069
0.14698278903961182
0.7623053193092346
0.4748150706291199
0.8437488675117493
0.8762800693511963
0.8105143904685974
0.8118987679481506
0.3201221823692322
0.8878388404846191
0.2584920823574066
0.10438130050897598
0.19459709525108337
0.9649564623832703
0.9959319829940796
0.816999614238739
0.8576185703277588
0.24481657147407532
0.9572989344596863
0.8082079887390137
0.6388548612594604
0.4226590394973755
0.5221684575080872
0.8499823212623596
0.43461093306541443
0.5002724528312683
0.06671316176652908
0.7659123539924622
0.16647322475910187
0.707311749458313
0.7783260345458984
0.7051784992218018
0.7052632570266724
0.9711729288101196
0.504178524017334
0.24491500854492188
0.8093968629837036
0.24515999853610992
0.6988322734832764
0.301901251077652
0.3252081274986267
0.9703088402748108
0.7850379347801208
0.003187306225299835
0.28966063261032104
0.9358184337615967
0.7665852904319763
0.026031512767076492
0.5674973130226135
0.6581765413284302
0.5234324336051941
0.8354421257972717
0.8783184289932251
0.9892930388450623
0.1769409030675888
0.47019824385643005
0.19128194451332092
0.33228251338005066
0.27684029936790466
0.6549940705299377
0.1509559452533722
0.35242053866386414
0.18349555134773254
0.5622782707214355
0.5816136598587036
0.13177528977394104
0.37280842661857605
0.26668456196784973
0.11495603621006012
0.13833071291446686
0.0559823252260685
0.5934784412384033
0.09463942050933838
0.3763936460018158
0.11758504062891006
0.21597853302955627
0.3980165421962738
0.9239853024482727
0.8031097054481506
0.6675525903701782
0.006389187648892403
0.8186984658241272
0.45783957839012146
0.7912205457687378
0.17547905445098877
0.760378897190094
0.3831114172935486
0.7216610312461853
0.9942978024482727
0.8554263114929199
0.9949292540550232
0.6845039129257202
0.44721487164497375
0.8330193758010864
0.015033470466732979
0.4659600257873535
0.9689053297042847
0.14132177829742432
0.8676919341087341
0.5333764553070068
0.010064085014164448
0.36199793219566345
0.8537424206733704
0.8109064698219299
0.14603371918201447
0.5175235867500305
0.6882465481758118
0.1250828206539154
0.8189516663551331
0.15078550577163696
0.36516913771629333
0.1333325207233429
0.2574470639228821
0.4298665523529053
0.35186660289764404
0.40743106603622437
0.2488003820180893
0.2321365475654602
0.2575139105319977
0.020691359415650368
0.5646086931228638
0.18772494792938232
0.43079110980033875
0.8444242477416992
0.09781980514526367
0.3305535912513733
0.48366305232048035
0.9664309024810791
0.918283998966217
0.8816225528717041
0.6021938323974609
0.6711629629135132
0.7928997874259949
0.7036177515983582
0.9904956817626953
0.9771832823753357
0.7273856997489929
0.9026306867599487
0.5317808389663696
0.6981593370437622
0.7838035225868225
0.9829806685447693
0.9865224957466125
0.9622339010238647
0.8466808199882507
0.7729705572128296
0.07761118561029434
0.02288661152124405
0.24590173363685608
0.49318379163742065
0.45452484488487244
0.005538830999284983
0.43228596448898315
0.09161324799060822
0.38153859972953796
0.7617467045783997
0.8785775303840637
0.834247350692749
0.6062583327293396
0.11865075677633286
0.3579963147640228
0.4297824800014496
0.7600133419036865
0.1881331205368042
0.8308236598968506
0.7547003030776978
0.16069196164608002
0.9493331909179688
0.9406085014343262
0.3927096128463745
0.507731020450592
0.6387232542037964
0.19669392704963684
0.9156545996665955
0.3169245421886444
0.9155703186988831
0.4985700249671936
0.1688643991947174
0.027759592980146408
0.2388477474451065
0.4775417745113373
0.1127840206027031
0.42775920033454895
0.3454463481903076
0.1076250746846199
0.6430491805076599
0.6660133004188538
0.8772746324539185
0.02678828313946724
0.9324615001678467
0.03621508181095123
0.08261463791131973
0.18151038885116577
0.809293270111084
0.9619098901748657
0.10690484195947647
0.8184011578559875
0.2128751575946808
0.7932795286178589
0.37637048959732056
0.6449835896492004
0.9481822848320007
0.03987738862633705
0.7023175954818726
0.461119145154953
0.5295850038528442
0.4634861350059509
0.6627037525177002
0.7526021003723145
0.44864726066589355
0.2986280024051666
0.8686509728431702
0.9924876093864441
0.9661672711372375
0.2337409406900406
0.4276535212993622
0.4810425639152527
0.5590896010398865
0.24019651114940643
0.3480847477912903
0.5884555578231812
0.6257252097129822
0.03979717567563057
0.9636170268058777
0.3990645110607147
0.1637168675661087
0.15929269790649414
0.16303451359272003
0.3995482325553894
0.007262080442160368
0.7531417012214661
0.6382618546485901
0.9408004879951477
0.4735426604747772
0.961229681968689
0.7996439337730408
0.8044009804725647
0.17197325825691223
0.8755106925964355
0.3447282016277313
0.9446084499359131
0.20378327369689941
0.7572066783905029
0.2681199610233307
0.012365675531327724
0.051200512796640396
0.06044609472155571
0.658111572265625
0.3381141126155853
0.5911949872970581
0.04132138192653656
0.6532226204872131
0.5055619478225708
0.25557515025138855
0.4536890685558319
0.11369635164737701
0.021257352083921432
0.6628090739250183
0.9519506692886353
0.8332661986351013
0.1074027344584465
0.5084459781646729
0.09371397644281387
0.31634533405303955
0.7305988073348999
0.9159894585609436
0.8438189029693604
0.44677430391311646
0.6035019755363464
0.21765050292015076
0.8992347717285156
0.47845250368118286
0.1925109475851059
0.2092779129743576
0.4003871977329254
0.45825299620628357
0.3677804470062256
0.3008600175380707
0.2768569886684418
0.49466267228126526
0.8723707795143127
0.9855359196662903
0.4757450520992279
0.6089562177658081
0.3178272545337677
0.8271428346633911
0.566875696182251
0.6463687419891357
0.37493082880973816
0.4728063941001892
0.7487419247627258
0.7856753468513489
0.26579853892326355
0.6489901542663574
0.7929801940917969
0.26441940665245056
0.17295275628566742
0.4995434284210205
0.09713559597730637
0.6167972087860107
0.23377470672130585
0.9238615036010742
0.6971116662025452
0.957028865814209
0.35588252544403076
0.32235559821128845
0.9227309226989746
0.6664196848869324
0.18241386115550995
0.7155031561851501
0.8227301239967346
0.05941646546125412
0.6216101050376892
0.7834898233413696
0.22401610016822815
0.6117684841156006
0.2812096178531647
0.47131678462028503
0.9990561604499817
0.4152549207210541
0.13891707360744476
0.8539530634880066
0.3022575378417969
0.1044783890247345
0.8188304901123047
0.9246614575386047
0.6686847805976868
0.4420241117477417
0.5182130932807922
0.685211718082428
0.685822606086731
0.9906107783317566
0.20887324213981628
0.7834766507148743
0.8149780631065369
0.8096874356269836
0.5428429245948792
0.8916635513305664
0.4786500930786133
0.7911814451217651
0.9851177930831909
0.9806715846061707
0.10795695334672928
0.22284646332263947
0.4613785147666931
0.8101968169212341
0.9223490953445435
0.878693163394928
0.36394956707954407
0.2938825786113739
0.17637576162815094
0.4570399224758148
0.5797215104103088
0.2895181179046631
0.3072195053100586
0.7849795818328857
0.7178393006324768
0.6682716012001038
0.30025050044059753
0.47237616777420044
0.9533176422119141
0.40432265400886536
0.23877640068531036
0.7351787686347961
0.33513978123664856
0.9514842629432678
0.4499019384384155
0.1262783706188202
0.6885207295417786
0.922394871711731
0.4013407528400421
0.5196346044540405
0.907717227935791
0.8584806323051453
0.016431722790002823
0.8581200838088989
0.6359156370162964
0.424787312746048
0.4754294753074646
0.14980822801589966
0.07953686267137527
0.19355779886245728
0.6339439749717712
0.4864167273044586
0.991479754447937
0.9823133945465088
0.569732129573822
0.5170292258262634
0.16012313961982727
0.5198630094528198
0.6984153985977173
0.5853716731071472
0.41166117787361145
0.4025838077068329
0.3600292205810547
0.10609005391597748
0.37718483805656433
0.303937703371048
0.5093087553977966
0.20851178467273712
0.44425350427627563
0.9863523840904236
0.5690165162086487
0.6793450117111206
0.19473539292812347
0.15705925226211548
0.2581385672092438
0.6926822662353516
0.17642028629779816
0.34328365325927734
0.8731632828712463
0.3813420534133911
0.20328599214553833
0.12409663945436478
0.6572423577308655
0.07020150870084763
0.6722494959831238
0.3338865637779236
0.3833960294723511
0.09376917779445648
0.3801781237125397
0.6833226084709167
0.6193887591362
0.3539866507053375
0.3909223675727844
0.9379972815513611
0.04346289485692978
0.0049575334414839745
0.11654989421367645
0.39721423387527466
0.9578838348388672
0.6398721933364868
0.692150354385376
0.2086745798587799
0.5941110253334045
0.9320749044418335
0.7022066712379456
0.3055616319179535
0.1631840616464615
0.0853712260723114
0.1275692731142044
0.38788798451423645
0.11768637597560883
0.09785353392362595
0.20923201739788055
0.8406290411949158
0.09263940900564194
0.29786524176597595
0.725692629814148
0.026780620217323303
0.790057897567749
0.792765200138092
0.4886336624622345
0.3498855233192444
0.07723525166511536
0.8032816052436829
0.5105350017547607
0.7570022344589233
0.7338470220565796
0.17092707753181458
0.4081009030342102
0.5008531212806702
0.07677771151065826
0.4069027900695801
0.17173278331756592
0.8802737593650818
0.3413442373275757
0.07568750530481339
0.26447388529777527
0.8936938047409058
0.8176135420799255
0.573637068271637
0.5313032865524292
0.7340044975280762
0.10383438318967819
0.8160244226455688
0.3018481731414795
0.8245939016342163
0.6757842898368835
0.7378712892532349
0.5391890406608582
0.465010404586792
0.037840135395526886
0.2245650291442871
0.0732152909040451
0.29724255204200745
0.1875092089176178
0.5592096447944641
0.11217544972896576
0.5225666761398315
0.07558248937129974
0.8500388264656067
0.38612937927246094
0.3869817852973938
0.14100708067417145
0.157609224319458
0.5708228349685669
0.8289971947669983
0.022221378982067108
0.338744580745697
0.43116283416748047
0.3462664783000946
0.38779938220977783
0.49392297863960266
0.11176647990942001
0.7220043540000916
0.9909175634384155
0.3413628935813904
0.10021950304508209
0.2192189246416092
0.0466766282916069
0.2962614595890045
0.17740993201732635
0.5776967406272888
0.919924259185791
0.10596715658903122
0.3785752058029175
0.23753967881202698
0.11720531433820724
0.1831902414560318
0.733099102973938
0.6164674758911133
0.8681861162185669
0.6858275532722473
0.6975690126419067
0.7773909568786621
0.4948025941848755
0.3088850677013397
0.01812855526804924
0.25604042410850525
0.5385798215866089
0.8696051239967346
0.13158340752124786
0.45103082060813904
0.8310461640357971
0.08187152445316315
0.2824384570121765
0.9440069794654846
0.5378976464271545
0.5786874294281006
0.358590304851532
0.35551732778549194
0.16871975362300873
0.30489489436149597
0.43477797508239746
0.6507744193077087
0.6145395636558533
0.8798048496246338
0.8656413555145264
0.3297341465950012
0.10817167907953262
0.6696544289588928
0.7638385891914368
0.6467341780662537
0.4280271530151367
0.7720938920974731
0.36774885654449463
0.39681077003479004
0.6567987203598022
0.46055713295936584
0.7706212997436523
0.6568450331687927
0.5044556260108948
0.5086370706558228
0.9046392440795898
0.5660314559936523
0.7810894250869751
0.28696975111961365
0.48848164081573486
0.7227907180786133
0.36015602946281433
0.5434610843658447
0.2404591292142868
0.4531233012676239
0.245013028383255
0.4774732291698456
0.6154596209526062
0.29438820481300354
0.9187214970588684
0.2125110775232315
0.12065663933753967
0.3859735131263733
0.14174385368824005
0.6622984409332275
0.3768952786922455
0.6404776573181152
0.9476048946380615
0.6339301466941833
0.09711714833974838
0.6308737397193909
0.6736865043640137
0.42020925879478455
0.40775904059410095
0.005228075664490461
0.8330724835395813
0.3300906717777252
0.11567828804254532
0.9917066693305969
0.8806549906730652
0.03559209406375885
0.0039191702380776405
0.3577595353126526
0.25239524245262146
0.27137747406959534
0.16760237514972687
0.4450439214706421
0.5888547897338867
0.9064909815788269
0.9333548545837402
0.27339643239974976
0.2959890365600586
0.6920613646507263
0.8777086138725281
0.6817719340324402
0.23378394544124603
0.9363052845001221
0.8070892095565796
0.5333062410354614
0.5965862274169922
0.7471879124641418
0.8636882901191711
0.04560502618551254
0.4590076208114624
0.5826230645179749
0.552278459072113
0.2510744631290436
0.6816865801811218
0.8199148774147034
0.6966012120246887
0.1310058832168579
0.5207456946372986
0.8603751063346863
0.7843573689460754
0.7255200147628784
0.7225865125656128
0.23977996408939362
0.13526155054569244
0.1358490139245987
0.8277283310890198
0.48474815487861633
0.06938290596008301
0.4557141959667206
0.8193961977958679
0.8507288694381714
0.20149576663970947
0.6773849129676819
0.3296830356121063
0.9626134037971497
0.7787167429924011
0.5630888342857361
0.7589787840843201
0.31164830923080444
0.6785327792167664
0.2323521226644516
0.3004560172557831
0.8126959204673767
0.16355417668819427
0.009390903636813164
0.37859606742858887
0.9078392386436462
0.5722877383232117
0.23428674042224884
0.9976353049278259
0.3137229382991791
0.3652760982513428
0.42198652029037476
0.33347994089126587
0.19959449768066406
0.6995702385902405
0.9236711263656616
0.04375403746962547
0.7408093810081482
0.22113142907619476
0.5647113919258118
0.6426924467086792
0.07555253058671951
0.9082944393157959
0.5083655714988708
0.6798691749572754
0.7889432907104492
0.45993876457214355
0.480495810508728
0.24902737140655518
0.32660529017448425
0.05772373080253601
0.6916289329528809
0.47869017720222473
0.8594701290130615
0.399767130613327
0.7995461225509644
0.5924381613731384
0.5938224792480469
0.09191852062940598
0.9264469146728516
0.2690616548061371
0.5382350087165833
0.7686694264411926
0.28766071796417236
0.7186072468757629
0.15297427773475647
0.14371588826179504
0.22771026194095612
0.3689380884170532
0.3985845446586609
0.31958961486816406
0.4941892921924591
0.8664752244949341
0.5636023879051208
0.7746500372886658
0.2299993932247162
0.8137269616127014
0.6235561966896057
0.4663117527961731
0.04766716808080673
0.98536616563797
0.7953130006790161
0.8608564734458923
0.4807143807411194
0.9710890650749207
0.4496636986732483
0.6309841871261597
0.16213321685791016
0.21125058829784393
0.9843444228172302
0.3164640963077545
0.3250924348831177
0.5374093055725098
0.4645984470844269
0.18759122490882874
0.7731793522834778
0.8866700530052185
0.267425537109375
0.41337117552757263
0.5362364053726196
0.7089370489120483
0.7245311141014099
0.9194504618644714
0.6265466213226318
0.900504469871521
0.5491706132888794
0.5015624761581421
0.9398477077484131
0.6775376796722412
0.5508519411087036
0.2494204193353653
0.5078333020210266
0.3983832001686096
0.6649606227874756
0.24393844604492188
0.4731140434741974
0.2078116238117218
0.4698263108730316
0.6674699187278748
0.8532988429069519
0.8028375506401062
0.7090044021606445
0.26831135153770447
0.5448922514915466
0.551945686340332
0.6257768869400024
0.49666792154312134
0.8804966807365417
0.3141944706439972
0.6997243165969849
0.9207692742347717
0.45635783672332764
0.520503580570221
0.16833388805389404
0.5426346659660339
0.25382253527641296
0.61102294921875
0.2692265808582306
0.0912633091211319
0.9521908164024353
0.7246114015579224
0.6269544363021851
0.2475777417421341
0.48770755529403687
0.5928808450698853
0.3754032254219055
0.41959822177886963
0.9784101843833923
0.008348354138433933
0.9789843559265137
0.5753909945487976
0.3374427556991577
0.618518590927124
0.5514729619026184
0.33103975653648376
0.9638015031814575
0.9821807146072388
0.5328431725502014
0.7896535396575928
0.24854721128940582
0.0711800679564476
0.10902243852615356
0.36182355880737305
0.9324706196784973
0.3957958519458771
0.24320687353610992
0.05976366251707077
0.7256144285202026
0.5943064093589783
0.9992232322692871
0.28310009837150574
0.2644897997379303
0.9449710845947266
0.5511138439178467
0.6572362184524536
0.8696340918540955
0.39004606008529663
0.6872612237930298
0.3122202754020691
0.8323271870613098
0.9411470293998718
0.6974219679832458
0.3440629243850708
0.6102878451347351
0.328492671251297
0.772858738899231
0.9106493592262268
0.7620713114738464
0.4972560703754425
0.17509986460208893
0.9184387922286987
0.7349063754081726
0.9250771403312683
0.5468044281005859
0.9348598122596741
0.6370981335639954
0.13358236849308014
0.2206537276506424
0.5070934295654297
0.8872306942939758
0.13363072276115417
0.3004480302333832
0.8713891506195068
0.5524134635925293
0.38502952456474304
0.9780085682868958
0.30570948123931885
0.7464551329612732
0.10962823033332825
0.45754000544548035
0.458883672952652
0.6563419103622437
0.16556032001972198
0.24727849662303925
0.24665480852127075
0.8902349472045898
0.39332276582717896
0.2298176884651184
0.4684787690639496
0.895858108997345
0.16079168021678925
0.8023664355278015
0.6125895977020264
0.3303011953830719
0.2195233255624771
0.40972524881362915
0.6586470007896423
0.9803223609924316
0.45903337001800537
0.26808518171310425
0.713127076625824
0.7687662839889526
0.9537596106529236
0.7338300347328186
0.2743452787399292
0.6266752481460571
0.05033455789089203
0.6235464811325073
0.48676446080207825
0.3043202757835388
0.016821937635540962
0.22011147439479828
0.3548046350479126
0.4573533833026886
0.8982364535331726
0.8166103959083557
0.6032961010932922
0.998448371887207
0.8398315906524658
0.5552015900611877
0.758643627166748
0.8569755554199219
0.2564091682434082
0.4920973479747772
0.49782365560531616
0.741130530834198
0.14141345024108887
0.61165851354599
0.6264524459838867
0.5808997750282288
0.7017179131507874
0.7381725311279297
0.6202664375305176
0.724983811378479
0.25052809715270996
0.212455153465271
0.3493998646736145
0.7750988006591797
0.8582615852355957
0.34940406680107117
0.56257164478302
0.14280231297016144
0.6390346884727478
0.7201617956161499
0.26265084743499756
0.26531389355659485
0.8795255422592163
0.9063055515289307
0.4604773223400116
0.9034404754638672
0.9490551352500916
0.5857465267181396
0.29720354080200195
0.7562327980995178
0.1253601610660553
0.11933812499046326
0.37916576862335205
0.18973122537136078
0.8220970034599304
0.8991425037384033
0.7888314127922058
0.5923517942428589
0.13917450606822968
0.9858221411705017
0.4181930124759674
0.9983444809913635
0.334246426820755
0.44646427035331726
0.3742382228374481
0.1745903342962265
0.6195276379585266
0.28247562050819397
0.40261051058769226
0.8805617690086365
0.9207326173782349
0.795066237449646
0.7119172811508179
0.9141479730606079
0.0853433832526207
0.7185224890708923
0.5770741105079651
0.5565255284309387
0.5079957842826843
0.5310450792312622
0.6368634700775146
0.17623743414878845
0.532417356967926
0.6000788807868958
0.5840851664543152
0.3828314244747162
0.03653619810938835
0.4718204140663147
0.6487295031547546
0.04167354479432106
0.973430871963501
0.4038170278072357
0.40692582726478577
0.4614320993423462
0.8849465847015381
0.6985609531402588
0.38095125555992126
0.9778890609741211
0.12969499826431274
0.9176186919212341
0.06275905668735504
0.3378884792327881
0.3118549585342407
0.9235168695449829
0.37495556473731995
0.8722556829452515
0.4586459994316101
0.5581306219100952
0.5045938491821289
0.5486737489700317
0.5961450338363647
0.7234101891517639
0.7176659107208252
0.595572829246521
0.6371968388557434
0.004379949066787958
0.3035658895969391
0.9504430890083313
0.5373224020004272
0.18121999502182007
0.8600382804870605
0.3082618713378906
0.800184965133667
0.9288349747657776
0.607293426990509
0.3154383897781372
0.6871955394744873
0.6924060583114624
0.27975374460220337
0.38915517926216125
0.32101842761039734
0.22611992061138153
0.7778528332710266
0.17135491967201233
0.7365678548812866
0.44280004501342773
0.3263779878616333
0.16504086554050446
0.0975157767534256
0.16656902432441711
0.5908731818199158
0.9739236235618591
0.8994390368461609
0.7832705974578857
0.6728420257568359
0.19146783649921417
0.08271976560354233
0.06636936217546463
0.7361031770706177
0.5990824103355408
0.45930051803588867
0.8884058594703674
0.8784217238426208
0.6346103549003601
0.9845244288444519
0.2024639993906021
0.6455963253974915
0.8142296671867371
0.9906801581382751
0.8693783283233643
0.48053622245788574
0.5292436480522156
0.44087353348731995
0.625532865524292
0.27392980456352234
0.41873183846473694
0.8391076922416687
0.03226236626505852
0.03247801959514618
0.38434484601020813
0.5901957750320435
0.7949365377426147
0.529156506061554
0.688471257686615
0.4382876455783844
0.2831273376941681
0.8796265721321106
0.06564579159021378
0.5789796113967896
0.05100173503160477
0.1904018372297287
0.9962913990020752
0.022196196019649506
0.13399524986743927
0.033211950212717056
0.46030375361442566
0.9422435164451599
0.9282634854316711
0.17035527527332306
0.9885283708572388
0.2770994007587433
0.779435396194458
0.5112946033477783
0.06732020527124405
0.14439408481121063
0.2751944661140442
0.5595406293869019
0.2663513720035553
0.4623068869113922
0.2400776594877243
0.8619911074638367
0.3531191647052765
0.9097124338150024
0.2432977706193924
0.09017997235059738
0.7956444025039673
0.7805336713790894
0.8822199702262878
0.2572006583213806
0.8522773385047913
0.8644387125968933
0.48074641823768616
0.9769511818885803
0.5253846049308777
0.5373977422714233
0.6995248794555664
0.45204731822013855
0.5181915163993835
0.004151604138314724
0.503414511680603
0.45330455899238586
0.9575092196464539
0.8140671253204346
0.4178166687488556
0.0919446051120758
0.027714522555470467
0.17318515479564667
0.1975003480911255
0.06126838177442551
0.30310505628585815
0.8915034532546997
0.042283572256565094
0.8161447048187256
0.6433035731315613
0.1838238388299942
0.6007433533668518
0.7062371969223022
0.7093982696533203
0.8442963361740112
0.4428166449069977
0.9257667660713196
0.6712062954902649
0.5326676368713379
0.17048229277133942
0.5523366332054138
0.5176036357879639
0.8553639650344849
0.19602037966251373
0.9798852801322937
0.05916399508714676
0.617536187171936
0.36528587341308594
0.410491019487381
0.7128073573112488
0.02207566238939762
0.7849423289299011
0.19089141488075256
0.425498902797699
0.05266789719462395
0.820504903793335
0.6453184485435486
0.7125514149665833
0.13747163116931915
0.4711092710494995
0.38072389364242554
0.5514881610870361
0.8986286520957947
0.927039623260498
0.14077149331569672
0.7493483424186707
0.4713156521320343
0.4817977845668793
0.2899133861064911
0.707187831401825
0.968792736530304
0.9624307751655579
0.07055492699146271
0.3886064291000366
0.1508026421070099
0.20487070083618164
0.2526509165763855
0.6446049809455872
0.3916083574295044
0.9665813446044922
0.4025907516479492
0.4019224941730499
0.06552063673734665
0.5332148671150208
0.14253300428390503
0.26308465003967285
0.27114319801330566
0.5556550621986389
0.6669219136238098
0.6055977940559387
0.30281466245651245
0.42833730578422546
0.9293605089187622
0.9951783418655396
0.7047833204269409
0.0955757349729538
0.5451067686080933
0.09540130943059921
0.643104076385498
0.9156861901283264
0.9736747741699219
0.5432605147361755
0.933195948600769
0.30820831656455994
0.7483729720115662
0.9785616397857666
0.27905169129371643
0.4727266728878021
0.8944337964057922
0.3634350597858429
0.513823390007019
0.6062027812004089
0.3420115113258362
0.6044377684593201
0.38860073685646057
0.9017163515090942
0.9310687780380249
0.3059597313404083
0.5166602730751038
0.6988527774810791
0.900737464427948
0.9472077488899231
0.8422834277153015
0.546893298625946
0.04642830416560173
0.7720319628715515
0.6963444948196411
0.025087859481573105
0.6271259188652039
0.7373437285423279
0.966997504234314
0.05325707048177719
0.8189088106155396
0.8839824795722961
0.6217541098594666
0.8321868777275085
0.24068595468997955
0.029001325368881226
0.7416900396347046
0.4647228717803955
0.7311105132102966
0.6755241751670837
0.4008258879184723
0.7537908554077148
0.6869397759437561
0.44408756494522095
0.9675058722496033
0.009493442252278328
0.49946868419647217
0.004127848893404007
0.8194581866264343
0.34868836402893066
0.2637115716934204
0.3435502350330353
0.7456239461898804
0.18042713403701782
0.7843424081802368
0.818472683429718
0.9458742141723633
0.6291983127593994
0.137613445520401
0.9785470962524414
0.4700407087802887
0.023715848103165627
0.4679490029811859
0.5501967668533325
0.7012686133384705
0.40897032618522644
0.13495323061943054
0.5293368101119995
0.08346153050661087
0.4070097804069519
0.47575482726097107
0.00025100691709667444
0.5247915983200073
0.7629809975624084
0.19417983293533325
0.9149011969566345
0.17416001856327057
0.04888858273625374
0.07839617133140564
0.941788375377655
0.5241043567657471
0.5345283150672913
0.68221515417099
0.6415091156959534
0.6750149130821228
0.8552567958831787
0.4543723165988922
0.49242284893989563
0.6751065850257874
0.9587458968162537
0.8386713862419128
0.30122920870780945
0.07967519015073776
0.2645087242126465
0.7503528594970703
0.5176140666007996
0.15809981524944305
0.5592095851898193
0.03202270343899727
0.8537335991859436
0.1054966077208519
0.6614686250686646
0.15065771341323853
0.6950180530548096
0.46961501240730286
0.622684121131897
0.5823201537132263
0.33108848333358765
0.20670002698898315
0.7666900753974915
0.4422212541103363
0.21878646314144135
0.9407585859298706
0.39206305146217346
0.8524311184883118
0.2675821781158447
0.39683637022972107
0.7032294869422913
0.786554217338562
0.5477035045623779
0.6435315608978271
0.46024036407470703
0.6061261296272278
0.9125779867172241
0.9162135720252991
0.19737304747104645
0.47755706310272217
0.17210085690021515
0.50042724609375
0.7894955277442932
0.16823294758796692
0.8190476298332214
0.750554621219635
0.03991944342851639
0.12760217487812042
0.15680523216724396
0.6460060477256775
0.8247068524360657
0.26462551951408386
0.3766501545906067
0.5455383658409119
0.7617519497871399
0.3507954478263855
0.5543197393417358
0.4876314699649811
0.9937941431999207
0.7244183421134949
0.35682693123817444
0.28235289454460144
0.0491812601685524
0.6617975234985352
0.9119313359260559
0.6729069948196411
0.10108291357755661
0.3177454173564911
0.7661190629005432
0.9240626096725464
0.7472863793373108
0.05399574339389801
0.4636208415031433
0.10955148935317993
0.3209068179130554
0.06686145812273026
0.9867246747016907
0.19364383816719055
0.5930407047271729
0.14115524291992188
0.8410717248916626
0.18010596930980682
0.9645756483078003
0.9509792327880859
0.43749749660491943
0.5985488891601562
0.9664464592933655
0.5682805776596069
0.7723112106323242
0.7049823999404907
0.554443359375
0.3739944398403168
0.49280908703804016
0.7322304248809814
0.8123887181282043
0.8787497878074646
0.6891779899597168
0.739655077457428
0.467642605304718
0.6566413640975952
0.051272712647914886
0.6523045897483826
0.14500200748443604
0.5818314552307129
0.7101585865020752
0.07743384689092636
0.606824517250061
0.36460673809051514
0.9793506860733032
0.19799411296844482
0.5240296721458435
0.357522577047348
0.23231203854084015
0.2571520507335663
0.7300760746002197
0.7769646048545837
0.9590286612510681
0.1069953590631485
0.3954375982284546
0.45010894536972046
0.4751144349575043
0.6824983358383179
0.8597468733787537
0.11549386382102966
0.8397794365882874
0.6915460824966431
0.20526710152626038
0.7879271507263184
0.5413337349891663
0.03239697590470314
0.7612947225570679
0.008159374818205833
0.9915512800216675
0.7635878920555115
0.5778416395187378
0.2958618402481079
0.18445387482643127
0.29004213213920593
0.23734962940216064
0.8110916018486023
0.4706256091594696
0.6001768112182617
0.15382322669029236
0.6081154346466064
0.6113972067832947
0.4170761704444885
0.6629897356033325
0.10017362982034683
0.20110373198986053
0.0785830020904541
0.9388883113861084
0.9010576605796814
0.2983149290084839
0.9062805771827698
0.519870400428772
0.8035335540771484
0.19491469860076904
0.4789518117904663
0.7904129028320312
0.7928537726402283
0.8697848320007324
0.42161133885383606
0.25695279240608215
0.5120912790298462
0.1464676856994629
0.10676317662000656
0.2459181696176529
0.1771789789199829
0.0009231148287653923
0.9621800780296326
0.4424269497394562
0.6126806139945984
0.2103910744190216
0.21672403812408447
0.24381986260414124
0.07488564401865005
0.9760661125183105
0.23730996251106262
0.9245355129241943
0.17935550212860107
0.6500895023345947
0.6993502378463745
0.8521330952644348
0.10103955864906311
0.18460826575756073
0.07472339272499084
0.5347879528999329
0.597545325756073
0.6281828880310059
0.18341143429279327
0.0870438814163208
0.023515047505497932
0.6891809105873108
0.5094712376594543
0.200224369764328
0.09988310188055038
0.7935253381729126
0.44613805413246155
0.6255857944488525
0.3347676694393158
0.3741045892238617
0.047156330198049545
0.7120593190193176
0.6617622375488281
0.859919548034668
0.7105424404144287
0.9991282820701599
0.015402901917696
0.3829895853996277
0.519982099533081
0.17707736790180206
0.839017391204834
0.4391138553619385
0.4491316080093384
0.7647569179534912
0.518783688545227
0.18601898849010468
0.9650751352310181
0.8967349529266357
0.1264030933380127
0.1568610817193985
0.43676215410232544
0.7812541723251343
0.10571585595607758
0.10238782316446304
0.8989624977111816
0.2239774763584137
0.9409355521202087
0.4197208285331726
0.244224414229393
0.6873946785926819
0.5676853656768799
0.995818018913269
0.18279457092285156
0.7325152158737183
0.580238938331604
0.34950685501098633
0.290042906999588
0.09798672050237656
0.15107965469360352
0.7546931505203247
0.9751648306846619
0.8611711859703064
0.11407437920570374
0.7204892635345459
0.12285059690475464
0.7594686150550842
0.10617692768573761
0.9721876382827759
0.2479691356420517
0.4061078727245331
0.03923867642879486
0.7240719795227051
0.19845585525035858
0.2888937294483185
0.24563099443912506
0.16255947947502136
0.057161714881658554
0.4223811626434326
0.7240320444107056
0.08771764487028122
0.44682368636131287
0.05817561224102974
0.45220544934272766
0.6438405513763428
0.722363293170929
0.4927561283111572
0.3440610468387604
0.4893900752067566
0.43145450949668884
0.5226731896400452
0.31817665696144104
0.27660202980041504
0.9737671613693237
0.6561263203620911
0.7137883901596069
0.4607526957988739
0.03888268768787384
0.5782328248023987
0.8580309748649597
0.7647738456726074
0.8371480107307434
0.34350043535232544
0.4251604974269867
0.7578057646751404
0.32014191150665283
0.16598732769489288
0.044135965406894684
0.7596315741539001
0.7432385683059692
0.877206563949585
0.06899277865886688
0.6088600158691406
0.24555839598178864
0.7114095687866211
0.08823433518409729
0.5556829571723938
0.060218214988708496
0.9311065673828125
0.5766792893409729
0.07838253676891327
0.4213297665119171
0.19193847477436066
0.6895962357521057
0.9513534903526306
0.2754710018634796
0.5449818968772888
0.8620144724845886
0.28659677505493164
0.8629096150398254
0.4776526391506195
0.2205224186182022
0.8635809421539307
0.7871453762054443
0.20435898005962372
0.1568693220615387
0.18031014502048492
0.6986156702041626
0.7736929655075073
0.03003893606364727
0.48545968532562256
0.3430103361606598
0.687219500541687
0.3162100911140442
0.46506550908088684
0.36613035202026367
0.6978673934936523
0.45249056816101074
0.9163236021995544
0.056145183742046356
0.17244265973567963
0.46627604961395264
0.183330237865448
0.8548898100852966
0.963983952999115
0.38871878385543823
0.9230726361274719
0.03306591510772705
0.48082563281059265
0.6182027459144592
0.3253081440925598
0.43843764066696167
0.8727513551712036
0.3459090292453766
0.9815945625305176
0.32774990797042847
0.9354366064071655
0.8874979615211487
0.4696803390979767
0.785521388053894
0.3464069366455078
0.961799681186676
0.9988802671432495
0.4939914345741272
0.0030858733225613832
0.13837513327598572
0.8463773131370544
0.04447231814265251
0.816132664680481
0.7716817259788513
0.23522667586803436
0.9995187520980835
0.1284365952014923
0.3006564974784851
0.20929549634456635
0.23030923306941986
0.23571714758872986
0.04438784718513489
0.05483771860599518
0.07717561721801758
0.4417981803417206
0.5173505544662476
0.42976170778274536
0.5370391607284546
0.035653285682201385
0.4848424196243286
0.38895416259765625
0.7287592887878418
0.7279778122901917
0.3697221875190735
0.24311910569667816
0.9680965542793274
0.5355169773101807
0.8192142248153687
0.9675515294075012
0.9551020264625549
0.774803638458252
0.8419781923294067
0.46755629777908325
0.37222716212272644
0.12500536441802979
0.8359084129333496
0.05311371013522148
0.2772197127342224
0.9563894271850586
0.7203163504600525
0.8583813905715942
0.6826617121696472
0.4008655250072479
0.13328781723976135
0.15237708389759064
0.9601204991340637
0.07148120552301407
0.09479691088199615
0.9718586802482605
0.9609055519104004
0.5954641699790955
0.8914870023727417
0.7061488628387451
0.2578592002391815
0.7432311773300171
0.17313726246356964
0.8922044634819031
0.7594717144966125
0.7846410274505615
0.2862490117549896
0.3079608082771301
0.11865077167749405
0.8504937887191772
0.6715626120567322
0.6447677612304688
0.7309354543685913
0.5828639268875122
0.14459161460399628
0.02095370925962925
0.15510299801826477
0.12817148864269257
0.9952772855758667
0.0551326684653759
0.968679666519165
0.7373916506767273
0.3437594175338745
0.47898563742637634
0.03813205286860466
0.8274105787277222
0.8027520775794983
0.7361448407173157
0.8569062948226929
0.857077956199646
0.3625592291355133
0.5504230856895447
0.6410070657730103
0.03804178163409233
0.4646376669406891
0.12535719573497772
0.4035780429840088
0.19197618961334229
0.8767315149307251
0.012191874906420708
0.32465049624443054
0.4841243326663971
0.7584009170532227
0.6814199090003967
0.833041787147522
0.8332033157348633
0.4045405983924866
0.06145595386624336
0.13270257413387299
0.5787282586097717
0.4289917051792145
0.8477585315704346
0.33135056495666504
0.30875882506370544
0.4775998592376709
0.17965206503868103
0.2956177890300751
0.7688290476799011
0.6984572410583496
0.7462233304977417
0.05192791298031807
0.9766303300857544
0.5254499316215515
0.2720695436000824
0.970104992389679
0.5076985359191895
0.8545230627059937
0.4481440484523773
0.4056694507598877
0.43445804715156555
0.4631248414516449
0.02556806243956089
0.20687466859817505
0.6450860500335693
0.08154718577861786
0.4332340955734253
0.5517711043357849
0.663994312286377
0.6829620599746704
0.9251856803894043
0.6747289299964905
0.4271756410598755
0.41040724515914917
0.11060042679309845
0.2770930826663971
0.7606557011604309
0.038457807153463364
0.1374388039112091
0.786420464515686
0.7147331833839417
0.42642340064048767
0.38381797075271606
0.8980110883712769
0.9692084789276123
0.24857954680919647
0.40251123905181885
0.7212640643119812
0.796735942363739
0.46767932176589966
0.7633144855499268
0.7753584980964661
0.7694807052612305
0.6508870720863342
0.17741058766841888
0.038932014256715775
0.01783694513142109
0.20092102885246277
0.9388331770896912
0.43045562505722046
0.7609907388687134
0.09504824876785278
0.2614108920097351
0.30145716667175293
0.025602495297789574
0.5199500918388367
0.7645487785339355
0.07939726114273071
0.12876656651496887
0.1318213939666748
0.3066798746585846
0.5118469595909119
0.5320322513580322
0.5164197683334351
0.0032800643239170313
0.591412365436554
0.4847572445869446
0.7815942168235779
0.39771077036857605
0.0593186654150486
0.8101097345352173
0.2887313663959503
0.18419721722602844
0.8726495504379272
0.9848402142524719
0.0798330083489418
0.8285342454910278
0.5687252283096313
0.05123445391654968
0.12430018186569214
0.5271468758583069
0.9812389016151428
0.6803418397903442
0.6915158629417419
0.1841823309659958
0.40194380283355713
0.4333381950855255
0.6181541681289673
0.2203136831521988
0.9005572199821472
0.6281477808952332
0.16518241167068481
0.7890535593032837
0.9695596694946289
0.816880464553833
0.02537904679775238
0.04289122670888901
0.8579624891281128
0.3565259277820587
0.24882781505584717
0.33013197779655457
0.39944541454315186
0.04845457524061203
0.23489747941493988
0.902782678604126
0.38624438643455505
0.024189850315451622
0.9344482421875
0.7145982980728149
0.17399147152900696
0.9430017471313477
0.8372721672058105
0.5758952498435974
0.48720410466194153
0.6119434237480164
0.5106636881828308
0.6394749283790588
0.4745630919933319
0.18875817954540253
0.0075171031057834625
0.2502359449863434
0.6420934200286865
0.4010314345359802
0.8625268340110779
0.4846867620944977
0.11741286516189575
0.22258466482162476
0.4172976315021515
0.9606888890266418
0.8681466579437256
0.7415672540664673
0.18905603885650635
0.6404491066932678
0.9143596291542053
0.6545103788375854
0.7189372181892395
0.9105584025382996
0.670534610748291
0.1365249902009964
0.7101325392723083
0.24454590678215027
0.6876721978187561
0.7416004538536072
0.6071814298629761
0.3915610611438751
0.46677538752555847
0.9979178309440613
0.46803873777389526
0.9287451505661011
0.7591443061828613
0.7171803712844849
0.8468042612075806
0.9376220703125
0.9696033596992493
0.6167363524436951
0.42841625213623047
0.6954015493392944
0.7781146764755249
0.8615860342979431
0.34663328528404236
0.9520676136016846
0.2927446663379669
0.7064328193664551
0.667607843875885
0.32218098640441895
0.5491851568222046
0.16608940064907074
0.4229091703891754
0.09207578003406525
0.8267414569854736
0.9733133912086487
0.6875141859054565
0.6846851110458374
0.8245262503623962
0.1551302671432495
0.41750478744506836
0.33660104870796204
0.24143797159194946
0.38623905181884766
0.04952753335237503
0.053067587316036224
0.15143170952796936
0.07918617874383926
0.14972075819969177
0.7988641262054443
0.24161678552627563
0.5437473058700562
0.8396694660186768
0.4920962452888489
0.7644612193107605
0.1539975106716156
0.9036996364593506
0.7644124627113342
0.12992054224014282
0.31009453535079956
0.7512221336364746
0.30822575092315674
0.15634785592556
0.2900163531303406
0.4473262429237366
0.9756786823272705
0.15254713594913483
0.03292957693338394
0.4383368492126465
0.93886798620224
0.6689577102661133
0.5774331092834473
0.6716741919517517
0.0791182890534401
0.9069998264312744
0.8691311478614807
0.11332020163536072
0.880555272102356
0.23593521118164062
0.8890745043754578
0.14258991181850433
0.6832190752029419
0.7850539684295654
0.8191145062446594
0.7214297652244568
0.624453067779541
0.8329269886016846
0.4956066608428955
0.9710639715194702
0.4745994210243225
0.526139497756958
0.7736696600914001
0.07982520014047623
0.7476730346679688
0.7985290288925171
0.7787299752235413
0.9484859108924866
0.8881360292434692
0.28642868995666504
0.3699072003364563
0.05230275169014931
0.09812575578689575
0.19235986471176147
0.4221665561199188
0.43915390968322754
0.7007650136947632
0.04234037920832634
0.7370389103889465
0.08236365765333176
0.8256333470344543
0.9236480593681335
0.5476619005203247
0.47370272874832153
0.8566505908966064
0.6325262784957886
0.6586523652076721
0.9728759527206421
0.35619843006134033
0.028823046013712883
0.2511400282382965
0.6232143640518188
0.020501112565398216
0.6242753863334656
0.8550941348075867
0.8812050819396973
0.5127081274986267
0.9124318957328796
0.8289546370506287
0.8131316304206848
0.08574743568897247
0.17238397896289825
0.001112644444219768
0.49389562010765076
0.4744313657283783
0.2685108482837677
0.9186335206031799
0.6717259883880615
0.0863887146115303
0.5106398463249207
0.8182607889175415
0.8512025475502014
0.06222600117325783
0.31253379583358765
0.7136087417602539
0.7942863702774048
0.2954076826572418
0.973937451839447
0.3724815249443054
0.6598522663116455
0.23869939148426056
0.4566226899623871
0.8172633647918701
0.8811696171760559
0.5440649390220642
0.9677749276161194
0.7393394112586975
0.15381808578968048
0.3005957007408142
0.8234797716140747
0.985588550567627
0.05835159122943878
0.8533646464347839
0.4191434383392334
0.8128194212913513
0.049059249460697174
0.846164882183075
0.04237433150410652
0.140890434384346
0.009390518069267273
0.5913130640983582
0.10184838622808456
0.1574133336544037
0.6572821140289307
0.6482975482940674
0.4986233711242676
0.6930506825447083
0.7334232330322266
0.303884893655777
0.5417277812957764
0.05134132504463196
0.18559224903583527
0.18879596889019012
0.9756927490234375
0.47782233357429504
0.19626778364181519
0.7612589001655579
0.6388770937919617
0.09012367576360703
0.07125076651573181
0.3296373784542084
0.9370529055595398
0.8957306742668152
0.07453492283821106
0.13342581689357758
0.30953502655029297
0.6062719225883484
0.638252854347229
0.12729555368423462
0.38201555609703064
0.057103704661130905
0.6664166450500488
0.0638740211725235
0.5519728660583496
0.2674400806427002
0.620434582233429
0.33941540122032166
0.8092823624610901
0.8141074776649475
0.41733789443969727
0.4204193651676178
0.9617546796798706
0.8876693248748779
0.6207559704780579
0.6834858059883118
0.012043753638863564
0.887637734413147
0.9419227242469788
0.4580850601196289
0.8959476947784424
0.04218738153576851
0.1016119122505188
0.25121137499809265
0.7045924663543701
0.5243226289749146
0.410532683134079
0.5097403526306152
0.15702562034130096
0.5617818236351013
0.5047596096992493
0.043562036007642746
0.41571688652038574
0.9817721843719482
0.12905767560005188
0.19870388507843018
0.39939796924591064
0.049128856509923935
0.9472526907920837
0.3899328410625458
0.5666465163230896
0.8145467638969421
0.9892441034317017
0.1698715090751648
0.5210292935371399
0.8961095213890076
0.5755877494812012
0.6176201701164246
0.7376539707183838
0.4902081787586212
0.5911036729812622
0.4176452159881592
0.4340764880180359
0.24553459882736206
0.9175399541854858
0.23575906455516815
0.025564301759004593
0.9171361923217773
0.12112072855234146
0.5441638827323914
0.24157840013504028
0.5981209874153137
0.18950854241847992
0.14013759791851044
0.3557925224304199
0.22880513966083527
0.36420875787734985
0.006490045692771673
0.1451442539691925
0.6564715504646301
0.1673465073108673
0.5996817946434021
0.4644976258277893
0.8658674359321594
0.8052167892456055
0.20311006903648376
0.7429370284080505
0.16022562980651855
0.9819201231002808
0.5941171646118164
0.11335225403308868
0.48695361614227295
0.5726348757743835
0.8969073295593262
0.2576161026954651
0.626059889793396
0.23629480600357056
0.09864882379770279
0.0852598175406456
0.9215758442878723
0.8320515751838684
0.8978579640388489
0.5846448540687561
0.17260214686393738
0.8857487440109253
0.7898349165916443
0.604422390460968
0.5809956789016724
0.07076498866081238
0.19031164050102234
0.3314356207847595
0.2692793011665344
0.034619059413671494
0.6014565229415894
0.48505204916000366
0.45417723059654236
0.7533900737762451
0.4607352614402771
0.09676995128393173
0.854530930519104
0.9095708727836609
0.8824101090431213
0.3169301748275757
0.20586584508419037
0.15522220730781555
0.5813084244728088
0.2256753146648407
0.8385272026062012
0.6424189209938049
0.8209502696990967
0.32809048891067505
0.8379821181297302
0.2717941999435425
0.7181511521339417
0.3031938076019287
0.8006028532981873
0.24034693837165833
0.7032976746559143
0.6461595892906189
0.47942668199539185
0.8824005722999573
0.3931218087673187
0.9981743693351746
0.9239509105682373
0.24576959013938904
0.7625259160995483
0.9534002542495728
0.8488612771034241
0.25113555788993835
0.6045805811882019
0.2190733551979065
0.4917012155056
0.9705251455307007
0.0372200571000576
0.2843675911426544
0.3064221739768982
0.16948936879634857
0.9921948313713074
0.5320538282394409
0.3996027112007141
0.5310558676719666
0.03235505521297455
0.4250631332397461
0.29082944989204407
0.5703862905502319
0.19527578353881836
0.03136611729860306
0.6003275513648987
0.13525040447711945
0.2421136200428009
0.7490743398666382
0.9813417196273804
0.2884290814399719
0.13362057507038116
0.6062291264533997
0.9259982705116272
0.02976655401289463
0.9017304182052612
0.6122674345970154
0.8118048906326294
0.6175354719161987
0.49292582273483276
0.4547441601753235
0.966012716293335
0.621167778968811
0.3291929364204407
0.9968423843383789
0.127441868185997
0.71245276927948
0.848670244216919
0.40560048818588257
0.4780389070510864
0.7888674736022949
0.16439811885356903
0.14585185050964355
0.0831887423992157
0.21904106438159943
0.34416094422340393
0.6096780300140381
0.8369255065917969
0.08940186351537704
0.7363922595977783
0.11780721694231033
0.768681526184082
0.020658211782574654
0.4163779020309448
0.3497021794319153
0.6272786855697632
0.773101270198822
0.26463064551353455
0.8695261478424072
0.6117691993713379
0.8146309852600098
0.9992666840553284
0.5495525598526001
0.2634136378765106
0.2607749402523041
0.9491735696792603
0.3177979588508606
0.7754655480384827
0.46094954013824463
0.03832871839404106
0.3379267454147339
0.451371431350708
0.5312740802764893
0.8765175342559814
0.7424652576446533
0.9586657881736755
0.5473967790603638
0.5692290663719177
0.8741694688796997
0.1508283168077469
0.23753803968429565
0.3218635022640228
0.14973333477973938
0.6010138392448425
0.9946406483650208
0.23084981739521027
0.05289744958281517
0.9453336000442505
0.7655737400054932
0.48712781071662903
0.46586301922798157
0.9734081029891968
0.4155757427215576
0.7040833830833435
0.7085701823234558
0.014525020495057106
0.542233407497406
0.42041152715682983
0.050838809460401535
0.2540968060493469
0.5152172446250916
0.6829665303230286
0.5013440251350403
0.9845392107963562
0.01304723136126995
0.8408097624778748
0.2905488610267639
0.3359852135181427
0.9940007328987122
0.4033263921737671
0.31060123443603516
0.6770873665809631
0.48812511563301086
0.8199073672294617
0.36473435163497925
0.3228508532047272
0.4296678304672241
0.5618131756782532
0.13519269227981567
0.14219112694263458
0.9926125407218933
0.7758513689041138
0.36958393454551697
0.39828020334243774
0.30178263783454895
0.6932650208473206
0.009646277874708176
0.9882939457893372
0.4063478410243988
0.493852436542511
0.4776596426963806
0.0665937215089798
0.8236672878265381
0.020695915445685387
0.8910983204841614
0.25085628032684326
0.5187077522277832
0.7442643046379089
0.9638920426368713
0.10372638702392578
0.2070237547159195
0.43361467123031616
0.6298201084136963
0.6428965330123901
0.011829990893602371
0.6293994784355164
0.5028082728385925
0.506440281867981
0.6824510097503662
0.42641761898994446
0.5527985095977783
0.7112879157066345
0.6328428387641907
0.5245491862297058
0.7957296371459961
0.8437009453773499
0.4378237724304199
0.47260943055152893
0.14840620756149292
0.04261886700987816
0.22849540412425995
0.49769800901412964
0.5750250220298767
0.4216267168521881
0.4761795997619629
0.1811138540506363
0.7105397582054138
0.7105279564857483
0.7409721612930298
0.6241225004196167
0.9017898440361023
0.6743906140327454
0.37350812554359436
0.621066153049469
0.02296724170446396
0.33353960514068604
0.8787193298339844
0.19041910767555237
0.7623006701469421
0.15513983368873596
0.9186225533485413
0.9158713221549988
0.41301360726356506
0.305470734834671
0.8260583281517029
0.5866069793701172
0.8187556266784668
0.7314726114273071
0.7932929396629333
0.9098927974700928
0.8172675967216492
0.8585945963859558
0.8537849187850952
0.021564792841672897
0.01800210028886795
0.22572468221187592
0.13526669144630432
0.20637905597686768
0.22387352585792542
0.12895505130290985
0.08458175510168076
0.2700062394142151
0.11536859720945358
0.6698364615440369
0.5827081203460693
0.12756140530109406
0.2404210865497589
0.9420701861381531
0.321115106344223
0.45027852058410645
0.1769792139530182
0.5441856384277344
0.08087381720542908
0.4755684733390808
0.11872155219316483
0.7527294754981995
0.7044723033905029
0.8124231696128845
0.6805093288421631
0.8409098982810974
0.1264137178659439
0.8464670777320862
0.7201588153839111
0.7512343525886536
0.8326235413551331
0.22529171407222748
0.11745744943618774
0.12629634141921997
0.6180238723754883
0.43873921036720276
0.42315438389778137
0.3122744560241699
0.49087247252464294
0.6936420798301697
0.1682407408952713
0.9565072059631348
0.33798354864120483
0.42500630021095276
0.23709988594055176
0.5368958711624146
0.9352266788482666
0.7551770210266113
0.08349825441837311
0.11575432866811752
0.010878930799663067
0.14378149807453156
0.28746047616004944
0.6355428695678711
0.7204747796058655
0.4245995879173279
0.4752330482006073
0.916383683681488
0.45288753509521484
0.31529390811920166
0.03666185960173607
0.3803313076496124
0.5964838862419128
0.6087315678596497
0.5882981419563293
0.0764174833893776
0.6203349232673645
0.3283838927745819
0.5435253977775574
0.4586654007434845
0.0452420599758625
0.025575628504157066
0.5294025540351868
0.080540232360363
0.899364709854126
0.18635959923267365
0.5622470378875732
0.6628101468086243
0.4295502007007599
0.6552415490150452
0.2328086793422699
0.6769961714744568
0.791515052318573
0.9785729646682739
0.06735353171825409
0.9077373743057251
0.4146279990673065
0.9656344652175903
0.7268866896629333
0.8802433013916016
0.33854204416275024
0.8840970396995544
0.9226599931716919
0.771393895149231
0.37896278500556946
0.5069505572319031
0.5344984531402588
0.7077603936195374
0.634330153465271
0.918080747127533
0.7354505658149719
0.6610553860664368
0.29221996665000916
0.13855502009391785
0.10586321353912354
0.1852215826511383
0.8446999788284302
0.3271191716194153
0.2472754269838333
0.7403112649917603
0.5906148552894592
0.9229763150215149
0.33244940638542175
0.6336439847946167
0.902696430683136
0.13932958245277405
0.668257474899292
0.9386034607887268
0.5451279282569885
0.019700292497873306
0.025942128151655197
0.9428846836090088
0.9433911442756653
0.9793250560760498
0.37719371914863586
0.3034684360027313
0.43810170888900757
0.42441365122795105
0.13504652678966522
0.5280344486236572
0.6388645172119141
0.38039430975914
0.9373986721038818
0.7299739122390747
0.8212226033210754
0.030311034992337227
0.5475519895553589
0.009524756111204624
0.890710175037384
0.2776222229003906
0.257591187953949
0.6233030557632446
0.04909336939454079
0.7086954116821289
0.34374895691871643
0.6296836733818054
0.9668298959732056
0.6049745082855225
0.6911562085151672
0.10400012135505676
0.7731631398200989
0.7049477100372314
0.5896015167236328
0.14320576190948486
0.27386119961738586
0.3168751299381256
0.8449487090110779
0.2807578444480896
0.050476204603910446
0.7579514384269714
0.40544524788856506
0.3676063120365143
0.4829196333885193
0.35420656204223633
0.5672019720077515
0.310707688331604
0.897162675857544
0.16388098895549774
0.23881003260612488
0.06761176884174347
0.9400020241737366
0.9879595041275024
0.5463210344314575
0.6262152791023254
0.7720446586608887
0.1712571233510971
0.709954023361206
0.0940990149974823
0.2446439415216446
0.7870615124702454
0.0001473618613090366
0.20220822095870972
0.815564751625061
0.9160612225532532
0.9931225180625916
0.9552017450332642
0.005330430809408426
0.15592554211616516
0.7367117404937744
0.797157883644104
0.44579729437828064
0.2620723843574524
0.11542770266532898
0.4870237112045288
0.5024707913398743
0.43654581904411316
0.6014467477798462
0.7768275141716003
0.44351914525032043
0.2969663441181183
0.17997197806835175
0.8153019547462463
0.2613177001476288
0.5013283491134644
0.7812972068786621
0.5782850980758667
0.9103595018386841
0.28951433300971985
0.7012792229652405
0.7565827965736389
0.088099904358387
0.3488228917121887
0.4285380244255066
0.5387531518936157
0.09680531173944473
0.5376807451248169
0.32673513889312744
0.7588600516319275
0.4739789366722107
0.3717041313648224
0.9561048150062561
0.2617488205432892
0.3921434283256531
0.786234438419342
0.024600224569439888
0.25364789366722107
0.5893782377243042
0.08136075735092163
0.3620079755783081
0.5748112797737122
0.7438160181045532
0.8278228640556335
0.5981839895248413
0.7012472748756409
0.5140514373779297
0.7105416059494019
0.48049649596214294
0.5435624122619629
0.9728462100028992
0.46073997020721436
0.10647301375865936
0.10446736961603165
0.0037857063580304384
0.8564617037773132
0.864381730556488
0.9433063864707947
0.22920803725719452
0.9348316192626953
0.2879940867424011
0.2400766909122467
0.879151463508606
0.42612773180007935
0.22969335317611694
0.20386680960655212
0.1262253373861313
0.011831562966108322
0.14526087045669556
0.4720650315284729
0.3486101031303406
0.5271342396736145
0.8526902198791504
0.02047051303088665
0.6216747164726257
0.3152753710746765
0.3282988369464874
0.7121046185493469
0.12772604823112488
0.7777000069618225
0.8818132877349854
0.7664467692375183
0.23973038792610168
0.28490936756134033
0.5285986661911011
0.3271069824695587
0.8472712635993958
0.4757687747478485
0.11929567903280258
0.9630563259124756
0.7435769438743591
0.9444941878318787
0.5218624472618103
0.16087223589420319
0.27728644013404846
0.5915533304214478
0.5537277460098267
0.7881125211715698
0.4096105098724365
0.38194286823272705
0.25947171449661255
0.12776769697666168
0.37608247995376587
0.02989816851913929
0.6652633547782898
0.014236717484891415
0.9824144244194031
0.2167833149433136
0.4653531312942505
0.15491345524787903
0.8702895641326904
0.8273579478263855
0.9113591313362122
0.4696914553642273
0.7160507440567017
0.22025680541992188
0.5876206755638123
0.4219900667667389
0.43085888028144836
0.0783119946718216
0.23911738395690918
0.3413355350494385
0.8044286370277405
0.15421928465366364
0.06912248581647873
0.3553159236907959
0.11229214817285538
0.7601678371429443
0.8038297295570374
0.12449531257152557
0.31146034598350525
0.046867191791534424
0.17770960927009583
0.9664549827575684
0.27615833282470703
0.5821661353111267
0.8117823600769043
0.005425891373306513
0.2198324203491211
0.7826451659202576
0.7306745648384094
0.058248233050107956
0.8972492218017578
0.47025740146636963
0.67436283826828
0.15639665722846985
0.8228052854537964
0.4794558584690094
0.34291020035743713
0.46243923902511597
0.3955187201499939
0.6987884044647217
0.2666288912296295
0.05633538216352463
0.7502217888832092
0.34043675661087036
0.32000938057899475
0.95229172706604
0.5377084016799927
0.15461546182632446
0.8114067912101746
0.37703508138656616
0.44104525446891785
0.8256175518035889
0.5232280492782593
0.5738552212715149
0.9412128925323486
0.7335761785507202
0.21904264390468597
0.5702795386314392
0.13437876105308533
0.9192710518836975
0.21501003205776215
0.179226815700531
0.7177190184593201
0.3490452170372009
0.958196759223938
0.6197356581687927
0.4185302257537842
0.9995765089988708
0.6583248376846313
0.9323956370353699
0.8678197264671326
0.8656309843063354
0.4439983665943146
0.9703775644302368
0.8635037541389465
0.15708211064338684
0.06013307347893715
0.7166973352432251
0.7506402730941772
0.52556312084198
0.5056569576263428
0.3860294818878174
0.94170743227005
0.06534602493047714
0.3216280937194824
0.18201546370983124
0.32589712738990784
0.32950490713119507
0.5336131453514099
0.4734269082546234
0.24735859036445618
0.5434764623641968
0.8999688625335693
0.02000093087553978
0.9968190789222717
0.008858629502356052
0.29063475131988525
0.12568879127502441
0.1574290543794632
0.9332053661346436
0.1981959491968155
0.8372703194618225
0.4282262921333313
0.05934964120388031
0.47746673226356506
0.8049572110176086
0.9543877243995667
0.43400272727012634
0.30182209610939026
0.7870397567749023
0.6170217394828796
0.8836735486984253
0.6913524866104126
0.624316394329071
0.8230711221694946
0.6444053053855896
0.4300804138183594
0.9756031036376953
0.27347540855407715
0.07825108617544174
0.41814401745796204
0.31194043159484863
0.7536830902099609
0.7438240051269531
0.35537075996398926
0.335727721452713
0.677902340888977
0.37872424721717834
0.12018268555402756
0.4320104718208313
0.0055882553569972515
0.894542932510376
0.8361855745315552
0.050192609429359436
0.08800232410430908
0.8094692826271057
0.44279733300209045
0.015353256836533546
0.4390043020248413
0.763304591178894
0.3271753489971161
0.3180982768535614
0.4630618095397949
0.3760264217853546
0.33543962240219116
0.5197053551673889
0.9049269556999207
0.5833451747894287
0.5696427822113037
0.6224154829978943
0.07530546188354492
0.43308189511299133
0.9139872789382935
0.25296279788017273
0.8494299650192261
0.3833726644515991
0.6788198351860046
0.908633291721344
0.4703412353992462
0.9453011751174927
0.9127854108810425
0.34869036078453064
0.9143272638320923
0.6113247871398926
0.8432896733283997
0.6288893818855286
0.507088303565979
0.9712359309196472
0.09159007668495178
0.8919572830200195
0.04785376787185669
0.39040815830230713
0.41318872570991516
0.9424155950546265
0.5830966234207153
0.43011945486068726
0.17290814220905304
0.3515533208847046
0.45815330743789673
0.167534738779068
0.20505750179290771
0.22904010117053986
0.34610408544540405
0.5885025262832642
0.14063453674316406
0.5789991617202759
0.8238348960876465
0.5300071239471436
0.5859504342079163
0.33397048711776733
0.40247344970703125
0.5596823692321777
0.10518486797809601
0.3419474959373474
0.24395719170570374
0.7584188580513
0.22126567363739014
0.8801271915435791
0.25417596101760864
0.9202701449394226
0.37329867482185364
0.9202105402946472
0.888681173324585
0.07263900339603424
0.22645844519138336
0.3709524869918823
0.08364883810281754
0.19867826998233795
0.8066802620887756
0.66921067237854
0.26325350999832153
0.8828699588775635
0.958014965057373
0.7979604005813599
0.9267317652702332
0.32088521122932434
0.5594156384468079
0.17669269442558289
0.8600811958312988
0.5698028206825256
0.360988587141037
0.06796611845493317
0.3875621259212494
0.42434051632881165
0.5119478106498718
0.7592335939407349
0.5081985592842102
0.5027275085449219
0.15366260707378387
0.23565851151943207
0.28402915596961975
0.6921467185020447
0.986397922039032
0.8802691698074341
0.14350882172584534
0.7979762554168701
0.4845709204673767
0.30575549602508545
0.8916248679161072
0.281893789768219
0.9480715394020081
0.12769310176372528
0.439626544713974
0.22058747708797455
0.32114216685295105
0.4692515730857849
0.4925391972064972
0.2192421853542328
0.7328391075134277
0.2532176673412323
0.6077173948287964
0.9906530380249023
0.8549322485923767
0.03154869005084038
0.3490121364593506
0.6075083613395691
0.6831545233726501
0.18299530446529388
0.8252645134925842
0.3338533937931061
0.23472994565963745
0.7324371933937073
0.23337291181087494
0.9632906913757324
0.041262783110141754
0.5493803024291992
0.31117719411849976
0.18334469199180603
0.6418074369430542
0.38169148564338684
0.40248382091522217
0.13736079633235931
0.3931780457496643
0.851715087890625
0.6078842878341675
0.8299723863601685
0.4978942573070526
0.17775657773017883
0.5308205485343933
0.12413852661848068
0.4904966354370117
0.06014600396156311
0.9005866050720215
0.9312368631362915
0.9249828457832336
0.5552337169647217
0.34791743755340576
0.4877755641937256
0.5719529390335083
0.5838654637336731
0.5380778908729553
0.8350734710693359
0.838067889213562
0.18108581006526947
0.022975139319896698
0.8830562233924866
0.10223591327667236
0.7230262756347656
0.7063413858413696
0.2715652883052826
0.0006250988226383924
0.9504384398460388
0.7275775074958801
0.3212519884109497
0.3981305658817291
0.7255732417106628
0.20443114638328552
0.9494267106056213
0.9549055695533752
0.8256992697715759
0.8796969652175903
0.40952590107917786
0.2620007395744324
0.0226068664342165
0.6835852861404419
0.26811331510543823
0.04675164446234703
0.2960990369319916
0.17553316056728363
0.758698582649231
0.48586004972457886
0.999099612236023
0.5788547992706299
0.7406697273254395
0.004772614222019911
0.8533686399459839
0.5158836841583252
0.2138453722000122
0.4280410408973694
0.3138697147369385
0.41737934947013855
0.38014090061187744
0.5426676273345947
0.034548621624708176
0.9859327673912048
0.7173159718513489
0.9436275959014893
0.2596603333950043
0.32483142614364624
0.7686641216278076
0.5500144362449646
0.6969015002250671
0.4510385990142822
0.8661059141159058
0.2799318730831146
0.3087899386882782
0.10540186613798141
0.6469053626060486
0.5367739796638489
0.9737443923950195
0.18107940256595612
0.35385170578956604
0.682083785533905
0.8398984670639038
0.9210862517356873
0.40493136644363403
0.9815783500671387
0.1264985203742981
0.44008123874664307
0.4571848511695862
0.2908622622489929
0.8380641937255859
0.4057275354862213
0.9165997505187988
0.09196589887142181
0.048996713012456894
0.2034151405096054
0.3932207226753235
0.7706428170204163
0.5862030982971191
0.02738996595144272
0.9002649784088135
0.7585775852203369
0.480383038520813
0.8276531100273132
0.09069860726594925
0.5364790558815002
0.15475618839263916
0.7235642075538635
0.350853830575943
0.6895188689231873
0.6821244359016418
0.13815605640411377
0.9975099563598633
0.38564059138298035
0.8433260917663574
0.22201278805732727
0.0711948350071907
0.46149876713752747
0.34911292791366577
0.9714871644973755
0.7929607033729553
0.006899761501699686
0.3807724714279175
0.7566974759101868
0.7004640698432922
0.39774301648139954
0.23448552191257477
0.8775904774665833
0.3504037857055664
0.4062710702419281
0.5750579237937927
0.5055631399154663
0.7544786930084229
0.34889671206474304
0.6762756109237671
0.3357015550136566
0.3015783727169037
0.446380615234375
0.2649926543235779
0.6802616119384766
0.07522062957286835
0.9013505578041077
0.14688874781131744
0.62728351354599
0.09632255882024765
0.12423834204673767
0.7603074312210083
0.9744983911514282
0.5312708020210266
0.0040298160165548325
0.010145667009055614
0.5942826271057129
0.4797987639904022
0.615167498588562
0.041035495698451996
0.18001440167427063
0.7813172340393066
0.12848003208637238
0.8426209092140198
0.7519766688346863
0.24238581955432892
0.25429239869117737
0.7617260813713074
0.43846219778060913
0.6660452485084534
0.6806266903877258
0.08367715030908585
0.7015241980552673
0.5073689818382263
0.9037162065505981
0.7965936660766602
0.3695999085903168
0.3051489293575287
0.23622433841228485
0.6727727055549622
0.26971009373664856
0.8706716895103455
0.12246831506490707
0.25362667441368103
0.08467991650104523
0.032062143087387085
0.2621046304702759
0.5965567827224731
0.9517737030982971
0.9223575592041016
0.49478551745414734
0.5681905746459961
0.9728342890739441
0.622550368309021
0.6251724362373352
0.16968393325805664
0.4377284646034241
0.8278289437294006
0.20876893401145935
0.9418978095054626
0.2797872722148895
0.6026606559753418
0.3209496736526489
0.43275517225265503
0.00040992972208186984
0.7730783224105835
0.14419321715831757
0.7402524948120117
0.8429815769195557
0.7410935759544373
0.009787438437342644
0.9653724431991577
0.06666198372840881
0.8465471863746643
0.9155515432357788
0.9537693858146667
0.5713462829589844
0.8404951095581055
0.1306408792734146
0.033863868564367294
0.67206871509552
0.8965201377868652
0.3732801079750061
0.47533971071243286
0.020163394510746002
0.8898726105690002
0.17179825901985168
0.6965683102607727
0.7961795926094055
0.48976317048072815
0.5226859450340271
0.9306237101554871
0.30768200755119324
0.1755531281232834
0.9601319432258606
0.7564985752105713
0.5470202565193176
0.6201921105384827
0.14454685151576996
0.0004595181962940842
0.04515562951564789
0.2629227340221405
0.1572929322719574
0.7827693819999695
0.9500640034675598
0.6878211498260498
0.3023052215576172
0.1849416196346283
0.8892224431037903
0.5222551226615906
0.921311616897583
0.7015045881271362
0.7135552167892456
0.9222387075424194
0.9132862091064453
0.6991569995880127
0.7300235033035278
0.5557811856269836
0.36755141615867615
0.13220469653606415
0.5164530873298645
0.054548464715480804
0.3476939797401428
0.10815487802028656
0.4481162428855896
0.29355388879776
0.9335933923721313
0.5804771780967712
0.3773699104785919
0.11360277980566025
0.8799905776977539
0.6428521871566772
0.2008521854877472
0.4265870451927185
0.8457614779472351
0.9211631417274475
0.07846827805042267
0.20850852131843567
0.961703360080719
0.6689190864562988
0.11476092785596848
0.033994972705841064
0.3800329864025116
0.16824711859226227
0.7428326606750488
0.2747710645198822
0.7025576829910278
0.10638628154993057
0.7158260345458984
0.5670899152755737
0.38486525416374207
0.03780870884656906
0.12278904020786285
0.1976797878742218
0.06348980218172073
0.2396349310874939
0.3460833430290222
0.4458880126476288
0.49731218814849854
0.14641472697257996
0.16570694744586945
0.42305275797843933
0.7390472888946533
0.9382470846176147
0.9618637561798096
0.10833197832107544
0.26625582575798035
0.6419446468353271
0.9109768271446228
0.6422935724258423
0.8636906743049622
0.9563248157501221
0.7287378311157227
0.39943060278892517
0.3660767376422882
0.7764735817909241
0.9152997732162476
0.3481830060482025
0.5932413339614868
0.6552540063858032
0.5871812105178833
0.5086929202079773
0.62875896692276
0.7507456541061401
0.5216552019119263
0.6707504987716675
0.27420005202293396
0.38251036405563354
0.5935128927230835
0.2479032278060913
0.45045405626296997
0.7691032290458679
0.11544840037822723
0.004413882736116648
0.8000922799110413
0.4154902398586273
0.9619170427322388
0.3811917304992676
0.7927057147026062
0.12968003749847412
0.7532366514205933
0.2647092938423157
0.844022810459137
0.8375325798988342
0.1295248419046402
0.25823625922203064
0.3441944420337677
0.6153851747512817
0.6405514478683472
0.28810086846351624
0.3250715136528015
0.809297502040863
0.4617071747779846
0.1003667414188385
0.9582741260528564
0.698643147945404
0.6383654475212097
0.2284681648015976
0.9449918866157532
0.05220801383256912
0.49097976088523865
0.5199942588806152
0.8057173490524292
0.6917434334754944
0.21195071935653687
0.39115574955940247
0.4468618631362915
0.2529752850532532
0.8287447690963745
0.9563826322555542
0.2769124507904053
0.34221571683883667
0.7181517481803894
0.49736231565475464
0.8109351992607117
0.14414076507091522
0.35225993394851685
0.28872203826904297
0.41266196966171265
0.3740313947200775
0.6118464469909668
0.757190465927124
0.03876083716750145
0.46480172872543335
0.14660675823688507
0.9870098829269409
0.33034566044807434
0.31086868047714233
0.42003005743026733
0.5679845809936523
0.889476478099823
0.6374948024749756
0.7903677225112915
0.23700714111328125
0.24156704545021057
0.8266506791114807
0.4325767457485199
0.9800231456756592
0.7557012438774109
0.6970490217208862
0.6283576488494873
0.31515511870384216
0.7419064044952393
0.05439341068267822
0.9882042407989502
0.750116765499115
0.6134204268455505
0.5392340421676636
0.8831292986869812
0.7181898951530457
0.7760201096534729
0.98063725233078
0.6161747574806213
0.17674681544303894
0.8267480731010437
0.777445375919342
0.8811709880828857
0.35953694581985474
0.8836712837219238
0.10157889872789383
0.5198231339454651
0.7787321209907532
0.3127814531326294
0.13701224327087402
0.024164648726582527
0.2430703192949295
0.5840707421302795
0.6159572005271912
0.031246544793248177
0.7780279517173767
0.7422703504562378
0.9920166730880737
0.41439539194107056
0.43348491191864014
0.5593186020851135
0.7760784029960632
0.18227170407772064
0.9022426009178162
0.26506561040878296
0.5876455307006836
0.022813545539975166
0.8003824353218079
0.024292755872011185
0.6375330090522766
0.24364104866981506
0.6794513463973999
0.014427398331463337
0.4939385950565338
0.37162747979164124
0.5775521993637085
0.3966897130012512
0.9153472185134888
0.10163740068674088
0.7293208837509155
0.5400862097740173
0.3895084261894226
0.6455827951431274
0.9473240971565247
0.2454158365726471
0.7368062734603882
0.23294566571712494
0.6126336455345154
0.12894780933856964
0.6467410326004028
0.29094254970550537
0.6661103963851929
0.2040833830833435
0.8287264108657837
0.14448150992393494
0.5953837633132935
0.049849335104227066
0.8408101201057434
0.9992161393165588
0.1883903443813324
0.34735387563705444
0.1630260944366455
0.39543282985687256
0.39577654004096985
0.8046985268592834
0.8816990256309509
0.25222402811050415
0.34690776467323303
0.49649733304977417
0.9214314818382263
0.026151709258556366
0.361025333404541
0.6241194605827332
0.3734705150127411
0.9537922143936157
0.51739102602005
0.904233455657959
0.27169159054756165
0.5542576909065247
0.4084545969963074
0.42285317182540894
0.30801883339881897
0.44495490193367004
0.20256921648979187
0.07224223017692566
0.29521462321281433
0.5849133133888245
0.9375385046005249
0.24828922748565674
0.05883549898862839
0.12420401722192764
0.15845783054828644
0.008332970552146435
0.4978107810020447
0.12642744183540344
0.5625335574150085
0.23407472670078278
0.4784804880619049
0.8457963466644287
0.5698219537734985
0.8284238576889038
0.0540083684027195
0.7460336089134216
0.1493331342935562
0.09399048984050751
0.31405362486839294
0.8491000533103943
0.5774385333061218
0.6124046444892883
0.8036568760871887
0.02830829657614231
0.9841030240058899
0.7730255722999573
0.5625585913658142
0.6448104977607727
0.021648509427905083
0.8932669162750244
0.843758761882782
0.3667810559272766
0.3331747353076935
0.7532575130462646
0.4967682957649231
0.6055967807769775
0.14795415103435516
0.007895543240010738
0.890578031539917
0.17958968877792358
0.0590515062212944
0.22269238531589508
0.006389250513166189
0.82802814245224
0.1152527928352356
0.18202327191829681
0.3799189031124115
0.9649648666381836
0.2511844336986542
0.8437427282333374
0.8376325368881226
0.5136829018592834
0.25374752283096313
0.7256781458854675
0.35456591844558716
0.4495427906513214
0.9989198446273804
0.16394127905368805
0.8122051954269409
0.8027034997940063
0.8616372346878052
0.08928529918193817
0.5469645261764526
0.2538755536079407
0.9086788296699524
0.36931201815605164
0.45302215218544006
0.8765964508056641
0.31300097703933716
0.4529755711555481
0.35956043004989624
0.8341476917266846
0.24442744255065918
0.07516175508499146
0.933967113494873
0.6827741265296936
0.9483453035354614
0.8296474814414978
0.5362414717674255
0.9286696314811707
0.1342962384223938
0.9008793234825134
0.7937105894088745
0.06671157479286194
0.42692434787750244
0.8212748765945435
0.1032690480351448
0.8152250647544861
0.218784362077713
0.31331196427345276
0.44592544436454773
0.23702843487262726
0.32683390378952026
0.45606428384780884
0.043731629848480225
0.23091471195220947
0.5328173041343689
0.8050117492675781
0.3424132168292999
0.08753346651792526
0.903437077999115
0.6570895314216614
0.06837482005357742
0.17658308148384094
0.8182669281959534
0.36540207266807556
0.7924385666847229
0.9636589884757996
0.45613569021224976
0.15553154051303864
0.4240913689136505
0.7595492601394653
0.1686062067747116
0.7649743556976318
0.6144335269927979
0.900060772895813
0.296151727437973
0.0397096648812294
0.2690263092517853
0.5432049036026001
0.6169682145118713
0.3046833276748657
0.8281089067459106
0.4488382041454315
0.6953802108764648
0.462895929813385
0.27633997797966003
0.5286107063293457
0.14387167990207672
0.11477196961641312
0.0014041292015463114
0.8591985702514648
0.7446532249450684
0.3680000901222229
0.3974039554595947
0.7918315529823303
0.5346721410751343
0.906770646572113
0.5328246355056763
0.23165959119796753
0.03846633806824684
0.9114031195640564
0.13799764215946198
7.144637493183836e-05
0.21793940663337708
0.6765305399894714
0.4916890561580658
0.3257281184196472
0.3453887104988098
0.9198108911514282
0.05812101066112518
0.4085048735141754
0.9813642501831055
0.6324180364608765
0.0858612060546875
0.9935100078582764
0.5920323729515076
0.5743294954299927
0.9966555833816528
0.07271364331245422
0.295198917388916
0.14182326197624207
0.8899728655815125
0.06906797736883163
0.9336814284324646
0.2482367902994156
0.5625264644622803
0.456784188747406
0.8854432106018066
0.9349772930145264
0.8847030401229858
0.17027194797992706
0.7871151566505432
0.6610292792320251
0.17632180452346802
0.12014621496200562
0.6796554923057556
0.7929403781890869
0.974765956401825
0.21394643187522888
0.5272829532623291
0.9760013222694397
0.06043339893221855
0.9586640000343323
0.7425576448440552
0.5832481980323792
0.7336393594741821
0.38987746834754944
0.38076329231262207
0.6003724336624146
0.7248818874359131
0.8789060115814209
0.5717977285385132
0.8612582087516785
0.9538301229476929
0.8811665773391724
0.8018239140510559
0.33718445897102356
0.5005286335945129
0.11939386278390884
0.5156956315040588
0.9834490418434143
0.1344114989042282
0.7060202956199646
0.06958303600549698
0.7352425456047058
0.9994741678237915
0.25080224871635437
0.6194764375686646
0.14976514875888824
0.7202491164207458
0.3163529634475708
0.37374040484428406
0.3902311623096466
0.5731933116912842
0.019675713032484055
0.3874012529850006
0.6647083759307861
0.9491757154464722
0.5374243259429932
0.5351701974868774
0.21240954101085663
0.8052219152450562
0.9099522233009338
0.20192424952983856
0.0034847792703658342
0.7658383250236511
0.763266921043396
0.4450783133506775
0.43773654103279114
0.7502262592315674
0.8506309986114502
0.5306057333946228
0.33020803332328796
0.3628329038619995
0.5119331479072571
0.8387764692306519
0.6528508067131042
0.5548027753829956
0.03564544394612312
0.4584508538246155
0.3760433495044708
0.7116612195968628
0.8564558625221252
0.8661282658576965
0.3301890194416046
0.2910853326320648
0.09082772582769394
0.7218571901321411
0.3981146812438965
0.14702701568603516
0.5614437460899353
0.8777263164520264
0.9789350032806396
0.7177045941352844
0.903164267539978
0.9477773308753967
0.8800047636032104
0.47075966000556946
0.9354497194290161
0.8908806443214417
0.8565704822540283
0.3240582346916199
0.8330596089363098
0.6783567667007446
0.5297877788543701
0.005389481317251921
0.6345888376235962
0.05212688446044922
0.28533270955085754
0.738705039024353
0.35471561551094055
0.36414265632629395
0.6898437738418579
0.9145883917808533
0.26215478777885437
0.5678148865699768
0.4592975080013275
0.9337816834449768
0.4705706536769867
0.8497085571289062
0.19299672544002533
0.5675475597381592
0.7575671672821045
0.19598866999149323
0.3985181748867035
0.5029290318489075
0.42503622174263
0.32720693945884705
0.30431053042411804
0.5101967453956604
0.4661909341812134
0.6904600858688354
0.7110407948493958
0.7243553996086121
0.8911716341972351
0.6171422004699707
0.8540939092636108
0.2581649720668793
0.18620966374874115
0.7670616507530212
0.5768067836761475
0.2506096065044403
0.1853760927915573
0.050637099891901016
0.6400895714759827
0.6830816864967346
0.1857142597436905
0.5465064644813538
0.589855432510376
0.8601426482200623
0.22799986600875854
0.4319162368774414
0.14107689261436462
0.437007337808609
0.8720769882202148
0.5411811470985413
0.5740737915039062
0.3045022785663605
0.8799191117286682
0.6483995914459229
0.5220473408699036
0.8565353155136108
0.713473916053772
0.28624141216278076
0.8402159810066223
0.7537208795547485
0.27224236726760864
0.878470778465271
0.5722927451133728
0.4601190388202667
0.29633477330207825
0.35947325825691223
0.5399981737136841
0.2001732736825943
0.861533522605896
0.36101025342941284
0.8741960525512695
0.8531167507171631
0.1590384691953659
0.9521859288215637
0.6385628581047058
0.9701436161994934
0.5935519933700562
0.9119819402694702
0.15159131586551666
0.686802864074707
0.44761061668395996
0.6517585515975952
0.905423104763031
0.9687773585319519
0.14357779920101166
0.8277618885040283
0.7485147714614868
0.4851096570491791
0.39489293098449707
0.5408068895339966
0.05687421187758446
0.9495560526847839
0.31212398409843445
0.9862985610961914
0.8853126764297485
0.6218448877334595
0.28626787662506104
0.2846719026565552
0.4326222240924835
0.5690777897834778
0.5938338041305542
0.23649606108665466
0.6735655665397644
0.9872925281524658
0.4139750599861145
0.07583174109458923
0.26895448565483093
0.6627233028411865
0.8734182119369507
0.7204897999763489
0.28350162506103516
0.4148632884025574
0.4497559666633606
0.37897589802742004
0.39034202694892883
0.37823793292045593
0.8101969957351685
0.7176863551139832
0.3089466989040375
0.28066176176071167
0.4241369366645813
0.488241583108902
0.4703455865383148
0.495270311832428
0.3259035646915436
0.6256707310676575
0.18977539241313934
0.4868958592414856
0.3265035152435303
0.6239266395568848
0.3402359187602997
0.5189163088798523
0.9829587936401367
0.9819804430007935
0.7859933972358704
0.9031317830085754
0.2268996685743332
0.7564001083374023
0.5128618478775024
0.7575597763061523
0.89211505651474
0.12262900173664093
0.5466196537017822
0.6447589993476868
0.7559462189674377
0.5155295729637146
0.5304484367370605
0.32102540135383606
0.42001646757125854
0.6818232536315918
0.4108505845069885
0.6157948970794678
0.026067698374390602
0.7325607538223267
0.6711104512214661
0.3845459222793579
0.7293921709060669
0.5119137167930603
0.8837656378746033
0.002740102121606469
0.05725238472223282
0.889768123626709
0.33647841215133667
0.2839938700199127
0.4296894967556
0.6647429466247559
0.9602224826812744
0.6913527846336365
0.5354090929031372
0.21316736936569214
0.5135464072227478
0.38390061259269714
0.08020006865262985
0.11518406122922897
0.05246935039758682
0.18658871948719025
0.9535907506942749
0.9735496044158936
0.32475557923316956
0.3742271065711975
0.6553088426589966
0.7907463312149048
0.023457715287804604
0.9234150052070618
0.7825040221214294
0.32423943281173706
0.03372412919998169
0.7640005946159363
0.47017377614974976
0.41546258330345154
0.9711846709251404
0.742519736289978
0.43773406744003296
0.08081697672605515
0.09770344942808151
0.8825975060462952
0.14588263630867004
0.014867444522678852
0.7519456148147583
0.6081576347351074
0.9990129470825195
0.1742250770330429
0.30701377987861633
0.7363557815551758
0.3164671063423157
0.6656457781791687
0.5552516579627991
0.013833935372531414
0.5010421276092529
0.9703345894813538
0.7603407502174377
0.012736332602798939
0.4294590353965759
0.22542937099933624
0.8243299126625061
0.5705966353416443
0.28365787863731384
0.25673192739486694
0.29458335041999817
0.1312151700258255
0.34608620405197144
0.24092236161231995
0.721185028553009
0.5979222655296326
0.8826565146446228
0.0223181564360857
0.8606789112091064
0.20371636748313904
0.8012226819992065
0.20924396812915802
0.2131906896829605
0.39193880558013916
0.12676942348480225
0.6729531288146973
0.8611482977867126
0.8952217698097229
0.23411376774311066
0.08808575570583344
0.9862073063850403
0.8743550777435303
0.7614900469779968
0.9802446365356445
0.7024036645889282
0.6325337290763855
0.45446863770484924
0.28071168065071106
0.7387820482254028
0.1746903657913208
0.651947021484375
0.5910402536392212
0.8683410286903381
0.9660193920135498
0.6239663362503052
0.43051421642303467
0.5128301382064819
0.10979732125997543
0.41873306035995483
0.7129745483398438
0.3488502502441406
0.12026482820510864
0.2672944962978363
0.9293647408485413
0.6075506806373596
0.09552518278360367
0.661198079586029
0.10677815228700638
0.3635092079639435
0.5499829649925232
0.030397746711969376
0.08830548822879791
0.12050838023424149
0.9347805976867676
0.6889528632164001
0.6874496936798096
0.33658674359321594
0.6651830673217773
0.3656349778175354
0.6003001928329468
0.9009540677070618
0.31588906049728394
0.7545706033706665
0.37093067169189453
0.5043727159500122
0.019914105534553528
0.6376399397850037
0.8664979934692383
0.5531396269798279
0.181321918964386
0.6110766530036926
0.8755070567131042
0.07287012040615082
0.14064116775989532
0.3648889362812042
0.2697160840034485
0.6099575161933899
0.5460296869277954
0.9484029412269592
0.10739271342754364
0.7929562330245972
0.779900312423706
0.4105742871761322
0.20392519235610962
0.06729258596897125
0.7794599533081055
0.04850821942090988
0.40502092242240906
0.7483277916908264
0.14068421721458435
0.17231769859790802
0.37234845757484436
0.8683612942695618
0.9051027297973633
0.019695304334163666
0.9880526065826416
0.49149593710899353
0.5213901996612549
0.5180133581161499
0.056504521518945694
0.49177512526512146
0.47512465715408325
0.28998640179634094
0.45344460010528564
0.40308722853660583
0.5810356140136719
0.7599946856498718
0.04026766121387482
0.9750938415527344
0.0634487196803093
0.5582200884819031
0.09132629632949829
0.7636774182319641
0.8023748993873596
0.49208956956863403
0.23506253957748413
0.25547143816947937
0.6700983047485352
0.631128191947937
0.7332924008369446
0.3793577253818512
0.44611629843711853
0.8814148902893066
0.8763811588287354
0.08948806673288345
0.07519404590129852
0.8931174874305725
0.7765684127807617
0.5134463906288147
0.36315229535102844
0.8075727820396423
0.2047812044620514
0.6689558029174805
0.983976423740387
0.06257402896881104
0.9071868062019348
0.19653961062431335
0.5087030529975891
0.32199713587760925
0.07808825373649597
0.9009994864463806
0.9947360157966614
0.39547035098075867
0.8924703598022461
0.4759831726551056
0.5678606033325195
0.16098619997501373
0.8760429620742798
0.4124394655227661
0.7914028167724609
0.33455559611320496
0.32389959692955017
0.11757191270589828
0.9963809847831726
0.27938687801361084
0.6389521360397339
0.11750878393650055
0.4904555678367615
0.3989633023738861
0.9641184210777283
0.365974098443985
0.08309002220630646
0.970445990562439
0.40330788493156433
0.48139363527297974
0.9034114480018616
0.4290982186794281
0.04744316264986992
0.7442248463630676
0.2624276280403137
0.052987515926361084
0.8825382590293884
0.23462004959583282
0.7483505010604858
0.3636256158351898
0.07896146178245544
0.7047266960144043
0.8274071216583252
0.6902292966842651
0.05022117868065834
0.48782581090927124
0.4947957992553711
0.45505523681640625
0.5419977903366089
0.9266239404678345
0.530855119228363
0.9874539375305176
0.020084135234355927
0.04211379960179329
0.4416755437850952
0.7018224000930786
0.4303627014160156
0.6716123223304749
0.8296752572059631
0.8922184109687805
0.8434784412384033
0.5534563660621643
0.5462854504585266
0.06048979610204697
0.15873107314109802
0.5376959443092346
0.8231973648071289
0.2474740445613861
0.010510914959013462
0.612745463848114
0.026812097057700157
0.7620123624801636
0.0411260761320591
0.5571414232254028
0.24465294182300568
0.1094498410820961
0.7744477391242981
0.7850130200386047
0.6723179817199707
0.7392407059669495
0.5733835697174072
0.7507180571556091
0.01803261786699295
0.36613690853118896
0.37303611636161804
0.38705384731292725
0.6655370593070984
0.5872658491134644
0.23059943318367004
0.5963283181190491
0.48733311891555786
0.7192412614822388
0.22435948252677917
0.7807079553604126
0.7764115333557129
0.7644945383071899
0.3018690049648285
0.11953257024288177
0.29385051131248474
0.018378084525465965
0.9524354934692383
0.37392958998680115
0.3811258375644684
0.3332279324531555
0.7462445497512817
0.9596254825592041
0.3740707039833069
0.6409028768539429
0.36704912781715393
0.9624348878860474
0.7396542429924011
0.7370153069496155
0.09320373833179474
0.5008341073989868
0.09782753884792328
0.5407952070236206
0.2779114842414856
0.6945932507514954
0.23480914533138275
0.9612008333206177
0.00459909625351429
0.9474274516105652
0.18931439518928528
0.6171331405639648
0.8572893142700195
0.33290502429008484
0.2636722922325134
0.3727191686630249
0.024347759783267975
0.319976270198822
0.6308686137199402
0.47097405791282654
0.8729667663574219
0.03191859647631645
0.19050948321819305
0.3274567425251007
0.06710733473300934
0.3105718195438385
0.06505565345287323
0.528780996799469
0.9256914854049683
0.09062573313713074
0.43190646171569824
0.7022975087165833
0.7191560864448547
0.5997109413146973
0.881056010723114
0.2216053307056427
0.07169251888990402
0.37715819478034973
0.8800743818283081
0.3522273302078247
0.8069266080856323
0.7564684152603149
0.48676398396492004
0.5966208577156067
0.8432912826538086
0.6011866927146912
0.7568234801292419
0.4826452136039734
0.5839670896530151
0.980277419090271
0.5063372850418091
0.8876911997795105
0.103177510201931
0.6687997579574585
0.776110053062439
0.2407631278038025
0.5075193047523499
0.20155411958694458
0.9978677034378052
0.26785042881965637
0.5090144872665405
0.33382144570350647
0.6865264177322388
0.1979684978723526
0.9722250699996948
0.02865137904882431
0.21093250811100006
0.36064764857292175
0.9453414082527161
0.15292106568813324
0.6039594411849976
0.3594345152378082
0.2718963027000427
0.815127968788147
0.8622777462005615
0.7552834153175354
0.7977124452590942
0.6217959523200989
0.004389656241983175
0.89923495054245
0.24969524145126343
0.18029999732971191
0.8592520356178284
0.9142929911613464
0.8960251212120056
0.0734211653470993
0.48164963722229004
0.49914756417274475
0.0034935458097606897
0.4370359778404236
0.3864801526069641
0.35793429613113403
0.4601447284221649
0.6203837990760803
0.7865312099456787
0.30156323313713074
0.24829210340976715
0.4920484125614166
0.9726266264915466
0.14332139492034912
0.09269849210977554
0.1950342357158661
0.8496612310409546
0.5951024293899536
0.07810848951339722
0.12506935000419617
0.08683312684297562
0.8883569836616516
0.00026349694235250354
0.9334373474121094
0.0358528234064579
0.3192994296550751
0.9825677275657654
0.05654796585440636
0.7802120447158813
0.012398588471114635
0.23377595841884613
0.18160241842269897
0.9430616497993469
0.3090165853500366
0.6467080116271973
0.07428030669689178
0.5000947713851929
0.024631742388010025
0.6559094190597534
0.6421645283699036
0.0032751120161265135
0.2025887668132782
0.4963243007659912
0.014479623176157475
0.5557658076286316
0.05200330540537834
0.8279779553413391
0.07522102445363998
0.14203643798828125
0.6683931946754456
0.5848485231399536
0.6688401699066162
0.7073015570640564
0.9799373745918274
0.4087280333042145
0.24259088933467865
0.44285687804222107
0.19748267531394958
0.37398234009742737
0.7778735756874084
0.8800767660140991
0.28883716464042664
0.3267167806625366
0.6130877733230591
0.651244580745697
0.687995970249176
0.4895346760749817
0.9815719723701477
0.7709588408470154
0.1410578340291977
0.7884741425514221
0.17829452455043793
0.9349427819252014
0.4899677038192749
0.8261964321136475
0.5995782017707825
0.534635066986084
0.05457375943660736
0.9918544888496399
0.0027341137174516916
0.5634191632270813
0.5218462347984314
0.643441915512085
0.5788853168487549
0.8501929044723511
0.5702835321426392
0.12926983833312988
0.2495473176240921
0.797986626625061
0.06399863213300705
0.27996766567230225
0.7691709399223328
0.347483366727829
0.617072582244873
0.9337748885154724
0.16231141984462738
0.695406973361969
0.09735643118619919
0.2711619436740875
0.47879934310913086
0.24467943608760834
0.14187774062156677
0.4219285845756531
0.6981092095375061
0.27649232745170593
0.21632041037082672
0.70862877368927
0.8295600414276123
0.17375707626342773
0.6734709739685059
0.10727839171886444
0.4538554251194
0.5535392761230469
0.07916834205389023
0.5599972605705261
0.35335657000541687
0.8745700120925903
0.5944181084632874
0.7872233986854553
0.15394052863121033
0.4566535949707031
0.1191558688879013
0.11483649909496307
0.24430841207504272
0.8777402639389038
0.2603514790534973
0.10211366415023804
0.6707576513290405
0.2468271702528
0.86402827501297
0.31083765625953674
0.27105244994163513
0.03179128095507622
0.14549662172794342
0.9401661157608032
0.20846329629421234
0.19946688413619995
0.09906331449747086
0.1731877475976944
0.4251517355442047
0.0945497453212738
0.13305972516536713
0.29411551356315613
0.4740246832370758
0.5251594185829163
0.4689485430717468
0.8554906249046326
0.039326924830675125
0.12740018963813782
0.36880412697792053
0.5748018026351929
0.6500415205955505
0.7118090987205505
0.8953834176063538
0.5083720684051514
0.2357310801744461
0.391543984413147
0.9490499496459961
0.8550246357917786
0.6508561968803406
0.6709406971931458
0.4490296542644501
0.9777080416679382
0.6321825981140137
0.8606956005096436
0.4517083466053009
0.43958210945129395
0.9417206048965454
0.9902974963188171
0.18006588518619537
0.43725353479385376
0.2201598584651947
0.9115936756134033
0.558889627456665
0.8608617186546326
0.3383362591266632
0.7951318621635437
0.9004055261611938
0.19395433366298676
0.6103338599205017
0.5732973217964172
0.4974711835384369
0.22335673868656158
0.9543313384056091
0.24564164876937866
0.844923198223114
0.8389819860458374
0.45318806171417236
0.0531393326818943
0.03224378824234009
0.9114939570426941
0.2021702229976654
0.6738335490226746
0.5249988436698914
0.7702697515487671
0.06620537489652634
0.3424436151981354
0.3090660274028778
0.4946514666080475
0.9297398924827576
0.31201058626174927
0.7882438898086548
0.3493867814540863
0.9195598363876343
0.0064358217641711235
0.491529256105423
0.7309648394584656
0.18426215648651123
0.5254713892936707
0.10679132491350174
0.6647533774375916
0.008767504245042801
0.5596022009849548
0.9415097236633301
0.48164990544319153
0.42828336358070374
0.13233934342861176
0.5387447476387024
0.473360538482666
0.869286060333252
0.035953763872385025
0.36743441224098206
0.311388224363327
0.2654672861099243
0.47106432914733887
0.2792060673236847
0.8471317887306213
0.10249163955450058
0.1988607496023178
0.1463014781475067
0.3711387813091278
0.4734951853752136
0.6710222959518433
0.2532414197921753
0.7263855338096619
0.5596965551376343
0.6763846278190613
0.8256440758705139
0.4287765622138977
0.19250516593456268
0.304507851600647
0.2831084132194519
0.4845605790615082
0.0665784403681755
0.3873227536678314
0.6979356408119202
0.06736267358064651
0.47065991163253784
0.005609327927231789
0.15374033153057098
0.2066098302602768
0.9350247383117676
0.22475317120552063
0.5307188034057617
0.2851284444332123
0.38461199402809143
0.4477323591709137
0.1972385048866272
0.22885215282440186
0.12063755095005035
0.1387181580066681
0.1199004128575325
0.11427216231822968
0.8916682004928589
0.6261657476425171
0.37307867407798767
0.8443705439567566
0.5802281498908997
0.6000484228134155
0.5571569800376892
0.03375210613012314
0.39132851362228394
0.11765925586223602
0.9322471022605896
0.472429484128952
0.15067292749881744
0.14365915954113007
0.2161334753036499
0.5569727420806885
0.5649644136428833
0.19731801748275757
0.2254631370306015
0.9654445648193359
0.24771781265735626
0.7934755682945251
0.765987753868103
0.5824377536773682
0.1319803148508072
0.056460123509168625
0.921617329120636
0.751349687576294
0.6986160278320312
0.9617097973823547
0.8041353821754456
0.4770797789096832
0.3434225022792816
0.1503876894712448
0.43819868564605713
0.20942322909832
0.830426037311554
0.93671053647995
0.3703472912311554
0.31023281812667847
0.3300224542617798
0.058271877467632294
0.9020257592201233
0.08391924202442169
0.3495838940143585
0.4603201448917389
0.927093505859375
0.98606938123703
0.528230607509613
0.256887823343277
0.05036841332912445
0.4307152032852173
0.4306880533695221
0.3315626382827759
0.8425692915916443
0.7033129930496216
0.5985227823257446
0.3371581435203552
0.016898948699235916
0.4831765294075012
0.9277752637863159
0.7257438898086548
0.8478343486785889
0.5499985218048096
0.10428741574287415
0.9231277108192444
0.5246120095252991
0.028593847528100014
0.7161704897880554
0.10256925225257874
0.04923398047685623
0.2084910273551941
0.31912630796432495
0.7898522615432739
0.7507694959640503
0.23628485202789307
0.42074015736579895
0.14005054533481598
0.5074533224105835
0.09290383756160736
0.13238577544689178
0.5234184265136719
0.20855988562107086
0.7822847366333008
0.9744323492050171
0.6574034094810486
0.8748823404312134
0.7099052667617798
0.8150001168251038
0.6965057253837585
0.8661653995513916
0.39724987745285034
0.8763079643249512
0.5017483830451965
0.061044249683618546
0.41813334822654724
0.5901706218719482
0.6035093665122986
0.9732654094696045
0.9574908018112183
0.3260587751865387
0.5667119026184082
0.7182072997093201
0.35692858695983887
0.5779446959495544
0.08775030821561813
0.4687293767929077
0.47547057271003723
0.6195938587188721
0.5967296361923218
0.2581807076931
0.6268903613090515
0.785219132900238
0.9239116311073303
0.7445968389511108
0.4282097816467285
0.3235979974269867
0.6209487915039062
0.6703879237174988
0.8430587649345398
0.6054940819740295
0.013356051407754421
0.6127371191978455
0.06602883338928223
0.02207142859697342
0.30492308735847473
0.5384917855262756
0.09662191569805145
0.722181499004364
0.715178370475769
0.751630425453186
0.4425034523010254
0.5670666098594666
0.5684909224510193
0.5964450240135193
0.9514374732971191
0.029128294438123703
0.516985297203064
0.4101835787296295
0.603242814540863
0.03106735832989216
0.15133531391620636
0.42168042063713074
0.2084028720855713
0.25233522057533264
0.6406564116477966
0.3120758533477783
0.24872544407844543
0.8622137904167175
0.017294343560934067
0.14740914106369019
0.03628922626376152
0.024675415828824043
0.931526243686676
0.3937792479991913
0.8557841181755066
0.37945371866226196
0.9526348114013672
0.43460679054260254
0.30853894352912903
0.2259903848171234
0.9640002250671387
0.21317438781261444
0.763337254524231
0.2700895369052887
0.24555635452270508
0.29782700538635254
0.9682321548461914
0.9275320768356323
0.03129870817065239
0.3026946187019348
0.8529868125915527
0.8952253460884094
0.22521957755088806
0.5809427499771118
0.5954227447509766
0.7918826937675476
0.9836465716362
0.8488888740539551
0.8864728212356567
0.8644927740097046
0.03609245643019676
0.003382402705028653
0.08624125272035599
0.5718241930007935
0.4188564419746399
0.4356570839881897
0.41298332810401917
0.7290575504302979
0.7144327163696289
0.10903436690568924
0.20642052590847015
0.75963294506073
0.3416319787502289
0.7329323887825012
0.9916772842407227
0.8212686777114868
0.998957097530365
0.3854960501194
0.57426518201828
0.8999893665313721
0.472435861825943
0.6468737125396729
0.047765038907527924
0.6542643904685974
0.9204422831535339
0.2541601061820984
0.03168700635433197
0.6524542570114136
0.19549648463726044
0.40614989399909973
0.9982264041900635
0.8896889686584473
0.9736729264259338
0.26951318979263306
0.5352529883384705
0.6922663450241089
0.5666986107826233
0.012961781583726406
0.6630880236625671
0.04443996399641037
0.16294072568416595
0.9060404300689697
0.8453856110572815
0.6137284636497498
0.8067763447761536
0.7961750030517578
0.5508943796157837
0.7480767965316772
0.5989259481430054
0.5651257038116455
0.8400365710258484
0.7967121601104736
0.951788604259491
0.25759515166282654
0.15363666415214539
0.09664922952651978
0.536023736000061
0.031252939254045486
0.5091627240180969
0.5506010055541992
0.4701138138771057
0.5204046368598938
0.5811678171157837
0.8065906763076782
0.28439193964004517
0.6387255191802979
0.3666521906852722
0.5216034650802612
0.7473142147064209
0.4769614338874817
0.6202546954154968
0.6414438486099243
0.817470133304596
0.6705338954925537
0.5540741086006165
0.9636048078536987
0.917721152305603
0.6912773251533508
0.5033550262451172
0.2709559202194214
0.9520180225372314
0.3817364573478699
0.5570948123931885
0.5352728366851807
0.15588685870170593
0.5037206411361694
0.8507276177406311
0.3379155993461609
0.6425163149833679
0.8667513132095337
0.40156275033950806
0.6850120425224304
0.7613615393638611
0.9420515894889832
0.14826390147209167
0.727143406867981
0.16650010645389557
0.9955269694328308
0.9931122660636902
0.6562880277633667
0.1445603370666504
0.43369778990745544
0.2945854663848877
0.04312122240662575
0.37244918942451477
0.0004987611901015043
0.3080892264842987
0.4792434871196747
0.4350409507751465
0.9221516251564026
0.7986133694648743
0.5392078757286072
0.7858734130859375
0.8348569273948669
0.8135392665863037
0.2918493151664734
0.5653914213180542
0.47278836369514465
0.9222603440284729
0.7111475467681885
0.2084590494632721
0.14642980694770813
0.9841455221176147
0.6511186361312866
0.5700331926345825
0.9768136739730835
0.14135390520095825
0.910368025302887
0.2986316680908203
0.24405214190483093
0.6175450682640076
0.1042550802230835
0.11148358136415482
0.38160666823387146
0.7541863322257996
0.3584955930709839
0.7310183048248291
0.2628365457057953
0.2063722163438797
0.26571470499038696
0.23618732392787933
0.9908134341239929
0.15393517911434174
0.539139986038208
0.8960514068603516
0.6091106534004211
0.7539092898368835
0.00883328728377819
0.7192746996879578
0.5528751015663147
0.4450516998767853
0.0016642893897369504
0.41065114736557007
0.5065888166427612
0.07499247789382935
0.7362561821937561
0.23173366487026215
0.3422066271305084
0.3734510540962219
0.6608067154884338
0.15285468101501465
0.1137484535574913
0.09399005770683289
0.3773549497127533
0.3640750050544739
0.771796464920044
0.46872395277023315
0.6117764115333557
0.4002242684364319
0.18782033026218414
0.5340486764907837
0.4038107693195343
0.11390107125043869
0.5245416164398193
0.660758912563324
0.6807130575180054
0.2780351936817169
0.5643818378448486
0.3712875247001648
0.7728699445724487
0.8117644786834717
0.11365292221307755
0.19435738027095795
0.6062992811203003
0.2615499198436737
0.5231408476829529
0.038746267557144165
0.811758816242218
0.6883640289306641
0.3754536509513855
0.9598860144615173
0.5915262699127197
0.006186706013977528
0.8947538137435913
0.21671812236309052
0.12318381667137146
0.8766317963600159
0.8312659859657288
0.06616576761007309
0.8621459007263184
0.37146756052970886
0.53565913438797
0.9789838194847107
0.606678307056427
0.29928407073020935
0.5222536325454712
0.5816115736961365
0.5476903915405273
0.6792672276496887
0.976784348487854
0.6764753460884094
0.1699274182319641
0.15102380514144897
0.08902251720428467
0.7942606210708618
0.529792845249176
0.22310513257980347
0.3627021312713623
0.724419891834259
0.6389304995536804
0.3903709650039673
0.39344337582588196
0.8484783172607422
0.7548195719718933
0.9253175854682922
0.4957936704158783
0.584419310092926
0.7285197377204895
0.6904357075691223
0.7998077869415283
0.22982363402843475
0.6769557595252991
0.936520516872406
0.41915151476860046
0.1322886049747467
0.7711310386657715
0.4263223707675934
0.2125100940465927
0.563822865486145
0.5814226269721985
0.03932148590683937
0.10254555940628052
0.882345974445343
0.7686136960983276
0.4273318946361542
0.5415546298027039
0.285452276468277
0.2990531325340271
0.3613755404949188
0.7587236762046814
0.8849109411239624
0.9613317847251892
0.957606852054596
0.5927826762199402
0.4812083840370178
0.17630243301391602
0.4954172670841217
0.7823107838630676
0.28889498114585876
0.21310032904148102
0.39428824186325073
0.9726384282112122
0.019805774092674255
0.7351859211921692
0.36602523922920227
0.34803298115730286
0.336204469203949
0.2667693793773651
0.33709970116615295
0.00996258482336998
0.17495384812355042
0.9356073141098022
0.17053158581256866
0.32043319940567017
0.4473743736743927
0.6841962337493896
0.0521390326321125
0.894095242023468
0.8456794023513794
0.10839240252971649
0.44636088609695435
0.2264309823513031
0.4983956217765808
0.7861517071723938
0.8051519989967346
0.925748348236084
0.8934473991394043
0.5961493849754333
0.9289131164550781
0.6285796165466309
0.6500858664512634
0.89955735206604
0.8776527047157288
0.21424166858196259
0.5064527988433838
0.9179275631904602
0.12659919261932373
0.9975326657295227
0.10661476105451584
0.08949728310108185
0.35307422280311584
0.8677588701248169
0.4542275667190552
0.6341766715049744
0.019454918801784515
0.06882920116186142
0.013405518606305122
0.5481246709823608
0.8007906079292297
0.521617591381073
0.05249448120594025
0.4261729121208191
0.7428357005119324
0.47310683131217957
0.0476452074944973
0.9202494621276855
0.48377594351768494
0.10879544913768768
0.018611323088407516
0.9930694699287415
0.7442984580993652
0.12712033092975616
0.17090845108032227
0.17670518159866333
0.02841927483677864
0.815199077129364
0.8415694832801819
0.4614151418209076
0.017290405929088593
0.3036082983016968
0.04874272644519806
0.0955233946442604
0.03571603447198868
0.6497099995613098
0.9150481820106506
0.28257453441619873
0.9890861511230469
0.8427750468254089
0.23973268270492554
0.2668798565864563
0.912264347076416
0.7191674113273621
0.33150580525398254
0.5424709320068359
0.8040809035301208
0.4489963948726654
0.44694167375564575
0.367299348115921
0.3524404466152191
0.3650229275226593
0.7818076014518738
0.7552968859672546
0.7745981216430664
0.6800109148025513
0.10568751394748688
0.30381932854652405
0.5677264928817749
0.5801793932914734
0.6370633840560913
0.5477564334869385
0.7175013422966003
0.5458609461784363
0.025461576879024506
0.5019808411598206
0.34730908274650574
0.6896952986717224
0.1905965656042099
0.06970099359750748
0.05155418813228607
0.9133217930793762
0.2910539507865906
0.05811968445777893
0.2614577114582062
0.49448361992836
0.6093866229057312
0.46590134501457214
0.9814020395278931
0.44365233182907104
0.022465568035840988
0.19203875958919525
0.5865246057510376
0.34169360995292664
0.21860747039318085
0.2812720835208893
0.7427990436553955
0.3464018702507019
0.450927197933197
0.7014579772949219
0.9307294487953186
0.5957286357879639
0.7023376226425171
0.283463716506958
0.848029375076294
0.8604833483695984
0.38139650225639343
0.1649405062198639
0.6003636717796326
0.32830917835235596
0.6545868515968323
0.9896082282066345
0.05799486115574837
0.6080355048179626
0.8798521161079407
0.31224140524864197
0.9708492755889893
0.29034289717674255
0.4656037390232086
0.032899945974349976
0.1394602209329605
0.31713059544563293
0.017546238377690315
0.09175120294094086
0.004138129763305187
0.008510608226060867
0.7399969100952148
0.8724020719528198
0.8495228886604309
0.9966965913772583
0.39441460371017456
0.34553810954093933
0.8924774527549744
0.950281023979187
0.04901282861828804
0.17229872941970825
0.48283979296684265
0.7070112228393555
0.9072349071502686
0.251627117395401
0.29249832034111023
0.8748292326927185
0.30632805824279785
0.8536378741264343
0.8834933638572693
0.31773459911346436
0.7622760534286499
0.4424424171447754
0.9018242359161377
0.1143835037946701
0.9476667642593384
0.5387639999389648
0.5542394518852234
0.22990576922893524
0.4794877767562866
0.36383506655693054
0.3072637915611267
0.3672652542591095
0.07322992384433746
0.10302188992500305
0.3702074885368347
0.4599626362323761
0.22290055453777313
0.5077775716781616
0.6027233004570007
0.09096606820821762
0.5031018257141113
0.5735533833503723
0.8273544907569885
0.8273336887359619
0.1992875635623932
0.26844874024391174
0.7472347021102905
0.6590992212295532
0.7566205859184265
0.6703632473945618
0.7071796655654907
0.7179062962532043
0.32011356949806213
0.21528470516204834
0.39633727073669434
0.5782294273376465
0.2523325979709625
0.9637243151664734
0.6499492526054382
0.6610395312309265
0.6252304911613464
0.9104860424995422
0.06226746737957001
0.07658335566520691
0.7725591659545898
0.31776711344718933
0.5072594881057739
0.04821641370654106
0.6361587047576904
0.005950703285634518
0.6489056348800659
0.12808650732040405
0.36897024512290955
0.5049376487731934
0.9004716277122498
0.2876580059528351
0.8103095293045044
0.3202928602695465
0.6521830558776855
0.9824644923210144
0.35120755434036255
0.8561701774597168
0.23127129673957825
0.6778689622879028
0.8931161761283875
0.17166489362716675
0.47546738386154175
0.48870375752449036
0.268328458070755
0.02614966593682766
0.2833496332168579
0.2574689984321594
0.3094524145126343
0.7386006712913513
0.3762076497077942
0.4157857596874237
0.9837116003036499
0.5979083776473999
0.5878265500068665
0.9008928537368774
0.907407820224762
0.7877278923988342
0.8617959022521973
0.06913059204816818
0.8509763479232788
0.736535370349884
0.22121059894561768
0.6634652614593506
0.8593015670776367
0.21214216947555542
0.978270947933197
0.6625192761421204
0.41248825192451477
0.7343389987945557
0.5815964341163635
0.7541143894195557
0.3252332806587219
0.4874620735645294
0.9887368679046631
0.7996849417686462
0.06531345099210739
0.06913928687572479
0.3753632605075836
0.40382933616638184
0.0588105134665966
0.4732726812362671
0.33493852615356445
0.18755674362182617
0.9254670739173889
0.5252472162246704
0.9665224552154541
0.3229181468486786
0.2437247931957245
0.09313976019620895
0.3576298654079437
0.670314371585846
0.9363478422164917
0.09848958998918533
0.9920085072517395
0.3943895101547241
0.7019580006599426
0.7724958658218384
0.7548127770423889
0.8941736817359924
0.5721083283424377
0.8067694902420044
0.7260944843292236
0.34721753001213074
0.9313267469406128
0.2845427095890045
0.6005931496620178
0.9142499566078186
0.37668338418006897
0.6728570461273193
0.5453878045082092
0.907665491104126
0.026679906994104385
0.2506124973297119
0.8278168439865112
0.8253951668739319
0.024624384939670563
0.6828016638755798
0.7826027870178223
0.5384277105331421
0.4344737231731415
0.7118500471115112
0.5271922945976257
0.5278989672660828
0.8558701276779175
0.5059374570846558
0.7711949348449707
0.3067589998245239
0.9422142505645752
0.9823580980300903
0.05829606577754021
0.07190047204494476
0.08466848731040955
0.13345932960510254
0.23006026446819305
0.812624454498291
0.23258119821548462
0.19521501660346985
0.6392357349395752
0.9777278304100037
0.09011313319206238
0.8451956510543823
0.13114617764949799
0.05222507193684578
0.021260641515254974
0.26115816831588745
0.5549928545951843
0.9915688037872314
0.017025556415319443
0.782855212688446
0.7501899600028992
0.7450767159461975
0.7281611561775208
0.6937986016273499
0.7007230520248413
0.838647723197937
0.07384573668241501
0.3258882462978363
0.9397138357162476
0.7333034873008728
0.09778911620378494
0.5170714855194092
0.6785452365875244
0.4938660264015198
0.6468272805213928
0.2553228437900543
0.9212331175804138
0.12251097708940506
0.5451958775520325
0.20554059743881226
0.4709815979003906
0.48811039328575134
0.6766036748886108
0.8961106538772583
0.8346707820892334
0.972297191619873
0.07334127277135849
0.3238449692726135
0.18243609368801117
0.7254644632339478
0.6045624613761902
0.2897011339664459
0.26565852761268616
0.9013844728469849
0.3688455820083618
0.28165507316589355
0.04091537371277809
0.8122944831848145
0.11512450873851776
0.23322805762290955
0.37199702858924866
0.36023303866386414
0.9528882503509521
0.13583631813526154
0.4408571422100067
0.4930381774902344
0.5379327535629272
0.13723941147327423
0.38363492488861084
0.28232428431510925
0.8770567178726196
0.7012390494346619
0.11233656108379364
0.37527215480804443
0.35054337978363037
0.20826813578605652
0.13856928050518036
0.8718684911727905
0.3210783302783966
0.18059077858924866
0.28189316391944885
0.41734904050827026
0.8366233110427856
0.16032728552818298
0.6076501607894897
0.7738171219825745
0.46976009011268616
0.2701411843299866
0.9985895752906799
0.16866065561771393
0.1771320253610611
0.7858881950378418
0.7625088095664978
0.5519296526908875
0.48543140292167664
0.41804641485214233
0.3100173771381378
0.9553250670433044
0.5603290796279907
0.2195766121149063
0.9610205888748169
0.6600668430328369
0.8113034963607788
0.23887422680854797
0.08658070117235184
0.2690217196941376
0.4016428589820862
0.43160480260849
0.1143282949924469
0.19801263511180878
0.5774500966072083
0.09944810718297958
0.9039005637168884
0.06916390359401703
0.362249493598938
0.13791023194789886
0.7204800844192505
0.3686061203479767
0.09218911081552505
0.5783746242523193
0.37496793270111084
0.9016866087913513
0.5795412063598633
0.01206986140459776
0.3850356936454773
0.7499373555183411
0.9430485963821411
0.024483317509293556
0.464146226644516
0.4409087002277374
0.5476712584495544
0.780168354511261
0.12425298243761063
0.8495780229568481
0.829113245010376
0.6037918329238892
0.17516927421092987
0.4943300485610962
0.7841761708259583
0.8917195200920105
0.11173850297927856
0.24778662621974945
0.4331681728363037
0.9067304134368896
0.2049834281206131
0.3658941984176636
0.3459518551826477
0.9727776646614075
0.009354345500469208
0.9337045550346375
0.7007551193237305
0.4418363869190216
0.3100283443927765
0.9697085618972778
0.06518413871526718
0.014473245479166508
0.7475326657295227
0.7469142079353333
0.299698144197464
0.43751704692840576
0.8842504620552063
0.28868165612220764
0.39965441823005676
0.5512173175811768
0.21165134012699127
0.45346421003341675
0.826300859451294
0.7710041999816895
0.21032223105430603
0.9991973042488098
0.20492912828922272
0.7209508419036865
0.15568813681602478
0.6850630640983582
0.6258209347724915
0.13182489573955536
0.008308148942887783
0.9922451972961426
0.8366168141365051
0.6813026070594788
0.5692619681358337
0.13158395886421204
0.326725035905838
0.5226467251777649
0.8361149430274963
0.3210185170173645
0.0039680590853095055
0.5262685418128967
0.14009763300418854
0.7373964190483093
0.6314600110054016
0.18439429998397827
0.1284862905740738
0.4075043201446533
0.9098453521728516
0.7099400758743286
0.36957085132598877
0.663890540599823
0.8401657938957214
0.39483386278152466
0.7868317365646362
0.004969531204551458
0.4147622585296631
0.5830808877944946
0.3264980614185333
0.42872825264930725
0.3655109107494354
0.36517468094825745
0.06545471400022507
0.4818342328071594
0.0160598773509264
0.00802938174456358
0.87680983543396
0.5680829882621765
0.14020171761512756
0.27861735224723816
0.2516264319419861
0.09470313787460327
0.06117134913802147
0.7841110825538635
0.29006657004356384
0.8077149391174316
0.8326166272163391
0.41780349612236023
0.9629157781600952
0.07124815881252289
0.47610023617744446
0.891130805015564
0.0623040497303009
0.5139825344085693
0.23336729407310486
0.5265529751777649
0.6195626854896545
0.7513870000839233
0.31518271565437317
0.06967957317829132
0.8693957924842834
0.4203437268733978
0.2569314241409302
0.2091074138879776
0.8568174839019775
0.4345259964466095
0.17790305614471436
0.5305097103118896
0.1126026064157486
0.04250401258468628
0.6152194738388062
0.5362977385520935
0.9051318764686584
0.18252931535243988
0.8190339803695679
0.45753294229507446
0.20965304970741272
0.25575384497642517
0.5628615021705627
0.4537159502506256
0.06018714979290962
0.37565895915031433
0.08516152948141098
0.24472646415233612
0.47266438603401184
0.5004597306251526
0.8647732734680176
0.8111407160758972
0.5683373808860779
0.8860749006271362
0.42980125546455383
0.5811703205108643
0.5748116970062256
0.6643718481063843
0.47213810682296753
0.806938648223877
0.7593868970870972
0.6487613916397095
0.2833763360977173
0.8457524180412292
0.8693414330482483
0.26830798387527466
0.7250473499298096
0.3255921006202698
0.8917495012283325
0.17600134015083313
0.12355493754148483
0.9685397744178772
0.13084052503108978
0.47706738114356995
0.03433585166931152
0.9651685357093811
0.768837034702301
0.9524588584899902
0.5084571838378906
0.809129536151886
0.9699070453643799
0.5848901271820068
0.09159466624259949
0.4701179265975952
0.8949534893035889
0.4907533526420593
0.5753508806228638
0.8730141520500183
0.1321067214012146
0.9277058839797974
0.032957423478364944
0.8202711939811707
0.7188873291015625
0.7826803922653198
0.3363911807537079
0.9602049589157104
0.38490480184555054
0.8055523037910461
0.8140724301338196
0.3705729842185974
0.4199335277080536
0.6959947347640991
0.17182108759880066
0.01100531779229641
0.22644701600074768
0.552229106426239
0.2977946698665619
0.8449699878692627
0.6626532673835754
0.22075118124485016
0.7861382365226746
0.18260791897773743
0.1563916951417923
0.6949525475502014
0.9733225703239441
0.9479000568389893
0.2575492262840271
0.8622835278511047
0.5754764676094055
0.6974642276763916
0.43776774406433105
0.7084532380104065
0.316823273897171
0.6555486917495728
0.14094486832618713
0.29193225502967834
0.08739765733480453
0.23949034512043
0.7868923544883728
0.7730087637901306
0.9518539905548096
0.6845974326133728
0.31061989068984985
0.694478452205658
0.020685851573944092
0.13168661296367645
0.9505525827407837
0.6654362082481384
0.7687228918075562
0.29076412320137024
0.969936192035675
0.6846778392791748
0.9147504568099976
0.8007572889328003
0.2554466128349304
0.5727365016937256
0.6579593420028687
0.5793576240539551
0.5608753561973572
0.6143896579742432
0.4805636405944824
0.4526779353618622
0.42528554797172546
0.6186007261276245
0.4652171730995178
0.5824066400527954
0.5865637063980103
0.041859034448862076
0.907771110534668
0.5167768597602844
0.5861912965774536
0.19235295057296753
0.9200145602226257
0.4903469681739807
0.4404674172401428
0.5878167748451233
0.46842366456985474
0.6616483926773071
0.6621448397636414
0.4014316201210022
0.15923482179641724
0.7382733821868896
0.9590682983398438
0.3819202184677124
0.013030152767896652
0.9394025802612305
0.015338048338890076
0.6888586282730103
0.0013542833039537072
0.12453071773052216
0.6756906509399414
0.939845085144043
0.5281470417976379
0.6219661831855774
0.36061492562294006
0.8738828301429749
0.733566164970398
0.33125460147857666
0.8324105739593506
0.7737016081809998
0.12314574420452118
0.8176059722900391
0.3765471279621124
0.7782878875732422
0.8020551204681396
0.9015491604804993
0.756061315536499
0.4111967980861664
0.6534866094589233
0.5179195404052734
0.6435497999191284
0.488756000995636
0.1749499887228012
0.8455411195755005
0.7465329766273499
0.0010299957357347012
0.9869464039802551
0.6454983949661255
0.3008524775505066
0.3120664358139038
0.9880117774009705
0.9502387642860413
0.7877802848815918
0.5953903198242188
0.9435151219367981
0.46461084485054016
0.6972531676292419
0.6443326473236084
0.6455205082893372
0.3639271557331085
0.10621614009141922
0.9232949614524841
0.7969416379928589
0.46665871143341064
0.8823115229606628
0.20263640582561493
0.9545097351074219
0.1392938196659088
0.878451943397522
0.6386790871620178
0.9780642986297607
0.8789966106414795
0.6704016923904419
0.08259882032871246
0.6468307375907898
0.7140814661979675
0.12641069293022156
0.28202182054519653
0.13513317704200745
0.7687332034111023
0.6001385450363159
0.08881110697984695
0.6486058235168457
0.7745455503463745
0.9038959741592407
0.8182952404022217
0.10684560239315033
0.3458907902240753
0.20517763495445251
0.6497604846954346
0.3958595395088196
0.14120809733867645
0.35811254382133484
0.1726505607366562
0.08812816441059113
0.24419888854026794
0.9339712262153625
0.18455606698989868
0.031769536435604095
0.9110416769981384
0.3312082290649414
0.5330585837364197
0.8918296098709106
0.19899307191371918
0.7346293330192566
0.393388569355011
0.15804778039455414
0.831580638885498
0.6004074811935425
0.5783699750900269
0.07495225220918655
0.15615861117839813
0.7589796781539917
0.4181757867336273
0.6838667988777161
0.6612477898597717
0.8010625839233398
0.46795934438705444
0.8051952123641968
0.8691299557685852
0.6588186621665955
0.4455485939979553
0.4451614022254944
0.17589449882507324
0.2507251799106598
0.47598254680633545
0.0032011738512665033
0.5368908047676086
0.7578274607658386
0.2090461403131485
0.8223134875297546
0.28953078389167786
0.08756829798221588
0.11415864527225494
0.602051854133606
0.2511023283004761
0.954680860042572
0.8336334228515625
0.45092883706092834
0.14921341836452484
0.9760645627975464
0.47296836972236633
0.9564889073371887
0.08329395204782486
0.8700748085975647
0.37869682908058167
0.33206212520599365
0.7657595872879028
0.502787709236145
0.29656386375427246
0.8273793458938599
0.2601340413093567
0.6806671023368835
0.9108384251594543
0.3452078700065613
0.4783657491207123
0.84508216381073
0.9169293642044067
0.13724416494369507
0.3534030020236969
0.07248994708061218
0.7382442951202393
0.36550819873809814
0.29614776372909546
0.3315902054309845
0.9440170526504517
0.40601271390914917
0.6485090255737305
0.6263659596443176
0.025002339854836464
0.4252394735813141
0.9214198589324951
0.7434333562850952
0.5516762733459473
0.6549861431121826
0.16136281192302704
0.918387234210968
0.6334591507911682
0.6396965384483337
0.7336374521255493
0.5628126263618469
0.795761227607727
0.8569791316986084
0.8901160359382629
0.09508002549409866
0.18630629777908325
0.23412883281707764
0.8942549824714661
0.5386548042297363
0.28327998518943787
0.21447177231311798
0.9929909706115723
0.5972752571105957
0.8532024025917053
0.7222630977630615
0.217799574136734
0.45020633935928345
0.1922673135995865
0.050295572727918625
0.05326498672366142
0.02500825934112072
0.56818687915802
0.5901781916618347
0.09244706481695175
0.08451710641384125
0.8569284677505493
0.8504747748374939
0.2931186258792877
0.21011237800121307
0.926247239112854
0.9225322008132935
0.2586730420589447
0.6998433470726013
0.8087872862815857
0.4165579080581665
0.4830811023712158
0.5923320055007935
0.8923342823982239
0.48178786039352417
0.5004607439041138
0.3281245529651642
0.07406233996152878
0.0038859578780829906
0.13187700510025024
0.9210283756256104
0.8577606678009033
0.9369366765022278
0.695797860622406
0.40098345279693604
0.03710450232028961
0.7063184380531311
0.46104228496551514
0.5989301800727844
0.7272804975509644
0.9262445569038391
0.05753501132130623
0.7185900211334229
0.843810498714447
0.2317265421152115
0.582068681716919
0.4892260432243347
0.24241799116134644
0.02119855023920536
0.3627147674560547
0.41512468457221985
0.47723889350891113
0.19908422231674194
0.8748469352722168
0.7213601469993591
0.09829641878604889
0.43748003244400024
0.3418554961681366
0.765843391418457
0.3409898579120636
0.43244490027427673
0.7568634152412415
0.6439072489738464
0.9600597023963928
0.6520118713378906
0.5580287575721741
0.6513015031814575
0.4053996205329895
0.9688169956207275
0.10944529622793198
0.4194982647895813
0.19502268731594086
0.7215383052825928
0.9683554172515869
0.412368506193161
0.8176965713500977
0.5125357508659363
0.789003312587738
0.14456716179847717
0.9362378716468811
0.35412564873695374
0.39096799492836
0.9834439754486084
0.45245102047920227
0.22122615575790405
0.9512838125228882
0.5313814282417297
0.21304214000701904
0.21192216873168945
0.0015575833385810256
0.8073230981826782
0.7509584426879883
0.3047850430011749
0.6137887835502625
0.14763376116752625
0.3034587502479553
0.07982561737298965
0.5428810119628906
0.5987851619720459
0.39232149720191956
0.30487191677093506
0.8202095031738281
0.6275454759597778
0.6978890895843506
0.9448837041854858
0.05136333778500557
0.13890475034713745
0.09550660848617554
0.1551498919725418
0.3476640284061432
0.44059059023857117
0.4166288673877716
0.3613737225532532
0.3572790026664734
0.6227626204490662
0.04927636682987213
0.9516550302505493
0.8622007369995117
0.3210791349411011
0.98472660779953
0.674747884273529
0.40923330187797546
0.7741562128067017
0.04438510537147522
0.4387023150920868
0.023630395531654358
0.03370685875415802
0.18888752162456512
0.451671302318573
0.18087126314640045
0.7501341104507446
0.0090513089671731
0.38271552324295044
0.7101166248321533
0.4929569661617279
0.07744316756725311
0.5103322267532349
0.7713001370429993
0.9414020776748657
0.5775952339172363
0.2539961338043213
0.3705771863460541
0.17956389486789703
0.010090703144669533
0.05055154114961624
0.19316712021827698
0.6761496067047119
0.3857188820838928
0.8418290615081787
0.05976170301437378
0.656151294708252
0.7896549701690674
0.21516135334968567
0.7716242671012878
0.040749482810497284
0.2134505957365036
0.1917257308959961
0.20586922764778137
0.3586593270301819
0.9862626791000366
0.9971891045570374
0.2473367601633072
0.7295972108840942
0.5907668471336365
0.47846511006355286
0.869739294052124
0.6938830018043518
0.32309189438819885
0.2842225134372711
0.4045100510120392
0.8460822701454163
0.1411406397819519
0.7838582396507263
0.3783157765865326
0.7087418437004089
0.8287444114685059
0.9430184960365295
0.2779562473297119
0.09965112060308456
0.07519286870956421
0.669425904750824
0.1865319311618805
0.0452689602971077
0.8149873614311218
0.5556692481040955
0.33119112253189087
0.33882948756217957
0.30369144678115845
0.2612193822860718
0.7434937953948975
0.2865518033504486
0.4803285300731659
0.41174906492233276
0.5978320837020874
0.015133393928408623
0.6742988228797913
0.6764636039733887
0.3230641186237335
0.30608588457107544
0.6791428327560425
0.11932811141014099
0.9981603026390076
0.3737376034259796
0.11407116800546646
0.027385814115405083
0.6075694561004639
0.971208930015564
0.40173885226249695
0.1901022046804428
0.13656099140644073
0.8895061016082764
0.7132882475852966
0.6203323602676392
0.07510655373334885
0.33901962637901306
0.8415607810020447
0.12746113538742065
0.9136574268341064
0.5041410326957703
0.43656638264656067
0.43150508403778076
0.4501037001609802
0.32472142577171326
0.11370638757944107
0.5157812237739563
0.9774826169013977
0.5761374235153198
0.32258322834968567
0.11091355234384537
0.758753776550293
0.17884846031665802
0.6193867325782776
0.8236408233642578
0.36592307686805725
0.7811855673789978
0.9067652225494385
0.5814449787139893
0.7095090746879578
0.7082794308662415
0.44847676157951355
0.9409777522087097
0.16917014122009277
0.24947957694530487
0.9053469896316528
0.5170713067054749
0.5655718445777893
0.15530070662498474
0.93548983335495
0.6211187243461609
0.11904723942279816
0.4717748165130615
0.1931798905134201
0.16978518664836884
0.6627638936042786
0.07749826461076736
0.4055216610431671
0.973183274269104
0.42708659172058105
0.5716063380241394
0.15821535885334015
0.8766041398048401
0.31162911653518677
0.5064866542816162
0.9635534286499023
0.5419308543205261
0.34384486079216003
0.9315343499183655
0.25052544474601746
0.28101348876953125
0.3131604790687561
0.7847325801849365
0.28269076347351074
0.25873252749443054
0.16637073457241058
0.9204868078231812
0.8457918763160706
0.214963898062706
0.991161584854126
0.5499330163002014
0.21058686077594757
0.6435213088989258
0.1559838205575943
0.4602487087249756
0.11145131289958954
0.9572492241859436
0.8747561573982239
0.22514818608760834
0.23875141143798828
0.27118369936943054
0.6225554347038269
0.7536582350730896
0.4342345893383026
0.46354857087135315
0.04162955656647682
0.40922707319259644
0.5527503490447998
0.9574819803237915
0.693413496017456
0.8013184666633606
0.46578437089920044
0.00932285562157631
0.43833234906196594
0.3166445791721344
0.5856828689575195
0.41843974590301514
0.12251845747232437
0.6670408844947815
0.10130544006824493
0.9119889140129089
0.08375386148691177
0.07881169021129608
0.5540737509727478
0.6682069897651672
0.9499508738517761
0.9643217325210571
0.6955965757369995
0.8323752880096436
0.6535190343856812
0.9204853773117065
0.6960777640342712
0.9491317868232727
0.9728177785873413
0.22992974519729614
0.9943221211433411
0.6853991746902466
0.7955961227416992
0.14121903479099274
0.9688749313354492
0.1817091703414917
0.09308290481567383
0.29304587841033936
0.8771540522575378
0.17218393087387085
0.179581418633461
0.04543815180659294
0.9235564470291138
0.32525768876075745
0.13535891473293304
0.8353585600852966
0.04855990409851074
0.04918588325381279
0.5617258548736572
0.7614367604255676
0.7135622501373291
0.5027657747268677
0.8240839838981628
0.7117692232131958
0.14852148294448853
0.49993613362312317
0.42045778036117554
0.6547515392303467
0.7425966858863831
0.7815312147140503
0.9637995958328247
0.23169754445552826
0.4917113482952118
0.42693284153938293
0.7577506899833679
0.44859927892684937
0.5366228818893433
0.3015401363372803
0.01779107376933098
0.5792641639709473
0.8973508477210999
0.7340736389160156
0.020561756566166878
0.11208058148622513
0.5176190733909607
0.6552680730819702
0.25901320576667786
0.3085322976112366
0.48998138308525085
0.6974970102310181
0.6747803092002869
0.32475513219833374
0.8777493238449097
0.6062358617782593
0.9793746471405029
0.07898811995983124
0.4239073395729065
0.07420386373996735
0.7160884141921997
0.3939248323440552
0.9947167634963989
0.9842215180397034
0.4827268123626709
0.845305323600769
0.9342883229255676
0.17743952572345734
0.7275415062904358
0.9150331616401672
0.9299207329750061
0.7641012668609619
0.02275662124156952
0.471660315990448
0.15436683595180511
0.9441341161727905
0.39911890029907227
0.31048864126205444
0.3575245440006256
0.008898326195776463
0.8276644349098206
0.8412200808525085
0.7815268039703369
0.008779080584645271
0.8548711538314819
0.47345054149627686
0.5746961236000061
0.00920860655605793
0.32521650195121765
0.2633459270000458
0.28431040048599243
0.02338680624961853
0.6829820871353149
0.6593248248100281
0.20389555394649506
0.20936357975006104
0.13679271936416626
0.3676186501979828
0.04670831933617592
0.3506614565849304
0.8477566838264465
0.9069244265556335
0.5962041616439819
0.38889452815055847
0.6755857467651367
0.9259564280509949
0.04869963973760605
0.30199557542800903
0.9464814066886902
0.7147507071495056
0.41060614585876465
0.6578108668327332
0.9721163511276245
0.921839714050293
0.7449805736541748
0.7129534482955933
0.6145969033241272
0.5642824769020081
0.8303143382072449
0.018905237317085266
0.35102972388267517
0.015956340357661247
0.5829594135284424
0.8057473301887512
0.9341815114021301
0.8862195611000061
0.7113239765167236
0.3665756583213806
0.8198404312133789
0.8731554746627808
0.8526082038879395
0.5269834995269775
0.8575490713119507
0.8154597878456116
0.242621511220932
0.7160581946372986
0.56000155210495
0.6983777284622192
0.12683004140853882
0.9258779287338257
0.15283933281898499
0.9032192826271057
0.6244061589241028
0.7271349430084229
0.3388405442237854
0.608897864818573
0.5392959117889404
0.22708648443222046
0.0603310652077198
0.48875272274017334
0.474008709192276
0.48318806290626526
0.49490174651145935
0.8478190302848816
0.7413690090179443
0.694831132888794
0.7813775539398193
0.22011683881282806
0.6197370290756226
0.6822904348373413
0.8352941274642944
0.959945559501648
0.10008076578378677
0.5162287354469299
0.9327976703643799
0.12518256902694702
0.6244200468063354
0.5833700299263
0.8442476987838745
0.7738603353500366
0.9260036945343018
0.7623559236526489
0.945041835308075
0.8292982578277588
0.5492023229598999
0.34536319971084595
0.02676021121442318
0.008295220322906971
0.9104987382888794
0.7368249893188477
0.753904402256012
0.4813053011894226
0.17297883331775665
0.4917770326137543
0.49247464537620544
0.3165929913520813
0.580532431602478
0.26707345247268677
0.4383123815059662
0.21630021929740906
0.8622952103614807
0.02502908557653427
0.03440580889582634
0.475239098072052
0.27038857340812683
0.547788679599762
0.18156030774116516
0.8836019039154053
0.4961431920528412
0.516704261302948
0.4520554840564728
0.005911031737923622
0.17865000665187836
0.6992822885513306
0.025670235976576805
0.47160568833351135
0.6172521710395813
0.6956064105033875
0.39600980281829834
0.6628973484039307
0.9215046167373657
0.7162346243858337
0.20287823677062988
0.8413505554199219
0.4737143814563751
0.8534291386604309
0.9432096481323242
0.7886667847633362
0.5203360319137573
0.7427509427070618
0.02012592740356922
0.8882404565811157
0.9912172555923462
0.046745218336582184
0.6680738925933838
0.30396750569343567
0.6730530261993408
0.707249641418457
0.3099677264690399
0.9110743999481201
0.5935119390487671
0.22390121221542358
0.358660489320755
0.3551514744758606
0.7056265473365784
0.20673200488090515
0.5655026435852051
0.9373515248298645
0.09992609173059464
0.06567186862230301
0.8275899887084961
0.33151721954345703
0.5765561461448669
0.16157826781272888
0.1712835729122162
0.1468258500099182
0.4971255362033844
0.7650090456008911
0.728044867515564
0.9182705879211426
0.797458291053772
0.7940976023674011
0.0337722972035408
0.23806700110435486
0.6284185647964478
0.4713963270187378
0.17086032032966614
0.7806400060653687
0.48750412464141846
0.45913931727409363
0.8786312937736511
0.3647227883338928
0.9383471012115479
0.10693305730819702
0.7600762844085693
0.1642596423625946
0.24860110878944397
0.4702952206134796
0.36460039019584656
0.1830703169107437
0.84320467710495
0.658970832824707
0.2026814967393875
0.09386878460645676
0.6795444488525391
0.9054954648017883
0.4043479859828949
0.3488483726978302
0.715663731098175
0.4270116090774536
0.5566533803939819
0.8408394455909729
0.9565122723579407
0.0676305964589119
0.01506760623306036
0.9548559784889221
0.6632784008979797
0.07250569015741348
0.6761201024055481
0.7057050466537476
0.6512841582298279
0.6508098244667053
0.6677961945533752
0.9034634828567505
0.8171290159225464
0.7796151638031006
0.05042503774166107
0.4846042990684509
0.875337541103363
0.6423017978668213
0.5059680938720703
0.820210874080658
0.38809582591056824
0.73821622133255
0.5671027302742004
0.08817142993211746
0.513444185256958
0.5749698877334595
0.500991940498352
0.3900633752346039
0.4320426881313324
0.46753227710723877
0.9521218538284302
0.261962354183197
0.6430677771568298
0.9437782168388367
0.9788816571235657
0.945017397403717
0.7006701231002808
0.5025871396064758
0.8965268731117249
0.3744204342365265
0.5713453888893127
0.9975489974021912
0.48196643590927124
0.25985652208328247
0.4456772804260254
0.6037635207176208
0.4168156087398529
0.8014528155326843
0.6829698085784912
0.5026766061782837
0.23856738209724426
0.4413486421108246
0.9449300765991211
0.9581016302108765
0.9207854270935059
0.7800034284591675
0.18474428355693817
0.8103314638137817
0.09143450856208801
0.13315048813819885
0.8520755171775818
0.7041440010070801
0.20627820491790771
0.4523308277130127
0.5531593561172485
0.23478861153125763
0.6022439002990723
0.4641997814178467
0.48394957184791565
0.053216394037008286
0.09267404675483704
0.9105865359306335
0.7091937065124512
0.2520522475242615
0.6025068163871765
0.633464515209198
0.3708074390888214
0.32048678398132324
0.04607430472970009
0.9458717107772827
0.31069985032081604
0.9685458540916443
0.8954012989997864
0.4332798719406128
0.25986331701278687
0.7334157228469849
0.8676467537879944
0.08272072672843933
0.19431760907173157
0.6595482230186462
0.7656935453414917
0.6017024517059326
0.45194435119628906
0.3730517029762268
0.0190629530698061
0.7123284935951233
0.9656240344047546
0.6580571532249451
0.9361189007759094
0.2989548146724701
0.06727582961320877
0.5504629611968994
0.5961124300956726
0.8797408938407898
0.7809122800827026
0.3177967369556427
0.8335557579994202
0.16110186278820038
0.8582241535186768
0.7203137874603271
0.9921237826347351
0.03219931945204735
0.9473426342010498
0.1758953481912613
0.6704450845718384
0.007506107911467552
0.05712981894612312
0.8379088640213013
0.2165931910276413
0.8450430631637573
0.7620894312858582
0.31679531931877136
0.29011666774749756
0.8087257742881775
0.8875654935836792
0.9135806560516357
0.07285776734352112
0.9214052557945251
0.7731219530105591
0.13165684044361115
0.7340945601463318
0.7571094036102295
0.5668091773986816
0.315233439207077
0.48276522755622864
0.29288044571876526
0.1892252266407013
0.4916236400604248
0.4061816930770874
0.7428118586540222
0.44312724471092224
0.3854384422302246
0.41709446907043457
0.09558424353599548
0.5343464612960815
0.9400737285614014
0.14388900995254517
0.24625636637210846
0.14288504421710968
0.8875172138214111
0.3602851629257202
0.7687202095985413
0.3331429064273834
0.644443154335022
0.49639180302619934
0.936520516872406
0.6118049025535583
0.7830146551132202
0.452976256608963
0.4549040198326111
0.8058971762657166
0.6078445315361023
0.704334020614624
0.7182160019874573
0.8128603100776672
0.8456432223320007
0.7716522216796875
0.6101810336112976
0.3042754828929901
0.38873252272605896
0.7253158688545227
0.799645185470581
0.35548385977745056
0.7559832334518433
0.3312097191810608
0.9756532311439514
0.7123841047286987
0.9636880159378052
0.7781727910041809
0.7623950242996216
0.08969682455062866
0.5813699960708618
0.2696756422519684
0.10410898923873901
0.20064152777194977
0.759681761264801
0.6746991276741028
0.17017757892608643
0.5771499276161194
0.027277130633592606
0.0020425685215741396
0.5017497539520264
0.15016034245491028
0.021647373214364052
0.5344737768173218
0.5239267349243164
0.8551726937294006
0.25939610600471497
0.9561344981193542
0.7287718057632446
0.24901273846626282
0.14793866872787476
0.30766114592552185
0.8843753337860107
0.6633002758026123
0.29821449518203735
0.6705490350723267
0.09055495262145996
0.5196971297264099
0.9671763777732849
0.015184115618467331
0.17578664422035217
0.09806737303733826
0.4841037094593048
0.4207708537578583
0.3201058506965637
0.5558627843856812
0.7857337594032288
0.24624896049499512
0.6217326521873474
0.7480193376541138
0.3648702800273895
0.4262235462665558
0.04296823590993881
0.7508067488670349
0.5052294135093689
0.35501930117607117
0.3078897297382355
0.5893410444259644
0.6646681427955627
0.44058412313461304
0.9350672960281372
0.1255541443824768
0.2894870936870575
0.02743900567293167
0.269519567489624
0.10438960045576096
0.8045072555541992
0.11936274915933609
0.5934882760047913
0.9888046979904175
0.6836162209510803
0.2696181833744049
0.3613472282886505
0.8862331509590149
0.5768514275550842
0.9751664996147156
0.5995505452156067
0.24002113938331604
0.7983629107475281
0.6668062210083008
0.1390552818775177
0.27990761399269104
0.9807926416397095
0.4707372784614563
0.2588426470756531
0.3400264084339142
0.3539009988307953
0.10743280500173569
0.83169025182724
0.3041283190250397
0.9664062857627869
0.13843977451324463
0.1917656660079956
0.7496350407600403
0.24916787445545197
0.058981992304325104
0.38441747426986694
0.6184690594673157
0.7958420515060425
0.14212624728679657
0.8845179677009583
0.5226931571960449
0.38224634528160095
0.15738651156425476
0.3134228587150574
0.715437114238739
0.43871551752090454
0.7509341835975647
0.8247145414352417
0.6624581813812256
0.9883589744567871
0.24814783036708832
0.010688485577702522
0.22309456765651703
0.2648513913154602
0.9340770244598389
0.4055343568325043
0.2196827381849289
0.03175768628716469
0.4388059973716736
0.9664471745491028
0.1617411971092224
0.24335584044456482
0.7169961333274841
0.1458025872707367
0.08409212529659271
0.9895893931388855
0.9347540736198425
0.9306807518005371
0.4927806258201599
0.15091103315353394
0.7059677839279175
0.10359597951173782
0.1029740571975708
0.8031402230262756
0.17705386877059937
0.0006729071610607207
0.6001168489456177
0.6405819654464722
0.24420247972011566
0.5596124529838562
0.09697622805833817
0.9793081283569336
0.5551533102989197
0.973808228969574
0.7237222790718079
0.2899107336997986
0.002108224667608738
0.9579545855522156
0.43281152844429016
0.7196482419967651
0.923067033290863
0.5938318967819214
0.6517260670661926
0.757547914981842
0.7678543925285339
0.28292596340179443
0.47282010316848755
0.33135589957237244
0.6301112174987793
0.6259732246398926
0.759352445602417
0.2868277132511139
0.1718759685754776
0.45817863941192627
0.37461450695991516
0.9419269561767578
0.41191744804382324
0.20667575299739838
0.8908047080039978
0.3805006146430969
0.061729978770017624
0.6934136748313904
0.11842210590839386
0.9967966079711914
0.9924431443214417
0.6546695828437805
0.02627515234053135
0.951537549495697
0.8115096092224121
0.6117836236953735
0.8212098479270935
0.8235125541687012
0.1313871145248413
0.360660582780838
0.7432320713996887
0.7489377856254578
0.5959614515304565
0.04315628483891487
0.8679920434951782
0.5588675737380981
0.0013288386398926377
0.19500957429409027
0.8211904168128967
0.05773764103651047
0.004335758276283741
0.33385738730430603
0.5720905661582947
0.3635554015636444
0.9014268517494202
0.740140438079834
0.19262421131134033
0.16741739213466644
0.5842592120170593
0.28753209114074707
0.7978137135505676
0.4296315908432007
0.043218713253736496
0.6826921701431274
0.15165719389915466
0.012226696126163006
0.3171912729740143
0.8322075009346008
0.007309779990464449
0.5416085720062256
0.20518168807029724
0.46658819913864136
0.8567895889282227
0.12939363718032837
0.7634102702140808
0.9019719958305359
0.6480007171630859
0.8884447813034058
0.743745744228363
0.9183502793312073
0.8908597230911255
0.011332140304148197
0.5069149136543274
0.07285622507333755
0.3907524347305298
0.8241060972213745
0.8656888008117676
0.5283405184745789
0.43855562806129456
0.3108421564102173
0.5050398111343384
0.1876084953546524
0.8806328773498535
0.2361207753419876
0.3905712962150574
0.7040576934814453
0.03412596136331558
0.4956962764263153
0.06470855325460434
0.22382305562496185
0.5015604496002197
0.7182185649871826
0.5234400033950806
0.053944509476423264
0.6284597516059875
0.5232373476028442
0.03298523277044296
0.11031311005353928
0.4851619303226471
0.6001848578453064
0.8795636892318726
0.41593748331069946
0.46107983589172363
0.14071297645568848
0.21029986441135406
0.47874072194099426
0.5168605446815491
0.5299472808837891
0.41810986399650574
0.8125811815261841
0.7378717064857483
0.2721489667892456
0.4463537335395813
0.5614473819732666
0.5157065987586975
0.7390024662017822
0.8953841328620911
0.05317053571343422
0.8143539428710938
0.6835636496543884
0.794660747051239
0.5328553915023804
0.4162999093532562
0.7716843485832214
0.27173149585723877
0.3807109594345093
0.4331950545310974
0.22654931247234344
0.6274377703666687
0.6940325498580933
0.5991193056106567
0.54039466381073
0.5250245332717896
0.5727668404579163
0.7655856609344482
0.1715289056301117
0.8327087759971619
0.4945114552974701
0.029661960899829865
0.35582292079925537
0.22562867403030396
0.2808733880519867
0.5703076720237732
0.34405314922332764
0.9969901442527771
0.5295628309249878
0.8875616788864136
0.32804882526397705
0.4530631899833679
0.08014953136444092
0.588824450969696
0.4704492688179016
0.5458484888076782
0.9777889847755432
0.7710517048835754
0.0769379734992981
0.3679973781108856
0.31011226773262024
0.6004096269607544
0.6742762923240662
0.18069946765899658
0.37099456787109375
0.4685303866863251
0.311368852853775
0.6442186236381531
0.11805742979049683
0.8113770484924316
0.9411823153495789
0.21533294022083282
0.21037018299102783
0.2700835168361664
0.7200896739959717
0.2932989299297333
0.891700804233551
0.9264203310012817
0.7500361800193787
0.7367411851882935
0.4576035141944885
0.9300722479820251
0.6741546392440796
0.6895166039466858
0.8320950269699097
0.6525123715400696
0.47234877943992615
0.9913688898086548
0.4105207026004791
0.4835917353630066
0.22617097198963165
0.5706484317779541
0.590153694152832
0.23631629347801208
0.7714358568191528
0.44381576776504517
0.2544192373752594
0.44472694396972656
0.3681581914424896
0.5140928626060486
0.6690564155578613
0.7415626645088196
0.33428409695625305
0.017765875905752182
0.6669344902038574
0.42946794629096985
0.9110788702964783
0.13855798542499542
0.33548879623413086
0.685600757598877
0.39029696583747864
0.8333415389060974
0.6413497924804688
0.9204961657524109
0.3993944227695465
0.694182813167572
0.8762842416763306
0.865463376045227
0.18933409452438354
0.4192163050174713
0.3286142349243164
0.3151792585849762
0.2262810319662094
0.5362153649330139
0.21599353849887848
0.500014066696167
0.9542073607444763
0.23546984791755676
0.21775056421756744
0.2516678273677826
0.7000601291656494
0.0673498809337616
0.19210855662822723
0.20073312520980835
0.3409954607486725
0.7950188517570496
0.8923074007034302
0.5377172231674194
0.27242597937583923
0.5085853338241577
0.2571737766265869
0.5765946507453918
0.5393157005310059
0.7158207893371582
0.38254162669181824
0.8147100806236267
0.10714071244001389
0.5101379156112671
0.9828336834907532
0.10394418984651566
0.24416804313659668
0.38113752007484436
0.3826773464679718
0.20778298377990723
0.9913316369056702
0.9018937945365906
0.2715696394443512
0.6592004895210266
0.8448606133460999
0.626900315284729
0.723630964756012
0.5936976075172424
0.025829512625932693
0.8796105980873108
0.5333904027938843
0.9172874093055725
0.7992779612541199
0.5491113662719727
0.7253696918487549
0.09637270122766495
0.5814418196678162
0.321342408657074
0.5904780626296997
0.7529389262199402
0.7534565329551697
0.6503228545188904
0.3406110107898712
0.6112645268440247
0.7669530510902405
0.22900956869125366
0.12570807337760925
0.9452583193778992
0.4514751732349396
0.5591009259223938
0.20967254042625427
0.777800440788269
0.6871830224990845
0.9396169781684875
0.5013885498046875
0.7566595077514648
0.3622073233127594
0.4438377022743225
0.7783644199371338
0.9970800280570984
0.4930720329284668
0.30636027455329895
0.8265590667724609
0.5267284512519836
0.3114277124404907
0.4613366723060608
0.3576607406139374
0.7456324100494385
0.5657467246055603
0.20348387956619263
0.04319982975721359
0.6974669694900513
0.8553285002708435
0.5139457583427429
0.43583258986473083
0.2677617371082306
0.5532234907150269
0.32664021849632263
0.015042993240058422
0.7532789707183838
0.2951601445674896
0.1837262213230133
0.3445887267589569
0.12028691172599792
0.706028163433075
0.6363166570663452
0.37769001722335815
0.39447230100631714
0.06148812919855118
0.9576423168182373
0.33982229232788086
0.43199992179870605
0.5359290838241577
0.6143764853477478
0.8833234310150146
0.26076236367225647
0.3336947560310364
0.341460645198822
0.2901151776313782
0.7892976999282837
0.19504840672016144
0.45869579911231995
0.3928958773612976
0.28489387035369873
0.6150123476982117
0.4823727011680603
0.529727041721344
0.201938197016716
0.2816687226295471
0.19836844503879547
0.21699747443199158
0.3642580211162567
0.2978535294532776
0.9073287844657898
0.5698198080062866
0.586595892906189
0.7104771137237549
0.6910973787307739
0.33279910683631897
0.09369067847728729
0.2993233799934387
0.08176993578672409
0.5369874238967896
0.14308510720729828
0.7963623404502869
0.7765464782714844
0.4484345316886902
0.041874960064888
0.15709933638572693
0.8647457361221313
0.15740524232387543
0.7683736085891724
0.08406493812799454
0.24871402978897095
0.5109719038009644
0.667123019695282
0.07205503433942795
0.6735841631889343
0.512818455696106
0.44106796383857727
0.16857169568538666
0.026102479547262192
0.21501176059246063
0.9304172992706299
0.8070255517959595
0.07689954340457916
0.5470821857452393
0.09807727485895157
0.41462039947509766
0.6429871320724487
0.31255003809928894
0.15372543036937714
0.08608982712030411
0.28158652782440186
0.14067696034908295
0.6667372584342957
0.07628673315048218
0.07883533090353012
0.7087882161140442
0.9559341669082642
0.8006402254104614
0.9958344101905823
0.1758548617362976
0.06868778169155121
0.09315699338912964
0.7293728590011597
0.4989252984523773
0.8406286239624023
0.5632306337356567
0.4474753737449646
0.32080408930778503
0.41071227192878723
0.026616862043738365
0.9679182767868042
0.5878990292549133
0.3663628101348877
0.833949089050293
0.7749922871589661
0.44679930806159973
0.400490939617157
0.09890477359294891
0.18778273463249207
0.6220707297325134
0.6822468042373657
0.08305196464061737
0.12174204736948013
0.0007414475549012423
0.0011587979970499873
0.25863271951675415
0.9059522747993469
0.42807233333587646
0.7627306580543518
0.32862529158592224
0.36042553186416626
0.35960787534713745
0.8306844830513
0.25304245948791504
0.7753359079360962
0.9928175806999207
0.7110697031021118
0.925280749797821
0.08551400899887085
0.9164674282073975
0.45235198736190796
0.8208894729614258
0.22939905524253845
0.5930390357971191
0.5890915393829346
0.8088477849960327
0.41917261481285095
0.8785971999168396
0.3667188286781311
0.8382902145385742
0.9812216758728027
0.8039347529411316
0.6297230124473572
0.7544859647750854
0.33707815408706665
0.597760021686554
0.5121449828147888
0.7915306091308594
0.924264669418335
0.5146059393882751
0.1613939255475998
0.8162803649902344
0.20472462475299835
0.19174231588840485
0.9729124903678894
0.02166164666414261
0.8712916374206543
0.8535940051078796
0.9075226187705994
0.8651882410049438
0.0721665695309639
0.10914309322834015
0.9234123826026917
0.5333428382873535
0.6866095662117004
0.39761897921562195
0.012984233908355236
0.47511813044548035
0.5684854984283447
0.7305567264556885
0.39384913444519043
0.5680131316184998
0.4387761652469635
0.187844917178154
0.07674011588096619
0.18376292288303375
0.6853245496749878
0.44580328464508057
0.3373596966266632
0.8488004207611084
0.6797835230827332
0.01983017660677433
0.7885143756866455
0.9174373745918274
0.349535197019577
0.5876333713531494
0.48658663034439087
0.8050602674484253
0.3520493507385254
0.1728236973285675
0.07169531285762787
0.5170426368713379
0.5970339775085449
0.9122534990310669
0.083661749958992
0.5349917411804199
0.23160231113433838
0.9033050537109375
0.055140841752290726
0.49863401055336
0.047207411378622055
0.7672332525253296
0.6856949925422668
0.32880792021751404
0.044605907052755356
0.6465626358985901
0.1661148965358734
0.5121781826019287
0.22831082344055176
0.8896371126174927
0.2037961781024933
0.9413370490074158
0.16136321425437927
0.25590139627456665
0.010374688543379307
0.8690894246101379
0.46763309836387634
0.8432363271713257
0.4508916735649109
0.9385051727294922
0.0688653439283371
0.6402024626731873
0.12758708000183105
0.9544551968574524
0.8216481804847717
0.4175909161567688
0.1846599131822586
0.05273517593741417
0.9608568549156189
0.700810432434082
0.6012276411056519
0.49137789011001587
0.5275686979293823
0.330171674489975
0.6434003114700317
0.23591579496860504
0.32953527569770813
0.25074878334999084
0.1946505755186081
0.9193935990333557
0.0021453918889164925
0.7378822565078735
0.8537614941596985
0.14021456241607666
0.10942927747964859
0.6550690531730652
0.6538686156272888
0.3344099223613739
0.15067073702812195
0.7268279790878296
0.13422857224941254
0.2671072781085968
0.2521386742591858
0.11043116450309753
0.9516936540603638
0.7925934195518494
0.4891597330570221
0.7587035298347473
0.9849295020103455
0.7370104193687439
0.05991261452436447
0.6484810709953308
0.841865062713623
0.48090413212776184
0.14431127905845642
0.1887897253036499
0.2061183601617813
0.7403900623321533
0.6214305758476257
0.8754205703735352
0.49430468678474426
0.3740796744823456
0.5062121748924255
0.11583414673805237
0.4481707811355591
0.7801922559738159
0.8413552045822144
0.8240423202514648
0.44368481636047363
0.8752095699310303
0.6990693211555481
0.4824689030647278
0.2582433223724365
0.11020822823047638
0.360526978969574
0.9105566740036011
0.5023288130760193
0.8791587352752686
0.966732382774353
0.8314751982688904
0.12811169028282166
0.9061164259910583
0.4453984498977661
0.848560631275177
0.5184974670410156
0.9946591258049011
0.9260077476501465
0.24952886998653412
0.2346256524324417
0.9503474831581116
0.4388127028942108
0.6820346117019653
0.9119150638580322
0.2784341275691986
0.48502427339553833
0.07823484390974045
0.7612630724906921
0.2829899489879608
0.3219345510005951
0.40080371499061584
0.49554383754730225
0.7731622457504272
0.5300300717353821
0.8036140203475952
0.13020211458206177
0.5977985262870789
0.17330558598041534
0.5294005870819092
0.682762622833252
0.16626256704330444
0.16998262703418732
0.4418633282184601
0.345924973487854
0.305363267660141
0.10959427058696747
0.3299982249736786
0.5400785803794861
0.4943276047706604
0.2500561773777008
0.6180377006530762
0.46890488266944885
0.5937024354934692
0.28198328614234924
0.02585170976817608
0.487620085477829
0.914555549621582
0.969274640083313
0.16575446724891663
0.5314925909042358
0.9082422256469727
0.8780690431594849
0.3441707193851471
0.10444675385951996
0.8717287182807922
0.44699081778526306
0.7816480398178101
0.12261932343244553
0.8469905853271484
0.1776253581047058
0.34361347556114197
0.16355708241462708
0.6086364388465881
0.8004917502403259
0.8825237154960632
0.6692206263542175
0.5210531949996948
0.6043297052383423
0.4358757734298706
0.44499436020851135
0.08894430845975876
0.39885270595550537
0.8200050592422485
0.9300925731658936
0.29201725125312805
0.39015868306159973
0.11637735366821289
0.5416498780250549
0.05388282239437103
0.8864819407463074
0.85296231508255
0.5494906306266785
0.9902356863021851
0.12102175503969193
0.2612878382205963
0.1822689026594162
0.5735205411911011
0.20109711587429047
0.2111290693283081
0.1491624414920807
0.8170008659362793
0.9928743243217468
0.6301259398460388
0.003933643456548452
0.8136678338050842
0.1228504404425621
0.7171536684036255
0.2602158784866333
0.6496523022651672
0.8247796297073364
0.6955671906471252
0.5695133209228516
0.5881332159042358
0.6094051599502563
0.556633710861206
0.43111875653266907
0.308758020401001
0.8068802952766418
0.8556857705116272
0.7059392333030701
0.9628691673278809
0.8587368726730347
0.2628546357154846
0.5928310751914978
0.5954432487487793
0.7609129548072815
0.07567862421274185
0.34607961773872375
0.5773266553878784
0.33919477462768555
0.32239946722984314
0.6088362336158752
0.04689284786581993
0.3250426948070526
0.8946959972381592
0.4428236484527588
0.12471065670251846
0.3778834044933319
0.1220816820859909
0.2623204290866852
0.355234295129776
0.19557179510593414
0.16530050337314606
0.998033881187439
0.8605031967163086
0.0638689175248146
0.16737012565135956
0.09916182607412338
0.921044647693634
0.48727327585220337
0.7647415995597839
0.7176681756973267
0.47417891025543213
0.2269696146249771
0.34005242586135864
0.5798795223236084
0.5154845118522644
0.21112582087516785
0.21653984487056732
0.3008120059967041
0.12563297152519226
0.4925084412097931
0.9300632476806641
0.8478773832321167
0.10333190113306046
0.2183462232351303
0.45625531673431396
0.1499597728252411
0.31792521476745605
0.730157196521759
0.6295689344406128
0.19891247153282166
0.8722560405731201
0.301099568605423
0.16758576035499573
0.19359590113162994
0.8207114338874817
0.9635024070739746
0.2551266849040985
0.5495455861091614
0.7158817648887634
0.5242227911949158
0.6037846803665161
0.4064159691333771
0.7395803332328796
0.6354561448097229
0.1685313731431961
0.4851749837398529
0.08868588507175446
0.2769201993942261
0.9655076861381531
0.7588734030723572
0.6356745958328247
0.08034753799438477
0.5983380079269409
0.7927899956703186
0.4738050401210785
0.4087587296962738
0.14282383024692535
0.9405906796455383
0.34323418140411377
0.3638540506362915
0.625541090965271
0.7691908478736877
0.46059995889663696
0.031757205724716187
0.29645442962646484
0.6673374176025391
0.7958283424377441
0.8216246366500854
0.3431377112865448
0.5398253202438354
0.3217228353023529
0.7460277080535889
0.08147148787975311
0.9612694978713989
0.3717062473297119
0.7778682112693787
0.8554252982139587
0.7815208435058594
0.917542040348053
0.4046383202075958
0.5793538093566895
0.9214417934417725
0.09476981312036514
0.7194472551345825
0.9418175220489502
0.9247822165489197
0.9710299372673035
0.18799130618572235
0.04769420996308327
0.5396886467933655
0.5653036236763
0.9222146272659302
0.15369722247123718
0.43008631467819214
0.17118355631828308
0.3471066653728485
0.32421204447746277
0.5493749380111694
0.7400375008583069
0.9094663262367249
0.5459420680999756
0.016630174592137337
0.95206618309021
0.21107591688632965
0.7805291414260864
0.08288940787315369
0.5217064023017883
0.030243178829550743
0.18371112644672394
0.926307737827301
0.7728055715560913
0.19007468223571777
0.4856971204280853
0.8332002758979797
0.5303601026535034
0.47898006439208984
0.7475357055664062
0.714173436164856
0.05141870677471161
0.2635038197040558
0.8284508585929871
0.8150731325149536
0.5741850137710571
0.028230993077158928
0.3551303744316101
0.5578656196594238
0.9951431751251221
0.8548058867454529
0.7589524984359741
0.5753777623176575
0.1955241709947586
0.7916972041130066
0.17841611802577972
0.10046516358852386
0.6994637250900269
0.1330164521932602
0.037339068949222565
0.8351608514785767
0.25306791067123413
0.8990644216537476
0.6531915664672852
0.5251929759979248
0.2719992995262146
0.41795921325683594
0.6186750531196594
0.7399901151657104
0.9824379086494446
0.6222233772277832
0.11641179770231247
0.6887429356575012
0.24036049842834473
0.30548295378685
0.633702278137207
0.6953230500221252
0.3688361346721649
0.05572995916008949
0.79433274269104
0.10944344848394394
0.10684981197118759
0.12615181505680084
0.7765723466873169
0.2654946446418762
0.8916839361190796
0.2905323803424835
0.17241020500659943
0.2675073444843292
0.24980683624744415
0.08820737153291702
0.581165075302124
0.692151665687561
0.7399916052818298
0.1665876805782318
0.7826840281486511
0.480472594499588
0.5291983485221863
0.49671807885169983
0.29508697986602783
0.37491464614868164
0.2881338894367218
0.4034698009490967
0.4585607647895813
0.24821747839450836
0.6585132479667664
0.6835634708404541
0.38183891773223877
0.05999145284295082
0.5686566829681396
0.20848648250102997
0.9428988099098206
0.8775977492332458
0.9596018195152283
0.8139976263046265
0.9880204200744629
0.3474855422973633
0.5531139373779297
0.3990893065929413
0.7647289633750916
0.08268657326698303
0.8605439066886902
0.5141668319702148
0.9849668145179749
0.3343746066093445
0.5900846719741821
0.3700951933860779
0.8981598615646362
0.1336974948644638
0.11334019154310226
0.664065957069397
0.6123701333999634
0.3501640558242798
0.8289550542831421
0.5181074142456055
0.8405202031135559
0.31296607851982117
0.17399384081363678
0.5774730443954468
0.8463833332061768
0.8318191766738892
0.03967905417084694
0.14417721331119537
0.27504485845565796
0.4910038411617279
0.2903449535369873
0.7713795304298401
0.6896988749504089
0.4021487832069397
0.5743498206138611
0.9943448305130005
0.38431429862976074
0.8603017330169678
0.9899097681045532
0.8927478194236755
0.13928668200969696
0.327376127243042
0.8324064016342163
0.6883492469787598
0.41144829988479614
0.7693078517913818
0.9801087379455566
0.49594029784202576
0.3692781627178192
0.5525850057601929
0.08388781547546387
0.7614341974258423
0.8337240219116211
0.13189348578453064
0.5713192224502563
0.6037312150001526
0.3007850646972656
0.4043489396572113
0.266763299703598
0.485556960105896
0.9354087114334106
0.06680244952440262
0.988358736038208
0.8565600514411926
0.3907589912414551
0.12720969319343567
0.6510066986083984
0.5927514433860779
0.5265516638755798
0.9277802109718323
0.8357128500938416
0.727929413318634
0.14902593195438385
0.7696776390075684
0.9056691527366638
0.7516560554504395
0.8932028412818909
0.6691778898239136
0.5072106719017029
0.9321500658988953
0.12906847894191742
0.3611360192298889
0.04019414260983467
0.04496598616242409
0.3168330192565918
0.138610377907753
0.9094843864440918
0.8984838128089905
0.7696724534034729
0.8385871052742004
0.9119108319282532
0.9571374654769897
0.9978446960449219
0.8091742396354675
0.2108468860387802
0.5718058943748474
0.5716591477394104
0.4760030508041382
0.7175681591033936
0.3857634365558624
0.82790207862854
0.21989382803440094
0.42948946356773376
0.9865607023239136
0.5609150528907776
0.37564197182655334
0.7221724987030029
0.696635365486145
0.6886520981788635
0.3899320662021637
0.8563457131385803
0.4326094090938568
0.858995795249939
0.5319296717643738
0.960627555847168
0.2531556189060211
0.6663792729377747
0.7748814821243286
0.1379832923412323
0.5760807394981384
0.35126325488090515
0.8471154570579529
0.49904942512512207
0.5654057264328003
0.7261202335357666
0.9886103272438049
0.23158520460128784
0.09381843358278275
0.8636685013771057
0.583974301815033
0.3398750424385071
0.9332960247993469
0.14976853132247925
0.16321371495723724
0.9539192318916321
0.04954053834080696
0.24470430612564087
0.40518108010292053
0.5658761858940125
0.0450386181473732
0.6221670508384705
0.9182286262512207
0.7544838786125183
0.8079519271850586
0.30598321557044983
0.7763113975524902
0.0011235445272177458
0.18637803196907043
0.12941831350326538
0.14313432574272156
0.8374398350715637
0.618206262588501
0.4292580187320709
0.4436075985431671
0.193498894572258
0.32702401280403137
0.5522339344024658
0.8506848812103271
0.5545201897621155
0.40091365575790405
0.39901474118232727
0.4794650971889496
0.3616633117198944
0.4525509178638458
0.7875094413757324
0.6597240567207336
0.7827204465866089
0.3739739954471588
0.5713890194892883
0.11971496045589447
0.6979207396507263
0.09293503314256668
0.7634783983230591
0.6946356296539307
0.2574368119239807
0.7686406970024109
0.048291951417922974
0.4584037661552429
0.08568640053272247
0.2533186078071594
0.9834635853767395
0.4251297414302826
0.8956615924835205
0.09656481444835663
0.14984512329101562
0.8591523170471191
0.33079490065574646
0.4518904685974121
0.6707372069358826
0.6311293244361877
0.8500092625617981
0.3525314927101135
0.39254164695739746
0.11406814306974411
0.46594104170799255
0.8654025197029114
0.41207268834114075
0.40310487151145935
0.026200169697403908
0.26382672786712646
0.07321342080831528
0.4640393853187561
0.05697605758905411
0.26534533500671387
0.6761733293533325
0.16850534081459045
0.5232956409454346
0.03161235898733139
0.6683870553970337
0.42692962288856506
0.5646733045578003
0.914133608341217
0.19246268272399902
0.16152255237102509
0.38898012042045593
0.022785978391766548
0.8731428980827332
0.10606809705495834
0.3784005045890808
0.9038662314414978
0.7714312672615051
0.7891753315925598
0.45284876227378845
0.8431535959243774
0.3732590973377228
0.8711009621620178
0.3417738676071167
0.35324567556381226
0.3705071806907654
0.6287316083908081
0.16106709837913513
0.13527876138687134
0.9886252880096436
0.7729710340499878
0.4549036920070648
0.37351280450820923
0.9826861023902893
0.18255962431430817
0.41632726788520813
0.02054205909371376
0.3712388873100281
0.02692830190062523
0.016080044209957123
0.9619464874267578
0.25191235542297363
0.9818927049636841
0.9373424053192139
0.8386071920394897
0.1024962067604065
0.3920990228652954
0.25587019324302673
0.2838519811630249
0.6989943981170654
0.9418740272521973
0.6692834496498108
0.10205236822366714
0.9050942063331604
0.4536544978618622
0.18289479613304138
0.14949485659599304
0.16699311137199402
0.34575966000556946
0.2810075879096985
0.7617897987365723
0.8068170547485352
0.6628848910331726
0.44926536083221436
0.7562190890312195
0.04481429606676102
0.8118751645088196
0.20628364384174347
0.00221213954500854
0.9120514392852783
0.6072023510932922
0.28611284494400024
0.18762464821338654
0.34415799379348755
0.775114119052887
0.7207759618759155
0.8305856585502625
0.8185392022132874
0.9944322109222412
0.9522392153739929
0.8971608281135559
0.929568350315094
0.34350210428237915
0.33276912569999695
0.6872004866600037
0.4823434054851532
0.27682146430015564
0.6658779382705688
0.5197957754135132
0.6194554567337036
0.6374031901359558
0.8906645178794861
0.10616634041070938
0.11210888624191284
0.9864200949668884
0.34689632058143616
0.053498249500989914
0.8440215587615967
0.7722446918487549
0.8481489419937134
0.23905126750469208
0.6269428133964539
0.09613917022943497
0.5991030335426331
0.6346731185913086
0.6811840534210205
0.3431409001350403
0.20419253408908844
0.987490177154541
0.1249566301703453
0.7006489038467407
0.4657595753669739
0.3638191223144531
0.8579641580581665
0.8800343871116638
0.685027003288269
0.7359351515769958
0.5666835308074951
0.41025635600090027
0.8632187843322754
0.11733230203390121
0.6002144813537598
0.9445399045944214
0.6739823818206787
0.41631054878234863
0.18035466969013214
0.5756932497024536
0.8850374221801758
0.47969773411750793
0.7278921604156494
0.22041909396648407
0.9887338280677795
0.0702572837471962
0.4646221399307251
0.25938108563423157
0.6203744411468506
0.6312998533248901
0.0039310697466135025
0.5033426284790039
0.7151749134063721
0.6404801607131958
0.46050700545310974
0.1075613722205162
0.9057196378707886
0.8620944619178772
0.15275605022907257
0.1578740030527115
0.032879047095775604
0.007997361943125725
0.19682346284389496
0.7235941290855408
0.7215349674224854
0.17312686145305634
0.35184475779533386
0.03321230411529541
0.6124185919761658
0.38182199001312256
0.3957340121269226
0.502888560295105
0.9857867360115051
0.7237160801887512
0.7533196210861206
0.5498504042625427
0.14791618287563324
0.367258220911026
0.8683636784553528
0.3193759024143219
0.06219039484858513
0.3251308500766754
0.5693349242210388
0.38691985607147217
0.09678575396537781
0.9262751936912537
0.7278602123260498
0.9318467378616333
0.7069745659828186
0.976548969745636
0.4288875162601471
0.505702555179596
0.04363393038511276
0.7178136110305786
0.27947449684143066
0.36118000745773315
0.5892207622528076
0.9741807579994202
0.08492368459701538
0.2094232589006424
0.4084925651550293
0.6624305844306946
0.20728415250778198
0.6244981288909912
0.7119868397712708
0.6512622833251953
0.5405515432357788
0.26026153564453125
0.06669002771377563
0.773357629776001
0.6904662251472473
0.41473543643951416
0.07710136473178864
0.7710559368133545
0.9312564730644226
0.9606837630271912
0.02851996384561062
0.9954717755317688
0.47828972339630127
0.626939594745636
0.32694435119628906
0.6821665167808533
0.17818719148635864
0.021793048828840256
0.14945447444915771
0.8469436168670654
0.6411096453666687
0.11667124927043915
0.3156425654888153
0.7650092244148254
0.9946239590644836
0.188859760761261
0.1264156997203827
0.9781063795089722
0.6951160430908203
0.8367663025856018
0.8017053008079529
0.2992730140686035
0.1475066840648651
0.7030221223831177
0.4839710295200348
0.14332976937294006
0.6025607585906982
0.33238279819488525
0.23939892649650574
0.7590697407722473
0.08338744938373566
0.14918892085552216
0.12910187244415283
0.6477836966514587
0.19440774619579315
0.3803653120994568
0.01793925277888775
0.9359615445137024
0.044948551803827286
0.9421638250350952
0.01588105782866478
0.4588627219200134
0.417597234249115
0.9882575869560242
0.36834198236465454
0.8279451727867126
0.9370657801628113
0.24786917865276337
0.5176665782928467
0.6139422655105591
0.16984961926937103
0.3829847276210785
0.7063815593719482
0.622980535030365
0.6348928213119507
0.9639748334884644
0.28400105237960815
0.2982170283794403
0.12055769562721252
0.6406896114349365
0.11276106536388397
0.2229117900133133
0.3868883550167084
0.2305409163236618
0.29810217022895813
0.8570035696029663
0.11720366030931473
0.43351542949676514
0.986320972442627
0.0779241994023323
0.10682971030473709
0.6005051136016846
0.5881558060646057
0.9281631708145142
0.5539593696594238
0.06519800424575806
0.9200246334075928
0.3711917996406555
0.6551545858383179
0.2337803840637207
0.7802018523216248
0.6060464382171631
0.050014909356832504
0.5099906325340271
0.4892921447753906
0.2599290609359741
0.8571549654006958
0.8915578722953796
0.8286709189414978
0.7205677628517151
0.6282256245613098
0.9073254466056824
0.7706021070480347
0.1258159875869751
0.5666446089744568
0.44071128964424133
0.9269735217094421
0.5619869828224182
0.3374483287334442
0.15355026721954346
0.4242980480194092
0.6176520586013794
0.28602901101112366
0.8815924525260925
0.3257412016391754
0.7421823740005493
0.6302495002746582
0.33464962244033813
0.5475776791572571
0.38589993119239807
0.2203882932662964
0.05788583680987358
0.88763028383255
0.9185654520988464
0.01396204810589552
0.818456768989563
0.5795013904571533
0.860767126083374
0.5936301946640015
0.3226628601551056
0.26082655787467957
0.07417403161525726
0.5940634608268738
0.847244381904602
0.39826256036758423
0.8185370564460754
0.3599315583705902
0.39913955330848694
0.3943665623664856
0.018450060859322548
0.7485429644584656
0.6720933318138123
0.5493365526199341
0.6753566265106201
0.7590375542640686
0.8338258862495422
0.7567471265792847
0.07142320275306702
0.679216206073761
0.9362952709197998
0.7449316382408142
0.13082557916641235
0.0017836372135207057
0.22537416219711304
0.895628035068512
0.6649368405342102
0.5033836364746094
0.19990316033363342
0.08010361343622208
0.14729531109333038
0.8781496286392212
0.9504556059837341
0.09323254972696304
0.861221969127655
0.24058756232261658
0.457282155752182
0.2686612904071808
0.24142040312290192
0.5197227001190186
0.1881036013364792
0.985948920249939
0.964797854423523
0.43132084608078003
0.6439167857170105
0.019205177202820778
0.6498711109161377
0.9548730850219727
0.3250114619731903
0.6918575167655945
0.8337957859039307
0.15890802443027496
0.8655514121055603
0.05415024980902672
0.11139675974845886
0.0936942994594574
0.892832338809967
0.5681903958320618
0.23243282735347748
0.47687387466430664
0.6252083778381348
0.624011754989624
0.7508848905563354
0.1395677924156189
0.9521344304084778
0.6432401537895203
0.436414510011673
0.9488198757171631
0.6472477912902832
0.8049432039260864
0.9630890488624573
0.2538360357284546
0.19394412636756897
0.39451131224632263
0.06827019900083542
0.45061367750167847
0.026784474030137062
0.39016008377075195
0.6582406163215637
0.20193734765052795
0.01283606979995966
0.7489602565765381
0.5382042527198792
0.039156876504421234
0.24263274669647217
0.8263885974884033
0.301588773727417
0.9206215143203735
0.821444571018219
0.24186846613883972
0.3771734833717346
0.41459837555885315
0.6208087801933289
0.20916537940502167
0.682013988494873
0.7407089471817017
0.6045452356338501
0.2334236055612564
0.2720017731189728
0.7832660675048828
0.8700471520423889
0.4888911545276642
0.25501084327697754
0.5115623474121094
0.45812612771987915
0.40009403228759766
0.7650194764137268
0.6745057106018066
0.9143603444099426
0.7736473083496094
0.040157269686460495
0.9642484188079834
0.9367097616195679
0.4163936972618103
0.1429186314344406
0.19671466946601868
0.7612882852554321
0.6641178727149963
0.2906700074672699
0.8828874230384827
0.033796392381191254
0.32693755626678467
0.9696739912033081
0.8822101354598999
0.4685763418674469
0.6671391725540161
0.05189836025238037
0.7467333078384399
0.9292194247245789
0.8894443511962891
0.0953839048743248
0.27863559126853943
0.6701575517654419
0.2863999307155609
0.5974681973457336
0.803407609462738
0.3923415243625641
0.5306593775749207
0.8493779897689819
0.4810234308242798
0.08270340412855148
0.20823268592357635
0.7549103498458862
0.11846210807561874
0.6391188502311707
0.014463542960584164
0.18904554843902588
0.9256974458694458
0.418937087059021
0.7899059653282166
0.8921856880187988
0.6401605010032654
0.1347840279340744
0.5324724912643433
0.926404595375061
0.4685637056827545
0.9026777744293213
0.3764675557613373
0.44488370418548584
0.9870264530181885
0.39585235714912415
0.6636337637901306
0.8552824854850769
0.2216637283563614
0.43543463945388794
0.01645631715655327
0.19008353352546692
0.7321547865867615
0.5933607220649719
0.2000265121459961
0.4098837375640869
0.7503966093063354
0.7228164672851562
0.18264108896255493
0.42971351742744446
0.5741607546806335
0.23343604803085327
0.0904918760061264
0.37833043932914734
0.5893701910972595
0.5792458057403564
0.6180402636528015
0.7155275344848633
0.7630356550216675
0.09058237075805664
0.09829965978860855
0.49947482347488403
0.45788803696632385
0.6910921931266785
0.13513313233852386
0.3635648488998413
0.2019168585538864
0.32139846682548523
0.9642422199249268
0.982012152671814
0.3179658353328705
0.24869024753570557
0.030904211103916168
0.6619440913200378
0.9002128839492798
0.14268819987773895
0.3672631084918976
0.5322229862213135
0.4550867974758148
0.3333068788051605
0.9395806193351746
0.11519098281860352
0.6769484877586365
0.9031736254692078
0.23734670877456665
0.5656450390815735
0.8911420702934265
0.05278609320521355
0.018063224852085114
0.9076101779937744
0.5848619341850281
0.3332359790802002
0.5957010388374329
0.8784276247024536
0.15474429726600647
0.9383505582809448
0.12479618191719055
0.9604376554489136
0.338451623916626
0.3287879526615143
0.866074800491333
0.109797403216362
0.8015739321708679
0.27615639567375183
0.177434042096138
0.29911303520202637
0.4956092834472656
0.9356331825256348
0.7732028961181641
0.4472615718841553
0.7058504223823547
0.8773226737976074
0.020127547904849052
0.8427382111549377
0.05481736361980438
0.5343018174171448
0.6950051188468933
0.5675495266914368
0.10021138191223145
0.4713345468044281
0.2687329947948456
0.48671606183052063
0.1423291265964508
0.6619148254394531
0.729918897151947
0.8482213020324707
0.5782155394554138
0.5723155736923218
0.04588381201028824
0.24549078941345215
0.7103102207183838
0.513930082321167
0.4027552306652069
0.7326644062995911
0.667919397354126
0.9887508153915405
0.9805961847305298
0.7757493853569031
0.8992458581924438
0.6797048449516296
0.5456376671791077
0.9371447563171387
0.34494444727897644
0.0531683973968029
0.2372356504201889
0.235043466091156
0.22146858274936676
0.49564236402511597
0.7657289505004883
0.8145483732223511
0.26593419909477234
0.4073791205883026
0.9467536211013794
0.4031219780445099
0.29886487126350403
0.9698413610458374
0.31228047609329224
0.1857936829328537
0.889104425907135
0.5362982749938965
0.48008280992507935
0.7962691783905029
0.828852653503418
0.625027596950531
0.09148141741752625
0.5195549130439758
0.8188151121139526
0.5674201250076294
0.33507418632507324
0.3777112364768982
0.6831514239311218
0.3092775046825409
0.0337582491338253
0.13273419439792633
0.11326856166124344
0.7387809157371521
0.38380110263824463
0.08328458666801453
0.046456363052129745
0.6405141949653625
0.7551328539848328
0.7574411630630493
0.6552189588546753
0.7446674704551697
0.6804122924804688
0.6209832429885864
0.06241868436336517
0.767734944820404
0.31771016120910645
0.007854966446757317
0.1116032525897026
0.9816346764564514
0.5981156826019287
0.7104244232177734
0.7076727747917175
0.5995810627937317
0.7485604882240295
0.1847200244665146
0.8683295845985413
0.24685703217983246
0.9152116179466248
0.5966284871101379
0.5389655232429504
0.6349455118179321
0.46134328842163086
0.6552635431289673
0.8219959139823914
0.34101277589797974
0.4346631169319153
0.11649241298437119
0.9898192882537842
0.7325900793075562
0.4257570207118988
0.40263137221336365
0.20732811093330383
0.6574351787567139
0.6053531765937805
0.42414355278015137
0.6766964793205261
0.7494615316390991
0.6710880398750305
0.30881285667419434
0.7750477194786072
0.07741788774728775
0.06167984381318092
0.24053771793842316
0.6792387962341309
0.9410755038261414
0.2557174861431122
0.930695116519928
0.6129686236381531
0.5249099731445312
0.05694880336523056
0.9938864707946777
0.7682287693023682
0.15434293448925018
0.47695985436439514
0.4795655310153961
0.8008577227592468
0.9016944766044617
0.903365433216095
0.5984067320823669
0.9643374085426331
0.9981865286827087
0.5224757790565491
0.6360365748405457
0.37676602602005005
0.23337239027023315
0.49144959449768066
0.417410671710968
0.10410910844802856
0.39000028371810913
0.012047373689711094
0.054677486419677734
0.6642385125160217
0.6139042973518372
0.5800815224647522
0.2737528383731842
0.81167072057724
0.5960990786552429
0.15825782716274261
0.992979109287262
0.1940961331129074
0.19496284425258636
0.26634934544563293
0.38921135663986206
0.8584151268005371
0.06152023375034332
0.6368727684020996
0.6410773992538452
0.03826593980193138
0.6877973675727844
0.9335548281669617
0.7511345744132996
0.3559708595275879
0.8910627961158752
0.8055002689361572
0.12870706617832184
0.9367231130599976
0.8184048533439636
0.12718318402767181
0.9455235600471497
0.9478537440299988
0.3396075367927551
0.7905362844467163
0.36841627955436707
0.7980475425720215
0.459692120552063
0.9840511679649353
0.6094978451728821
0.962752640247345
0.7786742448806763
0.6700559258460999
0.5826907753944397
0.6748104095458984
0.8331936597824097
0.4954734146595001
0.5765206217765808
0.07583211362361908
0.38683730363845825
0.2074183076620102
0.32169464230537415
0.12072161585092545
0.4808158278465271
0.2049405574798584
0.9199420809745789
0.5674789547920227
0.2997363805770874
0.912545919418335
0.03266192972660065
0.8474084138870239
0.18854179978370667
0.26415112614631653
0.8838837146759033
0.47217482328414917
0.31913140416145325
0.7532727122306824
0.07087715715169907
0.4618831276893616
0.38908812403678894
0.7220394015312195
0.6997494697570801
0.9600535035133362
0.16934406757354736
0.8261542916297913
0.6094450950622559
0.6470528244972229
0.4539523720741272
0.76352459192276
0.3439231812953949
0.32028403878211975
0.4432273209095001
0.06356795132160187
0.5801318287849426
0.5386859774589539
0.24346785247325897
0.22141768038272858
0.8943119645118713
0.4930635690689087
0.3221856653690338
0.4813012480735779
0.1358589082956314
0.8664858341217041
0.8048151135444641
0.9517114162445068
0.30644410848617554
0.37937861680984497
0.8960493803024292
0.6790835857391357
0.259867787361145
0.6434566378593445
0.025929879397153854
0.7484573721885681
0.2919439971446991
0.6117473244667053
0.5377722978591919
0.8808644413948059
0.2349446415901184
0.26336511969566345
0.1551671028137207
0.9660126566886902
0.3214481472969055
0.6684762835502625
0.5796873569488525
0.618004322052002
0.7548879981040955
0.5672749280929565
0.8472000956535339
0.24456296861171722
0.638487696647644
0.3852396309375763
0.6079545021057129
0.5109761953353882
0.7816203236579895
0.29449567198753357
0.39352208375930786
0.5619621276855469
0.5534424781799316
0.08720298111438751
0.3543919622898102
0.02540314756333828
0.1113295704126358
0.8230733871459961
0.1191326230764389
0.9012995362281799
0.5226565599441528
0.15347342193126678
0.5150883197784424
0.6898637413978577
0.6413485407829285
0.7569196820259094
0.7977606058120728
0.3152800500392914
0.8762977123260498
0.8301005959510803
0.8640312552452087
0.10085748136043549
0.1650710254907608
0.4618050158023834
0.6480857729911804
0.16931124031543732
0.04226928576827049
0.5052997469902039
0.034760408103466034
0.09775122255086899
0.9098825454711914
0.08543580025434494
0.7855154871940613
0.5808987021446228
0.1904110610485077
0.4070988595485687
0.21735970675945282
0.3225629925727844
0.23820436000823975
0.7263270020484924
0.6565622687339783
0.07973260432481766
0.6035864949226379
0.8244185447692871
0.06494832038879395
0.15023058652877808
0.6861927509307861
0.6963320970535278
0.7592494487762451
0.14326931536197662
0.37240347266197205
0.09630536288022995
0.5604614019393921
0.08294492214918137
0.8106616735458374
0.664453387260437
0.19930008053779602
0.8256049752235413
0.6024596691131592
0.875680148601532
0.211308091878891
0.02486671693623066
0.6600033640861511
0.6729550361633301
0.6620705723762512
0.36024898290634155
0.7583131194114685
0.4951706826686859
0.31602513790130615
0.7601369619369507
0.5383007526397705
0.8536762595176697
0.38005542755126953
0.017605938017368317
0.4027408957481384
0.6480567455291748
0.5971353650093079
0.8856912851333618
0.8638744354248047
0.9562196731567383
0.8226855397224426
0.22714488208293915
0.40861231088638306
0.4900197684764862
0.7594959139823914
0.25606635212898254
0.9830206036567688
0.412232369184494
0.6625310182571411
0.5234503149986267
0.9539059996604919
0.42777082324028015
0.735107421875
0.4866465628147125
0.21079008281230927
0.06267744302749634
0.7612810730934143
0.7186788320541382
0.619877815246582
0.5127706527709961
0.5026242136955261
0.391686350107193
0.4170290231704712
0.6178398728370667
0.4653288424015045
0.5389248132705688
0.8797041177749634
0.7143495678901672
0.01401094626635313
0.8778900504112244
0.05051637440919876
0.7114096283912659
0.7290438413619995
0.8066393136978149
0.6921268105506897
0.6654707789421082
0.9379553198814392
0.7522732615470886
0.9868407845497131
0.978523313999176
0.3955666720867157
0.1995992213487625
0.7465264797210693
0.8925760984420776
0.03450923413038254
0.14499986171722412
0.7649155855178833
0.048836223781108856
0.6256586313247681
0.6249459385871887
0.649558961391449
0.28462329506874084
0.12513498961925507
0.1488097608089447
0.8321681022644043
0.03379570320248604
0.909666121006012
0.7957471013069153
0.9683690667152405
0.9216410517692566
0.5468780398368835
0.7784567475318909
0.10952296108007431
0.6867421269416809
0.3530882000923157
0.2779039144515991
0.2300257384777069
0.42111796140670776
0.9287016987800598
0.058359917253255844
0.06821031868457794
0.941490113735199
0.680070698261261
0.7749400734901428
0.989773154258728
0.8395639657974243
0.29212090373039246
0.5541556477546692
0.6255470514297485
0.30136173963546753
0.03268304839730263
0.16424700617790222
0.7980344295501709
0.3501664102077484
0.8454240560531616
0.21813374757766724
0.3314738869667053
0.9311456680297852
0.0006492743850685656
0.17698201537132263
0.19954776763916016
0.8936147093772888
0.1884569376707077
0.5096489191055298
0.855991542339325
0.3720133900642395
0.4233766496181488
0.6007941961288452
0.7380622625350952
0.38505637645721436
0.18914571404457092
0.9167304039001465
0.7602880597114563
0.8281293511390686
0.05864357203245163
0.22449088096618652
0.7481687664985657
0.40907159447669983
0.9254171252250671
0.4065901041030884
0.15216071903705597
0.9524407386779785
0.23978519439697266
0.25283944606781006
0.08373115956783295
0.04679807648062706
0.9687868356704712
0.4821498990058899
0.9844800233840942
0.4558011591434479
0.04269871860742569
0.10522623360157013
0.5109476447105408
0.43837445974349976
0.5995520353317261
0.49993422627449036
0.42542997002601624
0.9114943146705627
0.0512978620827198
0.8430188894271851
0.27469703555107117
0.9244802594184875
0.03216471150517464
0.6920961141586304
0.727837860584259
0.42676547169685364
0.16414569318294525
0.11305855214595795
0.5213303565979004
0.37201061844825745
0.9875829815864563
0.5986195802688599
0.3702038824558258
0.09860682487487793
0.2296508401632309
0.7039993405342102
0.5045979619026184
0.7418479919433594
0.6710925102233887
0.8623388409614563
0.6949780583381653
0.44197574257850647
0.29887357354164124
0.10804570466279984
0.7201240658760071
0.22959163784980774
0.3414075970649719
0.39005109667778015
0.28098517656326294
0.5071749687194824
0.015248089097440243
0.5123022794723511
0.7234740257263184
0.7092369198799133
0.44126176834106445
0.5021835565567017
0.5207613706588745
0.015848224982619286
0.6822525262832642
0.08486884832382202
0.6227150559425354
0.6827552318572998
0.36399903893470764
0.2759484648704529
0.1462862491607666
0.7955517172813416
0.15768033266067505
0.882271409034729
0.31937599182128906
0.400871217250824
0.7370999455451965
0.8105475306510925
0.08334582298994064
0.2771647572517395
0.3010525405406952
0.6394472122192383
0.5463630557060242
0.7082609534263611
0.5406785607337952
0.6960980296134949
0.22058410942554474
0.45512449741363525
0.9077149033546448
0.6968947649002075
0.1583213210105896
0.6026039719581604
0.1435844600200653
0.47608646750450134
0.6118364334106445
0.24845005571842194
0.8409777283668518
0.2192607820034027
0.5022947788238525
0.3871711194515228
0.014720860868692398
0.6372538805007935
0.22821806371212006
0.03162182867527008
0.3780273497104645
0.008510219864547253
0.050311073660850525
0.7802407741546631
0.6182727217674255
0.5487645864486694
0.8023141026496887
0.11766192317008972
0.3230096697807312
0.6187117099761963
0.92691570520401
0.41299301385879517
0.18853779137134552
0.12123868614435196
0.3913515508174896
0.7149756550788879
0.4361043870449066
0.6141509413719177
0.7086182236671448
0.7550170421600342
0.06742889434099197
0.8243325352668762
0.6989673972129822
0.5824968218803406
0.5147661566734314
0.5409386157989502
0.7645142674446106
0.9132227301597595
0.13947977125644684
0.7202867269515991
0.18020005524158478
0.5838975310325623
0.3832612931728363
0.5683683753013611
0.13058282434940338
0.8606321811676025
0.36896735429763794
0.0321454219520092
0.8947693109512329
0.9380112290382385
0.8387793898582458
0.8885595798492432
0.5070905089378357
0.9866888523101807
0.344264417886734
0.718284010887146
0.7930452227592468
0.8147032856941223
0.4135911166667938
0.4642641544342041
0.41222822666168213
0.8376861810684204
0.17808924615383148
0.7935020923614502
0.28715988993644714
0.019485067576169968
0.4035114049911499
0.22713904082775116
0.09837361425161362
0.3628601133823395
0.6415309906005859
0.7467721700668335
0.6465783715248108
0.23477274179458618
0.6040970683097839
0.16062527894973755
0.2723970413208008
0.43751415610313416
0.694086492061615
0.8614623546600342
0.22080035507678986
0.17535316944122314
0.17958280444145203
0.22993141412734985
0.7717598676681519
0.6339893341064453
0.5427016615867615
0.44922733306884766
0.9367651343345642
0.4627033770084381
0.004331610165536404
0.6654791235923767
0.09854226559400558
0.6617214679718018
0.19138748943805695
0.24765774607658386
0.020398881286382675
0.9621931910514832
0.49230945110321045
0.35364609956741333
0.5090715289115906
0.3963429629802704
0.14104123413562775
0.4020029306411743
0.31434014439582825
0.007809604052454233
0.5913152694702148
0.9519034028053284
0.45554959774017334
0.05327199026942253
0.15345050394535065
0.4456081688404083
0.4661995768547058
0.009669987484812737
0.458254873752594
0.27377647161483765
0.7099510431289673
0.5600314736366272
0.36212870478630066
0.8339517712593079
0.6418991684913635
0.15734632313251495
0.4442221224308014
0.1814580112695694
0.415097177028656
0.24552351236343384
0.008992284536361694
0.963629961013794
0.8353052139282227
0.7723981738090515
0.7786697745323181
0.02458825707435608
0.9315950274467468
0.40642762184143066
0.9236644506454468
0.2670125961303711
0.3158343732357025
0.9077131152153015
0.6015480756759644
0.38541752099990845
0.615711510181427
0.22526243329048157
0.6737332344055176
0.9048276543617249
0.457376629114151
0.7143897414207458
0.837120771408081
0.4886171817779541
0.3585464358329773
0.014338978566229343
0.7109740376472473
0.7438939809799194
0.5127120614051819
0.7259754538536072
0.8518481850624084
0.07406281679868698
0.1881968230009079
0.5333829522132874
0.1369073987007141
0.5042044520378113
0.026180977001786232
0.22890615463256836
0.555459201335907
0.9019796252250671
0.5169013142585754
0.4423488676548004
0.6754675507545471
0.06538937240839005
0.540703535079956
0.29229435324668884
0.9097785353660583
0.8013229966163635
0.5814386606216431
0.5967362523078918
0.3636925518512726
0.9768895506858826
0.05134617164731026
0.9725200533866882
0.86729896068573
0.027971135452389717
0.4244568645954132
0.002618582919239998
0.39402124285697937
0.16430409252643585
0.6579647064208984
0.09097745269536972
0.7051239609718323
0.7228612899780273
0.7468544840812683
0.8992315530776978
0.1482456624507904
0.8764886856079102
0.6068997979164124
0.8394561409950256
0.7528324127197266
0.7392875552177429
0.08651944249868393
0.08013951778411865
0.2936544120311737
0.8443495035171509
0.2042405605316162
0.17589694261550903
0.37047362327575684
0.6783609390258789
0.6839293837547302
0.456575870513916
0.5325482487678528
0.4008174240589142
0.8132092356681824
0.43933767080307007
0.9532744884490967
0.6346790194511414
0.2506549656391144
0.7109187841415405
0.8276459574699402
0.08074068278074265
0.9286644458770752
0.22446903586387634
0.5089753866195679
0.7746492624282837
0.7336190342903137
0.27035075426101685
0.7282646298408508
0.8160517811775208
0.07733922451734543
0.4635305404663086
0.06686960160732269
0.7895863652229309
0.928841769695282
0.6103519201278687
0.0395357608795166
0.11075577139854431
0.7137540578842163
0.07751885801553726
0.10427907854318619
0.9364268779754639
0.5802210569381714
0.8649730682373047
0.9262857437133789
0.5344260334968567
0.10296709835529327
0.2701394855976105
0.5553591847419739
0.5883588790893555
0.31545209884643555
0.8104386925697327
0.9776914119720459
0.994371771812439
0.06119305267930031
0.5478977560997009
0.20558330416679382
0.9062577486038208
0.7573445439338684
0.4622464179992676
0.5755857229232788
0.03459605947136879
0.006858922075480223
0.3600391447544098
0.09731651842594147
0.787200391292572
0.00906785111874342
0.15323984622955322
0.30243003368377686
0.8529542088508606
0.4052964448928833
0.4380978047847748
0.7029321193695068
0.850297749042511
0.513261616230011
0.745765209197998
0.5435450673103333
0.9264670610427856
0.2698201537132263
0.49846503138542175
0.2574385702610016
0.131425678730011
0.49884140491485596
0.1974618285894394
0.5685098767280579
0.7013319134712219
0.2769174873828888
0.5297731161117554
0.9788185358047485
0.31779026985168457
0.001991997705772519
0.02300095744431019
0.5393917560577393
0.3797657787799835
0.9614788889884949
0.753093957901001
0.32444658875465393
0.6005949378013611
0.1845606416463852
0.9861283898353577
0.08765200525522232
0.9196457862854004
0.9317430853843689
0.7005764245986938
0.6062480211257935
0.4053563177585602
0.6037124991416931
0.45482444763183594
0.3838387727737427
0.7673821449279785
0.5696141719818115
0.789534330368042
0.734264612197876
0.9787473678588867
0.4633425176143646
0.9688235521316528
0.3924018144607544
0.7119977474212646
0.7139689326286316
0.4791237413883209
0.09144844114780426
0.028143661096692085
0.8854108452796936
0.25559723377227783
0.28235387802124023
0.08474660664796829
0.33364948630332947
0.6078250408172607
0.3342912197113037
0.6904533505439758
0.12952940165996552
0.9961777925491333
0.3372722268104553
0.838135838508606
0.7855271697044373
0.6517534255981445
0.6574452519416809
0.6848240494728088
0.8491713404655457
0.05894412845373154
0.4051629900932312
0.42598575353622437
0.07512900233268738
0.4599485397338867
0.5165923833847046
0.46901461482048035
0.5246683955192566
0.8734967708587646
0.4106162190437317
0.17924165725708008
0.5306802988052368
0.9019112586975098
0.7972663640975952
0.91496741771698
0.21270844340324402
0.9508053660392761
0.19502456486225128
0.2398674637079239
0.1479230374097824
0.3051012456417084
0.41084641218185425
0.3958696722984314
0.05040368437767029
0.21139368414878845
0.546721875667572
0.8131852149963379
0.36799171566963196
0.19479785859584808
0.7038248777389526
0.8335338830947876
0.2548162043094635
0.1371486485004425
0.6422419548034668
0.6163179278373718
0.6412412524223328
0.9335387349128723
0.6312148571014404
0.851854145526886
0.8724232912063599
0.8277003765106201
0.8237341046333313
0.39185792207717896
0.9259021878242493
0.8841392993927002
0.40916988253593445
0.49130210280418396
0.021519683301448822
0.5168176293373108
0.7975016236305237
0.3323546051979065
0.6982110142707825
0.8208339214324951
0.39421385526657104
0.09099563956260681
0.4660992920398712
0.3262194097042084
0.2755482792854309
0.44390150904655457
0.2459675818681717
0.05350260064005852
0.03693782538175583
0.2540501654148102
0.8092418909072876
0.685129702091217
0.30130815505981445
0.6877646446228027
0.5361552238464355
0.41619518399238586
0.9073039889335632
0.6168017983436584
0.48951590061187744
0.8269016742706299
0.3937642276287079
0.930934727191925
0.7518601417541504
0.10666431486606598
0.7285972237586975
0.8406175971031189
0.7610000967979431
0.8955154418945312
0.38013455271720886
0.4938099980354309
0.7451403141021729
0.6388131976127625
0.7314990162849426
0.360628217458725
0.9932062029838562
0.27797651290893555
0.3427260220050812
0.2823117673397064
0.34927159547805786
0.9652752876281738
0.2519890367984772
0.4677683413028717
0.9800679087638855
0.4837312698364258
0.9071236252784729
0.3964143395423889
0.5222527980804443
0.6651947498321533
0.11409240961074829
0.17385850846767426
0.7009811997413635
0.5306991934776306
0.5194195508956909
0.9878117442131042
0.07989249378442764
0.44329968094825745
0.5563530921936035
0.9660259485244751
0.548732340335846
0.8125006556510925
0.7775065898895264
0.41741976141929626
0.20560020208358765
0.2651236355304718
0.41107502579689026
0.7806326150894165
0.8938562870025635
0.12664274871349335
0.9761531352996826
0.7794767618179321
0.9695509076118469
0.776402473449707
0.28326448798179626
0.16634315252304077
0.6684407591819763
0.9075254797935486
0.543054461479187
0.9295032620429993
0.38604527711868286
0.5846171379089355
0.4836302697658539
0.735368013381958
0.08374574780464172
0.8694254755973816
0.07869791239500046
0.2135854810476303
0.235025092959404
0.8613970279693604
0.20141415297985077
0.013053301721811295
0.7301442623138428
0.9310986399650574
0.805277407169342
0.23354139924049377
0.12475234270095825
0.3354242146015167
0.05666408687829971
0.07529280334711075
0.9604040384292603
0.3436594307422638
0.5965735912322998
0.3098702132701874
0.5866173505783081
0.907675564289093
0.9549686908721924
0.41010236740112305
0.8464520573616028
0.7929591536521912
0.2819654047489166
0.697346568107605
0.1499304622411728
0.4173477590084076
0.6540665030479431
0.050660766661167145
0.7192177176475525
0.3723337948322296
0.0853310078382492
0.9813692569732666
0.7858196496963501
0.47882065176963806
0.5554300546646118
0.379297137260437
0.2066923826932907
0.7324138879776001
0.47988393902778625
0.5840064883232117
0.9398861527442932
0.012534706853330135
0.48638609051704407
0.2406599223613739
0.4414081275463104
0.4888761043548584
0.13757270574569702
0.5634376406669617
0.6558930277824402
0.23559293150901794
0.2834077477455139
0.5056432485580444
0.843812882900238
0.8413274884223938
0.7278492450714111
0.6429258584976196
0.016053857281804085
0.40066516399383545
0.8993872404098511
0.49885669350624084
0.4800763726234436
0.7875022888183594
0.26795494556427
0.6168476343154907
0.06881901621818542
0.043839145451784134
0.6423083543777466
0.7958517670631409
0.6866915822029114
0.9929615259170532
0.5787374973297119
0.40307188034057617
0.5555931329727173
0.7624546885490417
0.6833744645118713
0.27708080410957336
0.014354570768773556
0.40047022700309753
0.9364194869995117
0.7032040953636169
0.3184361755847931
0.5842195749282837
0.9467460513114929
0.5520013570785522
0.3291732370853424
0.6739208102226257
0.7411070466041565
0.5661045908927917
0.4016989469528198
0.09584977477788925
0.4034806191921234
0.7791544795036316
0.31089842319488525
0.9753478765487671
0.5889295935630798
0.5232131481170654
0.8407542109489441
0.5447162985801697
0.7585691213607788
0.0666658952832222
0.37919220328330994
0.2572418451309204
0.07317756861448288
0.31531283259391785
0.44381746649742126
0.660800039768219
0.7882032990455627
0.8686205744743347
0.7567920684814453
0.6353444457054138
0.31088173389434814
0.8497389554977417
0.7330927848815918
0.3857567310333252
0.4338926076889038
0.7744197845458984
0.5715410709381104
0.5285956859588623
0.2857787609100342
0.7852191925048828
0.39773744344711304
0.9898148775100708
0.6466737985610962
0.8522692322731018
0.7215890884399414
0.8563917875289917
0.20429155230522156
0.19269753992557526
0.7595370411872864
0.7296653985977173
0.7947288751602173
0.8159575462341309
0.03584250062704086
0.08339829742908478
0.9114670157432556
0.05255568027496338
0.44190701842308044
0.3842131197452545
0.9006893038749695
0.06141519919037819
0.5497286915779114
0.7018160223960876
0.8461470603942871
0.598967969417572
0.29457712173461914
0.09368068724870682
0.04721007123589516
0.6715481877326965
0.9171968102455139
0.3866170644760132
0.8683778643608093
0.4724564254283905
0.9720315933227539
0.7354955077171326
0.8132355809211731
0.9928746223449707
0.7633510231971741
0.3262977600097656
0.7199057340621948
0.722010612487793
0.09497374296188354
0.967627763748169
0.9763151407241821
0.008076242171227932
0.21482190489768982
0.6114481687545776
0.557722270488739
0.9761118292808533
0.6715327501296997
0.958130955696106
0.9586198329925537
0.8761307597160339
0.5336101651191711
0.8285483121871948
0.3436277508735657
0.7603738307952881
0.6967541575431824
0.9105268716812134
0.7071982622146606
0.03174254670739174
0.46068239212036133
0.02252393215894699
0.5884243845939636
0.2645145356655121
0.32416173815727234
0.7927850484848022
0.46832284331321716
0.058589186519384384
0.7681789994239807
0.26908883452415466
0.02624632976949215
