512 2 3
0
92
446
1
32
222
2
210
421
3
204
459
4
108
140
5
206
220
6
406
409
7
91
318
8
43
170
9
260
293
10
394
445
11
462
479
12
108
335
13
91
190
14
441
474
15
70
281
16
142
247
17
408
434
18
127
285
19
369
371
20
451
486
21
198
463
22
336
341
23
263
372
24
191
205
25
232
442
26
182
421
27
63
81
28
84
499
29
279
464
30
302
376
31
130
149
32
114
255
33
148
189
6
34
357
35
104
287
36
188
191
37
285
311
38
106
357
3
39
189
40
286
317
10
41
216
42
170
435
43
109
227
44
83
326
45
148
500
4
46
473
47
122
368
48
53
165
49
183
442
16
50
377
51
150
422
52
195
229
53
220
491
27
54
396
55
203
225
56
95
135
57
230
411
58
90
182
59
185
326
60
376
443
61
429
460
62
108
169
15
63
361
64
337
369
65
71
402
66
247
386
67
411
497
54
68
464
69
199
266
7
70
465
71
237
441
72
126
489
62
73
349
45
68
74
75
148
385
76
143
352
77
81
183
78
161
234
79
215
337
80
97
339
71
81
368
82
196
329
83
182
448
84
112
142
85
87
331
80
86
341
70
87
155
88
166
211
89
383
395
58
90
479
49
91
198
92
223
361
93
152
467
94
281
370
95
358
459
96
174
346
97
277
360
98
301
388
20
99
339
100
346
508
27
101
326
23
102
273
103
122
378
104
303
417
15
105
469
106
144
433
107
252
390
27
108
196
109
306
458
110
142
246
111
279
498
112
190
369
113
281
395
114
174
414
115
123
172
62
116
452
117
131
172
118
249
266
119
167
455
120
176
214
121
124
381
6
122
362
123
365
467
124
472
499
125
214
471
126
164
302
127
163
359
128
332
336
129
428
431
48
130
371
30
131
309
85
132
483
30
51
133
134
342
481
135
211
441
90
136
486
137
238
370
81
138
448
139
157
403
92
140
397
55
119
141
142
226
403
143
206
250
93
106
144
18
143
145
57
146
483
38
147
434
0
148
166
149
277
428
103
139
150
125
151
199
119
152
429
153
192
422
119
154
445
155
181
424
156
261
330
157
178
206
4
158
162
72
159
334
34
160
319
161
414
503
162
264
357
163
244
509
164
279
327
0
165
264
136
166
179
48
167
313
25
168
258
92
169
184
78
170
350
27
171
476
172
363
431
173
402
423
174
232
496
140
175
419
7
176
476
177
309
426
48
126
178
149
179
308
180
392
485
181
335
400
47
182
416
28
183
228
14
184
219
122
185
471
38
96
186
82
187
354
188
353
449
116
189
495
190
329
471
191
279
299
112
192
345
153
193
198
178
194
249
195
271
434
29
196
289
74
197
299
89
198
411
18
199
213
200
240
510
108
111
201
69
202
270
171
203
423
177
179
204
205
234
408
128
206
254
23
33
207
24
195
208
119
209
367
52
173
210
211
316
327
32
212
329
14
145
213
13
214
353
17
141
215
194
216
346
217
338
369
149
218
500
198
219
280
93
132
220
166
216
221
165
222
481
10
129
223
5
224
483
225
247
302
106
226
342
85
227
307
4
228
386
229
291
491
205
230
399
231
300
473
232
233
433
93
208
233
79
204
234
235
309
454
210
236
315
165
237
420
238
269
296
10
239
500
240
245
355
8
45
241
79
242
433
243
272
494
244
429
458
245
428
510
115
246
339
111
247
386
34
248
303
249
259
428
81
118
250
34
251
449
127
252
422
106
243
253
254
284
485
45
255
292
98
256
412
257
296
407
43
231
258
259
369
390
29
260
405
210
261
322
110
262
414
176
263
339
76
264
466
0
265
266
2
196
266
174
267
294
268
297
386
108
131
269
68
270
464
49
208
271
173
272
459
204
273
323
274
337
491
5
134
275
276
298
299
108
277
406
199
278
323
65
146
279
141
249
280
95
281
503
202
282
432
104
283
384
284
398
511
248
285
493
173
280
286
43
253
287
65
136
288
274
289
428
211
225
290
275
291
372
229
282
292
260
275
293
33
164
294
91
295
418
14
221
296
122
162
297
72
221
298
110
299
368
131
300
376
90
301
494
29
122
302
66
303
427
42
88
304
102
222
305
306
359
433
201
307
393
19
308
462
48
309
420
177
280
310
15
311
483
312
325
472
135
313
472
195
283
314
169
315
478
120
143
316
278
284
317
159
318
451
35
227
319
232
320
509
314
321
379
223
322
499
12
191
323
303
324
331
146
285
325
324
326
495
54
291
327
328
346
432
180
283
329
239
330
377
276
331
466
64
198
332
232
333
384
334
347
367
281
335
444
25
129
336
304
337
416
161
322
338
77
339
402
53
340
484
39
61
341
34
291
342
279
343
465
188
344
487
106
218
345
43
198
346
30
224
347
324
348
495
56
180
349
290
350
476
77
351
483
169
254
352
50
119
353
65
304
354
45
355
505
329
356
439
128
357
471
34
260
358
148
223
359
277
360
474
68
361
470
362
380
434
290
363
504
285
364
457
165
365
477
87
191
366
329
367
511
171
181
368
226
233
369
59
366
370
301
371
430
181
337
372
97
373
484
58
60
374
250
375
420
4
358
376
377
413
496
73
124
378
140
330
379
380
401
468
222
381
488
226
382
447
292
314
383
93
262
384
165
189
385
16
354
386
239
387
389
388
487
497
389
391
497
142
178
390
224
351
391
133
392
436
139
393
475
54
192
394
149
159
395
57
396
424
397
446
454
180
245
398
4
399
461
397
400
436
114
256
401
174
345
402
170
249
403
58
363
404
224
343
405
133
199
406
23
47
407
350
408
470
318
409
478
280
410
506
407
411
489
70
412
430
70
157
413
6
85
414
239
243
415
31
204
416
265
408
417
280
304
418
379
419
465
379
420
488
352
391
421
297
381
422
113
277
423
195
346
424
174
312
425
422
426
450
63
427
485
93
428
430
362
429
471
24
85
430
71
351
431
189
395
432
159
253
433
90
200
434
325
376
435
71
436
454
250
336
437
260
379
438
164
210
439
4
407
440
353
441
492
96
442
480
94
401
443
114
185
444
248
368
445
241
422
446
163
360
447
61
158
448
46
281
449
214
350
450
166
269
451
137
274
452
249
453
467
32
196
454
319
447
455
444
456
484
25
457
469
208
370
458
43
52
459
73
200
460
177
274
461
77
127
462
120
192
463
42
182
464
213
335
465
326
415
466
164
467
495
15
281
468
241
247
469
219
423
470
84
471
501
106
222
472
205
473
479
273
388
474
224
350
475
28
94
476
89
477
486
389
428
478
66
220
479
165
448
480
89
387
481
12
138
482
152
181
483
345
484
500
309
345
485
444
473
486
116
260
487
317
366
488
226
293
489
316
437
490
0
91
491
132
304
492
13
195
493
264
380
494
46
264
495
28
71
496
52
109
497
325
447
498
194
426
499
19
446
500
127
236
501
85
130
502
75
162
503
119
305
504
281
501
505
187
383
506
194
400
507
210
337
508
219
479
509
57
235
510
211
349
511
0.18029145896434784
0.14751213788986206
0.20361220836639404
0.5373526215553284
0.8937429189682007
0.5891730189323425
0.1985895186662674
0.9145300388336182
0.2691712975502014
0.2676624357700348
0.24336594343185425
0.9011463522911072
0.49798619747161865
0.22362077236175537
0.2705085873603821
0.9380606412887573
0.808918297290802
0.9703711867332458
0.7683384418487549
0.4761374890804291
0.004907941445708275
0.8015679121017456
0.6608842611312866
0.8809161186218262
0.1859668642282486
0.3408144414424896
0.2439742535352707
0.8104084730148315
0.3806796371936798
0.29774564504623413
0.45407480001449585
0.43526193499565125
0.3651786148548126
0.3302568793296814
0.2995290160179138
0.3155374825000763
0.8394950032234192
0.7881834506988525
0.340579092502594
0.2727886438369751
0.336101233959198
0.8592120409011841
0.682621419429779
0.6249634027481079
0.4281512498855591
0.6482262015342712
0.2363584041595459
0.7704123258590698
0.40360724925994873
0.019575878977775574
0.1768488883972168
0.5559607148170471
0.7117747068405151
0.14115166664123535
0.36929386854171753
0.46782347559928894
0.2586425840854645
0.44916149973869324
0.10450629144906998
0.6473509073257446
0.9056143760681152
0.9618248343467712
0.06420782953500748
0.9870621562004089
0.3296167850494385
0.7948078513145447
0.3561188578605652
0.9922841787338257
0.7989940047264099
0.1863703429698944
0.5441771149635315
0.15292640030384064
0.896959662437439
0.022715548053383827
0.5537697672843933
0.2704540193080902
0.42514628171920776
0.4760321080684662
0.8408058881759644
0.3759200870990753
0.2715857923030853
0.9067486524581909
0.447433203458786
0.3155422508716583
0.3537918031215668
0.15824198722839355
0.4492035508155823
0.47310736775398254
0.220635786652565
0.2869410514831543
0.4301251769065857
0.1657341569662094
0.3056137263774872
0.94153892993927
0.5437496304512024
0.11144643276929855
0.033757295459508896
0.36017218232154846
0.3369641900062561
0.45746204257011414
0.6850780248641968
0.5263342261314392
0.6272125840187073
0.9170361757278442
0.06977828592061996
0.5003626346588135
0.8501790165901184
0.20940813422203064
0.3833816945552826
0.12590189278125763
0.0016159749357029796
0.33371520042419434
0.5743218660354614
0.8122100234031677
0.14301513135433197
0.5989828109741211
0.5493938326835632
0.8255785703659058
0.9485325813293457
0.9409891963005066
0.11648029088973999
0.9834620952606201
0.9498625993728638
0.5855796337127686
0.4171552360057831
0.5946453213691711
0.7438542246818542
0.18913936614990234
0.2095424234867096
0.5607928037643433
0.5322563648223877
0.7040479183197021
0.23455262184143066
0.8021048903465271
0.9305796027183533
0.8017177581787109
0.34170907735824585
0.9653560519218445
0.5356526374816895
0.8608309626579285
0.4816112816333771
0.024241656064987183
0.45125898718833923
0.426061749458313
0.36963462829589844
0.8055114150047302
0.8378037214279175
0.8186269402503967
0.7576651573181152
0.43542635440826416
0.9279050827026367
0.34342536330223083
0.9307437539100647
0.4338320791721344
0.40739524364471436
0.08365949988365173
0.7493597269058228
0.9608646035194397
0.8666184544563293
0.0023608277551829815
0.7222266793251038
0.1447434276342392
0.3526567816734314
0.43345239758491516
0.8100454807281494
0.6221202611923218
0.1691315621137619
0.5458390712738037
0.5664476752281189
0.6958562135696411
0.8712713718414307
0.4327581524848938
0.38367921113967896
0.6445233821868896
0.9304177165031433
0.9347591996192932
0.17516547441482544
0.5580190420150757
0.3092946708202362
0.9967363476753235
0.058323536068201065
0.6533634066581726
0.5763119459152222
0.870962381362915
0.4739755690097809
0.5670700073242188
0.5337340235710144
0.695522665977478
0.311627060174942
0.7807688117027283
0.08973368257284164
0.22829732298851013
0.9445129036903381
0.5287240147590637
0.7326563596725464
0.0977855771780014
0.6713705062866211
0.19204004108905792
0.30047133564949036
0.07873258739709854
0.26200953125953674
0.8817703127861023
0.4973425567150116
0.2782251238822937
0.6351895928382874
0.3300663232803345
0.8137732744216919
0.4279404580593109
0.11089105904102325
0.6474782228469849
0.6168137192726135
0.29161831736564636
0.9582363367080688
0.4477362632751465
0.4469488561153412
0.8140873908996582
0.5989734530448914
0.12026075273752213
0.6840309500694275
0.6309558749198914
0.813547670841217
0.7838128805160522
0.2395266592502594
0.04531111195683479
0.03869331628084183
0.834597647190094
0.4737114906311035
0.3224864602088928
0.8781106472015381
0.6467710733413696
0.06561905145645142
0.8320282101631165
0.5026769042015076
0.026685627177357674
0.06188533455133438
0.5923686027526855
0.6858164668083191
0.27654922008514404
0.9340581297874451
0.46977606415748596
0.5971649289131165
0.6593115329742432
0.14000774919986725
0.9238343238830566
0.23344725370407104
0.25176286697387695
0.7469663023948669
0.6318811774253845
0.6723678112030029
0.6811054348945618
0.08598289638757706
0.5328058004379272
0.6401187777519226
0.23668412864208221
0.20920144021511078
0.25837263464927673
0.5659732818603516
0.5420274138450623
0.13694404065608978
0.5332866907119751
0.6319870352745056
0.6402191519737244
0.5566705465316772
0.26207640767097473
0.6446487903594971
0.8196103572845459
0.883211612701416
0.34800955653190613
0.5115466117858887
0.6615365743637085
0.050039805471897125
0.031087657436728477
0.48945239186286926
0.4619986414909363
0.9680127501487732
0.23988661170005798
0.30926513671875
0.8457882404327393
0.38466495275497437
0.2030581384897232
0.32891109585762024
0.8573513627052307
0.255910187959671
0.3601130247116089
0.8457065224647522
0.3792096972465515
0.4528385400772095
0.4499945640563965
0.9724202752113342
0.4207441508769989
0.08426236361265182
0.6493731737136841
0.6013251543045044
0.3110973834991455
0.8910790681838989
0.43569546937942505
0.016526831313967705
0.3027234673500061
0.415689617395401
0.5715212225914001
0.7876825928688049
0.2598685324192047
0.7560038566589355
0.5237464904785156
0.11595755070447922
0.32256996631622314
0.551885724067688
0.542771577835083
0.18184231221675873
0.8805295825004578
0.3552030920982361
0.8611534833908081
0.7262935638427734
0.6667931079864502
0.8328766226768494
0.13619378209114075
0.9038567543029785
0.7204200625419617
0.3674777150154114
0.9201930165290833
0.9623239040374756
0.6021073460578918
0.8585159182548523
0.7008668184280396
0.7560853362083435
0.28410497307777405
0.0744265466928482
0.42692509293556213
0.11897469311952591
0.3661612272262573
0.25536665320396423
0.14458146691322327
0.8855815529823303
0.8920926451683044
0.8322389721870422
0.7470020055770874
0.4054071307182312
0.6691837906837463
0.8196853995323181
0.08542194217443466
0.2151988446712494
0.24858587980270386
0.988544762134552
0.057977788150310516
0.045205432921648026
0.2615588307380676
0.5978896021842957
0.9049532413482666
0.46112698316574097
0.2994401752948761
0.38290876150131226
0.30196863412857056
0.8590067028999329
0.8970251679420471
0.9900463819503784
0.7601298689842224
0.09747610241174698
0.5444607138633728
0.9012057781219482
0.8780569434165955
0.5518836975097656
0.03001529723405838
0.9771536588668823
0.07240253686904907
0.8262150883674622
0.10173923522233963
0.07730785757303238
0.8213589191436768
0.4018675982952118
0.959949791431427
0.7603681087493896
0.09055791050195694
0.8213760852813721
0.17699947953224182
0.0687936395406723
0.1289007067680359
0.9801774621009827
0.8424093127250671
0.49636518955230713
0.8484082818031311
0.9531479477882385
0.00807955302298069
0.2406693994998932
0.8262290954589844
0.9359367489814758
0.07693459093570709
0.8287609219551086
0.033447667956352234
0.6924929618835449
0.8351793885231018
0.3456381559371948
0.31253156065940857
0.06853879988193512
0.5522090196609497
0.646260678768158
0.92433762550354
0.22839440405368805
0.4855404794216156
0.05183090642094612
0.43572792410850525
0.7755608558654785
0.6443572640419006
0.7416430711746216
0.3721902072429657
0.4351418614387512
0.7952245473861694
0.4031844735145569
0.3960636556148529
0.8112514019012451
0.8738113045692444
0.3474910855293274
0.3640877604484558
0.2706599831581116
0.40928032994270325
0.24469003081321716
0.11849717050790787
0.34501299262046814
0.1114509105682373
0.9103987216949463
0.72886061668396
0.44307243824005127
0.7332795262336731
0.005081011913716793
0.8078029751777649
0.3665633797645569
0.14550095796585083
0.27144572138786316
0.31851109862327576
0.7607144713401794
0.6387482285499573
0.11719319969415665
0.5939575433731079
0.9440295100212097
0.5375984907150269
0.8805193901062012
0.3722590208053589
0.668501615524292
0.2619422376155853
0.7279028296470642
0.14237569272518158
0.4684385061264038
0.7970004081726074
0.9989209175109863
0.7398749589920044
0.20041507482528687
0.04707697033882141
0.24412566423416138
0.47890153527259827
0.28137505054473877
0.7863145470619202
0.658733606338501
0.16940918564796448
0.8893072009086609
0.6401476860046387
0.3879760205745697
0.7322477698326111
0.14511804282665253
0.5663298964500427
0.9935051798820496
0.03954087197780609
0.45862600207328796
0.3743011951446533
0.7670788764953613
0.8679108023643494
0.5075631141662598
0.15673398971557617
0.9971010088920593
0.6123476624488831
0.9171876907348633
0.5256301164627075
0.5991678237915039
0.7916236519813538
0.3840338885784149
0.19845569133758545
0.9852241277694702
0.612165629863739
0.6433656811714172
0.16432911157608032
0.8405319452285767
0.2440899759531021
0.38089144229888916
0.7886477708816528
0.9230613112449646
0.019691750407218933
0.14489929378032684
0.2641088664531708
0.02574562095105648
0.7289347052574158
0.08635193854570389
0.5764156579971313
0.13414548337459564
0.045950472354888916
0.7423135042190552
0.1384924054145813
0.05017318204045296
0.5762723684310913
0.16136153042316437
0.8888656497001648
0.4775351285934448
0.5443865060806274
0.6028705835342407
0.4224260747432709
0.0966009572148323
0.3352576196193695
0.8528690934181213
0.7231898903846741
0.063478484749794
0.16446243226528168
0.22461798787117004
0.3709380328655243
0.5083410143852234
0.8014750480651855
0.747401237487793
0.021055007353425026
0.7313988208770752
0.3958415985107422
0.7994733452796936
0.6583406329154968
0.4751652479171753
0.39994314312934875
0.664518415927887
0.6420039534568787
0.9851045608520508
0.15661098062992096
0.7745909094810486
0.14331993460655212
0.1745162159204483
0.006532229948788881
0.6164752244949341
0.19562658667564392
0.9062716364860535
0.7525437474250793
0.5296440720558167
0.8005862236022949
0.1295391321182251
0.5485207438468933
0.0571771115064621
0.8766378164291382
0.51303631067276
0.5332585573196411
0.4483432173728943
0.25020110607147217
0.3029351532459259
0.7327570915222168
0.8652653694152832
0.004611884709447622
0.39496326446533203
0.07185085862874985
0.29810625314712524
0.10851623862981796
0.7039834856987
0.07979295402765274
0.3927520513534546
0.13516129553318024
0.4003361761569977
0.44094157218933105
0.055088505148887634
0.31558072566986084
0.7753474116325378
0.3517644703388214
0.15840134024620056
0.33190569281578064
0.8456652164459229
0.5556657910346985
0.011800304055213928
0.7646160125732422
0.05207153037190437
0.8788172006607056
0.33799442648887634
0.27250391244888306
0.9939725995063782
0.22967976331710815
0.2548418641090393
0.0243303794413805
0.6072359681129456
0.9003954529762268
0.6712039113044739
0.6686760783195496
0.26560255885124207
0.4642195701599121
0.3592522442340851
0.8257232904434204
0.37971270084381104
0.5548987984657288
0.8671236634254456
0.13706019520759583
0.6379570364952087
0.37283676862716675
0.3082279562950134
0.28288766741752625
0.4751071631908417
0.5606376528739929
0.6925337314605713
0.27082687616348267
0.8854310512542725
0.906832754611969
0.4534265697002411
0.9708653092384338
0.23981647193431854
0.2608352601528168
0.3324242830276489
0.8780251741409302
0.5038137435913086
0.020877426490187645
0.5033411979675293
0.24786002933979034
0.32263386249542236
0.8092923164367676
0.8963568806648254
0.4571523368358612
0.22996221482753754
0.6344319581985474
0.4383932650089264
0.4004770517349243
0.7256488800048828
0.2480214387178421
0.7002606987953186
0.19811952114105225
0.6237183809280396
0.2805696129798889
0.6176201701164246
0.047288235276937485
0.4458145797252655
0.2064758539199829
0.8307434916496277
0.091068334877491
0.30851203203201294
0.5787211060523987
0.10942376405000687
0.23702023923397064
0.6611446738243103
0.16680076718330383
0.38625234365463257
0.21939802169799805
0.029796702787280083
0.20246437191963196
0.5874037146568298
0.972805917263031
0.15200290083885193
0.7814697623252869
0.9682861566543579
0.7776333093643188
0.8752347826957703
0.5719860196113586
0.5538801550865173
0.49310705065727234
0.5152184963226318
0.9493966698646545
0.6493154168128967
0.5492650270462036
0.22220607101917267
0.33432498574256897
0.6661474108695984
0.19631604850292206
0.8438600301742554
0.5702323317527771
0.436369925737381
0.6494012475013733
0.9223976731300354
0.6382043957710266
0.01703108474612236
0.6444688439369202
0.9478726387023926
0.8968887329101562
0.2727371156215668
0.3169179856777191
0.9639459848403931
0.4149165153503418
0.36409032344818115
0.9035658240318298
0.6783656477928162
0.5196872353553772
0.7047981023788452
0.4898618161678314
0.9357303977012634
0.4010448157787323
0.3527386784553528
0.9563817977905273
0.2241780310869217
0.01724064163863659
0.611301600933075
0.4000944495201111
0.5717677474021912
0.30019745230674744
0.351624459028244
0.7136465311050415
0.2993015646934509
0.32628849148750305
0.45559677481651306
0.31824594736099243
0.8737418055534363
0.7018141746520996
0.07569653540849686
0.7139220833778381
0.48270002007484436
0.9254604578018188
0.8781256079673767
0.04535655677318573
0.8516941666603088
0.7805758118629456
0.9284296035766602
0.2620697021484375
0.9914471507072449
0.6711528301239014
0.29210710525512695
0.792408287525177
0.5580340027809143
0.7168839573860168
0.09639246016740799
0.4203013777732849
0.9917247891426086
0.16464939713478088
0.9929728507995605
0.7773684859275818
0.2763584554195404
0.13080842792987823
0.3727949261665344
0.7121288180351257
0.9966936111450195
0.9777277708053589
0.6577447056770325
0.8953983187675476
0.9471410512924194
0.3780776858329773
0.6734558939933777
0.004486490972340107
0.7412855625152588
0.2638680934906006
0.6678560972213745
0.9093278646469116
0.21662971377372742
0.9615721702575684
0.1840979903936386
0.794938325881958
0.4582083225250244
0.21760082244873047
0.6138879656791687
0.3430483341217041
0.47113385796546936
0.6744770407676697
0.883734405040741
0.5940499901771545
0.7765064239501953
0.016408953815698624
0.9968357086181641
0.3308461606502533
0.8981124758720398
0.3840087950229645
0.9696863889694214
0.45545729994773865
0.7467710971832275
0.8493481874465942
0.8360512852668762
0.9931044578552246
0.720081627368927
0.825233519077301
0.9450781941413879
0.48393771052360535
0.17260055243968964
0.38160133361816406
0.3598306179046631
0.9271125793457031
0.6551383137702942
0.6035817265510559
0.21792761981487274
0.1545771062374115
0.7592947483062744
0.18331138789653778
0.4228987991809845
0.24105161428451538
0.8121776580810547
0.9095377922058105
0.6564459204673767
0.7153485417366028
0.44205042719841003
0.5746721625328064
0.9186534881591797
0.2315382957458496
0.372944176197052
0.1927465945482254
0.33952754735946655
0.4178105890750885
0.2618315815925598
0.1301480531692505
0.8226044774055481
0.5578872561454773
0.9016976356506348
0.49429649114608765
0.11367977410554886
0.7212269306182861
0.4519663155078888
0.864084005355835
0.3581141531467438
0.306245893239975
0.9125882983207703
0.10175322741270065
0.56276535987854
0.2255527526140213
0.545109212398529
0.3152848184108734
0.4142763614654541
0.001391981146298349
0.02211635187268257
0.7721669673919678
0.22084763646125793
0.8686286807060242
0.42528560757637024
0.04800518974661827
0.7621060013771057
0.5081309676170349
0.7633751630783081
0.5732786655426025
0.46230897307395935
0.7559389472007751
0.4160132110118866
0.41408073902130127
0.2648247480392456
0.6551904678344727
0.7161280512809753
0.7381719946861267
0.9978923201560974
0.470359206199646
0.29971593618392944
0.022196168079972267
0.3374524712562561
0.559857964515686
0.5154939293861389
0.10196372121572495
0.5636962056159973
0.5920525193214417
0.07785660028457642
0.5571811199188232
0.2859738767147064
0.6433735489845276
0.5808716416358948
0.5388298630714417
0.536677360534668
0.9468684792518616
0.9649520516395569
0.9486235976219177
0.46665459871292114
0.25561028718948364
0.6435289978981018
0.005243996623903513
0.060371726751327515
0.313435435295105
0.4970081150531769
0.2534125745296478
0.46595531702041626
0.39838090538978577
0.3388013541698456
0.7562929391860962
0.8063618540763855
0.4484652280807495
0.645851731300354
0.36478525400161743
0.026167597621679306
0.08378314971923828
0.9234915375709534
0.6673887372016907
0.17227354645729065
0.8787776231765747
0.4039517045021057
0.7143962383270264
0.10217009484767914
0.1339256316423416
0.6798713803291321
0.9040002822875977
0.9077399969100952
0.21980248391628265
0.43226638436317444
0.3591320514678955
0.9102368950843811
0.5048264861106873
0.39976367354393005
0.7996086478233337
0.7917760014533997
0.5572378039360046
0.37672170996665955
0.29629769921302795
0.7940958738327026
0.8597598075866699
0.4344749450683594
0.5716493725776672
0.9980334043502808
0.22198140621185303
0.5760823488235474
0.864691972732544
0.994387149810791
0.6296098828315735
0.8509818911552429
0.5845641493797302
0.22052161395549774
0.8235052824020386
0.4865037798881531
0.5195674896240234
0.0695081427693367
0.9806448221206665
0.14926983416080475
0.3447067141532898
0.5853757858276367
0.892055869102478
0.5048119425773621
0.4181044399738312
0.7026142477989197
0.024898836389183998
0.7722442150115967
0.26008597016334534
0.1397930234670639
0.22528769075870514
0.8159400224685669
0.47258317470550537
0.7393753528594971
0.30527693033218384
0.05628586560487747
0.6929558515548706
0.6446250677108765
0.17236046493053436
0.30004963278770447
0.13164834678173065
0.4815784692764282
0.11247727274894714
0.8295424580574036
0.41810333728790283
0.5247069597244263
0.2768957018852234
0.5708709359169006
0.9711369872093201
0.5049139857292175
0.8897672891616821
0.6354544162750244
0.37678465247154236
0.8817830085754395
0.3664498031139374
0.3506242632865906
0.9520826935768127
0.2868054509162903
0.1371879279613495
0.045812517404556274
0.6058420538902283
0.70192551612854
0.4671109914779663
0.3367440700531006
0.9870344400405884
0.847502589225769
0.07259023934602737
0.834547758102417
0.29808318614959717
0.7669950127601624
0.9257570505142212
0.18001988530158997
0.992551863193512
0.8288283348083496
0.7434442639350891
0.07832010090351105
0.40896672010421753
0.39163750410079956
0.1785571128129959
0.11061298847198486
0.4718596935272217
0.2665570080280304
0.501916229724884
0.4077832102775574
0.8306841254234314
0.29854682087898254
0.36155611276626587
0.7330955266952515
0.9715677499771118
0.8809165358543396
0.842663049697876
0.23694714903831482
0.19989633560180664
0.8983867764472961
0.15020284056663513
0.09466589242219925
0.46768027544021606
0.9957559704780579
0.31370583176612854
0.16709738969802856
0.5490198135375977
0.37250033020973206
0.9515499472618103
0.9619442820549011
0.5578064322471619
0.18261563777923584
0.22068169713020325
0.16578780114650726
0.9722609519958496
0.5926285982131958
0.0001727517374092713
0.9767614603042603
0.4165991246700287
0.402077317237854
0.4416549801826477
0.3826349377632141
0.7368665337562561
0.9748867154121399
0.8460695147514343
0.5140017867088318
0.8775944113731384
0.5747867822647095
0.12386718392372131
0.1615104228258133
0.004053180571645498
0.7818243503570557
0.3562600612640381
0.6798588633537292
0.8222451210021973
0.09959646314382553
0.7162135243415833
0.42613649368286133
0.9353479146957397
0.22804103791713715
0.8793354034423828
0.5493698120117188
0.04347612336277962
0.3248082101345062
0.1714552342891693
0.6353334784507751
0.11721066385507584
0.061889830976724625
0.6672700643539429
0.8922856450080872
0.28138354420661926
0.3089875876903534
0.8525108098983765
0.25327831506729126
0.14919835329055786
0.43141481280326843
0.09207537025213242
0.8777188062667847
0.7531419396400452
0.06962329894304276
0.50129234790802
0.4853516221046448
0.5727668404579163
0.7626247406005859
0.9479619264602661
0.9295083284378052
0.9321486353874207
0.8278908729553223
0.784035325050354
0.11962758004665375
0.3421931862831116
0.009309346787631512
0.8052557110786438
0.37003907561302185
0.31142690777778625
0.38137882947921753
0.7728328704833984
0.9699339270591736
0.11751165986061096
0.6877812147140503
0.7506728172302246
0.4499494433403015
0.8266186118125916
0.3115491569042206
0.6644002795219421
0.13304772973060608
0.34406235814094543
0.660499632358551
0.1450156718492508
0.7942767143249512
0.9580363035202026
0.9107308387756348
0.609735906124115
0.29567548632621765
0.9574586749076843
0.06579290330410004
0.03968667611479759
0.6584001779556274
0.372692346572876
0.4998725950717926
0.2502763271331787
0.3043040931224823
0.02850249968469143
0.016114020720124245
0.7071315050125122
0.7788178324699402
0.8449182510375977
0.7389091849327087
0.7451456785202026
0.07891722768545151
0.7223463654518127
0.7564389109611511
0.6688202619552612
0.7785369753837585
0.2469116598367691
0.16055762767791748
0.8255066275596619
0.9709159731864929
0.18772603571414948
0.7258861660957336
0.7185813784599304
0.09822500497102737
0.2685317397117615
0.17237494885921478
0.1698879897594452
0.7020428776741028
0.09709768742322922
0.1317528784275055
0.3693867623806
0.7039422392845154
0.508794367313385
0.9202080965042114
0.6368062496185303
0.011981646530330181
0.005453449673950672
0.6734917759895325
0.39388149976730347
0.2339317798614502
0.6714941263198853
0.18890853226184845
0.2426692545413971
0.7888523936271667
0.8526924848556519
0.3589283525943756
0.1047535091638565
0.9296071529388428
0.890683114528656
0.7194913029670715
0.7364341616630554
0.35517770051956177
0.013571753166615963
0.06696582585573196
0.1440504640340805
0.08533184230327606
0.8604611158370972
0.775004506111145
0.37744927406311035
0.8385753035545349
0.6307789087295532
0.5709144473075867
0.8834740519523621
0.970681369304657
0.4403132200241089
0.1473872810602188
0.6658531427383423
0.4266969859600067
0.3450314700603485
0.2435300350189209
0.37480437755584717
0.7788483500480652
0.9985931515693665
0.40658414363861084
0.32467716932296753
0.9322428107261658
0.6036266088485718
0.9338642358779907
0.06474492698907852
0.13251477479934692
0.7495802044868469
0.8847002387046814
0.9309038519859314
0.5285738110542297
0.7375386953353882
0.6624590158462524
0.6991558074951172
0.7614290714263916
0.629811704158783
0.08829579502344131
0.8620859980583191
0.4989456236362457
0.8427677750587463
0.6797776818275452
0.16864407062530518
0.8610588312149048
0.8261653780937195
0.5392670631408691
0.5502201318740845
0.5127197504043579
0.3868045210838318
0.48254555463790894
0.5418949723243713
0.6241369247436523
0.8003248572349548
0.2506192922592163
0.7845244407653809
0.44568100571632385
0.33659201860427856
0.9779242277145386
0.5576702952384949
0.36426666378974915
0.029905326664447784
0.7546904683113098
0.7378801703453064
0.2427966445684433
0.2622714936733246
0.7818554639816284
0.6843140125274658
0.691699206829071
0.9043223261833191
0.6859447956085205
0.4124446213245392
0.30943506956100464
0.9908381104469299
0.9930920004844666
0.48717254400253296
0.28412407636642456
0.9442816376686096
0.1893071085214615
0.5874626636505127
0.4584965705871582
0.3213125169277191
0.7803839445114136
0.8477826714515686
0.07168509066104889
0.3585587739944458
0.48885589838027954
0.5520641207695007
0.9474990367889404
0.08373066782951355
0.4304456412792206
0.6823534965515137
0.009020228870213032
0.14866864681243896
0.12741251289844513
0.8979753255844116
0.921842098236084
0.07827216386795044
0.8497253060340881
0.5720537304878235
0.1705058068037033
0.9512928128242493
0.10262002050876617
0.7359063625335693
0.9707740545272827
0.1438959687948227
0.510955274105072
0.031056055799126625
0.8861340284347534
0.7018166780471802
0.39486923813819885
0.997546911239624
0.2858341336250305
0.8387935161590576
0.40638527274131775
0.41728675365448
0.2804873287677765
0.668653666973114
0.7441051602363586
0.5788464546203613
0.4122897982597351
0.6434666514396667
0.937878429889679
0.03311401605606079
0.4158151149749756
0.041915733367204666
0.49975693225860596
0.37012505531311035
0.25881823897361755
0.5445805191993713
0.9211918115615845
0.27596911787986755
0.9238178133964539
0.6972338557243347
0.9930024743080139
0.7398190498352051
0.841168224811554
0.8243481516838074
0.5828414559364319
0.32242023944854736
0.974286675453186
0.1686575561761856
0.304476261138916
0.8553746342658997
0.38481405377388
0.232456237077713
0.27696770429611206
0.9677414894104004
0.48019808530807495
0.4736589789390564
0.8669264912605286
0.44121748208999634
0.2523249387741089
0.12875688076019287
0.9164339303970337
0.43484053015708923
0.19132313132286072
0.5924340486526489
0.3336559534072876
0.7887755632400513
0.3766894042491913
0.07881196588277817
0.08416597545146942
0.7996679544448853
0.019656451418995857
0.7953599691390991
0.38583436608314514
0.5442258715629578
0.7569831013679504
0.9058535099029541
0.2664851248264313
0.9856786131858826
0.083763487637043
0.3265828788280487
0.6607862114906311
0.9399791359901428
0.9240453839302063
0.042733993381261826
0.2923131287097931
0.18121203780174255
0.035375211387872696
0.7126165628433228
0.07829958945512772
0.37127459049224854
0.36982789635658264
0.4961487948894501
0.5240498781204224
0.6241892576217651
0.7140097618103027
0.6709673404693604
0.8411377668380737
0.22965924441814423
0.4461434781551361
0.9765685796737671
0.5213924646377563
0.9697936177253723
0.6262495517730713
0.0012591580161824822
0.862552285194397
0.9301175475120544
0.4666934907436371
0.7675675749778748
0.809593677520752
0.31622758507728577
0.12991590797901154
0.7559106945991516
0.5761570334434509
0.7721056342124939
0.281385600566864
0.5579304099082947
0.08247534930706024
0.7862635254859924
0.873660683631897
0.3163524568080902
0.2834357023239136
0.2655278742313385
0.6281664967536926
0.5130043625831604
0.45384925603866577
0.7582850456237793
0.6586555242538452
0.9306296706199646
0.29937705397605896
0.5800334811210632
0.5193896889686584
0.6637669205665588
0.3223811089992523
0.24434424936771393
0.478371262550354
0.6180592179298401
0.9169741868972778
0.4526692032814026
0.8515949249267578
0.9068215489387512
0.8464743494987488
0.2886122167110443
0.7157098650932312
0.21413205564022064
0.12296494096517563
0.3231809735298157
0.21933770179748535
0.7989614009857178
0.3856590986251831
0.6749598383903503
0.3041169345378876
0.5161197185516357
0.5453052520751953
0.5118128657341003
0.4494083523750305
0.9490275382995605
0.8074432015419006
0.6053112149238586
0.5493546724319458
0.316373735666275
0.2706599533557892
0.8315297961235046
0.09122487157583237
0.03079909458756447
0.4082690477371216
0.6191326379776001
0.027094373479485512
0.3903290927410126
0.5133904218673706
0.5114080309867859
0.21250618994235992
0.3034563660621643
0.19485658407211304
0.3288295865058899
0.3896203339099884
0.7813815474510193
0.18686364591121674
0.4202636778354645
0.13842305541038513
0.5364218354225159
0.44253939390182495
0.04557420313358307
0.31050947308540344
0.6182584166526794
0.2719259262084961
0.6938328742980957
0.101480633020401
0.4966634511947632
0.9184695482254028
0.8608510494232178
0.6339374780654907
0.2803826630115509
0.3994477689266205
0.34716272354125977
0.29166004061698914
0.16614320874214172
0.24269218742847443
0.5476654767990112
0.3380604684352875
0.884317934513092
0.5419691205024719
0.11460969597101212
0.6009984016418457
0.08377934992313385
0.43364155292510986
0.4428223669528961
0.0028418744914233685
0.832841157913208
0.9391486644744873
0.6163917779922485
0.6654282808303833
0.557315468788147
0.7606088519096375
0.5701156854629517
0.6656721234321594
0.7328753471374512
0.8335115313529968
0.42191237211227417
0.8134990930557251
0.3455926477909088
0.5908560752868652
0.3373313844203949
0.5114948749542236
0.42125895619392395
0.5928268432617188
0.015556754544377327
0.001048314617946744
0.7475003600120544
0.858720600605011
0.7502711415290833
0.9521884918212891
0.43081510066986084
0.2965020537376404
0.7442655563354492
0.9600831866264343
0.48381027579307556
0.4957837462425232
0.3371850848197937
0.2328774631023407
0.9015260934829712
0.2708863317966461
0.20739029347896576
0.7249170541763306
0.4790400564670563
0.35560524463653564
0.4714741110801697
0.06435795873403549
0.43533146381378174
0.8002438545227051
0.5006701946258545
0.6245842576026917
0.6392496228218079
0.24411043524742126
0.02999991364777088
0.2252965122461319
0.5919004082679749
0.15470430254936218
0.9124484658241272
0.7168081402778625
0.9072543978691101
0.39000239968299866
0.5741691589355469
0.5749849677085876
0.1311360001564026
0.6038427352905273
0.9808283448219299
0.22129957377910614
0.996983528137207
0.7069956660270691
0.5966431498527527
0.3026532232761383
0.1452031433582306
0.68674236536026
0.7671691179275513
0.7884070873260498
0.9662071466445923
0.9374448657035828
0.36719149351119995
0.18966983258724213
0.07953961193561554
0.9899319410324097
0.30919715762138367
0.26796138286590576
0.6453178524971008
0.7054032683372498
0.10559952259063721
0.8379595279693604
0.6684640049934387
0.8108686804771423
0.8823899626731873
0.21237173676490784
0.9299037456512451
0.8698530197143555
0.5548555254936218
0.8335338830947876
0.5104172229766846
0.5991379022598267
0.794895589351654
0.003911391831934452
0.4292127192020416
0.7943972945213318
0.12004268169403076
0.5905380845069885
0.8213976621627808
0.3344027101993561
0.08316494524478912
0.7247723937034607
0.38462916016578674
0.6328585147857666
0.9427404999732971
0.17947553098201752
0.36627522110939026
0.9942833781242371
0.5149648189544678
0.32171717286109924
0.30908551812171936
0.9546284079551697
0.6805146336555481
0.2975534498691559
0.5613202452659607
0.638886570930481
0.8832112550735474
0.31941846013069153
0.37539103627204895
0.34034955501556396
0.5747259259223938
0.8635647892951965
0.9079793691635132
0.9734077453613281
0.9672576189041138
0.9413920640945435
0.5068671703338623
0.8913318514823914
0.8713143467903137
0.8933953642845154
0.31746068596839905
0.6160627603530884
0.5953914523124695
0.21272382140159607
0.48063868284225464
0.8855989575386047
0.9979783892631531
0.40454116463661194
0.2942385673522949
0.7174067497253418
0.4560537338256836
0.6164404153823853
0.42684629559516907
0.6744895577430725
0.5218489766120911
0.19392609596252441
0.8609949946403503
0.7481720447540283
0.7266548275947571
0.26790010929107666
0.576835572719574
0.03200607746839523
0.30587872862815857
0.047129806131124496
0.7589943408966064
0.411271870136261
0.028715576976537704
0.49528953433036804
0.8163497447967529
0.00792753417044878
0.006733384914696217
0.5590212941169739
0.9202719330787659
0.1396734118461609
0.39102351665496826
0.5250791311264038
0.9529440402984619
0.7214590907096863
0.8148050904273987
0.6238322257995605
0.7760812044143677
0.2467414140701294
0.1059982031583786
0.11640806496143341
0.49090880155563354
0.38566431403160095
0.9471133351325989
0.173972487449646
0.9983679056167603
0.2842489182949066
0.9038534164428711
0.3817587196826935
0.8279567956924438
0.6533292531967163
0.4053351581096649
0.8895643353462219
0.8962922096252441
0.865929901599884
0.329755038022995
0.24782055616378784
0.305940181016922
0.36925116181373596
0.3330729603767395
0.5372015237808228
0.863505482673645
0.3649287521839142
0.12684714794158936
0.18030931055545807
0.7380287647247314
0.23234979808330536
0.45165175199508667
0.7396225333213806
0.6110247373580933
0.07010774314403534
0.5064168572425842
0.5139978528022766
0.39168986678123474
0.6218836903572083
0.011665437370538712
0.5495755672454834
0.8225705027580261
0.2470615804195404
0.15348973870277405
0.5478033423423767
0.4072282612323761
0.6743546724319458
0.1318700611591339
0.8710625767707825
0.9292411208152771
0.012806969694793224
0.04276237636804581
0.44019657373428345
0.33646705746650696
0.15267980098724365
0.9341367483139038
0.6963933110237122
0.5765746831893921
0.1840449422597885
0.5542168021202087
0.5787435173988342
0.694461464881897
0.617510199546814
0.9366503953933716
0.6417076587677002
0.3032155930995941
0.9691068530082703
0.4318710267543793
0.6462129950523376
0.7719969749450684
0.5947944521903992
0.9243504405021667
0.9777425527572632
0.700323224067688
0.7748614549636841
0.5817863345146179
0.18564529716968536
0.6938318014144897
0.7147798538208008
0.16712839901447296
0.5030367374420166
0.6588444113731384
0.5269219875335693
0.8680106997489929
0.7029491066932678
0.7432525157928467
0.33076411485671997
0.4140375554561615
0.4360184669494629
0.4357101023197174
0.9839285612106323
0.24555186927318573
0.050059761852025986
0.40837353467941284
0.8872555494308472
0.21638886630535126
0.053327757865190506
0.0625370666384697
0.19260719418525696
0.4464018940925598
0.3703997731208801
0.3413274884223938
0.6806167960166931
0.367150217294693
0.9583576321601868
0.4840128719806671
0.187762051820755
0.9456527829170227
0.5686936974525452
0.3005097210407257
0.97024005651474
0.027800725772976875
0.8340572118759155
0.41155335307121277
0.37272366881370544
0.33375412225723267
0.8698965311050415
0.19014692306518555
0.4005463719367981
0.12438012659549713
0.3325144946575165
0.19013258814811707
0.05584748834371567
0.37952956557273865
0.2283877581357956
0.25406795740127563
0.1669864058494568
0.7468034625053406
0.8199272751808167
0.5596634149551392
0.47582170367240906
0.5881401300430298
0.8305920362472534
0.20696693658828735
0.45627546310424805
0.5895965099334717
0.26743513345718384
0.631399393081665
0.44936463236808777
0.7029258608818054
0.7179552316665649
0.1667034924030304
0.09330245852470398
0.8266746401786804
0.8825885653495789
0.2056410312652588
0.03500819951295853
0.9314050078392029
0.5145889520645142
0.08415236324071884
0.1495358943939209
0.05405709147453308
0.20540982484817505
0.5301294922828674
0.24280880391597748
0.35535624623298645
0.4724697768688202
0.44145721197128296
0.8366652131080627
0.9806358218193054
0.004651336930692196
0.48282137513160706
0.03050924278795719
0.1481236219406128
0.4131697416305542
0.596810519695282
0.36579927802085876
0.9958154559135437
0.8928468227386475
0.7713297605514526
0.34195631742477417
0.8929073810577393
0.27636903524398804
0.31479114294052124
0.9808877110481262
0.19775500893592834
0.5988569259643555
0.7880331873893738
0.5126848816871643
0.496942937374115
0.17436175048351288
0.4019887447357178
0.14938950538635254
0.7531498074531555
0.34201475977897644
0.1957850605249405
0.8429480791091919
0.7974341511726379
0.5795368552207947
0.4449656307697296
0.3859403431415558
0.3511967062950134
0.03137168660759926
0.3930981159210205
0.9091575145721436
0.6931250691413879
0.7990472912788391
0.024348311126232147
0.018160171806812286
0.2985599935054779
0.5197926163673401
0.21552181243896484
0.09468064457178116
0.6888929605484009
0.5292807817459106
0.398928165435791
0.06542389839887619
0.7305445075035095
0.1579410582780838
0.768752932548523
0.32937145233154297
0.17283521592617035
0.13028572499752045
0.8404759764671326
0.49526986479759216
0.10748767852783203
0.6659427285194397
0.20995257794857025
0.6991568803787231
0.14071647822856903
0.3896248936653137
0.587196946144104
0.35216647386550903
0.13943949341773987
0.23460234701633453
0.6740440726280212
0.7900881171226501
0.8011751174926758
0.5844549536705017
0.45893171429634094
0.3350420892238617
0.5019376277923584
0.19917777180671692
0.01936914213001728
0.46771177649497986
0.37158089876174927
0.3400571048259735
0.8267129063606262
0.7040772438049316
0.2971544861793518
0.1905239373445511
0.12456589192152023
0.6778270602226257
0.8649887442588806
0.6530049443244934
0.42484980821609497
0.28626593947410583
0.077773317694664
0.03435279801487923
0.8035395741462708
0.03875935822725296
0.27064451575279236
0.19849054515361786
0.38930967450141907
0.49646684527397156
0.17546802759170532
0.6896095275878906
0.41452962160110474
0.7962941527366638
0.19914567470550537
0.37430688738822937
0.32647523283958435
0.9471074938774109
0.27211347222328186
0.39311930537223816
0.00042564040631987154
0.7657474875450134
0.7981223464012146
0.027312148362398148
0.3371138572692871
0.7909670472145081
0.559590220451355
0.9916000366210938
0.26424524188041687
0.7217997312545776
0.3742623031139374
0.6291776299476624
0.4730854034423828
0.16552485525608063
0.3329010009765625
0.9757418632507324
0.7218960523605347
0.03163319081068039
0.3482825458049774
0.9473450779914856
0.6365422606468201
0.8672320246696472
0.5882934927940369
0.11725243180990219
0.7530255913734436
0.6978891491889954
0.6812517642974854
0.919898271560669
0.6637287139892578
0.3378121256828308
0.26896098256111145
0.6320931315422058
0.18761704862117767
0.1696796715259552
0.6716154217720032
0.35983237624168396
0.40762442350387573
0.36045193672180176
0.9234725832939148
0.8493481874465942
0.08392878621816635
0.6408029794692993
0.7574619054794312
0.9574640393257141
0.356227844953537
0.18796078860759735
0.3353901207447052
0.8439785242080688
0.4953693449497223
0.4349200129508972
0.1587575376033783
0.6760746240615845
0.27059057354927063
0.23026201128959656
0.3003934323787689
0.7416706085205078
0.8443368673324585
0.3749520182609558
0.09381793439388275
0.41697144508361816
0.170416459441185
0.7529318928718567
0.5395886898040771
0.9191208481788635
0.8865503072738647
0.6045246124267578
0.33169516921043396
0.9039523601531982
0.17267732322216034
0.882713794708252
0.6503201723098755
0.8582326173782349
0.5198862552642822
0.00041438944754190743
0.39886194467544556
0.4274965524673462
0.9345350861549377
0.5633058547973633
0.49493086338043213
0.18824262917041779
0.9209744930267334
0.31265023350715637
0.15991979837417603
0.891366720199585
0.47672632336616516
0.18377825617790222
0.411941260099411
0.9889678359031677
0.22714786231517792
0.23327836394309998
0.1484089344739914
0.07434621453285217
0.9742843508720398
0.8207017183303833
0.3178447186946869
0.19665168225765228
0.3499613404273987
0.5698986053466797
0.3722238540649414
0.0931282714009285
0.7418696284294128
0.3871745467185974
0.15120109915733337
0.02899165078997612
0.5590203404426575
0.9902175664901733
0.13371625542640686
0.36110273003578186
0.5046567320823669
0.1984114944934845
0.5891082882881165
0.5877252221107483
0.8426439166069031
0.5823385715484619
0.12059998512268066
0.596529483795166
0.023489946499466896
0.64938884973526
0.1760105937719345
0.18841703236103058
0.34611180424690247
0.711515486240387
0.061208613216876984
0.39656490087509155
0.9484288096427917
0.37580591440200806
0.5271214246749878
0.6832406520843506
0.05286499112844467
0.7864370942115784
0.9010423421859741
0.8455420136451721
0.11855864524841309
0.873828113079071
0.6372678279876709
0.9576652646064758
0.6638506054878235
0.6816639304161072
0.06524351239204407
0.10736837983131409
0.3852962851524353
0.8727785348892212
0.14033383131027222
0.6928746700286865
0.3939954340457916
0.7680768370628357
0.47778239846229553
0.5930211544036865
0.7067682147026062
0.7922719120979309
0.6374308466911316
0.8692457675933838
0.4941333532333374
0.595388650894165
0.47537413239479065
0.7003002762794495
0.9339509010314941
0.9169999361038208
0.15670931339263916
0.6510175466537476
0.8140802979469299
0.22335167229175568
0.8026828169822693
0.9693782925605774
0.666326105594635
0.07816783338785172
0.851678729057312
0.6375910639762878
0.48363402485847473
0.05997117608785629
0.30091267824172974
0.4646309018135071
0.444600909948349
0.44309890270233154
0.08892703056335449
0.009095506742596626
0.20048882067203522
0.9730846285820007
0.6135960221290588
0.33885839581489563
0.6774011254310608
0.6844601035118103
0.2981761693954468
0.28476476669311523
0.8802173137664795
0.7189384698867798
0.8261854648590088
0.8970486521720886
0.04535265266895294
0.1679670810699463
0.24606817960739136
0.8302524089813232
0.5408765077590942
0.22208371758460999
0.1862037628889084
0.6486476063728333
0.545383632183075
0.15831048786640167
0.7710705995559692
0.9734588265419006
0.07601211965084076
0.019933482632040977
0.8759834170341492
0.6075109839439392
0.253582626581192
0.7242305278778076
0.9145067930221558
0.9833570718765259
0.048299312591552734
0.5728417634963989
0.8173471689224243
0.8937357664108276
0.8737829327583313
0.8854171633720398
0.7978269457817078
0.4607219099998474
0.6325434446334839
0.9352375268936157
0.048237644135951996
0.15972210466861725
0.42861494421958923
0.9726223349571228
0.20704980194568634
0.6648463606834412
0.19069945812225342
0.1968938112258911
0.7266107797622681
0.38020557165145874
0.18952611088752747
0.7350484728813171
0.8056126832962036
0.5842357873916626
0.1053609549999237
0.39841267466545105
0.5204914808273315
0.5356711745262146
0.12045764923095703
0.46430492401123047
0.9028060436248779
0.9553649425506592
0.38208526372909546
0.5151204466819763
0.5997962951660156
0.927818775177002
0.6184630990028381
0.2122332602739334
0.24745593965053558
0.6120182871818542
0.03733076900243759
0.8527621030807495
0.8388556241989136
0.0067152949050068855
0.8196486830711365
0.8071884512901306
0.38465946912765503
0.009022283367812634
0.4442388415336609
0.2925099730491638
0.3902476131916046
0.446890652179718
0.5927662253379822
0.5610637664794922
0.9195087552070618
0.40546488761901855
0.09454788267612457
0.9051180481910706
0.2993224859237671
0.342908650636673
0.7677587270736694
0.9972134828567505
0.3045709729194641
0.8930832147598267
0.258399099111557
0.6658216714859009
0.48624396324157715
0.07222341001033783
0.4600168466567993
0.6754977107048035
0.34329330921173096
0.4656714200973511
0.3816983103752136
0.9819322824478149
0.25781571865081787
0.6208861470222473
0.30725204944610596
0.4884415566921234
0.26712873578071594
0.6632273197174072
0.12926238775253296
0.6575644016265869
0.5172166228294373
0.8736671805381775
0.38440069556236267
0.138955220580101
0.3123731315135956
0.5361399054527283
0.276248574256897
0.42885681986808777
0.40205898880958557
0.8934946060180664
0.4935256540775299
0.8084152340888977
0.17201238870620728
0.49510321021080017
0.8786018490791321
0.12897057831287384
0.9762123823165894
0.2638780176639557
0.5243755578994751
0.7926045060157776
0.17993274331092834
0.6484965682029724
0.7827304601669312
0.3535124361515045
0.04946976155042648
0.6181222200393677
0.41707155108451843
0.48363903164863586
0.773549497127533
0.13253872096538544
0.10378529876470566
0.2731909453868866
0.45931458473205566
0.005396922118961811
0.6737464070320129
0.032553281635046005
0.12165843695402145
0.8657827973365784
0.7085933089256287
0.20696482062339783
0.01198432594537735
0.48445335030555725
0.6380591988563538
0.6449009776115417
0.27561497688293457
0.2350706160068512
0.861530601978302
0.6950762271881104
0.23062919080257416
0.47569146752357483
0.16263824701309204
0.8017339110374451
0.30252397060394287
0.0944918617606163
0.8175504803657532
0.3432859778404236
0.2126784324645996
0.33100461959838867
0.9087205529212952
0.4613964557647705
0.659163773059845
0.21958133578300476
0.011132863350212574
0.7135373950004578
0.029178906232118607
0.8049429655075073
0.6683438420295715
0.16876792907714844
0.04376422241330147
0.8081302642822266
0.1476876586675644
0.5514467358589172
0.048291850835084915
0.6042567491531372
0.870925784111023
0.05551875755190849
0.8973811864852905
0.9998300671577454
0.6701737642288208
0.6275222897529602
0.2432379126548767
0.19670739769935608
0.7609798312187195
0.8979519009590149
0.9868836998939514
0.10478443652391434
0.12190379202365875
0.9790736436843872
0.5480465888977051
0.06561993807554245
0.6861081719398499
0.7261322736740112
0.13656052947044373
0.3793632686138153
0.22881031036376953
0.418643057346344
0.8825045824050903
0.7970156669616699
0.5058206915855408
0.05942898243665695
0.020785005763173103
0.5979818105697632
0.3028884530067444
0.19161632657051086
0.9486827254295349
0.3775355815887451
0.28946274518966675
0.04105464741587639
0.662366509437561
0.102267324924469
0.9970425963401794
0.8520215153694153
0.5983237028121948
0.03674215078353882
0.3198232054710388
0.037544555962085724
0.6529124975204468
0.028420832008123398
0.7332543134689331
0.947637140750885
0.7020512819290161
0.4333730936050415
0.7640291452407837
0.7216992974281311
0.24697022140026093
0.9275086522102356
0.2538059651851654
0.142777681350708
0.7469199895858765
0.46479538083076477
0.012188793160021305
0.7058727145195007
0.020403258502483368
0.05704701319336891
0.2193099707365036
0.7073019742965698
0.6070209741592407
0.38864389061927795
0.2753649055957794
0.18748323619365692
0.05208592861890793
0.7654672265052795
0.2696964740753174
0.178878054022789
0.9066950678825378
0.10735587775707245
0.6390457153320312
0.3169219195842743
0.7913041114807129
0.41323938965797424
0.3942362070083618
0.943371057510376
0.08763422071933746
0.8714228272438049
0.7104743123054504
0.8007938861846924
0.2492101788520813
0.185250923037529
0.04900200292468071
0.41782552003860474
0.4761286675930023
0.5057823657989502
0.7414563894271851
0.5913975238800049
0.17256063222885132
0.0958055630326271
0.17916132509708405
0.7193636894226074
0.2467728853225708
0.4755684435367584
0.04415717348456383
0.7461592555046082
0.06868328899145126
0.5499326586723328
0.5293863415718079
0.04562288895249367
0.9219024777412415
0.7014363408088684
0.5739867091178894
0.8968719244003296
0.0716533362865448
0.8571486473083496
0.34353283047676086
0.16111549735069275
0.7920038104057312
0.9459538459777832
0.2850842773914337
0.6651608943939209
0.8151151537895203
0.2971625328063965
0.014414501376450062
0.841162383556366
0.2185913324356079
0.9050460457801819
0.14691680669784546
0.4335988759994507
0.8977577686309814
0.0949244499206543
0.28783950209617615
0.6606550216674805
0.17915096879005432
0.9275125861167908
0.013920956291258335
0.19996434450149536
0.3337516784667969
0.022818641737103462
0.9332835674285889
0.15465718507766724
0.37716877460479736
0.30169224739074707
0.833203911781311
0.6701176762580872
0.17643728852272034
0.3791113495826721
0.42872169613838196
0.9905948042869568
0.8642937541007996
0.6344341039657593
0.05680389329791069
0.9135245680809021
0.27389848232269287
0.9811755418777466
0.9390154480934143
0.7953581809997559
0.9285086393356323
0.28578317165374756
0.33381831645965576
0.35217607021331787
0.2615737318992615
0.9694420099258423
0.3047439455986023
0.9419096112251282
0.9655657410621643
0.07117628306150436
0.13603362441062927
0.9162725210189819
0.8992348313331604
0.19902513921260834
0.531448245048523
0.697979748249054
0.8498659133911133
0.5332595705986023
0.9450015425682068
0.7176640033721924
0.40905827283859253
0.8434127569198608
0.42099663615226746
0.6187410950660706
0.8960566520690918
0.9658896327018738
0.4922528564929962
0.13489769399166107
0.9566318392753601
0.3638402819633484
0.20583678781986237
0.06758315116167068
0.46102115511894226
0.05987381190061569
0.8222881555557251
0.7604091167449951
0.32683297991752625
0.9366223216056824
0.04903159290552139
0.013709391467273235
0.7364478707313538
0.4505661129951477
0.052299320697784424
0.2745820879936218
0.618902325630188
0.6816511750221252
0.9287678599357605
0.8431099057197571
0.43256762623786926
0.414340078830719
0.0792803168296814
0.9093120098114014
0.6114945411682129
0.20175966620445251
0.07999499887228012
0.11553096026182175
0.11679326742887497
0.3558744192123413
0.7504758834838867
0.419461190700531
0.17667356133460999
0.6443302035331726
0.035137418657541275
0.2422756850719452
0.2431255728006363
0.8316787481307983
0.3984754681587219
0.9273086190223694
0.8483133316040039
0.31584233045578003
0.1607860028743744
0.8934897184371948
0.21779216825962067
0.5576158761978149
0.9116485714912415
0.7591084837913513
0.6017230153083801
0.11558162420988083
0.6910860538482666
0.7054930925369263
0.9998856782913208
0.23303502798080444
0.2401372194290161
0.5797832012176514
0.8813418745994568
0.629619836807251
0.1632356345653534
0.965100109577179
0.5526652932167053
0.4457656443119049
0.26839157938957214
0.571357786655426
0.9503629803657532
0.9922194480895996
0.3433338403701782
0.9555581212043762
0.19040228426456451
0.7406026721000671
0.42630499601364136
0.15913505852222443
0.2525671422481537
0.14428269863128662
0.22889217734336853
0.02611551433801651
0.06266729533672333
0.8411998748779297
0.9987009763717651
0.867804765701294
0.27401113510131836
0.4790121912956238
0.5414022207260132
0.7307872176170349
0.13095661997795105
0.21740081906318665
0.07637283205986023
0.7691860198974609
0.5510827302932739
0.19088324904441833
0.2555674612522125
0.731066882610321
0.9367210865020752
0.5582093000411987
0.47119641304016113
0.24994993209838867
0.7023171186447144
0.34802499413490295
0.561601459980011
0.9446825981140137
0.022421618923544884
0.11346778273582458
0.6247904896736145
0.21817532181739807
0.5963634252548218
0.8238871097564697
0.19034966826438904
0.7127659916877747
0.4041987359523773
0.38807186484336853
0.783327043056488
0.065827377140522
0.6242837905883789
0.7563124299049377
0.19431395828723907
0.5358024835586548
0.3507293164730072
0.9426840543746948
0.3845483958721161
0.3451840281486511
0.1419142484664917
0.9286640286445618
0.06178054213523865
0.6684815883636475
0.8519894480705261
0.46261969208717346
0.751352071762085
0.6436868906021118
0.6779780983924866
0.6047322750091553
0.4265364408493042
0.8405468463897705
0.8290113806724548
0.019744712859392166
0.11131133884191513
0.21409273147583008
0.11475347727537155
0.509894847869873
0.8014353513717651
0.27945852279663086
0.5461533665657043
0.08431028574705124
0.28485870361328125
0.6496827602386475
0.7834460735321045
0.9881590604782104
0.4692215323448181
0.8625099658966064
0.922002911567688
0.7328957915306091
0.7454630136489868
0.47301697731018066
0.9796491265296936
0.212558776140213
0.6893950700759888
0.8318796753883362
0.4348094165325165
0.13170607388019562
0.42254096269607544
0.1505955308675766
0.33671462535858154
0.08808425813913345
0.5416553020477295
0.7144621014595032
0.3721354305744171
0.9066195487976074
0.9231243133544922
0.1387374997138977
0.7812384963035583
0.5742815136909485
0.4938797056674957
0.2763124406337738
0.8238843083381653
0.08199978619813919
0.35694044828414917
0.12656717002391815
0.6546540260314941
0.3710072934627533
0.03657695651054382
0.9457614421844482
0.6486314535140991
0.45966705679893494
0.10810676962137222
0.1976659744977951
0.09120524674654007
0.005738167557865381
0.7893686294555664
0.26135560870170593
0.9088537096977234
0.5701990723609924
0.4198811650276184
0.8062490224838257
0.5439409613609314
0.8807789087295532
0.8018665909767151
0.9451658129692078
0.4959423542022705
0.060540810227394104
0.7841606140136719
0.4421161711215973
0.8044731616973877
0.3045726418495178
0.6835349202156067
0.2747298777103424
0.15002726018428802
0.19054201245307922
0.8847900629043579
0.1903650462627411
0.1511160433292389
0.5398727655410767
0.35844069719314575
0.9717638492584229
0.49001938104629517
0.4867504835128784
0.38426774740219116
0.47141844034194946
0.4366642236709595
0.16406531631946564
0.8432337641716003
0.1630164533853531
0.7130753397941589
0.1556856632232666
0.1751909703016281
0.9032369256019592
0.6830113530158997
0.635395348072052
0.3685353398323059
0.580922544002533
0.3417126536369324
0.7389954924583435
0.19031433761119843
0.471174955368042
0.09248662739992142
0.8251028060913086
0.7087447643280029
0.19736117124557495
0.09251381456851959
0.8174475431442261
0.9637715220451355
0.7414289116859436
0.6323684453964233
0.3755628764629364
0.008923230692744255
0.6517665982246399
0.9126590490341187
0.9900794625282288
0.9255375266075134
0.32092514634132385
0.8288313150405884
0.8451408743858337
0.458198219537735
0.6418781876564026
0.15739041566848755
0.41325315833091736
0.5567026734352112
0.37972450256347656
0.8907899260520935
0.8599013686180115
0.7013677358627319
0.7920224070549011
0.28266626596450806
0.32145097851753235
0.6094856262207031
0.926620602607727
0.09008129686117172
0.5877324938774109
0.27807921171188354
0.7862028479576111
0.005678360816091299
0.8626435399055481
0.8659250140190125
0.4560220539569855
0.6427604556083679
0.5519976019859314
0.17288777232170105
0.6345890760421753
0.8648971319198608
0.9410275816917419
0.9293210506439209
0.2618468999862671
0.2911462187767029
0.7562844753265381
0.12094197422266006
0.15992943942546844
0.34304267168045044
0.08443617075681686
0.037077028304338455
0.47988176345825195
0.43045175075531006
0.8740748763084412
0.1849593073129654
0.5892678499221802
0.7086825966835022
0.11012329161167145
0.29639312624931335
0.6280797123908997
0.42781955003738403
0.01692209206521511
0.4827341139316559
0.7932884097099304
0.040206681936979294
0.19024533033370972
0.18876710534095764
0.2588707208633423
0.6588898301124573
0.7695961594581604
0.5875605940818787
0.4199995696544647
0.928558349609375
0.25713762640953064
0.31291916966438293
0.6304842829704285
0.7027987241744995
0.542452335357666
0.024964705109596252
0.3112017810344696
0.09077993035316467
0.4426616132259369
0.6550077795982361
0.019642986357212067
0.7427942156791687
0.9869197010993958
0.33444154262542725
0.8806825876235962
0.6751571893692017
0.2915431559085846
0.8065674901008606
0.5367887020111084
0.4030376672744751
0.6158017516136169
0.008704490959644318
0.9591696262359619
0.8766616582870483
0.0701075866818428
0.48279500007629395
0.4760805070400238
0.2968030869960785
0.17859935760498047
0.25800031423568726
0.31473270058631897
0.37805333733558655
0.11636222153902054
0.6877914071083069
0.9856836199760437
0.42043501138687134
0.13275472819805145
0.6973563432693481
0.19455257058143616
0.1554996222257614
0.7684338688850403
0.7333008050918579
0.458830326795578
0.36110833287239075
0.4975499212741852
0.5726843476295471
0.46244296431541443
0.41865289211273193
0.3654668927192688
0.8003271222114563
0.6564686298370361
0.08919621258974075
0.08691909164190292
0.8210557699203491
0.8148500919342041
0.8953019380569458
0.4006619453430176
0.3878297209739685
0.44841378927230835
0.9620055556297302
0.09987607598304749
0.7674025893211365
0.9977847337722778
0.5727213025093079
0.34921032190322876
0.7788490653038025
0.003556129988282919
0.23675677180290222
0.3395846486091614
0.8691434264183044
0.6033756136894226
0.9488887190818787
0.21196359395980835
0.184529110789299
0.3369155824184418
0.03590578958392143
0.726288378238678
0.17017661035060883
0.20453013479709625
0.7526178956031799
0.2505008280277252
0.8398169875144958
0.2659708261489868
0.6455730199813843
0.06661160290241241
0.3599894642829895
0.4742385745048523
0.7243647575378418
0.5676063299179077
0.9058907628059387
0.5824159979820251
0.5226218700408936
0.09282485395669937
0.32695990800857544
0.8700330257415771
0.9154485464096069
0.6993977427482605
0.6511864066123962
0.42941462993621826
0.7504766583442688
0.3006773293018341
0.4349575638771057
0.9219365119934082
0.8479674458503723
0.4954681992530823
0.7629255652427673
0.9402128458023071
0.8698216676712036
0.2369372695684433
0.466399222612381
0.9305008053779602
0.19743886590003967
0.6341156363487244
0.736039400100708
0.36323660612106323
0.06501607596874237
0.18513178825378418
0.190560981631279
0.04846346378326416
0.08454849570989609
0.3094177842140198
0.43988582491874695
0.566628098487854
0.440731942653656
0.9770300388336182
0.4270373582839966
0.33798521757125854
0.42933985590934753
0.4102025628089905
0.6950277090072632
0.4186919629573822
0.9277157187461853
0.36901360750198364
0.753526508808136
0.8354991674423218
0.4675208032131195
0.2150474190711975
0.3217218816280365
0.8933302760124207
0.06664939224720001
0.99491947889328
0.7999997735023499
0.8283922076225281
0.9241706132888794
0.9482242465019226
0.00846962258219719
0.3866099417209625
0.01910834200680256
0.39755043387413025
0.9221208095550537
0.38458961248397827
0.5866719484329224
0.17487458884716034
0.24672213196754456
0.6072221398353577
0.3861594498157501
0.8376612067222595
0.2260792851448059
0.6926907896995544
0.2567965090274811
0.057241667062044144
0.07323295623064041
0.8478418588638306
0.06953316926956177
0.9440226554870605
0.5626179575920105
0.6497853398323059
0.8775830268859863
0.0766541138291359
0.9453345537185669
0.014607144519686699
0.9014511704444885
0.9605218172073364
0.06536799669265747
0.05264170840382576
0.25504037737846375
0.6374518275260925
0.28597575426101685
0.8117204308509827
0.4967460334300995
0.08340877294540405
0.0443817600607872
0.4366394877433777
0.7566215395927429
0.6313133835792542
0.29094579815864563
0.3066025376319885
0.23940780758857727
0.47820401191711426
0.4333299696445465
0.3857061266899109
0.3967413306236267
0.8489813208580017
0.17732517421245575
0.3117978572845459
0.17593541741371155
0.40832895040512085
0.9898263812065125
0.8644093871116638
0.9410649538040161
0.9273571968078613
0.34285104274749756
0.20450493693351746
0.3048710823059082
0.9109534025192261
0.03929268568754196
0.8906317353248596
0.06967080384492874
0.6747649312019348
0.3989000618457794
0.9730818867683411
0.773726224899292
0.7865055799484253
0.23269617557525635
0.9963480830192566
0.360541433095932
0.5328165888786316
0.9792588353157043
0.7502538561820984
0.1604454219341278
0.6157964468002319
0.5219460129737854
0.25903189182281494
0.8317754864692688
0.9324777126312256
0.5513975024223328
0.06635140627622604
0.8971284031867981
0.22851264476776123
0.9185016751289368
0.4064069986343384
0.2957497835159302
0.32814621925354004
0.18008378148078918
0.5659806132316589
0.9316658973693848
0.27562493085861206
0.03121083602309227
0.17216439545154572
0.6719830632209778
0.5181506276130676
0.8574333786964417
0.40615230798721313
0.9433571696281433
0.5260205864906311
0.18080343306064606
0.12421281635761261
0.04085390642285347
0.9325914978981018
0.6823387742042542
0.9622370004653931
0.7329587936401367
0.21723712980747223
0.09595787525177002
0.4670637547969818
0.9312835335731506
0.8219926953315735
0.5736925601959229
0.5163013935089111
0.2202865034341812
0.02199506014585495
0.744271993637085
0.40491983294487
0.9540218114852905
0.01488007977604866
0.06057807058095932
0.7842245697975159
0.7247097492218018
0.0248116347938776
0.655916690826416
0.9712554812431335
0.7237887382507324
0.10767463594675064
0.26002010703086853
0.13924142718315125
0.820574939250946
0.3651675283908844
0.20795446634292603
0.4473169147968292
0.8283098936080933
0.15654490888118744
0.8711636066436768
0.47102299332618713
0.010038296692073345
0.33470675349235535
0.5785999298095703
0.181778222322464
0.5661942958831787
0.6026322245597839
0.9532076120376587
0.7046027183532715
0.6749716997146606
0.454515665769577
0.3716820776462555
0.3869096040725708
0.05831524357199669
0.11871019005775452
0.1306203305721283
0.03558417782187462
0.4319137632846832
0.9690386652946472
0.0698961466550827
0.07528875768184662
0.09236510097980499
0.9868221282958984
0.09923674911260605
0.8006886839866638
0.17047838866710663
0.11870456486940384
0.7752046585083008
0.002343154978007078
0.5051766633987427
0.1535125970840454
0.9026323556900024
0.7688213586807251
0.49748989939689636
0.6849658489227295
0.13580322265625
0.30800917744636536
0.6357683539390564
0.5760542154312134
0.6442347168922424
0.9162499904632568
0.7240087389945984
0.8992476463317871
0.271939218044281
0.28109946846961975
0.13297690451145172
0.8860557675361633
0.8818233013153076
0.9808213114738464
0.044668469578027725
0.12922388315200806
0.8500137329101562
0.2033427357673645
0.18901591002941132
0.8255325555801392
0.5322127342224121
0.34602633118629456
0.7363804578781128
0.46403712034225464
0.9647336006164551
0.41417646408081055
0.48987987637519836
0.08367139101028442
0.5567605495452881
0.5060511231422424
0.17643147706985474
0.0624462254345417
0.02504229173064232
0.6661810278892517
0.3178103268146515
0.9612553119659424
0.9752131104469299
0.9577300548553467
0.10184871405363083
0.5428752899169922
0.7238443493843079
0.41204461455345154
0.44246843457221985
0.7478708028793335
0.46503376960754395
0.2368575632572174
0.3086076080799103
0.4816872477531433
0.7702728509902954
0.3219206631183624
0.0192906241863966
0.4740316569805145
0.11009091138839722
0.795181930065155
0.1419966220855713
0.26928555965423584
0.6346863508224487
0.6622827649116516
0.7385655641555786
0.4088667035102844
0.16938969492912292
0.0954546257853508
0.4998937249183655
0.7742804288864136
0.8853430151939392
0.9899005889892578
0.6981396675109863
0.9248855710029602
0.6464924812316895
0.12253183871507645
0.7574633359909058
0.3247562050819397
0.030120914801955223
0.0634184330701828
0.768659234046936
0.5012308955192566
0.1191297173500061
0.3137548565864563
0.3609079122543335
0.8703271746635437
0.664913535118103
0.9549899101257324
0.17902600765228271
0.9036043882369995
0.1080302819609642
0.6787703633308411
0.5001556277275085
0.8549910187721252
0.12463777512311935
0.3662344515323639
0.5288270711898804
0.9543523192405701
0.11273711919784546
0.6208273768424988
0.79443359375
0.3941233456134796
0.05786718428134918
0.013240287080407143
0.08847226202487946
0.6642248034477234
0.8072279691696167
0.17467322945594788
0.5103504657745361
0.8779246807098389
0.3303394913673401
0.7826436758041382
0.8297650814056396
0.5493874549865723
0.8318654894828796
0.5091979503631592
0.9538050889968872
0.9460495114326477
0.10579439252614975
0.07852502912282944
0.058723513036966324
0.5210117101669312
0.9312396049499512
0.5158781409263611
0.045637521892786026
0.6025485396385193
0.28166601061820984
0.10549311339855194
0.41247448325157166
0.6379861235618591
0.7566415667533875
0.023103734478354454
0.6983857750892639
0.652080774307251
0.5279499888420105
0.2118174433708191
0.004266421776264906
0.05622541531920433
0.2447991520166397
0.19413445889949799
0.49724820256233215
0.9254713654518127
0.6269834041595459
0.009462058544158936
0.5283855199813843
0.2018865942955017
0.7624552249908447
0.49274760484695435
0.9456851482391357
0.7969785332679749
0.44074875116348267
0.94102942943573
0.5646958947181702
0.10383942723274231
0.14726541936397552
0.48653075098991394
0.4852744936943054
0.021032866090536118
0.5714907646179199
0.7229061126708984
0.053845006972551346
0.7919347286224365
0.569636344909668
0.08803892135620117
0.9714404940605164
0.24563835561275482
0.17912733554840088
0.8940336108207703
0.9788413047790527
0.7163479328155518
0.9785628914833069
0.5957906246185303
0.7836076617240906
0.22401732206344604
0.07904540747404099
0.7079911231994629
0.5095604658126831
0.07464268058538437
0.42528700828552246
0.4344007968902588
0.7717024087905884
0.94020015001297
0.8855147957801819
0.887228786945343
0.9817962050437927
0.7307279706001282
0.4653968811035156
0.6391499638557434
0.6467918753623962
0.6068852543830872
0.6016849279403687
0.0334184505045414
0.3461419939994812
0.31525227427482605
0.12162403762340546
0.2531154453754425
0.3704291880130768
0.19352057576179504
0.3525814414024353
0.36003080010414124
0.31020447611808777
0.8896628022193909
0.8067658543586731
0.4473022520542145
0.3917391002178192
0.3031506836414337
0.8466571569442749
0.04968106001615524
0.4760446548461914
0.7828295230865479
0.5470525026321411
0.32436928153038025
0.49221569299697876
0.20211033523082733
0.6090497970581055
0.2183046042919159
0.8100203275680542
0.7704657912254333
0.028139561414718628
0.9471563100814819
0.3031021058559418
0.356358140707016
0.2559206187725067
0.17420193552970886
0.966886579990387
0.6708276867866516
0.569032609462738
0.23561067879199982
0.7379291653633118
0.029310714453458786
0.8599445819854736
0.36035028100013733
0.540890097618103
0.7827073931694031
0.7878637313842773
0.3546988070011139
0.20840315520763397
0.5090331435203552
0.9898898005485535
0.2902078926563263
0.13794921338558197
0.6434581875801086
0.48709163069725037
0.11747078597545624
0.32385003566741943
0.8868210911750793
0.3070843815803528
0.22153738141059875
0.4363357126712799
0.6944392919540405
0.5405471920967102
0.30619919300079346
0.4123602509498596
0.7175727486610413
0.36215105652809143
0.744162917137146
0.6895899772644043
0.18627291917800903
0.3369405269622803
0.17504410445690155
0.47136232256889343
0.8381415009498596
0.12776505947113037
0.2248390167951584
0.6185173988342285
0.8885526657104492
0.27647092938423157
0.6344978213310242
0.10831256210803986
0.5416476726531982
0.8546850085258484
0.8324881792068481
0.45270273089408875
0.744005560874939
0.7729416489601135
0.10642515122890472
0.9418754577636719
0.44044604897499084
0.4951063394546509
0.4094904661178589
0.545815646648407
0.43903079628944397
0.3448038101196289
0.9809808135032654
0.6793025732040405
0.588763415813446
0.8754622340202332
0.9084877371788025
0.7271077632904053
0.6280714869499207
0.571667492389679
0.13360153138637543
0.6620892286300659
0.06501317769289017
0.37881654500961304
0.8261398673057556
0.05950818210840225
0.05064396187663078
0.0363335981965065
0.013794795610010624
0.14781911671161652
0.11121886968612671
0.738011360168457
0.9189663529396057
0.12493526935577393
0.40349435806274414
0.5357640385627747
0.690458357334137
0.5014899969100952
0.8563196659088135
0.24976012110710144
0.08188853412866592
0.5793906450271606
0.9177830219268799
0.7557351589202881
0.11842209100723267
0.42540842294692993
0.4525531530380249
0.40590789914131165
0.5600517392158508
0.4665367901325226
0.6041779518127441
0.7984667420387268
0.41176536679267883
0.5827822685241699
0.6217387914657593
0.9579933881759644
0.4096318781375885
0.30084046721458435
0.2097541093826294
0.9829181432723999
0.2631741166114807
0.2949411869049072
0.10074105858802795
0.7680142521858215
0.38282230496406555
0.3790290653705597
0.8342424631118774
0.18279142677783966
0.34776952862739563
0.6843347549438477
0.36662375926971436
0.6796573996543884
0.03630789741873741
0.12017067521810532
0.7181945443153381
0.2352948933839798
0.24087177217006683
0.7542983293533325
0.1146785318851471
0.5480206608772278
0.1620790660381317
0.08235877752304077
0.18094763159751892
0.5181378126144409
0.9901959300041199
0.3908410370349884
0.5230944752693176
0.7061752676963806
0.0964040532708168
0.1736232489347458
0.9878917932510376
0.5341823697090149
0.06692276149988174
0.09411443769931793
0.25986385345458984
0.2435995638370514
0.3001929223537445
0.8917474746704102
0.4242302477359772
0.9685685634613037
0.11953066289424896
0.33386778831481934
0.033937305212020874
0.3944232165813446
0.5331485867500305
0.7145488262176514
0.9669743180274963
0.13081148266792297
0.9472771286964417
0.6752611398696899
0.25133776664733887
0.28017306327819824
0.4786321520805359
0.18999208509922028
0.6462215185165405
0.6088358759880066
0.41918066143989563
0.9769717454910278
0.8850271105766296
0.011029260233044624
0.6357224583625793
0.938276469707489
0.11038266867399216
0.518764853477478
0.9548330903053284
0.24876311421394348
0.9979204535484314
0.8326655030250549
0.5774832963943481
0.5749490857124329
0.31999874114990234
0.6448622345924377
0.47524064779281616
0.9999428391456604
0.6627587080001831
0.4713423550128937
0.0187088530510664
0.3593027591705322
0.9914357662200928
0.037064068019390106
0.8601062893867493
0.18081055581569672
0.9580868482589722
0.9113729000091553
0.43581876158714294
0.42519474029541016
0.1468750387430191
0.5371389985084534
0.21731403470039368
0.09418706595897675
0.8361590504646301
0.743080198764801
0.7033445835113525
0.7128080725669861
0.8870701193809509
0.028650186955928802
0.7260875105857849
0.38500913977622986
0.6949071884155273
0.1535140424966812
0.7950843572616577
0.3217964172363281
0.6561560034751892
0.3483067750930786
0.1374843716621399
0.5201917290687561
0.8697960376739502
0.20182070136070251
0.009911172091960907
0.6558918356895447
0.5392574667930603
0.0561867356300354
0.377505898475647
0.5550455451011658
0.10679256170988083
0.9245030283927917
0.7119012475013733
0.8333892822265625
0.6888145208358765
0.793946385383606
0.571979284286499
0.036555420607328415
0.4696841537952423
0.9397324919700623
0.269070029258728
0.5520052313804626
0.7013418674468994
0.502941906452179
0.20255376398563385
0.9349146485328674
0.25307324528694153
0.2648656368255615
0.14638946950435638
0.7389118671417236
0.8810091018676758
0.6135928630828857
0.2737429440021515
0.6159539818763733
0.7915769815444946
0.006730726920068264
0.21937617659568787
0.10701458901166916
0.6154284477233887
0.3648243248462677
0.6117997765541077
0.9618021845817566
0.35021647810935974
0.450475811958313
0.8282561302185059
0.9870020747184753
0.38594651222229004
0.8444008231163025
0.4140024185180664
0.8672552704811096
0.4522431194782257
0.1252709925174713
0.8312085866928101
0.912297785282135
0.7201216816902161
0.39313650131225586
0.4676394462585449
0.7416228652000427
0.5669270753860474
0.11060216277837753
0.4025484025478363
0.772213876247406
0.20255164802074432
0.19219587743282318
0.02030559629201889
0.5893010497093201
0.45414769649505615
0.8083733916282654
0.12016035616397858
0.42353400588035583
0.4506024718284607
0.6092691421508789
0.4746618866920471
0.29177743196487427
0.48032474517822266
0.9039430022239685
0.2280850112438202
0.008997593075037003
0.759543240070343
0.6804453134536743
0.6135308742523193
0.9090359807014465
0.8850607872009277
0.6999059319496155
0.880616307258606
0.2572445571422577
0.2832757234573364
0.9300910234451294
0.1108870655298233
0.9779610633850098
0.45198914408683777
0.19834206998348236
0.6340876817703247
0.6733120083808899
0.1345752328634262
0.2818290889263153
0.9066943526268005
0.937525749206543
0.2622993588447571
0.9842184782028198
0.007965086959302425
0.7649121880531311
0.686998724937439
0.5785278081893921
0.7887671589851379
0.6101539134979248
0.759118378162384
0.8411647081375122
0.05374748259782791
0.22400131821632385
0.07263169437646866
0.5774533748626709
0.6247342228889465
0.7797421216964722
0.010060195811092854
0.025488944724202156
0.7551905512809753
0.8518633246421814
0.18932239711284637
0.8641524314880371
0.9417713284492493
0.17144854366779327
0.70257568359375
0.18899370729923248
0.9691281318664551
0.012092246674001217
0.5735837817192078
0.3414440155029297
0.8899376392364502
0.3181619644165039
0.5065091252326965
0.02082991786301136
0.8145435452461243
0.9600710868835449
0.026503492146730423
0.5593832731246948
0.39490506052970886
0.10048484802246094
0.16345266997814178
0.45528489351272583
0.14772461354732513
0.03783119097352028
0.2325001358985901
0.9712907075881958
0.8389251828193665
0.09172695130109787
0.09812410175800323
0.5486621260643005
0.87754887342453
0.3302343785762787
0.45896849036216736
0.3108177185058594
0.9974411129951477
0.031131476163864136
0.7948510050773621
0.5818135738372803
0.46746698021888733
0.16841533780097961
0.9635226726531982
0.023678483441472054
0.5784774422645569
0.8814077973365784
0.06060648337006569
0.6585070490837097
0.2420426309108734
0.07528725266456604
0.6427298188209534
0.6849270462989807
0.3682195544242859
0.03071736916899681
0.17028725147247314
0.07285840809345245
0.5244019627571106
0.18729384243488312
0.7068132758140564
0.8679994940757751
0.540891706943512
0.10570088773965836
0.17868539690971375
0.7601550221443176
0.9838935136795044
0.038618482649326324
0.6997171640396118
0.3390182554721832
0.8969302177429199
0.09882885217666626
0.5108669996261597
0.8015277981758118
0.41624706983566284
0.941586971282959
0.6871716976165771
0.5810272693634033
0.6682026386260986
0.46550291776657104
0.6919010281562805
0.5089982151985168
0.4647856652736664
0.2734355330467224
0.24350813031196594
0.2206200808286667
0.2499070018529892
0.15072190761566162
0.9881963729858398
0.3053342401981354
0.8359339833259583
0.2985784709453583
0.5312018394470215
0.6676117181777954
0.9769589304924011
0.6954445838928223
0.9603580832481384
0.20885036885738373
0.362297385931015
0.40541011095046997
0.928641140460968
0.7452659010887146
0.320492148399353
0.23199081420898438
0.8110336065292358
0.5895613431930542
0.3822523057460785
0.6776538491249084
0.3829553425312042
0.8748917579650879
0.5237022638320923
0.8174113035202026
0.07502198964357376
0.5706313848495483
0.6093752980232239
0.8928840756416321
0.9082948565483093
0.7758910655975342
0.0003385856107342988
0.14129826426506042
0.7462705373764038
0.5918349027633667
0.7628806233406067
0.0766352117061615
0.4906480312347412
0.5405046343803406
0.06223578006029129
0.6439749002456665
0.5796751379966736
0.9680824279785156
0.3733968436717987
0.9016409516334534
0.7760803699493408
0.03519017621874809
0.9806047677993774
0.8993536233901978
0.00012561774929054081
0.2777631878852844
0.4149407148361206
0.45149731636047363
0.1264161914587021
0.42115285992622375
0.05475304648280144
0.049523402005434036
0.17219656705856323
0.4549279510974884
0.04336214438080788
0.6676998138427734
0.5825948119163513
0.9645551443099976
0.5156047344207764
0.5976732969284058
0.012542067095637321
0.12903206050395966
0.3825644552707672
0.9656224250793457
0.7474302053451538
0.924502968788147
0.2712973356246948
0.4714161455631256
0.947268009185791
0.23604540526866913
0.1356775313615799
0.37408357858657837
0.4647243618965149
0.40246090292930603
0.09340891242027283
0.11826293170452118
0.3998401165008545
0.4594583809375763
0.1091788187623024
0.8044686317443848
0.9441508650779724
0.18331147730350494
0.8816944360733032
0.9024887084960938
0.9183577299118042
0.32490411400794983
0.6195448637008667
0.0915646106004715
0.6682307720184326
0.9784548282623291
0.3644511103630066
0.4684651792049408
0.10897349566221237
0.08517810702323914
0.03928785398602486
0.27087920904159546
0.9367536902427673
0.7567406296730042
0.6372120976448059
0.5244082808494568
0.9539299607276917
0.06302112340927124
0.05758151784539223
0.31020233035087585
0.13230687379837036
0.4478745460510254
0.149199977517128
0.2266458123922348
0.052780602127313614
0.36518311500549316
0.9386158585548401
0.9826856851577759
0.5402399301528931
0.7306509017944336
0.3946547508239746
0.28762349486351013
0.8158254027366638
0.667102038860321
0.33612900972366333
0.6414863467216492
0.6862159371376038
0.2643788456916809
0.20496885478496552
0.7006097435951233
0.26834535598754883
0.04990372061729431
0.008935208432376385
0.9575310945510864
0.31140658259391785
0.6289193630218506
0.8952115774154663
0.37289193272590637
0.4866740107536316
0.8747619390487671
0.6070807576179504
0.8581833839416504
0.29616960883140564
0.32132047414779663
0.26895657181739807
0.7739916443824768
0.1812535971403122
0.7056620121002197
0.16840216517448425
0.3127951920032501
0.6862084269523621
0.7567815184593201
0.28783732652664185
0.26580968499183655
0.6285592913627625
0.21337389945983887
0.4854498505592346
0.5128769278526306
0.9709483981132507
0.17710205912590027
0.22206443548202515
0.841678261756897
0.44659623503685
0.16349203884601593
0.2087332010269165
0.00954393483698368
0.6084235906600952
0.7616992592811584
0.8668859004974365
0.614197850227356
0.4329967498779297
0.30334120988845825
0.18556919693946838
0.5722573399543762
0.7577735781669617
0.16830244660377502
0.6552494168281555
0.7108463644981384
0.9016457796096802
0.6537021398544312
0.16228485107421875
0.9532337784767151
0.20878277719020844
0.6350042819976807
0.8627414703369141
0.9622313976287842
0.5934939980506897
0.5194616913795471
0.4381844699382782
0.6407517790794373
0.6110391020774841
0.8184543251991272
0.004771363455802202
0.01140271220356226
0.6795485019683838
0.66648268699646
0.30734169483184814
0.1293565332889557
0.46490368247032166
0.33096030354499817
0.8368355631828308
0.18635493516921997
0.45453062653541565
0.9957771897315979
0.2393023818731308
0.4135519862174988
0.813671350479126
0.48313260078430176
0.44532984495162964
0.41355282068252563
0.6121996641159058
0.13879989087581635
0.08564373850822449
0.7763262987136841
0.6859015226364136
0.022722577676177025
0.8554621338844299
0.7932757139205933
0.5921509265899658
0.4243890643119812
0.06631603091955185
0.7497401237487793
0.4547528028488159
0.6920538544654846
0.03339577838778496
0.12370042502880096
0.9481458067893982
0.7319746017456055
0.9468113780021667
0.6240946054458618
0.4525558054447174
0.09690146893262863
0.7746840715408325
0.8080687522888184
0.7393712997436523
0.5979446172714233
0.80209881067276
0.6101071238517761
0.8969910740852356
0.9927553534507751
0.7138356566429138
0.8184237480163574
0.012134453281760216
0.8073066473007202
0.4760843813419342
0.96030193567276
0.34764164686203003
0.6757841110229492
0.7003066539764404
0.0006118728197179735
0.2006325125694275
0.9834081530570984
0.4840266704559326
0.7308976054191589
0.8271451592445374
0.2637668550014496
0.4951220750808716
0.22246046364307404
0.19038748741149902
0.5339888334274292
0.6389832496643066
0.4239991307258606
0.6761751770973206
0.149237722158432
0.585347056388855
0.060933563858270645
0.9623258113861084
0.7616943120956421
0.9459080696105957
0.8996849656105042
0.22543257474899292
0.21806590259075165
0.28668373823165894
0.4945659041404724
0.07621962577104568
0.8964070677757263
0.6751652956008911
0.7242099642753601
0.13389718532562256
0.42167168855667114
0.06291328370571136
0.6534534096717834
0.6458653807640076
0.6855068802833557
0.24191996455192566
0.8990017175674438
0.9465304017066956
0.411825954914093
0.34509894251823425
0.6977152228355408
0.9692354202270508
0.03561786934733391
0.34428465366363525
0.6979714035987854
0.7503036856651306
0.6202921271324158
0.48670142889022827
0.019265981391072273
0.36537498235702515
0.2737223505973816
0.853205144405365
0.7566283941268921
0.48176005482673645
0.4976828694343567
0.6290210485458374
0.44220665097236633
0.7066439986228943
0.034278761595487595
0.9809502959251404
0.882574200630188
0.13698962330818176
0.0010749576613307
0.40403881669044495
0.8776659369468689
0.7438490390777588
0.28908804059028625
0.5183618068695068
0.7534213066101074
0.7266075611114502
0.28290820121765137
0.5370596647262573
0.5930534601211548
0.38842007517814636
0.5506972670555115
0.06878063082695007
0.4545747935771942
0.33742856979370117
0.1321294754743576
0.986679196357727
0.761179506778717
0.7497527599334717
0.7743579745292664
0.4215336740016937
0.10964009165763855
0.3960028290748596
0.8804997205734253
0.03327098861336708
0.16623470187187195
0.5868569016456604
0.4969318211078644
0.04452334716916084
0.6203179359436035
0.31705737113952637
0.6063107848167419
0.18813319504261017
0.49511903524398804
0.8264257311820984
0.4583631753921509
0.13597893714904785
0.5774222016334534
0.793785035610199
0.3263028562068939
0.7471694946289062
0.07847586274147034
0.6776490211486816
0.11978726089000702
0.8167631030082703
0.5614965558052063
0.3960568606853485
0.00412002531811595
0.9418407678604126
0.7539105415344238
0.7847287058830261
0.173150897026062
0.2853030860424042
0.4249245524406433
0.9095063209533691
0.7946823835372925
0.07035975158214569
0.7028713822364807
0.26887163519859314
0.15980640053749084
0.023784486576914787
0.6275408267974854
0.09263257682323456
0.6812554597854614
0.4487672448158264
0.3894047439098358
0.014049005694687366
0.7275025248527527
0.844368577003479
0.15352743864059448
0.7181822061538696
0.35595670342445374
0.9988946914672852
0.8242302536964417
0.9327288269996643
0.5227004885673523
0.34086447954177856
0.012181268073618412
0.7016233801841736
0.07692836225032806
0.6085192561149597
0.14233210682868958
0.8579465746879578
0.7798957824707031
0.9504041075706482
0.2763783633708954
0.21999591588974
0.315877228975296
0.11840604990720749
0.6817272305488586
0.6181204915046692
0.9782425761222839
0.7187057137489319
0.8201603293418884
0.47810956835746765
0.6669766902923584
0.6153297424316406
0.8876675367355347
0.8870725631713867
0.5749275088310242
0.06908699870109558
0.40706777572631836
0.9087038040161133
0.36415109038352966
0.4288704991340637
0.5232744812965393
0.5215611457824707
0.5032507181167603
0.31549742817878723
0.6366651654243469
0.03043707273900509
0.9819275736808777
0.44717058539390564
0.830666184425354
0.06345061957836151
0.9181379079818726
0.006016201805323362
0.2037755697965622
0.8022974729537964
0.18475162982940674
0.2569250166416168
0.46214887499809265
0.610528826713562
0.28393059968948364
0.2851172089576721
0.961750328540802
0.11318562179803848
0.5599955320358276
0.7499282360076904
0.5551686882972717
0.8712719678878784
0.04562244564294815
0.7264551520347595
0.8909947276115417
0.606979250907898
0.488219290971756
0.5907528400421143
0.022370297461748123
0.25265321135520935
0.8236798644065857
0.6491827368736267
0.22208139300346375
0.3342711329460144
0.0560525581240654
0.13992300629615784
0.8869320154190063
0.04933658614754677
0.612154483795166
0.2394481599330902
0.5868499875068665
0.6605887413024902
0.7742486596107483
0.3043918013572693
0.7855095267295837
0.5725448727607727
0.05501636117696762
0.3597274124622345
0.8118457198143005
0.8403648734092712
0.5242714285850525
0.7497550845146179
0.5767043232917786
0.21307839453220367
0.8959775567054749
0.3206201493740082
0.6930016279220581
0.5813525915145874
0.12538687884807587
0.2581174373626709
0.7220240235328674
0.935554563999176
0.5494815111160278
0.26945871114730835
0.17636309564113617
0.37271296977996826
0.6152002215385437
0.6257016658782959
0.1789553165435791
0.7462213039398193
0.9958427548408508
0.8112947940826416
0.47553545236587524
0.6764485239982605
0.7881842255592346
0.3804870843887329
0.18500420451164246
0.5284497737884521
0.10308660566806793
0.5795645713806152
0.5593127608299255
0.15744836628437042
0.4578469395637512
0.9230847358703613
0.1571052074432373
0.7537421584129333
0.2645571529865265
0.10975772142410278
0.7683970928192139
0.8658266663551331
0.06143205240368843
0.36792099475860596
0.09066714346408844
0.3714936375617981
0.7607067227363586
0.7041823863983154
0.30908215045928955
0.49576666951179504
0.4543708860874176
0.04630184918642044
0.6966869235038757
0.9442238807678223
0.52679044008255
0.25635620951652527
0.11752353608608246
0.8680564761161804
0.21877996623516083
0.7413739562034607
0.8009495139122009
0.8444892764091492
0.8684954643249512
0.40113475918769836
0.7933026552200317
0.059958551079034805
0.7232842445373535
0.28266817331314087
0.30999937653541565
0.05983110889792442
0.007203107699751854
0.1030614823102951
0.6361275315284729
0.12249740958213806
0.8286083936691284
0.2602292001247406
0.6396071910858154
0.9833710193634033
0.7038053274154663
0.7383327484130859
0.8463680744171143
0.39346152544021606
0.9805115461349487
0.776059091091156
0.5088927149772644
0.18256370723247528
0.5277151465415955
0.4867943227291107
0.06853632628917694
0.5628857612609863
0.18656392395496368
0.6671743392944336
0.05823628231883049
0.9658892154693604
0.19554728269577026
0.8274973034858704
0.5333911180496216
0.9044778347015381
0.14204342663288116
0.9777342677116394
0.5985827445983887
0.7228755354881287
0.8571996688842773
0.272702693939209
0.46496909856796265
0.5941507816314697
0.9024131298065186
0.8549543619155884
0.08700720220804214
0.6854518055915833
0.41949397325515747
0.35151493549346924
0.7349253296852112
0.8743776679039001
0.5609342455863953
0.4343588948249817
0.14888587594032288
0.932283878326416
0.2113969475030899
0.5924535393714905
0.7839041352272034
0.5432275533676147
0.20621557533740997
0.34051692485809326
0.10336854308843613
0.9428542256355286
0.6903521418571472
0.8953596949577332
0.3162080645561218
0.6230940818786621
0.3475513160228729
0.629675567150116
0.9245578050613403
0.9581165909767151
0.20709212124347687
0.6701653003692627
0.09189546853303909
0.5776997804641724
0.2833644449710846
0.12877410650253296
0.2004094123840332
0.3733243942260742
0.8678059577941895
0.684715747833252
0.7586284279823303
0.15473155677318573
0.8132485151290894
0.8197216987609863
0.8513225317001343
0.9998105764389038
0.6878620386123657
0.8051698803901672
0.5467642545700073
0.20892693102359772
0.3879753649234772
0.6828179359436035
0.68958979845047
0.9754998683929443
0.7085822820663452
0.7058866024017334
0.6095572710037231
0.42801913619041443
0.619083046913147
0.6922896504402161
0.8827760815620422
0.22325830161571503
0.0718436986207962
0.1641591489315033
0.3306790888309479
0.6499255299568176
0.13928894698619843
0.2786523103713989
0.8846099972724915
0.495458722114563
0.4428090751171112
0.33096152544021606
0.002303899032995105
0.8559826612472534
0.5238951444625854
0.5552980899810791
0.567530632019043
0.44071802496910095
0.15752312541007996
0.19554130733013153
0.44229257106781006
0.7474347949028015
0.3200434744358063
0.18933528661727905
0.8287661075592041
0.2525254487991333
0.7806283831596375
0.2876218259334564
0.25027692317962646
0.7564257383346558
0.3385232090950012
0.7376703023910522
0.8077083230018616
0.08722411841154099
0.9084465503692627
0.48397526144981384
0.9152593612670898
0.6244702339172363
0.8573622703552246
0.4099574685096741
0.33828482031822205
0.09341876208782196
0.4217482805252075
0.7631378173828125
0.7817632555961609
0.044379379600286484
0.16984671354293823
0.35518917441368103
0.9321776628494263
0.5150662660598755
0.3959445357322693
0.9442846179008484
0.28922802209854126
0.44010284543037415
0.5572954416275024
0.3895476460456848
0.24091830849647522
0.008917841129004955
0.9138216376304626
0.30078256130218506
0.3436751067638397
0.20238354802131653
0.9253308773040771
0.22847753763198853
0.7788307666778564
0.8372670412063599
0.43231239914894104
0.6773266792297363
0.9224430322647095
0.27008703351020813
0.3941611349582672
0.18531277775764465
0.16291548311710358
0.016363851726055145
0.43055498600006104
0.4895854890346527
0.3560599088668823
0.10021772235631943
0.6231058835983276
0.6159509420394897
0.8583399057388306
0.5906236171722412
0.8716991543769836
0.6029971837997437
0.4186791181564331
0.5173995494842529
0.7877851724624634
0.8762966394424438
0.2787187695503235
0.8496599793434143
0.017238231375813484
0.258874773979187
0.1662372648715973
0.032023586332798004
0.13885624706745148
0.15576766431331635
0.2986293435096741
0.44506949186325073
0.383646160364151
0.9003798961639404
0.9985620975494385
0.4302607774734497
0.008679186925292015
0.29773691296577454
0.137859508395195
0.004027281887829304
0.8706994652748108
0.42241132259368896
0.17650137841701508
0.7989286780357361
0.4211209714412689
0.4959685802459717
0.3748747408390045
0.9475929141044617
0.3321273922920227
0.30000677704811096
0.5419978499412537
0.28708118200302124
0.5115348100662231
0.5263189077377319
0.3790878653526306
0.7917433381080627
0.9144772887229919
0.4073989689350128
0.11902561783790588
0.06354504823684692
0.8067501783370972
0.3730214238166809
0.03578827157616615
0.3206811249256134
0.18019752204418182
0.1305127590894699
0.5269368886947632
0.1400260627269745
0.7879728078842163
0.18079495429992676
0.7551689743995667
0.15134522318840027
0.33262795209884644
0.13093732297420502
0.6703786253929138
0.1881849318742752
0.8321459889411926
0.7469143867492676
0.6072996258735657
0.12624788284301758
0.38580313324928284
0.10590065270662308
0.729675829410553
0.2603030204772949
0.7816059589385986
0.8643863797187805
0.9939190745353699
0.3642284572124481
0.10264749825000763
0.4540071189403534
0.5007063746452332
0.18462491035461426
0.7900946736335754
0.14465828239917755
0.2150852531194687
0.7425915002822876
0.5914766788482666
0.13438384234905243
0.915556788444519
0.2278866022825241
0.02824690379202366
0.26448261737823486
0.1482023149728775
0.8629883527755737
0.5669760704040527
0.5018609762191772
0.0759495347738266
0.6323932409286499
0.7838236689567566
0.3611471652984619
0.6407991647720337
0.17391909658908844
0.4427523612976074
0.4805375337600708
0.8710502982139587
0.5098086595535278
0.8323890566825867
0.8381193280220032
0.5614444017410278
0.5531102418899536
0.4496874213218689
0.6933075785636902
0.44352760910987854
0.6061018705368042
0.9965448379516602
0.444614976644516
0.11204793304204941
0.30099740624427795
0.646648645401001
0.9038172364234924
0.5661386251449585
0.9255819916725159
0.40069735050201416
0.15590903162956238
0.9252468943595886
0.8767642974853516
0.18003007769584656
0.1951449066400528
0.924845278263092
0.9423560500144958
0.8582000732421875
0.7604240775108337
0.7456728219985962
0.7379018664360046
0.6180069446563721
0.15508675575256348
0.8881280422210693
0.4454323649406433
0.8116210699081421
0.5964904427528381
0.38522031903266907
0.899285614490509
0.28889885544776917
0.2910352647304535
0.9932498335838318
0.661761462688446
0.6285704970359802
0.024186264723539352
0.5642491579055786
0.14002981781959534
0.012114590965211391
0.7562060356140137
0.8129298686981201
0.487987756729126
0.7588086724281311
0.11716223508119583
0.8172865509986877
0.1558040827512741
0.8745608329772949
0.0163502749055624
0.7076781988143921
0.45238667726516724
0.01764688827097416
0.8926218748092651
0.9494446516036987
0.1994704157114029
0.8109442591667175
0.38180914521217346
0.9570878744125366
0.14729176461696625
0.980373203754425
0.1817535161972046
0.0019252231577411294
0.3329448401927948
0.39741745591163635
0.8596126437187195
0.28081992268562317
0.8783490657806396
0.9052735567092896
0.8884772658348083
0.2922597825527191
0.9758732914924622
0.5502839684486389
0.29803165793418884
0.030329495668411255
0.6810320615768433
0.6759288311004639
0.49882930517196655
0.5392705202102661
0.9975879788398743
0.29115432500839233
0.8458511829376221
0.23797941207885742
0.4755273461341858
0.1766788512468338
0.9059546589851379
0.44370123744010925
0.2390853464603424
0.3666285574436188
0.7367860674858093
0.3561602830886841
0.24804773926734924
0.5034462213516235
0.7616588473320007
0.8778281211853027
0.7299135327339172
0.1539286971092224
0.025260018184781075
0.5518488883972168
0.24859191477298737
0.5564730167388916
0.7403499484062195
0.7907499074935913
0.7876022458076477
0.28745320439338684
0.3305281400680542
0.06442071497440338
0.5685351490974426
0.4797895550727844
0.15737585723400116
0.16705235838890076
0.5413812398910522
0.371652752161026
0.6311562061309814
0.0020617665722966194
0.2746164798736572
0.26308852434158325
0.6467868089675903
0.009151780046522617
0.38235923647880554
0.8790748119354248
0.09671777486801147
0.9564666748046875
0.40370890498161316
0.706914484500885
0.7639366388320923
0.33182066679000854
0.49427804350852966
0.9465680122375488
0.5706847906112671
0.12782463431358337
0.2694650888442993
0.2642063796520233
0.525840163230896
0.9496511220932007
0.07265886664390564
0.0853193998336792
0.959482729434967
0.19093726575374603
0.8746339082717896
0.14760445058345795
0.17213095724582672
0.6695001721382141
0.5391647219657898
0.8396767377853394
0.05530005693435669
0.6785141825675964
0.8109650015830994
0.2968018352985382
0.25759410858154297
0.6525200009346008
0.45973727107048035
0.5718212127685547
0.7508792281150818
0.4693555533885956
0.43536898493766785
0.38984164595603943
0.8343856334686279
0.2968235909938812
0.5430899858474731
0.9537304043769836
0.25039881467819214
0.9068412780761719
0.5956770777702332
0.6385889649391174
0.15271389484405518
0.13099712133407593
0.9756994843482971
0.18391616642475128
0.9032660722732544
0.028000477701425552
0.030576493591070175
0.6226139664649963
0.26073893904685974
0.11604900658130646
0.35089731216430664
0.29229289293289185
0.23808406293392181
0.9109944701194763
0.32842421531677246
0.4003312587738037
0.0698680505156517
0.15541744232177734
0.09522516280412674
0.5898219347000122
0.005368480924516916
0.20912732183933258
0.5990803241729736
0.7169333100318909
0.7195695638656616
0.07523811608552933
0.479149729013443
0.01903371885418892
0.27588075399398804
0.5378766655921936
0.40866056084632874
0.6998201608657837
0.8465311527252197
0.6394950747489929
0.5417676568031311
0.09994674474000931
0.6727882623672485
0.2458384931087494
0.13588847219944
0.3602669835090637
0.9705893397331238
0.18871323764324188
0.134512796998024
0.35919931530952454
0.775550365447998
0.2905178666114807
0.0231624748557806
0.563123345375061
0.10441552102565765
0.552989661693573
0.05213625729084015
0.6509366035461426
0.24042129516601562
0.45704612135887146
0.9819071888923645
0.4923555552959442
0.06533701717853546
0.8484653830528259
0.9725726246833801
0.14160357415676117
0.2588115334510803
0.5832829475402832
0.05997198075056076
0.8991007208824158
0.37286821007728577
0.045425113290548325
0.602800190448761
0.8405264019966125
0.014130857773125172
0.7923543453216553
0.40660008788108826
0.8787257671356201
0.6401540637016296
0.10924156755208969
0.10587017983198166
0.3092261552810669
0.1957579404115677
0.6447563767433167
0.8528962135314941
0.7053366303443909
0.23437827825546265
0.13764193654060364
0.28814053535461426
0.8759022951126099
0.9202715158462524
0.217519611120224
0.5585540533065796
0.1440153270959854
0.9008312225341797
0.9044188261032104
0.799056887626648
0.5009995102882385
0.24338005483150482
0.8194290995597839
0.9322482347488403
0.9192444682121277
0.683261513710022
0.5925800800323486
0.9237011075019836
0.9910776019096375
0.27395370602607727
0.38472041487693787
0.5874890089035034
0.2677991986274719
0.06769639253616333
0.02761613205075264
0.6074971556663513
0.791059136390686
0.8450806140899658
0.9349520802497864
0.4483680725097656
0.9275253415107727
0.7557034492492676
0.8268386125564575
0.31207892298698425
0.9231622815132141
0.16399995982646942
0.15302307903766632
0.5991864204406738
0.5914891958236694
0.45215141773223877
0.2437479943037033
0.9693297147750854
0.11933121085166931
0.2458183914422989
0.2776811420917511
0.3594761788845062
0.8455477952957153
0.7477478384971619
0.8573813438415527
0.1390649527311325
0.3507611155509949
0.9299655556678772
0.9158753156661987
0.1351761817932129
0.5081875920295715
0.5866747498512268
0.7753970623016357
0.2813566029071808
0.2595442533493042
0.3047800064086914
0.7404800057411194
0.712539553642273
0.07496123015880585
0.4814069867134094
0.12190471589565277
0.3793923854827881
0.775052547454834
0.6914650797843933
0.05516368895769119
0.9232351183891296
0.9890172481536865
0.09873395413160324
0.6167760491371155
0.15002936124801636
0.5067411661148071
0.3291914463043213
0.40022411942481995
0.12886165082454681
0.35413888096809387
0.9010031223297119
0.19049732387065887
0.35762348771095276
0.16164779663085938
0.4772765636444092
0.586265504360199
0.18784639239311218
0.8670437335968018
0.2860160768032074
0.27439746260643005
0.9635874629020691
0.7680277824401855
0.6157563924789429
0.9611315131187439
0.6889801025390625
0.8846539855003357
0.1836424022912979
0.7094550728797913
0.24905925989151
0.9076696634292603
0.3117865324020386
0.15452143549919128
0.22895090281963348
0.61558598279953
0.47189411520957947
0.71980881690979
0.47932755947113037
0.7098760008811951
0.1305103600025177
0.8844820261001587
0.8166847825050354
0.20795990526676178
0.12593773007392883
0.8636637330055237
0.7613757252693176
0.8781470656394958
0.5147006511688232
0.8828388452529907
0.8574102520942688
0.12994793057441711
0.06936568021774292
0.4452066123485565
0.32687482237815857
0.1507149189710617
0.37992018461227417
0.5284902453422546
0.3262713551521301
0.6739215850830078
0.5473543405532837
0.4023069143295288
0.22008733451366425
0.7112354636192322
0.09645678102970123
0.5175917148590088
0.08315464854240417
0.27254438400268555
0.7004102468490601
0.630545437335968
0.6377301812171936
0.755702793598175
0.6079797148704529
0.6564699411392212
0.3233880400657654
0.42030107975006104
0.7318138480186462
0.42605137825012207
0.9111464023590088
0.8174857497215271
0.14793555438518524
0.3190104365348816
0.33545318245887756
0.9317793250083923
0.21912212669849396
0.2284858077764511
0.7703101634979248
0.18106421828269958
0.4142337143421173
0.003993668593466282
0.2859916388988495
0.26945003867149353
0.7390780448913574
0.6155140399932861
0.011377456597983837
0.27697592973709106
0.8584165573120117
0.03623449057340622
0.8796220421791077
0.686387300491333
0.4449775815010071
0.10670170933008194
0.9082503914833069
0.017483660951256752
0.6783036589622498
0.6524639129638672
0.5112189054489136
0.7021920680999756
0.22754685580730438
0.5126520991325378
0.20321248471736908
0.45814448595046997
0.8516465425491333
0.9745323061943054
0.017784319818019867
0.7267736196517944
0.8843584060668945
0.5694979429244995
0.011252086609601974
0.5972565412521362
0.03769984096288681
0.9531460404396057
0.7906627655029297
0.3399066925048828
0.46346282958984375
0.7033162713050842
0.6450790166854858
0.482560396194458
0.6545000076293945
0.8665494322776794
0.7964673638343811
0.1157141625881195
0.9721697568893433
0.711031973361969
0.08289504796266556
0.25735652446746826
0.9847372174263
0.8358442783355713
0.09495359659194946
0.5482884049415588
0.5742716789245605
0.861829400062561
0.38712432980537415
0.19516275823116302
0.6910508275032043
0.5071041584014893
0.04430880770087242
0.6366658806800842
0.024987297132611275
0.6282728314399719
0.5142662525177002
0.3623107373714447
0.22344321012496948
0.3389139473438263
0.37938570976257324
0.4098665416240692
0.8724369406700134
0.36249351501464844
0.04195800796151161
0.08961637318134308
0.34381261467933655
0.3847912847995758
0.8095735907554626
0.8183459639549255
0.7307124733924866
0.9260432720184326
0.7804604172706604
0.546758770942688
0.5590588450431824
0.8889869451522827
0.7933641076087952
0.42754319310188293
0.7651641964912415
0.05063158646225929
0.27099311351776123
0.20034225285053253
0.013689407147467136
0.8932326436042786
0.15173983573913574
0.5205679535865784
0.34858161211013794
0.2052016258239746
0.4604913294315338
0.8732397556304932
0.25964564085006714
0.5393416285514832
0.2333642840385437
0.009587236680090427
0.5565546154975891
0.0617629736661911
0.09154394268989563
0.923267662525177
0.6764818429946899
0.6685873866081238
0.934917151927948
0.8523090481758118
0.2250887155532837
0.5884124636650085
0.9127357602119446
0.5972887873649597
0.24469232559204102
0.4207683503627777
0.5344617962837219
0.5603659749031067
0.8190062642097473
0.4086591601371765
0.1521303355693817
0.8827385306358337
0.458005428314209
0.5161378383636475
0.757799506187439
0.030679481104016304
0.7241383790969849
0.720625638961792
0.20162853598594666
0.29462841153144836
0.17954735457897186
0.5410637855529785
0.5418753623962402
0.3090739846229553
0.23220352828502655
0.3250730335712433
0.09344539791345596
0.15781930088996887
0.7972959876060486
0.43907397985458374
0.5284732580184937
0.46597254276275635
0.8944469094276428
0.3237067759037018
0.15036451816558838
0.17938627302646637
0.21222886443138123
0.914186418056488
0.07343168556690216
0.719557523727417
0.6192907691001892
0.2643232047557831
0.6123689413070679
0.42525482177734375
0.7470875978469849
0.04929978400468826
0.8006225824356079
0.12764829397201538
0.7735076546669006
0.09530980885028839
0.31461673974990845
0.4499107897281647
0.06962980329990387
0.31429392099380493
0.3479766249656677
0.8677501082420349
0.23949746787548065
0.052064355462789536
0.16709698736667633
0.14365042746067047
0.21285147964954376
0.06366240233182907
0.9322088360786438
0.4642096757888794
0.1408667415380478
0.8292757868766785
0.7025155425071716
0.988692581653595
0.5162726640701294
0.1243048682808876
0.7539107799530029
0.28204748034477234
0.07078547030687332
0.4567374587059021
0.2292395681142807
0.1765846163034439
0.5821767449378967
0.45491987466812134
0.5491728186607361
0.249033123254776
0.11880837380886078
0.555794358253479
0.6203232407569885
0.19837617874145508
0.01037263497710228
0.5925719141960144
0.758578896522522
0.8046180009841919
0.7066831588745117
0.6975370049476624
0.8764545917510986
0.10735781490802765
0.16651912033557892
0.15513910353183746
0.21836663782596588
0.7089769244194031
0.5868033170700073
0.3396512567996979
0.23525381088256836
0.10665763169527054
0.6800364851951599
0.4376593828201294
0.4590819478034973
0.16240529716014862
0.5232195258140564
0.4240607023239136
0.5079344511032104
0.7793890237808228
0.3650033473968506
0.24527841806411743
0.013989852741360664
0.4271858334541321
0.8277831077575684
0.3650359809398651
0.8581691384315491
0.1608070284128189
0.5994459390640259
0.8837207555770874
0.9925123453140259
0.30390867590904236
0.2828216850757599
0.21632960438728333
0.2037428915500641
0.46072617173194885
0.6977695822715759
0.6464455127716064
0.021465469151735306
0.5237944722175598
0.9581727385520935
0.6674927473068237
0.3179734945297241
0.11214342713356018
0.013075103983283043
0.08833101391792297
0.6700692176818848
0.9561926126480103
0.8082137703895569
0.11363787204027176
0.577610969543457
0.16006708145141602
0.9682185649871826
0.6421079635620117
0.3735104203224182
0.783638060092926
0.2365403175354004
0.6094139218330383
0.7212366461753845
0.6877049803733826
0.5276626348495483
0.6627423167228699
0.5569421648979187
0.5839074850082397
0.2346511036157608
0.5907463431358337
0.5932432413101196
0.11291646957397461
0.32985401153564453
0.06737999618053436
0.9527514576911926
0.21400155127048492
0.6063231825828552
0.3625263571739197
0.9696834087371826
0.3903728425502777
0.23407958447933197
0.9702906012535095
0.9097430109977722
0.15377333760261536
0.5529003143310547
0.833280622959137
0.8449087738990784
0.1244223415851593
0.6548201441764832
0.13633060455322266
0.3198784291744232
0.8097029328346252
0.9961423873901367
0.33464545011520386
0.9776003956794739
0.20721891522407532
0.8638473153114319
0.5812152624130249
0.22064484655857086
0.36303195357322693
0.38147830963134766
0.24974820017814636
0.2746899127960205
0.852382242679596
0.637025773525238
0.3132072687149048
0.16132748126983643
0.39828065037727356
0.781315267086029
0.7727639079093933
0.8745521306991577
0.9075188636779785
0.25395822525024414
0.8161877393722534
0.2510051727294922
0.85245281457901
0.21224664151668549
0.37571588158607483
0.5530864596366882
0.8309423923492432
0.20398090779781342
0.5067934393882751
0.35663673281669617
0.5098416805267334
0.44132110476493835
0.640209436416626
0.5773444175720215
0.5485939979553223
0.9107373356819153
0.2988929748535156
0.30015644431114197
0.7085769772529602
0.5199111104011536
0.7047562003135681
0.4649236500263214
0.1192343607544899
0.15970373153686523
0.6218517422676086
0.12273819744586945
0.033814288675785065
0.3922288119792938
0.8191676139831543
0.16173778474330902
0.6789237260818481
0.7340561747550964
0.3160073161125183
0.5702686309814453
0.9895448684692383
0.4004046618938446
0.2378537654876709
0.6032266616821289
0.3493960499763489
0.656949520111084
0.26387450098991394
0.5578354001045227
0.24202466011047363
0.5898994207382202
0.6777732372283936
0.8721649050712585
0.030920470133423805
0.70032799243927
0.05323632061481476
0.6213085055351257
0.9497509002685547
0.17881210148334503
0.25033584237098694
0.5428839325904846
0.34378722310066223
0.2518204152584076
0.8733723759651184
0.9265343546867371
0.19432495534420013
0.6351244449615479
0.7065159678459167
0.3093186616897583
0.078422911465168
0.6520421504974365
0.14279308915138245
0.49169430136680603
0.10681292414665222
0.8664999604225159
0.781124472618103
0.22985823452472687
0.04401127249002457
0.5172093510627747
0.31682175397872925
0.6660116314888
0.8898629546165466
0.5261780619621277
0.9878401160240173
0.6548091769218445
0.3601514399051666
0.1904856115579605
0.6049519777297974
0.292663037776947
0.09491010755300522
0.05712089315056801
0.26868921518325806
0.8740614056587219
0.420467346906662
0.18065977096557617
0.5931457877159119
0.5868493914604187
0.07730825245380402
0.15348590910434723
0.4044932723045349
0.4462282657623291
0.20730890333652496
0.4395902454853058
0.06134692579507828
0.05160171166062355
0.9380993843078613
0.24615633487701416
0.7853625416755676
0.7687807679176331
0.6841598153114319
0.048305027186870575
0.8752870559692383
0.8534838557243347
0.8912684321403503
0.5152314305305481
0.9036282896995544
0.8330844044685364
0.45163440704345703
0.632614016532898
0.9769883751869202
0.10830356925725937
0.9313535690307617
0.2930852770805359
0.6406469345092773
0.6810126900672913
0.25195562839508057
0.6635826230049133
0.8193048238754272
0.10016613453626633
0.9538248181343079
0.34885138273239136
0.10787759721279144
0.8533241152763367
0.45745012164115906
0.8783843517303467
0.7300408482551575
0.11658269166946411
0.14182130992412567
0.3375588059425354
0.19637322425842285
0.26653745770454407
0.5038114786148071
0.2528078854084015
0.38201236724853516
0.6755629777908325
0.08578480035066605
0.18832314014434814
0.11039917171001434
0.55088210105896
0.5760212540626526
0.9392812252044678
0.2228902280330658
0.6196758151054382
0.6348573565483093
0.7190064191818237
0.6171048283576965
0.07730905711650848
0.31254342198371887
0.5395016670227051
0.7992974519729614
0.05053810030221939
0.11974269151687622
0.5623272657394409
0.19678592681884766
0.051094330847263336
0.7893239855766296
0.026114096865057945
0.2929378151893616
0.24364487826824188
0.8662120699882507
0.7332383990287781
0.15226569771766663
0.5245321989059448
0.6961653828620911
0.21737898886203766
0.6273008584976196
0.8791107535362244
0.4875905513763428
0.9277250170707703
0.4601318836212158
0.5243944525718689
0.9606619477272034
0.44823047518730164
0.9276559948921204
0.83640056848526
0.9746403694152832
0.77141273021698
0.21347643435001373
0.631799042224884
0.4421885907649994
0.07066360861063004
0.5005541443824768
0.4656679630279541
0.5886627435684204
0.6094474196434021
0.2738199532032013
0.38770532608032227
0.7826370000839233
0.528208315372467
0.2992379367351532
0.7539867162704468
0.371703565120697
0.25933340191841125
0.2206854671239853
0.19339999556541443
0.8873030543327332
0.21933422982692719
0.11209198832511902
0.0067441826686263084
0.9628031253814697
0.45703956484794617
0.464895099401474
0.6005243062973022
0.4739673137664795
0.8965293765068054
0.47222164273262024
0.13666227459907532
0.7241925001144409
0.267213374376297
0.6644095778465271
0.5649970173835754
0.466128408908844
0.08854927122592926
0.45118939876556396
0.39695391058921814
0.6655037999153137
0.8002431988716125
0.608677327632904
0.1616964340209961
0.6226763129234314
0.5105721950531006
0.13910067081451416
0.9559547901153564
0.303417444229126
0.8216968178749084
0.7898615598678589
0.9410421848297119
0.257630854845047
0.05702745169401169
0.1632307767868042
0.26385587453842163
0.46617409586906433
0.8252303600311279
0.7305136322975159
0.3700408935546875
0.11203491687774658
0.8621068000793457
0.5562120676040649
0.3152157962322235
0.3513299226760864
0.07933899015188217
0.9103876948356628
0.024242475628852844
0.26862189173698425
0.8086044192314148
0.4687884449958801
0.9072192311286926
0.4682272970676422
0.683801531791687
0.6337659955024719
0.09822231531143188
0.3756347596645355
0.06424469500780106
0.45744019746780396
0.23313483595848083
0.6824638247489929
0.9137672781944275
0.9092270135879517
0.9197141528129578
0.2991509735584259
0.16980649530887604
0.9978905320167542
0.23583729565143585
0.3476487100124359
0.8602584600448608
0.3482378125190735
0.9337224960327148
0.8477165102958679
0.1639682799577713
0.014818812720477581
0.15080572664737701
0.6349802613258362
0.10005313158035278
0.3260534405708313
0.3230587840080261
0.7965118885040283
0.31314656138420105
0.722317636013031
0.29439544677734375
0.6459581255912781
0.717510998249054
0.004480054136365652
0.14743126928806305
0.5630714297294617
0.8483261466026306
0.3304004669189453
0.07728540897369385
0.01428336650133133
0.6971680521965027
0.9728506803512573
0.25422796607017517
0.7983165383338928
0.3573407828807831
0.18854984641075134
0.09554407000541687
0.1115926057100296
0.8894477486610413
0.21136578917503357
0.16542458534240723
0.15796716511249542
0.0944250300526619
0.24182617664337158
0.5998672246932983
0.9722134470939636
0.6685479283332825
0.3338485062122345
0.18831831216812134
0.42052724957466125
0.004636106081306934
0.7660523056983948
0.7031236290931702
0.640694797039032
0.34632086753845215
0.03906600922346115
0.61296546459198
0.6551980376243591
0.9057154059410095
0.020236067473888397
0.2063218355178833
0.8847261667251587
0.8541168570518494
0.8459277749061584
0.5561307072639465
0.3980273902416229
0.017134537920355797
0.771876871585846
0.8517905473709106
0.565986692905426
0.49151498079299927
0.9041240215301514
0.3526112139225006
0.4980272054672241
0.5887036919593811
0.36330410838127136
0.17215533554553986
0.743450939655304
0.8151614665985107
0.20504555106163025
0.4574679434299469
0.023170102387666702
0.9999598264694214
0.156118243932724
0.39892566204071045
0.6974174380302429
0.4284113943576813
0.8572169542312622
0.9612404108047485
0.18594053387641907
0.9714661240577698
0.3282666802406311
0.6145123839378357
0.2627715766429901
0.599359929561615
0.013669205829501152
0.46398335695266724
0.26048997044563293
0.7162310481071472
0.6811020970344543
0.295391321182251
0.19769248366355896
0.22308211028575897
0.004092554096132517
0.1850341409444809
0.8876330256462097
0.7828499674797058
0.5172814130783081
0.7312509417533875
0.38968726992607117
0.46817535161972046
0.8934463858604431
0.701552152633667
0.7466798424720764
0.04529297724366188
0.9601284265518188
0.13581950962543488
0.6865697503089905
0.5075691342353821
0.9126795530319214
0.46099206805229187
0.35008975863456726
0.6742691397666931
0.3117481768131256
0.28803426027297974
0.7128508687019348
0.5857881903648376
0.5341436862945557
0.9663602113723755
0.48190072178840637
0.6548200249671936
0.27612483501434326
0.5425877571105957
0.3957139551639557
0.3623606860637665
0.998803436756134
0.88364577293396
0.5617262721061707
0.28914451599121094
0.8535208702087402
0.2276580035686493
0.5655739903450012
0.6022925972938538
0.3903873860836029
0.06392871588468552
0.42308953404426575
0.8143137693405151
0.03287365287542343
0.3887290060520172
0.31970810890197754
0.5295541882514954
0.9037665724754333
0.2777601182460785
0.5616192817687988
0.9485493898391724
0.8485722541809082
0.6253300905227661
0.6617721915245056
0.8423314094543457
0.7694204449653625
0.46798062324523926
0.5372838973999023
0.1940498799085617
0.15134501457214355
0.6325306296348572
0.0696888267993927
0.17383335530757904
0.28068751096725464
0.7352569103240967
0.2959786355495453
0.31117743253707886
0.3401092290878296
0.14216840267181396
0.25518718361854553
0.7768669128417969
0.9662108421325684
0.4012722074985504
0.6872620582580566
0.6257922649383545
0.23043584823608398
0.9573028683662415
0.0755716934800148
0.8891409635543823
0.08921493589878082
0.6793190240859985
0.9470429420471191
0.28998494148254395
0.3994501829147339
0.666122317314148
0.39010894298553467
0.2525695860385895
0.13931266963481903
0.8972963690757751
0.17757081985473633
0.20978215336799622
0.04559234529733658
0.3690626919269562
0.6594879031181335
0.5427739024162292
0.2562376856803894
0.9246456623077393
0.7864793539047241
0.14236432313919067
0.8979923725128174
0.25188666582107544
0.43639475107192993
0.1561710238456726
0.8592932224273682
0.9333353638648987
0.48504960536956787
0.9809553623199463
0.5560138821601868
0.8926123380661011
0.4794794023036957
0.9691528677940369
0.5160161256790161
0.9580785036087036
0.8211246132850647
0.1445075422525406
0.05154428631067276
0.6763630509376526
0.08767542988061905
0.0887506827712059
0.1488277018070221
0.05935904011130333
0.36077216267585754
0.1908583641052246
0.04696422070264816
0.5482535362243652
0.13247419893741608
0.31205081939697266
0.48458132147789
0.46466073393821716
0.17324088513851166
0.9764127135276794
0.4873046875
0.7965229749679565
0.5788455605506897
0.8469393253326416
0.34940865635871887
0.40688320994377136
0.28026077151298523
0.5881251692771912
0.9635831117630005
0.4476627707481384
0.3536180555820465
0.0819818377494812
0.014770947396755219
0.6438504457473755
0.8815339207649231
0.1876562088727951
0.8983883857727051
0.26982298493385315
0.869727611541748
0.9946898818016052
0.032633792608976364
0.5749565958976746
0.08660843968391418
0.24635271728038788
0.9714494347572327
0.6096006631851196
0.4146921634674072
0.1389746069908142
0.42817604541778564
0.6413513422012329
0.8829344511032104
0.43542400002479553
0.8608666658401489
0.5021489858627319
0.41783490777015686
0.31232067942619324
0.3942815065383911
0.23489566147327423
0.28015103936195374
0.45158541202545166
0.36317184567451477
0.7540324926376343
0.7691594958305359
0.033125609159469604
0.7005525827407837
0.4744246006011963
0.43595704436302185
0.5743453502655029
0.7903589010238647
0.8376822471618652
0.8131645917892456
0.4982185959815979
0.8990108370780945
0.8709509968757629
0.451175332069397
0.36998432874679565
0.7873741984367371
0.34814855456352234
0.9881118535995483
0.792831540107727
0.029355620965361595
0.5729543566703796
0.6166670322418213
0.4092307388782501
0.43367162346839905
0.4680069088935852
0.6464781761169434
0.2210499495267868
0.29294881224632263
0.17625568807125092
0.15544290840625763
0.7095295786857605
0.32642287015914917
0.5104258060455322
0.9709045886993408
0.5073119401931763
0.531207263469696
0.014303302392363548
0.11632072180509567
0.45423418283462524
0.36897847056388855
0.42457297444343567
0.31096160411834717
0.939129650592804
0.3886961042881012
0.87607342004776
0.33770421147346497
0.39844632148742676
0.060690999031066895
0.2596401870250702
0.008063162676990032
0.6701770424842834
0.8772501349449158
0.5203785300254822
0.5044369101524353
0.4871843755245209
0.08757112920284271
0.7647899985313416
0.03732362389564514
0.05359883978962898
0.5048233270645142
0.4151737689971924
0.6259234547615051
0.9637900590896606
0.6542883515357971
0.5981044173240662
0.6207678914070129
0.8038355112075806
0.9251770377159119
0.41027405858039856
0.8600217700004578
0.6997300386428833
0.586966335773468
0.855567216873169
0.24960267543792725
0.7249530553817749
0.8199461698532104
0.6197916865348816
0.7567266821861267
0.9185037016868591
0.587200403213501
0.22521260380744934
0.19932730495929718
0.5141338109970093
0.7973833680152893
0.6938020586967468
0.42314550280570984
0.4230573773384094
0.5506835579872131
0.03367190435528755
0.9762080311775208
0.8312627077102661
0.029905011877417564
0.021562138572335243
0.21042326092720032
0.9755744934082031
0.9916892647743225
0.7030074596405029
0.4541229009628296
0.6126322746276855
0.5614560842514038
0.35384196043014526
0.8121269941329956
0.5608101487159729
0.8800268769264221
0.6383156776428223
0.4130796194076538
0.09964598715305328
0.8962628245353699
0.7604570984840393
0.5006375312805176
0.6817542314529419
0.06016458943486214
0.6848171353340149
0.4983711838722229
0.04900771379470825
0.4656810164451599
0.625521183013916
0.6955536007881165
0.06875985860824585
0.012476500123739243
0.11311421543359756
0.15418347716331482
0.9853479266166687
0.21116627752780914
0.46166396141052246
0.31102705001831055
0.5270482301712036
0.5147914290428162
0.0409633107483387
0.7755740880966187
0.32233554124832153
0.060874585062265396
0.6337616443634033
0.11896544694900513
0.10921906679868698
0.927905797958374
0.8416212201118469
0.5109879374504089
0.5427833795547485
0.7659875750541687
0.9783381819725037
0.7084822654724121
0.48309630155563354
0.4798358380794525
0.6724961996078491
0.6484863758087158
0.3175700306892395
0.5935763716697693
0.7601673007011414
0.7287461757659912
0.41755127906799316
0.1396004855632782
0.4922749102115631
0.49529582262039185
0.4315006732940674
0.1559412181377411
0.6155908107757568
0.9710244536399841
0.6983131170272827
0.3520364463329315
0.5990080237388611
0.0473581962287426
0.06389042735099792
0.6858347058296204
0.4761354327201843
0.3287304639816284
0.04810647293925285
0.7722377181053162
0.5743362307548523
0.7255488038063049
0.4360741376876831
0.9551542401313782
0.7260862588882446
0.9742622971534729
0.7555658221244812
0.48003706336021423
0.7134995460510254
0.63555908203125
0.6343498229980469
0.5472701191902161
0.3302758038043976
0.17010463774204254
0.34769919514656067
0.25144654512405396
0.9362792372703552
0.20021648705005646
0.5873826742172241
0.045828789472579956
0.019235752522945404
0.8789657950401306
0.6558608412742615
0.061104074120521545
0.18802306056022644
0.633417546749115
0.9606636166572571
0.389121413230896
0.6092773079872131
0.7366665005683899
0.6793484091758728
0.8745378255844116
0.9197494387626648
0.18396663665771484
0.38146334886550903
0.6821435689926147
0.853698194026947
0.11674731224775314
0.7353564500808716
0.044301971793174744
0.10480174422264099
0.5960453152656555
0.26703670620918274
0.8760830760002136
0.3985704481601715
0.7046656608581543
0.016269583255052567
0.4949336349964142
0.45012372732162476
0.759541392326355
0.3524401783943176
0.35504260659217834
0.1887575089931488
0.6427924633026123
0.2816740870475769
0.8047590851783752
0.6189290881156921
0.711676299571991
0.2553321421146393
0.10346929728984833
0.5618543028831482
0.6343449950218201
0.2658793330192566
0.3853439390659332
0.4029010832309723
0.09668958187103271
0.2684290111064911
0.7542320489883423
0.9659972190856934
0.09051565825939178
0.38760027289390564
0.529360830783844
0.829871654510498
0.5047488212585449
0.3744082450866699
0.19490529596805573
0.0066420757211744785
0.25224021077156067
0.17625978589057922
0.7427151799201965
0.9596261978149414
0.5974305272102356
0.6031103134155273
0.8609859347343445
0.6487804055213928
0.4524233043193817
0.5507975220680237
0.3113694190979004
0.3369119465351105
0.6646932363510132
0.22487863898277283
0.878140926361084
0.1720479130744934
0.8294535875320435
0.7342257499694824
0.42334428429603577
0.48741772770881653
0.4666459560394287
0.6855606436729431
0.6906663179397583
0.8606294393539429
0.6518411040306091
0.056633658707141876
0.6509549021720886
0.7985314726829529
0.013868692331016064
0.04871617630124092
0.25994816422462463
0.3190913498401642
0.5738419890403748
0.7002300024032593
0.7928680777549744
0.3496277630329132
0.07262610644102097
0.6932088732719421
0.12380272895097733
0.638018012046814
0.7866005897521973
0.8363335132598877
0.293537437915802
0.7856280207633972
0.9350711107254028
0.3977971076965332
0.2768881618976593
0.8829430937767029
0.25334420800209045
0.8150152564048767
0.7354065775871277
0.5415199995040894
0.5834813714027405
0.8724914789199829
0.5467247366905212
0.6767151355743408
0.5693418383598328
0.635140597820282
0.07891853153705597
0.821031928062439
0.1530938446521759
0.31634721159935
0.41399645805358887
0.4068988561630249
0.6912593245506287
0.39282289147377014
0.3804084360599518
0.15165413916110992
0.16818243265151978
0.6394868493080139
0.07088983803987503
0.4615010917186737
0.5373733639717102
0.3338128626346588
0.4484976828098297
0.9402166604995728
0.1904301792383194
0.5417262315750122
0.9534615874290466
0.3807934522628784
0.9098442196846008
0.20416098833084106
0.13717207312583923
0.7715659737586975
0.048583023250103
0.04770738631486893
0.9995310306549072
0.8202290534973145
0.16454149782657623
0.7705434560775757
0.5924636125564575
0.10253845900297165
0.3689720928668976
0.10775107890367508
0.6648241281509399
0.6759840846061707
0.7575342655181885
0.1628194898366928
0.7466108202934265
0.36046648025512695
0.8857147693634033
0.2258206307888031
0.932097315788269
0.504668116569519
0.0340520516037941
0.692412793636322
0.4906778037548065
0.7675007581710815
0.41643181443214417
0.07700387388467789
0.9344303607940674
0.5411955118179321
0.40824055671691895
0.34592923521995544
0.6058635711669922
0.692776620388031
0.718610405921936
0.05057406798005104
0.784973680973053
0.24072162806987762
0.26787540316581726
0.20199483633041382
0.011287679895758629
0.15400263667106628
0.6859094500541687
0.5773734450340271
0.2124282419681549
0.9229733943939209
0.963316023349762
0.7082849144935608
0.19986069202423096
0.4899745583534241
0.43052178621292114
0.8973023295402527
0.021435795351862907
0.9234919548034668
0.3131556808948517
0.3827205300331116
0.06978338956832886
0.8266134262084961
0.661191463470459
0.4318638741970062
0.5835283398628235
0.4325745105743408
0.945521354675293
0.18153971433639526
0.3690603971481323
0.25569677352905273
0.3267253339290619
0.9636414051055908
0.29424014687538147
0.03546136990189552
0.2657639682292938
0.06448935717344284
0.5052582621574402
0.5159336924552917
0.9779893159866333
0.839054524898529
0.5617513060569763
0.8644486665725708
0.7254814505577087
0.8805319666862488
0.9904327988624573
0.617571234703064
0.8593329191207886
0.48612719774246216
0.4600085914134979
0.17188213765621185
0.9429506063461304
0.60165935754776
0.9008480906486511
0.9227137565612793
0.6902773976325989
0.4589388966560364
0.13115298748016357
0.15674836933612823
0.8322582840919495
0.11712252348661423
0.14752787351608276
0.052022553980350494
0.35236790776252747
0.21258112788200378
0.5674260258674622
0.17308872938156128
0.8399983048439026
0.4127660393714905
0.09923234581947327
0.05479855090379715
0.6895046234130859
0.6363131403923035
0.7498742341995239
0.349027156829834
0.4082305431365967
0.1799446940422058
0.188398078083992
0.22677376866340637
0.568814754486084
0.14741964638233185
0.3366379737854004
0.6466271877288818
0.08078296482563019
0.5249987840652466
0.05803679674863815
0.6394231915473938
0.7430284023284912
0.09781363606452942
0.34036555886268616
0.5688726902008057
0.047197356820106506
0.9580992460250854
0.7848737239837646
0.3375859558582306
0.6483269929885864
0.19189982116222382
0.16784782707691193
0.632262647151947
0.9440168142318726
0.056931983679533005
0.6808519959449768
0.7186317443847656
0.466756671667099
0.7530788779258728
0.7622668743133545
0.7359822392463684
0.2383994460105896
0.653557300567627
0.8774164319038391
0.07678669691085815
0.2954431176185608
0.7603675127029419
0.4173436462879181
0.8107050061225891
0.4918341040611267
0.3684675395488739
0.4438529312610626
0.1430620551109314
0.07056336849927902
0.3946755826473236
0.4428638815879822
0.7872887849807739
0.9470517039299011
0.07815070450305939
0.9831129908561707
0.9761744141578674
0.07047700881958008
0.17249025404453278
0.8897944688796997
0.5192151069641113
0.18318603932857513
0.2709330916404724
0.315920352935791
0.6072752475738525
0.2848301827907562
0.9754638671875
0.9737327098846436
0.6411386728286743
0.6665445566177368
0.8653444051742554
0.8307206630706787
0.39657607674598694
0.32717347145080566
0.5598547458648682
0.44203102588653564
0.24676688015460968
0.6662022471427917
0.8270658850669861
0.7245007157325745
0.6585710644721985
0.3826870620250702
0.39849913120269775
0.4666743874549866
0.7803544402122498
0.15711787343025208
0.5271901488304138
0.6614100337028503
0.13751153647899628
0.6613551378250122
0.5590545535087585
0.1394985169172287
0.2571677565574646
0.09660275280475616
0.2658867835998535
0.7434131503105164
0.6493244767189026
0.6479933857917786
0.05833355709910393
0.6477377414703369
0.3526891767978668
0.3473338484764099
0.32087817788124084
0.022790782153606415
0.9559406638145447
0.44732925295829773
0.8701797723770142
0.562126874923706
0.21309734880924225
0.25168082118034363
0.7242051362991333
0.5769165754318237
0.3202182948589325
0.23610897362232208
0.8007233738899231
0.7120442390441895
0.4877118170261383
0.2237478643655777
0.5913874506950378
0.20910455286502838
0.7499331831932068
0.14666323363780975
0.87169349193573
0.4602644443511963
0.468053936958313
0.1524982452392578
0.7472906708717346
0.11678577214479446
0.536723792552948
0.22115136682987213
0.967314600944519
0.07838122546672821
0.8031653761863708
0.0935373455286026
0.34759849309921265
0.01875937730073929
0.5018893480300903
0.3188000023365021
0.229742631316185
0.12154623121023178
0.23018072545528412
0.6214731931686401
0.21085985004901886
0.7526060342788696
0.44713324308395386
0.020040391013026237
0.19504284858703613
0.918411374092102
0.6497008204460144
0.8409155011177063
0.20032919943332672
0.17142094671726227
0.8635265231132507
0.403349369764328
0.12028949707746506
0.7520890235900879
0.2186756730079651
0.1423618644475937
0.3953511416912079
0.24105791747570038
0.3402957022190094
0.3164488971233368
0.7723069787025452
0.24976298213005066
0.5858129262924194
0.3946579694747925
0.28112277388572693
0.618159830570221
0.4927898645401001
0.4602440297603607
0.6702223420143127
0.3767049312591553
0.7188905477523804
0.012497601099312305
0.4658180773258209
0.4418013095855713
0.8486579060554504
0.986983597278595
0.5500041842460632
0.8565154671669006
0.6371145248413086
0.284455806016922
0.21238170564174652
0.0750662088394165
0.9711526036262512
0.2461538016796112
0.5387901663780212
0.38420483469963074
0.0818597748875618
0.9700397849082947
0.8080886602401733
0.4027511179447174
0.30751267075538635
0.1406853049993515
0.9196714162826538
0.4370519816875458
0.9965586066246033
0.34114882349967957
0.6588614583015442
0.06529492139816284
0.6064988970756531
0.7091852426528931
0.8903574347496033
0.6875
0.6179783940315247
0.16218003630638123
0.35371118783950806
0.3157655596733093
0.12550115585327148
0.9970784783363342
0.5522775650024414
0.7058830261230469
0.1190231516957283
0.7095142006874084
0.6313995122909546
0.6258560419082642
0.6102570295333862
0.41118431091308594
0.04492386057972908
0.6994288563728333
0.9803807735443115
0.46577364206314087
0.6314108371734619
0.6675527095794678
0.004983480088412762
0.7456667423248291
0.8509451746940613
0.8030690550804138
0.7895669341087341
0.0183375496417284
0.06891123950481415
0.3962664008140564
0.5844554901123047
0.6196485161781311
0.017010949552059174
0.4091772437095642
0.774605929851532
0.25715193152427673
0.9012898206710815
0.21343106031417847
0.42005035281181335
0.8154547214508057
0.8485234379768372
0.11964457482099533
0.8808958530426025
0.43910500407218933
0.8938751816749573
0.014549138024449348
0.7832556962966919
0.9854059219360352
0.3928271532058716
0.20334812998771667
0.9506058096885681
0.13635097444057465
0.908068835735321
0.06473680585622787
0.7328064441680908
0.49690142273902893
0.49049195647239685
0.3319465219974518
0.702292799949646
0.26002418994903564
0.06876704841852188
0.9846141338348389
0.49011656641960144
0.9317973852157593
0.9369902610778809
0.3608558773994446
0.7726325988769531
0.41698697209358215
0.8904853463172913
0.24159719049930573
0.4430808424949646
0.7651588320732117
0.43039989471435547
0.6993468403816223
0.6641002893447876
0.4451965391635895
0.6314586997032166
0.7936966419219971
0.905448317527771
0.8313100934028625
0.18725866079330444
0.4849455654621124
0.5239022970199585
0.7303300499916077
0.8152175545692444
0.03414927423000336
0.3017244040966034
0.6270127892494202
0.9683554768562317
0.7199397087097168
0.3816985487937927
0.18814924359321594
0.5845203995704651
0.9592807292938232
0.5994181632995605
0.4521836042404175
0.5087096095085144
0.6476432085037231
0.35163816809654236
0.1649702489376068
0.17885246872901917
0.6654927730560303
0.9305557608604431
0.32791203260421753
0.9060215950012207
0.7363750338554382
0.8720000982284546
0.2634241282939911
0.33200764656066895
0.16644932329654694
0.5868027806282043
0.2501210570335388
0.9426379799842834
0.8098424673080444
0.9183417558670044
0.726142406463623
0.5272538065910339
0.13251416385173798
0.6034634709358215
0.5656797885894775
0.6405524611473083
0.12437096983194351
0.2672867774963379
0.8411163687705994
0.5859633088111877
0.43066680431365967
0.4898892045021057
0.2964111864566803
0.29662635922431946
0.9610822200775146
0.40289434790611267
0.03925806283950806
0.9177983999252319
0.18067771196365356
0.8653808236122131
0.3412162661552429
0.4065425395965576
0.9481118321418762
0.15677271783351898
0.9144853949546814
0.5822323560714722
0.16424505412578583
0.2609488368034363
0.6293880939483643
0.9447592496871948
0.6398070454597473
0.3367656469345093
0.693183958530426
0.6118501424789429
0.8473959565162659
0.07975714653730392
0.35608169436454773
0.09047063440084457
0.9227880835533142
0.9912060499191284
0.5279442667961121
0.20855483412742615
0.7155000567436218
0.7184362411499023
0.9051737189292908
0.30129116773605347
0.666642427444458
0.08920124918222427
0.13068225979804993
0.6587716341018677
0.8589522838592529
0.47468242049217224
0.3210037052631378
0.7934701442718506
0.09785794466733932
0.3705570101737976
0.568269670009613
0.2249530851840973
0.29714706540107727
0.1917252093553543
0.19130901992321014
0.07839104533195496
0.10330911725759506
0.30705371499061584
0.3943958580493927
0.5853027701377869
0.8276804089546204
0.10739761590957642
0.7960911989212036
0.2798216640949249
0.10208303481340408
0.5209780931472778
0.04795583710074425
0.666680097579956
0.40422940254211426
0.47312527894973755
0.28459009528160095
0.43375667929649353
0.018631044775247574
0.22637762129306793
0.060393333435058594
0.9886960983276367
0.42896705865859985
0.19812150299549103
0.3608700931072235
0.8165016174316406
0.5592121481895447
0.7545291781425476
0.7157716155052185
0.11438312381505966
0.44468387961387634
0.48251935839653015
0.8643748760223389
0.4219057261943817
0.02458357810974121
0.720288872718811
0.1197822317481041
0.7076437473297119
0.5398136377334595
0.9512157440185547
0.9306268692016602
0.3963419198989868
0.16620951890945435
0.11535368114709854
0.312625914812088
0.6458158493041992
0.22563983500003815
0.29737797379493713
0.34620317816734314
0.350353479385376
0.7928045392036438
0.028621787205338478
0.8939206004142761
0.5395400524139404
0.6232646107673645
0.5134273767471313
0.5476472973823547
0.007705473341047764
0.4883132874965668
0.5725574493408203
0.4324207603931427
0.48939618468284607
0.3477208912372589
0.26305776834487915
0.6571940183639526
0.578935980796814
0.9571124911308289
0.06078439578413963
0.6273588538169861
0.9529611468315125
0.9817880988121033
0.10319507867097855
0.6977882385253906
0.6542568802833557
0.6426051259040833
0.5154598951339722
0.6748683452606201
0.927825927734375
0.49973559379577637
0.7526387572288513
0.49795034527778625
0.8990164399147034
0.8444417119026184
0.8455467224121094
0.17360816895961761
0.786919355392456
0.4084671437740326
0.5691458582878113
0.5382866859436035
0.8310120701789856
0.07344182580709457
0.8448053002357483
0.4868917763233185
0.6893551349639893
0.2474379539489746
0.8898177742958069
0.544074535369873
0.7976786494255066
0.19735732674598694
0.1674676090478897
0.6120449304580688
0.2708865702152252
0.7665911912918091
0.2357671558856964
0.14870937168598175
0.9317969083786011
0.6292250752449036
0.3885747790336609
0.5662904977798462
0.83106929063797
0.504558801651001
0.7386348843574524
0.3262609839439392
0.18561476469039917
0.7791826725006104
0.19649118185043335
0.6367709636688232
0.6572993993759155
0.6254934668540955
0.9296947717666626
0.8327926993370056
0.5967580676078796
0.43609532713890076
0.44314971566200256
0.6627368927001953
0.6045501232147217
0.5592467784881592
0.6857830882072449
0.1697973757982254
0.5247498750686646
0.5051172971725464
0.9313948750495911
0.3000420331954956
0.8676097989082336
0.4369335472583771
0.3594767153263092
0.0025158689823001623
0.3478493392467499
0.6641615629196167
0.9761839509010315
0.8581894636154175
0.12738485634326935
0.8392530679702759
0.1683378964662552
0.7306999564170837
0.9891711473464966
0.06951304525136948
0.5468621253967285
0.08086464554071426
0.5161786675453186
0.9768776893615723
0.47289177775382996
0.24987450242042542
0.24391058087348938
0.42880210280418396
0.32551008462905884
0.01265225000679493
0.3038281798362732
0.7108733654022217
0.24845115840435028
0.7154967784881592
0.28519341349601746
0.3313652276992798
0.220632866024971
0.9608933925628662
0.33838942646980286
0.1237887516617775
0.2224610298871994
0.4398357570171356
0.3470769226551056
0.038592368364334106
0.9628633856773376
0.6685605049133301
0.6423972845077515
0.45128628611564636
0.14572671055793762
0.616877019405365
0.07705702632665634
0.9064092636108398
0.5004231929779053
0.19482001662254333
0.5495423674583435
0.29293885827064514
0.39401599764823914
0.5895444750785828
0.6526743173599243
0.373160183429718
0.2962782382965088
0.10233581811189651
0.8061993718147278
0.3794785141944885
0.9026319980621338
0.17678672075271606
0.16746367514133453
0.8734225034713745
0.8301483988761902
0.24463824927806854
0.30759623646736145
0.7735068798065186
0.8693569898605347
0.8345932960510254
0.4511759281158447
0.8644573092460632
0.9659528732299805
0.7290406823158264
0.6544929146766663
0.8459001779556274
0.13885381817817688
0.8841891884803772
0.35216155648231506
0.9917676448822021
0.3122144043445587
0.9591033458709717
0.15048819780349731
0.7652230858802795
0.3921467661857605
0.4097526967525482
0.9016345739364624
0.22413024306297302
0.251122385263443
0.5191041827201843
0.43127453327178955
0.03979446366429329
0.4514663815498352
0.9778870344161987
0.8147836923599243
0.6149705648422241
0.9357331395149231
0.09116889536380768
0.6871147155761719
0.7073260545730591
0.966952383518219
0.9780691862106323
0.49974900484085083
0.7395187020301819
0.3824576139450073
0.9771925210952759
0.24530811607837677
0.9933078289031982
0.8665445446968079
0.20345869660377502
0.1078261062502861
0.9744342565536499
0.4689892530441284
0.6350224018096924
0.34661102294921875
0.38998183608055115
0.5534138083457947
0.9278527498245239
0.16068731248378754
0.03401026874780655
0.31746482849121094
0.5062400102615356
0.5569766163825989
0.01599912904202938
0.13682320713996887
0.5258267521858215
0.06413642317056656
0.9712827205657959
0.7263090014457703
0.38136765360832214
0.06937550008296967
0.8144161105155945
0.13281530141830444
0.07934855669736862
0.6889541149139404
0.5316017270088196
0.7249012589454651
0.61073899269104
0.5904582142829895
0.9387996196746826
0.757686197757721
0.9984773993492126
0.6320255398750305
0.38323235511779785
0.07704811543226242
0.05564858391880989
0.8364475965499878
0.6318724155426025
0.30380743741989136
0.009245735593140125
0.09210900962352753
0.9339284300804138
0.34818100929260254
0.8261980414390564
0.46957623958587646
0.2906574010848999
0.1741650253534317
0.3844480514526367
0.3994440734386444
0.8707574605941772
0.5901027321815491
0.4634286165237427
0.016844945028424263
0.7770498394966125
0.6351544260978699
0.1670200377702713
0.043582696467638016
0.08598179370164871
0.8351408243179321
0.9032447338104248
0.16143569350242615
0.5383191704750061
0.3083467483520508
0.45236483216285706
0.5744430422782898
0.25989800691604614
0.5385380387306213
0.7749335765838623
0.2846899926662445
0.4927671551704407
0.8857550621032715
0.38260865211486816
0.3677673637866974
0.6798830628395081
0.10277487337589264
0.8780739903450012
0.16376881301403046
0.7965800166130066
0.7947885990142822
0.7347998023033142
0.6713400483131409
0.18663862347602844
0.706235408782959
0.25940462946891785
0.6319313049316406
0.3480301797389984
0.2783050537109375
0.71381676197052
0.525115430355072
0.8915456533432007
0.3209743797779083
0.212471604347229
0.07444440573453903
0.6724004745483398
0.33533036708831787
0.5724796056747437
0.3592212200164795
0.5232039093971252
0.08937055617570877
0.15763592720031738
0.9432541131973267
0.46135058999061584
0.05154748260974884
0.168009415268898
0.9758997559547424
0.8731340169906616
0.2905963361263275
0.8283993005752563
0.2596854865550995
0.9250954389572144
0.1443662941455841
0.5111660957336426
0.4303075969219208
0.10553522408008575
0.190038800239563
0.00022196926875039935
0.1271214336156845
0.709974467754364
0.7048804759979248
0.4255852997303009
0.0927877351641655
0.23334601521492004
0.17633002996444702
0.9023826718330383
0.8706559538841248
0.705338180065155
0.9845473766326904
0.8312704563140869
0.3626216948032379
0.13823328912258148
0.8924288749694824
0.3565807640552521
0.34974849224090576
0.8445823788642883
0.8362464308738708
0.9791052341461182
0.8242161870002747
0.5452910661697388
0.7586731910705566
0.5940419435501099
0.4769900143146515
0.07068021595478058
0.9221143126487732
0.5255329012870789
0.4243113696575165
0.8399118185043335
0.6808900237083435
0.11067520827054977
0.25650185346603394
0.2636401057243347
0.5123525261878967
0.30000779032707214
0.21688887476921082
0.28179046511650085
0.662487804889679
0.6617478132247925
0.39599698781967163
0.22621777653694153
0.2524093687534332
0.7500784397125244
0.22398222982883453
0.7399214506149292
0.1040433719754219
0.5129758715629578
0.23380306363105774
0.11726657301187515
0.8566188216209412
0.4204156994819641
0.8006521463394165
0.1093728244304657
0.7116557955741882
0.968083918094635
0.5263756513595581
0.8063988089561462
0.054413579404354095
0.6523399353027344
0.06531161069869995
0.9188194870948792
0.4647389054298401
0.03245720639824867
0.2785428464412689
0.23739702999591827
0.5026838779449463
0.19445596635341644
0.23288215696811676
0.021511249244213104
0.03576994314789772
0.6737035512924194
0.4327055513858795
0.800787627696991
0.7794501185417175
0.10557624697685242
0.1538226157426834
0.1704636514186859
0.9587829113006592
0.5907062888145447
0.4307108521461487
0.4448893368244171
0.9397065043449402
0.7029076814651489
0.9960078597068787
0.7961255311965942
0.35671982169151306
0.12244059145450592
0.6369341015815735
0.5004281997680664
0.1488683670759201
0.4888196587562561
0.7474174499511719
0.6601394414901733
0.4357169568538666
0.5159428119659424
0.3711320757865906
0.8811007142066956
0.5522291660308838
0.40519219636917114
0.6702890992164612
0.7961968779563904
0.6724660992622375
0.07101667672395706
0.26230302453041077
0.31400933861732483
0.37145981192588806
0.8382683992385864
0.16165079176425934
0.20005622506141663
0.9353148341178894
0.2633025050163269
0.9538342952728271
0.9856701493263245
0.7661006450653076
0.9036014080047607
0.5060722827911377
0.3089755177497864
0.0013372452231124043
0.3902917802333832
0.05707423388957977
0.10522708296775818
0.7194549441337585
0.18757621943950653
0.778498649597168
0.08417728543281555
0.1984887421131134
0.31379908323287964
0.2105865329504013
0.2736503481864929
0.8527517318725586
0.40299445390701294
0.1379178762435913
0.19813597202301025
0.51187664270401
0.4732915461063385
0.4970903694629669
0.6860529184341431
0.04752562940120697
0.2655850350856781
0.4386121928691864
0.9286099076271057
0.39058002829551697
0.9190689325332642
0.5113217830657959
0.1862095594406128
0.7955003380775452
0.8855372071266174
0.1759108603000641
0.46050649881362915
0.8038663268089294
0.36793839931488037
0.41217488050460815
0.822679877281189
0.31392863392829895
0.4080316424369812
0.15078513324260712
0.004030490759760141
0.6174049377441406
0.24992689490318298
0.1538136750459671
0.6225249767303467
0.4249035120010376
0.9793718457221985
0.46051889657974243
0.05431845784187317
0.43368515372276306
0.8334938287734985
0.9089885950088501
0.04380553588271141
0.6726723909378052
0.8439457416534424
0.8529718518257141
0.9115765690803528
0.2803615927696228
0.3932276964187622
0.3057607114315033
0.3136391043663025
0.5760155916213989
0.8037048578262329
0.8283842206001282
0.9384109377861023
0.44049251079559326
0.2849862575531006
0.5056884288787842
0.19672806560993195
0.5043608546257019
0.7034757137298584
0.7505303621292114
0.24105653166770935
0.4287296235561371
0.8144713044166565
0.24940495193004608
0.5695257782936096
0.6367526054382324
0.6913629770278931
0.012672615237534046
0.2809085249900818
0.5997551679611206
0.20236091315746307
0.21853883564472198
0.32231178879737854
0.5372866988182068
0.8116081953048706
0.4632505178451538
0.8553682565689087
0.18213796615600586
0.12955772876739502
0.3412953317165375
0.5998488068580627
0.00806964747607708
0.3814046084880829
0.4607993960380554
0.729229748249054
0.8498099446296692
0.6776137351989746
0.4043322801589966
0.0938635915517807
0.3544316291809082
0.8994243741035461
0.1718149334192276
0.8786419630050659
0.4510382115840912
0.19958162307739258
0.9240596294403076
0.6777971982955933
0.49697884917259216
0.06054749712347984
0.8883659243583679
0.9386355876922607
0.9128015041351318
0.907309353351593
0.6364294290542603
0.5810138583183289
0.4498831033706665
0.5298223495483398
0.5407392978668213
0.15223073959350586
0.004155929200351238
0.3520008623600006
0.34516072273254395
0.14906373620033264
0.9528965353965759
0.17182557284832
0.7656903266906738
0.4143458306789398
0.741874635219574
0.4471478760242462
0.39398011565208435
0.3439880609512329
0.925227165222168
0.8880068063735962
0.3957642912864685
0.5471480488777161
0.5741098523139954
0.03257833421230316
0.632688045501709
0.6987891793251038
0.7630887031555176
0.3123764097690582
0.6482175588607788
0.002368456916883588
0.6949094533920288
0.7626683712005615
0.7964693307876587
0.7603805065155029
0.7087875604629517
0.6039391160011292
0.5160978436470032
0.5765130519866943
0.0579325407743454
0.15350352227687836
0.8702242374420166
0.3402943015098572
0.9246861934661865
0.5381553769111633
0.1331508308649063
0.6849842071533203
0.8527406454086304
0.5285634398460388
0.7316359281539917
0.32837408781051636
0.2900342047214508
0.3682633340358734
0.5269209742546082
0.01583044044673443
0.2426927387714386
0.9409056305885315
0.13806989789009094
0.2206326276063919
0.797540545463562
0.4722559452056885
0.3169940710067749
0.1794278919696808
0.4204176664352417
0.03933359682559967
0.10316607356071472
0.9947375059127808
0.5424533486366272
0.6529955267906189
0.4053749442100525
0.47274088859558105
0.36710381507873535
0.8292245268821716
0.05081571266055107
0.877690315246582
0.3072945475578308
0.29652145504951477
0.18336060643196106
0.6736757159233093
0.5018507242202759
0.7819170951843262
0.23321545124053955
0.2101767510175705
0.7208746075630188
0.16286152601242065
0.21106481552124023
0.8509854674339294
0.850342333316803
0.7281399965286255
0.27979427576065063
0.2325611114501953
0.8819859623908997
0.4000174403190613
0.19240523874759674
0.059324827045202255
0.21666161715984344
0.6742183566093445
0.13472813367843628
0.5088139772415161
0.9419206380844116
0.47647109627723694
0.8288673758506775
0.1792963445186615
0.5262594223022461
0.8500545024871826
0.895444929599762
0.5476170182228088
0.8287467956542969
0.12136704474687576
0.2392546832561493
0.28156375885009766
0.36622411012649536
0.301303505897522
0.5473673343658447
0.738160252571106
0.6488057374954224
0.2614787220954895
0.5678801536560059
0.36675068736076355
0.7803642749786377
0.03507528081536293
0.20186495780944824
0.0013503145892173052
0.988334596157074
0.9815158843994141
0.452169805765152
0.8238619565963745
0.8230698704719543
0.7292585968971252
0.12939608097076416
0.1170712485909462
0.7807202935218811
0.02578556537628174
0.37626275420188904
0.47330090403556824
0.9063668847084045
0.7922025322914124
0.7858328819274902
0.29907920956611633
0.773097038269043
0.7625667452812195
0.11729078739881516
0.5606420040130615
0.7870871424674988
0.729241669178009
0.7702100276947021
0.6918807625770569
0.6521362066268921
0.3634018003940582
0.72170490026474
0.7227395176887512
0.8283703923225403
0.010476630181074142
0.6349561214447021
0.7060889005661011
0.5907280445098877
0.23062805831432343
0.7480195760726929
0.49404385685920715
0.8183863162994385
0.0928468257188797
0.39010465145111084
0.2110915631055832
0.8883662819862366
0.6656541228294373
0.6058543920516968
0.16503223776817322
0.46029409766197205
0.6064151525497437
0.4910765290260315
0.16286765038967133
0.8238813877105713
0.15529067814350128
0.6548087000846863
0.39538127183914185
0.6343291401863098
0.0941580981016159
0.1572638899087906
0.5014134645462036
0.5660141706466675
0.8779626488685608
0.566805899143219
0.7607641220092773
0.029133372008800507
0.13254642486572266
0.6061338186264038
0.9698689579963684
0.09589416533708572
0.11638813465833664
0.34288737177848816
0.7038024663925171
0.25750648975372314
0.7667509913444519
0.15213066339492798
0.9455124735832214
0.2749609649181366
0.9414518475532532
0.7609320282936096
0.2577165365219116
0.07581048458814621
0.4810935854911804
0.7385649085044861
0.5232913494110107
0.08964218944311142
0.4920540452003479
0.3287597894668579
0.8110940456390381
0.9906511306762695
0.8279953598976135
0.5357741713523865
0.6275500059127808
0.5838238596916199
0.1608997881412506
0.9475329518318176
0.848526656627655
0.07162416726350784
0.4257783591747284
0.08517894893884659
0.6896164417266846
0.44192731380462646
0.2971998155117035
0.052567727863788605
0.09029140323400497
0.5329697132110596
0.43838411569595337
0.3092387318611145
0.738175094127655
0.2678881883621216
0.12401663511991501
0.0474415086209774
0.5974357724189758
0.16272900998592377
0.6433021426200867
0.8301556706428528
0.5343277454376221
0.4119457006454468
0.4842982292175293
0.6147002577781677
0.3643006682395935
0.7080833911895752
0.4646236002445221
0.2800239622592926
0.20380057394504547
0.42949777841567993
0.38949885964393616
0.9062975645065308
0.14134642481803894
0.5718686580657959
0.10900229215621948
0.3484050929546356
0.27746912837028503
0.30720558762550354
0.6591004133224487
0.3286072611808777
0.8332692384719849
0.4649799168109894
0.9215767979621887
0.09278523921966553
0.9245999455451965
0.8497098088264465
0.8208385109901428
0.9553148746490479
0.6468573212623596
0.29025930166244507
0.5590291619300842
0.9871753454208374
0.9859651327133179
0.30683213472366333
0.42951399087905884
0.6899899840354919
0.3739643394947052
0.5398275256156921
0.01737760566174984
0.4935401380062103
0.15526457130908966
0.7790306210517883
0.11635814607143402
0.28685998916625977
0.04466736316680908
0.38134410977363586
0.04439985379576683
0.9786732196807861
0.4913468658924103
0.04329652339220047
0.841029167175293
0.03272911533713341
0.2721879482269287
0.6207285523414612
0.8568410873413086
0.6867807507514954
0.170841783285141
0.29509973526000977
0.7038183808326721
0.5293389558792114
0.6647813320159912
0.5516559481620789
0.5104076862335205
0.8520622849464417
0.17526309192180634
0.48074138164520264
0.8474647998809814
0.4605957567691803
0.13916057348251343
0.3161427676677704
0.6239742636680603
0.9181405901908875
0.9394485354423523
0.5024229884147644
0.8388538956642151
0.8581547141075134
0.43189558386802673
0.4086957573890686
0.562946617603302
0.3545515835285187
0.49361634254455566
0.14888638257980347
0.15419641137123108
0.3268989324569702
0.6553967595100403
0.14755938947200775
0.03019215352833271
0.20321206748485565
0.8200495839118958
0.1404406577348709
0.5218611359596252
0.5477785468101501
0.7965470552444458
0.11770562082529068
0.09614857286214828
0.9389532208442688
0.5537928938865662
0.6235556602478027
0.0623968169093132
0.0851653590798378
0.9068555235862732
0.9571864008903503
0.9256039261817932
0.037931106984615326
0.884584367275238
0.4811772108078003
0.35935351252555847
0.36488184332847595
0.5640570521354675
0.7619919776916504
0.30671948194503784
0.5645953416824341
0.440076619386673
0.9296388626098633
0.23429684340953827
0.38212063908576965
0.5420640707015991
0.44424375891685486
0.5003044605255127
0.31155526638031006
0.1856258660554886
0.7314718961715698
0.23606958985328674
0.9501100778579712
0.5465600490570068
0.9392478466033936
0.34938251972198486
0.8336094617843628
0.518608808517456
0.15084630250930786
0.7673803567886353
0.6514715552330017
0.4292880594730377
0.6472302079200745
0.41064590215682983
0.9690254926681519
0.5176926255226135
0.07757578045129776
0.5326113700866699
0.5427416563034058
0.28874048590660095
0.2889039218425751
0.8684288859367371
0.3225890100002289
0.11616156995296478
0.2556561529636383
0.8337421417236328
0.2678888142108917
0.006391770206391811
0.5209906101226807
0.06269746273756027
0.9111336469650269
0.7156271934509277
0.41871970891952515
0.8704907298088074
0.6679244041442871
0.05625533685088158
0.16218483448028564
0.19609105587005615
0.9000890851020813
0.6768870949745178
0.32272830605506897
0.42184287309646606
0.890591025352478
0.27738478779792786
0.5404971241950989
0.5660744309425354
0.5608312487602234
0.19009071588516235
0.13931797444820404
0.8770864605903625
0.6830528378486633
0.0170183926820755
0.46299704909324646
0.268849641084671
0.40453022718429565
0.1196165531873703
0.6526058912277222
0.5573071241378784
0.6265828609466553
0.11786074936389923
0.6478399634361267
0.9381390810012817
0.10419158637523651
0.3778223693370819
0.028512541204690933
0.8828026652336121
0.24630869925022125
0.6420468688011169
0.6633783578872681
0.3848050534725189
0.7919178605079651
0.4138716161251068
0.7221753597259521
0.9092485308647156
0.5216697454452515
0.34542933106422424
0.40229156613349915
0.7520012259483337
0.902148425579071
0.5198553800582886
0.8531947135925293
0.6131410598754883
0.8532482981681824
0.6376045346260071
0.7051057815551758
0.05762656033039093
0.06783313304185867
0.9371686577796936
0.281907320022583
0.8142970204353333
0.240709125995636
0.74251389503479
0.3694886565208435
0.48235636949539185
0.5740175843238831
0.6309260725975037
0.9301361441612244
0.2586190402507782
0.682837963104248
0.45677801966667175
0.5240088701248169
0.13658273220062256
0.10738438367843628
0.14235611259937286
0.5209180116653442
0.8163865804672241
0.8365278840065002
0.4363800585269928
0.35630759596824646
0.37477418780326843
0.8988616466522217
0.16809755563735962
0.2534731328487396
0.42331787943840027
0.013470970094203949
0.09462155401706696
0.21786372363567352
0.4549519121646881
0.7194616794586182
0.06007456034421921
0.7344161868095398
0.24672135710716248
0.2179414927959442
0.9277973175048828
0.46277371048927307
0.8846381902694702
0.013052091933786869
0.41123807430267334
0.508497953414917
0.7931035161018372
0.8336825370788574
0.8335615396499634
0.9392946362495422
0.7089639902114868
0.8552406430244446
0.11726147681474686
0.14494161307811737
0.266521155834198
0.7332990169525146
0.39291200041770935
0.19273307919502258
0.7294530272483826
0.6908175945281982
0.22637201845645905
0.19961728155612946
0.6385985016822815
0.13797613978385925
0.038538143038749695
0.39564797282218933
0.4220060706138611
0.6340906620025635
0.03419996798038483
0.44826868176460266
0.44993487000465393
0.5957273840904236
0.3739873170852661
0.2457330822944641
0.6993434429168701
0.7682821750640869
0.2572939693927765
0.4204120337963104
0.49616238474845886
0.48634329438209534
0.9676745533943176
0.5749351382255554
0.09329354017972946
0.8635320067405701
0.5486147403717041
0.9075779318809509
0.8099069595336914
0.688897967338562
0.4274137616157532
0.7109332084655762
0.13064827024936676
0.6893919110298157
0.37074899673461914
0.0460733026266098
0.49114930629730225
0.23238876461982727
0.4154236316680908
0.851881742477417
0.051704421639442444
0.21446575224399567
0.6098194718360901
0.8386444449424744
0.024601314216852188
0.2528441548347473
0.5335556268692017
0.15087179839611053
0.853046715259552
0.19088874757289886
0.297503799200058
0.001743924105539918
0.7350417971611023
0.08634689450263977
0.28835979104042053
0.3239564895629883
0.07099562883377075
0.11881208419799805
0.1761823445558548
0.8880204558372498
0.17295652627944946
0.2915264070034027
0.03292412683367729
0.04098280146718025
0.41071853041648865
0.5152714252471924
0.5676188468933105
0.7157275676727295
0.9693953990936279
0.10068920254707336
0.40432894229888916
0.7469555139541626
0.8687809109687805
0.825969398021698
0.7040624022483826
0.6370489001274109
0.7863985300064087
0.3236500024795532
0.579150378704071
0.49744048714637756
0.18841926753520966
0.1924128234386444
0.280898779630661
0.9038117527961731
0.2834111452102661
0.5529127717018127
0.2398514747619629
0.7132461667060852
0.8587459921836853
0.5369411706924438
0.28770098090171814
0.7873175740242004
0.5654845833778381
0.25200891494750977
0.1432606428861618
0.7400951981544495
0.10858368128538132
0.2311379760503769
0.27366146445274353
0.04248548671603203
0.5934647917747498
0.10847043991088867
0.8241786360740662
0.8922445178031921
0.24993836879730225
0.3353927731513977
0.43975529074668884
0.1606934517621994
0.05927306041121483
0.06558167189359665
0.8370394706726074
0.5590639710426331
0.956381618976593
0.4446795582771301
0.14237907528877258
0.9077520370483398
0.7443342208862305
0.5053564310073853
0.21462978422641754
0.5248562693595886
0.21707108616828918
0.12226955592632294
0.15413519740104675
0.5643917918205261
0.9791943430900574
0.19993573427200317
0.6599058508872986
0.1725102961063385
0.008308956399559975
0.31753653287887573
0.160030335187912
0.184101402759552
0.11082428693771362
0.07030344754457474
0.6955942511558533
0.14053726196289062
0.8834194540977478
0.8011916279792786
0.8863897323608398
0.01877874694764614
0.43494755029678345
0.5029325485229492
0.99602872133255
0.4812869131565094
0.4205417335033417
0.5495845079421997
0.5030857920646667
0.21284985542297363
0.18054740130901337
0.8185357451438904
0.36544719338417053
0.6026350259780884
0.8640503883361816
0.8486775755882263
0.5478043556213379
0.6528456807136536
0.9596501588821411
0.707685112953186
0.6437163352966309
0.21595019102096558
0.13005997240543365
0.16990645229816437
0.02040342427790165
0.3435327708721161
0.27443259954452515
0.7954288125038147
0.9347612857818604
0.8393513560295105
0.2792912423610687
0.10375779867172241
0.6684781908988953
0.6155850887298584
0.01830887794494629
0.6246275305747986
0.4774782359600067
0.5308390855789185
0.8134242296218872
0.9410586357116699
0.798586905002594
0.6836391091346741
0.03439707309007645
0.9591661691665649
0.37812432646751404
0.5174070596694946
0.9086244106292725
0.034060072153806686
0.4224476218223572
0.8820214867591858
0.18478216230869293
0.43419596552848816
0.03603155538439751
0.8778027296066284
0.6154060363769531
0.3503894507884979
0.4404887557029724
0.7585466504096985
0.22242167592048645
0.9474579691886902
0.86873859167099
0.6523579359054565
0.02574540488421917
0.6350109577178955
0.3346664011478424
0.04951256513595581
0.8700348138809204
0.7821237444877625
0.5442062020301819
0.8740715384483337
0.13747955858707428
0.015353220514953136
0.7185301780700684
0.7017031311988831
0.5128870606422424
0.8146438002586365
0.8516694903373718
0.9375935792922974
0.6800955533981323
0.9749611616134644
0.6049014925956726
0.4088820815086365
0.4181556701660156
0.07388002425432205
0.2822125256061554
0.9210594892501831
0.8064658045768738
0.4835537075996399
0.33264338970184326
0.5430892109870911
0.877031147480011
0.983936607837677
0.5831636190414429
0.07532037049531937
0.7702094316482544
0.70597904920578
0.7182314395904541
0.4638114273548126
0.5853657126426697
0.38583746552467346
0.05592123791575432
0.7525635361671448
0.8687698245048523
0.5996913313865662
0.5752479434013367
0.650802731513977
0.3707326054573059
0.7824301719665527
0.4567582309246063
0.7292826771736145
0.29376617074012756
0.6513705253601074
0.4891993999481201
0.9746851325035095
0.35453879833221436
0.784833550453186
0.6545901298522949
0.6671372056007385
0.009246529079973698
0.5692988634109497
0.7285990118980408
0.24282464385032654
0.9455803632736206
0.9616317749023438
0.4340256154537201
0.7658041715621948
0.10607711970806122
0.5047519207000732
0.3799845278263092
0.8603653311729431
0.8871800899505615
0.7113083004951477
0.30399176478385925
0.28062012791633606
0.2501741647720337
0.6922976970672607
0.11849342286586761
0.9567651748657227
0.7299027442932129
0.9208627939224243
0.5798037648200989
0.2864760458469391
0.07249723374843597
0.8373931050300598
0.4026072025299072
0.09169722348451614
0.1829029768705368
0.5513904690742493
0.24566328525543213
0.7477835416793823
0.259655624628067
0.07697916030883789
0.9939068555831909
0.21973177790641785
0.4356175661087036
0.22206667065620422
0.616473376750946
0.6129794716835022
0.8657357692718506
0.946815013885498
0.5167524218559265
0.29353660345077515
0.2928633689880371
0.4502888321876526
0.3045414388179779
0.5492854714393616
0.028519319370388985
0.3621283769607544
0.7957175374031067
0.894703209400177
0.565949559211731
0.2766050100326538
0.02679956704378128
0.8580210208892822
0.3806203305721283
0.12320876866579056
0.5082921981811523
0.8314060568809509
0.06699399650096893
0.3791434168815613
0.6020087003707886
0.873577356338501
0.7569131255149841
0.3248007595539093
0.07302942872047424
0.8981323838233948
0.09884671866893768
0.9698060750961304
0.43693602085113525
0.9932191967964172
0.002443477977067232
0.7329307198524475
0.8508318662643433
0.7105952501296997
0.9849943518638611
0.07753616571426392
0.31937816739082336
0.7034727931022644
0.13278812170028687
0.549537181854248
0.5144565105438232
0.6112491488456726
0.4058649241924286
0.8034590482711792
0.5249879956245422
0.18340900540351868
0.5815747976303101
0.7479208707809448
0.36834725737571716
0.6292111277580261
0.945483922958374
0.8399688601493835
0.7698472142219543
0.24570327997207642
0.5923018455505371
0.4398718774318695
0.22337491810321808
0.3498281240463257
0.8908467292785645
0.4785044193267822
0.4185759723186493
0.014928346499800682
0.11819729208946228
0.25013384222984314
0.6313111186027527
0.33408159017562866
0.4320324659347534
0.16439127922058105
0.005451323930174112
0.7649601697921753
0.21479076147079468
0.3360973000526428
0.9974957704544067
0.3736094534397125
0.19155268371105194
0.2343149334192276
0.5651715397834778
0.08004827052354813
0.2924712896347046
0.8061551451683044
0.24645793437957764
0.8870365023612976
0.9360723495483398
0.3285902142524719
0.7499806880950928
0.34126168489456177
0.2128419280052185
0.2682711184024811
0.1780456304550171
0.0910307914018631
0.7665832042694092
0.05139080062508583
0.5431013107299805
0.766974687576294
0.20900171995162964
0.7092711329460144
0.1256905049085617
0.3156680464744568
0.8768126368522644
0.08459222316741943
0.9604449272155762
0.2691892683506012
0.070094533264637
0.5210806131362915
0.43226203322410583
0.5883148908615112
0.9691903591156006
0.8046403527259827
0.4941026270389557
0.3863830268383026
0.6269526481628418
0.29120802879333496
0.4981148838996887
0.20827560126781464
0.34216979146003723
0.32006826996803284
0.7017428278923035
0.10716062784194946
0.14475655555725098
0.9116379022598267
0.7800418734550476
0.044357720762491226
0.8514569401741028
0.8506758809089661
0.9424176812171936
0.286781370639801
0.1942133903503418
0.356451153755188
0.8113627433776855
0.9841656684875488
0.5991203188896179
0.630815327167511
0.0059112668968737125
0.03652658313512802
0.17892591655254364
0.7255852818489075
0.9926261901855469
0.3642963171005249
0.938317060470581
0.8093783259391785
0.7278830409049988
0.141670823097229
0.8368537425994873
0.6450268030166626
0.7681547999382019
0.3750116527080536
0.34628185629844666
0.4621795415878296
0.13044846057891846
0.5134644508361816
0.23982544243335724
0.19117172062397003
0.7493764758110046
0.08970125019550323
0.8092527389526367
0.46320587396621704
0.4605691432952881
0.7443810105323792
0.07746966928243637
0.34565165638923645
0.16872526705265045
0.45439472794532776
0.4924173355102539
0.4148629307746887
0.38801154494285583
0.5350369215011597
0.9930159449577332
0.5801874399185181
0.7446812987327576
0.45033958554267883
0.3017630875110626
0.24763965606689453
0.2932072877883911
0.915339469909668
0.1676504909992218
0.5421286225318909
0.6111985445022583
0.6447034478187561
0.7705206274986267
0.753020703792572
0.9584363698959351
0.01065159123390913
0.06138546019792557
0.793986439704895
0.8198744654655457
0.548330545425415
0.6848499178886414
0.042424313724040985
0.6900277137756348
0.6227061748504639
0.07684771716594696
0.5061755180358887
0.9475169777870178
0.9170054197311401
0.41384631395339966
0.9767457842826843
0.9654206037521362
0.981205940246582
0.11581969261169434
0.27022096514701843
0.6339347958564758
0.8091920614242554
0.1590247005224228
0.4535391926765442
0.029972758144140244
0.8698416948318481
0.5184389352798462
0.8843128085136414
0.9616993069648743
0.3802618384361267
0.44855931401252747
0.0033305701799690723
0.04193057864904404
0.616710364818573
0.3508938252925873
0.32423126697540283
0.7279781103134155
0.18290401995182037
0.889904797077179
0.7785402536392212
0.2097061574459076
0.6209992170333862
0.49986153841018677
0.7106104493141174
0.5654608011245728
0.5772026181221008
0.09346611052751541
0.4269005358219147
0.8156710863113403
0.022164450958371162
0.11126361787319183
0.5504393577575684
0.4358331561088562
0.8040434718132019
0.9486281275749207
0.28480905294418335
0.1594756841659546
0.46607595682144165
0.18621113896369934
0.8267955780029297
0.2521606981754303
0.24698524177074432
0.07268745452165604
0.7388283014297485
0.3062449097633362
0.30302610993385315
0.41198888421058655
0.017353683710098267
0.12837792932987213
0.7529096603393555
0.31688106060028076
0.929454505443573
0.3108854591846466
0.7163940072059631
0.21608635783195496
0.43434804677963257
0.6205790638923645
0.24493294954299927
0.9201028943061829
0.7856994271278381
0.4657897651195526
0.5658789277076721
0.9403615593910217
0.3411814868450165
0.9205106496810913
0.17574475705623627
0.5705363750457764
0.6017192006111145
0.0985584557056427
0.9363886117935181
0.6081333160400391
0.9003511667251587
0.8414559960365295
0.8279942870140076
0.9887184500694275
0.9589301943778992
0.20080719888210297
0.4294140934944153
0.9462236166000366
0.04082575440406799
0.14403410255908966
0.6216123104095459
0.20647287368774414
0.48822516202926636
0.41499197483062744
0.00137988047208637
0.9959414005279541
0.1206408366560936
0.7069872617721558
0.33192047476768494
0.6650537252426147
0.19770415127277374
0.7934168577194214
0.25994154810905457
0.02425236813724041
0.8753737807273865
0.5694984197616577
0.4390682876110077
0.5979961156845093
0.004948467016220093
0.2174241542816162
0.03647458180785179
0.9004424810409546
0.369888573884964
0.26092255115509033
0.4099901616573334
0.871079683303833
0.061852484941482544
0.03199073299765587
0.294773668050766
0.514953076839447
0.8150597214698792
0.9204679131507874
0.9246065616607666
0.7763270735740662
0.24180082976818085
0.14667411148548126
0.08487474173307419
0.07640419155359268
0.03851593658328056
0.6043630242347717
0.7213021516799927
0.9255291819572449
0.7026382684707642
0.6179425120353699
0.20581108331680298
0.388374388217926
0.6680458188056946
0.96370530128479
0.0882900133728981
0.517167866230011
0.3603564202785492
0.16705188155174255
0.2863733470439911
0.28467199206352234
0.935373842716217
0.7928135991096497
0.8111793994903564
0.0887429267168045
0.2018347978591919
0.12929825484752655
0.35887280106544495
0.543512225151062
0.39062973856925964
0.18052640557289124
0.8828778266906738
0.044296082109212875
0.7579943537712097
0.5488868355751038
0.9582933187484741
0.5026031136512756
0.0539204441010952
0.885496199131012
0.38373392820358276
0.6246280074119568
0.21546153724193573
0.16822168231010437
0.9816722273826599
0.4248085916042328
0.09020988643169403
0.17696881294250488
0.8962307572364807
0.6139240264892578
0.3843911588191986
0.4654175043106079
0.9319485425949097
0.017895974218845367
0.21618321537971497
0.8193134069442749
0.4955294728279114
0.015534976497292519
0.9279062151908875
0.2248207926750183
0.5126703381538391
0.834716796875
0.7382940053939819
0.7461053729057312
0.4726344347000122
0.9010254740715027
0.40745219588279724
0.1948818862438202
0.7040714621543884
0.23153701424598694
0.3646680414676666
0.19650696218013763
0.5338663458824158
0.939083993434906
0.8303428888320923
0.7344646453857422
0.6882630586624146
0.9095863699913025
0.1502411663532257
0.135319322347641
0.2911708950996399
0.44168710708618164
0.8829939365386963
0.5943590998649597
0.2774612009525299
0.41670578718185425
0.36581897735595703
0.20546205341815948
0.8281095027923584
0.24569962918758392
0.9647288918495178
0.24300765991210938
0.11077886074781418
0.4635712504386902
0.2327381819486618
0.4853125214576721
0.1993071585893631
0.8120443820953369
0.803672730922699
0.22332344949245453
0.3998884856700897
0.17291033267974854
0.3573508858680725
0.6547149419784546
0.977946937084198
0.15002571046352386
0.7261101603507996
0.9620492458343506
0.14210860431194305
0.2654499411582947
0.6762562394142151
0.3216347396373749
0.32891541719436646
0.2642560601234436
0.7266027331352234
0.6537041068077087
0.1843426376581192
0.9640944004058838
0.21047449111938477
0.7568470239639282
0.3732605278491974
0.4852362871170044
0.6399368047714233
0.3899640440940857
0.18569892644882202
0.6607451438903809
0.36520928144454956
0.5329813957214355
0.912058413028717
0.33967703580856323
0.38939473032951355
0.7062739133834839
0.617983877658844
0.8683882355690002
0.6171409487724304
0.4197736978530884
0.07695259898900986
0.388406366109848
0.4962572753429413
0.9085996150970459
0.4530598521232605
0.9591509103775024
0.18846163153648376
0.756706714630127
0.13117504119873047
0.564742386341095
0.7835732698440552
0.6709602475166321
0.74228435754776
0.011743921786546707
0.2968822121620178
0.6979180574417114
0.6402309536933899
0.5255651473999023
0.03308242931962013
0.24650776386260986
0.4246390163898468
0.19076041877269745
0.2997704744338989
0.24635834991931915
0.368854284286499
0.12750190496444702
0.982936441898346
0.7436809539794922
0.9452655911445618
0.04509364441037178
0.7695239782333374
0.9800524115562439
0.14942094683647156
0.7185478210449219
0.5106741786003113
0.9410374164581299
0.2627700865268707
0.12299776077270508
0.22651642560958862
0.04177984595298767
0.8061568737030029
0.34261342883110046
0.3967169225215912
0.00765122240409255
0.7343886494636536
0.465070515871048
0.23348551988601685
0.9459211826324463
0.3079001307487488
0.7303847670555115
0.58433997631073
0.1097283810377121
0.6986157894134521
0.5715586543083191
0.7355321049690247
0.9874635934829712
0.8866369724273682
0.687758207321167
0.18515874445438385
0.413614422082901
0.9581798911094666
0.46024006605148315
0.4017399549484253
0.9773502349853516
0.8484736084938049
0.6265650987625122
0.7016822695732117
0.2269883006811142
0.8945925831794739
0.9527881145477295
0.14663605391979218
0.8792843222618103
0.723244309425354
0.4056031405925751
0.8477726578712463
0.016155270859599113
0.24897393584251404
0.24631506204605103
0.5754238963127136
0.3053660988807678
0.6301221251487732
0.7391000986099243
0.6194138526916504
0.6352571845054626
0.7753444910049438
0.7041642665863037
0.9948944449424744
0.04092603921890259
0.22422480583190918
0.2821443974971771
0.6131279468536377
0.6436755061149597
0.04862964525818825
0.7206368446350098
0.8302980065345764
0.8151366114616394
0.8002753853797913
0.4340416193008423
0.6956301331520081
0.9324809312820435
0.0849699005484581
0.45600706338882446
0.471248060464859
0.1261698305606842
0.24513733386993408
0.17773067951202393
0.12492701411247253
0.42436516284942627
0.9663564562797546
0.8006083965301514
0.5658666491508484
0.21670012176036835
0.42366212606430054
0.7360632419586182
0.8901824355125427
0.2117777317762375
0.41744422912597656
0.3498011529445648
0.10345450043678284
0.6486877799034119
0.6559435725212097
0.6158066987991333
0.22773727774620056
0.5140761137008667
0.1616891622543335
0.30246323347091675
0.9863898754119873
0.33419644832611084
0.24240095913410187
0.9899731278419495
0.19821414351463318
0.6283910870552063
0.7391899824142456
0.3143261671066284
0.08291880041360855
0.4576253592967987
0.32090628147125244
0.6104252934455872
0.5843619108200073
0.29456645250320435
0.09061355888843536
0.821259081363678
0.545067548751831
0.8061197400093079
0.5637003779411316
0.18338771164417267
0.7366397380828857
0.8109185099601746
0.2866569757461548
0.5607560873031616
0.7278910279273987
0.1816086769104004
0.9440177083015442
0.08547515422105789
0.06387221068143845
0.253792941570282
0.5570617318153381
0.7698662281036377
0.7162632942199707
0.11024695634841919
0.4066135883331299
0.22530165314674377
0.31387799978256226
0.49678170680999756
0.8808460235595703
0.9356263875961304
0.9809819459915161
0.19232943654060364
0.03984222561120987
0.5595553517341614
0.9379895925521851
0.6258766651153564
0.15969234704971313
0.6634947061538696
0.4163208305835724
0.84775310754776
0.10894342511892319
0.30072295665740967
0.8210926055908203
0.7771105766296387
0.44221314787864685
0.8242819905281067
0.7932655215263367
0.6076395511627197
0.13557685911655426
0.6819798350334167
0.7963669896125793
0.7600473761558533
0.3572777211666107
0.08938071876764297
0.5712037086486816
0.2987425625324249
0.9399470686912537
0.36948665976524353
0.5557630658149719
0.8639935255050659
0.19966700673103333
0.29301372170448303
0.02990397810935974
0.5880935788154602
0.5175891518592834
0.34069275856018066
0.796675443649292
0.45150884985923767
0.5859450697898865
0.38588714599609375
0.5572032332420349
0.6257582306861877
0.342272013425827
0.7352544665336609
0.7614842653274536
0.833162784576416
0.046862196177244186
0.8527451753616333
0.8871728777885437
0.2510995864868164
0.37238895893096924
0.4314126968383789
0.4069259762763977
0.8147091269493103
0.4416460692882538
0.6784886717796326
0.10624616593122482
0.8578079342842102
0.8064766526222229
0.8178130388259888
0.5196831822395325
0.38313746452331543
0.826730489730835
0.14919841289520264
0.24752585589885712
0.16008783876895905
0.7114628553390503
0.5834517478942871
0.8618354797363281
0.4940358102321625
0.2664761245250702
0.9738362431526184
0.6292057633399963
0.21030721068382263
0.06540821492671967
0.887634813785553
0.9885352849960327
0.48859164118766785
0.7713391780853271
0.4597974717617035
0.8898533582687378
0.09543003141880035
0.6393725275993347
0.36015698313713074
0.6752848625183105
0.0737542137503624
0.17207306623458862
0.6659852862358093
0.6654272675514221
0.13363748788833618
0.06982741504907608
0.5616278648376465
0.03282913193106651
0.9826465845108032
0.8006731867790222
0.6716603636741638
0.010960320942103863
0.9212211966514587
0.6603648066520691
0.28094667196273804
0.5646246075630188
0.35235586762428284
0.5460649728775024
0.7073401808738708
0.18419331312179565
0.11812128126621246
0.9612265229225159
0.09792885929346085
0.9536084532737732
0.10263881087303162
0.4858779013156891
0.25769802927970886
0.40263819694519043
0.5629323720932007
0.7097296714782715
0.9941962957382202
0.7902846336364746
0.5851110816001892
0.22033311426639557
0.8616420030593872
0.8815814256668091
0.6092907786369324
0.2320583015680313
0.6932166814804077
0.51417475938797
0.6843421459197998
0.1067240834236145
0.07353410124778748
0.9348943829536438
0.26726439595222473
0.4687558710575104
0.5805640816688538
0.6591508984565735
0.6351773738861084
0.07969249784946442
0.8314045071601868
0.23965276777744293
0.7293522357940674
0.6576715111732483
0.4933238923549652
0.9150654673576355
0.2516482174396515
0.9749169945716858
0.24286064505577087
0.4879642426967621
0.675835132598877
0.5273063778877258
0.9848790764808655
0.4338251054286957
0.3850700557231903
0.5733394026756287
0.4640187919139862
0.8872111439704895
0.7177490592002869
0.8481078147888184
0.3546482026576996
0.20547758042812347
0.35848188400268555
0.07796448469161987
0.11701434850692749
0.2776505649089813
0.6481063961982727
0.8976691365242004
0.2569080889225006
0.3755032420158386
0.8161460757255554
0.37964943051338196
0.44228246808052063
0.5657961368560791
0.6619066596031189
0.39082494378089905
0.9399396181106567
0.17792417109012604
0.3598717153072357
0.5278295278549194
0.18119314312934875
0.5206664204597473
0.7577431201934814
0.9144677519798279
0.3813958764076233
0.5028272867202759
0.464100182056427
0.6630030274391174
0.007981494069099426
0.23118823766708374
0.63371342420578
0.7759520411491394
0.6352640390396118
0.06838610768318176
0.5534877181053162
0.5431401133537292
0.2558361887931824
0.7155373096466064
0.9286447167396545
0.385653555393219
0.3177631199359894
0.06801723688840866
0.13540968298912048
0.7594001293182373
0.39982232451438904
0.13567668199539185
0.5287860631942749
0.84335857629776
0.4010396897792816
0.568644106388092
0.5184302926063538
0.16216972470283508
0.5848925709724426
0.589182436466217
0.749082088470459
0.9516770243644714
0.42352890968322754
0.9445972442626953
0.12642276287078857
0.789405882358551
0.05200962349772453
0.4500976800918579
0.2919362187385559
0.11430570483207703
0.05369363725185394
0.8191823959350586
0.7530360221862793
0.305196613073349
0.15219822525978088
0.6268921494483948
0.9402437210083008
0.2838653326034546
0.43673956394195557
0.5579246878623962
0.48162832856178284
0.6244412660598755
0.9226382374763489
0.6629433035850525
0.05654870346188545
0.29242926836013794
0.37237870693206787
0.6517630219459534
0.5727398991584778
0.20970124006271362
0.21552059054374695
0.26804494857788086
0.5596050024032593
0.44545966386795044
0.8821523189544678
0.37368252873420715
0.7342519164085388
0.9587520360946655
0.3921576738357544
0.19662366807460785
0.8193608522415161
0.6224291324615479
0.5883626341819763
0.6065075993537903
0.565795361995697
0.24117214977741241
0.05556754767894745
0.2373676300048828
0.9843780398368835
0.7691437602043152
0.2067091166973114
0.9427025318145752
0.2990312874317169
0.4828016459941864
0.8523460626602173
0.6808035373687744
0.7329025268554688
0.8262467980384827
0.7623142600059509
0.5866578817367554
0.8077303767204285
0.14629484713077545
0.15254539251327515
0.5259912610054016
0.4354701638221741
0.3238036334514618
0.908676266670227
0.4606805443763733
0.8015443682670593
0.5206712484359741
0.8076032400131226
0.9016550183296204
0.10988010466098785
0.32527658343315125
0.30312076210975647
0.6219392418861389
0.3429388403892517
0.9175254702568054
0.767169713973999
0.6541408896446228
0.8571196794509888
0.14951682090759277
0.39208275079727173
0.0009036025730893016
0.30878081917762756
0.3436472713947296
0.6343393921852112
0.05118490755558014
0.9798654913902283
0.3196673095226288
0.7505212426185608
0.14501510560512543
0.4476044774055481
0.3887666165828705
0.38848385214805603
0.8963629603385925
0.06023944914340973
0.7748077511787415
0.4859566390514374
0.6156294345855713
0.6262587904930115
0.5393995046615601
0.9562502503395081
0.2456483393907547
0.47274327278137207
0.5756024718284607
0.431046724319458
0.5531994104385376
0.3983449339866638
0.09127259254455566
0.06811735779047012
0.8622205853462219
0.5659419298171997
0.7088682651519775
0.7984687089920044
0.052208878099918365
0.5870532393455505
0.5801183581352234
0.8915795683860779
0.27965715527534485
0.6019430756568909
0.4716606140136719
0.3862524628639221
0.7894209027290344
0.03132147714495659
0.5561602711677551
0.21874552965164185
0.004449052270501852
0.1621275544166565
0.2574634253978729
0.5114051103591919
0.46095412969589233
0.3479456305503845
0.9904552102088928
0.8092547059059143
0.41004958748817444
0.12273315340280533
0.9446852207183838
0.6639085412025452
0.2586660385131836
0.006939769722521305
0.9210250973701477
0.3080194890499115
0.23257945477962494
0.18940898776054382
0.24551060795783997
0.9285035133361816
0.9211925268173218
0.6679713129997253
0.13156558573246002
0.05410509929060936
0.31255415081977844
0.15970748662948608
0.18177521228790283
0.20829425752162933
0.6890868544578552
0.4130149185657501
0.5551406741142273
0.7366913557052612
0.369663804769516
0.1355198621749878
0.69547039270401
0.37173399329185486
0.594927191734314
0.2859998047351837
0.4072745442390442
0.8143073320388794
0.3881901800632477
0.09533143043518066
0.23569057881832123
0.061925891786813736
0.17254410684108734
0.08639232069253922
0.428425669670105
0.8527885675430298
0.8871195912361145
0.36478862166404724
0.8562580347061157
0.7907368540763855
0.401081919670105
0.2652817368507385
0.6405561566352844
0.219435915350914
0.0362459160387516
0.6151531934738159
0.8949708342552185
0.4467153549194336
0.6037082672119141
0.24262860417366028
0.8289717435836792
0.19888973236083984
0.8548253774642944
0.6120714545249939
0.21275536715984344
0.33449646830558777
0.652642548084259
0.46329373121261597
0.8565608859062195
0.8159517049789429
0.5828931331634521
0.710119366645813
0.961961030960083
0.3766302466392517
0.10482362657785416
0.25708305835723877
0.18627817928791046
0.8532094359397888
0.9979305267333984
0.438420832157135
0.7004073262214661
0.4408614933490753
0.547018826007843
0.2831774950027466
0.34138283133506775
0.6814632415771484
0.13316252827644348
0.5581468343734741
0.3651497960090637
0.5023651123046875
0.7195753455162048
0.39341476559638977
0.524736225605011
0.7898761630058289
0.5156009793281555
0.7614941000938416
0.9565280079841614
0.2716377377510071
0.9498095512390137
0.5892446637153625
0.16866350173950195
0.494736909866333
0.2010025680065155
0.46922239661216736
0.6837035417556763
0.07742854952812195
0.24346469342708588
0.06650643795728683
0.381071537733078
0.258552223443985
0.6968698501586914
0.509641706943512
0.5832962989807129
0.41581296920776367
0.6344837546348572
0.03980454057455063
0.32185640931129456
0.07035592198371887
0.7403103709220886
0.17079871892929077
0.2578050196170807
0.9720209836959839
0.2651335895061493
0.713712751865387
0.7957043647766113
0.26935046911239624
0.6777418255805969
0.378726989030838
0.49094158411026
0.6700679659843445
0.14802508056163788
0.2544320523738861
0.36000433564186096
0.5739601254463196
0.04775714874267578
0.901344895362854
0.473846435546875
0.2635154128074646
0.27152135968208313
0.7162858843803406
0.8812081217765808
0.4751151502132416
0.005962655879557133
0.7555696368217468
0.5097408294677734
0.36620032787323
0.1139805018901825
0.8098981380462646
0.4124494791030884
0.4011973440647125
0.41220465302467346
0.08775310963392258
0.15710783004760742
0.6444668769836426
0.6739192008972168
0.5879650712013245
0.10548242926597595
0.1732831597328186
0.8219873905181885
0.8242631554603577
0.9812964200973511
0.386731892824173
0.25293025374412537
0.4640447497367859
0.26657557487487793
0.6298905611038208
0.44365087151527405
0.640989363193512
0.33350369334220886
0.24873758852481842
0.6634085178375244
0.979027271270752
0.6587123274803162
0.16695742309093475
0.04562782123684883
0.6023493409156799
0.9316921234130859
0.5349255800247192
0.6418557167053223
0.654273509979248
0.06536120921373367
0.5638819932937622
0.03404269367456436
0.4327614903450012
0.1317521035671234
0.8104918003082275
0.30762961506843567
0.08882244676351547
0.007285594940185547
0.19362647831439972
0.05826083570718765
0.577492356300354
0.29638221859931946
0.8701550364494324
0.16623429954051971
0.40400856733322144
0.14484025537967682
0.517615795135498
0.9850692749023438
0.14372588694095612
0.3016217350959778
0.5847796201705933
0.4316585659980774
0.3149711787700653
0.60603928565979
0.9346755743026733
0.1129746213555336
0.023301448673009872
0.06867489218711853
0.49745094776153564
0.054647594690322876
0.7054664492607117
0.5699040293693542
0.264663428068161
0.8138210773468018
0.08388369530439377
0.18988335132598877
0.5124410390853882
0.7248700857162476
0.4802468419075012
0.3547152280807495
0.15263235569000244
0.022081313654780388
0.4459993541240692
0.6141809225082397
0.4251469373703003
0.2837071120738983
0.37592050433158875
0.329583078622818
0.8147472739219666
0.5394341349601746
0.7362271547317505
0.9002874493598938
0.6218124628067017
0.33993083238601685
0.4952331781387329
0.5775397419929504
0.7493367195129395
0.33797651529312134
0.917393147945404
0.497232049703598
0.2607544958591461
0.8937044143676758
0.30283597111701965
0.8818761110305786
0.47452032566070557
0.9022567272186279
0.8429914116859436
0.27747252583503723
0.20907455682754517
0.27774399518966675
0.5962011814117432
0.9427258372306824
0.1991012990474701
0.29893824458122253
0.4292573630809784
0.5271012187004089
0.06435370445251465
0.6517656445503235
0.5787176489830017
0.6047228574752808
0.2679525911808014
0.0951189398765564
0.45096665620803833
0.5573430061340332
0.7404550313949585
0.16642430424690247
0.5392528772354126
0.49750253558158875
0.40677309036254883
0.12318757176399231
0.3078080117702484
0.1616983413696289
0.6384828686714172
0.5341265201568604
0.7320535778999329
0.39080312848091125
0.11083713173866272
0.05679745227098465
0.5144546031951904
0.5191777944564819
0.5188031196594238
0.3594430387020111
0.8830644488334656
0.7453544735908508
0.6242321729660034
0.7873708605766296
0.9098860621452332
0.19003163278102875
0.8316538333892822
0.640618622303009
0.09120917320251465
0.6720144152641296
0.7450055480003357
0.06622770428657532
0.37789982557296753
0.5979636311531067
0.32481586933135986
0.5927664637565613
0.33454495668411255
0.09269878268241882
0.8411442637443542
0.09933090955018997
0.11604514718055725
0.920904815196991
0.3441888093948364
0.06943802535533905
0.7943857908248901
0.023717960342764854
0.4889424741268158
0.5385259389877319
0.6661007404327393
0.15708027780056
0.20831242203712463
0.29601603746414185
0.48710885643959045
0.4149214029312134
0.9160366058349609
0.40798789262771606
0.7899277806282043
0.7906498312950134
0.6304270029067993
0.7914153337478638
0.7083512544631958
0.7586823105812073
0.6754401326179504
0.6753594279289246
0.14178603887557983
0.34927651286125183
0.38883987069129944
0.24856065213680267
0.9580370783805847
0.4100816547870636
0.3893524706363678
0.5832006335258484
0.46180808544158936
0.06630551815032959
0.5222955942153931
0.3619256317615509
0.5634610652923584
0.9485337138175964
0.2735217213630676
0.8472128510475159
0.9873987436294556
0.7444452047348022
0.4193005859851837
0.8290019035339355
0.5978415608406067
0.19206660985946655
0.1957765519618988
0.3455563485622406
0.4811973571777344
0.1907442957162857
0.6959378719329834
0.08245290070772171
0.06830912083387375
0.5732688903808594
0.08577360212802887
0.21980898082256317
0.7066202759742737
0.03260797634720802
0.8324261903762817
0.26803916692733765
0.8192414045333862
0.40592020750045776
0.3404833674430847
0.6735716462135315
0.5604020953178406
0.32133808732032776
0.8711954951286316
0.9329984188079834
0.24766205251216888
0.997422456741333
0.3250684440135956
0.049159467220306396
0.7269457578659058
0.6269137263298035
0.7580680847167969
0.9936556816101074
0.5002447366714478
0.6434046030044556
0.842011034488678
0.0030899490229785442
0.8498135805130005
0.41908684372901917
0.315436989068985
0.900000274181366
0.3889380693435669
0.09263709932565689
0.6757161617279053
0.12009599804878235
0.6286588907241821
0.9850643277168274
0.9384745359420776
0.3243139982223511
0.5258086919784546
0.8766385316848755
0.0032868150155991316
0.20096373558044434
0.3677062690258026
0.5783158540725708
0.39794695377349854
0.6415712237358093
0.9990460276603699
0.09411971271038055
0.39193230867385864
0.20676811039447784
0.4080495238304138
0.7061512470245361
0.9372556805610657
0.18630973994731903
0.9624009132385254
0.26973074674606323
0.8875094056129456
0.7685030102729797
0.39442723989486694
0.7067835330963135
0.03653132542967796
0.23063427209854126
0.5128092765808105
0.21075205504894257
0.10001928359270096
0.46117103099823
0.437849223613739
0.49396249651908875
0.08072824031114578
0.1538381427526474
0.3811950087547302
0.13035598397254944
0.3300379514694214
0.4630642533302307
0.2970418334007263
0.8806657791137695
0.5405532121658325
0.24750812351703644
0.3108007311820984
0.46561941504478455
0.2576119303703308
0.7060114145278931
0.18722324073314667
0.668957531452179
0.83015376329422
0.27798670530319214
0.027304237708449364
0.3572314381599426
0.6193950176239014
0.942280650138855
0.4116247296333313
0.18658410012722015
0.8679023385047913
0.19295620918273926
0.4558022916316986
0.14399626851081848
0.9015563726425171
0.7859668731689453
0.023273009806871414
0.8233799934387207
0.18114487826824188
0.5848170518875122
0.9752930402755737
0.029791709035634995
0.9755702018737793
0.8406406044960022
0.30156150460243225
0.06765901297330856
0.2172054499387741
0.6129198670387268
0.09419510513544083
0.10722081363201141
0.7495002150535583
0.5874678492546082
0.6996246576309204
0.7744982838630676
0.7360332608222961
0.05390290915966034
0.4844498336315155
0.7808144688606262
0.13298654556274414
0.17773330211639404
0.6629060506820679
0.9718301296234131
0.517046332359314
0.9764643311500549
0.46024394035339355
0.6608906388282776
0.9087972044944763
0.8987624645233154
0.20262277126312256
0.5543263554573059
0.16094617545604706
0.0894811600446701
0.1913815289735794
0.45532989501953125
0.7742351293563843
0.8366779088973999
0.5514375567436218
0.8120256066322327
0.6377549767494202
0.2121465802192688
0.8008724451065063
0.3941883146762848
0.2567973732948303
0.07883021235466003
0.03220212832093239
0.1140870451927185
0.6773316860198975
0.5448191165924072
0.051562052220106125
0.38258662819862366
0.23235967755317688
0.7868578433990479
0.1294497400522232
0.9230062365531921
0.7360283136367798
0.9328703880310059
0.41555994749069214
0.47583243250846863
0.556499719619751
0.8068387508392334
0.6927699446678162
0.5365099906921387
0.7302646636962891
0.9274183511734009
0.6115667819976807
0.47679391503334045
0.9271815419197083
0.014077316038310528
0.26454442739486694
0.87952721118927
0.38563069701194763
0.5082160830497742
0.55415940284729
0.050431594252586365
0.5810354948043823
0.79090416431427
0.7815373539924622
0.8621323704719543
0.26312491297721863
0.6976727843284607
0.08336896449327469
0.33921825885772705
0.7090904116630554
0.5070385932922363
0.7473123669624329
0.3692750930786133
0.11973646283149719
0.9933007955551147
0.7103856205940247
0.4851699471473694
0.5779005289077759
0.19434566795825958
0.37052464485168457
0.15386749804019928
0.7851908206939697
0.6184963583946228
0.11262120306491852
0.33285242319107056
0.9436492323875427
0.6862746477127075
0.7973753213882446
0.2258249819278717
0.4880013167858124
0.99501633644104
0.7160966992378235
0.03667362034320831
0.63447105884552
0.6754018664360046
0.3237909972667694
0.09697406738996506
0.31667113304138184
0.051531847566366196
0.47997888922691345
0.00025769523927010596
0.011096363887190819
0.1872677356004715
0.30297112464904785
0.7980112433433533
0.9739157557487488
0.10128435492515564
0.4049021601676941
0.45023709535598755
0.10584335774183273
0.6726234555244446
0.035552456974983215
0.40240392088890076
0.7873271703720093
0.807697594165802
0.04955143854022026
0.5191977024078369
0.7307199239730835
0.13556846976280212
0.19018122553825378
0.5067499279975891
0.8701657056808472
0.8576304912567139
0.6338776350021362
0.7809398174285889
0.3348011076450348
0.5106916427612305
0.4901074171066284
0.5854419469833374
0.014302438125014305
0.3833087980747223
0.3080124258995056
0.5689392685890198
0.4778011739253998
0.10689987242221832
0.45454949140548706
0.5087525248527527
0.7277308702468872
0.14068029820919037
0.5496192574501038
0.1799161583185196
0.251518577337265
0.5057109594345093
0.47054362297058105
0.593636155128479
0.14604617655277252
0.9467759728431702
0.14912082254886627
0.24430689215660095
0.3379039466381073
0.9899286031723022
0.6528197526931763
0.8329269289970398
0.11747512221336365
0.8990020751953125
0.9014573693275452
0.936060905456543
0.5729957222938538
0.020271359011530876
0.03887889161705971
0.11440753936767578
0.28469374775886536
0.5677106976509094
0.8117695450782776
0.11658979952335358
0.048512931913137436
0.5061593651771545
0.23733317852020264
0.017255181446671486
0.10662999004125595
0.3202224373817444
0.07990443706512451
0.31457462906837463
0.25227198004722595
0.5162981152534485
0.5396549105644226
0.28494465351104736
0.9734475016593933
0.6526133418083191
0.8161913156509399
0.2804567813873291
0.07421604543924332
0.6224385499954224
0.9853684306144714
0.8048660755157471
0.2003566026687622
0.6195583343505859
0.7302840352058411
0.4647718369960785
0.7414764165878296
0.19180290400981903
0.5573766827583313
0.3588137924671173
0.3545369803905487
0.1468018889427185
0.5691220760345459
0.14656367897987366
0.37162908911705017
0.7264356017112732
0.8127899765968323
0.11563960462808609
0.5687692165374756
0.0036843682173639536
0.29346904158592224
0.524852991104126
0.5141053199768066
0.34349146485328674
0.9067368507385254
0.4931474030017853
0.125618115067482
0.9539750218391418
0.4376157224178314
0.9972174763679504
0.42882633209228516
0.9292261004447937
0.3444550037384033
0.6853453516960144
0.5625890493392944
0.8365219235420227
0.4416619539260864
0.5166490077972412
0.8639663457870483
0.9395774602890015
0.7134560346603394
0.8235886096954346
0.29433006048202515
0.29436439275741577
0.4006595015525818
0.06115872785449028
0.7206084728240967
0.3970831632614136
0.6637255549430847
0.40922489762306213
0.7503132820129395
0.2811548709869385
0.044233404099941254
0.09294911473989487
0.17185881733894348
0.7796186208724976
0.7976358532905579
0.19666168093681335
0.24543480575084686
0.6800950765609741
0.9977593421936035
0.08335777372121811
0.46723058819770813
0.3709415793418884
0.8305479288101196
0.8425305485725403
0.710250973701477
0.9382108449935913
0.43836426734924316
0.6875844597816467
0.7675544619560242
0.40748727321624756
0.5493019819259644
0.5243350863456726
0.31154102087020874
0.3148319125175476
0.21048149466514587
0.38216960430145264
0.0022593101020902395
0.981341540813446
0.35180941224098206
0.957619309425354
0.023387795314192772
0.7350953221321106
0.4460590183734894
0.7234150767326355
0.5988847613334656
0.42892932891845703
0.9621151685714722
0.8576427102088928
0.3136993646621704
0.14274902641773224
0.9443948268890381
0.2840908467769623
0.18368497490882874
0.2742365002632141
0.13525860011577606
0.46474510431289673
0.9251312613487244
0.36981096863746643
0.931439220905304
0.2627483904361725
0.3118464946746826
0.977928876876831
0.14731498062610626
0.08722799271345139
0.5935032367706299
0.8705933690071106
0.8539729118347168
0.5356461405754089
0.4138018786907196
0.29685962200164795
0.7775955200195312
0.4704500138759613
0.6306153535842896
0.47232353687286377
0.9400935769081116
0.4588921070098877
0.2016918659210205
0.5840814113616943
0.8477064371109009
0.2118334323167801
0.9894788265228271
0.06309417635202408
0.8066562414169312
0.5643129348754883
0.7087832689285278
0.6893501281738281
0.5796380043029785
0.13129667937755585
0.04348326474428177
0.5706059336662292
0.07605691254138947
0.6372414827346802
0.10030050575733185
0.11200833320617676
0.21850842237472534
0.7831657528877258
0.261927992105484
0.2258693277835846
0.04074440896511078
0.9457337856292725
0.9872530698776245
0.6152723431587219
0.5730887055397034
0.6192253232002258
0.14547355473041534
0.3762691915035248
0.9543451070785522
0.3387378752231598
0.24524477124214172
0.9167317152023315
0.9571396708488464
0.6326540112495422
0.26021137833595276
0.9061475396156311
0.309268981218338
0.2287341058254242
0.06108902022242546
0.12786301970481873
0.5919061303138733
0.8403674960136414
0.08772734552621841
0.054394692182540894
0.3949519395828247
0.853525698184967
0.3027624487876892
0.6781860589981079
0.9529803991317749
0.03933781012892723
0.8939407467842102
0.9795544743537903
0.15964514017105103
0.41140758991241455
0.10863883793354034
0.5466158390045166
0.8463252782821655
0.12389381974935532
0.8869031667709351
0.44585907459259033
0.5371991395950317
0.2945411205291748
0.35204362869262695
0.23401957750320435
0.042016077786684036
0.9256365299224854
0.5097923278808594
0.07791178673505783
0.6627278923988342
0.0744965672492981
0.4559372663497925
0.042298946529626846
0.42051589488983154
0.13816335797309875
0.5125939249992371
0.16757184267044067
0.0110178142786026
0.6181288957595825
0.4087792634963989
0.16510452330112457
0.8982484936714172
0.5422893762588501
0.8306642174720764
0.8054635524749756
0.679783821105957
0.6591448187828064
0.8906072378158569
0.9502471685409546
0.7647809386253357
0.5301286578178406
0.24117957055568695
0.9879313707351685
0.6340296268463135
0.1485072374343872
0.32348817586898804
0.06184598058462143
0.3596498668193817
0.5289881825447083
0.590337872505188
0.21690674126148224
0.3978554308414459
0.5135089755058289
0.816857635974884
0.9537158608436584
0.9577760696411133
0.4934137761592865
0.5517106056213379
0.3943106234073639
0.3833940625190735
0.27409008145332336
0.32595503330230713
0.21876658499240875
0.7462313771247864
0.6728665828704834
0.11082202941179276
0.8144834041595459
0.5979925990104675
0.9212492108345032
0.27084967494010925
0.961818516254425
0.16963574290275574
0.10293179750442505
0.36780399084091187
0.9526877403259277
0.5641927719116211
0.4729538857936859
0.570202648639679
0.12023187428712845
0.06616269052028656
0.9421151280403137
0.3144743740558624
0.5702835321426392
0.9441134929656982
0.25589755177497864
0.4109528958797455
0.2995472252368927
0.6898024678230286
0.0846821740269661
0.16885468363761902
0.049098823219537735
0.3515934348106384
0.011824949644505978
0.12595126032829285
0.11308469623327255
0.4229635000228882
0.049706943333148956
0.05762767791748047
0.8186797499656677
0.42330121994018555
0.36250853538513184
0.7755597829818726
0.2347777634859085
0.8031412959098816
0.8264033794403076
0.23225024342536926
0.7370589971542358
0.7037876844406128
0.1390499323606491
0.4444245994091034
0.29097795486450195
0.21419142186641693
0.5071656703948975
0.024036714807152748
0.5897884368896484
0.7406656742095947
0.724973201751709
0.20887255668640137
0.34056735038757324
0.7254299521446228
0.01257915049791336
0.6985574960708618
0.5770002007484436
0.5786558389663696
0.3507702946662903
0.9883358478546143
0.47115176916122437
0.039030563086271286
0.4748866856098175
0.4128255844116211
0.652119517326355
0.7813068628311157
0.21687540411949158
0.18899396061897278
0.4568369686603546
0.11441628634929657
0.9835919141769409
0.9409827589988708
0.9203152060508728
0.5001017451286316
0.14675436913967133
0.9155526161193848
0.9219714999198914
0.4131440818309784
0.493319571018219
0.4621836841106415
0.08291683346033096
0.6882829070091248
0.6949431300163269
0.9722662568092346
0.08368412405252457
0.6643106341362
0.8654415607452393
0.3882531225681305
0.24229390919208527
0.7528790235519409
0.703877866268158
0.6029597520828247
0.8507725596427917
0.9826270937919617
0.3405471742153168
0.2432713508605957
0.43842896819114685
0.417514443397522
0.14239461719989777
0.6981222629547119
0.33441323041915894
0.10615281760692596
0.7256230711936951
0.8568854928016663
0.6978511810302734
0.7977356910705566
0.3539729714393616
0.2783965766429901
0.6511422395706177
0.44272381067276
0.430398166179657
0.9981433153152466
0.22146113216876984
0.8846187591552734
0.7404258251190186
0.49540165066719055
0.74717777967453
0.6562878489494324
0.6815391778945923
0.6165064573287964
0.784214973449707
0.6213588714599609
0.9088115096092224
0.6607017517089844
0.40055227279663086
0.3235505521297455
0.2398310899734497
0.8437297344207764
0.5942947864532471
0.43474072217941284
0.13565021753311157
0.4001184403896332
0.8415567874908447
0.6293018460273743
0.4892271161079407
0.9563631415367126
0.8888689279556274
0.42573821544647217
0.9967561364173889
0.8935654759407043
0.9550564289093018
0.8255277872085571
0.6295844316482544
0.5999496579170227
0.574198842048645
0.9096540212631226
0.3771544396877289
0.2085784673690796
0.7038342952728271
0.39907994866371155
0.9364165663719177
0.8412207961082458
0.23661008477210999
0.6176974177360535
0.919638454914093
0.9842419624328613
0.13446490466594696
0.5466643571853638
0.8336009979248047
0.07432863861322403
0.2736821472644806
0.32221442461013794
0.07788726687431335
0.3875334858894348
0.20062290132045746
0.3872728943824768
0.09473598003387451
0.1749911606311798
0.6881627440452576
0.4293345808982849
0.8961370587348938
0.20136308670043945
0.5310840606689453
0.1100364550948143
0.34413328766822815
0.370506227016449
0.590603232383728
0.325884610414505
0.7614076137542725
0.07077942043542862
0.4763794541358948
0.5175321102142334
0.9679704904556274
0.7510188221931458
0.695916473865509
0.7707821726799011
0.05010591074824333
0.19169199466705322
0.8826583623886108
0.6758188605308533
0.43350711464881897
0.6692970395088196
0.20980167388916016
0.7870730757713318
0.4555095136165619
0.164177805185318
0.6853886246681213
0.7166042923927307
0.5523399114608765
0.9507020115852356
0.9216590523719788
0.4995063245296478
0.7662418484687805
0.3981612026691437
0.34844115376472473
0.0839044377207756
0.35501474142074585
0.04485422000288963
0.6335096955299377
0.3893303871154785
0.2095901221036911
0.6250869631767273
0.29324308037757874
0.7982709407806396
0.5769983530044556
0.3660064935684204
0.8971261382102966
0.8847136497497559
0.34233441948890686
0.7009634971618652
0.06983056664466858
0.8111388683319092
0.5528548955917358
0.03440773859620094
0.6323918700218201
0.018076729029417038
0.6815923452377319
0.12601034343242645
0.7054812908172607
0.3883185386657715
0.5681239366531372
0.29030540585517883
0.825957179069519
0.47211185097694397
0.5577806830406189
0.8006294965744019
0.9947046637535095
0.3461868464946747
0.3743547797203064
0.367933988571167
0.49784329533576965
0.5137131214141846
0.5388956665992737
0.8254990577697754
0.9168680310249329
0.1730806827545166
0.08405618369579315
0.11334951221942902
0.5734466910362244
0.8691601157188416
0.5055630207061768
0.3421335518360138
0.4361858665943146
0.37273022532463074
0.3388175666332245
0.5427502989768982
0.3943699300289154
0.7677108645439148
0.4781363010406494
0.20818248391151428
0.0634131133556366
0.20904229581356049
0.7615870833396912
0.8034140467643738
0.08442098647356033
0.9615733623504639
0.4314512312412262
0.6078789830207825
0.43955716490745544
0.012417535297572613
0.1534637212753296
0.4427981972694397
0.2234382927417755
0.8347979187965393
0.6697136163711548
0.1466800421476364
0.5239163637161255
0.8758321404457092
0.17938339710235596
0.2460019737482071
0.2807037830352783
0.71954745054245
0.7094823122024536
0.9491503834724426
0.8494172692298889
0.978532075881958
0.6332361102104187
0.2149878442287445
0.9981125593185425
0.466595321893692
0.9128925800323486
0.06939606368541718
0.8085580468177795
0.4638497829437256
0.6981349587440491
0.5267361402511597
0.919057309627533
0.5067349672317505
0.7087813019752502
0.41265901923179626
0.35091742873191833
0.4193132221698761
0.4320816993713379
0.18864376842975616
0.7147709131240845
0.8894922137260437
0.723815381526947
0.053528908640146255
0.2909184694290161
0.09652576595544815
0.03935272619128227
0.9376580715179443
0.03307429328560829
0.9709742069244385
0.677829384803772
0.17833995819091797
0.5881737470626831
0.11608975380659103
0.1811174750328064
0.40915876626968384
0.8896435499191284
0.6298443675041199
0.030766380950808525
0.9202795624732971
0.9367111921310425
0.3590863049030304
0.6634789109230042
0.7608892917633057
0.4498058259487152
0.1810990273952484
0.4481099545955658
0.5165395140647888
0.14923931658267975
0.3981051743030548
0.39187902212142944
0.8756817579269409
0.8935088515281677
0.556128203868866
0.4154106378555298
0.7286041378974915
0.8085110783576965
0.10508527606725693
0.18785759806632996
0.7613080143928528
0.6910609602928162
0.9069886803627014
0.4748162627220154
0.2408759593963623
0.4510228633880615
0.41223716735839844
0.3873959183692932
0.10325257480144501
0.9649445414543152
0.08929476886987686
0.9857615828514099
0.8796593546867371
0.3425435423851013
0.7160025238990784
0.9687550663948059
0.5072034597396851
0.7544270753860474
0.6831931471824646
0.3042541444301605
0.14096130430698395
0.9799723625183105
0.8951677680015564
0.8105761408805847
0.8294350504875183
0.3287280201911926
0.8548424243927002
0.6545908451080322
0.25229981541633606
0.9067756533622742
0.7048619985580444
0.40871599316596985
0.9395997524261475
0.011697796173393726
0.6680212616920471
0.5712800621986389
0.4544268846511841
0.7843857407569885
0.8202434778213501
0.7292336821556091
0.7094746232032776
0.594123899936676
0.8661642074584961
0.3871157765388489
0.09465288370847702
0.837399423122406
0.37491342425346375
0.833386242389679
0.6572904586791992
0.2139141708612442
0.7225298881530762
0.5219106078147888
0.8220995664596558
0.11151063442230225
0.21626891195774078
0.3810589611530304
0.1593247950077057
0.26455506682395935
0.3982495367527008
0.3808245360851288
0.8839244842529297
0.473392128944397
0.31549832224845886
0.7446831464767456
0.14855457842350006
0.5594311952590942
0.24368944764137268
0.12074759602546692
0.1709568053483963
0.362669438123703
0.5517589449882507
0.8448941707611084
0.31922289729118347
0.20642416179180145
0.03969103470444679
0.21745358407497406
0.054594799876213074
0.27150803804397583
0.8885166645050049
0.6052342653274536
0.5137086510658264
0.35542091727256775
0.8364834189414978
0.6148175597190857
0.797060489654541
0.10924579948186874
0.12746411561965942
0.5964590311050415
0.7807386517524719
0.18326923251152039
0.6638375520706177
0.420040488243103
0.1229005828499794
0.7748900055885315
0.6320708990097046
0.9462108016014099
0.2857288420200348
0.8957074284553528
0.9449731707572937
0.4720507860183716
0.1724807173013687
0.9340720772743225
0.0007538418867625296
0.9243003726005554
0.2645815312862396
0.760320782661438
0.4230864942073822
0.548017680644989
0.7161830067634583
0.39964985847473145
0.6114851236343384
0.7701106667518616
0.4142642915248871
0.9593908786773682
0.14321821928024292
0.354522705078125
0.4932861626148224
0.1784908026456833
0.8641359806060791
0.20329025387763977
0.23604436218738556
0.46332642436027527
0.6409934163093567
0.28971225023269653
0.2443198710680008
0.4772729277610779
0.6989405751228333
0.05311650037765503
0.7068140506744385
0.9453793168067932
0.12189915776252747
0.025718389078974724
0.23586173355579376
0.30838221311569214
0.43779927492141724
0.3876766264438629
0.9648555517196655
0.3300590515136719
0.600515604019165
0.28133493661880493
0.36886996030807495
0.3736059367656708
0.9866253733634949
0.5097443461418152
0.6793920397758484
0.734446108341217
0.05500371381640434
0.10373248904943466
0.6930396556854248
0.5875983834266663
0.02256057970225811
0.48286187648773193
0.9798566102981567
0.9116933345794678
0.6620327830314636
0.5196022987365723
0.079366534948349
0.3269525468349457
0.628959059715271
0.86141437292099
0.3991212248802185
0.7740106582641602
0.5930989980697632
0.6721281409263611
0.9935566782951355
0.9502355456352234
0.5421836972236633
0.3489508032798767
0.04070041701197624
0.06928501278162003
0.9288391470909119
0.671314001083374
0.6514738202095032
0.8263604044914246
0.3853744566440582
0.8380971550941467
0.73983234167099
0.9969863891601562
0.29984232783317566
0.6959716081619263
0.990777850151062
0.6323975920677185
0.719398021697998
0.30172276496887207
0.3360889256000519
0.14019055664539337
0.20453113317489624
0.30213677883148193
0.2496359646320343
0.5253099203109741
0.06949258595705032
0.1661171168088913
0.5826815366744995
0.8296604156494141
0.08297871053218842
0.6602379679679871
0.6635497212409973
0.7091954350471497
0.2112322747707367
0.4310690462589264
0.05561012402176857
0.5626620054244995
0.41675055027008057
0.7767506837844849
0.6969135999679565
0.5208980441093445
0.07349248975515366
0.4760882258415222
0.5553622841835022
0.47910618782043457
0.07180096954107285
0.6218181848526001
0.2988068759441376
0.3496730327606201
0.27052828669548035
0.4191768765449524
0.7565387487411499
0.813254177570343
0.33531349897384644
0.5561679601669312
0.18967704474925995
0.48308324813842773
0.7701013088226318
0.13397343456745148
0.4433540105819702
0.9010993838310242
0.8039501309394836
0.33586278557777405
0.5794224143028259
0.12534819543361664
0.2922069728374481
0.2942156493663788
0.32419484853744507
0.5964865684509277
0.3043126165866852
0.0670405775308609
0.6751024127006531
0.03902405500411987
0.09126100689172745
0.2543550729751587
0.12809254229068756
0.5094534158706665
0.031875211745500565
0.7629192471504211
0.5134823322296143
0.7686446309089661
0.9260347485542297
0.44148948788642883
0.8486082553863525
0.7561885714530945
0.6371543407440186
0.8178356289863586
0.36957699060440063
0.8234700560569763
0.2580915093421936
0.20556171238422394
0.6606501936912537
0.8743799924850464
0.38304567337036133
0.02041626162827015
0.624431312084198
0.3116820156574249
0.2801106870174408
0.6518017649650574
0.8923619389533997
0.1719103306531906
0.7351641654968262
0.1765085756778717
0.8024744987487793
0.2916664779186249
0.3469853103160858
0.3637685179710388
0.6353598833084106
0.9085601568222046
0.5980709791183472
0.05186624825000763
0.9922533631324768
0.8258000016212463
0.9928773641586304
0.5060664415359497
0.1184922307729721
0.7396330833435059
0.09017875045537949
0.7175328731536865
0.3777480721473694
0.22757947444915771
0.5906808376312256
0.3833294212818146
0.683748722076416
0.5095973610877991
0.36290180683135986
0.2330048531293869
0.9131821393966675
0.7297073006629944
0.4065553843975067
0.9865772128105164
0.3368273973464966
0.024354731664061546
0.806727945804596
0.5365129709243774
0.6862584948539734
0.13593563437461853
0.7831881046295166
0.552652895450592
0.9299165606498718
0.5490915179252625
0.16916175186634064
0.5463048219680786
0.5725157260894775
0.819248378276825
0.045900844037532806
0.89480060338974
0.476344496011734
0.20092041790485382
0.3414258360862732
0.01076706312596798
0.7242286205291748
0.19036531448364258
0.04867106303572655
0.5132026672363281
0.3670388460159302
0.6576360464096069
0.654668390750885
0.3529857099056244
0.35300156474113464
0.937248945236206
0.4043946862220764
0.47720101475715637
0.9644671082496643
0.8183208703994751
0.9898002743721008
0.8846761584281921
0.1806294173002243
0.4052467942237854
0.7544224262237549
0.771386444568634
0.22917695343494415
0.9721400141716003
0.6634348630905151
0.40069490671157837
0.8455405831336975
0.882702112197876
0.5833303332328796
0.716270387172699
0.5219529867172241
0.7713919281959534
0.27511346340179443
0.8359280228614807
0.007622065953910351
0.07611489295959473
0.9266128540039062
0.6169086694717407
0.43391677737236023
0.04836755990982056
0.10189681500196457
0.5785692930221558
0.8016319274902344
0.3949250876903534
0.4455665946006775
0.5133626461029053
0.13052153587341309
0.6768822073936462
0.8269906044006348
0.34935462474823
0.1758180558681488
0.7758622169494629
0.2058408558368683
0.42977550625801086
0.6847411394119263
0.00452978303655982
0.3430284857749939
0.9094050526618958
0.3159988820552826
0.6693143248558044
0.5904771685600281
0.9012855887413025
0.14889368414878845
0.28338155150413513
0.8059598207473755
0.19058473408222198
0.2338273972272873
0.539347767829895
0.8774471282958984
0.7198101282119751
0.44670289754867554
0.5536061525344849
0.395050972700119
0.447358101606369
0.9361531734466553
0.4514044523239136
0.7836853861808777
0.9833993911743164
0.9916477799415588
0.31552526354789734
0.3557155430316925
0.28163957595825195
0.4194289445877075
0.8532164096832275
0.6160414218902588
0.14444220066070557
0.4324375092983246
0.28767961263656616
0.07646020501852036
0.6700249910354614
0.20175330340862274
0.8052075505256653
0.873481810092926
0.4203769564628601
0.10644657164812088
0.8669560551643372
0.500122606754303
0.3937142491340637
0.3920780420303345
0.4761945307254791
0.8163871765136719
0.047460854053497314
0.5614311099052429
0.12255360186100006
0.8176102042198181
0.2443704903125763
0.8222815990447998
0.09992250800132751
0.7939956188201904
0.2807164490222931
0.019092170521616936
0.18190136551856995
0.27784276008605957
0.5602762699127197
0.15461668372154236
0.5258606672286987
0.6245517134666443
0.23159842193126678
0.32556119561195374
0.41243499517440796
0.022037476301193237
0.5609303116798401
0.8417984843254089
0.2043149173259735
0.42637962102890015
0.07615933567285538
0.9342950582504272
0.3955898880958557
0.4702908992767334
0.7139859199523926
0.0840887725353241
0.9174129366874695
0.17426875233650208
0.7174389958381653
0.33147993683815
0.9440073370933533
0.514683723449707
0.8752903342247009
0.6212979555130005
0.018651923164725304
0.9189055562019348
0.06650741398334503
0.5055986642837524
0.5205966830253601
0.3953627645969391
0.03942733258008957
0.3613150417804718
0.883094072341919
0.4012256860733032
0.6700253486633301
0.30854174494743347
0.27646124362945557
0.4696279466152191
0.5572890639305115
0.12025280296802521
0.4962572455406189
0.4809007942676544
0.5224093794822693
0.49599510431289673
0.07802166044712067
0.008729043416678905
0.584269642829895
0.9641221761703491
0.5922657251358032
0.9431466460227966
0.8381261825561523
0.24223388731479645
0.6723666191101074
0.33499377965927124
0.6150624752044678
0.054707810282707214
0.7835404276847839
0.8148680925369263
0.31393536925315857
0.7416449785232544
0.7228285670280457
0.28754550218582153
0.47236987948417664
0.16854822635650635
0.48005083203315735
0.05814266577363014
0.21436327695846558
0.6285489201545715
0.39795130491256714
0.8651981949806213
0.5751334428787231
0.9300569295883179
0.7567123174667358
0.08582998067140579
0.46635696291923523
0.44211363792419434
0.888115644454956
0.5423946976661682
0.25346794724464417
0.40042346715927124
0.1331057846546173
0.37599942088127136
0.48945772647857666
0.12167082726955414
0.3745432198047638
0.40057146549224854
0.07715784758329391
0.5448517203330994
0.26730355620384216
0.7534136176109314
0.9993439316749573
0.32999855279922485
0.3107142150402069
0.8670988082885742
0.06483827531337738
0.8714113235473633
0.2658224105834961
0.2559538781642914
0.9483935236930847
0.4900303781032562
0.45970404148101807
0.04991623014211655
0.8599879741668701
0.7776209115982056
0.1220313161611557
0.09673656523227692
0.7202872633934021
0.40703415870666504
0.1848619431257248
0.5153926014900208
0.0561092346906662
0.6211963891983032
0.3999544084072113
0.15100407600402832
0.1365179866552353
0.9963622093200684
0.06266321986913681
0.015151365660130978
0.1829414665699005
0.029091117903590202
0.32932013273239136
0.8938822746276855
0.6067653298377991
0.6092179417610168
0.30244016647338867
0.07018209993839264
0.4582710266113281
0.9088581204414368
0.2831776440143585
0.7607570290565491
0.5362436771392822
0.22240795195102692
0.4636130630970001
0.784307599067688
0.529615044593811
0.45519429445266724
0.4605259895324707
0.08769725263118744
0.954276442527771
0.9846200346946716
0.6131578683853149
0.9869265556335449
0.9644179940223694
0.10735639184713364
0.2094295471906662
0.5328307747840881
0.40429845452308655
0.6131775975227356
0.1505991667509079
0.3378535211086273
0.8811787962913513
0.21943309903144836
0.7005971670150757
0.2560828626155853
0.8207265138626099
0.7908260822296143
0.0390789732336998
0.9139614105224609
0.5065463185310364
0.780992865562439
0.39843592047691345
0.3278568685054779
0.1707749217748642
0.5219184756278992
0.9888790249824524
0.006837876047939062
0.8768579363822937
0.34937113523483276
0.2890542447566986
0.9175722599029541
0.3960404098033905
0.5616691708564758
0.9524062871932983
0.026609152555465698
0.6877171397209167
0.8781352043151855
0.4149286150932312
0.09078168869018555
0.4201309084892273
0.22211049497127533
0.29739153385162354
0.5241017937660217
0.16074669361114502
0.5979305505752563
0.613598644733429
0.13291354477405548
0.7817604541778564
0.5917927622795105
0.7471923828125
0.6225897669792175
0.2895299196243286
0.07368465512990952
0.40963220596313477
0.6079055070877075
0.4000466763973236
0.31722357869148254
0.8336479663848877
0.5828288793563843
0.7077890038490295
0.37679001688957214
0.416763037443161
0.6855964064598083
0.8798589706420898
0.9303715229034424
0.33705246448516846
0.37018871307373047
0.7597476840019226
0.37508511543273926
0.44065824151039124
0.06988014280796051
0.7997329235076904
0.26461705565452576
0.27352359890937805
0.49511271715164185
0.8467248678207397
0.4494062662124634
0.09304440766572952
0.6340935230255127
0.9412739872932434
0.2616601586341858
0.27939385175704956
0.9700897932052612
0.4617072343826294
0.5814140439033508
0.6473268270492554
0.5581977367401123
0.4544713795185089
0.30732136964797974
0.4719891846179962
0.3850025236606598
0.5211276412010193
0.1977020502090454
0.23960758745670319
0.7808809876441956
0.43941575288772583
0.19371676445007324
0.6669505834579468
0.6373992562294006
0.7644021511077881
0.08402568101882935
0.6153861880302429
0.35783475637435913
0.1915699690580368
0.39064401388168335
0.41196295619010925
0.7357527613639832
0.3304329514503479
0.8990644812583923
0.11669287830591202
0.573478102684021
0.9461464881896973
0.22124738991260529
0.5207018852233887
0.5832842588424683
0.7084126472473145
0.7006303071975708
0.8059396147727966
0.832784116268158
0.660740315914154
0.799618124961853
0.5148322582244873
0.7543380260467529
0.693060040473938
0.4439919590950012
0.4403998851776123
0.9676032066345215
0.49448221921920776
0.789913535118103
0.4709603786468506
0.5292524099349976
0.6716709136962891
0.3520667552947998
0.7545987367630005
0.2134615033864975
0.8378738164901733
0.4742155075073242
0.2664233148097992
0.2690434157848358
0.4028337001800537
0.46962907910346985
0.5705881118774414
0.4553181231021881
0.3011470437049866
0.6148302555084229
0.1612715870141983
0.5464808344841003
0.2982881963253021
0.40997835993766785
0.4911477863788605
0.6362648010253906
0.07763897627592087
0.6566601395606995
0.8413633704185486
0.9491716027259827
0.29876917600631714
0.3707655966281891
0.022804802283644676
0.5824684500694275
0.14772024750709534
0.3894314467906952
0.9944695234298706
0.3600943386554718
0.3713122010231018
0.9198334217071533
0.4014554023742676
0.009181540459394455
0.8089398741722107
0.5966944694519043
0.4143325090408325
0.40171685814857483
0.42923954129219055
0.6245405077934265
0.8424564003944397
0.9406803250312805
0.7863799333572388
0.3624761998653412
0.9301992654800415
0.8401182293891907
0.2692693769931793
0.036138951778411865
0.2487291395664215
0.010681354440748692
0.9396017789840698
0.9427080750465393
0.022333744913339615
0.04458364471793175
0.08335773646831512
0.7205139994621277
0.07663407176733017
0.8068946599960327
0.527037501335144
0.11898621171712875
0.6999988555908203
0.35770362615585327
0.08435182273387909
0.10440680384635925
0.8572929501533508
0.32164686918258667
0.9173025488853455
0.3003200590610504
0.14744055271148682
0.35082754492759705
0.13052409887313843
0.8809579014778137
0.5045791268348694
0.8505999445915222
0.34057381749153137
0.053646259009838104
0.10394565761089325
0.31011122465133667
0.6656618714332581
0.6829631924629211
0.9853408932685852
0.9640811085700989
0.47645220160484314
0.8614762425422668
0.02386421151459217
0.07168812304735184
0.997515082359314
0.12486879527568817
0.0331038199365139
0.45931124687194824
0.019916972145438194
0.5255541801452637
0.15616528689861298
0.7333589792251587
0.6363202333450317
0.9617087841033936
0.5995585322380066
0.7646113038063049
0.9218624830245972
0.5125182271003723
0.7630118727684021
0.54654860496521
0.5238310098648071
0.9784106612205505
0.27418896555900574
0.8471865057945251
0.36256176233291626
0.7253761291503906
0.3083534240722656
0.1287914365530014
0.6725955009460449
0.8820783495903015
0.27830299735069275
0.21589843928813934
0.17040017247200012
0.40418392419815063
0.6122420430183411
0.9454100728034973
0.04227912053465843
0.7558380961418152
0.06835496425628662
0.24820484220981598
0.38395532965660095
0.7135431170463562
0.46014097332954407
0.5733807682991028
0.6259623169898987
0.5798788666725159
0.9290010929107666
0.881561815738678
0.7291572093963623
0.20919013023376465
0.36504673957824707
0.8743981719017029
0.48317089676856995
0.7604048252105713
0.3880748152732849
0.7040942907333374
0.12182585895061493
0.7029586434364319
0.4048599898815155
0.7498553991317749
0.41016191244125366
0.489642858505249
0.3051867187023163
0.14373911917209625
0.6154580116271973
0.09640118479728699
0.19676446914672852
0.7077786326408386
0.16491657495498657
0.5755119919776917
0.6376364231109619
0.4185267984867096
0.5674522519111633
0.4644189774990082
0.21515555679798126
0.94633948802948
0.09983643144369125
0.9720954298973083
0.22719284892082214
0.4284828305244446
0.38518765568733215
0.26315999031066895
0.27321651577949524
0.32712888717651367
0.5650855898857117
0.8887284994125366
0.487947940826416
0.5177186131477356
0.18122901022434235
0.14569932222366333
0.8792108297348022
0.5140243172645569
0.7983047962188721
0.7695914506912231
0.4225955009460449
0.8224946856498718
0.5730743408203125
0.6561426520347595
0.7370061278343201
0.9354322552680969
0.6503533124923706
0.5621702075004578
0.096539705991745
0.5301134586334229
0.4903283417224884
0.7402490377426147
0.12713034451007843
0.21338556706905365
0.18524257838726044
0.73028165102005
0.19491969048976898
0.6142894625663757
0.3658744990825653
0.45958656072616577
0.6938210129737854
0.7364472150802612
0.22933639585971832
0.17832380533218384
0.3668157458305359
0.49589478969573975
0.723158597946167
0.3353707492351532
0.23137113451957703
0.9301614165306091
0.5915272831916809
0.2577170729637146
0.3048185110092163
0.03493840619921684
0.31573185324668884
0.10778483748435974
0.07912453263998032
0.8243904709815979
0.8147178292274475
0.8329185247421265
0.3640865087509155
0.11586258560419083
0.4084853529930115
0.510957658290863
0.8411271572113037
0.33302727341651917
0.4459071159362793
0.4385713040828705
0.8113974332809448
0.5978965163230896
0.643872082233429
0.3318360447883606
0.6689910292625427
0.16337168216705322
0.6205396056175232
0.16181842982769012
0.8615209460258484
0.8544957041740417
0.3075397312641144
0.43763628602027893
0.06311988830566406
0.4760962128639221
0.427580863237381
0.7647127509117126
0.6054707765579224
0.16910797357559204
0.7429855465888977
0.828488826751709
0.3533628582954407
0.055502455681562424
0.5283587574958801
0.4287053346633911
0.5456944704055786
0.8763999342918396
0.11729554086923599
0.09095796942710876
0.5668536424636841
0.31158584356307983
0.8730613589286804
0.6362932324409485
0.48543405532836914
0.2699100077152252
0.24115896224975586
0.18907563388347626
0.5641676187515259
0.22237518429756165
0.426619291305542
0.9471640586853027
0.804538905620575
0.3950096070766449
0.2769734859466553
0.209961399435997
0.9504764676094055
0.07799044251441956
0.5053004026412964
0.7208256125450134
0.6125004291534424
0.2504117488861084
0.9860498905181885
0.12524329125881195
0.6632280945777893
0.28367745876312256
0.7297961115837097
0.8649802207946777
0.8907718062400818
0.2080884873867035
0.007849885150790215
0.07506727427244186
0.8340998291969299
0.09542543441057205
0.5556091666221619
0.9739099740982056
0.8488234877586365
0.4322006404399872
0.07166017591953278
0.050620146095752716
0.34696686267852783
0.4176046848297119
0.9972602128982544
0.33218395709991455
0.6355603933334351
0.03567957878112793
0.7958998084068298
0.3447413444519043
0.6517103314399719
0.1481829136610031
0.24118103086948395
0.2868603765964508
0.3068459928035736
0.5017341375350952
0.5387730598449707
0.6748907566070557
0.833349347114563
0.4562408924102783
0.7039005756378174
0.9285786747932434
0.5360097289085388
0.360872358083725
0.1948414295911789
0.7011779546737671
0.9275357723236084
0.4865288734436035
0.4979545772075653
0.36857667565345764
0.30767786502838135
0.12632769346237183
0.7287002205848694
0.6969924569129944
0.3022512197494507
0.9600187540054321
0.6605437397956848
0.7178252339363098
0.34382835030555725
0.763534426689148
0.029238980263471603
0.9862770438194275
0.5572354793548584
0.9656634330749512
0.9157865643501282
0.8401822447776794
0.10604766756296158
0.7827354669570923
0.44662976264953613
0.13061101734638214
0.4791276454925537
0.17262046039104462
0.5615167021751404
0.34291377663612366
0.30236855149269104
0.8887439966201782
0.74812912940979
0.5931418538093567
0.9980370998382568
0.7763914465904236
0.17484238743782043
0.8343075513839722
0.6932494044303894
0.9503084421157837
0.03169270604848862
0.938076913356781
0.5803642272949219
0.42756661772727966
0.810668408870697
0.29133591055870056
0.889987051486969
0.4904021620750427
0.3268464207649231
0.3109590709209442
0.06464715301990509
0.8704701662063599
0.42240050435066223
0.3029424548149109
0.2001839131116867
0.6720300912857056
0.48071709275245667
0.5181113481521606
0.08823257684707642
0.29236578941345215
0.3225081264972687
0.7710781693458557
0.87115079164505
0.7713627219200134
0.9514737129211426
0.31244316697120667
0.25509485602378845
0.12572114169597626
0.5876063108444214
0.9980930089950562
0.009106049314141273
0.1341543346643448
0.6009370684623718
0.723517656326294
0.5902218222618103
0.3248545527458191
0.3417886793613434
0.7356616854667664
0.5786756277084351
0.9781519770622253
0.951703667640686
0.5459485650062561
0.0013654562644660473
0.9809094071388245
0.5913331508636475
0.632839024066925
0.5133841633796692
0.8818948864936829
0.9083968997001648
0.37362125515937805
0.12852899730205536
0.27628469467163086
0.6076658964157104
0.9711145162582397
0.929085910320282
0.9400375485420227
0.5757931470870972
0.6919646263122559
0.74172443151474
0.1313910335302353
0.7329991459846497
0.03718468174338341
0.024922356009483337
0.9195289015769958
0.4818553924560547
0.4327728748321533
0.3208789527416229
0.3791225850582123
0.32283490896224976
0.04379894211888313
0.034654777497053146
0.05178508907556534
0.4598364233970642
0.8329563140869141
0.658326268196106
0.687335729598999
0.03763856738805771
0.6258022785186768
0.7410269975662231
0.49214810132980347
0.9734026193618774
0.984368085861206
0.20735442638397217
0.1654934585094452
0.6401612162590027
0.4097123146057129
0.05094127729535103
0.5041041970252991
0.1165141835808754
0.7983735203742981
0.7875783443450928
0.5709216594696045
0.9259644746780396
0.9997461438179016
0.6495261788368225
0.5728821158409119
0.8884079456329346
0.4849417805671692
0.09229253232479095
0.6787335276603699
0.6575998067855835
0.18326200544834137
0.314799964427948
0.7471593618392944
0.7362591624259949
0.33361291885375977
0.9513598084449768
0.7310628294944763
0.8050302863121033
0.6947405934333801
0.8430889844894409
0.34722504019737244
0.6288944482803345
0.5159140229225159
0.07030696421861649
0.39736902713775635
0.22679224610328674
0.3789016604423523
0.3923226594924927
0.40407490730285645
0.8991350531578064
0.8342150449752808
0.764905571937561
0.35122430324554443
0.5376138091087341
0.7897758483886719
0.4544769525527954
0.233052596449852
0.9134490489959717
0.2723115086555481
0.6623644232749939
0.3289375305175781
0.7064203023910522
0.7824878096580505
0.7489598989486694
0.5860906839370728
0.013727321289479733
0.5022255778312683
0.49297672510147095
0.20839542150497437
0.9338294863700867
0.2275814712047577
0.9017683267593384
0.4017983078956604
0.5105308890342712
0.4495760500431061
0.891012966632843
0.7337415814399719
0.941918671131134
0.13941745460033417
0.8559433221817017
0.4719263017177582
0.2643982470035553
0.21217766404151917
0.15308135747909546
0.04990844056010246
0.12920117378234863
0.29750922322273254
0.13492199778556824
0.5000181794166565
0.4532230496406555
0.037137776613235474
0.41483619809150696
0.5072363615036011
0.760417640209198
0.13228635489940643
0.41811853647232056
0.17245693504810333
0.30449914932250977
0.40484583377838135
0.7459876537322998
0.9714643359184265
0.13624213635921478
0.42435503005981445
0.27676963806152344
0.20852990448474884
0.8524511456489563
0.7272939085960388
0.6368526816368103
0.2634963095188141
0.8496134281158447
0.8041603565216064
0.24479174613952637
0.5280305743217468
0.24760426580905914
0.8716578483581543
0.9880648851394653
0.35858353972435
0.43427547812461853
0.24035167694091797
0.4034920334815979
0.11421497166156769
0.319148987531662
0.20591279864311218
0.6156693696975708
0.19349335134029388
0.33409157395362854
0.04849085211753845
0.7759185433387756
0.9833303093910217
0.7082787752151489
0.39421138167381287
0.9317029714584351
0.5391256213188171
0.297048419713974
0.1891944855451584
0.4102385640144348
0.6910578012466431
0.41635823249816895
0.7302974462509155
0.5665697455406189
0.7702370285987854
0.2947121262550354
0.8950074315071106
0.16293105483055115
0.19279834628105164
0.804023802280426
0.041978005319833755
0.732447624206543
0.7882323861122131
0.3242039084434509
0.07961143553256989
0.990972638130188
0.1220666840672493
0.1088501587510109
0.24916914105415344
0.9919670820236206
0.7352224588394165
0.9432713985443115
0.7939119338989258
0.6559122800827026
0.9876779913902283
0.7586473226547241
0.7882404327392578
0.15245741605758667
0.4730517268180847
0.5292150378227234
0.14237087965011597
0.032909370958805084
0.034560125321149826
0.03090042434632778
0.20538601279258728
0.9888277053833008
0.3043331801891327
0.2828114628791809
0.2892291247844696
0.9849833846092224
0.3428560793399811
0.9268764853477478
0.5067576169967651
0.010107985697686672
0.38657650351524353
0.31613633036613464
0.7246419191360474
0.9951990246772766
0.15419012308120728
0.20924118161201477
0.21739977598190308
0.5263763666152954
0.2712783217430115
0.4333500862121582
0.4856017827987671
0.348558247089386
0.6581560969352722
0.22077280282974243
0.2863224446773529
0.5369340777397156
0.47927606105804443
0.7114049196243286
0.5485923290252686
0.4349362254142761
0.43532440066337585
0.8156152367591858
0.43065065145492554
0.2237798273563385
0.7405827641487122
0.745353639125824
0.10207023471593857
0.1824379414319992
0.4130930006504059
0.2340390831232071
0.9763212203979492
0.739469051361084
0.861656904220581
0.20257562398910522
0.009806356392800808
0.6370915174484253
0.07411828637123108
0.7910696268081665
0.6908932328224182
0.4682811200618744
0.7427915334701538
0.033668361604213715
0.6538136005401611
0.8185449242591858
0.17802725732326508
0.3608481287956238
0.25794291496276855
0.796960711479187
0.001619950053282082
0.7144551873207092
0.5555846095085144
0.2737899422645569
0.35432183742523193
0.9493749737739563
0.20076397061347961
0.12033185362815857
0.18190909922122955
0.8722999095916748
0.292504221200943
0.2925705909729004
0.1047472283244133
0.3509485721588135
0.9435815215110779
0.1853243112564087
0.9862437844276428
0.5272624492645264
0.5640441179275513
0.41853219270706177
0.5703796744346619
0.22134357690811157
0.6330465078353882
0.9377797245979309
0.36899757385253906
0.04394364729523659
0.7996007800102234
0.08135095983743668
0.7352578639984131
0.06959176808595657
0.09239501506090164
0.11683647334575653
0.6662613153457642
0.2598951458930969
0.4014296531677246
0.11118665337562561
0.011839121580123901
0.9018484950065613
0.20271094143390656
0.46624037623405457
0.9504387378692627
0.20635782182216644
0.6473445296287537
0.8626271486282349
0.4237993359565735
0.36633071303367615
0.29009494185447693
0.8621566295623779
0.07214848697185516
0.5756309628486633
0.7765409350395203
0.5748336911201477
0.15471529960632324
0.0083079244941473
0.2528049945831299
0.33828917145729065
0.7224209308624268
0.33824190497398376
0.6406773328781128
0.3954312205314636
0.8380153775215149
0.2770020365715027
0.6047776341438293
0.5087217688560486
0.5106232166290283
0.4610610604286194
0.022485777735710144
0.9536365866661072
0.6865442991256714
0.6019235253334045
0.8183553814888
0.9004401564598083
0.6410530805587769
0.19459712505340576
0.3633952736854553
0.556304395198822
0.6511740684509277
0.9622195959091187
0.6141489148139954
0.17966687679290771
0.07616958767175674
0.7358367443084717
0.34257954359054565
0.5599165558815002
0.5186808109283447
0.16221170127391815
0.8927452564239502
0.9685996174812317
0.7801022529602051
0.632682204246521
0.3562704920768738
0.565994918346405
0.0642094686627388
0.5794886946678162
0.8375550508499146
0.944198489189148
0.40149980783462524
0.9112812280654907
0.4146345257759094
0.37408679723739624
0.7365437746047974
0.5648253560066223
0.8829154372215271
0.23085187375545502
0.7112060785293579
0.8488239645957947
0.6941428780555725
0.9547871947288513
0.3549366593360901
0.02472108043730259
0.3319370448589325
0.9087546467781067
0.9314051270484924
0.8428487777709961
0.4902702569961548
0.09677351266145706
0.8764162659645081
0.15910442173480988
0.7549620866775513
0.23780612647533417
0.6945820450782776
0.4506542980670929
0.7259185910224915
0.6205695867538452
0.228752002120018
0.13129645586013794
0.3291480541229248
0.7723763585090637
0.09563875198364258
0.12523622810840607
0.6739382743835449
0.8864926099777222
0.9064048528671265
0.5588728189468384
0.2911228835582733
0.3817223012447357
0.26925650238990784
0.17371688783168793
0.17047524452209473
0.7668912410736084
0.1288379728794098
0.12022550404071808
0.11960413306951523
0.9067332148551941
0.012470821850001812
0.2328822910785675
0.3868243992328644
0.12732137739658356
0.5439151525497437
0.7794954180717468
0.3951980471611023
0.5079752802848816
0.1431380808353424
0.45235833525657654
0.46875566244125366
0.26753726601600647
0.017658913508057594
0.17092059552669525
0.8005242347717285
0.49376511573791504
0.30181288719177246
0.1495005190372467
0.9083766937255859
0.6271423697471619
0.29486387968063354
0.016661515459418297
0.27298977971076965
0.3159581124782562
0.9738681316375732
0.6543540954589844
0.5276960730552673
0.18689002096652985
0.6934194564819336
0.09575921297073364
0.1613318771123886
0.39689740538597107
0.27135810256004333
0.48801282048225403
0.9133138656616211
0.38382795453071594
0.13190071284770966
0.5796533823013306
0.6024837493896484
0.38332870602607727
0.32977017760276794
0.7988386750221252
0.9236764311790466
0.4495864510536194
0.9448235630989075
0.5063408613204956
0.3897998034954071
0.4372354745864868
0.6867239475250244
0.4946470558643341
0.9672045707702637
0.19041426479816437
0.898484468460083
0.47720426321029663
0.9710488319396973
0.3333400785923004
0.06105540320277214
0.44284647703170776
0.05570707470178604
0.9794973134994507
0.8876298666000366
0.4403347373008728
0.07662703841924667
0.7555103302001953
0.8615549206733704
0.9543203115463257
0.3118116557598114
0.6228410601615906
0.3364369869232178
0.5374460220336914
0.15879517793655396
0.7663989663124084
0.7101439833641052
0.07415025681257248
0.956754744052887
0.12794415652751923
0.4318590760231018
0.22013314068317413
0.7801546454429626
0.4393503665924072
0.9360640048980713
0.6873268485069275
0.9425113201141357
0.163127139210701
0.5514022707939148
0.09667457640171051
0.36250656843185425
0.664019763469696
0.394481897354126
0.171644926071167
0.3756394684314728
0.8237670063972473
0.19144900143146515
0.2910991311073303
0.9740148782730103
0.5861243009567261
0.11717449128627777
0.8378651738166809
0.19495315849781036
0.4081856608390808
0.5520308613777161
0.5676772594451904
0.6878946423530579
0.6513833403587341
0.7075024843215942
0.6393429040908813
0.6628930568695068
0.45380768179893494
0.30291634798049927
0.6146994829177856
0.003465009620413184
0.7271824479103088
0.9383708238601685
0.5297589302062988
0.37194734811782837
0.4504536986351013
0.6334995031356812
0.3633650839328766
0.9884634017944336
0.7691552639007568
0.5157747268676758
0.586103618144989
0.8727673292160034
0.796193540096283
0.18135477602481842
0.30874255299568176
0.9335309863090515
0.5594024658203125
0.6439228057861328
0.021182632073760033
0.04595942795276642
0.8092656135559082
0.6727613806724548
0.858404278755188
0.8562116026878357
0.013254565186798573
0.4019167125225067
0.5911630988121033
0.014748706482350826
0.7866552472114563
0.3395790755748749
0.5829274654388428
0.7979649901390076
0.5540991425514221
0.834356427192688
0.7631798982620239
0.958832323551178
0.01735076680779457
0.5347012281417847
0.6073572635650635
0.861503541469574
0.5191438794136047
0.8849120736122131
0.8564595580101013
0.8825024962425232
0.06811244040727615
0.739671528339386
0.9488829970359802
0.14097370207309723
0.911281406879425
0.09844408929347992
0.9569857120513916
0.6270294785499573
0.3613905608654022
0.8240651488304138
0.9994922280311584
0.2703430652618408
0.02633722499012947
0.6302383542060852
0.2436719685792923
0.6149739623069763
0.09592445939779282
0.35048750042915344
0.7707409262657166
0.08149953931570053
0.20925572514533997
0.4056958258152008
0.49873653054237366
0.4084304869174957
0.8269801139831543
0.41485071182250977
0.46395590901374817
0.6439001560211182
0.20865771174430847
0.90313321352005
0.6385414600372314
0.7846148610115051
0.2602055072784424
0.3266775906085968
0.34610772132873535
0.612302303314209
0.30056095123291016
0.9706860780715942
0.9178367853164673
0.36107292771339417
0.010801024734973907
0.8264502882957458
0.5564661622047424
0.24108058214187622
0.5686076283454895
0.8768928050994873
0.8391990661621094
0.24536357820034027
0.3794606328010559
0.37030133605003357
0.8935185074806213
0.28989583253860474
0.16345922648906708
0.6109728217124939
0.9522714018821716
0.08223539590835571
0.5861986875534058
0.39645853638648987
0.8631155490875244
0.2348928302526474
0.8048121333122253
0.7278319597244263
0.3937474489212036
0.47659850120544434
0.6273483037948608
0.41965803503990173
0.25959792733192444
0.4694705009460449
0.7638223767280579
0.48821359872817993
0.8391622304916382
0.13692452013492584
0.0691601037979126
0.029924927279353142
0.27072396874427795
0.2444605678319931
0.1151970848441124
0.6113082766532898
0.362773060798645
0.07825541496276855
0.002038305625319481
0.7775335311889648
0.07579074054956436
0.686531126499176
0.9181394577026367
0.9513756036758423
0.9127517342567444
0.24269935488700867
0.957624077796936
0.18526291847229004
0.44422096014022827
0.6731917262077332
0.6334347724914551
0.7642552256584167
0.9940701723098755
0.8944477438926697
0.9904597997665405
0.3143654465675354
0.5928046107292175
0.38285666704177856
0.5669652819633484
0.8035246729850769
0.6027316451072693
0.6929349899291992
0.27052196860313416
0.9131836891174316
0.4794999063014984
0.015535456128418446
0.36541739106178284
0.0673520639538765
0.6960700154304504
0.34167832136154175
0.551340639591217
0.9087538123130798
0.07572077959775925
0.9332976937294006
0.6879229545593262
0.001260151038877666
0.1844329684972763
0.38124018907546997
0.08472850173711777
0.02290499582886696
0.7839224338531494
0.14263257384300232
0.8804880380630493
0.22400876879692078
0.3226907551288605
0.49927011132240295
0.027988851070404053
0.3809673488140106
0.7125797271728516
0.7311062216758728
0.12811997532844543
0.8090168237686157
0.7152866721153259
0.3664882481098175
0.2525796592235565
0.6842007637023926
0.051176827400922775
0.10181629657745361
0.0678359791636467
0.5436842441558838
0.5059428811073303
0.2226606011390686
0.7908915281295776
0.7954683303833008
0.9030562043190002
0.6899415850639343
0.10493935644626617
0.49421611428260803
0.362825483083725
0.46756044030189514
0.7160502672195435
0.015870550647377968
0.060079220682382584
0.1521167755126953
0.31076958775520325
0.003246127627789974
0.4045419991016388
0.7863203287124634
0.24323898553848267
0.5436328649520874
0.31768354773521423
0.16340309381484985
0.14347004890441895
0.591512143611908
0.7434931993484497
0.9215137958526611
0.9683338403701782
0.2736072838306427
0.24664205312728882
0.6720332503318787
0.009346725419163704
0.5115509033203125
0.2250070720911026
0.2791268527507782
0.8431593179702759
0.3275507986545563
0.1172611266374588
0.741326093673706
0.22172151505947113
0.08248363435268402
0.47335681319236755
0.8257464170455933
0.16182254254817963
0.1212691217660904
0.00523402588441968
0.9409897327423096
0.4447755515575409
0.26482200622558594
0.9990954399108887
0.5272420644760132
0.9258175492286682
0.34320297837257385
0.6718969345092773
0.3284458816051483
0.018376756459474564
0.25752583146095276
0.12820158898830414
0.2977789342403412
0.663729727268219
0.8331227898597717
0.9970223307609558
0.7692751288414001
0.5928052663803101
0.0023396445903927088
0.6614159345626831
0.8807703256607056
0.38000014424324036
0.5645167231559753
0.20629894733428955
0.5659530162811279
0.7494719624519348
0.5899306535720825
0.018315007910132408
0.8144652247428894
0.8737608194351196
0.1640731394290924
0.12871350347995758
0.04307057335972786
0.7041561007499695
0.22211895883083344
0.9132540225982666
0.9917340278625488
0.727669894695282
0.5378656387329102
0.1585124135017395
0.7783963084220886
0.1509076952934265
0.15059040486812592
0.9757745862007141
0.992704451084137
0.47379836440086365
0.3830661475658417
0.22013261914253235
0.5812162160873413
0.9230603575706482
0.3805159628391266
0.8780688047409058
0.4221060872077942
0.22453206777572632
0.30547472834587097
0.006498485803604126
0.14351113140583038
0.8747560977935791
0.9820041656494141
0.39842745661735535
0.4871446192264557
0.4991014003753662
0.22205477952957153
0.46339187026023865
0.00253317691385746
0.2529396414756775
0.36463478207588196
0.7803294658660889
0.79110187292099
0.20281435549259186
0.7413727045059204
0.9588432312011719
0.795909583568573
0.577984094619751
0.6980890035629272
0.6261784434318542
0.5813630223274231
0.9661399722099304
0.46741804480552673
0.044982437044382095
0.6812819242477417
0.2804683446884155
0.692787230014801
0.4421043395996094
0.021769752725958824
0.560286819934845
0.5078661441802979
0.7560994625091553
0.007676582783460617
0.6886174082756042
0.9281116127967834
0.8037367463111877
0.9137077927589417
0.9851289391517639
0.3884105086326599
0.5896462798118591
0.6452696323394775
0.24543903768062592
0.26981213688850403
0.503136932849884
0.8709856867790222
0.4964480698108673
0.5213913321495056
0.21847157180309296
0.6569483876228333
0.9744250774383545
0.6192554831504822
0.8152414560317993
0.332848459482193
0.7888416051864624
0.7830201387405396
0.7335317134857178
0.7097430229187012
0.0245293527841568
0.9518163800239563
0.8270633220672607
0.9492369294166565
0.9808852076530457
0.9210553765296936
0.30287113785743713
0.7043133974075317
0.9486335515975952
0.34024250507354736
0.9303335547447205
0.5167458653450012
0.8391449451446533
0.1110779270529747
0.44347476959228516
0.67180335521698
0.030300458893179893
0.41140782833099365
0.438462495803833
0.06286352127790451
0.3846780061721802
0.8755831122398376
0.6665540933609009
0.23838716745376587
0.9185953736305237
0.35084423422813416
0.33841609954833984
0.48585453629493713
0.8820998072624207
0.06556005030870438
0.9731724262237549
0.5027552247047424
0.47183120250701904
0.10241442918777466
0.8759150505065918
0.5999764800071716
0.5182384252548218
0.9958037734031677
0.9210835695266724
0.8788256049156189
0.1164567768573761
0.9069169163703918
0.5557875633239746
0.7640974521636963
0.0892563909292221
0.8552892208099365
0.6235558390617371
0.3301115036010742
0.5025548338890076
0.642354428768158
0.09762943536043167
0.678389847278595
0.32219722867012024
0.9750233888626099
0.13658931851387024
0.3421272039413452
0.5460410714149475
0.8554186820983887
0.061263307929039
0.29570910334587097
0.9696372151374817
0.5673941373825073
0.9483276605606079
0.7517958283424377
0.5773669481277466
0.29701921343803406
0.07859864830970764
0.8380218148231506
0.695406973361969
0.6240814924240112
0.9191292524337769
0.7364295125007629
0.09366989135742188
0.2298370897769928
0.6976151466369629
0.7925794720649719
0.6477403044700623
0.3957764208316803
0.5320278406143188
0.9554444551467896
0.6975546479225159
0.8620052933692932
0.5457509160041809
0.783165693283081
0.49913185834884644
0.4386861026287079
0.9175583720207214
0.5803321003913879
0.7551206350326538
0.5915683507919312
0.9573525190353394
0.22560498118400574
0.05346949025988579
0.1368226259946823
0.24152295291423798
0.5485782623291016
0.16155849397182465
0.29990339279174805
0.05902086943387985
0.7451463341712952
0.5391219854354858
0.6038131713867188
0.5869791507720947
0.3729078471660614
0.40544307231903076
0.9773930311203003
0.9766646027565002
0.3335517644882202
0.2692320942878723
0.6753907203674316
0.850053071975708
0.40656283497810364
0.48682668805122375
0.39466148614883423
0.04793129488825798
0.35010746121406555
0.6032695174217224
0.9533048272132874
0.8175503015518188
0.44436541199684143
0.5876432657241821
0.3652742803096771
0.5935376286506653
0.946769654750824
0.023291289806365967
0.13590580224990845
0.28911614418029785
0.8923547267913818
0.9195213913917542
0.33237242698669434
0.3641144931316376
0.37341248989105225
0.7558630704879761
0.13548237085342407
0.6521008610725403
0.5205548405647278
0.013405871577560902
0.47048863768577576
0.7553584575653076
0.7983773946762085
0.394776850938797
0.31012779474258423
0.805662989616394
0.6361275315284729
0.7435711622238159
0.26322317123413086
0.06757564842700958
0.5484304428100586
0.9800472855567932
0.5818611979484558
0.14199866354465485
0.9845706224441528
0.17926371097564697
0.6388745307922363
0.6649127006530762
0.43849265575408936
0.8015007376670837
0.5294352173805237
0.9545907974243164
0.1869153529405594
0.5672152042388916
0.19890299439430237
0.7058436274528503
0.2990554869174957
0.736771821975708
0.4830022156238556
0.35824868083000183
0.9096922278404236
0.7325767874717712
0.2649053633213043
0.19289244711399078
0.3209703862667084
0.8682880401611328
0.8820081353187561
0.260267436504364
0.06276235729455948
0.7861863970756531
0.4685957133769989
0.1610843539237976
0.7945805788040161
0.26076316833496094
0.6505809426307678
0.8530594706535339
0.9191270470619202
0.007405281066894531
0.6668182611465454
0.919369101524353
0.543437659740448
0.8736370801925659
0.8681628108024597
0.48361125588417053
0.972643256187439
0.4741151034832001
0.05538267642259598
0.7457305788993835
0.6341765522956848
0.6831461787223816
0.5582742691040039
0.9325674176216125
0.23451267182826996
0.4742867648601532
0.8511569499969482
0.3035537600517273
0.9719417691230774
0.08677022159099579
0.8497315645217896
0.7217937111854553
0.6323339343070984
0.9496443271636963
0.8364469408988953
0.5384836792945862
0.7538307309150696
0.05706674978137016
0.3380196690559387
0.9128414988517761
0.23791855573654175
0.3232531249523163
0.4866945147514343
0.8039916157722473
0.7650618553161621
0.08142853528261185
0.6080142855644226
0.019166143611073494
0.49060532450675964
0.9670569896697998
0.6455515623092651
0.9583571553230286
0.15225385129451752
0.19610512256622314
0.8978021144866943
0.47030094265937805
0.5984897017478943
0.4774172008037567
0.8758622407913208
0.27708980441093445
0.8526634573936462
0.7824538946151733
0.8295455574989319
0.20482519268989563
0.9965373277664185
0.9906198382377625
0.2684078812599182
0.3667599856853485
0.5862975120544434
0.603120744228363
0.8195476531982422
0.7667229771614075
0.22441841661930084
0.8085851669311523
0.19552098214626312
0.08373651653528214
0.6736169457435608
0.20960815250873566
0.4748815894126892
0.0582883283495903
0.2752516269683838
0.6555328369140625
0.015653373673558235
0.9460558891296387
0.25624504685401917
0.7808838486671448
0.38440367579460144
0.37182629108428955
0.5691022872924805
0.8420543074607849
0.8784470558166504
0.7141122221946716
0.8964462280273438
0.9794436097145081
0.7539757490158081
0.5567748546600342
0.9698691964149475
0.7104653120040894
0.5392494201660156
0.7820248603820801
0.7473313212394714
0.20302939414978027
0.8894456624984741
0.5744884610176086
0.11876673251390457
0.5053901076316833
0.6411482095718384
0.6309333443641663
0.148224338889122
0.4069729745388031
0.578076958656311
0.1307741403579712
0.23734606802463531
0.5207349061965942
0.18841467797756195
0.6952024102210999
0.5007229447364807
0.44819536805152893
0.404042512178421
0.9117482900619507
0.6858736276626587
0.7512638568878174
0.2487582415342331
0.9983662366867065
0.022926149889826775
0.024910656735301018
0.3524037301540375
0.7681810855865479
0.8868061304092407
0.5966904163360596
0.2991237938404083
0.9799020886421204
0.0995679497718811
0.9767711162567139
0.6853903532028198
0.17667028307914734
0.029858671128749847
0.20499199628829956
0.7303221225738525
0.1506657898426056
0.13021820783615112
0.8729152679443359
0.47364309430122375
0.2990647256374359
0.7871391177177429
0.7443023324012756
0.6890010237693787
0.7630279660224915
0.13346819579601288
0.3516679108142853
0.39081013202667236
0.0787302777171135
0.6463266015052795
0.35707077383995056
0.015702415257692337
0.1888725906610489
0.836195707321167
0.6892340779304504
0.8812386393547058
0.4339815676212311
0.009581442922353745
0.3656447231769562
0.6660965085029602
0.7816300988197327
0.28228554129600525
0.8393378257751465
0.8416694402694702
0.957606852054596
0.4930984675884247
0.47811174392700195
0.1586705893278122
0.5290504693984985
0.7025997638702393
0.2137790024280548
0.7172847390174866
0.1970812976360321
0.1824234575033188
0.4911324977874756
0.2821173071861267
0.612111508846283
0.1568046361207962
0.08687735348939896
0.4023420214653015
0.41682881116867065
0.5399726629257202
0.7009215354919434
0.7960155606269836
0.14853611588478088
0.36869582533836365
0.3414980173110962
0.307705819606781
0.6624768972396851
0.6501116752624512
0.9562833309173584
0.681631863117218
0.19434966146945953
0.25908491015434265
0.6381716728210449
0.6720925569534302
0.31866535544395447
0.7065610885620117
0.5543177127838135
0.9769443869590759
0.3959257900714874
0.8347170948982239
0.1620989739894867
0.12008467316627502
0.5362215042114258
0.9871649146080017
0.9292665719985962
0.4580497145652771
0.7737747430801392
0.278311163187027
0.32495781779289246
0.27650484442710876
0.875652015209198
0.8315533399581909
0.5609376430511475
0.15436288714408875
0.37981945276260376
0.8524332642555237
0.6297731399536133
0.14355207979679108
0.7679380178451538
0.9005938172340393
0.3801238536834717
0.759996771812439
0.8690173625946045
0.9382417798042297
0.46628430485725403
0.7416898012161255
0.006135277915745974
0.9835886359214783
0.9281531572341919
0.9079304337501526
0.2657734453678131
0.3288837969303131
0.717448890209198
0.4332338273525238
0.9212622046470642
0.4255576729774475
0.33989840745925903
0.5255831480026245
0.8995218276977539
0.6739506125450134
0.5722191333770752
0.8538033962249756
0.5843216776847839
0.2555602490901947
0.12361230701208115
0.08071514964103699
0.2660592198371887
0.028066473081707954
0.4666176438331604
0.25038567185401917
0.709212601184845
0.5647087097167969
0.8749861121177673
0.1645415872335434
0.8630305528640747
0.3842349648475647
0.5904648900032043
0.3452507555484772
0.639238178730011
0.03315353766083717
0.991726815700531
0.8953237533569336
0.2577480971813202
0.20978932082653046
0.69638991355896
0.4649629592895508
0.6865175366401672
0.933294951915741
0.14254449307918549
0.7991266250610352
0.7512403130531311
0.7756919860839844
0.23868297040462494
0.7301090955734253
0.09153061360120773
0.6376422643661499
0.7942826151847839
0.9054195880889893
0.966349720954895
0.5195390582084656
0.1337796449661255
0.14181488752365112
0.011081594042479992
0.16642256081104279
0.44308748841285706
0.4436609447002411
0.2779250741004944
0.12862610816955566
0.520592987537384
0.19634373486042023
0.39185813069343567
0.766542375087738
0.7055242657661438
0.43030035495758057
0.3601442277431488
0.9639432430267334
0.7735950946807861
0.8827279806137085
0.25243446230888367
0.49542561173439026
0.8544884920120239
0.8486366271972656
0.1382559835910797
0.3043191730976105
0.05706840008497238
0.587788462638855
0.5127270221710205
0.46557092666625977
0.23372255265712738
0.5358299612998962
0.8373653292655945
0.17091859877109528
0.7719153165817261
0.24444183707237244
0.4588378667831421
0.18494004011154175
0.8407539129257202
0.6942272782325745
0.07748344540596008
0.10156950354576111
0.5061947107315063
0.4300163984298706
0.6655768156051636
0.12622937560081482
0.45268040895462036
0.3587096035480499
0.169212207198143
0.10141365975141525
0.6665703654289246
0.8123779892921448
0.7965534329414368
0.271086186170578
0.3794151842594147
0.41098564863204956
0.5835834741592407
0.21877031028270721
0.15947552025318146
0.08301439136266708
0.15624520182609558
0.7765371799468994
0.5260715484619141
0.34837526082992554
0.9244634509086609
0.3245162069797516
0.6696898341178894
0.3663302958011627
0.9302406311035156
0.7662229537963867
0.7773177623748779
0.9495272040367126
0.3195171058177948
0.28375017642974854
0.9879951477050781
0.044385284185409546
0.32685935497283936
0.07268034666776657
0.7112467885017395
0.710986852645874
0.5232179164886475
0.5607763528823853
0.19270287454128265
0.5971904993057251
0.4712233543395996
0.5484315752983093
0.8443909883499146
0.2059182971715927
0.12460669130086899
0.6361482739448547
0.5072468519210815
0.22309665381908417
0.4059624969959259
0.7523225545883179
0.2401169091463089
0.9731578230857849
0.4084618389606476
0.8639553785324097
0.7358680963516235
0.07407712936401367
0.21374352276325226
0.4454636573791504
0.4995507001876831
0.5066305994987488
0.014947976917028427
0.243197962641716
0.8787957429885864
0.29435452818870544
0.9537380933761597
0.485582172870636
0.19455085694789886
0.9676152467727661
0.6796361207962036
0.3749157786369324
0.3016436994075775
0.06602413952350616
0.6033068895339966
0.7147434949874878
0.05536450445652008
0.764114499092102
0.1256994754076004
0.7972208857536316
0.9944193363189697
0.5015172362327576
0.6023595333099365
0.3371988832950592
0.4815860390663147
0.5882533192634583
0.5793440937995911
0.5142558217048645
0.28707095980644226
0.8062149882316589
0.7210807204246521
0.05214175954461098
0.3932386040687561
0.09003675729036331
0.6150017976760864
0.6558005809783936
0.1776338666677475
0.17634983360767365
0.7396876215934753
0.2178184539079666
0.0738099068403244
0.9499042630195618
0.4530641436576843
0.49139559268951416
0.7776095271110535
0.19766934216022491
0.06938283145427704
0.7420659065246582
0.6094748973846436
0.45005252957344055
0.7072112560272217
0.18858729302883148
0.44762104749679565
0.8392737507820129
0.8711274862289429
0.6039369702339172
0.16754578053951263
0.5142576098442078
0.26636725664138794
0.20158986747264862
0.17910455167293549
0.1136922836303711
0.18467368185520172
0.3785633146762848
0.5890263319015503
0.6201733946800232
0.4596574306488037
0.3854122757911682
0.5754574537277222
0.33570101857185364
0.14967741072177887
0.8437185883522034
0.14762035012245178
0.17413374781608582
0.9433547258377075
0.33597108721733093
0.9522295594215393
0.5394066572189331
0.7426831126213074
0.8897846937179565
0.36254698038101196
0.3157753646373749
0.5688043832778931
0.3837320804595947
0.5263068675994873
0.7888472080230713
0.11942397803068161
0.1655188500881195
0.7274747490882874
0.40884238481521606
0.6210815906524658
0.9701894521713257
0.048183608800172806
0.3881376087665558
0.5628452301025391
0.9142088294029236
0.026257380843162537
0.8464709520339966
0.2638823390007019
0.656929612159729
0.4821666479110718
0.26012346148490906
0.8810681700706482
0.880851149559021
0.1451268047094345
0.053712643682956696
0.7165493369102478
0.6947282552719116
0.9319314360618591
0.26461830735206604
0.6643561124801636
0.7255712151527405
0.6245291233062744
0.1722630113363266
0.20335349440574646
0.11154673248529434
0.20395827293395996
0.3848968744277954
0.018747510388493538
0.4475286304950714
0.26889434456825256
0.969717800617218
0.7540557384490967
0.3349969685077667
0.23017627000808716
0.5034659504890442
0.4206821620464325
0.6132265329360962
0.556075394153595
0.9985896944999695
0.2546372413635254
0.1876906305551529
0.9801008701324463
0.09946489334106445
0.1422228068113327
0.12830017507076263
0.12832657992839813
0.8324442505836487
0.0735326036810875
0.42853033542633057
0.21613216400146484
0.2722912132740021
0.19308920204639435
0.9147062301635742
0.8388676047325134
0.7864460945129395
0.12311914563179016
0.24922144412994385
0.4326358437538147
0.47356581687927246
0.9667306542396545
0.8044238090515137
0.8374666571617126
0.8283342719078064
0.027401283383369446
0.34568098187446594
0.8617847561836243
0.49586108326911926
0.6667651534080505
0.3256497383117676
0.47180813550949097
0.5873488783836365
0.9940060377120972
0.06795208901166916
0.7769261598587036
0.027995603159070015
0.5082575678825378
0.41466930508613586
0.16886256635189056
0.47354060411453247
0.8167127966880798
0.6487162113189697
0.33991801738739014
0.5461439490318298
0.8061382174491882
0.12457644939422607
0.8208626508712769
0.7925515174865723
0.9070518612861633
0.6503931879997253
0.9849820733070374
0.9906294345855713
0.7632250785827637
0.0731019601225853
0.6162328720092773
0.7831344604492188
0.0972851812839508
0.5885355472564697
0.5434763431549072
0.4936797618865967
0.5273885130882263
0.7455111742019653
0.18067951500415802
0.047301534563302994
0.6424499154090881
0.6517719030380249
0.038122326135635376
0.0132443280890584
0.11837061494588852
0.6918491125106812
0.11502448469400406
0.2957160472869873
0.22736012935638428
0.2965199947357178
0.45456263422966003
0.1679132878780365
0.6261221170425415
0.2571694552898407
0.33363229036331177
0.15644915401935577
0.9825848340988159
0.892181396484375
0.7480576634407043
0.20178130269050598
0.6847077012062073
0.05036546662449837
0.4656819999217987
0.400176465511322
0.05670260265469551
0.97370845079422
0.6785752773284912
0.7474240064620972
0.6259817481040955
0.08761768788099289
0.2767273485660553
0.12648643553256989
0.8616638779640198
0.483905166387558
0.7059341073036194
0.7825877666473389
0.24404940009117126
0.12237651646137238
0.7600244283676147
0.03978423401713371
0.15444627404212952
0.9928269982337952
0.6270650029182434
0.7127468585968018
0.07416673749685287
0.25734466314315796
0.3032916486263275
0.5438438057899475
0.25969627499580383
0.9334768652915955
0.5096996426582336
0.26549142599105835
0.9872692823410034
0.08884581178426743
0.23025722801685333
0.6693360209465027
0.20012420415878296
0.6966314315795898
0.48123618960380554
0.39080461859703064
0.9042930006980896
0.4799898564815521
0.31110304594039917
0.06871216744184494
0.6525841951370239
0.9245110750198364
0.8128988742828369
0.5500413775444031
0.7558583617210388
0.6933486461639404
0.37537333369255066
0.832152783870697
0.814221203327179
0.5136131048202515
0.42367058992385864
0.7953579425811768
0.15721338987350464
0.9063670635223389
0.9420057535171509
0.044417280703783035
0.8666151165962219
0.962561845779419
0.42588043212890625
0.2928074896335602
0.5067042708396912
0.8245210647583008
0.17619962990283966
0.07206189632415771
0.9339423179626465
0.6146810054779053
0.7970547080039978
0.11726602911949158
0.39899978041648865
0.42327749729156494
0.8137756586074829
0.6501886248588562
0.0984170213341713
0.11724301427602768
0.3665277659893036
0.609707772731781
0.7192842364311218
0.2659790515899658
0.2093777060508728
0.17653091251850128
0.46297967433929443
0.4664973318576813
0.3563547432422638
0.43414175510406494
0.02041458897292614
0.6769826412200928
0.16269785165786743
0.9133605360984802
0.8225420117378235
0.24201634526252747
0.188160240650177
0.38865184783935547
0.33505600690841675
0.4098987579345703
0.20280104875564575
0.9154645204544067
0.059722788631916046
0.3386172354221344
0.5265966057777405
0.9393711686134338
0.7567302584648132
0.48652589321136475
0.9170624613761902
0.7550981640815735
0.0013447405071929097
0.575865626335144
0.26881611347198486
0.2197737991809845
0.5774551630020142
0.42157667875289917
0.9973770380020142
0.5360444784164429
0.03173430263996124
0.8045530319213867
0.8537381887435913
0.11766431480646133
0.5668461918830872
0.491851270198822
0.621954083442688
0.8839199542999268
0.8982180953025818
0.29247769713401794
0.10267846286296844
0.9555702805519104
0.19179829955101013
0.26120880246162415
0.6727897524833679
0.8957375884056091
0.7128406763076782
0.01913299784064293
0.31340405344963074
0.2660960555076599
0.5233109593391418
0.5331271290779114
0.5283021330833435
0.8743836283683777
0.827979564666748
0.3124936521053314
0.3701130449771881
0.801970362663269
0.03968648985028267
0.2717973589897156
0.6522491574287415
0.5112183094024658
0.5668518543243408
0.4243701994419098
0.919722318649292
0.6735878586769104
0.7206347584724426
0.15111392736434937
0.8563805818557739
0.7569493651390076
0.4725900888442993
0.15426281094551086
0.6050269603729248
0.9914249777793884
0.34096649289131165
0.47815218567848206
0.8011808395385742
0.7123791575431824
0.8802410364151001
0.3808232843875885
0.5499910712242126
0.7520747184753418
0.26309067010879517
0.9307530522346497
0.24375756084918976
0.7811497449874878
0.47431692481040955
0.2664165794849396
0.9780256152153015
0.6912469863891602
0.22197510302066803
0.17994095385074615
0.1787063330411911
0.5700364112854004
0.7445582747459412
0.97166508436203
0.5866163372993469
0.34561687707901
0.3225932717323303
0.3029569685459137
0.9976431131362915
0.961568295955658
0.8623782992362976
0.40094658732414246
0.9034801721572876
0.5195035934448242
0.7028630971908569
0.31056904792785645
0.1998097151517868
0.5969032645225525
0.5896952152252197
0.27897828817367554
0.06185856834053993
0.6607576012611389
0.7405414581298828
0.37200722098350525
0.4060311019420624
0.521462619304657
0.8829906582832336
0.10957106202840805
0.5176495313644409
0.6141107082366943
0.12275753170251846
0.8873497247695923
0.027738455682992935
0.3158710300922394
0.7910500168800354
0.43349847197532654
0.13429617881774902
0.7873679995536804
0.25149205327033997
0.8152239918708801
0.742914617061615
0.8691132068634033
0.44064396619796753
0.8710896372795105
0.27261415123939514
0.6622809767723083
0.40088772773742676
0.7980141639709473
0.13715529441833496
0.5457939505577087
0.15728698670864105
0.9056006669998169
0.24866661429405212
0.6165428161621094
0.4024713933467865
0.7411125898361206
0.3421816825866699
0.18181264400482178
0.41156232357025146
0.5350474119186401
0.36429935693740845
0.8250779509544373
0.08677694946527481
0.2495456337928772
0.6086366772651672
0.3364316523075104
0.7061038017272949
0.9647210240364075
0.9302602410316467
0.3655739724636078
0.7291091680526733
0.1481017917394638
0.3767201602458954
0.9451831579208374
0.5519570708274841
0.18775396049022675
0.8734816908836365
0.7023369073867798
0.08456062525510788
0.42001062631607056
0.05035241320729256
0.07956451922655106
0.6651818156242371
0.6333855986595154
0.7136764526367188
0.5931781530380249
0.2602215111255646
0.8469157814979553
0.2572811245918274
0.3234461843967438
0.2546018064022064
0.4296015799045563
0.5757763385772705
0.2093779444694519
0.8974776864051819
0.7677446007728577
0.2558276057243347
0.05194096639752388
0.12596645951271057
0.09724246710538864
0.5560095906257629
0.5144044756889343
0.5662879943847656
0.452705442905426
0.7069112062454224
0.43564102053642273
0.7953860759735107
0.7686924338340759
0.06465017050504684
0.38353925943374634
0.3508288264274597
0.4634125828742981
0.6339014172554016
0.6008908152580261
0.5470020771026611
0.8462515473365784
0.4742383062839508
0.10729172080755234
0.9479420185089111
0.2465728372335434
0.2998363971710205
0.3714563846588135
0.8293763995170593
0.8523631691932678
0.7949432134628296
0.5710440278053284
0.9621665477752686
0.7395938634872437
0.5016292333602905
0.7453447580337524
0.5175524950027466
0.6666116714477539
0.9102544784545898
0.7532745003700256
0.7117555141448975
0.3577226996421814
0.37927040457725525
0.2146633416414261
0.21911974251270294
0.44198161363601685
0.11985087394714355
0.09882303327322006
0.27661630511283875
0.2879452407360077
0.22453860938549042
0.932072639465332
0.6688401699066162
0.3602236211299896
0.09143154323101044
0.9138626456260681
0.5346218347549438
0.9449711441993713
0.9485756754875183
0.15078619122505188
0.5903904438018799
0.9005389213562012
0.703707754611969
0.19855403900146484
0.8886989951133728
0.7373356223106384
0.749066948890686
0.3513857126235962
0.7055390477180481
0.7374252676963806
0.1724300980567932
0.40772461891174316
0.3047642707824707
0.9394847750663757
0.9468996524810791
0.06886561214923859
0.9856177568435669
0.590187132358551
0.8797323703765869
0.446898490190506
0.24026860296726227
0.23319111764431
0.8750976324081421
0.8634052276611328
0.7526549696922302
0.5052133798599243
0.7756958603858948
0.4474264085292816
0.6465800404548645
0.9126899838447571
0.780238926410675
0.407987117767334
0.4876269996166229
0.3553754687309265
0.41702574491500854
0.7559717297554016
0.23033170402050018
0.5320963859558105
0.8152357935905457
0.6574714779853821
0.9969596266746521
0.011595813557505608
0.10052436590194702
0.8540981411933899
0.601513683795929
0.22749419510364532
0.694520890712738
0.21874697506427765
0.3876555860042572
0.08771492540836334
0.49270063638687134
0.0027405424043536186
0.135087251663208
0.39481016993522644
0.8765655159950256
0.7475496530532837
0.10386525839567184
0.7797261476516724
0.6349974870681763
0.06023867428302765
0.5435460805892944
0.5654501914978027
0.7678662538528442
0.737419068813324
0.6396676301956177
0.3511912524700165
0.5444367527961731
0.7882468700408936
0.31776151061058044
0.2369498759508133
0.706140398979187
0.7837592959403992
0.09940698742866516
0.4020157754421234
0.9764910340309143
0.8256698250770569
0.43142080307006836
0.47316789627075195
0.8319923877716064
0.9745328426361084
0.9098871946334839
0.088189996778965
0.5989009737968445
0.3218839168548584
0.18961314857006073
0.8196359276771545
0.2834310829639435
0.5156823992729187
0.5162765383720398
0.7207044959068298
0.6905175447463989
0.8755831122398376
0.5807648301124573
0.07472091168165207
0.8205455541610718
0.36121878027915955
0.9721263647079468
0.6222674250602722
0.4270976185798645
0.1580178290605545
0.9581201672554016
0.7706874012947083
0.6488158106803894
0.4609067440032959
0.13638871908187866
0.22651785612106323
0.9416359066963196
0.7943865060806274
0.5148625373840332
0.5502297282218933
0.2756185233592987
0.34390607476234436
0.1864517629146576
0.3691363036632538
0.7096573114395142
0.039557673037052155
0.1374998837709427
0.734427273273468
0.36496031284332275
0.8161009550094604
0.12017940729856491
0.29649534821510315
0.9246056079864502
0.4780314564704895
0.7126948237419128
0.37233757972717285
0.03543499484658241
0.2130417376756668
0.5681944489479065
0.9647126793861389
0.18494170904159546
0.17286162078380585
0.002620072104036808
0.33575373888015747
0.21011900901794434
0.7392359972000122
0.05273369699716568
0.9326328635215759
0.7692468166351318
0.7841752171516418
0.010541767813265324
0.29530975222587585
0.13276608288288116
0.49391505122184753
0.18907098472118378
0.22570575773715973
0.17431068420410156
0.8515813946723938
0.8517023324966431
0.21402622759342194
0.22319144010543823
0.44983014464378357
0.43600335717201233
0.2847200930118561
0.1662542223930359
0.6247552037239075
0.8025336265563965
0.08815161138772964
0.6905372738838196
0.7786003947257996
0.22077637910842896
0.8959248661994934
0.7798236012458801
0.27854037284851074
0.7901715636253357
0.8887753486633301
0.1258327215909958
0.2962426543235779
0.9745107293128967
0.2739999294281006
0.5754100680351257
0.8841381072998047
0.22893556952476501
0.19149978458881378
0.29708534479141235
0.7842984199523926
0.4763419032096863
0.9119240641593933
0.8191667795181274
0.06812432408332825
0.4275752604007721
0.5074052214622498
0.18771778047084808
0.4823327958583832
0.23590748012065887
0.14842720329761505
0.3518327474594116
0.5931631922721863
0.28564849495887756
0.02213944122195244
0.558211088180542
0.3146597743034363
0.7949020862579346
0.2620511054992676
0.44137445092201233
0.45995503664016724
0.1729263812303543
0.9897630214691162
0.994604766368866
0.5045642256736755
0.388506144285202
0.601878821849823
0.014539980329573154
0.30372944474220276
0.6533193588256836
0.8633303046226501
0.43671751022338867
0.07991873472929001
0.622143566608429
0.7233859896659851
0.6303855776786804
0.5400152206420898
0.2435966283082962
0.3711891174316406
0.44186174869537354
0.3437131643295288
0.2608518898487091
0.47139808535575867
0.4708222448825836
0.3845408260822296
0.5547348260879517
0.4948301315307617
0.8755462765693665
0.0750669464468956
0.22839345037937164
0.7282528877258301
0.7305334806442261
0.6115514636039734
0.7700344324111938
0.14894773066043854
0.12755480408668518
0.41279521584510803
0.3886808454990387
0.4653664231300354
0.8146441578865051
0.9193524718284607
0.5767261981964111
0.7378107905387878
0.4159371256828308
0.2742558717727661
0.481290727853775
0.343584805727005
0.8503018021583557
0.28408801555633545
0.7140361070632935
0.9033065438270569
0.1723444163799286
0.4455733001232147
0.4006727933883667
0.6777067184448242
0.008902886882424355
0.6089590787887573
0.2755722999572754
0.1722177118062973
0.4958452880382538
0.8537327647209167
0.5149392485618591
0.11133024096488953
0.48532193899154663
0.16161216795444489
0.13808991014957428
0.12834349274635315
0.03430568054318428
0.49594634771347046
0.46160125732421875
0.8259779214859009
0.9669088125228882
0.6354191303253174
0.9037214517593384
0.7070980072021484
0.7655186057090759
0.7656245827674866
0.5124663710594177
0.39198634028434753
0.6975128054618835
0.7608476877212524
0.4223291575908661
0.7502605319023132
0.26578834652900696
0.7443428039550781
0.6426137089729309
0.6142415404319763
0.5272054076194763
0.42108213901519775
0.6717326045036316
0.3495079576969147
0.13163705170154572
0.0966474860906601
0.3644150495529175
0.7746602892875671
0.1320110410451889
0.48891139030456543
0.6090982556343079
0.6438747048377991
0.6472060680389404
0.34054845571517944
0.2811334431171417
0.46959295868873596
0.45774662494659424
0.40565669536590576
0.1697339117527008
0.44102942943573
0.8609898686408997
0.14182473719120026
0.8583911061286926
0.41907745599746704
0.78384929895401
0.7577679753303528
0.21721845865249634
0.39770230650901794
0.4914659261703491
0.6249465942382812
0.620246946811676
0.297924280166626
0.10271289944648743
0.817861795425415
0.6308180093765259
0.3655835688114166
0.5752373337745667
0.6697154641151428
0.5413705706596375
0.9448035955429077
0.5841991901397705
0.21469718217849731
0.017440028488636017
0.3195946514606476
0.9926962852478027
0.5227825045585632
0.28818225860595703
0.7679501175880432
0.8230496644973755
0.33494165539741516
0.159116730093956
0.099012590944767
0.16259975731372833
0.05891584977507591
0.9437087774276733
0.8841720223426819
0.4390493929386139
0.8111828565597534
0.9195960760116577
0.04529926925897598
0.05035153403878212
0.7949502468109131
0.5269136428833008
0.17177000641822815
0.2578539550304413
0.8170236349105835
0.7554276585578918
0.3669225871562958
0.9959658980369568
0.45360884070396423
0.01760021597146988
0.032686155289411545
0.46922767162323
0.04324710741639137
0.7963631749153137
0.5284684896469116
0.878779947757721
0.34661799669265747
0.6561192274093628
0.7462494969367981
0.5375493168830872
0.9105635285377502
0.9973529577255249
0.8319498896598816
0.6511692404747009
0.5209364295005798
0.8112735748291016
0.15649980306625366
0.8866448998451233
0.2683975100517273
0.5314749479293823
0.4407863914966583
0.7115432024002075
0.12029770761728287
0.16149748861789703
0.49969226121902466
0.24826009571552277
0.08138485997915268
0.06470650434494019
0.5444651246070862
0.3066665828227997
0.6603464484214783
0.4360484778881073
0.11902172863483429
0.14819081127643585
0.24887168407440186
0.17893457412719727
0.3030993342399597
0.2748669683933258
0.3375588655471802
0.7687228918075562
0.659035861492157
0.10868975520133972
0.21760250627994537
0.6536167860031128
0.2407442033290863
0.48562973737716675
0.6706332564353943
0.6876915097236633
0.11485341936349869
0.22599884867668152
0.6190015077590942
0.9840133190155029
0.7953563928604126
0.3463718295097351
0.861968994140625
0.6173277497291565
0.4734070301055908
0.001387215917930007
0.6310613751411438
0.2655901312828064
0.7874909043312073
0.6996206641197205
0.48343977332115173
0.40743303298950195
0.45758694410324097
0.3371458947658539
0.04869737848639488
0.4361909329891205
0.04836328700184822
0.018252011388540268
0.03445851802825928
0.3013792932033539
0.0005338650080375373
0.5294116735458374
0.5151146650314331
0.19119100272655487
0.8222532272338867
0.1757376492023468
0.0797581598162651
0.7090762257575989
0.5511020421981812
0.5322607159614563
0.7964699864387512
0.0757419764995575
0.984325647354126
0.9706005454063416
0.17431972920894623
0.5324498414993286
0.4671202301979065
0.3779679238796234
0.4342949390411377
0.1304265707731247
0.5814601182937622
0.6454787850379944
0.13004979491233826
0.03200298175215721
0.9050402641296387
0.7552372217178345
0.336958110332489
0.7988176941871643
0.4659554660320282
0.7709357142448425
0.9180651903152466
0.8667370080947876
0.9598578810691833
0.7926531434059143
0.8229259252548218
0.36895930767059326
0.3060075342655182
0.3937950134277344
0.3347947895526886
0.10752421617507935
0.30275899171829224
0.25942274928092957
0.9541664123535156
0.20031282305717468
0.6903911828994751
0.6718767285346985
0.21036748588085175
0.646754264831543
0.536538302898407
0.7877766489982605
0.24041059613227844
0.8799492120742798
0.4680807590484619
0.4464474320411682
0.058632127940654755
0.44072774052619934
0.6402505040168762
0.8760656714439392
0.039567798376083374
0.23016616702079773
0.5400866270065308
0.97850501537323
0.34430480003356934
0.8228912949562073
0.04802664741873741
0.10933135449886322
0.074101522564888
0.21125389635562897
0.8213700652122498
0.5062249302864075
0.3444541394710541
0.671145498752594
0.9477387070655823
0.5788354873657227
0.7034475803375244
0.4701248109340668
0.005067849066108465
0.6072788834571838
0.9633974432945251
0.4007861018180847
0.5608555674552917
0.6692613363265991
0.23218590021133423
0.7754073739051819
0.8317450284957886
0.8435097336769104
0.2548021078109741
0.15511742234230042
0.486752986907959
0.3779626190662384
0.10138024389743805
0.0034448530059307814
0.48832571506500244
0.07875318825244904
0.5283268094062805
0.27424904704093933
0.28342321515083313
0.25391778349876404
0.9481108784675598
0.0013543943641707301
0.2328408658504486
0.9460271596908569
0.14098475873470306
0.9504833817481995
0.2683674991130829
0.8732669949531555
0.27049580216407776
0.6571955680847168
0.6960017681121826
0.872438907623291
0.08165310323238373
0.1930249035358429
0.6378281116485596
0.7908449172973633
0.3629325032234192
0.2934676706790924
0.9831931591033936
0.8841834664344788
0.44601404666900635
0.24243196845054626
0.4255366921424866
0.3589996099472046
0.9040051102638245
0.20792564749717712
0.9922214150428772
0.8209487795829773
0.9495109915733337
0.6784443855285645
0.1847601979970932
0.06838987022638321
0.7800005078315735
0.6883836388587952
0.5904535055160522
0.7888352870941162
0.44690191745758057
0.9454236626625061
0.5164794325828552
0.588623046875
0.8940339088439941
0.16966310143470764
0.8024812936782837
0.7305414080619812
0.6516739726066589
0.8305581212043762
0.16439275443553925
0.42895615100860596
0.8165656328201294
0.16339237987995148
0.15289808809757233
0.8322216272354126
0.14776989817619324
0.002822587266564369
0.17715686559677124
0.9264126420021057
0.4097660183906555
0.0021178333554416895
0.9786158204078674
0.7676805257797241
0.039542004466056824
0.11139612644910812
0.9899104833602905
0.6632412075996399
0.35591834783554077
0.8182580471038818
0.008171345107257366
0.41903287172317505
0.048767123371362686
0.2412996143102646
0.013148345053195953
0.6028874516487122
0.11463730782270432
0.9439921379089355
0.04529603198170662
0.5909055471420288
0.9049046635627747
0.3757493793964386
0.8043254017829895
0.8101315498352051
0.3821745216846466
0.3589605987071991
0.2850211560726166
0.41218605637550354
0.9812909960746765
0.9942525625228882
0.31614580750465393
0.045769717544317245
0.5073385834693909
0.3505319058895111
0.838966965675354
0.07884000986814499
0.22549059987068176
0.8066642880439758
0.6095415949821472
0.3015485107898712
0.9675089120864868
0.6823331117630005
0.09743178635835648
0.513584315776825
0.05056753382086754
0.24965831637382507
0.11154396086931229
0.17078539729118347
0.926868736743927
0.6751040816307068
0.3985917568206787
0.7333269715309143
0.028966618701815605
0.8698914647102356
0.017731837928295135
0.07448019832372665
0.8533768653869629
0.8021986484527588
0.6997987627983093
0.9214065670967102
0.5826832056045532
0.8212475776672363
0.34910136461257935
0.25771626830101013
0.6329365968704224
0.16493169963359833
0.5772185921669006
0.2374279797077179
0.8918680548667908
0.5521348118782043
0.5153934955596924
0.9376882910728455
0.5937504768371582
0.7917446494102478
0.1522216498851776
0.5434760451316833
0.10608077794313431
0.8751837611198425
0.19075584411621094
0.9602195024490356
0.37461909651756287
0.1647789627313614
0.8525885939598083
0.051913678646087646
0.9349831342697144
0.2871989905834198
0.9617108702659607
0.0732649490237236
0.40961048007011414
0.28871265053749084
0.9322628378868103
0.6601216197013855
0.8848949670791626
0.784694492816925
0.6982213854789734
