512 2 3
0
199
348
1
411
496
2
21
502
2
3
39
4
134
505
5
435
482
6
88
501
7
96
102
8
52
273
9
109
315
10
203
327
8
11
187
12
157
335
13
70
221
14
55
422
15
355
488
16
110
452
17
339
443
18
19
431
3
19
391
20
109
152
5
21
286
22
257
493
23
24
291
24
108
379
25
125
275
26
112
376
27
217
225
28
237
317
29
174
352
30
222
403
5
31
432
32
195
337
33
72
468
34
234
357
35
54
486
36
136
333
37
397
448
38
228
259
39
63
168
40
83
165
41
52
431
42
62
481
43
352
447
44
317
486
45
141
367
46
126
215
47
69
390
48
79
445
49
309
411
50
378
462
51
124
302
52
57
437
32
46
53
54
64
75
55
352
399
56
272
509
57
132
342
58
99
332
59
101
142
60
234
271
26
61
331
62
343
350
38
63
355
64
67
139
29
65
137
66
150
501
14
67
376
60
68
116
69
213
434
70
100
153
71
94
145
72
200
368
73
134
441
74
99
333
75
299
493
76
194
335
41
77
380
78
457
466
31
79
469
80
292
307
81
433
436
82
193
406
83
343
422
84
164
242
85
175
454
86
241
405
87
219
418
88
221
370
89
359
375
90
110
447
79
91
215
92
123
172
13
93
425
94
173
288
64
95
188
96
327
497
39
97
250
64
98
419
99
168
208
66
100
342
63
101
319
102
125
330
103
309
403
25
70
104
105
179
354
106
171
433
107
202
453
107
108
446
11
109
223
110
124
421
58
68
111
112
201
487
113
119
354
114
211
349
115
174
199
81
116
351
107
117
415
118
485
505
30
119
480
120
146
240
121
154
279
90
122
238
123
207
437
124
340
379
125
228
321
97
126
291
25
127
147
61
128
232
129
224
437
8
130
484
131
146
495
132
146
348
71
133
206
134
344
477
135
171
377
136
155
157
14
85
137
138
149
346
94
139
282
140
153
336
65
141
464
142
200
330
143
228
361
144
443
446
68
145
443
10
146
206
31
147
419
148
309
330
26
149
434
20
150
279
1
151
488
152
344
418
85
88
153
153
154
179
155
288
443
40
67
156
112
157
403
51
158
373
110
159
460
52
160
202
51
161
173
162
317
402
163
180
498
164
249
256
21
165
314
46
166
441
33
167
212
168
338
371
58
169
331
170
173
428
64
171
276
172
342
349
173
237
484
95
174
185
61
175
400
168
176
258
177
265
324
178
222
384
159
179
185
18
180
359
101
181
481
95
182
389
74
176
183
18
184
335
97
112
185
186
320
425
187
270
308
13
52
188
9
189
217
163
190
502
108
191
506
192
201
380
193
347
398
194
477
503
164
195
389
168
196
300
197
222
397
198
214
334
127
199
418
188
200
344
201
303
335
202
257
293
39
113
203
204
320
424
205
387
455
101
102
206
207
279
312
182
208
502
182
209
221
210
305
446
117
211
427
83
212
409
105
213
254
95
191
214
26
215
484
40
216
301
209
217
453
218
237
501
125
219
241
50
220
454
28
151
221
22
222
452
50
223
399
51
224
495
59
225
459
12
79
226
34
227
355
47
228
376
229
411
428
230
320
466
21
178
231
232
423
462
233
316
403
157
234
442
224
235
422
236
275
279
237
319
341
59
238
450
239
429
500
54
240
359
47
241
388
111
242
504
148
243
261
162
244
382
245
345
414
246
273
464
73
247
301
20
248
313
73
249
356
74
250
465
125
251
500
252
300
421
253
264
320
172
254
503
255
311
375
256
351
464
87
208
257
86
258
314
32
72
259
84
260
326
261
435
442
262
321
428
263
325
332
179
252
264
265
379
471
35
266
378
72
74
267
268
399
490
65
269
507
132
270
401
147
149
271
192
272
278
259
273
489
47
274
435
275
306
491
222
276
302
114
277
408
218
225
278
279
450
477
17
140
280
78
281
332
7
249
282
50
283
420
107
213
284
131
201
285
75
286
428
287
344
482
110
288
499
39
289
357
58
252
290
16
291
407
154
251
292
56
293
311
6
264
294
233
295
385
19
232
296
90
194
297
111
298
418
38
299
366
44
283
300
82
295
301
60
302
441
69
303
502
188
304
506
305
339
386
272
306
373
66
123
307
282
308
398
179
290
309
195
310
422
311
316
358
159
312
481
29
104
313
7
314
471
69
315
353
4
316
399
288
317
399
218
318
333
319
411
434
192
320
476
274
321
452
322
352
467
229
323
365
120
324
491
325
329
342
21
284
326
322
327
456
257
328
420
90
329
392
62
324
330
193
268
331
324
332
431
7
93
333
334
420
433
311
321
335
111
336
414
265
337
363
338
386
491
126
241
339
32
115
340
58
142
341
98
342
386
119
308
343
344
448
506
72
197
345
192
201
346
39
347
510
79
267
348
349
369
392
267
346
350
291
351
386
352
477
501
203
333
353
69
247
354
49
355
440
253
356
373
152
179
357
293
305
358
217
359
472
12
105
360
21
260
361
63
108
362
32
363
439
104
255
364
30
226
365
72
125
366
54
367
402
7
145
368
369
443
455
95
320
370
26
326
371
119
372
387
305
373
459
54
336
374
228
375
502
113
254
376
238
263
377
115
299
378
275
324
379
125
380
500
237
381
455
297
311
382
239
265
383
3
260
384
9
216
385
267
386
487
7
193
387
99
120
388
244
389
484
170
390
428
165
391
487
268
392
490
90
294
393
129
184
394
147
187
395
99
280
396
211
357
397
60
361
398
93
399
455
99
400
454
71
317
401
212
402
434
246
255
403
132
261
404
312
405
499
114
406
458
297
407
462
104
408
460
45
107
409
149
306
410
94
330
411
109
176
412
150
349
413
108
185
414
184
357
415
152
416
477
417
472
483
359
418
447
137
354
419
228
240
420
101
202
421
422
429
506
228
239
423
178
309
424
425
432
485
103
250
426
105
427
456
32
131
428
76
206
429
231
406
430
12
198
431
194
210
432
166
265
433
230
434
501
91
253
435
436
452
497
153
328
437
185
425
438
122
252
439
129
176
440
351
441
443
104
337
442
122
185
443
392
398
444
273
443
445
59
217
446
4
447
491
125
440
448
209
383
449
12
26
450
366
451
495
119
452
496
75
145
453
258
390
454
259
455
506
167
357
456
162
457
506
426
458
477
32
325
459
86
117
460
240
326
461
35
276
462
264
296
463
363
416
464
209
422
465
29
214
466
178
467
505
159
394
468
179
239
469
164
401
470
17
471
473
41
118
472
267
403
473
302
453
474
280
339
475
216
303
476
20
473
477
181
247
478
89
263
479
60
67
480
164
336
481
178
378
482
272
443
483
154
484
507
24
363
485
218
361
486
134
138
487
284
466
488
56
462
489
81
363
490
220
309
491
369
483
492
440
493
496
389
494
502
308
357
495
353
475
496
23
159
497
2
163
498
124
132
499
159
445
500
91
317
501
113
321
502
37
232
503
157
212
504
149
172
505
394
439
506
103
147
507
55
352
508
167
279
509
4
385
510
46
297
511
0.8428032398223877
0.4145035147666931
0.5793913006782532
0.9682345390319824
0.3588380813598633
0.2975122630596161
0.35080909729003906
0.8569386601448059
0.2946183681488037
0.38072535395622253
0.028150320053100586
0.5883493423461914
0.5034086108207703
0.605828583240509
0.5369845032691956
0.45166662335395813
0.46738287806510925
0.10121768712997437
0.6439336538314819
0.4303239583969116
0.4763626754283905
0.4153570532798767
0.2613963782787323
0.8476841449737549
0.22640317678451538
0.9033715724945068
0.3079601228237152
0.16717983782291412
0.4307645857334137
0.09437892585992813
0.7250888347625732
0.6006600260734558
0.7764317989349365
0.21610651910305023
0.7116908431053162
0.09727510064840317
0.06622195988893509
0.6637201905250549
0.845884382724762
0.3436850309371948
0.6644213199615479
0.3447284400463104
0.015954945236444473
0.7813646793365479
0.8533792495727539
0.147062748670578
0.9231427311897278
0.3287142515182495
0.9825338125228882
0.6819509863853455
0.8242800831794739
0.7466277480125427
0.985014796257019
0.17610055208206177
0.006775427609682083
0.24391469359397888
0.32462096214294434
0.8026726245880127
0.11269249767065048
0.7725706100463867
0.6175707578659058
0.3754575550556183
0.47115108370780945
0.8934120535850525
0.9022412300109863
0.284901887178421
0.2875394821166992
0.1919771432876587
0.8397448658943176
0.5939309000968933
0.10014747828245163
0.942460834980011
0.6703972816467285
0.521036684513092
0.7508246302604675
0.8835294842720032
0.21760407090187073
0.46667641401290894
0.5162833333015442
0.056155383586883545
0.03935377299785614
0.7710850834846497
0.8307691216468811
0.1855376958847046
0.61190265417099
0.2851271629333496
0.15888571739196777
0.31537801027297974
0.7114065289497375
0.44143030047416687
0.21954654157161713
0.9515361189842224
0.5171554684638977
0.5581954121589661
0.8301240801811218
0.3617030382156372
0.006390544585883617
0.4825005829334259
0.11235116422176361
0.7233532071113586
0.38567131757736206
0.8698301315307617
0.4170486032962799
0.8748301267623901
0.8519406914710999
0.517259955406189
0.3513560891151428
0.1569141149520874
0.8449633717536926
0.8333590626716614
0.9770444631576538
0.7677486538887024
0.0684405043721199
0.8169334530830383
0.1078653559088707
0.5034188628196716
0.7792150974273682
0.7507951855659485
0.45322656631469727
0.5605313181877136
0.8960008025169373
0.5474744439125061
0.26646870374679565
0.7262501120567322
0.4211960434913635
0.026850875467061996
0.19096578657627106
0.1200546994805336
0.10203490406274796
0.4123545289039612
0.9023506045341492
0.5154150128364563
0.6912346482276917
0.8436210751533508
0.10653603821992874
0.36665377020835876
0.45744895935058594
0.8513904213905334
0.9874401092529297
0.6933560371398926
0.43081268668174744
0.5750013589859009
0.26262855529785156
0.74598228931427
0.2529589831829071
0.06465917080640793
0.11524081230163574
0.024008136242628098
0.11287625879049301
0.10955717414617538
0.5422775149345398
0.36404678225517273
0.2065339833498001
0.576775848865509
0.8696920275688171
0.3998289406299591
0.41064968705177307
0.2196066677570343
0.6818627119064331
0.796013355255127
0.015206298790872097
0.89201819896698
0.17632707953453064
0.6210741400718689
0.3044705390930176
0.9452095031738281
0.9497750401496887
0.936575174331665
0.7964786887168884
0.16128899157047272
0.4779641628265381
0.1881256103515625
0.3027845621109009
0.9830110669136047
0.1049441546201706
0.15712502598762512
0.8377397060394287
0.8828044533729553
0.6805950999259949
0.7508767247200012
0.5370028614997864
0.7839250564575195
0.07576403766870499
0.8685705661773682
0.46239206194877625
0.34006062150001526
0.342159628868103
0.1313735693693161
0.6159308552742004
0.5807008147239685
0.47134894132614136
0.5155773162841797
0.6367225646972656
0.21380767226219177
0.6469791531562805
0.4786142408847809
0.5540600419044495
0.9359068870544434
0.807348906993866
0.07784684747457504
0.11367031186819077
0.1133604571223259
0.5681230425834656
0.6922240257263184
0.42265763878822327
0.7189615964889526
0.36960405111312866
0.17980197072029114
0.023395337164402008
0.32725510001182556
0.09523873031139374
0.9319053888320923
0.9454624652862549
0.8168683052062988
0.312052845954895
0.21501967310905457
0.21568803489208221
0.2611962854862213
0.5931620597839355
0.493068128824234
0.661730945110321
0.6686148643493652
0.1527986228466034
0.33775997161865234
0.5565820932388306
0.9817115664482117
0.34982824325561523
0.6042676568031311
0.4542738199234009
0.5843642354011536
0.03284671902656555
0.045106180012226105
0.7945920825004578
0.8574100136756897
0.4021569490432739
0.6765425801277161
0.6809064745903015
0.02802981249988079
0.5151787400245667
0.9042832255363464
0.27435946464538574
0.4059664309024811
0.6624807119369507
0.7699858546257019
0.8905757665634155
0.18971574306488037
0.004728895146399736
0.13659007847309113
0.3683629333972931
0.8396890163421631
0.115899458527565
0.08406626433134079
0.16497431695461273
0.46714693307876587
0.9573764801025391
0.6806186437606812
0.3843778371810913
0.05591345578432083
0.15815651416778564
0.5423170924186707
0.1287126988172531
0.9194809198379517
0.9178586006164551
0.16278153657913208
0.621070921421051
0.7243837118148804
0.09891641139984131
0.9616481065750122
0.40675875544548035
0.09928037971258163
0.7734804153442383
0.45456624031066895
0.4450792670249939
0.8510804176330566
0.5019221901893616
0.2389725148677826
0.6558901071548462
0.8316622972488403
0.16914144158363342
0.7399200797080994
0.8389763236045837
0.5404407382011414
0.8410069346427917
0.2833358347415924
0.17023973166942596
0.0531647652387619
0.0468912310898304
0.5391674637794495
0.6398159265518188
0.7476176619529724
0.7709953188896179
0.38914424180984497
0.35887086391448975
0.930272102355957
0.4155786633491516
0.2279893308877945
0.8923352956771851
0.24171526730060577
0.37617841362953186
0.12806336581707
0.8426413536071777
0.43234696984291077
0.8474721908569336
0.19398878514766693
0.3923630118370056
0.803984522819519
0.023683803156018257
0.9444088935852051
0.07613655179738998
0.7138674855232239
0.9395444393157959
0.5905040502548218
0.09388995170593262
0.23961199820041656
0.23780988156795502
0.2778721749782562
0.5357584953308105
0.8523899912834167
0.6369540095329285
0.09078624099493027
0.7661921977996826
0.5726562738418579
0.6878089308738708
0.7336316108703613
0.6614627838134766
0.9761700630187988
0.5635237097740173
0.5316406488418579
0.6290633082389832
0.9576838612556458
0.7619097232818604
0.17761780321598053
0.7509042024612427
0.8016083836555481
0.33713415265083313
0.004041912965476513
0.5437853336334229
0.18773765861988068
0.3032960593700409
0.14458991587162018
0.5673664808273315
0.5873092412948608
0.12157385796308517
0.7620409727096558
0.16341008245944977
0.3910985291004181
0.31218159198760986
0.24119742214679718
0.7225835919380188
0.2640243470668793
0.7602871656417847
0.062036145478487015
0.15103833377361298
0.7261305451393127
0.3426148295402527
0.6459993124008179
0.18057039380073547
0.3028368353843689
0.6794108748435974
0.24247623980045319
0.9795212745666504
0.4070819914340973
0.08863428235054016
0.6621406078338623
0.865109920501709
0.902174174785614
0.6717948913574219
0.23570792376995087
0.8547795414924622
0.873366117477417
0.7176071405410767
0.22067514061927795
0.8172276616096497
0.843281090259552
0.3319818675518036
0.472662091255188
0.13182145357131958
0.5181008577346802
0.06279654055833817
0.062019478529691696
0.7090902924537659
0.8331868052482605
0.6692305207252502
0.9601039886474609
0.35279080271720886
0.8367569446563721
0.7617126107215881
0.07443588972091675
0.8819230794906616
0.08131853491067886
0.25718873739242554
0.4309673309326172
0.7568418979644775
0.23357771337032318
0.8141459822654724
0.8611094951629639
0.22176684439182281
0.9801799058914185
0.0572565533220768
0.12329995632171631
0.5754128694534302
0.8657741546630859
0.9759690165519714
0.36662179231643677
0.12768760323524475
0.2766052186489105
0.3589189648628235
0.06412844359874725
0.20013049244880676
0.38959914445877075
0.4031350016593933
0.29503291845321655
0.616208016872406
0.1408863514661789
0.9922882914543152
0.8348861336708069
0.5744002461433411
0.19600160419940948
0.07211805135011673
0.639453649520874
0.378510981798172
0.6422758102416992
0.10499376803636551
0.6542942523956299
0.4338012933731079
0.48935675621032715
0.9112697243690491
0.5132155418395996
0.3866061866283417
0.5591656565666199
0.3692368268966675
0.06658393889665604
0.11476800590753555
0.2801872789859772
0.9761210083961487
0.4948791265487671
0.15819476544857025
0.7004407048225403
0.31203344464302063
0.4740930497646332
0.5362478494644165
0.4907042384147644
0.8128109574317932
0.5305002331733704
0.19046740233898163
0.4799450635910034
0.3954187333583832
0.19928592443466187
0.17942388355731964
0.08005700260400772
0.9438518285751343
0.7083914875984192
0.1902700960636139
0.4378277063369751
0.47863391041755676
0.8186490535736084
0.7151811718940735
0.6332074403762817
0.061562638729810715
0.707234799861908
0.6008409261703491
0.5192304253578186
0.22832107543945312
0.1727125644683838
0.9103224873542786
0.9813039302825928
0.5250981450080872
0.776473879814148
0.8447860479354858
0.8108298182487488
0.25856396555900574
0.42311790585517883
0.8021911978721619
0.6433113217353821
0.8105962872505188
0.3930092751979828
0.11038167774677277
0.6453294157981873
0.8403726816177368
0.04684917628765106
0.48110583424568176
0.5831465125083923
0.3793659806251526
0.6456484198570251
0.2566513419151306
0.2884560823440552
0.573065459728241
0.5061095952987671
0.5825534462928772
0.506218671798706
0.08414626121520996
0.8818002939224243
0.3728148639202118
0.14689771831035614
0.3073023855686188
0.11277566850185394
0.5131693482398987
0.8761166930198669
0.3490513563156128
0.25563979148864746
0.9929525256156921
0.24846290051937103
0.4975797235965729
0.3913518786430359
0.4946138560771942
0.830249547958374
0.7507836818695068
0.21465305984020233
0.23869478702545166
0.29610684514045715
0.6188929080963135
0.7584049105644226
0.18013858795166016
0.49654829502105713
0.9598996043205261
0.2445998191833496
0.5689511895179749
0.45464327931404114
0.898776113986969
0.7476633191108704
0.450962096452713
0.5829877853393555
0.444381445646286
0.044455621391534805
0.4945557117462158
0.46020594239234924
0.9674766659736633
0.470703125
0.42890194058418274
0.2282397300004959
0.5071108341217041
0.3599224388599396
0.6050390601158142
0.2568068206310272
0.4832232892513275
0.41694319248199463
0.4474252462387085
0.3093419075012207
0.9300089478492737
0.3019045889377594
0.7694495320320129
0.22536319494247437
0.1301957666873932
0.015992026776075363
0.32017865777015686
0.4197896420955658
0.8737199902534485
0.21335341036319733
0.008264997974038124
0.39500904083251953
0.5884760022163391
0.4568704068660736
0.8793866634368896
0.3608541786670685
0.8916432857513428
0.5439538359642029
0.42666417360305786
0.8816769123077393
0.71268230676651
0.2484043389558792
0.9982090592384338
0.2332305908203125
0.7005464434623718
0.8815448880195618
0.4372638463973999
0.1961226761341095
0.03829328715801239
0.913289487361908
0.041738361120224
0.953563928604126
0.07243422418832779
0.1776537150144577
0.6405530571937561
0.4555297791957855
0.755129873752594
0.2026454657316208
0.6198660731315613
0.6596487164497375
0.00790174026042223
0.9964650869369507
0.7723403573036194
0.5179845094680786
0.5045897364616394
0.4413802921772003
0.6860881447792053
0.7940317392349243
0.0030377686489373446
0.44327592849731445
0.4705680012702942
0.9398046135902405
0.9737765789031982
0.996120274066925
0.6944253444671631
0.9256822466850281
0.8919481635093689
0.04712238907814026
0.3987100124359131
0.9637651443481445
0.33239540457725525
0.6814869046211243
0.3601677417755127
0.7073541283607483
0.1869271993637085
0.44422316551208496
0.4542299807071686
0.937926173210144
0.4908737242221832
0.6661929488182068
0.23882155120372772
0.37580546736717224
0.5518275499343872
0.514219343662262
0.7152625918388367
0.46628233790397644
0.6631503105163574
0.8871158957481384
0.46643486618995667
0.9595848917961121
0.24971440434455872
0.9677780866622925
0.8345096707344055
0.1678742617368698
0.5912730097770691
0.7704882025718689
0.7027037739753723
0.9121291041374207
0.29139429330825806
0.9585422873497009
0.18323002755641937
0.676840603351593
0.30610811710357666
0.6044571399688721
0.5990636944770813
0.8225194811820984
0.6035796999931335
0.4741343557834625
0.6913321018218994
0.9525170922279358
0.965772271156311
0.18062391877174377
0.9277701377868652
0.24789999425411224
0.44057756662368774
0.5304686427116394
0.6157035231590271
0.055446285754442215
0.9061565399169922
0.566155731678009
0.5093161463737488
0.8098781108856201
0.7966225743293762
0.3333641588687897
0.5830993056297302
0.0464043989777565
0.5735399127006531
0.01049879752099514
0.8941154479980469
0.7898621559143066
0.1739095002412796
0.7672771215438843
0.3784996569156647
0.2810983657836914
0.7657288312911987
0.681267261505127
0.9285315871238708
0.6656506657600403
0.5735629200935364
0.1414705216884613
0.30921676754951477
0.6373124718666077
0.4996604025363922
0.25418707728385925
0.5734814405441284
0.38137882947921753
0.05183364823460579
0.16679219901561737
0.3398047089576721
0.7720222473144531
0.12331465631723404
0.6447493433952332
0.5012787580490112
0.8648383021354675
0.18357621133327484
0.9786911606788635
0.38393738865852356
0.1145758330821991
0.8633760809898376
0.9614306092262268
0.00911432970315218
0.6339975595474243
0.3461780846118927
0.5898590683937073
0.4299094080924988
0.6989040970802307
0.5742693543434143
0.6222578883171082
0.6991673111915588
0.8242661952972412
0.08054473251104355
0.2732677459716797
0.48930594325065613
0.46081775426864624
0.3829513192176819
0.9001981616020203
0.21912848949432373
0.2114240676164627
0.7390517592430115
0.5923852920532227
0.7115208506584167
0.9963274598121643
0.9545472264289856
0.001432956662029028
0.4420292377471924
0.5613640546798706
0.7450032234191895
0.4747602343559265
0.7265611290931702
0.5671929121017456
0.31726521253585815
0.13208086788654327
0.30290892720222473
0.43345576524734497
0.09814457595348358
0.3351767659187317
0.40703049302101135
0.5227422118186951
0.5292148590087891
0.7641770839691162
0.6470919251441956
0.18221518397331238
0.9523508548736572
0.009390275925397873
0.6544411182403564
0.6982226371765137
0.28856393694877625
0.3683021366596222
0.38592204451560974
0.697456955909729
0.8907581567764282
0.029099542647600174
0.1447855681180954
0.6429092884063721
0.5425987243652344
0.3687608540058136
0.5123957991600037
0.6594334244728088
0.010220255702733994
0.024207010865211487
0.918023943901062
0.42968687415122986
0.8553417921066284
0.5332659482955933
0.8708276748657227
0.43910321593284607
0.641505777835846
0.9780980944633484
0.05217640846967697
0.8803468346595764
0.2801026701927185
0.15225429832935333
0.23544734716415405
0.1961316168308258
0.9072204828262329
0.3356333374977112
0.8508878946304321
0.8380114436149597
0.5877235531806946
0.3859999179840088
0.5844210386276245
0.6777724623680115
0.357939749956131
0.26482751965522766
0.050250936299562454
0.4744613766670227
0.20595547556877136
0.21926693618297577
0.1559291034936905
0.9386324882507324
0.2469916194677353
0.056984879076480865
0.2952130138874054
0.8186469078063965
0.05271822214126587
0.5909366607666016
0.050994038581848145
0.07658200711011887
0.8074175715446472
0.49114206433296204
0.8861691355705261
0.4192386269569397
0.9744229912757874
0.11042535305023193
0.062467776238918304
0.36670488119125366
0.3783329725265503
0.9432312846183777
0.1361822485923767
0.615376889705658
0.2742110788822174
0.6942116618156433
0.40054214000701904
0.06086961552500725
0.3306466341018677
0.9347237944602966
0.3387836515903473
0.8191747069358826
0.0010387471411377192
0.6152335405349731
0.9141536355018616
0.4952439069747925
0.6719204783439636
0.8810750246047974
0.3851794898509979
0.6115804314613342
0.7497465014457703
0.6184442639350891
0.6797356605529785
0.3707923889160156
0.11806093156337738
0.37690097093582153
0.1353464424610138
0.6508151292800903
0.5961079597473145
0.21878525614738464
0.38625645637512207
0.49150389432907104
0.12836849689483643
0.8394784331321716
0.4223426282405853
0.018998879939317703
0.8163163661956787
0.3322663903236389
0.04973800480365753
0.5074092149734497
0.19917075335979462
0.7766420245170593
0.932788074016571
0.9336804747581482
0.5423007011413574
0.22918380796909332
0.8203303813934326
0.8497136831283569
0.2500644624233246
0.3414139151573181
0.9337846636772156
0.06482721120119095
0.5973703861236572
0.7904191613197327
0.8142258524894714
0.19136105477809906
0.7437359094619751
0.3795746862888336
0.3561004400253296
0.7498417496681213
0.41577664017677307
0.47738760709762573
0.7776509523391724
0.8151148557662964
0.2743385434150696
0.6167263388633728
0.590442419052124
0.527104377746582
0.02001876011490822
0.01640775427222252
0.20391252636909485
0.8931096196174622
0.33226636052131653
0.4950633943080902
0.04031672328710556
0.050645049661397934
0.8417259454727173
0.7419663071632385
0.9462224841117859
0.06688448041677475
0.45710328221321106
0.533883810043335
0.7970287799835205
0.29770562052726746
0.9379310607910156
0.2034759372472763
0.5384374856948853
0.08648238331079483
0.689033567905426
0.5515222549438477
0.49539005756378174
0.1500830501317978
0.05769843980669975
0.2677505612373352
0.4569075107574463
0.45306146144866943
0.6987216472625732
0.4053848385810852
0.7059402465820312
0.32630273699760437
0.33635106682777405
0.5343604683876038
0.9038980603218079
0.6060500144958496
0.0551360622048378
0.7302111387252808
0.14579878747463226
0.8854163289070129
0.208939790725708
0.10318127274513245
0.8380640149116516
0.8048867583274841
0.7310763001441956
0.643257200717926
0.7823526859283447
0.31684306263923645
0.35858479142189026
0.010972211137413979
0.3065221905708313
0.23797854781150818
0.17526449263095856
0.160556823015213
0.019330095499753952
0.9399212598800659
0.6335786581039429
0.9818285703659058
0.42889776825904846
0.8873935341835022
0.45875367522239685
0.2660697102546692
0.4095098674297333
0.5567523837089539
0.043149206787347794
0.40029850602149963
0.2829084098339081
0.34138327836990356
0.8246851563453674
0.1941956877708435
0.9105615615844727
0.013766632415354252
0.4684842824935913
0.9174147248268127
0.4571714699268341
0.33705824613571167
0.6348604559898376
0.941180408000946
0.6925081014633179
0.18002018332481384
0.6635275483131409
0.6865999698638916
0.30320438742637634
0.04268498718738556
0.8557072877883911
0.2267264872789383
0.5467971563339233
0.4550992250442505
0.05048640817403793
0.44825708866119385
0.8793585300445557
0.42666125297546387
0.9630815982818604
0.9361969828605652
0.48709574341773987
0.25650912523269653
0.026520950719714165
0.07232260704040527
0.39841464161872864
0.622536838054657
0.10025696456432343
0.41449207067489624
0.4639038145542145
0.23338563740253448
0.207908496260643
0.18246695399284363
0.38339710235595703
0.937174379825592
0.675887942314148
0.782654881477356
0.009288111701607704
0.3857913613319397
0.3824683427810669
0.24904096126556396
0.6052823662757874
0.9353236556053162
0.5328465700149536
0.5363356471061707
0.04827072098851204
0.010839850641787052
0.29783615469932556
0.5287718176841736
0.7086368203163147
0.6891863346099854
0.6799284219741821
0.3311912417411804
0.3475619852542877
0.524338960647583
0.9523682594299316
0.021018872037529945
0.6180034279823303
0.8922364711761475
0.19110405445098877
0.02257741615176201
0.4573844075202942
0.6925041079521179
0.2912496030330658
0.10432782024145126
0.10405220091342926
0.26001352071762085
0.15639831125736237
0.20583921670913696
0.11764078587293625
0.3133777379989624
0.5926931500434875
0.29249194264411926
0.18433743715286255
0.9205333590507507
0.6039524674415588
0.9626656174659729
0.17756840586662292
0.6721962690353394
0.06578662246465683
0.7345597743988037
0.004741188138723373
0.9417189359664917
0.33861517906188965
0.5608008503913879
0.06268925964832306
0.565687894821167
0.23497310280799866
0.9255684614181519
0.6140415072441101
0.5208511352539062
0.9683679938316345
0.8954600095748901
0.8708688616752625
0.917995035648346
0.5852296352386475
0.9430567622184753
0.5232810974121094
0.20680390298366547
0.9697436690330505
0.01858144998550415
0.3841252028942108
0.16247998178005219
0.769697904586792
0.3827769458293915
0.1251465082168579
0.21900422871112823
0.8615005016326904
0.7811655402183533
0.8783903121948242
0.7897909283638
0.18140572309494019
0.7391960620880127
0.4925846457481384
0.518132746219635
0.9189940094947815
0.6547548770904541
0.3342239558696747
0.7942500710487366
0.9445569515228271
0.15000341832637787
0.9696623682975769
0.12539976835250854
0.029707130044698715
0.03725826367735863
0.1739232838153839
0.4186762869358063
0.3690182566642761
0.9179909229278564
0.9666722416877747
0.4290226101875305
0.6584327816963196
0.31507736444473267
0.7233585119247437
0.17247964441776276
0.9330182075500488
0.8557294607162476
0.4759986698627472
0.5509378910064697
0.2977246046066284
0.242811918258667
0.2521047294139862
0.875474750995636
0.5623319149017334
0.3286723494529724
0.006224472541362047
0.9237689971923828
0.518341600894928
0.5111595392227173
0.7406874895095825
0.5971394181251526
0.27040448784828186
0.40037527680397034
0.9760845899581909
0.8182508945465088
0.6044468879699707
0.3098921775817871
0.46689149737358093
0.2878876030445099
0.30277830362319946
0.43896904587745667
0.8027651309967041
0.8060330152511597
0.14845535159111023
0.46201038360595703
0.7686638236045837
0.9835835099220276
0.012871891260147095
0.01085849478840828
0.15561197698116302
0.6494460701942444
0.24201196432113647
0.529568612575531
0.9014182090759277
0.8781062364578247
0.959802508354187
0.0019481205381453037
0.13522952795028687
0.16250859200954437
0.17686820030212402
0.2603299915790558
0.49450361728668213
0.49328020215034485
0.39643794298171997
0.9219846129417419
0.9838034510612488
0.9666205644607544
0.4022817313671112
0.8596963882446289
0.3634498417377472
0.7834487557411194
0.38932716846466064
0.05531960353255272
0.08074142783880234
0.9922126531600952
0.6499988436698914
0.3638875186443329
0.626606822013855
0.3057810962200165
0.3855535387992859
0.024812284857034683
0.10446441918611526
0.4534231126308441
0.6696813106536865
0.995152473449707
0.14488399028778076
0.11367448419332504
0.7604430317878723
0.012785076163709164
0.11032926291227341
0.49984070658683777
0.8025549650192261
0.48918426036834717
0.9579317569732666
0.0387415736913681
0.35591012239456177
0.15195609629154205
0.04417477175593376
0.3824427127838135
0.9101483225822449
0.025713155046105385
0.8689769506454468
0.8224694728851318
0.9388566017150879
0.012481709942221642
0.6737935543060303
0.07591810077428818
0.6743935942649841
0.17226988077163696
0.9350558519363403
0.4572387635707855
0.005251822993159294
0.1395292431116104
0.460685670375824
0.04549555853009224
0.23172180354595184
0.4827469289302826
0.71845543384552
0.3953465521335602
0.471284955739975
0.05993616580963135
0.66681307554245
0.20636866986751556
0.6560544967651367
0.5765300989151001
0.8704259395599365
0.5881020426750183
0.3117390275001526
0.45958366990089417
0.2263970971107483
0.8084555268287659
0.1340186893939972
0.2870332598686218
0.9972509741783142
0.6680316925048828
0.22564148902893066
0.7786710262298584
0.40507590770721436
0.2959514260292053
0.42719021439552307
0.3117823004722595
0.06389179080724716
0.4841141700744629
0.33819061517715454
0.24657246470451355
0.7703480124473572
0.7403637170791626
0.6517409682273865
0.19717882573604584
0.06195220723748207
0.39085257053375244
0.9319226145744324
0.7734279036521912
0.0704219713807106
0.28152933716773987
0.697654664516449
0.45909109711647034
0.8771715760231018
0.3734692931175232
0.37804850935935974
0.16422592103481293
0.6670236587524414
0.6830960512161255
0.138384148478508
0.6349852085113525
0.6247367858886719
0.9104204773902893
0.8998126983642578
0.8903833031654358
0.8173207640647888
0.9035756587982178
0.4726397395133972
0.13225144147872925
0.7652571201324463
0.9796350002288818
0.3924824297428131
0.716095507144928
0.2919922471046448
0.609804093837738
0.850081205368042
0.8813449144363403
0.5638083219528198
0.49290886521339417
0.7237517833709717
0.5406065583229065
0.19019268453121185
0.7787162065505981
0.5434761047363281
0.28061285614967346
0.313143253326416
0.0207538902759552
0.4440348148345947
0.06865940243005753
0.4770972430706024
0.9924432039260864
0.2826009690761566
0.25673261284828186
0.095075823366642
0.8992763161659241
0.6513239741325378
0.15750402212142944
0.8816714286804199
0.07157545536756516
0.02812277525663376
0.09689384698867798
0.5014737844467163
0.7963131070137024
0.8512455821037292
0.4472925066947937
0.8899450898170471
0.1889488846063614
0.9211617112159729
0.11316521465778351
0.6080759763717651
0.9253968000411987
0.3627995252609253
0.8317075967788696
0.2903139889240265
0.32636144757270813
0.7696988582611084
0.2320968210697174
0.7911767959594727
0.22468899190425873
0.9954950213432312
0.1803266555070877
0.9217967987060547
0.024775398895144463
0.39373114705085754
0.06651003658771515
0.6728489398956299
0.8206520080566406
0.06447777897119522
0.8012592196464539
0.8392589688301086
0.20051753520965576
0.5567556023597717
0.2397611439228058
0.1542709320783615
0.4696507751941681
0.8625293970108032
0.10902336984872818
0.15918084979057312
0.28517791628837585
0.9314188361167908
0.06120021641254425
0.08010545372962952
0.9682222604751587
0.6266731023788452
0.8069818615913391
0.5275616645812988
0.005758914165198803
0.12026245892047882
0.6357361674308777
0.5085917115211487
0.12934045493602753
0.430624783039093
0.5762975215911865
0.7833465337753296
0.8207440972328186
0.7604260444641113
0.4151233434677124
0.7904890775680542
0.6096661686897278
0.7934112548828125
0.5452228784561157
0.4329525828361511
0.6568474769592285
0.6930558085441589
0.6332635879516602
0.09860485792160034
0.34054431319236755
0.9163846969604492
0.4810331463813782
0.6273072361946106
0.4256117641925812
0.19669508934020996
0.4459543824195862
0.9199681282043457
0.9486512541770935
0.47279179096221924
0.011783846653997898
0.4582836925983429
0.7037853598594666
0.21996630728244781
0.2341509461402893
0.5001249313354492
0.5363204479217529
0.12719304859638214
0.06927130371332169
0.011209927499294281
0.4677107334136963
0.5826930403709412
0.7710512280464172
0.2586791217327118
0.08781750500202179
0.8859313726425171
0.8106133937835693
0.9710943102836609
0.7197228074073792
0.8418208956718445
0.40640875697135925
0.28348690271377563
0.34481289982795715
0.737839937210083
0.4614315927028656
0.6888203024864197
0.9601691961288452
0.7041939496994019
0.279685378074646
0.4894152283668518
0.8576549887657166
0.8267998695373535
0.9415205717086792
0.22969824075698853
0.7396358847618103
0.009706932120025158
0.9571078419685364
0.5803927183151245
0.888067364692688
0.5150187611579895
0.5651597380638123
0.07028507441282272
0.9417758584022522
0.08614668250083923
0.5046669840812683
0.22642788290977478
0.4675215184688568
0.48619869351387024
0.3253546953201294
0.8095347285270691
0.6486376523971558
0.8599921464920044
0.7319884896278381
0.3916553258895874
0.6592596173286438
0.047272250056266785
0.761114239692688
0.891695499420166
0.14078061282634735
0.510141134262085
0.26049119234085083
0.04264042153954506
0.6115872263908386
0.3040766716003418
0.9866325259208679
0.48080405592918396
0.14954198896884918
0.5871915817260742
0.43430283665657043
0.3728732168674469
0.3608657419681549
0.9978362917900085
0.875835657119751
0.9007793664932251
0.5418563485145569
0.579069972038269
0.4847555458545685
0.6063452363014221
0.7498264312744141
0.4702724814414978
0.24783581495285034
0.8118710517883301
0.5041810274124146
0.8594942092895508
0.2559235095977783
0.3339589238166809
0.3244591951370239
0.4723764657974243
0.5865640640258789
0.2600836455821991
0.5052611231803894
0.7297646999359131
0.49084413051605225
0.8736011385917664
0.06604724377393723
0.12330450117588043
0.26391127705574036
0.3870202600955963
0.32242268323898315
0.8393434286117554
0.28959566354751587
0.5882797241210938
0.7837831377983093
0.021327724680304527
0.9635033011436462
0.08716024458408356
0.40124472975730896
0.4093085527420044
0.7314497232437134
0.6499052047729492
0.5080589056015015
0.7830134034156799
0.7927854657173157
0.9924362897872925
0.2612289488315582
0.6798731088638306
0.09632953256368637
0.5501148104667664
0.04437897726893425
0.8252460956573486
0.7898273468017578
0.40722498297691345
0.2932037115097046
0.06091112270951271
0.8782468438148499
0.873436450958252
0.7710858583450317
0.9781261086463928
0.5524408221244812
0.60429447889328
0.20497353374958038
0.5237809419631958
0.5561288595199585
0.07981101423501968
0.7578808665275574
0.05666990578174591
0.693938672542572
0.9822677969932556
0.3676808476448059
0.06751459836959839
0.23577797412872314
0.9841914772987366
0.8966948390007019
0.6852723360061646
0.7781694531440735
0.28074678778648376
0.7151628136634827
0.9808021187782288
0.29046475887298584
0.37727075815200806
0.5278782844543457
0.22564111649990082
0.8181639909744263
0.7539086937904358
0.2558809220790863
0.2908633351325989
0.934077799320221
0.0503346249461174
0.8330631256103516
0.9569051265716553
0.2891703248023987
0.46034467220306396
0.12638592720031738
0.7368912696838379
0.35834160447120667
0.08614004403352737
0.6067180037498474
0.282051146030426
0.576915979385376
0.2659747004508972
0.419821172952652
0.1071002334356308
0.03508232533931732
0.40756848454475403
0.5077417492866516
0.5918194055557251
0.5943678617477417
0.5270785689353943
0.42054420709609985
0.18609558045864105
0.5634227395057678
0.6761562824249268
0.7389039993286133
0.8396131992340088
0.6633976101875305
0.24796238541603088
0.4937266409397125
0.0954914316534996
0.2801305949687958
0.3072507381439209
0.19274792075157166
0.06389035284519196
0.9142143726348877
0.7820478081703186
0.9750643968582153
0.46080806851387024
0.6070231199264526
0.8859397172927856
0.7285933494567871
0.3102152645587921
0.7771932482719421
0.2575080990791321
0.2551875710487366
0.21409249305725098
0.5360629558563232
0.4564124047756195
0.950471043586731
0.023104451596736908
0.05144474655389786
0.13129457831382751
0.8439669609069824
0.4919976592063904
0.9191845655441284
0.26909592747688293
0.7708746194839478
0.47643333673477173
0.8498704433441162
0.9555084705352783
0.057629868388175964
0.7520742416381836
0.35871201753616333
0.4358147978782654
0.7258989214897156
0.007288888096809387
0.35722118616104126
0.8122400641441345
0.9109864234924316
0.39291563630104065
0.9966513514518738
0.0569940023124218
0.7824442386627197
0.33962175250053406
0.646506130695343
0.972849428653717
0.025884997099637985
0.7498446106910706
0.899641215801239
0.23177066445350647
0.36777427792549133
0.4491935968399048
0.45980462431907654
0.3918597996234894
0.5716443657875061
0.6371064782142639
0.1254509836435318
0.03311636671423912
0.45930129289627075
0.7830820679664612
0.4502466320991516
0.4202912747859955
0.0014599834103137255
0.7986437082290649
0.6164021492004395
0.5919089317321777
0.7022120952606201
0.5723957419395447
0.11117196828126907
0.4239402115345001
0.32239192724227905
0.8852621912956238
0.20934948325157166
0.724240779876709
0.732926070690155
0.5216314792633057
0.5146859884262085
0.320921927690506
0.21322466433048248
0.9921464920043945
0.2630937099456787
0.9817768335342407
0.9181287288665771
0.4954688549041748
0.19618965685367584
0.7245069742202759
0.12151730060577393
0.5190091133117676
0.8744626641273499
0.33619049191474915
0.33675089478492737
0.17623384296894073
0.6146989464759827
0.7623911499977112
0.21263831853866577
0.32328709959983826
0.7887898087501526
0.5687249302864075
0.08608964085578918
0.49537986516952515
0.3681906759738922
0.45141538977622986
0.6599865555763245
0.8591272234916687
0.04886981472373009
0.29610952734947205
0.12782131135463715
0.944832444190979
0.23070158064365387
0.9377787709236145
0.4988359212875366
0.2964783310890198
0.373890221118927
0.802573561668396
0.027688203379511833
0.6214686036109924
0.016331525519490242
0.8303403854370117
0.09772643446922302
0.6640616655349731
0.8464165329933167
0.011056283488869667
0.26912832260131836
0.19368216395378113
0.5198513269424438
0.051338277757167816
0.632338285446167
0.6386049389839172
0.6519098281860352
0.674127459526062
0.779573917388916
0.3380073010921478
0.5321337580680847
0.8326244950294495
0.6071441173553467
0.15103355050086975
0.12105470150709152
0.09692458063364029
0.9737673997879028
0.6822757720947266
0.05742141231894493
0.2511175274848938
0.24406321346759796
0.2718047499656677
0.06536722183227539
0.432369589805603
0.5521376729011536
0.13525930047035217
0.012368042021989822
0.1464456170797348
0.7798187732696533
0.3987729549407959
0.03792280703783035
0.8445834517478943
0.8988677859306335
0.6440073847770691
0.7066340446472168
0.21843725442886353
0.5129390358924866
0.31827512383461
0.5340338349342346
0.976906955242157
0.7408307790756226
0.1986863613128662
0.5778983235359192
0.77779221534729
0.6570464372634888
0.05280600115656853
0.6058409810066223
0.7527548670768738
0.2184404730796814
0.3572797477245331
0.35597729682922363
0.07479563355445862
0.49679097533226013
0.8301896452903748
0.5032182931900024
0.17894339561462402
0.4950575530529022
0.03582625463604927
0.9147650599479675
0.15228384733200073
0.5658710598945618
0.9010650515556335
0.6039757132530212
0.5640407204627991
0.4410954415798187
0.08020172268152237
0.2647716999053955
0.8602888584136963
0.03233441710472107
0.48348093032836914
0.7898004055023193
0.9561518430709839
0.09476184099912643
0.03920361027121544
0.9248241782188416
0.3442472517490387
0.7461650371551514
0.7047651410102844
0.3904525339603424
0.39615052938461304
0.9736514687538147
0.23920810222625732
0.6520273685455322
0.29990702867507935
0.6008238196372986
0.9170308709144592
0.1252015382051468
0.6615317463874817
0.300931841135025
0.5350267291069031
0.6178322434425354
0.5700529217720032
0.2598118185997009
0.3253374695777893
0.8743562698364258
0.5849785804748535
0.23717956244945526
0.1020311787724495
0.002694668248295784
0.11957060545682907
0.2640007436275482
0.621525228023529
0.2613649368286133
0.4759407043457031
0.5987064242362976
0.7994862794876099
0.7103254795074463
0.2455153465270996
0.5975956916809082
0.5922086238861084
0.11502104997634888
0.3170263171195984
0.5177344679832458
0.03752511739730835
0.2501940131187439
0.8925617933273315
0.22282928228378296
0.37524038553237915
0.23929083347320557
0.8145902156829834
0.16888739168643951
0.171491339802742
0.6420846581459045
0.19536156952381134
0.26861464977264404
0.7904710173606873
0.39356711506843567
0.08792930841445923
0.1933317482471466
0.7941087484359741
0.9387181401252747
0.2881541848182678
0.371917188167572
0.3062102198600769
0.44238609075546265
0.8665034174919128
0.7232673168182373
0.7177215814590454
0.9531471729278564
0.9126047492027283
0.11956010013818741
0.32469841837882996
0.14151783287525177
0.2448909878730774
0.5393155813217163
0.7982507944107056
0.5416088700294495
0.42504021525382996
0.4239793121814728
0.9732254147529602
0.8700876832008362
0.5318323373794556
0.18462634086608887
0.25866103172302246
0.441274493932724
0.6478778719902039
0.9015840888023376
0.8263453245162964
0.811795711517334
0.4998699724674225
0.7634819746017456
0.6637732982635498
0.34203314781188965
0.029059158638119698
0.29241132736206055
0.7511451840400696
0.010419296100735664
0.6748060584068298
0.23407652974128723
0.08649171888828278
0.8092761039733887
0.14205455780029297
0.6424033641815186
0.7913218140602112
0.5313898324966431
0.7823290228843689
0.4425698518753052
0.8847231268882751
0.47186070680618286
0.5300583243370056
0.4657261371612549
0.4440203905105591
0.10138144344091415
0.46552157402038574
0.9321421980857849
0.15801668167114258
0.08488209545612335
0.849568247795105
0.11892843246459961
0.20527435839176178
0.5706794261932373
0.048233762383461
0.26694783568382263
0.8757746815681458
0.2060948610305786
0.7980454564094543
0.7354506254196167
0.726258397102356
0.611327052116394
0.9670549035072327
0.9314883351325989
0.5653135776519775
0.2489699423313141
0.09052678942680359
0.389943927526474
0.8119544386863708
0.5602627992630005
0.2570468783378601
0.02105054445564747
0.45424985885620117
0.5805611610412598
0.941753625869751
0.6471356749534607
0.3311014175415039
0.5480944514274597
0.4898768663406372
0.03826337307691574
0.6731910109519958
0.09321139752864838
0.8121025562286377
0.920818030834198
0.8622768521308899
0.11784248054027557
0.37062159180641174
0.24926699697971344
0.32966870069503784
0.6670421957969666
0.6957936882972717
0.2574799358844757
0.9147940278053284
0.31025436520576477
0.4358535706996918
0.17446832358837128
0.3942868113517761
0.16949757933616638
0.913099467754364
0.22173787653446198
0.7667425274848938
0.6922921538352966
0.15519550442695618
0.5713451504707336
0.4434134066104889
0.10981627553701401
0.7359781265258789
0.8386227488517761
0.3190264105796814
0.31282877922058105
0.30982401967048645
0.5044718384742737
0.3548874855041504
0.7127121686935425
0.8382754921913147
0.6814464330673218
0.025022877380251884
0.715154230594635
0.47505471110343933
0.004376841243356466
0.4163379967212677
0.7531319856643677
0.7348789572715759
0.27393943071365356
0.9909988045692444
0.01033793855458498
0.6448048949241638
0.7651720643043518
0.9640588760375977
0.6411833167076111
0.014916473999619484
0.4278314411640167
0.8542612195014954
0.9713413119316101
0.6950818300247192
0.03175903856754303
0.5033381581306458
0.8006225228309631
0.9791770577430725
0.1368498057126999
0.8071056008338928
0.3961215913295746
0.5156049132347107
0.39343154430389404
0.4749497175216675
0.4515579044818878
0.13743510842323303
0.5996209383010864
0.7945923209190369
0.24290704727172852
0.16506151854991913
0.5859827995300293
0.22666916251182556
0.8197606801986694
0.6850606203079224
0.38454920053482056
0.7397456169128418
0.3299296796321869
0.9978564977645874
0.3036757707595825
0.2713288366794586
0.7868267893791199
0.555861234664917
0.8424292802810669
0.8445631861686707
0.9698484539985657
0.8581473231315613
0.03485921770334244
0.889489471912384
0.627216637134552
0.163298562169075
0.2188039869070053
0.26885658502578735
0.4416694939136505
0.9093368649482727
0.09616754204034805
0.8448858857154846
0.2958812415599823
0.6767198443412781
0.32221007347106934
0.570826530456543
0.862269401550293
0.5726010203361511
0.5141981840133667
0.834264874458313
0.7232494950294495
0.7140872478485107
0.36690446734428406
0.43907344341278076
0.9848758578300476
0.7003704905509949
0.9826427102088928
0.9200361967086792
0.0021683399099856615
0.5784774422645569
0.22751103341579437
0.45540809631347656
0.5570390224456787
0.10422855615615845
0.9075533151626587
0.04249328747391701
0.6171250939369202
0.4967809319496155
0.32574567198753357
0.1653348058462143
0.6237450838088989
0.3277740478515625
0.3779006898403168
0.9262460470199585
0.859624445438385
0.9362367391586304
0.49566319584846497
0.7200075387954712
0.18425695598125458
0.008993925526738167
0.3092418611049652
0.3091011941432953
0.75508052110672
0.4666823744773865
0.43600568175315857
0.6024277806282043
0.6093415021896362
0.8009064197540283
0.9038692116737366
0.5346498489379883
0.31533288955688477
0.24000415205955505
0.5422798991203308
0.0016382380854338408
0.5313851833343506
0.3990473449230194
0.25250256061553955
0.24188490211963654
0.20497854053974152
0.8944775462150574
0.2321859449148178
0.21751075983047485
0.075553297996521
0.6146636009216309
0.40335145592689514
0.4811716675758362
0.8744103312492371
0.29231879115104675
0.033338554203510284
0.9072573184967041
0.3446919918060303
0.5422642827033997
0.668415904045105
0.9968911409378052
0.16345112025737762
0.2310817986726761
0.6172757744789124
0.13594307005405426
0.055866483598947525
0.8769209980964661
0.14541052281856537
0.777954638004303
0.04775469750165939
0.7604148387908936
0.13923653960227966
0.38074836134910583
0.18073377013206482
0.6114217042922974
0.05434531718492508
0.7850340604782104
0.531243622303009
0.9466382265090942
0.06846386194229126
0.36914923787117004
0.4500865638256073
0.17166583240032196
0.9045947194099426
0.2505495250225067
0.9287794232368469
0.9384000897407532
0.6197851300239563
0.2204855978488922
0.09876880794763565
0.41539546847343445
0.744156539440155
0.2925136387348175
0.3868810832500458
0.3177422881126404
0.9550025463104248
0.805503249168396
0.22623996436595917
0.6921933889389038
0.3769608438014984
0.9128201007843018
0.4456782937049866
0.3612399101257324
0.34900882840156555
0.7934007048606873
0.04978462681174278
0.03110097162425518
0.9235223531723022
0.11447831243276596
0.37621423602104187
0.36605650186538696
0.0031924364157021046
0.19010324776172638
0.0026607548352330923
0.0756489485502243
0.9920328855514526
0.327430784702301
0.4406118392944336
0.12677492201328278
0.2057507038116455
0.8608821630477905
0.8067024350166321
0.39193621277809143
0.10393160581588745
0.8316971659660339
0.6065457463264465
0.6258982419967651
0.8401817679405212
0.9323183298110962
0.44816669821739197
0.23846839368343353
0.4582909047603607
0.1687135100364685
0.9206857681274414
0.46734359860420227
0.8652455806732178
0.13801297545433044
0.3326657712459564
0.856568455696106
0.5466760993003845
0.704145610332489
0.6147497296333313
0.504664957523346
0.04871838539838791
0.4804714322090149
0.6821726560592651
0.5806773900985718
0.3635924160480499
0.3086016774177551
0.8257051110267639
0.8620702624320984
0.09123808890581131
0.7723217010498047
0.06553879380226135
0.32174551486968994
0.8664410710334778
0.8128904104232788
0.807279646396637
0.5356940031051636
0.7954146862030029
0.5109918713569641
0.45933255553245544
0.3531852960586548
0.7531622648239136
0.08390625566244125
0.22926193475723267
0.9077238440513611
0.7104372978210449
0.3438110053539276
0.06313445419073105
0.9852931499481201
0.18559613823890686
0.5320545434951782
0.4418739378452301
0.9117637872695923
0.03529975563287735
0.4709094762802124
0.5186343789100647
0.770988941192627
0.06087079271674156
0.5228459239006042
0.9782317876815796
0.7285315990447998
0.6401623487472534
0.29634979367256165
0.23944765329360962
0.2834824025630951
0.7445272207260132
0.06838499009609222
0.31666040420532227
0.49014320969581604
0.5294299721717834
0.48472243547439575
0.5313928127288818
0.5062169432640076
0.5537954568862915
0.7112703323364258
0.8539000749588013
0.35362720489501953
0.08627348393201828
0.9281811714172363
0.768046498298645
0.39234185218811035
0.43331101536750793
0.24038806557655334
0.4129723310470581
0.22016863524913788
0.971026599407196
0.6082297563552856
0.51528000831604
0.029790988191962242
0.0824647843837738
0.4530690908432007
0.9053836464881897
0.5892354846000671
0.8772048354148865
0.7822303771972656
0.34247517585754395
0.9554150104522705
0.24432510137557983
0.9942128658294678
0.5308070182800293
0.15274876356124878
0.43560031056404114
0.9885214567184448
0.20200806856155396
0.8828187584877014
0.8672246932983398
0.8882335424423218
0.7310299873352051
0.21365986764431
0.9897478222846985
0.9768235683441162
0.5617486834526062
0.21074411273002625
0.6393101811408997
0.8036000728607178
0.7413065433502197
0.39167308807373047
0.37355583906173706
0.6557607054710388
0.16753336787223816
0.05636065825819969
0.8682905435562134
0.2931327819824219
0.34687212109565735
0.3896845281124115
0.706146776676178
0.9555753469467163
0.2617343068122864
0.7442744970321655
0.23135709762573242
0.9222461581230164
0.4246044158935547
0.8823351263999939
0.04809563234448433
0.7166221141815186
0.90765780210495
0.9218971729278564
0.14210925996303558
0.4768955111503601
0.9305834174156189
0.1638135313987732
0.5667936205863953
0.14449669420719147
0.9800752997398376
0.5747599005699158
0.8218623399734497
0.8127005100250244
0.2954241633415222
0.3815435767173767
0.9224188327789307
0.8488208651542664
0.34477537870407104
0.29132792353630066
0.7333999872207642
0.90123450756073
0.9316135048866272
0.05502752214670181
0.25194159150123596
0.6405205130577087
0.9155207872390747
0.4101503789424896
0.6039485931396484
0.7824555039405823
0.030040690675377846
0.641104519367218
0.4480699896812439
0.7055713534355164
0.4668336510658264
0.26048627495765686
0.926770806312561
0.6186747550964355
0.7634512186050415
0.2991711497306824
0.658856213092804
0.26149386167526245
0.6136719584465027
0.390828400850296
0.16958080232143402
0.6710269451141357
0.7799659371376038
0.5532241463661194
0.04659630358219147
0.798092246055603
0.3250696063041687
0.4236961901187897
0.3004477620124817
0.8705489039421082
0.9093078970909119
0.38845640420913696
0.7698676586151123
0.920455813407898
0.14807848632335663
0.34986910223960876
0.47894522547721863
0.3424793779850006
0.5817863941192627
0.555795431137085
0.7220078110694885
0.6934611201286316
0.6249259114265442
0.6446490287780762
0.039156749844551086
0.660260021686554
0.12553274631500244
0.4074278771877289
0.3231387734413147
0.8768550753593445
0.8422672152519226
0.9293248653411865
0.20976267755031586
0.9900126457214355
0.10430068522691727
0.34552016854286194
0.6921343803405762
0.3509425222873688
0.31073445081710815
0.8976026177406311
0.21338292956352234
0.9240196943283081
0.26524558663368225
0.24670037627220154
0.9809245467185974
0.5903194546699524
0.3666694760322571
0.07661276310682297
0.12052588164806366
0.94825679063797
0.8988852500915527
0.23820684850215912
0.41367003321647644
0.7878064513206482
0.2568603754043579
0.9689078330993652
0.6028879284858704
0.24310533702373505
0.5394499897956848
0.7597252726554871
0.8175850510597229
0.6958299875259399
0.8803319334983826
0.35259386897087097
0.8263407945632935
0.6660767793655396
0.1615641862154007
0.658444344997406
0.22967393696308136
0.6127721071243286
0.17250637710094452
0.866112470626831
0.34187519550323486
0.9227028489112854
0.42749127745628357
0.3906382918357849
0.9212978482246399
0.61080002784729
0.7724778056144714
0.7678415179252625
0.6865527629852295
0.32855403423309326
0.9424838423728943
0.9763485789299011
0.9589163064956665
0.1395719051361084
0.7792129516601562
0.8917901515960693
0.6159917116165161
0.38940802216529846
0.27595284581184387
0.9353851079940796
0.2452196329832077
0.5257843136787415
0.9858208298683167
0.02480219304561615
0.08624217659235
0.23817674815654755
0.6635342240333557
0.9419291019439697
0.8349299430847168
0.6313895583152771
0.21306473016738892
0.39748868346214294
0.40171709656715393
0.3867464065551758
0.4031386375427246
0.24351690709590912
0.9855061173439026
0.7094276547431946
0.8713972568511963
0.5961223840713501
0.01118225883692503
0.38049957156181335
0.9323771595954895
0.14484618604183197
0.8974513411521912
0.3685658574104309
0.44325903058052063
0.8338122367858887
0.19652430713176727
0.6904844045639038
0.27403491735458374
0.4444185197353363
0.8192721605300903
0.6238223314285278
0.9818833470344543
0.36399421095848083
0.9444043636322021
0.8451248407363892
0.7298793196678162
0.022804999724030495
0.32466647028923035
0.05223638564348221
0.27257034182548523
0.5404173731803894
0.3122633993625641
0.6028230786323547
0.5705622434616089
0.09594136476516724
0.027930889278650284
0.21759305894374847
0.06840211153030396
0.8938320875167847
0.710898220539093
0.6948878765106201
0.2957727313041687
0.5599951148033142
0.5507571697235107
0.052701909095048904
0.766247570514679
0.10449813306331635
0.891167938709259
0.8265300989151001
0.6489731073379517
0.43131935596466064
0.7017074227333069
0.671688973903656
0.9699187874794006
0.8843246698379517
0.38141876459121704
0.2408912628889084
0.610812783241272
0.9299618005752563
0.32356640696525574
0.5006135702133179
0.7661226391792297
0.07134008407592773
0.2047766000032425
0.9336981773376465
0.5583036541938782
0.6879307627677917
0.2945764362812042
0.6550017595291138
0.980887234210968
0.9334532022476196
0.27412155270576477
0.3786168694496155
0.0030121218878775835
0.02748274989426136
0.00898072961717844
0.04316730424761772
0.6594257950782776
0.03164204955101013
0.6319757103919983
0.030135778710246086
0.3157246708869934
0.2637116312980652
0.5442833304405212
0.3214467167854309
0.7291610240936279
0.6276406049728394
0.125412717461586
0.44439247250556946
0.8801319003105164
0.9660084843635559
0.6091340184211731
0.2403203845024109
0.5851547718048096
0.9583526253700256
0.6183793544769287
0.890106737613678
0.3346472978591919
0.8889243006706238
0.5562925934791565
0.36828362941741943
0.7152973413467407
0.8932387828826904
0.9389570355415344
0.7002973556518555
0.5328705310821533
0.21090763807296753
0.9353815913200378
0.4553966224193573
0.8405266404151917
0.15678587555885315
0.157912939786911
0.4086794853210449
0.9586716294288635
0.4928712248802185
0.34871166944503784
0.020396258682012558
0.531843364238739
0.20422063767910004
0.5219346880912781
0.7972705960273743
0.5604003667831421
0.5971879959106445
0.03367704525589943
0.1329164355993271
0.4608244001865387
0.7787555456161499
0.9665923118591309
0.3886013925075531
0.44709351658821106
0.23212775588035583
0.05500417947769165
0.4975897967815399
0.9740147590637207
0.31874847412109375
0.5544310212135315
0.8355705738067627
0.37448975443840027
0.4422881603240967
0.8955543637275696
0.06896130740642548
0.9368017315864563
0.8886513710021973
0.3915184438228607
0.006143293343484402
0.13939252495765686
0.9558165073394775
0.533100962638855
0.3727286159992218
0.884455144405365
0.31203359365463257
0.2510007619857788
0.06005580723285675
0.6952154040336609
0.49841874837875366
0.43999043107032776
0.18493491411209106
0.2902090549468994
0.3967626392841339
0.42449304461479187
0.9672630429267883
0.8855355381965637
0.7239489555358887
0.3132432699203491
0.15232565999031067
0.9589654803276062
0.7638192772865295
0.513858437538147
0.27990564703941345
0.3669911026954651
0.18155884742736816
0.9949363470077515
0.7549493908882141
0.8482163548469543
0.642685055732727
0.37192171812057495
0.12987209856510162
0.5270521640777588
0.44890499114990234
0.6468902826309204
0.393656849861145
0.7445675730705261
0.3528028130531311
0.6865271925926208
0.882281482219696
0.3280206322669983
0.6168795824050903
0.7373983860015869
0.32776525616645813
0.49951428174972534
0.43675151467323303
0.9982993006706238
0.15447227656841278
0.692951500415802
0.7040677666664124
0.3092450499534607
0.1686507761478424
0.9860122799873352
0.7223845720291138
0.5953564643859863
0.7094326615333557
0.2674589157104492
0.5959604382514954
0.8396248817443848
0.8068058490753174
0.9962055683135986
0.5674875378608704
0.9374828934669495
0.18893197178840637
0.2860386073589325
0.15293093025684357
0.7955013513565063
0.7593770623207092
0.6935909390449524
0.30600669980049133
0.7835594415664673
0.8841005563735962
0.1857820451259613
0.8496045470237732
0.7985580563545227
0.9066510796546936
0.07929916679859161
0.46929582953453064
0.6517294049263
0.508894681930542
0.7823339104652405
0.3025083541870117
0.5842822790145874
0.2408529371023178
0.8729215860366821
0.4784661829471588
0.3089755177497864
0.0537402518093586
0.7434684634208679
0.35924625396728516
0.6348912715911865
0.6699725389480591
0.11073870211839676
0.19265617430210114
0.581476092338562
0.4645642042160034
0.11532082408666611
0.12783055007457733
0.16680985689163208
0.6725746393203735
0.5664525032043457
0.384688138961792
0.5538935661315918
0.20202629268169403
0.7594357132911682
0.2717052698135376
0.5097189545631409
0.6830107569694519
0.08596435189247131
0.7065284848213196
0.33256134390830994
0.05507657676935196
0.6043500304222107
0.2478630244731903
0.9088970422744751
0.6339210867881775
0.6623660326004028
0.47119230031967163
0.7393428683280945
0.7498980164527893
0.01194511353969574
0.6871792078018188
0.41676196455955505
0.5671799778938293
0.5582758784294128
0.865855872631073
0.99348384141922
0.2947053015232086
0.23575729131698608
0.5547155737876892
0.7334588766098022
0.20281490683555603
0.04843038693070412
0.3840404152870178
0.6134581565856934
0.8314955234527588
0.6388663053512573
0.3848450779914856
0.7295988202095032
0.029314588755369186
0.44509515166282654
0.586582362651825
0.1706855297088623
0.8146201968193054
0.8605579137802124
0.9095799922943115
0.24889947474002838
0.13497401773929596
0.3645555078983307
0.2246650755405426
0.3294984996318817
0.7777875065803528
0.4845091700553894
0.05267380550503731
0.13333676755428314
0.3199521005153656
0.5498535633087158
0.1329505443572998
0.9208319187164307
0.027241934090852737
0.8054808974266052
0.3954748213291168
0.9458503723144531
0.14493001997470856
0.9511862397193909
0.16545817255973816
0.6908246278762817
0.7729754447937012
0.45045971870422363
0.43328824639320374
0.955757200717926
0.8024795055389404
0.4718266427516937
0.6834625005722046
0.01387168187648058
0.560329258441925
0.899615466594696
0.2716595232486725
0.8230207562446594
0.07737318426370621
0.08495757728815079
0.7318373322486877
0.8298116326332092
0.8452068567276001
0.09620754420757294
0.811392068862915
0.2834416925907135
0.15777799487113953
0.2211112529039383
0.94954514503479
0.6502088308334351
0.6599632501602173
0.755328893661499
0.33422818779945374
0.1594347208738327
0.06366998702287674
0.7873105406761169
0.7899404168128967
0.5394085645675659
0.5026967525482178
0.710917055606842
0.39007148146629333
0.7461276054382324
0.721059262752533
0.5595032572746277
0.27736321091651917
0.9365105032920837
0.6474944949150085
0.5342550873756409
0.7216842770576477
0.1122271940112114
0.3265935480594635
0.5758543014526367
0.011986270546913147
0.9767383933067322
0.9710046052932739
0.942837119102478
0.7092209458351135
0.1270846277475357
0.20097188651561737
0.14473174512386322
0.250633180141449
0.7830302119255066
0.9582140445709229
0.7963281273841858
0.1273392140865326
0.0844186544418335
0.8526682257652283
0.7566409111022949
0.46878936886787415
0.5675632953643799
0.16046127676963806
0.3500541150569916
0.7455286383628845
0.9831866025924683
0.19275051355361938
0.15796171128749847
0.28042909502983093
0.8348448276519775
0.15068702399730682
0.3188961148262024
0.012258920818567276
0.857394814491272
0.018173569813370705
0.8736416697502136
0.18109449744224548
0.4202364385128021
0.282990038394928
0.0844157263636589
0.5392488241195679
0.8232371211051941
0.2491523176431656
0.4167899191379547
0.6878616213798523
0.6780990958213806
0.9377434253692627
0.9281777143478394
0.17576272785663605
0.6343801021575928
0.8283340334892273
0.33685481548309326
0.9720759987831116
0.11310403048992157
0.5244815945625305
0.8224743008613586
0.3885810375213623
0.47099626064300537
0.41685014963150024
0.5027068257331848
0.31106042861938477
0.463425874710083
0.6208925843238831
0.3733120262622833
0.335328608751297
0.018542923033237457
0.8671232461929321
0.8746691346168518
0.8289627432823181
0.5229355692863464
0.4418860077857971
0.4709342420101166
0.5328354835510254
0.9778898358345032
0.5589168667793274
0.6444489359855652
0.49933481216430664
0.9951360821723938
0.26632747054100037
0.09910034388303757
0.5288594365119934
0.31868159770965576
0.6604675054550171
0.1289358139038086
0.4109830856323242
0.28385835886001587
0.55354243516922
0.7148866057395935
0.8741815090179443
0.7869519591331482
0.6530216932296753
0.578940212726593
0.72996586561203
0.9891650676727295
0.7933101654052734
0.3424493074417114
0.5119876265525818
0.37645480036735535
0.1435745507478714
0.7828630208969116
0.6476626396179199
0.4151616096496582
0.6402602791786194
0.7217192053794861
0.06132654473185539
0.2028343230485916
0.4041103422641754
0.9814425110816956
0.029560459777712822
0.6293661594390869
0.8872185945510864
0.3613320291042328
0.8690442442893982
0.4573780596256256
0.6351972222328186
0.9531726837158203
0.5173704028129578
0.494987815618515
0.668222188949585
0.7290775775909424
0.12145206332206726
0.09870538860559464
0.932991087436676
0.8691918849945068
0.9444218873977661
0.046159472316503525
0.9111219644546509
0.4677708148956299
0.39529290795326233
0.5547417998313904
0.08472888171672821
0.20617516338825226
0.20432540774345398
0.6216277480125427
0.4298326373100281
0.3382520377635956
0.9870746731758118
0.2512023150920868
0.6235200762748718
0.46469101309776306
0.6115145683288574
0.8280938863754272
0.9475679993629456
0.2944023311138153
0.8746080994606018
0.3369874060153961
0.7876752614974976
0.39961132407188416
0.05521022900938988
0.19565658271312714
0.9353710412979126
0.8570879697799683
0.4106658101081848
0.20278361439704895
0.7209339737892151
0.7243238091468811
0.9196204543113708
0.8326707482337952
0.13003934919834137
0.934567391872406
0.5096703171730042
0.14543311297893524
0.45471352338790894
0.007420281879603863
0.763592541217804
0.27899622917175293
0.9822288155555725
0.0589103177189827
0.1881469190120697
0.6944686770439148
0.33261945843696594
0.09848164767026901
0.307818740606308
0.9110453724861145
0.5548766851425171
0.47900664806365967
0.1906629055738449
0.6948556900024414
0.9666754007339478
0.6118702292442322
0.5698854327201843
0.0361516959965229
0.35382816195487976
0.45113635063171387
0.1650041937828064
0.8991777300834656
0.23043285310268402
0.37893036007881165
0.5273471474647522
0.9090437293052673
0.2020602524280548
0.0505034364759922
0.418906033039093
0.9233160018920898
0.4566583037376404
0.13036644458770752
0.6163731813430786
0.6193534731864929
0.8986685276031494
0.9252322912216187
0.18775300681591034
0.5813091993331909
0.7059057354927063
0.7461650371551514
0.0572320930659771
0.3561796545982361
0.011594078503549099
0.24237437546253204
0.10906074941158295
0.19479158520698547
0.729682981967926
0.31736698746681213
0.6694674491882324
0.6275476813316345
0.7228196859359741
0.9609470963478088
0.8377965092658997
0.6429252028465271
0.3572680354118347
0.7444118857383728
0.46850818395614624
0.9871155619621277
0.730049192905426
0.3926388919353485
0.9809213876724243
0.0944419801235199
0.19981181621551514
0.81830233335495
0.8703987002372742
0.31052979826927185
0.3811891973018646
0.6479629278182983
0.5773120522499084
0.43889835476875305
0.4567675292491913
0.14103643596172333
0.10159990191459656
0.8948141932487488
0.23011036217212677
0.4656035602092743
0.8927648067474365
0.6264678835868835
0.43825969099998474
0.7409958839416504
0.9916952848434448
0.134981170296669
0.05303105711936951
0.08542132377624512
0.672327995300293
0.10897202789783478
0.6087954044342041
0.7665433883666992
0.5775837302207947
0.4698113203048706
0.03572103753685951
0.3889783024787903
0.9905812740325928
0.9481880068778992
0.2894464135169983
0.8836793303489685
0.3345828950405121
0.8227705359458923
0.904689610004425
0.06072964146733284
0.9842280149459839
0.18205656111240387
0.7076873779296875
0.22555792331695557
0.312610387802124
0.909654974937439
0.27911707758903503
0.8870128989219666
0.12449923157691956
0.2617012858390808
0.8071631193161011
0.8311818838119507
0.40777474641799927
0.03826727345585823
0.6697942018508911
0.5916224718093872
0.6440149545669556
0.7757537961006165
0.10930945724248886
0.07301459461450577
0.6633558869361877
0.8140015006065369
0.07104559242725372
0.5064234733581543
0.3492833971977234
0.22115927934646606
0.40071478486061096
0.4204881191253662
0.08149809390306473
0.24574820697307587
0.7981065511703491
0.7937231659889221
0.038990337401628494
0.5358687043190002
0.05374433472752571
0.012923575937747955
0.6187841296195984
0.01158016175031662
0.4134664535522461
0.08469787240028381
0.7324000000953674
0.6211222410202026
0.08797811716794968
0.8204982876777649
0.9268618822097778
0.666141152381897
0.5568259954452515
0.1395517885684967
0.5449857711791992
0.45681285858154297
0.2066047638654709
0.16059236228466034
0.3090113699436188
0.8562081456184387
0.7922601699829102
0.9495030641555786
0.4361935555934906
0.18115442991256714
0.5265146493911743
0.9248145222663879
0.6757360100746155
0.2684476971626282
0.9236324429512024
0.4343325197696686
0.3143236041069031
0.5113345384597778
0.3033175468444824
0.34400805830955505
0.23957699537277222
0.2001432329416275
0.800423264503479
0.15031757950782776
0.9901509881019592
0.595975935459137
0.745032787322998
0.8718113899230957
0.3128502070903778
0.5021483898162842
0.32145771384239197
0.9482575058937073
0.25931790471076965
0.8980869650840759
0.11820673942565918
0.14495064318180084
0.9377060532569885
0.9997462034225464
0.15271402895450592
0.473357617855072
0.6539966464042664
0.6397553086280823
0.3725535273551941
0.6447231769561768
0.37140336632728577
0.24389992654323578
0.04933539032936096
0.3690153658390045
0.1031080111861229
0.4688200354576111
0.7369460463523865
0.41507694125175476
0.24650053679943085
0.7332539558410645
0.21626757085323334
0.08345373719930649
0.3794090151786804
0.4671933352947235
0.7292881011962891
0.46380460262298584
0.28280583024024963
0.8362146019935608
0.5603004693984985
0.4422976076602936
0.12154597789049149
0.6597731113433838
0.3971400260925293
0.0997859463095665
0.824140727519989
0.7883731126785278
0.32835623621940613
0.24534282088279724
0.24738375842571259
0.7408522963523865
0.7197444438934326
0.39290058612823486
0.03798550367355347
0.6939449906349182
0.35275429487228394
0.7055847644805908
0.7590577602386475
0.9492549300193787
0.5182694792747498
0.9977462887763977
0.9893736839294434
0.29661619663238525
0.5106252431869507
0.911037802696228
0.9740734100341797
0.4630090892314911
0.4134224057197571
0.7435558438301086
0.34016233682632446
0.11657630652189255
0.8696470856666565
0.6679046750068665
0.07639896869659424
0.5528454184532166
0.2098112404346466
0.880405604839325
0.45599737763404846
0.8745371103286743
0.7450703978538513
0.4031805396080017
0.20251120626926422
0.6520902514457703
0.670120120048523
0.5358908772468567
0.6841704845428467
0.7087001204490662
0.6414415836334229
0.03228161111474037
0.07684087753295898
0.632354736328125
0.3896757960319519
0.6189427971839905
0.18814098834991455
0.6917133927345276
0.03808002546429634
0.5965849161148071
0.4130963385105133
0.27759629487991333
0.11398942023515701
0.1634349375963211
0.9035120606422424
0.32340481877326965
0.6670307517051697
0.48581162095069885
0.5459728240966797
0.15391387045383453
0.9243085384368896
0.643143355846405
0.33249861001968384
0.5914607644081116
0.7434607744216919
0.6218419075012207
0.5411734580993652
0.3610832691192627
0.2163226157426834
0.8294796347618103
0.4297153055667877
0.10800919681787491
0.8084012269973755
0.502891480922699
0.20587055385112762
0.4042222201824188
0.016901381313800812
0.4280855059623718
0.9748475551605225
0.04780898988246918
0.2133731096982956
0.3008355498313904
0.023290244862437248
0.07905414700508118
0.0648636519908905
0.7889291048049927
0.9523403644561768
0.8043697476387024
0.30011671781539917
0.7562586665153503
0.8711506128311157
0.5901997685432434
0.39183294773101807
0.8763965368270874
0.31880852580070496
0.6408538818359375
0.2824826240539551
0.06301601231098175
0.19132910668849945
0.4943016469478607
0.025808583945035934
0.6527970433235168
0.08477543294429779
0.34311097860336304
0.5823970437049866
0.4849170744419098
0.0700964480638504
0.9343113899230957
0.2800867259502411
0.47814223170280457
0.06403573602437973
0.9724118113517761
0.355297714471817
0.28071707487106323
0.8460204005241394
0.03107101283967495
0.5175077319145203
0.8942548632621765
0.990310788154602
0.9408746957778931
0.050112463533878326
0.8846864104270935
0.06557965278625488
0.12807025015354156
0.9579176306724548
0.4189493656158447
0.021851414814591408
0.26702842116355896
0.04450014978647232
0.8524237871170044
0.4465768039226532
0.2572189271450043
0.4424021542072296
0.7181240320205688
0.3204032778739929
0.3564193546772003
0.33259931206703186
0.797784686088562
0.057999566197395325
0.5320160984992981
0.6699627041816711
0.2512865364551544
0.12623590230941772
0.9335220456123352
0.9673794507980347
0.5168076157569885
0.30489692091941833
0.23368202149868011
0.733819842338562
0.8571884036064148
0.15834856033325195
0.5115088224411011
0.10182745009660721
0.8510120511054993
0.45294293761253357
0.14454711973667145
0.6757972240447998
0.3642928898334503
0.6141992211341858
0.5943059921264648
0.8700518012046814
0.6152021288871765
0.5058978796005249
0.8417567014694214
0.7618108987808228
0.5359604358673096
0.5089765191078186
0.8408267498016357
0.7679157853126526
0.15855765342712402
0.39887213706970215
0.8588165640830994
0.9124141335487366
0.8454219102859497
0.456358939409256
0.7177091836929321
0.809881865978241
0.7117723822593689
0.2693028748035431
0.09056290239095688
0.6137770414352417
0.3649936318397522
0.9375913143157959
0.3341156840324402
0.29347679018974304
0.11995797604322433
0.2769427001476288
0.4735482931137085
0.9842807650566101
0.8201642036437988
0.43886855244636536
0.48720884323120117
0.5210138559341431
0.4210350513458252
0.8468109965324402
0.4446714222431183
0.3945843577384949
0.5069505572319031
0.4282059371471405
0.38481974601745605
0.41248348355293274
0.07102875411510468
0.2438315600156784
0.14779530465602875
0.02327585779130459
0.0326092429459095
0.9153209924697876
0.836808443069458
0.4437161684036255
0.666691780090332
0.4320378005504608
0.07823463529348373
0.28441449999809265
0.4820661246776581
0.6083528399467468
0.2662453055381775
0.33173173666000366
0.42489922046661377
0.25883135199546814
0.08573310822248459
0.3233753740787506
0.9845110774040222
0.4484207034111023
0.7551290392875671
0.782407283782959
0.9568208456039429
0.09063421189785004
0.31144624948501587
0.04234148934483528
0.9385548830032349
0.5273169279098511
0.5535425543785095
0.5561306476593018
0.41275444626808167
0.3519803583621979
0.40644189715385437
0.11966381222009659
0.22513340413570404
0.19934149086475372
0.45886608958244324
0.5340020656585693
0.03116578236222267
0.009805375710129738
0.24006591737270355
0.6870242357254028
0.2462683469057083
0.4039483368396759
0.6215879321098328
0.3983604907989502
0.06003941223025322
0.13752570748329163
0.31879013776779175
0.3461860418319702
0.9580815434455872
0.6217299103736877
0.9131439924240112
0.05357186868786812
0.35661831498146057
0.6669292449951172
0.41820046305656433
0.000757322006393224
0.23036126792430878
0.37762725353240967
0.574154794216156
0.07429341226816177
0.12139301002025604
0.02909836173057556
0.9891522526741028
0.3008517622947693
0.4473356604576111
0.9450234770774841
0.6337458491325378
0.7262091040611267
0.4804829955101013
0.29765376448631287
0.5949700474739075
0.9428455233573914
0.6074533462524414
0.13803228735923767
0.791951596736908
0.9901530742645264
0.5332250595092773
0.18678976595401764
0.21259205043315887
0.47576668858528137
0.6809093952178955
0.9458287954330444
0.35277509689331055
0.6032784581184387
0.43869900703430176
0.18534953892230988
0.39430758357048035
0.6287173628807068
0.09512905031442642
0.9353766441345215
0.7012782692909241
0.27735286951065063
0.3388320803642273
0.9159374237060547
0.8008108139038086
0.2474047988653183
0.3503448963165283
0.5332970023155212
0.046285778284072876
0.49418094754219055
0.41967883706092834
0.8530663847923279
0.04917743057012558
0.5297676920890808
0.6667110919952393
0.6517142057418823
0.9735281467437744
0.3973366916179657
0.6959363222122192
0.6914875507354736
0.3616143465042114
0.41042211651802063
0.4905880093574524
0.9774599671363831
0.9479913115501404
0.7972203493118286
0.5446779131889343
0.8735639452934265
0.48152628540992737
0.951718270778656
0.43494513630867004
0.5337744355201721
0.5299271941184998
0.593123733997345
0.0765056237578392
0.6490392684936523
0.6398085355758667
0.9490843415260315
0.16261637210845947
0.4884537160396576
0.322331964969635
0.8363908529281616
0.09163589030504227
0.86210697889328
0.42817071080207825
0.3835996389389038
0.6920719146728516
0.6694347858428955
0.8373650908470154
0.93825364112854
0.27874577045440674
0.045129191130399704
0.21133996546268463
0.4063098132610321
0.5670379400253296
0.7265036106109619
0.6821333765983582
0.009685158729553223
0.7428702712059021
0.31665918231010437
0.8349289894104004
0.4039241671562195
0.9296008944511414
0.8870577812194824
0.6655154824256897
0.0923934131860733
0.16702872514724731
0.08232422173023224
0.20718294382095337
0.9624434113502502
0.8397626876831055
0.22231760621070862
0.7949477434158325
0.7795877456665039
0.044921427965164185
0.7571043372154236
0.30456945300102234
0.9330989718437195
0.3559848368167877
0.565671980381012
0.9418638944625854
0.0538535937666893
0.028556277975440025
0.10123080015182495
0.635323166847229
0.7512374520301819
0.4831531047821045
0.1654697209596634
0.02374972775578499
0.3638029098510742
0.0686962753534317
0.022785499691963196
0.2617938816547394
0.18378332257270813
0.161286860704422
0.5955728888511658
0.09335434436798096
0.39365771412849426
0.48292189836502075
0.16159391403198242
0.045595407485961914
0.34824085235595703
0.7618575692176819
0.5690987706184387
0.7931260466575623
0.2810072600841522
0.8558955788612366
0.26991593837738037
0.5571935176849365
0.21082821488380432
0.7568771243095398
0.8188128471374512
0.6477909088134766
0.17297278344631195
0.5367385745048523
0.7776282429695129
0.21829231083393097
0.9021808505058289
0.5836271047592163
0.4963403344154358
0.5329865217208862
0.5035250782966614
0.9736851453781128
0.029993951320648193
0.5042909383773804
0.04419304430484772
0.2630161643028259
0.616008996963501
0.44507545232772827
0.11024624109268188
0.6899524927139282
0.16261163353919983
0.7194272875785828
0.8228756785392761
0.21890190243721008
0.6376329064369202
0.18822912871837616
0.21844109892845154
0.42664188146591187
0.3878399133682251
0.33708441257476807
0.30260926485061646
0.3784182667732239
0.9910666346549988
0.8804018497467041
0.11236581206321716
0.09967721253633499
0.011396440677344799
0.07539577037096024
0.5295364856719971
0.24170464277267456
0.4135839641094208
0.3579505980014801
0.41176003217697144
0.6237426996231079
0.5991821885108948
0.22566132247447968
0.5315115451812744
0.5296342372894287
0.2453719675540924
0.6739230751991272
0.5503120422363281
0.8264362812042236
0.1802360564470291
0.932292640209198
0.17577166855335236
0.06571295857429504
0.5712020397186279
0.46003901958465576
0.41305023431777954
0.5628544688224792
0.43279629945755005
0.5631163716316223
0.48745253682136536
0.7562301754951477
0.2694264352321625
0.11711327731609344
0.0579981803894043
0.4220137596130371
0.0354674868285656
0.4735945761203766
0.7360553741455078
0.6047453880310059
0.8148574233055115
0.7472167611122131
0.6075277328491211
0.021471109241247177
0.2810285687446594
0.6314002871513367
0.7901479005813599
0.23687684535980225
0.8969310522079468
0.9150946736335754
0.2085188925266266
0.38231372833251953
0.9106873273849487
0.9629189968109131
0.29384955763816833
0.7409067749977112
0.9904963970184326
0.48397332429885864
0.6479418277740479
0.5094109773635864
0.11879148334264755
0.02068217471241951
0.983851432800293
0.3297162353992462
0.6620113253593445
0.895279586315155
0.2770519256591797
0.11849840730428696
0.3088431656360626
0.36057862639427185
0.7054702639579773
0.27813956141471863
0.03596389666199684
0.19284792244434357
0.09399591386318207
0.5095732808113098
0.19742274284362793
0.2443259209394455
0.7913485169410706
0.7725861668586731
0.3934383988380432
0.7191717624664307
0.9555218815803528
0.3517410457134247
0.15967528522014618
0.25107091665267944
0.7560888528823853
0.014599141664803028
0.20158255100250244
0.08991339057683945
0.2315341979265213
0.20324654877185822
0.5572816133499146
0.960242509841919
0.2795257568359375
0.3033173382282257
0.3395897150039673
0.5217676162719727
0.21181584894657135
0.20082782208919525
0.8673335909843445
0.8809616565704346
0.35159265995025635
0.4095093905925751
0.9305005669593811
0.3270179331302643
0.006017128471285105
0.7544334530830383
0.41170182824134827
0.06704298406839371
0.9318066239356995
0.4272434711456299
0.8723021745681763
0.8438486456871033
0.6840875148773193
0.9866664409637451
0.6538472771644592
0.1599140465259552
0.18960104882717133
0.5242422223091125
0.017031371593475342
0.6462485194206238
0.049412135034799576
0.8033707141876221
0.39890778064727783
0.3238934874534607
0.7908366918563843
0.7258716821670532
0.33130618929862976
0.7844802737236023
0.052850205451250076
0.9650857448577881
0.24144478142261505
0.47367623448371887
0.1961899697780609
0.8345695734024048
0.9907817244529724
0.3912542164325714
0.5385364294052124
0.5078095197677612
0.26723533868789673
0.26828551292419434
0.5241459608078003
0.6233906745910645
0.980265200138092
0.7232567071914673
0.651167631149292
0.9984059929847717
0.16718681156635284
0.4770398437976837
0.9712452292442322
0.39792484045028687
0.9659780859947205
0.34408432245254517
0.04737721383571625
0.35677570104599
0.28786933422088623
0.020394379273056984
0.9721909165382385
0.5993437170982361
0.11891379952430725
0.25539085268974304
0.22284656763076782
0.020104074850678444
0.24340777099132538
0.04809606447815895
0.948996365070343
0.13548575341701508
0.6292891502380371
0.29580235481262207
0.8753002285957336
0.5988876223564148
0.8544691205024719
0.3872831463813782
0.8034238815307617
0.5172691345214844
0.6935036778450012
0.5819253921508789
0.5787687301635742
0.07536876201629639
0.7165428996086121
0.5341981053352356
0.9880220293998718
0.3158758282661438
0.30880025029182434
0.27330708503723145
0.656010627746582
0.0306879710406065
0.8709041476249695
0.21338871121406555
0.0455804169178009
0.8499977588653564
0.9761033654212952
0.46604740619659424
0.9012224674224854
0.6879154443740845
0.8108588457107544
0.22244074940681458
0.44598811864852905
0.49245011806488037
0.8439733386039734
0.10017570853233337
0.927544116973877
0.9080663323402405
0.2653115391731262
0.000521778070833534
0.6191236972808838
0.1997738629579544
0.8698780536651611
0.7108234167098999
0.4866219162940979
0.6426076292991638
0.8173877596855164
0.6080374121665955
0.523220956325531
0.1820283681154251
0.9358710050582886
0.4713415801525116
0.4785844683647156
0.6788265705108643
0.25446370244026184
0.14998523890972137
0.5183840394020081
0.17938219010829926
0.012623935006558895
0.5836544036865234
0.8354251384735107
0.7463459372520447
0.1024480015039444
0.36862605810165405
0.18140307068824768
0.8365551829338074
0.8343625068664551
0.5897013545036316
0.34440305829048157
0.7172501683235168
0.757461428642273
0.6209708452224731
0.4674219787120819
0.618246853351593
0.8396235704421997
0.28866514563560486
0.5049866437911987
0.526385486125946
0.30394119024276733
0.20136502385139465
0.7312256097793579
0.8760015368461609
0.8991379737854004
0.43650132417678833
0.8878078460693359
0.7002840042114258
0.19251751899719238
0.942993700504303
0.13684409856796265
0.3588619828224182
0.8697172403335571
0.3836823105812073
0.06412948668003082
0.47096845507621765
0.018503159284591675
0.7266761064529419
0.09522897005081177
0.8671099543571472
0.34107738733291626
0.30126938223838806
0.0050423345528542995
0.7713692784309387
0.6652950644493103
0.6497306227684021
0.4569236636161804
0.850396990776062
0.4536488652229309
0.5474575161933899
0.3745991587638855
0.8724783658981323
0.6496565937995911
0.5422189235687256
0.05127623677253723
0.8096495866775513
0.5297746062278748
0.509686291217804
0.8241989016532898
0.6224957704544067
0.01979486644268036
0.15174120664596558
0.931494951248169
0.06653843075037003
0.13571782410144806
0.4653196930885315
0.5972658395767212
0.5940256714820862
0.5080262422561646
0.13716165721416473
0.9327176213264465
0.9640164375305176
0.13711221516132355
0.8639937043190002
0.012628505006432533
0.2245718389749527
0.06245214119553566
0.6070602536201477
0.6408993601799011
0.5202987790107727
0.8895723223686218
0.06072702631354332
0.33405014872550964
0.02192390151321888
0.29050755500793457
0.9812162518501282
0.5056058764457703
0.3347468674182892
0.6334388852119446
0.8848714828491211
0.32231494784355164
0.187827005982399
0.8764269948005676
0.699280858039856
0.8414148092269897
0.25259464979171753
0.26971033215522766
0.9890607595443726
0.5512082576751709
0.273215651512146
0.7789780497550964
0.37153327465057373
0.029158810153603554
0.5376104712486267
0.25724342465400696
0.9483943581581116
0.8478891849517822
0.378561407327652
0.9319592118263245
0.6821154356002808
0.05844172462821007
0.5070170164108276
0.16989651322364807
0.1949109137058258
0.427581250667572
0.7960841059684753
0.8947382569313049
0.23995807766914368
0.04025400057435036
0.4405937194824219
0.11501657962799072
0.0699414312839508
0.7712361216545105
0.18523184955120087
0.6400648951530457
0.6754626631736755
0.5768513679504395
0.3546260595321655
0.7608669996261597
0.2582802474498749
0.8556657433509827
0.1883636713027954
0.787484884262085
0.40988051891326904
0.6470038294792175
0.5089302659034729
0.9023669958114624
0.45634686946868896
0.28676924109458923
0.6111764311790466
0.7032197713851929
0.6963075399398804
0.24639524519443512
0.26716408133506775
0.079002745449543
0.23127752542495728
0.43696147203445435
0.9981561899185181
0.891899824142456
0.23803256452083588
0.11611412465572357
0.9607483744621277
0.09230980277061462
0.21496853232383728
0.9520047307014465
0.5609010457992554
0.04047786816954613
0.34924814105033875
0.2608015239238739
0.0032212736550718546
0.798626184463501
0.5383162498474121
0.813239574432373
0.5964585542678833
0.6603326201438904
0.9553484916687012
0.8038012385368347
0.07541751861572266
0.48726096749305725
0.6535857319831848
0.8464388847351074
0.0978052020072937
0.8566254377365112
0.8103236556053162
0.1850832849740982
0.4499759078025818
0.21447812020778656
0.7163824439048767
0.2617436647415161
0.817898690700531
0.1593363732099533
0.09249135106801987
0.9837090969085693
0.002740787575021386
0.06314190477132797
0.5812867879867554
0.42011135816574097
0.7320802807807922
0.9555046558380127
0.3024388551712036
0.12496699392795563
0.7209522724151611
0.8403460383415222
0.8173924684524536
0.31860384345054626
0.8970350027084351
0.8517088294029236
0.5137612819671631
0.836770236492157
0.007500141393393278
0.37861981987953186
0.16413673758506775
0.30106666684150696
0.24432596564292908
0.398123562335968
0.23654478788375854
0.5995520353317261
0.8031770586967468
0.5200985670089722
0.19430062174797058
0.0006504928460344672
0.9226193428039551
0.17318856716156006
0.996966540813446
0.4025949239730835
0.8256300687789917
0.8255276083946228
0.027590438723564148
0.8934673070907593
0.5909548401832581
0.6552470326423645
0.09123650938272476
0.563576340675354
0.337649941444397
0.5535242557525635
0.23147594928741455
0.45116496086120605
0.28069445490837097
0.8118722438812256
0.4310096204280853
0.04724718630313873
0.10471943020820618
0.024616941809654236
0.16751359403133392
0.8744058609008789
0.2714235782623291
0.873002827167511
0.7489609122276306
0.5198832750320435
0.3811125159263611
0.21977245807647705
0.18510130047798157
0.3905858099460602
0.2883346974849701
0.256574809551239
0.8214656114578247
0.7792587280273438
0.3515683114528656
0.8323695659637451
0.16636328399181366
0.22974173724651337
0.44550126791000366
0.4787631034851074
0.932844877243042
0.6889381408691406
0.2559989094734192
0.6148704886436462
0.23321065306663513
0.5944160223007202
0.14922387897968292
0.10489006340503693
0.9491588473320007
0.04094545915722847
0.786855161190033
0.8063901662826538
0.9775016903877258
0.35740095376968384
0.0794086828827858
0.19493325054645538
0.8192121386528015
0.43633052706718445
0.28545522689819336
0.7325109243392944
0.4075545370578766
0.6241851449012756
0.3291389048099518
0.933976411819458
0.3169557452201843
0.5577173233032227
0.5934945940971375
0.024537287652492523
0.3136196434497833
0.2782757878303528
0.13075847923755646
0.40607374906539917
0.46876174211502075
0.6374492645263672
0.6063807606697083
0.6005927324295044
0.07625259459018707
0.026063518598675728
0.7405197620391846
0.8028340339660645
0.33988216519355774
0.8791151642799377
0.5944894552230835
0.5613391399383545
0.18798311054706573
0.3470803201198578
0.9838634133338928
0.056724078953266144
0.05171721801161766
0.9610517621040344
0.8793786764144897
0.6162120699882507
0.15940213203430176
0.9601864218711853
0.3498871624469757
0.805124819278717
0.9994410276412964
0.6296629309654236
0.12161524593830109
0.40622618794441223
0.7003546357154846
0.07462407648563385
0.756732702255249
0.6815400123596191
0.5064302682876587
0.4070490002632141
0.4658409059047699
0.030286088585853577
0.8364208340644836
0.544269323348999
0.9254137873649597
0.08492975682020187
0.049891479313373566
0.4214123785495758
0.9253376722335815
0.08694912493228912
0.86314857006073
0.3604870140552521
0.0931149274110794
0.7346306443214417
0.13750432431697845
0.81197190284729
0.8655233383178711
0.713249683380127
0.1310429722070694
0.3262046277523041
0.7346426844596863
0.19234517216682434
0.8902359008789062
0.68210768699646
0.39527279138565063
0.7034299373626709
0.1290038526058197
0.4506239891052246
0.6670895218849182
0.5392279624938965
0.09927082061767578
0.26211676001548767
0.9442678689956665
0.19410037994384766
0.022488724440336227
0.991402804851532
0.5947408676147461
0.8780503273010254
0.9507654905319214
0.9745875597000122
0.09969151765108109
0.22079595923423767
0.07877014577388763
0.6586984395980835
0.6369776725769043
0.799924910068512
0.8542510867118835
0.007190437521785498
0.5144831538200378
0.45233774185180664
0.606375515460968
0.22783584892749786
0.09141039848327637
0.8862779140472412
0.007907001301646233
0.09691021591424942
0.7566876411437988
0.4861118793487549
0.7331202030181885
0.5273879766464233
0.3543435037136078
0.6937639117240906
0.20904207229614258
0.7460362911224365
0.9360404014587402
0.8793744444847107
0.5475149154663086
0.9028040766716003
0.6793608069419861
0.46353617310523987
0.6652506589889526
0.6932629346847534
0.18417583405971527
0.24137268960475922
0.21075350046157837
0.5098684430122375
0.666293203830719
0.07542832940816879
0.4237253963947296
0.7594543099403381
0.01648985780775547
0.403841495513916
0.7059351801872253
0.45346593856811523
0.9310111999511719
0.39426252245903015
0.2452787160873413
0.671256422996521
0.8808659911155701
0.251543253660202
0.4064233899116516
0.3847722113132477
0.10900186002254486
0.587699830532074
0.48979488015174866
0.5687464475631714
0.19513586163520813
0.9810293316841125
0.6279978156089783
0.5027411580085754
0.9433189630508423
0.6008744239807129
0.7119488716125488
0.1622537076473236
0.37354373931884766
0.23826393485069275
0.6177948117256165
0.013182707130908966
0.25399747490882874
0.5154015421867371
0.7670993208885193
0.001368962344713509
0.8590924739837646
0.24993841350078583
0.9875022768974304
0.0010983833344653249
0.8141239881515503
0.7921985983848572
0.7036693096160889
0.879413902759552
0.3703092038631439
0.614606499671936
0.3250882625579834
0.729375958442688
0.6161662936210632
0.2929508686065674
0.12316770106554031
0.9046376347541809
0.5862947702407837
0.05237402394413948
0.4494920074939728
0.28758472204208374
0.5853978991508484
0.6241164207458496
0.8417102694511414
0.413300484418869
0.6121520400047302
0.9686967134475708
0.9142025113105774
0.4423582851886749
0.21944312751293182
0.8873181939125061
0.8872078657150269
0.3359726369380951
0.7173372507095337
0.6254504323005676
0.6984307169914246
0.13690407574176788
0.8537342548370361
0.7573285698890686
0.41071274876594543
0.7440106868743896
0.5751355290412903
0.48041751980781555
0.3479422628879547
0.6350253224372864
0.5286704897880554
0.9088388681411743
0.772040069103241
0.8422183394432068
0.9102107286453247
0.29201212525367737
0.3982950448989868
0.9880151152610779
0.8564703464508057
0.5986744165420532
0.8013806939125061
0.501099169254303
0.046219728887081146
0.8454577922821045
0.966767430305481
0.3442273736000061
0.06785721331834793
0.11506521701812744
0.05346190556883812
0.45131585001945496
0.9737505912780762
0.5607215762138367
0.003288464155048132
0.24474453926086426
0.3722710609436035
0.7133832573890686
0.3313654959201813
0.3906702697277069
0.33299291133880615
0.3456382155418396
0.9106261730194092
0.11650332808494568
0.977696418762207
0.8467211723327637
0.08856340497732162
0.23256470263004303
0.3774900734424591
0.41288578510284424
0.06719982624053955
0.4307585656642914
0.18294529616832733
0.59896320104599
0.9955280423164368
0.15243592858314514
0.09845895320177078
0.3745204508304596
0.33459413051605225
0.8285655379295349
0.0717124342918396
0.08063019812107086
0.8860031962394714
0.31816163659095764
0.9514424204826355
0.1923491656780243
0.9961727261543274
0.5963907837867737
0.8949844837188721
0.3547533452510834
0.22355809807777405
0.33987826108932495
0.3571399450302124
0.6659890413284302
0.7344854474067688
0.8429062962532043
0.6294800639152527
0.5780470967292786
0.04835616797208786
0.8131019473075867
0.0882253646850586
0.731683075428009
0.004362143110483885
0.8427188396453857
0.5849477648735046
0.7042151093482971
0.9876095652580261
0.6703570485115051
0.9492677450180054
0.6951255202293396
0.21819159388542175
0.3070189654827118
0.3504249155521393
0.8835532665252686
0.5989192128181458
0.5540715456008911
0.18617810308933258
0.11691131442785263
0.34801703691482544
0.0776258036494255
0.9788723587989807
0.6529730558395386
0.7652173638343811
0.9745532870292664
0.5273202657699585
0.24806787073612213
0.06397030502557755
0.3848680257797241
0.6457151174545288
0.3704277575016022
0.9787707924842834
0.7615834474563599
0.9058294296264648
0.4548238515853882
0.616461455821991
0.3714306354522705
0.9946410059928894
0.8121730089187622
0.9978393912315369
0.8857507109642029
0.7206870317459106
0.36170056462287903
0.44504213333129883
0.018453894183039665
0.6768102049827576
0.5919370055198669
0.591235339641571
0.9088384509086609
0.5563889741897583
0.40530651807785034
0.8239878416061401
0.5664536356925964
0.49061065912246704
0.0634014755487442
0.16072236001491547
0.4722810983657837
0.7260517477989197
0.7279215455055237
0.4542374312877655
0.09177711606025696
0.06837506592273712
0.5104643106460571
0.7611933350563049
0.7221670150756836
0.1726154088973999
0.1662556231021881
0.09710422903299332
0.6396873593330383
0.40706387162208557
0.04898115620017052
0.11621516197919846
0.0513271689414978
0.8884986639022827
0.34549182653427124
0.1278473287820816
0.2145874947309494
0.7904564738273621
0.8691862225532532
0.81939297914505
0.8582907915115356
0.7153360843658447
0.10137592256069183
0.7897390723228455
0.45000800490379333
0.27793094515800476
0.8865606784820557
0.6294375061988831
0.409707635641098
0.8240587711334229
0.8522037267684937
0.03460751101374626
0.5537167191505432
0.4285355806350708
0.9385074377059937
0.8427130579948425
0.09744901955127716
0.9627280235290527
0.7169457674026489
0.20369522273540497
0.6025032997131348
0.8657786250114441
0.04368266090750694
0.21452516317367554
0.7833876609802246
0.008975887671113014
0.30300822854042053
0.501330554485321
0.7161089181900024
0.11615812033414841
0.8054221272468567
0.6419020891189575
0.124576136469841
0.8337522149085999
0.5388367772102356
0.4081628918647766
0.43034884333610535
0.9451395869255066
0.29670006036758423
0.14893917739391327
0.9092495441436768
0.37609046697616577
0.5090240240097046
0.024494439363479614
0.942417323589325
0.5235728621482849
0.43590879440307617
0.24780692160129547
0.2700228989124298
0.956087589263916
0.837591826915741
0.9905565977096558
0.8659380674362183
0.3302345275878906
0.8020818829536438
0.2672685384750366
0.3504970967769623
0.07181737571954727
0.2744314968585968
0.612735390663147
0.48107215762138367
0.2711304724216461
0.36897802352905273
0.5459569096565247
0.5544266700744629
0.4186736047267914
0.9101234674453735
0.23172979056835175
0.4746314585208893
0.5740169286727905
0.35185420513153076
0.9134803414344788
0.556915283203125
0.9838894009590149
0.5616093277931213
0.8714983463287354
0.8981207013130188
0.14852531254291534
0.9493086934089661
0.8075034618377686
0.622933566570282
0.7810512781143188
0.11503498256206512
0.6837078928947449
0.9788028001785278
0.19500327110290527
0.03655331954360008
0.05471443384885788
0.631532609462738
0.9567552804946899
0.0881933867931366
0.41810545325279236
0.0632568895816803
0.44361525774002075
0.00766047602519393
0.8117648363113403
0.5732730627059937
0.353235125541687
0.6897294521331787
0.4021317958831787
0.5396055579185486
0.27846917510032654
0.6667355895042419
0.8157811760902405
0.07342450320720673
0.8397731781005859
0.4446603059768677
0.5144050121307373
0.143936425447464
0.10181231051683426
0.05370616167783737
0.6982962489128113
0.6480028629302979
0.5642759799957275
0.7151286005973816
0.32117313146591187
0.24009397625923157
0.8899737596511841
0.9526733756065369
0.5850582718849182
0.37104228138923645
0.24759750068187714
0.9765910506248474
0.23620712757110596
0.9888449311256409
0.07572057843208313
0.20507211983203888
0.7703347206115723
0.052633415907621384
0.7487370371818542
0.6486983895301819
0.7212963700294495
0.13339556753635406
0.09539494663476944
0.09594599902629852
0.788940966129303
0.3529731035232544
0.5190191268920898
0.8885751366615295
0.7345941662788391
0.10083052515983582
0.462809294462204
0.5698926448822021
0.7217570543289185
0.2056308090686798
0.3323003947734833
0.4452122151851654
0.5952544212341309
0.6110218167304993
0.7814201712608337
0.8119397163391113
0.2916219234466553
0.2770409882068634
0.8712372183799744
0.4673391282558441
0.5756672620773315
0.2341284453868866
0.37587597966194153
0.14534658193588257
0.5449856519699097
0.4443402886390686
0.32831084728240967
0.3151171803474426
0.7972124218940735
0.6237879395484924
0.8310404419898987
0.6274255514144897
0.785355806350708
0.3593517243862152
0.06170021742582321
0.5304941534996033
0.04375100135803223
0.6705342531204224
0.21245639026165009
0.4283086359500885
0.29230210185050964
0.7963921427726746
0.6830162405967712
0.5744372606277466
0.9016693234443665
0.3907202482223511
0.11530794948339462
0.26501595973968506
0.7938687205314636
0.9585093855857849
0.8069809675216675
0.29820236563682556
0.13231973350048065
0.6425052285194397
0.025041045621037483
0.3916943073272705
0.061828531324863434
0.8513350486755371
0.9468278288841248
0.6688836216926575
0.9670035243034363
0.27939677238464355
0.9653046131134033
0.23345057666301727
0.36707764863967896
0.30392539501190186
0.45907703042030334
0.7579084634780884
0.3587763011455536
0.906429648399353
0.5083723068237305
0.6326467394828796
0.42377662658691406
0.37098318338394165
0.2831231951713562
0.39992502331733704
0.1627417802810669
0.27729344367980957
0.747582733631134
0.21851417422294617
0.6759331226348877
0.10458160191774368
0.09452053159475327
0.21143582463264465
0.2708413302898407
0.816797137260437
0.6102970242500305
0.31646662950515747
0.737526535987854
0.981609046459198
0.4641202688217163
0.6371041536331177
0.9407068490982056
0.4068398177623749
0.4295119643211365
0.20232218503952026
0.5449925065040588
0.44011980295181274
0.9756318926811218
0.9759315252304077
0.31558728218078613
0.1329765021800995
0.434583455324173
0.47426486015319824
0.6071247458457947
0.8175405263900757
0.9657799005508423
0.45487919449806213
0.20192348957061768
0.6972492933273315
0.8307473063468933
0.4491640627384186
0.12281681597232819
0.2397395819425583
0.12866996228694916
0.874386727809906
0.6297723054885864
0.6461950540542603
0.04531267285346985
0.25569984316825867
0.6249658465385437
0.4125341475009918
0.3912913501262665
0.8704329133033752
0.46457090973854065
0.30902600288391113
0.9334518909454346
0.0708865225315094
0.4407748878002167
0.45270755887031555
0.2662508487701416
0.1864176094532013
0.09011716395616531
0.2488967329263687
0.3728965222835541
0.23970194160938263
0.20899052917957306
0.29746222496032715
0.4117714464664459
0.8027337193489075
0.5338369607925415
0.6973044276237488
0.41005420684814453
0.924403190612793
0.7144337892532349
0.9685494899749756
0.7155784368515015
0.8956859111785889
0.7677075862884521
0.979835033416748
0.8090373873710632
0.6205801367759705
0.7938284873962402
0.9960538148880005
0.09418254345655441
0.07359775900840759
0.35814425349235535
0.34512096643447876
0.5127741694450378
0.4656718969345093
0.5192314982414246
0.15779229998588562
0.32231763005256653
0.9030266404151917
0.5530303120613098
0.9645965099334717
0.9514175653457642
0.6377973556518555
0.6851799488067627
0.8719767928123474
0.47201046347618103
0.8182265162467957
0.8623612523078918
0.2001008540391922
0.7965574860572815
0.515761137008667
0.8462619781494141
0.5831685066223145
0.17480213940143585
0.16815803945064545
0.01815316639840603
0.21629698574543
0.7755790948867798
0.40410783886909485
0.018594762310385704
0.3376602828502655
0.41169413924217224
0.5101114511489868
0.5801424384117126
0.7512981295585632
0.767831027507782
0.8767865896224976
0.6254562735557556
0.3032973110675812
0.7017054557800293
0.6121209263801575
0.7094564437866211
0.3128967583179474
0.17132407426834106
0.49956151843070984
0.27464011311531067
0.8028851747512817
0.529216468334198
0.08421555161476135
0.7548725008964539
0.8468207120895386
0.4628453850746155
0.2791498899459839
0.6250351071357727
0.2001604437828064
0.028862200677394867
0.9314290881156921
0.7678574323654175
0.16166695952415466
0.5498690605163574
0.17994146049022675
0.4713050127029419
0.6311310529708862
0.4223000109195709
0.17048528790473938
0.8680828213691711
0.348849356174469
0.2392185479402542
0.1833360642194748
0.5854035019874573
0.4018610417842865
0.4391957223415375
0.8570409417152405
0.2879703640937805
0.10751039534807205
0.7880500555038452
0.06162165477871895
0.1661699414253235
0.022747257724404335
0.6862321496009827
0.8280535340309143
0.2872297763824463
0.8610365390777588
0.013340586796402931
0.9821209907531738
0.6324737071990967
0.8825588822364807
0.7106683254241943
0.9877247214317322
0.8576710224151611
0.21925076842308044
0.20782889425754547
0.34444567561149597
0.07325232774019241
0.03727494180202484
0.7247927188873291
0.5774950385093689
0.376404732465744
0.22501826286315918
0.17108315229415894
0.1185963973402977
0.9734116196632385
0.38995927572250366
0.024698304012417793
0.3293163776397705
0.3167056441307068
0.9110981822013855
0.9324415326118469
0.3361032009124756
0.2415584921836853
0.5274658203125
0.9051995277404785
0.18340572714805603
0.9924997687339783
0.9244651198387146
0.1106448769569397
0.2053566724061966
0.7753252983093262
0.22153641283512115
0.712409257888794
0.918697714805603
0.23948746919631958
0.030337348580360413
0.1080281212925911
0.41616034507751465
0.9928790926933289
0.05997086688876152
0.5602777600288391
0.18885016441345215
0.5276888012886047
0.2851829528808594
0.28034862875938416
0.581188976764679
0.6262836456298828
0.2662971019744873
0.1141003742814064
0.06502614915370941
0.09758022427558899
0.7449678182601929
0.19420209527015686
0.5226259827613831
0.7567346692085266
0.8905333280563354
0.5834872126579285
0.16957791149616241
0.6703960299491882
0.24138763546943665
0.037829380482435226
0.03523746505379677
0.9983559250831604
0.6633016467094421
0.6033111214637756
0.8601394891738892
0.34468117356300354
0.48371052742004395
0.2865889370441437
0.6779837608337402
0.1262953281402588
0.8349549770355225
0.7209556102752686
0.16679240763187408
0.881516695022583
0.5078542828559875
0.40030336380004883
0.28154993057250977
0.9597920775413513
0.21993856132030487
0.15947382152080536
0.08964969217777252
0.15700723230838776
0.0916939228773117
0.06880593299865723
0.10357960313558578
0.9638917446136475
0.06389568746089935
0.8851445317268372
0.5801647305488586
0.17360919713974
0.8924853801727295
0.2914018929004669
0.9087294340133667
0.16874532401561737
0.7716376185417175
0.7629570960998535
0.40564247965812683
0.04129750281572342
0.8671050667762756
0.00931492354720831
0.20738981664180756
0.6952083110809326
0.17919419705867767
0.5655624270439148
0.20468130707740784
0.860573410987854
0.004890189040452242
0.27508893609046936
0.28068020939826965
0.38476043939590454
0.6396468877792358
0.47129905223846436
0.1670411229133606
0.39783692359924316
0.12102879583835602
0.4692828953266144
0.8629242777824402
0.9014347791671753
0.9333712458610535
0.9076454639434814
0.5579320788383484
0.22350172698497772
0.574550986289978
0.5966385006904602
0.16075412929058075
0.9397647976875305
0.5434549450874329
0.032128456979990005
0.4050404131412506
0.8383078575134277
0.9191452264785767
0.25307056307792664
0.36795574426651
0.35055261850357056
0.8477687835693359
0.8160539865493774
0.31962424516677856
0.10447422415018082
0.9930610656738281
0.3841467797756195
0.27060967683792114
0.968156099319458
0.5721547603607178
0.33253544569015503
0.8905011415481567
0.45344114303588867
0.8222377300262451
0.005612589884549379
0.7086310982704163
0.2031918317079544
0.7567620277404785
0.09099693596363068
0.8179329037666321
0.04514434561133385
0.14794287085533142
0.6215598583221436
0.8720919489860535
0.2692857086658478
0.7584419846534729
0.6258138418197632
0.5081167221069336
0.9163998961448669
0.7036617994308472
0.36603716015815735
0.013956881128251553
0.4793754518032074
0.6608116626739502
0.05525502935051918
0.15452270209789276
0.6285054683685303
0.359494686126709
0.9650130867958069
0.7259309887886047
0.7951913475990295
0.45139482617378235
0.07197000086307526
0.32094478607177734
0.11876929551362991
0.5563300251960754
0.7053940296173096
0.5558951497077942
0.503597617149353
0.0715005099773407
0.9317485094070435
0.5345523357391357
0.6600273251533508
0.8619400262832642
0.5677415728569031
0.117658331990242
0.7893450856208801
0.9358490705490112
0.9406716227531433
0.853337824344635
0.40039971470832825
0.9526907801628113
0.20035195350646973
0.807809054851532
0.8419612646102905
0.11771433055400848
0.9282138347625732
0.6923585534095764
0.889815628528595
0.3735036253929138
0.8420259356498718
0.9097488522529602
0.5474534034729004
0.05281712859869003
0.21195444464683533
0.09311728179454803
0.643778920173645
0.7395315766334534
0.9540551900863647
0.9573888182640076
0.5128428339958191
0.43667909502983093
0.982387900352478
0.06345344334840775
0.197111576795578
0.6366815567016602
0.009414738975465298
0.9258878827095032
0.3844284415245056
0.8518337607383728
0.5070095658302307
0.9015400409698486
0.270578533411026
0.829485297203064
0.6000162363052368
0.7523953318595886
0.7737236618995667
0.6325551867485046
0.40352487564086914
0.14475226402282715
0.543436586856842
0.7943164110183716
0.8101018667221069
0.6412481665611267
0.5593819618225098
0.7423608303070068
0.6137887835502625
0.5627820491790771
0.9079780578613281
0.8029806017875671
0.4000658690929413
0.9096179008483887
0.5708037614822388
0.7165477275848389
0.4122644066810608
0.949009358882904
0.2479882687330246
0.3465457856655121
0.47132790088653564
0.26737478375434875
0.7867947816848755
0.9949984550476074
0.8139174580574036
0.22654829919338226
0.27995482087135315
0.13614055514335632
0.4704773724079132
0.9057666659355164
0.34088727831840515
0.8065730333328247
0.7810136079788208
0.9408855438232422
0.8192264437675476
0.25994762778282166
0.6952351927757263
0.23225006461143494
0.0488266684114933
0.8095004558563232
0.04126404970884323
0.9969596266746521
0.32404083013534546
0.010066487826406956
0.7003540992736816
0.5029069781303406
0.31307730078697205
0.8493472933769226
0.5435218811035156
0.8191646337509155
0.24249853193759918
0.4545689821243286
0.3548453152179718
0.9622402191162109
0.3619309365749359
0.7574030160903931
0.0915696993470192
0.08568422496318817
0.6929850578308105
0.766660213470459
0.33778318762779236
0.7469677329063416
0.8839902877807617
0.5201463103294373
0.5145459771156311
0.4476950764656067
0.4232501983642578
0.581703245639801
0.8961726427078247
0.31700050830841064
0.6749024391174316
0.630172848701477
0.8780967593193054
0.26461148262023926
0.4636901021003723
0.5195126533508301
0.7266167402267456
0.24639469385147095
0.5136712193489075
0.8036739230155945
0.7761741876602173
0.5094581842422485
0.4556596279144287
0.3223537504673004
0.818103015422821
0.09220323711633682
0.5869307518005371
0.668763279914856
0.5672442317008972
0.7057167291641235
0.8869776129722595
0.38256531953811646
0.2297552078962326
0.05351138859987259
0.1786613017320633
0.9886956810951233
0.492642879486084
0.09311125427484512
0.8022747039794922
0.5802197456359863
0.6031279563903809
0.3994467556476593
0.6456407904624939
0.11933650076389313
0.8077792525291443
0.27419647574424744
0.1401910036802292
0.21130694448947906
0.27774909138679504
0.3503206968307495
0.6206862330436707
0.7504755258560181
0.848772406578064
0.5628518462181091
0.5922855138778687
0.5804314613342285
0.29533064365386963
0.6812170743942261
0.29220256209373474
0.3160269856452942
0.8332176208496094
0.7187063694000244
0.7428507208824158
0.5033405423164368
0.7023127675056458
0.015508436597883701
0.0625859722495079
0.9694910049438477
0.7224128842353821
0.6879964470863342
0.18338778614997864
0.09655580669641495
0.9681570529937744
0.4226439297199249
0.9257707595825195
0.5949195623397827
0.5058934092521667
0.21688348054885864
0.7969170212745667
0.49314332008361816
0.8571628332138062
0.13287189602851868
0.18432939052581787
0.4342639446258545
0.030004702508449554
0.0839255079627037
0.9015164971351624
0.9577804803848267
0.24092450737953186
0.7306890487670898
0.8428944945335388
0.5831729769706726
0.4537286162376404
0.10010761767625809
0.7137919664382935
0.9024981260299683
0.9224458932876587
0.004798270296305418
0.6826214790344238
0.06495573371648788
0.42454278469085693
0.5624529719352722
0.36784154176712036
0.2608892321586609
0.3321436941623688
0.6637223362922668
0.9168445467948914
0.134721577167511
0.9695279598236084
0.760161817073822
0.17360715568065643
0.13515307009220123
0.45290908217430115
0.9728641510009766
0.09133000671863556
0.06306879222393036
0.7919455170631409
0.23807165026664734
0.8843148350715637
0.7131769061088562
0.7069123983383179
0.4108607769012451
0.46274706721305847
0.7168585658073425
0.45850664377212524
0.3436827063560486
0.7378196716308594
0.4537523090839386
0.3486027121543884
0.05961407721042633
0.22323772311210632
0.14286550879478455
0.7108831405639648
0.14982396364212036
0.9036750197410583
0.20208072662353516
0.1435846984386444
0.02125023491680622
0.594868540763855
0.7587839365005493
0.8925713896751404
0.3613262176513672
0.04026719555258751
0.65900719165802
0.3538690507411957
0.5073344707489014
0.2924959361553192
0.8330375552177429
0.9198549389839172
0.6620715260505676
0.6586915254592896
0.29510605335235596
0.799684464931488
0.604489266872406
0.08542532473802567
0.43206992745399475
0.14864054322242737
0.2950698733329773
0.45211175084114075
0.09738416969776154
0.3489849269390106
0.21244314312934875
0.481660932302475
0.0541941337287426
0.5727790594100952
0.34506750106811523
0.6450036764144897
0.9888588190078735
0.8308506608009338
0.8310296535491943
0.9523774981498718
0.8465073704719543
0.22635222971439362
0.8744316101074219
0.2697993814945221
0.10432930290699005
0.8697429299354553
0.8979616165161133
0.010932031087577343
0.3793571889400482
0.6003757119178772
0.5026863217353821
0.5834292769432068
0.6301332712173462
0.8047161102294922
0.28673532605171204
0.15251688659191132
0.09218445420265198
0.6253523826599121
0.7129786610603333
0.016573242843151093
0.508156418800354
0.49365007877349854
0.6969106197357178
0.6982053518295288
0.5064338445663452
0.19902649521827698
0.024282436817884445
0.5537853837013245
0.1263817399740219
0.8154211044311523
0.015003233216702938
0.6792991161346436
0.14915215969085693
0.4769628942012787
0.48479244112968445
0.8572955131530762
0.4044865667819977
0.6724706292152405
0.18097972869873047
0.9981984496116638
0.43809401988983154
0.9135621786117554
0.5270618200302124
0.46760791540145874
0.49251094460487366
0.22244247794151306
0.3423512876033783
0.23769491910934448
0.81783527135849
0.9917920231819153
0.9518462419509888
0.7636768817901611
0.5413296818733215
0.9064969420433044
0.6746052503585815
0.6904831528663635
0.04257138818502426
0.27131521701812744
0.6365500688552856
0.669409453868866
0.6495581865310669
0.7613577842712402
0.3153107762336731
0.3785884380340576
0.24237675964832306
0.3271004855632782
0.797447144985199
0.849014401435852
0.20680218935012817
0.8217450976371765
0.7293403744697571
0.7319439649581909
0.34601029753685
0.873457670211792
0.8290150761604309
0.3796318769454956
0.027700046077370644
0.28051820397377014
0.20665298402309418
0.5341465473175049
0.14426352083683014
0.49565088748931885
0.27275073528289795
0.5467239618301392
0.7899400591850281
0.34835192561149597
0.1882384717464447
0.051667992025613785
0.7622829079627991
0.3600000739097595
0.5545929670333862
0.352751225233078
0.8407174348831177
0.7210878133773804
0.4461710453033447
0.36607393622398376
0.01764577440917492
0.0016338027780875564
0.89979487657547
0.61232590675354
0.17280782759189606
0.8586580157279968
0.8312410712242126
0.008003752678632736
0.28005218505859375
0.5043272972106934
0.48650434613227844
0.4301091730594635
0.7858260273933411
0.5589828491210938
0.3274841606616974
0.45749688148498535
0.9679810404777527
0.5395364761352539
0.2531760632991791
0.7515729665756226
0.8704567551612854
0.14577409625053406
0.8595983982086182
0.7781363129615784
0.3171030282974243
0.09230922907590866
0.12928417325019836
0.9836639761924744
0.5211531519889832
0.7219704985618591
0.2224586457014084
0.039292916655540466
0.5423634648323059
0.46224159002304077
0.8196025490760803
0.06379008293151855
0.8372532725334167
0.5352851152420044
0.006574494764208794
0.1193753108382225
0.6899919509887695
0.7368093729019165
0.9381255507469177
0.9564546942710876
0.2562922537326813
0.3966594636440277
0.7203028202056885
0.05006689950823784
0.981249213218689
0.052005887031555176
0.7341004014015198
0.9649925827980042
0.777041494846344
0.8828845024108887
0.9878935813903809
0.7741723656654358
0.20296023786067963
0.15465646982192993
0.6914219260215759
0.4240776300430298
0.7048777937889099
0.4448670446872711
0.938740074634552
0.076500304043293
0.4382336437702179
0.22776861488819122
0.8746634125709534
0.5048006176948547
0.40796294808387756
0.44786834716796875
0.690260648727417
0.2850585877895355
0.030205314978957176
0.48663052916526794
0.7457899451255798
0.27024683356285095
0.1245768591761589
0.9476692080497742
0.5400562286376953
0.9243508577346802
0.289490669965744
0.3179374933242798
0.9691249132156372
0.47551172971725464
0.27927103638648987
0.44909292459487915
0.8563166260719299
0.17469024658203125
0.8930334448814392
0.16015517711639404
0.808783233165741
0.7457777857780457
0.8138647079467773
0.7623896598815918
0.35782134532928467
0.2225445657968521
0.7373865842819214
0.3215588629245758
0.7300518751144409
0.2650728225708008
0.19660867750644684
0.6497182846069336
0.14242523908615112
0.21154817938804626
0.807300865650177
0.8934093117713928
0.7065834403038025
0.3841780722141266
0.3832308351993561
0.8643648028373718
0.271666020154953
0.9763717651367188
0.02475798688828945
0.4331907331943512
0.5926595330238342
0.18154765665531158
0.09941071271896362
0.8958114385604858
0.4980466663837433
0.8908594250679016
0.3451513946056366
0.15234629809856415
0.0995519682765007
0.3044138252735138
0.6624494791030884
0.21169686317443848
0.2992549240589142
0.04999217763543129
0.603780210018158
0.19971556961536407
0.15571489930152893
0.30038198828697205
0.6270370483398438
0.35202327370643616
0.02395976521074772
0.11689430475234985
0.9044593572616577
0.14843806624412537
0.4583820402622223
0.27035728096961975
0.7227308750152588
0.6891704797744751
0.6099985837936401
0.12996011972427368
0.432569295167923
0.046126920729875565
0.36880332231521606
0.4415523409843445
0.5112544894218445
0.8158750534057617
0.17089998722076416
0.6516537666320801
0.34720009565353394
0.7589220404624939
0.016056519001722336
0.9358608722686768
0.8208451867103577
0.6943744421005249
0.16200517117977142
0.988045334815979
0.41400623321533203
0.22268496453762054
0.41423529386520386
0.8225165009498596
0.27276432514190674
0.03671138733625412
0.28469574451446533
0.637447714805603
0.13726003468036652
0.6728140115737915
0.6198378205299377
0.7675221562385559
0.8867422938346863
0.6637622117996216
0.1808362454175949
0.8821954727172852
0.20138561725616455
0.24561677873134613
0.6846274733543396
0.45235171914100647
0.8351998925209045
0.45236656069755554
0.4518055319786072
0.9636246562004089
0.8074143528938293
0.9811823964118958
0.9977576732635498
0.0743502601981163
0.9143792986869812
0.007396876346319914
0.47742047905921936
0.8527141809463501
0.31897425651550293
0.6434959769248962
0.20380094647407532
0.276819109916687
0.5878441333770752
0.9018321633338928
0.13128359615802765
0.6114072799682617
0.12301522493362427
0.25488588213920593
0.9773201942443848
0.6354560852050781
0.9876501560211182
0.4635719060897827
0.2803328335285187
0.49807360768318176
0.928942859172821
0.6129809021949768
0.20049352943897247
0.8824717998504639
0.025443008169531822
0.798879086971283
0.6857854723930359
0.13888734579086304
0.9638534188270569
0.34257620573043823
0.2071593701839447
0.3275824785232544
0.3048621118068695
0.48135921359062195
0.6968473792076111
0.4676288664340973
0.9360353350639343
0.7567048668861389
0.86894291639328
0.7381724119186401
0.7126604318618774
0.33578747510910034
0.11590510606765747
0.4536360204219818
0.14148901402950287
0.7127176523208618
0.05962822958827019
0.02900541014969349
0.2165781706571579
0.704357922077179
0.7727035880088806
0.20437517762184143
0.881837785243988
0.46631792187690735
0.6283324956893921
0.2307584434747696
0.6772295832633972
0.08324384689331055
0.44303885102272034
0.22157877683639526
0.3762163817882538
0.16686640679836273
0.8708105683326721
0.1622721403837204
0.7596026659011841
0.9815038442611694
0.5745133757591248
0.05907680094242096
0.23127633333206177
0.023493586108088493
0.6694660782814026
0.4829726219177246
0.3442637026309967
0.3022187352180481
0.3176863491535187
0.2769928574562073
0.6458788514137268
0.6405378580093384
0.5369865894317627
0.3943115174770355
0.9555829763412476
0.2623153328895569
0.13210459053516388
0.3174458146095276
0.1406661421060562
0.973574161529541
0.51514732837677
0.3390091061592102
0.6748524904251099
0.4620668888092041
0.2270485758781433
0.6964596509933472
0.752055287361145
0.9136370420455933
0.3646421730518341
0.9666442275047302
0.3370228409767151
0.5214046239852905
0.3641832172870636
0.02780872955918312
0.6516634225845337
0.9943656325340271
0.7798665761947632
0.37613704800605774
0.18640920519828796
0.5999271273612976
0.8268106579780579
0.14955848455429077
0.3936150074005127
0.38609305024147034
0.4310947358608246
0.17349854111671448
0.6291285753250122
0.23831743001937866
0.8881304860115051
0.6538360714912415
0.10747294127941132
0.30262821912765503
0.11684031039476395
0.5630615949630737
0.48640328645706177
0.6781461238861084
0.4173540771007538
0.35019904375076294
0.39237868785858154
0.4948709011077881
0.6620022654533386
0.32146692276000977
0.6203758120536804
0.40201109647750854
0.6810644268989563
0.15878339111804962
0.3445248305797577
0.9619443416595459
0.29172512888908386
0.5264908671379089
0.5143572688102722
0.0720372200012207
0.1887582540512085
0.8478026390075684
0.8539530038833618
0.9021380543708801
0.7520285248756409
0.9377263784408569
0.6008138060569763
0.15653714537620544
0.9753696322441101
0.11346080154180527
0.1821192353963852
0.20924125611782074
0.35503989458084106
0.1884637027978897
0.48141470551490784
0.6451241970062256
0.19177067279815674
0.22665368020534515
0.49345165491104126
0.6027165055274963
0.9435043334960938
0.0024510379880666733
0.028978640213608742
0.610549807548523
0.4214942753314972
0.8286218047142029
0.9013534784317017
0.20219305157661438
0.758076012134552
0.3379208445549011
0.9143897294998169
0.5656290054321289
0.3368179202079773
0.07633890956640244
0.8689372539520264
0.5347939133644104
0.8553119897842407
0.6293484568595886
0.5171303749084473
0.12321782857179642
0.9810891151428223
0.163909912109375
0.865373432636261
0.6566643118858337
0.31745144724845886
0.4072569012641907
0.2330491989850998
0.6365713477134705
0.5360267162322998
0.014859797433018684
0.3376460075378418
0.09042865037918091
0.2990313768386841
0.5373287200927734
0.695901095867157
0.19210362434387207
0.1401301622390747
0.16077154874801636
0.009065589867532253
0.3988068699836731
0.999832808971405
0.20337837934494019
0.9419146776199341
0.3611282408237457
0.7935928702354431
0.8291203379631042
0.3496450185775757
0.3068358600139618
0.5017366409301758
0.848608672618866
0.9819042682647705
0.40803611278533936
0.2667878568172455
0.12703076004981995
0.0008299920009449124
0.3248511552810669
0.28092142939567566
0.6805801391601562
0.5211496949195862
0.31866681575775146
0.22653821110725403
0.6025580763816833
0.7455059885978699
0.32833829522132874
0.037550874054431915
0.36404910683631897
0.6649598479270935
0.9060308933258057
0.5723599791526794
0.4741077125072479
0.5953455567359924
0.13411888480186462
0.14152806997299194
0.5946301221847534
0.07873920351266861
0.9986482858657837
0.9563567042350769
0.03365180641412735
0.5073078274726868
0.005502093117684126
0.9980227947235107
0.6326212882995605
0.9511770606040955
0.5891953706741333
0.6584522724151611
0.9390584230422974
0.824642539024353
0.38380277156829834
0.9364126920700073
0.11028649657964706
0.18868674337863922
0.7294997572898865
0.28297093510627747
0.49954721331596375
0.884239912033081
0.7723798155784607
0.3435594141483307
0.29757431149482727
0.44728121161460876
0.04326707124710083
0.25205135345458984
0.6801157593727112
0.5828663110733032
0.8842789530754089
0.5594128370285034
0.9253302812576294
0.5120354890823364
0.4072086811065674
0.9030666947364807
0.15189993381500244
0.1983269602060318
0.7820523977279663
0.6095687747001648
0.6172631978988647
0.4041455388069153
0.3504539728164673
0.9006266593933105
0.7867029905319214
0.5426821112632751
0.6001313924789429
0.36171281337738037
0.7778043746948242
0.4340079426765442
0.08906066417694092
0.9975711703300476
0.6152658462524414
0.19939978420734406
0.8753902316093445
0.4190818667411804
0.042844004929065704
0.6477639675140381
0.796615719795227
0.3529820442199707
0.4225939214229584
0.8992486596107483
0.841619074344635
0.7019498944282532
0.08626779168844223
0.6788870692253113
0.30965250730514526
0.8720983266830444
0.8691243529319763
0.05012831464409828
0.019339952617883682
0.31268954277038574
0.7780371308326721
0.4468952715396881
0.48181211948394775
0.31875380873680115
0.10471241176128387
0.20078395307064056
0.9207127690315247
0.14537374675273895
0.26400497555732727
0.0438687764108181
0.2933032214641571
0.9949871897697449
0.36626750230789185
0.29121166467666626
0.815619707107544
0.6969540119171143
0.7627204656600952
0.11515913158655167
0.09004179388284683
0.9230282306671143
0.2416589856147766
0.5153502225875854
0.09654435515403748
0.5137709975242615
0.9711132049560547
0.49591827392578125
0.3760664165019989
0.06733532249927521
0.55247962474823
0.2530018985271454
0.9182266592979431
0.04369305819272995
0.889089822769165
0.3990180194377899
0.38035693764686584
0.8522471785545349
0.5535988211631775
0.8907493948936462
0.6552268266677856
0.44756531715393066
0.5449487566947937
0.6214932799339294
0.8241220712661743
0.7194815278053284
0.30984240770339966
0.4751981496810913
0.510224461555481
0.14181479811668396
0.766685962677002
0.6426001787185669
0.7769913077354431
0.5689616799354553
0.7185152769088745
0.3446030914783478
0.6613316535949707
0.15121771395206451
0.7846053242683411
0.009201404638588428
0.6918341517448425
0.4611956477165222
0.160416841506958
0.06728366762399673
0.04544583335518837
0.7177281379699707
0.5335899591445923
0.4611396789550781
0.24741601943969727
0.45311439037323
0.494597852230072
0.4303279221057892
0.6084030866622925
0.9148176908493042
0.20916856825351715
0.4236828088760376
0.17791539430618286
0.35934069752693176
0.43441322445869446
0.27628958225250244
0.10175682604312897
0.9350773692131042
0.2111528068780899
0.47699618339538574
0.5072736144065857
0.5321783423423767
0.6806811094284058
0.2643963098526001
0.1003342866897583
0.19905917346477509
0.2695954144001007
0.21426387131214142
0.5166594386100769
0.6820705533027649
0.9606406688690186
0.2493542581796646
0.36000287532806396
0.9090715050697327
0.19306781888008118
0.544879674911499
0.7219897508621216
0.14351686835289001
0.9575244784355164
0.1923491209745407
0.39265480637550354
0.07398967444896698
0.1164240688085556
0.8756448030471802
0.06989499181509018
0.14177043735980988
0.1235361397266388
0.005250240676105022
0.7870725989341736
0.6931354999542236
0.4394392669200897
0.2546977698802948
0.8894301056861877
0.866430938243866
0.5095217227935791
0.186954528093338
0.3560938239097595
0.044460028409957886
0.31520023941993713
0.7409390807151794
0.6940953135490417
0.2168017029762268
0.9098474979400635
0.9662436246871948
0.6292164921760559
0.34659552574157715
0.9094446897506714
0.03851136192679405
0.3317689299583435
0.647334635257721
0.7858069539070129
0.013996866531670094
0.08112742006778717
0.7489613890647888
0.21726544201374054
0.8546569347381592
0.4613037407398224
0.1661239117383957
0.6669209003448486
0.2978505790233612
0.34212982654571533
0.9948781728744507
0.02472715452313423
0.6396042704582214
0.444130539894104
0.6938517689704895
0.3952619433403015
0.39341115951538086
0.38800248503685
0.17045071721076965
0.8106837868690491
0.7877969145774841
0.5279640555381775
0.9704161882400513
0.8179342150688171
0.33899712562561035
0.013782544992864132
0.9886682629585266
0.1006428524851799
0.8060100674629211
0.8734909296035767
0.8646734952926636
0.3214516341686249
0.2594723105430603
0.544725239276886
0.6825858950614929
0.4690394997596741
0.18400412797927856
0.76837158203125
0.4590243399143219
0.15809457004070282
0.07158183306455612
0.22997301816940308
0.21705982089042664
0.877078115940094
0.311095267534256
0.35697275400161743
0.9528802633285522
0.42480751872062683
0.1331532597541809
0.043432287871837616
0.4787655472755432
0.7569577097892761
0.8531508445739746
0.6614383459091187
0.2626992166042328
0.9329196810722351
0.6846356391906738
0.045942336320877075
0.21939246356487274
0.2104334533214569
0.5521163940429688
0.6411436200141907
0.5748990774154663
0.41971346735954285
0.5823647975921631
0.4139779508113861
0.6671879887580872
0.29125818610191345
0.4465022087097168
0.8295167684555054
0.04147839546203613
0.25377756357192993
0.9390591382980347
0.910332441329956
0.9300519824028015
0.5124562382698059
0.7395451664924622
0.5683697462081909
0.8963750600814819
0.03369356691837311
0.2867564558982849
0.29809802770614624
0.3389833867549896
0.9378639459609985
0.0585654079914093
0.36101916432380676
0.8150572776794434
0.08389370888471603
0.6083086729049683
0.15687735378742218
0.37309786677360535
0.21668823063373566
0.6682925224304199
0.02111956477165222
0.6074429154396057
0.35350432991981506
0.17492341995239258
0.7078315615653992
0.7387629747390747
0.3915253281593323
0.9859488606452942
0.7083721160888672
0.5760275721549988
0.28122273087501526
0.7216284871101379
0.137602299451828
0.6591600775718689
0.1668369472026825
0.12203734368085861
0.011612948961555958
0.645189106464386
0.8772836923599243
0.5130248665809631
0.00493033928796649
0.3382633924484253
0.5402383208274841
0.15927468240261078
0.7404527068138123
0.7880630493164062
0.040832534432411194
0.47301098704338074
0.7421165108680725
0.10012715309858322
0.4454059302806854
0.1255618929862976
0.6922692656517029
0.06854937970638275
0.7922345399856567
0.048183925449848175
0.48854297399520874
0.7828964591026306
0.9704250693321228
0.5880347490310669
0.6712266802787781
0.10966305434703827
0.35080257058143616
0.08053386956453323
0.34540823101997375
0.4728953242301941
0.6433624029159546
0.8056553602218628
0.6407568454742432
0.960014283657074
0.3497757315635681
0.3236091732978821
0.09105704724788666
0.5306496620178223
0.031083090230822563
0.4822753965854645
0.5783078074455261
0.3352320194244385
0.9203478097915649
0.8384569883346558
0.3788004219532013
0.23382797837257385
0.4086129665374756
0.9988999366760254
0.16170689463615417
0.3262961804866791
0.8234326243400574
0.5625517964363098
0.8568360209465027
0.7732539176940918
0.6524296402931213
0.9361604452133179
0.7438968420028687
0.10912606120109558
0.49113819003105164
0.44650599360466003
0.7598334550857544
0.9420703053474426
0.26525554060935974
0.7405639886856079
0.8953824639320374
0.3042350113391876
0.5300737619400024
0.4016459882259369
0.8844196796417236
0.24463126063346863
0.6730680465698242
0.12512947618961334
0.6186095476150513
0.23553401231765747
0.6256131529808044
0.8664768934249878
0.546925961971283
0.5991305112838745
0.8736088275909424
0.6960918307304382
0.8589988946914673
0.40515244007110596
0.8288969993591309
0.031785622239112854
0.9331066608428955
0.32600831985473633
0.8692766427993774
0.29904893040657043
0.31953537464141846
0.3149837553501129
0.738459050655365
0.18470431864261627
0.7324403524398804
0.8150678277015686
0.7265268564224243
0.49520814418792725
0.2687208950519562
0.7291934490203857
0.8220617771148682
0.20690123736858368
0.5810602307319641
0.3124654293060303
0.2678034007549286
0.22563867270946503
0.343325674533844
0.39106470346450806
0.6474535465240479
0.06729241460561752
0.06727293133735657
0.5076011419296265
0.37397706508636475
0.0850130245089531
0.8214730024337769
0.5501777529716492
0.7870162129402161
0.4539299011230469
0.26732534170150757
0.34425246715545654
0.8002511262893677
0.8290160298347473
0.13128836452960968
0.8754120469093323
0.6355096697807312
0.7294295430183411
0.1610901951789856
0.2534920573234558
0.9897971749305725
0.9532055258750916
0.4959055185317993
0.592952311038971
0.7680747509002686
0.3274172842502594
0.10447283089160919
0.09567578881978989
0.1706971973180771
0.04059373587369919
0.27584925293922424
0.15854470431804657
0.7152543067932129
0.19182108342647552
0.5015425682067871
0.8427220582962036
0.8910003900527954
0.2886253595352173
0.90665203332901
0.23709973692893982
0.824834406375885
0.2667432725429535
0.8023760318756104
0.5424131751060486
0.6875811815261841
0.8197657465934753
0.9860028028488159
0.10457435995340347
0.755023181438446
0.5262505412101746
0.30452069640159607
0.05998479947447777
0.5083310604095459
0.9863638877868652
0.056097786873579025
0.40927550196647644
0.07679480314254761
0.777308464050293
0.9830619096755981
0.28825879096984863
0.5430291295051575
0.03687847778201103
0.1266860067844391
0.5251972079277039
0.343200147151947
0.9274868369102478
0.6469908952713013
0.9315594434738159
0.6197186708450317
0.5461112260818481
0.6858434081077576
0.10364852100610733
0.6307819485664368
0.5172538161277771
0.6796739101409912
0.6080468893051147
0.3527553379535675
0.09517297893762589
0.8233773708343506
0.37029829621315
0.5289638042449951
0.531329870223999
0.05053102597594261
0.9334188103675842
0.3028038442134857
0.13133074343204498
0.9411254525184631
0.15137994289398193
0.1618807017803192
0.31039315462112427
0.4687463939189911
0.7672659158706665
0.8763390183448792
0.16601605713367462
0.551733672618866
0.04144192487001419
0.9539798498153687
0.873343825340271
0.7118817567825317
0.7343828082084656
0.6465612053871155
0.6500874161720276
0.7310794591903687
0.7193523049354553
0.6862968802452087
0.4468866288661957
0.7612722516059875
0.47425949573516846
0.47977063059806824
0.15342096984386444
0.6084185838699341
0.15234677493572235
0.5355842113494873
0.77336186170578
0.4474073350429535
0.2514059543609619
0.16516615450382233
0.19853024184703827
0.6590316891670227
0.9256263375282288
0.5795446038246155
0.5924427509307861
0.10222127288579941
0.13673296570777893
0.38612109422683716
0.10408148914575577
0.7340454459190369
0.009772750549018383
0.383627325296402
0.3093611001968384
0.13974341750144958
0.21157777309417725
0.4660314917564392
0.3049178123474121
0.39878368377685547
0.17411315441131592
0.02016899362206459
0.1792415827512741
0.5916651487350464
0.46826016902923584
0.9274011254310608
0.3127594292163849
0.8376064896583557
0.17483817040920258
0.985754668712616
0.23784536123275757
0.04626338928937912
0.3966069519519806
0.310990571975708
0.36117446422576904
0.6817329525947571
0.4226570427417755
0.25126612186431885
0.902431070804596
0.7698982954025269
0.9473915100097656
0.828896701335907
0.8445868492126465
0.7262153625488281
0.8998169898986816
0.07182984054088593
0.6104010343551636
0.7288474440574646
0.20791685581207275
0.30347466468811035
0.3852154314517975
0.6330058574676514
0.3311752676963806
0.7842212915420532
0.10578620433807373
0.5993421077728271
0.09854818135499954
0.33377376198768616
0.1861942708492279
0.956852912902832
0.4676821827888489
0.14556781947612762
0.39388591051101685
0.650401771068573
0.5141414403915405
0.025682074949145317
0.17621055245399475
0.5889379978179932
0.7157352566719055
0.021324479952454567
0.596176028251648
0.713162899017334
0.4748464822769165
0.8686978220939636
0.9567867517471313
0.040882714092731476
0.6927265524864197
0.0647868886590004
0.06156796216964722
0.039792969822883606
0.22563503682613373
0.679557204246521
0.3040107786655426
0.18936270475387573
0.5089244246482849
0.27613455057144165
0.02530362457036972
0.09629056602716446
0.25600045919418335
0.11599899083375931
0.7090706825256348
0.791305661201477
0.30193379521369934
0.32586073875427246
0.8203399181365967
0.4788499176502228
0.27139347791671753
0.9500373005867004
0.7400075793266296
0.24647408723831177
0.48867061734199524
0.3986239731311798
0.5772628784179688
0.6052281260490417
0.06303951889276505
0.7311158776283264
0.6265362501144409
0.7670376300811768
0.9692548513412476
0.27062878012657166
0.8832906484603882
0.30453261733055115
0.6847536563873291
0.008880536071956158
0.21841122210025787
0.8343362808227539
0.9925655722618103
0.204258531332016
0.33988046646118164
0.8566437363624573
0.005110872909426689
0.874597430229187
0.1001603826880455
0.8058082461357117
0.280107706785202
0.720032811164856
0.5727706551551819
0.6856427192687988
0.39387980103492737
0.2930081784725189
0.35850247740745544
0.8498663902282715
0.4912124276161194
0.41724562644958496
0.05170722305774689
0.8159360289573669
0.3252222537994385
0.9481648206710815
0.9049239754676819
0.3488936126232147
0.10643044114112854
0.06169052794575691
0.19332803785800934
0.06120607629418373
0.7102276682853699
0.18190644681453705
0.6764105558395386
0.15470673143863678
0.4608895480632782
0.6754148006439209
0.8254669904708862
0.11244843900203705
0.050859056413173676
0.4192098379135132
0.20815517008304596
0.7316604256629944
0.19724038243293762
0.02194325625896454
0.15169724822044373
0.6230980157852173
0.5878393054008484
0.8461073637008667
0.9790895581245422
0.4859125018119812
0.9706979393959045
0.0934455543756485
0.43375182151794434
0.4752125144004822
0.7564064860343933
0.23998261988162994
0.1089254692196846
0.7938457727432251
0.38449615240097046
0.982860267162323
0.1079762876033783
0.791675865650177
0.026919424533843994
0.3244658410549164
0.5478897094726562
0.9426622986793518
0.8454796671867371
0.05246829241514206
0.9738419651985168
0.2718967795372009
0.0686938539147377
0.17801468074321747
0.6969045996665955
0.5370315313339233
0.3994443714618683
0.49371904134750366
0.20228013396263123
0.6623760461807251
0.6383844017982483
0.9472364187240601
0.6219369769096375
0.18888334929943085
0.7884317636489868
0.048616599291563034
0.1158098578453064
0.3610129654407501
0.7496664524078369
0.5408110618591309
0.1280442625284195
0.33161208033561707
0.32103121280670166
0.6415546536445618
0.9617705941200256
0.836942195892334
0.3905237019062042
0.053221866488456726
0.546030580997467
0.9686592817306519
0.8874803185462952
0.7098150849342346
0.5116283893585205
0.2188187688589096
0.4818919003009796
0.8139714002609253
0.2928522527217865
0.8336551785469055
0.1501016467809677
0.5924734473228455
0.8327916264533997
0.2110525220632553
0.06745374947786331
0.4833349585533142
0.3933439552783966
0.5815909504890442
0.9989752173423767
0.30614346265792847
0.6926857829093933
0.435928076505661
0.9423808455467224
0.0662405714392662
0.6930984258651733
0.2389834076166153
0.4421955943107605
0.21886393427848816
0.6163759231567383
0.9220961332321167
0.6470005512237549
0.9986127018928528
0.08028493821620941
0.31172826886177063
0.5970144867897034
0.8648377060890198
0.4532194137573242
0.4770512580871582
0.6899891495704651
0.029225945472717285
0.8688234686851501
0.8544257879257202
0.738353967666626
0.5793347358703613
0.7196807265281677
0.9885669946670532
0.5041483640670776
0.7468208074569702
0.24771623313426971
0.2694770097732544
0.6416065692901611
0.5330613255500793
0.6783884167671204
0.3886750042438507
0.3094826340675354
0.9865416884422302
0.4527580440044403
0.8070019483566284
0.415968656539917
0.4889630675315857
0.6113206148147583
0.5402075052261353
0.47509533166885376
0.3920888602733612
0.27862441539764404
0.4795667231082916
0.9417819380760193
0.608273446559906
0.3000802993774414
0.14374636113643646
0.4040165841579437
0.5442537665367126
0.5397135019302368
0.3433450758457184
0.4695093333721161
0.25594252347946167
0.021609658375382423
0.5068620443344116
0.10250167548656464
0.5249680280685425
0.792465090751648
0.31897541880607605
0.10056779533624649
0.5984138250350952
0.88657146692276
0.960605263710022
0.9891446232795715
0.505345344543457
0.03565181791782379
0.9508687257766724
0.7277346849441528
0.7664052844047546
0.3003547489643097
0.7661411762237549
0.7493147850036621
0.010893590748310089
0.5271526575088501
0.4208042323589325
0.9795249104499817
0.47743284702301025
0.5976002216339111
0.24754686653614044
0.9341298341751099
0.6002631783485413
0.22565406560897827
0.2070319652557373
0.34568560123443604
0.14729832112789154
0.4047507345676422
0.46921953558921814
0.6148228645324707
0.4744755029678345
0.7464891076087952
0.6238712072372437
0.9542568325996399
0.42511802911758423
0.2834654450416565
0.23682540655136108
0.8698683977127075
0.869691014289856
0.6222438812255859
0.43324124813079834
0.7018822431564331
0.10971856117248535
0.5747321248054504
0.855654239654541
0.8220544457435608
0.6647670865058899
0.7097334265708923
0.31324902176856995
0.2039964646100998
0.5847119688987732
0.30457884073257446
0.3265763521194458
0.22889187932014465
0.349962055683136
0.9665857553482056
0.3412590026855469
0.3441306948661804
0.4440387487411499
0.24773858487606049
0.006736474111676216
0.5673660039901733
0.7408193349838257
0.25046104192733765
0.6479319334030151
0.4955753684043884
0.20592442154884338
0.3783775269985199
0.2669321596622467
0.6844227313995361
0.4448094964027405
0.8307002782821655
0.333467572927475
0.008857465349137783
0.9090823531150818
0.11507862061262131
0.3302396833896637
0.49846264719963074
0.005539166275411844
0.3489307463169098
0.687860369682312
0.2902854084968567
0.42077168822288513
0.3277147710323334
0.873227596282959
0.5189018249511719
0.41976398229599
0.9863549470901489
0.9803839325904846
0.4930049180984497
0.4756126403808594
0.23871579766273499
0.07606689631938934
0.6763787865638733
0.03026212379336357
0.9631108641624451
0.4664282202720642
0.502364993095398
0.8928104639053345
0.576034426689148
0.8431451320648193
0.7358273267745972
0.7544625401496887
0.8308703303337097
0.3510827422142029
0.4979417324066162
0.10424793511629105
0.9558231830596924
0.38067618012428284
0.3605387210845947
0.8931584358215332
0.5565434694290161
0.6966977119445801
0.1800157129764557
0.5814034342765808
0.434408962726593
0.32699963450431824
0.6945903301239014
0.3252667784690857
0.6177783012390137
0.45639368891716003
0.5192816853523254
0.4320778548717499
0.8073261380195618
0.5052013993263245
0.7527180910110474
0.37711647152900696
0.5396093130111694
0.3371115028858185
0.5798137784004211
0.6247681379318237
0.0340910404920578
0.41910284757614136
0.4695075452327728
0.08952568471431732
0.6192179918289185
0.4442805349826813
0.07689755409955978
0.5567008852958679
0.9332846999168396
0.2822110056877136
0.3404588997364044
0.5902312994003296
0.8883442282676697
0.6467134952545166
0.10965520888566971
0.5518060922622681
0.5203930139541626
0.4886752665042877
0.6495192050933838
0.09696366637945175
0.48464474081993103
0.344173401594162
0.5209903120994568
0.690504252910614
0.07496113330125809
0.27254071831703186
0.43610188364982605
0.827273428440094
0.7341663837432861
0.03896282613277435
0.08193450421094894
0.11219639331102371
0.08901797235012054
0.7090132832527161
0.4322238862514496
0.26583704352378845
0.42614421248435974
0.5943847298622131
0.5612820386886597
0.2421790212392807
0.3301832973957062
0.3451038897037506
0.9629635214805603
0.5245023965835571
0.48816725611686707
0.027336498722434044
0.7112935185432434
0.8882058262825012
0.5539897084236145
0.8721396327018738
0.6528653502464294
0.9837664365768433
0.9289495944976807
0.26815560460090637
0.637104868888855
0.37170615792274475
0.2796485722064972
0.18306773900985718
0.2445131093263626
0.6272263526916504
0.5790669918060303
0.6791014075279236
0.08996621519327164
0.424811989068985
0.16993921995162964
0.9323961734771729
0.9532858729362488
0.6705355048179626
0.6761239767074585
0.8135933876037598
0.427888423204422
0.21083906292915344
0.7082805037498474
0.48990142345428467
0.5395297408103943
0.6461736559867859
0.9073482155799866
0.9116635918617249
0.17368321120738983
0.6189126372337341
0.42420628666877747
0.265693336725235
0.5598320960998535
0.1319422870874405
0.8355457782745361
0.18036265671253204
0.22086556255817413
0.9271689653396606
0.5692071318626404
0.4107777178287506
0.766775906085968
0.7778016924858093
0.961669921875
0.42893269658088684
0.6114582419395447
0.9405761957168579
0.536665141582489
0.045484840869903564
0.387424111366272
0.7167559862136841
0.15266484022140503
0.12600165605545044
0.7524350881576538
0.9996863603591919
0.6337761878967285
0.4380980432033539
0.15062417089939117
0.9506044983863831
0.5212997198104858
0.9970497488975525
0.7046154141426086
0.8019092679023743
0.6924344897270203
0.7973206639289856
0.07403725385665894
0.47876542806625366
0.9477065205574036
0.1383291333913803
0.34367454051971436
0.37767699360847473
0.6016521453857422
0.005254337564110756
0.3855355381965637
0.2281624972820282
0.37271779775619507
0.37252694368362427
0.7021397948265076
0.9032904505729675
0.7317172884941101
0.08705999702215195
0.09679868817329407
0.5041728615760803
0.6992064714431763
0.16557782888412476
0.9953956604003906
0.6472042798995972
0.9585936665534973
0.3833903968334198
0.8267635703086853
0.0008771626744419336
0.8326658606529236
0.3684422969818115
0.47067296504974365
0.36342644691467285
0.5762208104133606
0.8967510461807251
0.6924082040786743
0.021637866273522377
0.581294596195221
0.8079977631568909
0.4608050286769867
0.8005524277687073
0.13537320494651794
0.8809072375297546
0.9264851808547974
0.8531910181045532
0.3370637595653534
0.3197929263114929
0.5223460793495178
0.19887198507785797
0.09429150819778442
0.5349723696708679
0.33199650049209595
0.9917085766792297
0.2604004442691803
0.7668010592460632
0.7047866582870483
0.8116970062255859
0.6331866979598999
0.35703909397125244
0.362297385931015
0.6032192707061768
0.06556735932826996
0.46204689145088196
0.3471721410751343
0.5774859189987183
0.6513392925262451
0.8622392416000366
0.6472663879394531
0.5468897819519043
0.029668612405657768
0.15098832547664642
0.9601583480834961
0.020972149446606636
0.8417251110076904
0.5979287028312683
0.020186983048915863
0.84664386510849
0.08719942718744278
0.753858208656311
0.5232287049293518
0.76747727394104
0.7662768363952637
0.8506184816360474
0.8710098266601562
0.7688055038452148
0.7699010372161865
0.34423261880874634
0.14035329222679138
0.9617371559143066
0.42272132635116577
0.048711612820625305
0.5204814672470093
0.5511600971221924
0.5476335883140564
0.832048773765564
0.3710262179374695
0.8625972270965576
0.23053494095802307
0.371665358543396
0.6475126147270203
0.32644712924957275
0.026063239201903343
0.47845393419265747
0.8585618734359741
0.5350621938705444
0.9358334541320801
0.9879756569862366
0.5891309976577759
0.9827747344970703
0.3016459345817566
0.37410497665405273
0.5590222477912903
0.7644246220588684
0.335166335105896
0.3830696940422058
0.1257081776857376
0.9188264012336731
0.5207440853118896
0.5349656939506531
0.1275118589401245
0.6070395708084106
0.8145615458488464
0.241938054561615
0.0701197162270546
0.8069470524787903
0.5882301330566406
0.2523292303085327
0.4237053692340851
0.0037908563390374184
0.7980713844299316
0.10998949408531189
0.5759505033493042
0.820770800113678
0.3327016532421112
0.591033935546875
0.8017330169677734
0.09656378626823425
0.9835269451141357
0.9041041731834412
0.04491894692182541
0.3231769800186157
0.5968705415725708
0.8531574010848999
0.45130643248558044
0.8879881501197815
0.05834638699889183
0.39565563201904297
0.1487482190132141
0.4131701588630676
0.04865698888897896
0.4178449511528015
0.19302408397197723
0.8649613857269287
0.7113838195800781
0.331061989068985
0.28392893075942993
0.5437074303627014
0.8592650890350342
0.2354866862297058
0.904249906539917
0.04281626269221306
0.5513235926628113
0.02556571550667286
0.10061746090650558
0.33520999550819397
0.0361206978559494
0.9898715019226074
0.47348320484161377
0.8546785116195679
0.4207667112350464
0.1779882162809372
0.009516981430351734
0.19710299372673035
0.5802088975906372
0.29846832156181335
0.7951301336288452
0.30910807847976685
0.22379758954048157
0.3089660704135895
0.29439830780029297
0.8105343580245972
0.450655072927475
0.19587726891040802
0.169816255569458
0.24180299043655396
0.9122337102890015
0.5149320363998413
0.8235498070716858
0.7653255462646484
0.20357954502105713
0.3614918291568756
0.17141523957252502
0.6819390654563904
0.6179990768432617
0.12857498228549957
0.6744883060455322
0.4379953145980835
0.057658784091472626
0.46426308155059814
0.06166734918951988
0.12406755983829498
0.5972734093666077
0.8771555423736572
0.2507607936859131
0.9942557215690613
0.9930418729782104
0.03977218270301819
0.3263011574745178
0.31336161494255066
0.19146448373794556
0.6770947575569153
0.1643289178609848
0.8920003175735474
0.9803062081336975
0.6117030382156372
0.9115098714828491
0.38196229934692383
0.8030681014060974
0.13591141998767853
0.08601924031972885
0.5194647908210754
0.48677170276641846
0.7066497802734375
0.5588082075119019
0.36023110151290894
0.7568569183349609
0.8464600443840027
0.4475615620613098
0.10955633968114853
0.05131486803293228
0.817103922367096
0.12963800132274628
0.018875494599342346
0.6698828935623169
0.08721041679382324
0.9294673204421997
0.7839402556419373
0.8800948858261108
0.3183910548686981
0.261300265789032
0.6883929371833801
0.38591820001602173
0.9296662211418152
0.20933851599693298
0.6503350734710693
0.763866662979126
0.4005111753940582
0.9280696511268616
0.18761616945266724
0.7940451502799988
0.7389478087425232
0.28756120800971985
0.12741927802562714
0.402108758687973
0.17545504868030548
0.6198232173919678
0.7705025672912598
0.8887022733688354
0.3765285313129425
0.35177505016326904
0.7087555527687073
0.03756238892674446
0.8596814274787903
0.9874802231788635
0.21827150881290436
0.34463930130004883
0.8491861820220947
0.6549503803253174
0.17334213852882385
0.9987130761146545
0.6227783560752869
0.8625274896621704
0.6810286641120911
0.5689316987991333
0.35613465309143066
0.17019832134246826
0.39341023564338684
0.5264262557029724
0.7093487977981567
0.931224524974823
0.29383954405784607
0.592342734336853
0.12993891537189484
0.07941360771656036
0.4934675991535187
0.16555581986904144
0.2242577224969864
0.6134207844734192
0.7532979846000671
0.04023169353604317
0.08762350678443909
0.017981508746743202
0.6204496622085571
0.7404007315635681
0.8057169914245605
0.4868635833263397
0.7904857993125916
0.01748388633131981
0.9497882127761841
0.4306228458881378
0.5551598072052002
0.9082946181297302
0.4906259775161743
0.6825951933860779
0.6074021458625793
0.4043135643005371
0.5777958035469055
0.17271772027015686
0.45989975333213806
0.15122948586940765
0.8505564332008362
0.3498501777648926
0.16662676632404327
0.45472249388694763
0.3067866861820221
0.3730699121952057
0.10971663147211075
0.09516368061304092
0.8243197798728943
0.0478893481194973
0.7019241452217102
0.49807384610176086
0.5559282302856445
0.48770445585250854
0.2817096412181854
0.18976622819900513
0.20014223456382751
0.26986175775527954
0.316461443901062
0.8028730154037476
0.9576274156570435
0.002414915943518281
0.5015650391578674
0.5027630925178528
0.9289746880531311
0.4088880717754364
0.34739798307418823
0.08273656666278839
0.5948362350463867
0.8413546085357666
0.21521326899528503
0.9281222820281982
0.9163087010383606
0.06553834676742554
0.8909923434257507
0.33381858468055725
0.201341450214386
0.6575179696083069
0.7040945887565613
0.44360390305519104
0.3112659156322479
0.8237738013267517
0.26153382658958435
0.6626418828964233
0.0747431218624115
0.18454258143901825
0.08349733054637909
0.2939620316028595
0.8995867371559143
0.36100584268569946
0.2663130462169647
0.37849366664886475
0.3081672787666321
0.025531107559800148
0.9191157817840576
0.36618050932884216
0.2489457130432129
0.4496798515319824
0.8302384614944458
0.8152293562889099
0.47563907504081726
0.8308917284011841
0.039371877908706665
0.24753253161907196
0.4455392360687256
0.6583938002586365
0.7414880394935608
0.37366804480552673
0.5704426169395447
0.4766762852668762
0.5738891363143921
0.9869126677513123
0.6228093504905701
0.8470248579978943
0.23514312505722046
0.47381848096847534
0.4289350211620331
0.9875325560569763
0.888858437538147
0.9028046727180481
0.9082523584365845
0.19088637828826904
0.22627782821655273
0.33117520809173584
0.8412537574768066
0.47442007064819336
0.8728026747703552
0.6947804093360901
0.13399668037891388
0.5670819282531738
0.6042313575744629
0.6069231629371643
0.846319854259491
0.5523229241371155
0.511565625667572
0.695719301700592
0.34383681416511536
0.4202633202075958
0.0044133709743618965
0.11174243688583374
0.7827889919281006
0.5646551847457886
0.8014364242553711
0.5471253395080566
0.8811489939689636
0.761362612247467
0.07576236128807068
0.9935045838356018
0.6735779047012329
0.4213932752609253
0.8840227127075195
0.7874329090118408
0.38140153884887695
0.33387818932533264
0.021954121068120003
0.7491066455841064
0.8664491176605225
0.5537407398223877
0.5159188508987427
0.019765261560678482
0.9398557543754578
0.17117342352867126
0.08663702011108398
0.7658580541610718
0.2149737924337387
0.9726306796073914
0.7618699669837952
0.7482985258102417
0.71124666929245
0.4702147841453552
0.5008150339126587
0.779977023601532
0.17270062863826752
0.5170433521270752
0.6291542053222656
0.37035104632377625
0.3926084637641907
0.639147937297821
0.9873180389404297
0.8515090346336365
0.20679551362991333
0.9808038473129272
0.004273397848010063
0.6422003507614136
0.940552294254303
0.6493202447891235
0.652111828327179
0.5921586155891418
0.7087506055831909
0.7794121503829956
0.29514211416244507
0.3593364953994751
0.26573559641838074
0.041806526482105255
0.7170537114143372
0.7931632399559021
0.9962357878684998
0.08704932034015656
0.336343914270401
0.5408530235290527
0.23639434576034546
0.11013519763946533
0.5208646655082703
0.967131495475769
0.7199695110321045
0.026462631300091743
0.6936447024345398
0.3859703242778778
0.896620512008667
0.934374213218689
0.2217925786972046
0.245045468211174
0.009241687133908272
0.28097596764564514
0.3569307029247284
0.8370195031166077
0.21205948293209076
0.5603958368301392
0.12141118198633194
0.8489807844161987
0.4044167995452881
0.0745357871055603
0.11337832361459732
0.9801245927810669
0.22711460292339325
0.6607027053833008
0.4556264281272888
0.4150610566139221
0.06580547243356705
0.6447317600250244
0.2341155707836151
0.527000904083252
0.5954553484916687
0.8344672918319702
0.561434268951416
0.05621417239308357
0.44936349987983704
0.8640338182449341
0.21001194417476654
0.3312382698059082
0.14318068325519562
0.592462420463562
0.0635509341955185
0.2615088224411011
0.3286495506763458
0.1329813152551651
0.6377654075622559
0.1309289038181305
0.03363895043730736
0.846206545829773
0.9963831901550293
0.05526508763432503
0.7942646741867065
0.6815153956413269
0.9796623587608337
0.9324327707290649
0.7138200998306274
0.9716436862945557
0.49614739418029785
0.6653066277503967
0.5548272132873535
0.6335427165031433
0.8365578651428223
0.7758250832557678
0.07679545134305954
0.31075263023376465
0.5460160374641418
0.7004626989364624
0.3926534652709961
0.5987551808357239
0.22457851469516754
0.9910487532615662
0.9908258318901062
0.29662656784057617
0.09813056886196136
0.8102385997772217
0.23858141899108887
0.6778698563575745
0.26817405223846436
0.1707424521446228
0.6147958636283875
0.25185397267341614
0.957724928855896
0.42241284251213074
0.021885313093662262
0.33009758591651917
0.7557808756828308
0.705762505531311
0.7154741883277893
0.6979197263717651
0.6892910003662109
0.9636589884757996
0.33859413862228394
0.9988141059875488
0.6371486186981201
0.9310630559921265
0.8981510400772095
0.8920037150382996
0.7832174897193909
0.972671627998352
0.9705780148506165
0.274594783782959
0.06474272906780243
0.6475986242294312
0.42192336916923523
0.6892174482345581
0.5057244896888733
0.7227923274040222
0.39687809348106384
0.842719554901123
0.612533450126648
0.9437888264656067
0.48090529441833496
0.08314584940671921
0.23728427290916443
0.5465354323387146
0.531413733959198
0.03527205064892769
0.7065584063529968
0.12278446555137634
0.9436851143836975
0.09158683568239212
0.07874206453561783
0.6762224435806274
0.17700326442718506
0.6308642625808716
0.2802289128303528
0.2637665271759033
0.15306754410266876
0.5759761929512024
0.6438400149345398
0.9632312655448914
0.49662378430366516
0.375031054019928
0.21266858279705048
0.10637505352497101
0.4479878544807434
0.32143059372901917
0.23566046357154846
0.09894000738859177
0.34040141105651855
0.8573703169822693
0.05024810880422592
0.5920233130455017
0.08176213502883911
0.9130709767341614
0.08468973636627197
0.07191216945648193
0.05116911232471466
0.2704683244228363
0.5982775688171387
0.5892236232757568
0.3635610342025757
0.885869026184082
0.5667496919631958
0.9204198122024536
0.8869832158088684
0.6258284449577332
0.48973602056503296
0.08718829602003098
0.5416195392608643
0.7004356384277344
0.7231892347335815
0.19238659739494324
0.4022551476955414
0.5178830623626709
0.014256170019507408
0.8234876394271851
0.045740459114313126
0.7600504159927368
0.6163075566291809
0.981012225151062
0.3468432128429413
0.703252911567688
0.5166952013969421
0.3692856431007385
0.47974246740341187
0.4510737359523773
0.29040178656578064
0.5275411605834961
0.8997451663017273
0.5289780497550964
0.3119086027145386
0.08027677983045578
0.24294042587280273
0.25997990369796753
0.04362664371728897
0.5765926241874695
0.7372225522994995
0.7327388525009155
0.3252105712890625
0.4394512474536896
0.06620148569345474
0.3432731628417969
0.8541834354400635
0.2859201729297638
0.9715777039527893
0.844877302646637
0.058668896555900574
0.24240708351135254
0.8234105110168457
0.35994380712509155
0.9799929261207581
0.46477165818214417
0.9747777581214905
0.9106634855270386
0.4061870276927948
0.1614789217710495
0.06595699489116669
0.7725144028663635
0.199186772108078
0.06483125686645508
0.6341919898986816
0.07049553096294403
0.7907779216766357
0.827267050743103
0.2995687425136566
0.5624117255210876
0.4501979351043701
0.29033738374710083
0.5722101926803589
0.729633092880249
0.10977239161729813
0.7121704816818237
0.6100295782089233
0.4955129325389862
0.04905885085463524
0.01571018248796463
0.3052700161933899
0.7496387958526611
0.24983759224414825
0.9110758900642395
0.47833535075187683
0.9815987348556519
0.9462249875068665
0.40338271856307983
0.011682429350912571
0.36450645327568054
0.9589666724205017
0.34904026985168457
0.03829553350806236
0.15356327593326569
0.9832194447517395
0.40659159421920776
0.3487322926521301
0.19153784215450287
0.8993608951568604
0.9048591256141663
0.09525105357170105
0.15643982589244843
0.8911539912223816
0.8603470921516418
0.7216129899024963
0.7927672863006592
0.49365168809890747
0.39491674304008484
0.6191744804382324
0.20586663484573364
0.17929215729236603
0.12871859967708588
0.9432910084724426
0.1369195282459259
0.26008933782577515
0.5086976885795593
0.63774573802948
0.5440745949745178
0.43264225125312805
0.3644660413265228
0.9385640621185303
0.5815712809562683
0.1927487701177597
0.8317505121231079
0.10973290354013443
0.5442824363708496
0.12002059072256088
0.7927797436714172
0.115289106965065
0.5290956497192383
0.553430438041687
0.22768442332744598
0.4280298352241516
0.723514199256897
0.07813378423452377
0.39423802495002747
0.8930365443229675
0.7703642845153809
0.5073826313018799
0.35382625460624695
0.4882142245769501
0.5331894159317017
0.751134991645813
0.057180605828762054
0.6367268562316895
0.8989315032958984
0.01091675739735365
0.02118179202079773
0.013487210497260094
0.2082085907459259
0.8295478224754333
0.06590639054775238
0.2046537697315216
0.8890659213066101
0.9826882481575012
0.2741861939430237
0.9923356175422668
0.6803662180900574
0.3561684787273407
0.9575011134147644
0.7399750351905823
0.5322272181510925
0.9709153771400452
0.5992770195007324
0.7477648854255676
0.30528777837753296
0.8922898173332214
0.3504401445388794
0.010796613991260529
0.38016974925994873
0.4343118667602539
0.8022610545158386
0.11977870017290115
0.811576783657074
0.8634768128395081
0.7728684544563293
0.5069012641906738
0.45149901509284973
0.17706558108329773
0.6803893446922302
0.14198550581932068
0.24778752028942108
0.8736191391944885
0.10642261058092117
0.968189537525177
0.4861752986907959
0.5125749707221985
0.8603993654251099
0.8795799016952515
0.4653612971305847
0.1765737384557724
0.49797365069389343
0.17709530889987946
0.9974600076675415
0.16811347007751465
0.9673337936401367
0.37774932384490967
0.10518322139978409
0.4368704855442047
0.14305895566940308
0.6057014465332031
0.7830457091331482
0.6009864807128906
0.9234715700149536
0.4359169900417328
0.1465671956539154
0.14424598217010498
0.4997372031211853
0.7620241045951843
0.7277397513389587
0.05183177813887596
0.7223637104034424
0.9596916437149048
0.0052062105387449265
0.3157336711883545
0.8159422278404236
0.748690128326416
0.033326156437397
0.25944969058036804
0.6374527812004089
0.04433717951178551
0.4876197278499603
0.1511470377445221
0.5230647325515747
0.9941728711128235
0.38535764813423157
0.9851812124252319
0.3357502818107605
0.4202998876571655
0.8218621611595154
0.8338802456855774
0.368683785200119
0.25173425674438477
0.44800981879234314
0.0024039489217102528
0.27660495042800903
0.620876133441925
0.588995099067688
0.07159621268510818
0.969566822052002
0.6828281283378601
0.6897364258766174
0.5069704055786133
0.6048313975334167
0.7951086163520813
0.42789918184280396
0.025455817580223083
0.14174269139766693
0.1053304448723793
0.3095459043979645
0.7445461750030518
0.8082697987556458
0.8049792051315308
0.47315332293510437
0.1795632392168045
0.03640768304467201
0.7431793212890625
0.9919630289077759
0.11156748980283737
0.9917599558830261
0.48669004440307617
0.2921863794326782
0.3247327208518982
0.9950153827667236
0.8838910460472107
0.1322646290063858
0.24378694593906403
0.07907386124134064
0.808296799659729
0.8779848217964172
0.552638053894043
0.7638305425643921
0.059610363095998764
0.2651665508747101
0.29927095770835876
0.510934591293335
0.1718703955411911
0.8309038877487183
0.36833319067955017
0.6793415546417236
0.9360837340354919
0.013128110207617283
0.33782583475112915
0.9955251216888428
0.5736342072486877
0.23882851004600525
0.9100850224494934
0.31065618991851807
0.08699031174182892
0.3787693977355957
0.563316822052002
0.459626168012619
0.03798425570130348
0.7540538311004639
0.19250550866127014
0.7666621804237366
0.3389108180999756
0.2386658936738968
0.8196340799331665
0.24797289073467255
0.39048120379447937
0.3139371871948242
0.7108802795410156
0.21782255172729492
0.024410389363765717
0.8942987322807312
0.4583527743816376
0.6019834876060486
0.9960753321647644
0.6823238730430603
0.06499138474464417
0.15428204834461212
0.04679001122713089
0.5909714102745056
0.8006528615951538
0.46254557371139526
0.40129393339157104
0.0802033543586731
0.9109771251678467
0.7817702889442444
0.13237448036670685
0.2720462679862976
0.5991753935813904
0.7930983304977417
0.04293639957904816
0.6733078956604004
0.0752377137541771
0.14953716099262238
0.5900589823722839
0.4460005462169647
0.2697414457798004
0.3864353597164154
0.8600707650184631
0.8725790977478027
0.5833247303962708
0.2983824610710144
0.5795747637748718
0.18588539958000183
0.36835333704948425
0.9415438175201416
0.6758755445480347
0.24620530009269714
0.8971790671348572
0.4849196672439575
0.03706016018986702
0.41247469186782837
0.06742992252111435
0.053385697305202484
0.5665121078491211
0.9432799816131592
0.6170468926429749
0.45889148116111755
0.9270070195198059
0.922264575958252
0.046909213066101074
0.41361668705940247
0.7667240500450134
0.6391068696975708
0.8864728212356567
0.6638982892036438
0.0672738179564476
0.5785629749298096
0.8327632546424866
0.8008641004562378
0.6965938210487366
0.2525216042995453
0.6410081386566162
0.18065287172794342
0.20623409748077393
0.5547972917556763
0.5618025660514832
0.2542671263217926
0.7710195183753967
0.03269176557660103
0.9639608263969421
0.04406612738966942
0.8846468329429626
0.8857375979423523
0.9301808476448059
0.9039813876152039
0.7235374450683594
0.2330171763896942
0.6822975277900696
0.7993764877319336
0.7270413637161255
0.9774147868156433
0.5136653780937195
0.7638494968414307
0.5941590070724487
0.19498340785503387
0.6753515005111694
0.3855873644351959
0.8808332681655884
0.2416793256998062
0.05674983933568001
0.6793341040611267
0.9315677881240845
0.9499801993370056
0.784402072429657
0.957325279712677
0.31477364897727966
0.23343098163604736
0.6161911487579346
0.24948477745056152
0.1441149115562439
0.6967118978500366
0.4842055141925812
0.8168003559112549
0.7440266609191895
0.3434070646762848
0.12687881290912628
0.16692763566970825
0.16194942593574524
0.616070568561554
0.19454248249530792
0.0049216533079743385
0.4090525209903717
0.19392259418964386
0.4245903491973877
0.6759986877441406
0.17934946715831757
0.9228549003601074
0.49319982528686523
0.11571379005908966
0.10455680638551712
0.8503484129905701
0.42788711190223694
0.1685519814491272
0.2563418745994568
0.00010671221389202401
0.41041991114616394
0.6887602806091309
0.47889935970306396
0.3507412374019623
0.1920258104801178
0.16937369108200073
0.41569772362709045
0.7839744687080383
0.05067559704184532
0.3194524049758911
0.013084148056805134
0.24159826338291168
0.05997319146990776
0.3725714683532715
0.9626293778419495
0.8276626467704773
0.5584163665771484
0.5803413391113281
0.37556275725364685
0.8720629215240479
0.798469066619873
0.5479460954666138
0.005776326172053814
0.19619114696979523
0.040600936859846115
0.693194568157196
0.6610461473464966
0.5111871361732483
0.3883432447910309
0.28800541162490845
0.5464178323745728
0.8418950438499451
0.5753299593925476
0.1577710211277008
0.006591595243662596
0.6308838725090027
0.033682938665151596
0.6693664789199829
0.4326727092266083
0.030134210363030434
0.6979767680168152
0.5075015425682068
0.08760767430067062
0.39980459213256836
0.06393785774707794
0.23058351874351501
0.0062539242208004
0.08671672642230988
0.2831912040710449
0.4430657923221588
0.7770805358886719
0.37897634506225586
0.2975901961326599
0.9224560260772705
0.9034309983253479
0.5468979477882385
0.2360542118549347
0.9528496265411377
0.3357410430908203
0.9521459937095642
0.7512520551681519
0.41779187321662903
0.6926767826080322
0.7087889313697815
0.09970790147781372
0.2044045776128769
0.33501821756362915
0.22070248425006866
0.42799216508865356
0.5879595279693604
0.1198401227593422
0.9998255968093872
0.7686383724212646
0.19538936018943787
0.9980917572975159
0.7746849060058594
0.9080511331558228
0.009061076678335667
0.7230382561683655
0.28894680738449097
0.30774128437042236
0.05675413832068443
0.8219043016433716
0.5644406676292419
0.8877888917922974
0.27458328008651733
0.5656620264053345
0.3179570138454437
0.19132186472415924
0.19169564545154572
0.331118643283844
0.2317519336938858
0.5063722133636475
0.7094252705574036
0.895015299320221
0.20494291186332703
0.008706284686923027
0.6129207611083984
0.11081595718860626
0.21524891257286072
0.15093080699443817
0.1321110874414444
0.1829645037651062
0.8365232944488525
0.1682327836751938
0.9266125559806824
0.005033825058490038
0.1242019310593605
0.4153901934623718
0.044793158769607544
0.47383224964141846
0.1486014872789383
0.9301630854606628
0.7416549921035767
0.9418147206306458
0.2843606472015381
0.6573556661605835
0.49725404381752014
0.12753911316394806
0.7125087976455688
0.41323187947273254
0.6345992684364319
0.020547345280647278
0.8971949815750122
0.7864546179771423
0.2926396131515503
0.014501314610242844
0.8794036507606506
0.9534458518028259
0.5671573281288147
0.3394154906272888
0.9737933278083801
0.8966724872589111
0.44598716497421265
0.7157987356185913
0.8320873379707336
0.512813150882721
0.7655386924743652
0.35136112570762634
0.3996128737926483
0.3285840153694153
0.918907880783081
0.5246235132217407
0.13824701309204102
0.8218435049057007
0.6000007390975952
0.7646734118461609
0.34824827313423157
0.41683250665664673
0.7375970482826233
0.9501368403434753
0.03930521011352539
0.7743797898292542
0.7760908007621765
0.8655497431755066
0.3088180124759674
0.9835209846496582
0.6409720182418823
0.16290025413036346
0.5709958076477051
0.2268989086151123
0.1292470246553421
0.40156808495521545
0.6222495436668396
0.4768703877925873
0.911709725856781
0.629216194152832
0.6890720725059509
0.22861970961093903
0.3789258599281311
0.258207768201828
0.7960130572319031
0.09429154545068741
0.9252526760101318
0.44416120648384094
0.9424157738685608
0.7174949049949646
0.1293630450963974
0.5039758682250977
0.02530481480062008
0.9177917242050171
0.3247479200363159
0.09367436915636063
0.7215500473976135
0.7076026201248169
0.5702913403511047
0.9926459789276123
0.7030998468399048
0.13891983032226562
0.37808457016944885
0.607428789138794
0.8782047629356384
0.7713334560394287
0.23520033061504364
0.21327035129070282
0.38554760813713074
0.008123299106955528
0.9232880473136902
0.6516018509864807
0.14148220419883728
0.40267547965049744
0.8625883460044861
0.7199418544769287
0.5951566696166992
0.8267945647239685
0.5516237616539001
0.887860894203186
0.26645395159721375
0.3061855435371399
0.9635033011436462
0.2588920593261719
0.2959180176258087
0.1092020571231842
0.8423885107040405
0.5173953771591187
0.10142091661691666
0.025291655212640762
0.4869658946990967
0.49345162510871887
0.40746644139289856
0.952839195728302
0.9714112281799316
0.3194708228111267
0.8761657476425171
0.11892309784889221
0.8410831689834595
0.3975529074668884
0.20640429854393005
0.8846235275268555
0.07406628876924515
0.7494434118270874
0.8231465220451355
0.16590271890163422
0.7418947815895081
0.2582646310329437
0.9365541934967041
0.35661861300468445
0.24143189191818237
0.12311950325965881
0.4843377470970154
0.16604100167751312
0.7072340846061707
0.046702850610017776
0.4411255121231079
0.6828279495239258
0.964592456817627
0.2193409651517868
0.3641006052494049
0.11395416408777237
0.9298720359802246
0.912844717502594
0.8334832191467285
0.3222385048866272
0.6776091456413269
0.616418719291687
0.684475302696228
0.864937961101532
0.2751161456108093
0.08677397668361664
0.7606548070907593
0.07394955307245255
0.7297647595405579
0.5217977166175842
0.6525406241416931
0.12848185002803802
0.4624576270580292
0.9835355281829834
0.8847751021385193
0.7281918525695801
0.9737789034843445
0.012873580679297447
0.07871042937040329
0.8852341175079346
0.6615452170372009
0.18499353528022766
0.012336387299001217
0.10442698001861572
0.28520721197128296
0.3548118472099304
0.8312647342681885
0.5667876601219177
0.4596703052520752
0.9457247853279114
0.8819229006767273
0.4458942711353302
0.1208074539899826
0.5779062509536743
0.6293123364448547
0.68617844581604
0.7412173748016357
0.6136214137077332
0.24708957970142365
0.09201593697071075
0.44106510281562805
0.2723109722137451
0.37245768308639526
0.3348527252674103
0.9536889791488647
0.3938203454017639
0.7541529536247253
0.4839019775390625
0.6390259265899658
0.4937373399734497
0.3332604765892029
0.9740810394287109
0.29992833733558655
0.6402740478515625
0.46230098605155945
0.11973364651203156
0.6693546772003174
0.8256001472473145
0.650016725063324
0.7000494599342346
0.1292751580476761
0.960394024848938
0.9694002866744995
0.8745506405830383
0.7698450088500977
0.9639682769775391
0.8791831731796265
0.9385374188423157
0.7038751244544983
0.6370574235916138
0.4487616717815399
0.8266512751579285
0.9199072122573853
0.5556932091712952
0.8280906081199646
0.5274122357368469
0.06149392947554588
0.747228741645813
0.29607290029525757
0.20527371764183044
0.3734160363674164
0.1268109232187271
0.5413542985916138
0.1300407350063324
0.37506383657455444
0.5581386089324951
0.9601916074752808
0.47494056820869446
0.6026431322097778
0.48586979508399963
0.02670217677950859
0.43737590312957764
0.20472578704357147
0.6745099425315857
0.3439877927303314
0.40060776472091675
0.29868680238723755
0.5837323665618896
0.03028329461812973
0.7153880000114441
0.41449448466300964
0.4366774559020996
0.1533033698797226
0.07545764744281769
0.2249656766653061
0.25349557399749756
0.6414226293563843
0.28294679522514343
0.06428449600934982
0.8906192779541016
0.5652347207069397
0.25670382380485535
0.9107270836830139
0.44596707820892334
0.3812966048717499
0.6024976968765259
0.6787176132202148
0.41338324546813965
0.7741037607192993
0.699638307094574
0.5294705629348755
0.8887202143669128
0.4694686233997345
0.4568580687046051
0.03127739578485489
0.7111492156982422
0.511078417301178
0.042361848056316376
0.7907311320304871
0.4554119110107422
0.7887057065963745
0.503006637096405
0.9200941920280457
0.26605889201164246
0.5227125287055969
0.6515346169471741
0.8692665100097656
0.0027909446507692337
0.14496709406375885
0.577280580997467
0.4428056478500366
0.8490236401557922
0.4649960994720459
0.7323088645935059
0.47222211956977844
0.7659111618995667
0.4147889316082001
0.7031023502349854
0.14996078610420227
0.0824587419629097
0.9015117883682251
0.40466469526290894
0.5090944170951843
0.883594274520874
0.09207837283611298
0.41235971450805664
0.5267897248268127
0.9914835691452026
0.4969031512737274
0.37208402156829834
0.7279435396194458
0.05145641043782234
0.6968605518341064
0.16471600532531738
0.729659914970398
0.026997940614819527
0.7330438494682312
0.8849327564239502
0.2644954025745392
0.8094267249107361
0.3547825515270233
0.8913273215293884
0.46424809098243713
0.37038567662239075
0.7865914106369019
0.42949461936950684
0.4556541442871094
0.5891704559326172
0.31980735063552856
0.10038469731807709
0.7794341444969177
0.6233041882514954
0.04419388249516487
0.7809032201766968
0.7996707558631897
0.41799038648605347
0.08345095813274384
0.8312735557556152
0.9559323787689209
0.08645368367433548
0.8680420517921448
0.00985995028167963
0.5302850008010864
0.9801350831985474
0.9609670042991638
0.09097771346569061
0.655167281627655
0.30714157223701477
0.1915295422077179
0.7996108531951904
0.033591050654649734
0.26446476578712463
0.4446803331375122
0.4899071455001831
0.4542844295501709
0.8727313280105591
0.22068659961223602
0.5279538631439209
0.7558040618896484
0.3872588574886322
0.9590217471122742
0.005277940537780523
0.17539848387241364
0.25847598910331726
0.27787497639656067
0.8785223364830017
0.24159114062786102
0.3334314525127411
0.4435023367404938
0.3024582266807556
0.5325224995613098
0.7316014170646667
0.6495487093925476
0.799474835395813
0.6218225359916687
0.8107746243476868
0.4701107442378998
0.15516719222068787
0.5692567229270935
0.64829021692276
0.9710155129432678
0.47376900911331177
0.9290362596511841
0.2276543825864792
0.2073638141155243
0.05084706097841263
0.20069044828414917
0.2997758388519287
0.5423559546470642
0.3628416955471039
0.9033644795417786
0.9430366158485413
0.25749632716178894
0.8184396028518677
0.04215872287750244
0.008123151957988739
0.49758481979370117
0.98179692029953
0.5542688965797424
0.06815820187330246
0.5811031460762024
0.7610265612602234
0.218704953789711
0.3588115870952606
0.13534776866436005
0.453136682510376
0.32430770993232727
0.39750251173973083
0.17441819608211517
0.658328115940094
0.679402232170105
0.25292953848838806
0.9497812986373901
0.3514910638332367
0.6961846351623535
0.28241345286369324
0.8864499926567078
0.6515787243843079
0.23213249444961548
0.2467232197523117
0.37889307737350464
0.07361701130867004
0.4225783050060272
0.8938514590263367
0.3248198926448822
0.5529112815856934
0.8834943175315857
0.47203943133354187
0.8238021731376648
0.2183392494916916
0.33250677585601807
0.11530260741710663
0.13099126517772675
0.03904109448194504
0.0833582803606987
0.8317570090293884
0.5063544511795044
0.7281039953231812
0.8049324750900269
0.8836719393730164
0.8070034384727478
0.35538291931152344
0.007437258493155241
0.02224544622004032
0.036636948585510254
0.2626761496067047
0.7391932606697083
0.25538378953933716
0.4519675076007843
0.6194109320640564
0.46658942103385925
0.6995148062705994
0.5857202410697937
0.2269807606935501
0.389029860496521
0.6371909976005554
0.21055495738983154
0.5910211205482483
0.34140923619270325
0.9324204325675964
0.26064959168434143
0.7693356275558472
0.024630354717373848
0.4868032932281494
0.6431674957275391
0.699463427066803
0.442675918340683
0.9383783936500549
0.6155036687850952
0.3318478465080261
0.1393945813179016
0.33490124344825745
0.8176223039627075
0.2686009109020233
0.7050284743309021
0.1684430092573166
0.9488886594772339
0.12757745385169983
0.1040559634566307
0.6189770102500916
0.28544434905052185
0.4424113929271698
0.12237917631864548
0.2889167070388794
0.7266988158226013
0.3447049856185913
0.8675887584686279
0.5591433644294739
0.4816509783267975
0.6239582300186157
0.4949150085449219
0.5476486682891846
0.8350500464439392
0.5775735974311829
0.6932598948478699
0.40537941455841064
0.8572835326194763
0.8088498711585999
0.29409492015838623
0.20312555134296417
0.3978823721408844
0.3647408187389374
0.547537088394165
0.8899523019790649
0.976837694644928
0.0808795616030693
0.34036603569984436
0.664570689201355
0.6552104949951172
0.06139295548200607
0.4834769666194916
0.5573800802230835
0.31906241178512573
0.37663307785987854
0.6406571865081787
0.4418589770793915
0.12696421146392822
0.8513341546058655
0.9255353808403015
0.744903028011322
0.5499781370162964
0.1607692986726761
0.7684386372566223
0.7904175519943237
0.9960103034973145
0.6015928983688354
0.9211533665657043
0.4711780548095703
0.07084479182958603
0.6691303253173828
0.014304433949291706
0.41317126154899597
0.4827965795993805
0.1267000287771225
0.9141063690185547
0.5031511783599854
0.10620558261871338
0.6500205993652344
0.5695862770080566
0.7639029622077942
0.8722196221351624
0.4393208920955658
0.031403422355651855
0.8660882711410522
0.8426744341850281
0.2029888778924942
0.717944860458374
0.1811748445034027
0.6873689293861389
0.5811388492584229
0.6455854773521423
0.20700551569461823
0.6328279376029968
0.5721015930175781
0.6267483234405518
0.9701934456825256
0.4240144193172455
0.9751088619232178
0.23336736857891083
0.35214152932167053
0.08233470469713211
0.041025687009096146
0.9248258471488953
0.410302072763443
0.6936550140380859
0.6722877025604248
0.6291087865829468
0.7752766609191895
0.10737872868776321
0.408481240272522
0.2513326406478882
0.11897370964288712
0.19269467890262604
0.4496214985847473
0.27060410380363464
0.5064257979393005
0.8457531929016113
0.6166480779647827
0.903172492980957
0.6582249999046326
0.649857223033905
0.5569929480552673
0.9200781583786011
0.3156644105911255
0.5850803852081299
0.5018618106842041
0.7964984178543091
0.15698325634002686
0.2843928337097168
0.6647177934646606
0.9534513354301453
0.25799185037612915
0.5686475038528442
0.04525001347064972
0.7290772199630737
0.5127232670783997
0.7808741927146912
0.4184650778770447
0.3827626705169678
0.8276939988136292
0.7745475172996521
0.33699026703834534
0.40193164348602295
0.07725245505571365
0.5326218008995056
0.21562638878822327
0.20760996639728546
0.07597767561674118
0.042275287210941315
0.2512438893318176
0.2989301383495331
0.8710016012191772
0.13098904490470886
0.7783110737800598
0.016563257202506065
0.056048739701509476
0.7560901641845703
0.8791388869285583
0.5596379041671753
0.2951126992702484
0.7923561334609985
0.21131274104118347
0.9640781283378601
0.826607346534729
0.3128329813480377
0.9283843040466309
0.9599971771240234
0.9492106437683105
0.8727946877479553
0.48308414220809937
0.9064218997955322
0.9577017426490784
0.008056518621742725
0.5059506893157959
0.7425728440284729
0.3275578022003174
0.564380407333374
0.8057330846786499
0.777016282081604
0.2018069475889206
0.11911650747060776
0.145213320851326
0.6886455416679382
0.8437237739562988
0.4368645250797272
0.8255006074905396
0.30289536714553833
0.27108460664749146
0.440176784992218
0.13844053447246552
0.1737564355134964
0.5979100465774536
0.7058145999908447
0.7142515182495117
0.7125009894371033
0.42634937167167664
0.7579023241996765
0.208272784948349
0.5219219923019409
0.6462069153785706
0.5060792565345764
0.5756427049636841
0.4929797053337097
0.18827125430107117
0.18603992462158203
0.6957003474235535
0.039754223078489304
0.863068163394928
0.24058318138122559
0.18598641455173492
0.4805344343185425
0.5458210110664368
0.5043492913246155
0.15504205226898193
0.9503711462020874
0.14711207151412964
0.8371891379356384
0.7888906002044678
0.5138542056083679
0.6536446213722229
0.42011478543281555
0.22332501411437988
0.6519705057144165
0.8521845936775208
0.815825879573822
0.05182771757245064
0.9407647848129272
0.2730705440044403
0.3084605038166046
0.07675241678953171
0.5680301785469055
0.3896474540233612
0.7759890556335449
0.08505894243717194
0.12528455257415771
0.8775159120559692
0.3811318576335907
0.31312888860702515
0.42205503582954407
0.64719557762146
0.8145026564598083
0.15833209455013275
0.9657280445098877
0.5081367492675781
0.21343551576137543
0.6412804126739502
0.3774779438972473
0.5964691042900085
0.8378216624259949
0.9142139554023743
0.12465750426054001
0.2161937803030014
0.8293390274047852
0.8324355483055115
0.895279586315155
0.20484843850135803
0.6172778010368347
0.7247372269630432
0.4868444502353668
0.28179365396499634
0.07617148756980896
0.6123547554016113
0.39926743507385254
0.20023909211158752
0.31265971064567566
0.12282590568065643
0.3898616135120392
0.4166969358921051
0.20445744693279266
0.8925430774688721
0.738714873790741
0.4961666464805603
0.2083115130662918
0.6718859672546387
0.6438648700714111
0.7761826515197754
0.13807980716228485
0.9665518403053284
0.5948423147201538
0.3054215908050537
0.7118542194366455
0.3428730070590973
0.22229982912540436
0.9382197260856628
0.7050845623016357
0.11480867117643356
0.49133095145225525
0.10147344321012497
0.3017598092556
0.4343939423561096
0.21046164631843567
0.5654245615005493
0.8819769620895386
0.09420200437307358
0.5909628868103027
0.4838460087776184
0.5457155108451843
0.3331088125705719
0.38548529148101807
0.47307899594306946
0.6177171468734741
0.39768826961517334
0.980060338973999
0.30262818932533264
0.5528558492660522
0.2555336356163025
0.43447405099868774
0.3752037286758423
0.7169405817985535
0.5965955853462219
0.8189095854759216
0.590505838394165
0.3104921877384186
0.6005933880805969
0.5621986389160156
0.22023947536945343
0.948688268661499
0.5052302479743958
0.6568394303321838
0.6850631833076477
0.7340283393859863
0.32674428820610046
0.8936283588409424
0.8266245722770691
0.02543468587100506
0.07242138683795929
0.8117181658744812
0.07373116165399551
0.5169346332550049
0.5384151935577393
0.6724612712860107
0.06283196806907654
0.9975172877311707
0.002118484815582633
0.4228886663913727
0.35666823387145996
0.3102225959300995
0.9640856385231018
0.7826440334320068
0.2847394049167633
0.44066858291625977
0.6360961198806763
0.7138203978538513
0.48861265182495117
0.13439008593559265
0.33202263712882996
0.7308441400527954
0.7517824769020081
0.10628683865070343
0.46063607931137085
0.1748380959033966
0.9589293599128723
0.10738100111484528
0.6564276218414307
0.4391099810600281
0.3641660213470459
0.8934796452522278
0.0739196166396141
0.4630250334739685
0.3951397240161896
0.21423323452472687
0.15987996757030487
0.48624858260154724
0.18349705636501312
0.6429283618927002
0.06948588788509369
0.22233125567436218
0.9789718985557556
0.7986152768135071
0.09497728198766708
0.8770701289176941
0.47133857011795044
0.9412415027618408
0.3918323814868927
0.9534825086593628
0.15819625556468964
0.9230175018310547
0.31073057651519775
0.7077050805091858
0.8741512298583984
0.9358637928962708
0.41543006896972656
0.7127178907394409
0.9352489113807678
0.4752015769481659
0.0007517180638387799
0.9797794818878174
0.3501755893230438
0.01034687552601099
0.8673142790794373
0.6790159344673157
0.8348757028579712
0.4542730748653412
0.12883780896663666
0.34414973855018616
0.8554781079292297
0.5996814966201782
0.8989126086235046
0.09518106281757355
0.7313807606697083
0.4913950264453888
0.8030387759208679
0.5625449419021606
0.002373183611780405
0.19498185813426971
0.4090432822704315
0.4907863140106201
0.2044799029827118
0.13921229541301727
0.6391324400901794
0.17545774579048157
0.5170305967330933
0.6411309242248535
0.5228610038757324
0.39241260290145874
0.8693858981132507
0.051825981587171555
0.684428870677948
0.7430729269981384
0.26580148935317993
0.823390543460846
0.14080359041690826
0.571101725101471
0.6354723572731018
0.36931148171424866
0.7615757584571838
0.7470681071281433
0.0656191036105156
0.7488008141517639
0.6929485201835632
0.3977356255054474
0.5319007039070129
0.0031566505786031485
0.0327400304377079
0.6252903938293457
0.572532594203949
0.8844720125198364
0.3462503254413605
0.8829321265220642
0.19251109659671783
0.6744856238365173
0.5999932885169983
0.7489511370658875
0.23178696632385254
0.724748432636261
0.8295221924781799
0.9522689580917358
0.6086947917938232
0.7757759690284729
0.21625104546546936
0.40015530586242676
0.34513169527053833
0.3212452530860901
0.5548495054244995
0.900691032409668
0.9469792246818542
0.6900908946990967
0.9674832224845886
0.6593766212463379
0.3444790840148926
0.0687180683016777
0.491110622882843
0.6327306628227234
0.6401515603065491
0.9909536838531494
0.3255986273288727
0.7011939883232117
0.1552809476852417
0.7414634823799133
0.31585919857025146
0.5306317210197449
0.497547447681427
0.8727714419364929
0.675491213798523
0.577697217464447
0.33615654706954956
0.37440025806427
0.5078094601631165
0.8518191576004028
0.8735133409500122
0.8589662313461304
0.5182504653930664
0.08907568454742432
0.46926310658454895
0.3119290769100189
0.7684210538864136
0.07525981962680817
0.733677327632904
0.03062942996621132
0.21268519759178162
0.6923214793205261
0.8012176752090454
0.3663139343261719
0.7663878798484802
0.8838638067245483
0.3681301772594452
0.4611055850982666
0.9131508469581604
0.19942998886108398
0.6259283423423767
0.562714695930481
0.4568847715854645
0.6284351944923401
0.9035910964012146
0.0037465125788003206
0.36277684569358826
0.019232317805290222
0.459457129240036
0.7063301205635071
0.9015136957168579
0.5007425546646118
0.9245514869689941
0.4858555793762207
0.6105161905288696
0.9191436767578125
0.9127993583679199
0.998058557510376
0.7869766354560852
0.1289362907409668
0.0716463103890419
0.9094268679618835
0.39258018136024475
0.7496708035469055
0.7763039469718933
0.2126784771680832
0.17152617871761322
0.6142038106918335
0.5501177906990051
0.6222735643386841
0.927306592464447
0.6546489000320435
0.4662368893623352
0.24510718882083893
0.4488696753978729
0.07243838906288147
0.3053642213344574
0.9927781224250793
0.3921600580215454
0.03848832845687866
0.7766473293304443
0.19132857024669647
0.6004535555839539
0.9958181977272034
0.6189271211624146
0.9088240265846252
0.07411026209592819
0.751815140247345
0.1298825591802597
0.4141855835914612
0.1387304812669754
0.44394299387931824
0.4682731330394745
0.638502299785614
0.521766185760498
0.5874999761581421
0.7993589043617249
0.10865567624568939
0.24625924229621887
0.36207473278045654
0.5937974452972412
0.22641627490520477
0.2566682994365692
0.5305992364883423
0.787992000579834
0.5656977891921997
0.8064916729927063
0.3831937611103058
0.8965111970901489
0.11585450917482376
0.7236382365226746
0.9564011096954346
0.9688310027122498
0.3991999924182892
0.1930304318666458
0.9810224771499634
0.818428099155426
0.4167777895927429
0.15849527716636658
0.169290229678154
0.1340894252061844
0.4704478681087494
0.36880937218666077
0.2915232181549072
0.5773259401321411
0.28222790360450745
0.45079439878463745
0.9803476333618164
0.4601922929286957
0.12139582633972168
0.8822226524353027
0.8665140271186829
0.9471727609634399
0.5416237115859985
0.23994100093841553
0.13250793516635895
0.3283005952835083
0.22017556428909302
0.12587004899978638
0.13019102811813354
0.4114445745944977
0.07430397719144821
0.43920794129371643
0.6208015084266663
0.8060882091522217
0.9539034962654114
0.5206450819969177
0.4014888405799866
0.08335617929697037
0.4367876648902893
0.42895230650901794
0.41745737195014954
0.792091429233551
0.8159877061843872
0.3057785630226135
0.3742715120315552
0.7018079161643982
0.6780669093132019
0.8157100677490234
0.39135855436325073
0.07700135558843613
0.9952095746994019
0.7889015078544617
0.8739420771598816
0.5033560395240784
0.7223052978515625
0.9137219786643982
0.8517126441001892
0.39093124866485596
0.6768363118171692
0.5078996419906616
0.06898736208677292
0.3462993800640106
0.7493462562561035
0.6786667108535767
0.5001958608627319
0.44270816445350647
0.9221749305725098
0.3237992823123932
0.8010057210922241
0.43256622552871704
0.13164354860782623
0.539700984954834
0.5758153200149536
0.9461827278137207
0.18646886944770813
0.16494160890579224
0.7617887854576111
0.7893592119216919
0.7113671898841858
0.2806495726108551
0.830717146396637
0.34047067165374756
0.17818710207939148
0.46552446484565735
0.6054214239120483
0.17255902290344238
0.46775609254837036
0.9551620483398438
0.8667123317718506
0.9619496464729309
0.5089070796966553
0.7577852606773376
0.06848420947790146
0.21044130623340607
0.5448520183563232
0.9820289015769958
0.14286558330059052
0.30469271540641785
0.2652176022529602
0.3377401530742645
0.818444550037384
0.13769935071468353
0.35453107953071594
0.5326847434043884
0.9106913208961487
0.0031776963733136654
0.2216036170721054
0.12490751594305038
0.6186687350273132
0.26991552114486694
0.2961314618587494
0.4576473832130432
0.4738748371601105
0.28306975960731506
0.34842488169670105
0.1382439136505127
0.5445513725280762
0.27179408073425293
0.3110380470752716
0.1990697830915451
0.2290184646844864
0.7154070734977722
0.4687994718551636
0.4634435176849365
0.3091195225715637
0.5164877772331238
0.8407642841339111
0.772166907787323
0.5890872478485107
0.3942049741744995
0.7253766655921936
0.897739052772522
0.7555254697799683
0.5038381814956665
0.25491592288017273
0.6997966170310974
0.6781261563301086
0.4457075595855713
0.8030438423156738
0.11212818324565887
0.04169772192835808
0.40846821665763855
0.24391628801822662
0.11795802414417267
0.17696937918663025
0.1940050721168518
0.12163046002388
0.10123459249734879
0.677577793598175
0.8547362089157104
0.3860386312007904
0.8554959297180176
0.6255020499229431
0.4327804744243622
0.788068413734436
0.6437055468559265
0.4094673693180084
0.41157370805740356
0.6702615022659302
0.864208459854126
0.671970784664154
0.5549383163452148
0.29100272059440613
0.5150752663612366
0.9196018576622009
0.7932502627372742
0.06328559666872025
0.5347642302513123
0.44969308376312256
0.04376797378063202
0.9009179472923279
0.2440139353275299
0.49703100323677063
0.8246949315071106
0.24666762351989746
0.970324695110321
0.8637815117835999
0.0030512111261487007
0.7769753336906433
0.8671382069587708
0.3618488907814026
0.13606904447078705
0.254733145236969
0.39987003803253174
0.6228035092353821
0.7827620506286621
0.8419578671455383
0.842639148235321
0.010404248721897602
0.3674508035182953
0.3954065144062042
0.9596748948097229
0.08329370617866516
0.42526498436927795
0.7899484634399414
0.17795433104038239
0.972571849822998
0.9100186228752136
0.3427293002605438
0.7844800353050232
0.7296102643013
0.418985515832901
0.5761411190032959
0.9836126565933228
0.4281458258628845
0.4064333140850067
0.4092603325843811
0.25798314809799194
0.5061566829681396
0.1423921287059784
0.24231749773025513
0.39287063479423523
0.19548137485980988
0.5867956280708313
0.6273232698440552
0.16620317101478577
0.8817529678344727
0.2436244785785675
0.11893418431282043
0.4156171381473541
0.8998021483421326
0.5643138885498047
0.345314621925354
0.08774065971374512
0.025348613038659096
0.2546561360359192
0.8070933222770691
0.4723338484764099
0.7974026203155518
0.38108834624290466
0.18642738461494446
0.5273054838180542
0.8395586609840393
0.060532089322805405
0.7259816527366638
0.04709034785628319
0.5209839344024658
0.1778368502855301
0.47696149349212646
0.2026975005865097
0.11376628279685974
0.8244366645812988
0.5188052654266357
0.20257854461669922
0.31678181886672974
0.5929113030433655
0.44111165404319763
0.009099261835217476
0.0687389075756073
0.9545376300811768
0.90162193775177
0.9622769355773926
0.22109569609165192
0.5723519921302795
0.9327846765518188
0.5815350413322449
0.6160197854042053
0.8352786302566528
0.28115880489349365
0.33340877294540405
0.912428617477417
0.5096731185913086
0.8474028706550598
0.7690249085426331
0.0154393520206213
0.1904662400484085
0.3815428912639618
0.7626588344573975
0.8199712634086609
0.4889979064464569
0.7378003001213074
0.5340461730957031
0.6306673884391785
0.8384209871292114
0.0420244038105011
0.08371427655220032
0.14438803493976593
0.264358788728714
0.850655198097229
0.3557569980621338
0.17964012920856476
0.9570315480232239
0.011552033945918083
0.1782231479883194
0.13925406336784363
0.27342164516448975
0.715427577495575
0.459365576505661
0.7896607518196106
0.5775896906852722
0.07213862240314484
0.1789814531803131
0.5083937048912048
0.5108259916305542
0.8473129272460938
0.6824856400489807
0.3897419571876526
0.2928639054298401
0.24127553403377533
0.1352875530719757
0.27658355236053467
0.974661111831665
0.9869406223297119
0.418766051530838
0.20592746138572693
0.5853348970413208
0.8120068311691284
0.34853222966194153
0.8700900077819824
0.11623067408800125
0.755449116230011
0.17934682965278625
0.8943254947662354
0.5194629430770874
0.8071064949035645
0.32928046584129333
0.7768723368644714
0.4842531681060791
0.9542450308799744
0.7680432200431824
0.6030097603797913
0.37003064155578613
0.9931139945983887
0.37785404920578003
0.8599318265914917
0.9914228320121765
0.6879730224609375
0.379065603017807
0.9791252613067627
0.5377219915390015
0.48352450132369995
0.38848966360092163
0.2546238899230957
0.42712637782096863
0.15998360514640808
0.6850435137748718
0.6956748962402344
0.9200482368469238
0.6770499348640442
0.7595397233963013
0.7636545896530151
0.552361249923706
0.5443941950798035
0.5176520943641663
0.1724652349948883
0.3644367456436157
0.08601237088441849
0.5404298305511475
0.5393182039260864
0.35422202944755554
0.1226256713271141
0.5537896752357483
0.5174989700317383
0.26431694626808167
0.48236387968063354
0.9113860130310059
0.9721407294273376
0.7999727129936218
0.8281946182250977
0.009859512560069561
0.7674151062965393
0.06920597702264786
0.6716781854629517
0.12039422243833542
0.8856917023658752
0.2377227544784546
0.06879234313964844
0.27661341428756714
0.47939708828926086
0.2833387553691864
0.26687341928482056
0.1619904637336731
0.8768424987792969
0.49324992299079895
0.27539193630218506
0.03235086053609848
0.6351272463798523
0.3748496472835541
0.050526704639196396
0.24534308910369873
0.7746573090553284
0.3111972510814667
0.37695449590682983
0.9269100427627563
0.5587019920349121
0.18969185650348663
0.33602994680404663
0.5507022738456726
0.8569015860557556
0.22235162556171417
0.3099476993083954
0.4846782684326172
0.21856427192687988
0.19772092998027802
0.5776228308677673
0.37381887435913086
0.1788463145494461
0.8112999200820923
0.7282477021217346
0.528580367565155
0.00240928097628057
0.51887047290802
0.4701409339904785
0.61068195104599
0.5183625817298889
0.8271729350090027
0.2971688508987427
0.026509512215852737
0.5854467749595642
0.9703351259231567
0.6607543230056763
0.6628584861755371
0.7454550266265869
0.8556768894195557
0.2042078971862793
0.27016809582710266
0.5716361403465271
0.5720588564872742
0.530443012714386
0.6876943111419678
0.38976964354515076
0.878555417060852
0.33974772691726685
0.7345057725906372
0.9170413017272949
0.6386781334877014
0.6215806603431702
0.11665184050798416
0.7072880864143372
0.41070282459259033
0.6318289637565613
0.20172715187072754
0.4927622079849243
0.548245906829834
0.9845338463783264
0.2327083945274353
0.534583330154419
0.6664493083953857
0.7050719857215881
0.9648460745811462
0.17169101536273956
0.8646739721298218
0.8089855313301086
0.4989091455936432
0.3171032667160034
0.3088884949684143
0.6573003530502319
0.871129035949707
0.6853243708610535
0.4855431020259857
0.8641793727874756
0.2906951606273651
0.5889541506767273
0.7613741159439087
0.6987259387969971
0.3626198470592499
0.6311001777648926
0.9073746204376221
0.8761019110679626
0.5334854125976562
0.34517553448677063
0.5392857193946838
0.4716849625110626
0.7282524704933167
0.6612018346786499
0.4495036005973816
0.24138720333576202
0.39840638637542725
0.8003860116004944
0.0991608276963234
0.2392047643661499
0.0020645055919885635
0.5158653259277344
0.8319733142852783
0.7953094244003296
0.9371323585510254
0.17582851648330688
0.6334569454193115
0.5450933575630188
0.5548111796379089
0.8083358407020569
0.30814382433891296
0.48098957538604736
0.015537349507212639
0.38120657205581665
0.12437846511602402
0.44565248489379883
0.24905148148536682
0.4849269688129425
0.7082626819610596
0.727552592754364
0.12744145095348358
0.3675435483455658
0.06765567511320114
0.3194260597229004
0.06496915966272354
0.24269025027751923
0.4148143529891968
0.8519640564918518
0.3236966133117676
0.9077962040901184
0.28812018036842346
0.5147449970245361
0.6305981874465942
0.54646897315979
0.5742177367210388
0.9863516092300415
0.6662335395812988
0.08962880074977875
0.8802297711372375
0.5843528509140015
0.10854117572307587
0.8475133776664734
0.8767847418785095
0.31027305126190186
0.368206650018692
0.3426399528980255
0.23351511359214783
0.09690182656049728
0.8720340728759766
0.9247440099716187
0.3872753381729126
0.9043160080909729
0.07175393402576447
0.4665200710296631
0.9757066369056702
0.22318390011787415
0.4629306495189667
0.46787527203559875
0.5266345739364624
0.8180054426193237
0.37796756625175476
0.3771209716796875
0.7121115326881409
0.070740707218647
0.03925302252173424
0.4768943190574646
0.9271299839019775
0.5396936535835266
0.709729015827179
0.7155922651290894
0.8875339031219482
0.2187366783618927
0.24933795630931854
0.03646499291062355
0.8024634718894958
0.742540180683136
0.34738731384277344
0.3918515741825104
0.536578357219696
0.4018445611000061
0.8426228165626526
0.08383431285619736
0.7271914482116699
0.5211014151573181
0.5041295289993286
0.5637742280960083
0.47092220187187195
0.5064048171043396
0.9367640614509583
0.6234489679336548
0.5587266087532043
0.844649612903595
0.1393209546804428
0.7692387104034424
0.38880497217178345
0.6142866611480713
0.8695154190063477
0.45451247692108154
0.5763867497444153
0.7005490660667419
0.6720074415206909
0.03170248493552208
0.20808382332324982
0.6899194121360779
0.594154953956604
0.5061692595481873
0.5320702791213989
0.8683885931968689
0.6084365248680115
0.037973616272211075
0.3637845516204834
0.663134753704071
0.7349853515625
0.6363826990127563
0.057135362178087234
0.5580281019210815
0.9727352261543274
0.3006880283355713
0.9510006308555603
0.21532845497131348
0.11888545751571655
0.16442403197288513
0.4595557749271393
0.2794462740421295
0.918904185295105
0.9906960725784302
0.625020444393158
0.7520157098770142
0.9049654603004456
0.9546791315078735
0.30429235100746155
0.6201593279838562
0.49711546301841736
0.8618419766426086
0.3409143090248108
0.22449125349521637
0.10616997629404068
0.9777705073356628
0.3577769696712494
0.9443573355674744
0.9678090214729309
0.9218625426292419
0.8250495195388794
0.5020390748977661
0.1854083389043808
0.14746305346488953
0.550715982913971
0.14733873307704926
0.1866547167301178
0.2156052142381668
0.3931839168071747
0.4472838044166565
0.2980784773826599
0.16233466565608978
0.5308123230934143
0.3723486661911011
0.14015018939971924
0.07403259724378586
0.24786947667598724
0.5731690526008606
0.10896184295415878
0.5405920743942261
0.8402828574180603
0.08676421642303467
0.9138821363449097
0.25435835123062134
0.8011102080345154
0.5780753493309021
0.8994184136390686
0.33496835827827454
0.21379545331001282
0.5185852646827698
0.3051837682723999
0.08508730679750443
0.20014360547065735
0.8887564539909363
0.8463051319122314
0.4037637412548065
0.1310090273618698
0.32806771993637085
0.034587256610393524
0.08539240807294846
0.9991918802261353
0.17620471119880676
0.22615604102611542
0.23466892540454865
0.8028948307037354
0.10810857266187668
0.51898592710495
0.2634740173816681
0.9369354248046875
0.16539563238620758
0.05525330454111099
0.15079359710216522
0.3371981084346771
0.708549976348877
0.3638693690299988
0.0690251812338829
0.07000964134931564
0.5582100749015808
0.48980847001075745
0.7019689679145813
0.9245232343673706
0.9158238172531128
0.6436166763305664
0.12119399756193161
0.5304631590843201
0.9431576132774353
0.11489704996347427
0.29104840755462646
0.6210375428199768
0.5612955689430237
0.4024496376514435
0.11448624730110168
0.37930580973625183
0.5762823224067688
0.2368694543838501
0.7353768944740295
0.2736533582210541
0.613199770450592
0.11027797311544418
0.08880441635847092
0.36285513639450073
0.7902016043663025
0.7140999436378479
0.5214980840682983
0.9419706463813782
0.6368117928504944
0.9980016946792603
0.0998416319489479
0.471365749835968
0.6007669568061829
0.6780673265457153
0.037489600479602814
0.06098080798983574
0.6692236065864563
0.40372368693351746
0.9914836883544922
0.34903621673583984
0.8077625036239624
0.03962280601263046
0.8751926422119141
0.9536258578300476
0.49257567524909973
0.5937321782112122
0.20227408409118652
0.6562409996986389
0.10834243148565292
0.4166070520877838
0.12550444900989532
0.8963773250579834
0.5075302720069885
0.8837330341339111
0.6578238010406494
0.2873562276363373
0.5225558280944824
0.30938389897346497
0.9031739830970764
0.6755266785621643
0.23797889053821564
0.497622013092041
0.9139918684959412
0.009452715516090393
0.2360008955001831
0.46317046880722046
0.22568605840206146
0.3407459259033203
0.017490386962890625
0.7652518153190613
0.003922446630895138
0.9549322128295898
0.48204460740089417
0.12388700246810913
0.3718704283237457
0.32080021500587463
0.2733260691165924
0.04617532715201378
0.7647026181221008
0.9370464086532593
0.03513818606734276
0.29236409068107605
0.320472776889801
0.8864662647247314
0.5941362977027893
0.9170095324516296
0.9205771088600159
0.8574172258377075
0.2543216347694397
0.3928440809249878
0.5241068601608276
0.9752130508422852
0.9070175290107727
0.414161741733551
0.16179761290550232
0.1318436712026596
0.8257386088371277
0.28843313455581665
0.9276523590087891
0.33290329575538635
0.3078126907348633
0.2558651268482208
0.2870462238788605
0.8240437507629395
0.8259139657020569
0.2878120541572571
0.9208360910415649
0.21758171916007996
0.25919315218925476
0.12131872028112411
0.5969415307044983
0.8680176734924316
0.052223362028598785
0.1741364747285843
0.8271875381469727
0.8404450416564941
0.7108570337295532
0.16612479090690613
0.8689417839050293
0.45268455147743225
0.3872629404067993
0.5969255566596985
0.7249330282211304
0.4481974244117737
0.03527118265628815
0.8651946187019348
0.6439538598060608
0.783040463924408
0.034417830407619476
0.08553609997034073
0.5490747690200806
0.7190544605255127
0.4143701493740082
0.9644323587417603
0.13272055983543396
0.7965904474258423
0.5478915572166443
0.708902895450592
0.8803491592407227
0.4394194185733795
0.15439961850643158
0.8361160159111023
0.17619028687477112
0.18483354151248932
0.8647064566612244
0.022326290607452393
0.41299328207969666
0.1309668868780136
0.11208076775074005
0.5890409350395203
0.6662226915359497
0.14703039824962616
0.2386745661497116
0.1486263871192932
0.9197689294815063
0.1933627724647522
0.3277682960033417
0.11627598851919174
0.27068662643432617
0.5425515174865723
0.935133695602417
0.8467859029769897
0.01749213971197605
0.41307005286216736
0.9270403385162354
0.8587601184844971
0.7802887558937073
0.2652987539768219
0.5675294399261475
0.8859779834747314
0.4554502069950104
0.7141930460929871
0.7839614748954773
0.18322522938251495
0.013298559002578259
0.647885262966156
0.5615742206573486
0.19483929872512817
0.8565117716789246
0.8291878700256348
0.6915756464004517
0.5077861547470093
0.6433032751083374
0.6649566888809204
0.3962591588497162
0.06971339136362076
0.32817527651786804
0.7216635942459106
0.2732653021812439
0.06407246738672256
0.8665459156036377
0.4108496606349945
0.6739397048950195
0.7715533375740051
0.9988872408866882
0.7620236277580261
0.9942081570625305
0.8919038772583008
0.7956923842430115
0.7760619521141052
0.3309307396411896
0.13001766800880432
0.5512970089912415
0.13846366107463837
0.5106985569000244
0.90514075756073
0.16809791326522827
0.5239224433898926
0.718344509601593
0.025886792689561844
0.9169765710830688
0.48694363236427307
0.8086533546447754
0.7319156527519226
0.17705634236335754
0.03499950096011162
0.9794850945472717
0.8098079562187195
0.8843479156494141
0.8063254356384277
0.23758958280086517
0.6033055186271667
0.05941787362098694
0.3694441616535187
0.8508939146995544
0.040358029305934906
0.4056031107902527
0.40148431062698364
0.6795068979263306
0.1584639996290207
0.0786578580737114
0.10445607453584671
0.5121941566467285
0.4706394374370575
0.49178922176361084
0.03224412351846695
0.7952162027359009
0.3726935386657715
0.026661375537514687
0.6502277851104736
0.008381571620702744
0.43545594811439514
0.9841568470001221
0.18414956331253052
0.9183750748634338
0.5466005802154541
0.7702155113220215
0.8595874905586243
0.12030433863401413
0.3794781565666199
0.38195478916168213
0.6092679500579834
0.880407989025116
0.44777074456214905
0.7278488278388977
0.1550329327583313
0.6193493008613586
0.20718544721603394
0.830244779586792
0.31501564383506775
0.04262151941657066
0.46345430612564087
0.34459516406059265
0.10181575268507004
0.5237081050872803
0.8712557554244995
0.6545791029930115
0.14677119255065918
0.3279414772987366
0.8297485709190369
0.6168122887611389
0.030532658100128174
0.4135836958885193
0.5038530826568604
0.5407974123954773
0.0386657752096653
0.8448107838630676
0.7677434682846069
0.2055554836988449
0.7346096038818359
0.614871084690094
0.07944127917289734
0.6603702306747437
0.10598794370889664
0.3948878049850464
0.6772615313529968
0.5216894745826721
0.13876858353614807
0.4785069227218628
0.2746085822582245
0.31162145733833313
0.7012482285499573
0.833772599697113
0.40441346168518066
0.026785507798194885
0.6566784977912903
0.5775462985038757
0.06663932651281357
0.12294939905405045
0.09661302715539932
0.6337039470672607
0.0019731419160962105
0.5478494763374329
0.7078786492347717
0.23563626408576965
0.011710931546986103
0.6148587465286255
0.2207842916250229
0.040662430226802826
0.7146817445755005
0.6467207670211792
0.6520741581916809
0.03420561924576759
0.666072428226471
0.6777122020721436
0.19785135984420776
0.9680061340332031
0.8234559893608093
0.029610909521579742
0.805334210395813
0.964446485042572
0.0006927198846824467
0.6322466135025024
0.5395891666412354
0.1927921324968338
0.9226588010787964
0.09671454131603241
0.14758509397506714
0.8340356945991516
0.6977436542510986
0.33792224526405334
0.2570134997367859
0.20640774071216583
0.22102954983711243
0.1126442551612854
0.3181065320968628
0.6846140027046204
0.46568137407302856
0.9134118556976318
0.17432719469070435
0.6466420292854309
0.009959280490875244
0.4111579656600952
0.7890106439590454
0.044610317796468735
0.8340217471122742
0.3141942322254181
0.9870784878730774
0.861241340637207
0.24576489627361298
0.4094599187374115
0.9949607253074646
0.6126147508621216
0.5016651749610901
0.24667683243751526
0.8670942187309265
0.7229174971580505
0.9622678756713867
0.23890681564807892
0.9097557663917542
0.19373083114624023
0.40588968992233276
0.43038228154182434
0.40129515528678894
0.08454042673110962
0.180515855550766
0.6758444905281067
0.6471081376075745
0.49766623973846436
0.4964330494403839
0.5841981768608093
0.33900803327560425
0.43518325686454773
0.8069629669189453
0.15233731269836426
0.33062708377838135
0.7778277397155762
0.7047101259231567
0.7971808910369873
0.36898842453956604
0.5936986804008484
0.09222400933504105
0.552902340888977
0.7636217474937439
0.1510373055934906
0.029876651242375374
0.8128342628479004
0.6854017972946167
0.7492827773094177
0.9037061929702759
0.14309042692184448
0.9240750670433044
0.34317147731781006
0.7808948755264282
0.5013675093650818
0.4104878902435303
0.018768446519970894
0.9616245031356812
0.9756715297698975
0.1489783227443695
0.5232993364334106
0.15117040276527405
0.7021331787109375
0.3070114850997925
0.977853000164032
0.5719695687294006
0.7196434140205383
0.321389377117157
0.8116235136985779
0.13192972540855408
0.05877817049622536
0.1498733013868332
0.3911595642566681
0.4831676185131073
0.4381590783596039
0.6930946707725525
0.3147262632846832
0.7276946902275085
0.9459478855133057
0.9832804203033447
0.17051976919174194
0.5416997671127319
0.923032283782959
0.5988554358482361
0.18012720346450806
0.7665513753890991
0.6821810603141785
0.5978557467460632
0.1710391640663147
0.3321870267391205
0.5612130165100098
0.15090879797935486
0.9466942548751831
0.603921115398407
0.6354525089263916
0.5437170267105103
0.8981732726097107
0.6152334213256836
0.2885735332965851
0.844596266746521
0.14838068187236786
0.18117068707942963
0.5514081716537476
0.15079054236412048
0.14768336713314056
0.9277858138084412
0.6668686270713806
0.16241121292114258
0.228628471493721
0.1634315401315689
0.3748961389064789
0.65411776304245
0.7536380290985107
0.12391021847724915
0.9236747622489929
0.16426913440227509
0.032935529947280884
0.15667612850666046
0.644292950630188
0.40745341777801514
0.9587388038635254
0.40290287137031555
0.8072476983070374
0.7251600027084351
0.03295523673295975
0.9846215844154358
0.12343767285346985
0.5445806384086609
0.5630956292152405
0.4124409854412079
0.6640120148658752
0.8216232657432556
0.6275507807731628
0.8762754797935486
0.9475765228271484
0.3720543682575226
0.28185662627220154
0.9283134937286377
0.5532363057136536
0.946189820766449
0.2913695275783539
0.5820171236991882
0.46521466970443726
0.43945249915122986
0.6229950189590454
0.9905120730400085
0.8561190962791443
0.3856913447380066
0.7045063972473145
0.5587640404701233
0.8675621747970581
0.9536057114601135
0.7909170985221863
0.5680379867553711
0.49765095114707947
0.8707155585289001
0.4952315390110016
0.09987007826566696
0.6471043825149536
0.7730204463005066
0.7585706114768982
0.07375979423522949
0.5158752799034119
0.8699036240577698
0.4916800260543823
0.12663955986499786
0.13019247353076935
0.15611732006072998
0.05087787285447121
0.5127922296524048
0.6359765529632568
0.7359335422515869
0.3493662178516388
0.673760175704956
0.9935908317565918
0.5619637370109558
0.30302464962005615
0.37872573733329773
0.0963287204504013
0.7133849263191223
0.08161010593175888
0.07830601930618286
0.011266160756349564
0.767982006072998
0.9400758147239685
0.23201283812522888
0.9720227122306824
0.17969268560409546
0.9452979564666748
0.5579134821891785
0.3207460939884186
0.7906895875930786
0.7219873070716858
0.4929053485393524
0.8101336359977722
0.1403876394033432
0.62696772813797
0.05625246837735176
0.6302691102027893
0.6489967703819275
0.4515421986579895
0.7595990896224976
0.33237606287002563
0.19336670637130737
0.8901316523551941
0.6685216426849365
0.29639187455177307
0.010665073990821838
0.2650671899318695
0.5299325585365295
0.8324333429336548
0.5129057765007019
0.5120835304260254
0.7418078780174255
0.3235936462879181
0.0404895544052124
0.9407862424850464
0.7786415815353394
0.7456740736961365
0.36477309465408325
0.3870913088321686
0.30615484714508057
0.6217997074127197
0.020112471655011177
0.3510171175003052
0.9064984917640686
0.5251085162162781
0.13236087560653687
0.4711669087409973
0.516873300075531
0.29330840706825256
0.677362322807312
0.16323982179164886
0.6606161594390869
0.6553499102592468
0.7240930795669556
0.4250745177268982
0.540496289730072
0.7663182616233826
0.17982108891010284
0.009668920189142227
0.7982136011123657
0.5365501642227173
0.42753157019615173
0.49800264835357666
0.7004963755607605
0.7949970364570618
0.17881089448928833
0.23764649033546448
0.9362891316413879
0.627353310585022
0.29690223932266235
0.7549771666526794
0.6830824017524719
0.6206492185592651
0.6058512330055237
0.4072204530239105
0.49994948506355286
0.672480583190918
0.14267438650131226
0.6240053176879883
0.10018191486597061
0.4714607894420624
0.3046611547470093
0.8599715232849121
0.8738436698913574
0.5503448247909546
0.08145811408758163
0.7895609140396118
0.32055026292800903
0.5423616170883179
0.897677481174469
0.3385730981826782
0.11636330187320709
0.8932688236236572
0.8199783563613892
0.5345284342765808
0.7710702419281006
0.7563462257385254
0.6966707110404968
0.7376073002815247
0.37273338437080383
0.024743368849158287
0.2839083969593048
0.8143567442893982
0.17428931593894958
0.5544034242630005
0.5591158270835876
0.5835652351379395
0.19022491574287415
0.788178026676178
0.9354519248008728
0.06210946664214134
0.31965965032577515
0.007140147965401411
0.7198218703269958
0.6845535039901733
0.8580269813537598
0.36843517422676086
0.47485819458961487
0.8251522779464722
0.46876296401023865
0.32972896099090576
0.813254177570343
0.5656406283378601
0.8147644996643066
0.12049027532339096
0.9252802729606628
0.6394864916801453
0.6423919796943665
0.8052331209182739
0.24171003699302673
0.92746502161026
0.13955602049827576
0.1370786875486374
0.010990340262651443
0.07283675670623779
0.9966666102409363
0.26162031292915344
0.9851178526878357
0.6168887615203857
0.6489038467407227
0.6938708424568176
0.062154620885849
0.20104247331619263
0.6727569699287415
0.9429337978363037
0.8712674379348755
0.6529473662376404
0.22209274768829346
0.33714935183525085
0.059913214296102524
0.3898894786834717
0.7630980610847473
0.3161278963088989
0.5058889389038086
0.7520741820335388
0.8931994438171387
0.6682766675949097
0.674494206905365
0.9289632439613342
0.6021332740783691
0.797715961933136
0.34857773780822754
0.7262672185897827
0.12140446156263351
0.9915405511856079
0.6939260959625244
0.727296769618988
0.6610895991325378
0.9077728986740112
0.3831508159637451
0.7577235698699951
0.7085837125778198
0.46236079931259155
0.721782386302948
0.23920589685440063
0.566495418548584
0.40990081429481506
0.44333288073539734
0.9241939783096313
0.4987540543079376
0.9704514741897583
0.8093605637550354
0.7542610764503479
0.25491514801979065
0.34156957268714905
0.0133906165137887
0.8467864990234375
0.9609207510948181
0.5945649147033691
0.5169678926467896
0.8492735624313354
0.012663437984883785
0.7544496655464172
0.8252971172332764
0.7360217571258545
0.5599784851074219
0.24321797490119934
0.3154897689819336
0.8511148691177368
0.7020980715751648
0.8294109106063843
0.12243689596652985
0.659075140953064
0.7454770803451538
0.07035743445158005
0.42485156655311584
0.5670480728149414
0.9759568572044373
0.9869406819343567
0.3244944214820862
0.477064847946167
0.8912163972854614
0.9413260221481323
0.32399386167526245
0.6338278651237488
0.09872913360595703
0.37291598320007324
0.7443611025810242
0.314152330160141
0.46461811661720276
0.25766175985336304
0.2012304961681366
0.5913242101669312
0.9921837449073792
0.8370268940925598
0.14722281694412231
0.6715254783630371
0.5002530813217163
0.5761094093322754
0.7476785778999329
0.02136198617517948
0.38237324357032776
0.7021980285644531
0.6755165457725525
0.4998527467250824
0.5214969515800476
0.9733895063400269
0.542292058467865
0.729358434677124
0.310736745595932
0.32916200160980225
0.9509748220443726
0.4864300489425659
0.6090207099914551
0.8292995095252991
0.4569721817970276
0.06558866053819656
0.2761574387550354
0.9288598895072937
0.8379449844360352
0.5581713318824768
0.5652763247489929
0.8410978317260742
0.8282341361045837
0.4832324981689453
0.7038559913635254
0.41201648116111755
0.9365739822387695
0.6597694754600525
0.7976788878440857
0.6631458401679993
0.11350630968809128
0.03243997320532799
0.035900287330150604
0.7502355575561523
0.14749066531658173
0.4026149809360504
0.4862131178379059
0.2809348404407501
0.014501616358757019
0.844237208366394
0.8209410309791565
0.49515753984451294
0.2920043468475342
0.5366277098655701
0.4612261950969696
0.638105571269989
0.8236377239227295
0.958695113658905
0.7768149375915527
0.5211640000343323
0.5419458746910095
0.2804737389087677
0.88487708568573
0.6683700680732727
0.12059058994054794
0.664864182472229
0.33937355875968933
0.8496633172035217
0.1257479041814804
0.6488490700721741
0.10378112643957138
0.17185436189174652
0.3997805118560791
0.5905362367630005
0.8029642701148987
0.605276346206665
0.13587495684623718
0.08852509409189224
0.8107829689979553
0.4894525706768036
0.16369514167308807
0.6151157021522522
0.2529570162296295
0.09663038700819016
0.7575454115867615
0.5555130839347839
0.4648034870624542
0.8918641209602356
0.21113775670528412
0.13643702864646912
0.4176798462867737
0.9580107927322388
0.07035698741674423
0.05990529805421829
0.032242316752672195
0.35679030418395996
0.9840296506881714
0.12246029078960419
0.7862328290939331
0.09751878678798676
0.3883412182331085
0.9383630156517029
0.5017704367637634
0.5748662352561951
0.6258040070533752
0.29371875524520874
0.10842118412256241
0.4962593615055084
0.8865283131599426
0.3634827435016632
0.5864827632904053
0.5940078496932983
0.8857946991920471
0.324668288230896
0.07293444871902466
0.8206568956375122
0.10035400837659836
0.08693008869886398
0.7943442463874817
0.9092220067977905
0.2487299144268036
0.8378827571868896
0.40139684081077576
0.6220801472663879
0.9018553495407104
0.4027945399284363
0.6983790993690491
0.6134966015815735
0.3605617582798004
0.6282026767730713
0.9495431780815125
0.5659002065658569
0.31305086612701416
0.6522095203399658
0.051053982228040695
0.9461896419525146
0.011904973536729813
0.44830557703971863
0.8742743134498596
0.8868684768676758
0.3326156735420227
0.7832180857658386
0.8398326635360718
0.980374276638031
0.41176602244377136
0.22898583114147186
0.8546894192695618
0.28156206011772156
0.9327174425125122
0.9380436539649963
0.34987571835517883
0.19525112211704254
0.18983523547649384
0.9244034290313721
0.7669557929039001
0.866640031337738
0.10860145092010498
0.7684952020645142
0.7443714737892151
0.6147279143333435
0.7706512212753296
0.7444596886634827
0.24911926686763763
0.793584406375885
0.19750255346298218
0.5394439101219177
0.5269265174865723
0.36934688687324524
0.35770222544670105
0.3981093168258667
0.6703242063522339
0.013043866492807865
0.9084070324897766
0.6595649123191833
0.7278128266334534
0.23709145188331604
0.3413453996181488
0.6015358567237854
0.4671522378921509
0.5463956594467163
0.159921333193779
0.3480343222618103
0.5412344932556152
0.18765226006507874
0.006747303530573845
0.46020621061325073
0.42479488253593445
0.6813137531280518
0.7909954786300659
0.6716073155403137
0.04528258368372917
0.9195425510406494
0.3486592471599579
0.6710401177406311
0.6795782446861267
0.5171277523040771
0.3195875287055969
0.37190866470336914
0.9646159410476685
0.3017353117465973
0.4019937813282013
0.9535003304481506
0.3871561884880066
0.7375441193580627
0.08635955303907394
0.4014018177986145
0.12415264546871185
0.759078323841095
0.21982993185520172
0.9892995357513428
0.33365240693092346
0.2567414939403534
0.7062180638313293
0.6374574899673462
0.19162318110466003
0.9109581112861633
0.5869712829589844
0.6478493213653564
0.3353687524795532
0.6257495284080505
0.894672155380249
0.9365694522857666
0.9144240021705627
0.8531168103218079
0.24070246517658234
0.08188048750162125
0.17962726950645447
0.5711097717285156
0.6345550417900085
0.4179156720638275
0.5922045707702637
0.9030683040618896
0.9390848278999329
0.7885607481002808
0.8703494071960449
0.3445416986942291
0.5341787934303284
0.8176674842834473
0.1808934062719345
0.06375876814126968
0.165388822555542
0.979520320892334
0.8400560617446899
0.9736062288284302
0.17845048010349274
0.28848689794540405
0.4415411651134491
0.9775702357292175
0.17605066299438477
0.963623046875
0.11533954739570618
0.805052638053894
0.08191519230604172
0.7005915641784668
0.4656100869178772
0.10976798832416534
0.14258424937725067
0.002881523920223117
0.6324651837348938
0.602270781993866
0.5284500122070312
0.8273078203201294
0.7887220978736877
0.6561739444732666
0.7941011786460876
0.21198365092277527
0.7222742438316345
0.6851949095726013
0.0038404196966439486
0.31028440594673157
0.020625421777367592
0.6964101195335388
0.6238196492195129
0.2440779209136963
0.23644369840621948
0.5401015281677246
0.6064316034317017
0.612445056438446
0.8536605834960938
0.08094986528158188
0.6715776920318604
0.6458342671394348
0.6744686961174011
0.3449280560016632
0.07215137779712677
0.9051079750061035
0.9167203307151794
0.8841845989227295
0.3811681270599365
0.25321245193481445
0.46206751465797424
0.9923991560935974
0.3999730944633484
0.458713173866272
0.5989987850189209
0.19672127068042755
0.13971254229545593
0.7202655076980591
0.34719905257225037
0.12491344660520554
0.8007990121841431
0.015028069727122784
0.35908958315849304
0.7071794271469116
0.8570967316627502
0.2432563453912735
0.06427051872015
0.2928694188594818
0.2579995393753052
0.8146800398826599
0.9210507273674011
0.5580464005470276
0.4724728465080261
0.10782648622989655
0.11865326017141342
0.3616999387741089
0.6045540571212769
0.845242440700531
0.5370959043502808
0.500734806060791
0.024029728025197983
0.1241312101483345
0.7025376558303833
0.2542135417461395
0.7893194556236267
0.5050259828567505
0.9560920596122742
0.2770538926124573
0.9668260216712952
0.5930332541465759
0.30166295170783997
0.0693795308470726
0.3053808808326721
0.7701662182807922
0.3857339322566986
0.13474678993225098
0.6715078949928284
0.21112418174743652
0.5067205429077148
0.6049091219902039
0.40520182251930237
0.8993667364120483
0.3233473300933838
0.12166673690080643
0.5282807350158691
0.49740511178970337
0.049979012459516525
0.4131558835506439
0.25031954050064087
0.47456395626068115
0.6110279560089111
0.9753218293190002
0.5605510473251343
0.38110417127609253
0.8024500012397766
0.014296801760792732
0.6659796833992004
0.8043256998062134
0.43362724781036377
0.0009255363838747144
0.49196237325668335
0.7102007269859314
0.48282310366630554
0.37919703125953674
0.3095583915710449
0.8893546462059021
0.18698067963123322
0.4065183699131012
0.7006555795669556
0.8256198763847351
0.7481181621551514
0.9448707103729248
0.9004050493240356
0.0063822609372437
0.6211133599281311
0.2565581202507019
0.8396478891372681
0.5165002346038818
0.16378352046012878
0.9536662101745605
0.11701823770999908
0.4361429214477539
0.9351169466972351
0.8696237802505493
0.19092397391796112
0.4870218336582184
0.3686346113681793
0.774298906326294
0.20251484215259552
0.43029117584228516
0.46370020508766174
0.8278947472572327
0.006973716430366039
0.3984983265399933
0.8479303121566772
0.06064451113343239
0.53190678358078
0.21587231755256653
0.5505624413490295
0.9402298927307129
0.3855791687965393
0.09361716359853745
0.01551724411547184
0.5624553561210632
0.8907033205032349
0.1415344625711441
0.11394845694303513
0.07325053960084915
0.9247931838035583
0.7777865529060364
0.9712011218070984
0.25588560104370117
0.14523477852344513
0.5550076365470886
0.1586931198835373
0.23775656521320343
0.12887337803840637
0.796309232711792
0.04130799323320389
0.727604329586029
0.36654433608055115
0.4280385971069336
0.03071747161448002
0.48778000473976135
0.9772105813026428
0.45957717299461365
0.6498491764068604
0.34523895382881165
0.9166984558105469
0.36232295632362366
0.5754356384277344
0.8570435047149658
0.026648130267858505
0.9834977984428406
0.9485747218132019
0.4094018340110779
0.09872402250766754
0.8332045078277588
0.33354276418685913
0.5946296453475952
0.6296677589416504
0.8654860854148865
0.24828672409057617
0.6894066333770752
0.03887542337179184
0.8844197392463684
0.808579683303833
0.4401257336139679
0.8571040034294128
0.6054109930992126
0.5273141264915466
0.12495441734790802
0.5241876244544983
0.18105648458003998
0.026392513886094093
0.5042694211006165
0.9849883317947388
0.8051044344902039
0.40986162424087524
0.4992416203022003
0.5631666779518127
0.34787896275520325
0.5180641412734985
0.7264314889907837
0.9089791178703308
0.5297302007675171
0.8001026511192322
0.37460291385650635
0.10241172462701797
0.5473753213882446
0.12203412503004074
0.9593417048454285
0.11098670214414597
0.6354104280471802
0.7927796244621277
0.604324996471405
0.7586946487426758
0.7368026375770569
0.1853765994310379
0.11505575478076935
0.538433313369751
0.6348583102226257
0.32384467124938965
0.7114449739456177
0.6254952549934387
0.7714006304740906
0.3271164000034332
0.5055628418922424
0.36309733986854553
0.7013063430786133
0.2774718999862671
0.23069429397583008
0.8586424589157104
0.17311950027942657
0.5633052587509155
0.5457363724708557
0.9390011429786682
0.7521588802337646
0.09884922206401825
0.6205769777297974
0.42153385281562805
0.2064029425382614
0.14829008281230927
0.8322111964225769
0.8574007153511047
0.7549043297767639
0.19035181403160095
0.8858580589294434
0.6423783302307129
0.9325871467590332
0.4649253785610199
0.8885421752929688
0.12909598648548126
0.817471444606781
0.5457112193107605
0.3156384825706482
0.16355343163013458
0.5163946747779846
0.19926105439662933
0.38438349962234497
0.7120837569236755
0.7074310183525085
0.9431841969490051
0.9712935090065002
0.07569991052150726
0.8572047352790833
0.946388304233551
0.41990038752555847
0.02876690961420536
0.1327546387910843
0.6370441317558289
0.5709254741668701
0.575419545173645
0.185000479221344
0.8697409629821777
0.778367280960083
0.35505181550979614
0.029817964881658554
0.22037921845912933
0.9321966171264648
0.9381681084632874
0.17580001056194305
0.027338767424225807
0.32575172185897827
0.43454352021217346
0.6345705986022949
0.9044854044914246
0.9861651062965393
0.7212933897972107
0.20057828724384308
0.02634948492050171
0.31982019543647766
0.49080395698547363
0.7318021059036255
0.8688919544219971
0.9911991953849792
0.09149689227342606
0.7040073275566101
0.3358404338359833
0.633653461933136
0.9840880036354065
0.7055004835128784
0.7623886466026306
0.0021903275046497583
0.0793493241071701
0.25896766781806946
0.96230548620224
0.8619331121444702
0.4899846017360687
0.682422935962677
0.7230398058891296
0.8901709318161011
0.25195345282554626
0.36892879009246826
0.3545134365558624
0.12468131631612778
0.2509737014770508
0.32353049516677856
0.8341782093048096
0.6822762489318848
0.21168369054794312
0.22365665435791016
0.2071276754140854
0.9748429656028748
0.8401467204093933
0.7468491196632385
0.9980108141899109
0.4836997985839844
0.458566814661026
0.4510760009288788
0.7867376208305359
0.5586820244789124
0.10013402998447418
0.9032332897186279
0.6319183111190796
0.06924295425415039
0.686077356338501
0.9857648611068726
0.2411978840827942
0.6976162195205688
0.6611790060997009
0.9367967844009399
0.010134781710803509
0.3584786057472229
0.13054302334785461
0.7883175015449524
0.11507269740104675
0.8890181183815002
0.09380370378494263
0.2958151400089264
0.4328259229660034
0.9186162948608398
0.3998972177505493
0.9548037052154541
0.03578814119100571
0.21451179683208466
0.4508083164691925
0.7891333699226379
0.8278205394744873
0.2820722758769989
0.08111556619405746
0.006818037014454603
0.07041767984628677
0.9345908164978027
0.24580106139183044
0.37014779448509216
0.9601405262947083
0.5255628228187561
0.2285662591457367
0.24565356969833374
0.13073405623435974
0.5937139391899109
0.5504093766212463
0.5558125972747803
0.9078869223594666
0.14079880714416504
0.2789859175682068
0.7199147939682007
0.08163651078939438
0.7342303395271301
0.41985905170440674
0.33128154277801514
0.8137145042419434
0.8307622671127319
0.9270224571228027
0.854516327381134
0.9357267022132874
0.3578796982765198
0.9880858659744263
0.8883257508277893
0.20739415287971497
0.3798031806945801
0.8540126085281372
0.7669969201087952
0.15947629511356354
0.2603563070297241
0.35770857334136963
0.8185008764266968
0.5471590161323547
0.7394841313362122
0.760798990726471
0.06881220638751984
0.03487744554877281
0.11627475917339325
0.45897629857063293
0.7983746528625488
0.6315979957580566
0.05440171808004379
0.22357667982578278
0.10022157430648804
0.3802843689918518
0.21835042536258698
0.6783567070960999
0.28258275985717773
0.22641976177692413
0.7109033465385437
0.8746528625488281
0.8912691473960876
0.5777201652526855
0.004690080415457487
0.45544448494911194
0.5906426906585693
0.285932332277298
0.8102227449417114
0.1758791208267212
0.8520772457122803
0.8348670601844788
0.8089345097541809
0.5951119065284729
0.19625571370124817
0.02081340365111828
0.6509104371070862
0.43544936180114746
0.4403703808784485
0.10846599191427231
0.27978402376174927
0.9981913566589355
0.5041293501853943
0.7521310448646545
0.2981247007846832
0.7322612404823303
0.9264537692070007
0.6624106168746948
0.8044201731681824
0.2313615083694458
0.2159414142370224
0.5893301963806152
0.3422190248966217
0.6390190124511719
0.7525747418403625
0.9951449632644653
0.8265470266342163
0.9349125623703003
0.6309006214141846
0.8784425854682922
0.44706639647483826
0.918231189250946
0.5823372602462769
0.02100975811481476
0.44014763832092285
0.7465591430664062
0.5064169764518738
0.6445021033287048
0.06529854983091354
0.2384682297706604
0.49898719787597656
0.6859878301620483
0.2065492421388626
0.9166510701179504
0.9741945266723633
0.38661447167396545
0.424651563167572
0.8913130760192871
0.2174549251794815
0.10777700692415237
0.24657095968723297
0.04010419920086861
0.19739006459712982
0.888951301574707
0.4852319359779358
0.3176334500312805
0.9707208871841431
0.055850911885499954
0.01538619864732027
0.5916179418563843
0.05038705840706825
0.5695726871490479
0.46970176696777344
0.040883179754018784
0.7830236554145813
0.16872356832027435
0.41998565196990967
0.32388588786125183
0.05612029880285263
0.5095358490943909
0.14595745503902435
0.6801771521568298
0.7168658971786499
0.16336452960968018
0.6753684282302856
0.5853745341300964
0.007699327543377876
0.6617568731307983
0.4556506872177124
0.2875882685184479
0.5157647728919983
0.45764589309692383
0.19187256693840027
0.43911588191986084
0.5747338533401489
0.5858834981918335
0.23508192598819733
0.956298291683197
0.2357037365436554
0.4977843165397644
0.22118282318115234
0.233046755194664
0.09667544811964035
0.9987238645553589
0.8693366050720215
0.27086561918258667
0.22921156883239746
0.16967399418354034
0.6919723153114319
0.7921242117881775
0.916226327419281
0.05203123763203621
0.2854362726211548
0.8334248065948486
0.6468648314476013
0.9414229393005371
0.488016813993454
0.15449340641498566
0.5274622440338135
0.8909604549407959
0.24271714687347412
0.8791438341140747
0.6916168928146362
0.5025344491004944
0.13192598521709442
0.17046651244163513
0.9980857968330383
0.34816718101501465
0.6995161175727844
0.40420669317245483
0.33174219727516174
0.03168622776865959
0.07867798209190369
0.7438791990280151
0.4114691913127899
0.17574939131736755
0.3445053696632385
0.46175599098205566
0.349780797958374
0.3137158751487732
0.3554975390434265
0.42272046208381653
0.8801664710044861
0.6670308113098145
0.43115442991256714
0.8555242419242859
0.45659762620925903
0.7736905813217163
0.8220928907394409
0.9598891735076904
0.4713027775287628
0.9024447798728943
0.5538475513458252
0.4149245619773865
0.38006243109703064
0.6616984009742737
0.41169798374176025
0.580475389957428
0.23254595696926117
0.20915108919143677
0.6488822102546692
0.030650751665234566
0.22228972613811493
0.36717283725738525
0.43415045738220215
0.8055335879325867
0.7639172077178955
0.23373816907405853
0.9050372242927551
0.9892757534980774
0.8748196363449097
0.4548037648200989
0.025077957659959793
0.53946852684021
0.3131188750267029
0.9216470122337341
0.9404019713401794
0.48908230662345886
0.7285629510879517
0.7883646488189697
0.7410292625427246
0.81736159324646
0.6997674107551575
0.7857560515403748
0.04641508683562279
0.6348286867141724
0.20979967713356018
0.29235848784446716
0.5220261812210083
0.026076672598719597
0.8681350350379944
0.4181153178215027
0.45792338252067566
0.37163498997688293
0.8814659714698792
0.9451101422309875
0.4161207377910614
0.6326969265937805
0.9513759016990662
0.3618505001068115
0.4028869867324829
0.96328204870224
0.12498582899570465
0.004007377196103334
0.6163511276245117
0.3345032036304474
0.7624605894088745
0.5429776906967163
0.8699889779090881
0.30840736627578735
0.45998021960258484
0.7809160947799683
0.8271851539611816
0.8927525281906128
0.5671738386154175
0.4409404695034027
0.8919617533683777
0.5658656358718872
0.7775583863258362
0.044303689152002335
0.20544885098934174
0.22242514789104462
0.18756887316703796
0.6147786974906921
0.23076605796813965
0.050008222460746765
0.07790840417146683
0.807560384273529
0.868466317653656
0.08109067380428314
0.30117714405059814
0.5819762349128723
0.9140390157699585
0.8017637729644775
0.3562624454498291
0.22761063277721405
0.17638124525547028
0.7382479310035706
0.26013246178627014
0.6245408058166504
0.4762857258319855
0.05629316344857216
0.5548624992370605
0.6422543525695801
0.1599702090024948
0.7553696632385254
0.17227165400981903
0.6554074883460999
0.7722845673561096
0.16501033306121826
0.40214890241622925
0.731905460357666
0.2610918879508972
0.9806553721427917
0.8953858613967896
0.20205675065517426
0.04002385586500168
0.39168408513069153
0.5612727999687195
0.7112210988998413
0.3665548861026764
0.7136479616165161
0.021133635193109512
0.6754586100578308
0.01184780802577734
0.9742782711982727
0.025272686034440994
0.6287922263145447
0.9450199007987976
0.7004006505012512
0.7495853900909424
0.8588799238204956
0.14387892186641693
0.3650341033935547
0.1619054228067398
0.9449041485786438
0.6084677577018738
0.8059920072555542
0.43435364961624146
0.37552323937416077
0.29396969079971313
0.9895941019058228
0.35506337881088257
0.48586419224739075
0.6261654496192932
0.8305491209030151
0.24666401743888855
0.7504740953445435
0.1661868691444397
0.9575064778327942
0.6166436076164246
0.05731402337551117
0.5193383693695068
0.9611721634864807
0.861070454120636
0.03488719463348389
0.15363846719264984
0.9248021245002747
0.22499124705791473
0.4291313886642456
0.9327633380889893
0.029259415343403816
0.09985406696796417
0.2874141335487366
0.25587108731269836
0.4304792881011963
0.9550758004188538
0.560786247253418
0.5062819719314575
0.9521955847740173
0.9682141542434692
0.1390761286020279
0.746876060962677
0.8156904578208923
0.31602025032043457
0.15878435969352722
0.558978259563446
0.21293587982654572
0.0032433310989290476
0.18348827958106995
0.9940055012702942
0.04439898580312729
0.5630298256874084
0.2591179311275482
0.8086422681808472
0.4446370601654053
0.39125964045524597
0.9179669618606567
0.09068623185157776
0.7779591679573059
0.03465742990374565
0.2914665639400482
0.9362416863441467
0.20446546375751495
0.5219877362251282
0.11790075898170471
0.07522059231996536
0.9526107907295227
0.16481877863407135
0.1323540061712265
0.18726329505443573
0.7150765061378479
0.9801691174507141
0.5138502717018127
0.5225675106048584
0.7981112003326416
0.34803900122642517
0.017419029027223587
0.3283139169216156
0.9740611910820007
0.4303243160247803
0.17644569277763367
0.7646912336349487
0.6399934887886047
0.3341251313686371
0.6751977801322937
0.32823681831359863
0.9374867677688599
0.20416535437107086
0.9553125500679016
0.14663900434970856
0.28576427698135376
0.22164909541606903
0.8593236207962036
0.7800729870796204
0.29349514842033386
0.0867307186126709
0.4416220784187317
0.9582619071006775
0.839724063873291
0.3781704604625702
0.522213876247406
0.8342916965484619
0.33968544006347656
0.6893001198768616
0.3087984025478363
0.7814922332763672
0.9304136037826538
0.8252783417701721
0.6975764036178589
0.46609222888946533
0.6409892439842224
0.48130613565444946
0.6645646095275879
0.7416393756866455
0.7741157412528992
0.06151612102985382
0.79898601770401
0.6549838781356812
0.16146335005760193
0.6598166227340698
0.8740319013595581
0.7299275994300842
0.4530862271785736
0.5156959295272827
0.8652924299240112
0.4161604940891266
0.7471269965171814
0.8076797127723694
0.0592079684138298
0.9388560056686401
0.7588992118835449
0.3958970606327057
0.7774699926376343
0.8707911372184753
0.19289825856685638
0.8621533513069153
0.5740869641304016
0.49082067608833313
0.9144383668899536
0.0012225107057020068
0.19920167326927185
0.5471417307853699
0.12050953507423401
0.09093228727579117
0.28268134593963623
0.7846394777297974
0.6430881023406982
0.881404459476471
0.1633196771144867
0.5999460220336914
0.06092531979084015
0.5801193714141846
0.29396161437034607
0.705612301826477
0.5423717498779297
0.9754778146743774
0.9415264129638672
0.2334548830986023
0.5481969714164734
0.8975458145141602
0.8593248128890991
0.8894509673118591
0.5088759064674377
0.621891975402832
0.6464733481407166
0.7648792266845703
0.17031526565551758
0.3410736918449402
0.7103432416915894
0.3176409900188446
0.6980071663856506
0.9243176579475403
0.7528907060623169
0.7698480486869812
0.09832258522510529
0.2828736901283264
0.22507809102535248
0.29584628343582153
0.3979114592075348
0.24116544425487518
0.08792542666196823
0.025876954197883606
0.16992169618606567
0.6226699948310852
0.33429810404777527
0.8666291236877441
0.1366378664970398
0.6736295819282532
0.9895185828208923
0.22436928749084473
0.5276008248329163
0.9090154767036438
0.9207645058631897
0.34279969334602356
0.45883992314338684
0.5399208068847656
0.8864720463752747
0.11071976274251938
0.7783399820327759
0.2894282639026642
0.6373878121376038
0.040109243243932724
0.7543631792068481
0.8242214322090149
0.993005633354187
0.7932092547416687
0.39328908920288086
0.6985857486724854
0.5234588980674744
0.832207977771759
0.3599507212638855
0.44431179761886597
0.5514360070228577
0.4290120303630829
0.4204099178314209
0.55663001537323
0.8171083927154541
0.05827675014734268
0.9202614426612854
0.9020045399665833
0.5008325576782227
0.531343936920166
0.4442184269428253
0.058183807879686356
0.04734395444393158
0.00511141074821353
0.2841711640357971
0.23006117343902588
0.3032298684120178
0.27018511295318604
0.11702793091535568
0.026592977344989777
0.14288613200187683
0.3200009763240814
0.5975074172019958
0.6060746312141418
0.40560877323150635
0.6823904514312744
0.9096958041191101
0.08801247179508209
0.9818914532661438
0.053461018949747086
0.4396213889122009
0.7960076332092285
0.13731808960437775
0.8111453056335449
0.8902040123939514
0.6771609783172607
0.38154444098472595
0.6125863194465637
0.09871041774749756
0.8808331489562988
0.07153366506099701
0.8837116956710815
0.6894424557685852
0.569133460521698
0.1619790643453598
0.6385129690170288
0.7117284536361694
0.017487986013293266
0.8347897529602051
0.9919463396072388
0.29395708441734314
0.601781964302063
0.047373607754707336
0.8104772567749023
0.3250318765640259
0.6136324405670166
0.7388541102409363
0.678225040435791
0.6825262308120728
0.3308529555797577
0.1450214385986328
0.33616405725479126
0.17635589838027954
0.3847314417362213
0.39313623309135437
0.009082295931875706
0.49932220578193665
0.2648161053657532
0.6970773339271545
0.5480945110321045
0.43717628717422485
0.258928120136261
0.9249752759933472
0.15455889701843262
0.9063341021537781
0.36962828040122986
0.09722296893596649
0.7456033229827881
0.5603632926940918
0.4993152618408203
0.4277825355529785
0.20602327585220337
0.49038299918174744
0.613334596157074
0.5335842370986938
0.8148680925369263
0.901355504989624
0.9968985915184021
0.6770145893096924
0.8865922093391418
0.8607560992240906
0.7337886095046997
0.4917682409286499
0.7870439291000366
0.08781138807535172
0.9279239177703857
0.9849061369895935
0.8031346201896667
0.9458789229393005
0.42635220289230347
0.7302871942520142
0.33804377913475037
0.49837324023246765
0.9174270629882812
0.45915845036506653
0.6034844517707825
0.5974335074424744
0.9315782785415649
0.43861284852027893
0.42226314544677734
0.912392795085907
0.265805721282959
0.8311135768890381
0.21798771619796753
0.13846153020858765
0.25299471616744995
0.3964017629623413
0.4440813362598419
0.7413572669029236
0.8554003834724426
0.6341598629951477
0.049432020634412766
0.5706581473350525
0.13070981204509735
0.17994210124015808
0.5845866203308105
0.3423531651496887
0.057331621646881104
0.4716934263706207
0.8311931490898132
0.8987326622009277
0.9462445974349976
0.23557709157466888
0.25943464040756226
0.2742750644683838
0.6621139645576477
0.37968289852142334
0.9641058444976807
0.7985864281654358
0.673678994178772
0.12829913198947906
0.031086759641766548
0.4650823771953583
0.06430694460868835
0.6077799201011658
0.6704275608062744
0.8885961174964905
0.5020692944526672
0.2884213924407959
0.9522929787635803
0.969822883605957
0.22185549139976501
0.8481824994087219
0.8119160532951355
0.35034868121147156
0.53616863489151
0.9932307004928589
0.3083159029483795
0.848471462726593
0.8735241889953613
0.5534234642982483
0.606536865234375
0.13847747445106506
0.747909426689148
0.8611651062965393
0.027233272790908813
0.5474963784217834
0.66524338722229
0.5694215893745422
0.4981851279735565
0.37801438570022583
0.21384277939796448
0.6873590350151062
0.6324112415313721
0.28341129422187805
0.6280602812767029
0.20658326148986816
0.7332938313484192
0.48770463466644287
0.4549514353275299
0.1607668101787567
0.7795770764350891
0.8745015263557434
0.9354122281074524
0.593133807182312
0.6870262622833252
0.07449465245008469
0.40093857049942017
0.9775430560112
0.9667200446128845
0.42123177647590637
0.9260454177856445
0.8991414308547974
0.7711015939712524
0.34702634811401367
0.9769774079322815
0.06613411009311676
0.24153092503547668
0.08937948942184448
0.6617225408554077
0.927278995513916
0.837063193321228
0.10865672677755356
0.9516972303390503
0.3502780497074127
0.5566962361335754
0.770924985408783
0.8189829587936401
0.8657447099685669
0.8706731796264648
0.8476666212081909
0.6872403621673584
0.030867693945765495
0.9704398512840271
0.5057136416435242
0.7700469493865967
0.7196487784385681
0.9588695764541626
0.6256511807441711
0.007641319651156664
0.9926847815513611
0.28936976194381714
0.015415563248097897
0.39824333786964417
0.6934632658958435
0.9198682904243469
0.17075371742248535
0.3568418622016907
0.6583914756774902
0.24451889097690582
0.7754606008529663
0.1585223227739334
0.3384028375148773
0.3081306517124176
0.3185725510120392
0.8497273921966553
0.11275534331798553
0.4094003140926361
0.8720545768737793
0.5378028750419617
0.9216423034667969
0.5337142944335938
0.6335340738296509
0.6955467462539673
0.5036208629608154
0.26707544922828674
0.5553457140922546
0.3833710551261902
0.32845866680145264
0.7738075256347656
0.943731427192688
0.03238315135240555
0.536635160446167
0.8827859163284302
0.31245625019073486
0.9403622150421143
0.928454577922821
0.37131446599960327
0.8341367244720459
0.04931124299764633
0.6233401298522949
0.8122324347496033
0.9439088106155396
0.6705855131149292
0.8089366555213928
0.5472413301467896
0.7859131693840027
0.6197767853736877
0.08510884642601013
0.6342943906784058
0.8125317692756653
0.00741348834708333
0.9171077609062195
0.29067543148994446
0.9704751968383789
0.3900832533836365
0.47091153264045715
0.6362515091896057
0.7271971702575684
0.9897826910018921
0.8542011976242065
0.725419819355011
0.007118822541087866
0.4821617901325226
0.42182955145835876
0.5751590132713318
0.2653622627258301
0.7762021422386169
0.3901975154876709
0.08626437187194824
0.14082257449626923
0.8333077430725098
0.3503975570201874
0.5305899977684021
0.20293007791042328
0.8707132339477539
0.7758955359458923
0.14763431251049042
0.06591755896806717
0.9828822612762451
0.3944850564002991
0.7203688025474548
0.7923939824104309
0.028203971683979034
0.8101769089698792
0.4461863934993744
0.03365129232406616
0.929779589176178
0.917186975479126
0.9957976937294006
0.7082895040512085
0.1905791461467743
0.8870062232017517
0.5060923099517822
0.12304270267486572
0.20394858717918396
0.7891700267791748
0.25507715344429016
0.7090409398078918
0.445560097694397
0.560583770275116
0.29071131348609924
0.6133444309234619
0.1461995542049408
0.5848671793937683
0.8209467530250549
0.9181267023086548
0.3909607529640198
0.014451878145337105
0.7404347658157349
0.7654955387115479
0.6923295855522156
0.22805039584636688
0.8151733875274658
0.7640296816825867
0.9373766183853149
0.09070069342851639
0.49397096037864685
0.43680381774902344
0.060820288956165314
0.26859062910079956
0.3188963830471039
0.5406360626220703
0.9354251027107239
0.6869705319404602
0.4545412063598633
0.19355547428131104
0.6506691575050354
0.494733989238739
0.9502847790718079
0.5021862387657166
0.6683234572410583
0.03733810409903526
0.5824159979820251
0.2879040241241455
0.49629759788513184
0.4053031802177429
0.3997747600078583
0.6000661849975586
0.7535275220870972
0.904631495475769
0.7772306799888611
0.4768671691417694
0.033565953373909
0.25459471344947815
0.17541839182376862
0.2719497084617615
0.9648033976554871
0.10800782591104507
0.906111478805542
0.5444547533988953
0.22686904668807983
0.9558849334716797
0.6833286881446838
0.00828411616384983
0.27290335297584534
0.2657344341278076
0.07218415290117264
0.1730230748653412
0.09752853959798813
0.13599464297294617
0.3945780396461487
0.3043479323387146
0.6664904356002808
0.5246835947036743
0.5967076420783997
0.7349895238876343
0.6623948216438293
0.17358531057834625
0.789508581161499
0.5043158531188965
0.3915387690067291
0.4231320321559906
0.6839285492897034
0.3269943594932556
0.6990621089935303
0.25666579604148865
0.11090324819087982
0.5865015387535095
0.2495567500591278
0.2962571978569031
0.9074415564537048
0.5167900919914246
0.8439874649047852
0.12214570492506027
0.03500799462199211
0.535976231098175
0.08938609063625336
0.32258889079093933
0.4180728793144226
0.010447508655488491
0.12511304020881653
0.23451337218284607
0.5402151346206665
0.3590615689754486
0.33023470640182495
0.3795531094074249
0.3161700367927551
0.25507116317749023
0.6562700867652893
0.2326713502407074
0.06766656786203384
0.14180393517017365
0.7628819942474365
0.10863229632377625
0.313439279794693
0.6694098711013794
0.0688447505235672
0.8520846366882324
0.39513736963272095
0.3302750289440155
0.20145760476589203
0.8848432302474976
0.8663183450698853
0.5036200881004333
0.5242138504981995
0.26530662178993225
0.14345724880695343
0.1114487573504448
0.9221475720405579
0.611264169216156
0.5393465161323547
0.6925344467163086
0.008129149675369263
0.22728225588798523
0.6834624409675598
0.8865597248077393
0.36241674423217773
0.29229381680488586
0.48803552985191345
0.02096882089972496
0.429614394903183
0.2807861268520355
0.9357328414916992
0.4715920686721802
0.6706253886222839
0.01960538886487484
0.7491385340690613
0.5058597326278687
0.8305925726890564
0.624948263168335
0.20729856193065643
0.09998489171266556
0.3996606767177582
0.6183799505233765
0.7741806507110596
0.28624048829078674
0.38490772247314453
0.8283233046531677
0.27511104941368103
0.7491970658302307
0.4987390339374542
0.7058113217353821
0.16085441410541534
0.09838084131479263
0.48236343264579773
0.33843401074409485
0.3288936913013458
0.1564035564661026
0.7652696967124939
0.6229498982429504
0.6505984663963318
0.43729275465011597
0.5351839065551758
0.5647637844085693
0.502946138381958
0.7334848046302795
0.02868812344968319
0.9580697417259216
0.6147851943969727
0.9217917323112488
0.8449245095252991
0.9852573275566101
0.023128265514969826
0.21054725348949432
0.04653339460492134
0.4206008315086365
0.6197134852409363
0.5628712773323059
0.8229740858078003
0.8526894450187683
0.19567549228668213
0.6879875063896179
0.8353621959686279
0.88959139585495
0.8578188419342041
0.8243163228034973
0.9041433334350586
0.031992360949516296
0.11700152605772018
0.1646716296672821
0.06542310118675232
0.8456250429153442
0.9484549164772034
0.10308244824409485
0.7801387906074524
0.647063672542572
0.2177656888961792
0.9653390645980835
0.7922033667564392
0.8807457685470581
0.4422045946121216
0.25311604142189026
0.9729433059692383
0.9656111001968384
0.44440191984176636
0.45125630497932434
0.6972096562385559
0.7608820796012878
0.7505860924720764
0.195738285779953
0.6730936765670776
0.3702569603919983
0.5838364958763123
0.145025372505188
0.23008398711681366
0.7192702889442444
0.731367826461792
0.18793661892414093
0.6865285634994507
0.4033415615558624
0.44496503472328186
0.601574182510376
0.5533844232559204
0.6135415434837341
0.3449588716030121
0.5718075037002563
0.033968888223171234
0.6029813289642334
0.7505105137825012
0.8822596073150635
0.21481665968894958
0.39796099066734314
0.4259241223335266
0.13288834691047668
0.32908424735069275
0.4184345602989197
0.6197943091392517
0.6037008166313171
0.4728084206581116
0.36274778842926025
0.07594714313745499
0.3650658130645752
0.2023422122001648
0.6620915532112122
0.9480023384094238
0.8440267443656921
0.4648979604244232
0.26299551129341125
0.991349458694458
0.46378442645072937
0.16631627082824707
0.5488022565841675
0.09864825755357742
0.978473424911499
0.45783689618110657
0.8609604835510254
0.4865776300430298
0.9857885837554932
0.7479856014251709
0.5260672569274902
0.1460815668106079
0.3461241126060486
0.558782696723938
0.07629204541444778
0.3801233172416687
0.4279703199863434
0.03626376390457153
0.31332483887672424
0.5038045048713684
0.05663342401385307
0.7099648118019104
0.6331997513771057
0.13388150930404663
0.2365795224905014
0.7095105051994324
0.9535594582557678
0.27275192737579346
0.40617111325263977
0.24156862497329712
0.4896475076675415
0.2795337736606598
0.8020318746566772
0.7545046806335449
0.6053319573402405
0.35577651858329773
0.22065158188343048
0.27470865845680237
0.407002329826355
0.10738898813724518
0.13089804351329803
0.7916694283485413
0.48359954357147217
0.9152105450630188
0.2976166009902954
0.1295318603515625
0.5966057181358337
0.7644758224487305
0.9303604364395142
0.6863985061645508
0.4872552454471588
0.464977502822876
0.8284507989883423
0.170331209897995
0.23820295929908752
0.9640768766403198
0.07389246672391891
0.8774384260177612
0.961420476436615
0.26750874519348145
0.04796411097049713
0.4441283345222473
0.02126971259713173
0.08328890800476074
0.9864727258682251
0.24617783725261688
0.07503953576087952
0.49990755319595337
0.32505306601524353
0.10508045554161072
0.13731643557548523
0.9770413041114807
0.9357949495315552
0.8721567392349243
0.3665887117385864
0.007779818028211594
0.7986683249473572
0.25862446427345276
0.4316265285015106
0.4853553771972656
0.3616108000278473
0.21950089931488037
0.20702840387821198
0.7079970836639404
0.06357455253601074
0.8984259963035583
0.102675661444664
0.5487215518951416
0.6087741851806641
0.6958741545677185
0.41588783264160156
0.2330373376607895
0.8332584500312805
0.3728294372558594
0.426687091588974
0.268777072429657
0.5648982524871826
0.019795428961515427
0.9844555258750916
0.9999567866325378
0.9852873086929321
0.961365818977356
0.5281752347946167
0.7740148305892944
0.19059444963932037
0.47367873787879944
0.8239818215370178
0.7133427262306213
0.7542006373405457
0.5550625920295715
0.8827515840530396
0.5522392392158508
0.9458044171333313
0.6276569962501526
0.5078569650650024
0.6024715304374695
0.13071173429489136
0.4353655278682709
0.6285322904586792
0.5852500796318054
0.07206257432699203
0.45538273453712463
0.3396407663822174
0.3787596821784973
0.31792473793029785
0.4905300736427307
0.9176523089408875
0.707784116268158
0.40800246596336365
0.3520401120185852
0.6486310958862305
0.7656466364860535
0.9243152141571045
0.053206462413072586
0.04222451150417328
0.4850625693798065
0.5608843564987183
0.08689430356025696
0.2266252636909485
0.8976535201072693
0.1345905363559723
0.3375779092311859
0.3183007836341858
0.8097769618034363
0.7697900533676147
0.8912064433097839
0.5627349615097046
0.6634802222251892
0.7266193628311157
0.9617466330528259
0.11844726651906967
0.5968944430351257
0.7736071348190308
0.22055524587631226
0.21324509382247925
0.9533464312553406
0.9512487649917603
0.0830116793513298
0.2902066707611084
0.1729063242673874
0.7183030247688293
0.502323567867279
0.3375353515148163
0.5372123122215271
0.6203966736793518
0.1174803376197815
0.7023001909255981
0.33435529470443726
0.6768372654914856
0.5990991592407227
0.19691863656044006
0.04125602915883064
0.6014926433563232
0.6705979704856873
0.018216444179415703
0.21843206882476807
0.6869739294052124
0.15151740610599518
0.9806283712387085
0.5609384775161743
0.11895713955163956
0.9085718393325806
0.8375017046928406
0.20113566517829895
0.13837429881095886
0.9528162479400635
0.3594505190849304
0.10787970572710037
0.3485881984233856
0.4998944103717804
0.05798531696200371
0.7287936806678772
0.010091779753565788
0.2794247269630432
0.057886041700839996
0.09368747472763062
0.3582310080528259
0.7680375576019287
0.5266812443733215
0.7989562153816223
0.5023130178451538
0.762238621711731
0.05244508385658264
0.010250070132315159
0.27080047130584717
0.551364004611969
0.11471272259950638
0.9326613545417786
0.10052043944597244
0.19895939528942108
0.7753535509109497
0.3246671259403229
0.03531762212514877
0.5064156651496887
0.8306843638420105
0.7791363596916199
0.8607296347618103
0.3863324522972107
0.34086874127388
0.19690480828285217
0.5692064166069031
0.2960948646068573
0.20977677404880524
0.9782835841178894
0.44952747225761414
0.38191094994544983
0.8599984645843506
0.202570840716362
0.45968130230903625
0.40859454870224
0.8333684206008911
0.9204005599021912
0.10633256286382675
0.13224762678146362
0.5472414493560791
0.35441160202026367
0.4612221121788025
0.565106987953186
0.6809167861938477
0.18746447563171387
0.5271661877632141
0.5993124842643738
0.34540313482284546
0.784323513507843
0.916881263256073
0.7150774598121643
0.3557227551937103
0.14852756261825562
0.5180041790008545
0.20390376448631287
0.7119718790054321
0.6569803953170776
0.9824836254119873
0.19279257953166962
0.6642328500747681
0.050925154238939285
0.9476712942123413
0.028216160833835602
0.9864743947982788
0.9895987510681152
0.4556578993797302
0.9076461791992188
0.15172994136810303
0.12973709404468536
0.2597203254699707
0.34647083282470703
0.4650784432888031
0.8638396263122559
0.5344263315200806
0.24986577033996582
0.3889293372631073
0.6685217022895813
0.6021290421485901
0.15540359914302826
0.8306722640991211
0.8896209001541138
0.2800762355327606
0.012145868502557278
0.8226237893104553
0.25664299726486206
0.4560258090496063
0.3510057330131531
0.8393886685371399
0.7703503966331482
0.6455335021018982
0.5939729809761047
0.8213637471199036
0.8473103046417236
0.0438976027071476
0.9711209535598755
0.45001617074012756
0.14576345682144165
0.8865485787391663
0.14353957772254944
0.5467070937156677
0.36617758870124817
0.8793433904647827
0.06779472529888153
0.9973235726356506
0.878449559211731
0.6320220828056335
0.8745401501655579
0.1662246137857437
0.7228667736053467
0.044161293655633926
0.6233923435211182
0.11135970801115036
0.5902034044265747
0.042732954025268555
0.21441538631916046
0.25230875611305237
0.6606178283691406
0.7590567469596863
0.569601833820343
0.5944518446922302
0.9696249961853027
0.96626877784729
0.053335756063461304
0.4713386297225952
0.35074031352996826
0.0281559769064188
0.3470088541507721
0.9634377956390381
0.010377434082329273
0.07868141680955887
0.9432212114334106
0.8131470680236816
0.606423020362854
0.482426255941391
0.8171130418777466
0.7045603394508362
0.4810468256473541
0.32175496220588684
0.8053562045097351
0.25520020723342896
0.024239415302872658
0.8939501047134399
0.581392228603363
0.7385533452033997
0.9804250001907349
0.8052611947059631
0.8774935007095337
0.4991469085216522
0.725844144821167
0.3204626739025116
0.38500452041625977
0.9588130712509155
0.2716706693172455
0.5267927050590515
0.6463302373886108
0.4953683912754059
0.18577687442302704
0.4336927831172943
0.0681772455573082
0.8812874555587769
0.32260045409202576
0.3253532350063324
0.3584590554237366
0.10204911977052689
0.552299439907074
0.4512714147567749
0.8185920715332031
0.17157715559005737
0.23251380026340485
0.7797723412513733
0.74891197681427
0.4315093159675598
0.7386362552642822
0.5577932000160217
0.9274008274078369
0.06635354459285736
0.9698039889335632
0.24863554537296295
0.810998797416687
0.5337115526199341
0.6334033012390137
0.20262964069843292
0.33425116539001465
0.70477294921875
0.2567330300807953
0.2513412535190582
0.39648136496543884
0.4994350075721741
0.7411530613899231
0.4685783386230469
0.9383219480514526
0.7432610988616943
0.7809065580368042
0.2383042275905609
0.6712874174118042
0.32777756452560425
0.17335106432437897
0.11582012474536896
0.5764902830123901
0.35387808084487915
0.4189416766166687
0.7755892872810364
0.08407974243164062
0.740477979183197
0.6831659078598022
0.8221608996391296
0.7724257707595825
0.4179579019546509
0.7852054834365845
0.5217654705047607
0.4953518211841583
0.2040128856897354
0.8300755023956299
0.8765186071395874
0.16063493490219116
0.7455020546913147
0.03542459383606911
0.15460769832134247
0.9417650699615479
0.5151423215866089
0.18732072412967682
0.17884746193885803
0.4384446144104004
0.10982903093099594
0.036625079810619354
0.159498929977417
0.3504408895969391
0.1594332605600357
0.06357846409082413
0.0127089349552989
0.5456527471542358
0.002873722929507494
0.05981452763080597
0.9574049115180969
0.442067414522171
0.33402779698371887
0.13702668249607086
0.854938805103302
0.04247487708926201
0.9475653767585754
0.601440966129303
0.8245222568511963
0.5321500897407532
0.14063602685928345
0.9315481781959534
0.20227785408496857
0.5972455143928528
0.6326208710670471
0.5236456990242004
0.4792475402355194
0.9793595671653748
0.6368715763092041
0.30701395869255066
0.24064138531684875
0.9720896482467651
0.27531611919403076
0.12709423899650574
0.29220226407051086
0.3380347192287445
0.8857508301734924
0.4811192452907562
0.5944840908050537
0.7368465065956116
0.44740062952041626
0.24481450021266937
0.6101028919219971
0.28553733229637146
0.4548177719116211
0.6538059115409851
0.02686498872935772
0.5438346862792969
0.23704595863819122
0.5512951016426086
0.8413859009742737
0.10397592931985855
0.6360440254211426
0.5787895321846008
0.31451261043548584
0.7397235631942749
0.037890102714300156
0.49128469824790955
0.5012770891189575
0.1812615543603897
0.8092670440673828
0.7651430368423462
0.6692388653755188
0.8611255288124084
0.5881833434104919
0.3217681348323822
0.7253594398498535
0.07151907682418823
0.7940948009490967
0.586441695690155
0.5637742280960083
0.9444356560707092
0.783737301826477
0.7935475707054138
0.3585415482521057
0.7201948165893555
0.6463674902915955
0.8130719065666199
0.057523585855960846
0.006392758805304766
0.21397101879119873
0.28886669874191284
0.8157384395599365
0.7581683993339539
0.7776810526847839
0.8087760210037231
0.6574335098266602
0.6329487562179565
0.7228273153305054
0.38844066858291626
0.8331350684165955
0.8152192831039429
0.30849477648735046
0.10351156443357468
0.20800486207008362
0.22385701537132263
0.13877801597118378
0.02742386795580387
0.7210432887077332
0.8068236112594604
0.7177850604057312
0.06718650460243225
0.34754180908203125
0.10453097522258759
0.7120493650436401
0.35851141810417175
0.11453600972890854
0.6612065434455872
0.7846961617469788
0.6938673853874207
0.937322735786438
0.41546469926834106
0.8656326532363892
0.004493676591664553
0.976871132850647
0.4906297028064728
0.3093589246273041
0.16350337862968445
0.13819891214370728
0.06710997223854065
0.9063018560409546
0.9859503507614136
0.533748209476471
0.7256307601928711
0.3032415807247162
0.12507393956184387
0.29958590865135193
0.2884830832481384
0.43580934405326843
0.47621533274650574
0.17534980177879333
0.5400663018226624
0.5737107396125793
0.9102185964584351
0.08084814995527267
0.4331737756729126
0.5830000638961792
0.29328250885009766
0.059751469641923904
0.9279559850692749
0.003573864232748747
0.4706360399723053
0.48471716046333313
0.2513325810432434
0.5551119446754456
0.4783370792865753
0.5677287578582764
0.7681046724319458
0.46805790066719055
0.08625343441963196
0.16352854669094086
0.8426741361618042
0.5022241473197937
0.8224411606788635
0.7595311999320984
0.7372230291366577
0.08554384857416153
0.9583578705787659
0.7199671268463135
0.05476146563887596
0.05141547694802284
0.5390727519989014
0.12214517593383789
0.6785035729408264
0.08132405579090118
0.2137896567583084
0.2935994863510132
0.45080462098121643
0.10802356153726578
0.4617196321487427
0.4831468164920807
0.7829007506370544
0.07926761358976364
0.3829805552959442
0.927092969417572
0.7628511190414429
0.3474779427051544
0.9063736796379089
0.6777006983757019
0.14047595858573914
0.021682407706975937
0.6159181594848633
0.5206617712974548
0.3514114320278168
0.6442136764526367
0.851594865322113
0.33163079619407654
0.7450206875801086
0.058820389211177826
0.3217802345752716
0.47629299759864807
0.7823933959007263
0.38821083307266235
0.5559744834899902
0.01760035753250122
0.8941560387611389
0.9188993573188782
0.8143981695175171
0.42908453941345215
0.517126202583313
0.7728038430213928
0.354025661945343
0.359392911195755
0.5470020174980164
0.9251399040222168
0.7671921849250793
0.5880236029624939
0.719130277633667
0.4993787407875061
0.5104760527610779
0.5366247296333313
0.15158280730247498
0.6909579038619995
0.14668938517570496
0.6615030169487
0.5101140737533569
0.7013519406318665
0.3199143409729004
0.6058916449546814
0.4774714410305023
0.5740680694580078
0.660878598690033
0.11655936390161514
0.17971046268939972
0.8603727221488953
0.2594525218009949
0.15868525207042694
0.2771131694316864
0.7460356950759888
0.09221556782722473
0.11761453002691269
0.4596453011035919
0.8473100662231445
0.3541526794433594
0.5251656770706177
0.1673373579978943
0.10471723228693008
0.8601722717285156
0.5807586908340454
0.07119949162006378
0.2835657000541687
0.3482661545276642
0.2626258134841919
0.2633947730064392
0.6863597631454468
0.976452648639679
0.003391105681657791
0.08070240169763565
0.4498598277568817
0.12166096270084381
0.4372086226940155
0.8006554841995239
0.060181859880685806
0.8341788053512573
0.15264646708965302
0.31177738308906555
0.28490063548088074
0.6870047450065613
0.5779218077659607
0.35198965668678284
0.10799230635166168
0.9700065851211548
0.3090147376060486
0.29273656010627747
0.3132718801498413
0.8615833520889282
0.5870196223258972
0.26674237847328186
0.20114850997924805
0.6723586916923523
0.06130746006965637
0.6265387535095215
0.9866253137588501
0.5616229176521301
0.6786835193634033
0.09355447441339493
0.25445419549942017
0.47279080748558044
0.6002300977706909
0.136474609375
0.1350339651107788
0.14670871198177338
0.2274467647075653
0.13055524230003357
0.7094626426696777
0.37686604261398315
0.21117958426475525
0.1844223588705063
0.4767484962940216
0.7350741028785706
0.9339932799339294
0.6077937483787537
0.7012174725532532
0.38893193006515503
0.9840068817138672
0.2151622325181961
0.29712018370628357
0.1693422943353653
0.8858650922775269
0.5676416158676147
0.3720249831676483
0.5886295437812805
0.7362122535705566
0.41424354910850525
0.23145990073680878
0.09542439132928848
0.2745454013347626
0.18440985679626465
0.9398302435874939
0.6001359820365906
0.09327444434165955
0.8065990805625916
0.29568159580230713
0.5939787030220032
0.9584552645683289
0.7745940089225769
0.7897405624389648
0.346603125333786
0.7816310524940491
0.9225831627845764
0.7677491307258606
0.21669042110443115
0.35663872957229614
0.30083179473876953
0.7032998204231262
0.11141487956047058
0.8082917928695679
0.5926728844642639
0.9186369180679321
0.9907907247543335
0.7479626536369324
0.09755248576402664
0.19196677207946777
0.03480249643325806
0.6254940629005432
0.5883288383483887
0.7602388858795166
0.4853552579879761
0.5685284733772278
0.8374336957931519
0.00475269602611661
0.3206338584423065
0.8848586678504944
0.4933454394340515
0.1717338114976883
0.3893658518791199
0.24016273021697998
0.046433329582214355
0.24541008472442627
0.3887655735015869
0.7716282606124878
0.04412979260087013
0.25268110632896423
0.07850384712219238
0.3475140631198883
0.5437925457954407
0.7979030609130859
0.8688704371452332
0.3661946654319763
0.6845183372497559
0.019111666828393936
0.19964633882045746
0.21284867823123932
0.6323724985122681
0.0877145379781723
0.0008484750869683921
0.01413117628544569
0.7414311170578003
0.5157413482666016
0.9893288612365723
0.6659567952156067
0.058030322194099426
0.3244706094264984
0.13728643953800201
0.8188765048980713
0.30283209681510925
0.6341589689254761
0.002141113393008709
0.5062196254730225
0.5763672590255737
0.9197207093238831
0.485368013381958
0.45516437292099
0.3799870014190674
0.6372154951095581
0.5369516015052795
0.4025666117668152
0.2646794021129608
0.658187210559845
0.2993832528591156
0.6408773064613342
0.6137737035751343
0.63087397813797
0.052997853606939316
0.37757381796836853
0.8758436441421509
0.9534626007080078
0.16665054857730865
0.08441221714019775
0.06345795840024948
0.12241066247224808
0.9484410881996155
0.7856005430221558
0.29265475273132324
0.45630374550819397
0.5448207855224609
0.849908173084259
0.23560236394405365
0.6019847393035889
0.45011547207832336
0.36078038811683655
0.15926493704319
0.24383407831192017
0.611352264881134
0.30764222145080566
0.5699332356452942
0.18255725502967834
0.2579968273639679
0.4712618589401245
0.6159429550170898
0.6745890974998474
0.6325761675834656
0.9014928936958313
0.4897693693637848
0.6237112879753113
0.5376717448234558
0.0040460568852722645
0.6127639412879944
0.8798803687095642
0.005103359930217266
0.5171866416931152
0.504205048084259
0.07804860919713974
0.9633423686027527
0.6758612990379333
0.9890451431274414
0.35302871465682983
0.40027064085006714
0.6078919172286987
0.45222407579421997
0.6266996264457703
0.4657253623008728
0.31539979577064514
0.6479129791259766
0.5542212128639221
0.2265719622373581
0.0804520770907402
0.8851501941680908
0.42815208435058594
0.2624685764312744
0.2187543511390686
0.7384944558143616
0.6472397446632385
0.7548344135284424
0.6059813499450684
0.23062339425086975
0.8119046092033386
0.4525158107280731
0.11381760239601135
0.5621865391731262
0.8469367623329163
0.16364546120166779
0.4660314619541168
0.936981201171875
0.12797467410564423
0.919855535030365
0.6266680359840393
0.5519851446151733
0.3823319673538208
0.3049062490463257
0.2547153830528259
0.013664484955370426
0.24241915345191956
0.5920571088790894
0.17461678385734558
0.18053752183914185
0.26722878217697144
0.21913085877895355
0.7089283466339111
0.7902711629867554
0.9563245177268982
0.37796372175216675
0.9567663073539734
0.9821170568466187
0.4453822374343872
0.11403973400592804
0.6437498331069946
0.3288581669330597
0.8735964894294739
0.32972419261932373
0.47238585352897644
0.06296192109584808
0.24768392741680145
0.42621713876724243
0.4890759587287903
0.7318446040153503
0.5160991549491882
0.0009763679699972272
0.5271898508071899
0.24553225934505463
0.7407301664352417
0.14705948531627655
0.8425742387771606
0.5633602142333984
0.8126301169395447
0.5415323376655579
0.7985007762908936
0.989865243434906
0.2778264880180359
0.929752767086029
0.003155476413667202
0.7889739274978638
0.439220666885376
0.4454140067100525
0.08016800880432129
0.3992553651332855
0.6871640682220459
0.3395485281944275
0.3982918858528137
0.8471651077270508
0.7566347718238831
0.3248702585697174
0.46019625663757324
0.019539184868335724
0.014024341478943825
0.19740204513072968
0.9745314717292786
0.13865824043750763
0.07607819139957428
0.6265914440155029
0.8247886896133423
0.5699673295021057
0.8893169164657593
0.08682508021593094
0.9966108202934265
0.801656186580658
0.308626651763916
0.5453267693519592
0.32168909907341003
0.3172208070755005
0.19752155244350433
0.46003368496894836
0.19705110788345337
0.39445748925209045
0.8863015174865723
0.2094782143831253
0.012868638150393963
0.8829300403594971
0.1776496022939682
0.034201715141534805
0.19200819730758667
0.8718353509902954
0.9794519543647766
0.7544183135032654
0.553429126739502
0.06565076857805252
0.04278837516903877
0.6909586191177368
0.8841579556465149
0.7907895445823669
0.2409174144268036
0.3232031464576721
0.36386963725090027
0.4354633092880249
0.9846819639205933
0.14225053787231445
0.22221484780311584
0.4285343289375305
0.4932037889957428
0.10858278721570969
0.1037888303399086
0.8323816657066345
0.8257430195808411
0.9192368388175964
0.4415724277496338
0.3150697350502014
0.5095223784446716
0.9467276334762573
0.1700250208377838
0.18143847584724426
0.44882097840309143
0.7545045614242554
0.9335233569145203
0.8012692332267761
0.07696188986301422
0.7926105260848999
0.8248512148857117
0.24956145882606506
0.12804687023162842
0.18190328776836395
0.29264476895332336
0.21489600837230682
0.21834643185138702
0.7603955268859863
0.3331373333930969
0.694364607334137
0.8156383037567139
0.019928675144910812
0.4336109757423401
0.13156861066818237
0.8429129123687744
0.8874224424362183
0.6257883310317993
0.4968378245830536
0.3565182387828827
0.5137024521827698
0.34278085827827454
0.31029409170150757
0.4125823378562927
0.7914683818817139
0.4905289113521576
0.7976468205451965
0.49586325883865356
0.1581706702709198
0.8177307844161987
0.1448388248682022
0.9749470353126526
0.4000527560710907
0.5351913571357727
0.8188017010688782
0.042336199432611465
0.09338600933551788
0.3581498861312866
0.05800584331154823
0.060069549828767776
0.8215677738189697
0.7323310375213623
0.09773633629083633
0.5067411065101624
0.0977180227637291
0.979236364364624
0.9576122164726257
0.1657835841178894
0.36671990156173706
0.06360980123281479
0.5147302150726318
0.6933594942092896
0.2992689907550812
0.5209977626800537
0.7872266173362732
0.15557274222373962
0.8707792162895203
0.24316711723804474
0.8808631300926208
0.05392436683177948
0.9164494276046753
0.034662626683712006
0.7922448515892029
0.8287960886955261
0.08766210824251175
0.6252503991127014
0.8073900938034058
0.002559318672865629
0.6679158210754395
0.9004984498023987
0.7372439503669739
0.0784287229180336
0.19317105412483215
0.5317471623420715
0.47777634859085083
0.6162002086639404
0.19705606997013092
0.6291716694831848
0.5706620216369629
0.12817968428134918
0.6107662916183472
0.8462312817573547
0.4710659682750702
0.2724861204624176
0.15165545046329498
0.7448765635490417
0.817253053188324
0.36033371090888977
0.06197352334856987
0.4112255275249481
0.12159964442253113
0.8436155319213867
0.5284456610679626
0.8440464735031128
0.06983604282140732
0.4612800180912018
0.9945973753929138
0.02689630351960659
0.30535125732421875
0.17566615343093872
0.5412670969963074
0.9295169711112976
0.20242434740066528
0.6761466860771179
0.9217180609703064
0.756637692451477
0.7350504398345947
0.6220688223838806
0.5263269543647766
0.7496349811553955
0.07369858026504517
0.2117205411195755
0.39470893144607544
0.5253869295120239
0.251799076795578
0.6152710914611816
0.1615602672100067
0.9296833276748657
0.15829415619373322
0.65073561668396
0.36780810356140137
0.2235584557056427
0.06480270624160767
0.6628014445304871
0.9939679503440857
0.5412474870681763
0.44728636741638184
0.6341848373413086
0.5307158827781677
0.20493336021900177
0.047209255397319794
0.6571449637413025
0.9550337791442871
0.35863831639289856
0.20726889371871948
0.822319746017456
0.5105754733085632
0.14947926998138428
0.17480745911598206
0.49664533138275146
0.39254361391067505
0.27791327238082886
0.8321136832237244
0.36969009041786194
0.9578018188476562
0.5907655954360962
0.022632334381341934
0.28569620847702026
0.1482543796300888
0.8422617316246033
0.3730979561805725
0.5556981563568115
0.5660789608955383
0.1274142563343048
0.9200258851051331
0.7299358248710632
0.3477233350276947
0.15436320006847382
0.37491580843925476
0.4101552963256836
0.5365227460861206
0.6881172060966492
0.4952414929866791
0.4321262240409851
0.22615592181682587
0.6041517853736877
0.2981843948364258
0.10725496709346771
0.17851822078227997
0.9888028502464294
0.4349188208580017
0.22709493339061737
0.639057993888855
0.7920049428939819
0.791438639163971
0.26081424951553345
0.491178035736084
0.8012805581092834
0.2937667667865753
0.5287919044494629
0.4796501398086548
0.5546362996101379
0.6832849979400635
0.5726397037506104
0.7329830527305603
0.8600325584411621
0.3537789285182953
0.5080707669258118
0.4104445278644562
0.4008890390396118
0.23241037130355835
0.03424873203039169
0.005334039684385061
0.8222472667694092
0.2308637499809265
0.5355798602104187
0.5309252142906189
0.8458947539329529
0.25287485122680664
0.10394855588674545
0.5264047980308533
0.09363633394241333
0.19129391014575958
0.04634426161646843
0.9416112899780273
0.828985869884491
0.5685005784034729
0.9518235325813293
0.22089673578739166
0.10276926308870316
0.6668062210083008
0.5020508766174316
0.4636927843093872
0.2568075954914093
0.2665138244628906
0.9734464287757874
0.7482475638389587
0.7349244952201843
0.9832116961479187
0.5090276598930359
0.48012807965278625
0.7375427484512329
0.5656226277351379
0.4374423921108246
0.35867026448249817
0.8511494994163513
0.5164498686790466
0.042201027274131775
0.8753052949905396
0.07706494629383087
0.938463032245636
0.15407557785511017
0.3764042258262634
0.8859947919845581
0.353809654712677
0.6631432175636292
0.9911316633224487
0.3539257049560547
0.7572575211524963
0.8334936499595642
0.7855449318885803
0.7336965799331665
0.006655843462795019
0.3865433633327484
0.15083661675453186
0.635705828666687
0.7528504133224487
0.7929709553718567
0.33692964911460876
0.10430531203746796
0.5047910809516907
0.588358998298645
0.4563239812850952
0.33536213636398315
0.4132051169872284
0.5952529311180115
0.9253060817718506
0.7618423700332642
0.785774827003479
0.2549346089363098
0.4788953959941864
0.8680394291877747
0.4513412117958069
0.4426414370536804
0.5440164804458618
0.6209858655929565
0.6972565650939941
0.7540223002433777
0.6679771542549133
0.8489605784416199
0.9555433392524719
0.02002752386033535
0.8959996104240417
0.36215537786483765
0.44718483090400696
0.11980672925710678
0.9835213422775269
0.35511186718940735
0.984565019607544
0.9670818448066711
0.26698458194732666
0.4971354901790619
0.7746235728263855
0.6899532079696655
0.1468498706817627
0.9905004501342773
0.5935357213020325
0.692251443862915
0.169711634516716
0.17859631776809692
0.9004786610603333
0.4836042523384094
0.6522927284240723
0.9087127447128296
0.2237744778394699
0.20312264561653137
0.438344806432724
0.6642621159553528
0.9526576399803162
0.2071242779493332
0.88552325963974
0.6665876507759094
0.2730655372142792
0.43715476989746094
0.7924449443817139
0.3727087378501892
0.794084370136261
0.09439010173082352
0.8291716575622559
0.9167346358299255
0.6981950402259827
0.6989940404891968
0.7846497297286987
0.279025673866272
0.9495574235916138
0.6458377838134766
0.11592095345258713
0.8388453722000122
0.5228935480117798
0.4138738811016083
0.5161985158920288
0.2504604160785675
0.1547703742980957
0.2718891501426697
0.38957440853118896
0.8862594962120056
0.31685441732406616
0.48665541410446167
0.7949315905570984
0.7621469497680664
0.14500738680362701
0.47543254494667053
0.4998917579650879
0.6263179779052734
0.8474214673042297
0.29952841997146606
0.44891324639320374
0.36335575580596924
0.04934389516711235
0.6101183891296387
0.7819686532020569
0.20561647415161133
0.8530756235122681
0.6307504773139954
0.7640610337257385
0.8576018214225769
0.6380206942558289
0.6750244498252869
0.44041377305984497
0.4649578928947449
0.43624347448349
0.5874993801116943
0.4941348135471344
0.6799861788749695
0.911139190196991
0.800252377986908
0.4683152437210083
0.5600613951683044
0.29660892486572266
0.3050330877304077
0.9727745652198792
0.03461495414376259
0.3794626295566559
0.23588648438453674
0.21393200755119324
0.5207470059394836
0.7993233799934387
0.3301592469215393
0.6619666218757629
0.1881379634141922
0.42709049582481384
0.589423418045044
0.5821230411529541
0.9778149127960205
0.39300256967544556
0.5520979762077332
0.32438379526138306
0.3900008797645569
0.5821971297264099
0.7609301209449768
0.7943786978721619
0.4316021800041199
0.6026168465614319
0.27853307127952576
0.001402668422088027
0.12035902589559555
0.16455024480819702
0.061593830585479736
0.6286576986312866
0.9817412495613098
0.3001706302165985
0.3411206007003784
0.390676349401474
0.3711717128753662
0.023373113945126534
0.027528414502739906
0.25399330258369446
0.6899825930595398
0.23458535969257355
0.633013129234314
0.5882874131202698
0.7817975282669067
0.7563604116439819
0.7404544353485107
0.8682775497436523
0.11941352486610413
0.3812658488750458
0.5036522150039673
0.7935158014297485
0.6454361081123352
0.18120718002319336
0.6244411468505859
0.5479872226715088
0.422539621591568
0.3910119831562042
0.2911757826805115
0.9521761536598206
0.9825206398963928
0.1710825264453888
0.04777742177248001
0.5764736533164978
0.6269272565841675
0.24974185228347778
0.11288435757160187
0.7256958484649658
0.6446689963340759
0.7856376767158508
0.9499243497848511
0.4739127457141876
0.6654213666915894
0.24659761786460876
0.04515081271529198
0.0006990378606133163
0.4618922472000122
0.5942245721817017
0.5470906496047974
0.3331631124019623
0.6766054034233093
0.4139738082885742
0.9032509922981262
0.5483391284942627
0.7067243456840515
0.5516036152839661
0.0535195916891098
0.033837370574474335
0.007629574742168188
0.8597156405448914
0.5517880916595459
0.1159185841679573
0.5498310923576355
0.5870888233184814
0.07806780189275742
0.2027612328529358
0.2775445580482483
0.8880420923233032
0.20706602931022644
0.3797580599784851
0.410648375749588
0.27642136812210083
0.4305797517299652
0.7193579077720642
0.6423171162605286
0.008077175356447697
0.17158372700214386
0.021372929215431213
0.5244213938713074
0.35350343585014343
0.6864661574363708
0.2747749090194702
0.3129870891571045
0.6695094704627991
0.1286155879497528
0.09902165085077286
0.4275997579097748
0.5514503121376038
0.8321993947029114
0.20767904818058014
0.3968222439289093
0.8652966618537903
0.11675626039505005
0.06767537444829941
0.6800938248634338
0.3231099843978882
0.5665203928947449
0.8227294683456421
0.5367575883865356
0.9212169051170349
0.6661703586578369
0.9990099668502808
0.3095683455467224
0.23995696008205414
0.3178326487541199
0.7778747081756592
0.7880556583404541
0.834534227848053
0.06644074618816376
0.07875413447618484
0.9172424077987671
0.28661349415779114
0.020241713151335716
0.16764606535434723
0.9516910910606384
0.5016873478889465
0.9801145195960999
0.8889861702919006
0.42137670516967773
0.4883113503456116
0.7021446824073792
0.40190789103507996
0.6150341629981995
0.37408900260925293
0.7915927171707153
0.30021995306015015
0.17357522249221802
0.1291896253824234
0.8473737239837646
0.0004351454845163971
0.6780269145965576
0.4896531105041504
0.6367371678352356
0.8023932576179504
0.7497662305831909
0.6402885317802429
0.48316970467567444
0.05799400061368942
0.37971585988998413
0.25548112392425537
0.5543942451477051
0.11974780261516571
0.3968033194541931
0.9396331906318665
0.5327879786491394
0.16940532624721527
0.012801737524569035
0.3011547029018402
0.7135156989097595
0.36413124203681946
0.3593239486217499
0.5406287908554077
0.29065874218940735
0.4293157160282135
0.6956652998924255
0.7870871424674988
0.18718717992305756
0.9852539896965027
0.44694143533706665
0.49978014826774597
0.4723115861415863
0.7643494009971619
0.49609625339508057
0.9047932624816895
0.409224271774292
0.5412273406982422
0.8887412548065186
0.7063302397727966
0.8158411383628845
0.7205817699432373
0.3453717529773712
0.966015636920929
0.08620797842741013
0.6120038032531738
0.14978936314582825
0.9182353019714355
0.6145683526992798
0.6650262475013733
0.4953053891658783
0.8493093848228455
0.670478880405426
0.885729193687439
0.24409423768520355
0.24479398131370544
0.9429703950881958
0.46381592750549316
0.49210190773010254
0.2046440690755844
0.5998181700706482
0.09885822236537933
0.9401021003723145
0.5136415958404541
0.09705768525600433
0.10740800946950912
0.36321234703063965
0.7148638367652893
0.7470115423202515
0.0691976547241211
0.6634417176246643
0.5993833541870117
0.8561984896659851
0.37109702825546265
0.8009099364280701
0.6163560152053833
0.8842886686325073
0.11968214809894562
0.2985391616821289
0.8349275588989258
0.0068777804262936115
0.2911355197429657
0.9960639476776123
0.3674200177192688
0.5957100987434387
0.17939455807209015
0.633588969707489
0.44506412744522095
0.6236363649368286
0.7038505673408508
0.6062654852867126
0.0680377259850502
0.04580015689134598
0.9774321913719177
0.5362188220024109
0.824022650718689
0.20044876635074615
0.5322285890579224
0.2885563373565674
0.7159366607666016
0.5592415928840637
0.9132806658744812
0.41148969531059265
0.9719862937927246
0.3988884687423706
0.30024808645248413
0.5209652781486511
0.7199240326881409
0.13470464944839478
0.7636809349060059
0.13907818496227264
0.8853722214698792
0.9076731204986572
0.503603458404541
0.9205173850059509
0.5363947153091431
0.48650872707366943
0.8753427863121033
0.4208446741104126
0.3082998991012573
0.20993134379386902
0.7783752679824829
0.6950550675392151
0.22093303501605988
0.3674944043159485
0.5787696242332458
0.639880359172821
0.396263986825943
0.6227967143058777
0.34807640314102173
0.5356307625770569
0.7743085026741028
0.046364881098270416
0.25065773725509644
0.6919329166412354
0.722610592842102
0.2924729585647583
0.4305175542831421
0.021187234669923782
0.019111745059490204
0.6672098636627197
0.3308512270450592
0.7935656905174255
0.19622430205345154
0.21981604397296906
0.7079848647117615
0.5465664267539978
0.7753911018371582
0.6144081354141235
0.8643590211868286
0.29502254724502563
0.47254371643066406
0.8721939921379089
0.8768705725669861
0.4466780722141266
0.5840764045715332
0.43350327014923096
0.4900370240211487
0.9894021153450012
0.20125290751457214
0.9872571229934692
0.33512812852859497
0.9145646691322327
0.868800699710846
0.8538265228271484
0.48719942569732666
0.6812180876731873
